REGION	POS	REF	ALT	REF_DP	REF_RV	REF_QUAL	ALT_DP	ALT_RV	ALT_QUAL	ALT_FREQ	TOTAL_DP	PVAL	PASS	GFF_FEATURE	REF_CODON	REF_AA	ALT_CODON	ALT_AA	POS_AA
NP|PP755592.1|A/cattle/Texas/24-008749-003/2024(H5N1)	144	A	C	7584	3067	29	93	0	30	0.0120983	7687	1.00214e-20	TRUE	NP:cds-XAJ25419.1	AAA	K	AAC	N	48
NP|PP755592.1|A/cattle/Texas/24-008749-003/2024(H5N1)	322	T	G	8121	4137	29	87	87	28	0.0105827	8221	0.373767	FALSE	NP:cds-XAJ25419.1	TTG	L	GTG	V	108
NP|PP755592.1|A/cattle/Texas/24-008749-003/2024(H5N1)	1140	A	G	3	0	30	8997	4490	30	0.998557	9010	0	TRUE	NP:cds-XAJ25419.1	GAA	E	GAG	E	380
NP|PP755592.1|A/cattle/Texas/24-008749-003/2024(H5N1)	1200	A	T	9072	4536	29	111	1	30	0.0120718	9195	4.45829e-24	TRUE	NP:cds-XAJ25419.1	AGA	R	AGT	S	400
