REGION	POS	REF	ALT	REF_DP	REF_RV	REF_QUAL	ALT_DP	ALT_RV	ALT_QUAL	ALT_FREQ	TOTAL_DP	PVAL	PASS	GFF_FEATURE	REF_CODON	REF_AA	ALT_CODON	ALT_AA	POS_AA
MP|PP755590.1|A/cattle/Texas/24-008749-003/2024(H5N1)	216	A	G	9	3	44	30238	14346	40	0.99957	30251	0	TRUE	M1:cds-XAJ25416.1	CGA	R	CGG	R	72
MP|PP755590.1|A/cattle/Texas/24-008749-003/2024(H5N1)	348	A	G	21	12	39	30343	16138	41	0.999078	30371	0	TRUE	M1:cds-XAJ25416.1	GCA	A	GCG	A	116
MP|PP755590.1|A/cattle/Texas/24-008749-003/2024(H5N1)	564	T	C	12	6	39	29477	14174	41	0.999525	29491	0	TRUE	M1:cds-XAJ25416.1	GCT	A	GCC	A	188
MP|PP755590.1|A/cattle/Texas/24-008749-003/2024(H5N1)	639	G	A	21	14	35	30111	14660	40	0.999237	30134	0	TRUE	M1:cds-XAJ25416.1	GTG	V	GTA	V	213
MP|PP755590.1|A/cattle/Texas/24-008749-003/2024(H5N1)	771	T	C	21	14	48	31512	14669	42	0.999239	31536	0	TRUE	M2:cds-XAJ25417.1	ATT	I	ACT	T	19
