REGION	POS	REF	ALT	REF_DP	REF_RV	REF_QUAL	ALT_DP	ALT_RV	ALT_QUAL	ALT_FREQ	TOTAL_DP	PVAL	PASS	GFF_FEATURE	REF_CODON	REF_AA	ALT_CODON	ALT_AA	POS_AA
PB2|PP755596.1|A/cattle/Texas/24-008749-003/2024(H5N1)	18	A	G	0	0	0	2083	175	35	1	2083	0	TRUE	PB2:cds-XAJ25426.1	GAA	E	GAG	E	6
PB2|PP755596.1|A/cattle/Texas/24-008749-003/2024(H5N1)	120	A	C	7690	1413	37	342	45	35	0.042532	8041	4.22075e-128	TRUE	PB2:cds-XAJ25426.1	GAA	E	GAC	D	40
PB2|PP755596.1|A/cattle/Texas/24-008749-003/2024(H5N1)	630	G	A	7	3	34	3443	2011	37	0.997682	3451	0	TRUE	PB2:cds-XAJ25426.1	GAG	E	GAA	E	210
PB2|PP755596.1|A/cattle/Texas/24-008749-003/2024(H5N1)	764	C	T	3	2	45	3585	1665	37	0.999164	3588	0	TRUE	PB2:cds-XAJ25426.1	GCA	A	GTA	V	255
PB2|PP755596.1|A/cattle/Texas/24-008749-003/2024(H5N1)	1043	A	G	3486	1987	37	86	45	35	0.0240761	3572	6.65184e-24	TRUE	PB2:cds-XAJ25426.1	AAC	N	AGC	S	348
PB2|PP755596.1|A/cattle/Texas/24-008749-003/2024(H5N1)	1085	G	A	2828	780	35	68	29	37	0.0234483	2900	1.03705e-23	TRUE	PB2:cds-XAJ25426.1	GGG	G	GAG	E	362
PB2|PP755596.1|A/cattle/Texas/24-008749-003/2024(H5N1)	1308	A	G	6	2	39	3554	1522	38	0.998315	3560	0	TRUE	PB2:cds-XAJ25426.1	AGA	R	AGG	R	436
PB2|PP755596.1|A/cattle/Texas/24-008749-003/2024(H5N1)	1521	A	G	0	0	0	3850	1705	38	1	3850	0	TRUE	PB2:cds-XAJ25426.1	CAA	Q	CAG	Q	507
PB2|PP755596.1|A/cattle/Texas/24-008749-003/2024(H5N1)	1785	C	T	3814	1634	38	269	164	36	0.0658829	4083	1.06743e-84	TRUE	PB2:cds-XAJ25426.1	TTC	F	TTT	F	595
