REGION	POS	REF	ALT	REF_DP	REF_RV	REF_QUAL	ALT_DP	ALT_RV	ALT_QUAL	ALT_FREQ	TOTAL_DP	PVAL	PASS	GFF_FEATURE	REF_CODON	REF_AA	ALT_CODON	ALT_AA	POS_AA
NA|PP755591.1|A/cattle/Texas/24-008749-003/2024(H5N1)	272	T	G	1294	330	32	50	50	29	0.0372024	1344	9.40912e-08	TRUE	NA:cds-XAJ25418.1	CTT	L	CGT	R	91
NA|PP755591.1|A/cattle/Texas/24-008749-003/2024(H5N1)	468	A	G	0	0	0	2021	904	33	1	2021	0	TRUE	NA:cds-XAJ25418.1	AGA	R	AGG	R	156
NA|PP755591.1|A/cattle/Texas/24-008749-003/2024(H5N1)	1289	G	C	1594	765	32	39	39	28	0.0238678	1634	0.000210405	TRUE	NA:cds-XAJ25418.1	AGG	R	ACG	T	430
NA|PP755591.1|A/cattle/Texas/24-008749-003/2024(H5N1)	1290	G	C	1701	919	32	22	22	28	0.0127536	1725	0.22327	FALSE	NA:cds-XAJ25418.1	AGG	R	AGC	S	430
