REGION	POS	REF	ALT	REF_DP	REF_RV	REF_QUAL	ALT_DP	ALT_RV	ALT_QUAL	ALT_FREQ	TOTAL_DP	PVAL	PASS	GFF_FEATURE	REF_CODON	REF_AA	ALT_CODON	ALT_AA	POS_AA
NS|PP755593.1|A/cattle/Texas/24-008749-003/2024(H5N1)	6	T	C	2	1	49	706	262	49	0.997175	708	0	TRUE	NEP:cds-XAJ25421.1	GAT	D	GAC	D	2
NS|PP755593.1|A/cattle/Texas/24-008749-003/2024(H5N1)	6	T	C	2	1	49	706	262	49	0.997175	708	0	TRUE	NS1:cds-XAJ25420.1	GAT	D	GAC	D	2
NS|PP755593.1|A/cattle/Texas/24-008749-003/2024(H5N1)	20	T	C	0	0	0	4147	1488	57	0.999759	4148	0	TRUE	NEP:cds-XAJ25421.1	TTA	L	TCA	S	7
NS|PP755593.1|A/cattle/Texas/24-008749-003/2024(H5N1)	20	T	C	0	0	0	4147	1488	57	0.999759	4148	0	TRUE	NS1:cds-XAJ25420.1	TTA	L	TCA	S	7
NS|PP755593.1|A/cattle/Texas/24-008749-003/2024(H5N1)	106	C	A	0	0	0	8515	3738	58	0.99953	8519	0	TRUE	NS1:cds-XAJ25420.1	CTC	L	ATC	I	36
NS|PP755593.1|A/cattle/Texas/24-008749-003/2024(H5N1)	183	G	A	3	0	70	11625	5371	68	0.999742	11628	0	TRUE	NS1:cds-XAJ25420.1	GGG	G	GGA	G	61
NS|PP755593.1|A/cattle/Texas/24-008749-003/2024(H5N1)	209	A	G	0	0	0	12100	5811	68	0.999917	12101	0	TRUE	NS1:cds-XAJ25420.1	GAG	E	GGG	G	70
NS|PP755593.1|A/cattle/Texas/24-008749-003/2024(H5N1)	222	T	C	3	1	66	12198	5916	66	0.999672	12202	0	TRUE	NS1:cds-XAJ25420.1	GAT	D	GAC	D	74
NS|PP755593.1|A/cattle/Texas/24-008749-003/2024(H5N1)	406	G	A	3	1	73	11467	5971	68	0.999651	11471	0	TRUE	NS1:cds-XAJ25420.1	GTG	V	ATG	M	136
NS|PP755593.1|A/cattle/Texas/24-008749-003/2024(H5N1)	602	T	A	0	0	0	12415	6279	66	0.999276	12424	0	TRUE	NEP:cds-XAJ25421.1	TCG	S	ACG	T	34
NS|PP755593.1|A/cattle/Texas/24-008749-003/2024(H5N1)	602	T	A	0	0	0	12415	6279	66	0.999276	12424	0	TRUE	NS1:cds-XAJ25420.1	TTC	F	TAC	Y	201
NS|PP755593.1|A/cattle/Texas/24-008749-003/2024(H5N1)	760	A	G	10352	5784	70	257	149	68	0.0242224	10610	3.04508e-120	TRUE	NEP:cds-XAJ25421.1	CAA	Q	CAG	Q	86
