REGION	POS	REF	ALT	REF_DP	REF_RV	REF_QUAL	ALT_DP	ALT_RV	ALT_QUAL	ALT_FREQ	TOTAL_DP	PVAL	PASS	GFF_FEATURE	REF_CODON	REF_AA	ALT_CODON	ALT_AA	POS_AA
PB2|PP755596.1|A/cattle/Texas/24-008749-003/2024(H5N1)	390	T	C	6	5	33	5859	3150	33	0.998977	5865	0	TRUE	PB2:cds-XAJ25426.1	TTT	F	TTC	F	130
PB2|PP755596.1|A/cattle/Texas/24-008749-003/2024(H5N1)	594	C	A	0	0	0	5432	3276	32	0.999448	5435	0	TRUE	PB2:cds-XAJ25426.1	ATC	I	ATA	I	198
PB2|PP755596.1|A/cattle/Texas/24-008749-003/2024(H5N1)	764	C	T	1	0	34	5451	2469	33	0.999633	5453	0	TRUE	PB2:cds-XAJ25426.1	GCA	A	GTA	V	255
PB2|PP755596.1|A/cattle/Texas/24-008749-003/2024(H5N1)	1026	A	G	0	0	0	5462	3070	33	1	5462	0	TRUE	PB2:cds-XAJ25426.1	GAA	E	GAG	E	342
PB2|PP755596.1|A/cattle/Texas/24-008749-003/2024(H5N1)	1224	C	T	0	0	0	6002	2689	33	0.999833	6003	0	TRUE	PB2:cds-XAJ25426.1	GAC	D	GAT	D	408
PB2|PP755596.1|A/cattle/Texas/24-008749-003/2024(H5N1)	1242	T	C	2	1	34	5591	2416	33	0.999642	5593	0	TRUE	PB2:cds-XAJ25426.1	GTT	V	GTC	V	414
PB2|PP755596.1|A/cattle/Texas/24-008749-003/2024(H5N1)	1254	G	A	2	1	34	5845	2516	33	0.999658	5847	0	TRUE	PB2:cds-XAJ25426.1	CTG	L	CTA	L	418
