REGION	POS	REF	ALT	REF_DP	REF_RV	REF_QUAL	ALT_DP	ALT_RV	ALT_QUAL	ALT_FREQ	TOTAL_DP	PVAL	PASS	GFF_FEATURE	REF_CODON	REF_AA	ALT_CODON	ALT_AA	POS_AA
PB1|PP755587.1|A/cattle/Texas/24-008749-002/2024(H5N1)	20	T	C	75	13	33	2	0	34	0.025974	77	0.0452801	FALSE	NA	NA	NA	NA	NA	NA
PB1|PP755587.1|A/cattle/Texas/24-008749-002/2024(H5N1)	23	T	C	77	13	33	1	0	34	0.0128205	78	0.214876	FALSE	NA	NA	NA	NA	NA	NA
PB1|PP755587.1|A/cattle/Texas/24-008749-002/2024(H5N1)	124	A	-AATTCTTCCCTAG	27	4	25	297	0	20	0.629237	472	1.15742e-179	TRUE	NA	NA	NA	NA	NA	NA
PB1|PP755587.1|A/cattle/Texas/24-008749-002/2024(H5N1)	143	C	A	1	0	34	212	106	25	0.995305	213	8.42059e-142	TRUE	NA	NA	NA	NA	NA	NA
PB1|PP755587.1|A/cattle/Texas/24-008749-002/2024(H5N1)	145	T	C	1	0	34	215	107	25	0.99537	216	6.38802e-143	TRUE	NA	NA	NA	NA	NA	NA
PB1|PP755587.1|A/cattle/Texas/24-008749-002/2024(H5N1)	147	C	G	1	0	34	208	103	25	0.995215	209	2.7222e-140	TRUE	NA	NA	NA	NA	NA	NA
PB1|PP755587.1|A/cattle/Texas/24-008749-002/2024(H5N1)	149	G	A	1	0	34	211	106	25	0.995283	212	1.99976e-141	TRUE	NA	NA	NA	NA	NA	NA
PB1|PP755587.1|A/cattle/Texas/24-008749-002/2024(H5N1)	150	G	C	0	0	0	212	106	25	1	212	6.80524e-144	TRUE	NA	NA	NA	NA	NA	NA
PB1|PP755587.1|A/cattle/Texas/24-008749-002/2024(H5N1)	1319	T	C	0	0	0	645	300	33	1	645	0	TRUE	NA	NA	NA	NA	NA	NA
PB1|PP755587.1|A/cattle/Texas/24-008749-002/2024(H5N1)	1742	A	G	3348	1629	33	51	31	33	0.0150044	3399	5.18373e-13	TRUE	NA	NA	NA	NA	NA	NA
PB1|PP755587.1|A/cattle/Texas/24-008749-002/2024(H5N1)	1783	G	A	2	1	30	3389	1758	33	0.99941	3391	0	TRUE	NA	NA	NA	NA	NA	NA
PB1|PP755587.1|A/cattle/Texas/24-008749-002/2024(H5N1)	2074	G	A	3	1	34	3996	1610	33	0.99925	3999	0	TRUE	NA	NA	NA	NA	NA	NA
