REGION	POS	REF	ALT	REF_DP	REF_RV	REF_QUAL	ALT_DP	ALT_RV	ALT_QUAL	ALT_FREQ	TOTAL_DP	PVAL	PASS	GFF_FEATURE	REF_CODON	REF_AA	ALT_CODON	ALT_AA	POS_AA
PA|PP755594.1|A/cattle/Texas/24-008749-003/2024(H5N1)	67	G	A	47	4	36	2	2	74	0.0408163	49	0.0567951	FALSE	PA:cds-XAJ25422.1	GAA	E	AAA	K	23
PA|PP755594.1|A/cattle/Texas/24-008749-003/2024(H5N1)	67	G	A	47	4	36	2	2	74	0.0408163	49	0.0567951	FALSE	PA-X:cds-XAJ25423.1	GAA	E	AAA	K	23
PA|PP755594.1|A/cattle/Texas/24-008749-003/2024(H5N1)	95	C	T	62	9	40	1	0	37	0.015873	63	0.275109	FALSE	PA:cds-XAJ25422.1	ACA	T	ATA	I	32
PA|PP755594.1|A/cattle/Texas/24-008749-003/2024(H5N1)	95	C	T	62	9	40	1	0	37	0.015873	63	0.275109	FALSE	PA-X:cds-XAJ25423.1	ACA	T	ATA	I	32
PA|PP755594.1|A/cattle/Texas/24-008749-003/2024(H5N1)	313	T	C	179	48	39	3	1	37	0.0164835	182	0.103101	FALSE	PA:cds-XAJ25422.1	TTC	F	CTC	L	105
PA|PP755594.1|A/cattle/Texas/24-008749-003/2024(H5N1)	313	T	C	179	48	39	3	1	37	0.0164835	182	0.103101	FALSE	PA-X:cds-XAJ25423.1	TTC	F	CTC	L	105
PA|PP755594.1|A/cattle/Texas/24-008749-003/2024(H5N1)	334	T	C	205	47	39	3	0	37	0.0144231	208	0.108501	FALSE	PA:cds-XAJ25422.1	TAC	Y	CAC	H	112
PA|PP755594.1|A/cattle/Texas/24-008749-003/2024(H5N1)	334	T	C	205	47	39	3	0	37	0.0144231	208	0.108501	FALSE	PA-X:cds-XAJ25423.1	TAC	Y	CAC	H	112
PA|PP755594.1|A/cattle/Texas/24-008749-003/2024(H5N1)	683	A	G	191	114	37	2	1	33	0.0103627	193	0.226476	FALSE	PA:cds-XAJ25422.1	AAC	N	AGC	S	228
PA|PP755594.1|A/cattle/Texas/24-008749-003/2024(H5N1)	683	A	G	191	114	37	2	1	33	0.0103627	193	0.226476	FALSE	PA-X:cds-XAJ25423.1	ACT	T	GCT	A	38
PA|PP755594.1|A/cattle/Texas/24-008749-003/2024(H5N1)	1654	A	G	271	149	39	3	1	37	0.0109489	274	0.109865	FALSE	PA:cds-XAJ25422.1	ACT	T	GCT	A	552
PA|PP755594.1|A/cattle/Texas/24-008749-003/2024(H5N1)	1686	C	T	294	136	39	5	4	37	0.0167224	299	0.0232841	FALSE	PA:cds-XAJ25422.1	TTC	F	TTT	F	562
PA|PP755594.1|A/cattle/Texas/24-008749-003/2024(H5N1)	1872	A	G	237	172	37	3	2	37	0.0125	240	0.107914	FALSE	PA:cds-XAJ25422.1	TCA	S	TCG	S	624
PA|PP755594.1|A/cattle/Texas/24-008749-003/2024(H5N1)	2026	C	T	192	156	43	2	2	55	0.0103093	194	0.202029	FALSE	PA:cds-XAJ25422.1	CTG	L	TTG	L	676
PA|PP755594.1|A/cattle/Texas/24-008749-003/2024(H5N1)	2119	T	C	186	175	41	2	2	37	0.0106383	188	0.217004	FALSE	PA:cds-XAJ25422.1	TTC	F	CTC	L	707
PA|PP755594.1|A/cattle/Texas/24-008749-003/2024(H5N1)	2136	A	G	166	153	42	2	2	37	0.0119048	168	0.207736	FALSE	PA:cds-XAJ25422.1	ACA	T	ACG	T	712
