REGION	POS	REF	ALT	REF_DP	REF_RV	REF_QUAL	ALT_DP	ALT_RV	ALT_QUAL	ALT_FREQ	TOTAL_DP	PVAL	PASS	GFF_FEATURE	REF_CODON	REF_AA	ALT_CODON	ALT_AA	POS_AA
NA|PP755583.1|A/cattle/Texas/24-008749-002/2024(H5N1)	152	A	G	0	0	0	6312	2851	33	1.0	6312	0.0	True						
NA|PP755583.1|A/cattle/Texas/24-008749-002/2024(H5N1)	212	G	A	1	0	34	6464	3376	33	0.999845	6465	0.0	True						
NA|PP755583.1|A/cattle/Texas/24-008749-002/2024(H5N1)	1289	G	C	5135	1609	32	58	58	28	0.0111646	5195	0.278741	False						
NA|PP755583.1|A/cattle/Texas/24-008749-002/2024(H5N1)	1305	A	C	1	1	34	7612	4621	33	0.999606	7615	0.0	True						
