REGION	POS	REF	ALT	REF_DP	REF_RV	REF_QUAL	ALT_DP	ALT_RV	ALT_QUAL	ALT_FREQ	TOTAL_DP	PVAL	PASS	GFF_FEATURE	REF_CODON	REF_AA	ALT_CODON	ALT_AA	POS_AA
HA|PP755589.1|A/cattle/Texas/24-008749-003/2024(H5N1)	5	A	G	15	3	34	1	0	34	0.0625	16	0.0924855	FALSE	HA:cds-XAJ25415.1	GAG	E	GGG	G	2
HA|PP755589.1|A/cattle/Texas/24-008749-003/2024(H5N1)	94	G	A	216	83	33	50	21	32	0.18797	266	1.64971e-22	TRUE	HA:cds-XAJ25415.1	GTT	V	ATT	I	32
HA|PP755589.1|A/cattle/Texas/24-008749-003/2024(H5N1)	283	A	G	344	184	33	9	4	34	0.0254958	353	0.00169641	TRUE	HA:cds-XAJ25415.1	ATA	I	GTA	V	95
HA|PP755589.1|A/cattle/Texas/24-008749-003/2024(H5N1)	432	A	G	442	242	33	5	5	34	0.0111857	447	0.0290638	FALSE	HA:cds-XAJ25415.1	TCA	S	TCG	S	144
HA|PP755589.1|A/cattle/Texas/24-008749-003/2024(H5N1)	651	G	A	0	0	0	382	171	33	1	382	1.15106e-237	TRUE	HA:cds-XAJ25415.1	GGG	G	GGA	G	217
HA|PP755589.1|A/cattle/Texas/24-008749-003/2024(H5N1)	1355	C	T	452	231	33	6	3	34	0.0131004	458	0.0146816	FALSE	HA:cds-XAJ25415.1	ACT	T	ATT	I	452
