REGION	POS	REF	ALT	REF_DP	REF_RV	REF_QUAL	ALT_DP	ALT_RV	ALT_QUAL	ALT_FREQ	TOTAL_DP	PVAL	PASS	GFF_FEATURE	REF_CODON	REF_AA	ALT_CODON	ALT_AA	POS_AA
HA|PP755589.1|A/cattle/Texas/24-008749-003/2024(H5N1)	28	A	C	60	6	36	1	0	37	0.0163934	61	0.317708	FALSE	HA:cds-XAJ25415.1	ATA	I	CTA	L	10
HA|PP755589.1|A/cattle/Texas/24-008749-003/2024(H5N1)	244	A	G	162	63	36	2	1	37	0.0121951	164	0.231928	FALSE	HA:cds-XAJ25415.1	ATG	M	GTG	V	82
HA|PP755589.1|A/cattle/Texas/24-008749-003/2024(H5N1)	651	G	A	1	1	37	277	96	36	0.996403	278	1.38744e-168	TRUE	HA:cds-XAJ25415.1	GGG	G	GGA	G	217
HA|PP755589.1|A/cattle/Texas/24-008749-003/2024(H5N1)	727	G	A	239	118	36	4	1	34	0.0164609	243	0.0592439	FALSE	HA:cds-XAJ25415.1	GAC	D	AAC	N	243
HA|PP755589.1|A/cattle/Texas/24-008749-003/2024(H5N1)	828	G	A	223	138	36	45	30	35	0.16791	268	1.8865e-15	TRUE	HA:cds-XAJ25415.1	GGG	G	GGA	G	276
