REGION	POS	REF	ALT	REF_DP	REF_RV	REF_QUAL	ALT_DP	ALT_RV	ALT_QUAL	ALT_FREQ	TOTAL_DP	PVAL	PASS	GFF_FEATURE	REF_CODON	REF_AA	ALT_CODON	ALT_AA	POS_AA
HA|PP755589.1|A/cattle/Texas/24-008749-003/2024(H5N1)	35	G	A	38	4	33	1	0	34	0.025641	39	0.293233	FALSE	HA:cds-XAJ25415.1	AGC	S	AAC	N	12
HA|PP755589.1|A/cattle/Texas/24-008749-003/2024(H5N1)	219	A	G	166	89	33	2	1	34	0.0119048	168	0.247774	FALSE	HA:cds-XAJ25415.1	GTA	V	GTG	V	73
HA|PP755589.1|A/cattle/Texas/24-008749-003/2024(H5N1)	228	G	A	151	80	33	2	1	30	0.0130719	153	0.239674	FALSE	HA:cds-XAJ25415.1	TGG	W	TGA	*	76
HA|PP755589.1|A/cattle/Texas/24-008749-003/2024(H5N1)	290	A	G	125	58	33	2	1	34	0.015748	127	0.243221	FALSE	HA:cds-XAJ25415.1	GAG	E	GGG	G	97
HA|PP755589.1|A/cattle/Texas/24-008749-003/2024(H5N1)	324	A	T	148	65	33	5	2	34	0.0326797	153	0.0283178	FALSE	HA:cds-XAJ25415.1	CCA	P	CCT	P	108
HA|PP755589.1|A/cattle/Texas/24-008749-003/2024(H5N1)	651	G	A	0	0	0	185	80	33	1	185	2.17641e-115	TRUE	HA:cds-XAJ25415.1	GGG	G	GGA	G	217
HA|PP755589.1|A/cattle/Texas/24-008749-003/2024(H5N1)	692	C	A	116	53	33	70	39	32	0.376344	186	6.35743e-26	TRUE	HA:cds-XAJ25415.1	ACT	T	AAT	N	231
HA|PP755589.1|A/cattle/Texas/24-008749-003/2024(H5N1)	927	C	T	259	126	33	17	14	33	0.0615942	276	4.3419e-06	TRUE	HA:cds-XAJ25415.1	AAC	N	AAT	N	309
HA|PP755589.1|A/cattle/Texas/24-008749-003/2024(H5N1)	955	C	T	257	114	33	5	1	34	0.019084	262	0.0297883	FALSE	HA:cds-XAJ25415.1	CCC	P	TCC	S	319
HA|PP755589.1|A/cattle/Texas/24-008749-003/2024(H5N1)	1052	T	A	271	159	33	4	0	32	0.0145455	275	0.0562884	FALSE	HA:cds-XAJ25415.1	ATA	I	AAA	K	351
HA|PP755589.1|A/cattle/Texas/24-008749-003/2024(H5N1)	1668	C	T	566	439	33	26	22	33	0.0439189	592	5.01474e-09	TRUE	HA:cds-XAJ25415.1	TGC	C	TGT	C	556
