REGION	POS	REF	ALT	REF_DP	REF_RV	REF_QUAL	ALT_DP	ALT_RV	ALT_QUAL	ALT_FREQ	TOTAL_DP	PVAL	PASS	GFF_FEATURE	REF_CODON	REF_AA	ALT_CODON	ALT_AA	POS_AA
NA|PP755591.1|A/cattle/Texas/24-008749-003/2024(H5N1)	9	A	T	72	23	52	1	0	20	0.0136986	73	0.513175	FALSE	NA:cds-XAJ25418.1	CCA	P	CCT	P	3
NA|PP755591.1|A/cattle/Texas/24-008749-003/2024(H5N1)	17	A	G	89	27	55	1	0	29	0.0111111	90	0.618783	FALSE	NA:cds-XAJ25418.1	AAG	K	AGG	R	6
NA|PP755591.1|A/cattle/Texas/24-008749-003/2024(H5N1)	65	T	-G	518	200	59	224	0	20	0.160114	1399	1.0244e-95	TRUE	NA	NA	NA	NA	NA	NA
NA|PP755591.1|A/cattle/Texas/24-008749-003/2024(H5N1)	597	C	T	1	0	36	1143	565	60	0.999126	1144	0	TRUE	NA:cds-XAJ25418.1	GAC	D	GAT	D	199
