REGION	POS	REF	ALT	REF_DP	REF_RV	REF_QUAL	ALT_DP	ALT_RV	ALT_QUAL	ALT_FREQ	TOTAL_DP	PVAL	PASS	GFF_FEATURE	REF_CODON	REF_AA	ALT_CODON	ALT_AA	POS_AA
PB1|PP755595.1|A/cattle/Texas/24-008749-003/2024(H5N1)	8	T	C	148	31	33	2	1	34	0.0133333	150	0.0238768	FALSE	PB1:cds-XAJ25424.1	GTC	V	GCC	A	3
PB1|PP755595.1|A/cattle/Texas/24-008749-003/2024(H5N1)	30	G	-AAAGTTCCAGCGC	397	79	32	40	0	20	0.0375587	1065	4.60166e-14	TRUE	NA	NA	NA	NA	NA	NA
PB1|PP755595.1|A/cattle/Texas/24-008749-003/2024(H5N1)	43	C	-AAAATGCCAT	399	104	33	11	0	20	0.0100273	1097	0.012105	FALSE	NA	NA	NA	NA	NA	NA
PB1|PP755595.1|A/cattle/Texas/24-008749-003/2024(H5N1)	111	A	-TATACCATGGACACAGT	1188	322	33	54	0	20	0.0291419	1853	1.3154e-09	TRUE	NA	NA	NA	NA	NA	NA
PB1|PP755595.1|A/cattle/Texas/24-008749-003/2024(H5N1)	2112	A	G	13	8	29	2486	1440	33	0.994798	2499	0	TRUE	PB1:cds-XAJ25424.1	TCA	S	TCG	S	704
PB1|PP755595.1|A/cattle/Texas/24-008749-003/2024(H5N1)	2218	T	C	1477	1072	31	24	18	33	0.0159787	1502	3.54237e-08	TRUE	PB1:cds-XAJ25424.1	TTT	F	CTT	L	740
