REGION	POS	REF	ALT	REF_DP	REF_RV	REF_QUAL	ALT_DP	ALT_RV	ALT_QUAL	ALT_FREQ	TOTAL_DP	PVAL	PASS	GFF_FEATURE	REF_CODON	REF_AA	ALT_CODON	ALT_AA	POS_AA
NA|PP755583.1|A/cattle/Texas/24-008749-002/2024(H5N1)	170	A	G	7120	3078	33	333	135	33	0.044674	7454	1.0642e-92	TRUE	NA	NA	NA	NA	NA	NA
NA|PP755583.1|A/cattle/Texas/24-008749-002/2024(H5N1)	187	A	C	8048	3616	33	172	69	33	0.0209119	8225	1.08322e-42	TRUE	NA	NA	NA	NA	NA	NA
NA|PP755583.1|A/cattle/Texas/24-008749-002/2024(H5N1)	191	A	C	7177	3347	33	691	267	33	0.0877795	7872	1.4032e-204	TRUE	NA	NA	NA	NA	NA	NA
NA|PP755583.1|A/cattle/Texas/24-008749-002/2024(H5N1)	1142	C	A	9889	5087	33	172	99	33	0.017072	10075	1.66059e-40	TRUE	NA	NA	NA	NA	NA	NA
NA|PP755583.1|A/cattle/Texas/24-008749-002/2024(H5N1)	1289	G	C	5283	2488	32	88	87	27	0.0163721	5375	0.000613175	TRUE	NA	NA	NA	NA	NA	NA
