REGION	POS	REF	ALT	REF_DP	REF_RV	REF_QUAL	ALT_DP	ALT_RV	ALT_QUAL	ALT_FREQ	TOTAL_DP	PVAL	PASS	GFF_FEATURE	REF_CODON	REF_AA	ALT_CODON	ALT_AA	POS_AA
PB1|PP755595.1|A/cattle/Texas/24-008749-003/2024(H5N1)	42	G	A	115	44	48	2	2	68	0.017094	117	0.0484075	FALSE	PB1:cds-XAJ25424.1	GCG	A	GCA	A	14
PB1|PP755595.1|A/cattle/Texas/24-008749-003/2024(H5N1)	333	G	A	772	368	58	12	8	54	0.0153061	784	4.45803e-06	TRUE	PB1:cds-XAJ25424.1	ATG	M	ATA	I	111
PB1|PP755595.1|A/cattle/Texas/24-008749-003/2024(H5N1)	333	G	A	772	368	58	12	8	54	0.0153061	784	4.45803e-06	TRUE	PB1-F2:cds-XAJ25425.1	TGG	W	TAG	*	80
