REGION	POS	REF	ALT	REF_DP	REF_RV	REF_QUAL	ALT_DP	ALT_RV	ALT_QUAL	ALT_FREQ	TOTAL_DP	PVAL	PASS	GFF_FEATURE	REF_CODON	REF_AA	ALT_CODON	ALT_AA	POS_AA
PA|PP755594.1|A/cattle/Texas/24-008749-003/2024(H5N1)	56	A	-AGCAAT	1203	583	33	53	0	20	0.0173486	3055	3.79239e-11	TRUE	NA	NA	NA	NA	NA	NA
PA|PP755594.1|A/cattle/Texas/24-008749-003/2024(H5N1)	59	C	-AATG	1206	572	32	1302	0	20	0.417575	3118	0	TRUE	NA	NA	NA	NA	NA	NA
PA|PP755594.1|A/cattle/Texas/24-008749-003/2024(H5N1)	62	T	A	782	397	32	9	4	22	0.0113636	792	0.419539	FALSE	PA:cds-XAJ25422.1	ATG	M	AAG	K	21
PA|PP755594.1|A/cattle/Texas/24-008749-003/2024(H5N1)	62	T	A	782	397	32	9	4	22	0.0113636	792	0.419539	FALSE	PA-X:cds-XAJ25423.1	ATG	M	AAG	K	21
PA|PP755594.1|A/cattle/Texas/24-008749-003/2024(H5N1)	1490	G	A	3	1	29	1454	715	33	0.997257	1458	0	TRUE	PA:cds-XAJ25422.1	AGG	R	AAG	K	497
PA|PP755594.1|A/cattle/Texas/24-008749-003/2024(H5N1)	1933	G	-TGTTCAACAGCCTATA	5030	2621	33	69	0	20	0.0132641	5202	0.0577505	FALSE	NA	NA	NA	NA	NA	NA
PA|PP755594.1|A/cattle/Texas/24-008749-003/2024(H5N1)	1985	C	+GTGAGAACCAATGGAACTTCCAAGATCA	4762	2587	33	60	0	20	0.0121852	4924	0.141823	FALSE	NA	NA	NA	NA	NA	NA
