REGION	POS	REF	ALT	REF_DP	REF_RV	REF_QUAL	ALT_DP	ALT_RV	ALT_QUAL	ALT_FREQ	TOTAL_DP	PVAL	PASS	GFF_FEATURE	REF_CODON	REF_AA	ALT_CODON	ALT_AA	POS_AA
NA|PP755591.1|A/cattle/Texas/24-008749-003/2024(H5N1)	31	G	A	95	13	40	1	0	37	0.0104167	96	0.251969	FALSE	NA:cds-XAJ25418.1	GGA	G	AGA	R	11
NA|PP755591.1|A/cattle/Texas/24-008749-003/2024(H5N1)	137	C	A	475	113	48	13	3	48	0.0266393	488	2.19798e-06	TRUE	NA:cds-XAJ25418.1	CCT	P	CAT	H	46
NA|PP755591.1|A/cattle/Texas/24-008749-003/2024(H5N1)	199	A	G	0	0	0	616	164	52	1	616	0	TRUE	NA:cds-XAJ25418.1	ATC	I	GTC	V	67
NA|PP755591.1|A/cattle/Texas/24-008749-003/2024(H5N1)	212	G	A	0	0	0	653	202	54	0.998471	654	0	TRUE	NA:cds-XAJ25418.1	AGT	S	AAT	N	71
NA|PP755591.1|A/cattle/Texas/24-008749-003/2024(H5N1)	258	G	A	715	291	54	8	2	39	0.0110193	726	0.00359868	TRUE	NA:cds-XAJ25418.1	GCG	A	GCA	A	86
NA|PP755591.1|A/cattle/Texas/24-008749-003/2024(H5N1)	330	T	C	0	0	0	871	312	50	0.998853	872	0	TRUE	NA:cds-XAJ25418.1	TCT	S	TCC	S	110
NA|PP755591.1|A/cattle/Texas/24-008749-003/2024(H5N1)	360	A	G	0	0	0	876	321	48	1	876	0	TRUE	NA:cds-XAJ25418.1	CCA	P	CCG	P	120
NA|PP755591.1|A/cattle/Texas/24-008749-003/2024(H5N1)	444	A	C	0	0	0	930	390	48	1	930	0	TRUE	NA:cds-XAJ25418.1	ACA	T	ACC	T	148
NA|PP755591.1|A/cattle/Texas/24-008749-003/2024(H5N1)	696	T	G	0	0	0	1001	559	47	1	1001	0	TRUE	NA:cds-XAJ25418.1	GCT	A	GCG	A	232
NA|PP755591.1|A/cattle/Texas/24-008749-003/2024(H5N1)	711	C	T	5	2	51	1036	652	49	0.995197	1041	0	TRUE	NA:cds-XAJ25418.1	TCC	S	TCT	S	237
NA|PP755591.1|A/cattle/Texas/24-008749-003/2024(H5N1)	805	A	T	0	0	0	1026	643	49	1	1026	0	TRUE	NA:cds-XAJ25418.1	ATG	M	TTG	L	269
NA|PP755591.1|A/cattle/Texas/24-008749-003/2024(H5N1)	897	G	A	2	0	33	1252	500	45	0.998405	1254	0	TRUE	NA:cds-XAJ25418.1	TCG	S	TCA	S	299
NA|PP755591.1|A/cattle/Texas/24-008749-003/2024(H5N1)	961	A	G	0	0	0	1602	470	45	1	1602	0	TRUE	NA:cds-XAJ25418.1	ATT	I	GTT	V	321
NA|PP755591.1|A/cattle/Texas/24-008749-003/2024(H5N1)	1015	C	T	0	0	0	1847	687	52	1	1847	0	TRUE	NA:cds-XAJ25418.1	CCC	P	TCC	S	339
NA|PP755591.1|A/cattle/Texas/24-008749-003/2024(H5N1)	1164	A	T	1	1	38	2034	1254	59	0.999018	2036	0	TRUE	NA:cds-XAJ25418.1	TCA	S	TCT	S	388
NA|PP755591.1|A/cattle/Texas/24-008749-003/2024(H5N1)	1302	T	C	0	0	0	1215	997	48	1	1215	0	TRUE	NA:cds-XAJ25418.1	AAT	N	AAC	N	434
