REGION	POS	REF	ALT	REF_DP	REF_RV	REF_QUAL	ALT_DP	ALT_RV	ALT_QUAL	ALT_FREQ	TOTAL_DP	PVAL	PASS	GFF_FEATURE	REF_CODON	REF_AA	ALT_CODON	ALT_AA	POS_AA
NS|PP755585.1|A/cattle/Texas/24-008749-002/2024(H5N1)	166	A	G	10	1	35	19463	6831	36	0.999486	19473	0	TRUE	NA	NA	NA	NA	NA	NA
NS|PP755585.1|A/cattle/Texas/24-008749-002/2024(H5N1)	222	T	C	8	3	34	24485	11140	36	0.999551	24496	0	TRUE	NA	NA	NA	NA	NA	NA
NS|PP755585.1|A/cattle/Texas/24-008749-002/2024(H5N1)	230	T	G	1	0	37	23451	11675	36	0.999318	23467	0	TRUE	NA	NA	NA	NA	NA	NA
NS|PP755585.1|A/cattle/Texas/24-008749-002/2024(H5N1)	685	G	A	3	1	37	22828	16327	36	0.999869	22831	0	TRUE	NA	NA	NA	NA	NA	NA
