REGION	POS	REF	ALT	REF_DP	REF_RV	REF_QUAL	ALT_DP	ALT_RV	ALT_QUAL	ALT_FREQ	TOTAL_DP	PVAL	PASS	GFF_FEATURE	REF_CODON	REF_AA	ALT_CODON	ALT_AA	POS_AA
HA|PP755581.1|A/cattle/Texas/24-008749-002/2024(H5N1)	264	A	G	4958	2768	33	92	58	33	0.0182142	5051	6.66674e-23	TRUE	NA	NA	NA	NA	NA	NA
HA|PP755581.1|A/cattle/Texas/24-008749-002/2024(H5N1)	651	G	A	6	1	34	4856	2014	33	0.998561	4863	0	TRUE	NA	NA	NA	NA	NA	NA
HA|PP755581.1|A/cattle/Texas/24-008749-002/2024(H5N1)	666	C	T	2	1	34	5244	2262	33	0.999047	5249	0	TRUE	NA	NA	NA	NA	NA	NA
HA|PP755581.1|A/cattle/Texas/24-008749-002/2024(H5N1)	921	T	C	4800	2738	33	303	164	33	0.0593536	5105	2.03968e-87	TRUE	NA	NA	NA	NA	NA	NA
HA|PP755581.1|A/cattle/Texas/24-008749-002/2024(H5N1)	1035	A	G	3598	2068	33	1395	797	32	0.279112	4998	0	TRUE	NA	NA	NA	NA	NA	NA
HA|PP755581.1|A/cattle/Texas/24-008749-002/2024(H5N1)	1431	A	G	1	0	34	9017	4139	33	0.999778	9019	0	TRUE	NA	NA	NA	NA	NA	NA
HA|PP755581.1|A/cattle/Texas/24-008749-002/2024(H5N1)	1576	G	A	8419	5512	33	186	129	33	0.0216153	8605	7.7282e-47	TRUE	NA	NA	NA	NA	NA	NA
HA|PP755581.1|A/cattle/Texas/24-008749-002/2024(H5N1)	1586	A	G	7883	5442	33	259	192	33	0.0318065	8143	3.85721e-68	TRUE	NA	NA	NA	NA	NA	NA
