REGION	POS	REF	ALT	REF_DP	REF_RV	REF_QUAL	ALT_DP	ALT_RV	ALT_QUAL	ALT_FREQ	TOTAL_DP	PVAL	PASS	GFF_FEATURE	REF_CODON	REF_AA	ALT_CODON	ALT_AA	POS_AA
NA|PP755591.1|A/cattle/Texas/24-008749-003/2024(H5N1)	101	T	C	3916	1005	33	274	75	33	0.0653938	4190	5.00119e-100	TRUE	NA:cds-XAJ25418.1	GTT	V	GCT	A	34
NA|PP755591.1|A/cattle/Texas/24-008749-003/2024(H5N1)	116	A	G	2055	481	33	2979	826	33	0.591776	5034	0	TRUE	NA:cds-XAJ25418.1	CAA	Q	CGA	R	39
NA|PP755591.1|A/cattle/Texas/24-008749-003/2024(H5N1)	212	G	A	0	0	0	7644	3526	33	1	7644	0	TRUE	NA:cds-XAJ25418.1	AGT	S	AAT	N	71
NA|PP755591.1|A/cattle/Texas/24-008749-003/2024(H5N1)	351	A	G	7398	3695	33	193	113	33	0.0254248	7591	5.236e-51	TRUE	NA:cds-XAJ25418.1	ATA	I	ATG	M	117
NA|PP755591.1|A/cattle/Texas/24-008749-003/2024(H5N1)	434	C	A	7708	4023	33	104	70	33	0.0133129	7812	3.83675e-24	TRUE	NA:cds-XAJ25418.1	TCT	S	TAT	Y	145
NA|PP755591.1|A/cattle/Texas/24-008749-003/2024(H5N1)	791	T	C	6270	3508	33	437	228	33	0.0651461	6708	2.2427e-126	TRUE	NA:cds-XAJ25418.1	GTC	V	GCC	A	264
NA|PP755591.1|A/cattle/Texas/24-008749-003/2024(H5N1)	821	A	T	6947	4108	33	73	41	32	0.0103974	7021	7.82005e-16	TRUE	NA:cds-XAJ25418.1	TAC	Y	TTC	F	274
NA|PP755591.1|A/cattle/Texas/24-008749-003/2024(H5N1)	874	T	A	6959	3243	33	179	96	33	0.0250455	7147	4.90121e-46	TRUE	NA:cds-XAJ25418.1	TGC	C	AGC	S	292
NA|PP755591.1|A/cattle/Texas/24-008749-003/2024(H5N1)	1091	G	A	8072	3607	33	127	75	32	0.0154897	8199	5.91224e-30	TRUE	NA:cds-XAJ25418.1	AGC	S	AAC	N	364
NA|PP755591.1|A/cattle/Texas/24-008749-003/2024(H5N1)	1113	T	C	7842	3895	33	168	61	33	0.0209712	8011	7.26027e-42	TRUE	NA:cds-XAJ25418.1	TTT	F	TTC	F	371
NA|PP755591.1|A/cattle/Texas/24-008749-003/2024(H5N1)	1221	C	T	6482	3938	33	426	268	33	0.0616676	6908	2.40318e-121	TRUE	NA:cds-XAJ25418.1	GTC	V	GTT	V	407
NA|PP755591.1|A/cattle/Texas/24-008749-003/2024(H5N1)	1288	A	G	7043	4992	33	88	59	32	0.0123405	7131	8.79522e-20	TRUE	NA:cds-XAJ25418.1	AGG	R	GGG	G	430
NA|PP755591.1|A/cattle/Texas/24-008749-003/2024(H5N1)	1289	G	C	4239	2129	32	83	83	27	0.0191952	4324	2.39429e-05	TRUE	NA:cds-XAJ25418.1	AGG	R	ACG	T	430
NA|PP755591.1|A/cattle/Texas/24-008749-003/2024(H5N1)	1335	T	C	5720	4475	33	183	146	33	0.0310012	5903	6.13314e-49	TRUE	NA:cds-XAJ25418.1	TTT	F	TTC	F	445
