REGION	POS	REF	ALT	REF_DP	REF_RV	REF_QUAL	ALT_DP	ALT_RV	ALT_QUAL	ALT_FREQ	TOTAL_DP	PVAL	PASS	GFF_FEATURE	REF_CODON	REF_AA	ALT_CODON	ALT_AA	POS_AA
NS|PP755593.1|A/cattle/Texas/24-008749-003/2024(H5N1)	222	T	C	18	9	37	64172	34306	43	0.999579	64199	0	TRUE	NS1:cds-XAJ25420.1	GAT	D	GAC	D	74
NS|PP755593.1|A/cattle/Texas/24-008749-003/2024(H5N1)	342	C	T	61029	32096	40	738	421	35	0.0119475	61770	3.45582e-171	TRUE	NS1:cds-XAJ25420.1	TCC	S	TCT	S	114
NS|PP755593.1|A/cattle/Texas/24-008749-003/2024(H5N1)	423	G	A	56	34	37	60041	32444	41	0.999035	60099	0	TRUE	NS1:cds-XAJ25420.1	CTG	L	CTA	L	141
NS|PP755593.1|A/cattle/Texas/24-008749-003/2024(H5N1)	757	A	G	18	17	39	48464	36566	49	0.999546	48486	0	TRUE	NEP:cds-XAJ25421.1	GAA	E	GAG	E	85
