REGION	POS	REF	ALT	REF_DP	REF_RV	REF_QUAL	ALT_DP	ALT_RV	ALT_QUAL	ALT_FREQ	TOTAL_DP	PVAL	PASS	GFF_FEATURE	REF_CODON	REF_AA	ALT_CODON	ALT_AA	POS_AA
HA|PP755589.1|A/cattle/Texas/24-008749-003/2024(H5N1)	651	G	A	2	1	34	3856	1643	33	0.999223	3859	0	TRUE	HA:cds-XAJ25415.1	GGG	G	GGA	G	217
HA|PP755589.1|A/cattle/Texas/24-008749-003/2024(H5N1)	697	T	C	3741	1813	33	53	25	33	0.0139694	3794	1.94712e-13	TRUE	HA:cds-XAJ25415.1	TCC	S	CCC	P	233
HA|PP755589.1|A/cattle/Texas/24-008749-003/2024(H5N1)	717	T	C	4	2	34	3880	2164	33	0.99897	3884	0	TRUE	HA:cds-XAJ25415.1	CGT	R	CGC	R	239
HA|PP755589.1|A/cattle/Texas/24-008749-003/2024(H5N1)	834	G	A	2	1	34	4241	2426	33	0.999529	4243	0	TRUE	HA:cds-XAJ25415.1	TCG	S	TCA	S	278
HA|PP755589.1|A/cattle/Texas/24-008749-003/2024(H5N1)	1415	G	A	14	9	34	8328	4713	33	0.998202	8343	0	TRUE	HA:cds-XAJ25415.1	AGG	R	AAG	K	472
