REGION	POS	REF	ALT	REF_DP	REF_RV	REF_QUAL	ALT_DP	ALT_RV	ALT_QUAL	ALT_FREQ	TOTAL_DP	PVAL	PASS	GFF_FEATURE	REF_CODON	REF_AA	ALT_CODON	ALT_AA	POS_AA
HA|PP755589.1|A/cattle/Texas/24-008749-003/2024(H5N1)	32	T	C	59	3	39	1	1	29	0.0166667	60	0.517456	FALSE	HA:cds-XAJ25415.1	GTT	V	GCT	A	11
HA|PP755589.1|A/cattle/Texas/24-008749-003/2024(H5N1)	71	A	G	86	7	42	1	0	37	0.0114943	87	0.348	FALSE	HA:cds-XAJ25415.1	CAT	H	CGT	R	24
HA|PP755589.1|A/cattle/Texas/24-008749-003/2024(H5N1)	346	G	A	192	68	39	2	2	55	0.0103093	194	0.229971	FALSE	HA:cds-XAJ25415.1	GAA	E	AAA	K	116
HA|PP755589.1|A/cattle/Texas/24-008749-003/2024(H5N1)	378	T	C	177	78	40	2	1	37	0.0111732	179	0.216642	FALSE	HA:cds-XAJ25415.1	CAT	H	CAC	H	126
HA|PP755589.1|A/cattle/Texas/24-008749-003/2024(H5N1)	465	A	G	0	0	0	179	108	38	0.994444	180	3.64334e-116	TRUE	HA:cds-XAJ25415.1	GGA	G	GGG	G	155
HA|PP755589.1|A/cattle/Texas/24-008749-003/2024(H5N1)	574	T	C	198	71	39	2	0	25	0.01	200	0.641153	FALSE	HA:cds-XAJ25415.1	TGG	W	CGG	R	192
HA|PP755589.1|A/cattle/Texas/24-008749-003/2024(H5N1)	651	G	A	0	0	0	192	58	39	1	192	4.11283e-122	TRUE	HA:cds-XAJ25415.1	GGG	G	GGA	G	217
HA|PP755589.1|A/cattle/Texas/24-008749-003/2024(H5N1)	931	C	T	183	119	38	2	2	37	0.0108108	185	0.233884	FALSE	HA:cds-XAJ25415.1	CAT	H	TAT	Y	311
HA|PP755589.1|A/cattle/Texas/24-008749-003/2024(H5N1)	1052	T	A	200	121	39	10	2	43	0.047619	210	0.000356814	TRUE	HA:cds-XAJ25415.1	ATA	I	AAA	K	351
HA|PP755589.1|A/cattle/Texas/24-008749-003/2024(H5N1)	1275	G	A	0	0	0	1001	270	43	1	1001	0	TRUE	HA:cds-XAJ25415.1	TTG	L	TTA	L	425
