REGION	POS	REF	ALT	REF_DP	REF_RV	REF_QUAL	ALT_DP	ALT_RV	ALT_QUAL	ALT_FREQ	TOTAL_DP	PVAL	PASS	GFF_FEATURE	REF_CODON	REF_AA	ALT_CODON	ALT_AA	POS_AA
NS|PP755593.1|A/cattle/Texas/24-008749-003/2024(H5N1)	62	G	A	4	1	42	16026	2207	38	0.999688	16031	0	TRUE	NS1:cds-XAJ25420.1	CGA	R	CAA	Q	21
NS|PP755593.1|A/cattle/Texas/24-008749-003/2024(H5N1)	222	T	C	7	5	38	38377	18807	39	0.999713	38388	0	TRUE	NS1:cds-XAJ25420.1	GAT	D	GAC	D	74
NS|PP755593.1|A/cattle/Texas/24-008749-003/2024(H5N1)	441	C	T	8	3	37	44074	18684	38	0.999592	44092	0	TRUE	NS1:cds-XAJ25420.1	CTC	L	CTT	L	147
