REGION	POS	REF	ALT	REF_DP	REF_RV	REF_QUAL	ALT_DP	ALT_RV	ALT_QUAL	ALT_FREQ	TOTAL_DP	PVAL	PASS	GFF_FEATURE	REF_CODON	REF_AA	ALT_CODON	ALT_AA	POS_AA
PB1|PP755595.1|A/cattle/Texas/24-008749-003/2024(H5N1)	29	T	-GAAA	22	3	39	2	0	20	0.0243902	82	0.0505495	FALSE	NA	NA	NA	NA	NA	NA
PB1|PP755595.1|A/cattle/Texas/24-008749-003/2024(H5N1)	29	T	-G	22	3	39	1	0	20	0.0121951	82	0.221154	FALSE	NA	NA	NA	NA	NA	NA
PB1|PP755595.1|A/cattle/Texas/24-008749-003/2024(H5N1)	30	G	-AAAGTTCCAGCGCAAAATGCCAT	20	3	40	1	0	20	0.0121951	82	0.205882	FALSE	NA	NA	NA	NA	NA	NA
PB1|PP755595.1|A/cattle/Texas/24-008749-003/2024(H5N1)	31	A	-AAGTTCC	20	3	40	1	0	20	0.0121951	82	0.205882	FALSE	NA	NA	NA	NA	NA	NA
PB1|PP755595.1|A/cattle/Texas/24-008749-003/2024(H5N1)	37	C	-CAGCGCAAAATGCCATAAG	21	3	39	1	0	20	0.0121951	82	0.213592	FALSE	NA	NA	NA	NA	NA	NA
PB1|PP755595.1|A/cattle/Texas/24-008749-003/2024(H5N1)	41	C	-GCAAAATGCCATAA	23	3	38	1	0	20	0.0119048	84	0.224299	FALSE	NA	NA	NA	NA	NA	NA
PB1|PP755595.1|A/cattle/Texas/24-008749-003/2024(H5N1)	93	C	T	77	5	39	1	1	74	0.0128205	78	0.364486	FALSE	PB1:cds-XAJ25424.1	AGC	S	AGT	S	31
PB1|PP755595.1|A/cattle/Texas/24-008749-003/2024(H5N1)	279	T	C	91	29	37	1	0	37	0.0108696	92	0.489362	FALSE	PB1:cds-XAJ25424.1	GCT	A	GCC	A	93
PB1|PP755595.1|A/cattle/Texas/24-008749-003/2024(H5N1)	279	T	C	91	29	37	1	0	37	0.0108696	92	0.489362	FALSE	PB1-F2:cds-XAJ25425.1	CTT	L	CCT	P	62
PB1|PP755595.1|A/cattle/Texas/24-008749-003/2024(H5N1)	627	A	G	125	68	39	2	1	37	0.015748	127	0.232229	FALSE	PB1:cds-XAJ25424.1	AAA	K	AAG	K	209
PB1|PP755595.1|A/cattle/Texas/24-008749-003/2024(H5N1)	914	A	T	112	69	36	2	2	25	0.0175439	114	0.490218	FALSE	PB1:cds-XAJ25424.1	GAC	D	GTC	V	305
PB1|PP755595.1|A/cattle/Texas/24-008749-003/2024(H5N1)	1059	A	G	97	27	37	1	0	30	0.0102041	98	0.487562	FALSE	PB1:cds-XAJ25424.1	AAA	K	AAG	K	353
PB1|PP755595.1|A/cattle/Texas/24-008749-003/2024(H5N1)	1069	T	C	89	22	38	1	1	37	0.0111111	90	0.48913	FALSE	PB1:cds-XAJ25424.1	TTC	F	CTC	L	357
PB1|PP755595.1|A/cattle/Texas/24-008749-003/2024(H5N1)	1071	C	T	89	22	38	1	1	37	0.0111111	90	0.486486	FALSE	PB1:cds-XAJ25424.1	TTC	F	TTT	F	357
PB1|PP755595.1|A/cattle/Texas/24-008749-003/2024(H5N1)	1236	C	T	166	71	37	2	1	37	0.0119048	168	0.239169	FALSE	PB1:cds-XAJ25424.1	TTC	F	TTT	F	412
PB1|PP755595.1|A/cattle/Texas/24-008749-003/2024(H5N1)	1414	C	A	0	0	0	294	55	37	1	294	4.04207e-182	TRUE	PB1:cds-XAJ25424.1	CTG	L	ATG	M	472
