REGION	POS	REF	ALT	REF_DP	REF_RV	REF_QUAL	ALT_DP	ALT_RV	ALT_QUAL	ALT_FREQ	TOTAL_DP	PVAL	PASS	GFF_FEATURE	REF_CODON	REF_AA	ALT_CODON	ALT_AA	POS_AA
NS|PP755593.1|A/cattle/Texas/24-008749-003/2024(H5N1)	62	G	A	11916	2223	40	419	79	38	0.0339684	12335	4.84956e-164	TRUE	NS1:cds-XAJ25420.1	CGA	R	CAA	Q	21
NS|PP755593.1|A/cattle/Texas/24-008749-003/2024(H5N1)	79	C	A	503	93	38	13408	2441	40	0.963288	13919	0	TRUE	NS1:cds-XAJ25420.1	CTG	L	ATG	M	27
NS|PP755593.1|A/cattle/Texas/24-008749-003/2024(H5N1)	108	C	T	643	138	40	16834	3660	41	0.963154	17478	0	TRUE	NS1:cds-XAJ25420.1	CTC	L	CTT	L	36
NS|PP755593.1|A/cattle/Texas/24-008749-003/2024(H5N1)	222	T	C	4	3	42	23477	12647	41	0.999702	23484	0	TRUE	NS1:cds-XAJ25420.1	GAT	D	GAC	D	74
NS|PP755593.1|A/cattle/Texas/24-008749-003/2024(H5N1)	240	T	C	21993	12431	39	858	526	39	0.0375459	22852	8.27927e-267	TRUE	NS1:cds-XAJ25420.1	ACT	T	ACC	T	80
NS|PP755593.1|A/cattle/Texas/24-008749-003/2024(H5N1)	423	G	A	813	415	40	21935	11329	39	0.964218	22749	0	TRUE	NS1:cds-XAJ25420.1	CTG	L	CTA	L	141
NS|PP755593.1|A/cattle/Texas/24-008749-003/2024(H5N1)	441	C	T	23519	10332	40	813	346	39	0.0334128	24332	1.03136e-239	TRUE	NS1:cds-XAJ25420.1	CTC	L	CTT	L	147
NS|PP755593.1|A/cattle/Texas/24-008749-003/2024(H5N1)	757	A	G	644	532	45	18113	14499	46	0.965666	18757	0	TRUE	NEP:cds-XAJ25421.1	GAA	E	GAG	E	85
