REGION	POS	REF	ALT	REF_DP	REF_RV	REF_QUAL	ALT_DP	ALT_RV	ALT_QUAL	ALT_FREQ	TOTAL_DP	PVAL	PASS	GFF_FEATURE	REF_CODON	REF_AA	ALT_CODON	ALT_AA	POS_AA
NA|PP755591.1|A/cattle/Texas/24-008749-003/2024(H5N1)	20	T	C	283	67	48	4	0	42	0.0139373	287	0.00082514	TRUE	NA:cds-XAJ25418.1	ATA	I	ACA	T	7
NA|PP755591.1|A/cattle/Texas/24-008749-003/2024(H5N1)	35	C	T	580	127	50	8	3	48	0.0136054	588	1.28172e-05	TRUE	NA:cds-XAJ25418.1	TCA	S	TTA	L	12
NA|PP755591.1|A/cattle/Texas/24-008749-003/2024(H5N1)	42	T	C	1019	249	50	13	2	44	0.0125969	1032	1.39655e-07	TRUE	NA:cds-XAJ25418.1	TGT	C	TGC	C	14
NA|PP755591.1|A/cattle/Texas/24-008749-003/2024(H5N1)	47	T	C	1135	272	50	15	2	47	0.0130435	1150	2.02072e-08	TRUE	NA:cds-XAJ25418.1	GTA	V	GCA	A	16
NA|PP755591.1|A/cattle/Texas/24-008749-003/2024(H5N1)	199	A	G	1	1	36	3689	1278	62	0.999729	3690	0	TRUE	NA:cds-XAJ25418.1	ATC	I	GTC	V	67
NA|PP755591.1|A/cattle/Texas/24-008749-003/2024(H5N1)	212	G	A	0	0	0	3841	1410	63	1	3841	0	TRUE	NA:cds-XAJ25418.1	AGT	S	AAT	N	71
NA|PP755591.1|A/cattle/Texas/24-008749-003/2024(H5N1)	330	T	C	1	1	78	4458	1745	58	0.999104	4462	0	TRUE	NA:cds-XAJ25418.1	TCT	S	TCC	S	110
NA|PP755591.1|A/cattle/Texas/24-008749-003/2024(H5N1)	360	A	G	3	0	64	4569	1780	56	0.999344	4572	0	TRUE	NA:cds-XAJ25418.1	CCA	P	CCG	P	120
NA|PP755591.1|A/cattle/Texas/24-008749-003/2024(H5N1)	444	A	C	5	3	72	4675	2235	56	0.998718	4681	0	TRUE	NA:cds-XAJ25418.1	ACA	T	ACC	T	148
NA|PP755591.1|A/cattle/Texas/24-008749-003/2024(H5N1)	487	G	A	4938	2104	57	57	19	52	0.0114114	4995	4.58384e-24	TRUE	NA:cds-XAJ25418.1	GTG	V	ATG	M	163
NA|PP755591.1|A/cattle/Texas/24-008749-003/2024(H5N1)	696	T	G	0	0	0	4805	2596	56	0.999792	4806	0	TRUE	NA:cds-XAJ25418.1	GCT	A	GCG	A	232
NA|PP755591.1|A/cattle/Texas/24-008749-003/2024(H5N1)	711	C	T	0	0	0	4918	2895	59	1	4918	0	TRUE	NA:cds-XAJ25418.1	TCC	S	TCT	S	237
NA|PP755591.1|A/cattle/Texas/24-008749-003/2024(H5N1)	805	A	T	1	1	20	4678	2777	59	0.999573	4680	0	TRUE	NA:cds-XAJ25418.1	ATG	M	TTG	L	269
NA|PP755591.1|A/cattle/Texas/24-008749-003/2024(H5N1)	897	G	A	0	0	0	4205	2131	55	1	4205	0	TRUE	NA:cds-XAJ25418.1	TCG	S	TCA	S	299
NA|PP755591.1|A/cattle/Texas/24-008749-003/2024(H5N1)	961	A	G	0	0	0	4539	1638	50	1	4539	0	TRUE	NA:cds-XAJ25418.1	ATT	I	GTT	V	321
NA|PP755591.1|A/cattle/Texas/24-008749-003/2024(H5N1)	1015	C	T	1	0	36	5172	2210	58	0.999613	5174	0	TRUE	NA:cds-XAJ25418.1	CCC	P	TCC	S	339
NA|PP755591.1|A/cattle/Texas/24-008749-003/2024(H5N1)	1302	T	C	0	0	0	3189	2306	58	1	3189	0	TRUE	NA:cds-XAJ25418.1	AAT	N	AAC	N	434
