REGION	POS	REF	ALT	REF_DP	REF_RV	REF_QUAL	ALT_DP	ALT_RV	ALT_QUAL	ALT_FREQ	TOTAL_DP	PVAL	PASS	GFF_FEATURE	REF_CODON	REF_AA	ALT_CODON	ALT_AA	POS_AA
NP|PP755592.1|A/cattle/Texas/24-008749-003/2024(H5N1)	16	A	G	41	5	41	1	0	37	0.0238095	42	0.119658	FALSE	NP:cds-XAJ25419.1	ACC	T	GCC	A	6
NP|PP755592.1|A/cattle/Texas/24-008749-003/2024(H5N1)	23	G	A	52	5	41	1	0	37	0.0188679	53	0.141711	FALSE	NP:cds-XAJ25419.1	CGA	R	CAA	Q	8
NP|PP755592.1|A/cattle/Texas/24-008749-003/2024(H5N1)	50	G	A	96	14	41	1	0	37	0.0103093	97	0.210412	FALSE	NP:cds-XAJ25419.1	GGG	G	GAG	E	17
NP|PP755592.1|A/cattle/Texas/24-008749-003/2024(H5N1)	62	A	G	106	14	40	2	2	31	0.0185185	108	0.0496379	FALSE	NP:cds-XAJ25419.1	AAT	N	AGT	S	21
NP|PP755592.1|A/cattle/Texas/24-008749-003/2024(H5N1)	531	G	A	130	44	37	315	90	38	0.707865	445	4.87575e-145	TRUE	NP:cds-XAJ25419.1	GGG	G	GGA	G	177
NP|PP755592.1|A/cattle/Texas/24-008749-003/2024(H5N1)	1140	A	G	273	150	39	92	48	36	0.252055	365	7.95448e-34	TRUE	NP:cds-XAJ25419.1	GAA	E	GAG	E	380
