REGION	POS	REF	ALT	REF_DP	REF_RV	REF_QUAL	ALT_DP	ALT_RV	ALT_QUAL	ALT_FREQ	TOTAL_DP	PVAL	PASS	GFF_FEATURE	REF_CODON	REF_AA	ALT_CODON	ALT_AA	POS_AA
HA|PP755589.1|A/cattle/Texas/24-008749-003/2024(H5N1)	11	T	C	235	54	35	3	1	36	0.012605	238	0.0144066	FALSE	HA:cds-XAJ25415.1	ATA	I	ACA	T	4
HA|PP755589.1|A/cattle/Texas/24-008749-003/2024(H5N1)	234	C	T	0	0	0	2062	1023	37	0.998064	2066	0	TRUE	HA:cds-XAJ25415.1	CTC	L	CTT	L	78
HA|PP755589.1|A/cattle/Texas/24-008749-003/2024(H5N1)	601	G	A	2563	1119	38	36	13	36	0.0138515	2599	1.5206e-09	TRUE	HA:cds-XAJ25415.1	GAA	E	AAA	K	201
HA|PP755589.1|A/cattle/Texas/24-008749-003/2024(H5N1)	651	G	A	3	2	35	2715	1329	37	0.998896	2718	0	TRUE	HA:cds-XAJ25415.1	GGG	G	GGA	G	217
HA|PP755589.1|A/cattle/Texas/24-008749-003/2024(H5N1)	754	G	T	2865	1370	38	57	26	37	0.0194539	2930	1.27564e-15	TRUE	HA:cds-XAJ25415.1	GAT	D	TAT	Y	252
HA|PP755589.1|A/cattle/Texas/24-008749-003/2024(H5N1)	867	T	C	1	1	39	2597	1455	37	0.999615	2598	0	TRUE	HA:cds-XAJ25415.1	CAT	H	CAC	H	289
HA|PP755589.1|A/cattle/Texas/24-008749-003/2024(H5N1)	1028	G	A	2096	1109	38	218	103	37	0.0942092	2314	1.20245e-66	TRUE	HA:cds-XAJ25415.1	AGA	R	AAA	K	343
HA|PP755589.1|A/cattle/Texas/24-008749-003/2024(H5N1)	1314	A	C	0	0	0	3386	1744	37	1	3386	0	TRUE	HA:cds-XAJ25415.1	ACA	T	ACC	T	438
