REGION	POS	REF	ALT	REF_DP	REF_RV	REF_QUAL	ALT_DP	ALT_RV	ALT_QUAL	ALT_FREQ	TOTAL_DP	PVAL	PASS	GFF_FEATURE	REF_CODON	REF_AA	ALT_CODON	ALT_AA	POS_AA
HA|PP755589.1|A/cattle/Texas/24-008749-003/2024(H5N1)	465	A	G	0	0	0	401	184	38	1	401	2.30644e-259	TRUE	HA:cds-XAJ25415.1	GGA	G	GGG	G	155
HA|PP755589.1|A/cattle/Texas/24-008749-003/2024(H5N1)	651	G	A	0	0	0	478	174	38	1	478	1.77221e-304	TRUE	HA:cds-XAJ25415.1	GGG	G	GGA	G	217
HA|PP755589.1|A/cattle/Texas/24-008749-003/2024(H5N1)	1052	T	A	441	264	39	36	6	39	0.0754717	477	2.42398e-13	TRUE	HA:cds-XAJ25415.1	ATA	I	AAA	K	351
HA|PP755589.1|A/cattle/Texas/24-008749-003/2024(H5N1)	1163	A	G	3636	350	40	264	23	40	0.0676403	3903	7.31321e-90	TRUE	HA:cds-XAJ25415.1	AAG	K	AGG	R	388
HA|PP755589.1|A/cattle/Texas/24-008749-003/2024(H5N1)	1179	T	C	3300	318	41	1744	138	39	0.345757	5044	0	TRUE	HA:cds-XAJ25415.1	GTT	V	GTC	V	393
HA|PP755589.1|A/cattle/Texas/24-008749-003/2024(H5N1)	1275	G	A	2	1	37	4744	1117	40	0.999368	4747	0	TRUE	HA:cds-XAJ25415.1	TTG	L	TTA	L	425
