REGION	POS	REF	ALT	REF_DP	REF_RV	REF_QUAL	ALT_DP	ALT_RV	ALT_QUAL	ALT_FREQ	TOTAL_DP	PVAL	PASS	GFF_FEATURE	REF_CODON	REF_AA	ALT_CODON	ALT_AA	POS_AA
PA|PP755594.1|A/cattle/Texas/24-008749-003/2024(H5N1)	7	G	T	136	5	35	2	0	34	0.0144928	138	0.0309649	FALSE	PA:cds-XAJ25422.1	GAC	D	TAC	Y	3
PA|PP755594.1|A/cattle/Texas/24-008749-003/2024(H5N1)	7	G	T	136	5	35	2	0	34	0.0144928	138	0.0309649	FALSE	PA-X:cds-XAJ25423.1	GAC	D	TAC	Y	3
PA|PP755594.1|A/cattle/Texas/24-008749-003/2024(H5N1)	59	C	-AATG	618	62	36	29	0	20	0.0171294	1693	2.21383e-07	TRUE	NA	NA	NA	NA	NA	NA
PA|PP755594.1|A/cattle/Texas/24-008749-003/2024(H5N1)	97	A	-ACAAATTTGCCGCAATATGC	896	136	37	32	0	20	0.015984	2002	7.47515e-06	TRUE	NA	NA	NA	NA	NA	NA
PA|PP755594.1|A/cattle/Texas/24-008749-003/2024(H5N1)	111	A	-AT	1008	194	38	29	0	20	0.0135451	2141	0.000176119	TRUE	NA	NA	NA	NA	NA	NA
PA|PP755594.1|A/cattle/Texas/24-008749-003/2024(H5N1)	822	T	C	699	433	38	1101	585	36	0.611667	1800	0	TRUE	PA:cds-XAJ25422.1	CCT	P	CCC	P	274
PA|PP755594.1|A/cattle/Texas/24-008749-003/2024(H5N1)	1053	G	A	1703	910	39	52	25	39	0.0296296	1755	2.32208e-16	TRUE	PA:cds-XAJ25422.1	GAG	E	GAA	E	351
PA|PP755594.1|A/cattle/Texas/24-008749-003/2024(H5N1)	1616	A	G	1704	1033	37	333	206	35	0.163476	2037	1.09819e-113	TRUE	PA:cds-XAJ25422.1	AAG	K	AGG	R	539
PA|PP755594.1|A/cattle/Texas/24-008749-003/2024(H5N1)	1824	C	T	2034	1097	38	22	15	36	0.0107004	2056	3.37981e-06	TRUE	PA:cds-XAJ25422.1	TCC	S	TCT	S	608
PA|PP755594.1|A/cattle/Texas/24-008749-003/2024(H5N1)	2048	T	+TATCAGAAGAATTTGGCGTCAAGC	1809	1307	43	30	0	20	0.0124121	2417	0.0448704	FALSE	NA	NA	NA	NA	NA	NA
PA|PP755594.1|A/cattle/Texas/24-008749-003/2024(H5N1)	2051	G	A	1807	1325	43	30	21	45	0.016331	1837	8.10206e-12	TRUE	PA:cds-XAJ25422.1	GGG	G	GAG	E	684
