REGION	POS	REF	ALT	REF_DP	REF_RV	REF_QUAL	ALT_DP	ALT_RV	ALT_QUAL	ALT_FREQ	TOTAL_DP	PVAL	PASS	GFF_FEATURE	REF_CODON	REF_AA	ALT_CODON	ALT_AA	POS_AA
NA|PP755591.1|A/cattle/Texas/24-008749-003/2024(H5N1)	199	A	G	2	1	37	3851	1908	36	0.997927	3859	0	TRUE	NA:cds-XAJ25418.1	ATC	I	GTC	V	67
NA|PP755591.1|A/cattle/Texas/24-008749-003/2024(H5N1)	202	A	C	3867	1929	36	55	29	35	0.014002	3928	3.3867e-13	TRUE	NA:cds-XAJ25418.1	AAC	N	CAC	H	68
NA|PP755591.1|A/cattle/Texas/24-008749-003/2024(H5N1)	212	G	A	4	1	34	3531	1784	34	0.998868	3535	0	TRUE	NA:cds-XAJ25418.1	AGT	S	AAT	N	71
NA|PP755591.1|A/cattle/Texas/24-008749-003/2024(H5N1)	264	T	C	3634	1937	35	37	16	36	0.010079	3671	2.738e-09	TRUE	NA:cds-XAJ25418.1	AAT	N	AAC	N	88
NA|PP755591.1|A/cattle/Texas/24-008749-003/2024(H5N1)	591	T	C	2	1	31	3325	1678	36	0.999099	3328	0	TRUE	NA:cds-XAJ25418.1	GGT	G	GGC	G	197
NA|PP755591.1|A/cattle/Texas/24-008749-003/2024(H5N1)	711	C	T	2	0	37	2898	1459	35	0.99931	2900	0	TRUE	NA:cds-XAJ25418.1	TCC	S	TCT	S	237
NA|PP755591.1|A/cattle/Texas/24-008749-003/2024(H5N1)	914	C	T	3363	1648	36	340	162	34	0.0918174	3703	4.00763e-103	TRUE	NA:cds-XAJ25418.1	TCT	S	TTT	F	305
NA|PP755591.1|A/cattle/Texas/24-008749-003/2024(H5N1)	961	A	G	9	3	35	3800	1592	36	0.997637	3809	0	TRUE	NA:cds-XAJ25418.1	ATT	I	GTT	V	321
NA|PP755591.1|A/cattle/Texas/24-008749-003/2024(H5N1)	982	C	T	3694	1610	35	55	18	34	0.0146706	3749	2.2227e-14	TRUE	NA:cds-XAJ25418.1	CCC	P	TCC	S	328
NA|PP755591.1|A/cattle/Texas/24-008749-003/2024(H5N1)	1062	T	C	7	4	35	4236	1866	35	0.99835	4243	0	TRUE	NA:cds-XAJ25418.1	GGT	G	GGC	G	354
