REGION	POS	REF	ALT	REF_DP	REF_RV	REF_QUAL	ALT_DP	ALT_RV	ALT_QUAL	ALT_FREQ	TOTAL_DP	PVAL	PASS	GFF_FEATURE	REF_CODON	REF_AA	ALT_CODON	ALT_AA	POS_AA
NP|PP755592.1|A/cattle/Texas/24-008749-003/2024(H5N1)	399	C	A	1777	1047	36	68	49	36	0.0368564	1845	4.89244e-20	TRUE	NP:cds-XAJ25419.1	CTC	L	CTA	L	133
NP|PP755592.1|A/cattle/Texas/24-008749-003/2024(H5N1)	471	T	C	1585	870	36	211	88	36	0.117483	1796	2.45065e-66	TRUE	NP:cds-XAJ25419.1	ACT	T	ACC	T	157
NP|PP755592.1|A/cattle/Texas/24-008749-003/2024(H5N1)	687	G	A	1430	799	36	57	39	36	0.0383322	1487	8.74042e-17	TRUE	NP:cds-XAJ25419.1	AAG	K	AAA	K	229
NP|PP755592.1|A/cattle/Texas/24-008749-003/2024(H5N1)	796	C	T	1854	1116	36	67	43	35	0.0348777	1921	6.75474e-20	TRUE	NP:cds-XAJ25419.1	CTG	L	TTG	L	266
NP|PP755592.1|A/cattle/Texas/24-008749-003/2024(H5N1)	996	A	T	1480	729	36	63	26	34	0.0408296	1543	7.75571e-19	TRUE	NP:cds-XAJ25419.1	GCA	A	GCT	A	332
NP|PP755592.1|A/cattle/Texas/24-008749-003/2024(H5N1)	1024	A	G	1479	771	36	24	11	36	0.0159681	1503	5.27766e-07	TRUE	NP:cds-XAJ25419.1	AGA	R	GGA	G	342
NP|PP755592.1|A/cattle/Texas/24-008749-003/2024(H5N1)	1043	G	A	1408	746	36	37	19	35	0.0256055	1445	9.19192e-11	TRUE	NP:cds-XAJ25419.1	AGA	R	AAA	K	348
NP|PP755592.1|A/cattle/Texas/24-008749-003/2024(H5N1)	1323	A	G	1164	779	36	26	21	36	0.0218487	1190	1.24392e-07	TRUE	NP:cds-XAJ25419.1	AGA	R	AGG	R	441
NP|PP755592.1|A/cattle/Texas/24-008749-003/2024(H5N1)	1409	A	G	1302	1160	36	17	13	35	0.0128886	1319	5.32859e-05	TRUE	NP:cds-XAJ25419.1	AAG	K	AGG	R	470
