REGION	POS	REF	ALT	REF_DP	REF_RV	REF_QUAL	ALT_DP	ALT_RV	ALT_QUAL	ALT_FREQ	TOTAL_DP	PVAL	PASS	GFF_FEATURE	REF_CODON	REF_AA	ALT_CODON	ALT_AA	POS_AA
NP|PP755592.1|A/cattle/Texas/24-008749-003/2024(H5N1)	697	G	A	6691	3745	34	1250	695	34	0.157233	7950	0	TRUE	NP:cds-XAJ25419.1	GCA	A	ACA	T	233
NP|PP755592.1|A/cattle/Texas/24-008749-003/2024(H5N1)	762	A	G	1	1	60	7816	4367	35	0.998722	7826	0	TRUE	NP:cds-XAJ25419.1	GAA	E	GAG	E	254
NP|PP755592.1|A/cattle/Texas/24-008749-003/2024(H5N1)	1200	A	T	8741	4323	36	109	0	29	0.0122983	8863	0.0696036	FALSE	NP:cds-XAJ25419.1	AGA	R	AGT	S	400
