REGION	POS	REF	ALT	REF_DP	REF_RV	REF_QUAL	ALT_DP	ALT_RV	ALT_QUAL	ALT_FREQ	TOTAL_DP	PVAL	PASS	GFF_FEATURE	REF_CODON	REF_AA	ALT_CODON	ALT_AA	POS_AA
PB2|PP755596.1|A/cattle/Texas/24-008749-003/2024(H5N1)	10	A	G	0	0	0	780	310	33	1	780	0	TRUE	PB2:cds-XAJ25426.1	ATA	I	GTA	V	4
PB2|PP755596.1|A/cattle/Texas/24-008749-003/2024(H5N1)	764	C	T	0	0	0	6071	2874	33	0.999671	6073	0	TRUE	PB2:cds-XAJ25426.1	GCA	A	GTA	V	255
PB2|PP755596.1|A/cattle/Texas/24-008749-003/2024(H5N1)	899	A	G	3560	1691	33	2344	1197	33	0.396885	5906	0	TRUE	PB2:cds-XAJ25426.1	CAA	Q	CGA	R	300
PB2|PP755596.1|A/cattle/Texas/24-008749-003/2024(H5N1)	1242	T	C	0	0	0	4964	2210	33	1	4964	0	TRUE	PB2:cds-XAJ25426.1	GTT	V	GTC	V	414
PB2|PP755596.1|A/cattle/Texas/24-008749-003/2024(H5N1)	1731	C	T	6467	3370	33	143	85	33	0.0216339	6610	2.42031e-36	TRUE	PB2:cds-XAJ25426.1	TTC	F	TTT	F	577
PB2|PP755596.1|A/cattle/Texas/24-008749-003/2024(H5N1)	2023	T	C	1	1	34	7832	3807	33	0.999617	7835	0	TRUE	PB2:cds-XAJ25426.1	TTG	L	CTG	L	675
