REGION	POS	REF	ALT	REF_DP	REF_RV	REF_QUAL	ALT_DP	ALT_RV	ALT_QUAL	ALT_FREQ	TOTAL_DP	PVAL	PASS	GFF_FEATURE	REF_CODON	REF_AA	ALT_CODON	ALT_AA	POS_AA
NS|PP755593.1|A/cattle/Texas/24-008749-003/2024(H5N1)	62	G	A	1	0	34	22929	6465	33	0.999913	22931	0	TRUE	NS1:cds-XAJ25420.1	CGA	R	CAA	Q	21
NS|PP755593.1|A/cattle/Texas/24-008749-003/2024(H5N1)	138	A	G	43481	16692	33	574	202	33	0.0130236	44074	2.68829e-128	TRUE	NS1:cds-XAJ25420.1	AGA	R	AGG	R	46
NS|PP755593.1|A/cattle/Texas/24-008749-003/2024(H5N1)	222	T	C	13	9	34	51065	26424	33	0.999648	51083	0	TRUE	NS1:cds-XAJ25420.1	GAT	D	GAC	D	74
NS|PP755593.1|A/cattle/Texas/24-008749-003/2024(H5N1)	240	T	C	10	4	33	50373	28609	33	0.999742	50386	0	TRUE	NS1:cds-XAJ25420.1	ACT	T	ACC	T	80
NS|PP755593.1|A/cattle/Texas/24-008749-003/2024(H5N1)	441	C	T	16	7	34	51548	23271	33	0.999612	51568	0	TRUE	NS1:cds-XAJ25420.1	CTC	L	CTT	L	147
