REGION	POS	REF	ALT	REF_DP	REF_RV	REF_QUAL	ALT_DP	ALT_RV	ALT_QUAL	ALT_FREQ	TOTAL_DP	PVAL	PASS	GFF_FEATURE	REF_CODON	REF_AA	ALT_CODON	ALT_AA	POS_AA
HA|PP755589.1|A/cattle/Texas/24-008749-003/2024(H5N1)	57	T	C	2459	262	37	39	2	39	0.0156125	2498	1.45976e-14	TRUE	HA:cds-XAJ25415.1	ATT	I	ATC	I	19
HA|PP755589.1|A/cattle/Texas/24-008749-003/2024(H5N1)	465	A	G	3	1	34	5886	3061	39	0.999321	5890	0	TRUE	HA:cds-XAJ25415.1	GGA	G	GGG	G	155
HA|PP755589.1|A/cattle/Texas/24-008749-003/2024(H5N1)	602	A	G	5626	2407	38	823	437	35	0.127597	6450	2.1382e-277	TRUE	HA:cds-XAJ25415.1	GAA	E	GGA	G	201
HA|PP755589.1|A/cattle/Texas/24-008749-003/2024(H5N1)	651	G	A	4	2	34	5748	2503	37	0.999131	5753	0	TRUE	HA:cds-XAJ25415.1	GGG	G	GGA	G	217
HA|PP755589.1|A/cattle/Texas/24-008749-003/2024(H5N1)	1227	G	A	19	9	39	8530	3123	39	0.997778	8549	0	TRUE	HA:cds-XAJ25415.1	GAG	E	GAA	E	409
HA|PP755589.1|A/cattle/Texas/24-008749-003/2024(H5N1)	1275	G	A	0	0	0	8565	4035	38	1	8565	0	TRUE	HA:cds-XAJ25415.1	TTG	L	TTA	L	425
