REGION	POS	REF	ALT	REF_DP	REF_RV	REF_QUAL	ALT_DP	ALT_RV	ALT_QUAL	ALT_FREQ	TOTAL_DP	PVAL	PASS	GFF_FEATURE	REF_CODON	REF_AA	ALT_CODON	ALT_AA	POS_AA
NS|PP755593.1|A/cattle/Texas/24-008749-003/2024(H5N1)	43	C	T	83691	9213	37	1044	101	37	0.0123197	84742	3.06795e-317	TRUE	NS1:cds-XAJ25420.1	CTT	L	TTT	F	15
NS|PP755593.1|A/cattle/Texas/24-008749-003/2024(H5N1)	222	T	C	24	15	39	186808	99467	39	0.99985	186836	0	TRUE	NS1:cds-XAJ25420.1	GAT	D	GAC	D	74
NS|PP755593.1|A/cattle/Texas/24-008749-003/2024(H5N1)	388	C	T	177469	84011	38	14094	7370	37	0.073571	191570	0	TRUE	NS1:cds-XAJ25420.1	CTG	L	TTG	L	130
NS|PP755593.1|A/cattle/Texas/24-008749-003/2024(H5N1)	423	G	A	57	34	39	178409	93366	38	0.999636	178474	0	TRUE	NS1:cds-XAJ25420.1	CTG	L	CTA	L	141
NS|PP755593.1|A/cattle/Texas/24-008749-003/2024(H5N1)	757	A	G	27	19	49	136325	114309	43	0.999699	136366	0	TRUE	NEP:cds-XAJ25421.1	GAA	E	GAG	E	85
NS|PP755593.1|A/cattle/Texas/24-008749-003/2024(H5N1)	805	A	G	85735	78776	39	5067	4571	38	0.0558009	90805	0	TRUE	NEP:cds-XAJ25421.1	CAA	Q	CAG	Q	101
