REGION	POS	REF	ALT	REF_DP	REF_RV	REF_QUAL	ALT_DP	ALT_RV	ALT_QUAL	ALT_FREQ	TOTAL_DP	PVAL	PASS	GFF_FEATURE	REF_CODON	REF_AA	ALT_CODON	ALT_AA	POS_AA
PB2|PP755596.1|A/cattle/Texas/24-008749-003/2024(H5N1)	390	T	C	1	1	34	5217	2813	33	0.999808	5218	0	TRUE	PB2:cds-XAJ25426.1	TTT	F	TTC	F	130
PB2|PP755596.1|A/cattle/Texas/24-008749-003/2024(H5N1)	594	C	A	0	0	0	4658	2845	32	1	4658	0	TRUE	PB2:cds-XAJ25426.1	ATC	I	ATA	I	198
PB2|PP755596.1|A/cattle/Texas/24-008749-003/2024(H5N1)	764	C	T	2	0	34	4834	2236	33	0.99938	4837	0	TRUE	PB2:cds-XAJ25426.1	GCA	A	GTA	V	255
PB2|PP755596.1|A/cattle/Texas/24-008749-003/2024(H5N1)	958	A	G	5808	2955	33	92	44	33	0.0155906	5901	9.54915e-22	TRUE	PB2:cds-XAJ25426.1	AGC	S	GGC	G	320
PB2|PP755596.1|A/cattle/Texas/24-008749-003/2024(H5N1)	1026	A	G	0	0	0	4960	2843	33	1	4960	0	TRUE	PB2:cds-XAJ25426.1	GAA	E	GAG	E	342
PB2|PP755596.1|A/cattle/Texas/24-008749-003/2024(H5N1)	1085	G	A	1189	364	32	3541	1555	32	0.747993	4734	0	TRUE	PB2:cds-XAJ25426.1	GGG	G	GAG	E	362
PB2|PP755596.1|A/cattle/Texas/24-008749-003/2024(H5N1)	1182	T	A	5658	2676	33	303	112	32	0.0508133	5963	4.07139e-85	TRUE	PB2:cds-XAJ25426.1	ATT	I	ATA	I	394
PB2|PP755596.1|A/cattle/Texas/24-008749-003/2024(H5N1)	1183	G	A	5634	2682	33	323	114	33	0.0542219	5957	1.23412e-90	TRUE	PB2:cds-XAJ25426.1	GCT	A	ACT	T	395
PB2|PP755596.1|A/cattle/Texas/24-008749-003/2024(H5N1)	1224	C	T	1	0	34	5481	2326	33	0.999635	5483	0	TRUE	PB2:cds-XAJ25426.1	GAC	D	GAT	D	408
PB2|PP755596.1|A/cattle/Texas/24-008749-003/2024(H5N1)	1242	T	C	6	3	34	4765	2120	33	0.998742	4771	0	TRUE	PB2:cds-XAJ25426.1	GTT	V	GTC	V	414
PB2|PP755596.1|A/cattle/Texas/24-008749-003/2024(H5N1)	1254	G	A	0	0	0	4964	2232	33	1	4964	0	TRUE	PB2:cds-XAJ25426.1	CTG	L	CTA	L	418
PB2|PP755596.1|A/cattle/Texas/24-008749-003/2024(H5N1)	2026	G	A	4672	2624	33	2055	1168	33	0.305485	6727	0	TRUE	PB2:cds-XAJ25426.1	GCC	A	ACC	T	676
PB2|PP755596.1|A/cattle/Texas/24-008749-003/2024(H5N1)	2139	G	A	2368	1551	33	3462	2099	33	0.593825	5830	0	TRUE	PB2:cds-XAJ25426.1	CTG	L	CTA	L	713
