REGION	POS	REF	ALT	REF_DP	REF_RV	REF_QUAL	ALT_DP	ALT_RV	ALT_QUAL	ALT_FREQ	TOTAL_DP	PVAL	PASS	GFF_FEATURE	REF_CODON	REF_AA	ALT_CODON	ALT_AA	POS_AA
NA|PP755591.1|A/cattle/Texas/24-008749-003/2024(H5N1)	41	G	A	272	40	36	3	1	37	0.0109091	275	0.0312384	FALSE	NA:cds-XAJ25418.1	TGT	C	TAT	Y	14
NA|PP755591.1|A/cattle/Texas/24-008749-003/2024(H5N1)	194	C	T	959	345	36	15	8	34	0.0154004	974	2.57523e-05	TRUE	NA:cds-XAJ25418.1	ACG	T	ATG	M	65
NA|PP755591.1|A/cattle/Texas/24-008749-003/2024(H5N1)	720	C	T	1209	728	36	20	12	35	0.0162734	1229	8.49961e-06	TRUE	NA:cds-XAJ25418.1	ACC	T	ACT	T	240
NA|PP755591.1|A/cattle/Texas/24-008749-003/2024(H5N1)	850	G	A	1216	707	36	14	6	34	0.0113821	1230	0.000443457	TRUE	NA:cds-XAJ25418.1	GAT	D	AAT	N	284
NA|PP755591.1|A/cattle/Texas/24-008749-003/2024(H5N1)	855	G	A	1171	664	36	16	9	37	0.0134794	1187	0.000111298	TRUE	NA:cds-XAJ25418.1	GCG	A	GCA	A	285
