REGION	POS	REF	ALT	REF_DP	REF_RV	REF_QUAL	ALT_DP	ALT_RV	ALT_QUAL	ALT_FREQ	TOTAL_DP	PVAL	PASS	GFF_FEATURE	REF_CODON	REF_AA	ALT_CODON	ALT_AA	POS_AA
NA|PP755591.1|A/cattle/Texas/24-008749-003/2024(H5N1)	25	A	G	60	15	38	1	1	37	0.0163934	61	0.18541	FALSE	NA:cds-XAJ25418.1	ACC	T	GCC	A	9
NA|PP755591.1|A/cattle/Texas/24-008749-003/2024(H5N1)	30	T	C	91	17	38	1	0	34	0.0108696	92	0.234694	FALSE	NA:cds-XAJ25418.1	ATT	I	ATC	I	10
NA|PP755591.1|A/cattle/Texas/24-008749-003/2024(H5N1)	373	T	C	598	282	43	82	31	44	0.120588	680	4.20951e-32	TRUE	NA:cds-XAJ25418.1	TCC	S	CCC	P	125
NA|PP755591.1|A/cattle/Texas/24-008749-003/2024(H5N1)	489	G	A	659	339	40	8	1	46	0.011994	667	0.00148517	TRUE	NA:cds-XAJ25418.1	GTG	V	GTA	V	163
NA|PP755591.1|A/cattle/Texas/24-008749-003/2024(H5N1)	571	T	C	1	1	46	634	281	40	0.998425	635	0	TRUE	NA:cds-XAJ25418.1	TTG	L	CTG	L	191
NA|PP755591.1|A/cattle/Texas/24-008749-003/2024(H5N1)	761	A	G	556	284	42	183	94	38	0.247632	739	6.19192e-72	TRUE	NA:cds-XAJ25418.1	AAA	K	AGA	R	254
NA|PP755591.1|A/cattle/Texas/24-008749-003/2024(H5N1)	906	G	A	658	344	41	10	3	38	0.0149701	668	0.000295469	TRUE	NA:cds-XAJ25418.1	CCG	P	CCA	P	302
NA|PP755591.1|A/cattle/Texas/24-008749-003/2024(H5N1)	1225	C	A	577	333	41	52	36	39	0.0826709	629	7.14754e-20	TRUE	NA:cds-XAJ25418.1	CAT	H	AAT	N	409
