REGION	POS	REF	ALT	REF_DP	REF_RV	REF_QUAL	ALT_DP	ALT_RV	ALT_QUAL	ALT_FREQ	TOTAL_DP	PVAL	PASS	GFF_FEATURE	REF_CODON	REF_AA	ALT_CODON	ALT_AA	POS_AA
PA|PP755586.1|A/cattle/Texas/24-008749-002/2024(H5N1)	19	C	G	714	105	33	9	1	34	0.0124481	723	1.71236e-05	TRUE	NA	NA	NA	NA	NA	NA
PA|PP755586.1|A/cattle/Texas/24-008749-002/2024(H5N1)	298	G	A	3	0	34	4486	1681	33	0.999332	4489	0	TRUE	NA	NA	NA	NA	NA	NA
PA|PP755586.1|A/cattle/Texas/24-008749-002/2024(H5N1)	618	A	G	1	0	34	5742	2387	33	0.999826	5743	0	TRUE	NA	NA	NA	NA	NA	NA
PA|PP755586.1|A/cattle/Texas/24-008749-002/2024(H5N1)	795	A	G	5	2	34	5660	3425	33	0.998941	5666	0	TRUE	NA	NA	NA	NA	NA	NA
PA|PP755586.1|A/cattle/Texas/24-008749-002/2024(H5N1)	1197	G	A	1	0	34	5564	2338	33	0.999641	5566	0	TRUE	NA	NA	NA	NA	NA	NA
PA|PP755586.1|A/cattle/Texas/24-008749-002/2024(H5N1)	1578	T	C	5211	2892	31	124	84	33	0.0232427	5335	1.2512e-35	TRUE	NA	NA	NA	NA	NA	NA
PA|PP755586.1|A/cattle/Texas/24-008749-002/2024(H5N1)	1872	A	G	1	0	34	6158	3523	33	0.999838	6159	0	TRUE	NA	NA	NA	NA	NA	NA
