REGION	POS	REF	ALT	REF_DP	REF_RV	REF_QUAL	ALT_DP	ALT_RV	ALT_QUAL	ALT_FREQ	TOTAL_DP	PVAL	PASS	GFF_FEATURE	REF_CODON	REF_AA	ALT_CODON	ALT_AA	POS_AA
PB2|PP755596.1|A/cattle/Texas/24-008749-003/2024(H5N1)	48	T	C	89	22	36	1	0	37	0.0111111	90	0.234375	FALSE	PB2:cds-XAJ25426.1	ACT	T	ACC	T	16
PB2|PP755596.1|A/cattle/Texas/24-008749-003/2024(H5N1)	51	C	T	97	20	36	1	1	25	0.0102041	98	0.67666	FALSE	PB2:cds-XAJ25426.1	CGC	R	CGT	R	17
PB2|PP755596.1|A/cattle/Texas/24-008749-003/2024(H5N1)	746	A	G	0	0	0	459	199	36	1	459	2.73968e-282	TRUE	PB2:cds-XAJ25426.1	GAA	E	GGA	G	249
PB2|PP755596.1|A/cattle/Texas/24-008749-003/2024(H5N1)	764	C	T	0	0	0	467	201	35	1	467	1.20439e-285	TRUE	PB2:cds-XAJ25426.1	GCA	A	GTA	V	255
PB2|PP755596.1|A/cattle/Texas/24-008749-003/2024(H5N1)	1242	T	C	0	0	0	383	165	36	1	383	1.11355e-235	TRUE	PB2:cds-XAJ25426.1	GTT	V	GTC	V	414
PB2|PP755596.1|A/cattle/Texas/24-008749-003/2024(H5N1)	1311	C	T	0	0	0	422	176	36	1	422	2.61432e-260	TRUE	PB2:cds-XAJ25426.1	CAC	H	CAT	H	437
PB2|PP755596.1|A/cattle/Texas/24-008749-003/2024(H5N1)	1460	A	G	490	265	36	5	2	37	0.010101	495	0.0300121	FALSE	PB2:cds-XAJ25426.1	GAA	E	GGA	G	487
PB2|PP755596.1|A/cattle/Texas/24-008749-003/2024(H5N1)	1984	A	G	509	266	36	6	5	34	0.0116505	515	0.0135599	FALSE	PB2:cds-XAJ25426.1	ACC	T	GCC	A	662
