REGION	POS	REF	ALT	REF_DP	REF_RV	REF_QUAL	ALT_DP	ALT_RV	ALT_QUAL	ALT_FREQ	TOTAL_DP	PVAL	PASS	GFF_FEATURE	REF_CODON	REF_AA	ALT_CODON	ALT_AA	POS_AA
NS|PP755593.1|A/cattle/Texas/24-008749-003/2024(H5N1)	20	T	C	1	0	33	504	125	48	0.99802	505	0	TRUE	NEP:cds-XAJ25421.1	TTA	L	TCA	S	7
NS|PP755593.1|A/cattle/Texas/24-008749-003/2024(H5N1)	20	T	C	1	0	33	504	125	48	0.99802	505	0	TRUE	NS1:cds-XAJ25420.1	TTA	L	TCA	S	7
NS|PP755593.1|A/cattle/Texas/24-008749-003/2024(H5N1)	129	A	C	1185	472	61	31	10	53	0.0254934	1216	2.30012e-16	TRUE	NS1:cds-XAJ25420.1	CTA	L	CTC	L	43
NS|PP755593.1|A/cattle/Texas/24-008749-003/2024(H5N1)	141	C	T	1216	496	60	59	30	63	0.0462745	1275	1.39288e-30	TRUE	NS1:cds-XAJ25420.1	GGC	G	GGT	G	47
NS|PP755593.1|A/cattle/Texas/24-008749-003/2024(H5N1)	183	G	A	1	1	77	1426	588	62	0.999299	1427	0	TRUE	NS1:cds-XAJ25420.1	GGG	G	GGA	G	61
NS|PP755593.1|A/cattle/Texas/24-008749-003/2024(H5N1)	222	T	C	0	0	0	1553	710	61	1	1553	0	TRUE	NS1:cds-XAJ25420.1	GAT	D	GAC	D	74
NS|PP755593.1|A/cattle/Texas/24-008749-003/2024(H5N1)	482	C	T	1467	732	61	19	11	52	0.012786	1486	4.50976e-09	TRUE	NS1:cds-XAJ25420.1	TCA	S	TTA	L	161
NS|PP755593.1|A/cattle/Texas/24-008749-003/2024(H5N1)	487	T	C	1479	744	63	16	8	63	0.0107023	1495	8.09635e-08	TRUE	NS1:cds-XAJ25420.1	TTG	L	CTG	L	163
NS|PP755593.1|A/cattle/Texas/24-008749-003/2024(H5N1)	606	T	A	1521	775	62	61	32	59	0.0385588	1582	1.51569e-27	TRUE	NEP:cds-XAJ25421.1	CTT	L	CAT	H	35
NS|PP755593.1|A/cattle/Texas/24-008749-003/2024(H5N1)	606	T	A	1521	775	62	61	32	59	0.0385588	1582	1.51569e-27	TRUE	NS1:cds-XAJ25420.1	GCT	A	GCA	A	202
