REGION	POS	REF	ALT	REF_DP	REF_RV	REF_QUAL	ALT_DP	ALT_RV	ALT_QUAL	ALT_FREQ	TOTAL_DP	PVAL	PASS	GFF_FEATURE	REF_CODON	REF_AA	ALT_CODON	ALT_AA	POS_AA
PB1|PP755595.1|A/cattle/Texas/24-008749-003/2024(H5N1)	1902	C	-AAAGAAAT	21	11	38	3	0	20	0.125	24	0.124823	FALSE	NA	NA	NA	NA	NA	NA
PB1|PP755595.1|A/cattle/Texas/24-008749-003/2024(H5N1)	1960	A	G	20	11	36	1	0	39	0.047619	21	0.477273	FALSE	PB1:cds-XAJ25424.1	AGT	S	GGT	G	654
PB1|PP755595.1|A/cattle/Texas/24-008749-003/2024(H5N1)	1969	T	+AGAATGAAATGGATGATGGC	22	13	37	2	0	20	0.0769231	26	0.234694	FALSE	NA	NA	NA	NA	NA	NA
PB1|PP755595.1|A/cattle/Texas/24-008749-003/2024(H5N1)	1986	C	T	19	11	37	2	1	34	0.0952381	21	0.212121	FALSE	PB1:cds-XAJ25424.1	ACC	T	ACT	T	662
PB1|PP755595.1|A/cattle/Texas/24-008749-003/2024(H5N1)	2052	A	T	22	11	37	1	1	39	0.0434783	23	0.5	FALSE	PB1:cds-XAJ25424.1	GAA	E	GAT	D	684
PB1|PP755595.1|A/cattle/Texas/24-008749-003/2024(H5N1)	2082	T	-CTATTTGAAAAATTCTTCC	21	11	37	3	0	20	0.125	24	0.124823	FALSE	NA	NA	NA	NA	NA	NA
