REGION	POS	REF	ALT	REF_DP	REF_RV	REF_QUAL	ALT_DP	ALT_RV	ALT_QUAL	ALT_FREQ	TOTAL_DP	PVAL	PASS	GFF_FEATURE	REF_CODON	REF_AA	ALT_CODON	ALT_AA	POS_AA
NA|PP755591.1|A/cattle/Texas/24-008749-003/2024(H5N1)	212	G	A	4	1	31	3503	1777	34	0.998859	3507	0	TRUE	NA:cds-XAJ25418.1	AGT	S	AAT	N	71
NA|PP755591.1|A/cattle/Texas/24-008749-003/2024(H5N1)	432	T	C	576	302	35	3072	1510	36	0.842105	3648	0	TRUE	NA:cds-XAJ25418.1	CAT	H	CAC	H	144
NA|PP755591.1|A/cattle/Texas/24-008749-003/2024(H5N1)	810	T	C	3115	1848	36	35	22	35	0.0111076	3151	2.09297e-08	TRUE	NA:cds-XAJ25418.1	AAT	N	AAC	N	270
