REGION	POS	REF	ALT	REF_DP	REF_RV	REF_QUAL	ALT_DP	ALT_RV	ALT_QUAL	ALT_FREQ	TOTAL_DP	PVAL	PASS	GFF_FEATURE	REF_CODON	REF_AA	ALT_CODON	ALT_AA	POS_AA
MP|PP755590.1|A/cattle/Texas/24-008749-003/2024(H5N1)	8	T	C	598	37	36	11	2	36	0.0180624	609	1.22842e-07	TRUE	M2:cds-XAJ25417.1	CTT	L	CCT	P	3
MP|PP755590.1|A/cattle/Texas/24-008749-003/2024(H5N1)	8	T	C	598	37	36	11	2	36	0.0180624	609	1.22842e-07	TRUE	M1:cds-XAJ25416.1	CTT	L	CCT	P	3
MP|PP755590.1|A/cattle/Texas/24-008749-003/2024(H5N1)	245	G	A	8	5	47	8202	3418	51	0.998904	8211	0	TRUE	M1:cds-XAJ25416.1	AGT	S	AAT	N	82
MP|PP755590.1|A/cattle/Texas/24-008749-003/2024(H5N1)	249	C	T	11	5	51	8345	3493	52	0.998445	8358	0	TRUE	M1:cds-XAJ25416.1	GCC	A	GCT	A	83
MP|PP755590.1|A/cattle/Texas/24-008749-003/2024(H5N1)	254	G	A	3	1	52	8452	3589	52	0.999409	8457	0	TRUE	M1:cds-XAJ25416.1	AGT	S	AAT	N	85
MP|PP755590.1|A/cattle/Texas/24-008749-003/2024(H5N1)	260	C	A	2	1	52	8351	3734	51	0.998207	8366	0	TRUE	M1:cds-XAJ25416.1	ACT	T	AAT	N	87
MP|PP755590.1|A/cattle/Texas/24-008749-003/2024(H5N1)	285	A	G	6	1	37	8820	4017	49	0.999094	8828	0	TRUE	M1:cds-XAJ25416.1	AGA	R	AGG	R	95
MP|PP755590.1|A/cattle/Texas/24-008749-003/2024(H5N1)	456	A	G	6	3	34	10467	4817	50	0.999427	10473	0	TRUE	M1:cds-XAJ25416.1	GAA	E	GAG	E	152
MP|PP755590.1|A/cattle/Texas/24-008749-003/2024(H5N1)	516	G	A	7	4	49	10836	4932	50	0.999354	10843	0	TRUE	M1:cds-XAJ25416.1	CTG	L	CTA	L	172
MP|PP755590.1|A/cattle/Texas/24-008749-003/2024(H5N1)	540	T	G	3	1	47	10581	5072	46	0.997643	10606	0	TRUE	M1:cds-XAJ25416.1	GTT	V	GTG	V	180
MP|PP755590.1|A/cattle/Texas/24-008749-003/2024(H5N1)	582	A	G	10010	4613	48	182	98	48	0.0178501	10196	2.34626e-67	TRUE	M1:cds-XAJ25416.1	GGA	G	GGG	G	194
MP|PP755590.1|A/cattle/Texas/24-008749-003/2024(H5N1)	679	A	G	4	3	38	8722	4765	49	0.999198	8729	0	TRUE	M1:cds-XAJ25416.1	ACC	T	GCC	A	227
MP|PP755590.1|A/cattle/Texas/24-008749-003/2024(H5N1)	950	A	G	1	1	39	2171	2006	42	0.99908	2173	0	TRUE	M2:cds-XAJ25417.1	AAT	N	GAT	D	79
MP|PP755590.1|A/cattle/Texas/24-008749-003/2024(H5N1)	973	G	A	1699	1577	40	35	34	39	0.0201845	1734	2.13688e-10	TRUE	M2:cds-XAJ25417.1	GAG	E	GAA	E	87
