REGION	POS	REF	ALT	REF_DP	REF_RV	REF_QUAL	ALT_DP	ALT_RV	ALT_QUAL	ALT_FREQ	TOTAL_DP	PVAL	PASS	GFF_FEATURE	REF_CODON	REF_AA	ALT_CODON	ALT_AA	POS_AA
HA|PP755589.1|A/cattle/Texas/24-008749-003/2024(H5N1)	311	A	G	2190	1037	36	490	234	35	0.182836	2680	7.43017e-167	TRUE	HA:cds-XAJ25415.1	GAC	D	GGC	G	104
HA|PP755589.1|A/cattle/Texas/24-008749-003/2024(H5N1)	393	G	A	1	0	34	2777	1230	35	0.99964	2778	0	TRUE	HA:cds-XAJ25415.1	CAG	Q	CAA	Q	131
HA|PP755589.1|A/cattle/Texas/24-008749-003/2024(H5N1)	465	A	G	1	0	34	2938	1399	36	0.99966	2939	0	TRUE	HA:cds-XAJ25415.1	GGA	G	GGG	G	155
HA|PP755589.1|A/cattle/Texas/24-008749-003/2024(H5N1)	651	G	A	0	0	0	3147	1309	35	1	3147	0	TRUE	HA:cds-XAJ25415.1	GGG	G	GGA	G	217
HA|PP755589.1|A/cattle/Texas/24-008749-003/2024(H5N1)	1052	T	A	3113	1812	36	36	5	34	0.0114322	3149	2.74764e-09	TRUE	HA:cds-XAJ25415.1	ATA	I	AAA	K	351
HA|PP755589.1|A/cattle/Texas/24-008749-003/2024(H5N1)	1275	G	A	1	1	34	7122	2610	36	0.999719	7124	0	TRUE	HA:cds-XAJ25415.1	TTG	L	TTA	L	425
