REGION	POS	REF	ALT	REF_DP	REF_RV	REF_QUAL	ALT_DP	ALT_RV	ALT_QUAL	ALT_FREQ	TOTAL_DP	PVAL	PASS	GFF_FEATURE	REF_CODON	REF_AA	ALT_CODON	ALT_AA	POS_AA
NS|PP755593.1|A/cattle/Texas/24-008749-003/2024(H5N1)	222	T	C	24	13	33	80678	41147	33	0.99969	80703	0	TRUE	NS1:cds-XAJ25420.1	GAT	D	GAC	D	74
NS|PP755593.1|A/cattle/Texas/24-008749-003/2024(H5N1)	423	G	A	64	42	33	77059	39306	33	0.999079	77130	0	TRUE	NS1:cds-XAJ25420.1	CTG	L	CTA	L	141
NS|PP755593.1|A/cattle/Texas/24-008749-003/2024(H5N1)	757	A	G	26	19	34	69129	51357	33	0.999508	69163	0	TRUE	NEP:cds-XAJ25421.1	GAA	E	GAG	E	85
