REGION	POS	REF	ALT	REF_DP	REF_RV	REF_QUAL	ALT_DP	ALT_RV	ALT_QUAL	ALT_FREQ	TOTAL_DP	PVAL	PASS	GFF_FEATURE	REF_CODON	REF_AA	ALT_CODON	ALT_AA	POS_AA
PB2|PP755596.1|A/cattle/Texas/24-008749-003/2024(H5N1)	279	C	T	3	2	34	3497	1835	32	0.999143	3500	0	TRUE	PB2:cds-XAJ25426.1	CCC	P	CCT	P	93
PB2|PP755596.1|A/cattle/Texas/24-008749-003/2024(H5N1)	764	C	T	2	0	34	4065	1854	33	0.999508	4067	0	TRUE	PB2:cds-XAJ25426.1	GCA	A	GTA	V	255
PB2|PP755596.1|A/cattle/Texas/24-008749-003/2024(H5N1)	1038	G	A	0	0	0	3939	2156	33	1	3939	0	TRUE	PB2:cds-XAJ25426.1	ACG	T	ACA	T	346
PB2|PP755596.1|A/cattle/Texas/24-008749-003/2024(H5N1)	1242	T	C	1	1	34	4069	1712	33	0.999754	4070	0	TRUE	PB2:cds-XAJ25426.1	GTT	V	GTC	V	414
PB2|PP755596.1|A/cattle/Texas/24-008749-003/2024(H5N1)	1803	G	A	0	0	0	4041	2186	32	1	4041	0	TRUE	PB2:cds-XAJ25426.1	CAG	Q	CAA	Q	601
