REGION	POS	REF	ALT	REF_DP	REF_RV	REF_QUAL	ALT_DP	ALT_RV	ALT_QUAL	ALT_FREQ	TOTAL_DP	PVAL	PASS	GFF_FEATURE	REF_CODON	REF_AA	ALT_CODON	ALT_AA	POS_AA
NA|PP755591.1|A/cattle/Texas/24-008749-003/2024(H5N1)	143	C	T	1	0	37	3212	501	36	0.999689	3213	0	TRUE	NA:cds-XAJ25418.1	CCA	P	CTA	L	48
NA|PP755591.1|A/cattle/Texas/24-008749-003/2024(H5N1)	212	G	A	0	0	0	3172	902	35	1	3172	0	TRUE	NA:cds-XAJ25418.1	AGT	S	AAT	N	71
NA|PP755591.1|A/cattle/Texas/24-008749-003/2024(H5N1)	616	T	G	0	0	0	5171	2749	36	0.999613	5173	0	TRUE	NA:cds-XAJ25418.1	TTG	L	GTG	V	206
NA|PP755591.1|A/cattle/Texas/24-008749-003/2024(H5N1)	1097	G	A	3910	2300	36	43	27	36	0.0108778	3953	9.62923e-10	TRUE	NA:cds-XAJ25418.1	AGT	S	AAT	N	366
