REGION	POS	REF	ALT	REF_DP	REF_RV	REF_QUAL	ALT_DP	ALT_RV	ALT_QUAL	ALT_FREQ	TOTAL_DP	PVAL	PASS	GFF_FEATURE	REF_CODON	REF_AA	ALT_CODON	ALT_AA	POS_AA
PB2|PP755596.1|A/cattle/Texas/24-008749-003/2024(H5N1)	15	A	C	639	121	41	12	0	34	0.0183486	654	4.52819e-08	TRUE	PB2:cds-XAJ25426.1	AAA	K	AAC	N	5
PB2|PP755596.1|A/cattle/Texas/24-008749-003/2024(H5N1)	510	T	C	3123	1322	44	302	103	45	0.0881752	3425	8.98975e-111	TRUE	PB2:cds-XAJ25426.1	AAT	N	AAC	N	170
PB2|PP755596.1|A/cattle/Texas/24-008749-003/2024(H5N1)	680	T	C	3332	1985	42	90	50	44	0.0262927	3423	3.94711e-32	TRUE	PB2:cds-XAJ25426.1	GTC	V	GCC	A	227
PB2|PP755596.1|A/cattle/Texas/24-008749-003/2024(H5N1)	764	C	T	3	2	33	3368	1556	43	0.998518	3373	0	TRUE	PB2:cds-XAJ25426.1	GCA	A	GTA	V	255
PB2|PP755596.1|A/cattle/Texas/24-008749-003/2024(H5N1)	1455	A	T	2440	1316	41	1252	720	40	0.33902	3693	0	TRUE	PB2:cds-XAJ25426.1	GTA	V	GTT	V	485
PB2|PP755596.1|A/cattle/Texas/24-008749-003/2024(H5N1)	2025	G	A	4395	2443	46	58	31	41	0.0130249	4453	1.38308e-21	TRUE	PB2:cds-XAJ25426.1	TTG	L	TTA	L	675
