REGION	POS	REF	ALT	REF_DP	REF_RV	REF_QUAL	ALT_DP	ALT_RV	ALT_QUAL	ALT_FREQ	TOTAL_DP	PVAL	PASS	GFF_FEATURE	REF_CODON	REF_AA	ALT_CODON	ALT_AA	POS_AA
PA|PP755594.1|A/cattle/Texas/24-008749-003/2024(H5N1)	37	A	G	36	4	33	1517	149	33	0.976819	1553	0	TRUE	PA:cds-XAJ25422.1	ATT	I	GTT	V	13
PA|PP755594.1|A/cattle/Texas/24-008749-003/2024(H5N1)	37	A	G	36	4	33	1517	149	33	0.976819	1553	0	TRUE	PA-X:cds-XAJ25423.1	ATT	I	GTT	V	13
PA|PP755594.1|A/cattle/Texas/24-008749-003/2024(H5N1)	657	T	C	647	408	33	7465	3461	33	0.920242	8112	0	TRUE	PA:cds-XAJ25422.1	ATT	I	ATC	I	219
PA|PP755594.1|A/cattle/Texas/24-008749-003/2024(H5N1)	657	T	C	647	408	33	7465	3461	33	0.920242	8112	0	TRUE	PA-X:cds-XAJ25423.1	TTC	F	TCC	S	29
PA|PP755594.1|A/cattle/Texas/24-008749-003/2024(H5N1)	1067	A	G	462	286	33	7520	4580	33	0.94212	7982	0	TRUE	PA:cds-XAJ25422.1	AAA	K	AGA	R	356
PA|PP755594.1|A/cattle/Texas/24-008749-003/2024(H5N1)	1490	G	A	113	47	33	8832	3676	33	0.987367	8945	0	TRUE	PA:cds-XAJ25422.1	AGG	R	AAG	K	497
PA|PP755594.1|A/cattle/Texas/24-008749-003/2024(H5N1)	2064	A	G	529	446	33	6565	5401	33	0.9253	7095	0	TRUE	PA:cds-XAJ25422.1	GAA	E	GAG	E	688
PA|PP755594.1|A/cattle/Texas/24-008749-003/2024(H5N1)	2146	A	G	3780	3320	33	150	143	30	0.0381582	3931	1.38354e-41	TRUE	PA:cds-XAJ25422.1	AAA	K	GAA	E	716
