REGION	POS	REF	ALT	REF_DP	REF_RV	REF_QUAL	ALT_DP	ALT_RV	ALT_QUAL	ALT_FREQ	TOTAL_DP	PVAL	PASS	GFF_FEATURE	REF_CODON	REF_AA	ALT_CODON	ALT_AA	POS_AA
PB1|PP755595.1|A/cattle/Texas/24-008749-003/2024(H5N1)	29	T	-GAAAGTTCCAGCGCAAAATGCC	20	2	40	2	0	20	0.0192308	104	0.0797262	FALSE	NA	NA	NA	NA	NA	NA
PB1|PP755595.1|A/cattle/Texas/24-008749-003/2024(H5N1)	95	A	G	86	4	40	1	0	37	0.0114943	87	0.337209	FALSE	PB1:cds-XAJ25424.1	CAT	H	CGT	R	32
PB1|PP755595.1|A/cattle/Texas/24-008749-003/2024(H5N1)	95	A	G	86	4	40	1	0	37	0.0114943	87	0.337209	FALSE	PB1-F2:cds-XAJ25425.1	ATG	M	GTG	V	1
PB1|PP755595.1|A/cattle/Texas/24-008749-003/2024(H5N1)	135	A	G	157	10	40	2	0	37	0.0125786	159	0.206847	FALSE	PB1:cds-XAJ25424.1	AGA	R	AGG	R	45
PB1|PP755595.1|A/cattle/Texas/24-008749-003/2024(H5N1)	135	A	G	157	10	40	2	0	37	0.0125786	159	0.206847	FALSE	PB1-F2:cds-XAJ25425.1	GAA	E	GGA	G	14
PB1|PP755595.1|A/cattle/Texas/24-008749-003/2024(H5N1)	834	G	A	225	128	38	3	2	37	0.0131579	228	0.111946	FALSE	PB1:cds-XAJ25424.1	AAG	K	AAA	K	278
PB1|PP755595.1|A/cattle/Texas/24-008749-003/2024(H5N1)	1120	G	A	244	120	40	3	3	37	0.0121457	247	0.103468	FALSE	PB1:cds-XAJ25424.1	GCG	A	ACG	T	374
PB1|PP755595.1|A/cattle/Texas/24-008749-003/2024(H5N1)	1182	T	C	224	126	39	3	1	33	0.0132159	227	0.107706	FALSE	PB1:cds-XAJ25424.1	CCT	P	CCC	P	394
PB1|PP755595.1|A/cattle/Texas/24-008749-003/2024(H5N1)	1301	C	G	297	109	39	3	0	37	0.01	300	0.113252	FALSE	PB1:cds-XAJ25424.1	ACA	T	AGA	R	434
PB1|PP755595.1|A/cattle/Texas/24-008749-003/2024(H5N1)	2199	A	G	399	371	39	5	5	37	0.0123762	404	0.0236606	FALSE	PB1:cds-XAJ25424.1	GGA	G	GGG	G	733
