REGION	POS	REF	ALT	REF_DP	REF_RV	REF_QUAL	ALT_DP	ALT_RV	ALT_QUAL	ALT_FREQ	TOTAL_DP	PVAL	PASS	GFF_FEATURE	REF_CODON	REF_AA	ALT_CODON	ALT_AA	POS_AA
PB1|PP755587.1|A/cattle/Texas/24-008749-002/2024(H5N1)	8	T	C	92	37	33	1	0	34	0.0107527	93	0.133621	False						
PB1|PP755587.1|A/cattle/Texas/24-008749-002/2024(H5N1)	9	C	T	98	39	33	1	0	34	0.010101	99	0.139633	False						
PB1|PP755587.1|A/cattle/Texas/24-008749-002/2024(H5N1)	124	A	-AATTCTTCCCTAG	123	40	24	673	0	20	0.603587	1115	0.0	True						
PB1|PP755587.1|A/cattle/Texas/24-008749-002/2024(H5N1)	142	T	-CA	496	229	25	7	0	20	0.0102941	680	0.290056	False						
PB1|PP755587.1|A/cattle/Texas/24-008749-002/2024(H5N1)	143	C	A	2	0	34	503	238	25	0.99604	505	0.0	True						
PB1|PP755587.1|A/cattle/Texas/24-008749-002/2024(H5N1)	145	T	C	4	1	34	500	240	25	0.992063	504	0.0	True						
PB1|PP755587.1|A/cattle/Texas/24-008749-002/2024(H5N1)	147	C	G	4	0	30	497	236	25	0.992016	501	0.0	True						
PB1|PP755587.1|A/cattle/Texas/24-008749-002/2024(H5N1)	149	G	A	2	0	31	501	240	25	0.996024	503	0.0	True						
PB1|PP755587.1|A/cattle/Texas/24-008749-002/2024(H5N1)	150	G	C	1	0	34	504	241	25	0.996047	506	0.0	True						
