REGION	POS	REF	ALT	REF_DP	REF_RV	REF_QUAL	ALT_DP	ALT_RV	ALT_QUAL	ALT_FREQ	TOTAL_DP	PVAL	PASS	GFF_FEATURE	REF_CODON	REF_AA	ALT_CODON	ALT_AA	POS_AA
PB2|PP755596.1|A/cattle/Texas/24-008749-003/2024(H5N1)	362	A	G	291	135	54	4	1	59	0.0135593	295	0.0195907	FALSE	PB2:cds-XAJ25426.1	AAA	K	AGA	R	121
PB2|PP755596.1|A/cattle/Texas/24-008749-003/2024(H5N1)	473	A	G	294	141	54	3	1	45	0.010101	297	0.0499002	FALSE	PB2:cds-XAJ25426.1	GAG	E	GGG	G	158
PB2|PP755596.1|A/cattle/Texas/24-008749-003/2024(H5N1)	764	C	T	0	0	0	328	170	53	1	328	1.00385e-249	TRUE	PB2:cds-XAJ25426.1	GCA	A	GTA	V	255
PB2|PP755596.1|A/cattle/Texas/24-008749-003/2024(H5N1)	975	T	C	0	0	0	305	143	54	1	305	8.35008e-238	TRUE	PB2:cds-XAJ25426.1	TTT	F	TTC	F	325
PB2|PP755596.1|A/cattle/Texas/24-008749-003/2024(H5N1)	1085	G	C	295	104	45	3	3	20	0.0100671	298	0.573244	FALSE	PB2:cds-XAJ25426.1	GGG	G	GCG	A	362
