REGION	POS	REF	ALT	REF_DP	REF_RV	REF_QUAL	ALT_DP	ALT_RV	ALT_QUAL	ALT_FREQ	TOTAL_DP	PVAL	PASS	GFF_FEATURE	REF_CODON	REF_AA	ALT_CODON	ALT_AA	POS_AA
PA|PP755594.1|A/cattle/Texas/24-008749-003/2024(H5N1)	37	A	G	2	0	34	2315	262	36	0.999137	2317	0	TRUE	PA:cds-XAJ25422.1	ATT	I	GTT	V	13
PA|PP755594.1|A/cattle/Texas/24-008749-003/2024(H5N1)	37	A	G	2	0	34	2315	262	36	0.999137	2317	0	TRUE	PA-X:cds-XAJ25423.1	ATT	I	GTT	V	13
PA|PP755594.1|A/cattle/Texas/24-008749-003/2024(H5N1)	59	C	-AATGAAAGAAT	3144	500	37	88	0	20	0.011349	7754	8.62505e-11	TRUE	NA	NA	NA	NA	NA	NA
PA|PP755594.1|A/cattle/Texas/24-008749-003/2024(H5N1)	208	G	-CATTATTGAAA	4471	2322	37	154	0	20	0.0288228	5343	1.22108e-16	TRUE	NA	NA	NA	NA	NA	NA
PA|PP755594.1|A/cattle/Texas/24-008749-003/2024(H5N1)	279	T	-ATCTGCAACACCACAGGGGTCGAA	2198	1027	36	84	0	20	0.0323077	2600	1.4355e-10	TRUE	NA	NA	NA	NA	NA	NA
PA|PP755594.1|A/cattle/Texas/24-008749-003/2024(H5N1)	1490	G	A	0	0	0	1544	719	41	1	1544	0	TRUE	PA:cds-XAJ25422.1	AGG	R	AAG	K	497
PA|PP755594.1|A/cattle/Texas/24-008749-003/2024(H5N1)	1572	A	G	0	0	0	1430	926	38	1	1430	0	TRUE	PA:cds-XAJ25422.1	GAA	E	GAG	E	524
PA|PP755594.1|A/cattle/Texas/24-008749-003/2024(H5N1)	1896	T	-ATTGGGAAAGTATGCAGA	3928	1978	37	55	0	20	0.0114991	4783	0.0518402	FALSE	NA	NA	NA	NA	NA	NA
