REGION	POS	REF	ALT	REF_DP	REF_RV	REF_QUAL	ALT_DP	ALT_RV	ALT_QUAL	ALT_FREQ	TOTAL_DP	PVAL	PASS	GFF_FEATURE	REF_CODON	REF_AA	ALT_CODON	ALT_AA	POS_AA
MP|PP755590.1|A/cattle/Texas/24-008749-003/2024(H5N1)	117	T	C	9738	4470	33	198	56	33	0.0199215	9939	3.7376e-59	TRUE	M1:cds-XAJ25416.1	CTT	L	CTC	L	39
MP|PP755590.1|A/cattle/Texas/24-008749-003/2024(H5N1)	245	G	A	1	0	26	11955	5638	33	0.999833	11957	0	TRUE	M1:cds-XAJ25416.1	AGT	S	AAT	N	82
MP|PP755590.1|A/cattle/Texas/24-008749-003/2024(H5N1)	249	C	T	12	7	34	11920	5456	33	0.998911	11933	0	TRUE	M1:cds-XAJ25416.1	GCC	A	GCT	A	83
MP|PP755590.1|A/cattle/Texas/24-008749-003/2024(H5N1)	254	G	A	4	2	31	12408	6409	33	0.999436	12415	0	TRUE	M1:cds-XAJ25416.1	AGT	S	AAT	N	85
MP|PP755590.1|A/cattle/Texas/24-008749-003/2024(H5N1)	260	C	A	0	0	0	12535	6465	33	0.999123	12546	0	TRUE	M1:cds-XAJ25416.1	ACT	T	AAT	N	87
MP|PP755590.1|A/cattle/Texas/24-008749-003/2024(H5N1)	285	A	G	0	0	0	12079	6230	33	1	12079	0	TRUE	M1:cds-XAJ25416.1	AGA	R	AGG	R	95
MP|PP755590.1|A/cattle/Texas/24-008749-003/2024(H5N1)	307	C	T	12	6	34	12036	6355	33	0.998838	12050	0	TRUE	M1:cds-XAJ25416.1	CTG	L	TTG	L	103
MP|PP755590.1|A/cattle/Texas/24-008749-003/2024(H5N1)	408	G	A	5	3	34	11357	5310	33	0.999296	11365	0	TRUE	M1:cds-XAJ25416.1	GGG	G	GGA	G	136
MP|PP755590.1|A/cattle/Texas/24-008749-003/2024(H5N1)	474	G	A	6	3	34	11853	5745	33	0.999494	11859	0	TRUE	M1:cds-XAJ25416.1	CAG	Q	CAA	Q	158
MP|PP755590.1|A/cattle/Texas/24-008749-003/2024(H5N1)	516	G	A	2	1	34	12052	6303	33	0.999668	12056	0	TRUE	M1:cds-XAJ25416.1	CTG	L	CTA	L	172
MP|PP755590.1|A/cattle/Texas/24-008749-003/2024(H5N1)	540	T	G	1	1	34	12216	6901	33	0.997958	12241	0	TRUE	M1:cds-XAJ25416.1	GTT	V	GTG	V	180
MP|PP755590.1|A/cattle/Texas/24-008749-003/2024(H5N1)	558	T	C	0	0	0	11637	5901	33	1	11637	0	TRUE	M1:cds-XAJ25416.1	GCT	A	GCC	A	186
MP|PP755590.1|A/cattle/Texas/24-008749-003/2024(H5N1)	597	A	T	10556	5533	33	376	196	33	0.0343944	10932	6.17029e-100	TRUE	M1:cds-XAJ25416.1	GCA	A	GCT	A	199
MP|PP755590.1|A/cattle/Texas/24-008749-003/2024(H5N1)	679	A	G	0	0	0	12062	4894	33	1	12062	0	TRUE	M1:cds-XAJ25416.1	ACC	T	GCC	A	227
MP|PP755590.1|A/cattle/Texas/24-008749-003/2024(H5N1)	766	C	T	0	0	0	12352	5867	33	0.999838	12354	0	TRUE	M2:cds-XAJ25417.1	CTC	L	CTT	L	18
MP|PP755590.1|A/cattle/Texas/24-008749-003/2024(H5N1)	950	A	G	0	0	0	5518	4110	33	1	5518	0	TRUE	M2:cds-XAJ25417.1	AAT	N	GAT	D	79
