REGION	POS	REF	ALT	REF_DP	REF_RV	REF_QUAL	ALT_DP	ALT_RV	ALT_QUAL	ALT_FREQ	TOTAL_DP	PVAL	PASS	GFF_FEATURE	REF_CODON	REF_AA	ALT_CODON	ALT_AA	POS_AA
HA|PP755589.1|A/cattle/Texas/24-008749-003/2024(H5N1)	6	G	A	167	8	38	3	0	26	0.0176471	170	0.261258	FALSE	HA:cds-XAJ25415.1	GAG	E	GAA	E	2
HA|PP755589.1|A/cattle/Texas/24-008749-003/2024(H5N1)	510	C	T	1	0	37	2076	1393	40	0.999519	2077	0	TRUE	HA:cds-XAJ25415.1	AAC	N	AAT	N	170
HA|PP755589.1|A/cattle/Texas/24-008749-003/2024(H5N1)	579	G	T	2145	799	41	33	1	37	0.0151515	2178	1.46823e-09	TRUE	HA:cds-XAJ25415.1	GGG	G	GGT	G	193
HA|PP755589.1|A/cattle/Texas/24-008749-003/2024(H5N1)	582	T	G	2009	739	41	35	1	36	0.0171065	2046	3.6277e-10	TRUE	HA:cds-XAJ25415.1	ATT	I	ATG	M	194
HA|PP755589.1|A/cattle/Texas/24-008749-003/2024(H5N1)	651	G	A	0	0	0	2002	785	42	1	2002	0	TRUE	HA:cds-XAJ25415.1	GGG	G	GGA	G	217
HA|PP755589.1|A/cattle/Texas/24-008749-003/2024(H5N1)	1052	T	A	1893	1214	43	66	14	39	0.0336907	1959	1.84682e-21	TRUE	HA:cds-XAJ25415.1	ATA	I	AAA	K	351
HA|PP755589.1|A/cattle/Texas/24-008749-003/2024(H5N1)	1576	G	A	18	10	39	8106	5559	43	0.997784	8124	0	TRUE	HA:cds-XAJ25415.1	GTA	V	ATA	I	526
