REGION	POS	REF	ALT	REF_DP	REF_RV	REF_QUAL	ALT_DP	ALT_RV	ALT_QUAL	ALT_FREQ	TOTAL_DP	PVAL	PASS	GFF_FEATURE	REF_CODON	REF_AA	ALT_CODON	ALT_AA	POS_AA
NP|PP755592.1|A/cattle/Texas/24-008749-003/2024(H5N1)	13	G	A	42	10	38	1	0	37	0.0232558	43	0.108312	FALSE	NP:cds-XAJ25419.1	GGC	G	AGC	S	5
NP|PP755592.1|A/cattle/Texas/24-008749-003/2024(H5N1)	14	G	A	51	12	38	1	0	37	0.0192308	52	0.124402	FALSE	NP:cds-XAJ25419.1	GGC	G	GAC	D	5
NP|PP755592.1|A/cattle/Texas/24-008749-003/2024(H5N1)	68	C	T	155	33	40	2	0	37	0.0127389	157	0.062201	FALSE	NP:cds-XAJ25419.1	ACT	T	ATT	I	23
NP|PP755592.1|A/cattle/Texas/24-008749-003/2024(H5N1)	201	T	C	479	199	41	6	1	37	0.0123711	485	0.00944227	TRUE	NP:cds-XAJ25419.1	GTT	V	GTC	V	67
NP|PP755592.1|A/cattle/Texas/24-008749-003/2024(H5N1)	579	G	A	0	0	0	535	207	40	1	535	0	TRUE	NP:cds-XAJ25419.1	TTG	L	TTA	L	193
