REGION	POS	REF	ALT	REF_DP	REF_RV	REF_QUAL	ALT_DP	ALT_RV	ALT_QUAL	ALT_FREQ	TOTAL_DP	PVAL	PASS	GFF_FEATURE	REF_CODON	REF_AA	ALT_CODON	ALT_AA	POS_AA
PB1|PP755595.1|A/cattle/Texas/24-008749-003/2024(H5N1)	29	T	-G	2360	576	33	94	0	20	0.0146852	6401	3.46117e-17	TRUE	NA	NA	NA	NA	NA	NA
PB1|PP755595.1|A/cattle/Texas/24-008749-003/2024(H5N1)	139	C	-ATCAAT	5930	1726	32	378	0	20	0.0570308	6628	9.78e-60	TRUE	NA	NA	NA	NA	NA	NA
PB1|PP755595.1|A/cattle/Texas/24-008749-003/2024(H5N1)	140	A	-T	5550	1610	32	87	0	20	0.013148	6617	0.00432272	TRUE	NA	NA	NA	NA	NA	NA
PB1|PP755595.1|A/cattle/Texas/24-008749-003/2024(H5N1)	145	T	-ATTC	3054	858	33	53	0	20	0.014255	3718	0.00712729	TRUE	NA	NA	NA	NA	NA	NA
PB1|PP755595.1|A/cattle/Texas/24-008749-003/2024(H5N1)	217	T	A	1546	616	33	31	16	29	0.0196451	1578	0.0131145	FALSE	NA	NA	NA	NA	NA	NA
PB1|PP755595.1|A/cattle/Texas/24-008749-003/2024(H5N1)	1548	G	A	641	325	33	1812	970	33	0.738687	2453	0	TRUE	NA	NA	NA	NA	NA	NA
PB1|PP755595.1|A/cattle/Texas/24-008749-003/2024(H5N1)	2024	T	-TAA	4573	1867	33	53	0	20	0.011067	4789	0.249589	FALSE	NA	NA	NA	NA	NA	NA
PB1|PP755595.1|A/cattle/Texas/24-008749-003/2024(H5N1)	2103	T	-AGCAGTTC	6630	3389	33	161	0	20	0.0207662	7753	3.98938e-11	TRUE	NA	NA	NA	NA	NA	NA
