REGION	POS	REF	ALT	REF_DP	REF_RV	REF_QUAL	ALT_DP	ALT_RV	ALT_QUAL	ALT_FREQ	TOTAL_DP	PVAL	PASS	GFF_FEATURE	REF_CODON	REF_AA	ALT_CODON	ALT_AA	POS_AA
HA|PP755589.1|A/cattle/Texas/24-008749-003/2024(H5N1)	6	G	A	45	4	35	1	0	34	0.0217391	46	0.127072	FALSE	HA:cds-XAJ25415.1	GAG	E	GAA	E	2
HA|PP755589.1|A/cattle/Texas/24-008749-003/2024(H5N1)	651	G	A	0	0	0	668	301	38	1	668	0	TRUE	HA:cds-XAJ25415.1	GGG	G	GGA	G	217
HA|PP755589.1|A/cattle/Texas/24-008749-003/2024(H5N1)	700	C	A	600	259	38	122	75	36	0.168975	722	2.14591e-44	TRUE	HA:cds-XAJ25415.1	CAA	Q	AAA	K	234
HA|PP755589.1|A/cattle/Texas/24-008749-003/2024(H5N1)	1010	C	T	2	0	43	741	400	42	0.997308	743	0	TRUE	HA:cds-XAJ25415.1	CCT	P	CTT	L	337
HA|PP755589.1|A/cattle/Texas/24-008749-003/2024(H5N1)	1052	T	A	827	495	42	22	7	41	0.0259128	849	8.39154e-09	TRUE	HA:cds-XAJ25415.1	ATA	I	AAA	K	351
HA|PP755589.1|A/cattle/Texas/24-008749-003/2024(H5N1)	1251	C	T	0	0	0	3727	1165	42	0.999732	3728	0	TRUE	HA:cds-XAJ25415.1	AAC	N	AAT	N	417
