REGION	POS	REF	ALT	REF_DP	REF_RV	REF_QUAL	ALT_DP	ALT_RV	ALT_QUAL	ALT_FREQ	TOTAL_DP	PVAL	PASS	GFF_FEATURE	REF_CODON	REF_AA	ALT_CODON	ALT_AA	POS_AA
HA|PP755589.1|A/cattle/Texas/24-008749-003/2024(H5N1)	536	G	A	2426	1276	43	221	114	41	0.0834907	2647	2.88715e-79	TRUE	HA:cds-XAJ25415.1	AGC	S	AAC	N	179
HA|PP755589.1|A/cattle/Texas/24-008749-003/2024(H5N1)	651	G	A	0	0	0	2428	1044	44	0.999588	2429	0	TRUE	HA:cds-XAJ25415.1	GGG	G	GGA	G	217
HA|PP755589.1|A/cattle/Texas/24-008749-003/2024(H5N1)	1029	A	G	2919	1727	45	108	72	42	0.0356789	3027	2.65128e-40	TRUE	HA:cds-XAJ25415.1	AGA	R	AGG	R	343
