REGION	POS	REF	ALT	REF_DP	REF_RV	REF_QUAL	ALT_DP	ALT_RV	ALT_QUAL	ALT_FREQ	TOTAL_DP	PVAL	PASS	GFF_FEATURE	REF_CODON	REF_AA	ALT_CODON	ALT_AA	POS_AA
MP|PP755590.1|A/cattle/Texas/24-008749-003/2024(H5N1)	245	G	A	0	0	0	774	402	38	1	774	0	TRUE	M1:cds-XAJ25416.1	AGT	S	AAT	N	82
MP|PP755590.1|A/cattle/Texas/24-008749-003/2024(H5N1)	249	C	T	0	0	0	770	391	38	1	770	0	TRUE	M1:cds-XAJ25416.1	GCC	A	GCT	A	83
MP|PP755590.1|A/cattle/Texas/24-008749-003/2024(H5N1)	254	G	A	0	0	0	774	383	38	1	774	0	TRUE	M1:cds-XAJ25416.1	AGT	S	AAT	N	85
MP|PP755590.1|A/cattle/Texas/24-008749-003/2024(H5N1)	255	T	C	7	3	36	755	372	37	0.990814	762	0	TRUE	M1:cds-XAJ25416.1	AGT	S	AGC	S	85
MP|PP755590.1|A/cattle/Texas/24-008749-003/2024(H5N1)	260	C	A	0	0	0	788	387	36	1	788	0	TRUE	M1:cds-XAJ25416.1	ACT	T	AAT	N	87
MP|PP755590.1|A/cattle/Texas/24-008749-003/2024(H5N1)	285	A	G	0	0	0	790	409	37	1	790	0	TRUE	M1:cds-XAJ25416.1	AGA	R	AGG	R	95
MP|PP755590.1|A/cattle/Texas/24-008749-003/2024(H5N1)	307	C	T	0	0	0	807	405	38	1	807	0	TRUE	M1:cds-XAJ25416.1	CTG	L	TTG	L	103
MP|PP755590.1|A/cattle/Texas/24-008749-003/2024(H5N1)	387	T	C	736	345	37	9	5	38	0.0120805	745	0.00161144	TRUE	M1:cds-XAJ25416.1	GGT	G	GGC	G	129
MP|PP755590.1|A/cattle/Texas/24-008749-003/2024(H5N1)	456	A	G	0	0	0	819	400	38	1	819	0	TRUE	M1:cds-XAJ25416.1	GAA	E	GAG	E	152
MP|PP755590.1|A/cattle/Texas/24-008749-003/2024(H5N1)	516	G	A	1	0	39	810	369	38	0.998767	811	0	TRUE	M1:cds-XAJ25416.1	CTG	L	CTA	L	172
MP|PP755590.1|A/cattle/Texas/24-008749-003/2024(H5N1)	540	T	G	0	0	0	766	347	37	1	766	0	TRUE	M1:cds-XAJ25416.1	GTT	V	GTG	V	180
MP|PP755590.1|A/cattle/Texas/24-008749-003/2024(H5N1)	624	G	A	8	5	36	902	426	38	0.991209	910	0	TRUE	M1:cds-XAJ25416.1	CAG	Q	CAA	Q	208
MP|PP755590.1|A/cattle/Texas/24-008749-003/2024(H5N1)	679	A	G	2	1	32	923	473	37	0.997838	925	0	TRUE	M1:cds-XAJ25416.1	ACC	T	GCC	A	227
MP|PP755590.1|A/cattle/Texas/24-008749-003/2024(H5N1)	825	T	C	754	475	37	8	4	37	0.0104987	762	0.00341847	TRUE	M2:cds-XAJ25417.1	CTT	L	CCT	P	37
MP|PP755590.1|A/cattle/Texas/24-008749-003/2024(H5N1)	850	C	T	642	396	37	13	9	38	0.0198473	655	8.6361e-05	TRUE	M2:cds-XAJ25417.1	CGC	R	CGT	R	46
MP|PP755590.1|A/cattle/Texas/24-008749-003/2024(H5N1)	950	A	G	0	0	0	178	99	36	1	178	5.25149e-108	TRUE	M2:cds-XAJ25417.1	AAT	N	GAT	D	79
MP|PP755590.1|A/cattle/Texas/24-008749-003/2024(H5N1)	952	T	C	143	90	37	9	5	34	0.0592105	152	0.00075356	TRUE	M2:cds-XAJ25417.1	AAT	N	AAC	N	80
