REGION	POS	REF	ALT	REF_DP	REF_RV	REF_QUAL	ALT_DP	ALT_RV	ALT_QUAL	ALT_FREQ	TOTAL_DP	PVAL	PASS	GFF_FEATURE	REF_CODON	REF_AA	ALT_CODON	ALT_AA	POS_AA
PA|PP755594.1|A/cattle/Texas/24-008749-003/2024(H5N1)	13	G	A	166	76	33	2	1	34	0.0119048	168	0.0395263	FALSE	PA:cds-XAJ25422.1	GTG	V	ATG	M	5
PA|PP755594.1|A/cattle/Texas/24-008749-003/2024(H5N1)	13	G	A	166	76	33	2	1	34	0.0119048	168	0.0395263	FALSE	PA-X:cds-XAJ25423.1	GTG	V	ATG	M	5
PA|PP755594.1|A/cattle/Texas/24-008749-003/2024(H5N1)	16	C	G	182	88	32	2	1	34	0.0108696	184	0.0439295	FALSE	PA:cds-XAJ25422.1	CGA	R	GGA	G	6
PA|PP755594.1|A/cattle/Texas/24-008749-003/2024(H5N1)	16	C	G	182	88	32	2	1	34	0.0108696	184	0.0439295	FALSE	PA-X:cds-XAJ25423.1	CGA	R	GGA	G	6
PA|PP755594.1|A/cattle/Texas/24-008749-003/2024(H5N1)	1490	G	A	0	0	0	1485	741	33	1	1485	0	TRUE	PA:cds-XAJ25422.1	AGG	R	AAG	K	497
