REGION	POS	REF	ALT	REF_DP	REF_RV	REF_QUAL	ALT_DP	ALT_RV	ALT_QUAL	ALT_FREQ	TOTAL_DP	PVAL	PASS	GFF_FEATURE	REF_CODON	REF_AA	ALT_CODON	ALT_AA	POS_AA
PA|PP755594.1|A/cattle/Texas/24-008749-003/2024(H5N1)	37	A	G	2	1	31	477	50	36	0.995825	479	0	TRUE	PA:cds-XAJ25422.1	ATT	I	GTT	V	13
PA|PP755594.1|A/cattle/Texas/24-008749-003/2024(H5N1)	37	A	G	2	1	31	477	50	36	0.995825	479	0	TRUE	PA-X:cds-XAJ25423.1	ATT	I	GTT	V	13
PA|PP755594.1|A/cattle/Texas/24-008749-003/2024(H5N1)	256	A	G	1387	752	36	68	38	36	0.0467354	1455	2.5921e-20	TRUE	PA:cds-XAJ25422.1	ATG	M	GTG	V	86
PA|PP755594.1|A/cattle/Texas/24-008749-003/2024(H5N1)	256	A	G	1387	752	36	68	38	36	0.0467354	1455	2.5921e-20	TRUE	PA-X:cds-XAJ25423.1	ATG	M	GTG	V	86
PA|PP755594.1|A/cattle/Texas/24-008749-003/2024(H5N1)	402	A	G	1637	636	36	31	12	36	0.0185851	1668	4.5728e-09	TRUE	PA:cds-XAJ25422.1	AAA	K	AAG	K	134
PA|PP755594.1|A/cattle/Texas/24-008749-003/2024(H5N1)	402	A	G	1637	636	36	31	12	36	0.0185851	1668	4.5728e-09	TRUE	PA-X:cds-XAJ25423.1	AAA	K	AAG	K	134
PA|PP755594.1|A/cattle/Texas/24-008749-003/2024(H5N1)	1042	A	G	1318	580	36	450	225	36	0.254525	1768	4.26123e-150	TRUE	PA:cds-XAJ25422.1	ATT	I	GTT	V	348
PA|PP755594.1|A/cattle/Texas/24-008749-003/2024(H5N1)	1239	G	A	516	233	36	1270	559	36	0.711086	1786	0	TRUE	PA:cds-XAJ25422.1	AAG	K	AAA	K	413
PA|PP755594.1|A/cattle/Texas/24-008749-003/2024(H5N1)	1490	G	A	0	0	0	1846	814	36	1	1846	0	TRUE	PA:cds-XAJ25422.1	AGG	R	AAG	K	497
PA|PP755594.1|A/cattle/Texas/24-008749-003/2024(H5N1)	1773	A	G	1656	666	36	301	148	36	0.153807	1957	9.92859e-95	TRUE	PA:cds-XAJ25422.1	CAA	Q	CAG	Q	591
PA|PP755594.1|A/cattle/Texas/24-008749-003/2024(H5N1)	1906	G	A	1831	1094	36	31	17	36	0.0166488	1862	5.76155e-09	TRUE	PA:cds-XAJ25422.1	GTA	V	ATA	I	636
PA|PP755594.1|A/cattle/Texas/24-008749-003/2024(H5N1)	1987	A	-GAAAATT	2080	1375	36	32	0	20	0.0148561	2154	0.0728789	FALSE	NA	NA	NA	NA	NA	NA
PA|PP755594.1|A/cattle/Texas/24-008749-003/2024(H5N1)	2106	T	C	1705	1430	36	140	119	36	0.0758808	1845	7.68962e-43	TRUE	PA:cds-XAJ25422.1	CTT	L	CTC	L	702
