REGION	POS	REF	ALT	REF_DP	REF_RV	REF_QUAL	ALT_DP	ALT_RV	ALT_QUAL	ALT_FREQ	TOTAL_DP	PVAL	PASS	GFF_FEATURE	REF_CODON	REF_AA	ALT_CODON	ALT_AA	POS_AA
NA|PP755591.1|A/cattle/Texas/24-008749-003/2024(H5N1)	26	C	T	346	49	38	117	18	36	0.2527	463	5.26037e-55	TRUE	NA:cds-XAJ25418.1	ACC	T	ATC	I	9
NA|PP755591.1|A/cattle/Texas/24-008749-003/2024(H5N1)	123	G	A	2	0	38	1721	575	38	0.998839	1723	0	TRUE	NA:cds-XAJ25418.1	GGG	G	GGA	G	41
NA|PP755591.1|A/cattle/Texas/24-008749-003/2024(H5N1)	199	A	G	0	0	0	2567	872	38	0.999611	2568	0	TRUE	NA:cds-XAJ25418.1	ATC	I	GTC	V	67
NA|PP755591.1|A/cattle/Texas/24-008749-003/2024(H5N1)	212	G	A	0	0	0	2787	976	38	1	2787	0	TRUE	NA:cds-XAJ25418.1	AGT	S	AAT	N	71
NA|PP755591.1|A/cattle/Texas/24-008749-003/2024(H5N1)	313	G	A	4	2	35	2540	1138	38	0.998428	2544	0	TRUE	NA:cds-XAJ25418.1	GGT	G	AGT	S	105
NA|PP755591.1|A/cattle/Texas/24-008749-003/2024(H5N1)	330	T	C	5	2	37	2728	1160	38	0.998171	2733	0	TRUE	NA:cds-XAJ25418.1	TCT	S	TCC	S	110
NA|PP755591.1|A/cattle/Texas/24-008749-003/2024(H5N1)	360	A	G	1	0	39	3109	1280	37	0.999678	3110	0	TRUE	NA:cds-XAJ25418.1	CCA	P	CCG	P	120
NA|PP755591.1|A/cattle/Texas/24-008749-003/2024(H5N1)	444	A	C	3	1	36	3363	1435	37	0.998219	3369	0	TRUE	NA:cds-XAJ25418.1	ACA	T	ACC	T	148
NA|PP755591.1|A/cattle/Texas/24-008749-003/2024(H5N1)	696	T	G	1	0	24	3840	2228	36	0.998959	3844	0	TRUE	NA:cds-XAJ25418.1	GCT	A	GCG	A	232
NA|PP755591.1|A/cattle/Texas/24-008749-003/2024(H5N1)	711	C	T	1	1	39	3780	2310	37	0.999736	3781	0	TRUE	NA:cds-XAJ25418.1	TCC	S	TCT	S	237
NA|PP755591.1|A/cattle/Texas/24-008749-003/2024(H5N1)	805	A	T	0	0	0	3559	2206	37	0.998877	3563	0	TRUE	NA:cds-XAJ25418.1	ATG	M	TTG	L	269
NA|PP755591.1|A/cattle/Texas/24-008749-003/2024(H5N1)	897	G	A	0	0	0	2820	1643	37	1	2820	0	TRUE	NA:cds-XAJ25418.1	TCG	S	TCA	S	299
NA|PP755591.1|A/cattle/Texas/24-008749-003/2024(H5N1)	961	A	G	0	0	0	1874	758	35	0.998402	1877	0	TRUE	NA:cds-XAJ25418.1	ATT	I	GTT	V	321
NA|PP755591.1|A/cattle/Texas/24-008749-003/2024(H5N1)	1015	C	T	5	2	34	2632	1214	37	0.997726	2638	0	TRUE	NA:cds-XAJ25418.1	CCC	P	TCC	S	339
NA|PP755591.1|A/cattle/Texas/24-008749-003/2024(H5N1)	1097	G	A	3	3	34	3414	1748	38	0.999122	3417	0	TRUE	NA:cds-XAJ25418.1	AGT	S	AAT	N	366
NA|PP755591.1|A/cattle/Texas/24-008749-003/2024(H5N1)	1302	T	C	0	0	0	1612	1248	38	0.99938	1613	0	TRUE	NA:cds-XAJ25418.1	AAT	N	AAC	N	434
