REGION	POS	REF	ALT	REF_DP	REF_RV	REF_QUAL	ALT_DP	ALT_RV	ALT_QUAL	ALT_FREQ	TOTAL_DP	PVAL	PASS	GFF_FEATURE	REF_CODON	REF_AA	ALT_CODON	ALT_AA	POS_AA
PB1|PP755587.1|A/cattle/Texas/24-008749-002/2024(H5N1)	30	G	-A	1417	245	33	110	0	20	0.0261593	4205	1.08304e-32	TRUE	NA	NA	NA	NA	NA	NA
PB1|PP755587.1|A/cattle/Texas/24-008749-002/2024(H5N1)	108	A	-GGATATACCAT	3905	1124	33	75	0	20	0.0118859	6310	0.000124464	TRUE	NA	NA	NA	NA	NA	NA
PB1|PP755587.1|A/cattle/Texas/24-008749-002/2024(H5N1)	124	A	-AATTCTTCCCTAG	1197	299	25	1852	0	20	0.37003	5005	0	TRUE	NA	NA	NA	NA	NA	NA
PB1|PP755587.1|A/cattle/Texas/24-008749-002/2024(H5N1)	143	C	A	336	90	33	1335	507	25	0.798923	1671	0	TRUE	NA	NA	NA	NA	NA	NA
PB1|PP755587.1|A/cattle/Texas/24-008749-002/2024(H5N1)	145	T	C	343	91	33	1332	506	25	0.795224	1675	0	TRUE	NA	NA	NA	NA	NA	NA
PB1|PP755587.1|A/cattle/Texas/24-008749-002/2024(H5N1)	147	C	G	352	96	33	1322	502	25	0.789254	1675	0	TRUE	NA	NA	NA	NA	NA	NA
PB1|PP755587.1|A/cattle/Texas/24-008749-002/2024(H5N1)	149	G	A	339	95	32	1321	505	25	0.795783	1660	0	TRUE	NA	NA	NA	NA	NA	NA
PB1|PP755587.1|A/cattle/Texas/24-008749-002/2024(H5N1)	150	G	C	293	87	32	1317	506	25	0.814975	1616	0	TRUE	NA	NA	NA	NA	NA	NA
PB1|PP755587.1|A/cattle/Texas/24-008749-002/2024(H5N1)	211	C	-AATCCAATTGATGGACCATTGCCT	2808	1071	32	89	0	20	0.0285256	3120	4.20598e-09	TRUE	NA	NA	NA	NA	NA	NA
PB1|PP755587.1|A/cattle/Texas/24-008749-002/2024(H5N1)	235	T	-G	1773	702	33	35	0	20	0.0181159	1932	0.0104545	FALSE	NA	NA	NA	NA	NA	NA
PB1|PP755587.1|A/cattle/Texas/24-008749-002/2024(H5N1)	327	A	G	0	0	0	1396	732	33	1	1396	0	TRUE	NA	NA	NA	NA	NA	NA
PB1|PP755587.1|A/cattle/Texas/24-008749-002/2024(H5N1)	766	T	C	0	0	0	1081	545	33	1	1081	0	TRUE	NA	NA	NA	NA	NA	NA
PB1|PP755587.1|A/cattle/Texas/24-008749-002/2024(H5N1)	862	A	G	173	73	33	920	471	33	0.84172	1093	0	TRUE	NA	NA	NA	NA	NA	NA
PB1|PP755587.1|A/cattle/Texas/24-008749-002/2024(H5N1)	2244	T	-G	9034	7307	33	183	0	20	0.0196795	9299	1.14291e-08	TRUE	NA	NA	NA	NA	NA	NA
