REGION	POS	REF	ALT	REF_DP	REF_RV	REF_QUAL	ALT_DP	ALT_RV	ALT_QUAL	ALT_FREQ	TOTAL_DP	PVAL	PASS	GFF_FEATURE	REF_CODON	REF_AA	ALT_CODON	ALT_AA	POS_AA
PB1|PP755595.1|A/cattle/Texas/24-008749-003/2024(H5N1)	29	T	-G	2090	299	37	94	0	20	0.0146852	6401	6.47013e-20	TRUE	NA	NA	NA	NA	NA	NA
PB1|PP755595.1|A/cattle/Texas/24-008749-003/2024(H5N1)	139	C	-ATCAAT	5303	1357	36	378	0	20	0.0570308	6628	9.6245e-68	TRUE	NA	NA	NA	NA	NA	NA
PB1|PP755595.1|A/cattle/Texas/24-008749-003/2024(H5N1)	140	A	-T	4970	1263	36	87	0	20	0.013148	6617	0.000479188	TRUE	NA	NA	NA	NA	NA	NA
PB1|PP755595.1|A/cattle/Texas/24-008749-003/2024(H5N1)	145	T	-ATTC	2689	675	38	53	0	20	0.014255	3718	0.00114826	TRUE	NA	NA	NA	NA	NA	NA
PB1|PP755595.1|A/cattle/Texas/24-008749-003/2024(H5N1)	217	T	A	1341	519	38	29	15	32	0.0211524	1371	1.61487e-09	TRUE	PB1:cds-XAJ25424.1	TTG	L	ATG	M	73
PB1|PP755595.1|A/cattle/Texas/24-008749-003/2024(H5N1)	217	T	A	1341	519	38	29	15	32	0.0211524	1371	1.61487e-09	TRUE	PB1-F2:cds-XAJ25425.1	CAT	H	CAA	Q	41
PB1|PP755595.1|A/cattle/Texas/24-008749-003/2024(H5N1)	1548	G	A	502	258	42	1444	762	42	0.742035	1946	0	TRUE	PB1:cds-XAJ25424.1	GGG	G	GGA	G	516
PB1|PP755595.1|A/cattle/Texas/24-008749-003/2024(H5N1)	2024	T	-TAA	4038	1639	38	53	0	20	0.0110624	4791	0.0972527	FALSE	NA	NA	NA	NA	NA	NA
PB1|PP755595.1|A/cattle/Texas/24-008749-003/2024(H5N1)	2103	T	-AGCAGTTC	5589	2902	39	161	0	20	0.0207635	7754	3.23626e-15	TRUE	NA	NA	NA	NA	NA	NA
