REGION	POS	REF	ALT	REF_DP	REF_RV	REF_QUAL	ALT_DP	ALT_RV	ALT_QUAL	ALT_FREQ	TOTAL_DP	PVAL	PASS	GFF_FEATURE	REF_CODON	REF_AA	ALT_CODON	ALT_AA	POS_AA
PB1|PP755587.1|A/cattle/Texas/24-008749-002/2024(H5N1)	124	A	-AATTCTTCCCTAG	886	155	25	1905	0	20	0.420994	4525	0	TRUE	NA	NA	NA	NA	NA	NA
PB1|PP755587.1|A/cattle/Texas/24-008749-002/2024(H5N1)	129	C	T	141	29	33	2	1	27	0.013986	143	0.415107	FALSE	NA	NA	NA	NA	NA	NA
PB1|PP755587.1|A/cattle/Texas/24-008749-002/2024(H5N1)	143	C	A	129	30	33	1322	360	24	0.911096	1451	0	TRUE	NA	NA	NA	NA	NA	NA
PB1|PP755587.1|A/cattle/Texas/24-008749-002/2024(H5N1)	145	T	C	129	28	33	1329	366	24	0.911523	1458	0	TRUE	NA	NA	NA	NA	NA	NA
PB1|PP755587.1|A/cattle/Texas/24-008749-002/2024(H5N1)	147	C	G	137	35	32	1323	361	24	0.906164	1460	0	TRUE	NA	NA	NA	NA	NA	NA
PB1|PP755587.1|A/cattle/Texas/24-008749-002/2024(H5N1)	149	G	A	115	30	32	1325	363	24	0.920139	1440	0	TRUE	NA	NA	NA	NA	NA	NA
PB1|PP755587.1|A/cattle/Texas/24-008749-002/2024(H5N1)	150	G	C	100	27	32	1310	367	24	0.925141	1416	0	TRUE	NA	NA	NA	NA	NA	NA
PB1|PP755587.1|A/cattle/Texas/24-008749-002/2024(H5N1)	2023	G	-AACC	5151	2311	33	546	0	20	0.102381	5333	3.65964e-102	TRUE	NA	NA	NA	NA	NA	NA
PB1|PP755587.1|A/cattle/Texas/24-008749-002/2024(H5N1)	2244	T	-G	6131	5376	33	184	0	20	0.029304	6279	1.26444e-15	TRUE	NA	NA	NA	NA	NA	NA
