REGION	POS	REF	ALT	REF_DP	REF_RV	REF_QUAL	ALT_DP	ALT_RV	ALT_QUAL	ALT_FREQ	TOTAL_DP	PVAL	PASS	GFF_FEATURE	REF_CODON	REF_AA	ALT_CODON	ALT_AA	POS_AA
NA|PP755591.1|A/cattle/Texas/24-008749-003/2024(H5N1)	123	G	A	2	0	37	2958	492	36	0.999324	2960	0	TRUE	NA:cds-XAJ25418.1	GGG	G	GGA	G	41
NA|PP755591.1|A/cattle/Texas/24-008749-003/2024(H5N1)	212	G	A	6	1	35	4306	1512	35	0.998609	4312	0	TRUE	NA:cds-XAJ25418.1	AGT	S	AAT	N	71
NA|PP755591.1|A/cattle/Texas/24-008749-003/2024(H5N1)	555	T	C	2	1	28	5843	2554	36	0.999658	5845	0	TRUE	NA:cds-XAJ25418.1	CAT	H	CAC	H	185
NA|PP755591.1|A/cattle/Texas/24-008749-003/2024(H5N1)	561	C	T	5737	2503	36	250	116	34	0.0417571	5987	4.08814e-68	TRUE	NA:cds-XAJ25418.1	GGC	G	GGT	G	187
NA|PP755591.1|A/cattle/Texas/24-008749-003/2024(H5N1)	1305	A	C	0	0	0	5861	5110	36	0.999829	5862	0	TRUE	NA:cds-XAJ25418.1	ACA	T	ACC	T	435
