REGION	POS	REF	ALT	REF_DP	REF_RV	REF_QUAL	ALT_DP	ALT_RV	ALT_QUAL	ALT_FREQ	TOTAL_DP	PVAL	PASS	GFF_FEATURE	REF_CODON	REF_AA	ALT_CODON	ALT_AA	POS_AA
MP|PP755590.1|A/cattle/Texas/24-008749-003/2024(H5N1)	111	C	T	184	33	36	2	1	37	0.0107527	186	0.144789	FALSE	M1:cds-XAJ25416.1	ACC	T	ACT	T	37
MP|PP755590.1|A/cattle/Texas/24-008749-003/2024(H5N1)	364	G	A	365	200	36	6	3	37	0.0161725	371	0.0149426	FALSE	M1:cds-XAJ25416.1	GGT	G	AGT	S	122
MP|PP755590.1|A/cattle/Texas/24-008749-003/2024(H5N1)	608	T	C	290	150	36	56	28	37	0.16185	346	3.52381e-19	TRUE	M1:cds-XAJ25416.1	ATG	M	ACG	T	203
MP|PP755590.1|A/cattle/Texas/24-008749-003/2024(H5N1)	976	G	A	82	77	36	1	1	37	0.0120482	83	0.497006	FALSE	M2:cds-XAJ25417.1	CTG	L	CTA	L	88
