REGION	POS	REF	ALT	REF_DP	REF_RV	REF_QUAL	ALT_DP	ALT_RV	ALT_QUAL	ALT_FREQ	TOTAL_DP	PVAL	PASS	GFF_FEATURE	REF_CODON	REF_AA	ALT_CODON	ALT_AA	POS_AA
PB2|PP755596.1|A/cattle/Texas/24-008749-003/2024(H5N1)	5	A	G	39	14	37	1	0	34	0.025	40	0.136054	FALSE	PB2:cds-XAJ25426.1	GAG	E	GGG	G	2
PB2|PP755596.1|A/cattle/Texas/24-008749-003/2024(H5N1)	165	T	C	0	0	0	770	372	38	1	770	0	TRUE	PB2:cds-XAJ25426.1	TAT	Y	TAC	Y	55
PB2|PP755596.1|A/cattle/Texas/24-008749-003/2024(H5N1)	255	A	G	885	451	37	28	14	36	0.0306681	913	2.58804e-09	TRUE	PB2:cds-XAJ25426.1	GGA	G	GGG	G	85
PB2|PP755596.1|A/cattle/Texas/24-008749-003/2024(H5N1)	764	C	T	0	0	0	855	408	38	1	855	0	TRUE	PB2:cds-XAJ25426.1	GCA	A	GTA	V	255
