REGION	POS	REF	ALT	REF_DP	REF_RV	REF_QUAL	ALT_DP	ALT_RV	ALT_QUAL	ALT_FREQ	TOTAL_DP	PVAL	PASS	GFF_FEATURE	REF_CODON	REF_AA	ALT_CODON	ALT_AA	POS_AA
PA|PP755594.1|A/cattle/Texas/24-008749-003/2024(H5N1)	298	G	A	1	1	34	2013	774	33	0.999503	2014	0	TRUE	PA:cds-XAJ25422.1	GTC	V	ATC	I	100
PA|PP755594.1|A/cattle/Texas/24-008749-003/2024(H5N1)	298	G	A	1	1	34	2013	774	33	0.999503	2014	0	TRUE	PA-X:cds-XAJ25423.1	GTC	V	ATC	I	100
PA|PP755594.1|A/cattle/Texas/24-008749-003/2024(H5N1)	369	G	A	2332	962	33	232	104	33	0.0904836	2564	2.05705e-70	TRUE	PA:cds-XAJ25422.1	ACG	T	ACA	T	123
PA|PP755594.1|A/cattle/Texas/24-008749-003/2024(H5N1)	369	G	A	2332	962	33	232	104	33	0.0904836	2564	2.05705e-70	TRUE	PA-X:cds-XAJ25423.1	ACG	T	ACA	T	123
PA|PP755594.1|A/cattle/Texas/24-008749-003/2024(H5N1)	618	A	G	0	0	0	2685	1165	33	1	2685	0	TRUE	PA:cds-XAJ25422.1	GAA	E	GAG	E	206
PA|PP755594.1|A/cattle/Texas/24-008749-003/2024(H5N1)	618	A	G	0	0	0	2685	1165	33	1	2685	0	TRUE	PA-X:cds-XAJ25423.1	AAA	K	AGA	R	16
PA|PP755594.1|A/cattle/Texas/24-008749-003/2024(H5N1)	795	A	G	1	0	34	2706	1574	33	0.998893	2709	0	TRUE	PA:cds-XAJ25422.1	CCA	P	CCG	P	265
PA|PP755594.1|A/cattle/Texas/24-008749-003/2024(H5N1)	1872	A	G	1	0	34	2842	1689	33	0.999648	2843	0	TRUE	PA:cds-XAJ25422.1	TCA	S	TCG	S	624
PA|PP755594.1|A/cattle/Texas/24-008749-003/2024(H5N1)	2126	C	T	1	1	26	1655	1345	31	0.999396	1656	0	TRUE	PA:cds-XAJ25422.1	TCC	S	TTC	F	709
