REGION	POS	REF	ALT	REF_DP	REF_RV	REF_QUAL	ALT_DP	ALT_RV	ALT_QUAL	ALT_FREQ	TOTAL_DP	PVAL	PASS	GFF_FEATURE	REF_CODON	REF_AA	ALT_CODON	ALT_AA	POS_AA
PA|PP755594.1|A/cattle/Texas/24-008749-003/2024(H5N1)	59	C	-AAT	282	48	33	60	0	20	0.089955	667	1.88458e-23	TRUE	NA	NA	NA	NA	NA	NA
PA|PP755594.1|A/cattle/Texas/24-008749-003/2024(H5N1)	103	T	C	100	27	33	325	77	33	0.764706	425	1.73212e-206	TRUE	PA:cds-XAJ25422.1	TTT	F	CTT	L	35
PA|PP755594.1|A/cattle/Texas/24-008749-003/2024(H5N1)	103	T	C	100	27	33	325	77	33	0.764706	425	1.73212e-206	TRUE	PA-X:cds-XAJ25423.1	TTT	F	CTT	L	35
PA|PP755594.1|A/cattle/Texas/24-008749-003/2024(H5N1)	154	C	-ATTTT	685	249	33	63	0	20	0.0893617	705	2.15025e-12	TRUE	NA	NA	NA	NA	NA	NA
PA|PP755594.1|A/cattle/Texas/24-008749-003/2024(H5N1)	939	A	+T	465	133	33	5	0	20	0.0101833	491	0.474273	FALSE	NA	NA	NA	NA	NA	NA
PA|PP755594.1|A/cattle/Texas/24-008749-003/2024(H5N1)	2049	T	-G	996	750	33	14	0	20	0.0127157	1101	0.268315	FALSE	NA	NA	NA	NA	NA	NA
