REGION	POS	REF	ALT	REF_DP	REF_RV	REF_QUAL	ALT_DP	ALT_RV	ALT_QUAL	ALT_FREQ	TOTAL_DP	PVAL	PASS	GFF_FEATURE	REF_CODON	REF_AA	ALT_CODON	ALT_AA	POS_AA
NS|PP755593.1|A/cattle/Texas/24-008749-003/2024(H5N1)	62	G	A	1	0	68	14199	2910	40	0.99993	14200	0	TRUE	NS1:cds-XAJ25420.1	CGA	R	CAA	Q	21
NS|PP755593.1|A/cattle/Texas/24-008749-003/2024(H5N1)	222	T	C	14	11	38	28621	15649	41	0.999302	28641	0	TRUE	NS1:cds-XAJ25420.1	GAT	D	GAC	D	74
NS|PP755593.1|A/cattle/Texas/24-008749-003/2024(H5N1)	441	C	T	2	0	34	28552	12521	40	0.99979	28558	0	TRUE	NS1:cds-XAJ25420.1	CTC	L	CTT	L	147
NS|PP755593.1|A/cattle/Texas/24-008749-003/2024(H5N1)	662	A	G	26319	14610	42	625	419	40	0.0231937	26947	1.10227e-220	TRUE	NEP:cds-XAJ25421.1	AAA	K	GAA	E	54
NS|PP755593.1|A/cattle/Texas/24-008749-003/2024(H5N1)	662	A	G	26319	14610	42	625	419	40	0.0231937	26947	1.10227e-220	TRUE	NS1:cds-XAJ25420.1	AAA	K	AGA	R	221
