REGION	POS	REF	ALT	REF_DP	REF_RV	REF_QUAL	ALT_DP	ALT_RV	ALT_QUAL	ALT_FREQ	TOTAL_DP	PVAL	PASS	GFF_FEATURE	REF_CODON	REF_AA	ALT_CODON	ALT_AA	POS_AA
NA|PP755583.1|A/cattle/Texas/24-008749-002/2024(H5N1)	212	G	A	12	8	32	7157	3365	33	0.998048	7171	0	TRUE	NA	NA	NA	NA	NA	NA
NA|PP755583.1|A/cattle/Texas/24-008749-002/2024(H5N1)	1242	A	G	0	0	0	8947	5689	33	0.999888	8948	0	TRUE	NA	NA	NA	NA	NA	NA
NA|PP755583.1|A/cattle/Texas/24-008749-002/2024(H5N1)	1289	G	C	5491	2927	32	58	58	26	0.0104429	5554	0.412602	FALSE	NA	NA	NA	NA	NA	NA
NA|PP755583.1|A/cattle/Texas/24-008749-002/2024(H5N1)	1305	A	C	0	0	0	8852	6950	33	1	8852	0	TRUE	NA	NA	NA	NA	NA	NA
NA|PP755583.1|A/cattle/Texas/24-008749-002/2024(H5N1)	1411	-	T	1	0	26	1725	1463	26	1	1725	0	TRUE	NA	NA	NA	NA	NA	NA
NA|PP755583.1|A/cattle/Texas/24-008749-002/2024(H5N1)	1412	-	T	0	0	0	259	229	24	1	259	2.83742e-151	TRUE	NA	NA	NA	NA	NA	NA
