REGION	POS	REF	ALT	REF_DP	REF_RV	REF_QUAL	ALT_DP	ALT_RV	ALT_QUAL	ALT_FREQ	TOTAL_DP	PVAL	PASS	GFF_FEATURE	REF_CODON	REF_AA	ALT_CODON	ALT_AA	POS_AA
PA|PP755594.1|A/cattle/Texas/24-008749-003/2024(H5N1)	207	T	C	6115	3633	33	78	45	33	0.0125928	6194	3.0851e-18	TRUE	PA:cds-XAJ25422.1	AAT	N	AAC	N	69
PA|PP755594.1|A/cattle/Texas/24-008749-003/2024(H5N1)	207	T	C	6115	3633	33	78	45	33	0.0125928	6194	3.0851e-18	TRUE	PA-X:cds-XAJ25423.1	AAT	N	AAC	N	69
PA|PP755594.1|A/cattle/Texas/24-008749-003/2024(H5N1)	432	T	C	5210	3019	33	434	234	33	0.076855	5647	1.76891e-133	TRUE	PA:cds-XAJ25422.1	CAT	H	CAC	H	144
PA|PP755594.1|A/cattle/Texas/24-008749-003/2024(H5N1)	432	T	C	5210	3019	33	434	234	33	0.076855	5647	1.76891e-133	TRUE	PA-X:cds-XAJ25423.1	CAT	H	CAC	H	144
PA|PP755594.1|A/cattle/Texas/24-008749-003/2024(H5N1)	664	A	G	5820	2780	33	105	61	32	0.0177185	5926	1.64457e-25	TRUE	PA:cds-XAJ25422.1	AAC	N	GAC	D	222
PA|PP755594.1|A/cattle/Texas/24-008749-003/2024(H5N1)	664	A	G	5820	2780	33	105	61	32	0.0177185	5926	1.64457e-25	TRUE	PA-X:cds-XAJ25423.1	CGA	R	CGG	R	31
PA|PP755594.1|A/cattle/Texas/24-008749-003/2024(H5N1)	939	A	+T	5194	1811	33	110	0	20	0.019566	5622	2.63715e-06	TRUE	NA	NA	NA	NA	NA	NA
PA|PP755594.1|A/cattle/Texas/24-008749-003/2024(H5N1)	974	C	T	5426	2132	33	190	88	33	0.0338319	5616	9.9672e-52	TRUE	PA:cds-XAJ25422.1	CCG	P	CTG	L	325
PA|PP755594.1|A/cattle/Texas/24-008749-003/2024(H5N1)	1058	A	G	2775	1524	33	3424	1823	33	0.552347	6199	0	TRUE	PA:cds-XAJ25422.1	AAA	K	AGA	R	353
PA|PP755594.1|A/cattle/Texas/24-008749-003/2024(H5N1)	1101	G	A	6448	3654	33	231	99	32	0.034586	6679	9.49745e-63	TRUE	PA:cds-XAJ25422.1	AAG	K	AAA	K	367
PA|PP755594.1|A/cattle/Texas/24-008749-003/2024(H5N1)	1446	G	A	7416	2677	33	78	28	33	0.0104083	7494	4.11322e-17	TRUE	PA:cds-XAJ25422.1	TTG	L	TTA	L	482
PA|PP755594.1|A/cattle/Texas/24-008749-003/2024(H5N1)	1878	A	G	8199	4832	33	134	64	32	0.0160671	8340	8.46525e-33	TRUE	PA:cds-XAJ25422.1	AAA	K	AAG	K	626
PA|PP755594.1|A/cattle/Texas/24-008749-003/2024(H5N1)	2110	G	A	6224	4959	33	402	324	33	0.0606609	6627	1.1969e-116	TRUE	PA:cds-XAJ25422.1	GCA	A	ACA	T	704
