REGION	POS	REF	ALT	REF_DP	REF_RV	REF_QUAL	ALT_DP	ALT_RV	ALT_QUAL	ALT_FREQ	TOTAL_DP	PVAL	PASS	GFF_FEATURE	REF_CODON	REF_AA	ALT_CODON	ALT_AA	POS_AA
NS|PP755593.1|A/cattle/Texas/24-008749-003/2024(H5N1)	222	T	C	6	4	33	17082	7767	36	0.999473	17091	0	TRUE	NS1:cds-XAJ25420.1	GAT	D	GAC	D	74
NS|PP755593.1|A/cattle/Texas/24-008749-003/2024(H5N1)	301	G	A	5	2	37	18707	10777	36	0.999679	18713	0	TRUE	NS1:cds-XAJ25420.1	GAC	D	AAC	N	101
NS|PP755593.1|A/cattle/Texas/24-008749-003/2024(H5N1)	651	G	A	12	8	35	15405	9153	36	0.999222	15417	0	TRUE	NEP:cds-XAJ25421.1	AGC	S	AAC	N	50
NS|PP755593.1|A/cattle/Texas/24-008749-003/2024(H5N1)	651	G	A	12	8	35	15405	9153	36	0.999222	15417	0	TRUE	NS1:cds-XAJ25420.1	AAG	K	AAA	K	217
