REGION	POS	REF	ALT	REF_DP	REF_RV	REF_QUAL	ALT_DP	ALT_RV	ALT_QUAL	ALT_FREQ	TOTAL_DP	PVAL	PASS	GFF_FEATURE	REF_CODON	REF_AA	ALT_CODON	ALT_AA	POS_AA
NP|PP755592.1|A/cattle/Texas/24-008749-003/2024(H5N1)	13	G	A	1581	208	35	33	1	35	0.0204461	1614	2.15896e-22	TRUE	NP:cds-XAJ25419.1	GGC	G	AGC	S	5
NP|PP755592.1|A/cattle/Texas/24-008749-003/2024(H5N1)	113	G	A	9202	3305	38	393	110	36	0.0409588	9595	2.43622e-150	TRUE	NP:cds-XAJ25419.1	AGA	R	AAA	K	38
NP|PP755592.1|A/cattle/Texas/24-008749-003/2024(H5N1)	303	T	G	16824	7856	37	356	232	35	0.0207145	17186	1.4044e-93	TRUE	NP:cds-XAJ25419.1	GAT	D	GAG	E	101
NP|PP755592.1|A/cattle/Texas/24-008749-003/2024(H5N1)	498	G	A	5	5	40	18692	8332	35	0.999679	18698	0	TRUE	NP:cds-XAJ25419.1	CTG	L	CTA	L	166
NP|PP755592.1|A/cattle/Texas/24-008749-003/2024(H5N1)	870	C	T	4	2	34	18513	8478	36	0.99973	18518	0	TRUE	NP:cds-XAJ25419.1	GAC	D	GAT	D	290
NP|PP755592.1|A/cattle/Texas/24-008749-003/2024(H5N1)	875	A	G	18254	8427	36	600	314	35	0.0318235	18854	8.60385e-164	TRUE	NP:cds-XAJ25419.1	GAA	E	GGA	G	292
NP|PP755592.1|A/cattle/Texas/24-008749-003/2024(H5N1)	951	A	G	20661	9660	38	438	230	37	0.0207593	21099	2.92555e-114	TRUE	NP:cds-XAJ25419.1	AGA	R	AGG	R	317
NP|PP755592.1|A/cattle/Texas/24-008749-003/2024(H5N1)	1014	T	C	4	2	42	19828	10516	37	0.999748	19833	0	TRUE	NP:cds-XAJ25419.1	TTT	F	TTC	F	338
NP|PP755592.1|A/cattle/Texas/24-008749-003/2024(H5N1)	1398	C	T	15716	14118	40	1080	960	40	0.064301	16796	0	TRUE	NP:cds-XAJ25419.1	CTC	L	CTT	L	466
NP|PP755592.1|A/cattle/Texas/24-008749-003/2024(H5N1)	1423	A	G	14231	13122	39	1927	1798	38	0.11926	16158	0	TRUE	NP:cds-XAJ25419.1	ATC	I	GTC	V	475
