REGION	POS	REF	ALT	REF_DP	REF_RV	REF_QUAL	ALT_DP	ALT_RV	ALT_QUAL	ALT_FREQ	TOTAL_DP	PVAL	PASS	GFF_FEATURE	REF_CODON	REF_AA	ALT_CODON	ALT_AA	POS_AA
PB2|PP755596.1|A/cattle/Texas/24-008749-003/2024(H5N1)	764	C	T	0	0	0	568	286	36	1	568	0	TRUE	PB2:cds-XAJ25426.1	GCA	A	GTA	V	255
PB2|PP755596.1|A/cattle/Texas/24-008749-003/2024(H5N1)	1242	T	C	0	0	0	455	197	36	1	455	2.00379e-278	TRUE	PB2:cds-XAJ25426.1	GTT	V	GTC	V	414
PB2|PP755596.1|A/cattle/Texas/24-008749-003/2024(H5N1)	1305	G	A	0	0	0	490	187	36	1	490	7.77742e-304	TRUE	PB2:cds-XAJ25426.1	TTG	L	TTA	L	435
PB2|PP755596.1|A/cattle/Texas/24-008749-003/2024(H5N1)	1772	A	G	0	0	0	658	370	36	1	658	0	TRUE	PB2:cds-XAJ25426.1	CAA	Q	CGA	R	591
