REGION	POS	REF	ALT	REF_DP	REF_RV	REF_QUAL	ALT_DP	ALT_RV	ALT_QUAL	ALT_FREQ	TOTAL_DP	PVAL	PASS	GFF_FEATURE	REF_CODON	REF_AA	ALT_CODON	ALT_AA	POS_AA
PB1|PP755595.1|A/cattle/Texas/24-008749-003/2024(H5N1)	661	G	A	1612	890	33	37	21	33	0.0224378	1649	6.34756e-11	TRUE	PB1:cds-XAJ25424.1	GCA	A	ACA	T	221
PB1|PP755595.1|A/cattle/Texas/24-008749-003/2024(H5N1)	1202	C	T	1720	981	33	62	32	33	0.0347924	1782	1.93184e-18	TRUE	PB1:cds-XAJ25424.1	GCC	A	GTC	V	401
PB1|PP755595.1|A/cattle/Texas/24-008749-003/2024(H5N1)	1416	G	A	1607	704	33	499	159	33	0.236942	2106	5.7823e-165	TRUE	PB1:cds-XAJ25424.1	CTG	L	CTA	L	472
