REGION	POS	REF	ALT	REF_DP	REF_RV	REF_QUAL	ALT_DP	ALT_RV	ALT_QUAL	ALT_FREQ	TOTAL_DP	PVAL	PASS	GFF_FEATURE	REF_CODON	REF_AA	ALT_CODON	ALT_AA	POS_AA
NA|PP755591.1|A/cattle/Texas/24-008749-003/2024(H5N1)	22	A	C	99	25	46	1	1	71	0.01	100	0.179533	FALSE	NA:cds-XAJ25418.1	ACA	T	CCA	P	8
NA|PP755591.1|A/cattle/Texas/24-008749-003/2024(H5N1)	135	G	A	744	235	53	92	24	52	0.110048	836	5.00144e-45	TRUE	NA:cds-XAJ25418.1	CAG	Q	CAA	Q	45
NA|PP755591.1|A/cattle/Texas/24-008749-003/2024(H5N1)	199	A	G	0	0	0	1132	361	55	1	1132	0	TRUE	NA:cds-XAJ25418.1	ATC	I	GTC	V	67
NA|PP755591.1|A/cattle/Texas/24-008749-003/2024(H5N1)	212	G	A	0	0	0	1187	405	57	1	1187	0	TRUE	NA:cds-XAJ25418.1	AGT	S	AAT	N	71
NA|PP755591.1|A/cattle/Texas/24-008749-003/2024(H5N1)	330	T	C	0	0	0	1422	549	53	0.999297	1423	0	TRUE	NA:cds-XAJ25418.1	TCT	S	TCC	S	110
NA|PP755591.1|A/cattle/Texas/24-008749-003/2024(H5N1)	360	A	G	295	103	51	1213	468	51	0.804377	1508	0	TRUE	NA:cds-XAJ25418.1	CCA	P	CCG	P	120
NA|PP755591.1|A/cattle/Texas/24-008749-003/2024(H5N1)	444	A	C	0	0	0	1500	689	50	0.999334	1501	0	TRUE	NA:cds-XAJ25418.1	ACA	T	ACC	T	148
NA|PP755591.1|A/cattle/Texas/24-008749-003/2024(H5N1)	696	T	G	0	0	0	1541	837	49	1	1541	0	TRUE	NA:cds-XAJ25418.1	GCT	A	GCG	A	232
NA|PP755591.1|A/cattle/Texas/24-008749-003/2024(H5N1)	711	C	T	3	1	60	1534	919	52	0.998048	1537	0	TRUE	NA:cds-XAJ25418.1	TCC	S	TCT	S	237
NA|PP755591.1|A/cattle/Texas/24-008749-003/2024(H5N1)	805	A	T	0	0	0	1480	913	52	1	1480	0	TRUE	NA:cds-XAJ25418.1	ATG	M	TTG	L	269
NA|PP755591.1|A/cattle/Texas/24-008749-003/2024(H5N1)	897	G	A	0	0	0	1303	681	48	1	1303	0	TRUE	NA:cds-XAJ25418.1	TCG	S	TCA	S	299
NA|PP755591.1|A/cattle/Texas/24-008749-003/2024(H5N1)	961	A	G	5	3	43	1301	503	46	0.995409	1307	0	TRUE	NA:cds-XAJ25418.1	ATT	I	GTT	V	321
NA|PP755591.1|A/cattle/Texas/24-008749-003/2024(H5N1)	1015	C	T	1	1	30	1444	638	52	0.999308	1445	0	TRUE	NA:cds-XAJ25418.1	CCC	P	TCC	S	339
NA|PP755591.1|A/cattle/Texas/24-008749-003/2024(H5N1)	1302	T	C	0	0	0	849	672	53	1	849	0	TRUE	NA:cds-XAJ25418.1	AAT	N	AAC	N	434
