REGION	POS	REF	ALT	REF_DP	REF_RV	REF_QUAL	ALT_DP	ALT_RV	ALT_QUAL	ALT_FREQ	TOTAL_DP	PVAL	PASS	GFF_FEATURE	REF_CODON	REF_AA	ALT_CODON	ALT_AA	POS_AA
PA|PP755594.1|A/cattle/Texas/24-008749-003/2024(H5N1)	75	G	A	0	0	0	1101	233	33	1	1101	0	TRUE	PA:cds-XAJ25422.1	GGG	G	GGA	G	25
PA|PP755594.1|A/cattle/Texas/24-008749-003/2024(H5N1)	75	G	A	0	0	0	1101	233	33	1	1101	0	TRUE	PA-X:cds-XAJ25423.1	GGG	G	GGA	G	25
PA|PP755594.1|A/cattle/Texas/24-008749-003/2024(H5N1)	77	A	G	0	0	0	1057	205	33	1	1057	0	TRUE	PA:cds-XAJ25422.1	GAA	E	GGA	G	26
PA|PP755594.1|A/cattle/Texas/24-008749-003/2024(H5N1)	77	A	G	0	0	0	1057	205	33	1	1057	0	TRUE	PA-X:cds-XAJ25423.1	GAA	E	GGA	G	26
PA|PP755594.1|A/cattle/Texas/24-008749-003/2024(H5N1)	462	A	G	0	0	0	2540	1503	33	1	2540	0	TRUE	PA:cds-XAJ25422.1	GAA	E	GAG	E	154
PA|PP755594.1|A/cattle/Texas/24-008749-003/2024(H5N1)	462	A	G	0	0	0	2540	1503	33	1	2540	0	TRUE	PA-X:cds-XAJ25423.1	GAA	E	GAG	E	154
PA|PP755594.1|A/cattle/Texas/24-008749-003/2024(H5N1)	623	C	T	1	1	34	2733	1196	33	0.999634	2734	0	TRUE	PA:cds-XAJ25422.1	ACA	T	ATA	I	208
PA|PP755594.1|A/cattle/Texas/24-008749-003/2024(H5N1)	623	C	T	1	1	34	2733	1196	33	0.999634	2734	0	TRUE	PA-X:cds-XAJ25423.1	CAG	Q	TAG	*	18
PA|PP755594.1|A/cattle/Texas/24-008749-003/2024(H5N1)	795	A	G	1	1	34	2904	1781	33	0.999656	2905	0	TRUE	PA:cds-XAJ25422.1	CCA	P	CCG	P	265
PA|PP755594.1|A/cattle/Texas/24-008749-003/2024(H5N1)	909	G	A	7	2	32	2960	1044	33	0.997641	2967	0	TRUE	PA:cds-XAJ25422.1	CCG	P	CCA	P	303
PA|PP755594.1|A/cattle/Texas/24-008749-003/2024(H5N1)	1614	A	G	8	5	33	3044	1874	33	0.997379	3052	0	TRUE	PA:cds-XAJ25422.1	GAA	E	GAG	E	538
