REGION	POS	REF	ALT	REF_DP	REF_RV	REF_QUAL	ALT_DP	ALT_RV	ALT_QUAL	ALT_FREQ	TOTAL_DP	PVAL	PASS	GFF_FEATURE	REF_CODON	REF_AA	ALT_CODON	ALT_AA	POS_AA
PA|PP755594.1|A/cattle/Texas/24-008749-003/2024(H5N1)	91	G	A	187	30	40	2	2	55	0.010582	189	0.0778698	FALSE	PA:cds-XAJ25422.1	GAG	E	AAG	K	31
PA|PP755594.1|A/cattle/Texas/24-008749-003/2024(H5N1)	91	G	A	187	30	40	2	2	55	0.010582	189	0.0778698	FALSE	PA-X:cds-XAJ25423.1	GAG	E	AAG	K	31
PA|PP755594.1|A/cattle/Texas/24-008749-003/2024(H5N1)	176	A	G	377	208	41	4	1	55	0.0104987	381	0.0462132	FALSE	PA:cds-XAJ25422.1	GAA	E	GGA	G	59
PA|PP755594.1|A/cattle/Texas/24-008749-003/2024(H5N1)	176	A	G	377	208	41	4	1	55	0.0104987	381	0.0462132	FALSE	PA-X:cds-XAJ25423.1	GAA	E	GGA	G	59
PA|PP755594.1|A/cattle/Texas/24-008749-003/2024(H5N1)	1245	C	T	619	260	40	7	2	52	0.0111821	626	0.00481987	TRUE	PA:cds-XAJ25422.1	TGC	C	TGT	C	415
PA|PP755594.1|A/cattle/Texas/24-008749-003/2024(H5N1)	1545	C	T	2	1	31	601	354	39	0.996683	603	0	TRUE	PA:cds-XAJ25422.1	ACC	T	ACT	T	515
