REGION	POS	REF	ALT	REF_DP	REF_RV	REF_QUAL	ALT_DP	ALT_RV	ALT_QUAL	ALT_FREQ	TOTAL_DP	PVAL	PASS	GFF_FEATURE	REF_CODON	REF_AA	ALT_CODON	ALT_AA	POS_AA
MP|PP755590.1|A/cattle/Texas/24-008749-003/2024(H5N1)	174	G	A	6	1	49	4290	1526	41	0.998603	4296	0	TRUE	M1:cds-XAJ25416.1	GGG	G	GGA	G	58
MP|PP755590.1|A/cattle/Texas/24-008749-003/2024(H5N1)	190	T	C	4200	1748	41	64	27	38	0.0150059	4265	3.01845e-17	TRUE	M1:cds-XAJ25416.1	TTC	F	CTC	L	64
MP|PP755590.1|A/cattle/Texas/24-008749-003/2024(H5N1)	285	A	G	1	1	37	5044	2447	40	0.999802	5045	0	TRUE	M1:cds-XAJ25416.1	AGA	R	AGG	R	95
MP|PP755590.1|A/cattle/Texas/24-008749-003/2024(H5N1)	294	G	A	5125	2637	41	328	139	39	0.0601504	5453	3.36726e-100	TRUE	M1:cds-XAJ25416.1	AAG	K	AAA	K	98
MP|PP755590.1|A/cattle/Texas/24-008749-003/2024(H5N1)	342	A	G	5466	2718	40	70	40	40	0.0126422	5537	3.43787e-24	TRUE	M1:cds-XAJ25416.1	GAA	E	GAG	E	114
MP|PP755590.1|A/cattle/Texas/24-008749-003/2024(H5N1)	444	T	C	5506	2631	40	95	37	38	0.0169582	5602	1.59742e-24	TRUE	M1:cds-XAJ25416.1	TGT	C	TGC	C	148
MP|PP755590.1|A/cattle/Texas/24-008749-003/2024(H5N1)	456	A	G	1	0	37	5212	2315	40	0.999808	5213	0	TRUE	M1:cds-XAJ25416.1	GAA	E	GAG	E	152
MP|PP755590.1|A/cattle/Texas/24-008749-003/2024(H5N1)	648	G	A	5482	2467	40	420	155	37	0.0711623	5902	2.65897e-128	TRUE	M1:cds-XAJ25416.1	ATG	M	ATA	I	216
MP|PP755590.1|A/cattle/Texas/24-008749-003/2024(H5N1)	651	G	A	5443	2481	40	487	183	39	0.0820971	5932	1.25486e-151	TRUE	M1:cds-XAJ25416.1	AGG	R	AGA	R	217
MP|PP755590.1|A/cattle/Texas/24-008749-003/2024(H5N1)	673	T	C	5923	2366	39	125	46	40	0.0206646	6049	5.39002e-42	TRUE	M1:cds-XAJ25416.1	TCC	S	CCC	P	225
MP|PP755590.1|A/cattle/Texas/24-008749-003/2024(H5N1)	678	T	C	5726	2200	40	365	115	39	0.0599245	6091	1.31702e-111	TRUE	M1:cds-XAJ25416.1	AGT	S	AGC	S	226
MP|PP755590.1|A/cattle/Texas/24-008749-003/2024(H5N1)	690	A	G	5547	1779	40	113	43	42	0.0199647	5660	5.63508e-38	TRUE	M1:cds-XAJ25416.1	AGA	R	AGG	R	230
MP|PP755590.1|A/cattle/Texas/24-008749-003/2024(H5N1)	910	A	G	3912	3694	40	281	275	39	0.0670005	4194	1.72809e-87	TRUE	M2:cds-XAJ25417.1	GAA	E	GAG	E	66
