REGION	POS	REF	ALT	REF_DP	REF_RV	REF_QUAL	ALT_DP	ALT_RV	ALT_QUAL	ALT_FREQ	TOTAL_DP	PVAL	PASS	GFF_FEATURE	REF_CODON	REF_AA	ALT_CODON	ALT_AA	POS_AA
HA|PP755589.1|A/cattle/Texas/24-008749-003/2024(H5N1)	30	A	T	762	143	29	8	0	30	0.0103761	771	0.000657007	TRUE	HA:cds-XAJ25415.1	ATA	I	ATT	I	10
HA|PP755589.1|A/cattle/Texas/24-008749-003/2024(H5N1)	465	A	G	0	0	0	2413	1275	29	0.999172	2415	0	TRUE	HA:cds-XAJ25415.1	GGA	G	GGG	G	155
HA|PP755589.1|A/cattle/Texas/24-008749-003/2024(H5N1)	651	G	A	4	3	30	2714	1149	30	0.996329	2724	0	TRUE	HA:cds-XAJ25415.1	GGG	G	GGA	G	217
HA|PP755589.1|A/cattle/Texas/24-008749-003/2024(H5N1)	665	A	C	2923	1336	29	35	0	30	0.0118243	2960	4.60274e-09	TRUE	HA:cds-XAJ25415.1	AAC	N	ACC	T	222
HA|PP755589.1|A/cattle/Texas/24-008749-003/2024(H5N1)	707	A	C	2654	1247	29	30	1	29	0.0111649	2687	0.342627	FALSE	HA:cds-XAJ25415.1	AAC	N	ACC	T	236
HA|PP755589.1|A/cattle/Texas/24-008749-003/2024(H5N1)	1036	G	C	2833	1549	29	39	39	30	0.0135605	2876	3.39758e-10	TRUE	HA:cds-XAJ25415.1	GGT	G	CGT	R	346
HA|PP755589.1|A/cattle/Texas/24-008749-003/2024(H5N1)	1052	T	A	2898	1655	29	44	6	30	0.0149507	2943	1.13281e-11	TRUE	HA:cds-XAJ25415.1	ATA	I	AAA	K	351
HA|PP755589.1|A/cattle/Texas/24-008749-003/2024(H5N1)	1072	G	C	3504	1440	30	46	46	29	0.0129468	3553	0.131289	FALSE	HA:cds-XAJ25415.1	GGA	G	CGA	R	358
HA|PP755589.1|A/cattle/Texas/24-008749-003/2024(H5N1)	1073	G	C	3490	1423	29	65	63	30	0.018279	3556	1.3584e-16	TRUE	HA:cds-XAJ25415.1	GGA	G	GCA	A	358
HA|PP755589.1|A/cattle/Texas/24-008749-003/2024(H5N1)	1075	T	A	3528	1459	29	53	53	30	0.0147632	3590	3.16857e-13	TRUE	HA:cds-XAJ25415.1	TGG	W	AGG	R	359
HA|PP755589.1|A/cattle/Texas/24-008749-003/2024(H5N1)	1076	G	C	3541	1456	29	63	63	30	0.0174419	3612	4.62612e-16	TRUE	HA:cds-XAJ25415.1	TGG	W	TCG	S	359
HA|PP755589.1|A/cattle/Texas/24-008749-003/2024(H5N1)	1193	A	C	7450	2439	30	106	0	30	0.0140156	7563	2.76493e-24	TRUE	HA:cds-XAJ25415.1	AAC	N	ACC	T	398
HA|PP755589.1|A/cattle/Texas/24-008749-003/2024(H5N1)	1275	G	A	2	1	30	7447	3388	29	0.998525	7458	0	TRUE	HA:cds-XAJ25415.1	TTG	L	TTA	L	425
HA|PP755589.1|A/cattle/Texas/24-008749-003/2024(H5N1)	1456	T	A	8551	3937	30	91	86	30	0.0105263	8645	2.37659e-19	TRUE	HA:cds-XAJ25415.1	TAT	Y	AAT	N	486
