REGION	POS	REF	ALT	REF_DP	REF_RV	REF_QUAL	ALT_DP	ALT_RV	ALT_QUAL	ALT_FREQ	TOTAL_DP	PVAL	PASS	GFF_FEATURE	REF_CODON	REF_AA	ALT_CODON	ALT_AA	POS_AA
PB1|PP755595.1|A/cattle/Texas/24-008749-003/2024(H5N1)	192	T	C	229	43	36	3	1	31	0.012931	232	0.117969	FALSE	PB1:cds-XAJ25424.1	CCT	P	CCC	P	64
PB1|PP755595.1|A/cattle/Texas/24-008749-003/2024(H5N1)	192	T	C	229	43	36	3	1	31	0.012931	232	0.117969	FALSE	PB1-F2:cds-XAJ25425.1	CTC	L	CCC	P	33
PB1|PP755595.1|A/cattle/Texas/24-008749-003/2024(H5N1)	949	A	G	171	109	36	155	95	36	0.47546	326	1.31325e-59	TRUE	PB1:cds-XAJ25424.1	ATG	M	GTG	V	317
PB1|PP755595.1|A/cattle/Texas/24-008749-003/2024(H5N1)	991	G	A	300	162	36	72	31	36	0.193548	372	4.24555e-24	TRUE	PB1:cds-XAJ25424.1	GAA	E	AAA	K	331
PB1|PP755595.1|A/cattle/Texas/24-008749-003/2024(H5N1)	1747	A	G	2863	1312	36	31	9	35	0.0107044	2896	1.37389e-07	TRUE	PB1:cds-XAJ25424.1	ACC	T	GCC	A	583
PB1|PP755595.1|A/cattle/Texas/24-008749-003/2024(H5N1)	1871	T	C	3176	2040	36	74	42	36	0.0227622	3251	1.50533e-19	TRUE	PB1:cds-XAJ25424.1	CTT	L	CCT	P	624
PB1|PP755595.1|A/cattle/Texas/24-008749-003/2024(H5N1)	1897	A	G	2895	1874	36	474	308	36	0.140695	3369	1.69097e-147	TRUE	PB1:cds-XAJ25424.1	AGC	S	GGC	G	633
PB1|PP755595.1|A/cattle/Texas/24-008749-003/2024(H5N1)	1947	T	C	2899	1807	36	134	76	36	0.0441807	3033	2.91123e-37	TRUE	PB1:cds-XAJ25424.1	CAT	H	CAC	H	649
PB1|PP755595.1|A/cattle/Texas/24-008749-003/2024(H5N1)	2181	A	G	2171	1936	36	202	194	36	0.0851243	2373	2.07567e-60	TRUE	PB1:cds-XAJ25424.1	CGA	R	CGG	R	727
PB1|PP755595.1|A/cattle/Texas/24-008749-003/2024(H5N1)	2263	C	T	1207	1117	36	17	16	35	0.0138889	1224	6.08593e-05	TRUE	PB1:cds-XAJ25424.1	CGG	R	TGG	W	755
PB1|PP755595.1|A/cattle/Texas/24-008749-003/2024(H5N1)	2273	A	C	84	79	32	2	2	22	0.0232558	86	0.239781	FALSE	PB1:cds-XAJ25424.1	TAG	*	TCG	S	758
