REGION	POS	REF	ALT	REF_DP	REF_RV	REF_QUAL	ALT_DP	ALT_RV	ALT_QUAL	ALT_FREQ	TOTAL_DP	PVAL	PASS	GFF_FEATURE	REF_CODON	REF_AA	ALT_CODON	ALT_AA	POS_AA
PA|PP755594.1|A/cattle/Texas/24-008749-003/2024(H5N1)	75	G	A	4	1	42	1323	157	37	0.996986	1327	0	TRUE	PA:cds-XAJ25422.1	GGG	G	GGA	G	25
PA|PP755594.1|A/cattle/Texas/24-008749-003/2024(H5N1)	75	G	A	4	1	42	1323	157	37	0.996986	1327	0	TRUE	PA-X:cds-XAJ25423.1	GGG	G	GGA	G	25
PA|PP755594.1|A/cattle/Texas/24-008749-003/2024(H5N1)	619	A	G	2	2	68	3470	1338	38	0.999424	3472	0	TRUE	PA:cds-XAJ25422.1	ATC	I	GTC	V	207
PA|PP755594.1|A/cattle/Texas/24-008749-003/2024(H5N1)	619	A	G	2	2	68	3470	1338	38	0.999424	3472	0	TRUE	PA-X:cds-XAJ25423.1	AAA	K	AAG	K	16
PA|PP755594.1|A/cattle/Texas/24-008749-003/2024(H5N1)	1267	A	G	3441	1850	40	265	148	40	0.0715057	3706	8.96691e-96	TRUE	PA:cds-XAJ25422.1	ATT	I	GTT	V	423
