REGION	POS	REF	ALT	REF_DP	REF_RV	REF_QUAL	ALT_DP	ALT_RV	ALT_QUAL	ALT_FREQ	TOTAL_DP	PVAL	PASS	GFF_FEATURE	REF_CODON	REF_AA	ALT_CODON	ALT_AA	POS_AA
HA|PP755589.1|A/cattle/Texas/24-008749-003/2024(H5N1)	465	A	G	5	4	40	2608	1301	39	0.998086	2613	0	TRUE	HA:cds-XAJ25415.1	GGA	G	GGG	G	155
HA|PP755589.1|A/cattle/Texas/24-008749-003/2024(H5N1)	651	G	A	3	1	34	2728	1187	38	0.998536	2732	0	TRUE	HA:cds-XAJ25415.1	GGG	G	GGA	G	217
HA|PP755589.1|A/cattle/Texas/24-008749-003/2024(H5N1)	993	T	C	2851	1481	42	70	33	41	0.023948	2923	3.35122e-26	TRUE	HA:cds-XAJ25415.1	ACT	T	ACC	T	331
HA|PP755589.1|A/cattle/Texas/24-008749-003/2024(H5N1)	1052	T	A	2909	1717	40	56	11	36	0.0188806	2966	1.53071e-16	TRUE	HA:cds-XAJ25415.1	ATA	I	AAA	K	351
HA|PP755589.1|A/cattle/Texas/24-008749-003/2024(H5N1)	1275	G	A	1	0	34	7715	3418	39	0.99987	7716	0	TRUE	HA:cds-XAJ25415.1	TTG	L	TTA	L	425
