REGION	POS	REF	ALT	REF_DP	REF_RV	REF_QUAL	ALT_DP	ALT_RV	ALT_QUAL	ALT_FREQ	TOTAL_DP	PVAL	PASS	GFF_FEATURE	REF_CODON	REF_AA	ALT_CODON	ALT_AA	POS_AA
MP|PP755590.1|A/cattle/Texas/24-008749-003/2024(H5N1)	12	A	T	1700	133	37	29	0	20	0.0167727	1729	0.0350602	FALSE	M2:cds-XAJ25417.1	CTA	L	CTT	L	4
MP|PP755590.1|A/cattle/Texas/24-008749-003/2024(H5N1)	12	A	T	1700	133	37	29	0	20	0.0167727	1729	0.0350602	FALSE	M1:cds-XAJ25416.1	CTA	L	CTT	L	4
MP|PP755590.1|A/cattle/Texas/24-008749-003/2024(H5N1)	245	G	A	8	7	36	7268	3557	36	0.998489	7279	0	TRUE	M1:cds-XAJ25416.1	AGT	S	AAT	N	82
MP|PP755590.1|A/cattle/Texas/24-008749-003/2024(H5N1)	249	C	T	3	1	30	7148	3315	36	0.99958	7151	0	TRUE	M1:cds-XAJ25416.1	GCC	A	GCT	A	83
MP|PP755590.1|A/cattle/Texas/24-008749-003/2024(H5N1)	254	G	A	0	0	0	7562	3582	37	0.999868	7563	0	TRUE	M1:cds-XAJ25416.1	AGT	S	AAT	N	85
MP|PP755590.1|A/cattle/Texas/24-008749-003/2024(H5N1)	260	C	A	0	0	0	7294	3526	36	1	7294	0	TRUE	M1:cds-XAJ25416.1	ACT	T	AAT	N	87
MP|PP755590.1|A/cattle/Texas/24-008749-003/2024(H5N1)	285	A	G	3	1	29	7049	3417	36	0.999008	7056	0	TRUE	M1:cds-XAJ25416.1	AGA	R	AGG	R	95
MP|PP755590.1|A/cattle/Texas/24-008749-003/2024(H5N1)	307	C	T	6	2	30	7763	3590	37	0.999099	7770	0	TRUE	M1:cds-XAJ25416.1	CTG	L	TTG	L	103
MP|PP755590.1|A/cattle/Texas/24-008749-003/2024(H5N1)	361	A	C	8433	3830	35	223	105	35	0.0257506	8660	3.3999e-60	TRUE	M1:cds-XAJ25416.1	ACC	T	CCC	P	121
MP|PP755590.1|A/cattle/Texas/24-008749-003/2024(H5N1)	456	A	G	8	6	28	9546	4085	37	0.999058	9555	0	TRUE	M1:cds-XAJ25416.1	GAA	E	GAG	E	152
MP|PP755590.1|A/cattle/Texas/24-008749-003/2024(H5N1)	516	G	A	2	1	37	9679	4320	37	0.99969	9682	0	TRUE	M1:cds-XAJ25416.1	CTG	L	CTA	L	172
MP|PP755590.1|A/cattle/Texas/24-008749-003/2024(H5N1)	540	T	G	1	1	33	8490	3607	35	0.998471	8503	0	TRUE	M1:cds-XAJ25416.1	GTT	V	GTG	V	180
MP|PP755590.1|A/cattle/Texas/24-008749-003/2024(H5N1)	679	A	G	2	1	22	7739	3619	35	0.999742	7741	0	TRUE	M1:cds-XAJ25416.1	ACC	T	GCC	A	227
MP|PP755590.1|A/cattle/Texas/24-008749-003/2024(H5N1)	950	A	G	1	1	37	1324	909	35	0.999245	1325	0	TRUE	M2:cds-XAJ25417.1	AAT	N	GAT	D	79
