REGION	POS	REF	ALT	REF_DP	REF_RV	REF_QUAL	ALT_DP	ALT_RV	ALT_QUAL	ALT_FREQ	TOTAL_DP	PVAL	PASS	GFF_FEATURE	REF_CODON	REF_AA	ALT_CODON	ALT_AA	POS_AA
HA|PP755589.1|A/cattle/Texas/24-008749-003/2024(H5N1)	170	T	C	2160	1001	33	23	11	33	0.010536	2183	4.44461e-06	TRUE	HA:cds-XAJ25415.1	CTA	L	CCA	P	57
HA|PP755589.1|A/cattle/Texas/24-008749-003/2024(H5N1)	178	C	T	2401	1255	33	65	26	33	0.0263585	2466	3.91094e-18	TRUE	HA:cds-XAJ25415.1	CTA	L	TTA	L	60
HA|PP755589.1|A/cattle/Texas/24-008749-003/2024(H5N1)	372	A	G	2214	1116	33	65	35	33	0.0285213	2279	4.30155e-19	TRUE	HA:cds-XAJ25415.1	ATA	I	ATG	M	124
HA|PP755589.1|A/cattle/Texas/24-008749-003/2024(H5N1)	509	A	G	2108	1214	33	47	29	33	0.0218097	2155	1.07713e-12	TRUE	HA:cds-XAJ25415.1	AAC	N	AGC	S	170
HA|PP755589.1|A/cattle/Texas/24-008749-003/2024(H5N1)	514	G	A	2090	1174	33	131	69	33	0.0589824	2221	1.09526e-38	TRUE	HA:cds-XAJ25415.1	GCA	A	ACA	T	172
HA|PP755589.1|A/cattle/Texas/24-008749-003/2024(H5N1)	523	A	C	2033	1223	33	23	11	32	0.0111759	2058	3.25416e-06	TRUE	HA:cds-XAJ25415.1	ACA	T	CCA	P	175
HA|PP755589.1|A/cattle/Texas/24-008749-003/2024(H5N1)	623	A	G	2388	1062	33	32	18	32	0.0132231	2420	2.53172e-08	TRUE	HA:cds-XAJ25415.1	AAA	K	AGA	R	208
HA|PP755589.1|A/cattle/Texas/24-008749-003/2024(H5N1)	651	G	A	1	0	34	2303	987	33	0.999566	2304	0	TRUE	HA:cds-XAJ25415.1	GGG	G	GGA	G	217
HA|PP755589.1|A/cattle/Texas/24-008749-003/2024(H5N1)	743	T	C	2093	907	33	84	54	33	0.0385852	2177	2.9912e-25	TRUE	HA:cds-XAJ25415.1	ATC	I	ACC	T	248
HA|PP755589.1|A/cattle/Texas/24-008749-003/2024(H5N1)	1119	T	C	2287	1094	33	63	23	33	0.0268085	2350	1.94001e-17	TRUE	HA:cds-XAJ25415.1	AAT	N	AAC	N	373
HA|PP755589.1|A/cattle/Texas/24-008749-003/2024(H5N1)	1284	A	G	2780	1533	33	86	56	33	0.030007	2866	6.1117e-24	TRUE	HA:cds-XAJ25415.1	AAA	K	AAG	K	428
HA|PP755589.1|A/cattle/Texas/24-008749-003/2024(H5N1)	1561	G	A	3247	1807	33	61	30	33	0.0184401	3308	7.02614e-16	TRUE	HA:cds-XAJ25415.1	GTG	V	ATG	M	521
