REGION	POS	REF	ALT	REF_DP	REF_RV	REF_QUAL	ALT_DP	ALT_RV	ALT_QUAL	ALT_FREQ	TOTAL_DP	PVAL	PASS	GFF_FEATURE	REF_CODON	REF_AA	ALT_CODON	ALT_AA	POS_AA
NS|PP755593.1|A/cattle/Texas/24-008749-003/2024(H5N1)	6	T	C	0	0	0	350	32	32	1	350	0	TRUE	NEP:cds-XAJ25421.1	GAT	D	GAC	D	2
NS|PP755593.1|A/cattle/Texas/24-008749-003/2024(H5N1)	6	T	C	0	0	0	350	32	32	1	350	0	TRUE	NS1:cds-XAJ25420.1	GAT	D	GAC	D	2
NS|PP755593.1|A/cattle/Texas/24-008749-003/2024(H5N1)	20	T	C	1	0	37	2401	224	35	0.999584	2402	0	TRUE	NEP:cds-XAJ25421.1	TTA	L	TCA	S	7
NS|PP755593.1|A/cattle/Texas/24-008749-003/2024(H5N1)	20	T	C	1	0	37	2401	224	35	0.999584	2402	0	TRUE	NS1:cds-XAJ25420.1	TTA	L	TCA	S	7
NS|PP755593.1|A/cattle/Texas/24-008749-003/2024(H5N1)	106	C	A	0	0	0	4330	620	36	1	4330	0	TRUE	NS1:cds-XAJ25420.1	CTC	L	ATC	I	36
NS|PP755593.1|A/cattle/Texas/24-008749-003/2024(H5N1)	183	G	A	4	2	31	4555	1704	36	0.999123	4559	0	TRUE	NS1:cds-XAJ25420.1	GGG	G	GGA	G	61
NS|PP755593.1|A/cattle/Texas/24-008749-003/2024(H5N1)	209	A	G	5	1	34	5256	2034	36	0.99905	5261	0	TRUE	NS1:cds-XAJ25420.1	GAG	E	GGG	G	70
NS|PP755593.1|A/cattle/Texas/24-008749-003/2024(H5N1)	222	T	C	2	0	37	5411	2284	36	0.999631	5413	0	TRUE	NS1:cds-XAJ25420.1	GAT	D	GAC	D	74
NS|PP755593.1|A/cattle/Texas/24-008749-003/2024(H5N1)	260	C	T	5893	2811	36	63	42	36	0.0105776	5956	1.2263e-13	TRUE	NS1:cds-XAJ25420.1	CCA	P	CTA	L	87
NS|PP755593.1|A/cattle/Texas/24-008749-003/2024(H5N1)	372	G	A	6820	3360	36	171	71	36	0.02446	6991	2.42029e-43	TRUE	NS1:cds-XAJ25420.1	ATG	M	ATA	I	124
NS|PP755593.1|A/cattle/Texas/24-008749-003/2024(H5N1)	373	G	A	6995	3404	36	110	52	36	0.0154821	7105	9.92795e-26	TRUE	NS1:cds-XAJ25420.1	GAT	D	AAT	N	125
NS|PP755593.1|A/cattle/Texas/24-008749-003/2024(H5N1)	406	G	A	3	2	33	6451	3026	34	0.999535	6454	0	TRUE	NS1:cds-XAJ25420.1	GTG	V	ATG	M	136
NS|PP755593.1|A/cattle/Texas/24-008749-003/2024(H5N1)	602	T	A	0	0	0	5595	3815	35	0.999464	5598	0	TRUE	NEP:cds-XAJ25421.1	TCG	S	ACG	T	34
NS|PP755593.1|A/cattle/Texas/24-008749-003/2024(H5N1)	602	T	A	0	0	0	5595	3815	35	0.999464	5598	0	TRUE	NS1:cds-XAJ25420.1	TTC	F	TAC	Y	201
NS|PP755593.1|A/cattle/Texas/24-008749-003/2024(H5N1)	766	A	G	6301	5650	36	105	98	36	0.0163909	6406	3.21182e-25	TRUE	NEP:cds-XAJ25421.1	ACA	T	ACG	T	88
