REGION	POS	REF	ALT	REF_DP	REF_RV	REF_QUAL	ALT_DP	ALT_RV	ALT_QUAL	ALT_FREQ	TOTAL_DP	PVAL	PASS	GFF_FEATURE	REF_CODON	REF_AA	ALT_CODON	ALT_AA	POS_AA
NA|PP755591.1|A/cattle/Texas/24-008749-003/2024(H5N1)	209	G	A	2461	1169	33	38	23	30	0.0152	2500	2.68152e-10	TRUE	NA:cds-XAJ25418.1	AGC	S	AAC	N	70
NA|PP755591.1|A/cattle/Texas/24-008749-003/2024(H5N1)	412	G	A	2	2	34	2558	1290	33	0.999219	2560	0	TRUE	NA:cds-XAJ25418.1	GCT	A	ACT	T	138
NA|PP755591.1|A/cattle/Texas/24-008749-003/2024(H5N1)	485	C	T	2251	1140	33	367	193	33	0.14013	2619	9.74443e-116	TRUE	NA:cds-XAJ25418.1	CCC	P	CTC	L	162
NA|PP755591.1|A/cattle/Texas/24-008749-003/2024(H5N1)	729	T	C	2187	1152	33	707	333	33	0.244299	2894	9.04853e-235	TRUE	NA:cds-XAJ25418.1	ACT	T	ACC	T	243
NA|PP755591.1|A/cattle/Texas/24-008749-003/2024(H5N1)	1327	A	G	1445	1127	33	965	771	33	0.400249	2411	0	TRUE	NA:cds-XAJ25418.1	ATA	I	GTA	V	443
