REGION	POS	REF	ALT	REF_DP	REF_RV	REF_QUAL	ALT_DP	ALT_RV	ALT_QUAL	ALT_FREQ	TOTAL_DP	PVAL	PASS	GFF_FEATURE	REF_CODON	REF_AA	ALT_CODON	ALT_AA	POS_AA
NS|PP755593.1|A/cattle/Texas/24-008749-003/2024(H5N1)	62	G	A	7	1	34	52757	6889	38	0.999848	52765	0	TRUE	NS1:cds-XAJ25420.1	CGA	R	CAA	Q	21
NS|PP755593.1|A/cattle/Texas/24-008749-003/2024(H5N1)	173	C	A	16	1	32	95917	46945	38	0.999385	95976	0	TRUE	NS1:cds-XAJ25420.1	ACT	T	AAT	N	58
NS|PP755593.1|A/cattle/Texas/24-008749-003/2024(H5N1)	222	T	C	30	18	35	111008	56858	39	0.999685	111043	0	TRUE	NS1:cds-XAJ25420.1	GAT	D	GAC	D	74
NS|PP755593.1|A/cattle/Texas/24-008749-003/2024(H5N1)	240	T	C	25	19	37	112775	65708	38	0.999707	112808	0	TRUE	NS1:cds-XAJ25420.1	ACT	T	ACC	T	80
NS|PP755593.1|A/cattle/Texas/24-008749-003/2024(H5N1)	375	T	C	111362	53260	38	11291	4748	38	0.0920512	122660	0	TRUE	NS1:cds-XAJ25420.1	GAT	D	GAC	D	125
NS|PP755593.1|A/cattle/Texas/24-008749-003/2024(H5N1)	441	C	T	23	8	38	118505	53109	38	0.999671	118544	0	TRUE	NS1:cds-XAJ25420.1	CTC	L	CTT	L	147
NS|PP755593.1|A/cattle/Texas/24-008749-003/2024(H5N1)	489	G	A	29	9	37	114155	58414	38	0.999667	114193	0	TRUE	NS1:cds-XAJ25420.1	TTG	L	TTA	L	163
NS|PP755593.1|A/cattle/Texas/24-008749-003/2024(H5N1)	590	C	T	16	9	37	110190	62086	37	0.999837	110208	0	TRUE	NEP:cds-XAJ25421.1	CTT	L	TTT	F	30
NS|PP755593.1|A/cattle/Texas/24-008749-003/2024(H5N1)	590	C	T	16	9	37	110190	62086	37	0.999837	110208	0	TRUE	NS1:cds-XAJ25420.1	ACT	T	ATT	I	197
