REGION	POS	REF	ALT	REF_DP	REF_RV	REF_QUAL	ALT_DP	ALT_RV	ALT_QUAL	ALT_FREQ	TOTAL_DP	PVAL	PASS	GFF_FEATURE	REF_CODON	REF_AA	ALT_CODON	ALT_AA	POS_AA
NA|PP755591.1|A/cattle/Texas/24-008749-003/2024(H5N1)	188	A	G	3890	1756	33	406	186	33	0.0945065	4296	6.9666e-126	TRUE	NA:cds-XAJ25418.1	AAT	N	AGT	S	63
NA|PP755591.1|A/cattle/Texas/24-008749-003/2024(H5N1)	774	A	G	3701	2064	33	287	149	33	0.0719479	3989	1.82774e-88	TRUE	NA:cds-XAJ25418.1	ATA	I	ATG	M	258
NA|PP755591.1|A/cattle/Texas/24-008749-003/2024(H5N1)	1289	G	C	3280	1612	32	71	71	28	0.0211688	3354	1.31597e-05	TRUE	NA:cds-XAJ25418.1	AGG	R	ACG	T	430
