REGION	POS	REF	ALT	REF_DP	REF_RV	REF_QUAL	ALT_DP	ALT_RV	ALT_QUAL	ALT_FREQ	TOTAL_DP	PVAL	PASS	GFF_FEATURE	REF_CODON	REF_AA	ALT_CODON	ALT_AA	POS_AA
PA|PP755594.1|A/cattle/Texas/24-008749-003/2024(H5N1)	2	T	G	204	14	35	4	0	22	0.0192308	208	0.166363	FALSE	PA:cds-XAJ25422.1	ATG	M	AGG	R	1
PA|PP755594.1|A/cattle/Texas/24-008749-003/2024(H5N1)	2	T	G	204	14	35	4	0	22	0.0192308	208	0.166363	FALSE	PA-X:cds-XAJ25423.1	ATG	M	AGG	R	1
PA|PP755594.1|A/cattle/Texas/24-008749-003/2024(H5N1)	104	T	-TGCCGCAATA	2553	619	38	99	0	20	0.0159781	6196	3.80032e-17	TRUE	NA	NA	NA	NA	NA	NA
PA|PP755594.1|A/cattle/Texas/24-008749-003/2024(H5N1)	999	T	C	2767	815	38	43	17	39	0.0153025	2810	1.09883e-11	TRUE	PA:cds-XAJ25422.1	AAT	N	AAC	N	333
PA|PP755594.1|A/cattle/Texas/24-008749-003/2024(H5N1)	1257	T	C	57	33	42	2996	1417	41	0.981009	3054	0	TRUE	PA:cds-XAJ25422.1	GAT	D	GAC	D	419
PA|PP755594.1|A/cattle/Texas/24-008749-003/2024(H5N1)	1521	A	G	54	24	38	3283	1596	40	0.983818	3337	0	TRUE	PA:cds-XAJ25422.1	GGA	G	GGG	G	507
