REGION	POS	REF	ALT	REF_DP	REF_RV	REF_QUAL	ALT_DP	ALT_RV	ALT_QUAL	ALT_FREQ	TOTAL_DP	PVAL	PASS	GFF_FEATURE	REF_CODON	REF_AA	ALT_CODON	ALT_AA	POS_AA
NS|PP755593.1|A/cattle/Texas/24-008749-003/2024(H5N1)	12	C	T	19473	3390	33	1836	304	33	0.0861567	21310	0	TRUE	NEP:cds-XAJ25421.1	AAC	N	AAT	N	4
NS|PP755593.1|A/cattle/Texas/24-008749-003/2024(H5N1)	12	C	T	19473	3390	33	1836	304	33	0.0861567	21310	0	TRUE	NS1:cds-XAJ25420.1	AAC	N	AAT	N	4
NS|PP755593.1|A/cattle/Texas/24-008749-003/2024(H5N1)	222	T	C	20	8	34	98654	49531	33	0.999757	98678	0	TRUE	NS1:cds-XAJ25420.1	GAT	D	GAC	D	74
