REGION	POS	REF	ALT	REF_DP	REF_RV	REF_QUAL	ALT_DP	ALT_RV	ALT_QUAL	ALT_FREQ	TOTAL_DP	PVAL	PASS	GFF_FEATURE	REF_CODON	REF_AA	ALT_CODON	ALT_AA	POS_AA
HA|PP755581.1|A/cattle/Texas/24-008749-002/2024(H5N1)	6	G	A	48	12	33	1	0	34	0.0204082	49	0.134247	FALSE	NA	NA	NA	NA	NA	NA
HA|PP755581.1|A/cattle/Texas/24-008749-002/2024(H5N1)	651	G	A	0	0	0	773	348	33	1	773	0	TRUE	NA	NA	NA	NA	NA	NA
HA|PP755581.1|A/cattle/Texas/24-008749-002/2024(H5N1)	700	C	A	690	309	33	133	78	33	0.161604	823	4.38303e-44	TRUE	NA	NA	NA	NA	NA	NA
HA|PP755581.1|A/cattle/Texas/24-008749-002/2024(H5N1)	1010	C	T	3	1	28	915	490	33	0.996732	918	0	TRUE	NA	NA	NA	NA	NA	NA
HA|PP755581.1|A/cattle/Texas/24-008749-002/2024(H5N1)	1052	T	A	1036	608	33	27	9	33	0.0253998	1063	4.96265e-08	TRUE	NA	NA	NA	NA	NA	NA
HA|PP755581.1|A/cattle/Texas/24-008749-002/2024(H5N1)	1251	C	T	0	0	0	4708	1639	33	0.999575	4710	0	TRUE	NA	NA	NA	NA	NA	NA
HA|PP755581.1|A/cattle/Texas/24-008749-002/2024(H5N1)	1431	A	G	1	1	34	4810	2101	33	0.999792	4811	0	TRUE	NA	NA	NA	NA	NA	NA
