REGION	POS	REF	ALT	REF_DP	REF_RV	REF_QUAL	ALT_DP	ALT_RV	ALT_QUAL	ALT_FREQ	TOTAL_DP	PVAL	PASS	GFF_FEATURE	REF_CODON	REF_AA	ALT_CODON	ALT_AA	POS_AA
HA|PP755589.1|A/cattle/Texas/24-008749-003/2024(H5N1)	6	G	A	48	4	37	1	0	26	0.0204082	49	0.398579	FALSE	HA:cds-XAJ25415.1	GAG	E	GAA	E	2
HA|PP755589.1|A/cattle/Texas/24-008749-003/2024(H5N1)	147	G	A	0	0	0	590	145	41	1	590	0	TRUE	HA:cds-XAJ25415.1	CTG	L	CTA	L	49
HA|PP755589.1|A/cattle/Texas/24-008749-003/2024(H5N1)	162	C	T	559	183	41	8	1	35	0.0141093	567	0.00203769	TRUE	HA:cds-XAJ25415.1	AAC	N	AAT	N	54
HA|PP755589.1|A/cattle/Texas/24-008749-003/2024(H5N1)	291	G	A	722	318	38	9	4	35	0.0123119	731	0.00136534	TRUE	HA:cds-XAJ25415.1	GAG	E	GAA	E	97
HA|PP755589.1|A/cattle/Texas/24-008749-003/2024(H5N1)	411	C	T	794	393	39	12	10	34	0.0148883	806	0.000116749	TRUE	HA:cds-XAJ25415.1	TCC	S	TCT	S	137
HA|PP755589.1|A/cattle/Texas/24-008749-003/2024(H5N1)	427	A	G	0	0	0	777	449	38	1	777	0	TRUE	HA:cds-XAJ25415.1	ACA	T	GCA	A	143
HA|PP755589.1|A/cattle/Texas/24-008749-003/2024(H5N1)	651	G	A	1	0	37	763	279	37	0.998691	764	0	TRUE	HA:cds-XAJ25415.1	GGG	G	GGA	G	217
HA|PP755589.1|A/cattle/Texas/24-008749-003/2024(H5N1)	779	A	G	614	326	36	7	7	37	0.011254	622	0.00511745	TRUE	HA:cds-XAJ25415.1	AAC	N	AGC	S	260
HA|PP755589.1|A/cattle/Texas/24-008749-003/2024(H5N1)	1150	G	A	734	205	38	9	3	36	0.0121131	743	0.00148223	TRUE	HA:cds-XAJ25415.1	GAA	E	AAA	K	384
HA|PP755589.1|A/cattle/Texas/24-008749-003/2024(H5N1)	1474	G	A	0	0	0	769	489	37	1	769	0	TRUE	HA:cds-XAJ25415.1	GAA	E	AAA	K	492
