REGION	POS	REF	ALT	REF_DP	REF_RV	REF_QUAL	ALT_DP	ALT_RV	ALT_QUAL	ALT_FREQ	TOTAL_DP	PVAL	PASS	GFF_FEATURE	REF_CODON	REF_AA	ALT_CODON	ALT_AA	POS_AA
PB1|PP755595.1|A/cattle/Texas/24-008749-003/2024(H5N1)	40	G	A	76	16	33	1	0	26	0.012987	77	0.583655	FALSE	PB1:cds-XAJ25424.1	GCG	A	ACG	T	14
PB1|PP755595.1|A/cattle/Texas/24-008749-003/2024(H5N1)	46	A	-ATGCC	69	20	30	5	0	20	0.0212766	235	0.00994264	TRUE	NA	NA	NA	NA	NA	NA
PB1|PP755595.1|A/cattle/Texas/24-008749-003/2024(H5N1)	51	C	-ATAAGCACCACATTCCCGT	90	30	33	9	0	20	0.0352941	255	0.000263013	TRUE	NA	NA	NA	NA	NA	NA
PB1|PP755595.1|A/cattle/Texas/24-008749-003/2024(H5N1)	93	C	T	210	69	33	4	2	32	0.0186916	214	0.0187178	FALSE	PB1:cds-XAJ25424.1	AGC	S	AGT	S	31
PB1|PP755595.1|A/cattle/Texas/24-008749-003/2024(H5N1)	102	A	G	228	73	33	3	2	34	0.012931	232	0.0574695	FALSE	PB1:cds-XAJ25424.1	ACA	T	ACG	T	34
PB1|PP755595.1|A/cattle/Texas/24-008749-003/2024(H5N1)	102	A	G	228	73	33	3	2	34	0.012931	232	0.0574695	FALSE	PB1-F2:cds-XAJ25425.1	CAG	Q	CGG	R	3
PB1|PP755595.1|A/cattle/Texas/24-008749-003/2024(H5N1)	168	A	G	313	113	33	4	2	34	0.0126183	317	0.0588725	FALSE	PB1:cds-XAJ25424.1	ACA	T	ACG	T	56
PB1|PP755595.1|A/cattle/Texas/24-008749-003/2024(H5N1)	168	A	G	313	113	33	4	2	34	0.0126183	317	0.0588725	FALSE	PB1-F2:cds-XAJ25425.1	CAA	Q	CGA	R	25
PB1|PP755595.1|A/cattle/Texas/24-008749-003/2024(H5N1)	182	C	T	317	118	33	4	3	34	0.0124611	321	0.0585543	FALSE	PB1:cds-XAJ25424.1	ACC	T	ATC	I	61
PB1|PP755595.1|A/cattle/Texas/24-008749-003/2024(H5N1)	182	C	T	317	118	33	4	3	34	0.0124611	321	0.0585543	FALSE	PB1-F2:cds-XAJ25425.1	CCG	P	TCG	S	30
PB1|PP755595.1|A/cattle/Texas/24-008749-003/2024(H5N1)	460	G	A	287	138	33	3	2	34	0.0103448	290	0.118729	FALSE	PB1:cds-XAJ25424.1	GGT	G	AGT	S	154
PB1|PP755595.1|A/cattle/Texas/24-008749-003/2024(H5N1)	570	A	G	275	114	33	3	1	34	0.0107914	278	0.103485	FALSE	PB1:cds-XAJ25424.1	AGA	R	AGG	R	190
PB1|PP755595.1|A/cattle/Texas/24-008749-003/2024(H5N1)	1431	G	A	2390	463	33	25	2	33	0.010352	2415	1.93487e-06	TRUE	PB1:cds-XAJ25424.1	ATG	M	ATA	I	477
PB1|PP755595.1|A/cattle/Texas/24-008749-003/2024(H5N1)	1650	A	G	3850	1819	33	57	39	32	0.0145892	3907	7.15787e-14	TRUE	PB1:cds-XAJ25424.1	CTA	L	CTG	L	550
