REGION	POS	REF	ALT	REF_DP	REF_RV	REF_QUAL	ALT_DP	ALT_RV	ALT_QUAL	ALT_FREQ	TOTAL_DP	PVAL	PASS	GFF_FEATURE	REF_CODON	REF_AA	ALT_CODON	ALT_AA	POS_AA
NA|PP755591.1|A/cattle/Texas/24-008749-003/2024(H5N1)	212	G	A	0	0	0	755	387	33	1	755	0	TRUE	NA:cds-XAJ25418.1	AGT	S	AAT	N	71
NA|PP755591.1|A/cattle/Texas/24-008749-003/2024(H5N1)	421	A	G	944	459	33	18	10	32	0.018711	962	3.29679e-06	TRUE	NA:cds-XAJ25418.1	AAT	N	GAT	D	141
NA|PP755591.1|A/cattle/Texas/24-008749-003/2024(H5N1)	470	C	T	886	430	33	48	24	33	0.0513919	934	1.29594e-15	TRUE	NA:cds-XAJ25418.1	ACT	T	ATT	I	157
NA|PP755591.1|A/cattle/Texas/24-008749-003/2024(H5N1)	492	T	C	904	435	33	57	28	33	0.0593132	961	2.2507e-18	TRUE	NA:cds-XAJ25418.1	GGT	G	GGC	G	164
NA|PP755591.1|A/cattle/Texas/24-008749-003/2024(H5N1)	1234	C	T	1537	783	33	22	11	30	0.0141116	1559	2.24177e-06	TRUE	NA:cds-XAJ25418.1	CTG	L	TTG	L	412
NA|PP755591.1|A/cattle/Texas/24-008749-003/2024(H5N1)	1290	G	C	966	362	31	10	10	21	0.0102249	978	0.556239	FALSE	NA:cds-XAJ25418.1	AGG	R	AGC	S	430
