REGION	POS	REF	ALT	REF_DP	REF_RV	REF_QUAL	ALT_DP	ALT_RV	ALT_QUAL	ALT_FREQ	TOTAL_DP	PVAL	PASS	GFF_FEATURE	REF_CODON	REF_AA	ALT_CODON	ALT_AA	POS_AA
PB1|PP755595.1|A/cattle/Texas/24-008749-003/2024(H5N1)	12	T	C	0	0	0	20	8	42	1	20	2.07467e-25	TRUE	PB1:cds-XAJ25424.1	AAT	N	AAC	N	4
PB1|PP755595.1|A/cattle/Texas/24-008749-003/2024(H5N1)	52	A	G	66	23	46	1	0	37	0.0149254	67	0.258687	FALSE	PB1:cds-XAJ25424.1	ATA	I	GTA	V	18
PB1|PP755595.1|A/cattle/Texas/24-008749-003/2024(H5N1)	74	C	T	96	29	46	1	0	37	0.0103093	97	0.301242	FALSE	PB1:cds-XAJ25424.1	ACT	T	ATT	I	25
PB1|PP755595.1|A/cattle/Texas/24-008749-003/2024(H5N1)	351	A	G	0	0	0	188	106	50	1	188	1.17652e-134	TRUE	PB1:cds-XAJ25424.1	ACA	T	ACG	T	117
PB1|PP755595.1|A/cattle/Texas/24-008749-003/2024(H5N1)	351	A	G	0	0	0	188	106	50	1	188	1.17652e-134	TRUE	PB1-F2:cds-XAJ25425.1	CAA	Q	CGA	R	86
PB1|PP755595.1|A/cattle/Texas/24-008749-003/2024(H5N1)	551	A	G	179	79	52	2	1	43	0.0110497	181	0.157719	FALSE	PB1:cds-XAJ25424.1	CAT	H	CGT	R	184
PB1|PP755595.1|A/cattle/Texas/24-008749-003/2024(H5N1)	610	A	G	179	92	47	2	2	37	0.0110497	181	0.183382	FALSE	PB1:cds-XAJ25424.1	ACG	T	GCG	A	204
PB1|PP755595.1|A/cattle/Texas/24-008749-003/2024(H5N1)	828	T	C	114	57	43	50	26	47	0.304878	164	1.20893e-20	TRUE	PB1:cds-XAJ25424.1	AAT	N	AAC	N	276
PB1|PP755595.1|A/cattle/Texas/24-008749-003/2024(H5N1)	1597	A	G	565	266	48	9	5	37	0.0156794	574	0.000426419	TRUE	PB1:cds-XAJ25424.1	AAC	N	GAC	D	533
