REGION	POS	REF	ALT	REF_DP	REF_RV	REF_QUAL	ALT_DP	ALT_RV	ALT_QUAL	ALT_FREQ	TOTAL_DP	PVAL	PASS	GFF_FEATURE	REF_CODON	REF_AA	ALT_CODON	ALT_AA	POS_AA
NA|PP755591.1|A/cattle/Texas/24-008749-003/2024(H5N1)	66	G	A	2133	550	36	22	7	37	0.0102088	2155	2.64639e-07	TRUE	NA:cds-XAJ25418.1	TTG	L	TTA	L	22
NA|PP755591.1|A/cattle/Texas/24-008749-003/2024(H5N1)	131	A	G	3333	932	36	54	14	37	0.0159433	3387	2.75527e-15	TRUE	NA:cds-XAJ25418.1	TAC	Y	TGC	C	44
NA|PP755591.1|A/cattle/Texas/24-008749-003/2024(H5N1)	212	G	A	1	0	37	4294	1906	36	0.999767	4295	0	TRUE	NA:cds-XAJ25418.1	AGT	S	AAT	N	71
NA|PP755591.1|A/cattle/Texas/24-008749-003/2024(H5N1)	579	C	T	4984	2230	36	127	63	36	0.0248484	5111	1.00259e-32	TRUE	NA:cds-XAJ25418.1	ATC	I	ATT	I	193
NA|PP755591.1|A/cattle/Texas/24-008749-003/2024(H5N1)	730	G	A	5595	3166	36	71	37	35	0.0125287	5667	1.54481e-16	TRUE	NA:cds-XAJ25418.1	GAT	D	AAT	N	244
NA|PP755591.1|A/cattle/Texas/24-008749-003/2024(H5N1)	956	G	C	5335	2297	36	70	20	36	0.0129486	5406	3.33179e-16	TRUE	NA:cds-XAJ25418.1	AGT	S	ACT	T	319
