REGION	POS	REF	ALT	REF_DP	REF_RV	REF_QUAL	ALT_DP	ALT_RV	ALT_QUAL	ALT_FREQ	TOTAL_DP	PVAL	PASS	GFF_FEATURE	REF_CODON	REF_AA	ALT_CODON	ALT_AA	POS_AA
PA|PP755594.1|A/cattle/Texas/24-008749-003/2024(H5N1)	16	C	T	59	9	36	1	0	37	0.0166667	60	0.125786	FALSE	PA:cds-XAJ25422.1	CGA	R	TGA	*	6
PA|PP755594.1|A/cattle/Texas/24-008749-003/2024(H5N1)	16	C	T	59	9	36	1	0	37	0.0166667	60	0.125786	FALSE	PA-X:cds-XAJ25423.1	CGA	R	TGA	*	6
PA|PP755594.1|A/cattle/Texas/24-008749-003/2024(H5N1)	26	T	C	109	12	36	4	2	37	0.0353982	113	0.00133307	TRUE	PA:cds-XAJ25422.1	TTC	F	TCC	S	9
PA|PP755594.1|A/cattle/Texas/24-008749-003/2024(H5N1)	26	T	C	109	12	36	4	2	37	0.0353982	113	0.00133307	TRUE	PA-X:cds-XAJ25423.1	TTC	F	TCC	S	9
PA|PP755594.1|A/cattle/Texas/24-008749-003/2024(H5N1)	57	A	G	177	30	36	2	0	27	0.0111732	179	0.560319	FALSE	PA:cds-XAJ25422.1	AAA	K	AAG	K	19
PA|PP755594.1|A/cattle/Texas/24-008749-003/2024(H5N1)	57	A	G	177	30	36	2	0	27	0.0111732	179	0.560319	FALSE	PA-X:cds-XAJ25423.1	AAA	K	AAG	K	19
PA|PP755594.1|A/cattle/Texas/24-008749-003/2024(H5N1)	369	G	T	0	0	0	605	228	36	1	605	0	TRUE	PA:cds-XAJ25422.1	ACG	T	ACT	T	123
PA|PP755594.1|A/cattle/Texas/24-008749-003/2024(H5N1)	369	G	T	0	0	0	605	228	36	1	605	0	TRUE	PA-X:cds-XAJ25423.1	ACG	T	ACT	T	123
PA|PP755594.1|A/cattle/Texas/24-008749-003/2024(H5N1)	396	G	A	0	0	0	632	255	36	1	632	0	TRUE	PA:cds-XAJ25422.1	TTG	L	TTA	L	132
PA|PP755594.1|A/cattle/Texas/24-008749-003/2024(H5N1)	396	G	A	0	0	0	632	255	36	1	632	0	TRUE	PA-X:cds-XAJ25423.1	TTG	L	TTA	L	132
PA|PP755594.1|A/cattle/Texas/24-008749-003/2024(H5N1)	655	A	C	0	0	0	542	248	36	0.998158	543	0	TRUE	PA:cds-XAJ25422.1	ATT	I	CTT	L	219
PA|PP755594.1|A/cattle/Texas/24-008749-003/2024(H5N1)	655	A	C	0	0	0	542	248	36	0.998158	543	0	TRUE	PA-X:cds-XAJ25423.1	GTA	V	GTC	V	28
PA|PP755594.1|A/cattle/Texas/24-008749-003/2024(H5N1)	847	T	C	0	0	0	564	281	36	1	564	0	TRUE	PA:cds-XAJ25422.1	TTG	L	CTG	L	283
PA|PP755594.1|A/cattle/Texas/24-008749-003/2024(H5N1)	1065	A	C	0	0	0	528	347	36	1	528	0	TRUE	PA:cds-XAJ25422.1	CCA	P	CCC	P	355
PA|PP755594.1|A/cattle/Texas/24-008749-003/2024(H5N1)	1490	G	A	2	0	31	714	314	36	0.997207	716	0	TRUE	PA:cds-XAJ25422.1	AGG	R	AAG	K	497
PA|PP755594.1|A/cattle/Texas/24-008749-003/2024(H5N1)	1841	A	G	0	0	0	588	350	36	1	588	0	TRUE	PA:cds-XAJ25422.1	AAC	N	AGC	S	614
