REGION	POS	REF	ALT	REF_DP	REF_RV	REF_QUAL	ALT_DP	ALT_RV	ALT_QUAL	ALT_FREQ	TOTAL_DP	PVAL	PASS	GFF_FEATURE	REF_CODON	REF_AA	ALT_CODON	ALT_AA	POS_AA
NA|PP755591.1|A/cattle/Texas/24-008749-003/2024(H5N1)	90	C	T	5	1	46	1779	464	48	0.996639	1785	0	TRUE	NA:cds-XAJ25418.1	ATC	I	ATT	I	30
NA|PP755591.1|A/cattle/Texas/24-008749-003/2024(H5N1)	199	A	G	1	1	73	3912	1057	51	0.999489	3914	0	TRUE	NA:cds-XAJ25418.1	ATC	I	GTC	V	67
NA|PP755591.1|A/cattle/Texas/24-008749-003/2024(H5N1)	212	G	A	1	1	78	4113	1224	53	0.999757	4114	0	TRUE	NA:cds-XAJ25418.1	AGT	S	AAT	N	71
NA|PP755591.1|A/cattle/Texas/24-008749-003/2024(H5N1)	330	T	C	2	1	57	5313	1968	49	0.999436	5316	0	TRUE	NA:cds-XAJ25418.1	TCT	S	TCC	S	110
NA|PP755591.1|A/cattle/Texas/24-008749-003/2024(H5N1)	360	A	G	7	3	40	5402	1961	48	0.998706	5409	0	TRUE	NA:cds-XAJ25418.1	CCA	P	CCG	P	120
NA|PP755591.1|A/cattle/Texas/24-008749-003/2024(H5N1)	444	A	C	1	0	75	5581	2529	47	0.999284	5585	0	TRUE	NA:cds-XAJ25418.1	ACA	T	ACC	T	148
NA|PP755591.1|A/cattle/Texas/24-008749-003/2024(H5N1)	696	T	G	0	0	0	6116	3164	47	0.999673	6118	0	TRUE	NA:cds-XAJ25418.1	GCT	A	GCG	A	232
NA|PP755591.1|A/cattle/Texas/24-008749-003/2024(H5N1)	711	C	T	5	5	51	6267	3664	50	0.999044	6273	0	TRUE	NA:cds-XAJ25418.1	TCC	S	TCT	S	237
NA|PP755591.1|A/cattle/Texas/24-008749-003/2024(H5N1)	786	A	G	9	4	55	5983	3419	48	0.998498	5992	0	TRUE	NA:cds-XAJ25418.1	AAA	K	AAG	K	262
NA|PP755591.1|A/cattle/Texas/24-008749-003/2024(H5N1)	805	A	T	0	0	0	6098	3573	49	0.999836	6099	0	TRUE	NA:cds-XAJ25418.1	ATG	M	TTG	L	269
NA|PP755591.1|A/cattle/Texas/24-008749-003/2024(H5N1)	861	T	C	9	5	37	5471	2976	47	0.997811	5483	0	TRUE	NA:cds-XAJ25418.1	GAT	D	GAC	D	287
NA|PP755591.1|A/cattle/Texas/24-008749-003/2024(H5N1)	897	G	A	2	1	28	5480	2885	46	0.999635	5482	0	TRUE	NA:cds-XAJ25418.1	TCG	S	TCA	S	299
NA|PP755591.1|A/cattle/Texas/24-008749-003/2024(H5N1)	961	A	G	4	1	31	4952	1912	45	0.998588	4959	0	TRUE	NA:cds-XAJ25418.1	ATT	I	GTT	V	321
NA|PP755591.1|A/cattle/Texas/24-008749-003/2024(H5N1)	1015	C	T	6	4	54	5427	2646	50	0.998712	5434	0	TRUE	NA:cds-XAJ25418.1	CCC	P	TCC	S	339
NA|PP755591.1|A/cattle/Texas/24-008749-003/2024(H5N1)	1200	A	T	7	6	38	4963	3873	53	0.998391	4971	0	TRUE	NA:cds-XAJ25418.1	TCA	S	TCT	S	400
NA|PP755591.1|A/cattle/Texas/24-008749-003/2024(H5N1)	1302	T	C	2	2	35	2866	2439	48	0.999303	2868	0	TRUE	NA:cds-XAJ25418.1	AAT	N	AAC	N	434
