REGION	POS	REF	ALT	REF_DP	REF_RV	REF_QUAL	ALT_DP	ALT_RV	ALT_QUAL	ALT_FREQ	TOTAL_DP	PVAL	PASS	GFF_FEATURE	REF_CODON	REF_AA	ALT_CODON	ALT_AA	POS_AA
PA|PP755594.1|A/cattle/Texas/24-008749-003/2024(H5N1)	41	T	C	54	5	39	1	0	37	0.0181818	55	0.210728	FALSE	PA:cds-XAJ25422.1	GTC	V	GCC	A	14
PA|PP755594.1|A/cattle/Texas/24-008749-003/2024(H5N1)	41	T	C	54	5	39	1	0	37	0.0181818	55	0.210728	FALSE	PA-X:cds-XAJ25423.1	GTC	V	GCC	A	14
PA|PP755594.1|A/cattle/Texas/24-008749-003/2024(H5N1)	66	A	G	65	6	39	1	0	37	0.0151515	66	0.232394	FALSE	PA:cds-XAJ25422.1	AAA	K	AAG	K	22
PA|PP755594.1|A/cattle/Texas/24-008749-003/2024(H5N1)	66	A	G	65	6	39	1	0	37	0.0151515	66	0.232394	FALSE	PA-X:cds-XAJ25423.1	AAA	K	AAG	K	22
PA|PP755594.1|A/cattle/Texas/24-008749-003/2024(H5N1)	75	G	A	1	0	37	70	6	39	0.985915	71	1.29598e-66	TRUE	PA:cds-XAJ25422.1	GGG	G	GGA	G	25
PA|PP755594.1|A/cattle/Texas/24-008749-003/2024(H5N1)	75	G	A	1	0	37	70	6	39	0.985915	71	1.29598e-66	TRUE	PA-X:cds-XAJ25423.1	GGG	G	GGA	G	25
PA|PP755594.1|A/cattle/Texas/24-008749-003/2024(H5N1)	90	C	T	76	6	39	1	0	37	0.012987	77	0.263699	FALSE	PA:cds-XAJ25422.1	ATC	I	ATT	I	30
PA|PP755594.1|A/cattle/Texas/24-008749-003/2024(H5N1)	90	C	T	76	6	39	1	0	37	0.012987	77	0.263699	FALSE	PA-X:cds-XAJ25423.1	ATC	I	ATT	I	30
PA|PP755594.1|A/cattle/Texas/24-008749-003/2024(H5N1)	177	A	G	172	61	40	2	0	37	0.0114943	174	0.21929	FALSE	PA:cds-XAJ25422.1	GAA	E	GAG	E	59
PA|PP755594.1|A/cattle/Texas/24-008749-003/2024(H5N1)	177	A	G	172	61	40	2	0	37	0.0114943	174	0.21929	FALSE	PA-X:cds-XAJ25423.1	GAA	E	GAG	E	59
PA|PP755594.1|A/cattle/Texas/24-008749-003/2024(H5N1)	463	A	G	240	116	37	3	3	37	0.0123457	243	0.106213	FALSE	PA:cds-XAJ25422.1	ATG	M	GTG	V	155
PA|PP755594.1|A/cattle/Texas/24-008749-003/2024(H5N1)	463	A	G	240	116	37	3	3	37	0.0123457	243	0.106213	FALSE	PA-X:cds-XAJ25423.1	ATG	M	GTG	V	155
PA|PP755594.1|A/cattle/Texas/24-008749-003/2024(H5N1)	795	A	G	1	0	25	391	241	38	0.997449	392	3.67473e-244	TRUE	PA:cds-XAJ25422.1	CCA	P	CCG	P	265
PA|PP755594.1|A/cattle/Texas/24-008749-003/2024(H5N1)	939	A	-T	375	80	37	4	0	20	0.0101781	393	0.481491	FALSE	NA	NA	NA	NA	NA	NA
PA|PP755594.1|A/cattle/Texas/24-008749-003/2024(H5N1)	1008	G	A	0	0	0	332	88	37	1	332	2.90222e-215	TRUE	PA:cds-XAJ25422.1	CTG	L	CTA	L	336
