REGION	POS	REF	ALT	REF_DP	REF_RV	REF_QUAL	ALT_DP	ALT_RV	ALT_QUAL	ALT_FREQ	TOTAL_DP	PVAL	PASS	GFF_FEATURE	REF_CODON	REF_AA	ALT_CODON	ALT_AA	POS_AA
PA|PP755594.1|A/cattle/Texas/24-008749-003/2024(H5N1)	59	C	-AAT	265	27	36	60	0	20	0.089955	667	2.06961e-24	TRUE	NA	NA	NA	NA	NA	NA
PA|PP755594.1|A/cattle/Texas/24-008749-003/2024(H5N1)	103	T	C	82	16	41	308	41	35	0.789744	390	7.98602e-208	TRUE	PA:cds-XAJ25422.1	TTT	F	CTT	L	35
PA|PP755594.1|A/cattle/Texas/24-008749-003/2024(H5N1)	103	T	C	82	16	41	308	41	35	0.789744	390	7.98602e-208	TRUE	PA-X:cds-XAJ25423.1	TTT	F	CTT	L	35
PA|PP755594.1|A/cattle/Texas/24-008749-003/2024(H5N1)	154	C	-ATTTT	601	207	38	63	0	20	0.0893617	705	5.91705e-14	TRUE	NA	NA	NA	NA	NA	NA
PA|PP755594.1|A/cattle/Texas/24-008749-003/2024(H5N1)	939	A	+T	442	118	35	5	0	20	0.0101833	491	0.44345	FALSE	NA	NA	NA	NA	NA	NA
PA|PP755594.1|A/cattle/Texas/24-008749-003/2024(H5N1)	2049	T	-G	845	654	40	14	0	20	0.0127042	1102	0.151159	FALSE	NA	NA	NA	NA	NA	NA
