REGION	POS	REF	ALT	REF_DP	REF_RV	REF_QUAL	ALT_DP	ALT_RV	ALT_QUAL	ALT_FREQ	TOTAL_DP	PVAL	PASS	GFF_FEATURE	REF_CODON	REF_AA	ALT_CODON	ALT_AA	POS_AA
PB1|PP755595.1|A/cattle/Texas/24-008749-003/2024(H5N1)	1150	T	C	0	0	0	5	4	46	1	5	0.0021645	TRUE	PB1:cds-XAJ25424.1	TCA	S	CCA	P	384
PB1|PP755595.1|A/cattle/Texas/24-008749-003/2024(H5N1)	1308	C	T	11	3	45	1	0	34	0.0833333	12	0.428571	FALSE	PB1:cds-XAJ25424.1	TAC	Y	TAT	Y	436
PB1|PP755595.1|A/cattle/Texas/24-008749-003/2024(H5N1)	1386	A	G	151	13	38	2	0	23	0.012987	154	0.449617	FALSE	PB1:cds-XAJ25424.1	GGA	G	GGG	G	462
PB1|PP755595.1|A/cattle/Texas/24-008749-003/2024(H5N1)	1540	G	-T	329	142	44	53	0	20	0.119101	445	1.00282e-14	TRUE	NA	NA	NA	NA	NA	NA
PB1|PP755595.1|A/cattle/Texas/24-008749-003/2024(H5N1)	1939	C	A	223	124	37	154	85	38	0.408488	377	1.4289e-62	TRUE	PB1:cds-XAJ25424.1	CCA	P	ACA	T	647
