REGION	POS	REF	ALT	REF_DP	REF_RV	REF_QUAL	ALT_DP	ALT_RV	ALT_QUAL	ALT_FREQ	TOTAL_DP	PVAL	PASS	GFF_FEATURE	REF_CODON	REF_AA	ALT_CODON	ALT_AA	POS_AA
MP|PP755590.1|A/cattle/Texas/24-008749-003/2024(H5N1)	216	A	G	9	3	33	24421	9463	35	0.999141	24442	0	TRUE	M1:cds-XAJ25416.1	CGA	R	CGG	R	72
MP|PP755590.1|A/cattle/Texas/24-008749-003/2024(H5N1)	348	A	G	23	9	34	30208	16099	36	0.99914	30234	0	TRUE	M1:cds-XAJ25416.1	GCA	A	GCG	A	116
MP|PP755590.1|A/cattle/Texas/24-008749-003/2024(H5N1)	564	T	C	16	13	31	30462	14258	36	0.999278	30484	0	TRUE	M1:cds-XAJ25416.1	GCT	A	GCC	A	188
MP|PP755590.1|A/cattle/Texas/24-008749-003/2024(H5N1)	639	G	A	14	6	36	29715	13270	36	0.999495	29730	0	TRUE	M1:cds-XAJ25416.1	GTG	V	GTA	V	213
MP|PP755590.1|A/cattle/Texas/24-008749-003/2024(H5N1)	771	T	C	10	7	34	26856	13919	36	0.999553	26868	0	TRUE	M2:cds-XAJ25417.1	ATT	I	ACT	T	19
