REGION	POS	REF	ALT	REF_DP	REF_RV	REF_QUAL	ALT_DP	ALT_RV	ALT_QUAL	ALT_FREQ	TOTAL_DP	PVAL	PASS	GFF_FEATURE	REF_CODON	REF_AA	ALT_CODON	ALT_AA	POS_AA
NP|PP755592.1|A/cattle/Texas/24-008749-003/2024(H5N1)	306	C	A	408	165	33	1636	783	33	0.799609	2046	0	TRUE	NP:cds-XAJ25419.1	GGC	G	GGA	G	102
NP|PP755592.1|A/cattle/Texas/24-008749-003/2024(H5N1)	498	G	A	4	2	32	1869	892	33	0.997864	1873	0	TRUE	NP:cds-XAJ25419.1	CTG	L	CTA	L	166
NP|PP755592.1|A/cattle/Texas/24-008749-003/2024(H5N1)	705	A	G	1771	1028	33	164	86	33	0.0847545	1935	2.24669e-49	TRUE	NP:cds-XAJ25419.1	CAA	Q	CAG	Q	235
NP|PP755592.1|A/cattle/Texas/24-008749-003/2024(H5N1)	850	G	T	1987	882	33	130	48	33	0.0613787	2118	2.96874e-38	TRUE	NP:cds-XAJ25419.1	GCT	A	TCT	S	284
NP|PP755592.1|A/cattle/Texas/24-008749-003/2024(H5N1)	870	C	T	2	0	34	1866	891	33	0.998929	1868	0	TRUE	NP:cds-XAJ25419.1	GAC	D	GAT	D	290
NP|PP755592.1|A/cattle/Texas/24-008749-003/2024(H5N1)	1014	T	C	1	1	34	1905	1016	33	0.999475	1906	0	TRUE	NP:cds-XAJ25419.1	TTT	F	TTC	F	338
NP|PP755592.1|A/cattle/Texas/24-008749-003/2024(H5N1)	1197	G	A	2058	1036	33	60	19	33	0.0283286	2118	9.27708e-17	TRUE	NP:cds-XAJ25419.1	CAG	Q	CAA	Q	399
