REGION	POS	REF	ALT	REF_DP	REF_RV	REF_QUAL	ALT_DP	ALT_RV	ALT_QUAL	ALT_FREQ	TOTAL_DP	PVAL	PASS	GFF_FEATURE	REF_CODON	REF_AA	ALT_CODON	ALT_AA	POS_AA
MP|PP755590.1|A/cattle/Texas/24-008749-003/2024(H5N1)	216	A	G	5	0	37	17880	6972	39	0.999385	17891	0	TRUE	M1:cds-XAJ25416.1	CGA	R	CGG	R	72
MP|PP755590.1|A/cattle/Texas/24-008749-003/2024(H5N1)	348	A	G	12	2	41	22518	11973	40	0.999201	22536	0	TRUE	M1:cds-XAJ25416.1	GCA	A	GCG	A	116
MP|PP755590.1|A/cattle/Texas/24-008749-003/2024(H5N1)	564	T	C	5	5	39	22659	10587	40	0.999647	22667	0	TRUE	M1:cds-XAJ25416.1	GCT	A	GCC	A	188
MP|PP755590.1|A/cattle/Texas/24-008749-003/2024(H5N1)	639	G	A	14	10	31	22281	9872	39	0.999327	22296	0	TRUE	M1:cds-XAJ25416.1	GTG	V	GTA	V	213
MP|PP755590.1|A/cattle/Texas/24-008749-003/2024(H5N1)	771	T	C	4	3	33	18879	9870	41	0.999682	18885	0	TRUE	M2:cds-XAJ25417.1	ATT	I	ACT	T	19
