REGION	POS	REF	ALT	REF_DP	REF_RV	REF_QUAL	ALT_DP	ALT_RV	ALT_QUAL	ALT_FREQ	TOTAL_DP	PVAL	PASS	GFF_FEATURE	REF_CODON	REF_AA	ALT_CODON	ALT_AA	POS_AA
NA|PP755591.1|A/cattle/Texas/24-008749-003/2024(H5N1)	13	C	N	187	19	33	4	0	30	0.0209424	191	0.00227801	TRUE	NA:cds-XAJ25418.1	CAA	Q	NAA	X	5
NA|PP755591.1|A/cattle/Texas/24-008749-003/2024(H5N1)	66	G	A	0	0	0	1176	116	33	0.99915	1177	0	TRUE	NA:cds-XAJ25418.1	TTG	L	TTA	L	22
NA|PP755591.1|A/cattle/Texas/24-008749-003/2024(H5N1)	212	G	A	1	0	30	2684	976	33	0.998512	2688	0	TRUE	NA:cds-XAJ25418.1	AGT	S	AAT	N	71
NA|PP755591.1|A/cattle/Texas/24-008749-003/2024(H5N1)	214	A	G	1	0	30	2681	1001	33	0.997767	2687	0	TRUE	NA:cds-XAJ25418.1	ACC	T	GCC	A	72
NA|PP755591.1|A/cattle/Texas/24-008749-003/2024(H5N1)	571	T	G	3159	1345	32	41	41	29	0.0128005	3203	0.154811	FALSE	NA:cds-XAJ25418.1	TTG	L	GTG	V	191
NA|PP755591.1|A/cattle/Texas/24-008749-003/2024(H5N1)	651	G	A	3	2	30	2935	1316	32	0.997282	2943	0	TRUE	NA:cds-XAJ25418.1	AAG	K	AAA	K	217
NA|PP755591.1|A/cattle/Texas/24-008749-003/2024(H5N1)	748	C	G	3353	1857	32	45	1	28	0.0132353	3400	0.121318	FALSE	NA:cds-XAJ25418.1	CAG	Q	GAG	E	250
NA|PP755591.1|A/cattle/Texas/24-008749-003/2024(H5N1)	999	C	T	3312	1550	33	46	13	30	0.0136701	3365	3.3133e-12	TRUE	NA:cds-XAJ25418.1	GGC	G	GGT	G	333
NA|PP755591.1|A/cattle/Texas/24-008749-003/2024(H5N1)	1221	C	T	2	0	45	2592	1805	33	0.998075	2597	0	TRUE	NA:cds-XAJ25418.1	GTC	V	GTT	V	407
NA|PP755591.1|A/cattle/Texas/24-008749-003/2024(H5N1)	1289	G	C	2404	2036	36	213	213	29	0.0812667	2621	6.51691e-45	TRUE	NA:cds-XAJ25418.1	AGG	R	ACG	T	430
NA|PP755591.1|A/cattle/Texas/24-008749-003/2024(H5N1)	1290	G	C	2489	2151	36	178	178	29	0.0666168	2672	3.57896e-34	TRUE	NA:cds-XAJ25418.1	AGG	R	AGC	S	430
NA|PP755591.1|A/cattle/Texas/24-008749-003/2024(H5N1)	1366	T	A	1799	1682	33	20	20	30	0.0109589	1825	1.78803e-05	TRUE	NA:cds-XAJ25418.1	TCT	S	ACT	T	456
