REGION	POS	REF	ALT	REF_DP	REF_RV	REF_QUAL	ALT_DP	ALT_RV	ALT_QUAL	ALT_FREQ	TOTAL_DP	PVAL	PASS	GFF_FEATURE	REF_CODON	REF_AA	ALT_CODON	ALT_AA	POS_AA
NS|PP755593.1|A/cattle/Texas/24-008749-003/2024(H5N1)	79	C	A	0	0	0	7898	994	40	0.999114	7905	0	TRUE	NS1:cds-XAJ25420.1	CTG	L	ATG	M	27
NS|PP755593.1|A/cattle/Texas/24-008749-003/2024(H5N1)	222	T	C	6	2	38	14914	7654	42	0.999531	14921	0	TRUE	NS1:cds-XAJ25420.1	GAT	D	GAC	D	74
NS|PP755593.1|A/cattle/Texas/24-008749-003/2024(H5N1)	423	G	A	12	6	40	15540	7772	40	0.999228	15552	0	TRUE	NS1:cds-XAJ25420.1	CTG	L	CTA	L	141
NS|PP755593.1|A/cattle/Texas/24-008749-003/2024(H5N1)	757	A	G	6	5	49	11806	10177	46	0.999492	11812	0	TRUE	NEP:cds-XAJ25421.1	GAA	E	GAG	E	85
