REGION	POS	REF	ALT	REF_DP	REF_RV	REF_QUAL	ALT_DP	ALT_RV	ALT_QUAL	ALT_FREQ	TOTAL_DP	PVAL	PASS	GFF_FEATURE	REF_CODON	REF_AA	ALT_CODON	ALT_AA	POS_AA
MP|PP755590.1|A/cattle/Texas/24-008749-003/2024(H5N1)	171	G	A	109	37	43	1085	299	42	0.90871	1194	0	TRUE	M1:cds-XAJ25416.1	AAG	K	AAA	K	57
MP|PP755590.1|A/cattle/Texas/24-008749-003/2024(H5N1)	666	T	C	1583	862	41	159	103	40	0.0912744	1742	2.37424e-55	TRUE	M1:cds-XAJ25416.1	CAT	H	CAC	H	222
MP|PP755590.1|A/cattle/Texas/24-008749-003/2024(H5N1)	723	A	G	268	130	39	1249	712	39	0.823336	1517	0	TRUE	M2:cds-XAJ25417.1	AAA	K	AGA	R	3
MP|PP755590.1|A/cattle/Texas/24-008749-003/2024(H5N1)	723	A	G	268	130	39	1249	712	39	0.823336	1517	0	TRUE	M1:cds-XAJ25416.1	CAA	Q	CAG	Q	241
