REGION	POS	REF	ALT	REF_DP	REF_RV	REF_QUAL	ALT_DP	ALT_RV	ALT_QUAL	ALT_FREQ	TOTAL_DP	PVAL	PASS	GFF_FEATURE	REF_CODON	REF_AA	ALT_CODON	ALT_AA	POS_AA
NS|PP755593.1|A/cattle/Texas/24-008749-003/2024(H5N1)	6	T	C	0	0	0	595	69	32	1	595	0	TRUE	NEP:cds-XAJ25421.1	GAT	D	GAC	D	2
NS|PP755593.1|A/cattle/Texas/24-008749-003/2024(H5N1)	6	T	C	0	0	0	595	69	32	1	595	0	TRUE	NS1:cds-XAJ25420.1	GAT	D	GAC	D	2
NS|PP755593.1|A/cattle/Texas/24-008749-003/2024(H5N1)	20	T	C	0	0	0	4172	484	35	1	4172	0	TRUE	NEP:cds-XAJ25421.1	TTA	L	TCA	S	7
NS|PP755593.1|A/cattle/Texas/24-008749-003/2024(H5N1)	20	T	C	0	0	0	4172	484	35	1	4172	0	TRUE	NS1:cds-XAJ25420.1	TTA	L	TCA	S	7
NS|PP755593.1|A/cattle/Texas/24-008749-003/2024(H5N1)	106	C	A	0	0	0	8178	1628	36	0.999389	8183	0	TRUE	NS1:cds-XAJ25420.1	CTC	L	ATC	I	36
NS|PP755593.1|A/cattle/Texas/24-008749-003/2024(H5N1)	183	G	A	21	10	34	9481	4314	36	0.99779	9502	0	TRUE	NS1:cds-XAJ25420.1	GGG	G	GGA	G	61
NS|PP755593.1|A/cattle/Texas/24-008749-003/2024(H5N1)	209	A	G	6	3	37	10697	5004	36	0.999439	10703	0	TRUE	NS1:cds-XAJ25420.1	GAG	E	GGG	G	70
NS|PP755593.1|A/cattle/Texas/24-008749-003/2024(H5N1)	222	T	C	2	2	37	11075	5519	36	0.999819	11077	0	TRUE	NS1:cds-XAJ25420.1	GAT	D	GAC	D	74
NS|PP755593.1|A/cattle/Texas/24-008749-003/2024(H5N1)	406	G	A	15	10	37	11641	5478	34	0.998713	11656	0	TRUE	NS1:cds-XAJ25420.1	GTG	V	ATG	M	136
NS|PP755593.1|A/cattle/Texas/24-008749-003/2024(H5N1)	602	T	A	0	0	0	11052	6603	36	0.999096	11062	0	TRUE	NEP:cds-XAJ25421.1	TCG	S	ACG	T	34
NS|PP755593.1|A/cattle/Texas/24-008749-003/2024(H5N1)	602	T	A	0	0	0	11052	6603	36	0.999096	11062	0	TRUE	NS1:cds-XAJ25420.1	TTC	F	TAC	Y	201
