REGION	POS	REF	ALT	REF_DP	REF_RV	REF_QUAL	ALT_DP	ALT_RV	ALT_QUAL	ALT_FREQ	TOTAL_DP	PVAL	PASS	GFF_FEATURE	REF_CODON	REF_AA	ALT_CODON	ALT_AA	POS_AA
NS|PP755585.1|A/cattle/Texas/24-008749-002/2024(H5N1)	222	T	C	14	9	33	67999	36145	33	0.999691	68020	0	TRUE	NA	NA	NA	NA	NA	NA
NS|PP755585.1|A/cattle/Texas/24-008749-002/2024(H5N1)	423	G	A	30	19	33	63250	32245	33	0.99951	63281	0	TRUE	NA	NA	NA	NA	NA	NA
NS|PP755585.1|A/cattle/Texas/24-008749-002/2024(H5N1)	757	A	G	10	6	33	58205	42668	33	0.99976	58219	0	TRUE	NA	NA	NA	NA	NA	NA
NS|PP755585.1|A/cattle/Texas/24-008749-002/2024(H5N1)	839	-	T	0	0	0	132	125	25	0.985075	134	2.31225e-77	TRUE	NA	NA	NA	NA	NA	NA
NS|PP755585.1|A/cattle/Texas/24-008749-002/2024(H5N1)	839	-	C	0	0	0	2	2	25	0.0149254	134	0.000326797	TRUE	NA	NA	NA	NA	NA	NA
NS|PP755585.1|A/cattle/Texas/24-008749-002/2024(H5N1)	841	-	A	0	0	0	1	1	22	1	1	1	FALSE	NA	NA	NA	NA	NA	NA
