REGION	POS	REF	ALT	REF_DP	REF_RV	REF_QUAL	ALT_DP	ALT_RV	ALT_QUAL	ALT_FREQ	TOTAL_DP	PVAL	PASS	GFF_FEATURE	REF_CODON	REF_AA	ALT_CODON	ALT_AA	POS_AA
NP|PP755592.1|A/cattle/Texas/24-008749-003/2024(H5N1)	231	G	A	6121	2740	37	77	31	36	0.0124214	6199	1.57248e-18	TRUE	NP:cds-XAJ25419.1	AAG	K	AAA	K	77
NP|PP755592.1|A/cattle/Texas/24-008749-003/2024(H5N1)	762	A	G	4	0	34	6521	3827	38	0.999387	6525	0	TRUE	NP:cds-XAJ25419.1	GAA	E	GAG	E	254
NP|PP755592.1|A/cattle/Texas/24-008749-003/2024(H5N1)	1386	A	G	3	3	45	5783	4887	43	0.999309	5787	0	TRUE	NP:cds-XAJ25419.1	GGA	G	GGG	G	462
