REGION	POS	REF	ALT	REF_DP	REF_RV	REF_QUAL	ALT_DP	ALT_RV	ALT_QUAL	ALT_FREQ	TOTAL_DP	PVAL	PASS	GFF_FEATURE	REF_CODON	REF_AA	ALT_CODON	ALT_AA	POS_AA
PB2|PP755588.1|A/cattle/Texas/24-008749-002/2024(H5N1)	96	G	A	6365	2188	33	489	140	33	0.0713348	6855	3.48446e-187	TRUE	NA	NA	NA	NA	NA	NA
PB2|PP755588.1|A/cattle/Texas/24-008749-002/2024(H5N1)	165	T	C	4	3	34	10701	4989	33	0.999626	10705	0	TRUE	NA	NA	NA	NA	NA	NA
PB2|PP755588.1|A/cattle/Texas/24-008749-002/2024(H5N1)	549	G	A	2	1	34	10055	5488	33	0.999801	10057	0	TRUE	NA	NA	NA	NA	NA	NA
PB2|PP755588.1|A/cattle/Texas/24-008749-002/2024(H5N1)	921	C	A	10156	5150	33	152	86	33	0.0147444	10309	3.07669e-35	TRUE	NA	NA	NA	NA	NA	NA
PB2|PP755588.1|A/cattle/Texas/24-008749-002/2024(H5N1)	1030	G	A	9979	5512	33	123	62	31	0.0121746	10103	2.04687e-27	TRUE	NA	NA	NA	NA	NA	NA
PB2|PP755588.1|A/cattle/Texas/24-008749-002/2024(H5N1)	1548	A	T	10871	4159	33	748	303	32	0.0643496	11624	2.9097e-214	TRUE	NA	NA	NA	NA	NA	NA
PB2|PP755588.1|A/cattle/Texas/24-008749-002/2024(H5N1)	2281	-	T	0	0	0	9	4	26	1	9	5.9538e-06	TRUE	NA	NA	NA	NA	NA	NA
