REGION	POS	REF	ALT	REF_DP	REF_RV	REF_QUAL	ALT_DP	ALT_RV	ALT_QUAL	ALT_FREQ	TOTAL_DP	PVAL	PASS	GFF_FEATURE	REF_CODON	REF_AA	ALT_CODON	ALT_AA	POS_AA
MP|PP755590.1|A/cattle/Texas/24-008749-003/2024(H5N1)	245	G	A	5	3	34	25470	11643	33	0.999804	25475	0	TRUE	M1:cds-XAJ25416.1	AGT	S	AAT	N	82
MP|PP755590.1|A/cattle/Texas/24-008749-003/2024(H5N1)	249	C	T	19	9	33	25688	11504	33	0.999183	25709	0	TRUE	M1:cds-XAJ25416.1	GCC	A	GCT	A	83
MP|PP755590.1|A/cattle/Texas/24-008749-003/2024(H5N1)	254	G	A	3	1	34	26621	13487	33	0.999812	26626	0	TRUE	M1:cds-XAJ25416.1	AGT	S	AAT	N	85
MP|PP755590.1|A/cattle/Texas/24-008749-003/2024(H5N1)	260	C	A	0	0	0	26916	13613	33	0.999889	26919	0	TRUE	M1:cds-XAJ25416.1	ACT	T	AAT	N	87
MP|PP755590.1|A/cattle/Texas/24-008749-003/2024(H5N1)	285	A	G	4	3	34	25981	13167	33	0.999769	25987	0	TRUE	M1:cds-XAJ25416.1	AGA	R	AGG	R	95
MP|PP755590.1|A/cattle/Texas/24-008749-003/2024(H5N1)	307	C	T	2	1	30	26590	13672	33	0.999925	26592	0	TRUE	M1:cds-XAJ25416.1	CTG	L	TTG	L	103
MP|PP755590.1|A/cattle/Texas/24-008749-003/2024(H5N1)	408	G	A	20	11	33	25902	12137	33	0.999036	25927	0	TRUE	M1:cds-XAJ25416.1	GGG	G	GGA	G	136
MP|PP755590.1|A/cattle/Texas/24-008749-003/2024(H5N1)	474	G	A	10	5	34	26312	12718	33	0.99962	26322	0	TRUE	M1:cds-XAJ25416.1	CAG	Q	CAA	Q	158
MP|PP755590.1|A/cattle/Texas/24-008749-003/2024(H5N1)	516	G	A	5	3	34	27075	14314	33	0.999815	27080	0	TRUE	M1:cds-XAJ25416.1	CTG	L	CTA	L	172
MP|PP755590.1|A/cattle/Texas/24-008749-003/2024(H5N1)	540	T	G	0	0	0	25572	15421	33	0.999648	25581	0	TRUE	M1:cds-XAJ25416.1	GTT	V	GTG	V	180
MP|PP755590.1|A/cattle/Texas/24-008749-003/2024(H5N1)	541	T	C	14	10	31	24127	15412	33	0.998345	24167	0	TRUE	M1:cds-XAJ25416.1	TTG	L	CTG	L	181
MP|PP755590.1|A/cattle/Texas/24-008749-003/2024(H5N1)	679	A	G	6	3	32	26761	10211	33	0.999738	26768	0	TRUE	M1:cds-XAJ25416.1	ACC	T	GCC	A	227
MP|PP755590.1|A/cattle/Texas/24-008749-003/2024(H5N1)	766	C	T	12	8	34	27402	12700	33	0.999416	27418	0	TRUE	M2:cds-XAJ25417.1	CTC	L	CTT	L	18
MP|PP755590.1|A/cattle/Texas/24-008749-003/2024(H5N1)	950	A	G	5	3	34	11720	8835	33	0.999233	11729	0	TRUE	M2:cds-XAJ25417.1	AAT	N	GAT	D	79
