REGION	POS	REF	ALT	REF_DP	REF_RV	REF_QUAL	ALT_DP	ALT_RV	ALT_QUAL	ALT_FREQ	TOTAL_DP	PVAL	PASS	GFF_FEATURE	REF_CODON	REF_AA	ALT_CODON	ALT_AA	POS_AA
NS|PP755593.1|A/cattle/Texas/24-008749-003/2024(H5N1)	20	T	C	0	0	0	9971	1148	35	0.9999	9972	0	TRUE	NEP:cds-XAJ25421.1	TTA	L	TCA	S	7
NS|PP755593.1|A/cattle/Texas/24-008749-003/2024(H5N1)	20	T	C	0	0	0	9971	1148	35	0.9999	9972	0	TRUE	NS1:cds-XAJ25420.1	TTA	L	TCA	S	7
NS|PP755593.1|A/cattle/Texas/24-008749-003/2024(H5N1)	183	G	A	19	7	32	27059	12071	36	0.999188	27081	0	TRUE	NS1:cds-XAJ25420.1	GGG	G	GGA	G	61
NS|PP755593.1|A/cattle/Texas/24-008749-003/2024(H5N1)	222	T	C	20	12	34	31754	15559	36	0.999182	31780	0	TRUE	NS1:cds-XAJ25420.1	GAT	D	GAC	D	74
NS|PP755593.1|A/cattle/Texas/24-008749-003/2024(H5N1)	333	G	T	0	0	0	33274	18400	35	0.99979	33281	0	TRUE	NS1:cds-XAJ25420.1	GTG	V	GTT	V	111
NS|PP755593.1|A/cattle/Texas/24-008749-003/2024(H5N1)	381	C	T	12	9	31	35112	17297	35	0.999545	35128	0	TRUE	NS1:cds-XAJ25420.1	AAC	N	AAT	N	127
NS|PP755593.1|A/cattle/Texas/24-008749-003/2024(H5N1)	540	C	T	37	24	35	34101	16748	36	0.99877	34143	0	TRUE	NEP:cds-XAJ25421.1	TCC	S	TTC	F	13
NS|PP755593.1|A/cattle/Texas/24-008749-003/2024(H5N1)	540	C	T	37	24	35	34101	16748	36	0.99877	34143	0	TRUE	NS1:cds-XAJ25420.1	GTC	V	GTT	V	180
NS|PP755593.1|A/cattle/Texas/24-008749-003/2024(H5N1)	672	G	A	31	15	35	29468	20426	35	0.998678	29507	0	TRUE	NEP:cds-XAJ25421.1	GGA	G	GAA	E	57
NS|PP755593.1|A/cattle/Texas/24-008749-003/2024(H5N1)	672	G	A	31	15	35	29468	20426	35	0.998678	29507	0	TRUE	NS1:cds-XAJ25420.1	AGG	R	AGA	R	224
