REGION	POS	REF	ALT	REF_DP	REF_RV	REF_QUAL	ALT_DP	ALT_RV	ALT_QUAL	ALT_FREQ	TOTAL_DP	PVAL	PASS	GFF_FEATURE	REF_CODON	REF_AA	ALT_CODON	ALT_AA	POS_AA
MP|PP755590.1|A/cattle/Texas/24-008749-003/2024(H5N1)	11	T	C	60	13	42	1	0	27	0.0163934	61	0.479547	FALSE	M2:cds-XAJ25417.1	CTA	L	CCA	P	4
MP|PP755590.1|A/cattle/Texas/24-008749-003/2024(H5N1)	11	T	C	60	13	42	1	0	27	0.0163934	61	0.479547	FALSE	M1:cds-XAJ25416.1	CTA	L	CCA	P	4
MP|PP755590.1|A/cattle/Texas/24-008749-003/2024(H5N1)	13	A	G	68	16	41	1	0	37	0.0144928	69	0.112745	FALSE	M2:cds-XAJ25417.1	ACC	T	GCC	A	5
MP|PP755590.1|A/cattle/Texas/24-008749-003/2024(H5N1)	13	A	G	68	16	41	1	0	37	0.0144928	69	0.112745	FALSE	M1:cds-XAJ25416.1	ACC	T	GCC	A	5
