REGION	POS	REF	ALT	REF_DP	REF_RV	REF_QUAL	ALT_DP	ALT_RV	ALT_QUAL	ALT_FREQ	TOTAL_DP	PVAL	PASS	GFF_FEATURE	REF_CODON	REF_AA	ALT_CODON	ALT_AA	POS_AA
HA|PP755589.1|A/cattle/Texas/24-008749-003/2024(H5N1)	453	T	C	7664	4232	39	215	110	38	0.0272877	7879	2.61667e-61	TRUE	HA:cds-XAJ25415.1	TGT	C	TGC	C	151
HA|PP755589.1|A/cattle/Texas/24-008749-003/2024(H5N1)	651	G	A	6	4	32	7153	3156	38	0.999022	7160	0	TRUE	HA:cds-XAJ25415.1	GGG	G	GGA	G	217
HA|PP755589.1|A/cattle/Texas/24-008749-003/2024(H5N1)	655	T	G	7332	3285	39	128	75	36	0.0171421	7467	2.93146e-34	TRUE	HA:cds-XAJ25415.1	TCA	S	GCA	A	219
