REGION	POS	REF	ALT	REF_DP	REF_RV	REF_QUAL	ALT_DP	ALT_RV	ALT_QUAL	ALT_FREQ	TOTAL_DP	PVAL	PASS	GFF_FEATURE	REF_CODON	REF_AA	ALT_CODON	ALT_AA	POS_AA
HA|PP755589.1|A/cattle/Texas/24-008749-003/2024(H5N1)	5	A	G	36	0	33	1	0	23	0.027027	37	0.348196	FALSE	HA:cds-XAJ25415.1	GAG	E	GGG	G	2
HA|PP755589.1|A/cattle/Texas/24-008749-003/2024(H5N1)	24	T	C	206	6	35	3	0	34	0.0143541	209	0.0170587	FALSE	HA:cds-XAJ25415.1	CTT	L	CTC	L	8
HA|PP755589.1|A/cattle/Texas/24-008749-003/2024(H5N1)	32	T	C	251	8	34	3	0	34	0.011811	254	0.0222883	FALSE	HA:cds-XAJ25415.1	GTT	V	GCT	A	11
HA|PP755589.1|A/cattle/Texas/24-008749-003/2024(H5N1)	465	A	G	0	0	0	1006	501	37	1	1006	0	TRUE	HA:cds-XAJ25415.1	GGA	G	GGG	G	155
HA|PP755589.1|A/cattle/Texas/24-008749-003/2024(H5N1)	651	G	A	0	0	0	1001	432	37	1	1001	0	TRUE	HA:cds-XAJ25415.1	GGG	G	GGA	G	217
HA|PP755589.1|A/cattle/Texas/24-008749-003/2024(H5N1)	1052	T	A	963	567	39	13	1	35	0.0133197	976	0.000283614	TRUE	HA:cds-XAJ25415.1	ATA	I	AAA	K	351
HA|PP755589.1|A/cattle/Texas/24-008749-003/2024(H5N1)	1275	G	A	0	0	0	2219	912	37	1	2219	0	TRUE	HA:cds-XAJ25415.1	TTG	L	TTA	L	425
