REGION	POS	REF	ALT	REF_DP	REF_RV	REF_QUAL	ALT_DP	ALT_RV	ALT_QUAL	ALT_FREQ	TOTAL_DP	PVAL	PASS	GFF_FEATURE	REF_CODON	REF_AA	ALT_CODON	ALT_AA	POS_AA
NP|PP755592.1|A/cattle/Texas/24-008749-003/2024(H5N1)	561	A	G	7308	2948	36	141	61	34	0.0189287	7449	1.36894e-34	TRUE	NP:cds-XAJ25419.1	GGA	G	GGG	G	187
NP|PP755592.1|A/cattle/Texas/24-008749-003/2024(H5N1)	688	T	C	0	0	0	6605	3742	36	1	6605	0	TRUE	NP:cds-XAJ25419.1	TTC	F	CTC	L	230
NP|PP755592.1|A/cattle/Texas/24-008749-003/2024(H5N1)	1140	A	G	0	0	0	8518	4283	36	1	8518	0	TRUE	NP:cds-XAJ25419.1	GAA	E	GAG	E	380
NP|PP755592.1|A/cattle/Texas/24-008749-003/2024(H5N1)	1266	A	G	8414	3782	36	454	241	36	0.0511953	8868	4.06381e-126	TRUE	NP:cds-XAJ25419.1	AGA	R	AGG	R	422
