REGION	POS	REF	ALT	REF_DP	REF_RV	REF_QUAL	ALT_DP	ALT_RV	ALT_QUAL	ALT_FREQ	TOTAL_DP	PVAL	PASS	GFF_FEATURE	REF_CODON	REF_AA	ALT_CODON	ALT_AA	POS_AA
NS|PP755585.1|A/cattle/Texas/24-008749-002/2024(H5N1)	222	T	C	8	6	33	12998	6803	33	0.999385	13006	0	TRUE	NA	NA	NA	NA	NA	NA
NS|PP755585.1|A/cattle/Texas/24-008749-002/2024(H5N1)	330	A	G	11729	6125	33	169	88	33	0.0142017	11900	1.29853e-39	TRUE	NA	NA	NA	NA	NA	NA
NS|PP755585.1|A/cattle/Texas/24-008749-002/2024(H5N1)	627	T	C	12027	6013	33	614	275	33	0.0485683	12642	8.49293e-171	TRUE	NA	NA	NA	NA	NA	NA
NS|PP755585.1|A/cattle/Texas/24-008749-002/2024(H5N1)	839	-	T	0	0	0	33	30	25	0.942857	35	7.02913e-20	TRUE	NA	NA	NA	NA	NA	NA
NS|PP755585.1|A/cattle/Texas/24-008749-002/2024(H5N1)	839	-	C	0	0	0	2	2	25	0.0571429	35	0.0015873	TRUE	NA	NA	NA	NA	NA	NA
NS|PP755585.1|A/cattle/Texas/24-008749-002/2024(H5N1)	841	-	A	0	0	0	1	1	22	1	1	1	FALSE	NA	NA	NA	NA	NA	NA
