REGION	POS	REF	ALT	REF_DP	REF_RV	REF_QUAL	ALT_DP	ALT_RV	ALT_QUAL	ALT_FREQ	TOTAL_DP	PVAL	PASS	GFF_FEATURE	REF_CODON	REF_AA	ALT_CODON	ALT_AA	POS_AA
NA|PP755591.1|A/cattle/Texas/24-008749-003/2024(H5N1)	57	A	G	303	92	32	4	2	32	0.0130293	307	0.0196942	FALSE	NA:cds-XAJ25418.1	ATA	I	ATG	M	19
NA|PP755591.1|A/cattle/Texas/24-008749-003/2024(H5N1)	77	T	C	342	100	33	7	2	34	0.0200573	349	0.00148762	TRUE	NA:cds-XAJ25418.1	ATT	I	ACT	T	26
NA|PP755591.1|A/cattle/Texas/24-008749-003/2024(H5N1)	212	G	A	0	0	0	675	324	33	1	675	0	TRUE	NA:cds-XAJ25418.1	AGT	S	AAT	N	71
NA|PP755591.1|A/cattle/Texas/24-008749-003/2024(H5N1)	459	C	T	746	338	33	16	10	33	0.0209974	762	1.13086e-05	TRUE	NA:cds-XAJ25418.1	AGC	S	AGT	S	153
NA|PP755591.1|A/cattle/Texas/24-008749-003/2024(H5N1)	507	G	A	0	0	0	809	382	33	1	809	0	TRUE	NA:cds-XAJ25418.1	CCG	P	CCA	P	169
NA|PP755591.1|A/cattle/Texas/24-008749-003/2024(H5N1)	547	G	A	793	363	33	22	9	33	0.0269939	815	1.64133e-07	TRUE	NA:cds-XAJ25418.1	GCT	A	ACT	T	183
NA|PP755591.1|A/cattle/Texas/24-008749-003/2024(H5N1)	845	A	G	685	357	33	14	9	33	0.0200286	699	4.41037e-05	TRUE	NA:cds-XAJ25418.1	TAT	Y	TGT	C	282
NA|PP755591.1|A/cattle/Texas/24-008749-003/2024(H5N1)	982	C	T	0	0	0	1917	607	33	1	1917	0	TRUE	NA:cds-XAJ25418.1	CCC	P	TCC	S	328
NA|PP755591.1|A/cattle/Texas/24-008749-003/2024(H5N1)	1224	G	A	2057	1210	33	61	33	33	0.0288008	2118	8.28959e-17	TRUE	NA:cds-XAJ25418.1	CAG	Q	CAA	Q	408
NA|PP755591.1|A/cattle/Texas/24-008749-003/2024(H5N1)	1274	A	G	2186	1440	33	34	22	33	0.0153153	2220	7.28501e-09	TRUE	NA:cds-XAJ25418.1	GAG	E	GGG	G	425
NA|PP755591.1|A/cattle/Texas/24-008749-003/2024(H5N1)	1289	G	C	1260	538	32	17	17	29	0.0133125	1277	0.230838	FALSE	NA:cds-XAJ25418.1	AGG	R	ACG	T	430
