REGION	POS	REF	ALT	REF_DP	REF_RV	REF_QUAL	ALT_DP	ALT_RV	ALT_QUAL	ALT_FREQ	TOTAL_DP	PVAL	PASS	GFF_FEATURE	REF_CODON	REF_AA	ALT_CODON	ALT_AA	POS_AA
NP|PP755592.1|A/cattle/Texas/24-008749-003/2024(H5N1)	297	G	A	2797	1342	39	96	33	31	0.0331835	2893	3.48026e-28	TRUE	NP:cds-XAJ25419.1	AGG	R	AGA	R	99
NP|PP755592.1|A/cattle/Texas/24-008749-003/2024(H5N1)	762	A	G	3	2	33	3267	1950	39	0.998777	3271	0	TRUE	NP:cds-XAJ25419.1	GAA	E	GAG	E	254
NP|PP755592.1|A/cattle/Texas/24-008749-003/2024(H5N1)	789	T	C	3574	2080	39	110	63	37	0.0298507	3685	2.77135e-31	TRUE	NP:cds-XAJ25419.1	GCT	A	GCC	A	263
NP|PP755592.1|A/cattle/Texas/24-008749-003/2024(H5N1)	906	T	C	3517	1507	40	57	26	41	0.0159485	3574	2.03387e-19	TRUE	NP:cds-XAJ25419.1	GAT	D	GAC	D	302
NP|PP755592.1|A/cattle/Texas/24-008749-003/2024(H5N1)	1017	G	A	3243	1727	40	41	19	37	0.0124848	3284	6.03403e-11	TRUE	NP:cds-XAJ25419.1	GAG	E	GAA	E	339
NP|PP755592.1|A/cattle/Texas/24-008749-003/2024(H5N1)	1146	G	A	3271	1703	40	240	124	37	0.0683566	3511	1.2028e-75	TRUE	NP:cds-XAJ25419.1	AGG	R	AGA	R	382
NP|PP755592.1|A/cattle/Texas/24-008749-003/2024(H5N1)	1179	A	G	3357	1725	40	55	32	38	0.0161149	3413	3.61902e-15	TRUE	NP:cds-XAJ25419.1	GGA	G	GGG	G	393
