REGION	POS	REF	ALT	REF_DP	REF_RV	REF_QUAL	ALT_DP	ALT_RV	ALT_QUAL	ALT_FREQ	TOTAL_DP	PVAL	PASS	GFF_FEATURE	REF_CODON	REF_AA	ALT_CODON	ALT_AA	POS_AA
MP|PP755590.1|A/cattle/Texas/24-008749-003/2024(H5N1)	245	G	A	3	2	36	17836	7973	37	0.999832	17839	0	TRUE	M1:cds-XAJ25416.1	AGT	S	AAT	N	82
MP|PP755590.1|A/cattle/Texas/24-008749-003/2024(H5N1)	249	C	T	11	6	36	18247	8055	37	0.999398	18258	0	TRUE	M1:cds-XAJ25416.1	GCC	A	GCT	A	83
MP|PP755590.1|A/cattle/Texas/24-008749-003/2024(H5N1)	254	G	A	4	1	37	18299	8091	37	0.999672	18305	0	TRUE	M1:cds-XAJ25416.1	AGT	S	AAT	N	85
MP|PP755590.1|A/cattle/Texas/24-008749-003/2024(H5N1)	260	C	A	0	0	0	18201	8257	37	0.999561	18209	0	TRUE	M1:cds-XAJ25416.1	ACT	T	AAT	N	87
MP|PP755590.1|A/cattle/Texas/24-008749-003/2024(H5N1)	285	A	G	5	2	33	17678	8439	37	0.999604	17685	0	TRUE	M1:cds-XAJ25416.1	AGA	R	AGG	R	95
MP|PP755590.1|A/cattle/Texas/24-008749-003/2024(H5N1)	360	A	G	18	5	35	21619	10946	36	0.999168	21637	0	TRUE	M1:cds-XAJ25416.1	TCA	S	TCG	S	120
MP|PP755590.1|A/cattle/Texas/24-008749-003/2024(H5N1)	456	A	G	6	3	37	22199	11080	38	0.999685	22206	0	TRUE	M1:cds-XAJ25416.1	GAA	E	GAG	E	152
MP|PP755590.1|A/cattle/Texas/24-008749-003/2024(H5N1)	516	G	A	3	2	39	22278	10520	38	0.999865	22281	0	TRUE	M1:cds-XAJ25416.1	CTG	L	CTA	L	172
MP|PP755590.1|A/cattle/Texas/24-008749-003/2024(H5N1)	540	T	G	1	1	22	19692	8812	37	0.99929	19706	0	TRUE	M1:cds-XAJ25416.1	GTT	V	GTG	V	180
MP|PP755590.1|A/cattle/Texas/24-008749-003/2024(H5N1)	561	G	A	19800	9606	38	433	196	37	0.0213996	20234	6.64699e-106	TRUE	M1:cds-XAJ25416.1	AAG	K	AAA	K	187
MP|PP755590.1|A/cattle/Texas/24-008749-003/2024(H5N1)	679	A	G	5	3	34	18867	10328	36	0.999682	18873	0	TRUE	M1:cds-XAJ25416.1	ACC	T	GCC	A	227
MP|PP755590.1|A/cattle/Texas/24-008749-003/2024(H5N1)	760	T	C	19356	13433	37	312	219	36	0.0158609	19671	3.06148e-73	TRUE	M2:cds-XAJ25417.1	GAT	D	GAC	D	16
MP|PP755590.1|A/cattle/Texas/24-008749-003/2024(H5N1)	950	A	G	1	1	29	2466	2090	37	0.999595	2467	0	TRUE	M2:cds-XAJ25417.1	AAT	N	GAT	D	79
