REGION	POS	REF	ALT	REF_DP	REF_RV	REF_QUAL	ALT_DP	ALT_RV	ALT_QUAL	ALT_FREQ	TOTAL_DP	PVAL	PASS	GFF_FEATURE	REF_CODON	REF_AA	ALT_CODON	ALT_AA	POS_AA
HA|PP755581.1|A/cattle/Texas/24-008749-002/2024(H5N1)	651	G	A	2	1	34	3049	1303	33	0.999017	3052	0	TRUE	NA	NA	NA	NA	NA	NA
HA|PP755581.1|A/cattle/Texas/24-008749-002/2024(H5N1)	1052	T	A	3164	1819	33	53	7	33	0.0164699	3218	1.26277e-13	TRUE	NA	NA	NA	NA	NA	NA
HA|PP755581.1|A/cattle/Texas/24-008749-002/2024(H5N1)	1431	A	G	3	2	34	13822	6301	33	0.999711	13826	0	TRUE	NA	NA	NA	NA	NA	NA
HA|PP755581.1|A/cattle/Texas/24-008749-002/2024(H5N1)	1494	A	G	11174	7329	32	323	179	33	0.0280821	11502	6.34276e-96	TRUE	NA	NA	NA	NA	NA	NA
HA|PP755581.1|A/cattle/Texas/24-008749-002/2024(H5N1)	1705	-	A	0	0	0	46	38	26	1	46	6.28207e-28	TRUE	NA	NA	NA	NA	NA	NA
