REGION	POS	REF	ALT	REF_DP	REF_RV	REF_QUAL	ALT_DP	ALT_RV	ALT_QUAL	ALT_FREQ	TOTAL_DP	PVAL	PASS	GFF_FEATURE	REF_CODON	REF_AA	ALT_CODON	ALT_AA	POS_AA
NS|PP755593.1|A/cattle/Texas/24-008749-003/2024(H5N1)	111	C	T	73	34	58	7818	3442	57	0.990372	7894	0	TRUE	NS1:cds-XAJ25420.1	CGC	R	CGT	R	37
NS|PP755593.1|A/cattle/Texas/24-008749-003/2024(H5N1)	192	A	G	140	60	55	11083	5083	60	0.987526	11223	0	TRUE	NS1:cds-XAJ25420.1	ATA	I	ATG	M	64
NS|PP755593.1|A/cattle/Texas/24-008749-003/2024(H5N1)	222	T	C	1	0	68	11893	5609	61	0.999832	11895	0	TRUE	NS1:cds-XAJ25420.1	GAT	D	GAC	D	74
