REGION	POS	REF	ALT	REF_DP	REF_RV	REF_QUAL	ALT_DP	ALT_RV	ALT_QUAL	ALT_FREQ	TOTAL_DP	PVAL	PASS	GFF_FEATURE	REF_CODON	REF_AA	ALT_CODON	ALT_AA	POS_AA
PB2|PP755596.1|A/cattle/Texas/24-008749-003/2024(H5N1)	63	C	-A	169	41	33	6	0	20	0.0167131	359	0.0381288	FALSE	NA	NA	NA	NA	NA	NA
PB2|PP755596.1|A/cattle/Texas/24-008749-003/2024(H5N1)	142	A	G	330	122	33	4	2	34	0.011976	334	0.0573326	FALSE	PB2:cds-XAJ25426.1	AAA	K	GAA	E	48
PB2|PP755596.1|A/cattle/Texas/24-008749-003/2024(H5N1)	150	G	-ATGGCA	323	125	33	6	0	20	0.0179104	335	0.24502	FALSE	NA	NA	NA	NA	NA	NA
PB2|PP755596.1|A/cattle/Texas/24-008749-003/2024(H5N1)	268	A	-TGG	267	152	33	4	0	20	0.0143885	278	0.332644	FALSE	NA	NA	NA	NA	NA	NA
PB2|PP755596.1|A/cattle/Texas/24-008749-003/2024(H5N1)	357	T	C	215	109	33	6	3	34	0.0271493	221	0.0139175	FALSE	PB2:cds-XAJ25426.1	TTT	F	TTC	F	119
PB2|PP755596.1|A/cattle/Texas/24-008749-003/2024(H5N1)	397	G	A	264	119	33	5	2	33	0.0185874	269	0.0303852	FALSE	PB2:cds-XAJ25426.1	GTA	V	ATA	I	133
PB2|PP755596.1|A/cattle/Texas/24-008749-003/2024(H5N1)	543	A	G	1	0	34	237	123	33	0.995798	238	3.73436e-145	TRUE	PB2:cds-XAJ25426.1	TCA	S	TCG	S	181
PB2|PP755596.1|A/cattle/Texas/24-008749-003/2024(H5N1)	630	G	A	0	0	0	206	120	33	1	206	2.85322e-130	TRUE	PB2:cds-XAJ25426.1	GAG	E	GAA	E	210
PB2|PP755596.1|A/cattle/Texas/24-008749-003/2024(H5N1)	764	C	T	0	0	0	233	109	33	1	233	5.56304e-144	TRUE	PB2:cds-XAJ25426.1	GCA	A	GTA	V	255
PB2|PP755596.1|A/cattle/Texas/24-008749-003/2024(H5N1)	906	A	G	247	107	33	3	2	34	0.012	250	0.115699	FALSE	PB2:cds-XAJ25426.1	CCA	P	CCG	P	302
PB2|PP755596.1|A/cattle/Texas/24-008749-003/2024(H5N1)	912	G	A	0	0	0	231	105	33	1	231	2.48322e-141	TRUE	PB2:cds-XAJ25426.1	GAG	E	GAA	E	304
PB2|PP755596.1|A/cattle/Texas/24-008749-003/2024(H5N1)	1038	G	A	256	149	33	3	2	34	0.011583	259	0.120738	FALSE	PB2:cds-XAJ25426.1	ACG	T	ACA	T	346
PB2|PP755596.1|A/cattle/Texas/24-008749-003/2024(H5N1)	1124	G	A	252	134	33	3	1	34	0.0117647	255	0.122092	FALSE	PB2:cds-XAJ25426.1	AGG	R	AAG	K	375
PB2|PP755596.1|A/cattle/Texas/24-008749-003/2024(H5N1)	1663	A	C	299	148	33	4	2	34	0.0132013	303	0.059875	FALSE	PB2:cds-XAJ25426.1	AGA	R	CGA	R	555
PB2|PP755596.1|A/cattle/Texas/24-008749-003/2024(H5N1)	1834	A	G	354	151	33	4	2	34	0.0111732	358	0.0583018	FALSE	PB2:cds-XAJ25426.1	ACT	T	GCT	A	612
PB2|PP755596.1|A/cattle/Texas/24-008749-003/2024(H5N1)	2031	A	G	0	0	0	992	322	33	1	992	0	TRUE	PB2:cds-XAJ25426.1	GAA	E	GAG	E	677
