REGION	POS	REF	ALT	REF_DP	REF_RV	REF_QUAL	ALT_DP	ALT_RV	ALT_QUAL	ALT_FREQ	TOTAL_DP	PVAL	PASS	GFF_FEATURE	REF_CODON	REF_AA	ALT_CODON	ALT_AA	POS_AA
HA|PP755589.1|A/cattle/Texas/24-008749-003/2024(H5N1)	76	A	G	86	24	43	1	0	27	0.0114943	87	0.577633	FALSE	HA:cds-XAJ25415.1	AAC	N	GAC	D	26
HA|PP755589.1|A/cattle/Texas/24-008749-003/2024(H5N1)	77	A	C	62	24	42	2	1	30	0.03125	64	0.079292	FALSE	HA:cds-XAJ25415.1	AAC	N	ACC	T	26
HA|PP755589.1|A/cattle/Texas/24-008749-003/2024(H5N1)	89	A	G	92	24	43	1	0	34	0.0107527	93	0.348315	FALSE	HA:cds-XAJ25415.1	GAG	E	GGG	G	30
HA|PP755589.1|A/cattle/Texas/24-008749-003/2024(H5N1)	91	C	A	98	25	43	1	0	26	0.010101	99	0.594619	FALSE	HA:cds-XAJ25415.1	CAA	Q	AAA	K	31
HA|PP755589.1|A/cattle/Texas/24-008749-003/2024(H5N1)	100	A	G	98	26	42	1	0	34	0.010101	99	0.356115	FALSE	HA:cds-XAJ25415.1	ACG	T	GCG	A	34
HA|PP755589.1|A/cattle/Texas/24-008749-003/2024(H5N1)	465	A	G	0	0	0	143	83	40	1	143	1.92477e-96	TRUE	HA:cds-XAJ25415.1	GGA	G	GGG	G	155
HA|PP755589.1|A/cattle/Texas/24-008749-003/2024(H5N1)	651	G	A	0	0	0	202	73	40	1	202	1.55586e-137	TRUE	HA:cds-XAJ25415.1	GGG	G	GGA	G	217
HA|PP755589.1|A/cattle/Texas/24-008749-003/2024(H5N1)	701	A	G	191	69	37	38	19	37	0.165939	229	1.96109e-14	TRUE	HA:cds-XAJ25415.1	CAA	Q	CGA	R	234
HA|PP755589.1|A/cattle/Texas/24-008749-003/2024(H5N1)	1052	T	A	256	151	40	4	1	31	0.0153846	260	0.0393206	FALSE	HA:cds-XAJ25415.1	ATA	I	AAA	K	351
HA|PP755589.1|A/cattle/Texas/24-008749-003/2024(H5N1)	1275	G	A	0	0	0	907	378	40	1	907	0	TRUE	HA:cds-XAJ25415.1	TTG	L	TTA	L	425
