REGION	POS	REF	ALT	REF_DP	REF_RV	REF_QUAL	ALT_DP	ALT_RV	ALT_QUAL	ALT_FREQ	TOTAL_DP	PVAL	PASS	GFF_FEATURE	REF_CODON	REF_AA	ALT_CODON	ALT_AA	POS_AA
PA|PP755594.1|A/cattle/Texas/24-008749-003/2024(H5N1)	21	A	G	144	18	36	2	0	25	0.0136986	146	0.454281	FALSE	PA:cds-XAJ25422.1	CAA	Q	CAG	Q	7
PA|PP755594.1|A/cattle/Texas/24-008749-003/2024(H5N1)	21	A	G	144	18	36	2	0	25	0.0136986	146	0.454281	FALSE	PA-X:cds-XAJ25423.1	CAA	Q	CAG	Q	7
PA|PP755594.1|A/cattle/Texas/24-008749-003/2024(H5N1)	60	A	-ATGAAAGAAT	330	67	36	22	0	20	0.0215686	1020	2.77457e-07	TRUE	NA	NA	NA	NA	NA	NA
PA|PP755594.1|A/cattle/Texas/24-008749-003/2024(H5N1)	162	T	-GACGAACGAGGCGAATCAATGATTGTAGAATCTG	861	345	36	13	0	20	0.0144766	898	0.174254	FALSE	NA	NA	NA	NA	NA	NA
PA|PP755594.1|A/cattle/Texas/24-008749-003/2024(H5N1)	795	A	G	0	0	0	581	352	36	1	581	0	TRUE	PA:cds-XAJ25422.1	CCA	P	CCG	P	265
PA|PP755594.1|A/cattle/Texas/24-008749-003/2024(H5N1)	1067	A	G	0	0	0	474	291	36	1	474	6.47282e-294	TRUE	PA:cds-XAJ25422.1	AAA	K	AGA	R	356
PA|PP755594.1|A/cattle/Texas/24-008749-003/2024(H5N1)	1356	T	C	0	0	0	539	291	36	1	539	0	TRUE	PA:cds-XAJ25422.1	CAT	H	CAC	H	452
PA|PP755594.1|A/cattle/Texas/24-008749-003/2024(H5N1)	1602	A	G	549	306	36	6	3	35	0.0108108	555	0.0149225	FALSE	PA:cds-XAJ25422.1	CCA	P	CCG	P	534
