REGION	POS	REF	ALT	REF_DP	REF_RV	REF_QUAL	ALT_DP	ALT_RV	ALT_QUAL	ALT_FREQ	TOTAL_DP	PVAL	PASS	GFF_FEATURE	REF_CODON	REF_AA	ALT_CODON	ALT_AA	POS_AA
NP|PP755592.1|A/cattle/Texas/24-008749-003/2024(H5N1)	762	A	G	1	1	34	17515	9619	33	0.999943	17516	0	TRUE	NP:cds-XAJ25419.1	GAA	E	GAG	E	254
NP|PP755592.1|A/cattle/Texas/24-008749-003/2024(H5N1)	1140	A	G	6	4	34	19761	9745	33	0.999646	19768	0	TRUE	NP:cds-XAJ25419.1	GAA	E	GAG	E	380
NP|PP755592.1|A/cattle/Texas/24-008749-003/2024(H5N1)	1201	G	A	19095	9128	33	248	124	33	0.0128212	19343	1.79127e-54	TRUE	NP:cds-XAJ25419.1	GCA	A	ACA	T	401
