REGION	POS	REF	ALT	REF_DP	REF_RV	REF_QUAL	ALT_DP	ALT_RV	ALT_QUAL	ALT_FREQ	TOTAL_DP	PVAL	PASS	GFF_FEATURE	REF_CODON	REF_AA	ALT_CODON	ALT_AA	POS_AA
PA|PP755586.1|A/cattle/Texas/24-008749-002/2024(H5N1)	7	G	A	27	12	36	1	0	34	0.0357143	28	0.173913	FALSE	NA	NA	NA	NA	NA	NA
PA|PP755586.1|A/cattle/Texas/24-008749-002/2024(H5N1)	30	T	G	89	35	37	1	0	22	0.0111111	90	0.5311	FALSE	NA	NA	NA	NA	NA	NA
PA|PP755586.1|A/cattle/Texas/24-008749-002/2024(H5N1)	84	G	A	134	54	36	2	1	37	0.0147059	136	0.16607	FALSE	NA	NA	NA	NA	NA	NA
PA|PP755586.1|A/cattle/Texas/24-008749-002/2024(H5N1)	97	A	G	141	56	36	2	1	25	0.013986	143	0.53412	FALSE	NA	NA	NA	NA	NA	NA
PA|PP755586.1|A/cattle/Texas/24-008749-002/2024(H5N1)	201	T	C	0	0	0	218	104	36	1	218	1.31817e-138	TRUE	NA	NA	NA	NA	NA	NA
PA|PP755586.1|A/cattle/Texas/24-008749-002/2024(H5N1)	262	T	C	229	117	35	4	2	37	0.0171674	233	0.0561806	FALSE	NA	NA	NA	NA	NA	NA
PA|PP755586.1|A/cattle/Texas/24-008749-002/2024(H5N1)	286	A	G	192	96	36	2	1	37	0.0103093	194	0.243041	FALSE	NA	NA	NA	NA	NA	NA
PA|PP755586.1|A/cattle/Texas/24-008749-002/2024(H5N1)	320	C	A	191	82	36	3	2	37	0.0154639	194	0.119345	FALSE	NA	NA	NA	NA	NA	NA
PA|PP755586.1|A/cattle/Texas/24-008749-002/2024(H5N1)	710	A	G	219	123	36	3	3	33	0.0135135	222	0.120043	FALSE	NA	NA	NA	NA	NA	NA
PA|PP755586.1|A/cattle/Texas/24-008749-002/2024(H5N1)	748	T	C	224	119	36	3	2	37	0.0132159	227	0.121737	FALSE	NA	NA	NA	NA	NA	NA
PA|PP755586.1|A/cattle/Texas/24-008749-002/2024(H5N1)	939	A	-T	225	86	36	3	0	20	0.012987	231	0.495888	FALSE	NA	NA	NA	NA	NA	NA
PA|PP755586.1|A/cattle/Texas/24-008749-002/2024(H5N1)	939	A	+T	225	86	36	4	0	20	0.017316	231	0.340671	FALSE	NA	NA	NA	NA	NA	NA
PA|PP755586.1|A/cattle/Texas/24-008749-002/2024(H5N1)	1282	A	G	266	137	36	3	2	37	0.0111524	269	0.122923	FALSE	NA	NA	NA	NA	NA	NA
PA|PP755586.1|A/cattle/Texas/24-008749-002/2024(H5N1)	1621	T	C	277	157	36	3	2	37	0.0107143	280	0.11914	FALSE	NA	NA	NA	NA	NA	NA
PA|PP755586.1|A/cattle/Texas/24-008749-002/2024(H5N1)	1668	A	G	0	0	0	276	122	36	0.99639	277	1.27161e-166	TRUE	NA	NA	NA	NA	NA	NA
PA|PP755586.1|A/cattle/Texas/24-008749-002/2024(H5N1)	1686	C	T	296	138	36	4	3	24	0.0133333	300	0.478456	FALSE	NA	NA	NA	NA	NA	NA
PA|PP755586.1|A/cattle/Texas/24-008749-002/2024(H5N1)	1956	T	C	315	174	36	4	2	34	0.0125392	319	0.0588945	FALSE	NA	NA	NA	NA	NA	NA
