REGION	POS	REF	ALT	REF_DP	REF_RV	REF_QUAL	ALT_DP	ALT_RV	ALT_QUAL	ALT_FREQ	TOTAL_DP	PVAL	PASS	GFF_FEATURE	REF_CODON	REF_AA	ALT_CODON	ALT_AA	POS_AA
PB2|PP755596.1|A/cattle/Texas/24-008749-003/2024(H5N1)	362	A	G	2570	1275	39	77	38	40	0.0290895	2647	3.33295e-26	TRUE	PB2:cds-XAJ25426.1	AAA	K	AGA	R	121
PB2|PP755596.1|A/cattle/Texas/24-008749-003/2024(H5N1)	457	G	A	2543	982	39	30	13	37	0.0116595	2573	3.44315e-08	TRUE	PB2:cds-XAJ25426.1	GAC	D	AAC	N	153
PB2|PP755596.1|A/cattle/Texas/24-008749-003/2024(H5N1)	534	G	A	0	0	0	2299	1004	40	1	2299	0	TRUE	PB2:cds-XAJ25426.1	ACG	T	ACA	T	178
PB2|PP755596.1|A/cattle/Texas/24-008749-003/2024(H5N1)	562	G	A	2088	1210	40	276	166	39	0.116751	2364	1.05662e-90	TRUE	PB2:cds-XAJ25426.1	GAA	E	AAA	K	188
PB2|PP755596.1|A/cattle/Texas/24-008749-003/2024(H5N1)	571	G	A	2345	1390	40	54	24	36	0.0225094	2399	9.46589e-16	TRUE	PB2:cds-XAJ25426.1	GAA	E	AAA	K	191
PB2|PP755596.1|A/cattle/Texas/24-008749-003/2024(H5N1)	764	C	T	1	0	37	2288	1085	38	0.999563	2289	0	TRUE	PB2:cds-XAJ25426.1	GCA	A	GTA	V	255
PB2|PP755596.1|A/cattle/Texas/24-008749-003/2024(H5N1)	953	G	A	2408	1132	40	60	23	39	0.0243112	2468	7.37608e-18	TRUE	PB2:cds-XAJ25426.1	AGG	R	AAG	K	318
PB2|PP755596.1|A/cattle/Texas/24-008749-003/2024(H5N1)	1879	G	A	1805	808	39	864	386	40	0.323717	2669	0	TRUE	PB2:cds-XAJ25426.1	GAA	E	AAA	K	627
