REGION	POS	REF	ALT	REF_DP	REF_RV	REF_QUAL	ALT_DP	ALT_RV	ALT_QUAL	ALT_FREQ	TOTAL_DP	PVAL	PASS	GFF_FEATURE	REF_CODON	REF_AA	ALT_CODON	ALT_AA	POS_AA
PB1|PP755595.1|A/cattle/Texas/24-008749-003/2024(H5N1)	33	A	G	147	49	58	2	0	29	0.0134228	149	0.472922	FALSE	PB1:cds-XAJ25424.1	AAA	K	AAG	K	11
PB1|PP755595.1|A/cattle/Texas/24-008749-003/2024(H5N1)	498	C	T	1	0	30	545	230	62	0.998168	546	0	TRUE	PB1:cds-XAJ25424.1	TTC	F	TTT	F	166
PB1|PP755595.1|A/cattle/Texas/24-008749-003/2024(H5N1)	795	A	G	0	0	0	569	301	66	1	569	0	TRUE	PB1:cds-XAJ25424.1	AAA	K	AAG	K	265
PB1|PP755595.1|A/cattle/Texas/24-008749-003/2024(H5N1)	936	C	T	1	0	37	537	276	63	0.998141	538	0	TRUE	PB1:cds-XAJ25424.1	AAC	N	AAT	N	312
PB1|PP755595.1|A/cattle/Texas/24-008749-003/2024(H5N1)	954	T	C	0	0	0	524	260	63	1	524	0	TRUE	PB1:cds-XAJ25424.1	TTT	F	TTC	F	318
PB1|PP755595.1|A/cattle/Texas/24-008749-003/2024(H5N1)	984	C	A	546	261	63	7	3	75	0.0126582	553	0.000858444	TRUE	PB1:cds-XAJ25424.1	AAC	N	AAA	K	328
PB1|PP755595.1|A/cattle/Texas/24-008749-003/2024(H5N1)	1954	G	A	642	334	60	281	134	62	0.304442	923	2.15165e-134	TRUE	PB1:cds-XAJ25424.1	GCT	A	ACT	T	652
PB1|PP755595.1|A/cattle/Texas/24-008749-003/2024(H5N1)	2000	T	C	1	0	37	1133	537	60	0.999118	1134	0	TRUE	PB1:cds-XAJ25424.1	ATC	I	ACC	T	667
PB1|PP755595.1|A/cattle/Texas/24-008749-003/2024(H5N1)	2003	C	-TAAGAGGAACCGCTCTATTCTTAA	1161	548	60	33	0	20	0.0165996	1988	0.000118394	TRUE	NA	NA	NA	NA	NA	NA
PB1|PP755595.1|A/cattle/Texas/24-008749-003/2024(H5N1)	2062	A	-TGTATCAAAAGTGCTGCAATCTATTTGAAAAATTCTTCCC	1223	609	65	83	0	20	0.0375226	2212	6.17237e-19	TRUE	NA	NA	NA	NA	NA	NA
