REGION	POS	REF	ALT	REF_DP	REF_RV	REF_QUAL	ALT_DP	ALT_RV	ALT_QUAL	ALT_FREQ	TOTAL_DP	PVAL	PASS	GFF_FEATURE	REF_CODON	REF_AA	ALT_CODON	ALT_AA	POS_AA
NA|PP755591.1|A/cattle/Texas/24-008749-003/2024(H5N1)	189	T	C	2	1	34	6088	2585	33	0.999672	6090	0	TRUE	NA:cds-XAJ25418.1	AAT	N	AAC	N	63
NA|PP755591.1|A/cattle/Texas/24-008749-003/2024(H5N1)	571	T	C	1	0	34	6588	3066	33	0.999848	6589	0	TRUE	NA:cds-XAJ25418.1	TTG	L	CTG	L	191
NA|PP755591.1|A/cattle/Texas/24-008749-003/2024(H5N1)	1289	G	C	3759	1952	32	56	56	28	0.0146558	3821	0.0190425	FALSE	NA:cds-XAJ25418.1	AGG	R	ACG	T	430
