REGION	POS	REF	ALT	REF_DP	REF_RV	REF_QUAL	ALT_DP	ALT_RV	ALT_QUAL	ALT_FREQ	TOTAL_DP	PVAL	PASS	GFF_FEATURE	REF_CODON	REF_AA	ALT_CODON	ALT_AA	POS_AA
HA|PP755589.1|A/cattle/Texas/24-008749-003/2024(H5N1)	264	A	G	4328	2409	38	81	55	38	0.0183673	4410	3.85114e-22	TRUE	HA:cds-XAJ25415.1	AGA	R	AGG	R	88
HA|PP755589.1|A/cattle/Texas/24-008749-003/2024(H5N1)	651	G	A	6	1	34	4358	1787	37	0.998396	4365	0	TRUE	HA:cds-XAJ25415.1	GGG	G	GGA	G	217
HA|PP755589.1|A/cattle/Texas/24-008749-003/2024(H5N1)	666	C	T	1	1	68	4620	1926	38	0.999567	4622	0	TRUE	HA:cds-XAJ25415.1	AAC	N	AAT	N	222
HA|PP755589.1|A/cattle/Texas/24-008749-003/2024(H5N1)	921	T	C	4320	2504	37	277	159	36	0.0602305	4599	5.44085e-86	TRUE	HA:cds-XAJ25415.1	TTT	F	TTC	F	307
HA|PP755589.1|A/cattle/Texas/24-008749-003/2024(H5N1)	1035	A	G	3160	1842	37	1227	721	37	0.279499	4390	0	TRUE	HA:cds-XAJ25415.1	AGA	R	AGG	R	345
HA|PP755589.1|A/cattle/Texas/24-008749-003/2024(H5N1)	1576	G	A	7140	4907	39	164	112	38	0.0224535	7304	2.11994e-46	TRUE	HA:cds-XAJ25415.1	GTA	V	ATA	I	526
HA|PP755589.1|A/cattle/Texas/24-008749-003/2024(H5N1)	1586	A	G	6778	4895	39	227	177	38	0.0324008	7006	2.61425e-66	TRUE	HA:cds-XAJ25415.1	TAC	Y	TGC	C	529
