REGION	POS	REF	ALT	REF_DP	REF_RV	REF_QUAL	ALT_DP	ALT_RV	ALT_QUAL	ALT_FREQ	TOTAL_DP	PVAL	PASS	GFF_FEATURE	REF_CODON	REF_AA	ALT_CODON	ALT_AA	POS_AA
NP|PP755592.1|A/cattle/Texas/24-008749-003/2024(H5N1)	11	A	G	48	7	38	1	1	37	0.0204082	49	0.117225	FALSE	NP:cds-XAJ25419.1	CAA	Q	CGA	R	4
NP|PP755592.1|A/cattle/Texas/24-008749-003/2024(H5N1)	149	G	A	234	61	40	198	42	37	0.458333	432	3.32647e-77	TRUE	NP:cds-XAJ25419.1	AGT	S	AAT	N	50
NP|PP755592.1|A/cattle/Texas/24-008749-003/2024(H5N1)	226	A	G	475	146	38	9	4	37	0.018595	484	0.00132837	TRUE	NP:cds-XAJ25419.1	AAC	N	GAC	D	76
NP|PP755592.1|A/cattle/Texas/24-008749-003/2024(H5N1)	363	T	A	1	1	25	564	337	39	0.99823	565	0	TRUE	NP:cds-XAJ25419.1	CGT	R	CGA	R	121
NP|PP755592.1|A/cattle/Texas/24-008749-003/2024(H5N1)	648	G	A	463	210	38	89	37	37	0.161232	552	9.08976e-31	TRUE	NP:cds-XAJ25419.1	AGG	R	AGA	R	216
NP|PP755592.1|A/cattle/Texas/24-008749-003/2024(H5N1)	1140	A	G	0	0	0	522	286	38	1	522	0	TRUE	NP:cds-XAJ25419.1	GAA	E	GAG	E	380
