REGION	POS	REF	ALT	REF_DP	REF_RV	REF_QUAL	ALT_DP	ALT_RV	ALT_QUAL	ALT_FREQ	TOTAL_DP	PVAL	PASS	GFF_FEATURE	REF_CODON	REF_AA	ALT_CODON	ALT_AA	POS_AA
PA|PP755594.1|A/cattle/Texas/24-008749-003/2024(H5N1)	59	C	-AATGAAAGAAT	1762	274	35	79	0	20	0.0168912	4677	2.35578e-16	TRUE	NA	NA	NA	NA	NA	NA
PA|PP755594.1|A/cattle/Texas/24-008749-003/2024(H5N1)	75	G	A	6	2	32	1748	282	36	0.996579	1754	0	TRUE	PA:cds-XAJ25422.1	GGG	G	GGA	G	25
PA|PP755594.1|A/cattle/Texas/24-008749-003/2024(H5N1)	75	G	A	6	2	32	1748	282	36	0.996579	1754	0	TRUE	PA-X:cds-XAJ25423.1	GGG	G	GGA	G	25
PA|PP755594.1|A/cattle/Texas/24-008749-003/2024(H5N1)	619	A	G	0	0	0	681	301	39	1	681	0	TRUE	PA:cds-XAJ25422.1	ATC	I	GTC	V	207
PA|PP755594.1|A/cattle/Texas/24-008749-003/2024(H5N1)	619	A	G	0	0	0	681	301	39	1	681	0	TRUE	PA-X:cds-XAJ25423.1	AAA	K	AAG	K	16
PA|PP755594.1|A/cattle/Texas/24-008749-003/2024(H5N1)	741	T	C	722	386	37	8	4	33	0.0109589	730	0.00192381	TRUE	PA:cds-XAJ25422.1	TCT	S	TCC	S	247
PA|PP755594.1|A/cattle/Texas/24-008749-003/2024(H5N1)	741	T	C	722	386	37	8	4	33	0.0109589	730	0.00192381	TRUE	PA-X:cds-XAJ25423.1	CTC	L	CCC	P	57
PA|PP755594.1|A/cattle/Texas/24-008749-003/2024(H5N1)	2048	T	-TGGGGGGCTATA	3422	2390	42	207	0	20	0.044844	4616	4.26354e-36	TRUE	NA	NA	NA	NA	NA	NA
PA|PP755594.1|A/cattle/Texas/24-008749-003/2024(H5N1)	2049	T	-G	3324	2397	41	120	0	20	0.0253968	4725	4.22399e-15	TRUE	NA	NA	NA	NA	NA	NA
