REGION	POS	REF	ALT	REF_DP	REF_RV	REF_QUAL	ALT_DP	ALT_RV	ALT_QUAL	ALT_FREQ	TOTAL_DP	PVAL	PASS	GFF_FEATURE	REF_CODON	REF_AA	ALT_CODON	ALT_AA	POS_AA
PA|PP755586.1|A/cattle/Texas/24-008749-002/2024(H5N1)	305	A	G	286	126	33	7	4	34	0.0238908	293	0.00753445	TRUE	NA	NA	NA	NA	NA	NA
PA|PP755586.1|A/cattle/Texas/24-008749-002/2024(H5N1)	522	A	G	0	0	0	265	134	33	1	265	2.21377e-164	TRUE	NA	NA	NA	NA	NA	NA
PA|PP755586.1|A/cattle/Texas/24-008749-002/2024(H5N1)	550	A	G	287	123	33	5	5	30	0.0171233	292	0.0284468	FALSE	NA	NA	NA	NA	NA	NA
PA|PP755586.1|A/cattle/Texas/24-008749-002/2024(H5N1)	802	C	G	350	196	33	4	3	34	0.0112994	354	0.0616203	FALSE	NA	NA	NA	NA	NA	NA
PA|PP755586.1|A/cattle/Texas/24-008749-002/2024(H5N1)	1257	T	C	0	0	0	364	165	33	1	364	1.14919e-223	TRUE	NA	NA	NA	NA	NA	NA
PA|PP755586.1|A/cattle/Texas/24-008749-002/2024(H5N1)	1489	A	G	382	161	33	4	2	34	0.0103627	386	0.0598106	FALSE	NA	NA	NA	NA	NA	NA
PA|PP755586.1|A/cattle/Texas/24-008749-002/2024(H5N1)	1521	A	G	1	0	26	420	191	33	0.997625	421	1.90283e-254	TRUE	NA	NA	NA	NA	NA	NA
PA|PP755586.1|A/cattle/Texas/24-008749-002/2024(H5N1)	1678	C	T	360	177	33	4	2	34	0.010989	364	0.0609712	FALSE	NA	NA	NA	NA	NA	NA
PA|PP755586.1|A/cattle/Texas/24-008749-002/2024(H5N1)	1896	T	-ATTGGGAAAGTATGCAGAACATTGCTAGCAAA	391	192	33	29	0	20	0.0657596	441	2.0377e-06	TRUE	NA	NA	NA	NA	NA	NA
PA|PP755586.1|A/cattle/Texas/24-008749-002/2024(H5N1)	2152	-	T	0	0	0	4	4	26	1	4	0.0285714	FALSE	NA	NA	NA	NA	NA	NA
