REGION	POS	REF	ALT	REF_DP	REF_RV	REF_QUAL	ALT_DP	ALT_RV	ALT_QUAL	ALT_FREQ	TOTAL_DP	PVAL	PASS	GFF_FEATURE	REF_CODON	REF_AA	ALT_CODON	ALT_AA	POS_AA
PB2|PP755596.1|A/cattle/Texas/24-008749-003/2024(H5N1)	61	A	G	192	25	39	2	1	37	0.0103093	194	0.0796791	FALSE	PB2:cds-XAJ25426.1	ACC	T	GCC	A	21
PB2|PP755596.1|A/cattle/Texas/24-008749-003/2024(H5N1)	67	A	C	197	25	38	2	0	37	0.0100503	199	0.0812225	FALSE	PB2:cds-XAJ25426.1	ACC	T	CCC	P	23
PB2|PP755596.1|A/cattle/Texas/24-008749-003/2024(H5N1)	88	A	-TAATCAAGAAG	253	44	39	10	0	20	0.0180505	554	0.00607709	TRUE	NA	NA	NA	NA	NA	NA
PB2|PP755596.1|A/cattle/Texas/24-008749-003/2024(H5N1)	264	A	G	0	0	0	280	181	40	1	280	2.30211e-180	TRUE	PB2:cds-XAJ25426.1	CGA	R	CGG	R	88
PB2|PP755596.1|A/cattle/Texas/24-008749-003/2024(H5N1)	480	G	A	0	0	0	261	98	37	1	261	6.82132e-169	TRUE	PB2:cds-XAJ25426.1	CAG	Q	CAA	Q	160
PB2|PP755596.1|A/cattle/Texas/24-008749-003/2024(H5N1)	571	G	A	270	163	40	3	2	49	0.010989	273	0.103138	FALSE	PB2:cds-XAJ25426.1	GAA	E	AAA	K	191
PB2|PP755596.1|A/cattle/Texas/24-008749-003/2024(H5N1)	711	A	G	247	139	40	29	15	42	0.105072	276	1.01847e-10	TRUE	PB2:cds-XAJ25426.1	GGA	G	GGG	G	237
PB2|PP755596.1|A/cattle/Texas/24-008749-003/2024(H5N1)	752	G	A	262	118	41	3	1	32	0.0113208	265	0.103105	FALSE	PB2:cds-XAJ25426.1	AGA	R	AAA	K	251
PB2|PP755596.1|A/cattle/Texas/24-008749-003/2024(H5N1)	764	C	T	0	0	0	263	115	39	1	263	1.77161e-168	TRUE	PB2:cds-XAJ25426.1	GCA	A	GTA	V	255
PB2|PP755596.1|A/cattle/Texas/24-008749-003/2024(H5N1)	1879	G	A	368	163	39	5	4	44	0.0134048	373	0.0218557	FALSE	PB2:cds-XAJ25426.1	GAA	E	AAA	K	627
