REGION	POS	REF	ALT	REF_DP	REF_RV	REF_QUAL	ALT_DP	ALT_RV	ALT_QUAL	ALT_FREQ	TOTAL_DP	PVAL	PASS	GFF_FEATURE	REF_CODON	REF_AA	ALT_CODON	ALT_AA	POS_AA
HA|PP755589.1|A/cattle/Texas/24-008749-003/2024(H5N1)	144	A	C	7067	1709	39	415	85	39	0.0554368	7486	9.25394e-131	TRUE	HA:cds-XAJ25415.1	ATA	I	ATC	I	48
HA|PP755589.1|A/cattle/Texas/24-008749-003/2024(H5N1)	222	T	C	8826	3712	37	137	38	36	0.0152851	8963	1.65434e-33	TRUE	HA:cds-XAJ25415.1	GCT	A	GCC	A	74
HA|PP755589.1|A/cattle/Texas/24-008749-003/2024(H5N1)	465	A	G	10425	4813	36	181	101	35	0.0170658	10606	3.79089e-45	TRUE	HA:cds-XAJ25415.1	GGA	G	GGG	G	155
HA|PP755589.1|A/cattle/Texas/24-008749-003/2024(H5N1)	651	G	A	7	5	34	10132	4508	35	0.99931	10139	0	TRUE	HA:cds-XAJ25415.1	GGG	G	GGA	G	217
HA|PP755589.1|A/cattle/Texas/24-008749-003/2024(H5N1)	1275	G	A	10597	4791	36	161	95	35	0.0149656	10758	3.55276e-39	TRUE	HA:cds-XAJ25415.1	TTG	L	TTA	L	425
HA|PP755589.1|A/cattle/Texas/24-008749-003/2024(H5N1)	1314	A	C	196	124	36	11196	5775	36	0.982019	11401	0	TRUE	HA:cds-XAJ25415.1	ACA	T	ACC	T	438
