REGION	POS	REF	ALT	REF_DP	REF_RV	REF_QUAL	ALT_DP	ALT_RV	ALT_QUAL	ALT_FREQ	TOTAL_DP	PVAL	PASS	GFF_FEATURE	REF_CODON	REF_AA	ALT_CODON	ALT_AA	POS_AA
NA|PP755591.1|A/cattle/Texas/24-008749-003/2024(H5N1)	196	T	C	5104	1879	37	68	27	37	0.0131452	5173	1.4202e-16	TRUE	NA:cds-XAJ25418.1	TAT	Y	CAT	H	66
NA|PP755591.1|A/cattle/Texas/24-008749-003/2024(H5N1)	199	A	G	0	0	0	5307	1895	38	1	5307	0	TRUE	NA:cds-XAJ25418.1	ATC	I	GTC	V	67
NA|PP755591.1|A/cattle/Texas/24-008749-003/2024(H5N1)	212	G	A	16	3	38	5717	2144	38	0.997209	5733	0	TRUE	NA:cds-XAJ25418.1	AGT	S	AAT	N	71
NA|PP755591.1|A/cattle/Texas/24-008749-003/2024(H5N1)	251	C	T	5655	2459	38	97	41	38	0.0168637	5752	3.81557e-24	TRUE	NA:cds-XAJ25418.1	ACA	T	ATA	I	84
NA|PP755591.1|A/cattle/Texas/24-008749-003/2024(H5N1)	255	A	C	5322	2297	37	370	158	37	0.0649465	5697	4.46856e-108	TRUE	NA:cds-XAJ25418.1	TTA	L	TTC	F	85
NA|PP755591.1|A/cattle/Texas/24-008749-003/2024(H5N1)	330	T	C	2	0	32	5596	2234	37	0.999643	5598	0	TRUE	NA:cds-XAJ25418.1	TCT	S	TCC	S	110
NA|PP755591.1|A/cattle/Texas/24-008749-003/2024(H5N1)	360	A	G	14	8	38	6099	2413	36	0.997547	6114	0	TRUE	NA:cds-XAJ25418.1	CCA	P	CCG	P	120
NA|PP755591.1|A/cattle/Texas/24-008749-003/2024(H5N1)	444	A	C	2	1	36	5935	2517	36	0.999663	5937	0	TRUE	NA:cds-XAJ25418.1	ACA	T	ACC	T	148
NA|PP755591.1|A/cattle/Texas/24-008749-003/2024(H5N1)	696	T	G	0	0	0	6731	3702	36	0.999851	6732	0	TRUE	NA:cds-XAJ25418.1	GCT	A	GCG	A	232
NA|PP755591.1|A/cattle/Texas/24-008749-003/2024(H5N1)	711	C	T	7	5	38	6794	3975	37	0.998677	6803	0	TRUE	NA:cds-XAJ25418.1	TCC	S	TCT	S	237
NA|PP755591.1|A/cattle/Texas/24-008749-003/2024(H5N1)	805	A	T	1	1	27	6542	3786	37	0.999236	6547	0	TRUE	NA:cds-XAJ25418.1	ATG	M	TTG	L	269
NA|PP755591.1|A/cattle/Texas/24-008749-003/2024(H5N1)	897	G	A	3	1	37	5260	2840	36	0.99943	5263	0	TRUE	NA:cds-XAJ25418.1	TCG	S	TCA	S	299
NA|PP755591.1|A/cattle/Texas/24-008749-003/2024(H5N1)	961	A	G	0	0	0	3772	1453	36	0.998412	3778	0	TRUE	NA:cds-XAJ25418.1	ATT	I	GTT	V	321
NA|PP755591.1|A/cattle/Texas/24-008749-003/2024(H5N1)	1015	C	T	6	3	32	5257	2426	37	0.99867	5264	0	TRUE	NA:cds-XAJ25418.1	CCC	P	TCC	S	339
NA|PP755591.1|A/cattle/Texas/24-008749-003/2024(H5N1)	1302	T	C	2	2	36	2693	2061	38	0.998887	2696	0	TRUE	NA:cds-XAJ25418.1	AAT	N	AAC	N	434
