REGION	POS	REF	ALT	REF_DP	REF_RV	REF_QUAL	ALT_DP	ALT_RV	ALT_QUAL	ALT_FREQ	TOTAL_DP	PVAL	PASS	GFF_FEATURE	REF_CODON	REF_AA	ALT_CODON	ALT_AA	POS_AA
NA|PP755583.1|A/cattle/Texas/24-008749-002/2024(H5N1)	15	A	G	46	8	33	1	0	34	0.0212766	47	0.191057	FALSE	NA	NA	NA	NA	NA	NA
NA|PP755583.1|A/cattle/Texas/24-008749-002/2024(H5N1)	212	G	A	0	0	0	630	248	33	1	630	0	TRUE	NA	NA	NA	NA	NA	NA
NA|PP755583.1|A/cattle/Texas/24-008749-002/2024(H5N1)	425	A	G	853	447	33	18	9	32	0.0206659	871	2.64307e-06	TRUE	NA	NA	NA	NA	NA	NA
NA|PP755583.1|A/cattle/Texas/24-008749-002/2024(H5N1)	507	G	A	0	0	0	896	453	33	1	896	0	TRUE	NA	NA	NA	NA	NA	NA
NA|PP755583.1|A/cattle/Texas/24-008749-002/2024(H5N1)	853	G	A	439	249	33	278	125	33	0.387727	717	2.01665e-101	TRUE	NA	NA	NA	NA	NA	NA
NA|PP755583.1|A/cattle/Texas/24-008749-002/2024(H5N1)	1289	G	C	354	228	32	5	5	29	0.0139276	359	0.334388	FALSE	NA	NA	NA	NA	NA	NA
