REGION	POS	REF	ALT	REF_DP	REF_RV	REF_QUAL	ALT_DP	ALT_RV	ALT_QUAL	ALT_FREQ	TOTAL_DP	PVAL	PASS	GFF_FEATURE	REF_CODON	REF_AA	ALT_CODON	ALT_AA	POS_AA
PA|PP755594.1|A/cattle/Texas/24-008749-003/2024(H5N1)	6	A	G	113	18	33	2	0	28	0.0173913	115	0.323725	FALSE	PA:cds-XAJ25422.1	GAA	E	GAG	E	2
PA|PP755594.1|A/cattle/Texas/24-008749-003/2024(H5N1)	6	A	G	113	18	33	2	0	28	0.0173913	115	0.323725	FALSE	PA-X:cds-XAJ25423.1	GAA	E	GAG	E	2
PA|PP755594.1|A/cattle/Texas/24-008749-003/2024(H5N1)	75	G	A	1	0	34	843	248	33	0.998815	844	0	TRUE	PA:cds-XAJ25422.1	GGG	G	GGA	G	25
PA|PP755594.1|A/cattle/Texas/24-008749-003/2024(H5N1)	75	G	A	1	0	34	843	248	33	0.998815	844	0	TRUE	PA-X:cds-XAJ25423.1	GGG	G	GGA	G	25
PA|PP755594.1|A/cattle/Texas/24-008749-003/2024(H5N1)	317	T	A	1663	725	33	34	17	33	0.0200354	1697	6.74629e-10	TRUE	PA:cds-XAJ25422.1	CTC	L	CAC	H	106
PA|PP755594.1|A/cattle/Texas/24-008749-003/2024(H5N1)	317	T	A	1663	725	33	34	17	33	0.0200354	1697	6.74629e-10	TRUE	PA-X:cds-XAJ25423.1	CTC	L	CAC	H	106
PA|PP755594.1|A/cattle/Texas/24-008749-003/2024(H5N1)	569	C	T	1845	654	33	21	14	32	0.011254	1866	3.8577e-06	TRUE	PA:cds-XAJ25422.1	TCC	S	TTC	F	190
PA|PP755594.1|A/cattle/Texas/24-008749-003/2024(H5N1)	569	C	T	1845	654	33	21	14	32	0.011254	1866	3.8577e-06	TRUE	PA-X:cds-XAJ25423.1	TCC	S	TTC	F	190
PA|PP755594.1|A/cattle/Texas/24-008749-003/2024(H5N1)	795	A	G	0	0	0	1921	1110	33	1	1921	0	TRUE	PA:cds-XAJ25422.1	CCA	P	CCG	P	265
PA|PP755594.1|A/cattle/Texas/24-008749-003/2024(H5N1)	882	C	T	2	2	34	1719	872	33	0.998838	1721	0	TRUE	PA:cds-XAJ25422.1	GAC	D	GAT	D	294
PA|PP755594.1|A/cattle/Texas/24-008749-003/2024(H5N1)	912	G	T	2112	828	33	23	4	31	0.0107728	2135	7.18165e-06	TRUE	PA:cds-XAJ25422.1	CTG	L	CTT	L	304
PA|PP755594.1|A/cattle/Texas/24-008749-003/2024(H5N1)	967	G	A	1949	724	33	23	6	33	0.0116633	1972	7.30982e-06	TRUE	PA:cds-XAJ25422.1	GTA	V	ATA	I	323
PA|PP755594.1|A/cattle/Texas/24-008749-003/2024(H5N1)	1143	T	C	1968	1203	33	50	29	33	0.024777	2018	1.61112e-13	TRUE	PA:cds-XAJ25422.1	TTT	F	TTC	F	381
PA|PP755594.1|A/cattle/Texas/24-008749-003/2024(H5N1)	1181	A	G	2037	899	33	21	6	33	0.0102041	2058	2.40661e-05	TRUE	PA:cds-XAJ25422.1	GAC	D	GGC	G	394
PA|PP755594.1|A/cattle/Texas/24-008749-003/2024(H5N1)	1283	T	C	2368	1213	33	32	13	33	0.0133278	2401	1.74901e-08	TRUE	PA:cds-XAJ25422.1	ATA	I	ACA	T	428
PA|PP755594.1|A/cattle/Texas/24-008749-003/2024(H5N1)	1891	G	A	2108	1155	33	24	11	31	0.0112518	2133	3.85035e-06	TRUE	PA:cds-XAJ25422.1	GGC	G	AGC	S	631
