REGION	POS	REF	ALT	REF_DP	REF_RV	REF_QUAL	ALT_DP	ALT_RV	ALT_QUAL	ALT_FREQ	TOTAL_DP	PVAL	PASS	GFF_FEATURE	REF_CODON	REF_AA	ALT_CODON	ALT_AA	POS_AA
PB2|PP755596.1|A/cattle/Texas/24-008749-003/2024(H5N1)	645	A	C	0	0	0	1235	688	38	1	1235	0	TRUE	PB2:cds-XAJ25426.1	ACA	T	ACC	T	215
PB2|PP755596.1|A/cattle/Texas/24-008749-003/2024(H5N1)	746	A	G	0	0	0	1421	489	39	1	1421	0	TRUE	PB2:cds-XAJ25426.1	GAA	E	GGA	G	249
PB2|PP755596.1|A/cattle/Texas/24-008749-003/2024(H5N1)	764	C	T	2	0	31	1420	485	38	0.998594	1422	0	TRUE	PB2:cds-XAJ25426.1	GCA	A	GTA	V	255
PB2|PP755596.1|A/cattle/Texas/24-008749-003/2024(H5N1)	996	A	G	1445	822	37	17	12	37	0.01162	1463	3.82447e-05	TRUE	PB2:cds-XAJ25426.1	AGA	R	AGG	R	332
PB2|PP755596.1|A/cattle/Texas/24-008749-003/2024(H5N1)	1242	T	C	1	1	36	1158	475	37	0.999137	1159	0	TRUE	PB2:cds-XAJ25426.1	GTT	V	GTC	V	414
PB2|PP755596.1|A/cattle/Texas/24-008749-003/2024(H5N1)	1311	C	T	3	1	33	1149	429	37	0.997396	1152	0	TRUE	PB2:cds-XAJ25426.1	CAC	H	CAT	H	437
PB2|PP755596.1|A/cattle/Texas/24-008749-003/2024(H5N1)	2218	G	A	0	0	0	1100	1044	39	1	1100	0	TRUE	PB2:cds-XAJ25426.1	GAC	D	AAC	N	740
PB2|PP755596.1|A/cattle/Texas/24-008749-003/2024(H5N1)	2279	A	C	85	69	32	1	1	22	0.0116279	86	0.571544	FALSE	PB2:cds-XAJ25426.1	TAG	*	TCG	S	760
