REGION	POS	REF	ALT	REF_DP	REF_RV	REF_QUAL	ALT_DP	ALT_RV	ALT_QUAL	ALT_FREQ	TOTAL_DP	PVAL	PASS	GFF_FEATURE	REF_CODON	REF_AA	ALT_CODON	ALT_AA	POS_AA
HA|PP755589.1|A/cattle/Texas/24-008749-003/2024(H5N1)	140	A	T	1231	349	30	13	0	30	0.0104334	1246	0.000762721	TRUE	HA:cds-XAJ25415.1	GAC	D	GTC	V	47
HA|PP755589.1|A/cattle/Texas/24-008749-003/2024(H5N1)	279	T	G	0	0	0	1220	616	29	1	1220	0	TRUE	HA:cds-XAJ25415.1	TCT	S	TCG	S	93
HA|PP755589.1|A/cattle/Texas/24-008749-003/2024(H5N1)	601	G	A	1580	648	30	16	6	29	0.0100188	1597	0.498591	FALSE	HA:cds-XAJ25415.1	GAA	E	AAA	K	201
HA|PP755589.1|A/cattle/Texas/24-008749-003/2024(H5N1)	615	T	A	1471	631	30	16	13	30	0.0107383	1490	0.000131161	TRUE	HA:cds-XAJ25415.1	AAT	N	AAA	K	205
HA|PP755589.1|A/cattle/Texas/24-008749-003/2024(H5N1)	651	G	A	2	0	30	1453	610	30	0.996571	1458	0	TRUE	HA:cds-XAJ25415.1	GGG	G	GGA	G	217
HA|PP755589.1|A/cattle/Texas/24-008749-003/2024(H5N1)	663	A	G	1	0	30	1520	684	29	0.99803	1523	0	TRUE	HA:cds-XAJ25415.1	TTA	L	TTG	L	221
HA|PP755589.1|A/cattle/Texas/24-008749-003/2024(H5N1)	665	A	C	1521	688	29	23	0	30	0.0148675	1547	1.23197e-06	TRUE	HA:cds-XAJ25415.1	AAC	N	ACC	T	222
HA|PP755589.1|A/cattle/Texas/24-008749-003/2024(H5N1)	707	A	C	1390	655	29	16	0	30	0.0113717	1407	0.00013223	TRUE	HA:cds-XAJ25415.1	AAC	N	ACC	T	236
HA|PP755589.1|A/cattle/Texas/24-008749-003/2024(H5N1)	903	A	T	1317	723	29	16	2	30	0.011994	1334	0.000131955	TRUE	HA:cds-XAJ25415.1	ATA	I	ATT	I	301
HA|PP755589.1|A/cattle/Texas/24-008749-003/2024(H5N1)	1176	A	C	3	1	30	2771	740	30	0.996404	2781	0	TRUE	HA:cds-XAJ25415.1	GGA	G	GGC	G	392
HA|PP755589.1|A/cattle/Texas/24-008749-003/2024(H5N1)	1193	A	C	3023	817	30	55	1	30	0.0178571	3080	9.01012e-14	TRUE	HA:cds-XAJ25415.1	AAC	N	ACC	T	398
HA|PP755589.1|A/cattle/Texas/24-008749-003/2024(H5N1)	1272	T	G	2824	1060	29	37	37	30	0.0129055	2867	1.24026e-09	TRUE	HA:cds-XAJ25415.1	AAT	N	AAG	K	424
HA|PP755589.1|A/cattle/Texas/24-008749-003/2024(H5N1)	1456	T	A	3094	1593	30	37	37	30	0.0118098	3133	8.84113e-09	TRUE	HA:cds-XAJ25415.1	TAT	Y	AAT	N	486
HA|PP755589.1|A/cattle/Texas/24-008749-003/2024(H5N1)	1464	A	C	3078	1653	30	34	1	30	0.0109009	3119	5.51933e-08	TRUE	HA:cds-XAJ25415.1	AAA	K	AAC	N	488
HA|PP755589.1|A/cattle/Texas/24-008749-003/2024(H5N1)	1702	T	N	97	84	26	1	1	26	0.0102041	98	0.62682	FALSE	HA:cds-XAJ25415.1	TAG	*	NAG	X	568
