REGION	POS	REF	ALT	REF_DP	REF_RV	REF_QUAL	ALT_DP	ALT_RV	ALT_QUAL	ALT_FREQ	TOTAL_DP	PVAL	PASS	GFF_FEATURE	REF_CODON	REF_AA	ALT_CODON	ALT_AA	POS_AA
PA|PP755594.1|A/cattle/Texas/24-008749-003/2024(H5N1)	186	T	C	1289	645	33	145	69	32	0.101116	1434	1.69762e-55	TRUE	NA	NA	NA	NA	NA	NA
PA|PP755594.1|A/cattle/Texas/24-008749-003/2024(H5N1)	558	T	C	1576	750	33	213	106	32	0.119061	1789	1.20109e-67	TRUE	NA	NA	NA	NA	NA	NA
PA|PP755594.1|A/cattle/Texas/24-008749-003/2024(H5N1)	735	G	A	1749	862	33	18	10	34	0.0101868	1767	3.11331e-05	TRUE	NA	NA	NA	NA	NA	NA
PA|PP755594.1|A/cattle/Texas/24-008749-003/2024(H5N1)	829	C	T	1586	777	33	232	110	31	0.127543	1819	2.63469e-73	TRUE	NA	NA	NA	NA	NA	NA
PA|PP755594.1|A/cattle/Texas/24-008749-003/2024(H5N1)	1490	G	A	4	2	34	2247	1127	33	0.998223	2251	0	TRUE	NA	NA	NA	NA	NA	NA
PA|PP755594.1|A/cattle/Texas/24-008749-003/2024(H5N1)	1617	G	A	921	457	33	1164	573	33	0.558273	2085	0	TRUE	NA	NA	NA	NA	NA	NA
PA|PP755594.1|A/cattle/Texas/24-008749-003/2024(H5N1)	2088	C	T	1664	877	33	25	15	34	0.0148017	1689	3.2347e-07	TRUE	NA	NA	NA	NA	NA	NA
