REGION	POS	REF	ALT	REF_DP	REF_RV	REF_QUAL	ALT_DP	ALT_RV	ALT_QUAL	ALT_FREQ	TOTAL_DP	PVAL	PASS	GFF_FEATURE	REF_CODON	REF_AA	ALT_CODON	ALT_AA	POS_AA
NA|PP755583.1|A/cattle/Texas/24-008749-002/2024(H5N1)	65	T	C	665	145	36	11	2	34	0.0162722	676	0.000101948	True						
NA|PP755583.1|A/cattle/Texas/24-008749-002/2024(H5N1)	97	T	C	903	214	36	15	1	36	0.0163399	918	8.19963e-06	True						
NA|PP755583.1|A/cattle/Texas/24-008749-002/2024(H5N1)	170	A	G	1572	507	36	22	5	37	0.0138018	1594	1.93788e-06	True						
NA|PP755583.1|A/cattle/Texas/24-008749-002/2024(H5N1)	390	A	G	1773	838	36	18	11	35	0.0100503	1791	2.94922e-05	True						
NA|PP755583.1|A/cattle/Texas/24-008749-002/2024(H5N1)	391	A	G	1744	813	36	25	16	36	0.0141323	1769	2.20917e-07	True						
NA|PP755583.1|A/cattle/Texas/24-008749-002/2024(H5N1)	484	C	T	1706	812	36	220	108	34	0.114226	1926	1.41822e-68	True						
NA|PP755583.1|A/cattle/Texas/24-008749-002/2024(H5N1)	496	G	A	1866	835	36	28	15	36	0.0147835	1894	3.85199e-08	True						
NA|PP755583.1|A/cattle/Texas/24-008749-002/2024(H5N1)	509	A	G	1841	801	36	36	18	36	0.0191489	1880	1.05034e-10	True						
NA|PP755583.1|A/cattle/Texas/24-008749-002/2024(H5N1)	571	T	C	1	0	37	1684	759	36	0.998814	1686	0.0	True						
NA|PP755583.1|A/cattle/Texas/24-008749-002/2024(H5N1)	795	A	C	1478	895	35	26	16	37	0.0172872	1504	8.54122e-08	True						
NA|PP755583.1|A/cattle/Texas/24-008749-002/2024(H5N1)	936	T	C	1563	895	36	25	16	37	0.0157233	1590	2.66169e-07	True						
NA|PP755583.1|A/cattle/Texas/24-008749-002/2024(H5N1)	1009	C	T	1605	774	36	43	21	36	0.0260922	1648	9.25782e-13	True						
NA|PP755583.1|A/cattle/Texas/24-008749-002/2024(H5N1)	1132	A	G	1622	840	36	17	10	37	0.0103722	1639	5.74114e-05	True						
NA|PP755583.1|A/cattle/Texas/24-008749-002/2024(H5N1)	1329	A	G	1394	1134	36	34	30	36	0.0238095	1428	3.23556e-10	True						
