REGION	POS	REF	ALT	REF_DP	REF_RV	REF_QUAL	ALT_DP	ALT_RV	ALT_QUAL	ALT_FREQ	TOTAL_DP	PVAL	PASS	GFF_FEATURE	REF_CODON	REF_AA	ALT_CODON	ALT_AA	POS_AA
PB1|PP755595.1|A/cattle/Texas/24-008749-003/2024(H5N1)	28	T	C	30	4	41	1	0	24	0.0322581	31	0.413192	FALSE	PB1:cds-XAJ25424.1	TTG	L	CTG	L	10
PB1|PP755595.1|A/cattle/Texas/24-008749-003/2024(H5N1)	37	C	-CAGCG	33	4	41	2	0	20	0.0188679	106	0.154207	FALSE	NA	NA	NA	NA	NA	NA
PB1|PP755595.1|A/cattle/Texas/24-008749-003/2024(H5N1)	89	A	G	83	9	40	1	0	37	0.0119048	84	0.345679	FALSE	PB1:cds-XAJ25424.1	TAC	Y	TGC	C	30
PB1|PP755595.1|A/cattle/Texas/24-008749-003/2024(H5N1)	99	A	T	92	13	41	1	0	25	0.0107527	93	0.584803	FALSE	PB1:cds-XAJ25424.1	GGA	G	GGT	G	33
PB1|PP755595.1|A/cattle/Texas/24-008749-003/2024(H5N1)	99	A	T	92	13	41	1	0	25	0.0107527	93	0.584803	FALSE	PB1-F2:cds-XAJ25425.1	GAA	E	GTA	V	2
PB1|PP755595.1|A/cattle/Texas/24-008749-003/2024(H5N1)	285	T	G	92	32	39	1	0	25	0.0107527	93	0.725118	FALSE	PB1:cds-XAJ25424.1	CTT	L	CTG	L	95
PB1|PP755595.1|A/cattle/Texas/24-008749-003/2024(H5N1)	285	T	G	92	32	39	1	0	25	0.0107527	93	0.725118	FALSE	PB1-F2:cds-XAJ25425.1	TTG	L	TGG	W	64
PB1|PP755595.1|A/cattle/Texas/24-008749-003/2024(H5N1)	537	A	G	166	66	37	2	0	74	0.0119048	168	0.241987	FALSE	PB1:cds-XAJ25424.1	ATA	I	ATG	M	179
PB1|PP755595.1|A/cattle/Texas/24-008749-003/2024(H5N1)	745	A	G	150	81	38	2	1	37	0.0131579	152	0.238067	FALSE	PB1:cds-XAJ25424.1	AGA	R	GGA	G	249
PB1|PP755595.1|A/cattle/Texas/24-008749-003/2024(H5N1)	1346	T	C	176	58	38	2	1	37	0.011236	178	0.229518	FALSE	PB1:cds-XAJ25424.1	CTC	L	CCC	P	449
PB1|PP755595.1|A/cattle/Texas/24-008749-003/2024(H5N1)	2119	A	G	355	279	40	4	3	33	0.0111421	359	0.0456306	FALSE	PB1:cds-XAJ25424.1	AGG	R	GGG	G	707
PB1|PP755595.1|A/cattle/Texas/24-008749-003/2024(H5N1)	2168	G	A	355	322	41	4	4	26	0.0111421	359	0.548611	FALSE	PB1:cds-XAJ25424.1	CGA	R	CAA	Q	723
