REGION	POS	REF	ALT	REF_DP	REF_RV	REF_QUAL	ALT_DP	ALT_RV	ALT_QUAL	ALT_FREQ	TOTAL_DP	PVAL	PASS	GFF_FEATURE	REF_CODON	REF_AA	ALT_CODON	ALT_AA	POS_AA
NP|PP755592.1|A/cattle/Texas/24-008749-003/2024(H5N1)	41	A	G	380	136	33	4	3	34	0.0104167	384	0.00764135	TRUE	NA	NA	NA	NA	NA	NA
NP|PP755592.1|A/cattle/Texas/24-008749-003/2024(H5N1)	208	G	A	1905	840	33	21	8	33	0.0109034	1926	4.10692e-06	TRUE	NA	NA	NA	NA	NA	NA
NP|PP755592.1|A/cattle/Texas/24-008749-003/2024(H5N1)	486	G	A	1889	1028	33	61	17	31	0.0312821	1950	4.17065e-18	TRUE	NA	NA	NA	NA	NA	NA
NP|PP755592.1|A/cattle/Texas/24-008749-003/2024(H5N1)	549	G	A	1446	587	33	370	115	33	0.203632	1817	1.03073e-123	TRUE	NA	NA	NA	NA	NA	NA
NP|PP755592.1|A/cattle/Texas/24-008749-003/2024(H5N1)	593	A	G	1707	751	32	32	17	34	0.0184014	1739	3.38757e-09	TRUE	NA	NA	NA	NA	NA	NA
NP|PP755592.1|A/cattle/Texas/24-008749-003/2024(H5N1)	724	G	T	1634	907	33	190	85	33	0.104167	1824	2.17588e-59	TRUE	NA	NA	NA	NA	NA	NA
NP|PP755592.1|A/cattle/Texas/24-008749-003/2024(H5N1)	782	G	A	1750	1044	33	229	113	33	0.115715	1979	1.0112e-69	TRUE	NA	NA	NA	NA	NA	NA
NP|PP755592.1|A/cattle/Texas/24-008749-003/2024(H5N1)	942	T	C	1955	931	33	73	38	34	0.0359961	2028	6.67873e-21	TRUE	NA	NA	NA	NA	NA	NA
NP|PP755592.1|A/cattle/Texas/24-008749-003/2024(H5N1)	966	A	G	1839	897	33	22	11	33	0.0118216	1861	2.22953e-06	TRUE	NA	NA	NA	NA	NA	NA
