REGION	POS	REF	ALT	REF_DP	REF_RV	REF_QUAL	ALT_DP	ALT_RV	ALT_QUAL	ALT_FREQ	TOTAL_DP	PVAL	PASS	GFF_FEATURE	REF_CODON	REF_AA	ALT_CODON	ALT_AA	POS_AA
NA|PP755583.1|A/cattle/Texas/24-008749-002/2024(H5N1)	212	G	A	5	2	32	11730	5723	33	0.999574	11735	0	TRUE	NA	NA	NA	NA	NA	NA
NA|PP755583.1|A/cattle/Texas/24-008749-002/2024(H5N1)	1242	A	G	5	3	34	14656	8864	33	0.999523	14663	0	TRUE	NA	NA	NA	NA	NA	NA
NA|PP755583.1|A/cattle/Texas/24-008749-002/2024(H5N1)	1305	A	C	1	1	26	13736	10156	33	0.999854	13738	0	TRUE	NA	NA	NA	NA	NA	NA
NA|PP755583.1|A/cattle/Texas/24-008749-002/2024(H5N1)	1392	A	G	143	120	33	4652	3895	33	0.970177	4795	0	TRUE	NA	NA	NA	NA	NA	NA
NA|PP755583.1|A/cattle/Texas/24-008749-002/2024(H5N1)	1411	-	T	0	0	0	2585	2033	26	1	2585	0	TRUE	NA	NA	NA	NA	NA	NA
NA|PP755583.1|A/cattle/Texas/24-008749-002/2024(H5N1)	1412	-	T	0	0	0	385	320	24	1	385	3.42622e-225	TRUE	NA	NA	NA	NA	NA	NA
