REGION	POS	REF	ALT	REF_DP	REF_RV	REF_QUAL	ALT_DP	ALT_RV	ALT_QUAL	ALT_FREQ	TOTAL_DP	PVAL	PASS	GFF_FEATURE	REF_CODON	REF_AA	ALT_CODON	ALT_AA	POS_AA
PA|PP755594.1|A/cattle/Texas/24-008749-003/2024(H5N1)	59	C	-AATGAAAGAAT	381	110	33	11	0	20	0.0125858	874	0.0130501	FALSE	NA	NA	NA	NA	NA	NA
PA|PP755594.1|A/cattle/Texas/24-008749-003/2024(H5N1)	59	C	-AATG	381	110	33	32	0	20	0.0366133	874	3.30917e-10	TRUE	NA	NA	NA	NA	NA	NA
PA|PP755594.1|A/cattle/Texas/24-008749-003/2024(H5N1)	60	A	-ATGAAAGAAT	325	99	33	11	0	20	0.0130952	840	0.00671425	TRUE	NA	NA	NA	NA	NA	NA
PA|PP755594.1|A/cattle/Texas/24-008749-003/2024(H5N1)	66	A	G	324	105	33	4	2	34	0.0121951	328	0.00681155	TRUE	PA:cds-XAJ25422.1	AAA	K	AAG	K	22
PA|PP755594.1|A/cattle/Texas/24-008749-003/2024(H5N1)	66	A	G	324	105	33	4	2	34	0.0121951	328	0.00681155	TRUE	PA-X:cds-XAJ25423.1	AAA	K	AAG	K	22
PA|PP755594.1|A/cattle/Texas/24-008749-003/2024(H5N1)	275	A	-TAG	311	151	33	4	0	20	0.0126984	315	0.501747	FALSE	NA	NA	NA	NA	NA	NA
PA|PP755594.1|A/cattle/Texas/24-008749-003/2024(H5N1)	348	A	G	0	0	0	269	89	33	1	269	7.98531e-172	TRUE	PA:cds-XAJ25422.1	AGA	R	AGG	R	116
PA|PP755594.1|A/cattle/Texas/24-008749-003/2024(H5N1)	348	A	G	0	0	0	269	89	33	1	269	7.98531e-172	TRUE	PA-X:cds-XAJ25423.1	AGA	R	AGG	R	116
PA|PP755594.1|A/cattle/Texas/24-008749-003/2024(H5N1)	937	A	G	246	71	33	3	0	34	0.0120482	249	0.114984	FALSE	PA:cds-XAJ25422.1	ACA	T	GCA	A	313
PA|PP755594.1|A/cattle/Texas/24-008749-003/2024(H5N1)	981	G	A	264	102	33	4	2	34	0.0149254	268	0.0617997	FALSE	PA:cds-XAJ25422.1	GAG	E	GAA	E	327
PA|PP755594.1|A/cattle/Texas/24-008749-003/2024(H5N1)	1875	C	-A	524	292	33	8	0	20	0.0150376	532	0.290523	FALSE	NA	NA	NA	NA	NA	NA
PA|PP755594.1|A/cattle/Texas/24-008749-003/2024(H5N1)	1949	A	G	731	421	33	9	6	34	0.0121622	740	0.00146315	TRUE	PA:cds-XAJ25422.1	TAT	Y	TGT	C	650
PA|PP755594.1|A/cattle/Texas/24-008749-003/2024(H5N1)	2043	C	-GATCTTG	1118	769	33	13	0	20	0.011324	1148	0.405382	FALSE	NA	NA	NA	NA	NA	NA
PA|PP755594.1|A/cattle/Texas/24-008749-003/2024(H5N1)	2048	T	-TGGGGGGCTATA	1051	724	33	16	0	20	0.0139738	1145	0.169277	FALSE	NA	NA	NA	NA	NA	NA
PA|PP755594.1|A/cattle/Texas/24-008749-003/2024(H5N1)	2052	G	T	1069	751	33	14	11	32	0.0129271	1083	0.000226884	TRUE	PA:cds-XAJ25422.1	GGG	G	GGT	G	684
