REGION	POS	REF	ALT	REF_DP	REF_RV	REF_QUAL	ALT_DP	ALT_RV	ALT_QUAL	ALT_FREQ	TOTAL_DP	PVAL	PASS	GFF_FEATURE	REF_CODON	REF_AA	ALT_CODON	ALT_AA	POS_AA
NA|PP755591.1|A/cattle/Texas/24-008749-003/2024(H5N1)	199	A	G	0	0	0	2218	761	37	0.999549	2219	0	TRUE	NA:cds-XAJ25418.1	ATC	I	GTC	V	67
NA|PP755591.1|A/cattle/Texas/24-008749-003/2024(H5N1)	212	G	A	0	0	0	2436	885	37	1	2436	0	TRUE	NA:cds-XAJ25418.1	AGT	S	AAT	N	71
NA|PP755591.1|A/cattle/Texas/24-008749-003/2024(H5N1)	330	T	C	1	0	36	2371	964	37	0.999578	2372	0	TRUE	NA:cds-XAJ25418.1	TCT	S	TCC	S	110
NA|PP755591.1|A/cattle/Texas/24-008749-003/2024(H5N1)	360	A	G	2	1	39	2561	1033	36	0.99922	2563	0	TRUE	NA:cds-XAJ25418.1	CCA	P	CCG	P	120
NA|PP755591.1|A/cattle/Texas/24-008749-003/2024(H5N1)	444	A	C	0	0	0	2536	1054	36	0.999606	2537	0	TRUE	NA:cds-XAJ25418.1	ACA	T	ACC	T	148
NA|PP755591.1|A/cattle/Texas/24-008749-003/2024(H5N1)	465	T	C	5	1	38	2667	1075	37	0.998129	2672	0	TRUE	NA:cds-XAJ25418.1	TAT	Y	TAC	Y	155
NA|PP755591.1|A/cattle/Texas/24-008749-003/2024(H5N1)	588	T	C	7	5	35	2825	1375	36	0.997176	2833	0	TRUE	NA:cds-XAJ25418.1	TCT	S	TCC	S	196
NA|PP755591.1|A/cattle/Texas/24-008749-003/2024(H5N1)	696	T	G	0	0	0	3171	1815	35	0.99874	3175	0	TRUE	NA:cds-XAJ25418.1	GCT	A	GCG	A	232
NA|PP755591.1|A/cattle/Texas/24-008749-003/2024(H5N1)	711	C	T	5	2	35	3267	1965	37	0.998167	3273	0	TRUE	NA:cds-XAJ25418.1	TCC	S	TCT	S	237
NA|PP755591.1|A/cattle/Texas/24-008749-003/2024(H5N1)	771	G	A	2803	1674	37	349	230	37	0.110688	3153	3.70302e-109	TRUE	NA:cds-XAJ25418.1	AAG	K	AAA	K	257
NA|PP755591.1|A/cattle/Texas/24-008749-003/2024(H5N1)	805	A	T	0	0	0	3085	1836	37	0.999676	3086	0	TRUE	NA:cds-XAJ25418.1	ATG	M	TTG	L	269
NA|PP755591.1|A/cattle/Texas/24-008749-003/2024(H5N1)	897	G	A	0	0	0	2562	1546	36	1	2562	0	TRUE	NA:cds-XAJ25418.1	TCG	S	TCA	S	299
NA|PP755591.1|A/cattle/Texas/24-008749-003/2024(H5N1)	939	A	G	1557	752	37	671	256	37	0.301167	2228	4.72982e-235	TRUE	NA:cds-XAJ25418.1	CAA	Q	CAG	Q	313
NA|PP755591.1|A/cattle/Texas/24-008749-003/2024(H5N1)	961	A	G	0	0	0	1726	680	35	0.998843	1728	0	TRUE	NA:cds-XAJ25418.1	ATT	I	GTT	V	321
NA|PP755591.1|A/cattle/Texas/24-008749-003/2024(H5N1)	1015	C	T	8	4	35	3192	1268	37	0.9975	3200	0	TRUE	NA:cds-XAJ25418.1	CCC	P	TCC	S	339
NA|PP755591.1|A/cattle/Texas/24-008749-003/2024(H5N1)	1302	T	C	0	0	0	1640	1299	37	1	1640	0	TRUE	NA:cds-XAJ25418.1	AAT	N	AAC	N	434
