REGION	POS	REF	ALT	REF_DP	REF_RV	REF_QUAL	ALT_DP	ALT_RV	ALT_QUAL	ALT_FREQ	TOTAL_DP	PVAL	PASS	GFF_FEATURE	REF_CODON	REF_AA	ALT_CODON	ALT_AA	POS_AA
PB1|PP755595.1|A/cattle/Texas/24-008749-003/2024(H5N1)	122	A	G	19	4	36	1	0	37	0.05	20	0.384615	FALSE	NA	NA	NA	NA	NA	NA
PB1|PP755595.1|A/cattle/Texas/24-008749-003/2024(H5N1)	154	A	C	14	1	36	1	0	25	0.0666667	15	0.5	FALSE	NA	NA	NA	NA	NA	NA
PB1|PP755595.1|A/cattle/Texas/24-008749-003/2024(H5N1)	226	G	A	16	6	37	1	0	25	0.0588235	17	0.515152	FALSE	NA	NA	NA	NA	NA	NA
PB1|PP755595.1|A/cattle/Texas/24-008749-003/2024(H5N1)	863	A	G	19	9	37	1	1	37	0.05	20	0.512821	FALSE	NA	NA	NA	NA	NA	NA
PB1|PP755595.1|A/cattle/Texas/24-008749-003/2024(H5N1)	1099	C	T	22	7	36	1	1	37	0.0434783	23	0.511111	FALSE	NA	NA	NA	NA	NA	NA
PB1|PP755595.1|A/cattle/Texas/24-008749-003/2024(H5N1)	1340	T	C	31	18	37	1	1	37	0.03125	32	0.5	FALSE	NA	NA	NA	NA	NA	NA
PB1|PP755595.1|A/cattle/Texas/24-008749-003/2024(H5N1)	1408	T	C	123	28	36	5	2	35	0.0390625	128	0.0288768	FALSE	NA	NA	NA	NA	NA	NA
PB1|PP755595.1|A/cattle/Texas/24-008749-003/2024(H5N1)	1485	T	C	194	37	36	2	0	33	0.0102041	196	0.244342	FALSE	NA	NA	NA	NA	NA	NA
PB1|PP755595.1|A/cattle/Texas/24-008749-003/2024(H5N1)	1615	C	T	192	52	36	4	1	34	0.0204082	196	0.0579007	FALSE	NA	NA	NA	NA	NA	NA
PB1|PP755595.1|A/cattle/Texas/24-008749-003/2024(H5N1)	1985	C	G	254	140	36	4	2	37	0.0155039	258	0.0608213	FALSE	NA	NA	NA	NA	NA	NA
PB1|PP755595.1|A/cattle/Texas/24-008749-003/2024(H5N1)	2075	G	A	223	132	36	3	3	37	0.0132743	226	0.124169	FALSE	NA	NA	NA	NA	NA	NA
PB1|PP755595.1|A/cattle/Texas/24-008749-003/2024(H5N1)	2147	A	G	190	149	35	2	2	25	0.0104167	192	0.492248	FALSE	NA	NA	NA	NA	NA	NA
PB1|PP755595.1|A/cattle/Texas/24-008749-003/2024(H5N1)	2255	A	G	113	98	36	2	1	37	0.0173913	115	0.240453	FALSE	NA	NA	NA	NA	NA	NA
