REGION	POS	REF	ALT	REF_DP	REF_RV	REF_QUAL	ALT_DP	ALT_RV	ALT_QUAL	ALT_FREQ	TOTAL_DP	PVAL	PASS	GFF_FEATURE	REF_CODON	REF_AA	ALT_CODON	ALT_AA	POS_AA
MP|PP755590.1|A/cattle/Texas/24-008749-003/2024(H5N1)	245	G	A	1	1	39	12577	6014	37	0.999841	12579	0	TRUE	M1:cds-XAJ25416.1	AGT	S	AAT	N	82
MP|PP755590.1|A/cattle/Texas/24-008749-003/2024(H5N1)	249	C	T	18	10	37	12991	6218	37	0.998463	13011	0	TRUE	M1:cds-XAJ25416.1	GCC	A	GCT	A	83
MP|PP755590.1|A/cattle/Texas/24-008749-003/2024(H5N1)	254	G	A	3	2	35	12796	6197	38	0.999766	12799	0	TRUE	M1:cds-XAJ25416.1	AGT	S	AAT	N	85
MP|PP755590.1|A/cattle/Texas/24-008749-003/2024(H5N1)	260	C	A	1	0	38	12763	6213	37	0.999452	12770	0	TRUE	M1:cds-XAJ25416.1	ACT	T	AAT	N	87
MP|PP755590.1|A/cattle/Texas/24-008749-003/2024(H5N1)	271	A	T	13000	6336	38	260	150	35	0.0196005	13265	6.20338e-63	TRUE	M1:cds-XAJ25416.1	AAC	N	TAC	Y	91
MP|PP755590.1|A/cattle/Texas/24-008749-003/2024(H5N1)	285	A	G	3	1	38	11440	5767	37	0.999476	11446	0	TRUE	M1:cds-XAJ25416.1	AGA	R	AGG	R	95
MP|PP755590.1|A/cattle/Texas/24-008749-003/2024(H5N1)	307	C	T	3	3	38	13229	6798	37	0.999773	13232	0	TRUE	M1:cds-XAJ25416.1	CTG	L	TTG	L	103
MP|PP755590.1|A/cattle/Texas/24-008749-003/2024(H5N1)	382	A	T	13738	6250	37	753	372	38	0.0519096	14506	2.0468e-211	TRUE	M1:cds-XAJ25416.1	ATG	M	TTG	L	128
MP|PP755590.1|A/cattle/Texas/24-008749-003/2024(H5N1)	456	A	G	3	2	34	14089	6805	38	0.999716	14093	0	TRUE	M1:cds-XAJ25416.1	GAA	E	GAG	E	152
MP|PP755590.1|A/cattle/Texas/24-008749-003/2024(H5N1)	516	G	A	7	2	38	13882	6363	38	0.999496	13889	0	TRUE	M1:cds-XAJ25416.1	CTG	L	CTA	L	172
MP|PP755590.1|A/cattle/Texas/24-008749-003/2024(H5N1)	540	T	G	4	1	36	12713	5555	37	0.99945	12720	0	TRUE	M1:cds-XAJ25416.1	GTT	V	GTG	V	180
MP|PP755590.1|A/cattle/Texas/24-008749-003/2024(H5N1)	679	A	G	10	6	34	13330	6509	37	0.998876	13345	0	TRUE	M1:cds-XAJ25416.1	ACC	T	GCC	A	227
MP|PP755590.1|A/cattle/Texas/24-008749-003/2024(H5N1)	890	G	T	7993	5491	38	174	112	37	0.0212974	8170	2.14209e-43	TRUE	M2:cds-XAJ25417.1	GTA	V	TTA	L	59
MP|PP755590.1|A/cattle/Texas/24-008749-003/2024(H5N1)	950	A	G	2	1	36	2404	1647	36	0.999169	2406	0	TRUE	M2:cds-XAJ25417.1	AAT	N	GAT	D	79
