REGION	POS	REF	ALT	REF_DP	REF_RV	REF_QUAL	ALT_DP	ALT_RV	ALT_QUAL	ALT_FREQ	TOTAL_DP	PVAL	PASS	GFF_FEATURE	REF_CODON	REF_AA	ALT_CODON	ALT_AA	POS_AA
NS|PP755593.1|A/cattle/Texas/24-008749-003/2024(H5N1)	20	T	C	1	0	37	3044	580	37	0.999672	3045	0	TRUE	NEP:cds-XAJ25421.1	TTA	L	TCA	S	7
NS|PP755593.1|A/cattle/Texas/24-008749-003/2024(H5N1)	20	T	C	1	0	37	3044	580	37	0.999672	3045	0	TRUE	NS1:cds-XAJ25420.1	TTA	L	TCA	S	7
NS|PP755593.1|A/cattle/Texas/24-008749-003/2024(H5N1)	183	G	A	2	0	34	11185	4432	37	0.999732	11188	0	TRUE	NS1:cds-XAJ25420.1	GGG	G	GGA	G	61
NS|PP755593.1|A/cattle/Texas/24-008749-003/2024(H5N1)	222	T	C	3	1	37	12157	5108	35	0.999753	12160	0	TRUE	NS1:cds-XAJ25420.1	GAT	D	GAC	D	74
NS|PP755593.1|A/cattle/Texas/24-008749-003/2024(H5N1)	257	C	T	8991	4607	37	405	204	37	0.0430943	9398	2.06039e-113	TRUE	NS1:cds-XAJ25420.1	GCT	A	GTT	V	86
NS|PP755593.1|A/cattle/Texas/24-008749-003/2024(H5N1)	319	C	T	9441	4828	37	510	259	37	0.0512357	9954	4.41011e-146	TRUE	NS1:cds-XAJ25420.1	CCC	P	TCC	S	107
NS|PP755593.1|A/cattle/Texas/24-008749-003/2024(H5N1)	346	A	T	1	1	37	9233	4781	37	0.999567	9237	0	TRUE	NS1:cds-XAJ25420.1	AGT	S	TGT	C	116
NS|PP755593.1|A/cattle/Texas/24-008749-003/2024(H5N1)	415	A	G	4	2	37	9508	4593	37	0.999579	9512	0	TRUE	NS1:cds-XAJ25420.1	AAT	N	GAT	D	139
NS|PP755593.1|A/cattle/Texas/24-008749-003/2024(H5N1)	668	A	C	3	1	34	9888	6122	37	0.999293	9895	0	TRUE	NEP:cds-XAJ25421.1	AGA	R	CGA	R	56
NS|PP755593.1|A/cattle/Texas/24-008749-003/2024(H5N1)	668	A	C	3	1	34	9888	6122	37	0.999293	9895	0	TRUE	NS1:cds-XAJ25420.1	GAG	E	GCG	A	223
NS|PP755593.1|A/cattle/Texas/24-008749-003/2024(H5N1)	672	G	A	6	4	37	9980	6256	37	0.999199	9988	0	TRUE	NEP:cds-XAJ25421.1	GGA	G	GAA	E	57
NS|PP755593.1|A/cattle/Texas/24-008749-003/2024(H5N1)	672	G	A	6	4	37	9980	6256	37	0.999199	9988	0	TRUE	NS1:cds-XAJ25420.1	AGG	R	AGA	R	224
