REGION	POS	REF	ALT	REF_DP	REF_RV	REF_QUAL	ALT_DP	ALT_RV	ALT_QUAL	ALT_FREQ	TOTAL_DP	PVAL	PASS	GFF_FEATURE	REF_CODON	REF_AA	ALT_CODON	ALT_AA	POS_AA
PB2|PP755588.1|A/cattle/Texas/24-008749-002/2024(H5N1)	537	G	A	0	0	0	353	141	32	1	353	2.70102e-223	TRUE	NA	NA	NA	NA	NA	NA
PB2|PP755588.1|A/cattle/Texas/24-008749-002/2024(H5N1)	543	A	C	376	185	33	4	2	34	0.0105263	380	0.057632	FALSE	NA	NA	NA	NA	NA	NA
PB2|PP755588.1|A/cattle/Texas/24-008749-002/2024(H5N1)	801	A	G	0	0	0	486	219	33	1	486	1.71444e-296	TRUE	NA	NA	NA	NA	NA	NA
PB2|PP755588.1|A/cattle/Texas/24-008749-002/2024(H5N1)	1085	G	C	318	71	32	4	4	28	0.0124224	322	0.397595	FALSE	NA	NA	NA	NA	NA	NA
PB2|PP755588.1|A/cattle/Texas/24-008749-002/2024(H5N1)	1242	T	C	0	0	0	435	179	33	1	435	5.67118e-267	TRUE	NA	NA	NA	NA	NA	NA
PB2|PP755588.1|A/cattle/Texas/24-008749-002/2024(H5N1)	1437	A	G	0	0	0	447	258	33	1	447	8.91861e-286	TRUE	NA	NA	NA	NA	NA	NA
PB2|PP755588.1|A/cattle/Texas/24-008749-002/2024(H5N1)	1513	C	T	503	220	33	6	3	34	0.0117878	509	0.0150363	FALSE	NA	NA	NA	NA	NA	NA
