REGION	POS	REF	ALT	REF_DP	REF_RV	REF_QUAL	ALT_DP	ALT_RV	ALT_QUAL	ALT_FREQ	TOTAL_DP	PVAL	PASS	GFF_FEATURE	REF_CODON	REF_AA	ALT_CODON	ALT_AA	POS_AA
MP|PP755590.1|A/cattle/Texas/24-008749-003/2024(H5N1)	245	G	A	0	0	0	3720	1833	59	1	3720	0	TRUE	M1:cds-XAJ25416.1	AGT	S	AAT	N	82
MP|PP755590.1|A/cattle/Texas/24-008749-003/2024(H5N1)	249	C	T	2	0	67	3753	1845	59	0.999467	3755	0	TRUE	M1:cds-XAJ25416.1	GCC	A	GCT	A	83
MP|PP755590.1|A/cattle/Texas/24-008749-003/2024(H5N1)	254	G	A	0	0	0	3766	1861	59	1	3766	0	TRUE	M1:cds-XAJ25416.1	AGT	S	AAT	N	85
MP|PP755590.1|A/cattle/Texas/24-008749-003/2024(H5N1)	260	C	A	0	0	0	3713	1927	58	0.999731	3714	0	TRUE	M1:cds-XAJ25416.1	ACT	T	AAT	N	87
MP|PP755590.1|A/cattle/Texas/24-008749-003/2024(H5N1)	271	A	T	3772	1900	58	64	43	50	0.0166623	3841	3.49408e-27	TRUE	M1:cds-XAJ25416.1	AAC	N	TAC	Y	91
MP|PP755590.1|A/cattle/Texas/24-008749-003/2024(H5N1)	285	A	G	7	3	59	3718	1861	55	0.998121	3725	0	TRUE	M1:cds-XAJ25416.1	AGA	R	AGG	R	95
MP|PP755590.1|A/cattle/Texas/24-008749-003/2024(H5N1)	307	C	T	1	1	39	4002	2026	56	0.99975	4003	0	TRUE	M1:cds-XAJ25416.1	CTG	L	TTG	L	103
MP|PP755590.1|A/cattle/Texas/24-008749-003/2024(H5N1)	382	A	T	4079	2076	56	94	44	43	0.0225258	4173	8.33263e-39	TRUE	M1:cds-XAJ25416.1	ATG	M	TTG	L	128
MP|PP755590.1|A/cattle/Texas/24-008749-003/2024(H5N1)	417	C	T	4129	1908	55	48	21	54	0.0114915	4177	5.3131e-20	TRUE	M1:cds-XAJ25416.1	ACC	T	ACT	T	139
MP|PP755590.1|A/cattle/Texas/24-008749-003/2024(H5N1)	456	A	G	0	0	0	4120	1885	58	1	4120	0	TRUE	M1:cds-XAJ25416.1	GAA	E	GAG	E	152
MP|PP755590.1|A/cattle/Texas/24-008749-003/2024(H5N1)	516	G	A	2	0	38	4317	1943	57	0.999537	4319	0	TRUE	M1:cds-XAJ25416.1	CTG	L	CTA	L	172
MP|PP755590.1|A/cattle/Texas/24-008749-003/2024(H5N1)	540	T	G	1	1	39	4245	1963	54	0.999764	4246	0	TRUE	M1:cds-XAJ25416.1	GTT	V	GTG	V	180
MP|PP755590.1|A/cattle/Texas/24-008749-003/2024(H5N1)	603	A	G	1	0	39	4273	1944	55	0.999766	4274	0	TRUE	M1:cds-XAJ25416.1	GAA	E	GAG	E	201
MP|PP755590.1|A/cattle/Texas/24-008749-003/2024(H5N1)	750	A	G	10	8	58	4070	2522	59	0.997305	4081	0	TRUE	M2:cds-XAJ25417.1	GAT	D	GGT	G	12
MP|PP755590.1|A/cattle/Texas/24-008749-003/2024(H5N1)	750	A	G	10	8	58	4070	2522	59	0.997305	4081	0	TRUE	M1:cds-XAJ25416.1	CGA	R	CGG	R	250
MP|PP755590.1|A/cattle/Texas/24-008749-003/2024(H5N1)	950	A	G	0	0	0	1140	903	50	1	1140	0	TRUE	M2:cds-XAJ25417.1	AAT	N	GAT	D	79
