REGION	POS	REF	ALT	REF_DP	REF_RV	REF_QUAL	ALT_DP	ALT_RV	ALT_QUAL	ALT_FREQ	TOTAL_DP	PVAL	PASS	GFF_FEATURE	REF_CODON	REF_AA	ALT_CODON	ALT_AA	POS_AA
PA|PP755594.1|A/cattle/Texas/24-008749-003/2024(H5N1)	10	T	C	63	7	33	2	1	34	0.0307692	65	0.0255509	FALSE	PA:cds-XAJ25422.1	TTT	F	CTT	L	4
PA|PP755594.1|A/cattle/Texas/24-008749-003/2024(H5N1)	10	T	C	63	7	33	2	1	34	0.0307692	65	0.0255509	FALSE	PA-X:cds-XAJ25423.1	TTT	F	CTT	L	4
PA|PP755594.1|A/cattle/Texas/24-008749-003/2024(H5N1)	56	A	-AGCAATGAAAGAAT	193	57	32	5	0	20	0.0107759	464	0.0967631	FALSE	NA	NA	NA	NA	NA	NA
PA|PP755594.1|A/cattle/Texas/24-008749-003/2024(H5N1)	59	C	-AATGAAAGAAT	198	54	33	5	0	20	0.0105042	476	0.0966351	FALSE	NA	NA	NA	NA	NA	NA
PA|PP755594.1|A/cattle/Texas/24-008749-003/2024(H5N1)	59	C	-AATG	198	54	33	12	0	20	0.0252101	476	0.000283084	TRUE	NA	NA	NA	NA	NA	NA
PA|PP755594.1|A/cattle/Texas/24-008749-003/2024(H5N1)	275	A	-TAG	187	93	33	2	0	20	0.0104167	192	0.496042	FALSE	NA	NA	NA	NA	NA	NA
PA|PP755594.1|A/cattle/Texas/24-008749-003/2024(H5N1)	299	T	C	183	65	33	4	2	34	0.0213904	187	0.0576884	FALSE	PA:cds-XAJ25422.1	GTC	V	GCC	A	100
PA|PP755594.1|A/cattle/Texas/24-008749-003/2024(H5N1)	299	T	C	183	65	33	4	2	34	0.0213904	187	0.0576884	FALSE	PA-X:cds-XAJ25423.1	GTC	V	GCC	A	100
PA|PP755594.1|A/cattle/Texas/24-008749-003/2024(H5N1)	511	A	G	191	103	33	2	1	34	0.0103627	193	0.246783	FALSE	PA:cds-XAJ25422.1	ATA	I	GTA	V	171
PA|PP755594.1|A/cattle/Texas/24-008749-003/2024(H5N1)	511	A	G	191	103	33	2	1	34	0.0103627	193	0.246783	FALSE	PA-X:cds-XAJ25423.1	ATA	I	GTA	V	171
PA|PP755594.1|A/cattle/Texas/24-008749-003/2024(H5N1)	2043	C	-G	679	440	33	19	0	20	0.0269886	704	0.0131252	FALSE	NA	NA	NA	NA	NA	NA
PA|PP755594.1|A/cattle/Texas/24-008749-003/2024(H5N1)	2048	T	-TGGGGGGCTATA	671	436	33	8	0	20	0.0113475	705	0.471478	FALSE	NA	NA	NA	NA	NA	NA
PA|PP755594.1|A/cattle/Texas/24-008749-003/2024(H5N1)	2049	T	-G	644	440	33	11	0	20	0.0154278	713	0.186664	FALSE	NA	NA	NA	NA	NA	NA
