REGION	POS	REF	ALT	REF_DP	REF_RV	REF_QUAL	ALT_DP	ALT_RV	ALT_QUAL	ALT_FREQ	TOTAL_DP	PVAL	PASS	GFF_FEATURE	REF_CODON	REF_AA	ALT_CODON	ALT_AA	POS_AA
MP|PP755590.1|A/cattle/Texas/24-008749-003/2024(H5N1)	245	G	A	3	1	38	4473	2197	37	0.99933	4476	0	TRUE	M1:cds-XAJ25416.1	AGT	S	AAT	N	82
MP|PP755590.1|A/cattle/Texas/24-008749-003/2024(H5N1)	249	C	T	3	1	38	4580	2204	37	0.999345	4583	0	TRUE	M1:cds-XAJ25416.1	GCC	A	GCT	A	83
MP|PP755590.1|A/cattle/Texas/24-008749-003/2024(H5N1)	254	G	A	0	0	0	4564	2223	37	1	4564	0	TRUE	M1:cds-XAJ25416.1	AGT	S	AAT	N	85
MP|PP755590.1|A/cattle/Texas/24-008749-003/2024(H5N1)	260	C	A	0	0	0	4522	2236	37	0.999558	4524	0	TRUE	M1:cds-XAJ25416.1	ACT	T	AAT	N	87
MP|PP755590.1|A/cattle/Texas/24-008749-003/2024(H5N1)	271	A	T	4606	2239	37	81	42	35	0.0172782	4688	7.25363e-21	TRUE	M1:cds-XAJ25416.1	AAC	N	TAC	Y	91
MP|PP755590.1|A/cattle/Texas/24-008749-003/2024(H5N1)	285	A	G	1	1	34	3937	1966	37	0.999746	3938	0	TRUE	M1:cds-XAJ25416.1	AGA	R	AGG	R	95
MP|PP755590.1|A/cattle/Texas/24-008749-003/2024(H5N1)	307	C	T	1	0	33	4526	2311	37	0.999558	4528	0	TRUE	M1:cds-XAJ25416.1	CTG	L	TTG	L	103
MP|PP755590.1|A/cattle/Texas/24-008749-003/2024(H5N1)	382	A	T	4527	2118	37	340	172	38	0.0698582	4867	3.54445e-100	TRUE	M1:cds-XAJ25416.1	ATG	M	TTG	L	128
MP|PP755590.1|A/cattle/Texas/24-008749-003/2024(H5N1)	456	A	G	1	0	33	4874	2411	37	0.999795	4875	0	TRUE	M1:cds-XAJ25416.1	GAA	E	GAG	E	152
MP|PP755590.1|A/cattle/Texas/24-008749-003/2024(H5N1)	516	G	A	3	3	38	4803	2221	38	0.999376	4806	0	TRUE	M1:cds-XAJ25416.1	CTG	L	CTA	L	172
MP|PP755590.1|A/cattle/Texas/24-008749-003/2024(H5N1)	540	T	G	0	0	0	4225	1866	36	0.999527	4227	0	TRUE	M1:cds-XAJ25416.1	GTT	V	GTG	V	180
MP|PP755590.1|A/cattle/Texas/24-008749-003/2024(H5N1)	679	A	G	0	0	0	4203	2173	36	1	4203	0	TRUE	M1:cds-XAJ25416.1	ACC	T	GCC	A	227
MP|PP755590.1|A/cattle/Texas/24-008749-003/2024(H5N1)	790	G	A	1661	986	37	2257	1438	37	0.576059	3918	0	TRUE	M2:cds-XAJ25417.1	GGG	G	GGA	G	26
MP|PP755590.1|A/cattle/Texas/24-008749-003/2024(H5N1)	950	A	G	0	0	0	722	464	36	1	722	0	TRUE	M2:cds-XAJ25417.1	AAT	N	GAT	D	79
