REGION	POS	REF	ALT	REF_DP	REF_RV	REF_QUAL	ALT_DP	ALT_RV	ALT_QUAL	ALT_FREQ	TOTAL_DP	PVAL	PASS	GFF_FEATURE	REF_CODON	REF_AA	ALT_CODON	ALT_AA	POS_AA
HA|PP755589.1|A/cattle/Texas/24-008749-003/2024(H5N1)	279	T	G	2	1	37	808	431	36	0.997531	810	0	TRUE	HA:cds-XAJ25415.1	TCT	S	TCG	S	93
HA|PP755589.1|A/cattle/Texas/24-008749-003/2024(H5N1)	651	G	A	1	0	37	539	248	36	0.998148	540	0	TRUE	HA:cds-XAJ25415.1	GGG	G	GGA	G	217
HA|PP755589.1|A/cattle/Texas/24-008749-003/2024(H5N1)	663	A	G	0	0	0	558	275	36	1	558	0	TRUE	HA:cds-XAJ25415.1	TTA	L	TTG	L	221
HA|PP755589.1|A/cattle/Texas/24-008749-003/2024(H5N1)	1052	T	A	683	414	35	11	3	37	0.0158501	694	0.000283086	TRUE	HA:cds-XAJ25415.1	ATA	I	AAA	K	351
HA|PP755589.1|A/cattle/Texas/24-008749-003/2024(H5N1)	1176	A	C	0	0	0	1522	515	35	0.999343	1523	0	TRUE	HA:cds-XAJ25415.1	GGA	G	GGC	G	392
HA|PP755589.1|A/cattle/Texas/24-008749-003/2024(H5N1)	1414	A	G	1854	966	36	114	68	35	0.0579268	1968	2.78845e-33	TRUE	HA:cds-XAJ25415.1	AGG	R	GGG	G	472
HA|PP755589.1|A/cattle/Texas/24-008749-003/2024(H5N1)	1512	C	T	3	2	37	2040	961	36	0.998532	2043	0	TRUE	HA:cds-XAJ25415.1	TAC	Y	TAT	Y	504
