REGION	POS	REF	ALT	REF_DP	REF_RV	REF_QUAL	ALT_DP	ALT_RV	ALT_QUAL	ALT_FREQ	TOTAL_DP	PVAL	PASS	GFF_FEATURE	REF_CODON	REF_AA	ALT_CODON	ALT_AA	POS_AA
MP|PP755590.1|A/cattle/Texas/24-008749-003/2024(H5N1)	245	G	A	2	1	36	5305	2716	57	0.999623	5307	0	TRUE	M1:cds-XAJ25416.1	AGT	S	AAT	N	82
MP|PP755590.1|A/cattle/Texas/24-008749-003/2024(H5N1)	249	C	T	2	1	40	5342	2773	58	0.999626	5344	0	TRUE	M1:cds-XAJ25416.1	GCC	A	GCT	A	83
MP|PP755590.1|A/cattle/Texas/24-008749-003/2024(H5N1)	254	G	A	2	0	55	5301	2722	58	0.999623	5303	0	TRUE	M1:cds-XAJ25416.1	AGT	S	AAT	N	85
MP|PP755590.1|A/cattle/Texas/24-008749-003/2024(H5N1)	260	C	A	0	0	0	5226	2764	58	0.999426	5229	0	TRUE	M1:cds-XAJ25416.1	ACT	T	AAT	N	87
MP|PP755590.1|A/cattle/Texas/24-008749-003/2024(H5N1)	271	A	T	5303	2549	58	286	200	51	0.0511536	5591	2.51212e-120	TRUE	M1:cds-XAJ25416.1	AAC	N	TAC	Y	91
MP|PP755590.1|A/cattle/Texas/24-008749-003/2024(H5N1)	285	A	G	2	1	58	5148	2489	55	0.999612	5150	0	TRUE	M1:cds-XAJ25416.1	AGA	R	AGG	R	95
MP|PP755590.1|A/cattle/Texas/24-008749-003/2024(H5N1)	307	C	T	3	1	38	6743	3066	55	0.999407	6747	0	TRUE	M1:cds-XAJ25416.1	CTG	L	TTG	L	103
MP|PP755590.1|A/cattle/Texas/24-008749-003/2024(H5N1)	382	A	T	6283	2857	56	579	273	44	0.0842917	6869	4.8476e-236	TRUE	M1:cds-XAJ25416.1	ATG	M	TTG	L	128
MP|PP755590.1|A/cattle/Texas/24-008749-003/2024(H5N1)	416	C	G	6885	2968	54	144	49	48	0.0204836	7030	2.4539e-56	TRUE	M1:cds-XAJ25416.1	ACC	T	AGC	S	139
MP|PP755590.1|A/cattle/Texas/24-008749-003/2024(H5N1)	456	A	G	3	2	33	6330	2712	56	0.999368	6334	0	TRUE	M1:cds-XAJ25416.1	GAA	E	GAG	E	152
MP|PP755590.1|A/cattle/Texas/24-008749-003/2024(H5N1)	516	G	A	1	1	40	6798	2825	55	0.999706	6800	0	TRUE	M1:cds-XAJ25416.1	CTG	L	CTA	L	172
MP|PP755590.1|A/cattle/Texas/24-008749-003/2024(H5N1)	540	T	G	1	1	27	6519	2873	51	0.99908	6525	0	TRUE	M1:cds-XAJ25416.1	GTT	V	GTG	V	180
MP|PP755590.1|A/cattle/Texas/24-008749-003/2024(H5N1)	553	A	C	6607	3074	53	231	108	37	0.0337621	6842	6.65682e-78	TRUE	M1:cds-XAJ25416.1	ACA	T	CCA	P	185
MP|PP755590.1|A/cattle/Texas/24-008749-003/2024(H5N1)	679	A	G	3	0	74	5456	2621	53	0.998902	5462	0	TRUE	M1:cds-XAJ25416.1	ACC	T	GCC	A	227
MP|PP755590.1|A/cattle/Texas/24-008749-003/2024(H5N1)	893	C	A	3612	2606	53	58	37	39	0.0157909	3673	5.47931e-18	TRUE	M2:cds-XAJ25417.1	CCT	P	ACT	T	60
MP|PP755590.1|A/cattle/Texas/24-008749-003/2024(H5N1)	950	A	G	0	0	0	1654	1214	48	0.999396	1655	0	TRUE	M2:cds-XAJ25417.1	AAT	N	GAT	D	79
