REGION	POS	REF	ALT	REF_DP	REF_RV	REF_QUAL	ALT_DP	ALT_RV	ALT_QUAL	ALT_FREQ	TOTAL_DP	PVAL	PASS	GFF_FEATURE	REF_CODON	REF_AA	ALT_CODON	ALT_AA	POS_AA
NA|PP755591.1|A/cattle/Texas/24-008749-003/2024(H5N1)	186	A	G	9322	3813	42	388	168	39	0.0399588	9710	1.85745e-123	TRUE	NA:cds-XAJ25418.1	GTA	V	GTG	V	62
NA|PP755591.1|A/cattle/Texas/24-008749-003/2024(H5N1)	390	A	G	9686	4781	38	394	229	37	0.0390834	10081	1.00648e-117	TRUE	NA:cds-XAJ25418.1	AGA	R	AGG	R	130
NA|PP755591.1|A/cattle/Texas/24-008749-003/2024(H5N1)	927	T	C	9114	4911	38	352	153	37	0.03717	9470	6.29478e-108	TRUE	NA:cds-XAJ25418.1	AAT	N	AAC	N	309
NA|PP755591.1|A/cattle/Texas/24-008749-003/2024(H5N1)	1101	C	T	10653	5313	38	458	283	36	0.041213	11113	3.70539e-136	TRUE	NA:cds-XAJ25418.1	TCC	S	TCT	S	367
NA|PP755591.1|A/cattle/Texas/24-008749-003/2024(H5N1)	1289	G	C	5396	3275	40	80	80	28	0.0146092	5476	0.00525132	TRUE	NA:cds-XAJ25418.1	AGG	R	ACG	T	430
