REGION	POS	REF	ALT	REF_DP	REF_RV	REF_QUAL	ALT_DP	ALT_RV	ALT_QUAL	ALT_FREQ	TOTAL_DP	PVAL	PASS	GFF_FEATURE	REF_CODON	REF_AA	ALT_CODON	ALT_AA	POS_AA
PB2|PP755596.1|A/cattle/Texas/24-008749-003/2024(H5N1)	7	A	G	136	42	33	2	1	34	0.0144928	138	0.0341077	FALSE	PB2:cds-XAJ25426.1	AGA	R	GGA	G	3
PB2|PP755596.1|A/cattle/Texas/24-008749-003/2024(H5N1)	764	C	T	0	0	0	1615	757	33	1	1615	0	TRUE	PB2:cds-XAJ25426.1	GCA	A	GTA	V	255
PB2|PP755596.1|A/cattle/Texas/24-008749-003/2024(H5N1)	801	A	G	1500	667	33	278	133	32	0.156355	1778	3.24096e-88	TRUE	PB2:cds-XAJ25426.1	GTA	V	GTG	V	267
PB2|PP755596.1|A/cattle/Texas/24-008749-003/2024(H5N1)	1242	T	C	0	0	0	1593	667	33	1	1593	0	TRUE	PB2:cds-XAJ25426.1	GTT	V	GTC	V	414
PB2|PP755596.1|A/cattle/Texas/24-008749-003/2024(H5N1)	1827	A	G	1881	879	33	190	96	33	0.0917431	2071	2.15721e-57	TRUE	PB2:cds-XAJ25426.1	ACA	T	ACG	T	609
PB2|PP755596.1|A/cattle/Texas/24-008749-003/2024(H5N1)	2260	A	G	2064	1568	33	45	36	33	0.0213371	2109	2.45737e-12	TRUE	PB2:cds-XAJ25426.1	ATT	I	GTT	V	754
