REGION	POS	REF	ALT	REF_DP	REF_RV	REF_QUAL	ALT_DP	ALT_RV	ALT_QUAL	ALT_FREQ	TOTAL_DP	PVAL	PASS	GFF_FEATURE	REF_CODON	REF_AA	ALT_CODON	ALT_AA	POS_AA
NS|PP755585.1|A/cattle/Texas/24-008749-002/2024(H5N1)	62	G	A	10	6	34	32504	6977	33	0.9996	32517	0	TRUE	NA	NA	NA	NA	NA	NA
NS|PP755585.1|A/cattle/Texas/24-008749-002/2024(H5N1)	222	T	C	28	18	34	72445	36475	33	0.999572	72476	0	TRUE	NA	NA	NA	NA	NA	NA
NS|PP755585.1|A/cattle/Texas/24-008749-002/2024(H5N1)	240	T	C	21	16	33	71856	40395	33	0.99968	71879	0	TRUE	NA	NA	NA	NA	NA	NA
NS|PP755585.1|A/cattle/Texas/24-008749-002/2024(H5N1)	441	C	T	23	14	34	76413	34089	33	0.999542	76448	0	TRUE	NA	NA	NA	NA	NA	NA
NS|PP755585.1|A/cattle/Texas/24-008749-002/2024(H5N1)	489	G	A	10	5	34	75473	38857	33	0.999748	75492	0	TRUE	NA	NA	NA	NA	NA	NA
