REGION	POS	REF	ALT	REF_DP	REF_RV	REF_QUAL	ALT_DP	ALT_RV	ALT_QUAL	ALT_FREQ	TOTAL_DP	PVAL	PASS	GFF_FEATURE	REF_CODON	REF_AA	ALT_CODON	ALT_AA	POS_AA
MP|PP755590.1|A/cattle/Texas/24-008749-003/2024(H5N1)	12	A	G	1633	71	38	354	24	39	0.178158	1987	5.18038e-194	TRUE	M2:cds-XAJ25417.1	CTA	L	CTG	L	4
MP|PP755590.1|A/cattle/Texas/24-008749-003/2024(H5N1)	12	A	G	1633	71	38	354	24	39	0.178158	1987	5.18038e-194	TRUE	M1:cds-XAJ25416.1	CTA	L	CTG	L	4
MP|PP755590.1|A/cattle/Texas/24-008749-003/2024(H5N1)	42	C	T	2935	160	38	34	0	37	0.011444	2971	4.32361e-12	TRUE	M1:cds-XAJ25416.1	ATC	I	ATT	I	14
MP|PP755590.1|A/cattle/Texas/24-008749-003/2024(H5N1)	216	A	G	4	2	34	5993	1988	38	0.998334	6003	0	TRUE	M1:cds-XAJ25416.1	CGA	R	CGG	R	72
MP|PP755590.1|A/cattle/Texas/24-008749-003/2024(H5N1)	267	C	T	6491	3012	40	1251	592	40	0.161565	7743	0	TRUE	M1:cds-XAJ25416.1	GAC	D	GAT	D	89
MP|PP755590.1|A/cattle/Texas/24-008749-003/2024(H5N1)	441	G	A	9299	5003	39	105	39	37	0.0111643	9405	1.96459e-23	TRUE	M1:cds-XAJ25416.1	GTG	V	GTA	V	147
MP|PP755590.1|A/cattle/Texas/24-008749-003/2024(H5N1)	549	T	C	9471	5134	39	204	106	40	0.0210744	9680	2.20444e-66	TRUE	M1:cds-XAJ25416.1	AGT	S	AGC	S	183
MP|PP755590.1|A/cattle/Texas/24-008749-003/2024(H5N1)	564	T	C	2	2	31	8807	4008	39	0.999659	8810	0	TRUE	M1:cds-XAJ25416.1	GCT	A	GCC	A	188
MP|PP755590.1|A/cattle/Texas/24-008749-003/2024(H5N1)	639	G	A	2	0	37	8073	3597	38	0.999752	8075	0	TRUE	M1:cds-XAJ25416.1	GTG	V	GTA	V	213
MP|PP755590.1|A/cattle/Texas/24-008749-003/2024(H5N1)	771	T	C	3	2	37	6262	3870	40	0.999521	6265	0	TRUE	M2:cds-XAJ25417.1	ATT	I	ACT	T	19
MP|PP755590.1|A/cattle/Texas/24-008749-003/2024(H5N1)	781	T	C	6373	4329	41	104	68	41	0.0160568	6477	1.40403e-36	TRUE	M2:cds-XAJ25417.1	AGT	S	AGC	S	23
MP|PP755590.1|A/cattle/Texas/24-008749-003/2024(H5N1)	797	C	T	7286	5693	41	93	78	40	0.0126033	7379	3.90351e-32	TRUE	M2:cds-XAJ25417.1	CAC	H	TAC	Y	28
MP|PP755590.1|A/cattle/Texas/24-008749-003/2024(H5N1)	849	G	A	7517	6948	39	77	73	38	0.0101396	7594	2.87012e-17	TRUE	M2:cds-XAJ25417.1	CGC	R	CAC	H	45
