REGION	POS	REF	ALT	REF_DP	REF_RV	REF_QUAL	ALT_DP	ALT_RV	ALT_QUAL	ALT_FREQ	TOTAL_DP	PVAL	PASS	GFF_FEATURE	REF_CODON	REF_AA	ALT_CODON	ALT_AA	POS_AA
HA|PP755589.1|A/cattle/Texas/24-008749-003/2024(H5N1)	166	A	G	1275	633	33	13	7	34	0.0100932	1288	0.000156285	TRUE	HA:cds-XAJ25415.1	AAG	K	GAG	E	56
HA|PP755589.1|A/cattle/Texas/24-008749-003/2024(H5N1)	349	C	T	0	0	0	1805	857	33	1	1805	0	TRUE	HA:cds-XAJ25415.1	CTG	L	TTG	L	117
HA|PP755589.1|A/cattle/Texas/24-008749-003/2024(H5N1)	651	G	A	2	1	34	2457	1213	33	0.999187	2459	0	TRUE	HA:cds-XAJ25415.1	GGG	G	GGA	G	217
HA|PP755589.1|A/cattle/Texas/24-008749-003/2024(H5N1)	819	T	C	0	0	0	2630	1318	33	1	2630	0	TRUE	HA:cds-XAJ25415.1	GTT	V	GTC	V	273
HA|PP755589.1|A/cattle/Texas/24-008749-003/2024(H5N1)	834	G	A	0	0	0	2588	1370	33	1	2588	0	TRUE	HA:cds-XAJ25415.1	TCG	S	TCA	S	278
HA|PP755589.1|A/cattle/Texas/24-008749-003/2024(H5N1)	867	T	C	0	0	0	2533	1317	33	1	2533	0	TRUE	HA:cds-XAJ25415.1	CAT	H	CAC	H	289
HA|PP755589.1|A/cattle/Texas/24-008749-003/2024(H5N1)	921	T	C	0	0	0	2541	1344	33	0.999607	2542	0	TRUE	HA:cds-XAJ25415.1	TTT	F	TTC	F	307
HA|PP755589.1|A/cattle/Texas/24-008749-003/2024(H5N1)	990	G	A	0	0	0	2702	1340	33	1	2702	0	TRUE	HA:cds-XAJ25415.1	GCG	A	GCA	A	330
HA|PP755589.1|A/cattle/Texas/24-008749-003/2024(H5N1)	1023	G	A	0	0	0	2589	1273	32	1	2589	0	TRUE	HA:cds-XAJ25415.1	AAG	K	AAA	K	341
HA|PP755589.1|A/cattle/Texas/24-008749-003/2024(H5N1)	1314	A	C	2	1	20	3223	1609	33	0.99938	3225	0	TRUE	HA:cds-XAJ25415.1	ACA	T	ACC	T	438
HA|PP755589.1|A/cattle/Texas/24-008749-003/2024(H5N1)	1683	A	G	0	0	0	7368	3938	33	0.999864	7369	0	TRUE	HA:cds-XAJ25415.1	TTA	L	TTG	L	561
