REGION	POS	REF	ALT	REF_DP	REF_RV	REF_QUAL	ALT_DP	ALT_RV	ALT_QUAL	ALT_FREQ	TOTAL_DP	PVAL	PASS	GFF_FEATURE	REF_CODON	REF_AA	ALT_CODON	ALT_AA	POS_AA
PA|PP755594.1|A/cattle/Texas/24-008749-003/2024(H5N1)	7	G	T	75	6	33	1	0	34	0.0131579	76	0.104252	FALSE	PA:cds-XAJ25422.1	GAC	D	TAC	Y	3
PA|PP755594.1|A/cattle/Texas/24-008749-003/2024(H5N1)	7	G	T	75	6	33	1	0	34	0.0131579	76	0.104252	FALSE	PA-X:cds-XAJ25423.1	GAC	D	TAC	Y	3
PA|PP755594.1|A/cattle/Texas/24-008749-003/2024(H5N1)	45	G	A	0	0	0	285	39	33	1	285	1.12126e-279	TRUE	PA:cds-XAJ25422.1	GAG	E	GAA	E	15
PA|PP755594.1|A/cattle/Texas/24-008749-003/2024(H5N1)	45	G	A	0	0	0	285	39	33	1	285	1.12126e-279	TRUE	PA-X:cds-XAJ25423.1	GAG	E	GAA	E	15
PA|PP755594.1|A/cattle/Texas/24-008749-003/2024(H5N1)	209	C	-ATTATTGAAACACCGATTTGAGAT	715	413	33	9	0	20	0.0118265	761	0.363505	FALSE	NA	NA	NA	NA	NA	NA
PA|PP755594.1|A/cattle/Texas/24-008749-003/2024(H5N1)	309	C	-AAATTCCTCCCTGATTTGTATGACT	547	238	33	7	0	20	0.0122807	570	0.368568	FALSE	NA	NA	NA	NA	NA	NA
PA|PP755594.1|A/cattle/Texas/24-008749-003/2024(H5N1)	1181	A	G	298	128	33	381	181	33	0.561119	679	1.11254e-152	TRUE	PA:cds-XAJ25422.1	GAC	D	GGC	G	394
PA|PP755594.1|A/cattle/Texas/24-008749-003/2024(H5N1)	1907	T	-ATGCAGAAC	906	535	33	14	0	20	0.0149095	939	0.187985	FALSE	NA	NA	NA	NA	NA	NA
PA|PP755594.1|A/cattle/Texas/24-008749-003/2024(H5N1)	2048	T	-TGGGGGGCTATA	1309	872	33	18	0	20	0.012766	1410	0.240645	FALSE	NA	NA	NA	NA	NA	NA
PA|PP755594.1|A/cattle/Texas/24-008749-003/2024(H5N1)	2049	T	-G	1268	896	33	28	0	20	0.01983	1412	0.0104068	FALSE	NA	NA	NA	NA	NA	NA
PA|PP755594.1|A/cattle/Texas/24-008749-003/2024(H5N1)	2056	C	-TA	1322	919	33	16	0	20	0.0113475	1410	0.371983	FALSE	NA	NA	NA	NA	NA	NA
PA|PP755594.1|A/cattle/Texas/24-008749-003/2024(H5N1)	2061	T	-G	1501	1094	33	19	0	20	0.0116779	1627	0.294212	FALSE	NA	NA	NA	NA	NA	NA
