REGION	POS	REF	ALT	REF_DP	REF_RV	REF_QUAL	ALT_DP	ALT_RV	ALT_QUAL	ALT_FREQ	TOTAL_DP	PVAL	PASS	GFF_FEATURE	REF_CODON	REF_AA	ALT_CODON	ALT_AA	POS_AA
PB2|PP755596.1|A/cattle/Texas/24-008749-003/2024(H5N1)	15	A	G	80	22	33	1	0	34	0.0123457	81	0.207692	FALSE	PB2:cds-XAJ25426.1	AAA	K	AAG	K	5
PB2|PP755596.1|A/cattle/Texas/24-008749-003/2024(H5N1)	165	T	C	0	0	0	511	236	33	1	511	1.55108e-311	TRUE	PB2:cds-XAJ25426.1	TAT	Y	TAC	Y	55
PB2|PP755596.1|A/cattle/Texas/24-008749-003/2024(H5N1)	764	C	T	0	0	0	499	232	33	1	499	8.84258e-306	TRUE	PB2:cds-XAJ25426.1	GCA	A	GTA	V	255
PB2|PP755596.1|A/cattle/Texas/24-008749-003/2024(H5N1)	978	T	G	590	309	33	6	3	34	0.0100671	596	0.0145997	FALSE	PB2:cds-XAJ25426.1	GGT	G	GGG	G	326
PB2|PP755596.1|A/cattle/Texas/24-008749-003/2024(H5N1)	1092	T	C	1	1	34	566	259	33	0.998236	567	0	TRUE	PB2:cds-XAJ25426.1	ACT	T	ACC	T	364
