REGION	POS	REF	ALT	REF_DP	REF_RV	REF_QUAL	ALT_DP	ALT_RV	ALT_QUAL	ALT_FREQ	TOTAL_DP	PVAL	PASS	GFF_FEATURE	REF_CODON	REF_AA	ALT_CODON	ALT_AA	POS_AA
MP|PP755590.1|A/cattle/Texas/24-008749-003/2024(H5N1)	8	T	C	214	19	36	3	0	33	0.0138249	217	0.00637903	TRUE	M2:cds-XAJ25417.1	CTT	L	CCT	P	3
MP|PP755590.1|A/cattle/Texas/24-008749-003/2024(H5N1)	8	T	C	214	19	36	3	0	33	0.0138249	217	0.00637903	TRUE	M1:cds-XAJ25416.1	CTT	L	CCT	P	3
MP|PP755590.1|A/cattle/Texas/24-008749-003/2024(H5N1)	245	G	A	0	0	0	3521	1646	47	0.999716	3522	0	TRUE	M1:cds-XAJ25416.1	AGT	S	AAT	N	82
MP|PP755590.1|A/cattle/Texas/24-008749-003/2024(H5N1)	249	C	T	4	2	44	3557	1595	47	0.998596	3562	0	TRUE	M1:cds-XAJ25416.1	GCC	A	GCT	A	83
MP|PP755590.1|A/cattle/Texas/24-008749-003/2024(H5N1)	254	G	A	1	0	77	3701	1699	48	0.99973	3702	0	TRUE	M1:cds-XAJ25416.1	AGT	S	AAT	N	85
MP|PP755590.1|A/cattle/Texas/24-008749-003/2024(H5N1)	260	C	A	0	0	0	3547	1704	46	0.998592	3552	0	TRUE	M1:cds-XAJ25416.1	ACT	T	AAT	N	87
MP|PP755590.1|A/cattle/Texas/24-008749-003/2024(H5N1)	285	A	G	1	0	75	3768	1674	46	0.999735	3769	0	TRUE	M1:cds-XAJ25416.1	AGA	R	AGG	R	95
MP|PP755590.1|A/cattle/Texas/24-008749-003/2024(H5N1)	307	C	T	0	0	0	4117	1864	47	1	4117	0	TRUE	M1:cds-XAJ25416.1	CTG	L	TTG	L	103
MP|PP755590.1|A/cattle/Texas/24-008749-003/2024(H5N1)	456	A	G	2	1	31	4623	1917	50	0.999351	4626	0	TRUE	M1:cds-XAJ25416.1	GAA	E	GAG	E	152
MP|PP755590.1|A/cattle/Texas/24-008749-003/2024(H5N1)	516	G	A	7	3	45	4740	2046	50	0.998525	4747	0	TRUE	M1:cds-XAJ25416.1	CTG	L	CTA	L	172
MP|PP755590.1|A/cattle/Texas/24-008749-003/2024(H5N1)	540	T	G	0	0	0	4539	2061	46	0.998021	4548	0	TRUE	M1:cds-XAJ25416.1	GTT	V	GTG	V	180
MP|PP755590.1|A/cattle/Texas/24-008749-003/2024(H5N1)	679	A	G	1	0	71	3391	1630	46	0.999705	3392	0	TRUE	M1:cds-XAJ25416.1	ACC	T	GCC	A	227
MP|PP755590.1|A/cattle/Texas/24-008749-003/2024(H5N1)	680	C	A	3090	1320	44	32	32	27	0.0102466	3123	0.476952	FALSE	M1:cds-XAJ25416.1	ACC	T	AAC	N	227
MP|PP755590.1|A/cattle/Texas/24-008749-003/2024(H5N1)	775	C	T	3089	2187	49	33	26	50	0.0105532	3127	3.89335e-15	TRUE	M2:cds-XAJ25417.1	GCC	A	GCT	A	21
MP|PP755590.1|A/cattle/Texas/24-008749-003/2024(H5N1)	950	A	G	0	0	0	831	740	42	0.998798	832	0	TRUE	M2:cds-XAJ25417.1	AAT	N	GAT	D	79
