REGION	POS	REF	ALT	REF_DP	REF_RV	REF_QUAL	ALT_DP	ALT_RV	ALT_QUAL	ALT_FREQ	TOTAL_DP	PVAL	PASS	GFF_FEATURE	REF_CODON	REF_AA	ALT_CODON	ALT_AA	POS_AA
NA|PP755583.1|A/cattle/Texas/24-008749-002/2024(H5N1)	12	T	C	88	13	36	1	0	37	0.011236	89	0.132836	FALSE	NA	NA	NA	NA	NA	NA
NA|PP755583.1|A/cattle/Texas/24-008749-002/2024(H5N1)	201	C	T	816	225	36	759	287	35	0.481905	1575	3.5629e-284	TRUE	NA	NA	NA	NA	NA	NA
NA|PP755583.1|A/cattle/Texas/24-008749-002/2024(H5N1)	795	A	G	0	0	0	2049	1272	36	0.999512	2050	0	TRUE	NA	NA	NA	NA	NA	NA
NA|PP755583.1|A/cattle/Texas/24-008749-002/2024(H5N1)	1411	-	T	0	0	0	433	383	25	1	433	7.10514e-252	TRUE	NA	NA	NA	NA	NA	NA
NA|PP755583.1|A/cattle/Texas/24-008749-002/2024(H5N1)	1412	-	T	0	0	0	43	42	24	1	43	3.89633e-26	TRUE	NA	NA	NA	NA	NA	NA
