REGION	POS	REF	ALT	REF_DP	REF_RV	REF_QUAL	ALT_DP	ALT_RV	ALT_QUAL	ALT_FREQ	TOTAL_DP	PVAL	PASS	GFF_FEATURE	REF_CODON	REF_AA	ALT_CODON	ALT_AA	POS_AA
NS|PP755585.1|A/cattle/Texas/24-008749-002/2024(H5N1)	79	C	A	2	0	37	14091	2783	36	0.998088	14118	0	TRUE	NA	NA	NA	NA	NA	NA
NS|PP755585.1|A/cattle/Texas/24-008749-002/2024(H5N1)	222	T	C	9	2	35	26079	12608	36	0.999578	26090	0	TRUE	NA	NA	NA	NA	NA	NA
NS|PP755585.1|A/cattle/Texas/24-008749-002/2024(H5N1)	456	A	G	27274	11367	36	734	364	36	0.0262059	28009	1.2243e-185	TRUE	NA	NA	NA	NA	NA	NA
NS|PP755585.1|A/cattle/Texas/24-008749-002/2024(H5N1)	468	T	C	25450	10435	36	1796	645	36	0.0659107	27249	0	TRUE	NA	NA	NA	NA	NA	NA
NS|PP755585.1|A/cattle/Texas/24-008749-002/2024(H5N1)	724	A	G	27585	22418	36	1731	1434	36	0.0590463	29316	0	TRUE	NA	NA	NA	NA	NA	NA
