REGION	POS	REF	ALT	REF_DP	REF_RV	REF_QUAL	ALT_DP	ALT_RV	ALT_QUAL	ALT_FREQ	TOTAL_DP	PVAL	PASS	GFF_FEATURE	REF_CODON	REF_AA	ALT_CODON	ALT_AA	POS_AA
HA|PP755589.1|A/cattle/Texas/24-008749-003/2024(H5N1)	32	T	C	75	24	37	1	0	33	0.0131579	76	0.322034	FALSE	NA	NA	NA	NA	NA	NA
HA|PP755589.1|A/cattle/Texas/24-008749-003/2024(H5N1)	34	A	G	76	25	38	1	0	32	0.012987	77	0.323529	FALSE	NA	NA	NA	NA	NA	NA
HA|PP755589.1|A/cattle/Texas/24-008749-003/2024(H5N1)	45	A	T	95	40	38	2	1	36	0.0206186	97	0.120926	FALSE	NA	NA	NA	NA	NA	NA
HA|PP755589.1|A/cattle/Texas/24-008749-003/2024(H5N1)	47	G	A	96	39	38	2	1	38	0.0204082	98	0.121685	FALSE	NA	NA	NA	NA	NA	NA
HA|PP755589.1|A/cattle/Texas/24-008749-003/2024(H5N1)	88	G	T	171	78	37	2	1	36	0.0115607	173	0.165128	FALSE	NA	NA	NA	NA	NA	NA
HA|PP755589.1|A/cattle/Texas/24-008749-003/2024(H5N1)	101	C	A	179	82	38	2	1	39	0.0110497	181	0.166389	FALSE	NA	NA	NA	NA	NA	NA
HA|PP755589.1|A/cattle/Texas/24-008749-003/2024(H5N1)	651	G	A	3	2	36	462	224	38	0.993548	465	2.72384e-276	TRUE	NA	NA	NA	NA	NA	NA
HA|PP755589.1|A/cattle/Texas/24-008749-003/2024(H5N1)	1052	T	A	468	237	37	5	2	36	0.0105708	473	0.0297985	FALSE	NA	NA	NA	NA	NA	NA
