REGION	POS	REF	ALT	REF_DP	REF_RV	REF_QUAL	ALT_DP	ALT_RV	ALT_QUAL	ALT_FREQ	TOTAL_DP	PVAL	PASS	GFF_FEATURE	REF_CODON	REF_AA	ALT_CODON	ALT_AA	POS_AA
HA|PP755589.1|A/cattle/Texas/24-008749-003/2024(H5N1)	6	G	A	64	4	36	1	0	37	0.0153846	65	0.134298	FALSE	HA:cds-XAJ25415.1	GAG	E	GAA	E	2
HA|PP755589.1|A/cattle/Texas/24-008749-003/2024(H5N1)	8	A	G	132	7	35	2	1	37	0.0149254	134	0.0459915	FALSE	HA:cds-XAJ25415.1	AAC	N	AGC	S	3
HA|PP755589.1|A/cattle/Texas/24-008749-003/2024(H5N1)	32	T	C	266	25	36	4	0	37	0.0148148	270	0.00783384	TRUE	HA:cds-XAJ25415.1	GTT	V	GCT	A	11
HA|PP755589.1|A/cattle/Texas/24-008749-003/2024(H5N1)	357	C	T	3	2	33	982	420	35	0.996954	985	0	TRUE	HA:cds-XAJ25415.1	CAC	H	CAT	H	119
HA|PP755589.1|A/cattle/Texas/24-008749-003/2024(H5N1)	465	A	G	1	0	25	941	487	35	0.998938	942	0	TRUE	HA:cds-XAJ25415.1	GGA	G	GGG	G	155
HA|PP755589.1|A/cattle/Texas/24-008749-003/2024(H5N1)	651	G	A	1	0	37	998	379	36	0.998999	999	0	TRUE	HA:cds-XAJ25415.1	GGG	G	GGA	G	217
HA|PP755589.1|A/cattle/Texas/24-008749-003/2024(H5N1)	1275	G	A	1	0	36	1456	490	36	0.999314	1457	0	TRUE	HA:cds-XAJ25415.1	TTG	L	TTA	L	425
