REGION	POS	REF	ALT	REF_DP	REF_RV	REF_QUAL	ALT_DP	ALT_RV	ALT_QUAL	ALT_FREQ	TOTAL_DP	PVAL	PASS	GFF_FEATURE	REF_CODON	REF_AA	ALT_CODON	ALT_AA	POS_AA
PB1|PP755595.1|A/cattle/Texas/24-008749-003/2024(H5N1)	8	T	C	22	1	34	1	0	46	0.0434783	23	0.124324	FALSE	PB1:cds-XAJ25424.1	GTC	V	GCC	A	3
PB1|PP755595.1|A/cattle/Texas/24-008749-003/2024(H5N1)	19	T	C	57	2	37	1	0	34	0.0172414	58	0.221374	FALSE	PB1:cds-XAJ25424.1	TTA	L	CTA	L	7
PB1|PP755595.1|A/cattle/Texas/24-008749-003/2024(H5N1)	31	A	-AAGTTCCAGCGC	72	6	37	3	0	20	0.0136364	220	0.107146	FALSE	NA	NA	NA	NA	NA	NA
PB1|PP755595.1|A/cattle/Texas/24-008749-003/2024(H5N1)	37	C	T	70	9	38	1	0	34	0.0140845	71	0.241497	FALSE	PB1:cds-XAJ25424.1	CCA	P	TCA	S	13
PB1|PP755595.1|A/cattle/Texas/24-008749-003/2024(H5N1)	99	A	-ACAGGAACAGGATAT	197	39	38	4	0	20	0.011976	334	0.24429	FALSE	NA	NA	NA	NA	NA	NA
PB1|PP755595.1|A/cattle/Texas/24-008749-003/2024(H5N1)	418	G	A	134	90	37	2	1	34	0.0147059	136	0.219067	FALSE	PB1:cds-XAJ25424.1	GCA	A	ACA	T	140
