REGION	POS	REF	ALT	REF_DP	REF_RV	REF_QUAL	ALT_DP	ALT_RV	ALT_QUAL	ALT_FREQ	TOTAL_DP	PVAL	PASS	GFF_FEATURE	REF_CODON	REF_AA	ALT_CODON	ALT_AA	POS_AA
PB1|PP755595.1|A/cattle/Texas/24-008749-003/2024(H5N1)	29	T	-GAAA	414	32	35	17	0	20	0.0130268	1305	0.000173177	TRUE	NA	NA	NA	NA	NA	NA
PB1|PP755595.1|A/cattle/Texas/24-008749-003/2024(H5N1)	539	A	G	96	40	38	1	0	68	0.0103093	97	0.459716	FALSE	PB1:cds-XAJ25424.1	GAA	E	GGA	G	180
PB1|PP755595.1|A/cattle/Texas/24-008749-003/2024(H5N1)	600	C	T	96	43	37	1	0	34	0.0103093	97	0.473171	FALSE	PB1:cds-XAJ25424.1	GTC	V	GTT	V	200
PB1|PP755595.1|A/cattle/Texas/24-008749-003/2024(H5N1)	608	G	A	99	45	38	1	0	34	0.01	100	0.462963	FALSE	PB1:cds-XAJ25424.1	CGG	R	CAG	Q	203
PB1|PP755595.1|A/cattle/Texas/24-008749-003/2024(H5N1)	893	T	C	99	49	38	1	1	34	0.01	100	0.41841	FALSE	PB1:cds-XAJ25424.1	CTC	L	CCC	P	298
PB1|PP755595.1|A/cattle/Texas/24-008749-003/2024(H5N1)	1048	A	C	94	38	37	1	0	34	0.0105263	95	0.463415	FALSE	PB1:cds-XAJ25424.1	AGA	R	CGA	R	350
PB1|PP755595.1|A/cattle/Texas/24-008749-003/2024(H5N1)	1358	C	T	164	70	38	2	2	34	0.0120482	166	0.199534	FALSE	PB1:cds-XAJ25424.1	GCT	A	GTT	V	453
PB1|PP755595.1|A/cattle/Texas/24-008749-003/2024(H5N1)	2082	T	-CTATTTGAAAAATTCTTCC	2333	1129	38	33	0	20	0.0112898	2923	0.110955	FALSE	NA	NA	NA	NA	NA	NA
PB1|PP755595.1|A/cattle/Texas/24-008749-003/2024(H5N1)	2231	T	-G	2645	2383	39	106	0	20	0.0326656	3245	6.61614e-14	TRUE	NA	NA	NA	NA	NA	NA
