REGION	POS	REF	ALT	REF_DP	REF_RV	REF_QUAL	ALT_DP	ALT_RV	ALT_QUAL	ALT_FREQ	TOTAL_DP	PVAL	PASS	GFF_FEATURE	REF_CODON	REF_AA	ALT_CODON	ALT_AA	POS_AA
NA|PP755591.1|A/cattle/Texas/24-008749-003/2024(H5N1)	212	G	A	6	3	38	4726	2317	41	0.998732	4732	0	TRUE	NA:cds-XAJ25418.1	AGT	S	AAT	N	71
NA|PP755591.1|A/cattle/Texas/24-008749-003/2024(H5N1)	318	A	C	1	0	26	4600	2293	40	0.999131	4604	0	TRUE	NA:cds-XAJ25418.1	ATA	I	ATC	I	106
NA|PP755591.1|A/cattle/Texas/24-008749-003/2024(H5N1)	1186	A	G	8454	4916	40	93	62	38	0.010881	8547	3.17586e-22	TRUE	NA:cds-XAJ25418.1	ATA	I	GTA	V	396
NA|PP755591.1|A/cattle/Texas/24-008749-003/2024(H5N1)	1305	A	C	0	0	0	6951	5458	46	1	6951	0	TRUE	NA:cds-XAJ25418.1	ACA	T	ACC	T	435
