REGION	POS	REF	ALT	REF_DP	REF_RV	REF_QUAL	ALT_DP	ALT_RV	ALT_QUAL	ALT_FREQ	TOTAL_DP	PVAL	PASS	GFF_FEATURE	REF_CODON	REF_AA	ALT_CODON	ALT_AA	POS_AA
MP|PP755590.1|A/cattle/Texas/24-008749-003/2024(H5N1)	26	C	T	16	2	36	2	1	37	0.111111	18	0.0864407	FALSE	M2:cds-XAJ25417.1	ACN	X	ATG	M	9
MP|PP755590.1|A/cattle/Texas/24-008749-003/2024(H5N1)	26	C	T	16	2	36	2	1	37	0.111111	18	0.0864407	FALSE	M1:cds-XAJ25416.1	ACG	T	ATG	M	9
MP|PP755590.1|A/cattle/Texas/24-008749-003/2024(H5N1)	51	G	A	24	4	35	1	0	27	0.04	25	0.342466	FALSE	M1:cds-XAJ25416.1	TCG	S	TCA	S	17
MP|PP755590.1|A/cattle/Texas/24-008749-003/2024(H5N1)	105	G	T	61	19	36	2	1	37	0.031746	63	0.184506	FALSE	M1:cds-XAJ25416.1	AAG	K	AAT	N	35
MP|PP755590.1|A/cattle/Texas/24-008749-003/2024(H5N1)	132	A	+C	81	25	35	1	0	20	0.0104167	96	0.463277	FALSE	NA	NA	NA	NA	NA	NA
MP|PP755590.1|A/cattle/Texas/24-008749-003/2024(H5N1)	138	A	G	89	28	35	1	0	25	0.0111111	90	0.486486	FALSE	M1:cds-XAJ25416.1	CTA	L	CTG	L	46
MP|PP755590.1|A/cattle/Texas/24-008749-003/2024(H5N1)	196	C	T	95	40	35	1	1	26	0.0104167	96	0.497409	FALSE	M1:cds-XAJ25416.1	CTC	L	TTC	F	66
MP|PP755590.1|A/cattle/Texas/24-008749-003/2024(H5N1)	469	T	C	146	68	36	2	1	31	0.0135135	148	0.24417	FALSE	M1:cds-XAJ25416.1	TCA	S	CCA	P	157
MP|PP755590.1|A/cattle/Texas/24-008749-003/2024(H5N1)	478	C	T	152	69	36	2	1	37	0.012987	154	0.245976	FALSE	M1:cds-XAJ25416.1	CGG	R	TGG	W	160
MP|PP755590.1|A/cattle/Texas/24-008749-003/2024(H5N1)	602	A	C	150	83	35	2	1	37	0.0131579	152	0.239607	FALSE	M1:cds-XAJ25416.1	GAA	E	GCA	A	201
