REGION	POS	REF	ALT	REF_DP	REF_RV	REF_QUAL	ALT_DP	ALT_RV	ALT_QUAL	ALT_FREQ	TOTAL_DP	PVAL	PASS	GFF_FEATURE	REF_CODON	REF_AA	ALT_CODON	ALT_AA	POS_AA
MP|PP755590.1|A/cattle/Texas/24-008749-003/2024(H5N1)	245	G	A	3	2	51	2153	1072	58	0.998609	2156	0	TRUE	M1:cds-XAJ25416.1	AGT	S	AAT	N	82
MP|PP755590.1|A/cattle/Texas/24-008749-003/2024(H5N1)	249	C	T	2	2	74	2167	1075	59	0.998618	2170	0	TRUE	M1:cds-XAJ25416.1	GCC	A	GCT	A	83
MP|PP755590.1|A/cattle/Texas/24-008749-003/2024(H5N1)	254	G	A	0	0	0	2118	1052	58	1	2118	0	TRUE	M1:cds-XAJ25416.1	AGT	S	AAT	N	85
MP|PP755590.1|A/cattle/Texas/24-008749-003/2024(H5N1)	260	C	A	0	0	0	2098	1089	58	1	2098	0	TRUE	M1:cds-XAJ25416.1	ACT	T	AAT	N	87
MP|PP755590.1|A/cattle/Texas/24-008749-003/2024(H5N1)	271	A	T	2143	1041	58	68	40	56	0.0307553	2211	3.83028e-29	TRUE	M1:cds-XAJ25416.1	AAC	N	TAC	Y	91
MP|PP755590.1|A/cattle/Texas/24-008749-003/2024(H5N1)	285	A	G	0	0	0	2184	1033	56	1	2184	0	TRUE	M1:cds-XAJ25416.1	AGA	R	AGG	R	95
MP|PP755590.1|A/cattle/Texas/24-008749-003/2024(H5N1)	295	T	C	0	0	0	2220	1086	56	0.9991	2222	0	TRUE	M1:cds-XAJ25416.1	TTG	L	CTG	L	99
MP|PP755590.1|A/cattle/Texas/24-008749-003/2024(H5N1)	307	C	T	1	0	39	2278	1091	57	0.999561	2279	0	TRUE	M1:cds-XAJ25416.1	CTG	L	TTG	L	103
MP|PP755590.1|A/cattle/Texas/24-008749-003/2024(H5N1)	382	A	T	2274	1126	57	62	28	50	0.0265297	2337	3.03398e-26	TRUE	M1:cds-XAJ25416.1	ATG	M	TTG	L	128
MP|PP755590.1|A/cattle/Texas/24-008749-003/2024(H5N1)	416	C	G	2452	1117	56	28	12	51	0.0112858	2481	3.52826e-12	TRUE	M1:cds-XAJ25416.1	ACC	T	AGC	S	139
MP|PP755590.1|A/cattle/Texas/24-008749-003/2024(H5N1)	456	A	G	0	0	0	2270	1049	58	1	2270	0	TRUE	M1:cds-XAJ25416.1	GAA	E	GAG	E	152
MP|PP755590.1|A/cattle/Texas/24-008749-003/2024(H5N1)	516	G	A	1	0	76	2457	1138	58	0.999593	2458	0	TRUE	M1:cds-XAJ25416.1	CTG	L	CTA	L	172
MP|PP755590.1|A/cattle/Texas/24-008749-003/2024(H5N1)	540	T	G	0	0	0	2342	1114	55	1	2342	0	TRUE	M1:cds-XAJ25416.1	GTT	V	GTG	V	180
MP|PP755590.1|A/cattle/Texas/24-008749-003/2024(H5N1)	553	A	C	2408	1136	56	71	29	38	0.0285944	2483	1.79975e-25	TRUE	M1:cds-XAJ25416.1	ACA	T	CCA	P	185
MP|PP755590.1|A/cattle/Texas/24-008749-003/2024(H5N1)	609	G	A	1	1	36	2242	1065	56	0.999554	2243	0	TRUE	M1:cds-XAJ25416.1	ATG	M	ATA	I	203
MP|PP755590.1|A/cattle/Texas/24-008749-003/2024(H5N1)	943	T	C	1	0	33	753	563	49	0.997351	755	0	TRUE	M2:cds-XAJ25417.1	GAT	D	GAC	D	77
MP|PP755590.1|A/cattle/Texas/24-008749-003/2024(H5N1)	950	A	G	0	0	0	665	496	52	1	665	0	TRUE	M2:cds-XAJ25417.1	AAT	N	GAT	D	79
