REGION	POS	REF	ALT	REF_DP	REF_RV	REF_QUAL	ALT_DP	ALT_RV	ALT_QUAL	ALT_FREQ	TOTAL_DP	PVAL	PASS	GFF_FEATURE	REF_CODON	REF_AA	ALT_CODON	ALT_AA	POS_AA
PA|PP755594.1|A/cattle/Texas/24-008749-003/2024(H5N1)	75	G	A	0	0	0	307	55	38	1	307	9.48336e-271	TRUE	PA:cds-XAJ25422.1	GGG	G	GGA	G	25
PA|PP755594.1|A/cattle/Texas/24-008749-003/2024(H5N1)	75	G	A	0	0	0	307	55	38	1	307	9.48336e-271	TRUE	PA-X:cds-XAJ25423.1	GGG	G	GGA	G	25
PA|PP755594.1|A/cattle/Texas/24-008749-003/2024(H5N1)	82	C	A	0	0	0	321	63	37	1	321	7.83419e-281	TRUE	PA:cds-XAJ25422.1	CCG	P	ACG	T	28
PA|PP755594.1|A/cattle/Texas/24-008749-003/2024(H5N1)	82	C	A	0	0	0	321	63	37	1	321	7.83419e-281	TRUE	PA-X:cds-XAJ25423.1	CCG	P	ACG	T	28
PA|PP755594.1|A/cattle/Texas/24-008749-003/2024(H5N1)	207	T	-GC	617	342	39	19	0	20	0.0256757	740	0.00480358	TRUE	NA	NA	NA	NA	NA	NA
PA|PP755594.1|A/cattle/Texas/24-008749-003/2024(H5N1)	795	A	G	0	0	0	742	420	39	1	742	0	TRUE	PA:cds-XAJ25422.1	CCA	P	CCG	P	265
PA|PP755594.1|A/cattle/Texas/24-008749-003/2024(H5N1)	1524	A	G	795	443	37	86	46	41	0.0976163	881	1.15974e-33	TRUE	PA:cds-XAJ25422.1	AGA	R	AGG	R	508
PA|PP755594.1|A/cattle/Texas/24-008749-003/2024(H5N1)	2049	T	-GGGGGGCTATATG	827	610	42	23	0	20	0.0201754	1140	0.00274753	TRUE	NA	NA	NA	NA	NA	NA
