REGION	POS	REF	ALT	REF_DP	REF_RV	REF_QUAL	ALT_DP	ALT_RV	ALT_QUAL	ALT_FREQ	TOTAL_DP	PVAL	PASS	GFF_FEATURE	REF_CODON	REF_AA	ALT_CODON	ALT_AA	POS_AA
MP|PP755590.1|A/cattle/Texas/24-008749-003/2024(H5N1)	51	G	A	2997	539	36	38	8	34	0.0125206	3035	2.15835e-10	TRUE	M1:cds-XAJ25416.1	TCG	S	TCA	S	17
MP|PP755590.1|A/cattle/Texas/24-008749-003/2024(H5N1)	245	G	A	0	0	0	7765	3744	38	1	7765	0	TRUE	M1:cds-XAJ25416.1	AGT	S	AAT	N	82
MP|PP755590.1|A/cattle/Texas/24-008749-003/2024(H5N1)	249	C	T	17	8	37	7777	3682	38	0.997819	7794	0	TRUE	M1:cds-XAJ25416.1	GCC	A	GCT	A	83
MP|PP755590.1|A/cattle/Texas/24-008749-003/2024(H5N1)	254	G	A	5	2	37	7725	3542	38	0.998578	7736	0	TRUE	M1:cds-XAJ25416.1	AGT	S	AAT	N	85
MP|PP755590.1|A/cattle/Texas/24-008749-003/2024(H5N1)	255	T	C	34	15	37	7695	3530	37	0.995215	7732	0	TRUE	M1:cds-XAJ25416.1	AGT	S	AGC	S	85
MP|PP755590.1|A/cattle/Texas/24-008749-003/2024(H5N1)	260	C	A	0	0	0	7823	3624	36	0.999744	7825	0	TRUE	M1:cds-XAJ25416.1	ACT	T	AAT	N	87
MP|PP755590.1|A/cattle/Texas/24-008749-003/2024(H5N1)	285	A	G	0	0	0	7593	3701	37	0.999737	7595	0	TRUE	M1:cds-XAJ25416.1	AGA	R	AGG	R	95
MP|PP755590.1|A/cattle/Texas/24-008749-003/2024(H5N1)	307	C	T	7	4	38	8559	4299	37	0.999066	8567	0	TRUE	M1:cds-XAJ25416.1	CTG	L	TTG	L	103
MP|PP755590.1|A/cattle/Texas/24-008749-003/2024(H5N1)	355	T	C	9702	4924	37	181	101	37	0.0183143	9883	1.24379e-43	TRUE	M1:cds-XAJ25416.1	TAC	Y	CAC	H	119
MP|PP755590.1|A/cattle/Texas/24-008749-003/2024(H5N1)	382	A	T	8853	4265	37	426	214	38	0.0458953	9282	4.6466e-119	TRUE	M1:cds-XAJ25416.1	ATG	M	TTG	L	128
MP|PP755590.1|A/cattle/Texas/24-008749-003/2024(H5N1)	391	A	T	8841	4507	38	189	97	37	0.0209001	9043	2.73308e-47	TRUE	M1:cds-XAJ25416.1	ATA	I	TTA	L	131
MP|PP755590.1|A/cattle/Texas/24-008749-003/2024(H5N1)	456	A	G	1	1	27	9807	5013	38	0.999694	9810	0	TRUE	M1:cds-XAJ25416.1	GAA	E	GAG	E	152
MP|PP755590.1|A/cattle/Texas/24-008749-003/2024(H5N1)	516	G	A	2	2	37	9664	4691	38	0.999793	9666	0	TRUE	M1:cds-XAJ25416.1	CTG	L	CTA	L	172
MP|PP755590.1|A/cattle/Texas/24-008749-003/2024(H5N1)	540	T	G	12	7	36	8430	3890	37	0.996925	8456	0	TRUE	M1:cds-XAJ25416.1	GTT	V	GTG	V	180
MP|PP755590.1|A/cattle/Texas/24-008749-003/2024(H5N1)	679	A	G	1	0	37	6988	3724	36	0.999857	6989	0	TRUE	M1:cds-XAJ25416.1	ACC	T	GCC	A	227
MP|PP755590.1|A/cattle/Texas/24-008749-003/2024(H5N1)	950	A	G	1	1	20	1097	870	37	0.999089	1098	0	TRUE	M2:cds-XAJ25417.1	AAT	N	GAT	D	79
