REGION	POS	REF	ALT	REF_DP	REF_RV	REF_QUAL	ALT_DP	ALT_RV	ALT_QUAL	ALT_FREQ	TOTAL_DP	PVAL	PASS	GFF_FEATURE	REF_CODON	REF_AA	ALT_CODON	ALT_AA	POS_AA
MP|PP755590.1|A/cattle/Texas/24-008749-003/2024(H5N1)	81	A	T	34467	13295	29	428	26	30	0.012258	34916	7.42148e-118	TRUE	M1:cds-XAJ25416.1	AGA	R	AGT	S	27
MP|PP755590.1|A/cattle/Texas/24-008749-003/2024(H5N1)	320	T	A	69261	36285	29	790	751	29	0.0112706	70094	0.0104587	FALSE	M1:cds-XAJ25416.1	ATA	I	AAA	K	107
MP|PP755590.1|A/cattle/Texas/24-008749-003/2024(H5N1)	736	G	C	69305	29294	29	920	913	30	0.0130898	70284	1.3209e-191	TRUE	M2:cds-XAJ25417.1	GAG	E	GAC	D	8
MP|PP755590.1|A/cattle/Texas/24-008749-003/2024(H5N1)	736	G	C	69305	29294	29	920	913	30	0.0130898	70284	1.3209e-191	TRUE	M1:cds-XAJ25416.1	GTG	V	CTG	L	246
MP|PP755590.1|A/cattle/Texas/24-008749-003/2024(H5N1)	862	T	G	73728	53793	29	1464	1455	30	0.0194489	75274	0	TRUE	M2:cds-XAJ25417.1	GGT	G	GGG	G	50
MP|PP755590.1|A/cattle/Texas/24-008749-003/2024(H5N1)	913	G	C	50963	40240	29	740	737	30	0.014307	51723	4.88449e-159	TRUE	M2:cds-XAJ25417.1	GAG	E	GAC	D	67
MP|PP755590.1|A/cattle/Texas/24-008749-003/2024(H5N1)	970	A	T	23594	20296	29	457	18	30	0.0188477	24247	6.22006e-107	TRUE	M2:cds-XAJ25417.1	ATA	I	ATT	I	86
