REGION	POS	REF	ALT	REF_DP	REF_RV	REF_QUAL	ALT_DP	ALT_RV	ALT_QUAL	ALT_FREQ	TOTAL_DP	PVAL	PASS	GFF_FEATURE	REF_CODON	REF_AA	ALT_CODON	ALT_AA	POS_AA
PB2|PP755596.1|A/cattle/Texas/24-008749-003/2024(H5N1)	764	C	T	1	0	74	1516	687	42	0.999341	1517	0	TRUE	PB2:cds-XAJ25426.1	GCA	A	GTA	V	255
PB2|PP755596.1|A/cattle/Texas/24-008749-003/2024(H5N1)	1242	T	C	0	0	0	1277	560	39	1	1277	0	TRUE	PB2:cds-XAJ25426.1	GTT	V	GTC	V	414
PB2|PP755596.1|A/cattle/Texas/24-008749-003/2024(H5N1)	1305	G	A	0	0	0	1329	526	42	1	1329	0	TRUE	PB2:cds-XAJ25426.1	TTG	L	TTA	L	435
PB2|PP755596.1|A/cattle/Texas/24-008749-003/2024(H5N1)	1772	A	G	0	0	0	1594	810	42	1	1594	0	TRUE	PB2:cds-XAJ25426.1	CAA	Q	CGA	R	591
PB2|PP755596.1|A/cattle/Texas/24-008749-003/2024(H5N1)	1851	A	G	1	0	37	1488	694	43	0.999328	1489	0	TRUE	PB2:cds-XAJ25426.1	AAA	K	AAG	K	617
