REGION	POS	REF	ALT	REF_DP	REF_RV	REF_QUAL	ALT_DP	ALT_RV	ALT_QUAL	ALT_FREQ	TOTAL_DP	PVAL	PASS	GFF_FEATURE	REF_CODON	REF_AA	ALT_CODON	ALT_AA	POS_AA
PB1|PP755595.1|A/cattle/Texas/24-008749-003/2024(H5N1)	29	T	-G	518	126	36	32	0	20	0.021419	1494	1.26006e-09	TRUE	NA	NA	NA	NA	NA	NA
PB1|PP755595.1|A/cattle/Texas/24-008749-003/2024(H5N1)	30	G	-A	521	130	36	21	0	20	0.0139814	1502	4.82897e-05	TRUE	NA	NA	NA	NA	NA	NA
PB1|PP755595.1|A/cattle/Texas/24-008749-003/2024(H5N1)	212	G	T	156	67	36	2	1	31	0.0126582	158	0.243005	FALSE	PB1:cds-XAJ25424.1	GGA	G	GTA	V	71
PB1|PP755595.1|A/cattle/Texas/24-008749-003/2024(H5N1)	212	G	T	156	67	36	2	1	31	0.0126582	158	0.243005	FALSE	PB1-F2:cds-XAJ25425.1	GAC	D	TAC	Y	40
PB1|PP755595.1|A/cattle/Texas/24-008749-003/2024(H5N1)	1961	G	-TATGGAATA	49	13	35	2	0	20	0.04	50	0.257576	FALSE	NA	NA	NA	NA	NA	NA
PB1|PP755595.1|A/cattle/Texas/24-008749-003/2024(H5N1)	2082	T	-CTATTTGAAAAATTCTTCC	1202	553	36	49	0	20	0.0361891	1354	4.10265e-07	TRUE	NA	NA	NA	NA	NA	NA
PB1|PP755595.1|A/cattle/Texas/24-008749-003/2024(H5N1)	2231	T	-G	2383	1864	36	77	0	20	0.0308741	2494	3.06169e-08	TRUE	NA	NA	NA	NA	NA	NA
