REGION	POS	REF	ALT	REF_DP	REF_RV	REF_QUAL	ALT_DP	ALT_RV	ALT_QUAL	ALT_FREQ	TOTAL_DP	PVAL	PASS	GFF_FEATURE	REF_CODON	REF_AA	ALT_CODON	ALT_AA	POS_AA
NP|PP755584.1|A/cattle/Texas/24-008749-002/2024(H5N1)	16	A	N	716	295	30	8	1	30	0.0110193	726	5.25455e-05	TRUE	NA	NA	NA	NA	NA	NA
NP|PP755584.1|A/cattle/Texas/24-008749-002/2024(H5N1)	322	T	G	4856	2399	29	65	63	29	0.0131712	4935	0.0766094	FALSE	NA	NA	NA	NA	NA	NA
NP|PP755584.1|A/cattle/Texas/24-008749-002/2024(H5N1)	762	A	G	1	1	30	4517	2525	29	0.997571	4528	0	TRUE	NA	NA	NA	NA	NA	NA
NP|PP755584.1|A/cattle/Texas/24-008749-002/2024(H5N1)	1200	A	T	5243	2627	29	80	1	30	0.0150122	5329	4.87226e-19	TRUE	NA	NA	NA	NA	NA	NA
NP|PP755584.1|A/cattle/Texas/24-008749-002/2024(H5N1)	1420	C	G	4993	3896	29	204	1	29	0.0392459	5198	2.71483e-23	TRUE	NA	NA	NA	NA	NA	NA
