REGION	POS	REF	ALT	REF_DP	REF_RV	REF_QUAL	ALT_DP	ALT_RV	ALT_QUAL	ALT_FREQ	TOTAL_DP	PVAL	PASS	GFF_FEATURE	REF_CODON	REF_AA	ALT_CODON	ALT_AA	POS_AA
HA|PP755589.1|A/cattle/Texas/24-008749-003/2024(H5N1)	60	C	T	221	57	36	1042	291	36	0.82502	1263	0	TRUE	HA:cds-XAJ25415.1	TGC	C	TGT	C	20
HA|PP755589.1|A/cattle/Texas/24-008749-003/2024(H5N1)	651	G	A	420	183	36	1730	709	36	0.804651	2150	0	TRUE	HA:cds-XAJ25415.1	GGG	G	GGA	G	217
HA|PP755589.1|A/cattle/Texas/24-008749-003/2024(H5N1)	1052	T	A	2601	1538	35	32	7	36	0.0121534	2633	1.02049e-08	TRUE	HA:cds-XAJ25415.1	ATA	I	AAA	K	351
