REGION	POS	REF	ALT	REF_DP	REF_RV	REF_QUAL	ALT_DP	ALT_RV	ALT_QUAL	ALT_FREQ	TOTAL_DP	PVAL	PASS	GFF_FEATURE	REF_CODON	REF_AA	ALT_CODON	ALT_AA	POS_AA
PB2|PP755596.1|A/cattle/Texas/24-008749-003/2024(H5N1)	16	G	A	86	10	33	1	0	34	0.0114943	87	0.203747	FALSE	PB2:cds-XAJ25426.1	GAA	E	AAA	K	6
PB2|PP755596.1|A/cattle/Texas/24-008749-003/2024(H5N1)	36	A	G	139	21	33	2	2	34	0.0141844	141	0.0693551	FALSE	PB2:cds-XAJ25426.1	TCA	S	TCG	S	12
PB2|PP755596.1|A/cattle/Texas/24-008749-003/2024(H5N1)	125	A	G	474	148	33	5	1	34	0.0104384	479	0.0187158	FALSE	PB2:cds-XAJ25426.1	AAC	N	AGC	S	42
PB2|PP755596.1|A/cattle/Texas/24-008749-003/2024(H5N1)	264	A	G	573	344	33	16	12	34	0.0271647	589	9.81376e-06	TRUE	PB2:cds-XAJ25426.1	CGA	R	CGG	R	88
PB2|PP755596.1|A/cattle/Texas/24-008749-003/2024(H5N1)	362	A	G	577	270	33	8	4	33	0.0136752	585	0.00326183	TRUE	PB2:cds-XAJ25426.1	AAA	K	AGA	R	121
PB2|PP755596.1|A/cattle/Texas/24-008749-003/2024(H5N1)	741	A	G	0	0	0	598	265	33	1	598	0	TRUE	PB2:cds-XAJ25426.1	GGA	G	GGG	G	247
PB2|PP755596.1|A/cattle/Texas/24-008749-003/2024(H5N1)	764	C	T	0	0	0	580	272	33	1	580	0	TRUE	PB2:cds-XAJ25426.1	GCA	A	GTA	V	255
PB2|PP755596.1|A/cattle/Texas/24-008749-003/2024(H5N1)	1242	T	C	0	0	0	608	258	33	1	608	0	TRUE	PB2:cds-XAJ25426.1	GTT	V	GTC	V	414
PB2|PP755596.1|A/cattle/Texas/24-008749-003/2024(H5N1)	1615	A	G	0	0	0	619	334	33	1	619	0	TRUE	PB2:cds-XAJ25426.1	ATC	I	GTC	V	539
PB2|PP755596.1|A/cattle/Texas/24-008749-003/2024(H5N1)	2027	C	T	1	1	34	818	413	33	0.998779	819	0	TRUE	PB2:cds-XAJ25426.1	GCC	A	GTC	V	676
