REGION	POS	REF	ALT	REF_DP	REF_RV	REF_QUAL	ALT_DP	ALT_RV	ALT_QUAL	ALT_FREQ	TOTAL_DP	PVAL	PASS	GFF_FEATURE	REF_CODON	REF_AA	ALT_CODON	ALT_AA	POS_AA
NP|PP755592.1|A/cattle/Texas/24-008749-003/2024(H5N1)	16	A	N	356	84	30	6	2	30	0.0165289	363	0.000145385	TRUE	NP:cds-XAJ25419.1	ACC	T	NCC	X	6
NP|PP755592.1|A/cattle/Texas/24-008749-003/2024(H5N1)	144	A	C	2856	985	29	43	0	30	0.0148225	2901	2.5165e-11	TRUE	NP:cds-XAJ25419.1	AAA	K	AAC	N	48
NP|PP755592.1|A/cattle/Texas/24-008749-003/2024(H5N1)	819	G	A	0	0	0	3512	1948	29	0.995183	3529	0	TRUE	NP:cds-XAJ25419.1	AAG	K	AAA	K	273
NP|PP755592.1|A/cattle/Texas/24-008749-003/2024(H5N1)	885	A	G	7	5	30	3259	1606	29	0.988474	3297	0	TRUE	NP:cds-XAJ25419.1	GGA	G	GGG	G	295
NP|PP755592.1|A/cattle/Texas/24-008749-003/2024(H5N1)	889	T	A	3426	1651	30	38	34	30	0.0109573	3468	4.58905e-09	TRUE	NP:cds-XAJ25419.1	TCT	S	ACT	T	297
NP|PP755592.1|A/cattle/Texas/24-008749-003/2024(H5N1)	1200	A	T	3543	1833	30	46	0	30	0.0127955	3595	2.74165e-11	TRUE	NP:cds-XAJ25419.1	AGA	R	AGT	S	400
NP|PP755592.1|A/cattle/Texas/24-008749-003/2024(H5N1)	1442	T	G	2648	2346	30	27	27	30	0.0100897	2676	7.67352e-07	TRUE	NP:cds-XAJ25419.1	ATG	M	AGG	R	481
