REGION	POS	REF	ALT	REF_DP	REF_RV	REF_QUAL	ALT_DP	ALT_RV	ALT_QUAL	ALT_FREQ	TOTAL_DP	PVAL	PASS	GFF_FEATURE	REF_CODON	REF_AA	ALT_CODON	ALT_AA	POS_AA
NP|PP755592.1|A/cattle/Texas/24-008749-003/2024(H5N1)	12	A	G	89	10	39	3	0	37	0.0322581	93	0.000977157	TRUE	NP:cds-XAJ25419.1	CAA	Q	CAG	Q	4
NP|PP755592.1|A/cattle/Texas/24-008749-003/2024(H5N1)	12	A	C	89	10	39	1	0	37	0.0107527	93	0.0982533	FALSE	NP:cds-XAJ25419.1	CAA	Q	CAC	H	4
NP|PP755592.1|A/cattle/Texas/24-008749-003/2024(H5N1)	145	C	T	897	330	41	17	10	46	0.0185996	914	2.04305e-06	TRUE	NP:cds-XAJ25419.1	CTC	L	TTC	F	49
NP|PP755592.1|A/cattle/Texas/24-008749-003/2024(H5N1)	628	G	A	993	392	40	12	3	36	0.0119403	1005	0.000853301	TRUE	NP:cds-XAJ25419.1	GAA	E	AAA	K	210
NP|PP755592.1|A/cattle/Texas/24-008749-003/2024(H5N1)	918	G	A	1010	461	41	18	10	42	0.0175097	1028	1.15892e-06	TRUE	NP:cds-XAJ25419.1	CTG	L	CTA	L	306
NP|PP755592.1|A/cattle/Texas/24-008749-003/2024(H5N1)	930	T	C	0	0	0	1016	457	41	1	1016	0	TRUE	NP:cds-XAJ25419.1	AGT	S	AGC	S	310
NP|PP755592.1|A/cattle/Texas/24-008749-003/2024(H5N1)	993	G	A	960	482	40	10	5	45	0.0103093	970	0.000525347	TRUE	NP:cds-XAJ25419.1	ATG	M	ATA	I	331
NP|PP755592.1|A/cattle/Texas/24-008749-003/2024(H5N1)	1058	T	C	992	523	39	11	5	37	0.0109671	1003	0.00178846	TRUE	NP:cds-XAJ25419.1	GTC	V	GCC	A	353
NP|PP755592.1|A/cattle/Texas/24-008749-003/2024(H5N1)	1246	A	G	1018	475	40	16	12	39	0.0154739	1034	4.64755e-05	TRUE	NP:cds-XAJ25419.1	AGA	R	GGA	G	416
