REGION	POS	REF	ALT	REF_DP	REF_RV	REF_QUAL	ALT_DP	ALT_RV	ALT_QUAL	ALT_FREQ	TOTAL_DP	PVAL	PASS	GFF_FEATURE	REF_CODON	REF_AA	ALT_CODON	ALT_AA	POS_AA
NP|PP755584.1|A/cattle/Texas/24-008749-002/2024(H5N1)	199	G	A	3935	1824	33	109	40	33	0.0269535	4044	9.66049e-29	TRUE	NA	NA	NA	NA	NA	NA
NP|PP755584.1|A/cattle/Texas/24-008749-002/2024(H5N1)	219	A	G	3774	1780	33	128	62	33	0.0328037	3902	5.18492e-35	TRUE	NA	NA	NA	NA	NA	NA
NP|PP755584.1|A/cattle/Texas/24-008749-002/2024(H5N1)	306	C	A	1045	456	33	2271	1190	33	0.684861	3316	0	TRUE	NA	NA	NA	NA	NA	NA
NP|PP755584.1|A/cattle/Texas/24-008749-002/2024(H5N1)	412	A	G	3235	1935	33	48	27	33	0.0146208	3283	4.31407e-12	TRUE	NA	NA	NA	NA	NA	NA
NP|PP755584.1|A/cattle/Texas/24-008749-002/2024(H5N1)	498	G	A	54	30	33	2739	1343	33	0.980666	2793	0	TRUE	NA	NA	NA	NA	NA	NA
NP|PP755584.1|A/cattle/Texas/24-008749-002/2024(H5N1)	822	C	T	2636	1337	33	585	335	33	0.181564	3222	1.03531e-185	TRUE	NA	NA	NA	NA	NA	NA
NP|PP755584.1|A/cattle/Texas/24-008749-002/2024(H5N1)	870	C	T	59	35	33	2704	1279	33	0.978646	2763	0	TRUE	NA	NA	NA	NA	NA	NA
NP|PP755584.1|A/cattle/Texas/24-008749-002/2024(H5N1)	1014	T	C	191	122	33	2676	1432	33	0.933054	2868	0	TRUE	NA	NA	NA	NA	NA	NA
NP|PP755584.1|A/cattle/Texas/24-008749-002/2024(H5N1)	1086	A	G	3163	1471	33	93	51	32	0.0285627	3256	4.04683e-25	TRUE	NA	NA	NA	NA	NA	NA
NP|PP755584.1|A/cattle/Texas/24-008749-002/2024(H5N1)	1139	A	G	3495	1774	33	102	73	33	0.028357	3597	8.75616e-28	TRUE	NA	NA	NA	NA	NA	NA
NP|PP755584.1|A/cattle/Texas/24-008749-002/2024(H5N1)	1415	C	T	3990	3195	33	50	47	33	0.0123762	4040	1.31378e-11	TRUE	NA	NA	NA	NA	NA	NA
