REGION	POS	REF	ALT	REF_DP	REF_RV	REF_QUAL	ALT_DP	ALT_RV	ALT_QUAL	ALT_FREQ	TOTAL_DP	PVAL	PASS	GFF_FEATURE	REF_CODON	REF_AA	ALT_CODON	ALT_AA	POS_AA
PB2|PP755596.1|A/cattle/Texas/24-008749-003/2024(H5N1)	746	A	G	0	0	0	551	232	36	1	551	0	TRUE	PB2:cds-XAJ25426.1	GAA	E	GGA	G	249
PB2|PP755596.1|A/cattle/Texas/24-008749-003/2024(H5N1)	764	C	T	0	0	0	558	239	36	1	558	0	TRUE	PB2:cds-XAJ25426.1	GCA	A	GTA	V	255
PB2|PP755596.1|A/cattle/Texas/24-008749-003/2024(H5N1)	1242	T	C	0	0	0	419	161	36	1	419	1.36694e-255	TRUE	PB2:cds-XAJ25426.1	GTT	V	GTC	V	414
PB2|PP755596.1|A/cattle/Texas/24-008749-003/2024(H5N1)	1311	C	T	0	0	0	466	202	35	0.997859	467	3.16184e-292	TRUE	PB2:cds-XAJ25426.1	CAC	H	CAT	H	437
PB2|PP755596.1|A/cattle/Texas/24-008749-003/2024(H5N1)	2218	G	A	0	0	0	402	346	36	1	402	2.69452e-243	TRUE	PB2:cds-XAJ25426.1	GAC	D	AAC	N	740
PB2|PP755596.1|A/cattle/Texas/24-008749-003/2024(H5N1)	2279	A	C	26	22	31	1	1	22	0.037037	27	0.263987	FALSE	PB2:cds-XAJ25426.1	TAG	*	TCG	S	760
