REGION	POS	REF	ALT	REF_DP	REF_RV	REF_QUAL	ALT_DP	ALT_RV	ALT_QUAL	ALT_FREQ	TOTAL_DP	PVAL	PASS	GFF_FEATURE	REF_CODON	REF_AA	ALT_CODON	ALT_AA	POS_AA
PA|PP755594.1|A/cattle/Texas/24-008749-003/2024(H5N1)	26	T	C	56	4	36	1	0	37	0.0175439	57	0.161017	FALSE	PA:cds-XAJ25422.1	TTC	F	TCC	S	9
PA|PP755594.1|A/cattle/Texas/24-008749-003/2024(H5N1)	26	T	C	56	4	36	1	0	37	0.0175439	57	0.161017	FALSE	PA-X:cds-XAJ25423.1	TTC	F	TCC	S	9
PA|PP755594.1|A/cattle/Texas/24-008749-003/2024(H5N1)	42	C	T	90	9	37	1	0	37	0.010989	91	0.21875	FALSE	PA:cds-XAJ25422.1	GTC	V	GTT	V	14
PA|PP755594.1|A/cattle/Texas/24-008749-003/2024(H5N1)	42	C	T	90	9	37	1	0	37	0.010989	91	0.21875	FALSE	PA-X:cds-XAJ25423.1	GTC	V	GTT	V	14
PA|PP755594.1|A/cattle/Texas/24-008749-003/2024(H5N1)	50	C	T	97	11	36	1	0	25	0.0102041	98	0.649052	FALSE	PA:cds-XAJ25422.1	GCG	A	GTG	V	17
PA|PP755594.1|A/cattle/Texas/24-008749-003/2024(H5N1)	50	C	T	97	11	36	1	0	25	0.0102041	98	0.649052	FALSE	PA-X:cds-XAJ25423.1	GCG	A	GTG	V	17
PA|PP755594.1|A/cattle/Texas/24-008749-003/2024(H5N1)	51	G	A	95	11	36	1	0	37	0.0104167	96	0.225882	FALSE	PA:cds-XAJ25422.1	GCG	A	GCA	A	17
PA|PP755594.1|A/cattle/Texas/24-008749-003/2024(H5N1)	51	G	A	95	11	36	1	0	37	0.0104167	96	0.225882	FALSE	PA-X:cds-XAJ25423.1	GCG	A	GCA	A	17
PA|PP755594.1|A/cattle/Texas/24-008749-003/2024(H5N1)	108	C	T	172	32	36	2	1	37	0.0114943	174	0.0924878	FALSE	PA:cds-XAJ25422.1	GCC	A	GCT	A	36
PA|PP755594.1|A/cattle/Texas/24-008749-003/2024(H5N1)	108	C	T	172	32	36	2	1	37	0.0114943	174	0.0924878	FALSE	PA-X:cds-XAJ25423.1	GCC	A	GCT	A	36
PA|PP755594.1|A/cattle/Texas/24-008749-003/2024(H5N1)	939	A	+T	535	146	36	6	0	20	0.0110294	544	0.497491	FALSE	NA	NA	NA	NA	NA	NA
