REGION	POS	REF	ALT	REF_DP	REF_RV	REF_QUAL	ALT_DP	ALT_RV	ALT_QUAL	ALT_FREQ	TOTAL_DP	PVAL	PASS	GFF_FEATURE	REF_CODON	REF_AA	ALT_CODON	ALT_AA	POS_AA
NP|PP755592.1|A/cattle/Texas/24-008749-003/2024(H5N1)	21	A	G	834	318	33	10	0	34	0.0118483	844	8.27539e-06	TRUE	NP:cds-XAJ25419.1	AAA	K	AAG	K	7
NP|PP755592.1|A/cattle/Texas/24-008749-003/2024(H5N1)	28	T	C	1090	447	33	13	4	34	0.011786	1103	7.2843e-07	TRUE	NP:cds-XAJ25419.1	TAT	Y	CAT	H	10
NP|PP755592.1|A/cattle/Texas/24-008749-003/2024(H5N1)	531	G	A	1	1	34	3413	1264	33	0.999707	3414	0	TRUE	NP:cds-XAJ25419.1	GGG	G	GGA	G	177
NP|PP755592.1|A/cattle/Texas/24-008749-003/2024(H5N1)	1208	C	G	4766	2236	33	58	22	34	0.0120207	4825	6.77272e-14	TRUE	NP:cds-XAJ25419.1	GCA	A	GGA	G	403
NP|PP755592.1|A/cattle/Texas/24-008749-003/2024(H5N1)	1355	G	A	4	2	34	5633	3578	33	0.99929	5637	0	TRUE	NP:cds-XAJ25419.1	AGA	R	AAA	K	452
