REGION	POS	REF	ALT	REF_DP	REF_RV	REF_QUAL	ALT_DP	ALT_RV	ALT_QUAL	ALT_FREQ	TOTAL_DP	PVAL	PASS	GFF_FEATURE	REF_CODON	REF_AA	ALT_CODON	ALT_AA	POS_AA
NA|PP755591.1|A/cattle/Texas/24-008749-003/2024(H5N1)	46	G	C	0	0	0	427	140	37	1	427	5.41751e-301	TRUE	NA:cds-XAJ25418.1	GTA	V	CTA	L	16
NA|PP755591.1|A/cattle/Texas/24-008749-003/2024(H5N1)	57	A	G	617	238	38	16	6	36	0.0252765	633	2.13716e-06	TRUE	NA:cds-XAJ25418.1	ATA	I	ATG	M	19
NA|PP755591.1|A/cattle/Texas/24-008749-003/2024(H5N1)	199	A	G	0	0	0	1834	783	38	0.999455	1835	0	TRUE	NA:cds-XAJ25418.1	ATC	I	GTC	V	67
NA|PP755591.1|A/cattle/Texas/24-008749-003/2024(H5N1)	212	G	A	0	0	0	1963	857	37	1	1963	0	TRUE	NA:cds-XAJ25418.1	AGT	S	AAT	N	71
NA|PP755591.1|A/cattle/Texas/24-008749-003/2024(H5N1)	330	T	C	0	0	0	1746	783	37	1	1746	0	TRUE	NA:cds-XAJ25418.1	TCT	S	TCC	S	110
NA|PP755591.1|A/cattle/Texas/24-008749-003/2024(H5N1)	360	A	G	2	1	38	1921	851	36	0.99896	1923	0	TRUE	NA:cds-XAJ25418.1	CCA	P	CCG	P	120
NA|PP755591.1|A/cattle/Texas/24-008749-003/2024(H5N1)	444	A	C	0	0	0	2026	927	36	1	2026	0	TRUE	NA:cds-XAJ25418.1	ACA	T	ACC	T	148
NA|PP755591.1|A/cattle/Texas/24-008749-003/2024(H5N1)	498	T	A	2077	921	37	185	80	36	0.081786	2262	8.44394e-58	TRUE	NA:cds-XAJ25418.1	GCT	A	GCA	A	166
NA|PP755591.1|A/cattle/Texas/24-008749-003/2024(H5N1)	696	T	G	0	0	0	2317	1215	36	0.998707	2320	0	TRUE	NA:cds-XAJ25418.1	GCT	A	GCG	A	232
NA|PP755591.1|A/cattle/Texas/24-008749-003/2024(H5N1)	711	C	T	0	0	0	2330	1290	37	1	2330	0	TRUE	NA:cds-XAJ25418.1	TCC	S	TCT	S	237
NA|PP755591.1|A/cattle/Texas/24-008749-003/2024(H5N1)	798	A	G	1	1	39	2443	1323	37	0.999182	2445	0	TRUE	NA:cds-XAJ25418.1	TCA	S	TCG	S	266
NA|PP755591.1|A/cattle/Texas/24-008749-003/2024(H5N1)	805	A	T	3	2	37	2411	1315	37	0.998344	2415	0	TRUE	NA:cds-XAJ25418.1	ATG	M	TTG	L	269
NA|PP755591.1|A/cattle/Texas/24-008749-003/2024(H5N1)	897	G	A	0	0	0	2046	1169	36	1	2046	0	TRUE	NA:cds-XAJ25418.1	TCG	S	TCA	S	299
NA|PP755591.1|A/cattle/Texas/24-008749-003/2024(H5N1)	961	A	G	1	0	39	2179	651	35	0.994523	2191	0	TRUE	NA:cds-XAJ25418.1	ATT	I	GTT	V	321
NA|PP755591.1|A/cattle/Texas/24-008749-003/2024(H5N1)	1015	C	T	0	0	0	4969	2081	37	0.999799	4970	0	TRUE	NA:cds-XAJ25418.1	CCC	P	TCC	S	339
NA|PP755591.1|A/cattle/Texas/24-008749-003/2024(H5N1)	1302	T	C	1	1	39	3236	2144	37	0.999382	3238	0	TRUE	NA:cds-XAJ25418.1	AAT	N	AAC	N	434
NA|PP755591.1|A/cattle/Texas/24-008749-003/2024(H5N1)	1387	T	C	783	458	36	50	30	37	0.060024	833	7.33273e-17	TRUE	NA:cds-XAJ25418.1	TTG	L	CTG	L	463
