REGION	POS	REF	ALT	REF_DP	REF_RV	REF_QUAL	ALT_DP	ALT_RV	ALT_QUAL	ALT_FREQ	TOTAL_DP	PVAL	PASS	GFF_FEATURE	REF_CODON	REF_AA	ALT_CODON	ALT_AA	POS_AA
NA|PP755591.1|A/cattle/Texas/24-008749-003/2024(H5N1)	186	A	G	11751	5011	33	447	202	33	0.0366454	12198	9.5789e-121	TRUE	NA:cds-XAJ25418.1	GTA	V	GTG	V	62
NA|PP755591.1|A/cattle/Texas/24-008749-003/2024(H5N1)	390	A	G	11211	5553	33	440	249	33	0.0377618	11652	1.27474e-118	TRUE	NA:cds-XAJ25418.1	AGA	R	AGG	R	130
NA|PP755591.1|A/cattle/Texas/24-008749-003/2024(H5N1)	927	T	C	10498	5645	33	392	170	33	0.0359831	10894	5.96585e-109	TRUE	NA:cds-XAJ25418.1	AAT	N	AAC	N	309
NA|PP755591.1|A/cattle/Texas/24-008749-003/2024(H5N1)	1101	C	T	12270	6134	33	496	301	33	0.0388471	12768	3.61351e-133	TRUE	NA:cds-XAJ25418.1	TCC	S	TCT	S	367
NA|PP755591.1|A/cattle/Texas/24-008749-003/2024(H5N1)	1289	G	C	6425	3163	32	134	134	28	0.0204299	6559	8.66798e-09	TRUE	NA:cds-XAJ25418.1	AGG	R	ACG	T	430
