REGION	POS	REF	ALT	REF_DP	REF_RV	REF_QUAL	ALT_DP	ALT_RV	ALT_QUAL	ALT_FREQ	TOTAL_DP	PVAL	PASS	GFF_FEATURE	REF_CODON	REF_AA	ALT_CODON	ALT_AA	POS_AA
MP|PP755590.1|A/cattle/Texas/24-008749-003/2024(H5N1)	285	A	G	4	1	37	17955	8727	36	0.999777	17959	0	TRUE	M1:cds-XAJ25416.1	AGA	R	AGG	R	95
MP|PP755590.1|A/cattle/Texas/24-008749-003/2024(H5N1)	417	C	A	2	1	37	18725	9363	36	0.999093	18742	0	TRUE	M1:cds-XAJ25416.1	ACC	T	ACA	T	139
MP|PP755590.1|A/cattle/Texas/24-008749-003/2024(H5N1)	456	A	G	11	4	35	17913	8253	36	0.999331	17925	0	TRUE	M1:cds-XAJ25416.1	GAA	E	GAG	E	152
MP|PP755590.1|A/cattle/Texas/24-008749-003/2024(H5N1)	516	G	A	5	4	32	18899	9729	36	0.999683	18905	0	TRUE	M1:cds-XAJ25416.1	CTG	L	CTA	L	172
MP|PP755590.1|A/cattle/Texas/24-008749-003/2024(H5N1)	591	G	A	14176	7236	36	3931	1788	36	0.217098	18107	0	TRUE	M1:cds-XAJ25416.1	GAG	E	GAA	E	197
MP|PP755590.1|A/cattle/Texas/24-008749-003/2024(H5N1)	882	C	T	3	3	33	18092	15192	36	0.999392	18103	0	TRUE	M2:cds-XAJ25417.1	ACG	T	ATG	M	56
