REGION	POS	REF	ALT	REF_DP	REF_RV	REF_QUAL	ALT_DP	ALT_RV	ALT_QUAL	ALT_FREQ	TOTAL_DP	PVAL	PASS	GFF_FEATURE	REF_CODON	REF_AA	ALT_CODON	ALT_AA	POS_AA
PB2|PP755596.1|A/cattle/Texas/24-008749-003/2024(H5N1)	2	T	G	36	6	25	1	0	23	0.027027	37	0.321077	FALSE	PB2:cds-XAJ25426.1	ATG	M	AGG	R	1
PB2|PP755596.1|A/cattle/Texas/24-008749-003/2024(H5N1)	630	G	A	0	0	0	447	265	35	1	447	1.85119e-297	TRUE	PB2:cds-XAJ25426.1	GAG	E	GAA	E	210
PB2|PP755596.1|A/cattle/Texas/24-008749-003/2024(H5N1)	764	C	T	0	0	0	566	266	36	1	566	0	TRUE	PB2:cds-XAJ25426.1	GCA	A	GTA	V	255
PB2|PP755596.1|A/cattle/Texas/24-008749-003/2024(H5N1)	981	A	G	0	0	0	611	290	36	1	611	0	TRUE	PB2:cds-XAJ25426.1	GGA	G	GGG	G	327
PB2|PP755596.1|A/cattle/Texas/24-008749-003/2024(H5N1)	1322	A	G	569	302	35	31	16	36	0.0515807	601	1.14655e-10	TRUE	PB2:cds-XAJ25426.1	AAT	N	AGT	S	441
PB2|PP755596.1|A/cattle/Texas/24-008749-003/2024(H5N1)	2053	G	A	71	48	35	844	500	35	0.922404	915	0	TRUE	PB2:cds-XAJ25426.1	GGA	G	AGA	R	685
PB2|PP755596.1|A/cattle/Texas/24-008749-003/2024(H5N1)	2254	A	G	2356	1976	36	111	99	34	0.0449939	2467	7.84458e-32	TRUE	PB2:cds-XAJ25426.1	AAA	K	GAA	E	752
