REGION	POS	REF	ALT	REF_DP	REF_RV	REF_QUAL	ALT_DP	ALT_RV	ALT_QUAL	ALT_FREQ	TOTAL_DP	PVAL	PASS	GFF_FEATURE	REF_CODON	REF_AA	ALT_CODON	ALT_AA	POS_AA
NS|PP755593.1|A/cattle/Texas/24-008749-003/2024(H5N1)	222	T	C	8	2	35	10193	4176	36	0.999216	10201	0	TRUE	NS1:cds-XAJ25420.1	GAT	D	GAC	D	74
NS|PP755593.1|A/cattle/Texas/24-008749-003/2024(H5N1)	231	C	-AAAATG	9417	4120	36	8881	0	20	0.92752	9575	0	TRUE	NA	NA	NA	NA	NA	NA
NS|PP755593.1|A/cattle/Texas/24-008749-003/2024(H5N1)	237	G	C	0	0	0	2	2	23	1	2	0.000102581	TRUE	NS1:cds-XAJ25420.1	ATG	M	ATC	I	79
NS|PP755593.1|A/cattle/Texas/24-008749-003/2024(H5N1)	387	A	G	11161	4805	36	2792	1329	36	0.200072	13955	0	TRUE	NS1:cds-XAJ25420.1	ATA	I	ATG	M	129
