REGION	POS	REF	ALT	REF_DP	REF_RV	REF_QUAL	ALT_DP	ALT_RV	ALT_QUAL	ALT_FREQ	TOTAL_DP	PVAL	PASS	GFF_FEATURE	REF_CODON	REF_AA	ALT_CODON	ALT_AA	POS_AA
PA|PP755594.1|A/cattle/Texas/24-008749-003/2024(H5N1)	59	C	-AATG	4842	1808	33	349	0	20	0.0322551	10820	3.66561e-85	TRUE	NA	NA	NA	NA	NA	NA
PA|PP755594.1|A/cattle/Texas/24-008749-003/2024(H5N1)	110	C	-AATAT	6352	2849	33	182	0	20	0.016799	10834	2.15848e-18	TRUE	NA	NA	NA	NA	NA	NA
PA|PP755594.1|A/cattle/Texas/24-008749-003/2024(H5N1)	209	C	-ATT	2051	1123	33	35	0	20	0.0155694	2248	0.0296191	FALSE	NA	NA	NA	NA	NA	NA
PA|PP755594.1|A/cattle/Texas/24-008749-003/2024(H5N1)	324	T	C	0	0	0	664	266	33	1	664	0	TRUE	PA:cds-XAJ25422.1	GAT	D	GAC	D	108
PA|PP755594.1|A/cattle/Texas/24-008749-003/2024(H5N1)	324	T	C	0	0	0	664	266	33	1	664	0	TRUE	PA-X:cds-XAJ25423.1	GAT	D	GAC	D	108
PA|PP755594.1|A/cattle/Texas/24-008749-003/2024(H5N1)	1545	C	T	0	0	0	720	409	33	1	720	0	TRUE	PA:cds-XAJ25422.1	ACC	T	ACT	T	515
PA|PP755594.1|A/cattle/Texas/24-008749-003/2024(H5N1)	1807	A	G	3	1	32	989	511	33	0.996976	992	0	TRUE	PA:cds-XAJ25422.1	AAA	K	GAA	E	603
PA|PP755594.1|A/cattle/Texas/24-008749-003/2024(H5N1)	2048	T	-TGGGGGGCTATA	11186	6621	33	578	0	20	0.0456304	12667	7.30776e-80	TRUE	NA	NA	NA	NA	NA	NA
PA|PP755594.1|A/cattle/Texas/24-008749-003/2024(H5N1)	2049	T	-G	10641	6659	33	367	0	20	0.0282373	12997	7.3601e-38	TRUE	NA	NA	NA	NA	NA	NA
