REGION	POS	REF	ALT	REF_DP	REF_RV	REF_QUAL	ALT_DP	ALT_RV	ALT_QUAL	ALT_FREQ	TOTAL_DP	PVAL	PASS	GFF_FEATURE	REF_CODON	REF_AA	ALT_CODON	ALT_AA	POS_AA
NP|PP755592.1|A/cattle/Texas/24-008749-003/2024(H5N1)	350	G	A	2	2	55	3162	1808	39	0.999368	3164	0	TRUE	NP:cds-XAJ25419.1	AGA	R	AAA	K	117
NP|PP755592.1|A/cattle/Texas/24-008749-003/2024(H5N1)	387	A	C	0	0	0	3555	2271	40	0.999157	3558	0	TRUE	NP:cds-XAJ25419.1	GCA	A	GCC	A	129
NP|PP755592.1|A/cattle/Texas/24-008749-003/2024(H5N1)	684	A	G	2876	1650	39	72	48	38	0.0244233	2948	3.58084e-20	TRUE	NP:cds-XAJ25419.1	GGA	G	GGG	G	228
NP|PP755592.1|A/cattle/Texas/24-008749-003/2024(H5N1)	1467	C	T	1	1	37	1997	1894	39	0.999499	1998	0	TRUE	NP:cds-XAJ25419.1	TTC	F	TTT	F	489
