REGION	POS	REF	ALT	REF_DP	REF_RV	REF_QUAL	ALT_DP	ALT_RV	ALT_QUAL	ALT_FREQ	TOTAL_DP	PVAL	PASS	GFF_FEATURE	REF_CODON	REF_AA	ALT_CODON	ALT_AA	POS_AA
NA|PP755591.1|A/cattle/Texas/24-008749-003/2024(H5N1)	20	T	C	91	5	41	1	0	37	0.0108696	92	0.173913	FALSE	NA:cds-XAJ25418.1	ATA	I	ACA	T	7
NA|PP755591.1|A/cattle/Texas/24-008749-003/2024(H5N1)	465	T	C	2	1	37	1104	411	39	0.998192	1106	0	TRUE	NA:cds-XAJ25418.1	TAT	Y	TAC	Y	155
NA|PP755591.1|A/cattle/Texas/24-008749-003/2024(H5N1)	742	A	G	6	5	33	1105	597	39	0.994599	1111	0	TRUE	NA:cds-XAJ25418.1	AAT	N	GAT	D	248
NA|PP755591.1|A/cattle/Texas/24-008749-003/2024(H5N1)	978	C	T	0	0	0	1231	420	39	1	1231	0	TRUE	NA:cds-XAJ25418.1	CCC	P	CCT	P	326
