REGION	POS	REF	ALT	REF_DP	REF_RV	REF_QUAL	ALT_DP	ALT_RV	ALT_QUAL	ALT_FREQ	TOTAL_DP	PVAL	PASS	GFF_FEATURE	REF_CODON	REF_AA	ALT_CODON	ALT_AA	POS_AA
NP|PP755592.1|A/cattle/Texas/24-008749-003/2024(H5N1)	12	A	G	261	31	38	4	0	55	0.0150943	265	0.00012962	TRUE	NP:cds-XAJ25419.1	CAA	Q	CAG	Q	4
NP|PP755592.1|A/cattle/Texas/24-008749-003/2024(H5N1)	579	G	A	0	0	0	2944	1088	40	1	2944	0	TRUE	NP:cds-XAJ25419.1	TTG	L	TTA	L	193
NP|PP755592.1|A/cattle/Texas/24-008749-003/2024(H5N1)	924	G	A	1	0	37	2906	1224	40	0.999656	2907	0	TRUE	NP:cds-XAJ25419.1	CAG	Q	CAA	Q	308
NP|PP755592.1|A/cattle/Texas/24-008749-003/2024(H5N1)	1355	G	A	2459	1774	44	34	21	40	0.0136382	2493	1.26402e-12	TRUE	NP:cds-XAJ25419.1	AGA	R	AAA	K	452
