REGION	POS	REF	ALT	REF_DP	REF_RV	REF_QUAL	ALT_DP	ALT_RV	ALT_QUAL	ALT_FREQ	TOTAL_DP	PVAL	PASS	GFF_FEATURE	REF_CODON	REF_AA	ALT_CODON	ALT_AA	POS_AA
PB2|PP755588.1|A/cattle/Texas/24-008749-002/2024(H5N1)	321	T	C	2268	1226	36	953	467	36	0.295779	3222	0	TRUE	NA	NA	NA	NA	NA	NA
PB2|PP755588.1|A/cattle/Texas/24-008749-002/2024(H5N1)	630	G	A	2	2	31	2312	1414	35	0.998704	2315	0	TRUE	NA	NA	NA	NA	NA	NA
PB2|PP755588.1|A/cattle/Texas/24-008749-002/2024(H5N1)	723	G	A	3057	1632	36	45	26	35	0.0145068	3102	4.08821e-11	TRUE	NA	NA	NA	NA	NA	NA
PB2|PP755588.1|A/cattle/Texas/24-008749-002/2024(H5N1)	765	A	G	2872	1348	36	30	20	36	0.0103377	2902	9.18455e-08	TRUE	NA	NA	NA	NA	NA	NA
PB2|PP755588.1|A/cattle/Texas/24-008749-002/2024(H5N1)	1737	A	C	2965	1750	36	439	217	36	0.128966	3404	3.1771e-137	TRUE	NA	NA	NA	NA	NA	NA
PB2|PP755588.1|A/cattle/Texas/24-008749-002/2024(H5N1)	1821	T	C	2556	1395	36	1111	470	36	0.30289	3668	0	TRUE	NA	NA	NA	NA	NA	NA
