REGION	POS	REF	ALT	REF_DP	REF_RV	REF_QUAL	ALT_DP	ALT_RV	ALT_QUAL	ALT_FREQ	TOTAL_DP	PVAL	PASS	GFF_FEATURE	REF_CODON	REF_AA	ALT_CODON	ALT_AA	POS_AA
MP|PP755590.1|A/cattle/Texas/24-008749-003/2024(H5N1)	245	G	A	2	1	39	16779	7624	38	0.999762	16783	0	TRUE	M1:cds-XAJ25416.1	AGT	S	AAT	N	82
MP|PP755590.1|A/cattle/Texas/24-008749-003/2024(H5N1)	249	C	T	4	2	38	16801	7538	38	0.999702	16806	0	TRUE	M1:cds-XAJ25416.1	GCC	A	GCT	A	83
MP|PP755590.1|A/cattle/Texas/24-008749-003/2024(H5N1)	254	G	A	5	2	32	16717	7287	38	0.999522	16725	0	TRUE	M1:cds-XAJ25416.1	AGT	S	AAT	N	85
MP|PP755590.1|A/cattle/Texas/24-008749-003/2024(H5N1)	255	T	C	11	7	37	16742	7296	37	0.999284	16754	0	TRUE	M1:cds-XAJ25416.1	AGT	S	AGC	S	85
MP|PP755590.1|A/cattle/Texas/24-008749-003/2024(H5N1)	260	C	A	0	0	0	17044	7467	36	0.999883	17046	0	TRUE	M1:cds-XAJ25416.1	ACT	T	AAT	N	87
MP|PP755590.1|A/cattle/Texas/24-008749-003/2024(H5N1)	285	A	G	2	1	37	17785	8289	37	0.999663	17791	0	TRUE	M1:cds-XAJ25416.1	AGA	R	AGG	R	95
MP|PP755590.1|A/cattle/Texas/24-008749-003/2024(H5N1)	307	C	T	4	1	39	19479	9311	38	0.999538	19488	0	TRUE	M1:cds-XAJ25416.1	CTG	L	TTG	L	103
MP|PP755590.1|A/cattle/Texas/24-008749-003/2024(H5N1)	456	A	G	5	1	37	22848	11458	38	0.999781	22853	0	TRUE	M1:cds-XAJ25416.1	GAA	E	GAG	E	152
MP|PP755590.1|A/cattle/Texas/24-008749-003/2024(H5N1)	516	G	A	5	2	37	22753	10718	38	0.99978	22758	0	TRUE	M1:cds-XAJ25416.1	CTG	L	CTA	L	172
MP|PP755590.1|A/cattle/Texas/24-008749-003/2024(H5N1)	534	A	G	21194	9342	38	243	103	38	0.0113345	21439	9.7232e-51	TRUE	M1:cds-XAJ25416.1	AGA	R	AGG	R	178
MP|PP755590.1|A/cattle/Texas/24-008749-003/2024(H5N1)	540	T	G	7	3	38	20161	8947	37	0.999405	20173	0	TRUE	M1:cds-XAJ25416.1	GTT	V	GTG	V	180
MP|PP755590.1|A/cattle/Texas/24-008749-003/2024(H5N1)	639	G	A	7	5	38	18934	9076	37	0.999578	18942	0	TRUE	M1:cds-XAJ25416.1	GTG	V	GTA	V	213
MP|PP755590.1|A/cattle/Texas/24-008749-003/2024(H5N1)	679	A	G	4	1	37	18917	10178	37	0.999472	18927	0	TRUE	M1:cds-XAJ25416.1	ACC	T	GCC	A	227
MP|PP755590.1|A/cattle/Texas/24-008749-003/2024(H5N1)	950	A	G	0	0	0	2364	1948	37	1	2364	0	TRUE	M2:cds-XAJ25417.1	AAT	N	GAT	D	79
