REGION	POS	REF	ALT	REF_DP	REF_RV	REF_QUAL	ALT_DP	ALT_RV	ALT_QUAL	ALT_FREQ	TOTAL_DP	PVAL	PASS	GFF_FEATURE	REF_CODON	REF_AA	ALT_CODON	ALT_AA	POS_AA
PB1|PP755595.1|A/cattle/Texas/24-008749-003/2024(H5N1)	30	G	-AAAGTTCC	1694	770	33	57	0	20	0.0136756	4168	2.88353e-09	TRUE	NA	NA	NA	NA	NA	NA
PB1|PP755595.1|A/cattle/Texas/24-008749-003/2024(H5N1)	138	A	G	1	0	34	4564	2103	32	0.999124	4568	0	TRUE	PB1:cds-XAJ25424.1	ACA	T	ACG	T	46
PB1|PP755595.1|A/cattle/Texas/24-008749-003/2024(H5N1)	138	A	G	1	0	34	4564	2103	32	0.999124	4568	0	TRUE	PB1-F2:cds-XAJ25425.1	CAC	H	CGC	R	15
PB1|PP755595.1|A/cattle/Texas/24-008749-003/2024(H5N1)	498	C	T	0	0	0	1567	748	31	1	1567	0	TRUE	PB1:cds-XAJ25424.1	TTC	F	TTT	F	166
PB1|PP755595.1|A/cattle/Texas/24-008749-003/2024(H5N1)	741	A	G	0	0	0	1481	759	33	1	1481	0	TRUE	PB1:cds-XAJ25424.1	CAA	Q	CAG	Q	247
PB1|PP755595.1|A/cattle/Texas/24-008749-003/2024(H5N1)	936	C	T	0	0	0	1563	788	33	0.999361	1564	0	TRUE	PB1:cds-XAJ25424.1	AAC	N	AAT	N	312
PB1|PP755595.1|A/cattle/Texas/24-008749-003/2024(H5N1)	1196	G	A	1422	716	33	376	184	33	0.209121	1798	7.03315e-123	TRUE	PB1:cds-XAJ25424.1	GGT	G	GAT	D	399
PB1|PP755595.1|A/cattle/Texas/24-008749-003/2024(H5N1)	1992	C	A	5487	2758	33	306	142	32	0.0527859	5797	4.2571e-87	TRUE	PB1:cds-XAJ25424.1	CAC	H	CAA	Q	664
PB1|PP755595.1|A/cattle/Texas/24-008749-003/2024(H5N1)	2000	T	C	0	0	0	5496	2736	33	0.999818	5497	0	TRUE	PB1:cds-XAJ25424.1	ATC	I	ACC	T	667
PB1|PP755595.1|A/cattle/Texas/24-008749-003/2024(H5N1)	2210	A	-G	10293	5407	33	287	0	20	0.0275908	10402	6.95287e-21	TRUE	NA	NA	NA	NA	NA	NA
PB1|PP755595.1|A/cattle/Texas/24-008749-003/2024(H5N1)	2212	G	-A	8969	4767	33	138	0	20	0.0144791	9531	0.000893198	TRUE	NA	NA	NA	NA	NA	NA
