REGION	POS	REF	ALT	REF_DP	REF_RV	REF_QUAL	ALT_DP	ALT_RV	ALT_QUAL	ALT_FREQ	TOTAL_DP	PVAL	PASS	GFF_FEATURE	REF_CODON	REF_AA	ALT_CODON	ALT_AA	POS_AA
MP|PP755590.1|A/cattle/Texas/24-008749-003/2024(H5N1)	216	A	G	7	2	41	26594	12125	39	0.999549	26606	0	TRUE	M1:cds-XAJ25416.1	CGA	R	CGG	R	72
MP|PP755590.1|A/cattle/Texas/24-008749-003/2024(H5N1)	564	T	C	4	1	32	27742	13492	39	0.999712	27750	0	TRUE	M1:cds-XAJ25416.1	GCT	A	GCC	A	188
MP|PP755590.1|A/cattle/Texas/24-008749-003/2024(H5N1)	639	G	A	10	7	37	28109	13313	37	0.999538	28122	0	TRUE	M1:cds-XAJ25416.1	GTG	V	GTA	V	213
MP|PP755590.1|A/cattle/Texas/24-008749-003/2024(H5N1)	771	T	C	6	4	44	27383	13031	40	0.999744	27390	0	TRUE	M2:cds-XAJ25417.1	ATT	I	ACT	T	19
