REGION	POS	REF	ALT	REF_DP	REF_RV	REF_QUAL	ALT_DP	ALT_RV	ALT_QUAL	ALT_FREQ	TOTAL_DP	PVAL	PASS	GFF_FEATURE	REF_CODON	REF_AA	ALT_CODON	ALT_AA	POS_AA
MP|PP755590.1|A/cattle/Texas/24-008749-003/2024(H5N1)	11	T	C	376	48	40	4	1	32	0.0105263	380	0.00294084	TRUE	M2:cds-XAJ25417.1	CTA	L	CCA	P	4
MP|PP755590.1|A/cattle/Texas/24-008749-003/2024(H5N1)	11	T	C	376	48	40	4	1	32	0.0105263	380	0.00294084	TRUE	M1:cds-XAJ25416.1	CTA	L	CCA	P	4
MP|PP755590.1|A/cattle/Texas/24-008749-003/2024(H5N1)	245	G	A	2	0	43	4780	2374	50	0.999582	4782	0	TRUE	M1:cds-XAJ25416.1	AGT	S	AAT	N	82
MP|PP755590.1|A/cattle/Texas/24-008749-003/2024(H5N1)	249	C	T	4	2	56	4828	2401	51	0.999172	4832	0	TRUE	M1:cds-XAJ25416.1	GCC	A	GCT	A	83
MP|PP755590.1|A/cattle/Texas/24-008749-003/2024(H5N1)	254	G	A	1	1	37	4807	2401	50	0.999376	4810	0	TRUE	M1:cds-XAJ25416.1	AGT	S	AAT	N	85
MP|PP755590.1|A/cattle/Texas/24-008749-003/2024(H5N1)	260	C	A	1	0	38	4759	2479	50	0.99916	4763	0	TRUE	M1:cds-XAJ25416.1	ACT	T	AAT	N	87
MP|PP755590.1|A/cattle/Texas/24-008749-003/2024(H5N1)	271	A	T	4976	2425	50	609	532	43	0.108964	5589	1.01387e-233	TRUE	M1:cds-XAJ25416.1	AAC	N	TAC	Y	91
MP|PP755590.1|A/cattle/Texas/24-008749-003/2024(H5N1)	285	A	G	2	2	39	5585	2899	48	0.999642	5587	0	TRUE	M1:cds-XAJ25416.1	AGA	R	AGG	R	95
MP|PP755590.1|A/cattle/Texas/24-008749-003/2024(H5N1)	382	A	T	6306	2718	48	96	17	44	0.014986	6406	1.1112e-35	TRUE	M1:cds-XAJ25416.1	ATG	M	TTG	L	128
MP|PP755590.1|A/cattle/Texas/24-008749-003/2024(H5N1)	416	C	G	6564	2619	48	69	18	40	0.0103947	6638	9.22881e-26	TRUE	M1:cds-XAJ25416.1	ACC	T	AGC	S	139
MP|PP755590.1|A/cattle/Texas/24-008749-003/2024(H5N1)	456	A	G	1	0	70	6398	2485	49	0.999844	6399	0	TRUE	M1:cds-XAJ25416.1	GAA	E	GAG	E	152
MP|PP755590.1|A/cattle/Texas/24-008749-003/2024(H5N1)	516	G	A	0	0	0	6463	2610	49	0.999845	6464	0	TRUE	M1:cds-XAJ25416.1	CTG	L	CTA	L	172
MP|PP755590.1|A/cattle/Texas/24-008749-003/2024(H5N1)	540	T	G	0	0	0	6208	2554	46	0.998392	6218	0	TRUE	M1:cds-XAJ25416.1	GTT	V	GTG	V	180
MP|PP755590.1|A/cattle/Texas/24-008749-003/2024(H5N1)	553	A	C	6177	2728	47	106	46	38	0.0168656	6285	3.66088e-29	TRUE	M1:cds-XAJ25416.1	ACA	T	CCA	P	185
MP|PP755590.1|A/cattle/Texas/24-008749-003/2024(H5N1)	679	A	G	4	1	47	5197	2957	49	0.999231	5201	0	TRUE	M1:cds-XAJ25416.1	ACC	T	GCC	A	227
MP|PP755590.1|A/cattle/Texas/24-008749-003/2024(H5N1)	950	A	G	0	0	0	1711	1517	42	1	1711	0	TRUE	M2:cds-XAJ25417.1	AAT	N	GAT	D	79
