REGION	POS	REF	ALT	REF_DP	REF_RV	REF_QUAL	ALT_DP	ALT_RV	ALT_QUAL	ALT_FREQ	TOTAL_DP	PVAL	PASS	GFF_FEATURE	REF_CODON	REF_AA	ALT_CODON	ALT_AA	POS_AA
NS|PP755593.1|A/cattle/Texas/24-008749-003/2024(H5N1)	166	A	G	10	3	31	30157	12953	33	0.999569	30170	0	TRUE	NS1:cds-XAJ25420.1	ACG	T	GCG	A	56
NS|PP755593.1|A/cattle/Texas/24-008749-003/2024(H5N1)	222	T	C	20	14	34	37313	18782	33	0.999411	37335	0	TRUE	NS1:cds-XAJ25420.1	GAT	D	GAC	D	74
NS|PP755593.1|A/cattle/Texas/24-008749-003/2024(H5N1)	230	T	G	1	0	34	35539	18833	33	0.999409	35560	0	TRUE	NS1:cds-XAJ25420.1	CTC	L	CGC	R	77
NS|PP755593.1|A/cattle/Texas/24-008749-003/2024(H5N1)	685	G	A	8	6	34	34707	22608	33	0.999568	34722	0	TRUE	NEP:cds-XAJ25421.1	CAG	Q	CAA	Q	61
NS|PP755593.1|A/cattle/Texas/24-008749-003/2024(H5N1)	685	G	A	8	6	34	34707	22608	33	0.999568	34722	0	TRUE	NS1:cds-XAJ25420.1	GAA	E	AAA	K	229
