REGION	POS	REF	ALT	REF_DP	REF_RV	REF_QUAL	ALT_DP	ALT_RV	ALT_QUAL	ALT_FREQ	TOTAL_DP	PVAL	PASS	GFF_FEATURE	REF_CODON	REF_AA	ALT_CODON	ALT_AA	POS_AA
PB2|PP755596.1|A/cattle/Texas/24-008749-003/2024(H5N1)	251	C	T	297	178	41	5	2	39	0.0165563	302	0.0156491	FALSE	PB2:cds-XAJ25426.1	GCC	A	GTC	V	84
PB2|PP755596.1|A/cattle/Texas/24-008749-003/2024(H5N1)	695	T	C	285	139	41	4	1	42	0.0138408	289	0.0405942	FALSE	PB2:cds-XAJ25426.1	CTG	L	CCG	P	232
PB2|PP755596.1|A/cattle/Texas/24-008749-003/2024(H5N1)	764	C	T	0	0	0	309	146	40	1	309	1.3539e-208	TRUE	PB2:cds-XAJ25426.1	GCA	A	GTA	V	255
PB2|PP755596.1|A/cattle/Texas/24-008749-003/2024(H5N1)	801	A	G	0	0	0	305	146	42	1	305	3.88687e-209	TRUE	PB2:cds-XAJ25426.1	GTA	V	GTG	V	267
PB2|PP755596.1|A/cattle/Texas/24-008749-003/2024(H5N1)	1138	A	G	293	147	42	3	0	45	0.0101351	296	0.0827363	FALSE	PB2:cds-XAJ25426.1	AGG	R	GGG	G	380
PB2|PP755596.1|A/cattle/Texas/24-008749-003/2024(H5N1)	1242	T	C	0	0	0	310	117	37	1	310	4.27519e-200	TRUE	PB2:cds-XAJ25426.1	GTT	V	GTC	V	414
PB2|PP755596.1|A/cattle/Texas/24-008749-003/2024(H5N1)	1437	A	G	0	0	0	348	185	39	1	348	2.6118e-234	TRUE	PB2:cds-XAJ25426.1	AGA	R	AGG	R	479
