REGION	POS	REF	ALT	REF_DP	REF_RV	REF_QUAL	ALT_DP	ALT_RV	ALT_QUAL	ALT_FREQ	TOTAL_DP	PVAL	PASS	GFF_FEATURE	REF_CODON	REF_AA	ALT_CODON	ALT_AA	POS_AA
NS|PP755593.1|A/cattle/Texas/24-008749-003/2024(H5N1)	147	T	C	15	5	36	22399	8075	42	0.999331	22414	0	TRUE	NS1:cds-XAJ25420.1	ACT	T	ACC	T	49
NS|PP755593.1|A/cattle/Texas/24-008749-003/2024(H5N1)	222	T	C	8	4	37	25540	12499	39	0.999569	25551	0	TRUE	NS1:cds-XAJ25420.1	GAT	D	GAC	D	74
NS|PP755593.1|A/cattle/Texas/24-008749-003/2024(H5N1)	301	G	A	9	7	36	26255	14612	38	0.999581	26266	0	TRUE	NS1:cds-XAJ25420.1	GAC	D	AAC	N	101
