REGION	POS	REF	ALT	REF_DP	REF_RV	REF_QUAL	ALT_DP	ALT_RV	ALT_QUAL	ALT_FREQ	TOTAL_DP	PVAL	PASS	GFF_FEATURE	REF_CODON	REF_AA	ALT_CODON	ALT_AA	POS_AA
HA|PP755589.1|A/cattle/Texas/24-008749-003/2024(H5N1)	140	A	T	1044	258	35	12	0	29	0.0113422	1058	0.39449	FALSE	HA:cds-XAJ25415.1	GAC	D	GTC	V	47
HA|PP755589.1|A/cattle/Texas/24-008749-003/2024(H5N1)	279	T	G	0	0	0	1120	559	32	1	1120	0	TRUE	HA:cds-XAJ25415.1	TCT	S	TCG	S	93
HA|PP755589.1|A/cattle/Texas/24-008749-003/2024(H5N1)	615	T	A	1369	578	32	15	13	29	0.0108225	1386	0.420913	FALSE	HA:cds-XAJ25415.1	AAT	N	AAA	K	205
HA|PP755589.1|A/cattle/Texas/24-008749-003/2024(H5N1)	651	G	A	2	0	30	1359	569	32	0.997065	1363	0	TRUE	HA:cds-XAJ25415.1	GGG	G	GGA	G	217
HA|PP755589.1|A/cattle/Texas/24-008749-003/2024(H5N1)	663	A	G	1	0	30	1410	623	32	0.997877	1413	0	TRUE	HA:cds-XAJ25415.1	TTA	L	TTG	L	221
HA|PP755589.1|A/cattle/Texas/24-008749-003/2024(H5N1)	665	A	C	1410	628	32	21	0	29	0.0146444	1434	0.135726	FALSE	HA:cds-XAJ25415.1	AAC	N	ACC	T	222
HA|PP755589.1|A/cattle/Texas/24-008749-003/2024(H5N1)	707	A	C	1304	620	31	16	0	29	0.012112	1321	0.360059	FALSE	HA:cds-XAJ25415.1	AAC	N	ACC	T	236
HA|PP755589.1|A/cattle/Texas/24-008749-003/2024(H5N1)	903	A	T	1245	695	31	15	2	29	0.0118953	1261	0.366713	FALSE	HA:cds-XAJ25415.1	ATA	I	ATT	I	301
HA|PP755589.1|A/cattle/Texas/24-008749-003/2024(H5N1)	1176	A	C	2	0	45	2512	589	33	0.99643	2521	0	TRUE	HA:cds-XAJ25415.1	GGA	G	GGC	G	392
HA|PP755589.1|A/cattle/Texas/24-008749-003/2024(H5N1)	1193	A	C	2693	633	33	49	1	29	0.0178571	2744	0.00512663	TRUE	HA:cds-XAJ25415.1	AAC	N	ACC	T	398
HA|PP755589.1|A/cattle/Texas/24-008749-003/2024(H5N1)	1229	C	G	2624	760	33	28	4	29	0.0105581	2652	0.421794	FALSE	HA:cds-XAJ25415.1	GCA	A	GGA	G	410
HA|PP755589.1|A/cattle/Texas/24-008749-003/2024(H5N1)	1272	T	G	2527	912	33	31	31	29	0.0120999	2562	0.241266	FALSE	HA:cds-XAJ25415.1	AAT	N	AAG	K	424
HA|PP755589.1|A/cattle/Texas/24-008749-003/2024(H5N1)	1456	T	A	2817	1463	32	34	34	29	0.0119173	2853	0.263849	FALSE	HA:cds-XAJ25415.1	TAT	Y	AAT	N	486
HA|PP755589.1|A/cattle/Texas/24-008749-003/2024(H5N1)	1464	A	C	2803	1517	32	31	1	29	0.0109117	2841	0.400082	FALSE	HA:cds-XAJ25415.1	AAA	K	AAC	N	488
