REGION	POS	REF	ALT	REF_DP	REF_RV	REF_QUAL	ALT_DP	ALT_RV	ALT_QUAL	ALT_FREQ	TOTAL_DP	PVAL	PASS	GFF_FEATURE	REF_CODON	REF_AA	ALT_CODON	ALT_AA	POS_AA
PB1|PP755595.1|A/cattle/Texas/24-008749-003/2024(H5N1)	23	T	C	41	8	36	1	0	37	0.0238095	42	0.247059	FALSE	PB1:cds-XAJ25424.1	CTC	L	CCC	P	8
PB1|PP755595.1|A/cattle/Texas/24-008749-003/2024(H5N1)	39	A	G	52	9	36	2	1	37	0.037037	54	0.0756542	FALSE	PB1:cds-XAJ25424.1	CCA	P	CCG	P	13
PB1|PP755595.1|A/cattle/Texas/24-008749-003/2024(H5N1)	43	C	T	55	11	37	1	0	37	0.0178571	56	0.281407	FALSE	PB1:cds-XAJ25424.1	CAA	Q	TAA	*	15
PB1|PP755595.1|A/cattle/Texas/24-008749-003/2024(H5N1)	185	G	A	175	46	36	2	0	31	0.0112994	177	0.242387	FALSE	PB1:cds-XAJ25424.1	GGG	G	GAG	E	62
PB1|PP755595.1|A/cattle/Texas/24-008749-003/2024(H5N1)	185	G	A	175	46	36	2	0	31	0.0112994	177	0.242387	FALSE	PB1-F2:cds-XAJ25425.1	GGG	G	AGG	R	31
PB1|PP755595.1|A/cattle/Texas/24-008749-003/2024(H5N1)	335	A	G	266	135	36	3	2	37	0.0111524	269	0.117608	FALSE	PB1:cds-XAJ25424.1	GAA	E	GGA	G	112
PB1|PP755595.1|A/cattle/Texas/24-008749-003/2024(H5N1)	335	A	G	266	135	36	3	2	37	0.0111524	269	0.117608	FALSE	PB1-F2:cds-XAJ25425.1	AAG	K	GAG	E	81
PB1|PP755595.1|A/cattle/Texas/24-008749-003/2024(H5N1)	367	A	G	255	131	36	6	1	37	0.0229885	261	0.0138479	FALSE	PB1:cds-XAJ25424.1	ACC	T	GCC	A	123
PB1|PP755595.1|A/cattle/Texas/24-008749-003/2024(H5N1)	367	A	G	255	131	36	6	1	37	0.0229885	261	0.0138479	FALSE	PB1-F2:cds-XAJ25425.1	TGA	*	TGG	W	91
PB1|PP755595.1|A/cattle/Texas/24-008749-003/2024(H5N1)	465	T	C	282	115	36	3	2	34	0.0105263	285	0.116795	FALSE	PB1:cds-XAJ25424.1	CTT	L	CTC	L	155
PB1|PP755595.1|A/cattle/Texas/24-008749-003/2024(H5N1)	747	A	G	266	140	35	6	2	27	0.0220588	272	0.133452	FALSE	PB1:cds-XAJ25424.1	AGA	R	AGG	R	249
PB1|PP755595.1|A/cattle/Texas/24-008749-003/2024(H5N1)	2058	A	G	838	463	36	9	5	37	0.0106257	847	0.00145546	TRUE	PB1:cds-XAJ25424.1	GAA	E	GAG	E	686
