REGION	POS	REF	ALT	REF_DP	REF_RV	REF_QUAL	ALT_DP	ALT_RV	ALT_QUAL	ALT_FREQ	TOTAL_DP	PVAL	PASS	GFF_FEATURE	REF_CODON	REF_AA	ALT_CODON	ALT_AA	POS_AA
MP|PP755590.1|A/cattle/Texas/24-008749-003/2024(H5N1)	245	G	A	1	0	39	13168	6690	37	0.999924	13169	0	TRUE	M1:cds-XAJ25416.1	AGT	S	AAT	N	82
MP|PP755590.1|A/cattle/Texas/24-008749-003/2024(H5N1)	249	C	T	11	5	37	13358	6721	37	0.998878	13373	0	TRUE	M1:cds-XAJ25416.1	GCC	A	GCT	A	83
MP|PP755590.1|A/cattle/Texas/24-008749-003/2024(H5N1)	254	G	A	2	1	38	13185	6619	37	0.999697	13189	0	TRUE	M1:cds-XAJ25416.1	AGT	S	AAT	N	85
MP|PP755590.1|A/cattle/Texas/24-008749-003/2024(H5N1)	260	C	A	0	0	0	13146	6665	37	0.999696	13150	0	TRUE	M1:cds-XAJ25416.1	ACT	T	AAT	N	87
MP|PP755590.1|A/cattle/Texas/24-008749-003/2024(H5N1)	267	C	T	201	134	37	12423	6030	37	0.983922	12626	0	TRUE	M1:cds-XAJ25416.1	GAC	D	GAT	D	89
MP|PP755590.1|A/cattle/Texas/24-008749-003/2024(H5N1)	271	A	T	13314	6581	38	171	125	37	0.012677	13489	5.10026e-38	TRUE	M1:cds-XAJ25416.1	AAC	N	TAC	Y	91
MP|PP755590.1|A/cattle/Texas/24-008749-003/2024(H5N1)	285	A	G	7	4	38	12442	6384	37	0.999357	12450	0	TRUE	M1:cds-XAJ25416.1	AGA	R	AGG	R	95
MP|PP755590.1|A/cattle/Texas/24-008749-003/2024(H5N1)	456	A	G	8	4	36	13578	6674	38	0.999264	13588	0	TRUE	M1:cds-XAJ25416.1	GAA	E	GAG	E	152
MP|PP755590.1|A/cattle/Texas/24-008749-003/2024(H5N1)	516	G	A	4	2	38	13855	6419	38	0.999711	13859	0	TRUE	M1:cds-XAJ25416.1	CTG	L	CTA	L	172
MP|PP755590.1|A/cattle/Texas/24-008749-003/2024(H5N1)	540	T	G	1	0	24	12779	5590	36	0.999687	12783	0	TRUE	M1:cds-XAJ25416.1	GTT	V	GTG	V	180
MP|PP755590.1|A/cattle/Texas/24-008749-003/2024(H5N1)	679	A	G	0	0	0	14768	7443	36	0.999729	14772	0	TRUE	M1:cds-XAJ25416.1	ACC	T	GCC	A	227
MP|PP755590.1|A/cattle/Texas/24-008749-003/2024(H5N1)	950	A	G	2	2	29	2665	1605	36	0.99925	2667	0	TRUE	M2:cds-XAJ25417.1	AAT	N	GAT	D	79
