REGION	POS	REF	ALT	REF_DP	REF_RV	REF_QUAL	ALT_DP	ALT_RV	ALT_QUAL	ALT_FREQ	TOTAL_DP	PVAL	PASS	GFF_FEATURE	REF_CODON	REF_AA	ALT_CODON	ALT_AA	POS_AA
HA|PP755589.1|A/cattle/Texas/24-008749-003/2024(H5N1)	427	A	G	0	0	0	654	301	32	0.996951	656	0	TRUE	HA:cds-XAJ25415.1	ACA	T	GCA	A	143
HA|PP755589.1|A/cattle/Texas/24-008749-003/2024(H5N1)	651	G	A	1	1	34	804	385	33	0.998758	805	0	TRUE	HA:cds-XAJ25415.1	GGG	G	GGA	G	217
HA|PP755589.1|A/cattle/Texas/24-008749-003/2024(H5N1)	906	T	C	1	1	34	746	377	33	0.998661	747	0	TRUE	HA:cds-XAJ25415.1	AAT	N	AAC	N	302
HA|PP755589.1|A/cattle/Texas/24-008749-003/2024(H5N1)	1052	T	A	905	507	33	15	4	31	0.0163043	920	2.13492e-05	TRUE	HA:cds-XAJ25415.1	ATA	I	AAA	K	351
