REGION	POS	REF	ALT	REF_DP	REF_RV	REF_QUAL	ALT_DP	ALT_RV	ALT_QUAL	ALT_FREQ	TOTAL_DP	PVAL	PASS	GFF_FEATURE	REF_CODON	REF_AA	ALT_CODON	ALT_AA	POS_AA
NP|PP755592.1|A/cattle/Texas/24-008749-003/2024(H5N1)	498	G	A	5	4	34	4673	2188	38	0.998931	4678	0	TRUE	NP:cds-XAJ25419.1	CTG	L	CTA	L	166
NP|PP755592.1|A/cattle/Texas/24-008749-003/2024(H5N1)	779	C	G	4691	2817	41	48	34	36	0.0101266	4740	1.75436e-12	TRUE	NP:cds-XAJ25419.1	GCA	A	GGA	G	260
NP|PP755592.1|A/cattle/Texas/24-008749-003/2024(H5N1)	870	C	T	0	0	0	4365	2022	38	0.999542	4367	0	TRUE	NP:cds-XAJ25419.1	GAC	D	GAT	D	290
NP|PP755592.1|A/cattle/Texas/24-008749-003/2024(H5N1)	1014	T	C	6	3	39	4729	2477	40	0.998522	4736	0	TRUE	NP:cds-XAJ25419.1	TTT	F	TTC	F	338
NP|PP755592.1|A/cattle/Texas/24-008749-003/2024(H5N1)	1290	G	A	8	3	38	4957	2208	40	0.997987	4967	0	TRUE	NP:cds-XAJ25419.1	ACG	T	ACA	T	430
