REGION	POS	REF	ALT	REF_DP	REF_RV	REF_QUAL	ALT_DP	ALT_RV	ALT_QUAL	ALT_FREQ	TOTAL_DP	PVAL	PASS	GFF_FEATURE	REF_CODON	REF_AA	ALT_CODON	ALT_AA	POS_AA
PB1|PP755587.1|A/cattle/Texas/24-008749-002/2024(H5N1)	8	T	C	66	14	34	1	0	34	0.0149254	67	0.114334	FALSE	NA	NA	NA	NA	NA	NA
PB1|PP755587.1|A/cattle/Texas/24-008749-002/2024(H5N1)	124	A	-AATTCTTCCCTAG	105	19	24	641	0	20	0.592969	1081	0	TRUE	NA	NA	NA	NA	NA	NA
PB1|PP755587.1|A/cattle/Texas/24-008749-002/2024(H5N1)	142	T	-CA	479	168	25	8	0	20	0.0124224	644	0.21213	FALSE	NA	NA	NA	NA	NA	NA
PB1|PP755587.1|A/cattle/Texas/24-008749-002/2024(H5N1)	143	C	A	1	1	34	480	171	25	0.997921	481	4.9456e-321	TRUE	NA	NA	NA	NA	NA	NA
PB1|PP755587.1|A/cattle/Texas/24-008749-002/2024(H5N1)	145	T	C	1	1	34	476	171	25	0.997904	477	1.42464e-319	TRUE	NA	NA	NA	NA	NA	NA
PB1|PP755587.1|A/cattle/Texas/24-008749-002/2024(H5N1)	147	C	G	7	4	31	472	166	25	0.985386	479	0	TRUE	NA	NA	NA	NA	NA	NA
PB1|PP755587.1|A/cattle/Texas/24-008749-002/2024(H5N1)	149	G	A	7	4	32	473	171	25	0.985417	480	0	TRUE	NA	NA	NA	NA	NA	NA
PB1|PP755587.1|A/cattle/Texas/24-008749-002/2024(H5N1)	150	G	C	5	3	32	468	168	25	0.985263	475	0	TRUE	NA	NA	NA	NA	NA	NA
PB1|PP755587.1|A/cattle/Texas/24-008749-002/2024(H5N1)	1719	A	G	3378	1297	33	402	182	33	0.106321	3781	1.53058e-124	TRUE	NA	NA	NA	NA	NA	NA
PB1|PP755587.1|A/cattle/Texas/24-008749-002/2024(H5N1)	2125	A	G	0	0	0	4210	2477	33	1	4210	0	TRUE	NA	NA	NA	NA	NA	NA
