REGION	POS	REF	ALT	REF_DP	REF_RV	REF_QUAL	ALT_DP	ALT_RV	ALT_QUAL	ALT_FREQ	TOTAL_DP	PVAL	PASS	GFF_FEATURE	REF_CODON	REF_AA	ALT_CODON	ALT_AA	POS_AA
NS|PP755593.1|A/cattle/Texas/24-008749-003/2024(H5N1)	161	T	C	13126	4526	36	10866	3356	36	0.452901	23992	0	TRUE	NS1:cds-XAJ25420.1	ATC	I	ACC	T	54
NS|PP755593.1|A/cattle/Texas/24-008749-003/2024(H5N1)	222	T	C	4	2	37	25854	11595	36	0.999768	25860	0	TRUE	NS1:cds-XAJ25420.1	GAT	D	GAC	D	74
NS|PP755593.1|A/cattle/Texas/24-008749-003/2024(H5N1)	301	G	A	9	4	33	29036	16075	36	0.99969	29045	0	TRUE	NS1:cds-XAJ25420.1	GAC	D	AAC	N	101
