REGION	POS	REF	ALT	REF_DP	REF_RV	REF_QUAL	ALT_DP	ALT_RV	ALT_QUAL	ALT_FREQ	TOTAL_DP	PVAL	PASS	GFF_FEATURE	REF_CODON	REF_AA	ALT_CODON	ALT_AA	POS_AA
HA|PP755589.1|A/cattle/Texas/24-008749-003/2024(H5N1)	5	A	G	294	34	33	3	1	23	0.010101	297	0.562006	FALSE	HA:cds-XAJ25415.1	GAG	E	GGG	G	2
HA|PP755589.1|A/cattle/Texas/24-008749-003/2024(H5N1)	147	G	A	2	2	34	6213	2384	33	0.999678	6215	0	TRUE	HA:cds-XAJ25415.1	CTG	L	CTA	L	49
HA|PP755589.1|A/cattle/Texas/24-008749-003/2024(H5N1)	427	A	G	4	2	34	5613	2784	33	0.998577	5621	0	TRUE	HA:cds-XAJ25415.1	ACA	T	GCA	A	143
HA|PP755589.1|A/cattle/Texas/24-008749-003/2024(H5N1)	651	G	A	7	1	34	6331	2831	33	0.998738	6339	0	TRUE	HA:cds-XAJ25415.1	GGG	G	GGA	G	217
HA|PP755589.1|A/cattle/Texas/24-008749-003/2024(H5N1)	849	T	C	3	3	34	6626	3808	33	0.999095	6632	0	TRUE	HA:cds-XAJ25415.1	AGT	S	AGC	S	283
