REGION	POS	REF	ALT	REF_DP	REF_RV	REF_QUAL	ALT_DP	ALT_RV	ALT_QUAL	ALT_FREQ	TOTAL_DP	PVAL	PASS	GFF_FEATURE	REF_CODON	REF_AA	ALT_CODON	ALT_AA	POS_AA
MP|PP755590.1|A/cattle/Texas/24-008749-003/2024(H5N1)	111	C	A	12408	3006	37	251	65	37	0.0198231	12662	3.03764e-63	TRUE	M1:cds-XAJ25416.1	ACC	T	ACA	T	37
MP|PP755590.1|A/cattle/Texas/24-008749-003/2024(H5N1)	245	G	A	18	8	38	20940	9697	37	0.998998	20961	0	TRUE	M1:cds-XAJ25416.1	AGT	S	AAT	N	82
MP|PP755590.1|A/cattle/Texas/24-008749-003/2024(H5N1)	249	C	T	36	18	37	21478	9759	37	0.998234	21516	0	TRUE	M1:cds-XAJ25416.1	GCC	A	GCT	A	83
MP|PP755590.1|A/cattle/Texas/24-008749-003/2024(H5N1)	254	G	A	23	11	38	21366	9768	37	0.998831	21391	0	TRUE	M1:cds-XAJ25416.1	AGT	S	AAT	N	85
MP|PP755590.1|A/cattle/Texas/24-008749-003/2024(H5N1)	260	C	A	0	0	0	21370	9935	37	0.999626	21378	0	TRUE	M1:cds-XAJ25416.1	ACT	T	AAT	N	87
MP|PP755590.1|A/cattle/Texas/24-008749-003/2024(H5N1)	285	A	G	1	0	38	20422	9858	37	0.999462	20433	0	TRUE	M1:cds-XAJ25416.1	AGA	R	AGG	R	95
MP|PP755590.1|A/cattle/Texas/24-008749-003/2024(H5N1)	456	A	G	9	7	36	24116	12693	38	0.999378	24131	0	TRUE	M1:cds-XAJ25416.1	GAA	E	GAG	E	152
MP|PP755590.1|A/cattle/Texas/24-008749-003/2024(H5N1)	516	G	A	19	11	38	24450	11969	38	0.999183	24470	0	TRUE	M1:cds-XAJ25416.1	CTG	L	CTA	L	172
MP|PP755590.1|A/cattle/Texas/24-008749-003/2024(H5N1)	540	T	G	3	0	34	21693	10116	37	0.998619	21723	0	TRUE	M1:cds-XAJ25416.1	GTT	V	GTG	V	180
MP|PP755590.1|A/cattle/Texas/24-008749-003/2024(H5N1)	669	T	C	20315	10195	37	379	205	36	0.0183109	20698	1.10451e-89	TRUE	M1:cds-XAJ25416.1	CCT	P	CCC	P	223
MP|PP755590.1|A/cattle/Texas/24-008749-003/2024(H5N1)	679	A	G	8	5	37	20282	10495	36	0.999458	20293	0	TRUE	M1:cds-XAJ25416.1	ACC	T	GCC	A	227
MP|PP755590.1|A/cattle/Texas/24-008749-003/2024(H5N1)	857	T	C	13593	9963	37	146	114	38	0.0106267	13739	3.49051e-30	TRUE	M2:cds-XAJ25417.1	TAC	Y	CAC	H	48
MP|PP755590.1|A/cattle/Texas/24-008749-003/2024(H5N1)	950	A	G	1	0	36	2632	2109	37	0.99962	2633	0	TRUE	M2:cds-XAJ25417.1	AAT	N	GAT	D	79
MP|PP755590.1|A/cattle/Texas/24-008749-003/2024(H5N1)	954	G	A	2596	2079	37	41	31	37	0.015548	2637	4.49782e-11	TRUE	M2:cds-XAJ25417.1	GGT	G	GAT	D	80
