REGION	POS	REF	ALT	REF_DP	REF_RV	REF_QUAL	ALT_DP	ALT_RV	ALT_QUAL	ALT_FREQ	TOTAL_DP	PVAL	PASS	GFF_FEATURE	REF_CODON	REF_AA	ALT_CODON	ALT_AA	POS_AA
PA|PP755594.1|A/cattle/Texas/24-008749-003/2024(H5N1)	915	T	C	0	0	0	4901	1692	33	0.999592	4903	0	TRUE	PA:cds-XAJ25422.1	TAT	Y	TAC	Y	305
PA|PP755594.1|A/cattle/Texas/24-008749-003/2024(H5N1)	1134	A	G	1	1	34	4693	2691	33	0.999574	4695	0	TRUE	PA:cds-XAJ25422.1	AAA	K	AAG	K	378
PA|PP755594.1|A/cattle/Texas/24-008749-003/2024(H5N1)	1257	T	C	1	0	34	5883	2645	33	0.99983	5884	0	TRUE	PA:cds-XAJ25422.1	GAT	D	GAC	D	419
PA|PP755594.1|A/cattle/Texas/24-008749-003/2024(H5N1)	1449	T	C	2	0	34	5781	2315	33	0.999309	5785	0	TRUE	PA:cds-XAJ25422.1	ATT	I	ATC	I	483
PA|PP755594.1|A/cattle/Texas/24-008749-003/2024(H5N1)	1521	A	G	0	0	0	6678	3299	33	1	6678	0	TRUE	PA:cds-XAJ25422.1	GGA	G	GGG	G	507
