REGION	POS	REF	ALT	REF_DP	REF_RV	REF_QUAL	ALT_DP	ALT_RV	ALT_QUAL	ALT_FREQ	TOTAL_DP	PVAL	PASS	GFF_FEATURE	REF_CODON	REF_AA	ALT_CODON	ALT_AA	POS_AA
PB2|PP755596.1|A/cattle/Texas/24-008749-003/2024(H5N1)	7	A	G	27	13	48	1	0	36	0.0357143	28	0.142132	FALSE	PB2:cds-XAJ25426.1	AGA	R	GGA	G	3
PB2|PP755596.1|A/cattle/Texas/24-008749-003/2024(H5N1)	19	C	T	46	19	50	1	0	68	0.0212766	47	0.188755	FALSE	PB2:cds-XAJ25426.1	CTG	L	TTG	L	7
PB2|PP755596.1|A/cattle/Texas/24-008749-003/2024(H5N1)	40	T	C	88	37	51	1	0	34	0.011236	89	0.245856	FALSE	PB2:cds-XAJ25426.1	TCT	S	CCT	P	14
PB2|PP755596.1|A/cattle/Texas/24-008749-003/2024(H5N1)	47	C	T	93	39	52	1	1	34	0.0106383	94	0.252011	FALSE	PB2:cds-XAJ25426.1	ACT	T	ATT	I	16
PB2|PP755596.1|A/cattle/Texas/24-008749-003/2024(H5N1)	764	C	T	0	0	0	304	158	57	1	304	5.94853e-238	TRUE	PB2:cds-XAJ25426.1	GCA	A	GTA	V	255
PB2|PP755596.1|A/cattle/Texas/24-008749-003/2024(H5N1)	2030	A	G	0	0	0	368	212	62	1	368	3.24052e-298	TRUE	PB2:cds-XAJ25426.1	GAA	E	GGA	G	677
