REGION	POS	REF	ALT	REF_DP	REF_RV	REF_QUAL	ALT_DP	ALT_RV	ALT_QUAL	ALT_FREQ	TOTAL_DP	PVAL	PASS	GFF_FEATURE	REF_CODON	REF_AA	ALT_CODON	ALT_AA	POS_AA
PB1|PP755595.1|A/cattle/Texas/24-008749-003/2024(H5N1)	52	A	-TAAGCACCACATTCCCG	10038	2710	33	1064	0	20	0.044289	24024	0	TRUE	NA	NA	NA	NA	NA	NA
PB1|PP755595.1|A/cattle/Texas/24-008749-003/2024(H5N1)	112	T	-ATACCATGGACACAGTTAACAGAAC	27221	7822	33	1376	0	20	0.0337735	40742	4.85579e-215	TRUE	NA	NA	NA	NA	NA	NA
PB1|PP755595.1|A/cattle/Texas/24-008749-003/2024(H5N1)	431	C	-TAA	879	549	33	23	0	20	0.0251641	914	0.00865705	TRUE	NA	NA	NA	NA	NA	NA
PB1|PP755595.1|A/cattle/Texas/24-008749-003/2024(H5N1)	1255	C	T	1056	487	33	25	12	33	0.0231267	1081	2.12161e-07	TRUE	NA	NA	NA	NA	NA	NA
PB1|PP755595.1|A/cattle/Texas/24-008749-003/2024(H5N1)	2102	C	-TAGCAGTTCA	37295	22055	33	1849	0	20	0.0474358	38979	9.16395e-232	TRUE	NA	NA	NA	NA	NA	NA
PB1|PP755595.1|A/cattle/Texas/24-008749-003/2024(H5N1)	2231	T	-G	31594	25110	33	703	0	20	0.0215222	32664	3.63333e-34	TRUE	NA	NA	NA	NA	NA	NA
