REGION	POS	REF	ALT	REF_DP	REF_RV	REF_QUAL	ALT_DP	ALT_RV	ALT_QUAL	ALT_FREQ	TOTAL_DP	PVAL	PASS	GFF_FEATURE	REF_CODON	REF_AA	ALT_CODON	ALT_AA	POS_AA
PA|PP755586.1|A/cattle/Texas/24-008749-002/2024(H5N1)	75	G	A	1	0	34	1217	256	33	0.999179	1218	0	TRUE	NA	NA	NA	NA	NA	NA
PA|PP755586.1|A/cattle/Texas/24-008749-002/2024(H5N1)	82	C	A	0	0	0	1249	262	33	0.9992	1250	0	TRUE	NA	NA	NA	NA	NA	NA
PA|PP755586.1|A/cattle/Texas/24-008749-002/2024(H5N1)	795	A	G	0	0	0	3268	1928	33	0.999083	3271	0	TRUE	NA	NA	NA	NA	NA	NA
PA|PP755586.1|A/cattle/Texas/24-008749-002/2024(H5N1)	1343	C	A	2641	1394	33	779	464	33	0.227778	3420	1.72611e-253	TRUE	NA	NA	NA	NA	NA	NA
PA|PP755586.1|A/cattle/Texas/24-008749-002/2024(H5N1)	1887	G	A	4	1	34	3795	2245	33	0.998947	3799	0	TRUE	NA	NA	NA	NA	NA	NA
