REGION	POS	REF	ALT	REF_DP	REF_RV	REF_QUAL	ALT_DP	ALT_RV	ALT_QUAL	ALT_FREQ	TOTAL_DP	PVAL	PASS	GFF_FEATURE	REF_CODON	REF_AA	ALT_CODON	ALT_AA	POS_AA
NS|PP755593.1|A/cattle/Texas/24-008749-003/2024(H5N1)	62	G	A	5	1	34	37103	12479	33	0.999704	37114	0	TRUE	NA	NA	NA	NA	NA	NA
NS|PP755593.1|A/cattle/Texas/24-008749-003/2024(H5N1)	222	T	C	17	12	34	75152	39943	33	0.999667	75177	0	TRUE	NA	NA	NA	NA	NA	NA
NS|PP755593.1|A/cattle/Texas/24-008749-003/2024(H5N1)	240	T	C	27	16	33	73985	43066	33	0.999622	74013	0	TRUE	NA	NA	NA	NA	NA	NA
NS|PP755593.1|A/cattle/Texas/24-008749-003/2024(H5N1)	441	C	T	14	8	34	72027	32977	33	0.999709	72048	0	TRUE	NA	NA	NA	NA	NA	NA
NS|PP755593.1|A/cattle/Texas/24-008749-003/2024(H5N1)	714	A	G	81224	53682	33	1030	721	31	0.0125217	82257	1.54646e-215	TRUE	NA	NA	NA	NA	NA	NA
