REGION	POS	REF	ALT	REF_DP	REF_RV	REF_QUAL	ALT_DP	ALT_RV	ALT_QUAL	ALT_FREQ	TOTAL_DP	PVAL	PASS	GFF_FEATURE	REF_CODON	REF_AA	ALT_CODON	ALT_AA	POS_AA
PA|PP755594.1|A/cattle/Texas/24-008749-003/2024(H5N1)	915	T	C	0	0	0	4174	1300	39	0.999521	4176	0	TRUE	PA:cds-XAJ25422.1	TAT	Y	TAC	Y	305
PA|PP755594.1|A/cattle/Texas/24-008749-003/2024(H5N1)	1134	A	G	1	1	34	4082	2361	38	0.99951	4084	0	TRUE	PA:cds-XAJ25422.1	AAA	K	AAG	K	378
PA|PP755594.1|A/cattle/Texas/24-008749-003/2024(H5N1)	1257	T	C	1	0	34	4595	2007	43	0.999782	4596	0	TRUE	PA:cds-XAJ25422.1	GAT	D	GAC	D	419
PA|PP755594.1|A/cattle/Texas/24-008749-003/2024(H5N1)	1449	T	C	2	0	34	4802	1795	40	0.999376	4805	0	TRUE	PA:cds-XAJ25422.1	ATT	I	ATC	I	483
PA|PP755594.1|A/cattle/Texas/24-008749-003/2024(H5N1)	1521	A	G	0	0	0	5123	2523	43	1	5123	0	TRUE	PA:cds-XAJ25422.1	GGA	G	GGG	G	507
