REGION	POS	REF	ALT	REF_DP	REF_RV	REF_QUAL	ALT_DP	ALT_RV	ALT_QUAL	ALT_FREQ	TOTAL_DP	PVAL	PASS	GFF_FEATURE	REF_CODON	REF_AA	ALT_CODON	ALT_AA	POS_AA
PB2|PP755596.1|A/cattle/Texas/24-008749-003/2024(H5N1)	252	C	T	392	195	33	4	2	34	0.010101	396	0.0435645	FALSE	PB2:cds-XAJ25426.1	GCC	A	GCT	A	84
PB2|PP755596.1|A/cattle/Texas/24-008749-003/2024(H5N1)	764	C	T	1	1	34	432	207	33	0.997691	433	1.75656e-260	TRUE	PB2:cds-XAJ25426.1	GCA	A	GTA	V	255
PB2|PP755596.1|A/cattle/Texas/24-008749-003/2024(H5N1)	921	C	A	522	255	33	9	4	32	0.0169492	531	0.001649	TRUE	PB2:cds-XAJ25426.1	GCC	A	GCA	A	307
PB2|PP755596.1|A/cattle/Texas/24-008749-003/2024(H5N1)	1006	T	G	521	251	33	16	8	31	0.0296846	539	1.2641e-05	TRUE	PB2:cds-XAJ25426.1	TCA	S	GCA	A	336
PB2|PP755596.1|A/cattle/Texas/24-008749-003/2024(H5N1)	1009	T	C	531	264	33	6	3	34	0.0111732	537	0.0151509	FALSE	PB2:cds-XAJ25426.1	TCA	S	CCA	P	337
PB2|PP755596.1|A/cattle/Texas/24-008749-003/2024(H5N1)	1597	T	C	554	284	33	6	3	34	0.0107143	560	0.0153336	FALSE	PB2:cds-XAJ25426.1	TCA	S	CCA	P	533
PB2|PP755596.1|A/cattle/Texas/24-008749-003/2024(H5N1)	2259	A	G	295	171	32	3	2	34	0.0100671	298	0.115419	FALSE	PB2:cds-XAJ25426.1	AGA	R	AGG	R	753
