REGION	POS	REF	ALT	REF_DP	REF_RV	REF_QUAL	ALT_DP	ALT_RV	ALT_QUAL	ALT_FREQ	TOTAL_DP	PVAL	PASS	GFF_FEATURE	REF_CODON	REF_AA	ALT_CODON	ALT_AA	POS_AA
PB2|PP755596.1|A/cattle/Texas/24-008749-003/2024(H5N1)	469	A	C	1098	654	38	6793	2821	38	0.860854	7891	0	TRUE	PB2:cds-XAJ25426.1	AAA	K	CAA	Q	157
PB2|PP755596.1|A/cattle/Texas/24-008749-003/2024(H5N1)	537	G	A	6784	3109	38	669	285	36	0.0897505	7454	2.53707e-221	TRUE	PB2:cds-XAJ25426.1	TCG	S	TCA	S	179
PB2|PP755596.1|A/cattle/Texas/24-008749-003/2024(H5N1)	603	G	A	7073	4474	38	833	393	38	0.105363	7906	2.07936e-272	TRUE	PB2:cds-XAJ25426.1	CTG	L	CTA	L	201
PB2|PP755596.1|A/cattle/Texas/24-008749-003/2024(H5N1)	693	G	A	6730	3625	38	313	148	36	0.044435	7044	7.86168e-93	TRUE	PB2:cds-XAJ25426.1	GTG	V	GTA	V	231
PB2|PP755596.1|A/cattle/Texas/24-008749-003/2024(H5N1)	702	G	A	6685	3726	38	760	355	38	0.102068	7446	1.56904e-248	TRUE	PB2:cds-XAJ25426.1	TTG	L	TTA	L	234
PB2|PP755596.1|A/cattle/Texas/24-008749-003/2024(H5N1)	741	A	G	0	0	0	6994	3018	39	1	6994	0	TRUE	PB2:cds-XAJ25426.1	GGA	G	GGG	G	247
PB2|PP755596.1|A/cattle/Texas/24-008749-003/2024(H5N1)	764	C	T	1	1	34	6945	3196	37	0.999856	6946	0	TRUE	PB2:cds-XAJ25426.1	GCA	A	GTA	V	255
PB2|PP755596.1|A/cattle/Texas/24-008749-003/2024(H5N1)	1074	G	A	6084	2955	36	607	363	36	0.0906647	6695	3.666e-204	TRUE	PB2:cds-XAJ25426.1	GAG	E	GAA	E	358
PB2|PP755596.1|A/cattle/Texas/24-008749-003/2024(H5N1)	1077	G	A	848	440	35	5468	2698	37	0.865738	6316	0	TRUE	PB2:cds-XAJ25426.1	GGG	G	GGA	G	359
PB2|PP755596.1|A/cattle/Texas/24-008749-003/2024(H5N1)	1242	T	C	0	0	0	6822	2824	36	1	6822	0	TRUE	PB2:cds-XAJ25426.1	GTT	V	GTC	V	414
PB2|PP755596.1|A/cattle/Texas/24-008749-003/2024(H5N1)	1578	A	G	2565	954	39	5057	2143	38	0.663474	7622	0	TRUE	PB2:cds-XAJ25426.1	AAA	K	AAG	K	526
PB2|PP755596.1|A/cattle/Texas/24-008749-003/2024(H5N1)	1596	G	A	239	124	40	6914	2894	39	0.966587	7153	0	TRUE	PB2:cds-XAJ25426.1	TCG	S	TCA	S	532
PB2|PP755596.1|A/cattle/Texas/24-008749-003/2024(H5N1)	1615	A	G	2	1	34	6559	3458	38	0.999695	6561	0	TRUE	PB2:cds-XAJ25426.1	ATC	I	GTC	V	539
PB2|PP755596.1|A/cattle/Texas/24-008749-003/2024(H5N1)	2027	C	T	11	3	37	7458	3978	39	0.998527	7469	0	TRUE	PB2:cds-XAJ25426.1	GCC	A	GTC	V	676
