REGION	POS	REF	ALT	REF_DP	REF_RV	REF_QUAL	ALT_DP	ALT_RV	ALT_QUAL	ALT_FREQ	TOTAL_DP	PVAL	PASS	GFF_FEATURE	REF_CODON	REF_AA	ALT_CODON	ALT_AA	POS_AA
HA|PP755589.1|A/cattle/Texas/24-008749-003/2024(H5N1)	5	A	G	47	4	33	1	0	34	0.0208333	48	0.0987654	FALSE	HA:cds-XAJ25415.1	GAG	E	GGG	G	2
HA|PP755589.1|A/cattle/Texas/24-008749-003/2024(H5N1)	134	C	T	927	262	41	14	4	40	0.0148778	941	4.91339e-06	TRUE	HA:cds-XAJ25415.1	GCC	A	GTC	V	45
HA|PP755589.1|A/cattle/Texas/24-008749-003/2024(H5N1)	555	G	A	0	0	0	931	485	37	1	931	0	TRUE	HA:cds-XAJ25415.1	CGG	R	CGA	R	185
HA|PP755589.1|A/cattle/Texas/24-008749-003/2024(H5N1)	651	G	A	0	0	0	912	431	38	1	912	0	TRUE	HA:cds-XAJ25415.1	GGG	G	GGA	G	217
HA|PP755589.1|A/cattle/Texas/24-008749-003/2024(H5N1)	800	A	G	979	560	39	11	7	33	0.0111111	990	0.00083013	TRUE	HA:cds-XAJ25415.1	GAA	E	GGA	G	267
HA|PP755589.1|A/cattle/Texas/24-008749-003/2024(H5N1)	1052	T	A	911	569	40	72	5	33	0.0732452	983	9.29718e-26	TRUE	HA:cds-XAJ25415.1	ATA	I	AAA	K	351
