REGION	POS	REF	ALT	REF_DP	REF_RV	REF_QUAL	ALT_DP	ALT_RV	ALT_QUAL	ALT_FREQ	TOTAL_DP	PVAL	PASS	GFF_FEATURE	REF_CODON	REF_AA	ALT_CODON	ALT_AA	POS_AA
PB2|PP755596.1|A/cattle/Texas/24-008749-003/2024(H5N1)	43	C	T	94	43	44	1	0	37	0.0105263	95	0.274566	FALSE	PB2:cds-XAJ25426.1	CGC	R	TGC	C	15
PB2|PP755596.1|A/cattle/Texas/24-008749-003/2024(H5N1)	45	C	G	94	43	45	1	1	37	0.0105263	95	0.271429	FALSE	PB2:cds-XAJ25426.1	CGC	R	CGG	R	15
PB2|PP755596.1|A/cattle/Texas/24-008749-003/2024(H5N1)	123	G	A	161	73	51	2	1	22	0.0122699	163	0.527764	FALSE	PB2:cds-XAJ25426.1	AAG	K	AAA	K	41
PB2|PP755596.1|A/cattle/Texas/24-008749-003/2024(H5N1)	350	C	-T	108	53	56	2	0	20	0.0123457	162	0.360016	FALSE	NA	NA	NA	NA	NA	NA
PB2|PP755596.1|A/cattle/Texas/24-008749-003/2024(H5N1)	498	T	C	148	68	63	2	1	56	0.0133333	150	0.135256	FALSE	PB2:cds-XAJ25426.1	GTT	V	GTC	V	166
PB2|PP755596.1|A/cattle/Texas/24-008749-003/2024(H5N1)	525	A	G	1	0	36	152	75	62	0.993464	153	1.49476e-115	TRUE	PB2:cds-XAJ25426.1	AGA	R	AGG	R	175
PB2|PP755596.1|A/cattle/Texas/24-008749-003/2024(H5N1)	532	A	G	153	78	62	2	1	55	0.0129032	155	0.136289	FALSE	PB2:cds-XAJ25426.1	ACG	T	GCG	A	178
PB2|PP755596.1|A/cattle/Texas/24-008749-003/2024(H5N1)	764	C	T	0	0	0	122	62	56	1	122	2.02625e-89	TRUE	PB2:cds-XAJ25426.1	GCA	A	GTA	V	255
PB2|PP755596.1|A/cattle/Texas/24-008749-003/2024(H5N1)	1032	G	A	147	74	61	2	2	58	0.0134228	149	0.142416	FALSE	PB2:cds-XAJ25426.1	GTG	V	GTA	V	344
PB2|PP755596.1|A/cattle/Texas/24-008749-003/2024(H5N1)	1301	T	C	143	71	61	2	1	56	0.0137931	145	0.135535	FALSE	PB2:cds-XAJ25426.1	CTC	L	CCC	P	434
PB2|PP755596.1|A/cattle/Texas/24-008749-003/2024(H5N1)	1600	T	C	133	68	64	2	1	57	0.0148148	135	0.129676	FALSE	PB2:cds-XAJ25426.1	TCA	S	CCA	P	534
PB2|PP755596.1|A/cattle/Texas/24-008749-003/2024(H5N1)	1957	T	C	145	67	64	2	2	35	0.0136054	147	0.137904	FALSE	PB2:cds-XAJ25426.1	TCT	S	CCT	P	653
PB2|PP755596.1|A/cattle/Texas/24-008749-003/2024(H5N1)	2031	A	-GATCCAGATGAAGGCACAGCTG	190	93	57	3	0	20	0.01	300	0.437928	FALSE	NA	NA	NA	NA	NA	NA
PB2|PP755596.1|A/cattle/Texas/24-008749-003/2024(H5N1)	2245	A	G	175	109	60	2	1	75	0.0112994	177	0.141324	FALSE	PB2:cds-XAJ25426.1	ACA	T	GCA	A	749
