REGION	POS	REF	ALT	REF_DP	REF_RV	REF_QUAL	ALT_DP	ALT_RV	ALT_QUAL	ALT_FREQ	TOTAL_DP	PVAL	PASS	GFF_FEATURE	REF_CODON	REF_AA	ALT_CODON	ALT_AA	POS_AA
NS|PP755593.1|A/cattle/Texas/24-008749-003/2024(H5N1)	20	T	C	1	0	39	6854	732	37	0.999708	6856	0	TRUE	NEP:cds-XAJ25421.1	TTA	L	TCA	S	7
NS|PP755593.1|A/cattle/Texas/24-008749-003/2024(H5N1)	20	T	C	1	0	39	6854	732	37	0.999708	6856	0	TRUE	NS1:cds-XAJ25420.1	TTA	L	TCA	S	7
NS|PP755593.1|A/cattle/Texas/24-008749-003/2024(H5N1)	21	A	T	7035	811	38	136	27	37	0.01896	7173	1.06458e-35	TRUE	NEP:cds-XAJ25421.1	TTA	L	TTT	F	7
NS|PP755593.1|A/cattle/Texas/24-008749-003/2024(H5N1)	21	A	T	7035	811	38	136	27	37	0.01896	7173	1.06458e-35	TRUE	NS1:cds-XAJ25420.1	TTA	L	TTT	F	7
NS|PP755593.1|A/cattle/Texas/24-008749-003/2024(H5N1)	109	C	T	17449	4183	37	223	53	36	0.0126188	17672	2.5767e-49	TRUE	NS1:cds-XAJ25420.1	CGC	R	TGC	C	37
NS|PP755593.1|A/cattle/Texas/24-008749-003/2024(H5N1)	183	G	A	12	3	37	23532	7624	37	0.999363	23547	0	TRUE	NS1:cds-XAJ25420.1	GGG	G	GGA	G	61
NS|PP755593.1|A/cattle/Texas/24-008749-003/2024(H5N1)	222	T	C	11	3	36	26760	9982	35	0.999589	26771	0	TRUE	NS1:cds-XAJ25420.1	GAT	D	GAC	D	74
NS|PP755593.1|A/cattle/Texas/24-008749-003/2024(H5N1)	346	A	T	1	1	20	19279	10477	37	0.999223	19294	0	TRUE	NS1:cds-XAJ25420.1	AGT	S	TGT	C	116
NS|PP755593.1|A/cattle/Texas/24-008749-003/2024(H5N1)	415	A	G	30	20	36	19556	9492	37	0.998468	19586	0	TRUE	NS1:cds-XAJ25420.1	AAT	N	GAT	D	139
NS|PP755593.1|A/cattle/Texas/24-008749-003/2024(H5N1)	580	G	T	8	5	34	19918	12232	37	0.999247	19933	0	TRUE	NEP:cds-XAJ25421.1	GAG	E	GAT	D	26
NS|PP755593.1|A/cattle/Texas/24-008749-003/2024(H5N1)	580	G	T	8	5	34	19918	12232	37	0.999247	19933	0	TRUE	NS1:cds-XAJ25420.1	GTC	V	TTC	F	194
NS|PP755593.1|A/cattle/Texas/24-008749-003/2024(H5N1)	668	A	C	1	1	20	16137	11949	37	0.99969	16142	0	TRUE	NEP:cds-XAJ25421.1	AGA	R	CGA	R	56
NS|PP755593.1|A/cattle/Texas/24-008749-003/2024(H5N1)	668	A	C	1	1	20	16137	11949	37	0.99969	16142	0	TRUE	NS1:cds-XAJ25420.1	GAG	E	GCG	A	223
NS|PP755593.1|A/cattle/Texas/24-008749-003/2024(H5N1)	672	G	A	7	5	36	16329	12217	37	0.999571	16336	0	TRUE	NEP:cds-XAJ25421.1	GGA	G	GAA	E	57
NS|PP755593.1|A/cattle/Texas/24-008749-003/2024(H5N1)	672	G	A	7	5	36	16329	12217	37	0.999571	16336	0	TRUE	NS1:cds-XAJ25420.1	AGG	R	AGA	R	224
