REGION	POS	REF	ALT	REF_DP	REF_RV	REF_QUAL	ALT_DP	ALT_RV	ALT_QUAL	ALT_FREQ	TOTAL_DP	PVAL	PASS	GFF_FEATURE	REF_CODON	REF_AA	ALT_CODON	ALT_AA	POS_AA
PB2|PP755588.1|A/cattle/Texas/24-008749-002/2024(H5N1)	172	G	A	6268	2934	33	81	39	33	0.0127559	6350	7.3985e-19	TRUE	NA	NA	NA	NA	NA	NA
PB2|PP755588.1|A/cattle/Texas/24-008749-002/2024(H5N1)	630	G	A	1	1	34	5653	3119	33	0.999823	5654	0	TRUE	NA	NA	NA	NA	NA	NA
PB2|PP755588.1|A/cattle/Texas/24-008749-002/2024(H5N1)	912	G	A	5514	2730	33	850	382	33	0.133564	6364	5.71071e-261	TRUE	NA	NA	NA	NA	NA	NA
PB2|PP755588.1|A/cattle/Texas/24-008749-002/2024(H5N1)	1518	C	T	6676	3042	33	89	41	33	0.0131501	6768	1.00359e-20	TRUE	NA	NA	NA	NA	NA	NA
PB2|PP755588.1|A/cattle/Texas/24-008749-002/2024(H5N1)	2281	-	T	0	0	0	6	2	26	1	6	0.000582751	TRUE	NA	NA	NA	NA	NA	NA
