REGION	POS	REF	ALT	REF_DP	REF_RV	REF_QUAL	ALT_DP	ALT_RV	ALT_QUAL	ALT_FREQ	TOTAL_DP	PVAL	PASS	GFF_FEATURE	REF_CODON	REF_AA	ALT_CODON	ALT_AA	POS_AA
MP|PP755590.1|A/cattle/Texas/24-008749-003/2024(H5N1)	13	A	G	196	37	41	2	0	37	0.010101	198	0.0668017	FALSE	M2:cds-XAJ25417.1	ACC	T	GCC	A	5
MP|PP755590.1|A/cattle/Texas/24-008749-003/2024(H5N1)	13	A	G	196	37	41	2	0	37	0.010101	198	0.0668017	FALSE	M1:cds-XAJ25416.1	ACC	T	GCC	A	5
MP|PP755590.1|A/cattle/Texas/24-008749-003/2024(H5N1)	245	G	A	2	1	58	2635	1224	53	0.998863	2638	0	TRUE	M1:cds-XAJ25416.1	AGT	S	AAT	N	82
MP|PP755590.1|A/cattle/Texas/24-008749-003/2024(H5N1)	249	C	T	4	0	66	2690	1253	54	0.998515	2694	0	TRUE	M1:cds-XAJ25416.1	GCC	A	GCT	A	83
MP|PP755590.1|A/cattle/Texas/24-008749-003/2024(H5N1)	254	G	A	2	1	55	2665	1269	54	0.99925	2667	0	TRUE	M1:cds-XAJ25416.1	AGT	S	AAT	N	85
MP|PP755590.1|A/cattle/Texas/24-008749-003/2024(H5N1)	260	C	A	0	0	0	2644	1304	53	0.998489	2648	0	TRUE	M1:cds-XAJ25416.1	ACT	T	AAT	N	87
MP|PP755590.1|A/cattle/Texas/24-008749-003/2024(H5N1)	271	A	T	2771	1261	53	76	64	47	0.0266854	2848	9.11144e-31	TRUE	M1:cds-XAJ25416.1	AAC	N	TAC	Y	91
MP|PP755590.1|A/cattle/Texas/24-008749-003/2024(H5N1)	285	A	G	1	1	70	2663	1234	50	0.99925	2665	0	TRUE	M1:cds-XAJ25416.1	AGA	R	AGG	R	95
MP|PP755590.1|A/cattle/Texas/24-008749-003/2024(H5N1)	307	C	T	4	1	56	3302	1446	50	0.99879	3306	0	TRUE	M1:cds-XAJ25416.1	CTG	L	TTG	L	103
MP|PP755590.1|A/cattle/Texas/24-008749-003/2024(H5N1)	382	A	T	3303	1495	51	216	101	43	0.0613288	3522	9.29652e-85	TRUE	M1:cds-XAJ25416.1	ATG	M	TTG	L	128
MP|PP755590.1|A/cattle/Texas/24-008749-003/2024(H5N1)	456	A	G	2	1	37	3391	1377	50	0.999116	3394	0	TRUE	M1:cds-XAJ25416.1	GAA	E	GAG	E	152
MP|PP755590.1|A/cattle/Texas/24-008749-003/2024(H5N1)	516	G	A	1	0	39	3696	1448	49	0.99973	3697	0	TRUE	M1:cds-XAJ25416.1	CTG	L	CTA	L	172
MP|PP755590.1|A/cattle/Texas/24-008749-003/2024(H5N1)	540	T	G	0	0	0	3552	1496	46	0.999719	3553	0	TRUE	M1:cds-XAJ25416.1	GTT	V	GTG	V	180
MP|PP755590.1|A/cattle/Texas/24-008749-003/2024(H5N1)	553	A	C	3621	1562	48	119	73	37	0.0317842	3744	5.98707e-38	TRUE	M1:cds-XAJ25416.1	ACA	T	CCA	P	185
MP|PP755590.1|A/cattle/Texas/24-008749-003/2024(H5N1)	679	A	G	4	0	33	3277	1634	50	0.998781	3281	0	TRUE	M1:cds-XAJ25416.1	ACC	T	GCC	A	227
MP|PP755590.1|A/cattle/Texas/24-008749-003/2024(H5N1)	950	A	G	1	1	32	1032	810	44	0.997101	1035	0	TRUE	M2:cds-XAJ25417.1	AAT	N	GAT	D	79
