REGION	POS	REF	ALT	REF_DP	REF_RV	REF_QUAL	ALT_DP	ALT_RV	ALT_QUAL	ALT_FREQ	TOTAL_DP	PVAL	PASS	GFF_FEATURE	REF_CODON	REF_AA	ALT_CODON	ALT_AA	POS_AA
HA|PP755589.1|A/cattle/Texas/24-008749-003/2024(H5N1)	279	T	G	3	2	30	2038	1032	29	0.99609	2046	0	TRUE	HA:cds-XAJ25415.1	TCT	S	TCG	S	93
HA|PP755589.1|A/cattle/Texas/24-008749-003/2024(H5N1)	531	G	A	1	1	30	2096	1102	29	0.997146	2102	0	TRUE	HA:cds-XAJ25415.1	AAG	K	AAA	K	177
HA|PP755589.1|A/cattle/Texas/24-008749-003/2024(H5N1)	651	G	A	1	0	30	2131	940	30	0.998594	2134	0	TRUE	HA:cds-XAJ25415.1	GGG	G	GGA	G	217
HA|PP755589.1|A/cattle/Texas/24-008749-003/2024(H5N1)	663	A	G	0	0	0	2204	1055	29	0.998641	2207	0	TRUE	HA:cds-XAJ25415.1	TTA	L	TTG	L	221
HA|PP755589.1|A/cattle/Texas/24-008749-003/2024(H5N1)	707	A	C	2124	1019	29	24	1	29	0.011168	2149	0.382392	FALSE	HA:cds-XAJ25415.1	AAC	N	ACC	T	236
HA|PP755589.1|A/cattle/Texas/24-008749-003/2024(H5N1)	1036	G	C	2234	1326	29	28	28	30	0.0123457	2268	3.92042e-07	TRUE	HA:cds-XAJ25415.1	GGT	G	CGT	R	346
HA|PP755589.1|A/cattle/Texas/24-008749-003/2024(H5N1)	1075	T	A	2670	1140	30	28	27	30	0.0103589	2703	3.98566e-07	TRUE	HA:cds-XAJ25415.1	TGG	W	AGG	R	359
HA|PP755589.1|A/cattle/Texas/24-008749-003/2024(H5N1)	1076	G	C	2675	1137	29	32	32	30	0.0117777	2717	2.94207e-08	TRUE	HA:cds-XAJ25415.1	TGG	W	TCG	S	359
HA|PP755589.1|A/cattle/Texas/24-008749-003/2024(H5N1)	1176	A	C	3	0	30	4730	1333	29	0.997049	4744	0	TRUE	HA:cds-XAJ25415.1	GGA	G	GGC	G	392
HA|PP755589.1|A/cattle/Texas/24-008749-003/2024(H5N1)	1193	A	C	5279	1512	30	80	0	30	0.0148893	5373	6.3442e-19	TRUE	HA:cds-XAJ25415.1	AAC	N	ACC	T	398
HA|PP755589.1|A/cattle/Texas/24-008749-003/2024(H5N1)	1272	T	G	5488	2181	29	91	91	30	0.0162645	5595	5.21377e-22	TRUE	HA:cds-XAJ25415.1	AAT	N	AAG	K	424
