REGION	POS	REF	ALT	REF_DP	REF_RV	REF_QUAL	ALT_DP	ALT_RV	ALT_QUAL	ALT_FREQ	TOTAL_DP	PVAL	PASS	GFF_FEATURE	REF_CODON	REF_AA	ALT_CODON	ALT_AA	POS_AA
HA|PP755589.1|A/cattle/Texas/24-008749-003/2024(H5N1)	34	A	G	165	29	39	2	0	51	0.011976	167	0.0860782	FALSE	HA:cds-XAJ25415.1	AGC	S	GGC	G	12
HA|PP755589.1|A/cattle/Texas/24-008749-003/2024(H5N1)	55	A	G	184	37	36	2	0	68	0.0107527	186	0.0970334	FALSE	HA:cds-XAJ25415.1	ATT	I	GTT	V	19
HA|PP755589.1|A/cattle/Texas/24-008749-003/2024(H5N1)	460	C	+A	450	231	41	40	0	20	0.0684932	584	7.5271e-10	TRUE	NA	NA	NA	NA	NA	NA
HA|PP755589.1|A/cattle/Texas/24-008749-003/2024(H5N1)	462	G	A	0	0	0	399	207	39	1	399	7.26115e-283	TRUE	HA:cds-XAJ25415.1	CAG	Q	CAA	Q	154
HA|PP755589.1|A/cattle/Texas/24-008749-003/2024(H5N1)	465	A	G	0	0	0	412	207	40	1	412	5.38524e-280	TRUE	HA:cds-XAJ25415.1	GGA	G	GGG	G	155
HA|PP755589.1|A/cattle/Texas/24-008749-003/2024(H5N1)	651	G	A	0	0	0	532	206	38	1	532	0	TRUE	HA:cds-XAJ25415.1	GGG	G	GGA	G	217
HA|PP755589.1|A/cattle/Texas/24-008749-003/2024(H5N1)	1052	T	A	614	372	40	13	6	33	0.0207337	627	2.59704e-05	TRUE	HA:cds-XAJ25415.1	ATA	I	AAA	K	351
HA|PP755589.1|A/cattle/Texas/24-008749-003/2024(H5N1)	1275	G	A	0	0	0	2262	943	41	1	2262	0	TRUE	HA:cds-XAJ25415.1	TTG	L	TTA	L	425
