REGION	POS	REF	ALT	REF_DP	REF_RV	REF_QUAL	ALT_DP	ALT_RV	ALT_QUAL	ALT_FREQ	TOTAL_DP	PVAL	PASS	GFF_FEATURE	REF_CODON	REF_AA	ALT_CODON	ALT_AA	POS_AA
PB1|PP755595.1|A/cattle/Texas/24-008749-003/2024(H5N1)	121	G	-AC	432	131	33	12	0	20	0.0212766	564	0.0242757	FALSE	NA	NA	NA	NA	NA	NA
PB1|PP755595.1|A/cattle/Texas/24-008749-003/2024(H5N1)	378	T	C	402	247	33	5	3	34	0.012285	407	0.0297508	FALSE	PB1:cds-XAJ25424.1	CGT	R	CGC	R	126
PB1|PP755595.1|A/cattle/Texas/24-008749-003/2024(H5N1)	808	G	A	409	186	33	5	3	31	0.0120773	414	0.028554	FALSE	PB1:cds-XAJ25424.1	GGA	G	AGA	R	270
PB1|PP755595.1|A/cattle/Texas/24-008749-003/2024(H5N1)	2196	T	-G	3976	2794	33	1558	0	20	0.370335	4207	0	TRUE	NA	NA	NA	NA	NA	NA
