REGION	POS	REF	ALT	REF_DP	REF_RV	REF_QUAL	ALT_DP	ALT_RV	ALT_QUAL	ALT_FREQ	TOTAL_DP	PVAL	PASS	GFF_FEATURE	REF_CODON	REF_AA	ALT_CODON	ALT_AA	POS_AA
PA|PP755594.1|A/cattle/Texas/24-008749-003/2024(H5N1)	59	C	-AATGAAAGAAT	492	221	41	21	0	20	0.0169355	1240	3.75176e-05	TRUE	NA	NA	NA	NA	NA	NA
PA|PP755594.1|A/cattle/Texas/24-008749-003/2024(H5N1)	59	C	-AATG	492	221	41	25	0	20	0.0201613	1240	1.40398e-06	TRUE	NA	NA	NA	NA	NA	NA
PA|PP755594.1|A/cattle/Texas/24-008749-003/2024(H5N1)	138	C	-ATGTATTCGGATTTCCATTTT	645	301	45	18	0	20	0.0132939	1354	0.00320847	TRUE	NA	NA	NA	NA	NA	NA
PA|PP755594.1|A/cattle/Texas/24-008749-003/2024(H5N1)	168	A	-CGAGGCGAATCAATGATTGT	626	309	45	27	0	20	0.0215827	1251	7.46042e-06	TRUE	NA	NA	NA	NA	NA	NA
PA|PP755594.1|A/cattle/Texas/24-008749-003/2024(H5N1)	209	C	-ATTATT	439	210	46	9	0	20	0.0101925	883	0.0788005	FALSE	NA	NA	NA	NA	NA	NA
PA|PP755594.1|A/cattle/Texas/24-008749-003/2024(H5N1)	209	C	-ATT	439	210	46	17	0	20	0.0192525	883	0.00049657	TRUE	NA	NA	NA	NA	NA	NA
PA|PP755594.1|A/cattle/Texas/24-008749-003/2024(H5N1)	275	A	-TAG	301	151	51	29	0	20	0.0523466	554	6.22558e-09	TRUE	NA	NA	NA	NA	NA	NA
PA|PP755594.1|A/cattle/Texas/24-008749-003/2024(H5N1)	1276	G	A	224	121	58	3	3	68	0.0132159	227	0.046829	FALSE	PA:cds-XAJ25422.1	GAT	D	AAT	N	426
PA|PP755594.1|A/cattle/Texas/24-008749-003/2024(H5N1)	1490	G	A	0	0	0	283	145	61	1	283	1.91569e-226	TRUE	PA:cds-XAJ25422.1	AGG	R	AAG	K	497
PA|PP755594.1|A/cattle/Texas/24-008749-003/2024(H5N1)	1949	A	-TGCATCTCCTCAACTCGAGGGGTTTTCAGC	954	500	52	60	0	20	0.0367872	1631	2.74949e-13	TRUE	NA	NA	NA	NA	NA	NA
