REGION	POS	REF	ALT	REF_DP	REF_RV	REF_QUAL	ALT_DP	ALT_RV	ALT_QUAL	ALT_FREQ	TOTAL_DP	PVAL	PASS	GFF_FEATURE	REF_CODON	REF_AA	ALT_CODON	ALT_AA	POS_AA
NA|PP755591.1|A/cattle/Texas/24-008749-003/2024(H5N1)	212	G	A	4	2	34	3814	1835	33	0.998952	3818	0	TRUE	NA:cds-XAJ25418.1	AGT	S	AAT	N	71
NA|PP755591.1|A/cattle/Texas/24-008749-003/2024(H5N1)	214	A	G	2	1	30	3835	1854	33	0.999218	3838	0	TRUE	NA:cds-XAJ25418.1	ACC	T	GCC	A	72
NA|PP755591.1|A/cattle/Texas/24-008749-003/2024(H5N1)	651	G	A	0	0	0	4225	2003	33	1	4225	0	TRUE	NA:cds-XAJ25418.1	AAG	K	AAA	K	217
NA|PP755591.1|A/cattle/Texas/24-008749-003/2024(H5N1)	1221	C	T	4	4	34	4575	2712	33	0.99869	4581	0	TRUE	NA:cds-XAJ25418.1	GTC	V	GTT	V	407
NA|PP755591.1|A/cattle/Texas/24-008749-003/2024(H5N1)	1289	G	C	3168	1678	32	36	36	27	0.0112254	3207	0.320613	FALSE	NA:cds-XAJ25418.1	AGG	R	ACG	T	430
