REGION	POS	REF	ALT	REF_DP	REF_RV	REF_QUAL	ALT_DP	ALT_RV	ALT_QUAL	ALT_FREQ	TOTAL_DP	PVAL	PASS	GFF_FEATURE	REF_CODON	REF_AA	ALT_CODON	ALT_AA	POS_AA
NA|PP755591.1|A/cattle/Texas/24-008749-003/2024(H5N1)	212	G	A	8	3	33	10667	4957	33	0.999157	10676	0	TRUE	NA:cds-XAJ25418.1	AGT	S	AAT	N	71
NA|PP755591.1|A/cattle/Texas/24-008749-003/2024(H5N1)	214	A	G	3	3	34	10779	5029	33	0.999536	10784	0	TRUE	NA:cds-XAJ25418.1	ACC	T	GCC	A	72
NA|PP755591.1|A/cattle/Texas/24-008749-003/2024(H5N1)	651	G	A	4	3	34	10664	5012	33	0.999438	10670	0	TRUE	NA:cds-XAJ25418.1	AAG	K	AAA	K	217
NA|PP755591.1|A/cattle/Texas/24-008749-003/2024(H5N1)	662	A	G	3	1	34	10748	4971	33	0.999721	10751	0	TRUE	NA:cds-XAJ25418.1	AAC	N	AGC	S	221
NA|PP755591.1|A/cattle/Texas/24-008749-003/2024(H5N1)	765	C	T	0	0	0	11617	6335	33	0.999828	11619	0	TRUE	NA:cds-XAJ25418.1	ATC	I	ATT	I	255
NA|PP755591.1|A/cattle/Texas/24-008749-003/2024(H5N1)	1221	C	T	8	4	34	11798	7193	33	0.999322	11806	0	TRUE	NA:cds-XAJ25418.1	GTC	V	GTT	V	407
