REGION	POS	REF	ALT	REF_DP	REF_RV	REF_QUAL	ALT_DP	ALT_RV	ALT_QUAL	ALT_FREQ	TOTAL_DP	PVAL	PASS	GFF_FEATURE	REF_CODON	REF_AA	ALT_CODON	ALT_AA	POS_AA
NA|PP755591.1|A/cattle/Texas/24-008749-003/2024(H5N1)	8	C	A	39	10	33	1	0	26	0.025	40	0.362554	FALSE	NA:cds-XAJ25418.1	CCA	P	CAA	Q	3
NA|PP755591.1|A/cattle/Texas/24-008749-003/2024(H5N1)	13	C	T	45	9	33	1	1	34	0.0217391	46	0.153846	FALSE	NA:cds-XAJ25418.1	CAA	Q	TAA	*	5
NA|PP755591.1|A/cattle/Texas/24-008749-003/2024(H5N1)	36	A	G	174	46	33	2	0	34	0.0113636	176	0.0963132	FALSE	NA:cds-XAJ25418.1	TCA	S	TCG	S	12
NA|PP755591.1|A/cattle/Texas/24-008749-003/2024(H5N1)	103	A	G	460	146	33	7	3	32	0.0149893	467	0.00193194	TRUE	NA:cds-XAJ25418.1	AGC	S	GGC	G	35
NA|PP755591.1|A/cattle/Texas/24-008749-003/2024(H5N1)	345	T	C	757	397	33	10	5	33	0.0130378	767	0.000859995	TRUE	NA:cds-XAJ25418.1	TTT	F	TTC	F	115
NA|PP755591.1|A/cattle/Texas/24-008749-003/2024(H5N1)	1175	A	G	979	571	32	11	7	32	0.0111111	990	0.0017753	TRUE	NA:cds-XAJ25418.1	GAC	D	GGC	G	392
NA|PP755591.1|A/cattle/Texas/24-008749-003/2024(H5N1)	1289	G	C	668	289	32	15	15	29	0.0218659	686	0.0265308	FALSE	NA:cds-XAJ25418.1	AGG	R	ACG	T	430
