REGION	POS	REF	ALT	REF_DP	REF_RV	REF_QUAL	ALT_DP	ALT_RV	ALT_QUAL	ALT_FREQ	TOTAL_DP	PVAL	PASS	GFF_FEATURE	REF_CODON	REF_AA	ALT_CODON	ALT_AA	POS_AA
NA|PP755591.1|A/cattle/Texas/24-008749-003/2024(H5N1)	68	T	C	2273	716	33	88	21	33	0.0372723	2361	6.43099e-33	TRUE	NA:cds-XAJ25418.1	ATG	M	ACG	T	23
NA|PP755591.1|A/cattle/Texas/24-008749-003/2024(H5N1)	212	G	A	5	2	30	3942	1989	33	0.998733	3947	0	TRUE	NA:cds-XAJ25418.1	AGT	S	AAT	N	71
NA|PP755591.1|A/cattle/Texas/24-008749-003/2024(H5N1)	297	A	G	3484	1836	33	36	18	33	0.0102273	3520	4.25051e-09	TRUE	NA:cds-XAJ25418.1	ATA	I	ATG	M	99
NA|PP755591.1|A/cattle/Texas/24-008749-003/2024(H5N1)	1242	A	G	0	0	0	5081	2772	33	1	5081	0	TRUE	NA:cds-XAJ25418.1	GGA	G	GGG	G	414
NA|PP755591.1|A/cattle/Texas/24-008749-003/2024(H5N1)	1289	G	C	3723	1649	32	54	54	27	0.0142895	3779	0.0312786	FALSE	NA:cds-XAJ25418.1	AGG	R	ACG	T	430
NA|PP755591.1|A/cattle/Texas/24-008749-003/2024(H5N1)	1305	A	C	0	0	0	5455	3774	33	0.99945	5458	0	TRUE	NA:cds-XAJ25418.1	ACA	T	ACC	T	435
