REGION	POS	REF	ALT	REF_DP	REF_RV	REF_QUAL	ALT_DP	ALT_RV	ALT_QUAL	ALT_FREQ	TOTAL_DP	PVAL	PASS	GFF_FEATURE	REF_CODON	REF_AA	ALT_CODON	ALT_AA	POS_AA
HA|PP755589.1|A/cattle/Texas/24-008749-003/2024(H5N1)	2	T	G	24	6	41	1	0	23	0.04	25	0.229702	FALSE	HA:cds-XAJ25415.1	ATG	M	AGG	R	1
HA|PP755589.1|A/cattle/Texas/24-008749-003/2024(H5N1)	651	G	A	1	0	37	1851	690	39	0.99946	1852	0	TRUE	HA:cds-XAJ25415.1	GGG	G	GGA	G	217
HA|PP755589.1|A/cattle/Texas/24-008749-003/2024(H5N1)	1567	T	C	2320	1652	41	169	125	42	0.0678715	2490	3.25934e-60	TRUE	HA:cds-XAJ25415.1	TTA	L	CTA	L	523
HA|PP755589.1|A/cattle/Texas/24-008749-003/2024(H5N1)	1584	T	C	2162	1670	41	152	127	43	0.0656871	2314	7.14705e-54	TRUE	HA:cds-XAJ25415.1	ACT	T	ACC	T	528
