REGION	POS	REF	ALT	REF_DP	REF_RV	REF_QUAL	ALT_DP	ALT_RV	ALT_QUAL	ALT_FREQ	TOTAL_DP	PVAL	PASS	GFF_FEATURE	REF_CODON	REF_AA	ALT_CODON	ALT_AA	POS_AA
PB1|PP755587.1|A/cattle/Texas/24-008749-002/2024(H5N1)	14	C	T	77	15	33	1	0	34	0.0128205	78	0.151456	FALSE	NA	NA	NA	NA	NA	NA
PB1|PP755587.1|A/cattle/Texas/24-008749-002/2024(H5N1)	27	C	T	177	34	33	2	2	34	0.0111732	179	0.0622378	FALSE	NA	NA	NA	NA	NA	NA
PB1|PP755587.1|A/cattle/Texas/24-008749-002/2024(H5N1)	28	T	C	173	33	33	2	0	27	0.0114286	175	0.544468	FALSE	NA	NA	NA	NA	NA	NA
PB1|PP755587.1|A/cattle/Texas/24-008749-002/2024(H5N1)	124	A	-AATTCTTCCCTAG	137	32	25	332	0	20	0.470922	705	1.41909e-167	TRUE	NA	NA	NA	NA	NA	NA
PB1|PP755587.1|A/cattle/Texas/24-008749-002/2024(H5N1)	138	C	T	27	7	32	2	1	34	0.0689655	29	0.00527081	TRUE	NA	NA	NA	NA	NA	NA
PB1|PP755587.1|A/cattle/Texas/24-008749-002/2024(H5N1)	142	T	-CA	262	104	26	5	0	20	0.0136986	365	0.210107	FALSE	NA	NA	NA	NA	NA	NA
PB1|PP755587.1|A/cattle/Texas/24-008749-002/2024(H5N1)	143	C	A	27	8	33	239	104	25	0.898496	266	9.88759e-138	TRUE	NA	NA	NA	NA	NA	NA
PB1|PP755587.1|A/cattle/Texas/24-008749-002/2024(H5N1)	145	T	C	28	8	34	238	104	25	0.894737	266	1.35669e-136	TRUE	NA	NA	NA	NA	NA	NA
PB1|PP755587.1|A/cattle/Texas/24-008749-002/2024(H5N1)	147	C	G	27	7	33	237	103	25	0.897727	264	5.83417e-136	TRUE	NA	NA	NA	NA	NA	NA
PB1|PP755587.1|A/cattle/Texas/24-008749-002/2024(H5N1)	149	G	A	23	5	32	237	103	25	0.911538	260	9.57076e-139	TRUE	NA	NA	NA	NA	NA	NA
PB1|PP755587.1|A/cattle/Texas/24-008749-002/2024(H5N1)	150	G	C	19	6	32	230	102	25	0.92	250	3.42824e-140	TRUE	NA	NA	NA	NA	NA	NA
PB1|PP755587.1|A/cattle/Texas/24-008749-002/2024(H5N1)	260	G	A	498	215	33	6	3	34	0.0119048	504	0.0145916	FALSE	NA	NA	NA	NA	NA	NA
PB1|PP755587.1|A/cattle/Texas/24-008749-002/2024(H5N1)	327	A	G	0	0	0	438	238	33	1	438	6.6684e-268	TRUE	NA	NA	NA	NA	NA	NA
PB1|PP755587.1|A/cattle/Texas/24-008749-002/2024(H5N1)	336	T	C	469	258	33	5	3	34	0.0105485	474	0.026862	FALSE	NA	NA	NA	NA	NA	NA
PB1|PP755587.1|A/cattle/Texas/24-008749-002/2024(H5N1)	417	G	A	0	0	0	344	209	33	1	344	1.68147e-214	TRUE	NA	NA	NA	NA	NA	NA
PB1|PP755587.1|A/cattle/Texas/24-008749-002/2024(H5N1)	766	T	C	0	0	0	428	200	33	1	428	2.76951e-271	TRUE	NA	NA	NA	NA	NA	NA
PB1|PP755587.1|A/cattle/Texas/24-008749-002/2024(H5N1)	1387	A	G	279	119	33	219	113	33	0.439759	498	9.04311e-82	TRUE	NA	NA	NA	NA	NA	NA
