REGION	POS	REF	ALT	REF_DP	REF_RV	REF_QUAL	ALT_DP	ALT_RV	ALT_QUAL	ALT_FREQ	TOTAL_DP	PVAL	PASS	GFF_FEATURE	REF_CODON	REF_AA	ALT_CODON	ALT_AA	POS_AA
PB2|PP755596.1|A/cattle/Texas/24-008749-003/2024(H5N1)	8	G	A	33	4	35	1	0	34	0.0294118	34	0.145299	FALSE	PB2:cds-XAJ25426.1	AGA	R	AAA	K	3
PB2|PP755596.1|A/cattle/Texas/24-008749-003/2024(H5N1)	205	G	A	332	171	39	6	0	34	0.0177515	338	0.00915646	TRUE	PB2:cds-XAJ25426.1	GAA	E	AAA	K	69
PB2|PP755596.1|A/cattle/Texas/24-008749-003/2024(H5N1)	289	A	G	326	178	36	4	0	34	0.0121212	330	0.0515225	FALSE	PB2:cds-XAJ25426.1	ACA	T	GCA	A	97
PB2|PP755596.1|A/cattle/Texas/24-008749-003/2024(H5N1)	681	C	A	417	241	37	5	2	47	0.0118483	422	0.0231426	FALSE	PB2:cds-XAJ25426.1	GTC	V	GTA	V	227
PB2|PP755596.1|A/cattle/Texas/24-008749-003/2024(H5N1)	688	G	A	428	232	38	13	5	33	0.0294785	441	4.65138e-05	TRUE	PB2:cds-XAJ25426.1	GAG	E	AAG	K	230
PB2|PP755596.1|A/cattle/Texas/24-008749-003/2024(H5N1)	714	A	G	444	233	39	7	4	42	0.0155211	451	0.00423204	TRUE	PB2:cds-XAJ25426.1	ACA	T	ACG	T	238
PB2|PP755596.1|A/cattle/Texas/24-008749-003/2024(H5N1)	764	C	T	0	0	0	427	201	36	1	427	8.5374e-275	TRUE	PB2:cds-XAJ25426.1	GCA	A	GTA	V	255
PB2|PP755596.1|A/cattle/Texas/24-008749-003/2024(H5N1)	977	G	A	422	213	37	6	2	34	0.0140187	428	0.00950472	TRUE	PB2:cds-XAJ25426.1	GGT	G	GAT	D	326
PB2|PP755596.1|A/cattle/Texas/24-008749-003/2024(H5N1)	1056	G	A	390	214	36	7	4	38	0.0176322	397	0.00471258	TRUE	PB2:cds-XAJ25426.1	TTG	L	TTA	L	352
PB2|PP755596.1|A/cattle/Texas/24-008749-003/2024(H5N1)	1150	C	A	451	211	37	6	6	34	0.0131291	457	0.0107469	FALSE	PB2:cds-XAJ25426.1	CTA	L	ATA	I	384
PB2|PP755596.1|A/cattle/Texas/24-008749-003/2024(H5N1)	1165	A	G	455	207	37	5	1	34	0.010846	461	0.0225229	FALSE	PB2:cds-XAJ25426.1	AGG	R	GGG	G	389
PB2|PP755596.1|A/cattle/Texas/24-008749-003/2024(H5N1)	1814	A	-TG	523	267	35	8	0	20	0.0128411	623	0.284294	FALSE	NA	NA	NA	NA	NA	NA
PB2|PP755596.1|A/cattle/Texas/24-008749-003/2024(H5N1)	2244	G	A	269	237	42	4	4	34	0.014652	273	0.0388581	FALSE	PB2:cds-XAJ25426.1	CAG	Q	CAA	Q	748
