REGION	POS	REF	ALT	REF_DP	REF_RV	REF_QUAL	ALT_DP	ALT_RV	ALT_QUAL	ALT_FREQ	TOTAL_DP	PVAL	PASS	GFF_FEATURE	REF_CODON	REF_AA	ALT_CODON	ALT_AA	POS_AA
PB1|PP755595.1|A/cattle/Texas/24-008749-003/2024(H5N1)	20	T	C	66	13	37	2	0	34	0.0294118	68	0.0430014	FALSE	PB1:cds-XAJ25424.1	TTA	L	TCA	S	7
PB1|PP755595.1|A/cattle/Texas/24-008749-003/2024(H5N1)	213	A	G	0	0	0	195	63	40	1	195	5.25419e-134	TRUE	PB1:cds-XAJ25424.1	GGA	G	GGG	G	71
PB1|PP755595.1|A/cattle/Texas/24-008749-003/2024(H5N1)	213	A	G	0	0	0	195	63	40	1	195	5.25419e-134	TRUE	PB1-F2:cds-XAJ25425.1	GAC	D	GGC	G	40
PB1|PP755595.1|A/cattle/Texas/24-008749-003/2024(H5N1)	514	G	A	256	90	40	3	0	34	0.011583	259	0.0884745	FALSE	PB1:cds-XAJ25424.1	GAA	E	AAA	K	172
PB1|PP755595.1|A/cattle/Texas/24-008749-003/2024(H5N1)	570	A	G	260	113	41	5	4	34	0.0188679	265	0.0136237	FALSE	PB1:cds-XAJ25424.1	AGA	R	AGG	R	190
PB1|PP755595.1|A/cattle/Texas/24-008749-003/2024(H5N1)	819	T	C	264	137	37	4	0	34	0.0149254	268	0.0493227	FALSE	PB1:cds-XAJ25424.1	GTT	V	GTC	V	273
PB1|PP755595.1|A/cattle/Texas/24-008749-003/2024(H5N1)	885	C	A	279	173	43	9	7	36	0.03125	288	0.000505636	TRUE	PB1:cds-XAJ25424.1	GAC	D	GAA	E	295
PB1|PP755595.1|A/cattle/Texas/24-008749-003/2024(H5N1)	945	T	C	0	0	0	275	155	38	1	275	3.7522e-178	TRUE	PB1:cds-XAJ25424.1	CCT	P	CCC	P	315
PB1|PP755595.1|A/cattle/Texas/24-008749-003/2024(H5N1)	1599	C	T	927	480	39	35	16	39	0.0363825	962	1.8068e-11	TRUE	PB1:cds-XAJ25424.1	AAC	N	AAT	N	533
PB1|PP755595.1|A/cattle/Texas/24-008749-003/2024(H5N1)	2010	G	A	948	395	41	12	8	33	0.0125	960	0.000415734	TRUE	PB1:cds-XAJ25424.1	AGG	R	AGA	R	670
PB1|PP755595.1|A/cattle/Texas/24-008749-003/2024(H5N1)	2216	A	T	857	766	41	10	9	44	0.011534	867	0.000262074	TRUE	PB1:cds-XAJ25424.1	GAG	E	GTG	V	739
PB1|PP755595.1|A/cattle/Texas/24-008749-003/2024(H5N1)	2256	G	A	568	502	41	7	7	32	0.0121739	575	0.0030914	TRUE	PB1:cds-XAJ25424.1	GAG	E	GAA	E	752
