REGION	POS	REF	ALT	REF_DP	REF_RV	REF_QUAL	ALT_DP	ALT_RV	ALT_QUAL	ALT_FREQ	TOTAL_DP	PVAL	PASS	GFF_FEATURE	REF_CODON	REF_AA	ALT_CODON	ALT_AA	POS_AA
PA|PP755594.1|A/cattle/Texas/24-008749-003/2024(H5N1)	144	T	C	1	0	29	2840	1210	33	0.999648	2841	0	TRUE	PA:cds-XAJ25422.1	TAT	Y	TAC	Y	48
PA|PP755594.1|A/cattle/Texas/24-008749-003/2024(H5N1)	144	T	C	1	0	29	2840	1210	33	0.999648	2841	0	TRUE	PA-X:cds-XAJ25423.1	TAT	Y	TAC	Y	48
PA|PP755594.1|A/cattle/Texas/24-008749-003/2024(H5N1)	922	A	G	3	1	34	3644	1026	33	0.999177	3647	0	TRUE	PA:cds-XAJ25422.1	ATC	I	GTC	V	308
PA|PP755594.1|A/cattle/Texas/24-008749-003/2024(H5N1)	981	G	A	2	1	34	3480	1259	33	0.999139	3483	0	TRUE	PA:cds-XAJ25422.1	GAG	E	GAA	E	327
PA|PP755594.1|A/cattle/Texas/24-008749-003/2024(H5N1)	989	T	C	1	0	34	3521	1268	33	0.999716	3522	0	TRUE	PA:cds-XAJ25422.1	ATA	I	ACA	T	330
PA|PP755594.1|A/cattle/Texas/24-008749-003/2024(H5N1)	1069	A	C	163	104	33	3279	2097	33	0.951814	3445	0	TRUE	PA:cds-XAJ25422.1	ACA	T	CCA	P	357
PA|PP755594.1|A/cattle/Texas/24-008749-003/2024(H5N1)	1294	G	A	1	0	34	4089	2061	33	0.999511	4091	0	TRUE	PA:cds-XAJ25422.1	GTT	V	ATT	I	432
