REGION	POS	REF	ALT	REF_DP	REF_RV	REF_QUAL	ALT_DP	ALT_RV	ALT_QUAL	ALT_FREQ	TOTAL_DP	PVAL	PASS	GFF_FEATURE	REF_CODON	REF_AA	ALT_CODON	ALT_AA	POS_AA
MP|PP755590.1|A/cattle/Texas/24-008749-003/2024(H5N1)	63	A	C	2	0	34	1	0	34	0.333333	3	0.5	FALSE	M1:cds-XAJ25416.1	AAA	K	AAC	N	21
MP|PP755590.1|A/cattle/Texas/24-008749-003/2024(H5N1)	180	G	A	0	0	0	2	1	34	1	2	0.333333	FALSE	M1:cds-XAJ25416.1	TTG	L	TTA	L	60
MP|PP755590.1|A/cattle/Texas/24-008749-003/2024(H5N1)	285	A	T	30	17	53	1	0	24	0.0322581	31	0.336957	FALSE	M1:cds-XAJ25416.1	AGA	R	AGT	S	95
MP|PP755590.1|A/cattle/Texas/24-008749-003/2024(H5N1)	311	A	T	34	19	56	1	1	27	0.0285714	35	0.360825	FALSE	M1:cds-XAJ25416.1	AAG	K	ATG	M	104
MP|PP755590.1|A/cattle/Texas/24-008749-003/2024(H5N1)	313	A	T	35	20	52	1	1	27	0.0277778	36	0.367347	FALSE	M1:cds-XAJ25416.1	AGA	R	TGA	*	105
MP|PP755590.1|A/cattle/Texas/24-008749-003/2024(H5N1)	330	T	A	32	26	47	1	0	27	0.030303	33	0.392857	FALSE	M1:cds-XAJ25416.1	CAT	H	CAA	Q	110
MP|PP755590.1|A/cattle/Texas/24-008749-003/2024(H5N1)	491	A	G	4	3	34	1	0	24	0.2	5	0.5	FALSE	M1:cds-XAJ25416.1	CAG	Q	CGG	R	164
MP|PP755590.1|A/cattle/Texas/24-008749-003/2024(H5N1)	872	G	A	48541	48443	33	879	873	33	0.0177784	49442	1.89324e-203	TRUE	M2:cds-XAJ25417.1	GGG	G	AGG	R	53
