REGION	POS	REF	ALT	REF_DP	REF_RV	REF_QUAL	ALT_DP	ALT_RV	ALT_QUAL	ALT_FREQ	TOTAL_DP	PVAL	PASS	GFF_FEATURE	REF_CODON	REF_AA	ALT_CODON	ALT_AA	POS_AA
PB2|PP755596.1|A/cattle/Texas/24-008749-003/2024(H5N1)	11	T	C	179	22	35	5	2	37	0.0271739	184	9.58849e-05	TRUE	PB2:cds-XAJ25426.1	ATA	I	ACA	T	4
PB2|PP755596.1|A/cattle/Texas/24-008749-003/2024(H5N1)	178	G	A	1248	459	36	289	83	34	0.188029	1537	5.35008e-93	TRUE	PB2:cds-XAJ25426.1	GAC	D	AAC	N	60
PB2|PP755596.1|A/cattle/Texas/24-008749-003/2024(H5N1)	439	A	G	1965	856	36	64	37	36	0.0315426	2029	8.93603e-18	TRUE	PB2:cds-XAJ25426.1	ATA	I	GTA	V	147
PB2|PP755596.1|A/cattle/Texas/24-008749-003/2024(H5N1)	469	A	G	1889	754	36	63	32	33	0.0322746	1952	1.03462e-18	TRUE	PB2:cds-XAJ25426.1	AAA	K	GAA	E	157
PB2|PP755596.1|A/cattle/Texas/24-008749-003/2024(H5N1)	746	A	G	0	0	0	1812	836	36	1	1812	0	TRUE	PB2:cds-XAJ25426.1	GAA	E	GGA	G	249
PB2|PP755596.1|A/cattle/Texas/24-008749-003/2024(H5N1)	764	C	T	0	0	0	1857	858	36	1	1857	0	TRUE	PB2:cds-XAJ25426.1	GCA	A	GTA	V	255
PB2|PP755596.1|A/cattle/Texas/24-008749-003/2024(H5N1)	1030	G	A	1679	992	36	29	14	34	0.0169789	1708	2.15408e-08	TRUE	PB2:cds-XAJ25426.1	GTG	V	ATG	M	344
PB2|PP755596.1|A/cattle/Texas/24-008749-003/2024(H5N1)	1242	T	C	0	0	0	1406	570	36	1	1406	0	TRUE	PB2:cds-XAJ25426.1	GTT	V	GTC	V	414
PB2|PP755596.1|A/cattle/Texas/24-008749-003/2024(H5N1)	1311	C	T	0	0	0	1504	665	35	1	1504	0	TRUE	PB2:cds-XAJ25426.1	CAC	H	CAT	H	437
PB2|PP755596.1|A/cattle/Texas/24-008749-003/2024(H5N1)	1331	T	C	1876	1060	36	22	11	35	0.011585	1899	1.82778e-06	TRUE	PB2:cds-XAJ25426.1	GTG	V	GCG	A	444
PB2|PP755596.1|A/cattle/Texas/24-008749-003/2024(H5N1)	1392	G	A	2	2	31	1730	1116	35	0.998845	1732	0	TRUE	PB2:cds-XAJ25426.1	TTG	L	TTA	L	464
PB2|PP755596.1|A/cattle/Texas/24-008749-003/2024(H5N1)	1557	C	T	1897	622	36	25	8	36	0.0129938	1924	2.9872e-07	TRUE	PB2:cds-XAJ25426.1	AGC	S	AGT	S	519
PB2|PP755596.1|A/cattle/Texas/24-008749-003/2024(H5N1)	2046	C	T	1688	1075	36	32	23	36	0.0186047	1720	2.25994e-09	TRUE	PB2:cds-XAJ25426.1	GGC	G	GGT	G	682
PB2|PP755596.1|A/cattle/Texas/24-008749-003/2024(H5N1)	2193	G	A	1458	1240	35	19	16	35	0.0128639	1477	1.19757e-05	TRUE	PB2:cds-XAJ25426.1	GTG	V	GTA	V	731
