REGION	POS	REF	ALT	REF_DP	REF_RV	REF_QUAL	ALT_DP	ALT_RV	ALT_QUAL	ALT_FREQ	TOTAL_DP	PVAL	PASS	GFF_FEATURE	REF_CODON	REF_AA	ALT_CODON	ALT_AA	POS_AA
NS|PP755593.1|A/cattle/Texas/24-008749-003/2024(H5N1)	6	T	G	71	13	39	4	1	45	0.0533333	75	0.000683625	TRUE	NEP:cds-XAJ25421.1	GAT	D	GAG	E	2
NS|PP755593.1|A/cattle/Texas/24-008749-003/2024(H5N1)	6	T	G	71	13	39	4	1	45	0.0533333	75	0.000683625	TRUE	NS1:cds-XAJ25420.1	GAT	D	GAG	E	2
NS|PP755593.1|A/cattle/Texas/24-008749-003/2024(H5N1)	107	T	A	6346	3166	63	148	69	63	0.0227692	6500	8.56151e-72	TRUE	NS1:cds-XAJ25420.1	CTC	L	CAC	H	36
NS|PP755593.1|A/cattle/Texas/24-008749-003/2024(H5N1)	175	C	T	6003	4666	46	237	190	45	0.0379747	6241	1.61668e-92	TRUE	NS1:cds-XAJ25420.1	CGT	R	TGT	C	59
NS|PP755593.1|A/cattle/Texas/24-008749-003/2024(H5N1)	199	A	G	11	4	35	18507	6406	42	0.99892	18527	0	TRUE	NS1:cds-XAJ25420.1	AGG	R	GGG	G	67
NS|PP755593.1|A/cattle/Texas/24-008749-003/2024(H5N1)	222	T	C	12	7	37	20371	6203	50	0.99897	20392	0	TRUE	NS1:cds-XAJ25420.1	GAT	D	GAC	D	74
NS|PP755593.1|A/cattle/Texas/24-008749-003/2024(H5N1)	258	T	C	27956	12379	62	408	177	59	0.0143804	28372	3.12076e-189	TRUE	NS1:cds-XAJ25420.1	GCT	A	GCC	A	86
NS|PP755593.1|A/cattle/Texas/24-008749-003/2024(H5N1)	375	T	-A	25605	15457	50	498	0	20	0.0126647	39322	2.31712e-22	TRUE	NA	NA	NA	NA	NA	NA
NS|PP755593.1|A/cattle/Texas/24-008749-003/2024(H5N1)	495	T	C	8307	4152	59	1648	852	57	0.165462	9960	0	TRUE	NS1:cds-XAJ25420.1	TCT	S	TCC	S	165
NS|PP755593.1|A/cattle/Texas/24-008749-003/2024(H5N1)	503	G	T	10676	6228	56	162	86	56	0.0149405	10843	1.49847e-72	TRUE	NEP:cds-XAJ25421.1	GAC	D	TAC	Y	1
NS|PP755593.1|A/cattle/Texas/24-008749-003/2024(H5N1)	503	G	T	10676	6228	56	162	86	56	0.0149405	10843	1.49847e-72	TRUE	NS1:cds-XAJ25420.1	GGA	G	GTA	V	168
NS|PP755593.1|A/cattle/Texas/24-008749-003/2024(H5N1)	616	A	G	5768	2852	63	63	9	37	0.0107932	5837	6.70397e-20	TRUE	NEP:cds-XAJ25421.1	GCA	A	GCG	A	38
NS|PP755593.1|A/cattle/Texas/24-008749-003/2024(H5N1)	616	A	G	5768	2852	63	63	9	37	0.0107932	5837	6.70397e-20	TRUE	NS1:cds-XAJ25420.1	AGT	S	GGT	G	206
NS|PP755593.1|A/cattle/Texas/24-008749-003/2024(H5N1)	650	A	G	5616	2829	60	97	54	58	0.0169758	5714	7.53838e-46	TRUE	NEP:cds-XAJ25421.1	AGC	S	GGC	G	50
NS|PP755593.1|A/cattle/Texas/24-008749-003/2024(H5N1)	650	A	G	5616	2829	60	97	54	58	0.0169758	5714	7.53838e-46	TRUE	NS1:cds-XAJ25420.1	AAG	K	AGG	R	217
