REGION	POS	REF	ALT	REF_DP	REF_RV	REF_QUAL	ALT_DP	ALT_RV	ALT_QUAL	ALT_FREQ	TOTAL_DP	PVAL	PASS	GFF_FEATURE	REF_CODON	REF_AA	ALT_CODON	ALT_AA	POS_AA
HA|PP755589.1|A/cattle/Texas/24-008749-003/2024(H5N1)	1153	T	A	0	0	0	3	3	38	1	3	0.05	FALSE	HA:cds-XAJ25415.1	TCC	S	ACC	T	385
HA|PP755589.1|A/cattle/Texas/24-008749-003/2024(H5N1)	1154	C	G	0	0	0	3	3	38	1	3	0.05	FALSE	HA:cds-XAJ25415.1	TCC	S	TGC	C	385
HA|PP755589.1|A/cattle/Texas/24-008749-003/2024(H5N1)	1158	C	T	0	0	0	4	3	35	1	4	0.0047619	TRUE	HA:cds-XAJ25415.1	ACC	T	ACT	T	386
HA|PP755589.1|A/cattle/Texas/24-008749-003/2024(H5N1)	1167	A	T	0	0	0	219	87	67	1	219	1.26115e-171	TRUE	HA:cds-XAJ25415.1	GCA	A	GCT	A	389
HA|PP755589.1|A/cattle/Texas/24-008749-003/2024(H5N1)	1173	T	C	0	0	0	219	91	69	1	219	3.63311e-173	TRUE	HA:cds-XAJ25415.1	GAT	D	GAC	D	391
HA|PP755589.1|A/cattle/Texas/24-008749-003/2024(H5N1)	1177	G	A	0	0	0	220	97	68	1	220	4.50402e-176	TRUE	HA:cds-XAJ25415.1	GTT	V	ATT	I	393
HA|PP755589.1|A/cattle/Texas/24-008749-003/2024(H5N1)	1182	C	A	0	0	0	222	108	73	1	222	1.7232e-180	TRUE	HA:cds-XAJ25415.1	ACC	T	ACA	T	394
HA|PP755589.1|A/cattle/Texas/24-008749-003/2024(H5N1)	1188	G	A	0	0	0	222	111	73	1	222	3.26514e-181	TRUE	HA:cds-XAJ25415.1	AAG	K	AAA	K	396
HA|PP755589.1|A/cattle/Texas/24-008749-003/2024(H5N1)	1194	C	T	0	0	0	223	110	74	1	223	3.20433e-182	TRUE	HA:cds-XAJ25415.1	AAC	N	AAT	N	398
HA|PP755589.1|A/cattle/Texas/24-008749-003/2024(H5N1)	1197	A	C	0	0	0	223	111	74	1	223	2.12001e-182	TRUE	HA:cds-XAJ25415.1	TCA	S	TCC	S	399
HA|PP755589.1|A/cattle/Texas/24-008749-003/2024(H5N1)	1218	T	A	0	0	0	229	121	72	1	229	1.18879e-186	TRUE	HA:cds-XAJ25415.1	ACT	T	ACA	T	406
HA|PP755589.1|A/cattle/Texas/24-008749-003/2024(H5N1)	1224	T	C	0	0	0	4	2	56	1	4	0.0047619	TRUE	HA:cds-XAJ25415.1	TTT	F	TTC	F	408
HA|PP755589.1|A/cattle/Texas/24-008749-003/2024(H5N1)	1227	G	A	0	0	0	4	2	41	1	4	0.0047619	TRUE	HA:cds-XAJ25415.1	GAG	E	GAA	E	409
HA|PP755589.1|A/cattle/Texas/24-008749-003/2024(H5N1)	1308	C	T	0	0	0	2	2	39	1	2	0.333333	FALSE	HA:cds-XAJ25415.1	GTC	V	GTT	V	436
