REGION	POS	REF	ALT	REF_DP	REF_RV	REF_QUAL	ALT_DP	ALT_RV	ALT_QUAL	ALT_FREQ	TOTAL_DP	PVAL	PASS	GFF_FEATURE	REF_CODON	REF_AA	ALT_CODON	ALT_AA	POS_AA
PB2|PP755596.1|A/cattle/Texas/24-008749-003/2024(H5N1)	240	G	A	2	2	34	2026	1120	38	0.998521	2029	0	TRUE	PB2:cds-XAJ25426.1	AAG	K	AAA	K	80
PB2|PP755596.1|A/cattle/Texas/24-008749-003/2024(H5N1)	387	C	A	1538	696	39	1060	669	39	0.408006	2598	0	TRUE	PB2:cds-XAJ25426.1	ACC	T	ACA	T	129
PB2|PP755596.1|A/cattle/Texas/24-008749-003/2024(H5N1)	630	G	A	6	5	32	2123	1272	38	0.997182	2129	0	TRUE	PB2:cds-XAJ25426.1	GAG	E	GAA	E	210
PB2|PP755596.1|A/cattle/Texas/24-008749-003/2024(H5N1)	764	C	T	1	0	34	2343	1054	39	0.999573	2344	0	TRUE	PB2:cds-XAJ25426.1	GCA	A	GTA	V	255
PB2|PP755596.1|A/cattle/Texas/24-008749-003/2024(H5N1)	912	G	A	3	0	34	2487	1210	40	0.998394	2491	0	TRUE	PB2:cds-XAJ25426.1	GAG	E	GAA	E	304
PB2|PP755596.1|A/cattle/Texas/24-008749-003/2024(H5N1)	1392	G	A	2	1	30	2727	1837	39	0.998901	2730	0	TRUE	PB2:cds-XAJ25426.1	TTG	L	TTA	L	464
PB2|PP755596.1|A/cattle/Texas/24-008749-003/2024(H5N1)	2009	A	G	1	1	34	2812	1503	41	0.999645	2813	0	TRUE	PB2:cds-XAJ25426.1	AAA	K	AGA	R	670
PB2|PP755596.1|A/cattle/Texas/24-008749-003/2024(H5N1)	2056	G	A	2878	1526	41	90	48	37	0.0302623	2974	2.20533e-28	TRUE	PB2:cds-XAJ25426.1	GTG	V	ATG	M	686
