REGION	POS	REF	ALT	REF_DP	REF_RV	REF_QUAL	ALT_DP	ALT_RV	ALT_QUAL	ALT_FREQ	TOTAL_DP	PVAL	PASS	GFF_FEATURE	REF_CODON	REF_AA	ALT_CODON	ALT_AA	POS_AA
PA|PP755594.1|A/cattle/Texas/24-008749-003/2024(H5N1)	58	G	A	2	0	31	2087	561	33	0.999043	2089	0	TRUE	PA:cds-XAJ25422.1	GCA	A	ACA	T	20
PA|PP755594.1|A/cattle/Texas/24-008749-003/2024(H5N1)	58	G	A	2	0	31	2087	561	33	0.999043	2089	0	TRUE	PA-X:cds-XAJ25423.1	GCA	A	ACA	T	20
PA|PP755594.1|A/cattle/Texas/24-008749-003/2024(H5N1)	80	A	G	1523	585	31	1122	300	33	0.424197	2645	0	TRUE	PA:cds-XAJ25422.1	GAT	D	GGT	G	27
PA|PP755594.1|A/cattle/Texas/24-008749-003/2024(H5N1)	80	A	G	1523	585	31	1122	300	33	0.424197	2645	0	TRUE	PA-X:cds-XAJ25423.1	GAT	D	GGT	G	27
PA|PP755594.1|A/cattle/Texas/24-008749-003/2024(H5N1)	261	C	A	4223	2160	33	2068	1258	33	0.328619	6293	0	TRUE	PA:cds-XAJ25422.1	GCC	A	GCA	A	87
PA|PP755594.1|A/cattle/Texas/24-008749-003/2024(H5N1)	261	C	A	4223	2160	33	2068	1258	33	0.328619	6293	0	TRUE	PA-X:cds-XAJ25423.1	GCC	A	GCA	A	87
PA|PP755594.1|A/cattle/Texas/24-008749-003/2024(H5N1)	822	T	C	2	1	34	5383	2991	33	0.999629	5385	0	TRUE	PA:cds-XAJ25422.1	CCT	P	CCC	P	274
PA|PP755594.1|A/cattle/Texas/24-008749-003/2024(H5N1)	942	T	C	3	1	34	5374	1853	33	0.999442	5377	0	TRUE	PA:cds-XAJ25422.1	TTT	F	TTC	F	314
PA|PP755594.1|A/cattle/Texas/24-008749-003/2024(H5N1)	981	G	A	6	5	34	5661	2289	33	0.998941	5667	0	TRUE	PA:cds-XAJ25422.1	GAG	E	GAA	E	327
PA|PP755594.1|A/cattle/Texas/24-008749-003/2024(H5N1)	1294	G	A	0	0	0	6920	3480	33	0.999856	6921	0	TRUE	PA:cds-XAJ25422.1	GTT	V	ATT	I	432
PA|PP755594.1|A/cattle/Texas/24-008749-003/2024(H5N1)	1545	C	A	0	0	0	7111	3996	33	0.999578	7114	0	TRUE	PA:cds-XAJ25422.1	ACC	T	ACA	T	515
