REGION	POS	REF	ALT	REF_DP	REF_RV	REF_QUAL	ALT_DP	ALT_RV	ALT_QUAL	ALT_FREQ	TOTAL_DP	PVAL	PASS	GFF_FEATURE	REF_CODON	REF_AA	ALT_CODON	ALT_AA	POS_AA
PB1|PP755595.1|A/cattle/Texas/24-008749-003/2024(H5N1)	13	C	T	97	12	33	1	0	34	0.0102041	98	0.131544	FALSE	PB1:cds-XAJ25424.1	CCG	P	TCG	S	5
PB1|PP755595.1|A/cattle/Texas/24-008749-003/2024(H5N1)	47	A	G	289	33	33	12	0	34	0.0398671	301	8.49817e-08	TRUE	PB1:cds-XAJ25424.1	AAT	N	AGT	S	16
PB1|PP755595.1|A/cattle/Texas/24-008749-003/2024(H5N1)	72	T	C	616	122	33	9	2	34	0.0144	625	0.000476263	TRUE	PB1:cds-XAJ25424.1	TAT	Y	TAC	Y	24
PB1|PP755595.1|A/cattle/Texas/24-008749-003/2024(H5N1)	263	T	C	1471	508	33	23	9	33	0.0153949	1494	1.06432e-06	TRUE	PB1:cds-XAJ25424.1	GTC	V	GCC	A	88
PB1|PP755595.1|A/cattle/Texas/24-008749-003/2024(H5N1)	263	T	C	1471	508	33	23	9	33	0.0153949	1494	1.06432e-06	TRUE	PB1-F2:cds-XAJ25425.1	TCC	S	CCC	P	57
PB1|PP755595.1|A/cattle/Texas/24-008749-003/2024(H5N1)	945	T	C	0	0	0	1865	1062	33	1	1865	0	TRUE	PB1:cds-XAJ25424.1	CCT	P	CCC	P	315
PB1|PP755595.1|A/cattle/Texas/24-008749-003/2024(H5N1)	1196	G	A	1843	988	33	314	155	33	0.145573	2157	5.16641e-99	TRUE	PB1:cds-XAJ25424.1	GGT	G	GAT	D	399
PB1|PP755595.1|A/cattle/Texas/24-008749-003/2024(H5N1)	2019	T	C	2781	1339	33	177	82	33	0.0598377	2958	4.47517e-52	TRUE	PB1:cds-XAJ25424.1	TCT	S	TCC	S	673
