REGION	POS	REF	ALT	REF_DP	REF_RV	REF_QUAL	ALT_DP	ALT_RV	ALT_QUAL	ALT_FREQ	TOTAL_DP	PVAL	PASS	GFF_FEATURE	REF_CODON	REF_AA	ALT_CODON	ALT_AA	POS_AA
PB1|PP755595.1|A/cattle/Texas/24-008749-003/2024(H5N1)	110	G	-AT	841	271	33	15	0	20	0.0125418	1196	0.0730398	FALSE	NA	NA	NA	NA	NA	NA
PB1|PP755595.1|A/cattle/Texas/24-008749-003/2024(H5N1)	121	G	-ACACAGTTAACAGAAC	901	300	33	61	0	20	0.0505385	1207	2.59313e-12	TRUE	NA	NA	NA	NA	NA	NA
PB1|PP755595.1|A/cattle/Texas/24-008749-003/2024(H5N1)	132	C	-AGAACACATCAATATTCAGAAAAAGGG	942	311	33	21	0	20	0.0192132	1093	0.014867	FALSE	NA	NA	NA	NA	NA	NA
PB1|PP755595.1|A/cattle/Texas/24-008749-003/2024(H5N1)	143	A	-AT	1053	337	33	16	0	20	0.013901	1151	0.167059	FALSE	NA	NA	NA	NA	NA	NA
PB1|PP755595.1|A/cattle/Texas/24-008749-003/2024(H5N1)	209	A	-TGGACCATTGCC	818	319	33	71	0	20	0.0761803	932	1.59724e-14	TRUE	NA	NA	NA	NA	NA	NA
PB1|PP755595.1|A/cattle/Texas/24-008749-003/2024(H5N1)	242	G	-AT	947	396	33	28	0	20	0.0284842	983	0.00108683	TRUE	NA	NA	NA	NA	NA	NA
PB1|PP755595.1|A/cattle/Texas/24-008749-003/2024(H5N1)	317	C	-GTGTCTTGAAACGATGGAAGTT	861	456	33	12	0	20	0.0134378	893	0.235183	FALSE	NA	NA	NA	NA	NA	NA
PB1|PP755595.1|A/cattle/Texas/24-008749-003/2024(H5N1)	633	G	A	361	190	33	322	196	33	0.471449	683	2.56994e-124	TRUE	PB1:cds-XAJ25424.1	AGG	R	AGA	R	211
PB1|PP755595.1|A/cattle/Texas/24-008749-003/2024(H5N1)	674	A	G	682	367	33	10	5	34	0.0144509	692	0.000643755	TRUE	PB1:cds-XAJ25424.1	AAC	N	AGC	S	225
PB1|PP755595.1|A/cattle/Texas/24-008749-003/2024(H5N1)	945	T	C	0	0	0	705	385	33	1	705	0	TRUE	PB1:cds-XAJ25424.1	CCT	P	CCC	P	315
PB1|PP755595.1|A/cattle/Texas/24-008749-003/2024(H5N1)	1346	T	C	932	415	33	22	9	33	0.0230608	954	1.54584e-07	TRUE	PB1:cds-XAJ25424.1	CTC	L	CCC	P	449
PB1|PP755595.1|A/cattle/Texas/24-008749-003/2024(H5N1)	2024	T	-TAA	2547	1053	33	114	0	20	0.0428089	2663	5.66653e-15	TRUE	NA	NA	NA	NA	NA	NA
PB1|PP755595.1|A/cattle/Texas/24-008749-003/2024(H5N1)	2041	G	-GAATCCTTGAAGACGAACAGATGTATCAAAAGT	2577	1039	33	39	0	20	0.0143911	2710	0.0659159	FALSE	NA	NA	NA	NA	NA	NA
PB1|PP755595.1|A/cattle/Texas/24-008749-003/2024(H5N1)	2062	A	-TG	2646	1217	33	97	0	20	0.0338215	2868	2.72873e-11	TRUE	NA	NA	NA	NA	NA	NA
