REGION	POS	REF	ALT	REF_DP	REF_RV	REF_QUAL	ALT_DP	ALT_RV	ALT_QUAL	ALT_FREQ	TOTAL_DP	PVAL	PASS	GFF_FEATURE	REF_CODON	REF_AA	ALT_CODON	ALT_AA	POS_AA
NS|PP755593.1|A/cattle/Texas/24-008749-003/2024(H5N1)	168	G	A	14649	6940	33	24421	10253	33	0.624642	39096	0	TRUE	NS1:cds-XAJ25420.1	ACG	T	ACA	T	56
NS|PP755593.1|A/cattle/Texas/24-008749-003/2024(H5N1)	199	A	G	12	6	32	43057	18600	33	0.999327	43086	0	TRUE	NS1:cds-XAJ25420.1	AGG	R	GGG	G	67
NS|PP755593.1|A/cattle/Texas/24-008749-003/2024(H5N1)	205	C	A	43932	19257	33	5007	2506	33	0.102271	48958	0	TRUE	NS1:cds-XAJ25420.1	CTG	L	ATG	M	69
NS|PP755593.1|A/cattle/Texas/24-008749-003/2024(H5N1)	222	T	C	17	8	33	48730	22806	33	0.999569	48751	0	TRUE	NS1:cds-XAJ25420.1	GAT	D	GAC	D	74
