REGION	POS	REF	ALT	REF_DP	REF_RV	REF_QUAL	ALT_DP	ALT_RV	ALT_QUAL	ALT_FREQ	TOTAL_DP	PVAL	PASS	GFF_FEATURE	REF_CODON	REF_AA	ALT_CODON	ALT_AA	POS_AA
HA|PP755589.1|A/cattle/Texas/24-008749-003/2024(H5N1)	4	G	A	0	0	0	16	4	33	1	16	1.54649e-12	TRUE	HA:cds-XAJ25415.1	GAG	E	AAG	K	2
HA|PP755589.1|A/cattle/Texas/24-008749-003/2024(H5N1)	28	A	-TAGT	518	106	33	33	0	20	0.0254237	1298	1.32921e-09	TRUE	NA	NA	NA	NA	NA	NA
HA|PP755589.1|A/cattle/Texas/24-008749-003/2024(H5N1)	311	A	G	0	0	0	1450	651	33	1	1450	0	TRUE	HA:cds-XAJ25415.1	GAC	D	GGC	G	104
HA|PP755589.1|A/cattle/Texas/24-008749-003/2024(H5N1)	329	G	A	1506	641	33	130	45	33	0.0794621	1636	5.14035e-40	TRUE	HA:cds-XAJ25415.1	AGC	S	AAC	N	110
HA|PP755589.1|A/cattle/Texas/24-008749-003/2024(H5N1)	439	G	A	7	4	34	1610	892	33	0.995671	1617	0	TRUE	HA:cds-XAJ25415.1	GTG	V	ATG	M	147
HA|PP755589.1|A/cattle/Texas/24-008749-003/2024(H5N1)	651	G	A	0	0	0	1673	737	33	0.999403	1674	0	TRUE	HA:cds-XAJ25415.1	GGG	G	GGA	G	217
HA|PP755589.1|A/cattle/Texas/24-008749-003/2024(H5N1)	675	G	A	0	0	0	1630	753	32	0.999387	1631	0	TRUE	HA:cds-XAJ25415.1	TTG	L	TTA	L	225
HA|PP755589.1|A/cattle/Texas/24-008749-003/2024(H5N1)	749	A	G	1472	805	32	128	72	33	0.07995	1601	3.57451e-41	TRUE	HA:cds-XAJ25415.1	AAA	K	AGA	R	250
HA|PP755589.1|A/cattle/Texas/24-008749-003/2024(H5N1)	1007	G	A	0	0	0	1975	1113	33	0.999494	1976	0	TRUE	HA:cds-XAJ25415.1	AGT	S	AAT	N	336
HA|PP755589.1|A/cattle/Texas/24-008749-003/2024(H5N1)	1031	A	G	1849	1102	33	83	46	33	0.0429607	1932	9.00375e-24	TRUE	HA:cds-XAJ25415.1	AAA	K	AGA	R	344
HA|PP755589.1|A/cattle/Texas/24-008749-003/2024(H5N1)	1052	T	A	1955	1187	33	25	3	33	0.0126263	1980	2.08293e-06	TRUE	HA:cds-XAJ25415.1	ATA	I	AAA	K	351
HA|PP755589.1|A/cattle/Texas/24-008749-003/2024(H5N1)	1173	T	C	1	1	34	6094	1625	33	0.999836	6095	0	TRUE	HA:cds-XAJ25415.1	GAT	D	GAC	D	391
HA|PP755589.1|A/cattle/Texas/24-008749-003/2024(H5N1)	1269	G	A	7509	2677	33	82	25	32	0.0108023	7591	6.55969e-18	TRUE	HA:cds-XAJ25415.1	GAG	E	GAA	E	423
