REGION	POS	REF	ALT	REF_DP	REF_RV	REF_QUAL	ALT_DP	ALT_RV	ALT_QUAL	ALT_FREQ	TOTAL_DP	PVAL	PASS	GFF_FEATURE	REF_CODON	REF_AA	ALT_CODON	ALT_AA	POS_AA
HA|PP755589.1|A/cattle/Texas/24-008749-003/2024(H5N1)	90	G	A	2915	717	33	105	24	33	0.0347682	3020	3.96615e-39	TRUE	HA:cds-XAJ25415.1	GAG	E	GAA	E	30
HA|PP755589.1|A/cattle/Texas/24-008749-003/2024(H5N1)	109	G	A	3184	836	33	62	15	33	0.0190945	3247	2.21e-20	TRUE	HA:cds-XAJ25415.1	GAA	E	AAA	K	37
HA|PP755589.1|A/cattle/Texas/24-008749-003/2024(H5N1)	391	C	A	4844	2672	33	95	62	33	0.0192347	4939	1.69802e-23	TRUE	HA:cds-XAJ25415.1	CAG	Q	AAG	K	131
HA|PP755589.1|A/cattle/Texas/24-008749-003/2024(H5N1)	444	C	A	4523	2901	33	66	45	32	0.0143791	4590	2.58674e-16	TRUE	HA:cds-XAJ25415.1	AGC	S	AGA	R	148
HA|PP755589.1|A/cattle/Texas/24-008749-003/2024(H5N1)	459	C	A	4774	2895	33	80	48	33	0.0164779	4855	3.39677e-20	TRUE	HA:cds-XAJ25415.1	TAC	Y	TAA	*	153
HA|PP755589.1|A/cattle/Texas/24-008749-003/2024(H5N1)	465	A	G	2223	1086	33	2496	1571	33	0.528926	4719	0	TRUE	HA:cds-XAJ25415.1	GGA	G	GGG	G	155
HA|PP755589.1|A/cattle/Texas/24-008749-003/2024(H5N1)	516	A	G	2442	1147	33	2105	1223	33	0.462841	4548	0	TRUE	HA:cds-XAJ25415.1	GCA	A	GCG	A	172
HA|PP755589.1|A/cattle/Texas/24-008749-003/2024(H5N1)	651	G	A	5	3	32	4079	1724	33	0.998531	4085	0	TRUE	HA:cds-XAJ25415.1	GGG	G	GGA	G	217
HA|PP755589.1|A/cattle/Texas/24-008749-003/2024(H5N1)	715	C	T	3930	2212	33	41	26	33	0.0103223	3972	2.60064e-09	TRUE	HA:cds-XAJ25415.1	CGT	R	TGT	C	239
HA|PP755589.1|A/cattle/Texas/24-008749-003/2024(H5N1)	743	T	C	3448	1593	33	37	18	33	0.0106078	3488	1.39108e-09	TRUE	HA:cds-XAJ25415.1	ATC	I	ACC	T	248
HA|PP755589.1|A/cattle/Texas/24-008749-003/2024(H5N1)	890	C	T	3860	2010	33	66	46	33	0.0168067	3927	2.71205e-16	TRUE	HA:cds-XAJ25415.1	CCA	P	CTA	L	297
HA|PP755589.1|A/cattle/Texas/24-008749-003/2024(H5N1)	1186	A	G	6528	2078	33	95	17	33	0.0143418	6624	8.01484e-23	TRUE	HA:cds-XAJ25415.1	AAG	K	GAG	E	396
HA|PP755589.1|A/cattle/Texas/24-008749-003/2024(H5N1)	1275	G	A	5	2	34	6198	2779	33	0.999033	6204	0	TRUE	HA:cds-XAJ25415.1	TTG	L	TTA	L	425
HA|PP755589.1|A/cattle/Texas/24-008749-003/2024(H5N1)	1448	T	C	7882	3735	33	114	52	32	0.0142571	7996	6.12721e-26	TRUE	HA:cds-XAJ25415.1	TTC	F	TCC	S	483
