REGION	POS	REF	ALT	REF_DP	REF_RV	REF_QUAL	ALT_DP	ALT_RV	ALT_QUAL	ALT_FREQ	TOTAL_DP	PVAL	PASS	GFF_FEATURE	REF_CODON	REF_AA	ALT_CODON	ALT_AA	POS_AA
NA|PP755591.1|A/cattle/Texas/24-008749-003/2024(H5N1)	14	A	G	54	2	37	1	0	34	0.0181818	55	0.179153	FALSE	NA:cds-XAJ25418.1	CAA	Q	CGA	R	5
NA|PP755591.1|A/cattle/Texas/24-008749-003/2024(H5N1)	22	A	G	71	4	37	2	0	34	0.0273973	73	0.0440312	FALSE	NA:cds-XAJ25418.1	ACA	T	GCA	A	8
NA|PP755591.1|A/cattle/Texas/24-008749-003/2024(H5N1)	55	A	G	0	0	0	201	14	35	1	201	1.43111e-169	TRUE	NA:cds-XAJ25418.1	ATA	I	GTA	V	19
NA|PP755591.1|A/cattle/Texas/24-008749-003/2024(H5N1)	263	A	G	0	0	0	562	280	37	0.998224	563	0	TRUE	NA:cds-XAJ25418.1	AAT	N	AGT	S	88
NA|PP755591.1|A/cattle/Texas/24-008749-003/2024(H5N1)	280	A	G	541	241	35	96	52	38	0.150706	637	5.94105e-35	TRUE	NA:cds-XAJ25418.1	ATT	I	GTT	V	94
NA|PP755591.1|A/cattle/Texas/24-008749-003/2024(H5N1)	315	T	C	607	272	36	39	17	35	0.0603715	646	2.53724e-14	TRUE	NA:cds-XAJ25418.1	GGT	G	GGC	G	105
NA|PP755591.1|A/cattle/Texas/24-008749-003/2024(H5N1)	332	A	G	0	0	0	642	279	36	1	642	0	TRUE	NA:cds-XAJ25418.1	AAG	K	AGG	R	111
NA|PP755591.1|A/cattle/Texas/24-008749-003/2024(H5N1)	447	T	C	715	337	35	100	27	34	0.122399	817	2.65972e-34	TRUE	NA:cds-XAJ25418.1	GTT	V	GTC	V	149
NA|PP755591.1|A/cattle/Texas/24-008749-003/2024(H5N1)	528	T	C	665	255	35	95	40	36	0.124836	761	1.78384e-33	TRUE	NA:cds-XAJ25418.1	TCT	S	TCC	S	176
NA|PP755591.1|A/cattle/Texas/24-008749-003/2024(H5N1)	571	T	C	0	0	0	723	307	35	1	723	0	TRUE	NA:cds-XAJ25418.1	TTG	L	CTG	L	191
NA|PP755591.1|A/cattle/Texas/24-008749-003/2024(H5N1)	945	A	G	135	41	34	682	272	34	0.832723	819	0	TRUE	NA:cds-XAJ25418.1	GGA	G	GGG	G	315
NA|PP755591.1|A/cattle/Texas/24-008749-003/2024(H5N1)	995	C	T	851	302	35	16	4	38	0.0184544	867	6.955e-06	TRUE	NA:cds-XAJ25418.1	ACA	T	ATA	I	332
NA|PP755591.1|A/cattle/Texas/24-008749-003/2024(H5N1)	1185	A	G	1	1	34	739	495	35	0.997301	741	0	TRUE	NA:cds-XAJ25418.1	GAA	E	GAG	E	395
NA|PP755591.1|A/cattle/Texas/24-008749-003/2024(H5N1)	1289	G	C	408	304	35	10	10	27	0.0239234	418	0.0321482	FALSE	NA:cds-XAJ25418.1	AGG	R	ACG	T	430
NA|PP755591.1|A/cattle/Texas/24-008749-003/2024(H5N1)	1290	G	C	460	370	37	5	5	27	0.0107296	466	0.476217	FALSE	NA:cds-XAJ25418.1	AGG	R	AGC	S	430
