REGION	POS	REF	ALT	REF_DP	REF_RV	REF_QUAL	ALT_DP	ALT_RV	ALT_QUAL	ALT_FREQ	TOTAL_DP	PVAL	PASS	GFF_FEATURE	REF_CODON	REF_AA	ALT_CODON	ALT_AA	POS_AA
NP|PP755592.1|A/cattle/Texas/24-008749-003/2024(H5N1)	11	A	C	352	63	33	61	6	33	0.147343	414	4.35232e-51	TRUE	NP:cds-XAJ25419.1	CAA	Q	CCA	P	4
NP|PP755592.1|A/cattle/Texas/24-008749-003/2024(H5N1)	355	A	G	1	1	34	4398	2403	33	0.999773	4399	0	TRUE	NP:cds-XAJ25419.1	ATT	I	GTT	V	119
NP|PP755592.1|A/cattle/Texas/24-008749-003/2024(H5N1)	396	T	C	4462	2304	32	188	108	33	0.040404	4653	3.76765e-55	TRUE	NP:cds-XAJ25419.1	GGT	G	GGC	G	132
NP|PP755592.1|A/cattle/Texas/24-008749-003/2024(H5N1)	474	A	G	1056	438	33	3763	2061	33	0.780867	4819	0	TRUE	NP:cds-XAJ25419.1	GGA	G	GGG	G	158
NP|PP755592.1|A/cattle/Texas/24-008749-003/2024(H5N1)	498	G	A	3	1	34	4525	1819	33	0.999337	4528	0	TRUE	NP:cds-XAJ25419.1	CTG	L	CTA	L	166
NP|PP755592.1|A/cattle/Texas/24-008749-003/2024(H5N1)	725	T	C	4276	2308	33	371	219	33	0.0798193	4648	4.06328e-113	TRUE	NP:cds-XAJ25419.1	GTG	V	GCG	A	242
NP|PP755592.1|A/cattle/Texas/24-008749-003/2024(H5N1)	804	A	G	5022	2679	33	51	31	33	0.0100473	5076	3.03137e-11	TRUE	NP:cds-XAJ25419.1	GGA	G	GGG	G	268
NP|PP755592.1|A/cattle/Texas/24-008749-003/2024(H5N1)	870	C	T	1	1	34	4644	2189	33	0.99957	4646	0	TRUE	NP:cds-XAJ25419.1	GAC	D	GAT	D	290
NP|PP755592.1|A/cattle/Texas/24-008749-003/2024(H5N1)	963	T	C	4892	2359	33	52	26	32	0.0105178	4944	1.34508e-11	TRUE	NP:cds-XAJ25419.1	AAT	N	AAC	N	321
NP|PP755592.1|A/cattle/Texas/24-008749-003/2024(H5N1)	1014	T	C	0	0	0	4776	2567	33	1	4776	0	TRUE	NP:cds-XAJ25419.1	TTT	F	TTC	F	338
NP|PP755592.1|A/cattle/Texas/24-008749-003/2024(H5N1)	1092	G	A	0	0	0	4886	2434	33	0.999386	4889	0	TRUE	NP:cds-XAJ25419.1	CAG	Q	CAA	Q	364
NP|PP755592.1|A/cattle/Texas/24-008749-003/2024(H5N1)	1128	C	A	4856	2620	33	345	199	33	0.0663206	5202	2.34347e-101	TRUE	NP:cds-XAJ25419.1	TCC	S	TCA	S	376
NP|PP755592.1|A/cattle/Texas/24-008749-003/2024(H5N1)	1134	T	C	4447	2084	32	149	79	33	0.0323983	4599	1.71165e-43	TRUE	NP:cds-XAJ25419.1	ACT	T	ACC	T	378
