REGION	POS	REF	ALT	REF_DP	REF_RV	REF_QUAL	ALT_DP	ALT_RV	ALT_QUAL	ALT_FREQ	TOTAL_DP	PVAL	PASS	GFF_FEATURE	REF_CODON	REF_AA	ALT_CODON	ALT_AA	POS_AA
NP|PP755592.1|A/cattle/Texas/24-008749-003/2024(H5N1)	498	G	A	2	0	34	11179	5032	33	0.999821	11181	0	TRUE	NP:cds-XAJ25419.1	CTG	L	CTA	L	166
NP|PP755592.1|A/cattle/Texas/24-008749-003/2024(H5N1)	870	C	T	2	1	34	11136	5163	33	0.999641	11140	0	TRUE	NP:cds-XAJ25419.1	GAC	D	GAT	D	290
NP|PP755592.1|A/cattle/Texas/24-008749-003/2024(H5N1)	1014	T	C	2	1	34	11669	6203	33	0.999657	11673	0	TRUE	NP:cds-XAJ25419.1	TTT	F	TTC	F	338
NP|PP755592.1|A/cattle/Texas/24-008749-003/2024(H5N1)	1115	A	G	13085	6958	33	213	116	33	0.0160174	13298	9.95905e-49	TRUE	NP:cds-XAJ25419.1	GAG	E	GGG	G	372
NP|PP755592.1|A/cattle/Texas/24-008749-003/2024(H5N1)	1130	G	A	4	1	34	13410	7019	33	0.999553	13416	0	TRUE	NP:cds-XAJ25419.1	AGT	S	AAT	N	377
