REGION	POS	REF	ALT	REF_DP	REF_RV	REF_QUAL	ALT_DP	ALT_RV	ALT_QUAL	ALT_FREQ	TOTAL_DP	PVAL	PASS	GFF_FEATURE	REF_CODON	REF_AA	ALT_CODON	ALT_AA	POS_AA
MP|PP755590.1|A/cattle/Texas/24-008749-003/2024(H5N1)	215	G	A	17186	7675	33	821	267	33	0.0455908	18008	2.67669e-223	TRUE	M1:cds-XAJ25416.1	CGA	R	CAA	Q	72
MP|PP755590.1|A/cattle/Texas/24-008749-003/2024(H5N1)	245	G	A	2	1	30	17890	7706	33	0.999721	17895	0	TRUE	M1:cds-XAJ25416.1	AGT	S	AAT	N	82
MP|PP755590.1|A/cattle/Texas/24-008749-003/2024(H5N1)	514	C	T	18114	9268	33	429	265	33	0.0231254	18551	2.1237e-106	TRUE	M1:cds-XAJ25416.1	CTG	L	TTG	L	172
