REGION	POS	REF	ALT	REF_DP	REF_RV	REF_QUAL	ALT_DP	ALT_RV	ALT_QUAL	ALT_FREQ	TOTAL_DP	PVAL	PASS	GFF_FEATURE	REF_CODON	REF_AA	ALT_CODON	ALT_AA	POS_AA
PB1|PP755595.1|A/cattle/Texas/24-008749-003/2024(H5N1)	29	T	-GAAA	191	17	43	13	0	20	0.0215232	604	7.65583e-05	TRUE	NA	NA	NA	NA	NA	NA
PB1|PP755595.1|A/cattle/Texas/24-008749-003/2024(H5N1)	30	G	-A	190	17	43	21	0	20	0.0347682	604	1.40092e-08	TRUE	NA	NA	NA	NA	NA	NA
PB1|PP755595.1|A/cattle/Texas/24-008749-003/2024(H5N1)	31	A	-AAGTTCCAGCGC	178	15	42	17	0	20	0.0280992	605	5.28142e-07	TRUE	NA	NA	NA	NA	NA	NA
PB1|PP755595.1|A/cattle/Texas/24-008749-003/2024(H5N1)	192	T	C	785	282	48	35	9	44	0.0426829	820	4.50535e-13	TRUE	PB1:cds-XAJ25424.1	CCT	P	CCC	P	64
PB1|PP755595.1|A/cattle/Texas/24-008749-003/2024(H5N1)	192	T	C	785	282	48	35	9	44	0.0426829	820	4.50535e-13	TRUE	PB1-F2:cds-XAJ25425.1	CTC	L	CCC	P	33
PB1|PP755595.1|A/cattle/Texas/24-008749-003/2024(H5N1)	364	T	C	431	281	45	408	252	47	0.486293	839	8.52681e-177	TRUE	PB1:cds-XAJ25424.1	TTG	L	CTG	L	122
PB1|PP755595.1|A/cattle/Texas/24-008749-003/2024(H5N1)	364	T	C	431	281	45	408	252	47	0.486293	839	8.52681e-177	TRUE	PB1-F2:cds-XAJ25425.1	AGT	S	AGC	S	90
PB1|PP755595.1|A/cattle/Texas/24-008749-003/2024(H5N1)	501	C	A	582	235	39	22	0	28	0.0364238	604	0.000252945	TRUE	PB1:cds-XAJ25424.1	CTC	L	CTA	L	167
PB1|PP755595.1|A/cattle/Texas/24-008749-003/2024(H5N1)	708	A	G	0	0	0	812	383	44	1	812	0	TRUE	PB1:cds-XAJ25424.1	TTA	L	TTG	L	236
PB1|PP755595.1|A/cattle/Texas/24-008749-003/2024(H5N1)	906	C	T	0	0	0	836	450	47	1	836	0	TRUE	PB1:cds-XAJ25424.1	ATC	I	ATT	I	302
PB1|PP755595.1|A/cattle/Texas/24-008749-003/2024(H5N1)	945	T	C	0	0	0	780	487	43	0.992366	786	0	TRUE	PB1:cds-XAJ25424.1	CCT	P	CCC	P	315
PB1|PP755595.1|A/cattle/Texas/24-008749-003/2024(H5N1)	1419	A	C	0	0	0	1095	427	44	0.999088	1096	0	TRUE	PB1:cds-XAJ25424.1	GTA	V	GTC	V	473
PB1|PP755595.1|A/cattle/Texas/24-008749-003/2024(H5N1)	2089	G	+A	1818	841	47	24	0	20	0.010118	2372	0.191146	FALSE	NA	NA	NA	NA	NA	NA
PB1|PP755595.1|A/cattle/Texas/24-008749-003/2024(H5N1)	2109	T	C	0	0	0	1865	1101	48	0.999464	1866	0	TRUE	PB1:cds-XAJ25424.1	AGT	S	AGC	S	703
PB1|PP755595.1|A/cattle/Texas/24-008749-003/2024(H5N1)	2214	G	A	0	0	0	1456	1255	49	1	1456	0	TRUE	PB1:cds-XAJ25424.1	GAG	E	GAA	E	738
PB1|PP755595.1|A/cattle/Texas/24-008749-003/2024(H5N1)	2231	T	-G	1387	1217	48	23	0	20	0.013226	1739	0.0715962	FALSE	NA	NA	NA	NA	NA	NA
