REGION	POS	REF	ALT	REF_DP	REF_RV	REF_QUAL	ALT_DP	ALT_RV	ALT_QUAL	ALT_FREQ	TOTAL_DP	PVAL	PASS	GFF_FEATURE	REF_CODON	REF_AA	ALT_CODON	ALT_AA	POS_AA
NS|PP755593.1|A/cattle/Texas/24-008749-003/2024(H5N1)	6	T	G	3	2	46	5	1	50	0.625	8	1.04865e-07	TRUE	NEP:cds-XAJ25421.1	GAT	D	GAG	E	2
NS|PP755593.1|A/cattle/Texas/24-008749-003/2024(H5N1)	6	T	G	3	2	46	5	1	50	0.625	8	1.04865e-07	TRUE	NS1:cds-XAJ25420.1	GAT	D	GAG	E	2
NS|PP755593.1|A/cattle/Texas/24-008749-003/2024(H5N1)	166	A	G	2	2	51	2606	1362	56	0.999233	2608	0	TRUE	NS1:cds-XAJ25420.1	ACG	T	GCG	A	56
NS|PP755593.1|A/cattle/Texas/24-008749-003/2024(H5N1)	178	G	A	2519	1631	55	42	23	53	0.0163998	2561	6.4638e-19	TRUE	NS1:cds-XAJ25420.1	GCT	A	ACT	T	60
NS|PP755593.1|A/cattle/Texas/24-008749-003/2024(H5N1)	179	C	T	2531	1732	52	34	23	54	0.0132554	2565	5.59748e-15	TRUE	NS1:cds-XAJ25420.1	GCT	A	GTT	V	60
NS|PP755593.1|A/cattle/Texas/24-008749-003/2024(H5N1)	222	T	C	14	3	50	16588	6149	56	0.999097	16603	0	TRUE	NS1:cds-XAJ25420.1	GAT	D	GAC	D	74
NS|PP755593.1|A/cattle/Texas/24-008749-003/2024(H5N1)	230	T	G	5	3	36	16968	6324	55	0.99847	16994	0	TRUE	NS1:cds-XAJ25420.1	CTC	L	CGC	R	77
NS|PP755593.1|A/cattle/Texas/24-008749-003/2024(H5N1)	685	G	A	30	20	58	13336	7541	57	0.997382	13371	0	TRUE	NEP:cds-XAJ25421.1	CAG	Q	CAA	Q	61
NS|PP755593.1|A/cattle/Texas/24-008749-003/2024(H5N1)	685	G	A	30	20	58	13336	7541	57	0.997382	13371	0	TRUE	NS1:cds-XAJ25420.1	GAA	E	AAA	K	229
NS|PP755593.1|A/cattle/Texas/24-008749-003/2024(H5N1)	750	G	-T	1541	884	61	33	0	20	0.0113014	2920	0.00235756	TRUE	NA	NA	NA	NA	NA	NA
NS|PP755593.1|A/cattle/Texas/24-008749-003/2024(H5N1)	780	T	G	1369	857	58	14	10	59	0.0101229	1383	5.58707e-07	TRUE	NEP:cds-XAJ25421.1	TTA	L	TGA	*	93
NS|PP755593.1|A/cattle/Texas/24-008749-003/2024(H5N1)	814	A	G	1117	741	54	13	5	50	0.0115044	1130	2.11494e-06	TRUE	NEP:cds-XAJ25421.1	AGA	R	AGG	R	104
