REGION	POS	REF	ALT	REF_DP	REF_RV	REF_QUAL	ALT_DP	ALT_RV	ALT_QUAL	ALT_FREQ	TOTAL_DP	PVAL	PASS	GFF_FEATURE	REF_CODON	REF_AA	ALT_CODON	ALT_AA	POS_AA
HA|PP755589.1|A/cattle/Texas/24-008749-003/2024(H5N1)	300	C	T	0	0	0	3389	1423	36	1	3389	0	TRUE	HA:cds-XAJ25415.1	AAC	N	AAT	N	100
HA|PP755589.1|A/cattle/Texas/24-008749-003/2024(H5N1)	311	A	G	0	0	0	3481	1481	36	1	3481	0	TRUE	HA:cds-XAJ25415.1	GAC	D	GGC	G	104
HA|PP755589.1|A/cattle/Texas/24-008749-003/2024(H5N1)	371	T	C	3595	1450	36	119	39	35	0.0320323	3715	8.24449e-35	TRUE	HA:cds-XAJ25415.1	ATA	I	ACA	T	124
HA|PP755589.1|A/cattle/Texas/24-008749-003/2024(H5N1)	519	C	T	3592	2082	35	80	46	34	0.0217865	3672	1.08294e-21	TRUE	HA:cds-XAJ25415.1	TAC	Y	TAT	Y	173
HA|PP755589.1|A/cattle/Texas/24-008749-003/2024(H5N1)	651	G	A	0	0	0	3795	1680	36	0.999737	3796	0	TRUE	HA:cds-XAJ25415.1	GGG	G	GGA	G	217
HA|PP755589.1|A/cattle/Texas/24-008749-003/2024(H5N1)	675	G	A	3	1	34	3571	1499	34	0.997765	3579	0	TRUE	HA:cds-XAJ25415.1	TTG	L	TTA	L	225
HA|PP755589.1|A/cattle/Texas/24-008749-003/2024(H5N1)	1007	G	A	0	0	0	3913	2175	37	0.999234	3916	0	TRUE	HA:cds-XAJ25415.1	AGT	S	AAT	N	336
HA|PP755589.1|A/cattle/Texas/24-008749-003/2024(H5N1)	1572	A	G	6261	4506	38	1371	1036	37	0.179591	7634	0	TRUE	HA:cds-XAJ25415.1	GAA	E	GAG	E	524
HA|PP755589.1|A/cattle/Texas/24-008749-003/2024(H5N1)	1590	G	A	0	0	0	6819	5393	37	0.99956	6822	0	TRUE	HA:cds-XAJ25415.1	CAG	Q	CAA	Q	530
