REGION	POS	REF	ALT	REF_DP	REF_RV	REF_QUAL	ALT_DP	ALT_RV	ALT_QUAL	ALT_FREQ	TOTAL_DP	PVAL	PASS	GFF_FEATURE	REF_CODON	REF_AA	ALT_CODON	ALT_AA	POS_AA
HA|PP755589.1|A/cattle/Texas/24-008749-003/2024(H5N1)	17	T	C	186	60	33	2	1	34	0.0106383	188	0.0946351	FALSE	HA:cds-XAJ25415.1	CTA	L	CCA	P	6
HA|PP755589.1|A/cattle/Texas/24-008749-003/2024(H5N1)	152	A	G	448	209	33	403	191	33	0.473561	851	6.80317e-152	TRUE	HA:cds-XAJ25415.1	AAA	K	AGA	R	51
HA|PP755589.1|A/cattle/Texas/24-008749-003/2024(H5N1)	252	C	T	622	324	33	117	66	33	0.158322	739	1.103e-38	TRUE	HA:cds-XAJ25415.1	GAC	D	GAT	D	84
HA|PP755589.1|A/cattle/Texas/24-008749-003/2024(H5N1)	311	A	G	0	0	0	626	310	33	1	626	0	TRUE	HA:cds-XAJ25415.1	GAC	D	GGC	G	104
HA|PP755589.1|A/cattle/Texas/24-008749-003/2024(H5N1)	651	G	A	1	0	34	627	322	33	0.998408	628	0	TRUE	HA:cds-XAJ25415.1	GGG	G	GGA	G	217
HA|PP755589.1|A/cattle/Texas/24-008749-003/2024(H5N1)	675	G	A	0	0	0	649	324	33	1	649	0	TRUE	HA:cds-XAJ25415.1	TTG	L	TTA	L	225
HA|PP755589.1|A/cattle/Texas/24-008749-003/2024(H5N1)	1007	G	A	0	0	0	896	463	33	1	896	0	TRUE	HA:cds-XAJ25415.1	AGT	S	AAT	N	336
HA|PP755589.1|A/cattle/Texas/24-008749-003/2024(H5N1)	1052	T	A	898	517	33	19	6	32	0.0207197	917	1.14979e-06	TRUE	HA:cds-XAJ25415.1	ATA	I	AAA	K	351
HA|PP755589.1|A/cattle/Texas/24-008749-003/2024(H5N1)	1166	C	T	2532	985	33	36	13	32	0.0140187	2568	1.571e-09	TRUE	HA:cds-XAJ25415.1	GCA	A	GTA	V	389
