REGION	POS	REF	ALT	REF_DP	REF_RV	REF_QUAL	ALT_DP	ALT_RV	ALT_QUAL	ALT_FREQ	TOTAL_DP	PVAL	PASS	GFF_FEATURE	REF_CODON	REF_AA	ALT_CODON	ALT_AA	POS_AA
NA|PP755591.1|A/cattle/Texas/24-008749-003/2024(H5N1)	47	T	C	1624	182	38	19	1	33	0.0115642	1643	3.58528e-07	TRUE	NA:cds-XAJ25418.1	GTA	V	GCA	A	16
NA|PP755591.1|A/cattle/Texas/24-008749-003/2024(H5N1)	55	A	G	2	0	34	1827	210	37	0.998907	1829	0	TRUE	NA:cds-XAJ25418.1	ATA	I	GTA	V	19
NA|PP755591.1|A/cattle/Texas/24-008749-003/2024(H5N1)	86	T	C	2306	323	39	37	2	37	0.0157783	2345	7.30374e-13	TRUE	NA:cds-XAJ25418.1	ATA	I	ACA	T	29
NA|PP755591.1|A/cattle/Texas/24-008749-003/2024(H5N1)	214	A	G	3	1	56	4749	2254	39	0.999158	4753	0	TRUE	NA:cds-XAJ25418.1	ACC	T	GCC	A	72
NA|PP755591.1|A/cattle/Texas/24-008749-003/2024(H5N1)	332	A	G	1	0	34	5007	2222	39	0.999401	5010	0	TRUE	NA:cds-XAJ25418.1	AAG	K	AGG	R	111
NA|PP755591.1|A/cattle/Texas/24-008749-003/2024(H5N1)	571	T	C	0	0	0	5314	2437	38	1	5314	0	TRUE	NA:cds-XAJ25418.1	TTG	L	CTG	L	191
NA|PP755591.1|A/cattle/Texas/24-008749-003/2024(H5N1)	633	A	G	5464	2647	38	84	57	32	0.0151406	5548	1.76602e-21	TRUE	NA:cds-XAJ25418.1	ATA	I	ATG	M	211
NA|PP755591.1|A/cattle/Texas/24-008749-003/2024(H5N1)	643	A	C	5260	2533	37	72	26	36	0.0134933	5336	4.72237e-18	TRUE	NA:cds-XAJ25418.1	ACT	T	CCT	P	215
NA|PP755591.1|A/cattle/Texas/24-008749-003/2024(H5N1)	778	A	G	5042	2818	37	230	136	36	0.0436102	5274	1.6171e-71	TRUE	NA:cds-XAJ25418.1	AAA	K	GAA	E	260
NA|PP755591.1|A/cattle/Texas/24-008749-003/2024(H5N1)	810	T	C	1	1	34	5379	3401	38	0.999628	5381	0	TRUE	NA:cds-XAJ25418.1	AAT	N	AAC	N	270
NA|PP755591.1|A/cattle/Texas/24-008749-003/2024(H5N1)	960	G	A	5545	2265	39	80	29	39	0.0142222	5625	6.34033e-21	TRUE	NA:cds-XAJ25418.1	GGG	G	GGA	G	320
NA|PP755591.1|A/cattle/Texas/24-008749-003/2024(H5N1)	1155	T	C	6091	3195	41	68	34	41	0.0110408	6159	1.24805e-24	TRUE	NA:cds-XAJ25418.1	AGT	S	AGC	S	385
NA|PP755591.1|A/cattle/Texas/24-008749-003/2024(H5N1)	1185	A	G	3	0	34	5372	3168	38	0.999256	5376	0	TRUE	NA:cds-XAJ25418.1	GAA	E	GAG	E	395
NA|PP755591.1|A/cattle/Texas/24-008749-003/2024(H5N1)	1380	T	C	2601	2356	39	36	34	38	0.0136519	2637	8.54326e-10	TRUE	NA:cds-XAJ25418.1	GGT	G	GGC	G	460
