REGION	POS	REF	ALT	REF_DP	REF_RV	REF_QUAL	ALT_DP	ALT_RV	ALT_QUAL	ALT_FREQ	TOTAL_DP	PVAL	PASS	GFF_FEATURE	REF_CODON	REF_AA	ALT_CODON	ALT_AA	POS_AA
NP|PP755592.1|A/cattle/Texas/24-008749-003/2024(H5N1)	9	T	C	1077	212	36	42	3	39	0.0375335	1119	1.67132e-31	TRUE	NP:cds-XAJ25419.1	TCT	S	TCC	S	3
NP|PP755592.1|A/cattle/Texas/24-008749-003/2024(H5N1)	318	A	G	7422	3985	37	1571	882	38	0.174672	8994	0	TRUE	NP:cds-XAJ25419.1	AGA	R	AGG	R	106
NP|PP755592.1|A/cattle/Texas/24-008749-003/2024(H5N1)	355	A	G	4	3	34	9403	4568	40	0.999575	9407	0	TRUE	NP:cds-XAJ25419.1	ATT	I	GTT	V	119
NP|PP755592.1|A/cattle/Texas/24-008749-003/2024(H5N1)	498	G	A	5	2	39	9492	4783	38	0.999368	9498	0	TRUE	NP:cds-XAJ25419.1	CTG	L	CTA	L	166
NP|PP755592.1|A/cattle/Texas/24-008749-003/2024(H5N1)	504	A	G	9498	4715	38	147	77	38	0.0152395	9646	4.99343e-37	TRUE	NP:cds-XAJ25419.1	CAA	Q	CAG	Q	168
NP|PP755592.1|A/cattle/Texas/24-008749-003/2024(H5N1)	582	T	C	7815	3255	41	2062	763	41	0.208747	9878	0	TRUE	NP:cds-XAJ25419.1	ATT	I	ATC	I	194
NP|PP755592.1|A/cattle/Texas/24-008749-003/2024(H5N1)	594	A	G	3719	1577	40	5934	2572	42	0.614731	9653	0	TRUE	NP:cds-XAJ25419.1	AAA	K	AAG	K	198
NP|PP755592.1|A/cattle/Texas/24-008749-003/2024(H5N1)	632	A	C	8772	4126	39	637	222	39	0.0676724	9413	1.41926e-211	TRUE	NP:cds-XAJ25419.1	AAC	N	ACC	T	211
NP|PP755592.1|A/cattle/Texas/24-008749-003/2024(H5N1)	858	C	A	9234	4156	39	1115	556	38	0.107729	10350	0	TRUE	NP:cds-XAJ25419.1	GCC	A	GCA	A	286
NP|PP755592.1|A/cattle/Texas/24-008749-003/2024(H5N1)	870	C	T	7	2	34	9164	4160	39	0.999237	9171	0	TRUE	NP:cds-XAJ25419.1	GAC	D	GAT	D	290
NP|PP755592.1|A/cattle/Texas/24-008749-003/2024(H5N1)	1014	T	C	1	0	34	9876	5260	40	0.999899	9877	0	TRUE	NP:cds-XAJ25419.1	TTT	F	TTC	F	338
NP|PP755592.1|A/cattle/Texas/24-008749-003/2024(H5N1)	1092	G	A	0	0	0	10241	4776	41	0.999902	10242	0	TRUE	NP:cds-XAJ25419.1	CAG	Q	CAA	Q	364
NP|PP755592.1|A/cattle/Texas/24-008749-003/2024(H5N1)	1367	T	C	9736	6367	44	163	100	44	0.0164597	9903	1.37577e-61	TRUE	NP:cds-XAJ25419.1	GTG	V	GCG	A	456
