REGION	POS	REF	ALT	REF_DP	REF_RV	REF_QUAL	ALT_DP	ALT_RV	ALT_QUAL	ALT_FREQ	TOTAL_DP	PVAL	PASS	GFF_FEATURE	REF_CODON	REF_AA	ALT_CODON	ALT_AA	POS_AA
PB2|PP755596.1|A/cattle/Texas/24-008749-003/2024(H5N1)	59	T	C	159	28	39	2	0	34	0.0124224	161	0.102834	FALSE	PB2:cds-XAJ25426.1	CTA	L	CCA	P	20
PB2|PP755596.1|A/cattle/Texas/24-008749-003/2024(H5N1)	240	G	A	0	0	0	324	194	41	1	324	3.62338e-223	TRUE	PB2:cds-XAJ25426.1	AAG	K	AAA	K	80
PB2|PP755596.1|A/cattle/Texas/24-008749-003/2024(H5N1)	448	G	A	257	111	39	3	3	31	0.0115385	260	0.0938144	FALSE	PB2:cds-XAJ25426.1	GGC	G	AGC	S	150
PB2|PP755596.1|A/cattle/Texas/24-008749-003/2024(H5N1)	630	G	A	0	0	0	268	142	41	1	268	2.87274e-193	TRUE	PB2:cds-XAJ25426.1	GAG	E	GAA	E	210
PB2|PP755596.1|A/cattle/Texas/24-008749-003/2024(H5N1)	764	C	T	0	0	0	299	138	43	1	299	6.77923e-208	TRUE	PB2:cds-XAJ25426.1	GCA	A	GTA	V	255
PB2|PP755596.1|A/cattle/Texas/24-008749-003/2024(H5N1)	765	A	G	299	136	44	5	4	28	0.0164474	304	0.334004	FALSE	PB2:cds-XAJ25426.1	GCA	A	GCG	A	255
PB2|PP755596.1|A/cattle/Texas/24-008749-003/2024(H5N1)	912	G	A	2	1	68	304	143	42	0.993464	306	7.81183e-205	TRUE	PB2:cds-XAJ25426.1	GAG	E	GAA	E	304
PB2|PP755596.1|A/cattle/Texas/24-008749-003/2024(H5N1)	930	A	G	336	152	42	4	4	34	0.0117647	340	0.0355601	FALSE	PB2:cds-XAJ25426.1	ATA	I	ATG	M	310
PB2|PP755596.1|A/cattle/Texas/24-008749-003/2024(H5N1)	990	T	C	339	172	42	7	1	38	0.0202312	346	0.00309517	TRUE	PB2:cds-XAJ25426.1	TTT	F	TTC	F	330
PB2|PP755596.1|A/cattle/Texas/24-008749-003/2024(H5N1)	1100	G	A	327	150	42	4	0	32	0.0120846	331	0.0361806	FALSE	PB2:cds-XAJ25426.1	GGA	G	GAA	E	367
PB2|PP755596.1|A/cattle/Texas/24-008749-003/2024(H5N1)	1248	T	G	0	0	0	341	153	40	1	341	4.98433e-228	TRUE	PB2:cds-XAJ25426.1	GGT	G	GGG	G	416
PB2|PP755596.1|A/cattle/Texas/24-008749-003/2024(H5N1)	1392	G	A	0	0	0	343	218	42	1	343	5.98973e-242	TRUE	PB2:cds-XAJ25426.1	TTG	L	TTA	L	464
PB2|PP755596.1|A/cattle/Texas/24-008749-003/2024(H5N1)	1565	A	G	372	156	46	4	1	34	0.0106383	376	0.0292582	FALSE	PB2:cds-XAJ25426.1	CAA	Q	CGA	R	522
PB2|PP755596.1|A/cattle/Texas/24-008749-003/2024(H5N1)	1593	T	C	381	179	45	6	4	41	0.0155039	387	0.00524274	TRUE	PB2:cds-XAJ25426.1	TAT	Y	TAC	Y	531
PB2|PP755596.1|A/cattle/Texas/24-008749-003/2024(H5N1)	2009	A	G	0	0	0	370	202	42	1	370	1.10002e-252	TRUE	PB2:cds-XAJ25426.1	AAA	K	AGA	R	670
PB2|PP755596.1|A/cattle/Texas/24-008749-003/2024(H5N1)	2016	A	T	369	196	42	4	3	30	0.0107239	373	0.0355589	FALSE	PB2:cds-XAJ25426.1	GCA	A	GCT	A	672
