REGION	POS	REF	ALT	REF_DP	REF_RV	REF_QUAL	ALT_DP	ALT_RV	ALT_QUAL	ALT_FREQ	TOTAL_DP	PVAL	PASS	GFF_FEATURE	REF_CODON	REF_AA	ALT_CODON	ALT_AA	POS_AA
NP|PP755592.1|A/cattle/Texas/24-008749-003/2024(H5N1)	253	G	A	4390	1986	33	45	15	33	0.0101466	4435	1.15312e-10	TRUE	NP:cds-XAJ25419.1	GCT	A	ACT	T	85
NP|PP755592.1|A/cattle/Texas/24-008749-003/2024(H5N1)	351	A	G	0	0	0	3581	2030	33	1	3581	0	TRUE	NP:cds-XAJ25419.1	AGA	R	AGG	R	117
NP|PP755592.1|A/cattle/Texas/24-008749-003/2024(H5N1)	355	A	G	3	2	34	3503	1902	33	0.999144	3506	0	TRUE	NP:cds-XAJ25419.1	ATT	I	GTT	V	119
NP|PP755592.1|A/cattle/Texas/24-008749-003/2024(H5N1)	498	G	A	0	0	0	3500	1553	33	1	3500	0	TRUE	NP:cds-XAJ25419.1	CTG	L	CTA	L	166
NP|PP755592.1|A/cattle/Texas/24-008749-003/2024(H5N1)	798	G	A	3818	2154	33	288	114	31	0.0701071	4108	1.1252e-85	TRUE	NP:cds-XAJ25419.1	CTG	L	CTA	L	266
NP|PP755592.1|A/cattle/Texas/24-008749-003/2024(H5N1)	857	C	T	3854	1835	33	78	37	33	0.0198322	3933	2.90609e-20	TRUE	NP:cds-XAJ25419.1	GCC	A	GTC	V	286
NP|PP755592.1|A/cattle/Texas/24-008749-003/2024(H5N1)	870	C	T	0	0	0	3446	1678	33	1	3446	0	TRUE	NP:cds-XAJ25419.1	GAC	D	GAT	D	290
NP|PP755592.1|A/cattle/Texas/24-008749-003/2024(H5N1)	975	A	G	0	0	0	3369	1734	33	1	3369	0	TRUE	NP:cds-XAJ25419.1	AAA	K	AAG	K	325
NP|PP755592.1|A/cattle/Texas/24-008749-003/2024(H5N1)	1014	T	C	0	0	0	3568	1899	33	0.99944	3570	0	TRUE	NP:cds-XAJ25419.1	TTT	F	TTC	F	338
NP|PP755592.1|A/cattle/Texas/24-008749-003/2024(H5N1)	1092	G	A	1	1	34	3893	1863	33	0.99923	3896	0	TRUE	NP:cds-XAJ25419.1	CAG	Q	CAA	Q	364
NP|PP755592.1|A/cattle/Texas/24-008749-003/2024(H5N1)	1240	G	A	3773	1792	33	42	17	33	0.0110092	3815	1.59198e-10	TRUE	NP:cds-XAJ25419.1	GTG	V	ATG	M	414
NP|PP755592.1|A/cattle/Texas/24-008749-003/2024(H5N1)	1392	C	T	3526	2911	33	96	86	33	0.0265047	3622	4.18589e-26	TRUE	NP:cds-XAJ25419.1	TTC	F	TTT	F	464
