REGION	POS	REF	ALT	REF_DP	REF_RV	REF_QUAL	ALT_DP	ALT_RV	ALT_QUAL	ALT_FREQ	TOTAL_DP	PVAL	PASS	GFF_FEATURE	REF_CODON	REF_AA	ALT_CODON	ALT_AA	POS_AA
NS|PP755593.1|A/cattle/Texas/24-008749-003/2024(H5N1)	94	T	C	20361	3055	38	7170	789	37	0.260405	27534	0	TRUE	NS1:cds-XAJ25420.1	TTC	F	CTC	L	32
NS|PP755593.1|A/cattle/Texas/24-008749-003/2024(H5N1)	199	A	G	7	3	42	37184	14809	38	0.998872	37226	0	TRUE	NS1:cds-XAJ25420.1	AGG	R	GGG	G	67
NS|PP755593.1|A/cattle/Texas/24-008749-003/2024(H5N1)	202	A	G	28011	13064	41	13328	6488	39	0.322384	41342	0	TRUE	NS1:cds-XAJ25420.1	ATT	I	GTT	V	68
NS|PP755593.1|A/cattle/Texas/24-008749-003/2024(H5N1)	222	T	C	52	29	48	41614	21229	42	0.998704	41668	0	TRUE	NS1:cds-XAJ25420.1	GAT	D	GAC	D	74
NS|PP755593.1|A/cattle/Texas/24-008749-003/2024(H5N1)	345	C	T	30025	14133	37	17335	10276	36	0.366003	47363	0	TRUE	NS1:cds-XAJ25420.1	CTC	L	CTT	L	115
