REGION	POS	REF	ALT	REF_DP	REF_RV	REF_QUAL	ALT_DP	ALT_RV	ALT_QUAL	ALT_FREQ	TOTAL_DP	PVAL	PASS	GFF_FEATURE	REF_CODON	REF_AA	ALT_CODON	ALT_AA	POS_AA
NS|PP755593.1|A/cattle/Texas/24-008749-003/2024(H5N1)	74	A	G	14	1	40	21108	2809	43	0.99929	21123	0	TRUE	NS1:cds-XAJ25420.1	CAA	Q	CGA	R	25
NS|PP755593.1|A/cattle/Texas/24-008749-003/2024(H5N1)	129	A	C	27405	9605	46	928	0	26	0.0327487	28337	1.95161e-101	TRUE	NS1:cds-XAJ25420.1	CTA	L	CTC	L	43
NS|PP755593.1|A/cattle/Texas/24-008749-003/2024(H5N1)	160	A	C	8	2	33	34148	13492	45	0.999473	34166	0	TRUE	NS1:cds-XAJ25420.1	ATC	I	CTC	L	54
NS|PP755593.1|A/cattle/Texas/24-008749-003/2024(H5N1)	178	G	A	18	12	39	35068	17537	43	0.998946	35105	0	TRUE	NS1:cds-XAJ25420.1	GCT	A	ACT	T	60
NS|PP755593.1|A/cattle/Texas/24-008749-003/2024(H5N1)	199	A	G	56	16	45	36062	15390	41	0.998063	36132	0	TRUE	NS1:cds-XAJ25420.1	AGG	R	GGG	G	67
NS|PP755593.1|A/cattle/Texas/24-008749-003/2024(H5N1)	209	A	C	1	0	40	39020	18857	45	0.999616	39035	0	TRUE	NS1:cds-XAJ25420.1	GAG	E	GCG	A	70
NS|PP755593.1|A/cattle/Texas/24-008749-003/2024(H5N1)	222	T	C	7	5	45	39689	20790	45	0.999723	39700	0	TRUE	NS1:cds-XAJ25420.1	GAT	D	GAC	D	74
NS|PP755593.1|A/cattle/Texas/24-008749-003/2024(H5N1)	243	T	C	16	10	44	40655	23610	44	0.999582	40672	0	TRUE	NS1:cds-XAJ25420.1	ATT	I	ATC	I	81
NS|PP755593.1|A/cattle/Texas/24-008749-003/2024(H5N1)	289	G	T	34158	13927	39	429	429	24	0.0124014	34593	0.000518334	TRUE	NS1:cds-XAJ25420.1	GAG	E	TAG	*	97
NS|PP755593.1|A/cattle/Texas/24-008749-003/2024(H5N1)	371	T	C	22	15	45	41415	20854	44	0.999445	41438	0	TRUE	NS1:cds-XAJ25420.1	ATG	M	ACG	T	124
NS|PP755593.1|A/cattle/Texas/24-008749-003/2024(H5N1)	552	A	G	31	12	41	39040	19765	44	0.999207	39071	0	TRUE	NEP:cds-XAJ25421.1	GAC	D	GGC	G	17
NS|PP755593.1|A/cattle/Texas/24-008749-003/2024(H5N1)	552	A	G	31	12	41	39040	19765	44	0.999207	39071	0	TRUE	NS1:cds-XAJ25420.1	GGA	G	GGG	G	184
NS|PP755593.1|A/cattle/Texas/24-008749-003/2024(H5N1)	691	T	C	138	78	46	34069	22140	47	0.995937	34208	0	TRUE	NEP:cds-XAJ25421.1	TTT	F	TTC	F	63
NS|PP755593.1|A/cattle/Texas/24-008749-003/2024(H5N1)	691	T	C	138	78	46	34069	22140	47	0.995937	34208	0	TRUE	NS1:cds-XAJ25420.1	TGA	*	CGA	R	231
