REGION	POS	REF	ALT	REF_DP	REF_RV	REF_QUAL	ALT_DP	ALT_RV	ALT_QUAL	ALT_FREQ	TOTAL_DP	PVAL	PASS	GFF_FEATURE	REF_CODON	REF_AA	ALT_CODON	ALT_AA	POS_AA
PB1|PP755595.1|A/cattle/Texas/24-008749-003/2024(H5N1)	28	T	C	56	5	39	1	0	27	0.0175439	57	0.439983	FALSE	PB1:cds-XAJ25424.1	TTG	L	CTG	L	10
PB1|PP755595.1|A/cattle/Texas/24-008749-003/2024(H5N1)	39	A	-GCGCAAAAT	57	5	39	6	0	20	0.0344828	174	0.00166431	TRUE	NA	NA	NA	NA	NA	NA
PB1|PP755595.1|A/cattle/Texas/24-008749-003/2024(H5N1)	945	T	C	0	0	0	298	179	41	1	298	6.64608e-201	TRUE	PB1:cds-XAJ25424.1	CCT	P	CCC	P	315
PB1|PP755595.1|A/cattle/Texas/24-008749-003/2024(H5N1)	982	A	T	291	161	39	12	7	33	0.039604	303	7.35894e-05	TRUE	PB1:cds-XAJ25424.1	AAC	N	TAC	Y	328
PB1|PP755595.1|A/cattle/Texas/24-008749-003/2024(H5N1)	1381	G	A	483	220	38	9	5	39	0.0182927	492	0.000825461	TRUE	PB1:cds-XAJ25424.1	GCA	A	ACA	T	461
PB1|PP755595.1|A/cattle/Texas/24-008749-003/2024(H5N1)	1409	G	A	633	216	37	9	3	33	0.0140187	642	0.000940018	TRUE	PB1:cds-XAJ25424.1	TGC	C	TAC	Y	470
PB1|PP755595.1|A/cattle/Texas/24-008749-003/2024(H5N1)	1481	G	A	796	285	42	26	8	46	0.0316302	822	3.34386e-10	TRUE	PB1:cds-XAJ25424.1	AGT	S	AAT	N	494
PB1|PP755595.1|A/cattle/Texas/24-008749-003/2024(H5N1)	1627	A	G	881	449	39	10	4	37	0.0112233	891	0.00227693	TRUE	PB1:cds-XAJ25424.1	ACA	T	GCA	A	543
PB1|PP755595.1|A/cattle/Texas/24-008749-003/2024(H5N1)	1677	T	C	0	0	0	981	416	40	1	981	0	TRUE	PB1:cds-XAJ25424.1	TAT	Y	TAC	Y	559
PB1|PP755595.1|A/cattle/Texas/24-008749-003/2024(H5N1)	1745	A	G	956	468	39	32	22	35	0.0323559	989	1.03871e-10	TRUE	PB1:cds-XAJ25424.1	CAA	Q	CGA	R	582
PB1|PP755595.1|A/cattle/Texas/24-008749-003/2024(H5N1)	1785	G	A	943	453	40	24	12	44	0.024819	967	2.32574e-09	TRUE	PB1:cds-XAJ25424.1	GGG	G	GGA	G	595
PB1|PP755595.1|A/cattle/Texas/24-008749-003/2024(H5N1)	2022	T	C	0	0	0	942	382	40	1	942	0	TRUE	PB1:cds-XAJ25424.1	ATT	I	ATC	I	674
