REGION	POS	REF	ALT	REF_DP	REF_RV	REF_QUAL	ALT_DP	ALT_RV	ALT_QUAL	ALT_FREQ	TOTAL_DP	PVAL	PASS	GFF_FEATURE	REF_CODON	REF_AA	ALT_CODON	ALT_AA	POS_AA
NS|PP755593.1|A/cattle/Texas/24-008749-003/2024(H5N1)	199	A	G	67	26	33	7269	3382	36	0.990462	7339	0	TRUE	NS1:cds-XAJ25420.1	AGG	R	GGG	G	67
NS|PP755593.1|A/cattle/Texas/24-008749-003/2024(H5N1)	222	T	C	2	1	34	8144	4403	37	0.999141	8151	0	TRUE	NS1:cds-XAJ25420.1	GAT	D	GAC	D	74
NS|PP755593.1|A/cattle/Texas/24-008749-003/2024(H5N1)	248	C	A	8369	4886	36	101	75	35	0.0119244	8470	1.38462e-23	TRUE	NS1:cds-XAJ25420.1	TCT	S	TAT	Y	83
NS|PP755593.1|A/cattle/Texas/24-008749-003/2024(H5N1)	315	C	T	8518	4513	36	296	188	36	0.0335639	8819	1.19558e-84	TRUE	NS1:cds-XAJ25420.1	CTC	L	CTT	L	105
NS|PP755593.1|A/cattle/Texas/24-008749-003/2024(H5N1)	351	C	T	8417	4366	35	155	109	33	0.0180779	8574	1.76724e-39	TRUE	NS1:cds-XAJ25420.1	ATC	I	ATT	I	117
NS|PP755593.1|A/cattle/Texas/24-008749-003/2024(H5N1)	613	A	G	6823	4199	35	73	48	34	0.0105828	6898	7.28972e-17	TRUE	NEP:cds-XAJ25421.1	GAA	E	GAG	E	37
NS|PP755593.1|A/cattle/Texas/24-008749-003/2024(H5N1)	613	A	G	6823	4199	35	73	48	34	0.0105828	6898	7.28972e-17	TRUE	NS1:cds-XAJ25420.1	AGC	S	GGC	G	205
NS|PP755593.1|A/cattle/Texas/24-008749-003/2024(H5N1)	717	A	G	6939	6131	38	78	71	37	0.0111064	7023	1.58353e-19	TRUE	NEP:cds-XAJ25421.1	GAA	E	GGA	G	72
NS|PP755593.1|A/cattle/Texas/24-008749-003/2024(H5N1)	739	C	A	6075	5424	40	66	63	34	0.0107474	6141	1.08016e-16	TRUE	NEP:cds-XAJ25421.1	ATC	I	ATA	I	79
