REGION	POS	REF	ALT	REF_DP	REF_RV	REF_QUAL	ALT_DP	ALT_RV	ALT_QUAL	ALT_FREQ	TOTAL_DP	PVAL	PASS	GFF_FEATURE	REF_CODON	REF_AA	ALT_CODON	ALT_AA	POS_AA
NS|PP755593.1|A/cattle/Texas/24-008749-003/2024(H5N1)	20	T	C	0	0	0	456	60	43	1	456	0	TRUE	NEP:cds-XAJ25421.1	TTA	L	TCA	S	7
NS|PP755593.1|A/cattle/Texas/24-008749-003/2024(H5N1)	20	T	C	0	0	0	456	60	43	1	456	0	TRUE	NS1:cds-XAJ25420.1	TTA	L	TCA	S	7
NS|PP755593.1|A/cattle/Texas/24-008749-003/2024(H5N1)	24	C	T	492	92	45	6	0	35	0.0120482	498	0.00368432	TRUE	NEP:cds-XAJ25421.1	AGC	S	AGT	S	8
NS|PP755593.1|A/cattle/Texas/24-008749-003/2024(H5N1)	24	C	T	492	92	45	6	0	35	0.0120482	498	0.00368432	TRUE	NS1:cds-XAJ25420.1	AGC	S	AGT	S	8
NS|PP755593.1|A/cattle/Texas/24-008749-003/2024(H5N1)	62	G	A	0	0	0	674	175	48	1	674	0	TRUE	NS1:cds-XAJ25420.1	CGA	R	CAA	Q	21
NS|PP755593.1|A/cattle/Texas/24-008749-003/2024(H5N1)	108	C	T	955	286	51	11	4	53	0.0113872	966	6.58247e-06	TRUE	NS1:cds-XAJ25420.1	CTC	L	CTT	L	36
NS|PP755593.1|A/cattle/Texas/24-008749-003/2024(H5N1)	150	T	C	1229	394	55	15	2	44	0.0120579	1244	1.50064e-07	TRUE	NS1:cds-XAJ25420.1	CTT	L	CTC	L	50
NS|PP755593.1|A/cattle/Texas/24-008749-003/2024(H5N1)	183	G	A	0	0	0	1339	447	55	1	1339	0	TRUE	NS1:cds-XAJ25420.1	GGG	G	GGA	G	61
NS|PP755593.1|A/cattle/Texas/24-008749-003/2024(H5N1)	205	C	A	1471	554	58	24	8	63	0.0160428	1496	1.32387e-11	TRUE	NS1:cds-XAJ25420.1	CTG	L	ATG	M	69
NS|PP755593.1|A/cattle/Texas/24-008749-003/2024(H5N1)	222	T	C	0	0	0	1518	579	56	1	1518	0	TRUE	NS1:cds-XAJ25420.1	GAT	D	GAC	D	74
NS|PP755593.1|A/cattle/Texas/24-008749-003/2024(H5N1)	237	G	A	1545	714	58	22	13	48	0.0140396	1567	7.60173e-10	TRUE	NS1:cds-XAJ25420.1	ATG	M	ATA	I	79
NS|PP755593.1|A/cattle/Texas/24-008749-003/2024(H5N1)	594	A	G	1472	811	56	15	4	52	0.0100874	1487	9.47379e-07	TRUE	NEP:cds-XAJ25421.1	TAC	Y	TGC	C	31
NS|PP755593.1|A/cattle/Texas/24-008749-003/2024(H5N1)	594	A	G	1472	811	56	15	4	52	0.0100874	1487	9.47379e-07	TRUE	NS1:cds-XAJ25420.1	TTA	L	TTG	L	198
NS|PP755593.1|A/cattle/Texas/24-008749-003/2024(H5N1)	769	T	C	857	647	54	11	9	48	0.0126728	868	5.4423e-05	TRUE	NEP:cds-XAJ25421.1	TTT	F	TTC	F	89
NS|PP755593.1|A/cattle/Texas/24-008749-003/2024(H5N1)	793	T	C	0	0	0	635	462	53	0.99686	637	0	TRUE	NEP:cds-XAJ25421.1	CTT	L	CTC	L	97
