REGION	POS	REF	ALT	REF_DP	REF_RV	REF_QUAL	ALT_DP	ALT_RV	ALT_QUAL	ALT_FREQ	TOTAL_DP	PVAL	PASS	GFF_FEATURE	REF_CODON	REF_AA	ALT_CODON	ALT_AA	POS_AA
NS|PP755593.1|A/cattle/Texas/24-008749-003/2024(H5N1)	178	G	A	5	4	40	17462	10115	44	0.999256	17475	0	TRUE	NS1:cds-XAJ25420.1	GCT	A	ACT	T	60
NS|PP755593.1|A/cattle/Texas/24-008749-003/2024(H5N1)	183	G	A	17864	10000	45	418	192	43	0.022854	18290	3.39497e-156	TRUE	NS1:cds-XAJ25420.1	GGG	G	GGA	G	61
NS|PP755593.1|A/cattle/Texas/24-008749-003/2024(H5N1)	199	A	G	5	2	34	17319	8567	44	0.999481	17328	0	TRUE	NS1:cds-XAJ25420.1	AGG	R	GGG	G	67
NS|PP755593.1|A/cattle/Texas/24-008749-003/2024(H5N1)	222	T	C	3	1	56	17117	9193	47	0.999825	17120	0	TRUE	NS1:cds-XAJ25420.1	GAT	D	GAC	D	74
NS|PP755593.1|A/cattle/Texas/24-008749-003/2024(H5N1)	271	A	G	16539	8852	44	244	142	43	0.0145359	16786	2.00714e-92	TRUE	NS1:cds-XAJ25420.1	ACT	T	GCT	A	91
NS|PP755593.1|A/cattle/Texas/24-008749-003/2024(H5N1)	301	G	A	15940	8808	48	454	224	45	0.0276931	16394	1.0386e-176	TRUE	NS1:cds-XAJ25420.1	GAC	D	AAC	N	101
NS|PP755593.1|A/cattle/Texas/24-008749-003/2024(H5N1)	376	A	G	15151	7278	47	565	344	43	0.0359438	15719	7.27336e-223	TRUE	NS1:cds-XAJ25420.1	AAG	K	GAG	E	126
NS|PP755593.1|A/cattle/Texas/24-008749-003/2024(H5N1)	427	A	G	13639	8049	44	700	400	45	0.0487024	14373	1.53566e-291	TRUE	NS1:cds-XAJ25420.1	ACA	T	GCA	A	143
NS|PP755593.1|A/cattle/Texas/24-008749-003/2024(H5N1)	552	A	G	9914	4758	46	6051	3066	46	0.378945	15968	0	TRUE	NEP:cds-XAJ25421.1	GAC	D	GGC	G	17
NS|PP755593.1|A/cattle/Texas/24-008749-003/2024(H5N1)	552	A	G	9914	4758	46	6051	3066	46	0.378945	15968	0	TRUE	NS1:cds-XAJ25420.1	GGA	G	GGG	G	184
NS|PP755593.1|A/cattle/Texas/24-008749-003/2024(H5N1)	680	A	G	16203	8103	48	281	166	49	0.0170427	16488	1.20684e-114	TRUE	NEP:cds-XAJ25421.1	AGT	S	GGT	G	60
NS|PP755593.1|A/cattle/Texas/24-008749-003/2024(H5N1)	680	A	G	16203	8103	48	281	166	49	0.0170427	16488	1.20684e-114	TRUE	NS1:cds-XAJ25420.1	GAG	E	GGG	G	227
NS|PP755593.1|A/cattle/Texas/24-008749-003/2024(H5N1)	748	T	C	13972	9162	54	971	672	51	0.0649368	14953	0	TRUE	NEP:cds-XAJ25421.1	AAT	N	AAC	N	82
NS|PP755593.1|A/cattle/Texas/24-008749-003/2024(H5N1)	781	A	G	12887	9420	50	1125	899	42	0.0802883	14012	0	TRUE	NEP:cds-XAJ25421.1	TTA	L	TTG	L	93
