REGION	POS	REF	ALT	REF_DP	REF_RV	REF_QUAL	ALT_DP	ALT_RV	ALT_QUAL	ALT_FREQ	TOTAL_DP	PVAL	PASS	GFF_FEATURE	REF_CODON	REF_AA	ALT_CODON	ALT_AA	POS_AA
NP|PP755592.1|A/cattle/Texas/24-008749-003/2024(H5N1)	25	T	C	1401	161	35	15	1	38	0.0105932	1416	3.90183e-08	TRUE	NP:cds-XAJ25419.1	TCC	S	CCC	P	9
NP|PP755592.1|A/cattle/Texas/24-008749-003/2024(H5N1)	59	A	C	3126	523	36	39	0	33	0.0123067	3169	3.32809e-16	TRUE	NP:cds-XAJ25419.1	CAG	Q	CCG	P	20
NP|PP755592.1|A/cattle/Texas/24-008749-003/2024(H5N1)	92	G	A	4272	754	36	53	4	36	0.0122543	4325	7.17983e-20	TRUE	NP:cds-XAJ25419.1	AGA	R	AAA	K	31
NP|PP755592.1|A/cattle/Texas/24-008749-003/2024(H5N1)	240	G	A	9024	4306	37	1334	564	36	0.128789	10358	0	TRUE	NP:cds-XAJ25419.1	GAG	E	GAA	E	80
NP|PP755592.1|A/cattle/Texas/24-008749-003/2024(H5N1)	313	A	G	9365	4641	37	107	68	35	0.0112941	9474	6.97499e-25	TRUE	NP:cds-XAJ25419.1	ATG	M	GTG	V	105
NP|PP755592.1|A/cattle/Texas/24-008749-003/2024(H5N1)	355	A	G	0	0	0	9301	4936	37	1	9301	0	TRUE	NP:cds-XAJ25419.1	ATT	I	GTT	V	119
NP|PP755592.1|A/cattle/Texas/24-008749-003/2024(H5N1)	402	T	C	9876	5993	37	102	55	40	0.0102204	9980	5.4375e-33	TRUE	NP:cds-XAJ25419.1	ACT	T	ACC	T	134
NP|PP755592.1|A/cattle/Texas/24-008749-003/2024(H5N1)	498	G	A	1	1	34	9336	4249	35	0.999786	9338	0	TRUE	NP:cds-XAJ25419.1	CTG	L	CTA	L	166
NP|PP755592.1|A/cattle/Texas/24-008749-003/2024(H5N1)	642	A	G	1	1	34	8937	4312	37	0.999888	8938	0	TRUE	NP:cds-XAJ25419.1	AGA	R	AGG	R	214
NP|PP755592.1|A/cattle/Texas/24-008749-003/2024(H5N1)	675	C	T	8956	5031	36	94	48	33	0.0103856	9051	8.5609e-21	TRUE	NP:cds-XAJ25419.1	ATC	I	ATT	I	225
NP|PP755592.1|A/cattle/Texas/24-008749-003/2024(H5N1)	864	A	G	9744	4714	37	105	57	35	0.0106599	9850	2.4831e-23	TRUE	NP:cds-XAJ25419.1	GGA	G	GGG	G	288
NP|PP755592.1|A/cattle/Texas/24-008749-003/2024(H5N1)	870	C	T	1	0	34	9450	4654	36	0.999894	9451	0	TRUE	NP:cds-XAJ25419.1	GAC	D	GAT	D	290
NP|PP755592.1|A/cattle/Texas/24-008749-003/2024(H5N1)	1014	T	C	4	2	32	9382	5050	37	0.999574	9386	0	TRUE	NP:cds-XAJ25419.1	TTT	F	TTC	F	338
NP|PP755592.1|A/cattle/Texas/24-008749-003/2024(H5N1)	1026	A	G	8886	4914	36	221	117	36	0.0242644	9108	5.53976e-63	TRUE	NP:cds-XAJ25419.1	AGA	R	AGG	R	342
NP|PP755592.1|A/cattle/Texas/24-008749-003/2024(H5N1)	1092	G	A	0	0	0	9794	4798	38	0.999898	9795	0	TRUE	NP:cds-XAJ25419.1	CAG	Q	CAA	Q	364
NP|PP755592.1|A/cattle/Texas/24-008749-003/2024(H5N1)	1359	T	A	0	0	0	8269	6025	42	0.999637	8272	0	TRUE	NP:cds-XAJ25419.1	CCT	P	CCA	P	453
