REGION	POS	REF	ALT	REF_DP	REF_RV	REF_QUAL	ALT_DP	ALT_RV	ALT_QUAL	ALT_FREQ	TOTAL_DP	PVAL	PASS	GFF_FEATURE	REF_CODON	REF_AA	ALT_CODON	ALT_AA	POS_AA
NP|PP755592.1|A/cattle/Texas/24-008749-003/2024(H5N1)	6	G	A	84	12	34	1	0	34	0.0117647	85	0.0834151	FALSE	NP:cds-XAJ25419.1	GCG	A	GCA	A	2
NP|PP755592.1|A/cattle/Texas/24-008749-003/2024(H5N1)	231	G	A	1293	617	37	19	6	40	0.0144817	1312	5.58516e-07	TRUE	NP:cds-XAJ25419.1	AAG	K	AAA	K	77
NP|PP755592.1|A/cattle/Texas/24-008749-003/2024(H5N1)	355	A	G	0	0	0	1199	611	37	0.999167	1200	0	TRUE	NP:cds-XAJ25419.1	ATT	I	GTT	V	119
NP|PP755592.1|A/cattle/Texas/24-008749-003/2024(H5N1)	498	G	A	0	0	0	1259	563	35	1	1259	0	TRUE	NP:cds-XAJ25419.1	CTG	L	CTA	L	166
NP|PP755592.1|A/cattle/Texas/24-008749-003/2024(H5N1)	530	G	T	1250	423	37	26	6	34	0.0203762	1276	3.53244e-08	TRUE	NP:cds-XAJ25419.1	GGG	G	GTG	V	177
NP|PP755592.1|A/cattle/Texas/24-008749-003/2024(H5N1)	642	A	G	0	0	0	1185	600	37	1	1185	0	TRUE	NP:cds-XAJ25419.1	AGA	R	AGG	R	214
NP|PP755592.1|A/cattle/Texas/24-008749-003/2024(H5N1)	870	C	T	0	0	0	1257	640	36	1	1257	0	TRUE	NP:cds-XAJ25419.1	GAC	D	GAT	D	290
NP|PP755592.1|A/cattle/Texas/24-008749-003/2024(H5N1)	1005	T	C	1217	654	36	55	21	36	0.043239	1272	1.82523e-17	TRUE	NP:cds-XAJ25419.1	TCT	S	TCC	S	335
NP|PP755592.1|A/cattle/Texas/24-008749-003/2024(H5N1)	1014	T	C	0	0	0	1220	642	37	1	1220	0	TRUE	NP:cds-XAJ25419.1	TTT	F	TTC	F	338
NP|PP755592.1|A/cattle/Texas/24-008749-003/2024(H5N1)	1092	G	A	0	0	0	1295	631	38	1	1295	0	TRUE	NP:cds-XAJ25419.1	CAG	Q	CAA	Q	364
NP|PP755592.1|A/cattle/Texas/24-008749-003/2024(H5N1)	1155	C	A	1365	691	37	27	17	33	0.0193966	1392	2.21415e-08	TRUE	NP:cds-XAJ25419.1	TAC	Y	TAA	*	385
NP|PP755592.1|A/cattle/Texas/24-008749-003/2024(H5N1)	1173	A	G	1281	652	36	26	8	36	0.0198929	1307	2.63627e-08	TRUE	NP:cds-XAJ25419.1	AGA	R	AGG	R	391
NP|PP755592.1|A/cattle/Texas/24-008749-003/2024(H5N1)	1250	A	T	1292	588	38	17	6	33	0.0129376	1314	2.12086e-05	TRUE	NP:cds-XAJ25419.1	AAC	N	ATC	I	417
NP|PP755592.1|A/cattle/Texas/24-008749-003/2024(H5N1)	1359	T	A	0	0	0	1148	848	41	1	1148	0	TRUE	NP:cds-XAJ25419.1	CCT	P	CCA	P	453
