REGION	POS	REF	ALT	REF_DP	REF_RV	REF_QUAL	ALT_DP	ALT_RV	ALT_QUAL	ALT_FREQ	TOTAL_DP	PVAL	PASS	GFF_FEATURE	REF_CODON	REF_AA	ALT_CODON	ALT_AA	POS_AA
MP|PP755590.1|A/cattle/Texas/24-008749-003/2024(H5N1)	118	G	A	3189	466	36	106	3	35	0.03217	3295	7.39372e-40	TRUE	M1:cds-XAJ25416.1	GAG	E	AAG	K	40
MP|PP755590.1|A/cattle/Texas/24-008749-003/2024(H5N1)	245	G	A	0	0	0	4998	2004	36	1	4998	0	TRUE	M1:cds-XAJ25416.1	AGT	S	AAT	N	82
MP|PP755590.1|A/cattle/Texas/24-008749-003/2024(H5N1)	285	A	G	4976	2508	36	136	75	35	0.0265833	5116	4.70845e-39	TRUE	M1:cds-XAJ25416.1	AGA	R	AGG	R	95
MP|PP755590.1|A/cattle/Texas/24-008749-003/2024(H5N1)	492	G	T	5457	2659	36	206	54	35	0.0363701	5664	2.19332e-59	TRUE	M1:cds-XAJ25416.1	CAG	Q	CAT	H	164
MP|PP755590.1|A/cattle/Texas/24-008749-003/2024(H5N1)	511	C	T	5557	2746	36	69	32	35	0.0122645	5626	1.16706e-16	TRUE	M1:cds-XAJ25416.1	CCA	P	TCA	S	171
