REGION	POS	REF	ALT	REF_DP	REF_RV	REF_QUAL	ALT_DP	ALT_RV	ALT_QUAL	ALT_FREQ	TOTAL_DP	PVAL	PASS	GFF_FEATURE	REF_CODON	REF_AA	ALT_CODON	ALT_AA	POS_AA
PB1|PP755595.1|A/cattle/Texas/24-008749-003/2024(H5N1)	19	T	C	68	15	33	1	0	34	0.0144928	69	0.233898	FALSE	PB1:cds-XAJ25424.1	TTA	L	CTA	L	7
PB1|PP755595.1|A/cattle/Texas/24-008749-003/2024(H5N1)	745	A	G	468	229	33	12	6	32	0.025	480	0.000146041	TRUE	PB1:cds-XAJ25424.1	AGA	R	GGA	G	249
PB1|PP755595.1|A/cattle/Texas/24-008749-003/2024(H5N1)	747	A	G	461	227	33	7	4	31	0.0149254	469	0.00561199	TRUE	PB1:cds-XAJ25424.1	AGA	R	AGG	R	249
PB1|PP755595.1|A/cattle/Texas/24-008749-003/2024(H5N1)	945	T	C	0	0	0	499	289	33	1	499	1.53143e-309	TRUE	PB1:cds-XAJ25424.1	CCT	P	CCC	P	315
PB1|PP755595.1|A/cattle/Texas/24-008749-003/2024(H5N1)	1617	T	C	2501	1366	33	748	310	33	0.230225	3249	1.48784e-246	TRUE	PB1:cds-XAJ25424.1	CTT	L	CTC	L	539
PB1|PP755595.1|A/cattle/Texas/24-008749-003/2024(H5N1)	1707	A	G	0	0	0	3409	1319	33	0.999707	3410	0	TRUE	PB1:cds-XAJ25424.1	CAA	Q	CAG	Q	569
PB1|PP755595.1|A/cattle/Texas/24-008749-003/2024(H5N1)	2052	A	G	3823	1650	33	41	20	33	0.010608	3865	6.07125e-10	TRUE	PB1:cds-XAJ25424.1	GAA	E	GAG	E	684
PB1|PP755595.1|A/cattle/Texas/24-008749-003/2024(H5N1)	2086	T	G	2861	775	33	47	47	28	0.0161623	2908	0.0133429	FALSE	PB1:cds-XAJ25424.1	TTT	F	GTT	V	696
