REGION	POS	REF	ALT	REF_DP	REF_RV	REF_QUAL	ALT_DP	ALT_RV	ALT_QUAL	ALT_FREQ	TOTAL_DP	PVAL	PASS	GFF_FEATURE	REF_CODON	REF_AA	ALT_CODON	ALT_AA	POS_AA
MP|PP755590.1|A/cattle/Texas/24-008749-003/2024(H5N1)	238	G	A	4	1	31	23440	10819	45	0.999787	23445	0	TRUE	M1:cds-XAJ25416.1	GTC	V	ATC	I	80
MP|PP755590.1|A/cattle/Texas/24-008749-003/2024(H5N1)	245	G	A	2	0	32	23214	10831	46	0.999828	23218	0	TRUE	M1:cds-XAJ25416.1	AGT	S	AAT	N	82
MP|PP755590.1|A/cattle/Texas/24-008749-003/2024(H5N1)	303	G	A	24275	13721	45	434	212	45	0.0175645	24709	2.23933e-143	TRUE	M1:cds-XAJ25416.1	AGG	R	AGA	R	101
MP|PP755590.1|A/cattle/Texas/24-008749-003/2024(H5N1)	342	A	G	4	3	40	24131	12339	44	0.999834	24135	0	TRUE	M1:cds-XAJ25416.1	GAA	E	GAG	E	114
MP|PP755590.1|A/cattle/Texas/24-008749-003/2024(H5N1)	417	C	A	23707	11477	46	245	133	46	0.0102254	23960	1.73274e-79	TRUE	M1:cds-XAJ25416.1	ACC	T	ACA	T	139
MP|PP755590.1|A/cattle/Texas/24-008749-003/2024(H5N1)	516	G	A	1481	867	45	22689	12574	46	0.93857	24174	0	TRUE	M1:cds-XAJ25416.1	CTG	L	CTA	L	172
MP|PP755590.1|A/cattle/Texas/24-008749-003/2024(H5N1)	582	A	G	23999	12091	45	477	264	42	0.0194877	24477	9.91535e-157	TRUE	M1:cds-XAJ25416.1	GGA	G	GGG	G	194
MP|PP755590.1|A/cattle/Texas/24-008749-003/2024(H5N1)	621	T	C	23656	12734	44	393	208	42	0.016341	24050	1.42443e-125	TRUE	M1:cds-XAJ25416.1	AGT	S	AGC	S	207
MP|PP755590.1|A/cattle/Texas/24-008749-003/2024(H5N1)	627	T	G	18138	7630	43	9762	5368	42	0.349805	27907	0	TRUE	M1:cds-XAJ25416.1	GCT	A	GCG	A	209
MP|PP755590.1|A/cattle/Texas/24-008749-003/2024(H5N1)	839	G	A	5	4	48	22516	18629	45	0.999778	22521	0	TRUE	M2:cds-XAJ25417.1	GTT	V	ATT	I	42
