REGION	POS	REF	ALT	REF_DP	REF_RV	REF_QUAL	ALT_DP	ALT_RV	ALT_QUAL	ALT_FREQ	TOTAL_DP	PVAL	PASS	GFF_FEATURE	REF_CODON	REF_AA	ALT_CODON	ALT_AA	POS_AA
NS|PP755593.1|A/cattle/Texas/24-008749-003/2024(H5N1)	199	A	G	9	5	36	46287	22922	40	0.999654	46303	0	TRUE	NS1:cds-XAJ25420.1	AGG	R	GGG	G	67
NS|PP755593.1|A/cattle/Texas/24-008749-003/2024(H5N1)	222	T	C	14	9	41	46510	25531	43	0.999699	46524	0	TRUE	NS1:cds-XAJ25420.1	GAT	D	GAC	D	74
NS|PP755593.1|A/cattle/Texas/24-008749-003/2024(H5N1)	627	T	C	19	10	41	43362	21082	41	0.999562	43381	0	TRUE	NEP:cds-XAJ25421.1	ATG	M	ACG	T	42
NS|PP755593.1|A/cattle/Texas/24-008749-003/2024(H5N1)	627	T	C	19	10	41	43362	21082	41	0.999562	43381	0	TRUE	NS1:cds-XAJ25420.1	GAT	D	GAC	D	209
