REGION	POS	REF	ALT	REF_DP	REF_RV	REF_QUAL	ALT_DP	ALT_RV	ALT_QUAL	ALT_FREQ	TOTAL_DP	PVAL	PASS	GFF_FEATURE	REF_CODON	REF_AA	ALT_CODON	ALT_AA	POS_AA
NS|PP755593.1|A/cattle/Texas/24-008749-003/2024(H5N1)	199	A	G	7	3	38	26999	12751	37	0.999704	27007	0	TRUE	NS1:cds-XAJ25420.1	AGG	R	GGG	G	67
NS|PP755593.1|A/cattle/Texas/24-008749-003/2024(H5N1)	222	T	C	13	8	36	28054	15005	39	0.999501	28068	0	TRUE	NS1:cds-XAJ25420.1	GAT	D	GAC	D	74
NS|PP755593.1|A/cattle/Texas/24-008749-003/2024(H5N1)	242	T	C	27949	16215	38	498	226	37	0.017505	28449	8.62738e-128	TRUE	NS1:cds-XAJ25420.1	ATT	I	ACT	T	81
NS|PP755593.1|A/cattle/Texas/24-008749-003/2024(H5N1)	283	C	A	28204	14201	37	785	494	37	0.0270755	28993	2.92383e-213	TRUE	NS1:cds-XAJ25420.1	CTT	L	ATT	I	95
NS|PP755593.1|A/cattle/Texas/24-008749-003/2024(H5N1)	421	C	T	27002	13804	38	631	320	37	0.0228342	27634	7.14178e-168	TRUE	NS1:cds-XAJ25420.1	CTG	L	TTG	L	141
NS|PP755593.1|A/cattle/Texas/24-008749-003/2024(H5N1)	826	T	C	10171	9534	37	337	318	37	0.0320708	10508	2.12744e-95	TRUE	NEP:cds-XAJ25421.1	TTT	F	TTC	F	108
