REGION	POS	REF	ALT	REF_DP	REF_RV	REF_QUAL	ALT_DP	ALT_RV	ALT_QUAL	ALT_FREQ	TOTAL_DP	PVAL	PASS	GFF_FEATURE	REF_CODON	REF_AA	ALT_CODON	ALT_AA	POS_AA
NS|PP755593.1|A/cattle/Texas/24-008749-003/2024(H5N1)	62	G	A	0	0	0	3	0	34	1	3	0.1	FALSE	NS1:cds-XAJ25420.1	CGA	R	CAA	Q	21
NS|PP755593.1|A/cattle/Texas/24-008749-003/2024(H5N1)	130	A	C	1	0	34	1	0	26	0.5	2	0.5	FALSE	NS1:cds-XAJ25420.1	AGA	R	CGA	R	44
NS|PP755593.1|A/cattle/Texas/24-008749-003/2024(H5N1)	441	C	T	2	0	34	204	16	34	0.990291	206	1.3695e-129	TRUE	NS1:cds-XAJ25420.1	CTC	L	CTT	L	147
NS|PP755593.1|A/cattle/Texas/24-008749-003/2024(H5N1)	489	G	A	921	864	37	906	860	35	0.495624	1828	0	TRUE	NS1:cds-XAJ25420.1	TTG	L	TTA	L	163
NS|PP755593.1|A/cattle/Texas/24-008749-003/2024(H5N1)	533	T	C	1702	1701	33	35	35	33	0.0201497	1737	1.20346e-10	TRUE	NEP:cds-XAJ25421.1	TTG	L	CTG	L	11
NS|PP755593.1|A/cattle/Texas/24-008749-003/2024(H5N1)	533	T	C	1702	1701	33	35	35	33	0.0201497	1737	1.20346e-10	TRUE	NS1:cds-XAJ25420.1	ATT	I	ACT	T	178
