REGION	POS	REF	ALT	REF_DP	REF_RV	REF_QUAL	ALT_DP	ALT_RV	ALT_QUAL	ALT_FREQ	TOTAL_DP	PVAL	PASS	GFF_FEATURE	REF_CODON	REF_AA	ALT_CODON	ALT_AA	POS_AA
NS|PP755593.1|A/cattle/Texas/24-008749-003/2024(H5N1)	199	A	G	4	2	35	32908	13523	36	0.999211	32934	0	TRUE	NS1:cds-XAJ25420.1	AGG	R	GGG	G	67
NS|PP755593.1|A/cattle/Texas/24-008749-003/2024(H5N1)	222	T	C	6	2	39	35528	17310	37	0.999803	35535	0	TRUE	NS1:cds-XAJ25420.1	GAT	D	GAC	D	74
NS|PP755593.1|A/cattle/Texas/24-008749-003/2024(H5N1)	511	G	A	39948	21810	37	2162	936	34	0.0513368	42114	0	TRUE	NEP:cds-XAJ25421.1	CTG	L	CTA	L	3
NS|PP755593.1|A/cattle/Texas/24-008749-003/2024(H5N1)	511	G	A	39948	21810	37	2162	936	34	0.0513368	42114	0	TRUE	NS1:cds-XAJ25420.1	GAT	D	AAT	N	171
NS|PP755593.1|A/cattle/Texas/24-008749-003/2024(H5N1)	616	A	T	20612	12412	36	14132	8654	36	0.406396	34774	0	TRUE	NEP:cds-XAJ25421.1	GCA	A	GCT	A	38
NS|PP755593.1|A/cattle/Texas/24-008749-003/2024(H5N1)	616	A	T	20612	12412	36	14132	8654	36	0.406396	34774	0	TRUE	NS1:cds-XAJ25420.1	AGT	S	TGT	C	206
NS|PP755593.1|A/cattle/Texas/24-008749-003/2024(H5N1)	823	G	A	14096	13468	36	950	905	36	0.0631397	15046	8.23974e-285	TRUE	NEP:cds-XAJ25421.1	TCG	S	TCA	S	107
