REGION	POS	REF	ALT	REF_DP	REF_RV	REF_QUAL	ALT_DP	ALT_RV	ALT_QUAL	ALT_FREQ	TOTAL_DP	PVAL	PASS	GFF_FEATURE	REF_CODON	REF_AA	ALT_CODON	ALT_AA	POS_AA
PB2|PP755596.1|A/cattle/Texas/24-008749-003/2024(H5N1)	300	T	C	0	0	0	3004	1615	38	1	3004	0	TRUE	PB2:cds-XAJ25426.1	AAT	N	AAC	N	100
PB2|PP755596.1|A/cattle/Texas/24-008749-003/2024(H5N1)	747	A	C	0	0	0	3352	1480	39	0.999702	3353	0	TRUE	PB2:cds-XAJ25426.1	GAA	E	GAC	D	249
PB2|PP755596.1|A/cattle/Texas/24-008749-003/2024(H5N1)	764	C	T	0	0	0	3330	1466	37	1	3330	0	TRUE	PB2:cds-XAJ25426.1	GCA	A	GTA	V	255
PB2|PP755596.1|A/cattle/Texas/24-008749-003/2024(H5N1)	1030	G	A	2	2	34	3182	1945	35	0.999372	3184	0	TRUE	PB2:cds-XAJ25426.1	GTG	V	ATG	M	344
PB2|PP755596.1|A/cattle/Texas/24-008749-003/2024(H5N1)	1446	G	A	618	421	36	3147	1745	35	0.835857	3765	0	TRUE	PB2:cds-XAJ25426.1	AAG	K	AAA	K	482
PB2|PP755596.1|A/cattle/Texas/24-008749-003/2024(H5N1)	1635	G	A	0	0	0	3453	2184	38	1	3453	0	TRUE	PB2:cds-XAJ25426.1	GTG	V	GTA	V	545
PB2|PP755596.1|A/cattle/Texas/24-008749-003/2024(H5N1)	1665	A	G	1	0	34	3705	1871	38	0.99973	3706	0	TRUE	PB2:cds-XAJ25426.1	AGA	R	AGG	R	555
