REGION	POS	REF	ALT	REF_DP	REF_RV	REF_QUAL	ALT_DP	ALT_RV	ALT_QUAL	ALT_FREQ	TOTAL_DP	PVAL	PASS	GFF_FEATURE	REF_CODON	REF_AA	ALT_CODON	ALT_AA	POS_AA
NS|PP755593.1|A/cattle/Texas/24-008749-003/2024(H5N1)	193	G	A	12	5	34	5211	2426	37	0.997511	5224	0	TRUE	NS1:cds-XAJ25420.1	GTG	V	ATG	M	65
NS|PP755593.1|A/cattle/Texas/24-008749-003/2024(H5N1)	199	A	G	2	0	30	5191	2354	37	0.999615	5193	0	TRUE	NS1:cds-XAJ25420.1	AGG	R	GGG	G	67
NS|PP755593.1|A/cattle/Texas/24-008749-003/2024(H5N1)	214	G	A	0	0	0	5706	2938	37	0.999825	5707	0	TRUE	NS1:cds-XAJ25420.1	GAA	E	AAA	K	72
NS|PP755593.1|A/cattle/Texas/24-008749-003/2024(H5N1)	222	T	C	0	0	0	5569	3067	38	1	5569	0	TRUE	NS1:cds-XAJ25420.1	GAT	D	GAC	D	74
NS|PP755593.1|A/cattle/Texas/24-008749-003/2024(H5N1)	225	G	A	4183	2314	38	1401	755	37	0.25085	5585	0	TRUE	NS1:cds-XAJ25420.1	GAG	E	GAA	E	75
NS|PP755593.1|A/cattle/Texas/24-008749-003/2024(H5N1)	297	A	G	6320	3659	37	81	55	33	0.0126543	6401	1.75442e-19	TRUE	NS1:cds-XAJ25420.1	TCA	S	TCG	S	99
NS|PP755593.1|A/cattle/Texas/24-008749-003/2024(H5N1)	301	G	A	6158	3519	37	226	121	35	0.035401	6384	1.25902e-64	TRUE	NS1:cds-XAJ25420.1	GAC	D	AAC	N	101
NS|PP755593.1|A/cattle/Texas/24-008749-003/2024(H5N1)	492	T	C	6087	3246	38	75	47	35	0.0121714	6162	3.26072e-18	TRUE	NS1:cds-XAJ25420.1	CCT	P	CCC	P	164
NS|PP755593.1|A/cattle/Texas/24-008749-003/2024(H5N1)	511	G	A	0	0	0	6226	3173	36	1	6226	0	TRUE	NEP:cds-XAJ25421.1	CTG	L	CTA	L	3
NS|PP755593.1|A/cattle/Texas/24-008749-003/2024(H5N1)	511	G	A	0	0	0	6226	3173	36	1	6226	0	TRUE	NS1:cds-XAJ25420.1	GAT	D	AAT	N	171
NS|PP755593.1|A/cattle/Texas/24-008749-003/2024(H5N1)	554	T	C	5678	2880	37	58	23	36	0.0101116	5736	1.74862e-13	TRUE	NEP:cds-XAJ25421.1	TTG	L	CTG	L	18
NS|PP755593.1|A/cattle/Texas/24-008749-003/2024(H5N1)	554	T	C	5678	2880	37	58	23	36	0.0101116	5736	1.74862e-13	TRUE	NS1:cds-XAJ25420.1	CTT	L	CCT	P	185
NS|PP755593.1|A/cattle/Texas/24-008749-003/2024(H5N1)	670	A	G	2	2	57	4705	3225	38	0.999363	4708	0	TRUE	NEP:cds-XAJ25421.1	AGA	R	AGG	R	56
NS|PP755593.1|A/cattle/Texas/24-008749-003/2024(H5N1)	670	A	G	2	2	57	4705	3225	38	0.999363	4708	0	TRUE	NS1:cds-XAJ25420.1	AGG	R	GGG	G	224
NS|PP755593.1|A/cattle/Texas/24-008749-003/2024(H5N1)	717	A	G	0	0	0	4903	4285	39	1	4903	0	TRUE	NEP:cds-XAJ25421.1	GAA	E	GGA	G	72
NS|PP755593.1|A/cattle/Texas/24-008749-003/2024(H5N1)	738	T	C	3144	2748	41	1049	925	40	0.250179	4193	0	TRUE	NEP:cds-XAJ25421.1	ATC	I	ACC	T	79
