REGION	POS	REF	ALT	REF_DP	REF_RV	REF_QUAL	ALT_DP	ALT_RV	ALT_QUAL	ALT_FREQ	TOTAL_DP	PVAL	PASS	GFF_FEATURE	REF_CODON	REF_AA	ALT_CODON	ALT_AA	POS_AA
HA|PP755589.1|A/cattle/Texas/24-008749-003/2024(H5N1)	102	G	A	1991	521	33	142	40	33	0.0665729	2133	4.4895e-54	TRUE	HA:cds-XAJ25415.1	ACG	T	ACA	T	34
HA|PP755589.1|A/cattle/Texas/24-008749-003/2024(H5N1)	311	A	G	4	1	34	3139	1438	33	0.998727	3143	0	TRUE	HA:cds-XAJ25415.1	GAC	D	GGC	G	104
HA|PP755589.1|A/cattle/Texas/24-008749-003/2024(H5N1)	440	T	C	3344	1834	33	203	101	33	0.0572315	3547	3.19527e-60	TRUE	HA:cds-XAJ25415.1	GTG	V	GCG	A	147
HA|PP755589.1|A/cattle/Texas/24-008749-003/2024(H5N1)	582	T	C	3318	1218	33	75	22	33	0.0220913	3395	1.76389e-20	TRUE	HA:cds-XAJ25415.1	ATT	I	ATC	I	194
HA|PP755589.1|A/cattle/Texas/24-008749-003/2024(H5N1)	651	G	A	4	2	34	3418	1489	33	0.998539	3423	0	TRUE	HA:cds-XAJ25415.1	GGG	G	GGA	G	217
HA|PP755589.1|A/cattle/Texas/24-008749-003/2024(H5N1)	675	G	A	3	0	34	3273	1467	32	0.99817	3279	0	TRUE	HA:cds-XAJ25415.1	TTG	L	TTA	L	225
HA|PP755589.1|A/cattle/Texas/24-008749-003/2024(H5N1)	688	G	T	3209	1473	33	118	39	32	0.0354461	3329	1.04557e-33	TRUE	HA:cds-XAJ25415.1	GCT	A	TCT	S	230
HA|PP755589.1|A/cattle/Texas/24-008749-003/2024(H5N1)	936	T	C	3243	1318	32	54	24	31	0.0163736	3298	2.89983e-15	TRUE	HA:cds-XAJ25415.1	CCT	P	CCC	P	312
HA|PP755589.1|A/cattle/Texas/24-008749-003/2024(H5N1)	1005	T	C	3756	1772	33	129	52	33	0.033162	3890	3.16853e-37	TRUE	HA:cds-XAJ25415.1	AAT	N	AAC	N	335
HA|PP755589.1|A/cattle/Texas/24-008749-003/2024(H5N1)	1007	G	A	0	0	0	3764	2046	33	0.999469	3766	0	TRUE	HA:cds-XAJ25415.1	AGT	S	AAT	N	336
HA|PP755589.1|A/cattle/Texas/24-008749-003/2024(H5N1)	1176	A	G	5112	1309	33	4069	1018	33	0.44315	9182	0	TRUE	HA:cds-XAJ25415.1	GGA	G	GGG	G	392
HA|PP755589.1|A/cattle/Texas/24-008749-003/2024(H5N1)	1177	G	A	8897	2218	33	420	97	33	0.0450741	9318	4.24383e-117	TRUE	HA:cds-XAJ25415.1	GTT	V	ATT	I	393
HA|PP755589.1|A/cattle/Texas/24-008749-003/2024(H5N1)	1554	A	T	10172	5895	32	155	88	33	0.0150077	10328	7.74399e-38	TRUE	HA:cds-XAJ25415.1	ATA	I	ATT	I	518
