REGION	POS	REF	ALT	REF_DP	REF_RV	REF_QUAL	ALT_DP	ALT_RV	ALT_QUAL	ALT_FREQ	TOTAL_DP	PVAL	PASS	GFF_FEATURE	REF_CODON	REF_AA	ALT_CODON	ALT_AA	POS_AA
MP|PP755590.1|A/cattle/Texas/24-008749-003/2024(H5N1)	245	G	A	2	1	34	19272	8467	40	0.999844	19275	0	TRUE	M1:cds-XAJ25416.1	AGT	S	AAT	N	82
MP|PP755590.1|A/cattle/Texas/24-008749-003/2024(H5N1)	700	C	T	18769	7127	39	455	164	37	0.0236659	19226	6.04786e-125	TRUE	M1:cds-XAJ25416.1	CTT	L	TTT	F	234
MP|PP755590.1|A/cattle/Texas/24-008749-003/2024(H5N1)	767	G	A	2	0	46	18417	9129	41	0.999783	18421	0	TRUE	M2:cds-XAJ25417.1	GTT	V	ATT	I	18
MP|PP755590.1|A/cattle/Texas/24-008749-003/2024(H5N1)	774	C	T	17986	9096	41	463	246	39	0.0250921	18452	8.75131e-135	TRUE	M2:cds-XAJ25417.1	GCC	A	GTC	V	20
MP|PP755590.1|A/cattle/Texas/24-008749-003/2024(H5N1)	927	A	G	11791	10541	40	400	376	32	0.0328111	12191	8.71852e-119	TRUE	M2:cds-XAJ25417.1	CAG	Q	CGG	R	71
