REGION	POS	REF	ALT	REF_DP	REF_RV	REF_QUAL	ALT_DP	ALT_RV	ALT_QUAL	ALT_FREQ	TOTAL_DP	PVAL	PASS	GFF_FEATURE	REF_CODON	REF_AA	ALT_CODON	ALT_AA	POS_AA
HA|PP755589.1|A/cattle/Texas/24-008749-003/2024(H5N1)	1308	C	T	0	0	0	350	0	37	1	350	1.01507e-211	TRUE	HA:cds-XAJ25415.1	GTC	V	GTT	V	436
HA|PP755589.1|A/cattle/Texas/24-008749-003/2024(H5N1)	1317	T	C	0	0	0	353	0	38	1	353	1.24745e-212	TRUE	HA:cds-XAJ25415.1	TAT	Y	TAC	Y	439
HA|PP755589.1|A/cattle/Texas/24-008749-003/2024(H5N1)	1329	T	G	0	0	0	2	0	38	1	2	0.333333	FALSE	HA:cds-XAJ25415.1	CTT	L	CTG	L	443
HA|PP755589.1|A/cattle/Texas/24-008749-003/2024(H5N1)	1332	A	C	0	0	0	1	0	38	1	1	0.5	FALSE	HA:cds-XAJ25415.1	CTA	L	CTC	L	444
HA|PP755589.1|A/cattle/Texas/24-008749-003/2024(H5N1)	1338	C	G	0	0	0	1	0	39	1	1	0.5	FALSE	HA:cds-XAJ25415.1	CTC	L	CTG	L	446
HA|PP755589.1|A/cattle/Texas/24-008749-003/2024(H5N1)	1339	A	C	0	0	0	1	0	39	1	1	0.5	FALSE	HA:cds-XAJ25415.1	ATG	M	CTG	L	447
HA|PP755589.1|A/cattle/Texas/24-008749-003/2024(H5N1)	1347	C	T	0	0	0	2	0	34	1	2	0.333333	FALSE	HA:cds-XAJ25415.1	AAC	N	AAT	N	449
HA|PP755589.1|A/cattle/Texas/24-008749-003/2024(H5N1)	1353	G	A	1	0	38	1	0	37	0.5	2	0.666667	FALSE	HA:cds-XAJ25415.1	AGG	R	AGA	R	451
HA|PP755589.1|A/cattle/Texas/24-008749-003/2024(H5N1)	1446	T	C	7	0	34	8	8	24	0.533333	15	0.000815721	TRUE	HA:cds-XAJ25415.1	TGT	C	TGC	C	482
HA|PP755589.1|A/cattle/Texas/24-008749-003/2024(H5N1)	1449	C	T	0	0	0	14	8	29	1	14	3.43891e-14	TRUE	HA:cds-XAJ25415.1	TTC	F	TTT	F	483
HA|PP755589.1|A/cattle/Texas/24-008749-003/2024(H5N1)	1471	A	G	0	0	0	1113	722	61	1	1113	0	TRUE	HA:cds-XAJ25415.1	AAT	N	GAT	D	491
HA|PP755589.1|A/cattle/Texas/24-008749-003/2024(H5N1)	1476	A	G	5	3	50	1055	716	61	0.995283	1060	0	TRUE	HA:cds-XAJ25415.1	GAA	E	GAG	E	492
HA|PP755589.1|A/cattle/Texas/24-008749-003/2024(H5N1)	1479	T	C	3	0	45	1062	735	60	0.997183	1065	0	TRUE	HA:cds-XAJ25415.1	TGT	C	TGC	C	493
HA|PP755589.1|A/cattle/Texas/24-008749-003/2024(H5N1)	1492	A	T	10	5	27	1	0	24	0.0909091	11	0.110013	FALSE	HA:cds-XAJ25415.1	AGA	R	TGA	*	498
