REGION	POS	REF	ALT	REF_DP	REF_RV	REF_QUAL	ALT_DP	ALT_RV	ALT_QUAL	ALT_FREQ	TOTAL_DP	PVAL	PASS	GFF_FEATURE	REF_CODON	REF_AA	ALT_CODON	ALT_AA	POS_AA
PB2|PP755596.1|A/cattle/Texas/24-008749-003/2024(H5N1)	240	G	A	0	0	0	1851	1049	33	0.99946	1852	0	TRUE	PB2:cds-XAJ25426.1	AAG	K	AAA	K	80
PB2|PP755596.1|A/cattle/Texas/24-008749-003/2024(H5N1)	630	G	A	1	1	34	1698	969	33	0.998824	1700	0	TRUE	PB2:cds-XAJ25426.1	GAG	E	GAA	E	210
PB2|PP755596.1|A/cattle/Texas/24-008749-003/2024(H5N1)	764	C	T	0	0	0	1822	840	33	1	1822	0	TRUE	PB2:cds-XAJ25426.1	GCA	A	GTA	V	255
PB2|PP755596.1|A/cattle/Texas/24-008749-003/2024(H5N1)	912	G	A	0	0	0	1931	967	33	1	1931	0	TRUE	PB2:cds-XAJ25426.1	GAG	E	GAA	E	304
PB2|PP755596.1|A/cattle/Texas/24-008749-003/2024(H5N1)	1161	T	C	1022	506	33	989	429	33	0.491795	2011	0	TRUE	PB2:cds-XAJ25426.1	AGT	S	AGC	S	387
PB2|PP755596.1|A/cattle/Texas/24-008749-003/2024(H5N1)	1392	G	A	0	0	0	2106	1369	33	1	2106	0	TRUE	PB2:cds-XAJ25426.1	TTG	L	TTA	L	464
PB2|PP755596.1|A/cattle/Texas/24-008749-003/2024(H5N1)	1509	A	G	1599	805	31	409	189	33	0.203685	2008	2.35407e-141	TRUE	PB2:cds-XAJ25426.1	AGA	R	AGG	R	503
PB2|PP755596.1|A/cattle/Texas/24-008749-003/2024(H5N1)	1560	G	A	1	1	34	2057	879	33	0.999514	2058	0	TRUE	PB2:cds-XAJ25426.1	GAG	E	GAA	E	520
PB2|PP755596.1|A/cattle/Texas/24-008749-003/2024(H5N1)	1575	G	A	1694	741	33	622	235	33	0.268566	2316	8.49715e-209	TRUE	PB2:cds-XAJ25426.1	GAG	E	GAA	E	525
PB2|PP755596.1|A/cattle/Texas/24-008749-003/2024(H5N1)	1594	T	A	1506	632	33	722	322	33	0.324057	2228	1.48745e-249	TRUE	PB2:cds-XAJ25426.1	TCG	S	ACG	T	532
PB2|PP755596.1|A/cattle/Texas/24-008749-003/2024(H5N1)	2009	A	G	0	0	0	2473	1270	33	1	2473	0	TRUE	PB2:cds-XAJ25426.1	AAA	K	AGA	R	670
PB2|PP755596.1|A/cattle/Texas/24-008749-003/2024(H5N1)	2145	T	C	1	1	34	2307	1331	33	0.999567	2308	0	TRUE	PB2:cds-XAJ25426.1	AAT	N	AAC	N	715
