REGION	POS	REF	ALT	REF_DP	REF_RV	REF_QUAL	ALT_DP	ALT_RV	ALT_QUAL	ALT_FREQ	TOTAL_DP	PVAL	PASS	GFF_FEATURE	REF_CODON	REF_AA	ALT_CODON	ALT_AA	POS_AA
MP|PP755590.1|A/cattle/Texas/24-008749-003/2024(H5N1)	47	C	A	3147	467	34	68	0	26	0.0211509	3215	2.18671e-06	TRUE	M1:cds-XAJ25416.1	CCG	P	CAG	Q	16
MP|PP755590.1|A/cattle/Texas/24-008749-003/2024(H5N1)	245	G	A	1	0	80	13552	6250	45	0.999705	13556	0	TRUE	M1:cds-XAJ25416.1	AGT	S	AAT	N	82
MP|PP755590.1|A/cattle/Texas/24-008749-003/2024(H5N1)	276	C	T	29	10	43	14487	7579	43	0.998002	14516	0	TRUE	M1:cds-XAJ25416.1	AAC	N	AAT	N	92
MP|PP755590.1|A/cattle/Texas/24-008749-003/2024(H5N1)	316	G	T	12564	6326	40	158	157	27	0.0124165	12725	0.0263274	FALSE	M1:cds-XAJ25416.1	GAG	E	TAG	*	106
MP|PP755590.1|A/cattle/Texas/24-008749-003/2024(H5N1)	411	G	A	12	8	38	14086	7157	44	0.998724	14104	0	TRUE	M1:cds-XAJ25416.1	ACG	T	ACA	T	137
MP|PP755590.1|A/cattle/Texas/24-008749-003/2024(H5N1)	459	G	A	7	3	40	13532	6627	44	0.999262	13542	0	TRUE	M1:cds-XAJ25416.1	CAG	Q	CAA	Q	153
MP|PP755590.1|A/cattle/Texas/24-008749-003/2024(H5N1)	483	T	C	10444	5513	44	4016	1976	43	0.277712	14461	0	TRUE	M1:cds-XAJ25416.1	TCT	S	TCC	S	161
MP|PP755590.1|A/cattle/Texas/24-008749-003/2024(H5N1)	699	C	A	9559	5014	36	182	0	25	0.0186839	9741	6.27948e-09	TRUE	M1:cds-XAJ25416.1	CTC	L	CTA	L	233
MP|PP755590.1|A/cattle/Texas/24-008749-003/2024(H5N1)	741	A	G	9	4	33	13251	5454	43	0.999321	13260	0	TRUE	M2:cds-XAJ25417.1	AAC	N	AGC	S	9
MP|PP755590.1|A/cattle/Texas/24-008749-003/2024(H5N1)	741	A	G	9	4	33	13251	5454	43	0.999321	13260	0	TRUE	M1:cds-XAJ25416.1	CAA	Q	CAG	Q	247
MP|PP755590.1|A/cattle/Texas/24-008749-003/2024(H5N1)	766	C	A	11784	7031	41	245	3	27	0.0203658	12030	3.6483e-13	TRUE	M2:cds-XAJ25417.1	CTC	L	CTA	L	18
MP|PP755590.1|A/cattle/Texas/24-008749-003/2024(H5N1)	884	G	T	10679	9382	39	123	123	26	0.0113868	10802	0.150372	FALSE	M2:cds-XAJ25417.1	GAA	E	TAA	*	57
