REGION	POS	REF	ALT	REF_DP	REF_RV	REF_QUAL	ALT_DP	ALT_RV	ALT_QUAL	ALT_FREQ	TOTAL_DP	PVAL	PASS	GFF_FEATURE	REF_CODON	REF_AA	ALT_CODON	ALT_AA	POS_AA
MP|PP755590.1|A/cattle/Texas/24-008749-003/2024(H5N1)	24	A	G	866	158	38	13	2	36	0.0147895	879	4.94546e-07	TRUE	M2:cds-XAJ25417.1	GAA	E	GAG	E	8
MP|PP755590.1|A/cattle/Texas/24-008749-003/2024(H5N1)	24	A	G	866	158	38	13	2	36	0.0147895	879	4.94546e-07	TRUE	M1:cds-XAJ25416.1	GAA	E	GAG	E	8
MP|PP755590.1|A/cattle/Texas/24-008749-003/2024(H5N1)	245	G	A	8	3	40	5941	2535	39	0.998655	5949	0	TRUE	M1:cds-XAJ25416.1	AGT	S	AAT	N	82
MP|PP755590.1|A/cattle/Texas/24-008749-003/2024(H5N1)	727	C	A	6100	2920	39	117	67	37	0.0188133	6219	7.44275e-32	TRUE	M2:cds-XAJ25417.1	AAC	N	AAA	K	5
MP|PP755590.1|A/cattle/Texas/24-008749-003/2024(H5N1)	727	C	A	6100	2920	39	117	67	37	0.0188133	6219	7.44275e-32	TRUE	M1:cds-XAJ25416.1	CGG	R	AGG	R	243
