REGION	POS	REF	ALT	REF_DP	REF_RV	REF_QUAL	ALT_DP	ALT_RV	ALT_QUAL	ALT_FREQ	TOTAL_DP	PVAL	PASS	GFF_FEATURE	REF_CODON	REF_AA	ALT_CODON	ALT_AA	POS_AA
HA|PP755589.1|A/cattle/Texas/24-008749-003/2024(H5N1)	10	A	G	87	1	33	1	0	34	0.0113636	88	0.235925	FALSE	HA:cds-XAJ25415.1	ATA	I	GTA	V	4
HA|PP755589.1|A/cattle/Texas/24-008749-003/2024(H5N1)	311	A	G	0	0	0	686	313	33	1	686	0	TRUE	HA:cds-XAJ25415.1	GAC	D	GGC	G	104
HA|PP755589.1|A/cattle/Texas/24-008749-003/2024(H5N1)	382	G	A	703	303	33	9	3	32	0.0126404	712	0.00178754	TRUE	HA:cds-XAJ25415.1	GAG	E	AAG	K	128
HA|PP755589.1|A/cattle/Texas/24-008749-003/2024(H5N1)	637	T	C	0	0	0	830	371	33	1	830	0	TRUE	HA:cds-XAJ25415.1	TAC	Y	CAC	H	213
HA|PP755589.1|A/cattle/Texas/24-008749-003/2024(H5N1)	651	G	A	0	0	0	806	345	33	1	806	0	TRUE	HA:cds-XAJ25415.1	GGG	G	GGA	G	217
HA|PP755589.1|A/cattle/Texas/24-008749-003/2024(H5N1)	675	G	A	0	0	0	834	359	32	1	834	0	TRUE	HA:cds-XAJ25415.1	TTG	L	TTA	L	225
HA|PP755589.1|A/cattle/Texas/24-008749-003/2024(H5N1)	1007	G	A	0	0	0	836	454	33	1	836	0	TRUE	HA:cds-XAJ25415.1	AGT	S	AAT	N	336
