REGION	POS	REF	ALT	REF_DP	REF_RV	REF_QUAL	ALT_DP	ALT_RV	ALT_QUAL	ALT_FREQ	TOTAL_DP	PVAL	PASS	GFF_FEATURE	REF_CODON	REF_AA	ALT_CODON	ALT_AA	POS_AA
NS|PP755593.1|A/cattle/Texas/24-008749-003/2024(H5N1)	163	G	A	14549	5806	33	150	42	33	0.0102041	14700	1.58143e-30	TRUE	NS1:cds-XAJ25420.1	GAG	E	AAG	K	55
NS|PP755593.1|A/cattle/Texas/24-008749-003/2024(H5N1)	176	G	A	14689	6842	33	226	94	33	0.0151525	14915	1.75693e-51	TRUE	NS1:cds-XAJ25420.1	CGT	R	CAT	H	59
NS|PP755593.1|A/cattle/Texas/24-008749-003/2024(H5N1)	199	A	G	2	1	34	15043	6490	33	0.999668	15048	0	TRUE	NS1:cds-XAJ25420.1	AGG	R	GGG	G	67
NS|PP755593.1|A/cattle/Texas/24-008749-003/2024(H5N1)	222	T	C	2	0	34	16299	8054	33	0.999877	16301	0	TRUE	NS1:cds-XAJ25420.1	GAT	D	GAC	D	74
NS|PP755593.1|A/cattle/Texas/24-008749-003/2024(H5N1)	418	C	A	15340	8038	33	646	402	33	0.0404003	15990	2.47476e-174	TRUE	NS1:cds-XAJ25420.1	CGG	R	AGG	R	140
