REGION	POS	REF	ALT	REF_DP	REF_RV	REF_QUAL	ALT_DP	ALT_RV	ALT_QUAL	ALT_FREQ	TOTAL_DP	PVAL	PASS	GFF_FEATURE	REF_CODON	REF_AA	ALT_CODON	ALT_AA	POS_AA
PB1|PP755595.1|A/cattle/Texas/24-008749-003/2024(H5N1)	21	A	G	50	11	44	1	0	34	0.0196078	51	0.203187	FALSE	PB1:cds-XAJ25424.1	TTA	L	TTG	L	7
PB1|PP755595.1|A/cattle/Texas/24-008749-003/2024(H5N1)	177	A	G	223	106	47	3	3	34	0.0132743	226	0.0692148	FALSE	PB1:cds-XAJ25424.1	TCA	S	TCG	S	59
PB1|PP755595.1|A/cattle/Texas/24-008749-003/2024(H5N1)	177	A	G	223	106	47	3	3	34	0.0132743	226	0.0692148	FALSE	PB1-F2:cds-XAJ25425.1	CAG	Q	CGG	R	28
PB1|PP755595.1|A/cattle/Texas/24-008749-003/2024(H5N1)	381	G	A	0	0	0	224	147	45	1	224	4.06174e-168	TRUE	PB1:cds-XAJ25424.1	CAG	Q	CAA	Q	127
PB1|PP755595.1|A/cattle/Texas/24-008749-003/2024(H5N1)	615	A	G	194	110	43	2	2	34	0.0102041	196	0.160163	FALSE	PB1:cds-XAJ25424.1	ATA	I	ATG	M	205
PB1|PP755595.1|A/cattle/Texas/24-008749-003/2024(H5N1)	879	G	A	0	0	0	239	136	49	1	239	8.29119e-180	TRUE	PB1:cds-XAJ25424.1	TCG	S	TCA	S	293
PB1|PP755595.1|A/cattle/Texas/24-008749-003/2024(H5N1)	945	T	C	0	0	0	234	124	47	1	234	7.36155e-167	TRUE	PB1:cds-XAJ25424.1	CCT	P	CCC	P	315
PB1|PP755595.1|A/cattle/Texas/24-008749-003/2024(H5N1)	1524	G	A	0	0	0	325	201	48	1	325	5.43935e-242	TRUE	PB1:cds-XAJ25424.1	GAG	E	GAA	E	508
PB1|PP755595.1|A/cattle/Texas/24-008749-003/2024(H5N1)	1744	C	A	303	153	47	75	45	39	0.198413	378	3.86403e-31	TRUE	PB1:cds-XAJ25424.1	CAA	Q	AAA	K	582
PB1|PP755595.1|A/cattle/Texas/24-008749-003/2024(H5N1)	1937	T	C	364	202	47	7	2	42	0.0188679	371	0.00197125	TRUE	PB1:cds-XAJ25424.1	ATG	M	ACG	T	646
PB1|PP755595.1|A/cattle/Texas/24-008749-003/2024(H5N1)	2098	T	C	310	160	48	4	3	42	0.0127389	314	0.0267792	FALSE	PB1:cds-XAJ25424.1	TTC	F	CTC	L	700
PB1|PP755595.1|A/cattle/Texas/24-008749-003/2024(H5N1)	2135	C	T	258	159	49	67	37	49	0.206154	325	1.90823e-29	TRUE	PB1:cds-XAJ25424.1	TCC	S	TTC	F	712
