REGION	POS	REF	ALT	REF_DP	REF_RV	REF_QUAL	ALT_DP	ALT_RV	ALT_QUAL	ALT_FREQ	TOTAL_DP	PVAL	PASS	GFF_FEATURE	REF_CODON	REF_AA	ALT_CODON	ALT_AA	POS_AA
HA|PP755589.1|A/cattle/Texas/24-008749-003/2024(H5N1)	28	A	T	898	138	33	46	3	33	0.0487288	944	4.71276e-22	TRUE	HA:cds-XAJ25415.1	ATA	I	TTA	L	10
HA|PP755589.1|A/cattle/Texas/24-008749-003/2024(H5N1)	43	A	G	0	0	0	1266	231	33	1	1266	0	TRUE	HA:cds-XAJ25415.1	AAA	K	GAA	E	15
HA|PP755589.1|A/cattle/Texas/24-008749-003/2024(H5N1)	253	G	A	3295	1818	33	47	23	33	0.0140634	3342	1.1626e-11	TRUE	HA:cds-XAJ25415.1	GAA	E	AAA	K	85
HA|PP755589.1|A/cattle/Texas/24-008749-003/2024(H5N1)	311	A	G	2	1	34	3151	1487	33	0.999049	3154	0	TRUE	HA:cds-XAJ25415.1	GAC	D	GGC	G	104
HA|PP755589.1|A/cattle/Texas/24-008749-003/2024(H5N1)	357	C	T	3298	1445	33	54	26	33	0.016105	3353	1.08639e-13	TRUE	HA:cds-XAJ25415.1	CAC	H	CAT	H	119
HA|PP755589.1|A/cattle/Texas/24-008749-003/2024(H5N1)	439	G	A	2	0	26	3156	1808	33	0.999367	3158	0	TRUE	HA:cds-XAJ25415.1	GTG	V	ATG	M	147
HA|PP755589.1|A/cattle/Texas/24-008749-003/2024(H5N1)	651	G	A	3	0	34	2825	1323	33	0.998939	2828	0	TRUE	HA:cds-XAJ25415.1	GGG	G	GGA	G	217
HA|PP755589.1|A/cattle/Texas/24-008749-003/2024(H5N1)	675	G	A	1	1	34	2844	1306	32	0.999649	2845	0	TRUE	HA:cds-XAJ25415.1	TTG	L	TTA	L	225
HA|PP755589.1|A/cattle/Texas/24-008749-003/2024(H5N1)	933	T	C	2970	1515	33	62	23	32	0.0204485	3032	3.56266e-16	TRUE	HA:cds-XAJ25415.1	CAT	H	CAC	H	311
HA|PP755589.1|A/cattle/Texas/24-008749-003/2024(H5N1)	949	G	A	2957	1315	33	39	13	32	0.0130174	2996	1.53593e-09	TRUE	HA:cds-XAJ25415.1	GAA	E	AAA	K	317
HA|PP755589.1|A/cattle/Texas/24-008749-003/2024(H5N1)	1007	G	A	2	1	34	2928	1574	33	0.998976	2931	0	TRUE	HA:cds-XAJ25415.1	AGT	S	AAT	N	336
HA|PP755589.1|A/cattle/Texas/24-008749-003/2024(H5N1)	1269	G	C	4708	1970	33	293	71	33	0.0585649	5003	2.92809e-85	TRUE	HA:cds-XAJ25415.1	GAG	E	GAC	D	423
