REGION	POS	REF	ALT	REF_DP	REF_RV	REF_QUAL	ALT_DP	ALT_RV	ALT_QUAL	ALT_FREQ	TOTAL_DP	PVAL	PASS	GFF_FEATURE	REF_CODON	REF_AA	ALT_CODON	ALT_AA	POS_AA
NP|PP755592.1|A/cattle/Texas/24-008749-003/2024(H5N1)	355	A	G	0	0	0	8084	4522	33	1	8084	0	TRUE	NP:cds-XAJ25419.1	ATT	I	GTT	V	119
NP|PP755592.1|A/cattle/Texas/24-008749-003/2024(H5N1)	406	T	C	4418	2375	32	3402	1986	33	0.434927	7822	0	TRUE	NP:cds-XAJ25419.1	TTG	L	CTG	L	136
NP|PP755592.1|A/cattle/Texas/24-008749-003/2024(H5N1)	474	A	G	0	0	0	7204	3827	33	1	7204	0	TRUE	NP:cds-XAJ25419.1	GGA	G	GGG	G	158
NP|PP755592.1|A/cattle/Texas/24-008749-003/2024(H5N1)	498	G	A	2	1	30	7169	3087	33	0.999721	7171	0	TRUE	NP:cds-XAJ25419.1	CTG	L	CTA	L	166
NP|PP755592.1|A/cattle/Texas/24-008749-003/2024(H5N1)	816	T	C	7290	3716	33	566	218	33	0.0720468	7856	4.37739e-164	TRUE	NP:cds-XAJ25419.1	CAT	H	CAC	H	272
NP|PP755592.1|A/cattle/Texas/24-008749-003/2024(H5N1)	870	C	T	2	1	30	7207	3282	33	0.999723	7209	0	TRUE	NP:cds-XAJ25419.1	GAC	D	GAT	D	290
NP|PP755592.1|A/cattle/Texas/24-008749-003/2024(H5N1)	1014	T	C	2	0	34	7695	4215	33	0.99961	7698	0	TRUE	NP:cds-XAJ25419.1	TTT	F	TTC	F	338
NP|PP755592.1|A/cattle/Texas/24-008749-003/2024(H5N1)	1023	G	A	7991	4222	33	122	33	33	0.0150376	8113	2.49564e-28	TRUE	NP:cds-XAJ25419.1	CTG	L	CTA	L	341
NP|PP755592.1|A/cattle/Texas/24-008749-003/2024(H5N1)	1044	A	G	5607	2743	33	2199	1250	33	0.281706	7806	0	TRUE	NP:cds-XAJ25419.1	AGA	R	AGG	R	348
NP|PP755592.1|A/cattle/Texas/24-008749-003/2024(H5N1)	1092	G	A	0	0	0	8244	3738	33	0.999879	8245	0	TRUE	NP:cds-XAJ25419.1	CAG	Q	CAA	Q	364
NP|PP755592.1|A/cattle/Texas/24-008749-003/2024(H5N1)	1329	G	A	4808	2441	33	3644	1578	33	0.431141	8452	0	TRUE	NP:cds-XAJ25419.1	GAG	E	GAA	E	443
