REGION	POS	REF	ALT	REF_DP	REF_RV	REF_QUAL	ALT_DP	ALT_RV	ALT_QUAL	ALT_FREQ	TOTAL_DP	PVAL	PASS	GFF_FEATURE	REF_CODON	REF_AA	ALT_CODON	ALT_AA	POS_AA
MP|PP755590.1|A/cattle/Texas/24-008749-003/2024(H5N1)	6	T	C	547	68	35	6	0	34	0.0108499	553	0.000212986	TRUE	M2:cds-XAJ25417.1	AGT	S	AGC	S	2
MP|PP755590.1|A/cattle/Texas/24-008749-003/2024(H5N1)	6	T	C	547	68	35	6	0	34	0.0108499	553	0.000212986	TRUE	M1:cds-XAJ25416.1	AGT	S	AGC	S	2
MP|PP755590.1|A/cattle/Texas/24-008749-003/2024(H5N1)	9	T	C	954	64	34	22	0	34	0.022541	976	9.48582e-14	TRUE	M2:cds-XAJ25417.1	CTT	L	CTC	L	3
MP|PP755590.1|A/cattle/Texas/24-008749-003/2024(H5N1)	9	T	C	954	64	34	22	0	34	0.022541	976	9.48582e-14	TRUE	M1:cds-XAJ25416.1	CTT	L	CTC	L	3
MP|PP755590.1|A/cattle/Texas/24-008749-003/2024(H5N1)	11	T	C	1049	102	35	12	0	29	0.0112994	1062	0.392581	FALSE	M2:cds-XAJ25417.1	CTA	L	CCA	P	4
MP|PP755590.1|A/cattle/Texas/24-008749-003/2024(H5N1)	11	T	C	1049	102	35	12	0	29	0.0112994	1062	0.392581	FALSE	M1:cds-XAJ25416.1	CTA	L	CCA	P	4
MP|PP755590.1|A/cattle/Texas/24-008749-003/2024(H5N1)	245	G	A	22	12	37	10092	4123	37	0.99743	10118	0	TRUE	M1:cds-XAJ25416.1	AGT	S	AAT	N	82
MP|PP755590.1|A/cattle/Texas/24-008749-003/2024(H5N1)	411	G	A	15	7	33	10980	5570	37	0.998273	10999	0	TRUE	M1:cds-XAJ25416.1	ACG	T	ACA	T	137
MP|PP755590.1|A/cattle/Texas/24-008749-003/2024(H5N1)	726	A	G	2	1	40	9015	4055	36	0.999778	9017	0	TRUE	M2:cds-XAJ25417.1	AAC	N	AGC	S	4
MP|PP755590.1|A/cattle/Texas/24-008749-003/2024(H5N1)	726	A	G	2	1	40	9015	4055	36	0.999778	9017	0	TRUE	M1:cds-XAJ25416.1	AAA	K	AAG	K	242
