REGION	POS	REF	ALT	REF_DP	REF_RV	REF_QUAL	ALT_DP	ALT_RV	ALT_QUAL	ALT_FREQ	TOTAL_DP	PVAL	PASS	GFF_FEATURE	REF_CODON	REF_AA	ALT_CODON	ALT_AA	POS_AA
NP|PP755592.1|A/cattle/Texas/24-008749-003/2024(H5N1)	9	T	C	54	9	36	2	0	30	0.0357143	56	0.00862731	TRUE	NP:cds-XAJ25419.1	TCT	S	TCC	S	3
NP|PP755592.1|A/cattle/Texas/24-008749-003/2024(H5N1)	18	C	G	92	15	36	1	0	34	0.0107527	93	0.137574	FALSE	NP:cds-XAJ25419.1	ACC	T	ACG	T	6
NP|PP755592.1|A/cattle/Texas/24-008749-003/2024(H5N1)	22	C	T	104	15	35	2	0	51	0.0188679	106	0.0226173	FALSE	NP:cds-XAJ25419.1	CGA	R	TGA	*	8
NP|PP755592.1|A/cattle/Texas/24-008749-003/2024(H5N1)	24	A	G	104	14	35	2	0	34	0.0188679	106	0.0226173	FALSE	NP:cds-XAJ25419.1	CGA	R	CGG	R	8
NP|PP755592.1|A/cattle/Texas/24-008749-003/2024(H5N1)	355	A	G	0	0	0	764	394	37	1	764	0	TRUE	NP:cds-XAJ25419.1	ATT	I	GTT	V	119
NP|PP755592.1|A/cattle/Texas/24-008749-003/2024(H5N1)	498	G	A	2	2	34	732	353	35	0.997275	734	0	TRUE	NP:cds-XAJ25419.1	CTG	L	CTA	L	166
NP|PP755592.1|A/cattle/Texas/24-008749-003/2024(H5N1)	870	C	T	0	0	0	691	348	35	1	691	0	TRUE	NP:cds-XAJ25419.1	GAC	D	GAT	D	290
NP|PP755592.1|A/cattle/Texas/24-008749-003/2024(H5N1)	909	T	C	730	326	37	9	6	32	0.0121786	739	0.00115734	TRUE	NP:cds-XAJ25419.1	CCT	P	CCC	P	303
NP|PP755592.1|A/cattle/Texas/24-008749-003/2024(H5N1)	1014	T	C	2	2	30	715	391	38	0.997211	717	0	TRUE	NP:cds-XAJ25419.1	TTT	F	TTC	F	338
NP|PP755592.1|A/cattle/Texas/24-008749-003/2024(H5N1)	1092	G	A	0	0	0	781	385	38	1	781	0	TRUE	NP:cds-XAJ25419.1	CAG	Q	CAA	Q	364
NP|PP755592.1|A/cattle/Texas/24-008749-003/2024(H5N1)	1297	A	G	679	342	38	9	4	44	0.0130814	688	0.000933136	TRUE	NP:cds-XAJ25419.1	ACT	T	GCT	A	433
NP|PP755592.1|A/cattle/Texas/24-008749-003/2024(H5N1)	1465	T	C	455	431	36	5	5	34	0.0108696	460	0.025105	FALSE	NP:cds-XAJ25419.1	TTC	F	CTC	L	489
NP|PP755592.1|A/cattle/Texas/24-008749-003/2024(H5N1)	1479	A	G	429	411	35	6	6	34	0.0137931	435	0.0126913	FALSE	NP:cds-XAJ25419.1	GCA	A	GCG	A	493
