REGION	POS	REF	ALT	REF_DP	REF_RV	REF_QUAL	ALT_DP	ALT_RV	ALT_QUAL	ALT_FREQ	TOTAL_DP	PVAL	PASS	GFF_FEATURE	REF_CODON	REF_AA	ALT_CODON	ALT_AA	POS_AA
NP|PP755592.1|A/cattle/Texas/24-008749-003/2024(H5N1)	105	A	G	735	223	40	4263	1339	39	0.852941	4998	0	TRUE	NP:cds-XAJ25419.1	GGA	G	GGG	G	35
NP|PP755592.1|A/cattle/Texas/24-008749-003/2024(H5N1)	355	A	G	2	2	34	7986	4426	39	0.99975	7988	0	TRUE	NP:cds-XAJ25419.1	ATT	I	GTT	V	119
NP|PP755592.1|A/cattle/Texas/24-008749-003/2024(H5N1)	498	G	A	0	0	0	7440	3426	37	1	7440	0	TRUE	NP:cds-XAJ25419.1	CTG	L	CTA	L	166
NP|PP755592.1|A/cattle/Texas/24-008749-003/2024(H5N1)	642	A	G	1	0	60	7281	3724	39	0.999863	7282	0	TRUE	NP:cds-XAJ25419.1	AGA	R	AGG	R	214
NP|PP755592.1|A/cattle/Texas/24-008749-003/2024(H5N1)	716	T	C	7825	4481	38	177	69	33	0.0221195	8002	1.82933e-48	TRUE	NP:cds-XAJ25419.1	ATG	M	ACG	T	239
NP|PP755592.1|A/cattle/Texas/24-008749-003/2024(H5N1)	870	C	T	0	0	0	7494	3593	39	1	7494	0	TRUE	NP:cds-XAJ25419.1	GAC	D	GAT	D	290
NP|PP755592.1|A/cattle/Texas/24-008749-003/2024(H5N1)	1014	T	C	2	2	34	7969	4254	40	0.999498	7973	0	TRUE	NP:cds-XAJ25419.1	TTT	F	TTC	F	338
NP|PP755592.1|A/cattle/Texas/24-008749-003/2024(H5N1)	1092	G	A	0	0	0	8045	3856	40	0.999876	8046	0	TRUE	NP:cds-XAJ25419.1	CAG	Q	CAA	Q	364
NP|PP755592.1|A/cattle/Texas/24-008749-003/2024(H5N1)	1359	T	A	1	1	34	7999	5171	44	0.999375	8004	0	TRUE	NP:cds-XAJ25419.1	CCT	P	CCA	P	453
