REGION	POS	REF	ALT	REF_DP	REF_RV	REF_QUAL	ALT_DP	ALT_RV	ALT_QUAL	ALT_FREQ	TOTAL_DP	PVAL	PASS	GFF_FEATURE	REF_CODON	REF_AA	ALT_CODON	ALT_AA	POS_AA
HA|PP755589.1|A/cattle/Texas/24-008749-003/2024(H5N1)	102	G	A	0	0	0	199	36	38	1	199	3.49779e-156	TRUE	HA:cds-XAJ25415.1	ACG	T	ACA	T	34
HA|PP755589.1|A/cattle/Texas/24-008749-003/2024(H5N1)	117	C	T	203	38	39	3	0	34	0.0145631	206	0.0465187	FALSE	HA:cds-XAJ25415.1	AAC	N	AAT	N	39
HA|PP755589.1|A/cattle/Texas/24-008749-003/2024(H5N1)	153	A	G	0	0	0	292	108	39	0.993197	294	3.10852e-195	TRUE	HA:cds-XAJ25415.1	AAA	K	AAG	K	51
HA|PP755589.1|A/cattle/Texas/24-008749-003/2024(H5N1)	300	C	T	1	1	34	312	130	36	0.996805	313	1.10813e-200	TRUE	HA:cds-XAJ25415.1	AAC	N	AAT	N	100
HA|PP755589.1|A/cattle/Texas/24-008749-003/2024(H5N1)	311	A	G	0	0	0	317	136	36	1	317	8.67679e-208	TRUE	HA:cds-XAJ25415.1	GAC	D	GGC	G	104
HA|PP755589.1|A/cattle/Texas/24-008749-003/2024(H5N1)	651	G	A	0	0	0	377	153	37	1	377	6.83205e-251	TRUE	HA:cds-XAJ25415.1	GGG	G	GGA	G	217
HA|PP755589.1|A/cattle/Texas/24-008749-003/2024(H5N1)	675	G	A	0	0	0	358	142	36	1	358	2.85162e-236	TRUE	HA:cds-XAJ25415.1	TTG	L	TTA	L	225
HA|PP755589.1|A/cattle/Texas/24-008749-003/2024(H5N1)	774	G	A	0	0	0	343	186	36	1	343	3.48022e-227	TRUE	HA:cds-XAJ25415.1	GAG	E	GAA	E	258
HA|PP755589.1|A/cattle/Texas/24-008749-003/2024(H5N1)	936	T	C	314	148	36	6	2	44	0.0186916	321	0.00668568	TRUE	HA:cds-XAJ25415.1	CCT	P	CCC	P	312
HA|PP755589.1|A/cattle/Texas/24-008749-003/2024(H5N1)	1007	G	A	0	0	0	335	187	37	1	335	1.12567e-218	TRUE	HA:cds-XAJ25415.1	AGT	S	AAT	N	336
HA|PP755589.1|A/cattle/Texas/24-008749-003/2024(H5N1)	1134	G	A	2	2	30	989	149	36	0.997982	991	0	TRUE	HA:cds-XAJ25415.1	GGG	G	GGA	G	378
HA|PP755589.1|A/cattle/Texas/24-008749-003/2024(H5N1)	1556	G	A	1342	822	41	19	13	37	0.0139603	1361	1.10292e-06	TRUE	HA:cds-XAJ25415.1	AGC	S	AAC	N	519
HA|PP755589.1|A/cattle/Texas/24-008749-003/2024(H5N1)	1590	G	A	0	0	0	1224	971	38	1	1224	0	TRUE	HA:cds-XAJ25415.1	CAG	Q	CAA	Q	530
