REGION	POS	REF	ALT	REF_DP	REF_RV	REF_QUAL	ALT_DP	ALT_RV	ALT_QUAL	ALT_FREQ	TOTAL_DP	PVAL	PASS	GFF_FEATURE	REF_CODON	REF_AA	ALT_CODON	ALT_AA	POS_AA
NP|PP755592.1|A/cattle/Texas/24-008749-003/2024(H5N1)	165	G	A	7843	3872	33	13846	6995	32	0.638241	21694	0	TRUE	NP:cds-XAJ25419.1	AGG	R	AGA	R	55
NP|PP755592.1|A/cattle/Texas/24-008749-003/2024(H5N1)	232	T	C	21731	10263	33	921	455	33	0.0406497	22657	1.26897e-258	TRUE	NP:cds-XAJ25419.1	TAT	Y	CAT	H	78
NP|PP755592.1|A/cattle/Texas/24-008749-003/2024(H5N1)	273	G	A	22995	10767	33	700	298	32	0.0295396	23697	2.03007e-179	TRUE	NP:cds-XAJ25419.1	AAG	K	AAA	K	91
NP|PP755592.1|A/cattle/Texas/24-008749-003/2024(H5N1)	355	A	G	1	0	34	22060	11566	33	0.999864	22063	0	TRUE	NP:cds-XAJ25419.1	ATT	I	GTT	V	119
NP|PP755592.1|A/cattle/Texas/24-008749-003/2024(H5N1)	474	A	G	3	1	34	19517	11031	33	0.999795	19521	0	TRUE	NP:cds-XAJ25419.1	GGA	G	GGG	G	158
NP|PP755592.1|A/cattle/Texas/24-008749-003/2024(H5N1)	498	G	A	4	1	31	18882	8733	33	0.999682	18888	0	TRUE	NP:cds-XAJ25419.1	CTG	L	CTA	L	166
NP|PP755592.1|A/cattle/Texas/24-008749-003/2024(H5N1)	870	C	T	0	0	0	18852	8924	33	0.999947	18853	0	TRUE	NP:cds-XAJ25419.1	GAC	D	GAT	D	290
NP|PP755592.1|A/cattle/Texas/24-008749-003/2024(H5N1)	1014	T	C	2	2	34	21254	11278	33	0.999436	21266	0	TRUE	NP:cds-XAJ25419.1	TTT	F	TTC	F	338
NP|PP755592.1|A/cattle/Texas/24-008749-003/2024(H5N1)	1092	G	A	2	1	30	22728	10826	33	0.999824	22732	0	TRUE	NP:cds-XAJ25419.1	CAG	Q	CAA	Q	364
