REGION	POS	REF	ALT	REF_DP	REF_RV	REF_QUAL	ALT_DP	ALT_RV	ALT_QUAL	ALT_FREQ	TOTAL_DP	PVAL	PASS	GFF_FEATURE	REF_CODON	REF_AA	ALT_CODON	ALT_AA	POS_AA
NS|PP755593.1|A/cattle/Texas/24-008749-003/2024(H5N1)	91	C	T	20	0	34	1	0	34	0.047619	21	0.512195	FALSE	NS1:cds-XAJ25420.1	CCA	P	TCA	S	31
NS|PP755593.1|A/cattle/Texas/24-008749-003/2024(H5N1)	167	C	T	17	17	34	1	1	34	0.0555556	18	0.486486	FALSE	NS1:cds-XAJ25420.1	ACG	T	ATG	M	56
NS|PP755593.1|A/cattle/Texas/24-008749-003/2024(H5N1)	220	G	A	1	1	34	1	0	34	0.5	2	0.0952381	FALSE	NS1:cds-XAJ25420.1	GAT	D	AAT	N	74
NS|PP755593.1|A/cattle/Texas/24-008749-003/2024(H5N1)	222	T	C	0	0	0	1	0	34	1	1	1	FALSE	NS1:cds-XAJ25420.1	GAT	D	GAC	D	74
NS|PP755593.1|A/cattle/Texas/24-008749-003/2024(H5N1)	288	A	C	395	2	31	45	0	27	0.102273	440	5.00983e-16	TRUE	NS1:cds-XAJ25420.1	GAA	E	GAC	D	96
NS|PP755593.1|A/cattle/Texas/24-008749-003/2024(H5N1)	351	C	T	944	4	33	44	0	32	0.0445344	988	3.89403e-13	TRUE	NS1:cds-XAJ25420.1	ATC	I	ATT	I	117
NS|PP755593.1|A/cattle/Texas/24-008749-003/2024(H5N1)	353	G	-AA	1004	6	33	46	0	20	0.0447907	1027	6.97504e-07	TRUE	NA	NA	NA	NA	NA	NA
NS|PP755593.1|A/cattle/Texas/24-008749-003/2024(H5N1)	357	G	+T	949	6	33	46	0	20	0.0447907	1027	2.51423e-07	TRUE	NA	NA	NA	NA	NA	NA
NS|PP755593.1|A/cattle/Texas/24-008749-003/2024(H5N1)	586	G	A	8	5	38	4	4	34	0.333333	12	0.0465839	FALSE	NEP:cds-XAJ25421.1	CTG	L	CTA	L	28
NS|PP755593.1|A/cattle/Texas/24-008749-003/2024(H5N1)	586	G	A	8	5	38	4	4	34	0.333333	12	0.0465839	FALSE	NS1:cds-XAJ25420.1	GAA	E	AAA	K	196
