REGION	POS	REF	ALT	REF_DP	REF_RV	REF_QUAL	ALT_DP	ALT_RV	ALT_QUAL	ALT_FREQ	TOTAL_DP	PVAL	PASS	GFF_FEATURE	REF_CODON	REF_AA	ALT_CODON	ALT_AA	POS_AA
MP|PP755590.1|A/cattle/Texas/24-008749-003/2024(H5N1)	245	G	A	3	3	30	30744	13418	39	0.999837	30749	0	TRUE	M1:cds-XAJ25416.1	AGT	S	AAT	N	82
MP|PP755590.1|A/cattle/Texas/24-008749-003/2024(H5N1)	360	A	G	31893	17027	39	332	205	38	0.0103019	32227	1.17006e-71	TRUE	M1:cds-XAJ25416.1	TCA	S	TCG	S	120
MP|PP755590.1|A/cattle/Texas/24-008749-003/2024(H5N1)	544	G	A	31056	18323	40	1337	840	40	0.0412718	32395	0	TRUE	M1:cds-XAJ25416.1	GCC	A	ACC	T	182
MP|PP755590.1|A/cattle/Texas/24-008749-003/2024(H5N1)	735	A	G	12893	5202	38	18147	7960	37	0.584614	31041	0	TRUE	M2:cds-XAJ25417.1	GAG	E	GGG	G	7
MP|PP755590.1|A/cattle/Texas/24-008749-003/2024(H5N1)	735	A	G	12893	5202	38	18147	7960	37	0.584614	31041	0	TRUE	M1:cds-XAJ25416.1	GGA	G	GGG	G	245
