REGION	POS	REF	ALT	REF_DP	REF_RV	REF_QUAL	ALT_DP	ALT_RV	ALT_QUAL	ALT_FREQ	TOTAL_DP	PVAL	PASS	GFF_FEATURE	REF_CODON	REF_AA	ALT_CODON	ALT_AA	POS_AA
NS|PP755593.1|A/cattle/Texas/24-008749-003/2024(H5N1)	222	T	C	1	1	34	6267	2963	33	0.99984	6268	0	TRUE	NS1:cds-XAJ25420.1	GAT	D	GAC	D	74
NS|PP755593.1|A/cattle/Texas/24-008749-003/2024(H5N1)	262	C	T	6359	3233	33	103	57	33	0.0159393	6462	1.20383e-24	TRUE	NS1:cds-XAJ25420.1	CGC	R	TGC	C	88
NS|PP755593.1|A/cattle/Texas/24-008749-003/2024(H5N1)	316	A	G	6336	3156	33	398	229	33	0.0590855	6736	4.90943e-115	TRUE	NS1:cds-XAJ25420.1	ATG	M	GTG	V	106
