REGION	POS	REF	ALT	REF_DP	REF_RV	REF_QUAL	ALT_DP	ALT_RV	ALT_QUAL	ALT_FREQ	TOTAL_DP	PVAL	PASS	GFF_FEATURE	REF_CODON	REF_AA	ALT_CODON	ALT_AA	POS_AA
MP|PP755590.1|A/cattle/Texas/24-008749-003/2024(H5N1)	245	G	A	1	0	34	17107	8011	33	0.999825	17110	0	TRUE	M1:cds-XAJ25416.1	AGT	S	AAT	N	82
MP|PP755590.1|A/cattle/Texas/24-008749-003/2024(H5N1)	270	A	C	12150	6208	33	7626	3389	32	0.385424	19786	0	TRUE	M1:cds-XAJ25416.1	CCA	P	CCC	P	90
MP|PP755590.1|A/cattle/Texas/24-008749-003/2024(H5N1)	342	A	G	16630	7981	33	3237	1690	33	0.162925	19868	0	TRUE	M1:cds-XAJ25416.1	GAA	E	GAG	E	114
MP|PP755590.1|A/cattle/Texas/24-008749-003/2024(H5N1)	444	T	C	19045	9234	33	211	119	33	0.0109548	19261	1.04993e-43	TRUE	M1:cds-XAJ25416.1	TGT	C	TGC	C	148
MP|PP755590.1|A/cattle/Texas/24-008749-003/2024(H5N1)	693	T	C	16149	6249	33	3109	970	33	0.161406	19262	0	TRUE	M1:cds-XAJ25416.1	GAT	D	GAC	D	231
MP|PP755590.1|A/cattle/Texas/24-008749-003/2024(H5N1)	726	A	G	12813	7226	32	184	86	33	0.0141528	13001	8.89964e-48	TRUE	M2:cds-XAJ25417.1	AAC	N	AGC	S	4
MP|PP755590.1|A/cattle/Texas/24-008749-003/2024(H5N1)	726	A	G	12813	7226	32	184	86	33	0.0141528	13001	8.89964e-48	TRUE	M1:cds-XAJ25416.1	AAA	K	AAG	K	242
MP|PP755590.1|A/cattle/Texas/24-008749-003/2024(H5N1)	767	G	A	16687	8988	33	965	482	33	0.0546525	17657	2.69439e-271	TRUE	M2:cds-XAJ25417.1	GTT	V	ATT	I	18
MP|PP755590.1|A/cattle/Texas/24-008749-003/2024(H5N1)	823	C	T	15662	11702	33	159	118	32	0.0100499	15821	7.98697e-33	TRUE	M2:cds-XAJ25417.1	CGC	R	CGT	R	37
