REGION	POS	REF	ALT	REF_DP	REF_RV	REF_QUAL	ALT_DP	ALT_RV	ALT_QUAL	ALT_FREQ	TOTAL_DP	PVAL	PASS	GFF_FEATURE	REF_CODON	REF_AA	ALT_CODON	ALT_AA	POS_AA
NP|PP755592.1|A/cattle/Texas/24-008749-003/2024(H5N1)	355	A	G	0	0	0	4238	2415	33	1	4238	0	TRUE	NP:cds-XAJ25419.1	ATT	I	GTT	V	119
NP|PP755592.1|A/cattle/Texas/24-008749-003/2024(H5N1)	440	C	A	4173	2690	33	50	29	33	0.0118371	4224	1.06188e-11	TRUE	NP:cds-XAJ25419.1	ACA	T	AAA	K	147
NP|PP755592.1|A/cattle/Texas/24-008749-003/2024(H5N1)	474	A	G	722	357	33	3268	1926	33	0.819048	3990	0	TRUE	NP:cds-XAJ25419.1	GGA	G	GGG	G	158
NP|PP755592.1|A/cattle/Texas/24-008749-003/2024(H5N1)	498	G	A	1	0	34	3628	1630	33	0.999724	3629	0	TRUE	NP:cds-XAJ25419.1	CTG	L	CTA	L	166
NP|PP755592.1|A/cattle/Texas/24-008749-003/2024(H5N1)	705	A	G	3522	2052	33	119	73	33	0.0326833	3641	2.29894e-33	TRUE	NP:cds-XAJ25419.1	CAA	Q	CAG	Q	235
NP|PP755592.1|A/cattle/Texas/24-008749-003/2024(H5N1)	870	C	T	0	0	0	3556	1697	33	0.999719	3557	0	TRUE	NP:cds-XAJ25419.1	GAC	D	GAT	D	290
NP|PP755592.1|A/cattle/Texas/24-008749-003/2024(H5N1)	1014	T	C	0	0	0	3818	1980	33	0.999738	3819	0	TRUE	NP:cds-XAJ25419.1	TTT	F	TTC	F	338
NP|PP755592.1|A/cattle/Texas/24-008749-003/2024(H5N1)	1016	A	C	3788	1967	33	42	29	34	0.0109603	3832	2.4302e-10	TRUE	NP:cds-XAJ25419.1	GAG	E	GCG	A	339
NP|PP755592.1|A/cattle/Texas/24-008749-003/2024(H5N1)	1092	G	A	0	0	0	4421	2191	33	1	4421	0	TRUE	NP:cds-XAJ25419.1	CAG	Q	CAA	Q	364
NP|PP755592.1|A/cattle/Texas/24-008749-003/2024(H5N1)	1191	C	T	4007	1960	33	778	431	33	0.162591	4785	9.75194e-247	TRUE	NP:cds-XAJ25419.1	AAC	N	AAT	N	397
