REGION	POS	REF	ALT	REF_DP	REF_RV	REF_QUAL	ALT_DP	ALT_RV	ALT_QUAL	ALT_FREQ	TOTAL_DP	PVAL	PASS	GFF_FEATURE	REF_CODON	REF_AA	ALT_CODON	ALT_AA	POS_AA
PA|PP755594.1|A/cattle/Texas/24-008749-003/2024(H5N1)	18	A	G	64	18	42	1	0	22	0.0153846	65	0.469773	FALSE	PA:cds-XAJ25422.1	CGA	R	CGG	R	6
PA|PP755594.1|A/cattle/Texas/24-008749-003/2024(H5N1)	18	A	G	64	18	42	1	0	22	0.0153846	65	0.469773	FALSE	PA-X:cds-XAJ25423.1	CGA	R	CGG	R	6
PA|PP755594.1|A/cattle/Texas/24-008749-003/2024(H5N1)	126	A	G	0	0	0	235	82	51	1	235	9.38442e-201	TRUE	PA:cds-XAJ25422.1	TTA	L	TTG	L	42
PA|PP755594.1|A/cattle/Texas/24-008749-003/2024(H5N1)	126	A	G	0	0	0	235	82	51	1	235	9.38442e-201	TRUE	PA-X:cds-XAJ25423.1	TTA	L	TTG	L	42
PA|PP755594.1|A/cattle/Texas/24-008749-003/2024(H5N1)	195	T	A	233	90	53	3	2	46	0.0127119	236	0.0381619	FALSE	PA:cds-XAJ25422.1	TCT	S	TCA	S	65
PA|PP755594.1|A/cattle/Texas/24-008749-003/2024(H5N1)	195	T	A	233	90	53	3	2	46	0.0127119	236	0.0381619	FALSE	PA-X:cds-XAJ25423.1	TCT	S	TCA	S	65
PA|PP755594.1|A/cattle/Texas/24-008749-003/2024(H5N1)	396	G	A	0	0	0	245	120	58	1	245	3.86878e-183	TRUE	PA:cds-XAJ25422.1	TTG	L	TTA	L	132
PA|PP755594.1|A/cattle/Texas/24-008749-003/2024(H5N1)	396	G	A	0	0	0	245	120	58	1	245	3.86878e-183	TRUE	PA-X:cds-XAJ25423.1	TTG	L	TTA	L	132
PA|PP755594.1|A/cattle/Texas/24-008749-003/2024(H5N1)	655	A	C	0	0	0	230	106	56	1	230	1.28991e-176	TRUE	PA:cds-XAJ25422.1	ATT	I	CTT	L	219
PA|PP755594.1|A/cattle/Texas/24-008749-003/2024(H5N1)	655	A	C	0	0	0	230	106	56	1	230	1.28991e-176	TRUE	PA-X:cds-XAJ25423.1	GTA	V	GTC	V	28
PA|PP755594.1|A/cattle/Texas/24-008749-003/2024(H5N1)	801	T	C	214	116	53	3	2	45	0.0138249	217	0.0567733	FALSE	PA:cds-XAJ25422.1	CCT	P	CCC	P	267
PA|PP755594.1|A/cattle/Texas/24-008749-003/2024(H5N1)	921	A	G	0	0	0	248	87	53	1	248	3.23995e-182	TRUE	PA:cds-XAJ25422.1	GCA	A	GCG	A	307
PA|PP755594.1|A/cattle/Texas/24-008749-003/2024(H5N1)	1490	G	A	0	0	0	291	157	59	1	291	2.4691e-221	TRUE	PA:cds-XAJ25422.1	AGG	R	AAG	K	497
PA|PP755594.1|A/cattle/Texas/24-008749-003/2024(H5N1)	1644	G	T	248	145	55	3	2	45	0.0119522	251	0.056373	FALSE	PA:cds-XAJ25422.1	ATG	M	ATT	I	548
PA|PP755594.1|A/cattle/Texas/24-008749-003/2024(H5N1)	1675	A	G	261	139	54	3	2	24	0.0113636	264	0.566338	FALSE	PA:cds-XAJ25422.1	AGG	R	GGG	G	559
