REGION	POS	REF	ALT	REF_DP	REF_RV	REF_QUAL	ALT_DP	ALT_RV	ALT_QUAL	ALT_FREQ	TOTAL_DP	PVAL	PASS	GFF_FEATURE	REF_CODON	REF_AA	ALT_CODON	ALT_AA	POS_AA
MP|PP755590.1|A/cattle/Texas/24-008749-003/2024(H5N1)	8	T	C	680	63	35	9	0	34	0.0130624	689	1.01908e-05	TRUE	M2:cds-XAJ25417.1	CTT	L	CCT	P	3
MP|PP755590.1|A/cattle/Texas/24-008749-003/2024(H5N1)	8	T	C	680	63	35	9	0	34	0.0130624	689	1.01908e-05	TRUE	M1:cds-XAJ25416.1	CTT	L	CCT	P	3
MP|PP755590.1|A/cattle/Texas/24-008749-003/2024(H5N1)	245	G	A	5	1	34	6974	2998	38	0.999284	6979	0	TRUE	M1:cds-XAJ25416.1	AGT	S	AAT	N	82
MP|PP755590.1|A/cattle/Texas/24-008749-003/2024(H5N1)	381	T	C	7451	4100	37	86	51	35	0.0114089	7538	1.24864e-20	TRUE	M1:cds-XAJ25416.1	TGT	C	TGC	C	127
MP|PP755590.1|A/cattle/Texas/24-008749-003/2024(H5N1)	409	A	G	7685	3908	38	109	69	37	0.0139851	7794	5.46204e-27	TRUE	M1:cds-XAJ25416.1	ACG	T	GCG	A	137
MP|PP755590.1|A/cattle/Texas/24-008749-003/2024(H5N1)	456	A	G	7264	3437	36	79	44	34	0.0107556	7345	7.24966e-19	TRUE	M1:cds-XAJ25416.1	GAA	E	GAG	E	152
MP|PP755590.1|A/cattle/Texas/24-008749-003/2024(H5N1)	477	T	C	7408	3585	38	80	41	39	0.0106838	7488	8.17593e-19	TRUE	M1:cds-XAJ25416.1	CAT	H	CAC	H	159
MP|PP755590.1|A/cattle/Texas/24-008749-003/2024(H5N1)	750	A	G	6838	3210	38	330	170	38	0.0460379	7168	1.0927e-100	TRUE	M2:cds-XAJ25417.1	GAT	D	GGT	G	12
MP|PP755590.1|A/cattle/Texas/24-008749-003/2024(H5N1)	750	A	G	6838	3210	38	330	170	38	0.0460379	7168	1.0927e-100	TRUE	M1:cds-XAJ25416.1	CGA	R	CGG	R	250
MP|PP755590.1|A/cattle/Texas/24-008749-003/2024(H5N1)	869	G	A	7301	6592	40	83	72	40	0.011239	7385	1.1585e-29	TRUE	M2:cds-XAJ25417.1	GGA	G	AGA	R	52
