REGION	POS	REF	ALT	REF_DP	REF_RV	REF_QUAL	ALT_DP	ALT_RV	ALT_QUAL	ALT_FREQ	TOTAL_DP	PVAL	PASS	GFF_FEATURE	REF_CODON	REF_AA	ALT_CODON	ALT_AA	POS_AA
NA|PP755591.1|A/cattle/Texas/24-008749-003/2024(H5N1)	7	C	T	82	1	36	2	0	34	0.0238095	84	0.0120231	FALSE	NA:cds-XAJ25418.1	CCA	P	TCA	S	3
NA|PP755591.1|A/cattle/Texas/24-008749-003/2024(H5N1)	187	A	C	1574	620	40	251	77	38	0.137534	1825	8.94115e-89	TRUE	NA:cds-XAJ25418.1	AAT	N	CAT	H	63
NA|PP755591.1|A/cattle/Texas/24-008749-003/2024(H5N1)	205	A	G	492	166	37	1343	586	38	0.73188	1835	0	TRUE	NA:cds-XAJ25418.1	ATC	I	GTC	V	69
NA|PP755591.1|A/cattle/Texas/24-008749-003/2024(H5N1)	264	T	C	487	192	37	1477	692	38	0.752037	1964	0	TRUE	NA:cds-XAJ25418.1	AAT	N	AAC	N	88
NA|PP755591.1|A/cattle/Texas/24-008749-003/2024(H5N1)	571	T	C	1	1	34	2143	966	37	0.999534	2144	0	TRUE	NA:cds-XAJ25418.1	TTG	L	CTG	L	191
NA|PP755591.1|A/cattle/Texas/24-008749-003/2024(H5N1)	608	T	-G	2193	1183	37	104	0	20	0.0417335	2492	3.62432e-15	TRUE	NA	NA	NA	NA	NA	NA
NA|PP755591.1|A/cattle/Texas/24-008749-003/2024(H5N1)	642	T	A	2026	939	36	59	29	34	0.0282838	2086	1.62005e-17	TRUE	NA:cds-XAJ25418.1	GAT	D	GAA	E	214
NA|PP755591.1|A/cattle/Texas/24-008749-003/2024(H5N1)	749	A	G	2045	1100	37	51	32	35	0.0243321	2096	8.87314e-16	TRUE	NA:cds-XAJ25418.1	CAG	Q	CGG	R	250
NA|PP755591.1|A/cattle/Texas/24-008749-003/2024(H5N1)	777	G	A	2019	1137	36	45	25	39	0.0218023	2064	5.74324e-13	TRUE	NA:cds-XAJ25418.1	GAG	E	GAA	E	259
NA|PP755591.1|A/cattle/Texas/24-008749-003/2024(H5N1)	831	G	A	1942	1130	36	182	77	34	0.0856471	2125	1.27177e-58	TRUE	NA:cds-XAJ25418.1	GAG	E	GAA	E	277
NA|PP755591.1|A/cattle/Texas/24-008749-003/2024(H5N1)	1106	G	A	2229	1183	37	45	21	37	0.0197889	2274	3.36184e-13	TRUE	NA:cds-XAJ25418.1	AGC	S	AAC	N	369
NA|PP755591.1|A/cattle/Texas/24-008749-003/2024(H5N1)	1143	T	C	2251	1217	38	76	37	38	0.0326601	2327	6.08371e-24	TRUE	NA:cds-XAJ25418.1	ACT	T	ACC	T	381
NA|PP755591.1|A/cattle/Texas/24-008749-003/2024(H5N1)	1161	C	T	2192	1222	38	30	23	37	0.0135014	2222	1.45631e-08	TRUE	NA:cds-XAJ25418.1	TTC	F	TTT	F	387
NA|PP755591.1|A/cattle/Texas/24-008749-003/2024(H5N1)	1185	A	G	0	0	0	1906	1162	36	0.999476	1907	0	TRUE	NA:cds-XAJ25418.1	GAA	E	GAG	E	395
NA|PP755591.1|A/cattle/Texas/24-008749-003/2024(H5N1)	1194	C	G	1919	1209	37	91	52	37	0.0452736	2010	6.4793e-28	TRUE	NA:cds-XAJ25418.1	GAC	D	GAG	E	398
NA|PP755591.1|A/cattle/Texas/24-008749-003/2024(H5N1)	1228	C	T	1917	1301	38	47	31	37	0.0239308	1964	6.25282e-14	TRUE	NA:cds-XAJ25418.1	CCA	P	TCA	S	410
