REGION	POS	REF	ALT	REF_DP	REF_RV	REF_QUAL	ALT_DP	ALT_RV	ALT_QUAL	ALT_FREQ	TOTAL_DP	PVAL	PASS	GFF_FEATURE	REF_CODON	REF_AA	ALT_CODON	ALT_AA	POS_AA
PB2|PP755596.1|A/cattle/Texas/24-008749-003/2024(H5N1)	9	A	G	94	14	35	2	0	34	0.0208333	96	0.0255458	FALSE	PB2:cds-XAJ25426.1	AGA	R	AGG	R	3
PB2|PP755596.1|A/cattle/Texas/24-008749-003/2024(H5N1)	155	C	-AATGA	791	333	43	12	0	20	0.0116054	1034	0.207822	FALSE	NA	NA	NA	NA	NA	NA
PB2|PP755596.1|A/cattle/Texas/24-008749-003/2024(H5N1)	172	G	A	406	194	41	423	173	41	0.510253	829	1.42213e-186	TRUE	PB2:cds-XAJ25426.1	GCA	A	ACA	T	58
PB2|PP755596.1|A/cattle/Texas/24-008749-003/2024(H5N1)	240	G	A	1	0	46	743	387	37	0.998656	744	0	TRUE	PB2:cds-XAJ25426.1	AAG	K	AAA	K	80
PB2|PP755596.1|A/cattle/Texas/24-008749-003/2024(H5N1)	489	C	T	940	380	38	10	6	41	0.0105152	951	0.000384921	TRUE	PB2:cds-XAJ25426.1	ATC	I	ATT	I	163
PB2|PP755596.1|A/cattle/Texas/24-008749-003/2024(H5N1)	630	G	A	0	0	0	933	548	38	1	933	0	TRUE	PB2:cds-XAJ25426.1	GAG	E	GAA	E	210
PB2|PP755596.1|A/cattle/Texas/24-008749-003/2024(H5N1)	764	C	T	0	0	0	959	430	37	1	959	0	TRUE	PB2:cds-XAJ25426.1	GCA	A	GTA	V	255
PB2|PP755596.1|A/cattle/Texas/24-008749-003/2024(H5N1)	912	G	A	0	0	0	1034	506	39	1	1034	0	TRUE	PB2:cds-XAJ25426.1	GAG	E	GAA	E	304
PB2|PP755596.1|A/cattle/Texas/24-008749-003/2024(H5N1)	1005	A	G	594	297	37	559	345	36	0.484822	1153	3.39516e-226	TRUE	PB2:cds-XAJ25426.1	GGA	G	GGG	G	335
PB2|PP755596.1|A/cattle/Texas/24-008749-003/2024(H5N1)	1119	T	C	571	256	37	558	248	38	0.494243	1129	3.03966e-238	TRUE	PB2:cds-XAJ25426.1	ATT	I	ATC	I	373
PB2|PP755596.1|A/cattle/Texas/24-008749-003/2024(H5N1)	1392	G	A	0	0	0	1282	858	38	1	1282	0	TRUE	PB2:cds-XAJ25426.1	TTG	L	TTA	L	464
PB2|PP755596.1|A/cattle/Texas/24-008749-003/2024(H5N1)	1438	G	A	1193	727	37	66	35	38	0.0524226	1259	2.23362e-21	TRUE	PB2:cds-XAJ25426.1	GTC	V	ATC	I	480
PB2|PP755596.1|A/cattle/Texas/24-008749-003/2024(H5N1)	1461	A	G	1160	673	36	13	11	36	0.0110827	1173	0.000436145	TRUE	PB2:cds-XAJ25426.1	GAA	E	GAG	E	487
PB2|PP755596.1|A/cattle/Texas/24-008749-003/2024(H5N1)	2009	A	G	84	41	40	1212	622	39	0.935185	1296	0	TRUE	PB2:cds-XAJ25426.1	AAA	K	AGA	R	670
PB2|PP755596.1|A/cattle/Texas/24-008749-003/2024(H5N1)	2178	T	C	878	686	44	178	136	47	0.168561	1056	1.15872e-75	TRUE	PB2:cds-XAJ25426.1	ATT	I	ATC	I	726
PB2|PP755596.1|A/cattle/Texas/24-008749-003/2024(H5N1)	2231	T	C	792	647	45	9	8	37	0.011236	801	0.00282845	TRUE	PB2:cds-XAJ25426.1	CTT	L	CCT	P	744
