REGION	POS	REF	ALT	REF_DP	REF_RV	REF_QUAL	ALT_DP	ALT_RV	ALT_QUAL	ALT_FREQ	TOTAL_DP	PVAL	PASS	GFF_FEATURE	REF_CODON	REF_AA	ALT_CODON	ALT_AA	POS_AA
HA|PP755589.1|A/cattle/Texas/24-008749-003/2024(H5N1)	311	A	G	1	0	34	1389	630	38	0.999281	1390	0	TRUE	HA:cds-XAJ25415.1	GAC	D	GGC	G	104
HA|PP755589.1|A/cattle/Texas/24-008749-003/2024(H5N1)	384	G	A	0	0	0	1426	615	39	1	1426	0	TRUE	HA:cds-XAJ25415.1	GAG	E	GAA	E	128
HA|PP755589.1|A/cattle/Texas/24-008749-003/2024(H5N1)	481	A	G	1366	722	38	17	10	41	0.0122921	1383	1.92521e-06	TRUE	HA:cds-XAJ25415.1	AGA	R	GGA	G	161
HA|PP755589.1|A/cattle/Texas/24-008749-003/2024(H5N1)	533	T	G	1	1	26	1534	788	38	0.999349	1535	0	TRUE	HA:cds-XAJ25415.1	ATA	I	AGA	R	178
HA|PP755589.1|A/cattle/Texas/24-008749-003/2024(H5N1)	651	G	A	0	0	0	1577	665	38	1	1577	0	TRUE	HA:cds-XAJ25415.1	GGG	G	GGA	G	217
HA|PP755589.1|A/cattle/Texas/24-008749-003/2024(H5N1)	675	G	A	0	0	0	1543	664	37	1	1543	0	TRUE	HA:cds-XAJ25415.1	TTG	L	TTA	L	225
HA|PP755589.1|A/cattle/Texas/24-008749-003/2024(H5N1)	697	T	C	1442	682	38	94	34	38	0.0611979	1536	4.57145e-31	TRUE	HA:cds-XAJ25415.1	TCC	S	CCC	P	233
HA|PP755589.1|A/cattle/Texas/24-008749-003/2024(H5N1)	765	C	T	1608	786	38	18	11	33	0.0110701	1626	9.7791e-06	TRUE	HA:cds-XAJ25415.1	ATC	I	ATT	I	255
HA|PP755589.1|A/cattle/Texas/24-008749-003/2024(H5N1)	1007	G	A	0	0	0	1486	815	40	1	1486	0	TRUE	HA:cds-XAJ25415.1	AGT	S	AAT	N	336
HA|PP755589.1|A/cattle/Texas/24-008749-003/2024(H5N1)	1035	A	G	2	2	34	1409	835	39	0.997875	1412	0	TRUE	HA:cds-XAJ25415.1	AGA	R	AGG	R	345
HA|PP755589.1|A/cattle/Texas/24-008749-003/2024(H5N1)	1214	A	G	2114	782	39	30	6	43	0.0139925	2144	4.57924e-12	TRUE	HA:cds-XAJ25415.1	AAC	N	AGC	S	405
HA|PP755589.1|A/cattle/Texas/24-008749-003/2024(H5N1)	1589	A	T	2363	1637	40	33	23	44	0.013773	2396	3.33534e-12	TRUE	HA:cds-XAJ25415.1	CAG	Q	CTG	L	530
