REGION	POS	REF	ALT	REF_DP	REF_RV	REF_QUAL	ALT_DP	ALT_RV	ALT_QUAL	ALT_FREQ	TOTAL_DP	PVAL	PASS	GFF_FEATURE	REF_CODON	REF_AA	ALT_CODON	ALT_AA	POS_AA
NA|PP755591.1|A/cattle/Texas/24-008749-003/2024(H5N1)	44	T	A	94	30	33	1	0	26	0.0105263	95	0.561066	FALSE	NA:cds-XAJ25418.1	ATG	M	AAG	K	15
NA|PP755591.1|A/cattle/Texas/24-008749-003/2024(H5N1)	571	T	C	0	0	0	314	154	33	1	314	2.72783e-193	TRUE	NA:cds-XAJ25418.1	TTG	L	CTG	L	191
NA|PP755591.1|A/cattle/Texas/24-008749-003/2024(H5N1)	969	G	A	285	125	33	4	2	34	0.0138408	289	0.0558113	FALSE	NA:cds-XAJ25418.1	GGG	G	GGA	G	323
NA|PP755591.1|A/cattle/Texas/24-008749-003/2024(H5N1)	998	G	A	310	148	33	4	2	34	0.0127389	314	0.056665	FALSE	NA:cds-XAJ25418.1	GGC	G	GAC	D	333
NA|PP755591.1|A/cattle/Texas/24-008749-003/2024(H5N1)	1185	A	G	0	0	0	305	168	33	1	305	3.62257e-190	TRUE	NA:cds-XAJ25418.1	GAA	E	GAG	E	395
NA|PP755591.1|A/cattle/Texas/24-008749-003/2024(H5N1)	1289	G	C	205	84	32	4	4	26	0.0191388	209	0.262602	FALSE	NA:cds-XAJ25418.1	AGG	R	ACG	T	430
NA|PP755591.1|A/cattle/Texas/24-008749-003/2024(H5N1)	1290	G	C	213	97	32	3	3	26	0.0138889	216	0.425945	FALSE	NA:cds-XAJ25418.1	AGG	R	AGC	S	430
