REGION	POS	REF	ALT	REF_DP	REF_RV	REF_QUAL	ALT_DP	ALT_RV	ALT_QUAL	ALT_FREQ	TOTAL_DP	PVAL	PASS	GFF_FEATURE	REF_CODON	REF_AA	ALT_CODON	ALT_AA	POS_AA
NA|PP755591.1|A/cattle/Texas/24-008749-003/2024(H5N1)	24	A	G	978	192	39	24	4	40	0.0239521	1002	7.59054e-17	TRUE	NA:cds-XAJ25418.1	ACA	T	ACG	T	8
NA|PP755591.1|A/cattle/Texas/24-008749-003/2024(H5N1)	46	G	A	1312	207	39	1487	239	37	0.531261	2799	0	TRUE	NA:cds-XAJ25418.1	GTA	V	ATA	I	16
NA|PP755591.1|A/cattle/Texas/24-008749-003/2024(H5N1)	152	A	G	6537	2179	43	278	118	44	0.0407864	6816	4.50359e-104	TRUE	NA:cds-XAJ25418.1	CAA	Q	CGA	R	51
NA|PP755591.1|A/cattle/Texas/24-008749-003/2024(H5N1)	571	T	C	1	0	34	7779	3632	39	0.999743	7781	0	TRUE	NA:cds-XAJ25418.1	TTG	L	CTG	L	191
NA|PP755591.1|A/cattle/Texas/24-008749-003/2024(H5N1)	771	G	A	7524	3953	40	143	76	37	0.0186514	7667	2.72791e-39	TRUE	NA:cds-XAJ25418.1	AAG	K	AAA	K	257
NA|PP755591.1|A/cattle/Texas/24-008749-003/2024(H5N1)	1106	G	A	12087	6143	41	513	251	42	0.0407111	12601	1.40826e-183	TRUE	NA:cds-XAJ25418.1	AGC	S	AAC	N	369
NA|PP755591.1|A/cattle/Texas/24-008749-003/2024(H5N1)	1141	A	G	13274	6910	43	242	129	44	0.0179034	13517	9.00737e-87	TRUE	NA:cds-XAJ25418.1	ACT	T	GCT	A	381
NA|PP755591.1|A/cattle/Texas/24-008749-003/2024(H5N1)	1185	A	G	2	2	50	11685	6635	39	0.999743	11688	0	TRUE	NA:cds-XAJ25418.1	GAA	E	GAG	E	395
