REGION	POS	REF	ALT	REF_DP	REF_RV	REF_QUAL	ALT_DP	ALT_RV	ALT_QUAL	ALT_FREQ	TOTAL_DP	PVAL	PASS	GFF_FEATURE	REF_CODON	REF_AA	ALT_CODON	ALT_AA	POS_AA
HA|PP755589.1|A/cattle/Texas/24-008749-003/2024(H5N1)	4	G	A	0	0	0	52	6	38	1	52	4.82385e-41	TRUE	HA:cds-XAJ25415.1	GAG	E	AAG	K	2
HA|PP755589.1|A/cattle/Texas/24-008749-003/2024(H5N1)	270	G	T	3585	1934	41	149	67	36	0.0397651	3747	4.59031e-48	TRUE	HA:cds-XAJ25415.1	CCG	P	CCT	P	90
HA|PP755589.1|A/cattle/Texas/24-008749-003/2024(H5N1)	311	A	G	1	0	34	3459	1511	40	0.999711	3460	0	TRUE	HA:cds-XAJ25415.1	GAC	D	GGC	G	104
HA|PP755589.1|A/cattle/Texas/24-008749-003/2024(H5N1)	387	G	A	47	24	40	3421	1585	43	0.986448	3468	0	TRUE	HA:cds-XAJ25415.1	AAG	K	AAA	K	129
HA|PP755589.1|A/cattle/Texas/24-008749-003/2024(H5N1)	439	G	A	4	3	32	3347	2037	42	0.998806	3351	0	TRUE	HA:cds-XAJ25415.1	GTG	V	ATG	M	147
HA|PP755589.1|A/cattle/Texas/24-008749-003/2024(H5N1)	651	G	A	2	0	34	3032	1434	40	0.999012	3035	0	TRUE	HA:cds-XAJ25415.1	GGG	G	GGA	G	217
HA|PP755589.1|A/cattle/Texas/24-008749-003/2024(H5N1)	675	G	A	1	1	34	3085	1394	39	0.999676	3086	0	TRUE	HA:cds-XAJ25415.1	TTG	L	TTA	L	225
HA|PP755589.1|A/cattle/Texas/24-008749-003/2024(H5N1)	1007	G	A	1	0	34	3130	1753	42	0.999361	3132	0	TRUE	HA:cds-XAJ25415.1	AGT	S	AAT	N	336
HA|PP755589.1|A/cattle/Texas/24-008749-003/2024(H5N1)	1173	T	C	3	3	68	5364	1566	42	0.999441	5367	0	TRUE	HA:cds-XAJ25415.1	GAT	D	GAC	D	391
HA|PP755589.1|A/cattle/Texas/24-008749-003/2024(H5N1)	1269	G	A	104	42	38	6196	2647	41	0.983492	6300	0	TRUE	HA:cds-XAJ25415.1	GAG	E	GAA	E	423
