REGION	POS	REF	ALT	REF_DP	REF_RV	REF_QUAL	ALT_DP	ALT_RV	ALT_QUAL	ALT_FREQ	TOTAL_DP	PVAL	PASS	GFF_FEATURE	REF_CODON	REF_AA	ALT_CODON	ALT_AA	POS_AA
NS|PP755593.1|A/cattle/Texas/24-008749-003/2024(H5N1)	64	T	G	979	169	33	19986	6245	33	0.952894	20974	0	TRUE	NS1:cds-XAJ25420.1	TTT	F	GTT	V	22
NS|PP755593.1|A/cattle/Texas/24-008749-003/2024(H5N1)	199	A	G	20	9	32	38885	18476	33	0.99946	38906	0	TRUE	NS1:cds-XAJ25420.1	AGG	R	GGG	G	67
NS|PP755593.1|A/cattle/Texas/24-008749-003/2024(H5N1)	222	T	C	17	7	34	40939	21736	33	0.999561	40957	0	TRUE	NS1:cds-XAJ25420.1	GAT	D	GAC	D	74
