REGION	POS	REF	ALT	REF_DP	REF_RV	REF_QUAL	ALT_DP	ALT_RV	ALT_QUAL	ALT_FREQ	TOTAL_DP	PVAL	PASS	GFF_FEATURE	REF_CODON	REF_AA	ALT_CODON	ALT_AA	POS_AA
PA|PP755594.1|A/cattle/Texas/24-008749-003/2024(H5N1)	57	A	-GCAATG	210	16	35	9	0	20	0.0143084	629	0.00497271	TRUE	NA	NA	NA	NA	NA	NA
PA|PP755594.1|A/cattle/Texas/24-008749-003/2024(H5N1)	399	A	G	798	351	37	21	5	37	0.025641	819	6.42534e-08	TRUE	PA:cds-XAJ25422.1	GAA	E	GAG	E	133
PA|PP755594.1|A/cattle/Texas/24-008749-003/2024(H5N1)	399	A	G	798	351	37	21	5	37	0.025641	819	6.42534e-08	TRUE	PA-X:cds-XAJ25423.1	GAA	E	GAG	E	133
PA|PP755594.1|A/cattle/Texas/24-008749-003/2024(H5N1)	410	A	G	2	2	34	752	356	36	0.997347	754	0	TRUE	PA:cds-XAJ25422.1	AAG	K	AGG	R	137
PA|PP755594.1|A/cattle/Texas/24-008749-003/2024(H5N1)	410	A	G	2	2	34	752	356	36	0.997347	754	0	TRUE	PA-X:cds-XAJ25423.1	AAG	K	AGG	R	137
PA|PP755594.1|A/cattle/Texas/24-008749-003/2024(H5N1)	789	A	G	952	633	36	30	24	35	0.0305188	983	1.84052e-09	TRUE	PA:cds-XAJ25422.1	ACA	T	ACG	T	263
PA|PP755594.1|A/cattle/Texas/24-008749-003/2024(H5N1)	981	G	A	17	6	34	830	297	37	0.978774	848	0	TRUE	PA:cds-XAJ25422.1	GAG	E	GAA	E	327
PA|PP755594.1|A/cattle/Texas/24-008749-003/2024(H5N1)	1085	A	G	0	0	0	767	441	34	1	767	0	TRUE	PA:cds-XAJ25422.1	AAA	K	AGA	R	362
PA|PP755594.1|A/cattle/Texas/24-008749-003/2024(H5N1)	1098	G	A	0	0	0	930	579	35	1	930	0	TRUE	PA:cds-XAJ25422.1	TTG	L	TTA	L	366
PA|PP755594.1|A/cattle/Texas/24-008749-003/2024(H5N1)	1116	G	A	935	550	35	19	2	33	0.0199161	954	8.97656e-06	TRUE	PA:cds-XAJ25422.1	GAG	E	GAA	E	372
PA|PP755594.1|A/cattle/Texas/24-008749-003/2024(H5N1)	1197	G	A	26	13	34	931	373	35	0.972832	957	0	TRUE	PA:cds-XAJ25422.1	GAG	E	GAA	E	399
PA|PP755594.1|A/cattle/Texas/24-008749-003/2024(H5N1)	1294	G	A	0	0	0	1064	567	37	1	1064	0	TRUE	PA:cds-XAJ25422.1	GTT	V	ATT	I	432
PA|PP755594.1|A/cattle/Texas/24-008749-003/2024(H5N1)	1464	G	A	0	0	0	940	405	35	1	940	0	TRUE	PA:cds-XAJ25422.1	AAG	K	AAA	K	488
PA|PP755594.1|A/cattle/Texas/24-008749-003/2024(H5N1)	1590	G	A	970	617	35	30	10	35	0.03	1000	3.28655e-09	TRUE	PA:cds-XAJ25422.1	CCG	P	CCA	P	530
PA|PP755594.1|A/cattle/Texas/24-008749-003/2024(H5N1)	1773	A	G	942	376	36	26	13	34	0.0268595	968	2.93576e-08	TRUE	PA:cds-XAJ25422.1	CAA	Q	CAG	Q	591
PA|PP755594.1|A/cattle/Texas/24-008749-003/2024(H5N1)	1944	C	T	1	1	34	955	632	35	0.998954	956	0	TRUE	PA:cds-XAJ25422.1	AGC	S	AGT	S	648
