REGION	POS	REF	ALT	REF_DP	REF_RV	REF_QUAL	ALT_DP	ALT_RV	ALT_QUAL	ALT_FREQ	TOTAL_DP	PVAL	PASS	GFF_FEATURE	REF_CODON	REF_AA	ALT_CODON	ALT_AA	POS_AA
PB1|PP755595.1|A/cattle/Texas/24-008749-003/2024(H5N1)	8	T	C	10	2	40	1	0	34	0.0909091	11	0.0956522	FALSE	PB1:cds-XAJ25424.1	GTC	V	GCC	A	3
PB1|PP755595.1|A/cattle/Texas/24-008749-003/2024(H5N1)	117	C	T	168	47	42	10	2	40	0.0561798	178	3.53599e-05	TRUE	PB1:cds-XAJ25424.1	ACC	T	ACT	T	39
PB1|PP755595.1|A/cattle/Texas/24-008749-003/2024(H5N1)	117	C	T	168	47	42	10	2	40	0.0561798	178	3.53599e-05	TRUE	PB1-F2:cds-XAJ25425.1	CCA	P	CTA	L	8
PB1|PP755595.1|A/cattle/Texas/24-008749-003/2024(H5N1)	626	A	G	265	139	39	5	1	44	0.0185185	270	0.0185381	FALSE	PB1:cds-XAJ25424.1	AAA	K	AGA	R	209
PB1|PP755595.1|A/cattle/Texas/24-008749-003/2024(H5N1)	789	T	C	264	129	39	3	2	45	0.011236	267	0.096462	FALSE	PB1:cds-XAJ25424.1	TGT	C	TGC	C	263
PB1|PP755595.1|A/cattle/Texas/24-008749-003/2024(H5N1)	893	T	C	248	111	38	5	1	43	0.0197628	253	0.0109619	FALSE	PB1:cds-XAJ25424.1	CTC	L	CCC	P	298
PB1|PP755595.1|A/cattle/Texas/24-008749-003/2024(H5N1)	945	T	C	0	0	0	283	158	39	1	283	6.66139e-186	TRUE	PB1:cds-XAJ25424.1	CCT	P	CCC	P	315
PB1|PP755595.1|A/cattle/Texas/24-008749-003/2024(H5N1)	1087	A	G	333	135	41	4	1	34	0.0118694	337	0.0372843	FALSE	PB1:cds-XAJ25424.1	AAG	K	GAG	E	363
