REGION	POS	REF	ALT	REF_DP	REF_RV	REF_QUAL	ALT_DP	ALT_RV	ALT_QUAL	ALT_FREQ	TOTAL_DP	PVAL	PASS	GFF_FEATURE	REF_CODON	REF_AA	ALT_CODON	ALT_AA	POS_AA
HA|PP755589.1|A/cattle/Texas/24-008749-003/2024(H5N1)	15	A	G	79	13	40	1	0	20	0.0125	80	0.579449	FALSE	HA:cds-XAJ25415.1	GTA	V	GTG	V	5
HA|PP755589.1|A/cattle/Texas/24-008749-003/2024(H5N1)	25	G	A	89	16	44	1	0	35	0.0111111	90	0.262391	FALSE	HA:cds-XAJ25415.1	GCA	A	ACA	T	9
HA|PP755589.1|A/cattle/Texas/24-008749-003/2024(H5N1)	30	A	G	99	15	43	1	1	77	0.01	100	0.273224	FALSE	HA:cds-XAJ25415.1	ATA	I	ATG	M	10
HA|PP755589.1|A/cattle/Texas/24-008749-003/2024(H5N1)	420	T	C	0	0	0	459	224	56	1	459	0	TRUE	HA:cds-XAJ25415.1	AAT	N	AAC	N	140
HA|PP755589.1|A/cattle/Texas/24-008749-003/2024(H5N1)	461	A	G	0	0	0	461	203	52	1	461	0	TRUE	HA:cds-XAJ25415.1	CAG	Q	CGG	R	154
HA|PP755589.1|A/cattle/Texas/24-008749-003/2024(H5N1)	651	G	A	1	0	34	512	244	52	0.996109	514	0	TRUE	HA:cds-XAJ25415.1	GGG	G	GGA	G	217
HA|PP755589.1|A/cattle/Texas/24-008749-003/2024(H5N1)	660	T	C	533	246	52	7	5	53	0.012963	540	0.00193457	TRUE	HA:cds-XAJ25415.1	ACT	T	ACC	T	220
HA|PP755589.1|A/cattle/Texas/24-008749-003/2024(H5N1)	677	C	T	502	232	52	24	7	50	0.0456274	526	2.6445e-10	TRUE	HA:cds-XAJ25415.1	GCA	A	GTA	V	226
HA|PP755589.1|A/cattle/Texas/24-008749-003/2024(H5N1)	768	T	C	0	0	0	535	261	53	1	535	0	TRUE	HA:cds-XAJ25415.1	CAT	H	CAC	H	256
HA|PP755589.1|A/cattle/Texas/24-008749-003/2024(H5N1)	819	T	C	1	0	38	526	296	50	0.998102	527	0	TRUE	HA:cds-XAJ25415.1	GTT	V	GTC	V	273
HA|PP755589.1|A/cattle/Texas/24-008749-003/2024(H5N1)	834	G	A	2	1	57	549	316	50	0.99637	551	0	TRUE	HA:cds-XAJ25415.1	TCG	S	TCA	S	278
HA|PP755589.1|A/cattle/Texas/24-008749-003/2024(H5N1)	864	C	T	1	0	38	546	316	49	0.998172	547	0	TRUE	HA:cds-XAJ25415.1	GGC	G	GGT	G	288
HA|PP755589.1|A/cattle/Texas/24-008749-003/2024(H5N1)	867	T	C	0	0	0	548	323	49	1	548	0	TRUE	HA:cds-XAJ25415.1	CAT	H	CAC	H	289
HA|PP755589.1|A/cattle/Texas/24-008749-003/2024(H5N1)	921	T	C	0	0	0	501	287	51	1	501	0	TRUE	HA:cds-XAJ25415.1	TTT	F	TTC	F	307
HA|PP755589.1|A/cattle/Texas/24-008749-003/2024(H5N1)	1314	A	C	0	0	0	1328	592	59	0.999248	1329	0	TRUE	HA:cds-XAJ25415.1	ACA	T	ACC	T	438
