REGION	POS	REF	ALT	REF_DP	REF_RV	REF_QUAL	ALT_DP	ALT_RV	ALT_QUAL	ALT_FREQ	TOTAL_DP	PVAL	PASS	GFF_FEATURE	REF_CODON	REF_AA	ALT_CODON	ALT_AA	POS_AA
PB1|PP755595.1|A/cattle/Texas/24-008749-003/2024(H5N1)	16	A	-C	47	9	41	2	0	20	0.0129032	155	0.145248	FALSE	NA	NA	NA	NA	NA	NA
PB1|PP755595.1|A/cattle/Texas/24-008749-003/2024(H5N1)	108	A	G	154	53	46	2	0	34	0.0128205	156	0.113531	FALSE	PB1:cds-XAJ25424.1	ACA	T	ACG	T	36
PB1|PP755595.1|A/cattle/Texas/24-008749-003/2024(H5N1)	108	A	G	154	53	46	2	0	34	0.0128205	156	0.113531	FALSE	PB1-F2:cds-XAJ25425.1	CAG	Q	CGG	R	5
PB1|PP755595.1|A/cattle/Texas/24-008749-003/2024(H5N1)	368	C	T	211	120	43	3	3	34	0.0140187	214	0.0816369	FALSE	PB1:cds-XAJ25424.1	ACC	T	ATC	I	123
PB1|PP755595.1|A/cattle/Texas/24-008749-003/2024(H5N1)	381	G	A	0	0	0	180	107	40	1	180	1.13171e-127	TRUE	PB1:cds-XAJ25424.1	CAG	Q	CAA	Q	127
PB1|PP755595.1|A/cattle/Texas/24-008749-003/2024(H5N1)	578	A	G	181	84	40	2	2	34	0.010929	183	0.165576	FALSE	PB1:cds-XAJ25424.1	GAC	D	GGC	G	193
PB1|PP755595.1|A/cattle/Texas/24-008749-003/2024(H5N1)	729	A	T	191	108	41	2	0	30	0.0103093	194	0.180976	FALSE	PB1:cds-XAJ25424.1	ACA	T	ACT	T	243
PB1|PP755595.1|A/cattle/Texas/24-008749-003/2024(H5N1)	879	G	A	0	0	0	195	110	45	1	195	2.49521e-140	TRUE	PB1:cds-XAJ25424.1	TCG	S	TCA	S	293
PB1|PP755595.1|A/cattle/Texas/24-008749-003/2024(H5N1)	945	T	C	0	0	0	201	107	42	1	201	1.15634e-137	TRUE	PB1:cds-XAJ25424.1	CCT	P	CCC	P	315
PB1|PP755595.1|A/cattle/Texas/24-008749-003/2024(H5N1)	1254	T	C	327	147	40	4	0	40	0.0120846	331	0.0379572	FALSE	PB1:cds-XAJ25424.1	GTT	V	GTC	V	418
PB1|PP755595.1|A/cattle/Texas/24-008749-003/2024(H5N1)	1524	G	A	0	0	0	1058	484	48	1	1058	0	TRUE	PB1:cds-XAJ25424.1	GAG	E	GAA	E	508
PB1|PP755595.1|A/cattle/Texas/24-008749-003/2024(H5N1)	1772	T	C	1134	523	41	36	8	47	0.0307692	1170	2.51033e-14	TRUE	PB1:cds-XAJ25424.1	GTC	V	GCC	A	591
PB1|PP755595.1|A/cattle/Texas/24-008749-003/2024(H5N1)	1800	T	C	781	330	43	401	178	43	0.339255	1182	4.40148e-173	TRUE	PB1:cds-XAJ25424.1	AAT	N	AAC	N	600
PB1|PP755595.1|A/cattle/Texas/24-008749-003/2024(H5N1)	1919	T	C	1238	643	42	32	11	38	0.0251969	1270	1.11987e-11	TRUE	PB1:cds-XAJ25424.1	GTG	V	GCG	A	640
PB1|PP755595.1|A/cattle/Texas/24-008749-003/2024(H5N1)	1944	T	C	1233	597	39	16	13	37	0.0128102	1249	1.67714e-05	TRUE	PB1:cds-XAJ25424.1	GCT	A	GCC	A	648
