REGION	POS	REF	ALT	REF_DP	REF_RV	REF_QUAL	ALT_DP	ALT_RV	ALT_QUAL	ALT_FREQ	TOTAL_DP	PVAL	PASS	GFF_FEATURE	REF_CODON	REF_AA	ALT_CODON	ALT_AA	POS_AA
NP|PP755592.1|A/cattle/Texas/24-008749-003/2024(H5N1)	33	A	G	2851	418	34	69	8	34	0.023622	2921	5.49124e-41	TRUE	NP:cds-XAJ25419.1	GAA	E	GAG	E	11
NP|PP755592.1|A/cattle/Texas/24-008749-003/2024(H5N1)	126	G	A	12819	3430	36	317	61	36	0.0241322	13136	2.68496e-95	TRUE	NP:cds-XAJ25419.1	CAG	Q	CAA	Q	42
NP|PP755592.1|A/cattle/Texas/24-008749-003/2024(H5N1)	355	A	G	0	0	0	17612	9768	36	0.99983	17615	0	TRUE	NP:cds-XAJ25419.1	ATT	I	GTT	V	119
NP|PP755592.1|A/cattle/Texas/24-008749-003/2024(H5N1)	474	A	G	17547	9180	35	1667	1096	34	0.0867461	19217	0	TRUE	NP:cds-XAJ25419.1	GGA	G	GGG	G	158
NP|PP755592.1|A/cattle/Texas/24-008749-003/2024(H5N1)	498	G	A	2	0	34	18447	7893	35	0.999837	18450	0	TRUE	NP:cds-XAJ25419.1	CTG	L	CTA	L	166
NP|PP755592.1|A/cattle/Texas/24-008749-003/2024(H5N1)	870	C	T	0	0	0	17649	9755	35	1	17649	0	TRUE	NP:cds-XAJ25419.1	GAC	D	GAT	D	290
NP|PP755592.1|A/cattle/Texas/24-008749-003/2024(H5N1)	888	C	T	14670	6795	35	5131	2235	35	0.259128	19801	0	TRUE	NP:cds-XAJ25419.1	TAC	Y	TAT	Y	296
NP|PP755592.1|A/cattle/Texas/24-008749-003/2024(H5N1)	1014	T	C	4	1	33	18234	8921	37	0.999781	18238	0	TRUE	NP:cds-XAJ25419.1	TTT	F	TTC	F	338
NP|PP755592.1|A/cattle/Texas/24-008749-003/2024(H5N1)	1092	G	A	2	0	34	18287	9182	36	0.999836	18290	0	TRUE	NP:cds-XAJ25419.1	CAG	Q	CAA	Q	364
NP|PP755592.1|A/cattle/Texas/24-008749-003/2024(H5N1)	1308	A	G	14723	9001	37	498	331	36	0.0327072	15226	3.37957e-140	TRUE	NP:cds-XAJ25419.1	AGA	R	AGG	R	436
