REGION	POS	REF	ALT	REF_DP	REF_RV	REF_QUAL	ALT_DP	ALT_RV	ALT_QUAL	ALT_FREQ	TOTAL_DP	PVAL	PASS	GFF_FEATURE	REF_CODON	REF_AA	ALT_CODON	ALT_AA	POS_AA
MP|PP755590.1|A/cattle/Texas/24-008749-003/2024(H5N1)	245	G	A	10	6	37	39894	15903	38	0.999699	39906	0	TRUE	M1:cds-XAJ25416.1	AGT	S	AAT	N	82
MP|PP755590.1|A/cattle/Texas/24-008749-003/2024(H5N1)	449	C	T	22680	10507	37	22133	10868	37	0.493853	44817	0	TRUE	M1:cds-XAJ25416.1	ACC	T	ATC	I	150
MP|PP755590.1|A/cattle/Texas/24-008749-003/2024(H5N1)	552	T	C	46785	25203	37	1752	740	36	0.0360932	48541	0	TRUE	M1:cds-XAJ25416.1	ACT	T	ACC	T	184
MP|PP755590.1|A/cattle/Texas/24-008749-003/2024(H5N1)	842	T	C	6774	5855	36	30735	26140	38	0.819294	37514	0	TRUE	M2:cds-XAJ25417.1	TAT	Y	CAT	H	43
