REGION	POS	REF	ALT	REF_DP	REF_RV	REF_QUAL	ALT_DP	ALT_RV	ALT_QUAL	ALT_FREQ	TOTAL_DP	PVAL	PASS	GFF_FEATURE	REF_CODON	REF_AA	ALT_CODON	ALT_AA	POS_AA
NS|PP755593.1|A/cattle/Texas/24-008749-003/2024(H5N1)	168	G	A	23469	11245	38	2974	1188	37	0.112439	26450	0	TRUE	NS1:cds-XAJ25420.1	ACG	T	ACA	T	56
NS|PP755593.1|A/cattle/Texas/24-008749-003/2024(H5N1)	199	A	G	4	2	43	28361	13048	37	0.998732	28397	0	TRUE	NS1:cds-XAJ25420.1	AGG	R	GGG	G	67
NS|PP755593.1|A/cattle/Texas/24-008749-003/2024(H5N1)	205	C	A	29771	14461	38	301	174	36	0.0100073	30078	3.64603e-64	TRUE	NS1:cds-XAJ25420.1	CTG	L	ATG	M	69
NS|PP755593.1|A/cattle/Texas/24-008749-003/2024(H5N1)	222	T	C	4	2	34	30107	15600	38	0.999867	30111	0	TRUE	NS1:cds-XAJ25420.1	GAT	D	GAC	D	74
