REGION	POS	REF	ALT	REF_DP	REF_RV	REF_QUAL	ALT_DP	ALT_RV	ALT_QUAL	ALT_FREQ	TOTAL_DP	PVAL	PASS	GFF_FEATURE	REF_CODON	REF_AA	ALT_CODON	ALT_AA	POS_AA
MP|PP755590.1|A/cattle/Texas/24-008749-003/2024(H5N1)	245	G	A	3	0	29	27201	11167	37	0.999706	27209	0	TRUE	M1:cds-XAJ25416.1	AGT	S	AAT	N	82
MP|PP755590.1|A/cattle/Texas/24-008749-003/2024(H5N1)	477	T	C	27551	13762	37	1987	917	36	0.067267	29539	0	TRUE	M1:cds-XAJ25416.1	CAT	H	CAC	H	159
MP|PP755590.1|A/cattle/Texas/24-008749-003/2024(H5N1)	501	C	A	28884	14385	37	774	444	33	0.0260896	29667	3.29057e-205	TRUE	M1:cds-XAJ25416.1	ACC	T	ACA	T	167
MP|PP755590.1|A/cattle/Texas/24-008749-003/2024(H5N1)	582	A	T	29718	13003	37	1055	434	35	0.0342722	30783	1.60751e-291	TRUE	M1:cds-XAJ25416.1	GGA	G	GGT	G	194
