REGION	POS	REF	ALT	REF_DP	REF_RV	REF_QUAL	ALT_DP	ALT_RV	ALT_QUAL	ALT_FREQ	TOTAL_DP	PVAL	PASS	GFF_FEATURE	REF_CODON	REF_AA	ALT_CODON	ALT_AA	POS_AA
HA|PP755589.1|A/cattle/Texas/24-008749-003/2024(H5N1)	311	A	G	0	0	0	1997	838	36	1	1997	0	TRUE	HA:cds-XAJ25415.1	GAC	D	GGC	G	104
HA|PP755589.1|A/cattle/Texas/24-008749-003/2024(H5N1)	393	G	A	2292	985	38	33	8	34	0.0141935	2325	1.72608e-09	TRUE	HA:cds-XAJ25415.1	CAG	Q	CAA	Q	131
HA|PP755589.1|A/cattle/Texas/24-008749-003/2024(H5N1)	439	G	A	1	0	34	2217	1219	38	0.999549	2218	0	TRUE	HA:cds-XAJ25415.1	GTG	V	ATG	M	147
HA|PP755589.1|A/cattle/Texas/24-008749-003/2024(H5N1)	483	A	G	2035	1187	35	23	11	39	0.0111759	2058	1.25178e-06	TRUE	HA:cds-XAJ25415.1	AGA	R	AGG	R	161
HA|PP755589.1|A/cattle/Texas/24-008749-003/2024(H5N1)	651	G	A	1	1	34	2386	1026	36	0.999162	2388	0	TRUE	HA:cds-XAJ25415.1	GGG	G	GGA	G	217
HA|PP755589.1|A/cattle/Texas/24-008749-003/2024(H5N1)	675	G	A	5	2	34	2400	1039	36	0.997092	2407	0	TRUE	HA:cds-XAJ25415.1	TTG	L	TTA	L	225
HA|PP755589.1|A/cattle/Texas/24-008749-003/2024(H5N1)	1007	G	A	0	0	0	2371	1338	37	1	2371	0	TRUE	HA:cds-XAJ25415.1	AGT	S	AAT	N	336
HA|PP755589.1|A/cattle/Texas/24-008749-003/2024(H5N1)	1416	G	A	5409	3033	36	64	29	35	0.0116938	5473	2.6142e-15	TRUE	HA:cds-XAJ25415.1	AGG	R	AGA	R	472
HA|PP755589.1|A/cattle/Texas/24-008749-003/2024(H5N1)	1482	G	A	4973	2746	37	95	44	36	0.0187377	5070	4.13427e-26	TRUE	HA:cds-XAJ25415.1	ATG	M	ATA	I	494
