REGION	POS	REF	ALT	REF_DP	REF_RV	REF_QUAL	ALT_DP	ALT_RV	ALT_QUAL	ALT_FREQ	TOTAL_DP	PVAL	PASS	GFF_FEATURE	REF_CODON	REF_AA	ALT_CODON	ALT_AA	POS_AA
HA|PP755589.1|A/cattle/Texas/24-008749-003/2024(H5N1)	4	G	A	30	3	35	43	0	34	0.589041	73	4.17377e-33	TRUE	HA:cds-XAJ25415.1	GAG	E	AAG	K	2
HA|PP755589.1|A/cattle/Texas/24-008749-003/2024(H5N1)	5	A	G	85	3	32	2	0	30	0.0229885	87	0.0165387	FALSE	HA:cds-XAJ25415.1	GAG	E	GGG	G	2
HA|PP755589.1|A/cattle/Texas/24-008749-003/2024(H5N1)	42	T	C	741	56	36	82	8	33	0.0996355	823	3.13881e-41	TRUE	HA:cds-XAJ25415.1	GTT	V	GTC	V	14
HA|PP755589.1|A/cattle/Texas/24-008749-003/2024(H5N1)	84	G	T	1300	139	36	31	4	43	0.0232908	1331	1.43014e-14	TRUE	HA:cds-XAJ25415.1	TCG	S	TCT	S	28
HA|PP755589.1|A/cattle/Texas/24-008749-003/2024(H5N1)	311	A	G	0	0	0	2606	1119	35	1	2606	0	TRUE	HA:cds-XAJ25415.1	GAC	D	GGC	G	104
HA|PP755589.1|A/cattle/Texas/24-008749-003/2024(H5N1)	651	G	A	5	2	34	3086	1286	35	0.99806	3092	0	TRUE	HA:cds-XAJ25415.1	GGG	G	GGA	G	217
HA|PP755589.1|A/cattle/Texas/24-008749-003/2024(H5N1)	675	G	A	0	0	0	2926	1197	34	0.999658	2927	0	TRUE	HA:cds-XAJ25415.1	TTG	L	TTA	L	225
HA|PP755589.1|A/cattle/Texas/24-008749-003/2024(H5N1)	909	T	C	1767	1042	34	1415	686	34	0.444689	3182	0	TRUE	HA:cds-XAJ25415.1	TCT	S	TCC	S	303
HA|PP755589.1|A/cattle/Texas/24-008749-003/2024(H5N1)	1007	G	A	1	1	34	3126	1630	36	0.99968	3127	0	TRUE	HA:cds-XAJ25415.1	AGT	S	AAT	N	336
HA|PP755589.1|A/cattle/Texas/24-008749-003/2024(H5N1)	1104	G	A	3764	1678	35	98	29	34	0.0253755	3862	1.371e-26	TRUE	HA:cds-XAJ25415.1	GGG	G	GGA	G	368
HA|PP755589.1|A/cattle/Texas/24-008749-003/2024(H5N1)	1173	T	C	908	291	36	5272	1107	36	0.853074	6180	0	TRUE	HA:cds-XAJ25415.1	GAT	D	GAC	D	391
HA|PP755589.1|A/cattle/Texas/24-008749-003/2024(H5N1)	1476	A	G	5957	3649	35	177	105	36	0.0288556	6134	1.66454e-50	TRUE	HA:cds-XAJ25415.1	GAA	E	GAG	E	492
HA|PP755589.1|A/cattle/Texas/24-008749-003/2024(H5N1)	1519	T	C	6235	3836	37	81	46	40	0.0128246	6316	2.17793e-28	TRUE	HA:cds-XAJ25415.1	TAT	Y	CAT	H	507
HA|PP755589.1|A/cattle/Texas/24-008749-003/2024(H5N1)	1532	C	T	6018	3832	38	74	45	38	0.0121471	6092	3.49606e-18	TRUE	HA:cds-XAJ25415.1	GCA	A	GTA	V	511
