REGION	POS	REF	ALT	REF_DP	REF_RV	REF_QUAL	ALT_DP	ALT_RV	ALT_QUAL	ALT_FREQ	TOTAL_DP	PVAL	PASS	GFF_FEATURE	REF_CODON	REF_AA	ALT_CODON	ALT_AA	POS_AA
NS|PP755593.1|A/cattle/Texas/24-008749-003/2024(H5N1)	178	G	A	5	4	34	3545	2098	41	0.997748	3553	0	TRUE	NS1:cds-XAJ25420.1	GCT	A	ACT	T	60
NS|PP755593.1|A/cattle/Texas/24-008749-003/2024(H5N1)	199	A	G	0	0	0	3598	1867	41	1	3598	0	TRUE	NS1:cds-XAJ25420.1	AGG	R	GGG	G	67
NS|PP755593.1|A/cattle/Texas/24-008749-003/2024(H5N1)	202	A	G	3189	1598	42	449	231	41	0.123386	3639	2.24734e-172	TRUE	NS1:cds-XAJ25420.1	ATT	I	GTT	V	68
NS|PP755593.1|A/cattle/Texas/24-008749-003/2024(H5N1)	222	T	C	0	0	0	3605	2004	44	1	3605	0	TRUE	NS1:cds-XAJ25420.1	GAT	D	GAC	D	74
NS|PP755593.1|A/cattle/Texas/24-008749-003/2024(H5N1)	486	A	G	2	1	51	3135	1609	44	0.999044	3138	0	TRUE	NS1:cds-XAJ25420.1	CCA	P	CCG	P	162
NS|PP755593.1|A/cattle/Texas/24-008749-003/2024(H5N1)	552	A	G	1	1	34	3077	1512	43	0.99935	3079	0	TRUE	NEP:cds-XAJ25421.1	GAC	D	GGC	G	17
NS|PP755593.1|A/cattle/Texas/24-008749-003/2024(H5N1)	552	A	G	1	1	34	3077	1512	43	0.99935	3079	0	TRUE	NS1:cds-XAJ25420.1	GGA	G	GGG	G	184
