REGION	POS	REF	ALT	REF_DP	REF_RV	REF_QUAL	ALT_DP	ALT_RV	ALT_QUAL	ALT_FREQ	TOTAL_DP	PVAL	PASS	GFF_FEATURE	REF_CODON	REF_AA	ALT_CODON	ALT_AA	POS_AA
PA|PP755594.1|A/cattle/Texas/24-008749-003/2024(H5N1)	8	A	G	73	8	33	1	0	34	0.0135135	74	0.11746	FALSE	PA:cds-XAJ25422.1	GAC	D	GGC	G	3
PA|PP755594.1|A/cattle/Texas/24-008749-003/2024(H5N1)	8	A	G	73	8	33	1	0	34	0.0135135	74	0.11746	FALSE	PA-X:cds-XAJ25423.1	GAC	D	GGC	G	3
PA|PP755594.1|A/cattle/Texas/24-008749-003/2024(H5N1)	298	G	A	0	0	0	868	327	33	1	868	0	TRUE	PA:cds-XAJ25422.1	GTC	V	ATC	I	100
PA|PP755594.1|A/cattle/Texas/24-008749-003/2024(H5N1)	298	G	A	0	0	0	868	327	33	1	868	0	TRUE	PA-X:cds-XAJ25423.1	GTC	V	ATC	I	100
PA|PP755594.1|A/cattle/Texas/24-008749-003/2024(H5N1)	618	A	G	0	0	0	1155	468	33	1	1155	0	TRUE	PA:cds-XAJ25422.1	GAA	E	GAG	E	206
PA|PP755594.1|A/cattle/Texas/24-008749-003/2024(H5N1)	618	A	G	0	0	0	1155	468	33	1	1155	0	TRUE	PA-X:cds-XAJ25423.1	AAA	K	AGA	R	16
PA|PP755594.1|A/cattle/Texas/24-008749-003/2024(H5N1)	795	A	G	0	0	0	1193	727	33	1	1193	0	TRUE	PA:cds-XAJ25422.1	CCA	P	CCG	P	265
PA|PP755594.1|A/cattle/Texas/24-008749-003/2024(H5N1)	1164	C	T	0	0	0	1146	717	33	1	1146	0	TRUE	PA:cds-XAJ25422.1	AGC	S	AGT	S	388
PA|PP755594.1|A/cattle/Texas/24-008749-003/2024(H5N1)	1872	A	G	2	2	30	1341	788	33	0.998511	1343	0	TRUE	PA:cds-XAJ25422.1	TCA	S	TCG	S	624
