REGION	POS	REF	ALT	REF_DP	REF_RV	REF_QUAL	ALT_DP	ALT_RV	ALT_QUAL	ALT_FREQ	TOTAL_DP	PVAL	PASS	GFF_FEATURE	REF_CODON	REF_AA	ALT_CODON	ALT_AA	POS_AA
HA|PP755589.1|A/cattle/Texas/24-008749-003/2024(H5N1)	4	G	A	1	0	34	9	0	34	0.9	10	2.13364e-06	TRUE	HA:cds-XAJ25415.1	GAG	E	AAG	K	2
HA|PP755589.1|A/cattle/Texas/24-008749-003/2024(H5N1)	26	C	T	176	10	36	2	0	34	0.011236	178	0.0839811	FALSE	HA:cds-XAJ25415.1	GCA	A	GTA	V	9
HA|PP755589.1|A/cattle/Texas/24-008749-003/2024(H5N1)	191	A	G	669	306	38	8	6	42	0.0118168	677	0.00180461	TRUE	HA:cds-XAJ25415.1	AAG	K	AGG	R	64
HA|PP755589.1|A/cattle/Texas/24-008749-003/2024(H5N1)	270	G	A	656	317	37	54	22	35	0.0759494	711	3.71482e-19	TRUE	HA:cds-XAJ25415.1	CCG	P	CCA	P	90
HA|PP755589.1|A/cattle/Texas/24-008749-003/2024(H5N1)	295	G	T	590	270	36	147	39	36	0.199457	737	7.14222e-54	TRUE	HA:cds-XAJ25415.1	GCT	A	TCT	S	99
HA|PP755589.1|A/cattle/Texas/24-008749-003/2024(H5N1)	311	A	G	0	0	0	741	307	36	1	741	0	TRUE	HA:cds-XAJ25415.1	GAC	D	GGC	G	104
HA|PP755589.1|A/cattle/Texas/24-008749-003/2024(H5N1)	427	A	C	805	449	38	12	4	35	0.014652	819	9.58484e-05	TRUE	HA:cds-XAJ25415.1	ACA	T	CCA	P	143
HA|PP755589.1|A/cattle/Texas/24-008749-003/2024(H5N1)	439	G	A	706	386	38	178	97	37	0.20113	885	2.43753e-64	TRUE	HA:cds-XAJ25415.1	GTG	V	ATG	M	147
HA|PP755589.1|A/cattle/Texas/24-008749-003/2024(H5N1)	651	G	A	1	1	34	790	353	35	0.997475	792	0	TRUE	HA:cds-XAJ25415.1	GGG	G	GGA	G	217
HA|PP755589.1|A/cattle/Texas/24-008749-003/2024(H5N1)	675	G	A	0	0	0	821	354	35	1	821	0	TRUE	HA:cds-XAJ25415.1	TTG	L	TTA	L	225
HA|PP755589.1|A/cattle/Texas/24-008749-003/2024(H5N1)	1007	G	A	0	0	0	830	474	36	1	830	0	TRUE	HA:cds-XAJ25415.1	AGT	S	AAT	N	336
HA|PP755589.1|A/cattle/Texas/24-008749-003/2024(H5N1)	1173	T	C	0	0	0	1577	404	37	1	1577	0	TRUE	HA:cds-XAJ25415.1	GAT	D	GAC	D	391
HA|PP755589.1|A/cattle/Texas/24-008749-003/2024(H5N1)	1176	A	G	1403	376	38	224	42	35	0.137592	1628	1.66111e-77	TRUE	HA:cds-XAJ25415.1	GGA	G	GGG	G	392
