REGION	POS	REF	ALT	REF_DP	REF_RV	REF_QUAL	ALT_DP	ALT_RV	ALT_QUAL	ALT_FREQ	TOTAL_DP	PVAL	PASS	GFF_FEATURE	REF_CODON	REF_AA	ALT_CODON	ALT_AA	POS_AA
NS|PP755593.1|A/cattle/Texas/24-008749-003/2024(H5N1)	12	C	T	3785	209	35	39	0	35	0.0101987	3824	3.67972e-14	TRUE	NEP:cds-XAJ25421.1	AAC	N	AAT	N	4
NS|PP755593.1|A/cattle/Texas/24-008749-003/2024(H5N1)	12	C	T	3785	209	35	39	0	35	0.0101987	3824	3.67972e-14	TRUE	NS1:cds-XAJ25420.1	AAC	N	AAT	N	4
NS|PP755593.1|A/cattle/Texas/24-008749-003/2024(H5N1)	199	A	G	3	0	28	15443	5989	36	0.999741	15447	0	TRUE	NS1:cds-XAJ25420.1	AGG	R	GGG	G	67
NS|PP755593.1|A/cattle/Texas/24-008749-003/2024(H5N1)	222	T	C	8	6	38	16868	7822	37	0.999348	16879	0	TRUE	NS1:cds-XAJ25420.1	GAT	D	GAC	D	74
NS|PP755593.1|A/cattle/Texas/24-008749-003/2024(H5N1)	387	A	G	645	241	36	18890	8744	36	0.966883	19537	0	TRUE	NS1:cds-XAJ25420.1	ATA	I	ATG	M	129
NS|PP755593.1|A/cattle/Texas/24-008749-003/2024(H5N1)	527	A	T	18182	9344	36	281	138	37	0.0152163	18467	3.5432e-68	TRUE	NEP:cds-XAJ25421.1	ATG	M	TTG	L	9
NS|PP755593.1|A/cattle/Texas/24-008749-003/2024(H5N1)	527	A	T	18182	9344	36	281	138	37	0.0152163	18467	3.5432e-68	TRUE	NS1:cds-XAJ25420.1	AAT	N	ATT	I	176
