REGION	POS	REF	ALT	REF_DP	REF_RV	REF_QUAL	ALT_DP	ALT_RV	ALT_QUAL	ALT_FREQ	TOTAL_DP	PVAL	PASS	GFF_FEATURE	REF_CODON	REF_AA	ALT_CODON	ALT_AA	POS_AA
NS|PP755593.1|A/cattle/Texas/24-008749-003/2024(H5N1)	114	A	G	34970	9096	33	657	153	33	0.0184411	35627	2.63469e-187	TRUE	NS1:cds-XAJ25420.1	CGA	R	CGG	R	38
NS|PP755593.1|A/cattle/Texas/24-008749-003/2024(H5N1)	199	A	G	11	9	32	42651	19430	33	0.999391	42677	0	TRUE	NS1:cds-XAJ25420.1	AGG	R	GGG	G	67
NS|PP755593.1|A/cattle/Texas/24-008749-003/2024(H5N1)	222	T	C	41	24	33	46585	24063	33	0.999099	46627	0	TRUE	NS1:cds-XAJ25420.1	GAT	D	GAC	D	74
NS|PP755593.1|A/cattle/Texas/24-008749-003/2024(H5N1)	599	G	A	38756	21558	33	3970	2148	33	0.0929068	42731	0	TRUE	NEP:cds-XAJ25421.1	GAT	D	AAT	N	33
NS|PP755593.1|A/cattle/Texas/24-008749-003/2024(H5N1)	599	G	A	38756	21558	33	3970	2148	33	0.0929068	42731	0	TRUE	NS1:cds-XAJ25420.1	AGA	R	AAA	K	200
