REGION	POS	REF	ALT	REF_DP	REF_RV	REF_QUAL	ALT_DP	ALT_RV	ALT_QUAL	ALT_FREQ	TOTAL_DP	PVAL	PASS	GFF_FEATURE	REF_CODON	REF_AA	ALT_CODON	ALT_AA	POS_AA
PB1|PP755595.1|A/cattle/Texas/24-008749-003/2024(H5N1)	7	G	A	60	10	33	1	0	34	0.0163934	61	0.116412	FALSE	PB1:cds-XAJ25424.1	GTC	V	ATC	I	3
PB1|PP755595.1|A/cattle/Texas/24-008749-003/2024(H5N1)	29	T	-G	181	31	33	10	0	20	0.016835	594	0.000559884	TRUE	NA	NA	NA	NA	NA	NA
PB1|PP755595.1|A/cattle/Texas/24-008749-003/2024(H5N1)	41	C	T	197	44	33	2	0	34	0.0100503	199	0.0604273	FALSE	PB1:cds-XAJ25424.1	GCG	A	GTG	V	14
PB1|PP755595.1|A/cattle/Texas/24-008749-003/2024(H5N1)	114	T	C	0	0	0	710	219	33	1	710	0	TRUE	PB1:cds-XAJ25424.1	TAT	Y	TAC	Y	38
PB1|PP755595.1|A/cattle/Texas/24-008749-003/2024(H5N1)	114	T	C	0	0	0	710	219	33	1	710	0	TRUE	PB1-F2:cds-XAJ25425.1	ATA	I	ACA	T	7
PB1|PP755595.1|A/cattle/Texas/24-008749-003/2024(H5N1)	173	A	C	435	273	31	5	0	30	0.0113636	440	0.00424272	TRUE	PB1:cds-XAJ25424.1	AAC	N	ACC	T	58
PB1|PP755595.1|A/cattle/Texas/24-008749-003/2024(H5N1)	173	A	C	435	273	31	5	0	30	0.0113636	440	0.00424272	TRUE	PB1-F2:cds-XAJ25425.1	ACT	T	CCT	P	27
PB1|PP755595.1|A/cattle/Texas/24-008749-003/2024(H5N1)	945	T	C	1	1	26	914	518	33	0.998907	915	0	TRUE	PB1:cds-XAJ25424.1	CCT	P	CCC	P	315
PB1|PP755595.1|A/cattle/Texas/24-008749-003/2024(H5N1)	2212	G	-A	1912	1612	33	56	0	20	0.0282686	1981	8.35949e-06	TRUE	NA	NA	NA	NA	NA	NA
PB1|PP755595.1|A/cattle/Texas/24-008749-003/2024(H5N1)	2231	T	-G	1665	1419	33	22	0	20	0.0124858	1762	0.218021	FALSE	NA	NA	NA	NA	NA	NA
