REGION	POS	REF	ALT	REF_DP	REF_RV	REF_QUAL	ALT_DP	ALT_RV	ALT_QUAL	ALT_FREQ	TOTAL_DP	PVAL	PASS	GFF_FEATURE	REF_CODON	REF_AA	ALT_CODON	ALT_AA	POS_AA
MP|PP755590.1|A/cattle/Texas/24-008749-003/2024(H5N1)	245	G	A	1	0	34	19097	8472	39	0.999895	19099	0	TRUE	M1:cds-XAJ25416.1	AGT	S	AAT	N	82
MP|PP755590.1|A/cattle/Texas/24-008749-003/2024(H5N1)	456	A	G	19010	8966	38	354	204	37	0.0182785	19367	1.69704e-92	TRUE	M1:cds-XAJ25416.1	GAA	E	GAG	E	152
MP|PP755590.1|A/cattle/Texas/24-008749-003/2024(H5N1)	664	C	T	20467	9258	39	226	128	35	0.0109216	20693	2.48851e-50	TRUE	M1:cds-XAJ25416.1	CAT	H	TAT	Y	222
MP|PP755590.1|A/cattle/Texas/24-008749-003/2024(H5N1)	673	T	C	22479	9226	38	257	89	37	0.0113017	22740	2.76093e-57	TRUE	M1:cds-XAJ25416.1	TCC	S	CCC	P	225
