REGION	POS	REF	ALT	REF_DP	REF_RV	REF_QUAL	ALT_DP	ALT_RV	ALT_QUAL	ALT_FREQ	TOTAL_DP	PVAL	PASS	GFF_FEATURE	REF_CODON	REF_AA	ALT_CODON	ALT_AA	POS_AA
NP|PP755592.1|A/cattle/Texas/24-008749-003/2024(H5N1)	325	A	G	11267	5764	33	547	294	33	0.046301	11814	1.30116e-150	TRUE	NP:cds-XAJ25419.1	ATC	I	GTC	V	109
NP|PP755592.1|A/cattle/Texas/24-008749-003/2024(H5N1)	355	A	G	1	1	34	11698	6294	33	0.999829	11700	0	TRUE	NP:cds-XAJ25419.1	ATT	I	GTT	V	119
NP|PP755592.1|A/cattle/Texas/24-008749-003/2024(H5N1)	474	A	G	1	1	29	10952	6115	33	0.999726	10955	0	TRUE	NP:cds-XAJ25419.1	GGA	G	GGG	G	158
NP|PP755592.1|A/cattle/Texas/24-008749-003/2024(H5N1)	498	G	A	0	0	0	10811	4893	33	1	10811	0	TRUE	NP:cds-XAJ25419.1	CTG	L	CTA	L	166
NP|PP755592.1|A/cattle/Texas/24-008749-003/2024(H5N1)	870	C	T	2	1	34	10674	5156	33	0.999625	10678	0	TRUE	NP:cds-XAJ25419.1	GAC	D	GAT	D	290
NP|PP755592.1|A/cattle/Texas/24-008749-003/2024(H5N1)	1014	T	C	3	2	34	11395	6149	33	0.999737	11398	0	TRUE	NP:cds-XAJ25419.1	TTT	F	TTC	F	338
NP|PP755592.1|A/cattle/Texas/24-008749-003/2024(H5N1)	1092	G	A	2	1	34	11548	5598	33	0.99974	11551	0	TRUE	NP:cds-XAJ25419.1	CAG	Q	CAA	Q	364
NP|PP755592.1|A/cattle/Texas/24-008749-003/2024(H5N1)	1093	A	G	5960	3124	32	5236	2616	33	0.467625	11197	0	TRUE	NP:cds-XAJ25419.1	ATT	I	GTT	V	365
