REGION	POS	REF	ALT	REF_DP	REF_RV	REF_QUAL	ALT_DP	ALT_RV	ALT_QUAL	ALT_FREQ	TOTAL_DP	PVAL	PASS	GFF_FEATURE	REF_CODON	REF_AA	ALT_CODON	ALT_AA	POS_AA
PA|PP755594.1|A/cattle/Texas/24-008749-003/2024(H5N1)	4	G	T	82	12	33	1	0	34	0.0120482	83	0.0933633	FALSE	PA:cds-XAJ25422.1	GAA	E	TAA	*	2
PA|PP755594.1|A/cattle/Texas/24-008749-003/2024(H5N1)	4	G	T	82	12	33	1	0	34	0.0120482	83	0.0933633	FALSE	PA-X:cds-XAJ25423.1	GAA	E	TAA	*	2
PA|PP755594.1|A/cattle/Texas/24-008749-003/2024(H5N1)	6	A	G	86	12	33	1	0	34	0.0114943	87	0.0970982	FALSE	PA:cds-XAJ25422.1	GAA	E	GAG	E	2
PA|PP755594.1|A/cattle/Texas/24-008749-003/2024(H5N1)	6	A	G	86	12	33	1	0	34	0.0114943	87	0.0970982	FALSE	PA-X:cds-XAJ25423.1	GAA	E	GAG	E	2
PA|PP755594.1|A/cattle/Texas/24-008749-003/2024(H5N1)	144	T	C	1	0	34	1533	690	33	0.998697	1535	0	TRUE	PA:cds-XAJ25422.1	TAT	Y	TAC	Y	48
PA|PP755594.1|A/cattle/Texas/24-008749-003/2024(H5N1)	144	T	C	1	0	34	1533	690	33	0.998697	1535	0	TRUE	PA-X:cds-XAJ25423.1	TAT	Y	TAC	Y	48
PA|PP755594.1|A/cattle/Texas/24-008749-003/2024(H5N1)	202	C	T	1	1	34	1592	914	33	0.999372	1593	0	TRUE	PA:cds-XAJ25422.1	CCA	P	TCA	S	68
PA|PP755594.1|A/cattle/Texas/24-008749-003/2024(H5N1)	202	C	T	1	1	34	1592	914	33	0.999372	1593	0	TRUE	PA-X:cds-XAJ25423.1	CCA	P	TCA	S	68
PA|PP755594.1|A/cattle/Texas/24-008749-003/2024(H5N1)	981	G	A	0	0	0	1652	639	33	1	1652	0	TRUE	PA:cds-XAJ25422.1	GAG	E	GAA	E	327
PA|PP755594.1|A/cattle/Texas/24-008749-003/2024(H5N1)	1294	G	A	0	0	0	2066	1096	33	1	2066	0	TRUE	PA:cds-XAJ25422.1	GTT	V	ATT	I	432
PA|PP755594.1|A/cattle/Texas/24-008749-003/2024(H5N1)	1687	C	T	1	0	34	1910	803	33	0.999477	1911	0	TRUE	PA:cds-XAJ25422.1	CTG	L	TTG	L	563
PA|PP755594.1|A/cattle/Texas/24-008749-003/2024(H5N1)	1923	A	G	131	65	33	1654	966	33	0.926611	1785	0	TRUE	PA:cds-XAJ25422.1	CTA	L	CTG	L	641
PA|PP755594.1|A/cattle/Texas/24-008749-003/2024(H5N1)	1963	C	T	0	0	0	1759	901	33	1	1759	0	TRUE	PA:cds-XAJ25422.1	CTC	L	TTC	F	655
