REGION	POS	REF	ALT	REF_DP	REF_RV	REF_QUAL	ALT_DP	ALT_RV	ALT_QUAL	ALT_FREQ	TOTAL_DP	PVAL	PASS	GFF_FEATURE	REF_CODON	REF_AA	ALT_CODON	ALT_AA	POS_AA
NS|PP755593.1|A/cattle/Texas/24-008749-003/2024(H5N1)	199	A	G	3	2	34	12015	5717	33	0.999584	12020	0	TRUE	NS1:cds-XAJ25420.1	AGG	R	GGG	G	67
NS|PP755593.1|A/cattle/Texas/24-008749-003/2024(H5N1)	222	T	C	0	0	0	14146	8083	33	0.999929	14147	0	TRUE	NS1:cds-XAJ25420.1	GAT	D	GAC	D	74
NS|PP755593.1|A/cattle/Texas/24-008749-003/2024(H5N1)	345	C	T	9671	4754	33	3873	2444	33	0.285957	13544	0	TRUE	NS1:cds-XAJ25420.1	CTC	L	CTT	L	115
NS|PP755593.1|A/cattle/Texas/24-008749-003/2024(H5N1)	492	T	C	12084	6716	33	223	104	32	0.0181168	12309	2.97957e-54	TRUE	NS1:cds-XAJ25420.1	CCT	P	CCC	P	164
NS|PP755593.1|A/cattle/Texas/24-008749-003/2024(H5N1)	685	G	A	11673	6477	33	350	186	32	0.029106	12025	7.70996e-91	TRUE	NEP:cds-XAJ25421.1	CAG	Q	CAA	Q	61
NS|PP755593.1|A/cattle/Texas/24-008749-003/2024(H5N1)	685	G	A	11673	6477	33	350	186	32	0.029106	12025	7.70996e-91	TRUE	NS1:cds-XAJ25420.1	GAA	E	AAA	K	229
