REGION	POS	REF	ALT	REF_DP	REF_RV	REF_QUAL	ALT_DP	ALT_RV	ALT_QUAL	ALT_FREQ	TOTAL_DP	PVAL	PASS	GFF_FEATURE	REF_CODON	REF_AA	ALT_CODON	ALT_AA	POS_AA
PB1|PP755595.1|A/cattle/Texas/24-008749-003/2024(H5N1)	33	A	G	150	12	35	2	0	34	0.0131579	152	0.0554273	FALSE	PB1:cds-XAJ25424.1	AAA	K	AAG	K	11
PB1|PP755595.1|A/cattle/Texas/24-008749-003/2024(H5N1)	486	G	A	1325	402	35	27	9	37	0.0199704	1352	3.14719e-08	TRUE	PB1:cds-XAJ25424.1	AGG	R	AGA	R	162
PB1|PP755595.1|A/cattle/Texas/24-008749-003/2024(H5N1)	945	T	C	0	0	0	1395	834	35	1	1395	0	TRUE	PB1:cds-XAJ25424.1	CCT	P	CCC	P	315
PB1|PP755595.1|A/cattle/Texas/24-008749-003/2024(H5N1)	1137	A	G	1276	610	37	371	195	37	0.225258	1647	5.96294e-133	TRUE	PB1:cds-XAJ25424.1	AAA	K	AAG	K	379
PB1|PP755595.1|A/cattle/Texas/24-008749-003/2024(H5N1)	1185	T	C	1389	743	35	57	29	37	0.0394191	1446	3.17332e-18	TRUE	PB1:cds-XAJ25424.1	CTT	L	CTC	L	395
PB1|PP755595.1|A/cattle/Texas/24-008749-003/2024(H5N1)	1992	C	T	1993	901	36	26	14	33	0.0128777	2019	5.22234e-07	TRUE	PB1:cds-XAJ25424.1	CAC	H	CAT	H	664
PB1|PP755595.1|A/cattle/Texas/24-008749-003/2024(H5N1)	2061	G	A	1672	728	37	69	22	37	0.0396324	1741	2.43385e-22	TRUE	PB1:cds-XAJ25424.1	CAG	Q	CAA	Q	687
