REGION	POS	REF	ALT	REF_DP	REF_RV	REF_QUAL	ALT_DP	ALT_RV	ALT_QUAL	ALT_FREQ	TOTAL_DP	PVAL	PASS	GFF_FEATURE	REF_CODON	REF_AA	ALT_CODON	ALT_AA	POS_AA
HA|PP755589.1|A/cattle/Texas/24-008749-003/2024(H5N1)	4	G	A	0	0	0	23	3	33	1	23	1.13646e-16	TRUE	HA:cds-XAJ25415.1	GAG	E	AAG	K	2
HA|PP755589.1|A/cattle/Texas/24-008749-003/2024(H5N1)	295	G	T	1884	901	33	366	119	32	0.162594	2251	2.25291e-120	TRUE	HA:cds-XAJ25415.1	GCT	A	TCT	S	99
HA|PP755589.1|A/cattle/Texas/24-008749-003/2024(H5N1)	311	A	G	1	0	34	2270	1049	33	0.99956	2271	0	TRUE	HA:cds-XAJ25415.1	GAC	D	GGC	G	104
HA|PP755589.1|A/cattle/Texas/24-008749-003/2024(H5N1)	337	G	A	2444	1099	33	161	59	33	0.0618042	2605	7.83747e-48	TRUE	HA:cds-XAJ25415.1	GAC	D	AAC	N	113
HA|PP755589.1|A/cattle/Texas/24-008749-003/2024(H5N1)	439	G	A	2656	1475	33	83	47	33	0.030303	2739	1.68024e-23	TRUE	HA:cds-XAJ25415.1	GTG	V	ATG	M	147
HA|PP755589.1|A/cattle/Texas/24-008749-003/2024(H5N1)	474	C	T	602	306	33	1718	893	33	0.740517	2320	0	TRUE	HA:cds-XAJ25415.1	TCC	S	TCT	S	158
HA|PP755589.1|A/cattle/Texas/24-008749-003/2024(H5N1)	651	G	A	5	2	34	2631	1191	33	0.997725	2637	0	TRUE	HA:cds-XAJ25415.1	GGG	G	GGA	G	217
HA|PP755589.1|A/cattle/Texas/24-008749-003/2024(H5N1)	675	G	A	3	0	34	2572	1188	32	0.997286	2579	0	TRUE	HA:cds-XAJ25415.1	TTG	L	TTA	L	225
HA|PP755589.1|A/cattle/Texas/24-008749-003/2024(H5N1)	747	A	G	2637	1385	33	47	26	32	0.0175112	2684	7.51009e-13	TRUE	HA:cds-XAJ25415.1	TTA	L	TTG	L	249
HA|PP755589.1|A/cattle/Texas/24-008749-003/2024(H5N1)	760	G	A	2385	1189	33	277	138	33	0.104057	2662	1.25624e-85	TRUE	HA:cds-XAJ25415.1	GCA	A	ACA	T	254
HA|PP755589.1|A/cattle/Texas/24-008749-003/2024(H5N1)	1007	G	A	0	0	0	2944	1575	33	1	2944	0	TRUE	HA:cds-XAJ25415.1	AGT	S	AAT	N	336
HA|PP755589.1|A/cattle/Texas/24-008749-003/2024(H5N1)	1031	A	G	2715	1518	33	45	31	32	0.0162925	2762	2.12805e-12	TRUE	HA:cds-XAJ25415.1	AAA	K	AGA	R	344
HA|PP755589.1|A/cattle/Texas/24-008749-003/2024(H5N1)	1052	T	A	2899	1657	33	34	6	32	0.0115922	2933	3.11314e-08	TRUE	HA:cds-XAJ25415.1	ATA	I	AAA	K	351
HA|PP755589.1|A/cattle/Texas/24-008749-003/2024(H5N1)	1173	T	C	2	0	34	7810	2170	33	0.999744	7812	0	TRUE	HA:cds-XAJ25415.1	GAT	D	GAC	D	391
