REGION	POS	REF	ALT	REF_DP	REF_RV	REF_QUAL	ALT_DP	ALT_RV	ALT_QUAL	ALT_FREQ	TOTAL_DP	PVAL	PASS	GFF_FEATURE	REF_CODON	REF_AA	ALT_CODON	ALT_AA	POS_AA
HA|PP755589.1|A/cattle/Texas/24-008749-003/2024(H5N1)	13	G	T	0	0	0	126	32	46	1	126	1.70245e-149	TRUE	HA:cds-XAJ25415.1	GTA	V	TTA	L	5
HA|PP755589.1|A/cattle/Texas/24-008749-003/2024(H5N1)	28	A	G	188	65	52	2	1	56	0.0105263	190	0.0445807	FALSE	HA:cds-XAJ25415.1	ATA	I	GTA	V	10
HA|PP755589.1|A/cattle/Texas/24-008749-003/2024(H5N1)	295	G	T	0	0	0	695	324	57	1	695	0	TRUE	HA:cds-XAJ25415.1	GCT	A	TCT	S	99
HA|PP755589.1|A/cattle/Texas/24-008749-003/2024(H5N1)	467	C	T	0	0	0	681	313	58	1	681	0	TRUE	HA:cds-XAJ25415.1	GCA	A	GTA	V	156
HA|PP755589.1|A/cattle/Texas/24-008749-003/2024(H5N1)	651	G	A	0	0	0	732	347	62	1	732	0	TRUE	HA:cds-XAJ25415.1	GGG	G	GGA	G	217
HA|PP755589.1|A/cattle/Texas/24-008749-003/2024(H5N1)	700	C	A	743	385	65	27	16	58	0.0349741	772	9.66007e-13	TRUE	HA:cds-XAJ25415.1	CAA	Q	AAA	K	234
HA|PP755589.1|A/cattle/Texas/24-008749-003/2024(H5N1)	816	T	C	746	393	60	21	10	58	0.0273794	767	1.07236e-09	TRUE	HA:cds-XAJ25415.1	ATT	I	ATC	I	272
HA|PP755589.1|A/cattle/Texas/24-008749-003/2024(H5N1)	819	T	C	0	0	0	766	404	59	1	766	0	TRUE	HA:cds-XAJ25415.1	GTT	V	GTC	V	273
HA|PP755589.1|A/cattle/Texas/24-008749-003/2024(H5N1)	834	G	A	0	0	0	770	429	59	1	770	0	TRUE	HA:cds-XAJ25415.1	TCG	S	TCA	S	278
HA|PP755589.1|A/cattle/Texas/24-008749-003/2024(H5N1)	846	A	G	2	1	50	765	409	58	0.997392	767	0	TRUE	HA:cds-XAJ25415.1	AAA	K	AAG	K	282
HA|PP755589.1|A/cattle/Texas/24-008749-003/2024(H5N1)	867	T	C	3	1	49	769	387	58	0.996114	772	0	TRUE	HA:cds-XAJ25415.1	CAT	H	CAC	H	289
HA|PP755589.1|A/cattle/Texas/24-008749-003/2024(H5N1)	921	T	C	1	1	33	772	392	60	0.997416	774	0	TRUE	HA:cds-XAJ25415.1	TTT	F	TTC	F	307
HA|PP755589.1|A/cattle/Texas/24-008749-003/2024(H5N1)	1314	A	C	2	2	56	2021	950	64	0.999011	2023	0	TRUE	HA:cds-XAJ25415.1	ACA	T	ACC	T	438
