REGION	POS	REF	ALT	REF_DP	REF_RV	REF_QUAL	ALT_DP	ALT_RV	ALT_QUAL	ALT_FREQ	TOTAL_DP	PVAL	PASS	GFF_FEATURE	REF_CODON	REF_AA	ALT_CODON	ALT_AA	POS_AA
NA|PP755591.1|A/cattle/Texas/24-008749-003/2024(H5N1)	145	T	A	2572	782	33	59	20	33	0.0224164	2632	3.544e-16	TRUE	NA:cds-XAJ25418.1	TGC	C	AGC	S	49
NA|PP755591.1|A/cattle/Texas/24-008749-003/2024(H5N1)	155	G	A	2806	981	33	32	9	32	0.0112755	2838	1.61823e-08	TRUE	NA:cds-XAJ25418.1	AGC	S	AAC	N	52
NA|PP755591.1|A/cattle/Texas/24-008749-003/2024(H5N1)	318	A	G	3225	1474	33	126	85	31	0.0376007	3351	3.02608e-35	TRUE	NA:cds-XAJ25418.1	ATA	I	ATG	M	106
NA|PP755591.1|A/cattle/Texas/24-008749-003/2024(H5N1)	507	G	A	3574	1631	33	361	149	33	0.0917408	3935	4.89813e-108	TRUE	NA:cds-XAJ25418.1	CCG	P	CCA	P	169
NA|PP755591.1|A/cattle/Texas/24-008749-003/2024(H5N1)	571	T	C	0	0	0	3391	1592	33	1	3391	0	TRUE	NA:cds-XAJ25418.1	TTG	L	CTG	L	191
NA|PP755591.1|A/cattle/Texas/24-008749-003/2024(H5N1)	629	G	A	3613	1743	33	60	31	33	0.0163354	3673	1.34743e-15	TRUE	NA:cds-XAJ25418.1	GGC	G	GAC	D	210
NA|PP755591.1|A/cattle/Texas/24-008749-003/2024(H5N1)	708	C	A	3305	1766	33	130	71	33	0.0377907	3440	2.57759e-36	TRUE	NA:cds-XAJ25418.1	GGC	G	GGA	G	236
NA|PP755591.1|A/cattle/Texas/24-008749-003/2024(H5N1)	927	T	C	3477	1693	33	395	192	32	0.101962	3874	4.16842e-123	TRUE	NA:cds-XAJ25418.1	AAT	N	AAC	N	309
NA|PP755591.1|A/cattle/Texas/24-008749-003/2024(H5N1)	960	G	A	4308	1628	33	206	85	32	0.0456358	4514	7.17571e-58	TRUE	NA:cds-XAJ25418.1	GGG	G	GGA	G	320
NA|PP755591.1|A/cattle/Texas/24-008749-003/2024(H5N1)	995	C	T	4396	1798	33	180	74	33	0.0393357	4576	1.7419e-50	TRUE	NA:cds-XAJ25418.1	ACA	T	ATA	I	332
NA|PP755591.1|A/cattle/Texas/24-008749-003/2024(H5N1)	1185	A	G	0	0	0	4367	2539	33	1	4367	0	TRUE	NA:cds-XAJ25418.1	GAA	E	GAG	E	395
NA|PP755591.1|A/cattle/Texas/24-008749-003/2024(H5N1)	1289	G	C	2896	1481	32	51	51	27	0.0173057	2947	0.0032257	TRUE	NA:cds-XAJ25418.1	AGG	R	ACG	T	430
