REGION	POS	REF	ALT	REF_DP	REF_RV	REF_QUAL	ALT_DP	ALT_RV	ALT_QUAL	ALT_FREQ	TOTAL_DP	PVAL	PASS	GFF_FEATURE	REF_CODON	REF_AA	ALT_CODON	ALT_AA	POS_AA
PA|PP755594.1|A/cattle/Texas/24-008749-003/2024(H5N1)	144	T	C	2243	1017	29	59	27	30	0.0256076	2304	5.42334e-16	TRUE	PA:cds-XAJ25422.1	TAT	Y	TAC	Y	48
PA|PP755594.1|A/cattle/Texas/24-008749-003/2024(H5N1)	144	T	C	2243	1017	29	59	27	30	0.0256076	2304	5.42334e-16	TRUE	PA-X:cds-XAJ25423.1	TAT	Y	TAC	Y	48
PA|PP755594.1|A/cattle/Texas/24-008749-003/2024(H5N1)	432	T	C	2331	1347	30	83	37	30	0.0343685	2415	4.31034e-23	TRUE	PA:cds-XAJ25422.1	CAT	H	CAC	H	144
PA|PP755594.1|A/cattle/Texas/24-008749-003/2024(H5N1)	432	T	C	2331	1347	30	83	37	30	0.0343685	2415	4.31034e-23	TRUE	PA-X:cds-XAJ25423.1	CAT	H	CAC	H	144
PA|PP755594.1|A/cattle/Texas/24-008749-003/2024(H5N1)	835	C	A	2376	1283	29	77	44	29	0.031339	2457	4.08115e-08	TRUE	PA:cds-XAJ25422.1	CGG	R	AGG	R	279
PA|PP755594.1|A/cattle/Texas/24-008749-003/2024(H5N1)	981	G	A	2	0	30	2242	728	29	0.998664	2245	0	TRUE	PA:cds-XAJ25422.1	GAG	E	GAA	E	327
PA|PP755594.1|A/cattle/Texas/24-008749-003/2024(H5N1)	1044	T	C	2563	1228	29	150	85	30	0.0551065	2722	1.75777e-43	TRUE	PA:cds-XAJ25422.1	ATT	I	ATC	I	348
PA|PP755594.1|A/cattle/Texas/24-008749-003/2024(H5N1)	1153	A	G	2414	1527	29	112	90	30	0.0443213	2527	9.16721e-32	TRUE	PA:cds-XAJ25422.1	AAA	K	GAA	E	385
PA|PP755594.1|A/cattle/Texas/24-008749-003/2024(H5N1)	1294	G	A	3	1	30	2919	1501	30	0.998632	2923	0	TRUE	PA:cds-XAJ25422.1	GTT	V	ATT	I	432
PA|PP755594.1|A/cattle/Texas/24-008749-003/2024(H5N1)	1321	G	A	2343	1268	30	182	75	30	0.0720792	2525	2.35366e-53	TRUE	PA:cds-XAJ25422.1	GTG	V	ATG	M	441
PA|PP755594.1|A/cattle/Texas/24-008749-003/2024(H5N1)	1716	G	A	2617	1053	30	45	16	30	0.0168982	2663	6.75811e-12	TRUE	PA:cds-XAJ25422.1	AAG	K	AAA	K	572
