REGION	POS	REF	ALT	REF_DP	REF_RV	REF_QUAL	ALT_DP	ALT_RV	ALT_QUAL	ALT_FREQ	TOTAL_DP	PVAL	PASS	GFF_FEATURE	REF_CODON	REF_AA	ALT_CODON	ALT_AA	POS_AA
NP|PP755592.1|A/cattle/Texas/24-008749-003/2024(H5N1)	355	A	G	0	0	0	3168	1691	33	1	3168	0	TRUE	NP:cds-XAJ25419.1	ATT	I	GTT	V	119
NP|PP755592.1|A/cattle/Texas/24-008749-003/2024(H5N1)	498	G	A	1	1	34	3118	1455	33	0.999359	3120	0	TRUE	NP:cds-XAJ25419.1	CTG	L	CTA	L	166
NP|PP755592.1|A/cattle/Texas/24-008749-003/2024(H5N1)	693	A	G	2956	1717	33	47	30	32	0.0156458	3004	2.79261e-12	TRUE	NP:cds-XAJ25419.1	CAA	Q	CAG	Q	231
NP|PP755592.1|A/cattle/Texas/24-008749-003/2024(H5N1)	870	C	T	1	0	34	3242	1604	33	0.999692	3243	0	TRUE	NP:cds-XAJ25419.1	GAC	D	GAT	D	290
NP|PP755592.1|A/cattle/Texas/24-008749-003/2024(H5N1)	888	C	T	134	49	33	3080	1475	33	0.958307	3214	0	TRUE	NP:cds-XAJ25419.1	TAC	Y	TAT	Y	296
NP|PP755592.1|A/cattle/Texas/24-008749-003/2024(H5N1)	1014	T	C	0	0	0	3174	1737	33	0.99937	3176	0	TRUE	NP:cds-XAJ25419.1	TTT	F	TTC	F	338
NP|PP755592.1|A/cattle/Texas/24-008749-003/2024(H5N1)	1092	G	A	1	1	34	3474	1719	33	0.999425	3476	0	TRUE	NP:cds-XAJ25419.1	CAG	Q	CAA	Q	364
NP|PP755592.1|A/cattle/Texas/24-008749-003/2024(H5N1)	1151	G	T	3701	1897	33	60	24	32	0.0159532	3761	1.81744e-15	TRUE	NP:cds-XAJ25419.1	AGA	R	ATA	I	384
NP|PP755592.1|A/cattle/Texas/24-008749-003/2024(H5N1)	1278	G	A	3501	1641	33	41	18	33	0.0115721	3543	4.34727e-10	TRUE	NP:cds-XAJ25419.1	ATG	M	ATA	I	426
NP|PP755592.1|A/cattle/Texas/24-008749-003/2024(H5N1)	1348	A	G	3496	2335	33	37	30	33	0.0104727	3533	4.89752e-09	TRUE	NP:cds-XAJ25419.1	AAT	N	GAT	D	450
