REGION	POS	REF	ALT	REF_DP	REF_RV	REF_QUAL	ALT_DP	ALT_RV	ALT_QUAL	ALT_FREQ	TOTAL_DP	PVAL	PASS	GFF_FEATURE	REF_CODON	REF_AA	ALT_CODON	ALT_AA	POS_AA
NP|PP755592.1|A/cattle/Texas/24-008749-003/2024(H5N1)	288	C	A	8540	3899	33	4387	2834	32	0.339079	12938	0	TRUE	NP:cds-XAJ25419.1	ATC	I	ATA	I	96
NP|PP755592.1|A/cattle/Texas/24-008749-003/2024(H5N1)	355	A	G	1	0	34	12565	5987	33	0.999364	12573	0	TRUE	NP:cds-XAJ25419.1	ATT	I	GTT	V	119
NP|PP755592.1|A/cattle/Texas/24-008749-003/2024(H5N1)	498	G	A	6	3	33	11355	5633	33	0.998505	11372	0	TRUE	NP:cds-XAJ25419.1	CTG	L	CTA	L	166
NP|PP755592.1|A/cattle/Texas/24-008749-003/2024(H5N1)	582	T	C	4962	2083	32	8315	3329	33	0.625847	13286	0	TRUE	NP:cds-XAJ25419.1	ATT	I	ATC	I	194
NP|PP755592.1|A/cattle/Texas/24-008749-003/2024(H5N1)	870	C	T	3	2	34	11519	5334	33	0.998959	11531	0	TRUE	NP:cds-XAJ25419.1	GAC	D	GAT	D	290
NP|PP755592.1|A/cattle/Texas/24-008749-003/2024(H5N1)	872	T	A	11518	5035	33	140	80	33	0.0120048	11662	2.32555e-32	TRUE	NP:cds-XAJ25419.1	TTT	F	TAT	Y	291
NP|PP755592.1|A/cattle/Texas/24-008749-003/2024(H5N1)	1014	T	C	2	0	34	13213	7034	33	0.999546	13219	0	TRUE	NP:cds-XAJ25419.1	TTT	F	TTC	F	338
NP|PP755592.1|A/cattle/Texas/24-008749-003/2024(H5N1)	1092	G	A	0	0	0	14144	6719	33	0.999505	14151	0	TRUE	NP:cds-XAJ25419.1	CAG	Q	CAA	Q	364
NP|PP755592.1|A/cattle/Texas/24-008749-003/2024(H5N1)	1458	T	C	9738	7732	33	206	170	32	0.0207139	9945	4.75932e-53	TRUE	NP:cds-XAJ25419.1	TCT	S	TCC	S	486
