REGION	POS	REF	ALT	REF_DP	REF_RV	REF_QUAL	ALT_DP	ALT_RV	ALT_QUAL	ALT_FREQ	TOTAL_DP	PVAL	PASS	GFF_FEATURE	REF_CODON	REF_AA	ALT_CODON	ALT_AA	POS_AA
MP|PP755590.1|A/cattle/Texas/24-008749-003/2024(H5N1)	245	G	A	2	0	34	28351	11933	37	0.999894	28354	0	TRUE	M1:cds-XAJ25416.1	AGT	S	AAT	N	82
MP|PP755590.1|A/cattle/Texas/24-008749-003/2024(H5N1)	769	T	C	25530	13414	37	298	163	37	0.0115361	25832	3.51184e-72	TRUE	M2:cds-XAJ25417.1	GTT	V	GTC	V	19
MP|PP755590.1|A/cattle/Texas/24-008749-003/2024(H5N1)	800	T	C	21577	14569	39	5993	4043	40	0.217295	27580	0	TRUE	M2:cds-XAJ25417.1	TTG	L	CTG	L	29
