REGION	POS	REF	ALT	REF_DP	REF_RV	REF_QUAL	ALT_DP	ALT_RV	ALT_QUAL	ALT_FREQ	TOTAL_DP	PVAL	PASS	GFF_FEATURE	REF_CODON	REF_AA	ALT_CODON	ALT_AA	POS_AA
PB1|PP755595.1|A/cattle/Texas/24-008749-003/2024(H5N1)	50	C	T	74	20	33	2	1	29	0.0263158	76	0.195948	FALSE	PB1:cds-XAJ25424.1	GCC	A	GTC	V	17
PB1|PP755595.1|A/cattle/Texas/24-008749-003/2024(H5N1)	51	C	T	75	22	33	1	0	34	0.0131579	76	0.284644	FALSE	PB1:cds-XAJ25424.1	GCC	A	GCT	A	17
PB1|PP755595.1|A/cattle/Texas/24-008749-003/2024(H5N1)	61	A	G	95	24	33	1	0	34	0.0104167	96	0.313725	FALSE	PB1:cds-XAJ25424.1	ACA	T	GCA	A	21
PB1|PP755595.1|A/cattle/Texas/24-008749-003/2024(H5N1)	110	G	-AT	245	53	33	4	0	20	0.0117647	340	0.335654	FALSE	NA	NA	NA	NA	NA	NA
PB1|PP755595.1|A/cattle/Texas/24-008749-003/2024(H5N1)	173	A	C	145	89	31	2	0	26	0.0136054	147	0.530933	FALSE	PB1:cds-XAJ25424.1	AAC	N	ACC	T	58
PB1|PP755595.1|A/cattle/Texas/24-008749-003/2024(H5N1)	173	A	C	145	89	31	2	0	26	0.0136054	147	0.530933	FALSE	PB1-F2:cds-XAJ25425.1	ACT	T	CCT	P	27
PB1|PP755595.1|A/cattle/Texas/24-008749-003/2024(H5N1)	243	A	G	331	128	33	4	1	34	0.0119403	335	0.0580254	FALSE	PB1:cds-XAJ25424.1	GGA	G	GGG	G	81
PB1|PP755595.1|A/cattle/Texas/24-008749-003/2024(H5N1)	243	A	G	331	128	33	4	1	34	0.0119403	335	0.0580254	FALSE	PB1-F2:cds-XAJ25425.1	GAT	D	GGT	G	50
PB1|PP755595.1|A/cattle/Texas/24-008749-003/2024(H5N1)	945	T	C	1	1	34	345	210	33	0.99711	346	4.62052e-207	TRUE	PB1:cds-XAJ25424.1	CCT	P	CCC	P	315
PB1|PP755595.1|A/cattle/Texas/24-008749-003/2024(H5N1)	964	A	G	342	205	33	5	3	34	0.0144092	347	0.028263	FALSE	PB1:cds-XAJ25424.1	ATA	I	GTA	V	322
PB1|PP755595.1|A/cattle/Texas/24-008749-003/2024(H5N1)	984	C	A	336	187	33	8	4	34	0.0232558	344	0.00329989	TRUE	PB1:cds-XAJ25424.1	AAC	N	AAA	K	328
PB1|PP755595.1|A/cattle/Texas/24-008749-003/2024(H5N1)	1186	C	T	378	204	33	5	3	32	0.0130548	383	0.0285302	FALSE	PB1:cds-XAJ25424.1	CTA	L	TTA	L	396
PB1|PP755595.1|A/cattle/Texas/24-008749-003/2024(H5N1)	1370	A	G	361	177	33	5	4	31	0.0136612	366	0.0291886	FALSE	PB1:cds-XAJ25424.1	GAG	E	GGG	G	457
PB1|PP755595.1|A/cattle/Texas/24-008749-003/2024(H5N1)	1856	A	G	895	568	33	75	41	33	0.07724	971	1.31234e-23	TRUE	PB1:cds-XAJ25424.1	GAC	D	GGC	G	619
PB1|PP755595.1|A/cattle/Texas/24-008749-003/2024(H5N1)	2073	G	A	959	481	33	39	26	32	0.039039	999	1.12497e-11	TRUE	PB1:cds-XAJ25424.1	AAG	K	AAA	K	691
