REGION	POS	REF	ALT	REF_DP	REF_RV	REF_QUAL	ALT_DP	ALT_RV	ALT_QUAL	ALT_FREQ	TOTAL_DP	PVAL	PASS	GFF_FEATURE	REF_CODON	REF_AA	ALT_CODON	ALT_AA	POS_AA
NS|PP755593.1|A/cattle/Texas/24-008749-003/2024(H5N1)	193	G	A	14	6	38	26700	11450	37	0.999364	26717	0	TRUE	NS1:cds-XAJ25420.1	GTG	V	ATG	M	65
NS|PP755593.1|A/cattle/Texas/24-008749-003/2024(H5N1)	199	A	G	1	0	26	26530	11161	37	0.999887	26533	0	TRUE	NS1:cds-XAJ25420.1	AGG	R	GGG	G	67
NS|PP755593.1|A/cattle/Texas/24-008749-003/2024(H5N1)	214	G	A	2	0	51	28713	13965	38	0.999756	28720	0	TRUE	NS1:cds-XAJ25420.1	GAA	E	AAA	K	72
NS|PP755593.1|A/cattle/Texas/24-008749-003/2024(H5N1)	221	A	G	4	1	49	27844	14300	38	0.999749	27851	0	TRUE	NS1:cds-XAJ25420.1	GAT	D	GGT	G	74
NS|PP755593.1|A/cattle/Texas/24-008749-003/2024(H5N1)	222	T	C	9	4	37	27962	14573	38	0.999535	27975	0	TRUE	NS1:cds-XAJ25420.1	GAT	D	GAC	D	74
NS|PP755593.1|A/cattle/Texas/24-008749-003/2024(H5N1)	465	A	G	30181	12585	36	479	277	37	0.0156214	30663	8.25421e-115	TRUE	NS1:cds-XAJ25420.1	GCA	A	GCG	A	155
NS|PP755593.1|A/cattle/Texas/24-008749-003/2024(H5N1)	717	A	G	6	4	58	25670	22284	39	0.999727	25677	0	TRUE	NEP:cds-XAJ25421.1	GAA	E	GGA	G	72
