REGION	POS	REF	ALT	REF_DP	REF_RV	REF_QUAL	ALT_DP	ALT_RV	ALT_QUAL	ALT_FREQ	TOTAL_DP	PVAL	PASS	GFF_FEATURE	REF_CODON	REF_AA	ALT_CODON	ALT_AA	POS_AA
NS|PP755593.1|A/cattle/Texas/24-008749-003/2024(H5N1)	64	T	G	0	0	0	20073	3814	33	0.999651	20080	0	TRUE	NS1:cds-XAJ25420.1	TTT	F	GTT	V	22
NS|PP755593.1|A/cattle/Texas/24-008749-003/2024(H5N1)	199	A	G	4	4	34	36369	16475	33	0.999588	36384	0	TRUE	NS1:cds-XAJ25420.1	AGG	R	GGG	G	67
NS|PP755593.1|A/cattle/Texas/24-008749-003/2024(H5N1)	222	T	C	3	2	34	39965	20711	33	0.999875	39970	0	TRUE	NS1:cds-XAJ25420.1	GAT	D	GAC	D	74
NS|PP755593.1|A/cattle/Texas/24-008749-003/2024(H5N1)	375	T	C	4	2	32	42065	20978	33	0.999715	42077	0	TRUE	NS1:cds-XAJ25420.1	GAT	D	GAC	D	125
NS|PP755593.1|A/cattle/Texas/24-008749-003/2024(H5N1)	539	T	C	14697	7777	33	24544	12344	33	0.62515	39261	0	TRUE	NEP:cds-XAJ25421.1	TCC	S	CCC	P	13
NS|PP755593.1|A/cattle/Texas/24-008749-003/2024(H5N1)	539	T	C	14697	7777	33	24544	12344	33	0.62515	39261	0	TRUE	NS1:cds-XAJ25420.1	GTC	V	GCC	A	180
NS|PP755593.1|A/cattle/Texas/24-008749-003/2024(H5N1)	611	G	A	9	6	32	34818	19787	33	0.999139	34848	0	TRUE	NEP:cds-XAJ25421.1	GAA	E	AAA	K	37
NS|PP755593.1|A/cattle/Texas/24-008749-003/2024(H5N1)	611	G	A	9	6	32	34818	19787	33	0.999139	34848	0	TRUE	NS1:cds-XAJ25420.1	AGA	R	AAA	K	204
NS|PP755593.1|A/cattle/Texas/24-008749-003/2024(H5N1)	646	C	T	61	28	33	36225	20856	33	0.997796	36305	0	TRUE	NEP:cds-XAJ25421.1	CTC	L	CTT	L	48
NS|PP755593.1|A/cattle/Texas/24-008749-003/2024(H5N1)	646	C	T	61	28	33	36225	20856	33	0.997796	36305	0	TRUE	NS1:cds-XAJ25420.1	CCA	P	TCA	S	216
