REGION	POS	REF	ALT	REF_DP	REF_RV	REF_QUAL	ALT_DP	ALT_RV	ALT_QUAL	ALT_FREQ	TOTAL_DP	PVAL	PASS	GFF_FEATURE	REF_CODON	REF_AA	ALT_CODON	ALT_AA	POS_AA
NS|PP755593.1|A/cattle/Texas/24-008749-003/2024(H5N1)	221	A	G	11272	5315	33	1162	594	33	0.0934384	12436	0	TRUE	NS1:cds-XAJ25420.1	GAT	D	GGT	G	74
NS|PP755593.1|A/cattle/Texas/24-008749-003/2024(H5N1)	222	T	C	10	5	30	12167	5936	33	0.999179	12177	0	TRUE	NS1:cds-XAJ25420.1	GAT	D	GAC	D	74
NS|PP755593.1|A/cattle/Texas/24-008749-003/2024(H5N1)	651	G	A	24	18	31	10927	6470	34	0.996625	10964	0	TRUE	NEP:cds-XAJ25421.1	AGC	S	AAC	N	50
NS|PP755593.1|A/cattle/Texas/24-008749-003/2024(H5N1)	651	G	A	24	18	31	10927	6470	34	0.996625	10964	0	TRUE	NS1:cds-XAJ25420.1	AAG	K	AAA	K	217
