REGION	POS	REF	ALT	REF_DP	REF_RV	REF_QUAL	ALT_DP	ALT_RV	ALT_QUAL	ALT_FREQ	TOTAL_DP	PVAL	PASS	GFF_FEATURE	REF_CODON	REF_AA	ALT_CODON	ALT_AA	POS_AA
HA|PP755589.1|A/cattle/Texas/24-008749-003/2024(H5N1)	4	G	A	0	0	0	16	2	34	1	16	1.36839e-10	TRUE	HA:cds-XAJ25415.1	GAG	E	AAG	K	2
HA|PP755589.1|A/cattle/Texas/24-008749-003/2024(H5N1)	90	G	A	423	77	33	30	4	33	0.0662252	453	1.8738e-13	TRUE	HA:cds-XAJ25415.1	GAG	E	GAA	E	30
HA|PP755589.1|A/cattle/Texas/24-008749-003/2024(H5N1)	311	A	G	0	0	0	748	308	33	1	748	0	TRUE	HA:cds-XAJ25415.1	GAC	D	GGC	G	104
HA|PP755589.1|A/cattle/Texas/24-008749-003/2024(H5N1)	329	G	A	148	61	33	681	283	33	0.821472	829	0	TRUE	HA:cds-XAJ25415.1	AGC	S	AAC	N	110
HA|PP755589.1|A/cattle/Texas/24-008749-003/2024(H5N1)	439	G	A	0	0	0	817	425	33	1	817	0	TRUE	HA:cds-XAJ25415.1	GTG	V	ATG	M	147
HA|PP755589.1|A/cattle/Texas/24-008749-003/2024(H5N1)	582	T	C	176	101	33	705	286	33	0.800227	881	0	TRUE	HA:cds-XAJ25415.1	ATT	I	ATC	I	194
HA|PP755589.1|A/cattle/Texas/24-008749-003/2024(H5N1)	651	G	A	0	0	0	847	373	33	1	847	0	TRUE	HA:cds-XAJ25415.1	GGG	G	GGA	G	217
HA|PP755589.1|A/cattle/Texas/24-008749-003/2024(H5N1)	675	G	A	26	11	33	847	367	32	0.970218	873	0	TRUE	HA:cds-XAJ25415.1	TTG	L	TTA	L	225
HA|PP755589.1|A/cattle/Texas/24-008749-003/2024(H5N1)	1007	G	A	0	0	0	939	523	33	1	939	0	TRUE	HA:cds-XAJ25415.1	AGT	S	AAT	N	336
HA|PP755589.1|A/cattle/Texas/24-008749-003/2024(H5N1)	1016	G	A	884	474	33	39	22	32	0.0422535	923	6.00567e-13	TRUE	HA:cds-XAJ25415.1	AGA	R	AAA	K	339
HA|PP755589.1|A/cattle/Texas/24-008749-003/2024(H5N1)	1052	T	A	980	559	33	10	1	34	0.010101	990	0.00478395	TRUE	HA:cds-XAJ25415.1	ATA	I	AAA	K	351
HA|PP755589.1|A/cattle/Texas/24-008749-003/2024(H5N1)	1150	G	A	1893	390	33	87	22	33	0.0439394	1980	1.49667e-24	TRUE	HA:cds-XAJ25415.1	GAA	E	AAA	K	384
HA|PP755589.1|A/cattle/Texas/24-008749-003/2024(H5N1)	1173	T	C	0	0	0	2147	497	33	1	2147	0	TRUE	HA:cds-XAJ25415.1	GAT	D	GAC	D	391
HA|PP755589.1|A/cattle/Texas/24-008749-003/2024(H5N1)	1383	G	A	2491	1498	33	101	42	33	0.038951	2593	5.84054e-29	TRUE	HA:cds-XAJ25415.1	AAG	K	AAA	K	461
HA|PP755589.1|A/cattle/Texas/24-008749-003/2024(H5N1)	1404	A	G	2424	1406	33	86	63	33	0.0342493	2511	1.19014e-24	TRUE	HA:cds-XAJ25415.1	AGA	R	AGG	R	468
HA|PP755589.1|A/cattle/Texas/24-008749-003/2024(H5N1)	1560	A	G	2097	1388	33	63	43	33	0.0291667	2160	9.77027e-18	TRUE	HA:cds-XAJ25415.1	GGA	G	GGG	G	520
