REGION	POS	REF	ALT	REF_DP	REF_RV	REF_QUAL	ALT_DP	ALT_RV	ALT_QUAL	ALT_FREQ	TOTAL_DP	PVAL	PASS	GFF_FEATURE	REF_CODON	REF_AA	ALT_CODON	ALT_AA	POS_AA
NS|PP755593.1|A/cattle/Texas/24-008749-003/2024(H5N1)	62	G	A	0	0	0	14879	1448	36	1	14879	0	TRUE	NS1:cds-XAJ25420.1	CGA	R	CAA	Q	21
NS|PP755593.1|A/cattle/Texas/24-008749-003/2024(H5N1)	174	T	C	3	1	45	27161	11628	37	0.999779	27167	0	TRUE	NS1:cds-XAJ25420.1	ACT	T	ACC	T	58
NS|PP755593.1|A/cattle/Texas/24-008749-003/2024(H5N1)	222	T	C	24	14	38	31951	15253	37	0.998594	31996	0	TRUE	NS1:cds-XAJ25420.1	GAT	D	GAC	D	74
NS|PP755593.1|A/cattle/Texas/24-008749-003/2024(H5N1)	240	T	C	7	4	44	32584	17866	36	0.999724	32593	0	TRUE	NS1:cds-XAJ25420.1	ACT	T	ACC	T	80
NS|PP755593.1|A/cattle/Texas/24-008749-003/2024(H5N1)	423	G	A	35714	18558	36	1693	641	34	0.0452565	37409	0	TRUE	NS1:cds-XAJ25420.1	CTG	L	CTA	L	141
NS|PP755593.1|A/cattle/Texas/24-008749-003/2024(H5N1)	441	C	T	12	6	36	36140	16040	36	0.999447	36160	0	TRUE	NS1:cds-XAJ25420.1	CTC	L	CTT	L	147
