REGION	POS	REF	ALT	REF_DP	REF_RV	REF_QUAL	ALT_DP	ALT_RV	ALT_QUAL	ALT_FREQ	TOTAL_DP	PVAL	PASS	GFF_FEATURE	REF_CODON	REF_AA	ALT_CODON	ALT_AA	POS_AA
NS|PP755593.1|A/cattle/Texas/24-008749-003/2024(H5N1)	20	T	C	7	4	66	3655	916	48	0.998088	3662	0	TRUE	NEP:cds-XAJ25421.1	TTA	L	TCA	S	7
NS|PP755593.1|A/cattle/Texas/24-008749-003/2024(H5N1)	20	T	C	7	4	66	3655	916	48	0.998088	3662	0	TRUE	NS1:cds-XAJ25420.1	TTA	L	TCA	S	7
NS|PP755593.1|A/cattle/Texas/24-008749-003/2024(H5N1)	99	T	C	26	8	49	7309	2724	55	0.996184	7337	0	TRUE	NS1:cds-XAJ25420.1	CTT	L	CTC	L	33
NS|PP755593.1|A/cattle/Texas/24-008749-003/2024(H5N1)	183	G	A	4	1	29	10756	4426	62	0.999628	10760	0	TRUE	NS1:cds-XAJ25420.1	GGG	G	GGA	G	61
NS|PP755593.1|A/cattle/Texas/24-008749-003/2024(H5N1)	222	T	C	18	9	57	11620	5226	62	0.998368	11639	0	TRUE	NS1:cds-XAJ25420.1	GAT	D	GAC	D	74
NS|PP755593.1|A/cattle/Texas/24-008749-003/2024(H5N1)	650	A	C	21	12	62	11722	6586	68	0.997617	11750	0	TRUE	NEP:cds-XAJ25421.1	AGC	S	CGC	R	50
NS|PP755593.1|A/cattle/Texas/24-008749-003/2024(H5N1)	650	A	C	21	12	62	11722	6586	68	0.997617	11750	0	TRUE	NS1:cds-XAJ25420.1	AAG	K	ACG	T	217
NS|PP755593.1|A/cattle/Texas/24-008749-003/2024(H5N1)	700	A	G	20	13	65	11016	6703	67	0.998188	11036	0	TRUE	NEP:cds-XAJ25421.1	ATA	I	ATG	M	66
