REGION	POS	REF	ALT	REF_DP	REF_RV	REF_QUAL	ALT_DP	ALT_RV	ALT_QUAL	ALT_FREQ	TOTAL_DP	PVAL	PASS	GFF_FEATURE	REF_CODON	REF_AA	ALT_CODON	ALT_AA	POS_AA
NP|PP755592.1|A/cattle/Texas/24-008749-003/2024(H5N1)	7	T	C	182	22	33	2	0	34	0.0108108	185	0.0254511	FALSE	NP:cds-XAJ25419.1	TCT	S	CCT	P	3
NP|PP755592.1|A/cattle/Texas/24-008749-003/2024(H5N1)	25	T	C	453	122	33	7	3	32	0.0152174	460	0.000193935	TRUE	NP:cds-XAJ25419.1	TCC	S	CCC	P	9
NP|PP755592.1|A/cattle/Texas/24-008749-003/2024(H5N1)	168	G	A	2632	1007	33	238	82	33	0.0829268	2870	5.4486e-72	TRUE	NP:cds-XAJ25419.1	CTG	L	CTA	L	56
NP|PP755592.1|A/cattle/Texas/24-008749-003/2024(H5N1)	355	A	G	1	1	34	3100	1593	33	0.999678	3101	0	TRUE	NP:cds-XAJ25419.1	ATT	I	GTT	V	119
NP|PP755592.1|A/cattle/Texas/24-008749-003/2024(H5N1)	498	G	A	1	1	34	3240	1396	33	0.999691	3241	0	TRUE	NP:cds-XAJ25419.1	CTG	L	CTA	L	166
NP|PP755592.1|A/cattle/Texas/24-008749-003/2024(H5N1)	870	C	T	1	0	34	3337	1562	33	0.9997	3338	0	TRUE	NP:cds-XAJ25419.1	GAC	D	GAT	D	290
NP|PP755592.1|A/cattle/Texas/24-008749-003/2024(H5N1)	963	T	C	3541	1696	33	100	50	33	0.0274574	3642	1.47665e-27	TRUE	NP:cds-XAJ25419.1	AAT	N	AAC	N	321
NP|PP755592.1|A/cattle/Texas/24-008749-003/2024(H5N1)	1014	T	C	4	3	33	3443	1870	33	0.99884	3447	0	TRUE	NP:cds-XAJ25419.1	TTT	F	TTC	F	338
NP|PP755592.1|A/cattle/Texas/24-008749-003/2024(H5N1)	1092	G	A	0	0	0	3633	1791	33	0.998626	3638	0	TRUE	NP:cds-XAJ25419.1	CAG	Q	CAA	Q	364
NP|PP755592.1|A/cattle/Texas/24-008749-003/2024(H5N1)	1194	A	G	3395	1891	33	291	161	33	0.078926	3687	1.75981e-89	TRUE	NP:cds-XAJ25419.1	CAA	Q	CAG	Q	398
