REGION	POS	REF	ALT	REF_DP	REF_RV	REF_QUAL	ALT_DP	ALT_RV	ALT_QUAL	ALT_FREQ	TOTAL_DP	PVAL	PASS	GFF_FEATURE	REF_CODON	REF_AA	ALT_CODON	ALT_AA	POS_AA
PB1|PP755595.1|A/cattle/Texas/24-008749-003/2024(H5N1)	349	A	C	71	7	31	1	0	26	0.0138889	72	0.589254	FALSE	PB1:cds-XAJ25424.1	ACA	T	CCA	P	117
PB1|PP755595.1|A/cattle/Texas/24-008749-003/2024(H5N1)	349	A	C	71	7	31	1	0	26	0.0138889	72	0.589254	FALSE	PB1-F2:cds-XAJ25425.1	AAA	K	AAC	N	85
PB1|PP755595.1|A/cattle/Texas/24-008749-003/2024(H5N1)	422	C	A	11580	4	33	287	0	32	0.0241847	11867	2.79112e-72	TRUE	PB1:cds-XAJ25424.1	ACT	T	AAT	N	141
PB1|PP755595.1|A/cattle/Texas/24-008749-003/2024(H5N1)	616	G	T	136	130	32	2	2	30	0.0143885	139	0.193598	FALSE	PB1:cds-XAJ25424.1	GGA	G	TGA	*	206
PB1|PP755595.1|A/cattle/Texas/24-008749-003/2024(H5N1)	729	A	T	81	77	33	1	1	34	0.0121951	82	0.485207	FALSE	PB1:cds-XAJ25424.1	ACA	T	ACT	T	243
PB1|PP755595.1|A/cattle/Texas/24-008749-003/2024(H5N1)	844	C	T	9	3	40	1	1	26	0.1	10	0.47619	FALSE	PB1:cds-XAJ25424.1	CTA	L	TTA	L	282
PB1|PP755595.1|A/cattle/Texas/24-008749-003/2024(H5N1)	948	G	C	1	0	34	1	0	29	0.5	2	0.666667	FALSE	PB1:cds-XAJ25424.1	AGG	R	AGC	S	316
PB1|PP755595.1|A/cattle/Texas/24-008749-003/2024(H5N1)	1160	A	C	26	8	33	1	0	25	0.037037	27	0.465517	FALSE	PB1:cds-XAJ25424.1	AAG	K	ACG	T	387
PB1|PP755595.1|A/cattle/Texas/24-008749-003/2024(H5N1)	1163	A	G	19	8	30	1	1	34	0.05	20	0.487805	FALSE	PB1:cds-XAJ25424.1	AAA	K	AGA	R	388
PB1|PP755595.1|A/cattle/Texas/24-008749-003/2024(H5N1)	1166	T	A	14	7	33	1	1	34	0.0666667	15	0.5	FALSE	PB1:cds-XAJ25424.1	ATA	I	AAA	K	389
PB1|PP755595.1|A/cattle/Texas/24-008749-003/2024(H5N1)	1268	T	C	795	795	33	44	44	33	0.0524434	839	6.32554e-15	TRUE	PB1:cds-XAJ25424.1	ATT	I	ACT	T	423
PB1|PP755595.1|A/cattle/Texas/24-008749-003/2024(H5N1)	1282	C	+A	862	862	33	66	0	20	0.0729282	905	3.33781e-12	TRUE	NA	NA	NA	NA	NA	NA
PB1|PP755595.1|A/cattle/Texas/24-008749-003/2024(H5N1)	1730	A	G	13	0	34	64	0	33	0.831169	77	1.1211e-30	TRUE	PB1:cds-XAJ25424.1	AAA	K	AGA	R	577
PB1|PP755595.1|A/cattle/Texas/24-008749-003/2024(H5N1)	1760	C	T	77	0	33	1	0	34	0.0128205	78	0.5	FALSE	PB1:cds-XAJ25424.1	CCA	P	CTA	L	587
PB1|PP755595.1|A/cattle/Texas/24-008749-003/2024(H5N1)	1809	T	A	77	37	55	2	2	44	0.0253165	79	0.111107	FALSE	PB1:cds-XAJ25424.1	AAT	N	AAA	K	603
PB1|PP755595.1|A/cattle/Texas/24-008749-003/2024(H5N1)	1858	T	A	62	62	31	1	1	26	0.015873	63	0.446809	FALSE	PB1:cds-XAJ25424.1	TAT	Y	AAT	N	620
