REGION	POS	REF	ALT	REF_DP	REF_RV	REF_QUAL	ALT_DP	ALT_RV	ALT_QUAL	ALT_FREQ	TOTAL_DP	PVAL	PASS	GFF_FEATURE	REF_CODON	REF_AA	ALT_CODON	ALT_AA	POS_AA
NA|PP755591.1|A/cattle/Texas/24-008749-003/2024(H5N1)	8	C	G	62	9	33	1	0	34	0.015873	63	0.148235	FALSE	NA:cds-XAJ25418.1	CCA	P	CGA	R	3
NA|PP755591.1|A/cattle/Texas/24-008749-003/2024(H5N1)	11	A	G	65	10	32	1	0	34	0.0151515	66	0.151724	FALSE	NA:cds-XAJ25418.1	AAT	N	AGT	S	4
NA|PP755591.1|A/cattle/Texas/24-008749-003/2024(H5N1)	39	C	A	0	0	0	218	55	32	1	218	4.8865e-202	TRUE	NA:cds-XAJ25418.1	ATC	I	ATA	I	13
NA|PP755591.1|A/cattle/Texas/24-008749-003/2024(H5N1)	61	A	G	0	0	0	406	91	33	1	406	7.10029e-316	TRUE	NA:cds-XAJ25418.1	AGC	S	GGC	G	21
NA|PP755591.1|A/cattle/Texas/24-008749-003/2024(H5N1)	212	G	A	1	1	34	1035	498	33	0.999035	1036	0	TRUE	NA:cds-XAJ25418.1	AGT	S	AAT	N	71
NA|PP755591.1|A/cattle/Texas/24-008749-003/2024(H5N1)	346	G	A	0	0	0	1038	512	33	1	1038	0	TRUE	NA:cds-XAJ25418.1	GTT	V	ATT	I	116
NA|PP755591.1|A/cattle/Texas/24-008749-003/2024(H5N1)	738	A	T	0	0	0	1052	553	33	0.99905	1053	0	TRUE	NA:cds-XAJ25418.1	CCA	P	CCT	P	246
NA|PP755591.1|A/cattle/Texas/24-008749-003/2024(H5N1)	1098	T	C	0	0	0	1021	513	33	1	1021	0	TRUE	NA:cds-XAJ25418.1	AGT	S	AGC	S	366
NA|PP755591.1|A/cattle/Texas/24-008749-003/2024(H5N1)	1107	C	G	0	0	0	1074	535	33	1	1074	0	TRUE	NA:cds-XAJ25418.1	AGC	S	AGG	R	369
NA|PP755591.1|A/cattle/Texas/24-008749-003/2024(H5N1)	1150	G	A	1167	590	33	13	6	34	0.0110169	1180	0.000811222	TRUE	NA:cds-XAJ25418.1	GAC	D	AAC	N	384
NA|PP755591.1|A/cattle/Texas/24-008749-003/2024(H5N1)	1266	C	T	0	0	0	1028	721	33	1	1028	0	TRUE	NA:cds-XAJ25418.1	TTC	F	TTT	F	422
NA|PP755591.1|A/cattle/Texas/24-008749-003/2024(H5N1)	1289	G	C	539	264	32	18	18	28	0.032316	557	0.00148467	TRUE	NA:cds-XAJ25418.1	AGG	R	ACG	T	430
NA|PP755591.1|A/cattle/Texas/24-008749-003/2024(H5N1)	1290	G	C	539	279	32	11	11	29	0.02	550	0.0746734	FALSE	NA:cds-XAJ25418.1	AGG	R	AGC	S	430
NA|PP755591.1|A/cattle/Texas/24-008749-003/2024(H5N1)	1303	A	G	0	0	0	937	722	33	1	937	0	TRUE	NA:cds-XAJ25418.1	ACA	T	GCA	A	435
NA|PP755591.1|A/cattle/Texas/24-008749-003/2024(H5N1)	1320	G	A	3	2	34	889	709	33	0.996637	892	0	TRUE	NA:cds-XAJ25418.1	GGG	G	GGA	G	440
