REGION	POS	REF	ALT	REF_DP	REF_RV	REF_QUAL	ALT_DP	ALT_RV	ALT_QUAL	ALT_FREQ	TOTAL_DP	PVAL	PASS	GFF_FEATURE	REF_CODON	REF_AA	ALT_CODON	ALT_AA	POS_AA
HA|PP755589.1|A/cattle/Texas/24-008749-003/2024(H5N1)	16	C	T	198	2	34	3	0	34	0.0149254	201	0.0192692	FALSE	HA:cds-XAJ25415.1	CTA	L	TTA	L	6
HA|PP755589.1|A/cattle/Texas/24-008749-003/2024(H5N1)	87	A	G	421	34	36	6	1	39	0.0140515	427	0.00153019	TRUE	HA:cds-XAJ25415.1	ACA	T	ACG	T	29
HA|PP755589.1|A/cattle/Texas/24-008749-003/2024(H5N1)	357	C	T	0	0	0	1056	370	34	1	1056	0	TRUE	HA:cds-XAJ25415.1	CAC	H	CAT	H	119
HA|PP755589.1|A/cattle/Texas/24-008749-003/2024(H5N1)	465	A	G	0	0	0	980	473	35	1	980	0	TRUE	HA:cds-XAJ25415.1	GGA	G	GGG	G	155
HA|PP755589.1|A/cattle/Texas/24-008749-003/2024(H5N1)	606	G	A	1206	518	35	46	19	36	0.0367412	1252	2.75465e-14	TRUE	HA:cds-XAJ25415.1	GAG	E	GAA	E	202
HA|PP755589.1|A/cattle/Texas/24-008749-003/2024(H5N1)	651	G	A	1	1	34	1253	550	35	0.999203	1254	0	TRUE	HA:cds-XAJ25415.1	GGG	G	GGA	G	217
HA|PP755589.1|A/cattle/Texas/24-008749-003/2024(H5N1)	671	G	A	1215	510	35	36	17	33	0.028777	1251	3.43194e-11	TRUE	HA:cds-XAJ25415.1	AGG	R	AAG	K	224
HA|PP755589.1|A/cattle/Texas/24-008749-003/2024(H5N1)	681	A	C	920	400	35	257	115	34	0.218352	1177	9.50783e-89	TRUE	HA:cds-XAJ25415.1	CCA	P	CCC	P	227
HA|PP755589.1|A/cattle/Texas/24-008749-003/2024(H5N1)	726	G	A	1045	573	35	23	14	34	0.0215356	1068	4.41244e-07	TRUE	HA:cds-XAJ25415.1	ATG	M	ATA	I	242
HA|PP755589.1|A/cattle/Texas/24-008749-003/2024(H5N1)	867	T	C	1186	659	35	12	6	34	0.0100167	1198	0.0010324	TRUE	HA:cds-XAJ25415.1	CAT	H	CAC	H	289
HA|PP755589.1|A/cattle/Texas/24-008749-003/2024(H5N1)	937	C	A	1099	600	35	23	12	33	0.0204991	1122	6.78203e-07	TRUE	HA:cds-XAJ25415.1	CTC	L	ATC	I	313
HA|PP755589.1|A/cattle/Texas/24-008749-003/2024(H5N1)	1052	T	A	1134	654	35	15	3	34	0.0130548	1149	0.000129777	TRUE	HA:cds-XAJ25415.1	ATA	I	AAA	K	351
HA|PP755589.1|A/cattle/Texas/24-008749-003/2024(H5N1)	1247	A	G	3019	644	36	251	71	37	0.0767584	3270	3.3768e-80	TRUE	HA:cds-XAJ25415.1	AAT	N	AGT	S	416
HA|PP755589.1|A/cattle/Texas/24-008749-003/2024(H5N1)	1275	G	A	0	0	0	2810	933	36	1	2810	0	TRUE	HA:cds-XAJ25415.1	TTG	L	TTA	L	425
