REGION	POS	REF	ALT	REF_DP	REF_RV	REF_QUAL	ALT_DP	ALT_RV	ALT_QUAL	ALT_FREQ	TOTAL_DP	PVAL	PASS	GFF_FEATURE	REF_CODON	REF_AA	ALT_CODON	ALT_AA	POS_AA
NA|PP755591.1|A/cattle/Texas/24-008749-003/2024(H5N1)	53	G	A	749	214	33	11	3	32	0.0144737	760	0.000250637	TRUE	NA:cds-XAJ25418.1	GGG	G	GAG	E	18
NA|PP755591.1|A/cattle/Texas/24-008749-003/2024(H5N1)	346	G	A	728	399	33	1048	483	33	0.59009	1776	0	TRUE	NA:cds-XAJ25418.1	GTT	V	ATT	I	116
NA|PP755591.1|A/cattle/Texas/24-008749-003/2024(H5N1)	361	T	C	1624	791	33	96	41	33	0.055814	1720	4.90974e-29	TRUE	NA:cds-XAJ25418.1	TTC	F	CTC	L	121
NA|PP755591.1|A/cattle/Texas/24-008749-003/2024(H5N1)	445	G	A	1597	764	33	81	42	33	0.048243	1679	1.97188e-24	TRUE	NA:cds-XAJ25418.1	GTT	V	ATT	I	149
NA|PP755591.1|A/cattle/Texas/24-008749-003/2024(H5N1)	571	T	C	0	0	0	1458	731	33	1	1458	0	TRUE	NA:cds-XAJ25418.1	TTG	L	CTG	L	191
NA|PP755591.1|A/cattle/Texas/24-008749-003/2024(H5N1)	894	C	T	1542	775	33	38	18	33	0.0240354	1581	3.38813e-11	TRUE	NA:cds-XAJ25418.1	GGC	G	GGT	G	298
NA|PP755591.1|A/cattle/Texas/24-008749-003/2024(H5N1)	960	G	A	1735	697	33	91	36	32	0.0498357	1826	2.61847e-27	TRUE	NA:cds-XAJ25418.1	GGG	G	GGA	G	320
NA|PP755591.1|A/cattle/Texas/24-008749-003/2024(H5N1)	1014	G	T	1869	850	33	53	21	33	0.0275754	1922	6.60287e-15	TRUE	NA:cds-XAJ25418.1	ATG	M	ATT	I	338
NA|PP755591.1|A/cattle/Texas/24-008749-003/2024(H5N1)	1160	T	C	2122	1021	32	33	15	33	0.0153132	2155	3.86636e-09	TRUE	NA:cds-XAJ25418.1	TTC	F	TCC	S	387
NA|PP755591.1|A/cattle/Texas/24-008749-003/2024(H5N1)	1185	A	G	0	0	0	2047	1108	33	1	2047	0	TRUE	NA:cds-XAJ25418.1	GAA	E	GAG	E	395
NA|PP755591.1|A/cattle/Texas/24-008749-003/2024(H5N1)	1289	G	C	1411	572	32	20	20	27	0.0139762	1431	0.146824	FALSE	NA:cds-XAJ25418.1	AGG	R	ACG	T	430
