REGION	POS	REF	ALT	REF_DP	REF_RV	REF_QUAL	ALT_DP	ALT_RV	ALT_QUAL	ALT_FREQ	TOTAL_DP	PVAL	PASS	GFF_FEATURE	REF_CODON	REF_AA	ALT_CODON	ALT_AA	POS_AA
NS|PP755593.1|A/cattle/Texas/24-008749-003/2024(H5N1)	199	A	G	0	0	0	3149	1397	40	0.999683	3150	0	TRUE	NS1:cds-XAJ25420.1	AGG	R	GGG	G	67
NS|PP755593.1|A/cattle/Texas/24-008749-003/2024(H5N1)	222	T	C	0	0	0	3281	1625	42	1	3281	0	TRUE	NS1:cds-XAJ25420.1	GAT	D	GAC	D	74
NS|PP755593.1|A/cattle/Texas/24-008749-003/2024(H5N1)	359	A	G	3155	1518	39	145	83	41	0.0439394	3300	1.03765e-51	TRUE	NS1:cds-XAJ25420.1	GAC	D	GGC	G	120
NS|PP755593.1|A/cattle/Texas/24-008749-003/2024(H5N1)	420	G	T	3141	1630	40	69	25	38	0.0214819	3212	5.7292e-21	TRUE	NS1:cds-XAJ25420.1	CGG	R	CGT	R	140
NS|PP755593.1|A/cattle/Texas/24-008749-003/2024(H5N1)	671	G	A	2824	1638	43	29	16	46	0.0101647	2853	1.30122e-11	TRUE	NEP:cds-XAJ25421.1	GGA	G	AGA	R	57
NS|PP755593.1|A/cattle/Texas/24-008749-003/2024(H5N1)	671	G	A	2824	1638	43	29	16	46	0.0101647	2853	1.30122e-11	TRUE	NS1:cds-XAJ25420.1	AGG	R	AAG	K	224
NS|PP755593.1|A/cattle/Texas/24-008749-003/2024(H5N1)	784	A	G	1845	1548	43	289	253	38	0.135426	2134	2.62396e-109	TRUE	NEP:cds-XAJ25421.1	CAA	Q	CAG	Q	94
NS|PP755593.1|A/cattle/Texas/24-008749-003/2024(H5N1)	828	A	G	1120	999	41	13	13	36	0.011474	1133	0.000222669	TRUE	NEP:cds-XAJ25421.1	CAG	Q	CGG	R	109
