REGION	POS	REF	ALT	REF_DP	REF_RV	REF_QUAL	ALT_DP	ALT_RV	ALT_QUAL	ALT_FREQ	TOTAL_DP	PVAL	PASS	GFF_FEATURE	REF_CODON	REF_AA	ALT_CODON	ALT_AA	POS_AA
NS|PP755593.1|A/cattle/Texas/24-008749-003/2024(H5N1)	199	A	G	10	5	34	49067	23022	33	0.999633	49085	0	TRUE	NS1:cds-XAJ25420.1	AGG	R	GGG	G	67
NS|PP755593.1|A/cattle/Texas/24-008749-003/2024(H5N1)	214	G	A	2	1	34	51220	24553	33	0.999941	51223	0	TRUE	NS1:cds-XAJ25420.1	GAA	E	AAA	K	72
NS|PP755593.1|A/cattle/Texas/24-008749-003/2024(H5N1)	222	T	C	15	7	34	51983	25377	33	0.999423	52013	0	TRUE	NS1:cds-XAJ25420.1	GAT	D	GAC	D	74
NS|PP755593.1|A/cattle/Texas/24-008749-003/2024(H5N1)	421	C	T	12	7	32	54909	27643	32	0.999599	54931	0	TRUE	NS1:cds-XAJ25420.1	CTG	L	TTG	L	141
