REGION	POS	REF	ALT	REF_DP	REF_RV	REF_QUAL	ALT_DP	ALT_RV	ALT_QUAL	ALT_FREQ	TOTAL_DP	PVAL	PASS	GFF_FEATURE	REF_CODON	REF_AA	ALT_CODON	ALT_AA	POS_AA
HA|PP755589.1|A/cattle/Texas/24-008749-003/2024(H5N1)	267	G	A	1789	921	33	24	5	34	0.0132304	1814	6.23738e-07	TRUE	HA:cds-XAJ25415.1	GTG	V	GTA	V	89
HA|PP755589.1|A/cattle/Texas/24-008749-003/2024(H5N1)	651	G	A	1	0	34	1971	883	33	0.998986	1973	0	TRUE	HA:cds-XAJ25415.1	GGG	G	GGA	G	217
HA|PP755589.1|A/cattle/Texas/24-008749-003/2024(H5N1)	966	G	A	1735	844	33	20	10	32	0.0113895	1756	7.10142e-06	TRUE	HA:cds-XAJ25415.1	GTG	V	GTA	V	322
HA|PP755589.1|A/cattle/Texas/24-008749-003/2024(H5N1)	990	G	A	2	0	31	1918	1033	33	0.998958	1920	0	TRUE	HA:cds-XAJ25415.1	GCG	A	GCA	A	330
HA|PP755589.1|A/cattle/Texas/24-008749-003/2024(H5N1)	1536	A	G	0	0	0	3309	1886	33	0.999698	3310	0	TRUE	HA:cds-XAJ25415.1	AGA	R	AGG	R	512
