REGION	POS	REF	ALT	REF_DP	REF_RV	REF_QUAL	ALT_DP	ALT_RV	ALT_QUAL	ALT_FREQ	TOTAL_DP	PVAL	PASS	GFF_FEATURE	REF_CODON	REF_AA	ALT_CODON	ALT_AA	POS_AA
NS|PP755593.1|A/cattle/Texas/24-008749-003/2024(H5N1)	199	A	G	5	2	44	25035	10609	38	0.999641	25044	0	TRUE	NS1:cds-XAJ25420.1	AGG	R	GGG	G	67
NS|PP755593.1|A/cattle/Texas/24-008749-003/2024(H5N1)	222	T	C	4	3	40	26287	12864	40	0.99981	26292	0	TRUE	NS1:cds-XAJ25420.1	GAT	D	GAC	D	74
NS|PP755593.1|A/cattle/Texas/24-008749-003/2024(H5N1)	673	A	G	8	6	41	23698	14568	41	0.99941	23712	0	TRUE	NEP:cds-XAJ25421.1	GGA	G	GGG	G	57
NS|PP755593.1|A/cattle/Texas/24-008749-003/2024(H5N1)	673	A	G	8	6	41	23698	14568	41	0.99941	23712	0	TRUE	NS1:cds-XAJ25420.1	ACA	T	GCA	A	225
