REGION	POS	REF	ALT	REF_DP	REF_RV	REF_QUAL	ALT_DP	ALT_RV	ALT_QUAL	ALT_FREQ	TOTAL_DP	PVAL	PASS	GFF_FEATURE	REF_CODON	REF_AA	ALT_CODON	ALT_AA	POS_AA
HA|PP755589.1|A/cattle/Texas/24-008749-003/2024(H5N1)	4	G	A	0	0	0	55	3	33	1	55	5.7453e-42	TRUE	HA:cds-XAJ25415.1	GAG	E	AAG	K	2
HA|PP755589.1|A/cattle/Texas/24-008749-003/2024(H5N1)	311	A	G	1	1	34	5228	2409	33	0.999809	5229	0	TRUE	HA:cds-XAJ25415.1	GAC	D	GGC	G	104
HA|PP755589.1|A/cattle/Texas/24-008749-003/2024(H5N1)	336	T	C	5559	2376	33	69	25	33	0.0122601	5628	2.75367e-16	TRUE	HA:cds-XAJ25415.1	AAT	N	AAC	N	112
HA|PP755589.1|A/cattle/Texas/24-008749-003/2024(H5N1)	439	G	A	0	0	0	5663	3050	33	0.999823	5664	0	TRUE	HA:cds-XAJ25415.1	GTG	V	ATG	M	147
HA|PP755589.1|A/cattle/Texas/24-008749-003/2024(H5N1)	522	A	G	5021	2752	33	381	235	33	0.0705164	5403	1.30563e-112	TRUE	HA:cds-XAJ25415.1	CCA	P	CCG	P	174
HA|PP755589.1|A/cattle/Texas/24-008749-003/2024(H5N1)	651	G	A	9	4	34	5687	2498	33	0.997719	5700	0	TRUE	HA:cds-XAJ25415.1	GGG	G	GGA	G	217
HA|PP755589.1|A/cattle/Texas/24-008749-003/2024(H5N1)	675	G	A	8	4	32	5600	2427	32	0.998395	5609	0	TRUE	HA:cds-XAJ25415.1	TTG	L	TTA	L	225
HA|PP755589.1|A/cattle/Texas/24-008749-003/2024(H5N1)	1007	G	A	1	0	34	6337	3525	33	0.999842	6338	0	TRUE	HA:cds-XAJ25415.1	AGT	S	AAT	N	336
HA|PP755589.1|A/cattle/Texas/24-008749-003/2024(H5N1)	1173	T	C	14	4	34	10622	3085	33	0.99859	10637	0	TRUE	HA:cds-XAJ25415.1	GAT	D	GAC	D	391
HA|PP755589.1|A/cattle/Texas/24-008749-003/2024(H5N1)	1203	T	C	10941	3172	33	778	226	33	0.0663709	11722	1.09984e-227	TRUE	HA:cds-XAJ25415.1	ATT	I	ATC	I	401
HA|PP755589.1|A/cattle/Texas/24-008749-003/2024(H5N1)	1425	A	G	12756	6533	33	145	84	33	0.0112394	12901	2.39322e-31	TRUE	HA:cds-XAJ25415.1	GCA	A	GCG	A	475
HA|PP755589.1|A/cattle/Texas/24-008749-003/2024(H5N1)	1449	C	T	12608	5965	33	587	332	33	0.0444865	13195	5.88453e-161	TRUE	HA:cds-XAJ25415.1	TTC	F	TTT	F	483
