REGION	POS	REF	ALT	REF_DP	REF_RV	REF_QUAL	ALT_DP	ALT_RV	ALT_QUAL	ALT_FREQ	TOTAL_DP	PVAL	PASS	GFF_FEATURE	REF_CODON	REF_AA	ALT_CODON	ALT_AA	POS_AA
NS|PP755593.1|A/cattle/Texas/24-008749-003/2024(H5N1)	189	G	A	43317	20911	38	1024	337	36	0.0230911	44346	2.6999e-273	TRUE	NS1:cds-XAJ25420.1	CAG	Q	CAA	Q	63
NS|PP755593.1|A/cattle/Texas/24-008749-003/2024(H5N1)	199	A	G	17	9	34	43693	19825	38	0.999588	43711	0	TRUE	NS1:cds-XAJ25420.1	AGG	R	GGG	G	67
NS|PP755593.1|A/cattle/Texas/24-008749-003/2024(H5N1)	220	G	A	46053	22798	40	534	208	39	0.0114622	46588	1.26559e-121	TRUE	NS1:cds-XAJ25420.1	GAT	D	AAT	N	74
NS|PP755593.1|A/cattle/Texas/24-008749-003/2024(H5N1)	222	T	C	19	9	39	45476	23302	40	0.999538	45497	0	TRUE	NS1:cds-XAJ25420.1	GAT	D	GAC	D	74
NS|PP755593.1|A/cattle/Texas/24-008749-003/2024(H5N1)	447	T	C	43372	19175	39	2503	988	37	0.0545352	45897	0	TRUE	NS1:cds-XAJ25420.1	GCT	A	GCC	A	149
NS|PP755593.1|A/cattle/Texas/24-008749-003/2024(H5N1)	613	A	G	40918	23548	38	628	451	35	0.0151143	41550	2.07551e-152	TRUE	NEP:cds-XAJ25421.1	GAA	E	GAG	E	37
NS|PP755593.1|A/cattle/Texas/24-008749-003/2024(H5N1)	613	A	G	40918	23548	38	628	451	35	0.0151143	41550	2.07551e-152	TRUE	NS1:cds-XAJ25420.1	AGC	S	GGC	G	205
NS|PP755593.1|A/cattle/Texas/24-008749-003/2024(H5N1)	687	A	G	38759	23946	42	399	223	41	0.0101884	39162	2.36835e-134	TRUE	NEP:cds-XAJ25421.1	AAG	K	AGG	R	62
NS|PP755593.1|A/cattle/Texas/24-008749-003/2024(H5N1)	687	A	G	38759	23946	42	399	223	41	0.0101884	39162	2.36835e-134	TRUE	NS1:cds-XAJ25420.1	GAA	E	GAG	E	229
