REGION	POS	REF	ALT	REF_DP	REF_RV	REF_QUAL	ALT_DP	ALT_RV	ALT_QUAL	ALT_FREQ	TOTAL_DP	PVAL	PASS	GFF_FEATURE	REF_CODON	REF_AA	ALT_CODON	ALT_AA	POS_AA
NP|PP755592.1|A/cattle/Texas/24-008749-003/2024(H5N1)	6	G	A	73	26	33	1	0	34	0.0135135	74	0.0794844	FALSE	NP:cds-XAJ25419.1	GCG	A	GCA	A	2
NP|PP755592.1|A/cattle/Texas/24-008749-003/2024(H5N1)	7	T	C	91	20	32	1	0	34	0.0108696	92	0.0937819	FALSE	NP:cds-XAJ25419.1	TCT	S	CCT	P	3
NP|PP755592.1|A/cattle/Texas/24-008749-003/2024(H5N1)	21	A	G	180	61	33	2	0	34	0.010989	182	0.0243761	FALSE	NP:cds-XAJ25419.1	AAA	K	AAG	K	7
NP|PP755592.1|A/cattle/Texas/24-008749-003/2024(H5N1)	355	A	G	0	0	0	1303	685	33	1	1303	0	TRUE	NP:cds-XAJ25419.1	ATT	I	GTT	V	119
NP|PP755592.1|A/cattle/Texas/24-008749-003/2024(H5N1)	498	G	A	0	0	0	1321	625	33	1	1321	0	TRUE	NP:cds-XAJ25419.1	CTG	L	CTA	L	166
NP|PP755592.1|A/cattle/Texas/24-008749-003/2024(H5N1)	838	G	A	1390	702	33	16	5	32	0.0113798	1406	0.000118756	TRUE	NP:cds-XAJ25419.1	GTG	V	ATG	M	280
NP|PP755592.1|A/cattle/Texas/24-008749-003/2024(H5N1)	870	C	T	0	0	0	1317	680	33	1	1317	0	TRUE	NP:cds-XAJ25419.1	GAC	D	GAT	D	290
NP|PP755592.1|A/cattle/Texas/24-008749-003/2024(H5N1)	888	C	T	1447	760	33	20	9	33	0.0136333	1467	8.45985e-06	TRUE	NP:cds-XAJ25419.1	TAC	Y	TAT	Y	296
NP|PP755592.1|A/cattle/Texas/24-008749-003/2024(H5N1)	1014	T	C	0	0	0	1217	689	33	1	1217	0	TRUE	NP:cds-XAJ25419.1	TTT	F	TTC	F	338
NP|PP755592.1|A/cattle/Texas/24-008749-003/2024(H5N1)	1054	G	A	1296	664	33	17	9	33	0.0129474	1313	5.65444e-05	TRUE	NP:cds-XAJ25419.1	GTA	V	ATA	I	352
NP|PP755592.1|A/cattle/Texas/24-008749-003/2024(H5N1)	1092	G	A	1	1	34	1286	585	33	0.999223	1287	0	TRUE	NP:cds-XAJ25419.1	CAG	Q	CAA	Q	364
NP|PP755592.1|A/cattle/Texas/24-008749-003/2024(H5N1)	1305	C	T	280	140	33	1068	557	33	0.792285	1348	0	TRUE	NP:cds-XAJ25419.1	GGC	G	GGT	G	435
