REGION	POS	REF	ALT	REF_DP	REF_RV	REF_QUAL	ALT_DP	ALT_RV	ALT_QUAL	ALT_FREQ	TOTAL_DP	PVAL	PASS	GFF_FEATURE	REF_CODON	REF_AA	ALT_CODON	ALT_AA	POS_AA
NP|PP755592.1|A/cattle/Texas/24-008749-003/2024(H5N1)	272	A	G	1355	649	38	14	4	40	0.0102264	1369	2.01471e-05	TRUE	NP:cds-XAJ25419.1	AAG	K	AGG	R	91
NP|PP755592.1|A/cattle/Texas/24-008749-003/2024(H5N1)	334	G	A	1249	672	38	67	24	35	0.0509119	1316	1.04776e-21	TRUE	NP:cds-XAJ25419.1	GAC	D	AAC	N	112
NP|PP755592.1|A/cattle/Texas/24-008749-003/2024(H5N1)	355	A	G	0	0	0	1289	739	38	1	1289	0	TRUE	NP:cds-XAJ25419.1	ATT	I	GTT	V	119
NP|PP755592.1|A/cattle/Texas/24-008749-003/2024(H5N1)	393	T	C	1364	808	40	16	9	36	0.0115942	1380	2.89859e-05	TRUE	NP:cds-XAJ25419.1	GCT	A	GCC	A	131
NP|PP755592.1|A/cattle/Texas/24-008749-003/2024(H5N1)	474	A	G	0	0	0	1273	711	36	1	1273	0	TRUE	NP:cds-XAJ25419.1	GGA	G	GGG	G	158
NP|PP755592.1|A/cattle/Texas/24-008749-003/2024(H5N1)	498	G	A	0	0	0	1229	535	36	0.999187	1230	0	TRUE	NP:cds-XAJ25419.1	CTG	L	CTA	L	166
NP|PP755592.1|A/cattle/Texas/24-008749-003/2024(H5N1)	508	T	C	1216	482	36	55	17	34	0.043273	1271	3.49827e-17	TRUE	NP:cds-XAJ25419.1	TCA	S	CCA	P	170
NP|PP755592.1|A/cattle/Texas/24-008749-003/2024(H5N1)	591	C	T	1257	512	40	19	8	38	0.0148903	1276	3.06797e-06	TRUE	NP:cds-XAJ25419.1	ATC	I	ATT	I	197
NP|PP755592.1|A/cattle/Texas/24-008749-003/2024(H5N1)	870	C	T	0	0	0	1207	593	36	1	1207	0	TRUE	NP:cds-XAJ25419.1	GAC	D	GAT	D	290
NP|PP755592.1|A/cattle/Texas/24-008749-003/2024(H5N1)	1014	T	C	0	0	0	1242	684	38	1	1242	0	TRUE	NP:cds-XAJ25419.1	TTT	F	TTC	F	338
NP|PP755592.1|A/cattle/Texas/24-008749-003/2024(H5N1)	1092	G	A	0	0	0	1282	603	39	1	1282	0	TRUE	NP:cds-XAJ25419.1	CAG	Q	CAA	Q	364
