REGION	POS	REF	ALT	REF_DP	REF_RV	REF_QUAL	ALT_DP	ALT_RV	ALT_QUAL	ALT_FREQ	TOTAL_DP	PVAL	PASS	GFF_FEATURE	REF_CODON	REF_AA	ALT_CODON	ALT_AA	POS_AA
PB1|PP755595.1|A/cattle/Texas/24-008749-003/2024(H5N1)	166	A	G	269	49	41	5	0	37	0.0182482	274	0.0217291	FALSE	PB1:cds-XAJ25424.1	ACA	T	GCA	A	56
PB1|PP755595.1|A/cattle/Texas/24-008749-003/2024(H5N1)	166	A	G	269	49	41	5	0	37	0.0182482	274	0.0217291	FALSE	PB1-F2:cds-XAJ25425.1	GGA	G	GGG	G	24
PB1|PP755595.1|A/cattle/Texas/24-008749-003/2024(H5N1)	914	A	G	323	176	40	4	1	34	0.0122324	327	0.0468862	FALSE	PB1:cds-XAJ25424.1	GAC	D	GGC	G	305
PB1|PP755595.1|A/cattle/Texas/24-008749-003/2024(H5N1)	945	T	C	0	0	0	333	192	39	1	333	2.08961e-210	TRUE	PB1:cds-XAJ25424.1	CCT	P	CCC	P	315
PB1|PP755595.1|A/cattle/Texas/24-008749-003/2024(H5N1)	1047	A	T	338	130	40	4	2	67	0.0116959	342	0.0472042	FALSE	PB1:cds-XAJ25424.1	GCA	A	GCT	A	349
PB1|PP755595.1|A/cattle/Texas/24-008749-003/2024(H5N1)	2273	A	C	71	48	32	1	1	22	0.0138889	72	0.560404	FALSE	PB1:cds-XAJ25424.1	TAG	*	TCG	S	758
