REGION	POS	REF	ALT	REF_DP	REF_RV	REF_QUAL	ALT_DP	ALT_RV	ALT_QUAL	ALT_FREQ	TOTAL_DP	PVAL	PASS	GFF_FEATURE	REF_CODON	REF_AA	ALT_CODON	ALT_AA	POS_AA
PA|PP755594.1|A/cattle/Texas/24-008749-003/2024(H5N1)	7	G	A	116	50	43	2	0	34	0.0169492	118	0.0113789	FALSE	PA:cds-XAJ25422.1	GAC	D	AAC	N	3
PA|PP755594.1|A/cattle/Texas/24-008749-003/2024(H5N1)	7	G	A	116	50	43	2	0	34	0.0169492	118	0.0113789	FALSE	PA-X:cds-XAJ25423.1	GAC	D	AAC	N	3
PA|PP755594.1|A/cattle/Texas/24-008749-003/2024(H5N1)	58	G	A	0	0	0	360	139	48	1	360	0	TRUE	PA:cds-XAJ25422.1	GCA	A	ACA	T	20
PA|PP755594.1|A/cattle/Texas/24-008749-003/2024(H5N1)	58	G	A	0	0	0	360	139	48	1	360	0	TRUE	PA-X:cds-XAJ25423.1	GCA	A	ACA	T	20
PA|PP755594.1|A/cattle/Texas/24-008749-003/2024(H5N1)	301	G	A	1142	538	54	51	22	51	0.0427494	1193	1.07464e-22	TRUE	PA:cds-XAJ25422.1	GAA	E	AAA	K	101
PA|PP755594.1|A/cattle/Texas/24-008749-003/2024(H5N1)	301	G	A	1142	538	54	51	22	51	0.0427494	1193	1.07464e-22	TRUE	PA-X:cds-XAJ25423.1	GAA	E	AAA	K	101
PA|PP755594.1|A/cattle/Texas/24-008749-003/2024(H5N1)	582	C	T	1268	604	54	59	26	51	0.0444612	1327	4.91296e-26	TRUE	PA:cds-XAJ25422.1	TCC	S	TCT	S	194
PA|PP755594.1|A/cattle/Texas/24-008749-003/2024(H5N1)	582	C	T	1268	604	54	59	26	51	0.0444612	1327	4.91296e-26	TRUE	PA-X:cds-XAJ25423.1	CCG	P	CTG	L	4
PA|PP755594.1|A/cattle/Texas/24-008749-003/2024(H5N1)	822	T	C	1289	635	52	59	25	50	0.0437685	1348	3.12848e-25	TRUE	PA:cds-XAJ25422.1	CCT	P	CCC	P	274
PA|PP755594.1|A/cattle/Texas/24-008749-003/2024(H5N1)	942	T	C	1	1	68	1488	658	54	0.999328	1489	0	TRUE	PA:cds-XAJ25422.1	TTT	F	TTC	F	314
PA|PP755594.1|A/cattle/Texas/24-008749-003/2024(H5N1)	981	G	A	2	1	38	1544	660	55	0.998706	1546	0	TRUE	PA:cds-XAJ25422.1	GAG	E	GAA	E	327
PA|PP755594.1|A/cattle/Texas/24-008749-003/2024(H5N1)	1294	G	A	0	0	0	1552	828	52	1	1552	0	TRUE	PA:cds-XAJ25422.1	GTT	V	ATT	I	432
PA|PP755594.1|A/cattle/Texas/24-008749-003/2024(H5N1)	1545	C	A	1	1	33	1598	826	54	0.999375	1599	0	TRUE	PA:cds-XAJ25422.1	ACC	T	ACA	T	515
PA|PP755594.1|A/cattle/Texas/24-008749-003/2024(H5N1)	2128	T	C	692	461	55	50	32	49	0.0673854	742	1.47553e-22	TRUE	PA:cds-XAJ25422.1	TTC	F	CTC	L	710
