REGION	POS	REF	ALT	REF_DP	REF_RV	REF_QUAL	ALT_DP	ALT_RV	ALT_QUAL	ALT_FREQ	TOTAL_DP	PVAL	PASS	GFF_FEATURE	REF_CODON	REF_AA	ALT_CODON	ALT_AA	POS_AA
PA|PP755594.1|A/cattle/Texas/24-008749-003/2024(H5N1)	785	A	G	2489	1607	36	28	19	40	0.0111199	2518	8.13904e-10	TRUE	PA:cds-XAJ25422.1	AAG	K	AGG	R	262
PA|PP755594.1|A/cattle/Texas/24-008749-003/2024(H5N1)	981	G	A	0	0	0	2107	711	35	0.999526	2108	0	TRUE	PA:cds-XAJ25422.1	GAG	E	GAA	E	327
PA|PP755594.1|A/cattle/Texas/24-008749-003/2024(H5N1)	1107	A	G	2296	1522	35	47	36	34	0.0200598	2343	1.25926e-13	TRUE	PA:cds-XAJ25422.1	GCA	A	GCG	A	369
PA|PP755594.1|A/cattle/Texas/24-008749-003/2024(H5N1)	1294	G	A	0	0	0	2448	1219	37	0.999184	2450	0	TRUE	PA:cds-XAJ25422.1	GTT	V	ATT	I	432
PA|PP755594.1|A/cattle/Texas/24-008749-003/2024(H5N1)	1542	C	T	2279	1246	37	381	215	36	0.143233	2660	5.70502e-128	TRUE	PA:cds-XAJ25422.1	GAC	D	GAT	D	514
PA|PP755594.1|A/cattle/Texas/24-008749-003/2024(H5N1)	1785	G	A	2535	1073	36	70	21	34	0.0268611	2606	1.29547e-20	TRUE	PA:cds-XAJ25422.1	ATG	M	ATA	I	595
