REGION	POS	REF	ALT	REF_DP	REF_RV	REF_QUAL	ALT_DP	ALT_RV	ALT_QUAL	ALT_FREQ	TOTAL_DP	PVAL	PASS	GFF_FEATURE	REF_CODON	REF_AA	ALT_CODON	ALT_AA	POS_AA
PB1|PP755595.1|A/cattle/Texas/24-008749-003/2024(H5N1)	708	A	G	61	30	34	1914	891	36	0.969114	1975	0	TRUE	PB1:cds-XAJ25424.1	TTA	L	TTG	L	236
PB1|PP755595.1|A/cattle/Texas/24-008749-003/2024(H5N1)	921	T	C	67	51	37	1924	1090	37	0.966349	1991	0	TRUE	PB1:cds-XAJ25424.1	ACT	T	ACC	T	307
PB1|PP755595.1|A/cattle/Texas/24-008749-003/2024(H5N1)	945	T	C	1	1	34	1852	1069	36	0.99946	1853	0	TRUE	PB1:cds-XAJ25424.1	CCT	P	CCC	P	315
PB1|PP755595.1|A/cattle/Texas/24-008749-003/2024(H5N1)	1129	G	A	2084	1029	39	57	17	37	0.0266231	2141	1.26004e-17	TRUE	PB1:cds-XAJ25424.1	GAT	D	AAT	N	377
PB1|PP755595.1|A/cattle/Texas/24-008749-003/2024(H5N1)	1266	G	A	1857	810	37	421	157	36	0.184811	2278	6.6477e-144	TRUE	PB1:cds-XAJ25424.1	TCG	S	TCA	S	422
PB1|PP755595.1|A/cattle/Texas/24-008749-003/2024(H5N1)	1317	T	C	939	455	37	1477	596	37	0.611341	2416	0	TRUE	PB1:cds-XAJ25424.1	GAT	D	GAC	D	439
PB1|PP755595.1|A/cattle/Texas/24-008749-003/2024(H5N1)	1512	T	C	3310	1450	39	74	31	37	0.0218676	3384	4.23639e-21	TRUE	PB1:cds-XAJ25424.1	AAT	N	AAC	N	504
PB1|PP755595.1|A/cattle/Texas/24-008749-003/2024(H5N1)	1542	T	C	3445	1769	39	153	66	36	0.0425236	3598	2.98628e-47	TRUE	PB1:cds-XAJ25424.1	GTT	V	GTC	V	514
PB1|PP755595.1|A/cattle/Texas/24-008749-003/2024(H5N1)	1929	T	C	4122	2389	37	56	24	36	0.0134003	4179	1.08289e-14	TRUE	PB1:cds-XAJ25424.1	GCT	A	GCC	A	643
PB1|PP755595.1|A/cattle/Texas/24-008749-003/2024(H5N1)	1989	T	C	278	138	35	3504	1664	37	0.926494	3782	0	TRUE	PB1:cds-XAJ25424.1	ACT	T	ACC	T	663
PB1|PP755595.1|A/cattle/Texas/24-008749-003/2024(H5N1)	2073	G	A	3505	1663	39	222	94	37	0.0595653	3727	2.99861e-71	TRUE	PB1:cds-XAJ25424.1	AAG	K	AAA	K	691
