REGION	POS	REF	ALT	REF_DP	REF_RV	REF_QUAL	ALT_DP	ALT_RV	ALT_QUAL	ALT_FREQ	TOTAL_DP	PVAL	PASS	GFF_FEATURE	REF_CODON	REF_AA	ALT_CODON	ALT_AA	POS_AA
HA|PP755589.1|A/cattle/Texas/24-008749-003/2024(H5N1)	311	A	G	21	10	33	3124	1556	33	0.993323	3145	0	TRUE	HA:cds-XAJ25415.1	GAC	D	GGC	G	104
HA|PP755589.1|A/cattle/Texas/24-008749-003/2024(H5N1)	651	G	A	3	1	34	2525	1148	33	0.998418	2529	0	TRUE	HA:cds-XAJ25415.1	GGG	G	GGA	G	217
HA|PP755589.1|A/cattle/Texas/24-008749-003/2024(H5N1)	675	G	A	5	2	32	2501	1162	32	0.998005	2506	0	TRUE	HA:cds-XAJ25415.1	TTG	L	TTA	L	225
HA|PP755589.1|A/cattle/Texas/24-008749-003/2024(H5N1)	688	G	T	0	0	0	2275	1054	33	1	2275	0	TRUE	HA:cds-XAJ25415.1	GCT	A	TCT	S	230
HA|PP755589.1|A/cattle/Texas/24-008749-003/2024(H5N1)	699	C	T	99	42	33	2369	1132	33	0.959887	2468	0	TRUE	HA:cds-XAJ25415.1	TCC	S	TCT	S	233
HA|PP755589.1|A/cattle/Texas/24-008749-003/2024(H5N1)	876	C	T	2358	1153	33	243	136	33	0.0934256	2601	4.13374e-74	TRUE	HA:cds-XAJ25415.1	ACC	T	ACT	T	292
HA|PP755589.1|A/cattle/Texas/24-008749-003/2024(H5N1)	1007	G	A	3	2	34	2720	1496	33	0.998898	2723	0	TRUE	HA:cds-XAJ25415.1	AGT	S	AAT	N	336
HA|PP755589.1|A/cattle/Texas/24-008749-003/2024(H5N1)	1035	A	G	2	0	34	2409	1406	32	0.99917	2411	0	TRUE	HA:cds-XAJ25415.1	AGA	R	AGG	R	345
