REGION	POS	REF	ALT	REF_DP	REF_RV	REF_QUAL	ALT_DP	ALT_RV	ALT_QUAL	ALT_FREQ	TOTAL_DP	PVAL	PASS	GFF_FEATURE	REF_CODON	REF_AA	ALT_CODON	ALT_AA	POS_AA
MP|PP755590.1|A/cattle/Texas/24-008749-003/2024(H5N1)	192	C	T	12107	4243	36	2227	863	36	0.155354	14335	0	TRUE	M1:cds-XAJ25416.1	TTC	F	TTT	F	64
MP|PP755590.1|A/cattle/Texas/24-008749-003/2024(H5N1)	245	G	A	1	0	34	15916	5891	36	0.999686	15921	0	TRUE	M1:cds-XAJ25416.1	AGT	S	AAT	N	82
MP|PP755590.1|A/cattle/Texas/24-008749-003/2024(H5N1)	327	C	T	17582	8611	37	851	461	35	0.0461547	18438	6.58628e-251	TRUE	M1:cds-XAJ25416.1	TTC	F	TTT	F	109
MP|PP755590.1|A/cattle/Texas/24-008749-003/2024(H5N1)	645	G	A	19216	8774	36	201	62	34	0.0103507	19419	6.30564e-42	TRUE	M1:cds-XAJ25416.1	GCG	A	GCA	A	215
MP|PP755590.1|A/cattle/Texas/24-008749-003/2024(H5N1)	774	C	G	14868	8880	37	173	133	35	0.0114935	15052	3.70159e-39	TRUE	M2:cds-XAJ25417.1	GCC	A	GGC	G	20
MP|PP755590.1|A/cattle/Texas/24-008749-003/2024(H5N1)	843	A	G	16459	14898	36	179	162	35	0.0107572	16640	4.93294e-39	TRUE	M2:cds-XAJ25417.1	TAT	Y	TGT	C	43
