REGION	POS	REF	ALT	REF_DP	REF_RV	REF_QUAL	ALT_DP	ALT_RV	ALT_QUAL	ALT_FREQ	TOTAL_DP	PVAL	PASS	GFF_FEATURE	REF_CODON	REF_AA	ALT_CODON	ALT_AA	POS_AA
NP|PP755592.1|A/cattle/Texas/24-008749-003/2024(H5N1)	106	A	G	0	0	0	3215	1067	39	1	3215	0	TRUE	NP:cds-XAJ25419.1	ATC	I	GTC	V	36
NP|PP755592.1|A/cattle/Texas/24-008749-003/2024(H5N1)	355	A	G	3	2	45	5737	2951	40	0.999477	5740	0	TRUE	NP:cds-XAJ25419.1	ATT	I	GTT	V	119
NP|PP755592.1|A/cattle/Texas/24-008749-003/2024(H5N1)	498	G	A	5	5	34	5650	2693	37	0.998939	5656	0	TRUE	NP:cds-XAJ25419.1	CTG	L	CTA	L	166
NP|PP755592.1|A/cattle/Texas/24-008749-003/2024(H5N1)	582	T	C	3	0	49	5854	2282	42	0.999488	5857	0	TRUE	NP:cds-XAJ25419.1	ATT	I	ATC	I	194
NP|PP755592.1|A/cattle/Texas/24-008749-003/2024(H5N1)	756	A	G	2	0	34	5762	3129	39	0.999653	5764	0	TRUE	NP:cds-XAJ25419.1	GAA	E	GAG	E	252
NP|PP755592.1|A/cattle/Texas/24-008749-003/2024(H5N1)	870	C	T	5	4	40	5377	2572	38	0.999071	5382	0	TRUE	NP:cds-XAJ25419.1	GAC	D	GAT	D	290
NP|PP755592.1|A/cattle/Texas/24-008749-003/2024(H5N1)	1014	T	C	1	1	34	5772	3100	40	0.999827	5773	0	TRUE	NP:cds-XAJ25419.1	TTT	F	TTC	F	338
NP|PP755592.1|A/cattle/Texas/24-008749-003/2024(H5N1)	1092	G	A	5	2	47	5865	2804	41	0.998978	5871	0	TRUE	NP:cds-XAJ25419.1	CAG	Q	CAA	Q	364
