REGION	POS	REF	ALT	REF_DP	REF_RV	REF_QUAL	ALT_DP	ALT_RV	ALT_QUAL	ALT_FREQ	TOTAL_DP	PVAL	PASS	GFF_FEATURE	REF_CODON	REF_AA	ALT_CODON	ALT_AA	POS_AA
NA|PP755591.1|A/cattle/Texas/24-008749-003/2024(H5N1)	14	A	C	63	9	38	1	0	37	0.015625	64	0.119626	FALSE	NA:cds-XAJ25418.1	CAA	Q	CCA	P	5
NA|PP755591.1|A/cattle/Texas/24-008749-003/2024(H5N1)	461	C	T	1270	569	38	16	6	37	0.0124417	1286	7.09269e-05	TRUE	NA:cds-XAJ25418.1	CCT	P	CTT	L	154
NA|PP755591.1|A/cattle/Texas/24-008749-003/2024(H5N1)	545	G	A	1298	584	38	21	9	36	0.0159212	1319	2.8091e-06	TRUE	NA:cds-XAJ25418.1	AGT	S	AAT	N	182
NA|PP755591.1|A/cattle/Texas/24-008749-003/2024(H5N1)	571	T	C	0	0	0	1212	554	38	1	1212	0	TRUE	NA:cds-XAJ25418.1	TTG	L	CTG	L	191
NA|PP755591.1|A/cattle/Texas/24-008749-003/2024(H5N1)	595	G	T	1363	680	39	14	9	35	0.010167	1377	0.000234484	TRUE	NA:cds-XAJ25418.1	GAC	D	TAC	Y	199
NA|PP755591.1|A/cattle/Texas/24-008749-003/2024(H5N1)	771	G	A	0	0	0	1187	702	38	1	1187	0	TRUE	NA:cds-XAJ25418.1	AAG	K	AAA	K	257
NA|PP755591.1|A/cattle/Texas/24-008749-003/2024(H5N1)	1185	A	G	0	0	0	1318	886	39	1	1318	0	TRUE	NA:cds-XAJ25418.1	GAA	E	GAG	E	395
NA|PP755591.1|A/cattle/Texas/24-008749-003/2024(H5N1)	1361	G	A	1121	1056	40	26	24	41	0.0226678	1147	3.29671e-09	TRUE	NA:cds-XAJ25418.1	GGT	G	GAT	D	454
