REGION	POS	REF	ALT	REF_DP	REF_RV	REF_QUAL	ALT_DP	ALT_RV	ALT_QUAL	ALT_FREQ	TOTAL_DP	PVAL	PASS	GFF_FEATURE	REF_CODON	REF_AA	ALT_CODON	ALT_AA	POS_AA
NP|PP755592.1|A/cattle/Texas/24-008749-003/2024(H5N1)	183	A	G	4649	2045	33	77	46	33	0.0162928	4726	2.62476e-19	TRUE	NP:cds-XAJ25419.1	ATA	I	ATG	M	61
NP|PP755592.1|A/cattle/Texas/24-008749-003/2024(H5N1)	355	A	G	0	0	0	4850	2578	33	1	4850	0	TRUE	NP:cds-XAJ25419.1	ATT	I	GTT	V	119
NP|PP755592.1|A/cattle/Texas/24-008749-003/2024(H5N1)	409	A	G	5250	3071	33	77	48	32	0.0144547	5327	2.5869e-18	TRUE	NP:cds-XAJ25419.1	ATG	M	GTG	V	137
NP|PP755592.1|A/cattle/Texas/24-008749-003/2024(H5N1)	414	T	C	4639	2585	32	187	97	33	0.0387484	4826	3.8271e-54	TRUE	NP:cds-XAJ25419.1	ATT	I	ATC	I	138
NP|PP755592.1|A/cattle/Texas/24-008749-003/2024(H5N1)	498	G	A	0	0	0	4695	2124	33	1	4695	0	TRUE	NP:cds-XAJ25419.1	CTG	L	CTA	L	166
NP|PP755592.1|A/cattle/Texas/24-008749-003/2024(H5N1)	687	G	A	4052	2356	33	419	256	32	0.0937151	4471	2.47211e-125	TRUE	NP:cds-XAJ25419.1	AAG	K	AAA	K	229
NP|PP755592.1|A/cattle/Texas/24-008749-003/2024(H5N1)	870	C	T	0	0	0	4400	2118	33	1	4400	0	TRUE	NP:cds-XAJ25419.1	GAC	D	GAT	D	290
NP|PP755592.1|A/cattle/Texas/24-008749-003/2024(H5N1)	1006	G	A	4742	2590	33	55	24	33	0.0114655	4797	3.34575e-13	TRUE	NP:cds-XAJ25419.1	GCA	A	ACA	T	336
NP|PP755592.1|A/cattle/Texas/24-008749-003/2024(H5N1)	1014	T	C	1	0	34	4654	2506	33	0.999785	4655	0	TRUE	NP:cds-XAJ25419.1	TTT	F	TTC	F	338
NP|PP755592.1|A/cattle/Texas/24-008749-003/2024(H5N1)	1092	G	A	0	0	0	4888	2464	33	0.999591	4890	0	TRUE	NP:cds-XAJ25419.1	CAG	Q	CAA	Q	364
NP|PP755592.1|A/cattle/Texas/24-008749-003/2024(H5N1)	1116	G	T	0	0	0	4854	2525	33	0.999177	4858	0	TRUE	NP:cds-XAJ25419.1	GAG	E	GAT	D	372
NP|PP755592.1|A/cattle/Texas/24-008749-003/2024(H5N1)	1125	T	C	3	2	31	5041	2613	33	0.999405	5044	0	TRUE	NP:cds-XAJ25419.1	GAT	D	GAC	D	375
NP|PP755592.1|A/cattle/Texas/24-008749-003/2024(H5N1)	1332	C	T	4153	2289	33	58	36	32	0.0137735	4211	6.0059e-14	TRUE	NP:cds-XAJ25419.1	ATC	I	ATT	I	444
