REGION	POS	REF	ALT	REF_DP	REF_RV	REF_QUAL	ALT_DP	ALT_RV	ALT_QUAL	ALT_FREQ	TOTAL_DP	PVAL	PASS	GFF_FEATURE	REF_CODON	REF_AA	ALT_CODON	ALT_AA	POS_AA
NS|PP755593.1|A/cattle/Texas/24-008749-003/2024(H5N1)	62	G	A	0	0	0	6	0	32	1	6	0.00108225	TRUE	NS1:cds-XAJ25420.1	CGA	R	CAA	Q	21
NS|PP755593.1|A/cattle/Texas/24-008749-003/2024(H5N1)	91	C	A	6	0	32	1	0	34	0.142857	7	0.538462	FALSE	NS1:cds-XAJ25420.1	CCA	P	ACA	T	31
NS|PP755593.1|A/cattle/Texas/24-008749-003/2024(H5N1)	344	T	A	2734	10	33	49	0	33	0.0176069	2783	1.62304e-13	TRUE	NS1:cds-XAJ25420.1	CTC	L	CAC	H	115
NS|PP755593.1|A/cattle/Texas/24-008749-003/2024(H5N1)	350	T	C	2565	10	33	242	1	33	0.0861823	2808	3.64116e-74	TRUE	NS1:cds-XAJ25420.1	ATC	I	ACC	T	117
NS|PP755593.1|A/cattle/Texas/24-008749-003/2024(H5N1)	351	C	T	2606	11	33	103	0	32	0.0379934	2711	2.14159e-30	TRUE	NS1:cds-XAJ25420.1	ATC	I	ATT	I	117
NS|PP755593.1|A/cattle/Texas/24-008749-003/2024(H5N1)	353	G	-AA	2793	10	33	106	0	20	0.0367418	2885	2.5418e-12	TRUE	NA	NA	NA	NA	NA	NA
NS|PP755593.1|A/cattle/Texas/24-008749-003/2024(H5N1)	357	G	+T	2668	11	33	105	0	20	0.0365472	2873	7.95609e-13	TRUE	NA	NA	NA	NA	NA	NA
NS|PP755593.1|A/cattle/Texas/24-008749-003/2024(H5N1)	441	C	T	0	0	0	3241	156	34	0.999692	3242	0	TRUE	NS1:cds-XAJ25420.1	CTC	L	CTT	L	147
NS|PP755593.1|A/cattle/Texas/24-008749-003/2024(H5N1)	489	G	A	1	1	34	6093	4604	40	0.999672	6095	0	TRUE	NS1:cds-XAJ25420.1	TTG	L	TTA	L	163
