REGION	POS	REF	ALT	REF_DP	REF_RV	REF_QUAL	ALT_DP	ALT_RV	ALT_QUAL	ALT_FREQ	TOTAL_DP	PVAL	PASS	GFF_FEATURE	REF_CODON	REF_AA	ALT_CODON	ALT_AA	POS_AA
NP|PP755592.1|A/cattle/Texas/24-008749-003/2024(H5N1)	102	C	T	6535	2906	33	409	181	33	0.0588998	6944	3.83512e-176	TRUE	NP:cds-XAJ25419.1	GGC	G	GGT	G	34
NP|PP755592.1|A/cattle/Texas/24-008749-003/2024(H5N1)	322	T	C	10321	3895	32	166	95	33	0.015805	10503	4.17035e-45	TRUE	NP:cds-XAJ25419.1	TTG	L	CTG	L	108
NP|PP755592.1|A/cattle/Texas/24-008749-003/2024(H5N1)	355	A	G	0	0	0	13049	6663	33	0.999923	13050	0	TRUE	NP:cds-XAJ25419.1	ATT	I	GTT	V	119
NP|PP755592.1|A/cattle/Texas/24-008749-003/2024(H5N1)	498	G	A	7	6	34	12723	5999	33	0.999293	12732	0	TRUE	NP:cds-XAJ25419.1	CTG	L	CTA	L	166
NP|PP755592.1|A/cattle/Texas/24-008749-003/2024(H5N1)	582	T	C	9848	4144	33	4861	1944	33	0.330186	14722	0	TRUE	NP:cds-XAJ25419.1	ATT	I	ATC	I	194
NP|PP755592.1|A/cattle/Texas/24-008749-003/2024(H5N1)	600	A	G	13785	6071	33	815	385	33	0.0558028	14605	2.75038e-229	TRUE	NP:cds-XAJ25419.1	GGA	G	GGG	G	200
NP|PP755592.1|A/cattle/Texas/24-008749-003/2024(H5N1)	663	A	G	12610	6874	32	152	90	33	0.0119085	12764	6.51337e-34	TRUE	NP:cds-XAJ25419.1	AGA	R	AGG	R	221
NP|PP755592.1|A/cattle/Texas/24-008749-003/2024(H5N1)	870	C	T	8	3	34	12665	5759	33	0.99929	12674	0	TRUE	NP:cds-XAJ25419.1	GAC	D	GAT	D	290
NP|PP755592.1|A/cattle/Texas/24-008749-003/2024(H5N1)	1014	T	C	8	3	34	14207	7514	33	0.999437	14215	0	TRUE	NP:cds-XAJ25419.1	TTT	F	TTC	F	338
NP|PP755592.1|A/cattle/Texas/24-008749-003/2024(H5N1)	1017	G	A	13612	7114	33	803	409	33	0.0556865	14420	2.08894e-227	TRUE	NP:cds-XAJ25419.1	GAG	E	GAA	E	339
NP|PP755592.1|A/cattle/Texas/24-008749-003/2024(H5N1)	1078	A	G	12835	7117	32	371	191	33	0.0280827	13211	2.75351e-104	TRUE	NP:cds-XAJ25419.1	ACC	T	GCC	A	360
NP|PP755592.1|A/cattle/Texas/24-008749-003/2024(H5N1)	1092	G	A	8	6	34	15056	7196	33	0.999469	15064	0	TRUE	NP:cds-XAJ25419.1	CAG	Q	CAA	Q	364
NP|PP755592.1|A/cattle/Texas/24-008749-003/2024(H5N1)	1137	T	C	15265	7749	33	330	128	33	0.0211593	15596	8.8e-83	TRUE	NP:cds-XAJ25419.1	CTT	L	CTC	L	379
