REGION	POS	REF	ALT	REF_DP	REF_RV	REF_QUAL	ALT_DP	ALT_RV	ALT_QUAL	ALT_FREQ	TOTAL_DP	PVAL	PASS	GFF_FEATURE	REF_CODON	REF_AA	ALT_CODON	ALT_AA	POS_AA
NS|PP755593.1|A/cattle/Texas/24-008749-003/2024(H5N1)	64	T	G	15678	2433	38	196	31	37	0.0123457	15876	6.33564e-61	TRUE	NS1:cds-XAJ25420.1	TTT	F	GTT	V	22
NS|PP755593.1|A/cattle/Texas/24-008749-003/2024(H5N1)	199	A	G	10	1	31	30778	14595	38	0.999675	30788	0	TRUE	NS1:cds-XAJ25420.1	AGG	R	GGG	G	67
NS|PP755593.1|A/cattle/Texas/24-008749-003/2024(H5N1)	222	T	C	9	5	47	31475	17478	39	0.999651	31486	0	TRUE	NS1:cds-XAJ25420.1	GAT	D	GAC	D	74
NS|PP755593.1|A/cattle/Texas/24-008749-003/2024(H5N1)	225	G	A	455	247	38	30879	17238	39	0.985196	31343	0	TRUE	NS1:cds-XAJ25420.1	GAG	E	GAA	E	75
NS|PP755593.1|A/cattle/Texas/24-008749-003/2024(H5N1)	255	T	C	32257	18418	39	348	135	36	0.0106693	32617	2.48971e-75	TRUE	NS1:cds-XAJ25420.1	CCT	P	CCC	P	85
