REGION	POS	REF	ALT	REF_DP	REF_RV	REF_QUAL	ALT_DP	ALT_RV	ALT_QUAL	ALT_FREQ	TOTAL_DP	PVAL	PASS	GFF_FEATURE	REF_CODON	REF_AA	ALT_CODON	ALT_AA	POS_AA
PB2|PP755596.1|A/cattle/Texas/24-008749-003/2024(H5N1)	15	A	G	195	86	33	2	1	29	0.0101523	197	0.559205	FALSE	PB2:cds-XAJ25426.1	AAA	K	AAG	K	5
PB2|PP755596.1|A/cattle/Texas/24-008749-003/2024(H5N1)	42	T	C	478	219	33	5	2	31	0.010352	483	0.0125547	FALSE	PB2:cds-XAJ25426.1	TCT	S	TCC	S	14
PB2|PP755596.1|A/cattle/Texas/24-008749-003/2024(H5N1)	123	G	-AACCCT	1089	482	33	21	0	20	0.0143934	1459	0.0330613	FALSE	NA	NA	NA	NA	NA	NA
PB2|PP755596.1|A/cattle/Texas/24-008749-003/2024(H5N1)	172	G	A	92	46	33	1002	476	33	0.915905	1094	0	TRUE	PB2:cds-XAJ25426.1	GCA	A	ACA	T	58
PB2|PP755596.1|A/cattle/Texas/24-008749-003/2024(H5N1)	240	G	A	1	0	34	835	453	33	0.998804	836	0	TRUE	PB2:cds-XAJ25426.1	AAG	K	AAA	K	80
PB2|PP755596.1|A/cattle/Texas/24-008749-003/2024(H5N1)	271	G	A	66	39	33	808	445	33	0.923429	875	0	TRUE	PB2:cds-XAJ25426.1	GTA	V	ATA	I	91
PB2|PP755596.1|A/cattle/Texas/24-008749-003/2024(H5N1)	630	G	A	1	0	34	695	373	33	0.998563	696	0	TRUE	PB2:cds-XAJ25426.1	GAG	E	GAA	E	210
PB2|PP755596.1|A/cattle/Texas/24-008749-003/2024(H5N1)	707	A	G	814	420	33	9	5	34	0.0109356	823	0.00169496	TRUE	PB2:cds-XAJ25426.1	CAG	Q	CGG	R	236
PB2|PP755596.1|A/cattle/Texas/24-008749-003/2024(H5N1)	764	C	T	0	0	0	796	380	33	1	796	0	TRUE	PB2:cds-XAJ25426.1	GCA	A	GTA	V	255
PB2|PP755596.1|A/cattle/Texas/24-008749-003/2024(H5N1)	912	G	A	0	0	0	848	451	33	1	848	0	TRUE	PB2:cds-XAJ25426.1	GAG	E	GAA	E	304
PB2|PP755596.1|A/cattle/Texas/24-008749-003/2024(H5N1)	1063	A	G	682	331	33	7	4	32	0.0101597	689	0.00562272	TRUE	PB2:cds-XAJ25426.1	AGA	R	GGA	G	355
PB2|PP755596.1|A/cattle/Texas/24-008749-003/2024(H5N1)	1085	G	A	568	122	33	6	3	31	0.0103627	579	0.00465707	TRUE	PB2:cds-XAJ25426.1	GGG	G	GAG	E	362
PB2|PP755596.1|A/cattle/Texas/24-008749-003/2024(H5N1)	1343	A	G	982	541	33	16	8	34	0.016016	999	9.20851e-05	TRUE	PB2:cds-XAJ25426.1	AAT	N	AGT	S	448
PB2|PP755596.1|A/cattle/Texas/24-008749-003/2024(H5N1)	1392	G	A	0	0	0	928	569	33	1	928	0	TRUE	PB2:cds-XAJ25426.1	TTG	L	TTA	L	464
PB2|PP755596.1|A/cattle/Texas/24-008749-003/2024(H5N1)	2009	A	G	0	0	0	1319	647	33	1	1319	0	TRUE	PB2:cds-XAJ25426.1	AAA	K	AGA	R	670
PB2|PP755596.1|A/cattle/Texas/24-008749-003/2024(H5N1)	2056	G	A	1474	729	33	21	6	30	0.0140468	1495	4.55595e-06	TRUE	PB2:cds-XAJ25426.1	GTG	V	ATG	M	686
