REGION	POS	REF	ALT	REF_DP	REF_RV	REF_QUAL	ALT_DP	ALT_RV	ALT_QUAL	ALT_FREQ	TOTAL_DP	PVAL	PASS	GFF_FEATURE	REF_CODON	REF_AA	ALT_CODON	ALT_AA	POS_AA
HA|PP755589.1|A/cattle/Texas/24-008749-003/2024(H5N1)	34	A	G	1	0	34	1621	278	33	0.999383	1622	0	TRUE	HA:cds-XAJ25415.1	AGC	S	GGC	G	12
HA|PP755589.1|A/cattle/Texas/24-008749-003/2024(H5N1)	145	C	T	4805	1992	33	560	253	33	0.104361	5366	5.59763e-171	TRUE	HA:cds-XAJ25415.1	CTG	L	TTG	L	49
HA|PP755589.1|A/cattle/Texas/24-008749-003/2024(H5N1)	213	C	T	1	0	34	5389	2953	33	0.999814	5390	0	TRUE	HA:cds-XAJ25415.1	TGC	C	TGT	C	71
HA|PP755589.1|A/cattle/Texas/24-008749-003/2024(H5N1)	477	T	C	3	3	31	4567	2578	33	0.999344	4570	0	TRUE	HA:cds-XAJ25415.1	TTT	F	TTC	F	159
HA|PP755589.1|A/cattle/Texas/24-008749-003/2024(H5N1)	498	T	C	0	0	0	4384	2446	33	0.999772	4385	0	TRUE	HA:cds-XAJ25415.1	CTT	L	CTC	L	166
HA|PP755589.1|A/cattle/Texas/24-008749-003/2024(H5N1)	549	T	C	4045	1924	33	281	108	33	0.0649411	4327	1.43723e-83	TRUE	HA:cds-XAJ25415.1	ACT	T	ACC	T	183
HA|PP755589.1|A/cattle/Texas/24-008749-003/2024(H5N1)	651	G	A	0	0	0	4186	1954	33	0.999522	4188	0	TRUE	HA:cds-XAJ25415.1	GGG	G	GGA	G	217
HA|PP755589.1|A/cattle/Texas/24-008749-003/2024(H5N1)	819	T	C	0	0	0	4651	2690	33	1	4651	0	TRUE	HA:cds-XAJ25415.1	GTT	V	GTC	V	273
HA|PP755589.1|A/cattle/Texas/24-008749-003/2024(H5N1)	834	G	A	2	0	34	4533	2589	33	0.999118	4537	0	TRUE	HA:cds-XAJ25415.1	TCG	S	TCA	S	278
HA|PP755589.1|A/cattle/Texas/24-008749-003/2024(H5N1)	867	T	C	0	0	0	4472	2367	33	1	4472	0	TRUE	HA:cds-XAJ25415.1	CAT	H	CAC	H	289
HA|PP755589.1|A/cattle/Texas/24-008749-003/2024(H5N1)	921	T	C	0	0	0	4115	2415	33	0.999757	4116	0	TRUE	HA:cds-XAJ25415.1	TTT	F	TTC	F	307
HA|PP755589.1|A/cattle/Texas/24-008749-003/2024(H5N1)	1029	A	G	0	0	0	4033	2249	33	1	4033	0	TRUE	HA:cds-XAJ25415.1	AGA	R	AGG	R	343
HA|PP755589.1|A/cattle/Texas/24-008749-003/2024(H5N1)	1185	T	C	0	0	0	5875	2174	33	1	5875	0	TRUE	HA:cds-XAJ25415.1	AAT	N	AAC	N	395
HA|PP755589.1|A/cattle/Texas/24-008749-003/2024(H5N1)	1314	A	C	1	0	34	6296	3307	33	0.999841	6297	0	TRUE	HA:cds-XAJ25415.1	ACA	T	ACC	T	438
HA|PP755589.1|A/cattle/Texas/24-008749-003/2024(H5N1)	1443	C	T	127	46	33	6328	2769	33	0.980325	6455	0	TRUE	HA:cds-XAJ25415.1	GGC	G	GGT	G	481
HA|PP755589.1|A/cattle/Texas/24-008749-003/2024(H5N1)	1467	T	C	1	0	34	5861	3047	33	0.999659	5863	0	TRUE	HA:cds-XAJ25415.1	TGT	C	TGC	C	489
HA|PP755589.1|A/cattle/Texas/24-008749-003/2024(H5N1)	1567	T	C	0	0	0	7144	4062	33	0.99958	7147	0	TRUE	HA:cds-XAJ25415.1	TTA	L	CTA	L	523
