REGION	POS	REF	ALT	REF_DP	REF_RV	REF_QUAL	ALT_DP	ALT_RV	ALT_QUAL	ALT_FREQ	TOTAL_DP	PVAL	PASS	GFF_FEATURE	REF_CODON	REF_AA	ALT_CODON	ALT_AA	POS_AA
PA|PP755594.1|A/cattle/Texas/24-008749-003/2024(H5N1)	6	A	G	104	14	35	4	0	33	0.037037	108	0.000158911	TRUE	PA:cds-XAJ25422.1	GAA	E	GAG	E	2
PA|PP755594.1|A/cattle/Texas/24-008749-003/2024(H5N1)	6	A	G	104	14	35	4	0	33	0.037037	108	0.000158911	TRUE	PA-X:cds-XAJ25423.1	GAA	E	GAG	E	2
PA|PP755594.1|A/cattle/Texas/24-008749-003/2024(H5N1)	62	T	-GAAAGAATATGGGG	465	65	37	15	0	20	0.0120289	1247	0.00204528	TRUE	NA	NA	NA	NA	NA	NA
PA|PP755594.1|A/cattle/Texas/24-008749-003/2024(H5N1)	91	G	A	607	114	38	75	6	35	0.109971	682	2.63201e-37	TRUE	PA:cds-XAJ25422.1	GAG	E	AAG	K	31
PA|PP755594.1|A/cattle/Texas/24-008749-003/2024(H5N1)	91	G	A	607	114	38	75	6	35	0.109971	682	2.63201e-37	TRUE	PA-X:cds-XAJ25423.1	GAG	E	AAG	K	31
PA|PP755594.1|A/cattle/Texas/24-008749-003/2024(H5N1)	144	T	C	1	0	27	1014	437	41	0.999015	1015	0	TRUE	PA:cds-XAJ25422.1	TAT	Y	TAC	Y	48
PA|PP755594.1|A/cattle/Texas/24-008749-003/2024(H5N1)	144	T	C	1	0	27	1014	437	41	0.999015	1015	0	TRUE	PA-X:cds-XAJ25423.1	TAT	Y	TAC	Y	48
PA|PP755594.1|A/cattle/Texas/24-008749-003/2024(H5N1)	202	C	T	0	0	0	898	537	41	1	898	0	TRUE	PA:cds-XAJ25422.1	CCA	P	TCA	S	68
PA|PP755594.1|A/cattle/Texas/24-008749-003/2024(H5N1)	202	C	T	0	0	0	898	537	41	1	898	0	TRUE	PA-X:cds-XAJ25423.1	CCA	P	TCA	S	68
PA|PP755594.1|A/cattle/Texas/24-008749-003/2024(H5N1)	981	G	A	0	0	0	962	346	39	1	962	0	TRUE	PA:cds-XAJ25422.1	GAG	E	GAA	E	327
PA|PP755594.1|A/cattle/Texas/24-008749-003/2024(H5N1)	1176	G	A	379	211	37	800	361	37	0.678541	1179	0	TRUE	PA:cds-XAJ25422.1	CAG	Q	CAA	Q	392
PA|PP755594.1|A/cattle/Texas/24-008749-003/2024(H5N1)	1294	G	A	1	1	34	1145	558	43	0.999127	1146	0	TRUE	PA:cds-XAJ25422.1	GTT	V	ATT	I	432
PA|PP755594.1|A/cattle/Texas/24-008749-003/2024(H5N1)	1687	C	T	6	1	32	1225	541	39	0.995126	1231	0	TRUE	PA:cds-XAJ25422.1	CTG	L	TTG	L	563
PA|PP755594.1|A/cattle/Texas/24-008749-003/2024(H5N1)	1963	C	T	1	1	34	1285	661	38	0.999222	1286	0	TRUE	PA:cds-XAJ25422.1	CTC	L	TTC	F	655
PA|PP755594.1|A/cattle/Texas/24-008749-003/2024(H5N1)	2043	C	-GATCTT	1369	954	43	19	0	20	0.0103205	1841	0.193063	FALSE	NA	NA	NA	NA	NA	NA
