REGION	POS	REF	ALT	REF_DP	REF_RV	REF_QUAL	ALT_DP	ALT_RV	ALT_QUAL	ALT_FREQ	TOTAL_DP	PVAL	PASS	GFF_FEATURE	REF_CODON	REF_AA	ALT_CODON	ALT_AA	POS_AA
NA|PP755591.1|A/cattle/Texas/24-008749-003/2024(H5N1)	387	C	T	309	145	33	4	2	34	0.0127796	313	0.0573628	FALSE	NA:cds-XAJ25418.1	TGC	C	TGT	C	129
NA|PP755591.1|A/cattle/Texas/24-008749-003/2024(H5N1)	476	T	C	311	149	32	6	1	34	0.0189274	317	0.0108414	FALSE	NA:cds-XAJ25418.1	ATG	M	ACG	T	159
NA|PP755591.1|A/cattle/Texas/24-008749-003/2024(H5N1)	571	T	C	0	0	0	351	162	33	1	351	8.45612e-214	TRUE	NA:cds-XAJ25418.1	TTG	L	CTG	L	191
NA|PP755591.1|A/cattle/Texas/24-008749-003/2024(H5N1)	633	A	G	353	169	33	6	3	31	0.0167131	359	0.0144314	FALSE	NA:cds-XAJ25418.1	ATA	I	ATG	M	211
NA|PP755591.1|A/cattle/Texas/24-008749-003/2024(H5N1)	731	A	G	361	193	33	4	3	34	0.0109589	365	0.0596597	FALSE	NA:cds-XAJ25418.1	GAT	D	GGT	G	244
NA|PP755591.1|A/cattle/Texas/24-008749-003/2024(H5N1)	754	T	C	327	159	33	4	3	34	0.0120846	331	0.0590213	FALSE	NA:cds-XAJ25418.1	TCA	S	CCA	P	252
NA|PP755591.1|A/cattle/Texas/24-008749-003/2024(H5N1)	901	C	T	307	173	33	6	3	34	0.0191693	313	0.0136034	FALSE	NA:cds-XAJ25418.1	CGG	R	TGG	W	301
NA|PP755591.1|A/cattle/Texas/24-008749-003/2024(H5N1)	936	T	C	0	0	0	299	175	33	1	299	4.40944e-189	TRUE	NA:cds-XAJ25418.1	TAT	Y	TAC	Y	312
NA|PP755591.1|A/cattle/Texas/24-008749-003/2024(H5N1)	1131	G	A	283	161	33	11	3	32	0.037415	294	0.000389302	TRUE	NA:cds-XAJ25418.1	CCG	P	CCA	P	377
NA|PP755591.1|A/cattle/Texas/24-008749-003/2024(H5N1)	1147	A	G	264	171	32	6	3	34	0.0222222	270	0.00881905	TRUE	NA:cds-XAJ25418.1	ACG	T	GCG	A	383
NA|PP755591.1|A/cattle/Texas/24-008749-003/2024(H5N1)	1185	A	G	0	0	0	243	150	33	1	243	5.42642e-152	TRUE	NA:cds-XAJ25418.1	GAA	E	GAG	E	395
NA|PP755591.1|A/cattle/Texas/24-008749-003/2024(H5N1)	1363	T	C	134	118	33	2	2	34	0.0147059	136	0.247253	FALSE	NA:cds-XAJ25418.1	TGG	W	CGG	R	455
