REGION	POS	REF	ALT	REF_DP	REF_RV	REF_QUAL	ALT_DP	ALT_RV	ALT_QUAL	ALT_FREQ	TOTAL_DP	PVAL	PASS	GFF_FEATURE	REF_CODON	REF_AA	ALT_CODON	ALT_AA	POS_AA
NA|PP755591.1|A/cattle/Texas/24-008749-003/2024(H5N1)	199	A	G	1	0	39	7607	2053	52	0.999869	7608	0	TRUE	NA:cds-XAJ25418.1	ATC	I	GTC	V	67
NA|PP755591.1|A/cattle/Texas/24-008749-003/2024(H5N1)	212	G	A	40	11	52	7978	2604	54	0.995011	8018	0	TRUE	NA:cds-XAJ25418.1	AGT	S	AAT	N	71
NA|PP755591.1|A/cattle/Texas/24-008749-003/2024(H5N1)	330	T	C	10254	4073	51	426	137	47	0.0398876	10680	1.4091e-161	TRUE	NA:cds-XAJ25418.1	TCT	S	TCC	S	110
NA|PP755591.1|A/cattle/Texas/24-008749-003/2024(H5N1)	711	C	T	4	2	46	13131	7707	50	0.999695	13135	0	TRUE	NA:cds-XAJ25418.1	TCC	S	TCT	S	237
NA|PP755591.1|A/cattle/Texas/24-008749-003/2024(H5N1)	735	A	T	0	0	0	12813	7273	49	0.999064	12825	0	TRUE	NA:cds-XAJ25418.1	GGA	G	GGT	G	245
NA|PP755591.1|A/cattle/Texas/24-008749-003/2024(H5N1)	739	A	G	12998	7421	49	391	238	45	0.0292031	13389	1.82001e-144	TRUE	NA:cds-XAJ25418.1	AGC	S	GGC	G	247
NA|PP755591.1|A/cattle/Texas/24-008749-003/2024(H5N1)	1242	A	G	2	1	46	7630	5542	57	0.999738	7632	0	TRUE	NA:cds-XAJ25418.1	GGA	G	GGG	G	414
NA|PP755591.1|A/cattle/Texas/24-008749-003/2024(H5N1)	1276	C	T	6326	5039	53	253	201	51	0.0384498	6580	7.88006e-100	TRUE	NA:cds-XAJ25418.1	CTA	L	TTA	L	426
