REGION	POS	REF	ALT	REF_DP	REF_RV	REF_QUAL	ALT_DP	ALT_RV	ALT_QUAL	ALT_FREQ	TOTAL_DP	PVAL	PASS	GFF_FEATURE	REF_CODON	REF_AA	ALT_CODON	ALT_AA	POS_AA
NA|PP755591.1|A/cattle/Texas/24-008749-003/2024(H5N1)	57	A	G	105	10	39	2	0	37	0.0186916	107	0.0933867	FALSE	NA:cds-XAJ25418.1	ATA	I	ATG	M	19
NA|PP755591.1|A/cattle/Texas/24-008749-003/2024(H5N1)	199	A	G	267	105	40	11	5	37	0.0395683	278	0.000134178	TRUE	NA:cds-XAJ25418.1	ATC	I	GTC	V	67
NA|PP755591.1|A/cattle/Texas/24-008749-003/2024(H5N1)	222	T	-C	285	139	39	19	0	20	0.0572289	332	0.000167618	TRUE	NA	NA	NA	NA	NA	NA
NA|PP755591.1|A/cattle/Texas/24-008749-003/2024(H5N1)	223	C	T	0	0	0	261	125	40	0.996183	262	1.22068e-174	TRUE	NA:cds-XAJ25418.1	CTT	L	TTT	F	75
NA|PP755591.1|A/cattle/Texas/24-008749-003/2024(H5N1)	405	C	T	287	141	40	17	9	34	0.0559211	304	1.63826e-06	TRUE	NA:cds-XAJ25418.1	ACC	T	ACT	T	135
NA|PP755591.1|A/cattle/Texas/24-008749-003/2024(H5N1)	571	T	C	0	0	0	277	140	41	1	277	1.81002e-177	TRUE	NA:cds-XAJ25418.1	TTG	L	CTG	L	191
NA|PP755591.1|A/cattle/Texas/24-008749-003/2024(H5N1)	604	G	+C	284	171	41	4	0	20	0.0122699	326	0.4339	FALSE	NA	NA	NA	NA	NA	NA
NA|PP755591.1|A/cattle/Texas/24-008749-003/2024(H5N1)	867	G	A	277	158	41	4	1	34	0.0142349	281	0.0466202	FALSE	NA:cds-XAJ25418.1	ATG	M	ATA	I	289
NA|PP755591.1|A/cattle/Texas/24-008749-003/2024(H5N1)	1062	T	C	0	0	0	370	131	40	1	370	1.07587e-241	TRUE	NA:cds-XAJ25418.1	GGT	G	GGC	G	354
NA|PP755591.1|A/cattle/Texas/24-008749-003/2024(H5N1)	1137	G	A	0	0	0	392	201	41	1	392	8.55646e-256	TRUE	NA:cds-XAJ25418.1	GGG	G	GGA	G	379
NA|PP755591.1|A/cattle/Texas/24-008749-003/2024(H5N1)	1185	A	G	0	0	0	336	204	40	1	336	1.10194e-222	TRUE	NA:cds-XAJ25418.1	GAA	E	GAG	E	395
NA|PP755591.1|A/cattle/Texas/24-008749-003/2024(H5N1)	1188	A	G	349	212	40	6	3	37	0.0169014	355	0.00976094	TRUE	NA:cds-XAJ25418.1	ATA	I	ATG	M	396
NA|PP755591.1|A/cattle/Texas/24-008749-003/2024(H5N1)	1293	C	-A	333	284	45	6	0	20	0.0137931	435	0.236357	FALSE	NA	NA	NA	NA	NA	NA
NA|PP755591.1|A/cattle/Texas/24-008749-003/2024(H5N1)	1303	A	G	310	273	44	6	4	61	0.0189873	316	0.00707516	TRUE	NA:cds-XAJ25418.1	ACA	T	GCA	A	435
