REGION	POS	REF	ALT	REF_DP	REF_RV	REF_QUAL	ALT_DP	ALT_RV	ALT_QUAL	ALT_FREQ	TOTAL_DP	PVAL	PASS	GFF_FEATURE	REF_CODON	REF_AA	ALT_CODON	ALT_AA	POS_AA
PB1|PP755595.1|A/cattle/Texas/24-008749-003/2024(H5N1)	79	G	A	777	356	33	9	3	33	0.0114504	786	0.000741977	TRUE	PB1:cds-XAJ25424.1	GAT	D	AAT	N	27
PB1|PP755595.1|A/cattle/Texas/24-008749-003/2024(H5N1)	213	A	G	0	0	0	1554	770	33	1	1554	0	TRUE	PB1:cds-XAJ25424.1	GGA	G	GGG	G	71
PB1|PP755595.1|A/cattle/Texas/24-008749-003/2024(H5N1)	213	A	G	0	0	0	1554	770	33	1	1554	0	TRUE	PB1-F2:cds-XAJ25425.1	GAC	D	GGC	G	40
PB1|PP755595.1|A/cattle/Texas/24-008749-003/2024(H5N1)	510	G	A	1722	789	32	29	15	30	0.0165148	1756	1.40169e-08	TRUE	PB1:cds-XAJ25424.1	GTG	V	GTA	V	170
PB1|PP755595.1|A/cattle/Texas/24-008749-003/2024(H5N1)	570	A	G	1713	863	31	19	10	31	0.0109636	1733	1.18953e-05	TRUE	PB1:cds-XAJ25424.1	AGA	R	AGG	R	190
PB1|PP755595.1|A/cattle/Texas/24-008749-003/2024(H5N1)	945	T	C	0	0	0	1662	840	32	0.999399	1663	0	TRUE	PB1:cds-XAJ25424.1	CCT	P	CCC	P	315
PB1|PP755595.1|A/cattle/Texas/24-008749-003/2024(H5N1)	1223	T	C	1772	863	32	40	19	33	0.0220629	1813	6.44603e-12	TRUE	PB1:cds-XAJ25424.1	ATG	M	ACG	T	408
PB1|PP755595.1|A/cattle/Texas/24-008749-003/2024(H5N1)	1257	G	A	1661	765	32	281	124	32	0.144473	1945	4.72696e-88	TRUE	PB1:cds-XAJ25424.1	CTG	L	CTA	L	419
PB1|PP755595.1|A/cattle/Texas/24-008749-003/2024(H5N1)	1269	T	C	1741	765	32	23	9	32	0.0130238	1766	9.95939e-07	TRUE	PB1:cds-XAJ25424.1	ATT	I	ATC	I	423
PB1|PP755595.1|A/cattle/Texas/24-008749-003/2024(H5N1)	1390	G	T	2344	1163	32	52	25	32	0.0217028	2396	3.77391e-14	TRUE	PB1:cds-XAJ25424.1	GAC	D	TAC	Y	464
PB1|PP755595.1|A/cattle/Texas/24-008749-003/2024(H5N1)	1734	G	A	2967	1498	32	328	161	32	0.0995146	3296	6.90227e-101	TRUE	PB1:cds-XAJ25424.1	AAG	K	AAA	K	578
PB1|PP755595.1|A/cattle/Texas/24-008749-003/2024(H5N1)	1884	G	A	3365	1715	32	36	16	32	0.0105758	3404	1.046e-08	TRUE	PB1:cds-XAJ25424.1	CTG	L	CTA	L	628
PB1|PP755595.1|A/cattle/Texas/24-008749-003/2024(H5N1)	2073	G	A	0	0	0	4081	2133	32	0.99951	4083	0	TRUE	PB1:cds-XAJ25424.1	AAG	K	AAA	K	691
PB1|PP755595.1|A/cattle/Texas/24-008749-003/2024(H5N1)	2175	T	C	3318	1748	32	34	17	31	0.0101371	3354	1.88159e-08	TRUE	PB1:cds-XAJ25424.1	GAT	D	GAC	D	725
PB1|PP755595.1|A/cattle/Texas/24-008749-003/2024(H5N1)	2175	T	-GCACGAATTG	3318	1748	32	122	0	20	0.0339266	3596	6.72922e-14	TRUE	NA	NA	NA	NA	NA	NA
