REGION	POS	REF	ALT	REF_DP	REF_RV	REF_QUAL	ALT_DP	ALT_RV	ALT_QUAL	ALT_FREQ	TOTAL_DP	PVAL	PASS	GFF_FEATURE	REF_CODON	REF_AA	ALT_CODON	ALT_AA	POS_AA
NA|PP755591.1|A/cattle/Texas/24-008749-003/2024(H5N1)	55	A	G	0	0	0	1326	286	40	1	1326	0	TRUE	NA:cds-XAJ25418.1	ATA	I	GTA	V	19
NA|PP755591.1|A/cattle/Texas/24-008749-003/2024(H5N1)	214	A	G	690	331	45	2637	1322	45	0.792368	3328	0	TRUE	NA:cds-XAJ25418.1	ACC	T	GCC	A	72
NA|PP755591.1|A/cattle/Texas/24-008749-003/2024(H5N1)	258	G	A	2749	1417	44	651	320	44	0.191358	3402	3.14286e-262	TRUE	NA:cds-XAJ25418.1	GCG	A	GCA	A	86
NA|PP755591.1|A/cattle/Texas/24-008749-003/2024(H5N1)	327	G	A	3192	1503	43	251	113	43	0.0728169	3447	1.55903e-96	TRUE	NA:cds-XAJ25418.1	GGG	G	GGA	G	109
NA|PP755591.1|A/cattle/Texas/24-008749-003/2024(H5N1)	332	A	G	0	0	0	3209	1429	43	1	3209	0	TRUE	NA:cds-XAJ25418.1	AAG	K	AGG	R	111
NA|PP755591.1|A/cattle/Texas/24-008749-003/2024(H5N1)	571	T	C	0	0	0	3161	1568	42	0.999368	3163	0	TRUE	NA:cds-XAJ25418.1	TTG	L	CTG	L	191
NA|PP755591.1|A/cattle/Texas/24-008749-003/2024(H5N1)	810	T	C	0	0	0	3164	1954	43	1	3164	0	TRUE	NA:cds-XAJ25418.1	AAT	N	AAC	N	270
NA|PP755591.1|A/cattle/Texas/24-008749-003/2024(H5N1)	993	A	G	3580	1631	44	38	22	38	0.010503	3618	1.0034e-10	TRUE	NA:cds-XAJ25418.1	GGA	G	GGG	G	331
NA|PP755591.1|A/cattle/Texas/24-008749-003/2024(H5N1)	1185	A	G	1	1	26	3829	2071	40	0.999478	3831	0	TRUE	NA:cds-XAJ25418.1	GAA	E	GAG	E	395
NA|PP755591.1|A/cattle/Texas/24-008749-003/2024(H5N1)	1289	G	C	2925	1487	44	37	37	26	0.0124873	2963	0.159807	FALSE	NA:cds-XAJ25418.1	AGG	R	ACG	T	430
NA|PP755591.1|A/cattle/Texas/24-008749-003/2024(H5N1)	1290	G	C	2897	1637	47	34	34	28	0.0115962	2932	0.260046	FALSE	NA:cds-XAJ25418.1	AGG	R	AGC	S	430
