REGION	POS	REF	ALT	REF_DP	REF_RV	REF_QUAL	ALT_DP	ALT_RV	ALT_QUAL	ALT_FREQ	TOTAL_DP	PVAL	PASS	GFF_FEATURE	REF_CODON	REF_AA	ALT_CODON	ALT_AA	POS_AA
NA|PP755591.1|A/cattle/Texas/24-008749-003/2024(H5N1)	15	A	G	0	0	0	93	8	39	1	93	9.93222e-83	TRUE	NA:cds-XAJ25418.1	CAA	Q	CAG	Q	5
NA|PP755591.1|A/cattle/Texas/24-008749-003/2024(H5N1)	76	A	C	1476	447	48	87	26	50	0.0556622	1563	2.19996e-37	TRUE	NA:cds-XAJ25418.1	ATT	I	CTT	L	26
NA|PP755591.1|A/cattle/Texas/24-008749-003/2024(H5N1)	299	A	G	2883	1467	63	35	20	60	0.0119904	2919	2.8753e-17	TRUE	NA:cds-XAJ25418.1	TAC	Y	TGC	C	100
NA|PP755591.1|A/cattle/Texas/24-008749-003/2024(H5N1)	487	G	C	3550	1791	64	103	54	65	0.0281344	3661	9.63094e-50	TRUE	NA:cds-XAJ25418.1	GTG	V	CTG	L	163
NA|PP755591.1|A/cattle/Texas/24-008749-003/2024(H5N1)	563	T	C	5418	2052	42	61	24	41	0.0111314	5480	1.51424e-22	TRUE	NA:cds-XAJ25418.1	ATC	I	ACC	T	188
NA|PP755591.1|A/cattle/Texas/24-008749-003/2024(H5N1)	571	T	C	6	3	37	5223	1837	42	0.998853	5229	0	TRUE	NA:cds-XAJ25418.1	TTG	L	CTG	L	191
NA|PP755591.1|A/cattle/Texas/24-008749-003/2024(H5N1)	599	A	T	4905	1831	57	68	28	48	0.0136491	4982	1.01924e-30	TRUE	NA:cds-XAJ25418.1	AAT	N	ATT	I	200
NA|PP755591.1|A/cattle/Texas/24-008749-003/2024(H5N1)	747	G	C	7738	3851	48	85	29	50	0.0108557	7830	1.50588e-34	TRUE	NA:cds-XAJ25418.1	GGG	G	GGC	G	249
NA|PP755591.1|A/cattle/Texas/24-008749-003/2024(H5N1)	1020	T	-A	4062	2799	50	139	0	20	0.0211632	6568	1.94787e-17	TRUE	NA	NA	NA	NA	NA	NA
NA|PP755591.1|A/cattle/Texas/24-008749-003/2024(H5N1)	1149	G	T	5807	2825	63	68	36	63	0.0115725	5876	6.12892e-33	TRUE	NA:cds-XAJ25418.1	ACG	T	ACT	T	383
NA|PP755591.1|A/cattle/Texas/24-008749-003/2024(H5N1)	1185	A	G	4	3	57	11241	3965	46	0.999644	11245	0	TRUE	NA:cds-XAJ25418.1	GAA	E	GAG	E	395
