REGION	POS	REF	ALT	REF_DP	REF_RV	REF_QUAL	ALT_DP	ALT_RV	ALT_QUAL	ALT_FREQ	TOTAL_DP	PVAL	PASS	GFF_FEATURE	REF_CODON	REF_AA	ALT_CODON	ALT_AA	POS_AA
NP|PP755592.1|A/cattle/Texas/24-008749-003/2024(H5N1)	142	A	G	6297	3201	33	81	40	33	0.0126959	6380	3.27059e-19	TRUE	NP:cds-XAJ25419.1	AAA	K	GAA	E	48
NP|PP755592.1|A/cattle/Texas/24-008749-003/2024(H5N1)	355	A	G	0	0	0	5619	2702	33	1	5619	0	TRUE	NP:cds-XAJ25419.1	ATT	I	GTT	V	119
NP|PP755592.1|A/cattle/Texas/24-008749-003/2024(H5N1)	498	G	A	1	1	34	5363	2562	33	0.999627	5365	0	TRUE	NP:cds-XAJ25419.1	CTG	L	CTA	L	166
NP|PP755592.1|A/cattle/Texas/24-008749-003/2024(H5N1)	657	C	T	5847	3083	33	76	46	33	0.0128313	5923	3.44801e-17	TRUE	NP:cds-XAJ25419.1	TAC	Y	TAT	Y	219
NP|PP755592.1|A/cattle/Texas/24-008749-003/2024(H5N1)	772	T	C	5922	3068	33	70	35	33	0.0116822	5992	1.72523e-15	TRUE	NP:cds-XAJ25419.1	TTT	F	CTT	L	258
NP|PP755592.1|A/cattle/Texas/24-008749-003/2024(H5N1)	836	G	A	5855	2755	33	69	32	33	0.0116475	5924	2.71285e-15	TRUE	NP:cds-XAJ25419.1	TGC	C	TAC	Y	279
NP|PP755592.1|A/cattle/Texas/24-008749-003/2024(H5N1)	870	C	T	0	0	0	5927	2893	33	1	5927	0	TRUE	NP:cds-XAJ25419.1	GAC	D	GAT	D	290
NP|PP755592.1|A/cattle/Texas/24-008749-003/2024(H5N1)	1014	T	C	1	1	34	6101	3202	33	0.999836	6102	0	TRUE	NP:cds-XAJ25419.1	TTT	F	TTC	F	338
NP|PP755592.1|A/cattle/Texas/24-008749-003/2024(H5N1)	1092	G	A	0	0	0	6746	3176	33	0.999852	6747	0	TRUE	NP:cds-XAJ25419.1	CAG	Q	CAA	Q	364
NP|PP755592.1|A/cattle/Texas/24-008749-003/2024(H5N1)	1240	G	A	7329	3548	33	127	52	33	0.0170333	7456	9.37223e-31	TRUE	NP:cds-XAJ25419.1	GTG	V	ATG	M	414
