REGION	POS	REF	ALT	REF_DP	REF_RV	REF_QUAL	ALT_DP	ALT_RV	ALT_QUAL	ALT_FREQ	TOTAL_DP	PVAL	PASS	GFF_FEATURE	REF_CODON	REF_AA	ALT_CODON	ALT_AA	POS_AA
MP|PP755590.1|A/cattle/Texas/24-008749-003/2024(H5N1)	245	G	A	7	1	48	33721	15029	41	0.999644	33733	0	TRUE	M1:cds-XAJ25416.1	AGT	S	AAT	N	82
MP|PP755590.1|A/cattle/Texas/24-008749-003/2024(H5N1)	528	A	G	32149	16832	41	1871	1077	39	0.054989	34025	0	TRUE	M1:cds-XAJ25416.1	GAA	E	GAG	E	176
MP|PP755590.1|A/cattle/Texas/24-008749-003/2024(H5N1)	603	A	G	31063	16643	40	4823	2759	38	0.134349	35899	0	TRUE	M1:cds-XAJ25416.1	GAA	E	GAG	E	201
MP|PP755590.1|A/cattle/Texas/24-008749-003/2024(H5N1)	738	G	A	31195	13421	40	6033	2282	38	0.162047	37230	0	TRUE	M2:cds-XAJ25417.1	TGC	C	TAC	Y	8
MP|PP755590.1|A/cattle/Texas/24-008749-003/2024(H5N1)	738	G	A	31195	13421	40	6033	2282	38	0.162047	37230	0	TRUE	M1:cds-XAJ25416.1	GTG	V	GTA	V	246
MP|PP755590.1|A/cattle/Texas/24-008749-003/2024(H5N1)	842	T	C	29365	21366	41	1529	1098	42	0.0494774	30903	0	TRUE	M2:cds-XAJ25417.1	TAT	Y	CAT	H	43
