REGION	POS	REF	ALT	REF_DP	REF_RV	REF_QUAL	ALT_DP	ALT_RV	ALT_QUAL	ALT_FREQ	TOTAL_DP	PVAL	PASS	GFF_FEATURE	REF_CODON	REF_AA	ALT_CODON	ALT_AA	POS_AA
MP|PP755590.1|A/cattle/Texas/24-008749-003/2024(H5N1)	83	T	C	2448	392	37	46	6	35	0.0184074	2499	2.3534e-17	TRUE	M1:cds-XAJ25416.1	CTT	L	CCT	P	28
MP|PP755590.1|A/cattle/Texas/24-008749-003/2024(H5N1)	245	G	A	0	0	0	5259	2277	38	0.99962	5261	0	TRUE	M1:cds-XAJ25416.1	AGT	S	AAT	N	82
MP|PP755590.1|A/cattle/Texas/24-008749-003/2024(H5N1)	388	C	T	5575	3136	36	66	42	34	0.011698	5642	2.63233e-16	TRUE	M1:cds-XAJ25416.1	CTC	L	TTC	F	130
MP|PP755590.1|A/cattle/Texas/24-008749-003/2024(H5N1)	430	T	C	1	1	34	5502	3134	38	0.999455	5505	0	TRUE	M1:cds-XAJ25416.1	TTG	L	CTG	L	144
MP|PP755590.1|A/cattle/Texas/24-008749-003/2024(H5N1)	498	T	A	5101	2392	38	263	130	36	0.0490032	5367	6.75734e-84	TRUE	M1:cds-XAJ25416.1	GCT	A	GCA	A	166
MP|PP755590.1|A/cattle/Texas/24-008749-003/2024(H5N1)	936	C	T	3117	2967	36	35	33	36	0.0111005	3153	4.19238e-09	TRUE	M2:cds-XAJ25417.1	GCT	A	GTT	V	74
