REGION	POS	REF	ALT	REF_DP	REF_RV	REF_QUAL	ALT_DP	ALT_RV	ALT_QUAL	ALT_FREQ	TOTAL_DP	PVAL	PASS	GFF_FEATURE	REF_CODON	REF_AA	ALT_CODON	ALT_AA	POS_AA
PB1|PP755595.1|A/cattle/Texas/24-008749-003/2024(H5N1)	110	G	-AT	1216	184	37	37	0	20	0.0183532	2016	3.79341e-05	TRUE	NA	NA	NA	NA	NA	NA
PB1|PP755595.1|A/cattle/Texas/24-008749-003/2024(H5N1)	213	A	G	873	269	37	111	35	38	0.112805	984	1.44381e-37	TRUE	PB1:cds-XAJ25424.1	GGA	G	GGG	G	71
PB1|PP755595.1|A/cattle/Texas/24-008749-003/2024(H5N1)	213	A	G	873	269	37	111	35	38	0.112805	984	1.44381e-37	TRUE	PB1-F2:cds-XAJ25425.1	GAC	D	GGC	G	40
PB1|PP755595.1|A/cattle/Texas/24-008749-003/2024(H5N1)	435	T	C	435	273	35	452	266	35	0.509583	887	7.70508e-183	TRUE	PB1:cds-XAJ25424.1	AAT	N	AAC	N	145
PB1|PP755595.1|A/cattle/Texas/24-008749-003/2024(H5N1)	882	A	G	733	459	38	13	9	36	0.0174263	746	4.08525e-05	TRUE	PB1:cds-XAJ25424.1	CAA	Q	CAG	Q	294
PB1|PP755595.1|A/cattle/Texas/24-008749-003/2024(H5N1)	945	T	C	0	0	0	683	402	37	1	683	0	TRUE	PB1:cds-XAJ25424.1	CCT	P	CCC	P	315
PB1|PP755595.1|A/cattle/Texas/24-008749-003/2024(H5N1)	949	A	G	636	374	37	37	26	36	0.0549777	673	2.13141e-13	TRUE	PB1:cds-XAJ25424.1	ATG	M	GTG	V	317
PB1|PP755595.1|A/cattle/Texas/24-008749-003/2024(H5N1)	1278	A	G	827	343	37	11	5	34	0.0131265	838	0.000224401	TRUE	PB1:cds-XAJ25424.1	CTA	L	CTG	L	426
PB1|PP755595.1|A/cattle/Texas/24-008749-003/2024(H5N1)	1338	C	T	879	383	37	11	9	34	0.0123596	890	0.00148664	TRUE	PB1:cds-XAJ25424.1	GAC	D	GAT	D	446
PB1|PP755595.1|A/cattle/Texas/24-008749-003/2024(H5N1)	1473	A	G	1879	516	38	24	1	34	0.012605	1904	3.58557e-07	TRUE	PB1:cds-XAJ25424.1	GAA	E	GAG	E	491
PB1|PP755595.1|A/cattle/Texas/24-008749-003/2024(H5N1)	1626	A	T	2336	1111	37	87	36	34	0.0358911	2424	3.36606e-26	TRUE	PB1:cds-XAJ25424.1	GCA	A	GCT	A	542
PB1|PP755595.1|A/cattle/Texas/24-008749-003/2024(H5N1)	1702	A	G	2025	988	35	27	10	34	0.0131387	2055	1.93989e-08	TRUE	PB1:cds-XAJ25424.1	ATT	I	GTT	V	568
PB1|PP755595.1|A/cattle/Texas/24-008749-003/2024(H5N1)	2091	A	G	3094	1601	39	66	39	38	0.0208861	3160	3.59487e-20	TRUE	PB1:cds-XAJ25424.1	GAA	E	GAG	E	697
PB1|PP755595.1|A/cattle/Texas/24-008749-003/2024(H5N1)	2097	C	T	3192	1728	40	52	33	35	0.0160247	3245	1.59049e-14	TRUE	PB1:cds-XAJ25424.1	TTC	F	TTT	F	699
PB1|PP755595.1|A/cattle/Texas/24-008749-003/2024(H5N1)	2231	T	-G	2655	2437	39	44	0	20	0.0138977	3166	0.0182484	FALSE	NA	NA	NA	NA	NA	NA
