REGION	POS	REF	ALT	REF_DP	REF_RV	REF_QUAL	ALT_DP	ALT_RV	ALT_QUAL	ALT_FREQ	TOTAL_DP	PVAL	PASS	GFF_FEATURE	REF_CODON	REF_AA	ALT_CODON	ALT_AA	POS_AA
MP|PP755590.1|A/cattle/Texas/24-008749-003/2024(H5N1)	245	G	A	1	1	30	21055	9015	29	0.99962	21063	0	TRUE	M1:cds-XAJ25416.1	AGT	S	AAT	N	82
MP|PP755590.1|A/cattle/Texas/24-008749-003/2024(H5N1)	250	C	T	20220	9125	29	3013	1434	29	0.12963	23243	0	TRUE	M1:cds-XAJ25416.1	CTA	L	TTA	L	84
MP|PP755590.1|A/cattle/Texas/24-008749-003/2024(H5N1)	913	G	C	15135	13535	30	215	214	30	0.0139947	15363	3.65752e-47	TRUE	M2:cds-XAJ25417.1	GAG	E	GAC	D	67
