REGION	POS	REF	ALT	REF_DP	REF_RV	REF_QUAL	ALT_DP	ALT_RV	ALT_QUAL	ALT_FREQ	TOTAL_DP	PVAL	PASS	GFF_FEATURE	REF_CODON	REF_AA	ALT_CODON	ALT_AA	POS_AA
NA|PP755591.1|A/cattle/Texas/24-008749-003/2024(H5N1)	246	G	A	4729	2403	40	662	276	38	0.122752	5393	1.14334e-227	TRUE	NA:cds-XAJ25418.1	TCG	S	TCA	S	82
NA|PP755591.1|A/cattle/Texas/24-008749-003/2024(H5N1)	336	G	A	4244	1994	38	1583	631	38	0.271573	5829	0	TRUE	NA:cds-XAJ25418.1	GGG	G	GGA	G	112
NA|PP755591.1|A/cattle/Texas/24-008749-003/2024(H5N1)	571	T	C	2	1	30	5969	2836	38	0.999665	5971	0	TRUE	NA:cds-XAJ25418.1	TTG	L	CTG	L	191
NA|PP755591.1|A/cattle/Texas/24-008749-003/2024(H5N1)	618	G	A	2	0	51	6198	3362	37	0.999516	6201	0	TRUE	NA:cds-XAJ25418.1	TTG	L	TTA	L	206
NA|PP755591.1|A/cattle/Texas/24-008749-003/2024(H5N1)	816	T	C	5968	3622	38	252	126	33	0.040508	6221	1.27345e-75	TRUE	NA:cds-XAJ25418.1	CCT	P	CCC	P	272
NA|PP755591.1|A/cattle/Texas/24-008749-003/2024(H5N1)	855	G	T	0	0	0	5803	3072	38	0.999483	5806	0	TRUE	NA:cds-XAJ25418.1	GCG	A	GCT	A	285
NA|PP755591.1|A/cattle/Texas/24-008749-003/2024(H5N1)	961	A	G	4410	1845	38	1660	767	38	0.273296	6074	0	TRUE	NA:cds-XAJ25418.1	ATT	I	GTT	V	321
NA|PP755591.1|A/cattle/Texas/24-008749-003/2024(H5N1)	1185	A	G	6	5	39	5579	3341	37	0.998926	5585	0	TRUE	NA:cds-XAJ25418.1	GAA	E	GAG	E	395
