REGION	POS	REF	ALT	REF_DP	REF_RV	REF_QUAL	ALT_DP	ALT_RV	ALT_QUAL	ALT_FREQ	TOTAL_DP	PVAL	PASS	GFF_FEATURE	REF_CODON	REF_AA	ALT_CODON	ALT_AA	POS_AA
PA|PP755594.1|A/cattle/Texas/24-008749-003/2024(H5N1)	529	A	G	0	0	0	5	0	32	1	5	0.0021645	TRUE	PA:cds-XAJ25422.1	ACT	T	GCT	A	177
PA|PP755594.1|A/cattle/Texas/24-008749-003/2024(H5N1)	529	A	G	0	0	0	5	0	32	1	5	0.0021645	TRUE	PA-X:cds-XAJ25423.1	ACT	T	GCT	A	177
PA|PP755594.1|A/cattle/Texas/24-008749-003/2024(H5N1)	975	G	A	45	4	33	1	1	34	0.0217391	46	0.484211	FALSE	PA:cds-XAJ25422.1	CCG	P	CCA	P	325
PA|PP755594.1|A/cattle/Texas/24-008749-003/2024(H5N1)	1018	C	-AGG	40	3	32	1	0	20	0.0238095	42	0.5	FALSE	NA	NA	NA	NA	NA	NA
PA|PP755594.1|A/cattle/Texas/24-008749-003/2024(H5N1)	1060	A	-T	426	40	33	18	0	20	0.0396476	454	0.00168005	TRUE	NA	NA	NA	NA	NA	NA
PA|PP755594.1|A/cattle/Texas/24-008749-003/2024(H5N1)	1191	A	-CC	35	1	32	2	0	20	0.0512821	39	0.24	FALSE	NA	NA	NA	NA	NA	NA
PA|PP755594.1|A/cattle/Texas/24-008749-003/2024(H5N1)	1565	G	A	37	2	33	2	0	30	0.0512821	39	0.246753	FALSE	PA:cds-XAJ25422.1	AGC	S	AAC	N	522
PA|PP755594.1|A/cattle/Texas/24-008749-003/2024(H5N1)	1567	A	G	38	2	33	1	0	34	0.025641	39	0.5	FALSE	PA:cds-XAJ25422.1	ATG	M	GTG	V	523
PA|PP755594.1|A/cattle/Texas/24-008749-003/2024(H5N1)	1577	C	A	38	2	33	1	0	34	0.025641	39	0.5	FALSE	PA:cds-XAJ25422.1	TCT	S	TAT	Y	526
PA|PP755594.1|A/cattle/Texas/24-008749-003/2024(H5N1)	1611	G	A	75	42	33	2	1	34	0.025974	77	0.232943	FALSE	PA:cds-XAJ25422.1	TGG	W	TGA	*	537
PA|PP755594.1|A/cattle/Texas/24-008749-003/2024(H5N1)	1613	A	T	74	38	33	1	1	26	0.0133333	75	0.477707	FALSE	PA:cds-XAJ25422.1	GAA	E	GTA	V	538
PA|PP755594.1|A/cattle/Texas/24-008749-003/2024(H5N1)	1640	A	-CAT	59	43	32	2	0	20	0.0322581	62	0.247934	FALSE	NA	NA	NA	NA	NA	NA
PA|PP755594.1|A/cattle/Texas/24-008749-003/2024(H5N1)	1769	A	T	19	13	34	1	1	34	0.05	20	0.487805	FALSE	PA:cds-XAJ25422.1	CAA	Q	CTA	L	590
PA|PP755594.1|A/cattle/Texas/24-008749-003/2024(H5N1)	1940	A	-C	31	26	33	2	0	20	0.0645161	31	0.270353	FALSE	NA	NA	NA	NA	NA	NA
PA|PP755594.1|A/cattle/Texas/24-008749-003/2024(H5N1)	2137	C	A	7415	7413	33	262	262	33	0.0341279	7677	1.78032e-70	TRUE	PA:cds-XAJ25422.1	CAT	H	AAT	N	713
