REGION	POS	REF	ALT	REF_DP	REF_RV	REF_QUAL	ALT_DP	ALT_RV	ALT_QUAL	ALT_FREQ	TOTAL_DP	PVAL	PASS	GFF_FEATURE	REF_CODON	REF_AA	ALT_CODON	ALT_AA	POS_AA
MP|PP755590.1|A/cattle/Texas/24-008749-003/2024(H5N1)	245	G	A	5	4	40	31239	13470	39	0.999552	31253	0	TRUE	M1:cds-XAJ25416.1	AGT	S	AAT	N	82
MP|PP755590.1|A/cattle/Texas/24-008749-003/2024(H5N1)	666	T	C	34427	16125	39	378	153	38	0.0108599	34807	2.25915e-83	TRUE	M1:cds-XAJ25416.1	CAT	H	CAC	H	222
MP|PP755590.1|A/cattle/Texas/24-008749-003/2024(H5N1)	790	G	A	30728	18129	41	329	185	40	0.0105921	31061	3.36429e-113	TRUE	M2:cds-XAJ25417.1	GGG	G	GGA	G	26
MP|PP755590.1|A/cattle/Texas/24-008749-003/2024(H5N1)	840	T	C	22620	16789	38	275	224	40	0.0120014	22914	1.86212e-108	TRUE	M2:cds-XAJ25417.1	GTT	V	GCT	A	42
MP|PP755590.1|A/cattle/Texas/24-008749-003/2024(H5N1)	951	A	G	9814	8846	39	2043	1895	38	0.172289	11858	0	TRUE	M2:cds-XAJ25417.1	AAT	N	AGT	S	79
