REGION	POS	REF	ALT	REF_DP	REF_RV	REF_QUAL	ALT_DP	ALT_RV	ALT_QUAL	ALT_FREQ	TOTAL_DP	PVAL	PASS	GFF_FEATURE	REF_CODON	REF_AA	ALT_CODON	ALT_AA	POS_AA
NA|PP755591.1|A/cattle/Texas/24-008749-003/2024(H5N1)	221	T	C	3465	1671	40	38	16	37	0.0108417	3505	2.86576e-10	TRUE	NA:cds-XAJ25418.1	TTT	F	TCT	S	74
NA|PP755591.1|A/cattle/Texas/24-008749-003/2024(H5N1)	346	G	A	0	0	0	3534	1725	39	0.999434	3536	0	TRUE	NA:cds-XAJ25418.1	GTT	V	ATT	I	116
NA|PP755591.1|A/cattle/Texas/24-008749-003/2024(H5N1)	571	T	C	1	0	34	3319	1621	38	0.999699	3320	0	TRUE	NA:cds-XAJ25418.1	TTG	L	CTG	L	191
NA|PP755591.1|A/cattle/Texas/24-008749-003/2024(H5N1)	774	A	G	2921	1669	38	45	29	37	0.0151668	2967	1.69663e-13	TRUE	NA:cds-XAJ25418.1	ATA	I	ATG	M	258
NA|PP755591.1|A/cattle/Texas/24-008749-003/2024(H5N1)	1185	A	G	1	1	34	5881	3444	38	0.99966	5883	0	TRUE	NA:cds-XAJ25418.1	GAA	E	GAG	E	395
NA|PP755591.1|A/cattle/Texas/24-008749-003/2024(H5N1)	1242	A	G	5840	3907	42	207	153	38	0.0342319	6047	3.15528e-66	TRUE	NA:cds-XAJ25418.1	GGA	G	GGG	G	414
NA|PP755591.1|A/cattle/Texas/24-008749-003/2024(H5N1)	1289	G	C	3723	2174	41	73	73	28	0.0192105	3800	4.53712e-05	TRUE	NA:cds-XAJ25418.1	AGG	R	ACG	T	430
NA|PP755591.1|A/cattle/Texas/24-008749-003/2024(H5N1)	1290	G	C	3885	2502	43	46	44	28	0.0117019	3931	0.222003	FALSE	NA:cds-XAJ25418.1	AGG	R	AGC	S	430
NA|PP755591.1|A/cattle/Texas/24-008749-003/2024(H5N1)	1317	C	T	4893	3954	44	62	49	43	0.0125101	4956	1.75196e-24	TRUE	NA:cds-XAJ25418.1	AGC	S	AGT	S	439
