REGION	POS	REF	ALT	REF_DP	REF_RV	REF_QUAL	ALT_DP	ALT_RV	ALT_QUAL	ALT_FREQ	TOTAL_DP	PVAL	PASS	GFF_FEATURE	REF_CODON	REF_AA	ALT_CODON	ALT_AA	POS_AA
PB1|PP755595.1|A/cattle/Texas/24-008749-003/2024(H5N1)	321	T	C	1190	697	43	732	437	43	0.380853	1922	0	TRUE	PB1:cds-XAJ25424.1	TGT	C	TGC	C	107
PB1|PP755595.1|A/cattle/Texas/24-008749-003/2024(H5N1)	321	T	C	1190	697	43	732	437	43	0.380853	1922	0	TRUE	PB1-F2:cds-XAJ25425.1	GTC	V	GCC	A	76
PB1|PP755595.1|A/cattle/Texas/24-008749-003/2024(H5N1)	411	G	A	1314	863	39	433	298	38	0.247853	1747	6.20984e-159	TRUE	PB1:cds-XAJ25424.1	CAG	Q	CAA	Q	137
PB1|PP755595.1|A/cattle/Texas/24-008749-003/2024(H5N1)	541	A	G	1670	792	45	71	31	37	0.0407812	1741	1.59738e-24	TRUE	PB1:cds-XAJ25424.1	ATA	I	GTA	V	181
PB1|PP755595.1|A/cattle/Texas/24-008749-003/2024(H5N1)	591	G	A	1552	818	41	18	6	33	0.011465	1570	4.57384e-06	TRUE	PB1:cds-XAJ25424.1	AAG	K	AAA	K	197
PB1|PP755595.1|A/cattle/Texas/24-008749-003/2024(H5N1)	945	T	C	5	4	46	1467	874	40	0.995927	1473	0	TRUE	PB1:cds-XAJ25424.1	CCT	P	CCC	P	315
PB1|PP755595.1|A/cattle/Texas/24-008749-003/2024(H5N1)	1380	A	G	1259	489	39	670	324	38	0.34733	1929	9.12974e-264	TRUE	PB1:cds-XAJ25424.1	CAA	Q	CAG	Q	460
PB1|PP755595.1|A/cattle/Texas/24-008749-003/2024(H5N1)	1610	A	G	2450	1298	38	38	21	35	0.0152733	2488	3.53738e-11	TRUE	PB1:cds-XAJ25424.1	AAT	N	AGT	S	537
