REGION	POS	REF	ALT	REF_DP	REF_RV	REF_QUAL	ALT_DP	ALT_RV	ALT_QUAL	ALT_FREQ	TOTAL_DP	PVAL	PASS	GFF_FEATURE	REF_CODON	REF_AA	ALT_CODON	ALT_AA	POS_AA
PB1|PP755595.1|A/cattle/Texas/24-008749-003/2024(H5N1)	8	T	C	72	12	33	1	0	34	0.0136986	73	0.154989	FALSE	PB1:cds-XAJ25424.1	GTC	V	GCC	A	3
PB1|PP755595.1|A/cattle/Texas/24-008749-003/2024(H5N1)	32	A	-AGTTCC	198	28	33	15	0	20	0.0282486	531	1.79889e-05	TRUE	NA	NA	NA	NA	NA	NA
PB1|PP755595.1|A/cattle/Texas/24-008749-003/2024(H5N1)	43	C	-A	217	31	33	11	0	20	0.0202206	544	0.00122449	TRUE	NA	NA	NA	NA	NA	NA
PB1|PP755595.1|A/cattle/Texas/24-008749-003/2024(H5N1)	261	C	T	503	204	33	6	2	34	0.0117878	509	0.0135374	FALSE	PB1:cds-XAJ25424.1	TGC	C	TGT	C	87
PB1|PP755595.1|A/cattle/Texas/24-008749-003/2024(H5N1)	261	C	T	503	204	33	6	2	34	0.0117878	509	0.0135374	FALSE	PB1-F2:cds-XAJ25425.1	GCG	A	GTG	V	56
PB1|PP755595.1|A/cattle/Texas/24-008749-003/2024(H5N1)	432	T	C	525	311	33	6	4	34	0.0112994	531	0.0120023	FALSE	PB1:cds-XAJ25424.1	GCT	A	GCC	A	144
PB1|PP755595.1|A/cattle/Texas/24-008749-003/2024(H5N1)	573	G	A	568	226	33	17	9	33	0.0290598	585	5.00087e-06	TRUE	PB1:cds-XAJ25424.1	GTG	V	GTA	V	191
PB1|PP755595.1|A/cattle/Texas/24-008749-003/2024(H5N1)	627	A	G	446	249	33	7	4	32	0.0154185	454	0.00640011	TRUE	PB1:cds-XAJ25424.1	AAA	K	AAG	K	209
PB1|PP755595.1|A/cattle/Texas/24-008749-003/2024(H5N1)	735	A	G	444	222	33	30	21	33	0.0632911	474	4.63491e-10	TRUE	PB1:cds-XAJ25424.1	GGA	G	GGG	G	245
PB1|PP755595.1|A/cattle/Texas/24-008749-003/2024(H5N1)	807	T	C	455	223	32	6	3	32	0.0130152	461	0.0132536	FALSE	PB1:cds-XAJ25424.1	TCT	S	TCC	S	269
PB1|PP755595.1|A/cattle/Texas/24-008749-003/2024(H5N1)	945	T	C	0	0	0	519	292	33	1	519	7.13033e-315	TRUE	PB1:cds-XAJ25424.1	CCT	P	CCC	P	315
PB1|PP755595.1|A/cattle/Texas/24-008749-003/2024(H5N1)	981	G	A	475	240	33	52	22	32	0.0986717	527	2.52026e-17	TRUE	PB1:cds-XAJ25424.1	AGG	R	AGA	R	327
PB1|PP755595.1|A/cattle/Texas/24-008749-003/2024(H5N1)	1527	G	A	1437	633	33	15	9	33	0.0103306	1452	0.00020701	TRUE	PB1:cds-XAJ25424.1	TTG	L	TTA	L	509
