REGION	POS	REF	ALT	REF_DP	REF_RV	REF_QUAL	ALT_DP	ALT_RV	ALT_QUAL	ALT_FREQ	TOTAL_DP	PVAL	PASS	GFF_FEATURE	REF_CODON	REF_AA	ALT_CODON	ALT_AA	POS_AA
PA|PP755594.1|A/cattle/Texas/24-008749-003/2024(H5N1)	56	A	-AGCAATGAAAG	733	113	38	97	0	20	0.0435759	2226	1.78161e-36	TRUE	NA	NA	NA	NA	NA	NA
PA|PP755594.1|A/cattle/Texas/24-008749-003/2024(H5N1)	58	G	A	0	0	0	706	110	37	1	706	0	TRUE	PA:cds-XAJ25422.1	GCA	A	ACA	T	20
PA|PP755594.1|A/cattle/Texas/24-008749-003/2024(H5N1)	58	G	A	0	0	0	706	110	37	1	706	0	TRUE	PA-X:cds-XAJ25423.1	GCA	A	ACA	T	20
PA|PP755594.1|A/cattle/Texas/24-008749-003/2024(H5N1)	70	T	C	918	145	37	51	4	29	0.0526316	969	6.99604e-13	TRUE	PA:cds-XAJ25422.1	TAT	Y	CAT	H	24
PA|PP755594.1|A/cattle/Texas/24-008749-003/2024(H5N1)	70	T	C	918	145	37	51	4	29	0.0526316	969	6.99604e-13	TRUE	PA-X:cds-XAJ25423.1	TAT	Y	CAT	H	24
PA|PP755594.1|A/cattle/Texas/24-008749-003/2024(H5N1)	110	C	-AAT	1233	289	40	90	0	20	0.0335696	2681	2.19791e-23	TRUE	NA	NA	NA	NA	NA	NA
PA|PP755594.1|A/cattle/Texas/24-008749-003/2024(H5N1)	717	C	T	0	0	0	1399	810	38	1	1399	0	TRUE	PA:cds-XAJ25422.1	AAC	N	AAT	N	239
PA|PP755594.1|A/cattle/Texas/24-008749-003/2024(H5N1)	717	C	T	0	0	0	1399	810	38	1	1399	0	TRUE	PA-X:cds-XAJ25423.1	ACG	T	ATG	M	49
PA|PP755594.1|A/cattle/Texas/24-008749-003/2024(H5N1)	981	G	A	0	0	0	1435	492	38	1	1435	0	TRUE	PA:cds-XAJ25422.1	GAG	E	GAA	E	327
PA|PP755594.1|A/cattle/Texas/24-008749-003/2024(H5N1)	1294	G	A	0	0	0	1657	826	42	1	1657	0	TRUE	PA:cds-XAJ25422.1	GTT	V	ATT	I	432
PA|PP755594.1|A/cattle/Texas/24-008749-003/2024(H5N1)	1878	A	C	1	1	34	2109	1189	39	0.999526	2110	0	TRUE	PA:cds-XAJ25422.1	AAA	K	AAC	N	626
