REGION	POS	REF	ALT	REF_DP	REF_RV	REF_QUAL	ALT_DP	ALT_RV	ALT_QUAL	ALT_FREQ	TOTAL_DP	PVAL	PASS	GFF_FEATURE	REF_CODON	REF_AA	ALT_CODON	ALT_AA	POS_AA
PA|PP755594.1|A/cattle/Texas/24-008749-003/2024(H5N1)	41	T	C	462	27	34	8	0	34	0.0170213	470	8.99433e-05	TRUE	PA:cds-XAJ25422.1	GTC	V	GCC	A	14
PA|PP755594.1|A/cattle/Texas/24-008749-003/2024(H5N1)	41	T	C	462	27	34	8	0	34	0.0170213	470	8.99433e-05	TRUE	PA-X:cds-XAJ25423.1	GTC	V	GCC	A	14
PA|PP755594.1|A/cattle/Texas/24-008749-003/2024(H5N1)	43	G	A	473	25	34	5	1	47	0.0104603	478	0.000929243	TRUE	PA:cds-XAJ25422.1	GAG	E	AAG	K	15
PA|PP755594.1|A/cattle/Texas/24-008749-003/2024(H5N1)	43	G	A	473	25	34	5	1	47	0.0104603	478	0.000929243	TRUE	PA-X:cds-XAJ25423.1	GAG	E	AAG	K	15
PA|PP755594.1|A/cattle/Texas/24-008749-003/2024(H5N1)	58	G	A	0	0	0	493	32	34	1	493	0	TRUE	PA:cds-XAJ25422.1	GCA	A	ACA	T	20
PA|PP755594.1|A/cattle/Texas/24-008749-003/2024(H5N1)	58	G	A	0	0	0	493	32	34	1	493	0	TRUE	PA-X:cds-XAJ25423.1	GCA	A	ACA	T	20
PA|PP755594.1|A/cattle/Texas/24-008749-003/2024(H5N1)	147	G	A	0	0	0	1554	583	39	1	1554	0	TRUE	PA:cds-XAJ25422.1	TCG	S	TCA	S	49
PA|PP755594.1|A/cattle/Texas/24-008749-003/2024(H5N1)	147	G	A	0	0	0	1554	583	39	1	1554	0	TRUE	PA-X:cds-XAJ25423.1	TCG	S	TCA	S	49
PA|PP755594.1|A/cattle/Texas/24-008749-003/2024(H5N1)	209	C	T	0	0	0	1489	740	37	0.998659	1491	0	TRUE	PA:cds-XAJ25422.1	GCA	A	GTA	V	70
PA|PP755594.1|A/cattle/Texas/24-008749-003/2024(H5N1)	209	C	T	0	0	0	1489	740	37	0.998659	1491	0	TRUE	PA-X:cds-XAJ25423.1	GCA	A	GTA	V	70
PA|PP755594.1|A/cattle/Texas/24-008749-003/2024(H5N1)	810	A	G	0	0	0	2085	1230	36	1	2085	0	TRUE	PA:cds-XAJ25422.1	TTA	L	TTG	L	270
PA|PP755594.1|A/cattle/Texas/24-008749-003/2024(H5N1)	885	T	C	0	0	0	2037	983	35	1	2037	0	TRUE	PA:cds-XAJ25422.1	CCT	P	CCC	P	295
PA|PP755594.1|A/cattle/Texas/24-008749-003/2024(H5N1)	981	G	A	0	0	0	1943	651	36	0.999486	1944	0	TRUE	PA:cds-XAJ25422.1	GAG	E	GAA	E	327
PA|PP755594.1|A/cattle/Texas/24-008749-003/2024(H5N1)	1294	G	A	1	1	34	2345	1220	38	0.997872	2350	0	TRUE	PA:cds-XAJ25422.1	GTT	V	ATT	I	432
PA|PP755594.1|A/cattle/Texas/24-008749-003/2024(H5N1)	1671	A	G	0	0	0	2462	1030	35	1	2462	0	TRUE	PA:cds-XAJ25422.1	GTA	V	GTG	V	557
