REGION	POS	REF	ALT	REF_DP	REF_RV	REF_QUAL	ALT_DP	ALT_RV	ALT_QUAL	ALT_FREQ	TOTAL_DP	PVAL	PASS	GFF_FEATURE	REF_CODON	REF_AA	ALT_CODON	ALT_AA	POS_AA
NA|PP755591.1|A/cattle/Texas/24-008749-003/2024(H5N1)	22	A	G	463	52	36	6	0	34	0.0127932	469	0.000459571	TRUE	NA:cds-XAJ25418.1	ACA	T	GCA	A	8
NA|PP755591.1|A/cattle/Texas/24-008749-003/2024(H5N1)	196	T	C	3772	1444	38	102	45	38	0.0263294	3874	1.37314e-30	TRUE	NA:cds-XAJ25418.1	TAT	Y	CAT	H	66
NA|PP755591.1|A/cattle/Texas/24-008749-003/2024(H5N1)	218	A	+T	4056	1785	37	71	0	20	0.0150903	4705	0.00217074	TRUE	NA	NA	NA	NA	NA	NA
NA|PP755591.1|A/cattle/Texas/24-008749-003/2024(H5N1)	220	T	-TTC	3843	1711	37	147	0	20	0.0311705	4716	8.78363e-18	TRUE	NA	NA	NA	NA	NA	NA
NA|PP755591.1|A/cattle/Texas/24-008749-003/2024(H5N1)	222	T	-C	3855	1718	38	191	0	20	0.0403294	4736	5.19662e-28	TRUE	NA	NA	NA	NA	NA	NA
NA|PP755591.1|A/cattle/Texas/24-008749-003/2024(H5N1)	223	C	T	0	0	0	3502	1467	37	1	3502	0	TRUE	NA:cds-XAJ25418.1	CTT	L	TTT	F	75
NA|PP755591.1|A/cattle/Texas/24-008749-003/2024(H5N1)	571	T	C	3	3	34	3924	1839	36	0.998982	3928	0	TRUE	NA:cds-XAJ25418.1	TTG	L	CTG	L	191
NA|PP755591.1|A/cattle/Texas/24-008749-003/2024(H5N1)	879	G	A	3854	1911	37	271	87	36	0.065697	4125	4.33393e-85	TRUE	NA:cds-XAJ25418.1	AGG	R	AGA	R	293
NA|PP755591.1|A/cattle/Texas/24-008749-003/2024(H5N1)	890	A	G	4048	1883	37	70	40	38	0.0169985	4118	7.99927e-19	TRUE	NA:cds-XAJ25418.1	CAT	H	CGT	R	297
NA|PP755591.1|A/cattle/Texas/24-008749-003/2024(H5N1)	1062	T	C	0	0	0	4058	1973	38	1	4058	0	TRUE	NA:cds-XAJ25418.1	GGT	G	GGC	G	354
NA|PP755591.1|A/cattle/Texas/24-008749-003/2024(H5N1)	1137	G	A	6	6	34	4149	2537	38	0.998316	4156	0	TRUE	NA:cds-XAJ25418.1	GGG	G	GGA	G	379
NA|PP755591.1|A/cattle/Texas/24-008749-003/2024(H5N1)	1151	A	G	4074	2473	38	82	40	36	0.0197305	4156	4.3687e-23	TRUE	NA:cds-XAJ25418.1	GAC	D	GGC	G	384
NA|PP755591.1|A/cattle/Texas/24-008749-003/2024(H5N1)	1180	G	A	3270	2200	36	460	279	34	0.123291	3731	1.94691e-147	TRUE	NA:cds-XAJ25418.1	GTA	V	ATA	I	394
NA|PP755591.1|A/cattle/Texas/24-008749-003/2024(H5N1)	1185	A	G	2	2	34	3252	2129	36	0.999385	3254	0	TRUE	NA:cds-XAJ25418.1	GAA	E	GAG	E	395
NA|PP755591.1|A/cattle/Texas/24-008749-003/2024(H5N1)	1227	T	C	2352	1648	37	887	654	36	0.27385	3239	0	TRUE	NA:cds-XAJ25418.1	CAT	H	CAC	H	409
NA|PP755591.1|A/cattle/Texas/24-008749-003/2024(H5N1)	1289	G	C	1832	1248	38	26	26	28	0.013986	1859	0.11256	FALSE	NA:cds-XAJ25418.1	AGG	R	ACG	T	430
