REGION	POS	REF	ALT	REF_DP	REF_RV	REF_QUAL	ALT_DP	ALT_RV	ALT_QUAL	ALT_FREQ	TOTAL_DP	PVAL	PASS	GFF_FEATURE	REF_CODON	REF_AA	ALT_CODON	ALT_AA	POS_AA
PB1|PP755595.1|A/cattle/Texas/24-008749-003/2024(H5N1)	89	A	-CAGC	1986	519	33	63	0	20	0.0174226	3616	1.99923e-08	TRUE	NA	NA	NA	NA	NA	NA
PB1|PP755595.1|A/cattle/Texas/24-008749-003/2024(H5N1)	327	A	G	807	486	32	9	4	31	0.0110294	816	0.00120829	TRUE	PB1:cds-XAJ25424.1	GAA	E	GAG	E	109
PB1|PP755595.1|A/cattle/Texas/24-008749-003/2024(H5N1)	327	A	G	807	486	32	9	4	31	0.0110294	816	0.00120829	TRUE	PB1-F2:cds-XAJ25425.1	AAA	K	AGA	R	78
PB1|PP755595.1|A/cattle/Texas/24-008749-003/2024(H5N1)	873	T	C	593	353	33	8	4	29	0.0133111	601	0.324539	FALSE	PB1:cds-XAJ25424.1	ACT	T	ACC	T	291
PB1|PP755595.1|A/cattle/Texas/24-008749-003/2024(H5N1)	945	T	C	0	0	0	613	375	33	1	613	0	TRUE	PB1:cds-XAJ25424.1	CCT	P	CCC	P	315
PB1|PP755595.1|A/cattle/Texas/24-008749-003/2024(H5N1)	1173	G	A	477	264	33	184	92	32	0.277946	662	4.10841e-64	TRUE	PB1:cds-XAJ25424.1	AAG	K	AAA	K	391
PB1|PP755595.1|A/cattle/Texas/24-008749-003/2024(H5N1)	1369	G	A	762	335	33	50	19	33	0.0615764	812	1.76617e-16	TRUE	PB1:cds-XAJ25424.1	GAG	E	AAG	K	457
PB1|PP755595.1|A/cattle/Texas/24-008749-003/2024(H5N1)	1596	C	T	1114	505	33	431	242	32	0.278964	1545	3.36773e-147	TRUE	PB1:cds-XAJ25424.1	AAC	N	AAT	N	532
PB1|PP755595.1|A/cattle/Texas/24-008749-003/2024(H5N1)	2102	C	-TAGCAGTTCA	4690	2530	33	117	0	20	0.0237226	4932	2.12193e-08	TRUE	NA	NA	NA	NA	NA	NA
PB1|PP755595.1|A/cattle/Texas/24-008749-003/2024(H5N1)	2231	T	-G	4284	3703	33	210	0	20	0.0473399	4436	1.28872e-27	TRUE	NA	NA	NA	NA	NA	NA
