REGION	POS	REF	ALT	REF_DP	REF_RV	REF_QUAL	ALT_DP	ALT_RV	ALT_QUAL	ALT_FREQ	TOTAL_DP	PVAL	PASS	GFF_FEATURE	REF_CODON	REF_AA	ALT_CODON	ALT_AA	POS_AA
HA|PP755589.1|A/cattle/Texas/24-008749-003/2024(H5N1)	5	A	G	168	18	33	2	1	34	0.0117647	170	0.0464988	FALSE	HA:cds-XAJ25415.1	GAG	E	GGG	G	2
HA|PP755589.1|A/cattle/Texas/24-008749-003/2024(H5N1)	196	C	T	1	0	34	2913	1521	33	0.999657	2914	0	TRUE	HA:cds-XAJ25415.1	CTG	L	TTG	L	66
HA|PP755589.1|A/cattle/Texas/24-008749-003/2024(H5N1)	330	C	T	3171	1368	33	45	20	33	0.0139925	3216	3.41887e-11	TRUE	HA:cds-XAJ25415.1	AGC	S	AGT	S	110
HA|PP755589.1|A/cattle/Texas/24-008749-003/2024(H5N1)	427	A	G	3152	1783	33	100	47	33	0.0307503	3252	2.7826e-27	TRUE	HA:cds-XAJ25415.1	ACA	T	GCA	A	143
HA|PP755589.1|A/cattle/Texas/24-008749-003/2024(H5N1)	439	G	A	7	5	34	3160	1792	33	0.99779	3167	0	TRUE	HA:cds-XAJ25415.1	GTG	V	ATG	M	147
HA|PP755589.1|A/cattle/Texas/24-008749-003/2024(H5N1)	651	G	A	0	0	0	3005	1313	33	1	3005	0	TRUE	HA:cds-XAJ25415.1	GGG	G	GGA	G	217
HA|PP755589.1|A/cattle/Texas/24-008749-003/2024(H5N1)	690	T	C	1	1	34	2793	1359	33	0.999284	2795	0	TRUE	HA:cds-XAJ25415.1	GCT	A	GCC	A	230
HA|PP755589.1|A/cattle/Texas/24-008749-003/2024(H5N1)	693	T	C	0	0	0	2812	1369	33	0.999645	2813	0	TRUE	HA:cds-XAJ25415.1	ACT	T	ACC	T	231
HA|PP755589.1|A/cattle/Texas/24-008749-003/2024(H5N1)	708	C	T	2889	1351	33	102	55	33	0.0341023	2991	5.25153e-28	TRUE	HA:cds-XAJ25415.1	AAC	N	AAT	N	236
HA|PP755589.1|A/cattle/Texas/24-008749-003/2024(H5N1)	858	A	G	0	0	0	3482	1889	33	1	3482	0	TRUE	HA:cds-XAJ25415.1	GAA	E	GAG	E	286
HA|PP755589.1|A/cattle/Texas/24-008749-003/2024(H5N1)	990	G	A	3	3	34	3307	1717	33	0.99849	3312	0	TRUE	HA:cds-XAJ25415.1	GCG	A	GCA	A	330
HA|PP755589.1|A/cattle/Texas/24-008749-003/2024(H5N1)	1013	T	C	0	0	0	2822	1631	33	1	2822	0	TRUE	HA:cds-XAJ25415.1	CTA	L	CCA	P	338
HA|PP755589.1|A/cattle/Texas/24-008749-003/2024(H5N1)	1017	A	G	2562	1598	33	107	65	32	0.0400749	2670	9.57965e-33	TRUE	HA:cds-XAJ25415.1	AGA	R	AGG	R	339
HA|PP755589.1|A/cattle/Texas/24-008749-003/2024(H5N1)	1296	A	G	0	0	0	5212	2865	33	1	5212	0	TRUE	HA:cds-XAJ25415.1	GGA	G	GGG	G	432
HA|PP755589.1|A/cattle/Texas/24-008749-003/2024(H5N1)	1512	C	T	5210	2877	33	295	188	33	0.0535779	5506	5.41345e-84	TRUE	HA:cds-XAJ25415.1	TAC	Y	TAT	Y	504
HA|PP755589.1|A/cattle/Texas/24-008749-003/2024(H5N1)	1536	A	G	0	0	0	5109	2756	33	0.999804	5110	0	TRUE	HA:cds-XAJ25415.1	AGA	R	AGG	R	512
