REGION	POS	REF	ALT	REF_DP	REF_RV	REF_QUAL	ALT_DP	ALT_RV	ALT_QUAL	ALT_FREQ	TOTAL_DP	PVAL	PASS	GFF_FEATURE	REF_CODON	REF_AA	ALT_CODON	ALT_AA	POS_AA
NP|PP755592.1|A/cattle/Texas/24-008749-003/2024(H5N1)	182	T	C	654	283	33	36	16	33	0.0521739	690	5.25107e-12	TRUE	NP:cds-XAJ25419.1	ATA	I	ACA	T	61
NP|PP755592.1|A/cattle/Texas/24-008749-003/2024(H5N1)	253	G	A	735	347	33	28	11	33	0.0366972	763	1.82913e-09	TRUE	NP:cds-XAJ25419.1	GCT	A	ACT	T	85
NP|PP755592.1|A/cattle/Texas/24-008749-003/2024(H5N1)	355	A	G	0	0	0	636	319	33	1	636	0	TRUE	NP:cds-XAJ25419.1	ATT	I	GTT	V	119
NP|PP755592.1|A/cattle/Texas/24-008749-003/2024(H5N1)	396	T	C	638	323	32	12	6	33	0.0184615	650	0.000121144	TRUE	NP:cds-XAJ25419.1	GGT	G	GGC	G	132
NP|PP755592.1|A/cattle/Texas/24-008749-003/2024(H5N1)	498	G	A	0	0	0	543	262	33	1	543	0	TRUE	NP:cds-XAJ25419.1	CTG	L	CTA	L	166
NP|PP755592.1|A/cattle/Texas/24-008749-003/2024(H5N1)	556	G	A	367	165	33	224	86	33	0.379019	591	4.23713e-82	TRUE	NP:cds-XAJ25419.1	GTT	V	ATT	I	186
NP|PP755592.1|A/cattle/Texas/24-008749-003/2024(H5N1)	870	C	T	0	0	0	567	286	33	1	567	0	TRUE	NP:cds-XAJ25419.1	GAC	D	GAT	D	290
NP|PP755592.1|A/cattle/Texas/24-008749-003/2024(H5N1)	1014	T	C	1	1	34	533	280	33	0.998127	534	0	TRUE	NP:cds-XAJ25419.1	TTT	F	TTC	F	338
NP|PP755592.1|A/cattle/Texas/24-008749-003/2024(H5N1)	1092	G	A	0	0	0	605	306	33	1	605	0	TRUE	NP:cds-XAJ25419.1	CAG	Q	CAA	Q	364
NP|PP755592.1|A/cattle/Texas/24-008749-003/2024(H5N1)	1130	G	A	393	215	33	257	126	33	0.395385	650	1.43686e-94	TRUE	NP:cds-XAJ25419.1	AGT	S	AAT	N	377
