REGION	POS	REF	ALT	REF_DP	REF_RV	REF_QUAL	ALT_DP	ALT_RV	ALT_QUAL	ALT_FREQ	TOTAL_DP	PVAL	PASS	GFF_FEATURE	REF_CODON	REF_AA	ALT_CODON	ALT_AA	POS_AA
MP|PP755590.1|A/cattle/Texas/24-008749-003/2024(H5N1)	43	G	A	6026	555	36	72	1	34	0.0118071	6098	2.02544e-25	TRUE	M1:cds-XAJ25416.1	GTC	V	ATC	I	15
MP|PP755590.1|A/cattle/Texas/24-008749-003/2024(H5N1)	245	G	A	11	4	36	22285	9824	39	0.999462	22297	0	TRUE	M1:cds-XAJ25416.1	AGT	S	AAT	N	82
MP|PP755590.1|A/cattle/Texas/24-008749-003/2024(H5N1)	794	T	C	21405	12414	41	664	425	38	0.0300793	22075	1.13088e-196	TRUE	M2:cds-XAJ25417.1	TTG	L	CTG	L	27
MP|PP755590.1|A/cattle/Texas/24-008749-003/2024(H5N1)	971	G	A	6866	6597	36	3812	3666	36	0.356962	10679	0	TRUE	M2:cds-XAJ25417.1	GAG	E	AAG	K	86
