REGION	POS	REF	ALT	REF_DP	REF_RV	REF_QUAL	ALT_DP	ALT_RV	ALT_QUAL	ALT_FREQ	TOTAL_DP	PVAL	PASS	GFF_FEATURE	REF_CODON	REF_AA	ALT_CODON	ALT_AA	POS_AA
HA|PP755589.1|A/cattle/Texas/24-008749-003/2024(H5N1)	4	G	A	0	0	0	23	2	37	1	23	6.93435e-17	TRUE	HA:cds-XAJ25415.1	GAG	E	AAG	K	2
HA|PP755589.1|A/cattle/Texas/24-008749-003/2024(H5N1)	14	T	C	0	0	0	190	8	33	1	190	4.89131e-207	TRUE	HA:cds-XAJ25415.1	GTA	V	GCA	A	5
HA|PP755589.1|A/cattle/Texas/24-008749-003/2024(H5N1)	128	C	-ACATGCCCAAG	924	189	37	35	0	20	0.0262172	1335	1.03586e-05	TRUE	NA	NA	NA	NA	NA	NA
HA|PP755589.1|A/cattle/Texas/24-008749-003/2024(H5N1)	273	A	G	7	4	32	1009	549	35	0.99311	1016	0	TRUE	HA:cds-XAJ25415.1	GAA	E	GAG	E	91
HA|PP755589.1|A/cattle/Texas/24-008749-003/2024(H5N1)	311	A	G	1	1	68	1071	449	35	0.999067	1072	0	TRUE	HA:cds-XAJ25415.1	GAC	D	GGC	G	104
HA|PP755589.1|A/cattle/Texas/24-008749-003/2024(H5N1)	439	G	A	1	0	34	1182	665	37	0.998311	1184	0	TRUE	HA:cds-XAJ25415.1	GTG	V	ATG	M	147
HA|PP755589.1|A/cattle/Texas/24-008749-003/2024(H5N1)	651	G	A	1	0	34	1264	505	35	0.999209	1265	0	TRUE	HA:cds-XAJ25415.1	GGG	G	GGA	G	217
HA|PP755589.1|A/cattle/Texas/24-008749-003/2024(H5N1)	675	G	A	0	0	0	1255	506	34	0.999204	1256	0	TRUE	HA:cds-XAJ25415.1	TTG	L	TTA	L	225
HA|PP755589.1|A/cattle/Texas/24-008749-003/2024(H5N1)	963	C	T	11	5	37	1347	565	37	0.9919	1358	0	TRUE	HA:cds-XAJ25415.1	TAC	Y	TAT	Y	321
HA|PP755589.1|A/cattle/Texas/24-008749-003/2024(H5N1)	1007	G	A	0	0	0	1422	784	37	0.999297	1423	0	TRUE	HA:cds-XAJ25415.1	AGT	S	AAT	N	336
HA|PP755589.1|A/cattle/Texas/24-008749-003/2024(H5N1)	1012	C	A	0	0	0	1370	766	36	0.997815	1373	0	TRUE	HA:cds-XAJ25415.1	CTA	L	ATA	I	338
HA|PP755589.1|A/cattle/Texas/24-008749-003/2024(H5N1)	1173	T	C	0	0	0	2178	529	35	1	2178	0	TRUE	HA:cds-XAJ25415.1	GAT	D	GAC	D	391
HA|PP755589.1|A/cattle/Texas/24-008749-003/2024(H5N1)	1560	A	-GTGAAATTAGAATC	2140	1454	39	29	0	20	0.0106344	2727	0.159296	FALSE	NA	NA	NA	NA	NA	NA
