REGION	POS	REF	ALT	REF_DP	REF_RV	REF_QUAL	ALT_DP	ALT_RV	ALT_QUAL	ALT_FREQ	TOTAL_DP	PVAL	PASS	GFF_FEATURE	REF_CODON	REF_AA	ALT_CODON	ALT_AA	POS_AA
PB1|PP755595.1|A/cattle/Texas/24-008749-003/2024(H5N1)	70	T	A	8	3	56	1	0	33	0.111111	9	0.225	FALSE	PB1:cds-XAJ25424.1	TAT	Y	AAT	N	24
PB1|PP755595.1|A/cattle/Texas/24-008749-003/2024(H5N1)	156	A	G	15	6	53	1	0	70	0.0625	16	0.355556	FALSE	PB1:cds-XAJ25424.1	AAA	K	AAG	K	52
PB1|PP755595.1|A/cattle/Texas/24-008749-003/2024(H5N1)	156	A	G	15	6	53	1	0	70	0.0625	16	0.355556	FALSE	PB1-F2:cds-XAJ25425.1	AAG	K	AGG	R	21
PB1|PP755595.1|A/cattle/Texas/24-008749-003/2024(H5N1)	187	G	-CACCTCAACTCAAT	15	6	51	2	0	20	0.0666667	30	0.131401	FALSE	NA	NA	NA	NA	NA	NA
PB1|PP755595.1|A/cattle/Texas/24-008749-003/2024(H5N1)	280	T	A	6	0	63	1	1	37	0.142857	7	0.388889	FALSE	PB1:cds-XAJ25424.1	TTC	F	ATC	I	94
PB1|PP755595.1|A/cattle/Texas/24-008749-003/2024(H5N1)	280	T	A	6	0	63	1	1	37	0.142857	7	0.388889	FALSE	PB1-F2:cds-XAJ25425.1	CTT	L	CTA	L	62
PB1|PP755595.1|A/cattle/Texas/24-008749-003/2024(H5N1)	1668	A	G	0	0	0	1	1	76	1	1	0.5	FALSE	PB1:cds-XAJ25424.1	AGA	R	AGG	R	556
PB1|PP755595.1|A/cattle/Texas/24-008749-003/2024(H5N1)	2000	T	C	0	0	0	26	11	55	1	26	2.28475e-19	TRUE	PB1:cds-XAJ25424.1	ATC	I	ACC	T	667
PB1|PP755595.1|A/cattle/Texas/24-008749-003/2024(H5N1)	2017	T	C	33	14	55	2	1	37	0.0571429	35	0.159048	FALSE	PB1:cds-XAJ25424.1	TCT	S	CCT	P	673
PB1|PP755595.1|A/cattle/Texas/24-008749-003/2024(H5N1)	2125	G	A	30	19	61	1	1	32	0.0322581	31	0.369048	FALSE	PB1:cds-XAJ25424.1	GTT	V	ATT	I	709
PB1|PP755595.1|A/cattle/Texas/24-008749-003/2024(H5N1)	2189	T	C	23	12	68	1	0	53	0.0416667	24	0.347826	FALSE	PB1:cds-XAJ25424.1	TTC	F	TCC	S	730
