REGION	POS	REF	ALT	REF_DP	REF_RV	REF_QUAL	ALT_DP	ALT_RV	ALT_QUAL	ALT_FREQ	TOTAL_DP	PVAL	PASS	GFF_FEATURE	REF_CODON	REF_AA	ALT_CODON	ALT_AA	POS_AA
PB1|PP755595.1|A/cattle/Texas/24-008749-003/2024(H5N1)	8	T	C	17	3	34	1	0	34	0.0555556	18	0.119205	FALSE	PB1:cds-XAJ25424.1	GTC	V	GCC	A	3
PB1|PP755595.1|A/cattle/Texas/24-008749-003/2024(H5N1)	39	A	G	93	12	33	2	0	34	0.0210526	95	0.0950587	FALSE	PB1:cds-XAJ25424.1	CCA	P	CCG	P	13
PB1|PP755595.1|A/cattle/Texas/24-008749-003/2024(H5N1)	59	C	T	131	29	33	2	1	34	0.0150376	133	0.119995	FALSE	PB1:cds-XAJ25424.1	ACC	T	ATC	I	20
PB1|PP755595.1|A/cattle/Texas/24-008749-003/2024(H5N1)	129	T	G	361	90	33	21	4	34	0.0549738	382	8.41029e-08	TRUE	PB1:cds-XAJ25424.1	GTT	V	GTG	V	43
PB1|PP755595.1|A/cattle/Texas/24-008749-003/2024(H5N1)	129	T	G	361	90	33	21	4	34	0.0549738	382	8.41029e-08	TRUE	PB1-F2:cds-XAJ25425.1	TTA	L	TGA	*	12
PB1|PP755595.1|A/cattle/Texas/24-008749-003/2024(H5N1)	166	A	G	402	129	33	5	4	32	0.012285	407	0.0255933	FALSE	PB1:cds-XAJ25424.1	ACA	T	GCA	A	56
PB1|PP755595.1|A/cattle/Texas/24-008749-003/2024(H5N1)	166	A	G	402	129	33	5	4	32	0.012285	407	0.0255933	FALSE	PB1-F2:cds-XAJ25425.1	GGA	G	GGG	G	24
PB1|PP755595.1|A/cattle/Texas/24-008749-003/2024(H5N1)	233	A	G	419	200	33	5	5	34	0.0117925	424	0.0245123	FALSE	PB1:cds-XAJ25424.1	GAG	E	GGG	G	78
PB1|PP755595.1|A/cattle/Texas/24-008749-003/2024(H5N1)	233	A	G	419	200	33	5	5	34	0.0117925	424	0.0245123	FALSE	PB1-F2:cds-XAJ25425.1	AGC	S	GGC	G	47
PB1|PP755595.1|A/cattle/Texas/24-008749-003/2024(H5N1)	708	A	G	0	0	0	431	206	33	1	431	2.64787e-266	TRUE	PB1:cds-XAJ25424.1	TTA	L	TTG	L	236
PB1|PP755595.1|A/cattle/Texas/24-008749-003/2024(H5N1)	822	A	G	425	211	33	9	3	34	0.0207373	434	0.00150894	TRUE	PB1:cds-XAJ25424.1	GGA	G	GGG	G	274
PB1|PP755595.1|A/cattle/Texas/24-008749-003/2024(H5N1)	921	T	C	0	0	0	460	267	33	1	460	3.5133e-283	TRUE	PB1:cds-XAJ25424.1	ACT	T	ACC	T	307
PB1|PP755595.1|A/cattle/Texas/24-008749-003/2024(H5N1)	945	T	C	0	0	0	470	262	33	1	470	2.16441e-285	TRUE	PB1:cds-XAJ25424.1	CCT	P	CCC	P	315
PB1|PP755595.1|A/cattle/Texas/24-008749-003/2024(H5N1)	1394	G	A	742	249	33	11	4	34	0.0146082	753	0.000389633	TRUE	PB1:cds-XAJ25424.1	AGA	R	AAA	K	465
PB1|PP755595.1|A/cattle/Texas/24-008749-003/2024(H5N1)	1417	G	A	871	268	33	37	12	34	0.0407489	908	3.00222e-12	TRUE	PB1:cds-XAJ25424.1	GTA	V	ATA	I	473
PB1|PP755595.1|A/cattle/Texas/24-008749-003/2024(H5N1)	1678	C	T	1297	565	33	29	17	33	0.0218703	1326	1.58652e-08	TRUE	PB1:cds-XAJ25424.1	CGA	R	TGA	*	560
