REGION	POS	REF	ALT	REF_DP	REF_RV	REF_QUAL	ALT_DP	ALT_RV	ALT_QUAL	ALT_FREQ	TOTAL_DP	PVAL	PASS	GFF_FEATURE	REF_CODON	REF_AA	ALT_CODON	ALT_AA	POS_AA
NP|PP755592.1|A/cattle/Texas/24-008749-003/2024(H5N1)	78	A	G	2656	913	43	27	10	40	0.0100634	2683	2.6373e-16	TRUE	NP:cds-XAJ25419.1	AGA	R	AGG	R	26
NP|PP755592.1|A/cattle/Texas/24-008749-003/2024(H5N1)	219	A	C	1	0	26	4523	2234	47	0.999779	4524	0	TRUE	NP:cds-XAJ25419.1	GAA	E	GAC	D	73
NP|PP755592.1|A/cattle/Texas/24-008749-003/2024(H5N1)	222	G	A	4525	2242	47	87	38	45	0.0188638	4612	1.85071e-34	TRUE	NP:cds-XAJ25419.1	AGG	R	AGA	R	74
NP|PP755592.1|A/cattle/Texas/24-008749-003/2024(H5N1)	304	G	A	3	3	54	4112	2014	45	0.999271	4115	0	TRUE	NP:cds-XAJ25419.1	GGC	G	AGC	S	102
NP|PP755592.1|A/cattle/Texas/24-008749-003/2024(H5N1)	345	G	A	3620	1785	46	875	419	45	0.194661	4495	0	TRUE	NP:cds-XAJ25419.1	GAG	E	GAA	E	115
NP|PP755592.1|A/cattle/Texas/24-008749-003/2024(H5N1)	355	A	G	1	1	46	4197	1999	47	0.999762	4198	0	TRUE	NP:cds-XAJ25419.1	ATT	I	GTT	V	119
NP|PP755592.1|A/cattle/Texas/24-008749-003/2024(H5N1)	481	C	T	4300	2207	44	51	27	45	0.0117214	4351	1.04491e-19	TRUE	NP:cds-XAJ25419.1	CCT	P	TCT	S	161
NP|PP755592.1|A/cattle/Texas/24-008749-003/2024(H5N1)	498	G	A	1	0	34	4174	1968	43	0.999521	4176	0	TRUE	NP:cds-XAJ25419.1	CTG	L	CTA	L	166
NP|PP755592.1|A/cattle/Texas/24-008749-003/2024(H5N1)	582	T	C	0	0	0	4336	1826	50	1	4336	0	TRUE	NP:cds-XAJ25419.1	ATT	I	ATC	I	194
NP|PP755592.1|A/cattle/Texas/24-008749-003/2024(H5N1)	870	C	T	0	0	0	4177	1940	45	0.999761	4178	0	TRUE	NP:cds-XAJ25419.1	GAC	D	GAT	D	290
NP|PP755592.1|A/cattle/Texas/24-008749-003/2024(H5N1)	1014	T	C	0	0	0	4518	2421	46	1	4518	0	TRUE	NP:cds-XAJ25419.1	TTT	F	TTC	F	338
NP|PP755592.1|A/cattle/Texas/24-008749-003/2024(H5N1)	1092	G	A	0	0	0	4605	2124	48	1	4605	0	TRUE	NP:cds-XAJ25419.1	CAG	Q	CAA	Q	364
NP|PP755592.1|A/cattle/Texas/24-008749-003/2024(H5N1)	1109	A	G	0	0	0	4563	2373	48	1	4563	0	TRUE	NP:cds-XAJ25419.1	AAC	N	AGC	S	370
NP|PP755592.1|A/cattle/Texas/24-008749-003/2024(H5N1)	1152	A	G	4724	2331	45	60	33	46	0.0125418	4784	5.8719e-24	TRUE	NP:cds-XAJ25419.1	AGA	R	AGG	R	384
NP|PP755592.1|A/cattle/Texas/24-008749-003/2024(H5N1)	1227	G	A	5178	2548	44	53	22	45	0.0101319	5231	1.90644e-20	TRUE	NP:cds-XAJ25419.1	CAG	Q	CAA	Q	409
