REGION	POS	REF	ALT	REF_DP	REF_RV	REF_QUAL	ALT_DP	ALT_RV	ALT_QUAL	ALT_FREQ	TOTAL_DP	PVAL	PASS	GFF_FEATURE	REF_CODON	REF_AA	ALT_CODON	ALT_AA	POS_AA
PB2|PP755596.1|A/cattle/Texas/24-008749-003/2024(H5N1)	17	A	G	85	18	33	2	0	34	0.0229885	87	0.0325418	FALSE	PB2:cds-XAJ25426.1	GAA	E	GGA	G	6
PB2|PP755596.1|A/cattle/Texas/24-008749-003/2024(H5N1)	22	A	G	97	21	33	1	0	34	0.0102041	98	0.195219	FALSE	PB2:cds-XAJ25426.1	AGA	R	GGA	G	8
PB2|PP755596.1|A/cattle/Texas/24-008749-003/2024(H5N1)	48	T	C	206	56	33	4	0	34	0.0190476	210	0.00689679	TRUE	PB2:cds-XAJ25426.1	ACT	T	ACC	T	16
PB2|PP755596.1|A/cattle/Texas/24-008749-003/2024(H5N1)	77	A	G	350	87	33	4	1	34	0.0112676	355	0.0142916	FALSE	PB2:cds-XAJ25426.1	GAC	D	GGC	G	26
PB2|PP755596.1|A/cattle/Texas/24-008749-003/2024(H5N1)	362	A	G	784	400	33	14	8	34	0.0175439	798	4.87931e-05	TRUE	PB2:cds-XAJ25426.1	AAA	K	AGA	R	121
PB2|PP755596.1|A/cattle/Texas/24-008749-003/2024(H5N1)	747	A	C	0	0	0	748	333	33	0.998665	749	0	TRUE	PB2:cds-XAJ25426.1	GAA	E	GAC	D	249
PB2|PP755596.1|A/cattle/Texas/24-008749-003/2024(H5N1)	764	C	T	0	0	0	740	334	33	1	740	0	TRUE	PB2:cds-XAJ25426.1	GCA	A	GTA	V	255
PB2|PP755596.1|A/cattle/Texas/24-008749-003/2024(H5N1)	796	A	G	5	0	34	777	378	33	0.993606	782	0	TRUE	PB2:cds-XAJ25426.1	ATA	I	GTA	V	266
PB2|PP755596.1|A/cattle/Texas/24-008749-003/2024(H5N1)	925	G	A	849	430	33	11	7	33	0.0127907	860	0.000437912	TRUE	PB2:cds-XAJ25426.1	GAC	D	AAC	N	309
PB2|PP755596.1|A/cattle/Texas/24-008749-003/2024(H5N1)	987	T	C	1	1	34	793	415	33	0.998741	794	0	TRUE	PB2:cds-XAJ25426.1	ACT	T	ACC	T	329
PB2|PP755596.1|A/cattle/Texas/24-008749-003/2024(H5N1)	1030	G	A	2	0	34	670	397	32	0.997024	672	0	TRUE	PB2:cds-XAJ25426.1	GTG	V	ATG	M	344
PB2|PP755596.1|A/cattle/Texas/24-008749-003/2024(H5N1)	1101	A	G	0	0	0	785	374	33	1	785	0	TRUE	PB2:cds-XAJ25426.1	GGA	G	GGG	G	367
PB2|PP755596.1|A/cattle/Texas/24-008749-003/2024(H5N1)	1620	T	C	0	0	0	744	426	33	1	744	0	TRUE	PB2:cds-XAJ25426.1	AAT	N	AAC	N	540
PB2|PP755596.1|A/cattle/Texas/24-008749-003/2024(H5N1)	1635	G	A	0	0	0	751	450	33	1	751	0	TRUE	PB2:cds-XAJ25426.1	GTG	V	GTA	V	545
PB2|PP755596.1|A/cattle/Texas/24-008749-003/2024(H5N1)	1851	A	G	0	0	0	1003	432	33	1	1003	0	TRUE	PB2:cds-XAJ25426.1	AAA	K	AAG	K	617
