REGION	POS	REF	ALT	REF_DP	REF_RV	REF_QUAL	ALT_DP	ALT_RV	ALT_QUAL	ALT_FREQ	TOTAL_DP	PVAL	PASS	GFF_FEATURE	REF_CODON	REF_AA	ALT_CODON	ALT_AA	POS_AA
HA|PP755589.1|A/cattle/Texas/24-008749-003/2024(H5N1)	30	A	G	563	70	32	26	3	33	0.0441426	589	1.16593e-13	TRUE	HA:cds-XAJ25415.1	ATA	I	ATG	M	10
HA|PP755589.1|A/cattle/Texas/24-008749-003/2024(H5N1)	202	T	C	2469	1202	33	70	31	33	0.0275699	2539	3.25607e-19	TRUE	HA:cds-XAJ25415.1	TTA	L	CTA	L	68
HA|PP755589.1|A/cattle/Texas/24-008749-003/2024(H5N1)	288	G	A	2200	997	33	123	38	33	0.0529488	2323	1.73094e-35	TRUE	HA:cds-XAJ25415.1	GTG	V	GTA	V	96
HA|PP755589.1|A/cattle/Texas/24-008749-003/2024(H5N1)	311	A	G	0	0	0	2471	1087	33	0.999191	2473	0	TRUE	HA:cds-XAJ25415.1	GAC	D	GGC	G	104
HA|PP755589.1|A/cattle/Texas/24-008749-003/2024(H5N1)	387	G	A	2604	1188	33	33	11	33	0.0125142	2637	1.52828e-08	TRUE	HA:cds-XAJ25415.1	AAG	K	AAA	K	129
HA|PP755589.1|A/cattle/Texas/24-008749-003/2024(H5N1)	439	G	A	2841	1568	33	41	14	33	0.0142213	2883	7.60816e-11	TRUE	HA:cds-XAJ25415.1	GTG	V	ATG	M	147
HA|PP755589.1|A/cattle/Texas/24-008749-003/2024(H5N1)	646	G	A	3003	1215	33	40	10	33	0.0131449	3043	9.84538e-10	TRUE	HA:cds-XAJ25415.1	GTT	V	ATT	I	216
HA|PP755589.1|A/cattle/Texas/24-008749-003/2024(H5N1)	651	G	A	3	2	34	3021	1204	33	0.999008	3024	0	TRUE	HA:cds-XAJ25415.1	GGG	G	GGA	G	217
HA|PP755589.1|A/cattle/Texas/24-008749-003/2024(H5N1)	657	A	C	3222	1391	33	50	18	33	0.0152718	3274	1.92186e-12	TRUE	HA:cds-XAJ25415.1	TCA	S	TCC	S	219
HA|PP755589.1|A/cattle/Texas/24-008749-003/2024(H5N1)	675	G	A	6	3	34	3028	1284	33	0.997365	3036	0	TRUE	HA:cds-XAJ25415.1	TTG	L	TTA	L	225
HA|PP755589.1|A/cattle/Texas/24-008749-003/2024(H5N1)	754	G	A	2934	1480	33	36	16	32	0.0121212	2970	2.08901e-09	TRUE	HA:cds-XAJ25415.1	GAT	D	AAT	N	252
HA|PP755589.1|A/cattle/Texas/24-008749-003/2024(H5N1)	1007	G	A	2	0	34	3209	1768	33	0.999377	3211	0	TRUE	HA:cds-XAJ25415.1	AGT	S	AAT	N	336
HA|PP755589.1|A/cattle/Texas/24-008749-003/2024(H5N1)	1032	A	G	3057	1709	32	99	60	32	0.0313688	3156	3.8758e-27	TRUE	HA:cds-XAJ25415.1	AAA	K	AAG	K	344
HA|PP755589.1|A/cattle/Texas/24-008749-003/2024(H5N1)	1052	T	A	3335	1939	33	73	13	32	0.0214202	3408	4.6697e-19	TRUE	HA:cds-XAJ25415.1	ATA	I	AAA	K	351
