REGION	POS	REF	ALT	REF_DP	REF_RV	REF_QUAL	ALT_DP	ALT_RV	ALT_QUAL	ALT_FREQ	TOTAL_DP	PVAL	PASS	GFF_FEATURE	REF_CODON	REF_AA	ALT_CODON	ALT_AA	POS_AA
PB2|PP755596.1|A/cattle/Texas/24-008749-003/2024(H5N1)	165	T	C	869	373	33	10	6	34	0.0113766	879	0.000812311	TRUE	PB2:cds-XAJ25426.1	TAT	Y	TAC	Y	55
PB2|PP755596.1|A/cattle/Texas/24-008749-003/2024(H5N1)	172	G	A	121	50	33	774	346	33	0.863839	896	0	TRUE	PB2:cds-XAJ25426.1	GCA	A	ACA	T	58
PB2|PP755596.1|A/cattle/Texas/24-008749-003/2024(H5N1)	210	G	A	846	433	33	16	11	32	0.0185615	862	9.31643e-06	TRUE	PB2:cds-XAJ25426.1	AGG	R	AGA	R	70
PB2|PP755596.1|A/cattle/Texas/24-008749-003/2024(H5N1)	240	G	A	0	0	0	785	420	33	1	785	0	TRUE	PB2:cds-XAJ25426.1	AAG	K	AAA	K	80
PB2|PP755596.1|A/cattle/Texas/24-008749-003/2024(H5N1)	272	T	C	819	421	32	28	14	33	0.0330579	847	4.65283e-10	TRUE	PB2:cds-XAJ25426.1	GTA	V	GCA	A	91
PB2|PP755596.1|A/cattle/Texas/24-008749-003/2024(H5N1)	630	G	A	0	0	0	802	460	33	1	802	0	TRUE	PB2:cds-XAJ25426.1	GAG	E	GAA	E	210
PB2|PP755596.1|A/cattle/Texas/24-008749-003/2024(H5N1)	764	C	T	0	0	0	910	396	33	1	910	0	TRUE	PB2:cds-XAJ25426.1	GCA	A	GTA	V	255
PB2|PP755596.1|A/cattle/Texas/24-008749-003/2024(H5N1)	912	G	A	0	0	0	980	482	33	0.997963	982	0	TRUE	PB2:cds-XAJ25426.1	GAG	E	GAA	E	304
PB2|PP755596.1|A/cattle/Texas/24-008749-003/2024(H5N1)	1392	G	A	0	0	0	1144	749	33	0.999127	1145	0	TRUE	PB2:cds-XAJ25426.1	TTG	L	TTA	L	464
PB2|PP755596.1|A/cattle/Texas/24-008749-003/2024(H5N1)	1485	A	G	560	217	32	530	203	33	0.486239	1090	2.63665e-208	TRUE	PB2:cds-XAJ25426.1	ATA	I	ATG	M	495
PB2|PP755596.1|A/cattle/Texas/24-008749-003/2024(H5N1)	1548	A	G	1134	408	33	55	19	33	0.0462185	1190	1.83497e-16	TRUE	PB2:cds-XAJ25426.1	GAA	E	GAG	E	516
PB2|PP755596.1|A/cattle/Texas/24-008749-003/2024(H5N1)	1557	C	T	1206	450	33	17	9	33	0.0139002	1223	5.92749e-05	TRUE	PB2:cds-XAJ25426.1	AGC	S	AGT	S	519
PB2|PP755596.1|A/cattle/Texas/24-008749-003/2024(H5N1)	1569	A	G	1320	537	33	14	9	31	0.0104948	1334	0.000435971	TRUE	PB2:cds-XAJ25426.1	GGA	G	GGG	G	523
PB2|PP755596.1|A/cattle/Texas/24-008749-003/2024(H5N1)	2009	A	G	5	0	32	1317	732	33	0.996218	1322	0	TRUE	PB2:cds-XAJ25426.1	AAA	K	AGA	R	670
PB2|PP755596.1|A/cattle/Texas/24-008749-003/2024(H5N1)	2100	A	G	1136	718	33	221	141	32	0.162859	1357	6.63869e-71	TRUE	PB2:cds-XAJ25426.1	GAA	E	GAG	E	700
PB2|PP755596.1|A/cattle/Texas/24-008749-003/2024(H5N1)	2218	G	A	1017	765	33	24	18	34	0.0230548	1041	5.425e-07	TRUE	PB2:cds-XAJ25426.1	GAC	D	AAC	N	740
