REGION	POS	REF	ALT	REF_DP	REF_RV	REF_QUAL	ALT_DP	ALT_RV	ALT_QUAL	ALT_FREQ	TOTAL_DP	PVAL	PASS	GFF_FEATURE	REF_CODON	REF_AA	ALT_CODON	ALT_AA	POS_AA
PB2|PP755596.1|A/cattle/Texas/24-008749-003/2024(H5N1)	6	G	A	61	11	39	1	0	27	0.016129	62	0.451374	FALSE	PB2:cds-XAJ25426.1	GAG	E	GAA	E	2
PB2|PP755596.1|A/cattle/Texas/24-008749-003/2024(H5N1)	240	G	A	0	0	0	596	331	40	1	596	0	TRUE	PB2:cds-XAJ25426.1	AAG	K	AAA	K	80
PB2|PP755596.1|A/cattle/Texas/24-008749-003/2024(H5N1)	630	G	A	2	1	34	586	336	40	0.996599	588	0	TRUE	PB2:cds-XAJ25426.1	GAG	E	GAA	E	210
PB2|PP755596.1|A/cattle/Texas/24-008749-003/2024(H5N1)	645	A	G	571	326	40	24	17	37	0.0403361	595	2.42413e-09	TRUE	PB2:cds-XAJ25426.1	ACA	T	ACG	T	215
PB2|PP755596.1|A/cattle/Texas/24-008749-003/2024(H5N1)	764	C	T	0	0	0	599	292	40	1	599	0	TRUE	PB2:cds-XAJ25426.1	GCA	A	GTA	V	255
PB2|PP755596.1|A/cattle/Texas/24-008749-003/2024(H5N1)	912	G	A	0	0	0	602	286	42	1	602	0	TRUE	PB2:cds-XAJ25426.1	GAG	E	GAA	E	304
PB2|PP755596.1|A/cattle/Texas/24-008749-003/2024(H5N1)	1329	A	G	688	383	45	7	3	50	0.0100719	695	0.00216016	TRUE	PB2:cds-XAJ25426.1	AAA	K	AAG	K	443
PB2|PP755596.1|A/cattle/Texas/24-008749-003/2024(H5N1)	1367	A	G	671	408	42	10	9	36	0.0146843	681	0.00021304	TRUE	PB2:cds-XAJ25426.1	AAT	N	AGT	S	456
PB2|PP755596.1|A/cattle/Texas/24-008749-003/2024(H5N1)	1392	G	A	0	0	0	686	440	41	1	686	0	TRUE	PB2:cds-XAJ25426.1	TTG	L	TTA	L	464
PB2|PP755596.1|A/cattle/Texas/24-008749-003/2024(H5N1)	2009	A	G	0	0	0	697	364	42	1	697	0	TRUE	PB2:cds-XAJ25426.1	AAA	K	AGA	R	670
PB2|PP755596.1|A/cattle/Texas/24-008749-003/2024(H5N1)	2145	T	C	0	0	0	831	448	45	0.998798	832	0	TRUE	PB2:cds-XAJ25426.1	AAT	N	AAC	N	715
