REGION	POS	REF	ALT	REF_DP	REF_RV	REF_QUAL	ALT_DP	ALT_RV	ALT_QUAL	ALT_FREQ	TOTAL_DP	PVAL	PASS	GFF_FEATURE	REF_CODON	REF_AA	ALT_CODON	ALT_AA	POS_AA
NS|PP755593.1|A/cattle/Texas/24-008749-003/2024(H5N1)	199	A	G	6	4	34	50180	21577	37	0.999363	50212	0	TRUE	NS1:cds-XAJ25420.1	AGG	R	GGG	G	67
NS|PP755593.1|A/cattle/Texas/24-008749-003/2024(H5N1)	208	G	A	53624	24307	38	799	316	37	0.0146797	54429	8.32466e-189	TRUE	NS1:cds-XAJ25420.1	GAG	E	AAG	K	70
NS|PP755593.1|A/cattle/Texas/24-008749-003/2024(H5N1)	212	A	G	46886	21832	38	8072	3939	37	0.146862	54963	0	TRUE	NS1:cds-XAJ25420.1	GAA	E	GGA	G	71
NS|PP755593.1|A/cattle/Texas/24-008749-003/2024(H5N1)	222	T	C	32	14	37	53808	25946	38	0.999406	53840	0	TRUE	NS1:cds-XAJ25420.1	GAT	D	GAC	D	74
NS|PP755593.1|A/cattle/Texas/24-008749-003/2024(H5N1)	374	A	C	58093	28879	37	2621	1020	36	0.0431526	60738	0	TRUE	NS1:cds-XAJ25420.1	GAT	D	GCT	A	125
NS|PP755593.1|A/cattle/Texas/24-008749-003/2024(H5N1)	517	G	A	53539	27129	37	4353	2230	36	0.0751775	57903	0	TRUE	NEP:cds-XAJ25421.1	AGG	R	AGA	R	5
NS|PP755593.1|A/cattle/Texas/24-008749-003/2024(H5N1)	517	G	A	53539	27129	37	4353	2230	36	0.0751775	57903	0	TRUE	NS1:cds-XAJ25420.1	GAT	D	AAT	N	173
NS|PP755593.1|A/cattle/Texas/24-008749-003/2024(H5N1)	580	G	A	46609	25410	37	6719	3532	36	0.125954	53345	0	TRUE	NEP:cds-XAJ25421.1	GAG	E	GAA	E	26
NS|PP755593.1|A/cattle/Texas/24-008749-003/2024(H5N1)	580	G	A	46609	25410	37	6719	3532	36	0.125954	53345	0	TRUE	NS1:cds-XAJ25420.1	GTC	V	ATC	I	194
