REGION	POS	REF	ALT	REF_DP	REF_RV	REF_QUAL	ALT_DP	ALT_RV	ALT_QUAL	ALT_FREQ	TOTAL_DP	PVAL	PASS	GFF_FEATURE	REF_CODON	REF_AA	ALT_CODON	ALT_AA	POS_AA
NP|PP755592.1|A/cattle/Texas/24-008749-003/2024(H5N1)	243	A	G	4545	2308	40	5850	3020	39	0.562771	10395	0	TRUE	NP:cds-XAJ25419.1	GAA	E	GAG	E	81
NP|PP755592.1|A/cattle/Texas/24-008749-003/2024(H5N1)	351	A	G	4263	1998	38	5280	2746	39	0.553111	9546	0	TRUE	NP:cds-XAJ25419.1	AGA	R	AGG	R	117
NP|PP755592.1|A/cattle/Texas/24-008749-003/2024(H5N1)	355	A	G	3	2	34	9034	4280	39	0.999447	9039	0	TRUE	NP:cds-XAJ25419.1	ATT	I	GTT	V	119
NP|PP755592.1|A/cattle/Texas/24-008749-003/2024(H5N1)	498	G	A	0	0	0	8940	4393	36	0.999776	8942	0	TRUE	NP:cds-XAJ25419.1	CTG	L	CTA	L	166
NP|PP755592.1|A/cattle/Texas/24-008749-003/2024(H5N1)	582	T	C	6562	2631	41	2998	1109	40	0.313566	9561	0	TRUE	NP:cds-XAJ25419.1	ATT	I	ATC	I	194
NP|PP755592.1|A/cattle/Texas/24-008749-003/2024(H5N1)	675	C	T	8064	4355	38	916	499	35	0.101982	8982	5.62448e-309	TRUE	NP:cds-XAJ25419.1	ATC	I	ATT	I	225
NP|PP755592.1|A/cattle/Texas/24-008749-003/2024(H5N1)	733	A	G	7960	4166	38	1052	505	37	0.116707	9014	0	TRUE	NP:cds-XAJ25419.1	AGC	S	GGC	G	245
NP|PP755592.1|A/cattle/Texas/24-008749-003/2024(H5N1)	870	C	T	0	0	0	9011	4268	38	0.999889	9012	0	TRUE	NP:cds-XAJ25419.1	GAC	D	GAT	D	290
NP|PP755592.1|A/cattle/Texas/24-008749-003/2024(H5N1)	975	A	G	0	0	0	8894	4473	39	1	8894	0	TRUE	NP:cds-XAJ25419.1	AAA	K	AAG	K	325
NP|PP755592.1|A/cattle/Texas/24-008749-003/2024(H5N1)	1014	T	C	5	2	40	9452	5211	40	0.999366	9458	0	TRUE	NP:cds-XAJ25419.1	TTT	F	TTC	F	338
NP|PP755592.1|A/cattle/Texas/24-008749-003/2024(H5N1)	1092	G	A	0	0	0	9709	4829	40	0.999691	9712	0	TRUE	NP:cds-XAJ25419.1	CAG	Q	CAA	Q	364
NP|PP755592.1|A/cattle/Texas/24-008749-003/2024(H5N1)	1143	G	A	6027	3116	39	4565	2035	38	0.430904	10594	0	TRUE	NP:cds-XAJ25419.1	CTG	L	CTA	L	381
