REGION	POS	REF	ALT	REF_DP	REF_RV	REF_QUAL	ALT_DP	ALT_RV	ALT_QUAL	ALT_FREQ	TOTAL_DP	PVAL	PASS	GFF_FEATURE	REF_CODON	REF_AA	ALT_CODON	ALT_AA	POS_AA
NA|PP755591.1|A/cattle/Texas/24-008749-003/2024(H5N1)	74	A	G	282	124	55	16	9	58	0.0536913	298	4.66361e-10	TRUE	NA:cds-XAJ25418.1	CAA	Q	CGA	R	25
NA|PP755591.1|A/cattle/Texas/24-008749-003/2024(H5N1)	564	C	T	953	443	56	40	23	59	0.040282	993	1.04515e-18	TRUE	NA:cds-XAJ25418.1	ATC	I	ATT	I	188
NA|PP755591.1|A/cattle/Texas/24-008749-003/2024(H5N1)	571	T	C	6	2	50	961	467	57	0.993795	967	0	TRUE	NA:cds-XAJ25418.1	TTG	L	CTG	L	191
NA|PP755591.1|A/cattle/Texas/24-008749-003/2024(H5N1)	739	A	G	0	0	0	997	519	57	1	997	0	TRUE	NA:cds-XAJ25418.1	AGC	S	GGC	G	247
NA|PP755591.1|A/cattle/Texas/24-008749-003/2024(H5N1)	1011	A	G	1	0	68	892	424	56	0.99888	893	0	TRUE	NA:cds-XAJ25418.1	CCA	P	CCG	P	337
NA|PP755591.1|A/cattle/Texas/24-008749-003/2024(H5N1)	1185	A	G	0	0	0	849	468	59	1	849	0	TRUE	NA:cds-XAJ25418.1	GAA	E	GAG	E	395
NA|PP755591.1|A/cattle/Texas/24-008749-003/2024(H5N1)	1288	A	G	602	338	60	20	11	54	0.0321543	622	6.90138e-10	TRUE	NA:cds-XAJ25418.1	AGG	R	GGG	G	430
