REGION	POS	REF	ALT	REF_DP	REF_RV	REF_QUAL	ALT_DP	ALT_RV	ALT_QUAL	ALT_FREQ	TOTAL_DP	PVAL	PASS	GFF_FEATURE	REF_CODON	REF_AA	ALT_CODON	ALT_AA	POS_AA
NP|PP755592.1|A/cattle/Texas/24-008749-003/2024(H5N1)	28	T	C	2254	465	37	75	9	36	0.0322027	2329	2.54176e-44	TRUE	NP:cds-XAJ25419.1	TAT	Y	CAT	H	10
NP|PP755592.1|A/cattle/Texas/24-008749-003/2024(H5N1)	186	C	A	11151	4922	39	202	97	37	0.017788	11356	8.40786e-54	TRUE	NP:cds-XAJ25419.1	ACC	T	ACA	T	62
NP|PP755592.1|A/cattle/Texas/24-008749-003/2024(H5N1)	355	A	G	2	1	34	10516	5522	39	0.999715	10519	0	TRUE	NP:cds-XAJ25419.1	ATT	I	GTT	V	119
NP|PP755592.1|A/cattle/Texas/24-008749-003/2024(H5N1)	498	G	A	1	0	32	10681	4956	37	0.999906	10682	0	TRUE	NP:cds-XAJ25419.1	CTG	L	CTA	L	166
NP|PP755592.1|A/cattle/Texas/24-008749-003/2024(H5N1)	583	C	T	11165	4339	42	120	58	40	0.0106336	11285	7.92403e-42	TRUE	NP:cds-XAJ25419.1	CGA	R	TGA	*	195
NP|PP755592.1|A/cattle/Texas/24-008749-003/2024(H5N1)	691	C	T	10228	5945	38	256	162	36	0.0244182	10484	3.64209e-70	TRUE	NP:cds-XAJ25419.1	CAA	Q	TAA	*	231
NP|PP755592.1|A/cattle/Texas/24-008749-003/2024(H5N1)	870	C	T	0	0	0	10168	4875	38	0.999902	10169	0	TRUE	NP:cds-XAJ25419.1	GAC	D	GAT	D	290
NP|PP755592.1|A/cattle/Texas/24-008749-003/2024(H5N1)	1014	T	C	3	2	34	10322	5701	39	0.999709	10325	0	TRUE	NP:cds-XAJ25419.1	TTT	F	TTC	F	338
NP|PP755592.1|A/cattle/Texas/24-008749-003/2024(H5N1)	1069	C	T	10706	5535	39	120	72	33	0.0110844	10826	8.81146e-28	TRUE	NP:cds-XAJ25419.1	CAA	Q	TAA	*	357
NP|PP755592.1|A/cattle/Texas/24-008749-003/2024(H5N1)	1092	G	A	0	0	0	10652	4961	40	0.999906	10653	0	TRUE	NP:cds-XAJ25419.1	CAG	Q	CAA	Q	364
NP|PP755592.1|A/cattle/Texas/24-008749-003/2024(H5N1)	1308	A	G	1	1	33	10224	5431	40	0.999902	10225	0	TRUE	NP:cds-XAJ25419.1	AGA	R	AGG	R	436
NP|PP755592.1|A/cattle/Texas/24-008749-003/2024(H5N1)	1444	A	G	7712	6685	42	127	110	40	0.016201	7839	4.29482e-46	TRUE	NP:cds-XAJ25419.1	AAC	N	GAC	D	482
NP|PP755592.1|A/cattle/Texas/24-008749-003/2024(H5N1)	1452	A	G	7064	6213	40	188	161	41	0.0259203	7253	1.81088e-67	TRUE	NP:cds-XAJ25419.1	GAA	E	GAG	E	484
