REGION	POS	REF	ALT	REF_DP	REF_RV	REF_QUAL	ALT_DP	ALT_RV	ALT_QUAL	ALT_FREQ	TOTAL_DP	PVAL	PASS	GFF_FEATURE	REF_CODON	REF_AA	ALT_CODON	ALT_AA	POS_AA
NA|PP755591.1|A/cattle/Texas/24-008749-003/2024(H5N1)	227	C	T	3481	1668	33	98	42	33	0.0273743	3580	3.99888e-27	TRUE	NA:cds-XAJ25418.1	GCT	A	GTT	V	76
NA|PP755591.1|A/cattle/Texas/24-008749-003/2024(H5N1)	365	T	C	3670	1646	33	48	20	33	0.0129067	3719	9.17532e-12	TRUE	NA:cds-XAJ25418.1	ATC	I	ACC	T	122
NA|PP755591.1|A/cattle/Texas/24-008749-003/2024(H5N1)	477	G	A	3778	1895	33	69	28	32	0.0179361	3847	3.77515e-18	TRUE	NA:cds-XAJ25418.1	ATG	M	ATA	I	159
NA|PP755591.1|A/cattle/Texas/24-008749-003/2024(H5N1)	571	T	C	2	0	34	3628	1735	33	0.998899	3632	0	TRUE	NA:cds-XAJ25418.1	TTG	L	CTG	L	191
NA|PP755591.1|A/cattle/Texas/24-008749-003/2024(H5N1)	666	C	T	3041	1448	33	351	199	33	0.103479	3392	1.70698e-107	TRUE	NA:cds-XAJ25418.1	AAC	N	AAT	N	222
NA|PP755591.1|A/cattle/Texas/24-008749-003/2024(H5N1)	1180	G	T	4166	2500	33	50	21	31	0.011854	4218	1.02117e-11	TRUE	NA:cds-XAJ25418.1	GTA	V	TTA	L	394
NA|PP755591.1|A/cattle/Texas/24-008749-003/2024(H5N1)	1185	A	G	2	2	34	3897	2347	33	0.999487	3899	0	TRUE	NA:cds-XAJ25418.1	GAA	E	GAG	E	395
NA|PP755591.1|A/cattle/Texas/24-008749-003/2024(H5N1)	1242	A	G	3226	2187	33	1092	729	33	0.252836	4319	0	TRUE	NA:cds-XAJ25418.1	GGA	G	GGG	G	414
NA|PP755591.1|A/cattle/Texas/24-008749-003/2024(H5N1)	1254	G	A	4037	2721	33	42	28	33	0.0102966	4079	1.33477e-09	TRUE	NA:cds-XAJ25418.1	ATG	M	ATA	I	418
