REGION	POS	REF	ALT	REF_DP	REF_RV	REF_QUAL	ALT_DP	ALT_RV	ALT_QUAL	ALT_FREQ	TOTAL_DP	PVAL	PASS	GFF_FEATURE	REF_CODON	REF_AA	ALT_CODON	ALT_AA	POS_AA
NS|PP755593.1|A/cattle/Texas/24-008749-003/2024(H5N1)	62	G	A	1	0	37	9591	892	40	0.999687	9594	0	TRUE	NS1:cds-XAJ25420.1	CGA	R	CAA	Q	21
NS|PP755593.1|A/cattle/Texas/24-008749-003/2024(H5N1)	222	T	C	1	0	37	19932	9377	40	0.99995	19933	0	TRUE	NS1:cds-XAJ25420.1	GAT	D	GAC	D	74
NS|PP755593.1|A/cattle/Texas/24-008749-003/2024(H5N1)	240	T	C	4	1	34	20261	11150	39	0.999753	20266	0	TRUE	NS1:cds-XAJ25420.1	ACT	T	ACC	T	80
NS|PP755593.1|A/cattle/Texas/24-008749-003/2024(H5N1)	380	A	C	24009	10844	39	723	278	38	0.0292157	24747	7.96421e-198	TRUE	NS1:cds-XAJ25420.1	AAC	N	ACC	T	127
NS|PP755593.1|A/cattle/Texas/24-008749-003/2024(H5N1)	441	C	T	10	3	31	23931	10580	38	0.999415	23945	0	TRUE	NS1:cds-XAJ25420.1	CTC	L	CTT	L	147
NS|PP755593.1|A/cattle/Texas/24-008749-003/2024(H5N1)	489	G	A	9	7	31	23177	11651	39	0.999439	23190	0	TRUE	NS1:cds-XAJ25420.1	TTG	L	TTA	L	163
