REGION	POS	REF	ALT	REF_DP	REF_RV	REF_QUAL	ALT_DP	ALT_RV	ALT_QUAL	ALT_FREQ	TOTAL_DP	PVAL	PASS	GFF_FEATURE	REF_CODON	REF_AA	ALT_CODON	ALT_AA	POS_AA
HA|PP755589.1|A/cattle/Texas/24-008749-003/2024(H5N1)	311	A	G	0	0	0	1181	492	36	1	1181	0	TRUE	HA:cds-XAJ25415.1	GAC	D	GGC	G	104
HA|PP755589.1|A/cattle/Texas/24-008749-003/2024(H5N1)	439	G	A	2	1	68	1288	659	37	0.99845	1290	0	TRUE	HA:cds-XAJ25415.1	GTG	V	ATG	M	147
HA|PP755589.1|A/cattle/Texas/24-008749-003/2024(H5N1)	651	G	A	0	0	0	1586	711	35	1	1586	0	TRUE	HA:cds-XAJ25415.1	GGG	G	GGA	G	217
HA|PP755589.1|A/cattle/Texas/24-008749-003/2024(H5N1)	675	G	A	1	1	34	1474	676	35	0.999322	1475	0	TRUE	HA:cds-XAJ25415.1	TTG	L	TTA	L	225
HA|PP755589.1|A/cattle/Texas/24-008749-003/2024(H5N1)	786	T	C	0	0	0	1472	828	35	1	1472	0	TRUE	HA:cds-XAJ25415.1	AAT	N	AAC	N	262
HA|PP755589.1|A/cattle/Texas/24-008749-003/2024(H5N1)	1007	G	A	0	0	0	1386	780	37	1	1386	0	TRUE	HA:cds-XAJ25415.1	AGT	S	AAT	N	336
HA|PP755589.1|A/cattle/Texas/24-008749-003/2024(H5N1)	1052	T	A	1457	911	36	19	4	34	0.0128726	1476	5.16108e-06	TRUE	HA:cds-XAJ25415.1	ATA	I	AAA	K	351
HA|PP755589.1|A/cattle/Texas/24-008749-003/2024(H5N1)	1259	G	A	2774	899	37	639	180	36	0.187225	3413	1.44009e-222	TRUE	HA:cds-XAJ25415.1	AGG	R	AAG	K	420
HA|PP755589.1|A/cattle/Texas/24-008749-003/2024(H5N1)	1293	C	T	3365	1769	38	63	33	37	0.0183781	3428	4.74105e-18	TRUE	HA:cds-XAJ25415.1	GAC	D	GAT	D	431
HA|PP755589.1|A/cattle/Texas/24-008749-003/2024(H5N1)	1359	A	G	3674	1871	36	94	56	37	0.0249469	3768	4.42152e-26	TRUE	HA:cds-XAJ25415.1	CTA	L	CTG	L	453
HA|PP755589.1|A/cattle/Texas/24-008749-003/2024(H5N1)	1575	A	G	2737	2049	38	82	67	35	0.029078	2820	2.10712e-24	TRUE	HA:cds-XAJ25415.1	TCA	S	TCG	S	525
