REGION	POS	REF	ALT	REF_DP	REF_RV	REF_QUAL	ALT_DP	ALT_RV	ALT_QUAL	ALT_FREQ	TOTAL_DP	PVAL	PASS	GFF_FEATURE	REF_CODON	REF_AA	ALT_CODON	ALT_AA	POS_AA
HA|PP755589.1|A/cattle/Texas/24-008749-003/2024(H5N1)	4	G	A	0	0	0	14	2	33	1	14	4.31042e-10	TRUE	HA:cds-XAJ25415.1	GAG	E	AAG	K	2
HA|PP755589.1|A/cattle/Texas/24-008749-003/2024(H5N1)	311	A	G	1	0	34	1239	569	33	0.999194	1240	0	TRUE	HA:cds-XAJ25415.1	GAC	D	GGC	G	104
HA|PP755589.1|A/cattle/Texas/24-008749-003/2024(H5N1)	438	G	A	1430	748	33	21	11	33	0.0144628	1452	3.41889e-06	TRUE	HA:cds-XAJ25415.1	GGG	G	GGA	G	146
HA|PP755589.1|A/cattle/Texas/24-008749-003/2024(H5N1)	474	C	T	0	0	0	1329	707	33	1	1329	0	TRUE	HA:cds-XAJ25415.1	TCC	S	TCT	S	158
HA|PP755589.1|A/cattle/Texas/24-008749-003/2024(H5N1)	506	A	G	1267	717	32	15	9	34	0.0117005	1282	0.000180246	TRUE	HA:cds-XAJ25415.1	AAG	K	AGG	R	169
HA|PP755589.1|A/cattle/Texas/24-008749-003/2024(H5N1)	534	A	G	1394	714	33	15	6	32	0.0106458	1409	0.000165513	TRUE	HA:cds-XAJ25415.1	ATA	I	ATG	M	178
HA|PP755589.1|A/cattle/Texas/24-008749-003/2024(H5N1)	651	G	A	4	2	32	1449	609	33	0.995876	1455	0	TRUE	HA:cds-XAJ25415.1	GGG	G	GGA	G	217
HA|PP755589.1|A/cattle/Texas/24-008749-003/2024(H5N1)	675	G	A	3	1	31	1448	621	32	0.997932	1451	0	TRUE	HA:cds-XAJ25415.1	TTG	L	TTA	L	225
HA|PP755589.1|A/cattle/Texas/24-008749-003/2024(H5N1)	1007	G	A	0	0	0	1571	897	33	1	1571	0	TRUE	HA:cds-XAJ25415.1	AGT	S	AAT	N	336
HA|PP755589.1|A/cattle/Texas/24-008749-003/2024(H5N1)	1052	T	A	1574	955	33	20	5	31	0.0125471	1594	6.86851e-06	TRUE	HA:cds-XAJ25415.1	ATA	I	AAA	K	351
HA|PP755589.1|A/cattle/Texas/24-008749-003/2024(H5N1)	1173	T	C	0	0	0	4893	977	33	1	4893	0	TRUE	HA:cds-XAJ25415.1	GAT	D	GAC	D	391
