REGION	POS	REF	ALT	REF_DP	REF_RV	REF_QUAL	ALT_DP	ALT_RV	ALT_QUAL	ALT_FREQ	TOTAL_DP	PVAL	PASS	GFF_FEATURE	REF_CODON	REF_AA	ALT_CODON	ALT_AA	POS_AA
MP|PP755590.1|A/cattle/Texas/24-008749-003/2024(H5N1)	245	G	A	3	3	45	30986	12875	38	0.999677	30996	0	TRUE	M1:cds-XAJ25416.1	AGT	S	AAT	N	82
MP|PP755590.1|A/cattle/Texas/24-008749-003/2024(H5N1)	767	G	A	29229	15483	39	2125	1032	38	0.0677701	31356	0	TRUE	M2:cds-XAJ25417.1	GTT	V	ATT	I	18
MP|PP755590.1|A/cattle/Texas/24-008749-003/2024(H5N1)	790	G	A	5	1	52	29449	18201	40	0.99983	29454	0	TRUE	M2:cds-XAJ25417.1	GGG	G	GGA	G	26
MP|PP755590.1|A/cattle/Texas/24-008749-003/2024(H5N1)	838	C	T	27455	23336	38	1902	1558	38	0.064782	29360	0	TRUE	M2:cds-XAJ25417.1	TGC	C	TGT	C	42
MP|PP755590.1|A/cattle/Texas/24-008749-003/2024(H5N1)	933	G	A	3	3	34	17507	16683	36	0.999714	17512	0	TRUE	M2:cds-XAJ25417.1	AGT	S	AAT	N	73
