REGION	POS	REF	ALT	REF_DP	REF_RV	REF_QUAL	ALT_DP	ALT_RV	ALT_QUAL	ALT_FREQ	TOTAL_DP	PVAL	PASS	GFF_FEATURE	REF_CODON	REF_AA	ALT_CODON	ALT_AA	POS_AA
NS|PP755593.1|A/cattle/Texas/24-008749-003/2024(H5N1)	163	G	A	1275	621	33	11794	5770	33	0.902234	13072	0	TRUE	NS1:cds-XAJ25420.1	GAG	E	AAG	K	55
NS|PP755593.1|A/cattle/Texas/24-008749-003/2024(H5N1)	178	G	T	13358	6558	32	152	68	32	0.0112418	13521	1.5912e-36	TRUE	NS1:cds-XAJ25420.1	GCT	A	TCT	S	60
NS|PP755593.1|A/cattle/Texas/24-008749-003/2024(H5N1)	199	A	G	4	2	34	14260	6852	32	0.999019	14274	0	TRUE	NS1:cds-XAJ25420.1	AGG	R	GGG	G	67
NS|PP755593.1|A/cattle/Texas/24-008749-003/2024(H5N1)	222	T	C	3	2	29	15060	7463	32	0.999469	15068	0	TRUE	NS1:cds-XAJ25420.1	GAT	D	GAC	D	74
NS|PP755593.1|A/cattle/Texas/24-008749-003/2024(H5N1)	223	G	A	2031	1005	32	12969	6442	32	0.864082	15009	0	TRUE	NS1:cds-XAJ25420.1	GAG	E	AAG	K	75
NS|PP755593.1|A/cattle/Texas/24-008749-003/2024(H5N1)	300	A	G	5	4	22	15864	7965	32	0.998678	15885	0	TRUE	NS1:cds-XAJ25420.1	AGA	R	AGG	R	100
NS|PP755593.1|A/cattle/Texas/24-008749-003/2024(H5N1)	698	A	G	13936	7626	33	324	189	33	0.0227145	14264	6.02677e-80	TRUE	NEP:cds-XAJ25421.1	ATA	I	GTA	V	66
NS|PP755593.1|A/cattle/Texas/24-008749-003/2024(H5N1)	718	A	G	13156	7243	32	141	78	32	0.0105991	13303	2.65706e-29	TRUE	NEP:cds-XAJ25421.1	GAA	E	GAG	E	72
NS|PP755593.1|A/cattle/Texas/24-008749-003/2024(H5N1)	719	G	T	13224	7294	32	139	78	32	0.0103964	13370	6.17667e-29	TRUE	NEP:cds-XAJ25421.1	GTG	V	TTG	L	73
