REGION	POS	REF	ALT	REF_DP	REF_RV	REF_QUAL	ALT_DP	ALT_RV	ALT_QUAL	ALT_FREQ	TOTAL_DP	PVAL	PASS	GFF_FEATURE	REF_CODON	REF_AA	ALT_CODON	ALT_AA	POS_AA
PB2|PP755596.1|A/cattle/Texas/24-008749-003/2024(H5N1)	180	C	T	3307	1287	33	1957	750	33	0.371771	5264	0	TRUE	PB2:cds-XAJ25426.1	GAC	D	GAT	D	60
PB2|PP755596.1|A/cattle/Texas/24-008749-003/2024(H5N1)	529	C	T	4884	2117	33	1533	756	33	0.238822	6419	0	TRUE	PB2:cds-XAJ25426.1	CTG	L	TTG	L	177
PB2|PP755596.1|A/cattle/Texas/24-008749-003/2024(H5N1)	746	A	G	2	1	34	5928	2834	33	0.999663	5930	0	TRUE	PB2:cds-XAJ25426.1	GAA	E	GGA	G	249
PB2|PP755596.1|A/cattle/Texas/24-008749-003/2024(H5N1)	764	C	T	2	1	34	5855	2754	33	0.999488	5858	0	TRUE	PB2:cds-XAJ25426.1	GCA	A	GTA	V	255
PB2|PP755596.1|A/cattle/Texas/24-008749-003/2024(H5N1)	1225	T	A	5715	2383	33	58	21	33	0.0100468	5773	1.34702e-12	TRUE	PB2:cds-XAJ25426.1	TGC	C	AGC	S	409
PB2|PP755596.1|A/cattle/Texas/24-008749-003/2024(H5N1)	1242	T	C	0	0	0	5437	2085	33	0.999816	5438	0	TRUE	PB2:cds-XAJ25426.1	GTT	V	GTC	V	414
PB2|PP755596.1|A/cattle/Texas/24-008749-003/2024(H5N1)	1311	C	T	0	0	0	5859	2558	33	0.999829	5860	0	TRUE	PB2:cds-XAJ25426.1	CAC	H	CAT	H	437
PB2|PP755596.1|A/cattle/Texas/24-008749-003/2024(H5N1)	2080	T	C	4461	2989	33	1179	772	33	0.209043	5640	0	TRUE	PB2:cds-XAJ25426.1	TTC	F	CTC	L	694
