REGION	POS	REF	ALT	REF_DP	REF_RV	REF_QUAL	ALT_DP	ALT_RV	ALT_QUAL	ALT_FREQ	TOTAL_DP	PVAL	PASS	GFF_FEATURE	REF_CODON	REF_AA	ALT_CODON	ALT_AA	POS_AA
NP|PP755592.1|A/cattle/Texas/24-008749-003/2024(H5N1)	305	G	A	1580	762	33	44	21	33	0.0270769	1625	4.95171e-13	TRUE	NP:cds-XAJ25419.1	GGC	G	GAC	D	102
NP|PP755592.1|A/cattle/Texas/24-008749-003/2024(H5N1)	318	A	G	1441	836	32	17	9	33	0.0116598	1458	1.61093e-05	TRUE	NP:cds-XAJ25419.1	AGA	R	AGG	R	106
NP|PP755592.1|A/cattle/Texas/24-008749-003/2024(H5N1)	355	A	G	1	0	34	1667	895	33	0.9994	1668	0	TRUE	NP:cds-XAJ25419.1	ATT	I	GTT	V	119
NP|PP755592.1|A/cattle/Texas/24-008749-003/2024(H5N1)	498	G	A	0	0	0	1627	782	33	1	1627	0	TRUE	NP:cds-XAJ25419.1	CTG	L	CTA	L	166
NP|PP755592.1|A/cattle/Texas/24-008749-003/2024(H5N1)	829	C	T	1550	780	33	30	17	33	0.0189873	1580	8.5773e-09	TRUE	NP:cds-XAJ25419.1	CCT	P	TCT	S	277
NP|PP755592.1|A/cattle/Texas/24-008749-003/2024(H5N1)	870	C	T	0	0	0	1494	723	33	1	1494	0	TRUE	NP:cds-XAJ25419.1	GAC	D	GAT	D	290
NP|PP755592.1|A/cattle/Texas/24-008749-003/2024(H5N1)	1014	T	C	0	0	0	1553	812	33	1	1553	0	TRUE	NP:cds-XAJ25419.1	TTT	F	TTC	F	338
NP|PP755592.1|A/cattle/Texas/24-008749-003/2024(H5N1)	1032	A	G	0	0	0	1538	782	33	1	1538	0	TRUE	NP:cds-XAJ25419.1	TCA	S	TCG	S	344
NP|PP755592.1|A/cattle/Texas/24-008749-003/2024(H5N1)	1086	A	G	1549	714	33	24	11	32	0.0152478	1574	4.99217e-07	TRUE	NP:cds-XAJ25419.1	GGA	G	GGG	G	362
NP|PP755592.1|A/cattle/Texas/24-008749-003/2024(H5N1)	1092	G	A	1	0	34	1660	791	33	0.999398	1661	0	TRUE	NP:cds-XAJ25419.1	CAG	Q	CAA	Q	364
NP|PP755592.1|A/cattle/Texas/24-008749-003/2024(H5N1)	1345	G	A	1685	1126	33	19	9	32	0.0111502	1704	1.48453e-05	TRUE	NP:cds-XAJ25419.1	GAA	E	AAA	K	449
