REGION	POS	REF	ALT	REF_DP	REF_RV	REF_QUAL	ALT_DP	ALT_RV	ALT_QUAL	ALT_FREQ	TOTAL_DP	PVAL	PASS	GFF_FEATURE	REF_CODON	REF_AA	ALT_CODON	ALT_AA	POS_AA
HA|PP755589.1|A/cattle/Texas/24-008749-003/2024(H5N1)	4	G	A	0	0	0	24	2	40	1	24	8.4429e-20	TRUE	HA:cds-XAJ25415.1	GAG	E	AAG	K	2
HA|PP755589.1|A/cattle/Texas/24-008749-003/2024(H5N1)	165	G	A	2840	1264	40	61	15	41	0.0210272	2901	5.31398e-22	TRUE	HA:cds-XAJ25415.1	GGG	G	GGA	G	55
HA|PP755589.1|A/cattle/Texas/24-008749-003/2024(H5N1)	311	A	G	1	0	34	3347	1444	37	0.999701	3348	0	TRUE	HA:cds-XAJ25415.1	GAC	D	GGC	G	104
HA|PP755589.1|A/cattle/Texas/24-008749-003/2024(H5N1)	439	G	A	5	3	34	3582	2021	39	0.998606	3587	0	TRUE	HA:cds-XAJ25415.1	GTG	V	ATG	M	147
HA|PP755589.1|A/cattle/Texas/24-008749-003/2024(H5N1)	526	A	G	3340	1672	37	591	336	35	0.150343	3931	1.09412e-196	TRUE	HA:cds-XAJ25415.1	ATA	I	GTA	V	176
HA|PP755589.1|A/cattle/Texas/24-008749-003/2024(H5N1)	651	G	A	2	1	34	3967	1613	38	0.999496	3969	0	TRUE	HA:cds-XAJ25415.1	GGG	G	GGA	G	217
HA|PP755589.1|A/cattle/Texas/24-008749-003/2024(H5N1)	675	G	A	4	3	34	3774	1651	36	0.998941	3778	0	TRUE	HA:cds-XAJ25415.1	TTG	L	TTA	L	225
HA|PP755589.1|A/cattle/Texas/24-008749-003/2024(H5N1)	729	C	T	3723	2059	38	94	58	37	0.0246267	3817	1.13027e-26	TRUE	HA:cds-XAJ25415.1	GAC	D	GAT	D	243
HA|PP755589.1|A/cattle/Texas/24-008749-003/2024(H5N1)	1007	G	A	0	0	0	4065	2361	39	1	4065	0	TRUE	HA:cds-XAJ25415.1	AGT	S	AAT	N	336
HA|PP755589.1|A/cattle/Texas/24-008749-003/2024(H5N1)	1134	G	A	6774	1841	37	744	139	36	0.0989493	7519	4.71664e-237	TRUE	HA:cds-XAJ25415.1	GGG	G	GGA	G	378
HA|PP755589.1|A/cattle/Texas/24-008749-003/2024(H5N1)	1173	T	C	3	2	34	7850	2025	39	0.999618	7853	0	TRUE	HA:cds-XAJ25415.1	GAT	D	GAC	D	391
HA|PP755589.1|A/cattle/Texas/24-008749-003/2024(H5N1)	1179	T	A	8181	2127	40	150	37	38	0.0179856	8340	1.16075e-40	TRUE	HA:cds-XAJ25415.1	GTT	V	GTA	V	393
