REGION	POS	REF	ALT	REF_DP	REF_RV	REF_QUAL	ALT_DP	ALT_RV	ALT_QUAL	ALT_FREQ	TOTAL_DP	PVAL	PASS	GFF_FEATURE	REF_CODON	REF_AA	ALT_CODON	ALT_AA	POS_AA
HA|PP755589.1|A/cattle/Texas/24-008749-003/2024(H5N1)	4	G	A	0	0	0	12	0	33	1	12	1.82364e-09	TRUE	HA:cds-XAJ25415.1	GAG	E	AAG	K	2
HA|PP755589.1|A/cattle/Texas/24-008749-003/2024(H5N1)	311	A	G	0	0	0	1295	609	36	1	1295	0	TRUE	HA:cds-XAJ25415.1	GAC	D	GGC	G	104
HA|PP755589.1|A/cattle/Texas/24-008749-003/2024(H5N1)	329	G	A	1118	469	36	294	121	36	0.208215	1412	7.99038e-104	TRUE	HA:cds-XAJ25415.1	AGC	S	AAC	N	110
HA|PP755589.1|A/cattle/Texas/24-008749-003/2024(H5N1)	399	T	G	1366	626	38	42	16	37	0.0297872	1410	1.17406e-13	TRUE	HA:cds-XAJ25415.1	ATT	I	ATG	M	133
HA|PP755589.1|A/cattle/Texas/24-008749-003/2024(H5N1)	439	G	A	20	10	35	1329	712	38	0.985174	1349	0	TRUE	HA:cds-XAJ25415.1	GTG	V	ATG	M	147
HA|PP755589.1|A/cattle/Texas/24-008749-003/2024(H5N1)	651	G	A	2	1	34	1499	628	36	0.998668	1501	0	TRUE	HA:cds-XAJ25415.1	GGG	G	GGA	G	217
HA|PP755589.1|A/cattle/Texas/24-008749-003/2024(H5N1)	675	G	A	1	1	34	1420	616	36	0.997892	1423	0	TRUE	HA:cds-XAJ25415.1	TTG	L	TTA	L	225
HA|PP755589.1|A/cattle/Texas/24-008749-003/2024(H5N1)	831	C	T	1598	918	37	24	13	34	0.0147965	1622	1.59227e-07	TRUE	HA:cds-XAJ25415.1	GAC	D	GAT	D	277
HA|PP755589.1|A/cattle/Texas/24-008749-003/2024(H5N1)	1007	G	A	2	2	31	1495	902	37	0.998664	1497	0	TRUE	HA:cds-XAJ25415.1	AGT	S	AAT	N	336
HA|PP755589.1|A/cattle/Texas/24-008749-003/2024(H5N1)	1031	A	G	504	240	36	963	571	36	0.656442	1467	0	TRUE	HA:cds-XAJ25415.1	AAA	K	AGA	R	344
HA|PP755589.1|A/cattle/Texas/24-008749-003/2024(H5N1)	1052	T	A	1524	846	37	19	8	43	0.0123137	1543	4.13618e-07	TRUE	HA:cds-XAJ25415.1	ATA	I	AAA	K	351
HA|PP755589.1|A/cattle/Texas/24-008749-003/2024(H5N1)	1173	T	C	0	0	0	3391	710	38	0.999705	3392	0	TRUE	HA:cds-XAJ25415.1	GAT	D	GAC	D	391
HA|PP755589.1|A/cattle/Texas/24-008749-003/2024(H5N1)	1428	G	A	4166	2092	37	74	26	37	0.0174528	4240	4.26378e-20	TRUE	HA:cds-XAJ25415.1	AAG	K	AAA	K	476
