REGION	POS	REF	ALT	REF_DP	REF_RV	REF_QUAL	ALT_DP	ALT_RV	ALT_QUAL	ALT_FREQ	TOTAL_DP	PVAL	PASS	GFF_FEATURE	REF_CODON	REF_AA	ALT_CODON	ALT_AA	POS_AA
HA|PP755589.1|A/cattle/Texas/24-008749-003/2024(H5N1)	26	C	T	503	59	33	6	0	34	0.0117878	509	0.00411475	TRUE	HA:cds-XAJ25415.1	GCA	A	GTA	V	9
HA|PP755589.1|A/cattle/Texas/24-008749-003/2024(H5N1)	148	G	+A	1912	653	33	24	0	20	0.0121396	1977	0.248134	FALSE	NA	NA	NA	NA	NA	NA
HA|PP755589.1|A/cattle/Texas/24-008749-003/2024(H5N1)	311	A	G	0	0	0	1938	904	33	0.999484	1939	0	TRUE	HA:cds-XAJ25415.1	GAC	D	GGC	G	104
HA|PP755589.1|A/cattle/Texas/24-008749-003/2024(H5N1)	390	T	C	2088	969	33	36	18	33	0.0169492	2124	1.51922e-09	TRUE	HA:cds-XAJ25415.1	ATT	I	ATC	I	130
HA|PP755589.1|A/cattle/Texas/24-008749-003/2024(H5N1)	444	C	T	0	0	0	2052	1122	33	1	2052	0	TRUE	HA:cds-XAJ25415.1	AGC	S	AGT	S	148
HA|PP755589.1|A/cattle/Texas/24-008749-003/2024(H5N1)	582	T	C	1942	753	33	24	7	33	0.0121951	1968	3.35471e-06	TRUE	HA:cds-XAJ25415.1	ATT	I	ATC	I	194
HA|PP755589.1|A/cattle/Texas/24-008749-003/2024(H5N1)	651	G	A	4	2	34	1908	861	33	0.997908	1912	0	TRUE	HA:cds-XAJ25415.1	GGG	G	GGA	G	217
HA|PP755589.1|A/cattle/Texas/24-008749-003/2024(H5N1)	675	G	A	0	0	0	1882	850	32	1	1882	0	TRUE	HA:cds-XAJ25415.1	TTG	L	TTA	L	225
HA|PP755589.1|A/cattle/Texas/24-008749-003/2024(H5N1)	824	A	G	1980	1173	33	41	22	32	0.020287	2021	3.83084e-11	TRUE	HA:cds-XAJ25415.1	AAA	K	AGA	R	275
HA|PP755589.1|A/cattle/Texas/24-008749-003/2024(H5N1)	1007	G	A	0	0	0	1860	1023	33	0.999463	1861	0	TRUE	HA:cds-XAJ25415.1	AGT	S	AAT	N	336
HA|PP755589.1|A/cattle/Texas/24-008749-003/2024(H5N1)	1016	G	A	1786	951	33	34	20	32	0.0186813	1820	5.59661e-10	TRUE	HA:cds-XAJ25415.1	AGA	R	AAA	K	339
HA|PP755589.1|A/cattle/Texas/24-008749-003/2024(H5N1)	1059	G	T	0	0	0	1810	1062	33	0.999448	1811	0	TRUE	HA:cds-XAJ25415.1	GGG	G	GGT	G	353
HA|PP755589.1|A/cattle/Texas/24-008749-003/2024(H5N1)	1413	T	C	0	0	0	3526	2016	33	1	3526	0	TRUE	HA:cds-XAJ25415.1	CTT	L	CTC	L	471
HA|PP755589.1|A/cattle/Texas/24-008749-003/2024(H5N1)	1500	G	A	3434	1910	33	38	16	33	0.0109447	3472	3.38939e-09	TRUE	HA:cds-XAJ25415.1	GGG	G	GGA	G	500
HA|PP755589.1|A/cattle/Texas/24-008749-003/2024(H5N1)	1635	A	G	2912	2352	33	74	66	33	0.024774	2987	1.21545e-19	TRUE	HA:cds-XAJ25415.1	GCA	A	GCG	A	545
