REGION	POS	REF	ALT	REF_DP	REF_RV	REF_QUAL	ALT_DP	ALT_RV	ALT_QUAL	ALT_FREQ	TOTAL_DP	PVAL	PASS	GFF_FEATURE	REF_CODON	REF_AA	ALT_CODON	ALT_AA	POS_AA
PA|PP755594.1|A/cattle/Texas/24-008749-003/2024(H5N1)	57	A	-GCAAT	516	177	45	39	0	20	0.0287187	1358	4.55517e-12	TRUE	NA	NA	NA	NA	NA	NA
PA|PP755594.1|A/cattle/Texas/24-008749-003/2024(H5N1)	348	A	G	1150	495	52	124	64	50	0.0973312	1274	2.73015e-50	TRUE	PA:cds-XAJ25422.1	AGA	R	AGG	R	116
PA|PP755594.1|A/cattle/Texas/24-008749-003/2024(H5N1)	348	A	G	1150	495	52	124	64	50	0.0973312	1274	2.73015e-50	TRUE	PA-X:cds-XAJ25423.1	AGA	R	AGG	R	116
PA|PP755594.1|A/cattle/Texas/24-008749-003/2024(H5N1)	396	G	A	2	1	49	1296	592	50	0.998459	1298	0	TRUE	PA:cds-XAJ25422.1	TTG	L	TTA	L	132
PA|PP755594.1|A/cattle/Texas/24-008749-003/2024(H5N1)	396	G	A	2	1	49	1296	592	50	0.998459	1298	0	TRUE	PA-X:cds-XAJ25423.1	TTG	L	TTA	L	132
PA|PP755594.1|A/cattle/Texas/24-008749-003/2024(H5N1)	459	G	A	0	0	0	1196	558	52	1	1196	0	TRUE	PA:cds-XAJ25422.1	GAG	E	GAA	E	153
PA|PP755594.1|A/cattle/Texas/24-008749-003/2024(H5N1)	459	G	A	0	0	0	1196	558	52	1	1196	0	TRUE	PA-X:cds-XAJ25423.1	GAG	E	GAA	E	153
PA|PP755594.1|A/cattle/Texas/24-008749-003/2024(H5N1)	655	A	C	0	0	0	1262	638	51	1	1262	0	TRUE	PA:cds-XAJ25422.1	ATT	I	CTT	L	219
PA|PP755594.1|A/cattle/Texas/24-008749-003/2024(H5N1)	655	A	C	0	0	0	1262	638	51	1	1262	0	TRUE	PA-X:cds-XAJ25423.1	GTA	V	GTC	V	28
PA|PP755594.1|A/cattle/Texas/24-008749-003/2024(H5N1)	867	G	A	1448	651	47	15	8	42	0.0102529	1463	3.79759e-06	TRUE	PA:cds-XAJ25422.1	AAG	K	AAA	K	289
PA|PP755594.1|A/cattle/Texas/24-008749-003/2024(H5N1)	939	A	+T	1462	555	52	22	0	20	0.0104862	2098	0.0991891	FALSE	NA	NA	NA	NA	NA	NA
PA|PP755594.1|A/cattle/Texas/24-008749-003/2024(H5N1)	1214	G	A	1504	769	50	62	36	46	0.0395913	1566	2.39551e-24	TRUE	PA:cds-XAJ25422.1	AGC	S	AAC	N	405
PA|PP755594.1|A/cattle/Texas/24-008749-003/2024(H5N1)	1356	T	C	0	0	0	1596	794	51	1	1596	0	TRUE	PA:cds-XAJ25422.1	CAT	H	CAC	H	452
PA|PP755594.1|A/cattle/Texas/24-008749-003/2024(H5N1)	1490	G	A	1	1	39	1712	840	50	0.998833	1714	0	TRUE	PA:cds-XAJ25422.1	AGG	R	AAG	K	497
PA|PP755594.1|A/cattle/Texas/24-008749-003/2024(H5N1)	1648	C	T	1689	854	48	18	11	45	0.0105448	1707	1.87861e-07	TRUE	PA:cds-XAJ25422.1	CTA	L	TTA	L	550
PA|PP755594.1|A/cattle/Texas/24-008749-003/2024(H5N1)	1848	A	G	1	1	68	1806	1014	52	0.999447	1807	0	TRUE	PA:cds-XAJ25422.1	TCA	S	TCG	S	616
PA|PP755594.1|A/cattle/Texas/24-008749-003/2024(H5N1)	1942	A	-GCCTATAT	1892	1266	51	48	0	20	0.0181818	2640	7.01424e-05	TRUE	NA	NA	NA	NA	NA	NA
