REGION	POS	REF	ALT	REF_DP	REF_RV	REF_QUAL	ALT_DP	ALT_RV	ALT_QUAL	ALT_FREQ	TOTAL_DP	PVAL	PASS	GFF_FEATURE	REF_CODON	REF_AA	ALT_CODON	ALT_AA	POS_AA
NS|PP755593.1|A/cattle/Texas/24-008749-003/2024(H5N1)	142	A	G	4	2	32	1	0	34	0.2	5	0.416667	FALSE	NS1:cds-XAJ25420.1	AGC	S	GGC	G	48
NS|PP755593.1|A/cattle/Texas/24-008749-003/2024(H5N1)	164	A	G	2	1	34	1	1	34	0.333333	3	0.5	FALSE	NS1:cds-XAJ25420.1	GAG	E	GGG	G	55
NS|PP755593.1|A/cattle/Texas/24-008749-003/2024(H5N1)	334	G	A	663	1	33	18	0	33	0.0264317	681	2.90425e-06	TRUE	NS1:cds-XAJ25420.1	GCA	A	ACA	T	112
NS|PP755593.1|A/cattle/Texas/24-008749-003/2024(H5N1)	351	C	T	645	1	33	8	0	32	0.0122511	653	0.00314824	TRUE	NS1:cds-XAJ25420.1	ATC	I	ATT	I	117
NS|PP755593.1|A/cattle/Texas/24-008749-003/2024(H5N1)	353	G	-AA	668	1	33	9	0	20	0.0131195	686	0.294547	FALSE	NA	NA	NA	NA	NA	NA
NS|PP755593.1|A/cattle/Texas/24-008749-003/2024(H5N1)	357	G	+T	650	1	33	9	0	20	0.0131195	686	0.276434	FALSE	NA	NA	NA	NA	NA	NA
NS|PP755593.1|A/cattle/Texas/24-008749-003/2024(H5N1)	459	G	A	3360	1977	33	174	119	33	0.049236	3534	6.53123e-50	TRUE	NS1:cds-XAJ25420.1	GAG	E	GAA	E	153
