REGION	POS	REF	ALT	REF_DP	REF_RV	REF_QUAL	ALT_DP	ALT_RV	ALT_QUAL	ALT_FREQ	TOTAL_DP	PVAL	PASS	GFF_FEATURE	REF_CODON	REF_AA	ALT_CODON	ALT_AA	POS_AA
MP|PP755590.1|A/cattle/Texas/24-008749-003/2024(H5N1)	51	G	A	11209	1844	38	356	19	33	0.0307825	11565	8.92925e-152	TRUE	M1:cds-XAJ25416.1	TCG	S	TCA	S	17
MP|PP755590.1|A/cattle/Texas/24-008749-003/2024(H5N1)	245	G	A	4	1	42	34156	15193	41	0.999854	34161	0	TRUE	M1:cds-XAJ25416.1	AGT	S	AAT	N	82
MP|PP755590.1|A/cattle/Texas/24-008749-003/2024(H5N1)	552	T	G	34725	19351	41	2009	1209	39	0.0546682	36749	0	TRUE	M1:cds-XAJ25416.1	ACT	T	ACG	T	184
MP|PP755590.1|A/cattle/Texas/24-008749-003/2024(H5N1)	719	A	T	33756	14374	39	382	156	38	0.0111827	34160	7.10689e-86	TRUE	M2:cds-XAJ25417.1	ACC	T	TCC	S	2
MP|PP755590.1|A/cattle/Texas/24-008749-003/2024(H5N1)	719	A	T	33756	14374	39	382	156	38	0.0111827	34160	7.10689e-86	TRUE	M1:cds-XAJ25416.1	TAC	Y	TTC	F	240
MP|PP755590.1|A/cattle/Texas/24-008749-003/2024(H5N1)	787	T	C	35110	19362	44	563	270	42	0.0157787	35681	1.89281e-203	TRUE	M2:cds-XAJ25417.1	ATT	I	ATC	I	25
MP|PP755590.1|A/cattle/Texas/24-008749-003/2024(H5N1)	951	A	G	12480	10913	41	183	162	39	0.0144516	12663	1.77724e-47	TRUE	M2:cds-XAJ25417.1	AAT	N	AGT	S	79
