REGION	POS	REF	ALT	REF_DP	REF_RV	REF_QUAL	ALT_DP	ALT_RV	ALT_QUAL	ALT_FREQ	TOTAL_DP	PVAL	PASS	GFF_FEATURE	REF_CODON	REF_AA	ALT_CODON	ALT_AA	POS_AA
NS|PP755593.1|A/cattle/Texas/24-008749-003/2024(H5N1)	20	T	C	3	1	34	16199	3799	33	0.999815	16202	0	TRUE	NEP:cds-XAJ25421.1	TTA	L	TCA	S	7
NS|PP755593.1|A/cattle/Texas/24-008749-003/2024(H5N1)	20	T	C	3	1	34	16199	3799	33	0.999815	16202	0	TRUE	NS1:cds-XAJ25420.1	TTA	L	TCA	S	7
NS|PP755593.1|A/cattle/Texas/24-008749-003/2024(H5N1)	183	G	A	19	7	32	46399	24399	33	0.999483	46423	0	TRUE	NS1:cds-XAJ25420.1	GGG	G	GGA	G	61
NS|PP755593.1|A/cattle/Texas/24-008749-003/2024(H5N1)	218	C	A	0	0	0	50753	25997	33	0.999193	50794	0	TRUE	NS1:cds-XAJ25420.1	TCC	S	TAC	Y	73
NS|PP755593.1|A/cattle/Texas/24-008749-003/2024(H5N1)	222	T	C	13	6	34	51331	26366	33	0.999611	51351	0	TRUE	NS1:cds-XAJ25420.1	GAT	D	GAC	D	74
NS|PP755593.1|A/cattle/Texas/24-008749-003/2024(H5N1)	346	A	T	5	0	29	46494	24021	33	0.999742	46506	0	TRUE	NS1:cds-XAJ25420.1	AGT	S	TGT	C	116
NS|PP755593.1|A/cattle/Texas/24-008749-003/2024(H5N1)	493	T	C	47019	22097	32	512	202	33	0.0107678	47549	2.69193e-110	TRUE	NS1:cds-XAJ25420.1	TCT	S	CCT	P	165
NS|PP755593.1|A/cattle/Texas/24-008749-003/2024(H5N1)	655	A	G	14	6	34	48350	23869	33	0.999628	48368	0	TRUE	NEP:cds-XAJ25421.1	AGA	R	AGG	R	51
NS|PP755593.1|A/cattle/Texas/24-008749-003/2024(H5N1)	655	A	G	14	6	34	48350	23869	33	0.999628	48368	0	TRUE	NS1:cds-XAJ25420.1	AAA	K	GAA	E	219
NS|PP755593.1|A/cattle/Texas/24-008749-003/2024(H5N1)	668	A	C	6	5	29	49065	26088	33	0.999511	49089	0	TRUE	NEP:cds-XAJ25421.1	AGA	R	CGA	R	56
NS|PP755593.1|A/cattle/Texas/24-008749-003/2024(H5N1)	668	A	C	6	5	29	49065	26088	33	0.999511	49089	0	TRUE	NS1:cds-XAJ25420.1	GAG	E	GCG	A	223
NS|PP755593.1|A/cattle/Texas/24-008749-003/2024(H5N1)	672	G	A	7	3	32	42348	26154	32	0.999316	42377	0	TRUE	NEP:cds-XAJ25421.1	GGA	G	GAA	E	57
NS|PP755593.1|A/cattle/Texas/24-008749-003/2024(H5N1)	672	G	A	7	3	32	42348	26154	32	0.999316	42377	0	TRUE	NS1:cds-XAJ25420.1	AGG	R	AGA	R	224
NS|PP755593.1|A/cattle/Texas/24-008749-003/2024(H5N1)	736	G	A	5	4	34	50935	34116	33	0.999863	50942	0	TRUE	NEP:cds-XAJ25421.1	AAG	K	AAA	K	78
