REGION	POS	REF	ALT	REF_DP	REF_RV	REF_QUAL	ALT_DP	ALT_RV	ALT_QUAL	ALT_FREQ	TOTAL_DP	PVAL	PASS	GFF_FEATURE	REF_CODON	REF_AA	ALT_CODON	ALT_AA	POS_AA
HA|PP755589.1|A/cattle/Texas/24-008749-003/2024(H5N1)	4	G	A	1	1	68	61	4	38	0.983871	62	1.86547e-51	TRUE	HA:cds-XAJ25415.1	GAG	E	AAG	K	2
HA|PP755589.1|A/cattle/Texas/24-008749-003/2024(H5N1)	5	A	G	79	8	35	1	1	68	0.0125	80	0.0295203	FALSE	HA:cds-XAJ25415.1	GAG	E	GGG	G	2
HA|PP755589.1|A/cattle/Texas/24-008749-003/2024(H5N1)	249	C	T	5688	3205	39	78	43	38	0.0135252	5767	7.25259e-20	TRUE	HA:cds-XAJ25415.1	TGC	C	TGT	C	83
HA|PP755589.1|A/cattle/Texas/24-008749-003/2024(H5N1)	308	A	G	5403	2464	39	74	37	36	0.0135086	5478	4.52168e-19	TRUE	HA:cds-XAJ25415.1	AAT	N	AGT	S	103
HA|PP755589.1|A/cattle/Texas/24-008749-003/2024(H5N1)	311	A	G	0	0	0	5379	2576	38	1	5379	0	TRUE	HA:cds-XAJ25415.1	GAC	D	GGC	G	104
HA|PP755589.1|A/cattle/Texas/24-008749-003/2024(H5N1)	439	G	A	2	2	51	5262	3095	40	0.99962	5264	0	TRUE	HA:cds-XAJ25415.1	GTG	V	ATG	M	147
HA|PP755589.1|A/cattle/Texas/24-008749-003/2024(H5N1)	487	G	A	5189	2991	38	94	55	34	0.0177929	5283	3.54948e-25	TRUE	HA:cds-XAJ25415.1	GTG	V	ATG	M	163
HA|PP755589.1|A/cattle/Texas/24-008749-003/2024(H5N1)	492	G	A	2	2	68	5228	2974	37	0.999618	5230	0	TRUE	HA:cds-XAJ25415.1	GTG	V	GTA	V	164
HA|PP755589.1|A/cattle/Texas/24-008749-003/2024(H5N1)	651	G	A	3	0	34	4698	2229	38	0.999362	4701	0	TRUE	HA:cds-XAJ25415.1	GGG	G	GGA	G	217
HA|PP755589.1|A/cattle/Texas/24-008749-003/2024(H5N1)	675	G	A	1	1	34	4714	2158	37	0.999364	4717	0	TRUE	HA:cds-XAJ25415.1	TTG	L	TTA	L	225
HA|PP755589.1|A/cattle/Texas/24-008749-003/2024(H5N1)	773	A	G	4448	2129	38	67	44	36	0.0148394	4515	1.40513e-17	TRUE	HA:cds-XAJ25415.1	GAG	E	GGG	G	258
HA|PP755589.1|A/cattle/Texas/24-008749-003/2024(H5N1)	1007	G	A	0	0	0	4815	2688	41	1	4815	0	TRUE	HA:cds-XAJ25415.1	AGT	S	AAT	N	336
HA|PP755589.1|A/cattle/Texas/24-008749-003/2024(H5N1)	1173	T	C	2	1	40	6494	2073	39	0.999692	6496	0	TRUE	HA:cds-XAJ25415.1	GAT	D	GAC	D	391
HA|PP755589.1|A/cattle/Texas/24-008749-003/2024(H5N1)	1428	G	A	7683	3708	38	206	54	36	0.0261123	7889	1.92703e-57	TRUE	HA:cds-XAJ25415.1	AAG	K	AAA	K	476
HA|PP755589.1|A/cattle/Texas/24-008749-003/2024(H5N1)	1466	G	A	7305	3555	38	90	45	38	0.0121704	7395	3.03405e-22	TRUE	HA:cds-XAJ25415.1	TGT	C	TAT	Y	489
