REGION	POS	REF	ALT	REF_DP	REF_RV	REF_QUAL	ALT_DP	ALT_RV	ALT_QUAL	ALT_FREQ	TOTAL_DP	PVAL	PASS	GFF_FEATURE	REF_CODON	REF_AA	ALT_CODON	ALT_AA	POS_AA
MP|PP755590.1|A/cattle/Texas/24-008749-003/2024(H5N1)	93	C	T	15452	2518	38	476	69	37	0.0298789	15931	1.23315e-179	TRUE	M1:cds-XAJ25416.1	GTC	V	GTT	V	31
MP|PP755590.1|A/cattle/Texas/24-008749-003/2024(H5N1)	245	G	A	4	0	34	30916	12920	38	0.999871	30920	0	TRUE	M1:cds-XAJ25416.1	AGT	S	AAT	N	82
MP|PP755590.1|A/cattle/Texas/24-008749-003/2024(H5N1)	450	C	T	33469	15847	37	404	223	37	0.0119251	33878	5.28926e-89	TRUE	M1:cds-XAJ25416.1	ACC	T	ACT	T	150
MP|PP755590.1|A/cattle/Texas/24-008749-003/2024(H5N1)	758	G	A	30125	15698	39	951	434	38	0.0306024	31076	1.55386e-267	TRUE	M2:cds-XAJ25417.1	GAT	D	AAT	N	15
MP|PP755590.1|A/cattle/Texas/24-008749-003/2024(H5N1)	758	G	A	30125	15698	39	951	434	38	0.0306024	31076	1.55386e-267	TRUE	M1:cds-XAJ25416.1	TGA	*	TAA	*	253
MP|PP755590.1|A/cattle/Texas/24-008749-003/2024(H5N1)	889	A	G	28773	26512	38	340	318	37	0.0116786	29113	1.81472e-76	TRUE	M2:cds-XAJ25417.1	GGA	G	GGG	G	59
