REGION	POS	REF	ALT	REF_DP	REF_RV	REF_QUAL	ALT_DP	ALT_RV	ALT_QUAL	ALT_FREQ	TOTAL_DP	PVAL	PASS	GFF_FEATURE	REF_CODON	REF_AA	ALT_CODON	ALT_AA	POS_AA
PA|PP755594.1|A/cattle/Texas/24-008749-003/2024(H5N1)	12	T	C	186	2	35	2	0	34	0.0106383	188	0.048412	FALSE	PA:cds-XAJ25422.1	TTT	F	TTC	F	4
PA|PP755594.1|A/cattle/Texas/24-008749-003/2024(H5N1)	12	T	C	186	2	35	2	0	34	0.0106383	188	0.048412	FALSE	PA-X:cds-XAJ25423.1	TTT	F	TTC	F	4
PA|PP755594.1|A/cattle/Texas/24-008749-003/2024(H5N1)	21	A	G	283	6	36	3	0	32	0.0104895	286	0.0193615	FALSE	PA:cds-XAJ25422.1	CAA	Q	CAG	Q	7
PA|PP755594.1|A/cattle/Texas/24-008749-003/2024(H5N1)	21	A	G	283	6	36	3	0	32	0.0104895	286	0.0193615	FALSE	PA-X:cds-XAJ25423.1	CAA	Q	CAG	Q	7
PA|PP755594.1|A/cattle/Texas/24-008749-003/2024(H5N1)	41	T	C	510	22	35	13	0	29	0.0248566	523	0.0104021	FALSE	PA:cds-XAJ25422.1	GTC	V	GCC	A	14
PA|PP755594.1|A/cattle/Texas/24-008749-003/2024(H5N1)	41	T	C	510	22	35	13	0	29	0.0248566	523	0.0104021	FALSE	PA-X:cds-XAJ25423.1	GTC	V	GCC	A	14
PA|PP755594.1|A/cattle/Texas/24-008749-003/2024(H5N1)	177	A	G	1750	902	38	29	15	34	0.0163013	1779	3.24073e-08	TRUE	PA:cds-XAJ25422.1	GAA	E	GAG	E	59
PA|PP755594.1|A/cattle/Texas/24-008749-003/2024(H5N1)	177	A	G	1750	902	38	29	15	34	0.0163013	1779	3.24073e-08	TRUE	PA-X:cds-XAJ25423.1	GAA	E	GAG	E	59
PA|PP755594.1|A/cattle/Texas/24-008749-003/2024(H5N1)	351	C	T	2224	714	37	80	32	34	0.0347222	2304	1.29887e-24	TRUE	PA:cds-XAJ25422.1	TTC	F	TTT	F	117
PA|PP755594.1|A/cattle/Texas/24-008749-003/2024(H5N1)	351	C	T	2224	714	37	80	32	34	0.0347222	2304	1.29887e-24	TRUE	PA-X:cds-XAJ25423.1	TTC	F	TTT	F	117
PA|PP755594.1|A/cattle/Texas/24-008749-003/2024(H5N1)	729	G	A	1601	896	36	933	499	36	0.368193	2534	0	TRUE	PA:cds-XAJ25422.1	GAG	E	GAA	E	243
PA|PP755594.1|A/cattle/Texas/24-008749-003/2024(H5N1)	729	G	A	1601	896	36	933	499	36	0.368193	2534	0	TRUE	PA-X:cds-XAJ25423.1	AGG	R	AAG	K	53
PA|PP755594.1|A/cattle/Texas/24-008749-003/2024(H5N1)	981	G	A	0	0	0	2526	907	36	1	2526	0	TRUE	PA:cds-XAJ25422.1	GAG	E	GAA	E	327
PA|PP755594.1|A/cattle/Texas/24-008749-003/2024(H5N1)	1294	G	A	1	0	34	2892	1525	39	0.999309	2894	0	TRUE	PA:cds-XAJ25422.1	GTT	V	ATT	I	432
PA|PP755594.1|A/cattle/Texas/24-008749-003/2024(H5N1)	1812	G	A	2670	1434	38	258	115	36	0.0881148	2928	1.68699e-84	TRUE	PA:cds-XAJ25422.1	GAG	E	GAA	E	604
PA|PP755594.1|A/cattle/Texas/24-008749-003/2024(H5N1)	1944	C	T	2473	1524	36	273	165	37	0.0994173	2746	2.24231e-87	TRUE	PA:cds-XAJ25422.1	AGC	S	AGT	S	648
