REGION	POS	REF	ALT	REF_DP	REF_RV	REF_QUAL	ALT_DP	ALT_RV	ALT_QUAL	ALT_FREQ	TOTAL_DP	PVAL	PASS	GFF_FEATURE	REF_CODON	REF_AA	ALT_CODON	ALT_AA	POS_AA
NP|PP755592.1|A/cattle/Texas/24-008749-003/2024(H5N1)	313	A	G	12445	6464	41	145	75	38	0.0115143	12593	2.91557e-35	TRUE	NP:cds-XAJ25419.1	ATG	M	GTG	V	105
NP|PP755592.1|A/cattle/Texas/24-008749-003/2024(H5N1)	355	A	G	6	3	42	12187	6875	40	0.999426	12194	0	TRUE	NP:cds-XAJ25419.1	ATT	I	GTT	V	119
NP|PP755592.1|A/cattle/Texas/24-008749-003/2024(H5N1)	447	G	A	5203	3391	38	8031	4599	38	0.606846	13234	0	TRUE	NP:cds-XAJ25419.1	CAG	Q	CAA	Q	149
NP|PP755592.1|A/cattle/Texas/24-008749-003/2024(H5N1)	474	A	G	6	2	34	11715	5916	38	0.999403	11722	0	TRUE	NP:cds-XAJ25419.1	GGA	G	GGG	G	158
NP|PP755592.1|A/cattle/Texas/24-008749-003/2024(H5N1)	498	G	A	2	1	34	11832	4877	37	0.999831	11834	0	TRUE	NP:cds-XAJ25419.1	CTG	L	CTA	L	166
NP|PP755592.1|A/cattle/Texas/24-008749-003/2024(H5N1)	777	C	T	11988	7052	40	204	137	36	0.0167282	12195	2.34207e-53	TRUE	NP:cds-XAJ25419.1	CTC	L	CTT	L	259
NP|PP755592.1|A/cattle/Texas/24-008749-003/2024(H5N1)	870	C	T	8	3	34	11537	5247	38	0.999221	11546	0	TRUE	NP:cds-XAJ25419.1	GAC	D	GAT	D	290
NP|PP755592.1|A/cattle/Texas/24-008749-003/2024(H5N1)	1014	T	C	6	6	38	12459	7009	40	0.999438	12466	0	TRUE	NP:cds-XAJ25419.1	TTT	F	TTC	F	338
NP|PP755592.1|A/cattle/Texas/24-008749-003/2024(H5N1)	1080	C	A	5413	2334	38	8531	4440	38	0.611322	13955	0	TRUE	NP:cds-XAJ25419.1	ACC	T	ACA	T	360
NP|PP755592.1|A/cattle/Texas/24-008749-003/2024(H5N1)	1092	G	A	3	2	30	12731	5485	40	0.999764	12734	0	TRUE	NP:cds-XAJ25419.1	CAG	Q	CAA	Q	364
NP|PP755592.1|A/cattle/Texas/24-008749-003/2024(H5N1)	1365	T	G	3990	2587	45	6883	4494	44	0.632512	10882	0	TRUE	NP:cds-XAJ25419.1	GAT	D	GAG	E	455
