REGION	POS	REF	ALT	REF_DP	REF_RV	REF_QUAL	ALT_DP	ALT_RV	ALT_QUAL	ALT_FREQ	TOTAL_DP	PVAL	PASS	GFF_FEATURE	REF_CODON	REF_AA	ALT_CODON	ALT_AA	POS_AA
NS|PP755593.1|A/cattle/Texas/24-008749-003/2024(H5N1)	65	T	G	16739	3099	33	1217	206	33	0.0677127	17973	0	TRUE	NS1:cds-XAJ25420.1	TTT	F	TGT	C	22
NS|PP755593.1|A/cattle/Texas/24-008749-003/2024(H5N1)	199	A	G	4	3	34	33406	14847	33	0.999641	33418	0	TRUE	NS1:cds-XAJ25420.1	AGG	R	GGG	G	67
NS|PP755593.1|A/cattle/Texas/24-008749-003/2024(H5N1)	222	T	C	9	5	33	35650	18562	33	0.999748	35659	0	TRUE	NS1:cds-XAJ25420.1	GAT	D	GAC	D	74
NS|PP755593.1|A/cattle/Texas/24-008749-003/2024(H5N1)	331	G	A	36758	19472	33	713	420	33	0.019027	37473	1.07333e-168	TRUE	NS1:cds-XAJ25420.1	GTG	V	ATG	M	111
NS|PP755593.1|A/cattle/Texas/24-008749-003/2024(H5N1)	364	G	A	35787	17398	33	781	368	33	0.0213528	36576	5.93063e-190	TRUE	NS1:cds-XAJ25420.1	GCG	A	ACG	T	122
NS|PP755593.1|A/cattle/Texas/24-008749-003/2024(H5N1)	369	T	C	36827	18323	33	809	326	33	0.0214891	37647	1.87883e-198	TRUE	NS1:cds-XAJ25420.1	ATT	I	ATC	I	123
NS|PP755593.1|A/cattle/Texas/24-008749-003/2024(H5N1)	611	G	A	29360	17891	33	4127	2177	33	0.123234	33489	0	TRUE	NEP:cds-XAJ25421.1	GAA	E	AAA	K	37
NS|PP755593.1|A/cattle/Texas/24-008749-003/2024(H5N1)	611	G	A	29360	17891	33	4127	2177	33	0.123234	33489	0	TRUE	NS1:cds-XAJ25420.1	AGA	R	AAA	K	204
NS|PP755593.1|A/cattle/Texas/24-008749-003/2024(H5N1)	634	C	T	28382	14676	33	4188	2261	31	0.128545	32580	0	TRUE	NEP:cds-XAJ25421.1	GAC	D	GAT	D	44
NS|PP755593.1|A/cattle/Texas/24-008749-003/2024(H5N1)	634	C	T	28382	14676	33	4188	2261	31	0.128545	32580	0	TRUE	NS1:cds-XAJ25420.1	CCT	P	TCT	S	212
