REGION	POS	REF	ALT	REF_DP	REF_RV	REF_QUAL	ALT_DP	ALT_RV	ALT_QUAL	ALT_FREQ	TOTAL_DP	PVAL	PASS	GFF_FEATURE	REF_CODON	REF_AA	ALT_CODON	ALT_AA	POS_AA
MP|PP755590.1|A/cattle/Texas/24-008749-003/2024(H5N1)	78	G	A	7626	2084	33	163	23	33	0.0209269	7789	1.75293e-57	TRUE	M1:cds-XAJ25416.1	CAG	Q	CAA	Q	26
MP|PP755590.1|A/cattle/Texas/24-008749-003/2024(H5N1)	245	G	A	3	2	31	19040	8235	33	0.999737	19045	0	TRUE	M1:cds-XAJ25416.1	AGT	S	AAT	N	82
MP|PP755590.1|A/cattle/Texas/24-008749-003/2024(H5N1)	254	G	A	20230	9827	33	206	81	32	0.0100803	20436	1.4107e-41	TRUE	M1:cds-XAJ25416.1	AGT	S	AAT	N	85
MP|PP755590.1|A/cattle/Texas/24-008749-003/2024(H5N1)	409	A	G	20376	10439	33	287	155	33	0.0138875	20666	3.09357e-63	TRUE	M1:cds-XAJ25416.1	ACG	T	GCG	A	137
