REGION	POS	REF	ALT	REF_DP	REF_RV	REF_QUAL	ALT_DP	ALT_RV	ALT_QUAL	ALT_FREQ	TOTAL_DP	PVAL	PASS	GFF_FEATURE	REF_CODON	REF_AA	ALT_CODON	ALT_AA	POS_AA
PA|PP755594.1|A/cattle/Texas/24-008749-003/2024(H5N1)	12	T	C	292	40	33	3	0	34	0.0101695	295	0.0131692	FALSE	PA:cds-XAJ25422.1	TTT	F	TTC	F	4
PA|PP755594.1|A/cattle/Texas/24-008749-003/2024(H5N1)	12	T	C	292	40	33	3	0	34	0.0101695	295	0.0131692	FALSE	PA-X:cds-XAJ25423.1	TTT	F	TTC	F	4
PA|PP755594.1|A/cattle/Texas/24-008749-003/2024(H5N1)	144	T	C	0	0	0	2822	1235	33	1	2822	0	TRUE	PA:cds-XAJ25422.1	TAT	Y	TAC	Y	48
PA|PP755594.1|A/cattle/Texas/24-008749-003/2024(H5N1)	144	T	C	0	0	0	2822	1235	33	1	2822	0	TRUE	PA-X:cds-XAJ25423.1	TAT	Y	TAC	Y	48
PA|PP755594.1|A/cattle/Texas/24-008749-003/2024(H5N1)	202	C	T	0	0	0	2897	1688	33	1	2897	0	TRUE	PA:cds-XAJ25422.1	CCA	P	TCA	S	68
PA|PP755594.1|A/cattle/Texas/24-008749-003/2024(H5N1)	202	C	T	0	0	0	2897	1688	33	1	2897	0	TRUE	PA-X:cds-XAJ25423.1	CCA	P	TCA	S	68
PA|PP755594.1|A/cattle/Texas/24-008749-003/2024(H5N1)	705	A	G	2368	1289	33	344	254	33	0.126844	2712	1.41328e-111	TRUE	PA:cds-XAJ25422.1	GGA	G	GGG	G	235
PA|PP755594.1|A/cattle/Texas/24-008749-003/2024(H5N1)	705	A	G	2368	1289	33	344	254	33	0.126844	2712	1.41328e-111	TRUE	PA-X:cds-XAJ25423.1	GAT	D	GGT	G	45
PA|PP755594.1|A/cattle/Texas/24-008749-003/2024(H5N1)	708	C	T	499	254	33	2207	1284	33	0.815595	2706	0	TRUE	PA:cds-XAJ25422.1	TTC	F	TTT	F	236
PA|PP755594.1|A/cattle/Texas/24-008749-003/2024(H5N1)	708	C	T	499	254	33	2207	1284	33	0.815595	2706	0	TRUE	PA-X:cds-XAJ25423.1	TCG	S	TTG	L	46
PA|PP755594.1|A/cattle/Texas/24-008749-003/2024(H5N1)	981	G	A	0	0	0	2431	956	33	1	2431	0	TRUE	PA:cds-XAJ25422.1	GAG	E	GAA	E	327
PA|PP755594.1|A/cattle/Texas/24-008749-003/2024(H5N1)	1214	G	A	388	179	33	1786	912	32	0.821527	2174	0	TRUE	PA:cds-XAJ25422.1	AGC	S	AAC	N	405
PA|PP755594.1|A/cattle/Texas/24-008749-003/2024(H5N1)	1294	G	A	1	0	34	2886	1462	33	0.999654	2887	0	TRUE	PA:cds-XAJ25422.1	GTT	V	ATT	I	432
PA|PP755594.1|A/cattle/Texas/24-008749-003/2024(H5N1)	1920	G	A	2328	1344	33	453	236	33	0.162891	2781	9.12905e-144	TRUE	PA:cds-XAJ25422.1	TTG	L	TTA	L	640
