REGION	POS	REF	ALT	REF_DP	REF_RV	REF_QUAL	ALT_DP	ALT_RV	ALT_QUAL	ALT_FREQ	TOTAL_DP	PVAL	PASS	GFF_FEATURE	REF_CODON	REF_AA	ALT_CODON	ALT_AA	POS_AA
MP|PP755590.1|A/cattle/Texas/24-008749-003/2024(H5N1)	245	G	A	0	0	0	9074	4053	33	0.99978	9076	0	TRUE	M1:cds-XAJ25416.1	AGT	S	AAT	N	82
MP|PP755590.1|A/cattle/Texas/24-008749-003/2024(H5N1)	687	G	A	9736	3494	33	242	48	33	0.0242509	9979	1.67082e-61	TRUE	M1:cds-XAJ25416.1	CTG	L	CTA	L	229
MP|PP755590.1|A/cattle/Texas/24-008749-003/2024(H5N1)	709	T	C	8565	3576	33	138	46	33	0.0158548	8704	3.62419e-33	TRUE	M1:cds-XAJ25416.1	TTG	L	CTG	L	237
MP|PP755590.1|A/cattle/Texas/24-008749-003/2024(H5N1)	750	A	C	9078	4389	33	108	47	33	0.011757	9186	1.418e-23	TRUE	M2:cds-XAJ25417.1	GAT	D	GCT	A	12
MP|PP755590.1|A/cattle/Texas/24-008749-003/2024(H5N1)	750	A	C	9078	4389	33	108	47	33	0.011757	9186	1.418e-23	TRUE	M1:cds-XAJ25416.1	CGA	R	CGC	R	250
