REGION	POS	REF	ALT	REF_DP	REF_RV	REF_QUAL	ALT_DP	ALT_RV	ALT_QUAL	ALT_FREQ	TOTAL_DP	PVAL	PASS	GFF_FEATURE	REF_CODON	REF_AA	ALT_CODON	ALT_AA	POS_AA
HA|PP755589.1|A/cattle/Texas/24-008749-003/2024(H5N1)	14	T	C	54	3	33	1	0	34	0.0181818	55	0.207547	FALSE	HA:cds-XAJ25415.1	GTA	V	GCA	A	5
HA|PP755589.1|A/cattle/Texas/24-008749-003/2024(H5N1)	23	T	C	64	10	33	1	0	27	0.0153846	65	0.54003	FALSE	HA:cds-XAJ25415.1	CTT	L	CCT	P	8
HA|PP755589.1|A/cattle/Texas/24-008749-003/2024(H5N1)	44	A	G	94	21	33	1	0	26	0.0105263	95	0.614502	FALSE	HA:cds-XAJ25415.1	AAA	K	AGA	R	15
HA|PP755589.1|A/cattle/Texas/24-008749-003/2024(H5N1)	90	G	A	191	55	33	2	0	34	0.0103627	193	0.129223	FALSE	HA:cds-XAJ25415.1	GAG	E	GAA	E	30
HA|PP755589.1|A/cattle/Texas/24-008749-003/2024(H5N1)	100	A	G	185	56	33	2	1	34	0.0106952	187	0.122664	FALSE	HA:cds-XAJ25415.1	ACG	T	GCG	A	34
HA|PP755589.1|A/cattle/Texas/24-008749-003/2024(H5N1)	114	G	A	175	58	33	31	3	32	0.150485	206	8.8125e-15	TRUE	HA:cds-XAJ25415.1	AAG	K	AAA	K	38
HA|PP755589.1|A/cattle/Texas/24-008749-003/2024(H5N1)	249	C	T	265	139	33	3	1	34	0.0111524	269	0.114404	FALSE	HA:cds-XAJ25415.1	TGC	C	TGT	C	83
HA|PP755589.1|A/cattle/Texas/24-008749-003/2024(H5N1)	285	A	G	241	112	33	3	0	34	0.0122951	244	0.116178	FALSE	HA:cds-XAJ25415.1	ATA	I	ATG	M	95
HA|PP755589.1|A/cattle/Texas/24-008749-003/2024(H5N1)	311	A	G	0	0	0	257	98	33	1	257	4.85902e-164	TRUE	HA:cds-XAJ25415.1	GAC	D	GGC	G	104
HA|PP755589.1|A/cattle/Texas/24-008749-003/2024(H5N1)	439	G	A	0	0	0	341	180	33	1	341	4.16203e-214	TRUE	HA:cds-XAJ25415.1	GTG	V	ATG	M	147
HA|PP755589.1|A/cattle/Texas/24-008749-003/2024(H5N1)	498	T	C	295	158	32	3	0	34	0.0100671	298	0.103289	FALSE	HA:cds-XAJ25415.1	CTT	L	CTC	L	166
HA|PP755589.1|A/cattle/Texas/24-008749-003/2024(H5N1)	651	G	A	0	0	0	367	147	33	1	367	1.87501e-231	TRUE	HA:cds-XAJ25415.1	GGG	G	GGA	G	217
HA|PP755589.1|A/cattle/Texas/24-008749-003/2024(H5N1)	675	G	A	0	0	0	347	138	32	1	347	4.02231e-219	TRUE	HA:cds-XAJ25415.1	TTG	L	TTA	L	225
HA|PP755589.1|A/cattle/Texas/24-008749-003/2024(H5N1)	1007	G	A	4	1	34	391	210	33	0.989873	395	3.18978e-235	TRUE	HA:cds-XAJ25415.1	AGT	S	AAT	N	336
HA|PP755589.1|A/cattle/Texas/24-008749-003/2024(H5N1)	1052	T	A	423	249	33	25	2	30	0.0558036	448	7.78601e-09	TRUE	HA:cds-XAJ25415.1	ATA	I	AAA	K	351
HA|PP755589.1|A/cattle/Texas/24-008749-003/2024(H5N1)	1641	G	A	3483	2907	33	107	96	33	0.029805	3590	1.67248e-29	TRUE	HA:cds-XAJ25415.1	ATG	M	ATA	I	547
