REGION	POS	REF	ALT	REF_DP	REF_RV	REF_QUAL	ALT_DP	ALT_RV	ALT_QUAL	ALT_FREQ	TOTAL_DP	PVAL	PASS	GFF_FEATURE	REF_CODON	REF_AA	ALT_CODON	ALT_AA	POS_AA
MP|PP755590.1|A/cattle/Texas/24-008749-003/2024(H5N1)	245	G	A	1	0	34	28091	12487	33	0.999893	28094	0	TRUE	M1:cds-XAJ25416.1	AGT	S	AAT	N	82
MP|PP755590.1|A/cattle/Texas/24-008749-003/2024(H5N1)	729	G	A	19005	8334	33	7485	2973	33	0.282527	26493	0	TRUE	M2:cds-XAJ25417.1	GGA	G	GAA	E	5
MP|PP755590.1|A/cattle/Texas/24-008749-003/2024(H5N1)	729	G	A	19005	8334	33	7485	2973	33	0.282527	26493	0	TRUE	M1:cds-XAJ25416.1	CGG	R	CGA	R	243
MP|PP755590.1|A/cattle/Texas/24-008749-003/2024(H5N1)	804	T	C	28129	17387	33	2336	1403	33	0.0766656	30470	0	TRUE	M2:cds-XAJ25417.1	ATA	I	ACA	T	30
