REGION	POS	REF	ALT	REF_DP	REF_RV	REF_QUAL	ALT_DP	ALT_RV	ALT_QUAL	ALT_FREQ	TOTAL_DP	PVAL	PASS	GFF_FEATURE	REF_CODON	REF_AA	ALT_CODON	ALT_AA	POS_AA
PA|PP755594.1|A/cattle/Texas/24-008749-003/2024(H5N1)	7	G	A	219	16	35	3	0	33	0.0135135	222	0.00795246	TRUE	PA:cds-XAJ25422.1	GAC	D	AAC	N	3
PA|PP755594.1|A/cattle/Texas/24-008749-003/2024(H5N1)	7	G	A	219	16	35	3	0	33	0.0135135	222	0.00795246	TRUE	PA-X:cds-XAJ25423.1	GAC	D	AAC	N	3
PA|PP755594.1|A/cattle/Texas/24-008749-003/2024(H5N1)	96	A	G	1221	180	36	192	29	34	0.135881	1413	2.56743e-100	TRUE	PA:cds-XAJ25422.1	ACA	T	ACG	T	32
PA|PP755594.1|A/cattle/Texas/24-008749-003/2024(H5N1)	96	A	G	1221	180	36	192	29	34	0.135881	1413	2.56743e-100	TRUE	PA-X:cds-XAJ25423.1	ACA	T	ACG	T	32
PA|PP755594.1|A/cattle/Texas/24-008749-003/2024(H5N1)	138	C	T	2841	1151	40	64	21	40	0.022031	2905	3.21107e-23	TRUE	PA:cds-XAJ25422.1	TTC	F	TTT	F	46
PA|PP755594.1|A/cattle/Texas/24-008749-003/2024(H5N1)	138	C	T	2841	1151	40	64	21	40	0.022031	2905	3.21107e-23	TRUE	PA-X:cds-XAJ25423.1	TTC	F	TTT	F	46
PA|PP755594.1|A/cattle/Texas/24-008749-003/2024(H5N1)	144	T	C	2471	1014	40	542	231	39	0.179827	3014	3.84709e-194	TRUE	PA:cds-XAJ25422.1	TAT	Y	TAC	Y	48
PA|PP755594.1|A/cattle/Texas/24-008749-003/2024(H5N1)	144	T	C	2471	1014	40	542	231	39	0.179827	3014	3.84709e-194	TRUE	PA-X:cds-XAJ25423.1	TAT	Y	TAC	Y	48
PA|PP755594.1|A/cattle/Texas/24-008749-003/2024(H5N1)	835	C	A	3173	1629	36	715	378	36	0.183852	3889	5.9593e-240	TRUE	PA:cds-XAJ25422.1	CGG	R	AGG	R	279
PA|PP755594.1|A/cattle/Texas/24-008749-003/2024(H5N1)	981	G	A	2	0	34	3972	1299	36	0.999497	3974	0	TRUE	PA:cds-XAJ25422.1	GAG	E	GAA	E	327
PA|PP755594.1|A/cattle/Texas/24-008749-003/2024(H5N1)	1294	G	A	0	0	0	4689	2568	39	0.999574	4691	0	TRUE	PA:cds-XAJ25422.1	GTT	V	ATT	I	432
PA|PP755594.1|A/cattle/Texas/24-008749-003/2024(H5N1)	1317	G	T	3830	2171	36	1032	452	35	0.21191	4870	0	TRUE	PA:cds-XAJ25422.1	GCG	A	GCT	A	439
PA|PP755594.1|A/cattle/Texas/24-008749-003/2024(H5N1)	1542	C	T	4534	2680	38	226	140	38	0.047469	4761	5.74477e-69	TRUE	PA:cds-XAJ25422.1	GAC	D	GAT	D	514
