REGION	POS	REF	ALT	REF_DP	REF_RV	REF_QUAL	ALT_DP	ALT_RV	ALT_QUAL	ALT_FREQ	TOTAL_DP	PVAL	PASS	GFF_FEATURE	REF_CODON	REF_AA	ALT_CODON	ALT_AA	POS_AA
NA|PP755591.1|A/cattle/Texas/24-008749-003/2024(H5N1)	222	T	-C	4355	2054	39	293	0	20	0.05564	5266	1.37382e-50	TRUE	NA	NA	NA	NA	NA	NA
NA|PP755591.1|A/cattle/Texas/24-008749-003/2024(H5N1)	223	C	T	0	0	0	3821	1650	38	0.999738	3822	0	TRUE	NA:cds-XAJ25418.1	CTT	L	TTT	F	75
NA|PP755591.1|A/cattle/Texas/24-008749-003/2024(H5N1)	408	G	A	4453	2266	38	430	166	35	0.0880426	4884	2.9379e-140	TRUE	NA:cds-XAJ25418.1	CAG	Q	CAA	Q	136
NA|PP755591.1|A/cattle/Texas/24-008749-003/2024(H5N1)	571	T	C	0	0	0	4109	1944	37	1	4109	0	TRUE	NA:cds-XAJ25418.1	TTG	L	CTG	L	191
NA|PP755591.1|A/cattle/Texas/24-008749-003/2024(H5N1)	1062	T	C	0	0	0	5361	2363	38	0.999814	5362	0	TRUE	NA:cds-XAJ25418.1	GGT	G	GGC	G	354
NA|PP755591.1|A/cattle/Texas/24-008749-003/2024(H5N1)	1137	G	A	5	2	40	5748	3099	38	0.999131	5753	0	TRUE	NA:cds-XAJ25418.1	GGG	G	GGA	G	379
NA|PP755591.1|A/cattle/Texas/24-008749-003/2024(H5N1)	1185	A	G	0	0	0	4992	3007	36	0.9998	4993	0	TRUE	NA:cds-XAJ25418.1	GAA	E	GAG	E	395
NA|PP755591.1|A/cattle/Texas/24-008749-003/2024(H5N1)	1289	G	C	3058	2010	39	36	36	28	0.0116279	3096	0.246257	FALSE	NA:cds-XAJ25418.1	AGG	R	ACG	T	430
