REGION	POS	REF	ALT	REF_DP	REF_RV	REF_QUAL	ALT_DP	ALT_RV	ALT_QUAL	ALT_FREQ	TOTAL_DP	PVAL	PASS	GFF_FEATURE	REF_CODON	REF_AA	ALT_CODON	ALT_AA	POS_AA
NA|PP755591.1|A/cattle/Texas/24-008749-003/2024(H5N1)	279	T	C	4174	2014	32	51	27	31	0.0120624	4228	5.97939e-13	TRUE	NA:cds-XAJ25418.1	CCT	P	CCC	P	93
NA|PP755591.1|A/cattle/Texas/24-008749-003/2024(H5N1)	571	T	C	0	0	0	4818	2357	32	0.999378	4821	0	TRUE	NA:cds-XAJ25418.1	TTG	L	CTG	L	191
NA|PP755591.1|A/cattle/Texas/24-008749-003/2024(H5N1)	699	C	T	0	0	0	5052	2552	32	1	5052	0	TRUE	NA:cds-XAJ25418.1	TGC	C	TGT	C	233
NA|PP755591.1|A/cattle/Texas/24-008749-003/2024(H5N1)	1077	C	T	5553	2668	33	67	32	32	0.011909	5626	9.40963e-16	TRUE	NA:cds-XAJ25418.1	ATC	I	ATT	I	359
NA|PP755591.1|A/cattle/Texas/24-008749-003/2024(H5N1)	1185	A	G	6	3	31	5725	3026	32	0.998605	5733	0	TRUE	NA:cds-XAJ25418.1	GAA	E	GAG	E	395
