REGION	POS	REF	ALT	REF_DP	REF_RV	REF_QUAL	ALT_DP	ALT_RV	ALT_QUAL	ALT_FREQ	TOTAL_DP	PVAL	PASS	GFF_FEATURE	REF_CODON	REF_AA	ALT_CODON	ALT_AA	POS_AA
NA|PP755591.1|A/cattle/Texas/24-008749-003/2024(H5N1)	222	T	C	9925	4601	32	332	159	32	0.0323524	10262	2.69982e-95	TRUE	NA:cds-XAJ25418.1	TTT	F	TTC	F	74
NA|PP755591.1|A/cattle/Texas/24-008749-003/2024(H5N1)	346	G	A	6347	3359	33	4889	2287	33	0.435042	11238	0	TRUE	NA:cds-XAJ25418.1	GTT	V	ATT	I	116
NA|PP755591.1|A/cattle/Texas/24-008749-003/2024(H5N1)	364	A	G	5246	2386	33	6003	3118	33	0.533647	11249	0	TRUE	NA:cds-XAJ25418.1	ATC	I	GTC	V	122
NA|PP755591.1|A/cattle/Texas/24-008749-003/2024(H5N1)	552	T	C	9754	4674	33	870	368	33	0.0818901	10624	1.76439e-255	TRUE	NA:cds-XAJ25418.1	TGT	C	TGC	C	184
NA|PP755591.1|A/cattle/Texas/24-008749-003/2024(H5N1)	571	T	C	5	1	34	9840	4704	33	0.999492	9845	0	TRUE	NA:cds-XAJ25418.1	TTG	L	CTG	L	191
NA|PP755591.1|A/cattle/Texas/24-008749-003/2024(H5N1)	778	A	G	8889	4975	33	241	146	33	0.0263965	9130	1.23349e-64	TRUE	NA:cds-XAJ25418.1	AAA	K	GAA	E	260
NA|PP755591.1|A/cattle/Texas/24-008749-003/2024(H5N1)	1185	A	G	3	2	34	14297	8086	33	0.99965	14302	0	TRUE	NA:cds-XAJ25418.1	GAA	E	GAG	E	395
NA|PP755591.1|A/cattle/Texas/24-008749-003/2024(H5N1)	1289	G	C	9027	4311	32	123	122	27	0.0134206	9165	0.00775323	TRUE	NA:cds-XAJ25418.1	AGG	R	ACG	T	430
