REGION	POS	REF	ALT	REF_DP	REF_RV	REF_QUAL	ALT_DP	ALT_RV	ALT_QUAL	ALT_FREQ	TOTAL_DP	PVAL	PASS	GFF_FEATURE	REF_CODON	REF_AA	ALT_CODON	ALT_AA	POS_AA
MP|PP755590.1|A/cattle/Texas/24-008749-003/2024(H5N1)	238	G	A	33969	13675	37	849	322	36	0.0243804	34823	3.0628e-225	TRUE	M1:cds-XAJ25416.1	GTC	V	ATC	I	80
MP|PP755590.1|A/cattle/Texas/24-008749-003/2024(H5N1)	245	G	A	9	2	30	34175	14122	37	0.999737	34184	0	TRUE	M1:cds-XAJ25416.1	AGT	S	AAT	N	82
MP|PP755590.1|A/cattle/Texas/24-008749-003/2024(H5N1)	348	A	G	35709	19144	37	2429	1331	37	0.0636898	38138	0	TRUE	M1:cds-XAJ25416.1	GCA	A	GCG	A	116
MP|PP755590.1|A/cattle/Texas/24-008749-003/2024(H5N1)	805	A	G	34211	24240	40	589	443	38	0.0169238	34803	2.18293e-151	TRUE	M2:cds-XAJ25417.1	ATA	I	ATG	M	31
