REGION	POS	REF	ALT	REF_DP	REF_RV	REF_QUAL	ALT_DP	ALT_RV	ALT_QUAL	ALT_FREQ	TOTAL_DP	PVAL	PASS	GFF_FEATURE	REF_CODON	REF_AA	ALT_CODON	ALT_AA	POS_AA
PB1|PP755595.1|A/cattle/Texas/24-008749-003/2024(H5N1)	37	C	-CAGCG	252	54	33	10	0	20	0.0151057	662	0.00428366	TRUE	NA	NA	NA	NA	NA	NA
PB1|PP755595.1|A/cattle/Texas/24-008749-003/2024(H5N1)	330	G	A	649	351	33	9	3	34	0.0136778	658	0.00159247	TRUE	PB1:cds-XAJ25424.1	ACG	T	ACA	T	110
PB1|PP755595.1|A/cattle/Texas/24-008749-003/2024(H5N1)	330	G	A	649	351	33	9	3	34	0.0136778	658	0.00159247	TRUE	PB1-F2:cds-XAJ25425.1	CGA	R	CAA	Q	79
PB1|PP755595.1|A/cattle/Texas/24-008749-003/2024(H5N1)	495	T	C	516	171	33	11	5	33	0.0208729	527	0.000353847	TRUE	PB1:cds-XAJ25424.1	GAT	D	GAC	D	165
PB1|PP755595.1|A/cattle/Texas/24-008749-003/2024(H5N1)	522	G	A	534	207	33	10	4	32	0.0183824	544	0.000738915	TRUE	PB1:cds-XAJ25424.1	ATG	M	ATA	I	174
PB1|PP755595.1|A/cattle/Texas/24-008749-003/2024(H5N1)	582	C	T	577	269	33	7	3	32	0.0119863	584	0.00677059	TRUE	PB1:cds-XAJ25424.1	AAC	N	AAT	N	194
PB1|PP755595.1|A/cattle/Texas/24-008749-003/2024(H5N1)	705	A	G	530	268	32	32	14	33	0.0568384	563	2.97129e-11	TRUE	PB1:cds-XAJ25424.1	AAA	K	AAG	K	235
PB1|PP755595.1|A/cattle/Texas/24-008749-003/2024(H5N1)	840	C	T	49	18	33	471	244	33	0.905769	520	4.57603e-246	TRUE	PB1:cds-XAJ25424.1	GCC	A	GCT	A	280
PB1|PP755595.1|A/cattle/Texas/24-008749-003/2024(H5N1)	945	T	C	0	0	0	573	333	33	1	573	0	TRUE	PB1:cds-XAJ25424.1	CCT	P	CCC	P	315
PB1|PP755595.1|A/cattle/Texas/24-008749-003/2024(H5N1)	990	T	A	453	219	32	17	8	33	0.0361702	470	1.00443e-06	TRUE	PB1:cds-XAJ25424.1	CCT	P	CCA	P	330
PB1|PP755595.1|A/cattle/Texas/24-008749-003/2024(H5N1)	1053	A	G	541	237	33	34	18	31	0.0591304	575	1.08293e-11	TRUE	PB1:cds-XAJ25424.1	CTA	L	CTG	L	351
PB1|PP755595.1|A/cattle/Texas/24-008749-003/2024(H5N1)	1500	A	G	1105	494	33	58	28	33	0.049871	1163	2.91446e-17	TRUE	PB1:cds-XAJ25424.1	GGA	G	GGG	G	500
PB1|PP755595.1|A/cattle/Texas/24-008749-003/2024(H5N1)	1831	T	C	1176	633	33	29	15	32	0.0240664	1205	9.24154e-09	TRUE	PB1:cds-XAJ25424.1	TTA	L	CTA	L	611
PB1|PP755595.1|A/cattle/Texas/24-008749-003/2024(H5N1)	1968	A	G	1304	615	33	108	54	33	0.0764873	1412	4.18725e-33	TRUE	PB1:cds-XAJ25424.1	GAA	E	GAG	E	656
PB1|PP755595.1|A/cattle/Texas/24-008749-003/2024(H5N1)	2117	G	A	1928	1123	33	91	49	33	0.0450718	2019	3.04534e-26	TRUE	PB1:cds-XAJ25424.1	AGG	R	AAG	K	706
