REGION	POS	REF	ALT	REF_DP	REF_RV	REF_QUAL	ALT_DP	ALT_RV	ALT_QUAL	ALT_FREQ	TOTAL_DP	PVAL	PASS	GFF_FEATURE	REF_CODON	REF_AA	ALT_CODON	ALT_AA	POS_AA
HA|PP755589.1|A/cattle/Texas/24-008749-003/2024(H5N1)	4	G	A	0	0	0	16	3	42	1	16	6.65233e-13	TRUE	HA:cds-XAJ25415.1	GAG	E	AAG	K	2
HA|PP755589.1|A/cattle/Texas/24-008749-003/2024(H5N1)	311	A	G	0	0	0	1845	861	38	0.999458	1846	0	TRUE	HA:cds-XAJ25415.1	GAC	D	GGC	G	104
HA|PP755589.1|A/cattle/Texas/24-008749-003/2024(H5N1)	632	T	G	0	0	0	1843	770	39	1	1843	0	TRUE	HA:cds-XAJ25415.1	ATC	I	AGC	S	211
HA|PP755589.1|A/cattle/Texas/24-008749-003/2024(H5N1)	651	G	A	2	1	34	1870	791	38	0.997866	1874	0	TRUE	HA:cds-XAJ25415.1	GGG	G	GGA	G	217
HA|PP755589.1|A/cattle/Texas/24-008749-003/2024(H5N1)	675	G	A	4	3	34	1859	759	37	0.997853	1863	0	TRUE	HA:cds-XAJ25415.1	TTG	L	TTA	L	225
HA|PP755589.1|A/cattle/Texas/24-008749-003/2024(H5N1)	1007	G	A	0	0	0	1973	1093	41	1	1973	0	TRUE	HA:cds-XAJ25415.1	AGT	S	AAT	N	336
HA|PP755589.1|A/cattle/Texas/24-008749-003/2024(H5N1)	1164	G	A	3	2	34	2514	801	38	0.998411	2518	0	TRUE	HA:cds-XAJ25415.1	AAG	K	AAA	K	388
HA|PP755589.1|A/cattle/Texas/24-008749-003/2024(H5N1)	1173	T	C	0	0	0	2644	862	39	0.999622	2645	0	TRUE	HA:cds-XAJ25415.1	GAT	D	GAC	D	391
