REGION	POS	REF	ALT	REF_DP	REF_RV	REF_QUAL	ALT_DP	ALT_RV	ALT_QUAL	ALT_FREQ	TOTAL_DP	PVAL	PASS	GFF_FEATURE	REF_CODON	REF_AA	ALT_CODON	ALT_AA	POS_AA
MP|PP755590.1|A/cattle/Texas/24-008749-003/2024(H5N1)	315	A	G	27644	16745	32	33531	18294	33	0.547955	61193	0	TRUE	M1:cds-XAJ25416.1	AGA	R	AGG	R	105
MP|PP755590.1|A/cattle/Texas/24-008749-003/2024(H5N1)	378	T	C	82	28	33	62318	34171	33	0.998558	62408	0	TRUE	M1:cds-XAJ25416.1	AGT	S	AGC	S	126
MP|PP755590.1|A/cattle/Texas/24-008749-003/2024(H5N1)	539	T	C	63048	34977	33	674	389	33	0.0105764	63727	2.08825e-136	TRUE	M1:cds-XAJ25416.1	GTT	V	GCT	A	180
MP|PP755590.1|A/cattle/Texas/24-008749-003/2024(H5N1)	613	G	A	15	8	33	61914	34417	33	0.99958	61940	0	TRUE	M1:cds-XAJ25416.1	GTT	V	ATT	I	205
MP|PP755590.1|A/cattle/Texas/24-008749-003/2024(H5N1)	723	A	G	36333	15917	33	27107	15118	32	0.427245	63446	0	TRUE	M2:cds-XAJ25417.1	AAA	K	AGA	R	3
MP|PP755590.1|A/cattle/Texas/24-008749-003/2024(H5N1)	723	A	G	36333	15917	33	27107	15118	32	0.427245	63446	0	TRUE	M1:cds-XAJ25416.1	CAA	Q	CAG	Q	241
MP|PP755590.1|A/cattle/Texas/24-008749-003/2024(H5N1)	781	T	C	34766	19348	33	23007	11734	33	0.398141	57786	0	TRUE	M2:cds-XAJ25417.1	AGT	S	AGC	S	23
MP|PP755590.1|A/cattle/Texas/24-008749-003/2024(H5N1)	961	T	C	4	3	34	24449	22774	33	0.999836	24453	0	TRUE	M2:cds-XAJ25417.1	TTT	F	TTC	F	83
