REGION	POS	REF	ALT	REF_DP	REF_RV	REF_QUAL	ALT_DP	ALT_RV	ALT_QUAL	ALT_FREQ	TOTAL_DP	PVAL	PASS	GFF_FEATURE	REF_CODON	REF_AA	ALT_CODON	ALT_AA	POS_AA
NA|PP755591.1|A/cattle/Texas/24-008749-003/2024(H5N1)	162	T	C	1918	582	40	212	50	40	0.0994371	2132	4.66746e-79	TRUE	NA:cds-XAJ25418.1	ATT	I	ATC	I	54
NA|PP755591.1|A/cattle/Texas/24-008749-003/2024(H5N1)	221	T	C	2085	915	39	242	84	39	0.103997	2327	3.68834e-83	TRUE	NA:cds-XAJ25418.1	TTT	F	TCT	S	74
NA|PP755591.1|A/cattle/Texas/24-008749-003/2024(H5N1)	230	A	G	2294	979	39	58	26	38	0.0246389	2354	3.87111e-18	TRUE	NA:cds-XAJ25418.1	GAG	E	GGG	G	77
NA|PP755591.1|A/cattle/Texas/24-008749-003/2024(H5N1)	323	T	C	2352	1021	36	68	33	38	0.0280992	2420	8.48288e-22	TRUE	NA:cds-XAJ25418.1	ATT	I	ACT	T	108
NA|PP755591.1|A/cattle/Texas/24-008749-003/2024(H5N1)	364	A	G	2477	1255	37	255	137	37	0.0933382	2732	4.16272e-87	TRUE	NA:cds-XAJ25418.1	ATC	I	GTC	V	122
NA|PP755591.1|A/cattle/Texas/24-008749-003/2024(H5N1)	571	T	C	1	0	34	2700	1270	36	0.99926	2702	0	TRUE	NA:cds-XAJ25418.1	TTG	L	CTG	L	191
NA|PP755591.1|A/cattle/Texas/24-008749-003/2024(H5N1)	772	A	G	2399	1464	36	161	97	37	0.0628661	2561	1.02882e-52	TRUE	NA:cds-XAJ25418.1	ATA	I	GTA	V	258
NA|PP755591.1|A/cattle/Texas/24-008749-003/2024(H5N1)	1185	A	G	83	52	37	3387	2081	37	0.975799	3471	0	TRUE	NA:cds-XAJ25418.1	GAA	E	GAG	E	395
NA|PP755591.1|A/cattle/Texas/24-008749-003/2024(H5N1)	1289	G	C	1983	1343	39	33	33	28	0.0163447	2019	0.02243	FALSE	NA:cds-XAJ25418.1	AGG	R	ACG	T	430
NA|PP755591.1|A/cattle/Texas/24-008749-003/2024(H5N1)	1290	G	C	2124	1578	40	24	24	30	0.011168	2149	1.58033e-08	TRUE	NA:cds-XAJ25418.1	AGG	R	AGC	S	430
NA|PP755591.1|A/cattle/Texas/24-008749-003/2024(H5N1)	1332	C	A	2725	2460	40	154	138	38	0.0534722	2880	1.41594e-50	TRUE	NA:cds-XAJ25418.1	TCC	S	TCA	S	444
