REGION	POS	REF	ALT	REF_DP	REF_RV	REF_QUAL	ALT_DP	ALT_RV	ALT_QUAL	ALT_FREQ	TOTAL_DP	PVAL	PASS	GFF_FEATURE	REF_CODON	REF_AA	ALT_CODON	ALT_AA	POS_AA
NA|PP755591.1|A/cattle/Texas/24-008749-003/2024(H5N1)	117	A	G	2446	681	33	304	87	33	0.110505	2751	1.84496e-113	TRUE	NA:cds-XAJ25418.1	CAA	Q	CAG	Q	39
NA|PP755591.1|A/cattle/Texas/24-008749-003/2024(H5N1)	235	G	A	4647	2254	33	49	28	33	0.0104322	4697	1.4051e-11	TRUE	NA:cds-XAJ25418.1	GCT	A	ACT	T	79
NA|PP755591.1|A/cattle/Texas/24-008749-003/2024(H5N1)	346	G	A	1501	785	33	3150	1513	33	0.677274	4651	0	TRUE	NA:cds-XAJ25418.1	GTT	V	ATT	I	116
NA|PP755591.1|A/cattle/Texas/24-008749-003/2024(H5N1)	571	T	C	5	1	34	4342	2116	33	0.99885	4347	0	TRUE	NA:cds-XAJ25418.1	TTG	L	CTG	L	191
NA|PP755591.1|A/cattle/Texas/24-008749-003/2024(H5N1)	603	A	G	4496	2392	33	51	27	33	0.0112162	4547	4.6351e-12	TRUE	NA:cds-XAJ25418.1	GGA	G	GGG	G	201
NA|PP755591.1|A/cattle/Texas/24-008749-003/2024(H5N1)	661	A	G	3960	1857	33	86	41	32	0.0212556	4046	5.22509e-22	TRUE	NA:cds-XAJ25418.1	AAC	N	GAC	D	221
NA|PP755591.1|A/cattle/Texas/24-008749-003/2024(H5N1)	933	G	A	4620	2260	33	141	71	33	0.0296094	4762	3.70791e-38	TRUE	NA:cds-XAJ25418.1	GAG	E	GAA	E	311
NA|PP755591.1|A/cattle/Texas/24-008749-003/2024(H5N1)	1185	A	G	2	2	34	5045	2822	33	0.999604	5047	0	TRUE	NA:cds-XAJ25418.1	GAA	E	GAG	E	395
NA|PP755591.1|A/cattle/Texas/24-008749-003/2024(H5N1)	1289	G	C	3188	1508	32	109	109	28	0.0330604	3297	1.72972e-14	TRUE	NA:cds-XAJ25418.1	AGG	R	ACG	T	430
NA|PP755591.1|A/cattle/Texas/24-008749-003/2024(H5N1)	1290	G	C	3441	1834	32	66	66	28	0.0188034	3510	0.000251772	TRUE	NA:cds-XAJ25418.1	AGG	R	AGC	S	430
NA|PP755591.1|A/cattle/Texas/24-008749-003/2024(H5N1)	1351	G	T	3607	2901	33	77	66	33	0.0208955	3685	1.33655e-20	TRUE	NA:cds-XAJ25418.1	GAC	D	TAC	Y	451
