REGION	POS	REF	ALT	REF_DP	REF_RV	REF_QUAL	ALT_DP	ALT_RV	ALT_QUAL	ALT_FREQ	TOTAL_DP	PVAL	PASS	GFF_FEATURE	REF_CODON	REF_AA	ALT_CODON	ALT_AA	POS_AA
HA|PP755589.1|A/cattle/Texas/24-008749-003/2024(H5N1)	18	A	G	0	0	0	242	7	34	1	242	1.28347e-216	TRUE	HA:cds-XAJ25415.1	CTA	L	CTG	L	6
HA|PP755589.1|A/cattle/Texas/24-008749-003/2024(H5N1)	21	T	C	0	0	0	241	7	34	1	241	4.39667e-216	TRUE	HA:cds-XAJ25415.1	CTT	L	CTC	L	7
HA|PP755589.1|A/cattle/Texas/24-008749-003/2024(H5N1)	22	C	T	0	0	0	238	3	34	1	238	1.79893e-214	TRUE	HA:cds-XAJ25415.1	CTT	L	TTT	F	8
HA|PP755589.1|A/cattle/Texas/24-008749-003/2024(H5N1)	102	G	A	0	0	0	754	137	40	1	754	0	TRUE	HA:cds-XAJ25415.1	ACG	T	ACA	T	34
HA|PP755589.1|A/cattle/Texas/24-008749-003/2024(H5N1)	306	T	C	0	0	0	1151	511	38	0.999132	1152	0	TRUE	HA:cds-XAJ25415.1	GCT	A	GCC	A	102
HA|PP755589.1|A/cattle/Texas/24-008749-003/2024(H5N1)	311	A	G	0	0	0	1142	538	38	1	1142	0	TRUE	HA:cds-XAJ25415.1	GAC	D	GGC	G	104
HA|PP755589.1|A/cattle/Texas/24-008749-003/2024(H5N1)	381	T	C	0	0	0	1153	515	39	1	1153	0	TRUE	HA:cds-XAJ25415.1	TTT	F	TTC	F	127
HA|PP755589.1|A/cattle/Texas/24-008749-003/2024(H5N1)	514	G	T	0	0	0	1073	547	36	0.999069	1074	0	TRUE	HA:cds-XAJ25415.1	GCA	A	TCA	S	172
HA|PP755589.1|A/cattle/Texas/24-008749-003/2024(H5N1)	533	T	A	0	0	0	1161	651	38	1	1161	0	TRUE	HA:cds-XAJ25415.1	ATA	I	AAA	K	178
HA|PP755589.1|A/cattle/Texas/24-008749-003/2024(H5N1)	651	G	A	0	0	0	1083	528	38	0.998157	1085	0	TRUE	HA:cds-XAJ25415.1	GGG	G	GGA	G	217
HA|PP755589.1|A/cattle/Texas/24-008749-003/2024(H5N1)	675	G	A	1	0	34	1075	513	36	0.999071	1076	0	TRUE	HA:cds-XAJ25415.1	TTG	L	TTA	L	225
HA|PP755589.1|A/cattle/Texas/24-008749-003/2024(H5N1)	751	C	T	1078	550	38	24	11	36	0.0217786	1102	9.13118e-08	TRUE	HA:cds-XAJ25415.1	CCA	P	TCA	S	251
HA|PP755589.1|A/cattle/Texas/24-008749-003/2024(H5N1)	960	A	G	0	0	0	992	405	39	1	992	0	TRUE	HA:cds-XAJ25415.1	AAA	K	AAG	K	320
HA|PP755589.1|A/cattle/Texas/24-008749-003/2024(H5N1)	1007	G	A	0	0	0	1023	560	40	1	1023	0	TRUE	HA:cds-XAJ25415.1	AGT	S	AAT	N	336
HA|PP755589.1|A/cattle/Texas/24-008749-003/2024(H5N1)	1430	A	G	2775	1263	38	51	23	35	0.0180403	2827	7.61915e-15	TRUE	HA:cds-XAJ25415.1	GAG	E	GGG	G	477
