REGION	POS	REF	ALT	REF_DP	REF_RV	REF_QUAL	ALT_DP	ALT_RV	ALT_QUAL	ALT_FREQ	TOTAL_DP	PVAL	PASS	GFF_FEATURE	REF_CODON	REF_AA	ALT_CODON	ALT_AA	POS_AA
MP|PP755590.1|A/cattle/Texas/24-008749-003/2024(H5N1)	189	G	A	38572	17359	40	2608	1022	40	0.0633194	41188	0	TRUE	M1:cds-XAJ25416.1	GTG	V	GTA	V	63
MP|PP755590.1|A/cattle/Texas/24-008749-003/2024(H5N1)	245	G	A	4	3	32	43927	18911	41	0.999795	43936	0	TRUE	M1:cds-XAJ25416.1	AGT	S	AAT	N	82
MP|PP755590.1|A/cattle/Texas/24-008749-003/2024(H5N1)	729	G	A	43164	18579	39	958	349	38	0.0217076	44132	1.72021e-257	TRUE	M2:cds-XAJ25417.1	GGA	G	GAA	E	5
MP|PP755590.1|A/cattle/Texas/24-008749-003/2024(H5N1)	729	G	A	43164	18579	39	958	349	38	0.0217076	44132	1.72021e-257	TRUE	M1:cds-XAJ25416.1	CGG	R	CGA	R	243
MP|PP755590.1|A/cattle/Texas/24-008749-003/2024(H5N1)	741	A	G	46307	19652	39	596	283	39	0.0127049	46911	1.26423e-139	TRUE	M2:cds-XAJ25417.1	AAC	N	AGC	S	9
MP|PP755590.1|A/cattle/Texas/24-008749-003/2024(H5N1)	741	A	G	46307	19652	39	596	283	39	0.0127049	46911	1.26423e-139	TRUE	M1:cds-XAJ25416.1	CAA	Q	CAG	Q	247
