REGION	POS	REF	ALT	REF_DP	REF_RV	REF_QUAL	ALT_DP	ALT_RV	ALT_QUAL	ALT_FREQ	TOTAL_DP	PVAL	PASS	GFF_FEATURE	REF_CODON	REF_AA	ALT_CODON	ALT_AA	POS_AA
PB1|PP755595.1|A/cattle/Texas/24-008749-003/2024(H5N1)	12	T	C	0	0	0	14	2	34	1	14	1.69114e-18	TRUE	PB1:cds-XAJ25424.1	AAT	N	AAC	N	4
PB1|PP755595.1|A/cattle/Texas/24-008749-003/2024(H5N1)	68	C	T	82	15	36	1	0	34	0.0120482	83	0.305147	FALSE	PB1:cds-XAJ25424.1	CCG	P	CTG	L	23
PB1|PP755595.1|A/cattle/Texas/24-008749-003/2024(H5N1)	166	A	G	261	66	39	3	1	44	0.0113636	264	0.089939	FALSE	PB1:cds-XAJ25424.1	ACA	T	GCA	A	56
PB1|PP755595.1|A/cattle/Texas/24-008749-003/2024(H5N1)	166	A	G	261	66	39	3	1	44	0.0113636	264	0.089939	FALSE	PB1-F2:cds-XAJ25425.1	GGA	G	GGG	G	24
PB1|PP755595.1|A/cattle/Texas/24-008749-003/2024(H5N1)	579	C	T	0	0	0	296	104	40	1	296	7.93601e-215	TRUE	PB1:cds-XAJ25424.1	GAC	D	GAT	D	193
PB1|PP755595.1|A/cattle/Texas/24-008749-003/2024(H5N1)	856	G	A	319	177	38	33	16	36	0.09375	352	1.74278e-12	TRUE	PB1:cds-XAJ25424.1	GTG	V	ATG	M	286
PB1|PP755595.1|A/cattle/Texas/24-008749-003/2024(H5N1)	909	G	T	0	0	0	363	211	38	1	363	7.39555e-241	TRUE	PB1:cds-XAJ25424.1	ACG	T	ACT	T	303
PB1|PP755595.1|A/cattle/Texas/24-008749-003/2024(H5N1)	912	A	G	45	17	37	310	183	38	0.873239	355	2.71859e-177	TRUE	PB1:cds-XAJ25424.1	GGA	G	GGG	G	304
PB1|PP755595.1|A/cattle/Texas/24-008749-003/2024(H5N1)	945	T	C	0	0	0	349	191	37	1	349	2.09605e-227	TRUE	PB1:cds-XAJ25424.1	CCT	P	CCC	P	315
PB1|PP755595.1|A/cattle/Texas/24-008749-003/2024(H5N1)	1020	A	G	342	127	36	4	1	34	0.0115607	346	0.0465913	FALSE	PB1:cds-XAJ25424.1	GCA	A	GCG	A	340
PB1|PP755595.1|A/cattle/Texas/24-008749-003/2024(H5N1)	1080	G	A	0	0	0	347	154	38	1	347	3.38848e-233	TRUE	PB1:cds-XAJ25424.1	AAG	K	AAA	K	360
PB1|PP755595.1|A/cattle/Texas/24-008749-003/2024(H5N1)	1107	G	T	0	0	0	369	184	41	0.997297	370	2.43825e-250	TRUE	PB1:cds-XAJ25424.1	CCG	P	CCT	P	369
PB1|PP755595.1|A/cattle/Texas/24-008749-003/2024(H5N1)	1479	A	G	627	214	39	25	15	36	0.0383436	652	1.51291e-09	TRUE	PB1:cds-XAJ25424.1	ACA	T	ACG	T	493
PB1|PP755595.1|A/cattle/Texas/24-008749-003/2024(H5N1)	1941	A	G	724	418	37	32	19	38	0.042328	756	1.75558e-11	TRUE	PB1:cds-XAJ25424.1	CCA	P	CCG	P	647
PB1|PP755595.1|A/cattle/Texas/24-008749-003/2024(H5N1)	1959	G	A	750	389	36	72	26	36	0.0875912	822	6.97336e-25	TRUE	PB1:cds-XAJ25424.1	AAG	K	AAA	K	653
PB1|PP755595.1|A/cattle/Texas/24-008749-003/2024(H5N1)	2230	A	T	0	0	0	418	376	40	1	418	3.59852e-292	TRUE	PB1:cds-XAJ25424.1	ATG	M	TTG	L	744
