REGION	POS	REF	ALT	REF_DP	REF_RV	REF_QUAL	ALT_DP	ALT_RV	ALT_QUAL	ALT_FREQ	TOTAL_DP	PVAL	PASS	GFF_FEATURE	REF_CODON	REF_AA	ALT_CODON	ALT_AA	POS_AA
NP|PP755592.1|A/cattle/Texas/24-008749-003/2024(H5N1)	63	T	C	3240	1226	33	1099	402	33	0.253284	4339	0	TRUE	NP:cds-XAJ25419.1	AAT	N	AAC	N	21
NP|PP755592.1|A/cattle/Texas/24-008749-003/2024(H5N1)	297	G	A	12198	5820	33	132	30	27	0.0107039	12332	0.304749	FALSE	NP:cds-XAJ25419.1	AGG	R	AGA	R	99
NP|PP755592.1|A/cattle/Texas/24-008749-003/2024(H5N1)	355	A	G	2	2	34	12361	6557	33	0.999838	12363	0	TRUE	NP:cds-XAJ25419.1	ATT	I	GTT	V	119
NP|PP755592.1|A/cattle/Texas/24-008749-003/2024(H5N1)	498	G	A	8	2	34	11231	5150	33	0.999288	11239	0	TRUE	NP:cds-XAJ25419.1	CTG	L	CTA	L	166
NP|PP755592.1|A/cattle/Texas/24-008749-003/2024(H5N1)	860	G	T	12204	5538	33	197	69	32	0.015882	12404	4.72085e-46	TRUE	NP:cds-XAJ25419.1	AGT	S	ATT	I	287
NP|PP755592.1|A/cattle/Texas/24-008749-003/2024(H5N1)	870	C	T	4	3	34	11545	5748	33	0.999481	11551	0	TRUE	NP:cds-XAJ25419.1	GAC	D	GAT	D	290
NP|PP755592.1|A/cattle/Texas/24-008749-003/2024(H5N1)	1014	T	C	6	2	34	12246	6603	33	0.999347	12254	0	TRUE	NP:cds-XAJ25419.1	TTT	F	TTC	F	338
NP|PP755592.1|A/cattle/Texas/24-008749-003/2024(H5N1)	1083	A	G	11269	5603	33	938	527	32	0.0768349	12208	2.75943e-280	TRUE	NP:cds-XAJ25419.1	AGA	R	AGG	R	361
NP|PP755592.1|A/cattle/Texas/24-008749-003/2024(H5N1)	1092	G	A	6	2	34	12546	6046	33	0.999363	12554	0	TRUE	NP:cds-XAJ25419.1	CAG	Q	CAA	Q	364
NP|PP755592.1|A/cattle/Texas/24-008749-003/2024(H5N1)	1119	A	G	11346	5975	33	1518	844	33	0.11794	12871	0	TRUE	NP:cds-XAJ25419.1	ACA	T	ACG	T	373
NP|PP755592.1|A/cattle/Texas/24-008749-003/2024(H5N1)	1314	A	G	9959	5556	33	1278	831	33	0.113691	11241	0	TRUE	NP:cds-XAJ25419.1	TCA	S	TCG	S	438
