REGION	POS	REF	ALT	REF_DP	REF_RV	REF_QUAL	ALT_DP	ALT_RV	ALT_QUAL	ALT_FREQ	TOTAL_DP	PVAL	PASS	GFF_FEATURE	REF_CODON	REF_AA	ALT_CODON	ALT_AA	POS_AA
NA|PP755591.1|A/cattle/Texas/24-008749-003/2024(H5N1)	27	C	A	700	120	33	124	13	33	0.150485	824	8.28573e-63	TRUE	NA:cds-XAJ25418.1	ACC	T	ACA	T	9
NA|PP755591.1|A/cattle/Texas/24-008749-003/2024(H5N1)	571	T	C	3	2	28	4232	1985	33	0.999056	4236	0	TRUE	NA:cds-XAJ25418.1	TTG	L	CTG	L	191
NA|PP755591.1|A/cattle/Texas/24-008749-003/2024(H5N1)	853	G	T	3802	2055	33	505	225	32	0.117224	4308	6.87389e-155	TRUE	NA:cds-XAJ25418.1	GCG	A	TCG	S	285
NA|PP755591.1|A/cattle/Texas/24-008749-003/2024(H5N1)	1063	A	G	4735	2069	33	610	345	33	0.11404	5349	1.36501e-187	TRUE	NA:cds-XAJ25418.1	AAT	N	GAT	D	355
NA|PP755591.1|A/cattle/Texas/24-008749-003/2024(H5N1)	1185	A	G	0	0	0	4281	2365	33	1	4281	0	TRUE	NA:cds-XAJ25418.1	GAA	E	GAG	E	395
NA|PP755591.1|A/cattle/Texas/24-008749-003/2024(H5N1)	1289	G	C	2416	1125	32	46	46	28	0.0186764	2463	0.00162037	TRUE	NA:cds-XAJ25418.1	AGG	R	ACG	T	430
