REGION	POS	REF	ALT	REF_DP	REF_RV	REF_QUAL	ALT_DP	ALT_RV	ALT_QUAL	ALT_FREQ	TOTAL_DP	PVAL	PASS	GFF_FEATURE	REF_CODON	REF_AA	ALT_CODON	ALT_AA	POS_AA
HA|PP755589.1|A/cattle/Texas/24-008749-003/2024(H5N1)	4	G	A	0	0	0	31	1	33	1	31	1.26407e-27	TRUE	HA:cds-XAJ25415.1	GAG	E	AAG	K	2
HA|PP755589.1|A/cattle/Texas/24-008749-003/2024(H5N1)	57	T	C	1408	278	33	19	5	33	0.0133146	1427	1.51078e-07	TRUE	HA:cds-XAJ25415.1	ATT	I	ATC	I	19
HA|PP755589.1|A/cattle/Texas/24-008749-003/2024(H5N1)	159	C	T	3416	1487	33	169	72	33	0.0471409	3585	2.08915e-48	TRUE	HA:cds-XAJ25415.1	CAC	H	CAT	H	53
HA|PP755589.1|A/cattle/Texas/24-008749-003/2024(H5N1)	311	A	G	2	1	34	3571	1588	33	0.99944	3573	0	TRUE	HA:cds-XAJ25415.1	GAC	D	GGC	G	104
HA|PP755589.1|A/cattle/Texas/24-008749-003/2024(H5N1)	439	G	A	9	7	33	4092	2181	33	0.997805	4101	0	TRUE	HA:cds-XAJ25415.1	GTG	V	ATG	M	147
HA|PP755589.1|A/cattle/Texas/24-008749-003/2024(H5N1)	651	G	A	6	2	34	4080	1821	33	0.998532	4086	0	TRUE	HA:cds-XAJ25415.1	GGG	G	GGA	G	217
HA|PP755589.1|A/cattle/Texas/24-008749-003/2024(H5N1)	675	G	A	1	0	34	4045	1792	32	0.999753	4046	0	TRUE	HA:cds-XAJ25415.1	TTG	L	TTA	L	225
HA|PP755589.1|A/cattle/Texas/24-008749-003/2024(H5N1)	1007	G	A	1	1	34	4490	2444	33	0.999555	4492	0	TRUE	HA:cds-XAJ25415.1	AGT	S	AAT	N	336
HA|PP755589.1|A/cattle/Texas/24-008749-003/2024(H5N1)	1052	T	A	4534	2687	33	68	8	32	0.014773	4603	5.57598e-17	TRUE	HA:cds-XAJ25415.1	ATA	I	AAA	K	351
HA|PP755589.1|A/cattle/Texas/24-008749-003/2024(H5N1)	1173	T	C	13	2	33	13865	3164	33	0.998991	13879	0	TRUE	HA:cds-XAJ25415.1	GAT	D	GAC	D	391
HA|PP755589.1|A/cattle/Texas/24-008749-003/2024(H5N1)	1269	G	A	15973	5317	33	1011	321	33	0.0595231	16985	2.09694e-292	TRUE	HA:cds-XAJ25415.1	GAG	E	GAA	E	423
