REGION	POS	REF	ALT	REF_DP	REF_RV	REF_QUAL	ALT_DP	ALT_RV	ALT_QUAL	ALT_FREQ	TOTAL_DP	PVAL	PASS	GFF_FEATURE	REF_CODON	REF_AA	ALT_CODON	ALT_AA	POS_AA
NP|PP755592.1|A/cattle/Texas/24-008749-003/2024(H5N1)	355	A	G	0	0	0	6649	3396	47	0.99985	6650	0	TRUE	NP:cds-XAJ25419.1	ATT	I	GTT	V	119
NP|PP755592.1|A/cattle/Texas/24-008749-003/2024(H5N1)	456	G	A	6370	3694	47	144	61	42	0.0221028	6515	9.75478e-57	TRUE	NP:cds-XAJ25419.1	AGG	R	AGA	R	152
NP|PP755592.1|A/cattle/Texas/24-008749-003/2024(H5N1)	474	A	G	20	6	43	6077	3345	45	0.996393	6099	0	TRUE	NP:cds-XAJ25419.1	GGA	G	GGG	G	158
NP|PP755592.1|A/cattle/Texas/24-008749-003/2024(H5N1)	498	G	A	2	1	51	6203	2820	43	0.999678	6205	0	TRUE	NP:cds-XAJ25419.1	CTG	L	CTA	L	166
NP|PP755592.1|A/cattle/Texas/24-008749-003/2024(H5N1)	725	T	C	5795	3024	45	422	213	45	0.0678675	6218	1.02398e-166	TRUE	NP:cds-XAJ25419.1	GTG	V	GCG	A	242
NP|PP755592.1|A/cattle/Texas/24-008749-003/2024(H5N1)	870	C	T	0	0	0	6308	2807	45	0.999841	6309	0	TRUE	NP:cds-XAJ25419.1	GAC	D	GAT	D	290
NP|PP755592.1|A/cattle/Texas/24-008749-003/2024(H5N1)	1014	T	C	1	0	68	7235	3819	46	0.999862	7236	0	TRUE	NP:cds-XAJ25419.1	TTT	F	TTC	F	338
NP|PP755592.1|A/cattle/Texas/24-008749-003/2024(H5N1)	1092	G	A	0	0	0	7551	3419	49	0.999868	7552	0	TRUE	NP:cds-XAJ25419.1	CAG	Q	CAA	Q	364
