REGION	POS	REF	ALT	REF_DP	REF_RV	REF_QUAL	ALT_DP	ALT_RV	ALT_QUAL	ALT_FREQ	TOTAL_DP	PVAL	PASS	GFF_FEATURE	REF_CODON	REF_AA	ALT_CODON	ALT_AA	POS_AA
NP|PP755592.1|A/cattle/Texas/24-008749-003/2024(H5N1)	24	A	G	653	122	33	10	3	32	0.015083	663	1.67537e-06	TRUE	NP:cds-XAJ25419.1	CGA	R	CGG	R	8
NP|PP755592.1|A/cattle/Texas/24-008749-003/2024(H5N1)	355	A	G	0	0	0	4742	2537	33	0.999789	4743	0	TRUE	NP:cds-XAJ25419.1	ATT	I	GTT	V	119
NP|PP755592.1|A/cattle/Texas/24-008749-003/2024(H5N1)	498	G	A	0	0	0	4780	2181	33	1	4780	0	TRUE	NP:cds-XAJ25419.1	CTG	L	CTA	L	166
NP|PP755592.1|A/cattle/Texas/24-008749-003/2024(H5N1)	870	C	T	1	0	34	4906	2273	33	0.999796	4907	0	TRUE	NP:cds-XAJ25419.1	GAC	D	GAT	D	290
NP|PP755592.1|A/cattle/Texas/24-008749-003/2024(H5N1)	942	T	C	5263	2330	33	82	39	33	0.0153414	5345	1.33443e-20	TRUE	NP:cds-XAJ25419.1	AGT	S	AGC	S	314
NP|PP755592.1|A/cattle/Texas/24-008749-003/2024(H5N1)	1014	T	C	4	2	34	5319	3010	33	0.999249	5323	0	TRUE	NP:cds-XAJ25419.1	TTT	F	TTC	F	338
NP|PP755592.1|A/cattle/Texas/24-008749-003/2024(H5N1)	1032	A	G	5189	2818	33	77	50	33	0.0146193	5267	8.88923e-19	TRUE	NP:cds-XAJ25419.1	TCA	S	TCG	S	344
NP|PP755592.1|A/cattle/Texas/24-008749-003/2024(H5N1)	1092	G	A	3617	1851	33	2437	1024	33	0.402544	6054	0	TRUE	NP:cds-XAJ25419.1	CAG	Q	CAA	Q	364
NP|PP755592.1|A/cattle/Texas/24-008749-003/2024(H5N1)	1117	A	G	5760	2851	33	62	28	34	0.0106456	5824	9.79932e-14	TRUE	NP:cds-XAJ25419.1	ACA	T	GCA	A	373
