REGION	POS	REF	ALT	REF_DP	REF_RV	REF_QUAL	ALT_DP	ALT_RV	ALT_QUAL	ALT_FREQ	TOTAL_DP	PVAL	PASS	GFF_FEATURE	REF_CODON	REF_AA	ALT_CODON	ALT_AA	POS_AA
PA|PP755594.1|A/cattle/Texas/24-008749-003/2024(H5N1)	240	A	G	2203	1318	33	24	13	34	0.0107768	2227	3.18798e-06	TRUE	PA:cds-XAJ25422.1	GAA	E	GAG	E	80
PA|PP755594.1|A/cattle/Texas/24-008749-003/2024(H5N1)	240	A	G	2203	1318	33	24	13	34	0.0107768	2227	3.18798e-06	TRUE	PA-X:cds-XAJ25423.1	GAA	E	GAG	E	80
PA|PP755594.1|A/cattle/Texas/24-008749-003/2024(H5N1)	300	C	T	0	0	0	2175	796	33	0.99954	2176	0	TRUE	PA:cds-XAJ25422.1	GTC	V	GTT	V	100
PA|PP755594.1|A/cattle/Texas/24-008749-003/2024(H5N1)	300	C	T	0	0	0	2175	796	33	0.99954	2176	0	TRUE	PA-X:cds-XAJ25423.1	GTC	V	GTT	V	100
PA|PP755594.1|A/cattle/Texas/24-008749-003/2024(H5N1)	532	A	G	2654	1292	33	35	24	33	0.013016	2689	2.14654e-09	TRUE	PA:cds-XAJ25422.1	ATA	I	GTA	V	178
PA|PP755594.1|A/cattle/Texas/24-008749-003/2024(H5N1)	532	A	G	2654	1292	33	35	24	33	0.013016	2689	2.14654e-09	TRUE	PA-X:cds-XAJ25423.1	ATA	I	GTA	V	178
PA|PP755594.1|A/cattle/Texas/24-008749-003/2024(H5N1)	682	A	T	0	0	0	2477	1279	33	1	2477	0	TRUE	PA:cds-XAJ25422.1	AAC	N	TAC	Y	228
PA|PP755594.1|A/cattle/Texas/24-008749-003/2024(H5N1)	682	A	T	0	0	0	2477	1279	33	1	2477	0	TRUE	PA-X:cds-XAJ25423.1	AAA	K	AAT	N	37
PA|PP755594.1|A/cattle/Texas/24-008749-003/2024(H5N1)	939	A	+T	2608	784	33	34	0	20	0.0119634	2842	0.17705	FALSE	NA	NA	NA	NA	NA	NA
PA|PP755594.1|A/cattle/Texas/24-008749-003/2024(H5N1)	981	G	A	0	0	0	2704	976	33	1	2704	0	TRUE	PA:cds-XAJ25422.1	GAG	E	GAA	E	327
PA|PP755594.1|A/cattle/Texas/24-008749-003/2024(H5N1)	1248	A	G	2492	1410	32	35	18	33	0.0138176	2533	1.80144e-10	TRUE	PA:cds-XAJ25422.1	GAA	E	GAG	E	416
PA|PP755594.1|A/cattle/Texas/24-008749-003/2024(H5N1)	1294	G	A	1	1	34	3656	1853	33	0.999453	3658	0	TRUE	PA:cds-XAJ25422.1	GTT	V	ATT	I	432
PA|PP755594.1|A/cattle/Texas/24-008749-003/2024(H5N1)	1808	A	G	3267	1997	32	52	32	30	0.0156674	3319	1.45517e-14	TRUE	PA:cds-XAJ25422.1	AAA	K	AGA	R	603
