REGION	POS	REF	ALT	REF_DP	REF_RV	REF_QUAL	ALT_DP	ALT_RV	ALT_QUAL	ALT_FREQ	TOTAL_DP	PVAL	PASS	GFF_FEATURE	REF_CODON	REF_AA	ALT_CODON	ALT_AA	POS_AA
NP|PP755592.1|A/cattle/Texas/24-008749-003/2024(H5N1)	54	A	G	487	264	32	5	2	34	0.0101626	492	0.00319183	TRUE	NP:cds-XAJ25419.1	GAA	E	GAG	E	18
NP|PP755592.1|A/cattle/Texas/24-008749-003/2024(H5N1)	355	A	G	0	0	0	2349	1214	32	0.999149	2351	0	TRUE	NP:cds-XAJ25419.1	ATT	I	GTT	V	119
NP|PP755592.1|A/cattle/Texas/24-008749-003/2024(H5N1)	417	G	A	2078	1061	32	59	29	32	0.0276088	2137	1.4268e-16	TRUE	NP:cds-XAJ25419.1	TGG	W	TGA	*	139
NP|PP755592.1|A/cattle/Texas/24-008749-003/2024(H5N1)	459	A	G	1859	993	32	109	58	31	0.0553299	1970	8.6859e-32	TRUE	NP:cds-XAJ25419.1	GCA	A	GCG	A	153
NP|PP755592.1|A/cattle/Texas/24-008749-003/2024(H5N1)	474	A	G	0	0	0	1876	980	32	0.999467	1877	0	TRUE	NP:cds-XAJ25419.1	GGA	G	GGG	G	158
NP|PP755592.1|A/cattle/Texas/24-008749-003/2024(H5N1)	498	G	A	0	0	0	1840	895	32	0.999457	1841	0	TRUE	NP:cds-XAJ25419.1	CTG	L	CTA	L	166
NP|PP755592.1|A/cattle/Texas/24-008749-003/2024(H5N1)	776	T	C	2179	1131	32	37	20	32	0.0166892	2217	8.02518e-10	TRUE	NP:cds-XAJ25419.1	CTC	L	CCC	P	259
NP|PP755592.1|A/cattle/Texas/24-008749-003/2024(H5N1)	870	C	T	0	0	0	2046	1055	32	0.999511	2047	0	TRUE	NP:cds-XAJ25419.1	GAC	D	GAT	D	290
NP|PP755592.1|A/cattle/Texas/24-008749-003/2024(H5N1)	1014	T	C	0	0	0	2111	1049	32	0.999527	2112	0	TRUE	NP:cds-XAJ25419.1	TTT	F	TTC	F	338
NP|PP755592.1|A/cattle/Texas/24-008749-003/2024(H5N1)	1092	G	A	0	0	0	2120	1039	32	1	2120	0	TRUE	NP:cds-XAJ25419.1	CAG	Q	CAA	Q	364
NP|PP755592.1|A/cattle/Texas/24-008749-003/2024(H5N1)	1212	A	G	0	0	0	2386	1235	32	0.999581	2387	0	TRUE	NP:cds-XAJ25419.1	GGA	G	GGG	G	404
NP|PP755592.1|A/cattle/Texas/24-008749-003/2024(H5N1)	1213	C	T	2343	1214	32	50	29	32	0.0208855	2394	8.0312e-14	TRUE	NP:cds-XAJ25419.1	CAA	Q	TAA	*	405
NP|PP755592.1|A/cattle/Texas/24-008749-003/2024(H5N1)	1341	G	A	0	0	0	2271	1266	33	0.99956	2272	0	TRUE	NP:cds-XAJ25419.1	ATG	M	ATA	I	447
NP|PP755592.1|A/cattle/Texas/24-008749-003/2024(H5N1)	1398	C	T	0	0	0	1715	970	33	1	1715	0	TRUE	NP:cds-XAJ25419.1	CTC	L	CTT	L	466
