REGION	POS	REF	ALT	REF_DP	REF_RV	REF_QUAL	ALT_DP	ALT_RV	ALT_QUAL	ALT_FREQ	TOTAL_DP	PVAL	PASS	GFF_FEATURE	REF_CODON	REF_AA	ALT_CODON	ALT_AA	POS_AA
PB2|PP755596.1|A/cattle/Texas/24-008749-003/2024(H5N1)	42	T	C	55	8	38	2	0	34	0.0350877	57	0.0879581	FALSE	PB2:cds-XAJ25426.1	TCT	S	TCC	S	14
PB2|PP755596.1|A/cattle/Texas/24-008749-003/2024(H5N1)	185	G	A	0	0	0	179	72	40	1	179	5.24812e-118	TRUE	PB2:cds-XAJ25426.1	CGA	R	CAA	Q	62
PB2|PP755596.1|A/cattle/Texas/24-008749-003/2024(H5N1)	372	G	A	200	100	38	3	3	45	0.0147783	203	0.0967582	FALSE	PB2:cds-XAJ25426.1	AGG	R	AGA	R	124
PB2|PP755596.1|A/cattle/Texas/24-008749-003/2024(H5N1)	421	A	G	187	76	36	2	1	34	0.010582	189	0.201909	FALSE	PB2:cds-XAJ25426.1	ATA	I	GTA	V	141
PB2|PP755596.1|A/cattle/Texas/24-008749-003/2024(H5N1)	570	A	G	191	105	38	3	3	34	0.0154639	194	0.0984315	FALSE	PB2:cds-XAJ25426.1	AAA	K	AAG	K	190
PB2|PP755596.1|A/cattle/Texas/24-008749-003/2024(H5N1)	575	A	T	188	107	37	2	1	30	0.0105263	190	0.207007	FALSE	PB2:cds-XAJ25426.1	GAA	E	GTA	V	192
PB2|PP755596.1|A/cattle/Texas/24-008749-003/2024(H5N1)	634	G	A	212	136	36	3	2	34	0.0139535	215	0.111213	FALSE	PB2:cds-XAJ25426.1	GTC	V	ATC	I	212
PB2|PP755596.1|A/cattle/Texas/24-008749-003/2024(H5N1)	746	A	G	0	0	0	201	87	38	1	201	8.78603e-131	TRUE	PB2:cds-XAJ25426.1	GAA	E	GGA	G	249
PB2|PP755596.1|A/cattle/Texas/24-008749-003/2024(H5N1)	764	C	T	0	0	0	200	91	36	1	200	4.98534e-128	TRUE	PB2:cds-XAJ25426.1	GCA	A	GTA	V	255
PB2|PP755596.1|A/cattle/Texas/24-008749-003/2024(H5N1)	765	A	G	205	92	37	3	2	26	0.0144231	208	0.458915	FALSE	PB2:cds-XAJ25426.1	GCA	A	GCG	A	255
PB2|PP755596.1|A/cattle/Texas/24-008749-003/2024(H5N1)	842	T	C	255	98	40	6	3	32	0.0229885	261	0.00795972	TRUE	PB2:cds-XAJ25426.1	TTG	L	TCG	S	281
PB2|PP755596.1|A/cattle/Texas/24-008749-003/2024(H5N1)	901	A	G	206	93	36	3	0	45	0.0143541	209	0.0788781	FALSE	PB2:cds-XAJ25426.1	AAT	N	GAT	D	301
PB2|PP755596.1|A/cattle/Texas/24-008749-003/2024(H5N1)	1242	T	C	0	0	0	250	95	37	1	250	3.00574e-162	TRUE	PB2:cds-XAJ25426.1	GTT	V	GTC	V	414
PB2|PP755596.1|A/cattle/Texas/24-008749-003/2024(H5N1)	1311	C	T	0	0	0	288	111	39	1	288	1.31533e-187	TRUE	PB2:cds-XAJ25426.1	CAC	H	CAT	H	437
PB2|PP755596.1|A/cattle/Texas/24-008749-003/2024(H5N1)	1437	A	G	282	160	36	3	2	34	0.0105263	285	0.0979961	FALSE	PB2:cds-XAJ25426.1	AGA	R	AGG	R	479
PB2|PP755596.1|A/cattle/Texas/24-008749-003/2024(H5N1)	1701	T	C	309	189	37	4	3	42	0.0127796	313	0.0471431	FALSE	PB2:cds-XAJ25426.1	GAT	D	GAC	D	567
