REGION	POS	REF	ALT	REF_DP	REF_RV	REF_QUAL	ALT_DP	ALT_RV	ALT_QUAL	ALT_FREQ	TOTAL_DP	PVAL	PASS	GFF_FEATURE	REF_CODON	REF_AA	ALT_CODON	ALT_AA	POS_AA
NS|PP755593.1|A/cattle/Texas/24-008749-003/2024(H5N1)	178	G	A	9	6	33	34456	17182	37	0.999536	34472	0	TRUE	NS1:cds-XAJ25420.1	GCT	A	ACT	T	60
NS|PP755593.1|A/cattle/Texas/24-008749-003/2024(H5N1)	199	A	G	3	3	38	37022	16521	37	0.999811	37029	0	TRUE	NS1:cds-XAJ25420.1	AGG	R	GGG	G	67
NS|PP755593.1|A/cattle/Texas/24-008749-003/2024(H5N1)	222	T	C	9	4	41	39646	20435	38	0.999244	39676	0	TRUE	NS1:cds-XAJ25420.1	GAT	D	GAC	D	74
NS|PP755593.1|A/cattle/Texas/24-008749-003/2024(H5N1)	486	A	G	38800	19679	38	1809	1003	38	0.0445457	40610	0	TRUE	NS1:cds-XAJ25420.1	CCA	P	CCG	P	162
NS|PP755593.1|A/cattle/Texas/24-008749-003/2024(H5N1)	552	A	G	42	13	37	38457	19420	37	0.998831	38502	0	TRUE	NEP:cds-XAJ25421.1	GAC	D	GGC	G	17
NS|PP755593.1|A/cattle/Texas/24-008749-003/2024(H5N1)	552	A	G	42	13	37	38457	19420	37	0.998831	38502	0	TRUE	NS1:cds-XAJ25420.1	GGA	G	GGG	G	184
