REGION	POS	REF	ALT	REF_DP	REF_RV	REF_QUAL	ALT_DP	ALT_RV	ALT_QUAL	ALT_FREQ	TOTAL_DP	PVAL	PASS	GFF_FEATURE	REF_CODON	REF_AA	ALT_CODON	ALT_AA	POS_AA
MP|PP755590.1|A/cattle/Texas/24-008749-003/2024(H5N1)	245	G	A	11	4	34	57464	25464	33	0.999687	57482	0	TRUE	M1:cds-XAJ25416.1	AGT	S	AAT	N	82
MP|PP755590.1|A/cattle/Texas/24-008749-003/2024(H5N1)	690	A	G	38920	21324	31	4100	1679	33	0.0952846	43029	0	TRUE	M1:cds-XAJ25416.1	AGA	R	AGG	R	230
MP|PP755590.1|A/cattle/Texas/24-008749-003/2024(H5N1)	756	G	A	57118	27640	33	4357	1917	33	0.0708732	61476	0	TRUE	M2:cds-XAJ25417.1	AGT	S	AAT	N	14
MP|PP755590.1|A/cattle/Texas/24-008749-003/2024(H5N1)	756	G	A	57118	27640	33	4357	1917	33	0.0708732	61476	0	TRUE	M1:cds-XAJ25416.1	AAG	K	AAA	K	252
