REGION	POS	REF	ALT	REF_DP	REF_RV	REF_QUAL	ALT_DP	ALT_RV	ALT_QUAL	ALT_FREQ	TOTAL_DP	PVAL	PASS	GFF_FEATURE	REF_CODON	REF_AA	ALT_CODON	ALT_AA	POS_AA
PB2|PP755596.1|A/cattle/Texas/24-008749-003/2024(H5N1)	240	G	A	0	0	0	604	335	35	0.998347	605	0	TRUE	PB2:cds-XAJ25426.1	AAG	K	AAA	K	80
PB2|PP755596.1|A/cattle/Texas/24-008749-003/2024(H5N1)	421	A	G	679	269	34	8	7	34	0.0116448	687	0.0013969	TRUE	PB2:cds-XAJ25426.1	ATA	I	GTA	V	141
PB2|PP755596.1|A/cattle/Texas/24-008749-003/2024(H5N1)	630	G	A	3	3	34	824	490	35	0.995169	828	0	TRUE	PB2:cds-XAJ25426.1	GAG	E	GAA	E	210
PB2|PP755596.1|A/cattle/Texas/24-008749-003/2024(H5N1)	711	A	G	930	483	36	29	22	33	0.0301769	961	2.68195e-09	TRUE	PB2:cds-XAJ25426.1	GGA	G	GGG	G	237
PB2|PP755596.1|A/cattle/Texas/24-008749-003/2024(H5N1)	764	C	T	0	0	0	855	376	34	1	855	0	TRUE	PB2:cds-XAJ25426.1	GCA	A	GTA	V	255
PB2|PP755596.1|A/cattle/Texas/24-008749-003/2024(H5N1)	789	C	A	942	421	36	13	3	33	0.0136126	955	0.000342225	TRUE	PB2:cds-XAJ25426.1	GCC	A	GCA	A	263
PB2|PP755596.1|A/cattle/Texas/24-008749-003/2024(H5N1)	912	G	A	1	0	34	882	405	35	0.998867	883	0	TRUE	PB2:cds-XAJ25426.1	GAG	E	GAA	E	304
PB2|PP755596.1|A/cattle/Texas/24-008749-003/2024(H5N1)	1085	G	C	717	166	34	23	23	29	0.0310811	740	0.000619991	TRUE	PB2:cds-XAJ25426.1	GGG	G	GCG	A	362
PB2|PP755596.1|A/cattle/Texas/24-008749-003/2024(H5N1)	1392	G	A	0	0	0	1092	771	35	0.99635	1096	0	TRUE	PB2:cds-XAJ25426.1	TTG	L	TTA	L	464
PB2|PP755596.1|A/cattle/Texas/24-008749-003/2024(H5N1)	1504	T	C	0	0	0	1108	411	35	1	1108	0	TRUE	PB2:cds-XAJ25426.1	TTA	L	CTA	L	502
PB2|PP755596.1|A/cattle/Texas/24-008749-003/2024(H5N1)	1818	G	A	505	265	35	634	336	35	0.55614	1140	1.49866e-264	TRUE	PB2:cds-XAJ25426.1	GTG	V	GTA	V	606
PB2|PP755596.1|A/cattle/Texas/24-008749-003/2024(H5N1)	1866	T	C	0	0	0	1077	492	36	1	1077	0	TRUE	PB2:cds-XAJ25426.1	GCT	A	GCC	A	622
PB2|PP755596.1|A/cattle/Texas/24-008749-003/2024(H5N1)	1881	A	G	1073	495	36	49	16	34	0.0435556	1125	5.40907e-16	TRUE	PB2:cds-XAJ25426.1	GAA	E	GAG	E	627
PB2|PP755596.1|A/cattle/Texas/24-008749-003/2024(H5N1)	2009	A	G	0	0	0	1090	646	36	1	1090	0	TRUE	PB2:cds-XAJ25426.1	AAA	K	AGA	R	670
PB2|PP755596.1|A/cattle/Texas/24-008749-003/2024(H5N1)	2145	T	C	0	0	0	747	562	38	1	747	0	TRUE	PB2:cds-XAJ25426.1	AAT	N	AAC	N	715
