REGION	POS	REF	ALT	REF_DP	REF_RV	REF_QUAL	ALT_DP	ALT_RV	ALT_QUAL	ALT_FREQ	TOTAL_DP	PVAL	PASS	GFF_FEATURE	REF_CODON	REF_AA	ALT_CODON	ALT_AA	POS_AA
NS|PP755593.1|A/cattle/Texas/24-008749-003/2024(H5N1)	64	T	G	0	0	0	15243	1877	37	0.999934	15244	0	TRUE	NS1:cds-XAJ25420.1	TTT	F	GTT	V	22
NS|PP755593.1|A/cattle/Texas/24-008749-003/2024(H5N1)	82	G	A	35	7	37	18344	2150	37	0.998041	18380	0	TRUE	NS1:cds-XAJ25420.1	GGT	G	AGT	S	28
NS|PP755593.1|A/cattle/Texas/24-008749-003/2024(H5N1)	199	A	G	35	17	40	29525	12847	37	0.998748	29562	0	TRUE	NS1:cds-XAJ25420.1	AGG	R	GGG	G	67
NS|PP755593.1|A/cattle/Texas/24-008749-003/2024(H5N1)	222	T	C	5	3	39	31343	15956	38	0.999777	31350	0	TRUE	NS1:cds-XAJ25420.1	GAT	D	GAC	D	74
