REGION	POS	REF	ALT	REF_DP	REF_RV	REF_QUAL	ALT_DP	ALT_RV	ALT_QUAL	ALT_FREQ	TOTAL_DP	PVAL	PASS	GFF_FEATURE	REF_CODON	REF_AA	ALT_CODON	ALT_AA	POS_AA
PB1|PP755595.1|A/cattle/Texas/24-008749-003/2024(H5N1)	8	T	C	65	5	38	2	0	34	0.0298507	67	0.00750693	TRUE	PB1:cds-XAJ25424.1	GTC	V	GCC	A	3
PB1|PP755595.1|A/cattle/Texas/24-008749-003/2024(H5N1)	9	C	T	75	6	38	1	0	34	0.0131579	76	0.0964467	FALSE	PB1:cds-XAJ25424.1	GTC	V	GTT	V	3
PB1|PP755595.1|A/cattle/Texas/24-008749-003/2024(H5N1)	435	T	C	0	0	0	2164	1326	35	1	2164	0	TRUE	PB1:cds-XAJ25424.1	AAT	N	AAC	N	145
PB1|PP755595.1|A/cattle/Texas/24-008749-003/2024(H5N1)	945	T	C	1	0	34	2071	1191	36	0.999517	2072	0	TRUE	PB1:cds-XAJ25424.1	CCT	P	CCC	P	315
PB1|PP755595.1|A/cattle/Texas/24-008749-003/2024(H5N1)	1186	C	A	1817	955	37	483	333	35	0.21	2300	8.37253e-167	TRUE	PB1:cds-XAJ25424.1	CTA	L	ATA	I	396
