REGION	POS	REF	ALT	REF_DP	REF_RV	REF_QUAL	ALT_DP	ALT_RV	ALT_QUAL	ALT_FREQ	TOTAL_DP	PVAL	PASS	GFF_FEATURE	REF_CODON	REF_AA	ALT_CODON	ALT_AA	POS_AA
HA|PP755589.1|A/cattle/Texas/24-008749-003/2024(H5N1)	135	C	T	9	2	39	3147	958	52	0.997148	3156	0	TRUE	HA:cds-XAJ25415.1	GCC	A	GCT	A	45
HA|PP755589.1|A/cattle/Texas/24-008749-003/2024(H5N1)	601	G	A	4443	1762	48	47	15	45	0.0104677	4490	6.38462e-18	TRUE	HA:cds-XAJ25415.1	GAA	E	AAA	K	201
HA|PP755589.1|A/cattle/Texas/24-008749-003/2024(H5N1)	624	A	G	4323	1804	51	81	48	43	0.0183924	4404	2.47225e-31	TRUE	HA:cds-XAJ25415.1	AAA	K	AAG	K	208
HA|PP755589.1|A/cattle/Texas/24-008749-003/2024(H5N1)	651	G	A	1	1	34	4323	1959	52	0.999769	4324	0	TRUE	HA:cds-XAJ25415.1	GGG	G	GGA	G	217
HA|PP755589.1|A/cattle/Texas/24-008749-003/2024(H5N1)	688	G	A	4349	2170	53	47	20	53	0.0106915	4396	2.80281e-19	TRUE	HA:cds-XAJ25415.1	GCT	A	ACT	T	230
HA|PP755589.1|A/cattle/Texas/24-008749-003/2024(H5N1)	819	T	C	0	0	0	4426	2552	51	0.999774	4427	0	TRUE	HA:cds-XAJ25415.1	GTT	V	GTC	V	273
HA|PP755589.1|A/cattle/Texas/24-008749-003/2024(H5N1)	834	G	A	1	0	38	4507	2726	51	0.999778	4508	0	TRUE	HA:cds-XAJ25415.1	TCG	S	TCA	S	278
HA|PP755589.1|A/cattle/Texas/24-008749-003/2024(H5N1)	867	T	C	3	3	50	4371	2603	50	0.999314	4374	0	TRUE	HA:cds-XAJ25415.1	CAT	H	CAC	H	289
HA|PP755589.1|A/cattle/Texas/24-008749-003/2024(H5N1)	921	T	C	0	0	0	4214	2524	51	0.999052	4218	0	TRUE	HA:cds-XAJ25415.1	TTT	F	TTC	F	307
HA|PP755589.1|A/cattle/Texas/24-008749-003/2024(H5N1)	1022	A	G	4	1	52	3945	2053	51	0.998987	3949	0	TRUE	HA:cds-XAJ25415.1	AAG	K	AGG	R	341
HA|PP755589.1|A/cattle/Texas/24-008749-003/2024(H5N1)	1314	A	C	0	0	0	7552	3441	56	0.999471	7556	0	TRUE	HA:cds-XAJ25415.1	ACA	T	ACC	T	438
HA|PP755589.1|A/cattle/Texas/24-008749-003/2024(H5N1)	1432	C	A	25	11	58	7363	4252	53	0.995269	7398	0	TRUE	HA:cds-XAJ25415.1	CTG	L	ATG	M	478
HA|PP755589.1|A/cattle/Texas/24-008749-003/2024(H5N1)	1530	A	G	19	12	63	6008	4021	61	0.996848	6027	0	TRUE	HA:cds-XAJ25415.1	GAA	E	GAG	E	510
HA|PP755589.1|A/cattle/Texas/24-008749-003/2024(H5N1)	1680	G	A	10	9	49	2884	2355	51	0.996545	2894	0	TRUE	HA:cds-XAJ25415.1	TCG	S	TCA	S	560
