REGION	POS	REF	ALT	REF_DP	REF_RV	REF_QUAL	ALT_DP	ALT_RV	ALT_QUAL	ALT_FREQ	TOTAL_DP	PVAL	PASS	GFF_FEATURE	REF_CODON	REF_AA	ALT_CODON	ALT_AA	POS_AA
PA|PP755594.1|A/cattle/Texas/24-008749-003/2024(H5N1)	18	A	G	212	18	36	3	1	37	0.0139535	215	0.00735643	TRUE	PA:cds-XAJ25422.1	CGA	R	CGG	R	6
PA|PP755594.1|A/cattle/Texas/24-008749-003/2024(H5N1)	18	A	G	212	18	36	3	1	37	0.0139535	215	0.00735643	TRUE	PA-X:cds-XAJ25423.1	CGA	R	CGG	R	6
PA|PP755594.1|A/cattle/Texas/24-008749-003/2024(H5N1)	280	A	G	917	319	36	1199	526	36	0.566368	2117	0	TRUE	PA:cds-XAJ25422.1	ATC	I	GTC	V	94
PA|PP755594.1|A/cattle/Texas/24-008749-003/2024(H5N1)	280	A	G	917	319	36	1199	526	36	0.566368	2117	0	TRUE	PA-X:cds-XAJ25423.1	ATC	I	GTC	V	94
PA|PP755594.1|A/cattle/Texas/24-008749-003/2024(H5N1)	602	T	C	2676	1105	36	36	11	37	0.0132743	2712	9.36927e-10	TRUE	PA:cds-XAJ25422.1	ATT	I	ACT	T	201
PA|PP755594.1|A/cattle/Texas/24-008749-003/2024(H5N1)	602	T	C	2676	1105	36	36	11	37	0.0132743	2712	9.36927e-10	TRUE	PA-X:cds-XAJ25423.1	TTG	L	CTG	L	11
PA|PP755594.1|A/cattle/Texas/24-008749-003/2024(H5N1)	627	A	G	2547	1018	36	413	211	35	0.13948	2961	1.68934e-128	TRUE	PA:cds-XAJ25422.1	GGA	G	GGG	G	209
PA|PP755594.1|A/cattle/Texas/24-008749-003/2024(H5N1)	627	A	G	2547	1018	36	413	211	35	0.13948	2961	1.68934e-128	TRUE	PA-X:cds-XAJ25423.1	GAA	E	GGA	G	19
PA|PP755594.1|A/cattle/Texas/24-008749-003/2024(H5N1)	870	G	A	3081	1369	36	39	16	34	0.0125	3120	1.8066e-09	TRUE	PA:cds-XAJ25422.1	TTG	L	TTA	L	290
PA|PP755594.1|A/cattle/Texas/24-008749-003/2024(H5N1)	1009	G	A	2698	848	36	301	86	36	0.100367	2999	3.64653e-91	TRUE	PA:cds-XAJ25422.1	GCT	A	ACT	T	337
PA|PP755594.1|A/cattle/Texas/24-008749-003/2024(H5N1)	1176	G	A	2787	1426	36	340	170	35	0.108696	3128	2.99581e-102	TRUE	PA:cds-XAJ25422.1	CAG	Q	CAA	Q	392
PA|PP755594.1|A/cattle/Texas/24-008749-003/2024(H5N1)	1831	T	C	2844	1643	35	37	20	36	0.0128428	2881	2.87448e-09	TRUE	PA:cds-XAJ25422.1	TTC	F	CTC	L	611
PA|PP755594.1|A/cattle/Texas/24-008749-003/2024(H5N1)	1914	A	G	2570	1682	36	89	69	36	0.0334712	2659	1.53222e-25	TRUE	PA:cds-XAJ25422.1	AGA	R	AGG	R	638
