REGION	POS	REF	ALT	REF_DP	REF_RV	REF_QUAL	ALT_DP	ALT_RV	ALT_QUAL	ALT_FREQ	TOTAL_DP	PVAL	PASS	GFF_FEATURE	REF_CODON	REF_AA	ALT_CODON	ALT_AA	POS_AA
NP|PP755592.1|A/cattle/Texas/24-008749-003/2024(H5N1)	99	T	G	5950	2517	33	2812	1207	33	0.320785	8766	0	TRUE	NP:cds-XAJ25419.1	GTT	V	GTG	V	33
NP|PP755592.1|A/cattle/Texas/24-008749-003/2024(H5N1)	355	A	G	1	1	34	15806	8263	33	0.999431	15815	0	TRUE	NP:cds-XAJ25419.1	ATT	I	GTT	V	119
NP|PP755592.1|A/cattle/Texas/24-008749-003/2024(H5N1)	362	G	A	14212	7664	33	2491	1337	33	0.149135	16703	0	TRUE	NP:cds-XAJ25419.1	CGT	R	CAT	H	121
NP|PP755592.1|A/cattle/Texas/24-008749-003/2024(H5N1)	396	T	C	16273	8437	32	188	117	33	0.0114202	16462	3.05656e-41	TRUE	NP:cds-XAJ25419.1	GGT	G	GGC	G	132
NP|PP755592.1|A/cattle/Texas/24-008749-003/2024(H5N1)	474	A	G	1	0	34	14696	8104	33	0.999864	14698	0	TRUE	NP:cds-XAJ25419.1	GGA	G	GGG	G	158
NP|PP755592.1|A/cattle/Texas/24-008749-003/2024(H5N1)	498	G	A	1	0	34	14579	6516	33	0.999794	14582	0	TRUE	NP:cds-XAJ25419.1	CTG	L	CTA	L	166
NP|PP755592.1|A/cattle/Texas/24-008749-003/2024(H5N1)	744	T	C	15345	8449	33	157	68	33	0.0101251	15506	7.96686e-32	TRUE	NP:cds-XAJ25419.1	CCT	P	CCC	P	248
NP|PP755592.1|A/cattle/Texas/24-008749-003/2024(H5N1)	801	G	A	15676	8077	33	416	220	32	0.0258514	16092	6.67848e-105	TRUE	NP:cds-XAJ25419.1	AGG	R	AGA	R	267
NP|PP755592.1|A/cattle/Texas/24-008749-003/2024(H5N1)	870	C	T	0	0	0	14772	6806	33	0.999797	14775	0	TRUE	NP:cds-XAJ25419.1	GAC	D	GAT	D	290
NP|PP755592.1|A/cattle/Texas/24-008749-003/2024(H5N1)	1014	T	C	4	1	32	16394	8627	33	0.999756	16398	0	TRUE	NP:cds-XAJ25419.1	TTT	F	TTC	F	338
NP|PP755592.1|A/cattle/Texas/24-008749-003/2024(H5N1)	1092	G	A	4	2	32	17418	8271	33	0.999713	17423	0	TRUE	NP:cds-XAJ25419.1	CAG	Q	CAA	Q	364
NP|PP755592.1|A/cattle/Texas/24-008749-003/2024(H5N1)	1217	T	C	17297	8937	33	627	304	33	0.0349791	17925	8.28814e-165	TRUE	NP:cds-XAJ25419.1	ATC	I	ACC	T	406
