REGION	POS	REF	ALT	REF_DP	REF_RV	REF_QUAL	ALT_DP	ALT_RV	ALT_QUAL	ALT_FREQ	TOTAL_DP	PVAL	PASS	GFF_FEATURE	REF_CODON	REF_AA	ALT_CODON	ALT_AA	POS_AA
HA|PP755589.1|A/cattle/Texas/24-008749-003/2024(H5N1)	59	G	A	148	18	33	2	1	34	0.0133333	150	0.118386	FALSE	HA:cds-XAJ25415.1	TGC	C	TAC	Y	20
HA|PP755589.1|A/cattle/Texas/24-008749-003/2024(H5N1)	311	A	G	0	0	0	520	204	33	1	520	0	TRUE	HA:cds-XAJ25415.1	GAC	D	GGC	G	104
HA|PP755589.1|A/cattle/Texas/24-008749-003/2024(H5N1)	439	G	A	0	0	0	643	356	33	1	643	0	TRUE	HA:cds-XAJ25415.1	GTG	V	ATG	M	147
HA|PP755589.1|A/cattle/Texas/24-008749-003/2024(H5N1)	651	G	A	0	0	0	651	273	33	1	651	0	TRUE	HA:cds-XAJ25415.1	GGG	G	GGA	G	217
HA|PP755589.1|A/cattle/Texas/24-008749-003/2024(H5N1)	675	G	A	0	0	0	606	268	32	0.998353	607	0	TRUE	HA:cds-XAJ25415.1	TTG	L	TTA	L	225
HA|PP755589.1|A/cattle/Texas/24-008749-003/2024(H5N1)	786	T	C	0	0	0	675	365	33	1	675	0	TRUE	HA:cds-XAJ25415.1	AAT	N	AAC	N	262
HA|PP755589.1|A/cattle/Texas/24-008749-003/2024(H5N1)	1007	G	A	0	0	0	692	409	33	1	692	0	TRUE	HA:cds-XAJ25415.1	AGT	S	AAT	N	336
HA|PP755589.1|A/cattle/Texas/24-008749-003/2024(H5N1)	1259	G	A	1821	498	33	367	60	32	0.16758	2190	2.71587e-118	TRUE	HA:cds-XAJ25415.1	AGG	R	AAG	K	420
HA|PP755589.1|A/cattle/Texas/24-008749-003/2024(H5N1)	1540	A	G	1949	1218	33	80	57	31	0.0394089	2030	2.14897e-23	TRUE	HA:cds-XAJ25415.1	AAA	K	GAA	E	514
