REGION	POS	REF	ALT	REF_DP	REF_RV	REF_QUAL	ALT_DP	ALT_RV	ALT_QUAL	ALT_FREQ	TOTAL_DP	PVAL	PASS	GFF_FEATURE	REF_CODON	REF_AA	ALT_CODON	ALT_AA	POS_AA
NA|PP755591.1|A/cattle/Texas/24-008749-003/2024(H5N1)	164	C	T	2772	1079	43	83	45	44	0.0290718	2855	9.72279e-32	TRUE	NA:cds-XAJ25418.1	ACC	T	ATC	I	55
NA|PP755591.1|A/cattle/Texas/24-008749-003/2024(H5N1)	293	C	T	2745	1393	37	52	30	36	0.0185913	2797	1.3345e-14	TRUE	NA:cds-XAJ25418.1	GCA	A	GTA	V	98
NA|PP755591.1|A/cattle/Texas/24-008749-003/2024(H5N1)	425	A	G	2846	1426	40	58	35	39	0.0199725	2904	7.16821e-18	TRUE	NA:cds-XAJ25418.1	GAC	D	GGC	G	142
NA|PP755591.1|A/cattle/Texas/24-008749-003/2024(H5N1)	487	G	C	2842	1510	39	30	13	37	0.010442	2873	5.58644e-08	TRUE	NA:cds-XAJ25418.1	GTG	V	CTG	L	163
NA|PP755591.1|A/cattle/Texas/24-008749-003/2024(H5N1)	571	T	C	2	0	34	2624	1251	38	0.999238	2626	0	TRUE	NA:cds-XAJ25418.1	TTG	L	CTG	L	191
NA|PP755591.1|A/cattle/Texas/24-008749-003/2024(H5N1)	855	G	A	2559	1290	38	45	24	39	0.0172811	2604	1.40391e-12	TRUE	NA:cds-XAJ25418.1	GCG	A	GCA	A	285
NA|PP755591.1|A/cattle/Texas/24-008749-003/2024(H5N1)	903	G	A	99	37	38	3222	1290	39	0.97019	3321	0	TRUE	NA:cds-XAJ25418.1	CGG	R	CGA	R	301
NA|PP755591.1|A/cattle/Texas/24-008749-003/2024(H5N1)	1031	A	T	4061	1475	38	240	92	36	0.055788	4302	4.65181e-79	TRUE	NA:cds-XAJ25418.1	TAT	Y	TTT	F	344
NA|PP755591.1|A/cattle/Texas/24-008749-003/2024(H5N1)	1185	A	G	0	0	0	4534	2542	38	1	4534	0	TRUE	NA:cds-XAJ25418.1	GAA	E	GAG	E	395
NA|PP755591.1|A/cattle/Texas/24-008749-003/2024(H5N1)	1289	G	C	2899	1606	42	34	34	27	0.0115883	2934	0.273966	FALSE	NA:cds-XAJ25418.1	AGG	R	ACG	T	430
