REGION	POS	REF	ALT	REF_DP	REF_RV	REF_QUAL	ALT_DP	ALT_RV	ALT_QUAL	ALT_FREQ	TOTAL_DP	PVAL	PASS	GFF_FEATURE	REF_CODON	REF_AA	ALT_CODON	ALT_AA	POS_AA
MP|PP755590.1|A/cattle/Texas/24-008749-003/2024(H5N1)	285	A	G	6	0	30	20313	9473	39	0.999705	20319	0	TRUE	M1:cds-XAJ25416.1	AGA	R	AGG	R	95
MP|PP755590.1|A/cattle/Texas/24-008749-003/2024(H5N1)	456	A	G	8	3	35	20882	9438	39	0.999474	20893	0	TRUE	M1:cds-XAJ25416.1	GAA	E	GAG	E	152
MP|PP755590.1|A/cattle/Texas/24-008749-003/2024(H5N1)	979	G	C	2	2	35	1	1	22	0.1	10	0.0334235	FALSE	M2:cds-XAJ25417.1	GAG	E	GAC	D	89
MP|PP755590.1|A/cattle/Texas/24-008749-003/2024(H5N1)	979	G	A	2	2	35	7	3	32	0.7	10	2.36113e-13	TRUE	M2:cds-XAJ25417.1	GAG	E	GAA	E	89
