REGION	POS	REF	ALT	REF_DP	REF_RV	REF_QUAL	ALT_DP	ALT_RV	ALT_QUAL	ALT_FREQ	TOTAL_DP	PVAL	PASS	GFF_FEATURE	REF_CODON	REF_AA	ALT_CODON	ALT_AA	POS_AA
NP|PP755592.1|A/cattle/Texas/24-008749-003/2024(H5N1)	355	A	G	1	0	34	6299	3439	37	0.999683	6301	0	TRUE	NP:cds-XAJ25419.1	ATT	I	GTT	V	119
NP|PP755592.1|A/cattle/Texas/24-008749-003/2024(H5N1)	498	G	A	0	0	0	6452	2967	35	1	6452	0	TRUE	NP:cds-XAJ25419.1	CTG	L	CTA	L	166
NP|PP755592.1|A/cattle/Texas/24-008749-003/2024(H5N1)	778	G	T	6636	4132	37	69	41	37	0.0102878	6707	4.28642e-16	TRUE	NP:cds-XAJ25419.1	GCA	A	TCA	S	260
NP|PP755592.1|A/cattle/Texas/24-008749-003/2024(H5N1)	870	C	T	0	0	0	6242	3063	36	1	6242	0	TRUE	NP:cds-XAJ25419.1	GAC	D	GAT	D	290
NP|PP755592.1|A/cattle/Texas/24-008749-003/2024(H5N1)	975	A	G	0	0	0	5966	2953	37	1	5966	0	TRUE	NP:cds-XAJ25419.1	AAA	K	AAG	K	325
NP|PP755592.1|A/cattle/Texas/24-008749-003/2024(H5N1)	1014	T	C	38	22	35	6173	3112	37	0.993882	6211	0	TRUE	NP:cds-XAJ25419.1	TTT	F	TTC	F	338
NP|PP755592.1|A/cattle/Texas/24-008749-003/2024(H5N1)	1092	G	A	0	0	0	6961	3186	38	1	6961	0	TRUE	NP:cds-XAJ25419.1	CAG	Q	CAA	Q	364
NP|PP755592.1|A/cattle/Texas/24-008749-003/2024(H5N1)	1143	G	A	2	2	34	6667	3452	37	0.99955	6670	0	TRUE	NP:cds-XAJ25419.1	CTG	L	CTA	L	381
