REGION	POS	REF	ALT	REF_DP	REF_RV	REF_QUAL	ALT_DP	ALT_RV	ALT_QUAL	ALT_FREQ	TOTAL_DP	PVAL	PASS	GFF_FEATURE	REF_CODON	REF_AA	ALT_CODON	ALT_AA	POS_AA
MP|PP755590.1|A/cattle/Texas/24-008749-003/2024(H5N1)	245	G	A	0	0	0	5814	2657	53	1	5814	0	TRUE	M1:cds-XAJ25416.1	AGT	S	AAT	N	82
MP|PP755590.1|A/cattle/Texas/24-008749-003/2024(H5N1)	582	A	G	6204	2962	55	128	69	51	0.0202148	6332	1.64856e-52	TRUE	M1:cds-XAJ25416.1	GGA	G	GGG	G	194
MP|PP755590.1|A/cattle/Texas/24-008749-003/2024(H5N1)	690	A	T	5596	2152	52	100	48	53	0.0175469	5699	4.53172e-40	TRUE	M1:cds-XAJ25416.1	AGA	R	AGT	S	230
MP|PP755590.1|A/cattle/Texas/24-008749-003/2024(H5N1)	768	T	C	5570	2644	53	117	53	47	0.0205732	5687	5.44051e-48	TRUE	M2:cds-XAJ25417.1	GTT	V	GCT	A	18
MP|PP755590.1|A/cattle/Texas/24-008749-003/2024(H5N1)	790	G	A	119	72	53	5620	3026	54	0.979265	5739	0	TRUE	M2:cds-XAJ25417.1	GGG	G	GGA	G	26
MP|PP755590.1|A/cattle/Texas/24-008749-003/2024(H5N1)	849	G	A	5719	3786	54	181	127	51	0.030678	5900	2.70464e-74	TRUE	M2:cds-XAJ25417.1	CGC	R	CAC	H	45
MP|PP755590.1|A/cattle/Texas/24-008749-003/2024(H5N1)	933	G	A	89	61	56	4290	3003	56	0.979676	4379	0	TRUE	M2:cds-XAJ25417.1	AGT	S	AAT	N	73
