REGION	POS	REF	ALT	REF_DP	REF_RV	REF_QUAL	ALT_DP	ALT_RV	ALT_QUAL	ALT_FREQ	TOTAL_DP	PVAL	PASS	GFF_FEATURE	REF_CODON	REF_AA	ALT_CODON	ALT_AA	POS_AA
MP|PP755590.1|A/cattle/Texas/24-008749-003/2024(H5N1)	378	T	C	51	24	33	106424	59879	33	0.999483	106479	0	TRUE	M1:cds-XAJ25416.1	AGT	S	AGC	S	126
MP|PP755590.1|A/cattle/Texas/24-008749-003/2024(H5N1)	488	G	A	111751	54300	33	1684	629	33	0.0148446	113442	0	TRUE	M1:cds-XAJ25416.1	AGA	R	AAA	K	163
MP|PP755590.1|A/cattle/Texas/24-008749-003/2024(H5N1)	613	G	A	22	8	33	101451	52408	33	0.999655	101486	0	TRUE	M1:cds-XAJ25416.1	GTT	V	ATT	I	205
MP|PP755590.1|A/cattle/Texas/24-008749-003/2024(H5N1)	961	T	C	25	21	34	38360	33323	33	0.999245	38389	0	TRUE	M2:cds-XAJ25417.1	TTT	F	TTC	F	83
