REGION	POS	REF	ALT	REF_DP	REF_RV	REF_QUAL	ALT_DP	ALT_RV	ALT_QUAL	ALT_FREQ	TOTAL_DP	PVAL	PASS	GFF_FEATURE	REF_CODON	REF_AA	ALT_CODON	ALT_AA	POS_AA
NS|PP755593.1|A/cattle/Texas/24-008749-003/2024(H5N1)	20	T	C	1	0	38	4773	744	43	0.999791	4774	0	TRUE	NEP:cds-XAJ25421.1	TTA	L	TCA	S	7
NS|PP755593.1|A/cattle/Texas/24-008749-003/2024(H5N1)	20	T	C	1	0	38	4773	744	43	0.999791	4774	0	TRUE	NS1:cds-XAJ25420.1	TTA	L	TCA	S	7
NS|PP755593.1|A/cattle/Texas/24-008749-003/2024(H5N1)	183	G	A	14	7	41	15245	4755	53	0.998952	15261	0	TRUE	NS1:cds-XAJ25420.1	GGG	G	GGA	G	61
NS|PP755593.1|A/cattle/Texas/24-008749-003/2024(H5N1)	222	T	C	9	3	45	17587	6437	54	0.998637	17611	0	TRUE	NS1:cds-XAJ25420.1	GAT	D	GAC	D	74
NS|PP755593.1|A/cattle/Texas/24-008749-003/2024(H5N1)	236	T	C	514	218	56	17450	7615	55	0.971279	17966	0	TRUE	NS1:cds-XAJ25420.1	ATG	M	ACG	T	79
NS|PP755593.1|A/cattle/Texas/24-008749-003/2024(H5N1)	333	G	T	6	1	33	19599	9733	52	0.999286	19613	0	TRUE	NS1:cds-XAJ25420.1	GTG	V	GTT	V	111
NS|PP755593.1|A/cattle/Texas/24-008749-003/2024(H5N1)	373	G	A	19	8	43	20182	9414	51	0.998862	20205	0	TRUE	NS1:cds-XAJ25420.1	GAT	D	AAT	N	125
NS|PP755593.1|A/cattle/Texas/24-008749-003/2024(H5N1)	381	C	T	11	3	43	20087	9578	51	0.999254	20102	0	TRUE	NS1:cds-XAJ25420.1	AAC	N	AAT	N	127
NS|PP755593.1|A/cattle/Texas/24-008749-003/2024(H5N1)	778	C	A	2	2	73	11277	8727	54	0.999557	11282	0	TRUE	NEP:cds-XAJ25421.1	GCC	A	GCA	A	92
