REGION	POS	REF	ALT	REF_DP	REF_RV	REF_QUAL	ALT_DP	ALT_RV	ALT_QUAL	ALT_FREQ	TOTAL_DP	PVAL	PASS	GFF_FEATURE	REF_CODON	REF_AA	ALT_CODON	ALT_AA	POS_AA
PB1|PP755595.1|A/cattle/Texas/24-008749-003/2024(H5N1)	29	T	-GAAAGTTCCAGCGC	253	26	32	67	0	20	0.0683673	980	1.04527e-33	TRUE	NA	NA	NA	NA	NA	NA
PB1|PP755595.1|A/cattle/Texas/24-008749-003/2024(H5N1)	29	T	-GAAA	253	26	32	21	0	20	0.0214286	980	1.47688e-08	TRUE	NA	NA	NA	NA	NA	NA
PB1|PP755595.1|A/cattle/Texas/24-008749-003/2024(H5N1)	30	G	-A	255	25	32	12	0	20	0.0122574	979	0.000341491	TRUE	NA	NA	NA	NA	NA	NA
PB1|PP755595.1|A/cattle/Texas/24-008749-003/2024(H5N1)	229	A	-ATGAGCCAAGTGG	1200	360	32	14	0	20	0.0105026	1333	0.403441	FALSE	NA	NA	NA	NA	NA	NA
PB1|PP755595.1|A/cattle/Texas/24-008749-003/2024(H5N1)	401	A	G	1055	748	31	12	10	34	0.011236	1068	0.00126485	TRUE	PB1:cds-XAJ25424.1	AAC	N	AGC	S	134
PB1|PP755595.1|A/cattle/Texas/24-008749-003/2024(H5N1)	849	A	G	788	428	32	8	2	33	0.0100503	796	0.00281161	TRUE	PB1:cds-XAJ25424.1	GCA	A	GCG	A	283
PB1|PP755595.1|A/cattle/Texas/24-008749-003/2024(H5N1)	945	T	C	0	0	0	884	531	32	1	884	0	TRUE	PB1:cds-XAJ25424.1	CCT	P	CCC	P	315
PB1|PP755595.1|A/cattle/Texas/24-008749-003/2024(H5N1)	1350	C	T	1027	368	32	14	9	30	0.0134357	1042	0.000287466	TRUE	PB1:cds-XAJ25424.1	ATC	I	ATT	I	450
PB1|PP755595.1|A/cattle/Texas/24-008749-003/2024(H5N1)	2055	C	-GAACAGATGTATCAAAAGTGCTGCAATCTATTT	3026	1313	33	41	0	20	0.0118806	3451	0.11306	FALSE	NA	NA	NA	NA	NA	NA
PB1|PP755595.1|A/cattle/Texas/24-008749-003/2024(H5N1)	2174	A	-TGCACGAATTGACTTCGAATC	3009	2726	34	100	0	20	0.0276702	3614	6.34501e-11	TRUE	NA	NA	NA	NA	NA	NA
PB1|PP755595.1|A/cattle/Texas/24-008749-003/2024(H5N1)	2231	T	-G	2458	2317	33	32	0	20	0.0117045	2734	0.188285	FALSE	NA	NA	NA	NA	NA	NA
