REGION	POS	REF	ALT	REF_DP	REF_RV	REF_QUAL	ALT_DP	ALT_RV	ALT_QUAL	ALT_FREQ	TOTAL_DP	PVAL	PASS	GFF_FEATURE	REF_CODON	REF_AA	ALT_CODON	ALT_AA	POS_AA
PB1|PP755595.1|A/cattle/Texas/24-008749-003/2024(H5N1)	535	A	G	3259	1269	36	38	18	37	0.0115256	3297	5.47302e-10	TRUE	PB1:cds-XAJ25424.1	ATA	I	GTA	V	179
PB1|PP755595.1|A/cattle/Texas/24-008749-003/2024(H5N1)	945	T	C	1	0	34	3314	2044	35	0.999698	3315	0	TRUE	PB1:cds-XAJ25424.1	CCT	P	CCC	P	315
PB1|PP755595.1|A/cattle/Texas/24-008749-003/2024(H5N1)	1614	T	C	0	0	0	3993	2053	34	1	3993	0	TRUE	PB1:cds-XAJ25424.1	GAT	D	GAC	D	538
PB1|PP755595.1|A/cattle/Texas/24-008749-003/2024(H5N1)	1773	C	A	4249	2130	36	170	90	35	0.0384702	4419	6.02204e-50	TRUE	PB1:cds-XAJ25424.1	GTC	V	GTA	V	591
PB1|PP755595.1|A/cattle/Texas/24-008749-003/2024(H5N1)	1926	T	C	1	1	34	4697	2873	36	0.999787	4698	0	TRUE	PB1:cds-XAJ25424.1	AAT	N	AAC	N	642
