REGION	POS	REF	ALT	REF_DP	REF_RV	REF_QUAL	ALT_DP	ALT_RV	ALT_QUAL	ALT_FREQ	TOTAL_DP	PVAL	PASS	GFF_FEATURE	REF_CODON	REF_AA	ALT_CODON	ALT_AA	POS_AA
NA|PP755591.1|A/cattle/Texas/24-008749-003/2024(H5N1)	55	A	G	2988	1425	33	115	56	30	0.037049	3104	1.27355e-42	TRUE	NA:cds-XAJ25418.1	ATA	I	GTA	V	19
NA|PP755591.1|A/cattle/Texas/24-008749-003/2024(H5N1)	215	C	T	8287	4052	32	219	105	32	0.0257405	8508	9.13741e-61	TRUE	NA:cds-XAJ25418.1	ACC	T	ATC	I	72
NA|PP755591.1|A/cattle/Texas/24-008749-003/2024(H5N1)	399	C	T	8929	4420	32	105	49	32	0.0116215	9035	7.49757e-23	TRUE	NA:cds-XAJ25418.1	TTC	F	TTT	F	133
NA|PP755591.1|A/cattle/Texas/24-008749-003/2024(H5N1)	571	T	C	0	0	0	8293	4073	32	0.999157	8300	0	TRUE	NA:cds-XAJ25418.1	TTG	L	CTG	L	191
NA|PP755591.1|A/cattle/Texas/24-008749-003/2024(H5N1)	1185	A	G	1	1	34	9234	4964	32	0.999243	9241	0	TRUE	NA:cds-XAJ25418.1	GAA	E	GAG	E	395
