REGION	POS	REF	ALT	REF_DP	REF_RV	REF_QUAL	ALT_DP	ALT_RV	ALT_QUAL	ALT_FREQ	TOTAL_DP	PVAL	PASS	GFF_FEATURE	REF_CODON	REF_AA	ALT_CODON	ALT_AA	POS_AA
PB2|PP755596.1|A/cattle/Texas/24-008749-003/2024(H5N1)	240	G	A	0	0	0	622	304	36	1	622	0	TRUE	PB2:cds-XAJ25426.1	AAG	K	AAA	K	80
PB2|PP755596.1|A/cattle/Texas/24-008749-003/2024(H5N1)	439	A	G	782	328	36	138	81	36	0.15	920	6.87893e-46	TRUE	PB2:cds-XAJ25426.1	ATA	I	GTA	V	147
PB2|PP755596.1|A/cattle/Texas/24-008749-003/2024(H5N1)	630	G	A	1	1	37	675	428	35	0.998521	676	0	TRUE	PB2:cds-XAJ25426.1	GAG	E	GAA	E	210
PB2|PP755596.1|A/cattle/Texas/24-008749-003/2024(H5N1)	764	C	T	0	0	0	811	393	36	1	811	0	TRUE	PB2:cds-XAJ25426.1	GCA	A	GTA	V	255
PB2|PP755596.1|A/cattle/Texas/24-008749-003/2024(H5N1)	912	G	A	2	0	37	893	350	36	0.997765	895	0	TRUE	PB2:cds-XAJ25426.1	GAG	E	GAA	E	304
PB2|PP755596.1|A/cattle/Texas/24-008749-003/2024(H5N1)	930	A	G	918	379	36	10	6	37	0.0107759	928	0.000824596	TRUE	PB2:cds-XAJ25426.1	ATA	I	ATG	M	310
PB2|PP755596.1|A/cattle/Texas/24-008749-003/2024(H5N1)	1381	A	G	846	499	36	10	7	37	0.0116822	856	0.000851456	TRUE	PB2:cds-XAJ25426.1	ATC	I	GTC	V	461
PB2|PP755596.1|A/cattle/Texas/24-008749-003/2024(H5N1)	1392	G	A	0	0	0	880	541	36	1	880	0	TRUE	PB2:cds-XAJ25426.1	TTG	L	TTA	L	464
PB2|PP755596.1|A/cattle/Texas/24-008749-003/2024(H5N1)	1684	A	G	83	51	36	798	492	36	0.905789	881	0	TRUE	PB2:cds-XAJ25426.1	ATT	I	GTT	V	562
PB2|PP755596.1|A/cattle/Texas/24-008749-003/2024(H5N1)	2009	A	G	1	0	37	912	515	36	0.998905	913	0	TRUE	PB2:cds-XAJ25426.1	AAA	K	AGA	R	670
PB2|PP755596.1|A/cattle/Texas/24-008749-003/2024(H5N1)	2076	A	G	815	497	36	14	7	37	0.0168878	829	4.92036e-05	TRUE	PB2:cds-XAJ25426.1	AGA	R	AGG	R	692
