REGION	POS	REF	ALT	REF_DP	REF_RV	REF_QUAL	ALT_DP	ALT_RV	ALT_QUAL	ALT_FREQ	TOTAL_DP	PVAL	PASS	GFF_FEATURE	REF_CODON	REF_AA	ALT_CODON	ALT_AA	POS_AA
NA|PP755591.1|A/cattle/Texas/24-008749-003/2024(H5N1)	132	C	T	1	1	34	4743	994	33	0.999789	4744	0	TRUE	NA:cds-XAJ25418.1	TAC	Y	TAT	Y	44
NA|PP755591.1|A/cattle/Texas/24-008749-003/2024(H5N1)	182	G	T	6224	2247	33	222	75	33	0.0344293	6448	6.50376e-61	TRUE	NA:cds-XAJ25418.1	TGG	W	TTG	L	61
NA|PP755591.1|A/cattle/Texas/24-008749-003/2024(H5N1)	218	A	T	5739	2588	33	774	286	33	0.118839	6513	1.16476e-239	TRUE	NA:cds-XAJ25418.1	AAT	N	ATT	I	73
NA|PP755591.1|A/cattle/Texas/24-008749-003/2024(H5N1)	873	G	A	6214	3049	33	878	460	33	0.123784	7093	1.05048e-278	TRUE	NA:cds-XAJ25418.1	GTG	V	GTA	V	291
NA|PP755591.1|A/cattle/Texas/24-008749-003/2024(H5N1)	1289	G	C	3968	2733	32	65	65	27	0.016117	4033	0.00353619	TRUE	NA:cds-XAJ25418.1	AGG	R	ACG	T	430
NA|PP755591.1|A/cattle/Texas/24-008749-003/2024(H5N1)	1290	G	C	4634	3461	32	50	49	28	0.010661	4690	0.386273	FALSE	NA:cds-XAJ25418.1	AGG	R	AGC	S	430
