REGION	POS	REF	ALT	REF_DP	REF_RV	REF_QUAL	ALT_DP	ALT_RV	ALT_QUAL	ALT_FREQ	TOTAL_DP	PVAL	PASS	GFF_FEATURE	REF_CODON	REF_AA	ALT_CODON	ALT_AA	POS_AA
MP|PP755590.1|A/cattle/Texas/24-008749-003/2024(H5N1)	48	G	A	32	5	36	1961	641	48	0.983944	1993	0	TRUE	M1:cds-XAJ25416.1	CCG	P	CCA	P	16
MP|PP755590.1|A/cattle/Texas/24-008749-003/2024(H5N1)	51	G	A	2042	679	48	32	5	36	0.0154291	2074	4.31524e-14	TRUE	M1:cds-XAJ25416.1	TCG	S	TCA	S	17
MP|PP755590.1|A/cattle/Texas/24-008749-003/2024(H5N1)	285	A	G	45	20	60	6763	3434	57	0.99339	6808	0	TRUE	M1:cds-XAJ25416.1	AGA	R	AGG	R	95
MP|PP755590.1|A/cattle/Texas/24-008749-003/2024(H5N1)	456	A	G	2	2	32	6208	3008	60	0.999678	6210	0	TRUE	M1:cds-XAJ25416.1	GAA	E	GAG	E	152
