REGION	POS	REF	ALT	REF_DP	REF_RV	REF_QUAL	ALT_DP	ALT_RV	ALT_QUAL	ALT_FREQ	TOTAL_DP	PVAL	PASS	GFF_FEATURE	REF_CODON	REF_AA	ALT_CODON	ALT_AA	POS_AA
MP|PP755590.1|A/cattle/Texas/24-008749-003/2024(H5N1)	105	G	A	8131	1142	33	346	21	30	0.0407923	8482	8.26975e-139	TRUE	M1:cds-XAJ25416.1	AAG	K	AAA	K	35
MP|PP755590.1|A/cattle/Texas/24-008749-003/2024(H5N1)	245	G	A	75	36	29	15471	6474	33	0.993642	15570	0	TRUE	M1:cds-XAJ25416.1	AGT	S	AAT	N	82
MP|PP755590.1|A/cattle/Texas/24-008749-003/2024(H5N1)	564	T	C	17289	8190	33	1067	449	32	0.0577631	18472	0	TRUE	M1:cds-XAJ25416.1	GCT	A	GCC	A	188
MP|PP755590.1|A/cattle/Texas/24-008749-003/2024(H5N1)	598	G	A	1485	764	31	15810	7529	32	0.913873	17300	0	TRUE	M1:cds-XAJ25416.1	GTG	V	ATG	M	200
MP|PP755590.1|A/cattle/Texas/24-008749-003/2024(H5N1)	806	T	C	14977	11311	35	153	146	29	0.0101023	15145	0.477432	FALSE	M2:cds-XAJ25417.1	TTG	L	CTG	L	31
