REGION	POS	REF	ALT	REF_DP	REF_RV	REF_QUAL	ALT_DP	ALT_RV	ALT_QUAL	ALT_FREQ	TOTAL_DP	PVAL	PASS	GFF_FEATURE	REF_CODON	REF_AA	ALT_CODON	ALT_AA	POS_AA
MP|PP755590.1|A/cattle/Texas/24-008749-003/2024(H5N1)	37	T	C	54	7	36	1	1	37	0.0181818	55	0.19573	FALSE	M1:cds-XAJ25416.1	TCT	S	CCT	P	13
MP|PP755590.1|A/cattle/Texas/24-008749-003/2024(H5N1)	39	T	G	68	9	36	1	0	23	0.0144928	69	0.531451	FALSE	M1:cds-XAJ25416.1	TCT	S	TCG	S	13
MP|PP755590.1|A/cattle/Texas/24-008749-003/2024(H5N1)	104	A	G	191	41	36	5	1	32	0.0255102	196	0.0054594	TRUE	M1:cds-XAJ25416.1	AAG	K	AGG	R	35
MP|PP755590.1|A/cattle/Texas/24-008749-003/2024(H5N1)	245	G	A	0	0	0	391	169	36	1	391	3.39856e-246	TRUE	M1:cds-XAJ25416.1	AGT	S	AAT	N	82
MP|PP755590.1|A/cattle/Texas/24-008749-003/2024(H5N1)	446	C	A	439	208	36	12	8	35	0.0266075	451	0.000212063	TRUE	M1:cds-XAJ25416.1	GCC	A	GAC	D	149
MP|PP755590.1|A/cattle/Texas/24-008749-003/2024(H5N1)	574	A	G	452	198	36	7	4	37	0.0152505	459	0.0068647	TRUE	M1:cds-XAJ25416.1	ATG	M	GTG	V	192
MP|PP755590.1|A/cattle/Texas/24-008749-003/2024(H5N1)	746	A	G	345	165	36	4	2	37	0.0114613	349	0.0612557	FALSE	M2:cds-XAJ25417.1	AGC	S	GGC	G	11
MP|PP755590.1|A/cattle/Texas/24-008749-003/2024(H5N1)	746	A	G	345	165	36	4	2	37	0.0114613	349	0.0612557	FALSE	M1:cds-XAJ25416.1	CAG	Q	CGG	R	249
MP|PP755590.1|A/cattle/Texas/24-008749-003/2024(H5N1)	842	T	C	372	314	36	19	17	36	0.0485934	391	1.08402e-06	TRUE	M2:cds-XAJ25417.1	TAT	Y	CAT	H	43
MP|PP755590.1|A/cattle/Texas/24-008749-003/2024(H5N1)	901	C	A	371	327	36	9	7	37	0.0236842	380	0.00169348	TRUE	M2:cds-XAJ25417.1	TCC	S	TCA	S	63
