REGION	POS	REF	ALT	REF_DP	REF_RV	REF_QUAL	ALT_DP	ALT_RV	ALT_QUAL	ALT_FREQ	TOTAL_DP	PVAL	PASS	GFF_FEATURE	REF_CODON	REF_AA	ALT_CODON	ALT_AA	POS_AA
NS|PP755593.1|A/cattle/Texas/24-008749-003/2024(H5N1)	71	A	G	9467	2638	33	228	70	33	0.0235124	9697	1.16984e-74	TRUE	NS1:cds-XAJ25420.1	GAC	D	GGC	G	24
NS|PP755593.1|A/cattle/Texas/24-008749-003/2024(H5N1)	143	G	A	15503	5613	33	2982	1169	32	0.161259	18492	0	TRUE	NS1:cds-XAJ25420.1	AGC	S	AAC	N	48
NS|PP755593.1|A/cattle/Texas/24-008749-003/2024(H5N1)	199	A	G	5	3	30	18604	8122	33	0.999678	18610	0	TRUE	NS1:cds-XAJ25420.1	AGG	R	GGG	G	67
NS|PP755593.1|A/cattle/Texas/24-008749-003/2024(H5N1)	222	T	C	4	2	34	20190	9900	33	0.999752	20195	0	TRUE	NS1:cds-XAJ25420.1	GAT	D	GAC	D	74
NS|PP755593.1|A/cattle/Texas/24-008749-003/2024(H5N1)	499	C	T	17529	9302	33	3582	2319	33	0.169667	21112	0	TRUE	NS1:cds-XAJ25420.1	CCA	P	TCA	S	167
NS|PP755593.1|A/cattle/Texas/24-008749-003/2024(H5N1)	725	C	T	18736	14029	33	425	321	33	0.0221805	19161	2.57342e-104	TRUE	NEP:cds-XAJ25421.1	CAC	H	TAC	Y	75
