REGION	POS	REF	ALT	REF_DP	REF_RV	REF_QUAL	ALT_DP	ALT_RV	ALT_QUAL	ALT_FREQ	TOTAL_DP	PVAL	PASS	GFF_FEATURE	REF_CODON	REF_AA	ALT_CODON	ALT_AA	POS_AA
NA|PP755591.1|A/cattle/Texas/24-008749-003/2024(H5N1)	61	A	G	0	0	0	734	66	37	1	734	0	TRUE	NA:cds-XAJ25418.1	AGC	S	GGC	G	21
NA|PP755591.1|A/cattle/Texas/24-008749-003/2024(H5N1)	212	G	A	0	0	0	1747	753	38	1	1747	0	TRUE	NA:cds-XAJ25418.1	AGT	S	AAT	N	71
NA|PP755591.1|A/cattle/Texas/24-008749-003/2024(H5N1)	343	T	C	1557	447	35	28	7	37	0.0176656	1585	1.701e-09	TRUE	NA:cds-XAJ25418.1	TTT	F	CTT	L	115
NA|PP755591.1|A/cattle/Texas/24-008749-003/2024(H5N1)	356	A	G	1475	688	36	559	274	36	0.274828	2034	9.00898e-208	TRUE	NA:cds-XAJ25418.1	GAA	E	GGA	G	119
NA|PP755591.1|A/cattle/Texas/24-008749-003/2024(H5N1)	1098	T	C	1	0	34	2182	1154	36	0.999542	2183	0	TRUE	NA:cds-XAJ25418.1	AGT	S	AGC	S	366
NA|PP755591.1|A/cattle/Texas/24-008749-003/2024(H5N1)	1266	C	T	0	0	0	1876	1494	40	1	1876	0	TRUE	NA:cds-XAJ25418.1	TTC	F	TTT	F	422
NA|PP755591.1|A/cattle/Texas/24-008749-003/2024(H5N1)	1289	G	C	1045	704	37	29	29	27	0.0269767	1075	0.000194595	TRUE	NA:cds-XAJ25418.1	AGG	R	ACG	T	430
NA|PP755591.1|A/cattle/Texas/24-008749-003/2024(H5N1)	1290	G	C	1159	861	39	20	20	27	0.0169492	1180	0.0453108	FALSE	NA:cds-XAJ25418.1	AGG	R	AGC	S	430
NA|PP755591.1|A/cattle/Texas/24-008749-003/2024(H5N1)	1320	G	A	0	0	0	1708	1529	40	1	1708	0	TRUE	NA:cds-XAJ25418.1	GGG	G	GGA	G	440
NA|PP755591.1|A/cattle/Texas/24-008749-003/2024(H5N1)	1378	G	A	988	910	38	12	12	36	0.012	1000	0.000696198	TRUE	NA:cds-XAJ25418.1	GGT	G	AGT	S	460
