REGION	POS	REF	ALT	REF_DP	REF_RV	REF_QUAL	ALT_DP	ALT_RV	ALT_QUAL	ALT_FREQ	TOTAL_DP	PVAL	PASS	GFF_FEATURE	REF_CODON	REF_AA	ALT_CODON	ALT_AA	POS_AA
PB1|PP755595.1|A/cattle/Texas/24-008749-003/2024(H5N1)	50	C	T	67	12	37	1	0	59	0.0147059	68	0.262548	FALSE	PB1:cds-XAJ25424.1	GCC	A	GTC	V	17
PB1|PP755595.1|A/cattle/Texas/24-008749-003/2024(H5N1)	51	C	T	67	12	37	1	0	34	0.0147059	68	0.262548	FALSE	PB1:cds-XAJ25424.1	GCC	A	GCT	A	17
PB1|PP755595.1|A/cattle/Texas/24-008749-003/2024(H5N1)	61	A	G	87	12	37	1	0	34	0.0113636	88	0.295302	FALSE	PB1:cds-XAJ25424.1	ACA	T	GCA	A	21
PB1|PP755595.1|A/cattle/Texas/24-008749-003/2024(H5N1)	108	A	G	188	23	38	2	0	34	0.0105263	190	0.148048	FALSE	PB1:cds-XAJ25424.1	ACA	T	ACG	T	36
PB1|PP755595.1|A/cattle/Texas/24-008749-003/2024(H5N1)	108	A	G	188	23	38	2	0	34	0.0105263	190	0.148048	FALSE	PB1-F2:cds-XAJ25425.1	CAG	Q	CGG	R	5
PB1|PP755595.1|A/cattle/Texas/24-008749-003/2024(H5N1)	110	G	-AT	213	26	38	4	0	20	0.0117647	340	0.270103	FALSE	NA	NA	NA	NA	NA	NA
PB1|PP755595.1|A/cattle/Texas/24-008749-003/2024(H5N1)	243	A	G	295	110	38	3	0	49	0.0100671	298	0.0985445	FALSE	PB1:cds-XAJ25424.1	GGA	G	GGG	G	81
PB1|PP755595.1|A/cattle/Texas/24-008749-003/2024(H5N1)	243	A	G	295	110	38	3	0	49	0.0100671	298	0.0985445	FALSE	PB1-F2:cds-XAJ25425.1	GAT	D	GGT	G	50
PB1|PP755595.1|A/cattle/Texas/24-008749-003/2024(H5N1)	945	T	C	1	1	34	326	200	35	0.996942	327	3.7904e-201	TRUE	PB1:cds-XAJ25424.1	CCT	P	CCC	P	315
PB1|PP755595.1|A/cattle/Texas/24-008749-003/2024(H5N1)	964	A	G	322	198	35	5	3	34	0.0152905	327	0.024217	FALSE	PB1:cds-XAJ25424.1	ATA	I	GTA	V	322
PB1|PP755595.1|A/cattle/Texas/24-008749-003/2024(H5N1)	984	C	A	321	184	35	6	4	45	0.0183486	327	0.0118611	FALSE	PB1:cds-XAJ25424.1	AAC	N	AAA	K	328
PB1|PP755595.1|A/cattle/Texas/24-008749-003/2024(H5N1)	1186	C	T	349	190	36	4	3	40	0.0113314	353	0.0491559	FALSE	PB1:cds-XAJ25424.1	CTA	L	TTA	L	396
PB1|PP755595.1|A/cattle/Texas/24-008749-003/2024(H5N1)	1370	A	G	334	168	36	5	4	31	0.0147493	339	0.0239214	FALSE	PB1:cds-XAJ25424.1	GAG	E	GGG	G	457
PB1|PP755595.1|A/cattle/Texas/24-008749-003/2024(H5N1)	1856	A	G	823	531	36	68	37	36	0.0762332	892	1.08605e-22	TRUE	PB1:cds-XAJ25424.1	GAC	D	GGC	G	619
PB1|PP755595.1|A/cattle/Texas/24-008749-003/2024(H5N1)	2073	G	A	823	418	39	36	26	36	0.0418605	860	5.33084e-12	TRUE	PB1:cds-XAJ25424.1	AAG	K	AAA	K	691
