REGION	POS	REF	ALT	REF_DP	REF_RV	REF_QUAL	ALT_DP	ALT_RV	ALT_QUAL	ALT_FREQ	TOTAL_DP	PVAL	PASS	GFF_FEATURE	REF_CODON	REF_AA	ALT_CODON	ALT_AA	POS_AA
NP|PP755592.1|A/cattle/Texas/24-008749-003/2024(H5N1)	355	A	G	0	0	0	7988	4286	38	1	7988	0	TRUE	NP:cds-XAJ25419.1	ATT	I	GTT	V	119
NP|PP755592.1|A/cattle/Texas/24-008749-003/2024(H5N1)	498	G	A	3	1	34	8202	3805	36	0.999634	8205	0	TRUE	NP:cds-XAJ25419.1	CTG	L	CTA	L	166
NP|PP755592.1|A/cattle/Texas/24-008749-003/2024(H5N1)	540	A	G	7708	2709	37	518	230	37	0.0629711	8226	1.29869e-159	TRUE	NP:cds-XAJ25419.1	GGA	G	GGG	G	180
NP|PP755592.1|A/cattle/Texas/24-008749-003/2024(H5N1)	630	A	G	8051	3588	38	101	53	36	0.0123881	8153	1.04704e-24	TRUE	NP:cds-XAJ25419.1	GAA	E	GAG	E	210
NP|PP755592.1|A/cattle/Texas/24-008749-003/2024(H5N1)	642	A	G	157	70	36	7573	3580	38	0.97969	7730	0	TRUE	NP:cds-XAJ25419.1	AGA	R	AGG	R	214
NP|PP755592.1|A/cattle/Texas/24-008749-003/2024(H5N1)	870	C	T	10	2	44	8297	4022	37	0.998796	8307	0	TRUE	NP:cds-XAJ25419.1	GAC	D	GAT	D	290
NP|PP755592.1|A/cattle/Texas/24-008749-003/2024(H5N1)	1014	T	C	1	1	34	8302	4449	38	0.99988	8303	0	TRUE	NP:cds-XAJ25419.1	TTT	F	TTC	F	338
NP|PP755592.1|A/cattle/Texas/24-008749-003/2024(H5N1)	1092	G	A	1	0	34	8730	4217	38	0.999771	8732	0	TRUE	NP:cds-XAJ25419.1	CAG	Q	CAA	Q	364
