REGION	POS	REF	ALT	REF_DP	REF_RV	REF_QUAL	ALT_DP	ALT_RV	ALT_QUAL	ALT_FREQ	TOTAL_DP	PVAL	PASS	GFF_FEATURE	REF_CODON	REF_AA	ALT_CODON	ALT_AA	POS_AA
MP|PP755590.1|A/cattle/Texas/24-008749-003/2024(H5N1)	10	C	T	55	14	44	2	0	37	0.0350877	57	0.0264335	FALSE	M2:cds-XAJ25417.1	CTA	L	TTA	L	4
MP|PP755590.1|A/cattle/Texas/24-008749-003/2024(H5N1)	10	C	T	55	14	44	2	0	37	0.0350877	57	0.0264335	FALSE	M1:cds-XAJ25416.1	CTA	L	TTA	L	4
MP|PP755590.1|A/cattle/Texas/24-008749-003/2024(H5N1)	13	A	G	69	16	44	1	0	20	0.0142857	70	0.565097	FALSE	M2:cds-XAJ25417.1	ACC	T	GCC	A	5
MP|PP755590.1|A/cattle/Texas/24-008749-003/2024(H5N1)	13	A	G	69	16	44	1	0	20	0.0142857	70	0.565097	FALSE	M1:cds-XAJ25416.1	ACC	T	GCC	A	5
MP|PP755590.1|A/cattle/Texas/24-008749-003/2024(H5N1)	17	A	G	73	22	44	1	0	35	0.0135135	74	0.190231	FALSE	M2:cds-XAJ25417.1	GAG	E	GGG	G	6
MP|PP755590.1|A/cattle/Texas/24-008749-003/2024(H5N1)	17	A	G	73	22	44	1	0	35	0.0135135	74	0.190231	FALSE	M1:cds-XAJ25416.1	GAG	E	GGG	G	6
MP|PP755590.1|A/cattle/Texas/24-008749-003/2024(H5N1)	285	A	G	0	0	0	640	332	55	1	640	0	TRUE	M1:cds-XAJ25416.1	AGA	R	AGG	R	95
MP|PP755590.1|A/cattle/Texas/24-008749-003/2024(H5N1)	456	A	G	0	0	0	636	326	57	0.99843	637	0	TRUE	M1:cds-XAJ25416.1	GAA	E	GAG	E	152
MP|PP755590.1|A/cattle/Texas/24-008749-003/2024(H5N1)	516	G	A	665	337	55	9	5	39	0.0133531	674	0.00161556	TRUE	M1:cds-XAJ25416.1	CTG	L	CTA	L	172
MP|PP755590.1|A/cattle/Texas/24-008749-003/2024(H5N1)	519	C	T	86	41	50	589	304	56	0.872593	675	0	TRUE	M1:cds-XAJ25416.1	ATC	I	ATT	I	173
MP|PP755590.1|A/cattle/Texas/24-008749-003/2024(H5N1)	582	A	G	662	296	54	11	4	58	0.0163447	673	4.33451e-05	TRUE	M1:cds-XAJ25416.1	GGA	G	GGG	G	194
MP|PP755590.1|A/cattle/Texas/24-008749-003/2024(H5N1)	918	G	A	361	288	52	4	4	46	0.0109589	365	0.0276392	FALSE	M2:cds-XAJ25417.1	CGG	R	CAG	Q	68
MP|PP755590.1|A/cattle/Texas/24-008749-003/2024(H5N1)	954	G	A	31	27	45	155	130	47	0.833333	186	4.10518e-86	TRUE	M2:cds-XAJ25417.1	GGT	G	GAT	D	80
