REGION	POS	REF	ALT	REF_DP	REF_RV	REF_QUAL	ALT_DP	ALT_RV	ALT_QUAL	ALT_FREQ	TOTAL_DP	PVAL	PASS	GFF_FEATURE	REF_CODON	REF_AA	ALT_CODON	ALT_AA	POS_AA
MP|PP755590.1|A/cattle/Texas/24-008749-003/2024(H5N1)	5	G	A	755	152	37	47	6	40	0.0586035	802	3.84361e-46	TRUE	M2:cds-XAJ25417.1	AGT	S	AAT	N	2
MP|PP755590.1|A/cattle/Texas/24-008749-003/2024(H5N1)	5	G	A	755	152	37	47	6	40	0.0586035	802	3.84361e-46	TRUE	M1:cds-XAJ25416.1	AGT	S	AAT	N	2
MP|PP755590.1|A/cattle/Texas/24-008749-003/2024(H5N1)	178	T	C	0	0	0	11191	5316	44	0.999911	11192	0	TRUE	M1:cds-XAJ25416.1	TTG	L	CTG	L	60
MP|PP755590.1|A/cattle/Texas/24-008749-003/2024(H5N1)	247	G	A	11325	5310	45	200	97	42	0.0173521	11526	2.266e-75	TRUE	M1:cds-XAJ25416.1	GCC	A	ACC	T	83
MP|PP755590.1|A/cattle/Texas/24-008749-003/2024(H5N1)	285	A	G	1	0	34	11509	5537	43	0.999739	11512	0	TRUE	M1:cds-XAJ25416.1	AGA	R	AGG	R	95
MP|PP755590.1|A/cattle/Texas/24-008749-003/2024(H5N1)	402	G	A	1	0	34	10973	4988	42	0.999909	10974	0	TRUE	M1:cds-XAJ25416.1	AGG	R	AGA	R	134
MP|PP755590.1|A/cattle/Texas/24-008749-003/2024(H5N1)	456	A	G	3	1	45	10834	4619	43	0.999631	10838	0	TRUE	M1:cds-XAJ25416.1	GAA	E	GAG	E	152
MP|PP755590.1|A/cattle/Texas/24-008749-003/2024(H5N1)	519	C	T	1	0	43	11095	5548	45	0.99982	11097	0	TRUE	M1:cds-XAJ25416.1	ATC	I	ATT	I	173
MP|PP755590.1|A/cattle/Texas/24-008749-003/2024(H5N1)	954	G	A	1	1	34	4644	3941	42	0.999785	4645	0	TRUE	M2:cds-XAJ25417.1	GGT	G	GAT	D	80
