REGION	POS	REF	ALT	REF_DP	REF_RV	REF_QUAL	ALT_DP	ALT_RV	ALT_QUAL	ALT_FREQ	TOTAL_DP	PVAL	PASS	GFF_FEATURE	REF_CODON	REF_AA	ALT_CODON	ALT_AA	POS_AA
NA|PP755591.1|A/cattle/Texas/24-008749-003/2024(H5N1)	327	G	A	6092	2574	36	109	43	36	0.017575	6202	1.89346e-28	TRUE	NA:cds-XAJ25418.1	GGG	G	GGA	G	109
NA|PP755591.1|A/cattle/Texas/24-008749-003/2024(H5N1)	480	T	C	110	46	34	6747	2986	35	0.983671	6859	0	TRUE	NA:cds-XAJ25418.1	AGT	S	AGC	S	160
NA|PP755591.1|A/cattle/Texas/24-008749-003/2024(H5N1)	571	T	C	0	0	0	7008	2924	35	0.999857	7009	0	TRUE	NA:cds-XAJ25418.1	TTG	L	CTG	L	191
NA|PP755591.1|A/cattle/Texas/24-008749-003/2024(H5N1)	1185	A	G	1	1	20	6218	4061	36	0.999678	6220	0	TRUE	NA:cds-XAJ25418.1	GAA	E	GAG	E	395
