REGION	POS	REF	ALT	REF_DP	REF_RV	REF_QUAL	ALT_DP	ALT_RV	ALT_QUAL	ALT_FREQ	TOTAL_DP	PVAL	PASS	GFF_FEATURE	REF_CODON	REF_AA	ALT_CODON	ALT_AA	POS_AA
HA|PP755589.1|A/cattle/Texas/24-008749-003/2024(H5N1)	4	G	A	0	0	0	20	2	33	1	20	1.60343e-16	TRUE	HA:cds-XAJ25415.1	GAG	E	AAG	K	2
HA|PP755589.1|A/cattle/Texas/24-008749-003/2024(H5N1)	192	G	A	1760	856	33	178	87	33	0.0918473	1938	3.29373e-54	TRUE	HA:cds-XAJ25415.1	AAG	K	AAA	K	64
HA|PP755589.1|A/cattle/Texas/24-008749-003/2024(H5N1)	311	A	G	2	1	34	1996	849	33	0.998999	1998	0	TRUE	HA:cds-XAJ25415.1	GAC	D	GGC	G	104
HA|PP755589.1|A/cattle/Texas/24-008749-003/2024(H5N1)	504	A	G	1935	1166	33	197	117	33	0.0924015	2132	1.82714e-60	TRUE	HA:cds-XAJ25415.1	AAA	K	AAG	K	168
HA|PP755589.1|A/cattle/Texas/24-008749-003/2024(H5N1)	535	A	G	2122	1121	32	54	27	33	0.0248048	2177	6.89239e-16	TRUE	HA:cds-XAJ25415.1	AGC	S	GGC	G	179
HA|PP755589.1|A/cattle/Texas/24-008749-003/2024(H5N1)	579	G	A	2285	967	33	198	91	32	0.0797422	2483	9.03644e-61	TRUE	HA:cds-XAJ25415.1	GGG	G	GGA	G	193
HA|PP755589.1|A/cattle/Texas/24-008749-003/2024(H5N1)	640	A	G	1805	735	33	733	365	33	0.28881	2538	6.15057e-254	TRUE	HA:cds-XAJ25415.1	ATT	I	GTT	V	214
HA|PP755589.1|A/cattle/Texas/24-008749-003/2024(H5N1)	643	T	A	2245	936	33	239	135	32	0.0962158	2484	1.44823e-75	TRUE	HA:cds-XAJ25415.1	TCA	S	ACA	T	215
HA|PP755589.1|A/cattle/Texas/24-008749-003/2024(H5N1)	651	G	A	17	5	34	2289	891	33	0.992198	2307	0	TRUE	HA:cds-XAJ25415.1	GGG	G	GGA	G	217
HA|PP755589.1|A/cattle/Texas/24-008749-003/2024(H5N1)	675	G	A	1	1	34	2248	896	32	0.997338	2254	0	TRUE	HA:cds-XAJ25415.1	TTG	L	TTA	L	225
HA|PP755589.1|A/cattle/Texas/24-008749-003/2024(H5N1)	711	G	T	2087	942	33	219	80	33	0.0949696	2306	5.97769e-68	TRUE	HA:cds-XAJ25415.1	GGG	G	GGT	G	237
HA|PP755589.1|A/cattle/Texas/24-008749-003/2024(H5N1)	997	C	T	2651	1457	33	39	24	32	0.0144928	2691	1.23191e-10	TRUE	HA:cds-XAJ25415.1	CTC	L	TTC	F	333
HA|PP755589.1|A/cattle/Texas/24-008749-003/2024(H5N1)	1007	G	A	2	0	34	2445	1358	33	0.999183	2447	0	TRUE	HA:cds-XAJ25415.1	AGT	S	AAT	N	336
HA|PP755589.1|A/cattle/Texas/24-008749-003/2024(H5N1)	1173	T	C	0	0	0	4855	1445	33	0.999794	4856	0	TRUE	HA:cds-XAJ25415.1	GAT	D	GAC	D	391
HA|PP755589.1|A/cattle/Texas/24-008749-003/2024(H5N1)	1358	T	C	4891	2349	33	177	82	33	0.0348837	5074	1.03713e-49	TRUE	HA:cds-XAJ25415.1	CTA	L	CCA	P	453
