REGION	POS	REF	ALT	REF_DP	REF_RV	REF_QUAL	ALT_DP	ALT_RV	ALT_QUAL	ALT_FREQ	TOTAL_DP	PVAL	PASS	GFF_FEATURE	REF_CODON	REF_AA	ALT_CODON	ALT_AA	POS_AA
PB2|PP755596.1|A/cattle/Texas/24-008749-003/2024(H5N1)	6	G	A	34	6	36	1	0	37	0.0285714	35	0.0837321	FALSE	PB2:cds-XAJ25426.1	GAG	E	GAA	E	2
PB2|PP755596.1|A/cattle/Texas/24-008749-003/2024(H5N1)	10	A	G	65	6	37	1	0	25	0.0151515	66	0.521908	FALSE	PB2:cds-XAJ25426.1	ATA	I	GTA	V	4
PB2|PP755596.1|A/cattle/Texas/24-008749-003/2024(H5N1)	199	A	G	543	153	40	10	0	37	0.0180832	553	0.000561064	TRUE	PB2:cds-XAJ25426.1	ATC	I	GTC	V	67
PB2|PP755596.1|A/cattle/Texas/24-008749-003/2024(H5N1)	240	G	A	0	0	0	493	167	38	1	493	1.07544e-312	TRUE	PB2:cds-XAJ25426.1	AAG	K	AAA	K	80
PB2|PP755596.1|A/cattle/Texas/24-008749-003/2024(H5N1)	510	T	C	724	296	38	54	20	38	0.0694087	778	4.0357e-18	TRUE	PB2:cds-XAJ25426.1	AAT	N	AAC	N	170
PB2|PP755596.1|A/cattle/Texas/24-008749-003/2024(H5N1)	630	G	A	0	0	0	682	435	35	1	682	0	TRUE	PB2:cds-XAJ25426.1	GAG	E	GAA	E	210
PB2|PP755596.1|A/cattle/Texas/24-008749-003/2024(H5N1)	764	C	T	0	0	0	852	415	37	1	852	0	TRUE	PB2:cds-XAJ25426.1	GCA	A	GTA	V	255
PB2|PP755596.1|A/cattle/Texas/24-008749-003/2024(H5N1)	912	G	A	1	0	29	851	352	37	0.998826	852	0	TRUE	PB2:cds-XAJ25426.1	GAG	E	GAA	E	304
PB2|PP755596.1|A/cattle/Texas/24-008749-003/2024(H5N1)	945	G	T	820	344	38	10	3	37	0.0120482	830	0.000617244	TRUE	PB2:cds-XAJ25426.1	ATG	M	ATT	I	315
PB2|PP755596.1|A/cattle/Texas/24-008749-003/2024(H5N1)	1058	A	G	788	392	37	8	6	34	0.0100503	796	0.00333716	TRUE	PB2:cds-XAJ25426.1	AAA	K	AGA	R	353
PB2|PP755596.1|A/cattle/Texas/24-008749-003/2024(H5N1)	1341	A	G	935	530	38	21	13	44	0.0219665	956	2.37042e-07	TRUE	PB2:cds-XAJ25426.1	CAA	Q	CAG	Q	447
PB2|PP755596.1|A/cattle/Texas/24-008749-003/2024(H5N1)	1392	G	A	1	1	37	909	553	37	0.997805	911	0	TRUE	PB2:cds-XAJ25426.1	TTG	L	TTA	L	464
PB2|PP755596.1|A/cattle/Texas/24-008749-003/2024(H5N1)	1531	G	A	1036	391	37	25	8	36	0.0235627	1061	2.26725e-07	TRUE	PB2:cds-XAJ25426.1	GTA	V	ATA	I	511
PB2|PP755596.1|A/cattle/Texas/24-008749-003/2024(H5N1)	2009	A	G	1	0	37	658	461	38	0.998483	659	0	TRUE	PB2:cds-XAJ25426.1	AAA	K	AGA	R	670
PB2|PP755596.1|A/cattle/Texas/24-008749-003/2024(H5N1)	2181	G	A	601	575	40	16	14	43	0.0259319	617	5.68937e-06	TRUE	PB2:cds-XAJ25426.1	GGG	G	GGA	G	727
