REGION	POS	REF	ALT	REF_DP	REF_RV	REF_QUAL	ALT_DP	ALT_RV	ALT_QUAL	ALT_FREQ	TOTAL_DP	PVAL	PASS	GFF_FEATURE	REF_CODON	REF_AA	ALT_CODON	ALT_AA	POS_AA
PA|PP755594.1|A/cattle/Texas/24-008749-003/2024(H5N1)	30	T	C	194	26	33	22	1	32	0.101852	216	7.46874e-14	TRUE	PA:cds-XAJ25422.1	AAT	N	AAC	N	10
PA|PP755594.1|A/cattle/Texas/24-008749-003/2024(H5N1)	30	T	C	194	26	33	22	1	32	0.101852	216	7.46874e-14	TRUE	PA-X:cds-XAJ25423.1	AAT	N	AAC	N	10
PA|PP755594.1|A/cattle/Texas/24-008749-003/2024(H5N1)	144	T	C	0	0	0	949	424	33	1	949	0	TRUE	PA:cds-XAJ25422.1	TAT	Y	TAC	Y	48
PA|PP755594.1|A/cattle/Texas/24-008749-003/2024(H5N1)	144	T	C	0	0	0	949	424	33	1	949	0	TRUE	PA-X:cds-XAJ25423.1	TAT	Y	TAC	Y	48
PA|PP755594.1|A/cattle/Texas/24-008749-003/2024(H5N1)	202	C	T	0	0	0	965	578	33	1	965	0	TRUE	PA:cds-XAJ25422.1	CCA	P	TCA	S	68
PA|PP755594.1|A/cattle/Texas/24-008749-003/2024(H5N1)	202	C	T	0	0	0	965	578	33	1	965	0	TRUE	PA-X:cds-XAJ25423.1	CCA	P	TCA	S	68
PA|PP755594.1|A/cattle/Texas/24-008749-003/2024(H5N1)	329	A	G	865	334	33	9	5	33	0.0102975	874	0.00178029	TRUE	PA:cds-XAJ25422.1	TAT	Y	TGT	C	110
PA|PP755594.1|A/cattle/Texas/24-008749-003/2024(H5N1)	329	A	G	865	334	33	9	5	33	0.0102975	874	0.00178029	TRUE	PA-X:cds-XAJ25423.1	TAT	Y	TGT	C	110
PA|PP755594.1|A/cattle/Texas/24-008749-003/2024(H5N1)	679	G	A	815	395	33	107	54	33	0.115926	923	8.06452e-35	TRUE	PA:cds-XAJ25422.1	GAA	E	AAA	K	227
PA|PP755594.1|A/cattle/Texas/24-008749-003/2024(H5N1)	679	G	A	815	395	33	107	54	33	0.115926	923	8.06452e-35	TRUE	PA-X:cds-XAJ25423.1	TTG	L	TTA	L	36
PA|PP755594.1|A/cattle/Texas/24-008749-003/2024(H5N1)	981	G	A	0	0	0	980	394	33	1	980	0	TRUE	PA:cds-XAJ25422.1	GAG	E	GAA	E	327
PA|PP755594.1|A/cattle/Texas/24-008749-003/2024(H5N1)	1121	T	C	988	584	33	10	4	34	0.01002	998	0.00559559	TRUE	PA:cds-XAJ25422.1	ATG	M	ACG	T	374
PA|PP755594.1|A/cattle/Texas/24-008749-003/2024(H5N1)	1294	G	A	0	0	0	1279	647	33	1	1279	0	TRUE	PA:cds-XAJ25422.1	GTT	V	ATT	I	432
PA|PP755594.1|A/cattle/Texas/24-008749-003/2024(H5N1)	1686	C	T	1066	444	33	12	10	28	0.0111317	1078	0.480371	FALSE	PA:cds-XAJ25422.1	TTC	F	TTT	F	562
PA|PP755594.1|A/cattle/Texas/24-008749-003/2024(H5N1)	1963	C	T	0	0	0	955	488	33	1	955	0	TRUE	PA:cds-XAJ25422.1	CTC	L	TTC	F	655
