REGION	POS	REF	ALT	REF_DP	REF_RV	REF_QUAL	ALT_DP	ALT_RV	ALT_QUAL	ALT_FREQ	TOTAL_DP	PVAL	PASS	GFF_FEATURE	REF_CODON	REF_AA	ALT_CODON	ALT_AA	POS_AA
NS|PP755593.1|A/cattle/Texas/24-008749-003/2024(H5N1)	64	T	G	1689	450	33	88	26	33	0.0495217	1777	2.02823e-35	TRUE	NS1:cds-XAJ25420.1	TTT	F	GTT	V	22
NS|PP755593.1|A/cattle/Texas/24-008749-003/2024(H5N1)	199	A	G	0	0	0	3448	1661	33	0.99971	3449	0	TRUE	NS1:cds-XAJ25420.1	AGG	R	GGG	G	67
NS|PP755593.1|A/cattle/Texas/24-008749-003/2024(H5N1)	202	A	G	2043	956	33	1493	726	33	0.422229	3536	0	TRUE	NS1:cds-XAJ25420.1	ATT	I	GTT	V	68
NS|PP755593.1|A/cattle/Texas/24-008749-003/2024(H5N1)	222	T	C	1	0	34	3636	1956	33	0.999725	3637	0	TRUE	NS1:cds-XAJ25420.1	GAT	D	GAC	D	74
NS|PP755593.1|A/cattle/Texas/24-008749-003/2024(H5N1)	272	C	T	3599	1890	33	37	23	32	0.010176	3636	5.76811e-09	TRUE	NS1:cds-XAJ25420.1	ACT	T	ATT	I	91
NS|PP755593.1|A/cattle/Texas/24-008749-003/2024(H5N1)	667	G	A	3149	1756	33	108	57	33	0.0331492	3258	3.92438e-30	TRUE	NEP:cds-XAJ25421.1	TGG	W	TGA	*	55
NS|PP755593.1|A/cattle/Texas/24-008749-003/2024(H5N1)	667	G	A	3149	1756	33	108	57	33	0.0331492	3258	3.92438e-30	TRUE	NS1:cds-XAJ25420.1	GAG	E	AAG	K	223
