REGION	POS	REF	ALT	REF_DP	REF_RV	REF_QUAL	ALT_DP	ALT_RV	ALT_QUAL	ALT_FREQ	TOTAL_DP	PVAL	PASS	GFF_FEATURE	REF_CODON	REF_AA	ALT_CODON	ALT_AA	POS_AA
NS|PP755593.1|A/cattle/Texas/24-008749-003/2024(H5N1)	20	T	C	0	0	0	4014	603	43	1	4014	0	TRUE	NEP:cds-XAJ25421.1	TTA	L	TCA	S	7
NS|PP755593.1|A/cattle/Texas/24-008749-003/2024(H5N1)	20	T	C	0	0	0	4014	603	43	1	4014	0	TRUE	NS1:cds-XAJ25420.1	TTA	L	TCA	S	7
NS|PP755593.1|A/cattle/Texas/24-008749-003/2024(H5N1)	183	G	A	10	4	47	12872	4066	54	0.999224	12882	0	TRUE	NS1:cds-XAJ25420.1	GGG	G	GGA	G	61
NS|PP755593.1|A/cattle/Texas/24-008749-003/2024(H5N1)	222	T	C	10	5	60	14770	5549	56	0.999121	14783	0	TRUE	NS1:cds-XAJ25420.1	GAT	D	GAC	D	74
NS|PP755593.1|A/cattle/Texas/24-008749-003/2024(H5N1)	225	G	T	11791	4892	56	2963	1308	56	0.200718	14762	0	TRUE	NS1:cds-XAJ25420.1	GAG	E	GAT	D	75
NS|PP755593.1|A/cattle/Texas/24-008749-003/2024(H5N1)	257	C	T	3334	1569	52	12348	6250	52	0.787249	15685	0	TRUE	NS1:cds-XAJ25420.1	GCT	A	GTT	V	86
