REGION	POS	REF	ALT	REF_DP	REF_RV	REF_QUAL	ALT_DP	ALT_RV	ALT_QUAL	ALT_FREQ	TOTAL_DP	PVAL	PASS	GFF_FEATURE	REF_CODON	REF_AA	ALT_CODON	ALT_AA	POS_AA
PB2|PP755596.1|A/cattle/Texas/24-008749-003/2024(H5N1)	130	G	-CACT	2033	402	36	42	0	20	0.0162162	2590	0.0019357	TRUE	NA	NA	NA	NA	NA	NA
PB2|PP755596.1|A/cattle/Texas/24-008749-003/2024(H5N1)	194	A	G	29	11	37	2045	824	37	0.986017	2074	0	TRUE	PB2:cds-XAJ25426.1	GAA	E	GGA	G	65
PB2|PP755596.1|A/cattle/Texas/24-008749-003/2024(H5N1)	456	T	C	2519	923	35	39	11	36	0.0152403	2559	5.24944e-11	TRUE	PB2:cds-XAJ25426.1	GCT	A	GCC	A	152
PB2|PP755596.1|A/cattle/Texas/24-008749-003/2024(H5N1)	764	C	T	0	0	0	2602	1209	34	1	2602	0	TRUE	PB2:cds-XAJ25426.1	GCA	A	GTA	V	255
PB2|PP755596.1|A/cattle/Texas/24-008749-003/2024(H5N1)	1242	T	C	2	1	34	2616	1058	34	0.999236	2618	0	TRUE	PB2:cds-XAJ25426.1	GTT	V	GTC	V	414
PB2|PP755596.1|A/cattle/Texas/24-008749-003/2024(H5N1)	1352	T	C	1	1	34	3284	1949	37	0.999391	3286	0	TRUE	PB2:cds-XAJ25426.1	ATT	I	ACT	T	451
PB2|PP755596.1|A/cattle/Texas/24-008749-003/2024(H5N1)	2023	T	C	2691	1700	36	266	156	35	0.0898952	2959	5.24539e-84	TRUE	PB2:cds-XAJ25426.1	TTG	L	CTG	L	675
PB2|PP755596.1|A/cattle/Texas/24-008749-003/2024(H5N1)	2173	C	-TAAT	2390	2133	38	54	0	20	0.0169865	3179	0.00013938	TRUE	NA	NA	NA	NA	NA	NA
