REGION	POS	REF	ALT	REF_DP	REF_RV	REF_QUAL	ALT_DP	ALT_RV	ALT_QUAL	ALT_FREQ	TOTAL_DP	PVAL	PASS	GFF_FEATURE	REF_CODON	REF_AA	ALT_CODON	ALT_AA	POS_AA
MP|PP755590.1|A/cattle/Texas/24-008749-003/2024(H5N1)	180	G	A	4315	1636	41	50	19	40	0.0114548	4365	1.79779e-18	TRUE	M1:cds-XAJ25416.1	TTG	L	TTA	L	60
MP|PP755590.1|A/cattle/Texas/24-008749-003/2024(H5N1)	245	G	A	1	1	34	4785	2121	40	0.999791	4786	0	TRUE	M1:cds-XAJ25416.1	AGT	S	AAT	N	82
MP|PP755590.1|A/cattle/Texas/24-008749-003/2024(H5N1)	319	A	G	4852	2801	39	51	37	37	0.0103954	4906	3.68403e-13	TRUE	M1:cds-XAJ25416.1	ATA	I	GTA	V	107
MP|PP755590.1|A/cattle/Texas/24-008749-003/2024(H5N1)	342	A	G	0	0	0	4999	2509	40	1	4999	0	TRUE	M1:cds-XAJ25416.1	GAA	E	GAG	E	114
