REGION	POS	REF	ALT	REF_DP	REF_RV	REF_QUAL	ALT_DP	ALT_RV	ALT_QUAL	ALT_FREQ	TOTAL_DP	PVAL	PASS	GFF_FEATURE	REF_CODON	REF_AA	ALT_CODON	ALT_AA	POS_AA
NP|PP755592.1|A/cattle/Texas/24-008749-003/2024(H5N1)	165	G	A	5571	2807	40	19447	9795	38	0.777041	25027	0	TRUE	NP:cds-XAJ25419.1	AGG	R	AGA	R	55
NP|PP755592.1|A/cattle/Texas/24-008749-003/2024(H5N1)	232	T	C	24631	11988	40	1477	656	40	0.0565554	26116	0	TRUE	NP:cds-XAJ25419.1	TAT	Y	CAT	H	78
NP|PP755592.1|A/cattle/Texas/24-008749-003/2024(H5N1)	273	G	A	25907	11954	41	602	221	38	0.0227093	26509	1.88246e-167	TRUE	NP:cds-XAJ25419.1	AAG	K	AAA	K	91
NP|PP755592.1|A/cattle/Texas/24-008749-003/2024(H5N1)	355	A	G	5	3	44	24293	12929	41	0.999712	24300	0	TRUE	NP:cds-XAJ25419.1	ATT	I	GTT	V	119
NP|PP755592.1|A/cattle/Texas/24-008749-003/2024(H5N1)	474	A	G	1	1	34	23476	13443	39	0.999957	23477	0	TRUE	NP:cds-XAJ25419.1	GGA	G	GGG	G	158
NP|PP755592.1|A/cattle/Texas/24-008749-003/2024(H5N1)	498	G	A	1	0	32	23566	10741	38	0.999788	23571	0	TRUE	NP:cds-XAJ25419.1	CTG	L	CTA	L	166
NP|PP755592.1|A/cattle/Texas/24-008749-003/2024(H5N1)	870	C	T	0	0	0	22225	10489	39	0.99991	22227	0	TRUE	NP:cds-XAJ25419.1	GAC	D	GAT	D	290
NP|PP755592.1|A/cattle/Texas/24-008749-003/2024(H5N1)	1014	T	C	5	2	36	23681	12551	40	0.999789	23686	0	TRUE	NP:cds-XAJ25419.1	TTT	F	TTC	F	338
NP|PP755592.1|A/cattle/Texas/24-008749-003/2024(H5N1)	1092	G	A	4	2	34	24856	11568	41	0.999759	24862	0	TRUE	NP:cds-XAJ25419.1	CAG	Q	CAA	Q	364
