REGION	POS	REF	ALT	REF_DP	REF_RV	REF_QUAL	ALT_DP	ALT_RV	ALT_QUAL	ALT_FREQ	TOTAL_DP	PVAL	PASS	GFF_FEATURE	REF_CODON	REF_AA	ALT_CODON	ALT_AA	POS_AA
NA|PP755591.1|A/cattle/Texas/24-008749-003/2024(H5N1)	11	A	C	82	9	37	1	0	68	0.0120482	83	0.129283	FALSE	NA:cds-XAJ25418.1	AAT	N	ACT	T	4
NA|PP755591.1|A/cattle/Texas/24-008749-003/2024(H5N1)	140	A	G	1415	346	41	25	9	43	0.0173611	1440	9.6493e-10	TRUE	NA:cds-XAJ25418.1	GAA	E	GGA	G	47
NA|PP755591.1|A/cattle/Texas/24-008749-003/2024(H5N1)	230	A	G	1	1	34	1691	772	40	0.999409	1692	0	TRUE	NA:cds-XAJ25418.1	GAG	E	GGG	G	77
NA|PP755591.1|A/cattle/Texas/24-008749-003/2024(H5N1)	288	G	A	1779	877	37	95	39	36	0.0506937	1874	1.40376e-29	TRUE	NA:cds-XAJ25418.1	GGG	G	GGA	G	96
NA|PP755591.1|A/cattle/Texas/24-008749-003/2024(H5N1)	522	T	C	2121	988	38	44	15	37	0.0203139	2166	1.39276e-13	TRUE	NA:cds-XAJ25418.1	TTT	F	TTC	F	174
NA|PP755591.1|A/cattle/Texas/24-008749-003/2024(H5N1)	571	T	C	2	1	30	2109	1081	38	0.999053	2111	0	TRUE	NA:cds-XAJ25418.1	TTG	L	CTG	L	191
NA|PP755591.1|A/cattle/Texas/24-008749-003/2024(H5N1)	678	T	C	1984	1020	38	65	28	38	0.0317073	2050	8.86696e-20	TRUE	NA:cds-XAJ25418.1	ACT	T	ACC	T	226
NA|PP755591.1|A/cattle/Texas/24-008749-003/2024(H5N1)	779	A	G	0	0	0	1973	1018	37	1	1973	0	TRUE	NA:cds-XAJ25418.1	AAA	K	AGA	R	260
NA|PP755591.1|A/cattle/Texas/24-008749-003/2024(H5N1)	1008	T	C	2562	1089	39	120	46	39	0.0447427	2682	4.88963e-38	TRUE	NA:cds-XAJ25418.1	AGT	S	AGC	S	336
NA|PP755591.1|A/cattle/Texas/24-008749-003/2024(H5N1)	1185	A	G	0	0	0	2388	1414	38	1	2388	0	TRUE	NA:cds-XAJ25418.1	GAA	E	GAG	E	395
NA|PP755591.1|A/cattle/Texas/24-008749-003/2024(H5N1)	1288	A	G	1985	1575	45	23	17	42	0.0114542	2008	1.64906e-09	TRUE	NA:cds-XAJ25418.1	AGG	R	GGG	G	430
NA|PP755591.1|A/cattle/Texas/24-008749-003/2024(H5N1)	1289	G	C	1396	900	40	21	21	28	0.01482	1417	0.103257	FALSE	NA:cds-XAJ25418.1	AGG	R	ACG	T	430
NA|PP755591.1|A/cattle/Texas/24-008749-003/2024(H5N1)	1290	G	A	1438	999	42	21	18	37	0.0142566	1473	1.36021e-08	TRUE	NA:cds-XAJ25418.1	AGG	R	AGA	R	430
