REGION	POS	REF	ALT	REF_DP	REF_RV	REF_QUAL	ALT_DP	ALT_RV	ALT_QUAL	ALT_FREQ	TOTAL_DP	PVAL	PASS	GFF_FEATURE	REF_CODON	REF_AA	ALT_CODON	ALT_AA	POS_AA
MP|PP755590.1|A/cattle/Texas/24-008749-003/2024(H5N1)	6	T	C	22	2	35	4	4	34	0.153846	26	0.000175971	TRUE	M2:cds-XAJ25417.1	AGT	S	AGC	S	2
MP|PP755590.1|A/cattle/Texas/24-008749-003/2024(H5N1)	6	T	C	22	2	35	4	4	34	0.153846	26	0.000175971	TRUE	M1:cds-XAJ25416.1	AGT	S	AGC	S	2
MP|PP755590.1|A/cattle/Texas/24-008749-003/2024(H5N1)	12	A	G	71	18	43	1	1	34	0.0138889	72	0.220859	FALSE	M2:cds-XAJ25417.1	CTA	L	CTG	L	4
MP|PP755590.1|A/cattle/Texas/24-008749-003/2024(H5N1)	12	A	G	71	18	43	1	1	34	0.0138889	72	0.220859	FALSE	M1:cds-XAJ25416.1	CTA	L	CTG	L	4
MP|PP755590.1|A/cattle/Texas/24-008749-003/2024(H5N1)	245	G	A	9990	8288	44	19568	4608	46	0.661998	29559	0	TRUE	M1:cds-XAJ25416.1	AGT	S	AAT	N	82
MP|PP755590.1|A/cattle/Texas/24-008749-003/2024(H5N1)	294	G	A	4479	2236	62	19544	9626	62	0.813215	24033	0	TRUE	M1:cds-XAJ25416.1	AAG	K	AAA	K	98
