REGION	POS	REF	ALT	REF_DP	REF_RV	REF_QUAL	ALT_DP	ALT_RV	ALT_QUAL	ALT_FREQ	TOTAL_DP	PVAL	PASS	GFF_FEATURE	REF_CODON	REF_AA	ALT_CODON	ALT_AA	POS_AA
NA|PP755591.1|A/cattle/Texas/24-008749-003/2024(H5N1)	57	A	G	0	0	0	953	115	38	1	953	0	TRUE	NA:cds-XAJ25418.1	ATA	I	ATG	M	19
NA|PP755591.1|A/cattle/Texas/24-008749-003/2024(H5N1)	234	G	A	2631	1200	39	137	55	38	0.0494942	2768	3.35556e-43	TRUE	NA:cds-XAJ25418.1	CAG	Q	CAA	Q	78
NA|PP755591.1|A/cattle/Texas/24-008749-003/2024(H5N1)	518	G	A	3182	1385	38	136	61	37	0.0409885	3318	7.48921e-42	TRUE	NA:cds-XAJ25418.1	AGA	R	AAA	K	173
NA|PP755591.1|A/cattle/Texas/24-008749-003/2024(H5N1)	552	T	C	0	0	0	3177	1373	38	1	3177	0	TRUE	NA:cds-XAJ25418.1	TGT	C	TGC	C	184
NA|PP755591.1|A/cattle/Texas/24-008749-003/2024(H5N1)	571	T	C	1	1	26	3118	1416	37	0.999359	3120	0	TRUE	NA:cds-XAJ25418.1	TTG	L	CTG	L	191
NA|PP755591.1|A/cattle/Texas/24-008749-003/2024(H5N1)	879	G	A	2928	1550	38	85	40	35	0.0282111	3013	2.22448e-25	TRUE	NA:cds-XAJ25418.1	AGG	R	AGA	R	293
NA|PP755591.1|A/cattle/Texas/24-008749-003/2024(H5N1)	1185	A	G	0	0	0	2442	1529	37	1	2442	0	TRUE	NA:cds-XAJ25418.1	GAA	E	GAG	E	395
NA|PP755591.1|A/cattle/Texas/24-008749-003/2024(H5N1)	1192	G	A	0	0	0	2533	1609	37	0.999605	2534	0	TRUE	NA:cds-XAJ25418.1	GAC	D	AAC	N	398
NA|PP755591.1|A/cattle/Texas/24-008749-003/2024(H5N1)	1263	T	C	1	0	60	2218	1689	41	0.999549	2219	0	TRUE	NA:cds-XAJ25418.1	TGT	C	TGC	C	421
