REGION	POS	REF	ALT	REF_DP	REF_RV	REF_QUAL	ALT_DP	ALT_RV	ALT_QUAL	ALT_FREQ	TOTAL_DP	PVAL	PASS	GFF_FEATURE	REF_CODON	REF_AA	ALT_CODON	ALT_AA	POS_AA
NA|PP755591.1|A/cattle/Texas/24-008749-003/2024(H5N1)	72	G	A	743	313	33	39	13	32	0.0498721	782	2.11159e-15	TRUE	NA:cds-XAJ25418.1	CTG	L	CTA	L	24
NA|PP755591.1|A/cattle/Texas/24-008749-003/2024(H5N1)	129	A	G	1207	516	33	17	5	34	0.0138889	1224	1.03505e-05	TRUE	NA:cds-XAJ25418.1	CAA	Q	CAG	Q	43
NA|PP755591.1|A/cattle/Texas/24-008749-003/2024(H5N1)	142	C	A	1453	625	33	44	23	33	0.0293921	1497	3.19703e-13	TRUE	NA:cds-XAJ25418.1	CCA	P	ACA	T	48
NA|PP755591.1|A/cattle/Texas/24-008749-003/2024(H5N1)	209	G	A	1409	700	33	17	11	32	0.0119215	1426	4.56374e-05	TRUE	NA:cds-XAJ25418.1	AGC	S	AAC	N	70
NA|PP755591.1|A/cattle/Texas/24-008749-003/2024(H5N1)	221	T	C	1459	737	33	16	8	32	0.0108475	1475	0.000111334	TRUE	NA:cds-XAJ25418.1	TTT	F	TCT	S	74
NA|PP755591.1|A/cattle/Texas/24-008749-003/2024(H5N1)	429	A	G	786	464	32	436	233	33	0.356792	1222	2.25171e-166	TRUE	NA:cds-XAJ25418.1	AAA	K	AAG	K	143
NA|PP755591.1|A/cattle/Texas/24-008749-003/2024(H5N1)	436	A	G	1249	634	33	71	41	33	0.0537879	1320	1.51006e-21	TRUE	NA:cds-XAJ25418.1	AAT	N	GAT	D	146
NA|PP755591.1|A/cattle/Texas/24-008749-003/2024(H5N1)	437	A	G	1272	687	33	13	7	34	0.0101167	1285	0.000575542	TRUE	NA:cds-XAJ25418.1	AAT	N	AGT	S	146
NA|PP755591.1|A/cattle/Texas/24-008749-003/2024(H5N1)	571	T	C	0	0	0	1309	645	33	1	1309	0	TRUE	NA:cds-XAJ25418.1	TTG	L	CTG	L	191
NA|PP755591.1|A/cattle/Texas/24-008749-003/2024(H5N1)	645	T	C	998	450	33	132	57	33	0.116711	1131	1.39747e-43	TRUE	NA:cds-XAJ25418.1	ACT	T	ACC	T	215
NA|PP755591.1|A/cattle/Texas/24-008749-003/2024(H5N1)	783	G	A	1154	566	33	30	13	32	0.0253378	1184	7.30406e-09	TRUE	NA:cds-XAJ25418.1	GGG	G	GGA	G	261
NA|PP755591.1|A/cattle/Texas/24-008749-003/2024(H5N1)	809	A	G	1164	651	33	45	20	33	0.0372208	1209	2.63668e-13	TRUE	NA:cds-XAJ25418.1	AAT	N	AGT	S	270
NA|PP755591.1|A/cattle/Texas/24-008749-003/2024(H5N1)	1185	A	G	0	0	0	1764	918	33	0.993803	1775	0	TRUE	NA:cds-XAJ25418.1	GAA	E	GAG	E	395
NA|PP755591.1|A/cattle/Texas/24-008749-003/2024(H5N1)	1206	T	C	1890	881	33	172	81	33	0.0834142	2062	2.49705e-52	TRUE	NA:cds-XAJ25418.1	TAT	Y	TAC	Y	402
NA|PP755591.1|A/cattle/Texas/24-008749-003/2024(H5N1)	1289	G	C	1434	424	32	38	38	28	0.0258152	1472	0.000127161	TRUE	NA:cds-XAJ25418.1	AGG	R	ACG	T	430
NA|PP755591.1|A/cattle/Texas/24-008749-003/2024(H5N1)	1361	G	T	1409	946	33	99	58	32	0.0656499	1508	3.93082e-30	TRUE	NA:cds-XAJ25418.1	GGT	G	GTT	V	454
