REGION	POS	REF	ALT	REF_DP	REF_RV	REF_QUAL	ALT_DP	ALT_RV	ALT_QUAL	ALT_FREQ	TOTAL_DP	PVAL	PASS	GFF_FEATURE	REF_CODON	REF_AA	ALT_CODON	ALT_AA	POS_AA
PB2|PP755596.1|A/cattle/Texas/24-008749-003/2024(H5N1)	240	G	A	1834	1085	45	1956	568	47	0.515959	3791	0	TRUE	PB2:cds-XAJ25426.1	AAG	K	AAA	K	80
PB2|PP755596.1|A/cattle/Texas/24-008749-003/2024(H5N1)	351	T	C	2313	1545	53	1497	241	42	0.392913	3810	0	TRUE	PB2:cds-XAJ25426.1	ACT	T	ACC	T	117
PB2|PP755596.1|A/cattle/Texas/24-008749-003/2024(H5N1)	630	G	A	14	9	60	4190	2062	64	0.99667	4204	0	TRUE	PB2:cds-XAJ25426.1	GAG	E	GAA	E	210
PB2|PP755596.1|A/cattle/Texas/24-008749-003/2024(H5N1)	763	G	A	4857	1723	54	1993	675	54	0.290949	6850	0	TRUE	PB2:cds-XAJ25426.1	GCA	A	ACA	T	255
PB2|PP755596.1|A/cattle/Texas/24-008749-003/2024(H5N1)	764	C	T	21	4	45	6824	2400	54	0.996932	6845	0	TRUE	PB2:cds-XAJ25426.1	GCA	A	GTA	V	255
PB2|PP755596.1|A/cattle/Texas/24-008749-003/2024(H5N1)	912	G	A	2752	2458	40	4513	760	43	0.620941	7268	0	TRUE	PB2:cds-XAJ25426.1	GAG	E	GAA	E	304
PB2|PP755596.1|A/cattle/Texas/24-008749-003/2024(H5N1)	1392	G	A	9	7	36	7744	5246	41	0.99871	7754	0	TRUE	PB2:cds-XAJ25426.1	TTG	L	TTA	L	464
PB2|PP755596.1|A/cattle/Texas/24-008749-003/2024(H5N1)	2009	A	G	6	2	67	11188	4974	61	0.999285	11196	0	TRUE	PB2:cds-XAJ25426.1	AAA	K	AGA	R	670
