REGION	POS	REF	ALT	REF_DP	REF_RV	REF_QUAL	ALT_DP	ALT_RV	ALT_QUAL	ALT_FREQ	TOTAL_DP	PVAL	PASS	GFF_FEATURE	REF_CODON	REF_AA	ALT_CODON	ALT_AA	POS_AA
PB2|PP755596.1|A/cattle/Texas/24-008749-003/2024(H5N1)	172	G	A	13	5	40	525	87	36	0.975836	538	0	TRUE	PB2:cds-XAJ25426.1	GCA	A	ACA	T	58
PB2|PP755596.1|A/cattle/Texas/24-008749-003/2024(H5N1)	240	G	A	0	0	0	452	120	34	1	452	2.90711e-301	TRUE	PB2:cds-XAJ25426.1	AAG	K	AAA	K	80
PB2|PP755596.1|A/cattle/Texas/24-008749-003/2024(H5N1)	450	C	T	640	240	34	21	3	32	0.03177	661	2.37111e-07	TRUE	PB2:cds-XAJ25426.1	GGC	G	GGT	G	150
PB2|PP755596.1|A/cattle/Texas/24-008749-003/2024(H5N1)	630	G	A	1	1	34	764	459	34	0.998693	765	0	TRUE	PB2:cds-XAJ25426.1	GAG	E	GAA	E	210
PB2|PP755596.1|A/cattle/Texas/24-008749-003/2024(H5N1)	764	C	T	0	0	0	845	353	34	1	845	0	TRUE	PB2:cds-XAJ25426.1	GCA	A	GTA	V	255
PB2|PP755596.1|A/cattle/Texas/24-008749-003/2024(H5N1)	912	G	A	1	0	26	859	362	34	0.997677	861	0	TRUE	PB2:cds-XAJ25426.1	GAG	E	GAA	E	304
PB2|PP755596.1|A/cattle/Texas/24-008749-003/2024(H5N1)	1392	G	A	0	0	0	1049	671	34	1	1049	0	TRUE	PB2:cds-XAJ25426.1	TTG	L	TTA	L	464
PB2|PP755596.1|A/cattle/Texas/24-008749-003/2024(H5N1)	1485	A	G	801	319	34	116	56	35	0.126499	917	1.13914e-40	TRUE	PB2:cds-XAJ25426.1	ATA	I	ATG	M	495
PB2|PP755596.1|A/cattle/Texas/24-008749-003/2024(H5N1)	2009	A	G	3	2	34	695	525	36	0.995702	698	0	TRUE	PB2:cds-XAJ25426.1	AAA	K	AGA	R	670
PB2|PP755596.1|A/cattle/Texas/24-008749-003/2024(H5N1)	2133	T	C	503	424	36	11	11	34	0.0214008	514	0.000151884	TRUE	PB2:cds-XAJ25426.1	AAT	N	AAC	N	711
PB2|PP755596.1|A/cattle/Texas/24-008749-003/2024(H5N1)	2166	T	C	499	449	36	12	12	31	0.0234375	512	1.71358e-05	TRUE	PB2:cds-XAJ25426.1	GCT	A	GCC	A	722
