REGION	POS	REF	ALT	REF_DP	REF_RV	REF_QUAL	ALT_DP	ALT_RV	ALT_QUAL	ALT_FREQ	TOTAL_DP	PVAL	PASS	GFF_FEATURE	REF_CODON	REF_AA	ALT_CODON	ALT_AA	POS_AA
MP|PP755590.1|A/cattle/Texas/24-008749-003/2024(H5N1)	245	G	A	52	19	30	13601	5639	29	0.995171	13667	0	TRUE	M1:cds-XAJ25416.1	AGT	S	AAT	N	82
MP|PP755590.1|A/cattle/Texas/24-008749-003/2024(H5N1)	342	A	G	15796	7868	29	410	215	29	0.0252696	16225	1.18563e-26	TRUE	M1:cds-XAJ25416.1	GAA	E	GAG	E	114
MP|PP755590.1|A/cattle/Texas/24-008749-003/2024(H5N1)	633	G	A	13314	6229	29	3633	1336	30	0.214311	16952	0	TRUE	M1:cds-XAJ25416.1	CAG	Q	CAA	Q	211
MP|PP755590.1|A/cattle/Texas/24-008749-003/2024(H5N1)	684	T	C	12544	4244	29	2812	789	29	0.182966	15369	0	TRUE	M1:cds-XAJ25416.1	GGT	G	GGC	G	228
