REGION	POS	REF	ALT	REF_DP	REF_RV	REF_QUAL	ALT_DP	ALT_RV	ALT_QUAL	ALT_FREQ	TOTAL_DP	PVAL	PASS	GFF_FEATURE	REF_CODON	REF_AA	ALT_CODON	ALT_AA	POS_AA
PB1|PP755595.1|A/cattle/Texas/24-008749-003/2024(H5N1)	8	T	C	30	2	33	1	0	26	0.0322581	31	0.348396	FALSE	NA	NA	NA	NA	NA	NA
PB1|PP755595.1|A/cattle/Texas/24-008749-003/2024(H5N1)	30	G	-AAA	96	17	33	18	0	20	0.0654545	275	1.04108e-08	TRUE	NA	NA	NA	NA	NA	NA
PB1|PP755595.1|A/cattle/Texas/24-008749-003/2024(H5N1)	32	A	-AGTTCCAGCGCAAAATGCCAT	90	18	33	3	0	20	0.0108696	276	0.104953	FALSE	NA	NA	NA	NA	NA	NA
PB1|PP755595.1|A/cattle/Texas/24-008749-003/2024(H5N1)	32	A	-AGTTCCAGCGC	90	18	33	14	0	20	0.0507246	276	4.98084e-07	TRUE	NA	NA	NA	NA	NA	NA
PB1|PP755595.1|A/cattle/Texas/24-008749-003/2024(H5N1)	486	G	A	382	131	33	5	3	34	0.0129199	387	0.0283755	FALSE	NA	NA	NA	NA	NA	NA
PB1|PP755595.1|A/cattle/Texas/24-008749-003/2024(H5N1)	822	A	G	379	183	33	4	4	34	0.0104439	383	0.059174	FALSE	NA	NA	NA	NA	NA	NA
PB1|PP755595.1|A/cattle/Texas/24-008749-003/2024(H5N1)	945	T	C	0	0	0	411	237	33	1	411	6.79253e-250	TRUE	NA	NA	NA	NA	NA	NA
PB1|PP755595.1|A/cattle/Texas/24-008749-003/2024(H5N1)	991	G	A	390	210	33	4	3	34	0.0101523	394	0.0552695	FALSE	NA	NA	NA	NA	NA	NA
PB1|PP755595.1|A/cattle/Texas/24-008749-003/2024(H5N1)	1734	G	A	838	401	33	622	310	33	0.426027	1460	1.29604e-232	TRUE	NA	NA	NA	NA	NA	NA
PB1|PP755595.1|A/cattle/Texas/24-008749-003/2024(H5N1)	1827	C	T	1626	910	33	21	12	34	0.0127505	1647	3.81756e-06	TRUE	NA	NA	NA	NA	NA	NA
PB1|PP755595.1|A/cattle/Texas/24-008749-003/2024(H5N1)	2062	A	-TGTATCAAAAGTGCTGCAATC	1695	878	33	32	0	20	0.0176698	1811	0.0213763	FALSE	NA	NA	NA	NA	NA	NA
