REGION	POS	REF	ALT	REF_DP	REF_RV	REF_QUAL	ALT_DP	ALT_RV	ALT_QUAL	ALT_FREQ	TOTAL_DP	PVAL	PASS	GFF_FEATURE	REF_CODON	REF_AA	ALT_CODON	ALT_AA	POS_AA
MP|PP755590.1|A/cattle/Texas/24-008749-003/2024(H5N1)	47	C	A	3175	422	34	48	0	26	0.0148883	3224	0.0153795	FALSE	M1:cds-XAJ25416.1	CCG	P	CAG	Q	16
MP|PP755590.1|A/cattle/Texas/24-008749-003/2024(H5N1)	245	G	A	2	0	60	14223	6338	44	0.999789	14226	0	TRUE	M1:cds-XAJ25416.1	AGT	S	AAT	N	82
MP|PP755590.1|A/cattle/Texas/24-008749-003/2024(H5N1)	276	C	T	4	2	32	15330	7958	43	0.999739	15334	0	TRUE	M1:cds-XAJ25416.1	AAC	N	AAT	N	92
MP|PP755590.1|A/cattle/Texas/24-008749-003/2024(H5N1)	314	G	T	13693	7044	40	140	140	26	0.0101185	13836	0.467276	FALSE	M1:cds-XAJ25416.1	AGA	R	ATA	I	105
MP|PP755590.1|A/cattle/Texas/24-008749-003/2024(H5N1)	316	G	T	13489	6920	40	164	164	27	0.0120085	13657	0.051285	FALSE	M1:cds-XAJ25416.1	GAG	E	TAG	*	106
MP|PP755590.1|A/cattle/Texas/24-008749-003/2024(H5N1)	411	G	A	15	6	41	14757	7334	43	0.998917	14773	0	TRUE	M1:cds-XAJ25416.1	ACG	T	ACA	T	137
MP|PP755590.1|A/cattle/Texas/24-008749-003/2024(H5N1)	459	G	A	0	0	0	14304	6681	43	1	14304	0	TRUE	M1:cds-XAJ25416.1	CAG	Q	CAA	Q	153
MP|PP755590.1|A/cattle/Texas/24-008749-003/2024(H5N1)	483	T	C	14791	7612	44	205	96	42	0.0136676	14999	1.16683e-66	TRUE	M1:cds-XAJ25416.1	TCT	S	TCC	S	161
MP|PP755590.1|A/cattle/Texas/24-008749-003/2024(H5N1)	699	C	A	9754	4953	36	192	0	25	0.0192984	9949	4.46483e-10	TRUE	M1:cds-XAJ25416.1	CTC	L	CTA	L	233
MP|PP755590.1|A/cattle/Texas/24-008749-003/2024(H5N1)	741	A	G	7	2	35	13675	5506	43	0.999488	13682	0	TRUE	M2:cds-XAJ25417.1	AAC	N	AGC	S	9
MP|PP755590.1|A/cattle/Texas/24-008749-003/2024(H5N1)	741	A	G	7	2	35	13675	5506	43	0.999488	13682	0	TRUE	M1:cds-XAJ25416.1	CAA	Q	CAG	Q	247
MP|PP755590.1|A/cattle/Texas/24-008749-003/2024(H5N1)	766	C	A	12137	7248	40	241	0	27	0.01947	12378	9.75051e-12	TRUE	M2:cds-XAJ25417.1	CTC	L	CTA	L	18
MP|PP755590.1|A/cattle/Texas/24-008749-003/2024(H5N1)	884	G	T	11307	10157	38	127	127	26	0.0111043	11437	0.195359	FALSE	M2:cds-XAJ25417.1	GAA	E	TAA	*	57
MP|PP755590.1|A/cattle/Texas/24-008749-003/2024(H5N1)	908	G	T	9158	8416	36	114	114	26	0.0122938	9273	0.0544019	FALSE	M2:cds-XAJ25417.1	GAA	E	TAA	*	65
