REGION	POS	REF	ALT	REF_DP	REF_RV	REF_QUAL	ALT_DP	ALT_RV	ALT_QUAL	ALT_FREQ	TOTAL_DP	PVAL	PASS	GFF_FEATURE	REF_CODON	REF_AA	ALT_CODON	ALT_AA	POS_AA
PA|PP755594.1|A/cattle/Texas/24-008749-003/2024(H5N1)	8	A	G	202	6	34	3	0	34	0.0146341	205	0.0052807	TRUE	PA:cds-XAJ25422.1	GAC	D	GGC	G	3
PA|PP755594.1|A/cattle/Texas/24-008749-003/2024(H5N1)	8	A	G	202	6	34	3	0	34	0.0146341	205	0.0052807	TRUE	PA-X:cds-XAJ25423.1	GAC	D	GGC	G	3
PA|PP755594.1|A/cattle/Texas/24-008749-003/2024(H5N1)	252	A	G	1	1	34	2556	1614	39	0.999218	2558	0	TRUE	PA:cds-XAJ25422.1	CGA	R	CGG	R	84
PA|PP755594.1|A/cattle/Texas/24-008749-003/2024(H5N1)	252	A	G	1	1	34	2556	1614	39	0.999218	2558	0	TRUE	PA-X:cds-XAJ25423.1	CGA	R	CGG	R	84
PA|PP755594.1|A/cattle/Texas/24-008749-003/2024(H5N1)	981	G	A	1	0	34	2836	1032	38	0.999648	2837	0	TRUE	PA:cds-XAJ25422.1	GAG	E	GAA	E	327
PA|PP755594.1|A/cattle/Texas/24-008749-003/2024(H5N1)	984	A	G	18	14	29	2830	1023	38	0.99368	2848	0	TRUE	PA:cds-XAJ25422.1	AAA	K	AAG	K	328
PA|PP755594.1|A/cattle/Texas/24-008749-003/2024(H5N1)	1294	G	A	0	0	0	3040	1584	42	0.999671	3041	0	TRUE	PA:cds-XAJ25422.1	GTT	V	ATT	I	432
PA|PP755594.1|A/cattle/Texas/24-008749-003/2024(H5N1)	1452	A	G	2	0	40	2949	1080	38	0.998984	2952	0	TRUE	PA:cds-XAJ25422.1	CCA	P	CCG	P	484
PA|PP755594.1|A/cattle/Texas/24-008749-003/2024(H5N1)	1608	A	G	2	0	26	2929	1761	37	0.999318	2931	0	TRUE	PA:cds-XAJ25422.1	AAA	K	AAG	K	536
PA|PP755594.1|A/cattle/Texas/24-008749-003/2024(H5N1)	1974	T	C	0	0	0	2900	1518	37	0.999655	2901	0	TRUE	PA:cds-XAJ25422.1	TTT	F	TTC	F	658
