REGION	POS	REF	ALT	REF_DP	REF_RV	REF_QUAL	ALT_DP	ALT_RV	ALT_QUAL	ALT_FREQ	TOTAL_DP	PVAL	PASS	GFF_FEATURE	REF_CODON	REF_AA	ALT_CODON	ALT_AA	POS_AA
NS|PP755593.1|A/cattle/Texas/24-008749-003/2024(H5N1)	193	G	A	3	1	34	5391	2613	37	0.998703	5398	0	TRUE	NS1:cds-XAJ25420.1	GTG	V	ATG	M	65
NS|PP755593.1|A/cattle/Texas/24-008749-003/2024(H5N1)	199	A	G	1	0	27	5327	2508	37	0.999437	5330	0	TRUE	NS1:cds-XAJ25420.1	AGG	R	GGG	G	67
NS|PP755593.1|A/cattle/Texas/24-008749-003/2024(H5N1)	214	G	A	0	0	0	5841	3103	38	0.999829	5842	0	TRUE	NS1:cds-XAJ25420.1	GAA	E	AAA	K	72
NS|PP755593.1|A/cattle/Texas/24-008749-003/2024(H5N1)	222	T	C	0	0	0	5827	3249	38	1	5827	0	TRUE	NS1:cds-XAJ25420.1	GAT	D	GAC	D	74
NS|PP755593.1|A/cattle/Texas/24-008749-003/2024(H5N1)	270	A	G	6113	3351	37	151	107	36	0.024106	6264	2.14948e-41	TRUE	NS1:cds-XAJ25420.1	CTA	L	CTG	L	90
NS|PP755593.1|A/cattle/Texas/24-008749-003/2024(H5N1)	345	C	T	6037	3174	36	155	76	35	0.0250283	6193	1.07264e-42	TRUE	NS1:cds-XAJ25420.1	CTC	L	CTT	L	115
NS|PP755593.1|A/cattle/Texas/24-008749-003/2024(H5N1)	717	A	G	0	0	0	5001	4267	39	0.9998	5002	0	TRUE	NEP:cds-XAJ25421.1	GAA	E	GGA	G	72
NS|PP755593.1|A/cattle/Texas/24-008749-003/2024(H5N1)	736	G	T	4679	4062	42	62	45	42	0.0130747	4742	2.50288e-23	TRUE	NEP:cds-XAJ25421.1	AAG	K	AAT	N	78
NS|PP755593.1|A/cattle/Texas/24-008749-003/2024(H5N1)	780	T	C	3814	3477	39	92	88	37	0.0235535	3906	5.89544e-27	TRUE	NEP:cds-XAJ25421.1	TTA	L	TCA	S	93
