REGION	POS	REF	ALT	REF_DP	REF_RV	REF_QUAL	ALT_DP	ALT_RV	ALT_QUAL	ALT_FREQ	TOTAL_DP	PVAL	PASS	GFF_FEATURE	REF_CODON	REF_AA	ALT_CODON	ALT_AA	POS_AA
NS|PP755593.1|A/cattle/Texas/24-008749-003/2024(H5N1)	116	A	T	25506	4960	36	498	7	29	0.019131	26031	2.38516e-23	TRUE	NS1:cds-XAJ25420.1	GAC	D	GTC	V	39
NS|PP755593.1|A/cattle/Texas/24-008749-003/2024(H5N1)	199	A	G	4	2	37	31564	14889	33	0.998798	31602	0	TRUE	NS1:cds-XAJ25420.1	AGG	R	GGG	G	67
NS|PP755593.1|A/cattle/Texas/24-008749-003/2024(H5N1)	222	T	C	2	1	30	32687	17423	35	0.999602	32700	0	TRUE	NS1:cds-XAJ25420.1	GAT	D	GAC	D	74
NS|PP755593.1|A/cattle/Texas/24-008749-003/2024(H5N1)	284	T	G	33634	16836	33	351	350	28	0.0103144	34030	0.334942	FALSE	NS1:cds-XAJ25420.1	CTT	L	CGT	R	95
NS|PP755593.1|A/cattle/Texas/24-008749-003/2024(H5N1)	286	G	A	33593	17019	33	459	178	31	0.0134691	34078	2.78173e-105	TRUE	NS1:cds-XAJ25420.1	GAA	E	AAA	K	96
NS|PP755593.1|A/cattle/Texas/24-008749-003/2024(H5N1)	427	A	T	32990	18132	34	348	17	29	0.0104248	33382	0.289136	FALSE	NS1:cds-XAJ25420.1	ACA	T	TCA	S	143
NS|PP755593.1|A/cattle/Texas/24-008749-003/2024(H5N1)	819	T	A	12924	11869	34	135	134	29	0.010329	13070	0.397007	FALSE	NEP:cds-XAJ25421.1	TTC	F	TAC	Y	106
