REGION	POS	REF	ALT	REF_DP	REF_RV	REF_QUAL	ALT_DP	ALT_RV	ALT_QUAL	ALT_FREQ	TOTAL_DP	PVAL	PASS	GFF_FEATURE	REF_CODON	REF_AA	ALT_CODON	ALT_AA	POS_AA
PB1|PP755595.1|A/cattle/Texas/24-008749-003/2024(H5N1)	8	T	C	46	7	38	1	0	34	0.0212766	47	0.112981	FALSE	PB1:cds-XAJ25424.1	GTC	V	GCC	A	3
PB1|PP755595.1|A/cattle/Texas/24-008749-003/2024(H5N1)	29	T	-G	141	18	39	6	0	20	0.0123967	484	0.0133042	FALSE	NA	NA	NA	NA	NA	NA
PB1|PP755595.1|A/cattle/Texas/24-008749-003/2024(H5N1)	495	T	C	370	114	42	17	5	39	0.0439276	387	5.58052e-07	TRUE	PB1:cds-XAJ25424.1	GAT	D	GAC	D	165
PB1|PP755595.1|A/cattle/Texas/24-008749-003/2024(H5N1)	632	G	A	395	213	40	8	4	37	0.0198511	403	0.00142281	TRUE	PB1:cds-XAJ25424.1	AGG	R	AAG	K	211
PB1|PP755595.1|A/cattle/Texas/24-008749-003/2024(H5N1)	674	A	G	392	213	39	4	1	42	0.010101	396	0.03869	FALSE	PB1:cds-XAJ25424.1	AAC	N	AGC	S	225
PB1|PP755595.1|A/cattle/Texas/24-008749-003/2024(H5N1)	928	A	G	372	189	42	4	2	32	0.0106383	376	0.0368937	FALSE	PB1:cds-XAJ25424.1	AAT	N	GAT	D	310
PB1|PP755595.1|A/cattle/Texas/24-008749-003/2024(H5N1)	945	T	C	0	0	0	374	199	41	1	374	2.21462e-253	TRUE	PB1:cds-XAJ25424.1	CCT	P	CCC	P	315
PB1|PP755595.1|A/cattle/Texas/24-008749-003/2024(H5N1)	975	A	G	404	205	41	24	17	39	0.0560748	428	2.63452e-09	TRUE	PB1:cds-XAJ25424.1	ATA	I	ATG	M	325
PB1|PP755595.1|A/cattle/Texas/24-008749-003/2024(H5N1)	1088	A	G	440	197	43	13	6	41	0.0286344	454	1.033e-05	TRUE	PB1:cds-XAJ25424.1	AAG	K	AGG	R	363
PB1|PP755595.1|A/cattle/Texas/24-008749-003/2024(H5N1)	1557	A	G	1724	951	44	38	24	48	0.0215664	1762	6.45171e-15	TRUE	PB1:cds-XAJ25424.1	GAA	E	GAG	E	519
PB1|PP755595.1|A/cattle/Texas/24-008749-003/2024(H5N1)	1963	A	G	1877	821	40	67	39	38	0.034465	1944	2.07613e-21	TRUE	PB1:cds-XAJ25424.1	ATG	M	GTG	V	655
PB1|PP755595.1|A/cattle/Texas/24-008749-003/2024(H5N1)	2183	T	C	1872	1435	46	32	25	46	0.0167979	1905	1.25393e-13	TRUE	PB1:cds-XAJ25424.1	ATT	I	ACT	T	728
