REGION	POS	REF	ALT	REF_DP	REF_RV	REF_QUAL	ALT_DP	ALT_RV	ALT_QUAL	ALT_FREQ	TOTAL_DP	PVAL	PASS	GFF_FEATURE	REF_CODON	REF_AA	ALT_CODON	ALT_AA	POS_AA
PB2|PP755596.1|A/cattle/Texas/24-008749-003/2024(H5N1)	7	A	G	32	8	32	2	1	34	0.0588235	34	0.0155634	FALSE	PB2:cds-XAJ25426.1	AGA	R	GGA	G	3
PB2|PP755596.1|A/cattle/Texas/24-008749-003/2024(H5N1)	17	A	T	71	15	33	1	0	34	0.0138889	72	0.207493	FALSE	PB2:cds-XAJ25426.1	GAA	E	GTA	V	6
PB2|PP755596.1|A/cattle/Texas/24-008749-003/2024(H5N1)	24	A	G	56	19	31	1	0	34	0.0175439	57	0.167647	FALSE	PB2:cds-XAJ25426.1	AGA	R	AGG	R	8
PB2|PP755596.1|A/cattle/Texas/24-008749-003/2024(H5N1)	172	G	A	1	0	34	431	180	33	0.997685	432	8.76468e-269	TRUE	PB2:cds-XAJ25426.1	GCA	A	ACA	T	58
PB2|PP755596.1|A/cattle/Texas/24-008749-003/2024(H5N1)	240	G	A	0	0	0	308	163	33	1	308	1.66325e-194	TRUE	PB2:cds-XAJ25426.1	AAG	K	AAA	K	80
PB2|PP755596.1|A/cattle/Texas/24-008749-003/2024(H5N1)	358	G	A	274	128	33	4	2	32	0.0143369	279	0.0579688	FALSE	PB2:cds-XAJ25426.1	GAA	E	AAA	K	120
PB2|PP755596.1|A/cattle/Texas/24-008749-003/2024(H5N1)	382	G	A	276	145	33	3	2	34	0.0107527	279	0.11912	FALSE	PB2:cds-XAJ25426.1	GGG	G	AGG	R	128
PB2|PP755596.1|A/cattle/Texas/24-008749-003/2024(H5N1)	528	A	T	292	143	32	4	1	32	0.0135135	296	0.0430583	FALSE	PB2:cds-XAJ25426.1	ATA	I	ATT	I	176
PB2|PP755596.1|A/cattle/Texas/24-008749-003/2024(H5N1)	630	G	A	0	0	0	262	156	33	0.996198	263	1.0437e-173	TRUE	PB2:cds-XAJ25426.1	GAG	E	GAA	E	210
PB2|PP755596.1|A/cattle/Texas/24-008749-003/2024(H5N1)	764	C	T	0	0	0	285	129	33	1	285	3.98504e-178	TRUE	PB2:cds-XAJ25426.1	GCA	A	GTA	V	255
PB2|PP755596.1|A/cattle/Texas/24-008749-003/2024(H5N1)	912	G	A	0	0	0	320	163	33	1	320	3.75656e-195	TRUE	PB2:cds-XAJ25426.1	GAG	E	GAA	E	304
PB2|PP755596.1|A/cattle/Texas/24-008749-003/2024(H5N1)	1084	G	C	282	86	33	4	4	26	0.013986	286	0.348006	FALSE	PB2:cds-XAJ25426.1	GGG	G	CGG	R	362
PB2|PP755596.1|A/cattle/Texas/24-008749-003/2024(H5N1)	1392	G	A	0	0	0	341	223	33	0.997076	342	4.25827e-223	TRUE	PB2:cds-XAJ25426.1	TTG	L	TTA	L	464
PB2|PP755596.1|A/cattle/Texas/24-008749-003/2024(H5N1)	1461	A	G	1	1	34	308	149	33	0.996764	309	3.54314e-191	TRUE	PB2:cds-XAJ25426.1	GAA	E	GAG	E	487
PB2|PP755596.1|A/cattle/Texas/24-008749-003/2024(H5N1)	1563	A	C	317	141	32	4	1	34	0.0124224	322	0.0437733	FALSE	PB2:cds-XAJ25426.1	ACA	T	ACC	T	521
PB2|PP755596.1|A/cattle/Texas/24-008749-003/2024(H5N1)	2009	A	G	0	0	0	366	179	33	1	366	9.54055e-228	TRUE	PB2:cds-XAJ25426.1	AAA	K	AGA	R	670
