REGION	POS	REF	ALT	REF_DP	REF_RV	REF_QUAL	ALT_DP	ALT_RV	ALT_QUAL	ALT_FREQ	TOTAL_DP	PVAL	PASS	GFF_FEATURE	REF_CODON	REF_AA	ALT_CODON	ALT_AA	POS_AA
NS|PP755593.1|A/cattle/Texas/24-008749-003/2024(H5N1)	156	G	A	38271	18490	33	1057	437	33	0.0268724	39334	3.7058e-266	TRUE	NS1:cds-XAJ25420.1	CTG	L	CTA	L	52
NS|PP755593.1|A/cattle/Texas/24-008749-003/2024(H5N1)	179	C	T	37509	20623	33	385	207	33	0.0101597	37895	2.02795e-75	TRUE	NS1:cds-XAJ25420.1	GCT	A	GTT	V	60
NS|PP755593.1|A/cattle/Texas/24-008749-003/2024(H5N1)	199	A	G	7	2	30	37654	18582	33	0.999283	37681	0	TRUE	NS1:cds-XAJ25420.1	AGG	R	GGG	G	67
NS|PP755593.1|A/cattle/Texas/24-008749-003/2024(H5N1)	222	T	C	33	21	33	39319	21022	33	0.999111	39354	0	TRUE	NS1:cds-XAJ25420.1	GAT	D	GAC	D	74
NS|PP755593.1|A/cattle/Texas/24-008749-003/2024(H5N1)	504	A	G	37649	20717	33	457	272	33	0.0119922	38108	3.0407e-95	TRUE	NEP:cds-XAJ25421.1	GAC	D	GGC	G	1
NS|PP755593.1|A/cattle/Texas/24-008749-003/2024(H5N1)	504	A	G	37649	20717	33	457	272	33	0.0119922	38108	3.0407e-95	TRUE	NS1:cds-XAJ25420.1	GGA	G	GGG	G	168
NS|PP755593.1|A/cattle/Texas/24-008749-003/2024(H5N1)	671	G	A	35728	18639	33	593	298	33	0.0163248	36325	2.65338e-136	TRUE	NEP:cds-XAJ25421.1	GGA	G	AGA	R	57
NS|PP755593.1|A/cattle/Texas/24-008749-003/2024(H5N1)	671	G	A	35728	18639	33	593	298	33	0.0163248	36325	2.65338e-136	TRUE	NS1:cds-XAJ25420.1	AGG	R	AAG	K	224
NS|PP755593.1|A/cattle/Texas/24-008749-003/2024(H5N1)	703	G	A	34024	18992	33	968	506	33	0.0276635	34992	3.9969e-246	TRUE	NEP:cds-XAJ25421.1	AGG	R	AGA	R	67
NS|PP755593.1|A/cattle/Texas/24-008749-003/2024(H5N1)	772	G	A	30797	21416	33	393	276	33	0.0126002	31190	1.64836e-83	TRUE	NEP:cds-XAJ25421.1	ATG	M	ATA	I	90
