REGION	POS	REF	ALT	REF_DP	REF_RV	REF_QUAL	ALT_DP	ALT_RV	ALT_QUAL	ALT_FREQ	TOTAL_DP	PVAL	PASS	GFF_FEATURE	REF_CODON	REF_AA	ALT_CODON	ALT_AA	POS_AA
PB1|PP755595.1|A/cattle/Texas/24-008749-003/2024(H5N1)	23	T	C	82	25	46	1	0	37	0.0120482	83	0.228022	FALSE	PB1:cds-XAJ25424.1	CTC	L	CCC	P	8
PB1|PP755595.1|A/cattle/Texas/24-008749-003/2024(H5N1)	27	C	T	91	28	48	1	0	37	0.0108696	92	0.237726	FALSE	PB1:cds-XAJ25424.1	TTC	F	TTT	F	9
PB1|PP755595.1|A/cattle/Texas/24-008749-003/2024(H5N1)	28	T	C	90	27	48	1	0	37	0.0108696	92	0.235142	FALSE	PB1:cds-XAJ25424.1	TTG	L	CTG	L	10
PB1|PP755595.1|A/cattle/Texas/24-008749-003/2024(H5N1)	28	T	A	90	27	48	1	0	38	0.0108696	92	0.235142	FALSE	PB1:cds-XAJ25424.1	TTG	L	ATG	M	10
PB1|PP755595.1|A/cattle/Texas/24-008749-003/2024(H5N1)	41	C	T	98	30	47	1	0	39	0.010101	99	0.246883	FALSE	PB1:cds-XAJ25424.1	GCG	A	GTG	V	14
PB1|PP755595.1|A/cattle/Texas/24-008749-003/2024(H5N1)	180	A	G	464	110	52	6	2	43	0.012766	470	0.0024939	TRUE	PB1:cds-XAJ25424.1	GAA	E	GAG	E	60
PB1|PP755595.1|A/cattle/Texas/24-008749-003/2024(H5N1)	180	A	G	464	110	52	6	2	43	0.012766	470	0.0024939	TRUE	PB1-F2:cds-XAJ25425.1	AAA	K	AGA	R	29
PB1|PP755595.1|A/cattle/Texas/24-008749-003/2024(H5N1)	210	T	C	0	0	0	520	179	57	1	520	0	TRUE	PB1:cds-XAJ25424.1	GAT	D	GAC	D	70
PB1|PP755595.1|A/cattle/Texas/24-008749-003/2024(H5N1)	210	T	C	0	0	0	520	179	57	1	520	0	TRUE	PB1-F2:cds-XAJ25425.1	ATG	M	ACG	T	39
PB1|PP755595.1|A/cattle/Texas/24-008749-003/2024(H5N1)	498	C	T	0	0	0	654	238	50	1	654	0	TRUE	PB1:cds-XAJ25424.1	TTC	F	TTT	F	166
PB1|PP755595.1|A/cattle/Texas/24-008749-003/2024(H5N1)	770	C	T	787	420	53	12	6	60	0.0150188	799	2.25426e-05	TRUE	PB1:cds-XAJ25424.1	ACA	T	ATA	I	257
PB1|PP755595.1|A/cattle/Texas/24-008749-003/2024(H5N1)	779	G	A	1	1	72	768	401	54	0.9987	769	0	TRUE	PB1:cds-XAJ25424.1	AGG	R	AAG	K	260
PB1|PP755595.1|A/cattle/Texas/24-008749-003/2024(H5N1)	936	C	T	0	0	0	813	460	50	1	813	0	TRUE	PB1:cds-XAJ25424.1	AAC	N	AAT	N	312
PB1|PP755595.1|A/cattle/Texas/24-008749-003/2024(H5N1)	1149	G	T	0	0	0	830	406	54	1	830	0	TRUE	PB1:cds-XAJ25424.1	GAG	E	GAT	D	383
PB1|PP755595.1|A/cattle/Texas/24-008749-003/2024(H5N1)	1203	C	A	0	0	0	864	426	54	0.998844	865	0	TRUE	PB1:cds-XAJ25424.1	GCC	A	GCA	A	401
PB1|PP755595.1|A/cattle/Texas/24-008749-003/2024(H5N1)	1674	A	G	1110	467	50	16	8	43	0.0142096	1126	9.18463e-07	TRUE	PB1:cds-XAJ25424.1	ACA	T	ACG	T	558
PB1|PP755595.1|A/cattle/Texas/24-008749-003/2024(H5N1)	2268	G	A	0	0	0	224	164	28	1	224	1.14642e-187	TRUE	PB1:cds-XAJ25424.1	CAG	Q	CAA	Q	756
