REGION	POS	REF	ALT	REF_DP	REF_RV	REF_QUAL	ALT_DP	ALT_RV	ALT_QUAL	ALT_FREQ	TOTAL_DP	PVAL	PASS	GFF_FEATURE	REF_CODON	REF_AA	ALT_CODON	ALT_AA	POS_AA
MP|PP755590.1|A/cattle/Texas/24-008749-003/2024(H5N1)	245	G	A	2	0	34	25650	11281	39	0.999844	25654	0	TRUE	M1:cds-XAJ25416.1	AGT	S	AAT	N	82
MP|PP755590.1|A/cattle/Texas/24-008749-003/2024(H5N1)	735	A	G	8	4	46	24352	10189	37	0.999631	24361	0	TRUE	M2:cds-XAJ25417.1	GAG	E	GGG	G	7
MP|PP755590.1|A/cattle/Texas/24-008749-003/2024(H5N1)	735	A	G	8	4	46	24352	10189	37	0.999631	24361	0	TRUE	M1:cds-XAJ25416.1	GGA	G	GGG	G	245
