REGION	POS	REF	ALT	REF_DP	REF_RV	REF_QUAL	ALT_DP	ALT_RV	ALT_QUAL	ALT_FREQ	TOTAL_DP	PVAL	PASS	GFF_FEATURE	REF_CODON	REF_AA	ALT_CODON	ALT_AA	POS_AA
PA|PP755594.1|A/cattle/Texas/24-008749-003/2024(H5N1)	2	T	G	90	6	37	1	0	23	0.010989	91	0.601031	FALSE	PA:cds-XAJ25422.1	ATG	M	AGG	R	1
PA|PP755594.1|A/cattle/Texas/24-008749-003/2024(H5N1)	2	T	G	90	6	37	1	0	23	0.010989	91	0.601031	FALSE	PA-X:cds-XAJ25423.1	ATG	M	AGG	R	1
PA|PP755594.1|A/cattle/Texas/24-008749-003/2024(H5N1)	144	T	C	1	0	37	2014	965	45	0.999504	2015	0	TRUE	PA:cds-XAJ25422.1	TAT	Y	TAC	Y	48
PA|PP755594.1|A/cattle/Texas/24-008749-003/2024(H5N1)	144	T	C	1	0	37	2014	965	45	0.999504	2015	0	TRUE	PA-X:cds-XAJ25423.1	TAT	Y	TAC	Y	48
PA|PP755594.1|A/cattle/Texas/24-008749-003/2024(H5N1)	202	C	T	0	0	0	2182	1440	42	1	2182	0	TRUE	PA:cds-XAJ25422.1	CCA	P	TCA	S	68
PA|PP755594.1|A/cattle/Texas/24-008749-003/2024(H5N1)	202	C	T	0	0	0	2182	1440	42	1	2182	0	TRUE	PA-X:cds-XAJ25423.1	CCA	P	TCA	S	68
PA|PP755594.1|A/cattle/Texas/24-008749-003/2024(H5N1)	981	G	A	1	1	74	2399	811	40	0.999583	2400	0	TRUE	PA:cds-XAJ25422.1	GAG	E	GAA	E	327
PA|PP755594.1|A/cattle/Texas/24-008749-003/2024(H5N1)	1294	G	A	3	2	37	2686	1316	44	0.998884	2689	0	TRUE	PA:cds-XAJ25422.1	GTT	V	ATT	I	432
PA|PP755594.1|A/cattle/Texas/24-008749-003/2024(H5N1)	1698	A	G	2741	992	40	48	21	41	0.0172105	2789	8.90092e-17	TRUE	PA:cds-XAJ25422.1	AGA	R	AGG	R	566
PA|PP755594.1|A/cattle/Texas/24-008749-003/2024(H5N1)	1869	A	G	1	1	37	2715	1547	40	0.999632	2716	0	TRUE	PA:cds-XAJ25422.1	GAA	E	GAG	E	623
