REGION	POS	REF	ALT	REF_DP	REF_RV	REF_QUAL	ALT_DP	ALT_RV	ALT_QUAL	ALT_FREQ	TOTAL_DP	PVAL	PASS	GFF_FEATURE	REF_CODON	REF_AA	ALT_CODON	ALT_AA	POS_AA
PA|PP755594.1|A/cattle/Texas/24-008749-003/2024(H5N1)	48	T	-GCGGAAAAAGCAATGAAAGAATATGGGG	2741	377	35	75	0	20	0.0108696	6900	3.95169e-09	TRUE	NA	NA	NA	NA	NA	NA
PA|PP755594.1|A/cattle/Texas/24-008749-003/2024(H5N1)	60	A	-ATGAAAGAAT	2505	378	35	92	0	20	0.0134052	6863	8.47802e-16	TRUE	NA	NA	NA	NA	NA	NA
PA|PP755594.1|A/cattle/Texas/24-008749-003/2024(H5N1)	228	T	C	0	0	0	2470	1484	37	1	2470	0	TRUE	PA:cds-XAJ25422.1	TTT	F	TTC	F	76
PA|PP755594.1|A/cattle/Texas/24-008749-003/2024(H5N1)	228	T	C	0	0	0	2470	1484	37	1	2470	0	TRUE	PA-X:cds-XAJ25423.1	TTT	F	TTC	F	76
PA|PP755594.1|A/cattle/Texas/24-008749-003/2024(H5N1)	705	A	G	1	0	34	2221	1226	36	0.99955	2222	0	TRUE	PA:cds-XAJ25422.1	GGA	G	GGG	G	235
PA|PP755594.1|A/cattle/Texas/24-008749-003/2024(H5N1)	705	A	G	1	0	34	2221	1226	36	0.99955	2222	0	TRUE	PA-X:cds-XAJ25423.1	GAT	D	GGT	G	45
PA|PP755594.1|A/cattle/Texas/24-008749-003/2024(H5N1)	888	T	C	1	0	34	2498	1109	36	0.9996	2499	0	TRUE	PA:cds-XAJ25422.1	AGT	S	AGC	S	296
PA|PP755594.1|A/cattle/Texas/24-008749-003/2024(H5N1)	930	C	T	2525	638	36	37	8	36	0.0144418	2562	2.0582e-10	TRUE	PA:cds-XAJ25422.1	TGC	C	TGT	C	310
PA|PP755594.1|A/cattle/Texas/24-008749-003/2024(H5N1)	981	G	A	1	0	34	2364	822	36	0.999577	2365	0	TRUE	PA:cds-XAJ25422.1	GAG	E	GAA	E	327
PA|PP755594.1|A/cattle/Texas/24-008749-003/2024(H5N1)	1155	A	G	1077	574	34	2021	1290	35	0.652356	3098	0	TRUE	PA:cds-XAJ25422.1	AAA	K	AAG	K	385
PA|PP755594.1|A/cattle/Texas/24-008749-003/2024(H5N1)	1294	G	A	0	0	0	2793	1334	41	0.999642	2794	0	TRUE	PA:cds-XAJ25422.1	GTT	V	ATT	I	432
PA|PP755594.1|A/cattle/Texas/24-008749-003/2024(H5N1)	2048	T	-TGGGGGGCTATA	5863	4300	41	532	0	20	0.0642667	8278	7.88061e-114	TRUE	NA	NA	NA	NA	NA	NA
PA|PP755594.1|A/cattle/Texas/24-008749-003/2024(H5N1)	2049	T	-GGGGG	5688	4296	41	188	0	20	0.022365	8406	4.83249e-21	TRUE	NA	NA	NA	NA	NA	NA
PA|PP755594.1|A/cattle/Texas/24-008749-003/2024(H5N1)	2049	T	-G	5688	4296	41	194	0	20	0.0230788	8406	2.05651e-22	TRUE	NA	NA	NA	NA	NA	NA
