REGION	POS	REF	ALT	REF_DP	REF_RV	REF_QUAL	ALT_DP	ALT_RV	ALT_QUAL	ALT_FREQ	TOTAL_DP	PVAL	PASS	GFF_FEATURE	REF_CODON	REF_AA	ALT_CODON	ALT_AA	POS_AA
NA|PP755591.1|A/cattle/Texas/24-008749-003/2024(H5N1)	15	A	G	123	31	46	2	0	33	0.016	125	0.0259066	FALSE	NA:cds-XAJ25418.1	CAA	Q	CAG	Q	5
NA|PP755591.1|A/cattle/Texas/24-008749-003/2024(H5N1)	104	G	A	838	279	55	12	3	49	0.0141176	850	1.44732e-06	TRUE	NA:cds-XAJ25418.1	AGC	S	AAC	N	35
NA|PP755591.1|A/cattle/Texas/24-008749-003/2024(H5N1)	131	A	G	1	1	53	950	341	56	0.998948	951	0	TRUE	NA:cds-XAJ25418.1	TAC	Y	TGC	C	44
NA|PP755591.1|A/cattle/Texas/24-008749-003/2024(H5N1)	199	A	G	0	0	0	1428	477	57	1	1428	0	TRUE	NA:cds-XAJ25418.1	ATC	I	GTC	V	67
NA|PP755591.1|A/cattle/Texas/24-008749-003/2024(H5N1)	212	G	A	0	0	0	1483	567	60	1	1483	0	TRUE	NA:cds-XAJ25418.1	AGT	S	AAT	N	71
NA|PP755591.1|A/cattle/Texas/24-008749-003/2024(H5N1)	306	G	A	2	1	57	1600	745	57	0.998129	1603	0	TRUE	NA:cds-XAJ25418.1	AAG	K	AAA	K	102
NA|PP755591.1|A/cattle/Texas/24-008749-003/2024(H5N1)	663	C	T	1548	745	59	170	90	58	0.0989523	1718	1.33556e-73	TRUE	NA:cds-XAJ25418.1	AAC	N	AAT	N	221
NA|PP755591.1|A/cattle/Texas/24-008749-003/2024(H5N1)	711	C	T	0	0	0	1672	919	57	1	1672	0	TRUE	NA:cds-XAJ25418.1	TCC	S	TCT	S	237
NA|PP755591.1|A/cattle/Texas/24-008749-003/2024(H5N1)	1014	G	T	0	0	0	1312	689	54	0.999238	1313	0	TRUE	NA:cds-XAJ25418.1	ATG	M	ATT	I	338
NA|PP755591.1|A/cattle/Texas/24-008749-003/2024(H5N1)	1016	C	T	3	0	36	1285	688	54	0.996897	1289	0	TRUE	NA:cds-XAJ25418.1	CCC	P	CTC	L	339
NA|PP755591.1|A/cattle/Texas/24-008749-003/2024(H5N1)	1068	G	A	2	2	56	1278	655	56	0.998437	1280	0	TRUE	NA:cds-XAJ25418.1	GGG	G	GGA	G	356
NA|PP755591.1|A/cattle/Texas/24-008749-003/2024(H5N1)	1149	G	A	1310	787	59	18	6	57	0.0135542	1328	2.69933e-08	TRUE	NA:cds-XAJ25418.1	ACG	T	ACA	T	383
