REGION	POS	REF	ALT	REF_DP	REF_RV	REF_QUAL	ALT_DP	ALT_RV	ALT_QUAL	ALT_FREQ	TOTAL_DP	PVAL	PASS	GFF_FEATURE	REF_CODON	REF_AA	ALT_CODON	ALT_AA	POS_AA
NS|PP755593.1|A/cattle/Texas/24-008749-003/2024(H5N1)	20	T	C	1	0	38	4964	1258	49	0.999799	4965	0	TRUE	NEP:cds-XAJ25421.1	TTA	L	TCA	S	7
NS|PP755593.1|A/cattle/Texas/24-008749-003/2024(H5N1)	20	T	C	1	0	38	4964	1258	49	0.999799	4965	0	TRUE	NS1:cds-XAJ25420.1	TTA	L	TCA	S	7
NS|PP755593.1|A/cattle/Texas/24-008749-003/2024(H5N1)	176	G	A	15442	6157	60	201	82	58	0.0128492	15643	3.59811e-96	TRUE	NS1:cds-XAJ25420.1	CGT	R	CAT	H	59
NS|PP755593.1|A/cattle/Texas/24-008749-003/2024(H5N1)	183	G	A	5	2	57	15431	6258	60	0.999547	15438	0	TRUE	NS1:cds-XAJ25420.1	GGG	G	GGA	G	61
NS|PP755593.1|A/cattle/Texas/24-008749-003/2024(H5N1)	217	T	C	1	1	29	16797	7447	62	0.999881	16799	0	TRUE	NS1:cds-XAJ25420.1	TCC	S	CCC	P	73
NS|PP755593.1|A/cattle/Texas/24-008749-003/2024(H5N1)	222	T	C	3	1	60	16907	7547	60	0.999763	16911	0	TRUE	NS1:cds-XAJ25420.1	GAT	D	GAC	D	74
NS|PP755593.1|A/cattle/Texas/24-008749-003/2024(H5N1)	240	T	C	1	0	56	17260	8927	61	0.999942	17261	0	TRUE	NS1:cds-XAJ25420.1	ACT	T	ACC	T	80
NS|PP755593.1|A/cattle/Texas/24-008749-003/2024(H5N1)	241	A	G	17043	8739	62	316	180	58	0.0182038	17359	3.54967e-138	TRUE	NS1:cds-XAJ25420.1	ATT	I	GTT	V	81
NS|PP755593.1|A/cattle/Texas/24-008749-003/2024(H5N1)	417	T	C	16872	8625	58	182	95	57	0.0106695	17058	2.45703e-78	TRUE	NS1:cds-XAJ25420.1	AAT	N	AAC	N	139
NS|PP755593.1|A/cattle/Texas/24-008749-003/2024(H5N1)	778	C	A	0	0	0	12060	8040	62	0.999834	12062	0	TRUE	NEP:cds-XAJ25421.1	GCC	A	GCA	A	92
