REGION	POS	REF	ALT	REF_DP	REF_RV	REF_QUAL	ALT_DP	ALT_RV	ALT_QUAL	ALT_FREQ	TOTAL_DP	PVAL	PASS	GFF_FEATURE	REF_CODON	REF_AA	ALT_CODON	ALT_AA	POS_AA
NS|PP755593.1|A/cattle/Texas/24-008749-003/2024(H5N1)	64	T	G	0	0	0	25751	8154	33	1	25751	0	TRUE	NS1:cds-XAJ25420.1	TTT	F	GTT	V	22
NS|PP755593.1|A/cattle/Texas/24-008749-003/2024(H5N1)	199	A	G	5	2	30	47428	21856	33	0.999768	47439	0	TRUE	NS1:cds-XAJ25420.1	AGG	R	GGG	G	67
NS|PP755593.1|A/cattle/Texas/24-008749-003/2024(H5N1)	222	T	C	12	8	34	54467	29683	33	0.99967	54485	0	TRUE	NS1:cds-XAJ25420.1	GAT	D	GAC	D	74
NS|PP755593.1|A/cattle/Texas/24-008749-003/2024(H5N1)	342	C	T	25186	11961	33	23189	11642	32	0.47926	48385	0	TRUE	NS1:cds-XAJ25420.1	TCC	S	TCT	S	114
NS|PP755593.1|A/cattle/Texas/24-008749-003/2024(H5N1)	494	C	A	0	0	0	50384	28169	33	0.999861	50391	0	TRUE	NS1:cds-XAJ25420.1	TCT	S	TAT	Y	165
NS|PP755593.1|A/cattle/Texas/24-008749-003/2024(H5N1)	511	G	A	2	1	34	55471	28469	33	0.999802	55482	0	TRUE	NEP:cds-XAJ25421.1	CTG	L	CTA	L	3
NS|PP755593.1|A/cattle/Texas/24-008749-003/2024(H5N1)	511	G	A	2	1	34	55471	28469	33	0.999802	55482	0	TRUE	NS1:cds-XAJ25420.1	GAT	D	AAT	N	171
NS|PP755593.1|A/cattle/Texas/24-008749-003/2024(H5N1)	538	G	A	28275	15298	33	24910	12637	33	0.468339	53188	0	TRUE	NEP:cds-XAJ25421.1	GGG	G	GGA	G	12
NS|PP755593.1|A/cattle/Texas/24-008749-003/2024(H5N1)	538	G	A	28275	15298	33	24910	12637	33	0.468339	53188	0	TRUE	NS1:cds-XAJ25420.1	GTC	V	ATC	I	180
NS|PP755593.1|A/cattle/Texas/24-008749-003/2024(H5N1)	631	A	G	17	10	33	48437	23265	33	0.999525	48460	0	TRUE	NEP:cds-XAJ25421.1	GGA	G	GGG	G	43
NS|PP755593.1|A/cattle/Texas/24-008749-003/2024(H5N1)	631	A	G	17	10	33	48437	23265	33	0.999525	48460	0	TRUE	NS1:cds-XAJ25420.1	AGA	R	GGA	G	211
