REGION	POS	REF	ALT	REF_DP	REF_RV	REF_QUAL	ALT_DP	ALT_RV	ALT_QUAL	ALT_FREQ	TOTAL_DP	PVAL	PASS	GFF_FEATURE	REF_CODON	REF_AA	ALT_CODON	ALT_AA	POS_AA
PB2|PP755596.1|A/cattle/Texas/24-008749-003/2024(H5N1)	172	G	A	3	1	33	1528	568	39	0.99804	1531	0	TRUE	PB2:cds-XAJ25426.1	GCA	A	ACA	T	58
PB2|PP755596.1|A/cattle/Texas/24-008749-003/2024(H5N1)	240	G	A	0	0	0	1472	776	35	1	1472	0	TRUE	PB2:cds-XAJ25426.1	AAG	K	AAA	K	80
PB2|PP755596.1|A/cattle/Texas/24-008749-003/2024(H5N1)	447	G	A	1801	705	35	34	8	35	0.0185286	1835	1.22224e-09	TRUE	PB2:cds-XAJ25426.1	CCG	P	CCA	P	149
PB2|PP755596.1|A/cattle/Texas/24-008749-003/2024(H5N1)	457	G	A	1853	696	36	40	24	34	0.0211305	1893	2.88905e-11	TRUE	PB2:cds-XAJ25426.1	GAC	D	AAC	N	153
PB2|PP755596.1|A/cattle/Texas/24-008749-003/2024(H5N1)	466	G	A	1705	633	36	199	65	36	0.104517	1904	5.14917e-65	TRUE	PB2:cds-XAJ25426.1	GCC	A	ACC	T	156
PB2|PP755596.1|A/cattle/Texas/24-008749-003/2024(H5N1)	630	G	A	1	1	34	1798	1065	36	0.999444	1799	0	TRUE	PB2:cds-XAJ25426.1	GAG	E	GAA	E	210
PB2|PP755596.1|A/cattle/Texas/24-008749-003/2024(H5N1)	744	A	G	1955	899	37	87	49	36	0.0426053	2042	6.39831e-27	TRUE	PB2:cds-XAJ25426.1	GGA	G	GGG	G	248
PB2|PP755596.1|A/cattle/Texas/24-008749-003/2024(H5N1)	764	C	T	0	0	0	1962	900	35	0.999491	1963	0	TRUE	PB2:cds-XAJ25426.1	GCA	A	GTA	V	255
PB2|PP755596.1|A/cattle/Texas/24-008749-003/2024(H5N1)	807	A	G	256	91	35	1930	871	36	0.882891	2186	0	TRUE	PB2:cds-XAJ25426.1	AGA	R	AGG	R	269
PB2|PP755596.1|A/cattle/Texas/24-008749-003/2024(H5N1)	912	G	A	1	0	34	2025	936	36	0.998521	2028	0	TRUE	PB2:cds-XAJ25426.1	GAG	E	GAA	E	304
PB2|PP755596.1|A/cattle/Texas/24-008749-003/2024(H5N1)	1392	G	A	5	5	34	2235	1521	36	0.997323	2241	0	TRUE	PB2:cds-XAJ25426.1	TTG	L	TTA	L	464
PB2|PP755596.1|A/cattle/Texas/24-008749-003/2024(H5N1)	1461	A	G	0	0	0	2177	1284	35	1	2177	0	TRUE	PB2:cds-XAJ25426.1	GAA	E	GAG	E	487
PB2|PP755596.1|A/cattle/Texas/24-008749-003/2024(H5N1)	1545	C	T	296	87	36	2096	718	36	0.875888	2393	0	TRUE	PB2:cds-XAJ25426.1	CCC	P	CCT	P	515
PB2|PP755596.1|A/cattle/Texas/24-008749-003/2024(H5N1)	2009	A	G	0	0	0	2145	1226	36	1	2145	0	TRUE	PB2:cds-XAJ25426.1	AAA	K	AGA	R	670
