REGION	POS	REF	ALT	REF_DP	REF_RV	REF_QUAL	ALT_DP	ALT_RV	ALT_QUAL	ALT_FREQ	TOTAL_DP	PVAL	PASS	GFF_FEATURE	REF_CODON	REF_AA	ALT_CODON	ALT_AA	POS_AA
MP|PP755590.1|A/cattle/Texas/24-008749-003/2024(H5N1)	42	C	A	7751	1875	45	96	13	42	0.0122277	7851	3.33987e-53	TRUE	M1:cds-XAJ25416.1	ATC	I	ATA	I	14
MP|PP755590.1|A/cattle/Texas/24-008749-003/2024(H5N1)	285	A	G	19	11	53	32894	15376	52	0.99915	32922	0	TRUE	M1:cds-XAJ25416.1	AGA	R	AGG	R	95
MP|PP755590.1|A/cattle/Texas/24-008749-003/2024(H5N1)	408	G	A	1939	1122	49	32293	16289	51	0.942999	34245	0	TRUE	M1:cds-XAJ25416.1	GGG	G	GGA	G	136
MP|PP755590.1|A/cattle/Texas/24-008749-003/2024(H5N1)	456	A	G	15	7	49	34444	16480	54	0.999507	34461	0	TRUE	M1:cds-XAJ25416.1	GAA	E	GAG	E	152
MP|PP755590.1|A/cattle/Texas/24-008749-003/2024(H5N1)	519	C	T	5	3	51	35942	17569	53	0.99975	35951	0	TRUE	M1:cds-XAJ25416.1	ATC	I	ATT	I	173
MP|PP755590.1|A/cattle/Texas/24-008749-003/2024(H5N1)	954	G	A	7	7	43	11066	9558	46	0.999278	11074	0	TRUE	M2:cds-XAJ25417.1	GGT	G	GAT	D	80
