REGION	POS	REF	ALT	REF_DP	REF_RV	REF_QUAL	ALT_DP	ALT_RV	ALT_QUAL	ALT_FREQ	TOTAL_DP	PVAL	PASS	GFF_FEATURE	REF_CODON	REF_AA	ALT_CODON	ALT_AA	POS_AA
PA|PP755594.1|A/cattle/Texas/24-008749-003/2024(H5N1)	6	A	G	132	9	36	2	0	51	0.0149254	134	0.00804375	TRUE	PA:cds-XAJ25422.1	GAA	E	GAG	E	2
PA|PP755594.1|A/cattle/Texas/24-008749-003/2024(H5N1)	6	A	G	132	9	36	2	0	51	0.0149254	134	0.00804375	TRUE	PA-X:cds-XAJ25423.1	GAA	E	GAG	E	2
PA|PP755594.1|A/cattle/Texas/24-008749-003/2024(H5N1)	144	T	C	0	0	0	1909	831	41	1	1909	0	TRUE	PA:cds-XAJ25422.1	TAT	Y	TAC	Y	48
PA|PP755594.1|A/cattle/Texas/24-008749-003/2024(H5N1)	144	T	C	0	0	0	1909	831	41	1	1909	0	TRUE	PA-X:cds-XAJ25423.1	TAT	Y	TAC	Y	48
PA|PP755594.1|A/cattle/Texas/24-008749-003/2024(H5N1)	679	G	A	2298	1119	38	64	30	37	0.0270957	2362	1.0095e-19	TRUE	PA:cds-XAJ25422.1	GAA	E	AAA	K	227
PA|PP755594.1|A/cattle/Texas/24-008749-003/2024(H5N1)	679	G	A	2298	1119	38	64	30	37	0.0270957	2362	1.0095e-19	TRUE	PA-X:cds-XAJ25423.1	TTG	L	TTA	L	36
PA|PP755594.1|A/cattle/Texas/24-008749-003/2024(H5N1)	922	A	G	0	0	0	2721	718	37	1	2721	0	TRUE	PA:cds-XAJ25422.1	ATC	I	GTC	V	308
PA|PP755594.1|A/cattle/Texas/24-008749-003/2024(H5N1)	981	G	A	2	1	47	2577	909	38	0.999225	2579	0	TRUE	PA:cds-XAJ25422.1	GAG	E	GAA	E	327
PA|PP755594.1|A/cattle/Texas/24-008749-003/2024(H5N1)	989	T	C	2	1	34	2639	924	38	0.999243	2641	0	TRUE	PA:cds-XAJ25422.1	ATA	I	ACA	T	330
PA|PP755594.1|A/cattle/Texas/24-008749-003/2024(H5N1)	1294	G	A	1	0	34	2956	1516	40	0.999662	2957	0	TRUE	PA:cds-XAJ25422.1	GTT	V	ATT	I	432
