REGION	POS	REF	ALT	REF_DP	REF_RV	REF_QUAL	ALT_DP	ALT_RV	ALT_QUAL	ALT_FREQ	TOTAL_DP	PVAL	PASS	GFF_FEATURE	REF_CODON	REF_AA	ALT_CODON	ALT_AA	POS_AA
HA|PP755589.1|A/cattle/Texas/24-008749-003/2024(H5N1)	36	C	T	66	5	37	1	0	34	0.0149254	67	0.273469	FALSE	HA:cds-XAJ25415.1	AGC	S	AGT	S	12
HA|PP755589.1|A/cattle/Texas/24-008749-003/2024(H5N1)	68	A	G	92	10	38	2	0	34	0.0212766	94	0.0955347	FALSE	HA:cds-XAJ25415.1	TAC	Y	TGC	C	23
HA|PP755589.1|A/cattle/Texas/24-008749-003/2024(H5N1)	89	A	G	139	15	37	2	1	68	0.0141844	141	0.122455	FALSE	HA:cds-XAJ25415.1	GAG	E	GGG	G	30
HA|PP755589.1|A/cattle/Texas/24-008749-003/2024(H5N1)	300	C	A	277	120	35	4	2	30	0.0142349	281	0.0519289	FALSE	HA:cds-XAJ25415.1	AAC	N	AAA	K	100
HA|PP755589.1|A/cattle/Texas/24-008749-003/2024(H5N1)	309	T	C	212	84	35	70	25	36	0.248227	282	2.19077e-25	TRUE	HA:cds-XAJ25415.1	AAT	N	AAC	N	103
HA|PP755589.1|A/cattle/Texas/24-008749-003/2024(H5N1)	311	A	G	0	0	0	282	112	34	1	282	2.17699e-179	TRUE	HA:cds-XAJ25415.1	GAC	D	GGC	G	104
HA|PP755589.1|A/cattle/Texas/24-008749-003/2024(H5N1)	439	G	A	0	0	0	287	144	37	1	287	9.75637e-187	TRUE	HA:cds-XAJ25415.1	GTG	V	ATG	M	147
HA|PP755589.1|A/cattle/Texas/24-008749-003/2024(H5N1)	579	G	A	0	0	0	326	126	35	1	326	7.59633e-208	TRUE	HA:cds-XAJ25415.1	GGG	G	GGA	G	193
HA|PP755589.1|A/cattle/Texas/24-008749-003/2024(H5N1)	651	G	A	0	0	0	325	129	35	1	325	1.68856e-210	TRUE	HA:cds-XAJ25415.1	GGG	G	GGA	G	217
HA|PP755589.1|A/cattle/Texas/24-008749-003/2024(H5N1)	675	G	A	0	0	0	315	127	35	1	315	1.60136e-205	TRUE	HA:cds-XAJ25415.1	TTG	L	TTA	L	225
HA|PP755589.1|A/cattle/Texas/24-008749-003/2024(H5N1)	1007	G	A	0	0	0	339	190	35	1	339	2.66513e-214	TRUE	HA:cds-XAJ25415.1	AGT	S	AAT	N	336
HA|PP755589.1|A/cattle/Texas/24-008749-003/2024(H5N1)	1020	A	G	317	178	36	24	16	32	0.0703812	341	1.28004e-08	TRUE	HA:cds-XAJ25415.1	GAA	E	GAG	E	340
HA|PP755589.1|A/cattle/Texas/24-008749-003/2024(H5N1)	1052	T	A	360	201	36	8	1	31	0.0217391	368	0.00258762	TRUE	HA:cds-XAJ25415.1	ATA	I	AAA	K	351
HA|PP755589.1|A/cattle/Texas/24-008749-003/2024(H5N1)	1056	A	G	373	178	35	32	19	36	0.0790123	405	2.27857e-11	TRUE	HA:cds-XAJ25415.1	GCA	A	GCG	A	352
HA|PP755589.1|A/cattle/Texas/24-008749-003/2024(H5N1)	1358	T	C	1996	950	36	95	43	35	0.0454328	2091	2.34096e-29	TRUE	HA:cds-XAJ25415.1	CTA	L	CCA	P	453
