REGION	POS	REF	ALT	REF_DP	REF_RV	REF_QUAL	ALT_DP	ALT_RV	ALT_QUAL	ALT_FREQ	TOTAL_DP	PVAL	PASS	GFF_FEATURE	REF_CODON	REF_AA	ALT_CODON	ALT_AA	POS_AA
PB2|PP755596.1|A/cattle/Texas/24-008749-003/2024(H5N1)	240	G	A	0	0	0	545	315	35	1	545	0	TRUE	PB2:cds-XAJ25426.1	AAG	K	AAA	K	80
PB2|PP755596.1|A/cattle/Texas/24-008749-003/2024(H5N1)	288	G	A	0	0	0	585	309	35	1	585	0	TRUE	PB2:cds-XAJ25426.1	GTG	V	GTA	V	96
PB2|PP755596.1|A/cattle/Texas/24-008749-003/2024(H5N1)	594	C	T	645	412	37	20	14	32	0.0300752	665	1.8627e-07	TRUE	PB2:cds-XAJ25426.1	ATC	I	ATT	I	198
PB2|PP755596.1|A/cattle/Texas/24-008749-003/2024(H5N1)	630	G	A	0	0	0	631	375	36	0.998418	632	0	TRUE	PB2:cds-XAJ25426.1	GAG	E	GAA	E	210
PB2|PP755596.1|A/cattle/Texas/24-008749-003/2024(H5N1)	738	A	T	0	0	0	694	313	36	1	694	0	TRUE	PB2:cds-XAJ25426.1	CCA	P	CCT	P	246
PB2|PP755596.1|A/cattle/Texas/24-008749-003/2024(H5N1)	764	C	T	0	0	0	713	317	35	1	713	0	TRUE	PB2:cds-XAJ25426.1	GCA	A	GTA	V	255
PB2|PP755596.1|A/cattle/Texas/24-008749-003/2024(H5N1)	912	G	A	0	0	0	760	353	37	1	760	0	TRUE	PB2:cds-XAJ25426.1	GAG	E	GAA	E	304
PB2|PP755596.1|A/cattle/Texas/24-008749-003/2024(H5N1)	930	A	G	772	368	36	8	3	38	0.0102433	781	0.00217946	TRUE	PB2:cds-XAJ25426.1	ATA	I	ATG	M	310
PB2|PP755596.1|A/cattle/Texas/24-008749-003/2024(H5N1)	1085	G	C	543	163	35	8	8	26	0.0145191	551	0.247583	FALSE	PB2:cds-XAJ25426.1	GGG	G	GCG	A	362
PB2|PP755596.1|A/cattle/Texas/24-008749-003/2024(H5N1)	1086	G	A	628	257	35	25	7	36	0.0382848	653	4.80942e-10	TRUE	PB2:cds-XAJ25426.1	GGG	G	GGA	G	362
PB2|PP755596.1|A/cattle/Texas/24-008749-003/2024(H5N1)	1281	G	T	655	301	36	41	15	37	0.058908	696	1.27405e-14	TRUE	PB2:cds-XAJ25426.1	CGG	R	CGT	R	427
PB2|PP755596.1|A/cattle/Texas/24-008749-003/2024(H5N1)	1392	G	A	0	0	0	718	478	36	1	718	0	TRUE	PB2:cds-XAJ25426.1	TTG	L	TTA	L	464
PB2|PP755596.1|A/cattle/Texas/24-008749-003/2024(H5N1)	1701	T	C	0	0	0	821	471	36	1	821	0	TRUE	PB2:cds-XAJ25426.1	GAT	D	GAC	D	567
PB2|PP755596.1|A/cattle/Texas/24-008749-003/2024(H5N1)	1960	C	A	796	390	36	9	7	34	0.0111801	805	0.0012199	TRUE	PB2:cds-XAJ25426.1	CCA	P	ACA	T	654
PB2|PP755596.1|A/cattle/Texas/24-008749-003/2024(H5N1)	2009	A	G	0	0	0	810	448	37	1	810	0	TRUE	PB2:cds-XAJ25426.1	AAA	K	AGA	R	670
PB2|PP755596.1|A/cattle/Texas/24-008749-003/2024(H5N1)	2110	T	-ATGGCCCAGCACTGAGCATC	700	492	36	11	0	20	0.0115546	952	0.187938	FALSE	NA	NA	NA	NA	NA	NA
