REGION	POS	REF	ALT	REF_DP	REF_RV	REF_QUAL	ALT_DP	ALT_RV	ALT_QUAL	ALT_FREQ	TOTAL_DP	PVAL	PASS	GFF_FEATURE	REF_CODON	REF_AA	ALT_CODON	ALT_AA	POS_AA
PB1|PP755595.1|A/cattle/Texas/24-008749-003/2024(H5N1)	2	T	G	8	1	35	1	0	23	0.111111	9	0.0905471	FALSE	PB1:cds-XAJ25424.1	ATG	M	AGG	R	1
PB1|PP755595.1|A/cattle/Texas/24-008749-003/2024(H5N1)	19	T	C	98	5	38	1	0	34	0.010101	99	0.211087	FALSE	PB1:cds-XAJ25424.1	TTA	L	CTA	L	7
PB1|PP755595.1|A/cattle/Texas/24-008749-003/2024(H5N1)	20	T	C	97	5	38	1	0	37	0.0102041	98	0.209402	FALSE	PB1:cds-XAJ25424.1	TTA	L	TCA	S	7
PB1|PP755595.1|A/cattle/Texas/24-008749-003/2024(H5N1)	23	T	C	98	5	39	1	0	37	0.010101	99	0.210638	FALSE	PB1:cds-XAJ25424.1	CTC	L	CCC	P	8
PB1|PP755595.1|A/cattle/Texas/24-008749-003/2024(H5N1)	900	C	T	976	579	38	39	28	38	0.0384236	1015	2.4027e-12	TRUE	PB1:cds-XAJ25424.1	TTC	F	TTT	F	300
PB1|PP755595.1|A/cattle/Texas/24-008749-003/2024(H5N1)	945	T	C	1	0	25	1054	618	38	0.999052	1055	0	TRUE	PB1:cds-XAJ25424.1	CCT	P	CCC	P	315
PB1|PP755595.1|A/cattle/Texas/24-008749-003/2024(H5N1)	1107	G	T	0	0	0	1054	481	40	0.996219	1058	0	TRUE	PB1:cds-XAJ25424.1	CCG	P	CCT	P	369
PB1|PP755595.1|A/cattle/Texas/24-008749-003/2024(H5N1)	1803	C	T	1	1	25	1350	681	38	0.99926	1351	0	TRUE	PB1:cds-XAJ25424.1	ATC	I	ATT	I	601
PB1|PP755595.1|A/cattle/Texas/24-008749-003/2024(H5N1)	1926	T	C	0	0	0	1531	926	38	1	1531	0	TRUE	PB1:cds-XAJ25424.1	AAT	N	AAC	N	642
PB1|PP755595.1|A/cattle/Texas/24-008749-003/2024(H5N1)	1950	C	T	0	0	0	1369	791	38	1	1369	0	TRUE	PB1:cds-XAJ25424.1	GGC	G	GGT	G	650
PB1|PP755595.1|A/cattle/Texas/24-008749-003/2024(H5N1)	2046	C	T	1	1	37	1237	622	40	0.999192	1238	0	TRUE	PB1:cds-XAJ25424.1	ATC	I	ATT	I	682
PB1|PP755595.1|A/cattle/Texas/24-008749-003/2024(H5N1)	2273	A	C	86	57	33	1	1	22	0.0114943	87	0.593487	FALSE	PB1:cds-XAJ25424.1	TAG	*	TCG	S	758
