REGION	POS	REF	ALT	REF_DP	REF_RV	REF_QUAL	ALT_DP	ALT_RV	ALT_QUAL	ALT_FREQ	TOTAL_DP	PVAL	PASS	GFF_FEATURE	REF_CODON	REF_AA	ALT_CODON	ALT_AA	POS_AA
HA|PP755589.1|A/cattle/Texas/24-008749-003/2024(H5N1)	4	G	A	0	0	0	21	1	34	1	21	4.6896e-16	TRUE	HA:cds-XAJ25415.1	GAG	E	AAG	K	2
HA|PP755589.1|A/cattle/Texas/24-008749-003/2024(H5N1)	311	A	G	1	0	34	1878	818	33	0.999468	1879	0	TRUE	HA:cds-XAJ25415.1	GAC	D	GGC	G	104
HA|PP755589.1|A/cattle/Texas/24-008749-003/2024(H5N1)	439	G	A	7	4	33	2049	1112	33	0.996595	2056	0	TRUE	HA:cds-XAJ25415.1	GTG	V	ATG	M	147
HA|PP755589.1|A/cattle/Texas/24-008749-003/2024(H5N1)	651	G	A	1	0	34	2234	1001	33	0.999553	2235	0	TRUE	HA:cds-XAJ25415.1	GGG	G	GGA	G	217
HA|PP755589.1|A/cattle/Texas/24-008749-003/2024(H5N1)	675	G	A	2	1	34	2139	994	32	0.999066	2141	0	TRUE	HA:cds-XAJ25415.1	TTG	L	TTA	L	225
HA|PP755589.1|A/cattle/Texas/24-008749-003/2024(H5N1)	1007	G	A	0	0	0	2286	1235	33	1	2286	0	TRUE	HA:cds-XAJ25415.1	AGT	S	AAT	N	336
HA|PP755589.1|A/cattle/Texas/24-008749-003/2024(H5N1)	1031	A	G	1937	1054	33	313	181	33	0.139049	2251	3.27861e-100	TRUE	HA:cds-XAJ25415.1	AAA	K	AGA	R	344
HA|PP755589.1|A/cattle/Texas/24-008749-003/2024(H5N1)	1052	T	A	2350	1302	33	39	7	33	0.0163248	2389	1.64599e-10	TRUE	HA:cds-XAJ25415.1	ATA	I	AAA	K	351
HA|PP755589.1|A/cattle/Texas/24-008749-003/2024(H5N1)	1082	G	A	2950	1193	33	94	39	33	0.0308804	3044	1.15131e-25	TRUE	HA:cds-XAJ25415.1	GGA	G	GAA	E	361
HA|PP755589.1|A/cattle/Texas/24-008749-003/2024(H5N1)	1173	T	C	0	0	0	6918	1788	33	0.999855	6919	0	TRUE	HA:cds-XAJ25415.1	GAT	D	GAC	D	391
HA|PP755589.1|A/cattle/Texas/24-008749-003/2024(H5N1)	1428	G	A	9568	4703	33	286	103	33	0.0290237	9854	5.32792e-74	TRUE	HA:cds-XAJ25415.1	AAG	K	AAA	K	476
HA|PP755589.1|A/cattle/Texas/24-008749-003/2024(H5N1)	1556	G	A	8985	4871	33	671	387	32	0.0694833	9657	1.25276e-198	TRUE	HA:cds-XAJ25415.1	AGC	S	AAC	N	519
