REGION	POS	REF	ALT	REF_DP	REF_RV	REF_QUAL	ALT_DP	ALT_RV	ALT_QUAL	ALT_FREQ	TOTAL_DP	PVAL	PASS	GFF_FEATURE	REF_CODON	REF_AA	ALT_CODON	ALT_AA	POS_AA
NA|PP755591.1|A/cattle/Texas/24-008749-003/2024(H5N1)	132	C	T	1	1	34	4265	684	37	0.999766	4266	0	TRUE	NA:cds-XAJ25418.1	TAC	Y	TAT	Y	44
NA|PP755591.1|A/cattle/Texas/24-008749-003/2024(H5N1)	182	G	T	5447	1886	38	197	61	38	0.034892	5646	2.95573e-59	TRUE	NA:cds-XAJ25418.1	TGG	W	TTG	L	61
NA|PP755591.1|A/cattle/Texas/24-008749-003/2024(H5N1)	218	A	T	5161	2299	37	715	261	36	0.121681	5876	3.60054e-238	TRUE	NA:cds-XAJ25418.1	AAT	N	ATT	I	73
NA|PP755591.1|A/cattle/Texas/24-008749-003/2024(H5N1)	873	G	A	5791	2818	36	834	444	35	0.125868	6626	8.97916e-278	TRUE	NA:cds-XAJ25418.1	GTG	V	GTA	V	291
NA|PP755591.1|A/cattle/Texas/24-008749-003/2024(H5N1)	1289	G	C	3540	2740	36	38	38	27	0.0106205	3578	0.410212	FALSE	NA:cds-XAJ25418.1	AGG	R	ACG	T	430
