REGION	POS	REF	ALT	REF_DP	REF_RV	REF_QUAL	ALT_DP	ALT_RV	ALT_QUAL	ALT_FREQ	TOTAL_DP	PVAL	PASS	GFF_FEATURE	REF_CODON	REF_AA	ALT_CODON	ALT_AA	POS_AA
NS|PP755593.1|A/cattle/Texas/24-008749-003/2024(H5N1)	94	T	C	40533	11094	33	7422	1502	33	0.154754	47960	0	TRUE	NS1:cds-XAJ25420.1	TTC	F	CTC	L	32
NS|PP755593.1|A/cattle/Texas/24-008749-003/2024(H5N1)	199	A	G	5	2	27	65322	28511	33	0.999801	65335	0	TRUE	NS1:cds-XAJ25420.1	AGG	R	GGG	G	67
NS|PP755593.1|A/cattle/Texas/24-008749-003/2024(H5N1)	222	T	C	36	23	33	76481	40466	33	0.99953	76517	0	TRUE	NS1:cds-XAJ25420.1	GAT	D	GAC	D	74
NS|PP755593.1|A/cattle/Texas/24-008749-003/2024(H5N1)	345	C	T	54086	26853	33	18525	11095	33	0.255109	72616	0	TRUE	NS1:cds-XAJ25420.1	CTC	L	CTT	L	115
NS|PP755593.1|A/cattle/Texas/24-008749-003/2024(H5N1)	660	G	A	61604	34001	33	1557	844	33	0.0246486	63168	0	TRUE	NEP:cds-XAJ25421.1	GGA	G	GAA	E	53
NS|PP755593.1|A/cattle/Texas/24-008749-003/2024(H5N1)	660	G	A	61604	34001	33	1557	844	33	0.0246486	63168	0	TRUE	NS1:cds-XAJ25420.1	CGG	R	CGA	R	220
