REGION	POS	REF	ALT	REF_DP	REF_RV	REF_QUAL	ALT_DP	ALT_RV	ALT_QUAL	ALT_FREQ	TOTAL_DP	PVAL	PASS	GFF_FEATURE	REF_CODON	REF_AA	ALT_CODON	ALT_AA	POS_AA
MP|PP755590.1|A/cattle/Texas/24-008749-003/2024(H5N1)	245	G	A	4	1	34	36469	18034	33	0.999671	36481	0	TRUE	M1:cds-XAJ25416.1	AGT	S	AAT	N	82
MP|PP755590.1|A/cattle/Texas/24-008749-003/2024(H5N1)	430	T	C	806	424	33	36108	18642	33	0.977795	36928	0	TRUE	M1:cds-XAJ25416.1	TTG	L	CTG	L	144
MP|PP755590.1|A/cattle/Texas/24-008749-003/2024(H5N1)	612	G	A	719	349	33	34818	16695	33	0.979464	35548	0	TRUE	M1:cds-XAJ25416.1	GAG	E	GAA	E	204
MP|PP755590.1|A/cattle/Texas/24-008749-003/2024(H5N1)	830	T	C	38566	20190	32	698	376	32	0.0177717	39276	3.07889e-161	TRUE	M2:cds-XAJ25417.1	TTC	F	CTC	L	39
