REGION	POS	REF	ALT	REF_DP	REF_RV	REF_QUAL	ALT_DP	ALT_RV	ALT_QUAL	ALT_FREQ	TOTAL_DP	PVAL	PASS	GFF_FEATURE	REF_CODON	REF_AA	ALT_CODON	ALT_AA	POS_AA
NA|PP755591.1|A/cattle/Texas/24-008749-003/2024(H5N1)	21	A	G	95	17	37	1	0	26	0.0104167	96	0.633569	FALSE	NA:cds-XAJ25418.1	ATA	I	ATG	M	7
NA|PP755591.1|A/cattle/Texas/24-008749-003/2024(H5N1)	305	A	G	2	1	33	303	154	37	0.993443	305	9.04861e-199	TRUE	NA:cds-XAJ25418.1	AAG	K	AGG	R	102
NA|PP755591.1|A/cattle/Texas/24-008749-003/2024(H5N1)	664	A	G	96	49	39	184	91	37	0.657143	280	8.32638e-84	TRUE	NA:cds-XAJ25418.1	AAC	N	GAC	D	222
NA|PP755591.1|A/cattle/Texas/24-008749-003/2024(H5N1)	795	A	G	0	0	0	274	149	37	1	274	1.29556e-178	TRUE	NA:cds-XAJ25418.1	AAA	K	AAG	K	265
