REGION	POS	REF	ALT	REF_DP	REF_RV	REF_QUAL	ALT_DP	ALT_RV	ALT_QUAL	ALT_FREQ	TOTAL_DP	PVAL	PASS	GFF_FEATURE	REF_CODON	REF_AA	ALT_CODON	ALT_AA	POS_AA
NP|PP755592.1|A/cattle/Texas/24-008749-003/2024(H5N1)	11	A	G	336	81	33	4	2	34	0.0117647	340	0.00168287	TRUE	NP:cds-XAJ25419.1	CAA	Q	CGA	R	4
NP|PP755592.1|A/cattle/Texas/24-008749-003/2024(H5N1)	105	A	G	1990	802	33	210	81	33	0.0954545	2200	8.69409e-96	TRUE	NP:cds-XAJ25419.1	GGA	G	GGG	G	35
NP|PP755592.1|A/cattle/Texas/24-008749-003/2024(H5N1)	355	A	G	14	11	33	3854	2075	33	0.996381	3868	0	TRUE	NP:cds-XAJ25419.1	ATT	I	GTT	V	119
NP|PP755592.1|A/cattle/Texas/24-008749-003/2024(H5N1)	387	A	G	4464	2627	33	74	50	33	0.0163067	4538	1.20805e-18	TRUE	NP:cds-XAJ25419.1	GCA	A	GCG	A	129
NP|PP755592.1|A/cattle/Texas/24-008749-003/2024(H5N1)	474	A	G	0	0	0	3733	2018	33	1	3733	0	TRUE	NP:cds-XAJ25419.1	GGA	G	GGG	G	158
NP|PP755592.1|A/cattle/Texas/24-008749-003/2024(H5N1)	498	G	A	0	0	0	3802	1634	33	1	3802	0	TRUE	NP:cds-XAJ25419.1	CTG	L	CTA	L	166
NP|PP755592.1|A/cattle/Texas/24-008749-003/2024(H5N1)	540	A	G	3715	1345	33	51	20	33	0.0135422	3766	5.05282e-13	TRUE	NP:cds-XAJ25419.1	GGA	G	GGG	G	180
NP|PP755592.1|A/cattle/Texas/24-008749-003/2024(H5N1)	585	A	G	3973	1587	33	410	165	33	0.0935219	4384	1.46836e-124	TRUE	NP:cds-XAJ25419.1	CGA	R	CGG	R	195
NP|PP755592.1|A/cattle/Texas/24-008749-003/2024(H5N1)	778	G	A	3687	2196	33	388	233	33	0.0952147	4075	2.3417e-116	TRUE	NP:cds-XAJ25419.1	GCA	A	ACA	T	260
NP|PP755592.1|A/cattle/Texas/24-008749-003/2024(H5N1)	870	C	T	0	0	0	3690	1812	33	1	3690	0	TRUE	NP:cds-XAJ25419.1	GAC	D	GAT	D	290
NP|PP755592.1|A/cattle/Texas/24-008749-003/2024(H5N1)	952	C	G	3980	1939	33	152	75	33	0.0367772	4133	1.0549e-41	TRUE	NP:cds-XAJ25419.1	CCG	P	GCG	A	318
NP|PP755592.1|A/cattle/Texas/24-008749-003/2024(H5N1)	957	T	C	3772	1828	33	101	50	33	0.026078	3873	1.21349e-26	TRUE	NP:cds-XAJ25419.1	AAT	N	AAC	N	319
NP|PP755592.1|A/cattle/Texas/24-008749-003/2024(H5N1)	1014	T	C	1	1	34	3833	2034	33	0.999739	3834	0	TRUE	NP:cds-XAJ25419.1	TTT	F	TTC	F	338
NP|PP755592.1|A/cattle/Texas/24-008749-003/2024(H5N1)	1092	G	A	0	0	0	4107	2049	33	0.999513	4109	0	TRUE	NP:cds-XAJ25419.1	CAG	Q	CAA	Q	364
NP|PP755592.1|A/cattle/Texas/24-008749-003/2024(H5N1)	1151	G	A	4073	2073	33	247	108	33	0.0571495	4322	6.91133e-71	TRUE	NP:cds-XAJ25419.1	AGA	R	AAA	K	384
