REGION	POS	REF	ALT	REF_DP	REF_RV	REF_QUAL	ALT_DP	ALT_RV	ALT_QUAL	ALT_FREQ	TOTAL_DP	PVAL	PASS	GFF_FEATURE	REF_CODON	REF_AA	ALT_CODON	ALT_AA	POS_AA
PB2|PP755596.1|A/cattle/Texas/24-008749-003/2024(H5N1)	172	G	A	470	209	40	1004	416	41	0.68114	1474	0	TRUE	PB2:cds-XAJ25426.1	GCA	A	ACA	T	58
PB2|PP755596.1|A/cattle/Texas/24-008749-003/2024(H5N1)	240	G	A	0	0	0	1452	788	37	0.999312	1453	0	TRUE	PB2:cds-XAJ25426.1	AAG	K	AAA	K	80
PB2|PP755596.1|A/cattle/Texas/24-008749-003/2024(H5N1)	630	G	A	0	0	0	1437	818	37	1	1437	0	TRUE	PB2:cds-XAJ25426.1	GAG	E	GAA	E	210
PB2|PP755596.1|A/cattle/Texas/24-008749-003/2024(H5N1)	764	C	T	0	0	0	1472	688	37	0.999321	1473	0	TRUE	PB2:cds-XAJ25426.1	GCA	A	GTA	V	255
PB2|PP755596.1|A/cattle/Texas/24-008749-003/2024(H5N1)	804	A	G	1442	771	36	17	10	35	0.0116518	1459	8.28667e-06	TRUE	PB2:cds-XAJ25426.1	AGA	R	AGG	R	268
PB2|PP755596.1|A/cattle/Texas/24-008749-003/2024(H5N1)	816	G	T	1402	653	39	342	133	37	0.196101	1744	2.84893e-121	TRUE	PB2:cds-XAJ25426.1	GTG	V	GTT	V	272
PB2|PP755596.1|A/cattle/Texas/24-008749-003/2024(H5N1)	894	T	C	1443	624	38	136	59	37	0.0861305	1579	1.23051e-46	TRUE	PB2:cds-XAJ25426.1	CTT	L	CTC	L	298
PB2|PP755596.1|A/cattle/Texas/24-008749-003/2024(H5N1)	912	G	A	0	0	0	1543	759	38	1	1543	0	TRUE	PB2:cds-XAJ25426.1	GAG	E	GAA	E	304
PB2|PP755596.1|A/cattle/Texas/24-008749-003/2024(H5N1)	1035	T	C	1352	763	37	302	172	36	0.182588	1654	1.08372e-104	TRUE	PB2:cds-XAJ25426.1	CTT	L	CTC	L	345
PB2|PP755596.1|A/cattle/Texas/24-008749-003/2024(H5N1)	1064	G	A	1541	782	37	22	8	35	0.0140755	1563	4.72239e-07	TRUE	PB2:cds-XAJ25426.1	AGA	R	AAA	K	355
PB2|PP755596.1|A/cattle/Texas/24-008749-003/2024(H5N1)	1102	A	G	1660	744	38	28	11	33	0.0165877	1688	5.28521e-09	TRUE	PB2:cds-XAJ25426.1	AGA	R	GGA	G	368
PB2|PP755596.1|A/cattle/Texas/24-008749-003/2024(H5N1)	1392	G	A	0	0	0	1676	1181	37	0.999404	1677	0	TRUE	PB2:cds-XAJ25426.1	TTG	L	TTA	L	464
PB2|PP755596.1|A/cattle/Texas/24-008749-003/2024(H5N1)	1461	A	G	564	297	36	1141	662	35	0.669208	1705	0	TRUE	PB2:cds-XAJ25426.1	GAA	E	GAG	E	487
PB2|PP755596.1|A/cattle/Texas/24-008749-003/2024(H5N1)	1878	G	A	1559	789	39	26	10	36	0.0164038	1585	1.16536e-08	TRUE	PB2:cds-XAJ25426.1	CCG	P	CCA	P	626
PB2|PP755596.1|A/cattle/Texas/24-008749-003/2024(H5N1)	2009	A	G	0	0	0	1574	795	39	0.999365	1575	0	TRUE	PB2:cds-XAJ25426.1	AAA	K	AGA	R	670
