REGION	POS	REF	ALT	REF_DP	REF_RV	REF_QUAL	ALT_DP	ALT_RV	ALT_QUAL	ALT_FREQ	TOTAL_DP	PVAL	PASS	GFF_FEATURE	REF_CODON	REF_AA	ALT_CODON	ALT_AA	POS_AA
MP|PP755590.1|A/cattle/Texas/24-008749-003/2024(H5N1)	51	G	A	17551	2361	36	2199	122	32	0.111342	19750	0	TRUE	M1:cds-XAJ25416.1	TCG	S	TCA	S	17
MP|PP755590.1|A/cattle/Texas/24-008749-003/2024(H5N1)	72	C	T	26298	4734	38	690	123	38	0.0255612	26994	1.59828e-259	TRUE	M1:cds-XAJ25416.1	ATC	I	ATT	I	24
MP|PP755590.1|A/cattle/Texas/24-008749-003/2024(H5N1)	240	C	T	57258	25752	39	2410	1139	39	0.0403841	59677	0	TRUE	M1:cds-XAJ25416.1	GTC	V	GTT	V	80
MP|PP755590.1|A/cattle/Texas/24-008749-003/2024(H5N1)	245	G	A	4	2	32	58020	26335	39	0.999776	58033	0	TRUE	M1:cds-XAJ25416.1	AGT	S	AAT	N	82
MP|PP755590.1|A/cattle/Texas/24-008749-003/2024(H5N1)	598	G	A	58815	29675	38	961	362	35	0.0160743	59785	9.00513e-236	TRUE	M1:cds-XAJ25416.1	GTG	V	ATG	M	200
