REGION	POS	REF	ALT	REF_DP	REF_RV	REF_QUAL	ALT_DP	ALT_RV	ALT_QUAL	ALT_FREQ	TOTAL_DP	PVAL	PASS	GFF_FEATURE	REF_CODON	REF_AA	ALT_CODON	ALT_AA	POS_AA
NS|PP755593.1|A/cattle/Texas/24-008749-003/2024(H5N1)	78	A	G	47259	13977	33	4427	1319	33	0.0856468	51689	0	TRUE	NS1:cds-XAJ25420.1	GAA	E	GAG	E	26
NS|PP755593.1|A/cattle/Texas/24-008749-003/2024(H5N1)	199	A	G	5	1	30	87201	39878	33	0.999839	87215	0	TRUE	NS1:cds-XAJ25420.1	AGG	R	GGG	G	67
NS|PP755593.1|A/cattle/Texas/24-008749-003/2024(H5N1)	222	T	C	38	18	34	93964	47452	33	0.999447	94016	0	TRUE	NS1:cds-XAJ25420.1	GAT	D	GAC	D	74
NS|PP755593.1|A/cattle/Texas/24-008749-003/2024(H5N1)	469	G	A	84281	39008	33	4410	1995	33	0.049721	88695	0	TRUE	NS1:cds-XAJ25420.1	GTC	V	ATC	I	157
