REGION	POS	REF	ALT	REF_DP	REF_RV	REF_QUAL	ALT_DP	ALT_RV	ALT_QUAL	ALT_FREQ	TOTAL_DP	PVAL	PASS	GFF_FEATURE	REF_CODON	REF_AA	ALT_CODON	ALT_AA	POS_AA
NP|PP755592.1|A/cattle/Texas/24-008749-003/2024(H5N1)	156	C	A	3	1	31	8005	4230	43	0.999501	8009	0	TRUE	NP:cds-XAJ25419.1	CAC	H	CAA	Q	52
NP|PP755592.1|A/cattle/Texas/24-008749-003/2024(H5N1)	186	C	T	381	160	42	7815	4036	42	0.953514	8196	0	TRUE	NP:cds-XAJ25419.1	ACC	T	ACT	T	62
NP|PP755592.1|A/cattle/Texas/24-008749-003/2024(H5N1)	585	A	G	256	118	46	6812	2765	47	0.96378	7068	0	TRUE	NP:cds-XAJ25419.1	CGA	R	CGG	R	195
NP|PP755592.1|A/cattle/Texas/24-008749-003/2024(H5N1)	590	T	C	258	122	47	6836	2854	46	0.963631	7094	0	TRUE	NP:cds-XAJ25419.1	ATC	I	ACC	T	197
NP|PP755592.1|A/cattle/Texas/24-008749-003/2024(H5N1)	1033	A	G	424	197	40	8034	4300	42	0.94987	8458	0	TRUE	NP:cds-XAJ25419.1	AGC	S	GGC	G	345
