REGION	POS	REF	ALT	REF_DP	REF_RV	REF_QUAL	ALT_DP	ALT_RV	ALT_QUAL	ALT_FREQ	TOTAL_DP	PVAL	PASS	GFF_FEATURE	REF_CODON	REF_AA	ALT_CODON	ALT_AA	POS_AA
NS|PP755593.1|A/cattle/Texas/24-008749-003/2024(H5N1)	20	T	C	2	1	34	14623	1992	33	0.999863	14625	0	TRUE	NEP:cds-XAJ25421.1	TTA	L	TCA	S	7
NS|PP755593.1|A/cattle/Texas/24-008749-003/2024(H5N1)	20	T	C	2	1	34	14623	1992	33	0.999863	14625	0	TRUE	NS1:cds-XAJ25420.1	TTA	L	TCA	S	7
NS|PP755593.1|A/cattle/Texas/24-008749-003/2024(H5N1)	143	G	A	47	13	33	41631	16483	32	0.998537	41692	0	TRUE	NS1:cds-XAJ25420.1	AGC	S	AAC	N	48
NS|PP755593.1|A/cattle/Texas/24-008749-003/2024(H5N1)	167	C	T	654	263	33	41207	18798	33	0.984212	41868	0	TRUE	NS1:cds-XAJ25420.1	ACG	T	ATG	M	56
NS|PP755593.1|A/cattle/Texas/24-008749-003/2024(H5N1)	183	G	A	22	7	32	41270	20478	33	0.999346	41297	0	TRUE	NS1:cds-XAJ25420.1	GGG	G	GGA	G	61
NS|PP755593.1|A/cattle/Texas/24-008749-003/2024(H5N1)	222	T	C	16	4	34	47631	24387	33	0.999559	47652	0	TRUE	NS1:cds-XAJ25420.1	GAT	D	GAC	D	74
NS|PP755593.1|A/cattle/Texas/24-008749-003/2024(H5N1)	333	G	T	1	0	34	45751	24237	33	0.999672	45766	0	TRUE	NS1:cds-XAJ25420.1	GTG	V	GTT	V	111
NS|PP755593.1|A/cattle/Texas/24-008749-003/2024(H5N1)	370	A	G	16	10	33	47659	23767	33	0.999622	47677	0	TRUE	NS1:cds-XAJ25420.1	ATG	M	GTG	V	124
NS|PP755593.1|A/cattle/Texas/24-008749-003/2024(H5N1)	381	C	T	5	4	34	46282	20885	32	0.999546	46303	0	TRUE	NS1:cds-XAJ25420.1	AAC	N	AAT	N	127
NS|PP755593.1|A/cattle/Texas/24-008749-003/2024(H5N1)	384	C	A	0	0	0	49055	24114	33	0.999837	49063	0	TRUE	NS1:cds-XAJ25420.1	ATC	I	ATA	I	128
NS|PP755593.1|A/cattle/Texas/24-008749-003/2024(H5N1)	512	A	G	740	304	33	49487	25146	33	0.985149	50233	0	TRUE	NEP:cds-XAJ25421.1	ATG	M	GTG	V	4
NS|PP755593.1|A/cattle/Texas/24-008749-003/2024(H5N1)	512	A	G	740	304	33	49487	25146	33	0.985149	50233	0	TRUE	NS1:cds-XAJ25420.1	GAT	D	GGT	G	171
NS|PP755593.1|A/cattle/Texas/24-008749-003/2024(H5N1)	747	A	G	15	10	34	39340	29956	33	0.999416	39363	0	TRUE	NEP:cds-XAJ25421.1	AAT	N	AGT	S	82
