REGION	POS	REF	ALT	REF_DP	REF_RV	REF_QUAL	ALT_DP	ALT_RV	ALT_QUAL	ALT_FREQ	TOTAL_DP	PVAL	PASS	GFF_FEATURE	REF_CODON	REF_AA	ALT_CODON	ALT_AA	POS_AA
HA|PP755589.1|A/cattle/Texas/24-008749-003/2024(H5N1)	4	G	A	0	0	0	16	0	32	1	16	1.00858e-12	TRUE	HA:cds-XAJ25415.1	GAG	E	AAG	K	2
HA|PP755589.1|A/cattle/Texas/24-008749-003/2024(H5N1)	178	C	T	0	0	0	1232	633	33	1	1232	0	TRUE	HA:cds-XAJ25415.1	CTA	L	TTA	L	60
HA|PP755589.1|A/cattle/Texas/24-008749-003/2024(H5N1)	264	A	G	1226	690	33	14	10	34	0.0112903	1240	0.000439137	TRUE	HA:cds-XAJ25415.1	AGA	R	AGG	R	88
HA|PP755589.1|A/cattle/Texas/24-008749-003/2024(H5N1)	311	A	G	0	0	0	1141	541	33	1	1141	0	TRUE	HA:cds-XAJ25415.1	GAC	D	GGC	G	104
HA|PP755589.1|A/cattle/Texas/24-008749-003/2024(H5N1)	439	G	A	14	10	33	1280	699	33	0.989181	1294	0	TRUE	HA:cds-XAJ25415.1	GTG	V	ATG	M	147
HA|PP755589.1|A/cattle/Texas/24-008749-003/2024(H5N1)	651	G	A	0	0	0	1059	475	33	1	1059	0	TRUE	HA:cds-XAJ25415.1	GGG	G	GGA	G	217
HA|PP755589.1|A/cattle/Texas/24-008749-003/2024(H5N1)	675	G	A	0	0	0	1058	477	33	0.999056	1059	0	TRUE	HA:cds-XAJ25415.1	TTG	L	TTA	L	225
HA|PP755589.1|A/cattle/Texas/24-008749-003/2024(H5N1)	700	C	A	1037	477	33	22	13	34	0.0207743	1059	2.1196e-06	TRUE	HA:cds-XAJ25415.1	CAA	Q	AAA	K	234
HA|PP755589.1|A/cattle/Texas/24-008749-003/2024(H5N1)	1007	G	A	0	0	0	1072	617	33	1	1072	0	TRUE	HA:cds-XAJ25415.1	AGT	S	AAT	N	336
HA|PP755589.1|A/cattle/Texas/24-008749-003/2024(H5N1)	1173	T	C	1	0	34	2136	630	33	0.999532	2137	0	TRUE	HA:cds-XAJ25415.1	GAT	D	GAC	D	391
HA|PP755589.1|A/cattle/Texas/24-008749-003/2024(H5N1)	1177	G	A	2234	667	33	55	18	33	0.024028	2289	5.63052e-15	TRUE	HA:cds-XAJ25415.1	GTT	V	ATT	I	393
HA|PP755589.1|A/cattle/Texas/24-008749-003/2024(H5N1)	1290	A	G	2162	1140	33	56	30	33	0.0252366	2219	2.29752e-15	TRUE	HA:cds-XAJ25415.1	GAA	E	GAG	E	430
HA|PP755589.1|A/cattle/Texas/24-008749-003/2024(H5N1)	1299	C	A	2337	1226	33	60	37	33	0.0250313	2397	1.47831e-16	TRUE	HA:cds-XAJ25415.1	TTC	F	TTA	L	433
