REGION	POS	REF	ALT	REF_DP	REF_RV	REF_QUAL	ALT_DP	ALT_RV	ALT_QUAL	ALT_FREQ	TOTAL_DP	PVAL	PASS	GFF_FEATURE	REF_CODON	REF_AA	ALT_CODON	ALT_AA	POS_AA
MP|PP755590.1|A/cattle/Texas/24-008749-003/2024(H5N1)	47	C	A	3306	335	33	49	0	25	0.0146007	3356	0.0171418	FALSE	M1:cds-XAJ25416.1	CCG	P	CAG	Q	16
MP|PP755590.1|A/cattle/Texas/24-008749-003/2024(H5N1)	245	G	A	2	0	40	15610	6616	43	0.999744	15614	0	TRUE	M1:cds-XAJ25416.1	AGT	S	AAT	N	82
MP|PP755590.1|A/cattle/Texas/24-008749-003/2024(H5N1)	699	C	A	10767	5511	35	305	0	24	0.027537	11076	1.92567e-28	TRUE	M1:cds-XAJ25416.1	CTC	L	CTA	L	233
MP|PP755590.1|A/cattle/Texas/24-008749-003/2024(H5N1)	766	C	A	13849	8451	41	182	0	26	0.0129519	14052	0.00636437	TRUE	M2:cds-XAJ25417.1	CTC	L	CTA	L	18
MP|PP755590.1|A/cattle/Texas/24-008749-003/2024(H5N1)	790	G	A	7	6	33	15458	9889	45	0.999547	15465	0	TRUE	M2:cds-XAJ25417.1	GGG	G	GGA	G	26
MP|PP755590.1|A/cattle/Texas/24-008749-003/2024(H5N1)	884	G	T	12568	11442	37	183	183	26	0.0143518	12751	0.000325563	TRUE	M2:cds-XAJ25417.1	GAA	E	TAA	*	57
MP|PP755590.1|A/cattle/Texas/24-008749-003/2024(H5N1)	908	G	T	9926	9270	35	123	123	26	0.01224	10049	0.0574541	FALSE	M2:cds-XAJ25417.1	GAA	E	TAA	*	65
MP|PP755590.1|A/cattle/Texas/24-008749-003/2024(H5N1)	933	G	A	4	4	36	9666	9245	42	0.999586	9670	0	TRUE	M2:cds-XAJ25417.1	AGT	S	AAT	N	73
