REGION	POS	REF	ALT	REF_DP	REF_RV	REF_QUAL	ALT_DP	ALT_RV	ALT_QUAL	ALT_FREQ	TOTAL_DP	PVAL	PASS	GFF_FEATURE	REF_CODON	REF_AA	ALT_CODON	ALT_AA	POS_AA
MP|PP755590.1|A/cattle/Texas/24-008749-003/2024(H5N1)	245	G	A	1	0	34	16407	6524	37	0.999878	16409	0	TRUE	M1:cds-XAJ25416.1	AGT	S	AAT	N	82
MP|PP755590.1|A/cattle/Texas/24-008749-003/2024(H5N1)	444	T	C	18522	9160	36	395	209	36	0.0208796	18918	1.58903e-100	TRUE	M1:cds-XAJ25416.1	TGT	C	TGC	C	148
MP|PP755590.1|A/cattle/Texas/24-008749-003/2024(H5N1)	673	T	A	19678	7970	36	499	231	35	0.0247054	20198	7.69518e-130	TRUE	M1:cds-XAJ25416.1	TCC	S	ACC	T	225
MP|PP755590.1|A/cattle/Texas/24-008749-003/2024(H5N1)	716	C	T	15206	6451	35	399	174	34	0.0255671	15606	2.44043e-105	TRUE	M2:cds-XAJ25417.1	CCT	P	TCT	S	1
MP|PP755590.1|A/cattle/Texas/24-008749-003/2024(H5N1)	716	C	T	15206	6451	35	399	174	34	0.0255671	15606	2.44043e-105	TRUE	M1:cds-XAJ25416.1	GCC	A	GTC	V	239
