REGION	POS	REF	ALT	REF_DP	REF_RV	REF_QUAL	ALT_DP	ALT_RV	ALT_QUAL	ALT_FREQ	TOTAL_DP	PVAL	PASS	GFF_FEATURE	REF_CODON	REF_AA	ALT_CODON	ALT_AA	POS_AA
NA|PP755591.1|A/cattle/Texas/24-008749-003/2024(H5N1)	13	C	-AA	850	145	33	120	0	20	0.0392542	3057	3.95459e-49	TRUE	NA	NA	NA	NA	NA	NA
NA|PP755591.1|A/cattle/Texas/24-008749-003/2024(H5N1)	15	A	G	1	0	34	846	146	33	0.998819	847	0	TRUE	NA:cds-XAJ25418.1	CAA	Q	CAG	Q	5
NA|PP755591.1|A/cattle/Texas/24-008749-003/2024(H5N1)	155	G	A	6	1	34	8070	2912	33	0.999257	8076	0	TRUE	NA:cds-XAJ25418.1	AGC	S	AAC	N	52
NA|PP755591.1|A/cattle/Texas/24-008749-003/2024(H5N1)	187	A	G	9184	3972	33	233	104	33	0.0247425	9417	1.97424e-59	TRUE	NA:cds-XAJ25418.1	AAT	N	GAT	D	63
NA|PP755591.1|A/cattle/Texas/24-008749-003/2024(H5N1)	571	T	C	0	0	0	8902	4112	33	0.999775	8904	0	TRUE	NA:cds-XAJ25418.1	TTG	L	CTG	L	191
NA|PP755591.1|A/cattle/Texas/24-008749-003/2024(H5N1)	713	G	A	8742	4533	33	257	117	33	0.0285556	9000	1.56789e-66	TRUE	NA:cds-XAJ25418.1	TGC	C	TAC	Y	238
NA|PP755591.1|A/cattle/Texas/24-008749-003/2024(H5N1)	855	G	A	10	4	32	8228	4406	33	0.998786	8238	0	TRUE	NA:cds-XAJ25418.1	GCG	A	GCA	A	285
NA|PP755591.1|A/cattle/Texas/24-008749-003/2024(H5N1)	901	C	T	7914	4380	32	247	140	33	0.0302622	8162	4.61542e-71	TRUE	NA:cds-XAJ25418.1	CGG	R	TGG	W	301
NA|PP755591.1|A/cattle/Texas/24-008749-003/2024(H5N1)	1031	A	G	9898	4328	33	533	196	33	0.0510928	10432	4.71455e-155	TRUE	NA:cds-XAJ25418.1	TAT	Y	TGT	C	344
NA|PP755591.1|A/cattle/Texas/24-008749-003/2024(H5N1)	1085	C	T	11888	5243	33	270	138	33	0.0222076	12158	1.15914e-66	TRUE	NA:cds-XAJ25418.1	ACA	T	ATA	I	362
NA|PP755591.1|A/cattle/Texas/24-008749-003/2024(H5N1)	1149	G	A	12211	5857	33	785	337	33	0.0603939	12998	5.73779e-224	TRUE	NA:cds-XAJ25418.1	ACG	T	ACA	T	383
NA|PP755591.1|A/cattle/Texas/24-008749-003/2024(H5N1)	1289	G	C	7306	3409	32	154	154	28	0.0206434	7460	7.74735e-10	TRUE	NA:cds-XAJ25418.1	AGG	R	ACG	T	430
NA|PP755591.1|A/cattle/Texas/24-008749-003/2024(H5N1)	1290	G	C	7586	3856	32	95	95	28	0.0123569	7688	0.0646938	FALSE	NA:cds-XAJ25418.1	AGG	R	AGC	S	430
