REGION	POS	REF	ALT	REF_DP	REF_RV	REF_QUAL	ALT_DP	ALT_RV	ALT_QUAL	ALT_FREQ	TOTAL_DP	PVAL	PASS	GFF_FEATURE	REF_CODON	REF_AA	ALT_CODON	ALT_AA	POS_AA
NP|PP755592.1|A/cattle/Texas/24-008749-003/2024(H5N1)	355	A	G	2	1	30	9777	5121	33	0.999795	9779	0	TRUE	NP:cds-XAJ25419.1	ATT	I	GTT	V	119
NP|PP755592.1|A/cattle/Texas/24-008749-003/2024(H5N1)	498	G	A	0	0	0	8432	4026	33	1	8432	0	TRUE	NP:cds-XAJ25419.1	CTG	L	CTA	L	166
NP|PP755592.1|A/cattle/Texas/24-008749-003/2024(H5N1)	870	C	T	0	0	0	8658	4140	33	1	8658	0	TRUE	NP:cds-XAJ25419.1	GAC	D	GAT	D	290
NP|PP755592.1|A/cattle/Texas/24-008749-003/2024(H5N1)	1014	T	C	3	1	34	9312	4928	33	0.999678	9315	0	TRUE	NP:cds-XAJ25419.1	TTT	F	TTC	F	338
NP|PP755592.1|A/cattle/Texas/24-008749-003/2024(H5N1)	1092	G	A	0	0	0	10087	4818	33	0.999901	10088	0	TRUE	NP:cds-XAJ25419.1	CAG	Q	CAA	Q	364
NP|PP755592.1|A/cattle/Texas/24-008749-003/2024(H5N1)	1197	G	A	10405	5294	33	109	38	33	0.0103671	10514	5.10881e-23	TRUE	NP:cds-XAJ25419.1	CAG	Q	CAA	Q	399
NP|PP755592.1|A/cattle/Texas/24-008749-003/2024(H5N1)	1418	A	G	9127	6868	33	137	104	33	0.0147868	9265	7.40181e-32	TRUE	NP:cds-XAJ25419.1	AAC	N	AGC	S	473
NP|PP755592.1|A/cattle/Texas/24-008749-003/2024(H5N1)	1432	T	C	8217	6223	32	134	108	32	0.016046	8351	1.55422e-32	TRUE	NP:cds-XAJ25419.1	TCC	S	CCC	P	478
