REGION	POS	REF	ALT	REF_DP	REF_RV	REF_QUAL	ALT_DP	ALT_RV	ALT_QUAL	ALT_FREQ	TOTAL_DP	PVAL	PASS	GFF_FEATURE	REF_CODON	REF_AA	ALT_CODON	ALT_AA	POS_AA
NS|PP755593.1|A/cattle/Texas/24-008749-003/2024(H5N1)	199	A	G	7	4	31	28944	12963	37	0.999689	28953	0	TRUE	NS1:cds-XAJ25420.1	AGG	R	GGG	G	67
NS|PP755593.1|A/cattle/Texas/24-008749-003/2024(H5N1)	222	T	C	74	35	37	30537	15690	38	0.995761	30667	0	TRUE	NS1:cds-XAJ25420.1	GAT	D	GAC	D	74
NS|PP755593.1|A/cattle/Texas/24-008749-003/2024(H5N1)	489	G	A	31137	15324	38	595	288	37	0.0187496	31734	4.24775e-152	TRUE	NS1:cds-XAJ25420.1	TTG	L	TTA	L	163
NS|PP755593.1|A/cattle/Texas/24-008749-003/2024(H5N1)	647	C	A	28219	16586	39	294	200	38	0.0103093	28518	1.78381e-64	TRUE	NEP:cds-XAJ25421.1	CAA	Q	AAA	K	49
NS|PP755593.1|A/cattle/Texas/24-008749-003/2024(H5N1)	647	C	A	28219	16586	39	294	200	38	0.0103093	28518	1.78381e-64	TRUE	NS1:cds-XAJ25420.1	CCA	P	CAA	Q	216
NS|PP755593.1|A/cattle/Texas/24-008749-003/2024(H5N1)	709	G	A	23130	16505	39	2386	1717	39	0.0935063	25517	0	TRUE	NEP:cds-XAJ25421.1	CTG	L	CTA	L	69
NS|PP755593.1|A/cattle/Texas/24-008749-003/2024(H5N1)	739	C	A	15015	12915	42	9009	7920	40	0.374844	24034	0	TRUE	NEP:cds-XAJ25421.1	ATC	I	ATA	I	79
