REGION	POS	REF	ALT	REF_DP	REF_RV	REF_QUAL	ALT_DP	ALT_RV	ALT_QUAL	ALT_FREQ	TOTAL_DP	PVAL	PASS	GFF_FEATURE	REF_CODON	REF_AA	ALT_CODON	ALT_AA	POS_AA
NA|PP755591.1|A/cattle/Texas/24-008749-003/2024(H5N1)	13	C	-A	53	11	33	12	0	20	0.0330579	363	1.91579e-08	TRUE	NA	NA	NA	NA	NA	NA
NA|PP755591.1|A/cattle/Texas/24-008749-003/2024(H5N1)	22	A	G	97	24	33	1	0	28	0.0102041	98	0.659975	FALSE	NA:cds-XAJ25418.1	ACA	T	GCA	A	8
NA|PP755591.1|A/cattle/Texas/24-008749-003/2024(H5N1)	351	A	G	981	529	33	53	37	32	0.0512573	1034	3.32544e-16	TRUE	NA:cds-XAJ25418.1	ATA	I	ATG	M	117
NA|PP755591.1|A/cattle/Texas/24-008749-003/2024(H5N1)	364	A	G	876	491	33	166	100	33	0.159309	1042	1.0254e-55	TRUE	NA:cds-XAJ25418.1	ATC	I	GTC	V	122
NA|PP755591.1|A/cattle/Texas/24-008749-003/2024(H5N1)	484	C	T	1027	493	33	19	12	33	0.0181644	1046	1.41065e-05	TRUE	NA:cds-XAJ25418.1	CCC	P	TCC	S	162
NA|PP755591.1|A/cattle/Texas/24-008749-003/2024(H5N1)	528	T	C	946	428	33	54	23	33	0.0539461	1001	1.8245e-16	TRUE	NA:cds-XAJ25418.1	TCT	S	TCC	S	176
NA|PP755591.1|A/cattle/Texas/24-008749-003/2024(H5N1)	571	T	C	0	0	0	1017	466	33	1	1017	0	TRUE	NA:cds-XAJ25418.1	TTG	L	CTG	L	191
NA|PP755591.1|A/cattle/Texas/24-008749-003/2024(H5N1)	1185	A	G	0	0	0	1893	1131	33	1	1893	0	TRUE	NA:cds-XAJ25418.1	GAA	E	GAG	E	395
