REGION	POS	REF	ALT	REF_DP	REF_RV	REF_QUAL	ALT_DP	ALT_RV	ALT_QUAL	ALT_FREQ	TOTAL_DP	PVAL	PASS	GFF_FEATURE	REF_CODON	REF_AA	ALT_CODON	ALT_AA	POS_AA
HA|PP755589.1|A/cattle/Texas/24-008749-003/2024(H5N1)	74	C	-A	8096	138	34	119	0	20	0.0137192	8674	0.00411013	TRUE	NA	NA	NA	NA	NA	NA
HA|PP755589.1|A/cattle/Texas/24-008749-003/2024(H5N1)	77	A	C	2642	602	36	29	0	28	0.0108574	2671	0.378905	FALSE	HA:cds-XAJ25415.1	AAC	N	ACC	T	26
HA|PP755589.1|A/cattle/Texas/24-008749-003/2024(H5N1)	113	A	G	8351	4214	61	153	80	37	0.0179873	8506	3.86745e-54	TRUE	HA:cds-XAJ25415.1	AAG	K	AGG	R	38
HA|PP755589.1|A/cattle/Texas/24-008749-003/2024(H5N1)	148	G	+A	8218	8174	33	828	0	20	0.0957447	8648	6.46353e-153	TRUE	NA	NA	NA	NA	NA	NA
HA|PP755589.1|A/cattle/Texas/24-008749-003/2024(H5N1)	245	T	C	3113	93	33	104	0	33	0.0323182	3218	1.60654e-28	TRUE	HA:cds-XAJ25415.1	ATG	M	ACG	T	82
HA|PP755589.1|A/cattle/Texas/24-008749-003/2024(H5N1)	491	T	A	34	17	33	1	0	27	0.0285714	35	0.492958	FALSE	HA:cds-XAJ25415.1	GTG	V	GAG	E	164
HA|PP755589.1|A/cattle/Texas/24-008749-003/2024(H5N1)	527	T	+A	32	18	34	3	0	20	0.0909091	33	0.136625	FALSE	NA	NA	NA	NA	NA	NA
HA|PP755589.1|A/cattle/Texas/24-008749-003/2024(H5N1)	531	G	A	30	17	33	2	1	34	0.0625	32	0.246032	FALSE	HA:cds-XAJ25415.1	AAG	K	AAA	K	177
HA|PP755589.1|A/cattle/Texas/24-008749-003/2024(H5N1)	651	G	A	0	0	0	1510	1046	43	0.998017	1513	0	TRUE	HA:cds-XAJ25415.1	GGG	G	GGA	G	217
HA|PP755589.1|A/cattle/Texas/24-008749-003/2024(H5N1)	807	A	C	6	3	38	1	0	34	0.142857	7	0.5	FALSE	HA:cds-XAJ25415.1	GCA	A	GCC	A	269
HA|PP755589.1|A/cattle/Texas/24-008749-003/2024(H5N1)	827	G	A	8	2	38	1	0	27	0.111111	9	0.5	FALSE	HA:cds-XAJ25415.1	GGG	G	GAG	E	276
HA|PP755589.1|A/cattle/Texas/24-008749-003/2024(H5N1)	869	G	A	8	1	34	1	1	34	0.111111	9	0.5	FALSE	HA:cds-XAJ25415.1	TGC	C	TAC	Y	290
HA|PP755589.1|A/cattle/Texas/24-008749-003/2024(H5N1)	1033	A	C	2524	2524	33	63	63	33	0.0243431	2588	1.29407e-18	TRUE	HA:cds-XAJ25415.1	AGA	R	CGA	R	345
HA|PP755589.1|A/cattle/Texas/24-008749-003/2024(H5N1)	1143	G	A	6	0	42	3	0	34	0.333333	9	0.0866873	FALSE	HA:cds-XAJ25415.1	GCG	A	GCA	A	381
HA|PP755589.1|A/cattle/Texas/24-008749-003/2024(H5N1)	1168	A	-T	8	0	41	1	0	20	0.0909091	11	0.473684	FALSE	NA	NA	NA	NA	NA	NA
HA|PP755589.1|A/cattle/Texas/24-008749-003/2024(H5N1)	1483	G	-A	293	128	52	18	0	20	0.0355731	506	8.37872e-05	TRUE	NA	NA	NA	NA	NA	NA
HA|PP755589.1|A/cattle/Texas/24-008749-003/2024(H5N1)	1539	A	G	253	252	33	5	5	34	0.0193798	258	0.026792	FALSE	HA:cds-XAJ25415.1	TTA	L	TTG	L	513
