REGION	POS	REF	ALT	REF_DP	REF_RV	REF_QUAL	ALT_DP	ALT_RV	ALT_QUAL	ALT_FREQ	TOTAL_DP	PVAL	PASS	GFF_FEATURE	REF_CODON	REF_AA	ALT_CODON	ALT_AA	POS_AA
NP|PP755592.1|A/cattle/Texas/24-008749-003/2024(H5N1)	144	A	C	16705	14829	33	367	0	29	0.0214695	17094	3.76681e-22	TRUE	NP:cds-XAJ25419.1	AAA	K	AAC	N	48
NP|PP755592.1|A/cattle/Texas/24-008749-003/2024(H5N1)	204	C	G	67	52	33	1	1	34	0.0147059	68	0.485714	FALSE	NP:cds-XAJ25419.1	CTC	L	CTG	L	68
NP|PP755592.1|A/cattle/Texas/24-008749-003/2024(H5N1)	678	C	A	139825	138570	33	4305	4273	33	0.0298676	144136	0	TRUE	NP:cds-XAJ25419.1	CTC	L	CTA	L	226
NP|PP755592.1|A/cattle/Texas/24-008749-003/2024(H5N1)	762	A	G	0	0	0	25	2	33	1	25	2.09402e-15	TRUE	NP:cds-XAJ25419.1	GAA	E	GAG	E	254
NP|PP755592.1|A/cattle/Texas/24-008749-003/2024(H5N1)	789	T	A	344	323	31	6	6	32	0.0171429	350	0.00206864	TRUE	NP:cds-XAJ25419.1	GCT	A	GCA	A	263
NP|PP755592.1|A/cattle/Texas/24-008749-003/2024(H5N1)	925	A	T	7	0	31	1	0	34	0.125	8	0.470588	FALSE	NP:cds-XAJ25419.1	AAC	N	TAC	Y	309
NP|PP755592.1|A/cattle/Texas/24-008749-003/2024(H5N1)	929	G	C	4	0	30	4	0	32	0.5	8	0.0294118	FALSE	NP:cds-XAJ25419.1	AGT	S	ACT	T	310
NP|PP755592.1|A/cattle/Texas/24-008749-003/2024(H5N1)	1012	T	G	21	21	30	1	1	34	0.0454545	22	0.431373	FALSE	NP:cds-XAJ25419.1	TTT	F	GTT	V	338
NP|PP755592.1|A/cattle/Texas/24-008749-003/2024(H5N1)	1140	A	G	0	0	0	1578	779	33	1	1578	0	TRUE	NP:cds-XAJ25419.1	GAA	E	GAG	E	380
