REGION	POS	REF	ALT	REF_DP	REF_RV	REF_QUAL	ALT_DP	ALT_RV	ALT_QUAL	ALT_FREQ	TOTAL_DP	PVAL	PASS	GFF_FEATURE	REF_CODON	REF_AA	ALT_CODON	ALT_AA	POS_AA
NS|PP755593.1|A/cattle/Texas/24-008749-003/2024(H5N1)	163	G	A	12447	4676	39	136	32	37	0.0108074	12584	3.41801e-31	TRUE	NS1:cds-XAJ25420.1	GAG	E	AAG	K	55
NS|PP755593.1|A/cattle/Texas/24-008749-003/2024(H5N1)	176	G	A	12811	5890	38	202	74	37	0.0155229	13013	1.15993e-50	TRUE	NS1:cds-XAJ25420.1	CGT	R	CAT	H	59
NS|PP755593.1|A/cattle/Texas/24-008749-003/2024(H5N1)	199	A	G	2	1	34	13474	5783	37	0.999629	13479	0	TRUE	NS1:cds-XAJ25420.1	AGG	R	GGG	G	67
NS|PP755593.1|A/cattle/Texas/24-008749-003/2024(H5N1)	222	T	C	2	0	34	14200	7049	38	0.999859	14202	0	TRUE	NS1:cds-XAJ25420.1	GAT	D	GAC	D	74
NS|PP755593.1|A/cattle/Texas/24-008749-003/2024(H5N1)	418	C	A	13782	7277	37	600	382	35	0.0417101	14385	9.84727e-175	TRUE	NS1:cds-XAJ25420.1	CGG	R	AGG	R	140
