REGION	POS	REF	ALT	REF_DP	REF_RV	REF_QUAL	ALT_DP	ALT_RV	ALT_QUAL	ALT_FREQ	TOTAL_DP	PVAL	PASS	GFF_FEATURE	REF_CODON	REF_AA	ALT_CODON	ALT_AA	POS_AA
NP|PP755592.1|A/cattle/Texas/24-008749-003/2024(H5N1)	272	A	G	1545	745	33	17	5	33	0.0108835	1562	6.12898e-05	TRUE	NP:cds-XAJ25419.1	AAG	K	AGG	R	91
NP|PP755592.1|A/cattle/Texas/24-008749-003/2024(H5N1)	334	G	A	1408	754	33	70	26	33	0.0473613	1478	7.68266e-21	TRUE	NP:cds-XAJ25419.1	GAC	D	AAC	N	112
NP|PP755592.1|A/cattle/Texas/24-008749-003/2024(H5N1)	355	A	G	0	0	0	1484	819	33	1	1484	0	TRUE	NP:cds-XAJ25419.1	ATT	I	GTT	V	119
NP|PP755592.1|A/cattle/Texas/24-008749-003/2024(H5N1)	393	T	C	1619	940	33	18	9	32	0.0109957	1637	3.09547e-05	TRUE	NP:cds-XAJ25419.1	GCT	A	GCC	A	131
NP|PP755592.1|A/cattle/Texas/24-008749-003/2024(H5N1)	474	A	G	0	0	0	1385	776	33	1	1385	0	TRUE	NP:cds-XAJ25419.1	GGA	G	GGG	G	158
NP|PP755592.1|A/cattle/Texas/24-008749-003/2024(H5N1)	498	G	A	0	0	0	1323	593	33	0.999245	1324	0	TRUE	NP:cds-XAJ25419.1	CTG	L	CTA	L	166
NP|PP755592.1|A/cattle/Texas/24-008749-003/2024(H5N1)	508	T	C	1317	543	33	57	18	33	0.0414847	1374	7.97526e-17	TRUE	NP:cds-XAJ25419.1	TCA	S	CCA	P	170
NP|PP755592.1|A/cattle/Texas/24-008749-003/2024(H5N1)	591	C	T	1495	627	33	22	10	33	0.0145023	1517	2.2577e-06	TRUE	NP:cds-XAJ25419.1	ATC	I	ATT	I	197
NP|PP755592.1|A/cattle/Texas/24-008749-003/2024(H5N1)	870	C	T	0	0	0	1325	657	33	1	1325	0	TRUE	NP:cds-XAJ25419.1	GAC	D	GAT	D	290
NP|PP755592.1|A/cattle/Texas/24-008749-003/2024(H5N1)	1014	T	C	0	0	0	1424	760	33	1	1424	0	TRUE	NP:cds-XAJ25419.1	TTT	F	TTC	F	338
NP|PP755592.1|A/cattle/Texas/24-008749-003/2024(H5N1)	1092	G	A	0	0	0	1483	690	33	1	1483	0	TRUE	NP:cds-XAJ25419.1	CAG	Q	CAA	Q	364
