REGION	POS	REF	ALT	REF_DP	REF_RV	REF_QUAL	ALT_DP	ALT_RV	ALT_QUAL	ALT_FREQ	TOTAL_DP	PVAL	PASS	GFF_FEATURE	REF_CODON	REF_AA	ALT_CODON	ALT_AA	POS_AA
NS|PP755593.1|A/cattle/Texas/24-008749-003/2024(H5N1)	64	T	G	7	7	22	22184	10063	32	0.999279	22200	0	TRUE	NS1:cds-XAJ25420.1	TTT	F	GTT	V	22
NS|PP755593.1|A/cattle/Texas/24-008749-003/2024(H5N1)	199	A	G	8	3	27	50326	24086	32	0.999265	50363	0	TRUE	NS1:cds-XAJ25420.1	AGG	R	GGG	G	67
NS|PP755593.1|A/cattle/Texas/24-008749-003/2024(H5N1)	222	T	C	15	7	29	53659	26575	32	0.999218	53701	0	TRUE	NS1:cds-XAJ25420.1	GAT	D	GAC	D	74
NS|PP755593.1|A/cattle/Texas/24-008749-003/2024(H5N1)	375	T	C	13	5	30	56405	28497	32	0.999008	56461	0	TRUE	NS1:cds-XAJ25420.1	GAT	D	GAC	D	125
NS|PP755593.1|A/cattle/Texas/24-008749-003/2024(H5N1)	539	T	C	59785	30221	32	711	355	32	0.011748	60521	3.37702e-145	TRUE	NEP:cds-XAJ25421.1	TCC	S	CCC	P	13
NS|PP755593.1|A/cattle/Texas/24-008749-003/2024(H5N1)	539	T	C	59785	30221	32	711	355	32	0.011748	60521	3.37702e-145	TRUE	NS1:cds-XAJ25420.1	GTC	V	GCC	A	180
NS|PP755593.1|A/cattle/Texas/24-008749-003/2024(H5N1)	611	G	A	13	7	34	59484	32752	32	0.999462	59516	0	TRUE	NEP:cds-XAJ25421.1	GAA	E	AAA	K	37
NS|PP755593.1|A/cattle/Texas/24-008749-003/2024(H5N1)	611	G	A	13	7	34	59484	32752	32	0.999462	59516	0	TRUE	NS1:cds-XAJ25420.1	AGA	R	AAA	K	204
NS|PP755593.1|A/cattle/Texas/24-008749-003/2024(H5N1)	646	C	T	30	14	31	55729	30573	32	0.999122	55778	0	TRUE	NEP:cds-XAJ25421.1	CTC	L	CTT	L	48
NS|PP755593.1|A/cattle/Texas/24-008749-003/2024(H5N1)	646	C	T	30	14	31	55729	30573	32	0.999122	55778	0	TRUE	NS1:cds-XAJ25420.1	CCA	P	TCA	S	216
NS|PP755593.1|A/cattle/Texas/24-008749-003/2024(H5N1)	815	A	G	20348	12365	32	238	149	31	0.0115562	20595	5.63325e-50	TRUE	NEP:cds-XAJ25421.1	ACT	T	GCT	A	105
