REGION	POS	REF	ALT	REF_DP	REF_RV	REF_QUAL	ALT_DP	ALT_RV	ALT_QUAL	ALT_FREQ	TOTAL_DP	PVAL	PASS	GFF_FEATURE	REF_CODON	REF_AA	ALT_CODON	ALT_AA	POS_AA
MP|PP755590.1|A/cattle/Texas/24-008749-003/2024(H5N1)	9	T	C	1776	136	34	18	1	35	0.0100334	1794	6.01472e-09	TRUE	M2:cds-XAJ25417.1	CTT	L	CTC	L	3
MP|PP755590.1|A/cattle/Texas/24-008749-003/2024(H5N1)	9	T	C	1776	136	34	18	1	35	0.0100334	1794	6.01472e-09	TRUE	M1:cds-XAJ25416.1	CTT	L	CTC	L	3
MP|PP755590.1|A/cattle/Texas/24-008749-003/2024(H5N1)	245	G	A	24	11	37	18136	7676	38	0.998513	18163	0	TRUE	M1:cds-XAJ25416.1	AGT	S	AAT	N	82
MP|PP755590.1|A/cattle/Texas/24-008749-003/2024(H5N1)	411	G	A	26	15	40	18746	9600	38	0.998296	18778	0	TRUE	M1:cds-XAJ25416.1	ACG	T	ACA	T	137
MP|PP755590.1|A/cattle/Texas/24-008749-003/2024(H5N1)	726	A	G	5	2	30	16810	7171	37	0.999703	16815	0	TRUE	M2:cds-XAJ25417.1	AAC	N	AGC	S	4
MP|PP755590.1|A/cattle/Texas/24-008749-003/2024(H5N1)	726	A	G	5	2	30	16810	7171	37	0.999703	16815	0	TRUE	M1:cds-XAJ25416.1	AAA	K	AAG	K	242
