REGION	POS	REF	ALT	REF_DP	REF_RV	REF_QUAL	ALT_DP	ALT_RV	ALT_QUAL	ALT_FREQ	TOTAL_DP	PVAL	PASS	GFF_FEATURE	REF_CODON	REF_AA	ALT_CODON	ALT_AA	POS_AA
MP|PP755590.1|A/cattle/Texas/24-008749-003/2024(H5N1)	245	G	A	19	8	33	43509	20825	33	0.999518	43530	0	TRUE	M1:cds-XAJ25416.1	AGT	S	AAT	N	82
MP|PP755590.1|A/cattle/Texas/24-008749-003/2024(H5N1)	249	C	T	42182	20172	33	1922	924	32	0.0435699	44113	0	TRUE	M1:cds-XAJ25416.1	GCC	A	GCT	A	83
MP|PP755590.1|A/cattle/Texas/24-008749-003/2024(H5N1)	358	T	C	50290	25817	33	665	309	33	0.0130489	50962	1.00816e-139	TRUE	M1:cds-XAJ25416.1	TCA	S	CCA	P	120
MP|PP755590.1|A/cattle/Texas/24-008749-003/2024(H5N1)	540	T	C	45910	23200	33	1334	610	32	0.0282346	47247	0	TRUE	M1:cds-XAJ25416.1	GTT	V	GTC	V	180
MP|PP755590.1|A/cattle/Texas/24-008749-003/2024(H5N1)	726	A	G	48409	27288	31	5309	2889	33	0.0988089	53730	0	TRUE	M2:cds-XAJ25417.1	AAC	N	AGC	S	4
MP|PP755590.1|A/cattle/Texas/24-008749-003/2024(H5N1)	726	A	G	48409	27288	31	5309	2889	33	0.0988089	53730	0	TRUE	M1:cds-XAJ25416.1	AAA	K	AAG	K	242
