REGION	POS	REF	ALT	REF_DP	REF_RV	REF_QUAL	ALT_DP	ALT_RV	ALT_QUAL	ALT_FREQ	TOTAL_DP	PVAL	PASS	GFF_FEATURE	REF_CODON	REF_AA	ALT_CODON	ALT_AA	POS_AA
HA|PP755589.1|A/cattle/Texas/24-008749-003/2024(H5N1)	142	A	C	2714	1023	33	30	11	33	0.0109329	2744	3.7239e-08	TRUE	HA:cds-XAJ25415.1	ATA	I	CTA	L	48
HA|PP755589.1|A/cattle/Texas/24-008749-003/2024(H5N1)	311	A	G	0	0	0	2884	1324	33	1	2884	0	TRUE	HA:cds-XAJ25415.1	GAC	D	GGC	G	104
HA|PP755589.1|A/cattle/Texas/24-008749-003/2024(H5N1)	430	T	C	3170	1782	33	34	18	33	0.0106117	3204	3.37811e-08	TRUE	HA:cds-XAJ25415.1	TCA	S	CCA	P	144
HA|PP755589.1|A/cattle/Texas/24-008749-003/2024(H5N1)	449	C	T	3140	1733	33	33	15	33	0.0104003	3173	7.42402e-08	TRUE	HA:cds-XAJ25415.1	GCT	A	GTT	V	150
HA|PP755589.1|A/cattle/Texas/24-008749-003/2024(H5N1)	555	G	A	0	0	0	2784	1387	33	1	2784	0	TRUE	HA:cds-XAJ25415.1	CGG	R	CGA	R	185
HA|PP755589.1|A/cattle/Texas/24-008749-003/2024(H5N1)	651	G	A	2	0	34	2848	1289	33	0.999298	2850	0	TRUE	HA:cds-XAJ25415.1	GGG	G	GGA	G	217
HA|PP755589.1|A/cattle/Texas/24-008749-003/2024(H5N1)	675	G	A	6	2	34	2926	1331	32	0.997613	2933	0	TRUE	HA:cds-XAJ25415.1	TTG	L	TTA	L	225
HA|PP755589.1|A/cattle/Texas/24-008749-003/2024(H5N1)	1007	G	A	0	0	0	2878	1542	33	1	2878	0	TRUE	HA:cds-XAJ25415.1	AGT	S	AAT	N	336
HA|PP755589.1|A/cattle/Texas/24-008749-003/2024(H5N1)	1052	T	A	2928	1691	33	59	12	32	0.0197523	2987	1.81242e-15	TRUE	HA:cds-XAJ25415.1	ATA	I	AAA	K	351
HA|PP755589.1|A/cattle/Texas/24-008749-003/2024(H5N1)	1081	G	A	4105	1696	33	48	26	33	0.0115579	4153	2.6867e-11	TRUE	HA:cds-XAJ25415.1	GGA	G	AGA	R	361
HA|PP755589.1|A/cattle/Texas/24-008749-003/2024(H5N1)	1208	A	G	8392	2440	32	161	31	33	0.0188216	8554	3.93613e-40	TRUE	HA:cds-XAJ25415.1	AAA	K	AGA	R	403
HA|PP755589.1|A/cattle/Texas/24-008749-003/2024(H5N1)	1278	C	T	0	0	0	9088	3857	33	0.99978	9090	0	TRUE	HA:cds-XAJ25415.1	AAC	N	AAT	N	426
HA|PP755589.1|A/cattle/Texas/24-008749-003/2024(H5N1)	1398	A	G	9192	6044	32	124	65	33	0.0133004	9323	3.32016e-30	TRUE	HA:cds-XAJ25415.1	AAA	K	AAG	K	466
HA|PP755589.1|A/cattle/Texas/24-008749-003/2024(H5N1)	1497	T	C	5647	3149	33	4277	2223	33	0.430975	9924	0	TRUE	HA:cds-XAJ25415.1	AAT	N	AAC	N	499
