REGION	POS	REF	ALT	REF_DP	REF_RV	REF_QUAL	ALT_DP	ALT_RV	ALT_QUAL	ALT_FREQ	TOTAL_DP	PVAL	PASS	GFF_FEATURE	REF_CODON	REF_AA	ALT_CODON	ALT_AA	POS_AA
MP|PP755590.1|A/cattle/Texas/24-008749-003/2024(H5N1)	24	A	G	285	82	46	4	0	30	0.0138408	289	0.00379567	TRUE	M2:cds-XAJ25417.1	GAA	E	GAG	E	8
MP|PP755590.1|A/cattle/Texas/24-008749-003/2024(H5N1)	24	A	G	285	82	46	4	0	30	0.0138408	289	0.00379567	TRUE	M1:cds-XAJ25416.1	GAA	E	GAG	E	8
MP|PP755590.1|A/cattle/Texas/24-008749-003/2024(H5N1)	245	G	A	0	0	0	2004	875	56	0.999501	2005	0	TRUE	M1:cds-XAJ25416.1	AGT	S	AAT	N	82
MP|PP755590.1|A/cattle/Texas/24-008749-003/2024(H5N1)	289	G	A	2170	1073	57	48	24	57	0.0216314	2219	2.85185e-22	TRUE	M1:cds-XAJ25416.1	GTC	V	ATC	I	97
MP|PP755590.1|A/cattle/Texas/24-008749-003/2024(H5N1)	368	C	T	1	0	20	2210	1157	54	0.999548	2211	0	TRUE	M1:cds-XAJ25416.1	GCA	A	GTA	V	123
MP|PP755590.1|A/cattle/Texas/24-008749-003/2024(H5N1)	481	T	C	2006	974	53	44	22	55	0.0214634	2050	1.81366e-20	TRUE	M1:cds-XAJ25416.1	TCT	S	CCT	P	161
MP|PP755590.1|A/cattle/Texas/24-008749-003/2024(H5N1)	763	T	C	2178	1239	58	45	22	61	0.0202156	2226	1.07874e-21	TRUE	M2:cds-XAJ25417.1	CCT	P	CCC	P	17
MP|PP755590.1|A/cattle/Texas/24-008749-003/2024(H5N1)	794	T	C	2093	1201	60	34	25	56	0.015985	2127	2.09748e-16	TRUE	M2:cds-XAJ25417.1	TTG	L	CTG	L	27
