REGION	POS	REF	ALT	REF_DP	REF_RV	REF_QUAL	ALT_DP	ALT_RV	ALT_QUAL	ALT_FREQ	TOTAL_DP	PVAL	PASS	GFF_FEATURE	REF_CODON	REF_AA	ALT_CODON	ALT_AA	POS_AA
NP|PP755592.1|A/cattle/Texas/24-008749-003/2024(H5N1)	165	G	A	6607	2636	36	419	165	35	0.0596272	7027	2.05971e-127	TRUE	NP:cds-XAJ25419.1	AGG	R	AGA	R	55
NP|PP755592.1|A/cattle/Texas/24-008749-003/2024(H5N1)	210	A	G	7657	3414	36	96	44	38	0.0123807	7754	2.73739e-23	TRUE	NP:cds-XAJ25419.1	GCA	A	GCG	A	70
NP|PP755592.1|A/cattle/Texas/24-008749-003/2024(H5N1)	253	G	A	7961	3491	37	689	292	37	0.0796532	8650	4.42214e-217	TRUE	NP:cds-XAJ25419.1	GCT	A	ACT	T	85
NP|PP755592.1|A/cattle/Texas/24-008749-003/2024(H5N1)	355	A	G	1	0	27	7469	4235	37	0.999732	7471	0	TRUE	NP:cds-XAJ25419.1	ATT	I	GTT	V	119
NP|PP755592.1|A/cattle/Texas/24-008749-003/2024(H5N1)	474	A	G	258	90	34	7522	4286	35	0.966838	7780	0	TRUE	NP:cds-XAJ25419.1	GGA	G	GGG	G	158
NP|PP755592.1|A/cattle/Texas/24-008749-003/2024(H5N1)	498	G	A	0	0	0	7538	3293	35	1	7538	0	TRUE	NP:cds-XAJ25419.1	CTG	L	CTA	L	166
NP|PP755592.1|A/cattle/Texas/24-008749-003/2024(H5N1)	531	G	A	7076	2175	36	680	197	35	0.0876741	7756	1.25673e-210	TRUE	NP:cds-XAJ25419.1	GGG	G	GGA	G	177
NP|PP755592.1|A/cattle/Texas/24-008749-003/2024(H5N1)	795	C	T	8584	4866	36	104	72	35	0.0119705	8688	4.37301e-24	TRUE	NP:cds-XAJ25419.1	ATC	I	ATT	I	265
NP|PP755592.1|A/cattle/Texas/24-008749-003/2024(H5N1)	870	C	T	2	1	34	7241	3463	35	0.999724	7243	0	TRUE	NP:cds-XAJ25419.1	GAC	D	GAT	D	290
NP|PP755592.1|A/cattle/Texas/24-008749-003/2024(H5N1)	1014	T	C	1	0	34	7270	4105	36	0.999862	7271	0	TRUE	NP:cds-XAJ25419.1	TTT	F	TTC	F	338
NP|PP755592.1|A/cattle/Texas/24-008749-003/2024(H5N1)	1072	C	T	6772	3508	36	982	561	35	0.126628	7755	0	TRUE	NP:cds-XAJ25419.1	CTG	L	TTG	L	358
NP|PP755592.1|A/cattle/Texas/24-008749-003/2024(H5N1)	1080	C	T	7493	3573	36	275	179	34	0.0353971	7769	3.55729e-78	TRUE	NP:cds-XAJ25419.1	ACC	T	ACT	T	360
NP|PP755592.1|A/cattle/Texas/24-008749-003/2024(H5N1)	1092	G	A	0	0	0	7727	3617	36	1	7727	0	TRUE	NP:cds-XAJ25419.1	CAG	Q	CAA	Q	364
NP|PP755592.1|A/cattle/Texas/24-008749-003/2024(H5N1)	1107	A	G	7583	4080	37	225	102	35	0.0288129	7809	2.51962e-63	TRUE	NP:cds-XAJ25419.1	GAA	E	GAG	E	369
NP|PP755592.1|A/cattle/Texas/24-008749-003/2024(H5N1)	1330	A	G	5717	3683	36	64	32	36	0.0110688	5782	5.70032e-16	TRUE	NP:cds-XAJ25419.1	ATC	I	GTC	V	444
NP|PP755592.1|A/cattle/Texas/24-008749-003/2024(H5N1)	1418	A	G	6008	5571	38	187	175	38	0.0301808	6196	1.79461e-53	TRUE	NP:cds-XAJ25419.1	AAC	N	AGC	S	473
