REGION	POS	REF	ALT	REF_DP	REF_RV	REF_QUAL	ALT_DP	ALT_RV	ALT_QUAL	ALT_FREQ	TOTAL_DP	PVAL	PASS	GFF_FEATURE	REF_CODON	REF_AA	ALT_CODON	ALT_AA	POS_AA
NS|PP755593.1|A/cattle/Texas/24-008749-003/2024(H5N1)	193	G	A	15	7	34	28495	13057	36	0.999299	28515	0	TRUE	NS1:cds-XAJ25420.1	GTG	V	ATG	M	65
NS|PP755593.1|A/cattle/Texas/24-008749-003/2024(H5N1)	199	A	G	15	11	34	28066	12367	36	0.999395	28083	0	TRUE	NS1:cds-XAJ25420.1	AGG	R	GGG	G	67
NS|PP755593.1|A/cattle/Texas/24-008749-003/2024(H5N1)	214	G	A	2	1	43	31202	15957	37	0.999744	31210	0	TRUE	NS1:cds-XAJ25420.1	GAA	E	AAA	K	72
NS|PP755593.1|A/cattle/Texas/24-008749-003/2024(H5N1)	217	T	C	29106	14562	37	1289	682	37	0.0423971	30403	0	TRUE	NS1:cds-XAJ25420.1	TCC	S	CCC	P	73
NS|PP755593.1|A/cattle/Texas/24-008749-003/2024(H5N1)	222	T	C	9	6	33	30865	16635	37	0.999676	30875	0	TRUE	NS1:cds-XAJ25420.1	GAT	D	GAC	D	74
NS|PP755593.1|A/cattle/Texas/24-008749-003/2024(H5N1)	238	A	G	30517	17785	37	1240	732	36	0.0390379	31764	0	TRUE	NS1:cds-XAJ25420.1	ACT	T	GCT	A	80
NS|PP755593.1|A/cattle/Texas/24-008749-003/2024(H5N1)	262	C	T	31691	17831	37	984	572	36	0.0301111	32679	1.80021e-270	TRUE	NS1:cds-XAJ25420.1	CGC	R	TGC	C	88
NS|PP755593.1|A/cattle/Texas/24-008749-003/2024(H5N1)	466	A	G	28596	13377	35	855	426	35	0.0290204	29462	9.15932e-239	TRUE	NS1:cds-XAJ25420.1	ATT	I	GTT	V	156
