REGION	POS	REF	ALT	REF_DP	REF_RV	REF_QUAL	ALT_DP	ALT_RV	ALT_QUAL	ALT_FREQ	TOTAL_DP	PVAL	PASS	GFF_FEATURE	REF_CODON	REF_AA	ALT_CODON	ALT_AA	POS_AA
NA|PP755591.1|A/cattle/Texas/24-008749-003/2024(H5N1)	114	C	T	847	141	39	973	163	40	0.534615	1820	0	TRUE	NA:cds-XAJ25418.1	ATC	I	ATT	I	38
NA|PP755591.1|A/cattle/Texas/24-008749-003/2024(H5N1)	238	G	A	2939	1412	40	134	38	38	0.0436056	3073	1.06207e-43	TRUE	NA:cds-XAJ25418.1	GTT	V	ATT	I	80
NA|PP755591.1|A/cattle/Texas/24-008749-003/2024(H5N1)	571	T	C	3	1	49	3353	1592	38	0.999106	3356	0	TRUE	NA:cds-XAJ25418.1	TTG	L	CTG	L	191
NA|PP755591.1|A/cattle/Texas/24-008749-003/2024(H5N1)	1185	A	G	1	1	34	4291	2458	38	0.999767	4292	0	TRUE	NA:cds-XAJ25418.1	GAA	E	GAG	E	395
NA|PP755591.1|A/cattle/Texas/24-008749-003/2024(H5N1)	1200	A	G	4285	2478	38	143	103	37	0.0322726	4431	2.19177e-43	TRUE	NA:cds-XAJ25418.1	TCA	S	TCG	S	400
NA|PP755591.1|A/cattle/Texas/24-008749-003/2024(H5N1)	1289	G	C	2524	1508	41	41	41	27	0.0159533	2570	0.0154572	FALSE	NA:cds-XAJ25418.1	AGG	R	ACG	T	430
NA|PP755591.1|A/cattle/Texas/24-008749-003/2024(H5N1)	1290	G	C	2654	1764	42	31	31	28	0.0115413	2686	0.27796	FALSE	NA:cds-XAJ25418.1	AGG	R	AGC	S	430
NA|PP755591.1|A/cattle/Texas/24-008749-003/2024(H5N1)	1302	T	C	3697	3053	45	57	48	43	0.0151838	3754	3.82015e-22	TRUE	NA:cds-XAJ25418.1	AAT	N	AAC	N	434
NA|PP755591.1|A/cattle/Texas/24-008749-003/2024(H5N1)	1315	A	G	3522	2931	45	74	63	44	0.0205784	3596	1.6331e-28	TRUE	NA:cds-XAJ25418.1	AGC	S	GGC	G	439
