REGION	POS	REF	ALT	REF_DP	REF_RV	REF_QUAL	ALT_DP	ALT_RV	ALT_QUAL	ALT_FREQ	TOTAL_DP	PVAL	PASS	GFF_FEATURE	REF_CODON	REF_AA	ALT_CODON	ALT_AA	POS_AA
MP|PP755590.1|A/cattle/Texas/24-008749-003/2024(H5N1)	456	A	G	8	4	37	35348	15442	37	0.999774	35356	0	TRUE	M1:cds-XAJ25416.1	GAA	E	GAG	E	152
MP|PP755590.1|A/cattle/Texas/24-008749-003/2024(H5N1)	519	C	T	7	3	32	37134	18403	38	0.999731	37144	0	TRUE	M1:cds-XAJ25416.1	ATC	I	ATT	I	173
MP|PP755590.1|A/cattle/Texas/24-008749-003/2024(H5N1)	558	T	C	6	5	34	37280	19057	38	0.999785	37288	0	TRUE	M1:cds-XAJ25416.1	GCT	A	GCC	A	186
MP|PP755590.1|A/cattle/Texas/24-008749-003/2024(H5N1)	790	G	A	29857	17994	40	4962	2645	40	0.142488	34824	0	TRUE	M2:cds-XAJ25417.1	GGG	G	GGA	G	26
MP|PP755590.1|A/cattle/Texas/24-008749-003/2024(H5N1)	923	G	A	2	2	34	24054	22038	39	0.999792	24059	0	TRUE	M2:cds-XAJ25417.1	GAA	E	AAA	K	70
MP|PP755590.1|A/cattle/Texas/24-008749-003/2024(H5N1)	954	G	A	17	17	38	15062	14126	37	0.998806	15080	0	TRUE	M2:cds-XAJ25417.1	GGT	G	GAT	D	80
