REGION	POS	REF	ALT	REF_DP	REF_RV	REF_QUAL	ALT_DP	ALT_RV	ALT_QUAL	ALT_FREQ	TOTAL_DP	PVAL	PASS	GFF_FEATURE	REF_CODON	REF_AA	ALT_CODON	ALT_AA	POS_AA
NP|PP755592.1|A/cattle/Texas/24-008749-003/2024(H5N1)	333	C	T	1	1	68	4706	2320	55	0.999788	4707	0	TRUE	NP:cds-XAJ25419.1	TAC	Y	TAT	Y	111
NP|PP755592.1|A/cattle/Texas/24-008749-003/2024(H5N1)	355	A	G	4	0	39	4545	2179	55	0.999121	4549	0	TRUE	NP:cds-XAJ25419.1	ATT	I	GTT	V	119
NP|PP755592.1|A/cattle/Texas/24-008749-003/2024(H5N1)	498	G	A	0	0	0	4480	2210	53	0.999777	4481	0	TRUE	NP:cds-XAJ25419.1	CTG	L	CTA	L	166
NP|PP755592.1|A/cattle/Texas/24-008749-003/2024(H5N1)	540	A	G	3049	1361	54	1531	732	53	0.334134	4582	0	TRUE	NP:cds-XAJ25419.1	GGA	G	GGG	G	180
NP|PP755592.1|A/cattle/Texas/24-008749-003/2024(H5N1)	870	C	T	1	0	68	4465	2231	53	0.999329	4468	0	TRUE	NP:cds-XAJ25419.1	GAC	D	GAT	D	290
NP|PP755592.1|A/cattle/Texas/24-008749-003/2024(H5N1)	1014	T	C	1	0	68	4953	2410	56	0.999798	4954	0	TRUE	NP:cds-XAJ25419.1	TTT	F	TTC	F	338
NP|PP755592.1|A/cattle/Texas/24-008749-003/2024(H5N1)	1092	G	A	5	1	61	5145	2447	56	0.999029	5150	0	TRUE	NP:cds-XAJ25419.1	CAG	Q	CAA	Q	364
