REGION	POS	REF	ALT	REF_DP	REF_RV	REF_QUAL	ALT_DP	ALT_RV	ALT_QUAL	ALT_FREQ	TOTAL_DP	PVAL	PASS	GFF_FEATURE	REF_CODON	REF_AA	ALT_CODON	ALT_AA	POS_AA
HA|PP755589.1|A/cattle/Texas/24-008749-003/2024(H5N1)	4	G	A	0	0	0	35	3	33	1	35	3.91973e-28	TRUE	HA:cds-XAJ25415.1	GAG	E	AAG	K	2
HA|PP755589.1|A/cattle/Texas/24-008749-003/2024(H5N1)	12	A	G	561	55	33	7	1	34	0.0123239	568	0.0001899	TRUE	HA:cds-XAJ25415.1	ATA	I	ATG	M	4
HA|PP755589.1|A/cattle/Texas/24-008749-003/2024(H5N1)	17	T	C	909	70	33	13	2	34	0.0140998	922	4.52761e-06	TRUE	HA:cds-XAJ25415.1	CTA	L	CCA	P	6
HA|PP755589.1|A/cattle/Texas/24-008749-003/2024(H5N1)	311	A	G	1	0	34	4087	1847	33	0.999755	4088	0	TRUE	HA:cds-XAJ25415.1	GAC	D	GGC	G	104
HA|PP755589.1|A/cattle/Texas/24-008749-003/2024(H5N1)	329	G	A	3508	1472	33	1075	440	33	0.234563	4583	0	TRUE	HA:cds-XAJ25415.1	AGC	S	AAC	N	110
HA|PP755589.1|A/cattle/Texas/24-008749-003/2024(H5N1)	439	G	A	9	4	34	4557	2474	33	0.998029	4566	0	TRUE	HA:cds-XAJ25415.1	GTG	V	ATG	M	147
HA|PP755589.1|A/cattle/Texas/24-008749-003/2024(H5N1)	579	G	A	3629	1625	33	954	407	33	0.208161	4583	0	TRUE	HA:cds-XAJ25415.1	GGG	G	GGA	G	193
HA|PP755589.1|A/cattle/Texas/24-008749-003/2024(H5N1)	651	G	A	3	1	31	4390	2035	33	0.999317	4393	0	TRUE	HA:cds-XAJ25415.1	GGG	G	GGA	G	217
HA|PP755589.1|A/cattle/Texas/24-008749-003/2024(H5N1)	675	G	A	5	2	34	4216	1875	32	0.998815	4221	0	TRUE	HA:cds-XAJ25415.1	TTG	L	TTA	L	225
HA|PP755589.1|A/cattle/Texas/24-008749-003/2024(H5N1)	744	C	A	3127	1424	33	1208	698	33	0.278662	4335	0	TRUE	HA:cds-XAJ25415.1	ATC	I	ATA	I	248
HA|PP755589.1|A/cattle/Texas/24-008749-003/2024(H5N1)	1007	G	A	1	0	34	4456	2428	33	0.999776	4457	0	TRUE	HA:cds-XAJ25415.1	AGT	S	AAT	N	336
HA|PP755589.1|A/cattle/Texas/24-008749-003/2024(H5N1)	1052	T	A	4491	2613	33	53	6	32	0.0116637	4544	1.08952e-12	TRUE	HA:cds-XAJ25415.1	ATA	I	AAA	K	351
HA|PP755589.1|A/cattle/Texas/24-008749-003/2024(H5N1)	1173	T	C	2	0	34	11610	2765	33	0.99957	11615	0	TRUE	HA:cds-XAJ25415.1	GAT	D	GAC	D	391
HA|PP755589.1|A/cattle/Texas/24-008749-003/2024(H5N1)	1414	A	G	11870	6553	33	4621	2889	33	0.280179	16493	0	TRUE	HA:cds-XAJ25415.1	AGG	R	GGG	G	472
HA|PP755589.1|A/cattle/Texas/24-008749-003/2024(H5N1)	1514	C	T	9532	4530	33	7414	3932	33	0.437482	16947	0	TRUE	HA:cds-XAJ25415.1	CCT	P	CTT	L	505
