REGION	POS	REF	ALT	REF_DP	REF_RV	REF_QUAL	ALT_DP	ALT_RV	ALT_QUAL	ALT_FREQ	TOTAL_DP	PVAL	PASS	GFF_FEATURE	REF_CODON	REF_AA	ALT_CODON	ALT_AA	POS_AA
NA|PP755591.1|A/cattle/Texas/24-008749-003/2024(H5N1)	298	T	C	5498	2676	33	90	39	33	0.0161059	5588	5.51307e-22	TRUE	NA:cds-XAJ25418.1	TAC	Y	CAC	H	100
NA|PP755591.1|A/cattle/Texas/24-008749-003/2024(H5N1)	348	T	C	5270	2564	33	64	20	33	0.0119783	5343	7.72372e-15	TRUE	NA:cds-XAJ25418.1	GTT	V	GTC	V	116
NA|PP755591.1|A/cattle/Texas/24-008749-003/2024(H5N1)	364	A	G	4970	2725	33	167	100	33	0.0325029	5138	2.35793e-48	TRUE	NA:cds-XAJ25418.1	ATC	I	GTC	V	122
NA|PP755591.1|A/cattle/Texas/24-008749-003/2024(H5N1)	571	T	C	6	2	32	4882	2299	33	0.998773	4888	0	TRUE	NA:cds-XAJ25418.1	TTG	L	CTG	L	191
NA|PP755591.1|A/cattle/Texas/24-008749-003/2024(H5N1)	873	G	A	4964	2388	33	91	58	33	0.0179984	5056	1.47627e-22	TRUE	NA:cds-XAJ25418.1	GTG	V	GTA	V	291
NA|PP755591.1|A/cattle/Texas/24-008749-003/2024(H5N1)	906	G	A	5555	2553	33	134	47	33	0.0235542	5689	5.6011e-35	TRUE	NA:cds-XAJ25418.1	CCG	P	CCA	P	302
NA|PP755591.1|A/cattle/Texas/24-008749-003/2024(H5N1)	915	T	C	5588	2563	33	59	21	33	0.010448	5647	1.37937e-13	TRUE	NA:cds-XAJ25418.1	TCT	S	TCC	S	305
NA|PP755591.1|A/cattle/Texas/24-008749-003/2024(H5N1)	1100	C	T	8082	3977	33	169	102	33	0.0204824	8251	8.63304e-42	TRUE	NA:cds-XAJ25418.1	TCC	S	TTC	F	367
NA|PP755591.1|A/cattle/Texas/24-008749-003/2024(H5N1)	1169	A	G	7760	4069	33	88	48	33	0.011213	7848	3.14516e-19	TRUE	NA:cds-XAJ25418.1	AAG	K	AGG	R	390
NA|PP755591.1|A/cattle/Texas/24-008749-003/2024(H5N1)	1185	A	G	1	0	26	7367	3992	33	0.999593	7370	0	TRUE	NA:cds-XAJ25418.1	GAA	E	GAG	E	395
NA|PP755591.1|A/cattle/Texas/24-008749-003/2024(H5N1)	1289	G	C	4751	2156	32	81	81	27	0.0167494	4836	0.00070963	TRUE	NA:cds-XAJ25418.1	AGG	R	ACG	T	430
NA|PP755591.1|A/cattle/Texas/24-008749-003/2024(H5N1)	1319	G	T	6188	4495	33	587	426	33	0.0866293	6776	4.22508e-175	TRUE	NA:cds-XAJ25418.1	GGG	G	GTG	V	440
NA|PP755591.1|A/cattle/Texas/24-008749-003/2024(H5N1)	1332	C	A	3565	2635	33	2377	1748	33	0.400034	5942	0	TRUE	NA:cds-XAJ25418.1	TCC	S	TCA	S	444
NA|PP755591.1|A/cattle/Texas/24-008749-003/2024(H5N1)	1362	T	C	4001	3063	32	75	64	33	0.0183914	4078	4.23444e-20	TRUE	NA:cds-XAJ25418.1	GGT	G	GGC	G	454
