REGION	POS	REF	ALT	REF_DP	REF_RV	REF_QUAL	ALT_DP	ALT_RV	ALT_QUAL	ALT_FREQ	TOTAL_DP	PVAL	PASS	GFF_FEATURE	REF_CODON	REF_AA	ALT_CODON	ALT_AA	POS_AA
PB1|PP755595.1|A/cattle/Texas/24-008749-003/2024(H5N1)	31	A	T	54	3	36	1	0	34	0.0181818	55	0.209924	FALSE	PB1:cds-XAJ25424.1	AAA	K	TAA	*	11
PB1|PP755595.1|A/cattle/Texas/24-008749-003/2024(H5N1)	59	C	-CA	89	9	36	7	0	20	0.0285714	245	0.00257362	TRUE	NA	NA	NA	NA	NA	NA
PB1|PP755595.1|A/cattle/Texas/24-008749-003/2024(H5N1)	220	C	T	283	112	39	3	1	38	0.0104895	286	0.0862683	FALSE	PB1:cds-XAJ25424.1	CCT	P	TCT	S	74
PB1|PP755595.1|A/cattle/Texas/24-008749-003/2024(H5N1)	220	C	T	283	112	39	3	1	38	0.0104895	286	0.0862683	FALSE	PB1-F2:cds-XAJ25425.1	TGC	C	TGT	C	42
PB1|PP755595.1|A/cattle/Texas/24-008749-003/2024(H5N1)	578	A	G	236	109	35	3	3	42	0.0125523	239	0.0792858	FALSE	PB1:cds-XAJ25424.1	GAC	D	GGC	G	193
PB1|PP755595.1|A/cattle/Texas/24-008749-003/2024(H5N1)	732	C	A	243	124	36	18	7	33	0.0689655	261	1.11967e-06	TRUE	PB1:cds-XAJ25424.1	CCC	P	CCA	P	244
PB1|PP755595.1|A/cattle/Texas/24-008749-003/2024(H5N1)	945	T	C	0	0	0	267	156	37	1	267	1.95529e-171	TRUE	PB1:cds-XAJ25424.1	CCT	P	CCC	P	315
PB1|PP755595.1|A/cattle/Texas/24-008749-003/2024(H5N1)	990	T	C	227	110	35	4	1	34	0.017316	231	0.0352899	FALSE	PB1:cds-XAJ25424.1	CCT	P	CCC	P	330
