REGION	POS	REF	ALT	REF_DP	REF_RV	REF_QUAL	ALT_DP	ALT_RV	ALT_QUAL	ALT_FREQ	TOTAL_DP	PVAL	PASS	GFF_FEATURE	REF_CODON	REF_AA	ALT_CODON	ALT_AA	POS_AA
NS|PP755593.1|A/cattle/Texas/24-008749-003/2024(H5N1)	84	T	C	4182	1494	33	46	19	34	0.0108798	4228	3.94574e-13	TRUE	NS1:cds-XAJ25420.1	GGT	G	GGC	G	28
NS|PP755593.1|A/cattle/Texas/24-008749-003/2024(H5N1)	176	G	A	5966	3388	33	130	69	32	0.021322	6097	9.74603e-33	TRUE	NS1:cds-XAJ25420.1	CGT	R	CAT	H	59
NS|PP755593.1|A/cattle/Texas/24-008749-003/2024(H5N1)	196	G	A	3908	2066	33	2338	1010	32	0.37426	6247	0	TRUE	NS1:cds-XAJ25420.1	GAG	E	AAG	K	66
NS|PP755593.1|A/cattle/Texas/24-008749-003/2024(H5N1)	199	A	G	0	0	0	6030	2899	32	1	6030	0	TRUE	NS1:cds-XAJ25420.1	AGG	R	GGG	G	67
NS|PP755593.1|A/cattle/Texas/24-008749-003/2024(H5N1)	222	T	C	122	70	33	6262	3310	33	0.98089	6384	0	TRUE	NS1:cds-XAJ25420.1	GAT	D	GAC	D	74
NS|PP755593.1|A/cattle/Texas/24-008749-003/2024(H5N1)	225	G	A	4967	2605	33	1431	790	33	0.223664	6398	0	TRUE	NS1:cds-XAJ25420.1	GAG	E	GAA	E	75
NS|PP755593.1|A/cattle/Texas/24-008749-003/2024(H5N1)	387	A	G	58	26	33	5599	2714	33	0.989747	5657	0	TRUE	NS1:cds-XAJ25420.1	ATA	I	ATG	M	129
NS|PP755593.1|A/cattle/Texas/24-008749-003/2024(H5N1)	579	A	G	5021	2449	33	926	489	33	0.155683	5948	2.58044e-288	TRUE	NEP:cds-XAJ25421.1	GAG	E	GGG	G	26
NS|PP755593.1|A/cattle/Texas/24-008749-003/2024(H5N1)	579	A	G	5021	2449	33	926	489	33	0.155683	5948	2.58044e-288	TRUE	NS1:cds-XAJ25420.1	CGA	R	CGG	R	193
NS|PP755593.1|A/cattle/Texas/24-008749-003/2024(H5N1)	802	G	A	3039	2466	33	227	187	33	0.069504	3266	8.56551e-67	TRUE	NEP:cds-XAJ25421.1	GAG	E	GAA	E	100
