REGION	POS	REF	ALT	REF_DP	REF_RV	REF_QUAL	ALT_DP	ALT_RV	ALT_QUAL	ALT_FREQ	TOTAL_DP	PVAL	PASS	GFF_FEATURE	REF_CODON	REF_AA	ALT_CODON	ALT_AA	POS_AA
HA|PP755589.1|A/cattle/Texas/24-008749-003/2024(H5N1)	4	G	A	0	0	0	6	2	48	1	6	1.10352e-06	TRUE	HA:cds-XAJ25415.1	GAG	E	AAG	K	2
HA|PP755589.1|A/cattle/Texas/24-008749-003/2024(H5N1)	311	A	G	1	1	34	816	399	44	0.998776	817	0	TRUE	HA:cds-XAJ25415.1	GAC	D	GGC	G	104
HA|PP755589.1|A/cattle/Texas/24-008749-003/2024(H5N1)	474	C	T	0	0	0	758	415	45	1	758	0	TRUE	HA:cds-XAJ25415.1	TCC	S	TCT	S	158
HA|PP755589.1|A/cattle/Texas/24-008749-003/2024(H5N1)	651	G	A	0	0	0	788	384	47	1	788	0	TRUE	HA:cds-XAJ25415.1	GGG	G	GGA	G	217
HA|PP755589.1|A/cattle/Texas/24-008749-003/2024(H5N1)	675	G	A	1	1	68	791	365	45	0.996222	794	0	TRUE	HA:cds-XAJ25415.1	TTG	L	TTA	L	225
HA|PP755589.1|A/cattle/Texas/24-008749-003/2024(H5N1)	879	A	G	856	374	45	39	19	42	0.0435754	895	8.12793e-16	TRUE	HA:cds-XAJ25415.1	AAA	K	AAG	K	293
HA|PP755589.1|A/cattle/Texas/24-008749-003/2024(H5N1)	996	G	A	1038	523	50	15	6	47	0.014245	1053	6.42704e-07	TRUE	HA:cds-XAJ25415.1	GGG	G	GGA	G	332
HA|PP755589.1|A/cattle/Texas/24-008749-003/2024(H5N1)	1007	G	A	0	0	0	1031	575	48	1	1031	0	TRUE	HA:cds-XAJ25415.1	AGT	S	AAT	N	336
HA|PP755589.1|A/cattle/Texas/24-008749-003/2024(H5N1)	1016	G	A	978	537	48	23	8	51	0.022977	1001	7.2328e-10	TRUE	HA:cds-XAJ25415.1	AGA	R	AAA	K	339
HA|PP755589.1|A/cattle/Texas/24-008749-003/2024(H5N1)	1052	T	A	1025	618	47	11	4	35	0.0106178	1036	0.000370555	TRUE	HA:cds-XAJ25415.1	ATA	I	AAA	K	351
HA|PP755589.1|A/cattle/Texas/24-008749-003/2024(H5N1)	1173	T	C	0	0	0	1970	731	49	1	1970	0	TRUE	HA:cds-XAJ25415.1	GAT	D	GAC	D	391
HA|PP755589.1|A/cattle/Texas/24-008749-003/2024(H5N1)	1677	G	A	1579	1226	48	31	26	50	0.0192547	1610	6.42609e-13	TRUE	HA:cds-XAJ25415.1	GGG	G	GGA	G	559
