REGION	POS	REF	ALT	REF_DP	REF_RV	REF_QUAL	ALT_DP	ALT_RV	ALT_QUAL	ALT_FREQ	TOTAL_DP	PVAL	PASS	GFF_FEATURE	REF_CODON	REF_AA	ALT_CODON	ALT_AA	POS_AA
PB2|PP755596.1|A/cattle/Texas/24-008749-003/2024(H5N1)	8	G	A	51	8	35	1	0	37	0.0192308	52	0.13577	FALSE	PB2:cds-XAJ25426.1	AGA	R	AAA	K	3
PB2|PP755596.1|A/cattle/Texas/24-008749-003/2024(H5N1)	240	G	A	0	0	0	477	241	36	1	477	1.39911e-296	TRUE	PB2:cds-XAJ25426.1	AAG	K	AAA	K	80
PB2|PP755596.1|A/cattle/Texas/24-008749-003/2024(H5N1)	560	A	G	504	266	36	7	5	37	0.0136986	511	0.00714695	TRUE	PB2:cds-XAJ25426.1	AAG	K	AGG	R	187
PB2|PP755596.1|A/cattle/Texas/24-008749-003/2024(H5N1)	630	G	A	0	0	0	484	285	35	1	484	3.29872e-316	TRUE	PB2:cds-XAJ25426.1	GAG	E	GAA	E	210
PB2|PP755596.1|A/cattle/Texas/24-008749-003/2024(H5N1)	764	C	T	0	0	0	613	303	36	1	613	0	TRUE	PB2:cds-XAJ25426.1	GCA	A	GTA	V	255
PB2|PP755596.1|A/cattle/Texas/24-008749-003/2024(H5N1)	912	G	A	38	20	36	536	230	36	0.933798	574	1.31846e-288	TRUE	PB2:cds-XAJ25426.1	GAG	E	GAA	E	304
PB2|PP755596.1|A/cattle/Texas/24-008749-003/2024(H5N1)	1392	G	A	0	0	0	638	391	36	1	638	0	TRUE	PB2:cds-XAJ25426.1	TTG	L	TTA	L	464
PB2|PP755596.1|A/cattle/Texas/24-008749-003/2024(H5N1)	1763	C	T	685	394	36	76	47	36	0.0998686	761	1.22524e-24	TRUE	PB2:cds-XAJ25426.1	GCC	A	GTC	V	588
PB2|PP755596.1|A/cattle/Texas/24-008749-003/2024(H5N1)	2009	A	G	0	0	0	748	383	36	1	748	0	TRUE	PB2:cds-XAJ25426.1	AAA	K	AGA	R	670
PB2|PP755596.1|A/cattle/Texas/24-008749-003/2024(H5N1)	2049	A	G	737	397	36	16	10	37	0.0212483	753	1.30668e-05	TRUE	PB2:cds-XAJ25426.1	ACA	T	ACG	T	683
