REGION	POS	REF	ALT	REF_DP	REF_RV	REF_QUAL	ALT_DP	ALT_RV	ALT_QUAL	ALT_FREQ	TOTAL_DP	PVAL	PASS	GFF_FEATURE	REF_CODON	REF_AA	ALT_CODON	ALT_AA	POS_AA
NA|PP755591.1|A/cattle/Texas/24-008749-003/2024(H5N1)	204	C	A	7654	3707	32	275	128	31	0.0346653	7933	1.29392e-80	TRUE	NA:cds-XAJ25418.1	AAC	N	AAA	K	68
NA|PP755591.1|A/cattle/Texas/24-008749-003/2024(H5N1)	279	T	C	7994	3871	32	845	409	32	0.095545	8844	3.54947e-270	TRUE	NA:cds-XAJ25418.1	CCT	P	CCC	P	93
NA|PP755591.1|A/cattle/Texas/24-008749-003/2024(H5N1)	571	T	C	4	1	27	10168	4917	32	0.998429	10184	0	TRUE	NA:cds-XAJ25418.1	TTG	L	CTG	L	191
NA|PP755591.1|A/cattle/Texas/24-008749-003/2024(H5N1)	699	C	T	0	0	0	10409	5255	32	0.999808	10411	0	TRUE	NA:cds-XAJ25418.1	TGC	C	TGT	C	233
NA|PP755591.1|A/cattle/Texas/24-008749-003/2024(H5N1)	1077	C	T	10616	5134	32	526	266	32	0.0471622	11153	1.27381e-146	TRUE	NA:cds-XAJ25418.1	ATC	I	ATT	I	359
NA|PP755591.1|A/cattle/Texas/24-008749-003/2024(H5N1)	1185	A	G	2	1	27	11122	6052	32	0.998922	11134	0	TRUE	NA:cds-XAJ25418.1	GAA	E	GAG	E	395
