REGION	POS	REF	ALT	REF_DP	REF_RV	REF_QUAL	ALT_DP	ALT_RV	ALT_QUAL	ALT_FREQ	TOTAL_DP	PVAL	PASS	GFF_FEATURE	REF_CODON	REF_AA	ALT_CODON	ALT_AA	POS_AA
PB2|PP755596.1|A/cattle/Texas/24-008749-003/2024(H5N1)	59	T	C	184	51	33	2	0	34	0.0107527	186	0.124606	FALSE	PB2:cds-XAJ25426.1	CTA	L	CCA	P	20
PB2|PP755596.1|A/cattle/Texas/24-008749-003/2024(H5N1)	240	G	A	0	0	0	398	241	33	1	398	1.9435e-248	TRUE	PB2:cds-XAJ25426.1	AAG	K	AAA	K	80
PB2|PP755596.1|A/cattle/Texas/24-008749-003/2024(H5N1)	408	A	G	344	142	33	4	2	31	0.0114943	348	0.0591862	FALSE	PB2:cds-XAJ25426.1	AGA	R	AGG	R	136
PB2|PP755596.1|A/cattle/Texas/24-008749-003/2024(H5N1)	630	G	A	0	0	0	326	182	33	1	326	1.51351e-214	TRUE	PB2:cds-XAJ25426.1	GAG	E	GAA	E	210
PB2|PP755596.1|A/cattle/Texas/24-008749-003/2024(H5N1)	764	C	T	0	0	0	388	187	33	1	388	4.15715e-238	TRUE	PB2:cds-XAJ25426.1	GCA	A	GTA	V	255
PB2|PP755596.1|A/cattle/Texas/24-008749-003/2024(H5N1)	765	A	G	393	187	33	5	4	28	0.0125628	398	0.495357	FALSE	PB2:cds-XAJ25426.1	GCA	A	GCG	A	255
PB2|PP755596.1|A/cattle/Texas/24-008749-003/2024(H5N1)	912	G	A	4	2	34	379	184	33	0.989556	383	1.25446e-226	TRUE	PB2:cds-XAJ25426.1	GAG	E	GAA	E	304
PB2|PP755596.1|A/cattle/Texas/24-008749-003/2024(H5N1)	990	T	C	424	210	33	8	2	34	0.0185185	432	0.00351084	TRUE	PB2:cds-XAJ25426.1	TTT	F	TTC	F	330
PB2|PP755596.1|A/cattle/Texas/24-008749-003/2024(H5N1)	1248	T	G	0	0	0	415	183	33	1	415	2.6642e-252	TRUE	PB2:cds-XAJ25426.1	GGT	G	GGG	G	416
PB2|PP755596.1|A/cattle/Texas/24-008749-003/2024(H5N1)	1392	G	A	0	0	0	434	272	33	1	434	8.70192e-274	TRUE	PB2:cds-XAJ25426.1	TTG	L	TTA	L	464
PB2|PP755596.1|A/cattle/Texas/24-008749-003/2024(H5N1)	1593	T	C	510	243	33	7	4	34	0.0135397	517	0.00669122	TRUE	PB2:cds-XAJ25426.1	TAT	Y	TAC	Y	531
PB2|PP755596.1|A/cattle/Texas/24-008749-003/2024(H5N1)	2009	A	G	0	0	0	461	237	33	1	461	3.34635e-283	TRUE	PB2:cds-XAJ25426.1	AAA	K	AGA	R	670
