REGION	POS	REF	ALT	REF_DP	REF_RV	REF_QUAL	ALT_DP	ALT_RV	ALT_QUAL	ALT_FREQ	TOTAL_DP	PVAL	PASS	GFF_FEATURE	REF_CODON	REF_AA	ALT_CODON	ALT_AA	POS_AA
NS|PP755593.1|A/cattle/Texas/24-008749-003/2024(H5N1)	192	A	G	33001	17143	40	420	283	37	0.0125658	33424	7.22903e-101	TRUE	NS1:cds-XAJ25420.1	ATA	I	ATG	M	64
NS|PP755593.1|A/cattle/Texas/24-008749-003/2024(H5N1)	199	A	G	4	2	36	33447	16335	40	0.999791	33454	0	TRUE	NS1:cds-XAJ25420.1	AGG	R	GGG	G	67
NS|PP755593.1|A/cattle/Texas/24-008749-003/2024(H5N1)	222	T	C	8	3	42	33947	18470	43	0.999735	33956	0	TRUE	NS1:cds-XAJ25420.1	GAT	D	GAC	D	74
NS|PP755593.1|A/cattle/Texas/24-008749-003/2024(H5N1)	353	G	A	33275	16314	39	1213	509	37	0.0351594	34500	0	TRUE	NS1:cds-XAJ25420.1	AGA	R	AAA	K	118
NS|PP755593.1|A/cattle/Texas/24-008749-003/2024(H5N1)	418	C	A	30070	15173	41	986	560	38	0.0317307	31074	5.19206e-290	TRUE	NS1:cds-XAJ25420.1	CGG	R	AGG	R	140
NS|PP755593.1|A/cattle/Texas/24-008749-003/2024(H5N1)	626	A	G	23653	10816	40	11256	6184	39	0.322392	34914	0	TRUE	NEP:cds-XAJ25421.1	ATG	M	GTG	V	42
NS|PP755593.1|A/cattle/Texas/24-008749-003/2024(H5N1)	626	A	G	23653	10816	40	11256	6184	39	0.322392	34914	0	TRUE	NS1:cds-XAJ25420.1	GAT	D	GGT	G	209
NS|PP755593.1|A/cattle/Texas/24-008749-003/2024(H5N1)	721	G	T	30210	22389	50	980	711	49	0.0314143	31196	0	TRUE	NEP:cds-XAJ25421.1	GTG	V	GTT	V	73
