REGION	POS	REF	ALT	REF_DP	REF_RV	REF_QUAL	ALT_DP	ALT_RV	ALT_QUAL	ALT_FREQ	TOTAL_DP	PVAL	PASS	GFF_FEATURE	REF_CODON	REF_AA	ALT_CODON	ALT_AA	POS_AA
NS|PP755593.1|A/cattle/Texas/24-008749-003/2024(H5N1)	157	G	A	6864	3057	33	133	51	33	0.0190081	6997	1.64771e-32	TRUE	NS1:cds-XAJ25420.1	GAC	D	AAC	N	53
NS|PP755593.1|A/cattle/Texas/24-008749-003/2024(H5N1)	195	G	A	6946	3349	33	113	38	33	0.0160057	7060	1.04407e-26	TRUE	NS1:cds-XAJ25420.1	GTG	V	GTA	V	65
NS|PP755593.1|A/cattle/Texas/24-008749-003/2024(H5N1)	199	A	G	3	3	27	6820	3182	33	0.999414	6824	0	TRUE	NS1:cds-XAJ25420.1	AGG	R	GGG	G	67
NS|PP755593.1|A/cattle/Texas/24-008749-003/2024(H5N1)	222	T	C	0	0	0	7330	3785	33	1	7330	0	TRUE	NS1:cds-XAJ25420.1	GAT	D	GAC	D	74
NS|PP755593.1|A/cattle/Texas/24-008749-003/2024(H5N1)	411	C	T	6701	3335	33	189	105	32	0.0274311	6890	1.11403e-48	TRUE	NS1:cds-XAJ25420.1	ATC	I	ATT	I	137
NS|PP755593.1|A/cattle/Texas/24-008749-003/2024(H5N1)	421	C	T	5931	3020	33	689	346	32	0.104079	6620	3.15289e-209	TRUE	NS1:cds-XAJ25420.1	CTG	L	TTG	L	141
