REGION	POS	REF	ALT	REF_DP	REF_RV	REF_QUAL	ALT_DP	ALT_RV	ALT_QUAL	ALT_FREQ	TOTAL_DP	PVAL	PASS	GFF_FEATURE	REF_CODON	REF_AA	ALT_CODON	ALT_AA	POS_AA
NA|PP755591.1|A/cattle/Texas/24-008749-003/2024(H5N1)	14	A	G	114	16	33	2	0	34	0.0172414	116	0.025136	FALSE	NA:cds-XAJ25418.1	CAA	Q	CGA	R	5
NA|PP755591.1|A/cattle/Texas/24-008749-003/2024(H5N1)	234	G	A	1789	796	33	144	65	33	0.0744571	1934	7.74704e-44	TRUE	NA:cds-XAJ25418.1	CAG	Q	CAA	Q	78
NA|PP755591.1|A/cattle/Texas/24-008749-003/2024(H5N1)	1185	A	G	1	1	20	1720	1001	33	0.999419	1721	0	TRUE	NA:cds-XAJ25418.1	GAA	E	GAG	E	395
NA|PP755591.1|A/cattle/Texas/24-008749-003/2024(H5N1)	1289	G	C	1072	597	32	13	13	26	0.0119816	1085	0.367132	FALSE	NA:cds-XAJ25418.1	AGG	R	ACG	T	430
