REGION	POS	REF	ALT	REF_DP	REF_RV	REF_QUAL	ALT_DP	ALT_RV	ALT_QUAL	ALT_FREQ	TOTAL_DP	PVAL	PASS	GFF_FEATURE	REF_CODON	REF_AA	ALT_CODON	ALT_AA	POS_AA
PB2|PP755596.1|A/cattle/Texas/24-008749-003/2024(H5N1)	13	A	G	354	35	40	4	0	37	0.0111732	358	0.00601769	TRUE	PB2:cds-XAJ25426.1	AAA	K	GAA	E	5
PB2|PP755596.1|A/cattle/Texas/24-008749-003/2024(H5N1)	240	G	A	1	1	37	2332	1291	40	0.999571	2333	0	TRUE	PB2:cds-XAJ25426.1	AAG	K	AAA	K	80
PB2|PP755596.1|A/cattle/Texas/24-008749-003/2024(H5N1)	630	G	A	5	4	32	2210	1322	39	0.997743	2215	0	TRUE	PB2:cds-XAJ25426.1	GAG	E	GAA	E	210
PB2|PP755596.1|A/cattle/Texas/24-008749-003/2024(H5N1)	764	C	T	1	0	37	2473	1176	40	0.999192	2475	0	TRUE	PB2:cds-XAJ25426.1	GCA	A	GTA	V	255
PB2|PP755596.1|A/cattle/Texas/24-008749-003/2024(H5N1)	912	G	A	1	1	37	2458	1163	41	0.999593	2459	0	TRUE	PB2:cds-XAJ25426.1	GAG	E	GAA	E	304
PB2|PP755596.1|A/cattle/Texas/24-008749-003/2024(H5N1)	1392	G	A	1	0	62	2480	1639	40	0.999597	2481	0	TRUE	PB2:cds-XAJ25426.1	TTG	L	TTA	L	464
PB2|PP755596.1|A/cattle/Texas/24-008749-003/2024(H5N1)	1956	T	C	2452	1021	40	30	11	37	0.0120773	2484	1.46267e-08	TRUE	PB2:cds-XAJ25426.1	AAT	N	AAC	N	652
PB2|PP755596.1|A/cattle/Texas/24-008749-003/2024(H5N1)	2009	A	G	0	0	0	2659	1392	41	1	2659	0	TRUE	PB2:cds-XAJ25426.1	AAA	K	AGA	R	670
PB2|PP755596.1|A/cattle/Texas/24-008749-003/2024(H5N1)	2145	T	C	18	13	40	2174	1446	45	0.991788	2192	0	TRUE	PB2:cds-XAJ25426.1	AAT	N	AAC	N	715
