REGION	POS	REF	ALT	REF_DP	REF_RV	REF_QUAL	ALT_DP	ALT_RV	ALT_QUAL	ALT_FREQ	TOTAL_DP	PVAL	PASS	GFF_FEATURE	REF_CODON	REF_AA	ALT_CODON	ALT_AA	POS_AA
NS|PP755593.1|A/cattle/Texas/24-008749-003/2024(H5N1)	42	T	C	10695	662	35	113	1	33	0.0104543	10809	1.22988e-33	TRUE	NS1:cds-XAJ25420.1	TTT	F	TTC	F	14
NS|PP755593.1|A/cattle/Texas/24-008749-003/2024(H5N1)	193	G	A	124	41	38	23024	10865	37	0.994471	23152	0	TRUE	NS1:cds-XAJ25420.1	GTG	V	ATG	M	65
NS|PP755593.1|A/cattle/Texas/24-008749-003/2024(H5N1)	199	A	G	2	1	51	22939	10537	37	0.999782	22944	0	TRUE	NS1:cds-XAJ25420.1	AGG	R	GGG	G	67
NS|PP755593.1|A/cattle/Texas/24-008749-003/2024(H5N1)	212	A	G	24756	12893	38	327	172	39	0.0130362	25084	3.01718e-77	TRUE	NS1:cds-XAJ25420.1	GAA	E	GGA	G	71
NS|PP755593.1|A/cattle/Texas/24-008749-003/2024(H5N1)	214	G	A	4	2	34	25106	12997	38	0.999801	25111	0	TRUE	NS1:cds-XAJ25420.1	GAA	E	AAA	K	72
NS|PP755593.1|A/cattle/Texas/24-008749-003/2024(H5N1)	222	T	C	6	1	34	24892	13611	38	0.999719	24899	0	TRUE	NS1:cds-XAJ25420.1	GAT	D	GAC	D	74
