REGION	POS	REF	ALT	REF_DP	REF_RV	REF_QUAL	ALT_DP	ALT_RV	ALT_QUAL	ALT_FREQ	TOTAL_DP	PVAL	PASS	GFF_FEATURE	REF_CODON	REF_AA	ALT_CODON	ALT_AA	POS_AA
HA|PP755589.1|A/cattle/Texas/24-008749-003/2024(H5N1)	123	T	C	2	0	39	1945	653	53	0.99846	1948	0	TRUE	HA:cds-XAJ25415.1	ACT	T	ACC	T	41
HA|PP755589.1|A/cattle/Texas/24-008749-003/2024(H5N1)	135	C	T	1	0	78	2235	695	52	0.999553	2236	0	TRUE	HA:cds-XAJ25415.1	GCC	A	GCT	A	45
HA|PP755589.1|A/cattle/Texas/24-008749-003/2024(H5N1)	651	G	A	3	1	51	3279	1475	53	0.999086	3282	0	TRUE	HA:cds-XAJ25415.1	GGG	G	GGA	G	217
HA|PP755589.1|A/cattle/Texas/24-008749-003/2024(H5N1)	819	T	C	0	0	0	3223	1907	52	1	3223	0	TRUE	HA:cds-XAJ25415.1	GTT	V	GTC	V	273
HA|PP755589.1|A/cattle/Texas/24-008749-003/2024(H5N1)	834	G	A	2	1	35	3255	2046	51	0.999386	3257	0	TRUE	HA:cds-XAJ25415.1	TCG	S	TCA	S	278
HA|PP755589.1|A/cattle/Texas/24-008749-003/2024(H5N1)	867	T	C	1	1	20	3130	1908	50	0.999361	3132	0	TRUE	HA:cds-XAJ25415.1	CAT	H	CAC	H	289
HA|PP755589.1|A/cattle/Texas/24-008749-003/2024(H5N1)	921	T	C	1	1	39	2982	1823	52	0.99933	2984	0	TRUE	HA:cds-XAJ25415.1	TTT	F	TTC	F	307
HA|PP755589.1|A/cattle/Texas/24-008749-003/2024(H5N1)	924	C	T	0	0	0	2978	1821	52	1	2978	0	TRUE	HA:cds-XAJ25415.1	CAC	H	CAT	H	308
HA|PP755589.1|A/cattle/Texas/24-008749-003/2024(H5N1)	1158	C	T	3183	1099	50	47	23	46	0.0145421	3232	1.513e-18	TRUE	HA:cds-XAJ25415.1	ACC	T	ACT	T	386
HA|PP755589.1|A/cattle/Texas/24-008749-003/2024(H5N1)	1269	G	A	3926	1686	55	41	20	55	0.0103353	3967	4.96736e-17	TRUE	HA:cds-XAJ25415.1	GAG	E	GAA	E	423
HA|PP755589.1|A/cattle/Texas/24-008749-003/2024(H5N1)	1314	A	C	0	0	0	4036	1938	55	1	4036	0	TRUE	HA:cds-XAJ25415.1	ACA	T	ACC	T	438
HA|PP755589.1|A/cattle/Texas/24-008749-003/2024(H5N1)	1432	C	A	0	0	0	4126	2368	54	0.9971	4138	0	TRUE	HA:cds-XAJ25415.1	CTG	L	ATG	M	478
