REGION	POS	REF	ALT	REF_DP	REF_RV	REF_QUAL	ALT_DP	ALT_RV	ALT_QUAL	ALT_FREQ	TOTAL_DP	PVAL	PASS	GFF_FEATURE	REF_CODON	REF_AA	ALT_CODON	ALT_AA	POS_AA
PB1|PP755595.1|A/cattle/Texas/24-008749-003/2024(H5N1)	8	T	C	97	8	34	2	0	34	0.020202	99	0.0162159	FALSE	PB1:cds-XAJ25424.1	GTC	V	GCC	A	3
PB1|PP755595.1|A/cattle/Texas/24-008749-003/2024(H5N1)	24	C	T	263	17	35	5	0	30	0.0186567	268	0.000706968	TRUE	PB1:cds-XAJ25424.1	CTC	L	CTT	L	8
PB1|PP755595.1|A/cattle/Texas/24-008749-003/2024(H5N1)	39	A	G	293	24	35	3	1	34	0.0101351	296	0.0146359	FALSE	PB1:cds-XAJ25424.1	CCA	P	CCG	P	13
PB1|PP755595.1|A/cattle/Texas/24-008749-003/2024(H5N1)	145	T	-ATTCAGAAAAAGG	1320	286	37	19	0	20	0.0116636	1629	0.177581	FALSE	NA	NA	NA	NA	NA	NA
PB1|PP755595.1|A/cattle/Texas/24-008749-003/2024(H5N1)	174	C	T	1200	368	36	59	13	34	0.0468626	1259	1.72493e-19	TRUE	PB1:cds-XAJ25424.1	AAC	N	AAT	N	58
PB1|PP755595.1|A/cattle/Texas/24-008749-003/2024(H5N1)	174	C	T	1200	368	36	59	13	34	0.0468626	1259	1.72493e-19	TRUE	PB1-F2:cds-XAJ25425.1	ACT	T	ATT	I	27
PB1|PP755595.1|A/cattle/Texas/24-008749-003/2024(H5N1)	1007	T	C	1399	523	35	161	55	34	0.103139	1561	1.72934e-55	TRUE	PB1:cds-XAJ25424.1	GTA	V	GCA	A	336
PB1|PP755595.1|A/cattle/Texas/24-008749-003/2024(H5N1)	1371	G	T	1586	698	35	89	40	38	0.0531343	1675	3.77564e-29	TRUE	PB1:cds-XAJ25424.1	GAG	E	GAT	D	457
PB1|PP755595.1|A/cattle/Texas/24-008749-003/2024(H5N1)	2231	T	-G	2066	1920	37	37	0	20	0.0150407	2460	0.0151723	FALSE	NA	NA	NA	NA	NA	NA
