REGION	POS	REF	ALT	REF_DP	REF_RV	REF_QUAL	ALT_DP	ALT_RV	ALT_QUAL	ALT_FREQ	TOTAL_DP	PVAL	PASS	GFF_FEATURE	REF_CODON	REF_AA	ALT_CODON	ALT_AA	POS_AA
HA|PP755589.1|A/cattle/Texas/24-008749-003/2024(H5N1)	148	G	+A	9514	4939	33	168	0	20	0.0166749	10075	3.96744e-06	TRUE	NA	NA	NA	NA	NA	NA
HA|PP755589.1|A/cattle/Texas/24-008749-003/2024(H5N1)	240	C	T	5536	2416	33	108	41	33	0.0191218	5648	1.85978e-27	TRUE	HA:cds-XAJ25415.1	AAC	N	AAT	N	80
HA|PP755589.1|A/cattle/Texas/24-008749-003/2024(H5N1)	311	A	G	2	1	34	7032	3597	33	0.999574	7035	0	TRUE	HA:cds-XAJ25415.1	GAC	D	GGC	G	104
HA|PP755589.1|A/cattle/Texas/24-008749-003/2024(H5N1)	651	G	A	34	17	33	12796	6646	33	0.996884	12836	0	TRUE	HA:cds-XAJ25415.1	GGG	G	GGA	G	217
HA|PP755589.1|A/cattle/Texas/24-008749-003/2024(H5N1)	675	G	A	13	7	34	10266	5865	32	0.997474	10292	0	TRUE	HA:cds-XAJ25415.1	TTG	L	TTA	L	225
HA|PP755589.1|A/cattle/Texas/24-008749-003/2024(H5N1)	1007	G	A	13	7	34	9249	5730	33	0.998273	9265	0	TRUE	HA:cds-XAJ25415.1	AGT	S	AAT	N	336
HA|PP755589.1|A/cattle/Texas/24-008749-003/2024(H5N1)	1484	A	G	1185	536	33	7435	3384	33	0.862429	8621	0	TRUE	HA:cds-XAJ25415.1	GAA	E	GGA	G	495
