REGION	POS	REF	ALT	REF_DP	REF_RV	REF_QUAL	ALT_DP	ALT_RV	ALT_QUAL	ALT_FREQ	TOTAL_DP	PVAL	PASS	GFF_FEATURE	REF_CODON	REF_AA	ALT_CODON	ALT_AA	POS_AA
NA|PP755591.1|A/cattle/Texas/24-008749-003/2024(H5N1)	15	A	G	105	6	34	3	0	34	0.0277778	108	0.00396528	TRUE	NA:cds-XAJ25418.1	CAA	Q	CAG	Q	5
NA|PP755591.1|A/cattle/Texas/24-008749-003/2024(H5N1)	571	T	C	0	0	0	1429	654	35	1	1429	0	TRUE	NA:cds-XAJ25418.1	TTG	L	CTG	L	191
NA|PP755591.1|A/cattle/Texas/24-008749-003/2024(H5N1)	705	T	C	0	0	0	1442	780	35	1	1442	0	TRUE	NA:cds-XAJ25418.1	AAT	N	AAC	N	235
NA|PP755591.1|A/cattle/Texas/24-008749-003/2024(H5N1)	805	A	G	0	0	0	1433	837	34	1	1433	0	TRUE	NA:cds-XAJ25418.1	ATG	M	GTG	V	269
NA|PP755591.1|A/cattle/Texas/24-008749-003/2024(H5N1)	1036	G	A	1699	650	35	24	10	33	0.0139292	1723	2.44642e-07	TRUE	NA:cds-XAJ25418.1	GTA	V	ATA	I	346
NA|PP755591.1|A/cattle/Texas/24-008749-003/2024(H5N1)	1062	T	C	0	0	0	1691	803	35	0.998229	1694	0	TRUE	NA:cds-XAJ25418.1	GGT	G	GGC	G	354
NA|PP755591.1|A/cattle/Texas/24-008749-003/2024(H5N1)	1106	G	T	0	0	0	1652	965	36	0.999395	1653	0	TRUE	NA:cds-XAJ25418.1	AGC	S	ATC	I	369
NA|PP755591.1|A/cattle/Texas/24-008749-003/2024(H5N1)	1185	A	G	0	0	0	1385	1037	34	1	1385	0	TRUE	NA:cds-XAJ25418.1	GAA	E	GAG	E	395
