REGION	POS	REF	ALT	REF_DP	REF_RV	REF_QUAL	ALT_DP	ALT_RV	ALT_QUAL	ALT_FREQ	TOTAL_DP	PVAL	PASS	GFF_FEATURE	REF_CODON	REF_AA	ALT_CODON	ALT_AA	POS_AA
NA|PP755591.1|A/cattle/Texas/24-008749-003/2024(H5N1)	571	T	G	6492	3024	33	73	73	29	0.0111044	6574	0.284693	FALSE	NA:cds-XAJ25418.1	TTG	L	GTG	V	191
NA|PP755591.1|A/cattle/Texas/24-008749-003/2024(H5N1)	1289	G	C	5042	3812	36	646	646	28	0.113493	5692	1.87312e-157	TRUE	NA:cds-XAJ25418.1	AGG	R	ACG	T	430
NA|PP755591.1|A/cattle/Texas/24-008749-003/2024(H5N1)	1290	G	C	5487	4443	38	402	402	28	0.0681934	5895	1.08902e-77	TRUE	NA:cds-XAJ25418.1	AGG	R	AGC	S	430
