REGION	POS	REF	ALT	REF_DP	REF_RV	REF_QUAL	ALT_DP	ALT_RV	ALT_QUAL	ALT_FREQ	TOTAL_DP	PVAL	PASS	GFF_FEATURE	REF_CODON	REF_AA	ALT_CODON	ALT_AA	POS_AA
HA|PP755589.1|A/cattle/Texas/24-008749-003/2024(H5N1)	6	G	A	267	35	33	3	0	34	0.0111111	270	0.0097199	TRUE	HA:cds-XAJ25415.1	GAG	E	GAA	E	2
HA|PP755589.1|A/cattle/Texas/24-008749-003/2024(H5N1)	196	C	T	0	0	0	4361	2086	33	0.999771	4362	0	TRUE	HA:cds-XAJ25415.1	CTG	L	TTG	L	66
HA|PP755589.1|A/cattle/Texas/24-008749-003/2024(H5N1)	439	G	A	14	9	34	4705	2564	33	0.996822	4720	0	TRUE	HA:cds-XAJ25415.1	GTG	V	ATG	M	147
HA|PP755589.1|A/cattle/Texas/24-008749-003/2024(H5N1)	614	A	C	4596	1960	33	262	85	33	0.0538873	4862	3.58765e-76	TRUE	HA:cds-XAJ25415.1	AAT	N	ACT	T	205
HA|PP755589.1|A/cattle/Texas/24-008749-003/2024(H5N1)	651	G	A	7	3	34	4994	2082	33	0.998401	5002	0	TRUE	HA:cds-XAJ25415.1	GGG	G	GGA	G	217
HA|PP755589.1|A/cattle/Texas/24-008749-003/2024(H5N1)	690	T	C	2	1	30	4478	2172	33	0.999554	4480	0	TRUE	HA:cds-XAJ25415.1	GCT	A	GCC	A	230
HA|PP755589.1|A/cattle/Texas/24-008749-003/2024(H5N1)	693	T	C	0	0	0	4521	2185	33	1	4521	0	TRUE	HA:cds-XAJ25415.1	ACT	T	ACC	T	231
HA|PP755589.1|A/cattle/Texas/24-008749-003/2024(H5N1)	700	C	A	4681	2213	33	63	38	33	0.0132743	4746	2.24127e-15	TRUE	HA:cds-XAJ25415.1	CAA	Q	AAA	K	234
HA|PP755589.1|A/cattle/Texas/24-008749-003/2024(H5N1)	780	C	T	4406	2231	33	520	292	33	0.105562	4926	6.36641e-156	TRUE	HA:cds-XAJ25415.1	AAC	N	AAT	N	260
HA|PP755589.1|A/cattle/Texas/24-008749-003/2024(H5N1)	858	A	G	3	2	34	6019	3122	33	0.999502	6022	0	TRUE	HA:cds-XAJ25415.1	GAA	E	GAG	E	286
HA|PP755589.1|A/cattle/Texas/24-008749-003/2024(H5N1)	990	G	A	0	0	0	5563	2843	33	0.99982	5564	0	TRUE	HA:cds-XAJ25415.1	GCG	A	GCA	A	330
HA|PP755589.1|A/cattle/Texas/24-008749-003/2024(H5N1)	1013	T	C	3	1	34	4756	2702	33	0.99937	4759	0	TRUE	HA:cds-XAJ25415.1	CTA	L	CCA	P	338
HA|PP755589.1|A/cattle/Texas/24-008749-003/2024(H5N1)	1017	A	G	3812	2310	33	741	427	33	0.162678	4555	2.34528e-246	TRUE	HA:cds-XAJ25415.1	AGA	R	AGG	R	339
HA|PP755589.1|A/cattle/Texas/24-008749-003/2024(H5N1)	1296	A	G	10	3	33	10522	5637	33	0.999051	10532	0	TRUE	HA:cds-XAJ25415.1	GGA	G	GGG	G	432
HA|PP755589.1|A/cattle/Texas/24-008749-003/2024(H5N1)	1536	A	G	17	8	33	10212	5651	33	0.99824	10230	0	TRUE	HA:cds-XAJ25415.1	AGA	R	AGG	R	512
HA|PP755589.1|A/cattle/Texas/24-008749-003/2024(H5N1)	1613	C	T	10479	8085	33	315	255	33	0.0291829	10794	3.82783e-81	TRUE	HA:cds-XAJ25415.1	GCG	A	GTG	V	538
