REGION	POS	REF	ALT	REF_DP	REF_RV	REF_QUAL	ALT_DP	ALT_RV	ALT_QUAL	ALT_FREQ	TOTAL_DP	PVAL	PASS	GFF_FEATURE	REF_CODON	REF_AA	ALT_CODON	ALT_AA	POS_AA
MP|PP755590.1|A/cattle/Texas/24-008749-003/2024(H5N1)	285	A	G	1	0	34	2835	1456	58	0.999647	2836	0	TRUE	M1:cds-XAJ25416.1	AGA	R	AGG	R	95
MP|PP755590.1|A/cattle/Texas/24-008749-003/2024(H5N1)	456	A	G	2	2	25	2526	1286	63	0.999209	2528	0	TRUE	M1:cds-XAJ25416.1	GAA	E	GAG	E	152
MP|PP755590.1|A/cattle/Texas/24-008749-003/2024(H5N1)	519	C	T	1251	583	60	1467	779	61	0.539735	2718	0	TRUE	M1:cds-XAJ25416.1	ATC	I	ATT	I	173
MP|PP755590.1|A/cattle/Texas/24-008749-003/2024(H5N1)	588	T	C	1162	527	61	1347	601	58	0.536867	2509	0	TRUE	M1:cds-XAJ25416.1	AGT	S	AGC	S	196
MP|PP755590.1|A/cattle/Texas/24-008749-003/2024(H5N1)	954	G	A	442	327	53	526	391	53	0.543388	968	1.45195e-265	TRUE	M2:cds-XAJ25417.1	GGT	G	GAT	D	80
