REGION	POS	REF	ALT	REF_DP	REF_RV	REF_QUAL	ALT_DP	ALT_RV	ALT_QUAL	ALT_FREQ	TOTAL_DP	PVAL	PASS	GFF_FEATURE	REF_CODON	REF_AA	ALT_CODON	ALT_AA	POS_AA
PB1|PP755595.1|A/cattle/Texas/24-008749-003/2024(H5N1)	173	A	G	437	242	36	6	1	34	0.013544	443	0.000976524	TRUE	PB1:cds-XAJ25424.1	AAC	N	AGC	S	58
PB1|PP755595.1|A/cattle/Texas/24-008749-003/2024(H5N1)	173	A	G	437	242	36	6	1	34	0.013544	443	0.000976524	TRUE	PB1-F2:cds-XAJ25425.1	ACT	T	GCT	A	27
PB1|PP755595.1|A/cattle/Texas/24-008749-003/2024(H5N1)	190	C	T	0	0	0	768	196	37	1	768	0	TRUE	PB1:cds-XAJ25424.1	CCT	P	TCT	S	64
PB1|PP755595.1|A/cattle/Texas/24-008749-003/2024(H5N1)	190	C	T	0	0	0	768	196	37	1	768	0	TRUE	PB1-F2:cds-XAJ25425.1	CAC	H	CAT	H	32
PB1|PP755595.1|A/cattle/Texas/24-008749-003/2024(H5N1)	414	G	A	894	588	36	11	6	33	0.0121547	905	0.000274097	TRUE	PB1:cds-XAJ25424.1	CCG	P	CCA	P	138
PB1|PP755595.1|A/cattle/Texas/24-008749-003/2024(H5N1)	465	T	C	0	0	0	822	323	37	1	822	0	TRUE	PB1:cds-XAJ25424.1	CTT	L	CTC	L	155
PB1|PP755595.1|A/cattle/Texas/24-008749-003/2024(H5N1)	469	G	A	0	0	0	831	332	37	1	831	0	TRUE	PB1:cds-XAJ25424.1	GCT	A	ACT	T	157
PB1|PP755595.1|A/cattle/Texas/24-008749-003/2024(H5N1)	892	C	T	999	579	39	12	6	44	0.0118694	1011	7.04261e-05	TRUE	PB1:cds-XAJ25424.1	CTC	L	TTC	F	298
PB1|PP755595.1|A/cattle/Texas/24-008749-003/2024(H5N1)	945	T	C	0	0	0	923	536	38	1	923	0	TRUE	PB1:cds-XAJ25424.1	CCT	P	CCC	P	315
PB1|PP755595.1|A/cattle/Texas/24-008749-003/2024(H5N1)	1563	A	G	3	1	45	3095	1727	39	0.999032	3098	0	TRUE	PB1:cds-XAJ25424.1	GCA	A	GCG	A	521
PB1|PP755595.1|A/cattle/Texas/24-008749-003/2024(H5N1)	1689	A	G	0	0	0	3590	1352	38	1	3590	0	TRUE	PB1:cds-XAJ25424.1	AGA	R	AGG	R	563
PB1|PP755595.1|A/cattle/Texas/24-008749-003/2024(H5N1)	1739	G	A	3563	1792	39	37	11	35	0.0102721	3602	2.52805e-09	TRUE	PB1:cds-XAJ25424.1	TGG	W	TAG	*	580
PB1|PP755595.1|A/cattle/Texas/24-008749-003/2024(H5N1)	2124	G	A	3534	2146	41	52	33	40	0.0145008	3586	1.91857e-19	TRUE	PB1:cds-XAJ25424.1	CCG	P	CCA	P	708
PB1|PP755595.1|A/cattle/Texas/24-008749-003/2024(H5N1)	2196	T	C	2	2	34	3439	3069	40	0.999419	3441	0	TRUE	PB1:cds-XAJ25424.1	TCT	S	TCC	S	732
