REGION	POS	REF	ALT	REF_DP	REF_RV	REF_QUAL	ALT_DP	ALT_RV	ALT_QUAL	ALT_FREQ	TOTAL_DP	PVAL	PASS	GFF_FEATURE	REF_CODON	REF_AA	ALT_CODON	ALT_AA	POS_AA
HA|PP755589.1|A/cattle/Texas/24-008749-003/2024(H5N1)	15	A	T	77	11	43	1	0	37	0.0128205	78	0.266212	FALSE	HA:cds-XAJ25415.1	GTA	V	GTT	V	5
HA|PP755589.1|A/cattle/Texas/24-008749-003/2024(H5N1)	18	A	G	79	11	43	1	0	20	0.0125	80	0.612881	FALSE	HA:cds-XAJ25415.1	CTA	L	CTG	L	6
HA|PP755589.1|A/cattle/Texas/24-008749-003/2024(H5N1)	45	A	G	135	34	46	2	0	20	0.0145985	137	0.386473	FALSE	HA:cds-XAJ25415.1	AAA	K	AAG	K	15
HA|PP755589.1|A/cattle/Texas/24-008749-003/2024(H5N1)	651	G	A	0	0	0	647	297	48	1	647	0	TRUE	HA:cds-XAJ25415.1	GGG	G	GGA	G	217
HA|PP755589.1|A/cattle/Texas/24-008749-003/2024(H5N1)	819	T	C	1	1	20	657	387	47	0.99848	658	0	TRUE	HA:cds-XAJ25415.1	GTT	V	GTC	V	273
HA|PP755589.1|A/cattle/Texas/24-008749-003/2024(H5N1)	834	G	A	0	0	0	683	427	48	1	683	0	TRUE	HA:cds-XAJ25415.1	TCG	S	TCA	S	278
HA|PP755589.1|A/cattle/Texas/24-008749-003/2024(H5N1)	867	T	C	0	0	0	642	379	46	1	642	0	TRUE	HA:cds-XAJ25415.1	CAT	H	CAC	H	289
HA|PP755589.1|A/cattle/Texas/24-008749-003/2024(H5N1)	921	T	C	0	0	0	627	374	46	1	627	0	TRUE	HA:cds-XAJ25415.1	TTT	F	TTC	F	307
HA|PP755589.1|A/cattle/Texas/24-008749-003/2024(H5N1)	1314	A	C	0	0	0	923	415	51	1	923	0	TRUE	HA:cds-XAJ25415.1	ACA	T	ACC	T	438
HA|PP755589.1|A/cattle/Texas/24-008749-003/2024(H5N1)	1539	A	G	0	0	0	828	600	56	1	828	0	TRUE	HA:cds-XAJ25415.1	TTA	L	TTG	L	513
HA|PP755589.1|A/cattle/Texas/24-008749-003/2024(H5N1)	1695	T	C	285	234	48	4	4	20	0.0138408	289	0.345369	FALSE	HA:cds-XAJ25415.1	ATT	I	ATC	I	565
