REGION	POS	REF	ALT	REF_DP	REF_RV	REF_QUAL	ALT_DP	ALT_RV	ALT_QUAL	ALT_FREQ	TOTAL_DP	PVAL	PASS	GFF_FEATURE	REF_CODON	REF_AA	ALT_CODON	ALT_AA	POS_AA
NS|PP755593.1|A/cattle/Texas/24-008749-003/2024(H5N1)	64	T	G	0	0	0	1879	353	33	0.998937	1881	0	TRUE	NS1:cds-XAJ25420.1	TTT	F	GTT	V	22
NS|PP755593.1|A/cattle/Texas/24-008749-003/2024(H5N1)	153	T	C	3685	1085	32	39	13	33	0.0104642	3727	7.54932e-10	TRUE	NS1:cds-XAJ25420.1	GGT	G	GGC	G	51
NS|PP755593.1|A/cattle/Texas/24-008749-003/2024(H5N1)	199	A	G	0	0	0	3519	1566	33	0.999432	3521	0	TRUE	NS1:cds-XAJ25420.1	AGG	R	GGG	G	67
NS|PP755593.1|A/cattle/Texas/24-008749-003/2024(H5N1)	216	A	G	3885	2017	33	84	37	33	0.021164	3969	2.69774e-22	TRUE	NS1:cds-XAJ25420.1	GAA	E	GAG	E	72
NS|PP755593.1|A/cattle/Texas/24-008749-003/2024(H5N1)	222	T	C	1	0	34	3935	2029	33	0.999492	3937	0	TRUE	NS1:cds-XAJ25420.1	GAT	D	GAC	D	74
NS|PP755593.1|A/cattle/Texas/24-008749-003/2024(H5N1)	375	T	C	0	0	0	3867	1982	33	0.999741	3868	0	TRUE	NS1:cds-XAJ25420.1	GAT	D	GAC	D	125
NS|PP755593.1|A/cattle/Texas/24-008749-003/2024(H5N1)	611	G	A	6	5	32	3243	1831	33	0.998153	3249	0	TRUE	NEP:cds-XAJ25421.1	GAA	E	AAA	K	37
NS|PP755593.1|A/cattle/Texas/24-008749-003/2024(H5N1)	611	G	A	6	5	32	3243	1831	33	0.998153	3249	0	TRUE	NS1:cds-XAJ25420.1	AGA	R	AAA	K	204
NS|PP755593.1|A/cattle/Texas/24-008749-003/2024(H5N1)	645	T	C	3321	1770	33	46	30	32	0.0136539	3369	1.32127e-12	TRUE	NEP:cds-XAJ25421.1	CTC	L	CCC	P	48
NS|PP755593.1|A/cattle/Texas/24-008749-003/2024(H5N1)	645	T	C	3321	1770	33	46	30	32	0.0136539	3369	1.32127e-12	TRUE	NS1:cds-XAJ25420.1	CCT	P	CCC	P	215
NS|PP755593.1|A/cattle/Texas/24-008749-003/2024(H5N1)	646	C	T	7	4	34	3321	1837	33	0.996699	3332	0	TRUE	NEP:cds-XAJ25421.1	CTC	L	CTT	L	48
NS|PP755593.1|A/cattle/Texas/24-008749-003/2024(H5N1)	646	C	T	7	4	34	3321	1837	33	0.996699	3332	0	TRUE	NS1:cds-XAJ25420.1	CCA	P	TCA	S	216
