REGION	POS	REF	ALT	REF_DP	REF_RV	REF_QUAL	ALT_DP	ALT_RV	ALT_QUAL	ALT_FREQ	TOTAL_DP	PVAL	PASS	GFF_FEATURE	REF_CODON	REF_AA	ALT_CODON	ALT_AA	POS_AA
PA|PP755594.1|A/cattle/Texas/24-008749-003/2024(H5N1)	981	G	A	0	0	0	2694	959	38	0.999629	2695	0	TRUE	PA:cds-XAJ25422.1	GAG	E	GAA	E	327
PA|PP755594.1|A/cattle/Texas/24-008749-003/2024(H5N1)	1294	G	A	1	0	34	2986	1502	43	0.999665	2987	0	TRUE	PA:cds-XAJ25422.1	GTT	V	ATT	I	432
PA|PP755594.1|A/cattle/Texas/24-008749-003/2024(H5N1)	1521	A	C	0	0	0	3020	1481	42	0.999669	3021	0	TRUE	PA:cds-XAJ25422.1	GGA	G	GGC	G	507
PA|PP755594.1|A/cattle/Texas/24-008749-003/2024(H5N1)	2056	C	-TA	3237	2310	45	55	0	20	0.0121145	4540	0.00580665	TRUE	NA	NA	NA	NA	NA	NA
PA|PP755594.1|A/cattle/Texas/24-008749-003/2024(H5N1)	2076	G	A	2	2	51	3010	2306	47	0.999004	3013	0	TRUE	PA:cds-XAJ25422.1	GAG	E	GAA	E	692
