REGION	POS	REF	ALT	REF_DP	REF_RV	REF_QUAL	ALT_DP	ALT_RV	ALT_QUAL	ALT_FREQ	TOTAL_DP	PVAL	PASS	GFF_FEATURE	REF_CODON	REF_AA	ALT_CODON	ALT_AA	POS_AA
NP|PP755592.1|A/cattle/Texas/24-008749-003/2024(H5N1)	101	G	A	3327	734	37	62	4	34	0.0182945	3389	4.87351e-25	TRUE	NP:cds-XAJ25419.1	GGC	G	GAC	D	34
NP|PP755592.1|A/cattle/Texas/24-008749-003/2024(H5N1)	114	A	G	3724	1492	37	58	14	36	0.0153317	3783	7.60814e-20	TRUE	NP:cds-XAJ25419.1	AGA	R	AGG	R	38
NP|PP755592.1|A/cattle/Texas/24-008749-003/2024(H5N1)	355	A	G	0	0	0	6943	3774	37	1	6943	0	TRUE	NP:cds-XAJ25419.1	ATT	I	GTT	V	119
NP|PP755592.1|A/cattle/Texas/24-008749-003/2024(H5N1)	388	A	G	0	0	0	7426	4431	39	1	7426	0	TRUE	NP:cds-XAJ25419.1	ACT	T	GCT	A	130
NP|PP755592.1|A/cattle/Texas/24-008749-003/2024(H5N1)	498	G	A	1	1	28	6772	3159	35	0.999852	6773	0	TRUE	NP:cds-XAJ25419.1	CTG	L	CTA	L	166
NP|PP755592.1|A/cattle/Texas/24-008749-003/2024(H5N1)	642	A	G	0	0	0	6303	2962	37	0.999683	6305	0	TRUE	NP:cds-XAJ25419.1	AGA	R	AGG	R	214
NP|PP755592.1|A/cattle/Texas/24-008749-003/2024(H5N1)	870	C	T	0	0	0	6614	3245	36	1	6614	0	TRUE	NP:cds-XAJ25419.1	GAC	D	GAT	D	290
NP|PP755592.1|A/cattle/Texas/24-008749-003/2024(H5N1)	912	C	T	7126	3359	38	94	55	36	0.0130176	7221	4.06668e-23	TRUE	NP:cds-XAJ25419.1	TTC	F	TTT	F	304
NP|PP755592.1|A/cattle/Texas/24-008749-003/2024(H5N1)	982	C	A	6427	3355	37	102	50	39	0.0156154	6532	2.23026e-26	TRUE	NP:cds-XAJ25419.1	CTG	L	ATG	M	328
NP|PP755592.1|A/cattle/Texas/24-008749-003/2024(H5N1)	1014	T	C	0	0	0	6692	3632	38	1	6692	0	TRUE	NP:cds-XAJ25419.1	TTT	F	TTC	F	338
NP|PP755592.1|A/cattle/Texas/24-008749-003/2024(H5N1)	1092	G	A	1	1	34	6851	3319	38	0.999854	6852	0	TRUE	NP:cds-XAJ25419.1	CAG	Q	CAA	Q	364
NP|PP755592.1|A/cattle/Texas/24-008749-003/2024(H5N1)	1405	G	+A	5530	5002	40	86	0	20	0.012832	6702	0.00515375	TRUE	NA	NA	NA	NA	NA	NA
NP|PP755592.1|A/cattle/Texas/24-008749-003/2024(H5N1)	1485	G	T	2872	2781	36	30	29	34	0.0103377	2902	2.35766e-07	TRUE	NP:cds-XAJ25419.1	GAG	E	GAT	D	495
