REGION	POS	REF	ALT	REF_DP	REF_RV	REF_QUAL	ALT_DP	ALT_RV	ALT_QUAL	ALT_FREQ	TOTAL_DP	PVAL	PASS	GFF_FEATURE	REF_CODON	REF_AA	ALT_CODON	ALT_AA	POS_AA
PB1|PP755595.1|A/cattle/Texas/24-008749-003/2024(H5N1)	216	A	G	1698	558	33	39	17	33	0.0224525	1737	1.59422e-11	TRUE	PB1:cds-XAJ25424.1	CCA	P	CCG	P	72
PB1|PP755595.1|A/cattle/Texas/24-008749-003/2024(H5N1)	216	A	G	1698	558	33	39	17	33	0.0224525	1737	1.59422e-11	TRUE	PB1-F2:cds-XAJ25425.1	CAT	H	CGT	R	41
PB1|PP755595.1|A/cattle/Texas/24-008749-003/2024(H5N1)	381	G	A	0	0	0	1627	1070	32	1	1627	0	TRUE	PB1:cds-XAJ25424.1	CAG	Q	CAA	Q	127
PB1|PP755595.1|A/cattle/Texas/24-008749-003/2024(H5N1)	532	G	A	1839	761	33	25	11	32	0.013412	1864	1.7242e-07	TRUE	PB1:cds-XAJ25424.1	GAA	E	AAA	K	178
PB1|PP755595.1|A/cattle/Texas/24-008749-003/2024(H5N1)	594	A	G	3	1	34	1581	761	33	0.998106	1584	0	TRUE	PB1:cds-XAJ25424.1	AAA	K	AAG	K	198
PB1|PP755595.1|A/cattle/Texas/24-008749-003/2024(H5N1)	837	G	A	1536	816	33	59	34	33	0.0369674	1596	1.47587e-17	TRUE	PB1:cds-XAJ25424.1	AAG	K	AAA	K	279
PB1|PP755595.1|A/cattle/Texas/24-008749-003/2024(H5N1)	871	A	G	1850	1123	33	27	20	32	0.0143847	1877	6.06054e-08	TRUE	PB1:cds-XAJ25424.1	ACT	T	GCT	A	291
PB1|PP755595.1|A/cattle/Texas/24-008749-003/2024(H5N1)	879	G	A	2	1	34	1768	1103	33	0.99887	1770	0	TRUE	PB1:cds-XAJ25424.1	TCG	S	TCA	S	293
PB1|PP755595.1|A/cattle/Texas/24-008749-003/2024(H5N1)	945	T	C	0	0	0	1778	1066	33	1	1778	0	TRUE	PB1:cds-XAJ25424.1	CCT	P	CCC	P	315
PB1|PP755595.1|A/cattle/Texas/24-008749-003/2024(H5N1)	1065	C	T	1959	766	33	46	21	31	0.0229426	2005	1.68419e-12	TRUE	PB1:cds-XAJ25424.1	TAC	Y	TAT	Y	355
PB1|PP755595.1|A/cattle/Texas/24-008749-003/2024(H5N1)	1524	G	A	0	0	0	4766	2045	33	1	4766	0	TRUE	PB1:cds-XAJ25424.1	GAG	E	GAA	E	508
PB1|PP755595.1|A/cattle/Texas/24-008749-003/2024(H5N1)	1533	C	T	1519	672	33	3292	1610	33	0.684123	4812	0	TRUE	PB1:cds-XAJ25424.1	AGC	S	AGT	S	511
PB1|PP755595.1|A/cattle/Texas/24-008749-003/2024(H5N1)	1770	G	T	5180	2537	33	302	125	32	0.0550593	5485	6.63761e-87	TRUE	PB1:cds-XAJ25424.1	CTG	L	CTT	L	590
PB1|PP755595.1|A/cattle/Texas/24-008749-003/2024(H5N1)	2100	C	T	2	1	34	5304	2937	33	0.999623	5306	0	TRUE	PB1:cds-XAJ25424.1	TTC	F	TTT	F	700
PB1|PP755595.1|A/cattle/Texas/24-008749-003/2024(H5N1)	2155	G	A	5001	3541	33	75	67	33	0.0147725	5077	5.55179e-18	TRUE	PB1:cds-XAJ25424.1	GTT	V	ATT	I	719
