REGION	POS	REF	ALT	REF_DP	REF_RV	REF_QUAL	ALT_DP	ALT_RV	ALT_QUAL	ALT_FREQ	TOTAL_DP	PVAL	PASS	GFF_FEATURE	REF_CODON	REF_AA	ALT_CODON	ALT_AA	POS_AA
NP|PP755592.1|A/cattle/Texas/24-008749-003/2024(H5N1)	9	T	C	236	61	33	4	1	34	0.0166667	240	0.00061309	TRUE	NP:cds-XAJ25419.1	TCT	S	TCC	S	3
NP|PP755592.1|A/cattle/Texas/24-008749-003/2024(H5N1)	355	A	G	4	2	34	2985	1582	33	0.998662	2989	0	TRUE	NP:cds-XAJ25419.1	ATT	I	GTT	V	119
NP|PP755592.1|A/cattle/Texas/24-008749-003/2024(H5N1)	498	G	A	6	3	34	2950	1337	33	0.99797	2956	0	TRUE	NP:cds-XAJ25419.1	CTG	L	CTA	L	166
NP|PP755592.1|A/cattle/Texas/24-008749-003/2024(H5N1)	531	G	A	6	3	32	2967	1044	33	0.997982	2973	0	TRUE	NP:cds-XAJ25419.1	GGG	G	GGA	G	177
NP|PP755592.1|A/cattle/Texas/24-008749-003/2024(H5N1)	870	C	T	8	3	34	2766	1470	33	0.996398	2776	0	TRUE	NP:cds-XAJ25419.1	GAC	D	GAT	D	290
NP|PP755592.1|A/cattle/Texas/24-008749-003/2024(H5N1)	1014	T	C	2	0	34	2815	1483	33	0.998227	2820	0	TRUE	NP:cds-XAJ25419.1	TTT	F	TTC	F	338
NP|PP755592.1|A/cattle/Texas/24-008749-003/2024(H5N1)	1092	G	A	5	2	34	2957	1426	33	0.998312	2962	0	TRUE	NP:cds-XAJ25419.1	CAG	Q	CAA	Q	364
NP|PP755592.1|A/cattle/Texas/24-008749-003/2024(H5N1)	1308	A	G	0	0	0	2430	1433	33	1	2430	0	TRUE	NP:cds-XAJ25419.1	AGA	R	AGG	R	436
