REGION	POS	REF	ALT	REF_DP	REF_RV	REF_QUAL	ALT_DP	ALT_RV	ALT_QUAL	ALT_FREQ	TOTAL_DP	PVAL	PASS	GFF_FEATURE	REF_CODON	REF_AA	ALT_CODON	ALT_AA	POS_AA
NP|PP755592.1|A/cattle/Texas/24-008749-003/2024(H5N1)	302	A	G	2791	1449	37	32	18	41	0.0113274	2825	4.50952e-12	TRUE	NP:cds-XAJ25419.1	GAT	D	GGT	G	101
NP|PP755592.1|A/cattle/Texas/24-008749-003/2024(H5N1)	351	A	G	2953	1599	39	74	35	38	0.0244386	3028	2.96521e-22	TRUE	NP:cds-XAJ25419.1	AGA	R	AGG	R	117
NP|PP755592.1|A/cattle/Texas/24-008749-003/2024(H5N1)	355	A	G	0	0	0	2913	1572	39	1	2913	0	TRUE	NP:cds-XAJ25419.1	ATT	I	GTT	V	119
NP|PP755592.1|A/cattle/Texas/24-008749-003/2024(H5N1)	462	T	C	2962	1709	38	47	21	33	0.0156146	3010	4.37288e-13	TRUE	NP:cds-XAJ25419.1	CTT	L	CTC	L	154
NP|PP755592.1|A/cattle/Texas/24-008749-003/2024(H5N1)	498	G	A	0	0	0	2996	1332	36	1	2996	0	TRUE	NP:cds-XAJ25419.1	CTG	L	CTA	L	166
NP|PP755592.1|A/cattle/Texas/24-008749-003/2024(H5N1)	726	G	A	3000	1689	38	112	48	37	0.0359782	3113	4.20024e-34	TRUE	NP:cds-XAJ25419.1	GTG	V	GTA	V	242
NP|PP755592.1|A/cattle/Texas/24-008749-003/2024(H5N1)	870	C	T	0	0	0	2730	1287	37	1	2730	0	TRUE	NP:cds-XAJ25419.1	GAC	D	GAT	D	290
NP|PP755592.1|A/cattle/Texas/24-008749-003/2024(H5N1)	975	A	G	1	1	34	2808	1465	38	0.998578	2812	0	TRUE	NP:cds-XAJ25419.1	AAA	K	AAG	K	325
NP|PP755592.1|A/cattle/Texas/24-008749-003/2024(H5N1)	1014	T	C	0	0	0	2956	1562	39	1	2956	0	TRUE	NP:cds-XAJ25419.1	TTT	F	TTC	F	338
NP|PP755592.1|A/cattle/Texas/24-008749-003/2024(H5N1)	1092	G	A	2	0	34	3054	1464	39	0.999346	3056	0	TRUE	NP:cds-XAJ25419.1	CAG	Q	CAA	Q	364
NP|PP755592.1|A/cattle/Texas/24-008749-003/2024(H5N1)	1143	G	A	115	64	38	2869	1522	39	0.961139	2985	0	TRUE	NP:cds-XAJ25419.1	CTG	L	CTA	L	381
