REGION	POS	REF	ALT	REF_DP	REF_RV	REF_QUAL	ALT_DP	ALT_RV	ALT_QUAL	ALT_FREQ	TOTAL_DP	PVAL	PASS	GFF_FEATURE	REF_CODON	REF_AA	ALT_CODON	ALT_AA	POS_AA
PB1|PP755595.1|A/cattle/Texas/24-008749-003/2024(H5N1)	29	T	-GAA	494	49	36	77	0	20	0.0486111	1584	8.57278e-32	TRUE	NA	NA	NA	NA	NA	NA
PB1|PP755595.1|A/cattle/Texas/24-008749-003/2024(H5N1)	121	G	-ACACAGTTAACAGAACACATCAAT	1224	138	37	77	0	20	0.0381188	2020	2.73885e-16	TRUE	NA	NA	NA	NA	NA	NA
PB1|PP755595.1|A/cattle/Texas/24-008749-003/2024(H5N1)	213	A	G	1227	306	37	168	40	37	0.12043	1395	1.0746e-56	TRUE	PB1:cds-XAJ25424.1	GGA	G	GGG	G	71
PB1|PP755595.1|A/cattle/Texas/24-008749-003/2024(H5N1)	213	A	G	1227	306	37	168	40	37	0.12043	1395	1.0746e-56	TRUE	PB1-F2:cds-XAJ25425.1	GAC	D	GGC	G	40
PB1|PP755595.1|A/cattle/Texas/24-008749-003/2024(H5N1)	275	T	-GGCTTTCCTTGAAGAA	1245	427	36	16	0	20	0.0113879	1405	0.315142	FALSE	NA	NA	NA	NA	NA	NA
PB1|PP755595.1|A/cattle/Texas/24-008749-003/2024(H5N1)	567	A	G	1475	660	37	22	11	39	0.0146961	1497	2.6424e-07	TRUE	PB1:cds-XAJ25424.1	AGA	R	AGG	R	189
PB1|PP755595.1|A/cattle/Texas/24-008749-003/2024(H5N1)	654	G	A	1470	857	35	20	9	37	0.0134228	1490	4.72719e-06	TRUE	PB1:cds-XAJ25424.1	CTG	L	CTA	L	218
PB1|PP755595.1|A/cattle/Texas/24-008749-003/2024(H5N1)	708	A	G	451	184	36	1141	578	35	0.716709	1592	0	TRUE	PB1:cds-XAJ25424.1	TTA	L	TTG	L	236
PB1|PP755595.1|A/cattle/Texas/24-008749-003/2024(H5N1)	834	G	A	886	464	36	558	277	36	0.386427	1444	7.20604e-212	TRUE	PB1:cds-XAJ25424.1	AAG	K	AAA	K	278
PB1|PP755595.1|A/cattle/Texas/24-008749-003/2024(H5N1)	873	T	C	1374	801	36	15	10	38	0.0107991	1389	5.82826e-05	TRUE	PB1:cds-XAJ25424.1	ACT	T	ACC	T	291
PB1|PP755595.1|A/cattle/Texas/24-008749-003/2024(H5N1)	882	A	G	1601	1068	38	65	45	38	0.0390156	1666	4.87224e-21	TRUE	PB1:cds-XAJ25424.1	CAA	Q	CAG	Q	294
PB1|PP755595.1|A/cattle/Texas/24-008749-003/2024(H5N1)	921	T	C	509	318	35	1316	744	36	0.721096	1825	0	TRUE	PB1:cds-XAJ25424.1	ACT	T	ACC	T	307
PB1|PP755595.1|A/cattle/Texas/24-008749-003/2024(H5N1)	945	T	C	1	1	34	1662	906	36	0.999399	1663	0	TRUE	PB1:cds-XAJ25424.1	CCT	P	CCC	P	315
PB1|PP755595.1|A/cattle/Texas/24-008749-003/2024(H5N1)	1023	T	C	1395	525	35	439	125	35	0.239368	1834	1.67246e-150	TRUE	PB1:cds-XAJ25424.1	CCT	P	CCC	P	341
PB1|PP755595.1|A/cattle/Texas/24-008749-003/2024(H5N1)	1926	T	C	5521	3142	36	420	201	36	0.0706952	5941	6.00729e-131	TRUE	PB1:cds-XAJ25424.1	AAT	N	AAC	N	642
