REGION	POS	REF	ALT	REF_DP	REF_RV	REF_QUAL	ALT_DP	ALT_RV	ALT_QUAL	ALT_FREQ	TOTAL_DP	PVAL	PASS	GFF_FEATURE	REF_CODON	REF_AA	ALT_CODON	ALT_AA	POS_AA
PA|PP755594.1|A/cattle/Texas/24-008749-003/2024(H5N1)	14	T	C	158	15	34	2	0	34	0.0125	160	0.0191862	FALSE	PA:cds-XAJ25422.1	GTG	V	GCG	A	5
PA|PP755594.1|A/cattle/Texas/24-008749-003/2024(H5N1)	14	T	C	158	15	34	2	0	34	0.0125	160	0.0191862	FALSE	PA-X:cds-XAJ25423.1	GTG	V	GCG	A	5
PA|PP755594.1|A/cattle/Texas/24-008749-003/2024(H5N1)	17	G	A	177	16	33	2	1	34	0.0111732	179	0.0611371	FALSE	PA:cds-XAJ25422.1	CGA	R	CAA	Q	6
PA|PP755594.1|A/cattle/Texas/24-008749-003/2024(H5N1)	17	G	A	177	16	33	2	1	34	0.0111732	179	0.0611371	FALSE	PA-X:cds-XAJ25423.1	CGA	R	CAA	Q	6
PA|PP755594.1|A/cattle/Texas/24-008749-003/2024(H5N1)	110	C	-A	833	248	33	48	0	20	0.0290733	1651	3.50974e-11	TRUE	NA	NA	NA	NA	NA	NA
PA|PP755594.1|A/cattle/Texas/24-008749-003/2024(H5N1)	144	T	C	0	0	0	1563	649	33	1	1563	0	TRUE	PA:cds-XAJ25422.1	TAT	Y	TAC	Y	48
PA|PP755594.1|A/cattle/Texas/24-008749-003/2024(H5N1)	144	T	C	0	0	0	1563	649	33	1	1563	0	TRUE	PA-X:cds-XAJ25423.1	TAT	Y	TAC	Y	48
PA|PP755594.1|A/cattle/Texas/24-008749-003/2024(H5N1)	787	A	G	1	1	34	1919	1276	33	0.999479	1920	0	TRUE	PA:cds-XAJ25422.1	ACA	T	GCA	A	263
PA|PP755594.1|A/cattle/Texas/24-008749-003/2024(H5N1)	922	A	G	1	0	34	1913	521	33	0.999478	1914	0	TRUE	PA:cds-XAJ25422.1	ATC	I	GTC	V	308
PA|PP755594.1|A/cattle/Texas/24-008749-003/2024(H5N1)	981	G	A	0	0	0	1897	662	33	1	1897	0	TRUE	PA:cds-XAJ25422.1	GAG	E	GAA	E	327
PA|PP755594.1|A/cattle/Texas/24-008749-003/2024(H5N1)	989	T	C	0	0	0	1953	667	33	1	1953	0	TRUE	PA:cds-XAJ25422.1	ATA	I	ACA	T	330
PA|PP755594.1|A/cattle/Texas/24-008749-003/2024(H5N1)	1294	G	A	3	1	34	2232	1201	33	0.998658	2235	0	TRUE	PA:cds-XAJ25422.1	GTT	V	ATT	I	432
