REGION	POS	REF	ALT	REF_DP	REF_RV	REF_QUAL	ALT_DP	ALT_RV	ALT_QUAL	ALT_FREQ	TOTAL_DP	PVAL	PASS	GFF_FEATURE	REF_CODON	REF_AA	ALT_CODON	ALT_AA	POS_AA
PB2|PP755596.1|A/cattle/Texas/24-008749-003/2024(H5N1)	15	A	G	179	29	33	2	1	31	0.0110497	181	0.0323531	FALSE	PB2:cds-XAJ25426.1	AAA	K	AAG	K	5
PB2|PP755596.1|A/cattle/Texas/24-008749-003/2024(H5N1)	746	A	G	1	1	34	2051	934	33	0.999513	2052	0	TRUE	PB2:cds-XAJ25426.1	GAA	E	GGA	G	249
PB2|PP755596.1|A/cattle/Texas/24-008749-003/2024(H5N1)	764	C	T	1	1	34	2056	953	33	0.999514	2057	0	TRUE	PB2:cds-XAJ25426.1	GCA	A	GTA	V	255
PB2|PP755596.1|A/cattle/Texas/24-008749-003/2024(H5N1)	1242	T	C	0	0	0	2183	889	33	0.999542	2184	0	TRUE	PB2:cds-XAJ25426.1	GTT	V	GTC	V	414
PB2|PP755596.1|A/cattle/Texas/24-008749-003/2024(H5N1)	1311	C	T	0	0	0	2238	990	33	1	2238	0	TRUE	PB2:cds-XAJ25426.1	CAC	H	CAT	H	437
PB2|PP755596.1|A/cattle/Texas/24-008749-003/2024(H5N1)	1755	T	C	0	0	0	2568	1424	33	1	2568	0	TRUE	PB2:cds-XAJ25426.1	CCT	P	CCC	P	585
