REGION	POS	REF	ALT	REF_DP	REF_RV	REF_QUAL	ALT_DP	ALT_RV	ALT_QUAL	ALT_FREQ	TOTAL_DP	PVAL	PASS	GFF_FEATURE	REF_CODON	REF_AA	ALT_CODON	ALT_AA	POS_AA
NP|PP755592.1|A/cattle/Texas/24-008749-003/2024(H5N1)	220	A	G	6765	2995	33	73	31	33	0.0106756	6838	1.06181e-15	TRUE	NP:cds-XAJ25419.1	AGG	R	GGG	G	74
NP|PP755592.1|A/cattle/Texas/24-008749-003/2024(H5N1)	322	T	C	5381	2114	32	84	47	33	0.0153537	5471	8.07388e-23	TRUE	NP:cds-XAJ25419.1	TTG	L	CTG	L	108
NP|PP755592.1|A/cattle/Texas/24-008749-003/2024(H5N1)	355	A	G	1	0	34	6781	3595	33	0.999853	6782	0	TRUE	NP:cds-XAJ25419.1	ATT	I	GTT	V	119
NP|PP755592.1|A/cattle/Texas/24-008749-003/2024(H5N1)	498	G	A	2	1	34	6890	3036	33	0.99971	6892	0	TRUE	NP:cds-XAJ25419.1	CTG	L	CTA	L	166
NP|PP755592.1|A/cattle/Texas/24-008749-003/2024(H5N1)	632	A	G	6611	3044	32	202	98	33	0.0296405	6815	1.51236e-54	TRUE	NP:cds-XAJ25419.1	AAC	N	AGC	S	211
NP|PP755592.1|A/cattle/Texas/24-008749-003/2024(H5N1)	798	G	A	7670	4169	33	98	36	32	0.0126159	7768	1.63897e-22	TRUE	NP:cds-XAJ25419.1	CTG	L	CTA	L	266
NP|PP755592.1|A/cattle/Texas/24-008749-003/2024(H5N1)	870	C	T	0	0	0	6819	3327	33	1	6819	0	TRUE	NP:cds-XAJ25419.1	GAC	D	GAT	D	290
NP|PP755592.1|A/cattle/Texas/24-008749-003/2024(H5N1)	1014	T	C	2	1	30	6834	3734	33	0.999707	6836	0	TRUE	NP:cds-XAJ25419.1	TTT	F	TTC	F	338
NP|PP755592.1|A/cattle/Texas/24-008749-003/2024(H5N1)	1068	A	G	7093	3524	33	95	59	32	0.0132146	7189	1.18909e-21	TRUE	NP:cds-XAJ25419.1	GGA	G	GGG	G	356
NP|PP755592.1|A/cattle/Texas/24-008749-003/2024(H5N1)	1092	G	A	2	2	34	7042	3416	33	0.999716	7044	0	TRUE	NP:cds-XAJ25419.1	CAG	Q	CAA	Q	364
NP|PP755592.1|A/cattle/Texas/24-008749-003/2024(H5N1)	1445	A	G	4943	4423	33	60	53	33	0.0119928	5003	6.87976e-14	TRUE	NP:cds-XAJ25419.1	AAC	N	AGC	S	482
