REGION	POS	REF	ALT	REF_DP	REF_RV	REF_QUAL	ALT_DP	ALT_RV	ALT_QUAL	ALT_FREQ	TOTAL_DP	PVAL	PASS	GFF_FEATURE	REF_CODON	REF_AA	ALT_CODON	ALT_AA	POS_AA
PB2|PP755596.1|A/cattle/Texas/24-008749-003/2024(H5N1)	21	G	A	88	7	36	1	0	34	0.011236	89	0.216545	FALSE	PB2:cds-XAJ25426.1	CTG	L	CTA	L	7
PB2|PP755596.1|A/cattle/Texas/24-008749-003/2024(H5N1)	22	A	G	93	7	35	1	0	34	0.0106383	94	0.225962	FALSE	PB2:cds-XAJ25426.1	AGA	R	GGA	G	8
PB2|PP755596.1|A/cattle/Texas/24-008749-003/2024(H5N1)	23	G	A	92	7	36	1	0	34	0.0107527	93	0.223022	FALSE	PB2:cds-XAJ25426.1	AGA	R	AAA	K	8
PB2|PP755596.1|A/cattle/Texas/24-008749-003/2024(H5N1)	240	G	A	0	0	0	394	198	35	1	394	1.11501e-260	TRUE	PB2:cds-XAJ25426.1	AAG	K	AAA	K	80
PB2|PP755596.1|A/cattle/Texas/24-008749-003/2024(H5N1)	630	G	A	1	0	34	488	278	36	0.997955	489	0	TRUE	PB2:cds-XAJ25426.1	GAG	E	GAA	E	210
PB2|PP755596.1|A/cattle/Texas/24-008749-003/2024(H5N1)	764	C	T	0	0	0	528	226	35	1	528	0	TRUE	PB2:cds-XAJ25426.1	GCA	A	GTA	V	255
PB2|PP755596.1|A/cattle/Texas/24-008749-003/2024(H5N1)	912	G	A	0	0	0	573	266	37	1	573	0	TRUE	PB2:cds-XAJ25426.1	GAG	E	GAA	E	304
PB2|PP755596.1|A/cattle/Texas/24-008749-003/2024(H5N1)	1209	A	G	682	290	37	17	8	36	0.0243205	699	2.29923e-06	TRUE	PB2:cds-XAJ25426.1	GTA	V	GTG	V	403
PB2|PP755596.1|A/cattle/Texas/24-008749-003/2024(H5N1)	1392	G	A	0	0	0	607	438	36	1	607	0	TRUE	PB2:cds-XAJ25426.1	TTG	L	TTA	L	464
PB2|PP755596.1|A/cattle/Texas/24-008749-003/2024(H5N1)	1762	G	A	668	367	36	15	5	38	0.0219619	683	1.2483e-05	TRUE	PB2:cds-XAJ25426.1	GCC	A	ACC	T	588
PB2|PP755596.1|A/cattle/Texas/24-008749-003/2024(H5N1)	2009	A	G	0	0	0	580	328	36	1	580	0	TRUE	PB2:cds-XAJ25426.1	AAA	K	AGA	R	670
