REGION	POS	REF	ALT	REF_DP	REF_RV	REF_QUAL	ALT_DP	ALT_RV	ALT_QUAL	ALT_FREQ	TOTAL_DP	PVAL	PASS	GFF_FEATURE	REF_CODON	REF_AA	ALT_CODON	ALT_AA	POS_AA
NS|PP755593.1|A/cattle/Texas/24-008749-003/2024(H5N1)	166	A	G	36598	18437	32	759	373	33	0.0203115	37368	9.95396e-189	TRUE	NS1:cds-XAJ25420.1	ACG	T	GCG	A	56
NS|PP755593.1|A/cattle/Texas/24-008749-003/2024(H5N1)	199	A	G	6	5	34	37148	17889	33	0.999785	37156	0	TRUE	NS1:cds-XAJ25420.1	AGG	R	GGG	G	67
NS|PP755593.1|A/cattle/Texas/24-008749-003/2024(H5N1)	209	A	G	37736	18656	33	2941	1664	33	0.0722977	40679	0	TRUE	NS1:cds-XAJ25420.1	GAG	E	GGG	G	70
NS|PP755593.1|A/cattle/Texas/24-008749-003/2024(H5N1)	222	T	C	7	4	34	39848	20739	33	0.999824	39855	0	TRUE	NS1:cds-XAJ25420.1	GAT	D	GAC	D	74
NS|PP755593.1|A/cattle/Texas/24-008749-003/2024(H5N1)	240	T	C	37767	20451	33	412	213	33	0.0107899	38184	6.38331e-85	TRUE	NS1:cds-XAJ25420.1	ACT	T	ACC	T	80
NS|PP755593.1|A/cattle/Texas/24-008749-003/2024(H5N1)	346	A	G	36518	19449	33	883	572	33	0.023609	37401	1.88002e-215	TRUE	NS1:cds-XAJ25420.1	AGT	S	GGT	G	116
NS|PP755593.1|A/cattle/Texas/24-008749-003/2024(H5N1)	413	T	C	37676	19238	33	766	310	33	0.0199261	38442	1.12091e-180	TRUE	NS1:cds-XAJ25420.1	TTC	F	TCC	S	138
NS|PP755593.1|A/cattle/Texas/24-008749-003/2024(H5N1)	421	C	T	29367	14993	33	7455	3839	33	0.202449	36824	0	TRUE	NS1:cds-XAJ25420.1	CTG	L	TTG	L	141
NS|PP755593.1|A/cattle/Texas/24-008749-003/2024(H5N1)	426	G	A	38202	20520	33	1284	584	32	0.032517	39487	0	TRUE	NS1:cds-XAJ25420.1	GAG	E	GAA	E	142
