REGION	POS	REF	ALT	REF_DP	REF_RV	REF_QUAL	ALT_DP	ALT_RV	ALT_QUAL	ALT_FREQ	TOTAL_DP	PVAL	PASS	GFF_FEATURE	REF_CODON	REF_AA	ALT_CODON	ALT_AA	POS_AA
NP|PP755592.1|A/cattle/Texas/24-008749-003/2024(H5N1)	498	G	A	8	2	30	6306	2607	30	0.998101	6318	0	TRUE	NP:cds-XAJ25419.1	CTG	L	CTA	L	166
NP|PP755592.1|A/cattle/Texas/24-008749-003/2024(H5N1)	675	C	T	7	3	34	5345	2827	31	0.998319	5354	0	TRUE	NP:cds-XAJ25419.1	ATC	I	ATT	I	225
NP|PP755592.1|A/cattle/Texas/24-008749-003/2024(H5N1)	747	G	A	4	1	27	6125	3458	31	0.999021	6131	0	TRUE	NP:cds-XAJ25419.1	GGG	G	GGA	G	249
NP|PP755592.1|A/cattle/Texas/24-008749-003/2024(H5N1)	870	C	T	16	6	30	7011	3942	31	0.996872	7033	0	TRUE	NP:cds-XAJ25419.1	GAC	D	GAT	D	290
NP|PP755592.1|A/cattle/Texas/24-008749-003/2024(H5N1)	1014	T	C	5	3	30	6257	2630	31	0.998723	6265	0	TRUE	NP:cds-XAJ25419.1	TTT	F	TTC	F	338
NP|PP755592.1|A/cattle/Texas/24-008749-003/2024(H5N1)	1131	T	C	5	4	28	6021	3372	32	0.99917	6026	0	TRUE	NP:cds-XAJ25419.1	AGT	S	AGC	S	377
