REGION	POS	REF	ALT	REF_DP	REF_RV	REF_QUAL	ALT_DP	ALT_RV	ALT_QUAL	ALT_FREQ	TOTAL_DP	PVAL	PASS	GFF_FEATURE	REF_CODON	REF_AA	ALT_CODON	ALT_AA	POS_AA
MP|PP755590.1|A/cattle/Texas/24-008749-003/2024(H5N1)	12	A	G	5371	592	36	127	8	36	0.0230993	5498	5.7721e-69	TRUE	M2:cds-XAJ25417.1	CTA	L	CTG	L	4
MP|PP755590.1|A/cattle/Texas/24-008749-003/2024(H5N1)	12	A	G	5371	592	36	127	8	36	0.0230993	5498	5.7721e-69	TRUE	M1:cds-XAJ25416.1	CTA	L	CTG	L	4
MP|PP755590.1|A/cattle/Texas/24-008749-003/2024(H5N1)	245	G	A	5	1	40	46656	19218	37	0.999871	46662	0	TRUE	M1:cds-XAJ25416.1	AGT	S	AAT	N	82
MP|PP755590.1|A/cattle/Texas/24-008749-003/2024(H5N1)	486	C	T	37715	17031	37	19472	11571	36	0.340312	57218	0	TRUE	M1:cds-XAJ25416.1	CAC	H	CAT	H	162
MP|PP755590.1|A/cattle/Texas/24-008749-003/2024(H5N1)	919	G	A	31712	29849	37	2448	2333	36	0.0716586	34162	0	TRUE	M2:cds-XAJ25417.1	CGG	R	CGA	R	69
MP|PP755590.1|A/cattle/Texas/24-008749-003/2024(H5N1)	933	G	A	5144	4936	36	23832	22340	37	0.822445	28977	0	TRUE	M2:cds-XAJ25417.1	AGT	S	AAT	N	73
