REGION	POS	REF	ALT	REF_DP	REF_RV	REF_QUAL	ALT_DP	ALT_RV	ALT_QUAL	ALT_FREQ	TOTAL_DP	PVAL	PASS	GFF_FEATURE	REF_CODON	REF_AA	ALT_CODON	ALT_AA	POS_AA
NP|PP755592.1|A/cattle/Texas/24-008749-003/2024(H5N1)	86	T	C	1189	503	33	29	12	32	0.0238095	1218	3.12011e-13	TRUE	NP:cds-XAJ25419.1	GTT	V	GCT	A	29
NP|PP755592.1|A/cattle/Texas/24-008749-003/2024(H5N1)	242	A	G	2786	1362	33	69	39	33	0.0241597	2856	3.44651e-19	TRUE	NP:cds-XAJ25419.1	GAA	E	GGA	G	81
NP|PP755592.1|A/cattle/Texas/24-008749-003/2024(H5N1)	355	A	G	0	0	0	2558	1338	33	1	2558	0	TRUE	NP:cds-XAJ25419.1	ATT	I	GTT	V	119
NP|PP755592.1|A/cattle/Texas/24-008749-003/2024(H5N1)	376	G	A	2858	1656	33	32	16	32	0.0110727	2890	1.91382e-08	TRUE	NP:cds-XAJ25419.1	GGA	G	AGA	R	126
NP|PP755592.1|A/cattle/Texas/24-008749-003/2024(H5N1)	474	A	G	0	0	0	2401	1305	33	1	2401	0	TRUE	NP:cds-XAJ25419.1	GGA	G	GGG	G	158
NP|PP755592.1|A/cattle/Texas/24-008749-003/2024(H5N1)	498	G	A	0	0	0	2317	1017	33	1	2317	0	TRUE	NP:cds-XAJ25419.1	CTG	L	CTA	L	166
NP|PP755592.1|A/cattle/Texas/24-008749-003/2024(H5N1)	652	G	T	2590	1331	33	35	15	32	0.0133333	2625	3.55034e-09	TRUE	NP:cds-XAJ25419.1	GCC	A	TCC	S	218
NP|PP755592.1|A/cattle/Texas/24-008749-003/2024(H5N1)	778	G	A	2464	1450	33	34	20	33	0.0136054	2499	5.9733e-09	TRUE	NP:cds-XAJ25419.1	GCA	A	ACA	T	260
NP|PP755592.1|A/cattle/Texas/24-008749-003/2024(H5N1)	866	A	G	2303	1159	33	32	11	33	0.0136986	2336	8.42657e-09	TRUE	NP:cds-XAJ25419.1	TAT	Y	TGT	C	289
NP|PP755592.1|A/cattle/Texas/24-008749-003/2024(H5N1)	870	C	T	0	0	0	2396	1176	33	1	2396	0	TRUE	NP:cds-XAJ25419.1	GAC	D	GAT	D	290
NP|PP755592.1|A/cattle/Texas/24-008749-003/2024(H5N1)	879	A	G	2229	1242	32	37	24	33	0.0163283	2266	1.52619e-10	TRUE	NP:cds-XAJ25419.1	AGA	R	AGG	R	293
NP|PP755592.1|A/cattle/Texas/24-008749-003/2024(H5N1)	993	G	T	2561	1341	33	60	24	33	0.0228746	2623	1.46537e-16	TRUE	NP:cds-XAJ25419.1	ATG	M	ATT	I	331
NP|PP755592.1|A/cattle/Texas/24-008749-003/2024(H5N1)	1014	T	C	0	0	0	2492	1304	33	0.999198	2494	0	TRUE	NP:cds-XAJ25419.1	TTT	F	TTC	F	338
NP|PP755592.1|A/cattle/Texas/24-008749-003/2024(H5N1)	1092	G	A	0	0	0	2530	1186	33	1	2530	0	TRUE	NP:cds-XAJ25419.1	CAG	Q	CAA	Q	364
