REGION	POS	REF	ALT	REF_DP	REF_RV	REF_QUAL	ALT_DP	ALT_RV	ALT_QUAL	ALT_FREQ	TOTAL_DP	PVAL	PASS	GFF_FEATURE	REF_CODON	REF_AA	ALT_CODON	ALT_AA	POS_AA
MP|PP755590.1|A/cattle/Texas/24-008749-003/2024(H5N1)	225	G	A	4	2	66	9294	3624	60	0.99957	9298	0	TRUE	M1:cds-XAJ25416.1	CAG	Q	CAA	Q	75
MP|PP755590.1|A/cattle/Texas/24-008749-003/2024(H5N1)	245	G	A	0	0	0	9247	4478	59	1	9247	0	TRUE	M1:cds-XAJ25416.1	AGT	S	AAT	N	82
MP|PP755590.1|A/cattle/Texas/24-008749-003/2024(H5N1)	249	C	T	1	0	51	9171	4454	59	0.999891	9172	0	TRUE	M1:cds-XAJ25416.1	GCC	A	GCT	A	83
MP|PP755590.1|A/cattle/Texas/24-008749-003/2024(H5N1)	252	A	G	3	1	33	9177	4453	59	0.999564	9181	0	TRUE	M1:cds-XAJ25416.1	CTA	L	CTG	L	84
MP|PP755590.1|A/cattle/Texas/24-008749-003/2024(H5N1)	254	G	A	3	3	48	9192	4487	59	0.999674	9195	0	TRUE	M1:cds-XAJ25416.1	AGT	S	AAT	N	85
MP|PP755590.1|A/cattle/Texas/24-008749-003/2024(H5N1)	260	C	A	0	0	0	9506	4768	60	0.999474	9511	0	TRUE	M1:cds-XAJ25416.1	ACT	T	AAT	N	87
MP|PP755590.1|A/cattle/Texas/24-008749-003/2024(H5N1)	276	C	T	2	2	38	9898	4825	58	0.999798	9900	0	TRUE	M1:cds-XAJ25416.1	AAC	N	AAT	N	92
MP|PP755590.1|A/cattle/Texas/24-008749-003/2024(H5N1)	285	A	G	5	2	61	9646	4644	57	0.999171	9654	0	TRUE	M1:cds-XAJ25416.1	AGA	R	AGG	R	95
MP|PP755590.1|A/cattle/Texas/24-008749-003/2024(H5N1)	307	C	T	0	0	0	9683	4794	58	1	9683	0	TRUE	M1:cds-XAJ25416.1	CTG	L	TTG	L	103
MP|PP755590.1|A/cattle/Texas/24-008749-003/2024(H5N1)	408	G	A	11	7	54	8940	4714	56	0.998548	8953	0	TRUE	M1:cds-XAJ25416.1	GGG	G	GGA	G	136
MP|PP755590.1|A/cattle/Texas/24-008749-003/2024(H5N1)	474	G	A	4	3	55	8813	4394	58	0.999433	8818	0	TRUE	M1:cds-XAJ25416.1	CAG	Q	CAA	Q	158
MP|PP755590.1|A/cattle/Texas/24-008749-003/2024(H5N1)	516	G	A	2	1	45	8892	4420	59	0.999663	8895	0	TRUE	M1:cds-XAJ25416.1	CTG	L	CTA	L	172
MP|PP755590.1|A/cattle/Texas/24-008749-003/2024(H5N1)	540	T	G	1	1	38	9084	4750	54	0.99923	9091	0	TRUE	M1:cds-XAJ25416.1	GTT	V	GTG	V	180
MP|PP755590.1|A/cattle/Texas/24-008749-003/2024(H5N1)	679	A	G	2	0	52	9961	4110	56	0.999599	9965	0	TRUE	M1:cds-XAJ25416.1	ACC	T	GCC	A	227
MP|PP755590.1|A/cattle/Texas/24-008749-003/2024(H5N1)	766	C	T	1	0	31	10062	5968	67	0.999603	10066	0	TRUE	M2:cds-XAJ25417.1	CTC	L	CTT	L	18
MP|PP755590.1|A/cattle/Texas/24-008749-003/2024(H5N1)	950	A	G	1	0	78	3166	2518	50	0.999684	3167	0	TRUE	M2:cds-XAJ25417.1	AAT	N	GAT	D	79
