REGION	POS	REF	ALT	REF_DP	REF_RV	REF_QUAL	ALT_DP	ALT_RV	ALT_QUAL	ALT_FREQ	TOTAL_DP	PVAL	PASS	GFF_FEATURE	REF_CODON	REF_AA	ALT_CODON	ALT_AA	POS_AA
NA|PP755591.1|A/cattle/Texas/24-008749-003/2024(H5N1)	13	C	-AA	332	57	33	20	0	20	0.0117302	1705	2.6741e-07	TRUE	NA	NA	NA	NA	NA	NA
NA|PP755591.1|A/cattle/Texas/24-008749-003/2024(H5N1)	380	T	C	5770	2913	33	142	57	33	0.0240189	5912	3.8298e-36	TRUE	NA:cds-XAJ25418.1	TTG	L	TCG	S	127
NA|PP755591.1|A/cattle/Texas/24-008749-003/2024(H5N1)	571	T	C	0	0	0	5057	2424	33	1	5057	0	TRUE	NA:cds-XAJ25418.1	TTG	L	CTG	L	191
NA|PP755591.1|A/cattle/Texas/24-008749-003/2024(H5N1)	744	T	C	5	2	34	5498	2880	33	0.999091	5503	0	TRUE	NA:cds-XAJ25418.1	AAT	N	AAC	N	248
NA|PP755591.1|A/cattle/Texas/24-008749-003/2024(H5N1)	1173	A	G	16	9	34	13843	6549	33	0.998773	13860	0	TRUE	NA:cds-XAJ25418.1	CAA	Q	CAG	Q	391
NA|PP755591.1|A/cattle/Texas/24-008749-003/2024(H5N1)	1185	A	G	3	1	34	14727	6154	33	0.999796	14730	0	TRUE	NA:cds-XAJ25418.1	GAA	E	GAG	E	395
NA|PP755591.1|A/cattle/Texas/24-008749-003/2024(H5N1)	1360	G	A	21	18	34	14746	12049	33	0.998443	14769	0	TRUE	NA:cds-XAJ25418.1	GGT	G	AGT	S	454
