REGION	POS	REF	ALT	REF_DP	REF_RV	REF_QUAL	ALT_DP	ALT_RV	ALT_QUAL	ALT_FREQ	TOTAL_DP	PVAL	PASS	GFF_FEATURE	REF_CODON	REF_AA	ALT_CODON	ALT_AA	POS_AA
PB1|PP755595.1|A/cattle/Texas/24-008749-003/2024(H5N1)	936	C	T	0	0	0	2	2	46	1	2	0.166667	FALSE	PB1:cds-XAJ25424.1	AAC	N	AAT	N	312
PB1|PP755595.1|A/cattle/Texas/24-008749-003/2024(H5N1)	1093	C	T	2	1	57	1	0	37	0.333333	3	0.5	FALSE	PB1:cds-XAJ25424.1	CGA	R	TGA	*	365
PB1|PP755595.1|A/cattle/Texas/24-008749-003/2024(H5N1)	1706	A	G	4	1	48	1	1	32	0.2	5	0.5	FALSE	PB1:cds-XAJ25424.1	CAA	Q	CGA	R	569
PB1|PP755595.1|A/cattle/Texas/24-008749-003/2024(H5N1)	1751	G	A	2	1	69	3	1	46	0.6	5	0.0274725	FALSE	PB1:cds-XAJ25424.1	CGC	R	CAC	H	584
PB1|PP755595.1|A/cattle/Texas/24-008749-003/2024(H5N1)	1794	A	G	4	1	51	1	0	78	0.2	5	0.416667	FALSE	PB1:cds-XAJ25424.1	CTA	L	CTG	L	598
PB1|PP755595.1|A/cattle/Texas/24-008749-003/2024(H5N1)	1843	C	T	4	1	65	1	0	75	0.2	5	0.384615	FALSE	PB1:cds-XAJ25424.1	CTA	L	TTA	L	615
PB1|PP755595.1|A/cattle/Texas/24-008749-003/2024(H5N1)	1887	T	C	0	0	0	5	1	66	1	5	0.000777001	TRUE	PB1:cds-XAJ25424.1	AAT	N	AAC	N	629
PB1|PP755595.1|A/cattle/Texas/24-008749-003/2024(H5N1)	2067	T	C	4	2	38	1	1	77	0.2	5	0.5	FALSE	PB1:cds-XAJ25424.1	TAT	Y	TAC	Y	689
PB1|PP755595.1|A/cattle/Texas/24-008749-003/2024(H5N1)	2216	A	C	2	2	38	1	1	38	0.333333	3	0.5	FALSE	PB1:cds-XAJ25424.1	GAG	E	GCG	A	739
