REGION	POS	REF	ALT	REF_DP	REF_RV	REF_QUAL	ALT_DP	ALT_RV	ALT_QUAL	ALT_FREQ	TOTAL_DP	PVAL	PASS	GFF_FEATURE	REF_CODON	REF_AA	ALT_CODON	ALT_AA	POS_AA
NP|PP755592.1|A/cattle/Texas/24-008749-003/2024(H5N1)	143	A	G	12111	3509	37	184	54	36	0.0149654	12295	2.3501e-45	TRUE	NP:cds-XAJ25419.1	AAA	K	AGA	R	48
NP|PP755592.1|A/cattle/Texas/24-008749-003/2024(H5N1)	188	T	C	76	44	38	14777	6252	37	0.994883	14853	0	TRUE	NP:cds-XAJ25419.1	ATA	I	ACA	T	63
NP|PP755592.1|A/cattle/Texas/24-008749-003/2024(H5N1)	301	G	A	14228	7464	36	588	288	35	0.0396841	14817	7.06839e-168	TRUE	NP:cds-XAJ25419.1	GAT	D	AAT	N	101
NP|PP755592.1|A/cattle/Texas/24-008749-003/2024(H5N1)	302	A	G	13902	7696	35	197	116	35	0.0139647	14107	5.57169e-48	TRUE	NP:cds-XAJ25419.1	GAT	D	GGT	G	101
NP|PP755592.1|A/cattle/Texas/24-008749-003/2024(H5N1)	313	A	G	11276	5400	36	4503	2569	36	0.285361	15780	0	TRUE	NP:cds-XAJ25419.1	ATG	M	GTG	V	105
NP|PP755592.1|A/cattle/Texas/24-008749-003/2024(H5N1)	600	A	G	9	6	37	15421	6246	36	0.999417	15430	0	TRUE	NP:cds-XAJ25419.1	GGA	G	GGG	G	200
NP|PP755592.1|A/cattle/Texas/24-008749-003/2024(H5N1)	762	A	G	3	2	42	15984	9454	36	0.9995	15992	0	TRUE	NP:cds-XAJ25419.1	GAA	E	GAG	E	254
NP|PP755592.1|A/cattle/Texas/24-008749-003/2024(H5N1)	843	T	C	14936	7558	36	1677	594	35	0.100939	16614	0	TRUE	NP:cds-XAJ25419.1	TAT	Y	TAC	Y	281
NP|PP755592.1|A/cattle/Texas/24-008749-003/2024(H5N1)	1031	C	T	15824	8014	36	878	542	35	0.0525623	16704	8.21162e-257	TRUE	NP:cds-XAJ25419.1	TCA	S	TTA	L	344
NP|PP755592.1|A/cattle/Texas/24-008749-003/2024(H5N1)	1231	A	G	8	5	42	16071	8580	36	0.999378	16081	0	TRUE	NP:cds-XAJ25419.1	ACA	T	GCA	A	411
NP|PP755592.1|A/cattle/Texas/24-008749-003/2024(H5N1)	1250	A	C	15749	8106	37	895	405	35	0.0537408	16654	4.11112e-267	TRUE	NP:cds-XAJ25419.1	AAC	N	ACC	T	417
NP|PP755592.1|A/cattle/Texas/24-008749-003/2024(H5N1)	1362	A	G	13799	10955	39	881	769	37	0.0600095	14681	4.47004e-276	TRUE	NP:cds-XAJ25419.1	GAA	E	GAG	E	454
