REGION	POS	REF	ALT	REF_DP	REF_RV	REF_QUAL	ALT_DP	ALT_RV	ALT_QUAL	ALT_FREQ	TOTAL_DP	PVAL	PASS	GFF_FEATURE	REF_CODON	REF_AA	ALT_CODON	ALT_AA	POS_AA
HA|PP755589.1|A/cattle/Texas/24-008749-003/2024(H5N1)	4	G	A	18	1	34	17	0	35	0.485714	35	2.25001e-20	TRUE	HA:cds-XAJ25415.1	GAG	E	AAG	K	2
HA|PP755589.1|A/cattle/Texas/24-008749-003/2024(H5N1)	10	A	G	107	3	34	2	2	68	0.0183486	109	0.023786	FALSE	HA:cds-XAJ25415.1	ATA	I	GTA	V	4
HA|PP755589.1|A/cattle/Texas/24-008749-003/2024(H5N1)	311	A	G	0	0	0	869	404	37	1	869	0	TRUE	HA:cds-XAJ25415.1	GAC	D	GGC	G	104
HA|PP755589.1|A/cattle/Texas/24-008749-003/2024(H5N1)	439	G	A	679	374	38	360	202	37	0.346487	1039	4.51994e-140	TRUE	HA:cds-XAJ25415.1	GTG	V	ATG	M	147
HA|PP755589.1|A/cattle/Texas/24-008749-003/2024(H5N1)	519	C	T	917	516	35	32	21	33	0.0337197	949	7.92562e-10	TRUE	HA:cds-XAJ25415.1	TAC	Y	TAT	Y	173
HA|PP755589.1|A/cattle/Texas/24-008749-003/2024(H5N1)	533	T	C	957	474	36	23	14	39	0.0234694	980	3.06359e-07	TRUE	HA:cds-XAJ25415.1	ATA	I	ACA	T	178
HA|PP755589.1|A/cattle/Texas/24-008749-003/2024(H5N1)	610	A	G	981	402	36	101	40	36	0.0933457	1082	3.26703e-33	TRUE	HA:cds-XAJ25415.1	ACA	T	GCA	A	204
HA|PP755589.1|A/cattle/Texas/24-008749-003/2024(H5N1)	651	G	A	0	0	0	1050	455	36	1	1050	0	TRUE	HA:cds-XAJ25415.1	GGG	G	GGA	G	217
HA|PP755589.1|A/cattle/Texas/24-008749-003/2024(H5N1)	675	G	A	1	1	34	1015	446	36	0.999016	1016	0	TRUE	HA:cds-XAJ25415.1	TTG	L	TTA	L	225
HA|PP755589.1|A/cattle/Texas/24-008749-003/2024(H5N1)	726	G	T	1027	552	37	11	5	33	0.0105973	1038	0.00132452	TRUE	HA:cds-XAJ25415.1	ATG	M	ATT	I	242
HA|PP755589.1|A/cattle/Texas/24-008749-003/2024(H5N1)	1007	G	A	0	0	0	1086	606	37	1	1086	0	TRUE	HA:cds-XAJ25415.1	AGT	S	AAT	N	336
HA|PP755589.1|A/cattle/Texas/24-008749-003/2024(H5N1)	1173	T	C	1590	413	38	908	165	37	0.363491	2498	0	TRUE	HA:cds-XAJ25415.1	GAT	D	GAC	D	391
HA|PP755589.1|A/cattle/Texas/24-008749-003/2024(H5N1)	1263	G	A	2366	663	38	637	171	34	0.212121	3003	5.8951e-230	TRUE	HA:cds-XAJ25415.1	AGG	R	AGA	R	421
HA|PP755589.1|A/cattle/Texas/24-008749-003/2024(H5N1)	1269	G	A	2824	762	38	45	7	36	0.0156849	2869	1.39772e-12	TRUE	HA:cds-XAJ25415.1	GAG	E	GAA	E	423
HA|PP755589.1|A/cattle/Texas/24-008749-003/2024(H5N1)	1428	G	A	3121	1652	37	37	14	36	0.0117163	3158	1.08464e-09	TRUE	HA:cds-XAJ25415.1	AAG	K	AAA	K	476
