REGION	POS	REF	ALT	REF_DP	REF_RV	REF_QUAL	ALT_DP	ALT_RV	ALT_QUAL	ALT_FREQ	TOTAL_DP	PVAL	PASS	GFF_FEATURE	REF_CODON	REF_AA	ALT_CODON	ALT_AA	POS_AA
PA|PP755594.1|A/cattle/Texas/24-008749-003/2024(H5N1)	14	T	C	183	26	36	6	1	37	0.031746	189	1.74016e-05	TRUE	PA:cds-XAJ25422.1	GTG	V	GCG	A	5
PA|PP755594.1|A/cattle/Texas/24-008749-003/2024(H5N1)	14	T	C	183	26	36	6	1	37	0.031746	189	1.74016e-05	TRUE	PA-X:cds-XAJ25423.1	GTG	V	GCG	A	5
PA|PP755594.1|A/cattle/Texas/24-008749-003/2024(H5N1)	246	A	G	1856	940	36	24	14	36	0.0127524	1882	6.24755e-07	TRUE	PA:cds-XAJ25422.1	AGA	R	AGG	R	82
PA|PP755594.1|A/cattle/Texas/24-008749-003/2024(H5N1)	246	A	G	1856	940	36	24	14	36	0.0127524	1882	6.24755e-07	TRUE	PA-X:cds-XAJ25423.1	AGA	R	AGG	R	82
PA|PP755594.1|A/cattle/Texas/24-008749-003/2024(H5N1)	267	A	G	131	57	36	1632	783	36	0.925695	1763	0	TRUE	PA:cds-XAJ25422.1	ACA	T	ACG	T	89
PA|PP755594.1|A/cattle/Texas/24-008749-003/2024(H5N1)	267	A	G	131	57	36	1632	783	36	0.925695	1763	0	TRUE	PA-X:cds-XAJ25423.1	ACA	T	ACG	T	89
PA|PP755594.1|A/cattle/Texas/24-008749-003/2024(H5N1)	498	G	A	11	9	37	1854	895	36	0.994102	1865	0	TRUE	PA:cds-XAJ25422.1	GAG	E	GAA	E	166
PA|PP755594.1|A/cattle/Texas/24-008749-003/2024(H5N1)	498	G	A	11	9	37	1854	895	36	0.994102	1865	0	TRUE	PA-X:cds-XAJ25423.1	GAG	E	GAA	E	166
PA|PP755594.1|A/cattle/Texas/24-008749-003/2024(H5N1)	972	G	A	0	0	0	2333	769	36	0.999572	2334	0	TRUE	PA:cds-XAJ25422.1	AAG	K	AAA	K	324
