REGION	POS	REF	ALT	REF_DP	REF_RV	REF_QUAL	ALT_DP	ALT_RV	ALT_QUAL	ALT_FREQ	TOTAL_DP	PVAL	PASS	GFF_FEATURE	REF_CODON	REF_AA	ALT_CODON	ALT_AA	POS_AA
NP|PP755592.1|A/cattle/Texas/24-008749-003/2024(H5N1)	355	A	G	1	1	34	1935	983	33	0.999483	1936	0	TRUE	NP:cds-XAJ25419.1	ATT	I	GTT	V	119
NP|PP755592.1|A/cattle/Texas/24-008749-003/2024(H5N1)	366	A	G	1807	1115	32	29	13	33	0.0157866	1837	2.3624e-08	TRUE	NP:cds-XAJ25419.1	CAA	Q	CAG	Q	122
NP|PP755592.1|A/cattle/Texas/24-008749-003/2024(H5N1)	498	G	A	0	0	0	1805	872	33	1	1805	0	TRUE	NP:cds-XAJ25419.1	CTG	L	CTA	L	166
NP|PP755592.1|A/cattle/Texas/24-008749-003/2024(H5N1)	729	G	A	1797	959	33	39	23	31	0.0212187	1838	1.65201e-11	TRUE	NP:cds-XAJ25419.1	AGG	R	AGA	R	243
NP|PP755592.1|A/cattle/Texas/24-008749-003/2024(H5N1)	844	G	A	1963	988	33	80	28	33	0.0391581	2043	1.13566e-22	TRUE	NP:cds-XAJ25419.1	GGA	G	AGA	R	282
NP|PP755592.1|A/cattle/Texas/24-008749-003/2024(H5N1)	870	C	T	0	0	0	1822	871	33	1	1822	0	TRUE	NP:cds-XAJ25419.1	GAC	D	GAT	D	290
NP|PP755592.1|A/cattle/Texas/24-008749-003/2024(H5N1)	1014	T	C	0	0	0	1860	977	33	0.999463	1861	0	TRUE	NP:cds-XAJ25419.1	TTT	F	TTC	F	338
NP|PP755592.1|A/cattle/Texas/24-008749-003/2024(H5N1)	1092	G	A	0	0	0	1988	975	33	1	1988	0	TRUE	NP:cds-XAJ25419.1	CAG	Q	CAA	Q	364
NP|PP755592.1|A/cattle/Texas/24-008749-003/2024(H5N1)	1404	C	-GAA	1942	1503	33	47	0	20	0.0239064	1966	0.000408481	TRUE	NA	NA	NA	NA	NA	NA
