REGION	POS	REF	ALT	REF_DP	REF_RV	REF_QUAL	ALT_DP	ALT_RV	ALT_QUAL	ALT_FREQ	TOTAL_DP	PVAL	PASS	GFF_FEATURE	REF_CODON	REF_AA	ALT_CODON	ALT_AA	POS_AA
NA|PP755591.1|A/cattle/Texas/24-008749-003/2024(H5N1)	22	A	G	87	23	33	1	0	34	0.0113636	88	0.230971	FALSE	NA	NA	NA	NA	NA	NA
NA|PP755591.1|A/cattle/Texas/24-008749-003/2024(H5N1)	82	A	G	397	101	33	10	3	32	0.02457	407	9.95192e-05	TRUE	NA	NA	NA	NA	NA	NA
NA|PP755591.1|A/cattle/Texas/24-008749-003/2024(H5N1)	142	C	T	753	192	33	14	3	33	0.0182529	767	4.26217e-05	TRUE	NA	NA	NA	NA	NA	NA
NA|PP755591.1|A/cattle/Texas/24-008749-003/2024(H5N1)	201	C	A	792	327	33	73	28	33	0.0843931	865	2.93931e-24	TRUE	NA	NA	NA	NA	NA	NA
NA|PP755591.1|A/cattle/Texas/24-008749-003/2024(H5N1)	206	T	G	800	307	33	91	43	33	0.102132	891	4.28707e-30	TRUE	NA	NA	NA	NA	NA	NA
NA|PP755591.1|A/cattle/Texas/24-008749-003/2024(H5N1)	346	G	A	644	284	33	510	212	33	0.441941	1154	5.09244e-190	TRUE	NA	NA	NA	NA	NA	NA
NA|PP755591.1|A/cattle/Texas/24-008749-003/2024(H5N1)	349	A	G	1123	505	33	17	5	31	0.0148992	1141	5.25832e-05	TRUE	NA	NA	NA	NA	NA	NA
NA|PP755591.1|A/cattle/Texas/24-008749-003/2024(H5N1)	474	G	A	1213	505	33	64	19	33	0.0501175	1277	3.02458e-19	TRUE	NA	NA	NA	NA	NA	NA
NA|PP755591.1|A/cattle/Texas/24-008749-003/2024(H5N1)	571	T	C	1	1	34	1227	561	33	0.998373	1229	0	TRUE	NA	NA	NA	NA	NA	NA
NA|PP755591.1|A/cattle/Texas/24-008749-003/2024(H5N1)	696	T	C	1163	616	33	126	63	33	0.0977502	1289	7.2187e-39	TRUE	NA	NA	NA	NA	NA	NA
NA|PP755591.1|A/cattle/Texas/24-008749-003/2024(H5N1)	778	A	G	622	345	33	541	302	33	0.464777	1164	1.48323e-208	TRUE	NA	NA	NA	NA	NA	NA
NA|PP755591.1|A/cattle/Texas/24-008749-003/2024(H5N1)	1185	A	G	0	0	0	1167	696	33	1	1167	0	TRUE	NA	NA	NA	NA	NA	NA
NA|PP755591.1|A/cattle/Texas/24-008749-003/2024(H5N1)	1289	G	C	671	426	32	12	12	27	0.0175182	685	0.113385	FALSE	NA	NA	NA	NA	NA	NA
