REGION	POS	REF	ALT	REF_DP	REF_RV	REF_QUAL	ALT_DP	ALT_RV	ALT_QUAL	ALT_FREQ	TOTAL_DP	PVAL	PASS	GFF_FEATURE	REF_CODON	REF_AA	ALT_CODON	ALT_AA	POS_AA
PB1|PP755595.1|A/cattle/Texas/24-008749-003/2024(H5N1)	945	T	C	0	0	0	472	269	33	1	472	3.47721e-287	TRUE	PB1:cds-XAJ25424.1	CCT	P	CCC	P	315
PB1|PP755595.1|A/cattle/Texas/24-008749-003/2024(H5N1)	1375	A	G	0	0	0	567	258	33	1	567	0	TRUE	PB1:cds-XAJ25424.1	ATA	I	GTA	V	459
PB1|PP755595.1|A/cattle/Texas/24-008749-003/2024(H5N1)	1497	T	C	853	379	33	13	3	34	0.0150115	866	9.11976e-05	TRUE	PB1:cds-XAJ25424.1	TAT	Y	TAC	Y	499
PB1|PP755595.1|A/cattle/Texas/24-008749-003/2024(H5N1)	1662	T	C	1	1	33	918	428	33	0.998912	919	0	TRUE	PB1:cds-XAJ25424.1	GAT	D	GAC	D	554
PB1|PP755595.1|A/cattle/Texas/24-008749-003/2024(H5N1)	1945	C	-ATGGCCCAGCTAAGAGT	3062	1248	33	108	0	20	0.0342531	3153	1.36731e-11	TRUE	NA	NA	NA	NA	NA	NA
PB1|PP755595.1|A/cattle/Texas/24-008749-003/2024(H5N1)	2003	C	-TAAGAGGAACCGCTCTATTCTTAA	7290	2539	33	86	0	20	0.0113203	7597	0.163558	FALSE	NA	NA	NA	NA	NA	NA
PB1|PP755595.1|A/cattle/Texas/24-008749-003/2024(H5N1)	2024	T	-TAA	6641	2593	33	160	0	20	0.021966	7284	1.09048e-10	TRUE	NA	NA	NA	NA	NA	NA
PB1|PP755595.1|A/cattle/Texas/24-008749-003/2024(H5N1)	2082	T	-CTATTTGAAAAATTCTTCC	14631	6838	33	457	0	20	0.0277913	16444	1.11149e-39	TRUE	NA	NA	NA	NA	NA	NA
PB1|PP755595.1|A/cattle/Texas/24-008749-003/2024(H5N1)	2231	T	-G	20368	17871	33	405	0	20	0.0192061	21087	2.11035e-16	TRUE	NA	NA	NA	NA	NA	NA
