REGION	POS	REF	ALT	REF_DP	REF_RV	REF_QUAL	ALT_DP	ALT_RV	ALT_QUAL	ALT_FREQ	TOTAL_DP	PVAL	PASS	GFF_FEATURE	REF_CODON	REF_AA	ALT_CODON	ALT_AA	POS_AA
NA|PP755591.1|A/cattle/Texas/24-008749-003/2024(H5N1)	154	A	G	2969	1075	42	63	30	42	0.0207647	3034	1.00607e-23	TRUE	NA:cds-XAJ25418.1	AGC	S	GGC	G	52
NA|PP755591.1|A/cattle/Texas/24-008749-003/2024(H5N1)	156	C	A	2981	1108	42	66	30	42	0.0216606	3047	5.96511e-25	TRUE	NA:cds-XAJ25418.1	AGC	S	AGA	R	52
NA|PP755591.1|A/cattle/Texas/24-008749-003/2024(H5N1)	210	C	T	3281	1583	40	40	16	41	0.0120446	3321	7.91218e-15	TRUE	NA:cds-XAJ25418.1	AGC	S	AGT	S	70
NA|PP755591.1|A/cattle/Texas/24-008749-003/2024(H5N1)	563	T	C	3000	1444	38	171	75	36	0.0539262	3171	6.5217e-54	TRUE	NA:cds-XAJ25418.1	ATC	I	ACC	T	188
NA|PP755591.1|A/cattle/Texas/24-008749-003/2024(H5N1)	571	T	C	0	0	0	3013	1440	38	1	3013	0	TRUE	NA:cds-XAJ25418.1	TTG	L	CTG	L	191
NA|PP755591.1|A/cattle/Texas/24-008749-003/2024(H5N1)	651	G	T	3088	1444	37	76	26	36	0.0240202	3164	6.78536e-22	TRUE	NA:cds-XAJ25418.1	AAG	K	AAT	N	217
NA|PP755591.1|A/cattle/Texas/24-008749-003/2024(H5N1)	894	C	T	3031	1597	38	64	30	36	0.0206785	3095	4.44343e-19	TRUE	NA:cds-XAJ25418.1	GGC	G	GGT	G	298
NA|PP755591.1|A/cattle/Texas/24-008749-003/2024(H5N1)	944	G	-AT	3407	1561	38	57	0	20	0.0138787	4107	0.00877801	TRUE	NA	NA	NA	NA	NA	NA
NA|PP755591.1|A/cattle/Texas/24-008749-003/2024(H5N1)	1104	A	G	3480	1923	38	51	30	40	0.0144435	3531	8.41611e-19	TRUE	NA:cds-XAJ25418.1	AGA	R	AGG	R	368
NA|PP755591.1|A/cattle/Texas/24-008749-003/2024(H5N1)	1185	A	G	0	0	0	3360	1971	37	1	3360	0	TRUE	NA:cds-XAJ25418.1	GAA	E	GAG	E	395
NA|PP755591.1|A/cattle/Texas/24-008749-003/2024(H5N1)	1247	A	G	3305	2313	41	143	98	44	0.0414493	3450	2.71807e-54	TRUE	NA:cds-XAJ25418.1	GAT	D	GGT	G	416
NA|PP755591.1|A/cattle/Texas/24-008749-003/2024(H5N1)	1289	G	C	2146	1244	41	29	29	27	0.0133333	2175	0.123014	FALSE	NA:cds-XAJ25418.1	AGG	R	ACG	T	430
NA|PP755591.1|A/cattle/Texas/24-008749-003/2024(H5N1)	1313	C	-TAGCGGGAGCAGCA	2989	2443	44	46	0	20	0.011305	4069	0.0280102	FALSE	NA	NA	NA	NA	NA	NA
NA|PP755591.1|A/cattle/Texas/24-008749-003/2024(H5N1)	1368	T	C	1937	1739	40	30	28	37	0.0152439	1968	5.04429e-09	TRUE	NA:cds-XAJ25418.1	TCT	S	TCC	S	456
