REGION	POS	REF	ALT	REF_DP	REF_RV	REF_QUAL	ALT_DP	ALT_RV	ALT_QUAL	ALT_FREQ	TOTAL_DP	PVAL	PASS	GFF_FEATURE	REF_CODON	REF_AA	ALT_CODON	ALT_AA	POS_AA
NP|PP755592.1|A/cattle/Texas/24-008749-003/2024(H5N1)	9	T	C	293	60	33	5	0	32	0.0167785	298	0.000356475	TRUE	NP:cds-XAJ25419.1	TCT	S	TCC	S	3
NP|PP755592.1|A/cattle/Texas/24-008749-003/2024(H5N1)	126	G	A	1949	560	33	635	162	33	0.245743	2584	6.56301e-236	TRUE	NP:cds-XAJ25419.1	CAG	Q	CAA	Q	42
NP|PP755592.1|A/cattle/Texas/24-008749-003/2024(H5N1)	355	A	G	0	0	0	3452	1795	33	1	3452	0	TRUE	NP:cds-XAJ25419.1	ATT	I	GTT	V	119
NP|PP755592.1|A/cattle/Texas/24-008749-003/2024(H5N1)	498	G	A	0	0	0	3553	1568	33	1	3553	0	TRUE	NP:cds-XAJ25419.1	CTG	L	CTA	L	166
NP|PP755592.1|A/cattle/Texas/24-008749-003/2024(H5N1)	870	C	T	1	0	26	3920	1887	33	0.999745	3921	0	TRUE	NP:cds-XAJ25419.1	GAC	D	GAT	D	290
NP|PP755592.1|A/cattle/Texas/24-008749-003/2024(H5N1)	1014	T	C	0	0	0	3908	2078	33	1	3908	0	TRUE	NP:cds-XAJ25419.1	TTT	F	TTC	F	338
NP|PP755592.1|A/cattle/Texas/24-008749-003/2024(H5N1)	1092	G	A	519	297	33	3828	1856	33	0.880607	4347	0	TRUE	NP:cds-XAJ25419.1	CAG	Q	CAA	Q	364
NP|PP755592.1|A/cattle/Texas/24-008749-003/2024(H5N1)	1208	C	G	4185	2155	33	62	31	33	0.0144826	4281	3.03539e-15	TRUE	NP:cds-XAJ25419.1	GCA	A	GGA	G	403
NP|PP755592.1|A/cattle/Texas/24-008749-003/2024(H5N1)	1489	G	T	1745	1631	33	258	242	33	0.128807	2003	7.01812e-79	TRUE	NP:cds-XAJ25419.1	GAC	D	TAC	Y	497
