REGION	POS	REF	ALT	REF_DP	REF_RV	REF_QUAL	ALT_DP	ALT_RV	ALT_QUAL	ALT_FREQ	TOTAL_DP	PVAL	PASS	GFF_FEATURE	REF_CODON	REF_AA	ALT_CODON	ALT_AA	POS_AA
MP|PP755590.1|A/cattle/Texas/24-008749-003/2024(H5N1)	42	C	A	0	0	0	11482	1972	33	1	11482	0	TRUE	M1:cds-XAJ25416.1	ATC	I	ATA	I	14
MP|PP755590.1|A/cattle/Texas/24-008749-003/2024(H5N1)	43	G	A	148	16	33	11506	1894	33	0.9873	11654	0	TRUE	M1:cds-XAJ25416.1	GTC	V	ATC	I	15
MP|PP755590.1|A/cattle/Texas/24-008749-003/2024(H5N1)	110	C	T	9	4	32	25886	8376	33	0.999614	25896	0	TRUE	M1:cds-XAJ25416.1	ACC	T	ATC	I	37
MP|PP755590.1|A/cattle/Texas/24-008749-003/2024(H5N1)	309	G	A	40	24	34	42968	23935	33	0.998931	43014	0	TRUE	M1:cds-XAJ25416.1	CTG	L	CTA	L	103
MP|PP755590.1|A/cattle/Texas/24-008749-003/2024(H5N1)	456	A	G	10	6	33	39469	17527	33	0.999747	39479	0	TRUE	M1:cds-XAJ25416.1	GAA	E	GAG	E	152
MP|PP755590.1|A/cattle/Texas/24-008749-003/2024(H5N1)	519	C	T	6	4	34	42697	21291	33	0.999813	42705	0	TRUE	M1:cds-XAJ25416.1	ATC	I	ATT	I	173
MP|PP755590.1|A/cattle/Texas/24-008749-003/2024(H5N1)	750	A	G	428	196	33	40951	19801	33	0.989537	41384	0	TRUE	M2:cds-XAJ25417.1	GAT	D	GGT	G	12
MP|PP755590.1|A/cattle/Texas/24-008749-003/2024(H5N1)	750	A	G	428	196	33	40951	19801	33	0.989537	41384	0	TRUE	M1:cds-XAJ25416.1	CGA	R	CGG	R	250
MP|PP755590.1|A/cattle/Texas/24-008749-003/2024(H5N1)	782	A	G	445	238	33	40055	21207	33	0.988939	40503	0	TRUE	M2:cds-XAJ25417.1	ATC	I	GTC	V	23
MP|PP755590.1|A/cattle/Texas/24-008749-003/2024(H5N1)	954	G	A	5	4	32	14320	13157	33	0.999372	14329	0	TRUE	M2:cds-XAJ25417.1	GGT	G	GAT	D	80
