REGION	POS	REF	ALT	REF_DP	REF_RV	REF_QUAL	ALT_DP	ALT_RV	ALT_QUAL	ALT_FREQ	TOTAL_DP	PVAL	PASS	GFF_FEATURE	REF_CODON	REF_AA	ALT_CODON	ALT_AA	POS_AA
NS|PP755593.1|A/cattle/Texas/24-008749-003/2024(H5N1)	118	C	T	5416	731	38	57	6	39	0.0104129	5474	1.81676e-16	TRUE	NS1:cds-XAJ25420.1	CAG	Q	TAG	*	40
NS|PP755593.1|A/cattle/Texas/24-008749-003/2024(H5N1)	199	A	G	1	1	34	6932	2852	36	0.999712	6934	0	TRUE	NS1:cds-XAJ25420.1	AGG	R	GGG	G	67
NS|PP755593.1|A/cattle/Texas/24-008749-003/2024(H5N1)	222	T	C	2	1	34	7415	3560	37	0.99973	7417	0	TRUE	NS1:cds-XAJ25420.1	GAT	D	GAC	D	74
NS|PP755593.1|A/cattle/Texas/24-008749-003/2024(H5N1)	237	G	T	7490	3966	37	95	46	35	0.0125198	7588	7.37126e-23	TRUE	NS1:cds-XAJ25420.1	ATG	M	ATT	I	79
NS|PP755593.1|A/cattle/Texas/24-008749-003/2024(H5N1)	305	G	T	8386	4529	36	105	40	37	0.0123602	8495	7.49468e-25	TRUE	NS1:cds-XAJ25420.1	TGG	W	TTG	L	102
