REGION	POS	REF	ALT	REF_DP	REF_RV	REF_QUAL	ALT_DP	ALT_RV	ALT_QUAL	ALT_FREQ	TOTAL_DP	PVAL	PASS	GFF_FEATURE	REF_CODON	REF_AA	ALT_CODON	ALT_AA	POS_AA
PB2|PP755596.1|A/cattle/Texas/24-008749-003/2024(H5N1)	747	A	C	0	0	0	2896	1293	33	0.999655	2897	0	TRUE	PB2:cds-XAJ25426.1	GAA	E	GAC	D	249
PB2|PP755596.1|A/cattle/Texas/24-008749-003/2024(H5N1)	764	C	T	1	1	34	2894	1280	33	0.999655	2895	0	TRUE	PB2:cds-XAJ25426.1	GCA	A	GTA	V	255
PB2|PP755596.1|A/cattle/Texas/24-008749-003/2024(H5N1)	1030	G	A	7	2	34	2994	1742	33	0.997667	3001	0	TRUE	PB2:cds-XAJ25426.1	GTG	V	ATG	M	344
PB2|PP755596.1|A/cattle/Texas/24-008749-003/2024(H5N1)	1038	G	A	1	1	34	3101	1771	33	0.999678	3102	0	TRUE	PB2:cds-XAJ25426.1	ACG	T	ACA	T	346
PB2|PP755596.1|A/cattle/Texas/24-008749-003/2024(H5N1)	1101	A	G	2	1	34	3439	1694	33	0.999419	3441	0	TRUE	PB2:cds-XAJ25426.1	GGA	G	GGG	G	367
PB2|PP755596.1|A/cattle/Texas/24-008749-003/2024(H5N1)	1635	G	A	3	3	34	3100	1865	33	0.999033	3103	0	TRUE	PB2:cds-XAJ25426.1	GTG	V	GTA	V	545
PB2|PP755596.1|A/cattle/Texas/24-008749-003/2024(H5N1)	2165	C	-TAA	6643	4989	32	1912	0	20	0.274713	6960	0	TRUE	NA	NA	NA	NA	NA	NA
