REGION	POS	REF	ALT	REF_DP	REF_RV	REF_QUAL	ALT_DP	ALT_RV	ALT_QUAL	ALT_FREQ	TOTAL_DP	PVAL	PASS	GFF_FEATURE	REF_CODON	REF_AA	ALT_CODON	ALT_AA	POS_AA
NA|PP755591.1|A/cattle/Texas/24-008749-003/2024(H5N1)	168	T	C	4376	1489	33	233	72	33	0.0505533	4609	1.07593e-66	TRUE	NA:cds-XAJ25418.1	TAT	Y	TAC	Y	56
NA|PP755591.1|A/cattle/Texas/24-008749-003/2024(H5N1)	171	G	A	2362	835	33	2098	738	33	0.470404	4460	0	TRUE	NA:cds-XAJ25418.1	GAG	E	GAA	E	57
NA|PP755591.1|A/cattle/Texas/24-008749-003/2024(H5N1)	247	G	A	4806	2227	33	63	28	33	0.0129337	4871	2.42192e-15	TRUE	NA:cds-XAJ25418.1	GTA	V	ATA	I	83
NA|PP755591.1|A/cattle/Texas/24-008749-003/2024(H5N1)	333	G	A	2854	1445	33	2217	943	33	0.437192	5071	0	TRUE	NA:cds-XAJ25418.1	AAG	K	AAA	K	111
NA|PP755591.1|A/cattle/Texas/24-008749-003/2024(H5N1)	571	T	C	2	0	34	5116	2426	33	0.999219	5120	0	TRUE	NA:cds-XAJ25418.1	TTG	L	CTG	L	191
NA|PP755591.1|A/cattle/Texas/24-008749-003/2024(H5N1)	746	G	A	5751	2984	33	76	42	32	0.0130427	5827	2.00962e-17	TRUE	NA:cds-XAJ25418.1	GGG	G	GAG	E	249
NA|PP755591.1|A/cattle/Texas/24-008749-003/2024(H5N1)	1185	A	G	0	0	0	4722	2740	33	0.999788	4723	0	TRUE	NA:cds-XAJ25418.1	GAA	E	GAG	E	395
NA|PP755591.1|A/cattle/Texas/24-008749-003/2024(H5N1)	1251	C	T	4658	3089	33	52	38	33	0.0110403	4710	1.70353e-12	TRUE	NA:cds-XAJ25418.1	TGC	C	TGT	C	417
NA|PP755591.1|A/cattle/Texas/24-008749-003/2024(H5N1)	1289	G	C	2754	1377	32	56	56	28	0.0199217	2811	0.000278144	TRUE	NA:cds-XAJ25418.1	AGG	R	ACG	T	430
NA|PP755591.1|A/cattle/Texas/24-008749-003/2024(H5N1)	1290	G	C	2992	1683	32	34	34	27	0.0112322	3027	0.319791	FALSE	NA:cds-XAJ25418.1	AGG	R	AGC	S	430
