REGION	POS	REF	ALT	REF_DP	REF_RV	REF_QUAL	ALT_DP	ALT_RV	ALT_QUAL	ALT_FREQ	TOTAL_DP	PVAL	PASS	GFF_FEATURE	REF_CODON	REF_AA	ALT_CODON	ALT_AA	POS_AA
MP|PP755590.1|A/cattle/Texas/24-008749-003/2024(H5N1)	184	T	C	14898	5675	32	264	118	33	0.0173787	15191	1.5921e-72	TRUE	M1:cds-XAJ25416.1	TTT	F	CTT	L	62
MP|PP755590.1|A/cattle/Texas/24-008749-003/2024(H5N1)	245	G	A	1	1	26	19403	8962	33	0.999279	19417	0	TRUE	M1:cds-XAJ25416.1	AGT	S	AAT	N	82
MP|PP755590.1|A/cattle/Texas/24-008749-003/2024(H5N1)	632	A	G	19723	9132	33	240	139	33	0.0120162	19973	1.16959e-51	TRUE	M1:cds-XAJ25416.1	CAG	Q	CGG	R	211
