REGION	POS	REF	ALT	REF_DP	REF_RV	REF_QUAL	ALT_DP	ALT_RV	ALT_QUAL	ALT_FREQ	TOTAL_DP	PVAL	PASS	GFF_FEATURE	REF_CODON	REF_AA	ALT_CODON	ALT_AA	POS_AA
NP|PP755592.1|A/cattle/Texas/24-008749-003/2024(H5N1)	10	C	A	271	100	36	9	0	24	0.0321429	280	0.00362394	TRUE	NP:cds-XAJ25419.1	CAA	Q	AAA	K	4
NP|PP755592.1|A/cattle/Texas/24-008749-003/2024(H5N1)	79	G	A	0	0	0	1890	482	43	0.999471	1891	0	TRUE	NP:cds-XAJ25419.1	GCA	A	ACA	T	27
NP|PP755592.1|A/cattle/Texas/24-008749-003/2024(H5N1)	249	C	A	4060	2388	40	61	0	25	0.0147951	4123	0.0196636	FALSE	NP:cds-XAJ25419.1	CCC	P	CCA	P	83
NP|PP755592.1|A/cattle/Texas/24-008749-003/2024(H5N1)	355	A	G	3	3	40	3861	2101	46	0.999224	3864	0	TRUE	NP:cds-XAJ25419.1	ATT	I	GTT	V	119
NP|PP755592.1|A/cattle/Texas/24-008749-003/2024(H5N1)	377	G	T	3228	1558	41	121	121	25	0.0361302	3349	7.68051e-17	TRUE	NP:cds-XAJ25419.1	GGA	G	GTA	V	126
NP|PP755592.1|A/cattle/Texas/24-008749-003/2024(H5N1)	498	G	A	3	1	40	3731	1807	43	0.998662	3736	0	TRUE	NP:cds-XAJ25419.1	CTG	L	CTA	L	166
NP|PP755592.1|A/cattle/Texas/24-008749-003/2024(H5N1)	711	A	G	1	1	40	3455	2108	44	0.999711	3456	0	TRUE	NP:cds-XAJ25419.1	GCA	A	GCG	A	237
NP|PP755592.1|A/cattle/Texas/24-008749-003/2024(H5N1)	870	C	T	0	0	0	3639	1624	44	1	3639	0	TRUE	NP:cds-XAJ25419.1	GAC	D	GAT	D	290
NP|PP755592.1|A/cattle/Texas/24-008749-003/2024(H5N1)	975	A	G	2	0	40	3795	1898	45	0.999473	3797	0	TRUE	NP:cds-XAJ25419.1	AAA	K	AAG	K	325
NP|PP755592.1|A/cattle/Texas/24-008749-003/2024(H5N1)	1014	T	C	1	1	40	3893	2029	46	0.999743	3894	0	TRUE	NP:cds-XAJ25419.1	TTT	F	TTC	F	338
NP|PP755592.1|A/cattle/Texas/24-008749-003/2024(H5N1)	1092	G	A	0	0	0	4095	1936	46	0.999756	4096	0	TRUE	NP:cds-XAJ25419.1	CAG	Q	CAA	Q	364
NP|PP755592.1|A/cattle/Texas/24-008749-003/2024(H5N1)	1114	G	T	3099	1037	40	46	46	24	0.0146217	3146	0.0357064	FALSE	NP:cds-XAJ25419.1	GAG	E	TAG	*	372
NP|PP755592.1|A/cattle/Texas/24-008749-003/2024(H5N1)	1143	G	A	1	0	40	4070	2115	45	0.999509	4072	0	TRUE	NP:cds-XAJ25419.1	CTG	L	CTA	L	381
NP|PP755592.1|A/cattle/Texas/24-008749-003/2024(H5N1)	1381	C	A	0	0	0	3732	3063	52	0.999464	3734	0	TRUE	NP:cds-XAJ25419.1	CGG	R	AGG	R	461
NP|PP755592.1|A/cattle/Texas/24-008749-003/2024(H5N1)	1469	G	T	978	776	34	83	83	24	0.0782281	1061	2.28323e-26	TRUE	NP:cds-XAJ25419.1	GGA	G	GTA	V	490
