REGION	POS	REF	ALT	REF_DP	REF_RV	REF_QUAL	ALT_DP	ALT_RV	ALT_QUAL	ALT_FREQ	TOTAL_DP	PVAL	PASS	GFF_FEATURE	REF_CODON	REF_AA	ALT_CODON	ALT_AA	POS_AA
NA|PP755591.1|A/cattle/Texas/24-008749-003/2024(H5N1)	15	A	G	134	81	33	2	1	34	0.0147059	136	0.0514277	FALSE	NA:cds-XAJ25418.1	CAA	Q	CAG	Q	5
NA|PP755591.1|A/cattle/Texas/24-008749-003/2024(H5N1)	66	G	A	571	258	33	6	3	34	0.0103986	577	0.00351261	TRUE	NA:cds-XAJ25418.1	TTG	L	TTA	L	22
NA|PP755591.1|A/cattle/Texas/24-008749-003/2024(H5N1)	571	T	C	1	0	34	2588	1200	33	0.999614	2589	0	TRUE	NA:cds-XAJ25418.1	TTG	L	CTG	L	191
NA|PP755591.1|A/cattle/Texas/24-008749-003/2024(H5N1)	618	G	A	0	0	0	2696	1346	33	1	2696	0	TRUE	NA:cds-XAJ25418.1	TTG	L	TTA	L	206
NA|PP755591.1|A/cattle/Texas/24-008749-003/2024(H5N1)	776	A	G	2350	1253	33	25	12	33	0.0105263	2375	2.22329e-06	TRUE	NA:cds-XAJ25418.1	GAG	E	GGG	G	259
NA|PP755591.1|A/cattle/Texas/24-008749-003/2024(H5N1)	1185	A	G	0	0	0	2639	1492	33	1	2639	0	TRUE	NA:cds-XAJ25418.1	GAA	E	GAG	E	395
NA|PP755591.1|A/cattle/Texas/24-008749-003/2024(H5N1)	1403	A	G	529	348	33	6	3	34	0.011215	535	0.0152343	FALSE	NA:cds-XAJ25418.1	GAC	D	GGC	G	468
