REGION	POS	REF	ALT	REF_DP	REF_RV	REF_QUAL	ALT_DP	ALT_RV	ALT_QUAL	ALT_FREQ	TOTAL_DP	PVAL	PASS	GFF_FEATURE	REF_CODON	REF_AA	ALT_CODON	ALT_AA	POS_AA
PB1|PP755595.1|A/cattle/Texas/24-008749-003/2024(H5N1)	29	T	-G	87	3	33	15	0	20	0.06	250	3.18461e-07	TRUE	NA	NA	NA	NA	NA	NA
PB1|PP755595.1|A/cattle/Texas/24-008749-003/2024(H5N1)	37	C	-CAGCG	91	4	33	6	0	20	0.0237154	253	0.00687878	TRUE	NA	NA	NA	NA	NA	NA
PB1|PP755595.1|A/cattle/Texas/24-008749-003/2024(H5N1)	329	C	T	400	207	33	5	5	31	0.0123457	405	0.0302978	FALSE	PB1:cds-XAJ25424.1	ACG	T	ATG	M	110
PB1|PP755595.1|A/cattle/Texas/24-008749-003/2024(H5N1)	329	C	T	400	207	33	5	5	31	0.0123457	405	0.0302978	FALSE	PB1-F2:cds-XAJ25425.1	CGA	R	TGA	*	79
PB1|PP755595.1|A/cattle/Texas/24-008749-003/2024(H5N1)	414	G	A	352	213	33	42	23	34	0.106599	394	6.42825e-14	TRUE	PB1:cds-XAJ25424.1	CCG	P	CCA	P	138
PB1|PP755595.1|A/cattle/Texas/24-008749-003/2024(H5N1)	747	A	G	480	230	33	6	4	31	0.0123457	486	0.015009	FALSE	PB1:cds-XAJ25424.1	AGA	R	AGG	R	249
PB1|PP755595.1|A/cattle/Texas/24-008749-003/2024(H5N1)	945	T	C	0	0	0	575	364	33	1	575	0	TRUE	PB1:cds-XAJ25424.1	CCT	P	CCC	P	315
PB1|PP755595.1|A/cattle/Texas/24-008749-003/2024(H5N1)	1024	A	G	532	182	33	59	33	33	0.0998308	591	3.08161e-19	TRUE	PB1:cds-XAJ25424.1	ATA	I	GTA	V	342
PB1|PP755595.1|A/cattle/Texas/24-008749-003/2024(H5N1)	1096	A	G	524	190	33	6	3	34	0.0113208	530	0.0153172	FALSE	PB1:cds-XAJ25424.1	ACA	T	GCA	A	366
PB1|PP755595.1|A/cattle/Texas/24-008749-003/2024(H5N1)	1642	C	A	1338	562	33	21	11	33	0.0154412	1360	4.53842e-06	TRUE	PB1:cds-XAJ25424.1	CTA	L	ATA	I	548
