REGION	POS	REF	ALT	REF_DP	REF_RV	REF_QUAL	ALT_DP	ALT_RV	ALT_QUAL	ALT_FREQ	TOTAL_DP	PVAL	PASS	GFF_FEATURE	REF_CODON	REF_AA	ALT_CODON	ALT_AA	POS_AA
NA|PP755591.1|A/cattle/Texas/24-008749-003/2024(H5N1)	571	T	C	1	0	34	3504	1673	40	0.99943	3506	0	TRUE	NA:cds-XAJ25418.1	TTG	L	CTG	L	191
NA|PP755591.1|A/cattle/Texas/24-008749-003/2024(H5N1)	579	C	T	3599	1727	41	51	31	43	0.0139726	3650	7.39254e-19	TRUE	NA:cds-XAJ25418.1	ATC	I	ATT	I	193
NA|PP755591.1|A/cattle/Texas/24-008749-003/2024(H5N1)	618	G	A	0	0	0	3644	1947	40	1	3644	0	TRUE	NA:cds-XAJ25418.1	TTG	L	TTA	L	206
NA|PP755591.1|A/cattle/Texas/24-008749-003/2024(H5N1)	1185	A	G	2	2	33	2916	1731	40	0.999315	2918	0	TRUE	NA:cds-XAJ25418.1	GAA	E	GAG	E	395
NA|PP755591.1|A/cattle/Texas/24-008749-003/2024(H5N1)	1320	G	A	1	1	68	2094	1631	47	0.999523	2095	0	TRUE	NA:cds-XAJ25418.1	GGG	G	GGA	G	440
