REGION	POS	REF	ALT	REF_DP	REF_RV	REF_QUAL	ALT_DP	ALT_RV	ALT_QUAL	ALT_FREQ	TOTAL_DP	PVAL	PASS	GFF_FEATURE	REF_CODON	REF_AA	ALT_CODON	ALT_AA	POS_AA
PB2|PP755596.1|A/cattle/Texas/24-008749-003/2024(H5N1)	69	C	-ACTGTTGACCACATGGCCATAATCAAGAAGT	186	12	35	7	0	20	0.0155902	449	0.0211094	FALSE	NA	NA	NA	NA	NA	NA
PB2|PP755596.1|A/cattle/Texas/24-008749-003/2024(H5N1)	240	G	A	0	0	0	305	111	34	1	305	4.34267e-202	TRUE	PB2:cds-XAJ25426.1	AAG	K	AAA	K	80
PB2|PP755596.1|A/cattle/Texas/24-008749-003/2024(H5N1)	364	G	A	333	125	34	164	62	34	0.32998	497	2.60924e-61	TRUE	PB2:cds-XAJ25426.1	GTT	V	ATT	I	122
PB2|PP755596.1|A/cattle/Texas/24-008749-003/2024(H5N1)	384	G	A	269	106	35	248	100	35	0.479691	517	8.70559e-97	TRUE	PB2:cds-XAJ25426.1	GGG	G	GGA	G	128
PB2|PP755596.1|A/cattle/Texas/24-008749-003/2024(H5N1)	630	G	A	0	0	0	436	285	34	1	436	1.00721e-288	TRUE	PB2:cds-XAJ25426.1	GAG	E	GAA	E	210
PB2|PP755596.1|A/cattle/Texas/24-008749-003/2024(H5N1)	764	C	T	0	0	0	554	252	34	1	554	0	TRUE	PB2:cds-XAJ25426.1	GCA	A	GTA	V	255
PB2|PP755596.1|A/cattle/Texas/24-008749-003/2024(H5N1)	912	G	A	0	0	0	589	233	34	1	589	0	TRUE	PB2:cds-XAJ25426.1	GAG	E	GAA	E	304
PB2|PP755596.1|A/cattle/Texas/24-008749-003/2024(H5N1)	1392	G	A	1	1	34	660	451	34	0.998487	661	0	TRUE	PB2:cds-XAJ25426.1	TTG	L	TTA	L	464
PB2|PP755596.1|A/cattle/Texas/24-008749-003/2024(H5N1)	1504	T	C	0	0	0	695	287	34	1	695	0	TRUE	PB2:cds-XAJ25426.1	TTA	L	CTA	L	502
PB2|PP755596.1|A/cattle/Texas/24-008749-003/2024(H5N1)	1866	T	C	0	0	0	687	365	35	1	687	0	TRUE	PB2:cds-XAJ25426.1	GCT	A	GCC	A	622
PB2|PP755596.1|A/cattle/Texas/24-008749-003/2024(H5N1)	2009	A	G	0	0	0	515	383	36	1	515	0	TRUE	PB2:cds-XAJ25426.1	AAA	K	AGA	R	670
PB2|PP755596.1|A/cattle/Texas/24-008749-003/2024(H5N1)	2145	T	C	0	0	0	413	366	36	0.997585	414	4.60136e-276	TRUE	PB2:cds-XAJ25426.1	AAT	N	AAC	N	715
PB2|PP755596.1|A/cattle/Texas/24-008749-003/2024(H5N1)	2166	T	A	423	393	35	5	5	29	0.011655	429	0.487265	FALSE	PB2:cds-XAJ25426.1	GCT	A	GCA	A	722
PB2|PP755596.1|A/cattle/Texas/24-008749-003/2024(H5N1)	2217	G	A	459	440	36	13	13	36	0.0275424	472	4.94907e-05	TRUE	PB2:cds-XAJ25426.1	CGG	R	CGA	R	739
