REGION	POS	REF	ALT	REF_DP	REF_RV	REF_QUAL	ALT_DP	ALT_RV	ALT_QUAL	ALT_FREQ	TOTAL_DP	PVAL	PASS	GFF_FEATURE	REF_CODON	REF_AA	ALT_CODON	ALT_AA	POS_AA
MP|PP755590.1|A/cattle/Texas/24-008749-003/2024(H5N1)	245	G	A	2	1	47	33972	14381	37	0.999912	33975	0	TRUE	M1:cds-XAJ25416.1	AGT	S	AAT	N	82
MP|PP755590.1|A/cattle/Texas/24-008749-003/2024(H5N1)	303	G	T	36857	19935	37	469	225	37	0.0125629	37332	1.41859e-106	TRUE	M1:cds-XAJ25416.1	AGG	R	AGT	S	101
MP|PP755590.1|A/cattle/Texas/24-008749-003/2024(H5N1)	327	C	T	37002	20414	37	437	257	37	0.0116708	37444	1.32653e-96	TRUE	M1:cds-XAJ25416.1	TTC	F	TTT	F	109
MP|PP755590.1|A/cattle/Texas/24-008749-003/2024(H5N1)	365	G	T	36542	20305	37	506	223	36	0.0136565	37052	8.46662e-117	TRUE	M1:cds-XAJ25416.1	GGT	G	GTT	V	122
MP|PP755590.1|A/cattle/Texas/24-008749-003/2024(H5N1)	780	G	A	31398	17897	38	391	241	36	0.0122987	31792	1.83537e-90	TRUE	M2:cds-XAJ25417.1	AGT	S	AAT	N	22
