REGION	POS	REF	ALT	REF_DP	REF_RV	REF_QUAL	ALT_DP	ALT_RV	ALT_QUAL	ALT_FREQ	TOTAL_DP	PVAL	PASS	GFF_FEATURE	REF_CODON	REF_AA	ALT_CODON	ALT_AA	POS_AA
HA|PP755589.1|A/cattle/Texas/24-008749-003/2024(H5N1)	1158	C	T	0	0	0	1	1	28	1	1	1	FALSE	HA:cds-XAJ25415.1	ACC	T	ACT	T	386
HA|PP755589.1|A/cattle/Texas/24-008749-003/2024(H5N1)	1167	A	T	0	0	0	39	7	43	1	39	4.07057e-27	TRUE	HA:cds-XAJ25415.1	GCA	A	GCT	A	389
HA|PP755589.1|A/cattle/Texas/24-008749-003/2024(H5N1)	1173	T	C	0	0	0	41	12	49	1	41	1.06307e-29	TRUE	HA:cds-XAJ25415.1	GAT	D	GAC	D	391
HA|PP755589.1|A/cattle/Texas/24-008749-003/2024(H5N1)	1177	G	A	0	0	0	40	13	50	1	40	3.87461e-30	TRUE	HA:cds-XAJ25415.1	GTT	V	ATT	I	393
HA|PP755589.1|A/cattle/Texas/24-008749-003/2024(H5N1)	1182	C	A	0	0	0	41	16	56	1	41	1.4409e-31	TRUE	HA:cds-XAJ25415.1	ACC	T	ACA	T	394
HA|PP755589.1|A/cattle/Texas/24-008749-003/2024(H5N1)	1188	G	A	0	0	0	42	18	61	1	42	1.55288e-33	TRUE	HA:cds-XAJ25415.1	AAG	K	AAA	K	396
HA|PP755589.1|A/cattle/Texas/24-008749-003/2024(H5N1)	1194	C	T	0	0	0	43	20	62	1	43	3.55984e-34	TRUE	HA:cds-XAJ25415.1	AAC	N	AAT	N	398
HA|PP755589.1|A/cattle/Texas/24-008749-003/2024(H5N1)	1197	A	C	0	0	0	43	20	63	1	43	3.55984e-34	TRUE	HA:cds-XAJ25415.1	TCA	S	TCC	S	399
HA|PP755589.1|A/cattle/Texas/24-008749-003/2024(H5N1)	1218	T	A	0	0	0	42	21	63	1	42	6.70574e-34	TRUE	HA:cds-XAJ25415.1	ACT	T	ACA	T	406
HA|PP755589.1|A/cattle/Texas/24-008749-003/2024(H5N1)	1224	T	C	0	0	0	7	1	29	1	7	0.000582751	TRUE	HA:cds-XAJ25415.1	TTT	F	TTC	F	408
HA|PP755589.1|A/cattle/Texas/24-008749-003/2024(H5N1)	1227	G	A	0	0	0	1	1	34	1	1	1	FALSE	HA:cds-XAJ25415.1	GAG	E	GAA	E	409
