REGION	POS	REF	ALT	REF_DP	REF_RV	REF_QUAL	ALT_DP	ALT_RV	ALT_QUAL	ALT_FREQ	TOTAL_DP	PVAL	PASS	GFF_FEATURE	REF_CODON	REF_AA	ALT_CODON	ALT_AA	POS_AA
NA|PP755591.1|A/cattle/Texas/24-008749-003/2024(H5N1)	250	A	G	352	144	36	2533	1213	37	0.87799	2885	0	TRUE	NA:cds-XAJ25418.1	ACA	T	GCA	A	84
NA|PP755591.1|A/cattle/Texas/24-008749-003/2024(H5N1)	571	T	C	2	2	26	2990	1346	36	0.999332	2992	0	TRUE	NA:cds-XAJ25418.1	TTG	L	CTG	L	191
NA|PP755591.1|A/cattle/Texas/24-008749-003/2024(H5N1)	749	A	G	3010	1628	37	32	16	34	0.0105194	3042	1.81917e-08	TRUE	NA:cds-XAJ25418.1	CAG	Q	CGG	R	250
NA|PP755591.1|A/cattle/Texas/24-008749-003/2024(H5N1)	1185	A	G	0	0	0	2781	1709	36	1	2781	0	TRUE	NA:cds-XAJ25418.1	GAA	E	GAG	E	395
NA|PP755591.1|A/cattle/Texas/24-008749-003/2024(H5N1)	1289	G	C	1623	1104	38	19	19	27	0.0115291	1648	0.323431	FALSE	NA:cds-XAJ25418.1	AGG	R	ACG	T	430
