REGION	POS	REF	ALT	REF_DP	REF_RV	REF_QUAL	ALT_DP	ALT_RV	ALT_QUAL	ALT_FREQ	TOTAL_DP	PVAL	PASS	GFF_FEATURE	REF_CODON	REF_AA	ALT_CODON	ALT_AA	POS_AA
MP|PP755590.1|A/cattle/Texas/24-008749-003/2024(H5N1)	168	T	C	37293	13400	46	1243	354	45	0.0322547	38537	0	TRUE	M1:cds-XAJ25416.1	ACT	T	ACC	T	56
MP|PP755590.1|A/cattle/Texas/24-008749-003/2024(H5N1)	245	G	A	9	5	40	40466	18064	45	0.999704	40478	0	TRUE	M1:cds-XAJ25416.1	AGT	S	AAT	N	82
MP|PP755590.1|A/cattle/Texas/24-008749-003/2024(H5N1)	699	C	A	31191	14703	36	320	0	25	0.0101545	31513	0.428058	FALSE	M1:cds-XAJ25416.1	CTC	L	CTA	L	233
MP|PP755590.1|A/cattle/Texas/24-008749-003/2024(H5N1)	839	G	A	30	28	43	39040	32057	45	0.999207	39071	0	TRUE	M2:cds-XAJ25417.1	GTT	V	ATT	I	42
