REGION	POS	REF	ALT	REF_DP	REF_RV	REF_QUAL	ALT_DP	ALT_RV	ALT_QUAL	ALT_FREQ	TOTAL_DP	PVAL	PASS	GFF_FEATURE	REF_CODON	REF_AA	ALT_CODON	ALT_AA	POS_AA
MP|PP755590.1|A/cattle/Texas/24-008749-003/2024(H5N1)	118	G	A	4144	829	39	85	5	35	0.0200993	4229	3.58542e-29	TRUE	M1:cds-XAJ25416.1	GAG	E	AAG	K	40
MP|PP755590.1|A/cattle/Texas/24-008749-003/2024(H5N1)	130	G	T	4604	1232	39	97	24	37	0.0206339	4701	3.87359e-29	TRUE	M1:cds-XAJ25416.1	GAA	E	TAA	*	44
MP|PP755590.1|A/cattle/Texas/24-008749-003/2024(H5N1)	245	G	A	0	0	0	6332	2793	39	1	6332	0	TRUE	M1:cds-XAJ25416.1	AGT	S	AAT	N	82
MP|PP755590.1|A/cattle/Texas/24-008749-003/2024(H5N1)	363	C	T	2	0	34	6503	3566	38	0.999693	6505	0	TRUE	M1:cds-XAJ25416.1	ACC	T	ACT	T	121
MP|PP755590.1|A/cattle/Texas/24-008749-003/2024(H5N1)	544	G	A	6420	3911	40	108	63	38	0.0165416	6529	2.28701e-29	TRUE	M1:cds-XAJ25416.1	GCC	A	ACC	T	182
MP|PP755590.1|A/cattle/Texas/24-008749-003/2024(H5N1)	582	A	G	6407	2968	39	107	58	38	0.0164262	6514	1.55647e-28	TRUE	M1:cds-XAJ25416.1	GGA	G	GGG	G	194
MP|PP755590.1|A/cattle/Texas/24-008749-003/2024(H5N1)	598	G	A	6467	3221	38	93	32	33	0.0141768	6560	2.34227e-23	TRUE	M1:cds-XAJ25416.1	GTG	V	ATG	M	200
MP|PP755590.1|A/cattle/Texas/24-008749-003/2024(H5N1)	887	G	A	5605	5072	40	72	64	41	0.0126805	5678	1.06919e-25	TRUE	M2:cds-XAJ25417.1	GGA	G	AGA	R	58
