REGION	POS	REF	ALT	REF_DP	REF_RV	REF_QUAL	ALT_DP	ALT_RV	ALT_QUAL	ALT_FREQ	TOTAL_DP	PVAL	PASS	GFF_FEATURE	REF_CODON	REF_AA	ALT_CODON	ALT_AA	POS_AA
NA|PP755591.1|A/cattle/Texas/24-008749-003/2024(H5N1)	15	A	G	45	6	32	309	60	33	0.872881	354	2.34007e-217	TRUE	NA:cds-XAJ25418.1	CAA	Q	CAG	Q	5
NA|PP755591.1|A/cattle/Texas/24-008749-003/2024(H5N1)	238	G	T	5151	2782	33	54	31	32	0.0103726	5206	3.89189e-12	TRUE	NA:cds-XAJ25418.1	GTT	V	TTT	F	80
NA|PP755591.1|A/cattle/Texas/24-008749-003/2024(H5N1)	571	T	C	15	6	34	8626	3580	33	0.998264	8641	0	TRUE	NA:cds-XAJ25418.1	TTG	L	CTG	L	191
NA|PP755591.1|A/cattle/Texas/24-008749-003/2024(H5N1)	577	A	G	8052	3500	33	699	145	33	0.0798583	8753	2.58694e-208	TRUE	NA:cds-XAJ25418.1	ATC	I	GTC	V	193
NA|PP755591.1|A/cattle/Texas/24-008749-003/2024(H5N1)	774	A	G	12390	6402	32	149	69	33	0.011864	12559	3.05777e-34	TRUE	NA:cds-XAJ25418.1	ATA	I	ATG	M	258
NA|PP755591.1|A/cattle/Texas/24-008749-003/2024(H5N1)	936	T	C	10202	4632	33	136	68	33	0.0131503	10342	3.32834e-31	TRUE	NA:cds-XAJ25418.1	TAT	Y	TAC	Y	312
NA|PP755591.1|A/cattle/Texas/24-008749-003/2024(H5N1)	1185	A	G	11	3	32	18277	7532	33	0.999289	18290	0	TRUE	NA:cds-XAJ25418.1	GAA	E	GAG	E	395
NA|PP755591.1|A/cattle/Texas/24-008749-003/2024(H5N1)	1279	A	G	23714	12801	33	418	211	33	0.017094	24453	9.57759e-104	TRUE	NA:cds-XAJ25418.1	ATT	I	GTT	V	427
NA|PP755591.1|A/cattle/Texas/24-008749-003/2024(H5N1)	1279	A	C	23714	12801	33	282	144	33	0.0115323	24453	3.57806e-63	TRUE	NA:cds-XAJ25418.1	ATT	I	CTT	L	427
NA|PP755591.1|A/cattle/Texas/24-008749-003/2024(H5N1)	1289	G	C	18530	5461	33	247	247	28	0.0131481	18786	0.000933748	TRUE	NA:cds-XAJ25418.1	AGG	R	ACG	T	430
NA|PP755591.1|A/cattle/Texas/24-008749-003/2024(H5N1)	1344	A	T	19672	12446	33	257	166	33	0.0128841	19947	4.10824e-56	TRUE	NA:cds-XAJ25418.1	GTA	V	GTT	V	448
