REGION	POS	REF	ALT	REF_DP	REF_RV	REF_QUAL	ALT_DP	ALT_RV	ALT_QUAL	ALT_FREQ	TOTAL_DP	PVAL	PASS	GFF_FEATURE	REF_CODON	REF_AA	ALT_CODON	ALT_AA	POS_AA
MP|PP755590.1|A/cattle/Texas/24-008749-003/2024(H5N1)	245	G	A	6	2	64	11390	5543	59	0.999386	11397	0	TRUE	M1:cds-XAJ25416.1	AGT	S	AAT	N	82
MP|PP755590.1|A/cattle/Texas/24-008749-003/2024(H5N1)	249	C	T	2	1	47	11428	5575	59	0.999825	11430	0	TRUE	M1:cds-XAJ25416.1	GCC	A	GCT	A	83
MP|PP755590.1|A/cattle/Texas/24-008749-003/2024(H5N1)	254	G	A	4	0	47	11533	5698	59	0.999567	11538	0	TRUE	M1:cds-XAJ25416.1	AGT	S	AAT	N	85
MP|PP755590.1|A/cattle/Texas/24-008749-003/2024(H5N1)	260	C	A	0	0	0	11465	5877	59	0.99939	11472	0	TRUE	M1:cds-XAJ25416.1	ACT	T	AAT	N	87
MP|PP755590.1|A/cattle/Texas/24-008749-003/2024(H5N1)	285	A	G	3	1	51	11541	5795	56	0.99974	11544	0	TRUE	M1:cds-XAJ25416.1	AGA	R	AGG	R	95
MP|PP755590.1|A/cattle/Texas/24-008749-003/2024(H5N1)	307	C	T	4	3	65	11778	6047	58	0.999491	11784	0	TRUE	M1:cds-XAJ25416.1	CTG	L	TTG	L	103
MP|PP755590.1|A/cattle/Texas/24-008749-003/2024(H5N1)	408	G	A	12	5	47	11040	5824	55	0.998914	11052	0	TRUE	M1:cds-XAJ25416.1	GGG	G	GGA	G	136
MP|PP755590.1|A/cattle/Texas/24-008749-003/2024(H5N1)	474	G	A	6	3	62	10685	5429	57	0.999345	10692	0	TRUE	M1:cds-XAJ25416.1	CAG	Q	CAA	Q	158
MP|PP755590.1|A/cattle/Texas/24-008749-003/2024(H5N1)	516	G	A	1	1	33	10816	5366	58	0.999908	10817	0	TRUE	M1:cds-XAJ25416.1	CTG	L	CTA	L	172
MP|PP755590.1|A/cattle/Texas/24-008749-003/2024(H5N1)	540	T	G	0	0	0	11080	5778	53	0.998828	11093	0	TRUE	M1:cds-XAJ25416.1	GTT	V	GTG	V	180
MP|PP755590.1|A/cattle/Texas/24-008749-003/2024(H5N1)	645	G	A	10	4	62	11660	4812	52	0.999143	11670	0	TRUE	M1:cds-XAJ25416.1	GCG	A	GCA	A	215
MP|PP755590.1|A/cattle/Texas/24-008749-003/2024(H5N1)	679	A	G	7	5	43	12058	4891	54	0.999254	12067	0	TRUE	M1:cds-XAJ25416.1	ACC	T	GCC	A	227
MP|PP755590.1|A/cattle/Texas/24-008749-003/2024(H5N1)	735	A	G	25	15	63	11925	6472	61	0.997908	11950	0	TRUE	M2:cds-XAJ25417.1	GAG	E	GGG	G	7
MP|PP755590.1|A/cattle/Texas/24-008749-003/2024(H5N1)	735	A	G	25	15	63	11925	6472	61	0.997908	11950	0	TRUE	M1:cds-XAJ25416.1	GGA	G	GGG	G	245
MP|PP755590.1|A/cattle/Texas/24-008749-003/2024(H5N1)	766	C	T	2	2	75	12111	7292	66	0.999835	12113	0	TRUE	M2:cds-XAJ25417.1	CTC	L	CTT	L	18
MP|PP755590.1|A/cattle/Texas/24-008749-003/2024(H5N1)	950	A	G	2	2	55	3946	3195	50	0.99924	3949	0	TRUE	M2:cds-XAJ25417.1	AAT	N	GAT	D	79
