REGION	POS	REF	ALT	REF_DP	REF_RV	REF_QUAL	ALT_DP	ALT_RV	ALT_QUAL	ALT_FREQ	TOTAL_DP	PVAL	PASS	GFF_FEATURE	REF_CODON	REF_AA	ALT_CODON	ALT_AA	POS_AA
HA|PP755589.1|A/cattle/Texas/24-008749-003/2024(H5N1)	148	G	+A	6123	3101	60	171	0	20	0.014735	11605	1.81794e-17	TRUE	NA	NA	NA	NA	NA	NA
HA|PP755589.1|A/cattle/Texas/24-008749-003/2024(H5N1)	240	C	T	4489	2122	45	99	27	45	0.0215592	4592	2.46797e-38	TRUE	HA:cds-XAJ25415.1	AAC	N	AAT	N	80
HA|PP755589.1|A/cattle/Texas/24-008749-003/2024(H5N1)	255	A	G	3292	1303	52	356	121	49	0.0975877	3648	1.11992e-152	TRUE	HA:cds-XAJ25415.1	GAA	E	GAG	E	85
HA|PP755589.1|A/cattle/Texas/24-008749-003/2024(H5N1)	259	A	G	3544	1522	54	154	66	52	0.0416441	3698	1.82927e-67	TRUE	HA:cds-XAJ25415.1	ATC	I	GTC	V	87
HA|PP755589.1|A/cattle/Texas/24-008749-003/2024(H5N1)	311	A	G	4	1	66	3927	2063	62	0.998728	3932	0	TRUE	HA:cds-XAJ25415.1	GAC	D	GGC	G	104
HA|PP755589.1|A/cattle/Texas/24-008749-003/2024(H5N1)	651	G	A	9	4	68	6957	3493	61	0.997562	6974	0	TRUE	HA:cds-XAJ25415.1	GGG	G	GGA	G	217
HA|PP755589.1|A/cattle/Texas/24-008749-003/2024(H5N1)	675	G	A	11	6	58	6530	3942	51	0.997251	6548	0	TRUE	HA:cds-XAJ25415.1	TTG	L	TTA	L	225
HA|PP755589.1|A/cattle/Texas/24-008749-003/2024(H5N1)	1007	G	A	16	16	53	6606	4549	51	0.996681	6628	0	TRUE	HA:cds-XAJ25415.1	AGT	S	AAT	N	336
HA|PP755589.1|A/cattle/Texas/24-008749-003/2024(H5N1)	1456	T	C	3584	1272	45	64	31	56	0.0174768	3662	7.59e-30	TRUE	HA:cds-XAJ25415.1	TAT	Y	CAT	H	486
HA|PP755589.1|A/cattle/Texas/24-008749-003/2024(H5N1)	1493	G	A	4367	1879	60	45	3	36	0.0101971	4413	9.64355e-14	TRUE	HA:cds-XAJ25415.1	AGA	R	AAA	K	498
