REGION	POS	REF	ALT	REF_DP	REF_RV	REF_QUAL	ALT_DP	ALT_RV	ALT_QUAL	ALT_FREQ	TOTAL_DP	PVAL	PASS	GFF_FEATURE	REF_CODON	REF_AA	ALT_CODON	ALT_AA	POS_AA
NP|PP755592.1|A/cattle/Texas/24-008749-003/2024(H5N1)	165	G	A	38	18	44	16675	7598	37	0.997607	16715	0	TRUE	NP:cds-XAJ25419.1	AGG	R	AGA	R	55
NP|PP755592.1|A/cattle/Texas/24-008749-003/2024(H5N1)	355	A	G	7	4	32	17650	9919	40	0.999547	17658	0	TRUE	NP:cds-XAJ25419.1	ATT	I	GTT	V	119
NP|PP755592.1|A/cattle/Texas/24-008749-003/2024(H5N1)	363	T	C	18125	10538	40	202	127	40	0.0110214	18328	6.55703e-68	TRUE	NP:cds-XAJ25419.1	CGT	R	CGC	R	121
NP|PP755592.1|A/cattle/Texas/24-008749-003/2024(H5N1)	474	A	G	8	7	31	17260	9382	37	0.999479	17269	0	TRUE	NP:cds-XAJ25419.1	GGA	G	GGG	G	158
NP|PP755592.1|A/cattle/Texas/24-008749-003/2024(H5N1)	498	G	A	5	3	34	17421	7370	37	0.999598	17428	0	TRUE	NP:cds-XAJ25419.1	CTG	L	CTA	L	166
NP|PP755592.1|A/cattle/Texas/24-008749-003/2024(H5N1)	556	G	A	10	2	43	17289	6079	39	0.999191	17303	0	TRUE	NP:cds-XAJ25419.1	GTT	V	ATT	I	186
NP|PP755592.1|A/cattle/Texas/24-008749-003/2024(H5N1)	566	T	C	8	4	45	17973	6290	39	0.999499	17982	0	TRUE	NP:cds-XAJ25419.1	ATG	M	ACG	T	189
NP|PP755592.1|A/cattle/Texas/24-008749-003/2024(H5N1)	741	T	C	17461	9594	38	182	96	39	0.010314	17646	1.12277e-40	TRUE	NP:cds-XAJ25419.1	AAT	N	AAC	N	247
NP|PP755592.1|A/cattle/Texas/24-008749-003/2024(H5N1)	870	C	T	0	0	0	17096	7528	38	0.999942	17097	0	TRUE	NP:cds-XAJ25419.1	GAC	D	GAT	D	290
NP|PP755592.1|A/cattle/Texas/24-008749-003/2024(H5N1)	1014	T	C	4	4	51	18737	9836	39	0.99968	18743	0	TRUE	NP:cds-XAJ25419.1	TTT	F	TTC	F	338
NP|PP755592.1|A/cattle/Texas/24-008749-003/2024(H5N1)	1092	G	A	7	1	39	19829	9321	39	0.999597	19837	0	TRUE	NP:cds-XAJ25419.1	CAG	Q	CAA	Q	364
