REGION	POS	REF	ALT	REF_DP	REF_RV	REF_QUAL	ALT_DP	ALT_RV	ALT_QUAL	ALT_FREQ	TOTAL_DP	PVAL	PASS	GFF_FEATURE	REF_CODON	REF_AA	ALT_CODON	ALT_AA	POS_AA
PA|PP755594.1|A/cattle/Texas/24-008749-003/2024(H5N1)	144	T	C	0	0	0	3373	1579	33	1	3373	0	TRUE	PA:cds-XAJ25422.1	TAT	Y	TAC	Y	48
PA|PP755594.1|A/cattle/Texas/24-008749-003/2024(H5N1)	144	T	C	0	0	0	3373	1579	33	1	3373	0	TRUE	PA-X:cds-XAJ25423.1	TAT	Y	TAC	Y	48
PA|PP755594.1|A/cattle/Texas/24-008749-003/2024(H5N1)	202	C	T	0	0	0	3472	2071	33	0.999712	3473	0	TRUE	PA:cds-XAJ25422.1	CCA	P	TCA	S	68
PA|PP755594.1|A/cattle/Texas/24-008749-003/2024(H5N1)	202	C	T	0	0	0	3472	2071	33	0.999712	3473	0	TRUE	PA-X:cds-XAJ25423.1	CCA	P	TCA	S	68
PA|PP755594.1|A/cattle/Texas/24-008749-003/2024(H5N1)	270	G	A	3325	1547	33	419	200	33	0.111883	3745	3.45372e-131	TRUE	PA:cds-XAJ25422.1	GTG	V	GTA	V	90
PA|PP755594.1|A/cattle/Texas/24-008749-003/2024(H5N1)	270	G	A	3325	1547	33	419	200	33	0.111883	3745	3.45372e-131	TRUE	PA-X:cds-XAJ25423.1	GTG	V	GTA	V	90
PA|PP755594.1|A/cattle/Texas/24-008749-003/2024(H5N1)	981	G	A	0	0	0	4255	1562	33	1	4255	0	TRUE	PA:cds-XAJ25422.1	GAG	E	GAA	E	327
PA|PP755594.1|A/cattle/Texas/24-008749-003/2024(H5N1)	996	T	A	4358	1478	33	67	28	33	0.0151378	4426	1.17783e-16	TRUE	PA:cds-XAJ25422.1	CCT	P	CCA	P	332
PA|PP755594.1|A/cattle/Texas/24-008749-003/2024(H5N1)	1134	A	G	3831	2423	33	298	190	33	0.0721724	4129	7.63665e-89	TRUE	PA:cds-XAJ25422.1	AAA	K	AAG	K	378
PA|PP755594.1|A/cattle/Texas/24-008749-003/2024(H5N1)	1195	G	A	3875	1910	33	441	172	33	0.102178	4316	1.28287e-132	TRUE	PA:cds-XAJ25422.1	GAG	E	AAG	K	399
PA|PP755594.1|A/cattle/Texas/24-008749-003/2024(H5N1)	1290	A	G	5064	2636	33	297	171	32	0.0554001	5361	1.49702e-84	TRUE	PA:cds-XAJ25422.1	GAA	E	GAG	E	430
PA|PP755594.1|A/cattle/Texas/24-008749-003/2024(H5N1)	1294	G	A	0	0	0	5071	2550	33	1	5071	0	TRUE	PA:cds-XAJ25422.1	GTT	V	ATT	I	432
PA|PP755594.1|A/cattle/Texas/24-008749-003/2024(H5N1)	1617	G	A	4325	2636	33	236	117	32	0.051743	4561	1.58445e-67	TRUE	PA:cds-XAJ25422.1	AAG	K	AAA	K	539
PA|PP755594.1|A/cattle/Texas/24-008749-003/2024(H5N1)	1687	C	T	5	1	34	4664	1868	33	0.998929	4669	0	TRUE	PA:cds-XAJ25422.1	CTG	L	TTG	L	563
PA|PP755594.1|A/cattle/Texas/24-008749-003/2024(H5N1)	1963	C	T	2	1	34	3845	2121	33	0.99948	3847	0	TRUE	PA:cds-XAJ25422.1	CTC	L	TTC	F	655
