REGION	POS	REF	ALT	REF_DP	REF_RV	REF_QUAL	ALT_DP	ALT_RV	ALT_QUAL	ALT_FREQ	TOTAL_DP	PVAL	PASS	GFF_FEATURE	REF_CODON	REF_AA	ALT_CODON	ALT_AA	POS_AA
MP|PP755590.1|A/cattle/Texas/24-008749-003/2024(H5N1)	245	G	A	0	0	0	7050	3198	33	1	7050	0	TRUE	M1:cds-XAJ25416.1	AGT	S	AAT	N	82
MP|PP755590.1|A/cattle/Texas/24-008749-003/2024(H5N1)	717	C	A	6063	2484	33	148	68	33	0.023821	6213	4.78382e-38	TRUE	M2:cds-XAJ25417.1	CCT	P	CAT	H	1
MP|PP755590.1|A/cattle/Texas/24-008749-003/2024(H5N1)	717	C	A	6063	2484	33	148	68	33	0.023821	6213	4.78382e-38	TRUE	M1:cds-XAJ25416.1	GCC	A	GCA	A	239
MP|PP755590.1|A/cattle/Texas/24-008749-003/2024(H5N1)	793	C	T	7436	4153	33	113	55	31	0.0149689	7549	4.72004e-27	TRUE	M2:cds-XAJ25417.1	ATC	I	ATT	I	27
