REGION	POS	REF	ALT	REF_DP	REF_RV	REF_QUAL	ALT_DP	ALT_RV	ALT_QUAL	ALT_FREQ	TOTAL_DP	PVAL	PASS	GFF_FEATURE	REF_CODON	REF_AA	ALT_CODON	ALT_AA	POS_AA
NA|PP755591.1|A/cattle/Texas/24-008749-003/2024(H5N1)	24	A	G	437	26	36	669	84	38	0.604882	1106	0	TRUE	NA:cds-XAJ25418.1	ACA	T	ACG	T	8
NA|PP755591.1|A/cattle/Texas/24-008749-003/2024(H5N1)	226	G	A	8396	2948	37	304	131	38	0.0349345	8702	4.56472e-88	TRUE	NA:cds-XAJ25418.1	GCT	A	ACT	T	76
NA|PP755591.1|A/cattle/Texas/24-008749-003/2024(H5N1)	342	G	A	10468	4485	36	239	85	35	0.0223218	10707	6.24365e-63	TRUE	NA:cds-XAJ25418.1	GTG	V	GTA	V	114
NA|PP755591.1|A/cattle/Texas/24-008749-003/2024(H5N1)	378	C	T	11278	4854	36	184	93	35	0.016053	11462	1.07368e-44	TRUE	NA:cds-XAJ25418.1	CAC	H	CAT	H	126
NA|PP755591.1|A/cattle/Texas/24-008749-003/2024(H5N1)	1023	T	C	10370	4730	35	312	100	35	0.0291998	10685	1.79052e-87	TRUE	NA:cds-XAJ25418.1	AAT	N	AAC	N	341
NA|PP755591.1|A/cattle/Texas/24-008749-003/2024(H5N1)	1104	A	G	10132	5909	35	193	112	35	0.0186907	10326	1.44033e-50	TRUE	NA:cds-XAJ25418.1	AGA	R	AGG	R	368
NA|PP755591.1|A/cattle/Texas/24-008749-003/2024(H5N1)	1110	C	T	10214	5757	36	159	98	35	0.0153283	10373	8.98839e-40	TRUE	NA:cds-XAJ25418.1	GGC	G	GGT	G	370
NA|PP755591.1|A/cattle/Texas/24-008749-003/2024(H5N1)	1195	T	C	7313	5295	37	1634	1169	36	0.182631	8947	0	TRUE	NA:cds-XAJ25418.1	TGG	W	CGG	R	399
NA|PP755591.1|A/cattle/Texas/24-008749-003/2024(H5N1)	1289	G	T	4737	3655	36	246	208	37	0.0488968	5031	1.60097e-103	TRUE	NA:cds-XAJ25418.1	AGG	R	ATG	M	430
