REGION	POS	REF	ALT	REF_DP	REF_RV	REF_QUAL	ALT_DP	ALT_RV	ALT_QUAL	ALT_FREQ	TOTAL_DP	PVAL	PASS	GFF_FEATURE	REF_CODON	REF_AA	ALT_CODON	ALT_AA	POS_AA
NP|PP755592.1|A/cattle/Texas/24-008749-003/2024(H5N1)	13	G	A	903	156	35	17	1	35	0.0184783	920	1.60659e-11	TRUE	NP:cds-XAJ25419.1	GGC	G	AGC	S	5
NP|PP755592.1|A/cattle/Texas/24-008749-003/2024(H5N1)	251	G	A	7865	3675	38	929	390	37	0.105628	8795	0	TRUE	NP:cds-XAJ25419.1	AGT	S	AAT	N	84
NP|PP755592.1|A/cattle/Texas/24-008749-003/2024(H5N1)	261	G	A	7300	3055	38	1097	448	37	0.130595	8400	0	TRUE	NP:cds-XAJ25419.1	AAG	K	AAA	K	87
NP|PP755592.1|A/cattle/Texas/24-008749-003/2024(H5N1)	355	A	G	4	4	38	7482	3937	37	0.999466	7486	0	TRUE	NP:cds-XAJ25419.1	ATT	I	GTT	V	119
NP|PP755592.1|A/cattle/Texas/24-008749-003/2024(H5N1)	498	G	A	2	1	33	7511	3533	35	0.999734	7513	0	TRUE	NP:cds-XAJ25419.1	CTG	L	CTA	L	166
NP|PP755592.1|A/cattle/Texas/24-008749-003/2024(H5N1)	729	G	A	4633	2647	36	2780	1627	34	0.374865	7416	0	TRUE	NP:cds-XAJ25419.1	AGG	R	AGA	R	243
NP|PP755592.1|A/cattle/Texas/24-008749-003/2024(H5N1)	870	C	T	2	1	34	7200	3285	36	0.999584	7203	0	TRUE	NP:cds-XAJ25419.1	GAC	D	GAT	D	290
NP|PP755592.1|A/cattle/Texas/24-008749-003/2024(H5N1)	948	C	T	8170	3966	38	146	95	34	0.0175544	8317	2.18173e-38	TRUE	NP:cds-XAJ25419.1	ATC	I	ATT	I	316
NP|PP755592.1|A/cattle/Texas/24-008749-003/2024(H5N1)	1014	T	C	0	0	0	7608	4153	37	0.999606	7611	0	TRUE	NP:cds-XAJ25419.1	TTT	F	TTC	F	338
NP|PP755592.1|A/cattle/Texas/24-008749-003/2024(H5N1)	1092	G	A	0	0	0	8022	3832	37	1	8022	0	TRUE	NP:cds-XAJ25419.1	CAG	Q	CAA	Q	364
NP|PP755592.1|A/cattle/Texas/24-008749-003/2024(H5N1)	1423	A	G	7000	6440	39	487	449	39	0.0650461	7487	9.44558e-154	TRUE	NP:cds-XAJ25419.1	ATC	I	GTC	V	475
