REGION	POS	REF	ALT	REF_DP	REF_RV	REF_QUAL	ALT_DP	ALT_RV	ALT_QUAL	ALT_FREQ	TOTAL_DP	PVAL	PASS	GFF_FEATURE	REF_CODON	REF_AA	ALT_CODON	ALT_AA	POS_AA
NP|PP755592.1|A/cattle/Texas/24-008749-003/2024(H5N1)	250	A	G	1540	761	42	63	38	40	0.0393013	1603	1.62567e-24	TRUE	NP:cds-XAJ25419.1	AGT	S	GGT	G	84
NP|PP755592.1|A/cattle/Texas/24-008749-003/2024(H5N1)	355	A	G	4	2	32	1465	756	42	0.997277	1469	0	TRUE	NP:cds-XAJ25419.1	ATT	I	GTT	V	119
NP|PP755592.1|A/cattle/Texas/24-008749-003/2024(H5N1)	498	G	A	2	1	34	1279	629	38	0.998439	1281	0	TRUE	NP:cds-XAJ25419.1	CTG	L	CTA	L	166
NP|PP755592.1|A/cattle/Texas/24-008749-003/2024(H5N1)	870	C	T	0	0	0	1277	608	40	1	1277	0	TRUE	NP:cds-XAJ25419.1	GAC	D	GAT	D	290
NP|PP755592.1|A/cattle/Texas/24-008749-003/2024(H5N1)	1014	T	C	1	1	34	1380	722	42	0.999276	1381	0	TRUE	NP:cds-XAJ25419.1	TTT	F	TTC	F	338
NP|PP755592.1|A/cattle/Texas/24-008749-003/2024(H5N1)	1092	G	A	0	0	0	1457	665	43	1	1457	0	TRUE	NP:cds-XAJ25419.1	CAG	Q	CAA	Q	364
NP|PP755592.1|A/cattle/Texas/24-008749-003/2024(H5N1)	1118	C	T	1495	779	44	40	24	40	0.0260586	1535	1.10836e-15	TRUE	NP:cds-XAJ25419.1	ACA	T	ATA	I	373
NP|PP755592.1|A/cattle/Texas/24-008749-003/2024(H5N1)	1212	A	G	1479	724	41	50	21	40	0.0327011	1529	1.98634e-18	TRUE	NP:cds-XAJ25419.1	GGA	G	GGG	G	404
NP|PP755592.1|A/cattle/Texas/24-008749-003/2024(H5N1)	1380	G	A	1404	1046	49	125	94	48	0.0817528	1529	8.32222e-52	TRUE	NP:cds-XAJ25419.1	GGG	G	GGA	G	460
