REGION	POS	REF	ALT	REF_DP	REF_RV	REF_QUAL	ALT_DP	ALT_RV	ALT_QUAL	ALT_FREQ	TOTAL_DP	PVAL	PASS	GFF_FEATURE	REF_CODON	REF_AA	ALT_CODON	ALT_AA	POS_AA
HA|PP755589.1|A/cattle/Texas/24-008749-003/2024(H5N1)	4	G	A	21	3	45	34	15	49	0.618182	55	1.84661e-28	TRUE	HA:cds-XAJ25415.1	GAG	E	AAG	K	2
HA|PP755589.1|A/cattle/Texas/24-008749-003/2024(H5N1)	222	T	A	966	360	53	12	3	56	0.0122699	978	2.60462e-06	TRUE	HA:cds-XAJ25415.1	GCT	A	GCA	A	74
HA|PP755589.1|A/cattle/Texas/24-008749-003/2024(H5N1)	311	A	G	0	0	0	1133	527	53	1	1133	0	TRUE	HA:cds-XAJ25415.1	GAC	D	GGC	G	104
HA|PP755589.1|A/cattle/Texas/24-008749-003/2024(H5N1)	397	A	T	1011	513	52	216	109	53	0.176039	1227	5.09712e-96	TRUE	HA:cds-XAJ25415.1	ATT	I	TTT	F	133
HA|PP755589.1|A/cattle/Texas/24-008749-003/2024(H5N1)	439	G	A	821	457	51	491	229	51	0.374238	1312	7.12548e-234	TRUE	HA:cds-XAJ25415.1	GTG	V	ATG	M	147
HA|PP755589.1|A/cattle/Texas/24-008749-003/2024(H5N1)	651	G	A	28	16	51	1426	758	52	0.980743	1454	0	TRUE	HA:cds-XAJ25415.1	GGG	G	GGA	G	217
HA|PP755589.1|A/cattle/Texas/24-008749-003/2024(H5N1)	675	G	A	0	0	0	1491	766	53	1	1491	0	TRUE	HA:cds-XAJ25415.1	TTG	L	TTA	L	225
HA|PP755589.1|A/cattle/Texas/24-008749-003/2024(H5N1)	696	A	G	941	485	52	575	291	52	0.379288	1516	2.25659e-281	TRUE	HA:cds-XAJ25415.1	AGA	R	AGG	R	232
HA|PP755589.1|A/cattle/Texas/24-008749-003/2024(H5N1)	771	C	T	1497	766	52	24	16	48	0.0157687	1522	8.93646e-11	TRUE	HA:cds-XAJ25415.1	TTC	F	TTT	F	257
HA|PP755589.1|A/cattle/Texas/24-008749-003/2024(H5N1)	1007	G	A	0	0	0	1306	684	51	1	1306	0	TRUE	HA:cds-XAJ25415.1	AGT	S	AAT	N	336
HA|PP755589.1|A/cattle/Texas/24-008749-003/2024(H5N1)	1052	T	A	1284	718	51	20	7	48	0.0153374	1304	6.30386e-09	TRUE	HA:cds-XAJ25415.1	ATA	I	AAA	K	351
HA|PP755589.1|A/cattle/Texas/24-008749-003/2024(H5N1)	1138	G	T	2997	1097	52	70	29	52	0.0228162	3068	8.03631e-30	TRUE	HA:cds-XAJ25415.1	GCT	A	TCT	S	380
HA|PP755589.1|A/cattle/Texas/24-008749-003/2024(H5N1)	1173	T	C	1406	503	51	2578	879	51	0.646926	3985	0	TRUE	HA:cds-XAJ25415.1	GAT	D	GAC	D	391
HA|PP755589.1|A/cattle/Texas/24-008749-003/2024(H5N1)	1560	A	G	4312	2747	57	248	151	56	0.054386	4560	3.77235e-111	TRUE	HA:cds-XAJ25415.1	GGA	G	GGG	G	520
HA|PP755589.1|A/cattle/Texas/24-008749-003/2024(H5N1)	1624	C	A	3773	2528	55	67	52	48	0.0174479	3840	1.87959e-29	TRUE	HA:cds-XAJ25415.1	CTA	L	ATA	I	542
