REGION	POS	REF	ALT	REF_DP	REF_RV	REF_QUAL	ALT_DP	ALT_RV	ALT_QUAL	ALT_FREQ	TOTAL_DP	PVAL	PASS	GFF_FEATURE	REF_CODON	REF_AA	ALT_CODON	ALT_AA	POS_AA
MP|PP755590.1|A/cattle/Texas/24-008749-003/2024(H5N1)	245	G	A	3	2	34	52979	25334	33	0.99983	52988	0	TRUE	M1:cds-XAJ25416.1	AGT	S	AAT	N	82
MP|PP755590.1|A/cattle/Texas/24-008749-003/2024(H5N1)	577	G	A	55287	25544	33	603	278	33	0.0107885	55893	8.34106e-120	TRUE	M1:cds-XAJ25416.1	GCT	A	ACT	T	193
MP|PP755590.1|A/cattle/Texas/24-008749-003/2024(H5N1)	841	T	C	52691	29440	33	1126	666	33	0.0209216	53820	7.05004e-266	TRUE	M2:cds-XAJ25417.1	GTT	V	GTC	V	43
MP|PP755590.1|A/cattle/Texas/24-008749-003/2024(H5N1)	842	T	C	51022	27747	32	1090	642	33	0.0209125	52122	4.91885e-263	TRUE	M2:cds-XAJ25417.1	TAT	Y	CAT	H	43
MP|PP755590.1|A/cattle/Texas/24-008749-003/2024(H5N1)	877	T	C	43422	26156	33	698	425	32	0.0158191	44124	1.27573e-155	TRUE	M2:cds-XAJ25417.1	CCT	P	CCC	P	55
MP|PP755590.1|A/cattle/Texas/24-008749-003/2024(H5N1)	880	T	C	43262	26067	33	674	417	32	0.0153387	43941	6.97674e-149	TRUE	M2:cds-XAJ25417.1	TCT	S	TCC	S	56
