REGION	POS	REF	ALT	REF_DP	REF_RV	REF_QUAL	ALT_DP	ALT_RV	ALT_QUAL	ALT_FREQ	TOTAL_DP	PVAL	PASS	GFF_FEATURE	REF_CODON	REF_AA	ALT_CODON	ALT_AA	POS_AA
NS|PP755593.1|A/cattle/Texas/24-008749-003/2024(H5N1)	77	A	G	44024	10714	39	619	146	41	0.0138621	44654	2.81397e-291	TRUE	NS1:cds-XAJ25420.1	GAA	E	GGA	G	26
NS|PP755593.1|A/cattle/Texas/24-008749-003/2024(H5N1)	199	A	G	26	11	34	87623	39967	40	0.999236	87690	0	TRUE	NS1:cds-XAJ25420.1	AGG	R	GGG	G	67
NS|PP755593.1|A/cattle/Texas/24-008749-003/2024(H5N1)	222	T	C	65	29	38	88967	45322	42	0.99927	89032	0	TRUE	NS1:cds-XAJ25420.1	GAT	D	GAC	D	74
