REGION	POS	REF	ALT	REF_DP	REF_RV	REF_QUAL	ALT_DP	ALT_RV	ALT_QUAL	ALT_FREQ	TOTAL_DP	PVAL	PASS	GFF_FEATURE	REF_CODON	REF_AA	ALT_CODON	ALT_AA	POS_AA
NA|PP755591.1|A/cattle/Texas/24-008749-003/2024(H5N1)	257	C	T	3100	1516	33	164	64	33	0.0502451	3264	2.94135e-47	TRUE	NA:cds-XAJ25418.1	GCG	A	GTG	V	86
NA|PP755591.1|A/cattle/Texas/24-008749-003/2024(H5N1)	364	A	G	2	0	30	3494	1755	33	0.999142	3497	0	TRUE	NA:cds-XAJ25418.1	ATC	I	GTC	V	122
NA|PP755591.1|A/cattle/Texas/24-008749-003/2024(H5N1)	571	T	C	1	1	26	3187	1500	33	0.999686	3188	0	TRUE	NA:cds-XAJ25418.1	TTG	L	CTG	L	191
NA|PP755591.1|A/cattle/Texas/24-008749-003/2024(H5N1)	888	G	A	3693	1666	33	46	19	31	0.0122929	3742	1.41502e-11	TRUE	NA:cds-XAJ25418.1	TGG	W	TGA	*	296
NA|PP755591.1|A/cattle/Texas/24-008749-003/2024(H5N1)	1137	G	T	5951	3146	33	90	43	33	0.0148883	6045	3.80976e-21	TRUE	NA:cds-XAJ25418.1	GGG	G	GGT	G	379
NA|PP755591.1|A/cattle/Texas/24-008749-003/2024(H5N1)	1185	A	G	2	0	34	4826	2779	33	0.999586	4828	0	TRUE	NA:cds-XAJ25418.1	GAA	E	GAG	E	395
NA|PP755591.1|A/cattle/Texas/24-008749-003/2024(H5N1)	1233	A	G	4826	3013	33	158	85	33	0.0317014	4984	4.09082e-43	TRUE	NA:cds-XAJ25418.1	GAA	E	GAG	E	411
NA|PP755591.1|A/cattle/Texas/24-008749-003/2024(H5N1)	1289	G	C	3010	1475	32	76	76	27	0.0246114	3088	2.71671e-07	TRUE	NA:cds-XAJ25418.1	AGG	R	ACG	T	430
NA|PP755591.1|A/cattle/Texas/24-008749-003/2024(H5N1)	1390	C	T	1697	1444	33	25	25	33	0.014518	1722	2.90568e-07	TRUE	NA:cds-XAJ25418.1	CCA	P	TCA	S	464
