REGION	POS	REF	ALT	REF_DP	REF_RV	REF_QUAL	ALT_DP	ALT_RV	ALT_QUAL	ALT_FREQ	TOTAL_DP	PVAL	PASS	GFF_FEATURE	REF_CODON	REF_AA	ALT_CODON	ALT_AA	POS_AA
NA|PP755591.1|A/cattle/Texas/24-008749-003/2024(H5N1)	21	A	G	42	8	39	1	0	34	0.0232558	43	0.225131	FALSE	NA:cds-XAJ25418.1	ATA	I	ATG	M	7
NA|PP755591.1|A/cattle/Texas/24-008749-003/2024(H5N1)	238	G	A	325	158	46	11	6	40	0.0327381	336	5.91574e-05	TRUE	NA:cds-XAJ25418.1	GTT	V	ATT	I	80
NA|PP755591.1|A/cattle/Texas/24-008749-003/2024(H5N1)	480	T	C	0	0	0	334	154	41	1	334	3.04343e-230	TRUE	NA:cds-XAJ25418.1	AGT	S	AGC	S	160
NA|PP755591.1|A/cattle/Texas/24-008749-003/2024(H5N1)	571	T	C	0	0	0	327	155	43	1	327	3.05514e-225	TRUE	NA:cds-XAJ25418.1	TTG	L	CTG	L	191
NA|PP755591.1|A/cattle/Texas/24-008749-003/2024(H5N1)	614	T	C	339	178	43	4	4	32	0.0116618	343	0.0306006	FALSE	NA:cds-XAJ25418.1	GTA	V	GCA	A	205
NA|PP755591.1|A/cattle/Texas/24-008749-003/2024(H5N1)	801	T	C	305	175	40	30	12	37	0.0895522	335	1.98664e-11	TRUE	NA:cds-XAJ25418.1	GTT	V	GTC	V	267
NA|PP755591.1|A/cattle/Texas/24-008749-003/2024(H5N1)	995	C	A	510	220	43	18	9	44	0.0340909	528	1.59141e-07	TRUE	NA:cds-XAJ25418.1	ACA	T	AAA	K	332
NA|PP755591.1|A/cattle/Texas/24-008749-003/2024(H5N1)	1018	T	C	542	224	41	6	3	45	0.0109489	548	0.00600505	TRUE	NA:cds-XAJ25418.1	TCT	S	CCT	P	340
NA|PP755591.1|A/cattle/Texas/24-008749-003/2024(H5N1)	1152	C	T	1	0	34	571	295	44	0.998252	572	0	TRUE	NA:cds-XAJ25418.1	GAC	D	GAT	D	384
NA|PP755591.1|A/cattle/Texas/24-008749-003/2024(H5N1)	1173	A	G	534	299	41	26	18	37	0.0464286	560	6.44502e-10	TRUE	NA:cds-XAJ25418.1	CAA	Q	CAG	Q	391
NA|PP755591.1|A/cattle/Texas/24-008749-003/2024(H5N1)	1185	A	G	0	0	0	531	300	40	1	531	0	TRUE	NA:cds-XAJ25418.1	GAA	E	GAG	E	395
