REGION	POS	REF	ALT	REF_DP	REF_RV	REF_QUAL	ALT_DP	ALT_RV	ALT_QUAL	ALT_FREQ	TOTAL_DP	PVAL	PASS	GFF_FEATURE	REF_CODON	REF_AA	ALT_CODON	ALT_AA	POS_AA
MP|PP755590.1|A/cattle/Texas/24-008749-003/2024(H5N1)	93	C	A	4	0	24	22865	6213	49	0.999738	22871	0	TRUE	M1:cds-XAJ25416.1	GTC	V	GTA	V	31
MP|PP755590.1|A/cattle/Texas/24-008749-003/2024(H5N1)	163	C	A	32108	16179	44	661	0	26	0.0201684	32774	3.88073e-33	TRUE	M1:cds-XAJ25416.1	CTG	L	ATG	M	55
MP|PP755590.1|A/cattle/Texas/24-008749-003/2024(H5N1)	249	C	T	17	9	46	39708	17751	50	0.999421	39731	0	TRUE	M1:cds-XAJ25416.1	GCC	A	GCT	A	83
MP|PP755590.1|A/cattle/Texas/24-008749-003/2024(H5N1)	254	G	A	13	5	50	39007	18740	50	0.999513	39026	0	TRUE	M1:cds-XAJ25416.1	AGT	S	AAT	N	85
MP|PP755590.1|A/cattle/Texas/24-008749-003/2024(H5N1)	260	C	A	2	0	32	39706	19641	50	0.999648	39720	0	TRUE	M1:cds-XAJ25416.1	ACT	T	AAT	N	87
MP|PP755590.1|A/cattle/Texas/24-008749-003/2024(H5N1)	285	A	G	13	5	51	39827	19145	48	0.999624	39842	0	TRUE	M1:cds-XAJ25416.1	AGA	R	AGG	R	95
MP|PP755590.1|A/cattle/Texas/24-008749-003/2024(H5N1)	307	C	T	8	5	53	39807	21286	49	0.999598	39823	0	TRUE	M1:cds-XAJ25416.1	CTG	L	TTG	L	103
MP|PP755590.1|A/cattle/Texas/24-008749-003/2024(H5N1)	406	G	T	34093	13626	43	442	438	26	0.012796	34542	8.84867e-05	TRUE	M1:cds-XAJ25416.1	GGG	G	TGG	W	136
MP|PP755590.1|A/cattle/Texas/24-008749-003/2024(H5N1)	456	A	G	10	3	40	37538	16372	49	0.99968	37550	0	TRUE	M1:cds-XAJ25416.1	GAA	E	GAG	E	152
MP|PP755590.1|A/cattle/Texas/24-008749-003/2024(H5N1)	516	G	A	5	2	35	38494	19861	50	0.999766	38503	0	TRUE	M1:cds-XAJ25416.1	CTG	L	CTA	L	172
MP|PP755590.1|A/cattle/Texas/24-008749-003/2024(H5N1)	540	T	G	3	0	36	40008	22318	49	0.99945	40030	0	TRUE	M1:cds-XAJ25416.1	GTT	V	GTG	V	180
MP|PP755590.1|A/cattle/Texas/24-008749-003/2024(H5N1)	679	A	G	13	7	57	41831	15465	49	0.99957	41849	0	TRUE	M1:cds-XAJ25416.1	ACC	T	GCC	A	227
MP|PP755590.1|A/cattle/Texas/24-008749-003/2024(H5N1)	699	C	A	31712	16725	40	340	2	25	0.0106025	32068	0.207251	FALSE	M1:cds-XAJ25416.1	CTC	L	CTA	L	233
MP|PP755590.1|A/cattle/Texas/24-008749-003/2024(H5N1)	766	C	A	38150	21335	45	437	0	27	0.0113207	38602	0.0268399	FALSE	M2:cds-XAJ25417.1	CTC	L	CTA	L	18
MP|PP755590.1|A/cattle/Texas/24-008749-003/2024(H5N1)	950	A	G	4	4	43	14882	12779	49	0.999664	14887	0	TRUE	M2:cds-XAJ25417.1	AAT	N	GAT	D	79
