REGION	POS	REF	ALT	REF_DP	REF_RV	REF_QUAL	ALT_DP	ALT_RV	ALT_QUAL	ALT_FREQ	TOTAL_DP	PVAL	PASS	GFF_FEATURE	REF_CODON	REF_AA	ALT_CODON	ALT_AA	POS_AA
NP|PP755592.1|A/cattle/Texas/24-008749-003/2024(H5N1)	12	A	G	675	75	35	7	0	34	0.0102639	682	6.96503e-05	TRUE	NP:cds-XAJ25419.1	CAA	Q	CAG	Q	4
NP|PP755592.1|A/cattle/Texas/24-008749-003/2024(H5N1)	294	G	A	1	1	68	7896	3593	36	0.999873	7897	0	TRUE	NP:cds-XAJ25419.1	AGG	R	AGA	R	98
NP|PP755592.1|A/cattle/Texas/24-008749-003/2024(H5N1)	355	A	G	1	0	34	8733	4775	36	0.999657	8736	0	TRUE	NP:cds-XAJ25419.1	ATT	I	GTT	V	119
NP|PP755592.1|A/cattle/Texas/24-008749-003/2024(H5N1)	498	G	A	4	0	32	9385	4102	35	0.999574	9389	0	TRUE	NP:cds-XAJ25419.1	CTG	L	CTA	L	166
NP|PP755592.1|A/cattle/Texas/24-008749-003/2024(H5N1)	642	A	G	0	0	0	8633	4247	36	1	8633	0	TRUE	NP:cds-XAJ25419.1	AGA	R	AGG	R	214
NP|PP755592.1|A/cattle/Texas/24-008749-003/2024(H5N1)	870	C	T	2	1	34	9658	4533	36	0.999793	9660	0	TRUE	NP:cds-XAJ25419.1	GAC	D	GAT	D	290
NP|PP755592.1|A/cattle/Texas/24-008749-003/2024(H5N1)	1014	T	C	0	0	0	9256	4978	37	1	9256	0	TRUE	NP:cds-XAJ25419.1	TTT	F	TTC	F	338
NP|PP755592.1|A/cattle/Texas/24-008749-003/2024(H5N1)	1092	G	A	7	6	32	9872	4875	37	0.999291	9879	0	TRUE	NP:cds-XAJ25419.1	CAG	Q	CAA	Q	364
NP|PP755592.1|A/cattle/Texas/24-008749-003/2024(H5N1)	1125	T	C	10388	5659	38	148	73	38	0.0140471	10536	1.38365e-35	TRUE	NP:cds-XAJ25419.1	GAT	D	GAC	D	375
NP|PP755592.1|A/cattle/Texas/24-008749-003/2024(H5N1)	1359	T	A	1	1	34	7655	5796	40	0.999608	7658	0	TRUE	NP:cds-XAJ25419.1	CCT	P	CCA	P	453
