REGION	POS	REF	ALT	REF_DP	REF_RV	REF_QUAL	ALT_DP	ALT_RV	ALT_QUAL	ALT_FREQ	TOTAL_DP	PVAL	PASS	GFF_FEATURE	REF_CODON	REF_AA	ALT_CODON	ALT_AA	POS_AA
NA|PP755591.1|A/cattle/Texas/24-008749-003/2024(H5N1)	199	A	G	0	0	0	1304	452	59	1	1304	0	TRUE	NA:cds-XAJ25418.1	ATC	I	GTC	V	67
NA|PP755591.1|A/cattle/Texas/24-008749-003/2024(H5N1)	212	G	A	2	1	58	1350	531	62	0.998521	1352	0	TRUE	NA:cds-XAJ25418.1	AGT	S	AAT	N	71
NA|PP755591.1|A/cattle/Texas/24-008749-003/2024(H5N1)	487	G	A	0	0	0	1387	650	57	1	1387	0	TRUE	NA:cds-XAJ25418.1	GTG	V	ATG	M	163
NA|PP755591.1|A/cattle/Texas/24-008749-003/2024(H5N1)	699	C	T	1411	733	57	15	8	52	0.0105189	1426	6.19431e-07	TRUE	NA:cds-XAJ25418.1	TGC	C	TGT	C	233
NA|PP755591.1|A/cattle/Texas/24-008749-003/2024(H5N1)	711	C	T	0	0	0	1396	787	59	1	1396	0	TRUE	NA:cds-XAJ25418.1	TCC	S	TCT	S	237
