REGION	POS	REF	ALT	REF_DP	REF_RV	REF_QUAL	ALT_DP	ALT_RV	ALT_QUAL	ALT_FREQ	TOTAL_DP	PVAL	PASS	GFF_FEATURE	REF_CODON	REF_AA	ALT_CODON	ALT_AA	POS_AA
NA|PP755591.1|A/cattle/Texas/24-008749-003/2024(H5N1)	571	T	C	2	2	34	7951	3628	36	0.999623	7954	0	TRUE	NA:cds-XAJ25418.1	TTG	L	CTG	L	191
NA|PP755591.1|A/cattle/Texas/24-008749-003/2024(H5N1)	1185	A	G	0	0	0	7264	4329	37	0.999862	7265	0	TRUE	NA:cds-XAJ25418.1	GAA	E	GAG	E	395
NA|PP755591.1|A/cattle/Texas/24-008749-003/2024(H5N1)	1289	G	C	4390	3122	38	59	59	27	0.0132614	4449	0.0527075	FALSE	NA:cds-XAJ25418.1	AGG	R	ACG	T	430
NA|PP755591.1|A/cattle/Texas/24-008749-003/2024(H5N1)	1307	T	C	6475	5791	40	726	661	39	0.100791	7203	2.25779e-247	TRUE	NA:cds-XAJ25418.1	ATT	I	ACT	T	436
NA|PP755591.1|A/cattle/Texas/24-008749-003/2024(H5N1)	1314	T	C	6399	5732	40	728	648	40	0.102147	7127	4.27308e-264	TRUE	NA:cds-XAJ25418.1	ACT	T	ACC	T	438
NA|PP755591.1|A/cattle/Texas/24-008749-003/2024(H5N1)	1335	T	C	5823	5333	39	571	520	39	0.0893025	6394	2.30808e-186	TRUE	NA:cds-XAJ25418.1	TTT	F	TTC	F	445
NA|PP755591.1|A/cattle/Texas/24-008749-003/2024(H5N1)	1345	A	G	3208	2848	40	2678	2495	37	0.454901	5887	0	TRUE	NA:cds-XAJ25418.1	AAT	N	GAT	D	449
