REGION	POS	REF	ALT	REF_DP	REF_RV	REF_QUAL	ALT_DP	ALT_RV	ALT_QUAL	ALT_FREQ	TOTAL_DP	PVAL	PASS	GFF_FEATURE	REF_CODON	REF_AA	ALT_CODON	ALT_AA	POS_AA
NS|PP755593.1|A/cattle/Texas/24-008749-003/2024(H5N1)	199	A	G	31	18	35	20065	8772	36	0.998259	20100	0	TRUE	NS1:cds-XAJ25420.1	AGG	R	GGG	G	67
NS|PP755593.1|A/cattle/Texas/24-008749-003/2024(H5N1)	222	T	C	39	24	39	21162	10670	38	0.998113	21202	0	TRUE	NS1:cds-XAJ25420.1	GAT	D	GAC	D	74
NS|PP755593.1|A/cattle/Texas/24-008749-003/2024(H5N1)	306	G	C	22349	11798	37	1606	683	36	0.0670312	23959	0	TRUE	NS1:cds-XAJ25420.1	TGG	W	TGC	C	102
NS|PP755593.1|A/cattle/Texas/24-008749-003/2024(H5N1)	513	T	A	21742	11525	37	2375	1158	36	0.0984211	24131	0	TRUE	NEP:cds-XAJ25421.1	ATG	M	AAG	K	4
NS|PP755593.1|A/cattle/Texas/24-008749-003/2024(H5N1)	513	T	A	21742	11525	37	2375	1158	36	0.0984211	24131	0	TRUE	NS1:cds-XAJ25420.1	GAT	D	GAA	E	171
