REGION	POS	REF	ALT	REF_DP	REF_RV	REF_QUAL	ALT_DP	ALT_RV	ALT_QUAL	ALT_FREQ	TOTAL_DP	PVAL	PASS	GFF_FEATURE	REF_CODON	REF_AA	ALT_CODON	ALT_AA	POS_AA
PB1|PP755595.1|A/cattle/Texas/24-008749-003/2024(H5N1)	8	T	C	23	4	34	2	1	34	0.08	25	0.0109111	FALSE	PB1:cds-XAJ25424.1	GTC	V	GCC	A	3
PB1|PP755595.1|A/cattle/Texas/24-008749-003/2024(H5N1)	18	C	A	72	9	33	1	0	20	0.0136986	73	0.52766	FALSE	PB1:cds-XAJ25424.1	ACC	T	ACA	T	6
PB1|PP755595.1|A/cattle/Texas/24-008749-003/2024(H5N1)	27	C	A	80	11	33	1	0	34	0.0123457	81	0.232759	FALSE	PB1:cds-XAJ25424.1	TTC	F	TTA	L	9
PB1|PP755595.1|A/cattle/Texas/24-008749-003/2024(H5N1)	37	C	A	82	13	34	1	0	20	0.0120482	83	0.554877	FALSE	PB1:cds-XAJ25424.1	CCA	P	ACA	T	13
PB1|PP755595.1|A/cattle/Texas/24-008749-003/2024(H5N1)	38	C	A	81	13	33	1	0	34	0.0121951	82	0.233618	FALSE	PB1:cds-XAJ25424.1	CCA	P	CAA	Q	13
PB1|PP755595.1|A/cattle/Texas/24-008749-003/2024(H5N1)	70	T	C	183	34	33	2	0	34	0.0108108	185	0.113145	FALSE	PB1:cds-XAJ25424.1	TAT	Y	CAT	H	24
PB1|PP755595.1|A/cattle/Texas/24-008749-003/2024(H5N1)	804	A	G	277	120	33	338	175	33	0.549593	615	1.68999e-136	TRUE	PB1:cds-XAJ25424.1	CAA	Q	CAG	Q	268
PB1|PP755595.1|A/cattle/Texas/24-008749-003/2024(H5N1)	945	T	C	0	0	0	651	375	33	1	651	0	TRUE	PB1:cds-XAJ25424.1	CCT	P	CCC	P	315
