REGION	POS	REF	ALT	REF_DP	REF_RV	REF_QUAL	ALT_DP	ALT_RV	ALT_QUAL	ALT_FREQ	TOTAL_DP	PVAL	PASS	GFF_FEATURE	REF_CODON	REF_AA	ALT_CODON	ALT_AA	POS_AA
NA|PP755591.1|A/cattle/Texas/24-008749-003/2024(H5N1)	55	A	G	2	0	34	1289	105	35	0.998451	1291	0	TRUE	NA:cds-XAJ25418.1	ATA	I	GTA	V	19
NA|PP755591.1|A/cattle/Texas/24-008749-003/2024(H5N1)	214	A	G	69	20	36	3401	1428	37	0.980115	3470	0	TRUE	NA:cds-XAJ25418.1	ACC	T	GCC	A	72
NA|PP755591.1|A/cattle/Texas/24-008749-003/2024(H5N1)	258	G	A	3589	1653	37	56	20	36	0.0153635	3645	1.14478e-14	TRUE	NA:cds-XAJ25418.1	GCG	A	GCA	A	86
NA|PP755591.1|A/cattle/Texas/24-008749-003/2024(H5N1)	332	A	G	3	0	34	3862	1709	37	0.999224	3865	0	TRUE	NA:cds-XAJ25418.1	AAG	K	AGG	R	111
NA|PP755591.1|A/cattle/Texas/24-008749-003/2024(H5N1)	571	T	C	0	0	0	4146	1841	36	1	4146	0	TRUE	NA:cds-XAJ25418.1	TTG	L	CTG	L	191
NA|PP755591.1|A/cattle/Texas/24-008749-003/2024(H5N1)	810	T	C	1	1	34	4160	2742	36	0.99976	4161	0	TRUE	NA:cds-XAJ25418.1	AAT	N	AAC	N	270
NA|PP755591.1|A/cattle/Texas/24-008749-003/2024(H5N1)	1185	A	G	0	0	0	3676	2393	36	1	3676	0	TRUE	NA:cds-XAJ25418.1	GAA	E	GAG	E	395
NA|PP755591.1|A/cattle/Texas/24-008749-003/2024(H5N1)	1289	G	C	2028	1424	38	27	27	27	0.0131259	2057	0.160254	FALSE	NA:cds-XAJ25418.1	AGG	R	ACG	T	430
