REGION	POS	REF	ALT	REF_DP	REF_RV	REF_QUAL	ALT_DP	ALT_RV	ALT_QUAL	ALT_FREQ	TOTAL_DP	PVAL	PASS	GFF_FEATURE	REF_CODON	REF_AA	ALT_CODON	ALT_AA	POS_AA
MP|PP755590.1|A/cattle/Texas/24-008749-003/2024(H5N1)	93	C	T	25486	4244	38	380	68	38	0.0146911	25866	4.63517e-119	TRUE	M1:cds-XAJ25416.1	GTC	V	GTT	V	31
MP|PP755590.1|A/cattle/Texas/24-008749-003/2024(H5N1)	171	G	A	44310	14551	39	1702	456	37	0.0369879	46015	0	TRUE	M1:cds-XAJ25416.1	AAG	K	AAA	K	57
MP|PP755590.1|A/cattle/Texas/24-008749-003/2024(H5N1)	245	G	A	4	2	51	49665	20645	38	0.999839	49673	0	TRUE	M1:cds-XAJ25416.1	AGT	S	AAT	N	82
MP|PP755590.1|A/cattle/Texas/24-008749-003/2024(H5N1)	288	A	G	51100	24162	37	582	317	36	0.0112592	51691	1.3606e-128	TRUE	M1:cds-XAJ25416.1	GCA	A	GCG	A	96
MP|PP755590.1|A/cattle/Texas/24-008749-003/2024(H5N1)	465	T	C	49901	23676	37	1540	664	37	0.0299331	51448	0	TRUE	M1:cds-XAJ25416.1	GCT	A	GCC	A	155
MP|PP755590.1|A/cattle/Texas/24-008749-003/2024(H5N1)	871	A	G	47792	43085	39	548	508	37	0.0113338	48351	8.71318e-124	TRUE	M2:cds-XAJ25417.1	GGA	G	GGG	G	53
