REGION	POS	REF	ALT	REF_DP	REF_RV	REF_QUAL	ALT_DP	ALT_RV	ALT_QUAL	ALT_FREQ	TOTAL_DP	PVAL	PASS	GFF_FEATURE	REF_CODON	REF_AA	ALT_CODON	ALT_AA	POS_AA
PB1|PP755595.1|A/cattle/Texas/24-008749-003/2024(H5N1)	377	G	A	33	15	35	1	1	34	0.0294118	34	0.492754	FALSE	PB1:cds-XAJ25424.1	CGT	R	CAT	H	126
PB1|PP755595.1|A/cattle/Texas/24-008749-003/2024(H5N1)	537	A	G	25	13	33	3	2	34	0.107143	28	0.111962	FALSE	PB1:cds-XAJ25424.1	ATA	I	ATG	M	179
PB1|PP755595.1|A/cattle/Texas/24-008749-003/2024(H5N1)	591	G	A	25	14	35	1	0	34	0.0384615	26	0.490566	FALSE	PB1:cds-XAJ25424.1	AAG	K	AAA	K	197
PB1|PP755595.1|A/cattle/Texas/24-008749-003/2024(H5N1)	615	A	G	22	12	36	1	1	27	0.0434783	23	0.469388	FALSE	PB1:cds-XAJ25424.1	ATA	I	ATG	M	205
PB1|PP755595.1|A/cattle/Texas/24-008749-003/2024(H5N1)	864	G	A	10	6	37	1	1	34	0.0909091	11	0.5	FALSE	PB1:cds-XAJ25424.1	AAG	K	AAA	K	288
PB1|PP755595.1|A/cattle/Texas/24-008749-003/2024(H5N1)	1053	A	G	7	3	34	1	0	34	0.125	8	0.5	FALSE	PB1:cds-XAJ25424.1	CTA	L	CTG	L	351
PB1|PP755595.1|A/cattle/Texas/24-008749-003/2024(H5N1)	1235	T	C	11	1	34	1	0	34	0.0833333	12	0.521739	FALSE	PB1:cds-XAJ25424.1	TTC	F	TCC	S	412
PB1|PP755595.1|A/cattle/Texas/24-008749-003/2024(H5N1)	1287	G	A	18	2	35	1	0	34	0.0526316	19	0.487179	FALSE	PB1:cds-XAJ25424.1	AAG	K	AAA	K	429
PB1|PP755595.1|A/cattle/Texas/24-008749-003/2024(H5N1)	1387	G	A	231	18	36	3	0	29	0.0128205	234	0.461463	FALSE	PB1:cds-XAJ25424.1	GTA	V	ATA	I	463
PB1|PP755595.1|A/cattle/Texas/24-008749-003/2024(H5N1)	1485	T	C	529	70	40	7	1	37	0.0130597	536	0.00402328	TRUE	PB1:cds-XAJ25424.1	TTT	F	TTC	F	495
PB1|PP755595.1|A/cattle/Texas/24-008749-003/2024(H5N1)	1560	T	C	553	230	39	6	6	45	0.0107335	559	0.00876802	TRUE	PB1:cds-XAJ25424.1	TCT	S	TCC	S	520
PB1|PP755595.1|A/cattle/Texas/24-008749-003/2024(H5N1)	1849	G	A	703	409	38	19	10	38	0.0263158	722	4.64598e-07	TRUE	PB1:cds-XAJ25424.1	GAC	D	AAC	N	617
PB1|PP755595.1|A/cattle/Texas/24-008749-003/2024(H5N1)	2156	T	C	554	450	39	9	7	41	0.0159858	563	0.000809106	TRUE	PB1:cds-XAJ25424.1	GTT	V	GCT	A	719
