REGION	POS	REF	ALT	REF_DP	REF_RV	REF_QUAL	ALT_DP	ALT_RV	ALT_QUAL	ALT_FREQ	TOTAL_DP	PVAL	PASS	GFF_FEATURE	REF_CODON	REF_AA	ALT_CODON	ALT_AA	POS_AA
HA|PP755589.1|A/cattle/Texas/24-008749-003/2024(H5N1)	102	G	A	0	0	0	754	94	41	1	754	0	TRUE	HA:cds-XAJ25415.1	ACG	T	ACA	T	34
HA|PP755589.1|A/cattle/Texas/24-008749-003/2024(H5N1)	153	A	G	1	0	22	1085	287	41	0.999079	1086	0	TRUE	HA:cds-XAJ25415.1	AAA	K	AAG	K	51
HA|PP755589.1|A/cattle/Texas/24-008749-003/2024(H5N1)	252	C	T	1206	635	39	18	10	37	0.0147059	1224	1.75087e-05	TRUE	HA:cds-XAJ25415.1	GAC	D	GAT	D	84
HA|PP755589.1|A/cattle/Texas/24-008749-003/2024(H5N1)	298	A	G	1277	634	38	16	6	37	0.0123743	1293	6.57733e-05	TRUE	HA:cds-XAJ25415.1	AAC	N	GAC	D	100
HA|PP755589.1|A/cattle/Texas/24-008749-003/2024(H5N1)	300	C	T	0	0	0	1234	586	39	1	1234	0	TRUE	HA:cds-XAJ25415.1	AAC	N	AAT	N	100
HA|PP755589.1|A/cattle/Texas/24-008749-003/2024(H5N1)	311	A	G	0	0	0	1235	615	39	0.999191	1236	0	TRUE	HA:cds-XAJ25415.1	GAC	D	GGC	G	104
HA|PP755589.1|A/cattle/Texas/24-008749-003/2024(H5N1)	439	G	A	3	2	37	1218	731	39	0.997543	1221	0	TRUE	HA:cds-XAJ25415.1	GTG	V	ATG	M	147
HA|PP755589.1|A/cattle/Texas/24-008749-003/2024(H5N1)	605	A	T	1065	406	38	12	6	43	0.0111214	1079	0.000109256	TRUE	HA:cds-XAJ25415.1	GAG	E	GTG	V	202
HA|PP755589.1|A/cattle/Texas/24-008749-003/2024(H5N1)	651	G	A	1	1	74	1071	433	38	0.999067	1072	0	TRUE	HA:cds-XAJ25415.1	GGG	G	GGA	G	217
HA|PP755589.1|A/cattle/Texas/24-008749-003/2024(H5N1)	675	G	A	4	4	37	1051	429	36	0.996209	1055	0	TRUE	HA:cds-XAJ25415.1	TTG	L	TTA	L	225
HA|PP755589.1|A/cattle/Texas/24-008749-003/2024(H5N1)	774	G	A	2	1	31	931	481	37	0.997856	933	0	TRUE	HA:cds-XAJ25415.1	GAG	E	GAA	E	258
HA|PP755589.1|A/cattle/Texas/24-008749-003/2024(H5N1)	1007	G	A	0	0	0	856	472	38	0.998833	857	0	TRUE	HA:cds-XAJ25415.1	AGT	S	AAT	N	336
HA|PP755589.1|A/cattle/Texas/24-008749-003/2024(H5N1)	1052	T	A	952	605	39	11	1	34	0.0114108	964	0.0011471	TRUE	HA:cds-XAJ25415.1	ATA	I	AAA	K	351
HA|PP755589.1|A/cattle/Texas/24-008749-003/2024(H5N1)	1459	C	T	2596	1389	39	32	22	41	0.0121766	2628	5.41941e-11	TRUE	HA:cds-XAJ25415.1	CAC	H	TAC	Y	487
HA|PP755589.1|A/cattle/Texas/24-008749-003/2024(H5N1)	1590	G	A	1	1	37	1997	1648	40	0.999499	1998	0	TRUE	HA:cds-XAJ25415.1	CAG	Q	CAA	Q	530
HA|PP755589.1|A/cattle/Texas/24-008749-003/2024(H5N1)	1608	A	T	0	0	0	2398	2160	42	0.998751	2401	0	TRUE	HA:cds-XAJ25415.1	TCA	S	TCT	S	536
