REGION	POS	REF	ALT	REF_DP	REF_RV	REF_QUAL	ALT_DP	ALT_RV	ALT_QUAL	ALT_FREQ	TOTAL_DP	PVAL	PASS	GFF_FEATURE	REF_CODON	REF_AA	ALT_CODON	ALT_AA	POS_AA
PB2|PP755596.1|A/cattle/Texas/24-008749-003/2024(H5N1)	77	A	G	171	52	46	2	0	34	0.0115607	173	0.0772843	FALSE	PB2:cds-XAJ25426.1	GAC	D	GGC	G	26
PB2|PP755596.1|A/cattle/Texas/24-008749-003/2024(H5N1)	79	C	T	171	52	46	2	2	51	0.0115607	173	0.0758111	FALSE	PB2:cds-XAJ25426.1	CAC	H	TAC	Y	27
PB2|PP755596.1|A/cattle/Texas/24-008749-003/2024(H5N1)	172	G	A	0	0	0	324	123	52	1	324	2.17315e-275	TRUE	PB2:cds-XAJ25426.1	GCA	A	ACA	T	58
PB2|PP755596.1|A/cattle/Texas/24-008749-003/2024(H5N1)	240	G	A	0	0	0	392	147	52	1	392	0	TRUE	PB2:cds-XAJ25426.1	AAG	K	AAA	K	80
PB2|PP755596.1|A/cattle/Texas/24-008749-003/2024(H5N1)	532	A	G	490	259	54	6	5	60	0.0120968	496	0.00273686	TRUE	PB2:cds-XAJ25426.1	ACG	T	GCG	A	178
PB2|PP755596.1|A/cattle/Texas/24-008749-003/2024(H5N1)	624	A	G	494	253	53	6	1	44	0.012	500	0.00319235	TRUE	PB2:cds-XAJ25426.1	GAA	E	GAG	E	208
PB2|PP755596.1|A/cattle/Texas/24-008749-003/2024(H5N1)	630	G	A	0	0	0	481	241	52	1	481	0	TRUE	PB2:cds-XAJ25426.1	GAG	E	GAA	E	210
PB2|PP755596.1|A/cattle/Texas/24-008749-003/2024(H5N1)	764	C	T	0	0	0	464	212	49	1	464	0	TRUE	PB2:cds-XAJ25426.1	GCA	A	GTA	V	255
PB2|PP755596.1|A/cattle/Texas/24-008749-003/2024(H5N1)	912	G	A	0	0	0	524	242	53	1	524	0	TRUE	PB2:cds-XAJ25426.1	GAG	E	GAA	E	304
PB2|PP755596.1|A/cattle/Texas/24-008749-003/2024(H5N1)	1392	G	A	0	0	0	607	358	49	1	607	0	TRUE	PB2:cds-XAJ25426.1	TTG	L	TTA	L	464
PB2|PP755596.1|A/cattle/Texas/24-008749-003/2024(H5N1)	1404	T	C	592	341	50	10	6	56	0.0166113	602	9.19417e-05	TRUE	PB2:cds-XAJ25426.1	ACT	T	ACC	T	468
PB2|PP755596.1|A/cattle/Texas/24-008749-003/2024(H5N1)	1595	C	T	264	131	54	323	186	52	0.550256	587	8.06428e-170	TRUE	PB2:cds-XAJ25426.1	TCG	S	TTG	L	532
PB2|PP755596.1|A/cattle/Texas/24-008749-003/2024(H5N1)	1716	T	C	0	0	0	567	302	54	1	567	0	TRUE	PB2:cds-XAJ25426.1	TAT	Y	TAC	Y	572
PB2|PP755596.1|A/cattle/Texas/24-008749-003/2024(H5N1)	1768	G	A	0	0	0	567	330	51	1	567	0	TRUE	PB2:cds-XAJ25426.1	GGT	G	AGT	S	590
PB2|PP755596.1|A/cattle/Texas/24-008749-003/2024(H5N1)	1994	T	C	450	248	55	5	2	68	0.010989	455	0.00653319	TRUE	PB2:cds-XAJ25426.1	CTC	L	CCC	P	665
PB2|PP755596.1|A/cattle/Texas/24-008749-003/2024(H5N1)	2009	A	G	0	0	0	435	243	56	1	435	0	TRUE	PB2:cds-XAJ25426.1	AAA	K	AGA	R	670
PB2|PP755596.1|A/cattle/Texas/24-008749-003/2024(H5N1)	2136	G	A	0	0	0	328	206	54	0.99696	329	1.80989e-258	TRUE	PB2:cds-XAJ25426.1	GAG	E	GAA	E	712
