REGION	POS	REF	ALT	REF_DP	REF_RV	REF_QUAL	ALT_DP	ALT_RV	ALT_QUAL	ALT_FREQ	TOTAL_DP	PVAL	PASS	GFF_FEATURE	REF_CODON	REF_AA	ALT_CODON	ALT_AA	POS_AA
PB1|PP755595.1|A/cattle/Texas/24-008749-003/2024(H5N1)	19	T	C	91	8	39	1	0	34	0.0108696	92	0.212471	FALSE	PB1:cds-XAJ25424.1	TTA	L	CTA	L	7
PB1|PP755595.1|A/cattle/Texas/24-008749-003/2024(H5N1)	23	T	C	94	9	38	1	0	37	0.0105263	95	0.216895	FALSE	PB1:cds-XAJ25424.1	CTC	L	CCC	P	8
PB1|PP755595.1|A/cattle/Texas/24-008749-003/2024(H5N1)	774	A	G	141	68	37	2	2	37	0.013986	143	0.237342	FALSE	PB1:cds-XAJ25424.1	TTA	L	TTG	L	258
PB1|PP755595.1|A/cattle/Texas/24-008749-003/2024(H5N1)	893	T	C	144	94	38	2	1	37	0.0136986	146	0.231351	FALSE	PB1:cds-XAJ25424.1	CTC	L	CCC	P	298
PB1|PP755595.1|A/cattle/Texas/24-008749-003/2024(H5N1)	945	T	C	0	0	0	134	83	37	1	134	1.42943e-81	TRUE	PB1:cds-XAJ25424.1	CCT	P	CCC	P	315
PB1|PP755595.1|A/cattle/Texas/24-008749-003/2024(H5N1)	947	G	A	133	81	36	2	1	74	0.0148148	135	0.243617	FALSE	PB1:cds-XAJ25424.1	AGG	R	AAG	K	316
PB1|PP755595.1|A/cattle/Texas/24-008749-003/2024(H5N1)	949	A	G	104	62	38	30	20	36	0.223881	134	9.34867e-11	TRUE	PB1:cds-XAJ25424.1	ATG	M	GTG	V	317
PB1|PP755595.1|A/cattle/Texas/24-008749-003/2024(H5N1)	993	A	G	122	70	37	2	2	37	0.016129	124	0.235479	FALSE	PB1:cds-XAJ25424.1	GAA	E	GAG	E	331
PB1|PP755595.1|A/cattle/Texas/24-008749-003/2024(H5N1)	1129	G	T	157	72	38	2	0	37	0.0125786	159	0.232801	FALSE	PB1:cds-XAJ25424.1	GAT	D	TAT	Y	377
PB1|PP755595.1|A/cattle/Texas/24-008749-003/2024(H5N1)	1222	A	G	172	79	38	2	2	37	0.0114943	174	0.239532	FALSE	PB1:cds-XAJ25424.1	ATG	M	GTG	V	408
PB1|PP755595.1|A/cattle/Texas/24-008749-003/2024(H5N1)	1751	G	A	530	261	39	7	2	37	0.0130354	537	0.00556587	TRUE	PB1:cds-XAJ25424.1	CGC	R	CAC	H	584
PB1|PP755595.1|A/cattle/Texas/24-008749-003/2024(H5N1)	2073	G	-TGCTGCAATCTATT	766	456	40	42	0	20	0.0487805	861	1.32253e-07	TRUE	NA	NA	NA	NA	NA	NA
PB1|PP755595.1|A/cattle/Texas/24-008749-003/2024(H5N1)	2221	G	A	0	0	0	670	637	39	1	670	0	TRUE	PB1:cds-XAJ25424.1	GCT	A	ACT	T	741
