REGION	POS	REF	ALT	REF_DP	REF_RV	REF_QUAL	ALT_DP	ALT_RV	ALT_QUAL	ALT_FREQ	TOTAL_DP	PVAL	PASS	GFF_FEATURE	REF_CODON	REF_AA	ALT_CODON	ALT_AA	POS_AA
NP|PP755592.1|A/cattle/Texas/24-008749-003/2024(H5N1)	355	A	G	0	0	0	4601	2495	38	1	4601	0	TRUE	NP:cds-XAJ25419.1	ATT	I	GTT	V	119
NP|PP755592.1|A/cattle/Texas/24-008749-003/2024(H5N1)	474	A	G	4160	2180	36	776	510	35	0.157149	4938	8.10045e-259	TRUE	NP:cds-XAJ25419.1	GGA	G	GGG	G	158
NP|PP755592.1|A/cattle/Texas/24-008749-003/2024(H5N1)	498	G	A	2	0	34	4636	2070	35	0.999569	4638	0	TRUE	NP:cds-XAJ25419.1	CTG	L	CTA	L	166
NP|PP755592.1|A/cattle/Texas/24-008749-003/2024(H5N1)	528	C	A	4594	1448	37	146	74	34	0.0307887	4742	1.96454e-42	TRUE	NP:cds-XAJ25419.1	TCC	S	TCA	S	176
NP|PP755592.1|A/cattle/Texas/24-008749-003/2024(H5N1)	870	C	T	3	0	31	4525	2181	36	0.999337	4528	0	TRUE	NP:cds-XAJ25419.1	GAC	D	GAT	D	290
NP|PP755592.1|A/cattle/Texas/24-008749-003/2024(H5N1)	954	G	A	4554	2152	38	263	110	38	0.0545983	4817	1.82357e-82	TRUE	NP:cds-XAJ25419.1	CCG	P	CCA	P	318
NP|PP755592.1|A/cattle/Texas/24-008749-003/2024(H5N1)	1014	T	C	2	1	34	4622	2462	37	0.999567	4624	0	TRUE	NP:cds-XAJ25419.1	TTT	F	TTC	F	338
NP|PP755592.1|A/cattle/Texas/24-008749-003/2024(H5N1)	1092	G	A	3	2	34	4866	2269	38	0.999179	4870	0	TRUE	NP:cds-XAJ25419.1	CAG	Q	CAA	Q	364
NP|PP755592.1|A/cattle/Texas/24-008749-003/2024(H5N1)	1182	A	G	4822	2689	38	85	56	37	0.0173187	4908	1.04116e-23	TRUE	NP:cds-XAJ25419.1	GGA	G	GGG	G	394
NP|PP755592.1|A/cattle/Texas/24-008749-003/2024(H5N1)	1283	C	T	4318	2204	38	110	70	34	0.0248307	4430	5.21276e-31	TRUE	NP:cds-XAJ25419.1	GCA	A	GTA	V	428
NP|PP755592.1|A/cattle/Texas/24-008749-003/2024(H5N1)	1314	A	G	2322	1169	38	2192	1339	38	0.485493	4515	0	TRUE	NP:cds-XAJ25419.1	TCA	S	TCG	S	438
