REGION	POS	REF	ALT	REF_DP	REF_RV	REF_QUAL	ALT_DP	ALT_RV	ALT_QUAL	ALT_FREQ	TOTAL_DP	PVAL	PASS	GFF_FEATURE	REF_CODON	REF_AA	ALT_CODON	ALT_AA	POS_AA
PB2|PP755596.1|A/cattle/Texas/24-008749-003/2024(H5N1)	747	A	C	0	0	0	4230	2039	33	0.999055	4234	0	TRUE	PB2:cds-XAJ25426.1	GAA	E	GAC	D	249
PB2|PP755596.1|A/cattle/Texas/24-008749-003/2024(H5N1)	764	C	T	3	1	34	4046	1969	33	0.999259	4049	0	TRUE	PB2:cds-XAJ25426.1	GCA	A	GTA	V	255
PB2|PP755596.1|A/cattle/Texas/24-008749-003/2024(H5N1)	796	A	G	2253	925	33	2539	1311	33	0.529731	4793	0	TRUE	PB2:cds-XAJ25426.1	ATA	I	GTA	V	266
PB2|PP755596.1|A/cattle/Texas/24-008749-003/2024(H5N1)	858	C	T	4705	1693	33	57	20	33	0.0119698	4762	1.26285e-13	TRUE	PB2:cds-XAJ25426.1	AGC	S	AGT	S	286
PB2|PP755596.1|A/cattle/Texas/24-008749-003/2024(H5N1)	912	G	A	4487	1936	33	153	68	33	0.0329741	4640	8.14842e-42	TRUE	PB2:cds-XAJ25426.1	GAG	E	GAA	E	304
PB2|PP755596.1|A/cattle/Texas/24-008749-003/2024(H5N1)	935	A	G	4622	2182	33	180	88	32	0.0374844	4802	3.36659e-50	TRUE	PB2:cds-XAJ25426.1	AAG	K	AGG	R	312
PB2|PP755596.1|A/cattle/Texas/24-008749-003/2024(H5N1)	987	T	C	4576	2237	33	146	70	33	0.0309191	4722	1.55169e-39	TRUE	PB2:cds-XAJ25426.1	ACT	T	ACC	T	329
PB2|PP755596.1|A/cattle/Texas/24-008749-003/2024(H5N1)	1030	G	A	7	4	34	3790	2303	32	0.997631	3799	0	TRUE	PB2:cds-XAJ25426.1	GTG	V	ATG	M	344
PB2|PP755596.1|A/cattle/Texas/24-008749-003/2024(H5N1)	1101	A	G	0	0	0	4714	2257	33	1	4714	0	TRUE	PB2:cds-XAJ25426.1	GGA	G	GGG	G	367
PB2|PP755596.1|A/cattle/Texas/24-008749-003/2024(H5N1)	1620	T	C	4	2	34	4003	2333	33	0.999002	4007	0	TRUE	PB2:cds-XAJ25426.1	AAT	N	AAC	N	540
PB2|PP755596.1|A/cattle/Texas/24-008749-003/2024(H5N1)	1635	G	A	0	0	0	4106	2529	33	0.999513	4108	0	TRUE	PB2:cds-XAJ25426.1	GTG	V	GTA	V	545
PB2|PP755596.1|A/cattle/Texas/24-008749-003/2024(H5N1)	1851	A	G	2281	956	33	2477	1119	33	0.520597	4758	0	TRUE	PB2:cds-XAJ25426.1	AAA	K	AAG	K	617
