REGION	POS	REF	ALT	REF_DP	REF_RV	REF_QUAL	ALT_DP	ALT_RV	ALT_QUAL	ALT_FREQ	TOTAL_DP	PVAL	PASS	GFF_FEATURE	REF_CODON	REF_AA	ALT_CODON	ALT_AA	POS_AA
PB1|PP755595.1|A/cattle/Texas/24-008749-003/2024(H5N1)	13	C	T	86	28	45	1	0	33	0.0114943	87	0.135514	FALSE	PB1:cds-XAJ25424.1	CCG	P	TCG	S	5
PB1|PP755595.1|A/cattle/Texas/24-008749-003/2024(H5N1)	14	C	T	84	28	45	1	0	33	0.0117647	85	0.132605	FALSE	PB1:cds-XAJ25424.1	CCG	P	CTG	L	5
PB1|PP755595.1|A/cattle/Texas/24-008749-003/2024(H5N1)	498	C	T	0	0	0	1083	472	52	0.999077	1084	0	TRUE	PB1:cds-XAJ25424.1	TTC	F	TTT	F	166
PB1|PP755595.1|A/cattle/Texas/24-008749-003/2024(H5N1)	567	A	G	1107	542	55	12	8	56	0.0107239	1119	1.20037e-05	TRUE	PB1:cds-XAJ25424.1	AGA	R	AGG	R	189
PB1|PP755595.1|A/cattle/Texas/24-008749-003/2024(H5N1)	936	C	T	0	0	0	986	531	52	1	986	0	TRUE	PB1:cds-XAJ25424.1	AAC	N	AAT	N	312
PB1|PP755595.1|A/cattle/Texas/24-008749-003/2024(H5N1)	1056	G	T	0	0	0	1070	516	55	0.998134	1072	0	TRUE	PB1:cds-XAJ25424.1	GGG	G	GGT	G	352
PB1|PP755595.1|A/cattle/Texas/24-008749-003/2024(H5N1)	1660	G	A	1475	682	52	16	7	59	0.0107311	1491	4.93878e-07	TRUE	PB1:cds-XAJ25424.1	GAT	D	AAT	N	554
PB1|PP755595.1|A/cattle/Texas/24-008749-003/2024(H5N1)	1676	A	C	1513	670	53	19	5	53	0.0124021	1532	3.47128e-08	TRUE	PB1:cds-XAJ25424.1	TAT	Y	TCT	S	559
PB1|PP755595.1|A/cattle/Texas/24-008749-003/2024(H5N1)	1935	G	A	1579	873	52	26	9	44	0.0161994	1605	3.35614e-11	TRUE	PB1:cds-XAJ25424.1	GTG	V	GTA	V	645
PB1|PP755595.1|A/cattle/Texas/24-008749-003/2024(H5N1)	2010	G	A	1298	639	57	297	141	55	0.186207	1595	1.19856e-133	TRUE	PB1:cds-XAJ25424.1	AGG	R	AGA	R	670
