REGION	POS	REF	ALT	REF_DP	REF_RV	REF_QUAL	ALT_DP	ALT_RV	ALT_QUAL	ALT_FREQ	TOTAL_DP	PVAL	PASS	GFF_FEATURE	REF_CODON	REF_AA	ALT_CODON	ALT_AA	POS_AA
NP|PP755592.1|A/cattle/Texas/24-008749-003/2024(H5N1)	208	G	A	0	0	0	23331	9684	36	0.999786	23336	0	TRUE	NP:cds-XAJ25419.1	GCA	A	ACA	T	70
NP|PP755592.1|A/cattle/Texas/24-008749-003/2024(H5N1)	355	A	G	1	1	34	22764	12245	36	0.99978	22769	0	TRUE	NP:cds-XAJ25419.1	ATT	I	GTT	V	119
NP|PP755592.1|A/cattle/Texas/24-008749-003/2024(H5N1)	498	G	A	6	4	34	24194	11150	35	0.999422	24208	0	TRUE	NP:cds-XAJ25419.1	CTG	L	CTA	L	166
NP|PP755592.1|A/cattle/Texas/24-008749-003/2024(H5N1)	558	T	A	3	2	31	25535	8862	36	0.99953	25547	0	TRUE	NP:cds-XAJ25419.1	GTT	V	GTA	V	186
NP|PP755592.1|A/cattle/Texas/24-008749-003/2024(H5N1)	870	C	T	2	2	36	24647	11397	35	0.999757	24653	0	TRUE	NP:cds-XAJ25419.1	GAC	D	GAT	D	290
NP|PP755592.1|A/cattle/Texas/24-008749-003/2024(H5N1)	1014	T	C	3	2	34	25766	13716	36	0.999728	25773	0	TRUE	NP:cds-XAJ25419.1	TTT	F	TTC	F	338
NP|PP755592.1|A/cattle/Texas/24-008749-003/2024(H5N1)	1049	C	A	26836	14214	36	574	344	34	0.0209359	27417	1.46463e-146	TRUE	NP:cds-XAJ25419.1	ACA	T	AAA	K	350
NP|PP755592.1|A/cattle/Texas/24-008749-003/2024(H5N1)	1092	G	A	2	1	30	27345	13284	37	0.999781	27351	0	TRUE	NP:cds-XAJ25419.1	CAG	Q	CAA	Q	364
NP|PP755592.1|A/cattle/Texas/24-008749-003/2024(H5N1)	1290	G	A	12	4	42	22421	11864	37	0.998842	22447	0	TRUE	NP:cds-XAJ25419.1	ACG	T	ACA	T	430
