REGION	POS	REF	ALT	REF_DP	REF_RV	REF_QUAL	ALT_DP	ALT_RV	ALT_QUAL	ALT_FREQ	TOTAL_DP	PVAL	PASS	GFF_FEATURE	REF_CODON	REF_AA	ALT_CODON	ALT_AA	POS_AA
NS|PP755593.1|A/cattle/Texas/24-008749-003/2024(H5N1)	189	G	A	20203	8639	33	16187	5457	32	0.444686	36401	0	TRUE	NS1:cds-XAJ25420.1	CAG	Q	CAA	Q	63
NS|PP755593.1|A/cattle/Texas/24-008749-003/2024(H5N1)	199	A	G	4	0	34	35074	12185	33	0.999088	35106	0	TRUE	NS1:cds-XAJ25420.1	AGG	R	GGG	G	67
NS|PP755593.1|A/cattle/Texas/24-008749-003/2024(H5N1)	222	T	C	14	7	34	38953	16520	33	0.99941	38976	0	TRUE	NS1:cds-XAJ25420.1	GAT	D	GAC	D	74
NS|PP755593.1|A/cattle/Texas/24-008749-003/2024(H5N1)	739	C	A	2	2	30	32531	27906	33	0.998496	32580	0	TRUE	NEP:cds-XAJ25421.1	ATC	I	ATA	I	79
