REGION	POS	REF	ALT	REF_DP	REF_RV	REF_QUAL	ALT_DP	ALT_RV	ALT_QUAL	ALT_FREQ	TOTAL_DP	PVAL	PASS	GFF_FEATURE	REF_CODON	REF_AA	ALT_CODON	ALT_AA	POS_AA
NP|PP755592.1|A/cattle/Texas/24-008749-003/2024(H5N1)	160	G	A	6790	2649	33	94	32	32	0.0136549	6884	8.67389e-22	TRUE	NP:cds-XAJ25419.1	GGG	G	AGG	R	54
NP|PP755592.1|A/cattle/Texas/24-008749-003/2024(H5N1)	355	A	G	0	0	0	7258	3917	33	1	7258	0	TRUE	NP:cds-XAJ25419.1	ATT	I	GTT	V	119
NP|PP755592.1|A/cattle/Texas/24-008749-003/2024(H5N1)	498	G	A	0	0	0	7301	3253	33	0.999863	7302	0	TRUE	NP:cds-XAJ25419.1	CTG	L	CTA	L	166
NP|PP755592.1|A/cattle/Texas/24-008749-003/2024(H5N1)	636	A	G	7310	3271	33	75	32	33	0.010153	7387	1.87359e-16	TRUE	NP:cds-XAJ25419.1	GGA	G	GGG	G	212
NP|PP755592.1|A/cattle/Texas/24-008749-003/2024(H5N1)	765	T	C	1	1	34	7634	4427	33	0.999869	7635	0	TRUE	NP:cds-XAJ25419.1	GAT	D	GAC	D	255
NP|PP755592.1|A/cattle/Texas/24-008749-003/2024(H5N1)	870	C	T	0	0	0	6935	3394	33	0.999856	6936	0	TRUE	NP:cds-XAJ25419.1	GAC	D	GAT	D	290
NP|PP755592.1|A/cattle/Texas/24-008749-003/2024(H5N1)	975	A	G	0	0	0	7225	3740	33	0.999723	7227	0	TRUE	NP:cds-XAJ25419.1	AAA	K	AAG	K	325
NP|PP755592.1|A/cattle/Texas/24-008749-003/2024(H5N1)	1092	G	A	0	0	0	7898	3690	33	0.999747	7900	0	TRUE	NP:cds-XAJ25419.1	CAG	Q	CAA	Q	364
NP|PP755592.1|A/cattle/Texas/24-008749-003/2024(H5N1)	1143	G	A	0	0	0	7328	3891	33	0.999318	7333	0	TRUE	NP:cds-XAJ25419.1	CTG	L	CTA	L	381
