REGION	POS	REF	ALT	REF_DP	REF_RV	REF_QUAL	ALT_DP	ALT_RV	ALT_QUAL	ALT_FREQ	TOTAL_DP	PVAL	PASS	GFF_FEATURE	REF_CODON	REF_AA	ALT_CODON	ALT_AA	POS_AA
NP|PP755592.1|A/cattle/Texas/24-008749-003/2024(H5N1)	88	G	A	4150	1320	33	77	14	31	0.0182162	4227	3.92171e-31	TRUE	NP:cds-XAJ25419.1	GGA	G	AGA	R	30
NP|PP755592.1|A/cattle/Texas/24-008749-003/2024(H5N1)	237	G	A	10652	4902	33	142	41	33	0.013153	10796	6.85005e-32	TRUE	NP:cds-XAJ25419.1	CTG	L	CTA	L	79
NP|PP755592.1|A/cattle/Texas/24-008749-003/2024(H5N1)	249	C	T	3	2	34	11205	4892	33	0.999197	11214	0	TRUE	NP:cds-XAJ25419.1	CCC	P	CCT	P	83
NP|PP755592.1|A/cattle/Texas/24-008749-003/2024(H5N1)	355	A	G	2	1	34	9914	5302	33	0.999697	9917	0	TRUE	NP:cds-XAJ25419.1	ATT	I	GTT	V	119
NP|PP755592.1|A/cattle/Texas/24-008749-003/2024(H5N1)	462	T	C	10190	5786	33	148	71	33	0.0143078	10344	7.64341e-35	TRUE	NP:cds-XAJ25419.1	CTT	L	CTC	L	154
NP|PP755592.1|A/cattle/Texas/24-008749-003/2024(H5N1)	498	G	A	0	0	0	9767	4481	33	0.999591	9771	0	TRUE	NP:cds-XAJ25419.1	CTG	L	CTA	L	166
NP|PP755592.1|A/cattle/Texas/24-008749-003/2024(H5N1)	531	G	A	10399	3581	33	190	81	33	0.0179415	10590	1.40653e-45	TRUE	NP:cds-XAJ25419.1	GGG	G	GGA	G	177
NP|PP755592.1|A/cattle/Texas/24-008749-003/2024(H5N1)	550	A	G	10138	3808	33	130	52	32	0.0126582	10270	6.24418e-30	TRUE	NP:cds-XAJ25419.1	AAA	K	GAA	E	184
NP|PP755592.1|A/cattle/Texas/24-008749-003/2024(H5N1)	870	C	T	1	0	34	9067	4579	33	0.999779	9069	0	TRUE	NP:cds-XAJ25419.1	GAC	D	GAT	D	290
NP|PP755592.1|A/cattle/Texas/24-008749-003/2024(H5N1)	975	A	G	1	1	34	9361	4806	33	0.99968	9364	0	TRUE	NP:cds-XAJ25419.1	AAA	K	AAG	K	325
NP|PP755592.1|A/cattle/Texas/24-008749-003/2024(H5N1)	1014	T	C	3	3	34	9701	5023	33	0.999382	9707	0	TRUE	NP:cds-XAJ25419.1	TTT	F	TTC	F	338
NP|PP755592.1|A/cattle/Texas/24-008749-003/2024(H5N1)	1092	G	A	0	0	0	10314	4847	33	0.999806	10316	0	TRUE	NP:cds-XAJ25419.1	CAG	Q	CAA	Q	364
NP|PP755592.1|A/cattle/Texas/24-008749-003/2024(H5N1)	1143	G	A	0	0	0	9687	5107	33	0.99969	9690	0	TRUE	NP:cds-XAJ25419.1	CTG	L	CTA	L	381
NP|PP755592.1|A/cattle/Texas/24-008749-003/2024(H5N1)	1313	C	T	8842	4986	33	132	98	33	0.0147075	8975	7.48627e-31	TRUE	NP:cds-XAJ25419.1	TCA	S	TTA	L	438
NP|PP755592.1|A/cattle/Texas/24-008749-003/2024(H5N1)	1342	A	G	9380	6325	33	152	112	33	0.0159379	9537	5.22809e-36	TRUE	NP:cds-XAJ25419.1	ATG	M	GTG	V	448
