REGION	POS	REF	ALT	REF_DP	REF_RV	REF_QUAL	ALT_DP	ALT_RV	ALT_QUAL	ALT_FREQ	TOTAL_DP	PVAL	PASS	GFF_FEATURE	REF_CODON	REF_AA	ALT_CODON	ALT_AA	POS_AA
HA|PP755589.1|A/cattle/Texas/24-008749-003/2024(H5N1)	4	G	A	1	0	34	50	2	33	0.980392	51	6.52195e-37	TRUE	HA:cds-XAJ25415.1	GAG	E	AAG	K	2
HA|PP755589.1|A/cattle/Texas/24-008749-003/2024(H5N1)	6	G	A	253	10	31	4	2	22	0.0155642	257	0.27013	FALSE	HA:cds-XAJ25415.1	GAG	E	GAA	E	2
HA|PP755589.1|A/cattle/Texas/24-008749-003/2024(H5N1)	192	G	A	4715	2149	33	90	32	33	0.0187305	4805	2.66925e-23	TRUE	HA:cds-XAJ25415.1	AAG	K	AAA	K	64
HA|PP755589.1|A/cattle/Texas/24-008749-003/2024(H5N1)	311	A	G	0	0	0	5504	2316	33	0.999818	5505	0	TRUE	HA:cds-XAJ25415.1	GAC	D	GGC	G	104
HA|PP755589.1|A/cattle/Texas/24-008749-003/2024(H5N1)	329	G	A	5	2	34	5776	2470	33	0.99879	5783	0	TRUE	HA:cds-XAJ25415.1	AGC	S	AAC	N	110
HA|PP755589.1|A/cattle/Texas/24-008749-003/2024(H5N1)	439	G	A	11	7	33	5704	3237	33	0.998075	5715	0	TRUE	HA:cds-XAJ25415.1	GTG	V	ATG	M	147
HA|PP755589.1|A/cattle/Texas/24-008749-003/2024(H5N1)	440	T	C	5508	3080	33	388	207	33	0.0658073	5896	7.74603e-114	TRUE	HA:cds-XAJ25415.1	GTG	V	GCG	A	147
HA|PP755589.1|A/cattle/Texas/24-008749-003/2024(H5N1)	651	G	A	6	3	34	6040	2513	33	0.998842	6047	0	TRUE	HA:cds-XAJ25415.1	GGG	G	GGA	G	217
HA|PP755589.1|A/cattle/Texas/24-008749-003/2024(H5N1)	675	G	A	8	5	34	5933	2535	32	0.998485	5942	0	TRUE	HA:cds-XAJ25415.1	TTG	L	TTA	L	225
HA|PP755589.1|A/cattle/Texas/24-008749-003/2024(H5N1)	711	G	A	5609	2555	33	115	54	33	0.0200908	5724	1.43741e-29	TRUE	HA:cds-XAJ25415.1	GGG	G	GGA	G	237
HA|PP755589.1|A/cattle/Texas/24-008749-003/2024(H5N1)	1007	G	A	1	1	34	6601	3698	33	0.999697	6603	0	TRUE	HA:cds-XAJ25415.1	AGT	S	AAT	N	336
HA|PP755589.1|A/cattle/Texas/24-008749-003/2024(H5N1)	1173	T	C	4	1	34	11305	2765	33	0.99947	11311	0	TRUE	HA:cds-XAJ25415.1	GAT	D	GAC	D	391
