REGION	POS	REF	ALT	REF_DP	REF_RV	REF_QUAL	ALT_DP	ALT_RV	ALT_QUAL	ALT_FREQ	TOTAL_DP	PVAL	PASS	GFF_FEATURE	REF_CODON	REF_AA	ALT_CODON	ALT_AA	POS_AA
NP|PP755592.1|A/cattle/Texas/24-008749-003/2024(H5N1)	25	T	C	1864	268	35	85	16	37	0.0436121	1949	7.3737e-56	TRUE	NP:cds-XAJ25419.1	TCC	S	CCC	P	9
NP|PP755592.1|A/cattle/Texas/24-008749-003/2024(H5N1)	92	G	A	5428	1174	37	728	117	35	0.118259	6156	0	TRUE	NP:cds-XAJ25419.1	AGA	R	AAA	K	31
NP|PP755592.1|A/cattle/Texas/24-008749-003/2024(H5N1)	333	C	T	12342	6337	38	269	164	35	0.0213289	12612	1.96891e-72	TRUE	NP:cds-XAJ25419.1	TAC	Y	TAT	Y	111
NP|PP755592.1|A/cattle/Texas/24-008749-003/2024(H5N1)	345	G	A	11521	6027	38	1230	609	37	0.0964555	12752	0	TRUE	NP:cds-XAJ25419.1	GAG	E	GAA	E	115
NP|PP755592.1|A/cattle/Texas/24-008749-003/2024(H5N1)	355	A	G	17	10	35	12323	6321	38	0.998622	12340	0	TRUE	NP:cds-XAJ25419.1	ATT	I	GTT	V	119
NP|PP755592.1|A/cattle/Texas/24-008749-003/2024(H5N1)	474	A	G	12517	6514	37	525	345	37	0.0402546	13042	1.99369e-153	TRUE	NP:cds-XAJ25419.1	GGA	G	GGG	G	158
NP|PP755592.1|A/cattle/Texas/24-008749-003/2024(H5N1)	498	G	A	0	0	0	12722	5686	36	0.999921	12723	0	TRUE	NP:cds-XAJ25419.1	CTG	L	CTA	L	166
NP|PP755592.1|A/cattle/Texas/24-008749-003/2024(H5N1)	870	C	T	0	0	0	12621	6565	37	1	12621	0	TRUE	NP:cds-XAJ25419.1	GAC	D	GAT	D	290
NP|PP755592.1|A/cattle/Texas/24-008749-003/2024(H5N1)	888	C	T	5618	2381	37	8218	3562	36	0.593958	13836	0	TRUE	NP:cds-XAJ25419.1	TAC	Y	TAT	Y	296
NP|PP755592.1|A/cattle/Texas/24-008749-003/2024(H5N1)	1014	T	C	3	3	42	13415	6742	39	0.999776	13418	0	TRUE	NP:cds-XAJ25419.1	TTT	F	TTC	F	338
NP|PP755592.1|A/cattle/Texas/24-008749-003/2024(H5N1)	1092	G	A	1	0	68	13818	6888	38	0.999928	13819	0	TRUE	NP:cds-XAJ25419.1	CAG	Q	CAA	Q	364
NP|PP755592.1|A/cattle/Texas/24-008749-003/2024(H5N1)	1418	A	G	7745	6883	40	2871	2580	40	0.270441	10616	0	TRUE	NP:cds-XAJ25419.1	AAC	N	AGC	S	473
