REGION	POS	REF	ALT	REF_DP	REF_RV	REF_QUAL	ALT_DP	ALT_RV	ALT_QUAL	ALT_FREQ	TOTAL_DP	PVAL	PASS	GFF_FEATURE	REF_CODON	REF_AA	ALT_CODON	ALT_AA	POS_AA
NS|PP755593.1|A/cattle/Texas/24-008749-003/2024(H5N1)	36	C	T	12152	1421	37	1461	148	37	0.107308	13615	0	TRUE	NS1:cds-XAJ25420.1	GAC	D	GAT	D	12
NS|PP755593.1|A/cattle/Texas/24-008749-003/2024(H5N1)	64	T	G	1	1	20	17142	3567	40	0.999708	17147	0	TRUE	NS1:cds-XAJ25420.1	TTT	F	GTT	V	22
NS|PP755593.1|A/cattle/Texas/24-008749-003/2024(H5N1)	199	A	G	6	2	39	31712	15672	39	0.999811	31718	0	TRUE	NS1:cds-XAJ25420.1	AGG	R	GGG	G	67
NS|PP755593.1|A/cattle/Texas/24-008749-003/2024(H5N1)	205	C	A	30069	14432	41	4346	2589	39	0.126245	34425	0	TRUE	NS1:cds-XAJ25420.1	CTG	L	ATG	M	69
NS|PP755593.1|A/cattle/Texas/24-008749-003/2024(H5N1)	219	C	T	32716	15979	41	692	322	40	0.0207117	33411	4.12886e-239	TRUE	NS1:cds-XAJ25420.1	TCC	S	TCT	S	73
NS|PP755593.1|A/cattle/Texas/24-008749-003/2024(H5N1)	222	T	C	6	1	44	33069	16591	41	0.999758	33077	0	TRUE	NS1:cds-XAJ25420.1	GAT	D	GAC	D	74
NS|PP755593.1|A/cattle/Texas/24-008749-003/2024(H5N1)	494	C	A	0	0	0	32729	17673	40	0.999817	32735	0	TRUE	NS1:cds-XAJ25420.1	TCT	S	TAT	Y	165
NS|PP755593.1|A/cattle/Texas/24-008749-003/2024(H5N1)	511	G	A	11	5	37	35689	17942	40	0.999636	35702	0	TRUE	NEP:cds-XAJ25421.1	CTG	L	CTA	L	3
NS|PP755593.1|A/cattle/Texas/24-008749-003/2024(H5N1)	511	G	A	11	5	37	35689	17942	40	0.999636	35702	0	TRUE	NS1:cds-XAJ25420.1	GAT	D	AAT	N	171
NS|PP755593.1|A/cattle/Texas/24-008749-003/2024(H5N1)	631	A	G	11	5	36	31007	14920	39	0.999645	31018	0	TRUE	NEP:cds-XAJ25421.1	GGA	G	GGG	G	43
NS|PP755593.1|A/cattle/Texas/24-008749-003/2024(H5N1)	631	A	G	11	5	36	31007	14920	39	0.999645	31018	0	TRUE	NS1:cds-XAJ25420.1	AGA	R	GGA	G	211
NS|PP755593.1|A/cattle/Texas/24-008749-003/2024(H5N1)	672	G	A	28620	17052	43	3309	2223	39	0.10363	31931	0	TRUE	NEP:cds-XAJ25421.1	GGA	G	GAA	E	57
NS|PP755593.1|A/cattle/Texas/24-008749-003/2024(H5N1)	672	G	A	28620	17052	43	3309	2223	39	0.10363	31931	0	TRUE	NS1:cds-XAJ25420.1	AGG	R	AGA	R	224
