REGION	POS	REF	ALT	REF_DP	REF_RV	REF_QUAL	ALT_DP	ALT_RV	ALT_QUAL	ALT_FREQ	TOTAL_DP	PVAL	PASS	GFF_FEATURE	REF_CODON	REF_AA	ALT_CODON	ALT_AA	POS_AA
MP|PP755590.1|A/cattle/Texas/24-008749-003/2024(H5N1)	245	G	A	1	0	34	29892	13465	33	0.999866	29896	0	TRUE	M1:cds-XAJ25416.1	AGT	S	AAT	N	82
MP|PP755590.1|A/cattle/Texas/24-008749-003/2024(H5N1)	510	C	T	29951	14984	33	1343	796	33	0.0429128	31296	0	TRUE	M1:cds-XAJ25416.1	AAC	N	AAT	N	170
MP|PP755590.1|A/cattle/Texas/24-008749-003/2024(H5N1)	594	A	G	27720	14576	33	1412	783	32	0.048469	29132	0	TRUE	M1:cds-XAJ25416.1	CAA	Q	CAG	Q	198
MP|PP755590.1|A/cattle/Texas/24-008749-003/2024(H5N1)	624	G	A	26981	13245	33	4652	2149	33	0.147052	31635	0	TRUE	M1:cds-XAJ25416.1	CAG	Q	CAA	Q	208
MP|PP755590.1|A/cattle/Texas/24-008749-003/2024(H5N1)	729	G	A	24492	10541	33	4565	1714	33	0.157089	29060	0	TRUE	M2:cds-XAJ25417.1	GGA	G	GAA	E	5
MP|PP755590.1|A/cattle/Texas/24-008749-003/2024(H5N1)	729	G	A	24492	10541	33	4565	1714	33	0.157089	29060	0	TRUE	M1:cds-XAJ25416.1	CGG	R	CGA	R	243
