REGION	POS	REF	ALT	REF_DP	REF_RV	REF_QUAL	ALT_DP	ALT_RV	ALT_QUAL	ALT_FREQ	TOTAL_DP	PVAL	PASS	GFF_FEATURE	REF_CODON	REF_AA	ALT_CODON	ALT_AA	POS_AA
MP|PP755590.1|A/cattle/Texas/24-008749-003/2024(H5N1)	285	A	G	0	0	0	805	376	53	1	805	0	TRUE	M1:cds-XAJ25416.1	AGA	R	AGG	R	95
MP|PP755590.1|A/cattle/Texas/24-008749-003/2024(H5N1)	456	A	G	0	0	0	831	384	56	1	831	0	TRUE	M1:cds-XAJ25416.1	GAA	E	GAG	E	152
MP|PP755590.1|A/cattle/Texas/24-008749-003/2024(H5N1)	652	A	G	822	380	50	25	14	49	0.0295159	847	1.81374e-10	TRUE	M1:cds-XAJ25416.1	ACC	T	GCC	A	218
MP|PP755590.1|A/cattle/Texas/24-008749-003/2024(H5N1)	925	A	G	389	332	46	103	86	44	0.20935	492	6.42654e-41	TRUE	M2:cds-XAJ25417.1	GAA	E	GAG	E	71
