REGION	POS	REF	ALT	REF_DP	REF_RV	REF_QUAL	ALT_DP	ALT_RV	ALT_QUAL	ALT_FREQ	TOTAL_DP	PVAL	PASS	GFF_FEATURE	REF_CODON	REF_AA	ALT_CODON	ALT_AA	POS_AA
HA|PP755589.1|A/cattle/Texas/24-008749-003/2024(H5N1)	196	C	T	0	0	0	1780	952	33	1	1780	0	TRUE	HA:cds-XAJ25415.1	CTG	L	TTG	L	66
HA|PP755589.1|A/cattle/Texas/24-008749-003/2024(H5N1)	439	G	A	52	30	33	1734	959	33	0.970885	1786	0	TRUE	HA:cds-XAJ25415.1	GTG	V	ATG	M	147
HA|PP755589.1|A/cattle/Texas/24-008749-003/2024(H5N1)	441	G	A	1832	1005	33	27	17	33	0.0145161	1860	6.45888e-08	TRUE	HA:cds-XAJ25415.1	GTG	V	GTA	V	147
HA|PP755589.1|A/cattle/Texas/24-008749-003/2024(H5N1)	651	G	A	1	0	34	1696	763	33	0.998822	1698	0	TRUE	HA:cds-XAJ25415.1	GGG	G	GGA	G	217
HA|PP755589.1|A/cattle/Texas/24-008749-003/2024(H5N1)	690	T	C	0	0	0	1528	774	33	1	1528	0	TRUE	HA:cds-XAJ25415.1	GCT	A	GCC	A	230
HA|PP755589.1|A/cattle/Texas/24-008749-003/2024(H5N1)	693	T	C	0	0	0	1538	769	33	0.99935	1539	0	TRUE	HA:cds-XAJ25415.1	ACT	T	ACC	T	231
HA|PP755589.1|A/cattle/Texas/24-008749-003/2024(H5N1)	700	C	A	1579	715	33	172	95	33	0.0981735	1752	3.92803e-53	TRUE	HA:cds-XAJ25415.1	CAA	Q	AAA	K	234
HA|PP755589.1|A/cattle/Texas/24-008749-003/2024(H5N1)	858	A	G	1	1	34	2248	1165	33	0.999555	2249	0	TRUE	HA:cds-XAJ25415.1	GAA	E	GAG	E	286
HA|PP755589.1|A/cattle/Texas/24-008749-003/2024(H5N1)	990	G	A	2	0	30	2239	1131	33	0.999108	2241	0	TRUE	HA:cds-XAJ25415.1	GCG	A	GCA	A	330
HA|PP755589.1|A/cattle/Texas/24-008749-003/2024(H5N1)	1013	T	C	0	0	0	1986	1096	33	1	1986	0	TRUE	HA:cds-XAJ25415.1	CTA	L	CCA	P	338
HA|PP755589.1|A/cattle/Texas/24-008749-003/2024(H5N1)	1296	A	G	4	2	34	4755	2607	33	0.999159	4759	0	TRUE	HA:cds-XAJ25415.1	GGA	G	GGG	G	432
HA|PP755589.1|A/cattle/Texas/24-008749-003/2024(H5N1)	1536	A	G	7	3	34	4820	2473	33	0.99855	4827	0	TRUE	HA:cds-XAJ25415.1	AGA	R	AGG	R	512
