REGION	POS	REF	ALT	REF_DP	REF_RV	REF_QUAL	ALT_DP	ALT_RV	ALT_QUAL	ALT_FREQ	TOTAL_DP	PVAL	PASS	GFF_FEATURE	REF_CODON	REF_AA	ALT_CODON	ALT_AA	POS_AA
MP|PP755590.1|A/cattle/Texas/24-008749-003/2024(H5N1)	4	A	G	377	43	39	4	0	24	0.0104987	381	0.526341	FALSE	M2:cds-XAJ25417.1	AGT	S	GGT	G	2
MP|PP755590.1|A/cattle/Texas/24-008749-003/2024(H5N1)	4	A	G	377	43	39	4	0	24	0.0104987	381	0.526341	FALSE	M1:cds-XAJ25416.1	AGT	S	GGT	G	2
MP|PP755590.1|A/cattle/Texas/24-008749-003/2024(H5N1)	47	C	A	5072	356	33	64	0	25	0.0124611	5136	0.079463	FALSE	M1:cds-XAJ25416.1	CCG	P	CAG	Q	16
MP|PP755590.1|A/cattle/Texas/24-008749-003/2024(H5N1)	109	A	G	574	49	42	12825	1415	42	0.957161	13399	0	TRUE	M1:cds-XAJ25416.1	ACC	T	GCC	A	37
MP|PP755590.1|A/cattle/Texas/24-008749-003/2024(H5N1)	237	T	C	21710	8743	42	1544	551	40	0.0663858	23258	0	TRUE	M1:cds-XAJ25416.1	TTT	F	TTC	F	79
MP|PP755590.1|A/cattle/Texas/24-008749-003/2024(H5N1)	245	G	A	3	0	29	23091	9440	42	0.999784	23096	0	TRUE	M1:cds-XAJ25416.1	AGT	S	AAT	N	82
MP|PP755590.1|A/cattle/Texas/24-008749-003/2024(H5N1)	558	T	C	27027	13173	42	439	176	39	0.015977	27477	8.67248e-104	TRUE	M1:cds-XAJ25416.1	GCT	A	GCC	A	186
MP|PP755590.1|A/cattle/Texas/24-008749-003/2024(H5N1)	699	C	A	16880	9139	35	356	0	25	0.0206485	17241	1.47012e-19	TRUE	M1:cds-XAJ25416.1	CTC	L	CTA	L	233
MP|PP755590.1|A/cattle/Texas/24-008749-003/2024(H5N1)	766	C	A	20475	13592	40	258	0	27	0.0124439	20733	0.00644145	TRUE	M2:cds-XAJ25417.1	CTC	L	CTA	L	18
MP|PP755590.1|A/cattle/Texas/24-008749-003/2024(H5N1)	790	G	A	8	8	31	22858	15783	43	0.99965	22866	0	TRUE	M2:cds-XAJ25417.1	GGG	G	GGA	G	26
MP|PP755590.1|A/cattle/Texas/24-008749-003/2024(H5N1)	933	G	A	0	0	0	14924	14410	41	1	14924	0	TRUE	M2:cds-XAJ25417.1	AGT	S	AAT	N	73
