REGION	POS	REF	ALT	REF_DP	REF_RV	REF_QUAL	ALT_DP	ALT_RV	ALT_QUAL	ALT_FREQ	TOTAL_DP	PVAL	PASS	GFF_FEATURE	REF_CODON	REF_AA	ALT_CODON	ALT_AA	POS_AA
HA|PP755589.1|A/cattle/Texas/24-008749-003/2024(H5N1)	4	G	A	10	0	32	1	0	34	0.0909091	11	0.0948276	FALSE	HA:cds-XAJ25415.1	GAG	E	AAG	K	2
HA|PP755589.1|A/cattle/Texas/24-008749-003/2024(H5N1)	124	G	A	232	60	40	9	0	32	0.0373444	241	0.000303057	TRUE	HA:cds-XAJ25415.1	GTT	V	ATT	I	42
HA|PP755589.1|A/cattle/Texas/24-008749-003/2024(H5N1)	303	A	G	294	137	38	5	0	34	0.0167224	299	0.020225	FALSE	HA:cds-XAJ25415.1	CCA	P	CCG	P	101
HA|PP755589.1|A/cattle/Texas/24-008749-003/2024(H5N1)	311	A	G	0	0	0	295	147	39	1	295	2.48656e-200	TRUE	HA:cds-XAJ25415.1	GAC	D	GGC	G	104
HA|PP755589.1|A/cattle/Texas/24-008749-003/2024(H5N1)	432	A	G	288	179	39	46	37	39	0.137725	334	1.60475e-17	TRUE	HA:cds-XAJ25415.1	TCA	S	TCG	S	144
HA|PP755589.1|A/cattle/Texas/24-008749-003/2024(H5N1)	632	T	G	316	138	41	13	7	42	0.0393939	330	1.94481e-05	TRUE	HA:cds-XAJ25415.1	ATC	I	AGC	S	211
HA|PP755589.1|A/cattle/Texas/24-008749-003/2024(H5N1)	651	G	A	0	0	0	333	139	40	1	333	1.934e-226	TRUE	HA:cds-XAJ25415.1	GGG	G	GGA	G	217
HA|PP755589.1|A/cattle/Texas/24-008749-003/2024(H5N1)	675	G	A	0	0	0	340	137	37	1	340	2.28813e-225	TRUE	HA:cds-XAJ25415.1	TTG	L	TTA	L	225
HA|PP755589.1|A/cattle/Texas/24-008749-003/2024(H5N1)	688	G	T	10	6	40	306	129	37	0.9653	317	3.0978e-195	TRUE	HA:cds-XAJ25415.1	GCT	A	TCT	S	230
HA|PP755589.1|A/cattle/Texas/24-008749-003/2024(H5N1)	922	C	G	350	208	39	5	3	40	0.0140845	355	0.0197313	FALSE	HA:cds-XAJ25415.1	CAC	H	GAC	D	308
HA|PP755589.1|A/cattle/Texas/24-008749-003/2024(H5N1)	991	A	G	339	178	44	5	3	47	0.0144928	345	0.012932	FALSE	HA:cds-XAJ25415.1	ACT	T	GCT	A	331
HA|PP755589.1|A/cattle/Texas/24-008749-003/2024(H5N1)	1007	G	A	0	0	0	338	191	40	1	338	1.77763e-227	TRUE	HA:cds-XAJ25415.1	AGT	S	AAT	N	336
HA|PP755589.1|A/cattle/Texas/24-008749-003/2024(H5N1)	1035	A	G	17	9	42	282	171	39	0.943144	299	2.2287e-176	TRUE	HA:cds-XAJ25415.1	AGA	R	AGG	R	345
HA|PP755589.1|A/cattle/Texas/24-008749-003/2024(H5N1)	1164	G	A	452	131	39	14	6	39	0.0299786	467	1.24463e-05	TRUE	HA:cds-XAJ25415.1	AAG	K	AAA	K	388
HA|PP755589.1|A/cattle/Texas/24-008749-003/2024(H5N1)	1173	T	C	476	153	42	21	5	37	0.0422535	497	2.18295e-08	TRUE	HA:cds-XAJ25415.1	GAT	D	GAC	D	391
