REGION	POS	REF	ALT	REF_DP	REF_RV	REF_QUAL	ALT_DP	ALT_RV	ALT_QUAL	ALT_FREQ	TOTAL_DP	PVAL	PASS	GFF_FEATURE	REF_CODON	REF_AA	ALT_CODON	ALT_AA	POS_AA
HA|PP755589.1|A/cattle/Texas/24-008749-003/2024(H5N1)	4	G	A	0	0	0	10	1	33	1	10	8.74075e-07	TRUE	HA:cds-XAJ25415.1	GAG	E	AAG	K	2
HA|PP755589.1|A/cattle/Texas/24-008749-003/2024(H5N1)	32	T	C	214	23	33	14	2	33	0.0614035	228	6.46532e-08	TRUE	HA:cds-XAJ25415.1	GTT	V	GCT	A	11
HA|PP755589.1|A/cattle/Texas/24-008749-003/2024(H5N1)	87	A	G	464	128	33	12	5	34	0.0252101	476	1.14242e-05	TRUE	HA:cds-XAJ25415.1	ACA	T	ACG	T	29
HA|PP755589.1|A/cattle/Texas/24-008749-003/2024(H5N1)	311	A	G	0	0	0	861	378	33	1	861	0	TRUE	HA:cds-XAJ25415.1	GAC	D	GGC	G	104
HA|PP755589.1|A/cattle/Texas/24-008749-003/2024(H5N1)	329	G	A	200	85	33	715	319	33	0.781421	915	0	TRUE	HA:cds-XAJ25415.1	AGC	S	AAC	N	110
HA|PP755589.1|A/cattle/Texas/24-008749-003/2024(H5N1)	439	G	A	214	121	33	719	417	33	0.770632	933	0	TRUE	HA:cds-XAJ25415.1	GTG	V	ATG	M	147
HA|PP755589.1|A/cattle/Texas/24-008749-003/2024(H5N1)	552	T	C	888	434	33	27	15	33	0.0295082	915	3.7723e-09	TRUE	HA:cds-XAJ25415.1	AAT	N	AAC	N	184
HA|PP755589.1|A/cattle/Texas/24-008749-003/2024(H5N1)	651	G	A	0	0	0	883	390	33	0.998869	884	0	TRUE	HA:cds-XAJ25415.1	GGG	G	GGA	G	217
HA|PP755589.1|A/cattle/Texas/24-008749-003/2024(H5N1)	675	G	A	0	0	0	838	356	32	0.998808	839	0	TRUE	HA:cds-XAJ25415.1	TTG	L	TTA	L	225
HA|PP755589.1|A/cattle/Texas/24-008749-003/2024(H5N1)	1007	G	A	0	0	0	899	493	33	1	899	0	TRUE	HA:cds-XAJ25415.1	AGT	S	AAT	N	336
HA|PP755589.1|A/cattle/Texas/24-008749-003/2024(H5N1)	1173	T	C	0	0	0	1381	461	33	1	1381	0	TRUE	HA:cds-XAJ25415.1	GAT	D	GAC	D	391
HA|PP755589.1|A/cattle/Texas/24-008749-003/2024(H5N1)	1347	C	T	1588	835	33	84	47	33	0.0502392	1672	3.10025e-25	TRUE	HA:cds-XAJ25415.1	AAC	N	AAT	N	449
HA|PP755589.1|A/cattle/Texas/24-008749-003/2024(H5N1)	1625	T	C	1604	1210	33	19	15	33	0.0116995	1624	1.2817e-05	TRUE	HA:cds-XAJ25415.1	CTA	L	CCA	P	542
