REGION	POS	REF	ALT	REF_DP	REF_RV	REF_QUAL	ALT_DP	ALT_RV	ALT_QUAL	ALT_FREQ	TOTAL_DP	PVAL	PASS	GFF_FEATURE	REF_CODON	REF_AA	ALT_CODON	ALT_AA	POS_AA
PB2|PP755596.1|A/cattle/Texas/24-008749-003/2024(H5N1)	48	T	C	1238	423	33	20	2	34	0.0158983	1258	9.79003e-09	TRUE	PB2:cds-XAJ25426.1	ACT	T	ACC	T	16
PB2|PP755596.1|A/cattle/Texas/24-008749-003/2024(H5N1)	95	A	G	2140	733	33	385	119	33	0.152355	2527	1.1135e-160	TRUE	PB2:cds-XAJ25426.1	AAG	K	AGG	R	32
PB2|PP755596.1|A/cattle/Texas/24-008749-003/2024(H5N1)	172	G	A	0	0	0	3960	1806	33	0.999748	3961	0	TRUE	PB2:cds-XAJ25426.1	GCA	A	ACA	T	58
PB2|PP755596.1|A/cattle/Texas/24-008749-003/2024(H5N1)	240	G	A	0	0	0	3073	1726	33	1	3073	0	TRUE	PB2:cds-XAJ25426.1	AAG	K	AAA	K	80
PB2|PP755596.1|A/cattle/Texas/24-008749-003/2024(H5N1)	630	G	A	0	0	0	3106	1749	33	1	3106	0	TRUE	PB2:cds-XAJ25426.1	GAG	E	GAA	E	210
PB2|PP755596.1|A/cattle/Texas/24-008749-003/2024(H5N1)	764	C	T	0	0	0	3581	1656	33	1	3581	0	TRUE	PB2:cds-XAJ25426.1	GCA	A	GTA	V	255
PB2|PP755596.1|A/cattle/Texas/24-008749-003/2024(H5N1)	786	T	C	3678	1702	33	38	18	33	0.010226	3716	3.85068e-09	TRUE	PB2:cds-XAJ25426.1	GCT	A	GCC	A	262
PB2|PP755596.1|A/cattle/Texas/24-008749-003/2024(H5N1)	912	G	A	0	0	0	3700	1826	33	0.99973	3701	0	TRUE	PB2:cds-XAJ25426.1	GAG	E	GAA	E	304
PB2|PP755596.1|A/cattle/Texas/24-008749-003/2024(H5N1)	1392	G	A	0	0	0	3886	2544	33	1	3886	0	TRUE	PB2:cds-XAJ25426.1	TTG	L	TTA	L	464
PB2|PP755596.1|A/cattle/Texas/24-008749-003/2024(H5N1)	1485	A	G	2892	1182	32	642	283	33	0.181664	3534	6.0637e-218	TRUE	PB2:cds-XAJ25426.1	ATA	I	ATG	M	495
PB2|PP755596.1|A/cattle/Texas/24-008749-003/2024(H5N1)	2009	A	G	0	0	0	4722	2393	33	1	4722	0	TRUE	PB2:cds-XAJ25426.1	AAA	K	AGA	R	670
PB2|PP755596.1|A/cattle/Texas/24-008749-003/2024(H5N1)	2103	C	T	5313	3111	33	168	111	33	0.0306513	5481	3.15284e-45	TRUE	PB2:cds-XAJ25426.1	GAC	D	GAT	D	701
