REGION	POS	REF	ALT	REF_DP	REF_RV	REF_QUAL	ALT_DP	ALT_RV	ALT_QUAL	ALT_FREQ	TOTAL_DP	PVAL	PASS	GFF_FEATURE	REF_CODON	REF_AA	ALT_CODON	ALT_AA	POS_AA
PB1|PP755595.1|A/cattle/Texas/24-008749-003/2024(H5N1)	15	G	A	88	16	34	1	0	34	0.011236	89	0.15614	FALSE	PB1:cds-XAJ25424.1	CCG	P	CCA	P	5
PB1|PP755595.1|A/cattle/Texas/24-008749-003/2024(H5N1)	213	A	G	1099	268	33	284	83	33	0.205351	1383	1.04469e-93	TRUE	PB1:cds-XAJ25424.1	GGA	G	GGG	G	71
PB1|PP755595.1|A/cattle/Texas/24-008749-003/2024(H5N1)	213	A	G	1099	268	33	284	83	33	0.205351	1383	1.04469e-93	TRUE	PB1-F2:cds-XAJ25425.1	GAC	D	GGC	G	40
PB1|PP755595.1|A/cattle/Texas/24-008749-003/2024(H5N1)	378	T	A	1671	982	33	35	16	33	0.0205158	1706	2.79737e-10	TRUE	PB1:cds-XAJ25424.1	CGT	R	CGA	R	126
PB1|PP755595.1|A/cattle/Texas/24-008749-003/2024(H5N1)	600	C	A	1552	741	33	21	12	33	0.0133503	1573	3.59104e-06	TRUE	PB1:cds-XAJ25424.1	GTC	V	GTA	V	200
PB1|PP755595.1|A/cattle/Texas/24-008749-003/2024(H5N1)	840	C	A	1643	837	33	18	7	33	0.0108368	1661	2.8322e-05	TRUE	PB1:cds-XAJ25424.1	GCC	A	GCA	A	280
PB1|PP755595.1|A/cattle/Texas/24-008749-003/2024(H5N1)	945	T	C	0	0	0	1783	1062	33	1	1783	0	TRUE	PB1:cds-XAJ25424.1	CCT	P	CCC	P	315
PB1|PP755595.1|A/cattle/Texas/24-008749-003/2024(H5N1)	1926	T	C	812	502	33	2252	1269	33	0.734987	3064	0	TRUE	PB1:cds-XAJ25424.1	AAT	N	AAC	N	642
PB1|PP755595.1|A/cattle/Texas/24-008749-003/2024(H5N1)	2055	C	T	2655	1210	33	28	19	34	0.0104361	2683	2.8498e-07	TRUE	PB1:cds-XAJ25424.1	GAC	D	GAT	D	685
