REGION	POS	REF	ALT	REF_DP	REF_RV	REF_QUAL	ALT_DP	ALT_RV	ALT_QUAL	ALT_FREQ	TOTAL_DP	PVAL	PASS	GFF_FEATURE	REF_CODON	REF_AA	ALT_CODON	ALT_AA	POS_AA
PB1|PP755595.1|A/cattle/Texas/24-008749-003/2024(H5N1)	185	G	A	692	190	33	353	86	33	0.337799	1045	4.44498e-123	TRUE	PB1:cds-XAJ25424.1	GGG	G	GAG	E	62
PB1|PP755595.1|A/cattle/Texas/24-008749-003/2024(H5N1)	185	G	A	692	190	33	353	86	33	0.337799	1045	4.44498e-123	TRUE	PB1-F2:cds-XAJ25425.1	GGG	G	AGG	R	31
PB1|PP755595.1|A/cattle/Texas/24-008749-003/2024(H5N1)	945	T	C	1	1	34	1167	681	33	0.999144	1168	0	TRUE	PB1:cds-XAJ25424.1	CCT	P	CCC	P	315
PB1|PP755595.1|A/cattle/Texas/24-008749-003/2024(H5N1)	2205	T	C	0	0	0	2691	2349	33	1	2691	0	TRUE	PB1:cds-XAJ25424.1	ATT	I	ATC	I	735
PB1|PP755595.1|A/cattle/Texas/24-008749-003/2024(H5N1)	2231	T	C	0	0	0	2213	1950	33	1	2213	0	TRUE	PB1:cds-XAJ25424.1	ATG	M	ACG	T	744
