REGION	POS	REF	ALT	REF_DP	REF_RV	REF_QUAL	ALT_DP	ALT_RV	ALT_QUAL	ALT_FREQ	TOTAL_DP	PVAL	PASS	GFF_FEATURE	REF_CODON	REF_AA	ALT_CODON	ALT_AA	POS_AA
NS|PP755593.1|A/cattle/Texas/24-008749-003/2024(H5N1)	64	T	G	289	35	33	23046	5762	33	0.987446	23339	0	TRUE	NS1:cds-XAJ25420.1	TTT	F	GTT	V	22
NS|PP755593.1|A/cattle/Texas/24-008749-003/2024(H5N1)	147	T	C	42810	12894	32	1344	445	33	0.0304224	44178	0	TRUE	NS1:cds-XAJ25420.1	ACT	T	ACC	T	49
NS|PP755593.1|A/cattle/Texas/24-008749-003/2024(H5N1)	199	A	G	7	5	32	45673	20629	33	0.99965	45689	0	TRUE	NS1:cds-XAJ25420.1	AGG	R	GGG	G	67
NS|PP755593.1|A/cattle/Texas/24-008749-003/2024(H5N1)	222	T	C	13	8	33	49145	25302	33	0.999715	49159	0	TRUE	NS1:cds-XAJ25420.1	GAT	D	GAC	D	74
NS|PP755593.1|A/cattle/Texas/24-008749-003/2024(H5N1)	267	C	T	49913	25651	33	651	335	32	0.0128745	50565	1.87566e-137	TRUE	NS1:cds-XAJ25420.1	TAC	Y	TAT	Y	89
NS|PP755593.1|A/cattle/Texas/24-008749-003/2024(H5N1)	809	A	G	20254	18190	33	1999	1817	33	0.0898265	22254	0	TRUE	NEP:cds-XAJ25421.1	ATA	I	GTA	V	103
