REGION	POS	REF	ALT	REF_DP	REF_RV	REF_QUAL	ALT_DP	ALT_RV	ALT_QUAL	ALT_FREQ	TOTAL_DP	PVAL	PASS	GFF_FEATURE	REF_CODON	REF_AA	ALT_CODON	ALT_AA	POS_AA
MP|PP755590.1|A/cattle/Texas/24-008749-003/2024(H5N1)	245	G	A	7	4	39	27489	12024	39	0.9996	27500	0	TRUE	M1:cds-XAJ25416.1	AGT	S	AAT	N	82
MP|PP755590.1|A/cattle/Texas/24-008749-003/2024(H5N1)	336	T	C	29294	15425	39	297	134	36	0.0100365	29592	7.09616e-65	TRUE	M1:cds-XAJ25416.1	GCT	A	GCC	A	112
MP|PP755590.1|A/cattle/Texas/24-008749-003/2024(H5N1)	357	C	T	28196	15268	39	2330	1390	37	0.0763234	30528	0	TRUE	M1:cds-XAJ25416.1	TAC	Y	TAT	Y	119
MP|PP755590.1|A/cattle/Texas/24-008749-003/2024(H5N1)	666	T	C	26236	11899	39	3905	1711	38	0.129536	30146	0	TRUE	M1:cds-XAJ25416.1	CAT	H	CAC	H	222
MP|PP755590.1|A/cattle/Texas/24-008749-003/2024(H5N1)	865	G	A	25446	22074	42	518	434	40	0.0199499	25965	1.31903e-181	TRUE	M2:cds-XAJ25417.1	TTG	L	TTA	L	51
