REGION	POS	REF	ALT	REF_DP	REF_RV	REF_QUAL	ALT_DP	ALT_RV	ALT_QUAL	ALT_FREQ	TOTAL_DP	PVAL	PASS	GFF_FEATURE	REF_CODON	REF_AA	ALT_CODON	ALT_AA	POS_AA
PA|PP755594.1|A/cattle/Texas/24-008749-003/2024(H5N1)	17	G	T	196	17	36	3	0	34	0.015	200	0.0128128	FALSE	PA:cds-XAJ25422.1	CGA	R	CTA	L	6
PA|PP755594.1|A/cattle/Texas/24-008749-003/2024(H5N1)	17	G	T	196	17	36	3	0	34	0.015	200	0.0128128	FALSE	PA-X:cds-XAJ25423.1	CGA	R	CTA	L	6
PA|PP755594.1|A/cattle/Texas/24-008749-003/2024(H5N1)	410	A	G	1	1	68	1747	821	40	0.997716	1751	0	TRUE	PA:cds-XAJ25422.1	AAG	K	AGG	R	137
PA|PP755594.1|A/cattle/Texas/24-008749-003/2024(H5N1)	410	A	G	1	1	68	1747	821	40	0.997716	1751	0	TRUE	PA-X:cds-XAJ25423.1	AAG	K	AGG	R	137
PA|PP755594.1|A/cattle/Texas/24-008749-003/2024(H5N1)	894	G	A	1928	932	37	194	66	37	0.0913371	2124	2.85851e-64	TRUE	PA:cds-XAJ25422.1	GAG	E	GAA	E	298
PA|PP755594.1|A/cattle/Texas/24-008749-003/2024(H5N1)	981	G	A	0	0	0	2023	793	38	0.999506	2024	0	TRUE	PA:cds-XAJ25422.1	GAG	E	GAA	E	327
PA|PP755594.1|A/cattle/Texas/24-008749-003/2024(H5N1)	1085	A	G	338	184	36	1727	980	37	0.83551	2067	0	TRUE	PA:cds-XAJ25422.1	AAA	K	AGA	R	362
PA|PP755594.1|A/cattle/Texas/24-008749-003/2024(H5N1)	1098	G	A	1	0	34	2289	1328	38	0.999563	2290	0	TRUE	PA:cds-XAJ25422.1	TTG	L	TTA	L	366
PA|PP755594.1|A/cattle/Texas/24-008749-003/2024(H5N1)	1294	G	A	1	1	34	2186	1163	41	0.999543	2187	0	TRUE	PA:cds-XAJ25422.1	GTT	V	ATT	I	432
PA|PP755594.1|A/cattle/Texas/24-008749-003/2024(H5N1)	1464	G	A	0	0	0	2103	942	38	0.999525	2104	0	TRUE	PA:cds-XAJ25422.1	AAG	K	AAA	K	488
PA|PP755594.1|A/cattle/Texas/24-008749-003/2024(H5N1)	1671	A	G	2046	963	38	24	16	40	0.0115942	2070	6.253e-09	TRUE	PA:cds-XAJ25422.1	GTA	V	GTG	V	557
PA|PP755594.1|A/cattle/Texas/24-008749-003/2024(H5N1)	1944	C	T	0	0	0	1948	1239	38	1	1948	0	TRUE	PA:cds-XAJ25422.1	AGC	S	AGT	S	648
