REGION	POS	REF	ALT	REF_DP	REF_RV	REF_QUAL	ALT_DP	ALT_RV	ALT_QUAL	ALT_FREQ	TOTAL_DP	PVAL	PASS	GFF_FEATURE	REF_CODON	REF_AA	ALT_CODON	ALT_AA	POS_AA
MP|PP755590.1|A/cattle/Texas/24-008749-003/2024(H5N1)	245	G	A	1	0	34	12647	5963	39	0.999368	12655	0	TRUE	M1:cds-XAJ25416.1	AGT	S	AAT	N	82
MP|PP755590.1|A/cattle/Texas/24-008749-003/2024(H5N1)	279	G	A	12791	6331	38	498	168	36	0.0374492	13298	6.64732e-155	TRUE	M1:cds-XAJ25416.1	ATG	M	ATA	I	93
MP|PP755590.1|A/cattle/Texas/24-008749-003/2024(H5N1)	916	C	T	8810	8091	38	364	346	36	0.0396644	9177	1.88177e-109	TRUE	M2:cds-XAJ25417.1	TAC	Y	TAT	Y	68
