REGION	POS	REF	ALT	REF_DP	REF_RV	REF_QUAL	ALT_DP	ALT_RV	ALT_QUAL	ALT_FREQ	TOTAL_DP	PVAL	PASS	GFF_FEATURE	REF_CODON	REF_AA	ALT_CODON	ALT_AA	POS_AA
MP|PP755590.1|A/cattle/Texas/24-008749-003/2024(H5N1)	47	C	A	3703	344	33	38	0	24	0.0101577	3741	0.482317	FALSE	M1:cds-XAJ25416.1	CCG	P	CAG	Q	16
MP|PP755590.1|A/cattle/Texas/24-008749-003/2024(H5N1)	245	G	A	1	0	24	16867	6888	43	0.999881	16869	0	TRUE	M1:cds-XAJ25416.1	AGT	S	AAT	N	82
MP|PP755590.1|A/cattle/Texas/24-008749-003/2024(H5N1)	357	C	T	5	3	33	18760	10150	42	0.99968	18766	0	TRUE	M1:cds-XAJ25416.1	TAC	Y	TAT	Y	119
MP|PP755590.1|A/cattle/Texas/24-008749-003/2024(H5N1)	699	C	A	12095	6317	35	336	0	25	0.0270227	12434	3.75081e-30	TRUE	M1:cds-XAJ25416.1	CTC	L	CTA	L	233
MP|PP755590.1|A/cattle/Texas/24-008749-003/2024(H5N1)	766	C	A	15513	9635	40	196	0	26	0.0124761	15710	0.0143177	FALSE	M2:cds-XAJ25417.1	CTC	L	CTA	L	18
MP|PP755590.1|A/cattle/Texas/24-008749-003/2024(H5N1)	790	G	A	6	6	42	17289	11400	44	0.999537	17297	0	TRUE	M2:cds-XAJ25417.1	GGG	G	GGA	G	26
MP|PP755590.1|A/cattle/Texas/24-008749-003/2024(H5N1)	884	G	T	14550	13447	36	149	149	26	0.0101354	14701	0.463215	FALSE	M2:cds-XAJ25417.1	GAA	E	TAA	*	57
MP|PP755590.1|A/cattle/Texas/24-008749-003/2024(H5N1)	919	G	A	13107	12639	42	321	307	42	0.0239053	13428	2.9169e-101	TRUE	M2:cds-XAJ25417.1	CGG	R	CGA	R	69
MP|PP755590.1|A/cattle/Texas/24-008749-003/2024(H5N1)	933	G	A	1	1	40	11056	10620	41	0.99991	11057	0	TRUE	M2:cds-XAJ25417.1	AGT	S	AAT	N	73
