REGION	POS	REF	ALT	REF_DP	REF_RV	REF_QUAL	ALT_DP	ALT_RV	ALT_QUAL	ALT_FREQ	TOTAL_DP	PVAL	PASS	GFF_FEATURE	REF_CODON	REF_AA	ALT_CODON	ALT_AA	POS_AA
NA|PP755591.1|A/cattle/Texas/24-008749-003/2024(H5N1)	20	T	C	628	44	36	9	1	41	0.0141287	637	4.68966e-07	TRUE	NA:cds-XAJ25418.1	ATA	I	ACA	T	7
NA|PP755591.1|A/cattle/Texas/24-008749-003/2024(H5N1)	42	T	C	1860	148	36	54	2	35	0.0282132	1914	2.8864e-23	TRUE	NA:cds-XAJ25418.1	TGT	C	TGC	C	14
NA|PP755591.1|A/cattle/Texas/24-008749-003/2024(H5N1)	47	T	C	2101	160	36	22	1	37	0.0103627	2123	1.17158e-07	TRUE	NA:cds-XAJ25418.1	GTA	V	GCA	A	16
NA|PP755591.1|A/cattle/Texas/24-008749-003/2024(H5N1)	56	T	C	2348	199	36	24	1	36	0.010118	2372	3.36831e-08	TRUE	NA:cds-XAJ25418.1	ATA	I	ACA	T	19
NA|PP755591.1|A/cattle/Texas/24-008749-003/2024(H5N1)	498	T	C	7961	3200	35	1329	498	35	0.142995	9294	0	TRUE	NA:cds-XAJ25418.1	GCT	A	GCC	A	166
NA|PP755591.1|A/cattle/Texas/24-008749-003/2024(H5N1)	571	T	C	6	3	34	8333	3588	36	0.99928	8339	0	TRUE	NA:cds-XAJ25418.1	TTG	L	CTG	L	191
NA|PP755591.1|A/cattle/Texas/24-008749-003/2024(H5N1)	1185	A	G	0	0	0	6733	4373	36	0.999851	6734	0	TRUE	NA:cds-XAJ25418.1	GAA	E	GAG	E	395
