REGION	POS	REF	ALT	REF_DP	REF_RV	REF_QUAL	ALT_DP	ALT_RV	ALT_QUAL	ALT_FREQ	TOTAL_DP	PVAL	PASS	GFF_FEATURE	REF_CODON	REF_AA	ALT_CODON	ALT_AA	POS_AA
HA|PP755589.1|A/cattle/Texas/24-008749-003/2024(H5N1)	4	G	A	29	3	32	6	0	34	0.171429	35	2.15826e-06	TRUE	HA:cds-XAJ25415.1	GAG	E	AAG	K	2
HA|PP755589.1|A/cattle/Texas/24-008749-003/2024(H5N1)	102	G	A	330	71	33	108	17	33	0.246575	438	3.80603e-47	TRUE	HA:cds-XAJ25415.1	ACG	T	ACA	T	34
HA|PP755589.1|A/cattle/Texas/24-008749-003/2024(H5N1)	306	T	C	458	221	33	147	76	33	0.242975	605	1.78182e-51	TRUE	HA:cds-XAJ25415.1	GCT	A	GCC	A	102
HA|PP755589.1|A/cattle/Texas/24-008749-003/2024(H5N1)	311	A	G	401	200	33	227	126	33	0.361465	628	1.89781e-82	TRUE	HA:cds-XAJ25415.1	GAC	D	GGC	G	104
HA|PP755589.1|A/cattle/Texas/24-008749-003/2024(H5N1)	651	G	A	0	0	0	496	240	33	1	496	3.65582e-309	TRUE	HA:cds-XAJ25415.1	GGG	G	GGA	G	217
HA|PP755589.1|A/cattle/Texas/24-008749-003/2024(H5N1)	675	G	A	344	174	33	186	65	33	0.350943	530	1.2226e-67	TRUE	HA:cds-XAJ25415.1	TTG	L	TTA	L	225
HA|PP755589.1|A/cattle/Texas/24-008749-003/2024(H5N1)	703	G	A	428	173	33	27	9	31	0.0593407	455	2.68071e-09	TRUE	HA:cds-XAJ25415.1	GTA	V	ATA	I	235
HA|PP755589.1|A/cattle/Texas/24-008749-003/2024(H5N1)	719	G	A	466	216	33	43	16	32	0.0844794	509	1.83757e-14	TRUE	HA:cds-XAJ25415.1	GGA	G	GAA	E	240
HA|PP755589.1|A/cattle/Texas/24-008749-003/2024(H5N1)	1002	A	G	488	251	33	116	61	32	0.192053	604	1.42344e-40	TRUE	HA:cds-XAJ25415.1	AGA	R	AGG	R	334
HA|PP755589.1|A/cattle/Texas/24-008749-003/2024(H5N1)	1007	G	A	362	203	33	200	85	33	0.355872	562	1.05318e-72	TRUE	HA:cds-XAJ25415.1	AGT	S	AAT	N	336
HA|PP755589.1|A/cattle/Texas/24-008749-003/2024(H5N1)	1173	T	C	1178	295	33	121	35	33	0.0930769	1300	6.48936e-38	TRUE	HA:cds-XAJ25415.1	GAT	D	GAC	D	391
