REGION	POS	REF	ALT	REF_DP	REF_RV	REF_QUAL	ALT_DP	ALT_RV	ALT_QUAL	ALT_FREQ	TOTAL_DP	PVAL	PASS	GFF_FEATURE	REF_CODON	REF_AA	ALT_CODON	ALT_AA	POS_AA
NS|PP755593.1|A/cattle/Texas/24-008749-003/2024(H5N1)	20	T	C	1	0	34	2506	339	43	0.999601	2507	0	TRUE	NEP:cds-XAJ25421.1	TTA	L	TCA	S	7
NS|PP755593.1|A/cattle/Texas/24-008749-003/2024(H5N1)	20	T	C	1	0	34	2506	339	43	0.999601	2507	0	TRUE	NS1:cds-XAJ25420.1	TTA	L	TCA	S	7
NS|PP755593.1|A/cattle/Texas/24-008749-003/2024(H5N1)	168	G	T	0	0	0	7275	2114	53	0.99849	7286	0	TRUE	NS1:cds-XAJ25420.1	ACG	T	ACT	T	56
NS|PP755593.1|A/cattle/Texas/24-008749-003/2024(H5N1)	175	C	T	7289	2122	53	174	37	52	0.023315	7463	1.49642e-76	TRUE	NS1:cds-XAJ25420.1	CGT	R	TGT	C	59
NS|PP755593.1|A/cattle/Texas/24-008749-003/2024(H5N1)	183	G	A	5	1	38	7505	2242	53	0.999334	7510	0	TRUE	NS1:cds-XAJ25420.1	GGG	G	GGA	G	61
NS|PP755593.1|A/cattle/Texas/24-008749-003/2024(H5N1)	222	T	C	5	0	52	8622	3025	55	0.999305	8628	0	TRUE	NS1:cds-XAJ25420.1	GAT	D	GAC	D	74
