REGION	POS	REF	ALT	REF_DP	REF_RV	REF_QUAL	ALT_DP	ALT_RV	ALT_QUAL	ALT_FREQ	TOTAL_DP	PVAL	PASS	GFF_FEATURE	REF_CODON	REF_AA	ALT_CODON	ALT_AA	POS_AA
HA|PP755589.1|A/cattle/Texas/24-008749-003/2024(H5N1)	4	G	A	0	0	0	41	3	33	1	41	1.76607e-29	TRUE	HA:cds-XAJ25415.1	GAG	E	AAG	K	2
HA|PP755589.1|A/cattle/Texas/24-008749-003/2024(H5N1)	28	A	G	721	59	33	18	1	34	0.0243572	739	5.34351e-09	TRUE	HA:cds-XAJ25415.1	ATA	I	GTA	V	10
HA|PP755589.1|A/cattle/Texas/24-008749-003/2024(H5N1)	311	A	G	0	0	0	2945	1288	33	0.999321	2947	0	TRUE	HA:cds-XAJ25415.1	GAC	D	GGC	G	104
HA|PP755589.1|A/cattle/Texas/24-008749-003/2024(H5N1)	324	A	G	3333	1416	33	64	30	33	0.0188235	3400	4.70804e-17	TRUE	HA:cds-XAJ25415.1	CCA	P	CCG	P	108
HA|PP755589.1|A/cattle/Texas/24-008749-003/2024(H5N1)	439	G	A	4	2	34	3384	1818	33	0.99823	3390	0	TRUE	HA:cds-XAJ25415.1	GTG	V	ATG	M	147
HA|PP755589.1|A/cattle/Texas/24-008749-003/2024(H5N1)	651	G	A	2	2	34	3572	1504	33	0.998602	3577	0	TRUE	HA:cds-XAJ25415.1	GGG	G	GGA	G	217
HA|PP755589.1|A/cattle/Texas/24-008749-003/2024(H5N1)	675	G	A	3	2	34	3336	1421	32	0.996118	3349	0	TRUE	HA:cds-XAJ25415.1	TTG	L	TTA	L	225
HA|PP755589.1|A/cattle/Texas/24-008749-003/2024(H5N1)	711	G	A	3247	1461	33	131	68	33	0.0387689	3379	1.02611e-37	TRUE	HA:cds-XAJ25415.1	GGG	G	GGA	G	237
HA|PP755589.1|A/cattle/Texas/24-008749-003/2024(H5N1)	900	G	A	3087	1621	33	584	251	33	0.159085	3671	6.831e-186	TRUE	HA:cds-XAJ25415.1	GCG	A	GCA	A	300
HA|PP755589.1|A/cattle/Texas/24-008749-003/2024(H5N1)	1007	G	A	2	1	34	3966	2204	33	0.998992	3970	0	TRUE	HA:cds-XAJ25415.1	AGT	S	AAT	N	336
HA|PP755589.1|A/cattle/Texas/24-008749-003/2024(H5N1)	1083	A	G	3885	1786	33	561	279	32	0.126124	4448	2.05782e-176	TRUE	HA:cds-XAJ25415.1	GGA	G	GGG	G	361
HA|PP755589.1|A/cattle/Texas/24-008749-003/2024(H5N1)	1173	T	C	0	0	0	8252	1818	33	0.999879	8253	0	TRUE	HA:cds-XAJ25415.1	GAT	D	GAC	D	391
HA|PP755589.1|A/cattle/Texas/24-008749-003/2024(H5N1)	1668	C	T	6114	5533	33	73	65	32	0.0117989	6187	1.43689e-16	TRUE	HA:cds-XAJ25415.1	TGC	C	TGT	C	556
