REGION	POS	REF	ALT	REF_DP	REF_RV	REF_QUAL	ALT_DP	ALT_RV	ALT_QUAL	ALT_FREQ	TOTAL_DP	PVAL	PASS	GFF_FEATURE	REF_CODON	REF_AA	ALT_CODON	ALT_AA	POS_AA
HA|PP755589.1|A/cattle/Texas/24-008749-003/2024(H5N1)	4	G	A	0	0	0	29	0	33	1	29	6.61088e-24	TRUE	HA:cds-XAJ25415.1	GAG	E	AAG	K	2
HA|PP755589.1|A/cattle/Texas/24-008749-003/2024(H5N1)	311	A	G	4	4	34	2592	1173	35	0.998459	2596	0	TRUE	HA:cds-XAJ25415.1	GAC	D	GGC	G	104
HA|PP755589.1|A/cattle/Texas/24-008749-003/2024(H5N1)	439	G	A	36	26	34	2865	1587	37	0.98725	2902	0	TRUE	HA:cds-XAJ25415.1	GTG	V	ATG	M	147
HA|PP755589.1|A/cattle/Texas/24-008749-003/2024(H5N1)	651	G	A	3	1	45	2948	1322	35	0.998307	2953	0	TRUE	HA:cds-XAJ25415.1	GGG	G	GGA	G	217
HA|PP755589.1|A/cattle/Texas/24-008749-003/2024(H5N1)	675	G	A	2	1	34	2820	1241	34	0.99823	2825	0	TRUE	HA:cds-XAJ25415.1	TTG	L	TTA	L	225
HA|PP755589.1|A/cattle/Texas/24-008749-003/2024(H5N1)	1007	G	A	1	0	34	2869	1654	36	0.998955	2872	0	TRUE	HA:cds-XAJ25415.1	AGT	S	AAT	N	336
HA|PP755589.1|A/cattle/Texas/24-008749-003/2024(H5N1)	1170	A	G	2	1	34	4708	1085	35	0.999575	4710	0	TRUE	HA:cds-XAJ25415.1	ATA	I	ATG	M	390
HA|PP755589.1|A/cattle/Texas/24-008749-003/2024(H5N1)	1173	T	C	1	0	34	4797	1205	36	0.999792	4798	0	TRUE	HA:cds-XAJ25415.1	GAT	D	GAC	D	391
HA|PP755589.1|A/cattle/Texas/24-008749-003/2024(H5N1)	1407	A	G	3	2	34	5631	3368	35	0.99929	5635	0	TRUE	HA:cds-XAJ25415.1	TTA	L	TTG	L	469
HA|PP755589.1|A/cattle/Texas/24-008749-003/2024(H5N1)	1450	G	A	5385	2780	36	646	288	35	0.107113	6031	3.16648e-209	TRUE	HA:cds-XAJ25415.1	GAA	E	AAA	K	484
HA|PP755589.1|A/cattle/Texas/24-008749-003/2024(H5N1)	1626	A	G	0	0	0	4889	4362	40	1	4889	0	TRUE	HA:cds-XAJ25415.1	CTA	L	CTG	L	542
