REGION	POS	REF	ALT	REF_DP	REF_RV	REF_QUAL	ALT_DP	ALT_RV	ALT_QUAL	ALT_FREQ	TOTAL_DP	PVAL	PASS	GFF_FEATURE	REF_CODON	REF_AA	ALT_CODON	ALT_AA	POS_AA
NS|PP755593.1|A/cattle/Texas/24-008749-003/2024(H5N1)	196	G	A	21806	10414	33	2394	844	32	0.0989256	24200	0	TRUE	NS1:cds-XAJ25420.1	GAG	E	AAG	K	66
NS|PP755593.1|A/cattle/Texas/24-008749-003/2024(H5N1)	199	A	G	3	1	31	23468	10643	33	0.999744	23474	0	TRUE	NS1:cds-XAJ25420.1	AGG	R	GGG	G	67
NS|PP755593.1|A/cattle/Texas/24-008749-003/2024(H5N1)	222	T	C	1	1	34	25233	12746	33	0.999842	25237	0	TRUE	NS1:cds-XAJ25420.1	GAT	D	GAC	D	74
NS|PP755593.1|A/cattle/Texas/24-008749-003/2024(H5N1)	387	A	G	3	1	34	24733	11655	33	0.999636	24742	0	TRUE	NS1:cds-XAJ25420.1	ATA	I	ATG	M	129
