REGION	POS	REF	ALT	REF_DP	REF_RV	REF_QUAL	ALT_DP	ALT_RV	ALT_QUAL	ALT_FREQ	TOTAL_DP	PVAL	PASS	GFF_FEATURE	REF_CODON	REF_AA	ALT_CODON	ALT_AA	POS_AA
PB2|PP755596.1|A/cattle/Texas/24-008749-003/2024(H5N1)	319	A	G	7340	3841	33	174	100	32	0.0231568	7514	4.34761e-44	TRUE	PB2:cds-XAJ25426.1	AGT	S	GGT	G	107
PB2|PP755596.1|A/cattle/Texas/24-008749-003/2024(H5N1)	691	G	A	5907	3239	33	1602	863	32	0.213344	7509	0	TRUE	PB2:cds-XAJ25426.1	GTG	V	ATG	M	231
PB2|PP755596.1|A/cattle/Texas/24-008749-003/2024(H5N1)	746	A	G	0	0	0	7304	3298	33	1	7304	0	TRUE	PB2:cds-XAJ25426.1	GAA	E	GGA	G	249
PB2|PP755596.1|A/cattle/Texas/24-008749-003/2024(H5N1)	764	C	T	2	0	34	7191	3282	33	0.999722	7193	0	TRUE	PB2:cds-XAJ25426.1	GCA	A	GTA	V	255
PB2|PP755596.1|A/cattle/Texas/24-008749-003/2024(H5N1)	1242	T	C	2	2	34	7410	2861	33	0.99946	7414	0	TRUE	PB2:cds-XAJ25426.1	GTT	V	GTC	V	414
PB2|PP755596.1|A/cattle/Texas/24-008749-003/2024(H5N1)	1254	G	T	7692	3040	33	204	73	33	0.0258326	7897	1.12175e-51	TRUE	PB2:cds-XAJ25426.1	CTG	L	CTT	L	418
PB2|PP755596.1|A/cattle/Texas/24-008749-003/2024(H5N1)	1311	C	T	5	1	34	8027	3344	33	0.999377	8032	0	TRUE	PB2:cds-XAJ25426.1	CAC	H	CAT	H	437
PB2|PP755596.1|A/cattle/Texas/24-008749-003/2024(H5N1)	1508	G	A	7369	3165	33	1362	602	33	0.155996	8731	0	TRUE	PB2:cds-XAJ25426.1	AGA	R	AAA	K	503
PB2|PP755596.1|A/cattle/Texas/24-008749-003/2024(H5N1)	1711	T	C	8164	4695	33	817	441	33	0.0909394	8984	3.84238e-241	TRUE	PB2:cds-XAJ25426.1	TTG	L	CTG	L	571
PB2|PP755596.1|A/cattle/Texas/24-008749-003/2024(H5N1)	2175	A	G	7470	5373	33	211	164	33	0.0274668	7682	2.52669e-55	TRUE	PB2:cds-XAJ25426.1	CTA	L	CTG	L	725
