REGION	POS	REF	ALT	REF_DP	REF_RV	REF_QUAL	ALT_DP	ALT_RV	ALT_QUAL	ALT_FREQ	TOTAL_DP	PVAL	PASS	GFF_FEATURE	REF_CODON	REF_AA	ALT_CODON	ALT_AA	POS_AA
HA|PP755589.1|A/cattle/Texas/24-008749-003/2024(H5N1)	5	A	G	81	6	35	1	0	34	0.0121951	82	0.122206	FALSE	HA:cds-XAJ25415.1	GAG	E	GGG	G	2
HA|PP755589.1|A/cattle/Texas/24-008749-003/2024(H5N1)	204	A	G	1559	651	37	21	11	35	0.0132911	1580	1.23957e-06	TRUE	HA:cds-XAJ25415.1	TTA	L	TTG	L	68
HA|PP755589.1|A/cattle/Texas/24-008749-003/2024(H5N1)	651	G	A	1	1	34	1945	833	35	0.999486	1946	0	TRUE	HA:cds-XAJ25415.1	GGG	G	GGA	G	217
HA|PP755589.1|A/cattle/Texas/24-008749-003/2024(H5N1)	671	G	A	2006	828	35	32	17	35	0.0157017	2038	6.45324e-09	TRUE	HA:cds-XAJ25415.1	AGG	R	AAG	K	224
HA|PP755589.1|A/cattle/Texas/24-008749-003/2024(H5N1)	699	C	T	1836	892	35	19	6	41	0.0102426	1855	7.91161e-07	TRUE	HA:cds-XAJ25415.1	TCC	S	TCT	S	233
HA|PP755589.1|A/cattle/Texas/24-008749-003/2024(H5N1)	1130	G	A	4481	909	35	59	15	33	0.0129956	4540	1.12668e-14	TRUE	HA:cds-XAJ25415.1	AGT	S	AAT	N	377
HA|PP755589.1|A/cattle/Texas/24-008749-003/2024(H5N1)	1332	A	G	5965	2740	36	165	62	36	0.0269168	6130	2.19459e-45	TRUE	HA:cds-XAJ25415.1	CTA	L	CTG	L	444
HA|PP755589.1|A/cattle/Texas/24-008749-003/2024(H5N1)	1443	C	G	0	0	0	6404	3032	36	1	6404	0	TRUE	HA:cds-XAJ25415.1	GGC	G	GGG	G	481
HA|PP755589.1|A/cattle/Texas/24-008749-003/2024(H5N1)	1461	C	-A	6318	3376	36	99	0	20	0.0141489	6997	0.00240768	TRUE	NA	NA	NA	NA	NA	NA
HA|PP755589.1|A/cattle/Texas/24-008749-003/2024(H5N1)	1487	G	T	6058	3516	36	94	50	36	0.0152771	6153	5.44938e-24	TRUE	HA:cds-XAJ25415.1	AGT	S	ATT	I	496
