REGION	POS	REF	ALT	REF_DP	REF_RV	REF_QUAL	ALT_DP	ALT_RV	ALT_QUAL	ALT_FREQ	TOTAL_DP	PVAL	PASS	GFF_FEATURE	REF_CODON	REF_AA	ALT_CODON	ALT_AA	POS_AA
NA|PP755591.1|A/cattle/Texas/24-008749-003/2024(H5N1)	130	T	C	1210	407	33	23	3	32	0.0186537	1233	4.38858e-08	TRUE	NA:cds-XAJ25418.1	TAC	Y	CAC	H	44
NA|PP755591.1|A/cattle/Texas/24-008749-003/2024(H5N1)	227	C	T	1636	788	33	175	88	33	0.0965251	1813	4.75078e-55	TRUE	NA:cds-XAJ25418.1	GCT	A	GTT	V	76
NA|PP755591.1|A/cattle/Texas/24-008749-003/2024(H5N1)	242	C	A	1836	887	33	34	29	33	0.0181818	1870	3.40661e-10	TRUE	NA:cds-XAJ25418.1	ACT	T	AAT	N	81
NA|PP755591.1|A/cattle/Texas/24-008749-003/2024(H5N1)	244	T	C	1774	806	33	29	17	33	0.0160754	1804	9.56085e-09	TRUE	NA:cds-XAJ25418.1	TCG	S	CCG	P	82
NA|PP755591.1|A/cattle/Texas/24-008749-003/2024(H5N1)	393	C	T	2069	985	33	67	34	32	0.0313524	2137	8.71345e-19	TRUE	NA:cds-XAJ25418.1	ACC	T	ACT	T	131
NA|PP755591.1|A/cattle/Texas/24-008749-003/2024(H5N1)	571	T	C	0	0	0	2034	983	33	1	2034	0	TRUE	NA:cds-XAJ25418.1	TTG	L	CTG	L	191
NA|PP755591.1|A/cattle/Texas/24-008749-003/2024(H5N1)	921	T	C	2110	1046	33	80	37	33	0.0365297	2190	6.2208e-23	TRUE	NA:cds-XAJ25418.1	AAT	N	AAC	N	307
NA|PP755591.1|A/cattle/Texas/24-008749-003/2024(H5N1)	969	G	T	2456	971	33	52	20	33	0.0207337	2508	3.26879e-14	TRUE	NA:cds-XAJ25418.1	GGG	G	GGT	G	323
NA|PP755591.1|A/cattle/Texas/24-008749-003/2024(H5N1)	1185	A	G	1	1	20	2399	1355	33	0.999583	2400	0	TRUE	NA:cds-XAJ25418.1	GAA	E	GAG	E	395
NA|PP755591.1|A/cattle/Texas/24-008749-003/2024(H5N1)	1289	G	C	1556	652	32	28	28	29	0.0176656	1585	0.0193232	FALSE	NA:cds-XAJ25418.1	AGG	R	ACG	T	430
NA|PP755591.1|A/cattle/Texas/24-008749-003/2024(H5N1)	1290	G	C	1613	751	32	18	18	26	0.0110362	1631	0.385477	FALSE	NA:cds-XAJ25418.1	AGG	R	AGC	S	430
NA|PP755591.1|A/cattle/Texas/24-008749-003/2024(H5N1)	1360	G	A	1558	1239	33	97	79	33	0.0586103	1655	3.04332e-29	TRUE	NA:cds-XAJ25418.1	GGT	G	AGT	S	454
