REGION	POS	REF	ALT	REF_DP	REF_RV	REF_QUAL	ALT_DP	ALT_RV	ALT_QUAL	ALT_FREQ	TOTAL_DP	PVAL	PASS	GFF_FEATURE	REF_CODON	REF_AA	ALT_CODON	ALT_AA	POS_AA
NP|PP755592.1|A/cattle/Texas/24-008749-003/2024(H5N1)	355	A	G	0	0	0	5105	2895	36	1	5105	0	TRUE	NP:cds-XAJ25419.1	ATT	I	GTT	V	119
NP|PP755592.1|A/cattle/Texas/24-008749-003/2024(H5N1)	498	G	A	0	0	0	5207	2259	36	1	5207	0	TRUE	NP:cds-XAJ25419.1	CTG	L	CTA	L	166
NP|PP755592.1|A/cattle/Texas/24-008749-003/2024(H5N1)	688	T	C	4432	2511	36	509	297	36	0.102953	4944	1.14467e-152	TRUE	NP:cds-XAJ25419.1	TTC	F	CTC	L	230
NP|PP755592.1|A/cattle/Texas/24-008749-003/2024(H5N1)	870	C	T	4	1	29	5328	2773	36	0.999062	5333	0	TRUE	NP:cds-XAJ25419.1	GAC	D	GAT	D	290
NP|PP755592.1|A/cattle/Texas/24-008749-003/2024(H5N1)	1014	T	C	1	1	37	5230	2641	36	0.999618	5232	0	TRUE	NP:cds-XAJ25419.1	TTT	F	TTC	F	338
NP|PP755592.1|A/cattle/Texas/24-008749-003/2024(H5N1)	1092	G	A	4	2	34	5457	2720	36	0.999268	5461	0	TRUE	NP:cds-XAJ25419.1	CAG	Q	CAA	Q	364
NP|PP755592.1|A/cattle/Texas/24-008749-003/2024(H5N1)	1143	G	A	5383	2881	36	509	240	35	0.0863883	5892	5.96271e-150	TRUE	NP:cds-XAJ25419.1	CTG	L	CTA	L	381
NP|PP755592.1|A/cattle/Texas/24-008749-003/2024(H5N1)	1249	A	G	4618	2253	36	508	328	36	0.0991026	5126	6.2203e-151	TRUE	NP:cds-XAJ25419.1	AAC	N	GAC	D	417
