REGION	POS	REF	ALT	REF_DP	REF_RV	REF_QUAL	ALT_DP	ALT_RV	ALT_QUAL	ALT_FREQ	TOTAL_DP	PVAL	PASS	GFF_FEATURE	REF_CODON	REF_AA	ALT_CODON	ALT_AA	POS_AA
NS|PP755593.1|A/cattle/Texas/24-008749-003/2024(H5N1)	71	A	G	15362	4213	33	162	46	33	0.0104355	15524	3.82471e-42	TRUE	NS1:cds-XAJ25420.1	GAC	D	GGC	G	24
NS|PP755593.1|A/cattle/Texas/24-008749-003/2024(H5N1)	199	A	G	4	1	32	26243	12636	33	0.999771	26249	0	TRUE	NS1:cds-XAJ25420.1	AGG	R	GGG	G	67
NS|PP755593.1|A/cattle/Texas/24-008749-003/2024(H5N1)	208	G	A	27858	14087	33	305	128	33	0.0108275	28169	6.40658e-62	TRUE	NS1:cds-XAJ25420.1	GAG	E	AAG	K	70
NS|PP755593.1|A/cattle/Texas/24-008749-003/2024(H5N1)	217	T	G	27455	13884	33	1715	990	33	0.0587832	29175	0	TRUE	NS1:cds-XAJ25420.1	TCC	S	GCC	A	73
NS|PP755593.1|A/cattle/Texas/24-008749-003/2024(H5N1)	222	T	C	2	1	34	28138	14825	33	0.999858	28142	0	TRUE	NS1:cds-XAJ25420.1	GAT	D	GAC	D	74
NS|PP755593.1|A/cattle/Texas/24-008749-003/2024(H5N1)	417	T	C	25322	12641	33	391	172	33	0.0152045	25716	1.49969e-89	TRUE	NS1:cds-XAJ25420.1	AAT	N	AAC	N	139
NS|PP755593.1|A/cattle/Texas/24-008749-003/2024(H5N1)	499	C	T	29199	15721	33	353	238	33	0.0119446	29553	6.3781e-74	TRUE	NS1:cds-XAJ25420.1	CCA	P	TCA	S	167
