REGION	POS	REF	ALT	REF_DP	REF_RV	REF_QUAL	ALT_DP	ALT_RV	ALT_QUAL	ALT_FREQ	TOTAL_DP	PVAL	PASS	GFF_FEATURE	REF_CODON	REF_AA	ALT_CODON	ALT_AA	POS_AA
HA|PP755589.1|A/cattle/Texas/24-008749-003/2024(H5N1)	5	A	G	92	2	34	2	0	34	0.0212766	94	0.0259422	FALSE	HA:cds-XAJ25415.1	GAG	E	GGG	G	2
HA|PP755589.1|A/cattle/Texas/24-008749-003/2024(H5N1)	149	A	G	1097	362	42	19	4	35	0.0170251	1116	1.66142e-06	TRUE	HA:cds-XAJ25415.1	GAA	E	GGA	G	50
HA|PP755589.1|A/cattle/Texas/24-008749-003/2024(H5N1)	431	C	-ACT	1336	745	33	643	0	20	0.408513	1574	2.8741e-162	TRUE	NA	NA	NA	NA	NA	NA
HA|PP755589.1|A/cattle/Texas/24-008749-003/2024(H5N1)	465	A	G	0	0	0	1185	540	38	1	1185	0	TRUE	HA:cds-XAJ25415.1	GGA	G	GGG	G	155
HA|PP755589.1|A/cattle/Texas/24-008749-003/2024(H5N1)	651	G	A	0	0	0	1320	611	38	1	1320	0	TRUE	HA:cds-XAJ25415.1	GGG	G	GGA	G	217
HA|PP755589.1|A/cattle/Texas/24-008749-003/2024(H5N1)	700	C	A	707	269	36	732	369	36	0.508687	1439	7.66525e-294	TRUE	HA:cds-XAJ25415.1	CAA	Q	AAA	K	234
HA|PP755589.1|A/cattle/Texas/24-008749-003/2024(H5N1)	718	G	A	1309	567	38	14	3	38	0.010582	1323	0.000186012	TRUE	HA:cds-XAJ25415.1	GGA	G	AGA	R	240
HA|PP755589.1|A/cattle/Texas/24-008749-003/2024(H5N1)	744	C	T	1318	551	37	34	13	37	0.0251479	1352	9.04342e-11	TRUE	HA:cds-XAJ25415.1	ATC	I	ATT	I	248
HA|PP755589.1|A/cattle/Texas/24-008749-003/2024(H5N1)	866	A	T	779	458	38	678	389	37	0.465021	1458	5.14326e-274	TRUE	HA:cds-XAJ25415.1	CAT	H	CTT	L	289
HA|PP755589.1|A/cattle/Texas/24-008749-003/2024(H5N1)	957	C	T	755	339	37	724	413	37	0.48952	1479	2.16117e-294	TRUE	HA:cds-XAJ25415.1	CCC	P	CCT	P	319
HA|PP755589.1|A/cattle/Texas/24-008749-003/2024(H5N1)	1076	G	A	1484	610	36	18	4	34	0.011984	1502	7.60729e-06	TRUE	HA:cds-XAJ25415.1	TGG	W	TAG	*	359
HA|PP755589.1|A/cattle/Texas/24-008749-003/2024(H5N1)	1275	G	A	0	0	0	2220	1093	38	1	2220	0	TRUE	HA:cds-XAJ25415.1	TTG	L	TTA	L	425
HA|PP755589.1|A/cattle/Texas/24-008749-003/2024(H5N1)	1330	C	T	1392	619	37	1400	754	36	0.501433	2792	0	TRUE	HA:cds-XAJ25415.1	CTA	L	TTA	L	444
HA|PP755589.1|A/cattle/Texas/24-008749-003/2024(H5N1)	1429	G	A	2742	1228	37	45	16	36	0.0161464	2787	2.76645e-12	TRUE	HA:cds-XAJ25415.1	GAG	E	AAG	K	477
HA|PP755589.1|A/cattle/Texas/24-008749-003/2024(H5N1)	1464	A	G	1307	631	37	1140	500	37	0.465496	2449	0	TRUE	HA:cds-XAJ25415.1	AAA	K	AAG	K	488
HA|PP755589.1|A/cattle/Texas/24-008749-003/2024(H5N1)	1671	C	G	977	925	37	962	919	36	0.496132	1939	0	TRUE	HA:cds-XAJ25415.1	TCC	S	TCG	S	557
