REGION	POS	REF	ALT	REF_DP	REF_RV	REF_QUAL	ALT_DP	ALT_RV	ALT_QUAL	ALT_FREQ	TOTAL_DP	PVAL	PASS	GFF_FEATURE	REF_CODON	REF_AA	ALT_CODON	ALT_AA	POS_AA
PA|PP755594.1|A/cattle/Texas/24-008749-003/2024(H5N1)	6	A	G	46	4	33	2	0	34	0.0416667	48	0.00777979	TRUE	NA	NA	NA	NA	NA	NA
PA|PP755594.1|A/cattle/Texas/24-008749-003/2024(H5N1)	8	A	G	56	5	33	1	0	34	0.0175439	57	0.102151	FALSE	NA	NA	NA	NA	NA	NA
PA|PP755594.1|A/cattle/Texas/24-008749-003/2024(H5N1)	18	A	G	89	7	33	1	0	26	0.0111111	90	0.609467	FALSE	NA	NA	NA	NA	NA	NA
PA|PP755594.1|A/cattle/Texas/24-008749-003/2024(H5N1)	20	A	G	93	8	33	1	0	34	0.0106383	94	0.148499	FALSE	NA	NA	NA	NA	NA	NA
PA|PP755594.1|A/cattle/Texas/24-008749-003/2024(H5N1)	41	T	C	193	28	33	2	0	26	0.0102564	195	0.591573	FALSE	NA	NA	NA	NA	NA	NA
PA|PP755594.1|A/cattle/Texas/24-008749-003/2024(H5N1)	91	G	A	340	80	33	7	2	34	0.0201729	347	0.000242278	TRUE	NA	NA	NA	NA	NA	NA
PA|PP755594.1|A/cattle/Texas/24-008749-003/2024(H5N1)	117	C	T	526	208	33	6	3	32	0.0112782	532	0.0018703	TRUE	NA	NA	NA	NA	NA	NA
PA|PP755594.1|A/cattle/Texas/24-008749-003/2024(H5N1)	670	T	C	1032	504	33	11	5	32	0.0105465	1043	0.00298596	TRUE	NA	NA	NA	NA	NA	NA
PA|PP755594.1|A/cattle/Texas/24-008749-003/2024(H5N1)	1196	A	G	4	1	34	1027	480	33	0.99612	1031	0	TRUE	NA	NA	NA	NA	NA	NA
