REGION	POS	REF	ALT	REF_DP	REF_RV	REF_QUAL	ALT_DP	ALT_RV	ALT_QUAL	ALT_FREQ	TOTAL_DP	PVAL	PASS	GFF_FEATURE	REF_CODON	REF_AA	ALT_CODON	ALT_AA	POS_AA
NA|PP755591.1|A/cattle/Texas/24-008749-003/2024(H5N1)	54	G	A	1714	326	39	54	9	39	0.030543	1768	5.8993e-24	TRUE	NA:cds-XAJ25418.1	GGG	G	GGA	G	18
NA|PP755591.1|A/cattle/Texas/24-008749-003/2024(H5N1)	294	A	G	4461	2229	38	62	41	38	0.0137077	4523	1.17959e-16	TRUE	NA:cds-XAJ25418.1	GCA	A	GCG	A	98
NA|PP755591.1|A/cattle/Texas/24-008749-003/2024(H5N1)	571	T	C	1	0	34	4514	2261	39	0.999557	4516	0	TRUE	NA:cds-XAJ25418.1	TTG	L	CTG	L	191
NA|PP755591.1|A/cattle/Texas/24-008749-003/2024(H5N1)	702	A	C	4410	2347	39	104	51	37	0.0230343	4515	1.23604e-30	TRUE	NA:cds-XAJ25418.1	GTA	V	GTC	V	234
NA|PP755591.1|A/cattle/Texas/24-008749-003/2024(H5N1)	794	A	G	3738	2255	38	55	29	35	0.0144889	3796	1.08946e-15	TRUE	NA:cds-XAJ25418.1	AAA	K	AGA	R	265
NA|PP755591.1|A/cattle/Texas/24-008749-003/2024(H5N1)	807	G	A	4200	2613	40	61	36	38	0.0143092	4263	7.61001e-17	TRUE	NA:cds-XAJ25418.1	ATG	M	ATA	I	269
NA|PP755591.1|A/cattle/Texas/24-008749-003/2024(H5N1)	942	A	G	4651	2131	41	326	170	39	0.065475	4979	3.05568e-114	TRUE	NA:cds-XAJ25418.1	ATA	I	ATG	M	314
NA|PP755591.1|A/cattle/Texas/24-008749-003/2024(H5N1)	1185	A	G	1	0	68	6537	3668	39	0.999694	6539	0	TRUE	NA:cds-XAJ25418.1	GAA	E	GAG	E	395
NA|PP755591.1|A/cattle/Texas/24-008749-003/2024(H5N1)	1187	T	C	6223	3330	39	69	36	39	0.0109524	6300	7.96277e-18	TRUE	NA:cds-XAJ25418.1	ATA	I	ACA	T	396
NA|PP755591.1|A/cattle/Texas/24-008749-003/2024(H5N1)	1289	G	C	4365	2383	43	56	56	28	0.012664	4422	0.0880062	FALSE	NA:cds-XAJ25418.1	AGG	R	ACG	T	430
