REGION	POS	REF	ALT	REF_DP	REF_RV	REF_QUAL	ALT_DP	ALT_RV	ALT_QUAL	ALT_FREQ	TOTAL_DP	PVAL	PASS	GFF_FEATURE	REF_CODON	REF_AA	ALT_CODON	ALT_AA	POS_AA
MP|PP755590.1|A/cattle/Texas/24-008749-003/2024(H5N1)	60	C	T	9976	1122	36	120	12	32	0.0118847	10097	6.98597e-39	TRUE	M1:cds-XAJ25416.1	CTC	L	CTT	L	20
MP|PP755590.1|A/cattle/Texas/24-008749-003/2024(H5N1)	245	G	A	4	1	38	27173	11833	38	0.999742	27180	0	TRUE	M1:cds-XAJ25416.1	AGT	S	AAT	N	82
MP|PP755590.1|A/cattle/Texas/24-008749-003/2024(H5N1)	785	A	G	25790	15344	40	802	531	38	0.0301526	26598	6.47636e-235	TRUE	M2:cds-XAJ25417.1	ATT	I	GTT	V	24
