REGION	POS	REF	ALT	REF_DP	REF_RV	REF_QUAL	ALT_DP	ALT_RV	ALT_QUAL	ALT_FREQ	TOTAL_DP	PVAL	PASS	GFF_FEATURE	REF_CODON	REF_AA	ALT_CODON	ALT_AA	POS_AA
HA|PP755589.1|A/cattle/Texas/24-008749-003/2024(H5N1)	399	T	C	0	0	0	432	234	58	1	432	0	TRUE	HA:cds-XAJ25415.1	ATT	I	ATC	I	133
HA|PP755589.1|A/cattle/Texas/24-008749-003/2024(H5N1)	426	A	C	0	0	0	448	243	58	0.997773	449	0	TRUE	HA:cds-XAJ25415.1	GAA	E	GAC	D	142
HA|PP755589.1|A/cattle/Texas/24-008749-003/2024(H5N1)	567	G	A	495	255	58	6	3	53	0.011976	501	0.00314276	TRUE	HA:cds-XAJ25415.1	TTG	L	TTA	L	189
HA|PP755589.1|A/cattle/Texas/24-008749-003/2024(H5N1)	601	G	A	502	233	58	9	2	51	0.0176125	511	0.000173456	TRUE	HA:cds-XAJ25415.1	GAA	E	AAA	K	201
HA|PP755589.1|A/cattle/Texas/24-008749-003/2024(H5N1)	632	T	G	0	0	0	499	246	60	1	499	0	TRUE	HA:cds-XAJ25415.1	ATC	I	AGC	S	211
HA|PP755589.1|A/cattle/Texas/24-008749-003/2024(H5N1)	651	G	A	1	1	39	487	240	61	0.997951	488	0	TRUE	HA:cds-XAJ25415.1	GGG	G	GGA	G	217
HA|PP755589.1|A/cattle/Texas/24-008749-003/2024(H5N1)	754	G	A	492	231	62	7	3	63	0.0140281	499	0.000967009	TRUE	HA:cds-XAJ25415.1	GAT	D	AAT	N	252
HA|PP755589.1|A/cattle/Texas/24-008749-003/2024(H5N1)	780	C	T	484	235	60	8	5	62	0.0162602	492	0.000377306	TRUE	HA:cds-XAJ25415.1	AAC	N	AAT	N	260
HA|PP755589.1|A/cattle/Texas/24-008749-003/2024(H5N1)	801	A	G	0	0	0	484	239	58	1	484	0	TRUE	HA:cds-XAJ25415.1	GAA	E	GAG	E	267
HA|PP755589.1|A/cattle/Texas/24-008749-003/2024(H5N1)	819	T	C	0	0	0	468	246	59	1	468	0	TRUE	HA:cds-XAJ25415.1	GTT	V	GTC	V	273
HA|PP755589.1|A/cattle/Texas/24-008749-003/2024(H5N1)	834	G	A	1	1	38	475	261	59	0.997899	476	0	TRUE	HA:cds-XAJ25415.1	TCG	S	TCA	S	278
HA|PP755589.1|A/cattle/Texas/24-008749-003/2024(H5N1)	867	T	C	0	0	0	456	243	57	1	456	0	TRUE	HA:cds-XAJ25415.1	CAT	H	CAC	H	289
HA|PP755589.1|A/cattle/Texas/24-008749-003/2024(H5N1)	921	T	C	0	0	0	439	257	59	1	439	0	TRUE	HA:cds-XAJ25415.1	TTT	F	TTC	F	307
HA|PP755589.1|A/cattle/Texas/24-008749-003/2024(H5N1)	1314	A	C	0	0	0	801	388	63	0.998753	802	0	TRUE	HA:cds-XAJ25415.1	ACA	T	ACC	T	438
HA|PP755589.1|A/cattle/Texas/24-008749-003/2024(H5N1)	1485	A	G	0	0	0	690	386	60	1	690	0	TRUE	HA:cds-XAJ25415.1	GAA	E	GAG	E	495
