REGION	POS	REF	ALT	REF_DP	REF_RV	REF_QUAL	ALT_DP	ALT_RV	ALT_QUAL	ALT_FREQ	TOTAL_DP	PVAL	PASS	GFF_FEATURE	REF_CODON	REF_AA	ALT_CODON	ALT_AA	POS_AA
NA|PP755591.1|A/cattle/Texas/24-008749-003/2024(H5N1)	17	A	G	215	24	37	26	2	37	0.107884	241	3.37481e-19	TRUE	NA:cds-XAJ25418.1	AAG	K	AGG	R	6
NA|PP755591.1|A/cattle/Texas/24-008749-003/2024(H5N1)	25	A	G	289	29	37	82	9	37	0.221024	371	6.73596e-51	TRUE	NA:cds-XAJ25418.1	ACC	T	GCC	A	9
NA|PP755591.1|A/cattle/Texas/24-008749-003/2024(H5N1)	146	G	A	2001	500	39	40	11	38	0.0195982	2041	3.1156e-12	TRUE	NA:cds-XAJ25418.1	TGC	C	TAC	Y	49
NA|PP755591.1|A/cattle/Texas/24-008749-003/2024(H5N1)	197	A	G	2356	1042	39	31	13	40	0.012987	2387	1.63713e-11	TRUE	NA:cds-XAJ25418.1	TAT	Y	TGT	C	66
NA|PP755591.1|A/cattle/Texas/24-008749-003/2024(H5N1)	571	T	C	1	0	34	2354	1106	37	0.999575	2355	0	TRUE	NA:cds-XAJ25418.1	TTG	L	CTG	L	191
NA|PP755591.1|A/cattle/Texas/24-008749-003/2024(H5N1)	572	T	C	2339	1076	37	26	11	35	0.0109937	2365	2.27318e-07	TRUE	NA:cds-XAJ25418.1	TTG	L	TCG	S	191
NA|PP755591.1|A/cattle/Texas/24-008749-003/2024(H5N1)	902	G	A	2494	1157	37	68	24	34	0.0265314	2563	1.72741e-20	TRUE	NA:cds-XAJ25418.1	CGG	R	CAG	Q	301
NA|PP755591.1|A/cattle/Texas/24-008749-003/2024(H5N1)	1185	A	G	2	1	27	2796	1694	36	0.999285	2798	0	TRUE	NA:cds-XAJ25418.1	GAA	E	GAG	E	395
NA|PP755591.1|A/cattle/Texas/24-008749-003/2024(H5N1)	1289	G	C	1509	880	37	20	20	30	0.0130719	1530	7.3899e-08	TRUE	NA:cds-XAJ25418.1	AGG	R	ACG	T	430
