REGION	POS	REF	ALT	REF_DP	REF_RV	REF_QUAL	ALT_DP	ALT_RV	ALT_QUAL	ALT_FREQ	TOTAL_DP	PVAL	PASS	GFF_FEATURE	REF_CODON	REF_AA	ALT_CODON	ALT_AA	POS_AA
NA|PP755591.1|A/cattle/Texas/24-008749-003/2024(H5N1)	10	A	G	108	7	32	2	0	34	0.0181818	110	0.020731	FALSE	NA:cds-XAJ25418.1	AAT	N	GAT	D	4
NA|PP755591.1|A/cattle/Texas/24-008749-003/2024(H5N1)	130	T	C	810	179	33	520	104	33	0.390977	1330	8.81286e-227	TRUE	NA:cds-XAJ25418.1	TAC	Y	CAC	H	44
NA|PP755591.1|A/cattle/Texas/24-008749-003/2024(H5N1)	306	G	A	1360	663	33	785	415	32	0.365626	2147	3.64394e-289	TRUE	NA:cds-XAJ25418.1	AAG	K	AAA	K	102
NA|PP755591.1|A/cattle/Texas/24-008749-003/2024(H5N1)	321	A	G	1869	943	32	42	14	33	0.0219092	1917	1.0974e-12	TRUE	NA:cds-XAJ25418.1	AGA	R	AGG	R	107
NA|PP755591.1|A/cattle/Texas/24-008749-003/2024(H5N1)	346	G	A	1368	626	33	868	333	33	0.388193	2236	3.32789e-314	TRUE	NA:cds-XAJ25418.1	GTT	V	ATT	I	116
NA|PP755591.1|A/cattle/Texas/24-008749-003/2024(H5N1)	507	G	A	2307	1104	33	36	20	33	0.0153649	2343	9.69425e-10	TRUE	NA:cds-XAJ25418.1	CCG	P	CCA	P	169
NA|PP755591.1|A/cattle/Texas/24-008749-003/2024(H5N1)	571	T	C	2	1	30	2267	1137	33	0.998678	2270	0	TRUE	NA:cds-XAJ25418.1	TTG	L	CTG	L	191
NA|PP755591.1|A/cattle/Texas/24-008749-003/2024(H5N1)	620	A	G	2459	1333	33	30	18	33	0.0120482	2490	6.53832e-08	TRUE	NA:cds-XAJ25418.1	AAG	K	AGG	R	207
NA|PP755591.1|A/cattle/Texas/24-008749-003/2024(H5N1)	699	C	T	900	477	33	1264	682	33	0.584104	2164	0	TRUE	NA:cds-XAJ25418.1	TGC	C	TGT	C	233
NA|PP755591.1|A/cattle/Texas/24-008749-003/2024(H5N1)	709	T	C	1971	994	33	69	38	33	0.0337243	2046	3.51254e-20	TRUE	NA:cds-XAJ25418.1	TCC	S	CCC	P	237
NA|PP755591.1|A/cattle/Texas/24-008749-003/2024(H5N1)	942	A	G	1914	1086	33	174	99	33	0.0830946	2094	1.27542e-55	TRUE	NA:cds-XAJ25418.1	ATA	I	ATG	M	314
NA|PP755591.1|A/cattle/Texas/24-008749-003/2024(H5N1)	979	C	T	2155	949	33	29	12	33	0.0132784	2184	1.49838e-07	TRUE	NA:cds-XAJ25418.1	CGC	R	TGC	C	327
NA|PP755591.1|A/cattle/Texas/24-008749-003/2024(H5N1)	1185	A	G	1	1	20	1660	1007	33	0.998196	1663	0	TRUE	NA:cds-XAJ25418.1	GAA	E	GAG	E	395
NA|PP755591.1|A/cattle/Texas/24-008749-003/2024(H5N1)	1270	G	A	1733	1312	33	26	21	33	0.0147811	1759	1.01288e-07	TRUE	NA:cds-XAJ25418.1	GTT	V	ATT	I	424
NA|PP755591.1|A/cattle/Texas/24-008749-003/2024(H5N1)	1289	G	C	974	598	32	24	24	29	0.0240481	998	0.00300846	TRUE	NA:cds-XAJ25418.1	AGG	R	ACG	T	430
