REGION	POS	REF	ALT	REF_DP	REF_RV	REF_QUAL	ALT_DP	ALT_RV	ALT_QUAL	ALT_FREQ	TOTAL_DP	PVAL	PASS	GFF_FEATURE	REF_CODON	REF_AA	ALT_CODON	ALT_AA	POS_AA
NS|PP755593.1|A/cattle/Texas/24-008749-003/2024(H5N1)	199	A	G	18	11	33	78599	32855	33	0.999415	78645	0	TRUE	NA	NA	NA	NA	NA	NA
NS|PP755593.1|A/cattle/Texas/24-008749-003/2024(H5N1)	222	T	C	39	15	34	86305	41615	33	0.99949	86349	0	TRUE	NA	NA	NA	NA	NA	NA
NS|PP755593.1|A/cattle/Texas/24-008749-003/2024(H5N1)	605	C	A	82735	48928	33	1187	814	33	0.0141407	83942	2.58826e-258	TRUE	NA	NA	NA	NA	NA	NA
NS|PP755593.1|A/cattle/Texas/24-008749-003/2024(H5N1)	680	A	G	70485	46469	33	8692	5767	33	0.109753	79196	0	TRUE	NA	NA	NA	NA	NA	NA
NS|PP755593.1|A/cattle/Texas/24-008749-003/2024(H5N1)	717	A	G	86649	69964	33	1252	996	32	0.0142386	87930	2.81012e-277	TRUE	NA	NA	NA	NA	NA	NA
