REGION	POS	REF	ALT	REF_DP	REF_RV	REF_QUAL	ALT_DP	ALT_RV	ALT_QUAL	ALT_FREQ	TOTAL_DP	PVAL	PASS	GFF_FEATURE	REF_CODON	REF_AA	ALT_CODON	ALT_AA	POS_AA
PB1|PP755595.1|A/cattle/Texas/24-008749-003/2024(H5N1)	340	G	A	2413	1403	37	146	78	36	0.0570535	2559	5.59864e-46	TRUE	PB1:cds-XAJ25424.1	GTT	V	ATT	I	114
PB1|PP755595.1|A/cattle/Texas/24-008749-003/2024(H5N1)	340	G	A	2413	1403	37	146	78	36	0.0570535	2559	5.59864e-46	TRUE	PB1-F2:cds-XAJ25425.1	TTG	L	TTA	L	82
PB1|PP755595.1|A/cattle/Texas/24-008749-003/2024(H5N1)	512	T	C	1	0	26	2214	748	35	0.998647	2217	0	TRUE	PB1:cds-XAJ25424.1	GTG	V	GCG	A	171
PB1|PP755595.1|A/cattle/Texas/24-008749-003/2024(H5N1)	819	T	C	2119	1077	35	23	4	37	0.0107376	2142	3.73821e-06	TRUE	PB1:cds-XAJ25424.1	GTT	V	GTC	V	273
