REGION	POS	REF	ALT	REF_DP	REF_RV	REF_QUAL	ALT_DP	ALT_RV	ALT_QUAL	ALT_FREQ	TOTAL_DP	PVAL	PASS	GFF_FEATURE	REF_CODON	REF_AA	ALT_CODON	ALT_AA	POS_AA
NA|PP755591.1|A/cattle/Texas/24-008749-003/2024(H5N1)	140	A	G	0	0	0	1343	464	53	1	1343	0	TRUE	NA:cds-XAJ25418.1	GAA	E	GGA	G	47
NA|PP755591.1|A/cattle/Texas/24-008749-003/2024(H5N1)	199	A	G	6	2	45	1611	544	56	0.996289	1617	0	TRUE	NA:cds-XAJ25418.1	ATC	I	GTC	V	67
NA|PP755591.1|A/cattle/Texas/24-008749-003/2024(H5N1)	212	G	A	3	1	75	1667	651	59	0.998204	1670	0	TRUE	NA:cds-XAJ25418.1	AGT	S	AAT	N	71
NA|PP755591.1|A/cattle/Texas/24-008749-003/2024(H5N1)	412	G	A	8	4	46	1739	980	54	0.995421	1747	0	TRUE	NA:cds-XAJ25418.1	GCT	A	ACT	T	138
NA|PP755591.1|A/cattle/Texas/24-008749-003/2024(H5N1)	430	C	T	1744	972	54	33	20	53	0.0185706	1777	9.2079e-14	TRUE	NA:cds-XAJ25418.1	CAT	H	TAT	Y	144
NA|PP755591.1|A/cattle/Texas/24-008749-003/2024(H5N1)	711	C	T	0	0	0	1812	1022	55	1	1812	0	TRUE	NA:cds-XAJ25418.1	TCC	S	TCT	S	237
NA|PP755591.1|A/cattle/Texas/24-008749-003/2024(H5N1)	1191	T	C	0	0	0	1932	1206	61	0.999483	1933	0	TRUE	NA:cds-XAJ25418.1	ACT	T	ACC	T	397
NA|PP755591.1|A/cattle/Texas/24-008749-003/2024(H5N1)	1280	T	C	1236	855	59	287	178	61	0.188444	1523	3.41596e-129	TRUE	NA:cds-XAJ25418.1	ATT	I	ACT	T	427
NA|PP755591.1|A/cattle/Texas/24-008749-003/2024(H5N1)	1301	A	G	0	0	0	1210	798	60	1	1210	0	TRUE	NA:cds-XAJ25418.1	AAT	N	AGT	S	434
