REGION	POS	REF	ALT	REF_DP	REF_RV	REF_QUAL	ALT_DP	ALT_RV	ALT_QUAL	ALT_FREQ	TOTAL_DP	PVAL	PASS	GFF_FEATURE	REF_CODON	REF_AA	ALT_CODON	ALT_AA	POS_AA
MP|PP755590.1|A/cattle/Texas/24-008749-003/2024(H5N1)	109	A	G	423	23	38	959	74	38	0.693922	1382	0	TRUE	M1:cds-XAJ25416.1	ACC	T	GCC	A	37
MP|PP755590.1|A/cattle/Texas/24-008749-003/2024(H5N1)	245	G	A	1	0	25	2169	616	38	0.998619	2172	0	TRUE	M1:cds-XAJ25416.1	AGT	S	AAT	N	82
MP|PP755590.1|A/cattle/Texas/24-008749-003/2024(H5N1)	651	G	-A	2786	1404	39	45	0	20	0.0149502	3010	0.0289839	FALSE	NA	NA	NA	NA	NA	NA
MP|PP755590.1|A/cattle/Texas/24-008749-003/2024(H5N1)	790	G	A	3	2	37	2135	1706	38	0.99813	2139	0	TRUE	M2:cds-XAJ25417.1	GGG	G	GGA	G	26
MP|PP755590.1|A/cattle/Texas/24-008749-003/2024(H5N1)	933	G	A	3	3	33	1730	1655	37	0.998269	1733	0	TRUE	M2:cds-XAJ25417.1	AGT	S	AAT	N	73
MP|PP755590.1|A/cattle/Texas/24-008749-003/2024(H5N1)	942	A	G	1701	1633	38	43	42	35	0.024656	1744	3.34823e-13	TRUE	M2:cds-XAJ25417.1	GAT	D	GGT	G	76
