REGION	POS	REF	ALT	REF_DP	REF_RV	REF_QUAL	ALT_DP	ALT_RV	ALT_QUAL	ALT_FREQ	TOTAL_DP	PVAL	PASS	GFF_FEATURE	REF_CODON	REF_AA	ALT_CODON	ALT_AA	POS_AA
NP|PP755592.1|A/cattle/Texas/24-008749-003/2024(H5N1)	12	A	G	246	85	37	3	0	56	0.0120482	249	0.00105776	TRUE	NP:cds-XAJ25419.1	CAA	Q	CAG	Q	4
NP|PP755592.1|A/cattle/Texas/24-008749-003/2024(H5N1)	355	A	G	0	0	0	1653	869	42	1	1653	0	TRUE	NP:cds-XAJ25419.1	ATT	I	GTT	V	119
NP|PP755592.1|A/cattle/Texas/24-008749-003/2024(H5N1)	498	G	A	0	0	0	1532	744	39	1	1532	0	TRUE	NP:cds-XAJ25419.1	CTG	L	CTA	L	166
NP|PP755592.1|A/cattle/Texas/24-008749-003/2024(H5N1)	870	C	T	0	0	0	1523	716	42	1	1523	0	TRUE	NP:cds-XAJ25419.1	GAC	D	GAT	D	290
NP|PP755592.1|A/cattle/Texas/24-008749-003/2024(H5N1)	975	A	G	0	0	0	1620	840	43	1	1620	0	TRUE	NP:cds-XAJ25419.1	AAA	K	AAG	K	325
NP|PP755592.1|A/cattle/Texas/24-008749-003/2024(H5N1)	989	G	T	1750	847	43	55	29	40	0.030454	1806	1.98035e-21	TRUE	NP:cds-XAJ25419.1	TGG	W	TTG	L	330
NP|PP755592.1|A/cattle/Texas/24-008749-003/2024(H5N1)	1014	T	C	0	0	0	1750	878	42	1	1750	0	TRUE	NP:cds-XAJ25419.1	TTT	F	TTC	F	338
NP|PP755592.1|A/cattle/Texas/24-008749-003/2024(H5N1)	1056	A	G	1811	840	43	19	12	39	0.0103768	1831	8.82653e-06	TRUE	NP:cds-XAJ25419.1	GTA	V	GTG	V	352
NP|PP755592.1|A/cattle/Texas/24-008749-003/2024(H5N1)	1092	G	A	0	0	0	1851	833	44	1	1851	0	TRUE	NP:cds-XAJ25419.1	CAG	Q	CAA	Q	364
NP|PP755592.1|A/cattle/Texas/24-008749-003/2024(H5N1)	1143	G	A	0	0	0	1780	966	44	0.998878	1782	0	TRUE	NP:cds-XAJ25419.1	CTG	L	CTA	L	381
NP|PP755592.1|A/cattle/Texas/24-008749-003/2024(H5N1)	1213	C	T	1859	978	42	33	18	37	0.0174419	1892	2.01257e-10	TRUE	NP:cds-XAJ25419.1	CAA	Q	TAA	*	405
NP|PP755592.1|A/cattle/Texas/24-008749-003/2024(H5N1)	1273	A	G	1795	720	42	52	24	40	0.0281538	1847	8.55041e-20	TRUE	NP:cds-XAJ25419.1	ATC	I	GTC	V	425
NP|PP755592.1|A/cattle/Texas/24-008749-003/2024(H5N1)	1483	G	A	1080	972	39	21	19	36	0.0190563	1102	5.35986e-07	TRUE	NP:cds-XAJ25419.1	GAG	E	AAG	K	495
