REGION	POS	REF	ALT	REF_DP	REF_RV	REF_QUAL	ALT_DP	ALT_RV	ALT_QUAL	ALT_FREQ	TOTAL_DP	PVAL	PASS	GFF_FEATURE	REF_CODON	REF_AA	ALT_CODON	ALT_AA	POS_AA
PB1|PP755595.1|A/cattle/Texas/24-008749-003/2024(H5N1)	213	A	G	593	214	33	160	58	33	0.212483	753	4.07217e-55	TRUE	PB1:cds-XAJ25424.1	GGA	G	GGG	G	71
PB1|PP755595.1|A/cattle/Texas/24-008749-003/2024(H5N1)	213	A	G	593	214	33	160	58	33	0.212483	753	4.07217e-55	TRUE	PB1-F2:cds-XAJ25425.1	GAC	D	GGC	G	40
PB1|PP755595.1|A/cattle/Texas/24-008749-003/2024(H5N1)	664	T	C	635	269	33	16	9	33	0.0245776	651	3.10946e-06	TRUE	PB1:cds-XAJ25424.1	TTG	L	CTG	L	222
PB1|PP755595.1|A/cattle/Texas/24-008749-003/2024(H5N1)	945	T	C	0	0	0	762	459	33	1	762	0	TRUE	PB1:cds-XAJ25424.1	CCT	P	CCC	P	315
PB1|PP755595.1|A/cattle/Texas/24-008749-003/2024(H5N1)	954	T	C	563	310	32	139	74	33	0.198006	702	3.10852e-51	TRUE	PB1:cds-XAJ25424.1	TTT	F	TTC	F	318
PB1|PP755595.1|A/cattle/Texas/24-008749-003/2024(H5N1)	1617	T	C	4059	2091	33	298	101	33	0.06838	4358	4.09081e-88	TRUE	PB1:cds-XAJ25424.1	CTT	L	CTC	L	539
PB1|PP755595.1|A/cattle/Texas/24-008749-003/2024(H5N1)	1782	A	G	4339	2260	33	289	142	33	0.062419	4630	3.43296e-86	TRUE	PB1:cds-XAJ25424.1	GGA	G	GGG	G	594
PB1|PP755595.1|A/cattle/Texas/24-008749-003/2024(H5N1)	1917	T	C	4046	2286	33	945	509	33	0.189265	4993	0	TRUE	PB1:cds-XAJ25424.1	TCT	S	TCC	S	639
PB1|PP755595.1|A/cattle/Texas/24-008749-003/2024(H5N1)	2040	G	A	4634	1894	33	296	123	32	0.0600406	4930	3.31308e-88	TRUE	PB1:cds-XAJ25424.1	AGG	R	AGA	R	680
