REGION	POS	REF	ALT	REF_DP	REF_RV	REF_QUAL	ALT_DP	ALT_RV	ALT_QUAL	ALT_FREQ	TOTAL_DP	PVAL	PASS	GFF_FEATURE	REF_CODON	REF_AA	ALT_CODON	ALT_AA	POS_AA
HA|PP755589.1|A/cattle/Texas/24-008749-003/2024(H5N1)	4	G	A	0	0	0	7	0	34	1	7	1.9846e-05	TRUE	HA:cds-XAJ25415.1	GAG	E	AAG	K	2
HA|PP755589.1|A/cattle/Texas/24-008749-003/2024(H5N1)	311	A	G	1	0	26	1010	472	33	0.999011	1011	0	TRUE	HA:cds-XAJ25415.1	GAC	D	GGC	G	104
HA|PP755589.1|A/cattle/Texas/24-008749-003/2024(H5N1)	651	G	A	0	0	0	925	386	33	1	925	0	TRUE	HA:cds-XAJ25415.1	GGG	G	GGA	G	217
HA|PP755589.1|A/cattle/Texas/24-008749-003/2024(H5N1)	675	G	A	0	0	0	955	413	32	1	955	0	TRUE	HA:cds-XAJ25415.1	TTG	L	TTA	L	225
HA|PP755589.1|A/cattle/Texas/24-008749-003/2024(H5N1)	702	A	G	888	418	33	15	8	33	0.0166113	903	2.28289e-05	TRUE	HA:cds-XAJ25415.1	CAA	Q	CAG	Q	234
HA|PP755589.1|A/cattle/Texas/24-008749-003/2024(H5N1)	1007	G	A	0	0	0	1118	592	33	1	1118	0	TRUE	HA:cds-XAJ25415.1	AGT	S	AAT	N	336
HA|PP755589.1|A/cattle/Texas/24-008749-003/2024(H5N1)	1052	T	A	1144	667	33	66	9	32	0.0545455	1210	2.75078e-20	TRUE	HA:cds-XAJ25415.1	ATA	I	AAA	K	351
HA|PP755589.1|A/cattle/Texas/24-008749-003/2024(H5N1)	1173	T	C	1	0	34	9600	2235	33	0.999792	9602	0	TRUE	HA:cds-XAJ25415.1	GAT	D	GAC	D	391
HA|PP755589.1|A/cattle/Texas/24-008749-003/2024(H5N1)	1676	G	A	6910	5673	33	81	63	33	0.0115863	6991	6.00327e-18	TRUE	HA:cds-XAJ25415.1	GGG	G	GAG	E	559
