REGION	POS	REF	ALT	REF_DP	REF_RV	REF_QUAL	ALT_DP	ALT_RV	ALT_QUAL	ALT_FREQ	TOTAL_DP	PVAL	PASS	GFF_FEATURE	REF_CODON	REF_AA	ALT_CODON	ALT_AA	POS_AA
PA|PP755594.1|A/cattle/Texas/24-008749-003/2024(H5N1)	144	T	C	1689	682	33	137	66	33	0.0750274	1826	3.82928e-43	TRUE	PA:cds-XAJ25422.1	TAT	Y	TAC	Y	48
PA|PP755594.1|A/cattle/Texas/24-008749-003/2024(H5N1)	144	T	C	1689	682	33	137	66	33	0.0750274	1826	3.82928e-43	TRUE	PA-X:cds-XAJ25423.1	TAT	Y	TAC	Y	48
PA|PP755594.1|A/cattle/Texas/24-008749-003/2024(H5N1)	780	T	C	1866	1106	32	94	54	33	0.0479347	1961	1.23343e-28	TRUE	PA:cds-XAJ25422.1	TTT	F	TTC	F	260
PA|PP755594.1|A/cattle/Texas/24-008749-003/2024(H5N1)	835	C	A	1883	961	33	137	74	33	0.0676543	2025	7.34024e-41	TRUE	PA:cds-XAJ25422.1	CGG	R	AGG	R	279
PA|PP755594.1|A/cattle/Texas/24-008749-003/2024(H5N1)	981	G	A	0	0	0	1956	719	33	1	1956	0	TRUE	PA:cds-XAJ25422.1	GAG	E	GAA	E	327
PA|PP755594.1|A/cattle/Texas/24-008749-003/2024(H5N1)	1173	A	G	2024	1148	32	26	21	33	0.0126767	2051	3.50862e-07	TRUE	PA:cds-XAJ25422.1	AGA	R	AGG	R	391
PA|PP755594.1|A/cattle/Texas/24-008749-003/2024(H5N1)	1294	G	A	0	0	0	2461	1363	33	0.999594	2462	0	TRUE	PA:cds-XAJ25422.1	GTT	V	ATT	I	432
PA|PP755594.1|A/cattle/Texas/24-008749-003/2024(H5N1)	1317	G	T	913	516	33	1575	791	33	0.632276	2491	0	TRUE	PA:cds-XAJ25422.1	GCG	A	GCT	A	439
PA|PP755594.1|A/cattle/Texas/24-008749-003/2024(H5N1)	1413	T	C	2472	893	33	25	5	33	0.010012	2497	1.74676e-06	TRUE	PA:cds-XAJ25422.1	AAT	N	AAC	N	471
PA|PP755594.1|A/cattle/Texas/24-008749-003/2024(H5N1)	1487	G	A	2231	1026	33	23	14	33	0.0101996	2255	6.22989e-06	TRUE	PA:cds-XAJ25422.1	CGG	R	CAG	Q	496
PA|PP755594.1|A/cattle/Texas/24-008749-003/2024(H5N1)	1542	C	T	2337	1421	33	158	96	32	0.0633013	2496	5.10164e-47	TRUE	PA:cds-XAJ25422.1	GAC	D	GAT	D	514
PA|PP755594.1|A/cattle/Texas/24-008749-003/2024(H5N1)	1920	G	A	2194	1312	33	104	60	33	0.0452567	2298	4.86808e-30	TRUE	PA:cds-XAJ25422.1	TTG	L	TTA	L	640
