REGION	POS	REF	ALT	REF_DP	REF_RV	REF_QUAL	ALT_DP	ALT_RV	ALT_QUAL	ALT_FREQ	TOTAL_DP	PVAL	PASS	GFF_FEATURE	REF_CODON	REF_AA	ALT_CODON	ALT_AA	POS_AA
MP|PP755590.1|A/cattle/Texas/24-008749-003/2024(H5N1)	245	G	A	4	2	34	49103	22448	33	0.999857	49110	0	TRUE	M1:cds-XAJ25416.1	AGT	S	AAT	N	82
MP|PP755590.1|A/cattle/Texas/24-008749-003/2024(H5N1)	369	A	G	42074	23717	33	6472	3925	33	0.133278	48560	0	TRUE	M1:cds-XAJ25416.1	GCA	A	GCG	A	123
MP|PP755590.1|A/cattle/Texas/24-008749-003/2024(H5N1)	657	T	C	47760	22884	33	1609	559	33	0.032586	49377	0	TRUE	M1:cds-XAJ25416.1	ATT	I	ATC	I	219
MP|PP755590.1|A/cattle/Texas/24-008749-003/2024(H5N1)	690	A	G	31489	16806	31	2530	1001	33	0.0743549	34026	0	TRUE	M1:cds-XAJ25416.1	AGA	R	AGG	R	230
MP|PP755590.1|A/cattle/Texas/24-008749-003/2024(H5N1)	693	T	C	49844	17058	33	683	195	33	0.0135165	50531	9.84263e-147	TRUE	M1:cds-XAJ25416.1	GAT	D	GAC	D	231
MP|PP755590.1|A/cattle/Texas/24-008749-003/2024(H5N1)	718	T	C	42679	16508	33	650	235	33	0.0149967	43343	7.04923e-147	TRUE	M2:cds-XAJ25417.1	CCT	P	CCC	P	2
MP|PP755590.1|A/cattle/Texas/24-008749-003/2024(H5N1)	718	T	C	42679	16508	33	650	235	33	0.0149967	43343	7.04923e-147	TRUE	M1:cds-XAJ25416.1	TAC	Y	CAC	H	240
MP|PP755590.1|A/cattle/Texas/24-008749-003/2024(H5N1)	726	A	G	35313	18853	32	554	230	33	0.0154412	35878	4.59493e-145	TRUE	M2:cds-XAJ25417.1	AAC	N	AGC	S	4
MP|PP755590.1|A/cattle/Texas/24-008749-003/2024(H5N1)	726	A	G	35313	18853	32	554	230	33	0.0154412	35878	4.59493e-145	TRUE	M1:cds-XAJ25416.1	AAA	K	AAG	K	242
MP|PP755590.1|A/cattle/Texas/24-008749-003/2024(H5N1)	840	T	C	37184	24274	31	577	426	33	0.0152718	37782	6.05822e-149	TRUE	M2:cds-XAJ25417.1	GTT	V	GCT	A	42
