REGION	POS	REF	ALT	REF_DP	REF_RV	REF_QUAL	ALT_DP	ALT_RV	ALT_QUAL	ALT_FREQ	TOTAL_DP	PVAL	PASS	GFF_FEATURE	REF_CODON	REF_AA	ALT_CODON	ALT_AA	POS_AA
PB1|PP755595.1|A/cattle/Texas/24-008749-003/2024(H5N1)	18	C	A	4	2	38	1	0	24	0.2	5	0.333333	FALSE	PB1:cds-XAJ25424.1	ACC	T	ACA	T	6
PB1|PP755595.1|A/cattle/Texas/24-008749-003/2024(H5N1)	243	A	G	7398	1136	48	3587	2281	49	0.304939	11763	0	TRUE	PB1:cds-XAJ25424.1	GGA	G	GGG	G	81
PB1|PP755595.1|A/cattle/Texas/24-008749-003/2024(H5N1)	243	A	G	7398	1136	48	3587	2281	49	0.304939	11763	0	TRUE	PB1-F2:cds-XAJ25425.1	GAT	D	GGT	G	50
PB1|PP755595.1|A/cattle/Texas/24-008749-003/2024(H5N1)	243	A	C	7398	1136	48	761	94	47	0.0646944	11763	0	TRUE	PB1:cds-XAJ25424.1	GGA	G	GGC	G	81
PB1|PP755595.1|A/cattle/Texas/24-008749-003/2024(H5N1)	243	A	C	7398	1136	48	761	94	47	0.0646944	11763	0	TRUE	PB1-F2:cds-XAJ25425.1	GAT	D	GCT	A	50
PB1|PP755595.1|A/cattle/Texas/24-008749-003/2024(H5N1)	565	A	G	10593	5954	55	122	84	39	0.0113817	10719	5.68767e-33	TRUE	PB1:cds-XAJ25424.1	AGA	R	GGA	G	189
PB1|PP755595.1|A/cattle/Texas/24-008749-003/2024(H5N1)	579	C	G	9969	5467	54	106	88	30	0.0105034	10092	1.42065e-27	TRUE	PB1:cds-XAJ25424.1	GAC	D	GAG	E	193
PB1|PP755595.1|A/cattle/Texas/24-008749-003/2024(H5N1)	817	G	A	16	7	75	7883	3819	72	0.997848	7900	0	TRUE	PB1:cds-XAJ25424.1	GTT	V	ATT	I	273
PB1|PP755595.1|A/cattle/Texas/24-008749-003/2024(H5N1)	1482	T	C	21	11	69	11069	5518	74	0.997567	11096	0	TRUE	PB1:cds-XAJ25424.1	AGT	S	AGC	S	494
PB1|PP755595.1|A/cattle/Texas/24-008749-003/2024(H5N1)	2121	G	A	11206	5427	69	287	112	48	0.0249197	11517	1.24506e-127	TRUE	PB1:cds-XAJ25424.1	AGG	R	AGA	R	707
