REGION	POS	REF	ALT	REF_DP	REF_RV	REF_QUAL	ALT_DP	ALT_RV	ALT_QUAL	ALT_FREQ	TOTAL_DP	PVAL	PASS	GFF_FEATURE	REF_CODON	REF_AA	ALT_CODON	ALT_AA	POS_AA
NA|PP755591.1|A/cattle/Texas/24-008749-003/2024(H5N1)	23	C	T	488	142	33	13	2	34	0.0259481	501	2.31236e-07	TRUE	NA:cds-XAJ25418.1	ACA	T	ATA	I	8
NA|PP755591.1|A/cattle/Texas/24-008749-003/2024(H5N1)	169	G	A	607	249	33	3533	1329	33	0.853382	4140	0	TRUE	NA:cds-XAJ25418.1	GAG	E	AAG	K	57
NA|PP755591.1|A/cattle/Texas/24-008749-003/2024(H5N1)	422	A	G	5071	2452	33	63	28	33	0.0122711	5134	1.77443e-14	TRUE	NA:cds-XAJ25418.1	AAT	N	AGT	S	141
NA|PP755591.1|A/cattle/Texas/24-008749-003/2024(H5N1)	571	T	C	0	0	0	4220	1967	33	1	4220	0	TRUE	NA:cds-XAJ25418.1	TTG	L	CTG	L	191
NA|PP755591.1|A/cattle/Texas/24-008749-003/2024(H5N1)	1185	A	G	2	1	34	4832	2644	33	0.99938	4835	0	TRUE	NA:cds-XAJ25418.1	GAA	E	GAG	E	395
NA|PP755591.1|A/cattle/Texas/24-008749-003/2024(H5N1)	1289	G	C	3312	1572	32	41	41	27	0.0122279	3353	0.172958	FALSE	NA:cds-XAJ25418.1	AGG	R	ACG	T	430
NA|PP755591.1|A/cattle/Texas/24-008749-003/2024(H5N1)	1362	T	C	3055	2486	32	31	25	33	0.0100454	3086	1.15101e-07	TRUE	NA:cds-XAJ25418.1	GGT	G	GGC	G	454
