REGION	POS	REF	ALT	REF_DP	REF_RV	REF_QUAL	ALT_DP	ALT_RV	ALT_QUAL	ALT_FREQ	TOTAL_DP	PVAL	PASS	GFF_FEATURE	REF_CODON	REF_AA	ALT_CODON	ALT_AA	POS_AA
NP|PP755592.1|A/cattle/Texas/24-008749-003/2024(H5N1)	129	G	A	2327	312	35	47	7	31	0.0197978	2374	2.54986e-14	TRUE	NP:cds-XAJ25419.1	ATG	M	ATA	I	43
NP|PP755592.1|A/cattle/Texas/24-008749-003/2024(H5N1)	133	A	G	2408	332	35	28	4	34	0.0114943	2436	9.62918e-08	TRUE	NP:cds-XAJ25419.1	ACT	T	GCT	A	45
NP|PP755592.1|A/cattle/Texas/24-008749-003/2024(H5N1)	322	T	C	2571	821	33	46	14	35	0.0175707	2618	9.79837e-14	TRUE	NP:cds-XAJ25419.1	TTG	L	CTG	L	108
NP|PP755592.1|A/cattle/Texas/24-008749-003/2024(H5N1)	355	A	G	7	5	34	3365	1617	34	0.997924	3372	0	TRUE	NP:cds-XAJ25419.1	ATT	I	GTT	V	119
NP|PP755592.1|A/cattle/Texas/24-008749-003/2024(H5N1)	498	G	A	0	0	0	3888	1704	34	1	3888	0	TRUE	NP:cds-XAJ25419.1	CTG	L	CTA	L	166
NP|PP755592.1|A/cattle/Texas/24-008749-003/2024(H5N1)	847	C	T	4137	2350	34	56	27	32	0.0133524	4194	8.54866e-14	TRUE	NP:cds-XAJ25419.1	CTT	L	TTT	F	283
NP|PP755592.1|A/cattle/Texas/24-008749-003/2024(H5N1)	870	C	T	0	0	0	3813	2107	34	0.999738	3814	0	TRUE	NP:cds-XAJ25419.1	GAC	D	GAT	D	290
NP|PP755592.1|A/cattle/Texas/24-008749-003/2024(H5N1)	1014	T	C	0	0	0	3444	1917	34	0.99971	3445	0	TRUE	NP:cds-XAJ25419.1	TTT	F	TTC	F	338
NP|PP755592.1|A/cattle/Texas/24-008749-003/2024(H5N1)	1086	A	G	3059	1533	34	361	186	34	0.105556	3420	1.82528e-113	TRUE	NP:cds-XAJ25419.1	GGA	G	GGG	G	362
NP|PP755592.1|A/cattle/Texas/24-008749-003/2024(H5N1)	1092	G	A	4	0	34	3521	1803	35	0.998299	3527	0	TRUE	NP:cds-XAJ25419.1	CAG	Q	CAA	Q	364
NP|PP755592.1|A/cattle/Texas/24-008749-003/2024(H5N1)	1179	A	G	3240	1916	35	33	26	32	0.0100825	3273	3.7901e-08	TRUE	NP:cds-XAJ25419.1	GGA	G	GGG	G	393
NP|PP755592.1|A/cattle/Texas/24-008749-003/2024(H5N1)	1266	A	G	2200	1595	35	37	23	36	0.0165326	2238	5.98734e-11	TRUE	NP:cds-XAJ25419.1	AGA	R	AGG	R	422
NP|PP755592.1|A/cattle/Texas/24-008749-003/2024(H5N1)	1375	C	A	3064	2915	36	40	40	31	0.0128866	3104	1.37631e-10	TRUE	NP:cds-XAJ25419.1	CAG	Q	AAG	K	459
