REGION	POS	REF	ALT	REF_DP	REF_RV	REF_QUAL	ALT_DP	ALT_RV	ALT_QUAL	ALT_FREQ	TOTAL_DP	PVAL	PASS	GFF_FEATURE	REF_CODON	REF_AA	ALT_CODON	ALT_AA	POS_AA
MP|PP755590.1|A/cattle/Texas/24-008749-003/2024(H5N1)	245	G	A	6	3	34	20009	9095	33	0.99965	20016	0	TRUE	M1:cds-XAJ25416.1	AGT	S	AAT	N	82
MP|PP755590.1|A/cattle/Texas/24-008749-003/2024(H5N1)	279	G	A	20980	10247	33	322	126	33	0.0151138	21305	4.32349e-73	TRUE	M1:cds-XAJ25416.1	ATG	M	ATA	I	93
MP|PP755590.1|A/cattle/Texas/24-008749-003/2024(H5N1)	930	A	G	12024	9923	33	403	354	33	0.0324294	12427	2.72857e-106	TRUE	M2:cds-XAJ25417.1	CAG	Q	CGG	R	72
