REGION	POS	REF	ALT	REF_DP	REF_RV	REF_QUAL	ALT_DP	ALT_RV	ALT_QUAL	ALT_FREQ	TOTAL_DP	PVAL	PASS	GFF_FEATURE	REF_CODON	REF_AA	ALT_CODON	ALT_AA	POS_AA
NA|PP755591.1|A/cattle/Texas/24-008749-003/2024(H5N1)	38	T	C	0	0	0	403	27	39	1	403	0	TRUE	NA:cds-XAJ25418.1	ATC	I	ACC	T	13
NA|PP755591.1|A/cattle/Texas/24-008749-003/2024(H5N1)	346	G	A	1	1	37	2894	1198	39	0.999655	2895	0	TRUE	NA:cds-XAJ25418.1	GTT	V	ATT	I	116
NA|PP755591.1|A/cattle/Texas/24-008749-003/2024(H5N1)	393	C	T	2	1	32	3032	1282	38	0.999341	3034	0	TRUE	NA:cds-XAJ25418.1	ACC	T	ACT	T	131
NA|PP755591.1|A/cattle/Texas/24-008749-003/2024(H5N1)	429	A	G	3804	1366	38	52	16	39	0.0134855	3856	2.73345e-13	TRUE	NA:cds-XAJ25418.1	AAA	K	AAG	K	143
NA|PP755591.1|A/cattle/Texas/24-008749-003/2024(H5N1)	571	T	C	0	0	0	3268	1450	39	1	3268	0	TRUE	NA:cds-XAJ25418.1	TTG	L	CTG	L	191
NA|PP755591.1|A/cattle/Texas/24-008749-003/2024(H5N1)	651	G	A	1108	605	38	2380	1132	38	0.681948	3490	0	TRUE	NA:cds-XAJ25418.1	AAG	K	AAA	K	217
NA|PP755591.1|A/cattle/Texas/24-008749-003/2024(H5N1)	1185	A	G	1	1	74	2031	1430	39	0.999508	2032	0	TRUE	NA:cds-XAJ25418.1	GAA	E	GAG	E	395
NA|PP755591.1|A/cattle/Texas/24-008749-003/2024(H5N1)	1224	G	A	1904	1423	40	90	64	39	0.0451354	1994	2.13219e-27	TRUE	NA:cds-XAJ25418.1	CAG	Q	CAA	Q	408
NA|PP755591.1|A/cattle/Texas/24-008749-003/2024(H5N1)	1300	A	G	0	0	0	2137	1945	42	1	2137	0	TRUE	NA:cds-XAJ25418.1	AAT	N	GAT	D	434
