REGION	POS	REF	ALT	REF_DP	REF_RV	REF_QUAL	ALT_DP	ALT_RV	ALT_QUAL	ALT_FREQ	TOTAL_DP	PVAL	PASS	GFF_FEATURE	REF_CODON	REF_AA	ALT_CODON	ALT_AA	POS_AA
NA|PP755591.1|A/cattle/Texas/24-008749-003/2024(H5N1)	563	T	C	630	299	42	26	14	37	0.0396341	656	4.48956e-10	TRUE	NA:cds-XAJ25418.1	ATC	I	ACC	T	188
NA|PP755591.1|A/cattle/Texas/24-008749-003/2024(H5N1)	571	T	C	2	0	34	634	308	41	0.996855	636	0	TRUE	NA:cds-XAJ25418.1	TTG	L	CTG	L	191
NA|PP755591.1|A/cattle/Texas/24-008749-003/2024(H5N1)	723	A	-ATGACTG	656	344	40	76	0	20	0.0916767	829	5.27871e-18	TRUE	NA	NA	NA	NA	NA	NA
NA|PP755591.1|A/cattle/Texas/24-008749-003/2024(H5N1)	786	A	G	0	0	0	603	261	38	1	603	0	TRUE	NA:cds-XAJ25418.1	AAA	K	AAG	K	262
NA|PP755591.1|A/cattle/Texas/24-008749-003/2024(H5N1)	950	T	C	1047	430	40	102	26	42	0.0886957	1150	7.57348e-41	TRUE	NA:cds-XAJ25418.1	ATA	I	ACA	T	317
NA|PP755591.1|A/cattle/Texas/24-008749-003/2024(H5N1)	1057	T	-ACGGTA	1491	546	41	62	0	20	0.0318275	1948	2.54052e-09	TRUE	NA	NA	NA	NA	NA	NA
NA|PP755591.1|A/cattle/Texas/24-008749-003/2024(H5N1)	1185	A	G	1	1	20	1442	838	38	0.999307	1443	0	TRUE	NA:cds-XAJ25418.1	GAA	E	GAG	E	395
NA|PP755591.1|A/cattle/Texas/24-008749-003/2024(H5N1)	1225	C	-ATCCAGAACTGACA	1373	843	40	57	0	20	0.0324048	1759	1.19411e-08	TRUE	NA	NA	NA	NA	NA	NA
