REGION	POS	REF	ALT	REF_DP	REF_RV	REF_QUAL	ALT_DP	ALT_RV	ALT_QUAL	ALT_FREQ	TOTAL_DP	PVAL	PASS	GFF_FEATURE	REF_CODON	REF_AA	ALT_CODON	ALT_AA	POS_AA
MP|PP755590.1|A/cattle/Texas/24-008749-003/2024(H5N1)	67	G	A	1817	178	39	141	9	36	0.0720123	1958	1.75524e-67	TRUE	M1:cds-XAJ25416.1	GAG	E	AAG	K	23
MP|PP755590.1|A/cattle/Texas/24-008749-003/2024(H5N1)	245	G	A	5	3	28	5315	2126	39	0.99906	5320	0	TRUE	M1:cds-XAJ25416.1	AGT	S	AAT	N	82
MP|PP755590.1|A/cattle/Texas/24-008749-003/2024(H5N1)	456	A	G	2	1	37	6076	2785	39	0.999671	6078	0	TRUE	M1:cds-XAJ25416.1	GAA	E	GAG	E	152
MP|PP755590.1|A/cattle/Texas/24-008749-003/2024(H5N1)	479	G	A	5851	2937	39	364	150	38	0.058568	6215	1.68616e-110	TRUE	M1:cds-XAJ25416.1	CGG	R	CAG	Q	160
MP|PP755590.1|A/cattle/Texas/24-008749-003/2024(H5N1)	533	G	A	6147	3175	40	386	204	38	0.0590846	6533	1.19767e-116	TRUE	M1:cds-XAJ25416.1	AGA	R	AAA	K	178
MP|PP755590.1|A/cattle/Texas/24-008749-003/2024(H5N1)	776	G	T	4900	3103	40	516	292	40	0.0952205	5419	2.80327e-176	TRUE	M2:cds-XAJ25417.1	GCA	A	TCA	S	21
MP|PP755590.1|A/cattle/Texas/24-008749-003/2024(H5N1)	805	A	G	5458	4101	41	189	146	42	0.0334632	5648	1.61531e-66	TRUE	M2:cds-XAJ25417.1	ATA	I	ATG	M	31
MP|PP755590.1|A/cattle/Texas/24-008749-003/2024(H5N1)	813	T	G	5265	4060	40	99	71	41	0.0184392	5369	1.64174e-35	TRUE	M2:cds-XAJ25417.1	ATT	I	AGT	S	33
MP|PP755590.1|A/cattle/Texas/24-008749-003/2024(H5N1)	815	C	T	5477	4271	41	68	53	40	0.0122633	5545	1.49147e-23	TRUE	M2:cds-XAJ25417.1	CTT	L	TTT	F	34
MP|PP755590.1|A/cattle/Texas/24-008749-003/2024(H5N1)	918	G	A	4403	4209	39	54	50	41	0.0121131	4458	2.90535e-18	TRUE	M2:cds-XAJ25417.1	CGG	R	CAG	Q	68
