REGION	POS	REF	ALT	REF_DP	REF_RV	REF_QUAL	ALT_DP	ALT_RV	ALT_QUAL	ALT_FREQ	TOTAL_DP	PVAL	PASS	GFF_FEATURE	REF_CODON	REF_AA	ALT_CODON	ALT_AA	POS_AA
NP|PP755592.1|A/cattle/Texas/24-008749-003/2024(H5N1)	265	C	T	10261	4166	40	447	231	38	0.0417406	10709	1.89505e-137	TRUE	NP:cds-XAJ25419.1	CCC	P	TCC	S	89
NP|PP755592.1|A/cattle/Texas/24-008749-003/2024(H5N1)	355	A	G	8	3	45	9790	5288	39	0.99898	9800	0	TRUE	NP:cds-XAJ25419.1	ATT	I	GTT	V	119
NP|PP755592.1|A/cattle/Texas/24-008749-003/2024(H5N1)	444	C	T	10783	6518	38	117	82	36	0.010733	10901	1.48795e-26	TRUE	NP:cds-XAJ25419.1	TAC	Y	TAT	Y	148
NP|PP755592.1|A/cattle/Texas/24-008749-003/2024(H5N1)	474	A	G	109	42	36	10110	5408	37	0.98914	10221	0	TRUE	NP:cds-XAJ25419.1	GGA	G	GGG	G	158
NP|PP755592.1|A/cattle/Texas/24-008749-003/2024(H5N1)	498	G	A	2	1	34	10071	4289	36	0.999702	10074	0	TRUE	NP:cds-XAJ25419.1	CTG	L	CTA	L	166
NP|PP755592.1|A/cattle/Texas/24-008749-003/2024(H5N1)	585	A	G	1178	431	41	9279	3623	40	0.887348	10457	0	TRUE	NP:cds-XAJ25419.1	CGA	R	CGG	R	195
NP|PP755592.1|A/cattle/Texas/24-008749-003/2024(H5N1)	612	G	A	10091	4337	40	127	49	39	0.0124266	10220	3.62727e-31	TRUE	NP:cds-XAJ25419.1	CGG	R	CGA	R	204
NP|PP755592.1|A/cattle/Texas/24-008749-003/2024(H5N1)	649	A	G	9723	5125	39	437	250	37	0.0430076	10161	3.20003e-132	TRUE	NP:cds-XAJ25419.1	ATT	I	GTT	V	217
NP|PP755592.1|A/cattle/Texas/24-008749-003/2024(H5N1)	870	C	T	4	0	34	10052	4707	38	0.999602	10056	0	TRUE	NP:cds-XAJ25419.1	GAC	D	GAT	D	290
NP|PP755592.1|A/cattle/Texas/24-008749-003/2024(H5N1)	975	A	G	8431	4593	37	949	538	37	0.101151	9382	0	TRUE	NP:cds-XAJ25419.1	AAA	K	AAG	K	325
NP|PP755592.1|A/cattle/Texas/24-008749-003/2024(H5N1)	1006	G	A	10842	5610	39	118	53	36	0.0107654	10961	1.35606e-27	TRUE	NP:cds-XAJ25419.1	GCA	A	ACA	T	336
NP|PP755592.1|A/cattle/Texas/24-008749-003/2024(H5N1)	1014	T	C	1	1	26	10765	5604	39	0.999721	10768	0	TRUE	NP:cds-XAJ25419.1	TTT	F	TTC	F	338
NP|PP755592.1|A/cattle/Texas/24-008749-003/2024(H5N1)	1092	G	A	3	1	34	11190	5319	39	0.999553	11195	0	TRUE	NP:cds-XAJ25419.1	CAG	Q	CAA	Q	364
NP|PP755592.1|A/cattle/Texas/24-008749-003/2024(H5N1)	1287	T	C	10150	5025	39	441	200	37	0.0416313	10593	1.08628e-131	TRUE	NP:cds-XAJ25419.1	TTT	F	TTC	F	429
