REGION	POS	REF	ALT	REF_DP	REF_RV	REF_QUAL	ALT_DP	ALT_RV	ALT_QUAL	ALT_FREQ	TOTAL_DP	PVAL	PASS	GFF_FEATURE	REF_CODON	REF_AA	ALT_CODON	ALT_AA	POS_AA
PA|PP755594.1|A/cattle/Texas/24-008749-003/2024(H5N1)	70	T	C	822	134	43	9	2	52	0.0108303	831	0.000437738	TRUE	PA:cds-XAJ25422.1	TAT	Y	CAT	H	24
PA|PP755594.1|A/cattle/Texas/24-008749-003/2024(H5N1)	70	T	C	822	134	43	9	2	52	0.0108303	831	0.000437738	TRUE	PA-X:cds-XAJ25423.1	TAT	Y	CAT	H	24
PA|PP755594.1|A/cattle/Texas/24-008749-003/2024(H5N1)	114	A	G	829	387	59	42	18	62	0.0482204	871	1.26708e-20	TRUE	PA:cds-XAJ25422.1	ATA	I	ATG	M	38
PA|PP755594.1|A/cattle/Texas/24-008749-003/2024(H5N1)	114	A	G	829	387	59	42	18	62	0.0482204	871	1.26708e-20	TRUE	PA-X:cds-XAJ25423.1	ATA	I	ATG	M	38
PA|PP755594.1|A/cattle/Texas/24-008749-003/2024(H5N1)	283	T	C	548	264	56	14	7	61	0.024911	562	8.42954e-07	TRUE	PA:cds-XAJ25422.1	TGC	C	CGC	R	95
PA|PP755594.1|A/cattle/Texas/24-008749-003/2024(H5N1)	283	T	C	548	264	56	14	7	61	0.024911	562	8.42954e-07	TRUE	PA-X:cds-XAJ25423.1	TGC	C	CGC	R	95
PA|PP755594.1|A/cattle/Texas/24-008749-003/2024(H5N1)	567	T	C	454	148	52	5	2	63	0.0108932	459	0.00897599	TRUE	PA:cds-XAJ25422.1	GAT	D	GAC	D	189
PA|PP755594.1|A/cattle/Texas/24-008749-003/2024(H5N1)	567	T	C	454	148	52	5	2	63	0.0108932	459	0.00897599	TRUE	PA-X:cds-XAJ25423.1	GAT	D	GAC	D	189
PA|PP755594.1|A/cattle/Texas/24-008749-003/2024(H5N1)	720	C	T	871	380	48	29	10	38	0.0321865	901	8.94097e-11	TRUE	PA:cds-XAJ25422.1	GGC	G	GGT	G	240
PA|PP755594.1|A/cattle/Texas/24-008749-003/2024(H5N1)	720	C	T	871	380	48	29	10	38	0.0321865	901	8.94097e-11	TRUE	PA-X:cds-XAJ25423.1	GCT	A	GTT	V	50
PA|PP755594.1|A/cattle/Texas/24-008749-003/2024(H5N1)	931	A	G	404	186	63	5	3	68	0.0122249	409	0.00475923	TRUE	PA:cds-XAJ25422.1	ATG	M	GTG	V	311
PA|PP755594.1|A/cattle/Texas/24-008749-003/2024(H5N1)	939	A	+T	395	187	61	23	0	20	0.0302234	761	3.79121e-06	TRUE	NA	NA	NA	NA	NA	NA
PA|PP755594.1|A/cattle/Texas/24-008749-003/2024(H5N1)	981	G	A	8	5	38	357	238	51	0.978082	365	2.62042e-253	TRUE	PA:cds-XAJ25422.1	GAG	E	GAA	E	327
PA|PP755594.1|A/cattle/Texas/24-008749-003/2024(H5N1)	1294	G	A	1	0	34	2159	1083	64	0.999537	2160	0	TRUE	PA:cds-XAJ25422.1	GTT	V	ATT	I	432
PA|PP755594.1|A/cattle/Texas/24-008749-003/2024(H5N1)	1626	T	C	0	0	0	865	487	59	1	865	0	TRUE	PA:cds-XAJ25422.1	GTT	V	GTC	V	542
