REGION	POS	REF	ALT	REF_DP	REF_RV	REF_QUAL	ALT_DP	ALT_RV	ALT_QUAL	ALT_FREQ	TOTAL_DP	PVAL	PASS	GFF_FEATURE	REF_CODON	REF_AA	ALT_CODON	ALT_AA	POS_AA
PB2|PP755596.1|A/cattle/Texas/24-008749-003/2024(H5N1)	172	G	A	0	0	0	1883	740	38	1	1883	0	TRUE	PB2:cds-XAJ25426.1	GCA	A	ACA	T	58
PB2|PP755596.1|A/cattle/Texas/24-008749-003/2024(H5N1)	240	G	A	0	0	0	1866	1048	36	1	1866	0	TRUE	PB2:cds-XAJ25426.1	AAG	K	AAA	K	80
PB2|PP755596.1|A/cattle/Texas/24-008749-003/2024(H5N1)	291	A	C	1955	1042	36	64	28	36	0.0316675	2021	1.49292e-19	TRUE	PB2:cds-XAJ25426.1	ACA	T	ACC	T	97
PB2|PP755596.1|A/cattle/Texas/24-008749-003/2024(H5N1)	300	T	C	1	1	26	2156	1132	36	0.999073	2158	0	TRUE	PB2:cds-XAJ25426.1	AAT	N	AAC	N	100
PB2|PP755596.1|A/cattle/Texas/24-008749-003/2024(H5N1)	630	G	A	0	0	0	2207	1356	35	1	2207	0	TRUE	PB2:cds-XAJ25426.1	GAG	E	GAA	E	210
PB2|PP755596.1|A/cattle/Texas/24-008749-003/2024(H5N1)	705	C	T	1	1	34	2437	1372	36	0.99959	2438	0	TRUE	PB2:cds-XAJ25426.1	ACC	T	ACT	T	235
PB2|PP755596.1|A/cattle/Texas/24-008749-003/2024(H5N1)	764	C	T	1	1	34	2460	1165	35	0.999594	2461	0	TRUE	PB2:cds-XAJ25426.1	GCA	A	GTA	V	255
PB2|PP755596.1|A/cattle/Texas/24-008749-003/2024(H5N1)	912	G	A	0	0	0	2478	1013	36	0.999597	2479	0	TRUE	PB2:cds-XAJ25426.1	GAG	E	GAA	E	304
PB2|PP755596.1|A/cattle/Texas/24-008749-003/2024(H5N1)	1095	G	T	1816	936	35	1461	568	35	0.445835	3277	0	TRUE	PB2:cds-XAJ25426.1	ATG	M	ATT	I	365
PB2|PP755596.1|A/cattle/Texas/24-008749-003/2024(H5N1)	1392	G	A	0	0	0	2889	2070	36	1	2889	0	TRUE	PB2:cds-XAJ25426.1	TTG	L	TTA	L	464
PB2|PP755596.1|A/cattle/Texas/24-008749-003/2024(H5N1)	1461	A	G	0	0	0	2624	1549	34	1	2624	0	TRUE	PB2:cds-XAJ25426.1	GAA	E	GAG	E	487
PB2|PP755596.1|A/cattle/Texas/24-008749-003/2024(H5N1)	2009	A	G	0	0	0	2451	1485	37	1	2451	0	TRUE	PB2:cds-XAJ25426.1	AAA	K	AGA	R	670
PB2|PP755596.1|A/cattle/Texas/24-008749-003/2024(H5N1)	2094	C	T	0	0	0	2239	1601	37	1	2239	0	TRUE	PB2:cds-XAJ25426.1	GGC	G	GGT	G	698
PB2|PP755596.1|A/cattle/Texas/24-008749-003/2024(H5N1)	2154	G	A	1617	1215	39	42	38	33	0.0253165	1659	8.61916e-14	TRUE	PB2:cds-XAJ25426.1	AAG	K	AAA	K	718
PB2|PP755596.1|A/cattle/Texas/24-008749-003/2024(H5N1)	2187	A	G	1673	1423	41	51	42	41	0.0295824	1724	3.03108e-19	TRUE	PB2:cds-XAJ25426.1	GGA	G	GGG	G	729
PB2|PP755596.1|A/cattle/Texas/24-008749-003/2024(H5N1)	2273	T	C	0	0	0	930	891	35	1	930	0	TRUE	PB2:cds-XAJ25426.1	ATC	I	ACC	T	758
