REGION	POS	REF	ALT	REF_DP	REF_RV	REF_QUAL	ALT_DP	ALT_RV	ALT_QUAL	ALT_FREQ	TOTAL_DP	PVAL	PASS	GFF_FEATURE	REF_CODON	REF_AA	ALT_CODON	ALT_AA	POS_AA
NS|PP755593.1|A/cattle/Texas/24-008749-003/2024(H5N1)	117	C	T	23459	4590	41	601	114	39	0.0249761	24063	1.08165e-199	TRUE	NS1:cds-XAJ25420.1	GAC	D	GAT	D	39
NS|PP755593.1|A/cattle/Texas/24-008749-003/2024(H5N1)	199	A	G	4	0	32	29891	13322	38	0.999699	29900	0	TRUE	NS1:cds-XAJ25420.1	AGG	R	GGG	G	67
NS|PP755593.1|A/cattle/Texas/24-008749-003/2024(H5N1)	222	T	C	33	21	37	31199	15954	40	0.998943	31232	0	TRUE	NS1:cds-XAJ25420.1	GAT	D	GAC	D	74
NS|PP755593.1|A/cattle/Texas/24-008749-003/2024(H5N1)	353	G	A	33473	16132	37	346	148	35	0.0102306	33820	1.24808e-72	TRUE	NS1:cds-XAJ25420.1	AGA	R	AAA	K	118
NS|PP755593.1|A/cattle/Texas/24-008749-003/2024(H5N1)	676	A	G	27834	17388	41	886	611	40	0.0308453	28724	3.19545e-316	TRUE	NEP:cds-XAJ25421.1	CAA	Q	CAG	Q	58
NS|PP755593.1|A/cattle/Texas/24-008749-003/2024(H5N1)	676	A	G	27834	17388	41	886	611	40	0.0308453	28724	3.19545e-316	TRUE	NS1:cds-XAJ25420.1	ATT	I	GTT	V	226
