REGION	POS	REF	ALT	REF_DP	REF_RV	REF_QUAL	ALT_DP	ALT_RV	ALT_QUAL	ALT_FREQ	TOTAL_DP	PVAL	PASS	GFF_FEATURE	REF_CODON	REF_AA	ALT_CODON	ALT_AA	POS_AA
NA|PP755591.1|A/cattle/Texas/24-008749-003/2024(H5N1)	11	A	G	45	4	39	1	0	34	0.0217391	46	0.164286	FALSE	NA:cds-XAJ25418.1	AAT	N	AGT	S	4
NA|PP755591.1|A/cattle/Texas/24-008749-003/2024(H5N1)	17	A	G	37	8	41	24	0	38	0.393443	61	5.75282e-20	TRUE	NA:cds-XAJ25418.1	AAG	K	AGG	R	6
NA|PP755591.1|A/cattle/Texas/24-008749-003/2024(H5N1)	23	C	T	95	14	39	1	0	34	0.0104167	96	0.246787	FALSE	NA:cds-XAJ25418.1	ACA	T	ATA	I	8
NA|PP755591.1|A/cattle/Texas/24-008749-003/2024(H5N1)	60	C	T	264	26	37	20	1	35	0.0704225	284	8.56732e-10	TRUE	NA:cds-XAJ25418.1	GTC	V	GTT	V	20
NA|PP755591.1|A/cattle/Texas/24-008749-003/2024(H5N1)	72	G	A	296	29	37	11	0	35	0.0358306	307	1.36641e-05	TRUE	NA:cds-XAJ25418.1	CTG	L	CTA	L	24
NA|PP755591.1|A/cattle/Texas/24-008749-003/2024(H5N1)	338	A	G	732	333	37	16	12	35	0.0213904	748	5.38994e-06	TRUE	NA:cds-XAJ25418.1	GAT	D	GGT	G	113
NA|PP755591.1|A/cattle/Texas/24-008749-003/2024(H5N1)	364	A	G	705	372	35	16	11	42	0.0221914	721	2.3375e-06	TRUE	NA:cds-XAJ25418.1	ATC	I	GTC	V	122
NA|PP755591.1|A/cattle/Texas/24-008749-003/2024(H5N1)	504	C	T	825	395	37	12	7	36	0.0143369	837	9.79468e-05	TRUE	NA:cds-XAJ25418.1	TCC	S	TCT	S	168
NA|PP755591.1|A/cattle/Texas/24-008749-003/2024(H5N1)	571	T	C	0	0	0	748	347	37	1	748	0	TRUE	NA:cds-XAJ25418.1	TTG	L	CTG	L	191
NA|PP755591.1|A/cattle/Texas/24-008749-003/2024(H5N1)	642	T	C	773	356	36	14	6	40	0.0177891	787	2.48419e-05	TRUE	NA:cds-XAJ25418.1	GAT	D	GAC	D	214
NA|PP755591.1|A/cattle/Texas/24-008749-003/2024(H5N1)	897	G	A	781	425	37	27	13	36	0.0334158	808	1.02736e-09	TRUE	NA:cds-XAJ25418.1	TCG	S	TCA	S	299
NA|PP755591.1|A/cattle/Texas/24-008749-003/2024(H5N1)	966	C	T	787	390	37	11	7	32	0.0137672	799	0.000190105	TRUE	NA:cds-XAJ25418.1	TTC	F	TTT	F	322
NA|PP755591.1|A/cattle/Texas/24-008749-003/2024(H5N1)	1020	T	C	819	374	36	11	4	36	0.013253	830	0.000200564	TRUE	NA:cds-XAJ25418.1	TCT	S	TCC	S	340
NA|PP755591.1|A/cattle/Texas/24-008749-003/2024(H5N1)	1137	G	A	810	464	38	9	4	36	0.010989	819	0.000925627	TRUE	NA:cds-XAJ25418.1	GGG	G	GGA	G	379
NA|PP755591.1|A/cattle/Texas/24-008749-003/2024(H5N1)	1185	A	G	0	0	0	649	401	36	1	649	0	TRUE	NA:cds-XAJ25418.1	GAA	E	GAG	E	395
