REGION	POS	REF	ALT	REF_DP	REF_RV	REF_QUAL	ALT_DP	ALT_RV	ALT_QUAL	ALT_FREQ	TOTAL_DP	PVAL	PASS	GFF_FEATURE	REF_CODON	REF_AA	ALT_CODON	ALT_AA	POS_AA
PB1|PP755595.1|A/cattle/Texas/24-008749-003/2024(H5N1)	145	T	-ATTCAGAAAAAG	2209	521	39	378	0	20	0.125166	3020	2.3508e-96	TRUE	NA	NA	NA	NA	NA	NA
PB1|PP755595.1|A/cattle/Texas/24-008749-003/2024(H5N1)	512	T	C	0	0	0	2482	841	37	1	2482	0	TRUE	PB1:cds-XAJ25424.1	GTG	V	GCG	A	171
PB1|PP755595.1|A/cattle/Texas/24-008749-003/2024(H5N1)	1023	T	C	2841	977	37	89	36	35	0.0303754	2930	7.38269e-26	TRUE	PB1:cds-XAJ25424.1	CCT	P	CCC	P	341
PB1|PP755595.1|A/cattle/Texas/24-008749-003/2024(H5N1)	1954	G	A	3263	1637	37	771	405	35	0.191125	4034	2.72315e-262	TRUE	PB1:cds-XAJ25424.1	GCT	A	ACT	T	652
