REGION	POS	REF	ALT	REF_DP	REF_RV	REF_QUAL	ALT_DP	ALT_RV	ALT_QUAL	ALT_FREQ	TOTAL_DP	PVAL	PASS	GFF_FEATURE	REF_CODON	REF_AA	ALT_CODON	ALT_AA	POS_AA
HA|PP755589.1|A/cattle/Texas/24-008749-003/2024(H5N1)	202	T	C	17057	9257	40	196	82	38	0.011359	17255	4.78163e-46	TRUE	HA:cds-XAJ25415.1	TTA	L	CTA	L	68
HA|PP755589.1|A/cattle/Texas/24-008749-003/2024(H5N1)	311	A	G	2	2	51	16632	7636	38	0.99988	16634	0	TRUE	HA:cds-XAJ25415.1	GAC	D	GGC	G	104
HA|PP755589.1|A/cattle/Texas/24-008749-003/2024(H5N1)	397	A	T	1	0	26	17292	7792	40	0.999827	17295	0	TRUE	HA:cds-XAJ25415.1	ATT	I	TTT	F	133
HA|PP755589.1|A/cattle/Texas/24-008749-003/2024(H5N1)	439	G	A	43	31	36	17234	10054	40	0.997511	17277	0	TRUE	HA:cds-XAJ25415.1	GTG	V	ATG	M	147
HA|PP755589.1|A/cattle/Texas/24-008749-003/2024(H5N1)	601	G	A	5	2	34	17155	6911	38	0.999359	17166	0	TRUE	HA:cds-XAJ25415.1	GAA	E	AAA	K	201
HA|PP755589.1|A/cattle/Texas/24-008749-003/2024(H5N1)	651	G	A	8	1	38	17247	8170	39	0.999421	17257	0	TRUE	HA:cds-XAJ25415.1	GGG	G	GGA	G	217
HA|PP755589.1|A/cattle/Texas/24-008749-003/2024(H5N1)	675	G	A	13	9	51	17280	7971	38	0.998786	17301	0	TRUE	HA:cds-XAJ25415.1	TTG	L	TTA	L	225
HA|PP755589.1|A/cattle/Texas/24-008749-003/2024(H5N1)	749	A	G	48	27	35	18708	9497	37	0.997281	18759	0	TRUE	HA:cds-XAJ25415.1	AAA	K	AGA	R	250
HA|PP755589.1|A/cattle/Texas/24-008749-003/2024(H5N1)	1007	G	A	8	4	41	19403	10660	40	0.99933	19416	0	TRUE	HA:cds-XAJ25415.1	AGT	S	AAT	N	336
HA|PP755589.1|A/cattle/Texas/24-008749-003/2024(H5N1)	1025	G	+A	18314	10437	39	502	0	20	0.0214027	23455	4.10227e-39	TRUE	NA	NA	NA	NA	NA	NA
HA|PP755589.1|A/cattle/Texas/24-008749-003/2024(H5N1)	1027	A	-G	18014	10642	40	812	0	20	0.0339536	23915	2.02871e-109	TRUE	NA	NA	NA	NA	NA	NA
HA|PP755589.1|A/cattle/Texas/24-008749-003/2024(H5N1)	1028	G	A	7	3	36	17307	10205	39	0.999019	17324	0	TRUE	HA:cds-XAJ25415.1	AGA	R	AAA	K	343
HA|PP755589.1|A/cattle/Texas/24-008749-003/2024(H5N1)	1052	T	A	19720	12062	40	223	38	36	0.0111796	19947	2.71805e-52	TRUE	HA:cds-XAJ25415.1	ATA	I	AAA	K	351
HA|PP755589.1|A/cattle/Texas/24-008749-003/2024(H5N1)	1227	G	A	44891	13673	41	3086	906	39	0.0643091	47987	0	TRUE	HA:cds-XAJ25415.1	GAG	E	GAA	E	409
HA|PP755589.1|A/cattle/Texas/24-008749-003/2024(H5N1)	1440	C	T	56551	25686	39	577	323	36	0.0100994	57132	8.32044e-124	TRUE	HA:cds-XAJ25415.1	AAC	N	AAT	N	480
