REGION	POS	REF	ALT	REF_DP	REF_RV	REF_QUAL	ALT_DP	ALT_RV	ALT_QUAL	ALT_FREQ	TOTAL_DP	PVAL	PASS	GFF_FEATURE	REF_CODON	REF_AA	ALT_CODON	ALT_AA	POS_AA
NA|PP755591.1|A/cattle/Texas/24-008749-003/2024(H5N1)	25	A	G	85	39	33	23	13	33	0.212963	108	3.21169e-15	TRUE	NA:cds-XAJ25418.1	ACC	T	GCC	A	9
NA|PP755591.1|A/cattle/Texas/24-008749-003/2024(H5N1)	72	G	A	325	148	33	16	8	31	0.0469208	341	1.8247e-07	TRUE	NA:cds-XAJ25418.1	CTG	L	CTA	L	24
NA|PP755591.1|A/cattle/Texas/24-008749-003/2024(H5N1)	227	C	A	610	292	33	363	176	33	0.373073	973	5.77384e-138	TRUE	NA:cds-XAJ25418.1	GCT	A	GAT	D	76
NA|PP755591.1|A/cattle/Texas/24-008749-003/2024(H5N1)	346	G	A	1147	546	33	131	66	33	0.102504	1278	3.16707e-40	TRUE	NA:cds-XAJ25418.1	GTT	V	ATT	I	116
NA|PP755591.1|A/cattle/Texas/24-008749-003/2024(H5N1)	571	T	C	0	0	0	1445	682	33	1	1445	0	TRUE	NA:cds-XAJ25418.1	TTG	L	CTG	L	191
NA|PP755591.1|A/cattle/Texas/24-008749-003/2024(H5N1)	894	C	T	983	474	33	520	248	32	0.345975	1503	1.33707e-184	TRUE	NA:cds-XAJ25418.1	GGC	G	GGT	G	298
NA|PP755591.1|A/cattle/Texas/24-008749-003/2024(H5N1)	926	A	G	1468	712	33	53	29	31	0.0348455	1521	1.62026e-15	TRUE	NA:cds-XAJ25418.1	AAT	N	AGT	S	309
NA|PP755591.1|A/cattle/Texas/24-008749-003/2024(H5N1)	1014	G	T	1157	564	33	697	313	33	0.375944	1854	2.73551e-249	TRUE	NA:cds-XAJ25418.1	ATG	M	ATT	I	338
NA|PP755591.1|A/cattle/Texas/24-008749-003/2024(H5N1)	1055	A	G	1301	593	33	716	354	33	0.354983	2017	9.42545e-249	TRUE	NA:cds-XAJ25418.1	AAG	K	AGG	R	352
NA|PP755591.1|A/cattle/Texas/24-008749-003/2024(H5N1)	1184	A	G	2170	1188	33	24	14	33	0.0109389	2194	4.12553e-06	TRUE	NA:cds-XAJ25418.1	GAA	E	GGA	G	395
NA|PP755591.1|A/cattle/Texas/24-008749-003/2024(H5N1)	1185	A	G	0	0	0	2171	1198	33	1	2171	0	TRUE	NA:cds-XAJ25418.1	GAA	E	GAG	E	395
NA|PP755591.1|A/cattle/Texas/24-008749-003/2024(H5N1)	1282	A	G	1627	921	33	36	21	34	0.0216476	1663	2.14196e-10	TRUE	NA:cds-XAJ25418.1	AGA	R	GGA	G	428
