REGION	POS	REF	ALT	REF_DP	REF_RV	REF_QUAL	ALT_DP	ALT_RV	ALT_QUAL	ALT_FREQ	TOTAL_DP	PVAL	PASS	GFF_FEATURE	REF_CODON	REF_AA	ALT_CODON	ALT_AA	POS_AA
PB1|PP755595.1|A/cattle/Texas/24-008749-003/2024(H5N1)	30	G	-AAAGTTCC	314	49	38	16	0	20	0.013986	1144	3.26772e-05	TRUE	NA	NA	NA	NA	NA	NA
PB1|PP755595.1|A/cattle/Texas/24-008749-003/2024(H5N1)	427	T	C	389	279	36	15	10	34	0.0371287	404	1.19869e-05	TRUE	PB1:cds-XAJ25424.1	TTA	L	CTA	L	143
PB1|PP755595.1|A/cattle/Texas/24-008749-003/2024(H5N1)	643	A	G	365	204	39	4	3	51	0.0108401	369	0.0412408	FALSE	PB1:cds-XAJ25424.1	AGG	R	GGG	G	215
PB1|PP755595.1|A/cattle/Texas/24-008749-003/2024(H5N1)	666	G	A	390	217	39	17	5	39	0.041769	407	1.62332e-06	TRUE	PB1:cds-XAJ25424.1	TTG	L	TTA	L	222
PB1|PP755595.1|A/cattle/Texas/24-008749-003/2024(H5N1)	708	A	G	166	58	37	251	122	39	0.601918	417	1.85906e-112	TRUE	PB1:cds-XAJ25424.1	TTA	L	TTG	L	236
PB1|PP755595.1|A/cattle/Texas/24-008749-003/2024(H5N1)	882	A	G	402	266	41	15	12	35	0.0359712	417	4.46918e-06	TRUE	PB1:cds-XAJ25424.1	CAA	Q	CAG	Q	294
PB1|PP755595.1|A/cattle/Texas/24-008749-003/2024(H5N1)	921	T	C	175	110	37	299	171	39	0.630802	474	8.57052e-135	TRUE	PB1:cds-XAJ25424.1	ACT	T	ACC	T	307
PB1|PP755595.1|A/cattle/Texas/24-008749-003/2024(H5N1)	945	T	C	0	0	0	421	233	38	1	421	1.0312e-271	TRUE	PB1:cds-XAJ25424.1	CCT	P	CCC	P	315
PB1|PP755595.1|A/cattle/Texas/24-008749-003/2024(H5N1)	1389	A	G	948	268	38	49	9	37	0.0491474	997	6.61389e-16	TRUE	PB1:cds-XAJ25424.1	GTA	V	GTG	V	463
PB1|PP755595.1|A/cattle/Texas/24-008749-003/2024(H5N1)	1539	A	G	1772	846	43	76	35	44	0.0411033	1849	6.39698e-29	TRUE	PB1:cds-XAJ25424.1	GGA	G	GGG	G	513
PB1|PP755595.1|A/cattle/Texas/24-008749-003/2024(H5N1)	1734	G	A	1705	815	39	171	84	37	0.0911514	1876	3.2235e-58	TRUE	PB1:cds-XAJ25424.1	AAG	K	AAA	K	578
PB1|PP755595.1|A/cattle/Texas/24-008749-003/2024(H5N1)	1926	T	C	2019	1157	39	113	49	39	0.0530019	2132	3.83069e-37	TRUE	PB1:cds-XAJ25424.1	AAT	N	AAC	N	642
