REGION	POS	REF	ALT	REF_DP	REF_RV	REF_QUAL	ALT_DP	ALT_RV	ALT_QUAL	ALT_FREQ	TOTAL_DP	PVAL	PASS	GFF_FEATURE	REF_CODON	REF_AA	ALT_CODON	ALT_AA	POS_AA
NA|PP755591.1|A/cattle/Texas/24-008749-003/2024(H5N1)	288	G	T	1829	1082	36	2161	1011	36	0.541468	3991	0	TRUE	NA:cds-XAJ25418.1	GGG	G	GGT	G	96
NA|PP755591.1|A/cattle/Texas/24-008749-003/2024(H5N1)	330	T	C	3989	1741	38	294	102	35	0.0686275	4284	3.71196e-94	TRUE	NA:cds-XAJ25418.1	TCT	S	TCC	S	110
NA|PP755591.1|A/cattle/Texas/24-008749-003/2024(H5N1)	501	T	C	2787	1448	37	2344	1012	35	0.456653	5133	0	TRUE	NA:cds-XAJ25418.1	CCT	P	CCC	P	167
NA|PP755591.1|A/cattle/Texas/24-008749-003/2024(H5N1)	571	T	C	1	0	34	4159	1754	38	0.99976	4160	0	TRUE	NA:cds-XAJ25418.1	TTG	L	CTG	L	191
NA|PP755591.1|A/cattle/Texas/24-008749-003/2024(H5N1)	1035	G	A	2105	792	37	2449	929	38	0.537769	4554	0	TRUE	NA:cds-XAJ25418.1	GGG	G	GGA	G	345
NA|PP755591.1|A/cattle/Texas/24-008749-003/2024(H5N1)	1185	A	G	1	1	20	4256	2533	38	0.999765	4257	0	TRUE	NA:cds-XAJ25418.1	GAA	E	GAG	E	395
NA|PP755591.1|A/cattle/Texas/24-008749-003/2024(H5N1)	1289	G	C	2477	1401	40	41	41	27	0.0162763	2519	0.0111006	FALSE	NA:cds-XAJ25418.1	AGG	R	ACG	T	430
NA|PP755591.1|A/cattle/Texas/24-008749-003/2024(H5N1)	1290	G	C	2567	1591	41	34	34	26	0.0130669	2602	0.126936	FALSE	NA:cds-XAJ25418.1	AGG	R	AGC	S	430
