REGION	POS	REF	ALT	REF_DP	REF_RV	REF_QUAL	ALT_DP	ALT_RV	ALT_QUAL	ALT_FREQ	TOTAL_DP	PVAL	PASS	GFF_FEATURE	REF_CODON	REF_AA	ALT_CODON	ALT_AA	POS_AA
HA|PP755589.1|A/cattle/Texas/24-008749-003/2024(H5N1)	7	A	G	71	20	50	1	0	34	0.0138889	72	0.113565	FALSE	HA:cds-XAJ25415.1	AAC	N	GAC	D	3
HA|PP755589.1|A/cattle/Texas/24-008749-003/2024(H5N1)	295	G	T	0	0	0	974	470	59	0.998974	975	0	TRUE	HA:cds-XAJ25415.1	GCT	A	TCT	S	99
HA|PP755589.1|A/cattle/Texas/24-008749-003/2024(H5N1)	474	C	T	512	258	61	442	205	60	0.463312	954	4.55718e-232	TRUE	HA:cds-XAJ25415.1	TCC	S	TCT	S	158
HA|PP755589.1|A/cattle/Texas/24-008749-003/2024(H5N1)	606	G	A	2	2	56	1149	486	60	0.998262	1151	0	TRUE	HA:cds-XAJ25415.1	GAG	E	GAA	E	202
HA|PP755589.1|A/cattle/Texas/24-008749-003/2024(H5N1)	627	C	T	1008	465	63	155	71	62	0.133276	1163	3.62991e-71	TRUE	HA:cds-XAJ25415.1	AAC	N	AAT	N	209
HA|PP755589.1|A/cattle/Texas/24-008749-003/2024(H5N1)	651	G	A	0	0	0	1171	554	64	1	1171	0	TRUE	HA:cds-XAJ25415.1	GGG	G	GGA	G	217
HA|PP755589.1|A/cattle/Texas/24-008749-003/2024(H5N1)	768	T	C	0	0	0	1205	579	62	1	1205	0	TRUE	HA:cds-XAJ25415.1	CAT	H	CAC	H	256
HA|PP755589.1|A/cattle/Texas/24-008749-003/2024(H5N1)	819	T	A	0	0	0	1169	618	60	0.998292	1171	0	TRUE	HA:cds-XAJ25415.1	GTT	V	GTA	V	273
HA|PP755589.1|A/cattle/Texas/24-008749-003/2024(H5N1)	834	G	A	2	1	58	1180	659	59	0.998308	1182	0	TRUE	HA:cds-XAJ25415.1	TCG	S	TCA	S	278
HA|PP755589.1|A/cattle/Texas/24-008749-003/2024(H5N1)	846	A	G	0	0	0	1148	616	59	1	1148	0	TRUE	HA:cds-XAJ25415.1	AAA	K	AAG	K	282
HA|PP755589.1|A/cattle/Texas/24-008749-003/2024(H5N1)	867	T	C	1	1	78	1129	548	60	0.999115	1130	0	TRUE	HA:cds-XAJ25415.1	CAT	H	CAC	H	289
HA|PP755589.1|A/cattle/Texas/24-008749-003/2024(H5N1)	921	T	C	1	1	20	1128	585	62	0.99823	1130	0	TRUE	HA:cds-XAJ25415.1	TTT	F	TTC	F	307
HA|PP755589.1|A/cattle/Texas/24-008749-003/2024(H5N1)	1314	A	C	0	0	0	1748	864	63	1	1748	0	TRUE	HA:cds-XAJ25415.1	ACA	T	ACC	T	438
HA|PP755589.1|A/cattle/Texas/24-008749-003/2024(H5N1)	1503	G	A	1	1	71	1597	992	66	0.999374	1598	0	TRUE	HA:cds-XAJ25415.1	ACG	T	ACA	T	501
HA|PP755589.1|A/cattle/Texas/24-008749-003/2024(H5N1)	1565	A	G	0	0	0	1428	899	67	1	1428	0	TRUE	HA:cds-XAJ25415.1	AAA	K	AGA	R	522
HA|PP755589.1|A/cattle/Texas/24-008749-003/2024(H5N1)	1575	A	T	0	0	0	1385	877	66	0.999278	1386	0	TRUE	HA:cds-XAJ25415.1	TCA	S	TCT	S	525
