REGION	POS	REF	ALT	REF_DP	REF_RV	REF_QUAL	ALT_DP	ALT_RV	ALT_QUAL	ALT_FREQ	TOTAL_DP	PVAL	PASS	GFF_FEATURE	REF_CODON	REF_AA	ALT_CODON	ALT_AA	POS_AA
NS|PP755593.1|A/cattle/Texas/24-008749-003/2024(H5N1)	168	G	T	42604	24080	48	566	256	46	0.0120454	46989	4.40836e-223	TRUE	NS1:cds-XAJ25420.1	ACG	T	ACT	T	56
NS|PP755593.1|A/cattle/Texas/24-008749-003/2024(H5N1)	168	G	A	42604	24080	48	3819	1864	45	0.0812743	46989	0	TRUE	NS1:cds-XAJ25420.1	ACG	T	ACA	T	56
NS|PP755593.1|A/cattle/Texas/24-008749-003/2024(H5N1)	199	A	G	4	0	25	46019	22648	47	0.99937	46048	0	TRUE	NS1:cds-XAJ25420.1	AGG	R	GGG	G	67
NS|PP755593.1|A/cattle/Texas/24-008749-003/2024(H5N1)	222	T	C	7	5	50	44707	23853	50	0.999665	44722	0	TRUE	NS1:cds-XAJ25420.1	GAT	D	GAC	D	74
NS|PP755593.1|A/cattle/Texas/24-008749-003/2024(H5N1)	230	T	C	44258	24400	49	726	393	48	0.0161384	44986	4.15686e-278	TRUE	NS1:cds-XAJ25420.1	CTC	L	CCC	P	77
NS|PP755593.1|A/cattle/Texas/24-008749-003/2024(H5N1)	514	G	A	42866	22259	49	1107	463	43	0.0251705	43980	0	TRUE	NEP:cds-XAJ25421.1	ATG	M	ATA	I	4
NS|PP755593.1|A/cattle/Texas/24-008749-003/2024(H5N1)	514	G	A	42866	22259	49	1107	463	43	0.0251705	43980	0	TRUE	NS1:cds-XAJ25420.1	GAG	E	AAG	K	172
NS|PP755593.1|A/cattle/Texas/24-008749-003/2024(H5N1)	539	T	C	39979	21286	49	706	370	49	0.0173524	40686	2.85504e-271	TRUE	NEP:cds-XAJ25421.1	TCC	S	CCC	P	13
NS|PP755593.1|A/cattle/Texas/24-008749-003/2024(H5N1)	539	T	C	39979	21286	49	706	370	49	0.0173524	40686	2.85504e-271	TRUE	NS1:cds-XAJ25420.1	GTC	V	GCC	A	180
