REGION	POS	REF	ALT	REF_DP	REF_RV	REF_QUAL	ALT_DP	ALT_RV	ALT_QUAL	ALT_FREQ	TOTAL_DP	PVAL	PASS	GFF_FEATURE	REF_CODON	REF_AA	ALT_CODON	ALT_AA	POS_AA
PB1|PP755595.1|A/cattle/Texas/24-008749-003/2024(H5N1)	164	G	A	2724	769	37	50	17	36	0.0179986	2778	2.23998e-14	TRUE	PB1:cds-XAJ25424.1	TGG	W	TAG	*	55
PB1|PP755595.1|A/cattle/Texas/24-008749-003/2024(H5N1)	164	G	A	2724	769	37	50	17	36	0.0179986	2778	2.23998e-14	TRUE	PB1-F2:cds-XAJ25425.1	GGA	G	AGA	R	24
PB1|PP755595.1|A/cattle/Texas/24-008749-003/2024(H5N1)	868	A	G	489	300	38	5	3	32	0.0101215	494	0.0165048	FALSE	PB1:cds-XAJ25424.1	ATG	M	GTG	V	290
PB1|PP755595.1|A/cattle/Texas/24-008749-003/2024(H5N1)	1389	A	G	785	321	36	8	4	34	0.0100883	793	0.00205978	TRUE	PB1:cds-XAJ25424.1	GTA	V	GTG	V	463
PB1|PP755595.1|A/cattle/Texas/24-008749-003/2024(H5N1)	2025	T	C	352	197	35	4318	1769	36	0.924229	4672	0	TRUE	PB1:cds-XAJ25424.1	CTT	L	CTC	L	675
PB1|PP755595.1|A/cattle/Texas/24-008749-003/2024(H5N1)	2073	G	-TGCTGCAATCTATT	4261	2087	37	66	0	20	0.0128255	5146	0.0123379	FALSE	NA	NA	NA	NA	NA	NA
PB1|PP755595.1|A/cattle/Texas/24-008749-003/2024(H5N1)	2082	T	-CTATTTGAAAAATTCTTCC	3770	1821	36	82	0	20	0.0161545	5076	7.69919e-06	TRUE	NA	NA	NA	NA	NA	NA
