REGION	POS	REF	ALT	REF_DP	REF_RV	REF_QUAL	ALT_DP	ALT_RV	ALT_QUAL	ALT_FREQ	TOTAL_DP	PVAL	PASS	GFF_FEATURE	REF_CODON	REF_AA	ALT_CODON	ALT_AA	POS_AA
NA|PP755591.1|A/cattle/Texas/24-008749-003/2024(H5N1)	15	A	-AAGAT	144	35	42	12	0	20	0.0114833	1045	3.14943e-06	TRUE	NA	NA	NA	NA	NA	NA
NA|PP755591.1|A/cattle/Texas/24-008749-003/2024(H5N1)	214	A	G	0	0	0	2309	1145	45	1	2309	0	TRUE	NA:cds-XAJ25418.1	ACC	T	GCC	A	72
NA|PP755591.1|A/cattle/Texas/24-008749-003/2024(H5N1)	332	A	G	2	0	54	2221	994	44	0.9991	2223	0	TRUE	NA:cds-XAJ25418.1	AAG	K	AGG	R	111
NA|PP755591.1|A/cattle/Texas/24-008749-003/2024(H5N1)	441	G	A	1	1	37	2326	1134	43	0.99957	2327	0	TRUE	NA:cds-XAJ25418.1	GGG	G	GGA	G	147
NA|PP755591.1|A/cattle/Texas/24-008749-003/2024(H5N1)	513	T	C	0	0	0	2377	1088	45	1	2377	0	TRUE	NA:cds-XAJ25418.1	AAT	N	AAC	N	171
NA|PP755591.1|A/cattle/Texas/24-008749-003/2024(H5N1)	571	T	C	1	0	37	2266	1080	43	0.999559	2267	0	TRUE	NA:cds-XAJ25418.1	TTG	L	CTG	L	191
NA|PP755591.1|A/cattle/Texas/24-008749-003/2024(H5N1)	810	T	C	3	2	33	2158	1333	43	0.998612	2161	0	TRUE	NA:cds-XAJ25418.1	AAT	N	AAC	N	270
NA|PP755591.1|A/cattle/Texas/24-008749-003/2024(H5N1)	1185	A	G	3	1	23	3693	2051	42	0.999188	3696	0	TRUE	NA:cds-XAJ25418.1	GAA	E	GAG	E	395
NA|PP755591.1|A/cattle/Texas/24-008749-003/2024(H5N1)	1257	G	A	6	5	33	3429	2216	47	0.997963	3436	0	TRUE	NA:cds-XAJ25418.1	AGG	R	AGA	R	419
NA|PP755591.1|A/cattle/Texas/24-008749-003/2024(H5N1)	1294	A	G	1	0	74	3115	2406	49	0.999679	3116	0	TRUE	NA:cds-XAJ25418.1	AAA	K	GAA	E	432
NA|PP755591.1|A/cattle/Texas/24-008749-003/2024(H5N1)	1296	A	G	4	4	37	3106	2432	49	0.998714	3110	0	TRUE	NA:cds-XAJ25418.1	AAA	K	AAG	K	432
NA|PP755591.1|A/cattle/Texas/24-008749-003/2024(H5N1)	1301	A	G	0	0	0	3132	2498	50	1	3132	0	TRUE	NA:cds-XAJ25418.1	AAT	N	AGT	S	434
NA|PP755591.1|A/cattle/Texas/24-008749-003/2024(H5N1)	1315	A	G	6	5	57	2970	2396	50	0.997984	2976	0	TRUE	NA:cds-XAJ25418.1	AGC	S	GGC	G	439
NA|PP755591.1|A/cattle/Texas/24-008749-003/2024(H5N1)	1348	A	G	2	2	55	2410	2061	46	0.999171	2412	0	TRUE	NA:cds-XAJ25418.1	AGT	S	GGT	G	450
NA|PP755591.1|A/cattle/Texas/24-008749-003/2024(H5N1)	1362	T	C	4	4	35	2019	1770	44	0.998023	2023	0	TRUE	NA:cds-XAJ25418.1	GGT	G	GGC	G	454
