REGION	POS	REF	ALT	REF_DP	REF_RV	REF_QUAL	ALT_DP	ALT_RV	ALT_QUAL	ALT_FREQ	TOTAL_DP	PVAL	PASS	GFF_FEATURE	REF_CODON	REF_AA	ALT_CODON	ALT_AA	POS_AA
NA|PP755591.1|A/cattle/Texas/24-008749-003/2024(H5N1)	4	A	G	0	0	0	4	2	28	1	4	0.0285714	FALSE	NA:cds-XAJ25418.1	AAT	N	GAT	D	2
NA|PP755591.1|A/cattle/Texas/24-008749-003/2024(H5N1)	7	C	T	0	0	0	4	2	28	1	4	0.0285714	FALSE	NA:cds-XAJ25418.1	CCA	P	TCA	S	3
NA|PP755591.1|A/cattle/Texas/24-008749-003/2024(H5N1)	15	A	G	0	0	0	39	8	33	1	39	8.73209e-34	TRUE	NA:cds-XAJ25418.1	CAA	Q	CAG	Q	5
NA|PP755591.1|A/cattle/Texas/24-008749-003/2024(H5N1)	23	C	-A	191	29	33	5	0	20	0.0253807	197	0.107572	FALSE	NA	NA	NA	NA	NA	NA
NA|PP755591.1|A/cattle/Texas/24-008749-003/2024(H5N1)	91	T	C	972	384	33	10	4	34	0.0101833	982	0.00528748	TRUE	NA:cds-XAJ25418.1	TCA	S	CCA	P	31
NA|PP755591.1|A/cattle/Texas/24-008749-003/2024(H5N1)	154	A	G	1224	612	33	16	8	34	0.0128928	1241	0.000118606	TRUE	NA:cds-XAJ25418.1	AGC	S	GGC	G	52
NA|PP755591.1|A/cattle/Texas/24-008749-003/2024(H5N1)	265	T	C	542	232	33	6	3	34	0.0109489	548	0.0145132	FALSE	NA:cds-XAJ25418.1	TCA	S	CCA	P	89
NA|PP755591.1|A/cattle/Texas/24-008749-003/2024(H5N1)	571	T	C	1	1	34	1571	656	33	0.999364	1572	0	TRUE	NA:cds-XAJ25418.1	TTG	L	CTG	L	191
NA|PP755591.1|A/cattle/Texas/24-008749-003/2024(H5N1)	903	G	A	3	2	34	1915	820	33	0.998436	1918	0	TRUE	NA:cds-XAJ25418.1	CGG	R	CGA	R	301
NA|PP755591.1|A/cattle/Texas/24-008749-003/2024(H5N1)	1018	T	C	1477	888	32	223	128	33	0.131176	1700	2.01677e-72	TRUE	NA:cds-XAJ25418.1	TCT	S	CCT	P	340
NA|PP755591.1|A/cattle/Texas/24-008749-003/2024(H5N1)	1185	A	G	5	2	33	4188	1486	33	0.998808	4193	0	TRUE	NA:cds-XAJ25418.1	GAA	E	GAG	E	395
NA|PP755591.1|A/cattle/Texas/24-008749-003/2024(H5N1)	1279	A	G	5988	3360	33	171	102	33	0.0270913	6312	2.18665e-47	TRUE	NA:cds-XAJ25418.1	ATT	I	GTT	V	427
NA|PP755591.1|A/cattle/Texas/24-008749-003/2024(H5N1)	1279	A	C	5988	3360	33	132	71	33	0.0209125	6312	1.87139e-35	TRUE	NA:cds-XAJ25418.1	ATT	I	CTT	L	427
NA|PP755591.1|A/cattle/Texas/24-008749-003/2024(H5N1)	1289	G	C	4420	1492	33	46	46	28	0.0102793	4475	0.459113	FALSE	NA:cds-XAJ25418.1	AGG	R	ACG	T	430
