REGION	POS	REF	ALT	REF_DP	REF_RV	REF_QUAL	ALT_DP	ALT_RV	ALT_QUAL	ALT_FREQ	TOTAL_DP	PVAL	PASS	GFF_FEATURE	REF_CODON	REF_AA	ALT_CODON	ALT_AA	POS_AA
NS|PP755593.1|A/cattle/Texas/24-008749-003/2024(H5N1)	20	T	C	0	0	0	1407	429	52	1	1407	0	TRUE	NEP:cds-XAJ25421.1	TTA	L	TCA	S	7
NS|PP755593.1|A/cattle/Texas/24-008749-003/2024(H5N1)	20	T	C	0	0	0	1407	429	52	1	1407	0	TRUE	NS1:cds-XAJ25420.1	TTA	L	TCA	S	7
NS|PP755593.1|A/cattle/Texas/24-008749-003/2024(H5N1)	168	G	A	5	0	68	4468	1808	64	0.998882	4473	0	TRUE	NS1:cds-XAJ25420.1	ACG	T	ACA	T	56
NS|PP755593.1|A/cattle/Texas/24-008749-003/2024(H5N1)	183	G	A	1	0	23	4587	1875	64	0.999782	4588	0	TRUE	NS1:cds-XAJ25420.1	GGG	G	GGA	G	61
NS|PP755593.1|A/cattle/Texas/24-008749-003/2024(H5N1)	192	A	G	1	0	78	4711	2066	66	0.999788	4712	0	TRUE	NS1:cds-XAJ25420.1	ATA	I	ATG	M	64
NS|PP755593.1|A/cattle/Texas/24-008749-003/2024(H5N1)	220	G	A	2	1	63	4955	2258	66	0.999597	4957	0	TRUE	NS1:cds-XAJ25420.1	GAT	D	AAT	N	74
NS|PP755593.1|A/cattle/Texas/24-008749-003/2024(H5N1)	222	T	C	2	0	28	4955	2266	66	0.999395	4958	0	TRUE	NS1:cds-XAJ25420.1	GAT	D	GAC	D	74
NS|PP755593.1|A/cattle/Texas/24-008749-003/2024(H5N1)	382	A	G	5339	2486	63	199	114	53	0.0359271	5539	3.47102e-87	TRUE	NS1:cds-XAJ25420.1	ATC	I	GTC	V	128
NS|PP755593.1|A/cattle/Texas/24-008749-003/2024(H5N1)	405	T	C	1	0	73	5221	2696	63	0.999617	5223	0	TRUE	NS1:cds-XAJ25420.1	AGT	S	AGC	S	135
NS|PP755593.1|A/cattle/Texas/24-008749-003/2024(H5N1)	660	G	A	1	1	34	5502	3073	70	0.999818	5503	0	TRUE	NEP:cds-XAJ25421.1	GGA	G	GAA	E	53
NS|PP755593.1|A/cattle/Texas/24-008749-003/2024(H5N1)	660	G	A	1	1	34	5502	3073	70	0.999818	5503	0	TRUE	NS1:cds-XAJ25420.1	CGG	R	CGA	R	220
NS|PP755593.1|A/cattle/Texas/24-008749-003/2024(H5N1)	737	A	G	2841	1680	68	1744	1025	67	0.380371	4585	0	TRUE	NEP:cds-XAJ25421.1	ATC	I	GTC	V	79
