REGION	POS	REF	ALT	REF_DP	REF_RV	REF_QUAL	ALT_DP	ALT_RV	ALT_QUAL	ALT_FREQ	TOTAL_DP	PVAL	PASS	GFF_FEATURE	REF_CODON	REF_AA	ALT_CODON	ALT_AA	POS_AA
NS|PP755593.1|A/cattle/Texas/24-008749-003/2024(H5N1)	163	G	A	8380	3761	42	172	53	37	0.0201123	8552	6.33075e-49	TRUE	NS1:cds-XAJ25420.1	GAG	E	AAG	K	55
NS|PP755593.1|A/cattle/Texas/24-008749-003/2024(H5N1)	199	A	G	3	0	34	8949	4391	39	0.99933	8955	0	TRUE	NS1:cds-XAJ25420.1	AGG	R	GGG	G	67
NS|PP755593.1|A/cattle/Texas/24-008749-003/2024(H5N1)	222	T	C	3	2	60	9106	4875	41	0.999671	9109	0	TRUE	NS1:cds-XAJ25420.1	GAT	D	GAC	D	74
NS|PP755593.1|A/cattle/Texas/24-008749-003/2024(H5N1)	348	T	G	1	0	34	8402	4494	38	0.999762	8404	0	TRUE	NS1:cds-XAJ25420.1	AGT	S	AGG	R	116
NS|PP755593.1|A/cattle/Texas/24-008749-003/2024(H5N1)	721	G	A	6682	5324	47	1721	1362	46	0.204735	8406	0	TRUE	NEP:cds-XAJ25421.1	GTG	V	GTA	V	73
NS|PP755593.1|A/cattle/Texas/24-008749-003/2024(H5N1)	802	G	A	4600	4097	41	70	62	40	0.0149893	4670	2.16984e-25	TRUE	NEP:cds-XAJ25421.1	GAG	E	GAA	E	100
