REGION	POS	REF	ALT	REF_DP	REF_RV	REF_QUAL	ALT_DP	ALT_RV	ALT_QUAL	ALT_FREQ	TOTAL_DP	PVAL	PASS	GFF_FEATURE	REF_CODON	REF_AA	ALT_CODON	ALT_AA	POS_AA
NP|PP755592.1|A/cattle/Texas/24-008749-003/2024(H5N1)	93	A	G	5	1	54	2997	836	40	0.998334	3002	0	TRUE	NP:cds-XAJ25419.1	AGA	R	AGG	R	31
NP|PP755592.1|A/cattle/Texas/24-008749-003/2024(H5N1)	355	A	G	16	6	52	5561	2801	42	0.997131	5577	0	TRUE	NP:cds-XAJ25419.1	ATT	I	GTT	V	119
NP|PP755592.1|A/cattle/Texas/24-008749-003/2024(H5N1)	498	G	A	13	12	41	5616	2584	39	0.997691	5629	0	TRUE	NP:cds-XAJ25419.1	CTG	L	CTA	L	166
NP|PP755592.1|A/cattle/Texas/24-008749-003/2024(H5N1)	602	T	C	84	40	40	5923	2648	43	0.986016	6007	0	TRUE	NP:cds-XAJ25419.1	ATC	I	ACC	T	201
NP|PP755592.1|A/cattle/Texas/24-008749-003/2024(H5N1)	870	C	T	24	9	43	5734	2765	40	0.995832	5758	0	TRUE	NP:cds-XAJ25419.1	GAC	D	GAT	D	290
NP|PP755592.1|A/cattle/Texas/24-008749-003/2024(H5N1)	1014	T	C	19	10	44	5887	3147	41	0.996783	5906	0	TRUE	NP:cds-XAJ25419.1	TTT	F	TTC	F	338
NP|PP755592.1|A/cattle/Texas/24-008749-003/2024(H5N1)	1092	G	A	14	8	32	6013	2805	42	0.997512	6028	0	TRUE	NP:cds-XAJ25419.1	CAG	Q	CAA	Q	364
