REGION	POS	REF	ALT	REF_DP	REF_RV	REF_QUAL	ALT_DP	ALT_RV	ALT_QUAL	ALT_FREQ	TOTAL_DP	PVAL	PASS	GFF_FEATURE	REF_CODON	REF_AA	ALT_CODON	ALT_AA	POS_AA
NS|PP755593.1|A/cattle/Texas/24-008749-003/2024(H5N1)	164	A	C	1	0	34	23621	8388	33	0.999365	23636	0	TRUE	NS1:cds-XAJ25420.1	GAG	E	GCG	A	55
NS|PP755593.1|A/cattle/Texas/24-008749-003/2024(H5N1)	222	T	C	4	1	34	29146	13322	33	0.999863	29150	0	TRUE	NS1:cds-XAJ25420.1	GAT	D	GAC	D	74
NS|PP755593.1|A/cattle/Texas/24-008749-003/2024(H5N1)	757	A	G	16	12	34	24638	21251	33	0.999148	24659	0	TRUE	NEP:cds-XAJ25421.1	GAA	E	GAG	E	85
