REGION	POS	REF	ALT	REF_DP	REF_RV	REF_QUAL	ALT_DP	ALT_RV	ALT_QUAL	ALT_FREQ	TOTAL_DP	PVAL	PASS	GFF_FEATURE	REF_CODON	REF_AA	ALT_CODON	ALT_AA	POS_AA
MP|PP755590.1|A/cattle/Texas/24-008749-003/2024(H5N1)	144	A	G	19356	8938	33	1029	537	33	0.0504783	20385	3.43129e-286	TRUE	M1:cds-XAJ25416.1	ACA	T	ACG	T	48
MP|PP755590.1|A/cattle/Texas/24-008749-003/2024(H5N1)	245	G	A	2	1	30	19482	9000	33	0.999795	19486	0	TRUE	M1:cds-XAJ25416.1	AGT	S	AAT	N	82
MP|PP755590.1|A/cattle/Texas/24-008749-003/2024(H5N1)	258	A	G	19430	9398	33	2130	1196	33	0.0987849	21562	0	TRUE	M1:cds-XAJ25416.1	GGA	G	GGG	G	86
MP|PP755590.1|A/cattle/Texas/24-008749-003/2024(H5N1)	411	G	A	5426	3017	33	14835	7138	33	0.732195	20261	0	TRUE	M1:cds-XAJ25416.1	ACG	T	ACA	T	137
MP|PP755590.1|A/cattle/Texas/24-008749-003/2024(H5N1)	726	A	G	3701	1945	31	13247	5851	33	0.78158	16949	0	TRUE	M2:cds-XAJ25417.1	AAC	N	AGC	S	4
MP|PP755590.1|A/cattle/Texas/24-008749-003/2024(H5N1)	726	A	G	3701	1945	31	13247	5851	33	0.78158	16949	0	TRUE	M1:cds-XAJ25416.1	AAA	K	AAG	K	242
MP|PP755590.1|A/cattle/Texas/24-008749-003/2024(H5N1)	760	T	C	20193	9071	33	452	185	33	0.0218907	20648	6.11403e-110	TRUE	M2:cds-XAJ25417.1	GAT	D	GAC	D	16
