REGION	POS	REF	ALT	REF_DP	REF_RV	REF_QUAL	ALT_DP	ALT_RV	ALT_QUAL	ALT_FREQ	TOTAL_DP	PVAL	PASS	GFF_FEATURE	REF_CODON	REF_AA	ALT_CODON	ALT_AA	POS_AA
NS|PP755593.1|A/cattle/Texas/24-008749-003/2024(H5N1)	196	G	A	10556	4894	33	393	119	31	0.0358871	10951	1.27429e-106	TRUE	NS1:cds-XAJ25420.1	GAG	E	AAG	K	66
NS|PP755593.1|A/cattle/Texas/24-008749-003/2024(H5N1)	199	A	G	4	1	32	10673	4783	33	0.999532	10678	0	TRUE	NS1:cds-XAJ25420.1	AGG	R	GGG	G	67
NS|PP755593.1|A/cattle/Texas/24-008749-003/2024(H5N1)	222	T	C	2	2	34	11557	5861	33	0.999827	11559	0	TRUE	NS1:cds-XAJ25420.1	GAT	D	GAC	D	74
NS|PP755593.1|A/cattle/Texas/24-008749-003/2024(H5N1)	239	C	A	0	0	0	11275	6277	33	0.999823	11277	0	TRUE	NS1:cds-XAJ25420.1	ACT	T	AAT	N	80
NS|PP755593.1|A/cattle/Texas/24-008749-003/2024(H5N1)	485	C	T	11559	5631	33	117	51	33	0.0100111	11687	3.60581e-24	TRUE	NS1:cds-XAJ25420.1	CCA	P	CTA	L	162
NS|PP755593.1|A/cattle/Texas/24-008749-003/2024(H5N1)	601	T	C	10638	6062	33	217	108	33	0.0199871	10857	7.37647e-53	TRUE	NEP:cds-XAJ25421.1	GAT	D	GAC	D	33
NS|PP755593.1|A/cattle/Texas/24-008749-003/2024(H5N1)	601	T	C	10638	6062	33	217	108	33	0.0199871	10857	7.37647e-53	TRUE	NS1:cds-XAJ25420.1	TTC	F	CTC	L	201
NS|PP755593.1|A/cattle/Texas/24-008749-003/2024(H5N1)	682	T	C	9230	5638	33	1472	919	33	0.137519	10704	0	TRUE	NEP:cds-XAJ25421.1	AGT	S	AGC	S	60
NS|PP755593.1|A/cattle/Texas/24-008749-003/2024(H5N1)	682	T	C	9230	5638	33	1472	919	33	0.137519	10704	0	TRUE	NS1:cds-XAJ25420.1	TCA	S	CCA	P	228
NS|PP755593.1|A/cattle/Texas/24-008749-003/2024(H5N1)	742	A	G	4722	3581	33	5024	3852	33	0.515494	9746	0	TRUE	NEP:cds-XAJ25421.1	ACA	T	ACG	T	80
