REGION	POS	REF	ALT	REF_DP	REF_RV	REF_QUAL	ALT_DP	ALT_RV	ALT_QUAL	ALT_FREQ	TOTAL_DP	PVAL	PASS	GFF_FEATURE	REF_CODON	REF_AA	ALT_CODON	ALT_AA	POS_AA
NA|PP755591.1|A/cattle/Texas/24-008749-003/2024(H5N1)	70	C	A	3159	408	38	62	7	38	0.0192367	3223	5.49464e-23	TRUE	NA:cds-XAJ25418.1	CTG	L	ATG	M	24
NA|PP755591.1|A/cattle/Texas/24-008749-003/2024(H5N1)	272	T	G	5394	1701	35	94	94	27	0.017122	5490	0.000164501	TRUE	NA:cds-XAJ25418.1	CTT	L	CGT	R	91
NA|PP755591.1|A/cattle/Texas/24-008749-003/2024(H5N1)	298	T	C	6732	3350	36	926	419	35	0.120904	7659	2.01363e-303	TRUE	NA:cds-XAJ25418.1	TAC	Y	CAC	H	100
NA|PP755591.1|A/cattle/Texas/24-008749-003/2024(H5N1)	378	C	A	8081	3732	37	123	67	36	0.014989	8206	1.59304e-30	TRUE	NA:cds-XAJ25418.1	CAC	H	CAA	Q	126
NA|PP755591.1|A/cattle/Texas/24-008749-003/2024(H5N1)	383	A	G	7566	3377	37	524	311	36	0.0647713	8090	8.69844e-162	TRUE	NA:cds-XAJ25418.1	GAA	E	GGA	G	128
NA|PP755591.1|A/cattle/Texas/24-008749-003/2024(H5N1)	498	T	C	7542	3567	36	147	70	36	0.0191132	7691	1.11647e-39	TRUE	NA:cds-XAJ25418.1	GCT	A	GCC	A	166
NA|PP755591.1|A/cattle/Texas/24-008749-003/2024(H5N1)	571	T	C	1	0	34	7341	3416	36	0.999047	7348	0	TRUE	NA:cds-XAJ25418.1	TTG	L	CTG	L	191
NA|PP755591.1|A/cattle/Texas/24-008749-003/2024(H5N1)	687	T	C	7038	3572	36	109	41	35	0.0152512	7147	6.00583e-27	TRUE	NA:cds-XAJ25418.1	TCT	S	TCC	S	229
NA|PP755591.1|A/cattle/Texas/24-008749-003/2024(H5N1)	1185	A	G	3	2	45	7428	4433	36	0.999596	7431	0	TRUE	NA:cds-XAJ25418.1	GAA	E	GAG	E	395
NA|PP755591.1|A/cattle/Texas/24-008749-003/2024(H5N1)	1243	T	C	7589	5627	40	132	106	40	0.0170962	7721	2.4523e-47	TRUE	NA:cds-XAJ25418.1	TTA	L	CTA	L	415
NA|PP755591.1|A/cattle/Texas/24-008749-003/2024(H5N1)	1289	G	C	4289	2897	39	44	44	26	0.0101523	4334	0.489073	FALSE	NA:cds-XAJ25418.1	AGG	R	ACG	T	430
NA|PP755591.1|A/cattle/Texas/24-008749-003/2024(H5N1)	1359	G	A	4464	4173	37	518	474	37	0.103974	4982	3.49759e-169	TRUE	NA:cds-XAJ25418.1	GTG	V	GTA	V	453
