REGION	POS	REF	ALT	REF_DP	REF_RV	REF_QUAL	ALT_DP	ALT_RV	ALT_QUAL	ALT_FREQ	TOTAL_DP	PVAL	PASS	GFF_FEATURE	REF_CODON	REF_AA	ALT_CODON	ALT_AA	POS_AA
PB2|PP755596.1|A/cattle/Texas/24-008749-003/2024(H5N1)	36	A	G	74	9	33	3	0	34	0.038961	77	0.0084575	TRUE	PB2:cds-XAJ25426.1	TCA	S	TCG	S	12
PB2|PP755596.1|A/cattle/Texas/24-008749-003/2024(H5N1)	240	G	A	0	0	0	350	182	33	1	350	5.95491e-215	TRUE	PB2:cds-XAJ25426.1	AAG	K	AAA	K	80
PB2|PP755596.1|A/cattle/Texas/24-008749-003/2024(H5N1)	630	G	A	0	0	0	355	210	33	1	355	2.94909e-227	TRUE	PB2:cds-XAJ25426.1	GAG	E	GAA	E	210
PB2|PP755596.1|A/cattle/Texas/24-008749-003/2024(H5N1)	764	C	T	0	0	0	232	104	33	1	232	7.17991e-140	TRUE	PB2:cds-XAJ25426.1	GCA	A	GTA	V	255
PB2|PP755596.1|A/cattle/Texas/24-008749-003/2024(H5N1)	791	G	A	258	111	33	3	1	34	0.0114943	261	0.12077	FALSE	PB2:cds-XAJ25426.1	AGG	R	AAG	K	264
PB2|PP755596.1|A/cattle/Texas/24-008749-003/2024(H5N1)	907	A	G	254	109	32	3	0	34	0.0116732	257	0.122114	FALSE	PB2:cds-XAJ25426.1	ACG	T	GCG	A	303
PB2|PP755596.1|A/cattle/Texas/24-008749-003/2024(H5N1)	912	G	A	0	0	0	248	106	33	1	248	1.99218e-152	TRUE	PB2:cds-XAJ25426.1	GAG	E	GAA	E	304
PB2|PP755596.1|A/cattle/Texas/24-008749-003/2024(H5N1)	1392	G	A	0	0	0	331	249	33	1	331	2.18698e-204	TRUE	PB2:cds-XAJ25426.1	TTG	L	TTA	L	464
PB2|PP755596.1|A/cattle/Texas/24-008749-003/2024(H5N1)	1515	A	G	199	92	33	119	62	33	0.374214	318	1.38959e-42	TRUE	PB2:cds-XAJ25426.1	CGA	R	CGG	R	505
PB2|PP755596.1|A/cattle/Texas/24-008749-003/2024(H5N1)	1555	A	G	282	98	33	4	3	34	0.013986	286	0.0605599	FALSE	PB2:cds-XAJ25426.1	AGC	S	GGC	G	519
PB2|PP755596.1|A/cattle/Texas/24-008749-003/2024(H5N1)	1985	C	T	384	209	33	8	4	34	0.0204082	392	0.0037295	TRUE	PB2:cds-XAJ25426.1	ACC	T	ATC	I	662
PB2|PP755596.1|A/cattle/Texas/24-008749-003/2024(H5N1)	2009	A	G	0	0	0	364	208	33	1	364	9.82713e-221	TRUE	PB2:cds-XAJ25426.1	AAA	K	AGA	R	670
