REGION	POS	REF	ALT	REF_DP	REF_RV	REF_QUAL	ALT_DP	ALT_RV	ALT_QUAL	ALT_FREQ	TOTAL_DP	PVAL	PASS	GFF_FEATURE	REF_CODON	REF_AA	ALT_CODON	ALT_AA	POS_AA
NA|PP755591.1|A/cattle/Texas/24-008749-003/2024(H5N1)	32	G	A	182	52	33	2	0	34	0.0108696	184	0.0975559	FALSE	NA:cds-XAJ25418.1	GGA	G	GAA	E	11
NA|PP755591.1|A/cattle/Texas/24-008749-003/2024(H5N1)	54	G	A	322	83	33	5	1	34	0.0152905	327	0.00731645	TRUE	NA:cds-XAJ25418.1	GGG	G	GGA	G	18
NA|PP755591.1|A/cattle/Texas/24-008749-003/2024(H5N1)	55	A	G	322	83	33	12	4	33	0.0359281	334	7.78222e-06	TRUE	NA:cds-XAJ25418.1	ATA	I	GTA	V	19
NA|PP755591.1|A/cattle/Texas/24-008749-003/2024(H5N1)	172	A	G	854	389	32	9	2	33	0.0104287	863	0.00120921	TRUE	NA:cds-XAJ25418.1	AAC	N	GAC	D	58
NA|PP755591.1|A/cattle/Texas/24-008749-003/2024(H5N1)	544	A	G	914	450	33	13	8	34	0.0140237	927	0.000100323	TRUE	NA:cds-XAJ25418.1	AGT	S	GGT	G	182
NA|PP755591.1|A/cattle/Texas/24-008749-003/2024(H5N1)	571	T	C	0	0	0	859	423	33	1	859	0	TRUE	NA:cds-XAJ25418.1	TTG	L	CTG	L	191
NA|PP755591.1|A/cattle/Texas/24-008749-003/2024(H5N1)	698	G	A	758	362	33	13	7	34	0.0168612	771	0.000101381	TRUE	NA:cds-XAJ25418.1	TGC	C	TAC	Y	233
NA|PP755591.1|A/cattle/Texas/24-008749-003/2024(H5N1)	744	T	C	0	0	0	889	443	33	1	889	0	TRUE	NA:cds-XAJ25418.1	AAT	N	AAC	N	248
NA|PP755591.1|A/cattle/Texas/24-008749-003/2024(H5N1)	918	T	C	890	409	33	86	39	32	0.0881148	976	2.65066e-26	TRUE	NA:cds-XAJ25418.1	TTT	F	TTC	F	306
NA|PP755591.1|A/cattle/Texas/24-008749-003/2024(H5N1)	1012	A	G	1281	503	33	30	16	33	0.0228659	1312	1.05427e-08	TRUE	NA:cds-XAJ25418.1	ATG	M	GTG	V	338
NA|PP755591.1|A/cattle/Texas/24-008749-003/2024(H5N1)	1185	A	G	0	0	0	1300	714	33	0.998464	1302	0	TRUE	NA:cds-XAJ25418.1	GAA	E	GAG	E	395
NA|PP755591.1|A/cattle/Texas/24-008749-003/2024(H5N1)	1253	T	-G	1347	814	33	16	0	20	0.011544	1386	0.338667	FALSE	NA	NA	NA	NA	NA	NA
NA|PP755591.1|A/cattle/Texas/24-008749-003/2024(H5N1)	1360	G	A	0	0	0	885	714	33	1	885	0	TRUE	NA:cds-XAJ25418.1	GGT	G	AGT	S	454
