REGION	POS	REF	ALT	REF_DP	REF_RV	REF_QUAL	ALT_DP	ALT_RV	ALT_QUAL	ALT_FREQ	TOTAL_DP	PVAL	PASS	GFF_FEATURE	REF_CODON	REF_AA	ALT_CODON	ALT_AA	POS_AA
NS|PP755593.1|A/cattle/Texas/24-008749-003/2024(H5N1)	199	A	G	11	4	34	63556	30850	33	0.999717	63574	0	TRUE	NS1:cds-XAJ25420.1	AGG	R	GGG	G	67
NS|PP755593.1|A/cattle/Texas/24-008749-003/2024(H5N1)	222	T	C	51	30	34	65300	35616	33	0.999143	65356	0	TRUE	NS1:cds-XAJ25420.1	GAT	D	GAC	D	74
NS|PP755593.1|A/cattle/Texas/24-008749-003/2024(H5N1)	224	A	G	16	8	32	64593	35472	33	0.999567	64621	0	TRUE	NS1:cds-XAJ25420.1	GAG	E	GGG	G	75
NS|PP755593.1|A/cattle/Texas/24-008749-003/2024(H5N1)	566	A	G	14	6	31	68931	31917	33	0.999753	68948	0	TRUE	NEP:cds-XAJ25421.1	ATA	I	GTA	V	22
NS|PP755593.1|A/cattle/Texas/24-008749-003/2024(H5N1)	566	A	G	14	6	31	68931	31917	33	0.999753	68948	0	TRUE	NS1:cds-XAJ25420.1	GAT	D	GGT	G	189
