REGION	POS	REF	ALT	REF_DP	REF_RV	REF_QUAL	ALT_DP	ALT_RV	ALT_QUAL	ALT_FREQ	TOTAL_DP	PVAL	PASS	GFF_FEATURE	REF_CODON	REF_AA	ALT_CODON	ALT_AA	POS_AA
PB1|PP755595.1|A/cattle/Texas/24-008749-003/2024(H5N1)	126	A	G	1	0	37	795	96	39	0.998744	796	0	TRUE	PB1:cds-XAJ25424.1	ACA	T	ACG	T	42
PB1|PP755595.1|A/cattle/Texas/24-008749-003/2024(H5N1)	126	A	G	1	0	37	795	96	39	0.998744	796	0	TRUE	PB1-F2:cds-XAJ25425.1	CAG	Q	CGG	R	11
PB1|PP755595.1|A/cattle/Texas/24-008749-003/2024(H5N1)	498	C	T	0	0	0	1106	344	38	1	1106	0	TRUE	PB1:cds-XAJ25424.1	TTC	F	TTT	F	166
PB1|PP755595.1|A/cattle/Texas/24-008749-003/2024(H5N1)	555	C	T	0	0	0	1165	468	39	1	1165	0	TRUE	PB1:cds-XAJ25424.1	TTC	F	TTT	F	185
PB1|PP755595.1|A/cattle/Texas/24-008749-003/2024(H5N1)	612	G	A	0	0	0	1002	571	38	0.999003	1003	0	TRUE	PB1:cds-XAJ25424.1	ACG	T	ACA	T	204
PB1|PP755595.1|A/cattle/Texas/24-008749-003/2024(H5N1)	906	C	T	0	0	0	1095	685	39	1	1095	0	TRUE	PB1:cds-XAJ25424.1	ATC	I	ATT	I	302
PB1|PP755595.1|A/cattle/Texas/24-008749-003/2024(H5N1)	936	C	T	0	0	0	1155	750	39	0.999135	1156	0	TRUE	PB1:cds-XAJ25424.1	AAC	N	AAT	N	312
PB1|PP755595.1|A/cattle/Texas/24-008749-003/2024(H5N1)	1375	A	G	0	0	0	1251	518	38	0.999201	1252	0	TRUE	PB1:cds-XAJ25424.1	ATA	I	GTA	V	459
PB1|PP755595.1|A/cattle/Texas/24-008749-003/2024(H5N1)	1695	C	T	1	1	36	1582	599	38	0.998737	1584	0	TRUE	PB1:cds-XAJ25424.1	GAC	D	GAT	D	565
PB1|PP755595.1|A/cattle/Texas/24-008749-003/2024(H5N1)	1887	T	C	0	0	0	1659	992	39	1	1659	0	TRUE	PB1:cds-XAJ25424.1	AAT	N	AAC	N	629
PB1|PP755595.1|A/cattle/Texas/24-008749-003/2024(H5N1)	2273	A	C	98	76	34	1	1	22	0.010101	99	0.618894	FALSE	PB1:cds-XAJ25424.1	TAG	*	TCG	S	758
