REGION	POS	REF	ALT	REF_DP	REF_RV	REF_QUAL	ALT_DP	ALT_RV	ALT_QUAL	ALT_FREQ	TOTAL_DP	PVAL	PASS	GFF_FEATURE	REF_CODON	REF_AA	ALT_CODON	ALT_AA	POS_AA
PA|PP755594.1|A/cattle/Texas/24-008749-003/2024(H5N1)	6	A	G	120	8	36	2	0	34	0.0163934	122	0.0252053	FALSE	PA:cds-XAJ25422.1	GAA	E	GAG	E	2
PA|PP755594.1|A/cattle/Texas/24-008749-003/2024(H5N1)	6	A	G	120	8	36	2	0	34	0.0163934	122	0.0252053	FALSE	PA-X:cds-XAJ25423.1	GAA	E	GAG	E	2
PA|PP755594.1|A/cattle/Texas/24-008749-003/2024(H5N1)	59	C	-AATGAAAG	616	101	36	24	0	20	0.0137852	1741	1.66884e-05	TRUE	NA	NA	NA	NA	NA	NA
PA|PP755594.1|A/cattle/Texas/24-008749-003/2024(H5N1)	110	C	-AATAT	1014	237	38	31	0	20	0.0138517	2238	4.96717e-05	TRUE	NA	NA	NA	NA	NA	NA
PA|PP755594.1|A/cattle/Texas/24-008749-003/2024(H5N1)	252	A	G	0	0	0	1686	1084	39	0.998815	1688	0	TRUE	PA:cds-XAJ25422.1	CGA	R	CGG	R	84
PA|PP755594.1|A/cattle/Texas/24-008749-003/2024(H5N1)	252	A	G	0	0	0	1686	1084	39	0.998815	1688	0	TRUE	PA-X:cds-XAJ25423.1	CGA	R	CGG	R	84
PA|PP755594.1|A/cattle/Texas/24-008749-003/2024(H5N1)	340	G	A	1620	690	39	25	10	35	0.0151976	1645	2.0569e-07	TRUE	PA:cds-XAJ25422.1	GAG	E	AAG	K	114
PA|PP755594.1|A/cattle/Texas/24-008749-003/2024(H5N1)	340	G	A	1620	690	39	25	10	35	0.0151976	1645	2.0569e-07	TRUE	PA-X:cds-XAJ25423.1	GAG	E	AAG	K	114
PA|PP755594.1|A/cattle/Texas/24-008749-003/2024(H5N1)	981	G	A	0	0	0	1696	626	38	1	1696	0	TRUE	PA:cds-XAJ25422.1	GAG	E	GAA	E	327
PA|PP755594.1|A/cattle/Texas/24-008749-003/2024(H5N1)	984	A	G	12	8	36	1691	615	39	0.992954	1703	0	TRUE	PA:cds-XAJ25422.1	AAA	K	AAG	K	328
PA|PP755594.1|A/cattle/Texas/24-008749-003/2024(H5N1)	1294	G	A	0	0	0	1873	970	44	0.998933	1875	0	TRUE	PA:cds-XAJ25422.1	GTT	V	ATT	I	432
PA|PP755594.1|A/cattle/Texas/24-008749-003/2024(H5N1)	1356	T	C	2	1	34	1837	1091	38	0.998912	1839	0	TRUE	PA:cds-XAJ25422.1	CAT	H	CAC	H	452
PA|PP755594.1|A/cattle/Texas/24-008749-003/2024(H5N1)	1452	A	G	0	0	0	2030	722	39	0.999508	2031	0	TRUE	PA:cds-XAJ25422.1	CCA	P	CCG	P	484
PA|PP755594.1|A/cattle/Texas/24-008749-003/2024(H5N1)	1608	A	G	0	0	0	1856	1177	37	1	1856	0	TRUE	PA:cds-XAJ25422.1	AAA	K	AAG	K	536
PA|PP755594.1|A/cattle/Texas/24-008749-003/2024(H5N1)	1974	T	C	0	0	0	2085	1041	38	1	2085	0	TRUE	PA:cds-XAJ25422.1	TTT	F	TTC	F	658
PA|PP755594.1|A/cattle/Texas/24-008749-003/2024(H5N1)	2049	T	-G	1974	1395	44	50	0	20	0.0170707	2929	4.22661e-05	TRUE	NA	NA	NA	NA	NA	NA
