REGION	POS	REF	ALT	REF_DP	REF_RV	REF_QUAL	ALT_DP	ALT_RV	ALT_QUAL	ALT_FREQ	TOTAL_DP	PVAL	PASS	GFF_FEATURE	REF_CODON	REF_AA	ALT_CODON	ALT_AA	POS_AA
NP|PP755592.1|A/cattle/Texas/24-008749-003/2024(H5N1)	65	C	T	2599	639	37	30	5	39	0.0114112	2629	1.33361e-12	TRUE	NP:cds-XAJ25419.1	GCC	A	GTC	V	22
NP|PP755592.1|A/cattle/Texas/24-008749-003/2024(H5N1)	223	A	C	7416	3424	38	94	34	39	0.0124784	7533	5.49378e-23	TRUE	NP:cds-XAJ25419.1	AGG	R	CGG	R	75
NP|PP755592.1|A/cattle/Texas/24-008749-003/2024(H5N1)	240	G	A	6731	2968	38	1008	410	37	0.130249	7739	0	TRUE	NP:cds-XAJ25419.1	GAG	E	GAA	E	80
NP|PP755592.1|A/cattle/Texas/24-008749-003/2024(H5N1)	333	C	T	7016	3622	38	83	59	35	0.0116868	7102	1.39582e-20	TRUE	NP:cds-XAJ25419.1	TAC	Y	TAT	Y	111
NP|PP755592.1|A/cattle/Texas/24-008749-003/2024(H5N1)	355	A	G	2	1	30	7031	3733	38	0.999431	7035	0	TRUE	NP:cds-XAJ25419.1	ATT	I	GTT	V	119
NP|PP755592.1|A/cattle/Texas/24-008749-003/2024(H5N1)	498	G	A	0	0	0	7142	3295	36	0.99972	7144	0	TRUE	NP:cds-XAJ25419.1	CTG	L	CTA	L	166
NP|PP755592.1|A/cattle/Texas/24-008749-003/2024(H5N1)	528	C	A	6878	2248	37	131	69	35	0.0186823	7012	6.1647e-36	TRUE	NP:cds-XAJ25419.1	TCC	S	TCA	S	176
NP|PP755592.1|A/cattle/Texas/24-008749-003/2024(H5N1)	870	C	T	1	0	34	7044	3560	37	0.999716	7046	0	TRUE	NP:cds-XAJ25419.1	GAC	D	GAT	D	290
NP|PP755592.1|A/cattle/Texas/24-008749-003/2024(H5N1)	888	C	T	6733	2978	38	1580	593	36	0.190018	8315	0	TRUE	NP:cds-XAJ25419.1	TAC	Y	TAT	Y	296
NP|PP755592.1|A/cattle/Texas/24-008749-003/2024(H5N1)	1014	T	C	12	8	46	7875	3872	39	0.998479	7887	0	TRUE	NP:cds-XAJ25419.1	TTT	F	TTC	F	338
NP|PP755592.1|A/cattle/Texas/24-008749-003/2024(H5N1)	1092	G	A	0	0	0	7915	3907	38	0.999116	7922	0	TRUE	NP:cds-XAJ25419.1	CAG	Q	CAA	Q	364
NP|PP755592.1|A/cattle/Texas/24-008749-003/2024(H5N1)	1314	A	G	7347	3955	38	149	92	39	0.0198746	7497	4.92306e-42	TRUE	NP:cds-XAJ25419.1	TCA	S	TCG	S	438
