REGION	POS	REF	ALT	REF_DP	REF_RV	REF_QUAL	ALT_DP	ALT_RV	ALT_QUAL	ALT_FREQ	TOTAL_DP	PVAL	PASS	GFF_FEATURE	REF_CODON	REF_AA	ALT_CODON	ALT_AA	POS_AA
PB1|PP755595.1|A/cattle/Texas/24-008749-003/2024(H5N1)	35	T	C	163	12	36	2	0	34	0.0120482	166	0.0645429	FALSE	PB1:cds-XAJ25424.1	GTT	V	GCT	A	12
PB1|PP755595.1|A/cattle/Texas/24-008749-003/2024(H5N1)	81	T	C	373	51	37	4	0	34	0.0106101	377	0.0135542	FALSE	PB1:cds-XAJ25424.1	GAT	D	GAC	D	27
PB1|PP755595.1|A/cattle/Texas/24-008749-003/2024(H5N1)	402	C	T	1065	659	36	104	66	36	0.0889649	1169	3.84962e-34	TRUE	PB1:cds-XAJ25424.1	AAC	N	AAT	N	134
PB1|PP755595.1|A/cattle/Texas/24-008749-003/2024(H5N1)	447	C	A	0	0	0	1171	534	35	0.998295	1173	0	TRUE	PB1:cds-XAJ25424.1	GTC	V	GTA	V	149
PB1|PP755595.1|A/cattle/Texas/24-008749-003/2024(H5N1)	828	T	C	1065	553	37	121	71	35	0.102024	1186	4.16985e-40	TRUE	PB1:cds-XAJ25424.1	AAT	N	AAC	N	276
PB1|PP755595.1|A/cattle/Texas/24-008749-003/2024(H5N1)	840	C	T	1078	557	36	137	80	36	0.112664	1216	4.53337e-46	TRUE	PB1:cds-XAJ25424.1	GCC	A	GCT	A	280
PB1|PP755595.1|A/cattle/Texas/24-008749-003/2024(H5N1)	933	G	A	1160	634	37	137	73	35	0.105628	1297	6.26057e-46	TRUE	PB1:cds-XAJ25424.1	GAG	E	GAA	E	311
PB1|PP755595.1|A/cattle/Texas/24-008749-003/2024(H5N1)	934	A	G	1108	706	35	12	7	36	0.0107143	1120	0.000291966	TRUE	PB1:cds-XAJ25424.1	AAC	N	GAC	D	312
PB1|PP755595.1|A/cattle/Texas/24-008749-003/2024(H5N1)	945	T	C	0	0	0	1265	703	37	0.99921	1266	0	TRUE	PB1:cds-XAJ25424.1	CCT	P	CCC	P	315
PB1|PP755595.1|A/cattle/Texas/24-008749-003/2024(H5N1)	1534	T	C	1573	970	37	77	42	36	0.0466667	1650	7.05403e-25	TRUE	PB1:cds-XAJ25424.1	TTT	F	CTT	L	512
PB1|PP755595.1|A/cattle/Texas/24-008749-003/2024(H5N1)	1869	G	A	1414	818	37	180	100	35	0.112923	1594	1.86219e-61	TRUE	PB1:cds-XAJ25424.1	AGG	R	AGA	R	623
