REGION	POS	REF	ALT	REF_DP	REF_RV	REF_QUAL	ALT_DP	ALT_RV	ALT_QUAL	ALT_FREQ	TOTAL_DP	PVAL	PASS	GFF_FEATURE	REF_CODON	REF_AA	ALT_CODON	ALT_AA	POS_AA
NS|PP755593.1|A/cattle/Texas/24-008749-003/2024(H5N1)	64	T	G	0	0	0	6072	912	38	0.999835	6073	0	TRUE	NS1:cds-XAJ25420.1	TTT	F	GTT	V	22
NS|PP755593.1|A/cattle/Texas/24-008749-003/2024(H5N1)	199	A	G	2	1	47	11562	5621	38	0.999654	11566	0	TRUE	NS1:cds-XAJ25420.1	AGG	R	GGG	G	67
NS|PP755593.1|A/cattle/Texas/24-008749-003/2024(H5N1)	222	T	C	2	0	51	12063	6644	39	0.999834	12065	0	TRUE	NS1:cds-XAJ25420.1	GAT	D	GAC	D	74
NS|PP755593.1|A/cattle/Texas/24-008749-003/2024(H5N1)	228	A	G	11543	6813	39	137	82	39	0.0117274	11682	6.10604e-33	TRUE	NS1:cds-XAJ25420.1	GCA	A	GCG	A	76
NS|PP755593.1|A/cattle/Texas/24-008749-003/2024(H5N1)	334	G	A	11239	6053	38	227	138	36	0.0197959	11467	1.19169e-60	TRUE	NS1:cds-XAJ25420.1	GCA	A	ACA	T	112
NS|PP755593.1|A/cattle/Texas/24-008749-003/2024(H5N1)	342	C	T	11406	6203	37	218	134	34	0.0187527	11625	3.52914e-57	TRUE	NS1:cds-XAJ25420.1	TCC	S	TCT	S	114
NS|PP755593.1|A/cattle/Texas/24-008749-003/2024(H5N1)	375	T	C	1	0	34	11463	5723	39	0.999913	11464	0	TRUE	NS1:cds-XAJ25420.1	GAT	D	GAC	D	125
NS|PP755593.1|A/cattle/Texas/24-008749-003/2024(H5N1)	413	T	C	11309	5691	39	121	52	37	0.0105834	11433	6.06143e-28	TRUE	NS1:cds-XAJ25420.1	TTC	F	TCC	S	138
NS|PP755593.1|A/cattle/Texas/24-008749-003/2024(H5N1)	487	T	C	11139	5272	39	190	94	39	0.0167637	11334	1.48395e-50	TRUE	NS1:cds-XAJ25420.1	TTG	L	CTG	L	163
NS|PP755593.1|A/cattle/Texas/24-008749-003/2024(H5N1)	611	G	A	0	0	0	10927	5870	38	1	10927	0	TRUE	NEP:cds-XAJ25421.1	GAA	E	AAA	K	37
NS|PP755593.1|A/cattle/Texas/24-008749-003/2024(H5N1)	611	G	A	0	0	0	10927	5870	38	1	10927	0	TRUE	NS1:cds-XAJ25420.1	AGA	R	AAA	K	204
NS|PP755593.1|A/cattle/Texas/24-008749-003/2024(H5N1)	646	C	T	4	1	32	10765	5547	40	0.999536	10770	0	TRUE	NEP:cds-XAJ25421.1	CTC	L	CTT	L	48
NS|PP755593.1|A/cattle/Texas/24-008749-003/2024(H5N1)	646	C	T	4	1	32	10765	5547	40	0.999536	10770	0	TRUE	NS1:cds-XAJ25420.1	CCA	P	TCA	S	216
