REGION	POS	REF	ALT	REF_DP	REF_RV	REF_QUAL	ALT_DP	ALT_RV	ALT_QUAL	ALT_FREQ	TOTAL_DP	PVAL	PASS	GFF_FEATURE	REF_CODON	REF_AA	ALT_CODON	ALT_AA	POS_AA
NA|PP755591.1|A/cattle/Texas/24-008749-003/2024(H5N1)	279	T	C	942	455	32	54	21	32	0.0540541	999	2.02347e-18	TRUE	NA:cds-XAJ25418.1	CCT	P	CCC	P	93
NA|PP755591.1|A/cattle/Texas/24-008749-003/2024(H5N1)	428	A	G	1062	551	33	57	36	33	0.0507569	1123	4.49519e-18	TRUE	NA:cds-XAJ25418.1	AAA	K	AGA	R	143
NA|PP755591.1|A/cattle/Texas/24-008749-003/2024(H5N1)	480	T	C	0	0	0	1002	522	33	0.999003	1003	0	TRUE	NA:cds-XAJ25418.1	AGT	S	AGC	S	160
NA|PP755591.1|A/cattle/Texas/24-008749-003/2024(H5N1)	571	T	C	0	0	0	1004	497	33	1	1004	0	TRUE	NA:cds-XAJ25418.1	TTG	L	CTG	L	191
NA|PP755591.1|A/cattle/Texas/24-008749-003/2024(H5N1)	801	T	C	655	380	33	276	127	33	0.296137	932	5.72418e-100	TRUE	NA:cds-XAJ25418.1	GTT	V	GTC	V	267
NA|PP755591.1|A/cattle/Texas/24-008749-003/2024(H5N1)	912	A	G	1008	473	33	31	16	33	0.0297791	1041	1.94705e-09	TRUE	NA:cds-XAJ25418.1	GTA	V	GTG	V	304
NA|PP755591.1|A/cattle/Texas/24-008749-003/2024(H5N1)	949	A	G	1171	503	33	97	55	33	0.0761381	1274	4.06648e-32	TRUE	NA:cds-XAJ25418.1	ATA	I	GTA	V	317
NA|PP755591.1|A/cattle/Texas/24-008749-003/2024(H5N1)	960	G	A	1205	437	33	38	7	31	0.0305466	1244	1.26866e-11	TRUE	NA:cds-XAJ25418.1	GGG	G	GGA	G	320
NA|PP755591.1|A/cattle/Texas/24-008749-003/2024(H5N1)	1103	G	A	1399	717	33	44	15	32	0.0304709	1444	2.19952e-13	TRUE	NA:cds-XAJ25418.1	AGA	R	AAA	K	368
NA|PP755591.1|A/cattle/Texas/24-008749-003/2024(H5N1)	1152	C	T	0	0	0	1477	740	33	0.999323	1478	0	TRUE	NA:cds-XAJ25418.1	GAC	D	GAT	D	384
NA|PP755591.1|A/cattle/Texas/24-008749-003/2024(H5N1)	1185	A	G	0	0	0	1287	714	33	1	1287	0	TRUE	NA:cds-XAJ25418.1	GAA	E	GAG	E	395
NA|PP755591.1|A/cattle/Texas/24-008749-003/2024(H5N1)	1289	G	C	863	447	32	26	26	29	0.0292463	889	0.00038833	TRUE	NA:cds-XAJ25418.1	AGG	R	ACG	T	430
NA|PP755591.1|A/cattle/Texas/24-008749-003/2024(H5N1)	1290	G	C	914	529	32	12	12	32	0.012959	926	8.15178e-05	TRUE	NA:cds-XAJ25418.1	AGG	R	AGC	S	430
NA|PP755591.1|A/cattle/Texas/24-008749-003/2024(H5N1)	1366	T	C	527	420	32	7	6	34	0.0130597	536	0.00129405	TRUE	NA:cds-XAJ25418.1	TCT	S	CCT	P	456
NA|PP755591.1|A/cattle/Texas/24-008749-003/2024(H5N1)	1394	T	C	421	371	32	9	8	34	0.0209302	430	0.00116888	TRUE	NA:cds-XAJ25418.1	TTC	F	TCC	S	465
