REGION	POS	REF	ALT	REF_DP	REF_RV	REF_QUAL	ALT_DP	ALT_RV	ALT_QUAL	ALT_FREQ	TOTAL_DP	PVAL	PASS	GFF_FEATURE	REF_CODON	REF_AA	ALT_CODON	ALT_AA	POS_AA
NA|PP755591.1|A/cattle/Texas/24-008749-003/2024(H5N1)	571	T	C	2	0	34	4826	2337	39	0.998758	4832	0	TRUE	NA:cds-XAJ25418.1	TTG	L	CTG	L	191
NA|PP755591.1|A/cattle/Texas/24-008749-003/2024(H5N1)	744	T	C	3	2	34	5049	2593	42	0.999208	5053	0	TRUE	NA:cds-XAJ25418.1	AAT	N	AAC	N	248
NA|PP755591.1|A/cattle/Texas/24-008749-003/2024(H5N1)	784	A	G	4821	2635	39	60	43	38	0.0122926	4881	8.28336e-16	TRUE	NA:cds-XAJ25418.1	AAA	K	GAA	E	262
NA|PP755591.1|A/cattle/Texas/24-008749-003/2024(H5N1)	809	A	G	4560	2819	40	473	303	39	0.0939797	5033	9.49495e-158	TRUE	NA:cds-XAJ25418.1	AAT	N	AGT	S	270
NA|PP755591.1|A/cattle/Texas/24-008749-003/2024(H5N1)	849	T	C	4810	2574	39	51	31	36	0.0104917	4861	4.5657e-13	TRUE	NA:cds-XAJ25418.1	CCT	P	CCC	P	283
NA|PP755591.1|A/cattle/Texas/24-008749-003/2024(H5N1)	861	T	C	5088	2609	39	64	21	36	0.0124199	5153	9.25921e-17	TRUE	NA:cds-XAJ25418.1	GAT	D	GAC	D	287
NA|PP755591.1|A/cattle/Texas/24-008749-003/2024(H5N1)	864	T	C	5180	2643	40	66	23	37	0.012581	5246	7.03379e-17	TRUE	NA:cds-XAJ25418.1	ATT	I	ATC	I	288
NA|PP755591.1|A/cattle/Texas/24-008749-003/2024(H5N1)	918	T	C	4752	2396	41	199	84	38	0.0401939	4951	3.92532e-62	TRUE	NA:cds-XAJ25418.1	TTT	F	TTC	F	306
NA|PP755591.1|A/cattle/Texas/24-008749-003/2024(H5N1)	1185	A	G	1	1	34	4741	2684	39	0.999578	4743	0	TRUE	NA:cds-XAJ25418.1	GAA	E	GAG	E	395
NA|PP755591.1|A/cattle/Texas/24-008749-003/2024(H5N1)	1289	G	C	3164	1768	42	33	33	27	0.0103093	3201	0.461919	FALSE	NA:cds-XAJ25418.1	AGG	R	ACG	T	430
NA|PP755591.1|A/cattle/Texas/24-008749-003/2024(H5N1)	1360	G	A	7	7	37	3028	2670	41	0.997694	3035	0	TRUE	NA:cds-XAJ25418.1	GGT	G	AGT	S	454
