REGION	POS	REF	ALT	REF_DP	REF_RV	REF_QUAL	ALT_DP	ALT_RV	ALT_QUAL	ALT_FREQ	TOTAL_DP	PVAL	PASS	GFF_FEATURE	REF_CODON	REF_AA	ALT_CODON	ALT_AA	POS_AA
HA|PP755589.1|A/cattle/Texas/24-008749-003/2024(H5N1)	7	A	G	86	19	32	1	1	34	0.0114943	87	0.161111	FALSE	HA:cds-XAJ25415.1	AAC	N	GAC	D	3
HA|PP755589.1|A/cattle/Texas/24-008749-003/2024(H5N1)	311	A	G	2	1	34	1221	557	33	0.998365	1223	0	TRUE	HA:cds-XAJ25415.1	GAC	D	GGC	G	104
HA|PP755589.1|A/cattle/Texas/24-008749-003/2024(H5N1)	455	C	T	1369	734	33	22	12	33	0.015816	1391	2.04921e-06	TRUE	HA:cds-XAJ25415.1	CCA	P	CTA	L	152
HA|PP755589.1|A/cattle/Texas/24-008749-003/2024(H5N1)	651	G	A	3	2	31	1329	614	33	0.997748	1332	0	TRUE	HA:cds-XAJ25415.1	GGG	G	GGA	G	217
HA|PP755589.1|A/cattle/Texas/24-008749-003/2024(H5N1)	675	G	A	2	1	34	1373	629	32	0.99782	1376	0	TRUE	HA:cds-XAJ25415.1	TTG	L	TTA	L	225
HA|PP755589.1|A/cattle/Texas/24-008749-003/2024(H5N1)	1007	G	A	0	0	0	1467	755	33	1	1467	0	TRUE	HA:cds-XAJ25415.1	AGT	S	AAT	N	336
HA|PP755589.1|A/cattle/Texas/24-008749-003/2024(H5N1)	1293	C	T	4096	2128	33	142	74	32	0.0335064	4238	6.64358e-39	TRUE	HA:cds-XAJ25415.1	GAC	D	GAT	D	431
