REGION	POS	REF	ALT	REF_DP	REF_RV	REF_QUAL	ALT_DP	ALT_RV	ALT_QUAL	ALT_FREQ	TOTAL_DP	PVAL	PASS	GFF_FEATURE	REF_CODON	REF_AA	ALT_CODON	ALT_AA	POS_AA
NA|PP755591.1|A/cattle/Texas/24-008749-003/2024(H5N1)	15	A	G	0	0	0	47	6	37	1	47	5.18378e-56	TRUE	NA:cds-XAJ25418.1	CAA	Q	CAG	Q	5
NA|PP755591.1|A/cattle/Texas/24-008749-003/2024(H5N1)	106	C	T	395	65	38	21	2	35	0.0504808	416	1.16906e-09	TRUE	NA:cds-XAJ25418.1	CAT	H	TAT	Y	36
NA|PP755591.1|A/cattle/Texas/24-008749-003/2024(H5N1)	155	G	A	0	0	0	590	195	41	1	590	0	TRUE	NA:cds-XAJ25418.1	AGC	S	AAC	N	52
NA|PP755591.1|A/cattle/Texas/24-008749-003/2024(H5N1)	413	C	T	925	431	39	18	13	41	0.019088	943	5.6832e-07	TRUE	NA:cds-XAJ25418.1	GCT	A	GTT	V	138
NA|PP755591.1|A/cattle/Texas/24-008749-003/2024(H5N1)	571	T	C	0	0	0	846	398	37	1	846	0	TRUE	NA:cds-XAJ25418.1	TTG	L	CTG	L	191
NA|PP755591.1|A/cattle/Texas/24-008749-003/2024(H5N1)	574	A	G	845	398	38	16	11	38	0.018583	861	3.79301e-05	TRUE	NA:cds-XAJ25418.1	ACA	T	GCA	A	192
NA|PP755591.1|A/cattle/Texas/24-008749-003/2024(H5N1)	855	G	A	1	1	34	876	490	37	0.997722	878	0	TRUE	NA:cds-XAJ25418.1	GCG	A	GCA	A	285
NA|PP755591.1|A/cattle/Texas/24-008749-003/2024(H5N1)	1045	T	C	776	374	37	22	11	36	0.0275689	798	3.41086e-08	TRUE	NA:cds-XAJ25418.1	TTT	F	CTT	L	349
NA|PP755591.1|A/cattle/Texas/24-008749-003/2024(H5N1)	1070	T	C	774	333	37	18	9	35	0.0227273	792	3.19075e-06	TRUE	NA:cds-XAJ25418.1	GTT	V	GCT	A	357
NA|PP755591.1|A/cattle/Texas/24-008749-003/2024(H5N1)	1223	A	G	653	426	38	9	9	39	0.0135952	662	0.000831366	TRUE	NA:cds-XAJ25418.1	CAG	Q	CGG	R	408
NA|PP755591.1|A/cattle/Texas/24-008749-003/2024(H5N1)	1289	G	C	375	244	40	8	8	27	0.0208333	384	0.0760937	FALSE	NA:cds-XAJ25418.1	AGG	R	ACG	T	430
NA|PP755591.1|A/cattle/Texas/24-008749-003/2024(H5N1)	1290	G	C	398	279	40	6	6	26	0.0148515	404	0.314217	FALSE	NA:cds-XAJ25418.1	AGG	R	AGC	S	430
