REGION	POS	REF	ALT	REF_DP	REF_RV	REF_QUAL	ALT_DP	ALT_RV	ALT_QUAL	ALT_FREQ	TOTAL_DP	PVAL	PASS	GFF_FEATURE	REF_CODON	REF_AA	ALT_CODON	ALT_AA	POS_AA
HA|PP755589.1|A/cattle/Texas/24-008749-003/2024(H5N1)	4	G	A	0	0	0	41	5	33	1	41	2.27297e-31	TRUE	HA:cds-XAJ25415.1	GAG	E	AAG	K	2
HA|PP755589.1|A/cattle/Texas/24-008749-003/2024(H5N1)	201	T	C	3391	1757	33	73	31	33	0.0210678	3465	9.99351e-20	TRUE	HA:cds-XAJ25415.1	ATT	I	ATC	I	67
HA|PP755589.1|A/cattle/Texas/24-008749-003/2024(H5N1)	311	A	G	5	1	34	3248	1489	33	0.998463	3253	0	TRUE	HA:cds-XAJ25415.1	GAC	D	GGC	G	104
HA|PP755589.1|A/cattle/Texas/24-008749-003/2024(H5N1)	336	T	C	3425	1457	33	107	47	33	0.0302859	3533	1.63322e-29	TRUE	HA:cds-XAJ25415.1	AAT	N	AAC	N	112
HA|PP755589.1|A/cattle/Texas/24-008749-003/2024(H5N1)	439	G	A	15	11	34	3431	1824	33	0.995358	3447	0	TRUE	HA:cds-XAJ25415.1	GTG	V	ATG	M	147
HA|PP755589.1|A/cattle/Texas/24-008749-003/2024(H5N1)	601	G	A	3924	1656	33	43	24	32	0.0108367	3968	7.65253e-10	TRUE	HA:cds-XAJ25415.1	GAA	E	AAA	K	201
HA|PP755589.1|A/cattle/Texas/24-008749-003/2024(H5N1)	651	G	A	76	38	33	3665	1601	33	0.9789	3744	0	TRUE	HA:cds-XAJ25415.1	GGG	G	GGA	G	217
HA|PP755589.1|A/cattle/Texas/24-008749-003/2024(H5N1)	675	G	A	26	16	34	3633	1595	32	0.992352	3661	0	TRUE	HA:cds-XAJ25415.1	TTG	L	TTA	L	225
HA|PP755589.1|A/cattle/Texas/24-008749-003/2024(H5N1)	840	T	C	3906	2166	33	244	125	33	0.0587952	4150	4.67241e-71	TRUE	HA:cds-XAJ25415.1	ATT	I	ATC	I	280
HA|PP755589.1|A/cattle/Texas/24-008749-003/2024(H5N1)	1007	G	A	0	0	0	4071	2209	33	1	4071	0	TRUE	HA:cds-XAJ25415.1	AGT	S	AAT	N	336
HA|PP755589.1|A/cattle/Texas/24-008749-003/2024(H5N1)	1173	T	C	4	0	34	6778	2143	33	0.99941	6782	0	TRUE	HA:cds-XAJ25415.1	GAT	D	GAC	D	391
HA|PP755589.1|A/cattle/Texas/24-008749-003/2024(H5N1)	1250	A	G	7678	2781	33	205	79	33	0.026002	7884	3.55642e-53	TRUE	HA:cds-XAJ25415.1	AAC	N	AGC	S	417
HA|PP755589.1|A/cattle/Texas/24-008749-003/2024(H5N1)	1257	A	G	4328	1328	33	3904	1309	33	0.474189	8233	0	TRUE	HA:cds-XAJ25415.1	GAA	E	GAG	E	419
HA|PP755589.1|A/cattle/Texas/24-008749-003/2024(H5N1)	1269	G	A	800	291	33	7050	2474	33	0.89786	7852	0	TRUE	HA:cds-XAJ25415.1	GAG	E	GAA	E	423
