REGION	POS	REF	ALT	REF_DP	REF_RV	REF_QUAL	ALT_DP	ALT_RV	ALT_QUAL	ALT_FREQ	TOTAL_DP	PVAL	PASS	GFF_FEATURE	REF_CODON	REF_AA	ALT_CODON	ALT_AA	POS_AA
MP|PP755590.1|A/cattle/Texas/24-008749-003/2024(H5N1)	197	T	C	7098	3128	33	80	34	33	0.0111421	7180	5.68589e-18	TRUE	NA	NA	NA	NA	NA	NA
MP|PP755590.1|A/cattle/Texas/24-008749-003/2024(H5N1)	245	G	A	0	0	0	7656	3395	33	1	7656	0	TRUE	NA	NA	NA	NA	NA	NA
MP|PP755590.1|A/cattle/Texas/24-008749-003/2024(H5N1)	675	C	T	8103	3316	33	89	37	32	0.0108629	8193	8.37067e-20	TRUE	NA	NA	NA	NA	NA	NA
MP|PP755590.1|A/cattle/Texas/24-008749-003/2024(H5N1)	874	G	T	7831	6216	33	90	67	33	0.0113593	7923	1.09533e-19	TRUE	NA	NA	NA	NA	NA	NA
