REGION	POS	REF	ALT	REF_DP	REF_RV	REF_QUAL	ALT_DP	ALT_RV	ALT_QUAL	ALT_FREQ	TOTAL_DP	PVAL	PASS	GFF_FEATURE	REF_CODON	REF_AA	ALT_CODON	ALT_AA	POS_AA
NS|PP755593.1|A/cattle/Texas/24-008749-003/2024(H5N1)	115	G	A	14852	4334	33	240	60	33	0.0159025	15092	3.35863e-66	TRUE	NS1:cds-XAJ25420.1	GAC	D	AAC	N	39
NS|PP755593.1|A/cattle/Texas/24-008749-003/2024(H5N1)	163	G	A	17621	7435	33	317	105	33	0.01767	17940	2.74475e-74	TRUE	NS1:cds-XAJ25420.1	GAG	E	AAG	K	55
NS|PP755593.1|A/cattle/Texas/24-008749-003/2024(H5N1)	191	T	C	18070	8621	33	211	78	33	0.0115401	18284	1.43347e-44	TRUE	NS1:cds-XAJ25420.1	ATA	I	ACA	T	64
NS|PP755593.1|A/cattle/Texas/24-008749-003/2024(H5N1)	199	A	G	2	2	34	18264	8297	33	0.999836	18267	0	TRUE	NS1:cds-XAJ25420.1	AGG	R	GGG	G	67
NS|PP755593.1|A/cattle/Texas/24-008749-003/2024(H5N1)	222	T	C	11	7	34	19833	10146	33	0.999446	19844	0	TRUE	NS1:cds-XAJ25420.1	GAT	D	GAC	D	74
NS|PP755593.1|A/cattle/Texas/24-008749-003/2024(H5N1)	565	G	A	19915	9672	33	401	190	33	0.0197372	20317	4.06464e-96	TRUE	NEP:cds-XAJ25421.1	ATG	M	ATA	I	21
NS|PP755593.1|A/cattle/Texas/24-008749-003/2024(H5N1)	565	G	A	19915	9672	33	401	190	33	0.0197372	20317	4.06464e-96	TRUE	NS1:cds-XAJ25420.1	GAT	D	AAT	N	189
NS|PP755593.1|A/cattle/Texas/24-008749-003/2024(H5N1)	579	A	G	1071	515	33	17349	8915	33	0.941754	18422	0	TRUE	NEP:cds-XAJ25421.1	GAG	E	GGG	G	26
NS|PP755593.1|A/cattle/Texas/24-008749-003/2024(H5N1)	579	A	G	1071	515	33	17349	8915	33	0.941754	18422	0	TRUE	NS1:cds-XAJ25420.1	CGA	R	CGG	R	193
