REGION	POS	REF	ALT	REF_DP	REF_RV	REF_QUAL	ALT_DP	ALT_RV	ALT_QUAL	ALT_FREQ	TOTAL_DP	PVAL	PASS	GFF_FEATURE	REF_CODON	REF_AA	ALT_CODON	ALT_AA	POS_AA
NS|PP755593.1|A/cattle/Texas/24-008749-003/2024(H5N1)	20	T	C	1	1	69	197	61	51	0.994949	198	2.19179e-188	TRUE	NEP:cds-XAJ25421.1	TTA	L	TCA	S	7
NS|PP755593.1|A/cattle/Texas/24-008749-003/2024(H5N1)	20	T	C	1	1	69	197	61	51	0.994949	198	2.19179e-188	TRUE	NS1:cds-XAJ25420.1	TTA	L	TCA	S	7
NS|PP755593.1|A/cattle/Texas/24-008749-003/2024(H5N1)	66	T	C	0	0	0	311	129	55	1	311	6.41009e-283	TRUE	NS1:cds-XAJ25420.1	TTT	F	TTC	F	22
NS|PP755593.1|A/cattle/Texas/24-008749-003/2024(H5N1)	79	C	A	0	0	0	359	156	58	1	359	0	TRUE	NS1:cds-XAJ25420.1	CTG	L	ATG	M	27
NS|PP755593.1|A/cattle/Texas/24-008749-003/2024(H5N1)	88	G	A	388	162	57	9	4	56	0.02267	397	1.62686e-05	TRUE	NS1:cds-XAJ25420.1	GCC	A	ACC	T	30
NS|PP755593.1|A/cattle/Texas/24-008749-003/2024(H5N1)	183	G	A	0	0	0	669	298	62	1	669	0	TRUE	NS1:cds-XAJ25420.1	GGG	G	GGA	G	61
NS|PP755593.1|A/cattle/Texas/24-008749-003/2024(H5N1)	222	T	C	0	0	0	754	358	62	1	754	0	TRUE	NS1:cds-XAJ25420.1	GAT	D	GAC	D	74
NS|PP755593.1|A/cattle/Texas/24-008749-003/2024(H5N1)	456	A	G	0	0	0	744	361	60	1	744	0	TRUE	NS1:cds-XAJ25420.1	GAA	E	GAG	E	152
NS|PP755593.1|A/cattle/Texas/24-008749-003/2024(H5N1)	567	T	C	764	421	64	120	56	54	0.135747	884	6.16326e-56	TRUE	NEP:cds-XAJ25421.1	ATA	I	ACA	T	22
NS|PP755593.1|A/cattle/Texas/24-008749-003/2024(H5N1)	567	T	C	764	421	64	120	56	54	0.135747	884	6.16326e-56	TRUE	NS1:cds-XAJ25420.1	GAT	D	GAC	D	189
NS|PP755593.1|A/cattle/Texas/24-008749-003/2024(H5N1)	580	G	A	0	0	0	832	441	63	1	832	0	TRUE	NEP:cds-XAJ25421.1	GAG	E	GAA	E	26
NS|PP755593.1|A/cattle/Texas/24-008749-003/2024(H5N1)	580	G	A	0	0	0	832	441	63	1	832	0	TRUE	NS1:cds-XAJ25420.1	GTC	V	ATC	I	194
