REGION	POS	REF	ALT	REF_DP	REF_RV	REF_QUAL	ALT_DP	ALT_RV	ALT_QUAL	ALT_FREQ	TOTAL_DP	PVAL	PASS	GFF_FEATURE	REF_CODON	REF_AA	ALT_CODON	ALT_AA	POS_AA
NS|PP755593.1|A/cattle/Texas/24-008749-003/2024(H5N1)	178	G	A	5	3	39	28019	13495	36	0.999572	28031	0	TRUE	NS1:cds-XAJ25420.1	GCT	A	ACT	T	60
NS|PP755593.1|A/cattle/Texas/24-008749-003/2024(H5N1)	199	A	G	6	0	35	30335	13129	36	0.999703	30344	0	TRUE	NS1:cds-XAJ25420.1	AGG	R	GGG	G	67
NS|PP755593.1|A/cattle/Texas/24-008749-003/2024(H5N1)	222	T	C	4	3	42	32634	16439	37	0.999847	32639	0	TRUE	NS1:cds-XAJ25420.1	GAT	D	GAC	D	74
NS|PP755593.1|A/cattle/Texas/24-008749-003/2024(H5N1)	552	A	G	37	17	35	31704	16171	36	0.998551	31750	0	TRUE	NEP:cds-XAJ25421.1	GAC	D	GGC	G	17
NS|PP755593.1|A/cattle/Texas/24-008749-003/2024(H5N1)	552	A	G	37	17	35	31704	16171	36	0.998551	31750	0	TRUE	NS1:cds-XAJ25420.1	GGA	G	GGG	G	184
