REGION	POS	REF	ALT	REF_DP	REF_RV	REF_QUAL	ALT_DP	ALT_RV	ALT_QUAL	ALT_FREQ	TOTAL_DP	PVAL	PASS	GFF_FEATURE	REF_CODON	REF_AA	ALT_CODON	ALT_AA	POS_AA
NP|PP755592.1|A/cattle/Texas/24-008749-003/2024(H5N1)	113	G	A	4601	1660	38	202	52	35	0.042057	4803	5.54357e-81	TRUE	NP:cds-XAJ25419.1	AGA	R	AAA	K	38
NP|PP755592.1|A/cattle/Texas/24-008749-003/2024(H5N1)	160	G	A	8531	3185	37	324	78	36	0.036573	8859	7.09932e-94	TRUE	NP:cds-XAJ25419.1	GGG	G	AGG	R	54
NP|PP755592.1|A/cattle/Texas/24-008749-003/2024(H5N1)	187	A	G	4	2	34	9164	3400	37	0.999346	9170	0	TRUE	NP:cds-XAJ25419.1	ATA	I	GTA	V	63
NP|PP755592.1|A/cattle/Texas/24-008749-003/2024(H5N1)	355	A	G	0	0	0	9530	4939	37	0.999895	9531	0	TRUE	NP:cds-XAJ25419.1	ATT	I	GTT	V	119
NP|PP755592.1|A/cattle/Texas/24-008749-003/2024(H5N1)	498	G	A	1	0	34	10627	4580	35	0.999624	10631	0	TRUE	NP:cds-XAJ25419.1	CTG	L	CTA	L	166
NP|PP755592.1|A/cattle/Texas/24-008749-003/2024(H5N1)	514	C	T	11021	4415	36	392	171	34	0.0343408	11415	2.76053e-111	TRUE	NP:cds-XAJ25419.1	CTC	L	TTC	F	172
NP|PP755592.1|A/cattle/Texas/24-008749-003/2024(H5N1)	639	G	A	10263	4635	37	689	272	36	0.0628764	10958	2.17347e-213	TRUE	NP:cds-XAJ25419.1	CGG	R	CGA	R	213
NP|PP755592.1|A/cattle/Texas/24-008749-003/2024(H5N1)	791	T	C	11638	6471	36	219	109	35	0.0184483	11871	8.10557e-58	TRUE	NP:cds-XAJ25419.1	CTC	L	CCC	P	264
NP|PP755592.1|A/cattle/Texas/24-008749-003/2024(H5N1)	867	T	C	11772	5829	37	136	52	36	0.0114171	11912	8.77676e-32	TRUE	NP:cds-XAJ25419.1	TAT	Y	TAC	Y	289
NP|PP755592.1|A/cattle/Texas/24-008749-003/2024(H5N1)	870	C	T	1	1	34	11323	5735	36	0.999735	11326	0	TRUE	NP:cds-XAJ25419.1	GAC	D	GAT	D	290
NP|PP755592.1|A/cattle/Texas/24-008749-003/2024(H5N1)	1014	T	C	459	269	37	10825	5477	37	0.959323	11284	0	TRUE	NP:cds-XAJ25419.1	TTT	F	TTC	F	338
NP|PP755592.1|A/cattle/Texas/24-008749-003/2024(H5N1)	1092	G	A	4	2	37	11750	5626	38	0.99932	11758	0	TRUE	NP:cds-XAJ25419.1	CAG	Q	CAA	Q	364
