REGION	POS	REF	ALT	REF_DP	REF_RV	REF_QUAL	ALT_DP	ALT_RV	ALT_QUAL	ALT_FREQ	TOTAL_DP	PVAL	PASS	GFF_FEATURE	REF_CODON	REF_AA	ALT_CODON	ALT_AA	POS_AA
NA|PP755591.1|A/cattle/Texas/24-008749-003/2024(H5N1)	46	G	A	4	1	36	701	64	39	0.994326	705	0	TRUE	NA:cds-XAJ25418.1	GTA	V	ATA	I	16
NA|PP755591.1|A/cattle/Texas/24-008749-003/2024(H5N1)	47	T	C	696	68	39	13	0	37	0.0183357	709	5.54762e-07	TRUE	NA:cds-XAJ25418.1	GTA	V	GCA	A	16
NA|PP755591.1|A/cattle/Texas/24-008749-003/2024(H5N1)	571	T	C	0	0	0	3061	1303	39	1	3061	0	TRUE	NA:cds-XAJ25418.1	TTG	L	CTG	L	191
NA|PP755591.1|A/cattle/Texas/24-008749-003/2024(H5N1)	1185	A	G	0	0	0	2294	1451	39	1	2294	0	TRUE	NA:cds-XAJ25418.1	GAA	E	GAG	E	395
