REGION	POS	REF	ALT	REF_DP	REF_RV	REF_QUAL	ALT_DP	ALT_RV	ALT_QUAL	ALT_FREQ	TOTAL_DP	PVAL	PASS	GFF_FEATURE	REF_CODON	REF_AA	ALT_CODON	ALT_AA	POS_AA
PB2|PP755596.1|A/cattle/Texas/24-008749-003/2024(H5N1)	240	G	A	1	1	68	1448	640	35	0.998621	1450	0	TRUE	PB2:cds-XAJ25426.1	AAG	K	AAA	K	80
PB2|PP755596.1|A/cattle/Texas/24-008749-003/2024(H5N1)	288	G	A	0	0	0	1970	878	34	0.999493	1971	0	TRUE	PB2:cds-XAJ25426.1	GTG	V	GTA	V	96
PB2|PP755596.1|A/cattle/Texas/24-008749-003/2024(H5N1)	630	G	A	0	0	0	2361	1492	34	0.999577	2362	0	TRUE	PB2:cds-XAJ25426.1	GAG	E	GAA	E	210
PB2|PP755596.1|A/cattle/Texas/24-008749-003/2024(H5N1)	738	A	T	0	0	0	2759	1288	34	1	2759	0	TRUE	PB2:cds-XAJ25426.1	CCA	P	CCT	P	246
PB2|PP755596.1|A/cattle/Texas/24-008749-003/2024(H5N1)	764	C	T	0	0	0	2840	1289	34	0.998594	2844	0	TRUE	PB2:cds-XAJ25426.1	GCA	A	GTA	V	255
PB2|PP755596.1|A/cattle/Texas/24-008749-003/2024(H5N1)	912	G	A	1	1	34	2694	1065	34	0.999629	2695	0	TRUE	PB2:cds-XAJ25426.1	GAG	E	GAA	E	304
PB2|PP755596.1|A/cattle/Texas/24-008749-003/2024(H5N1)	1085	G	C	2406	530	33	32	32	28	0.0131148	2440	0.151764	FALSE	PB2:cds-XAJ25426.1	GGG	G	GCG	A	362
PB2|PP755596.1|A/cattle/Texas/24-008749-003/2024(H5N1)	1392	G	A	1	1	34	3236	2271	34	0.999074	3239	0	TRUE	PB2:cds-XAJ25426.1	TTG	L	TTA	L	464
PB2|PP755596.1|A/cattle/Texas/24-008749-003/2024(H5N1)	1701	T	C	0	0	0	2912	1792	34	0.999657	2913	0	TRUE	PB2:cds-XAJ25426.1	GAT	D	GAC	D	567
PB2|PP755596.1|A/cattle/Texas/24-008749-003/2024(H5N1)	1982	C	T	40	27	34	2359	1514	34	0.982507	2401	0	TRUE	PB2:cds-XAJ25426.1	GCC	A	GTC	V	661
PB2|PP755596.1|A/cattle/Texas/24-008749-003/2024(H5N1)	2009	A	G	0	0	0	2581	1786	35	1	2581	0	TRUE	PB2:cds-XAJ25426.1	AAA	K	AGA	R	670
