REGION	POS	REF	ALT	REF_DP	REF_RV	REF_QUAL	ALT_DP	ALT_RV	ALT_QUAL	ALT_FREQ	TOTAL_DP	PVAL	PASS	GFF_FEATURE	REF_CODON	REF_AA	ALT_CODON	ALT_AA	POS_AA
NA|PP755591.1|A/cattle/Texas/24-008749-003/2024(H5N1)	22	A	G	108	24	33	2	0	34	0.0181818	110	0.0496332	FALSE	NA:cds-XAJ25418.1	ACA	T	GCA	A	8
NA|PP755591.1|A/cattle/Texas/24-008749-003/2024(H5N1)	571	T	C	0	0	0	899	443	33	1	899	0	TRUE	NA:cds-XAJ25418.1	TTG	L	CTG	L	191
NA|PP755591.1|A/cattle/Texas/24-008749-003/2024(H5N1)	799	G	A	778	415	33	40	22	33	0.0488998	818	2.09868e-13	TRUE	NA:cds-XAJ25418.1	GTT	V	ATT	I	267
NA|PP755591.1|A/cattle/Texas/24-008749-003/2024(H5N1)	805	A	G	859	496	33	11	5	33	0.0126437	870	0.000379706	TRUE	NA:cds-XAJ25418.1	ATG	M	GTG	V	269
NA|PP755591.1|A/cattle/Texas/24-008749-003/2024(H5N1)	863	T	C	976	479	33	13	6	34	0.0131446	989	0.00061458	TRUE	NA:cds-XAJ25418.1	ATT	I	ACT	T	288
NA|PP755591.1|A/cattle/Texas/24-008749-003/2024(H5N1)	1181	T	C	1010	594	33	23	16	32	0.0222652	1033	8.41502e-07	TRUE	NA:cds-XAJ25418.1	GTA	V	GCA	A	394
NA|PP755591.1|A/cattle/Texas/24-008749-003/2024(H5N1)	1185	A	G	0	0	0	968	560	33	1	968	0	TRUE	NA:cds-XAJ25418.1	GAA	E	GAG	E	395
NA|PP755591.1|A/cattle/Texas/24-008749-003/2024(H5N1)	1289	G	C	638	340	32	10	10	27	0.0154321	648	0.171543	FALSE	NA:cds-XAJ25418.1	AGG	R	ACG	T	430
