REGION	POS	REF	ALT	REF_DP	REF_RV	REF_QUAL	ALT_DP	ALT_RV	ALT_QUAL	ALT_FREQ	TOTAL_DP	PVAL	PASS	GFF_FEATURE	REF_CODON	REF_AA	ALT_CODON	ALT_AA	POS_AA
NP|PP755592.1|A/cattle/Texas/24-008749-003/2024(H5N1)	143	A	G	12669	4807	33	1587	689	33	0.111298	14259	0	TRUE	NP:cds-XAJ25419.1	AAA	K	AGA	R	48
NP|PP755592.1|A/cattle/Texas/24-008749-003/2024(H5N1)	188	T	C	2	1	34	16662	7953	33	0.9994	16672	0	TRUE	NP:cds-XAJ25419.1	ATA	I	ACA	T	63
NP|PP755592.1|A/cattle/Texas/24-008749-003/2024(H5N1)	301	G	A	13761	7167	33	1636	833	33	0.106254	15397	0	TRUE	NP:cds-XAJ25419.1	GAT	D	AAT	N	101
NP|PP755592.1|A/cattle/Texas/24-008749-003/2024(H5N1)	302	A	G	13764	7387	33	1083	624	33	0.0729391	14848	0	TRUE	NP:cds-XAJ25419.1	GAT	D	GGT	G	101
NP|PP755592.1|A/cattle/Texas/24-008749-003/2024(H5N1)	313	A	G	6848	2908	33	9428	4961	33	0.579258	16276	0	TRUE	NP:cds-XAJ25419.1	ATG	M	GTG	V	105
NP|PP755592.1|A/cattle/Texas/24-008749-003/2024(H5N1)	600	A	G	2	0	34	16268	6944	33	0.999816	16271	0	TRUE	NP:cds-XAJ25419.1	GGA	G	GGG	G	200
NP|PP755592.1|A/cattle/Texas/24-008749-003/2024(H5N1)	762	A	G	10	5	33	15724	8930	33	0.999047	15739	0	TRUE	NP:cds-XAJ25419.1	GAA	E	GAG	E	254
NP|PP755592.1|A/cattle/Texas/24-008749-003/2024(H5N1)	1231	A	G	20	9	34	16028	7941	33	0.998754	16048	0	TRUE	NP:cds-XAJ25419.1	ACA	T	GCA	A	411
