REGION	POS	REF	ALT	REF_DP	REF_RV	REF_QUAL	ALT_DP	ALT_RV	ALT_QUAL	ALT_FREQ	TOTAL_DP	PVAL	PASS	GFF_FEATURE	REF_CODON	REF_AA	ALT_CODON	ALT_AA	POS_AA
MP|PP755590.1|A/cattle/Texas/24-008749-003/2024(H5N1)	69	G	A	30857	5834	38	3337	521	38	0.0975674	34202	0	TRUE	M1:cds-XAJ25416.1	GAG	E	GAA	E	23
MP|PP755590.1|A/cattle/Texas/24-008749-003/2024(H5N1)	245	G	A	14	6	38	80774	35880	40	0.999567	80809	0	TRUE	M1:cds-XAJ25416.1	AGT	S	AAT	N	82
MP|PP755590.1|A/cattle/Texas/24-008749-003/2024(H5N1)	653	C	T	85104	39155	39	1502	744	38	0.0173409	86616	0	TRUE	M1:cds-XAJ25416.1	ACC	T	ATC	I	218
MP|PP755590.1|A/cattle/Texas/24-008749-003/2024(H5N1)	761	C	T	82838	37983	41	1058	480	38	0.012608	83915	1.0411e-255	TRUE	M2:cds-XAJ25417.1	CCT	P	TCT	S	16
