REGION	POS	REF	ALT	REF_DP	REF_RV	REF_QUAL	ALT_DP	ALT_RV	ALT_QUAL	ALT_FREQ	TOTAL_DP	PVAL	PASS	GFF_FEATURE	REF_CODON	REF_AA	ALT_CODON	ALT_AA	POS_AA
HA|PP755589.1|A/cattle/Texas/24-008749-003/2024(H5N1)	1206	C	T	0	0	0	8	1	38	1	8	7.77001e-05	TRUE	HA:cds-XAJ25415.1	GAC	D	GAT	D	402
HA|PP755589.1|A/cattle/Texas/24-008749-003/2024(H5N1)	1218	T	A	0	0	0	7	1	33	1	7	0.0001554	TRUE	HA:cds-XAJ25415.1	ACT	T	ACA	T	406
HA|PP755589.1|A/cattle/Texas/24-008749-003/2024(H5N1)	1281	G	A	0	0	0	1	0	34	1	1	1	FALSE	HA:cds-XAJ25415.1	AAG	K	AAA	K	427
HA|PP755589.1|A/cattle/Texas/24-008749-003/2024(H5N1)	1283	A	G	0	0	0	1	0	34	1	1	0.333333	FALSE	HA:cds-XAJ25415.1	AAA	K	AGA	R	428
HA|PP755589.1|A/cattle/Texas/24-008749-003/2024(H5N1)	1293	C	T	0	0	0	19	11	40	1	19	4.08726e-12	TRUE	HA:cds-XAJ25415.1	GAC	D	GAT	D	431
HA|PP755589.1|A/cattle/Texas/24-008749-003/2024(H5N1)	1296	A	G	0	0	0	19	11	40	1	19	4.08726e-12	TRUE	HA:cds-XAJ25415.1	GGA	G	GGG	G	432
HA|PP755589.1|A/cattle/Texas/24-008749-003/2024(H5N1)	1308	C	T	0	0	0	19	11	40	1	19	4.08726e-12	TRUE	HA:cds-XAJ25415.1	GTC	V	GTT	V	436
HA|PP755589.1|A/cattle/Texas/24-008749-003/2024(H5N1)	1317	T	C	16	8	42	1	1	34	0.0588235	17	0.435897	FALSE	HA:cds-XAJ25415.1	TAT	Y	TAC	Y	439
