REGION	POS	REF	ALT	REF_DP	REF_RV	REF_QUAL	ALT_DP	ALT_RV	ALT_QUAL	ALT_FREQ	TOTAL_DP	PVAL	PASS	GFF_FEATURE	REF_CODON	REF_AA	ALT_CODON	ALT_AA	POS_AA
MP|PP755590.1|A/cattle/Texas/24-008749-003/2024(H5N1)	245	G	A	87	43	60	3408	1545	60	0.97455	3497	0	TRUE	M1:cds-XAJ25416.1	AGT	S	AAT	N	82
MP|PP755590.1|A/cattle/Texas/24-008749-003/2024(H5N1)	249	C	T	91	46	58	3411	1584	61	0.974015	3502	0	TRUE	M1:cds-XAJ25416.1	GCC	A	GCT	A	83
MP|PP755590.1|A/cattle/Texas/24-008749-003/2024(H5N1)	254	G	A	97	34	55	3466	1638	60	0.972776	3563	0	TRUE	M1:cds-XAJ25416.1	AGT	S	AAT	N	85
MP|PP755590.1|A/cattle/Texas/24-008749-003/2024(H5N1)	260	C	A	103	35	54	3447	1710	59	0.969893	3554	0	TRUE	M1:cds-XAJ25416.1	ACT	T	AAT	N	87
MP|PP755590.1|A/cattle/Texas/24-008749-003/2024(H5N1)	285	A	G	1	1	76	3586	1725	57	0.999721	3587	0	TRUE	M1:cds-XAJ25416.1	AGA	R	AGG	R	95
MP|PP755590.1|A/cattle/Texas/24-008749-003/2024(H5N1)	307	C	T	104	53	57	3509	1729	58	0.971215	3613	0	TRUE	M1:cds-XAJ25416.1	CTG	L	TTG	L	103
MP|PP755590.1|A/cattle/Texas/24-008749-003/2024(H5N1)	408	G	A	90	51	54	3340	1744	56	0.973477	3431	0	TRUE	M1:cds-XAJ25416.1	GGG	G	GGA	G	136
MP|PP755590.1|A/cattle/Texas/24-008749-003/2024(H5N1)	456	A	G	3419	1692	58	93	43	59	0.0264806	3512	1.58131e-39	TRUE	M1:cds-XAJ25416.1	GAA	E	GAG	E	152
MP|PP755590.1|A/cattle/Texas/24-008749-003/2024(H5N1)	474	G	A	94	43	58	3301	1682	57	0.97174	3397	0	TRUE	M1:cds-XAJ25416.1	CAG	Q	CAA	Q	158
MP|PP755590.1|A/cattle/Texas/24-008749-003/2024(H5N1)	516	G	A	104	56	53	3313	1619	58	0.969564	3417	0	TRUE	M1:cds-XAJ25416.1	CTG	L	CTA	L	172
MP|PP755590.1|A/cattle/Texas/24-008749-003/2024(H5N1)	540	T	G	102	47	53	3390	1736	54	0.969957	3495	0	TRUE	M1:cds-XAJ25416.1	GTT	V	GTG	V	180
MP|PP755590.1|A/cattle/Texas/24-008749-003/2024(H5N1)	679	A	G	98	48	56	3578	1506	56	0.973076	3677	0	TRUE	M1:cds-XAJ25416.1	ACC	T	GCC	A	227
MP|PP755590.1|A/cattle/Texas/24-008749-003/2024(H5N1)	766	C	T	110	75	64	3545	2144	66	0.969904	3655	0	TRUE	M2:cds-XAJ25417.1	CTC	L	CTT	L	18
MP|PP755590.1|A/cattle/Texas/24-008749-003/2024(H5N1)	950	A	G	20	16	50	1044	791	53	0.981203	1064	0	TRUE	M2:cds-XAJ25417.1	AAT	N	GAT	D	79
MP|PP755590.1|A/cattle/Texas/24-008749-003/2024(H5N1)	951	A	G	1043	801	49	25	18	55	0.0234082	1068	9.85966e-11	TRUE	M2:cds-XAJ25417.1	AAT	N	AGT	S	79
