REGION	POS	REF	ALT	REF_DP	REF_RV	REF_QUAL	ALT_DP	ALT_RV	ALT_QUAL	ALT_FREQ	TOTAL_DP	PVAL	PASS	GFF_FEATURE	REF_CODON	REF_AA	ALT_CODON	ALT_AA	POS_AA
PB2|PP755596.1|A/cattle/Texas/24-008749-003/2024(H5N1)	20	T	G	185	40	32	2	2	26	0.0106952	187	0.562343	FALSE	PB2:cds-XAJ25426.1	CTG	L	CGG	R	7
PB2|PP755596.1|A/cattle/Texas/24-008749-003/2024(H5N1)	88	A	-TAATCAAGAAG	750	233	33	17	0	20	0.012436	1367	0.0158711	FALSE	NA	NA	NA	NA	NA	NA
PB2|PP755596.1|A/cattle/Texas/24-008749-003/2024(H5N1)	172	G	A	1	1	34	1074	495	33	0.99907	1075	0	TRUE	PB2:cds-XAJ25426.1	GCA	A	ACA	T	58
PB2|PP755596.1|A/cattle/Texas/24-008749-003/2024(H5N1)	211	A	G	1027	536	32	18	7	32	0.0172249	1045	1.57206e-05	TRUE	PB2:cds-XAJ25426.1	AAT	N	GAT	D	71
PB2|PP755596.1|A/cattle/Texas/24-008749-003/2024(H5N1)	240	G	A	0	0	0	889	530	32	0.997755	891	0	TRUE	PB2:cds-XAJ25426.1	AAG	K	AAA	K	80
PB2|PP755596.1|A/cattle/Texas/24-008749-003/2024(H5N1)	550	A	G	898	557	32	30	15	32	0.0323276	928	6.80311e-10	TRUE	PB2:cds-XAJ25426.1	ACA	T	GCA	A	184
PB2|PP755596.1|A/cattle/Texas/24-008749-003/2024(H5N1)	630	G	A	0	0	0	1011	609	33	1	1011	0	TRUE	PB2:cds-XAJ25426.1	GAG	E	GAA	E	210
PB2|PP755596.1|A/cattle/Texas/24-008749-003/2024(H5N1)	764	C	T	0	0	0	1088	497	33	0.999082	1089	0	TRUE	PB2:cds-XAJ25426.1	GCA	A	GTA	V	255
PB2|PP755596.1|A/cattle/Texas/24-008749-003/2024(H5N1)	912	G	A	0	0	0	1134	568	33	1	1134	0	TRUE	PB2:cds-XAJ25426.1	GAG	E	GAA	E	304
PB2|PP755596.1|A/cattle/Texas/24-008749-003/2024(H5N1)	1085	G	C	779	194	32	9	9	31	0.0114213	788	0.00168127	TRUE	PB2:cds-XAJ25426.1	GGG	G	GCG	A	362
PB2|PP755596.1|A/cattle/Texas/24-008749-003/2024(H5N1)	1392	G	A	1	0	34	1330	894	32	0.999249	1331	0	TRUE	PB2:cds-XAJ25426.1	TTG	L	TTA	L	464
PB2|PP755596.1|A/cattle/Texas/24-008749-003/2024(H5N1)	1437	A	G	939	608	32	313	185	33	0.25	1252	1.26088e-111	TRUE	PB2:cds-XAJ25426.1	AGA	R	AGG	R	479
PB2|PP755596.1|A/cattle/Texas/24-008749-003/2024(H5N1)	1551	A	G	1263	442	33	130	40	33	0.0933238	1393	3.09114e-41	TRUE	PB2:cds-XAJ25426.1	GAA	E	GAG	E	517
PB2|PP755596.1|A/cattle/Texas/24-008749-003/2024(H5N1)	2009	A	G	588	277	33	1220	637	33	0.674779	1808	0	TRUE	PB2:cds-XAJ25426.1	AAA	K	AGA	R	670
PB2|PP755596.1|A/cattle/Texas/24-008749-003/2024(H5N1)	2257	A	G	1263	952	33	23	18	33	0.0178849	1286	8.87285e-07	TRUE	PB2:cds-XAJ25426.1	AGA	R	GGA	G	753
