REGION	POS	REF	ALT	REF_DP	REF_RV	REF_QUAL	ALT_DP	ALT_RV	ALT_QUAL	ALT_FREQ	TOTAL_DP	PVAL	PASS	GFF_FEATURE	REF_CODON	REF_AA	ALT_CODON	ALT_AA	POS_AA
NA|PP755591.1|A/cattle/Texas/24-008749-003/2024(H5N1)	17	A	G	138	9	39	8	0	45	0.0547945	146	1.32533e-07	TRUE	NA:cds-XAJ25418.1	AAG	K	AGG	R	6
NA|PP755591.1|A/cattle/Texas/24-008749-003/2024(H5N1)	35	C	T	366	27	39	9	1	41	0.024	375	3.46302e-06	TRUE	NA:cds-XAJ25418.1	TCA	S	TTA	L	12
NA|PP755591.1|A/cattle/Texas/24-008749-003/2024(H5N1)	59	T	C	711	52	38	8	0	37	0.0111266	719	0.000776375	TRUE	NA:cds-XAJ25418.1	GTC	V	GCC	A	20
NA|PP755591.1|A/cattle/Texas/24-008749-003/2024(H5N1)	111	A	G	1111	112	40	16	0	39	0.0141844	1128	1.09696e-06	TRUE	NA:cds-XAJ25418.1	TCA	S	TCG	S	37
NA|PP755591.1|A/cattle/Texas/24-008749-003/2024(H5N1)	571	T	C	0	0	0	2823	1174	39	1	2823	0	TRUE	NA:cds-XAJ25418.1	TTG	L	CTG	L	191
NA|PP755591.1|A/cattle/Texas/24-008749-003/2024(H5N1)	705	T	C	2903	1755	38	34	19	40	0.0115764	2937	1.48438e-11	TRUE	NA:cds-XAJ25418.1	AAT	N	AAC	N	235
NA|PP755591.1|A/cattle/Texas/24-008749-003/2024(H5N1)	862	A	G	3028	1661	38	84	60	36	0.0269923	3112	8.0514e-24	TRUE	NA:cds-XAJ25418.1	ATT	I	GTT	V	288
NA|PP755591.1|A/cattle/Texas/24-008749-003/2024(H5N1)	921	T	C	2866	1501	39	37	23	35	0.0127454	2903	1.93311e-09	TRUE	NA:cds-XAJ25418.1	AAT	N	AAC	N	307
NA|PP755591.1|A/cattle/Texas/24-008749-003/2024(H5N1)	1185	A	G	0	0	0	2343	1507	38	1	2343	0	TRUE	NA:cds-XAJ25418.1	GAA	E	GAG	E	395
