REGION	POS	REF	ALT	REF_DP	REF_RV	REF_QUAL	ALT_DP	ALT_RV	ALT_QUAL	ALT_FREQ	TOTAL_DP	PVAL	PASS	GFF_FEATURE	REF_CODON	REF_AA	ALT_CODON	ALT_AA	POS_AA
NS|PP755593.1|A/cattle/Texas/24-008749-003/2024(H5N1)	20	T	C	0	0	0	3155	531	44	1	3155	0	TRUE	NEP:cds-XAJ25421.1	TTA	L	TCA	S	7
NS|PP755593.1|A/cattle/Texas/24-008749-003/2024(H5N1)	20	T	C	0	0	0	3155	531	44	1	3155	0	TRUE	NS1:cds-XAJ25420.1	TTA	L	TCA	S	7
NS|PP755593.1|A/cattle/Texas/24-008749-003/2024(H5N1)	168	G	T	1	1	26	9320	3114	57	0.997432	9344	0	TRUE	NS1:cds-XAJ25420.1	ACG	T	ACT	T	56
NS|PP755593.1|A/cattle/Texas/24-008749-003/2024(H5N1)	183	G	A	6	0	55	9619	3263	57	0.999065	9628	0	TRUE	NS1:cds-XAJ25420.1	GGG	G	GGA	G	61
NS|PP755593.1|A/cattle/Texas/24-008749-003/2024(H5N1)	222	T	C	6	4	62	10744	4150	59	0.999256	10752	0	TRUE	NS1:cds-XAJ25420.1	GAT	D	GAC	D	74
NS|PP755593.1|A/cattle/Texas/24-008749-003/2024(H5N1)	539	T	C	11615	6134	56	209	109	54	0.0176729	11826	7.11647e-87	TRUE	NEP:cds-XAJ25421.1	TCC	S	CCC	P	13
NS|PP755593.1|A/cattle/Texas/24-008749-003/2024(H5N1)	539	T	C	11615	6134	56	209	109	54	0.0176729	11826	7.11647e-87	TRUE	NS1:cds-XAJ25420.1	GTC	V	GCC	A	180
