REGION	POS	REF	ALT	REF_DP	REF_RV	REF_QUAL	ALT_DP	ALT_RV	ALT_QUAL	ALT_FREQ	TOTAL_DP	PVAL	PASS	GFF_FEATURE	REF_CODON	REF_AA	ALT_CODON	ALT_AA	POS_AA
NS|PP755593.1|A/cattle/Texas/24-008749-003/2024(H5N1)	87	T	C	597	72	37	7	0	37	0.0115894	604	0.00536445	TRUE	NS1:cds-XAJ25420.1	GAT	D	GAC	D	29
NS|PP755593.1|A/cattle/Texas/24-008749-003/2024(H5N1)	116	A	T	571	155	37	6	0	30	0.0103986	577	0.00549415	TRUE	NS1:cds-XAJ25420.1	GAC	D	GTC	V	39
NS|PP755593.1|A/cattle/Texas/24-008749-003/2024(H5N1)	178	G	A	1	0	34	830	434	37	0.997596	832	0	TRUE	NS1:cds-XAJ25420.1	GCT	A	ACT	T	60
NS|PP755593.1|A/cattle/Texas/24-008749-003/2024(H5N1)	199	A	G	0	0	0	894	427	37	0.998883	895	0	TRUE	NS1:cds-XAJ25420.1	AGG	R	GGG	G	67
NS|PP755593.1|A/cattle/Texas/24-008749-003/2024(H5N1)	222	T	C	0	0	0	960	521	38	1	960	0	TRUE	NS1:cds-XAJ25420.1	GAT	D	GAC	D	74
NS|PP755593.1|A/cattle/Texas/24-008749-003/2024(H5N1)	306	G	A	987	558	37	25	13	35	0.0247036	1012	3.66502e-08	TRUE	NS1:cds-XAJ25420.1	TGG	W	TGA	*	102
NS|PP755593.1|A/cattle/Texas/24-008749-003/2024(H5N1)	344	T	C	894	510	36	10	4	36	0.0110619	904	0.00297836	TRUE	NS1:cds-XAJ25420.1	CTC	L	CCC	P	115
NS|PP755593.1|A/cattle/Texas/24-008749-003/2024(H5N1)	552	A	G	4	1	34	806	409	37	0.995062	810	0	TRUE	NEP:cds-XAJ25421.1	GAC	D	GGC	G	17
NS|PP755593.1|A/cattle/Texas/24-008749-003/2024(H5N1)	552	A	G	4	1	34	806	409	37	0.995062	810	0	TRUE	NS1:cds-XAJ25420.1	GGA	G	GGG	G	184
NS|PP755593.1|A/cattle/Texas/24-008749-003/2024(H5N1)	576	T	C	827	354	37	19	7	36	0.0224586	846	2.46163e-06	TRUE	NEP:cds-XAJ25421.1	TTC	F	TCC	S	25
NS|PP755593.1|A/cattle/Texas/24-008749-003/2024(H5N1)	576	T	C	827	354	37	19	7	36	0.0224586	846	2.46163e-06	TRUE	NS1:cds-XAJ25420.1	GTT	V	GTC	V	192
NS|PP755593.1|A/cattle/Texas/24-008749-003/2024(H5N1)	597	G	A	779	415	37	23	10	35	0.0286783	802	1.40649e-08	TRUE	NEP:cds-XAJ25421.1	AGA	R	AAA	K	32
NS|PP755593.1|A/cattle/Texas/24-008749-003/2024(H5N1)	597	G	A	779	415	37	23	10	35	0.0286783	802	1.40649e-08	TRUE	NS1:cds-XAJ25420.1	CAG	Q	CAA	Q	199
NS|PP755593.1|A/cattle/Texas/24-008749-003/2024(H5N1)	682	T	C	727	433	39	10	5	43	0.0135685	737	0.000236069	TRUE	NEP:cds-XAJ25421.1	AGT	S	AGC	S	60
NS|PP755593.1|A/cattle/Texas/24-008749-003/2024(H5N1)	682	T	C	727	433	39	10	5	43	0.0135685	737	0.000236069	TRUE	NS1:cds-XAJ25420.1	TCA	S	CCA	P	228
NS|PP755593.1|A/cattle/Texas/24-008749-003/2024(H5N1)	825	T	C	348	329	36	5	5	34	0.0141643	353	0.0229044	FALSE	NEP:cds-XAJ25421.1	TTT	F	TCT	S	108
