REGION	POS	REF	ALT	REF_DP	REF_RV	REF_QUAL	ALT_DP	ALT_RV	ALT_QUAL	ALT_FREQ	TOTAL_DP	PVAL	PASS	GFF_FEATURE	REF_CODON	REF_AA	ALT_CODON	ALT_AA	POS_AA
NA|PP755591.1|A/cattle/Texas/24-008749-003/2024(H5N1)	57	A	+GTCCT	162	15	35	4	0	20	0.0117647	340	0.164728	FALSE	NA	NA	NA	NA	NA	NA
NA|PP755591.1|A/cattle/Texas/24-008749-003/2024(H5N1)	110	C	T	259	35	38	6	1	34	0.0226415	265	0.00254298	TRUE	NA:cds-XAJ25418.1	TCA	S	TTA	L	37
NA|PP755591.1|A/cattle/Texas/24-008749-003/2024(H5N1)	231	G	T	487	221	38	6	0	40	0.0121704	493	0.00962491	TRUE	NA:cds-XAJ25418.1	GAG	E	GAT	D	77
NA|PP755591.1|A/cattle/Texas/24-008749-003/2024(H5N1)	250	A	G	49	22	35	468	212	37	0.905222	517	5.32751e-256	TRUE	NA:cds-XAJ25418.1	ACA	T	GCA	A	84
NA|PP755591.1|A/cattle/Texas/24-008749-003/2024(H5N1)	257	C	T	440	200	37	67	28	36	0.13215	507	6.88887e-24	TRUE	NA:cds-XAJ25418.1	GCG	A	GTG	V	86
NA|PP755591.1|A/cattle/Texas/24-008749-003/2024(H5N1)	449	A	G	599	292	35	92	52	34	0.13314	691	2.37588e-34	TRUE	NA:cds-XAJ25418.1	AAG	K	AGG	R	150
NA|PP755591.1|A/cattle/Texas/24-008749-003/2024(H5N1)	494	A	G	677	278	37	7	3	34	0.0102339	684	0.00430558	TRUE	NA:cds-XAJ25418.1	GAG	E	GGG	G	165
NA|PP755591.1|A/cattle/Texas/24-008749-003/2024(H5N1)	564	C	T	651	307	37	22	13	33	0.0326895	673	4.62457e-08	TRUE	NA:cds-XAJ25418.1	ATC	I	ATT	I	188
NA|PP755591.1|A/cattle/Texas/24-008749-003/2024(H5N1)	571	T	C	0	0	0	642	314	37	1	642	0	TRUE	NA:cds-XAJ25418.1	TTG	L	CTG	L	191
NA|PP755591.1|A/cattle/Texas/24-008749-003/2024(H5N1)	1185	A	G	0	0	0	960	595	37	1	960	0	TRUE	NA:cds-XAJ25418.1	GAA	E	GAG	E	395
