REGION	POS	REF	ALT	REF_DP	REF_RV	REF_QUAL	ALT_DP	ALT_RV	ALT_QUAL	ALT_FREQ	TOTAL_DP	PVAL	PASS	GFF_FEATURE	REF_CODON	REF_AA	ALT_CODON	ALT_AA	POS_AA
NA|PP755591.1|A/cattle/Texas/24-008749-003/2024(H5N1)	22	A	C	69	16	36	1	0	37	0.0142857	70	0.167866	FALSE	NA:cds-XAJ25418.1	ACA	T	CCA	P	8
NA|PP755591.1|A/cattle/Texas/24-008749-003/2024(H5N1)	295	A	G	567	226	36	379	193	36	0.400634	946	2.30164e-138	TRUE	NA:cds-XAJ25418.1	ATA	I	GTA	V	99
NA|PP755591.1|A/cattle/Texas/24-008749-003/2024(H5N1)	312	C	T	848	323	36	95	32	36	0.100742	943	1.38075e-30	TRUE	NA:cds-XAJ25418.1	AAC	N	AAT	N	104
NA|PP755591.1|A/cattle/Texas/24-008749-003/2024(H5N1)	571	T	C	0	0	0	884	402	36	1	884	0	TRUE	NA:cds-XAJ25418.1	TTG	L	CTG	L	191
NA|PP755591.1|A/cattle/Texas/24-008749-003/2024(H5N1)	942	A	G	0	0	0	928	513	36	1	928	0	TRUE	NA:cds-XAJ25418.1	ATA	I	ATG	M	314
NA|PP755591.1|A/cattle/Texas/24-008749-003/2024(H5N1)	1107	C	A	0	0	0	839	407	36	1	839	0	TRUE	NA:cds-XAJ25418.1	AGC	S	AGA	R	369
NA|PP755591.1|A/cattle/Texas/24-008749-003/2024(H5N1)	1149	G	A	0	0	0	837	443	36	1	837	0	TRUE	NA:cds-XAJ25418.1	ACG	T	ACA	T	383
NA|PP755591.1|A/cattle/Texas/24-008749-003/2024(H5N1)	1152	C	T	1	0	37	819	442	36	0.99878	820	0	TRUE	NA:cds-XAJ25418.1	GAC	D	GAT	D	384
NA|PP755591.1|A/cattle/Texas/24-008749-003/2024(H5N1)	1262	G	A	792	631	36	11	8	35	0.0136986	803	0.000468507	TRUE	NA:cds-XAJ25418.1	TGT	C	TAT	Y	421
NA|PP755591.1|A/cattle/Texas/24-008749-003/2024(H5N1)	1388	T	C	277	249	36	3	2	37	0.0107143	280	0.124329	FALSE	NA:cds-XAJ25418.1	TTG	L	TCG	S	463
