REGION	POS	REF	ALT	REF_DP	REF_RV	REF_QUAL	ALT_DP	ALT_RV	ALT_QUAL	ALT_FREQ	TOTAL_DP	PVAL	PASS	GFF_FEATURE	REF_CODON	REF_AA	ALT_CODON	ALT_AA	POS_AA
PA|PP755594.1|A/cattle/Texas/24-008749-003/2024(H5N1)	98	A	G	342	69	32	4	0	34	0.0115607	346	0.0108056	FALSE	PA:cds-XAJ25422.1	AAC	N	AGC	S	33
PA|PP755594.1|A/cattle/Texas/24-008749-003/2024(H5N1)	98	A	G	342	69	32	4	0	34	0.0115607	346	0.0108056	FALSE	PA-X:cds-XAJ25423.1	AAC	N	AGC	S	33
PA|PP755594.1|A/cattle/Texas/24-008749-003/2024(H5N1)	814	G	A	1020	540	33	16	9	33	0.015444	1036	0.000101872	TRUE	PA:cds-XAJ25422.1	GAT	D	AAT	N	272
PA|PP755594.1|A/cattle/Texas/24-008749-003/2024(H5N1)	981	G	A	0	0	0	1122	415	33	1	1122	0	TRUE	PA:cds-XAJ25422.1	GAG	E	GAA	E	327
PA|PP755594.1|A/cattle/Texas/24-008749-003/2024(H5N1)	1294	G	A	0	0	0	1196	613	33	0.999165	1197	0	TRUE	PA:cds-XAJ25422.1	GTT	V	ATT	I	432
PA|PP755594.1|A/cattle/Texas/24-008749-003/2024(H5N1)	1456	A	G	1135	463	33	12	5	32	0.0104621	1147	0.00113598	TRUE	PA:cds-XAJ25422.1	ATA	I	GTA	V	486
PA|PP755594.1|A/cattle/Texas/24-008749-003/2024(H5N1)	1842	C	T	1041	590	33	102	63	33	0.0892388	1143	4.50626e-31	TRUE	PA:cds-XAJ25422.1	AAC	N	AAT	N	614
