REGION	POS	REF	ALT	REF_DP	REF_RV	REF_QUAL	ALT_DP	ALT_RV	ALT_QUAL	ALT_FREQ	TOTAL_DP	PVAL	PASS	GFF_FEATURE	REF_CODON	REF_AA	ALT_CODON	ALT_AA	POS_AA
MP|PP755590.1|A/cattle/Texas/24-008749-003/2024(H5N1)	35	T	C	1553	175	42	23	5	37	0.0145939	1576	2.68822e-10	TRUE	M1:cds-XAJ25416.1	CTC	L	CCC	P	12
MP|PP755590.1|A/cattle/Texas/24-008749-003/2024(H5N1)	47	C	A	1463	224	35	22	0	24	0.0147849	1488	0.0843809	FALSE	M1:cds-XAJ25416.1	CCG	P	CAG	Q	16
MP|PP755590.1|A/cattle/Texas/24-008749-003/2024(H5N1)	215	G	A	5852	2808	45	85	23	40	0.014317	5937	1.06621e-29	TRUE	M1:cds-XAJ25416.1	CGA	R	CAA	Q	72
MP|PP755590.1|A/cattle/Texas/24-008749-003/2024(H5N1)	245	G	A	1	0	80	5828	2753	45	0.999486	5831	0	TRUE	M1:cds-XAJ25416.1	AGT	S	AAT	N	82
MP|PP755590.1|A/cattle/Texas/24-008749-003/2024(H5N1)	316	G	T	5320	2612	41	67	67	27	0.0124373	5387	0.105332	FALSE	M1:cds-XAJ25416.1	GAG	E	TAG	*	106
MP|PP755590.1|A/cattle/Texas/24-008749-003/2024(H5N1)	406	G	T	5076	1791	38	63	63	25	0.0122544	5141	0.128245	FALSE	M1:cds-XAJ25416.1	GGG	G	TGG	W	136
MP|PP755590.1|A/cattle/Texas/24-008749-003/2024(H5N1)	699	C	A	3981	2035	37	146	0	25	0.0353768	4127	4.12382e-20	TRUE	M1:cds-XAJ25416.1	CTC	L	CTA	L	233
MP|PP755590.1|A/cattle/Texas/24-008749-003/2024(H5N1)	766	C	A	5316	3046	42	119	0	25	0.0218911	5436	2.80778e-08	TRUE	M2:cds-XAJ25417.1	CTC	L	CTA	L	18
MP|PP755590.1|A/cattle/Texas/24-008749-003/2024(H5N1)	790	G	A	4	0	33	6075	3498	47	0.999342	6079	0	TRUE	M2:cds-XAJ25417.1	GGG	G	GGA	G	26
MP|PP755590.1|A/cattle/Texas/24-008749-003/2024(H5N1)	884	G	T	4430	3749	40	91	91	27	0.0201105	4525	3.98448e-06	TRUE	M2:cds-XAJ25417.1	GAA	E	TAA	*	57
MP|PP755590.1|A/cattle/Texas/24-008749-003/2024(H5N1)	908	G	T	3505	3098	37	46	46	26	0.0129541	3551	0.114834	FALSE	M2:cds-XAJ25417.1	GAA	E	TAA	*	65
MP|PP755590.1|A/cattle/Texas/24-008749-003/2024(H5N1)	933	G	A	0	0	0	3580	3323	43	1	3580	0	TRUE	M2:cds-XAJ25417.1	AGT	S	AAT	N	73
