REGION	POS	REF	ALT	REF_DP	REF_RV	REF_QUAL	ALT_DP	ALT_RV	ALT_QUAL	ALT_FREQ	TOTAL_DP	PVAL	PASS	GFF_FEATURE	REF_CODON	REF_AA	ALT_CODON	ALT_AA	POS_AA
PB1|PP755595.1|A/cattle/Texas/24-008749-003/2024(H5N1)	19	T	C	138	7	36	2	0	34	0.0142857	140	0.0393201	FALSE	PB1:cds-XAJ25424.1	TTA	L	CTA	L	7
PB1|PP755595.1|A/cattle/Texas/24-008749-003/2024(H5N1)	304	A	G	1081	581	36	154	99	36	0.124696	1235	9.77684e-51	TRUE	PB1:cds-XAJ25424.1	ATC	I	GTC	V	102
PB1|PP755595.1|A/cattle/Texas/24-008749-003/2024(H5N1)	304	A	G	1081	581	36	154	99	36	0.124696	1235	9.77684e-51	TRUE	PB1-F2:cds-XAJ25425.1	GAA	E	GAG	E	70
PB1|PP755595.1|A/cattle/Texas/24-008749-003/2024(H5N1)	381	G	A	1323	791	36	36	13	35	0.0264901	1359	5.25006e-11	TRUE	PB1:cds-XAJ25424.1	CAG	Q	CAA	Q	127
PB1|PP755595.1|A/cattle/Texas/24-008749-003/2024(H5N1)	644	G	A	1220	686	35	34	13	36	0.0271132	1254	1.92308e-10	TRUE	PB1:cds-XAJ25424.1	AGG	R	AAG	K	215
PB1|PP755595.1|A/cattle/Texas/24-008749-003/2024(H5N1)	945	T	C	0	0	0	1347	834	35	1	1347	0	TRUE	PB1:cds-XAJ25424.1	CCT	P	CCC	P	315
PB1|PP755595.1|A/cattle/Texas/24-008749-003/2024(H5N1)	1369	G	A	1322	595	35	259	87	34	0.163717	1582	1.19649e-85	TRUE	PB1:cds-XAJ25424.1	GAG	E	AAG	K	457
PB1|PP755595.1|A/cattle/Texas/24-008749-003/2024(H5N1)	1539	A	G	2693	1260	37	86	45	35	0.0309464	2779	4.12953e-25	TRUE	PB1:cds-XAJ25424.1	GGA	G	GGG	G	513
PB1|PP755595.1|A/cattle/Texas/24-008749-003/2024(H5N1)	1549	A	G	2592	1355	37	75	31	38	0.0281215	2667	2.22367e-22	TRUE	PB1:cds-XAJ25424.1	ATC	I	GTC	V	517
PB1|PP755595.1|A/cattle/Texas/24-008749-003/2024(H5N1)	1560	T	A	2617	1331	36	137	70	37	0.0496557	2759	4.61293e-41	TRUE	PB1:cds-XAJ25424.1	TCT	S	TCA	S	520
