REGION	POS	REF	ALT	REF_DP	REF_RV	REF_QUAL	ALT_DP	ALT_RV	ALT_QUAL	ALT_FREQ	TOTAL_DP	PVAL	PASS	GFF_FEATURE	REF_CODON	REF_AA	ALT_CODON	ALT_AA	POS_AA
PA|PP755594.1|A/cattle/Texas/24-008749-003/2024(H5N1)	5	A	G	129	3	34	2	0	34	0.0152672	131	0.0309737	FALSE	PA:cds-XAJ25422.1	GAA	E	GGA	G	2
PA|PP755594.1|A/cattle/Texas/24-008749-003/2024(H5N1)	5	A	G	129	3	34	2	0	34	0.0152672	131	0.0309737	FALSE	PA-X:cds-XAJ25423.1	GAA	E	GGA	G	2
PA|PP755594.1|A/cattle/Texas/24-008749-003/2024(H5N1)	7	G	A	42	1	34	90	2	35	0.681818	132	6.93491e-84	TRUE	PA:cds-XAJ25422.1	GAC	D	AAC	N	3
PA|PP755594.1|A/cattle/Texas/24-008749-003/2024(H5N1)	7	G	A	42	1	34	90	2	35	0.681818	132	6.93491e-84	TRUE	PA-X:cds-XAJ25423.1	GAC	D	AAC	N	3
PA|PP755594.1|A/cattle/Texas/24-008749-003/2024(H5N1)	37	A	G	0	0	0	292	12	35	1	292	3.27731e-275	TRUE	PA:cds-XAJ25422.1	ATT	I	GTT	V	13
PA|PP755594.1|A/cattle/Texas/24-008749-003/2024(H5N1)	37	A	G	0	0	0	292	12	35	1	292	3.27731e-275	TRUE	PA-X:cds-XAJ25423.1	ATT	I	GTT	V	13
PA|PP755594.1|A/cattle/Texas/24-008749-003/2024(H5N1)	1490	G	A	0	0	0	1500	641	37	1	1500	0	TRUE	PA:cds-XAJ25422.1	AGG	R	AAG	K	497
PA|PP755594.1|A/cattle/Texas/24-008749-003/2024(H5N1)	1572	A	G	0	0	0	1476	939	35	1	1476	0	TRUE	PA:cds-XAJ25422.1	GAA	E	GAG	E	524
PA|PP755594.1|A/cattle/Texas/24-008749-003/2024(H5N1)	1686	C	T	1601	684	36	28	21	29	0.0171885	1629	0.0391817	FALSE	PA:cds-XAJ25422.1	TTC	F	TTT	F	562
