REGION	POS	REF	ALT	REF_DP	REF_RV	REF_QUAL	ALT_DP	ALT_RV	ALT_QUAL	ALT_FREQ	TOTAL_DP	PVAL	PASS	GFF_FEATURE	REF_CODON	REF_AA	ALT_CODON	ALT_AA	POS_AA
PB1|PP755595.1|A/cattle/Texas/24-008749-003/2024(H5N1)	402	C	T	1146	702	33	21	14	34	0.0179949	1167	3.96864e-06	TRUE	PB1:cds-XAJ25424.1	AAC	N	AAT	N	134
PB1|PP755595.1|A/cattle/Texas/24-008749-003/2024(H5N1)	546	A	G	1280	575	33	42	18	34	0.03177	1322	1.41891e-12	TRUE	PB1:cds-XAJ25424.1	ACA	T	ACG	T	182
PB1|PP755595.1|A/cattle/Texas/24-008749-003/2024(H5N1)	945	T	C	0	0	0	1385	791	33	1	1385	0	TRUE	PB1:cds-XAJ25424.1	CCT	P	CCC	P	315
PB1|PP755595.1|A/cattle/Texas/24-008749-003/2024(H5N1)	1050	A	G	1255	565	33	41	17	33	0.0316358	1296	8.58695e-13	TRUE	PB1:cds-XAJ25424.1	AGA	R	AGG	R	350
PB1|PP755595.1|A/cattle/Texas/24-008749-003/2024(H5N1)	1668	A	G	0	0	0	2158	940	33	1	2158	0	TRUE	PB1:cds-XAJ25424.1	AGA	R	AGG	R	556
