REGION	POS	REF	ALT	REF_DP	REF_RV	REF_QUAL	ALT_DP	ALT_RV	ALT_QUAL	ALT_FREQ	TOTAL_DP	PVAL	PASS	GFF_FEATURE	REF_CODON	REF_AA	ALT_CODON	ALT_AA	POS_AA
PB2|PP755588.1|A/cattle/Texas/24-008749-002/2024(H5N1)	7	A	G	85	17	36	1	0	22	0.0116279	86	0.585738	FALSE	NA	NA	NA	NA	NA	NA
PB2|PP755588.1|A/cattle/Texas/24-008749-002/2024(H5N1)	746	A	G	0	0	0	1625	739	36	1	1625	0	TRUE	NA	NA	NA	NA	NA	NA
PB2|PP755588.1|A/cattle/Texas/24-008749-002/2024(H5N1)	1242	T	C	1	0	37	1292	518	36	0.999227	1293	0	TRUE	NA	NA	NA	NA	NA	NA
PB2|PP755588.1|A/cattle/Texas/24-008749-002/2024(H5N1)	1311	C	T	3	3	33	1401	530	35	0.997863	1404	0	TRUE	NA	NA	NA	NA	NA	NA
PB2|PP755588.1|A/cattle/Texas/24-008749-002/2024(H5N1)	2029	G	A	1563	938	36	32	19	36	0.0200627	1595	2.65039e-09	TRUE	NA	NA	NA	NA	NA	NA
