REGION	POS	REF	ALT	REF_DP	REF_RV	REF_QUAL	ALT_DP	ALT_RV	ALT_QUAL	ALT_FREQ	TOTAL_DP	PVAL	PASS	GFF_FEATURE	REF_CODON	REF_AA	ALT_CODON	ALT_AA	POS_AA
MP|PP755590.1|A/cattle/Texas/24-008749-003/2024(H5N1)	43	G	A	7378	1434	33	103	16	33	0.0137645	7483	6.32845e-38	TRUE	M1:cds-XAJ25416.1	GTC	V	ATC	I	15
MP|PP755590.1|A/cattle/Texas/24-008749-003/2024(H5N1)	51	G	A	8053	1712	33	267	23	31	0.0320875	8321	2.05077e-113	TRUE	M1:cds-XAJ25416.1	TCG	S	TCA	S	17
MP|PP755590.1|A/cattle/Texas/24-008749-003/2024(H5N1)	245	G	A	1	0	34	27746	12621	33	0.99928	27766	0	TRUE	M1:cds-XAJ25416.1	AGT	S	AAT	N	82
MP|PP755590.1|A/cattle/Texas/24-008749-003/2024(H5N1)	284	G	A	28922	13525	33	496	232	33	0.0168501	29436	1.07478e-119	TRUE	M1:cds-XAJ25416.1	AGA	R	AAA	K	95
MP|PP755590.1|A/cattle/Texas/24-008749-003/2024(H5N1)	363	C	T	460	218	33	27010	14638	33	0.981896	27508	0	TRUE	M1:cds-XAJ25416.1	ACC	T	ACT	T	121
MP|PP755590.1|A/cattle/Texas/24-008749-003/2024(H5N1)	470	C	T	27153	13194	33	505	300	33	0.0182515	27669	4.10989e-121	TRUE	M1:cds-XAJ25416.1	TCA	S	TTA	L	157
MP|PP755590.1|A/cattle/Texas/24-008749-003/2024(H5N1)	642	G	A	28697	13074	33	471	168	33	0.016144	29175	1.90222e-108	TRUE	M1:cds-XAJ25416.1	CAG	Q	CAA	Q	214
MP|PP755590.1|A/cattle/Texas/24-008749-003/2024(H5N1)	810	G	T	524	355	33	27645	16365	33	0.979347	28228	0	TRUE	M2:cds-XAJ25417.1	TGG	W	TTG	L	32
MP|PP755590.1|A/cattle/Texas/24-008749-003/2024(H5N1)	811	G	T	28471	17125	33	451	293	32	0.0155834	28941	4.46728e-107	TRUE	M2:cds-XAJ25417.1	TGG	W	TGT	C	33
