REGION	POS	REF	ALT	REF_DP	REF_RV	REF_QUAL	ALT_DP	ALT_RV	ALT_QUAL	ALT_FREQ	TOTAL_DP	PVAL	PASS	GFF_FEATURE	REF_CODON	REF_AA	ALT_CODON	ALT_AA	POS_AA
NS|PP755593.1|A/cattle/Texas/24-008749-003/2024(H5N1)	11	A	T	578	103	45	10	2	52	0.0169779	589	2.89745e-06	TRUE	NEP:cds-XAJ25421.1	AAC	N	ATC	I	4
NS|PP755593.1|A/cattle/Texas/24-008749-003/2024(H5N1)	11	A	T	578	103	45	10	2	52	0.0169779	589	2.89745e-06	TRUE	NS1:cds-XAJ25420.1	AAC	N	ATC	I	4
NS|PP755593.1|A/cattle/Texas/24-008749-003/2024(H5N1)	20	T	C	0	0	0	703	140	46	1	703	0	TRUE	NEP:cds-XAJ25421.1	TTA	L	TCA	S	7
NS|PP755593.1|A/cattle/Texas/24-008749-003/2024(H5N1)	20	T	C	0	0	0	703	140	46	1	703	0	TRUE	NS1:cds-XAJ25420.1	TTA	L	TCA	S	7
NS|PP755593.1|A/cattle/Texas/24-008749-003/2024(H5N1)	79	C	A	13	0	46	1132	394	54	0.988646	1145	0	TRUE	NS1:cds-XAJ25420.1	CTG	L	ATG	M	27
NS|PP755593.1|A/cattle/Texas/24-008749-003/2024(H5N1)	183	G	A	1	0	58	1976	746	58	0.999494	1977	0	TRUE	NS1:cds-XAJ25420.1	GGG	G	GGA	G	61
NS|PP755593.1|A/cattle/Texas/24-008749-003/2024(H5N1)	222	T	C	1	0	75	2182	928	59	0.999542	2183	0	TRUE	NS1:cds-XAJ25420.1	GAT	D	GAC	D	74
NS|PP755593.1|A/cattle/Texas/24-008749-003/2024(H5N1)	333	G	T	2217	1143	56	32	14	53	0.0142285	2249	6.58046e-14	TRUE	NS1:cds-XAJ25420.1	GTG	V	GTT	V	111
NS|PP755593.1|A/cattle/Texas/24-008749-003/2024(H5N1)	381	C	T	2352	1144	55	31	16	49	0.0130088	2383	4.63504e-13	TRUE	NS1:cds-XAJ25420.1	AAC	N	AAT	N	127
NS|PP755593.1|A/cattle/Texas/24-008749-003/2024(H5N1)	580	G	A	23	13	56	2295	1227	59	0.990078	2318	0	TRUE	NEP:cds-XAJ25421.1	GAG	E	GAA	E	26
NS|PP755593.1|A/cattle/Texas/24-008749-003/2024(H5N1)	580	G	A	23	13	56	2295	1227	59	0.990078	2318	0	TRUE	NS1:cds-XAJ25420.1	GTC	V	ATC	I	194
NS|PP755593.1|A/cattle/Texas/24-008749-003/2024(H5N1)	676	A	G	2044	1275	63	39	35	57	0.018723	2083	5.43268e-18	TRUE	NEP:cds-XAJ25421.1	CAA	Q	CAG	Q	58
NS|PP755593.1|A/cattle/Texas/24-008749-003/2024(H5N1)	676	A	G	2044	1275	63	39	35	57	0.018723	2083	5.43268e-18	TRUE	NS1:cds-XAJ25420.1	ATT	I	GTT	V	226
NS|PP755593.1|A/cattle/Texas/24-008749-003/2024(H5N1)	699	T	C	1902	1300	60	54	42	58	0.0275933	1957	1.23646e-23	TRUE	NEP:cds-XAJ25421.1	ATA	I	ACA	T	66
