REGION	POS	REF	ALT	REF_DP	REF_RV	REF_QUAL	ALT_DP	ALT_RV	ALT_QUAL	ALT_FREQ	TOTAL_DP	PVAL	PASS	GFF_FEATURE	REF_CODON	REF_AA	ALT_CODON	ALT_AA	POS_AA
PB1|PP755595.1|A/cattle/Texas/24-008749-003/2024(H5N1)	303	A	G	526	285	39	9	8	40	0.016791	536	0.000774151	TRUE	PB1:cds-XAJ25424.1	GGA	G	GGG	G	101
PB1|PP755595.1|A/cattle/Texas/24-008749-003/2024(H5N1)	303	A	G	526	285	39	9	8	40	0.016791	536	0.000774151	TRUE	PB1-F2:cds-XAJ25425.1	GAA	E	GGA	G	70
PB1|PP755595.1|A/cattle/Texas/24-008749-003/2024(H5N1)	873	T	C	589	325	37	67	36	37	0.102134	656	1.445e-24	TRUE	PB1:cds-XAJ25424.1	ACT	T	ACC	T	291
PB1|PP755595.1|A/cattle/Texas/24-008749-003/2024(H5N1)	882	A	G	674	400	39	7	5	37	0.010279	681	0.00439787	TRUE	PB1:cds-XAJ25424.1	CAA	Q	CAG	Q	294
PB1|PP755595.1|A/cattle/Texas/24-008749-003/2024(H5N1)	945	T	C	0	0	0	627	358	37	1	627	0	TRUE	PB1:cds-XAJ25424.1	CCT	P	CCC	P	315
PB1|PP755595.1|A/cattle/Texas/24-008749-003/2024(H5N1)	1321	C	G	837	365	38	10	6	40	0.0118064	847	0.000435996	TRUE	PB1:cds-XAJ25424.1	CTA	L	GTA	V	441
PB1|PP755595.1|A/cattle/Texas/24-008749-003/2024(H5N1)	1926	T	C	106	69	36	2137	1273	38	0.952742	2243	0	TRUE	PB1:cds-XAJ25424.1	AAT	N	AAC	N	642
