REGION	POS	REF	ALT	REF_DP	REF_RV	REF_QUAL	ALT_DP	ALT_RV	ALT_QUAL	ALT_FREQ	TOTAL_DP	PVAL	PASS	GFF_FEATURE	REF_CODON	REF_AA	ALT_CODON	ALT_AA	POS_AA
NP|PP755592.1|A/cattle/Texas/24-008749-003/2024(H5N1)	355	A	G	4	4	42	14888	8374	39	0.999664	14893	0	TRUE	NP:cds-XAJ25419.1	ATT	I	GTT	V	119
NP|PP755592.1|A/cattle/Texas/24-008749-003/2024(H5N1)	474	A	G	7164	3466	37	8560	5329	36	0.544391	15724	0	TRUE	NP:cds-XAJ25419.1	GGA	G	GGG	G	158
NP|PP755592.1|A/cattle/Texas/24-008749-003/2024(H5N1)	498	G	A	2	0	34	13971	5896	36	0.999785	13974	0	TRUE	NP:cds-XAJ25419.1	CTG	L	CTA	L	166
NP|PP755592.1|A/cattle/Texas/24-008749-003/2024(H5N1)	648	G	A	8675	4933	38	5707	2572	36	0.396788	14383	0	TRUE	NP:cds-XAJ25419.1	AGG	R	AGA	R	216
NP|PP755592.1|A/cattle/Texas/24-008749-003/2024(H5N1)	870	C	T	0	0	0	13623	6508	37	0.999853	13625	0	TRUE	NP:cds-XAJ25419.1	GAC	D	GAT	D	290
NP|PP755592.1|A/cattle/Texas/24-008749-003/2024(H5N1)	1014	T	C	2	1	30	14489	7847	39	0.999862	14491	0	TRUE	NP:cds-XAJ25419.1	TTT	F	TTC	F	338
NP|PP755592.1|A/cattle/Texas/24-008749-003/2024(H5N1)	1092	G	A	2	2	22	14934	7266	39	0.999799	14937	0	TRUE	NP:cds-XAJ25419.1	CAG	Q	CAA	Q	364
NP|PP755592.1|A/cattle/Texas/24-008749-003/2024(H5N1)	1107	A	G	13201	7050	39	2042	1220	38	0.133937	15246	0	TRUE	NP:cds-XAJ25419.1	GAA	E	GAG	E	369
NP|PP755592.1|A/cattle/Texas/24-008749-003/2024(H5N1)	1176	T	C	14850	7362	39	154	62	38	0.0102632	15005	2.34447e-34	TRUE	NP:cds-XAJ25419.1	AGT	S	AGC	S	392
NP|PP755592.1|A/cattle/Texas/24-008749-003/2024(H5N1)	1418	A	G	12080	10512	41	822	720	41	0.0637012	12904	2.74092e-296	TRUE	NP:cds-XAJ25419.1	AAC	N	AGC	S	473
