REGION	POS	REF	ALT	REF_DP	REF_RV	REF_QUAL	ALT_DP	ALT_RV	ALT_QUAL	ALT_FREQ	TOTAL_DP	PVAL	PASS	GFF_FEATURE	REF_CODON	REF_AA	ALT_CODON	ALT_AA	POS_AA
PB1|PP755595.1|A/cattle/Texas/24-008749-003/2024(H5N1)	197	T	C	153	48	33	2	0	34	0.0129032	155	0.235307	FALSE	PB1:cds-XAJ25424.1	CTC	L	CCC	P	66
PB1|PP755595.1|A/cattle/Texas/24-008749-003/2024(H5N1)	197	T	C	153	48	33	2	0	34	0.0129032	155	0.235307	FALSE	PB1-F2:cds-XAJ25425.1	TCA	S	CCA	P	35
PB1|PP755595.1|A/cattle/Texas/24-008749-003/2024(H5N1)	451	A	G	179	72	33	2	0	34	0.0110497	181	0.243881	FALSE	PB1:cds-XAJ25424.1	AGA	R	GGA	G	151
PB1|PP755595.1|A/cattle/Texas/24-008749-003/2024(H5N1)	708	A	G	0	0	0	221	101	33	1	221	3.80114e-134	TRUE	PB1:cds-XAJ25424.1	TTA	L	TTG	L	236
PB1|PP755595.1|A/cattle/Texas/24-008749-003/2024(H5N1)	921	T	C	0	0	0	232	135	33	1	232	4.70128e-141	TRUE	PB1:cds-XAJ25424.1	ACT	T	ACC	T	307
PB1|PP755595.1|A/cattle/Texas/24-008749-003/2024(H5N1)	945	T	C	0	0	0	219	132	33	1	219	4.08197e-134	TRUE	PB1:cds-XAJ25424.1	CCT	P	CCC	P	315
PB1|PP755595.1|A/cattle/Texas/24-008749-003/2024(H5N1)	1081	A	G	179	98	32	2	1	34	0.0110497	181	0.209343	FALSE	PB1:cds-XAJ25424.1	AGC	S	GGC	G	361
PB1|PP755595.1|A/cattle/Texas/24-008749-003/2024(H5N1)	1239	C	T	170	75	33	40	15	33	0.190476	210	9.55685e-14	TRUE	PB1:cds-XAJ25424.1	AAC	N	AAT	N	413
