REGION	POS	REF	ALT	REF_DP	REF_RV	REF_QUAL	ALT_DP	ALT_RV	ALT_QUAL	ALT_FREQ	TOTAL_DP	PVAL	PASS	GFF_FEATURE	REF_CODON	REF_AA	ALT_CODON	ALT_AA	POS_AA
MP|PP755590.1|A/cattle/Texas/24-008749-003/2024(H5N1)	260	C	A	0	0	0	19314	9531	33	0.999379	19326	0	TRUE	M1:cds-XAJ25416.1	ACT	T	AAT	N	87
MP|PP755590.1|A/cattle/Texas/24-008749-003/2024(H5N1)	588	T	C	19	7	34	16971	8584	33	0.998529	16996	0	TRUE	M1:cds-XAJ25416.1	AGT	S	AGC	S	196
MP|PP755590.1|A/cattle/Texas/24-008749-003/2024(H5N1)	766	C	T	17	8	34	18217	8597	33	0.998958	18236	0	TRUE	M2:cds-XAJ25417.1	CTC	L	CTT	L	18
