REGION	POS	REF	ALT	REF_DP	REF_RV	REF_QUAL	ALT_DP	ALT_RV	ALT_QUAL	ALT_FREQ	TOTAL_DP	PVAL	PASS	GFF_FEATURE	REF_CODON	REF_AA	ALT_CODON	ALT_AA	POS_AA
NA|PP755591.1|A/cattle/Texas/24-008749-003/2024(H5N1)	22	A	G	39	6	36	1	0	34	0.025	40	0.15873	FALSE	NA:cds-XAJ25418.1	ACA	T	GCA	A	8
NA|PP755591.1|A/cattle/Texas/24-008749-003/2024(H5N1)	26	C	G	69	8	35	1	1	20	0.0142857	70	0.529496	FALSE	NA:cds-XAJ25418.1	ACC	T	AGC	S	9
NA|PP755591.1|A/cattle/Texas/24-008749-003/2024(H5N1)	34	T	C	95	12	37	1	0	34	0.0104167	96	0.256	FALSE	NA:cds-XAJ25418.1	TCA	S	CCA	P	12
NA|PP755591.1|A/cattle/Texas/24-008749-003/2024(H5N1)	346	G	A	536	244	37	155	62	37	0.224313	691	6.39224e-56	TRUE	NA:cds-XAJ25418.1	GTT	V	ATT	I	116
NA|PP755591.1|A/cattle/Texas/24-008749-003/2024(H5N1)	422	A	G	698	313	38	8	4	42	0.0113314	706	0.00189948	TRUE	NA:cds-XAJ25418.1	AAT	N	AGT	S	141
NA|PP755591.1|A/cattle/Texas/24-008749-003/2024(H5N1)	571	T	C	0	0	0	660	324	36	1	660	0	TRUE	NA:cds-XAJ25418.1	TTG	L	CTG	L	191
NA|PP755591.1|A/cattle/Texas/24-008749-003/2024(H5N1)	918	T	C	667	283	36	14	4	37	0.020558	681	2.36498e-05	TRUE	NA:cds-XAJ25418.1	TTT	F	TTC	F	306
NA|PP755591.1|A/cattle/Texas/24-008749-003/2024(H5N1)	1185	A	G	0	0	0	825	521	36	1	825	0	TRUE	NA:cds-XAJ25418.1	GAA	E	GAG	E	395
NA|PP755591.1|A/cattle/Texas/24-008749-003/2024(H5N1)	1281	T	C	691	529	41	34	24	42	0.0468966	725	4.24854e-13	TRUE	NA:cds-XAJ25418.1	ATT	I	ATC	I	427
NA|PP755591.1|A/cattle/Texas/24-008749-003/2024(H5N1)	1327	A	T	602	530	41	7	7	34	0.0114943	609	0.00324629	TRUE	NA:cds-XAJ25418.1	ATA	I	TTA	L	443
NA|PP755591.1|A/cattle/Texas/24-008749-003/2024(H5N1)	1391	C	T	293	273	38	3	3	34	0.0101351	296	0.102182	FALSE	NA:cds-XAJ25418.1	CCA	P	CTA	L	464
