REGION	POS	REF	ALT	REF_DP	REF_RV	REF_QUAL	ALT_DP	ALT_RV	ALT_QUAL	ALT_FREQ	TOTAL_DP	PVAL	PASS	GFF_FEATURE	REF_CODON	REF_AA	ALT_CODON	ALT_AA	POS_AA
NS|PP755593.1|A/cattle/Texas/24-008749-003/2024(H5N1)	60	A	G	6856	1761	32	159	28	33	0.0226593	7017	3.39197e-59	TRUE	NS1:cds-XAJ25420.1	AAA	K	AAG	K	20
NS|PP755593.1|A/cattle/Texas/24-008749-003/2024(H5N1)	199	A	G	2	1	26	16012	7418	33	0.999813	16015	0	TRUE	NS1:cds-XAJ25420.1	AGG	R	GGG	G	67
NS|PP755593.1|A/cattle/Texas/24-008749-003/2024(H5N1)	222	T	C	2	1	34	17518	9073	33	0.999829	17521	0	TRUE	NS1:cds-XAJ25420.1	GAT	D	GAC	D	74
NS|PP755593.1|A/cattle/Texas/24-008749-003/2024(H5N1)	585	T	C	15235	7891	33	230	128	33	0.0148713	15466	3.23085e-52	TRUE	NEP:cds-XAJ25421.1	CTG	L	CCG	P	28
NS|PP755593.1|A/cattle/Texas/24-008749-003/2024(H5N1)	585	T	C	15235	7891	33	230	128	33	0.0148713	15466	3.23085e-52	TRUE	NS1:cds-XAJ25420.1	TCT	S	TCC	S	195
NS|PP755593.1|A/cattle/Texas/24-008749-003/2024(H5N1)	811	A	G	7390	6591	33	1113	1026	33	0.130864	8505	0	TRUE	NEP:cds-XAJ25421.1	ATA	I	ATG	M	103
