REGION	POS	REF	ALT	REF_DP	REF_RV	REF_QUAL	ALT_DP	ALT_RV	ALT_QUAL	ALT_FREQ	TOTAL_DP	PVAL	PASS	GFF_FEATURE	REF_CODON	REF_AA	ALT_CODON	ALT_AA	POS_AA
MP|PP755590.1|A/cattle/Texas/24-008749-003/2024(H5N1)	245	G	A	1	0	34	17664	7799	33	0.999943	17665	0	TRUE	M1:cds-XAJ25416.1	AGT	S	AAT	N	82
MP|PP755590.1|A/cattle/Texas/24-008749-003/2024(H5N1)	449	C	T	17997	8437	33	216	129	33	0.0118597	18213	9.9216e-46	TRUE	M1:cds-XAJ25416.1	ACC	T	ATC	I	150
MP|PP755590.1|A/cattle/Texas/24-008749-003/2024(H5N1)	767	G	A	10	5	34	17099	8773	33	0.999299	17111	0	TRUE	M2:cds-XAJ25417.1	GTT	V	ATT	I	18
