REGION	POS	REF	ALT	REF_DP	REF_RV	REF_QUAL	ALT_DP	ALT_RV	ALT_QUAL	ALT_FREQ	TOTAL_DP	PVAL	PASS	GFF_FEATURE	REF_CODON	REF_AA	ALT_CODON	ALT_AA	POS_AA
PB1|PP755595.1|A/cattle/Texas/24-008749-003/2024(H5N1)	18	C	T	144	22	30	2	0	29	0.0136986	146	0.435233	FALSE	PB1:cds-XAJ25424.1	ACC	T	ACT	T	6
PB1|PP755595.1|A/cattle/Texas/24-008749-003/2024(H5N1)	30	G	-AAAGTTCCAGCGC	174	28	29	7	0	20	0.0116667	600	0.0152928	FALSE	NA	NA	NA	NA	NA	NA
PB1|PP755595.1|A/cattle/Texas/24-008749-003/2024(H5N1)	38	C	T	177	29	30	4	1	30	0.0220994	181	0.00272672	TRUE	PB1:cds-XAJ25424.1	CCA	P	CTA	L	13
PB1|PP755595.1|A/cattle/Texas/24-008749-003/2024(H5N1)	342	T	C	1253	818	29	17	12	30	0.0133858	1270	6.90905e-05	TRUE	PB1:cds-XAJ25424.1	GTT	V	GTC	V	114
PB1|PP755595.1|A/cattle/Texas/24-008749-003/2024(H5N1)	342	T	C	1253	818	29	17	12	30	0.0133858	1270	6.90905e-05	TRUE	PB1-F2:cds-XAJ25425.1	TTC	F	TCC	S	83
PB1|PP755595.1|A/cattle/Texas/24-008749-003/2024(H5N1)	892	C	A	1256	752	30	18	9	30	0.0141176	1275	3.56553e-05	TRUE	PB1:cds-XAJ25424.1	CTC	L	ATC	I	298
PB1|PP755595.1|A/cattle/Texas/24-008749-003/2024(H5N1)	945	T	C	1	0	30	1099	662	29	0.999091	1100	0	TRUE	PB1:cds-XAJ25424.1	CCT	P	CCC	P	315
PB1|PP755595.1|A/cattle/Texas/24-008749-003/2024(H5N1)	1092	T	C	1064	445	30	104	37	30	0.0888889	1170	2.16529e-31	TRUE	PB1:cds-XAJ25424.1	CTT	L	CTC	L	364
PB1|PP755595.1|A/cattle/Texas/24-008749-003/2024(H5N1)	1575	T	C	2419	1224	30	41	18	30	0.0166531	2462	9.09889e-11	TRUE	PB1:cds-XAJ25424.1	ATT	I	ATC	I	525
PB1|PP755595.1|A/cattle/Texas/24-008749-003/2024(H5N1)	2181	A	G	2864	2473	29	62	57	30	0.0211893	2926	8.1367e-17	TRUE	PB1:cds-XAJ25424.1	CGA	R	CGG	R	727
