REGION	POS	REF	ALT	REF_DP	REF_RV	REF_QUAL	ALT_DP	ALT_RV	ALT_QUAL	ALT_FREQ	TOTAL_DP	PVAL	PASS	GFF_FEATURE	REF_CODON	REF_AA	ALT_CODON	ALT_AA	POS_AA
NA|PP755591.1|A/cattle/Texas/24-008749-003/2024(H5N1)	231	G	T	2286	1177	40	201	107	39	0.0806905	2491	1.37206e-72	TRUE	NA:cds-XAJ25418.1	GAG	E	GAT	D	77
NA|PP755591.1|A/cattle/Texas/24-008749-003/2024(H5N1)	250	A	G	309	144	38	2178	1127	39	0.874348	2491	0	TRUE	NA:cds-XAJ25418.1	ACA	T	GCA	A	84
NA|PP755591.1|A/cattle/Texas/24-008749-003/2024(H5N1)	251	C	A	2464	1267	39	65	33	34	0.0257019	2529	1.59197e-20	TRUE	NA:cds-XAJ25418.1	ACA	T	AAA	K	84
NA|PP755591.1|A/cattle/Texas/24-008749-003/2024(H5N1)	571	T	C	1	1	30	2529	1252	38	0.99921	2531	0	TRUE	NA:cds-XAJ25418.1	TTG	L	CTG	L	191
NA|PP755591.1|A/cattle/Texas/24-008749-003/2024(H5N1)	862	A	T	2667	1369	38	28	3	27	0.0103896	2695	0.470887	FALSE	NA:cds-XAJ25418.1	ATT	I	TTT	F	288
NA|PP755591.1|A/cattle/Texas/24-008749-003/2024(H5N1)	876	C	T	2354	1070	39	327	179	38	0.121742	2686	5.03064e-120	TRUE	NA:cds-XAJ25418.1	TGC	C	TGT	C	292
NA|PP755591.1|A/cattle/Texas/24-008749-003/2024(H5N1)	1003	T	A	3144	1358	39	102	31	35	0.031375	3251	8.38706e-33	TRUE	NA:cds-XAJ25418.1	TGC	C	AGC	S	335
NA|PP755591.1|A/cattle/Texas/24-008749-003/2024(H5N1)	1106	G	A	3374	1789	40	94	43	39	0.027105	3468	4.819e-30	TRUE	NA:cds-XAJ25418.1	AGC	S	AAC	N	369
NA|PP755591.1|A/cattle/Texas/24-008749-003/2024(H5N1)	1117	A	T	3502	1876	40	40	2	27	0.0112899	3543	0.296579	FALSE	NA:cds-XAJ25418.1	ATG	M	TTG	L	373
NA|PP755591.1|A/cattle/Texas/24-008749-003/2024(H5N1)	1185	A	G	0	0	0	3346	1821	36	0.998806	3350	0	TRUE	NA:cds-XAJ25418.1	GAA	E	GAG	E	395
NA|PP755591.1|A/cattle/Texas/24-008749-003/2024(H5N1)	1289	G	C	2621	1626	44	352	352	27	0.11824	2977	6.66428e-99	TRUE	NA:cds-XAJ25418.1	AGG	R	ACG	T	430
NA|PP755591.1|A/cattle/Texas/24-008749-003/2024(H5N1)	1290	G	C	2723	1796	45	270	270	27	0.0901202	2996	8.11092e-68	TRUE	NA:cds-XAJ25418.1	AGG	R	AGC	S	430
NA|PP755591.1|A/cattle/Texas/24-008749-003/2024(H5N1)	1325	G	T	2697	2024	45	51	41	42	0.0185185	2754	3.20323e-21	TRUE	NA:cds-XAJ25418.1	AGC	S	ATC	I	442
NA|PP755591.1|A/cattle/Texas/24-008749-003/2024(H5N1)	1386	G	A	1488	1247	39	121	90	42	0.0751086	1611	6.43267e-47	TRUE	NA:cds-XAJ25418.1	GAG	E	GAA	E	462
