REGION	POS	REF	ALT	REF_DP	REF_RV	REF_QUAL	ALT_DP	ALT_RV	ALT_QUAL	ALT_FREQ	TOTAL_DP	PVAL	PASS	GFF_FEATURE	REF_CODON	REF_AA	ALT_CODON	ALT_AA	POS_AA
NS|PP755593.1|A/cattle/Texas/24-008749-003/2024(H5N1)	64	T	G	13421	2381	33	8350	1934	33	0.374221	22313	0	TRUE	NS1:cds-XAJ25420.1	TTT	F	GTT	V	22
NS|PP755593.1|A/cattle/Texas/24-008749-003/2024(H5N1)	64	T	C	13421	2381	33	540	96	33	0.0242011	22313	4.9479e-246	TRUE	NS1:cds-XAJ25420.1	TTT	F	CTT	L	22
NS|PP755593.1|A/cattle/Texas/24-008749-003/2024(H5N1)	199	A	G	12	6	34	43605	17543	33	0.999564	43624	0	TRUE	NS1:cds-XAJ25420.1	AGG	R	GGG	G	67
NS|PP755593.1|A/cattle/Texas/24-008749-003/2024(H5N1)	201	G	A	28665	11420	33	16262	6492	33	0.361917	44933	0	TRUE	NS1:cds-XAJ25420.1	AGG	R	AGA	R	67
NS|PP755593.1|A/cattle/Texas/24-008749-003/2024(H5N1)	205	C	T	47170	19575	33	2857	1221	33	0.0570977	50037	0	TRUE	NS1:cds-XAJ25420.1	CTG	L	TTG	L	69
NS|PP755593.1|A/cattle/Texas/24-008749-003/2024(H5N1)	222	T	C	22	10	34	46028	21443	33	0.999414	46055	0	TRUE	NS1:cds-XAJ25420.1	GAT	D	GAC	D	74
NS|PP755593.1|A/cattle/Texas/24-008749-003/2024(H5N1)	300	A	G	43855	25400	32	3021	1810	33	0.0644219	46894	0	TRUE	NS1:cds-XAJ25420.1	AGA	R	AGG	R	100
