REGION	POS	REF	ALT	REF_DP	REF_RV	REF_QUAL	ALT_DP	ALT_RV	ALT_QUAL	ALT_FREQ	TOTAL_DP	PVAL	PASS	GFF_FEATURE	REF_CODON	REF_AA	ALT_CODON	ALT_AA	POS_AA
NA|PP755591.1|A/cattle/Texas/24-008749-003/2024(H5N1)	72	G	A	627	155	33	483	108	32	0.435135	1110	2.32809e-226	TRUE	NA:cds-XAJ25418.1	CTG	L	CTA	L	24
NA|PP755591.1|A/cattle/Texas/24-008749-003/2024(H5N1)	222	T	C	1695	763	32	488	231	33	0.223443	2184	1.0383e-169	TRUE	NA:cds-XAJ25418.1	TTT	F	TTC	F	74
NA|PP755591.1|A/cattle/Texas/24-008749-003/2024(H5N1)	552	T	C	2470	1068	33	596	224	33	0.194327	3067	7.52214e-192	TRUE	NA:cds-XAJ25418.1	TGT	C	TGC	C	184
NA|PP755591.1|A/cattle/Texas/24-008749-003/2024(H5N1)	571	T	C	0	0	0	2725	1198	33	1	2725	0	TRUE	NA:cds-XAJ25418.1	TTG	L	CTG	L	191
NA|PP755591.1|A/cattle/Texas/24-008749-003/2024(H5N1)	805	A	G	2537	1541	33	172	110	33	0.0634921	2709	1.04706e-50	TRUE	NA:cds-XAJ25418.1	ATG	M	GTG	V	269
NA|PP755591.1|A/cattle/Texas/24-008749-003/2024(H5N1)	1098	T	C	2226	1090	33	571	277	33	0.204074	2798	8.51547e-192	TRUE	NA:cds-XAJ25418.1	AGT	S	AGC	S	366
NA|PP755591.1|A/cattle/Texas/24-008749-003/2024(H5N1)	1185	A	G	0	0	0	2473	1393	33	1	2473	0	TRUE	NA:cds-XAJ25418.1	GAA	E	GAG	E	395
NA|PP755591.1|A/cattle/Texas/24-008749-003/2024(H5N1)	1289	G	C	1510	796	32	17	17	26	0.0105787	1607	0.389114	FALSE	NA:cds-XAJ25418.1	AGG	R	ACG	T	430
NA|PP755591.1|A/cattle/Texas/24-008749-003/2024(H5N1)	1289	G	A	1510	796	32	80	55	32	0.0497822	1607	2.33132e-32	TRUE	NA:cds-XAJ25418.1	AGG	R	AAG	K	430
NA|PP755591.1|A/cattle/Texas/24-008749-003/2024(H5N1)	1400	T	C	730	639	32	58	54	33	0.0736041	788	1.19612e-19	TRUE	NA:cds-XAJ25418.1	ATT	I	ACT	T	467
