REGION	POS	REF	ALT	REF_DP	REF_RV	REF_QUAL	ALT_DP	ALT_RV	ALT_QUAL	ALT_FREQ	TOTAL_DP	PVAL	PASS	GFF_FEATURE	REF_CODON	REF_AA	ALT_CODON	ALT_AA	POS_AA
NP|PP755592.1|A/cattle/Texas/24-008749-003/2024(H5N1)	84	T	A	155	21	35	2	0	34	0.0127389	157	0.0533588	FALSE	NP:cds-XAJ25419.1	TCT	S	TCA	S	28
NP|PP755592.1|A/cattle/Texas/24-008749-003/2024(H5N1)	98	T	G	168	22	34	2	2	23	0.0117647	170	0.528296	FALSE	NP:cds-XAJ25419.1	GTT	V	GGT	G	33
NP|PP755592.1|A/cattle/Texas/24-008749-003/2024(H5N1)	140	T	C	373	111	35	4	0	34	0.0106101	377	0.04344	FALSE	NP:cds-XAJ25419.1	CTC	L	CCC	P	47
NP|PP755592.1|A/cattle/Texas/24-008749-003/2024(H5N1)	187	A	G	0	0	0	442	167	36	1	442	1.78075e-285	TRUE	NP:cds-XAJ25419.1	ATA	I	GTA	V	63
NP|PP755592.1|A/cattle/Texas/24-008749-003/2024(H5N1)	306	C	G	472	242	36	8	4	42	0.0166667	480	0.00250329	TRUE	NP:cds-XAJ25419.1	GGC	G	GGG	G	102
NP|PP755592.1|A/cattle/Texas/24-008749-003/2024(H5N1)	355	A	G	0	0	0	512	283	36	1	512	0	TRUE	NP:cds-XAJ25419.1	ATT	I	GTT	V	119
NP|PP755592.1|A/cattle/Texas/24-008749-003/2024(H5N1)	465	G	T	547	296	35	6	4	34	0.0108303	554	0.0121269	FALSE	NP:cds-XAJ25419.1	GTG	V	GTT	V	155
NP|PP755592.1|A/cattle/Texas/24-008749-003/2024(H5N1)	498	G	A	0	0	0	530	250	34	1	530	0	TRUE	NP:cds-XAJ25419.1	CTG	L	CTA	L	166
NP|PP755592.1|A/cattle/Texas/24-008749-003/2024(H5N1)	517	C	T	584	214	34	7	2	33	0.0118443	591	0.00593803	TRUE	NP:cds-XAJ25419.1	CCT	P	TCT	S	173
NP|PP755592.1|A/cattle/Texas/24-008749-003/2024(H5N1)	870	C	T	0	0	0	629	333	34	1	629	0	TRUE	NP:cds-XAJ25419.1	GAC	D	GAT	D	290
NP|PP755592.1|A/cattle/Texas/24-008749-003/2024(H5N1)	1014	T	C	1	1	34	533	293	35	0.998127	534	0	TRUE	NP:cds-XAJ25419.1	TTT	F	TTC	F	338
NP|PP755592.1|A/cattle/Texas/24-008749-003/2024(H5N1)	1092	G	A	0	0	0	575	302	35	1	575	0	TRUE	NP:cds-XAJ25419.1	CAG	Q	CAA	Q	364
NP|PP755592.1|A/cattle/Texas/24-008749-003/2024(H5N1)	1418	A	G	367	355	36	5	5	32	0.0134409	372	0.0225352	FALSE	NP:cds-XAJ25419.1	AAC	N	AGC	S	473
