REGION	POS	REF	ALT	REF_DP	REF_RV	REF_QUAL	ALT_DP	ALT_RV	ALT_QUAL	ALT_FREQ	TOTAL_DP	PVAL	PASS	GFF_FEATURE	REF_CODON	REF_AA	ALT_CODON	ALT_AA	POS_AA
PB2|PP755596.1|A/cattle/Texas/24-008749-003/2024(H5N1)	7	A	G	93	41	32	2	0	34	0.0210526	95	0.0193978	FALSE	PB2:cds-XAJ25426.1	AGA	R	GGA	G	3
PB2|PP755596.1|A/cattle/Texas/24-008749-003/2024(H5N1)	240	G	A	2	0	30	1071	633	32	0.997207	1074	0	TRUE	PB2:cds-XAJ25426.1	AAG	K	AAA	K	80
PB2|PP755596.1|A/cattle/Texas/24-008749-003/2024(H5N1)	630	G	A	0	0	0	1045	566	33	1	1045	0	TRUE	PB2:cds-XAJ25426.1	GAG	E	GAA	E	210
PB2|PP755596.1|A/cattle/Texas/24-008749-003/2024(H5N1)	663	T	C	953	479	33	132	64	33	0.121659	1085	9.24452e-43	TRUE	PB2:cds-XAJ25426.1	GCT	A	GCC	A	221
PB2|PP755596.1|A/cattle/Texas/24-008749-003/2024(H5N1)	753	A	G	961	529	32	13	7	32	0.013347	974	0.000173985	TRUE	PB2:cds-XAJ25426.1	AGA	R	AGG	R	251
PB2|PP755596.1|A/cattle/Texas/24-008749-003/2024(H5N1)	764	C	T	0	0	0	1142	514	32	1	1142	0	TRUE	PB2:cds-XAJ25426.1	GCA	A	GTA	V	255
PB2|PP755596.1|A/cattle/Texas/24-008749-003/2024(H5N1)	912	G	A	1	0	26	1132	620	33	0.999117	1133	0	TRUE	PB2:cds-XAJ25426.1	GAG	E	GAA	E	304
PB2|PP755596.1|A/cattle/Texas/24-008749-003/2024(H5N1)	1085	G	C	794	184	32	22	22	30	0.0268949	818	2.54354e-08	TRUE	PB2:cds-XAJ25426.1	GGG	G	GCG	A	362
PB2|PP755596.1|A/cattle/Texas/24-008749-003/2024(H5N1)	1087	T	G	784	159	32	11	11	28	0.0138365	795	0.225962	FALSE	PB2:cds-XAJ25426.1	TTC	F	GTC	V	363
PB2|PP755596.1|A/cattle/Texas/24-008749-003/2024(H5N1)	1368	T	C	1268	739	33	43	18	33	0.0327744	1312	3.91973e-13	TRUE	PB2:cds-XAJ25426.1	AAT	N	AAC	N	456
PB2|PP755596.1|A/cattle/Texas/24-008749-003/2024(H5N1)	1392	G	A	0	0	0	1172	782	32	0.999147	1173	0	TRUE	PB2:cds-XAJ25426.1	TTG	L	TTA	L	464
PB2|PP755596.1|A/cattle/Texas/24-008749-003/2024(H5N1)	1487	T	C	1115	411	33	14	3	33	0.0123894	1130	0.000286224	TRUE	PB2:cds-XAJ25426.1	GTA	V	GCA	A	496
PB2|PP755596.1|A/cattle/Texas/24-008749-003/2024(H5N1)	2009	A	G	0	0	0	1769	847	33	1	1769	0	TRUE	PB2:cds-XAJ25426.1	AAA	K	AGA	R	670
