REGION	POS	REF	ALT	REF_DP	REF_RV	REF_QUAL	ALT_DP	ALT_RV	ALT_QUAL	ALT_FREQ	TOTAL_DP	PVAL	PASS	GFF_FEATURE	REF_CODON	REF_AA	ALT_CODON	ALT_AA	POS_AA
HA|PP755589.1|A/cattle/Texas/24-008749-003/2024(H5N1)	311	A	G	3	2	37	1392	710	38	0.997849	1395	0	TRUE	HA:cds-XAJ25415.1	GAC	D	GGC	G	104
HA|PP755589.1|A/cattle/Texas/24-008749-003/2024(H5N1)	574	T	C	1342	539	38	17	7	37	0.0125092	1359	3.21506e-05	TRUE	HA:cds-XAJ25415.1	TGG	W	CGG	R	192
HA|PP755589.1|A/cattle/Texas/24-008749-003/2024(H5N1)	651	G	A	3	0	37	1198	476	39	0.997502	1201	0	TRUE	HA:cds-XAJ25415.1	GGG	G	GGA	G	217
HA|PP755589.1|A/cattle/Texas/24-008749-003/2024(H5N1)	675	G	A	3	2	37	1208	500	36	0.9967	1212	0	TRUE	HA:cds-XAJ25415.1	TTG	L	TTA	L	225
HA|PP755589.1|A/cattle/Texas/24-008749-003/2024(H5N1)	989	C	T	1125	635	41	36	22	39	0.0310078	1161	9.52833e-12	TRUE	HA:cds-XAJ25415.1	GCG	A	GTG	V	330
HA|PP755589.1|A/cattle/Texas/24-008749-003/2024(H5N1)	1007	G	A	0	0	0	1051	632	38	1	1051	0	TRUE	HA:cds-XAJ25415.1	AGT	S	AAT	N	336
HA|PP755589.1|A/cattle/Texas/24-008749-003/2024(H5N1)	1156	A	T	1585	395	38	34	9	40	0.0209877	1620	1.13868e-11	TRUE	HA:cds-XAJ25415.1	ACC	T	TCC	S	386
HA|PP755589.1|A/cattle/Texas/24-008749-003/2024(H5N1)	1263	G	A	285	116	38	1584	351	37	0.847512	1869	0	TRUE	HA:cds-XAJ25415.1	AGG	R	AGA	R	421
HA|PP755589.1|A/cattle/Texas/24-008749-003/2024(H5N1)	1667	G	A	1416	1319	41	21	21	37	0.0146138	1437	1.57363e-06	TRUE	HA:cds-XAJ25415.1	TGC	C	TAC	Y	556
