REGION	POS	REF	ALT	REF_DP	REF_RV	REF_QUAL	ALT_DP	ALT_RV	ALT_QUAL	ALT_FREQ	TOTAL_DP	PVAL	PASS	GFF_FEATURE	REF_CODON	REF_AA	ALT_CODON	ALT_AA	POS_AA
NS|PP755593.1|A/cattle/Texas/24-008749-003/2024(H5N1)	98	T	C	12941	1066	36	134	15	37	0.0102439	13081	1.3821e-36	TRUE	NS1:cds-XAJ25420.1	CTT	L	CCT	P	33
NS|PP755593.1|A/cattle/Texas/24-008749-003/2024(H5N1)	199	A	G	1	0	34	17350	7075	35	0.999712	17355	0	TRUE	NS1:cds-XAJ25420.1	AGG	R	GGG	G	67
NS|PP755593.1|A/cattle/Texas/24-008749-003/2024(H5N1)	222	T	C	3	1	34	19129	9294	36	0.999843	19132	0	TRUE	NS1:cds-XAJ25420.1	GAT	D	GAC	D	74
NS|PP755593.1|A/cattle/Texas/24-008749-003/2024(H5N1)	552	A	G	6	3	41	19113	10108	35	0.999529	19122	0	TRUE	NEP:cds-XAJ25421.1	GAC	D	GGC	G	17
NS|PP755593.1|A/cattle/Texas/24-008749-003/2024(H5N1)	552	A	G	6	3	41	19113	10108	35	0.999529	19122	0	TRUE	NS1:cds-XAJ25420.1	GGA	G	GGG	G	184
NS|PP755593.1|A/cattle/Texas/24-008749-003/2024(H5N1)	626	A	G	6	3	47	16807	9733	35	0.999405	16817	0	TRUE	NEP:cds-XAJ25421.1	ATG	M	GTG	V	42
NS|PP755593.1|A/cattle/Texas/24-008749-003/2024(H5N1)	626	A	G	6	3	47	16807	9733	35	0.999405	16817	0	TRUE	NS1:cds-XAJ25420.1	GAT	D	GGT	G	209
