REGION	POS	REF	ALT	REF_DP	REF_RV	REF_QUAL	ALT_DP	ALT_RV	ALT_QUAL	ALT_FREQ	TOTAL_DP	PVAL	PASS	GFF_FEATURE	REF_CODON	REF_AA	ALT_CODON	ALT_AA	POS_AA
PB1|PP755595.1|A/cattle/Texas/24-008749-003/2024(H5N1)	99	A	G	622	140	33	8	4	34	0.0126984	630	0.000647848	TRUE	PB1:cds-XAJ25424.1	GGA	G	GGG	G	33
PB1|PP755595.1|A/cattle/Texas/24-008749-003/2024(H5N1)	99	A	G	622	140	33	8	4	34	0.0126984	630	0.000647848	TRUE	PB1-F2:cds-XAJ25425.1	GAA	E	GGA	G	2
PB1|PP755595.1|A/cattle/Texas/24-008749-003/2024(H5N1)	945	T	C	0	0	0	1470	827	33	1	1470	0	TRUE	PB1:cds-XAJ25424.1	CCT	P	CCC	P	315
PB1|PP755595.1|A/cattle/Texas/24-008749-003/2024(H5N1)	1137	A	G	1312	661	33	362	198	33	0.216249	1674	3.94722e-119	TRUE	PB1:cds-XAJ25424.1	AAA	K	AAG	K	379
PB1|PP755595.1|A/cattle/Texas/24-008749-003/2024(H5N1)	1185	T	C	1370	751	33	28	11	33	0.0200286	1398	2.09594e-08	TRUE	PB1:cds-XAJ25424.1	CTT	L	CTC	L	395
PB1|PP755595.1|A/cattle/Texas/24-008749-003/2024(H5N1)	1992	C	T	2155	982	33	25	17	31	0.0114679	2180	2.14195e-06	TRUE	PB1:cds-XAJ25424.1	CAC	H	CAT	H	664
PB1|PP755595.1|A/cattle/Texas/24-008749-003/2024(H5N1)	2061	G	A	1935	858	33	63	25	33	0.0315315	1998	1.50228e-17	TRUE	PB1:cds-XAJ25424.1	CAG	Q	CAA	Q	687
