REGION	POS	REF	ALT	REF_DP	REF_RV	REF_QUAL	ALT_DP	ALT_RV	ALT_QUAL	ALT_FREQ	TOTAL_DP	PVAL	PASS	GFF_FEATURE	REF_CODON	REF_AA	ALT_CODON	ALT_AA	POS_AA
HA|PP755589.1|A/cattle/Texas/24-008749-003/2024(H5N1)	126	T	C	2093	691	52	60	14	51	0.0278681	2153	9.47738e-27	TRUE	HA:cds-XAJ25415.1	GTT	V	GTC	V	42
HA|PP755589.1|A/cattle/Texas/24-008749-003/2024(H5N1)	165	G	A	2233	1193	52	46	17	46	0.0201843	2279	5.7674e-19	TRUE	HA:cds-XAJ25415.1	GGG	G	GGA	G	55
HA|PP755589.1|A/cattle/Texas/24-008749-003/2024(H5N1)	270	G	A	2207	1178	51	28	12	47	0.012528	2235	9.9288e-12	TRUE	HA:cds-XAJ25415.1	CCG	P	CCA	P	90
HA|PP755589.1|A/cattle/Texas/24-008749-003/2024(H5N1)	514	G	T	1877	1093	49	36	22	51	0.0188186	1913	2.70343e-14	TRUE	HA:cds-XAJ25415.1	GCA	A	TCA	S	172
HA|PP755589.1|A/cattle/Texas/24-008749-003/2024(H5N1)	651	G	A	3	3	37	1841	791	50	0.998373	1844	0	TRUE	HA:cds-XAJ25415.1	GGG	G	GGA	G	217
HA|PP755589.1|A/cattle/Texas/24-008749-003/2024(H5N1)	754	G	A	1793	902	48	23	9	48	0.0126652	1816	2.38807e-09	TRUE	HA:cds-XAJ25415.1	GAT	D	AAT	N	252
HA|PP755589.1|A/cattle/Texas/24-008749-003/2024(H5N1)	773	A	G	1824	880	49	24	9	40	0.012987	1848	9.75531e-10	TRUE	HA:cds-XAJ25415.1	GAG	E	GGG	G	258
HA|PP755589.1|A/cattle/Texas/24-008749-003/2024(H5N1)	912	T	C	2062	1022	48	23	13	47	0.0110312	2085	3.03111e-09	TRUE	HA:cds-XAJ25415.1	AGT	S	AGC	S	304
HA|PP755589.1|A/cattle/Texas/24-008749-003/2024(H5N1)	933	T	C	2478	1209	50	26	7	46	0.0103834	2504	1.18355e-10	TRUE	HA:cds-XAJ25415.1	CAT	H	CAC	H	311
HA|PP755589.1|A/cattle/Texas/24-008749-003/2024(H5N1)	1405	T	C	3143	1721	49	571	271	47	0.153743	3714	4.43353e-230	TRUE	HA:cds-XAJ25415.1	TTA	L	CTA	L	469
HA|PP755589.1|A/cattle/Texas/24-008749-003/2024(H5N1)	1572	A	G	3671	2218	52	163	99	51	0.0425143	3834	4.35129e-66	TRUE	HA:cds-XAJ25415.1	GAA	E	GAG	E	524
HA|PP755589.1|A/cattle/Texas/24-008749-003/2024(H5N1)	1614	G	A	3764	2626	56	40	33	59	0.0105152	3804	1.55156e-17	TRUE	HA:cds-XAJ25415.1	GCG	A	GCA	A	538
