REGION	POS	REF	ALT	REF_DP	REF_RV	REF_QUAL	ALT_DP	ALT_RV	ALT_QUAL	ALT_FREQ	TOTAL_DP	PVAL	PASS	GFF_FEATURE	REF_CODON	REF_AA	ALT_CODON	ALT_AA	POS_AA
NP|PP755592.1|A/cattle/Texas/24-008749-003/2024(H5N1)	355	A	G	1	1	25	6111	3375	36	0.999673	6113	0	TRUE	NP:cds-XAJ25419.1	ATT	I	GTT	V	119
NP|PP755592.1|A/cattle/Texas/24-008749-003/2024(H5N1)	474	A	G	4	1	35	6764	3170	35	0.999409	6768	0	TRUE	NP:cds-XAJ25419.1	GGA	G	GGG	G	158
NP|PP755592.1|A/cattle/Texas/24-008749-003/2024(H5N1)	498	G	A	1	0	37	6817	2533	36	0.999707	6819	0	TRUE	NP:cds-XAJ25419.1	CTG	L	CTA	L	166
NP|PP755592.1|A/cattle/Texas/24-008749-003/2024(H5N1)	585	A	G	1	1	37	7172	2456	36	0.999861	7173	0	TRUE	NP:cds-XAJ25419.1	CGA	R	CGG	R	195
NP|PP755592.1|A/cattle/Texas/24-008749-003/2024(H5N1)	816	T	C	7275	4449	36	578	267	36	0.0736024	7853	1.07952e-170	TRUE	NP:cds-XAJ25419.1	CAT	H	CAC	H	272
NP|PP755592.1|A/cattle/Texas/24-008749-003/2024(H5N1)	870	C	T	1	1	25	7195	4065	36	0.999722	7197	0	TRUE	NP:cds-XAJ25419.1	GAC	D	GAT	D	290
NP|PP755592.1|A/cattle/Texas/24-008749-003/2024(H5N1)	1014	T	C	0	0	0	5926	2998	36	0.999663	5928	0	TRUE	NP:cds-XAJ25419.1	TTT	F	TTC	F	338
NP|PP755592.1|A/cattle/Texas/24-008749-003/2024(H5N1)	1092	G	A	1	0	37	6155	3129	36	0.999838	6156	0	TRUE	NP:cds-XAJ25419.1	CAG	Q	CAA	Q	364
NP|PP755592.1|A/cattle/Texas/24-008749-003/2024(H5N1)	1134	T	C	4	0	37	5849	3441	36	0.999317	5853	0	TRUE	NP:cds-XAJ25419.1	ACT	T	ACC	T	378
