REGION	POS	REF	ALT	REF_DP	REF_RV	REF_QUAL	ALT_DP	ALT_RV	ALT_QUAL	ALT_FREQ	TOTAL_DP	PVAL	PASS	GFF_FEATURE	REF_CODON	REF_AA	ALT_CODON	ALT_AA	POS_AA
NS|PP755593.1|A/cattle/Texas/24-008749-003/2024(H5N1)	65	T	G	14914	1804	37	428	37	36	0.0278809	15351	1.37803e-158	TRUE	NS1:cds-XAJ25420.1	TTT	F	TGT	C	22
NS|PP755593.1|A/cattle/Texas/24-008749-003/2024(H5N1)	199	A	G	5	4	32	30184	13088	37	0.999338	30204	0	TRUE	NS1:cds-XAJ25420.1	AGG	R	GGG	G	67
NS|PP755593.1|A/cattle/Texas/24-008749-003/2024(H5N1)	222	T	C	19	11	41	32039	16360	38	0.999283	32062	0	TRUE	NS1:cds-XAJ25420.1	GAT	D	GAC	D	74
NS|PP755593.1|A/cattle/Texas/24-008749-003/2024(H5N1)	649	A	C	29942	17854	39	463	268	37	0.0152208	30419	1.10939e-117	TRUE	NEP:cds-XAJ25421.1	CAA	Q	CAC	H	49
NS|PP755593.1|A/cattle/Texas/24-008749-003/2024(H5N1)	649	A	C	29942	17854	39	463	268	37	0.0152208	30419	1.10939e-117	TRUE	NS1:cds-XAJ25420.1	AAG	K	CAG	Q	217
