REGION	POS	REF	ALT	REF_DP	REF_RV	REF_QUAL	ALT_DP	ALT_RV	ALT_QUAL	ALT_FREQ	TOTAL_DP	PVAL	PASS	GFF_FEATURE	REF_CODON	REF_AA	ALT_CODON	ALT_AA	POS_AA
NS|PP755593.1|A/cattle/Texas/24-008749-003/2024(H5N1)	64	T	G	4	2	34	11824	2952	33	0.999577	11829	0	TRUE	NS1:cds-XAJ25420.1	TTT	F	GTT	V	22
NS|PP755593.1|A/cattle/Texas/24-008749-003/2024(H5N1)	84	T	C	14386	3195	33	261	58	33	0.0178181	14648	4.58326e-80	TRUE	NS1:cds-XAJ25420.1	GGT	G	GGC	G	28
NS|PP755593.1|A/cattle/Texas/24-008749-003/2024(H5N1)	199	A	G	3	1	31	23160	10473	33	0.999698	23167	0	TRUE	NS1:cds-XAJ25420.1	AGG	R	GGG	G	67
NS|PP755593.1|A/cattle/Texas/24-008749-003/2024(H5N1)	222	T	C	4	1	34	25006	12825	33	0.999241	25025	0	TRUE	NS1:cds-XAJ25420.1	GAT	D	GAC	D	74
NS|PP755593.1|A/cattle/Texas/24-008749-003/2024(H5N1)	496	C	A	15959	7837	33	10929	6873	33	0.406434	26890	0	TRUE	NS1:cds-XAJ25420.1	CTT	L	ATT	I	166
