REGION	POS	REF	ALT	REF_DP	REF_RV	REF_QUAL	ALT_DP	ALT_RV	ALT_QUAL	ALT_FREQ	TOTAL_DP	PVAL	PASS	GFF_FEATURE	REF_CODON	REF_AA	ALT_CODON	ALT_AA	POS_AA
NS|PP755593.1|A/cattle/Texas/24-008749-003/2024(H5N1)	166	A	G	36025	13563	38	629	224	36	0.0171483	36680	3.10626e-169	TRUE	NS1:cds-XAJ25420.1	ACG	T	GCG	A	56
NS|PP755593.1|A/cattle/Texas/24-008749-003/2024(H5N1)	199	A	G	5	4	32	41283	15658	36	0.999782	41292	0	TRUE	NS1:cds-XAJ25420.1	AGG	R	GGG	G	67
NS|PP755593.1|A/cattle/Texas/24-008749-003/2024(H5N1)	207	G	A	44371	18838	37	464	142	36	0.0103481	44839	5.22593e-98	TRUE	NS1:cds-XAJ25420.1	CTG	L	CTA	L	69
NS|PP755593.1|A/cattle/Texas/24-008749-003/2024(H5N1)	214	G	A	45757	20169	38	607	180	35	0.0130912	46367	2.8071e-139	TRUE	NS1:cds-XAJ25420.1	GAA	E	AAA	K	72
NS|PP755593.1|A/cattle/Texas/24-008749-003/2024(H5N1)	222	T	C	15	7	33	45543	21052	37	0.999649	45559	0	TRUE	NS1:cds-XAJ25420.1	GAT	D	GAC	D	74
NS|PP755593.1|A/cattle/Texas/24-008749-003/2024(H5N1)	388	C	T	53148	24959	36	1114	626	36	0.0205289	54265	1.72204e-280	TRUE	NS1:cds-XAJ25420.1	CTG	L	TTG	L	130
NS|PP755593.1|A/cattle/Texas/24-008749-003/2024(H5N1)	573	A	G	46663	22234	37	1381	833	36	0.0287427	48047	0	TRUE	NEP:cds-XAJ25421.1	CAG	Q	CGG	R	24
NS|PP755593.1|A/cattle/Texas/24-008749-003/2024(H5N1)	573	A	G	46663	22234	37	1381	833	36	0.0287427	48047	0	TRUE	NS1:cds-XAJ25420.1	ACA	T	ACG	T	191
NS|PP755593.1|A/cattle/Texas/24-008749-003/2024(H5N1)	578	G	A	49067	24863	37	504	242	35	0.010166	49577	6.21166e-106	TRUE	NEP:cds-XAJ25421.1	GAG	E	AAG	K	26
NS|PP755593.1|A/cattle/Texas/24-008749-003/2024(H5N1)	578	G	A	49067	24863	37	504	242	35	0.010166	49577	6.21166e-106	TRUE	NS1:cds-XAJ25420.1	CGA	R	CAA	Q	193
NS|PP755593.1|A/cattle/Texas/24-008749-003/2024(H5N1)	611	G	A	43098	26631	36	966	520	36	0.0219212	44067	1.86531e-246	TRUE	NEP:cds-XAJ25421.1	GAA	E	AAA	K	37
NS|PP755593.1|A/cattle/Texas/24-008749-003/2024(H5N1)	611	G	A	43098	26631	36	966	520	36	0.0219212	44067	1.86531e-246	TRUE	NS1:cds-XAJ25420.1	AGA	R	AAA	K	204
