REGION	POS	REF	ALT	REF_DP	REF_RV	REF_QUAL	ALT_DP	ALT_RV	ALT_QUAL	ALT_FREQ	TOTAL_DP	PVAL	PASS	GFF_FEATURE	REF_CODON	REF_AA	ALT_CODON	ALT_AA	POS_AA
NS|PP755593.1|A/cattle/Texas/24-008749-003/2024(H5N1)	165	G	T	18312	5654	41	187	38	40	0.010107	18502	4.56958e-60	TRUE	NS1:cds-XAJ25420.1	GAG	E	GAT	D	55
NS|PP755593.1|A/cattle/Texas/24-008749-003/2024(H5N1)	199	A	G	4	1	37	18938	6604	39	0.999789	18942	0	TRUE	NS1:cds-XAJ25420.1	AGG	R	GGG	G	67
NS|PP755593.1|A/cattle/Texas/24-008749-003/2024(H5N1)	222	T	C	12	5	40	20728	9075	40	0.999277	20743	0	TRUE	NS1:cds-XAJ25420.1	GAT	D	GAC	D	74
NS|PP755593.1|A/cattle/Texas/24-008749-003/2024(H5N1)	661	A	G	18975	13680	41	624	484	39	0.0318384	19599	7.54671e-176	TRUE	NEP:cds-XAJ25421.1	GGA	G	GGG	G	53
NS|PP755593.1|A/cattle/Texas/24-008749-003/2024(H5N1)	661	A	G	18975	13680	41	624	484	39	0.0318384	19599	7.54671e-176	TRUE	NS1:cds-XAJ25420.1	AAA	K	GAA	E	221
