REGION	POS	REF	ALT	REF_DP	REF_RV	REF_QUAL	ALT_DP	ALT_RV	ALT_QUAL	ALT_FREQ	TOTAL_DP	PVAL	PASS	GFF_FEATURE	REF_CODON	REF_AA	ALT_CODON	ALT_AA	POS_AA
PB2|PP755596.1|A/cattle/Texas/24-008749-003/2024(H5N1)	172	G	A	2603	877	38	31	11	41	0.0117692	2634	2.64122e-11	TRUE	PB2:cds-XAJ25426.1	GCA	A	ACA	T	58
PB2|PP755596.1|A/cattle/Texas/24-008749-003/2024(H5N1)	240	G	A	1	1	34	2405	1278	35	0.999584	2406	0	TRUE	PB2:cds-XAJ25426.1	AAG	K	AAA	K	80
PB2|PP755596.1|A/cattle/Texas/24-008749-003/2024(H5N1)	309	A	G	2654	1399	36	459	240	36	0.147446	3113	5.28143e-151	TRUE	PB2:cds-XAJ25426.1	GGA	G	GGG	G	103
PB2|PP755596.1|A/cattle/Texas/24-008749-003/2024(H5N1)	339	G	A	3375	1662	35	96	31	35	0.0276577	3471	1.06938e-27	TRUE	PB2:cds-XAJ25426.1	AAG	K	AAA	K	113
PB2|PP755596.1|A/cattle/Texas/24-008749-003/2024(H5N1)	630	G	A	1	0	34	3218	1944	35	0.999689	3219	0	TRUE	PB2:cds-XAJ25426.1	GAG	E	GAA	E	210
PB2|PP755596.1|A/cattle/Texas/24-008749-003/2024(H5N1)	764	C	T	1	1	26	3511	1537	35	0.999715	3512	0	TRUE	PB2:cds-XAJ25426.1	GCA	A	GTA	V	255
PB2|PP755596.1|A/cattle/Texas/24-008749-003/2024(H5N1)	912	G	A	1	1	34	3587	1587	35	0.999443	3589	0	TRUE	PB2:cds-XAJ25426.1	GAG	E	GAA	E	304
PB2|PP755596.1|A/cattle/Texas/24-008749-003/2024(H5N1)	924	G	A	83	55	34	3254	1582	34	0.975127	3337	0	TRUE	PB2:cds-XAJ25426.1	GTG	V	GTA	V	308
PB2|PP755596.1|A/cattle/Texas/24-008749-003/2024(H5N1)	1392	G	A	1	0	34	4098	2740	35	0.999512	4100	0	TRUE	PB2:cds-XAJ25426.1	TTG	L	TTA	L	464
PB2|PP755596.1|A/cattle/Texas/24-008749-003/2024(H5N1)	1461	A	G	3890	2107	35	70	39	33	0.0176768	3960	6.72403e-18	TRUE	PB2:cds-XAJ25426.1	GAA	E	GAG	E	487
PB2|PP755596.1|A/cattle/Texas/24-008749-003/2024(H5N1)	1746	T	C	3662	2010	35	175	84	34	0.0456085	3837	1.00782e-54	TRUE	PB2:cds-XAJ25426.1	TCT	S	TCC	S	582
PB2|PP755596.1|A/cattle/Texas/24-008749-003/2024(H5N1)	1899	C	T	3941	1993	36	118	72	33	0.0290712	4059	5.52216e-34	TRUE	PB2:cds-XAJ25426.1	TTC	F	TTT	F	633
PB2|PP755596.1|A/cattle/Texas/24-008749-003/2024(H5N1)	2009	A	G	1	0	34	3539	2100	36	0.999718	3540	0	TRUE	PB2:cds-XAJ25426.1	AAA	K	AGA	R	670
