REGION	POS	REF	ALT	REF_DP	REF_RV	REF_QUAL	ALT_DP	ALT_RV	ALT_QUAL	ALT_FREQ	TOTAL_DP	PVAL	PASS	GFF_FEATURE	REF_CODON	REF_AA	ALT_CODON	ALT_AA	POS_AA
MP|PP755590.1|A/cattle/Texas/24-008749-003/2024(H5N1)	285	A	G	5	4	59	9354	4632	57	0.999466	9359	0	TRUE	M1:cds-XAJ25416.1	AGA	R	AGG	R	95
MP|PP755590.1|A/cattle/Texas/24-008749-003/2024(H5N1)	302	G	A	1	0	35	9429	4555	58	0.999894	9430	0	TRUE	M1:cds-XAJ25416.1	AGG	R	AAG	K	101
MP|PP755590.1|A/cattle/Texas/24-008749-003/2024(H5N1)	373	G	A	2	1	77	9435	4893	57	0.999576	9439	0	TRUE	M1:cds-XAJ25416.1	GCC	A	ACC	T	125
MP|PP755590.1|A/cattle/Texas/24-008749-003/2024(H5N1)	456	A	G	6	4	56	9126	4445	61	0.999343	9132	0	TRUE	M1:cds-XAJ25416.1	GAA	E	GAG	E	152
MP|PP755590.1|A/cattle/Texas/24-008749-003/2024(H5N1)	519	C	T	1	0	32	9166	4596	60	0.999891	9167	0	TRUE	M1:cds-XAJ25416.1	ATC	I	ATT	I	173
MP|PP755590.1|A/cattle/Texas/24-008749-003/2024(H5N1)	954	G	A	2	1	55	3192	2513	51	0.999374	3194	0	TRUE	M2:cds-XAJ25417.1	GGT	G	GAT	D	80
