REGION	POS	REF	ALT	REF_DP	REF_RV	REF_QUAL	ALT_DP	ALT_RV	ALT_QUAL	ALT_FREQ	TOTAL_DP	PVAL	PASS	GFF_FEATURE	REF_CODON	REF_AA	ALT_CODON	ALT_AA	POS_AA
NP|PP755592.1|A/cattle/Texas/24-008749-003/2024(H5N1)	114	A	G	3194	1242	38	93	38	38	0.0282761	3289	3.96429e-35	TRUE	NP:cds-XAJ25419.1	AGA	R	AGG	R	38
NP|PP755592.1|A/cattle/Texas/24-008749-003/2024(H5N1)	355	A	G	1	0	34	5852	3099	38	0.999658	5854	0	TRUE	NP:cds-XAJ25419.1	ATT	I	GTT	V	119
NP|PP755592.1|A/cattle/Texas/24-008749-003/2024(H5N1)	498	G	A	1	0	34	6245	2724	36	0.99984	6246	0	TRUE	NP:cds-XAJ25419.1	CTG	L	CTA	L	166
NP|PP755592.1|A/cattle/Texas/24-008749-003/2024(H5N1)	870	C	T	0	0	0	6404	2950	37	1	6404	0	TRUE	NP:cds-XAJ25419.1	GAC	D	GAT	D	290
NP|PP755592.1|A/cattle/Texas/24-008749-003/2024(H5N1)	1014	T	C	4	4	34	6715	3655	38	0.999405	6719	0	TRUE	NP:cds-XAJ25419.1	TTT	F	TTC	F	338
NP|PP755592.1|A/cattle/Texas/24-008749-003/2024(H5N1)	1053	A	G	6498	3678	36	158	78	35	0.0237309	6658	1.30827e-45	TRUE	NP:cds-XAJ25419.1	AGA	R	AGG	R	351
NP|PP755592.1|A/cattle/Texas/24-008749-003/2024(H5N1)	1092	G	A	1	1	34	6975	3322	38	0.996571	6999	0	TRUE	NP:cds-XAJ25419.1	CAG	Q	CAA	Q	364
NP|PP755592.1|A/cattle/Texas/24-008749-003/2024(H5N1)	1337	G	A	5773	3556	41	279	190	39	0.0461005	6052	5.55647e-91	TRUE	NP:cds-XAJ25419.1	AGG	R	AAG	K	446
NP|PP755592.1|A/cattle/Texas/24-008749-003/2024(H5N1)	1338	G	A	1470	980	41	4414	2696	41	0.75017	5884	0	TRUE	NP:cds-XAJ25419.1	AGG	R	AGA	R	446
