REGION	POS	REF	ALT	REF_DP	REF_RV	REF_QUAL	ALT_DP	ALT_RV	ALT_QUAL	ALT_FREQ	TOTAL_DP	PVAL	PASS	GFF_FEATURE	REF_CODON	REF_AA	ALT_CODON	ALT_AA	POS_AA
NS|PP755593.1|A/cattle/Texas/24-008749-003/2024(H5N1)	71	A	G	27532	9173	47	443	165	48	0.0158344	27977	1.0579e-210	TRUE	NS1:cds-XAJ25420.1	GAC	D	GGC	G	24
NS|PP755593.1|A/cattle/Texas/24-008749-003/2024(H5N1)	143	G	A	37490	17307	50	5985	2633	46	0.137649	43480	0	TRUE	NS1:cds-XAJ25420.1	AGC	S	AAC	N	48
NS|PP755593.1|A/cattle/Texas/24-008749-003/2024(H5N1)	199	A	G	9	2	54	41503	20076	46	0.999735	41514	0	TRUE	NS1:cds-XAJ25420.1	AGG	R	GGG	G	67
NS|PP755593.1|A/cattle/Texas/24-008749-003/2024(H5N1)	222	T	C	21	13	46	40309	21272	49	0.999455	40331	0	TRUE	NS1:cds-XAJ25420.1	GAT	D	GAC	D	74
NS|PP755593.1|A/cattle/Texas/24-008749-003/2024(H5N1)	483	A	C	36192	18678	49	587	296	47	0.0159403	36825	2.62211e-223	TRUE	NS1:cds-XAJ25420.1	TCA	S	TCC	S	161
NS|PP755593.1|A/cattle/Texas/24-008749-003/2024(H5N1)	499	C	T	34648	18554	48	5878	3772	45	0.145039	40527	0	TRUE	NS1:cds-XAJ25420.1	CCA	P	TCA	S	167
NS|PP755593.1|A/cattle/Texas/24-008749-003/2024(H5N1)	725	C	T	39175	26678	54	2326	1601	52	0.0560455	41502	0	TRUE	NEP:cds-XAJ25421.1	CAC	H	TAC	Y	75
