REGION	POS	REF	ALT	REF_DP	REF_RV	REF_QUAL	ALT_DP	ALT_RV	ALT_QUAL	ALT_FREQ	TOTAL_DP	PVAL	PASS	GFF_FEATURE	REF_CODON	REF_AA	ALT_CODON	ALT_AA	POS_AA
NA|PP755591.1|A/cattle/Texas/24-008749-003/2024(H5N1)	24	A	G	167	14	40	356	53	40	0.680688	523	1.98766e-301	TRUE	NA:cds-XAJ25418.1	ACA	T	ACG	T	8
NA|PP755591.1|A/cattle/Texas/24-008749-003/2024(H5N1)	161	T	C	3714	910	40	84	16	37	0.0221169	3798	8.96519e-25	TRUE	NA:cds-XAJ25418.1	ATT	I	ACT	T	54
NA|PP755591.1|A/cattle/Texas/24-008749-003/2024(H5N1)	226	G	A	3858	1396	38	158	48	38	0.039323	4018	3.59489e-48	TRUE	NA:cds-XAJ25418.1	GCT	A	ACT	T	76
NA|PP755591.1|A/cattle/Texas/24-008749-003/2024(H5N1)	342	G	A	4989	2090	37	81	37	38	0.0159763	5070	3.1274e-21	TRUE	NA:cds-XAJ25418.1	GTG	V	GTA	V	114
NA|PP755591.1|A/cattle/Texas/24-008749-003/2024(H5N1)	378	C	T	5446	2321	37	78	34	36	0.0141125	5527	2.8059e-19	TRUE	NA:cds-XAJ25418.1	CAC	H	CAT	H	126
NA|PP755591.1|A/cattle/Texas/24-008749-003/2024(H5N1)	1023	T	C	5380	2576	36	153	60	35	0.0276473	5534	1.3154e-43	TRUE	NA:cds-XAJ25418.1	AAT	N	AAC	N	341
NA|PP755591.1|A/cattle/Texas/24-008749-003/2024(H5N1)	1104	A	G	5103	2978	36	77	44	35	0.014862	5181	7.48179e-20	TRUE	NA:cds-XAJ25418.1	AGA	R	AGG	R	368
NA|PP755591.1|A/cattle/Texas/24-008749-003/2024(H5N1)	1195	T	C	3743	2699	38	666	453	37	0.151055	4409	2.37253e-224	TRUE	NA:cds-XAJ25418.1	TGG	W	CGG	R	399
NA|PP755591.1|A/cattle/Texas/24-008749-003/2024(H5N1)	1289	G	T	2448	1866	38	129	105	42	0.0495202	2605	4.51187e-62	TRUE	NA:cds-XAJ25418.1	AGG	R	ATG	M	430
NA|PP755591.1|A/cattle/Texas/24-008749-003/2024(H5N1)	1399	A	G	1463	1308	41	18	17	41	0.012154	1481	4.79792e-07	TRUE	NA:cds-XAJ25418.1	ATT	I	GTT	V	467
