REGION	POS	REF	ALT	REF_DP	REF_RV	REF_QUAL	ALT_DP	ALT_RV	ALT_QUAL	ALT_FREQ	TOTAL_DP	PVAL	PASS	GFF_FEATURE	REF_CODON	REF_AA	ALT_CODON	ALT_AA	POS_AA
HA|PP755589.1|A/cattle/Texas/24-008749-003/2024(H5N1)	1299	C	T	0	0	0	1	0	38	1	1	1	FALSE	HA:cds-XAJ25415.1	TTC	F	TTT	F	433
HA|PP755589.1|A/cattle/Texas/24-008749-003/2024(H5N1)	1308	C	T	0	0	0	127	0	37	1	127	6.00597e-78	TRUE	HA:cds-XAJ25415.1	GTC	V	GTT	V	436
HA|PP755589.1|A/cattle/Texas/24-008749-003/2024(H5N1)	1317	T	C	0	0	0	134	0	38	1	134	4.33006e-80	TRUE	HA:cds-XAJ25415.1	TAT	Y	TAC	Y	439
HA|PP755589.1|A/cattle/Texas/24-008749-003/2024(H5N1)	1471	A	G	0	0	0	287	201	56	1	287	3.08733e-214	TRUE	HA:cds-XAJ25415.1	AAT	N	GAT	D	491
HA|PP755589.1|A/cattle/Texas/24-008749-003/2024(H5N1)	1476	A	G	0	0	0	280	206	55	1	280	3.79334e-203	TRUE	HA:cds-XAJ25415.1	GAA	E	GAG	E	492
HA|PP755589.1|A/cattle/Texas/24-008749-003/2024(H5N1)	1479	T	C	0	0	0	279	211	54	1	279	2.78982e-200	TRUE	HA:cds-XAJ25415.1	TGT	C	TGC	C	493
