REGION	POS	REF	ALT	REF_DP	REF_RV	REF_QUAL	ALT_DP	ALT_RV	ALT_QUAL	ALT_FREQ	TOTAL_DP	PVAL	PASS	GFF_FEATURE	REF_CODON	REF_AA	ALT_CODON	ALT_AA	POS_AA
PB2|PP755596.1|A/cattle/Texas/24-008749-003/2024(H5N1)	77	A	G	878	208	33	10	5	33	0.0112613	888	0.000140139	TRUE	PB2:cds-XAJ25426.1	GAC	D	GGC	G	26
PB2|PP755596.1|A/cattle/Texas/24-008749-003/2024(H5N1)	100	T	-AC	1079	254	33	25	0	20	0.0116279	2150	0.00330698	TRUE	NA	NA	NA	NA	NA	NA
PB2|PP755596.1|A/cattle/Texas/24-008749-003/2024(H5N1)	159	G	T	1256	461	33	45	13	33	0.0345888	1301	2.01207e-13	TRUE	PB2:cds-XAJ25426.1	ATG	M	ATT	I	53
PB2|PP755596.1|A/cattle/Texas/24-008749-003/2024(H5N1)	167	C	-AATCGCAGCAGACAAGCGAATAA	1251	506	33	43	0	20	0.0322581	1333	1.94579e-05	TRUE	NA	NA	NA	NA	NA	NA
PB2|PP755596.1|A/cattle/Texas/24-008749-003/2024(H5N1)	240	G	A	0	0	0	796	419	33	1	796	0	TRUE	PB2:cds-XAJ25426.1	AAG	K	AAA	K	80
PB2|PP755596.1|A/cattle/Texas/24-008749-003/2024(H5N1)	338	A	G	784	419	33	16	9	31	0.019975	801	5.81416e-06	TRUE	PB2:cds-XAJ25426.1	AAG	K	AGG	R	113
PB2|PP755596.1|A/cattle/Texas/24-008749-003/2024(H5N1)	630	G	A	1	1	34	809	492	33	0.996305	812	0	TRUE	PB2:cds-XAJ25426.1	GAG	E	GAA	E	210
PB2|PP755596.1|A/cattle/Texas/24-008749-003/2024(H5N1)	657	A	C	860	509	33	9	3	31	0.0103567	869	0.00166455	TRUE	PB2:cds-XAJ25426.1	CCA	P	CCC	P	219
PB2|PP755596.1|A/cattle/Texas/24-008749-003/2024(H5N1)	746	A	G	0	0	0	972	436	33	1	972	0	TRUE	PB2:cds-XAJ25426.1	GAA	E	GGA	G	249
PB2|PP755596.1|A/cattle/Texas/24-008749-003/2024(H5N1)	764	C	T	0	0	0	976	431	33	1	976	0	TRUE	PB2:cds-XAJ25426.1	GCA	A	GTA	V	255
PB2|PP755596.1|A/cattle/Texas/24-008749-003/2024(H5N1)	853	C	A	997	355	33	12	6	31	0.011893	1009	0.00147227	TRUE	PB2:cds-XAJ25426.1	CAC	H	AAC	N	285
PB2|PP755596.1|A/cattle/Texas/24-008749-003/2024(H5N1)	912	G	A	0	0	0	866	405	33	1	866	0	TRUE	PB2:cds-XAJ25426.1	GAG	E	GAA	E	304
PB2|PP755596.1|A/cattle/Texas/24-008749-003/2024(H5N1)	1392	G	A	2	2	34	1122	773	33	0.997333	1125	0	TRUE	PB2:cds-XAJ25426.1	TTG	L	TTA	L	464
PB2|PP755596.1|A/cattle/Texas/24-008749-003/2024(H5N1)	1524	G	A	1173	483	33	14	7	34	0.0117944	1187	0.000387282	TRUE	PB2:cds-XAJ25426.1	CGG	R	CGA	R	508
PB2|PP755596.1|A/cattle/Texas/24-008749-003/2024(H5N1)	1596	G	A	0	0	0	1115	475	33	1	1115	0	TRUE	PB2:cds-XAJ25426.1	TCG	S	TCA	S	532
PB2|PP755596.1|A/cattle/Texas/24-008749-003/2024(H5N1)	2009	A	G	0	0	0	1282	723	33	0.999221	1283	0	TRUE	PB2:cds-XAJ25426.1	AAA	K	AGA	R	670
