REGION	POS	REF	ALT	REF_DP	REF_RV	REF_QUAL	ALT_DP	ALT_RV	ALT_QUAL	ALT_FREQ	TOTAL_DP	PVAL	PASS	GFF_FEATURE	REF_CODON	REF_AA	ALT_CODON	ALT_AA	POS_AA
MP|PP755590.1|A/cattle/Texas/24-008749-003/2024(H5N1)	192	C	T	26824	11747	39	6477	3297	38	0.194487	33303	0	TRUE	M1:cds-XAJ25416.1	TTC	F	TTT	F	64
MP|PP755590.1|A/cattle/Texas/24-008749-003/2024(H5N1)	245	G	A	8	5	34	33209	14036	39	0.999639	33221	0	TRUE	M1:cds-XAJ25416.1	AGT	S	AAT	N	82
MP|PP755590.1|A/cattle/Texas/24-008749-003/2024(H5N1)	327	C	T	34640	18302	40	771	474	39	0.0217692	35417	1.02115e-211	TRUE	M1:cds-XAJ25416.1	TTC	F	TTT	F	109
MP|PP755590.1|A/cattle/Texas/24-008749-003/2024(H5N1)	333	G	A	34230	17317	40	1564	824	40	0.0436896	35798	0	TRUE	M1:cds-XAJ25416.1	GGG	G	GGA	G	111
MP|PP755590.1|A/cattle/Texas/24-008749-003/2024(H5N1)	645	G	A	33782	15820	38	889	298	36	0.0256388	34674	1.8938e-240	TRUE	M1:cds-XAJ25416.1	GCG	A	GCA	A	215
MP|PP755590.1|A/cattle/Texas/24-008749-003/2024(H5N1)	973	G	T	10621	10022	37	1056	975	37	0.0904032	11681	0	TRUE	M2:cds-XAJ25417.1	GAG	E	GAT	D	87
