REGION	POS	REF	ALT	REF_DP	REF_RV	REF_QUAL	ALT_DP	ALT_RV	ALT_QUAL	ALT_FREQ	TOTAL_DP	PVAL	PASS	GFF_FEATURE	REF_CODON	REF_AA	ALT_CODON	ALT_AA	POS_AA
NA|PP755591.1|A/cattle/Texas/24-008749-003/2024(H5N1)	222	T	C	3392	1556	40	66	20	40	0.0190696	3461	3.23537e-26	TRUE	NA:cds-XAJ25418.1	TTT	F	TTC	F	74
NA|PP755591.1|A/cattle/Texas/24-008749-003/2024(H5N1)	571	T	C	0	0	0	3481	1659	39	1	3481	0	TRUE	NA:cds-XAJ25418.1	TTG	L	CTG	L	191
NA|PP755591.1|A/cattle/Texas/24-008749-003/2024(H5N1)	618	G	A	0	0	0	3510	1868	38	1	3510	0	TRUE	NA:cds-XAJ25418.1	TTG	L	TTA	L	206
NA|PP755591.1|A/cattle/Texas/24-008749-003/2024(H5N1)	836	G	C	3328	1932	39	63	22	40	0.0185731	3392	1.80849e-22	TRUE	NA:cds-XAJ25418.1	TGC	C	TCC	S	279
NA|PP755591.1|A/cattle/Texas/24-008749-003/2024(H5N1)	1185	A	G	1	0	34	4471	2545	38	0.999553	4473	0	TRUE	NA:cds-XAJ25418.1	GAA	E	GAG	E	395
NA|PP755591.1|A/cattle/Texas/24-008749-003/2024(H5N1)	1245	A	G	4526	2950	43	155	106	40	0.0331126	4681	1.17158e-58	TRUE	NA:cds-XAJ25418.1	TTA	L	TTG	L	415
