REGION	POS	REF	ALT	REF_DP	REF_RV	REF_QUAL	ALT_DP	ALT_RV	ALT_QUAL	ALT_FREQ	TOTAL_DP	PVAL	PASS	GFF_FEATURE	REF_CODON	REF_AA	ALT_CODON	ALT_AA	POS_AA
HA|PP755589.1|A/cattle/Texas/24-008749-003/2024(H5N1)	120	C	T	1647	306	40	34	7	41	0.0202261	1681	1.83412e-15	TRUE	HA:cds-XAJ25415.1	GTC	V	GTT	V	40
HA|PP755589.1|A/cattle/Texas/24-008749-003/2024(H5N1)	311	A	G	0	0	0	2280	1004	39	1	2280	0	TRUE	HA:cds-XAJ25415.1	GAC	D	GGC	G	104
HA|PP755589.1|A/cattle/Texas/24-008749-003/2024(H5N1)	439	G	A	2	1	51	2484	1341	41	0.999195	2486	0	TRUE	HA:cds-XAJ25415.1	GTG	V	ATG	M	147
HA|PP755589.1|A/cattle/Texas/24-008749-003/2024(H5N1)	651	G	A	2	0	34	2571	1209	39	0.999223	2573	0	TRUE	HA:cds-XAJ25415.1	GGG	G	GGA	G	217
HA|PP755589.1|A/cattle/Texas/24-008749-003/2024(H5N1)	675	G	A	2	2	34	2577	1219	37	0.99845	2581	0	TRUE	HA:cds-XAJ25415.1	TTG	L	TTA	L	225
HA|PP755589.1|A/cattle/Texas/24-008749-003/2024(H5N1)	684	A	G	2231	909	39	426	241	37	0.160331	2657	7.82451e-150	TRUE	HA:cds-XAJ25415.1	AAA	K	AAG	K	228
HA|PP755589.1|A/cattle/Texas/24-008749-003/2024(H5N1)	698	C	A	2485	1120	38	39	20	37	0.0154517	2524	1.82544e-11	TRUE	HA:cds-XAJ25415.1	TCC	S	TAC	Y	233
HA|PP755589.1|A/cattle/Texas/24-008749-003/2024(H5N1)	1007	G	A	0	0	0	2685	1505	40	1	2685	0	TRUE	HA:cds-XAJ25415.1	AGT	S	AAT	N	336
HA|PP755589.1|A/cattle/Texas/24-008749-003/2024(H5N1)	1176	A	G	4142	1243	40	191	24	40	0.0440803	4333	3.33673e-68	TRUE	HA:cds-XAJ25415.1	GGA	G	GGG	G	392
HA|PP755589.1|A/cattle/Texas/24-008749-003/2024(H5N1)	1344	A	C	4698	2560	38	146	73	35	0.0301342	4845	7.2425e-43	TRUE	HA:cds-XAJ25415.1	GAA	E	GAC	D	448
