REGION	POS	REF	ALT	REF_DP	REF_RV	REF_QUAL	ALT_DP	ALT_RV	ALT_QUAL	ALT_FREQ	TOTAL_DP	PVAL	PASS	GFF_FEATURE	REF_CODON	REF_AA	ALT_CODON	ALT_AA	POS_AA
NS|PP755593.1|A/cattle/Texas/24-008749-003/2024(H5N1)	129	A	G	32443	9549	41	5599	1583	41	0.147168	38045	0	TRUE	NS1:cds-XAJ25420.1	CTA	L	CTG	L	43
NS|PP755593.1|A/cattle/Texas/24-008749-003/2024(H5N1)	199	A	G	4	1	38	45443	18901	38	0.999736	45455	0	TRUE	NS1:cds-XAJ25420.1	AGG	R	GGG	G	67
NS|PP755593.1|A/cattle/Texas/24-008749-003/2024(H5N1)	222	T	C	6	2	45	47505	23045	41	0.999832	47513	0	TRUE	NS1:cds-XAJ25420.1	GAT	D	GAC	D	74
NS|PP755593.1|A/cattle/Texas/24-008749-003/2024(H5N1)	347	G	A	48370	24689	37	1887	810	35	0.0375455	50259	0	TRUE	NS1:cds-XAJ25420.1	AGT	S	AAT	N	116
NS|PP755593.1|A/cattle/Texas/24-008749-003/2024(H5N1)	616	A	T	43965	25261	38	457	264	38	0.0102791	44459	5.3903e-99	TRUE	NEP:cds-XAJ25421.1	GCA	A	GCT	A	38
NS|PP755593.1|A/cattle/Texas/24-008749-003/2024(H5N1)	616	A	T	43965	25261	38	457	264	38	0.0102791	44459	5.3903e-99	TRUE	NS1:cds-XAJ25420.1	AGT	S	TGT	C	206
