REGION	POS	REF	ALT	REF_DP	REF_RV	REF_QUAL	ALT_DP	ALT_RV	ALT_QUAL	ALT_FREQ	TOTAL_DP	PVAL	PASS	GFF_FEATURE	REF_CODON	REF_AA	ALT_CODON	ALT_AA	POS_AA
PB2|PP755596.1|A/cattle/Texas/24-008749-003/2024(H5N1)	49	C	T	10	0	35	1893	283	41	0.993701	1905	0	TRUE	PB2:cds-XAJ25426.1	CGC	R	TGC	C	17
PB2|PP755596.1|A/cattle/Texas/24-008749-003/2024(H5N1)	153	G	A	3263	1567	64	43	19	58	0.0130027	3307	5.3433e-21	TRUE	PB2:cds-XAJ25426.1	ATG	M	ATA	I	51
PB2|PP755596.1|A/cattle/Texas/24-008749-003/2024(H5N1)	240	G	A	1355	1055	42	2113	512	45	0.609109	3469	0	TRUE	PB2:cds-XAJ25426.1	AAG	K	AAA	K	80
PB2|PP755596.1|A/cattle/Texas/24-008749-003/2024(H5N1)	351	T	C	2098	1424	52	623	89	41	0.228792	2723	1.87173e-274	TRUE	PB2:cds-XAJ25426.1	ACT	T	ACC	T	117
PB2|PP755596.1|A/cattle/Texas/24-008749-003/2024(H5N1)	450	C	T	4	3	68	1126	550	53	0.993822	1133	0	TRUE	PB2:cds-XAJ25426.1	GGC	G	GGT	G	150
PB2|PP755596.1|A/cattle/Texas/24-008749-003/2024(H5N1)	471	A	G	1117	601	61	12	7	52	0.0106289	1129	2.48292e-06	TRUE	PB2:cds-XAJ25426.1	AAA	K	AAG	K	157
PB2|PP755596.1|A/cattle/Texas/24-008749-003/2024(H5N1)	630	G	A	10	8	60	4568	2266	64	0.997598	4579	0	TRUE	PB2:cds-XAJ25426.1	GAG	E	GAA	E	210
PB2|PP755596.1|A/cattle/Texas/24-008749-003/2024(H5N1)	764	C	T	7	3	55	4376	1518	53	0.997948	4385	0	TRUE	PB2:cds-XAJ25426.1	GCA	A	GTA	V	255
PB2|PP755596.1|A/cattle/Texas/24-008749-003/2024(H5N1)	912	G	A	1929	1627	42	4367	797	44	0.693285	6299	0	TRUE	PB2:cds-XAJ25426.1	GAG	E	GAA	E	304
PB2|PP755596.1|A/cattle/Texas/24-008749-003/2024(H5N1)	1392	G	A	17	16	38	9290	5718	41	0.997959	9309	0	TRUE	PB2:cds-XAJ25426.1	TTG	L	TTA	L	464
PB2|PP755596.1|A/cattle/Texas/24-008749-003/2024(H5N1)	2009	A	G	0	0	0	9785	4436	62	0.999898	9786	0	TRUE	PB2:cds-XAJ25426.1	AAA	K	AGA	R	670
