REGION	POS	REF	ALT	REF_DP	REF_RV	REF_QUAL	ALT_DP	ALT_RV	ALT_QUAL	ALT_FREQ	TOTAL_DP	PVAL	PASS	GFF_FEATURE	REF_CODON	REF_AA	ALT_CODON	ALT_AA	POS_AA
NP|PP755592.1|A/cattle/Texas/24-008749-003/2024(H5N1)	355	A	G	6	2	44	6261	3378	40	0.998724	6269	0	TRUE	NP:cds-XAJ25419.1	ATT	I	GTT	V	119
NP|PP755592.1|A/cattle/Texas/24-008749-003/2024(H5N1)	498	G	A	1	1	34	6007	2853	37	0.999501	6010	0	TRUE	NP:cds-XAJ25419.1	CTG	L	CTA	L	166
NP|PP755592.1|A/cattle/Texas/24-008749-003/2024(H5N1)	770	T	C	380	231	37	5364	3092	40	0.933844	5744	0	TRUE	NP:cds-XAJ25419.1	ATC	I	ACC	T	257
NP|PP755592.1|A/cattle/Texas/24-008749-003/2024(H5N1)	870	C	T	3	2	45	5621	2537	39	0.999467	5624	0	TRUE	NP:cds-XAJ25419.1	GAC	D	GAT	D	290
NP|PP755592.1|A/cattle/Texas/24-008749-003/2024(H5N1)	934	G	A	6028	2678	43	281	117	42	0.0445254	6311	1.00155e-104	TRUE	NP:cds-XAJ25419.1	GTT	V	ATT	I	312
NP|PP755592.1|A/cattle/Texas/24-008749-003/2024(H5N1)	1014	T	C	1	1	68	6058	3280	40	0.999835	6059	0	TRUE	NP:cds-XAJ25419.1	TTT	F	TTC	F	338
NP|PP755592.1|A/cattle/Texas/24-008749-003/2024(H5N1)	1092	G	A	3	3	34	6332	2976	41	0.999369	6336	0	TRUE	NP:cds-XAJ25419.1	CAG	Q	CAA	Q	364
