REGION	POS	REF	ALT	REF_DP	REF_RV	REF_QUAL	ALT_DP	ALT_RV	ALT_QUAL	ALT_FREQ	TOTAL_DP	PVAL	PASS	GFF_FEATURE	REF_CODON	REF_AA	ALT_CODON	ALT_AA	POS_AA
MP|PP755590.1|A/cattle/Texas/24-008749-003/2024(H5N1)	98	C	T	35398	15463	33	367	154	33	0.0102603	35769	2.7365e-94	TRUE	M1:cds-XAJ25416.1	GCA	A	GTA	V	33
MP|PP755590.1|A/cattle/Texas/24-008749-003/2024(H5N1)	210	T	C	52076	23236	33	1358	621	33	0.0253922	53481	0	TRUE	M1:cds-XAJ25416.1	AGT	S	AGC	S	70
MP|PP755590.1|A/cattle/Texas/24-008749-003/2024(H5N1)	245	G	A	5	1	30	57395	26187	33	0.999617	57417	0	TRUE	M1:cds-XAJ25416.1	AGT	S	AAT	N	82
MP|PP755590.1|A/cattle/Texas/24-008749-003/2024(H5N1)	395	A	G	57732	29103	33	719	429	32	0.0122965	58472	3.12992e-153	TRUE	M1:cds-XAJ25416.1	TAC	Y	TGC	C	132
MP|PP755590.1|A/cattle/Texas/24-008749-003/2024(H5N1)	423	A	G	59053	31352	33	1447	831	33	0.0239122	60513	0	TRUE	M1:cds-XAJ25416.1	GAA	E	GAG	E	141
MP|PP755590.1|A/cattle/Texas/24-008749-003/2024(H5N1)	442	T	C	59652	28071	33	803	337	33	0.01328	60467	1.00463e-174	TRUE	M1:cds-XAJ25416.1	TGT	C	CGT	R	148
MP|PP755590.1|A/cattle/Texas/24-008749-003/2024(H5N1)	444	T	C	60169	28169	33	719	376	33	0.0118066	60898	1.22629e-149	TRUE	M1:cds-XAJ25416.1	TGT	C	TGC	C	148
MP|PP755590.1|A/cattle/Texas/24-008749-003/2024(H5N1)	591	G	T	54616	27857	33	727	303	33	0.0131329	55357	1.87338e-156	TRUE	M1:cds-XAJ25416.1	GAG	E	GAT	D	197
MP|PP755590.1|A/cattle/Texas/24-008749-003/2024(H5N1)	708	T	C	51410	18349	32	603	194	33	0.0115888	52033	5.29964e-129	TRUE	M1:cds-XAJ25416.1	AAT	N	AAC	N	236
MP|PP755590.1|A/cattle/Texas/24-008749-003/2024(H5N1)	786	T	C	62938	33438	33	678	347	32	0.0106543	63636	4.76682e-140	TRUE	M2:cds-XAJ25417.1	ATT	I	ACT	T	24
