REGION	POS	REF	ALT	REF_DP	REF_RV	REF_QUAL	ALT_DP	ALT_RV	ALT_QUAL	ALT_FREQ	TOTAL_DP	PVAL	PASS	GFF_FEATURE	REF_CODON	REF_AA	ALT_CODON	ALT_AA	POS_AA
PB1|PP755595.1|A/cattle/Texas/24-008749-003/2024(H5N1)	486	G	A	2211	730	41	660	249	42	0.229885	2871	1.7146e-230	TRUE	PB1:cds-XAJ25424.1	AGG	R	AGA	R	162
PB1|PP755595.1|A/cattle/Texas/24-008749-003/2024(H5N1)	501	C	A	2444	928	35	30	0	26	0.0121212	2475	0.262416	FALSE	PB1:cds-XAJ25424.1	CTC	L	CTA	L	167
PB1|PP755595.1|A/cattle/Texas/24-008749-003/2024(H5N1)	585	G	A	0	0	0	2730	1200	41	1	2730	0	TRUE	PB1:cds-XAJ25424.1	ATG	M	ATA	I	195
PB1|PP755595.1|A/cattle/Texas/24-008749-003/2024(H5N1)	632	G	T	2835	1450	42	37	13	40	0.012883	2872	1.27558e-12	TRUE	PB1:cds-XAJ25424.1	AGG	R	ATG	M	211
PB1|PP755595.1|A/cattle/Texas/24-008749-003/2024(H5N1)	717	G	A	7	1	40	2768	1291	42	0.997477	2775	0	TRUE	PB1:cds-XAJ25424.1	AGG	R	AGA	R	239
PB1|PP755595.1|A/cattle/Texas/24-008749-003/2024(H5N1)	909	G	T	2537	1640	41	792	378	40	0.237838	3330	5.42755e-278	TRUE	PB1:cds-XAJ25424.1	ACG	T	ACT	T	303
PB1|PP755595.1|A/cattle/Texas/24-008749-003/2024(H5N1)	939	G	A	2778	1520	42	429	192	42	0.13377	3207	1.21208e-143	TRUE	PB1:cds-XAJ25424.1	CAG	Q	CAA	Q	313
PB1|PP755595.1|A/cattle/Texas/24-008749-003/2024(H5N1)	1062	A	G	0	0	0	2906	1090	42	1	2906	0	TRUE	PB1:cds-XAJ25424.1	GGA	G	GGG	G	354
PB1|PP755595.1|A/cattle/Texas/24-008749-003/2024(H5N1)	1071	C	T	0	0	0	3042	1151	43	1	3042	0	TRUE	PB1:cds-XAJ25424.1	TTC	F	TTT	F	357
PB1|PP755595.1|A/cattle/Texas/24-008749-003/2024(H5N1)	1125	C	T	3242	1679	44	42	20	45	0.0127854	3285	1.17158e-14	TRUE	PB1:cds-XAJ25424.1	AGC	S	AGT	S	375
PB1|PP755595.1|A/cattle/Texas/24-008749-003/2024(H5N1)	1524	G	A	0	0	0	3535	2002	44	1	3535	0	TRUE	PB1:cds-XAJ25424.1	GAG	E	GAA	E	508
PB1|PP755595.1|A/cattle/Texas/24-008749-003/2024(H5N1)	1627	A	T	0	0	0	3650	1745	41	0.999726	3651	0	TRUE	PB1:cds-XAJ25424.1	ACA	T	TCA	S	543
PB1|PP755595.1|A/cattle/Texas/24-008749-003/2024(H5N1)	1926	T	C	3891	2437	43	356	181	42	0.0838239	4247	8.17816e-119	TRUE	PB1:cds-XAJ25424.1	AAT	N	AAC	N	642
PB1|PP755595.1|A/cattle/Texas/24-008749-003/2024(H5N1)	2019	T	C	3641	1682	43	47	26	40	0.012744	3688	5.24151e-16	TRUE	PB1:cds-XAJ25424.1	TCT	S	TCC	S	673
PB1|PP755595.1|A/cattle/Texas/24-008749-003/2024(H5N1)	2082	T	C	2832	1413	45	270	151	43	0.0870126	3103	1.07088e-93	TRUE	PB1:cds-XAJ25424.1	AAT	N	AAC	N	694
PB1|PP755595.1|A/cattle/Texas/24-008749-003/2024(H5N1)	2103	T	C	3051	1833	45	47	27	43	0.0151711	3098	1.47973e-16	TRUE	PB1:cds-XAJ25424.1	CCT	P	CCC	P	701
