REGION	POS	REF	ALT	REF_DP	REF_RV	REF_QUAL	ALT_DP	ALT_RV	ALT_QUAL	ALT_FREQ	TOTAL_DP	PVAL	PASS	GFF_FEATURE	REF_CODON	REF_AA	ALT_CODON	ALT_AA	POS_AA
NS|PP755593.1|A/cattle/Texas/24-008749-003/2024(H5N1)	20	T	C	2	0	37	4802	777	43	0.999584	4804	0	TRUE	NEP:cds-XAJ25421.1	TTA	L	TCA	S	7
NS|PP755593.1|A/cattle/Texas/24-008749-003/2024(H5N1)	20	T	C	2	0	37	4802	777	43	0.999584	4804	0	TRUE	NS1:cds-XAJ25420.1	TTA	L	TCA	S	7
NS|PP755593.1|A/cattle/Texas/24-008749-003/2024(H5N1)	162	C	T	8	1	49	13521	4506	54	0.999409	13529	0	TRUE	NS1:cds-XAJ25420.1	ATC	I	ATT	I	54
NS|PP755593.1|A/cattle/Texas/24-008749-003/2024(H5N1)	165	G	A	4	3	55	13485	4529	53	0.999555	13491	0	TRUE	NS1:cds-XAJ25420.1	GAG	E	GAA	E	55
NS|PP755593.1|A/cattle/Texas/24-008749-003/2024(H5N1)	183	G	A	3	0	45	13764	4774	55	0.999564	13770	0	TRUE	NS1:cds-XAJ25420.1	GGG	G	GGA	G	61
NS|PP755593.1|A/cattle/Texas/24-008749-003/2024(H5N1)	222	T	C	11	8	54	15351	6098	56	0.999284	15362	0	TRUE	NS1:cds-XAJ25420.1	GAT	D	GAC	D	74
NS|PP755593.1|A/cattle/Texas/24-008749-003/2024(H5N1)	241	A	G	15049	6877	57	1160	638	56	0.0715475	16213	0	TRUE	NS1:cds-XAJ25420.1	ATT	I	GTT	V	81
NS|PP755593.1|A/cattle/Texas/24-008749-003/2024(H5N1)	366	G	T	2	2	31	16539	8174	50	0.999094	16554	0	TRUE	NS1:cds-XAJ25420.1	GCG	A	GCT	A	122
NS|PP755593.1|A/cattle/Texas/24-008749-003/2024(H5N1)	393	G	A	15865	7478	51	200	103	52	0.0124471	16068	6.87798e-80	TRUE	NS1:cds-XAJ25420.1	AAG	K	AAA	K	131
NS|PP755593.1|A/cattle/Texas/24-008749-003/2024(H5N1)	429	A	G	12	8	49	16234	8511	51	0.9992	16247	0	TRUE	NS1:cds-XAJ25420.1	ACA	T	ACG	T	143
NS|PP755593.1|A/cattle/Texas/24-008749-003/2024(H5N1)	650	A	C	2	1	25	14785	9861	60	0.999122	14798	0	TRUE	NEP:cds-XAJ25421.1	AGC	S	CGC	R	50
NS|PP755593.1|A/cattle/Texas/24-008749-003/2024(H5N1)	650	A	C	2	1	25	14785	9861	60	0.999122	14798	0	TRUE	NS1:cds-XAJ25420.1	AAG	K	ACG	T	217
NS|PP755593.1|A/cattle/Texas/24-008749-003/2024(H5N1)	700	A	G	3	3	35	13500	9929	57	0.999704	13504	0	TRUE	NEP:cds-XAJ25421.1	ATA	I	ATG	M	66
