REGION	POS	REF	ALT	REF_DP	REF_RV	REF_QUAL	ALT_DP	ALT_RV	ALT_QUAL	ALT_FREQ	TOTAL_DP	PVAL	PASS	GFF_FEATURE	REF_CODON	REF_AA	ALT_CODON	ALT_AA	POS_AA
HA|PP755589.1|A/cattle/Texas/24-008749-003/2024(H5N1)	102	G	A	0	0	0	1528	351	33	1	1528	0	TRUE	HA:cds-XAJ25415.1	ACG	T	ACA	T	34
HA|PP755589.1|A/cattle/Texas/24-008749-003/2024(H5N1)	306	T	C	0	0	0	2327	1010	33	1	2327	0	TRUE	HA:cds-XAJ25415.1	GCT	A	GCC	A	102
HA|PP755589.1|A/cattle/Texas/24-008749-003/2024(H5N1)	311	A	G	1	0	34	2293	1033	33	0.999564	2294	0	TRUE	HA:cds-XAJ25415.1	GAC	D	GGC	G	104
HA|PP755589.1|A/cattle/Texas/24-008749-003/2024(H5N1)	490	G	A	2479	1360	33	34	15	32	0.0135296	2513	6.93421e-09	TRUE	HA:cds-XAJ25415.1	GTG	V	ATG	M	164
HA|PP755589.1|A/cattle/Texas/24-008749-003/2024(H5N1)	601	G	A	1	1	34	2878	1252	33	0.999653	2879	0	TRUE	HA:cds-XAJ25415.1	GAA	E	AAA	K	201
HA|PP755589.1|A/cattle/Texas/24-008749-003/2024(H5N1)	651	G	A	1	0	34	2778	1181	33	0.998921	2781	0	TRUE	HA:cds-XAJ25415.1	GGG	G	GGA	G	217
HA|PP755589.1|A/cattle/Texas/24-008749-003/2024(H5N1)	671	G	A	0	0	0	2609	1140	33	0.999617	2610	0	TRUE	HA:cds-XAJ25415.1	AGG	R	AAG	K	224
HA|PP755589.1|A/cattle/Texas/24-008749-003/2024(H5N1)	675	G	A	1	0	34	2490	1106	33	0.999599	2491	0	TRUE	HA:cds-XAJ25415.1	TTG	L	TTA	L	225
HA|PP755589.1|A/cattle/Texas/24-008749-003/2024(H5N1)	676	G	A	200	89	33	2243	1050	33	0.918133	2443	0	TRUE	HA:cds-XAJ25415.1	GCA	A	ACA	T	226
HA|PP755589.1|A/cattle/Texas/24-008749-003/2024(H5N1)	683	A	G	0	0	0	2708	1174	33	0.999631	2709	0	TRUE	HA:cds-XAJ25415.1	AAA	K	AGA	R	228
HA|PP755589.1|A/cattle/Texas/24-008749-003/2024(H5N1)	1007	G	A	0	0	0	3050	1755	33	1	3050	0	TRUE	HA:cds-XAJ25415.1	AGT	S	AAT	N	336
HA|PP755589.1|A/cattle/Texas/24-008749-003/2024(H5N1)	1236	A	G	6493	2069	33	162	46	33	0.0243389	6656	7.96677e-43	TRUE	HA:cds-XAJ25415.1	GGA	G	GGG	G	412
HA|PP755589.1|A/cattle/Texas/24-008749-003/2024(H5N1)	1271	A	G	6270	2454	33	169	54	33	0.0262463	6439	9.83942e-45	TRUE	HA:cds-XAJ25415.1	AAT	N	AGT	S	424
