REGION	POS	REF	ALT	REF_DP	REF_RV	REF_QUAL	ALT_DP	ALT_RV	ALT_QUAL	ALT_FREQ	TOTAL_DP	PVAL	PASS	GFF_FEATURE	REF_CODON	REF_AA	ALT_CODON	ALT_AA	POS_AA
NA|PP755591.1|A/cattle/Texas/24-008749-003/2024(H5N1)	29	T	C	1631	288	38	28	1	35	0.0168776	1659	2.16783e-13	TRUE	NA:cds-XAJ25418.1	ATT	I	ACT	T	10
NA|PP755591.1|A/cattle/Texas/24-008749-003/2024(H5N1)	195	G	A	9311	4363	42	151	67	39	0.0159569	9463	4.0934e-41	TRUE	NA:cds-XAJ25418.1	ACG	T	ACA	T	65
NA|PP755591.1|A/cattle/Texas/24-008749-003/2024(H5N1)	571	T	C	0	0	0	8442	4213	39	0.999882	8443	0	TRUE	NA:cds-XAJ25418.1	TTG	L	CTG	L	191
NA|PP755591.1|A/cattle/Texas/24-008749-003/2024(H5N1)	618	G	A	734	448	38	8202	4296	38	0.917655	8938	0	TRUE	NA:cds-XAJ25418.1	TTG	L	TTA	L	206
NA|PP755591.1|A/cattle/Texas/24-008749-003/2024(H5N1)	1062	T	C	17179	7096	41	308	126	42	0.017608	17492	4.98594e-109	TRUE	NA:cds-XAJ25418.1	GGT	G	GGC	G	354
NA|PP755591.1|A/cattle/Texas/24-008749-003/2024(H5N1)	1185	A	G	1	1	68	16396	9214	39	0.999878	16398	0	TRUE	NA:cds-XAJ25418.1	GAA	E	GAG	E	395
