REGION	POS	REF	ALT	REF_DP	REF_RV	REF_QUAL	ALT_DP	ALT_RV	ALT_QUAL	ALT_FREQ	TOTAL_DP	PVAL	PASS	GFF_FEATURE	REF_CODON	REF_AA	ALT_CODON	ALT_AA	POS_AA
NP|PP755592.1|A/cattle/Texas/24-008749-003/2024(H5N1)	111	G	A	1711	850	33	934	389	33	0.353119	2645	0	TRUE	NP:cds-XAJ25419.1	GGG	G	GGA	G	37
NP|PP755592.1|A/cattle/Texas/24-008749-003/2024(H5N1)	201	T	C	2939	699	32	907	376	33	0.235707	3848	0	TRUE	NP:cds-XAJ25419.1	GTT	V	GTC	V	67
NP|PP755592.1|A/cattle/Texas/24-008749-003/2024(H5N1)	355	A	G	1	1	34	4413	2371	33	0.999773	4414	0	TRUE	NP:cds-XAJ25419.1	ATT	I	GTT	V	119
NP|PP755592.1|A/cattle/Texas/24-008749-003/2024(H5N1)	474	A	G	1757	784	33	2955	1660	33	0.626989	4713	0	TRUE	NP:cds-XAJ25419.1	GGA	G	GGG	G	158
NP|PP755592.1|A/cattle/Texas/24-008749-003/2024(H5N1)	498	G	A	0	0	0	4303	1735	33	0.999768	4304	0	TRUE	NP:cds-XAJ25419.1	CTG	L	CTA	L	166
NP|PP755592.1|A/cattle/Texas/24-008749-003/2024(H5N1)	870	C	T	3	2	31	4351	2046	33	0.999311	4354	0	TRUE	NP:cds-XAJ25419.1	GAC	D	GAT	D	290
NP|PP755592.1|A/cattle/Texas/24-008749-003/2024(H5N1)	1014	T	C	1	1	34	4843	2568	33	0.999587	4845	0	TRUE	NP:cds-XAJ25419.1	TTT	F	TTC	F	338
NP|PP755592.1|A/cattle/Texas/24-008749-003/2024(H5N1)	1092	G	A	0	0	0	5050	2436	33	0.999802	5051	0	TRUE	NP:cds-XAJ25419.1	CAG	Q	CAA	Q	364
NP|PP755592.1|A/cattle/Texas/24-008749-003/2024(H5N1)	1152	A	G	4928	2526	33	76	44	33	0.0151878	5004	1.84605e-18	TRUE	NP:cds-XAJ25419.1	AGA	R	AGG	R	384
NP|PP755592.1|A/cattle/Texas/24-008749-003/2024(H5N1)	1284	A	G	3958	2029	33	770	399	33	0.16286	4728	2.01496e-246	TRUE	NP:cds-XAJ25419.1	GCA	A	GCG	A	428
NP|PP755592.1|A/cattle/Texas/24-008749-003/2024(H5N1)	1314	A	G	3724	1970	33	1148	702	33	0.235632	4872	0	TRUE	NP:cds-XAJ25419.1	TCA	S	TCG	S	438
