REGION	POS	REF	ALT	REF_DP	REF_RV	REF_QUAL	ALT_DP	ALT_RV	ALT_QUAL	ALT_FREQ	TOTAL_DP	PVAL	PASS	GFF_FEATURE	REF_CODON	REF_AA	ALT_CODON	ALT_AA	POS_AA
PB1|PP755595.1|A/cattle/Texas/24-008749-003/2024(H5N1)	8	T	C	125	28	33	3	0	34	0.0234375	128	0.00228641	TRUE	PB1:cds-XAJ25424.1	GTC	V	GCC	A	3
PB1|PP755595.1|A/cattle/Texas/24-008749-003/2024(H5N1)	33	A	-GTTCCAGCGCAAAATGCCAT	378	83	33	13	0	20	0.0118074	1101	0.00308395	TRUE	NA	NA	NA	NA	NA	NA
PB1|PP755595.1|A/cattle/Texas/24-008749-003/2024(H5N1)	708	A	G	18	7	33	1122	553	33	0.984211	1140	0	TRUE	PB1:cds-XAJ25424.1	TTA	L	TTG	L	236
PB1|PP755595.1|A/cattle/Texas/24-008749-003/2024(H5N1)	912	A	G	1319	709	33	22	17	32	0.0164057	1341	2.08807e-06	TRUE	PB1:cds-XAJ25424.1	GGA	G	GGG	G	304
PB1|PP755595.1|A/cattle/Texas/24-008749-003/2024(H5N1)	921	T	C	30	18	33	1293	710	33	0.977324	1323	0	TRUE	PB1:cds-XAJ25424.1	ACT	T	ACC	T	307
PB1|PP755595.1|A/cattle/Texas/24-008749-003/2024(H5N1)	945	T	C	0	0	0	1280	720	33	1	1280	0	TRUE	PB1:cds-XAJ25424.1	CCT	P	CCC	P	315
PB1|PP755595.1|A/cattle/Texas/24-008749-003/2024(H5N1)	1266	G	A	1501	658	33	34	13	33	0.0221498	1535	6.10234e-10	TRUE	PB1:cds-XAJ25424.1	TCG	S	TCA	S	422
PB1|PP755595.1|A/cattle/Texas/24-008749-003/2024(H5N1)	1317	T	C	504	254	33	1122	498	33	0.689613	1627	0	TRUE	PB1:cds-XAJ25424.1	GAT	D	GAC	D	439
PB1|PP755595.1|A/cattle/Texas/24-008749-003/2024(H5N1)	1542	T	C	3876	1871	33	51	20	33	0.012987	3927	8.27287e-13	TRUE	PB1:cds-XAJ25424.1	GTT	V	GTC	V	514
PB1|PP755595.1|A/cattle/Texas/24-008749-003/2024(H5N1)	1989	T	C	95	44	33	3971	1799	33	0.976636	4066	0	TRUE	PB1:cds-XAJ25424.1	ACT	T	ACC	T	663
PB1|PP755595.1|A/cattle/Texas/24-008749-003/2024(H5N1)	2019	T	C	4334	1894	33	47	20	34	0.0107232	4383	3.19437e-11	TRUE	PB1:cds-XAJ25424.1	TCT	S	TCC	S	673
PB1|PP755595.1|A/cattle/Texas/24-008749-003/2024(H5N1)	2073	G	A	3997	1792	33	850	400	33	0.175366	4847	1.3968e-271	TRUE	PB1:cds-XAJ25424.1	AAG	K	AAA	K	691
