REGION	POS	REF	ALT	REF_DP	REF_RV	REF_QUAL	ALT_DP	ALT_RV	ALT_QUAL	ALT_FREQ	TOTAL_DP	PVAL	PASS	GFF_FEATURE	REF_CODON	REF_AA	ALT_CODON	ALT_AA	POS_AA
NP|PP755592.1|A/cattle/Texas/24-008749-003/2024(H5N1)	252	T	C	7122	3378	33	226	97	33	0.0307567	7348	1.7067e-60	TRUE	NP:cds-XAJ25419.1	AGT	S	AGC	S	84
NP|PP755592.1|A/cattle/Texas/24-008749-003/2024(H5N1)	355	A	G	3	3	34	6126	3213	33	0.999511	6129	0	TRUE	NP:cds-XAJ25419.1	ATT	I	GTT	V	119
NP|PP755592.1|A/cattle/Texas/24-008749-003/2024(H5N1)	498	G	A	0	0	0	5605	2637	33	0.999822	5606	0	TRUE	NP:cds-XAJ25419.1	CTG	L	CTA	L	166
NP|PP755592.1|A/cattle/Texas/24-008749-003/2024(H5N1)	556	G	A	3607	1440	33	2502	898	33	0.409493	6110	0	TRUE	NP:cds-XAJ25419.1	GTT	V	ATT	I	186
NP|PP755592.1|A/cattle/Texas/24-008749-003/2024(H5N1)	647	G	A	5934	2865	33	295	122	33	0.0473515	6230	1.91238e-82	TRUE	NP:cds-XAJ25419.1	AGG	R	AAG	K	216
NP|PP755592.1|A/cattle/Texas/24-008749-003/2024(H5N1)	870	C	T	0	0	0	5784	2652	33	1	5784	0	TRUE	NP:cds-XAJ25419.1	GAC	D	GAT	D	290
NP|PP755592.1|A/cattle/Texas/24-008749-003/2024(H5N1)	1014	T	C	0	0	0	6635	3619	33	0.999849	6636	0	TRUE	NP:cds-XAJ25419.1	TTT	F	TTC	F	338
NP|PP755592.1|A/cattle/Texas/24-008749-003/2024(H5N1)	1092	G	A	2	2	34	6893	3432	33	0.99942	6897	0	TRUE	NP:cds-XAJ25419.1	CAG	Q	CAA	Q	364
NP|PP755592.1|A/cattle/Texas/24-008749-003/2024(H5N1)	1130	G	A	4517	2401	33	3433	1676	33	0.431824	7950	0	TRUE	NP:cds-XAJ25419.1	AGT	S	AAT	N	377
