REGION	POS	REF	ALT	REF_DP	REF_RV	REF_QUAL	ALT_DP	ALT_RV	ALT_QUAL	ALT_FREQ	TOTAL_DP	PVAL	PASS	GFF_FEATURE	REF_CODON	REF_AA	ALT_CODON	ALT_AA	POS_AA
NP|PP755592.1|A/cattle/Texas/24-008749-003/2024(H5N1)	94	A	C	5825	2130	33	60	17	33	0.0101902	5888	5.51951e-20	TRUE	NP:cds-XAJ25419.1	ATG	M	CTG	L	32
NP|PP755592.1|A/cattle/Texas/24-008749-003/2024(H5N1)	355	A	G	5	1	32	13219	7369	33	0.999395	13227	0	TRUE	NP:cds-XAJ25419.1	ATT	I	GTT	V	119
NP|PP755592.1|A/cattle/Texas/24-008749-003/2024(H5N1)	474	A	G	1	1	34	12523	7000	33	0.99984	12525	0	TRUE	NP:cds-XAJ25419.1	GGA	G	GGG	G	158
NP|PP755592.1|A/cattle/Texas/24-008749-003/2024(H5N1)	498	G	A	0	0	0	12233	5429	33	0.999755	12236	0	TRUE	NP:cds-XAJ25419.1	CTG	L	CTA	L	166
NP|PP755592.1|A/cattle/Texas/24-008749-003/2024(H5N1)	727	A	G	12675	7022	33	130	76	31	0.0101507	12807	2.47612e-26	TRUE	NP:cds-XAJ25419.1	AGG	R	GGG	G	243
NP|PP755592.1|A/cattle/Texas/24-008749-003/2024(H5N1)	870	C	T	0	0	0	12117	5836	33	1	12117	0	TRUE	NP:cds-XAJ25419.1	GAC	D	GAT	D	290
NP|PP755592.1|A/cattle/Texas/24-008749-003/2024(H5N1)	1014	T	C	1	0	34	12771	6770	33	0.999922	12772	0	TRUE	NP:cds-XAJ25419.1	TTT	F	TTC	F	338
NP|PP755592.1|A/cattle/Texas/24-008749-003/2024(H5N1)	1092	G	A	1	1	34	13589	6582	33	0.999926	13590	0	TRUE	NP:cds-XAJ25419.1	CAG	Q	CAA	Q	364
