REGION	POS	REF	ALT	REF_DP	REF_RV	REF_QUAL	ALT_DP	ALT_RV	ALT_QUAL	ALT_FREQ	TOTAL_DP	PVAL	PASS	GFF_FEATURE	REF_CODON	REF_AA	ALT_CODON	ALT_AA	POS_AA
NP|PP755592.1|A/cattle/Texas/24-008749-003/2024(H5N1)	9	T	C	537	140	33	6	2	34	0.0110497	543	0.00017483	TRUE	NA	NA	NA	NA	NA	NA
NP|PP755592.1|A/cattle/Texas/24-008749-003/2024(H5N1)	114	A	G	3691	1833	33	105	53	33	0.0276461	3798	2.95447e-36	TRUE	NA	NA	NA	NA	NA	NA
NP|PP755592.1|A/cattle/Texas/24-008749-003/2024(H5N1)	355	A	G	1	0	34	6681	3469	33	0.999701	6683	0	TRUE	NA	NA	NA	NA	NA	NA
NP|PP755592.1|A/cattle/Texas/24-008749-003/2024(H5N1)	498	G	A	1	0	34	6810	3007	33	0.999853	6811	0	TRUE	NA	NA	NA	NA	NA	NA
NP|PP755592.1|A/cattle/Texas/24-008749-003/2024(H5N1)	870	C	T	0	0	0	7129	3338	33	1	7129	0	TRUE	NA	NA	NA	NA	NA	NA
NP|PP755592.1|A/cattle/Texas/24-008749-003/2024(H5N1)	1014	T	C	4	4	34	7737	4156	33	0.999483	7741	0	TRUE	NA	NA	NA	NA	NA	NA
NP|PP755592.1|A/cattle/Texas/24-008749-003/2024(H5N1)	1053	A	G	7188	4149	32	169	83	32	0.0229651	7359	2.13893e-45	TRUE	NA	NA	NA	NA	NA	NA
NP|PP755592.1|A/cattle/Texas/24-008749-003/2024(H5N1)	1092	G	A	1	1	34	8046	3884	33	0.996902	8071	0	TRUE	NA	NA	NA	NA	NA	NA
NP|PP755592.1|A/cattle/Texas/24-008749-003/2024(H5N1)	1337	G	A	7161	4264	33	339	229	31	0.0452	7500	1.91413e-95	TRUE	NA	NA	NA	NA	NA	NA
NP|PP755592.1|A/cattle/Texas/24-008749-003/2024(H5N1)	1338	G	A	1821	1153	33	5424	3261	33	0.748551	7246	0	TRUE	NA	NA	NA	NA	NA	NA
