REGION	POS	REF	ALT	REF_DP	REF_RV	REF_QUAL	ALT_DP	ALT_RV	ALT_QUAL	ALT_FREQ	TOTAL_DP	PVAL	PASS	GFF_FEATURE	REF_CODON	REF_AA	ALT_CODON	ALT_AA	POS_AA
NP|PP755592.1|A/cattle/Texas/24-008749-003/2024(H5N1)	188	T	C	19	11	33	7346	3330	33	0.99742	7365	0	TRUE	NP:cds-XAJ25419.1	ATA	I	ACA	T	63
NP|PP755592.1|A/cattle/Texas/24-008749-003/2024(H5N1)	313	A	G	3	2	31	6969	3422	33	0.999426	6973	0	TRUE	NP:cds-XAJ25419.1	ATG	M	GTG	V	105
NP|PP755592.1|A/cattle/Texas/24-008749-003/2024(H5N1)	498	G	A	6932	3273	33	98	35	33	0.0139403	7030	1.91057e-22	TRUE	NP:cds-XAJ25419.1	CTG	L	CTA	L	166
NP|PP755592.1|A/cattle/Texas/24-008749-003/2024(H5N1)	600	A	G	5	1	34	7592	3195	33	0.999342	7597	0	TRUE	NP:cds-XAJ25419.1	GGA	G	GGG	G	200
NP|PP755592.1|A/cattle/Texas/24-008749-003/2024(H5N1)	762	A	G	3	1	34	7167	4081	33	0.999442	7171	0	TRUE	NP:cds-XAJ25419.1	GAA	E	GAG	E	254
NP|PP755592.1|A/cattle/Texas/24-008749-003/2024(H5N1)	1015	G	A	8143	4420	33	90	35	32	0.0109316	8233	2.40086e-19	TRUE	NP:cds-XAJ25419.1	GAG	E	AAG	K	339
NP|PP755592.1|A/cattle/Texas/24-008749-003/2024(H5N1)	1231	A	G	2	1	34	7727	3900	33	0.999353	7732	0	TRUE	NP:cds-XAJ25419.1	ACA	T	GCA	A	411
