REGION	POS	REF	ALT	REF_DP	REF_RV	REF_QUAL	ALT_DP	ALT_RV	ALT_QUAL	ALT_FREQ	TOTAL_DP	PVAL	PASS	GFF_FEATURE	REF_CODON	REF_AA	ALT_CODON	ALT_AA	POS_AA
NA|PP755591.1|A/cattle/Texas/24-008749-003/2024(H5N1)	25	A	G	66	15	41	2	0	34	0.0294118	68	0.0446317	FALSE	NA:cds-XAJ25418.1	ACC	T	GCC	A	9
NA|PP755591.1|A/cattle/Texas/24-008749-003/2024(H5N1)	174	C	T	345	126	43	228	73	40	0.397906	573	5.07858e-98	TRUE	NA:cds-XAJ25418.1	AAC	N	AAT	N	58
NA|PP755591.1|A/cattle/Texas/24-008749-003/2024(H5N1)	438	T	G	583	262	38	154	86	38	0.208672	738	3.14408e-57	TRUE	NA:cds-XAJ25418.1	AAT	N	AAG	K	146
NA|PP755591.1|A/cattle/Texas/24-008749-003/2024(H5N1)	571	T	C	0	0	0	818	320	39	1	818	0	TRUE	NA:cds-XAJ25418.1	TTG	L	CTG	L	191
NA|PP755591.1|A/cattle/Texas/24-008749-003/2024(H5N1)	1185	A	G	0	0	0	787	477	38	1	787	0	TRUE	NA:cds-XAJ25418.1	GAA	E	GAG	E	395
NA|PP755591.1|A/cattle/Texas/24-008749-003/2024(H5N1)	1219	G	A	748	489	38	16	8	39	0.0209424	764	4.43285e-06	TRUE	NA:cds-XAJ25418.1	GTC	V	ATC	I	407
NA|PP755591.1|A/cattle/Texas/24-008749-003/2024(H5N1)	1271	T	C	692	511	42	7	6	43	0.0100143	699	0.00280922	TRUE	NA:cds-XAJ25418.1	GTT	V	GCT	A	424
NA|PP755591.1|A/cattle/Texas/24-008749-003/2024(H5N1)	1294	A	G	630	503	46	62	51	44	0.0895954	692	3.06807e-25	TRUE	NA:cds-XAJ25418.1	AAA	K	GAA	E	432
