REGION	POS	REF	ALT	REF_DP	REF_RV	REF_QUAL	ALT_DP	ALT_RV	ALT_QUAL	ALT_FREQ	TOTAL_DP	PVAL	PASS	GFF_FEATURE	REF_CODON	REF_AA	ALT_CODON	ALT_AA	POS_AA
NS|PP755593.1|A/cattle/Texas/24-008749-003/2024(H5N1)	74	A	G	7	1	45	12667	2123	44	0.999448	12674	0	TRUE	NS1:cds-XAJ25420.1	CAA	Q	CGA	R	25
NS|PP755593.1|A/cattle/Texas/24-008749-003/2024(H5N1)	129	A	C	16566	6776	47	465	0	26	0.0273016	17032	5.57741e-41	TRUE	NS1:cds-XAJ25420.1	CTA	L	CTC	L	43
NS|PP755593.1|A/cattle/Texas/24-008749-003/2024(H5N1)	160	A	C	1	0	24	19797	9005	46	0.999697	19803	0	TRUE	NS1:cds-XAJ25420.1	ATC	I	CTC	L	54
NS|PP755593.1|A/cattle/Texas/24-008749-003/2024(H5N1)	178	G	A	8	4	51	20417	11267	44	0.999119	20435	0	TRUE	NS1:cds-XAJ25420.1	GCT	A	ACT	T	60
NS|PP755593.1|A/cattle/Texas/24-008749-003/2024(H5N1)	199	A	G	6	2	34	20632	9781	42	0.999419	20644	0	TRUE	NS1:cds-XAJ25420.1	AGG	R	GGG	G	67
NS|PP755593.1|A/cattle/Texas/24-008749-003/2024(H5N1)	209	A	C	1	1	24	22060	11516	45	0.999773	22065	0	TRUE	NS1:cds-XAJ25420.1	GAG	E	GCG	A	70
NS|PP755593.1|A/cattle/Texas/24-008749-003/2024(H5N1)	222	T	C	3	2	40	22352	12463	46	0.999866	22355	0	TRUE	NS1:cds-XAJ25420.1	GAT	D	GAC	D	74
NS|PP755593.1|A/cattle/Texas/24-008749-003/2024(H5N1)	243	T	C	8	6	50	22885	13986	45	0.999651	22893	0	TRUE	NS1:cds-XAJ25420.1	ATT	I	ATC	I	81
NS|PP755593.1|A/cattle/Texas/24-008749-003/2024(H5N1)	371	T	C	9	2	48	22513	11242	46	0.9996	22522	0	TRUE	NS1:cds-XAJ25420.1	ATG	M	ACG	T	124
NS|PP755593.1|A/cattle/Texas/24-008749-003/2024(H5N1)	552	A	G	12	6	43	21831	10833	46	0.999405	21844	0	TRUE	NEP:cds-XAJ25421.1	GAC	D	GGC	G	17
NS|PP755593.1|A/cattle/Texas/24-008749-003/2024(H5N1)	552	A	G	12	6	43	21831	10833	46	0.999405	21844	0	TRUE	NS1:cds-XAJ25420.1	GGA	G	GGG	G	184
NS|PP755593.1|A/cattle/Texas/24-008749-003/2024(H5N1)	691	T	C	126	77	47	20007	11906	49	0.993742	20133	0	TRUE	NEP:cds-XAJ25421.1	TTT	F	TTC	F	63
NS|PP755593.1|A/cattle/Texas/24-008749-003/2024(H5N1)	691	T	C	126	77	47	20007	11906	49	0.993742	20133	0	TRUE	NS1:cds-XAJ25420.1	TGA	*	CGA	R	231
