REGION	POS	REF	ALT	REF_DP	REF_RV	REF_QUAL	ALT_DP	ALT_RV	ALT_QUAL	ALT_FREQ	TOTAL_DP	PVAL	PASS	GFF_FEATURE	REF_CODON	REF_AA	ALT_CODON	ALT_AA	POS_AA
NS|PP755593.1|A/cattle/Texas/24-008749-003/2024(H5N1)	9	C	A	10857	499	34	910	23	34	0.0773152	11770	0	TRUE	NEP:cds-XAJ25421.1	TCC	S	TCA	S	3
NS|PP755593.1|A/cattle/Texas/24-008749-003/2024(H5N1)	9	C	A	10857	499	34	910	23	34	0.0773152	11770	0	TRUE	NS1:cds-XAJ25420.1	TCC	S	TCA	S	3
NS|PP755593.1|A/cattle/Texas/24-008749-003/2024(H5N1)	178	G	A	10	5	34	39260	18280	36	0.999465	39281	0	TRUE	NS1:cds-XAJ25420.1	GCT	A	ACT	T	60
NS|PP755593.1|A/cattle/Texas/24-008749-003/2024(H5N1)	199	A	G	14	6	33	43016	17947	36	0.999466	43039	0	TRUE	NS1:cds-XAJ25420.1	AGG	R	GGG	G	67
NS|PP755593.1|A/cattle/Texas/24-008749-003/2024(H5N1)	222	T	C	3	1	34	46987	23337	37	0.99983	46995	0	TRUE	NS1:cds-XAJ25420.1	GAT	D	GAC	D	74
NS|PP755593.1|A/cattle/Texas/24-008749-003/2024(H5N1)	552	A	G	13	8	36	45212	22179	36	0.999425	45238	0	TRUE	NEP:cds-XAJ25421.1	GAC	D	GGC	G	17
NS|PP755593.1|A/cattle/Texas/24-008749-003/2024(H5N1)	552	A	G	13	8	36	45212	22179	36	0.999425	45238	0	TRUE	NS1:cds-XAJ25420.1	GGA	G	GGG	G	184
NS|PP755593.1|A/cattle/Texas/24-008749-003/2024(H5N1)	733	A	G	31023	28302	39	11598	10921	36	0.272068	42629	0	TRUE	NEP:cds-XAJ25421.1	CTA	L	CTG	L	77
NS|PP755593.1|A/cattle/Texas/24-008749-003/2024(H5N1)	781	A	G	19720	18417	37	10539	10011	34	0.348259	30262	0	TRUE	NEP:cds-XAJ25421.1	TTA	L	TTG	L	93
