REGION	POS	REF	ALT	REF_DP	REF_RV	REF_QUAL	ALT_DP	ALT_RV	ALT_QUAL	ALT_FREQ	TOTAL_DP	PVAL	PASS	GFF_FEATURE	REF_CODON	REF_AA	ALT_CODON	ALT_AA	POS_AA
PB2|PP755596.1|A/cattle/Texas/24-008749-003/2024(H5N1)	172	G	A	0	0	0	2150	977	41	1	2150	0	TRUE	PB2:cds-XAJ25426.1	GCA	A	ACA	T	58
PB2|PP755596.1|A/cattle/Texas/24-008749-003/2024(H5N1)	221	G	A	2126	1142	39	149	74	37	0.0654657	2276	1.35215e-49	TRUE	PB2:cds-XAJ25426.1	GGA	G	GAA	E	74
PB2|PP755596.1|A/cattle/Texas/24-008749-003/2024(H5N1)	240	G	A	0	0	0	2062	1147	37	1	2062	0	TRUE	PB2:cds-XAJ25426.1	AAG	K	AAA	K	80
PB2|PP755596.1|A/cattle/Texas/24-008749-003/2024(H5N1)	584	A	G	2491	1399	40	35	19	38	0.0138559	2526	7.41291e-10	TRUE	PB2:cds-XAJ25426.1	GAC	D	GGC	G	195
PB2|PP755596.1|A/cattle/Texas/24-008749-003/2024(H5N1)	630	G	A	0	0	0	2234	1304	37	1	2234	0	TRUE	PB2:cds-XAJ25426.1	GAG	E	GAA	E	210
PB2|PP755596.1|A/cattle/Texas/24-008749-003/2024(H5N1)	693	G	A	1975	1082	39	417	195	38	0.174331	2392	6.66553e-147	TRUE	PB2:cds-XAJ25426.1	GTG	V	GTA	V	231
PB2|PP755596.1|A/cattle/Texas/24-008749-003/2024(H5N1)	764	C	T	2	0	51	2448	1074	37	0.998369	2452	0	TRUE	PB2:cds-XAJ25426.1	GCA	A	GTA	V	255
PB2|PP755596.1|A/cattle/Texas/24-008749-003/2024(H5N1)	912	G	A	4	2	32	2534	1214	38	0.998424	2538	0	TRUE	PB2:cds-XAJ25426.1	GAG	E	GAA	E	304
PB2|PP755596.1|A/cattle/Texas/24-008749-003/2024(H5N1)	1118	T	C	2580	1313	38	48	20	38	0.0182648	2628	2.55011e-13	TRUE	PB2:cds-XAJ25426.1	ATT	I	ACT	T	373
PB2|PP755596.1|A/cattle/Texas/24-008749-003/2024(H5N1)	1392	G	A	0	0	0	2698	1794	38	1	2698	0	TRUE	PB2:cds-XAJ25426.1	TTG	L	TTA	L	464
PB2|PP755596.1|A/cattle/Texas/24-008749-003/2024(H5N1)	1920	G	T	2355	1237	39	117	44	36	0.0473301	2472	1.22262e-37	TRUE	PB2:cds-XAJ25426.1	GTG	V	GTT	V	640
PB2|PP755596.1|A/cattle/Texas/24-008749-003/2024(H5N1)	2009	A	G	2	2	47	2512	1279	39	0.998807	2515	0	TRUE	PB2:cds-XAJ25426.1	AAA	K	AGA	R	670
