REGION	POS	REF	ALT	REF_DP	REF_RV	REF_QUAL	ALT_DP	ALT_RV	ALT_QUAL	ALT_FREQ	TOTAL_DP	PVAL	PASS	GFF_FEATURE	REF_CODON	REF_AA	ALT_CODON	ALT_AA	POS_AA
HA|PP755589.1|A/cattle/Texas/24-008749-003/2024(H5N1)	4	G	A	68	6	32	49	4	33	0.418803	117	6.79315e-35	TRUE	HA:cds-XAJ25415.1	GAG	E	AAG	K	2
HA|PP755589.1|A/cattle/Texas/24-008749-003/2024(H5N1)	261	C	A	953	423	33	755	376	32	0.441779	1709	1.24305e-278	TRUE	HA:cds-XAJ25415.1	ATC	I	ATA	I	87
HA|PP755589.1|A/cattle/Texas/24-008749-003/2024(H5N1)	311	A	G	1	1	25	1616	638	33	0.999382	1617	0	TRUE	HA:cds-XAJ25415.1	GAC	D	GGC	G	104
HA|PP755589.1|A/cattle/Texas/24-008749-003/2024(H5N1)	392	A	G	1751	736	33	59	26	33	0.0325787	1811	1.25015e-17	TRUE	HA:cds-XAJ25415.1	CAG	Q	CGG	R	131
HA|PP755589.1|A/cattle/Texas/24-008749-003/2024(H5N1)	439	G	A	1765	1006	33	129	61	33	0.0681098	1894	1.82615e-39	TRUE	HA:cds-XAJ25415.1	GTG	V	ATG	M	147
HA|PP755589.1|A/cattle/Texas/24-008749-003/2024(H5N1)	573	G	A	1960	817	33	38	11	33	0.019019	1998	3.83953e-10	TRUE	HA:cds-XAJ25415.1	CTG	L	CTA	L	191
HA|PP755589.1|A/cattle/Texas/24-008749-003/2024(H5N1)	651	G	A	1	1	34	1901	824	33	0.999474	1902	0	TRUE	HA:cds-XAJ25415.1	GGG	G	GGA	G	217
HA|PP755589.1|A/cattle/Texas/24-008749-003/2024(H5N1)	675	G	A	2	0	30	1840	834	32	0.998914	1842	0	TRUE	HA:cds-XAJ25415.1	TTG	L	TTA	L	225
HA|PP755589.1|A/cattle/Texas/24-008749-003/2024(H5N1)	691	A	G	1769	857	33	26	15	34	0.0144847	1795	1.17887e-07	TRUE	HA:cds-XAJ25415.1	ACT	T	GCT	A	231
HA|PP755589.1|A/cattle/Texas/24-008749-003/2024(H5N1)	909	T	C	1490	808	33	198	85	33	0.117299	1688	4.90271e-63	TRUE	HA:cds-XAJ25415.1	TCT	S	TCC	S	303
HA|PP755589.1|A/cattle/Texas/24-008749-003/2024(H5N1)	982	G	A	1780	815	33	96	44	33	0.0511454	1877	4.84294e-29	TRUE	HA:cds-XAJ25415.1	GTC	V	ATC	I	328
HA|PP755589.1|A/cattle/Texas/24-008749-003/2024(H5N1)	1007	G	A	0	0	0	1725	877	33	1	1725	0	TRUE	HA:cds-XAJ25415.1	AGT	S	AAT	N	336
HA|PP755589.1|A/cattle/Texas/24-008749-003/2024(H5N1)	1052	T	A	1945	1119	33	68	4	32	0.0337804	2013	2.75615e-19	TRUE	HA:cds-XAJ25415.1	ATA	I	AAA	K	351
HA|PP755589.1|A/cattle/Texas/24-008749-003/2024(H5N1)	1173	T	C	4931	989	33	4872	656	33	0.49694	9804	0	TRUE	HA:cds-XAJ25415.1	GAT	D	GAC	D	391
