REGION	POS	REF	ALT	REF_DP	REF_RV	REF_QUAL	ALT_DP	ALT_RV	ALT_QUAL	ALT_FREQ	TOTAL_DP	PVAL	PASS	GFF_FEATURE	REF_CODON	REF_AA	ALT_CODON	ALT_AA	POS_AA
MP|PP755590.1|A/cattle/Texas/24-008749-003/2024(H5N1)	245	G	A	33	15	33	46421	21317	33	0.999182	46459	0	TRUE	M1:cds-XAJ25416.1	AGT	S	AAT	N	82
MP|PP755590.1|A/cattle/Texas/24-008749-003/2024(H5N1)	619	A	G	43258	21681	33	1478	798	33	0.0330338	44742	0	TRUE	M1:cds-XAJ25416.1	AGT	S	GGT	G	207
MP|PP755590.1|A/cattle/Texas/24-008749-003/2024(H5N1)	977	G	A	11119	9218	33	150	128	33	0.0133109	11269	1.11248e-33	TRUE	M2:cds-XAJ25417.1	GAG	E	AAG	K	88
