REGION	POS	REF	ALT	REF_DP	REF_RV	REF_QUAL	ALT_DP	ALT_RV	ALT_QUAL	ALT_FREQ	TOTAL_DP	PVAL	PASS	GFF_FEATURE	REF_CODON	REF_AA	ALT_CODON	ALT_AA	POS_AA
MP|PP755590.1|A/cattle/Texas/24-008749-003/2024(H5N1)	245	G	A	6	5	34	66301	28513	33	0.999834	66312	0	TRUE	M1:cds-XAJ25416.1	AGT	S	AAT	N	82
MP|PP755590.1|A/cattle/Texas/24-008749-003/2024(H5N1)	306	A	G	55942	30087	33	14888	8380	33	0.210155	70843	0	TRUE	M1:cds-XAJ25416.1	AAA	K	AAG	K	102
MP|PP755590.1|A/cattle/Texas/24-008749-003/2024(H5N1)	627	T	C	73575	35110	33	819	282	33	0.0110084	74398	2.30397e-163	TRUE	M1:cds-XAJ25416.1	GCT	A	GCC	A	209
MP|PP755590.1|A/cattle/Texas/24-008749-003/2024(H5N1)	738	G	A	62949	28036	33	1531	705	33	0.0237427	64483	0	TRUE	M2:cds-XAJ25417.1	TGC	C	TAC	Y	8
MP|PP755590.1|A/cattle/Texas/24-008749-003/2024(H5N1)	738	G	A	62949	28036	33	1531	705	33	0.0237427	64483	0	TRUE	M1:cds-XAJ25416.1	GTG	V	GTA	V	246
