REGION	POS	REF	ALT	REF_DP	REF_RV	REF_QUAL	ALT_DP	ALT_RV	ALT_QUAL	ALT_FREQ	TOTAL_DP	PVAL	PASS	GFF_FEATURE	REF_CODON	REF_AA	ALT_CODON	ALT_AA	POS_AA
NA|PP755591.1|A/cattle/Texas/24-008749-003/2024(H5N1)	164	C	T	3428	1190	33	3439	1230	33	0.500655	6869	0	TRUE	NA:cds-XAJ25418.1	ACC	T	ATC	I	55
NA|PP755591.1|A/cattle/Texas/24-008749-003/2024(H5N1)	571	T	C	2	0	34	8206	3745	33	0.999756	8208	0	TRUE	NA:cds-XAJ25418.1	TTG	L	CTG	L	191
NA|PP755591.1|A/cattle/Texas/24-008749-003/2024(H5N1)	903	G	A	4140	2118	33	3962	1993	33	0.488955	8103	0	TRUE	NA:cds-XAJ25418.1	CGG	R	CGA	R	301
NA|PP755591.1|A/cattle/Texas/24-008749-003/2024(H5N1)	1031	A	T	7571	3376	33	87	44	33	0.0113547	7662	4.14909e-20	TRUE	NA:cds-XAJ25418.1	TAT	Y	TTT	F	344
NA|PP755591.1|A/cattle/Texas/24-008749-003/2024(H5N1)	1185	A	G	2	2	20	7172	4239	33	0.999721	7174	0	TRUE	NA:cds-XAJ25418.1	GAA	E	GAG	E	395
NA|PP755591.1|A/cattle/Texas/24-008749-003/2024(H5N1)	1289	G	C	4291	2333	32	80	80	28	0.0183024	4371	9.39574e-05	TRUE	NA:cds-XAJ25418.1	AGG	R	ACG	T	430
NA|PP755591.1|A/cattle/Texas/24-008749-003/2024(H5N1)	1290	G	C	4640	2786	32	47	47	28	0.0100171	4692	0.515064	FALSE	NA:cds-XAJ25418.1	AGG	R	AGC	S	430
