REGION	POS	REF	ALT	REF_DP	REF_RV	REF_QUAL	ALT_DP	ALT_RV	ALT_QUAL	ALT_FREQ	TOTAL_DP	PVAL	PASS	GFF_FEATURE	REF_CODON	REF_AA	ALT_CODON	ALT_AA	POS_AA
PA|PP755594.1|A/cattle/Texas/24-008749-003/2024(H5N1)	41	T	C	522	79	33	46	8	29	0.0809859	568	1.29501e-16	TRUE	PA:cds-XAJ25422.1	GTC	V	GCC	A	14
PA|PP755594.1|A/cattle/Texas/24-008749-003/2024(H5N1)	41	T	C	522	79	33	46	8	29	0.0809859	568	1.29501e-16	TRUE	PA-X:cds-XAJ25423.1	GTC	V	GCC	A	14
PA|PP755594.1|A/cattle/Texas/24-008749-003/2024(H5N1)	981	G	A	1	1	26	2988	1192	33	0.999665	2989	0	TRUE	PA:cds-XAJ25422.1	GAG	E	GAA	E	327
PA|PP755594.1|A/cattle/Texas/24-008749-003/2024(H5N1)	1116	G	A	2815	1789	33	406	193	33	0.126048	3221	1.15453e-124	TRUE	PA:cds-XAJ25422.1	GAG	E	GAA	E	372
PA|PP755594.1|A/cattle/Texas/24-008749-003/2024(H5N1)	1294	G	A	1	1	34	3521	1830	33	0.999716	3522	0	TRUE	PA:cds-XAJ25422.1	GTT	V	ATT	I	432
PA|PP755594.1|A/cattle/Texas/24-008749-003/2024(H5N1)	2076	G	A	1460	1052	33	1715	1220	33	0.540157	3175	0	TRUE	PA:cds-XAJ25422.1	GAG	E	GAA	E	692
