REGION	POS	REF	ALT	REF_DP	REF_RV	REF_QUAL	ALT_DP	ALT_RV	ALT_QUAL	ALT_FREQ	TOTAL_DP	PVAL	PASS	GFF_FEATURE	REF_CODON	REF_AA	ALT_CODON	ALT_AA	POS_AA
PA|PP755594.1|A/cattle/Texas/24-008749-003/2024(H5N1)	252	A	G	1	0	34	2523	1535	36	0.999208	2525	0	TRUE	PA:cds-XAJ25422.1	CGA	R	CGG	R	84
PA|PP755594.1|A/cattle/Texas/24-008749-003/2024(H5N1)	252	A	G	1	0	34	2523	1535	36	0.999208	2525	0	TRUE	PA-X:cds-XAJ25423.1	CGA	R	CGG	R	84
PA|PP755594.1|A/cattle/Texas/24-008749-003/2024(H5N1)	314	T	C	2110	842	35	523	203	34	0.198633	2633	7.56816e-177	TRUE	PA:cds-XAJ25422.1	TTC	F	TCC	S	105
PA|PP755594.1|A/cattle/Texas/24-008749-003/2024(H5N1)	314	T	C	2110	842	35	523	203	34	0.198633	2633	7.56816e-177	TRUE	PA-X:cds-XAJ25423.1	TTC	F	TCC	S	105
PA|PP755594.1|A/cattle/Texas/24-008749-003/2024(H5N1)	903	C	T	3576	1302	35	363	166	35	0.0921554	3939	9.78188e-113	TRUE	PA:cds-XAJ25422.1	GGC	G	GGT	G	301
PA|PP755594.1|A/cattle/Texas/24-008749-003/2024(H5N1)	981	G	A	0	0	0	3359	1111	35	1	3359	0	TRUE	PA:cds-XAJ25422.1	GAG	E	GAA	E	327
PA|PP755594.1|A/cattle/Texas/24-008749-003/2024(H5N1)	1294	G	A	0	0	0	3887	2016	37	1	3887	0	TRUE	PA:cds-XAJ25422.1	GTT	V	ATT	I	432
