REGION	POS	REF	ALT	REF_DP	REF_RV	REF_QUAL	ALT_DP	ALT_RV	ALT_QUAL	ALT_FREQ	TOTAL_DP	PVAL	PASS	GFF_FEATURE	REF_CODON	REF_AA	ALT_CODON	ALT_AA	POS_AA
PA|PP755594.1|A/cattle/Texas/24-008749-003/2024(H5N1)	144	T	C	1488	600	33	1105	407	33	0.426147	2593	0	TRUE	NA	NA	NA	NA	NA	NA
PA|PP755594.1|A/cattle/Texas/24-008749-003/2024(H5N1)	879	A	G	2270	1128	33	103	65	33	0.043405	2373	3.34652e-29	TRUE	NA	NA	NA	NA	NA	NA
PA|PP755594.1|A/cattle/Texas/24-008749-003/2024(H5N1)	939	A	+T	2290	631	33	26	0	20	0.0111828	2325	0.38248	FALSE	NA	NA	NA	NA	NA	NA
PA|PP755594.1|A/cattle/Texas/24-008749-003/2024(H5N1)	981	G	A	0	0	0	2165	751	33	0.999538	2166	0	TRUE	NA	NA	NA	NA	NA	NA
PA|PP755594.1|A/cattle/Texas/24-008749-003/2024(H5N1)	989	T	C	2204	747	33	25	10	32	0.0112158	2229	2.4404e-06	TRUE	NA	NA	NA	NA	NA	NA
PA|PP755594.1|A/cattle/Texas/24-008749-003/2024(H5N1)	1044	T	C	2502	1193	33	35	15	32	0.0137904	2538	4.34715e-09	TRUE	NA	NA	NA	NA	NA	NA
PA|PP755594.1|A/cattle/Texas/24-008749-003/2024(H5N1)	1153	A	G	2315	1467	33	48	36	33	0.020296	2365	6.90483e-13	TRUE	NA	NA	NA	NA	NA	NA
PA|PP755594.1|A/cattle/Texas/24-008749-003/2024(H5N1)	1272	A	G	2761	1557	33	39	15	34	0.0139286	2800	2.70201e-10	TRUE	NA	NA	NA	NA	NA	NA
PA|PP755594.1|A/cattle/Texas/24-008749-003/2024(H5N1)	1294	G	A	0	0	0	2892	1496	33	1	2892	0	TRUE	NA	NA	NA	NA	NA	NA
PA|PP755594.1|A/cattle/Texas/24-008749-003/2024(H5N1)	1678	C	T	2758	1193	33	28	9	32	0.0100503	2786	3.55413e-07	TRUE	NA	NA	NA	NA	NA	NA
PA|PP755594.1|A/cattle/Texas/24-008749-003/2024(H5N1)	2037	A	G	3254	2348	33	36	23	33	0.0109323	3293	1.51924e-08	TRUE	NA	NA	NA	NA	NA	NA
