REGION	POS	REF	ALT	REF_DP	REF_RV	REF_QUAL	ALT_DP	ALT_RV	ALT_QUAL	ALT_FREQ	TOTAL_DP	PVAL	PASS	GFF_FEATURE	REF_CODON	REF_AA	ALT_CODON	ALT_AA	POS_AA
NA|PP755591.1|A/cattle/Texas/24-008749-003/2024(H5N1)	364	A	G	0	0	0	1007	522	33	1	1007	0	TRUE	NA:cds-XAJ25418.1	ATC	I	GTC	V	122
NA|PP755591.1|A/cattle/Texas/24-008749-003/2024(H5N1)	571	T	C	0	0	0	780	379	33	1	780	0	TRUE	NA:cds-XAJ25418.1	TTG	L	CTG	L	191
NA|PP755591.1|A/cattle/Texas/24-008749-003/2024(H5N1)	978	C	T	1133	475	33	43	17	32	0.0365646	1176	1.02807e-12	TRUE	NA:cds-XAJ25418.1	CCC	P	CCT	P	326
NA|PP755591.1|A/cattle/Texas/24-008749-003/2024(H5N1)	1185	A	G	84	43	33	1029	583	33	0.924528	1113	0	TRUE	NA:cds-XAJ25418.1	GAA	E	GAG	E	395
NA|PP755591.1|A/cattle/Texas/24-008749-003/2024(H5N1)	1289	G	C	888	348	32	15	15	27	0.0166113	903	0.0984846	FALSE	NA:cds-XAJ25418.1	AGG	R	ACG	T	430
NA|PP755591.1|A/cattle/Texas/24-008749-003/2024(H5N1)	1290	G	C	905	375	32	12	12	27	0.0130862	917	0.262213	FALSE	NA:cds-XAJ25418.1	AGG	R	AGC	S	430
NA|PP755591.1|A/cattle/Texas/24-008749-003/2024(H5N1)	1393	T	A	395	308	33	5	4	32	0.0125	400	0.0286405	FALSE	NA:cds-XAJ25418.1	TTC	F	ATC	I	465
