REGION	POS	REF	ALT	REF_DP	REF_RV	REF_QUAL	ALT_DP	ALT_RV	ALT_QUAL	ALT_FREQ	TOTAL_DP	PVAL	PASS	GFF_FEATURE	REF_CODON	REF_AA	ALT_CODON	ALT_AA	POS_AA
PB2|PP755596.1|A/cattle/Texas/24-008749-003/2024(H5N1)	240	G	A	0	0	0	1154	726	36	1	1154	0	TRUE	PB2:cds-XAJ25426.1	AAG	K	AAA	K	80
PB2|PP755596.1|A/cattle/Texas/24-008749-003/2024(H5N1)	288	G	A	0	0	0	1339	737	36	0.999254	1340	0	TRUE	PB2:cds-XAJ25426.1	GTG	V	GTA	V	96
PB2|PP755596.1|A/cattle/Texas/24-008749-003/2024(H5N1)	630	G	A	0	0	0	1306	782	36	0.999235	1307	0	TRUE	PB2:cds-XAJ25426.1	GAG	E	GAA	E	210
PB2|PP755596.1|A/cattle/Texas/24-008749-003/2024(H5N1)	738	A	T	0	0	0	1381	601	37	1	1381	0	TRUE	PB2:cds-XAJ25426.1	CCA	P	CCT	P	246
PB2|PP755596.1|A/cattle/Texas/24-008749-003/2024(H5N1)	764	C	T	0	0	0	1416	607	36	0.999294	1417	0	TRUE	PB2:cds-XAJ25426.1	GCA	A	GTA	V	255
PB2|PP755596.1|A/cattle/Texas/24-008749-003/2024(H5N1)	870	A	G	0	0	0	1568	541	37	0.999363	1569	0	TRUE	PB2:cds-XAJ25426.1	GGA	G	GGG	G	290
PB2|PP755596.1|A/cattle/Texas/24-008749-003/2024(H5N1)	912	G	A	0	0	0	1540	701	37	0.999351	1541	0	TRUE	PB2:cds-XAJ25426.1	GAG	E	GAA	E	304
PB2|PP755596.1|A/cattle/Texas/24-008749-003/2024(H5N1)	1085	G	C	1231	305	35	23	22	29	0.0183413	1254	0.026943	FALSE	PB2:cds-XAJ25426.1	GGG	G	GCG	A	362
PB2|PP755596.1|A/cattle/Texas/24-008749-003/2024(H5N1)	1113	G	A	0	0	0	1621	829	37	0.998153	1624	0	TRUE	PB2:cds-XAJ25426.1	ACG	T	ACA	T	371
PB2|PP755596.1|A/cattle/Texas/24-008749-003/2024(H5N1)	1392	G	A	1	1	34	1612	1111	37	0.99938	1613	0	TRUE	PB2:cds-XAJ25426.1	TTG	L	TTA	L	464
PB2|PP755596.1|A/cattle/Texas/24-008749-003/2024(H5N1)	1438	G	A	0	0	0	1499	883	37	1	1499	0	TRUE	PB2:cds-XAJ25426.1	GTC	V	ATC	I	480
PB2|PP755596.1|A/cattle/Texas/24-008749-003/2024(H5N1)	1701	T	C	0	0	0	1565	985	37	1	1565	0	TRUE	PB2:cds-XAJ25426.1	GAT	D	GAC	D	567
PB2|PP755596.1|A/cattle/Texas/24-008749-003/2024(H5N1)	2009	A	G	0	0	0	1498	792	38	1	1498	0	TRUE	PB2:cds-XAJ25426.1	AAA	K	AGA	R	670
