REGION	POS	REF	ALT	REF_DP	REF_RV	REF_QUAL	ALT_DP	ALT_RV	ALT_QUAL	ALT_FREQ	TOTAL_DP	PVAL	PASS	GFF_FEATURE	REF_CODON	REF_AA	ALT_CODON	ALT_AA	POS_AA
NS|PP755593.1|A/cattle/Texas/24-008749-003/2024(H5N1)	39	C	T	21288	2229	37	517	43	36	0.0237004	21814	5.24408e-190	TRUE	NS1:cds-XAJ25420.1	TGC	C	TGT	C	13
NS|PP755593.1|A/cattle/Texas/24-008749-003/2024(H5N1)	135	A	G	18	4	41	43924	13452	41	0.999295	43955	0	TRUE	NS1:cds-XAJ25420.1	GGA	G	GGG	G	45
NS|PP755593.1|A/cattle/Texas/24-008749-003/2024(H5N1)	222	T	C	18	8	39	51113	27146	40	0.998925	51168	0	TRUE	NS1:cds-XAJ25420.1	GAT	D	GAC	D	74
NS|PP755593.1|A/cattle/Texas/24-008749-003/2024(H5N1)	315	C	T	115	44	38	50873	26639	39	0.997549	50998	0	TRUE	NS1:cds-XAJ25420.1	CTC	L	CTT	L	105
