REGION	POS	REF	ALT	REF_DP	REF_RV	REF_QUAL	ALT_DP	ALT_RV	ALT_QUAL	ALT_FREQ	TOTAL_DP	PVAL	PASS	GFF_FEATURE	REF_CODON	REF_AA	ALT_CODON	ALT_AA	POS_AA
NA|PP755591.1|A/cattle/Texas/24-008749-003/2024(H5N1)	71	T	C	554	70	38	11	1	36	0.019469	565	6.83576e-05	TRUE	NA:cds-XAJ25418.1	CTG	L	CCG	P	24
NA|PP755591.1|A/cattle/Texas/24-008749-003/2024(H5N1)	120	A	G	770	121	39	8	0	34	0.0102828	778	0.0018878	TRUE	NA:cds-XAJ25418.1	ACA	T	ACG	T	40
NA|PP755591.1|A/cattle/Texas/24-008749-003/2024(H5N1)	137	C	-TGAACCATGCAATCAAAGCATCATTACCTA	1019	221	39	79	0	20	0.0593539	1331	1.84151e-16	TRUE	NA	NA	NA	NA	NA	NA
NA|PP755591.1|A/cattle/Texas/24-008749-003/2024(H5N1)	412	G	A	105	48	34	1330	646	38	0.926829	1435	0	TRUE	NA:cds-XAJ25418.1	GCT	A	ACT	T	138
NA|PP755591.1|A/cattle/Texas/24-008749-003/2024(H5N1)	506	C	T	1576	750	37	51	31	34	0.031346	1627	1.82943e-16	TRUE	NA:cds-XAJ25418.1	CCG	P	CTG	L	169
NA|PP755591.1|A/cattle/Texas/24-008749-003/2024(H5N1)	571	T	C	0	0	0	1572	710	37	1	1572	0	TRUE	NA:cds-XAJ25418.1	TTG	L	CTG	L	191
NA|PP755591.1|A/cattle/Texas/24-008749-003/2024(H5N1)	618	G	A	120	59	35	1479	765	37	0.924953	1599	0	TRUE	NA:cds-XAJ25418.1	TTG	L	TTA	L	206
NA|PP755591.1|A/cattle/Texas/24-008749-003/2024(H5N1)	972	C	T	1794	734	38	140	21	36	0.0723888	1934	1.1298e-45	TRUE	NA:cds-XAJ25418.1	GAC	D	GAT	D	324
NA|PP755591.1|A/cattle/Texas/24-008749-003/2024(H5N1)	1185	A	G	1	1	20	1776	1036	37	0.999437	1777	0	TRUE	NA:cds-XAJ25418.1	GAA	E	GAG	E	395
NA|PP755591.1|A/cattle/Texas/24-008749-003/2024(H5N1)	1289	G	C	1121	722	40	18	18	27	0.0157895	1140	0.0963296	FALSE	NA:cds-XAJ25418.1	AGG	R	ACG	T	430
