REGION	POS	REF	ALT	REF_DP	REF_RV	REF_QUAL	ALT_DP	ALT_RV	ALT_QUAL	ALT_FREQ	TOTAL_DP	PVAL	PASS	GFF_FEATURE	REF_CODON	REF_AA	ALT_CODON	ALT_AA	POS_AA
PB2|PP755596.1|A/cattle/Texas/24-008749-003/2024(H5N1)	7	A	G	118	63	33	2	1	34	0.0166667	120	0.0157398	FALSE	PB2:cds-XAJ25426.1	AGA	R	GGA	G	3
PB2|PP755596.1|A/cattle/Texas/24-008749-003/2024(H5N1)	240	G	A	3	1	34	1976	1004	32	0.998484	1979	0	TRUE	PB2:cds-XAJ25426.1	AAG	K	AAA	K	80
PB2|PP755596.1|A/cattle/Texas/24-008749-003/2024(H5N1)	630	G	A	5	3	34	2431	1244	33	0.997538	2437	0	TRUE	PB2:cds-XAJ25426.1	GAG	E	GAA	E	210
PB2|PP755596.1|A/cattle/Texas/24-008749-003/2024(H5N1)	764	C	T	1	0	20	2324	1152	33	0.99957	2325	0	TRUE	PB2:cds-XAJ25426.1	GCA	A	GTA	V	255
PB2|PP755596.1|A/cattle/Texas/24-008749-003/2024(H5N1)	912	G	A	11	5	27	2792	1319	33	0.996076	2803	0	TRUE	PB2:cds-XAJ25426.1	GAG	E	GAA	E	304
PB2|PP755596.1|A/cattle/Texas/24-008749-003/2024(H5N1)	1392	G	A	1	1	34	2951	1614	33	0.999661	2952	0	TRUE	PB2:cds-XAJ25426.1	TTG	L	TTA	L	464
PB2|PP755596.1|A/cattle/Texas/24-008749-003/2024(H5N1)	1419	G	A	2853	1533	33	41	16	32	0.0141623	2895	6.35266e-11	TRUE	PB2:cds-XAJ25426.1	ATG	M	ATA	I	473
PB2|PP755596.1|A/cattle/Texas/24-008749-003/2024(H5N1)	1428	G	A	2812	1498	33	41	22	33	0.0143708	2853	6.43487e-11	TRUE	PB2:cds-XAJ25426.1	AGG	R	AGA	R	476
PB2|PP755596.1|A/cattle/Texas/24-008749-003/2024(H5N1)	2009	A	G	3	2	29	2945	1539	33	0.998982	2948	0	TRUE	PB2:cds-XAJ25426.1	AAA	K	AGA	R	670
