REGION	POS	REF	ALT	REF_DP	REF_RV	REF_QUAL	ALT_DP	ALT_RV	ALT_QUAL	ALT_FREQ	TOTAL_DP	PVAL	PASS	GFF_FEATURE	REF_CODON	REF_AA	ALT_CODON	ALT_AA	POS_AA
PB1|PP755595.1|A/cattle/Texas/24-008749-003/2024(H5N1)	8	T	C	65	0	35	1	0	34	0.0151515	66	0.0946915	FALSE	PB1:cds-XAJ25424.1	GTC	V	GCC	A	3
PB1|PP755595.1|A/cattle/Texas/24-008749-003/2024(H5N1)	644	G	A	2440	1334	35	55	31	36	0.0220353	2496	3.09027e-16	TRUE	PB1:cds-XAJ25424.1	AGG	R	AAG	K	215
PB1|PP755595.1|A/cattle/Texas/24-008749-003/2024(H5N1)	1712	G	A	4035	1563	36	186	76	34	0.0440654	4221	5.04824e-56	TRUE	PB1:cds-XAJ25424.1	AGG	R	AAG	K	571
PB1|PP755595.1|A/cattle/Texas/24-008749-003/2024(H5N1)	1770	G	A	3	3	45	3883	2032	36	0.998457	3889	0	TRUE	PB1:cds-XAJ25424.1	CTG	L	CTA	L	590
