REGION	POS	REF	ALT	REF_DP	REF_RV	REF_QUAL	ALT_DP	ALT_RV	ALT_QUAL	ALT_FREQ	TOTAL_DP	PVAL	PASS	GFF_FEATURE	REF_CODON	REF_AA	ALT_CODON	ALT_AA	POS_AA
NS|PP755593.1|A/cattle/Texas/24-008749-003/2024(H5N1)	199	A	G	13	3	32	46931	21127	33	0.999425	46958	0	TRUE	NS1:cds-XAJ25420.1	AGG	R	GGG	G	67
NS|PP755593.1|A/cattle/Texas/24-008749-003/2024(H5N1)	222	T	C	13	6	32	50790	25733	33	0.999469	50817	0	TRUE	NS1:cds-XAJ25420.1	GAT	D	GAC	D	74
NS|PP755593.1|A/cattle/Texas/24-008749-003/2024(H5N1)	236	T	A	49558	27232	33	2054	1075	33	0.0397877	51624	0	TRUE	NS1:cds-XAJ25420.1	ATG	M	AAG	K	79
NS|PP755593.1|A/cattle/Texas/24-008749-003/2024(H5N1)	426	G	A	52944	27790	33	3374	1462	32	0.0599066	56321	0	TRUE	NS1:cds-XAJ25420.1	GAG	E	GAA	E	142
