REGION	POS	REF	ALT	REF_DP	REF_RV	REF_QUAL	ALT_DP	ALT_RV	ALT_QUAL	ALT_FREQ	TOTAL_DP	PVAL	PASS	GFF_FEATURE	REF_CODON	REF_AA	ALT_CODON	ALT_AA	POS_AA
PB2|PP755596.1|A/cattle/Texas/24-008749-003/2024(H5N1)	240	G	A	0	0	0	207	110	33	1	207	2.5655e-126	TRUE	PB2:cds-XAJ25426.1	AAG	K	AAA	K	80
PB2|PP755596.1|A/cattle/Texas/24-008749-003/2024(H5N1)	473	A	G	238	98	33	7	4	34	0.0285714	245	0.00737379	TRUE	PB2:cds-XAJ25426.1	GAG	E	GGG	G	158
PB2|PP755596.1|A/cattle/Texas/24-008749-003/2024(H5N1)	545	A	G	262	145	33	4	2	34	0.0150376	266	0.0599653	FALSE	PB2:cds-XAJ25426.1	CAA	Q	CGA	R	182
PB2|PP755596.1|A/cattle/Texas/24-008749-003/2024(H5N1)	630	G	A	0	0	0	233	142	33	1	233	9.10903e-153	TRUE	PB2:cds-XAJ25426.1	GAG	E	GAA	E	210
PB2|PP755596.1|A/cattle/Texas/24-008749-003/2024(H5N1)	705	C	T	282	144	33	3	1	34	0.0105263	285	0.123688	FALSE	PB2:cds-XAJ25426.1	ACC	T	ACT	T	235
PB2|PP755596.1|A/cattle/Texas/24-008749-003/2024(H5N1)	764	C	T	0	0	0	271	126	33	1	271	2.18745e-165	TRUE	PB2:cds-XAJ25426.1	GCA	A	GTA	V	255
PB2|PP755596.1|A/cattle/Texas/24-008749-003/2024(H5N1)	912	G	A	0	0	0	303	130	33	0.996711	304	1.87935e-183	TRUE	PB2:cds-XAJ25426.1	GAG	E	GAA	E	304
PB2|PP755596.1|A/cattle/Texas/24-008749-003/2024(H5N1)	939	A	G	335	147	33	18	12	33	0.0509915	353	2.97673e-06	TRUE	PB2:cds-XAJ25426.1	GCA	A	GCG	A	313
PB2|PP755596.1|A/cattle/Texas/24-008749-003/2024(H5N1)	1085	G	C	195	63	31	3	3	20	0.0151515	198	0.343201	FALSE	PB2:cds-XAJ25426.1	GGG	G	GCG	A	362
PB2|PP755596.1|A/cattle/Texas/24-008749-003/2024(H5N1)	1392	G	A	0	0	0	428	272	33	1	428	1.36134e-261	TRUE	PB2:cds-XAJ25426.1	TTG	L	TTA	L	464
PB2|PP755596.1|A/cattle/Texas/24-008749-003/2024(H5N1)	2009	A	G	0	0	0	333	178	33	1	333	4.35435e-202	TRUE	PB2:cds-XAJ25426.1	AAA	K	AGA	R	670
