REGION	POS	REF	ALT	REF_DP	REF_RV	REF_QUAL	ALT_DP	ALT_RV	ALT_QUAL	ALT_FREQ	TOTAL_DP	PVAL	PASS	GFF_FEATURE	REF_CODON	REF_AA	ALT_CODON	ALT_AA	POS_AA
PB1|PP755595.1|A/cattle/Texas/24-008749-003/2024(H5N1)	945	T	C	0	0	0	344	184	33	1	344	1.05337e-208	TRUE	PB1:cds-XAJ25424.1	CCT	P	CCC	P	315
PB1|PP755595.1|A/cattle/Texas/24-008749-003/2024(H5N1)	1707	A	G	0	0	0	544	221	33	1	544	0	TRUE	PB1:cds-XAJ25424.1	CAA	Q	CAG	Q	569
PB1|PP755595.1|A/cattle/Texas/24-008749-003/2024(H5N1)	1908	A	G	1	0	24	1495	759	33	0.999332	1496	0	TRUE	PB1:cds-XAJ25424.1	GAA	E	GAG	E	636
PB1|PP755595.1|A/cattle/Texas/24-008749-003/2024(H5N1)	2024	T	-TAA	6132	2694	33	68	0	20	0.0105214	6463	0.30791	FALSE	NA	NA	NA	NA	NA	NA
PB1|PP755595.1|A/cattle/Texas/24-008749-003/2024(H5N1)	2076	C	T	8579	4237	33	381	155	33	0.0425223	8960	2.1455e-106	TRUE	PB1:cds-XAJ25424.1	TGC	C	TGT	C	692
PB1|PP755595.1|A/cattle/Texas/24-008749-003/2024(H5N1)	2083	C	-TATT	8877	4356	33	260	0	20	0.0276979	9387	4.60606e-21	TRUE	NA	NA	NA	NA	NA	NA
PB1|PP755595.1|A/cattle/Texas/24-008749-003/2024(H5N1)	2231	T	-G	8961	7030	33	143	0	20	0.0156114	9160	0.000320164	TRUE	NA	NA	NA	NA	NA	NA
