REGION	POS	REF	ALT	REF_DP	REF_RV	REF_QUAL	ALT_DP	ALT_RV	ALT_QUAL	ALT_FREQ	TOTAL_DP	PVAL	PASS	GFF_FEATURE	REF_CODON	REF_AA	ALT_CODON	ALT_AA	POS_AA
PB1|PP755595.1|A/cattle/Texas/24-008749-003/2024(H5N1)	151	G	+A	620	104	36	11	0	20	0.0156472	703	0.173473	FALSE	NA	NA	NA	NA	NA	NA
PB1|PP755595.1|A/cattle/Texas/24-008749-003/2024(H5N1)	465	T	C	0	0	0	804	329	34	1	804	0	TRUE	PB1:cds-XAJ25424.1	CTT	L	CTC	L	155
PB1|PP755595.1|A/cattle/Texas/24-008749-003/2024(H5N1)	549	G	A	1	1	34	832	337	36	0.9988	833	0	TRUE	PB1:cds-XAJ25424.1	ACG	T	ACA	T	183
PB1|PP755595.1|A/cattle/Texas/24-008749-003/2024(H5N1)	670	C	T	848	417	35	10	5	34	0.011655	858	0.000725425	TRUE	PB1:cds-XAJ25424.1	CTG	L	TTG	L	224
PB1|PP755595.1|A/cattle/Texas/24-008749-003/2024(H5N1)	945	T	C	0	0	0	822	512	35	1	822	0	TRUE	PB1:cds-XAJ25424.1	CCT	P	CCC	P	315
PB1|PP755595.1|A/cattle/Texas/24-008749-003/2024(H5N1)	1080	G	A	760	320	35	23	12	34	0.0293742	783	3.78083e-08	TRUE	PB1:cds-XAJ25424.1	AAG	K	AAA	K	360
PB1|PP755595.1|A/cattle/Texas/24-008749-003/2024(H5N1)	1192	G	A	790	435	35	22	4	37	0.0270936	812	9.24445e-08	TRUE	PB1:cds-XAJ25424.1	GAT	D	AAT	N	398
PB1|PP755595.1|A/cattle/Texas/24-008749-003/2024(H5N1)	1395	A	G	1	1	68	1463	367	35	0.999317	1464	0	TRUE	PB1:cds-XAJ25424.1	AGA	R	AGG	R	465
PB1|PP755595.1|A/cattle/Texas/24-008749-003/2024(H5N1)	1477	A	G	2478	530	37	50	4	36	0.0197785	2528	8.87939e-15	TRUE	PB1:cds-XAJ25424.1	ACA	T	GCA	A	493
PB1|PP755595.1|A/cattle/Texas/24-008749-003/2024(H5N1)	1563	A	G	1	0	34	2481	1175	37	0.999597	2482	0	TRUE	PB1:cds-XAJ25424.1	GCA	A	GCG	A	521
PB1|PP755595.1|A/cattle/Texas/24-008749-003/2024(H5N1)	1689	A	G	1	0	34	3228	1189	35	0.99969	3229	0	TRUE	PB1:cds-XAJ25424.1	AGA	R	AGG	R	563
