REGION	POS	REF	ALT	REF_DP	REF_RV	REF_QUAL	ALT_DP	ALT_RV	ALT_QUAL	ALT_FREQ	TOTAL_DP	PVAL	PASS	GFF_FEATURE	REF_CODON	REF_AA	ALT_CODON	ALT_AA	POS_AA
NS|PP755593.1|A/cattle/Texas/24-008749-003/2024(H5N1)	132	A	G	24	11	33	38200	17538	33	0.999346	38225	0	TRUE	NS1:cds-XAJ25420.1	AGA	R	AGG	R	44
NS|PP755593.1|A/cattle/Texas/24-008749-003/2024(H5N1)	164	A	C	2	0	34	36429	18620	33	0.999808	36436	0	TRUE	NS1:cds-XAJ25420.1	GAG	E	GCG	A	55
NS|PP755593.1|A/cattle/Texas/24-008749-003/2024(H5N1)	174	T	C	14	8	34	38700	20944	33	0.999613	38715	0	TRUE	NS1:cds-XAJ25420.1	ACT	T	ACC	T	58
NS|PP755593.1|A/cattle/Texas/24-008749-003/2024(H5N1)	222	T	C	11	8	34	40930	21539	33	0.999609	40946	0	TRUE	NS1:cds-XAJ25420.1	GAT	D	GAC	D	74
NS|PP755593.1|A/cattle/Texas/24-008749-003/2024(H5N1)	757	A	G	12	8	33	36507	23510	33	0.999589	36522	0	TRUE	NEP:cds-XAJ25421.1	GAA	E	GAG	E	85
