REGION	POS	REF	ALT	REF_DP	REF_RV	REF_QUAL	ALT_DP	ALT_RV	ALT_QUAL	ALT_FREQ	TOTAL_DP	PVAL	PASS	GFF_FEATURE	REF_CODON	REF_AA	ALT_CODON	ALT_AA	POS_AA
NS|PP755593.1|A/cattle/Texas/24-008749-003/2024(H5N1)	189	G	A	23	20	40	29275	14859	40	0.99884	29309	0	TRUE	NS1:cds-XAJ25420.1	CAG	Q	CAA	Q	63
NS|PP755593.1|A/cattle/Texas/24-008749-003/2024(H5N1)	208	G	A	9	5	49	30528	15587	42	0.99964	30539	0	TRUE	NS1:cds-XAJ25420.1	GAG	E	AAG	K	70
NS|PP755593.1|A/cattle/Texas/24-008749-003/2024(H5N1)	222	T	C	10	3	43	30736	16901	42	0.999642	30747	0	TRUE	NS1:cds-XAJ25420.1	GAT	D	GAC	D	74
NS|PP755593.1|A/cattle/Texas/24-008749-003/2024(H5N1)	651	G	A	9	2	40	26237	13274	42	0.999543	26249	0	TRUE	NEP:cds-XAJ25421.1	AGC	S	AAC	N	50
NS|PP755593.1|A/cattle/Texas/24-008749-003/2024(H5N1)	651	G	A	9	2	40	26237	13274	42	0.999543	26249	0	TRUE	NS1:cds-XAJ25420.1	AAG	K	AAA	K	217
