REGION	POS	REF	ALT	REF_DP	REF_RV	REF_QUAL	ALT_DP	ALT_RV	ALT_QUAL	ALT_FREQ	TOTAL_DP	PVAL	PASS	GFF_FEATURE	REF_CODON	REF_AA	ALT_CODON	ALT_AA	POS_AA
NS|PP755593.1|A/cattle/Texas/24-008749-003/2024(H5N1)	64	T	G	6844	1406	33	287	66	33	0.0402412	7132	2.26413e-109	TRUE	NA	NA	NA	NA	NA	NA
NS|PP755593.1|A/cattle/Texas/24-008749-003/2024(H5N1)	199	A	G	0	0	0	14411	6748	33	0.999931	14412	0	TRUE	NA	NA	NA	NA	NA	NA
NS|PP755593.1|A/cattle/Texas/24-008749-003/2024(H5N1)	222	T	C	3	1	34	15332	8171	33	0.999804	15335	0	TRUE	NA	NA	NA	NA	NA	NA
NS|PP755593.1|A/cattle/Texas/24-008749-003/2024(H5N1)	249	T	C	15585	8798	33	261	119	33	0.01647	15847	5.544e-60	TRUE	NA	NA	NA	NA	NA	NA
NS|PP755593.1|A/cattle/Texas/24-008749-003/2024(H5N1)	252	G	A	13565	7638	33	2598	1326	33	0.160737	16163	0	TRUE	NA	NA	NA	NA	NA	NA
NS|PP755593.1|A/cattle/Texas/24-008749-003/2024(H5N1)	453	T	C	14277	6420	33	521	174	33	0.0352075	14798	1.18679e-139	TRUE	NA	NA	NA	NA	NA	NA
NS|PP755593.1|A/cattle/Texas/24-008749-003/2024(H5N1)	543	C	T	14419	7786	33	906	491	32	0.0590959	15331	5.15341e-258	TRUE	NA	NA	NA	NA	NA	NA
NS|PP755593.1|A/cattle/Texas/24-008749-003/2024(H5N1)	616	A	T	7662	4355	33	6177	3507	33	0.445703	13859	0	TRUE	NA	NA	NA	NA	NA	NA
NS|PP755593.1|A/cattle/Texas/24-008749-003/2024(H5N1)	625	G	A	13220	6840	33	433	202	32	0.0317146	13653	1.88542e-113	TRUE	NA	NA	NA	NA	NA	NA
NS|PP755593.1|A/cattle/Texas/24-008749-003/2024(H5N1)	735	A	T	14218	10836	33	158	128	33	0.0109898	14377	2.68491e-33	TRUE	NA	NA	NA	NA	NA	NA
NS|PP755593.1|A/cattle/Texas/24-008749-003/2024(H5N1)	738	T	C	12105	8750	33	447	335	33	0.0355863	12561	3.51827e-126	TRUE	NA	NA	NA	NA	NA	NA
