REGION	POS	REF	ALT	REF_DP	REF_RV	REF_QUAL	ALT_DP	ALT_RV	ALT_QUAL	ALT_FREQ	TOTAL_DP	PVAL	PASS	GFF_FEATURE	REF_CODON	REF_AA	ALT_CODON	ALT_AA	POS_AA
NS|PP755593.1|A/cattle/Texas/24-008749-003/2024(H5N1)	8	C	G	48	16	37	1	1	26	0.0204082	49	0.391952	FALSE	NEP:cds-XAJ25421.1	TCC	S	TGC	C	3
NS|PP755593.1|A/cattle/Texas/24-008749-003/2024(H5N1)	8	C	G	48	16	37	1	1	26	0.0204082	49	0.391952	FALSE	NS1:cds-XAJ25420.1	TCC	S	TGC	C	3
NS|PP755593.1|A/cattle/Texas/24-008749-003/2024(H5N1)	154	C	A	13322	6717	65	180	98	63	0.0133235	13510	2.05198e-86	TRUE	NS1:cds-XAJ25420.1	CTG	L	ATG	M	52
NS|PP755593.1|A/cattle/Texas/24-008749-003/2024(H5N1)	178	G	A	52	39	47	12266	9393	45	0.995375	12323	0	TRUE	NS1:cds-XAJ25420.1	GCT	A	ACT	T	60
NS|PP755593.1|A/cattle/Texas/24-008749-003/2024(H5N1)	199	A	G	35	19	39	23581	9886	41	0.997969	23629	0	TRUE	NS1:cds-XAJ25420.1	AGG	R	GGG	G	67
NS|PP755593.1|A/cattle/Texas/24-008749-003/2024(H5N1)	222	T	C	21	14	39	23453	7979	47	0.999063	23475	0	TRUE	NS1:cds-XAJ25420.1	GAT	D	GAC	D	74
NS|PP755593.1|A/cattle/Texas/24-008749-003/2024(H5N1)	509	C	A	19083	9587	50	9742	6718	51	0.337631	28854	0	TRUE	NEP:cds-XAJ25421.1	CTG	L	ATG	M	3
NS|PP755593.1|A/cattle/Texas/24-008749-003/2024(H5N1)	509	C	A	19083	9587	50	9742	6718	51	0.337631	28854	0	TRUE	NS1:cds-XAJ25420.1	ACT	T	AAT	N	170
NS|PP755593.1|A/cattle/Texas/24-008749-003/2024(H5N1)	552	A	G	13	8	43	25483	13321	45	0.999412	25498	0	TRUE	NEP:cds-XAJ25421.1	GAC	D	GGC	G	17
NS|PP755593.1|A/cattle/Texas/24-008749-003/2024(H5N1)	552	A	G	13	8	43	25483	13321	45	0.999412	25498	0	TRUE	NS1:cds-XAJ25420.1	GGA	G	GGG	G	184
NS|PP755593.1|A/cattle/Texas/24-008749-003/2024(H5N1)	616	A	G	15803	7812	63	564	74	38	0.034447	16373	4.06487e-222	TRUE	NEP:cds-XAJ25421.1	GCA	A	GCG	A	38
NS|PP755593.1|A/cattle/Texas/24-008749-003/2024(H5N1)	616	A	G	15803	7812	63	564	74	38	0.034447	16373	4.06487e-222	TRUE	NS1:cds-XAJ25420.1	AGT	S	GGT	G	206
NS|PP755593.1|A/cattle/Texas/24-008749-003/2024(H5N1)	757	A	C	3658	1974	63	110	51	62	0.0291314	3776	1.06697e-52	TRUE	NEP:cds-XAJ25421.1	GAA	E	GAC	D	85
