REGION	POS	REF	ALT	REF_DP	REF_RV	REF_QUAL	ALT_DP	ALT_RV	ALT_QUAL	ALT_FREQ	TOTAL_DP	PVAL	PASS	GFF_FEATURE	REF_CODON	REF_AA	ALT_CODON	ALT_AA	POS_AA
PB1|PP755595.1|A/cattle/Texas/24-008749-003/2024(H5N1)	288	A	G	1922	984	41	22	9	38	0.0113169	1944	1.31952e-06	TRUE	PB1:cds-XAJ25424.1	GAA	E	GAG	E	96
PB1|PP755595.1|A/cattle/Texas/24-008749-003/2024(H5N1)	288	A	G	1922	984	41	22	9	38	0.0113169	1944	1.31952e-06	TRUE	PB1-F2:cds-XAJ25425.1	AAG	K	AGG	R	65
PB1|PP755595.1|A/cattle/Texas/24-008749-003/2024(H5N1)	444	G	A	2	2	51	1835	868	40	0.998911	1837	0	TRUE	PB1:cds-XAJ25424.1	GAG	E	GAA	E	148
PB1|PP755595.1|A/cattle/Texas/24-008749-003/2024(H5N1)	945	T	C	0	0	0	1823	1006	41	1	1823	0	TRUE	PB1:cds-XAJ25424.1	CCT	P	CCC	P	315
PB1|PP755595.1|A/cattle/Texas/24-008749-003/2024(H5N1)	1581	A	G	0	0	0	2482	1382	41	1	2482	0	TRUE	PB1:cds-XAJ25424.1	GTA	V	GTG	V	527
PB1|PP755595.1|A/cattle/Texas/24-008749-003/2024(H5N1)	1677	T	C	0	0	0	2621	1038	41	0.998857	2624	0	TRUE	PB1:cds-XAJ25424.1	TAT	Y	TAC	Y	559
PB1|PP755595.1|A/cattle/Texas/24-008749-003/2024(H5N1)	2022	T	C	2	2	26	3076	1267	41	0.999026	3079	0	TRUE	PB1:cds-XAJ25424.1	ATT	I	ATC	I	674
