REGION	POS	REF	ALT	REF_DP	REF_RV	REF_QUAL	ALT_DP	ALT_RV	ALT_QUAL	ALT_FREQ	TOTAL_DP	PVAL	PASS	GFF_FEATURE	REF_CODON	REF_AA	ALT_CODON	ALT_AA	POS_AA
HA|PP755589.1|A/cattle/Texas/24-008749-003/2024(H5N1)	311	A	G	0	0	0	2803	1258	33	1	2803	0	TRUE	HA:cds-XAJ25415.1	GAC	D	GGC	G	104
HA|PP755589.1|A/cattle/Texas/24-008749-003/2024(H5N1)	439	G	A	3	2	32	2922	1578	33	0.998633	2926	0	TRUE	HA:cds-XAJ25415.1	GTG	V	ATG	M	147
HA|PP755589.1|A/cattle/Texas/24-008749-003/2024(H5N1)	651	G	A	5	0	34	3223	1355	33	0.998451	3228	0	TRUE	HA:cds-XAJ25415.1	GGG	G	GGA	G	217
HA|PP755589.1|A/cattle/Texas/24-008749-003/2024(H5N1)	675	G	A	6	5	32	3041	1369	32	0.998031	3047	0	TRUE	HA:cds-XAJ25415.1	TTG	L	TTA	L	225
HA|PP755589.1|A/cattle/Texas/24-008749-003/2024(H5N1)	756	T	C	2615	1343	33	223	101	33	0.0785488	2839	1.98942e-68	TRUE	HA:cds-XAJ25415.1	GAT	D	GAC	D	252
HA|PP755589.1|A/cattle/Texas/24-008749-003/2024(H5N1)	1007	G	A	4	3	34	2933	1679	33	0.998638	2937	0	TRUE	HA:cds-XAJ25415.1	AGT	S	AAT	N	336
