REGION	POS	REF	ALT	REF_DP	REF_RV	REF_QUAL	ALT_DP	ALT_RV	ALT_QUAL	ALT_FREQ	TOTAL_DP	PVAL	PASS	GFF_FEATURE	REF_CODON	REF_AA	ALT_CODON	ALT_AA	POS_AA
NS|PP755593.1|A/cattle/Texas/24-008749-003/2024(H5N1)	114	A	G	23169	5654	33	429	101	33	0.0181764	23602	1.07973e-123	TRUE	NS1:cds-XAJ25420.1	CGA	R	CGG	R	38
NS|PP755593.1|A/cattle/Texas/24-008749-003/2024(H5N1)	199	A	G	51	19	31	28297	12469	33	0.998131	28350	0	TRUE	NS1:cds-XAJ25420.1	AGG	R	GGG	G	67
NS|PP755593.1|A/cattle/Texas/24-008749-003/2024(H5N1)	222	T	C	8	4	33	31349	15907	33	0.999713	31358	0	TRUE	NS1:cds-XAJ25420.1	GAT	D	GAC	D	74
NS|PP755593.1|A/cattle/Texas/24-008749-003/2024(H5N1)	599	G	A	28199	15792	33	948	535	33	0.0325237	29148	6.08138e-248	TRUE	NEP:cds-XAJ25421.1	GAT	D	AAT	N	33
NS|PP755593.1|A/cattle/Texas/24-008749-003/2024(H5N1)	599	G	A	28199	15792	33	948	535	33	0.0325237	29148	6.08138e-248	TRUE	NS1:cds-XAJ25420.1	AGA	R	AAA	K	200
