REGION	POS	REF	ALT	REF_DP	REF_RV	REF_QUAL	ALT_DP	ALT_RV	ALT_QUAL	ALT_FREQ	TOTAL_DP	PVAL	PASS	GFF_FEATURE	REF_CODON	REF_AA	ALT_CODON	ALT_AA	POS_AA
PA|PP755594.1|A/cattle/Texas/24-008749-003/2024(H5N1)	56	A	-AGCAAT	622	58	35	36	0	20	0.0201005	1791	3.32327e-10	TRUE	NA	NA	NA	NA	NA	NA
PA|PP755594.1|A/cattle/Texas/24-008749-003/2024(H5N1)	57	A	-GCAAT	616	58	35	28	0	20	0.0155989	1795	3.73109e-07	TRUE	NA	NA	NA	NA	NA	NA
PA|PP755594.1|A/cattle/Texas/24-008749-003/2024(H5N1)	59	C	-AATGAAAGAAT	658	63	35	25	0	20	0.0135281	1848	1.42537e-05	TRUE	NA	NA	NA	NA	NA	NA
PA|PP755594.1|A/cattle/Texas/24-008749-003/2024(H5N1)	144	T	C	0	0	0	1684	567	38	1	1684	0	TRUE	PA:cds-XAJ25422.1	TAT	Y	TAC	Y	48
PA|PP755594.1|A/cattle/Texas/24-008749-003/2024(H5N1)	144	T	C	0	0	0	1684	567	38	1	1684	0	TRUE	PA-X:cds-XAJ25423.1	TAT	Y	TAC	Y	48
PA|PP755594.1|A/cattle/Texas/24-008749-003/2024(H5N1)	194	C	-TGGCGATCCAAATGCAT	1675	889	37	22	0	20	0.0114108	1928	0.234184	FALSE	NA	NA	NA	NA	NA	NA
PA|PP755594.1|A/cattle/Texas/24-008749-003/2024(H5N1)	202	C	T	0	0	0	1700	930	37	1	1700	0	TRUE	PA:cds-XAJ25422.1	CCA	P	TCA	S	68
PA|PP755594.1|A/cattle/Texas/24-008749-003/2024(H5N1)	202	C	T	0	0	0	1700	930	37	1	1700	0	TRUE	PA-X:cds-XAJ25423.1	CCA	P	TCA	S	68
PA|PP755594.1|A/cattle/Texas/24-008749-003/2024(H5N1)	295	G	A	1196	495	34	627	217	34	0.343939	1823	5.29622e-230	TRUE	PA:cds-XAJ25422.1	GGG	G	AGG	R	99
PA|PP755594.1|A/cattle/Texas/24-008749-003/2024(H5N1)	295	G	A	1196	495	34	627	217	34	0.343939	1823	5.29622e-230	TRUE	PA-X:cds-XAJ25423.1	GGG	G	AGG	R	99
PA|PP755594.1|A/cattle/Texas/24-008749-003/2024(H5N1)	711	A	G	1761	1054	34	170	94	35	0.0879917	1932	4.78377e-55	TRUE	PA:cds-XAJ25422.1	GAA	E	GAG	E	237
PA|PP755594.1|A/cattle/Texas/24-008749-003/2024(H5N1)	711	A	G	1761	1054	34	170	94	35	0.0879917	1932	4.78377e-55	TRUE	PA-X:cds-XAJ25423.1	AAC	N	AGC	S	47
PA|PP755594.1|A/cattle/Texas/24-008749-003/2024(H5N1)	981	G	A	0	0	0	2172	794	36	1	2172	0	TRUE	PA:cds-XAJ25422.1	GAG	E	GAA	E	327
PA|PP755594.1|A/cattle/Texas/24-008749-003/2024(H5N1)	1294	G	A	1	1	34	2594	1305	38	0.999615	2595	0	TRUE	PA:cds-XAJ25422.1	GTT	V	ATT	I	432
PA|PP755594.1|A/cattle/Texas/24-008749-003/2024(H5N1)	1687	C	T	0	0	0	2756	1127	35	1	2756	0	TRUE	PA:cds-XAJ25422.1	CTG	L	TTG	L	563
PA|PP755594.1|A/cattle/Texas/24-008749-003/2024(H5N1)	1963	C	T	198	125	37	1998	1213	36	0.909422	2197	0	TRUE	PA:cds-XAJ25422.1	CTC	L	TTC	F	655
PA|PP755594.1|A/cattle/Texas/24-008749-003/2024(H5N1)	2049	T	-G	2067	1700	39	58	0	20	0.0216822	2675	3.31454e-06	TRUE	NA	NA	NA	NA	NA	NA
