REGION	POS	REF	ALT	REF_DP	REF_RV	REF_QUAL	ALT_DP	ALT_RV	ALT_QUAL	ALT_FREQ	TOTAL_DP	PVAL	PASS	GFF_FEATURE	REF_CODON	REF_AA	ALT_CODON	ALT_AA	POS_AA
PA|PP755594.1|A/cattle/Texas/24-008749-003/2024(H5N1)	56	A	-AGCAATG	1636	297	38	50	0	20	0.0110181	4538	9.65324e-08	TRUE	NA	NA	NA	NA	NA	NA
PA|PP755594.1|A/cattle/Texas/24-008749-003/2024(H5N1)	199	G	A	3275	2055	42	634	348	41	0.16219	3909	6.12726e-244	TRUE	PA:cds-XAJ25422.1	GAT	D	AAT	N	67
PA|PP755594.1|A/cattle/Texas/24-008749-003/2024(H5N1)	199	G	A	3275	2055	42	634	348	41	0.16219	3909	6.12726e-244	TRUE	PA-X:cds-XAJ25423.1	GAT	D	AAT	N	67
PA|PP755594.1|A/cattle/Texas/24-008749-003/2024(H5N1)	252	A	G	1	0	34	3737	2391	41	0.999732	3738	0	TRUE	PA:cds-XAJ25422.1	CGA	R	CGG	R	84
PA|PP755594.1|A/cattle/Texas/24-008749-003/2024(H5N1)	252	A	G	1	0	34	3737	2391	41	0.999732	3738	0	TRUE	PA-X:cds-XAJ25423.1	CGA	R	CGG	R	84
PA|PP755594.1|A/cattle/Texas/24-008749-003/2024(H5N1)	981	G	A	0	0	0	3934	1499	39	1	3934	0	TRUE	PA:cds-XAJ25422.1	GAG	E	GAA	E	327
PA|PP755594.1|A/cattle/Texas/24-008749-003/2024(H5N1)	984	A	G	37	33	30	3918	1494	39	0.990645	3955	0	TRUE	PA:cds-XAJ25422.1	AAA	K	AAG	K	328
PA|PP755594.1|A/cattle/Texas/24-008749-003/2024(H5N1)	1137	G	A	3590	2237	38	523	302	37	0.127127	4114	1.34719e-178	TRUE	PA:cds-XAJ25422.1	GTG	V	GTA	V	379
PA|PP755594.1|A/cattle/Texas/24-008749-003/2024(H5N1)	1294	G	A	0	0	0	4557	2318	45	0.999342	4560	0	TRUE	PA:cds-XAJ25422.1	GTT	V	ATT	I	432
PA|PP755594.1|A/cattle/Texas/24-008749-003/2024(H5N1)	1452	A	G	1	0	34	4687	1832	41	0.999787	4688	0	TRUE	PA:cds-XAJ25422.1	CCA	P	CCG	P	484
PA|PP755594.1|A/cattle/Texas/24-008749-003/2024(H5N1)	1608	A	G	1	1	34	4312	2587	39	0.999305	4315	0	TRUE	PA:cds-XAJ25422.1	AAA	K	AAG	K	536
PA|PP755594.1|A/cattle/Texas/24-008749-003/2024(H5N1)	1792	G	T	3961	1664	41	602	227	41	0.131931	4563	1.78991e-228	TRUE	PA:cds-XAJ25422.1	GCC	A	TCC	S	598
PA|PP755594.1|A/cattle/Texas/24-008749-003/2024(H5N1)	1974	T	C	0	0	0	5488	2662	39	1	5488	0	TRUE	PA:cds-XAJ25422.1	TTT	F	TTC	F	658
PA|PP755594.1|A/cattle/Texas/24-008749-003/2024(H5N1)	2049	T	-G	5030	3318	46	96	0	20	0.0127524	7528	2.36812e-05	TRUE	NA	NA	NA	NA	NA	NA
