REGION	POS	REF	ALT	REF_DP	REF_RV	REF_QUAL	ALT_DP	ALT_RV	ALT_QUAL	ALT_FREQ	TOTAL_DP	PVAL	PASS	GFF_FEATURE	REF_CODON	REF_AA	ALT_CODON	ALT_AA	POS_AA
PB1|PP755595.1|A/cattle/Texas/24-008749-003/2024(H5N1)	32	A	-AGTTCC	12	3	30	17	0	20	0.548387	31	1.87006e-07	TRUE	NA	NA	NA	NA	NA	NA
PB1|PP755595.1|A/cattle/Texas/24-008749-003/2024(H5N1)	149	C	+TT	16	4	33	1	0	20	0.0625	16	0.53125	FALSE	NA	NA	NA	NA	NA	NA
PB1|PP755595.1|A/cattle/Texas/24-008749-003/2024(H5N1)	168	A	G	38	13	33	1	1	24	0.025641	39	0.5	FALSE	NA	NA	NA	NA	NA	NA
PB1|PP755595.1|A/cattle/Texas/24-008749-003/2024(H5N1)	483	A	C	36	9	33	1	0	20	0.027027	37	0.486842	FALSE	NA	NA	NA	NA	NA	NA
PB1|PP755595.1|A/cattle/Texas/24-008749-003/2024(H5N1)	581	A	G	35	12	33	1	0	34	0.0277778	36	0.507042	FALSE	NA	NA	NA	NA	NA	NA
PB1|PP755595.1|A/cattle/Texas/24-008749-003/2024(H5N1)	795	A	G	41	19	32	1	0	34	0.0238095	42	0.506024	FALSE	NA	NA	NA	NA	NA	NA
PB1|PP755595.1|A/cattle/Texas/24-008749-003/2024(H5N1)	800	A	G	42	18	33	1	1	34	0.0232558	43	0.505882	FALSE	NA	NA	NA	NA	NA	NA
PB1|PP755595.1|A/cattle/Texas/24-008749-003/2024(H5N1)	825	C	G	49	26	33	1	0	34	0.02	50	0.505051	FALSE	NA	NA	NA	NA	NA	NA
PB1|PP755595.1|A/cattle/Texas/24-008749-003/2024(H5N1)	878	C	T	53	34	33	1	1	34	0.0185185	54	0.5	FALSE	NA	NA	NA	NA	NA	NA
PB1|PP755595.1|A/cattle/Texas/24-008749-003/2024(H5N1)	945	T	C	0	0	0	54	36	32	1	54	5.30666e-33	TRUE	NA	NA	NA	NA	NA	NA
PB1|PP755595.1|A/cattle/Texas/24-008749-003/2024(H5N1)	981	G	A	22	12	32	34	16	33	0.607143	56	1.77987e-14	TRUE	NA	NA	NA	NA	NA	NA
PB1|PP755595.1|A/cattle/Texas/24-008749-003/2024(H5N1)	1064	A	G	68	23	32	1	1	34	0.0144928	69	0.50365	FALSE	NA	NA	NA	NA	NA	NA
PB1|PP755595.1|A/cattle/Texas/24-008749-003/2024(H5N1)	1085	T	C	55	16	33	11	4	32	0.166667	66	0.000310338	TRUE	NA	NA	NA	NA	NA	NA
PB1|PP755595.1|A/cattle/Texas/24-008749-003/2024(H5N1)	1143	C	T	73	31	33	1	0	34	0.0135135	74	0.5	FALSE	NA	NA	NA	NA	NA	NA
PB1|PP755595.1|A/cattle/Texas/24-008749-003/2024(H5N1)	1158	G	A	69	28	33	2	1	34	0.028169	71	0.251773	FALSE	NA	NA	NA	NA	NA	NA
PB1|PP755595.1|A/cattle/Texas/24-008749-003/2024(H5N1)	1256	T	C	170	46	33	2	1	34	0.0116279	172	0.250729	FALSE	NA	NA	NA	NA	NA	NA
PB1|PP755595.1|A/cattle/Texas/24-008749-003/2024(H5N1)	1678	C	T	971	385	33	78	43	33	0.0743565	1049	1.77484e-23	TRUE	NA	NA	NA	NA	NA	NA
