REGION	POS	REF	ALT	REF_DP	REF_RV	REF_QUAL	ALT_DP	ALT_RV	ALT_QUAL	ALT_FREQ	TOTAL_DP	PVAL	PASS	GFF_FEATURE	REF_CODON	REF_AA	ALT_CODON	ALT_AA	POS_AA
PA|PP755594.1|A/cattle/Texas/24-008749-003/2024(H5N1)	144	T	C	0	0	0	2114	858	33	1	2114	0	TRUE	PA:cds-XAJ25422.1	TAT	Y	TAC	Y	48
PA|PP755594.1|A/cattle/Texas/24-008749-003/2024(H5N1)	144	T	C	0	0	0	2114	858	33	1	2114	0	TRUE	PA-X:cds-XAJ25423.1	TAT	Y	TAC	Y	48
PA|PP755594.1|A/cattle/Texas/24-008749-003/2024(H5N1)	202	C	T	0	0	0	2127	1155	33	1	2127	0	TRUE	PA:cds-XAJ25422.1	CCA	P	TCA	S	68
PA|PP755594.1|A/cattle/Texas/24-008749-003/2024(H5N1)	202	C	T	0	0	0	2127	1155	33	1	2127	0	TRUE	PA-X:cds-XAJ25423.1	CCA	P	TCA	S	68
PA|PP755594.1|A/cattle/Texas/24-008749-003/2024(H5N1)	630	C	T	2728	1258	33	49	32	33	0.0176449	2777	2.45982e-13	TRUE	PA:cds-XAJ25422.1	ACC	T	ACT	T	210
PA|PP755594.1|A/cattle/Texas/24-008749-003/2024(H5N1)	630	C	T	2728	1258	33	49	32	33	0.0176449	2777	2.45982e-13	TRUE	PA-X:cds-XAJ25423.1	CCA	P	CTA	L	20
PA|PP755594.1|A/cattle/Texas/24-008749-003/2024(H5N1)	739	T	G	88	29	32	2249	1255	33	0.962345	2337	0	TRUE	PA:cds-XAJ25422.1	TCT	S	GCT	A	247
PA|PP755594.1|A/cattle/Texas/24-008749-003/2024(H5N1)	739	T	G	88	29	32	2249	1255	33	0.962345	2337	0	TRUE	PA-X:cds-XAJ25423.1	TTT	F	TTG	L	56
PA|PP755594.1|A/cattle/Texas/24-008749-003/2024(H5N1)	981	G	A	1	0	34	2617	970	33	0.999236	2619	0	TRUE	PA:cds-XAJ25422.1	GAG	E	GAA	E	327
PA|PP755594.1|A/cattle/Texas/24-008749-003/2024(H5N1)	1294	G	A	0	0	0	3048	1605	33	1	3048	0	TRUE	PA:cds-XAJ25422.1	GTT	V	ATT	I	432
PA|PP755594.1|A/cattle/Texas/24-008749-003/2024(H5N1)	1554	A	G	122	66	33	2884	1736	33	0.959415	3006	0	TRUE	PA:cds-XAJ25422.1	GTA	V	GTG	V	518
PA|PP755594.1|A/cattle/Texas/24-008749-003/2024(H5N1)	1687	C	T	0	0	0	3176	1303	33	1	3176	0	TRUE	PA:cds-XAJ25422.1	CTG	L	TTG	L	563
PA|PP755594.1|A/cattle/Texas/24-008749-003/2024(H5N1)	1956	T	C	141	85	33	2545	1367	33	0.947506	2686	0	TRUE	PA:cds-XAJ25422.1	TCT	S	TCC	S	652
PA|PP755594.1|A/cattle/Texas/24-008749-003/2024(H5N1)	1963	C	T	12	8	33	2440	1306	33	0.993485	2456	0	TRUE	PA:cds-XAJ25422.1	CTC	L	TTC	F	655
