REGION	POS	REF	ALT	REF_DP	REF_RV	REF_QUAL	ALT_DP	ALT_RV	ALT_QUAL	ALT_FREQ	TOTAL_DP	PVAL	PASS	GFF_FEATURE	REF_CODON	REF_AA	ALT_CODON	ALT_AA	POS_AA
NS|PP755593.1|A/cattle/Texas/24-008749-003/2024(H5N1)	199	A	G	6	4	39	43603	21144	38	0.999794	43612	0	TRUE	NS1:cds-XAJ25420.1	AGG	R	GGG	G	67
NS|PP755593.1|A/cattle/Texas/24-008749-003/2024(H5N1)	222	T	C	8	7	36	45014	24586	40	0.999778	45024	0	TRUE	NS1:cds-XAJ25420.1	GAT	D	GAC	D	74
NS|PP755593.1|A/cattle/Texas/24-008749-003/2024(H5N1)	682	T	C	2772	1662	42	36443	21076	42	0.929171	39221	0	TRUE	NEP:cds-XAJ25421.1	AGT	S	AGC	S	60
NS|PP755593.1|A/cattle/Texas/24-008749-003/2024(H5N1)	682	T	C	2772	1662	42	36443	21076	42	0.929171	39221	0	TRUE	NS1:cds-XAJ25420.1	TCA	S	CCA	P	228
