REGION	POS	REF	ALT	REF_DP	REF_RV	REF_QUAL	ALT_DP	ALT_RV	ALT_QUAL	ALT_FREQ	TOTAL_DP	PVAL	PASS	GFF_FEATURE	REF_CODON	REF_AA	ALT_CODON	ALT_AA	POS_AA
NA|PP755591.1|A/cattle/Texas/24-008749-003/2024(H5N1)	223	C	T	0	0	0	952	448	40	1	952	0	TRUE	NA:cds-XAJ25418.1	CTT	L	TTT	F	75
NA|PP755591.1|A/cattle/Texas/24-008749-003/2024(H5N1)	571	T	C	0	0	0	1081	523	40	1	1081	0	TRUE	NA:cds-XAJ25418.1	TTG	L	CTG	L	191
NA|PP755591.1|A/cattle/Texas/24-008749-003/2024(H5N1)	981	C	T	1071	509	40	14	2	33	0.0129032	1085	0.000119909	TRUE	NA:cds-XAJ25418.1	CGC	R	CGT	R	327
NA|PP755591.1|A/cattle/Texas/24-008749-003/2024(H5N1)	1062	T	C	0	0	0	1084	513	41	0.999078	1085	0	TRUE	NA:cds-XAJ25418.1	GGT	G	GGC	G	354
NA|PP755591.1|A/cattle/Texas/24-008749-003/2024(H5N1)	1137	G	A	0	0	0	1139	623	41	1	1139	0	TRUE	NA:cds-XAJ25418.1	GGG	G	GGA	G	379
NA|PP755591.1|A/cattle/Texas/24-008749-003/2024(H5N1)	1185	A	G	0	0	0	1030	614	37	1	1030	0	TRUE	NA:cds-XAJ25418.1	GAA	E	GAG	E	395
NA|PP755591.1|A/cattle/Texas/24-008749-003/2024(H5N1)	1289	G	C	588	324	42	8	8	28	0.0133779	598	0.311536	FALSE	NA:cds-XAJ25418.1	AGG	R	ACG	T	430
NA|PP755591.1|A/cattle/Texas/24-008749-003/2024(H5N1)	1290	G	C	625	390	44	8	8	29	0.0125392	638	0.359099	FALSE	NA:cds-XAJ25418.1	AGG	R	AGC	S	430
