REGION	POS	REF	ALT	REF_DP	REF_RV	REF_QUAL	ALT_DP	ALT_RV	ALT_QUAL	ALT_FREQ	TOTAL_DP	PVAL	PASS	GFF_FEATURE	REF_CODON	REF_AA	ALT_CODON	ALT_AA	POS_AA
NP|PP755592.1|A/cattle/Texas/24-008749-003/2024(H5N1)	165	G	A	8343	3217	36	555	205	35	0.0623666	8899	1.2863e-169	TRUE	NP:cds-XAJ25419.1	AGG	R	AGA	R	55
NP|PP755592.1|A/cattle/Texas/24-008749-003/2024(H5N1)	276	T	C	8811	4217	36	580	249	35	0.0617613	9391	8.75632e-178	TRUE	NP:cds-XAJ25419.1	ACT	T	ACC	T	92
NP|PP755592.1|A/cattle/Texas/24-008749-003/2024(H5N1)	355	A	G	5	3	40	9385	5122	36	0.999255	9392	0	TRUE	NP:cds-XAJ25419.1	ATT	I	GTT	V	119
NP|PP755592.1|A/cattle/Texas/24-008749-003/2024(H5N1)	498	G	A	3	2	31	9565	4408	35	0.999478	9570	0	TRUE	NP:cds-XAJ25419.1	CTG	L	CTA	L	166
NP|PP755592.1|A/cattle/Texas/24-008749-003/2024(H5N1)	543	G	A	9221	3330	36	305	92	35	0.0320143	9527	2.271e-84	TRUE	NP:cds-XAJ25419.1	GCG	A	GCA	A	181
NP|PP755592.1|A/cattle/Texas/24-008749-003/2024(H5N1)	556	G	A	9586	3484	36	363	125	36	0.0364824	9950	3.75173e-103	TRUE	NP:cds-XAJ25419.1	GTT	V	ATT	I	186
NP|PP755592.1|A/cattle/Texas/24-008749-003/2024(H5N1)	783	A	G	10002	5955	36	596	374	36	0.0562317	10599	1.92188e-180	TRUE	NP:cds-XAJ25419.1	CGA	R	CGG	R	261
NP|PP755592.1|A/cattle/Texas/24-008749-003/2024(H5N1)	870	C	T	1	0	34	9472	4202	35	0.999894	9473	0	TRUE	NP:cds-XAJ25419.1	GAC	D	GAT	D	290
NP|PP755592.1|A/cattle/Texas/24-008749-003/2024(H5N1)	1014	T	C	0	0	0	10413	5675	36	0.999904	10414	0	TRUE	NP:cds-XAJ25419.1	TTT	F	TTC	F	338
NP|PP755592.1|A/cattle/Texas/24-008749-003/2024(H5N1)	1092	G	A	5	3	30	10820	5349	37	0.999538	10825	0	TRUE	NP:cds-XAJ25419.1	CAG	Q	CAA	Q	364
NP|PP755592.1|A/cattle/Texas/24-008749-003/2024(H5N1)	1130	G	A	9842	5087	37	2079	961	36	0.174383	11922	0	TRUE	NP:cds-XAJ25419.1	AGT	S	AAT	N	377
NP|PP755592.1|A/cattle/Texas/24-008749-003/2024(H5N1)	1355	G	A	10148	7668	40	342	257	39	0.0326025	10490	1.65879e-102	TRUE	NP:cds-XAJ25419.1	AGA	R	AAA	K	452
