REGION	POS	REF	ALT	REF_DP	REF_RV	REF_QUAL	ALT_DP	ALT_RV	ALT_QUAL	ALT_FREQ	TOTAL_DP	PVAL	PASS	GFF_FEATURE	REF_CODON	REF_AA	ALT_CODON	ALT_AA	POS_AA
PB1|PP755595.1|A/cattle/Texas/24-008749-003/2024(H5N1)	32	A	-AGTTCCAGCGCAAAATGCCAT	113	8	39	5	0	20	0.0121065	413	0.0294251	FALSE	NA	NA	NA	NA	NA	NA
PB1|PP755595.1|A/cattle/Texas/24-008749-003/2024(H5N1)	119	T	-G	471	78	38	11	0	20	0.0149457	736	0.0523896	FALSE	NA	NA	NA	NA	NA	NA
PB1|PP755595.1|A/cattle/Texas/24-008749-003/2024(H5N1)	155	A	G	531	144	39	21	8	37	0.0380435	552	4.8992e-08	TRUE	PB1:cds-XAJ25424.1	AAA	K	AGA	R	52
PB1|PP755595.1|A/cattle/Texas/24-008749-003/2024(H5N1)	155	A	G	531	144	39	21	8	37	0.0380435	552	4.8992e-08	TRUE	PB1-F2:cds-XAJ25425.1	AAG	K	GAG	E	21
PB1|PP755595.1|A/cattle/Texas/24-008749-003/2024(H5N1)	186	G	A	3	1	39	540	181	38	0.994475	543	0	TRUE	PB1:cds-XAJ25424.1	GGG	G	GGA	G	62
PB1|PP755595.1|A/cattle/Texas/24-008749-003/2024(H5N1)	186	G	A	3	1	39	540	181	38	0.994475	543	0	TRUE	PB1-F2:cds-XAJ25425.1	GGG	G	GAG	E	31
PB1|PP755595.1|A/cattle/Texas/24-008749-003/2024(H5N1)	303	A	G	549	297	39	12	7	42	0.0213904	561	6.7577e-05	TRUE	PB1:cds-XAJ25424.1	GGA	G	GGG	G	101
PB1|PP755595.1|A/cattle/Texas/24-008749-003/2024(H5N1)	303	A	G	549	297	39	12	7	42	0.0213904	561	6.7577e-05	TRUE	PB1-F2:cds-XAJ25425.1	GAA	E	GGA	G	70
PB1|PP755595.1|A/cattle/Texas/24-008749-003/2024(H5N1)	465	T	C	0	0	0	520	230	37	0.998081	521	0	TRUE	PB1:cds-XAJ25424.1	CTT	L	CTC	L	155
PB1|PP755595.1|A/cattle/Texas/24-008749-003/2024(H5N1)	549	G	A	4	1	51	477	197	40	0.991684	481	3.4627e-316	TRUE	PB1:cds-XAJ25424.1	ACG	T	ACA	T	183
PB1|PP755595.1|A/cattle/Texas/24-008749-003/2024(H5N1)	945	T	C	0	0	0	511	292	39	1	511	0	TRUE	PB1:cds-XAJ25424.1	CCT	P	CCC	P	315
PB1|PP755595.1|A/cattle/Texas/24-008749-003/2024(H5N1)	1266	G	A	711	283	40	10	5	40	0.0138696	721	0.000337764	TRUE	PB1:cds-XAJ25424.1	TCG	S	TCA	S	422
PB1|PP755595.1|A/cattle/Texas/24-008749-003/2024(H5N1)	1549	A	G	11	3	51	3793	2056	41	0.997108	3804	0	TRUE	PB1:cds-XAJ25424.1	ATC	I	GTC	V	517
PB1|PP755595.1|A/cattle/Texas/24-008749-003/2024(H5N1)	1563	A	G	0	0	0	3824	2102	41	1	3824	0	TRUE	PB1:cds-XAJ25424.1	GCA	A	GCG	A	521
PB1|PP755595.1|A/cattle/Texas/24-008749-003/2024(H5N1)	1689	A	G	0	0	0	4209	1653	39	1	4209	0	TRUE	PB1:cds-XAJ25424.1	AGA	R	AGG	R	563
