REGION	POS	REF	ALT	REF_DP	REF_RV	REF_QUAL	ALT_DP	ALT_RV	ALT_QUAL	ALT_FREQ	TOTAL_DP	PVAL	PASS	GFF_FEATURE	REF_CODON	REF_AA	ALT_CODON	ALT_AA	POS_AA
HA|PP755589.1|A/cattle/Texas/24-008749-003/2024(H5N1)	24	T	C	161	10	36	4	0	32	0.0242424	165	0.00553193	TRUE	HA:cds-XAJ25415.1	CTT	L	CTC	L	8
HA|PP755589.1|A/cattle/Texas/24-008749-003/2024(H5N1)	357	C	T	538	189	36	288	130	35	0.348668	826	7.2401e-108	TRUE	HA:cds-XAJ25415.1	CAC	H	CAT	H	119
HA|PP755589.1|A/cattle/Texas/24-008749-003/2024(H5N1)	417	A	C	779	343	37	11	4	37	0.0139241	790	0.000234868	TRUE	HA:cds-XAJ25415.1	CCA	P	CCC	P	139
HA|PP755589.1|A/cattle/Texas/24-008749-003/2024(H5N1)	465	A	G	1	1	34	764	374	36	0.998693	765	0	TRUE	HA:cds-XAJ25415.1	GGA	G	GGG	G	155
HA|PP755589.1|A/cattle/Texas/24-008749-003/2024(H5N1)	651	G	A	0	0	0	813	337	35	1	813	0	TRUE	HA:cds-XAJ25415.1	GGG	G	GGA	G	217
HA|PP755589.1|A/cattle/Texas/24-008749-003/2024(H5N1)	831	C	T	558	312	36	320	195	35	0.364465	878	5.153e-120	TRUE	HA:cds-XAJ25415.1	GAC	D	GAT	D	277
HA|PP755589.1|A/cattle/Texas/24-008749-003/2024(H5N1)	836	C	T	871	504	36	15	12	37	0.01693	886	1.43126e-05	TRUE	HA:cds-XAJ25415.1	ACA	T	ATA	I	279
HA|PP755589.1|A/cattle/Texas/24-008749-003/2024(H5N1)	862	G	A	912	485	36	21	6	32	0.022508	933	1.86617e-06	TRUE	HA:cds-XAJ25415.1	GGC	G	AGC	S	288
HA|PP755589.1|A/cattle/Texas/24-008749-003/2024(H5N1)	1146	C	-A	2084	402	36	32	0	20	0.0141781	2257	0.070674	FALSE	NA	NA	NA	NA	NA	NA
HA|PP755589.1|A/cattle/Texas/24-008749-003/2024(H5N1)	1238	G	A	2523	553	37	53	12	38	0.0205666	2577	9.91432e-16	TRUE	HA:cds-XAJ25415.1	AGG	R	AAG	K	413
HA|PP755589.1|A/cattle/Texas/24-008749-003/2024(H5N1)	1275	G	A	0	0	0	2264	797	37	1	2264	0	TRUE	HA:cds-XAJ25415.1	TTG	L	TTA	L	425
HA|PP755589.1|A/cattle/Texas/24-008749-003/2024(H5N1)	1281	G	A	1666	685	37	674	277	36	0.288034	2340	2.21984e-250	TRUE	HA:cds-XAJ25415.1	AAG	K	AAA	K	427
HA|PP755589.1|A/cattle/Texas/24-008749-003/2024(H5N1)	1292	A	G	2278	1076	34	51	19	36	0.0218978	2329	1.69722e-15	TRUE	HA:cds-XAJ25415.1	GAC	D	GGC	G	431
HA|PP755589.1|A/cattle/Texas/24-008749-003/2024(H5N1)	1524	A	G	2422	1464	38	90	59	37	0.035828	2512	5.21379e-28	TRUE	HA:cds-XAJ25415.1	TCA	S	TCG	S	508
HA|PP755589.1|A/cattle/Texas/24-008749-003/2024(H5N1)	1609	A	G	1696	1505	40	700	612	41	0.292032	2397	2.71475e-272	TRUE	HA:cds-XAJ25415.1	ACA	T	GCA	A	537
