REGION	POS	REF	ALT	REF_DP	REF_RV	REF_QUAL	ALT_DP	ALT_RV	ALT_QUAL	ALT_FREQ	TOTAL_DP	PVAL	PASS	GFF_FEATURE	REF_CODON	REF_AA	ALT_CODON	ALT_AA	POS_AA
NP|PP755592.1|A/cattle/Texas/24-008749-003/2024(H5N1)	406	T	C	1865	1112	32	3692	2152	33	0.664387	5557	0	TRUE	NP:cds-XAJ25419.1	TTG	L	CTG	L	136
NP|PP755592.1|A/cattle/Texas/24-008749-003/2024(H5N1)	432	T	C	3600	2135	33	2030	1188	33	0.360504	5631	0	TRUE	NP:cds-XAJ25419.1	AAT	N	AAC	N	144
NP|PP755592.1|A/cattle/Texas/24-008749-003/2024(H5N1)	762	A	G	1	0	34	5358	3227	33	0.999813	5359	0	TRUE	NP:cds-XAJ25419.1	GAA	E	GAG	E	254
NP|PP755592.1|A/cattle/Texas/24-008749-003/2024(H5N1)	765	T	C	3718	2235	33	1687	992	33	0.312118	5405	0	TRUE	NP:cds-XAJ25419.1	GAT	D	GAC	D	255
NP|PP755592.1|A/cattle/Texas/24-008749-003/2024(H5N1)	906	T	C	5251	2423	33	194	83	33	0.035629	5445	2.06226e-52	TRUE	NP:cds-XAJ25419.1	GAT	D	GAC	D	302
NP|PP755592.1|A/cattle/Texas/24-008749-003/2024(H5N1)	1059	C	T	1855	920	33	3324	1760	33	0.641823	5179	0	TRUE	NP:cds-XAJ25419.1	GTC	V	GTT	V	353
NP|PP755592.1|A/cattle/Texas/24-008749-003/2024(H5N1)	1482	G	A	2067	1956	33	702	660	31	0.253521	2769	7.12119e-240	TRUE	NP:cds-XAJ25419.1	GAG	E	GAA	E	494
