REGION	POS	REF	ALT	REF_DP	REF_RV	REF_QUAL	ALT_DP	ALT_RV	ALT_QUAL	ALT_FREQ	TOTAL_DP	PVAL	PASS	GFF_FEATURE	REF_CODON	REF_AA	ALT_CODON	ALT_AA	POS_AA
NS|PP755593.1|A/cattle/Texas/24-008749-003/2024(H5N1)	64	T	G	1	0	30	8479	1537	39	0.999175	8486	0	TRUE	NS1:cds-XAJ25420.1	TTT	F	GTT	V	22
NS|PP755593.1|A/cattle/Texas/24-008749-003/2024(H5N1)	199	A	G	8	7	33	16832	7943	39	0.999347	16843	0	TRUE	NS1:cds-XAJ25420.1	AGG	R	GGG	G	67
NS|PP755593.1|A/cattle/Texas/24-008749-003/2024(H5N1)	222	T	C	2	1	34	17411	9357	40	0.99977	17415	0	TRUE	NS1:cds-XAJ25420.1	GAT	D	GAC	D	74
NS|PP755593.1|A/cattle/Texas/24-008749-003/2024(H5N1)	579	A	G	17436	9057	39	433	256	38	0.0242292	17871	1.39733e-118	TRUE	NEP:cds-XAJ25421.1	GAG	E	GGG	G	26
NS|PP755593.1|A/cattle/Texas/24-008749-003/2024(H5N1)	579	A	G	17436	9057	39	433	256	38	0.0242292	17871	1.39733e-118	TRUE	NS1:cds-XAJ25420.1	CGA	R	CGG	R	193
