REGION	POS	REF	ALT	REF_DP	REF_RV	REF_QUAL	ALT_DP	ALT_RV	ALT_QUAL	ALT_FREQ	TOTAL_DP	PVAL	PASS	GFF_FEATURE	REF_CODON	REF_AA	ALT_CODON	ALT_AA	POS_AA
PB1|PP755595.1|A/cattle/Texas/24-008749-003/2024(H5N1)	8	T	C	50	10	40	2	1	48	0.0384615	52	0.0171271	FALSE	PB1:cds-XAJ25424.1	GTC	V	GCC	A	3
PB1|PP755595.1|A/cattle/Texas/24-008749-003/2024(H5N1)	337	G	A	1	1	28	878	481	56	0.997727	880	0	TRUE	PB1:cds-XAJ25424.1	GTT	V	ATT	I	113
PB1|PP755595.1|A/cattle/Texas/24-008749-003/2024(H5N1)	337	G	A	1	1	28	878	481	56	0.997727	880	0	TRUE	PB1-F2:cds-XAJ25425.1	AAG	K	AAA	K	81
PB1|PP755595.1|A/cattle/Texas/24-008749-003/2024(H5N1)	447	C	A	0	0	0	877	431	51	1	877	0	TRUE	PB1:cds-XAJ25424.1	GTC	V	GTA	V	149
PB1|PP755595.1|A/cattle/Texas/24-008749-003/2024(H5N1)	498	C	T	5	1	29	809	361	52	0.993857	814	0	TRUE	PB1:cds-XAJ25424.1	TTC	F	TTT	F	166
PB1|PP755595.1|A/cattle/Texas/24-008749-003/2024(H5N1)	632	G	A	2	1	58	827	401	56	0.997587	829	0	TRUE	PB1:cds-XAJ25424.1	AGG	R	AAG	K	211
PB1|PP755595.1|A/cattle/Texas/24-008749-003/2024(H5N1)	936	C	T	0	0	0	797	412	52	1	797	0	TRUE	PB1:cds-XAJ25424.1	AAC	N	AAT	N	312
PB1|PP755595.1|A/cattle/Texas/24-008749-003/2024(H5N1)	1167	A	T	0	0	0	863	471	57	1	863	0	TRUE	PB1:cds-XAJ25424.1	ATA	I	ATT	I	389
PB1|PP755595.1|A/cattle/Texas/24-008749-003/2024(H5N1)	1260	A	G	1	1	77	784	344	51	0.998726	785	0	TRUE	PB1:cds-XAJ25424.1	GGA	G	GGG	G	420
PB1|PP755595.1|A/cattle/Texas/24-008749-003/2024(H5N1)	1278	A	G	0	0	0	807	384	50	1	807	0	TRUE	PB1:cds-XAJ25424.1	CTA	L	CTG	L	426
PB1|PP755595.1|A/cattle/Texas/24-008749-003/2024(H5N1)	1365	T	C	0	0	0	884	430	53	1	884	0	TRUE	PB1:cds-XAJ25424.1	AAT	N	AAC	N	455
PB1|PP755595.1|A/cattle/Texas/24-008749-003/2024(H5N1)	1449	C	T	0	0	0	1297	578	56	1	1297	0	TRUE	PB1:cds-XAJ25424.1	TAC	Y	TAT	Y	483
PB1|PP755595.1|A/cattle/Texas/24-008749-003/2024(H5N1)	1524	G	A	0	0	0	1298	604	57	1	1298	0	TRUE	PB1:cds-XAJ25424.1	GAG	E	GAA	E	508
PB1|PP755595.1|A/cattle/Texas/24-008749-003/2024(H5N1)	1698	A	C	1	1	27	1534	729	52	0.998698	1536	0	TRUE	PB1:cds-XAJ25424.1	ACA	T	ACC	T	566
PB1|PP755595.1|A/cattle/Texas/24-008749-003/2024(H5N1)	1869	G	A	0	0	0	1523	830	54	0.999344	1524	0	TRUE	PB1:cds-XAJ25424.1	AGG	R	AGA	R	623
