REGION	POS	REF	ALT	REF_DP	REF_RV	REF_QUAL	ALT_DP	ALT_RV	ALT_QUAL	ALT_FREQ	TOTAL_DP	PVAL	PASS	GFF_FEATURE	REF_CODON	REF_AA	ALT_CODON	ALT_AA	POS_AA
NA|PP755591.1|A/cattle/Texas/24-008749-003/2024(H5N1)	571	T	C	2	1	34	4831	2356	33	0.999379	4834	0	TRUE	NA:cds-XAJ25418.1	TTG	L	CTG	L	191
NA|PP755591.1|A/cattle/Texas/24-008749-003/2024(H5N1)	701	T	C	4573	2335	33	79	35	33	0.0169746	4654	3.0372e-20	TRUE	NA:cds-XAJ25418.1	GTA	V	GCA	A	234
NA|PP755591.1|A/cattle/Texas/24-008749-003/2024(H5N1)	1169	A	G	6062	3321	33	76	48	33	0.0123819	6138	1.64131e-17	TRUE	NA:cds-XAJ25418.1	AAG	K	AGG	R	390
NA|PP755591.1|A/cattle/Texas/24-008749-003/2024(H5N1)	1185	A	G	7	3	32	5530	3038	33	0.998375	5539	0	TRUE	NA:cds-XAJ25418.1	GAA	E	GAG	E	395
NA|PP755591.1|A/cattle/Texas/24-008749-003/2024(H5N1)	1289	G	C	3972	1588	32	54	54	28	0.0134095	4027	0.0646527	FALSE	NA:cds-XAJ25418.1	AGG	R	ACG	T	430
