REGION	POS	REF	ALT	REF_DP	REF_RV	REF_QUAL	ALT_DP	ALT_RV	ALT_QUAL	ALT_FREQ	TOTAL_DP	PVAL	PASS	GFF_FEATURE	REF_CODON	REF_AA	ALT_CODON	ALT_AA	POS_AA
PB2|PP755596.1|A/cattle/Texas/24-008749-003/2024(H5N1)	68	C	-CACTGTTGACCACATGGCCATAAT	371	148	44	48	0	20	0.0538721	891	2.42274e-17	TRUE	NA	NA	NA	NA	NA	NA
PB2|PP755596.1|A/cattle/Texas/24-008749-003/2024(H5N1)	130	G	A	475	189	48	6	3	34	0.012474	481	0.00501138	TRUE	PB2:cds-XAJ25426.1	GCA	A	ACA	T	44
PB2|PP755596.1|A/cattle/Texas/24-008749-003/2024(H5N1)	147	G	-ATGATGGCA	489	201	50	30	0	20	0.0290416	1033	6.262e-08	TRUE	NA	NA	NA	NA	NA	NA
PB2|PP755596.1|A/cattle/Texas/24-008749-003/2024(H5N1)	321	T	C	373	180	55	15	5	52	0.0386598	388	2.74946e-07	TRUE	PB2:cds-XAJ25426.1	AGT	S	AGC	S	107
PB2|PP755596.1|A/cattle/Texas/24-008749-003/2024(H5N1)	447	G	A	380	193	53	8	5	44	0.0206186	388	0.000355806	TRUE	PB2:cds-XAJ25426.1	CCG	P	CCA	P	149
PB2|PP755596.1|A/cattle/Texas/24-008749-003/2024(H5N1)	746	A	G	0	0	0	390	195	53	1	390	2.6724e-296	TRUE	PB2:cds-XAJ25426.1	GAA	E	GGA	G	249
PB2|PP755596.1|A/cattle/Texas/24-008749-003/2024(H5N1)	751	A	G	394	198	54	4	4	34	0.0100503	398	0.0211675	FALSE	PB2:cds-XAJ25426.1	AGA	R	GGA	G	251
PB2|PP755596.1|A/cattle/Texas/24-008749-003/2024(H5N1)	764	C	T	0	0	0	399	203	53	1	399	1.42962e-302	TRUE	PB2:cds-XAJ25426.1	GCA	A	GTA	V	255
PB2|PP755596.1|A/cattle/Texas/24-008749-003/2024(H5N1)	1077	G	A	474	209	50	44	19	50	0.0849421	518	3.02766e-20	TRUE	PB2:cds-XAJ25426.1	GGG	G	GGA	G	359
PB2|PP755596.1|A/cattle/Texas/24-008749-003/2024(H5N1)	1215	A	G	538	282	57	11	4	60	0.0200364	549	1.34618e-05	TRUE	PB2:cds-XAJ25426.1	TCA	S	TCG	S	405
PB2|PP755596.1|A/cattle/Texas/24-008749-003/2024(H5N1)	1242	T	C	0	0	0	554	272	56	1	554	0	TRUE	PB2:cds-XAJ25426.1	GTT	V	GTC	V	414
PB2|PP755596.1|A/cattle/Texas/24-008749-003/2024(H5N1)	1311	C	T	0	0	0	559	265	58	1	559	0	TRUE	PB2:cds-XAJ25426.1	CAC	H	CAT	H	437
PB2|PP755596.1|A/cattle/Texas/24-008749-003/2024(H5N1)	1956	T	C	25	14	56	574	316	56	0.958264	599	0	TRUE	PB2:cds-XAJ25426.1	AAT	N	AAC	N	652
PB2|PP755596.1|A/cattle/Texas/24-008749-003/2024(H5N1)	2111	A	G	743	468	55	36	25	55	0.0462131	779	1.34213e-16	TRUE	PB2:cds-XAJ25426.1	TAT	Y	TGT	C	704
PB2|PP755596.1|A/cattle/Texas/24-008749-003/2024(H5N1)	2153	A	G	696	400	55	9	7	55	0.012766	705	9.53105e-05	TRUE	PB2:cds-XAJ25426.1	AAG	K	AGG	R	718
