REGION	POS	REF	ALT	REF_DP	REF_RV	REF_QUAL	ALT_DP	ALT_RV	ALT_QUAL	ALT_FREQ	TOTAL_DP	PVAL	PASS	GFF_FEATURE	REF_CODON	REF_AA	ALT_CODON	ALT_AA	POS_AA
PA|PP755594.1|A/cattle/Texas/24-008749-003/2024(H5N1)	213	A	-T	915	423	64	24	0	20	0.0136209	1762	0.00147067	TRUE	NA	NA	NA	NA	NA	NA
PA|PP755594.1|A/cattle/Texas/24-008749-003/2024(H5N1)	364	G	A	1	1	76	729	353	69	0.997264	731	0	TRUE	PA:cds-XAJ25422.1	GTA	V	ATA	I	122
PA|PP755594.1|A/cattle/Texas/24-008749-003/2024(H5N1)	364	G	A	1	1	76	729	353	69	0.997264	731	0	TRUE	PA-X:cds-XAJ25423.1	GTA	V	ATA	I	122
PA|PP755594.1|A/cattle/Texas/24-008749-003/2024(H5N1)	396	G	A	0	0	0	722	352	70	1	722	0	TRUE	PA:cds-XAJ25422.1	TTG	L	TTA	L	132
PA|PP755594.1|A/cattle/Texas/24-008749-003/2024(H5N1)	396	G	A	0	0	0	722	352	70	1	722	0	TRUE	PA-X:cds-XAJ25423.1	TTG	L	TTA	L	132
PA|PP755594.1|A/cattle/Texas/24-008749-003/2024(H5N1)	634	C	A	745	363	66	9	4	53	0.0119363	754	7.42813e-05	TRUE	PA:cds-XAJ25422.1	CGC	R	AGC	S	212
PA|PP755594.1|A/cattle/Texas/24-008749-003/2024(H5N1)	634	C	A	745	363	66	9	4	53	0.0119363	754	7.42813e-05	TRUE	PA-X:cds-XAJ25423.1	TGC	C	TGA	*	21
PA|PP755594.1|A/cattle/Texas/24-008749-003/2024(H5N1)	655	A	C	0	0	0	719	350	67	1	719	0	TRUE	PA:cds-XAJ25422.1	ATT	I	CTT	L	219
PA|PP755594.1|A/cattle/Texas/24-008749-003/2024(H5N1)	655	A	C	0	0	0	719	350	67	1	719	0	TRUE	PA-X:cds-XAJ25423.1	GTA	V	GTC	V	28
PA|PP755594.1|A/cattle/Texas/24-008749-003/2024(H5N1)	752	A	G	1	0	76	691	342	69	0.998555	692	0	TRUE	PA:cds-XAJ25422.1	AAA	K	AGA	R	251
PA|PP755594.1|A/cattle/Texas/24-008749-003/2024(H5N1)	752	A	G	1	0	76	691	342	69	0.998555	692	0	TRUE	PA-X:cds-XAJ25423.1	AAG	K	GAG	E	61
PA|PP755594.1|A/cattle/Texas/24-008749-003/2024(H5N1)	1199	C	A	819	407	68	13	8	64	0.015625	832	9.45347e-07	TRUE	PA:cds-XAJ25422.1	TCT	S	TAT	Y	400
PA|PP755594.1|A/cattle/Texas/24-008749-003/2024(H5N1)	1490	G	A	3	1	73	922	462	69	0.996757	925	0	TRUE	PA:cds-XAJ25422.1	AGG	R	AAG	K	497
PA|PP755594.1|A/cattle/Texas/24-008749-003/2024(H5N1)	1855	T	-G	897	460	67	17	0	20	0.010107	1682	0.0390699	FALSE	NA	NA	NA	NA	NA	NA
PA|PP755594.1|A/cattle/Texas/24-008749-003/2024(H5N1)	1991	A	-ATTGCT	1436	742	66	35	0	20	0.0132979	2632	0.000453007	TRUE	NA	NA	NA	NA	NA	NA
PA|PP755594.1|A/cattle/Texas/24-008749-003/2024(H5N1)	2043	C	-GATCTT	1511	807	67	84	0	20	0.0293604	2861	1.26019e-17	TRUE	NA	NA	NA	NA	NA	NA
PA|PP755594.1|A/cattle/Texas/24-008749-003/2024(H5N1)	2049	T	-G	1496	800	67	70	0	20	0.0236566	2959	1.48687e-13	TRUE	NA	NA	NA	NA	NA	NA
