REGION	POS	REF	ALT	REF_DP	REF_RV	REF_QUAL	ALT_DP	ALT_RV	ALT_QUAL	ALT_FREQ	TOTAL_DP	PVAL	PASS	GFF_FEATURE	REF_CODON	REF_AA	ALT_CODON	ALT_AA	POS_AA
PB1|PP755595.1|A/cattle/Texas/24-008749-003/2024(H5N1)	19	T	C	200	15	35	3	0	45	0.0147783	203	0.00958302	TRUE	PB1:cds-XAJ25424.1	TTA	L	CTA	L	7
PB1|PP755595.1|A/cattle/Texas/24-008749-003/2024(H5N1)	43	C	-AAAAT	242	23	35	58	0	20	0.0733249	791	4.50939e-27	TRUE	NA	NA	NA	NA	NA	NA
PB1|PP755595.1|A/cattle/Texas/24-008749-003/2024(H5N1)	69	G	A	443	55	36	5	0	34	0.0111607	448	0.0117657	FALSE	PB1:cds-XAJ25424.1	CCG	P	CCA	P	23
PB1|PP755595.1|A/cattle/Texas/24-008749-003/2024(H5N1)	123	C	-ACAGTTAACAGA	863	138	37	69	0	20	0.046	1500	6.54616e-17	TRUE	NA	NA	NA	NA	NA	NA
PB1|PP755595.1|A/cattle/Texas/24-008749-003/2024(H5N1)	309	T	C	585	321	37	8	2	41	0.0134907	593	0.00225943	TRUE	PB1:cds-XAJ25424.1	TTT	F	TTC	F	103
PB1|PP755595.1|A/cattle/Texas/24-008749-003/2024(H5N1)	309	T	C	585	321	37	8	2	41	0.0134907	593	0.00225943	TRUE	PB1-F2:cds-XAJ25425.1	TTG	L	TCG	S	72
PB1|PP755595.1|A/cattle/Texas/24-008749-003/2024(H5N1)	315	C	T	568	307	37	10	5	35	0.017301	578	0.000453243	TRUE	PB1:cds-XAJ25424.1	AAC	N	AAT	N	105
PB1|PP755595.1|A/cattle/Texas/24-008749-003/2024(H5N1)	315	C	T	568	307	37	10	5	35	0.017301	578	0.000453243	TRUE	PB1-F2:cds-XAJ25425.1	ACT	T	ATT	I	74
PB1|PP755595.1|A/cattle/Texas/24-008749-003/2024(H5N1)	318	G	A	579	310	37	6	3	34	0.0102389	586	0.0103639	FALSE	PB1:cds-XAJ25424.1	TCG	S	TCA	S	106
PB1|PP755595.1|A/cattle/Texas/24-008749-003/2024(H5N1)	318	G	A	579	310	37	6	3	34	0.0102389	586	0.0103639	FALSE	PB1-F2:cds-XAJ25425.1	CGT	R	CAT	H	75
PB1|PP755595.1|A/cattle/Texas/24-008749-003/2024(H5N1)	447	C	T	451	232	36	5	4	34	0.0109649	456	0.0237781	FALSE	PB1:cds-XAJ25424.1	GTC	V	GTT	V	149
PB1|PP755595.1|A/cattle/Texas/24-008749-003/2024(H5N1)	628	C	T	438	243	37	17	6	35	0.0373626	455	2.27127e-06	TRUE	PB1:cds-XAJ25424.1	CAA	Q	TAA	*	210
PB1|PP755595.1|A/cattle/Texas/24-008749-003/2024(H5N1)	708	A	G	0	0	0	505	217	36	1	505	0	TRUE	PB1:cds-XAJ25424.1	TTA	L	TTG	L	236
PB1|PP755595.1|A/cattle/Texas/24-008749-003/2024(H5N1)	921	T	C	0	0	0	567	347	37	1	567	0	TRUE	PB1:cds-XAJ25424.1	ACT	T	ACC	T	307
PB1|PP755595.1|A/cattle/Texas/24-008749-003/2024(H5N1)	945	T	C	0	0	0	546	332	36	1	546	0	TRUE	PB1:cds-XAJ25424.1	CCT	P	CCC	P	315
