REGION	POS	REF	ALT	REF_DP	REF_RV	REF_QUAL	ALT_DP	ALT_RV	ALT_QUAL	ALT_FREQ	TOTAL_DP	PVAL	PASS	GFF_FEATURE	REF_CODON	REF_AA	ALT_CODON	ALT_AA	POS_AA
MP|PP755590.1|A/cattle/Texas/24-008749-003/2024(H5N1)	8	T	C	281	124	33	3	2	34	0.0105634	284	0.0295819	FALSE	M2:cds-XAJ25417.1	CTT	L	CCT	P	3
MP|PP755590.1|A/cattle/Texas/24-008749-003/2024(H5N1)	8	T	C	281	124	33	3	2	34	0.0105634	284	0.0295819	FALSE	M1:cds-XAJ25416.1	CTT	L	CCT	P	3
MP|PP755590.1|A/cattle/Texas/24-008749-003/2024(H5N1)	245	G	A	0	0	0	2056	966	33	1	2056	0	TRUE	M1:cds-XAJ25416.1	AGT	S	AAT	N	82
MP|PP755590.1|A/cattle/Texas/24-008749-003/2024(H5N1)	385	G	A	2020	1064	33	91	55	33	0.0431075	2111	4.13806e-26	TRUE	M1:cds-XAJ25416.1	GGT	G	AGT	S	129
MP|PP755590.1|A/cattle/Texas/24-008749-003/2024(H5N1)	417	C	T	1919	994	33	134	66	33	0.0652703	2053	2.71153e-39	TRUE	M1:cds-XAJ25416.1	ACC	T	ACT	T	139
MP|PP755590.1|A/cattle/Texas/24-008749-003/2024(H5N1)	477	T	C	1867	918	33	110	50	33	0.0556399	1977	1.35677e-31	TRUE	M1:cds-XAJ25416.1	CAT	H	CAC	H	159
