REGION	POS	REF	ALT	REF_DP	REF_RV	REF_QUAL	ALT_DP	ALT_RV	ALT_QUAL	ALT_FREQ	TOTAL_DP	PVAL	PASS	GFF_FEATURE	REF_CODON	REF_AA	ALT_CODON	ALT_AA	POS_AA
NP|PP755592.1|A/cattle/Texas/24-008749-003/2024(H5N1)	46	G	A	891	190	36	11	1	32	0.0121951	902	6.27997e-06	TRUE	NP:cds-XAJ25419.1	GGT	G	AGT	S	16
NP|PP755592.1|A/cattle/Texas/24-008749-003/2024(H5N1)	355	A	G	1	1	34	3257	1718	38	0.999693	3258	0	TRUE	NP:cds-XAJ25419.1	ATT	I	GTT	V	119
NP|PP755592.1|A/cattle/Texas/24-008749-003/2024(H5N1)	372	T	C	3466	1925	39	73	41	35	0.0206273	3539	5.9524e-21	TRUE	NP:cds-XAJ25419.1	AAT	N	AAC	N	124
NP|PP755592.1|A/cattle/Texas/24-008749-003/2024(H5N1)	498	G	A	0	0	0	3501	1495	36	1	3501	0	TRUE	NP:cds-XAJ25419.1	CTG	L	CTA	L	166
NP|PP755592.1|A/cattle/Texas/24-008749-003/2024(H5N1)	556	G	A	3609	1351	37	71	30	36	0.0192935	3680	3.25186e-19	TRUE	NP:cds-XAJ25419.1	GTT	V	ATT	I	186
NP|PP755592.1|A/cattle/Texas/24-008749-003/2024(H5N1)	870	C	T	0	0	0	3423	1601	36	1	3423	0	TRUE	NP:cds-XAJ25419.1	GAC	D	GAT	D	290
NP|PP755592.1|A/cattle/Texas/24-008749-003/2024(H5N1)	975	A	G	1	0	24	3517	1779	38	0.999716	3518	0	TRUE	NP:cds-XAJ25419.1	AAA	K	AAG	K	325
NP|PP755592.1|A/cattle/Texas/24-008749-003/2024(H5N1)	1014	T	C	1	1	34	3639	1950	37	0.999725	3640	0	TRUE	NP:cds-XAJ25419.1	TTT	F	TTC	F	338
NP|PP755592.1|A/cattle/Texas/24-008749-003/2024(H5N1)	1092	G	A	2	1	51	3697	1799	38	0.998919	3701	0	TRUE	NP:cds-XAJ25419.1	CAG	Q	CAA	Q	364
