REGION	POS	REF	ALT	REF_DP	REF_RV	REF_QUAL	ALT_DP	ALT_RV	ALT_QUAL	ALT_FREQ	TOTAL_DP	PVAL	PASS	GFF_FEATURE	REF_CODON	REF_AA	ALT_CODON	ALT_AA	POS_AA
MP|PP755590.1|A/cattle/Texas/24-008749-003/2024(H5N1)	47	C	A	9166	1103	34	173	0	26	0.0185225	9340	2.21808e-10	TRUE	M1:cds-XAJ25416.1	CCG	P	CAG	Q	16
MP|PP755590.1|A/cattle/Texas/24-008749-003/2024(H5N1)	245	G	A	8	2	41	43439	19865	45	0.999701	43452	0	TRUE	M1:cds-XAJ25416.1	AGT	S	AAT	N	82
MP|PP755590.1|A/cattle/Texas/24-008749-003/2024(H5N1)	314	G	T	41179	21600	41	454	452	27	0.0109014	41646	0.088303	FALSE	M1:cds-XAJ25416.1	AGA	R	ATA	I	105
MP|PP755590.1|A/cattle/Texas/24-008749-003/2024(H5N1)	316	G	T	40790	21375	40	432	432	26	0.0104788	41226	0.241507	FALSE	M1:cds-XAJ25416.1	GAG	E	TAG	*	106
MP|PP755590.1|A/cattle/Texas/24-008749-003/2024(H5N1)	342	A	G	8004	4022	43	38813	20505	43	0.828966	46821	0	TRUE	M1:cds-XAJ25416.1	GAA	E	GAG	E	114
MP|PP755590.1|A/cattle/Texas/24-008749-003/2024(H5N1)	373	G	A	44716	24245	43	755	373	40	0.0166029	45474	1.32487e-235	TRUE	M1:cds-XAJ25416.1	GCC	A	ACC	T	125
MP|PP755590.1|A/cattle/Texas/24-008749-003/2024(H5N1)	406	G	T	39056	13988	38	412	412	25	0.0104359	39479	0.260486	FALSE	M1:cds-XAJ25416.1	GGG	G	TGG	W	136
MP|PP755590.1|A/cattle/Texas/24-008749-003/2024(H5N1)	699	C	A	31363	16600	36	520	0	25	0.0163066	31889	3.26193e-15	TRUE	M1:cds-XAJ25416.1	CTC	L	CTA	L	233
MP|PP755590.1|A/cattle/Texas/24-008749-003/2024(H5N1)	711	G	A	37623	15263	43	6146	2408	40	0.140409	43772	0	TRUE	M1:cds-XAJ25416.1	TTG	L	TTA	L	237
MP|PP755590.1|A/cattle/Texas/24-008749-003/2024(H5N1)	766	C	A	38401	23108	41	619	0	27	0.0158572	39036	2.45957e-15	TRUE	M2:cds-XAJ25417.1	CTC	L	CTA	L	18
MP|PP755590.1|A/cattle/Texas/24-008749-003/2024(H5N1)	838	C	T	37434	31492	45	5693	4864	44	0.132002	43128	0	TRUE	M2:cds-XAJ25417.1	TGC	C	TGT	C	42
MP|PP755590.1|A/cattle/Texas/24-008749-003/2024(H5N1)	884	G	T	33803	30147	38	354	354	25	0.010363	34160	0.306286	FALSE	M2:cds-XAJ25417.1	GAA	E	TAA	*	57
MP|PP755590.1|A/cattle/Texas/24-008749-003/2024(H5N1)	908	G	T	26838	24615	36	370	370	26	0.0135969	27212	1.10937e-05	TRUE	M2:cds-XAJ25417.1	GAA	E	TAA	*	65
MP|PP755590.1|A/cattle/Texas/24-008749-003/2024(H5N1)	913	G	A	25051	23436	38	5825	5497	43	0.188658	30876	0	TRUE	M2:cds-XAJ25417.1	GAG	E	GAA	E	67
