REGION	POS	REF	ALT	REF_DP	REF_RV	REF_QUAL	ALT_DP	ALT_RV	ALT_QUAL	ALT_FREQ	TOTAL_DP	PVAL	PASS	GFF_FEATURE	REF_CODON	REF_AA	ALT_CODON	ALT_AA	POS_AA
NA|PP755591.1|A/cattle/Texas/24-008749-003/2024(H5N1)	169	G	A	1739	519	36	53	16	36	0.0295759	1792	1.61217e-15	TRUE	NA:cds-XAJ25418.1	GAG	E	AAG	K	57
NA|PP755591.1|A/cattle/Texas/24-008749-003/2024(H5N1)	235	G	A	1746	743	36	169	65	36	0.0882507	1915	5.1746e-52	TRUE	NA:cds-XAJ25418.1	GCT	A	ACT	T	79
NA|PP755591.1|A/cattle/Texas/24-008749-003/2024(H5N1)	245	C	T	1808	767	36	22	8	36	0.0120219	1830	2.3784e-06	TRUE	NA:cds-XAJ25418.1	TCG	S	TTG	L	82
NA|PP755591.1|A/cattle/Texas/24-008749-003/2024(H5N1)	373	T	C	2168	1034	35	25	14	36	0.0113999	2193	2.15676e-06	TRUE	NA:cds-XAJ25418.1	TCC	S	CCC	P	125
NA|PP755591.1|A/cattle/Texas/24-008749-003/2024(H5N1)	450	G	A	2218	1083	36	33	14	36	0.0146602	2251	1.3166e-08	TRUE	NA:cds-XAJ25418.1	AAG	K	AAA	K	150
NA|PP755591.1|A/cattle/Texas/24-008749-003/2024(H5N1)	484	C	T	2081	1005	36	91	52	35	0.0418969	2172	9.64797e-26	TRUE	NA:cds-XAJ25418.1	CCC	P	TCC	S	162
NA|PP755591.1|A/cattle/Texas/24-008749-003/2024(H5N1)	571	T	C	3	1	37	1977	873	36	0.998485	1980	0	TRUE	NA:cds-XAJ25418.1	TTG	L	CTG	L	191
NA|PP755591.1|A/cattle/Texas/24-008749-003/2024(H5N1)	647	T	C	1964	981	36	21	10	37	0.010574	1986	2.48368e-05	TRUE	NA:cds-XAJ25418.1	ATC	I	ACC	T	216
NA|PP755591.1|A/cattle/Texas/24-008749-003/2024(H5N1)	718	A	G	1995	1184	36	21	9	36	0.0104167	2016	2.61536e-05	TRUE	NA:cds-XAJ25418.1	ACC	T	GCC	A	240
NA|PP755591.1|A/cattle/Texas/24-008749-003/2024(H5N1)	747	G	T	2121	1181	36	34	18	37	0.0157626	2157	5.99793e-09	TRUE	NA:cds-XAJ25418.1	GGG	G	GGT	G	249
NA|PP755591.1|A/cattle/Texas/24-008749-003/2024(H5N1)	783	G	A	1832	1072	36	21	7	32	0.011333	1853	4.33144e-06	TRUE	NA:cds-XAJ25418.1	GGG	G	GGA	G	261
NA|PP755591.1|A/cattle/Texas/24-008749-003/2024(H5N1)	1035	G	A	2084	743	35	57	22	36	0.0266231	2141	6.8973e-16	TRUE	NA:cds-XAJ25418.1	GGG	G	GGA	G	345
NA|PP755591.1|A/cattle/Texas/24-008749-003/2024(H5N1)	1096	A	G	2265	996	36	45	27	36	0.0194805	2310	3.59226e-12	TRUE	NA:cds-XAJ25418.1	AGT	S	GGT	G	366
NA|PP755591.1|A/cattle/Texas/24-008749-003/2024(H5N1)	1185	A	G	0	0	0	1903	1184	36	1	1903	0	TRUE	NA:cds-XAJ25418.1	GAA	E	GAG	E	395
NA|PP755591.1|A/cattle/Texas/24-008749-003/2024(H5N1)	1224	G	A	1853	1265	36	49	36	36	0.0257624	1902	2.70283e-14	TRUE	NA:cds-XAJ25418.1	CAG	Q	CAA	Q	408
NA|PP755591.1|A/cattle/Texas/24-008749-003/2024(H5N1)	1289	G	A	2089	1683	36	25	17	35	0.0118259	2114	2.07775e-06	TRUE	NA:cds-XAJ25418.1	AGG	R	AAG	K	430
