REGION	POS	REF	ALT	REF_DP	REF_RV	REF_QUAL	ALT_DP	ALT_RV	ALT_QUAL	ALT_FREQ	TOTAL_DP	PVAL	PASS	GFF_FEATURE	REF_CODON	REF_AA	ALT_CODON	ALT_AA	POS_AA
PB2|PP755596.1|A/cattle/Texas/24-008749-003/2024(H5N1)	28	C	T	252	43	33	3	0	34	0.0117647	255	0.0277823	FALSE	PB2:cds-XAJ25426.1	CTA	L	TTA	L	10
PB2|PP755596.1|A/cattle/Texas/24-008749-003/2024(H5N1)	29	T	C	248	40	33	3	0	34	0.0119522	251	0.0268041	FALSE	PB2:cds-XAJ25426.1	CTA	L	CCA	P	10
PB2|PP755596.1|A/cattle/Texas/24-008749-003/2024(H5N1)	89	T	-AATC	613	105	33	27	0	20	0.0203774	1325	5.1926e-06	TRUE	NA	NA	NA	NA	NA	NA
PB2|PP755596.1|A/cattle/Texas/24-008749-003/2024(H5N1)	92	T	C	625	105	33	11	2	34	0.0172956	636	3.01216e-05	TRUE	PB2:cds-XAJ25426.1	ATC	I	ACC	T	31
PB2|PP755596.1|A/cattle/Texas/24-008749-003/2024(H5N1)	746	A	G	1135	513	33	12	4	34	0.0104621	1147	0.00155808	TRUE	PB2:cds-XAJ25426.1	GAA	E	GGA	G	249
PB2|PP755596.1|A/cattle/Texas/24-008749-003/2024(H5N1)	747	A	C	0	0	0	1128	514	33	0.999114	1129	0	TRUE	PB2:cds-XAJ25426.1	GAA	E	GAC	D	249
PB2|PP755596.1|A/cattle/Texas/24-008749-003/2024(H5N1)	764	C	T	0	0	0	1155	496	33	1	1155	0	TRUE	PB2:cds-XAJ25426.1	GCA	A	GTA	V	255
PB2|PP755596.1|A/cattle/Texas/24-008749-003/2024(H5N1)	1030	G	A	4	2	34	1116	646	33	0.99554	1121	0	TRUE	PB2:cds-XAJ25426.1	GTG	V	ATG	M	344
PB2|PP755596.1|A/cattle/Texas/24-008749-003/2024(H5N1)	1530	C	T	0	0	0	1355	615	33	1	1355	0	TRUE	PB2:cds-XAJ25426.1	AAC	N	AAT	N	510
PB2|PP755596.1|A/cattle/Texas/24-008749-003/2024(H5N1)	1635	G	A	2	1	34	1223	751	33	0.998367	1225	0	TRUE	PB2:cds-XAJ25426.1	GTG	V	GTA	V	545
