REGION	POS	REF	ALT	REF_DP	REF_RV	REF_QUAL	ALT_DP	ALT_RV	ALT_QUAL	ALT_FREQ	TOTAL_DP	PVAL	PASS	GFF_FEATURE	REF_CODON	REF_AA	ALT_CODON	ALT_AA	POS_AA
HA|PP755589.1|A/cattle/Texas/24-008749-003/2024(H5N1)	29	T	C	0	0	0	1423	331	44	0.999298	1424	0	TRUE	HA:cds-XAJ25415.1	ATA	I	ACA	T	10
HA|PP755589.1|A/cattle/Texas/24-008749-003/2024(H5N1)	253	G	A	339	151	54	6	3	50	0.0173913	345	0.00429493	TRUE	HA:cds-XAJ25415.1	GAA	E	AAA	K	85
HA|PP755589.1|A/cattle/Texas/24-008749-003/2024(H5N1)	295	G	T	0	0	0	358	160	51	1	358	2.59391e-260	TRUE	HA:cds-XAJ25415.1	GCT	A	TCT	S	99
HA|PP755589.1|A/cattle/Texas/24-008749-003/2024(H5N1)	330	C	T	358	153	53	4	2	47	0.0110497	362	0.0253455	FALSE	HA:cds-XAJ25415.1	AGC	S	AGT	S	110
HA|PP755589.1|A/cattle/Texas/24-008749-003/2024(H5N1)	651	G	A	1	0	38	413	180	55	0.997585	414	2.68697e-297	TRUE	HA:cds-XAJ25415.1	GGG	G	GGA	G	217
HA|PP755589.1|A/cattle/Texas/24-008749-003/2024(H5N1)	792	T	A	0	0	0	564	298	50	1	564	0	TRUE	HA:cds-XAJ25415.1	ATT	I	ATA	I	264
HA|PP755589.1|A/cattle/Texas/24-008749-003/2024(H5N1)	819	T	C	0	0	0	584	323	49	1	584	0	TRUE	HA:cds-XAJ25415.1	GTT	V	GTC	V	273
HA|PP755589.1|A/cattle/Texas/24-008749-003/2024(H5N1)	834	G	A	0	0	0	590	336	50	1	590	0	TRUE	HA:cds-XAJ25415.1	TCG	S	TCA	S	278
HA|PP755589.1|A/cattle/Texas/24-008749-003/2024(H5N1)	846	A	G	0	0	0	599	340	49	1	599	0	TRUE	HA:cds-XAJ25415.1	AAA	K	AAG	K	282
HA|PP755589.1|A/cattle/Texas/24-008749-003/2024(H5N1)	867	T	C	0	0	0	552	298	51	1	552	0	TRUE	HA:cds-XAJ25415.1	CAT	H	CAC	H	289
HA|PP755589.1|A/cattle/Texas/24-008749-003/2024(H5N1)	921	T	C	0	0	0	499	310	52	1	499	0	TRUE	HA:cds-XAJ25415.1	TTT	F	TTC	F	307
HA|PP755589.1|A/cattle/Texas/24-008749-003/2024(H5N1)	1052	T	A	380	202	52	6	1	39	0.015544	386	0.00474578	TRUE	HA:cds-XAJ25415.1	ATA	I	AAA	K	351
HA|PP755589.1|A/cattle/Texas/24-008749-003/2024(H5N1)	1293	C	T	0	0	0	1258	481	61	1	1258	0	TRUE	HA:cds-XAJ25415.1	GAC	D	GAT	D	431
HA|PP755589.1|A/cattle/Texas/24-008749-003/2024(H5N1)	1314	A	C	0	0	0	1282	518	58	1	1282	0	TRUE	HA:cds-XAJ25415.1	ACA	T	ACC	T	438
HA|PP755589.1|A/cattle/Texas/24-008749-003/2024(H5N1)	1463	A	G	1	0	78	1368	780	57	0.99927	1369	0	TRUE	HA:cds-XAJ25415.1	AAA	K	AGA	R	488
HA|PP755589.1|A/cattle/Texas/24-008749-003/2024(H5N1)	1543	A	-GAGAAGAAATAAGCGGAGT	6732	3577	55	199	0	20	0.0199539	9973	1.24238e-19	TRUE	NA	NA	NA	NA	NA	NA
