REGION	POS	REF	ALT	REF_DP	REF_RV	REF_QUAL	ALT_DP	ALT_RV	ALT_QUAL	ALT_FREQ	TOTAL_DP	PVAL	PASS	GFF_FEATURE	REF_CODON	REF_AA	ALT_CODON	ALT_AA	POS_AA
NS|PP755593.1|A/cattle/Texas/24-008749-003/2024(H5N1)	186	G	A	3294	1381	38	33226	13818	37	0.909554	36530	0	TRUE	NS1:cds-XAJ25420.1	AAG	K	AAA	K	62
NS|PP755593.1|A/cattle/Texas/24-008749-003/2024(H5N1)	199	A	G	15	7	36	37250	14640	37	0.999544	37267	0	TRUE	NS1:cds-XAJ25420.1	AGG	R	GGG	G	67
NS|PP755593.1|A/cattle/Texas/24-008749-003/2024(H5N1)	222	T	C	15	7	38	39870	18569	39	0.999524	39889	0	TRUE	NS1:cds-XAJ25420.1	GAT	D	GAC	D	74
NS|PP755593.1|A/cattle/Texas/24-008749-003/2024(H5N1)	362	A	G	41840	18791	37	2592	1388	36	0.0583206	44444	0	TRUE	NS1:cds-XAJ25420.1	CAG	Q	CGG	R	121
