REGION	POS	REF	ALT	REF_DP	REF_RV	REF_QUAL	ALT_DP	ALT_RV	ALT_QUAL	ALT_FREQ	TOTAL_DP	PVAL	PASS	GFF_FEATURE	REF_CODON	REF_AA	ALT_CODON	ALT_AA	POS_AA
NS|PP755593.1|A/cattle/Texas/24-008749-003/2024(H5N1)	20	T	C	0	0	0	2043	470	48	0.999511	2044	0	TRUE	NEP:cds-XAJ25421.1	TTA	L	TCA	S	7
NS|PP755593.1|A/cattle/Texas/24-008749-003/2024(H5N1)	20	T	C	0	0	0	2043	470	48	0.999511	2044	0	TRUE	NS1:cds-XAJ25420.1	TTA	L	TCA	S	7
NS|PP755593.1|A/cattle/Texas/24-008749-003/2024(H5N1)	165	G	A	1	0	38	5940	2265	59	0.999663	5942	0	TRUE	NS1:cds-XAJ25420.1	GAG	E	GAA	E	55
NS|PP755593.1|A/cattle/Texas/24-008749-003/2024(H5N1)	183	G	A	2	1	32	6119	2391	61	0.999673	6121	0	TRUE	NS1:cds-XAJ25420.1	GGG	G	GGA	G	61
NS|PP755593.1|A/cattle/Texas/24-008749-003/2024(H5N1)	222	T	C	1	1	76	6751	2968	61	0.999704	6753	0	TRUE	NS1:cds-XAJ25420.1	GAT	D	GAC	D	74
NS|PP755593.1|A/cattle/Texas/24-008749-003/2024(H5N1)	345	C	T	6804	3584	58	156	99	55	0.0224138	6960	6.13119e-66	TRUE	NS1:cds-XAJ25420.1	CTC	L	CTT	L	115
NS|PP755593.1|A/cattle/Texas/24-008749-003/2024(H5N1)	514	G	A	7003	3382	60	139	57	55	0.0194596	7143	1.19154e-59	TRUE	NEP:cds-XAJ25421.1	ATG	M	ATA	I	4
NS|PP755593.1|A/cattle/Texas/24-008749-003/2024(H5N1)	514	G	A	7003	3382	60	139	57	55	0.0194596	7143	1.19154e-59	TRUE	NS1:cds-XAJ25420.1	GAG	E	AAG	K	172
NS|PP755593.1|A/cattle/Texas/24-008749-003/2024(H5N1)	543	C	T	6749	3524	60	172	93	56	0.0248483	6922	1.43918e-74	TRUE	NEP:cds-XAJ25421.1	TCA	S	TTA	L	14
NS|PP755593.1|A/cattle/Texas/24-008749-003/2024(H5N1)	543	C	T	6749	3524	60	172	93	56	0.0248483	6922	1.43918e-74	TRUE	NS1:cds-XAJ25420.1	CTC	L	CTT	L	181
NS|PP755593.1|A/cattle/Texas/24-008749-003/2024(H5N1)	605	C	A	6303	3436	60	143	90	58	0.0221809	6447	7.17176e-62	TRUE	NEP:cds-XAJ25421.1	CTT	L	ATT	I	35
NS|PP755593.1|A/cattle/Texas/24-008749-003/2024(H5N1)	605	C	A	6303	3436	60	143	90	58	0.0221809	6447	7.17176e-62	TRUE	NS1:cds-XAJ25420.1	GCT	A	GAT	D	202
NS|PP755593.1|A/cattle/Texas/24-008749-003/2024(H5N1)	697	A	G	4	4	46	5484	3555	62	0.999271	5488	0	TRUE	NEP:cds-XAJ25421.1	GAA	E	GAG	E	65
