REGION	POS	REF	ALT	REF_DP	REF_RV	REF_QUAL	ALT_DP	ALT_RV	ALT_QUAL	ALT_FREQ	TOTAL_DP	PVAL	PASS	GFF_FEATURE	REF_CODON	REF_AA	ALT_CODON	ALT_AA	POS_AA
PB1|PP755595.1|A/cattle/Texas/24-008749-003/2024(H5N1)	14	C	T	80	9	36	2	0	34	0.0243902	82	0.0253868	FALSE	PB1:cds-XAJ25424.1	CCG	P	CTG	L	5
PB1|PP755595.1|A/cattle/Texas/24-008749-003/2024(H5N1)	29	T	-GAAAGTTCC	146	11	36	9	0	20	0.0179283	502	0.00123593	TRUE	NA	NA	NA	NA	NA	NA
PB1|PP755595.1|A/cattle/Texas/24-008749-003/2024(H5N1)	37	C	-CAG	149	12	36	9	0	20	0.0177515	507	0.00130867	TRUE	NA	NA	NA	NA	NA	NA
PB1|PP755595.1|A/cattle/Texas/24-008749-003/2024(H5N1)	43	C	-AAAATGCCAT	156	14	37	17	0	20	0.0334646	508	3.18471e-07	TRUE	NA	NA	NA	NA	NA	NA
PB1|PP755595.1|A/cattle/Texas/24-008749-003/2024(H5N1)	115	A	G	413	102	37	28	4	37	0.0634921	441	1.18313e-13	TRUE	PB1:cds-XAJ25424.1	ACC	T	GCC	A	39
PB1|PP755595.1|A/cattle/Texas/24-008749-003/2024(H5N1)	115	A	G	413	102	37	28	4	37	0.0634921	441	1.18313e-13	TRUE	PB1-F2:cds-XAJ25425.1	ATA	I	ATG	M	7
PB1|PP755595.1|A/cattle/Texas/24-008749-003/2024(H5N1)	145	T	-ATTCAGAAAAAG	300	79	37	26	0	20	0.0682415	381	7.48522e-07	TRUE	NA	NA	NA	NA	NA	NA
PB1|PP755595.1|A/cattle/Texas/24-008749-003/2024(H5N1)	187	G	A	303	79	36	4	0	49	0.0130293	307	0.0423336	FALSE	PB1:cds-XAJ25424.1	GCA	A	ACA	T	63
PB1|PP755595.1|A/cattle/Texas/24-008749-003/2024(H5N1)	187	G	A	303	79	36	4	0	49	0.0130293	307	0.0423336	FALSE	PB1-F2:cds-XAJ25425.1	GGG	G	GGA	G	31
PB1|PP755595.1|A/cattle/Texas/24-008749-003/2024(H5N1)	215	C	A	324	105	37	5	1	45	0.0151976	329	0.020148	FALSE	PB1:cds-XAJ25424.1	CCA	P	CAA	Q	72
PB1|PP755595.1|A/cattle/Texas/24-008749-003/2024(H5N1)	215	C	A	324	105	37	5	1	45	0.0151976	329	0.020148	FALSE	PB1-F2:cds-XAJ25425.1	CAT	H	AAT	N	41
PB1|PP755595.1|A/cattle/Texas/24-008749-003/2024(H5N1)	945	T	C	0	0	0	292	167	37	1	292	1.07986e-185	TRUE	PB1:cds-XAJ25424.1	CCT	P	CCC	P	315
PB1|PP755595.1|A/cattle/Texas/24-008749-003/2024(H5N1)	1015	A	G	284	117	36	5	3	46	0.017301	289	0.0244232	FALSE	PB1:cds-XAJ25424.1	ATT	I	GTT	V	339
PB1|PP755595.1|A/cattle/Texas/24-008749-003/2024(H5N1)	1543	T	C	2039	817	42	21	7	36	0.0101892	2061	2.00417e-06	TRUE	PB1:cds-XAJ25424.1	TCT	S	CCT	P	515
PB1|PP755595.1|A/cattle/Texas/24-008749-003/2024(H5N1)	1733	A	G	2196	980	36	199	79	36	0.0830898	2395	7.31582e-68	TRUE	PB1:cds-XAJ25424.1	AAG	K	AGG	R	578
PB1|PP755595.1|A/cattle/Texas/24-008749-003/2024(H5N1)	2090	A	T	2611	1348	39	36	21	37	0.0136003	2647	4.05298e-10	TRUE	PB1:cds-XAJ25424.1	GAA	E	GTA	V	697
