REGION	POS	REF	ALT	REF_DP	REF_RV	REF_QUAL	ALT_DP	ALT_RV	ALT_QUAL	ALT_FREQ	TOTAL_DP	PVAL	PASS	GFF_FEATURE	REF_CODON	REF_AA	ALT_CODON	ALT_AA	POS_AA
NS|PP755593.1|A/cattle/Texas/24-008749-003/2024(H5N1)	27	T	C	12180	1643	33	341	30	33	0.0272321	12522	2.77887e-126	TRUE	NEP:cds-XAJ25421.1	TTT	F	TTC	F	9
NS|PP755593.1|A/cattle/Texas/24-008749-003/2024(H5N1)	27	T	C	12180	1643	33	341	30	33	0.0272321	12522	2.77887e-126	TRUE	NS1:cds-XAJ25420.1	TTT	F	TTC	F	9
NS|PP755593.1|A/cattle/Texas/24-008749-003/2024(H5N1)	64	T	G	0	0	0	17695	4160	33	0.999887	17697	0	TRUE	NS1:cds-XAJ25420.1	TTT	F	GTT	V	22
NS|PP755593.1|A/cattle/Texas/24-008749-003/2024(H5N1)	199	A	G	4	3	34	35652	16026	33	0.999832	35658	0	TRUE	NS1:cds-XAJ25420.1	AGG	R	GGG	G	67
NS|PP755593.1|A/cattle/Texas/24-008749-003/2024(H5N1)	219	C	T	5	2	31	37617	19000	33	0.999734	37627	0	TRUE	NS1:cds-XAJ25420.1	TCC	S	TCT	S	73
NS|PP755593.1|A/cattle/Texas/24-008749-003/2024(H5N1)	222	T	C	12	7	33	38108	19412	33	0.999685	38120	0	TRUE	NS1:cds-XAJ25420.1	GAT	D	GAC	D	74
