REGION	POS	REF	ALT	REF_DP	REF_RV	REF_QUAL	ALT_DP	ALT_RV	ALT_QUAL	ALT_FREQ	TOTAL_DP	PVAL	PASS	GFF_FEATURE	REF_CODON	REF_AA	ALT_CODON	ALT_AA	POS_AA
NS|PP755593.1|A/cattle/Texas/24-008749-003/2024(H5N1)	193	G	A	13	5	36	26702	13208	37	0.999252	26722	0	TRUE	NS1:cds-XAJ25420.1	GTG	V	ATG	M	65
NS|PP755593.1|A/cattle/Texas/24-008749-003/2024(H5N1)	199	A	G	2	2	34	26292	12637	37	0.999696	26300	0	TRUE	NS1:cds-XAJ25420.1	AGG	R	GGG	G	67
NS|PP755593.1|A/cattle/Texas/24-008749-003/2024(H5N1)	214	G	A	0	0	0	28437	15330	39	0.999719	28445	0	TRUE	NS1:cds-XAJ25420.1	GAA	E	AAA	K	72
NS|PP755593.1|A/cattle/Texas/24-008749-003/2024(H5N1)	222	T	C	3	2	62	28192	16023	39	0.999787	28198	0	TRUE	NS1:cds-XAJ25420.1	GAT	D	GAC	D	74
