REGION	POS	REF	ALT	REF_DP	REF_RV	REF_QUAL	ALT_DP	ALT_RV	ALT_QUAL	ALT_FREQ	TOTAL_DP	PVAL	PASS	GFF_FEATURE	REF_CODON	REF_AA	ALT_CODON	ALT_AA	POS_AA
PA|PP755594.1|A/cattle/Texas/24-008749-003/2024(H5N1)	14	T	C	88	4	34	1	0	34	0.011236	89	0.158363	FALSE	PA:cds-XAJ25422.1	GTG	V	GCG	A	5
PA|PP755594.1|A/cattle/Texas/24-008749-003/2024(H5N1)	14	T	C	88	4	34	1	0	34	0.011236	89	0.158363	FALSE	PA-X:cds-XAJ25423.1	GTG	V	GCG	A	5
PA|PP755594.1|A/cattle/Texas/24-008749-003/2024(H5N1)	120	A	G	417	88	38	7	2	37	0.0165094	424	0.00039429	TRUE	PA:cds-XAJ25422.1	ACA	T	ACG	T	40
PA|PP755594.1|A/cattle/Texas/24-008749-003/2024(H5N1)	120	A	G	417	88	38	7	2	37	0.0165094	424	0.00039429	TRUE	PA-X:cds-XAJ25423.1	ACA	T	ACG	T	40
PA|PP755594.1|A/cattle/Texas/24-008749-003/2024(H5N1)	410	A	G	0	0	0	623	301	38	1	623	0	TRUE	PA:cds-XAJ25422.1	AAG	K	AGG	R	137
PA|PP755594.1|A/cattle/Texas/24-008749-003/2024(H5N1)	410	A	G	0	0	0	623	301	38	1	623	0	TRUE	PA-X:cds-XAJ25423.1	AAG	K	AGG	R	137
PA|PP755594.1|A/cattle/Texas/24-008749-003/2024(H5N1)	449	T	C	602	372	36	32	22	35	0.0504732	634	1.00574e-11	TRUE	PA:cds-XAJ25422.1	TTC	F	TCC	S	150
PA|PP755594.1|A/cattle/Texas/24-008749-003/2024(H5N1)	449	T	C	602	372	36	32	22	35	0.0504732	634	1.00574e-11	TRUE	PA-X:cds-XAJ25423.1	TTC	F	TCC	S	150
PA|PP755594.1|A/cattle/Texas/24-008749-003/2024(H5N1)	818	G	A	668	391	36	15	7	35	0.0219619	683	1.03541e-05	TRUE	PA:cds-XAJ25422.1	GGG	G	GAG	E	273
PA|PP755594.1|A/cattle/Texas/24-008749-003/2024(H5N1)	981	G	A	0	0	0	685	255	36	1	685	0	TRUE	PA:cds-XAJ25422.1	GAG	E	GAA	E	327
PA|PP755594.1|A/cattle/Texas/24-008749-003/2024(H5N1)	1047	A	G	726	369	37	17	10	43	0.0228802	743	9.27142e-07	TRUE	PA:cds-XAJ25422.1	GAA	E	GAG	E	349
PA|PP755594.1|A/cattle/Texas/24-008749-003/2024(H5N1)	1085	A	G	0	0	0	630	357	35	1	630	0	TRUE	PA:cds-XAJ25422.1	AAA	K	AGA	R	362
PA|PP755594.1|A/cattle/Texas/24-008749-003/2024(H5N1)	1098	G	A	0	0	0	770	466	35	1	770	0	TRUE	PA:cds-XAJ25422.1	TTG	L	TTA	L	366
PA|PP755594.1|A/cattle/Texas/24-008749-003/2024(H5N1)	1294	G	A	0	0	0	807	438	38	0.998762	808	0	TRUE	PA:cds-XAJ25422.1	GTT	V	ATT	I	432
PA|PP755594.1|A/cattle/Texas/24-008749-003/2024(H5N1)	1464	G	A	0	0	0	823	342	36	1	823	0	TRUE	PA:cds-XAJ25422.1	AAG	K	AAA	K	488
PA|PP755594.1|A/cattle/Texas/24-008749-003/2024(H5N1)	1887	G	A	947	561	36	34	17	39	0.0346232	982	9.19069e-11	TRUE	PA:cds-XAJ25422.1	GAG	E	GAA	E	629
PA|PP755594.1|A/cattle/Texas/24-008749-003/2024(H5N1)	1944	C	T	0	0	0	862	524	36	1	862	0	TRUE	PA:cds-XAJ25422.1	AGC	S	AGT	S	648
