REGION	POS	REF	ALT	REF_DP	REF_RV	REF_QUAL	ALT_DP	ALT_RV	ALT_QUAL	ALT_FREQ	TOTAL_DP	PVAL	PASS	GFF_FEATURE	REF_CODON	REF_AA	ALT_CODON	ALT_AA	POS_AA
PB1|PP755595.1|A/cattle/Texas/24-008749-003/2024(H5N1)	1032	C	T	449	149	39	12	0	39	0.0260304	461	6.17846e-05	TRUE	PB1:cds-XAJ25424.1	TTC	F	TTT	F	344
PB1|PP755595.1|A/cattle/Texas/24-008749-003/2024(H5N1)	1395	A	T	451	211	37	7	2	34	0.0152838	458	0.00373937	TRUE	PB1:cds-XAJ25424.1	AGA	R	AGT	S	465
PB1|PP755595.1|A/cattle/Texas/24-008749-003/2024(H5N1)	1672	A	G	536	198	38	9	2	33	0.0165138	545	0.000792792	TRUE	PB1:cds-XAJ25424.1	ACA	T	GCA	A	558
PB1|PP755595.1|A/cattle/Texas/24-008749-003/2024(H5N1)	2103	T	C	480	256	41	6	2	44	0.0123457	486	0.00663053	TRUE	PB1:cds-XAJ25424.1	CCT	P	CCC	P	701
PB1|PP755595.1|A/cattle/Texas/24-008749-003/2024(H5N1)	2213	A	G	373	333	39	4	4	25	0.0106101	377	0.512986	FALSE	PB1:cds-XAJ25424.1	GAG	E	GGG	G	738
