REGION	POS	REF	ALT	REF_DP	REF_RV	REF_QUAL	ALT_DP	ALT_RV	ALT_QUAL	ALT_FREQ	TOTAL_DP	PVAL	PASS	GFF_FEATURE	REF_CODON	REF_AA	ALT_CODON	ALT_AA	POS_AA
HA|PP755589.1|A/cattle/Texas/24-008749-003/2024(H5N1)	4	G	A	0	0	0	26	0	33	1	26	8.9498e-20	TRUE	HA:cds-XAJ25415.1	GAG	E	AAG	K	2
HA|PP755589.1|A/cattle/Texas/24-008749-003/2024(H5N1)	31	G	A	0	0	0	574	50	36	1	574	0	TRUE	HA:cds-XAJ25415.1	GTT	V	ATT	I	11
HA|PP755589.1|A/cattle/Texas/24-008749-003/2024(H5N1)	311	A	G	1	0	34	2102	991	38	0.999524	2103	0	TRUE	HA:cds-XAJ25415.1	GAC	D	GGC	G	104
HA|PP755589.1|A/cattle/Texas/24-008749-003/2024(H5N1)	651	G	A	2	2	34	2265	1032	38	0.999118	2267	0	TRUE	HA:cds-XAJ25415.1	GGG	G	GGA	G	217
HA|PP755589.1|A/cattle/Texas/24-008749-003/2024(H5N1)	675	G	A	0	0	0	2208	1032	37	1	2208	0	TRUE	HA:cds-XAJ25415.1	TTG	L	TTA	L	225
HA|PP755589.1|A/cattle/Texas/24-008749-003/2024(H5N1)	750	A	C	0	0	0	2157	1077	37	0.999537	2158	0	TRUE	HA:cds-XAJ25415.1	AAA	K	AAC	N	250
HA|PP755589.1|A/cattle/Texas/24-008749-003/2024(H5N1)	1007	G	A	33	17	40	2306	1259	40	0.985891	2339	0	TRUE	HA:cds-XAJ25415.1	AGT	S	AAT	N	336
HA|PP755589.1|A/cattle/Texas/24-008749-003/2024(H5N1)	1173	T	C	1	0	34	3532	1060	38	0.999717	3533	0	TRUE	HA:cds-XAJ25415.1	GAT	D	GAC	D	391
