REGION	POS	REF	ALT	REF_DP	REF_RV	REF_QUAL	ALT_DP	ALT_RV	ALT_QUAL	ALT_FREQ	TOTAL_DP	PVAL	PASS	GFF_FEATURE	REF_CODON	REF_AA	ALT_CODON	ALT_AA	POS_AA
PB1|PP755595.1|A/cattle/Texas/24-008749-003/2024(H5N1)	861	A	G	1159	779	32	13	9	32	0.0110827	1173	0.000235127	TRUE	PB1:cds-XAJ25424.1	AGA	R	AGG	R	287
PB1|PP755595.1|A/cattle/Texas/24-008749-003/2024(H5N1)	876	T	C	1265	693	32	13	6	34	0.0101642	1279	0.000310873	TRUE	PB1:cds-XAJ25424.1	AAT	N	AAC	N	292
PB1|PP755595.1|A/cattle/Texas/24-008749-003/2024(H5N1)	945	T	C	0	0	0	1451	844	33	1	1451	0	TRUE	PB1:cds-XAJ25424.1	CCT	P	CCC	P	315
PB1|PP755595.1|A/cattle/Texas/24-008749-003/2024(H5N1)	1375	A	G	1052	469	33	380	192	33	0.265363	1432	2.25358e-129	TRUE	PB1:cds-XAJ25424.1	ATA	I	GTA	V	459
PB1|PP755595.1|A/cattle/Texas/24-008749-003/2024(H5N1)	2231	T	-G	1067	962	33	30	0	20	0.0272232	1102	0.00191734	TRUE	NA	NA	NA	NA	NA	NA
