REGION	POS	REF	ALT	REF_DP	REF_RV	REF_QUAL	ALT_DP	ALT_RV	ALT_QUAL	ALT_FREQ	TOTAL_DP	PVAL	PASS	GFF_FEATURE	REF_CODON	REF_AA	ALT_CODON	ALT_AA	POS_AA
NA|PP755591.1|A/cattle/Texas/24-008749-003/2024(H5N1)	17	A	G	239	17	36	15	1	32	0.0590551	254	4.4539e-11	TRUE	NA:cds-XAJ25418.1	AAG	K	AGG	R	6
NA|PP755591.1|A/cattle/Texas/24-008749-003/2024(H5N1)	25	A	G	365	28	36	29	3	35	0.0736041	394	1.86272e-18	TRUE	NA:cds-XAJ25418.1	ACC	T	GCC	A	9
NA|PP755591.1|A/cattle/Texas/24-008749-003/2024(H5N1)	571	T	C	1	0	34	3846	1790	35	0.99974	3847	0	TRUE	NA:cds-XAJ25418.1	TTG	L	CTG	L	191
NA|PP755591.1|A/cattle/Texas/24-008749-003/2024(H5N1)	640	G	A	3786	1762	35	70	24	34	0.0181535	3856	2.29134e-18	TRUE	NA:cds-XAJ25418.1	GAT	D	AAT	N	214
NA|PP755591.1|A/cattle/Texas/24-008749-003/2024(H5N1)	1185	A	G	2	1	34	3581	2380	35	0.999442	3583	0	TRUE	NA:cds-XAJ25418.1	GAA	E	GAG	E	395
