REGION	POS	REF	ALT	REF_DP	REF_RV	REF_QUAL	ALT_DP	ALT_RV	ALT_QUAL	ALT_FREQ	TOTAL_DP	PVAL	PASS	GFF_FEATURE	REF_CODON	REF_AA	ALT_CODON	ALT_AA	POS_AA
NP|PP755592.1|A/cattle/Texas/24-008749-003/2024(H5N1)	9	T	C	360	90	33	5	0	34	0.0136986	365	0.000495508	TRUE	NP:cds-XAJ25419.1	TCT	S	TCC	S	3
NP|PP755592.1|A/cattle/Texas/24-008749-003/2024(H5N1)	355	A	G	6	3	34	4577	2544	33	0.998691	4583	0	TRUE	NP:cds-XAJ25419.1	ATT	I	GTT	V	119
NP|PP755592.1|A/cattle/Texas/24-008749-003/2024(H5N1)	498	G	A	5	2	34	4320	1958	33	0.998844	4325	0	TRUE	NP:cds-XAJ25419.1	CTG	L	CTA	L	166
NP|PP755592.1|A/cattle/Texas/24-008749-003/2024(H5N1)	531	G	A	15	4	32	4311	1489	33	0.996302	4327	0	TRUE	NP:cds-XAJ25419.1	GGG	G	GGA	G	177
NP|PP755592.1|A/cattle/Texas/24-008749-003/2024(H5N1)	870	C	T	4	3	34	4329	2175	33	0.999077	4333	0	TRUE	NP:cds-XAJ25419.1	GAC	D	GAT	D	290
NP|PP755592.1|A/cattle/Texas/24-008749-003/2024(H5N1)	1014	T	C	3	2	34	4429	2337	33	0.999098	4433	0	TRUE	NP:cds-XAJ25419.1	TTT	F	TTC	F	338
NP|PP755592.1|A/cattle/Texas/24-008749-003/2024(H5N1)	1092	G	A	1	1	34	4588	2177	33	0.999129	4592	0	TRUE	NP:cds-XAJ25419.1	CAG	Q	CAA	Q	364
NP|PP755592.1|A/cattle/Texas/24-008749-003/2024(H5N1)	1308	A	G	5	3	32	4007	2332	33	0.998754	4012	0	TRUE	NP:cds-XAJ25419.1	AGA	R	AGG	R	436
