REGION	POS	REF	ALT	REF_DP	REF_RV	REF_QUAL	ALT_DP	ALT_RV	ALT_QUAL	ALT_FREQ	TOTAL_DP	PVAL	PASS	GFF_FEATURE	REF_CODON	REF_AA	ALT_CODON	ALT_AA	POS_AA
NP|PP755592.1|A/cattle/Texas/24-008749-003/2024(H5N1)	78	A	G	559	187	41	6	2	56	0.0106195	565	0.000254473	TRUE	NP:cds-XAJ25419.1	AGA	R	AGG	R	26
NP|PP755592.1|A/cattle/Texas/24-008749-003/2024(H5N1)	355	A	G	0	0	0	953	538	44	0.998952	954	0	TRUE	NP:cds-XAJ25419.1	ATT	I	GTT	V	119
NP|PP755592.1|A/cattle/Texas/24-008749-003/2024(H5N1)	474	A	G	796	407	44	155	89	42	0.162986	951	8.51649e-61	TRUE	NP:cds-XAJ25419.1	GGA	G	GGG	G	158
NP|PP755592.1|A/cattle/Texas/24-008749-003/2024(H5N1)	498	G	A	0	0	0	941	411	42	1	941	0	TRUE	NP:cds-XAJ25419.1	CTG	L	CTA	L	166
NP|PP755592.1|A/cattle/Texas/24-008749-003/2024(H5N1)	630	A	G	850	403	43	130	73	42	0.132653	980	9.73723e-51	TRUE	NP:cds-XAJ25419.1	GAA	E	GAG	E	210
NP|PP755592.1|A/cattle/Texas/24-008749-003/2024(H5N1)	648	G	A	840	436	43	125	55	42	0.129534	965	3.11078e-48	TRUE	NP:cds-XAJ25419.1	AGG	R	AGA	R	216
NP|PP755592.1|A/cattle/Texas/24-008749-003/2024(H5N1)	870	C	T	0	0	0	965	485	42	1	965	0	TRUE	NP:cds-XAJ25419.1	GAC	D	GAT	D	290
NP|PP755592.1|A/cattle/Texas/24-008749-003/2024(H5N1)	1014	T	C	0	0	0	941	532	45	1	941	0	TRUE	NP:cds-XAJ25419.1	TTT	F	TTC	F	338
NP|PP755592.1|A/cattle/Texas/24-008749-003/2024(H5N1)	1092	G	A	108	58	40	942	436	45	0.897143	1050	0	TRUE	NP:cds-XAJ25419.1	CAG	Q	CAA	Q	364
NP|PP755592.1|A/cattle/Texas/24-008749-003/2024(H5N1)	1242	G	A	984	464	43	169	61	41	0.146574	1153	5.74893e-66	TRUE	NP:cds-XAJ25419.1	GTG	V	GTA	V	414
NP|PP755592.1|A/cattle/Texas/24-008749-003/2024(H5N1)	1278	G	A	1121	491	44	40	13	41	0.0344531	1161	1.06581e-15	TRUE	NP:cds-XAJ25419.1	ATG	M	ATA	I	426
NP|PP755592.1|A/cattle/Texas/24-008749-003/2024(H5N1)	1337	G	A	471	240	47	585	304	45	0.553977	1056	5.21724e-293	TRUE	NP:cds-XAJ25419.1	AGG	R	AAG	K	446
