REGION	POS	REF	ALT	REF_DP	REF_RV	REF_QUAL	ALT_DP	ALT_RV	ALT_QUAL	ALT_FREQ	TOTAL_DP	PVAL	PASS	GFF_FEATURE	REF_CODON	REF_AA	ALT_CODON	ALT_AA	POS_AA
PB1|PP755595.1|A/cattle/Texas/24-008749-003/2024(H5N1)	8	T	C	89	11	37	1	0	34	0.0111111	90	0.110701	FALSE	PB1:cds-XAJ25424.1	GTC	V	GCC	A	3
PB1|PP755595.1|A/cattle/Texas/24-008749-003/2024(H5N1)	945	T	C	1	1	34	2196	1304	37	0.999545	2197	0	TRUE	PB1:cds-XAJ25424.1	CCT	P	CCC	P	315
PB1|PP755595.1|A/cattle/Texas/24-008749-003/2024(H5N1)	1050	A	G	2044	846	37	26	10	35	0.0125604	2070	8.5754e-08	TRUE	PB1:cds-XAJ25424.1	AGA	R	AGG	R	350
PB1|PP755595.1|A/cattle/Texas/24-008749-003/2024(H5N1)	1407	C	A	5313	1195	36	79	14	34	0.0146459	5394	1.61563e-19	TRUE	PB1:cds-XAJ25424.1	ACC	T	ACA	T	469
PB1|PP755595.1|A/cattle/Texas/24-008749-003/2024(H5N1)	1668	A	G	2	0	30	9773	4156	38	0.999489	9778	0	TRUE	PB1:cds-XAJ25424.1	AGA	R	AGG	R	556
PB1|PP755595.1|A/cattle/Texas/24-008749-003/2024(H5N1)	1726	C	T	8583	3926	38	571	230	36	0.0623635	9156	5.16488e-179	TRUE	PB1:cds-XAJ25424.1	CTG	L	TTG	L	576
PB1|PP755595.1|A/cattle/Texas/24-008749-003/2024(H5N1)	1860	T	C	9782	6038	38	215	113	36	0.0215065	9997	1.29966e-57	TRUE	PB1:cds-XAJ25424.1	TAT	Y	TAC	Y	620
