REGION	POS	REF	ALT	REF_DP	REF_RV	REF_QUAL	ALT_DP	ALT_RV	ALT_QUAL	ALT_FREQ	TOTAL_DP	PVAL	PASS	GFF_FEATURE	REF_CODON	REF_AA	ALT_CODON	ALT_AA	POS_AA
MP|PP755590.1|A/cattle/Texas/24-008749-003/2024(H5N1)	43	G	A	9646	1528	33	4414	385	33	0.31394	14060	0	TRUE	M1:cds-XAJ25416.1	GTC	V	ATC	I	15
MP|PP755590.1|A/cattle/Texas/24-008749-003/2024(H5N1)	51	G	T	0	0	0	15724	2316	33	0.997083	15770	0	TRUE	M1:cds-XAJ25416.1	TCG	S	TCT	S	17
MP|PP755590.1|A/cattle/Texas/24-008749-003/2024(H5N1)	245	G	A	19	11	34	48494	21616	33	0.999464	48520	0	TRUE	M1:cds-XAJ25416.1	AGT	S	AAT	N	82
