REGION	POS	REF	ALT	REF_DP	REF_RV	REF_QUAL	ALT_DP	ALT_RV	ALT_QUAL	ALT_FREQ	TOTAL_DP	PVAL	PASS	GFF_FEATURE	REF_CODON	REF_AA	ALT_CODON	ALT_AA	POS_AA
MP|PP755590.1|A/cattle/Texas/24-008749-003/2024(H5N1)	245	G	A	0	0	0	2405	582	33	0.999584	2406	0	TRUE	M1:cds-XAJ25416.1	AGT	S	AAT	N	82
MP|PP755590.1|A/cattle/Texas/24-008749-003/2024(H5N1)	327	C	T	2084	739	33	750	312	33	0.264644	2834	1.48452e-255	TRUE	M1:cds-XAJ25416.1	TTC	F	TTT	F	109
MP|PP755590.1|A/cattle/Texas/24-008749-003/2024(H5N1)	504	C	A	2689	1333	33	926	501	31	0.256084	3616	1.82733e-307	TRUE	M1:cds-XAJ25416.1	ACC	T	ACA	T	168
MP|PP755590.1|A/cattle/Texas/24-008749-003/2024(H5N1)	726	A	G	1499	1112	32	307	203	33	0.169989	1806	4.22968e-108	TRUE	M2:cds-XAJ25417.1	AAC	N	AGC	S	4
MP|PP755590.1|A/cattle/Texas/24-008749-003/2024(H5N1)	726	A	G	1499	1112	32	307	203	33	0.169989	1806	4.22968e-108	TRUE	M1:cds-XAJ25416.1	AAA	K	AAG	K	242
