REGION	POS	REF	ALT	REF_DP	REF_RV	REF_QUAL	ALT_DP	ALT_RV	ALT_QUAL	ALT_FREQ	TOTAL_DP	PVAL	PASS	GFF_FEATURE	REF_CODON	REF_AA	ALT_CODON	ALT_AA	POS_AA
PB1|PP755595.1|A/cattle/Texas/24-008749-003/2024(H5N1)	27	C	A	91	10	33	1	0	26	0.0108696	92	0.603148	FALSE	PB1:cds-XAJ25424.1	TTC	F	TTA	L	9
PB1|PP755595.1|A/cattle/Texas/24-008749-003/2024(H5N1)	42	G	A	0	0	0	100	12	33	1	100	9.47267e-93	TRUE	PB1:cds-XAJ25424.1	GCG	A	GCA	A	14
PB1|PP755595.1|A/cattle/Texas/24-008749-003/2024(H5N1)	47	A	G	107	13	33	3	0	34	0.0272727	110	0.0232304	FALSE	PB1:cds-XAJ25424.1	AAT	N	AGT	S	16
PB1|PP755595.1|A/cattle/Texas/24-008749-003/2024(H5N1)	124	A	T	425	129	32	5	0	29	0.0116279	430	0.480797	FALSE	PB1:cds-XAJ25424.1	ACA	T	TCA	S	42
PB1|PP755595.1|A/cattle/Texas/24-008749-003/2024(H5N1)	124	A	T	425	129	32	5	0	29	0.0116279	430	0.480797	FALSE	PB1-F2:cds-XAJ25425.1	ACA	T	ACT	T	10
PB1|PP755595.1|A/cattle/Texas/24-008749-003/2024(H5N1)	173	A	C	278	175	31	5	0	29	0.0176678	283	0.200206	FALSE	PB1:cds-XAJ25424.1	AAC	N	ACC	T	58
PB1|PP755595.1|A/cattle/Texas/24-008749-003/2024(H5N1)	173	A	C	278	175	31	5	0	29	0.0176678	283	0.200206	FALSE	PB1-F2:cds-XAJ25425.1	ACT	T	CCT	P	27
PB1|PP755595.1|A/cattle/Texas/24-008749-003/2024(H5N1)	466	A	G	0	0	0	622	258	33	0.998395	623	0	TRUE	PB1:cds-XAJ25424.1	ACA	T	GCA	A	156
PB1|PP755595.1|A/cattle/Texas/24-008749-003/2024(H5N1)	525	T	C	0	0	0	622	255	33	1	622	0	TRUE	PB1:cds-XAJ25424.1	GAT	D	GAC	D	175
PB1|PP755595.1|A/cattle/Texas/24-008749-003/2024(H5N1)	576	A	T	586	322	32	6	0	30	0.010118	593	0.00622337	TRUE	PB1:cds-XAJ25424.1	AGA	R	AGT	S	192
PB1|PP755595.1|A/cattle/Texas/24-008749-003/2024(H5N1)	615	A	T	563	322	32	6	0	31	0.0105263	570	0.0081621	TRUE	PB1:cds-XAJ25424.1	ATA	I	ATT	I	205
PB1|PP755595.1|A/cattle/Texas/24-008749-003/2024(H5N1)	702	C	A	0	0	0	682	303	33	0.994169	686	0	TRUE	PB1:cds-XAJ25424.1	GGC	G	GGA	G	234
PB1|PP755595.1|A/cattle/Texas/24-008749-003/2024(H5N1)	895	T	A	639	232	32	7	6	30	0.0108359	646	0.00184052	TRUE	PB1:cds-XAJ25424.1	TCT	S	ACT	T	299
PB1|PP755595.1|A/cattle/Texas/24-008749-003/2024(H5N1)	945	T	C	0	0	0	763	438	33	0.998691	764	0	TRUE	PB1:cds-XAJ25424.1	CCT	P	CCC	P	315
PB1|PP755595.1|A/cattle/Texas/24-008749-003/2024(H5N1)	1150	T	C	854	453	33	17	10	34	0.0195178	871	3.09655e-06	TRUE	PB1:cds-XAJ25424.1	TCA	S	CCA	P	384
PB1|PP755595.1|A/cattle/Texas/24-008749-003/2024(H5N1)	2194	T	A	932	716	32	11	11	29	0.0116649	943	0.390928	FALSE	PB1:cds-XAJ25424.1	TCT	S	ACT	T	732
