REGION	POS	REF	ALT	REF_DP	REF_RV	REF_QUAL	ALT_DP	ALT_RV	ALT_QUAL	ALT_FREQ	TOTAL_DP	PVAL	PASS	GFF_FEATURE	REF_CODON	REF_AA	ALT_CODON	ALT_AA	POS_AA
HA|PP755589.1|A/cattle/Texas/24-008749-003/2024(H5N1)	357	C	T	2	1	37	1455	658	38	0.998627	1457	0	TRUE	HA:cds-XAJ25415.1	CAC	H	CAT	H	119
HA|PP755589.1|A/cattle/Texas/24-008749-003/2024(H5N1)	465	A	G	0	0	0	1343	753	38	1	1343	0	TRUE	HA:cds-XAJ25415.1	GGA	G	GGG	G	155
HA|PP755589.1|A/cattle/Texas/24-008749-003/2024(H5N1)	651	G	A	1	0	37	1339	465	38	0.998509	1341	0	TRUE	HA:cds-XAJ25415.1	GGG	G	GGA	G	217
HA|PP755589.1|A/cattle/Texas/24-008749-003/2024(H5N1)	1269	G	A	0	0	0	1331	480	39	1	1331	0	TRUE	HA:cds-XAJ25415.1	GAG	E	GAA	E	423
HA|PP755589.1|A/cattle/Texas/24-008749-003/2024(H5N1)	1275	G	A	0	0	0	1303	505	39	1	1303	0	TRUE	HA:cds-XAJ25415.1	TTG	L	TTA	L	425
