REGION	POS	REF	ALT	REF_DP	REF_RV	REF_QUAL	ALT_DP	ALT_RV	ALT_QUAL	ALT_FREQ	TOTAL_DP	PVAL	PASS	GFF_FEATURE	REF_CODON	REF_AA	ALT_CODON	ALT_AA	POS_AA
HA|PP755589.1|A/cattle/Texas/24-008749-003/2024(H5N1)	4	G	A	0	0	0	15	9	36	1	15	3.97759e-11	TRUE	HA:cds-XAJ25415.1	GAG	E	AAG	K	2
HA|PP755589.1|A/cattle/Texas/24-008749-003/2024(H5N1)	311	A	G	0	0	0	806	358	54	1	806	0	TRUE	HA:cds-XAJ25415.1	GAC	D	GGC	G	104
HA|PP755589.1|A/cattle/Texas/24-008749-003/2024(H5N1)	336	T	C	811	344	54	65	30	52	0.0742009	876	9.23096e-29	TRUE	HA:cds-XAJ25415.1	AAT	N	AAC	N	112
HA|PP755589.1|A/cattle/Texas/24-008749-003/2024(H5N1)	393	G	A	861	431	52	15	6	44	0.0171233	876	6.26185e-07	TRUE	HA:cds-XAJ25415.1	CAG	Q	CAA	Q	131
HA|PP755589.1|A/cattle/Texas/24-008749-003/2024(H5N1)	399	T	C	870	434	52	10	2	57	0.0113636	880	7.26652e-05	TRUE	HA:cds-XAJ25415.1	ATT	I	ATC	I	133
HA|PP755589.1|A/cattle/Texas/24-008749-003/2024(H5N1)	439	G	A	4	1	56	867	443	51	0.995408	871	0	TRUE	HA:cds-XAJ25415.1	GTG	V	ATG	M	147
HA|PP755589.1|A/cattle/Texas/24-008749-003/2024(H5N1)	474	C	T	815	408	52	40	20	52	0.0467836	855	8.40956e-18	TRUE	HA:cds-XAJ25415.1	TCC	S	TCT	S	158
HA|PP755589.1|A/cattle/Texas/24-008749-003/2024(H5N1)	651	G	A	1	0	34	1029	526	52	0.999029	1030	0	TRUE	HA:cds-XAJ25415.1	GGG	G	GGA	G	217
HA|PP755589.1|A/cattle/Texas/24-008749-003/2024(H5N1)	675	G	A	0	0	0	1075	533	52	1	1075	0	TRUE	HA:cds-XAJ25415.1	TTG	L	TTA	L	225
HA|PP755589.1|A/cattle/Texas/24-008749-003/2024(H5N1)	688	G	A	994	475	51	60	33	55	0.056926	1054	1.87192e-26	TRUE	HA:cds-XAJ25415.1	GCT	A	ACT	T	230
HA|PP755589.1|A/cattle/Texas/24-008749-003/2024(H5N1)	703	G	A	983	482	52	98	40	51	0.090573	1082	5.99099e-43	TRUE	HA:cds-XAJ25415.1	GTA	V	ATA	I	235
HA|PP755589.1|A/cattle/Texas/24-008749-003/2024(H5N1)	818	T	C	1077	550	54	11	5	57	0.0101103	1088	1.86857e-05	TRUE	HA:cds-XAJ25415.1	GTT	V	GCT	A	273
HA|PP755589.1|A/cattle/Texas/24-008749-003/2024(H5N1)	1007	G	A	0	0	0	1063	544	51	1	1063	0	TRUE	HA:cds-XAJ25415.1	AGT	S	AAT	N	336
HA|PP755589.1|A/cattle/Texas/24-008749-003/2024(H5N1)	1047	G	A	1000	541	51	37	21	53	0.0356455	1038	4.02953e-16	TRUE	HA:cds-XAJ25415.1	GGG	G	GGA	G	349
HA|PP755589.1|A/cattle/Texas/24-008749-003/2024(H5N1)	1052	T	A	1016	537	51	25	6	40	0.0240154	1041	4.78582e-11	TRUE	HA:cds-XAJ25415.1	ATA	I	AAA	K	351
HA|PP755589.1|A/cattle/Texas/24-008749-003/2024(H5N1)	1173	T	C	2	2	68	4267	1513	53	0.999532	4269	0	TRUE	HA:cds-XAJ25415.1	GAT	D	GAC	D	391
