REGION	POS	REF	ALT	REF_DP	REF_RV	REF_QUAL	ALT_DP	ALT_RV	ALT_QUAL	ALT_FREQ	TOTAL_DP	PVAL	PASS	GFF_FEATURE	REF_CODON	REF_AA	ALT_CODON	ALT_AA	POS_AA
PB2|PP755596.1|A/cattle/Texas/24-008749-003/2024(H5N1)	172	G	A	0	0	0	324	136	33	1	324	2.90104e-197	TRUE	PB2:cds-XAJ25426.1	GCA	A	ACA	T	58
PB2|PP755596.1|A/cattle/Texas/24-008749-003/2024(H5N1)	240	G	A	0	0	0	288	155	32	1	288	1.47939e-183	TRUE	PB2:cds-XAJ25426.1	AAG	K	AAA	K	80
PB2|PP755596.1|A/cattle/Texas/24-008749-003/2024(H5N1)	251	C	T	305	181	33	12	5	32	0.0378549	317	0.00014005	TRUE	PB2:cds-XAJ25426.1	GCC	A	GTC	V	84
PB2|PP755596.1|A/cattle/Texas/24-008749-003/2024(H5N1)	467	C	T	304	126	33	33	13	32	0.0979228	337	2.6789e-11	TRUE	PB2:cds-XAJ25426.1	GCC	A	GTC	V	156
PB2|PP755596.1|A/cattle/Texas/24-008749-003/2024(H5N1)	630	G	A	0	0	0	305	177	33	1	305	1.88238e-195	TRUE	PB2:cds-XAJ25426.1	GAG	E	GAA	E	210
PB2|PP755596.1|A/cattle/Texas/24-008749-003/2024(H5N1)	695	T	C	311	167	33	4	1	34	0.0126984	315	0.0603531	FALSE	PB2:cds-XAJ25426.1	CTG	L	CCG	P	232
PB2|PP755596.1|A/cattle/Texas/24-008749-003/2024(H5N1)	764	C	T	0	0	0	300	135	33	1	300	1.93165e-187	TRUE	PB2:cds-XAJ25426.1	GCA	A	GTA	V	255
PB2|PP755596.1|A/cattle/Texas/24-008749-003/2024(H5N1)	912	G	A	0	0	0	362	170	33	1	362	3.10296e-219	TRUE	PB2:cds-XAJ25426.1	GAG	E	GAA	E	304
PB2|PP755596.1|A/cattle/Texas/24-008749-003/2024(H5N1)	1392	G	A	0	0	0	335	242	33	1	335	3.27141e-210	TRUE	PB2:cds-XAJ25426.1	TTG	L	TTA	L	464
PB2|PP755596.1|A/cattle/Texas/24-008749-003/2024(H5N1)	1415	A	G	328	219	33	11	9	34	0.0324484	339	0.000376211	TRUE	PB2:cds-XAJ25426.1	GAG	E	GGG	G	472
PB2|PP755596.1|A/cattle/Texas/24-008749-003/2024(H5N1)	1437	A	G	150	92	33	161	97	33	0.517685	311	3.47746e-67	TRUE	PB2:cds-XAJ25426.1	AGA	R	AGG	R	479
PB2|PP755596.1|A/cattle/Texas/24-008749-003/2024(H5N1)	1515	A	G	362	153	33	4	2	34	0.010929	366	0.0613131	FALSE	PB2:cds-XAJ25426.1	CGA	R	CGG	R	505
PB2|PP755596.1|A/cattle/Texas/24-008749-003/2024(H5N1)	1557	C	T	342	126	33	28	9	33	0.0756757	370	1.284e-09	TRUE	PB2:cds-XAJ25426.1	AGC	S	AGT	S	519
PB2|PP755596.1|A/cattle/Texas/24-008749-003/2024(H5N1)	2009	A	G	200	94	33	194	92	33	0.492386	394	9.37709e-75	TRUE	PB2:cds-XAJ25426.1	AAA	K	AGA	R	670
