REGION	POS	REF	ALT	REF_DP	REF_RV	REF_QUAL	ALT_DP	ALT_RV	ALT_QUAL	ALT_FREQ	TOTAL_DP	PVAL	PASS	GFF_FEATURE	REF_CODON	REF_AA	ALT_CODON	ALT_AA	POS_AA
PB2|PP755596.1|A/cattle/Texas/24-008749-003/2024(H5N1)	117	A	G	1179	391	33	35	8	33	0.0288303	1214	8.4373e-13	TRUE	PB2:cds-XAJ25426.1	CAA	Q	CAG	Q	39
PB2|PP755596.1|A/cattle/Texas/24-008749-003/2024(H5N1)	172	G	A	1359	583	33	256	112	33	0.158514	1615	1.96135e-82	TRUE	PB2:cds-XAJ25426.1	GCA	A	ACA	T	58
PB2|PP755596.1|A/cattle/Texas/24-008749-003/2024(H5N1)	240	G	A	0	0	0	1346	723	33	1	1346	0	TRUE	PB2:cds-XAJ25426.1	AAG	K	AAA	K	80
PB2|PP755596.1|A/cattle/Texas/24-008749-003/2024(H5N1)	258	A	G	1454	866	33	17	11	34	0.0115568	1471	3.73871e-05	TRUE	PB2:cds-XAJ25426.1	TCA	S	TCG	S	86
PB2|PP755596.1|A/cattle/Texas/24-008749-003/2024(H5N1)	320	G	A	1466	764	33	162	80	31	0.0995086	1628	1.67038e-50	TRUE	PB2:cds-XAJ25426.1	AGT	S	AAT	N	107
PB2|PP755596.1|A/cattle/Texas/24-008749-003/2024(H5N1)	630	G	A	0	0	0	1671	938	33	1	1671	0	TRUE	PB2:cds-XAJ25426.1	GAG	E	GAA	E	210
PB2|PP755596.1|A/cattle/Texas/24-008749-003/2024(H5N1)	764	C	T	2	2	30	1742	813	33	0.998853	1744	0	TRUE	PB2:cds-XAJ25426.1	GCA	A	GTA	V	255
PB2|PP755596.1|A/cattle/Texas/24-008749-003/2024(H5N1)	912	G	A	1	1	34	1933	945	33	0.999483	1934	0	TRUE	PB2:cds-XAJ25426.1	GAG	E	GAA	E	304
PB2|PP755596.1|A/cattle/Texas/24-008749-003/2024(H5N1)	1392	G	A	2	1	34	2004	1283	33	0.999003	2006	0	TRUE	PB2:cds-XAJ25426.1	TTG	L	TTA	L	464
PB2|PP755596.1|A/cattle/Texas/24-008749-003/2024(H5N1)	1437	A	G	1592	949	33	288	156	33	0.153191	1880	4.02058e-94	TRUE	PB2:cds-XAJ25426.1	AGA	R	AGG	R	479
PB2|PP755596.1|A/cattle/Texas/24-008749-003/2024(H5N1)	2009	A	G	271	139	33	1711	939	33	0.863269	1982	0	TRUE	PB2:cds-XAJ25426.1	AAA	K	AGA	R	670
