REGION	POS	REF	ALT	REF_DP	REF_RV	REF_QUAL	ALT_DP	ALT_RV	ALT_QUAL	ALT_FREQ	TOTAL_DP	PVAL	PASS	GFF_FEATURE	REF_CODON	REF_AA	ALT_CODON	ALT_AA	POS_AA
HA|PP755589.1|A/cattle/Texas/24-008749-003/2024(H5N1)	5	A	G	381	28	35	5	0	34	0.0129534	386	0.00053833	TRUE	HA:cds-XAJ25415.1	GAG	E	GGG	G	2
HA|PP755589.1|A/cattle/Texas/24-008749-003/2024(H5N1)	6	G	A	450	30	36	5	0	30	0.010989	455	0.000967446	TRUE	HA:cds-XAJ25415.1	GAG	E	GAA	E	2
HA|PP755589.1|A/cattle/Texas/24-008749-003/2024(H5N1)	259	A	G	0	0	0	7055	3893	38	0.999717	7057	0	TRUE	HA:cds-XAJ25415.1	ATC	I	GTC	V	87
HA|PP755589.1|A/cattle/Texas/24-008749-003/2024(H5N1)	311	A	G	3	3	34	6645	3211	37	0.999549	6648	0	TRUE	HA:cds-XAJ25415.1	GAC	D	GGC	G	104
HA|PP755589.1|A/cattle/Texas/24-008749-003/2024(H5N1)	651	G	A	8	6	39	5458	2567	37	0.997624	5471	0	TRUE	HA:cds-XAJ25415.1	GGG	G	GGA	G	217
HA|PP755589.1|A/cattle/Texas/24-008749-003/2024(H5N1)	675	G	A	6	4	31	5357	2420	35	0.997579	5370	0	TRUE	HA:cds-XAJ25415.1	TTG	L	TTA	L	225
HA|PP755589.1|A/cattle/Texas/24-008749-003/2024(H5N1)	1007	G	A	6	3	39	5448	3069	39	0.9989	5454	0	TRUE	HA:cds-XAJ25415.1	AGT	S	AAT	N	336
