REGION	POS	REF	ALT	REF_DP	REF_RV	REF_QUAL	ALT_DP	ALT_RV	ALT_QUAL	ALT_FREQ	TOTAL_DP	PVAL	PASS	GFF_FEATURE	REF_CODON	REF_AA	ALT_CODON	ALT_AA	POS_AA
NA|PP755591.1|A/cattle/Texas/24-008749-003/2024(H5N1)	18	G	A	632	108	33	7	3	34	0.0109546	639	0.000415483	TRUE	NA:cds-XAJ25418.1	AAG	K	AAA	K	6
NA|PP755591.1|A/cattle/Texas/24-008749-003/2024(H5N1)	46	G	A	2	1	34	1833	311	33	0.99891	1835	0	TRUE	NA:cds-XAJ25418.1	GTA	V	ATA	I	16
NA|PP755591.1|A/cattle/Texas/24-008749-003/2024(H5N1)	571	T	C	3	0	31	7543	3455	33	0.999338	7548	0	TRUE	NA:cds-XAJ25418.1	TTG	L	CTG	L	191
NA|PP755591.1|A/cattle/Texas/24-008749-003/2024(H5N1)	1185	A	G	2	2	27	6143	3831	33	0.999675	6145	0	TRUE	NA:cds-XAJ25418.1	GAA	E	GAG	E	395
NA|PP755591.1|A/cattle/Texas/24-008749-003/2024(H5N1)	1289	G	C	4026	2563	32	41	41	28	0.0100762	4069	0.49186	FALSE	NA:cds-XAJ25418.1	AGG	R	ACG	T	430
