REGION	POS	REF	ALT	REF_DP	REF_RV	REF_QUAL	ALT_DP	ALT_RV	ALT_QUAL	ALT_FREQ	TOTAL_DP	PVAL	PASS	GFF_FEATURE	REF_CODON	REF_AA	ALT_CODON	ALT_AA	POS_AA
HA|PP755589.1|A/cattle/Texas/24-008749-003/2024(H5N1)	300	C	T	0	0	0	3673	1567	33	1	3673	0	TRUE	HA:cds-XAJ25415.1	AAC	N	AAT	N	100
HA|PP755589.1|A/cattle/Texas/24-008749-003/2024(H5N1)	311	A	G	0	0	0	3769	1632	33	1	3769	0	TRUE	HA:cds-XAJ25415.1	GAC	D	GGC	G	104
HA|PP755589.1|A/cattle/Texas/24-008749-003/2024(H5N1)	371	T	C	3914	1603	33	127	42	32	0.0314201	4042	5.70472e-35	TRUE	HA:cds-XAJ25415.1	ATA	I	ACA	T	124
HA|PP755589.1|A/cattle/Texas/24-008749-003/2024(H5N1)	519	C	T	3811	2204	33	83	48	32	0.0213148	3894	1.5123e-21	TRUE	HA:cds-XAJ25415.1	TAC	Y	TAT	Y	173
HA|PP755589.1|A/cattle/Texas/24-008749-003/2024(H5N1)	651	G	A	0	0	0	4103	1833	33	0.999756	4104	0	TRUE	HA:cds-XAJ25415.1	GGG	G	GGA	G	217
HA|PP755589.1|A/cattle/Texas/24-008749-003/2024(H5N1)	675	G	A	3	1	34	3839	1629	32	0.99792	3847	0	TRUE	HA:cds-XAJ25415.1	TTG	L	TTA	L	225
HA|PP755589.1|A/cattle/Texas/24-008749-003/2024(H5N1)	1007	G	A	0	0	0	4352	2399	33	0.999311	4355	0	TRUE	HA:cds-XAJ25415.1	AGT	S	AAT	N	336
HA|PP755589.1|A/cattle/Texas/24-008749-003/2024(H5N1)	1572	A	G	7212	5010	33	1538	1111	33	0.175731	8752	0	TRUE	HA:cds-XAJ25415.1	GAA	E	GAG	E	524
HA|PP755589.1|A/cattle/Texas/24-008749-003/2024(H5N1)	1590	G	A	0	0	0	7645	5907	33	0.999608	7648	0	TRUE	HA:cds-XAJ25415.1	CAG	Q	CAA	Q	530
