REGION	POS	REF	ALT	REF_DP	REF_RV	REF_QUAL	ALT_DP	ALT_RV	ALT_QUAL	ALT_FREQ	TOTAL_DP	PVAL	PASS	GFF_FEATURE	REF_CODON	REF_AA	ALT_CODON	ALT_AA	POS_AA
NS|PP755593.1|A/cattle/Texas/24-008749-003/2024(H5N1)	199	A	G	14	9	32	90321	44245	33	0.999303	90384	0	TRUE	NS1:cds-XAJ25420.1	AGG	R	GGG	G	67
NS|PP755593.1|A/cattle/Texas/24-008749-003/2024(H5N1)	217	T	C	93931	48211	33	4973	2407	33	0.0502608	98944	0	TRUE	NS1:cds-XAJ25420.1	TCC	S	CCC	P	73
NS|PP755593.1|A/cattle/Texas/24-008749-003/2024(H5N1)	222	T	C	32	24	33	97138	52160	33	0.99963	97174	0	TRUE	NS1:cds-XAJ25420.1	GAT	D	GAC	D	74
NS|PP755593.1|A/cattle/Texas/24-008749-003/2024(H5N1)	300	A	G	76102	48017	32	10365	6800	33	0.119774	86538	0	TRUE	NS1:cds-XAJ25420.1	AGA	R	AGG	R	100
NS|PP755593.1|A/cattle/Texas/24-008749-003/2024(H5N1)	370	A	G	89871	46400	33	2763	1528	33	0.0298097	92688	0	TRUE	NS1:cds-XAJ25420.1	ATG	M	GTG	V	124
NS|PP755593.1|A/cattle/Texas/24-008749-003/2024(H5N1)	434	T	C	100149	48281	33	1284	519	32	0.0126509	101495	1.98369e-277	TRUE	NS1:cds-XAJ25420.1	ATA	I	ACA	T	145
NS|PP755593.1|A/cattle/Texas/24-008749-003/2024(H5N1)	456	A	T	83725	40046	33	1944	930	33	0.0226729	85741	0	TRUE	NS1:cds-XAJ25420.1	GAA	E	GAT	D	152
NS|PP755593.1|A/cattle/Texas/24-008749-003/2024(H5N1)	597	G	A	85983	46584	33	953	459	33	0.010955	86992	5.70104e-193	TRUE	NEP:cds-XAJ25421.1	AGA	R	AAA	K	32
NS|PP755593.1|A/cattle/Texas/24-008749-003/2024(H5N1)	597	G	A	85983	46584	33	953	459	33	0.010955	86992	5.70104e-193	TRUE	NS1:cds-XAJ25420.1	CAG	Q	CAA	Q	199
