REGION	POS	REF	ALT	REF_DP	REF_RV	REF_QUAL	ALT_DP	ALT_RV	ALT_QUAL	ALT_FREQ	TOTAL_DP	PVAL	PASS	GFF_FEATURE	REF_CODON	REF_AA	ALT_CODON	ALT_AA	POS_AA
NA|PP755591.1|A/cattle/Texas/24-008749-003/2024(H5N1)	571	T	C	2	1	34	2888	1373	33	0.998962	2891	0	TRUE	NA:cds-XAJ25418.1	TTG	L	CTG	L	191
NA|PP755591.1|A/cattle/Texas/24-008749-003/2024(H5N1)	994	A	G	1	0	34	2943	1344	33	0.99966	2944	0	TRUE	NA:cds-XAJ25418.1	ACA	T	GCA	A	332
NA|PP755591.1|A/cattle/Texas/24-008749-003/2024(H5N1)	1185	A	G	4	3	26	2805	1531	33	0.998576	2809	0	TRUE	NA:cds-XAJ25418.1	GAA	E	GAG	E	395
NA|PP755591.1|A/cattle/Texas/24-008749-003/2024(H5N1)	1289	G	C	1927	865	32	28	28	28	0.0143149	1956	0.094788	FALSE	NA:cds-XAJ25418.1	AGG	R	ACG	T	430
NA|PP755591.1|A/cattle/Texas/24-008749-003/2024(H5N1)	1290	G	C	2104	1079	32	22	22	29	0.0103481	2126	0.469377	FALSE	NA:cds-XAJ25418.1	AGG	R	AGC	S	430
