REGION	POS	REF	ALT	REF_DP	REF_RV	REF_QUAL	ALT_DP	ALT_RV	ALT_QUAL	ALT_FREQ	TOTAL_DP	PVAL	PASS	GFF_FEATURE	REF_CODON	REF_AA	ALT_CODON	ALT_AA	POS_AA
MP|PP755590.1|A/cattle/Texas/24-008749-003/2024(H5N1)	245	G	A	5	1	40	19163	8710	39	0.999687	19169	0	TRUE	M1:cds-XAJ25416.1	AGT	S	AAT	N	82
MP|PP755590.1|A/cattle/Texas/24-008749-003/2024(H5N1)	355	T	C	20045	11041	39	321	152	38	0.0157616	20366	5.89721e-81	TRUE	M1:cds-XAJ25416.1	TAC	Y	CAC	H	119
MP|PP755590.1|A/cattle/Texas/24-008749-003/2024(H5N1)	409	A	T	19560	9977	39	370	171	39	0.0185343	19963	2.45559e-97	TRUE	M1:cds-XAJ25416.1	ACG	T	TCG	S	137
MP|PP755590.1|A/cattle/Texas/24-008749-003/2024(H5N1)	639	G	A	19788	9182	38	284	107	37	0.0141491	20072	4.13377e-68	TRUE	M1:cds-XAJ25416.1	GTG	V	GTA	V	213
MP|PP755590.1|A/cattle/Texas/24-008749-003/2024(H5N1)	758	G	A	19320	9369	40	362	167	38	0.0183906	19684	3.26614e-95	TRUE	M2:cds-XAJ25417.1	GAT	D	AAT	N	15
MP|PP755590.1|A/cattle/Texas/24-008749-003/2024(H5N1)	758	G	A	19320	9369	40	362	167	38	0.0183906	19684	3.26614e-95	TRUE	M1:cds-XAJ25416.1	TGA	*	TAA	*	253
MP|PP755590.1|A/cattle/Texas/24-008749-003/2024(H5N1)	783	T	C	2	1	68	18470	9934	41	0.999783	18474	0	TRUE	M2:cds-XAJ25417.1	ATC	I	ACC	T	23
MP|PP755590.1|A/cattle/Texas/24-008749-003/2024(H5N1)	849	G	C	16927	13331	40	234	173	41	0.0135003	17333	8.09663e-83	TRUE	M2:cds-XAJ25417.1	CGC	R	CCC	P	45
