REGION	POS	REF	ALT	REF_DP	REF_RV	REF_QUAL	ALT_DP	ALT_RV	ALT_QUAL	ALT_FREQ	TOTAL_DP	PVAL	PASS	GFF_FEATURE	REF_CODON	REF_AA	ALT_CODON	ALT_AA	POS_AA
PB1|PP755595.1|A/cattle/Texas/24-008749-003/2024(H5N1)	661	G	A	3273	1872	42	44	25	44	0.013265	3317	9.25774e-15	TRUE	PB1:cds-XAJ25424.1	GCA	A	ACA	T	221
PB1|PP755595.1|A/cattle/Texas/24-008749-003/2024(H5N1)	717	G	A	2	0	40	3231	1606	42	0.999381	3233	0	TRUE	PB1:cds-XAJ25424.1	AGG	R	AGA	R	239
PB1|PP755595.1|A/cattle/Texas/24-008749-003/2024(H5N1)	911	G	T	2575	1167	37	27	27	24	0.0103726	2603	0.455613	FALSE	PB1:cds-XAJ25424.1	GGA	G	GTA	V	304
PB1|PP755595.1|A/cattle/Texas/24-008749-003/2024(H5N1)	1062	A	G	1	1	40	3426	1267	43	0.999708	3427	0	TRUE	PB1:cds-XAJ25424.1	GGA	G	GGG	G	354
PB1|PP755595.1|A/cattle/Texas/24-008749-003/2024(H5N1)	1071	C	T	1	1	24	3514	1313	44	0.999716	3515	0	TRUE	PB1:cds-XAJ25424.1	TTC	F	TTT	F	357
PB1|PP755595.1|A/cattle/Texas/24-008749-003/2024(H5N1)	1255	C	T	4109	1898	43	53	35	39	0.0127312	4163	1.94329e-13	TRUE	PB1:cds-XAJ25424.1	CTG	L	TTG	L	419
PB1|PP755595.1|A/cattle/Texas/24-008749-003/2024(H5N1)	1302	A	G	0	0	0	3795	1794	44	1	3795	0	TRUE	PB1:cds-XAJ25424.1	ACA	T	ACG	T	434
PB1|PP755595.1|A/cattle/Texas/24-008749-003/2024(H5N1)	1592	A	G	0	0	0	3527	1806	42	1	3527	0	TRUE	PB1:cds-XAJ25424.1	AAG	K	AGG	R	531
PB1|PP755595.1|A/cattle/Texas/24-008749-003/2024(H5N1)	1627	A	T	0	0	0	3580	1782	42	1	3580	0	TRUE	PB1:cds-XAJ25424.1	ACA	T	TCA	S	543
PB1|PP755595.1|A/cattle/Texas/24-008749-003/2024(H5N1)	1902	C	A	3688	2357	45	80	57	42	0.0212314	3768	1.4797e-27	TRUE	PB1:cds-XAJ25424.1	CAC	H	CAA	Q	634
PB1|PP755595.1|A/cattle/Texas/24-008749-003/2024(H5N1)	1926	T	C	2	2	40	3701	2304	44	0.99946	3703	0	TRUE	PB1:cds-XAJ25424.1	AAT	N	AAC	N	642
PB1|PP755595.1|A/cattle/Texas/24-008749-003/2024(H5N1)	2231	T	-G	2949	2745	44	395	0	20	0.116968	3377	1.69272e-85	TRUE	NA	NA	NA	NA	NA	NA
