REGION	POS	REF	ALT	REF_DP	REF_RV	REF_QUAL	ALT_DP	ALT_RV	ALT_QUAL	ALT_FREQ	TOTAL_DP	PVAL	PASS	GFF_FEATURE	REF_CODON	REF_AA	ALT_CODON	ALT_AA	POS_AA
PA|PP755594.1|A/cattle/Texas/24-008749-003/2024(H5N1)	396	G	A	0	0	0	1230	580	51	1	1230	0	TRUE	PA:cds-XAJ25422.1	TTG	L	TTA	L	132
PA|PP755594.1|A/cattle/Texas/24-008749-003/2024(H5N1)	396	G	A	0	0	0	1230	580	51	1	1230	0	TRUE	PA-X:cds-XAJ25423.1	TTG	L	TTA	L	132
PA|PP755594.1|A/cattle/Texas/24-008749-003/2024(H5N1)	655	A	C	0	0	0	1188	627	50	1	1188	0	TRUE	PA:cds-XAJ25422.1	ATT	I	CTT	L	219
PA|PP755594.1|A/cattle/Texas/24-008749-003/2024(H5N1)	655	A	C	0	0	0	1188	627	50	1	1188	0	TRUE	PA-X:cds-XAJ25423.1	GTA	V	GTC	V	28
PA|PP755594.1|A/cattle/Texas/24-008749-003/2024(H5N1)	870	G	A	0	0	0	1088	508	46	0.999082	1089	0	TRUE	PA:cds-XAJ25422.1	TTG	L	TTA	L	290
PA|PP755594.1|A/cattle/Texas/24-008749-003/2024(H5N1)	948	C	A	1161	482	51	38	12	52	0.0316931	1199	1.66319e-15	TRUE	PA:cds-XAJ25422.1	GGC	G	GGA	G	316
PA|PP755594.1|A/cattle/Texas/24-008749-003/2024(H5N1)	1490	G	A	1	0	38	1375	682	51	0.999273	1376	0	TRUE	PA:cds-XAJ25422.1	AGG	R	AAG	K	497
PA|PP755594.1|A/cattle/Texas/24-008749-003/2024(H5N1)	1689	G	A	1333	665	47	30	11	37	0.0220103	1363	3.40513e-10	TRUE	PA:cds-XAJ25422.1	CTG	L	CTA	L	563
PA|PP755594.1|A/cattle/Texas/24-008749-003/2024(H5N1)	2011	G	A	1140	875	53	16	13	37	0.0138408	1156	5.50536e-06	TRUE	PA:cds-XAJ25422.1	GCA	A	ACA	T	671
