REGION	POS	REF	ALT	REF_DP	REF_RV	REF_QUAL	ALT_DP	ALT_RV	ALT_QUAL	ALT_FREQ	TOTAL_DP	PVAL	PASS	GFF_FEATURE	REF_CODON	REF_AA	ALT_CODON	ALT_AA	POS_AA
NS|PP755593.1|A/cattle/Texas/24-008749-003/2024(H5N1)	62	G	A	3739	310	36	4366	311	35	0.53868	8105	0	TRUE	NS1:cds-XAJ25420.1	CGA	R	CAA	Q	21
NS|PP755593.1|A/cattle/Texas/24-008749-003/2024(H5N1)	74	A	G	9210	599	35	1480	94	35	0.138447	10690	0	TRUE	NS1:cds-XAJ25420.1	CAA	Q	CGA	R	25
NS|PP755593.1|A/cattle/Texas/24-008749-003/2024(H5N1)	199	A	G	37	8	32	16861	6020	36	0.997692	16900	0	TRUE	NS1:cds-XAJ25420.1	AGG	R	GGG	G	67
NS|PP755593.1|A/cattle/Texas/24-008749-003/2024(H5N1)	214	G	A	6	3	38	18273	7927	37	0.999672	18279	0	TRUE	NS1:cds-XAJ25420.1	GAA	E	AAA	K	72
NS|PP755593.1|A/cattle/Texas/24-008749-003/2024(H5N1)	222	T	C	6	6	34	16978	8479	36	0.999588	16985	0	TRUE	NS1:cds-XAJ25420.1	GAT	D	GAC	D	74
NS|PP755593.1|A/cattle/Texas/24-008749-003/2024(H5N1)	342	C	T	19831	10583	35	311	179	33	0.0154396	20143	6.42827e-73	TRUE	NS1:cds-XAJ25420.1	TCC	S	TCT	S	114
NS|PP755593.1|A/cattle/Texas/24-008749-003/2024(H5N1)	573	A	G	18182	8713	36	672	431	35	0.0356423	18854	3.15727e-188	TRUE	NEP:cds-XAJ25421.1	CAG	Q	CGG	R	24
NS|PP755593.1|A/cattle/Texas/24-008749-003/2024(H5N1)	573	A	G	18182	8713	36	672	431	35	0.0356423	18854	3.15727e-188	TRUE	NS1:cds-XAJ25420.1	ACA	T	ACG	T	191
NS|PP755593.1|A/cattle/Texas/24-008749-003/2024(H5N1)	781	A	G	1	1	34	12348	11606	37	0.999838	12350	0	TRUE	NEP:cds-XAJ25421.1	TTA	L	TTG	L	93
