REGION	POS	REF	ALT	REF_DP	REF_RV	REF_QUAL	ALT_DP	ALT_RV	ALT_QUAL	ALT_FREQ	TOTAL_DP	PVAL	PASS	GFF_FEATURE	REF_CODON	REF_AA	ALT_CODON	ALT_AA	POS_AA
PB1|PP755595.1|A/cattle/Texas/24-008749-003/2024(H5N1)	8	T	C	91	21	33	1	0	34	0.0108696	92	0.143526	FALSE	NA	NA	NA	NA	NA	NA
PB1|PP755595.1|A/cattle/Texas/24-008749-003/2024(H5N1)	29	T	-GAAA	237	40	33	7	0	20	0.010043	697	0.0287527	FALSE	NA	NA	NA	NA	NA	NA
PB1|PP755595.1|A/cattle/Texas/24-008749-003/2024(H5N1)	330	G	A	1235	697	33	16	8	33	0.0127796	1252	0.000105324	TRUE	NA	NA	NA	NA	NA	NA
PB1|PP755595.1|A/cattle/Texas/24-008749-003/2024(H5N1)	822	A	G	1045	517	33	24	12	33	0.0224299	1070	4.81438e-07	TRUE	NA	NA	NA	NA	NA	NA
PB1|PP755595.1|A/cattle/Texas/24-008749-003/2024(H5N1)	945	T	C	0	0	0	1172	672	33	1	1172	0	TRUE	NA	NA	NA	NA	NA	NA
PB1|PP755595.1|A/cattle/Texas/24-008749-003/2024(H5N1)	1424	T	C	2663	746	33	36	4	33	0.0133383	2699	1.77221e-09	TRUE	NA	NA	NA	NA	NA	NA
PB1|PP755595.1|A/cattle/Texas/24-008749-003/2024(H5N1)	1622	C	A	3542	1747	33	36	19	33	0.0100587	3579	1.08448e-08	TRUE	NA	NA	NA	NA	NA	NA
PB1|PP755595.1|A/cattle/Texas/24-008749-003/2024(H5N1)	1675	T	C	4094	1668	33	65	22	32	0.0156288	4159	2.21534e-16	TRUE	NA	NA	NA	NA	NA	NA
