REGION	POS	REF	ALT	REF_DP	REF_RV	REF_QUAL	ALT_DP	ALT_RV	ALT_QUAL	ALT_FREQ	TOTAL_DP	PVAL	PASS	GFF_FEATURE	REF_CODON	REF_AA	ALT_CODON	ALT_AA	POS_AA
HA|PP755589.1|A/cattle/Texas/24-008749-003/2024(H5N1)	4	G	A	0	0	0	6	0	34	1	6	0.000124875	TRUE	HA:cds-XAJ25415.1	GAG	E	AAG	K	2
HA|PP755589.1|A/cattle/Texas/24-008749-003/2024(H5N1)	311	A	G	0	0	0	765	341	33	1	765	0	TRUE	HA:cds-XAJ25415.1	GAC	D	GGC	G	104
HA|PP755589.1|A/cattle/Texas/24-008749-003/2024(H5N1)	329	G	A	0	0	0	792	350	33	1	792	0	TRUE	HA:cds-XAJ25415.1	AGC	S	AAC	N	110
HA|PP755589.1|A/cattle/Texas/24-008749-003/2024(H5N1)	439	G	A	0	0	0	788	441	33	1	788	0	TRUE	HA:cds-XAJ25415.1	GTG	V	ATG	M	147
HA|PP755589.1|A/cattle/Texas/24-008749-003/2024(H5N1)	651	G	A	0	0	0	820	350	33	1	820	0	TRUE	HA:cds-XAJ25415.1	GGG	G	GGA	G	217
HA|PP755589.1|A/cattle/Texas/24-008749-003/2024(H5N1)	675	G	A	0	0	0	850	373	32	1	850	0	TRUE	HA:cds-XAJ25415.1	TTG	L	TTA	L	225
HA|PP755589.1|A/cattle/Texas/24-008749-003/2024(H5N1)	1007	G	A	0	0	0	859	485	33	1	859	0	TRUE	HA:cds-XAJ25415.1	AGT	S	AAT	N	336
HA|PP755589.1|A/cattle/Texas/24-008749-003/2024(H5N1)	1033	A	G	795	467	33	9	6	34	0.011194	804	0.00134286	TRUE	HA:cds-XAJ25415.1	AGA	R	GGA	G	345
HA|PP755589.1|A/cattle/Texas/24-008749-003/2024(H5N1)	1124	A	G	962	400	33	12	7	29	0.0123203	974	0.31647	FALSE	HA:cds-XAJ25415.1	CAG	Q	CGG	R	375
HA|PP755589.1|A/cattle/Texas/24-008749-003/2024(H5N1)	1130	G	A	961	344	33	149	50	32	0.134234	1110	2.40884e-46	TRUE	HA:cds-XAJ25415.1	AGT	S	AAT	N	377
HA|PP755589.1|A/cattle/Texas/24-008749-003/2024(H5N1)	1173	T	C	0	0	0	1127	348	33	1	1127	0	TRUE	HA:cds-XAJ25415.1	GAT	D	GAC	D	391
HA|PP755589.1|A/cattle/Texas/24-008749-003/2024(H5N1)	1263	G	A	1031	407	33	224	31	31	0.178486	1255	3.12122e-74	TRUE	HA:cds-XAJ25415.1	AGG	R	AGA	R	421
HA|PP755589.1|A/cattle/Texas/24-008749-003/2024(H5N1)	1298	T	C	1270	670	33	15	12	32	0.0116732	1285	0.000215797	TRUE	HA:cds-XAJ25415.1	TTC	F	TCC	S	433
HA|PP755589.1|A/cattle/Texas/24-008749-003/2024(H5N1)	1647	T	C	924	774	33	10	10	34	0.0107066	934	0.000870452	TRUE	HA:cds-XAJ25415.1	GCT	A	GCC	A	549
