REGION	POS	REF	ALT	REF_DP	REF_RV	REF_QUAL	ALT_DP	ALT_RV	ALT_QUAL	ALT_FREQ	TOTAL_DP	PVAL	PASS	GFF_FEATURE	REF_CODON	REF_AA	ALT_CODON	ALT_AA	POS_AA
MP|PP755590.1|A/cattle/Texas/24-008749-003/2024(H5N1)	145	A	G	5497	1830	50	74	63	30	0.0132783	5573	4.78454e-26	TRUE	M1:cds-XAJ25416.1	AGA	R	GGA	G	49
MP|PP755590.1|A/cattle/Texas/24-008749-003/2024(H5N1)	285	A	G	2	1	40	7957	4120	57	0.999623	7960	0	TRUE	M1:cds-XAJ25416.1	AGA	R	AGG	R	95
MP|PP755590.1|A/cattle/Texas/24-008749-003/2024(H5N1)	323	C	T	8173	4334	59	164	111	50	0.0196713	8337	2.06816e-70	TRUE	M1:cds-XAJ25416.1	ACA	T	ATA	I	108
MP|PP755590.1|A/cattle/Texas/24-008749-003/2024(H5N1)	456	A	G	2	2	39	7584	3810	59	0.999736	7586	0	TRUE	M1:cds-XAJ25416.1	GAA	E	GAG	E	152
MP|PP755590.1|A/cattle/Texas/24-008749-003/2024(H5N1)	516	G	A	8195	4025	55	96	54	47	0.0115788	8291	4.53598e-38	TRUE	M1:cds-XAJ25416.1	CTG	L	CTA	L	172
MP|PP755590.1|A/cattle/Texas/24-008749-003/2024(H5N1)	519	C	T	3919	1806	55	4382	2340	55	0.527888	8301	0	TRUE	M1:cds-XAJ25416.1	ATC	I	ATT	I	173
MP|PP755590.1|A/cattle/Texas/24-008749-003/2024(H5N1)	606	C	T	7628	3210	53	227	134	46	0.0288951	7856	1.57596e-90	TRUE	M1:cds-XAJ25416.1	GCC	A	GCT	A	202
MP|PP755590.1|A/cattle/Texas/24-008749-003/2024(H5N1)	680	C	A	8415	3465	53	194	100	49	0.0225293	8611	5.07234e-79	TRUE	M1:cds-XAJ25416.1	ACC	T	AAC	N	227
MP|PP755590.1|A/cattle/Texas/24-008749-003/2024(H5N1)	725	A	G	8166	4279	60	190	110	55	0.0227354	8357	1.23815e-84	TRUE	M2:cds-XAJ25417.1	AAC	N	GAC	D	4
MP|PP755590.1|A/cattle/Texas/24-008749-003/2024(H5N1)	725	A	G	8166	4279	60	190	110	55	0.0227354	8357	1.23815e-84	TRUE	M1:cds-XAJ25416.1	AAA	K	AGA	R	242
MP|PP755590.1|A/cattle/Texas/24-008749-003/2024(H5N1)	897	A	T	5953	4390	55	126	96	53	0.0207203	6081	1.58054e-52	TRUE	M2:cds-XAJ25417.1	GAG	E	GTG	V	61
MP|PP755590.1|A/cattle/Texas/24-008749-003/2024(H5N1)	954	G	A	1402	1155	50	1448	1186	47	0.50807	2850	0	TRUE	M2:cds-XAJ25417.1	GGT	G	GAT	D	80
