REGION	POS	REF	ALT	REF_DP	REF_RV	REF_QUAL	ALT_DP	ALT_RV	ALT_QUAL	ALT_FREQ	TOTAL_DP	PVAL	PASS	GFF_FEATURE	REF_CODON	REF_AA	ALT_CODON	ALT_AA	POS_AA
NA|PP755591.1|A/cattle/Texas/24-008749-003/2024(H5N1)	61	A	G	2	0	34	615	122	33	0.996759	617	0	TRUE	NA:cds-XAJ25418.1	AGC	S	GGC	G	21
NA|PP755591.1|A/cattle/Texas/24-008749-003/2024(H5N1)	71	T	C	661	130	33	8	4	33	0.0119581	669	0.0023931	TRUE	NA:cds-XAJ25418.1	CTG	L	CCG	P	24
NA|PP755591.1|A/cattle/Texas/24-008749-003/2024(H5N1)	212	G	A	2	0	34	1475	682	33	0.998646	1477	0	TRUE	NA:cds-XAJ25418.1	AGT	S	AAT	N	71
NA|PP755591.1|A/cattle/Texas/24-008749-003/2024(H5N1)	346	G	A	0	0	0	1565	763	33	1	1565	0	TRUE	NA:cds-XAJ25418.1	GTT	V	ATT	I	116
NA|PP755591.1|A/cattle/Texas/24-008749-003/2024(H5N1)	738	A	T	1	0	34	1630	897	33	0.998163	1633	0	TRUE	NA:cds-XAJ25418.1	CCA	P	CCT	P	246
NA|PP755591.1|A/cattle/Texas/24-008749-003/2024(H5N1)	1098	T	C	0	0	0	1673	823	33	1	1673	0	TRUE	NA:cds-XAJ25418.1	AGT	S	AGC	S	366
NA|PP755591.1|A/cattle/Texas/24-008749-003/2024(H5N1)	1107	C	G	0	0	0	1747	851	33	0.999428	1748	0	TRUE	NA:cds-XAJ25418.1	AGC	S	AGG	R	369
NA|PP755591.1|A/cattle/Texas/24-008749-003/2024(H5N1)	1266	C	T	3	2	34	1650	1215	33	0.998185	1653	0	TRUE	NA:cds-XAJ25418.1	TTC	F	TTT	F	422
NA|PP755591.1|A/cattle/Texas/24-008749-003/2024(H5N1)	1289	G	C	855	464	32	32	32	28	0.0359551	890	4.21957e-06	TRUE	NA:cds-XAJ25418.1	AGG	R	ACG	T	430
NA|PP755591.1|A/cattle/Texas/24-008749-003/2024(H5N1)	1290	G	C	891	519	32	18	18	28	0.019802	909	0.0306238	FALSE	NA:cds-XAJ25418.1	AGG	R	AGC	S	430
NA|PP755591.1|A/cattle/Texas/24-008749-003/2024(H5N1)	1303	A	G	0	0	0	1503	1232	33	1	1503	0	TRUE	NA:cds-XAJ25418.1	ACA	T	GCA	A	435
NA|PP755591.1|A/cattle/Texas/24-008749-003/2024(H5N1)	1320	G	A	1	1	34	1440	1211	33	0.999306	1441	0	TRUE	NA:cds-XAJ25418.1	GGG	G	GGA	G	440
