REGION	POS	REF	ALT	REF_DP	REF_RV	REF_QUAL	ALT_DP	ALT_RV	ALT_QUAL	ALT_FREQ	TOTAL_DP	PVAL	PASS	GFF_FEATURE	REF_CODON	REF_AA	ALT_CODON	ALT_AA	POS_AA
PB2|PP755596.1|A/cattle/Texas/24-008749-003/2024(H5N1)	240	G	A	0	0	0	1010	629	37	0.999011	1011	0	TRUE	PB2:cds-XAJ25426.1	AAG	K	AAA	K	80
PB2|PP755596.1|A/cattle/Texas/24-008749-003/2024(H5N1)	288	G	A	0	0	0	1059	599	38	0.999057	1060	0	TRUE	PB2:cds-XAJ25426.1	GTG	V	GTA	V	96
PB2|PP755596.1|A/cattle/Texas/24-008749-003/2024(H5N1)	630	G	A	0	0	0	1054	646	36	1	1054	0	TRUE	PB2:cds-XAJ25426.1	GAG	E	GAA	E	210
PB2|PP755596.1|A/cattle/Texas/24-008749-003/2024(H5N1)	712	A	G	1097	581	40	14	8	38	0.0125899	1112	8.87933e-05	TRUE	PB2:cds-XAJ25426.1	ACA	T	GCA	A	238
PB2|PP755596.1|A/cattle/Texas/24-008749-003/2024(H5N1)	738	A	T	0	0	0	1041	463	39	0.998082	1043	0	TRUE	PB2:cds-XAJ25426.1	CCA	P	CCT	P	246
PB2|PP755596.1|A/cattle/Texas/24-008749-003/2024(H5N1)	764	C	T	1	0	46	1079	493	38	0.999074	1080	0	TRUE	PB2:cds-XAJ25426.1	GCA	A	GTA	V	255
PB2|PP755596.1|A/cattle/Texas/24-008749-003/2024(H5N1)	912	G	A	0	0	0	1184	547	38	1	1184	0	TRUE	PB2:cds-XAJ25426.1	GAG	E	GAA	E	304
PB2|PP755596.1|A/cattle/Texas/24-008749-003/2024(H5N1)	953	G	A	0	0	0	1159	580	41	1	1159	0	TRUE	PB2:cds-XAJ25426.1	AGG	R	AAG	K	318
PB2|PP755596.1|A/cattle/Texas/24-008749-003/2024(H5N1)	1030	G	A	1	0	68	974	663	35	0.998974	975	0	TRUE	PB2:cds-XAJ25426.1	GTG	V	ATG	M	344
PB2|PP755596.1|A/cattle/Texas/24-008749-003/2024(H5N1)	1084	G	C	922	314	35	10	9	29	0.0107181	933	0.504858	FALSE	PB2:cds-XAJ25426.1	GGG	G	CGG	R	362
PB2|PP755596.1|A/cattle/Texas/24-008749-003/2024(H5N1)	1085	G	C	783	188	35	21	21	29	0.0261194	804	0.00320329	TRUE	PB2:cds-XAJ25426.1	GGG	G	GCG	A	362
PB2|PP755596.1|A/cattle/Texas/24-008749-003/2024(H5N1)	1392	G	A	0	0	0	1187	822	38	1	1187	0	TRUE	PB2:cds-XAJ25426.1	TTG	L	TTA	L	464
PB2|PP755596.1|A/cattle/Texas/24-008749-003/2024(H5N1)	1701	T	C	1	1	34	1185	712	38	0.999157	1186	0	TRUE	PB2:cds-XAJ25426.1	GAT	D	GAC	D	567
PB2|PP755596.1|A/cattle/Texas/24-008749-003/2024(H5N1)	1950	A	G	1023	532	36	26	16	37	0.0247619	1050	4.6421e-09	TRUE	PB2:cds-XAJ25426.1	AGA	R	AGG	R	650
PB2|PP755596.1|A/cattle/Texas/24-008749-003/2024(H5N1)	2009	A	G	1	0	34	1263	671	39	0.999209	1264	0	TRUE	PB2:cds-XAJ25426.1	AAA	K	AGA	R	670
PB2|PP755596.1|A/cattle/Texas/24-008749-003/2024(H5N1)	2199	G	A	0	0	0	959	776	44	1	959	0	TRUE	PB2:cds-XAJ25426.1	TTG	L	TTA	L	733
