REGION	POS	REF	ALT	REF_DP	REF_RV	REF_QUAL	ALT_DP	ALT_RV	ALT_QUAL	ALT_FREQ	TOTAL_DP	PVAL	PASS	GFF_FEATURE	REF_CODON	REF_AA	ALT_CODON	ALT_AA	POS_AA
NA|PP755591.1|A/cattle/Texas/24-008749-003/2024(H5N1)	199	A	G	0	0	0	2384	726	55	1	2384	0	TRUE	NA:cds-XAJ25418.1	ATC	I	GTC	V	67
NA|PP755591.1|A/cattle/Texas/24-008749-003/2024(H5N1)	212	G	A	5	3	68	2485	902	58	0.997992	2490	0	TRUE	NA:cds-XAJ25418.1	AGT	S	AAT	N	71
NA|PP755591.1|A/cattle/Texas/24-008749-003/2024(H5N1)	645	T	C	1	0	37	2679	1284	55	0.999627	2680	0	TRUE	NA:cds-XAJ25418.1	ACT	T	ACC	T	215
NA|PP755591.1|A/cattle/Texas/24-008749-003/2024(H5N1)	711	C	T	2	1	73	2660	1458	53	0.999249	2662	0	TRUE	NA:cds-XAJ25418.1	TCC	S	TCT	S	237
NA|PP755591.1|A/cattle/Texas/24-008749-003/2024(H5N1)	927	T	C	0	0	0	2631	1260	52	0.99962	2632	0	TRUE	NA:cds-XAJ25418.1	AAT	N	AAC	N	309
NA|PP755591.1|A/cattle/Texas/24-008749-003/2024(H5N1)	1002	T	C	1	1	39	2779	1490	51	0.999281	2781	0	TRUE	NA:cds-XAJ25418.1	AGT	S	AGC	S	334
NA|PP755591.1|A/cattle/Texas/24-008749-003/2024(H5N1)	1212	G	A	2492	1709	61	42	26	59	0.0165746	2534	1.19387e-18	TRUE	NA:cds-XAJ25418.1	GGG	G	GGA	G	404
NA|PP755591.1|A/cattle/Texas/24-008749-003/2024(H5N1)	1234	C	A	2394	1643	61	118	92	55	0.0469185	2515	3.76987e-51	TRUE	NA:cds-XAJ25418.1	CTG	L	ATG	M	412
NA|PP755591.1|A/cattle/Texas/24-008749-003/2024(H5N1)	1245	A	G	2397	1649	61	26	18	55	0.0107305	2423	9.99243e-12	TRUE	NA:cds-XAJ25418.1	TTA	L	TTG	L	415
NA|PP755591.1|A/cattle/Texas/24-008749-003/2024(H5N1)	1281	T	C	1	1	38	2003	1480	57	0.999501	2004	0	TRUE	NA:cds-XAJ25418.1	ATT	I	ATC	I	427
NA|PP755591.1|A/cattle/Texas/24-008749-003/2024(H5N1)	1355	C	T	1332	1057	52	20	15	50	0.0147929	1352	1.94927e-08	TRUE	NA:cds-XAJ25418.1	ACT	T	ATT	I	452
