REGION	POS	REF	ALT	REF_DP	REF_RV	REF_QUAL	ALT_DP	ALT_RV	ALT_QUAL	ALT_FREQ	TOTAL_DP	PVAL	PASS	GFF_FEATURE	REF_CODON	REF_AA	ALT_CODON	ALT_AA	POS_AA
NP|PP755592.1|A/cattle/Texas/24-008749-003/2024(H5N1)	254	C	A	2504	1144	40	99	59	41	0.038033	2603	8.4431e-36	TRUE	NP:cds-XAJ25419.1	GCT	A	GAT	D	85
NP|PP755592.1|A/cattle/Texas/24-008749-003/2024(H5N1)	320	A	G	2054	1134	36	50	33	39	0.0237643	2104	3.73626e-16	TRUE	NP:cds-XAJ25419.1	GAG	E	GGG	G	107
NP|PP755592.1|A/cattle/Texas/24-008749-003/2024(H5N1)	355	A	G	0	0	0	2188	1176	39	1	2188	0	TRUE	NP:cds-XAJ25419.1	ATT	I	GTT	V	119
NP|PP755592.1|A/cattle/Texas/24-008749-003/2024(H5N1)	498	G	A	2	1	34	2109	994	36	0.999053	2111	0	TRUE	NP:cds-XAJ25419.1	CTG	L	CTA	L	166
NP|PP755592.1|A/cattle/Texas/24-008749-003/2024(H5N1)	698	C	A	1916	1130	38	163	113	37	0.0784031	2079	1.23103e-53	TRUE	NP:cds-XAJ25419.1	GCA	A	GAA	E	233
NP|PP755592.1|A/cattle/Texas/24-008749-003/2024(H5N1)	721	C	T	2614	1460	37	68	38	37	0.0253542	2682	4.10544e-20	TRUE	NP:cds-XAJ25419.1	CAA	Q	TAA	*	241
NP|PP755592.1|A/cattle/Texas/24-008749-003/2024(H5N1)	752	C	A	2450	1426	38	87	48	38	0.034279	2538	4.10673e-27	TRUE	NP:cds-XAJ25419.1	GCT	A	GAT	D	251
NP|PP755592.1|A/cattle/Texas/24-008749-003/2024(H5N1)	774	T	C	1622	764	36	19	11	38	0.0115783	1641	1.71283e-06	TRUE	NP:cds-XAJ25419.1	TTT	F	TTC	F	258
NP|PP755592.1|A/cattle/Texas/24-008749-003/2024(H5N1)	798	G	T	2100	1118	38	172	58	34	0.0757042	2272	7.13641e-57	TRUE	NP:cds-XAJ25419.1	CTG	L	CTT	L	266
NP|PP755592.1|A/cattle/Texas/24-008749-003/2024(H5N1)	858	C	T	2085	961	38	77	37	41	0.0356152	2162	1.94455e-27	TRUE	NP:cds-XAJ25419.1	GCC	A	GCT	A	286
NP|PP755592.1|A/cattle/Texas/24-008749-003/2024(H5N1)	870	C	T	0	0	0	1914	897	38	1	1914	0	TRUE	NP:cds-XAJ25419.1	GAC	D	GAT	D	290
NP|PP755592.1|A/cattle/Texas/24-008749-003/2024(H5N1)	1014	T	C	1	1	34	1977	1059	39	0.998989	1979	0	TRUE	NP:cds-XAJ25419.1	TTT	F	TTC	F	338
NP|PP755592.1|A/cattle/Texas/24-008749-003/2024(H5N1)	1022	T	C	2064	1059	39	33	11	36	0.0157368	2097	1.14692e-09	TRUE	NP:cds-XAJ25419.1	CTG	L	CCG	P	341
NP|PP755592.1|A/cattle/Texas/24-008749-003/2024(H5N1)	1092	G	A	1	0	34	2104	983	40	0.999525	2105	0	TRUE	NP:cds-XAJ25419.1	CAG	Q	CAA	Q	364
NP|PP755592.1|A/cattle/Texas/24-008749-003/2024(H5N1)	1300	G	A	2001	990	39	104	44	38	0.0494062	2105	1.18583e-33	TRUE	NP:cds-XAJ25419.1	GAA	E	AAA	K	434
NP|PP755592.1|A/cattle/Texas/24-008749-003/2024(H5N1)	1310	C	A	2061	933	39	126	70	36	0.0575605	2189	1.62861e-41	TRUE	NP:cds-XAJ25419.1	ACT	T	AAT	N	437
