REGION	POS	REF	ALT	REF_DP	REF_RV	REF_QUAL	ALT_DP	ALT_RV	ALT_QUAL	ALT_FREQ	TOTAL_DP	PVAL	PASS	GFF_FEATURE	REF_CODON	REF_AA	ALT_CODON	ALT_AA	POS_AA
NA|PP755591.1|A/cattle/Texas/24-008749-003/2024(H5N1)	20	T	C	47	6	36	2	0	34	0.0408163	49	0.026754	FALSE	NA:cds-XAJ25418.1	ATA	I	ACA	T	7
NA|PP755591.1|A/cattle/Texas/24-008749-003/2024(H5N1)	22	A	G	49	7	37	2	0	30	0.0392157	51	0.0284281	FALSE	NA:cds-XAJ25418.1	ACA	T	GCA	A	8
NA|PP755591.1|A/cattle/Texas/24-008749-003/2024(H5N1)	33	A	G	113	13	36	2	0	34	0.0173913	115	0.0704112	FALSE	NA:cds-XAJ25418.1	GGA	G	GGG	G	11
NA|PP755591.1|A/cattle/Texas/24-008749-003/2024(H5N1)	58	G	A	223	26	36	13	0	32	0.0550847	236	9.17974e-07	TRUE	NA:cds-XAJ25418.1	GTC	V	ATC	I	20
NA|PP755591.1|A/cattle/Texas/24-008749-003/2024(H5N1)	67	A	G	241	26	36	3	0	34	0.0122951	244	0.0431134	FALSE	NA:cds-XAJ25418.1	ATG	M	GTG	V	23
NA|PP755591.1|A/cattle/Texas/24-008749-003/2024(H5N1)	393	C	A	680	311	37	58	32	35	0.0785908	738	2.8118e-20	TRUE	NA:cds-XAJ25418.1	ACC	T	ACA	T	131
NA|PP755591.1|A/cattle/Texas/24-008749-003/2024(H5N1)	571	T	C	0	0	0	719	341	36	1	719	0	TRUE	NA:cds-XAJ25418.1	TTG	L	CTG	L	191
NA|PP755591.1|A/cattle/Texas/24-008749-003/2024(H5N1)	771	G	A	0	0	0	583	360	35	0.998288	584	0	TRUE	NA:cds-XAJ25418.1	AAG	K	AAA	K	257
NA|PP755591.1|A/cattle/Texas/24-008749-003/2024(H5N1)	803	A	C	604	384	35	57	25	36	0.086233	661	4.61787e-20	TRUE	NA:cds-XAJ25418.1	GAA	E	GCA	A	268
NA|PP755591.1|A/cattle/Texas/24-008749-003/2024(H5N1)	894	C	T	737	366	37	85	44	36	0.103406	822	9.24181e-31	TRUE	NA:cds-XAJ25418.1	GGC	G	GGT	G	298
NA|PP755591.1|A/cattle/Texas/24-008749-003/2024(H5N1)	1018	T	C	909	313	37	15	10	33	0.0162162	925	5.0297e-05	TRUE	NA:cds-XAJ25418.1	TCT	S	CCT	P	340
NA|PP755591.1|A/cattle/Texas/24-008749-003/2024(H5N1)	1053	T	C	984	381	37	10	1	40	0.0100604	994	0.000501203	TRUE	NA:cds-XAJ25418.1	TTT	F	TTC	F	351
NA|PP755591.1|A/cattle/Texas/24-008749-003/2024(H5N1)	1180	G	A	955	556	37	40	30	37	0.040201	995	1.11228e-12	TRUE	NA:cds-XAJ25418.1	GTA	V	ATA	I	394
NA|PP755591.1|A/cattle/Texas/24-008749-003/2024(H5N1)	1185	A	G	0	0	0	914	539	36	1	914	0	TRUE	NA:cds-XAJ25418.1	GAA	E	GAG	E	395
