REGION	POS	REF	ALT	REF_DP	REF_RV	REF_QUAL	ALT_DP	ALT_RV	ALT_QUAL	ALT_FREQ	TOTAL_DP	PVAL	PASS	GFF_FEATURE	REF_CODON	REF_AA	ALT_CODON	ALT_AA	POS_AA
HA|PP755589.1|A/cattle/Texas/24-008749-003/2024(H5N1)	4	G	A	0	0	0	32	3	36	1	32	6.9924e-27	TRUE	HA:cds-XAJ25415.1	GAG	E	AAG	K	2
HA|PP755589.1|A/cattle/Texas/24-008749-003/2024(H5N1)	12	A	G	528	21	36	6	1	39	0.011236	534	0.000557547	TRUE	HA:cds-XAJ25415.1	ATA	I	ATG	M	4
HA|PP755589.1|A/cattle/Texas/24-008749-003/2024(H5N1)	17	T	C	859	30	35	11	1	40	0.0126437	870	6.13715e-07	TRUE	HA:cds-XAJ25415.1	CTA	L	CCA	P	6
HA|PP755589.1|A/cattle/Texas/24-008749-003/2024(H5N1)	311	A	G	1	0	34	3700	1694	37	0.99973	3701	0	TRUE	HA:cds-XAJ25415.1	GAC	D	GGC	G	104
HA|PP755589.1|A/cattle/Texas/24-008749-003/2024(H5N1)	329	G	A	3095	1294	38	949	372	38	0.234669	4044	0	TRUE	HA:cds-XAJ25415.1	AGC	S	AAC	N	110
HA|PP755589.1|A/cattle/Texas/24-008749-003/2024(H5N1)	439	G	A	7	3	43	3868	2129	40	0.998194	3875	0	TRUE	HA:cds-XAJ25415.1	GTG	V	ATG	M	147
HA|PP755589.1|A/cattle/Texas/24-008749-003/2024(H5N1)	579	G	A	3222	1413	37	850	353	37	0.208743	4072	5.09166e-305	TRUE	HA:cds-XAJ25415.1	GGG	G	GGA	G	193
HA|PP755589.1|A/cattle/Texas/24-008749-003/2024(H5N1)	651	G	A	3	1	31	3878	1837	38	0.999227	3881	0	TRUE	HA:cds-XAJ25415.1	GGG	G	GGA	G	217
HA|PP755589.1|A/cattle/Texas/24-008749-003/2024(H5N1)	675	G	A	5	2	34	3756	1674	37	0.998671	3761	0	TRUE	HA:cds-XAJ25415.1	TTG	L	TTA	L	225
HA|PP755589.1|A/cattle/Texas/24-008749-003/2024(H5N1)	744	C	A	2785	1239	37	1090	641	37	0.28129	3875	0	TRUE	HA:cds-XAJ25415.1	ATC	I	ATA	I	248
HA|PP755589.1|A/cattle/Texas/24-008749-003/2024(H5N1)	1007	G	A	1	0	34	3778	2113	39	0.999735	3779	0	TRUE	HA:cds-XAJ25415.1	AGT	S	AAT	N	336
HA|PP755589.1|A/cattle/Texas/24-008749-003/2024(H5N1)	1052	T	A	3839	2315	39	50	2	35	0.0128568	3889	1.57896e-13	TRUE	HA:cds-XAJ25415.1	ATA	I	AAA	K	351
HA|PP755589.1|A/cattle/Texas/24-008749-003/2024(H5N1)	1173	T	C	2	0	34	10028	2152	39	0.999601	10032	0	TRUE	HA:cds-XAJ25415.1	GAT	D	GAC	D	391
HA|PP755589.1|A/cattle/Texas/24-008749-003/2024(H5N1)	1414	A	G	10739	5906	37	4222	2685	36	0.282163	14963	0	TRUE	HA:cds-XAJ25415.1	AGG	R	GGG	G	472
HA|PP755589.1|A/cattle/Texas/24-008749-003/2024(H5N1)	1514	C	T	7943	3709	40	6327	3465	39	0.443347	14271	0	TRUE	HA:cds-XAJ25415.1	CCT	P	CTT	L	505
