REGION	POS	REF	ALT	REF_DP	REF_RV	REF_QUAL	ALT_DP	ALT_RV	ALT_QUAL	ALT_FREQ	TOTAL_DP	PVAL	PASS	GFF_FEATURE	REF_CODON	REF_AA	ALT_CODON	ALT_AA	POS_AA
PB1|PP755595.1|A/cattle/Texas/24-008749-003/2024(H5N1)	37	C	A	158	14	36	3	0	31	0.0186335	161	0.0113955	FALSE	PB1:cds-XAJ25424.1	CCA	P	ACA	T	13
PB1|PP755595.1|A/cattle/Texas/24-008749-003/2024(H5N1)	38	C	A	158	13	36	2	0	34	0.0125	160	0.0503952	FALSE	PB1:cds-XAJ25424.1	CCA	P	CAA	Q	13
PB1|PP755595.1|A/cattle/Texas/24-008749-003/2024(H5N1)	53	T	C	196	24	36	5	0	34	0.0248756	201	0.00100136	TRUE	PB1:cds-XAJ25424.1	ATA	I	ACA	T	18
PB1|PP755595.1|A/cattle/Texas/24-008749-003/2024(H5N1)	328	A	G	622	388	36	8	4	38	0.0126984	630	0.00222261	TRUE	PB1:cds-XAJ25424.1	ACG	T	GCG	A	110
PB1|PP755595.1|A/cattle/Texas/24-008749-003/2024(H5N1)	328	A	G	622	388	36	8	4	38	0.0126984	630	0.00222261	TRUE	PB1-F2:cds-XAJ25425.1	AAA	K	AAG	K	78
PB1|PP755595.1|A/cattle/Texas/24-008749-003/2024(H5N1)	435	T	C	0	0	0	612	380	33	1	612	0	TRUE	PB1:cds-XAJ25424.1	AAT	N	AAC	N	145
PB1|PP755595.1|A/cattle/Texas/24-008749-003/2024(H5N1)	945	T	C	0	0	0	563	351	34	1	563	0	TRUE	PB1:cds-XAJ25424.1	CCT	P	CCC	P	315
PB1|PP755595.1|A/cattle/Texas/24-008749-003/2024(H5N1)	1316	A	G	689	285	35	7	1	29	0.0100575	696	0.529422	FALSE	PB1:cds-XAJ25424.1	GAT	D	GGT	G	439
PB1|PP755595.1|A/cattle/Texas/24-008749-003/2024(H5N1)	2154	G	A	974	793	36	10	6	35	0.0101626	984	0.0030741	TRUE	PB1:cds-XAJ25424.1	ATG	M	ATA	I	718
