REGION	POS	REF	ALT	REF_DP	REF_RV	REF_QUAL	ALT_DP	ALT_RV	ALT_QUAL	ALT_FREQ	TOTAL_DP	PVAL	PASS	GFF_FEATURE	REF_CODON	REF_AA	ALT_CODON	ALT_AA	POS_AA
PA|PP755594.1|A/cattle/Texas/24-008749-003/2024(H5N1)	7	G	A	47	7	34	2	0	34	0.0408163	49	0.00622865	TRUE	PA:cds-XAJ25422.1	GAC	D	AAC	N	3
PA|PP755594.1|A/cattle/Texas/24-008749-003/2024(H5N1)	7	G	A	47	7	34	2	0	34	0.0408163	49	0.00622865	TRUE	PA-X:cds-XAJ25423.1	GAC	D	AAC	N	3
PA|PP755594.1|A/cattle/Texas/24-008749-003/2024(H5N1)	164	A	G	1106	546	33	12	8	32	0.0107335	1118	0.00145011	TRUE	PA:cds-XAJ25422.1	GAC	D	GGC	G	55
PA|PP755594.1|A/cattle/Texas/24-008749-003/2024(H5N1)	164	A	G	1106	546	33	12	8	32	0.0107335	1118	0.00145011	TRUE	PA-X:cds-XAJ25423.1	GAC	D	GGC	G	55
PA|PP755594.1|A/cattle/Texas/24-008749-003/2024(H5N1)	298	G	A	0	0	0	965	387	33	1	965	0	TRUE	PA:cds-XAJ25422.1	GTC	V	ATC	I	100
PA|PP755594.1|A/cattle/Texas/24-008749-003/2024(H5N1)	298	G	A	0	0	0	965	387	33	1	965	0	TRUE	PA-X:cds-XAJ25423.1	GTC	V	ATC	I	100
PA|PP755594.1|A/cattle/Texas/24-008749-003/2024(H5N1)	380	T	C	0	0	0	1213	511	33	0.999176	1214	0	TRUE	PA:cds-XAJ25422.1	GTT	V	GCT	A	127
PA|PP755594.1|A/cattle/Texas/24-008749-003/2024(H5N1)	380	T	C	0	0	0	1213	511	33	0.999176	1214	0	TRUE	PA-X:cds-XAJ25423.1	GTT	V	GCT	A	127
PA|PP755594.1|A/cattle/Texas/24-008749-003/2024(H5N1)	981	G	A	0	0	0	1129	465	33	1	1129	0	TRUE	PA:cds-XAJ25422.1	GAG	E	GAA	E	327
PA|PP755594.1|A/cattle/Texas/24-008749-003/2024(H5N1)	1294	G	A	0	0	0	1539	763	33	1	1539	0	TRUE	PA:cds-XAJ25422.1	GTT	V	ATT	I	432
PA|PP755594.1|A/cattle/Texas/24-008749-003/2024(H5N1)	1866	A	G	3	2	34	1468	834	33	0.997961	1471	0	TRUE	PA:cds-XAJ25422.1	GGA	G	GGG	G	622
PA|PP755594.1|A/cattle/Texas/24-008749-003/2024(H5N1)	1896	T	C	0	0	0	1451	803	33	1	1451	0	TRUE	PA:cds-XAJ25422.1	TCT	S	TCC	S	632
PA|PP755594.1|A/cattle/Texas/24-008749-003/2024(H5N1)	1944	C	T	7	3	34	1484	873	33	0.995305	1491	0	TRUE	PA:cds-XAJ25422.1	AGC	S	AGT	S	648
