REGION	POS	REF	ALT	REF_DP	REF_RV	REF_QUAL	ALT_DP	ALT_RV	ALT_QUAL	ALT_FREQ	TOTAL_DP	PVAL	PASS	GFF_FEATURE	REF_CODON	REF_AA	ALT_CODON	ALT_AA	POS_AA
PA|PP755594.1|A/cattle/Texas/24-008749-003/2024(H5N1)	66	A	G	733	73	35	8	2	37	0.0107962	741	0.0006211	TRUE	PA:cds-XAJ25422.1	AAA	K	AAG	K	22
PA|PP755594.1|A/cattle/Texas/24-008749-003/2024(H5N1)	66	A	G	733	73	35	8	2	37	0.0107962	741	0.0006211	TRUE	PA-X:cds-XAJ25423.1	AAA	K	AAG	K	22
PA|PP755594.1|A/cattle/Texas/24-008749-003/2024(H5N1)	144	T	C	0	0	0	1987	854	39	1	1987	0	TRUE	PA:cds-XAJ25422.1	TAT	Y	TAC	Y	48
PA|PP755594.1|A/cattle/Texas/24-008749-003/2024(H5N1)	144	T	C	0	0	0	1987	854	39	1	1987	0	TRUE	PA-X:cds-XAJ25423.1	TAT	Y	TAC	Y	48
PA|PP755594.1|A/cattle/Texas/24-008749-003/2024(H5N1)	922	A	G	1	0	34	3004	729	36	0.999667	3005	0	TRUE	PA:cds-XAJ25422.1	ATC	I	GTC	V	308
PA|PP755594.1|A/cattle/Texas/24-008749-003/2024(H5N1)	981	G	A	0	0	0	2738	920	36	1	2738	0	TRUE	PA:cds-XAJ25422.1	GAG	E	GAA	E	327
PA|PP755594.1|A/cattle/Texas/24-008749-003/2024(H5N1)	989	T	C	0	0	0	2763	908	36	0.999277	2765	0	TRUE	PA:cds-XAJ25422.1	ATA	I	ACA	T	330
PA|PP755594.1|A/cattle/Texas/24-008749-003/2024(H5N1)	1055	A	G	641	357	38	2085	1110	37	0.764576	2727	0	TRUE	PA:cds-XAJ25422.1	GAG	E	GGG	G	352
PA|PP755594.1|A/cattle/Texas/24-008749-003/2024(H5N1)	1186	G	A	705	397	35	2314	1041	35	0.766225	3020	0	TRUE	PA:cds-XAJ25422.1	GAC	D	AAC	N	396
PA|PP755594.1|A/cattle/Texas/24-008749-003/2024(H5N1)	1294	G	A	1	0	34	3194	1610	39	0.999687	3195	0	TRUE	PA:cds-XAJ25422.1	GTT	V	ATT	I	432
