REGION	POS	REF	ALT	REF_DP	REF_RV	REF_QUAL	ALT_DP	ALT_RV	ALT_QUAL	ALT_FREQ	TOTAL_DP	PVAL	PASS	GFF_FEATURE	REF_CODON	REF_AA	ALT_CODON	ALT_AA	POS_AA
NP|PP755592.1|A/cattle/Texas/24-008749-003/2024(H5N1)	90	A	G	3562	1229	33	56	21	33	0.0154782	3618	2.68714e-21	TRUE	NP:cds-XAJ25419.1	GGA	G	GGG	G	30
NP|PP755592.1|A/cattle/Texas/24-008749-003/2024(H5N1)	156	C	T	7574	2946	33	110	54	33	0.0143155	7684	6.3524e-26	TRUE	NP:cds-XAJ25419.1	CAC	H	CAT	H	52
NP|PP755592.1|A/cattle/Texas/24-008749-003/2024(H5N1)	355	A	G	1	1	34	7899	3925	33	0.999873	7900	0	TRUE	NP:cds-XAJ25419.1	ATT	I	GTT	V	119
NP|PP755592.1|A/cattle/Texas/24-008749-003/2024(H5N1)	498	G	A	1	1	34	8651	4244	33	0.999653	8654	0	TRUE	NP:cds-XAJ25419.1	CTG	L	CTA	L	166
NP|PP755592.1|A/cattle/Texas/24-008749-003/2024(H5N1)	534	T	C	8485	3469	33	125	44	32	0.0145129	8613	1.55688e-29	TRUE	NP:cds-XAJ25419.1	GCT	A	GCC	A	178
NP|PP755592.1|A/cattle/Texas/24-008749-003/2024(H5N1)	630	A	G	4049	1742	33	5581	2704	33	0.579543	9630	0	TRUE	NP:cds-XAJ25419.1	GAA	E	GAG	E	210
NP|PP755592.1|A/cattle/Texas/24-008749-003/2024(H5N1)	870	C	T	0	0	0	8188	4010	33	0.999634	8191	0	TRUE	NP:cds-XAJ25419.1	GAC	D	GAT	D	290
NP|PP755592.1|A/cattle/Texas/24-008749-003/2024(H5N1)	1014	T	C	5	2	34	8659	4534	33	0.999308	8665	0	TRUE	NP:cds-XAJ25419.1	TTT	F	TTC	F	338
NP|PP755592.1|A/cattle/Texas/24-008749-003/2024(H5N1)	1092	G	A	1	1	34	9197	4460	33	0.999891	9198	0	TRUE	NP:cds-XAJ25419.1	CAG	Q	CAA	Q	364
