REGION	POS	REF	ALT	REF_DP	REF_RV	REF_QUAL	ALT_DP	ALT_RV	ALT_QUAL	ALT_FREQ	TOTAL_DP	PVAL	PASS	GFF_FEATURE	REF_CODON	REF_AA	ALT_CODON	ALT_AA	POS_AA
PB2|PP755596.1|A/cattle/Texas/24-008749-003/2024(H5N1)	172	G	A	419	129	33	1397	463	33	0.769273	1816	0	TRUE	PB2:cds-XAJ25426.1	GCA	A	ACA	T	58
PB2|PP755596.1|A/cattle/Texas/24-008749-003/2024(H5N1)	240	G	A	0	0	0	1612	799	32	1	1612	0	TRUE	PB2:cds-XAJ25426.1	AAG	K	AAA	K	80
PB2|PP755596.1|A/cattle/Texas/24-008749-003/2024(H5N1)	558	A	G	1980	1096	33	109	67	33	0.0521531	2090	4.11494e-32	TRUE	PB2:cds-XAJ25426.1	ACA	T	ACG	T	186
PB2|PP755596.1|A/cattle/Texas/24-008749-003/2024(H5N1)	571	G	A	2045	1127	33	30	16	32	0.0144509	2076	5.01388e-08	TRUE	PB2:cds-XAJ25426.1	GAA	E	AAA	K	191
PB2|PP755596.1|A/cattle/Texas/24-008749-003/2024(H5N1)	630	G	A	1	0	34	1949	1136	33	0.998975	1951	0	TRUE	PB2:cds-XAJ25426.1	GAG	E	GAA	E	210
PB2|PP755596.1|A/cattle/Texas/24-008749-003/2024(H5N1)	764	C	T	1	0	26	2075	930	33	0.999037	2077	0	TRUE	PB2:cds-XAJ25426.1	GCA	A	GTA	V	255
PB2|PP755596.1|A/cattle/Texas/24-008749-003/2024(H5N1)	912	G	A	0	0	0	2041	1003	33	1	2041	0	TRUE	PB2:cds-XAJ25426.1	GAG	E	GAA	E	304
PB2|PP755596.1|A/cattle/Texas/24-008749-003/2024(H5N1)	1221	G	A	2364	1059	33	24	9	33	0.0100503	2388	3.40386e-06	TRUE	PB2:cds-XAJ25426.1	GAG	E	GAA	E	407
PB2|PP755596.1|A/cattle/Texas/24-008749-003/2024(H5N1)	1392	G	A	0	0	0	2233	1513	33	0.999552	2234	0	TRUE	PB2:cds-XAJ25426.1	TTG	L	TTA	L	464
PB2|PP755596.1|A/cattle/Texas/24-008749-003/2024(H5N1)	1437	A	G	537	338	33	1622	918	33	0.751274	2159	0	TRUE	PB2:cds-XAJ25426.1	AGA	R	AGG	R	479
PB2|PP755596.1|A/cattle/Texas/24-008749-003/2024(H5N1)	1485	A	G	1974	863	32	39	18	32	0.0193452	2016	1.26447e-11	TRUE	PB2:cds-XAJ25426.1	ATA	I	ATG	M	495
PB2|PP755596.1|A/cattle/Texas/24-008749-003/2024(H5N1)	1551	A	G	556	201	33	1661	560	33	0.749211	2217	0	TRUE	PB2:cds-XAJ25426.1	GAA	E	GAG	E	517
PB2|PP755596.1|A/cattle/Texas/24-008749-003/2024(H5N1)	2009	A	G	1647	913	33	553	350	33	0.251364	2200	1.67089e-184	TRUE	PB2:cds-XAJ25426.1	AAA	K	AGA	R	670
PB2|PP755596.1|A/cattle/Texas/24-008749-003/2024(H5N1)	2030	A	G	2073	1199	33	48	34	33	0.0226308	2121	3.56274e-13	TRUE	PB2:cds-XAJ25426.1	GAA	E	GGA	G	677
PB2|PP755596.1|A/cattle/Texas/24-008749-003/2024(H5N1)	2100	A	G	2041	1434	33	32	17	34	0.0154291	2074	1.93376e-08	TRUE	PB2:cds-XAJ25426.1	GAA	E	GAG	E	700
