REGION	POS	REF	ALT	REF_DP	REF_RV	REF_QUAL	ALT_DP	ALT_RV	ALT_QUAL	ALT_FREQ	TOTAL_DP	PVAL	PASS	GFF_FEATURE	REF_CODON	REF_AA	ALT_CODON	ALT_AA	POS_AA
NS|PP755593.1|A/cattle/Texas/24-008749-003/2024(H5N1)	199	A	G	10	2	33	38549	17231	33	0.999326	38575	0	TRUE	NS1:cds-XAJ25420.1	AGG	R	GGG	G	67
NS|PP755593.1|A/cattle/Texas/24-008749-003/2024(H5N1)	222	T	C	9	3	34	42237	21503	33	0.99955	42256	0	TRUE	NS1:cds-XAJ25420.1	GAT	D	GAC	D	74
NS|PP755593.1|A/cattle/Texas/24-008749-003/2024(H5N1)	387	A	G	3306	1303	33	39926	18822	33	0.923486	43234	0	TRUE	NS1:cds-XAJ25420.1	ATA	I	ATG	M	129
NS|PP755593.1|A/cattle/Texas/24-008749-003/2024(H5N1)	738	T	C	34195	25253	33	466	346	33	0.0134375	34679	1.40899e-105	TRUE	NEP:cds-XAJ25421.1	ATC	I	ACC	T	79
