REGION	POS	REF	ALT	REF_DP	REF_RV	REF_QUAL	ALT_DP	ALT_RV	ALT_QUAL	ALT_FREQ	TOTAL_DP	PVAL	PASS	GFF_FEATURE	REF_CODON	REF_AA	ALT_CODON	ALT_AA	POS_AA
PB2|PP755596.1|A/cattle/Texas/24-008749-003/2024(H5N1)	7	A	G	90	12	33	1	0	34	0.010989	91	0.0992366	FALSE	PB2:cds-XAJ25426.1	AGA	R	GGA	G	3
PB2|PP755596.1|A/cattle/Texas/24-008749-003/2024(H5N1)	8	G	A	165	18	33	2	0	34	0.011976	167	0.0241909	FALSE	PB2:cds-XAJ25426.1	AGA	R	AAA	K	3
PB2|PP755596.1|A/cattle/Texas/24-008749-003/2024(H5N1)	12	A	G	188	18	33	2	0	27	0.0105263	190	0.583584	FALSE	PB2:cds-XAJ25426.1	ATA	I	ATG	M	4
PB2|PP755596.1|A/cattle/Texas/24-008749-003/2024(H5N1)	240	G	A	1	0	34	1193	593	33	0.999162	1194	0	TRUE	PB2:cds-XAJ25426.1	AAG	K	AAA	K	80
PB2|PP755596.1|A/cattle/Texas/24-008749-003/2024(H5N1)	280	C	T	1374	702	33	82	50	33	0.0563187	1456	2.02608e-24	TRUE	PB2:cds-XAJ25426.1	CTG	L	TTG	L	94
PB2|PP755596.1|A/cattle/Texas/24-008749-003/2024(H5N1)	630	G	A	0	0	0	1377	871	33	0.999274	1378	0	TRUE	PB2:cds-XAJ25426.1	GAG	E	GAA	E	210
PB2|PP755596.1|A/cattle/Texas/24-008749-003/2024(H5N1)	764	C	T	0	0	0	1603	732	33	1	1603	0	TRUE	PB2:cds-XAJ25426.1	GCA	A	GTA	V	255
PB2|PP755596.1|A/cattle/Texas/24-008749-003/2024(H5N1)	912	G	A	2	1	34	1440	683	33	0.998613	1442	0	TRUE	PB2:cds-XAJ25426.1	GAG	E	GAA	E	304
PB2|PP755596.1|A/cattle/Texas/24-008749-003/2024(H5N1)	1185	T	C	1803	885	33	21	12	32	0.0115132	1824	5.11708e-06	TRUE	PB2:cds-XAJ25426.1	GCT	A	GCC	A	395
PB2|PP755596.1|A/cattle/Texas/24-008749-003/2024(H5N1)	1224	C	T	1554	747	33	97	59	32	0.0587167	1652	4.17645e-29	TRUE	PB2:cds-XAJ25426.1	GAC	D	GAT	D	408
PB2|PP755596.1|A/cattle/Texas/24-008749-003/2024(H5N1)	1392	G	A	0	0	0	1709	1176	33	1	1709	0	TRUE	PB2:cds-XAJ25426.1	TTG	L	TTA	L	464
PB2|PP755596.1|A/cattle/Texas/24-008749-003/2024(H5N1)	1512	T	C	1704	702	33	22	11	34	0.0127462	1726	2.65767e-06	TRUE	PB2:cds-XAJ25426.1	GTT	V	GTC	V	504
PB2|PP755596.1|A/cattle/Texas/24-008749-003/2024(H5N1)	1524	G	A	1661	689	33	38	13	33	0.0223661	1699	5.11826e-11	TRUE	PB2:cds-XAJ25426.1	CGG	R	CGA	R	508
PB2|PP755596.1|A/cattle/Texas/24-008749-003/2024(H5N1)	2009	A	G	2	2	34	1552	947	33	0.998713	1554	0	TRUE	PB2:cds-XAJ25426.1	AAA	K	AGA	R	670
PB2|PP755596.1|A/cattle/Texas/24-008749-003/2024(H5N1)	2109	A	G	1336	1037	33	157	122	33	0.105157	1493	2.07248e-48	TRUE	PB2:cds-XAJ25426.1	AGA	R	AGG	R	703
