REGION	POS	REF	ALT	REF_DP	REF_RV	REF_QUAL	ALT_DP	ALT_RV	ALT_QUAL	ALT_FREQ	TOTAL_DP	PVAL	PASS	GFF_FEATURE	REF_CODON	REF_AA	ALT_CODON	ALT_AA	POS_AA
HA|PP755589.1|A/cattle/Texas/24-008749-003/2024(H5N1)	4	G	A	0	0	0	13	1	32	1	13	1.23116e-10	TRUE	HA:cds-XAJ25415.1	GAG	E	AAG	K	2
HA|PP755589.1|A/cattle/Texas/24-008749-003/2024(H5N1)	7	A	G	60	10	33	2	0	24	0.0322581	62	0.161866	FALSE	HA:cds-XAJ25415.1	AAC	N	GAC	D	3
HA|PP755589.1|A/cattle/Texas/24-008749-003/2024(H5N1)	12	A	G	150	17	33	2	0	34	0.0131579	152	0.0485596	FALSE	HA:cds-XAJ25415.1	ATA	I	ATG	M	4
HA|PP755589.1|A/cattle/Texas/24-008749-003/2024(H5N1)	33	T	C	295	35	33	3	1	34	0.0100671	298	0.0277497	FALSE	HA:cds-XAJ25415.1	GTT	V	GTC	V	11
HA|PP755589.1|A/cattle/Texas/24-008749-003/2024(H5N1)	270	G	A	1151	568	33	22	9	33	0.0187553	1173	2.12469e-06	TRUE	HA:cds-XAJ25415.1	CCG	P	CCA	P	90
HA|PP755589.1|A/cattle/Texas/24-008749-003/2024(H5N1)	311	A	G	0	0	0	1131	492	33	1	1131	0	TRUE	HA:cds-XAJ25415.1	GAC	D	GGC	G	104
HA|PP755589.1|A/cattle/Texas/24-008749-003/2024(H5N1)	651	G	A	6	3	32	1422	606	33	0.995798	1428	0	TRUE	HA:cds-XAJ25415.1	GGG	G	GGA	G	217
HA|PP755589.1|A/cattle/Texas/24-008749-003/2024(H5N1)	675	G	A	4	2	34	1365	622	32	0.99635	1370	0	TRUE	HA:cds-XAJ25415.1	TTG	L	TTA	L	225
HA|PP755589.1|A/cattle/Texas/24-008749-003/2024(H5N1)	1007	G	A	0	0	0	1497	795	33	1	1497	0	TRUE	HA:cds-XAJ25415.1	AGT	S	AAT	N	336
HA|PP755589.1|A/cattle/Texas/24-008749-003/2024(H5N1)	1052	T	A	1573	877	33	18	2	33	0.0113136	1591	2.81033e-05	TRUE	HA:cds-XAJ25415.1	ATA	I	AAA	K	351
HA|PP755589.1|A/cattle/Texas/24-008749-003/2024(H5N1)	1173	T	C	21	5	34	3633	860	33	0.994253	3654	0	TRUE	HA:cds-XAJ25415.1	GAT	D	GAC	D	391
