REGION	POS	REF	ALT	REF_DP	REF_RV	REF_QUAL	ALT_DP	ALT_RV	ALT_QUAL	ALT_FREQ	TOTAL_DP	PVAL	PASS	GFF_FEATURE	REF_CODON	REF_AA	ALT_CODON	ALT_AA	POS_AA
MP|PP755590.1|A/cattle/Texas/24-008749-003/2024(H5N1)	245	G	A	4	2	50	33318	14550	43	0.99979	33325	0	TRUE	M1:cds-XAJ25416.1	AGT	S	AAT	N	82
MP|PP755590.1|A/cattle/Texas/24-008749-003/2024(H5N1)	498	T	C	34438	17115	44	1969	843	41	0.0540756	36412	0	TRUE	M1:cds-XAJ25416.1	GCT	A	GCC	A	166
MP|PP755590.1|A/cattle/Texas/24-008749-003/2024(H5N1)	609	G	A	35995	17204	42	545	194	39	0.0149143	36542	4.73163e-125	TRUE	M1:cds-XAJ25416.1	ATG	M	ATA	I	203
MP|PP755590.1|A/cattle/Texas/24-008749-003/2024(H5N1)	699	C	A	25535	12667	35	263	0	25	0.0101934	25801	0.41313	FALSE	M1:cds-XAJ25416.1	CTC	L	CTA	L	233
MP|PP755590.1|A/cattle/Texas/24-008749-003/2024(H5N1)	839	G	A	5	3	49	32245	27767	44	0.999783	32252	0	TRUE	M2:cds-XAJ25417.1	GTT	V	ATT	I	42
