REGION	POS	REF	ALT	REF_DP	REF_RV	REF_QUAL	ALT_DP	ALT_RV	ALT_QUAL	ALT_FREQ	TOTAL_DP	PVAL	PASS	GFF_FEATURE	REF_CODON	REF_AA	ALT_CODON	ALT_AA	POS_AA
NA|PP755591.1|A/cattle/Texas/24-008749-003/2024(H5N1)	327	G	A	18	1	35	1	0	34	0.0526316	19	0.487179	FALSE	NA:cds-XAJ25418.1	GGG	G	GGA	G	109
NA|PP755591.1|A/cattle/Texas/24-008749-003/2024(H5N1)	578	T	A	5281	0	33	146	0	32	0.0269025	5427	2.36334e-38	TRUE	NA:cds-XAJ25418.1	ATC	I	AAC	N	193
NA|PP755591.1|A/cattle/Texas/24-008749-003/2024(H5N1)	659	G	+A	5580	2788	65	183	0	20	0.0167353	10935	4.44419e-23	TRUE	NA	NA	NA	NA	NA	NA
NA|PP755591.1|A/cattle/Texas/24-008749-003/2024(H5N1)	894	C	A	883	484	33	10	10	34	0.0111982	893	0.00083288	TRUE	NA:cds-XAJ25418.1	GGC	G	GGA	G	298
NA|PP755591.1|A/cattle/Texas/24-008749-003/2024(H5N1)	922	C	-A	384	2	33	6	0	20	0.0140845	426	0.324368	FALSE	NA	NA	NA	NA	NA	NA
NA|PP755591.1|A/cattle/Texas/24-008749-003/2024(H5N1)	1105	A	T	907	9	33	10	0	32	0.0109051	917	0.00363766	TRUE	NA:cds-XAJ25418.1	AGC	S	TGC	C	369
NA|PP755591.1|A/cattle/Texas/24-008749-003/2024(H5N1)	1117	A	T	385	11	30	7	0	32	0.0178571	392	0.000768641	TRUE	NA:cds-XAJ25418.1	ATG	M	TTG	L	373
NA|PP755591.1|A/cattle/Texas/24-008749-003/2024(H5N1)	1182	A	G	941	925	33	45	45	33	0.0456389	986	1.36754e-13	TRUE	NA:cds-XAJ25418.1	GTA	V	GTG	V	394
NA|PP755591.1|A/cattle/Texas/24-008749-003/2024(H5N1)	1290	G	C	63	33	42	1	1	34	0.015625	64	0.383234	FALSE	NA:cds-XAJ25418.1	AGG	R	AGC	S	430
