REGION	POS	REF	ALT	REF_DP	REF_RV	REF_QUAL	ALT_DP	ALT_RV	ALT_QUAL	ALT_FREQ	TOTAL_DP	PVAL	PASS	GFF_FEATURE	REF_CODON	REF_AA	ALT_CODON	ALT_AA	POS_AA
NS|PP755593.1|A/cattle/Texas/24-008749-003/2024(H5N1)	193	G	A	12	4	34	21184	9921	37	0.998963	21206	0	TRUE	NS1:cds-XAJ25420.1	GTG	V	ATG	M	65
NS|PP755593.1|A/cattle/Texas/24-008749-003/2024(H5N1)	199	A	G	1	1	34	21025	9594	37	0.999762	21030	0	TRUE	NS1:cds-XAJ25420.1	AGG	R	GGG	G	67
NS|PP755593.1|A/cattle/Texas/24-008749-003/2024(H5N1)	214	G	A	0	0	0	23001	11971	38	0.999696	23008	0	TRUE	NS1:cds-XAJ25420.1	GAA	E	AAA	K	72
NS|PP755593.1|A/cattle/Texas/24-008749-003/2024(H5N1)	222	T	C	5	3	40	22824	12524	38	0.999737	22830	0	TRUE	NS1:cds-XAJ25420.1	GAT	D	GAC	D	74
