REGION	POS	REF	ALT	REF_DP	REF_RV	REF_QUAL	ALT_DP	ALT_RV	ALT_QUAL	ALT_FREQ	TOTAL_DP	PVAL	PASS	GFF_FEATURE	REF_CODON	REF_AA	ALT_CODON	ALT_AA	POS_AA
MP|PP755590.1|A/cattle/Texas/24-008749-003/2024(H5N1)	154	C	T	44164	17145	40	1995	761	40	0.0432183	46161	0	TRUE	M1:cds-XAJ25416.1	CTG	L	TTG	L	52
MP|PP755590.1|A/cattle/Texas/24-008749-003/2024(H5N1)	245	G	A	3	0	45	51306	22237	39	0.999805	51316	0	TRUE	M1:cds-XAJ25416.1	AGT	S	AAT	N	82
MP|PP755590.1|A/cattle/Texas/24-008749-003/2024(H5N1)	357	C	T	12	6	43	52127	27960	39	0.999597	52148	0	TRUE	M1:cds-XAJ25416.1	TAC	Y	TAT	Y	119
MP|PP755590.1|A/cattle/Texas/24-008749-003/2024(H5N1)	501	C	A	49682	25725	40	860	518	35	0.0170108	50556	1.61108e-220	TRUE	M1:cds-XAJ25416.1	ACC	T	ACA	T	167
MP|PP755590.1|A/cattle/Texas/24-008749-003/2024(H5N1)	552	T	C	53863	30403	40	1295	545	37	0.0234767	55161	0	TRUE	M1:cds-XAJ25416.1	ACT	T	ACC	T	184
MP|PP755590.1|A/cattle/Texas/24-008749-003/2024(H5N1)	790	G	A	12	7	44	51597	29251	42	0.999613	51617	0	TRUE	M2:cds-XAJ25417.1	GGG	G	GGA	G	26
MP|PP755590.1|A/cattle/Texas/24-008749-003/2024(H5N1)	933	G	A	3	3	31	28121	25675	38	0.999822	28126	0	TRUE	M2:cds-XAJ25417.1	AGT	S	AAT	N	73
