REGION	POS	REF	ALT	REF_DP	REF_RV	REF_QUAL	ALT_DP	ALT_RV	ALT_QUAL	ALT_FREQ	TOTAL_DP	PVAL	PASS	GFF_FEATURE	REF_CODON	REF_AA	ALT_CODON	ALT_AA	POS_AA
HA|PP755589.1|A/cattle/Texas/24-008749-003/2024(H5N1)	3	G	T	46	5	36	1	0	28	0.0212766	47	0.373646	FALSE	HA:cds-XAJ25415.1	ATG	M	ATT	I	1
HA|PP755589.1|A/cattle/Texas/24-008749-003/2024(H5N1)	6	G	A	81	8	38	2	0	34	0.0240964	83	0.0109747	FALSE	HA:cds-XAJ25415.1	GAG	E	GAA	E	2
HA|PP755589.1|A/cattle/Texas/24-008749-003/2024(H5N1)	13	G	A	345	20	36	9	1	37	0.0254237	354	3.89025e-05	TRUE	HA:cds-XAJ25415.1	GTA	V	ATA	I	5
HA|PP755589.1|A/cattle/Texas/24-008749-003/2024(H5N1)	35	G	A	478	45	37	7	0	34	0.014433	485	0.00112788	TRUE	HA:cds-XAJ25415.1	AGC	S	AAC	N	12
HA|PP755589.1|A/cattle/Texas/24-008749-003/2024(H5N1)	43	A	G	0	0	0	565	79	38	1	565	0	TRUE	HA:cds-XAJ25415.1	AAA	K	GAA	E	15
HA|PP755589.1|A/cattle/Texas/24-008749-003/2024(H5N1)	139	G	A	1389	463	43	19	4	39	0.0134943	1408	8.99109e-07	TRUE	HA:cds-XAJ25415.1	GAC	D	AAC	N	47
HA|PP755589.1|A/cattle/Texas/24-008749-003/2024(H5N1)	311	A	G	0	0	0	1555	708	38	1	1555	0	TRUE	HA:cds-XAJ25415.1	GAC	D	GGC	G	104
HA|PP755589.1|A/cattle/Texas/24-008749-003/2024(H5N1)	439	G	A	1	0	29	1694	939	41	0.99941	1695	0	TRUE	HA:cds-XAJ25415.1	GTG	V	ATG	M	147
HA|PP755589.1|A/cattle/Texas/24-008749-003/2024(H5N1)	635	C	T	1810	764	39	33	18	42	0.0179056	1843	4.98606e-12	TRUE	HA:cds-XAJ25415.1	ACC	T	ATC	I	212
HA|PP755589.1|A/cattle/Texas/24-008749-003/2024(H5N1)	651	G	A	0	0	0	1739	739	39	1	1739	0	TRUE	HA:cds-XAJ25415.1	GGG	G	GGA	G	217
HA|PP755589.1|A/cattle/Texas/24-008749-003/2024(H5N1)	675	G	A	0	0	0	1743	744	37	1	1743	0	TRUE	HA:cds-XAJ25415.1	TTG	L	TTA	L	225
HA|PP755589.1|A/cattle/Texas/24-008749-003/2024(H5N1)	1007	G	A	0	0	0	1941	1100	40	1	1941	0	TRUE	HA:cds-XAJ25415.1	AGT	S	AAT	N	336
HA|PP755589.1|A/cattle/Texas/24-008749-003/2024(H5N1)	1104	G	A	2742	1197	37	28	15	37	0.0101083	2770	3.60177e-07	TRUE	HA:cds-XAJ25415.1	GGG	G	GGA	G	368
HA|PP755589.1|A/cattle/Texas/24-008749-003/2024(H5N1)	1278	C	A	6349	2826	40	67	16	38	0.010441	6417	3.15077e-16	TRUE	HA:cds-XAJ25415.1	AAC	N	AAA	K	426
HA|PP755589.1|A/cattle/Texas/24-008749-003/2024(H5N1)	1511	A	G	7400	3744	40	78	39	38	0.0104292	7479	1.59507e-18	TRUE	HA:cds-XAJ25415.1	TAC	Y	TGC	C	504
