REGION	POS	REF	ALT	REF_DP	REF_RV	REF_QUAL	ALT_DP	ALT_RV	ALT_QUAL	ALT_FREQ	TOTAL_DP	PVAL	PASS	GFF_FEATURE	REF_CODON	REF_AA	ALT_CODON	ALT_AA	POS_AA
PB1|PP755595.1|A/cattle/Texas/24-008749-003/2024(H5N1)	69	G	A	49	1	38	1	0	35	0.02	50	0.326797	FALSE	PB1:cds-XAJ25424.1	CCG	P	CCA	P	23
PB1|PP755595.1|A/cattle/Texas/24-008749-003/2024(H5N1)	475	G	A	173	61	40	12	4	42	0.0648649	185	0.000103687	TRUE	PB1:cds-XAJ25424.1	GAA	E	AAA	K	159
PB1|PP755595.1|A/cattle/Texas/24-008749-003/2024(H5N1)	642	A	G	163	98	37	2	2	37	0.0121212	165	0.219017	FALSE	PB1:cds-XAJ25424.1	AAA	K	AAG	K	214
PB1|PP755595.1|A/cattle/Texas/24-008749-003/2024(H5N1)	1387	G	A	334	100	39	5	0	30	0.0147493	339	0.0246058	FALSE	PB1:cds-XAJ25424.1	GTA	V	ATA	I	463
PB1|PP755595.1|A/cattle/Texas/24-008749-003/2024(H5N1)	1569	G	A	572	248	40	31	9	37	0.0514096	603	4.07729e-11	TRUE	PB1:cds-XAJ25424.1	ATG	M	ATA	I	523
PB1|PP755595.1|A/cattle/Texas/24-008749-003/2024(H5N1)	2016	C	T	1	0	37	666	320	38	0.998501	667	0	TRUE	PB1:cds-XAJ25424.1	CGC	R	CGT	R	672
PB1|PP755595.1|A/cattle/Texas/24-008749-003/2024(H5N1)	2118	G	A	561	408	40	8	8	50	0.0140598	569	0.00200267	TRUE	PB1:cds-XAJ25424.1	AGG	R	AGA	R	706
PB1|PP755595.1|A/cattle/Texas/24-008749-003/2024(H5N1)	2162	G	A	487	416	41	24	23	39	0.0469667	511	7.1038e-09	TRUE	PB1:cds-XAJ25424.1	AGG	R	AAG	K	721
