REGION	POS	REF	ALT	REF_DP	REF_RV	REF_QUAL	ALT_DP	ALT_RV	ALT_QUAL	ALT_FREQ	TOTAL_DP	PVAL	PASS	GFF_FEATURE	REF_CODON	REF_AA	ALT_CODON	ALT_AA	POS_AA
PB2|PP755596.1|A/cattle/Texas/24-008749-003/2024(H5N1)	240	G	A	0	0	0	360	183	32	1	360	5.89654e-227	TRUE	NA	NA	NA	NA	NA	NA
PB2|PP755596.1|A/cattle/Texas/24-008749-003/2024(H5N1)	630	G	A	0	0	0	473	253	33	1	473	4.35259e-306	TRUE	NA	NA	NA	NA	NA	NA
PB2|PP755596.1|A/cattle/Texas/24-008749-003/2024(H5N1)	713	C	G	548	279	33	12	7	34	0.0214286	560	0.000185818	TRUE	NA	NA	NA	NA	NA	NA
PB2|PP755596.1|A/cattle/Texas/24-008749-003/2024(H5N1)	764	C	T	2	0	34	477	227	33	0.995825	479	1.33849e-296	TRUE	NA	NA	NA	NA	NA	NA
PB2|PP755596.1|A/cattle/Texas/24-008749-003/2024(H5N1)	856	A	T	499	202	33	18	6	33	0.034749	518	2.3179e-06	TRUE	NA	NA	NA	NA	NA	NA
PB2|PP755596.1|A/cattle/Texas/24-008749-003/2024(H5N1)	876	A	G	478	187	32	11	6	33	0.0224949	489	0.000286675	TRUE	NA	NA	NA	NA	NA	NA
PB2|PP755596.1|A/cattle/Texas/24-008749-003/2024(H5N1)	900	A	G	489	204	33	13	5	34	0.0258964	502	9.91181e-05	TRUE	NA	NA	NA	NA	NA	NA
PB2|PP755596.1|A/cattle/Texas/24-008749-003/2024(H5N1)	912	G	A	0	0	0	484	232	33	1	484	2.462e-297	TRUE	NA	NA	NA	NA	NA	NA
PB2|PP755596.1|A/cattle/Texas/24-008749-003/2024(H5N1)	930	A	G	521	246	33	20	10	34	0.0369686	541	5.03018e-07	TRUE	NA	NA	NA	NA	NA	NA
PB2|PP755596.1|A/cattle/Texas/24-008749-003/2024(H5N1)	1039	G	T	457	260	33	20	10	32	0.0419287	477	5.92043e-07	TRUE	NA	NA	NA	NA	NA	NA
PB2|PP755596.1|A/cattle/Texas/24-008749-003/2024(H5N1)	1223	A	G	587	247	33	8	5	34	0.0134454	595	0.00351977	TRUE	NA	NA	NA	NA	NA	NA
PB2|PP755596.1|A/cattle/Texas/24-008749-003/2024(H5N1)	1392	G	A	0	0	0	594	387	33	1	594	0	TRUE	NA	NA	NA	NA	NA	NA
PB2|PP755596.1|A/cattle/Texas/24-008749-003/2024(H5N1)	1480	G	A	5	2	34	524	214	33	0.990548	529	0	TRUE	NA	NA	NA	NA	NA	NA
PB2|PP755596.1|A/cattle/Texas/24-008749-003/2024(H5N1)	1560	G	A	563	238	33	15	4	32	0.0259516	578	2.29142e-05	TRUE	NA	NA	NA	NA	NA	NA
PB2|PP755596.1|A/cattle/Texas/24-008749-003/2024(H5N1)	1657	A	C	552	276	33	7	4	33	0.0125224	559	0.00742989	TRUE	NA	NA	NA	NA	NA	NA
PB2|PP755596.1|A/cattle/Texas/24-008749-003/2024(H5N1)	2009	A	G	0	0	0	566	304	33	1	566	0	TRUE	NA	NA	NA	NA	NA	NA
PB2|PP755596.1|A/cattle/Texas/24-008749-003/2024(H5N1)	2025	G	A	544	292	33	15	5	32	0.0268336	559	2.01371e-05	TRUE	NA	NA	NA	NA	NA	NA
PB2|PP755596.1|A/cattle/Texas/24-008749-003/2024(H5N1)	2123	T	C	471	251	33	7	2	34	0.0146444	478	0.00526832	TRUE	NA	NA	NA	NA	NA	NA
