REGION	POS	REF	ALT	REF_DP	REF_RV	REF_QUAL	ALT_DP	ALT_RV	ALT_QUAL	ALT_FREQ	TOTAL_DP	PVAL	PASS	GFF_FEATURE	REF_CODON	REF_AA	ALT_CODON	ALT_AA	POS_AA
PB1|PP755595.1|A/cattle/Texas/24-008749-003/2024(H5N1)	123	C	-ACAGTTAACAGAACACATCAAT	1367	233	37	72	0	20	0.0316762	2273	4.58607e-14	TRUE	NA	NA	NA	NA	NA	NA
PB1|PP755595.1|A/cattle/Texas/24-008749-003/2024(H5N1)	135	A	-AC	1445	297	37	57	0	20	0.0313877	1816	4.34431e-08	TRUE	NA	NA	NA	NA	NA	NA
PB1|PP755595.1|A/cattle/Texas/24-008749-003/2024(H5N1)	248	C	-ACAA	969	383	38	14	0	20	0.0118846	1178	0.19537	FALSE	NA	NA	NA	NA	NA	NA
PB1|PP755595.1|A/cattle/Texas/24-008749-003/2024(H5N1)	296	A	G	969	558	38	25	12	33	0.0251509	994	4.44698e-08	TRUE	PB1:cds-XAJ25424.1	CAT	H	CGT	R	99
PB1|PP755595.1|A/cattle/Texas/24-008749-003/2024(H5N1)	296	A	G	969	558	38	25	12	33	0.0251509	994	4.44698e-08	TRUE	PB1-F2:cds-XAJ25425.1	ATC	I	GTC	V	68
PB1|PP755595.1|A/cattle/Texas/24-008749-003/2024(H5N1)	383	C	-TTATGATTGGACA	974	616	36	69	0	20	0.0624434	1105	7.92216e-13	TRUE	NA	NA	NA	NA	NA	NA
PB1|PP755595.1|A/cattle/Texas/24-008749-003/2024(H5N1)	945	T	C	0	0	0	758	447	37	0.998682	759	0	TRUE	PB1:cds-XAJ25424.1	CCT	P	CCC	P	315
PB1|PP755595.1|A/cattle/Texas/24-008749-003/2024(H5N1)	1062	A	G	781	273	37	18	10	34	0.0225282	799	7.57758e-07	TRUE	PB1:cds-XAJ25424.1	GGA	G	GGG	G	354
PB1|PP755595.1|A/cattle/Texas/24-008749-003/2024(H5N1)	1955	C	-TAAGAGTA	2058	1070	35	42	0	20	0.0188256	2231	0.00403846	TRUE	NA	NA	NA	NA	NA	NA
PB1|PP755595.1|A/cattle/Texas/24-008749-003/2024(H5N1)	2082	T	-CTATTTGAAAAATTCTTCC	2395	1092	38	35	0	20	0.0117253	2985	0.0725243	FALSE	NA	NA	NA	NA	NA	NA
