REGION	POS	REF	ALT	REF_DP	REF_RV	REF_QUAL	ALT_DP	ALT_RV	ALT_QUAL	ALT_FREQ	TOTAL_DP	PVAL	PASS	GFF_FEATURE	REF_CODON	REF_AA	ALT_CODON	ALT_AA	POS_AA
MP|PP755590.1|A/cattle/Texas/24-008749-003/2024(H5N1)	245	G	A	8	6	31	26126	11620	33	0.99912	26149	0	TRUE	M1:cds-XAJ25416.1	AGT	S	AAT	N	82
MP|PP755590.1|A/cattle/Texas/24-008749-003/2024(H5N1)	414	G	A	26610	13660	33	1628	729	33	0.0576426	28243	0	TRUE	M1:cds-XAJ25416.1	GTG	V	GTA	V	138
MP|PP755590.1|A/cattle/Texas/24-008749-003/2024(H5N1)	671	G	A	26393	12419	33	1263	581	32	0.0456583	27662	0	TRUE	M1:cds-XAJ25416.1	AGC	S	AAC	N	224
MP|PP755590.1|A/cattle/Texas/24-008749-003/2024(H5N1)	756	G	A	21451	10355	33	6950	2993	33	0.244598	28414	0	TRUE	M2:cds-XAJ25417.1	AGT	S	AAT	N	14
MP|PP755590.1|A/cattle/Texas/24-008749-003/2024(H5N1)	756	G	A	21451	10355	33	6950	2993	33	0.244598	28414	0	TRUE	M1:cds-XAJ25416.1	AAG	K	AAA	K	252
MP|PP755590.1|A/cattle/Texas/24-008749-003/2024(H5N1)	857	T	C	28576	20032	33	405	286	33	0.0139617	29008	1.8719e-92	TRUE	M2:cds-XAJ25417.1	TAC	Y	CAC	H	48
