REGION	POS	REF	ALT	REF_DP	REF_RV	REF_QUAL	ALT_DP	ALT_RV	ALT_QUAL	ALT_FREQ	TOTAL_DP	PVAL	PASS	GFF_FEATURE	REF_CODON	REF_AA	ALT_CODON	ALT_AA	POS_AA
NP|PP755592.1|A/cattle/Texas/24-008749-003/2024(H5N1)	253	G	A	12189	4764	37	137	54	37	0.0111129	12328	4.50396e-31	TRUE	NP:cds-XAJ25419.1	GCT	A	ACT	T	85
NP|PP755592.1|A/cattle/Texas/24-008749-003/2024(H5N1)	355	A	G	1	0	27	11069	6118	36	0.99991	11070	0	TRUE	NP:cds-XAJ25419.1	ATT	I	GTT	V	119
NP|PP755592.1|A/cattle/Texas/24-008749-003/2024(H5N1)	465	G	A	12443	6763	35	137	85	35	0.0108903	12580	8.79255e-30	TRUE	NP:cds-XAJ25419.1	GTG	V	GTA	V	155
NP|PP755592.1|A/cattle/Texas/24-008749-003/2024(H5N1)	474	A	G	11	5	34	12168	6410	35	0.998851	12182	0	TRUE	NP:cds-XAJ25419.1	GGA	G	GGG	G	158
NP|PP755592.1|A/cattle/Texas/24-008749-003/2024(H5N1)	498	G	A	3	2	34	12236	5089	35	0.999592	12241	0	TRUE	NP:cds-XAJ25419.1	CTG	L	CTA	L	166
NP|PP755592.1|A/cattle/Texas/24-008749-003/2024(H5N1)	870	C	T	2	1	34	12188	5623	35	0.999836	12190	0	TRUE	NP:cds-XAJ25419.1	GAC	D	GAT	D	290
NP|PP755592.1|A/cattle/Texas/24-008749-003/2024(H5N1)	1014	T	C	0	0	0	12403	6479	36	1	12403	0	TRUE	NP:cds-XAJ25419.1	TTT	F	TTC	F	338
NP|PP755592.1|A/cattle/Texas/24-008749-003/2024(H5N1)	1092	G	A	0	0	0	13224	6721	36	0.999924	13225	0	TRUE	NP:cds-XAJ25419.1	CAG	Q	CAA	Q	364
NP|PP755592.1|A/cattle/Texas/24-008749-003/2024(H5N1)	1161	T	C	12252	6201	36	400	169	35	0.0316106	12654	7.98968e-113	TRUE	NP:cds-XAJ25419.1	GCT	A	GCC	A	387
NP|PP755592.1|A/cattle/Texas/24-008749-003/2024(H5N1)	1486	T	C	4659	4513	35	48	47	35	0.0101976	4707	4.63209e-11	TRUE	NP:cds-XAJ25419.1	TAT	Y	CAT	H	496
