REGION	POS	REF	ALT	REF_DP	REF_RV	REF_QUAL	ALT_DP	ALT_RV	ALT_QUAL	ALT_FREQ	TOTAL_DP	PVAL	PASS	GFF_FEATURE	REF_CODON	REF_AA	ALT_CODON	ALT_AA	POS_AA
NS|PP755593.1|A/cattle/Texas/24-008749-003/2024(H5N1)	7	T	C	1	0	32	244	54	38	0.995918	245	0	TRUE	NEP:cds-XAJ25421.1	TCC	S	CCC	P	3
NS|PP755593.1|A/cattle/Texas/24-008749-003/2024(H5N1)	7	T	C	1	0	32	244	54	38	0.995918	245	0	TRUE	NS1:cds-XAJ25420.1	TCC	S	CCC	P	3
NS|PP755593.1|A/cattle/Texas/24-008749-003/2024(H5N1)	20	T	C	0	0	0	1295	278	47	1	1295	0	TRUE	NEP:cds-XAJ25421.1	TTA	L	TCA	S	7
NS|PP755593.1|A/cattle/Texas/24-008749-003/2024(H5N1)	20	T	C	0	0	0	1295	278	47	1	1295	0	TRUE	NS1:cds-XAJ25420.1	TTA	L	TCA	S	7
NS|PP755593.1|A/cattle/Texas/24-008749-003/2024(H5N1)	183	G	A	2	1	32	3505	1447	60	0.99943	3507	0	TRUE	NS1:cds-XAJ25420.1	GGG	G	GGA	G	61
NS|PP755593.1|A/cattle/Texas/24-008749-003/2024(H5N1)	222	T	C	2	1	75	3781	1695	60	0.999471	3783	0	TRUE	NS1:cds-XAJ25420.1	GAT	D	GAC	D	74
NS|PP755593.1|A/cattle/Texas/24-008749-003/2024(H5N1)	428	C	A	0	0	0	3641	1922	59	0.999725	3642	0	TRUE	NS1:cds-XAJ25420.1	ACA	T	AAA	K	143
NS|PP755593.1|A/cattle/Texas/24-008749-003/2024(H5N1)	672	G	A	1	1	37	3799	2242	65	0.999737	3800	0	TRUE	NEP:cds-XAJ25421.1	GGA	G	GAA	E	57
NS|PP755593.1|A/cattle/Texas/24-008749-003/2024(H5N1)	672	G	A	1	1	37	3799	2242	65	0.999737	3800	0	TRUE	NS1:cds-XAJ25420.1	AGG	R	AGA	R	224
NS|PP755593.1|A/cattle/Texas/24-008749-003/2024(H5N1)	728	A	C	0	0	0	3277	2001	63	0.998781	3281	0	TRUE	NEP:cds-XAJ25421.1	AGA	R	CGA	R	76
