REGION	POS	REF	ALT	REF_DP	REF_RV	REF_QUAL	ALT_DP	ALT_RV	ALT_QUAL	ALT_FREQ	TOTAL_DP	PVAL	PASS	GFF_FEATURE	REF_CODON	REF_AA	ALT_CODON	ALT_AA	POS_AA
NS|PP755593.1|A/cattle/Texas/24-008749-003/2024(H5N1)	110	G	A	28	8	52	1	1	68	0.0344828	29	0.376623	FALSE	NS1:cds-XAJ25420.1	CGC	R	CAC	H	37
NS|PP755593.1|A/cattle/Texas/24-008749-003/2024(H5N1)	132	A	T	27	10	53	1	0	34	0.0357143	28	0.373333	FALSE	NS1:cds-XAJ25420.1	AGA	R	AGT	S	44
NS|PP755593.1|A/cattle/Texas/24-008749-003/2024(H5N1)	210	G	A	10	10	34	7	7	34	0.411765	17	0.00455238	TRUE	NS1:cds-XAJ25420.1	GAG	E	GAA	E	70
NS|PP755593.1|A/cattle/Texas/24-008749-003/2024(H5N1)	351	C	T	7648	17	33	389	0	32	0.0483891	8039	3.95896e-110	TRUE	NS1:cds-XAJ25420.1	ATC	I	ATT	I	117
NS|PP755593.1|A/cattle/Texas/24-008749-003/2024(H5N1)	353	G	-AA	8133	17	33	426	0	20	0.0505098	8434	8.54685e-57	TRUE	NA	NA	NA	NA	NA	NA
NS|PP755593.1|A/cattle/Texas/24-008749-003/2024(H5N1)	357	G	+T	7608	17	33	426	0	20	0.0510485	8345	1.96284e-61	TRUE	NA	NA	NA	NA	NA	NA
NS|PP755593.1|A/cattle/Texas/24-008749-003/2024(H5N1)	371	T	C	7945	15	33	242	1	33	0.0295446	8191	3.73983e-64	TRUE	NS1:cds-XAJ25420.1	ATG	M	ACG	T	124
NS|PP755593.1|A/cattle/Texas/24-008749-003/2024(H5N1)	466	A	G	14132	11356	44	578	445	48	0.039277	14716	1.9762e-221	TRUE	NS1:cds-XAJ25420.1	ATT	I	GTT	V	156
NS|PP755593.1|A/cattle/Texas/24-008749-003/2024(H5N1)	511	G	A	14014	14003	33	600	599	33	0.0410509	14616	1.25983e-163	TRUE	NEP:cds-XAJ25421.1	CTG	L	CTA	L	3
NS|PP755593.1|A/cattle/Texas/24-008749-003/2024(H5N1)	511	G	A	14014	14003	33	600	599	33	0.0410509	14616	1.25983e-163	TRUE	NS1:cds-XAJ25420.1	GAT	D	AAT	N	171
NS|PP755593.1|A/cattle/Texas/24-008749-003/2024(H5N1)	570	C	A	24	22	34	2	2	34	0.0769231	26	0.245098	FALSE	NEP:cds-XAJ25421.1	ACA	T	AAA	K	23
NS|PP755593.1|A/cattle/Texas/24-008749-003/2024(H5N1)	570	C	A	24	22	34	2	2	34	0.0769231	26	0.245098	FALSE	NS1:cds-XAJ25420.1	AAC	N	AAA	K	190
