REGION	POS	REF	ALT	REF_DP	REF_RV	REF_QUAL	ALT_DP	ALT_RV	ALT_QUAL	ALT_FREQ	TOTAL_DP	PVAL	PASS	GFF_FEATURE	REF_CODON	REF_AA	ALT_CODON	ALT_AA	POS_AA
MP|PP755590.1|A/cattle/Texas/24-008749-003/2024(H5N1)	90	T	C	5137	2457	32	52	25	33	0.0100135	5193	6.17156e-16	TRUE	M1:cds-XAJ25416.1	GAT	D	GAC	D	30
MP|PP755590.1|A/cattle/Texas/24-008749-003/2024(H5N1)	245	G	A	6	4	34	12288	6088	33	0.999106	12299	0	TRUE	M1:cds-XAJ25416.1	AGT	S	AAT	N	82
MP|PP755590.1|A/cattle/Texas/24-008749-003/2024(H5N1)	430	T	C	1	1	34	12408	6335	33	0.999678	12412	0	TRUE	M1:cds-XAJ25416.1	TTG	L	CTG	L	144
