REGION	POS	REF	ALT	REF_DP	REF_RV	REF_QUAL	ALT_DP	ALT_RV	ALT_QUAL	ALT_FREQ	TOTAL_DP	PVAL	PASS	GFF_FEATURE	REF_CODON	REF_AA	ALT_CODON	ALT_AA	POS_AA
NA|PP755591.1|A/cattle/Texas/24-008749-003/2024(H5N1)	346	G	A	698	346	40	213	82	37	0.233809	911	7.4743e-79	TRUE	NA:cds-XAJ25418.1	GTT	V	ATT	I	116
NA|PP755591.1|A/cattle/Texas/24-008749-003/2024(H5N1)	571	T	C	1	0	46	792	354	38	0.998739	793	0	TRUE	NA:cds-XAJ25418.1	TTG	L	CTG	L	191
NA|PP755591.1|A/cattle/Texas/24-008749-003/2024(H5N1)	715	T	C	913	483	39	18	2	32	0.019334	931	5.23293e-06	TRUE	NA:cds-XAJ25418.1	TTC	F	CTC	L	239
NA|PP755591.1|A/cattle/Texas/24-008749-003/2024(H5N1)	778	A	G	181	102	38	709	380	38	0.796629	890	0	TRUE	NA:cds-XAJ25418.1	AAA	K	GAA	E	260
NA|PP755591.1|A/cattle/Texas/24-008749-003/2024(H5N1)	792	C	T	771	397	39	121	72	38	0.13565	892	7.77524e-42	TRUE	NA:cds-XAJ25418.1	GTC	V	GTT	V	264
NA|PP755591.1|A/cattle/Texas/24-008749-003/2024(H5N1)	858	T	C	827	413	39	9	6	44	0.0107656	836	0.000686454	TRUE	NA:cds-XAJ25418.1	GGT	G	GGC	G	286
NA|PP755591.1|A/cattle/Texas/24-008749-003/2024(H5N1)	985	A	C	797	385	39	48	14	30	0.0567376	846	3.64106e-16	TRUE	NA:cds-XAJ25418.1	AAT	N	CAT	H	329
NA|PP755591.1|A/cattle/Texas/24-008749-003/2024(H5N1)	1042	G	A	768	361	40	82	32	37	0.0964706	850	8.37125e-29	TRUE	NA:cds-XAJ25418.1	GGG	G	AGG	R	348
NA|PP755591.1|A/cattle/Texas/24-008749-003/2024(H5N1)	1185	A	G	1	1	34	772	448	38	0.998706	773	0	TRUE	NA:cds-XAJ25418.1	GAA	E	GAG	E	395
