REGION	POS	REF	ALT	REF_DP	REF_RV	REF_QUAL	ALT_DP	ALT_RV	ALT_QUAL	ALT_FREQ	TOTAL_DP	PVAL	PASS	GFF_FEATURE	REF_CODON	REF_AA	ALT_CODON	ALT_AA	POS_AA
PB2|PP755596.1|A/cattle/Texas/24-008749-003/2024(H5N1)	14	A	C	122	33	32	2	0	34	0.016129	124	0.0238611	FALSE	PB2:cds-XAJ25426.1	AAA	K	ACA	T	5
PB2|PP755596.1|A/cattle/Texas/24-008749-003/2024(H5N1)	208	A	G	1325	675	33	27	13	33	0.0199704	1352	6.95925e-08	TRUE	PB2:cds-XAJ25426.1	AGG	R	GGG	G	70
PB2|PP755596.1|A/cattle/Texas/24-008749-003/2024(H5N1)	240	G	A	0	0	0	1108	562	33	0.999098	1109	0	TRUE	PB2:cds-XAJ25426.1	AAG	K	AAA	K	80
PB2|PP755596.1|A/cattle/Texas/24-008749-003/2024(H5N1)	630	G	A	0	0	0	868	498	33	0.997701	870	0	TRUE	PB2:cds-XAJ25426.1	GAG	E	GAA	E	210
PB2|PP755596.1|A/cattle/Texas/24-008749-003/2024(H5N1)	764	C	T	0	0	0	995	463	33	1	995	0	TRUE	PB2:cds-XAJ25426.1	GCA	A	GTA	V	255
PB2|PP755596.1|A/cattle/Texas/24-008749-003/2024(H5N1)	912	G	A	0	0	0	1096	515	33	0.999088	1097	0	TRUE	PB2:cds-XAJ25426.1	GAG	E	GAA	E	304
PB2|PP755596.1|A/cattle/Texas/24-008749-003/2024(H5N1)	1176	G	A	1349	669	33	32	18	33	0.0231716	1381	2.40751e-09	TRUE	PB2:cds-XAJ25426.1	CAG	Q	CAA	Q	392
PB2|PP755596.1|A/cattle/Texas/24-008749-003/2024(H5N1)	1341	A	C	0	0	0	1480	812	33	0.999325	1481	0	TRUE	PB2:cds-XAJ25426.1	CAA	Q	CAC	H	447
PB2|PP755596.1|A/cattle/Texas/24-008749-003/2024(H5N1)	1392	G	A	0	0	0	1357	853	33	1	1357	0	TRUE	PB2:cds-XAJ25426.1	TTG	L	TTA	L	464
PB2|PP755596.1|A/cattle/Texas/24-008749-003/2024(H5N1)	1637	T	C	1406	840	33	70	35	33	0.0474255	1476	7.49011e-21	TRUE	PB2:cds-XAJ25426.1	TTG	L	TCG	S	546
PB2|PP755596.1|A/cattle/Texas/24-008749-003/2024(H5N1)	1886	G	A	2043	1032	33	50	17	32	0.0238777	2094	1.22429e-13	TRUE	PB2:cds-XAJ25426.1	AGT	S	AAT	N	629
PB2|PP755596.1|A/cattle/Texas/24-008749-003/2024(H5N1)	1954	A	C	1647	765	33	46	22	33	0.0271707	1693	1.72157e-13	TRUE	PB2:cds-XAJ25426.1	AAT	N	CAT	H	652
PB2|PP755596.1|A/cattle/Texas/24-008749-003/2024(H5N1)	2009	A	G	1	1	34	1945	1010	33	0.999486	1946	0	TRUE	PB2:cds-XAJ25426.1	AAA	K	AGA	R	670
PB2|PP755596.1|A/cattle/Texas/24-008749-003/2024(H5N1)	2143	A	C	0	0	0	1673	983	33	0.998806	1675	0	TRUE	PB2:cds-XAJ25426.1	AAT	N	CAT	H	715
