REGION	POS	REF	ALT	REF_DP	REF_RV	REF_QUAL	ALT_DP	ALT_RV	ALT_QUAL	ALT_FREQ	TOTAL_DP	PVAL	PASS	GFF_FEATURE	REF_CODON	REF_AA	ALT_CODON	ALT_AA	POS_AA
NS|PP755593.1|A/cattle/Texas/24-008749-003/2024(H5N1)	20	T	C	2	1	35	2577	402	43	0.999225	2579	0	TRUE	NEP:cds-XAJ25421.1	TTA	L	TCA	S	7
NS|PP755593.1|A/cattle/Texas/24-008749-003/2024(H5N1)	20	T	C	2	1	35	2577	402	43	0.999225	2579	0	TRUE	NS1:cds-XAJ25420.1	TTA	L	TCA	S	7
NS|PP755593.1|A/cattle/Texas/24-008749-003/2024(H5N1)	183	G	A	5	0	32	8187	2670	54	0.999146	8194	0	TRUE	NS1:cds-XAJ25420.1	GGG	G	GGA	G	61
NS|PP755593.1|A/cattle/Texas/24-008749-003/2024(H5N1)	222	T	C	3	0	43	9219	3558	55	0.999458	9224	0	TRUE	NS1:cds-XAJ25420.1	GAT	D	GAC	D	74
NS|PP755593.1|A/cattle/Texas/24-008749-003/2024(H5N1)	333	G	T	2	0	27	10127	5199	51	0.999309	10134	0	TRUE	NS1:cds-XAJ25420.1	GTG	V	GTT	V	111
NS|PP755593.1|A/cattle/Texas/24-008749-003/2024(H5N1)	381	C	T	8	2	50	10405	5110	51	0.998848	10417	0	TRUE	NS1:cds-XAJ25420.1	AAC	N	AAT	N	127
