REGION	POS	REF	ALT	REF_DP	REF_RV	REF_QUAL	ALT_DP	ALT_RV	ALT_QUAL	ALT_FREQ	TOTAL_DP	PVAL	PASS	GFF_FEATURE	REF_CODON	REF_AA	ALT_CODON	ALT_AA	POS_AA
NS|PP755593.1|A/cattle/Texas/24-008749-003/2024(H5N1)	132	A	G	0	0	0	4887	1970	33	1	4887	0	TRUE	NS1:cds-XAJ25420.1	AGA	R	AGG	R	44
NS|PP755593.1|A/cattle/Texas/24-008749-003/2024(H5N1)	164	A	C	0	0	0	4798	2298	33	0.999792	4799	0	TRUE	NS1:cds-XAJ25420.1	GAG	E	GCG	A	55
NS|PP755593.1|A/cattle/Texas/24-008749-003/2024(H5N1)	174	T	C	1	0	34	5180	2728	33	0.999807	5181	0	TRUE	NS1:cds-XAJ25420.1	ACT	T	ACC	T	58
NS|PP755593.1|A/cattle/Texas/24-008749-003/2024(H5N1)	222	T	C	2	2	34	5582	2927	33	0.999642	5584	0	TRUE	NS1:cds-XAJ25420.1	GAT	D	GAC	D	74
NS|PP755593.1|A/cattle/Texas/24-008749-003/2024(H5N1)	300	A	G	1	0	26	5203	3030	33	0.999616	5205	0	TRUE	NS1:cds-XAJ25420.1	AGA	R	AGG	R	100
NS|PP755593.1|A/cattle/Texas/24-008749-003/2024(H5N1)	757	A	G	0	0	0	4461	3178	33	1	4461	0	TRUE	NEP:cds-XAJ25421.1	GAA	E	GAG	E	85
