REGION	POS	REF	ALT	REF_DP	REF_RV	REF_QUAL	ALT_DP	ALT_RV	ALT_QUAL	ALT_FREQ	TOTAL_DP	PVAL	PASS	GFF_FEATURE	REF_CODON	REF_AA	ALT_CODON	ALT_AA	POS_AA
NA|PP755591.1|A/cattle/Texas/24-008749-003/2024(H5N1)	33	A	G	648	60	37	26	1	34	0.0385757	674	8.7413e-14	TRUE	NA:cds-XAJ25418.1	GGA	G	GGG	G	11
NA|PP755591.1|A/cattle/Texas/24-008749-003/2024(H5N1)	88	A	T	1474	160	37	43	6	41	0.0283454	1517	8.6384e-20	TRUE	NA:cds-XAJ25418.1	ATC	I	TTC	F	30
NA|PP755591.1|A/cattle/Texas/24-008749-003/2024(H5N1)	471	T	C	3872	1700	36	249	99	35	0.0604076	4122	2.1471e-77	TRUE	NA:cds-XAJ25418.1	ACT	T	ACC	T	157
NA|PP755591.1|A/cattle/Texas/24-008749-003/2024(H5N1)	480	T	C	4008	1810	36	230	87	36	0.0542581	4239	1.23457e-70	TRUE	NA:cds-XAJ25418.1	AGT	S	AGC	S	160
NA|PP755591.1|A/cattle/Texas/24-008749-003/2024(H5N1)	571	T	C	0	0	0	4028	1820	36	1	4028	0	TRUE	NA:cds-XAJ25418.1	TTG	L	CTG	L	191
NA|PP755591.1|A/cattle/Texas/24-008749-003/2024(H5N1)	633	A	G	4134	2016	36	77	55	34	0.0182854	4211	1.11422e-20	TRUE	NA:cds-XAJ25418.1	ATA	I	ATG	M	211
NA|PP755591.1|A/cattle/Texas/24-008749-003/2024(H5N1)	663	C	T	3775	1874	35	92	53	34	0.0237911	3867	4.12851e-25	TRUE	NA:cds-XAJ25418.1	AAC	N	AAT	N	221
NA|PP755591.1|A/cattle/Texas/24-008749-003/2024(H5N1)	717	C	T	4134	2288	37	192	132	35	0.0443828	4326	1.3896e-57	TRUE	NA:cds-XAJ25418.1	TTC	F	TTT	F	239
NA|PP755591.1|A/cattle/Texas/24-008749-003/2024(H5N1)	778	A	G	3758	2110	35	38	30	37	0.0100079	3797	1.72889e-09	TRUE	NA:cds-XAJ25418.1	AAA	K	GAA	E	260
NA|PP755591.1|A/cattle/Texas/24-008749-003/2024(H5N1)	894	C	T	3604	2047	36	373	214	36	0.0937893	3977	1.63902e-121	TRUE	NA:cds-XAJ25418.1	GGC	G	GGT	G	298
NA|PP755591.1|A/cattle/Texas/24-008749-003/2024(H5N1)	960	G	A	4077	1770	37	51	23	36	0.0123547	4128	5.57029e-13	TRUE	NA:cds-XAJ25418.1	GGG	G	GGA	G	320
NA|PP755591.1|A/cattle/Texas/24-008749-003/2024(H5N1)	975	T	C	3852	1771	36	113	47	34	0.0284922	3966	4.25835e-33	TRUE	NA:cds-XAJ25418.1	AAT	N	AAC	N	325
NA|PP755591.1|A/cattle/Texas/24-008749-003/2024(H5N1)	1185	A	G	0	0	0	3328	2102	36	1	3328	0	TRUE	NA:cds-XAJ25418.1	GAA	E	GAG	E	395
NA|PP755591.1|A/cattle/Texas/24-008749-003/2024(H5N1)	1194	C	T	3398	2246	37	88	58	36	0.0252438	3486	9.62702e-26	TRUE	NA:cds-XAJ25418.1	GAC	D	GAT	D	398
NA|PP755591.1|A/cattle/Texas/24-008749-003/2024(H5N1)	1289	G	C	1852	1309	38	32	32	27	0.0169851	1884	0.0179532	FALSE	NA:cds-XAJ25418.1	AGG	R	ACG	T	430
