REGION	POS	REF	ALT	REF_DP	REF_RV	REF_QUAL	ALT_DP	ALT_RV	ALT_QUAL	ALT_FREQ	TOTAL_DP	PVAL	PASS	GFF_FEATURE	REF_CODON	REF_AA	ALT_CODON	ALT_AA	POS_AA
NP|PP755592.1|A/cattle/Texas/24-008749-003/2024(H5N1)	355	A	G	2	1	27	27432	14637	41	0.999854	27436	0	TRUE	NP:cds-XAJ25419.1	ATT	I	GTT	V	119
NP|PP755592.1|A/cattle/Texas/24-008749-003/2024(H5N1)	396	T	C	22181	12119	41	5211	2980	42	0.190203	27397	0	TRUE	NP:cds-XAJ25419.1	GGT	G	GGC	G	132
NP|PP755592.1|A/cattle/Texas/24-008749-003/2024(H5N1)	474	A	G	4	1	40	26323	15143	39	0.999848	26327	0	TRUE	NP:cds-XAJ25419.1	GGA	G	GGG	G	158
NP|PP755592.1|A/cattle/Texas/24-008749-003/2024(H5N1)	498	G	A	3	3	34	26406	12127	38	0.999811	26411	0	TRUE	NP:cds-XAJ25419.1	CTG	L	CTA	L	166
NP|PP755592.1|A/cattle/Texas/24-008749-003/2024(H5N1)	585	A	G	7258	2863	43	20084	7884	44	0.73444	27346	0	TRUE	NP:cds-XAJ25419.1	CGA	R	CGG	R	195
NP|PP755592.1|A/cattle/Texas/24-008749-003/2024(H5N1)	870	C	T	3	1	46	25115	11551	39	0.999801	25120	0	TRUE	NP:cds-XAJ25419.1	GAC	D	GAT	D	290
NP|PP755592.1|A/cattle/Texas/24-008749-003/2024(H5N1)	1014	T	C	1	1	34	27234	14665	41	0.999927	27236	0	TRUE	NP:cds-XAJ25419.1	TTT	F	TTC	F	338
NP|PP755592.1|A/cattle/Texas/24-008749-003/2024(H5N1)	1092	G	A	4	2	34	28403	13344	42	0.999789	28409	0	TRUE	NP:cds-XAJ25419.1	CAG	Q	CAA	Q	364
NP|PP755592.1|A/cattle/Texas/24-008749-003/2024(H5N1)	1128	C	T	28716	14571	42	1437	856	40	0.0476569	30153	0	TRUE	NP:cds-XAJ25419.1	TCC	S	TCT	S	376
NP|PP755592.1|A/cattle/Texas/24-008749-003/2024(H5N1)	1336	A	G	28801	15593	44	2757	1809	38	0.0873519	31562	0	TRUE	NP:cds-XAJ25419.1	AGG	R	GGG	G	446
NP|PP755592.1|A/cattle/Texas/24-008749-003/2024(H5N1)	1455	A	G	20638	17420	43	581	505	42	0.0273798	21220	1.56272e-210	TRUE	NP:cds-XAJ25419.1	GGA	G	GGG	G	485
