REGION	POS	REF	ALT	REF_DP	REF_RV	REF_QUAL	ALT_DP	ALT_RV	ALT_QUAL	ALT_FREQ	TOTAL_DP	PVAL	PASS	GFF_FEATURE	REF_CODON	REF_AA	ALT_CODON	ALT_AA	POS_AA
PB1|PP755595.1|A/cattle/Texas/24-008749-003/2024(H5N1)	465	T	C	0	0	0	2094	840	33	1	2094	0	TRUE	PB1:cds-XAJ25424.1	CTT	L	CTC	L	155
PB1|PP755595.1|A/cattle/Texas/24-008749-003/2024(H5N1)	945	T	C	36	24	33	2158	1226	33	0.983592	2194	0	TRUE	PB1:cds-XAJ25424.1	CCT	P	CCC	P	315
PB1|PP755595.1|A/cattle/Texas/24-008749-003/2024(H5N1)	1563	A	G	6	4	34	3102	1810	33	0.997748	3109	0	TRUE	PB1:cds-XAJ25424.1	GCA	A	GCG	A	521
PB1|PP755595.1|A/cattle/Texas/24-008749-003/2024(H5N1)	1689	A	G	0	0	0	3067	1228	33	1	3067	0	TRUE	PB1:cds-XAJ25424.1	AGA	R	AGG	R	563
