REGION	POS	REF	ALT	REF_DP	REF_RV	REF_QUAL	ALT_DP	ALT_RV	ALT_QUAL	ALT_FREQ	TOTAL_DP	PVAL	PASS	GFF_FEATURE	REF_CODON	REF_AA	ALT_CODON	ALT_AA	POS_AA
NA|PP755591.1|A/cattle/Texas/24-008749-003/2024(H5N1)	24	A	G	112	30	50	2	0	35	0.0175439	114	0.0331368	FALSE	NA:cds-XAJ25418.1	ACA	T	ACG	T	8
NA|PP755591.1|A/cattle/Texas/24-008749-003/2024(H5N1)	199	A	G	0	0	0	884	338	60	1	884	0	TRUE	NA:cds-XAJ25418.1	ATC	I	GTC	V	67
NA|PP755591.1|A/cattle/Texas/24-008749-003/2024(H5N1)	212	G	A	2	1	57	894	380	61	0.997768	896	0	TRUE	NA:cds-XAJ25418.1	AGT	S	AAT	N	71
NA|PP755591.1|A/cattle/Texas/24-008749-003/2024(H5N1)	711	C	T	0	0	0	831	436	58	1	831	0	TRUE	NA:cds-XAJ25418.1	TCC	S	TCT	S	237
NA|PP755591.1|A/cattle/Texas/24-008749-003/2024(H5N1)	865	A	-TG	835	429	52	14	0	20	0.0101892	1374	0.103441	FALSE	NA	NA	NA	NA	NA	NA
NA|PP755591.1|A/cattle/Texas/24-008749-003/2024(H5N1)	927	T	C	0	0	0	778	395	55	0.998716	779	0	TRUE	NA:cds-XAJ25418.1	AAT	N	AAC	N	309
NA|PP755591.1|A/cattle/Texas/24-008749-003/2024(H5N1)	1017	C	T	0	0	0	794	387	56	1	794	0	TRUE	NA:cds-XAJ25418.1	CCC	P	CCT	P	339
NA|PP755591.1|A/cattle/Texas/24-008749-003/2024(H5N1)	1149	G	T	0	0	0	795	444	62	0.997491	797	0	TRUE	NA:cds-XAJ25418.1	ACG	T	ACT	T	383
