REGION	POS	REF	ALT	REF_DP	REF_RV	REF_QUAL	ALT_DP	ALT_RV	ALT_QUAL	ALT_FREQ	TOTAL_DP	PVAL	PASS	GFF_FEATURE	REF_CODON	REF_AA	ALT_CODON	ALT_AA	POS_AA
PB1|PP755595.1|A/cattle/Texas/24-008749-003/2024(H5N1)	252	A	G	8	1	37	2	2	34	0.2	10	0.236842	FALSE	PB1:cds-XAJ25424.1	CAA	Q	CAG	Q	84
PB1|PP755595.1|A/cattle/Texas/24-008749-003/2024(H5N1)	252	A	G	8	1	37	2	2	34	0.2	10	0.236842	FALSE	PB1-F2:cds-XAJ25425.1	AAA	K	AGA	R	53
PB1|PP755595.1|A/cattle/Texas/24-008749-003/2024(H5N1)	345	A	G	13	8	34	1	0	26	0.0714286	14	0.5	FALSE	PB1:cds-XAJ25424.1	CAA	Q	CAG	Q	115
PB1|PP755595.1|A/cattle/Texas/24-008749-003/2024(H5N1)	345	A	G	13	8	34	1	0	26	0.0714286	14	0.5	FALSE	PB1-F2:cds-XAJ25425.1	AAC	N	AGC	S	84
PB1|PP755595.1|A/cattle/Texas/24-008749-003/2024(H5N1)	381	G	C	15	6	34	1	0	34	0.0625	16	0.5	FALSE	PB1:cds-XAJ25424.1	CAG	Q	CAC	H	127
PB1|PP755595.1|A/cattle/Texas/24-008749-003/2024(H5N1)	490	A	G	16	6	42	1	1	34	0.0588235	17	0.459459	FALSE	PB1:cds-XAJ25424.1	ATA	I	GTA	V	164
PB1|PP755595.1|A/cattle/Texas/24-008749-003/2024(H5N1)	945	T	C	0	0	0	14	9	33	1	14	1.22129e-09	TRUE	PB1:cds-XAJ25424.1	CCT	P	CCC	P	315
PB1|PP755595.1|A/cattle/Texas/24-008749-003/2024(H5N1)	1031	T	A	22	5	34	1	0	26	0.0434783	23	0.489362	FALSE	PB1:cds-XAJ25424.1	TTC	F	TAC	Y	344
PB1|PP755595.1|A/cattle/Texas/24-008749-003/2024(H5N1)	1240	A	T	31	12	34	1	0	26	0.03125	32	0.5	FALSE	PB1:cds-XAJ25424.1	ATG	M	TTG	L	414
PB1|PP755595.1|A/cattle/Texas/24-008749-003/2024(H5N1)	1241	T	A	31	12	34	1	0	26	0.03125	32	0.5	FALSE	PB1:cds-XAJ25424.1	ATG	M	AAG	K	414
PB1|PP755595.1|A/cattle/Texas/24-008749-003/2024(H5N1)	1292	A	G	36	16	36	1	0	34	0.027027	37	0.474359	FALSE	PB1:cds-XAJ25424.1	TAC	Y	TGC	C	431
PB1|PP755595.1|A/cattle/Texas/24-008749-003/2024(H5N1)	1321	C	A	40	17	37	1	0	26	0.0243902	41	0.482353	FALSE	PB1:cds-XAJ25424.1	CTA	L	ATA	I	441
PB1|PP755595.1|A/cattle/Texas/24-008749-003/2024(H5N1)	1380	A	G	38	15	33	1	0	34	0.025641	39	0.312	FALSE	PB1:cds-XAJ25424.1	CAA	Q	CAG	Q	460
PB1|PP755595.1|A/cattle/Texas/24-008749-003/2024(H5N1)	1629	A	G	376	157	36	6	3	39	0.0157068	382	0.0103827	FALSE	PB1:cds-XAJ25424.1	ACA	T	ACG	T	543
PB1|PP755595.1|A/cattle/Texas/24-008749-003/2024(H5N1)	1952	C	T	559	307	35	9	6	34	0.0158451	568	0.000993294	TRUE	PB1:cds-XAJ25424.1	CCA	P	CTA	L	651
