REGION	POS	REF	ALT	REF_DP	REF_RV	REF_QUAL	ALT_DP	ALT_RV	ALT_QUAL	ALT_FREQ	TOTAL_DP	PVAL	PASS	GFF_FEATURE	REF_CODON	REF_AA	ALT_CODON	ALT_AA	POS_AA
PA|PP755594.1|A/cattle/Texas/24-008749-003/2024(H5N1)	211	T	C	1554	951	38	983	561	39	0.387313	2538	0	TRUE	PA:cds-XAJ25422.1	TTA	L	CTA	L	71
PA|PP755594.1|A/cattle/Texas/24-008749-003/2024(H5N1)	211	T	C	1554	951	38	983	561	39	0.387313	2538	0	TRUE	PA-X:cds-XAJ25423.1	TTA	L	CTA	L	71
PA|PP755594.1|A/cattle/Texas/24-008749-003/2024(H5N1)	252	A	G	0	0	0	2595	1556	38	0.999615	2596	0	TRUE	PA:cds-XAJ25422.1	CGA	R	CGG	R	84
PA|PP755594.1|A/cattle/Texas/24-008749-003/2024(H5N1)	252	A	G	0	0	0	2595	1556	38	0.999615	2596	0	TRUE	PA-X:cds-XAJ25423.1	CGA	R	CGG	R	84
PA|PP755594.1|A/cattle/Texas/24-008749-003/2024(H5N1)	981	G	A	0	0	0	2464	915	38	0.999189	2466	0	TRUE	PA:cds-XAJ25422.1	GAG	E	GAA	E	327
PA|PP755594.1|A/cattle/Texas/24-008749-003/2024(H5N1)	984	A	G	30	26	29	2472	919	38	0.98801	2502	0	TRUE	PA:cds-XAJ25422.1	AAA	K	AAG	K	328
PA|PP755594.1|A/cattle/Texas/24-008749-003/2024(H5N1)	1025	T	G	1	1	26	2496	1008	40	0.9984	2500	0	TRUE	PA:cds-XAJ25422.1	CTG	L	CGG	R	342
PA|PP755594.1|A/cattle/Texas/24-008749-003/2024(H5N1)	1101	G	A	2526	1600	38	224	132	37	0.0813953	2752	7.89006e-74	TRUE	PA:cds-XAJ25422.1	AAG	K	AAA	K	367
PA|PP755594.1|A/cattle/Texas/24-008749-003/2024(H5N1)	1111	G	T	2623	1574	37	32	16	35	0.0120482	2656	1.33668e-08	TRUE	PA:cds-XAJ25422.1	GGT	G	TGT	C	371
PA|PP755594.1|A/cattle/Texas/24-008749-003/2024(H5N1)	1294	G	A	1	1	34	2707	1462	41	0.998893	2710	0	TRUE	PA:cds-XAJ25422.1	GTT	V	ATT	I	432
PA|PP755594.1|A/cattle/Texas/24-008749-003/2024(H5N1)	1452	A	G	0	0	0	2578	917	38	0.999612	2579	0	TRUE	PA:cds-XAJ25422.1	CCA	P	CCG	P	484
PA|PP755594.1|A/cattle/Texas/24-008749-003/2024(H5N1)	1608	A	G	0	0	0	2745	1649	37	1	2745	0	TRUE	PA:cds-XAJ25422.1	AAA	K	AAG	K	536
PA|PP755594.1|A/cattle/Texas/24-008749-003/2024(H5N1)	1918	T	C	2687	1560	37	58	28	35	0.0211063	2748	8.9034e-17	TRUE	PA:cds-XAJ25422.1	TTG	L	CTG	L	640
PA|PP755594.1|A/cattle/Texas/24-008749-003/2024(H5N1)	1974	T	C	0	0	0	2755	1452	37	1	2755	0	TRUE	PA:cds-XAJ25422.1	TTT	F	TTC	F	658
