REGION	POS	REF	ALT	REF_DP	REF_RV	REF_QUAL	ALT_DP	ALT_RV	ALT_QUAL	ALT_FREQ	TOTAL_DP	PVAL	PASS	GFF_FEATURE	REF_CODON	REF_AA	ALT_CODON	ALT_AA	POS_AA
PB1|PP755595.1|A/cattle/Texas/24-008749-003/2024(H5N1)	348	A	G	775	494	37	11	6	33	0.0139949	786	0.000234018	TRUE	PB1:cds-XAJ25424.1	CAA	Q	CAG	Q	116
PB1|PP755595.1|A/cattle/Texas/24-008749-003/2024(H5N1)	348	A	G	775	494	37	11	6	33	0.0139949	786	0.000234018	TRUE	PB1-F2:cds-XAJ25425.1	AAA	K	AGA	R	85
PB1|PP755595.1|A/cattle/Texas/24-008749-003/2024(H5N1)	632	G	A	706	334	35	91	42	34	0.114178	797	6.7599e-32	TRUE	PB1:cds-XAJ25424.1	AGG	R	AAG	K	211
PB1|PP755595.1|A/cattle/Texas/24-008749-003/2024(H5N1)	705	A	G	758	359	34	28	9	34	0.0356234	786	2.26219e-10	TRUE	PB1:cds-XAJ25424.1	AAA	K	AAG	K	235
PB1|PP755595.1|A/cattle/Texas/24-008749-003/2024(H5N1)	807	T	C	687	339	34	26	14	37	0.0364656	713	1.65496e-09	TRUE	PB1:cds-XAJ25424.1	TCT	S	TCC	S	269
PB1|PP755595.1|A/cattle/Texas/24-008749-003/2024(H5N1)	945	T	C	0	0	0	851	548	35	1	851	0	TRUE	PB1:cds-XAJ25424.1	CCT	P	CCC	P	315
PB1|PP755595.1|A/cattle/Texas/24-008749-003/2024(H5N1)	1058	A	G	633	245	36	312	152	35	0.330159	945	2.29803e-114	TRUE	PB1:cds-XAJ25424.1	AAA	K	AGA	R	353
PB1|PP755595.1|A/cattle/Texas/24-008749-003/2024(H5N1)	1185	T	C	832	457	36	10	8	41	0.0118765	842	0.000419907	TRUE	PB1:cds-XAJ25424.1	CTT	L	CTC	L	395
PB1|PP755595.1|A/cattle/Texas/24-008749-003/2024(H5N1)	1827	C	T	1809	1037	36	855	489	37	0.320946	2664	4.50127e-314	TRUE	PB1:cds-XAJ25424.1	GTC	V	GTT	V	609
PB1|PP755595.1|A/cattle/Texas/24-008749-003/2024(H5N1)	2103	T	C	2166	1271	38	68	44	36	0.0304251	2235	1.62914e-21	TRUE	PB1:cds-XAJ25424.1	CCT	P	CCC	P	701
PB1|PP755595.1|A/cattle/Texas/24-008749-003/2024(H5N1)	2199	A	G	2138	1972	38	63	55	38	0.0286234	2201	1.08332e-19	TRUE	PB1:cds-XAJ25424.1	GGA	G	GGG	G	733
