REGION	POS	REF	ALT	REF_DP	REF_RV	REF_QUAL	ALT_DP	ALT_RV	ALT_QUAL	ALT_FREQ	TOTAL_DP	PVAL	PASS	GFF_FEATURE	REF_CODON	REF_AA	ALT_CODON	ALT_AA	POS_AA
PB2|PP755596.1|A/cattle/Texas/24-008749-003/2024(H5N1)	6	G	T	226	54	37	4	0	29	0.0173913	230	0.211666	FALSE	PB2:cds-XAJ25426.1	GAG	E	GAT	D	2
PB2|PP755596.1|A/cattle/Texas/24-008749-003/2024(H5N1)	240	G	A	1	1	34	2680	1602	40	0.999627	2681	0	TRUE	PB2:cds-XAJ25426.1	AAG	K	AAA	K	80
PB2|PP755596.1|A/cattle/Texas/24-008749-003/2024(H5N1)	358	G	A	2033	1020	44	463	253	43	0.185497	2496	3.25035e-185	TRUE	PB2:cds-XAJ25426.1	GAA	E	AAA	K	120
PB2|PP755596.1|A/cattle/Texas/24-008749-003/2024(H5N1)	630	G	A	1	0	68	2557	1480	39	0.999609	2558	0	TRUE	PB2:cds-XAJ25426.1	GAG	E	GAA	E	210
PB2|PP755596.1|A/cattle/Texas/24-008749-003/2024(H5N1)	764	C	T	0	0	0	2774	1262	41	1	2774	0	TRUE	PB2:cds-XAJ25426.1	GCA	A	GTA	V	255
PB2|PP755596.1|A/cattle/Texas/24-008749-003/2024(H5N1)	912	G	A	0	0	0	2907	1465	41	1	2907	0	TRUE	PB2:cds-XAJ25426.1	GAG	E	GAA	E	304
PB2|PP755596.1|A/cattle/Texas/24-008749-003/2024(H5N1)	1245	A	G	2957	1280	39	30	11	39	0.0100435	2987	4.84252e-08	TRUE	PB2:cds-XAJ25426.1	CGA	R	CGG	R	415
PB2|PP755596.1|A/cattle/Texas/24-008749-003/2024(H5N1)	1392	G	A	0	0	0	3121	2103	41	0.99968	3122	0	TRUE	PB2:cds-XAJ25426.1	TTG	L	TTA	L	464
PB2|PP755596.1|A/cattle/Texas/24-008749-003/2024(H5N1)	2009	A	G	3	2	56	3526	1808	43	0.99915	3529	0	TRUE	PB2:cds-XAJ25426.1	AAA	K	AGA	R	670
