REGION	POS	REF	ALT	REF_DP	REF_RV	REF_QUAL	ALT_DP	ALT_RV	ALT_QUAL	ALT_FREQ	TOTAL_DP	PVAL	PASS	GFF_FEATURE	REF_CODON	REF_AA	ALT_CODON	ALT_AA	POS_AA
MP|PP755590.1|A/cattle/Texas/24-008749-003/2024(H5N1)	216	A	G	26	10	34	59814	24746	33	0.999482	59845	0	TRUE	M1:cds-XAJ25416.1	CGA	R	CGG	R	72
MP|PP755590.1|A/cattle/Texas/24-008749-003/2024(H5N1)	348	A	G	28	13	33	66692	34070	33	0.999565	66721	0	TRUE	M1:cds-XAJ25416.1	GCA	A	GCG	A	116
MP|PP755590.1|A/cattle/Texas/24-008749-003/2024(H5N1)	564	T	C	28	16	32	70719	34411	33	0.999548	70751	0	TRUE	M1:cds-XAJ25416.1	GCT	A	GCC	A	188
MP|PP755590.1|A/cattle/Texas/24-008749-003/2024(H5N1)	639	G	A	35	15	33	67813	32436	33	0.99944	67851	0	TRUE	M1:cds-XAJ25416.1	GTG	V	GTA	V	213
MP|PP755590.1|A/cattle/Texas/24-008749-003/2024(H5N1)	771	T	C	11	6	34	66495	33725	33	0.999805	66508	0	TRUE	M2:cds-XAJ25417.1	ATT	I	ACT	T	19
