REGION	POS	REF	ALT	REF_DP	REF_RV	REF_QUAL	ALT_DP	ALT_RV	ALT_QUAL	ALT_FREQ	TOTAL_DP	PVAL	PASS	GFF_FEATURE	REF_CODON	REF_AA	ALT_CODON	ALT_AA	POS_AA
HA|PP755589.1|A/cattle/Texas/24-008749-003/2024(H5N1)	5	A	G	92	6	35	1	0	34	0.0107527	93	0.1	FALSE	HA:cds-XAJ25415.1	GAG	E	GGG	G	2
HA|PP755589.1|A/cattle/Texas/24-008749-003/2024(H5N1)	311	A	G	1	0	34	1541	709	37	0.999351	1542	0	TRUE	HA:cds-XAJ25415.1	GAC	D	GGC	G	104
HA|PP755589.1|A/cattle/Texas/24-008749-003/2024(H5N1)	439	G	A	4	0	68	1650	928	39	0.996979	1655	0	TRUE	HA:cds-XAJ25415.1	GTG	V	ATG	M	147
HA|PP755589.1|A/cattle/Texas/24-008749-003/2024(H5N1)	511	G	A	1576	927	37	21	11	35	0.0131497	1597	1.40065e-06	TRUE	HA:cds-XAJ25415.1	GAT	D	AAT	N	171
HA|PP755589.1|A/cattle/Texas/24-008749-003/2024(H5N1)	651	G	A	6	2	39	1728	691	37	0.99654	1734	0	TRUE	HA:cds-XAJ25415.1	GGG	G	GGA	G	217
HA|PP755589.1|A/cattle/Texas/24-008749-003/2024(H5N1)	675	G	A	1	1	34	1683	706	36	0.998813	1685	0	TRUE	HA:cds-XAJ25415.1	TTG	L	TTA	L	225
HA|PP755589.1|A/cattle/Texas/24-008749-003/2024(H5N1)	1007	G	A	2	1	51	1892	1025	39	0.998944	1894	0	TRUE	HA:cds-XAJ25415.1	AGT	S	AAT	N	336
HA|PP755589.1|A/cattle/Texas/24-008749-003/2024(H5N1)	1052	T	A	1890	1145	39	63	10	36	0.0322416	1954	1.84138e-20	TRUE	HA:cds-XAJ25415.1	ATA	I	AAA	K	351
HA|PP755589.1|A/cattle/Texas/24-008749-003/2024(H5N1)	1158	C	T	11	2	43	7933	1235	38	0.99849	7945	0	TRUE	HA:cds-XAJ25415.1	ACC	T	ACT	T	386
