REGION	POS	REF	ALT	REF_DP	REF_RV	REF_QUAL	ALT_DP	ALT_RV	ALT_QUAL	ALT_FREQ	TOTAL_DP	PVAL	PASS	GFF_FEATURE	REF_CODON	REF_AA	ALT_CODON	ALT_AA	POS_AA
NP|PP755592.1|A/cattle/Texas/24-008749-003/2024(H5N1)	355	A	G	5	2	30	9871	5566	29	0.999494	9876	0	TRUE	NP:cds-XAJ25419.1	ATT	I	GTT	V	119
NP|PP755592.1|A/cattle/Texas/24-008749-003/2024(H5N1)	414	T	C	10592	6367	29	201	109	30	0.0186146	10798	4.76851e-48	TRUE	NP:cds-XAJ25419.1	ATT	I	ATC	I	138
NP|PP755592.1|A/cattle/Texas/24-008749-003/2024(H5N1)	498	G	A	11	3	30	9709	4313	29	0.998047	9728	0	TRUE	NP:cds-XAJ25419.1	CTG	L	CTA	L	166
NP|PP755592.1|A/cattle/Texas/24-008749-003/2024(H5N1)	870	C	T	24	9	30	9490	4825	29	0.996639	9522	0	TRUE	NP:cds-XAJ25419.1	GAC	D	GAT	D	290
NP|PP755592.1|A/cattle/Texas/24-008749-003/2024(H5N1)	1014	T	C	7	2	30	9534	4892	29	0.998743	9546	0	TRUE	NP:cds-XAJ25419.1	TTT	F	TTC	F	338
NP|PP755592.1|A/cattle/Texas/24-008749-003/2024(H5N1)	1092	G	A	18	6	30	10392	5070	29	0.997792	10415	0	TRUE	NP:cds-XAJ25419.1	CAG	Q	CAA	Q	364
