REGION	POS	REF	ALT	REF_DP	REF_RV	REF_QUAL	ALT_DP	ALT_RV	ALT_QUAL	ALT_FREQ	TOTAL_DP	PVAL	PASS	GFF_FEATURE	REF_CODON	REF_AA	ALT_CODON	ALT_AA	POS_AA
NA|PP755591.1|A/cattle/Texas/24-008749-003/2024(H5N1)	8	C	A	26	7	34	1	0	34	0.037037	27	0.137056	FALSE	NA:cds-XAJ25418.1	CCA	P	CAA	Q	3
NA|PP755591.1|A/cattle/Texas/24-008749-003/2024(H5N1)	22	A	G	56	20	34	1	0	34	0.0172414	58	0.215094	FALSE	NA:cds-XAJ25418.1	ACA	T	GCA	A	8
NA|PP755591.1|A/cattle/Texas/24-008749-003/2024(H5N1)	22	A	C	56	20	34	1	0	34	0.0172414	58	0.215094	FALSE	NA:cds-XAJ25418.1	ACA	T	CCA	P	8
NA|PP755591.1|A/cattle/Texas/24-008749-003/2024(H5N1)	118	A	C	270	118	32	3	0	34	0.010989	273	0.0469448	FALSE	NA:cds-XAJ25418.1	ACA	T	CCA	P	40
NA|PP755591.1|A/cattle/Texas/24-008749-003/2024(H5N1)	220	T	C	492	243	32	6	2	32	0.0120482	498	0.0112672	FALSE	NA:cds-XAJ25418.1	TTT	F	CTT	L	74
NA|PP755591.1|A/cattle/Texas/24-008749-003/2024(H5N1)	571	T	C	0	0	0	499	270	33	1	499	5.7464e-309	TRUE	NA:cds-XAJ25418.1	TTG	L	CTG	L	191
NA|PP755591.1|A/cattle/Texas/24-008749-003/2024(H5N1)	572	T	C	498	261	33	6	4	34	0.0119048	504	0.0131303	FALSE	NA:cds-XAJ25418.1	TTG	L	TCG	S	191
NA|PP755591.1|A/cattle/Texas/24-008749-003/2024(H5N1)	891	T	C	484	238	33	6	2	34	0.0122449	490	0.011274	FALSE	NA:cds-XAJ25418.1	CAT	H	CAC	H	297
NA|PP755591.1|A/cattle/Texas/24-008749-003/2024(H5N1)	922	C	T	538	287	33	8	4	34	0.014652	546	0.00260236	TRUE	NA:cds-XAJ25418.1	CAA	Q	TAA	*	308
NA|PP755591.1|A/cattle/Texas/24-008749-003/2024(H5N1)	1031	A	G	478	196	33	85	37	33	0.150977	563	1.57518e-30	TRUE	NA:cds-XAJ25418.1	TAT	Y	TGT	C	344
NA|PP755591.1|A/cattle/Texas/24-008749-003/2024(H5N1)	1185	A	G	0	0	0	595	340	33	1	595	0	TRUE	NA:cds-XAJ25418.1	GAA	E	GAG	E	395
NA|PP755591.1|A/cattle/Texas/24-008749-003/2024(H5N1)	1289	G	C	404	142	32	14	14	27	0.0334129	419	0.00461848	TRUE	NA:cds-XAJ25418.1	AGG	R	ACG	T	430
NA|PP755591.1|A/cattle/Texas/24-008749-003/2024(H5N1)	1290	G	C	448	193	32	5	5	29	0.0110132	454	0.490779	FALSE	NA:cds-XAJ25418.1	AGG	R	AGC	S	430
NA|PP755591.1|A/cattle/Texas/24-008749-003/2024(H5N1)	1383	T	-GA	359	281	33	5	0	20	0.0128535	389	0.328101	FALSE	NA	NA	NA	NA	NA	NA
