REGION	POS	REF	ALT	REF_DP	REF_RV	REF_QUAL	ALT_DP	ALT_RV	ALT_QUAL	ALT_FREQ	TOTAL_DP	PVAL	PASS	GFF_FEATURE	REF_CODON	REF_AA	ALT_CODON	ALT_AA	POS_AA
PA|PP755594.1|A/cattle/Texas/24-008749-003/2024(H5N1)	13	G	A	287	14	36	3	0	34	0.0103448	290	0.0108934	FALSE	PA:cds-XAJ25422.1	GTG	V	ATG	M	5
PA|PP755594.1|A/cattle/Texas/24-008749-003/2024(H5N1)	13	G	A	287	14	36	3	0	34	0.0103448	290	0.0108934	FALSE	PA-X:cds-XAJ25423.1	GTG	V	ATG	M	5
PA|PP755594.1|A/cattle/Texas/24-008749-003/2024(H5N1)	981	G	A	0	0	0	3121	1103	37	1	3121	0	TRUE	PA:cds-XAJ25422.1	GAG	E	GAA	E	327
PA|PP755594.1|A/cattle/Texas/24-008749-003/2024(H5N1)	1294	G	A	0	0	0	3562	1828	39	0.999719	3563	0	TRUE	PA:cds-XAJ25422.1	GTT	V	ATT	I	432
