REGION	POS	REF	ALT	REF_DP	REF_RV	REF_QUAL	ALT_DP	ALT_RV	ALT_QUAL	ALT_FREQ	TOTAL_DP	PVAL	PASS	GFF_FEATURE	REF_CODON	REF_AA	ALT_CODON	ALT_AA	POS_AA
NA|PP755591.1|A/cattle/Texas/24-008749-003/2024(H5N1)	21	A	G	680	54	36	16	0	33	0.0229885	696	4.78899e-10	TRUE	NA:cds-XAJ25418.1	ATA	I	ATG	M	7
NA|PP755591.1|A/cattle/Texas/24-008749-003/2024(H5N1)	239	T	C	6742	2798	37	77	21	37	0.0112854	6823	8.60573e-19	TRUE	NA:cds-XAJ25418.1	GTT	V	GCT	A	80
NA|PP755591.1|A/cattle/Texas/24-008749-003/2024(H5N1)	250	A	G	6262	2831	36	232	87	36	0.0357143	6496	5.49296e-68	TRUE	NA:cds-XAJ25418.1	ACA	T	GCA	A	84
NA|PP755591.1|A/cattle/Texas/24-008749-003/2024(H5N1)	257	C	A	6461	2919	36	67	45	35	0.0102509	6536	9.99232e-16	TRUE	NA:cds-XAJ25418.1	GCG	A	GAG	E	86
NA|PP755591.1|A/cattle/Texas/24-008749-003/2024(H5N1)	327	G	T	6261	2820	36	1567	656	35	0.200128	7830	0	TRUE	NA:cds-XAJ25418.1	GGG	G	GGT	G	109
NA|PP755591.1|A/cattle/Texas/24-008749-003/2024(H5N1)	571	T	C	0	0	0	8315	3924	35	0.99976	8317	0	TRUE	NA:cds-XAJ25418.1	TTG	L	CTG	L	191
NA|PP755591.1|A/cattle/Texas/24-008749-003/2024(H5N1)	817	A	G	8771	5110	35	506	334	36	0.0545024	9284	5.09162e-152	TRUE	NA:cds-XAJ25418.1	AAT	N	GAT	D	273
NA|PP755591.1|A/cattle/Texas/24-008749-003/2024(H5N1)	833	A	G	8846	4982	36	123	79	37	0.0137063	8974	1.53606e-29	TRUE	NA:cds-XAJ25418.1	GAA	E	GGA	G	278
NA|PP755591.1|A/cattle/Texas/24-008749-003/2024(H5N1)	1165	G	A	6754	4093	36	302	178	35	0.0428005	7056	7.83776e-89	TRUE	NA:cds-XAJ25418.1	GTG	V	ATG	M	389
NA|PP755591.1|A/cattle/Texas/24-008749-003/2024(H5N1)	1185	A	G	2	1	34	6254	4115	35	0.99968	6256	0	TRUE	NA:cds-XAJ25418.1	GAA	E	GAG	E	395
NA|PP755591.1|A/cattle/Texas/24-008749-003/2024(H5N1)	1289	G	C	3401	2534	37	38	38	27	0.0110465	3440	0.320735	FALSE	NA:cds-XAJ25418.1	AGG	R	ACG	T	430
NA|PP755591.1|A/cattle/Texas/24-008749-003/2024(H5N1)	1303	A	G	5422	4926	39	260	240	38	0.0457505	5683	3.70485e-82	TRUE	NA:cds-XAJ25418.1	ACA	T	GCA	A	435
NA|PP755591.1|A/cattle/Texas/24-008749-003/2024(H5N1)	1397	C	T	2229	2147	35	105	102	36	0.0449871	2334	6.14972e-32	TRUE	NA:cds-XAJ25418.1	ACC	T	ATC	I	466
