REGION	POS	REF	ALT	REF_DP	REF_RV	REF_QUAL	ALT_DP	ALT_RV	ALT_QUAL	ALT_FREQ	TOTAL_DP	PVAL	PASS	GFF_FEATURE	REF_CODON	REF_AA	ALT_CODON	ALT_AA	POS_AA
NP|PP755592.1|A/cattle/Texas/24-008749-003/2024(H5N1)	43	A	G	580	126	35	6	1	34	0.0102389	586	0.00157196	TRUE	NP:cds-XAJ25419.1	ACT	T	GCT	A	15
NP|PP755592.1|A/cattle/Texas/24-008749-003/2024(H5N1)	355	A	G	2	1	40	3065	1591	37	0.999348	3067	0	TRUE	NP:cds-XAJ25419.1	ATT	I	GTT	V	119
NP|PP755592.1|A/cattle/Texas/24-008749-003/2024(H5N1)	373	A	G	3232	1843	38	45	25	34	0.0137279	3278	4.35466e-12	TRUE	NP:cds-XAJ25419.1	AAT	N	GAT	D	125
NP|PP755592.1|A/cattle/Texas/24-008749-003/2024(H5N1)	405	C	T	3383	1880	37	119	75	34	0.0339709	3503	7.00401e-35	TRUE	NP:cds-XAJ25419.1	CAC	H	CAT	H	135
NP|PP755592.1|A/cattle/Texas/24-008749-003/2024(H5N1)	418	C	T	3363	1947	37	46	24	34	0.0134937	3409	8.54948e-13	TRUE	NP:cds-XAJ25419.1	CAT	H	TAT	Y	140
NP|PP755592.1|A/cattle/Texas/24-008749-003/2024(H5N1)	498	G	A	1	1	34	3375	1461	35	0.999704	3376	0	TRUE	NP:cds-XAJ25419.1	CTG	L	CTA	L	166
NP|PP755592.1|A/cattle/Texas/24-008749-003/2024(H5N1)	870	C	T	0	0	0	3414	1608	36	1	3414	0	TRUE	NP:cds-XAJ25419.1	GAC	D	GAT	D	290
NP|PP755592.1|A/cattle/Texas/24-008749-003/2024(H5N1)	1014	T	C	0	0	0	3387	1844	37	1	3387	0	TRUE	NP:cds-XAJ25419.1	TTT	F	TTC	F	338
NP|PP755592.1|A/cattle/Texas/24-008749-003/2024(H5N1)	1092	G	A	0	0	0	3455	1785	37	1	3455	0	TRUE	NP:cds-XAJ25419.1	CAG	Q	CAA	Q	364
