REGION	POS	REF	ALT	REF_DP	REF_RV	REF_QUAL	ALT_DP	ALT_RV	ALT_QUAL	ALT_FREQ	TOTAL_DP	PVAL	PASS	GFF_FEATURE	REF_CODON	REF_AA	ALT_CODON	ALT_AA	POS_AA
NS|PP755593.1|A/cattle/Texas/24-008749-003/2024(H5N1)	199	A	G	7	3	31	29368	12897	33	0.999694	29377	0	TRUE	NS1:cds-XAJ25420.1	AGG	R	GGG	G	67
NS|PP755593.1|A/cattle/Texas/24-008749-003/2024(H5N1)	222	T	C	10	5	34	32169	16124	33	0.999689	32179	0	TRUE	NS1:cds-XAJ25420.1	GAT	D	GAC	D	74
NS|PP755593.1|A/cattle/Texas/24-008749-003/2024(H5N1)	626	A	G	9	5	34	29064	15812	33	0.999656	29074	0	TRUE	NEP:cds-XAJ25421.1	ATG	M	GTG	V	42
NS|PP755593.1|A/cattle/Texas/24-008749-003/2024(H5N1)	626	A	G	9	5	34	29064	15812	33	0.999656	29074	0	TRUE	NS1:cds-XAJ25420.1	GAT	D	GGT	G	209
NS|PP755593.1|A/cattle/Texas/24-008749-003/2024(H5N1)	716	G	A	32161	25173	33	516	394	31	0.0157885	32682	2.02748e-116	TRUE	NEP:cds-XAJ25421.1	GAA	E	AAA	K	72
