REGION	POS	REF	ALT	REF_DP	REF_RV	REF_QUAL	ALT_DP	ALT_RV	ALT_QUAL	ALT_FREQ	TOTAL_DP	PVAL	PASS	GFF_FEATURE	REF_CODON	REF_AA	ALT_CODON	ALT_AA	POS_AA
MP|PP755590.1|A/cattle/Texas/24-008749-003/2024(H5N1)	245	G	A	8	2	31	7265	2289	39	0.998625	7275	0	TRUE	M1:cds-XAJ25416.1	AGT	S	AAT	N	82
MP|PP755590.1|A/cattle/Texas/24-008749-003/2024(H5N1)	249	C	T	8	1	31	7585	2716	39	0.998683	7595	0	TRUE	M1:cds-XAJ25416.1	GCC	A	GCT	A	83
MP|PP755590.1|A/cattle/Texas/24-008749-003/2024(H5N1)	254	G	A	6	4	31	7421	2724	39	0.999192	7427	0	TRUE	M1:cds-XAJ25416.1	AGT	S	AAT	N	85
MP|PP755590.1|A/cattle/Texas/24-008749-003/2024(H5N1)	260	C	A	2	2	25	7649	2862	39	0.998825	7658	0	TRUE	M1:cds-XAJ25416.1	ACT	T	AAT	N	87
MP|PP755590.1|A/cattle/Texas/24-008749-003/2024(H5N1)	285	A	G	2	0	37	7844	3222	39	0.999745	7846	0	TRUE	M1:cds-XAJ25416.1	AGA	R	AGG	R	95
MP|PP755590.1|A/cattle/Texas/24-008749-003/2024(H5N1)	307	C	T	6	6	32	8356	3963	39	0.998924	8365	0	TRUE	M1:cds-XAJ25416.1	CTG	L	TTG	L	103
MP|PP755590.1|A/cattle/Texas/24-008749-003/2024(H5N1)	408	G	A	10	7	37	9469	4496	39	0.998313	9485	0	TRUE	M1:cds-XAJ25416.1	GGG	G	GGA	G	136
MP|PP755590.1|A/cattle/Texas/24-008749-003/2024(H5N1)	474	G	A	7	2	37	9996	5082	39	0.9993	10003	0	TRUE	M1:cds-XAJ25416.1	CAG	Q	CAA	Q	158
MP|PP755590.1|A/cattle/Texas/24-008749-003/2024(H5N1)	516	G	A	5	3	27	10302	5418	39	0.999515	10307	0	TRUE	M1:cds-XAJ25416.1	CTG	L	CTA	L	172
MP|PP755590.1|A/cattle/Texas/24-008749-003/2024(H5N1)	528	A	G	6	2	31	10503	5631	39	0.999334	10510	0	TRUE	M1:cds-XAJ25416.1	GAA	E	GAG	E	176
MP|PP755590.1|A/cattle/Texas/24-008749-003/2024(H5N1)	540	T	G	0	0	0	10724	5726	39	0.999627	10728	0	TRUE	M1:cds-XAJ25416.1	GTT	V	GTG	V	180
MP|PP755590.1|A/cattle/Texas/24-008749-003/2024(H5N1)	679	A	G	9	5	39	8296	3416	39	0.998916	8305	0	TRUE	M1:cds-XAJ25416.1	ACC	T	GCC	A	227
MP|PP755590.1|A/cattle/Texas/24-008749-003/2024(H5N1)	720	C	T	8	3	32	6415	3634	38	0.998444	6425	0	TRUE	M2:cds-XAJ25417.1	ACC	T	ATC	I	2
MP|PP755590.1|A/cattle/Texas/24-008749-003/2024(H5N1)	720	C	T	8	3	32	6415	3634	38	0.998444	6425	0	TRUE	M1:cds-XAJ25416.1	TAC	Y	TAT	Y	240
MP|PP755590.1|A/cattle/Texas/24-008749-003/2024(H5N1)	766	C	T	4	2	36	6551	4362	40	0.999085	6557	0	TRUE	M2:cds-XAJ25417.1	CTC	L	CTT	L	18
MP|PP755590.1|A/cattle/Texas/24-008749-003/2024(H5N1)	950	A	G	1	1	37	4184	3941	40	0.999761	4185	0	TRUE	M2:cds-XAJ25417.1	AAT	N	GAT	D	79
