REGION	POS	REF	ALT	REF_DP	REF_RV	REF_QUAL	ALT_DP	ALT_RV	ALT_QUAL	ALT_FREQ	TOTAL_DP	PVAL	PASS	GFF_FEATURE	REF_CODON	REF_AA	ALT_CODON	ALT_AA	POS_AA
PB2|PP755588.1|A/cattle/Texas/24-008749-002/2024(H5N1)	746	A	G	3	2	34	6463	2935	33	0.999536	6466	0	TRUE	NA	NA	NA	NA	NA	NA
PB2|PP755588.1|A/cattle/Texas/24-008749-002/2024(H5N1)	1032	G	A	6714	3620	33	76	33	33	0.0111913	6791	2.6185e-17	TRUE	NA	NA	NA	NA	NA	NA
PB2|PP755588.1|A/cattle/Texas/24-008749-002/2024(H5N1)	1242	T	C	0	0	0	6548	2575	33	1	6548	0	TRUE	NA	NA	NA	NA	NA	NA
PB2|PP755588.1|A/cattle/Texas/24-008749-002/2024(H5N1)	1311	C	T	0	0	0	7115	3063	33	1	7115	0	TRUE	NA	NA	NA	NA	NA	NA
