REGION	POS	REF	ALT	REF_DP	REF_RV	REF_QUAL	ALT_DP	ALT_RV	ALT_QUAL	ALT_FREQ	TOTAL_DP	PVAL	PASS	GFF_FEATURE	REF_CODON	REF_AA	ALT_CODON	ALT_AA	POS_AA
NS|PP755593.1|A/cattle/Texas/24-008749-003/2024(H5N1)	98	T	C	9353	1953	41	149	16	35	0.0156793	9503	9.4345e-47	TRUE	NS1:cds-XAJ25420.1	CTT	L	CCT	P	33
NS|PP755593.1|A/cattle/Texas/24-008749-003/2024(H5N1)	129	A	G	11184	4028	44	298	102	45	0.0259537	11482	4.25137e-114	TRUE	NS1:cds-XAJ25420.1	CTA	L	CTG	L	43
NS|PP755593.1|A/cattle/Texas/24-008749-003/2024(H5N1)	156	G	A	12446	5431	42	132	46	43	0.0104945	12578	1.61094e-46	TRUE	NS1:cds-XAJ25420.1	CTG	L	CTA	L	52
NS|PP755593.1|A/cattle/Texas/24-008749-003/2024(H5N1)	199	A	G	3	2	42	12967	6190	40	0.999615	12972	0	TRUE	NS1:cds-XAJ25420.1	AGG	R	GGG	G	67
NS|PP755593.1|A/cattle/Texas/24-008749-003/2024(H5N1)	222	T	C	4	2	42	13018	6956	42	0.999693	13022	0	TRUE	NS1:cds-XAJ25420.1	GAT	D	GAC	D	74
NS|PP755593.1|A/cattle/Texas/24-008749-003/2024(H5N1)	302	A	G	11829	7242	39	222	131	41	0.0184202	12052	4.15934e-80	TRUE	NS1:cds-XAJ25420.1	GAC	D	GGC	G	101
