REGION	POS	REF	ALT	REF_DP	REF_RV	REF_QUAL	ALT_DP	ALT_RV	ALT_QUAL	ALT_FREQ	TOTAL_DP	PVAL	PASS	GFF_FEATURE	REF_CODON	REF_AA	ALT_CODON	ALT_AA	POS_AA
NA|PP755591.1|A/cattle/Texas/24-008749-003/2024(H5N1)	72	G	A	0	0	0	1057	361	54	1	1057	0	TRUE	NA:cds-XAJ25418.1	CTG	L	CTA	L	24
NA|PP755591.1|A/cattle/Texas/24-008749-003/2024(H5N1)	199	A	G	0	0	0	2403	780	57	0.999584	2404	0	TRUE	NA:cds-XAJ25418.1	ATC	I	GTC	V	67
NA|PP755591.1|A/cattle/Texas/24-008749-003/2024(H5N1)	204	C	A	0	0	0	2407	873	57	1	2407	0	TRUE	NA:cds-XAJ25418.1	AAC	N	AAA	K	68
NA|PP755591.1|A/cattle/Texas/24-008749-003/2024(H5N1)	212	G	A	2	0	57	2435	918	60	0.999179	2437	0	TRUE	NA:cds-XAJ25418.1	AGT	S	AAT	N	71
NA|PP755591.1|A/cattle/Texas/24-008749-003/2024(H5N1)	217	A	G	2447	934	61	36	10	63	0.0144986	2483	4.56315e-17	TRUE	NA:cds-XAJ25418.1	AAT	N	GAT	D	73
NA|PP755591.1|A/cattle/Texas/24-008749-003/2024(H5N1)	352	A	G	2720	1193	57	30	10	55	0.0109051	2751	6.55945e-13	TRUE	NA:cds-XAJ25418.1	AGA	R	GGA	G	118
NA|PP755591.1|A/cattle/Texas/24-008749-003/2024(H5N1)	454	A	G	2611	1196	54	240	111	49	0.0841515	2852	4.35409e-99	TRUE	NA:cds-XAJ25418.1	AGA	R	GGA	G	152
NA|PP755591.1|A/cattle/Texas/24-008749-003/2024(H5N1)	487	G	A	1	0	30	2797	1253	55	0.999285	2799	0	TRUE	NA:cds-XAJ25418.1	GTG	V	ATG	M	163
NA|PP755591.1|A/cattle/Texas/24-008749-003/2024(H5N1)	711	C	T	0	0	0	2851	1555	56	1	2851	0	TRUE	NA:cds-XAJ25418.1	TCC	S	TCT	S	237
NA|PP755591.1|A/cattle/Texas/24-008749-003/2024(H5N1)	1103	G	A	3187	1596	58	53	22	51	0.016358	3240	6.57663e-23	TRUE	NA:cds-XAJ25418.1	AGA	R	AAA	K	368
NA|PP755591.1|A/cattle/Texas/24-008749-003/2024(H5N1)	1234	C	A	4	1	32	2668	1718	64	0.998503	2672	0	TRUE	NA:cds-XAJ25418.1	CTG	L	ATG	M	412
