REGION	POS	REF	ALT	REF_DP	REF_RV	REF_QUAL	ALT_DP	ALT_RV	ALT_QUAL	ALT_FREQ	TOTAL_DP	PVAL	PASS	GFF_FEATURE	REF_CODON	REF_AA	ALT_CODON	ALT_AA	POS_AA
PB2|PP755596.1|A/cattle/Texas/24-008749-003/2024(H5N1)	77	A	G	945	180	33	10	1	32	0.0104712	955	0.000197477	TRUE	PB2:cds-XAJ25426.1	GAC	D	GGC	G	26
PB2|PP755596.1|A/cattle/Texas/24-008749-003/2024(H5N1)	172	G	A	1924	739	33	30	8	32	0.0153453	1955	9.74815e-09	TRUE	PB2:cds-XAJ25426.1	GCA	A	ACA	T	58
PB2|PP755596.1|A/cattle/Texas/24-008749-003/2024(H5N1)	240	G	A	1	1	34	1926	957	33	0.999481	1927	0	TRUE	PB2:cds-XAJ25426.1	AAG	K	AAA	K	80
PB2|PP755596.1|A/cattle/Texas/24-008749-003/2024(H5N1)	333	T	C	2243	1137	33	47	23	32	0.020524	2290	1.42191e-12	TRUE	PB2:cds-XAJ25426.1	TAT	Y	TAC	Y	111
PB2|PP755596.1|A/cattle/Texas/24-008749-003/2024(H5N1)	348	A	G	2187	1054	32	45	18	31	0.0201613	2232	5.13118e-12	TRUE	PB2:cds-XAJ25426.1	AAA	K	AAG	K	116
PB2|PP755596.1|A/cattle/Texas/24-008749-003/2024(H5N1)	630	G	A	0	0	0	2093	1160	33	1	2093	0	TRUE	PB2:cds-XAJ25426.1	GAG	E	GAA	E	210
PB2|PP755596.1|A/cattle/Texas/24-008749-003/2024(H5N1)	764	C	T	0	0	0	2188	1080	33	1	2188	0	TRUE	PB2:cds-XAJ25426.1	GCA	A	GTA	V	255
PB2|PP755596.1|A/cattle/Texas/24-008749-003/2024(H5N1)	912	G	A	3	2	34	2040	999	33	0.998532	2043	0	TRUE	PB2:cds-XAJ25426.1	GAG	E	GAA	E	304
PB2|PP755596.1|A/cattle/Texas/24-008749-003/2024(H5N1)	1392	G	A	1	1	34	2304	1503	33	0.999566	2305	0	TRUE	PB2:cds-XAJ25426.1	TTG	L	TTA	L	464
PB2|PP755596.1|A/cattle/Texas/24-008749-003/2024(H5N1)	1461	A	G	2079	1160	33	27	18	34	0.0128205	2106	7.37722e-07	TRUE	PB2:cds-XAJ25426.1	GAA	E	GAG	E	487
PB2|PP755596.1|A/cattle/Texas/24-008749-003/2024(H5N1)	1629	G	A	2105	1237	33	112	64	33	0.0505187	2217	5.54215e-32	TRUE	PB2:cds-XAJ25426.1	GAG	E	GAA	E	543
PB2|PP755596.1|A/cattle/Texas/24-008749-003/2024(H5N1)	1632	G	A	2160	1282	33	33	12	34	0.0150479	2193	1.44117e-08	TRUE	PB2:cds-XAJ25426.1	TCG	S	TCA	S	544
PB2|PP755596.1|A/cattle/Texas/24-008749-003/2024(H5N1)	2009	A	G	1	0	34	2295	1304	33	0.999564	2296	0	TRUE	PB2:cds-XAJ25426.1	AAA	K	AGA	R	670
PB2|PP755596.1|A/cattle/Texas/24-008749-003/2024(H5N1)	2109	A	G	2053	1409	33	227	161	33	0.0995614	2280	1.03612e-68	TRUE	PB2:cds-XAJ25426.1	AGA	R	AGG	R	703
PB2|PP755596.1|A/cattle/Texas/24-008749-003/2024(H5N1)	2181	G	A	1953	1506	33	140	110	33	0.0668577	2094	3.42698e-41	TRUE	PB2:cds-XAJ25426.1	GGG	G	GGA	G	727
