REGION	POS	REF	ALT	REF_DP	REF_RV	REF_QUAL	ALT_DP	ALT_RV	ALT_QUAL	ALT_FREQ	TOTAL_DP	PVAL	PASS	GFF_FEATURE	REF_CODON	REF_AA	ALT_CODON	ALT_AA	POS_AA
PB1|PP755595.1|A/cattle/Texas/24-008749-003/2024(H5N1)	7	G	A	38	7	43	1	0	24	0.025641	39	0.316036	FALSE	PB1:cds-XAJ25424.1	GTC	V	ATC	I	3
PB1|PP755595.1|A/cattle/Texas/24-008749-003/2024(H5N1)	397	T	C	1	1	24	1428	955	41	0.9993	1429	0	TRUE	PB1:cds-XAJ25424.1	TTA	L	CTA	L	133
PB1|PP755595.1|A/cattle/Texas/24-008749-003/2024(H5N1)	501	C	A	1146	452	38	13	0	24	0.0112166	1159	0.415554	FALSE	PB1:cds-XAJ25424.1	CTC	L	CTA	L	167
PB1|PP755595.1|A/cattle/Texas/24-008749-003/2024(H5N1)	578	A	G	1433	628	46	22	12	41	0.0151203	1455	2.59333e-08	TRUE	PB1:cds-XAJ25424.1	GAC	D	GGC	G	193
PB1|PP755595.1|A/cattle/Texas/24-008749-003/2024(H5N1)	717	G	A	2	1	30	1312	632	43	0.998478	1314	0	TRUE	PB1:cds-XAJ25424.1	AGG	R	AGA	R	239
PB1|PP755595.1|A/cattle/Texas/24-008749-003/2024(H5N1)	911	G	T	1006	456	38	12	12	25	0.0117878	1018	0.382895	FALSE	PB1:cds-XAJ25424.1	GGA	G	GTA	V	304
PB1|PP755595.1|A/cattle/Texas/24-008749-003/2024(H5N1)	1062	A	G	0	0	0	1363	499	44	1	1363	0	TRUE	PB1:cds-XAJ25424.1	GGA	G	GGG	G	354
PB1|PP755595.1|A/cattle/Texas/24-008749-003/2024(H5N1)	1071	C	T	0	0	0	1398	511	45	1	1398	0	TRUE	PB1:cds-XAJ25424.1	TTC	F	TTT	F	357
PB1|PP755595.1|A/cattle/Texas/24-008749-003/2024(H5N1)	1287	G	A	0	0	0	1673	710	46	0.999403	1674	0	TRUE	PB1:cds-XAJ25424.1	AAG	K	AAA	K	429
PB1|PP755595.1|A/cattle/Texas/24-008749-003/2024(H5N1)	1627	A	T	0	0	0	2878	1409	43	1	2878	0	TRUE	PB1:cds-XAJ25424.1	ACA	T	TCA	S	543
