REGION	POS	REF	ALT	REF_DP	REF_RV	REF_QUAL	ALT_DP	ALT_RV	ALT_QUAL	ALT_FREQ	TOTAL_DP	PVAL	PASS	GFF_FEATURE	REF_CODON	REF_AA	ALT_CODON	ALT_AA	POS_AA
PB2|PP755596.1|A/cattle/Texas/24-008749-003/2024(H5N1)	17	A	G	144	30	33	3	2	34	0.0204082	147	0.00862182	TRUE	PB2:cds-XAJ25426.1	GAA	E	GGA	G	6
PB2|PP755596.1|A/cattle/Texas/24-008749-003/2024(H5N1)	240	G	A	0	0	0	1169	634	33	1	1169	0	TRUE	PB2:cds-XAJ25426.1	AAG	K	AAA	K	80
PB2|PP755596.1|A/cattle/Texas/24-008749-003/2024(H5N1)	630	G	A	3	2	34	1502	863	33	0.997344	1506	0	TRUE	PB2:cds-XAJ25426.1	GAG	E	GAA	E	210
PB2|PP755596.1|A/cattle/Texas/24-008749-003/2024(H5N1)	764	C	T	1	1	34	1540	742	33	0.999351	1541	0	TRUE	PB2:cds-XAJ25426.1	GCA	A	GTA	V	255
PB2|PP755596.1|A/cattle/Texas/24-008749-003/2024(H5N1)	912	G	A	1	0	34	1617	824	33	0.998765	1619	0	TRUE	PB2:cds-XAJ25426.1	GAG	E	GAA	E	304
PB2|PP755596.1|A/cattle/Texas/24-008749-003/2024(H5N1)	1091	C	T	2	1	34	1596	714	33	0.998748	1598	0	TRUE	PB2:cds-XAJ25426.1	ACT	T	ATT	I	364
PB2|PP755596.1|A/cattle/Texas/24-008749-003/2024(H5N1)	1392	G	A	0	0	0	1597	1015	33	1	1597	0	TRUE	PB2:cds-XAJ25426.1	TTG	L	TTA	L	464
PB2|PP755596.1|A/cattle/Texas/24-008749-003/2024(H5N1)	1513	C	T	1761	779	33	24	13	33	0.0134454	1785	5.90388e-07	TRUE	PB2:cds-XAJ25426.1	CGA	R	TGA	*	505
PB2|PP755596.1|A/cattle/Texas/24-008749-003/2024(H5N1)	2009	A	G	0	0	0	1593	832	33	1	1593	0	TRUE	PB2:cds-XAJ25426.1	AAA	K	AGA	R	670
PB2|PP755596.1|A/cattle/Texas/24-008749-003/2024(H5N1)	2051	C	A	1616	870	33	20	14	34	0.0122249	1636	7.92917e-06	TRUE	PB2:cds-XAJ25426.1	GCT	A	GAT	D	684
