REGION	POS	REF	ALT	REF_DP	REF_RV	REF_QUAL	ALT_DP	ALT_RV	ALT_QUAL	ALT_FREQ	TOTAL_DP	PVAL	PASS	GFF_FEATURE	REF_CODON	REF_AA	ALT_CODON	ALT_AA	POS_AA
PB2|PP755596.1|A/cattle/Texas/24-008749-003/2024(H5N1)	48	T	A	874	80	36	41	2	36	0.0448087	915	3.83412e-22	TRUE	PB2:cds-XAJ25426.1	ACT	T	ACA	T	16
PB2|PP755596.1|A/cattle/Texas/24-008749-003/2024(H5N1)	102	C	T	2197	210	37	67	8	36	0.0295936	2264	2.26678e-26	TRUE	PB2:cds-XAJ25426.1	TAC	Y	TAT	Y	34
PB2|PP755596.1|A/cattle/Texas/24-008749-003/2024(H5N1)	378	A	G	4083	1750	35	299	135	34	0.0682337	4382	9.26087e-91	TRUE	PB2:cds-XAJ25426.1	AAA	K	AAG	K	126
PB2|PP755596.1|A/cattle/Texas/24-008749-003/2024(H5N1)	624	A	G	4358	2486	35	246	148	35	0.0534318	4604	4.39789e-74	TRUE	PB2:cds-XAJ25426.1	GAA	E	GAG	E	208
PB2|PP755596.1|A/cattle/Texas/24-008749-003/2024(H5N1)	746	A	G	1	1	34	4728	2077	36	0.999789	4729	0	TRUE	PB2:cds-XAJ25426.1	GAA	E	GGA	G	249
PB2|PP755596.1|A/cattle/Texas/24-008749-003/2024(H5N1)	764	C	T	1	0	26	4598	2023	35	0.999783	4599	0	TRUE	PB2:cds-XAJ25426.1	GCA	A	GTA	V	255
PB2|PP755596.1|A/cattle/Texas/24-008749-003/2024(H5N1)	840	A	G	5341	2079	35	83	43	34	0.0153024	5424	3.25828e-21	TRUE	PB2:cds-XAJ25426.1	CTA	L	CTG	L	280
PB2|PP755596.1|A/cattle/Texas/24-008749-003/2024(H5N1)	1224	C	T	5330	2541	35	181	79	35	0.0328434	5511	1.9453e-50	TRUE	PB2:cds-XAJ25426.1	GAC	D	GAT	D	408
PB2|PP755596.1|A/cattle/Texas/24-008749-003/2024(H5N1)	1242	T	C	0	0	0	4953	2004	34	1	4953	0	TRUE	PB2:cds-XAJ25426.1	GTT	V	GTC	V	414
PB2|PP755596.1|A/cattle/Texas/24-008749-003/2024(H5N1)	1311	C	T	33	13	37	4983	2182	35	0.993421	5016	0	TRUE	PB2:cds-XAJ25426.1	CAC	H	CAT	H	437
PB2|PP755596.1|A/cattle/Texas/24-008749-003/2024(H5N1)	1383	C	A	5257	3285	35	295	200	34	0.0530862	5557	1.31149e-86	TRUE	PB2:cds-XAJ25426.1	ATC	I	ATA	I	461
PB2|PP755596.1|A/cattle/Texas/24-008749-003/2024(H5N1)	1843	A	G	5647	2903	36	61	32	33	0.0106868	5708	4.25257e-14	TRUE	PB2:cds-XAJ25426.1	ATA	I	GTA	V	615
PB2|PP755596.1|A/cattle/Texas/24-008749-003/2024(H5N1)	1955	A	G	4045	2158	35	381	213	35	0.0860822	4426	2.24065e-120	TRUE	PB2:cds-XAJ25426.1	AAT	N	AGT	S	652
PB2|PP755596.1|A/cattle/Texas/24-008749-003/2024(H5N1)	2004	C	A	4690	3075	36	54	35	35	0.0113828	4744	7.20781e-13	TRUE	PB2:cds-XAJ25426.1	CTC	L	CTA	L	668
PB2|PP755596.1|A/cattle/Texas/24-008749-003/2024(H5N1)	2260	A	G	1953	1770	39	26	26	34	0.0131379	1979	1.22645e-07	TRUE	PB2:cds-XAJ25426.1	ATT	I	GTT	V	754
