REGION	POS	REF	ALT	REF_DP	REF_RV	REF_QUAL	ALT_DP	ALT_RV	ALT_QUAL	ALT_FREQ	TOTAL_DP	PVAL	PASS	GFF_FEATURE	REF_CODON	REF_AA	ALT_CODON	ALT_AA	POS_AA
NP|PP755592.1|A/cattle/Texas/24-008749-003/2024(H5N1)	89	G	A	1881	762	33	32	11	32	0.0167189	1914	4.78306e-13	TRUE	NP:cds-XAJ25419.1	GGA	G	GAA	E	30
NP|PP755592.1|A/cattle/Texas/24-008749-003/2024(H5N1)	295	A	G	3691	1770	33	57	40	30	0.0152	3750	6.74815e-15	TRUE	NP:cds-XAJ25419.1	AGG	R	GGG	G	99
NP|PP755592.1|A/cattle/Texas/24-008749-003/2024(H5N1)	355	A	G	0	0	0	3815	2093	33	1	3815	0	TRUE	NP:cds-XAJ25419.1	ATT	I	GTT	V	119
NP|PP755592.1|A/cattle/Texas/24-008749-003/2024(H5N1)	498	G	A	0	0	0	3595	1656	33	1	3595	0	TRUE	NP:cds-XAJ25419.1	CTG	L	CTA	L	166
NP|PP755592.1|A/cattle/Texas/24-008749-003/2024(H5N1)	834	T	C	3717	1868	33	68	22	32	0.0179657	3785	4.95415e-18	TRUE	NP:cds-XAJ25419.1	GCT	A	GCC	A	278
NP|PP755592.1|A/cattle/Texas/24-008749-003/2024(H5N1)	870	C	T	0	0	0	3571	1762	33	1	3571	0	TRUE	NP:cds-XAJ25419.1	GAC	D	GAT	D	290
NP|PP755592.1|A/cattle/Texas/24-008749-003/2024(H5N1)	1014	T	C	2	1	34	3819	2083	33	0.999477	3821	0	TRUE	NP:cds-XAJ25419.1	TTT	F	TTC	F	338
NP|PP755592.1|A/cattle/Texas/24-008749-003/2024(H5N1)	1068	A	G	4008	1950	33	139	78	32	0.0335182	4147	8.70628e-38	TRUE	NP:cds-XAJ25419.1	GGA	G	GGG	G	356
NP|PP755592.1|A/cattle/Texas/24-008749-003/2024(H5N1)	1074	G	A	3863	1900	33	138	52	33	0.0344828	4002	2.68252e-37	TRUE	NP:cds-XAJ25419.1	CTG	L	CTA	L	358
NP|PP755592.1|A/cattle/Texas/24-008749-003/2024(H5N1)	1092	G	A	0	0	0	4079	1888	33	1	4079	0	TRUE	NP:cds-XAJ25419.1	CAG	Q	CAA	Q	364
NP|PP755592.1|A/cattle/Texas/24-008749-003/2024(H5N1)	1150	A	G	4221	1911	33	48	28	33	0.0112439	4269	3.68738e-11	TRUE	NP:cds-XAJ25419.1	AGA	R	GGA	G	384
NP|PP755592.1|A/cattle/Texas/24-008749-003/2024(H5N1)	1240	G	T	0	0	0	3930	1853	33	1	3930	0	TRUE	NP:cds-XAJ25419.1	GTG	V	TTG	L	414
NP|PP755592.1|A/cattle/Texas/24-008749-003/2024(H5N1)	1270	A	G	3864	1820	33	285	144	33	0.0686913	4149	8.20771e-83	TRUE	NP:cds-XAJ25419.1	ACC	T	GCC	A	424
