REGION	POS	REF	ALT	REF_DP	REF_RV	REF_QUAL	ALT_DP	ALT_RV	ALT_QUAL	ALT_FREQ	TOTAL_DP	PVAL	PASS	GFF_FEATURE	REF_CODON	REF_AA	ALT_CODON	ALT_AA	POS_AA
NA|PP755591.1|A/cattle/Texas/24-008749-003/2024(H5N1)	20	T	C	732	114	33	8	3	32	0.0107962	741	8.95341e-05	TRUE	NA:cds-XAJ25418.1	ATA	I	ACA	T	7
NA|PP755591.1|A/cattle/Texas/24-008749-003/2024(H5N1)	171	G	A	5	3	34	7133	2785	33	0.99902	7140	0	TRUE	NA:cds-XAJ25418.1	GAG	E	GAA	E	57
NA|PP755591.1|A/cattle/Texas/24-008749-003/2024(H5N1)	199	A	G	0	0	0	7015	3162	33	1	7015	0	TRUE	NA:cds-XAJ25418.1	ATC	I	GTC	V	67
NA|PP755591.1|A/cattle/Texas/24-008749-003/2024(H5N1)	212	G	A	4	3	34	6787	3265	33	0.999264	6792	0	TRUE	NA:cds-XAJ25418.1	AGT	S	AAT	N	71
NA|PP755591.1|A/cattle/Texas/24-008749-003/2024(H5N1)	487	G	A	8	6	33	6801	3494	33	0.998532	6811	0	TRUE	NA:cds-XAJ25418.1	GTG	V	ATG	M	163
NA|PP755591.1|A/cattle/Texas/24-008749-003/2024(H5N1)	711	C	T	12	8	33	6502	3462	33	0.998158	6514	0	TRUE	NA:cds-XAJ25418.1	TCC	S	TCT	S	237
NA|PP755591.1|A/cattle/Texas/24-008749-003/2024(H5N1)	1149	G	A	7	4	32	8294	4343	33	0.998075	8310	0	TRUE	NA:cds-XAJ25418.1	ACG	T	ACA	T	383
NA|PP755591.1|A/cattle/Texas/24-008749-003/2024(H5N1)	1289	G	C	4725	2429	32	89	89	28	0.0184877	4814	3.63961e-05	TRUE	NA:cds-XAJ25418.1	AGG	R	ACG	T	430
