REGION	POS	REF	ALT	REF_DP	REF_RV	REF_QUAL	ALT_DP	ALT_RV	ALT_QUAL	ALT_FREQ	TOTAL_DP	PVAL	PASS	GFF_FEATURE	REF_CODON	REF_AA	ALT_CODON	ALT_AA	POS_AA
NS|PP755593.1|A/cattle/Texas/24-008749-003/2024(H5N1)	165	G	A	67031	28262	41	2449	906	37	0.0352455	69484	0	TRUE	NS1:cds-XAJ25420.1	GAG	E	GAA	E	55
NS|PP755593.1|A/cattle/Texas/24-008749-003/2024(H5N1)	199	A	G	10	6	37	71888	31753	38	0.99968	71911	0	TRUE	NS1:cds-XAJ25420.1	AGG	R	GGG	G	67
NS|PP755593.1|A/cattle/Texas/24-008749-003/2024(H5N1)	222	T	C	23	11	36	75396	38272	40	0.999669	75421	0	TRUE	NS1:cds-XAJ25420.1	GAT	D	GAC	D	74
NS|PP755593.1|A/cattle/Texas/24-008749-003/2024(H5N1)	294	G	A	79801	41539	40	1378	604	36	0.0169742	81182	0	TRUE	NS1:cds-XAJ25420.1	ATG	M	ATA	I	98
NS|PP755593.1|A/cattle/Texas/24-008749-003/2024(H5N1)	499	C	T	77904	42451	39	4142	2806	38	0.050479	82054	0	TRUE	NS1:cds-XAJ25420.1	CCA	P	TCA	S	167
