REGION	POS	REF	ALT	REF_DP	REF_RV	REF_QUAL	ALT_DP	ALT_RV	ALT_QUAL	ALT_FREQ	TOTAL_DP	PVAL	PASS	GFF_FEATURE	REF_CODON	REF_AA	ALT_CODON	ALT_AA	POS_AA
NS|PP755593.1|A/cattle/Texas/24-008749-003/2024(H5N1)	27	T	C	3857	645	33	1260	147	33	0.246238	5117	0	TRUE	NEP:cds-XAJ25421.1	TTT	F	TTC	F	9
NS|PP755593.1|A/cattle/Texas/24-008749-003/2024(H5N1)	27	T	C	3857	645	33	1260	147	33	0.246238	5117	0	TRUE	NS1:cds-XAJ25420.1	TTT	F	TTC	F	9
NS|PP755593.1|A/cattle/Texas/24-008749-003/2024(H5N1)	199	A	G	2	2	34	14665	6431	33	0.999046	14679	0	TRUE	NS1:cds-XAJ25420.1	AGG	R	GGG	G	67
NS|PP755593.1|A/cattle/Texas/24-008749-003/2024(H5N1)	222	T	C	14	8	32	15987	7850	33	0.999063	16002	0	TRUE	NS1:cds-XAJ25420.1	GAT	D	GAC	D	74
NS|PP755593.1|A/cattle/Texas/24-008749-003/2024(H5N1)	335	C	A	14424	7692	33	1238	733	33	0.0789339	15684	0	TRUE	NS1:cds-XAJ25420.1	GCA	A	GAA	E	112
NS|PP755593.1|A/cattle/Texas/24-008749-003/2024(H5N1)	368	T	C	15800	7942	33	516	230	32	0.0316138	16322	1.08477e-137	TRUE	NS1:cds-XAJ25420.1	ATT	I	ACT	T	123
NS|PP755593.1|A/cattle/Texas/24-008749-003/2024(H5N1)	462	A	G	15580	6898	33	186	90	33	0.0117968	15767	7.91142e-40	TRUE	NS1:cds-XAJ25420.1	GGA	G	GGG	G	154
NS|PP755593.1|A/cattle/Texas/24-008749-003/2024(H5N1)	660	G	A	13536	7884	33	533	322	33	0.0378739	14073	3.00189e-147	TRUE	NEP:cds-XAJ25421.1	GGA	G	GAA	E	53
NS|PP755593.1|A/cattle/Texas/24-008749-003/2024(H5N1)	660	G	A	13536	7884	33	533	322	33	0.0378739	14073	3.00189e-147	TRUE	NS1:cds-XAJ25420.1	CGG	R	CGA	R	220
NS|PP755593.1|A/cattle/Texas/24-008749-003/2024(H5N1)	682	T	C	13806	8312	33	532	328	33	0.0370964	14341	5.19504e-144	TRUE	NEP:cds-XAJ25421.1	AGT	S	AGC	S	60
NS|PP755593.1|A/cattle/Texas/24-008749-003/2024(H5N1)	682	T	C	13806	8312	33	532	328	33	0.0370964	14341	5.19504e-144	TRUE	NS1:cds-XAJ25420.1	TCA	S	CCA	P	228
NS|PP755593.1|A/cattle/Texas/24-008749-003/2024(H5N1)	718	A	G	14272	10656	33	1034	773	32	0.0675111	15316	4.4612e-300	TRUE	NEP:cds-XAJ25421.1	GAA	E	GAG	E	72
