REGION	POS	REF	ALT	REF_DP	REF_RV	REF_QUAL	ALT_DP	ALT_RV	ALT_QUAL	ALT_FREQ	TOTAL_DP	PVAL	PASS	GFF_FEATURE	REF_CODON	REF_AA	ALT_CODON	ALT_AA	POS_AA
MP|PP755590.1|A/cattle/Texas/24-008749-003/2024(H5N1)	30	C	T	9693	1135	35	223	15	34	0.0224798	9920	6.91554e-105	TRUE	M1:cds-XAJ25416.1	TAC	Y	TAT	Y	10
MP|PP755590.1|A/cattle/Texas/24-008749-003/2024(H5N1)	245	G	A	21	10	39	49640	23190	38	0.998933	49693	0	TRUE	M1:cds-XAJ25416.1	AGT	S	AAT	N	82
MP|PP755590.1|A/cattle/Texas/24-008749-003/2024(H5N1)	343	G	A	43877	24413	38	9881	5224	36	0.183703	53788	0	TRUE	M1:cds-XAJ25416.1	GTT	V	ATT	I	115
MP|PP755590.1|A/cattle/Texas/24-008749-003/2024(H5N1)	351	C	T	50578	27947	37	3817	2427	37	0.0701281	54429	0	TRUE	M1:cds-XAJ25416.1	CTC	L	CTT	L	117
MP|PP755590.1|A/cattle/Texas/24-008749-003/2024(H5N1)	756	G	A	48697	23154	38	1050	492	37	0.0210911	49784	3.91693e-284	TRUE	M2:cds-XAJ25417.1	AGT	S	AAT	N	14
MP|PP755590.1|A/cattle/Texas/24-008749-003/2024(H5N1)	756	G	A	48697	23154	38	1050	492	37	0.0210911	49784	3.91693e-284	TRUE	M1:cds-XAJ25416.1	AAG	K	AAA	K	252
MP|PP755590.1|A/cattle/Texas/24-008749-003/2024(H5N1)	862	T	G	32426	26054	38	389	388	29	0.0118352	32868	0.00415475	TRUE	M2:cds-XAJ25417.1	GGT	G	GGG	G	50
