REGION	POS	REF	ALT	REF_DP	REF_RV	REF_QUAL	ALT_DP	ALT_RV	ALT_QUAL	ALT_FREQ	TOTAL_DP	PVAL	PASS	GFF_FEATURE	REF_CODON	REF_AA	ALT_CODON	ALT_AA	POS_AA
MP|PP755590.1|A/cattle/Texas/24-008749-003/2024(H5N1)	22	G	T	67	8	42	1	0	30	0.0147059	68	0.43038	FALSE	M2:cds-XAJ25417.1	GAA	E	TAA	*	8
MP|PP755590.1|A/cattle/Texas/24-008749-003/2024(H5N1)	22	G	T	67	8	42	1	0	30	0.0147059	68	0.43038	FALSE	M1:cds-XAJ25416.1	GAA	E	TAA	*	8
MP|PP755590.1|A/cattle/Texas/24-008749-003/2024(H5N1)	33	T	C	275	24	38	3	0	34	0.0107527	279	0.0858135	FALSE	M1:cds-XAJ25416.1	GTT	V	GTC	V	11
MP|PP755590.1|A/cattle/Texas/24-008749-003/2024(H5N1)	245	G	A	181	151	41	489	136	46	0.729851	670	1.52413e-260	TRUE	M1:cds-XAJ25416.1	AGT	S	AAT	N	82
MP|PP755590.1|A/cattle/Texas/24-008749-003/2024(H5N1)	946	T	C	79	70	41	1	1	34	0.0125	80	0.446927	FALSE	M2:cds-XAJ25417.1	GTT	V	GTC	V	78
MP|PP755590.1|A/cattle/Texas/24-008749-003/2024(H5N1)	951	A	G	74	66	41	1	1	26	0.0133333	75	0.443787	FALSE	M2:cds-XAJ25417.1	AAT	N	AGT	S	79
MP|PP755590.1|A/cattle/Texas/24-008749-003/2024(H5N1)	955	T	C	70	62	39	2	2	34	0.0277778	72	0.203487	FALSE	M2:cds-XAJ25417.1	GGT	G	GGC	G	81
MP|PP755590.1|A/cattle/Texas/24-008749-003/2024(H5N1)	968	A	G	59	55	37	1	1	34	0.0166667	60	0.46875	FALSE	M2:cds-XAJ25417.1	ATA	I	GTA	V	85
