REGION	POS	REF	ALT	REF_DP	REF_RV	REF_QUAL	ALT_DP	ALT_RV	ALT_QUAL	ALT_FREQ	TOTAL_DP	PVAL	PASS	GFF_FEATURE	REF_CODON	REF_AA	ALT_CODON	ALT_AA	POS_AA
PB1|PP755595.1|A/cattle/Texas/24-008749-003/2024(H5N1)	140	A	G	350	104	48	5	2	36	0.0140845	355	0.00723441	TRUE	PB1:cds-XAJ25424.1	CAT	H	CGT	R	47
PB1|PP755595.1|A/cattle/Texas/24-008749-003/2024(H5N1)	140	A	G	350	104	48	5	2	36	0.0140845	355	0.00723441	TRUE	PB1-F2:cds-XAJ25425.1	ATC	I	GTC	V	16
PB1|PP755595.1|A/cattle/Texas/24-008749-003/2024(H5N1)	498	C	T	0	0	0	372	141	49	1	372	1.4465e-257	TRUE	PB1:cds-XAJ25424.1	TTC	F	TTT	F	166
PB1|PP755595.1|A/cattle/Texas/24-008749-003/2024(H5N1)	783	C	T	441	264	56	5	2	51	0.0111857	447	0.00953265	TRUE	PB1:cds-XAJ25424.1	AGC	S	AGT	S	261
PB1|PP755595.1|A/cattle/Texas/24-008749-003/2024(H5N1)	807	T	C	0	0	0	436	251	55	0.997712	437	0	TRUE	PB1:cds-XAJ25424.1	TCT	S	TCC	S	269
PB1|PP755595.1|A/cattle/Texas/24-008749-003/2024(H5N1)	831	A	G	0	0	0	438	247	56	1	438	0	TRUE	PB1:cds-XAJ25424.1	GAA	E	GAG	E	277
PB1|PP755595.1|A/cattle/Texas/24-008749-003/2024(H5N1)	872	C	T	422	244	54	5	3	62	0.0117096	427	0.010968	FALSE	PB1:cds-XAJ25424.1	ACT	T	ATT	I	291
PB1|PP755595.1|A/cattle/Texas/24-008749-003/2024(H5N1)	936	C	T	0	0	0	406	223	50	1	406	6.43348e-283	TRUE	PB1:cds-XAJ25424.1	AAC	N	AAT	N	312
PB1|PP755595.1|A/cattle/Texas/24-008749-003/2024(H5N1)	951	G	T	413	233	50	10	1	51	0.0235294	425	0.00018127	TRUE	PB1:cds-XAJ25424.1	ATG	M	ATT	I	317
PB1|PP755595.1|A/cattle/Texas/24-008749-003/2024(H5N1)	990	T	G	426	227	52	7	4	51	0.0161663	433	0.00206547	TRUE	PB1:cds-XAJ25424.1	CCT	P	CCG	P	330
PB1|PP755595.1|A/cattle/Texas/24-008749-003/2024(H5N1)	1116	G	A	428	206	55	5	1	46	0.0115473	433	0.0105543	FALSE	PB1:cds-XAJ25424.1	ATG	M	ATA	I	372
PB1|PP755595.1|A/cattle/Texas/24-008749-003/2024(H5N1)	1149	G	A	422	209	56	5	4	46	0.0117096	427	0.0102157	FALSE	PB1:cds-XAJ25424.1	GAG	E	GAA	E	383
PB1|PP755595.1|A/cattle/Texas/24-008749-003/2024(H5N1)	1224	G	A	452	212	54	5	3	44	0.0109409	457	0.0110159	FALSE	PB1:cds-XAJ25424.1	ATG	M	ATA	I	408
PB1|PP755595.1|A/cattle/Texas/24-008749-003/2024(H5N1)	1255	C	A	490	234	50	9	5	51	0.0180361	499	0.000402221	TRUE	PB1:cds-XAJ25424.1	CTG	L	ATG	M	419
PB1|PP755595.1|A/cattle/Texas/24-008749-003/2024(H5N1)	1481	G	+T	589	280	55	13	0	20	0.014756	881	0.039021	FALSE	NA	NA	NA	NA	NA	NA
PB1|PP755595.1|A/cattle/Texas/24-008749-003/2024(H5N1)	1686	C	A	651	288	52	8	4	46	0.0121396	659	0.000828153	TRUE	PB1:cds-XAJ25424.1	CAC	H	CAA	Q	562
