REGION	POS	REF	ALT	REF_DP	REF_RV	REF_QUAL	ALT_DP	ALT_RV	ALT_QUAL	ALT_FREQ	TOTAL_DP	PVAL	PASS	GFF_FEATURE	REF_CODON	REF_AA	ALT_CODON	ALT_AA	POS_AA
HA|PP755589.1|A/cattle/Texas/24-008749-003/2024(H5N1)	11	T	C	388	23	36	4	0	34	0.0102041	392	0.00843848	TRUE	HA:cds-XAJ25415.1	ATA	I	ACA	T	4
HA|PP755589.1|A/cattle/Texas/24-008749-003/2024(H5N1)	311	A	G	0	0	0	2744	1286	38	1	2744	0	TRUE	HA:cds-XAJ25415.1	GAC	D	GGC	G	104
HA|PP755589.1|A/cattle/Texas/24-008749-003/2024(H5N1)	651	G	A	3	2	34	2920	1282	38	0.998632	2924	0	TRUE	HA:cds-XAJ25415.1	GGG	G	GGA	G	217
HA|PP755589.1|A/cattle/Texas/24-008749-003/2024(H5N1)	675	G	A	0	0	0	2847	1250	37	0.999649	2848	0	TRUE	HA:cds-XAJ25415.1	TTG	L	TTA	L	225
HA|PP755589.1|A/cattle/Texas/24-008749-003/2024(H5N1)	853	G	A	5	3	40	3177	1864	39	0.998115	3183	0	TRUE	HA:cds-XAJ25415.1	GTG	V	ATG	M	285
HA|PP755589.1|A/cattle/Texas/24-008749-003/2024(H5N1)	1007	G	A	5	2	54	3194	1767	40	0.998437	3199	0	TRUE	HA:cds-XAJ25415.1	AGT	S	AAT	N	336
