REGION	POS	REF	ALT	REF_DP	REF_RV	REF_QUAL	ALT_DP	ALT_RV	ALT_QUAL	ALT_FREQ	TOTAL_DP	PVAL	PASS	GFF_FEATURE	REF_CODON	REF_AA	ALT_CODON	ALT_AA	POS_AA
MP|PP755590.1|A/cattle/Texas/24-008749-003/2024(H5N1)	245	G	A	34	21	44	29912	12954	38	0.998798	29948	0	TRUE	M1:cds-XAJ25416.1	AGT	S	AAT	N	82
MP|PP755590.1|A/cattle/Texas/24-008749-003/2024(H5N1)	790	G	A	13	5	42	28617	17609	41	0.999406	28634	0	TRUE	M2:cds-XAJ25417.1	GGG	G	GGA	G	26
MP|PP755590.1|A/cattle/Texas/24-008749-003/2024(H5N1)	924	A	G	3	3	38	18279	17250	36	0.999781	18283	0	TRUE	M2:cds-XAJ25417.1	GAA	E	GGA	G	70
MP|PP755590.1|A/cattle/Texas/24-008749-003/2024(H5N1)	933	G	A	4	4	42	15659	14724	37	0.998406	15684	0	TRUE	M2:cds-XAJ25417.1	AGT	S	AAT	N	73
