REGION	POS	REF	ALT	REF_DP	REF_RV	REF_QUAL	ALT_DP	ALT_RV	ALT_QUAL	ALT_FREQ	TOTAL_DP	PVAL	PASS	GFF_FEATURE	REF_CODON	REF_AA	ALT_CODON	ALT_AA	POS_AA
PA|PP755594.1|A/cattle/Texas/24-008749-003/2024(H5N1)	5	A	G	205	15	33	3	0	34	0.0144231	208	0.00510496	TRUE	PA:cds-XAJ25422.1	GAA	E	GGA	G	2
PA|PP755594.1|A/cattle/Texas/24-008749-003/2024(H5N1)	5	A	G	205	15	33	3	0	34	0.0144231	208	0.00510496	TRUE	PA-X:cds-XAJ25423.1	GAA	E	GGA	G	2
PA|PP755594.1|A/cattle/Texas/24-008749-003/2024(H5N1)	80	A	G	773	198	31	100	16	33	0.114548	873	5.68121e-57	TRUE	PA:cds-XAJ25422.1	GAT	D	GGT	G	27
PA|PP755594.1|A/cattle/Texas/24-008749-003/2024(H5N1)	80	A	G	773	198	31	100	16	33	0.114548	873	5.68121e-57	TRUE	PA-X:cds-XAJ25423.1	GAT	D	GGT	G	27
PA|PP755594.1|A/cattle/Texas/24-008749-003/2024(H5N1)	166	G	A	1618	690	33	209	93	33	0.114395	1827	2.68737e-65	TRUE	PA:cds-XAJ25422.1	GAA	E	AAA	K	56
PA|PP755594.1|A/cattle/Texas/24-008749-003/2024(H5N1)	166	G	A	1618	690	33	209	93	33	0.114395	1827	2.68737e-65	TRUE	PA-X:cds-XAJ25423.1	GAA	E	AAA	K	56
PA|PP755594.1|A/cattle/Texas/24-008749-003/2024(H5N1)	981	G	A	0	0	0	411	152	33	1	411	3.44513e-250	TRUE	PA:cds-XAJ25422.1	GAG	E	GAA	E	327
PA|PP755594.1|A/cattle/Texas/24-008749-003/2024(H5N1)	1115	A	G	382	243	33	4	2	34	0.0103627	386	0.0582965	FALSE	PA:cds-XAJ25422.1	GAG	E	GGG	G	372
PA|PP755594.1|A/cattle/Texas/24-008749-003/2024(H5N1)	1121	T	G	351	208	33	6	6	32	0.0168067	357	0.0140688	FALSE	PA:cds-XAJ25422.1	ATG	M	AGG	R	374
PA|PP755594.1|A/cattle/Texas/24-008749-003/2024(H5N1)	1167	T	C	378	196	32	5	5	34	0.0130548	383	0.0246535	FALSE	PA:cds-XAJ25422.1	GAT	D	GAC	D	389
PA|PP755594.1|A/cattle/Texas/24-008749-003/2024(H5N1)	1294	G	A	1	0	34	437	227	33	0.997717	438	4.07486e-266	TRUE	PA:cds-XAJ25422.1	GTT	V	ATT	I	432
PA|PP755594.1|A/cattle/Texas/24-008749-003/2024(H5N1)	1387	G	A	310	148	33	60	32	33	0.162162	370	3.01265e-20	TRUE	PA:cds-XAJ25422.1	GTA	V	ATA	I	463
PA|PP755594.1|A/cattle/Texas/24-008749-003/2024(H5N1)	1944	C	T	0	0	0	1187	801	33	1	1187	0	TRUE	PA:cds-XAJ25422.1	AGC	S	AGT	S	648
