REGION	POS	REF	ALT	REF_DP	REF_RV	REF_QUAL	ALT_DP	ALT_RV	ALT_QUAL	ALT_FREQ	TOTAL_DP	PVAL	PASS	GFF_FEATURE	REF_CODON	REF_AA	ALT_CODON	ALT_AA	POS_AA
MP|PP755590.1|A/cattle/Texas/24-008749-003/2024(H5N1)	245	G	A	8	3	66	44122	20416	62	0.999705	44135	0	TRUE	M1:cds-XAJ25416.1	AGT	S	AAT	N	82
MP|PP755590.1|A/cattle/Texas/24-008749-003/2024(H5N1)	249	C	T	8	2	57	43231	19985	62	0.999746	43242	0	TRUE	M1:cds-XAJ25416.1	GCC	A	GCT	A	83
MP|PP755590.1|A/cattle/Texas/24-008749-003/2024(H5N1)	252	A	G	10	3	57	43156	19982	62	0.999768	43166	0	TRUE	M1:cds-XAJ25416.1	CTA	L	CTG	L	84
MP|PP755590.1|A/cattle/Texas/24-008749-003/2024(H5N1)	254	G	A	24	11	62	43244	20036	63	0.999376	43271	0	TRUE	M1:cds-XAJ25416.1	AGT	S	AAT	N	85
MP|PP755590.1|A/cattle/Texas/24-008749-003/2024(H5N1)	260	C	A	1	1	27	45640	21741	63	0.999671	45655	0	TRUE	M1:cds-XAJ25416.1	ACT	T	AAT	N	87
MP|PP755590.1|A/cattle/Texas/24-008749-003/2024(H5N1)	285	A	G	14	8	58	48615	23991	62	0.99965	48632	0	TRUE	M1:cds-XAJ25416.1	AGA	R	AGG	R	95
MP|PP755590.1|A/cattle/Texas/24-008749-003/2024(H5N1)	307	C	T	6	5	65	47836	23552	62	0.999791	47846	0	TRUE	M1:cds-XAJ25416.1	CTG	L	TTG	L	103
MP|PP755590.1|A/cattle/Texas/24-008749-003/2024(H5N1)	378	T	C	14	8	67	46459	23570	62	0.999613	46477	0	TRUE	M1:cds-XAJ25416.1	AGT	S	AGC	S	126
MP|PP755590.1|A/cattle/Texas/24-008749-003/2024(H5N1)	408	G	A	43	16	63	46213	23156	63	0.998552	46280	0	TRUE	M1:cds-XAJ25416.1	GGG	G	GGA	G	136
MP|PP755590.1|A/cattle/Texas/24-008749-003/2024(H5N1)	474	G	A	22	14	57	45703	22815	63	0.999475	45727	0	TRUE	M1:cds-XAJ25416.1	CAG	Q	CAA	Q	158
MP|PP755590.1|A/cattle/Texas/24-008749-003/2024(H5N1)	516	G	A	11	3	59	46085	23317	63	0.999696	46099	0	TRUE	M1:cds-XAJ25416.1	CTG	L	CTA	L	172
MP|PP755590.1|A/cattle/Texas/24-008749-003/2024(H5N1)	540	T	G	2	1	43	47299	23885	61	0.998459	47372	0	TRUE	M1:cds-XAJ25416.1	GTT	V	GTG	V	180
MP|PP755590.1|A/cattle/Texas/24-008749-003/2024(H5N1)	588	T	C	27	7	60	44860	21623	62	0.999265	44893	0	TRUE	M1:cds-XAJ25416.1	AGT	S	AGC	S	196
MP|PP755590.1|A/cattle/Texas/24-008749-003/2024(H5N1)	679	A	G	18	8	67	50122	24753	62	0.999601	50142	0	TRUE	M1:cds-XAJ25416.1	ACC	T	GCC	A	227
MP|PP755590.1|A/cattle/Texas/24-008749-003/2024(H5N1)	766	C	T	15	7	63	51884	26908	63	0.999711	51899	0	TRUE	M2:cds-XAJ25417.1	CTC	L	CTT	L	18
MP|PP755590.1|A/cattle/Texas/24-008749-003/2024(H5N1)	950	A	G	6	3	68	17785	9891	60	0.999607	17792	0	TRUE	M2:cds-XAJ25417.1	AAT	N	GAT	D	79
