REGION	POS	REF	ALT	REF_DP	REF_RV	REF_QUAL	ALT_DP	ALT_RV	ALT_QUAL	ALT_FREQ	TOTAL_DP	PVAL	PASS	GFF_FEATURE	REF_CODON	REF_AA	ALT_CODON	ALT_AA	POS_AA
HA|PP755589.1|A/cattle/Texas/24-008749-003/2024(H5N1)	234	C	T	2	0	34	1121	541	38	0.998219	1123	0	TRUE	HA:cds-XAJ25415.1	CTC	L	CTT	L	78
HA|PP755589.1|A/cattle/Texas/24-008749-003/2024(H5N1)	336	T	C	1164	532	37	19	7	37	0.0160609	1183	6.3456e-06	TRUE	HA:cds-XAJ25415.1	AAT	N	AAC	N	112
HA|PP755589.1|A/cattle/Texas/24-008749-003/2024(H5N1)	387	G	A	729	342	37	439	196	36	0.375856	1168	1.25496e-164	TRUE	HA:cds-XAJ25415.1	AAG	K	AAA	K	129
HA|PP755589.1|A/cattle/Texas/24-008749-003/2024(H5N1)	401	C	T	1178	542	38	19	9	36	0.015873	1197	4.43884e-06	TRUE	HA:cds-XAJ25415.1	CCC	P	CTC	L	134
HA|PP755589.1|A/cattle/Texas/24-008749-003/2024(H5N1)	465	A	G	0	0	0	1169	582	37	1	1169	0	TRUE	HA:cds-XAJ25415.1	GGA	G	GGG	G	155
HA|PP755589.1|A/cattle/Texas/24-008749-003/2024(H5N1)	651	G	A	1	1	34	1213	497	36	0.999176	1214	0	TRUE	HA:cds-XAJ25415.1	GGG	G	GGA	G	217
HA|PP755589.1|A/cattle/Texas/24-008749-003/2024(H5N1)	806	C	A	1359	775	37	14	6	41	0.0101892	1374	2.17012e-05	TRUE	HA:cds-XAJ25415.1	GCA	A	GAA	E	269
HA|PP755589.1|A/cattle/Texas/24-008749-003/2024(H5N1)	1052	T	A	1160	705	37	21	2	31	0.0177815	1181	1.36352e-06	TRUE	HA:cds-XAJ25415.1	ATA	I	AAA	K	351
HA|PP755589.1|A/cattle/Texas/24-008749-003/2024(H5N1)	1071	A	G	1514	584	37	19	10	35	0.012394	1533	7.71815e-06	TRUE	HA:cds-XAJ25415.1	GGA	G	GGG	G	357
HA|PP755589.1|A/cattle/Texas/24-008749-003/2024(H5N1)	1275	G	A	0	0	0	3604	1363	37	1	3604	0	TRUE	HA:cds-XAJ25415.1	TTG	L	TTA	L	425
HA|PP755589.1|A/cattle/Texas/24-008749-003/2024(H5N1)	1476	A	C	0	0	0	3761	2100	36	0.999734	3762	0	TRUE	HA:cds-XAJ25415.1	GAA	E	GAC	D	492
HA|PP755589.1|A/cattle/Texas/24-008749-003/2024(H5N1)	1599	A	G	0	0	0	3536	2930	42	1	3536	0	TRUE	HA:cds-XAJ25415.1	TCA	S	TCG	S	533
