REGION	POS	REF	ALT	REF_DP	REF_RV	REF_QUAL	ALT_DP	ALT_RV	ALT_QUAL	ALT_FREQ	TOTAL_DP	PVAL	PASS	GFF_FEATURE	REF_CODON	REF_AA	ALT_CODON	ALT_AA	POS_AA
HA|PP755589.1|A/cattle/Texas/24-008749-003/2024(H5N1)	5	A	G	86	13	33	1	0	23	0.0114943	87	0.590343	FALSE	HA:cds-XAJ25415.1	GAG	E	GGG	G	2
HA|PP755589.1|A/cattle/Texas/24-008749-003/2024(H5N1)	102	G	A	0	0	0	972	231	33	1	972	0	TRUE	HA:cds-XAJ25415.1	ACG	T	ACA	T	34
HA|PP755589.1|A/cattle/Texas/24-008749-003/2024(H5N1)	153	A	G	0	0	0	1514	536	33	1	1514	0	TRUE	HA:cds-XAJ25415.1	AAA	K	AAG	K	51
HA|PP755589.1|A/cattle/Texas/24-008749-003/2024(H5N1)	170	T	C	1393	567	33	28	4	34	0.0197044	1421	2.63916e-08	TRUE	HA:cds-XAJ25415.1	CTA	L	CCA	P	57
HA|PP755589.1|A/cattle/Texas/24-008749-003/2024(H5N1)	300	C	T	0	0	0	1528	665	33	0.999346	1529	0	TRUE	HA:cds-XAJ25415.1	AAC	N	AAT	N	100
HA|PP755589.1|A/cattle/Texas/24-008749-003/2024(H5N1)	311	A	G	0	0	0	1577	719	33	1	1577	0	TRUE	HA:cds-XAJ25415.1	GAC	D	GGC	G	104
HA|PP755589.1|A/cattle/Texas/24-008749-003/2024(H5N1)	406	A	G	1505	847	32	18	8	33	0.0118188	1523	8.6244e-06	TRUE	HA:cds-XAJ25415.1	AGT	S	GGT	G	136
HA|PP755589.1|A/cattle/Texas/24-008749-003/2024(H5N1)	439	G	A	1795	1026	33	53	30	33	0.0286797	1848	9.50601e-16	TRUE	HA:cds-XAJ25415.1	GTG	V	ATG	M	147
HA|PP755589.1|A/cattle/Texas/24-008749-003/2024(H5N1)	651	G	A	6	5	32	1571	681	33	0.995564	1578	0	TRUE	HA:cds-XAJ25415.1	GGG	G	GGA	G	217
HA|PP755589.1|A/cattle/Texas/24-008749-003/2024(H5N1)	675	G	A	1	1	34	1584	677	32	0.999369	1585	0	TRUE	HA:cds-XAJ25415.1	TTG	L	TTA	L	225
HA|PP755589.1|A/cattle/Texas/24-008749-003/2024(H5N1)	774	G	A	2	2	34	1556	780	33	0.997436	1560	0	TRUE	HA:cds-XAJ25415.1	GAG	E	GAA	E	258
HA|PP755589.1|A/cattle/Texas/24-008749-003/2024(H5N1)	1007	G	A	1	1	34	1592	896	33	0.999372	1593	0	TRUE	HA:cds-XAJ25415.1	AGT	S	AAT	N	336
HA|PP755589.1|A/cattle/Texas/24-008749-003/2024(H5N1)	1052	T	A	1628	956	33	27	1	33	0.0163142	1655	5.31376e-08	TRUE	HA:cds-XAJ25415.1	ATA	I	AAA	K	351
HA|PP755589.1|A/cattle/Texas/24-008749-003/2024(H5N1)	1590	G	A	9	6	33	6240	4593	33	0.99856	6249	0	TRUE	HA:cds-XAJ25415.1	CAG	Q	CAA	Q	530
HA|PP755589.1|A/cattle/Texas/24-008749-003/2024(H5N1)	1681	T	C	400	363	33	3566	3141	33	0.899143	3966	0	TRUE	HA:cds-XAJ25415.1	TTA	L	CTA	L	561
