REGION	POS	REF	ALT	REF_DP	REF_RV	REF_QUAL	ALT_DP	ALT_RV	ALT_QUAL	ALT_FREQ	TOTAL_DP	PVAL	PASS	GFF_FEATURE	REF_CODON	REF_AA	ALT_CODON	ALT_AA	POS_AA
HA|PP755589.1|A/cattle/Texas/24-008749-003/2024(H5N1)	1167	A	T	0	0	0	5	0	34	1	5	0.00793651	TRUE	HA:cds-XAJ25415.1	GCA	A	GCT	A	389
HA|PP755589.1|A/cattle/Texas/24-008749-003/2024(H5N1)	1177	G	A	0	0	0	4	0	34	1	4	0.0142857	FALSE	HA:cds-XAJ25415.1	GTT	V	ATT	I	393
HA|PP755589.1|A/cattle/Texas/24-008749-003/2024(H5N1)	1182	C	A	0	0	0	4	0	34	1	4	0.0142857	FALSE	HA:cds-XAJ25415.1	ACC	T	ACA	T	394
HA|PP755589.1|A/cattle/Texas/24-008749-003/2024(H5N1)	1188	G	A	0	0	0	5	0	34	1	5	0.00793651	TRUE	HA:cds-XAJ25415.1	AAG	K	AAA	K	396
HA|PP755589.1|A/cattle/Texas/24-008749-003/2024(H5N1)	1194	C	T	0	0	0	5	0	34	1	5	0.00793651	TRUE	HA:cds-XAJ25415.1	AAC	N	AAT	N	398
HA|PP755589.1|A/cattle/Texas/24-008749-003/2024(H5N1)	1197	A	C	0	0	0	4	0	34	1	4	0.0142857	FALSE	HA:cds-XAJ25415.1	TCA	S	TCC	S	399
HA|PP755589.1|A/cattle/Texas/24-008749-003/2024(H5N1)	1206	C	A	2	0	34	2	0	34	0.5	4	0.214286	FALSE	HA:cds-XAJ25415.1	GAC	D	GAA	E	402
HA|PP755589.1|A/cattle/Texas/24-008749-003/2024(H5N1)	1218	T	A	0	0	0	4	0	32	1	4	0.0285714	FALSE	HA:cds-XAJ25415.1	ACT	T	ACA	T	406
HA|PP755589.1|A/cattle/Texas/24-008749-003/2024(H5N1)	1308	C	T	0	0	0	2	2	34	1	2	0.333333	FALSE	HA:cds-XAJ25415.1	GTC	V	GTT	V	436
