REGION	POS	REF	ALT	REF_DP	REF_RV	REF_QUAL	ALT_DP	ALT_RV	ALT_QUAL	ALT_FREQ	TOTAL_DP	PVAL	PASS	GFF_FEATURE	REF_CODON	REF_AA	ALT_CODON	ALT_AA	POS_AA
HA|PP755589.1|A/cattle/Texas/24-008749-003/2024(H5N1)	4	G	A	0	0	0	2	0	34	1	2	0.0357143	FALSE	HA:cds-XAJ25415.1	GAG	E	AAG	K	2
HA|PP755589.1|A/cattle/Texas/24-008749-003/2024(H5N1)	32	T	C	95	5	36	1	1	34	0.0104167	96	0.279883	FALSE	HA:cds-XAJ25415.1	GTT	V	GCT	A	11
HA|PP755589.1|A/cattle/Texas/24-008749-003/2024(H5N1)	311	A	G	0	0	0	316	152	39	1	316	2.41493e-212	TRUE	HA:cds-XAJ25415.1	GAC	D	GGC	G	104
HA|PP755589.1|A/cattle/Texas/24-008749-003/2024(H5N1)	429	A	T	305	179	39	7	3	35	0.0224359	312	0.00368587	TRUE	HA:cds-XAJ25415.1	ACA	T	ACT	T	143
HA|PP755589.1|A/cattle/Texas/24-008749-003/2024(H5N1)	439	G	A	0	0	0	307	176	39	1	307	7.02051e-208	TRUE	HA:cds-XAJ25415.1	GTG	V	ATG	M	147
HA|PP755589.1|A/cattle/Texas/24-008749-003/2024(H5N1)	532	A	G	300	175	38	5	1	36	0.0163934	305	0.0192005	FALSE	HA:cds-XAJ25415.1	ATA	I	GTA	V	178
HA|PP755589.1|A/cattle/Texas/24-008749-003/2024(H5N1)	607	C	T	304	137	39	4	0	34	0.012987	308	0.0423849	FALSE	HA:cds-XAJ25415.1	CAG	Q	TAG	*	203
HA|PP755589.1|A/cattle/Texas/24-008749-003/2024(H5N1)	651	G	A	1	1	34	300	132	39	0.996678	301	1.21865e-199	TRUE	HA:cds-XAJ25415.1	GGG	G	GGA	G	217
HA|PP755589.1|A/cattle/Texas/24-008749-003/2024(H5N1)	675	G	A	0	0	0	270	127	38	1	270	2.22996e-183	TRUE	HA:cds-XAJ25415.1	TTG	L	TTA	L	225
HA|PP755589.1|A/cattle/Texas/24-008749-003/2024(H5N1)	786	T	A	287	147	39	3	2	45	0.0103448	290	0.0974564	FALSE	HA:cds-XAJ25415.1	AAT	N	AAA	K	262
HA|PP755589.1|A/cattle/Texas/24-008749-003/2024(H5N1)	1007	G	A	0	0	0	339	195	40	1	339	5.09446e-225	TRUE	HA:cds-XAJ25415.1	AGT	S	AAT	N	336
HA|PP755589.1|A/cattle/Texas/24-008749-003/2024(H5N1)	1052	T	A	353	222	40	20	1	35	0.0536193	373	8.46521e-08	TRUE	HA:cds-XAJ25415.1	ATA	I	AAA	K	351
HA|PP755589.1|A/cattle/Texas/24-008749-003/2024(H5N1)	1173	T	C	0	0	0	2170	385	41	1	2170	0	TRUE	HA:cds-XAJ25415.1	GAT	D	GAC	D	391
HA|PP755589.1|A/cattle/Texas/24-008749-003/2024(H5N1)	1368	T	C	3025	1630	40	50	29	39	0.0162602	3075	1.50499e-14	TRUE	HA:cds-XAJ25415.1	CAT	H	CAC	H	456
