REGION	POS	REF	ALT	REF_DP	REF_RV	REF_QUAL	ALT_DP	ALT_RV	ALT_QUAL	ALT_FREQ	TOTAL_DP	PVAL	PASS	GFF_FEATURE	REF_CODON	REF_AA	ALT_CODON	ALT_AA	POS_AA
PA|PP755594.1|A/cattle/Texas/24-008749-003/2024(H5N1)	981	G	A	1	0	26	2477	956	33	0.999596	2478	0	TRUE	PA:cds-XAJ25422.1	GAG	E	GAA	E	327
PA|PP755594.1|A/cattle/Texas/24-008749-003/2024(H5N1)	1024	C	T	14	8	34	2429	879	33	0.994269	2443	0	TRUE	PA:cds-XAJ25422.1	CTG	L	TTG	L	342
PA|PP755594.1|A/cattle/Texas/24-008749-003/2024(H5N1)	1294	G	A	2	2	34	3170	1608	33	0.999369	3172	0	TRUE	PA:cds-XAJ25422.1	GTT	V	ATT	I	432
PA|PP755594.1|A/cattle/Texas/24-008749-003/2024(H5N1)	2076	G	A	12	10	33	2634	1853	33	0.995089	2647	0	TRUE	PA:cds-XAJ25422.1	GAG	E	GAA	E	692
