REGION	POS	REF	ALT	REF_DP	REF_RV	REF_QUAL	ALT_DP	ALT_RV	ALT_QUAL	ALT_FREQ	TOTAL_DP	PVAL	PASS	GFF_FEATURE	REF_CODON	REF_AA	ALT_CODON	ALT_AA	POS_AA
PB1|PP755595.1|A/cattle/Texas/24-008749-003/2024(H5N1)	315	C	A	3146	1627	33	48	26	33	0.0150047	3199	4.21615e-12	TRUE	NA	NA	NA	NA	NA	NA
PB1|PP755595.1|A/cattle/Texas/24-008749-003/2024(H5N1)	512	T	C	0	0	0	2923	1037	33	1	2923	0	TRUE	NA	NA	NA	NA	NA	NA
PB1|PP755595.1|A/cattle/Texas/24-008749-003/2024(H5N1)	729	A	G	2830	1363	33	236	109	33	0.0769733	3066	2.00195e-70	TRUE	NA	NA	NA	NA	NA	NA
PB1|PP755595.1|A/cattle/Texas/24-008749-003/2024(H5N1)	792	G	A	505	273	33	2690	1308	33	0.841941	3195	0	TRUE	NA	NA	NA	NA	NA	NA
PB1|PP755595.1|A/cattle/Texas/24-008749-003/2024(H5N1)	933	G	A	3143	1810	33	235	100	33	0.0695678	3378	1.26947e-68	TRUE	NA	NA	NA	NA	NA	NA
PB1|PP755595.1|A/cattle/Texas/24-008749-003/2024(H5N1)	1221	G	A	3487	1751	33	38	12	31	0.0107801	3525	3.37799e-09	TRUE	NA	NA	NA	NA	NA	NA
