REGION	POS	REF	ALT	REF_DP	REF_RV	REF_QUAL	ALT_DP	ALT_RV	ALT_QUAL	ALT_FREQ	TOTAL_DP	PVAL	PASS	GFF_FEATURE	REF_CODON	REF_AA	ALT_CODON	ALT_AA	POS_AA
MP|PP755590.1|A/cattle/Texas/24-008749-003/2024(H5N1)	84	T	G	0	0	0	4213	1915	67	0.999763	4214	0	TRUE	M1:cds-XAJ25416.1	CTT	L	CTG	L	28
MP|PP755590.1|A/cattle/Texas/24-008749-003/2024(H5N1)	277	A	G	7588	3791	69	87	48	66	0.0113355	7675	5.36913e-41	TRUE	M1:cds-XAJ25416.1	ATG	M	GTG	V	93
MP|PP755590.1|A/cattle/Texas/24-008749-003/2024(H5N1)	285	A	G	1	0	76	7558	3782	65	0.999735	7560	0	TRUE	M1:cds-XAJ25416.1	AGA	R	AGG	R	95
MP|PP755590.1|A/cattle/Texas/24-008749-003/2024(H5N1)	289	G	A	7543	3708	67	106	54	63	0.013858	7649	1.04129e-49	TRUE	M1:cds-XAJ25416.1	GTC	V	ATC	I	97
MP|PP755590.1|A/cattle/Texas/24-008749-003/2024(H5N1)	302	G	A	7055	3410	69	386	200	67	0.0518747	7441	1.6476e-181	TRUE	M1:cds-XAJ25416.1	AGG	R	AAG	K	101
MP|PP755590.1|A/cattle/Texas/24-008749-003/2024(H5N1)	307	C	T	1	1	77	7317	3631	68	0.999727	7319	0	TRUE	M1:cds-XAJ25416.1	CTG	L	TTG	L	103
MP|PP755590.1|A/cattle/Texas/24-008749-003/2024(H5N1)	328	C	T	7234	3626	69	130	75	65	0.0176534	7364	1.23195e-61	TRUE	M1:cds-XAJ25416.1	CAT	H	TAT	Y	110
MP|PP755590.1|A/cattle/Texas/24-008749-003/2024(H5N1)	456	A	G	3	1	72	7080	3461	69	0.999576	7083	0	TRUE	M1:cds-XAJ25416.1	GAA	E	GAG	E	152
MP|PP755590.1|A/cattle/Texas/24-008749-003/2024(H5N1)	615	T	A	2	1	53	6629	3265	66	0.998795	6637	0	TRUE	M1:cds-XAJ25416.1	GTT	V	GTA	V	205
