REGION	POS	REF	ALT	REF_DP	REF_RV	REF_QUAL	ALT_DP	ALT_RV	ALT_QUAL	ALT_FREQ	TOTAL_DP	PVAL	PASS	GFF_FEATURE	REF_CODON	REF_AA	ALT_CODON	ALT_AA	POS_AA
MP|PP755590.1|A/cattle/Texas/24-008749-003/2024(H5N1)	245	G	A	1	1	27	6053	2668	36	0.999505	6056	0	TRUE	M1:cds-XAJ25416.1	AGT	S	AAT	N	82
MP|PP755590.1|A/cattle/Texas/24-008749-003/2024(H5N1)	530	A	G	5685	3252	36	119	60	38	0.0204573	5817	3.03555e-35	TRUE	M1:cds-XAJ25416.1	AAC	N	AGC	S	177
MP|PP755590.1|A/cattle/Texas/24-008749-003/2024(H5N1)	547	A	G	6541	3920	37	80	52	35	0.0120791	6623	4.74875e-20	TRUE	M1:cds-XAJ25416.1	AGT	S	GGT	G	183
MP|PP755590.1|A/cattle/Texas/24-008749-003/2024(H5N1)	783	T	C	2	2	34	5295	3142	38	0.999057	5300	0	TRUE	M2:cds-XAJ25417.1	ATC	I	ACC	T	23
MP|PP755590.1|A/cattle/Texas/24-008749-003/2024(H5N1)	829	C	A	5775	4884	37	80	70	34	0.0136589	5857	5.43629e-21	TRUE	M2:cds-XAJ25417.1	TTC	F	TTA	L	39
MP|PP755590.1|A/cattle/Texas/24-008749-003/2024(H5N1)	966	A	G	2225	2168	34	48	48	33	0.0211175	2273	1.6056e-13	TRUE	M2:cds-XAJ25417.1	AAC	N	AGC	S	84
