REGION	POS	REF	ALT	REF_DP	REF_RV	REF_QUAL	ALT_DP	ALT_RV	ALT_QUAL	ALT_FREQ	TOTAL_DP	PVAL	PASS	GFF_FEATURE	REF_CODON	REF_AA	ALT_CODON	ALT_AA	POS_AA
NS|PP755593.1|A/cattle/Texas/24-008749-003/2024(H5N1)	62	G	A	3	0	34	29831	8581	33	0.999899	29834	0	TRUE	NS1:cds-XAJ25420.1	CGA	R	CAA	Q	21
NS|PP755593.1|A/cattle/Texas/24-008749-003/2024(H5N1)	174	T	C	13	6	34	57673	29384	33	0.999671	57692	0	TRUE	NS1:cds-XAJ25420.1	ACT	T	ACC	T	58
NS|PP755593.1|A/cattle/Texas/24-008749-003/2024(H5N1)	222	T	C	8	6	34	63602	32901	33	0.999796	63615	0	TRUE	NS1:cds-XAJ25420.1	GAT	D	GAC	D	74
NS|PP755593.1|A/cattle/Texas/24-008749-003/2024(H5N1)	240	T	C	13	7	33	63034	35947	33	0.99973	63051	0	TRUE	NS1:cds-XAJ25420.1	ACT	T	ACC	T	80
NS|PP755593.1|A/cattle/Texas/24-008749-003/2024(H5N1)	373	G	A	64916	30754	33	661	318	33	0.0100794	65579	1.93882e-127	TRUE	NS1:cds-XAJ25420.1	GAT	D	AAT	N	125
NS|PP755593.1|A/cattle/Texas/24-008749-003/2024(H5N1)	441	C	T	6	4	32	63070	29128	33	0.999746	63086	0	TRUE	NS1:cds-XAJ25420.1	CTC	L	CTT	L	147
