REGION	POS	REF	ALT	REF_DP	REF_RV	REF_QUAL	ALT_DP	ALT_RV	ALT_QUAL	ALT_FREQ	TOTAL_DP	PVAL	PASS	GFF_FEATURE	REF_CODON	REF_AA	ALT_CODON	ALT_AA	POS_AA
PB1|PP755595.1|A/cattle/Texas/24-008749-003/2024(H5N1)	717	G	A	4	1	59	2290	1116	67	0.998256	2294	0	TRUE	PB1:cds-XAJ25424.1	AGG	R	AGA	R	239
PB1|PP755595.1|A/cattle/Texas/24-008749-003/2024(H5N1)	1062	A	G	1	0	76	2460	1175	64	0.999594	2461	0	TRUE	PB1:cds-XAJ25424.1	GGA	G	GGG	G	354
PB1|PP755595.1|A/cattle/Texas/24-008749-003/2024(H5N1)	1071	C	T	0	0	0	2377	1133	66	1	2377	0	TRUE	PB1:cds-XAJ25424.1	TTC	F	TTT	F	357
PB1|PP755595.1|A/cattle/Texas/24-008749-003/2024(H5N1)	1192	G	A	2493	1267	66	50	22	60	0.0196618	2543	5.67356e-23	TRUE	PB1:cds-XAJ25424.1	GAT	D	AAT	N	398
PB1|PP755595.1|A/cattle/Texas/24-008749-003/2024(H5N1)	1260	A	G	0	0	0	2464	1039	64	1	2464	0	TRUE	PB1:cds-XAJ25424.1	GGA	G	GGG	G	420
PB1|PP755595.1|A/cattle/Texas/24-008749-003/2024(H5N1)	1627	A	T	0	0	0	2862	1404	62	0.999651	2863	0	TRUE	PB1:cds-XAJ25424.1	ACA	T	TCA	S	543
PB1|PP755595.1|A/cattle/Texas/24-008749-003/2024(H5N1)	1800	T	C	1	1	76	3269	1564	66	0.999694	3270	0	TRUE	PB1:cds-XAJ25424.1	AAT	N	AAC	N	600
PB1|PP755595.1|A/cattle/Texas/24-008749-003/2024(H5N1)	1887	T	C	2888	1478	66	348	176	65	0.10754	3236	8.46773e-160	TRUE	PB1:cds-XAJ25424.1	AAT	N	AAC	N	629
