REGION	POS	REF	ALT	REF_DP	REF_RV	REF_QUAL	ALT_DP	ALT_RV	ALT_QUAL	ALT_FREQ	TOTAL_DP	PVAL	PASS	GFF_FEATURE	REF_CODON	REF_AA	ALT_CODON	ALT_AA	POS_AA
HA|PP755589.1|A/cattle/Texas/24-008749-003/2024(H5N1)	30	A	G	0	0	0	42	0	33	1	42	6.54572e-39	TRUE	HA:cds-XAJ25415.1	ATA	I	ATG	M	10
HA|PP755589.1|A/cattle/Texas/24-008749-003/2024(H5N1)	68	A	T	72	0	33	1	0	26	0.0136986	73	0.573324	FALSE	HA:cds-XAJ25415.1	TAC	Y	TTC	F	23
HA|PP755589.1|A/cattle/Texas/24-008749-003/2024(H5N1)	98	A	G	136	1	34	3	0	34	0.0215827	139	0.0612934	FALSE	HA:cds-XAJ25415.1	GAC	D	GGC	G	33
HA|PP755589.1|A/cattle/Texas/24-008749-003/2024(H5N1)	140	A	T	153	8	32	2	0	30	0.0129032	155	0.188875	FALSE	HA:cds-XAJ25415.1	GAC	D	GTC	V	47
HA|PP755589.1|A/cattle/Texas/24-008749-003/2024(H5N1)	238	A	G	151	20	34	2	0	34	0.0130719	153	0.229254	FALSE	HA:cds-XAJ25415.1	AAC	N	GAC	D	80
HA|PP755589.1|A/cattle/Texas/24-008749-003/2024(H5N1)	270	G	A	145	22	34	5	0	34	0.0333333	150	0.0256141	FALSE	HA:cds-XAJ25415.1	CCG	P	CCA	P	90
HA|PP755589.1|A/cattle/Texas/24-008749-003/2024(H5N1)	311	A	G	0	0	0	217	37	34	1	217	4.66374e-136	TRUE	HA:cds-XAJ25415.1	GAC	D	GGC	G	104
HA|PP755589.1|A/cattle/Texas/24-008749-003/2024(H5N1)	651	G	A	0	0	0	348	129	34	0.997135	349	1.4713e-220	TRUE	HA:cds-XAJ25415.1	GGG	G	GGA	G	217
HA|PP755589.1|A/cattle/Texas/24-008749-003/2024(H5N1)	675	G	A	0	0	0	290	125	33	0.996564	291	1.64709e-193	TRUE	HA:cds-XAJ25415.1	TTG	L	TTA	L	225
HA|PP755589.1|A/cattle/Texas/24-008749-003/2024(H5N1)	1007	G	A	0	0	0	396	231	34	1	396	9.09264e-250	TRUE	HA:cds-XAJ25415.1	AGT	S	AAT	N	336
HA|PP755589.1|A/cattle/Texas/24-008749-003/2024(H5N1)	1052	T	A	388	245	34	5	1	30	0.0127226	393	0.0260477	FALSE	HA:cds-XAJ25415.1	ATA	I	AAA	K	351
