REGION	POS	REF	ALT	REF_DP	REF_RV	REF_QUAL	ALT_DP	ALT_RV	ALT_QUAL	ALT_FREQ	TOTAL_DP	PVAL	PASS	GFF_FEATURE	REF_CODON	REF_AA	ALT_CODON	ALT_AA	POS_AA
NS|PP755593.1|A/cattle/Texas/24-008749-003/2024(H5N1)	190	A	G	5294	2431	36	94	42	36	0.0174429	5389	3.94613e-23	TRUE	NS1:cds-XAJ25420.1	ATA	I	GTA	V	64
NS|PP755593.1|A/cattle/Texas/24-008749-003/2024(H5N1)	199	A	G	0	0	0	5362	2336	36	1	5362	0	TRUE	NS1:cds-XAJ25420.1	AGG	R	GGG	G	67
NS|PP755593.1|A/cattle/Texas/24-008749-003/2024(H5N1)	222	T	C	0	0	0	5869	3001	36	1	5869	0	TRUE	NS1:cds-XAJ25420.1	GAT	D	GAC	D	74
NS|PP755593.1|A/cattle/Texas/24-008749-003/2024(H5N1)	254	C	T	6024	3379	36	169	108	36	0.0272889	6193	1.10595e-43	TRUE	NS1:cds-XAJ25420.1	CCT	P	CTT	L	85
NS|PP755593.1|A/cattle/Texas/24-008749-003/2024(H5N1)	673	A	G	2860	1936	36	2475	1774	36	0.463918	5335	0	TRUE	NEP:cds-XAJ25421.1	GGA	G	GGG	G	57
NS|PP755593.1|A/cattle/Texas/24-008749-003/2024(H5N1)	673	A	G	2860	1936	36	2475	1774	36	0.463918	5335	0	TRUE	NS1:cds-XAJ25420.1	ACA	T	GCA	A	225
