REGION	POS	REF	ALT	REF_DP	REF_RV	REF_QUAL	ALT_DP	ALT_RV	ALT_QUAL	ALT_FREQ	TOTAL_DP	PVAL	PASS	GFF_FEATURE	REF_CODON	REF_AA	ALT_CODON	ALT_AA	POS_AA
NS|PP755593.1|A/cattle/Texas/24-008749-003/2024(H5N1)	64	T	G	3	3	20	16530	7591	32	0.999456	16539	0	TRUE	NS1:cds-XAJ25420.1	TTT	F	GTT	V	22
NS|PP755593.1|A/cattle/Texas/24-008749-003/2024(H5N1)	199	A	G	0	0	0	37445	18023	32	0.999493	37464	0	TRUE	NS1:cds-XAJ25420.1	AGG	R	GGG	G	67
NS|PP755593.1|A/cattle/Texas/24-008749-003/2024(H5N1)	222	T	C	2	1	34	39536	19636	32	0.999393	39560	0	TRUE	NS1:cds-XAJ25420.1	GAT	D	GAC	D	74
NS|PP755593.1|A/cattle/Texas/24-008749-003/2024(H5N1)	375	T	C	5	2	31	40495	20607	32	0.999284	40524	0	TRUE	NS1:cds-XAJ25420.1	GAT	D	GAC	D	125
NS|PP755593.1|A/cattle/Texas/24-008749-003/2024(H5N1)	469	G	A	37884	18437	32	3277	1574	32	0.0795678	41185	0	TRUE	NS1:cds-XAJ25420.1	GTC	V	ATC	I	157
NS|PP755593.1|A/cattle/Texas/24-008749-003/2024(H5N1)	539	T	C	34797	17537	32	8800	4413	32	0.201784	43611	0	TRUE	NEP:cds-XAJ25421.1	TCC	S	CCC	P	13
NS|PP755593.1|A/cattle/Texas/24-008749-003/2024(H5N1)	539	T	C	34797	17537	32	8800	4413	32	0.201784	43611	0	TRUE	NS1:cds-XAJ25420.1	GTC	V	GCC	A	180
NS|PP755593.1|A/cattle/Texas/24-008749-003/2024(H5N1)	611	G	A	11	7	27	43819	23808	33	0.999498	43841	0	TRUE	NEP:cds-XAJ25421.1	GAA	E	AAA	K	37
NS|PP755593.1|A/cattle/Texas/24-008749-003/2024(H5N1)	611	G	A	11	7	27	43819	23808	33	0.999498	43841	0	TRUE	NS1:cds-XAJ25420.1	AGA	R	AAA	K	204
NS|PP755593.1|A/cattle/Texas/24-008749-003/2024(H5N1)	646	C	T	9	5	32	41781	22551	33	0.999474	41803	0	TRUE	NEP:cds-XAJ25421.1	CTC	L	CTT	L	48
NS|PP755593.1|A/cattle/Texas/24-008749-003/2024(H5N1)	646	C	T	9	5	32	41781	22551	33	0.999474	41803	0	TRUE	NS1:cds-XAJ25420.1	CCA	P	TCA	S	216
NS|PP755593.1|A/cattle/Texas/24-008749-003/2024(H5N1)	682	T	C	31036	16894	32	8083	4420	32	0.206552	39133	0	TRUE	NEP:cds-XAJ25421.1	AGT	S	AGC	S	60
NS|PP755593.1|A/cattle/Texas/24-008749-003/2024(H5N1)	682	T	C	31036	16894	32	8083	4420	32	0.206552	39133	0	TRUE	NS1:cds-XAJ25420.1	TCA	S	CCA	P	228
