REGION	POS	REF	ALT	REF_DP	REF_RV	REF_QUAL	ALT_DP	ALT_RV	ALT_QUAL	ALT_FREQ	TOTAL_DP	PVAL	PASS	GFF_FEATURE	REF_CODON	REF_AA	ALT_CODON	ALT_AA	POS_AA
NA|PP755591.1|A/cattle/Texas/24-008749-003/2024(H5N1)	9	A	T	97	52	31	1	1	20	0.0102041	98	0.625135	FALSE	NA:cds-XAJ25418.1	CCA	P	CCT	P	3
NA|PP755591.1|A/cattle/Texas/24-008749-003/2024(H5N1)	204	C	A	1274	612	32	383	189	31	0.231001	1658	3.89586e-140	TRUE	NA:cds-XAJ25418.1	AAC	N	AAA	K	68
NA|PP755591.1|A/cattle/Texas/24-008749-003/2024(H5N1)	278	C	T	1854	914	32	20	10	34	0.010661	1876	1.6731e-05	TRUE	NA:cds-XAJ25418.1	CCT	P	CTT	L	93
NA|PP755591.1|A/cattle/Texas/24-008749-003/2024(H5N1)	279	T	C	1230	586	32	623	305	32	0.33603	1854	4.70755e-232	TRUE	NA:cds-XAJ25418.1	CCT	P	CCC	P	93
NA|PP755591.1|A/cattle/Texas/24-008749-003/2024(H5N1)	392	C	T	1849	901	32	88	44	31	0.0454311	1937	1.74919e-26	TRUE	NA:cds-XAJ25418.1	ACC	T	ATC	I	131
NA|PP755591.1|A/cattle/Texas/24-008749-003/2024(H5N1)	552	T	C	1996	952	32	114	57	32	0.0540284	2110	4.46372e-33	TRUE	NA:cds-XAJ25418.1	TGT	C	TGC	C	184
NA|PP755591.1|A/cattle/Texas/24-008749-003/2024(H5N1)	571	T	C	1	1	20	2018	972	32	0.997528	2023	0	TRUE	NA:cds-XAJ25418.1	TTG	L	CTG	L	191
NA|PP755591.1|A/cattle/Texas/24-008749-003/2024(H5N1)	699	C	T	1	1	34	1958	976	32	0.99898	1960	0	TRUE	NA:cds-XAJ25418.1	TGC	C	TGT	C	233
NA|PP755591.1|A/cattle/Texas/24-008749-003/2024(H5N1)	1077	C	T	2229	1084	32	176	90	33	0.0731809	2405	9.63725e-53	TRUE	NA:cds-XAJ25418.1	ATC	I	ATT	I	359
NA|PP755591.1|A/cattle/Texas/24-008749-003/2024(H5N1)	1185	A	G	0	0	0	2487	1329	32	0.999196	2489	0	TRUE	NA:cds-XAJ25418.1	GAA	E	GAG	E	395
