REGION	POS	REF	ALT	REF_DP	REF_RV	REF_QUAL	ALT_DP	ALT_RV	ALT_QUAL	ALT_FREQ	TOTAL_DP	PVAL	PASS	GFF_FEATURE	REF_CODON	REF_AA	ALT_CODON	ALT_AA	POS_AA
NP|PP755592.1|A/cattle/Texas/24-008749-003/2024(H5N1)	355	A	G	0	0	0	8857	4677	33	1	8857	0	TRUE	NP:cds-XAJ25419.1	ATT	I	GTT	V	119
NP|PP755592.1|A/cattle/Texas/24-008749-003/2024(H5N1)	498	G	A	0	0	0	8748	4040	33	1	8748	0	TRUE	NP:cds-XAJ25419.1	CTG	L	CTA	L	166
NP|PP755592.1|A/cattle/Texas/24-008749-003/2024(H5N1)	715	A	G	9061	5613	33	298	172	31	0.0318104	9368	2.9842e-81	TRUE	NP:cds-XAJ25419.1	ATG	M	GTG	V	239
NP|PP755592.1|A/cattle/Texas/24-008749-003/2024(H5N1)	826	C	A	9026	4354	33	367	228	33	0.0390716	9393	1.44541e-99	TRUE	NP:cds-XAJ25419.1	CTG	L	ATG	M	276
NP|PP755592.1|A/cattle/Texas/24-008749-003/2024(H5N1)	870	C	T	0	0	0	8566	3942	33	0.999883	8567	0	TRUE	NP:cds-XAJ25419.1	GAC	D	GAT	D	290
NP|PP755592.1|A/cattle/Texas/24-008749-003/2024(H5N1)	1014	T	C	1	1	34	9158	4830	33	0.999782	9160	0	TRUE	NP:cds-XAJ25419.1	TTT	F	TTC	F	338
NP|PP755592.1|A/cattle/Texas/24-008749-003/2024(H5N1)	1092	G	A	7	2	34	9900	4805	33	0.999092	9909	0	TRUE	NP:cds-XAJ25419.1	CAG	Q	CAA	Q	364
NP|PP755592.1|A/cattle/Texas/24-008749-003/2024(H5N1)	1116	G	T	9661	5144	33	994	460	33	0.0932895	10655	2.87219e-297	TRUE	NP:cds-XAJ25419.1	GAG	E	GAT	D	372
