REGION	POS	REF	ALT	REF_DP	REF_RV	REF_QUAL	ALT_DP	ALT_RV	ALT_QUAL	ALT_FREQ	TOTAL_DP	PVAL	PASS	GFF_FEATURE	REF_CODON	REF_AA	ALT_CODON	ALT_AA	POS_AA
PA|PP755594.1|A/cattle/Texas/24-008749-003/2024(H5N1)	90	C	T	1016	310	33	61	32	33	0.0565863	1078	7.57476e-27	TRUE	NA	NA	NA	NA	NA	NA
PA|PP755594.1|A/cattle/Texas/24-008749-003/2024(H5N1)	144	T	C	175	74	33	1934	879	33	0.916588	2110	0	TRUE	NA	NA	NA	NA	NA	NA
PA|PP755594.1|A/cattle/Texas/24-008749-003/2024(H5N1)	159	T	-ATTGACGAACGAG	1941	882	32	91	0	20	0.0403906	2253	2.28582e-13	TRUE	NA	NA	NA	NA	NA	NA
PA|PP755594.1|A/cattle/Texas/24-008749-003/2024(H5N1)	228	T	C	1745	1079	33	158	71	33	0.0830268	1903	2.94166e-49	TRUE	NA	NA	NA	NA	NA	NA
PA|PP755594.1|A/cattle/Texas/24-008749-003/2024(H5N1)	231	G	A	1799	1088	33	124	77	33	0.0644826	1923	6.89291e-38	TRUE	NA	NA	NA	NA	NA	NA
PA|PP755594.1|A/cattle/Texas/24-008749-003/2024(H5N1)	399	A	G	1969	854	33	41	15	33	0.0203879	2011	4.5723e-11	TRUE	NA	NA	NA	NA	NA	NA
PA|PP755594.1|A/cattle/Texas/24-008749-003/2024(H5N1)	714	G	A	1669	888	33	27	12	34	0.0159198	1696	7.90682e-08	TRUE	NA	NA	NA	NA	NA	NA
PA|PP755594.1|A/cattle/Texas/24-008749-003/2024(H5N1)	888	T	C	1777	835	33	164	77	33	0.0844925	1941	2.09325e-50	TRUE	NA	NA	NA	NA	NA	NA
PA|PP755594.1|A/cattle/Texas/24-008749-003/2024(H5N1)	922	A	G	204	62	33	1837	515	33	0.900049	2041	0	TRUE	NA	NA	NA	NA	NA	NA
PA|PP755594.1|A/cattle/Texas/24-008749-003/2024(H5N1)	981	G	A	0	0	0	2014	790	33	1	2014	0	TRUE	NA	NA	NA	NA	NA	NA
PA|PP755594.1|A/cattle/Texas/24-008749-003/2024(H5N1)	1294	G	A	0	0	0	2527	1287	33	0.999604	2528	0	TRUE	NA	NA	NA	NA	NA	NA
PA|PP755594.1|A/cattle/Texas/24-008749-003/2024(H5N1)	1687	C	T	2269	952	33	28	17	33	0.0121898	2297	3.07549e-07	TRUE	NA	NA	NA	NA	NA	NA
PA|PP755594.1|A/cattle/Texas/24-008749-003/2024(H5N1)	1968	G	A	2394	1254	33	45	24	33	0.0184502	2439	4.20175e-12	TRUE	NA	NA	NA	NA	NA	NA
PA|PP755594.1|A/cattle/Texas/24-008749-003/2024(H5N1)	1971	G	A	2408	1222	33	77	43	32	0.0309859	2485	1.05963e-21	TRUE	NA	NA	NA	NA	NA	NA
