REGION	POS	REF	ALT	REF_DP	REF_RV	REF_QUAL	ALT_DP	ALT_RV	ALT_QUAL	ALT_FREQ	TOTAL_DP	PVAL	PASS	GFF_FEATURE	REF_CODON	REF_AA	ALT_CODON	ALT_AA	POS_AA
PB1|PP755595.1|A/cattle/Texas/24-008749-003/2024(H5N1)	15	G	A	80	10	39	1	0	68	0.0123457	81	0.115549	FALSE	PB1:cds-XAJ25424.1	CCG	P	CCA	P	5
PB1|PP755595.1|A/cattle/Texas/24-008749-003/2024(H5N1)	26	T	C	178	18	36	2	0	31	0.0111111	180	0.0390369	FALSE	PB1:cds-XAJ25424.1	TTC	F	TCC	S	9
PB1|PP755595.1|A/cattle/Texas/24-008749-003/2024(H5N1)	945	T	C	0	0	0	1343	763	39	1	1343	0	TRUE	PB1:cds-XAJ25424.1	CCT	P	CCC	P	315
PB1|PP755595.1|A/cattle/Texas/24-008749-003/2024(H5N1)	1677	T	C	1	0	68	2022	810	39	0.999506	2023	0	TRUE	PB1:cds-XAJ25424.1	TAT	Y	TAC	Y	559
PB1|PP755595.1|A/cattle/Texas/24-008749-003/2024(H5N1)	2022	T	C	2	1	30	2182	893	39	0.999084	2184	0	TRUE	PB1:cds-XAJ25424.1	ATT	I	ATC	I	674
