REGION	POS	REF	ALT	REF_DP	REF_RV	REF_QUAL	ALT_DP	ALT_RV	ALT_QUAL	ALT_FREQ	TOTAL_DP	PVAL	PASS	GFF_FEATURE	REF_CODON	REF_AA	ALT_CODON	ALT_AA	POS_AA
HA|PP755589.1|A/cattle/Texas/24-008749-003/2024(H5N1)	4	G	A	0	0	0	39	6	33	1	39	4.20627e-29	TRUE	HA:cds-XAJ25415.1	GAG	E	AAG	K	2
HA|PP755589.1|A/cattle/Texas/24-008749-003/2024(H5N1)	10	A	G	253	40	33	3	1	34	0.0117188	256	0.00797846	TRUE	HA:cds-XAJ25415.1	ATA	I	GTA	V	4
HA|PP755589.1|A/cattle/Texas/24-008749-003/2024(H5N1)	311	A	G	0	0	0	2792	1368	33	1	2792	0	TRUE	HA:cds-XAJ25415.1	GAC	D	GGC	G	104
HA|PP755589.1|A/cattle/Texas/24-008749-003/2024(H5N1)	407	G	A	2802	1384	33	225	92	33	0.074331	3027	1.17838e-65	TRUE	HA:cds-XAJ25415.1	AGT	S	AAT	N	136
HA|PP755589.1|A/cattle/Texas/24-008749-003/2024(H5N1)	439	G	A	0	0	0	2805	1584	33	1	2805	0	TRUE	HA:cds-XAJ25415.1	GTG	V	ATG	M	147
HA|PP755589.1|A/cattle/Texas/24-008749-003/2024(H5N1)	651	G	A	1	1	34	2380	1113	33	0.99916	2382	0	TRUE	HA:cds-XAJ25415.1	GGG	G	GGA	G	217
HA|PP755589.1|A/cattle/Texas/24-008749-003/2024(H5N1)	675	G	A	1	1	34	2400	1094	33	0.999167	2402	0	TRUE	HA:cds-XAJ25415.1	TTG	L	TTA	L	225
HA|PP755589.1|A/cattle/Texas/24-008749-003/2024(H5N1)	765	C	T	2431	1202	33	41	22	33	0.0165858	2472	6.7947e-11	TRUE	HA:cds-XAJ25415.1	ATC	I	ATT	I	255
HA|PP755589.1|A/cattle/Texas/24-008749-003/2024(H5N1)	774	G	A	1860	915	33	527	242	33	0.220779	2387	1.91612e-173	TRUE	HA:cds-XAJ25415.1	GAG	E	GAA	E	258
HA|PP755589.1|A/cattle/Texas/24-008749-003/2024(H5N1)	966	G	T	2392	1109	33	65	31	33	0.026455	2457	3.60508e-18	TRUE	HA:cds-XAJ25415.1	GTG	V	GTT	V	322
HA|PP755589.1|A/cattle/Texas/24-008749-003/2024(H5N1)	1007	G	A	0	0	0	2419	1377	33	1	2419	0	TRUE	HA:cds-XAJ25415.1	AGT	S	AAT	N	336
HA|PP755589.1|A/cattle/Texas/24-008749-003/2024(H5N1)	1031	A	G	1457	794	33	926	534	33	0.388586	2383	0	TRUE	HA:cds-XAJ25415.1	AAA	K	AGA	R	344
HA|PP755589.1|A/cattle/Texas/24-008749-003/2024(H5N1)	1052	T	A	2401	1326	33	30	8	31	0.0123406	2431	7.17921e-08	TRUE	HA:cds-XAJ25415.1	ATA	I	AAA	K	351
HA|PP755589.1|A/cattle/Texas/24-008749-003/2024(H5N1)	1173	T	C	1	0	34	6694	1888	33	0.999851	6695	0	TRUE	HA:cds-XAJ25415.1	GAT	D	GAC	D	391
HA|PP755589.1|A/cattle/Texas/24-008749-003/2024(H5N1)	1404	A	G	9126	5192	33	108	70	33	0.0116946	9235	7.73737e-24	TRUE	HA:cds-XAJ25415.1	AGA	R	AGG	R	468
