REGION	POS	REF	ALT	REF_DP	REF_RV	REF_QUAL	ALT_DP	ALT_RV	ALT_QUAL	ALT_FREQ	TOTAL_DP	PVAL	PASS	GFF_FEATURE	REF_CODON	REF_AA	ALT_CODON	ALT_AA	POS_AA
HA|PP755589.1|A/cattle/Texas/24-008749-003/2024(H5N1)	4	G	C	0	0	0	1	0	26	0.015625	64	0.0186916	FALSE	HA:cds-XAJ25415.1	GAG	E	CAG	Q	2
HA|PP755589.1|A/cattle/Texas/24-008749-003/2024(H5N1)	4	G	A	0	0	0	63	3	33	0.984375	64	5.32347e-48	TRUE	HA:cds-XAJ25415.1	GAG	E	AAG	K	2
HA|PP755589.1|A/cattle/Texas/24-008749-003/2024(H5N1)	311	A	G	0	0	0	4680	2029	33	1	4680	0	TRUE	HA:cds-XAJ25415.1	GAC	D	GGC	G	104
HA|PP755589.1|A/cattle/Texas/24-008749-003/2024(H5N1)	439	G	A	5	3	34	4999	2731	33	0.998402	5007	0	TRUE	HA:cds-XAJ25415.1	GTG	V	ATG	M	147
HA|PP755589.1|A/cattle/Texas/24-008749-003/2024(H5N1)	651	G	A	3	0	34	5214	2288	33	0.999042	5219	0	TRUE	HA:cds-XAJ25415.1	GGG	G	GGA	G	217
HA|PP755589.1|A/cattle/Texas/24-008749-003/2024(H5N1)	675	G	A	7	5	34	5027	2224	32	0.996432	5045	0	TRUE	HA:cds-XAJ25415.1	TTG	L	TTA	L	225
HA|PP755589.1|A/cattle/Texas/24-008749-003/2024(H5N1)	711	G	A	2212	1019	33	2851	1318	33	0.563105	5063	0	TRUE	HA:cds-XAJ25415.1	GGG	G	GGA	G	237
HA|PP755589.1|A/cattle/Texas/24-008749-003/2024(H5N1)	900	G	A	4364	2375	33	646	300	33	0.128916	5011	4.97304e-200	TRUE	HA:cds-XAJ25415.1	GCG	A	GCA	A	300
HA|PP755589.1|A/cattle/Texas/24-008749-003/2024(H5N1)	1007	G	A	0	0	0	5410	2931	33	1	5410	0	TRUE	HA:cds-XAJ25415.1	AGT	S	AAT	N	336
HA|PP755589.1|A/cattle/Texas/24-008749-003/2024(H5N1)	1173	T	C	5	4	34	8025	2230	33	0.999253	8031	0	TRUE	HA:cds-XAJ25415.1	GAT	D	GAC	D	391
