REGION	POS	REF	ALT	REF_DP	REF_RV	REF_QUAL	ALT_DP	ALT_RV	ALT_QUAL	ALT_FREQ	TOTAL_DP	PVAL	PASS	GFF_FEATURE	REF_CODON	REF_AA	ALT_CODON	ALT_AA	POS_AA
HA|PP755589.1|A/cattle/Texas/24-008749-003/2024(H5N1)	5	A	G	160	32	38	2	0	34	0.0123457	162	0.025798	FALSE	HA:cds-XAJ25415.1	GAG	E	GGG	G	2
HA|PP755589.1|A/cattle/Texas/24-008749-003/2024(H5N1)	196	C	T	0	0	0	2652	1482	44	1	2652	0	TRUE	HA:cds-XAJ25415.1	CTG	L	TTG	L	66
HA|PP755589.1|A/cattle/Texas/24-008749-003/2024(H5N1)	439	G	A	219	140	41	2120	1273	43	0.90637	2339	0	TRUE	HA:cds-XAJ25415.1	GTG	V	ATG	M	147
HA|PP755589.1|A/cattle/Texas/24-008749-003/2024(H5N1)	601	G	A	2054	920	43	121	50	39	0.0556322	2175	1.8506e-42	TRUE	HA:cds-XAJ25415.1	GAA	E	AAA	K	201
HA|PP755589.1|A/cattle/Texas/24-008749-003/2024(H5N1)	651	G	A	0	0	0	1955	934	42	1	1955	0	TRUE	HA:cds-XAJ25415.1	GGG	G	GGA	G	217
HA|PP755589.1|A/cattle/Texas/24-008749-003/2024(H5N1)	690	T	C	0	0	0	1919	980	41	1	1919	0	TRUE	HA:cds-XAJ25415.1	GCT	A	GCC	A	230
HA|PP755589.1|A/cattle/Texas/24-008749-003/2024(H5N1)	693	T	C	0	0	0	1916	974	41	1	1916	0	TRUE	HA:cds-XAJ25415.1	ACT	T	ACC	T	231
HA|PP755589.1|A/cattle/Texas/24-008749-003/2024(H5N1)	700	C	A	1942	901	41	159	100	38	0.0756422	2102	2.64654e-54	TRUE	HA:cds-XAJ25415.1	CAA	Q	AAA	K	234
HA|PP755589.1|A/cattle/Texas/24-008749-003/2024(H5N1)	858	A	G	1	0	68	2232	1191	41	0.999552	2233	0	TRUE	HA:cds-XAJ25415.1	GAA	E	GAG	E	286
HA|PP755589.1|A/cattle/Texas/24-008749-003/2024(H5N1)	990	G	A	0	0	0	2119	1090	49	0.999528	2120	0	TRUE	HA:cds-XAJ25415.1	GCG	A	GCA	A	330
HA|PP755589.1|A/cattle/Texas/24-008749-003/2024(H5N1)	1013	T	C	2	1	31	1962	1121	45	0.998982	1964	0	TRUE	HA:cds-XAJ25415.1	CTA	L	CCA	P	338
HA|PP755589.1|A/cattle/Texas/24-008749-003/2024(H5N1)	1296	A	G	4	2	40	4746	2855	43	0.999158	4750	0	TRUE	HA:cds-XAJ25415.1	GGA	G	GGG	G	432
HA|PP755589.1|A/cattle/Texas/24-008749-003/2024(H5N1)	1536	A	G	2	1	68	5350	2524	46	0.999626	5352	0	TRUE	HA:cds-XAJ25415.1	AGA	R	AGG	R	512
