REGION	POS	REF	ALT	REF_DP	REF_RV	REF_QUAL	ALT_DP	ALT_RV	ALT_QUAL	ALT_FREQ	TOTAL_DP	PVAL	PASS	GFF_FEATURE	REF_CODON	REF_AA	ALT_CODON	ALT_AA	POS_AA
HA|PP755589.1|A/cattle/Texas/24-008749-003/2024(H5N1)	4	G	A	0	0	0	59	18	33	1	59	5.44877e-50	TRUE	HA:cds-XAJ25415.1	GAG	E	AAG	K	2
HA|PP755589.1|A/cattle/Texas/24-008749-003/2024(H5N1)	311	A	G	2	2	30	4635	2221	33	0.999569	4637	0	TRUE	HA:cds-XAJ25415.1	GAC	D	GGC	G	104
HA|PP755589.1|A/cattle/Texas/24-008749-003/2024(H5N1)	399	T	G	0	0	0	5083	2401	33	1	5083	0	TRUE	HA:cds-XAJ25415.1	ATT	I	ATG	M	133
HA|PP755589.1|A/cattle/Texas/24-008749-003/2024(H5N1)	439	G	A	8	5	34	4772	2605	33	0.998326	4780	0	TRUE	HA:cds-XAJ25415.1	GTG	V	ATG	M	147
HA|PP755589.1|A/cattle/Texas/24-008749-003/2024(H5N1)	651	G	A	5	2	34	4444	2136	33	0.998876	4449	0	TRUE	HA:cds-XAJ25415.1	GGG	G	GGA	G	217
HA|PP755589.1|A/cattle/Texas/24-008749-003/2024(H5N1)	675	G	A	2	2	30	3959	1835	31	0.998991	3963	0	TRUE	HA:cds-XAJ25415.1	TTG	L	TTA	L	225
HA|PP755589.1|A/cattle/Texas/24-008749-003/2024(H5N1)	677	C	A	0	0	0	4171	2097	33	0.99976	4172	0	TRUE	HA:cds-XAJ25415.1	GCA	A	GAA	E	226
HA|PP755589.1|A/cattle/Texas/24-008749-003/2024(H5N1)	1007	G	A	1	1	34	5873	3071	33	0.99983	5874	0	TRUE	HA:cds-XAJ25415.1	AGT	S	AAT	N	336
HA|PP755589.1|A/cattle/Texas/24-008749-003/2024(H5N1)	1173	T	C	1	1	26	5661	2373	33	0.999823	5662	0	TRUE	HA:cds-XAJ25415.1	GAT	D	GAC	D	391
HA|PP755589.1|A/cattle/Texas/24-008749-003/2024(H5N1)	1177	G	A	1	1	34	5838	2596	33	0.999486	5841	0	TRUE	HA:cds-XAJ25415.1	GTT	V	ATT	I	393
HA|PP755589.1|A/cattle/Texas/24-008749-003/2024(H5N1)	1269	G	A	0	0	0	5401	2710	33	1	5401	0	TRUE	HA:cds-XAJ25415.1	GAG	E	GAA	E	423
HA|PP755589.1|A/cattle/Texas/24-008749-003/2024(H5N1)	1500	G	A	5	1	34	6810	3220	33	0.999266	6815	0	TRUE	HA:cds-XAJ25415.1	GGG	G	GGA	G	500
HA|PP755589.1|A/cattle/Texas/24-008749-003/2024(H5N1)	1624	C	T	8	5	34	8487	4885	33	0.999058	8495	0	TRUE	HA:cds-XAJ25415.1	CTA	L	TTA	L	542
