REGION	POS	REF	ALT	REF_DP	REF_RV	REF_QUAL	ALT_DP	ALT_RV	ALT_QUAL	ALT_FREQ	TOTAL_DP	PVAL	PASS	GFF_FEATURE	REF_CODON	REF_AA	ALT_CODON	ALT_AA	POS_AA
NP|PP755592.1|A/cattle/Texas/24-008749-003/2024(H5N1)	6	G	A	28	3	38	1	0	34	0.0344828	29	0.0606695	FALSE	NP:cds-XAJ25419.1	GCG	A	GCA	A	2
NP|PP755592.1|A/cattle/Texas/24-008749-003/2024(H5N1)	17	C	T	53	4	36	1	0	34	0.0185185	54	0.102079	FALSE	NP:cds-XAJ25419.1	ACC	T	ATC	I	6
NP|PP755592.1|A/cattle/Texas/24-008749-003/2024(H5N1)	21	A	G	56	5	36	1	0	32	0.0175439	57	0.105166	FALSE	NP:cds-XAJ25419.1	AAA	K	AAG	K	7
NP|PP755592.1|A/cattle/Texas/24-008749-003/2024(H5N1)	97	G	A	178	13	36	6	1	39	0.0326087	184	0.000164308	TRUE	NP:cds-XAJ25419.1	GTT	V	ATT	I	33
NP|PP755592.1|A/cattle/Texas/24-008749-003/2024(H5N1)	114	A	G	184	35	37	2	0	34	0.0107527	186	0.0917218	FALSE	NP:cds-XAJ25419.1	AGA	R	AGG	R	38
NP|PP755592.1|A/cattle/Texas/24-008749-003/2024(H5N1)	247	C	T	453	96	35	25	2	36	0.0523013	478	5.65131e-09	TRUE	NP:cds-XAJ25419.1	CCC	P	TCC	S	83
NP|PP755592.1|A/cattle/Texas/24-008749-003/2024(H5N1)	355	A	G	0	0	0	540	169	35	1	540	0	TRUE	NP:cds-XAJ25419.1	ATT	I	GTT	V	119
NP|PP755592.1|A/cattle/Texas/24-008749-003/2024(H5N1)	498	G	A	1	0	34	671	239	34	0.997028	673	0	TRUE	NP:cds-XAJ25419.1	CTG	L	CTA	L	166
NP|PP755592.1|A/cattle/Texas/24-008749-003/2024(H5N1)	556	G	A	330	113	34	381	125	34	0.535865	711	8.36438e-157	TRUE	NP:cds-XAJ25419.1	GTT	V	ATT	I	186
NP|PP755592.1|A/cattle/Texas/24-008749-003/2024(H5N1)	768	C	A	617	362	34	160	91	33	0.20592	777	1.11074e-55	TRUE	NP:cds-XAJ25419.1	CTC	L	CTA	L	256
NP|PP755592.1|A/cattle/Texas/24-008749-003/2024(H5N1)	870	C	T	0	0	0	727	370	33	1	727	0	TRUE	NP:cds-XAJ25419.1	GAC	D	GAT	D	290
NP|PP755592.1|A/cattle/Texas/24-008749-003/2024(H5N1)	1003	T	A	659	411	34	11	7	33	0.0164179	670	0.000233938	TRUE	NP:cds-XAJ25419.1	TCT	S	ACT	T	335
NP|PP755592.1|A/cattle/Texas/24-008749-003/2024(H5N1)	1014	T	C	0	0	0	663	429	35	1	663	0	TRUE	NP:cds-XAJ25419.1	TTT	F	TTC	F	338
NP|PP755592.1|A/cattle/Texas/24-008749-003/2024(H5N1)	1092	G	A	0	0	0	622	418	35	1	622	0	TRUE	NP:cds-XAJ25419.1	CAG	Q	CAA	Q	364
NP|PP755592.1|A/cattle/Texas/24-008749-003/2024(H5N1)	1122	G	A	597	426	35	40	23	38	0.0627943	637	5.34456e-14	TRUE	NP:cds-XAJ25419.1	ATG	M	ATA	I	374
NP|PP755592.1|A/cattle/Texas/24-008749-003/2024(H5N1)	1130	G	A	316	215	36	340	224	34	0.518293	656	4.25165e-137	TRUE	NP:cds-XAJ25419.1	AGT	S	AAT	N	377
