REGION	POS	REF	ALT	REF_DP	REF_RV	REF_QUAL	ALT_DP	ALT_RV	ALT_QUAL	ALT_FREQ	TOTAL_DP	PVAL	PASS	GFF_FEATURE	REF_CODON	REF_AA	ALT_CODON	ALT_AA	POS_AA
NS|PP755593.1|A/cattle/Texas/24-008749-003/2024(H5N1)	131	G	A	31954	10896	43	2042	440	40	0.0600606	33999	0	TRUE	NS1:cds-XAJ25420.1	AGA	R	AAA	K	44
NS|PP755593.1|A/cattle/Texas/24-008749-003/2024(H5N1)	141	C	T	34975	12405	44	632	252	43	0.0177443	35617	2.45254e-228	TRUE	NS1:cds-XAJ25420.1	GGC	G	GGT	G	47
NS|PP755593.1|A/cattle/Texas/24-008749-003/2024(H5N1)	199	A	G	6	3	39	38465	18046	39	0.999532	38483	0	TRUE	NS1:cds-XAJ25420.1	AGG	R	GGG	G	67
NS|PP755593.1|A/cattle/Texas/24-008749-003/2024(H5N1)	220	G	A	38868	19630	42	1540	578	40	0.0381084	40411	0	TRUE	NS1:cds-XAJ25420.1	GAT	D	AAT	N	74
NS|PP755593.1|A/cattle/Texas/24-008749-003/2024(H5N1)	222	T	C	9	8	39	39700	20552	41	0.999748	39710	0	TRUE	NS1:cds-XAJ25420.1	GAT	D	GAC	D	74
NS|PP755593.1|A/cattle/Texas/24-008749-003/2024(H5N1)	299	G	A	40199	22913	41	1440	562	38	0.034583	41639	0	TRUE	NS1:cds-XAJ25420.1	AGA	R	AAA	K	100
