REGION	POS	REF	ALT	REF_DP	REF_RV	REF_QUAL	ALT_DP	ALT_RV	ALT_QUAL	ALT_FREQ	TOTAL_DP	PVAL	PASS	GFF_FEATURE	REF_CODON	REF_AA	ALT_CODON	ALT_AA	POS_AA
NP|PP755592.1|A/cattle/Texas/24-008749-003/2024(H5N1)	25	T	C	1665	205	35	207	14	35	0.110577	1872	1.46743e-150	TRUE	NP:cds-XAJ25419.1	TCC	S	CCC	P	9
NP|PP755592.1|A/cattle/Texas/24-008749-003/2024(H5N1)	111	G	A	6234	2127	38	151	49	37	0.0236418	6387	4.78373e-54	TRUE	NP:cds-XAJ25419.1	GGG	G	GGA	G	37
NP|PP755592.1|A/cattle/Texas/24-008749-003/2024(H5N1)	187	A	G	11631	4722	38	310	148	37	0.0259566	11943	3.23224e-86	TRUE	NP:cds-XAJ25419.1	ATA	I	GTA	V	63
NP|PP755592.1|A/cattle/Texas/24-008749-003/2024(H5N1)	355	A	G	3	1	34	11498	6282	38	0.999565	11503	0	TRUE	NP:cds-XAJ25419.1	ATT	I	GTT	V	119
NP|PP755592.1|A/cattle/Texas/24-008749-003/2024(H5N1)	474	A	G	904	364	36	11238	6320	36	0.925395	12144	0	TRUE	NP:cds-XAJ25419.1	GGA	G	GGG	G	158
NP|PP755592.1|A/cattle/Texas/24-008749-003/2024(H5N1)	498	G	A	6	3	34	11717	5061	36	0.999488	11723	0	TRUE	NP:cds-XAJ25419.1	CTG	L	CTA	L	166
NP|PP755592.1|A/cattle/Texas/24-008749-003/2024(H5N1)	585	A	G	6988	2639	39	5472	2110	39	0.43913	12461	0	TRUE	NP:cds-XAJ25419.1	CGA	R	CGG	R	195
NP|PP755592.1|A/cattle/Texas/24-008749-003/2024(H5N1)	870	C	T	1	0	29	11325	5280	37	0.999823	11327	0	TRUE	NP:cds-XAJ25419.1	GAC	D	GAT	D	290
NP|PP755592.1|A/cattle/Texas/24-008749-003/2024(H5N1)	1014	T	C	58	37	37	12009	6452	38	0.994946	12070	0	TRUE	NP:cds-XAJ25419.1	TTT	F	TTC	F	338
NP|PP755592.1|A/cattle/Texas/24-008749-003/2024(H5N1)	1092	G	A	0	0	0	12573	5905	38	0.99992	12574	0	TRUE	NP:cds-XAJ25419.1	CAG	Q	CAA	Q	364
