REGION	POS	REF	ALT	REF_DP	REF_RV	REF_QUAL	ALT_DP	ALT_RV	ALT_QUAL	ALT_FREQ	TOTAL_DP	PVAL	PASS	GFF_FEATURE	REF_CODON	REF_AA	ALT_CODON	ALT_AA	POS_AA
NS|PP755593.1|A/cattle/Texas/24-008749-003/2024(H5N1)	199	A	G	23	13	32	54469	24621	37	0.999413	54501	0	TRUE	NS1:cds-XAJ25420.1	AGG	R	GGG	G	67
NS|PP755593.1|A/cattle/Texas/24-008749-003/2024(H5N1)	222	T	C	16	10	34	57991	30012	38	0.999707	58008	0	TRUE	NS1:cds-XAJ25420.1	GAT	D	GAC	D	74
NS|PP755593.1|A/cattle/Texas/24-008749-003/2024(H5N1)	249	T	C	43152	24365	37	21359	9894	36	0.331065	64516	0	TRUE	NS1:cds-XAJ25420.1	TCT	S	TCC	S	83
NS|PP755593.1|A/cattle/Texas/24-008749-003/2024(H5N1)	616	A	T	37353	22490	36	20715	12638	36	0.356038	58182	0	TRUE	NEP:cds-XAJ25421.1	GCA	A	GCT	A	38
NS|PP755593.1|A/cattle/Texas/24-008749-003/2024(H5N1)	616	A	T	37353	22490	36	20715	12638	36	0.356038	58182	0	TRUE	NS1:cds-XAJ25420.1	AGT	S	TGT	C	206
