REGION	POS	REF	ALT	REF_DP	REF_RV	REF_QUAL	ALT_DP	ALT_RV	ALT_QUAL	ALT_FREQ	TOTAL_DP	PVAL	PASS	GFF_FEATURE	REF_CODON	REF_AA	ALT_CODON	ALT_AA	POS_AA
NA|PP755591.1|A/cattle/Texas/24-008749-003/2024(H5N1)	72	G	A	537	149	46	27	6	47	0.0478723	564	2.44264e-14	TRUE	NA:cds-XAJ25418.1	CTG	L	CTA	L	24
NA|PP755591.1|A/cattle/Texas/24-008749-003/2024(H5N1)	129	A	G	832	238	49	13	2	44	0.0153846	845	1.40173e-06	TRUE	NA:cds-XAJ25418.1	CAA	Q	CAG	Q	43
NA|PP755591.1|A/cattle/Texas/24-008749-003/2024(H5N1)	142	C	A	980	365	50	29	16	51	0.0287413	1009	1.13066e-12	TRUE	NA:cds-XAJ25418.1	CCA	P	ACA	T	48
NA|PP755591.1|A/cattle/Texas/24-008749-003/2024(H5N1)	209	G	A	962	468	49	13	8	45	0.0133333	975	5.2133e-06	TRUE	NA:cds-XAJ25418.1	AGC	S	AAC	N	70
NA|PP755591.1|A/cattle/Texas/24-008749-003/2024(H5N1)	221	T	C	967	480	51	10	7	52	0.0102354	977	8.5455e-05	TRUE	NA:cds-XAJ25418.1	TTT	F	TCT	S	74
NA|PP755591.1|A/cattle/Texas/24-008749-003/2024(H5N1)	429	A	G	587	332	45	304	160	48	0.34119	891	4.80116e-143	TRUE	NA:cds-XAJ25418.1	AAA	K	AAG	K	143
NA|PP755591.1|A/cattle/Texas/24-008749-003/2024(H5N1)	436	A	G	903	471	46	55	38	43	0.0574113	958	2.3076e-22	TRUE	NA:cds-XAJ25418.1	AAT	N	GAT	D	146
NA|PP755591.1|A/cattle/Texas/24-008749-003/2024(H5N1)	571	T	C	0	0	0	907	454	49	1	907	0	TRUE	NA:cds-XAJ25418.1	TTG	L	CTG	L	191
NA|PP755591.1|A/cattle/Texas/24-008749-003/2024(H5N1)	645	T	C	770	353	43	94	39	47	0.108671	865	9.22507e-39	TRUE	NA:cds-XAJ25418.1	ACT	T	ACC	T	215
NA|PP755591.1|A/cattle/Texas/24-008749-003/2024(H5N1)	783	G	A	836	415	46	19	10	51	0.0222222	855	3.9859e-08	TRUE	NA:cds-XAJ25418.1	GGG	G	GGA	G	261
NA|PP755591.1|A/cattle/Texas/24-008749-003/2024(H5N1)	809	A	G	815	473	48	35	17	43	0.0411765	850	1.43e-14	TRUE	NA:cds-XAJ25418.1	AAT	N	AGT	S	270
NA|PP755591.1|A/cattle/Texas/24-008749-003/2024(H5N1)	1185	A	G	0	0	0	1296	705	46	0.992343	1306	0	TRUE	NA:cds-XAJ25418.1	GAA	E	GAG	E	395
NA|PP755591.1|A/cattle/Texas/24-008749-003/2024(H5N1)	1206	T	C	1363	630	47	127	56	44	0.0852349	1490	1.17163e-51	TRUE	NA:cds-XAJ25418.1	TAT	Y	TAC	Y	402
NA|PP755591.1|A/cattle/Texas/24-008749-003/2024(H5N1)	1361	G	T	960	727	49	62	41	52	0.0606654	1022	4.4755e-26	TRUE	NA:cds-XAJ25418.1	GGT	G	GTT	V	454
