REGION	POS	REF	ALT	REF_DP	REF_RV	REF_QUAL	ALT_DP	ALT_RV	ALT_QUAL	ALT_FREQ	TOTAL_DP	PVAL	PASS	GFF_FEATURE	REF_CODON	REF_AA	ALT_CODON	ALT_AA	POS_AA
NP|PP755592.1|A/cattle/Texas/24-008749-003/2024(H5N1)	165	G	A	6657	3337	33	22793	11626	32	0.773667	29461	0	TRUE	NP:cds-XAJ25419.1	AGG	R	AGA	R	55
NP|PP755592.1|A/cattle/Texas/24-008749-003/2024(H5N1)	232	T	C	29593	14147	33	1756	807	33	0.0559967	31359	0	TRUE	NP:cds-XAJ25419.1	TAT	Y	CAT	H	78
NP|PP755592.1|A/cattle/Texas/24-008749-003/2024(H5N1)	273	G	A	31640	14800	33	706	293	32	0.0218265	32346	7.84424e-171	TRUE	NP:cds-XAJ25419.1	AAG	K	AAA	K	91
NP|PP755592.1|A/cattle/Texas/24-008749-003/2024(H5N1)	355	A	G	7	3	31	29939	15546	33	0.999733	29947	0	TRUE	NP:cds-XAJ25419.1	ATT	I	GTT	V	119
NP|PP755592.1|A/cattle/Texas/24-008749-003/2024(H5N1)	474	A	G	1	1	34	27240	15273	33	0.999963	27241	0	TRUE	NP:cds-XAJ25419.1	GGA	G	GGG	G	158
NP|PP755592.1|A/cattle/Texas/24-008749-003/2024(H5N1)	498	G	A	1	0	32	26697	12308	33	0.999775	26703	0	TRUE	NP:cds-XAJ25419.1	CTG	L	CTA	L	166
NP|PP755592.1|A/cattle/Texas/24-008749-003/2024(H5N1)	870	C	T	0	0	0	26302	12558	33	0.999924	26304	0	TRUE	NP:cds-XAJ25419.1	GAC	D	GAT	D	290
NP|PP755592.1|A/cattle/Texas/24-008749-003/2024(H5N1)	1014	T	C	5	2	34	28629	15013	33	0.999825	28634	0	TRUE	NP:cds-XAJ25419.1	TTT	F	TTC	F	338
NP|PP755592.1|A/cattle/Texas/24-008749-003/2024(H5N1)	1092	G	A	4	2	34	30600	14338	33	0.999771	30607	0	TRUE	NP:cds-XAJ25419.1	CAG	Q	CAA	Q	364
