REGION	POS	REF	ALT	REF_DP	REF_RV	REF_QUAL	ALT_DP	ALT_RV	ALT_QUAL	ALT_FREQ	TOTAL_DP	PVAL	PASS	GFF_FEATURE	REF_CODON	REF_AA	ALT_CODON	ALT_AA	POS_AA
MP|PP755590.1|A/cattle/Texas/24-008749-003/2024(H5N1)	22	G	A	2463	1181	33	49	10	33	0.0195064	2512	4.82658e-23	TRUE	M2:cds-XAJ25417.1	GAA	E	AAA	K	8
MP|PP755590.1|A/cattle/Texas/24-008749-003/2024(H5N1)	22	G	A	2463	1181	33	49	10	33	0.0195064	2512	4.82658e-23	TRUE	M1:cds-XAJ25416.1	GAA	E	AAA	K	8
MP|PP755590.1|A/cattle/Texas/24-008749-003/2024(H5N1)	38	C	A	4402	1634	33	47	20	33	0.0105618	4450	8.15531e-16	TRUE	M1:cds-XAJ25416.1	TCT	S	TAT	Y	13
MP|PP755590.1|A/cattle/Texas/24-008749-003/2024(H5N1)	104	A	G	10222	4626	33	231	79	31	0.0220947	10455	1.08153e-71	TRUE	M1:cds-XAJ25416.1	AAG	K	AGG	R	35
MP|PP755590.1|A/cattle/Texas/24-008749-003/2024(H5N1)	237	T	C	13743	6442	33	340	148	33	0.0241426	14083	1.40286e-85	TRUE	M1:cds-XAJ25416.1	TTT	F	TTC	F	79
MP|PP755590.1|A/cattle/Texas/24-008749-003/2024(H5N1)	245	G	A	0	0	0	14061	6511	33	1	14061	0	TRUE	M1:cds-XAJ25416.1	AGT	S	AAT	N	82
MP|PP755590.1|A/cattle/Texas/24-008749-003/2024(H5N1)	359	C	T	14505	7672	33	396	235	33	0.0265754	14901	5.59776e-100	TRUE	M1:cds-XAJ25416.1	TCA	S	TTA	L	120
MP|PP755590.1|A/cattle/Texas/24-008749-003/2024(H5N1)	793	C	T	15359	8159	33	348	174	31	0.0221557	15707	1.48915e-85	TRUE	M2:cds-XAJ25417.1	ATC	I	ATT	I	27
MP|PP755590.1|A/cattle/Texas/24-008749-003/2024(H5N1)	842	T	C	12708	7812	32	319	186	33	0.0244857	13028	5.226e-85	TRUE	M2:cds-XAJ25417.1	TAT	Y	CAT	H	43
MP|PP755590.1|A/cattle/Texas/24-008749-003/2024(H5N1)	871	A	G	6499	4317	33	8334	5630	33	0.561855	14833	0	TRUE	M2:cds-XAJ25417.1	GGA	G	GGG	G	53
