REGION	POS	REF	ALT	REF_DP	REF_RV	REF_QUAL	ALT_DP	ALT_RV	ALT_QUAL	ALT_FREQ	TOTAL_DP	PVAL	PASS	GFF_FEATURE	REF_CODON	REF_AA	ALT_CODON	ALT_AA	POS_AA
PA|PP755594.1|A/cattle/Texas/24-008749-003/2024(H5N1)	107	C	T	465	197	47	5	1	44	0.0106383	470	0.0019997	TRUE	PA:cds-XAJ25422.1	GCC	A	GTC	V	36
PA|PP755594.1|A/cattle/Texas/24-008749-003/2024(H5N1)	107	C	T	465	197	47	5	1	44	0.0106383	470	0.0019997	TRUE	PA-X:cds-XAJ25423.1	GCC	A	GTC	V	36
PA|PP755594.1|A/cattle/Texas/24-008749-003/2024(H5N1)	364	G	T	846	365	57	10	6	58	0.0116822	856	5.95905e-05	TRUE	PA:cds-XAJ25422.1	GTA	V	TTA	L	122
PA|PP755594.1|A/cattle/Texas/24-008749-003/2024(H5N1)	364	G	T	846	365	57	10	6	58	0.0116822	856	5.95905e-05	TRUE	PA-X:cds-XAJ25423.1	GTA	V	TTA	L	122
PA|PP755594.1|A/cattle/Texas/24-008749-003/2024(H5N1)	396	G	A	0	0	0	899	419	56	1	899	0	TRUE	PA:cds-XAJ25422.1	TTG	L	TTA	L	132
PA|PP755594.1|A/cattle/Texas/24-008749-003/2024(H5N1)	396	G	A	0	0	0	899	419	56	1	899	0	TRUE	PA-X:cds-XAJ25423.1	TTG	L	TTA	L	132
PA|PP755594.1|A/cattle/Texas/24-008749-003/2024(H5N1)	655	A	C	0	0	0	895	460	53	0.998884	896	0	TRUE	PA:cds-XAJ25422.1	ATT	I	CTT	L	219
PA|PP755594.1|A/cattle/Texas/24-008749-003/2024(H5N1)	655	A	C	0	0	0	895	460	53	0.998884	896	0	TRUE	PA-X:cds-XAJ25423.1	GTA	V	GTC	V	28
PA|PP755594.1|A/cattle/Texas/24-008749-003/2024(H5N1)	1490	G	A	0	0	0	1084	523	55	1	1084	0	TRUE	PA:cds-XAJ25422.1	AGG	R	AAG	K	497
PA|PP755594.1|A/cattle/Texas/24-008749-003/2024(H5N1)	1971	G	A	1	1	38	943	624	61	0.998941	944	0	TRUE	PA:cds-XAJ25422.1	GGG	G	GGA	G	657
PA|PP755594.1|A/cattle/Texas/24-008749-003/2024(H5N1)	2079	C	T	1	0	25	621	448	57	0.998392	622	0	TRUE	PA:cds-XAJ25422.1	TGC	C	TGT	C	693
