REGION	POS	REF	ALT	REF_DP	REF_RV	REF_QUAL	ALT_DP	ALT_RV	ALT_QUAL	ALT_FREQ	TOTAL_DP	PVAL	PASS	GFF_FEATURE	REF_CODON	REF_AA	ALT_CODON	ALT_AA	POS_AA
PB2|PP755596.1|A/cattle/Texas/24-008749-003/2024(H5N1)	96	G	A	50	6	41	637	79	39	0.92722	687	0	TRUE	PB2:cds-XAJ25426.1	AAG	K	AAA	K	32
PB2|PP755596.1|A/cattle/Texas/24-008749-003/2024(H5N1)	240	G	A	0	0	0	1000	505	38	1	1000	0	TRUE	PB2:cds-XAJ25426.1	AAG	K	AAA	K	80
PB2|PP755596.1|A/cattle/Texas/24-008749-003/2024(H5N1)	288	G	A	1	0	37	1235	659	38	0.999191	1236	0	TRUE	PB2:cds-XAJ25426.1	GTG	V	GTA	V	96
PB2|PP755596.1|A/cattle/Texas/24-008749-003/2024(H5N1)	462	C	T	1243	448	39	55	28	36	0.0423729	1298	3.88486e-17	TRUE	PB2:cds-XAJ25426.1	CTC	L	CTT	L	154
PB2|PP755596.1|A/cattle/Texas/24-008749-003/2024(H5N1)	630	G	A	2	2	55	1185	741	37	0.997475	1188	0	TRUE	PB2:cds-XAJ25426.1	GAG	E	GAA	E	210
PB2|PP755596.1|A/cattle/Texas/24-008749-003/2024(H5N1)	738	A	T	2	1	37	1346	600	38	0.998516	1348	0	TRUE	PB2:cds-XAJ25426.1	CCA	P	CCT	P	246
PB2|PP755596.1|A/cattle/Texas/24-008749-003/2024(H5N1)	764	C	T	2	0	31	1368	583	38	0.99854	1370	0	TRUE	PB2:cds-XAJ25426.1	GCA	A	GTA	V	255
PB2|PP755596.1|A/cattle/Texas/24-008749-003/2024(H5N1)	912	G	A	0	0	0	1343	598	38	1	1343	0	TRUE	PB2:cds-XAJ25426.1	GAG	E	GAA	E	304
PB2|PP755596.1|A/cattle/Texas/24-008749-003/2024(H5N1)	1038	G	A	1337	843	37	65	36	38	0.0463623	1402	2.93775e-20	TRUE	PB2:cds-XAJ25426.1	ACG	T	ACA	T	346
PB2|PP755596.1|A/cattle/Texas/24-008749-003/2024(H5N1)	1392	G	A	0	0	0	1440	934	38	1	1440	0	TRUE	PB2:cds-XAJ25426.1	TTG	L	TTA	L	464
PB2|PP755596.1|A/cattle/Texas/24-008749-003/2024(H5N1)	1701	T	C	0	0	0	1422	880	39	1	1422	0	TRUE	PB2:cds-XAJ25426.1	GAT	D	GAC	D	567
PB2|PP755596.1|A/cattle/Texas/24-008749-003/2024(H5N1)	2009	A	G	0	0	0	1304	745	39	1	1304	0	TRUE	PB2:cds-XAJ25426.1	AAA	K	AGA	R	670
