REGION	POS	REF	ALT	REF_DP	REF_RV	REF_QUAL	ALT_DP	ALT_RV	ALT_QUAL	ALT_FREQ	TOTAL_DP	PVAL	PASS	GFF_FEATURE	REF_CODON	REF_AA	ALT_CODON	ALT_AA	POS_AA
HA|PP755589.1|A/cattle/Texas/24-008749-003/2024(H5N1)	108	G	A	922	277	48	18	1	39	0.0191286	941	2.11423e-08	TRUE	HA:cds-XAJ25415.1	ATG	M	ATA	I	36
HA|PP755589.1|A/cattle/Texas/24-008749-003/2024(H5N1)	311	A	G	0	0	0	1200	585	45	1	1200	0	TRUE	HA:cds-XAJ25415.1	GAC	D	GGC	G	104
HA|PP755589.1|A/cattle/Texas/24-008749-003/2024(H5N1)	487	G	A	1180	645	46	17	7	36	0.0142022	1197	3.77735e-06	TRUE	HA:cds-XAJ25415.1	GTG	V	ATG	M	163
HA|PP755589.1|A/cattle/Texas/24-008749-003/2024(H5N1)	537	C	T	1248	649	45	17	8	48	0.0134387	1265	3.21045e-07	TRUE	HA:cds-XAJ25415.1	AGC	S	AGT	S	179
HA|PP755589.1|A/cattle/Texas/24-008749-003/2024(H5N1)	651	G	A	2	1	34	1281	634	46	0.998441	1283	0	TRUE	HA:cds-XAJ25415.1	GGG	G	GGA	G	217
HA|PP755589.1|A/cattle/Texas/24-008749-003/2024(H5N1)	675	G	A	0	0	0	1333	612	44	1	1333	0	TRUE	HA:cds-XAJ25415.1	TTG	L	TTA	L	225
HA|PP755589.1|A/cattle/Texas/24-008749-003/2024(H5N1)	1007	G	A	0	0	0	1581	846	48	1	1581	0	TRUE	HA:cds-XAJ25415.1	AGT	S	AAT	N	336
HA|PP755589.1|A/cattle/Texas/24-008749-003/2024(H5N1)	1052	T	A	1565	929	48	30	13	45	0.0188088	1595	1.43477e-12	TRUE	HA:cds-XAJ25415.1	ATA	I	AAA	K	351
