REGION	POS	REF	ALT	REF_DP	REF_RV	REF_QUAL	ALT_DP	ALT_RV	ALT_QUAL	ALT_FREQ	TOTAL_DP	PVAL	PASS	GFF_FEATURE	REF_CODON	REF_AA	ALT_CODON	ALT_AA	POS_AA
PB1|PP755595.1|A/cattle/Texas/24-008749-003/2024(H5N1)	211	G	A	10249	3876	33	127	5	29	0.0122351	10380	0.0635757	FALSE	PB1:cds-XAJ25424.1	GGA	G	AGA	R	71
PB1|PP755595.1|A/cattle/Texas/24-008749-003/2024(H5N1)	211	G	A	10249	3876	33	127	5	29	0.0122351	10380	0.0635757	FALSE	PB1-F2:cds-XAJ25425.1	ATG	M	ATA	I	39
PB1|PP755595.1|A/cattle/Texas/24-008749-003/2024(H5N1)	243	A	G	12684	2642	33	2522	1604	33	0.161387	15627	0	TRUE	PB1:cds-XAJ25424.1	GGA	G	GGG	G	81
PB1|PP755595.1|A/cattle/Texas/24-008749-003/2024(H5N1)	243	A	G	12684	2642	33	2522	1604	33	0.161387	15627	0	TRUE	PB1-F2:cds-XAJ25425.1	GAT	D	GGT	G	50
PB1|PP755595.1|A/cattle/Texas/24-008749-003/2024(H5N1)	243	A	C	12684	2642	33	417	82	33	0.0266846	15627	1.36505e-123	TRUE	PB1:cds-XAJ25424.1	GGA	G	GGC	G	81
PB1|PP755595.1|A/cattle/Texas/24-008749-003/2024(H5N1)	243	A	C	12684	2642	33	417	82	33	0.0266846	15627	1.36505e-123	TRUE	PB1-F2:cds-XAJ25425.1	GAT	D	GCT	A	50
PB1|PP755595.1|A/cattle/Texas/24-008749-003/2024(H5N1)	732	C	A	11189	4536	33	246	153	33	0.0214903	11447	3.28729e-61	TRUE	PB1:cds-XAJ25424.1	CCC	P	CCA	P	244
PB1|PP755595.1|A/cattle/Texas/24-008749-003/2024(H5N1)	855	T	G	14765	8719	33	258	160	33	0.0171474	15046	7.34677e-61	TRUE	PB1:cds-XAJ25424.1	GTT	V	GTG	V	285
PB1|PP755595.1|A/cattle/Texas/24-008749-003/2024(H5N1)	879	G	A	14029	8506	33	163	108	33	0.0114797	14199	5.75523e-35	TRUE	PB1:cds-XAJ25424.1	TCG	S	TCA	S	293
PB1|PP755595.1|A/cattle/Texas/24-008749-003/2024(H5N1)	945	T	C	6	3	34	12105	5628	33	0.99934	12113	0	TRUE	PB1:cds-XAJ25424.1	CCT	P	CCC	P	315
PB1|PP755595.1|A/cattle/Texas/24-008749-003/2024(H5N1)	990	T	C	12266	5702	32	269	137	33	0.0214428	12545	8.69379e-71	TRUE	PB1:cds-XAJ25424.1	CCT	P	CCC	P	330
PB1|PP755595.1|A/cattle/Texas/24-008749-003/2024(H5N1)	1245	G	A	17626	9577	33	6577	1874	31	0.271597	24216	0	TRUE	PB1:cds-XAJ25424.1	CTG	L	CTA	L	415
PB1|PP755595.1|A/cattle/Texas/24-008749-003/2024(H5N1)	1481	G	+T	26793	13487	33	379	0	20	0.0137075	27649	1.11612e-05	TRUE	NA	NA	NA	NA	NA	NA
PB1|PP755595.1|A/cattle/Texas/24-008749-003/2024(H5N1)	2121	G	A	37088	18924	33	565	279	32	0.0149867	37700	1.75849e-126	TRUE	PB1:cds-XAJ25424.1	AGG	R	AGA	R	707
PB1|PP755595.1|A/cattle/Texas/24-008749-003/2024(H5N1)	2231	T	-G	20908	16409	33	480	0	20	0.0223766	21451	3.28935e-25	TRUE	NA	NA	NA	NA	NA	NA
