REGION	POS	REF	ALT	REF_DP	REF_RV	REF_QUAL	ALT_DP	ALT_RV	ALT_QUAL	ALT_FREQ	TOTAL_DP	PVAL	PASS	GFF_FEATURE	REF_CODON	REF_AA	ALT_CODON	ALT_AA	POS_AA
PB2|PP755596.1|A/cattle/Texas/24-008749-003/2024(H5N1)	161	A	G	0	0	0	1721	829	32	0.999419	1722	0	TRUE	PB2:cds-XAJ25426.1	AAA	K	AGA	R	54
PB2|PP755596.1|A/cattle/Texas/24-008749-003/2024(H5N1)	240	G	A	0	0	0	2016	1019	32	0.999504	2017	0	TRUE	PB2:cds-XAJ25426.1	AAG	K	AAA	K	80
PB2|PP755596.1|A/cattle/Texas/24-008749-003/2024(H5N1)	582	G	A	2472	1270	32	25	13	31	0.010004	2499	1.39078e-06	TRUE	PB2:cds-XAJ25426.1	CAG	Q	CAA	Q	194
PB2|PP755596.1|A/cattle/Texas/24-008749-003/2024(H5N1)	630	G	A	0	0	0	2353	1168	32	0.999575	2354	0	TRUE	PB2:cds-XAJ25426.1	GAG	E	GAA	E	210
PB2|PP755596.1|A/cattle/Texas/24-008749-003/2024(H5N1)	747	A	G	2048	994	32	124	63	31	0.0570115	2175	2.25483e-36	TRUE	PB2:cds-XAJ25426.1	GAA	E	GAG	E	249
PB2|PP755596.1|A/cattle/Texas/24-008749-003/2024(H5N1)	764	C	T	0	0	0	2192	1070	32	1	2192	0	TRUE	PB2:cds-XAJ25426.1	GCA	A	GTA	V	255
PB2|PP755596.1|A/cattle/Texas/24-008749-003/2024(H5N1)	837	T	C	2366	1105	32	27	10	33	0.0112782	2394	4.63942e-07	TRUE	PB2:cds-XAJ25426.1	TCT	S	TCC	S	279
PB2|PP755596.1|A/cattle/Texas/24-008749-003/2024(H5N1)	865	A	C	2207	1158	30	47	16	29	0.0208333	2256	0.00117526	TRUE	PB2:cds-XAJ25426.1	ATT	I	CTT	L	289
PB2|PP755596.1|A/cattle/Texas/24-008749-003/2024(H5N1)	912	G	A	0	0	0	2548	1243	32	0.999216	2550	0	TRUE	PB2:cds-XAJ25426.1	GAG	E	GAA	E	304
PB2|PP755596.1|A/cattle/Texas/24-008749-003/2024(H5N1)	1085	G	C	1895	554	31	34	34	25	0.0176257	1929	0.0161031	FALSE	PB2:cds-XAJ25426.1	GGG	G	GCG	A	362
PB2|PP755596.1|A/cattle/Texas/24-008749-003/2024(H5N1)	1392	G	A	0	0	0	2572	1390	32	1	2572	0	TRUE	PB2:cds-XAJ25426.1	TTG	L	TTA	L	464
PB2|PP755596.1|A/cattle/Texas/24-008749-003/2024(H5N1)	1423	C	A	4	0	20	2353	1346	31	0.99788	2358	0	TRUE	PB2:cds-XAJ25426.1	CTG	L	ATG	M	475
PB2|PP755596.1|A/cattle/Texas/24-008749-003/2024(H5N1)	1879	G	A	0	0	0	2671	1362	32	1	2671	0	TRUE	PB2:cds-XAJ25426.1	GAA	E	AAA	K	627
PB2|PP755596.1|A/cattle/Texas/24-008749-003/2024(H5N1)	2009	A	G	1	1	34	2601	1353	32	0.999232	2603	0	TRUE	PB2:cds-XAJ25426.1	AAA	K	AGA	R	670
PB2|PP755596.1|A/cattle/Texas/24-008749-003/2024(H5N1)	2012	A	T	2396	1391	31	27	5	22	0.0111432	2423	0.362022	FALSE	PB2:cds-XAJ25426.1	GAT	D	GTT	V	671
PB2|PP755596.1|A/cattle/Texas/24-008749-003/2024(H5N1)	2145	T	C	0	0	0	1836	1018	32	0.999456	1837	0	TRUE	PB2:cds-XAJ25426.1	AAT	N	AAC	N	715
