REGION	POS	REF	ALT	REF_DP	REF_RV	REF_QUAL	ALT_DP	ALT_RV	ALT_QUAL	ALT_FREQ	TOTAL_DP	PVAL	PASS	GFF_FEATURE	REF_CODON	REF_AA	ALT_CODON	ALT_AA	POS_AA
NS|PP755593.1|A/cattle/Texas/24-008749-003/2024(H5N1)	20	T	C	7	1	33	18374	1771	37	0.99951	18383	0	TRUE	NEP:cds-XAJ25421.1	TTA	L	TCA	S	7
NS|PP755593.1|A/cattle/Texas/24-008749-003/2024(H5N1)	20	T	C	7	1	33	18374	1771	37	0.99951	18383	0	TRUE	NS1:cds-XAJ25420.1	TTA	L	TCA	S	7
NS|PP755593.1|A/cattle/Texas/24-008749-003/2024(H5N1)	68	C	T	10	2	47	27068	4324	39	0.999631	27078	0	TRUE	NS1:cds-XAJ25420.1	GCA	A	GTA	V	23
NS|PP755593.1|A/cattle/Texas/24-008749-003/2024(H5N1)	183	G	A	33	14	35	50535	24905	39	0.999268	50572	0	TRUE	NS1:cds-XAJ25420.1	GGG	G	GGA	G	61
NS|PP755593.1|A/cattle/Texas/24-008749-003/2024(H5N1)	222	T	C	16	13	42	55519	28554	40	0.999388	55553	0	TRUE	NS1:cds-XAJ25420.1	GAT	D	GAC	D	74
NS|PP755593.1|A/cattle/Texas/24-008749-003/2024(H5N1)	333	G	T	2	1	34	54622	28194	39	0.999634	54642	0	TRUE	NS1:cds-XAJ25420.1	GTG	V	GTT	V	111
NS|PP755593.1|A/cattle/Texas/24-008749-003/2024(H5N1)	381	C	T	6	4	31	52895	23153	38	0.999622	52915	0	TRUE	NS1:cds-XAJ25420.1	AAC	N	AAT	N	127
NS|PP755593.1|A/cattle/Texas/24-008749-003/2024(H5N1)	544	A	G	86	31	36	57509	29402	39	0.998472	57597	0	TRUE	NEP:cds-XAJ25421.1	TCA	S	TCG	S	14
NS|PP755593.1|A/cattle/Texas/24-008749-003/2024(H5N1)	544	A	G	86	31	36	57509	29402	39	0.998472	57597	0	TRUE	NS1:cds-XAJ25420.1	ATC	I	GTC	V	182
