REGION	POS	REF	ALT	REF_DP	REF_RV	REF_QUAL	ALT_DP	ALT_RV	ALT_QUAL	ALT_FREQ	TOTAL_DP	PVAL	PASS	GFF_FEATURE	REF_CODON	REF_AA	ALT_CODON	ALT_AA	POS_AA
NS|PP755593.1|A/cattle/Texas/24-008749-003/2024(H5N1)	92	C	A	543	46	39	28	2	36	0.0490368	571	4.60176e-13	TRUE	NS1:cds-XAJ25420.1	CCA	P	CAA	Q	31
NS|PP755593.1|A/cattle/Texas/24-008749-003/2024(H5N1)	199	A	G	0	0	0	802	288	40	1	802	0	TRUE	NS1:cds-XAJ25420.1	AGG	R	GGG	G	67
NS|PP755593.1|A/cattle/Texas/24-008749-003/2024(H5N1)	222	T	C	0	0	0	875	386	40	1	875	0	TRUE	NS1:cds-XAJ25420.1	GAT	D	GAC	D	74
NS|PP755593.1|A/cattle/Texas/24-008749-003/2024(H5N1)	384	C	T	1027	471	38	27	18	38	0.0256167	1054	2.93481e-08	TRUE	NS1:cds-XAJ25420.1	ATC	I	ATT	I	128
NS|PP755593.1|A/cattle/Texas/24-008749-003/2024(H5N1)	401	T	C	975	457	38	35	15	37	0.0346192	1011	8.90937e-11	TRUE	NS1:cds-XAJ25420.1	TTC	F	TCC	S	134
NS|PP755593.1|A/cattle/Texas/24-008749-003/2024(H5N1)	547	G	A	1037	554	39	53	25	38	0.0486239	1090	7.89e-17	TRUE	NEP:cds-XAJ25421.1	TCG	S	TCA	S	15
NS|PP755593.1|A/cattle/Texas/24-008749-003/2024(H5N1)	547	G	A	1037	554	39	53	25	38	0.0486239	1090	7.89e-17	TRUE	NS1:cds-XAJ25420.1	GGA	G	AGA	R	183
NS|PP755593.1|A/cattle/Texas/24-008749-003/2024(H5N1)	616	A	T	869	575	38	14	11	35	0.0157835	887	3.2302e-05	TRUE	NEP:cds-XAJ25421.1	GCA	A	GCT	A	38
NS|PP755593.1|A/cattle/Texas/24-008749-003/2024(H5N1)	616	A	T	869	575	38	14	11	35	0.0157835	887	3.2302e-05	TRUE	NS1:cds-XAJ25420.1	AGT	S	TGT	C	206
NS|PP755593.1|A/cattle/Texas/24-008749-003/2024(H5N1)	674	C	G	826	612	41	52	44	39	0.0592255	878	7.78854e-17	TRUE	NEP:cds-XAJ25421.1	CAA	Q	GAA	E	58
NS|PP755593.1|A/cattle/Texas/24-008749-003/2024(H5N1)	674	C	G	826	612	41	52	44	39	0.0592255	878	7.78854e-17	TRUE	NS1:cds-XAJ25420.1	ACA	T	AGA	R	225
