REGION	POS	REF	ALT	REF_DP	REF_RV	REF_QUAL	ALT_DP	ALT_RV	ALT_QUAL	ALT_FREQ	TOTAL_DP	PVAL	PASS	GFF_FEATURE	REF_CODON	REF_AA	ALT_CODON	ALT_AA	POS_AA
HA|PP755589.1|A/cattle/Texas/24-008749-003/2024(H5N1)	90	G	A	0	0	0	924	414	60	1	924	0	TRUE	HA:cds-XAJ25415.1	GAG	E	GAA	E	30
HA|PP755589.1|A/cattle/Texas/24-008749-003/2024(H5N1)	126	T	C	1161	518	62	43	14	54	0.0357143	1204	1.09625e-23	TRUE	HA:cds-XAJ25415.1	GTT	V	GTC	V	42
HA|PP755589.1|A/cattle/Texas/24-008749-003/2024(H5N1)	152	A	G	1	1	39	1280	553	62	0.999219	1281	0	TRUE	HA:cds-XAJ25415.1	AAA	K	AGA	R	51
HA|PP755589.1|A/cattle/Texas/24-008749-003/2024(H5N1)	237	A	G	1	0	67	1543	764	61	0.999352	1544	0	TRUE	HA:cds-XAJ25415.1	GGA	G	GGG	G	79
HA|PP755589.1|A/cattle/Texas/24-008749-003/2024(H5N1)	295	G	T	0	0	0	1499	738	57	0.995352	1506	0	TRUE	HA:cds-XAJ25415.1	GCT	A	TCT	S	99
HA|PP755589.1|A/cattle/Texas/24-008749-003/2024(H5N1)	331	C	T	5	3	52	1555	722	62	0.996795	1560	0	TRUE	HA:cds-XAJ25415.1	CTC	L	TTC	F	111
HA|PP755589.1|A/cattle/Texas/24-008749-003/2024(H5N1)	435	A	G	3	3	51	1634	820	61	0.998167	1637	0	TRUE	HA:cds-XAJ25415.1	CTA	L	CTG	L	145
HA|PP755589.1|A/cattle/Texas/24-008749-003/2024(H5N1)	651	G	A	1	1	24	1839	923	63	0.999457	1840	0	TRUE	HA:cds-XAJ25415.1	GGG	G	GGA	G	217
HA|PP755589.1|A/cattle/Texas/24-008749-003/2024(H5N1)	669	G	A	0	0	0	1890	908	64	1	1890	0	TRUE	HA:cds-XAJ25415.1	CAG	Q	CAA	Q	223
HA|PP755589.1|A/cattle/Texas/24-008749-003/2024(H5N1)	819	T	C	2	1	49	1778	1005	59	0.998316	1781	0	TRUE	HA:cds-XAJ25415.1	GTT	V	GTC	V	273
HA|PP755589.1|A/cattle/Texas/24-008749-003/2024(H5N1)	834	G	A	0	0	0	1783	1040	60	1	1783	0	TRUE	HA:cds-XAJ25415.1	TCG	S	TCA	S	278
HA|PP755589.1|A/cattle/Texas/24-008749-003/2024(H5N1)	846	A	G	1	0	78	1733	997	58	0.999423	1734	0	TRUE	HA:cds-XAJ25415.1	AAA	K	AAG	K	282
HA|PP755589.1|A/cattle/Texas/24-008749-003/2024(H5N1)	867	T	C	2	2	56	1701	891	58	0.998826	1703	0	TRUE	HA:cds-XAJ25415.1	CAT	H	CAC	H	289
HA|PP755589.1|A/cattle/Texas/24-008749-003/2024(H5N1)	921	T	C	0	0	0	1687	929	61	1	1687	0	TRUE	HA:cds-XAJ25415.1	TTT	F	TTC	F	307
HA|PP755589.1|A/cattle/Texas/24-008749-003/2024(H5N1)	1314	A	C	2	0	58	3546	1700	64	0.998311	3552	0	TRUE	HA:cds-XAJ25415.1	ACA	T	ACC	T	438
HA|PP755589.1|A/cattle/Texas/24-008749-003/2024(H5N1)	1544	G	A	3283	1813	68	51	28	67	0.0152969	3334	1.84469e-24	TRUE	HA:cds-XAJ25415.1	AGA	R	AAA	K	515
HA|PP755589.1|A/cattle/Texas/24-008749-003/2024(H5N1)	1576	G	A	1	1	37	3211	1889	66	0.999689	3212	0	TRUE	HA:cds-XAJ25415.1	GTA	V	ATA	I	526
