REGION	POS	REF	ALT	REF_DP	REF_RV	REF_QUAL	ALT_DP	ALT_RV	ALT_QUAL	ALT_FREQ	TOTAL_DP	PVAL	PASS	GFF_FEATURE	REF_CODON	REF_AA	ALT_CODON	ALT_AA	POS_AA
HA|PP755589.1|A/cattle/Texas/24-008749-003/2024(H5N1)	339	C	A	7127	2943	33	198	100	33	0.0270233	7327	3.46406e-51	TRUE	HA:cds-XAJ25415.1	GAC	D	GAA	E	113
HA|PP755589.1|A/cattle/Texas/24-008749-003/2024(H5N1)	465	A	G	3	2	34	6928	3498	33	0.999423	6932	0	TRUE	HA:cds-XAJ25415.1	GGA	G	GGG	G	155
HA|PP755589.1|A/cattle/Texas/24-008749-003/2024(H5N1)	651	G	A	6	2	34	6949	3040	33	0.999137	6955	0	TRUE	HA:cds-XAJ25415.1	GGG	G	GGA	G	217
HA|PP755589.1|A/cattle/Texas/24-008749-003/2024(H5N1)	1275	G	A	0	0	0	9323	4361	33	0.999893	9324	0	TRUE	HA:cds-XAJ25415.1	TTG	L	TTA	L	425
