REGION	POS	REF	ALT	REF_DP	REF_RV	REF_QUAL	ALT_DP	ALT_RV	ALT_QUAL	ALT_FREQ	TOTAL_DP	PVAL	PASS	GFF_FEATURE	REF_CODON	REF_AA	ALT_CODON	ALT_AA	POS_AA
NA|PP755591.1|A/cattle/Texas/24-008749-003/2024(H5N1)	55	A	G	1	1	68	561	39	35	0.996448	563	0	TRUE	NA:cds-XAJ25418.1	ATA	I	GTA	V	19
NA|PP755591.1|A/cattle/Texas/24-008749-003/2024(H5N1)	263	A	G	2	1	34	1361	681	37	0.997801	1364	0	TRUE	NA:cds-XAJ25418.1	AAT	N	AGT	S	88
NA|PP755591.1|A/cattle/Texas/24-008749-003/2024(H5N1)	322	A	G	1359	650	36	22	13	36	0.015919	1382	3.47693e-07	TRUE	NA:cds-XAJ25418.1	ATT	I	GTT	V	108
NA|PP755591.1|A/cattle/Texas/24-008749-003/2024(H5N1)	332	A	G	0	0	0	1383	590	36	1	1383	0	TRUE	NA:cds-XAJ25418.1	AAG	K	AGG	R	111
NA|PP755591.1|A/cattle/Texas/24-008749-003/2024(H5N1)	476	T	C	1343	561	35	19	4	34	0.0139194	1365	2.36171e-06	TRUE	NA:cds-XAJ25418.1	ATG	M	ACG	T	159
NA|PP755591.1|A/cattle/Texas/24-008749-003/2024(H5N1)	571	T	C	0	0	0	1455	644	36	1	1455	0	TRUE	NA:cds-XAJ25418.1	TTG	L	CTG	L	191
NA|PP755591.1|A/cattle/Texas/24-008749-003/2024(H5N1)	682	G	A	1371	733	35	24	12	40	0.017192	1396	1.47804e-08	TRUE	NA:cds-XAJ25418.1	GAA	E	AAA	K	228
NA|PP755591.1|A/cattle/Texas/24-008749-003/2024(H5N1)	771	G	A	1163	644	36	230	124	34	0.165111	1393	2.32074e-80	TRUE	NA:cds-XAJ25418.1	AAG	K	AAA	K	257
NA|PP755591.1|A/cattle/Texas/24-008749-003/2024(H5N1)	945	A	G	0	0	0	1469	575	35	1	1469	0	TRUE	NA:cds-XAJ25418.1	GGA	G	GGG	G	315
NA|PP755591.1|A/cattle/Texas/24-008749-003/2024(H5N1)	1185	A	G	0	0	0	1484	929	36	1	1484	0	TRUE	NA:cds-XAJ25418.1	GAA	E	GAG	E	395
NA|PP755591.1|A/cattle/Texas/24-008749-003/2024(H5N1)	1289	G	C	831	607	38	9	9	30	0.0107143	840	0.000308932	TRUE	NA:cds-XAJ25418.1	AGG	R	ACG	T	430
