REGION	POS	REF	ALT	REF_DP	REF_RV	REF_QUAL	ALT_DP	ALT_RV	ALT_QUAL	ALT_FREQ	TOTAL_DP	PVAL	PASS	GFF_FEATURE	REF_CODON	REF_AA	ALT_CODON	ALT_AA	POS_AA
PB1|PP755595.1|A/cattle/Texas/24-008749-003/2024(H5N1)	64	T	G	46	3	39	1	1	37	0.0212766	47	0.276471	FALSE	PB1:cds-XAJ25424.1	TTC	F	GTC	V	22
PB1|PP755595.1|A/cattle/Texas/24-008749-003/2024(H5N1)	186	G	A	0	0	0	170	22	37	1	170	1.63063e-105	TRUE	PB1:cds-XAJ25424.1	GGG	G	GGA	G	62
PB1|PP755595.1|A/cattle/Texas/24-008749-003/2024(H5N1)	186	G	A	0	0	0	170	22	37	1	170	1.63063e-105	TRUE	PB1-F2:cds-XAJ25425.1	GGG	G	GAG	E	31
PB1|PP755595.1|A/cattle/Texas/24-008749-003/2024(H5N1)	465	T	C	0	0	0	225	106	37	1	225	7.59942e-137	TRUE	PB1:cds-XAJ25424.1	CTT	L	CTC	L	155
PB1|PP755595.1|A/cattle/Texas/24-008749-003/2024(H5N1)	549	G	A	0	0	0	204	79	37	1	204	3.62087e-130	TRUE	PB1:cds-XAJ25424.1	ACG	T	ACA	T	183
PB1|PP755595.1|A/cattle/Texas/24-008749-003/2024(H5N1)	638	A	G	148	80	37	2	1	31	0.0133333	150	0.221713	FALSE	PB1:cds-XAJ25424.1	AAC	N	AGC	S	213
PB1|PP755595.1|A/cattle/Texas/24-008749-003/2024(H5N1)	822	A	G	147	83	38	2	2	37	0.0134228	149	0.227265	FALSE	PB1:cds-XAJ25424.1	GGA	G	GGG	G	274
PB1|PP755595.1|A/cattle/Texas/24-008749-003/2024(H5N1)	945	T	C	0	0	0	155	105	37	1	155	1.22753e-95	TRUE	PB1:cds-XAJ25424.1	CCT	P	CCC	P	315
PB1|PP755595.1|A/cattle/Texas/24-008749-003/2024(H5N1)	955	C	T	115	56	38	71	48	37	0.38172	186	3.09836e-27	TRUE	PB1:cds-XAJ25424.1	CTG	L	TTG	L	319
PB1|PP755595.1|A/cattle/Texas/24-008749-003/2024(H5N1)	1353	G	A	282	94	38	4	2	37	0.013986	286	0.0510578	FALSE	PB1:cds-XAJ25424.1	GTG	V	GTA	V	451
PB1|PP755595.1|A/cattle/Texas/24-008749-003/2024(H5N1)	1459	A	G	287	99	38	4	1	46	0.0137457	291	0.0529511	FALSE	PB1:cds-XAJ25424.1	ACA	T	GCA	A	487
PB1|PP755595.1|A/cattle/Texas/24-008749-003/2024(H5N1)	1549	A	G	0	0	0	308	162	38	1	308	5.66085e-192	TRUE	PB1:cds-XAJ25424.1	ATC	I	GTC	V	517
PB1|PP755595.1|A/cattle/Texas/24-008749-003/2024(H5N1)	1563	A	G	0	0	0	290	161	37	1	290	2.11983e-186	TRUE	PB1:cds-XAJ25424.1	GCA	A	GCG	A	521
PB1|PP755595.1|A/cattle/Texas/24-008749-003/2024(H5N1)	1683	T	C	48	17	36	296	144	37	0.860465	344	1.98826e-150	TRUE	PB1:cds-XAJ25424.1	TGT	C	TGC	C	561
PB1|PP755595.1|A/cattle/Texas/24-008749-003/2024(H5N1)	1689	A	G	0	0	0	335	146	37	1	335	4.71079e-211	TRUE	PB1:cds-XAJ25424.1	AGA	R	AGG	R	563
PB1|PP755595.1|A/cattle/Texas/24-008749-003/2024(H5N1)	1856	A	G	317	199	38	5	5	37	0.015528	322	0.0248519	FALSE	PB1:cds-XAJ25424.1	GAC	D	GGC	G	619
