REGION	POS	REF	ALT	REF_DP	REF_RV	REF_QUAL	ALT_DP	ALT_RV	ALT_QUAL	ALT_FREQ	TOTAL_DP	PVAL	PASS	GFF_FEATURE	REF_CODON	REF_AA	ALT_CODON	ALT_AA	POS_AA
NA|PP755591.1|A/cattle/Texas/24-008749-003/2024(H5N1)	72	G	A	186	65	50	735	227	46	0.798046	921	0	TRUE	NA:cds-XAJ25418.1	CTG	L	CTA	L	24
NA|PP755591.1|A/cattle/Texas/24-008749-003/2024(H5N1)	486	C	A	1623	845	46	41	22	39	0.0246394	1664	4.43983e-14	TRUE	NA:cds-XAJ25418.1	CCC	P	CCA	P	162
NA|PP755591.1|A/cattle/Texas/24-008749-003/2024(H5N1)	571	T	C	1	1	60	1486	761	47	0.998656	1488	0	TRUE	NA:cds-XAJ25418.1	TTG	L	CTG	L	191
NA|PP755591.1|A/cattle/Texas/24-008749-003/2024(H5N1)	1000	A	G	1819	881	48	128	67	47	0.0657084	1948	3.22914e-53	TRUE	NA:cds-XAJ25418.1	AGT	S	GGT	G	334
NA|PP755591.1|A/cattle/Texas/24-008749-003/2024(H5N1)	1185	A	G	0	0	0	2021	1025	45	1	2021	0	TRUE	NA:cds-XAJ25418.1	GAA	E	GAG	E	395
