REGION	POS	REF	ALT	REF_DP	REF_RV	REF_QUAL	ALT_DP	ALT_RV	ALT_QUAL	ALT_FREQ	TOTAL_DP	PVAL	PASS	GFF_FEATURE	REF_CODON	REF_AA	ALT_CODON	ALT_AA	POS_AA
MP|PP755590.1|A/cattle/Texas/24-008749-003/2024(H5N1)	234	C	A	214632	91465	29	3145	1518	29	0.0144244	218034	3.91059e-41	TRUE	M1:cds-XAJ25416.1	CGC	R	CGA	R	78
MP|PP755590.1|A/cattle/Texas/24-008749-003/2024(H5N1)	245	G	A	30	11	30	219809	96669	29	0.999513	219916	0	TRUE	M1:cds-XAJ25416.1	AGT	S	AAT	N	82
MP|PP755590.1|A/cattle/Texas/24-008749-003/2024(H5N1)	342	A	G	48	20	29	236670	117262	29	0.999198	236860	0	TRUE	M1:cds-XAJ25416.1	GAA	E	GAG	E	114
