REGION	POS	REF	ALT	REF_DP	REF_RV	REF_QUAL	ALT_DP	ALT_RV	ALT_QUAL	ALT_FREQ	TOTAL_DP	PVAL	PASS	GFF_FEATURE	REF_CODON	REF_AA	ALT_CODON	ALT_AA	POS_AA
NP|PP755592.1|A/cattle/Texas/24-008749-003/2024(H5N1)	355	A	G	3	1	34	6420	3282	33	0.999533	6423	0	TRUE	NA	NA	NA	NA	NA	NA
NP|PP755592.1|A/cattle/Texas/24-008749-003/2024(H5N1)	498	G	A	6	3	34	6178	2934	33	0.998868	6185	0	TRUE	NA	NA	NA	NA	NA	NA
NP|PP755592.1|A/cattle/Texas/24-008749-003/2024(H5N1)	870	C	T	0	0	0	6676	3024	33	0.99985	6677	0	TRUE	NA	NA	NA	NA	NA	NA
NP|PP755592.1|A/cattle/Texas/24-008749-003/2024(H5N1)	1014	T	C	4	2	34	7207	3821	33	0.99903	7214	0	TRUE	NA	NA	NA	NA	NA	NA
NP|PP755592.1|A/cattle/Texas/24-008749-003/2024(H5N1)	1092	G	A	2	1	34	7747	3704	33	0.999613	7750	0	TRUE	NA	NA	NA	NA	NA	NA
