REGION	POS	REF	ALT	REF_DP	REF_RV	REF_QUAL	ALT_DP	ALT_RV	ALT_QUAL	ALT_FREQ	TOTAL_DP	PVAL	PASS	GFF_FEATURE	REF_CODON	REF_AA	ALT_CODON	ALT_AA	POS_AA
MP|PP755590.1|A/cattle/Texas/24-008749-003/2024(H5N1)	84	T	G	11	0	34	4538	1341	51	0.997143	4551	0	TRUE	M1:cds-XAJ25416.1	CTT	L	CTG	L	28
MP|PP755590.1|A/cattle/Texas/24-008749-003/2024(H5N1)	285	A	G	3	2	50	10998	5262	56	0.999727	11001	0	TRUE	M1:cds-XAJ25416.1	AGA	R	AGG	R	95
MP|PP755590.1|A/cattle/Texas/24-008749-003/2024(H5N1)	307	C	T	32	10	53	10959	5365	57	0.996998	10992	0	TRUE	M1:cds-XAJ25416.1	CTG	L	TTG	L	103
MP|PP755590.1|A/cattle/Texas/24-008749-003/2024(H5N1)	456	A	G	3	3	39	10550	5111	59	0.999621	10554	0	TRUE	M1:cds-XAJ25416.1	GAA	E	GAG	E	152
MP|PP755590.1|A/cattle/Texas/24-008749-003/2024(H5N1)	735	A	G	11315	6257	62	218	128	61	0.018899	11535	4.26071e-95	TRUE	M2:cds-XAJ25417.1	GAG	E	GGG	G	7
MP|PP755590.1|A/cattle/Texas/24-008749-003/2024(H5N1)	735	A	G	11315	6257	62	218	128	61	0.018899	11535	4.26071e-95	TRUE	M1:cds-XAJ25416.1	GGA	G	GGG	G	245
