REGION	POS	REF	ALT	REF_DP	REF_RV	REF_QUAL	ALT_DP	ALT_RV	ALT_QUAL	ALT_FREQ	TOTAL_DP	PVAL	PASS	GFF_FEATURE	REF_CODON	REF_AA	ALT_CODON	ALT_AA	POS_AA
NA|PP755591.1|A/cattle/Texas/24-008749-003/2024(H5N1)	60	C	T	1797	272	38	26	2	40	0.0142622	1823	1.47338e-12	TRUE	NA:cds-XAJ25418.1	GTC	V	GTT	V	20
NA|PP755591.1|A/cattle/Texas/24-008749-003/2024(H5N1)	571	T	C	3	0	50	5447	2633	39	0.99945	5450	0	TRUE	NA:cds-XAJ25418.1	TTG	L	CTG	L	191
NA|PP755591.1|A/cattle/Texas/24-008749-003/2024(H5N1)	972	C	T	5813	2465	39	157	59	38	0.0262938	5971	1.6789e-45	TRUE	NA:cds-XAJ25418.1	GAC	D	GAT	D	324
NA|PP755591.1|A/cattle/Texas/24-008749-003/2024(H5N1)	1185	A	G	0	0	0	5695	3365	38	1	5695	0	TRUE	NA:cds-XAJ25418.1	GAA	E	GAG	E	395
NA|PP755591.1|A/cattle/Texas/24-008749-003/2024(H5N1)	1195	T	C	4364	2623	39	1479	816	39	0.253123	5843	0	TRUE	NA:cds-XAJ25418.1	TGG	W	CGG	R	399
NA|PP755591.1|A/cattle/Texas/24-008749-003/2024(H5N1)	1289	G	C	3226	1638	40	68	68	27	0.0206436	3294	1.32828e-05	TRUE	NA:cds-XAJ25418.1	AGG	R	ACG	T	430
