REGION	POS	REF	ALT	REF_DP	REF_RV	REF_QUAL	ALT_DP	ALT_RV	ALT_QUAL	ALT_FREQ	TOTAL_DP	PVAL	PASS	GFF_FEATURE	REF_CODON	REF_AA	ALT_CODON	ALT_AA	POS_AA
NS|PP755593.1|A/cattle/Texas/24-008749-003/2024(H5N1)	64	T	G	0	0	0	10077	4496	33	0.999207	10085	0	TRUE	NS1:cds-XAJ25420.1	TTT	F	GTT	V	22
NS|PP755593.1|A/cattle/Texas/24-008749-003/2024(H5N1)	105	G	A	0	0	0	14698	6670	33	1	14698	0	TRUE	NS1:cds-XAJ25420.1	CGG	R	CGA	R	35
NS|PP755593.1|A/cattle/Texas/24-008749-003/2024(H5N1)	199	A	G	3	2	34	23344	10963	33	0.999829	23348	0	TRUE	NS1:cds-XAJ25420.1	AGG	R	GGG	G	67
NS|PP755593.1|A/cattle/Texas/24-008749-003/2024(H5N1)	222	T	C	13	6	32	24923	12150	33	0.998958	24949	0	TRUE	NS1:cds-XAJ25420.1	GAT	D	GAC	D	74
