REGION	POS	REF	ALT	REF_DP	REF_RV	REF_QUAL	ALT_DP	ALT_RV	ALT_QUAL	ALT_FREQ	TOTAL_DP	PVAL	PASS	GFF_FEATURE	REF_CODON	REF_AA	ALT_CODON	ALT_AA	POS_AA
NA|PP755591.1|A/cattle/Texas/24-008749-003/2024(H5N1)	169	G	A	3307	1322	33	35	12	33	0.0104728	3342	1.75118e-08	TRUE	NA:cds-XAJ25418.1	GAG	E	AAG	K	57
NA|PP755591.1|A/cattle/Texas/24-008749-003/2024(H5N1)	198	T	C	1837	810	33	1440	598	33	0.439158	3279	0	TRUE	NA:cds-XAJ25418.1	TAT	Y	TAC	Y	66
NA|PP755591.1|A/cattle/Texas/24-008749-003/2024(H5N1)	327	G	A	3503	1617	33	54	29	33	0.0151813	3557	1.21385e-13	TRUE	NA:cds-XAJ25418.1	GGG	G	GGA	G	109
NA|PP755591.1|A/cattle/Texas/24-008749-003/2024(H5N1)	571	T	C	2	1	34	2917	1407	33	0.999315	2919	0	TRUE	NA:cds-XAJ25418.1	TTG	L	CTG	L	191
NA|PP755591.1|A/cattle/Texas/24-008749-003/2024(H5N1)	771	G	A	320	172	33	2376	1360	32	0.880326	2699	0	TRUE	NA:cds-XAJ25418.1	AAG	K	AAA	K	257
NA|PP755591.1|A/cattle/Texas/24-008749-003/2024(H5N1)	1175	A	G	3338	2127	33	36	13	33	0.0106698	3374	3.03591e-09	TRUE	NA:cds-XAJ25418.1	GAC	D	GGC	G	392
NA|PP755591.1|A/cattle/Texas/24-008749-003/2024(H5N1)	1185	A	G	0	0	0	3235	1941	33	0.999691	3236	0	TRUE	NA:cds-XAJ25418.1	GAA	E	GAG	E	395
NA|PP755591.1|A/cattle/Texas/24-008749-003/2024(H5N1)	1187	T	C	2887	1672	33	278	175	33	0.0877802	3167	4.10923e-87	TRUE	NA:cds-XAJ25418.1	ATA	I	ACA	T	396
NA|PP755591.1|A/cattle/Texas/24-008749-003/2024(H5N1)	1200	A	G	3066	1724	33	369	247	33	0.107424	3435	4.06035e-115	TRUE	NA:cds-XAJ25418.1	TCA	S	TCG	S	400
NA|PP755591.1|A/cattle/Texas/24-008749-003/2024(H5N1)	1289	G	C	2146	1103	32	43	43	27	0.0196437	2189	0.00173606	TRUE	NA:cds-XAJ25418.1	AGG	R	ACG	T	430
NA|PP755591.1|A/cattle/Texas/24-008749-003/2024(H5N1)	1315	A	G	2866	2182	33	375	246	33	0.115705	3241	3.89911e-114	TRUE	NA:cds-XAJ25418.1	AGC	S	GGC	G	439
NA|PP755591.1|A/cattle/Texas/24-008749-003/2024(H5N1)	1353	C	T	2242	1958	33	26	21	33	0.0114638	2268	1.177e-06	TRUE	NA:cds-XAJ25418.1	GAC	D	GAT	D	451
