REGION	POS	REF	ALT	REF_DP	REF_RV	REF_QUAL	ALT_DP	ALT_RV	ALT_QUAL	ALT_FREQ	TOTAL_DP	PVAL	PASS	GFF_FEATURE	REF_CODON	REF_AA	ALT_CODON	ALT_AA	POS_AA
HA|PP755589.1|A/cattle/Texas/24-008749-003/2024(H5N1)	357	C	T	857	302	37	1384	637	38	0.617306	2242	0	TRUE	HA:cds-XAJ25415.1	CAC	H	CAT	H	119
HA|PP755589.1|A/cattle/Texas/24-008749-003/2024(H5N1)	465	A	G	0	0	0	1963	990	39	1	1963	0	TRUE	HA:cds-XAJ25415.1	GGA	G	GGG	G	155
HA|PP755589.1|A/cattle/Texas/24-008749-003/2024(H5N1)	651	G	A	0	0	0	1996	816	38	1	1996	0	TRUE	HA:cds-XAJ25415.1	GGG	G	GGA	G	217
HA|PP755589.1|A/cattle/Texas/24-008749-003/2024(H5N1)	831	C	T	877	474	38	1317	709	37	0.600273	2194	0	TRUE	HA:cds-XAJ25415.1	GAC	D	GAT	D	277
HA|PP755589.1|A/cattle/Texas/24-008749-003/2024(H5N1)	1171	G	A	3427	920	38	140	18	35	0.0392487	3567	7.28863e-42	TRUE	HA:cds-XAJ25415.1	GAT	D	AAT	N	391
HA|PP755589.1|A/cattle/Texas/24-008749-003/2024(H5N1)	1275	G	A	0	0	0	3496	1550	38	0.999714	3497	0	TRUE	HA:cds-XAJ25415.1	TTG	L	TTA	L	425
HA|PP755589.1|A/cattle/Texas/24-008749-003/2024(H5N1)	1281	G	A	1135	595	39	2237	1127	37	0.663405	3372	0	TRUE	HA:cds-XAJ25415.1	AAG	K	AAA	K	427
