REGION	POS	REF	ALT	REF_DP	REF_RV	REF_QUAL	ALT_DP	ALT_RV	ALT_QUAL	ALT_FREQ	TOTAL_DP	PVAL	PASS	GFF_FEATURE	REF_CODON	REF_AA	ALT_CODON	ALT_AA	POS_AA
PA|PP755594.1|A/cattle/Texas/24-008749-003/2024(H5N1)	252	A	G	5	1	34	5939	3502	37	0.999159	5944	0	TRUE	PA:cds-XAJ25422.1	CGA	R	CGG	R	84
PA|PP755594.1|A/cattle/Texas/24-008749-003/2024(H5N1)	252	A	G	5	1	34	5939	3502	37	0.999159	5944	0	TRUE	PA-X:cds-XAJ25423.1	CGA	R	CGG	R	84
PA|PP755594.1|A/cattle/Texas/24-008749-003/2024(H5N1)	712	C	T	491	298	36	6126	3484	35	0.925378	6620	0	TRUE	PA:cds-XAJ25422.1	CCG	P	TCG	S	238
PA|PP755594.1|A/cattle/Texas/24-008749-003/2024(H5N1)	712	C	T	491	298	36	6126	3484	35	0.925378	6620	0	TRUE	PA-X:cds-XAJ25423.1	AAC	N	AAT	N	47
PA|PP755594.1|A/cattle/Texas/24-008749-003/2024(H5N1)	980	A	-G	7119	2722	35	86	0	20	0.0102699	8374	0.127657	FALSE	NA	NA	NA	NA	NA	NA
PA|PP755594.1|A/cattle/Texas/24-008749-003/2024(H5N1)	981	G	A	711	313	36	6673	2327	36	0.903711	7384	0	TRUE	PA:cds-XAJ25422.1	GAG	E	GAA	E	327
PA|PP755594.1|A/cattle/Texas/24-008749-003/2024(H5N1)	984	A	G	94	81	29	7274	2521	36	0.98684	7371	0	TRUE	PA:cds-XAJ25422.1	AAA	K	AAG	K	328
PA|PP755594.1|A/cattle/Texas/24-008749-003/2024(H5N1)	1294	G	A	1	1	34	8523	4431	38	0.999765	8525	0	TRUE	PA:cds-XAJ25422.1	GTT	V	ATT	I	432
PA|PP755594.1|A/cattle/Texas/24-008749-003/2024(H5N1)	1434	T	C	8291	2789	36	180	41	35	0.021244	8473	8.8929e-48	TRUE	PA:cds-XAJ25422.1	GAT	D	GAC	D	478
PA|PP755594.1|A/cattle/Texas/24-008749-003/2024(H5N1)	1452	A	G	1	1	34	7962	3057	36	0.999749	7964	0	TRUE	PA:cds-XAJ25422.1	CCA	P	CCG	P	484
PA|PP755594.1|A/cattle/Texas/24-008749-003/2024(H5N1)	1461	T	C	7593	3075	37	604	222	36	0.0736855	8197	1.03986e-188	TRUE	PA:cds-XAJ25422.1	AGT	S	AGC	S	487
PA|PP755594.1|A/cattle/Texas/24-008749-003/2024(H5N1)	1608	A	G	2	1	34	7885	4658	36	0.999746	7887	0	TRUE	PA:cds-XAJ25422.1	AAA	K	AAG	K	536
PA|PP755594.1|A/cattle/Texas/24-008749-003/2024(H5N1)	1770	A	G	7609	3369	36	100	48	36	0.0129719	7709	1.72495e-25	TRUE	PA:cds-XAJ25422.1	CAA	Q	CAG	Q	590
PA|PP755594.1|A/cattle/Texas/24-008749-003/2024(H5N1)	1977	A	T	6383	3841	36	871	546	36	0.119972	7260	4.47573e-278	TRUE	PA:cds-XAJ25422.1	TCA	S	TCT	S	659
