REGION	POS	REF	ALT	REF_DP	REF_RV	REF_QUAL	ALT_DP	ALT_RV	ALT_QUAL	ALT_FREQ	TOTAL_DP	PVAL	PASS	GFF_FEATURE	REF_CODON	REF_AA	ALT_CODON	ALT_AA	POS_AA
PB1|PP755595.1|A/cattle/Texas/24-008749-003/2024(H5N1)	30	G	-AA	101	15	33	5	0	20	0.017301	289	0.0169703	FALSE	NA	NA	NA	NA	NA	NA
PB1|PP755595.1|A/cattle/Texas/24-008749-003/2024(H5N1)	44	A	-AAATGCCATAAGCACCACATTCCCGT	110	24	33	4	0	20	0.0132013	303	0.09308	FALSE	NA	NA	NA	NA	NA	NA
PB1|PP755595.1|A/cattle/Texas/24-008749-003/2024(H5N1)	110	G	-AT	348	80	33	7	0	20	0.0134615	520	0.167723	FALSE	NA	NA	NA	NA	NA	NA
PB1|PP755595.1|A/cattle/Texas/24-008749-003/2024(H5N1)	144	A	G	355	92	32	4	2	34	0.0111421	359	0.0442418	FALSE	PB1:cds-XAJ25424.1	CAA	Q	CAG	Q	48
PB1|PP755595.1|A/cattle/Texas/24-008749-003/2024(H5N1)	144	A	G	355	92	32	4	2	34	0.0111421	359	0.0442418	FALSE	PB1-F2:cds-XAJ25425.1	AAT	N	AGT	S	17
PB1|PP755595.1|A/cattle/Texas/24-008749-003/2024(H5N1)	330	G	A	0	0	0	323	182	33	0.996914	324	7.35628e-200	TRUE	PB1:cds-XAJ25424.1	ACG	T	ACA	T	110
PB1|PP755595.1|A/cattle/Texas/24-008749-003/2024(H5N1)	330	G	A	0	0	0	323	182	33	0.996914	324	7.35628e-200	TRUE	PB1-F2:cds-XAJ25425.1	CGA	R	CAA	Q	79
PB1|PP755595.1|A/cattle/Texas/24-008749-003/2024(H5N1)	460	G	A	273	115	33	3	2	34	0.0108696	276	0.119058	FALSE	PB1:cds-XAJ25424.1	GGT	G	AGT	S	154
PB1|PP755595.1|A/cattle/Texas/24-008749-003/2024(H5N1)	945	T	C	0	0	0	271	150	33	1	271	4.29705e-165	TRUE	PB1:cds-XAJ25424.1	CCT	P	CCC	P	315
PB1|PP755595.1|A/cattle/Texas/24-008749-003/2024(H5N1)	1145	A	C	274	154	32	3	0	28	0.0108303	277	0.564196	FALSE	PB1:cds-XAJ25424.1	AAT	N	ACT	T	382
PB1|PP755595.1|A/cattle/Texas/24-008749-003/2024(H5N1)	1408	T	A	366	154	33	5	2	34	0.0134771	371	0.0286365	FALSE	PB1:cds-XAJ25424.1	TGC	C	AGC	S	470
PB1|PP755595.1|A/cattle/Texas/24-008749-003/2024(H5N1)	2073	G	-TGCTGCAATC	807	392	33	11	0	20	0.0130332	844	0.299249	FALSE	NA	NA	NA	NA	NA	NA
PB1|PP755595.1|A/cattle/Texas/24-008749-003/2024(H5N1)	2088	T	-G	789	397	33	10	0	20	0.0118624	843	0.363459	FALSE	NA	NA	NA	NA	NA	NA
PB1|PP755595.1|A/cattle/Texas/24-008749-003/2024(H5N1)	2231	T	-G	654	546	33	8	0	20	0.0118343	676	0.380462	FALSE	NA	NA	NA	NA	NA	NA
