REGION	POS	REF	ALT	REF_DP	REF_RV	REF_QUAL	ALT_DP	ALT_RV	ALT_QUAL	ALT_FREQ	TOTAL_DP	PVAL	PASS	GFF_FEATURE	REF_CODON	REF_AA	ALT_CODON	ALT_AA	POS_AA
HA|PP755589.1|A/cattle/Texas/24-008749-003/2024(H5N1)	7	A	G	55	2	38	1	0	24	0.0178571	56	0.469715	FALSE	HA:cds-XAJ25415.1	AAC	N	GAC	D	3
HA|PP755589.1|A/cattle/Texas/24-008749-003/2024(H5N1)	14	T	G	192	4	36	3	0	22	0.0153846	195	0.336726	FALSE	HA:cds-XAJ25415.1	GTA	V	GGA	G	5
HA|PP755589.1|A/cattle/Texas/24-008749-003/2024(H5N1)	357	C	T	0	0	0	978	421	38	1	978	0	TRUE	HA:cds-XAJ25415.1	CAC	H	CAT	H	119
HA|PP755589.1|A/cattle/Texas/24-008749-003/2024(H5N1)	465	A	G	0	0	0	985	546	38	1	985	0	TRUE	HA:cds-XAJ25415.1	GGA	G	GGG	G	155
HA|PP755589.1|A/cattle/Texas/24-008749-003/2024(H5N1)	630	A	G	953	314	38	120	39	37	0.111732	1074	1.16131e-38	TRUE	HA:cds-XAJ25415.1	CCA	P	CCG	P	210
HA|PP755589.1|A/cattle/Texas/24-008749-003/2024(H5N1)	651	G	A	3	1	34	1029	325	37	0.997093	1032	0	TRUE	HA:cds-XAJ25415.1	GGG	G	GGA	G	217
HA|PP755589.1|A/cattle/Texas/24-008749-003/2024(H5N1)	1237	A	G	1005	321	38	20	3	37	0.0195122	1025	2.02568e-06	TRUE	HA:cds-XAJ25415.1	AGG	R	GGG	G	413
HA|PP755589.1|A/cattle/Texas/24-008749-003/2024(H5N1)	1275	G	A	0	0	0	896	372	38	1	896	0	TRUE	HA:cds-XAJ25415.1	TTG	L	TTA	L	425
