REGION	POS	REF	ALT	REF_DP	REF_RV	REF_QUAL	ALT_DP	ALT_RV	ALT_QUAL	ALT_FREQ	TOTAL_DP	PVAL	PASS	GFF_FEATURE	REF_CODON	REF_AA	ALT_CODON	ALT_AA	POS_AA
NP|PP755592.1|A/cattle/Texas/24-008749-003/2024(H5N1)	301	G	A	18236	8585	37	455	214	36	0.024342	18692	1.52963e-120	TRUE	NP:cds-XAJ25419.1	GAT	D	AAT	N	101
NP|PP755592.1|A/cattle/Texas/24-008749-003/2024(H5N1)	355	A	G	9	4	42	18409	9738	37	0.999403	18420	0	TRUE	NP:cds-XAJ25419.1	ATT	I	GTT	V	119
NP|PP755592.1|A/cattle/Texas/24-008749-003/2024(H5N1)	498	G	A	11	7	34	19687	8686	35	0.99934	19700	0	TRUE	NP:cds-XAJ25419.1	CTG	L	CTA	L	166
NP|PP755592.1|A/cattle/Texas/24-008749-003/2024(H5N1)	870	C	T	10	5	37	19818	9207	36	0.999395	19830	0	TRUE	NP:cds-XAJ25419.1	GAC	D	GAT	D	290
NP|PP755592.1|A/cattle/Texas/24-008749-003/2024(H5N1)	937	T	C	6	3	39	21390	9484	38	0.999626	21398	0	TRUE	NP:cds-XAJ25419.1	TTC	F	CTC	L	313
NP|PP755592.1|A/cattle/Texas/24-008749-003/2024(H5N1)	1014	T	C	16	9	34	20747	11154	37	0.999229	20763	0	TRUE	NP:cds-XAJ25419.1	TTT	F	TTC	F	338
NP|PP755592.1|A/cattle/Texas/24-008749-003/2024(H5N1)	1092	G	A	4	2	32	21336	10912	37	0.999719	21342	0	TRUE	NP:cds-XAJ25419.1	CAG	Q	CAA	Q	364
NP|PP755592.1|A/cattle/Texas/24-008749-003/2024(H5N1)	1122	G	A	21270	11723	37	1407	566	36	0.0620234	22685	0	TRUE	NP:cds-XAJ25419.1	ATG	M	ATA	I	374
