REGION	POS	REF	ALT	REF_DP	REF_RV	REF_QUAL	ALT_DP	ALT_RV	ALT_QUAL	ALT_FREQ	TOTAL_DP	PVAL	PASS	GFF_FEATURE	REF_CODON	REF_AA	ALT_CODON	ALT_AA	POS_AA
NS|PP755593.1|A/cattle/Texas/24-008749-003/2024(H5N1)	64	T	G	13565	2145	33	23711	5857	33	0.635888	37288	0	TRUE	NS1:cds-XAJ25420.1	TTT	F	GTT	V	22
NS|PP755593.1|A/cattle/Texas/24-008749-003/2024(H5N1)	199	A	G	12	4	33	75947	31617	33	0.99971	75969	0	TRUE	NS1:cds-XAJ25420.1	AGG	R	GGG	G	67
NS|PP755593.1|A/cattle/Texas/24-008749-003/2024(H5N1)	214	G	A	78394	38172	33	1755	743	32	0.0218954	80154	0	TRUE	NS1:cds-XAJ25420.1	GAA	E	AAA	K	72
NS|PP755593.1|A/cattle/Texas/24-008749-003/2024(H5N1)	222	T	C	12	10	33	78170	39277	33	0.999783	78187	0	TRUE	NS1:cds-XAJ25420.1	GAT	D	GAC	D	74
NS|PP755593.1|A/cattle/Texas/24-008749-003/2024(H5N1)	333	G	A	80245	40095	33	885	421	33	0.0109079	81134	6.18546e-176	TRUE	NS1:cds-XAJ25420.1	GTG	V	GTA	V	111
NS|PP755593.1|A/cattle/Texas/24-008749-003/2024(H5N1)	682	T	C	75692	46335	33	1140	671	33	0.0148366	76837	1.89698e-251	TRUE	NEP:cds-XAJ25421.1	AGT	S	AGC	S	60
NS|PP755593.1|A/cattle/Texas/24-008749-003/2024(H5N1)	682	T	C	75692	46335	33	1140	671	33	0.0148366	76837	1.89698e-251	TRUE	NS1:cds-XAJ25420.1	TCA	S	CCA	P	228
