REGION	POS	REF	ALT	REF_DP	REF_RV	REF_QUAL	ALT_DP	ALT_RV	ALT_QUAL	ALT_FREQ	TOTAL_DP	PVAL	PASS	GFF_FEATURE	REF_CODON	REF_AA	ALT_CODON	ALT_AA	POS_AA
NP|PP755592.1|A/cattle/Texas/24-008749-003/2024(H5N1)	355	A	G	2	1	34	14227	7318	33	0.999859	14229	0	TRUE	NP:cds-XAJ25419.1	ATT	I	GTT	V	119
NP|PP755592.1|A/cattle/Texas/24-008749-003/2024(H5N1)	474	A	G	0	0	0	13143	6860	33	1	13143	0	TRUE	NP:cds-XAJ25419.1	GGA	G	GGG	G	158
NP|PP755592.1|A/cattle/Texas/24-008749-003/2024(H5N1)	498	G	A	0	0	0	13872	6762	33	0.999856	13874	0	TRUE	NP:cds-XAJ25419.1	CTG	L	CTA	L	166
NP|PP755592.1|A/cattle/Texas/24-008749-003/2024(H5N1)	630	A	G	8232	3626	33	7136	3610	33	0.464311	15369	0	TRUE	NP:cds-XAJ25419.1	GAA	E	GAG	E	210
NP|PP755592.1|A/cattle/Texas/24-008749-003/2024(H5N1)	870	C	T	1	1	34	13922	6551	33	0.999713	13926	0	TRUE	NP:cds-XAJ25419.1	GAC	D	GAT	D	290
NP|PP755592.1|A/cattle/Texas/24-008749-003/2024(H5N1)	1014	T	C	2	2	30	14953	8028	33	0.999733	14957	0	TRUE	NP:cds-XAJ25419.1	TTT	F	TTC	F	338
NP|PP755592.1|A/cattle/Texas/24-008749-003/2024(H5N1)	1092	G	A	3	1	31	15566	7459	33	0.999743	15570	0	TRUE	NP:cds-XAJ25419.1	CAG	Q	CAA	Q	364
