REGION	POS	REF	ALT	REF_DP	REF_RV	REF_QUAL	ALT_DP	ALT_RV	ALT_QUAL	ALT_FREQ	TOTAL_DP	PVAL	PASS	GFF_FEATURE	REF_CODON	REF_AA	ALT_CODON	ALT_AA	POS_AA
NP|PP755592.1|A/cattle/Texas/24-008749-003/2024(H5N1)	9	T	C	99	18	38	1	1	74	0.01	100	0.097561	FALSE	NP:cds-XAJ25419.1	TCT	S	TCC	S	3
NP|PP755592.1|A/cattle/Texas/24-008749-003/2024(H5N1)	27	C	G	209	41	38	5	0	44	0.0233645	214	0.000133234	TRUE	NP:cds-XAJ25419.1	TCC	S	TCG	S	9
NP|PP755592.1|A/cattle/Texas/24-008749-003/2024(H5N1)	327	C	T	1033	542	39	14	11	34	0.0133715	1047	0.000260074	TRUE	NP:cds-XAJ25419.1	ATC	I	ATT	I	109
NP|PP755592.1|A/cattle/Texas/24-008749-003/2024(H5N1)	355	A	G	0	0	0	1054	593	40	1	1054	0	TRUE	NP:cds-XAJ25419.1	ATT	I	GTT	V	119
NP|PP755592.1|A/cattle/Texas/24-008749-003/2024(H5N1)	498	G	A	0	0	0	1084	465	37	1	1084	0	TRUE	NP:cds-XAJ25419.1	CTG	L	CTA	L	166
NP|PP755592.1|A/cattle/Texas/24-008749-003/2024(H5N1)	528	C	T	1128	366	38	26	16	35	0.0225303	1154	6.06964e-08	TRUE	NP:cds-XAJ25419.1	TCC	S	TCT	S	176
NP|PP755592.1|A/cattle/Texas/24-008749-003/2024(H5N1)	549	G	A	1160	400	38	24	7	39	0.0202703	1184	2.81437e-07	TRUE	NP:cds-XAJ25419.1	GTG	V	GTA	V	183
NP|PP755592.1|A/cattle/Texas/24-008749-003/2024(H5N1)	748	A	G	1118	682	38	12	4	38	0.0106195	1130	0.00111832	TRUE	NP:cds-XAJ25419.1	AAT	N	GAT	D	250
NP|PP755592.1|A/cattle/Texas/24-008749-003/2024(H5N1)	870	C	T	0	0	0	1073	595	38	1	1073	0	TRUE	NP:cds-XAJ25419.1	GAC	D	GAT	D	290
NP|PP755592.1|A/cattle/Texas/24-008749-003/2024(H5N1)	897	C	T	1109	557	39	52	25	36	0.044789	1161	6.19981e-16	TRUE	NP:cds-XAJ25419.1	GTC	V	GTT	V	299
NP|PP755592.1|A/cattle/Texas/24-008749-003/2024(H5N1)	915	T	C	1117	543	40	15	7	39	0.0132509	1132	0.000118127	TRUE	NP:cds-XAJ25419.1	CGT	R	CGC	R	305
NP|PP755592.1|A/cattle/Texas/24-008749-003/2024(H5N1)	1006	G	A	1037	541	39	20	8	39	0.0189215	1057	4.26107e-06	TRUE	NP:cds-XAJ25419.1	GCA	A	ACA	T	336
NP|PP755592.1|A/cattle/Texas/24-008749-003/2024(H5N1)	1014	T	C	0	0	0	1001	508	39	1	1001	0	TRUE	NP:cds-XAJ25419.1	TTT	F	TTC	F	338
NP|PP755592.1|A/cattle/Texas/24-008749-003/2024(H5N1)	1092	G	A	0	0	0	1093	524	39	1	1093	0	TRUE	NP:cds-XAJ25419.1	CAG	Q	CAA	Q	364
NP|PP755592.1|A/cattle/Texas/24-008749-003/2024(H5N1)	1239	T	G	1087	573	39	14	12	35	0.0127157	1101	0.000243189	TRUE	NP:cds-XAJ25419.1	TCT	S	TCG	S	413
NP|PP755592.1|A/cattle/Texas/24-008749-003/2024(H5N1)	1302	A	G	709	402	40	263	156	39	0.270576	972	7.82954e-96	TRUE	NP:cds-XAJ25419.1	GAA	E	GAG	E	434
