REGION	POS	REF	ALT	REF_DP	REF_RV	REF_QUAL	ALT_DP	ALT_RV	ALT_QUAL	ALT_FREQ	TOTAL_DP	PVAL	PASS	GFF_FEATURE	REF_CODON	REF_AA	ALT_CODON	ALT_AA	POS_AA
PB1|PP755595.1|A/cattle/Texas/24-008749-003/2024(H5N1)	20	T	-ACTCTTCTTG	90	10	34	15	0	20	0.0396825	378	2.31022e-08	TRUE	NA	NA	NA	NA	NA	NA
PB1|PP755595.1|A/cattle/Texas/24-008749-003/2024(H5N1)	32	A	-AGTTCC	121	20	31	4	0	20	0.0101781	393	0.0619197	FALSE	NA	NA	NA	NA	NA	NA
PB1|PP755595.1|A/cattle/Texas/24-008749-003/2024(H5N1)	43	C	-AAAATGCCAT	109	20	33	49	0	20	0.122807	399	3.81741e-26	TRUE	NA	NA	NA	NA	NA	NA
PB1|PP755595.1|A/cattle/Texas/24-008749-003/2024(H5N1)	263	T	C	139	58	33	101	54	33	0.420833	240	3.42402e-38	TRUE	PB1:cds-XAJ25424.1	GTC	V	GCC	A	88
PB1|PP755595.1|A/cattle/Texas/24-008749-003/2024(H5N1)	263	T	C	139	58	33	101	54	33	0.420833	240	3.42402e-38	TRUE	PB1-F2:cds-XAJ25425.1	TCC	S	CCC	P	57
PB1|PP755595.1|A/cattle/Texas/24-008749-003/2024(H5N1)	575	G	A	163	70	33	2	1	34	0.0121212	165	0.246242	FALSE	PB1:cds-XAJ25424.1	AGA	R	AAA	K	192
PB1|PP755595.1|A/cattle/Texas/24-008749-003/2024(H5N1)	610	A	G	140	76	32	3	0	34	0.020979	143	0.102925	FALSE	PB1:cds-XAJ25424.1	ACG	T	GCG	A	204
PB1|PP755595.1|A/cattle/Texas/24-008749-003/2024(H5N1)	646	A	G	136	77	33	7	4	32	0.048951	143	0.00568308	TRUE	PB1:cds-XAJ25424.1	AGC	S	GGC	G	216
PB1|PP755595.1|A/cattle/Texas/24-008749-003/2024(H5N1)	862	A	T	159	84	33	2	2	34	0.0124224	161	0.244634	FALSE	PB1:cds-XAJ25424.1	AAG	K	TAG	*	288
PB1|PP755595.1|A/cattle/Texas/24-008749-003/2024(H5N1)	875	A	G	113	74	32	56	29	33	0.331361	169	8.13704e-21	TRUE	PB1:cds-XAJ25424.1	AAT	N	AGT	S	292
PB1|PP755595.1|A/cattle/Texas/24-008749-003/2024(H5N1)	945	T	C	0	0	0	169	106	33	1	169	1.34436e-102	TRUE	PB1:cds-XAJ25424.1	CCT	P	CCC	P	315
PB1|PP755595.1|A/cattle/Texas/24-008749-003/2024(H5N1)	1048	A	G	173	67	33	2	1	34	0.0113636	176	0.235608	FALSE	PB1:cds-XAJ25424.1	AGA	R	GGA	G	350
PB1|PP755595.1|A/cattle/Texas/24-008749-003/2024(H5N1)	1349	T	C	305	90	33	4	2	34	0.012945	309	0.0607025	FALSE	PB1:cds-XAJ25424.1	ATC	I	ACC	T	450
PB1|PP755595.1|A/cattle/Texas/24-008749-003/2024(H5N1)	2062	A	-TGTATCAAAAGTGCTGCAATCTATT	1112	543	33	62	0	20	0.0494024	1255	1.46012e-10	TRUE	NA	NA	NA	NA	NA	NA
