REGION	POS	REF	ALT	REF_DP	REF_RV	REF_QUAL	ALT_DP	ALT_RV	ALT_QUAL	ALT_FREQ	TOTAL_DP	PVAL	PASS	GFF_FEATURE	REF_CODON	REF_AA	ALT_CODON	ALT_AA	POS_AA
HA|PP755589.1|A/cattle/Texas/24-008749-003/2024(H5N1)	5	A	G	136	4	38	3	0	31	0.0215827	139	0.00144124	TRUE	HA:cds-XAJ25415.1	GAG	E	GGG	G	2
HA|PP755589.1|A/cattle/Texas/24-008749-003/2024(H5N1)	90	G	A	6	2	36	1770	190	40	0.996622	1776	0	TRUE	HA:cds-XAJ25415.1	GAG	E	GAA	E	30
HA|PP755589.1|A/cattle/Texas/24-008749-003/2024(H5N1)	305	C	T	0	0	0	2896	1350	39	1	2896	0	TRUE	HA:cds-XAJ25415.1	GCT	A	GTT	V	102
HA|PP755589.1|A/cattle/Texas/24-008749-003/2024(H5N1)	330	C	T	2964	1342	39	81	33	39	0.026601	3045	6.59798e-23	TRUE	HA:cds-XAJ25415.1	AGC	S	AGT	S	110
HA|PP755589.1|A/cattle/Texas/24-008749-003/2024(H5N1)	651	G	A	1	1	37	2949	1198	39	0.999661	2950	0	TRUE	HA:cds-XAJ25415.1	GGG	G	GGA	G	217
HA|PP755589.1|A/cattle/Texas/24-008749-003/2024(H5N1)	819	T	C	0	0	0	3056	1956	39	1	3056	0	TRUE	HA:cds-XAJ25415.1	GTT	V	GTC	V	273
HA|PP755589.1|A/cattle/Texas/24-008749-003/2024(H5N1)	834	G	A	1	0	37	3064	1950	39	0.999674	3065	0	TRUE	HA:cds-XAJ25415.1	TCG	S	TCA	S	278
HA|PP755589.1|A/cattle/Texas/24-008749-003/2024(H5N1)	867	T	C	0	0	0	2970	1749	39	1	2970	0	TRUE	HA:cds-XAJ25415.1	CAT	H	CAC	H	289
HA|PP755589.1|A/cattle/Texas/24-008749-003/2024(H5N1)	921	T	C	2	0	31	2663	1724	39	0.99925	2665	0	TRUE	HA:cds-XAJ25415.1	TTT	F	TTC	F	307
HA|PP755589.1|A/cattle/Texas/24-008749-003/2024(H5N1)	1095	T	C	0	0	0	2666	1343	38	1	2666	0	TRUE	HA:cds-XAJ25415.1	GGT	G	GGC	G	365
HA|PP755589.1|A/cattle/Texas/24-008749-003/2024(H5N1)	1314	A	C	2	0	37	3773	1846	39	0.999206	3776	0	TRUE	HA:cds-XAJ25415.1	ACA	T	ACC	T	438
