REGION	POS	REF	ALT	REF_DP	REF_RV	REF_QUAL	ALT_DP	ALT_RV	ALT_QUAL	ALT_FREQ	TOTAL_DP	PVAL	PASS	GFF_FEATURE	REF_CODON	REF_AA	ALT_CODON	ALT_AA	POS_AA
PB2|PP755596.1|A/cattle/Texas/24-008749-003/2024(H5N1)	240	G	A	0	0	0	2126	1002	33	1	2126	0	TRUE	PB2:cds-XAJ25426.1	AAG	K	AAA	K	80
PB2|PP755596.1|A/cattle/Texas/24-008749-003/2024(H5N1)	251	C	T	2250	1216	33	37	17	33	0.0161784	2287	8.23149e-10	TRUE	PB2:cds-XAJ25426.1	GCC	A	GTC	V	84
PB2|PP755596.1|A/cattle/Texas/24-008749-003/2024(H5N1)	344	A	G	2858	1324	33	42	21	32	0.0144828	2900	4.58831e-11	TRUE	PB2:cds-XAJ25426.1	TAC	Y	TGC	C	115
PB2|PP755596.1|A/cattle/Texas/24-008749-003/2024(H5N1)	630	G	A	2	1	34	2734	1624	33	0.999269	2736	0	TRUE	PB2:cds-XAJ25426.1	GAG	E	GAA	E	210
PB2|PP755596.1|A/cattle/Texas/24-008749-003/2024(H5N1)	717	C	T	3169	1737	33	49	35	33	0.0152221	3219	3.39751e-12	TRUE	PB2:cds-XAJ25426.1	TGC	C	TGT	C	239
PB2|PP755596.1|A/cattle/Texas/24-008749-003/2024(H5N1)	764	C	T	1	0	34	2977	1378	33	0.999664	2978	0	TRUE	PB2:cds-XAJ25426.1	GCA	A	GTA	V	255
PB2|PP755596.1|A/cattle/Texas/24-008749-003/2024(H5N1)	821	C	T	3295	1425	33	73	44	33	0.0216746	3368	4.97936e-19	TRUE	PB2:cds-XAJ25426.1	GCA	A	GTA	V	274
PB2|PP755596.1|A/cattle/Texas/24-008749-003/2024(H5N1)	912	G	A	0	0	0	3127	1442	33	1	3127	0	TRUE	PB2:cds-XAJ25426.1	GAG	E	GAA	E	304
PB2|PP755596.1|A/cattle/Texas/24-008749-003/2024(H5N1)	999	A	G	381	184	33	2727	1534	33	0.877413	3108	0	TRUE	PB2:cds-XAJ25426.1	ACA	T	ACG	T	333
PB2|PP755596.1|A/cattle/Texas/24-008749-003/2024(H5N1)	1111	A	G	3228	1593	33	51	23	33	0.0155535	3279	1.09022e-12	TRUE	PB2:cds-XAJ25426.1	ACG	T	GCG	A	371
PB2|PP755596.1|A/cattle/Texas/24-008749-003/2024(H5N1)	1392	G	A	1	0	34	3441	2228	33	0.999709	3442	0	TRUE	PB2:cds-XAJ25426.1	TTG	L	TTA	L	464
PB2|PP755596.1|A/cattle/Texas/24-008749-003/2024(H5N1)	1890	A	G	3064	1494	33	42	25	33	0.0135222	3106	3.62373e-10	TRUE	PB2:cds-XAJ25426.1	AGA	R	AGG	R	630
PB2|PP755596.1|A/cattle/Texas/24-008749-003/2024(H5N1)	2009	A	G	0	0	0	2670	1579	33	1	2670	0	TRUE	PB2:cds-XAJ25426.1	AAA	K	AGA	R	670
PB2|PP755596.1|A/cattle/Texas/24-008749-003/2024(H5N1)	2185	G	A	2185	1795	33	24	14	32	0.0108646	2209	4.66e-06	TRUE	PB2:cds-XAJ25426.1	GGA	G	AGA	R	729
