REGION	POS	REF	ALT	REF_DP	REF_RV	REF_QUAL	ALT_DP	ALT_RV	ALT_QUAL	ALT_FREQ	TOTAL_DP	PVAL	PASS	GFF_FEATURE	REF_CODON	REF_AA	ALT_CODON	ALT_AA	POS_AA
PB2|PP755596.1|A/cattle/Texas/24-008749-003/2024(H5N1)	161	A	G	1	0	34	3342	1390	33	0.998506	3347	0	TRUE	PB2:cds-XAJ25426.1	AAA	K	AGA	R	54
PB2|PP755596.1|A/cattle/Texas/24-008749-003/2024(H5N1)	171	C	T	0	0	0	3395	1473	33	0.999411	3397	0	TRUE	PB2:cds-XAJ25426.1	ATC	I	ATT	I	57
PB2|PP755596.1|A/cattle/Texas/24-008749-003/2024(H5N1)	240	G	A	0	0	0	2856	1658	32	0.9993	2858	0	TRUE	PB2:cds-XAJ25426.1	AAG	K	AAA	K	80
PB2|PP755596.1|A/cattle/Texas/24-008749-003/2024(H5N1)	630	G	A	10	6	33	3352	1900	33	0.996433	3364	0	TRUE	PB2:cds-XAJ25426.1	GAG	E	GAA	E	210
PB2|PP755596.1|A/cattle/Texas/24-008749-003/2024(H5N1)	747	A	G	3	2	34	3747	1650	33	0.9992	3750	0	TRUE	PB2:cds-XAJ25426.1	GAA	E	GAG	E	249
PB2|PP755596.1|A/cattle/Texas/24-008749-003/2024(H5N1)	764	C	T	1	1	34	3494	1520	32	0.998856	3498	0	TRUE	PB2:cds-XAJ25426.1	GCA	A	GTA	V	255
PB2|PP755596.1|A/cattle/Texas/24-008749-003/2024(H5N1)	912	G	A	3	0	34	3810	1918	33	0.998166	3817	0	TRUE	PB2:cds-XAJ25426.1	GAG	E	GAA	E	304
PB2|PP755596.1|A/cattle/Texas/24-008749-003/2024(H5N1)	1085	G	C	2677	572	32	74	74	29	0.0268895	2752	7.8083e-08	TRUE	PB2:cds-XAJ25426.1	GGG	G	GCG	A	362
PB2|PP755596.1|A/cattle/Texas/24-008749-003/2024(H5N1)	1087	T	G	2706	558	32	30	30	29	0.0109409	2742	0.357393	FALSE	PB2:cds-XAJ25426.1	TTC	F	GTC	V	363
PB2|PP755596.1|A/cattle/Texas/24-008749-003/2024(H5N1)	1392	G	A	9	3	34	4045	2759	32	0.997042	4057	0	TRUE	PB2:cds-XAJ25426.1	TTG	L	TTA	L	464
PB2|PP755596.1|A/cattle/Texas/24-008749-003/2024(H5N1)	1423	C	A	7	0	29	3456	2532	32	0.997979	3463	0	TRUE	PB2:cds-XAJ25426.1	CTG	L	ATG	M	475
PB2|PP755596.1|A/cattle/Texas/24-008749-003/2024(H5N1)	1879	G	A	1	1	34	4225	1997	33	0.998818	4230	0	TRUE	PB2:cds-XAJ25426.1	GAA	E	AAA	K	627
PB2|PP755596.1|A/cattle/Texas/24-008749-003/2024(H5N1)	2009	A	G	0	0	0	4359	2364	33	1	4359	0	TRUE	PB2:cds-XAJ25426.1	AAA	K	AGA	R	670
PB2|PP755596.1|A/cattle/Texas/24-008749-003/2024(H5N1)	2145	T	C	5	3	32	3644	2133	33	0.997536	3653	0	TRUE	PB2:cds-XAJ25426.1	AAT	N	AAC	N	715
