REGION	POS	REF	ALT	REF_DP	REF_RV	REF_QUAL	ALT_DP	ALT_RV	ALT_QUAL	ALT_FREQ	TOTAL_DP	PVAL	PASS	GFF_FEATURE	REF_CODON	REF_AA	ALT_CODON	ALT_AA	POS_AA
HA|PP755589.1|A/cattle/Texas/24-008749-003/2024(H5N1)	102	G	A	1	1	68	1128	47	35	0.99823	1130	0	TRUE	HA:cds-XAJ25415.1	ACG	T	ACA	T	34
HA|PP755589.1|A/cattle/Texas/24-008749-003/2024(H5N1)	153	A	G	0	0	0	1580	182	35	1	1580	0	TRUE	HA:cds-XAJ25415.1	AAA	K	AAG	K	51
HA|PP755589.1|A/cattle/Texas/24-008749-003/2024(H5N1)	300	C	T	0	0	0	2029	573	34	1	2029	0	TRUE	HA:cds-XAJ25415.1	AAC	N	AAT	N	100
HA|PP755589.1|A/cattle/Texas/24-008749-003/2024(H5N1)	311	A	G	0	0	0	2132	621	34	0.999531	2133	0	TRUE	HA:cds-XAJ25415.1	GAC	D	GGC	G	104
HA|PP755589.1|A/cattle/Texas/24-008749-003/2024(H5N1)	439	G	A	34	21	34	2480	1166	34	0.986083	2515	0	TRUE	HA:cds-XAJ25415.1	GTG	V	ATG	M	147
HA|PP755589.1|A/cattle/Texas/24-008749-003/2024(H5N1)	651	G	A	1	1	22	2945	1150	34	0.999661	2946	0	TRUE	HA:cds-XAJ25415.1	GGG	G	GGA	G	217
HA|PP755589.1|A/cattle/Texas/24-008749-003/2024(H5N1)	675	G	A	1	0	34	2640	1073	33	0.997355	2647	0	TRUE	HA:cds-XAJ25415.1	TTG	L	TTA	L	225
HA|PP755589.1|A/cattle/Texas/24-008749-003/2024(H5N1)	774	G	A	0	0	0	2432	1315	34	0.997539	2438	0	TRUE	HA:cds-XAJ25415.1	GAG	E	GAA	E	258
HA|PP755589.1|A/cattle/Texas/24-008749-003/2024(H5N1)	942	C	T	2901	1548	34	95	47	32	0.0316772	2999	6.32581e-28	TRUE	HA:cds-XAJ25415.1	ACC	T	ACT	T	314
HA|PP755589.1|A/cattle/Texas/24-008749-003/2024(H5N1)	1007	G	A	0	0	0	3052	1782	34	0.999672	3053	0	TRUE	HA:cds-XAJ25415.1	AGT	S	AAT	N	336
HA|PP755589.1|A/cattle/Texas/24-008749-003/2024(H5N1)	1204	G	A	4389	953	34	77	13	34	0.017226	4470	8.26884e-21	TRUE	HA:cds-XAJ25415.1	GAC	D	AAC	N	402
HA|PP755589.1|A/cattle/Texas/24-008749-003/2024(H5N1)	1590	G	A	0	0	0	3250	2974	35	0.999692	3251	0	TRUE	HA:cds-XAJ25415.1	CAG	Q	CAA	Q	530
