REGION	POS	REF	ALT	REF_DP	REF_RV	REF_QUAL	ALT_DP	ALT_RV	ALT_QUAL	ALT_FREQ	TOTAL_DP	PVAL	PASS	GFF_FEATURE	REF_CODON	REF_AA	ALT_CODON	ALT_AA	POS_AA
NP|PP755592.1|A/cattle/Texas/24-008749-003/2024(H5N1)	355	A	G	0	0	0	8840	4735	38	1	8840	0	TRUE	NP:cds-XAJ25419.1	ATT	I	GTT	V	119
NP|PP755592.1|A/cattle/Texas/24-008749-003/2024(H5N1)	498	G	A	7	3	34	9494	4145	36	0.999263	9501	0	TRUE	NP:cds-XAJ25419.1	CTG	L	CTA	L	166
NP|PP755592.1|A/cattle/Texas/24-008749-003/2024(H5N1)	642	A	G	3	0	31	8623	4352	37	0.999305	8629	0	TRUE	NP:cds-XAJ25419.1	AGA	R	AGG	R	214
NP|PP755592.1|A/cattle/Texas/24-008749-003/2024(H5N1)	696	A	T	8738	4901	37	344	189	35	0.0378771	9082	6.57759e-99	TRUE	NP:cds-XAJ25419.1	ACA	T	ACT	T	232
NP|PP755592.1|A/cattle/Texas/24-008749-003/2024(H5N1)	870	C	T	7	5	34	9731	4528	36	0.999281	9738	0	TRUE	NP:cds-XAJ25419.1	GAC	D	GAT	D	290
NP|PP755592.1|A/cattle/Texas/24-008749-003/2024(H5N1)	1014	T	C	3	1	34	9850	5244	38	0.999696	9853	0	TRUE	NP:cds-XAJ25419.1	TTT	F	TTC	F	338
NP|PP755592.1|A/cattle/Texas/24-008749-003/2024(H5N1)	1092	G	A	0	0	0	10337	5353	39	0.999903	10338	0	TRUE	NP:cds-XAJ25419.1	CAG	Q	CAA	Q	364
NP|PP755592.1|A/cattle/Texas/24-008749-003/2024(H5N1)	1170	A	T	9832	5537	38	173	111	36	0.0172914	10005	6.79534e-45	TRUE	NP:cds-XAJ25419.1	ACA	T	ACT	T	390
NP|PP755592.1|A/cattle/Texas/24-008749-003/2024(H5N1)	1190	A	G	2322	1344	36	7652	4423	38	0.767041	9976	0	TRUE	NP:cds-XAJ25419.1	AAC	N	AGC	S	397
NP|PP755592.1|A/cattle/Texas/24-008749-003/2024(H5N1)	1233	A	G	8526	4099	37	1951	1231	36	0.186217	10477	0	TRUE	NP:cds-XAJ25419.1	ACA	T	ACG	T	411
NP|PP755592.1|A/cattle/Texas/24-008749-003/2024(H5N1)	1359	T	A	2	2	27	8404	5830	43	0.999643	8407	0	TRUE	NP:cds-XAJ25419.1	CCT	P	CCA	P	453
NP|PP755592.1|A/cattle/Texas/24-008749-003/2024(H5N1)	1424	T	C	7363	6812	38	158	144	38	0.0210078	7521	9.16307e-43	TRUE	NP:cds-XAJ25419.1	ATC	I	ACC	T	475
NP|PP755592.1|A/cattle/Texas/24-008749-003/2024(H5N1)	1455	A	G	5681	5326	37	282	269	36	0.0472916	5963	5.13775e-85	TRUE	NP:cds-XAJ25419.1	GGA	G	GGG	G	485
