REGION	POS	REF	ALT	REF_DP	REF_RV	REF_QUAL	ALT_DP	ALT_RV	ALT_QUAL	ALT_FREQ	TOTAL_DP	PVAL	PASS	GFF_FEATURE	REF_CODON	REF_AA	ALT_CODON	ALT_AA	POS_AA
NP|PP755592.1|A/cattle/Texas/24-008749-003/2024(H5N1)	318	A	G	2732	1445	36	38	21	36	0.0137184	2770	6.57793e-11	TRUE	NP:cds-XAJ25419.1	AGA	R	AGG	R	106
NP|PP755592.1|A/cattle/Texas/24-008749-003/2024(H5N1)	408	G	A	2991	1764	38	310	144	36	0.0939109	3301	1.77156e-101	TRUE	NP:cds-XAJ25419.1	TTG	L	TTA	L	136
NP|PP755592.1|A/cattle/Texas/24-008749-003/2024(H5N1)	468	T	C	2967	1641	36	187	107	36	0.0592898	3154	4.32527e-57	TRUE	NP:cds-XAJ25419.1	CGT	R	CGC	R	156
NP|PP755592.1|A/cattle/Texas/24-008749-003/2024(H5N1)	657	C	A	2992	1503	38	233	80	37	0.0722481	3225	2.95867e-76	TRUE	NP:cds-XAJ25419.1	TAC	Y	TAA	*	219
NP|PP755592.1|A/cattle/Texas/24-008749-003/2024(H5N1)	799	A	G	3247	1785	38	49	33	36	0.0148665	3296	1.36284e-13	TRUE	NP:cds-XAJ25419.1	AGG	R	GGG	G	267
NP|PP755592.1|A/cattle/Texas/24-008749-003/2024(H5N1)	975	A	G	1	0	60	2999	1495	37	0.999334	3001	0	TRUE	NP:cds-XAJ25419.1	AAA	K	AAG	K	325
NP|PP755592.1|A/cattle/Texas/24-008749-003/2024(H5N1)	1045	G	A	2788	1476	37	185	107	37	0.0622267	2973	1.02692e-57	TRUE	NP:cds-XAJ25419.1	GGA	G	AGA	R	349
