REGION	POS	REF	ALT	REF_DP	REF_RV	REF_QUAL	ALT_DP	ALT_RV	ALT_QUAL	ALT_FREQ	TOTAL_DP	PVAL	PASS	GFF_FEATURE	REF_CODON	REF_AA	ALT_CODON	ALT_AA	POS_AA
PB1|PP755595.1|A/cattle/Texas/24-008749-003/2024(H5N1)	501	C	A	2826	1106	38	37	1	25	0.0129235	2863	0.139687	FALSE	PB1:cds-XAJ25424.1	CTC	L	CTA	L	167
PB1|PP755595.1|A/cattle/Texas/24-008749-003/2024(H5N1)	717	G	A	2	2	40	3497	1636	44	0.999428	3499	0	TRUE	PB1:cds-XAJ25424.1	AGG	R	AGA	R	239
PB1|PP755595.1|A/cattle/Texas/24-008749-003/2024(H5N1)	1062	A	G	0	0	0	3883	1318	45	1	3883	0	TRUE	PB1:cds-XAJ25424.1	GGA	G	GGG	G	354
PB1|PP755595.1|A/cattle/Texas/24-008749-003/2024(H5N1)	1071	C	T	0	0	0	4043	1419	46	0.999506	4045	0	TRUE	PB1:cds-XAJ25424.1	TTC	F	TTT	F	357
PB1|PP755595.1|A/cattle/Texas/24-008749-003/2024(H5N1)	1300	A	T	3825	1854	45	936	385	43	0.196474	4764	0	TRUE	PB1:cds-XAJ25424.1	ACA	T	TCA	S	434
PB1|PP755595.1|A/cattle/Texas/24-008749-003/2024(H5N1)	1627	A	T	0	0	0	5176	2593	43	0.999228	5180	0	TRUE	PB1:cds-XAJ25424.1	ACA	T	TCA	S	543
