REGION	POS	REF	ALT	REF_DP	REF_RV	REF_QUAL	ALT_DP	ALT_RV	ALT_QUAL	ALT_FREQ	TOTAL_DP	PVAL	PASS	GFF_FEATURE	REF_CODON	REF_AA	ALT_CODON	ALT_AA	POS_AA
PB1|PP755595.1|A/cattle/Texas/24-008749-003/2024(H5N1)	14	C	G	53	2	38	1	0	37	0.0185185	54	0.147541	FALSE	PB1:cds-XAJ25424.1	CCG	P	CGG	R	5
PB1|PP755595.1|A/cattle/Texas/24-008749-003/2024(H5N1)	19	T	G	93	5	38	1	0	37	0.0105263	95	0.204793	FALSE	PB1:cds-XAJ25424.1	TTA	L	GTA	V	7
PB1|PP755595.1|A/cattle/Texas/24-008749-003/2024(H5N1)	19	T	C	93	5	38	1	0	34	0.0105263	95	0.204793	FALSE	PB1:cds-XAJ25424.1	TTA	L	CTA	L	7
PB1|PP755595.1|A/cattle/Texas/24-008749-003/2024(H5N1)	23	T	C	97	5	38	2	0	31	0.020202	99	0.0451609	FALSE	PB1:cds-XAJ25424.1	CTC	L	CCC	P	8
PB1|PP755595.1|A/cattle/Texas/24-008749-003/2024(H5N1)	774	A	G	810	400	39	13	9	37	0.0157959	823	6.26572e-05	TRUE	PB1:cds-XAJ25424.1	TTA	L	TTG	L	258
PB1|PP755595.1|A/cattle/Texas/24-008749-003/2024(H5N1)	945	T	C	1	1	37	847	496	38	0.998821	848	0	TRUE	PB1:cds-XAJ25424.1	CCT	P	CCC	P	315
PB1|PP755595.1|A/cattle/Texas/24-008749-003/2024(H5N1)	1107	G	T	1	0	25	930	409	40	0.997854	932	0	TRUE	PB1:cds-XAJ25424.1	CCG	P	CCT	P	369
PB1|PP755595.1|A/cattle/Texas/24-008749-003/2024(H5N1)	1803	C	T	2	2	27	1045	476	38	0.99809	1047	0	TRUE	PB1:cds-XAJ25424.1	ATC	I	ATT	I	601
PB1|PP755595.1|A/cattle/Texas/24-008749-003/2024(H5N1)	1926	T	C	0	0	0	1182	724	39	1	1182	0	TRUE	PB1:cds-XAJ25424.1	AAT	N	AAC	N	642
PB1|PP755595.1|A/cattle/Texas/24-008749-003/2024(H5N1)	1950	C	T	2	1	37	1102	653	38	0.998188	1104	0	TRUE	PB1:cds-XAJ25424.1	GGC	G	GGT	G	650
PB1|PP755595.1|A/cattle/Texas/24-008749-003/2024(H5N1)	2046	C	T	0	0	0	1001	550	40	1	1001	0	TRUE	PB1:cds-XAJ25424.1	ATC	I	ATT	I	682
PB1|PP755595.1|A/cattle/Texas/24-008749-003/2024(H5N1)	2165	C	G	666	568	41	63	57	39	0.0864198	729	2.80883e-22	TRUE	PB1:cds-XAJ25424.1	GCC	A	GGC	G	722
