REGION	POS	REF	ALT	REF_DP	REF_RV	REF_QUAL	ALT_DP	ALT_RV	ALT_QUAL	ALT_FREQ	TOTAL_DP	PVAL	PASS	GFF_FEATURE	REF_CODON	REF_AA	ALT_CODON	ALT_AA	POS_AA
HA|PP755589.1|A/cattle/Texas/24-008749-003/2024(H5N1)	1153	T	A	0	0	0	7	3	39	1	7	0.000582751	TRUE	HA:cds-XAJ25415.1	TCC	S	ACC	T	385
HA|PP755589.1|A/cattle/Texas/24-008749-003/2024(H5N1)	1154	C	G	0	0	0	7	3	36	1	7	0.000582751	TRUE	HA:cds-XAJ25415.1	TCC	S	TGC	C	385
HA|PP755589.1|A/cattle/Texas/24-008749-003/2024(H5N1)	1158	C	T	1	0	24	21	14	27	0.954545	22	1.03171e-14	TRUE	HA:cds-XAJ25415.1	ACC	T	ACT	T	386
HA|PP755589.1|A/cattle/Texas/24-008749-003/2024(H5N1)	1167	A	T	0	0	0	734	218	43	0.998639	735	0	TRUE	HA:cds-XAJ25415.1	GCA	A	GCT	A	389
HA|PP755589.1|A/cattle/Texas/24-008749-003/2024(H5N1)	1173	T	C	2	0	40	734	230	44	0.997283	736	0	TRUE	HA:cds-XAJ25415.1	GAT	D	GAC	D	391
HA|PP755589.1|A/cattle/Texas/24-008749-003/2024(H5N1)	1177	G	A	0	0	0	732	256	44	1	732	0	TRUE	HA:cds-XAJ25415.1	GTT	V	ATT	I	393
HA|PP755589.1|A/cattle/Texas/24-008749-003/2024(H5N1)	1182	C	A	0	0	0	745	262	46	1	745	0	TRUE	HA:cds-XAJ25415.1	ACC	T	ACA	T	394
HA|PP755589.1|A/cattle/Texas/24-008749-003/2024(H5N1)	1194	C	T	0	0	0	748	271	48	1	748	0	TRUE	HA:cds-XAJ25415.1	AAC	N	AAT	N	398
HA|PP755589.1|A/cattle/Texas/24-008749-003/2024(H5N1)	1197	A	C	0	0	0	748	272	49	1	748	0	TRUE	HA:cds-XAJ25415.1	TCA	S	TCC	S	399
HA|PP755589.1|A/cattle/Texas/24-008749-003/2024(H5N1)	1218	T	A	0	0	0	746	278	47	1	746	0	TRUE	HA:cds-XAJ25415.1	ACT	T	ACA	T	406
HA|PP755589.1|A/cattle/Texas/24-008749-003/2024(H5N1)	1224	T	C	0	0	0	72	53	28	1	72	6.34985e-45	TRUE	HA:cds-XAJ25415.1	TTT	F	TTC	F	408
HA|PP755589.1|A/cattle/Texas/24-008749-003/2024(H5N1)	1227	G	A	0	0	0	56	52	22	1	56	1.7436e-34	TRUE	HA:cds-XAJ25415.1	GAG	E	GAA	E	409
HA|PP755589.1|A/cattle/Texas/24-008749-003/2024(H5N1)	1230	A	T	0	0	0	5	3	29	1	5	0.00793651	TRUE	HA:cds-XAJ25415.1	GCA	A	GCT	A	410
HA|PP755589.1|A/cattle/Texas/24-008749-003/2024(H5N1)	1308	C	T	0	0	0	1	1	40	1	1	1	FALSE	HA:cds-XAJ25415.1	GTC	V	GTT	V	436
