REGION	POS	REF	ALT	REF_DP	REF_RV	REF_QUAL	ALT_DP	ALT_RV	ALT_QUAL	ALT_FREQ	TOTAL_DP	PVAL	PASS	GFF_FEATURE	REF_CODON	REF_AA	ALT_CODON	ALT_AA	POS_AA
NA|PP755591.1|A/cattle/Texas/24-008749-003/2024(H5N1)	571	T	C	3	1	31	1983	881	33	0.998489	1986	0	TRUE	NA:cds-XAJ25418.1	TTG	L	CTG	L	191
NA|PP755591.1|A/cattle/Texas/24-008749-003/2024(H5N1)	618	G	A	2	1	34	1978	1091	32	0.99899	1980	0	TRUE	NA:cds-XAJ25418.1	TTG	L	TTA	L	206
NA|PP755591.1|A/cattle/Texas/24-008749-003/2024(H5N1)	1134	T	-G	3221	1634	33	45	0	20	0.0134973	3334	0.0894721	FALSE	NA	NA	NA	NA	NA	NA
NA|PP755591.1|A/cattle/Texas/24-008749-003/2024(H5N1)	1185	A	G	0	0	0	2742	1502	33	1	2742	0	TRUE	NA:cds-XAJ25418.1	GAA	E	GAG	E	395
NA|PP755591.1|A/cattle/Texas/24-008749-003/2024(H5N1)	1288	A	G	2854	1965	33	57	37	32	0.0195809	2911	7.80839e-15	TRUE	NA:cds-XAJ25418.1	AGG	R	GGG	G	430
NA|PP755591.1|A/cattle/Texas/24-008749-003/2024(H5N1)	1289	G	C	1688	767	32	36	36	28	0.0208817	1724	0.0016099	TRUE	NA:cds-XAJ25418.1	AGG	R	ACG	T	430
NA|PP755591.1|A/cattle/Texas/24-008749-003/2024(H5N1)	1335	T	C	2294	1809	33	47	36	33	0.0200769	2341	1.25425e-12	TRUE	NA:cds-XAJ25418.1	TTT	F	TTC	F	445
