REGION	POS	REF	ALT	REF_DP	REF_RV	REF_QUAL	ALT_DP	ALT_RV	ALT_QUAL	ALT_FREQ	TOTAL_DP	PVAL	PASS	GFF_FEATURE	REF_CODON	REF_AA	ALT_CODON	ALT_AA	POS_AA
NP|PP755592.1|A/cattle/Texas/24-008749-003/2024(H5N1)	199	G	A	14366	5743	36	177	66	36	0.0121691	14545	7.28245e-41	TRUE	NP:cds-XAJ25419.1	GTT	V	ATT	I	67
NP|PP755592.1|A/cattle/Texas/24-008749-003/2024(H5N1)	355	A	G	1	0	34	14291	7712	36	0.999441	14299	0	TRUE	NP:cds-XAJ25419.1	ATT	I	GTT	V	119
NP|PP755592.1|A/cattle/Texas/24-008749-003/2024(H5N1)	498	G	A	2	2	34	14521	6404	35	0.999243	14532	0	TRUE	NP:cds-XAJ25419.1	CTG	L	CTA	L	166
NP|PP755592.1|A/cattle/Texas/24-008749-003/2024(H5N1)	609	T	C	5405	2500	37	10061	4232	36	0.650229	15473	0	TRUE	NP:cds-XAJ25419.1	GAT	D	GAC	D	203
NP|PP755592.1|A/cattle/Texas/24-008749-003/2024(H5N1)	642	A	G	2	0	28	13837	7026	36	0.999206	13848	0	TRUE	NP:cds-XAJ25419.1	AGA	R	AGG	R	214
NP|PP755592.1|A/cattle/Texas/24-008749-003/2024(H5N1)	660	G	A	14004	7238	36	1694	645	35	0.107884	15702	0	TRUE	NP:cds-XAJ25419.1	GAG	E	GAA	E	220
NP|PP755592.1|A/cattle/Texas/24-008749-003/2024(H5N1)	870	C	T	0	0	0	14539	7174	35	0.999725	14543	0	TRUE	NP:cds-XAJ25419.1	GAC	D	GAT	D	290
NP|PP755592.1|A/cattle/Texas/24-008749-003/2024(H5N1)	1014	T	C	7	6	34	14533	7918	36	0.998694	14552	0	TRUE	NP:cds-XAJ25419.1	TTT	F	TTC	F	338
NP|PP755592.1|A/cattle/Texas/24-008749-003/2024(H5N1)	1092	G	A	1	1	34	15439	7603	36	0.999417	15448	0	TRUE	NP:cds-XAJ25419.1	CAG	Q	CAA	Q	364
NP|PP755592.1|A/cattle/Texas/24-008749-003/2024(H5N1)	1359	T	A	4	2	28	13027	10029	39	0.999463	13034	0	TRUE	NP:cds-XAJ25419.1	CCT	P	CCA	P	453
