REGION	POS	REF	ALT	REF_DP	REF_RV	REF_QUAL	ALT_DP	ALT_RV	ALT_QUAL	ALT_FREQ	TOTAL_DP	PVAL	PASS	GFF_FEATURE	REF_CODON	REF_AA	ALT_CODON	ALT_AA	POS_AA
HA|PP755589.1|A/cattle/Texas/24-008749-003/2024(H5N1)	4	G	A	1	1	34	60	28	33	0.983607	61	1.7863e-42	TRUE	HA:cds-XAJ25415.1	GAG	E	AAG	K	2
HA|PP755589.1|A/cattle/Texas/24-008749-003/2024(H5N1)	147	G	A	3113	1134	33	1122	422	33	0.264873	4236	0	TRUE	HA:cds-XAJ25415.1	CTG	L	CTA	L	49
HA|PP755589.1|A/cattle/Texas/24-008749-003/2024(H5N1)	196	C	T	4141	1982	33	239	127	33	0.0545538	4381	1.17152e-68	TRUE	HA:cds-XAJ25415.1	CTG	L	TTG	L	66
HA|PP755589.1|A/cattle/Texas/24-008749-003/2024(H5N1)	311	A	G	2	2	34	4181	1839	33	0.999283	4184	0	TRUE	HA:cds-XAJ25415.1	GAC	D	GGC	G	104
HA|PP755589.1|A/cattle/Texas/24-008749-003/2024(H5N1)	329	G	A	4361	1775	33	322	118	33	0.0687593	4683	3.22681e-95	TRUE	HA:cds-XAJ25415.1	AGC	S	AAC	N	110
HA|PP755589.1|A/cattle/Texas/24-008749-003/2024(H5N1)	439	G	A	13	8	34	4995	2613	33	0.997404	5008	0	TRUE	HA:cds-XAJ25415.1	GTG	V	ATG	M	147
HA|PP755589.1|A/cattle/Texas/24-008749-003/2024(H5N1)	601	G	A	5694	2333	33	89	31	32	0.0153899	5783	6.81854e-22	TRUE	HA:cds-XAJ25415.1	GAA	E	AAA	K	201
HA|PP755589.1|A/cattle/Texas/24-008749-003/2024(H5N1)	651	G	A	2	1	34	5498	2411	33	0.999636	5500	0	TRUE	HA:cds-XAJ25415.1	GGG	G	GGA	G	217
HA|PP755589.1|A/cattle/Texas/24-008749-003/2024(H5N1)	675	G	A	3	3	34	5379	2422	32	0.998886	5385	0	TRUE	HA:cds-XAJ25415.1	TTG	L	TTA	L	225
HA|PP755589.1|A/cattle/Texas/24-008749-003/2024(H5N1)	1007	G	A	1	1	34	5626	2972	33	0.999822	5627	0	TRUE	HA:cds-XAJ25415.1	AGT	S	AAT	N	336
HA|PP755589.1|A/cattle/Texas/24-008749-003/2024(H5N1)	1158	C	T	10103	3173	33	428	122	33	0.0406381	10532	2.99746e-117	TRUE	HA:cds-XAJ25415.1	ACC	T	ACT	T	386
HA|PP755589.1|A/cattle/Texas/24-008749-003/2024(H5N1)	1173	T	C	1	0	34	11296	3542	33	0.999823	11298	0	TRUE	HA:cds-XAJ25415.1	GAT	D	GAC	D	391
HA|PP755589.1|A/cattle/Texas/24-008749-003/2024(H5N1)	1269	G	A	11711	4341	33	1794	663	33	0.13282	13507	0	TRUE	HA:cds-XAJ25415.1	GAG	E	GAA	E	423
