REGION	POS	REF	ALT	REF_DP	REF_RV	REF_QUAL	ALT_DP	ALT_RV	ALT_QUAL	ALT_FREQ	TOTAL_DP	PVAL	PASS	GFF_FEATURE	REF_CODON	REF_AA	ALT_CODON	ALT_AA	POS_AA
NA|PP755591.1|A/cattle/Texas/24-008749-003/2024(H5N1)	250	A	G	1	1	34	2653	1220	36	0.999623	2654	0	TRUE	NA:cds-XAJ25418.1	ACA	T	GCA	A	84
NA|PP755591.1|A/cattle/Texas/24-008749-003/2024(H5N1)	312	C	T	68	19	37	2760	1311	37	0.975265	2830	0	TRUE	NA:cds-XAJ25418.1	AAC	N	AAT	N	104
NA|PP755591.1|A/cattle/Texas/24-008749-003/2024(H5N1)	571	T	C	0	0	0	2760	1261	36	1	2760	0	TRUE	NA:cds-XAJ25418.1	TTG	L	CTG	L	191
NA|PP755591.1|A/cattle/Texas/24-008749-003/2024(H5N1)	678	T	C	0	0	0	2608	1297	36	0.999617	2609	0	TRUE	NA:cds-XAJ25418.1	ACT	T	ACC	T	226
NA|PP755591.1|A/cattle/Texas/24-008749-003/2024(H5N1)	915	T	C	0	0	0	2792	1277	36	0.999642	2793	0	TRUE	NA:cds-XAJ25418.1	TCT	S	TCC	S	305
NA|PP755591.1|A/cattle/Texas/24-008749-003/2024(H5N1)	1185	A	G	1	1	20	2841	1751	36	0.999648	2842	0	TRUE	NA:cds-XAJ25418.1	GAA	E	GAG	E	395
NA|PP755591.1|A/cattle/Texas/24-008749-003/2024(H5N1)	1289	G	C	1661	1149	38	19	19	28	0.0112961	1682	0.349863	FALSE	NA:cds-XAJ25418.1	AGG	R	ACG	T	430
