REGION	POS	REF	ALT	REF_DP	REF_RV	REF_QUAL	ALT_DP	ALT_RV	ALT_QUAL	ALT_FREQ	TOTAL_DP	PVAL	PASS	GFF_FEATURE	REF_CODON	REF_AA	ALT_CODON	ALT_AA	POS_AA
NA|PP755591.1|A/cattle/Texas/24-008749-003/2024(H5N1)	61	A	G	0	0	0	1580	323	33	1	1580	0	TRUE	NA:cds-XAJ25418.1	AGC	S	GGC	G	21
NA|PP755591.1|A/cattle/Texas/24-008749-003/2024(H5N1)	154	A	G	3235	1087	33	587	190	33	0.153544	3823	4.97367e-185	TRUE	NA:cds-XAJ25418.1	AGC	S	GGC	G	52
NA|PP755591.1|A/cattle/Texas/24-008749-003/2024(H5N1)	212	G	A	1	0	34	3968	1731	33	0.999748	3969	0	TRUE	NA:cds-XAJ25418.1	AGT	S	AAT	N	71
NA|PP755591.1|A/cattle/Texas/24-008749-003/2024(H5N1)	387	C	T	4209	2061	33	184	88	33	0.0418848	4393	4.55945e-51	TRUE	NA:cds-XAJ25418.1	TGC	C	TGT	C	129
NA|PP755591.1|A/cattle/Texas/24-008749-003/2024(H5N1)	402	G	A	4490	2195	33	94	40	33	0.0205061	4584	4.40244e-24	TRUE	NA:cds-XAJ25418.1	CTG	L	CTA	L	134
NA|PP755591.1|A/cattle/Texas/24-008749-003/2024(H5N1)	652	A	G	3984	1991	32	55	33	33	0.0136172	4039	9.37951e-14	TRUE	NA:cds-XAJ25418.1	AGT	S	GGT	G	218
NA|PP755591.1|A/cattle/Texas/24-008749-003/2024(H5N1)	661	A	T	3968	1869	33	48	20	33	0.0119522	4016	4.26158e-11	TRUE	NA:cds-XAJ25418.1	AAC	N	TAC	Y	221
NA|PP755591.1|A/cattle/Texas/24-008749-003/2024(H5N1)	822	C	T	4199	2518	33	49	31	31	0.0115348	4248	2.04963e-11	TRUE	NA:cds-XAJ25418.1	TAC	Y	TAT	Y	274
NA|PP755591.1|A/cattle/Texas/24-008749-003/2024(H5N1)	1098	T	C	0	0	0	3938	1980	33	0.999746	3939	0	TRUE	NA:cds-XAJ25418.1	AGT	S	AGC	S	366
NA|PP755591.1|A/cattle/Texas/24-008749-003/2024(H5N1)	1105	A	T	4163	2155	33	55	25	33	0.0130394	4218	3.79039e-13	TRUE	NA:cds-XAJ25418.1	AGC	S	TGC	C	369
NA|PP755591.1|A/cattle/Texas/24-008749-003/2024(H5N1)	1266	C	T	0	0	0	3810	2746	33	1	3810	0	TRUE	NA:cds-XAJ25418.1	TTC	F	TTT	F	422
NA|PP755591.1|A/cattle/Texas/24-008749-003/2024(H5N1)	1289	G	C	1904	973	32	75	75	27	0.0378597	1981	1.50425e-12	TRUE	NA:cds-XAJ25418.1	AGG	R	ACG	T	430
NA|PP755591.1|A/cattle/Texas/24-008749-003/2024(H5N1)	1290	G	C	2072	1184	32	36	36	28	0.0170697	2109	0.0121932	FALSE	NA:cds-XAJ25418.1	AGG	R	AGC	S	430
NA|PP755591.1|A/cattle/Texas/24-008749-003/2024(H5N1)	1320	G	A	0	0	0	3331	2710	33	1	3331	0	TRUE	NA:cds-XAJ25418.1	GGG	G	GGA	G	440
