REGION	POS	REF	ALT	REF_DP	REF_RV	REF_QUAL	ALT_DP	ALT_RV	ALT_QUAL	ALT_FREQ	TOTAL_DP	PVAL	PASS	GFF_FEATURE	REF_CODON	REF_AA	ALT_CODON	ALT_AA	POS_AA
MP|PP755590.1|A/cattle/Texas/24-008749-003/2024(H5N1)	245	G	A	4	3	35	38015	17528	41	0.999842	38021	0	TRUE	M1:cds-XAJ25416.1	AGT	S	AAT	N	82
MP|PP755590.1|A/cattle/Texas/24-008749-003/2024(H5N1)	303	G	A	38058	21234	42	1292	651	40	0.0328277	39357	0	TRUE	M1:cds-XAJ25416.1	AGG	R	AGA	R	101
MP|PP755590.1|A/cattle/Texas/24-008749-003/2024(H5N1)	456	A	G	36187	16929	40	559	278	40	0.0152096	36753	1.93059e-194	TRUE	M1:cds-XAJ25416.1	GAA	E	GAG	E	152
