REGION	POS	REF	ALT	REF_DP	REF_RV	REF_QUAL	ALT_DP	ALT_RV	ALT_QUAL	ALT_FREQ	TOTAL_DP	PVAL	PASS	GFF_FEATURE	REF_CODON	REF_AA	ALT_CODON	ALT_AA	POS_AA
MP|PP755590.1|A/cattle/Texas/24-008749-003/2024(H5N1)	245	G	A	0	0	0	4474	2010	39	1	4474	0	TRUE	M1:cds-XAJ25416.1	AGT	S	AAT	N	82
MP|PP755590.1|A/cattle/Texas/24-008749-003/2024(H5N1)	438	A	G	4736	2455	39	250	173	32	0.0501404	4986	2.93517e-78	TRUE	M1:cds-XAJ25416.1	CTA	L	CTG	L	146
MP|PP755590.1|A/cattle/Texas/24-008749-003/2024(H5N1)	585	G	A	4170	2125	38	52	15	38	0.0123164	4222	9.1513e-14	TRUE	M1:cds-XAJ25416.1	TCG	S	TCA	S	195
MP|PP755590.1|A/cattle/Texas/24-008749-003/2024(H5N1)	651	G	A	4296	2056	38	125	65	37	0.0282741	4421	4.07699e-36	TRUE	M1:cds-XAJ25416.1	AGG	R	AGA	R	217
MP|PP755590.1|A/cattle/Texas/24-008749-003/2024(H5N1)	666	T	C	337	159	40	4127	1913	38	0.924507	4464	0	TRUE	M1:cds-XAJ25416.1	CAT	H	CAC	H	222
MP|PP755590.1|A/cattle/Texas/24-008749-003/2024(H5N1)	815	C	T	4044	2611	41	136	98	40	0.0325359	4180	2.20845e-50	TRUE	M2:cds-XAJ25417.1	CTT	L	TTT	F	34
MP|PP755590.1|A/cattle/Texas/24-008749-003/2024(H5N1)	835	A	G	322	257	39	3758	2919	39	0.921078	4080	0	TRUE	M2:cds-XAJ25417.1	AAA	K	AAG	K	41
