REGION	POS	REF	ALT	REF_DP	REF_RV	REF_QUAL	ALT_DP	ALT_RV	ALT_QUAL	ALT_FREQ	TOTAL_DP	PVAL	PASS	GFF_FEATURE	REF_CODON	REF_AA	ALT_CODON	ALT_AA	POS_AA
MP|PP755590.1|A/cattle/Texas/24-008749-003/2024(H5N1)	47	C	A	3437	281	32	68	0	26	0.0193898	3507	1.90441e-05	TRUE	M1:cds-XAJ25416.1	CCG	P	CAG	Q	16
MP|PP755590.1|A/cattle/Texas/24-008749-003/2024(H5N1)	245	G	A	4	3	40	15022	6386	42	0.999401	15031	0	TRUE	M1:cds-XAJ25416.1	AGT	S	AAT	N	82
MP|PP755590.1|A/cattle/Texas/24-008749-003/2024(H5N1)	314	G	T	15083	7484	39	215	214	27	0.0140505	15302	0.000307912	TRUE	M1:cds-XAJ25416.1	AGA	R	ATA	I	105
MP|PP755590.1|A/cattle/Texas/24-008749-003/2024(H5N1)	316	G	T	14888	7363	38	197	197	26	0.0130559	15089	0.00439968	TRUE	M1:cds-XAJ25416.1	GAG	E	TAG	*	106
MP|PP755590.1|A/cattle/Texas/24-008749-003/2024(H5N1)	406	G	T	14118	5319	37	177	177	25	0.0123742	14304	0.023144	FALSE	M1:cds-XAJ25416.1	GGG	G	TGG	W	136
MP|PP755590.1|A/cattle/Texas/24-008749-003/2024(H5N1)	484	C	A	15357	8718	39	193	0	27	0.0124116	15550	0.0196319	FALSE	M1:cds-XAJ25416.1	CAC	H	AAC	N	162
MP|PP755590.1|A/cattle/Texas/24-008749-003/2024(H5N1)	552	T	A	18126	9923	42	193	86	41	0.0105206	18345	2.46883e-59	TRUE	M1:cds-XAJ25416.1	ACT	T	ACA	T	184
MP|PP755590.1|A/cattle/Texas/24-008749-003/2024(H5N1)	699	C	A	10069	5539	35	369	0	25	0.0353516	10438	5.60853e-46	TRUE	M1:cds-XAJ25416.1	CTC	L	CTA	L	233
MP|PP755590.1|A/cattle/Texas/24-008749-003/2024(H5N1)	766	C	A	12840	8541	40	251	0	27	0.0191603	13100	1.41824e-11	TRUE	M2:cds-XAJ25417.1	CTC	L	CTA	L	18
MP|PP755590.1|A/cattle/Texas/24-008749-003/2024(H5N1)	790	G	A	61	50	41	14483	9896	44	0.995737	14545	0	TRUE	M2:cds-XAJ25417.1	GGG	G	GGA	G	26
MP|PP755590.1|A/cattle/Texas/24-008749-003/2024(H5N1)	884	G	T	11408	10511	36	243	243	26	0.0208566	11651	3.36213e-14	TRUE	M2:cds-XAJ25417.1	GAA	E	TAA	*	57
MP|PP755590.1|A/cattle/Texas/24-008749-003/2024(H5N1)	908	G	T	9297	8790	35	177	177	26	0.018665	9483	1.83811e-08	TRUE	M2:cds-XAJ25417.1	GAA	E	TAA	*	65
MP|PP755590.1|A/cattle/Texas/24-008749-003/2024(H5N1)	933	G	A	3	3	34	9439	9127	41	0.999682	9442	0	TRUE	M2:cds-XAJ25417.1	AGT	S	AAT	N	73
