REGION	POS	REF	ALT	REF_DP	REF_RV	REF_QUAL	ALT_DP	ALT_RV	ALT_QUAL	ALT_FREQ	TOTAL_DP	PVAL	PASS	GFF_FEATURE	REF_CODON	REF_AA	ALT_CODON	ALT_AA	POS_AA
NP|PP755592.1|A/cattle/Texas/24-008749-003/2024(H5N1)	33	A	G	88	11	33	1	1	26	0.011236	89	0.627483	FALSE	NP:cds-XAJ25419.1	GAA	E	GAG	E	11
NP|PP755592.1|A/cattle/Texas/24-008749-003/2024(H5N1)	47	G	A	123	19	35	2	0	34	0.016	125	0.0368563	FALSE	NP:cds-XAJ25419.1	GGT	G	GAT	D	16
NP|PP755592.1|A/cattle/Texas/24-008749-003/2024(H5N1)	187	A	G	0	0	0	648	259	36	1	648	0	TRUE	NP:cds-XAJ25419.1	ATA	I	GTA	V	63
NP|PP755592.1|A/cattle/Texas/24-008749-003/2024(H5N1)	355	A	G	0	0	0	633	322	35	1	633	0	TRUE	NP:cds-XAJ25419.1	ATT	I	GTT	V	119
NP|PP755592.1|A/cattle/Texas/24-008749-003/2024(H5N1)	498	G	A	0	0	0	782	329	34	1	782	0	TRUE	NP:cds-XAJ25419.1	CTG	L	CTA	L	166
NP|PP755592.1|A/cattle/Texas/24-008749-003/2024(H5N1)	870	C	T	1	0	34	845	459	35	0.998818	846	0	TRUE	NP:cds-XAJ25419.1	GAC	D	GAT	D	290
NP|PP755592.1|A/cattle/Texas/24-008749-003/2024(H5N1)	939	C	T	911	443	36	13	8	36	0.0140693	924	0.000435427	TRUE	NP:cds-XAJ25419.1	TTC	F	TTT	F	313
NP|PP755592.1|A/cattle/Texas/24-008749-003/2024(H5N1)	1014	T	C	0	0	0	775	415	37	1	775	0	TRUE	NP:cds-XAJ25419.1	TTT	F	TTC	F	338
NP|PP755592.1|A/cattle/Texas/24-008749-003/2024(H5N1)	1092	G	A	0	0	0	811	403	36	1	811	0	TRUE	NP:cds-XAJ25419.1	CAG	Q	CAA	Q	364
NP|PP755592.1|A/cattle/Texas/24-008749-003/2024(H5N1)	1361	A	G	574	461	39	6	5	30	0.0103448	580	0.00886149	TRUE	NP:cds-XAJ25419.1	GAA	E	GGA	G	454
NP|PP755592.1|A/cattle/Texas/24-008749-003/2024(H5N1)	1491	C	T	280	274	35	3	3	34	0.0106007	283	0.112015	FALSE	NP:cds-XAJ25419.1	GAC	D	GAT	D	497
