REGION	POS	REF	ALT	REF_DP	REF_RV	REF_QUAL	ALT_DP	ALT_RV	ALT_QUAL	ALT_FREQ	TOTAL_DP	PVAL	PASS	GFF_FEATURE	REF_CODON	REF_AA	ALT_CODON	ALT_AA	POS_AA
NP|PP755592.1|A/cattle/Texas/24-008749-003/2024(H5N1)	267	C	T	25550	10990	41	313	191	39	0.0121018	25864	2.06022e-74	TRUE	NP:cds-XAJ25419.1	CCC	P	CCT	P	89
NP|PP755592.1|A/cattle/Texas/24-008749-003/2024(H5N1)	355	A	G	4	1	42	23074	11948	39	0.999697	23081	0	TRUE	NP:cds-XAJ25419.1	ATT	I	GTT	V	119
NP|PP755592.1|A/cattle/Texas/24-008749-003/2024(H5N1)	498	G	A	10	6	32	23251	10792	37	0.999527	23262	0	TRUE	NP:cds-XAJ25419.1	CTG	L	CTA	L	166
NP|PP755592.1|A/cattle/Texas/24-008749-003/2024(H5N1)	870	C	T	1	1	34	22282	9799	37	0.99991	22284	0	TRUE	NP:cds-XAJ25419.1	GAC	D	GAT	D	290
NP|PP755592.1|A/cattle/Texas/24-008749-003/2024(H5N1)	1014	T	C	4	4	32	24803	13008	39	0.999597	24813	0	TRUE	NP:cds-XAJ25419.1	TTT	F	TTC	F	338
NP|PP755592.1|A/cattle/Texas/24-008749-003/2024(H5N1)	1092	G	A	15	9	35	26300	12378	39	0.999354	26317	0	TRUE	NP:cds-XAJ25419.1	CAG	Q	CAA	Q	364
