REGION	POS	REF	ALT	REF_DP	REF_RV	REF_QUAL	ALT_DP	ALT_RV	ALT_QUAL	ALT_FREQ	TOTAL_DP	PVAL	PASS	GFF_FEATURE	REF_CODON	REF_AA	ALT_CODON	ALT_AA	POS_AA
NA|PP755591.1|A/cattle/Texas/24-008749-003/2024(H5N1)	86	T	C	2089	324	38	189	21	38	0.0829675	2278	8.34529e-82	TRUE	NA:cds-XAJ25418.1	ATA	I	ACA	T	29
NA|PP755591.1|A/cattle/Texas/24-008749-003/2024(H5N1)	571	T	C	2	0	34	4338	2047	38	0.999539	4340	0	TRUE	NA:cds-XAJ25418.1	TTG	L	CTG	L	191
NA|PP755591.1|A/cattle/Texas/24-008749-003/2024(H5N1)	789	T	C	4006	2060	37	75	54	38	0.0183643	4084	4.23945e-21	TRUE	NA:cds-XAJ25418.1	GTT	V	GTC	V	263
NA|PP755591.1|A/cattle/Texas/24-008749-003/2024(H5N1)	861	T	C	4707	2377	38	68	41	35	0.0142379	4776	1.73929e-18	TRUE	NA:cds-XAJ25418.1	GAT	D	GAC	D	287
NA|PP755591.1|A/cattle/Texas/24-008749-003/2024(H5N1)	918	T	C	4841	2218	39	66	25	35	0.0134502	4907	1.95382e-17	TRUE	NA:cds-XAJ25418.1	TTT	F	TTC	F	306
NA|PP755591.1|A/cattle/Texas/24-008749-003/2024(H5N1)	1185	A	G	12	7	33	5712	3417	38	0.997729	5725	0	TRUE	NA:cds-XAJ25418.1	GAA	E	GAG	E	395
NA|PP755591.1|A/cattle/Texas/24-008749-003/2024(H5N1)	1200	A	G	456	229	37	5556	3321	39	0.923844	6014	0	TRUE	NA:cds-XAJ25418.1	TCA	S	TCG	S	400
NA|PP755591.1|A/cattle/Texas/24-008749-003/2024(H5N1)	1246	G	A	5798	3900	43	186	120	40	0.0310777	5985	1.03563e-68	TRUE	NA:cds-XAJ25418.1	GAT	D	AAT	N	416
NA|PP755591.1|A/cattle/Texas/24-008749-003/2024(H5N1)	1289	G	C	3295	1819	40	63	63	27	0.0187612	3358	0.000174878	TRUE	NA:cds-XAJ25418.1	AGG	R	ACG	T	430
NA|PP755591.1|A/cattle/Texas/24-008749-003/2024(H5N1)	1300	A	G	4790	3827	44	57	48	42	0.0117599	4847	1.09043e-22	TRUE	NA:cds-XAJ25418.1	AAT	N	GAT	D	434
NA|PP755591.1|A/cattle/Texas/24-008749-003/2024(H5N1)	1315	A	G	326	253	51	4415	3619	45	0.931238	4741	0	TRUE	NA:cds-XAJ25418.1	AGC	S	GGC	G	439
