REGION	POS	REF	ALT	REF_DP	REF_RV	REF_QUAL	ALT_DP	ALT_RV	ALT_QUAL	ALT_FREQ	TOTAL_DP	PVAL	PASS	GFF_FEATURE	REF_CODON	REF_AA	ALT_CODON	ALT_AA	POS_AA
NA|PP755591.1|A/cattle/Texas/24-008749-003/2024(H5N1)	55	A	G	2	0	34	1477	182	37	0.998648	1479	0	TRUE	NA:cds-XAJ25418.1	ATA	I	GTA	V	19
NA|PP755591.1|A/cattle/Texas/24-008749-003/2024(H5N1)	72	G	T	1800	241	37	20	2	39	0.010989	1820	5.03237e-07	TRUE	NA:cds-XAJ25418.1	CTG	L	CTT	L	24
NA|PP755591.1|A/cattle/Texas/24-008749-003/2024(H5N1)	332	A	G	0	0	0	4512	1949	38	1	4512	0	TRUE	NA:cds-XAJ25418.1	AAG	K	AGG	R	111
NA|PP755591.1|A/cattle/Texas/24-008749-003/2024(H5N1)	513	T	C	4635	1919	37	125	64	38	0.026255	4761	4.67867e-38	TRUE	NA:cds-XAJ25418.1	AAT	N	AAC	N	171
NA|PP755591.1|A/cattle/Texas/24-008749-003/2024(H5N1)	571	T	C	0	0	0	4702	2182	37	0.999787	4703	0	TRUE	NA:cds-XAJ25418.1	TTG	L	CTG	L	191
NA|PP755591.1|A/cattle/Texas/24-008749-003/2024(H5N1)	789	T	C	4116	2172	36	113	60	36	0.0267203	4229	4.61803e-33	TRUE	NA:cds-XAJ25418.1	GTT	V	GTC	V	263
NA|PP755591.1|A/cattle/Texas/24-008749-003/2024(H5N1)	810	T	C	2	1	34	4672	3012	38	0.999145	4676	0	TRUE	NA:cds-XAJ25418.1	AAT	N	AAC	N	270
NA|PP755591.1|A/cattle/Texas/24-008749-003/2024(H5N1)	1015	C	T	4818	2150	37	472	213	37	0.0892081	5291	4.30437e-153	TRUE	NA:cds-XAJ25418.1	CCC	P	TCC	S	339
NA|PP755591.1|A/cattle/Texas/24-008749-003/2024(H5N1)	1185	A	G	1	1	34	4946	2908	37	0.999798	4947	0	TRUE	NA:cds-XAJ25418.1	GAA	E	GAG	E	395
NA|PP755591.1|A/cattle/Texas/24-008749-003/2024(H5N1)	1289	G	C	2881	1789	40	43	43	27	0.0147059	2924	0.0302242	FALSE	NA:cds-XAJ25418.1	AGG	R	ACG	T	430
