REGION	POS	REF	ALT	REF_DP	REF_RV	REF_QUAL	ALT_DP	ALT_RV	ALT_QUAL	ALT_FREQ	TOTAL_DP	PVAL	PASS	GFF_FEATURE	REF_CODON	REF_AA	ALT_CODON	ALT_AA	POS_AA
HA|PP755589.1|A/cattle/Texas/24-008749-003/2024(H5N1)	4	G	A	67	4	32	64	3	33	0.48855	131	2.5209e-46	TRUE	HA:cds-XAJ25415.1	GAG	E	AAG	K	2
HA|PP755589.1|A/cattle/Texas/24-008749-003/2024(H5N1)	5	A	G	146	11	32	3	0	34	0.0201342	149	0.00219958	TRUE	HA:cds-XAJ25415.1	GAG	E	GGG	G	2
HA|PP755589.1|A/cattle/Texas/24-008749-003/2024(H5N1)	210	C	T	2528	1324	33	49	28	32	0.0190144	2577	2.63319e-13	TRUE	HA:cds-XAJ25415.1	GAC	D	GAT	D	70
HA|PP755589.1|A/cattle/Texas/24-008749-003/2024(H5N1)	311	A	G	1	1	34	2536	1149	33	0.999606	2537	0	TRUE	HA:cds-XAJ25415.1	GAC	D	GGC	G	104
HA|PP755589.1|A/cattle/Texas/24-008749-003/2024(H5N1)	439	G	A	3026	1656	33	61	38	33	0.0197603	3087	7.0034e-16	TRUE	HA:cds-XAJ25415.1	GTG	V	ATG	M	147
HA|PP755589.1|A/cattle/Texas/24-008749-003/2024(H5N1)	582	T	C	2800	1096	33	70	26	33	0.0243902	2870	9.01323e-19	TRUE	HA:cds-XAJ25415.1	ATT	I	ATC	I	194
HA|PP755589.1|A/cattle/Texas/24-008749-003/2024(H5N1)	651	G	A	270	126	33	2634	1148	33	0.907025	2904	0	TRUE	HA:cds-XAJ25415.1	GGG	G	GGA	G	217
HA|PP755589.1|A/cattle/Texas/24-008749-003/2024(H5N1)	675	G	A	3	1	34	2782	1252	32	0.998923	2785	0	TRUE	HA:cds-XAJ25415.1	TTG	L	TTA	L	225
HA|PP755589.1|A/cattle/Texas/24-008749-003/2024(H5N1)	714	A	G	2569	1439	33	171	94	33	0.0623632	2742	6.81091e-52	TRUE	HA:cds-XAJ25415.1	CAA	Q	CAG	Q	238
HA|PP755589.1|A/cattle/Texas/24-008749-003/2024(H5N1)	909	T	C	2185	1164	33	739	285	33	0.252736	2924	2.13171e-246	TRUE	HA:cds-XAJ25415.1	TCT	S	TCC	S	303
HA|PP755589.1|A/cattle/Texas/24-008749-003/2024(H5N1)	1005	T	C	3234	1439	33	34	19	33	0.0104007	3269	1.40264e-08	TRUE	HA:cds-XAJ25415.1	AAT	N	AAC	N	335
HA|PP755589.1|A/cattle/Texas/24-008749-003/2024(H5N1)	1007	G	A	0	0	0	3186	1589	33	1	3186	0	TRUE	HA:cds-XAJ25415.1	AGT	S	AAT	N	336
HA|PP755589.1|A/cattle/Texas/24-008749-003/2024(H5N1)	1173	T	C	1837	661	33	5059	1400	33	0.733614	6896	0	TRUE	HA:cds-XAJ25415.1	GAT	D	GAC	D	391
HA|PP755589.1|A/cattle/Texas/24-008749-003/2024(H5N1)	1251	C	T	6931	2409	33	811	255	33	0.104726	7744	1.67918e-248	TRUE	HA:cds-XAJ25415.1	AAC	N	AAT	N	417
