REGION	POS	REF	ALT	REF_DP	REF_RV	REF_QUAL	ALT_DP	ALT_RV	ALT_QUAL	ALT_FREQ	TOTAL_DP	PVAL	PASS	GFF_FEATURE	REF_CODON	REF_AA	ALT_CODON	ALT_AA	POS_AA
HA|PP755589.1|A/cattle/Texas/24-008749-003/2024(H5N1)	81	T	C	0	0	0	837	209	46	1	837	0	TRUE	HA:cds-XAJ25415.1	AAT	N	AAC	N	27
HA|PP755589.1|A/cattle/Texas/24-008749-003/2024(H5N1)	295	G	T	0	0	0	1592	724	49	1	1592	0	TRUE	HA:cds-XAJ25415.1	GCT	A	TCT	S	99
HA|PP755589.1|A/cattle/Texas/24-008749-003/2024(H5N1)	651	G	A	0	0	0	1884	908	51	1	1884	0	TRUE	HA:cds-XAJ25415.1	GGG	G	GGA	G	217
HA|PP755589.1|A/cattle/Texas/24-008749-003/2024(H5N1)	819	T	C	0	0	0	1793	1094	49	1	1793	0	TRUE	HA:cds-XAJ25415.1	GTT	V	GTC	V	273
HA|PP755589.1|A/cattle/Texas/24-008749-003/2024(H5N1)	834	G	A	1	0	38	1800	1162	49	0.999445	1801	0	TRUE	HA:cds-XAJ25415.1	TCG	S	TCA	S	278
HA|PP755589.1|A/cattle/Texas/24-008749-003/2024(H5N1)	846	A	G	0	0	0	1765	1101	48	1	1765	0	TRUE	HA:cds-XAJ25415.1	AAA	K	AAG	K	282
HA|PP755589.1|A/cattle/Texas/24-008749-003/2024(H5N1)	867	T	C	1	1	39	1747	1006	48	0.999428	1748	0	TRUE	HA:cds-XAJ25415.1	CAT	H	CAC	H	289
HA|PP755589.1|A/cattle/Texas/24-008749-003/2024(H5N1)	921	T	C	0	0	0	1695	1013	49	1	1695	0	TRUE	HA:cds-XAJ25415.1	TTT	F	TTC	F	307
HA|PP755589.1|A/cattle/Texas/24-008749-003/2024(H5N1)	1314	A	C	3	2	24	3984	1663	56	0.998997	3988	0	TRUE	HA:cds-XAJ25415.1	ACA	T	ACC	T	438
