REGION	POS	REF	ALT	REF_DP	REF_RV	REF_QUAL	ALT_DP	ALT_RV	ALT_QUAL	ALT_FREQ	TOTAL_DP	PVAL	PASS	GFF_FEATURE	REF_CODON	REF_AA	ALT_CODON	ALT_AA	POS_AA
NS|PP755593.1|A/cattle/Texas/24-008749-003/2024(H5N1)	116	A	T	37191	10612	40	560	12	28	0.0148168	37795	5.28881e-12	TRUE	NS1:cds-XAJ25420.1	GAC	D	GTC	V	39
NS|PP755593.1|A/cattle/Texas/24-008749-003/2024(H5N1)	199	A	G	11	3	34	45231	20951	38	0.998278	45309	0	TRUE	NS1:cds-XAJ25420.1	AGG	R	GGG	G	67
NS|PP755593.1|A/cattle/Texas/24-008749-003/2024(H5N1)	222	T	C	13	9	43	44964	22991	40	0.998889	45014	0	TRUE	NS1:cds-XAJ25420.1	GAT	D	GAC	D	74
NS|PP755593.1|A/cattle/Texas/24-008749-003/2024(H5N1)	384	C	T	45526	20740	39	1562	866	36	0.0331297	47148	0	TRUE	NS1:cds-XAJ25420.1	ATC	I	ATT	I	128
NS|PP755593.1|A/cattle/Texas/24-008749-003/2024(H5N1)	427	A	T	45640	24499	39	481	38	28	0.0104108	46202	0.248542	FALSE	NS1:cds-XAJ25420.1	ACA	T	TCA	S	143
NS|PP755593.1|A/cattle/Texas/24-008749-003/2024(H5N1)	729	G	A	41998	30700	46	652	487	44	0.0152625	42719	4.79516e-253	TRUE	NEP:cds-XAJ25421.1	AGA	R	AAA	K	76
