REGION	POS	REF	ALT	REF_DP	REF_RV	REF_QUAL	ALT_DP	ALT_RV	ALT_QUAL	ALT_FREQ	TOTAL_DP	PVAL	PASS	GFF_FEATURE	REF_CODON	REF_AA	ALT_CODON	ALT_AA	POS_AA
NA|PP755591.1|A/cattle/Texas/24-008749-003/2024(H5N1)	222	T	-C	3635	1325	36	221	0	20	0.0526065	4201	2.92098e-35	TRUE	NA	NA	NA	NA	NA	NA
NA|PP755591.1|A/cattle/Texas/24-008749-003/2024(H5N1)	223	C	T	2	1	27	3247	1046	35	0.99877	3251	0	TRUE	NA:cds-XAJ25418.1	CTT	L	TTT	F	75
NA|PP755591.1|A/cattle/Texas/24-008749-003/2024(H5N1)	484	C	T	4895	2274	35	214	106	34	0.0418623	5112	2.30204e-62	TRUE	NA:cds-XAJ25418.1	CCC	P	TCC	S	162
NA|PP755591.1|A/cattle/Texas/24-008749-003/2024(H5N1)	571	T	C	23	4	36	4753	2115	35	0.995184	4776	0	TRUE	NA:cds-XAJ25418.1	TTG	L	CTG	L	191
NA|PP755591.1|A/cattle/Texas/24-008749-003/2024(H5N1)	1062	T	C	0	0	0	5679	2398	36	0.998945	5685	0	TRUE	NA:cds-XAJ25418.1	GGT	G	GGC	G	354
NA|PP755591.1|A/cattle/Texas/24-008749-003/2024(H5N1)	1137	G	A	2	0	30	5691	3207	36	0.998947	5697	0	TRUE	NA:cds-XAJ25418.1	GGG	G	GGA	G	379
NA|PP755591.1|A/cattle/Texas/24-008749-003/2024(H5N1)	1185	A	G	2	2	20	4632	3194	35	0.999353	4635	0	TRUE	NA:cds-XAJ25418.1	GAA	E	GAG	E	395
NA|PP755591.1|A/cattle/Texas/24-008749-003/2024(H5N1)	1289	G	C	2849	2242	36	50	50	27	0.0172414	2900	0.00301207	TRUE	NA:cds-XAJ25418.1	AGG	R	ACG	T	430
