REGION	POS	REF	ALT	REF_DP	REF_RV	REF_QUAL	ALT_DP	ALT_RV	ALT_QUAL	ALT_FREQ	TOTAL_DP	PVAL	PASS	GFF_FEATURE	REF_CODON	REF_AA	ALT_CODON	ALT_AA	POS_AA
NA|PP755591.1|A/cattle/Texas/24-008749-003/2024(H5N1)	15	A	G	0	0	0	132	15	43	1	132	4.47728e-164	TRUE	NA:cds-XAJ25418.1	CAA	Q	CAG	Q	5
NA|PP755591.1|A/cattle/Texas/24-008749-003/2024(H5N1)	140	A	G	0	0	0	1586	377	48	1	1586	0	TRUE	NA:cds-XAJ25418.1	GAA	E	GGA	G	47
NA|PP755591.1|A/cattle/Texas/24-008749-003/2024(H5N1)	199	A	G	0	0	0	1961	486	50	1	1961	0	TRUE	NA:cds-XAJ25418.1	ATC	I	GTC	V	67
NA|PP755591.1|A/cattle/Texas/24-008749-003/2024(H5N1)	212	G	A	0	0	0	2049	631	54	1	2049	0	TRUE	NA:cds-XAJ25418.1	AGT	S	AAT	N	71
NA|PP755591.1|A/cattle/Texas/24-008749-003/2024(H5N1)	412	G	A	3	1	38	2828	1409	49	0.99894	2831	0	TRUE	NA:cds-XAJ25418.1	GCT	A	ACT	T	138
NA|PP755591.1|A/cattle/Texas/24-008749-003/2024(H5N1)	711	C	T	1	0	34	3339	1840	49	0.999701	3340	0	TRUE	NA:cds-XAJ25418.1	TCC	S	TCT	S	237
NA|PP755591.1|A/cattle/Texas/24-008749-003/2024(H5N1)	879	G	A	1	1	38	3109	1531	45	0.999357	3111	0	TRUE	NA:cds-XAJ25418.1	AGG	R	AGA	R	293
NA|PP755591.1|A/cattle/Texas/24-008749-003/2024(H5N1)	1165	G	A	0	0	0	2592	1784	54	1	2592	0	TRUE	NA:cds-XAJ25418.1	GTG	V	ATG	M	389
NA|PP755591.1|A/cattle/Texas/24-008749-003/2024(H5N1)	1191	T	C	2	1	58	2499	1815	54	0.9992	2501	0	TRUE	NA:cds-XAJ25418.1	ACT	T	ACC	T	397
NA|PP755591.1|A/cattle/Texas/24-008749-003/2024(H5N1)	1301	A	G	0	0	0	1450	1199	50	1	1450	0	TRUE	NA:cds-XAJ25418.1	AAT	N	AGT	S	434
