REGION	POS	REF	ALT	REF_DP	REF_RV	REF_QUAL	ALT_DP	ALT_RV	ALT_QUAL	ALT_FREQ	TOTAL_DP	PVAL	PASS	GFF_FEATURE	REF_CODON	REF_AA	ALT_CODON	ALT_AA	POS_AA
PB2|PP755596.1|A/cattle/Texas/24-008749-003/2024(H5N1)	28	C	T	230	23	36	3	0	34	0.0128755	233	0.0225984	FALSE	PB2:cds-XAJ25426.1	CTA	L	TTA	L	10
PB2|PP755596.1|A/cattle/Texas/24-008749-003/2024(H5N1)	29	T	C	230	23	36	3	0	34	0.0128755	233	0.0225984	FALSE	PB2:cds-XAJ25426.1	CTA	L	CCA	P	10
PB2|PP755596.1|A/cattle/Texas/24-008749-003/2024(H5N1)	89	T	-AATC	580	69	35	27	0	20	0.0203774	1325	2.35852e-06	TRUE	NA	NA	NA	NA	NA	NA
PB2|PP755596.1|A/cattle/Texas/24-008749-003/2024(H5N1)	92	T	C	593	68	35	10	2	40	0.0165837	603	7.70879e-06	TRUE	PB2:cds-XAJ25426.1	ATC	I	ACC	T	31
PB2|PP755596.1|A/cattle/Texas/24-008749-003/2024(H5N1)	747	A	C	0	0	0	1083	487	35	0.999077	1084	0	TRUE	PB2:cds-XAJ25426.1	GAA	E	GAC	D	249
PB2|PP755596.1|A/cattle/Texas/24-008749-003/2024(H5N1)	764	C	T	0	0	0	1111	470	34	1	1111	0	TRUE	PB2:cds-XAJ25426.1	GCA	A	GTA	V	255
PB2|PP755596.1|A/cattle/Texas/24-008749-003/2024(H5N1)	1030	G	A	3	2	45	1097	633	33	0.996367	1101	0	TRUE	PB2:cds-XAJ25426.1	GTG	V	ATG	M	344
PB2|PP755596.1|A/cattle/Texas/24-008749-003/2024(H5N1)	1530	C	T	0	0	0	1288	579	35	1	1288	0	TRUE	PB2:cds-XAJ25426.1	AAC	N	AAT	N	510
PB2|PP755596.1|A/cattle/Texas/24-008749-003/2024(H5N1)	1635	G	A	2	1	34	1170	716	35	0.998294	1172	0	TRUE	PB2:cds-XAJ25426.1	GTG	V	GTA	V	545
