REGION	POS	REF	ALT	REF_DP	REF_RV	REF_QUAL	ALT_DP	ALT_RV	ALT_QUAL	ALT_FREQ	TOTAL_DP	PVAL	PASS	GFF_FEATURE	REF_CODON	REF_AA	ALT_CODON	ALT_AA	POS_AA
NP|PP755592.1|A/cattle/Texas/24-008749-003/2024(H5N1)	51	G	A	7433	2081	37	80	12	36	0.0106482	7513	6.00509e-31	TRUE	NP:cds-XAJ25419.1	GGG	G	GGA	G	17
NP|PP755592.1|A/cattle/Texas/24-008749-003/2024(H5N1)	169	A	C	19518	9031	39	278	142	39	0.0140319	19812	2.53785e-67	TRUE	NP:cds-XAJ25419.1	ATC	I	CTC	L	57
NP|PP755592.1|A/cattle/Texas/24-008749-003/2024(H5N1)	296	G	A	18349	8399	38	300	117	33	0.0160849	18651	8.2145e-75	TRUE	NP:cds-XAJ25419.1	AGG	R	AAG	K	99
NP|PP755592.1|A/cattle/Texas/24-008749-003/2024(H5N1)	355	A	G	3	0	51	18840	10641	40	0.999682	18846	0	TRUE	NP:cds-XAJ25419.1	ATT	I	GTT	V	119
NP|PP755592.1|A/cattle/Texas/24-008749-003/2024(H5N1)	426	T	C	18858	12277	40	390	249	40	0.0202618	19248	4.21417e-133	TRUE	NP:cds-XAJ25419.1	AAT	N	AAC	N	142
NP|PP755592.1|A/cattle/Texas/24-008749-003/2024(H5N1)	474	A	G	9867	4822	37	9984	6200	37	0.502922	19852	0	TRUE	NP:cds-XAJ25419.1	GGA	G	GGG	G	158
NP|PP755592.1|A/cattle/Texas/24-008749-003/2024(H5N1)	498	G	A	0	0	0	17793	7551	37	0.999944	17794	0	TRUE	NP:cds-XAJ25419.1	CTG	L	CTA	L	166
NP|PP755592.1|A/cattle/Texas/24-008749-003/2024(H5N1)	864	A	G	16375	8442	38	1947	1134	37	0.106266	18322	0	TRUE	NP:cds-XAJ25419.1	GGA	G	GGG	G	288
NP|PP755592.1|A/cattle/Texas/24-008749-003/2024(H5N1)	870	C	T	2	1	51	17434	9169	38	0.999828	17437	0	TRUE	NP:cds-XAJ25419.1	GAC	D	GAT	D	290
NP|PP755592.1|A/cattle/Texas/24-008749-003/2024(H5N1)	888	C	T	11284	4718	38	8407	3520	37	0.426881	19694	0	TRUE	NP:cds-XAJ25419.1	TAC	Y	TAT	Y	296
NP|PP755592.1|A/cattle/Texas/24-008749-003/2024(H5N1)	1014	T	C	6	3	45	18955	9508	41	0.999631	18962	0	TRUE	NP:cds-XAJ25419.1	TTT	F	TTC	F	338
NP|PP755592.1|A/cattle/Texas/24-008749-003/2024(H5N1)	1092	G	A	2	1	34	18949	9479	39	0.999789	18953	0	TRUE	NP:cds-XAJ25419.1	CAG	Q	CAA	Q	364
NP|PP755592.1|A/cattle/Texas/24-008749-003/2024(H5N1)	1107	A	G	17562	9806	40	2081	1228	39	0.105941	19643	0	TRUE	NP:cds-XAJ25419.1	GAA	E	GAG	E	369
NP|PP755592.1|A/cattle/Texas/24-008749-003/2024(H5N1)	1240	G	A	20963	9641	39	1088	425	37	0.0493402	22051	0	TRUE	NP:cds-XAJ25419.1	GTG	V	ATG	M	414
