REGION	POS	REF	ALT	REF_DP	REF_RV	REF_QUAL	ALT_DP	ALT_RV	ALT_QUAL	ALT_FREQ	TOTAL_DP	PVAL	PASS	GFF_FEATURE	REF_CODON	REF_AA	ALT_CODON	ALT_AA	POS_AA
NP|PP755592.1|A/cattle/Texas/24-008749-003/2024(H5N1)	247	C	T	6226	2853	36	129	65	35	0.020299	6355	1.51756e-34	TRUE	NP:cds-XAJ25419.1	CCC	P	TCC	S	83
NP|PP755592.1|A/cattle/Texas/24-008749-003/2024(H5N1)	334	G	A	5502	2968	36	143	67	35	0.0253322	5645	1.7735e-39	TRUE	NP:cds-XAJ25419.1	GAC	D	AAC	N	112
NP|PP755592.1|A/cattle/Texas/24-008749-003/2024(H5N1)	355	A	G	1	1	34	5481	3008	36	0.999089	5486	0	TRUE	NP:cds-XAJ25419.1	ATT	I	GTT	V	119
NP|PP755592.1|A/cattle/Texas/24-008749-003/2024(H5N1)	468	T	C	5385	3035	35	521	277	35	0.0881706	5909	5.93265e-161	TRUE	NP:cds-XAJ25419.1	CGT	R	CGC	R	156
NP|PP755592.1|A/cattle/Texas/24-008749-003/2024(H5N1)	498	G	A	0	0	0	5610	2575	34	0.999644	5612	0	TRUE	NP:cds-XAJ25419.1	CTG	L	CTA	L	166
NP|PP755592.1|A/cattle/Texas/24-008749-003/2024(H5N1)	642	A	G	0	0	0	5120	2393	36	0.999805	5121	0	TRUE	NP:cds-XAJ25419.1	AGA	R	AGG	R	214
NP|PP755592.1|A/cattle/Texas/24-008749-003/2024(H5N1)	870	C	T	0	0	0	5332	2595	35	1	5332	0	TRUE	NP:cds-XAJ25419.1	GAC	D	GAT	D	290
NP|PP755592.1|A/cattle/Texas/24-008749-003/2024(H5N1)	891	T	C	4558	1549	34	65	23	35	0.014051	4626	1.39369e-18	TRUE	NP:cds-XAJ25419.1	TCT	S	TCC	S	297
NP|PP755592.1|A/cattle/Texas/24-008749-003/2024(H5N1)	1005	T	C	5652	2944	36	72	17	35	0.0125764	5725	1.37897e-17	TRUE	NP:cds-XAJ25419.1	TCT	S	TCC	S	335
NP|PP755592.1|A/cattle/Texas/24-008749-003/2024(H5N1)	1014	T	C	2	1	34	5539	2845	36	0.999639	5541	0	TRUE	NP:cds-XAJ25419.1	TTT	F	TTC	F	338
NP|PP755592.1|A/cattle/Texas/24-008749-003/2024(H5N1)	1092	G	A	3	0	45	6037	2817	36	0.999503	6040	0	TRUE	NP:cds-XAJ25419.1	CAG	Q	CAA	Q	364
NP|PP755592.1|A/cattle/Texas/24-008749-003/2024(H5N1)	1173	A	G	5747	3000	35	164	100	34	0.0277402	5912	1.04014e-47	TRUE	NP:cds-XAJ25419.1	AGA	R	AGG	R	391
NP|PP755592.1|A/cattle/Texas/24-008749-003/2024(H5N1)	1359	T	A	4	3	32	5457	4133	40	0.999268	5461	0	TRUE	NP:cds-XAJ25419.1	CCT	P	CCA	P	453
