REGION	POS	REF	ALT	REF_DP	REF_RV	REF_QUAL	ALT_DP	ALT_RV	ALT_QUAL	ALT_FREQ	TOTAL_DP	PVAL	PASS	GFF_FEATURE	REF_CODON	REF_AA	ALT_CODON	ALT_AA	POS_AA
HA|PP755589.1|A/cattle/Texas/24-008749-003/2024(H5N1)	12	A	G	180	20	37	2	0	34	0.010989	182	0.0452213	FALSE	HA:cds-XAJ25415.1	ATA	I	ATG	M	4
HA|PP755589.1|A/cattle/Texas/24-008749-003/2024(H5N1)	17	T	C	252	23	37	4	0	32	0.015625	256	0.00402337	TRUE	HA:cds-XAJ25415.1	CTA	L	CCA	P	6
HA|PP755589.1|A/cattle/Texas/24-008749-003/2024(H5N1)	252	C	T	684	398	45	44	22	49	0.0604396	728	1.26171e-17	TRUE	HA:cds-XAJ25415.1	GAC	D	GAT	D	84
HA|PP755589.1|A/cattle/Texas/24-008749-003/2024(H5N1)	311	A	G	0	0	0	692	339	42	1	692	0	TRUE	HA:cds-XAJ25415.1	GAC	D	GGC	G	104
HA|PP755589.1|A/cattle/Texas/24-008749-003/2024(H5N1)	397	A	T	0	0	0	678	311	46	0.998527	679	0	TRUE	HA:cds-XAJ25415.1	ATT	I	TTT	F	133
HA|PP755589.1|A/cattle/Texas/24-008749-003/2024(H5N1)	439	G	A	9	5	52	648	371	47	0.986301	657	0	TRUE	HA:cds-XAJ25415.1	GTG	V	ATG	M	147
HA|PP755589.1|A/cattle/Texas/24-008749-003/2024(H5N1)	601	G	A	0	0	0	640	271	43	1	640	0	TRUE	HA:cds-XAJ25415.1	GAA	E	AAA	K	201
HA|PP755589.1|A/cattle/Texas/24-008749-003/2024(H5N1)	651	G	A	1	1	26	656	322	45	0.998478	657	0	TRUE	HA:cds-XAJ25415.1	GGG	G	GGA	G	217
HA|PP755589.1|A/cattle/Texas/24-008749-003/2024(H5N1)	675	G	A	1	0	68	670	310	42	0.99851	671	0	TRUE	HA:cds-XAJ25415.1	TTG	L	TTA	L	225
HA|PP755589.1|A/cattle/Texas/24-008749-003/2024(H5N1)	749	A	G	0	0	0	697	342	40	1	697	0	TRUE	HA:cds-XAJ25415.1	AAA	K	AGA	R	250
HA|PP755589.1|A/cattle/Texas/24-008749-003/2024(H5N1)	1007	G	A	0	0	0	756	408	45	1	756	0	TRUE	HA:cds-XAJ25415.1	AGT	S	AAT	N	336
HA|PP755589.1|A/cattle/Texas/24-008749-003/2024(H5N1)	1025	G	+A	714	397	45	13	0	20	0.0126214	1030	0.103015	FALSE	NA	NA	NA	NA	NA	NA
HA|PP755589.1|A/cattle/Texas/24-008749-003/2024(H5N1)	1027	A	-G	709	414	45	39	0	20	0.0371075	1051	4.29761e-08	TRUE	NA	NA	NA	NA	NA	NA
HA|PP755589.1|A/cattle/Texas/24-008749-003/2024(H5N1)	1028	G	A	1	0	27	681	400	45	0.998534	682	0	TRUE	HA:cds-XAJ25415.1	AGA	R	AAA	K	343
HA|PP755589.1|A/cattle/Texas/24-008749-003/2024(H5N1)	1052	T	A	739	449	46	68	17	40	0.0842627	807	6.29138e-28	TRUE	HA:cds-XAJ25415.1	ATA	I	AAA	K	351
