REGION	POS	REF	ALT	REF_DP	REF_RV	REF_QUAL	ALT_DP	ALT_RV	ALT_QUAL	ALT_FREQ	TOTAL_DP	PVAL	PASS	GFF_FEATURE	REF_CODON	REF_AA	ALT_CODON	ALT_AA	POS_AA
NS|PP755593.1|A/cattle/Texas/24-008749-003/2024(H5N1)	15	T	C	9628	1126	33	1045	78	33	0.0978831	10676	0	TRUE	NEP:cds-XAJ25421.1	ACT	T	ACC	T	5
NS|PP755593.1|A/cattle/Texas/24-008749-003/2024(H5N1)	15	T	C	9628	1126	33	1045	78	33	0.0978831	10676	0	TRUE	NS1:cds-XAJ25420.1	ACT	T	ACC	T	5
NS|PP755593.1|A/cattle/Texas/24-008749-003/2024(H5N1)	64	T	G	3	3	27	23880	5060	33	0.999833	23884	0	TRUE	NS1:cds-XAJ25420.1	TTT	F	GTT	V	22
NS|PP755593.1|A/cattle/Texas/24-008749-003/2024(H5N1)	117	C	T	37823	10348	33	1540	391	33	0.0391191	39367	0	TRUE	NS1:cds-XAJ25420.1	GAC	D	GAT	D	39
NS|PP755593.1|A/cattle/Texas/24-008749-003/2024(H5N1)	199	A	G	13	7	32	44499	20194	33	0.999416	44525	0	TRUE	NS1:cds-XAJ25420.1	AGG	R	GGG	G	67
NS|PP755593.1|A/cattle/Texas/24-008749-003/2024(H5N1)	205	C	T	47076	22268	33	2651	1261	33	0.0533004	49737	0	TRUE	NS1:cds-XAJ25420.1	CTG	L	TTG	L	69
NS|PP755593.1|A/cattle/Texas/24-008749-003/2024(H5N1)	222	T	C	6	2	34	49585	24712	33	0.999778	49596	0	TRUE	NS1:cds-XAJ25420.1	GAT	D	GAC	D	74
NS|PP755593.1|A/cattle/Texas/24-008749-003/2024(H5N1)	430	C	T	51618	26535	33	2008	1341	32	0.0374403	53632	0	TRUE	NS1:cds-XAJ25420.1	CTA	L	TTA	L	144
NS|PP755593.1|A/cattle/Texas/24-008749-003/2024(H5N1)	494	C	A	2	1	34	47152	25944	33	0.999512	47175	0	TRUE	NS1:cds-XAJ25420.1	TCT	S	TAT	Y	165
NS|PP755593.1|A/cattle/Texas/24-008749-003/2024(H5N1)	511	G	A	4	3	34	51601	25796	33	0.999342	51635	0	TRUE	NEP:cds-XAJ25421.1	CTG	L	CTA	L	3
NS|PP755593.1|A/cattle/Texas/24-008749-003/2024(H5N1)	511	G	A	4	3	34	51601	25796	33	0.999342	51635	0	TRUE	NS1:cds-XAJ25420.1	GAT	D	AAT	N	171
NS|PP755593.1|A/cattle/Texas/24-008749-003/2024(H5N1)	631	A	G	20	8	33	40951	20210	33	0.99917	40985	0	TRUE	NEP:cds-XAJ25421.1	GGA	G	GGG	G	43
NS|PP755593.1|A/cattle/Texas/24-008749-003/2024(H5N1)	631	A	G	20	8	33	40951	20210	33	0.99917	40985	0	TRUE	NS1:cds-XAJ25420.1	AGA	R	GGA	G	211
NS|PP755593.1|A/cattle/Texas/24-008749-003/2024(H5N1)	809	A	G	21762	20170	33	583	547	33	0.0260815	22353	1.1655e-150	TRUE	NEP:cds-XAJ25421.1	ATA	I	GTA	V	103
