REGION	POS	REF	ALT	REF_DP	REF_RV	REF_QUAL	ALT_DP	ALT_RV	ALT_QUAL	ALT_FREQ	TOTAL_DP	PVAL	PASS	GFF_FEATURE	REF_CODON	REF_AA	ALT_CODON	ALT_AA	POS_AA
MP|PP755590.1|A/cattle/Texas/24-008749-003/2024(H5N1)	6	T	C	0	0	0	65	16	34	1	65	1.69406e-104	TRUE	M2:cds-XAJ25417.1	AGT	S	AGC	S	2
MP|PP755590.1|A/cattle/Texas/24-008749-003/2024(H5N1)	6	T	C	0	0	0	65	16	34	1	65	1.69406e-104	TRUE	M1:cds-XAJ25416.1	AGT	S	AGC	S	2
MP|PP755590.1|A/cattle/Texas/24-008749-003/2024(H5N1)	285	A	G	1	0	29	2531	1244	53	0.999605	2532	0	TRUE	M1:cds-XAJ25416.1	AGA	R	AGG	R	95
MP|PP755590.1|A/cattle/Texas/24-008749-003/2024(H5N1)	456	A	G	0	0	0	2576	1213	56	1	2576	0	TRUE	M1:cds-XAJ25416.1	GAA	E	GAG	E	152
MP|PP755590.1|A/cattle/Texas/24-008749-003/2024(H5N1)	501	C	T	2590	1251	52	30	13	46	0.0114504	2620	1.36285e-12	TRUE	M1:cds-XAJ25416.1	ACC	T	ACT	T	167
MP|PP755590.1|A/cattle/Texas/24-008749-003/2024(H5N1)	519	C	T	1	0	24	2585	1249	54	0.999613	2586	0	TRUE	M1:cds-XAJ25416.1	ATC	I	ATT	I	173
MP|PP755590.1|A/cattle/Texas/24-008749-003/2024(H5N1)	660	A	G	4	3	31	2726	1288	51	0.998535	2730	0	TRUE	M1:cds-XAJ25416.1	GGA	G	GGG	G	220
MP|PP755590.1|A/cattle/Texas/24-008749-003/2024(H5N1)	770	A	G	2592	1672	62	45	31	61	0.0170648	2637	2.07807e-20	TRUE	M2:cds-XAJ25417.1	ATT	I	GTT	V	19
MP|PP755590.1|A/cattle/Texas/24-008749-003/2024(H5N1)	774	C	T	2475	1583	61	89	65	58	0.0347114	2564	2.84443e-40	TRUE	M2:cds-XAJ25417.1	GCC	A	GTC	V	20
MP|PP755590.1|A/cattle/Texas/24-008749-003/2024(H5N1)	954	G	A	8	6	46	798	675	47	0.990074	806	0	TRUE	M2:cds-XAJ25417.1	GGT	G	GAT	D	80
