REGION	POS	REF	ALT	REF_DP	REF_RV	REF_QUAL	ALT_DP	ALT_RV	ALT_QUAL	ALT_FREQ	TOTAL_DP	PVAL	PASS	GFF_FEATURE	REF_CODON	REF_AA	ALT_CODON	ALT_AA	POS_AA
PA|PP755594.1|A/cattle/Texas/24-008749-003/2024(H5N1)	58	G	A	0	0	0	608	148	32	1	608	0	TRUE	PA:cds-XAJ25422.1	GCA	A	ACA	T	20
PA|PP755594.1|A/cattle/Texas/24-008749-003/2024(H5N1)	58	G	A	0	0	0	608	148	32	1	608	0	TRUE	PA-X:cds-XAJ25423.1	GCA	A	ACA	T	20
PA|PP755594.1|A/cattle/Texas/24-008749-003/2024(H5N1)	980	A	G	0	0	0	2178	894	33	1	2178	0	TRUE	PA:cds-XAJ25422.1	GAG	E	GGG	G	327
PA|PP755594.1|A/cattle/Texas/24-008749-003/2024(H5N1)	981	G	A	12	9	30	2212	910	33	0.994604	2224	0	TRUE	PA:cds-XAJ25422.1	GAG	E	GAA	E	327
PA|PP755594.1|A/cattle/Texas/24-008749-003/2024(H5N1)	1017	G	A	0	0	0	2120	933	33	0.999529	2121	0	TRUE	PA:cds-XAJ25422.1	AAG	K	AAA	K	339
PA|PP755594.1|A/cattle/Texas/24-008749-003/2024(H5N1)	1294	G	A	0	0	0	2740	1407	33	1	2740	0	TRUE	PA:cds-XAJ25422.1	GTT	V	ATT	I	432
