REGION	POS	REF	ALT	REF_DP	REF_RV	REF_QUAL	ALT_DP	ALT_RV	ALT_QUAL	ALT_FREQ	TOTAL_DP	PVAL	PASS	GFF_FEATURE	REF_CODON	REF_AA	ALT_CODON	ALT_AA	POS_AA
NS|PP755593.1|A/cattle/Texas/24-008749-003/2024(H5N1)	172	A	G	32060	15420	40	387	188	40	0.0119257	32451	3.45207e-129	TRUE	NS1:cds-XAJ25420.1	ACT	T	GCT	A	58
NS|PP755593.1|A/cattle/Texas/24-008749-003/2024(H5N1)	199	A	G	5	2	39	34160	15327	38	0.999795	34167	0	TRUE	NS1:cds-XAJ25420.1	AGG	R	GGG	G	67
NS|PP755593.1|A/cattle/Texas/24-008749-003/2024(H5N1)	222	T	C	12	4	36	35443	18128	40	0.999436	35463	0	TRUE	NS1:cds-XAJ25420.1	GAT	D	GAC	D	74
NS|PP755593.1|A/cattle/Texas/24-008749-003/2024(H5N1)	643	C	T	32408	16668	42	1022	580	37	0.0305704	33431	2.26848e-304	TRUE	NEP:cds-XAJ25421.1	TCC	S	TCT	S	47
NS|PP755593.1|A/cattle/Texas/24-008749-003/2024(H5N1)	643	C	T	32408	16668	42	1022	580	37	0.0305704	33431	2.26848e-304	TRUE	NS1:cds-XAJ25420.1	CCT	P	TCT	S	215
