REGION	POS	REF	ALT	REF_DP	REF_RV	REF_QUAL	ALT_DP	ALT_RV	ALT_QUAL	ALT_FREQ	TOTAL_DP	PVAL	PASS	GFF_FEATURE	REF_CODON	REF_AA	ALT_CODON	ALT_AA	POS_AA
NP|PP755592.1|A/cattle/Texas/24-008749-003/2024(H5N1)	165	G	A	14	4	34	5326	2252	32	0.997192	5341	0	TRUE	NP:cds-XAJ25419.1	AGG	R	AGA	R	55
NP|PP755592.1|A/cattle/Texas/24-008749-003/2024(H5N1)	355	A	G	0	0	0	6356	3484	33	1	6356	0	TRUE	NP:cds-XAJ25419.1	ATT	I	GTT	V	119
NP|PP755592.1|A/cattle/Texas/24-008749-003/2024(H5N1)	474	A	G	0	0	0	5981	3532	33	0.999833	5982	0	TRUE	NP:cds-XAJ25419.1	GGA	G	GGG	G	158
NP|PP755592.1|A/cattle/Texas/24-008749-003/2024(H5N1)	498	G	A	0	0	0	5749	2749	33	1	5749	0	TRUE	NP:cds-XAJ25419.1	CTG	L	CTA	L	166
NP|PP755592.1|A/cattle/Texas/24-008749-003/2024(H5N1)	566	T	C	5331	2010	33	1008	323	33	0.158991	6340	0	TRUE	NP:cds-XAJ25419.1	ATG	M	ACG	T	189
NP|PP755592.1|A/cattle/Texas/24-008749-003/2024(H5N1)	870	C	T	0	0	0	5616	2722	33	0.999822	5617	0	TRUE	NP:cds-XAJ25419.1	GAC	D	GAT	D	290
NP|PP755592.1|A/cattle/Texas/24-008749-003/2024(H5N1)	951	A	G	5400	2651	33	938	499	33	0.147973	6339	6.22343e-293	TRUE	NP:cds-XAJ25419.1	AGA	R	AGG	R	317
NP|PP755592.1|A/cattle/Texas/24-008749-003/2024(H5N1)	1014	T	C	0	0	0	5822	3130	33	0.999828	5823	0	TRUE	NP:cds-XAJ25419.1	TTT	F	TTC	F	338
NP|PP755592.1|A/cattle/Texas/24-008749-003/2024(H5N1)	1092	G	A	0	0	0	6206	3023	33	1	6206	0	TRUE	NP:cds-XAJ25419.1	CAG	Q	CAA	Q	364
