REGION	POS	REF	ALT	REF_DP	REF_RV	REF_QUAL	ALT_DP	ALT_RV	ALT_QUAL	ALT_FREQ	TOTAL_DP	PVAL	PASS	GFF_FEATURE	REF_CODON	REF_AA	ALT_CODON	ALT_AA	POS_AA
NP|PP755592.1|A/cattle/Texas/24-008749-003/2024(H5N1)	355	A	G	7	3	32	11156	6002	33	0.999283	11164	0	TRUE	NP:cds-XAJ25419.1	ATT	I	GTT	V	119
NP|PP755592.1|A/cattle/Texas/24-008749-003/2024(H5N1)	378	A	G	13040	7840	33	174	109	33	0.0131669	13215	1.13851e-38	TRUE	NP:cds-XAJ25419.1	GGA	G	GGG	G	126
NP|PP755592.1|A/cattle/Texas/24-008749-003/2024(H5N1)	498	G	A	4	2	34	10874	4956	33	0.99954	10879	0	TRUE	NP:cds-XAJ25419.1	CTG	L	CTA	L	166
NP|PP755592.1|A/cattle/Texas/24-008749-003/2024(H5N1)	577	T	C	12102	4601	33	192	57	33	0.0156148	12296	7.32388e-45	TRUE	NP:cds-XAJ25419.1	TTG	L	CTG	L	193
NP|PP755592.1|A/cattle/Texas/24-008749-003/2024(H5N1)	870	C	T	10	4	34	10917	4970	33	0.998902	10929	0	TRUE	NP:cds-XAJ25419.1	GAC	D	GAT	D	290
NP|PP755592.1|A/cattle/Texas/24-008749-003/2024(H5N1)	1014	T	C	2	1	34	12083	6365	33	0.999669	12087	0	TRUE	NP:cds-XAJ25419.1	TTT	F	TTC	F	338
NP|PP755592.1|A/cattle/Texas/24-008749-003/2024(H5N1)	1092	G	A	3	1	34	12776	6240	33	0.999531	12782	0	TRUE	NP:cds-XAJ25419.1	CAG	Q	CAA	Q	364
NP|PP755592.1|A/cattle/Texas/24-008749-003/2024(H5N1)	1434	C	T	9468	8391	33	207	189	33	0.0213931	9676	1.12005e-51	TRUE	NP:cds-XAJ25419.1	TCC	S	TCT	S	478
