REGION	POS	REF	ALT	REF_DP	REF_RV	REF_QUAL	ALT_DP	ALT_RV	ALT_QUAL	ALT_FREQ	TOTAL_DP	PVAL	PASS	GFF_FEATURE	REF_CODON	REF_AA	ALT_CODON	ALT_AA	POS_AA
NS|PP755593.1|A/cattle/Texas/24-008749-003/2024(H5N1)	20	T	C	0	0	0	3412	453	42	1	3412	0	TRUE	NEP:cds-XAJ25421.1	TTA	L	TCA	S	7
NS|PP755593.1|A/cattle/Texas/24-008749-003/2024(H5N1)	20	T	C	0	0	0	3412	453	42	1	3412	0	TRUE	NS1:cds-XAJ25420.1	TTA	L	TCA	S	7
NS|PP755593.1|A/cattle/Texas/24-008749-003/2024(H5N1)	159	C	T	10821	2893	51	110	34	53	0.0100631	10931	2.19846e-48	TRUE	NS1:cds-XAJ25420.1	GAC	D	GAT	D	53
NS|PP755593.1|A/cattle/Texas/24-008749-003/2024(H5N1)	183	G	A	3	1	31	11246	3171	52	0.999733	11249	0	TRUE	NS1:cds-XAJ25420.1	GGG	G	GGA	G	61
NS|PP755593.1|A/cattle/Texas/24-008749-003/2024(H5N1)	222	T	C	9	5	46	12967	4418	53	0.999306	12976	0	TRUE	NS1:cds-XAJ25420.1	GAT	D	GAC	D	74
NS|PP755593.1|A/cattle/Texas/24-008749-003/2024(H5N1)	333	G	T	0	0	0	14869	7399	50	0.999731	14873	0	TRUE	NS1:cds-XAJ25420.1	GTG	V	GTT	V	111
NS|PP755593.1|A/cattle/Texas/24-008749-003/2024(H5N1)	381	C	T	3	0	36	15624	7393	49	0.999616	15630	0	TRUE	NS1:cds-XAJ25420.1	AAC	N	AAT	N	127
