REGION	POS	REF	ALT	REF_DP	REF_RV	REF_QUAL	ALT_DP	ALT_RV	ALT_QUAL	ALT_FREQ	TOTAL_DP	PVAL	PASS	GFF_FEATURE	REF_CODON	REF_AA	ALT_CODON	ALT_AA	POS_AA
NP|PP755592.1|A/cattle/Texas/24-008749-003/2024(H5N1)	7	T	C	565	280	31	6	3	34	0.0105079	571	0.000291774	TRUE	NP:cds-XAJ25419.1	TCT	S	CCT	P	3
NP|PP755592.1|A/cattle/Texas/24-008749-003/2024(H5N1)	355	A	G	0	0	0	10035	4951	33	1	10035	0	TRUE	NP:cds-XAJ25419.1	ATT	I	GTT	V	119
NP|PP755592.1|A/cattle/Texas/24-008749-003/2024(H5N1)	468	T	C	9288	4679	33	453	222	33	0.0464997	9742	1.3335e-124	TRUE	NP:cds-XAJ25419.1	CGT	R	CGC	R	156
NP|PP755592.1|A/cattle/Texas/24-008749-003/2024(H5N1)	498	G	A	0	0	0	9898	4716	33	0.999798	9900	0	TRUE	NP:cds-XAJ25419.1	CTG	L	CTA	L	166
NP|PP755592.1|A/cattle/Texas/24-008749-003/2024(H5N1)	870	C	T	576	277	33	10073	5123	33	0.945822	10650	0	TRUE	NP:cds-XAJ25419.1	GAC	D	GAT	D	290
NP|PP755592.1|A/cattle/Texas/24-008749-003/2024(H5N1)	1014	T	C	2	1	34	11360	5718	33	0.999648	11364	0	TRUE	NP:cds-XAJ25419.1	TTT	F	TTC	F	338
NP|PP755592.1|A/cattle/Texas/24-008749-003/2024(H5N1)	1092	G	A	7	4	34	11363	5525	33	0.999209	11372	0	TRUE	NP:cds-XAJ25419.1	CAG	Q	CAA	Q	364
NP|PP755592.1|A/cattle/Texas/24-008749-003/2024(H5N1)	1137	T	C	4	2	34	11078	5475	33	0.999278	11086	0	TRUE	NP:cds-XAJ25419.1	CTT	L	CTC	L	379
