REGION	POS	REF	ALT	REF_DP	REF_RV	REF_QUAL	ALT_DP	ALT_RV	ALT_QUAL	ALT_FREQ	TOTAL_DP	PVAL	PASS	GFF_FEATURE	REF_CODON	REF_AA	ALT_CODON	ALT_AA	POS_AA
NA|PP755591.1|A/cattle/Texas/24-008749-003/2024(H5N1)	46	G	A	1	0	34	1374	219	38	0.999273	1375	0	TRUE	NA:cds-XAJ25418.1	GTA	V	ATA	I	16
NA|PP755591.1|A/cattle/Texas/24-008749-003/2024(H5N1)	195	G	A	4460	2058	43	143	54	40	0.0310667	4603	4.07959e-53	TRUE	NA:cds-XAJ25418.1	ACG	T	ACA	T	65
NA|PP755591.1|A/cattle/Texas/24-008749-003/2024(H5N1)	226	G	A	4536	2225	42	112	54	41	0.0240964	4648	3.09928e-41	TRUE	NA:cds-XAJ25418.1	GCT	A	ACT	T	76
NA|PP755591.1|A/cattle/Texas/24-008749-003/2024(H5N1)	422	A	G	5112	2261	41	95	50	41	0.0182447	5207	2.81774e-34	TRUE	NA:cds-XAJ25418.1	AAT	N	AGT	S	141
NA|PP755591.1|A/cattle/Texas/24-008749-003/2024(H5N1)	571	T	C	1	1	34	4646	2271	39	0.999785	4647	0	TRUE	NA:cds-XAJ25418.1	TTG	L	CTG	L	191
NA|PP755591.1|A/cattle/Texas/24-008749-003/2024(H5N1)	789	T	C	4169	2162	38	54	29	36	0.0127811	4225	1.60647e-14	TRUE	NA:cds-XAJ25418.1	GTT	V	GTC	V	263
NA|PP755591.1|A/cattle/Texas/24-008749-003/2024(H5N1)	1021	A	G	5395	2230	39	83	46	38	0.0151487	5479	4.91826e-22	TRUE	NA:cds-XAJ25418.1	AAT	N	GAT	D	341
NA|PP755591.1|A/cattle/Texas/24-008749-003/2024(H5N1)	1061	G	A	5689	2496	41	106	44	40	0.0182916	5795	1.58726e-38	TRUE	NA:cds-XAJ25418.1	GGT	G	GAT	D	354
NA|PP755591.1|A/cattle/Texas/24-008749-003/2024(H5N1)	1062	T	C	5529	2341	40	183	88	42	0.0320266	5714	5.35878e-67	TRUE	NA:cds-XAJ25418.1	GGT	G	GGC	G	354
NA|PP755591.1|A/cattle/Texas/24-008749-003/2024(H5N1)	1185	A	G	1	0	34	5094	2893	38	0.999804	5095	0	TRUE	NA:cds-XAJ25418.1	GAA	E	GAG	E	395
NA|PP755591.1|A/cattle/Texas/24-008749-003/2024(H5N1)	1193	A	G	5017	2981	38	58	29	39	0.0114286	5075	1.09383e-14	TRUE	NA:cds-XAJ25418.1	GAC	D	GGC	G	398
NA|PP755591.1|A/cattle/Texas/24-008749-003/2024(H5N1)	1361	G	A	3301	2950	40	40	37	41	0.0119689	3342	9.65012e-15	TRUE	NA:cds-XAJ25418.1	GGT	G	GAT	D	454
