REGION	POS	REF	ALT	REF_DP	REF_RV	REF_QUAL	ALT_DP	ALT_RV	ALT_QUAL	ALT_FREQ	TOTAL_DP	PVAL	PASS	GFF_FEATURE	REF_CODON	REF_AA	ALT_CODON	ALT_AA	POS_AA
PB1|PP755595.1|A/cattle/Texas/24-008749-003/2024(H5N1)	127	G	A	185	52	33	2	1	34	0.0106952	187	0.211531	FALSE	PB1:cds-XAJ25424.1	GTT	V	ATT	I	43
PB1|PP755595.1|A/cattle/Texas/24-008749-003/2024(H5N1)	127	G	A	185	52	33	2	1	34	0.0106952	187	0.211531	FALSE	PB1-F2:cds-XAJ25425.1	CAG	Q	CAA	Q	11
PB1|PP755595.1|A/cattle/Texas/24-008749-003/2024(H5N1)	405	A	G	0	0	0	199	130	33	1	199	5.90206e-123	TRUE	PB1:cds-XAJ25424.1	AGA	R	AGG	R	135
PB1|PP755595.1|A/cattle/Texas/24-008749-003/2024(H5N1)	411	G	A	1	0	34	199	130	33	0.995	200	3.30819e-119	TRUE	PB1:cds-XAJ25424.1	CAG	Q	CAA	Q	137
PB1|PP755595.1|A/cattle/Texas/24-008749-003/2024(H5N1)	484	A	C	196	70	33	10	4	34	0.0485437	206	0.000831528	TRUE	PB1:cds-XAJ25424.1	AGG	R	CGG	R	162
PB1|PP755595.1|A/cattle/Texas/24-008749-003/2024(H5N1)	492	A	G	0	0	0	216	67	33	1	216	9.96208e-132	TRUE	PB1:cds-XAJ25424.1	ATA	I	ATG	M	164
PB1|PP755595.1|A/cattle/Texas/24-008749-003/2024(H5N1)	864	G	A	0	0	0	250	141	33	1	250	8.78373e-155	TRUE	PB1:cds-XAJ25424.1	AAG	K	AAA	K	288
PB1|PP755595.1|A/cattle/Texas/24-008749-003/2024(H5N1)	957	G	A	0	0	0	242	151	33	1	242	2.76728e-145	TRUE	PB1:cds-XAJ25424.1	CTG	L	CTA	L	319
PB1|PP755595.1|A/cattle/Texas/24-008749-003/2024(H5N1)	1364	A	G	0	0	0	278	135	33	1	278	2.98379e-177	TRUE	PB1:cds-XAJ25424.1	AAT	N	AGT	S	455
PB1|PP755595.1|A/cattle/Texas/24-008749-003/2024(H5N1)	1872	T	G	776	389	33	667	408	33	0.462231	1443	4.23578e-248	TRUE	PB1:cds-XAJ25424.1	CTT	L	CTG	L	624
