REGION	POS	REF	ALT	REF_DP	REF_RV	REF_QUAL	ALT_DP	ALT_RV	ALT_QUAL	ALT_FREQ	TOTAL_DP	PVAL	PASS	GFF_FEATURE	REF_CODON	REF_AA	ALT_CODON	ALT_AA	POS_AA
MP|PP755590.1|A/cattle/Texas/24-008749-003/2024(H5N1)	245	G	A	7	1	31	33151	12465	36	0.999487	33168	0	TRUE	M1:cds-XAJ25416.1	AGT	S	AAT	N	82
MP|PP755590.1|A/cattle/Texas/24-008749-003/2024(H5N1)	552	T	C	40611	22392	35	4466	1783	34	0.0990485	45089	0	TRUE	M1:cds-XAJ25416.1	ACT	T	ACC	T	184
MP|PP755590.1|A/cattle/Texas/24-008749-003/2024(H5N1)	631	C	A	36750	15444	35	5317	2975	34	0.126214	42127	0	TRUE	M1:cds-XAJ25416.1	CAG	Q	AAG	K	211
MP|PP755590.1|A/cattle/Texas/24-008749-003/2024(H5N1)	790	G	A	5	2	27	31604	22644	36	0.998957	31637	0	TRUE	M2:cds-XAJ25417.1	GGG	G	GGA	G	26
MP|PP755590.1|A/cattle/Texas/24-008749-003/2024(H5N1)	933	G	A	0	0	0	23180	22509	35	0.999224	23198	0	TRUE	M2:cds-XAJ25417.1	AGT	S	AAT	N	73
