REGION	POS	REF	ALT	REF_DP	REF_RV	REF_QUAL	ALT_DP	ALT_RV	ALT_QUAL	ALT_FREQ	TOTAL_DP	PVAL	PASS	GFF_FEATURE	REF_CODON	REF_AA	ALT_CODON	ALT_AA	POS_AA
PB1|PP755595.1|A/cattle/Texas/24-008749-003/2024(H5N1)	34	G	A	75	6	33	1	0	34	0.0131579	76	0.253333	FALSE	PB1:cds-XAJ25424.1	GTT	V	ATT	I	12
PB1|PP755595.1|A/cattle/Texas/24-008749-003/2024(H5N1)	936	C	T	0	0	0	677	386	33	1	677	0	TRUE	PB1:cds-XAJ25424.1	AAC	N	AAT	N	312
PB1|PP755595.1|A/cattle/Texas/24-008749-003/2024(H5N1)	945	T	C	0	0	0	680	399	33	1	680	0	TRUE	PB1:cds-XAJ25424.1	CCT	P	CCC	P	315
PB1|PP755595.1|A/cattle/Texas/24-008749-003/2024(H5N1)	1689	A	G	0	0	0	1457	560	33	1	1457	0	TRUE	PB1:cds-XAJ25424.1	AGA	R	AGG	R	563
PB1|PP755595.1|A/cattle/Texas/24-008749-003/2024(H5N1)	2130	A	G	1284	803	33	65	41	33	0.0481838	1349	9.44603e-20	TRUE	PB1:cds-XAJ25424.1	GGA	G	GGG	G	710
PB1|PP755595.1|A/cattle/Texas/24-008749-003/2024(H5N1)	2199	A	G	0	0	0	1233	1040	33	1	1233	0	TRUE	PB1:cds-XAJ25424.1	GGA	G	GGG	G	733
