REGION	POS	REF	ALT	REF_DP	REF_RV	REF_QUAL	ALT_DP	ALT_RV	ALT_QUAL	ALT_FREQ	TOTAL_DP	PVAL	PASS	GFF_FEATURE	REF_CODON	REF_AA	ALT_CODON	ALT_AA	POS_AA
NS|PP755593.1|A/cattle/Texas/24-008749-003/2024(H5N1)	62	G	A	2	1	37	8830	884	40	0.99966	8833	0	TRUE	NS1:cds-XAJ25420.1	CGA	R	CAA	Q	21
NS|PP755593.1|A/cattle/Texas/24-008749-003/2024(H5N1)	222	T	C	8	4	38	19060	9129	40	0.999371	19072	0	TRUE	NS1:cds-XAJ25420.1	GAT	D	GAC	D	74
NS|PP755593.1|A/cattle/Texas/24-008749-003/2024(H5N1)	240	T	C	3	2	33	19339	10648	39	0.999793	19343	0	TRUE	NS1:cds-XAJ25420.1	ACT	T	ACC	T	80
NS|PP755593.1|A/cattle/Texas/24-008749-003/2024(H5N1)	441	C	T	8	3	40	21468	9531	38	0.999534	21478	0	TRUE	NS1:cds-XAJ25420.1	CTC	L	CTT	L	147
NS|PP755593.1|A/cattle/Texas/24-008749-003/2024(H5N1)	489	G	A	7	5	38	20958	10612	39	0.999428	20970	0	TRUE	NS1:cds-XAJ25420.1	TTG	L	TTA	L	163
