REGION	POS	REF	ALT	REF_DP	REF_RV	REF_QUAL	ALT_DP	ALT_RV	ALT_QUAL	ALT_FREQ	TOTAL_DP	PVAL	PASS	GFF_FEATURE	REF_CODON	REF_AA	ALT_CODON	ALT_AA	POS_AA
NA|PP755591.1|A/cattle/Texas/24-008749-003/2024(H5N1)	27	C	T	385	44	38	4	0	34	0.0102828	389	0.0155494	FALSE	NA:cds-XAJ25418.1	ACC	T	ACT	T	9
NA|PP755591.1|A/cattle/Texas/24-008749-003/2024(H5N1)	42	T	C	677	78	38	23	1	35	0.0328571	700	4.2258e-11	TRUE	NA:cds-XAJ25418.1	TGT	C	TGC	C	14
NA|PP755591.1|A/cattle/Texas/24-008749-003/2024(H5N1)	56	T	C	851	121	38	51	2	35	0.056541	902	1.90161e-23	TRUE	NA:cds-XAJ25418.1	ATA	I	ACA	T	19
NA|PP755591.1|A/cattle/Texas/24-008749-003/2024(H5N1)	126	T	C	1454	221	39	54	4	36	0.035809	1508	7.88739e-21	TRUE	NA:cds-XAJ25418.1	AAT	N	AAC	N	42
NA|PP755591.1|A/cattle/Texas/24-008749-003/2024(H5N1)	198	T	C	1823	716	39	458	163	38	0.200789	2281	4.31233e-167	TRUE	NA:cds-XAJ25418.1	TAT	Y	TAC	Y	66
NA|PP755591.1|A/cattle/Texas/24-008749-003/2024(H5N1)	256	G	T	2356	1036	38	35	11	38	0.0146382	2391	3.61672e-10	TRUE	NA:cds-XAJ25418.1	GCG	A	TCG	S	86
NA|PP755591.1|A/cattle/Texas/24-008749-003/2024(H5N1)	258	G	A	2306	1013	38	84	37	39	0.0351464	2390	3.86547e-26	TRUE	NA:cds-XAJ25418.1	GCG	A	GCA	A	86
NA|PP755591.1|A/cattle/Texas/24-008749-003/2024(H5N1)	322	A	G	2552	1141	38	56	31	39	0.0214642	2609	5.85443e-16	TRUE	NA:cds-XAJ25418.1	ATT	I	GTT	V	108
NA|PP755591.1|A/cattle/Texas/24-008749-003/2024(H5N1)	756	A	G	3023	1575	38	70	36	36	0.0226317	3093	2.17343e-20	TRUE	NA:cds-XAJ25418.1	TCA	S	TCG	S	252
NA|PP755591.1|A/cattle/Texas/24-008749-003/2024(H5N1)	906	G	A	0	0	0	3018	1442	36	1	3018	0	TRUE	NA:cds-XAJ25418.1	CCG	P	CCA	P	302
NA|PP755591.1|A/cattle/Texas/24-008749-003/2024(H5N1)	1090	A	G	2681	1129	38	1077	544	38	0.286589	3758	0	TRUE	NA:cds-XAJ25418.1	AGC	S	GGC	G	364
NA|PP755591.1|A/cattle/Texas/24-008749-003/2024(H5N1)	1149	G	T	3505	1796	39	210	94	37	0.0565276	3715	6.03527e-67	TRUE	NA:cds-XAJ25418.1	ACG	T	ACT	T	383
