REGION	POS	REF	ALT	REF_DP	REF_RV	REF_QUAL	ALT_DP	ALT_RV	ALT_QUAL	ALT_FREQ	TOTAL_DP	PVAL	PASS	GFF_FEATURE	REF_CODON	REF_AA	ALT_CODON	ALT_AA	POS_AA
HA|PP755589.1|A/cattle/Texas/24-008749-003/2024(H5N1)	499	A	G	30	12	35	1	1	37	0.0322581	31	0.5	FALSE	HA:cds-XAJ25415.1	ATC	I	GTC	V	167
HA|PP755589.1|A/cattle/Texas/24-008749-003/2024(H5N1)	502	A	T	31	13	37	1	0	37	0.03125	32	0.507937	FALSE	HA:cds-XAJ25415.1	AAA	K	TAA	*	168
HA|PP755589.1|A/cattle/Texas/24-008749-003/2024(H5N1)	595	A	G	43	14	36	1	0	37	0.0227273	44	0.505747	FALSE	HA:cds-XAJ25415.1	AAT	N	GAT	D	199
HA|PP755589.1|A/cattle/Texas/24-008749-003/2024(H5N1)	649	G	T	37	12	35	1	0	37	0.0263158	38	0.5	FALSE	HA:cds-XAJ25415.1	GGG	G	TGG	W	217
HA|PP755589.1|A/cattle/Texas/24-008749-003/2024(H5N1)	651	G	A	0	0	0	38	12	36	1	38	1.45083e-22	TRUE	HA:cds-XAJ25415.1	GGG	G	GGA	G	217
HA|PP755589.1|A/cattle/Texas/24-008749-003/2024(H5N1)	858	A	C	40	26	36	1	0	25	0.0243902	41	0.493976	FALSE	HA:cds-XAJ25415.1	GAA	E	GAC	D	286
HA|PP755589.1|A/cattle/Texas/24-008749-003/2024(H5N1)	1052	T	A	38	28	36	1	1	25	0.025641	39	0.493671	FALSE	HA:cds-XAJ25415.1	ATA	I	AAA	K	351
HA|PP755589.1|A/cattle/Texas/24-008749-003/2024(H5N1)	1065	A	C	56	27	37	1	1	22	0.0175439	57	0.491379	FALSE	HA:cds-XAJ25415.1	ATA	I	ATC	I	355
HA|PP755589.1|A/cattle/Texas/24-008749-003/2024(H5N1)	1071	A	G	51	22	36	1	0	37	0.0192308	52	0.5	FALSE	HA:cds-XAJ25415.1	GGA	G	GGG	G	357
HA|PP755589.1|A/cattle/Texas/24-008749-003/2024(H5N1)	1118	A	-T	56	14	36	1	0	20	0.0172414	58	0.5	FALSE	NA	NA	NA	NA	NA	NA
HA|PP755589.1|A/cattle/Texas/24-008749-003/2024(H5N1)	1126	G	A	82	17	36	1	0	37	0.0120482	83	0.5	FALSE	HA:cds-XAJ25415.1	GGG	G	AGG	R	376
HA|PP755589.1|A/cattle/Texas/24-008749-003/2024(H5N1)	1132	G	C	85	15	36	1	0	37	0.0116279	86	0.5	FALSE	HA:cds-XAJ25415.1	GGG	G	CGG	R	378
HA|PP755589.1|A/cattle/Texas/24-008749-003/2024(H5N1)	1290	A	G	93	35	36	1	0	37	0.0106383	94	0.492147	FALSE	HA:cds-XAJ25415.1	GAA	E	GAG	E	430
HA|PP755589.1|A/cattle/Texas/24-008749-003/2024(H5N1)	1292	A	G	95	33	36	1	0	25	0.0104167	96	0.494845	FALSE	HA:cds-XAJ25415.1	GAC	D	GGC	G	431
HA|PP755589.1|A/cattle/Texas/24-008749-003/2024(H5N1)	1354	A	G	92	44	36	1	0	37	0.0107527	93	0.5	FALSE	HA:cds-XAJ25415.1	ACT	T	GCT	A	452
HA|PP755589.1|A/cattle/Texas/24-008749-003/2024(H5N1)	1530	A	G	110	68	36	2	1	30	0.0178571	112	0.240204	FALSE	HA:cds-XAJ25415.1	GAA	E	GAG	E	510
HA|PP755589.1|A/cattle/Texas/24-008749-003/2024(H5N1)	1659	A	C	93	85	36	1	1	25	0.0106383	94	0.489583	FALSE	HA:cds-XAJ25415.1	TTA	L	TTC	F	553
