REGION	POS	REF	ALT	REF_DP	REF_RV	REF_QUAL	ALT_DP	ALT_RV	ALT_QUAL	ALT_FREQ	TOTAL_DP	PVAL	PASS	GFF_FEATURE	REF_CODON	REF_AA	ALT_CODON	ALT_AA	POS_AA
NA|PP755591.1|A/cattle/Texas/24-008749-003/2024(H5N1)	30	T	C	894	278	33	77	11	33	0.0792997	971	2.36706e-40	TRUE	NA:cds-XAJ25418.1	ATT	I	ATC	I	10
NA|PP755591.1|A/cattle/Texas/24-008749-003/2024(H5N1)	571	T	C	1	0	34	5525	2598	33	0.999638	5527	0	TRUE	NA:cds-XAJ25418.1	TTG	L	CTG	L	191
NA|PP755591.1|A/cattle/Texas/24-008749-003/2024(H5N1)	862	A	G	2371	1127	33	3550	2009	33	0.599358	5923	0	TRUE	NA:cds-XAJ25418.1	ATT	I	GTT	V	288
NA|PP755591.1|A/cattle/Texas/24-008749-003/2024(H5N1)	942	A	C	5053	2675	33	328	145	33	0.0608873	5387	2.51721e-99	TRUE	NA:cds-XAJ25418.1	ATA	I	ATC	I	314
NA|PP755591.1|A/cattle/Texas/24-008749-003/2024(H5N1)	1185	A	G	0	0	0	5329	2989	33	0.999812	5330	0	TRUE	NA:cds-XAJ25418.1	GAA	E	GAG	E	395
NA|PP755591.1|A/cattle/Texas/24-008749-003/2024(H5N1)	1260	T	C	5845	3676	33	135	77	33	0.0225715	5981	2.70654e-34	TRUE	NA:cds-XAJ25418.1	CCT	P	CCC	P	420
NA|PP755591.1|A/cattle/Texas/24-008749-003/2024(H5N1)	1289	G	C	3616	1607	32	39	39	27	0.0106557	3660	0.40573	FALSE	NA:cds-XAJ25418.1	AGG	R	ACG	T	430
