REGION	POS	REF	ALT	REF_DP	REF_RV	REF_QUAL	ALT_DP	ALT_RV	ALT_QUAL	ALT_FREQ	TOTAL_DP	PVAL	PASS	GFF_FEATURE	REF_CODON	REF_AA	ALT_CODON	ALT_AA	POS_AA
NS|PP755593.1|A/cattle/Texas/24-008749-003/2024(H5N1)	62	G	A	2	1	37	6100	496	39	0.999672	6102	0	TRUE	NS1:cds-XAJ25420.1	CGA	R	CAA	Q	21
NS|PP755593.1|A/cattle/Texas/24-008749-003/2024(H5N1)	222	T	C	5	0	44	12435	6006	40	0.999598	12440	0	TRUE	NS1:cds-XAJ25420.1	GAT	D	GAC	D	74
NS|PP755593.1|A/cattle/Texas/24-008749-003/2024(H5N1)	240	T	C	4	3	37	12723	7073	39	0.999686	12727	0	TRUE	NS1:cds-XAJ25420.1	ACT	T	ACC	T	80
NS|PP755593.1|A/cattle/Texas/24-008749-003/2024(H5N1)	441	C	T	2	1	31	14390	6639	38	0.999792	14393	0	TRUE	NS1:cds-XAJ25420.1	CTC	L	CTT	L	147
NS|PP755593.1|A/cattle/Texas/24-008749-003/2024(H5N1)	489	G	A	9	6	37	14106	7318	39	0.999221	14117	0	TRUE	NS1:cds-XAJ25420.1	TTG	L	TTA	L	163
NS|PP755593.1|A/cattle/Texas/24-008749-003/2024(H5N1)	689	T	C	10106	7694	41	343	274	40	0.032823	10450	4.33453e-114	TRUE	NEP:cds-XAJ25421.1	TTT	F	CTT	L	63
NS|PP755593.1|A/cattle/Texas/24-008749-003/2024(H5N1)	689	T	C	10106	7694	41	343	274	40	0.032823	10450	4.33453e-114	TRUE	NS1:cds-XAJ25420.1	GTT	V	GCT	A	230
