REGION	POS	REF	ALT	REF_DP	REF_RV	REF_QUAL	ALT_DP	ALT_RV	ALT_QUAL	ALT_FREQ	TOTAL_DP	PVAL	PASS	GFF_FEATURE	REF_CODON	REF_AA	ALT_CODON	ALT_AA	POS_AA
NP|PP755592.1|A/cattle/Texas/24-008749-003/2024(H5N1)	225	G	A	7072	3204	33	753	324	31	0.09623	7825	4.10085e-227	TRUE	NP:cds-XAJ25419.1	AGG	R	AGA	R	75
NP|PP755592.1|A/cattle/Texas/24-008749-003/2024(H5N1)	355	A	G	0	0	0	7624	3804	33	0.999869	7625	0	TRUE	NP:cds-XAJ25419.1	ATT	I	GTT	V	119
NP|PP755592.1|A/cattle/Texas/24-008749-003/2024(H5N1)	498	G	A	1	0	34	7414	3387	33	0.99973	7416	0	TRUE	NP:cds-XAJ25419.1	CTG	L	CTA	L	166
NP|PP755592.1|A/cattle/Texas/24-008749-003/2024(H5N1)	729	G	A	6316	3505	33	1159	683	32	0.15505	7475	0	TRUE	NP:cds-XAJ25419.1	AGG	R	AGA	R	243
NP|PP755592.1|A/cattle/Texas/24-008749-003/2024(H5N1)	870	C	T	0	0	0	7290	3425	33	1	7290	0	TRUE	NP:cds-XAJ25419.1	GAC	D	GAT	D	290
NP|PP755592.1|A/cattle/Texas/24-008749-003/2024(H5N1)	1014	T	C	0	0	0	7822	4136	33	1	7822	0	TRUE	NP:cds-XAJ25419.1	TTT	F	TTC	F	338
NP|PP755592.1|A/cattle/Texas/24-008749-003/2024(H5N1)	1092	G	A	2	2	34	8341	4031	33	0.99964	8344	0	TRUE	NP:cds-XAJ25419.1	CAG	Q	CAA	Q	364
NP|PP755592.1|A/cattle/Texas/24-008749-003/2024(H5N1)	1494	T	C	53	51	32	1	1	33	0.0185185	54	0.177049	FALSE	NP:cds-XAJ25419.1	AAT	N	AAC	N	498
