REGION	POS	REF	ALT	REF_DP	REF_RV	REF_QUAL	ALT_DP	ALT_RV	ALT_QUAL	ALT_FREQ	TOTAL_DP	PVAL	PASS	GFF_FEATURE	REF_CODON	REF_AA	ALT_CODON	ALT_AA	POS_AA
MP|PP755590.1|A/cattle/Texas/24-008749-003/2024(H5N1)	3	G	A	229	37	40	3	3	21	0.012931	232	0.414236	FALSE	M2:cds-XAJ25417.1	ATG	M	ATA	I	1
MP|PP755590.1|A/cattle/Texas/24-008749-003/2024(H5N1)	3	G	A	229	37	40	3	3	21	0.012931	232	0.414236	FALSE	M1:cds-XAJ25416.1	ATG	M	ATA	I	1
MP|PP755590.1|A/cattle/Texas/24-008749-003/2024(H5N1)	47	C	A	3748	378	33	80	0	26	0.0208932	3829	3.10582e-07	TRUE	M1:cds-XAJ25416.1	CCG	P	CAG	Q	16
MP|PP755590.1|A/cattle/Texas/24-008749-003/2024(H5N1)	245	G	A	0	0	0	18317	7679	43	0.999836	18320	0	TRUE	M1:cds-XAJ25416.1	AGT	S	AAT	N	82
MP|PP755590.1|A/cattle/Texas/24-008749-003/2024(H5N1)	673	T	A	22249	8734	42	595	271	41	0.0260155	22871	3.01558e-187	TRUE	M1:cds-XAJ25416.1	TCC	S	ACC	T	225
MP|PP755590.1|A/cattle/Texas/24-008749-003/2024(H5N1)	699	C	A	12933	6730	35	383	1	25	0.0287581	13318	6.86704e-37	TRUE	M1:cds-XAJ25416.1	CTC	L	CTA	L	233
MP|PP755590.1|A/cattle/Texas/24-008749-003/2024(H5N1)	766	C	A	16289	10344	40	286	2	27	0.0172507	16579	5.89021e-10	TRUE	M2:cds-XAJ25417.1	CTC	L	CTA	L	18
MP|PP755590.1|A/cattle/Texas/24-008749-003/2024(H5N1)	790	G	A	8	7	35	18323	12136	44	0.999564	18331	0	TRUE	M2:cds-XAJ25417.1	GGG	G	GGA	G	26
MP|PP755590.1|A/cattle/Texas/24-008749-003/2024(H5N1)	884	G	T	14980	13779	36	223	223	26	0.0146672	15204	2.936e-05	TRUE	M2:cds-XAJ25417.1	GAA	E	TAA	*	57
MP|PP755590.1|A/cattle/Texas/24-008749-003/2024(H5N1)	908	G	T	12057	11371	35	183	183	26	0.014951	12240	9.29229e-05	TRUE	M2:cds-XAJ25417.1	GAA	E	TAA	*	65
MP|PP755590.1|A/cattle/Texas/24-008749-003/2024(H5N1)	933	G	A	3	3	34	11891	11441	41	0.999748	11894	0	TRUE	M2:cds-XAJ25417.1	AGT	S	AAT	N	73
