REGION	POS	REF	ALT	REF_DP	REF_RV	REF_QUAL	ALT_DP	ALT_RV	ALT_QUAL	ALT_FREQ	TOTAL_DP	PVAL	PASS	GFF_FEATURE	REF_CODON	REF_AA	ALT_CODON	ALT_AA	POS_AA
NA|PP755591.1|A/cattle/Texas/24-008749-003/2024(H5N1)	300	C	T	359	151	33	21	5	33	0.0552632	380	2.71781e-07	TRUE	NA:cds-XAJ25418.1	TAC	Y	TAT	Y	100
NA|PP755591.1|A/cattle/Texas/24-008749-003/2024(H5N1)	571	T	C	0	0	0	495	209	33	1	495	2.25866e-303	TRUE	NA:cds-XAJ25418.1	TTG	L	CTG	L	191
NA|PP755591.1|A/cattle/Texas/24-008749-003/2024(H5N1)	906	G	A	533	181	33	724	210	33	0.575975	1257	1.91188e-289	TRUE	NA:cds-XAJ25418.1	CCG	P	CCA	P	302
NA|PP755591.1|A/cattle/Texas/24-008749-003/2024(H5N1)	912	A	G	545	153	33	724	187	33	0.570528	1269	2.67812e-288	TRUE	NA:cds-XAJ25418.1	GTA	V	GTG	V	304
NA|PP755591.1|A/cattle/Texas/24-008749-003/2024(H5N1)	1134	T	C	1657	882	33	350	145	33	0.17439	2007	5.89527e-112	TRUE	NA:cds-XAJ25418.1	AAT	N	AAC	N	378
NA|PP755591.1|A/cattle/Texas/24-008749-003/2024(H5N1)	1185	A	G	1	1	20	1687	948	33	0.999408	1688	0	TRUE	NA:cds-XAJ25418.1	GAA	E	GAG	E	395
NA|PP755591.1|A/cattle/Texas/24-008749-003/2024(H5N1)	1289	G	C	951	540	32	12	12	26	0.0124611	963	0.30569	FALSE	NA:cds-XAJ25418.1	AGG	R	ACG	T	430
NA|PP755591.1|A/cattle/Texas/24-008749-003/2024(H5N1)	1362	T	C	951	833	32	23	21	33	0.0235897	975	4.78183e-07	TRUE	NA:cds-XAJ25418.1	GGT	G	GGC	G	454
