REGION	POS	REF	ALT	REF_DP	REF_RV	REF_QUAL	ALT_DP	ALT_RV	ALT_QUAL	ALT_FREQ	TOTAL_DP	PVAL	PASS	GFF_FEATURE	REF_CODON	REF_AA	ALT_CODON	ALT_AA	POS_AA
HA|PP755589.1|A/cattle/Texas/24-008749-003/2024(H5N1)	12	A	G	457	31	36	6	1	35	0.012959	463	0.00079055	TRUE	HA:cds-XAJ25415.1	ATA	I	ATG	M	4
HA|PP755589.1|A/cattle/Texas/24-008749-003/2024(H5N1)	651	G	A	20	5	43	2777	1238	38	0.992849	2797	0	TRUE	HA:cds-XAJ25415.1	GGG	G	GGA	G	217
HA|PP755589.1|A/cattle/Texas/24-008749-003/2024(H5N1)	1428	G	A	6769	3309	38	165	61	37	0.0237924	6935	8.74756e-46	TRUE	HA:cds-XAJ25415.1	AAG	K	AAA	K	476
