REGION	POS	REF	ALT	REF_DP	REF_RV	REF_QUAL	ALT_DP	ALT_RV	ALT_QUAL	ALT_FREQ	TOTAL_DP	PVAL	PASS	GFF_FEATURE	REF_CODON	REF_AA	ALT_CODON	ALT_AA	POS_AA
NA|PP755591.1|A/cattle/Texas/24-008749-003/2024(H5N1)	55	A	G	0	0	0	921	139	38	1	921	0	TRUE	NA:cds-XAJ25418.1	ATA	I	GTA	V	19
NA|PP755591.1|A/cattle/Texas/24-008749-003/2024(H5N1)	214	A	G	64	21	44	2042	990	40	0.969611	2106	0	TRUE	NA:cds-XAJ25418.1	ACC	T	GCC	A	72
NA|PP755591.1|A/cattle/Texas/24-008749-003/2024(H5N1)	332	A	G	2	2	27	2120	961	39	0.999057	2122	0	TRUE	NA:cds-XAJ25418.1	AAG	K	AGG	R	111
NA|PP755591.1|A/cattle/Texas/24-008749-003/2024(H5N1)	372	C	T	2088	1029	40	150	82	38	0.0670241	2238	4.40529e-51	TRUE	NA:cds-XAJ25418.1	TGC	C	TGT	C	124
NA|PP755591.1|A/cattle/Texas/24-008749-003/2024(H5N1)	392	C	A	2108	1030	39	95	56	36	0.043123	2203	4.60179e-31	TRUE	NA:cds-XAJ25418.1	ACC	T	AAC	N	131
NA|PP755591.1|A/cattle/Texas/24-008749-003/2024(H5N1)	571	T	C	0	0	0	2001	951	38	1	2001	0	TRUE	NA:cds-XAJ25418.1	TTG	L	CTG	L	191
NA|PP755591.1|A/cattle/Texas/24-008749-003/2024(H5N1)	810	T	C	12	9	36	1917	1213	38	0.993264	1930	0	TRUE	NA:cds-XAJ25418.1	AAT	N	AAC	N	270
NA|PP755591.1|A/cattle/Texas/24-008749-003/2024(H5N1)	1086	A	G	2704	1170	40	157	76	40	0.0548759	2861	1.49546e-58	TRUE	NA:cds-XAJ25418.1	ACA	T	ACG	T	362
NA|PP755591.1|A/cattle/Texas/24-008749-003/2024(H5N1)	1185	A	G	0	0	0	2664	1502	37	1	2664	0	TRUE	NA:cds-XAJ25418.1	GAA	E	GAG	E	395
NA|PP755591.1|A/cattle/Texas/24-008749-003/2024(H5N1)	1289	G	C	1718	902	40	34	34	28	0.0193953	1753	0.00312049	TRUE	NA:cds-XAJ25418.1	AGG	R	ACG	T	430
NA|PP755591.1|A/cattle/Texas/24-008749-003/2024(H5N1)	1290	G	C	1741	991	41	18	18	27	0.0102273	1760	0.516631	FALSE	NA:cds-XAJ25418.1	AGG	R	AGC	S	430
NA|PP755591.1|A/cattle/Texas/24-008749-003/2024(H5N1)	1295	A	G	2530	1964	47	26	25	37	0.0101682	2557	5.73804e-08	TRUE	NA:cds-XAJ25418.1	AAA	K	AGA	R	432
