REGION	POS	REF	ALT	REF_DP	REF_RV	REF_QUAL	ALT_DP	ALT_RV	ALT_QUAL	ALT_FREQ	TOTAL_DP	PVAL	PASS	GFF_FEATURE	REF_CODON	REF_AA	ALT_CODON	ALT_AA	POS_AA
NS|PP755593.1|A/cattle/Texas/24-008749-003/2024(H5N1)	20	T	C	0	0	0	2503	330	42	1	2503	0	TRUE	NEP:cds-XAJ25421.1	TTA	L	TCA	S	7
NS|PP755593.1|A/cattle/Texas/24-008749-003/2024(H5N1)	20	T	C	0	0	0	2503	330	42	1	2503	0	TRUE	NS1:cds-XAJ25420.1	TTA	L	TCA	S	7
NS|PP755593.1|A/cattle/Texas/24-008749-003/2024(H5N1)	139	G	A	6166	1805	53	148	34	50	0.02344	6314	1.21276e-67	TRUE	NS1:cds-XAJ25420.1	GGC	G	AGC	S	47
NS|PP755593.1|A/cattle/Texas/24-008749-003/2024(H5N1)	183	G	A	4	0	42	7367	2263	53	0.999322	7372	0	TRUE	NS1:cds-XAJ25420.1	GGG	G	GGA	G	61
NS|PP755593.1|A/cattle/Texas/24-008749-003/2024(H5N1)	222	T	C	3	0	76	8306	3094	55	0.999398	8311	0	TRUE	NS1:cds-XAJ25420.1	GAT	D	GAC	D	74
NS|PP755593.1|A/cattle/Texas/24-008749-003/2024(H5N1)	375	T	C	4	3	41	9142	4541	50	0.998035	9160	0	TRUE	NS1:cds-XAJ25420.1	GAT	D	GAC	D	125
