REGION	POS	REF	ALT	REF_DP	REF_RV	REF_QUAL	ALT_DP	ALT_RV	ALT_QUAL	ALT_FREQ	TOTAL_DP	PVAL	PASS	GFF_FEATURE	REF_CODON	REF_AA	ALT_CODON	ALT_AA	POS_AA
NP|PP755592.1|A/cattle/Texas/24-008749-003/2024(H5N1)	223	A	C	8072	3988	38	138	49	38	0.0167822	8223	3.88546e-37	TRUE	NP:cds-XAJ25419.1	AGG	R	CGG	R	75
NP|PP755592.1|A/cattle/Texas/24-008749-003/2024(H5N1)	240	G	A	7325	3487	39	1178	481	37	0.138507	8505	0	TRUE	NP:cds-XAJ25419.1	GAG	E	GAA	E	80
NP|PP755592.1|A/cattle/Texas/24-008749-003/2024(H5N1)	333	C	T	7627	3886	39	208	139	35	0.0265442	7836	5.32208e-61	TRUE	NP:cds-XAJ25419.1	TAC	Y	TAT	Y	111
NP|PP755592.1|A/cattle/Texas/24-008749-003/2024(H5N1)	355	A	G	1	0	34	7612	3932	39	0.999606	7615	0	TRUE	NP:cds-XAJ25419.1	ATT	I	GTT	V	119
NP|PP755592.1|A/cattle/Texas/24-008749-003/2024(H5N1)	498	G	A	1	1	34	7662	3489	37	0.999348	7667	0	TRUE	NP:cds-XAJ25419.1	CTG	L	CTA	L	166
NP|PP755592.1|A/cattle/Texas/24-008749-003/2024(H5N1)	528	C	A	7371	2493	38	203	107	37	0.0267987	7575	1.14798e-59	TRUE	NP:cds-XAJ25419.1	TCC	S	TCA	S	176
NP|PP755592.1|A/cattle/Texas/24-008749-003/2024(H5N1)	684	A	G	7203	4126	38	150	94	37	0.0203943	7355	5.20792e-42	TRUE	NP:cds-XAJ25419.1	GGA	G	GGG	G	228
NP|PP755592.1|A/cattle/Texas/24-008749-003/2024(H5N1)	870	C	T	0	0	0	7523	3877	38	0.999734	7525	0	TRUE	NP:cds-XAJ25419.1	GAC	D	GAT	D	290
NP|PP755592.1|A/cattle/Texas/24-008749-003/2024(H5N1)	888	C	T	7109	3158	38	1794	719	36	0.201482	8904	0	TRUE	NP:cds-XAJ25419.1	TAC	Y	TAT	Y	296
NP|PP755592.1|A/cattle/Texas/24-008749-003/2024(H5N1)	991	A	G	8730	4285	40	150	77	40	0.0168862	8883	6.13448e-53	TRUE	NP:cds-XAJ25419.1	ATG	M	GTG	V	331
NP|PP755592.1|A/cattle/Texas/24-008749-003/2024(H5N1)	1014	T	C	1	1	34	8448	4217	40	0.999408	8453	0	TRUE	NP:cds-XAJ25419.1	TTT	F	TTC	F	338
NP|PP755592.1|A/cattle/Texas/24-008749-003/2024(H5N1)	1044	A	G	7963	4293	38	117	65	38	0.0144748	8083	6.28304e-30	TRUE	NP:cds-XAJ25419.1	AGA	R	AGG	R	348
NP|PP755592.1|A/cattle/Texas/24-008749-003/2024(H5N1)	1068	A	G	8436	4208	39	223	128	34	0.0257387	8664	8.20523e-65	TRUE	NP:cds-XAJ25419.1	GGA	G	GGG	G	356
NP|PP755592.1|A/cattle/Texas/24-008749-003/2024(H5N1)	1092	G	A	1	1	26	8576	4213	39	0.999883	8577	0	TRUE	NP:cds-XAJ25419.1	CAG	Q	CAA	Q	364
NP|PP755592.1|A/cattle/Texas/24-008749-003/2024(H5N1)	1221	C	T	9056	4658	38	171	107	37	0.0185306	9228	9.73287e-46	TRUE	NP:cds-XAJ25419.1	AGC	S	AGT	S	407
NP|PP755592.1|A/cattle/Texas/24-008749-003/2024(H5N1)	1314	A	G	8257	4294	40	223	145	38	0.0262879	8483	3.81651e-67	TRUE	NP:cds-XAJ25419.1	TCA	S	TCG	S	438
