REGION	POS	REF	ALT	REF_DP	REF_RV	REF_QUAL	ALT_DP	ALT_RV	ALT_QUAL	ALT_FREQ	TOTAL_DP	PVAL	PASS	GFF_FEATURE	REF_CODON	REF_AA	ALT_CODON	ALT_AA	POS_AA
NS|PP755593.1|A/cattle/Texas/24-008749-003/2024(H5N1)	64	T	G	1032	202	33	3208	961	33	0.756604	4240	0	TRUE	NS1:cds-XAJ25420.1	TTT	F	GTT	V	22
NS|PP755593.1|A/cattle/Texas/24-008749-003/2024(H5N1)	199	A	G	2	1	30	8186	3716	33	0.999512	8190	0	TRUE	NS1:cds-XAJ25420.1	AGG	R	GGG	G	67
NS|PP755593.1|A/cattle/Texas/24-008749-003/2024(H5N1)	222	T	C	0	0	0	8325	4416	33	0.99976	8327	0	TRUE	NS1:cds-XAJ25420.1	GAT	D	GAC	D	74
NS|PP755593.1|A/cattle/Texas/24-008749-003/2024(H5N1)	225	G	A	6701	3495	33	1644	936	33	0.197004	8345	0	TRUE	NS1:cds-XAJ25420.1	GAG	E	GAA	E	75
NS|PP755593.1|A/cattle/Texas/24-008749-003/2024(H5N1)	299	G	A	8875	4861	33	120	51	33	0.0133363	8998	9.36031e-27	TRUE	NS1:cds-XAJ25420.1	AGA	R	AAA	K	100
