REGION	POS	REF	ALT	REF_DP	REF_RV	REF_QUAL	ALT_DP	ALT_RV	ALT_QUAL	ALT_FREQ	TOTAL_DP	PVAL	PASS	GFF_FEATURE	REF_CODON	REF_AA	ALT_CODON	ALT_AA	POS_AA
NP|PP755592.1|A/cattle/Texas/24-008749-003/2024(H5N1)	144	A	C	11701	9939	33	151	0	29	0.0127254	11866	0.0171437	FALSE	NP:cds-XAJ25419.1	AAA	K	AAC	N	48
NP|PP755592.1|A/cattle/Texas/24-008749-003/2024(H5N1)	194	G	A	42	37	33	1	1	34	0.0232558	43	0.477778	FALSE	NP:cds-XAJ25419.1	AGG	R	AAG	K	65
NP|PP755592.1|A/cattle/Texas/24-008749-003/2024(H5N1)	241	G	T	19	2	33	1	0	34	0.05	20	0.512821	FALSE	NP:cds-XAJ25419.1	GAA	E	TAA	*	81
NP|PP755592.1|A/cattle/Texas/24-008749-003/2024(H5N1)	344	A	-G	15	9	34	3	0	20	0.2	15	0.164516	FALSE	NA	NA	NA	NA	NA	NA
NP|PP755592.1|A/cattle/Texas/24-008749-003/2024(H5N1)	762	A	G	0	0	0	63	0	33	1	63	5.80404e-39	TRUE	NP:cds-XAJ25419.1	GAA	E	GAG	E	254
NP|PP755592.1|A/cattle/Texas/24-008749-003/2024(H5N1)	791	T	A	690	621	32	9	9	27	0.0128755	699	0.341442	FALSE	NP:cds-XAJ25419.1	CTC	L	CAC	H	264
NP|PP755592.1|A/cattle/Texas/24-008749-003/2024(H5N1)	956	A	C	71	52	33	2	1	30	0.0273973	73	0.238346	FALSE	NP:cds-XAJ25419.1	AAT	N	ACT	T	319
NP|PP755592.1|A/cattle/Texas/24-008749-003/2024(H5N1)	1394	A	T	6	6	32	1	1	34	0.142857	7	0.5	FALSE	NP:cds-XAJ25419.1	GAG	E	GTG	V	465
