REGION	POS	REF	ALT	REF_DP	REF_RV	REF_QUAL	ALT_DP	ALT_RV	ALT_QUAL	ALT_FREQ	TOTAL_DP	PVAL	PASS	GFF_FEATURE	REF_CODON	REF_AA	ALT_CODON	ALT_AA	POS_AA
NA|PP755591.1|A/cattle/Texas/24-008749-003/2024(H5N1)	414	T	C	2721	1302	35	48	26	36	0.0173035	2774	2.13386e-13	TRUE	NA:cds-XAJ25418.1	GCT	A	GCC	A	138
NA|PP755591.1|A/cattle/Texas/24-008749-003/2024(H5N1)	571	T	C	1	1	34	2612	1195	35	0.999617	2613	0	TRUE	NA:cds-XAJ25418.1	TTG	L	CTG	L	191
NA|PP755591.1|A/cattle/Texas/24-008749-003/2024(H5N1)	618	G	A	0	0	0	2562	1407	34	0.997664	2568	0	TRUE	NA:cds-XAJ25418.1	TTG	L	TTA	L	206
NA|PP755591.1|A/cattle/Texas/24-008749-003/2024(H5N1)	855	G	T	0	0	0	2480	1316	35	0.997586	2486	0	TRUE	NA:cds-XAJ25418.1	GCG	A	GCT	A	285
NA|PP755591.1|A/cattle/Texas/24-008749-003/2024(H5N1)	1185	A	G	5	3	39	2606	1702	35	0.997703	2612	0	TRUE	NA:cds-XAJ25418.1	GAA	E	GAG	E	395
NA|PP755591.1|A/cattle/Texas/24-008749-003/2024(H5N1)	1191	T	A	2699	1799	36	43	24	35	0.0156763	2743	8.02544e-12	TRUE	NA:cds-XAJ25418.1	ACT	T	ACA	T	397
NA|PP755591.1|A/cattle/Texas/24-008749-003/2024(H5N1)	1289	G	C	1532	1117	36	42	42	28	0.0266836	1574	1.24249e-05	TRUE	NA:cds-XAJ25418.1	AGG	R	ACG	T	430
NA|PP755591.1|A/cattle/Texas/24-008749-003/2024(H5N1)	1379	G	A	1412	1338	36	15	15	33	0.0105116	1427	0.000101463	TRUE	NA:cds-XAJ25418.1	GGT	G	GAT	D	460
