REGION	POS	REF	ALT	REF_DP	REF_RV	REF_QUAL	ALT_DP	ALT_RV	ALT_QUAL	ALT_FREQ	TOTAL_DP	PVAL	PASS	GFF_FEATURE	REF_CODON	REF_AA	ALT_CODON	ALT_AA	POS_AA
NA|PP755591.1|A/cattle/Texas/24-008749-003/2024(H5N1)	216	C	T	8772	4391	33	2566	1370	33	0.226259	11341	0	TRUE	NA:cds-XAJ25418.1	ACC	T	ACT	T	72
NA|PP755591.1|A/cattle/Texas/24-008749-003/2024(H5N1)	571	T	C	2	1	30	9208	4359	33	0.999783	9210	0	TRUE	NA:cds-XAJ25418.1	TTG	L	CTG	L	191
NA|PP755591.1|A/cattle/Texas/24-008749-003/2024(H5N1)	885	T	C	9441	4241	33	128	57	33	0.0133737	9571	1.08825e-29	TRUE	NA:cds-XAJ25418.1	AAT	N	AAC	N	295
NA|PP755591.1|A/cattle/Texas/24-008749-003/2024(H5N1)	1185	A	G	2	2	34	11337	6197	33	0.999824	11339	0	TRUE	NA:cds-XAJ25418.1	GAA	E	GAG	E	395
NA|PP755591.1|A/cattle/Texas/24-008749-003/2024(H5N1)	1289	G	C	7918	3423	32	113	113	27	0.014067	8033	0.00470042	TRUE	NA:cds-XAJ25418.1	AGG	R	ACG	T	430
