REGION	POS	REF	ALT	REF_DP	REF_RV	REF_QUAL	ALT_DP	ALT_RV	ALT_QUAL	ALT_FREQ	TOTAL_DP	PVAL	PASS	GFF_FEATURE	REF_CODON	REF_AA	ALT_CODON	ALT_AA	POS_AA
MP|PP755590.1|A/cattle/Texas/24-008749-003/2024(H5N1)	48	G	A	1869	223	33	55	5	33	0.0285863	1924	2.5456e-25	TRUE	M1:cds-XAJ25416.1	CCG	P	CCA	P	16
MP|PP755590.1|A/cattle/Texas/24-008749-003/2024(H5N1)	245	G	A	0	0	0	7018	2854	33	1	7018	0	TRUE	M1:cds-XAJ25416.1	AGT	S	AAT	N	82
MP|PP755590.1|A/cattle/Texas/24-008749-003/2024(H5N1)	426	G	A	7438	4172	33	730	321	33	0.0893732	8168	9.08576e-214	TRUE	M1:cds-XAJ25416.1	GTG	V	GTA	V	142
MP|PP755590.1|A/cattle/Texas/24-008749-003/2024(H5N1)	706	A	G	6696	2679	33	114	49	33	0.0167401	6810	1.10776e-27	TRUE	M1:cds-XAJ25416.1	AAT	N	GAT	D	236
MP|PP755590.1|A/cattle/Texas/24-008749-003/2024(H5N1)	853	T	A	8256	7314	33	123	116	32	0.0146761	8381	1.9765e-28	TRUE	M2:cds-XAJ25417.1	CTT	L	CTA	L	47
