REGION	POS	REF	ALT	REF_DP	REF_RV	REF_QUAL	ALT_DP	ALT_RV	ALT_QUAL	ALT_FREQ	TOTAL_DP	PVAL	PASS	GFF_FEATURE	REF_CODON	REF_AA	ALT_CODON	ALT_AA	POS_AA
HA|PP755589.1|A/cattle/Texas/24-008749-003/2024(H5N1)	4	G	A	0	0	0	68	9	33	1	68	7.26257e-50	TRUE	HA:cds-XAJ25415.1	GAG	E	AAG	K	2
HA|PP755589.1|A/cattle/Texas/24-008749-003/2024(H5N1)	175	G	A	5509	2618	33	281	108	33	0.0485236	5791	2.22543e-79	TRUE	HA:cds-XAJ25415.1	GAC	D	AAC	N	59
HA|PP755589.1|A/cattle/Texas/24-008749-003/2024(H5N1)	311	A	G	6	2	34	5761	2485	33	0.99896	5767	0	TRUE	HA:cds-XAJ25415.1	GAC	D	GGC	G	104
HA|PP755589.1|A/cattle/Texas/24-008749-003/2024(H5N1)	339	C	T	2385	919	33	4070	1687	33	0.630519	6455	0	TRUE	HA:cds-XAJ25415.1	GAC	D	GAT	D	113
HA|PP755589.1|A/cattle/Texas/24-008749-003/2024(H5N1)	439	G	A	43	27	33	6663	3524	33	0.993588	6706	0	TRUE	HA:cds-XAJ25415.1	GTG	V	ATG	M	147
HA|PP755589.1|A/cattle/Texas/24-008749-003/2024(H5N1)	651	G	A	7	2	33	6940	3072	33	0.998849	6948	0	TRUE	HA:cds-XAJ25415.1	GGG	G	GGA	G	217
HA|PP755589.1|A/cattle/Texas/24-008749-003/2024(H5N1)	675	G	A	3	2	34	6832	3095	32	0.999561	6835	0	TRUE	HA:cds-XAJ25415.1	TTG	L	TTA	L	225
HA|PP755589.1|A/cattle/Texas/24-008749-003/2024(H5N1)	822	G	A	7408	4254	33	279	153	33	0.036295	7687	1.20155e-75	TRUE	HA:cds-XAJ25415.1	AAG	K	AAA	K	274
HA|PP755589.1|A/cattle/Texas/24-008749-003/2024(H5N1)	1007	G	A	0	0	0	7191	3984	33	1	7191	0	TRUE	HA:cds-XAJ25415.1	AGT	S	AAT	N	336
HA|PP755589.1|A/cattle/Texas/24-008749-003/2024(H5N1)	1018	G	A	6400	3567	33	495	250	33	0.0717912	6895	3.00771e-145	TRUE	HA:cds-XAJ25415.1	GAA	E	AAA	K	340
HA|PP755589.1|A/cattle/Texas/24-008749-003/2024(H5N1)	1173	T	C	1	0	34	13354	3943	33	0.99985	13356	0	TRUE	HA:cds-XAJ25415.1	GAT	D	GAC	D	391
HA|PP755589.1|A/cattle/Texas/24-008749-003/2024(H5N1)	1269	G	A	11743	4254	33	3826	1391	33	0.245729	15570	0	TRUE	HA:cds-XAJ25415.1	GAG	E	GAA	E	423
HA|PP755589.1|A/cattle/Texas/24-008749-003/2024(H5N1)	1583	C	T	6244	4276	33	8070	5343	32	0.563744	14315	0	TRUE	HA:cds-XAJ25415.1	ACT	T	ATT	I	528
