REGION	POS	REF	ALT	REF_DP	REF_RV	REF_QUAL	ALT_DP	ALT_RV	ALT_QUAL	ALT_FREQ	TOTAL_DP	PVAL	PASS	GFF_FEATURE	REF_CODON	REF_AA	ALT_CODON	ALT_AA	POS_AA
MP|PP755590.1|A/cattle/Texas/24-008749-003/2024(H5N1)	180	G	A	9342	4002	41	111	28	41	0.0117411	9454	3.86357e-38	TRUE	M1:cds-XAJ25416.1	TTG	L	TTA	L	60
MP|PP755590.1|A/cattle/Texas/24-008749-003/2024(H5N1)	245	G	A	1	0	34	9876	4391	40	0.999696	9879	0	TRUE	M1:cds-XAJ25416.1	AGT	S	AAT	N	82
MP|PP755590.1|A/cattle/Texas/24-008749-003/2024(H5N1)	285	A	C	9955	4893	40	113	47	38	0.0112148	10076	2.75212e-27	TRUE	M1:cds-XAJ25416.1	AGA	R	AGC	S	95
MP|PP755590.1|A/cattle/Texas/24-008749-003/2024(H5N1)	425	T	G	9885	5437	41	102	61	37	0.0102112	9989	6.8444e-24	TRUE	M1:cds-XAJ25416.1	GTG	V	GGG	G	142
MP|PP755590.1|A/cattle/Texas/24-008749-003/2024(H5N1)	453	T	C	9804	4295	39	298	126	39	0.0294933	10104	1.61455e-86	TRUE	M1:cds-XAJ25416.1	TGT	C	TGC	C	151
MP|PP755590.1|A/cattle/Texas/24-008749-003/2024(H5N1)	454	G	T	10150	4517	39	106	39	38	0.0103324	10259	3.08924e-24	TRUE	M1:cds-XAJ25416.1	GAA	E	TAA	*	152
MP|PP755590.1|A/cattle/Texas/24-008749-003/2024(H5N1)	640	C	T	9967	4849	39	118	65	40	0.0116994	10086	4.81815e-39	TRUE	M1:cds-XAJ25416.1	CAG	Q	TAG	*	214
MP|PP755590.1|A/cattle/Texas/24-008749-003/2024(H5N1)	738	G	A	10115	4121	39	137	62	39	0.0133619	10253	1.53403e-33	TRUE	M2:cds-XAJ25417.1	TGC	C	TAC	Y	8
MP|PP755590.1|A/cattle/Texas/24-008749-003/2024(H5N1)	738	G	A	10115	4121	39	137	62	39	0.0133619	10253	1.53403e-33	TRUE	M1:cds-XAJ25416.1	GTG	V	GTA	V	246
MP|PP755590.1|A/cattle/Texas/24-008749-003/2024(H5N1)	773	G	A	9782	4557	42	174	98	41	0.0174751	9957	1.02838e-61	TRUE	M2:cds-XAJ25417.1	GCC	A	ACC	T	20
MP|PP755590.1|A/cattle/Texas/24-008749-003/2024(H5N1)	843	A	G	9505	7417	41	121	94	40	0.0125688	9627	1.19968e-41	TRUE	M2:cds-XAJ25417.1	TAT	Y	TGT	C	43
