REGION	POS	REF	ALT	REF_DP	REF_RV	REF_QUAL	ALT_DP	ALT_RV	ALT_QUAL	ALT_FREQ	TOTAL_DP	PVAL	PASS	GFF_FEATURE	REF_CODON	REF_AA	ALT_CODON	ALT_AA	POS_AA
PA|PP755594.1|A/cattle/Texas/24-008749-003/2024(H5N1)	6	A	T	113	7	36	3	0	34	0.0258621	116	0.00217691	TRUE	PA:cds-XAJ25422.1	GAA	E	GAT	D	2
PA|PP755594.1|A/cattle/Texas/24-008749-003/2024(H5N1)	6	A	T	113	7	36	3	0	34	0.0258621	116	0.00217691	TRUE	PA-X:cds-XAJ25423.1	GAA	E	GAT	D	2
PA|PP755594.1|A/cattle/Texas/24-008749-003/2024(H5N1)	144	T	C	0	0	0	1706	587	38	1	1706	0	TRUE	PA:cds-XAJ25422.1	TAT	Y	TAC	Y	48
PA|PP755594.1|A/cattle/Texas/24-008749-003/2024(H5N1)	144	T	C	0	0	0	1706	587	38	1	1706	0	TRUE	PA-X:cds-XAJ25423.1	TAT	Y	TAC	Y	48
PA|PP755594.1|A/cattle/Texas/24-008749-003/2024(H5N1)	202	C	T	1	1	34	1919	978	37	0.999479	1920	0	TRUE	PA:cds-XAJ25422.1	CCA	P	TCA	S	68
PA|PP755594.1|A/cattle/Texas/24-008749-003/2024(H5N1)	202	C	T	1	1	34	1919	978	37	0.999479	1920	0	TRUE	PA-X:cds-XAJ25423.1	CCA	P	TCA	S	68
PA|PP755594.1|A/cattle/Texas/24-008749-003/2024(H5N1)	708	C	T	2436	1358	35	345	250	34	0.124056	2781	1.16163e-109	TRUE	PA:cds-XAJ25422.1	TTC	F	TTT	F	236
PA|PP755594.1|A/cattle/Texas/24-008749-003/2024(H5N1)	708	C	T	2436	1358	35	345	250	34	0.124056	2781	1.16163e-109	TRUE	PA-X:cds-XAJ25423.1	TCG	S	TTG	L	46
PA|PP755594.1|A/cattle/Texas/24-008749-003/2024(H5N1)	981	G	A	0	0	0	2849	952	35	1	2849	0	TRUE	PA:cds-XAJ25422.1	GAG	E	GAA	E	327
PA|PP755594.1|A/cattle/Texas/24-008749-003/2024(H5N1)	1294	G	A	0	0	0	3478	1848	36	1	3478	0	TRUE	PA:cds-XAJ25422.1	GTT	V	ATT	I	432
PA|PP755594.1|A/cattle/Texas/24-008749-003/2024(H5N1)	1687	C	T	2	1	26	3451	1387	35	0.999421	3453	0	TRUE	PA:cds-XAJ25422.1	CTG	L	TTG	L	563
PA|PP755594.1|A/cattle/Texas/24-008749-003/2024(H5N1)	1840	A	G	2742	1715	35	269	171	35	0.0893391	3011	2.97855e-83	TRUE	PA:cds-XAJ25422.1	AAC	N	GAC	D	614
PA|PP755594.1|A/cattle/Texas/24-008749-003/2024(H5N1)	1963	C	T	0	0	0	2501	1659	35	1	2501	0	TRUE	PA:cds-XAJ25422.1	CTC	L	TTC	F	655
