REGION	POS	REF	ALT	REF_DP	REF_RV	REF_QUAL	ALT_DP	ALT_RV	ALT_QUAL	ALT_FREQ	TOTAL_DP	PVAL	PASS	GFF_FEATURE	REF_CODON	REF_AA	ALT_CODON	ALT_AA	POS_AA
NS|PP755593.1|A/cattle/Texas/24-008749-003/2024(H5N1)	105	G	A	20547	2834	38	1515	202	38	0.0686701	22062	0	TRUE	NS1:cds-XAJ25420.1	CGG	R	CGA	R	35
NS|PP755593.1|A/cattle/Texas/24-008749-003/2024(H5N1)	193	G	A	9	4	41	29088	13521	37	0.999519	29102	0	TRUE	NS1:cds-XAJ25420.1	GTG	V	ATG	M	65
NS|PP755593.1|A/cattle/Texas/24-008749-003/2024(H5N1)	199	A	G	4	0	30	28977	13213	37	0.999862	28981	0	TRUE	NS1:cds-XAJ25420.1	AGG	R	GGG	G	67
NS|PP755593.1|A/cattle/Texas/24-008749-003/2024(H5N1)	214	G	A	0	0	0	31230	16224	39	0.999936	31232	0	TRUE	NS1:cds-XAJ25420.1	GAA	E	AAA	K	72
NS|PP755593.1|A/cattle/Texas/24-008749-003/2024(H5N1)	222	T	C	10	3	37	30938	16923	39	0.999677	30948	0	TRUE	NS1:cds-XAJ25420.1	GAT	D	GAC	D	74
NS|PP755593.1|A/cattle/Texas/24-008749-003/2024(H5N1)	330	A	G	27905	15142	37	3096	1688	37	0.0998613	31003	0	TRUE	NS1:cds-XAJ25420.1	AAA	K	AAG	K	110
NS|PP755593.1|A/cattle/Texas/24-008749-003/2024(H5N1)	573	A	G	29681	13091	38	766	482	37	0.0251576	30448	2.34216e-208	TRUE	NEP:cds-XAJ25421.1	CAG	Q	CGG	R	24
NS|PP755593.1|A/cattle/Texas/24-008749-003/2024(H5N1)	573	A	G	29681	13091	38	766	482	37	0.0251576	30448	2.34216e-208	TRUE	NS1:cds-XAJ25420.1	ACA	T	ACG	T	191
NS|PP755593.1|A/cattle/Texas/24-008749-003/2024(H5N1)	618	T	C	28234	15444	37	650	359	37	0.0224984	28891	2.46939e-172	TRUE	NEP:cds-XAJ25421.1	GTA	V	GCA	A	39
NS|PP755593.1|A/cattle/Texas/24-008749-003/2024(H5N1)	618	T	C	28234	15444	37	650	359	37	0.0224984	28891	2.46939e-172	TRUE	NS1:cds-XAJ25420.1	AGT	S	AGC	S	206
