REGION	POS	REF	ALT	REF_DP	REF_RV	REF_QUAL	ALT_DP	ALT_RV	ALT_QUAL	ALT_FREQ	TOTAL_DP	PVAL	PASS	GFF_FEATURE	REF_CODON	REF_AA	ALT_CODON	ALT_AA	POS_AA
NA|PP755591.1|A/cattle/Texas/24-008749-003/2024(H5N1)	33	A	G	418	70	33	6	1	32	0.0141509	424	0.000865	TRUE	NA:cds-XAJ25418.1	GGA	G	GGG	G	11
NA|PP755591.1|A/cattle/Texas/24-008749-003/2024(H5N1)	306	G	A	2155	968	33	29	18	32	0.0132723	2185	1.35784e-07	TRUE	NA:cds-XAJ25418.1	AAG	K	AAA	K	102
NA|PP755591.1|A/cattle/Texas/24-008749-003/2024(H5N1)	571	T	C	0	0	0	2254	1083	33	1	2254	0	TRUE	NA:cds-XAJ25418.1	TTG	L	CTG	L	191
NA|PP755591.1|A/cattle/Texas/24-008749-003/2024(H5N1)	585	T	C	2318	1141	33	87	31	33	0.0361746	2405	1.41425e-24	TRUE	NA:cds-XAJ25418.1	ATT	I	ATC	I	195
NA|PP755591.1|A/cattle/Texas/24-008749-003/2024(H5N1)	1185	A	G	2	1	34	1910	1152	33	0.998954	1912	0	TRUE	NA:cds-XAJ25418.1	GAA	E	GAG	E	395
NA|PP755591.1|A/cattle/Texas/24-008749-003/2024(H5N1)	1289	G	C	1243	740	32	25	25	28	0.0197161	1268	0.015283	FALSE	NA:cds-XAJ25418.1	AGG	R	ACG	T	430
