REGION	POS	REF	ALT	REF_DP	REF_RV	REF_QUAL	ALT_DP	ALT_RV	ALT_QUAL	ALT_FREQ	TOTAL_DP	PVAL	PASS	GFF_FEATURE	REF_CODON	REF_AA	ALT_CODON	ALT_AA	POS_AA
NA|PP755591.1|A/cattle/Texas/24-008749-003/2024(H5N1)	122	G	A	1	1	34	1596	752	32	0.999374	1597	0	TRUE	NA:cds-XAJ25418.1	GGG	G	GAG	E	41
NA|PP755591.1|A/cattle/Texas/24-008749-003/2024(H5N1)	272	T	G	2151	662	32	132	132	23	0.0578187	2283	4.19899e-25	TRUE	NA:cds-XAJ25418.1	CTT	L	CGT	R	91
NA|PP755591.1|A/cattle/Texas/24-008749-003/2024(H5N1)	399	C	T	2789	1384	32	37	19	32	0.0130835	2828	8.02525e-10	TRUE	NA:cds-XAJ25418.1	TTC	F	TTT	F	133
NA|PP755591.1|A/cattle/Texas/24-008749-003/2024(H5N1)	571	T	C	0	0	0	2698	1310	32	0.999259	2700	0	TRUE	NA:cds-XAJ25418.1	TTG	L	CTG	L	191
NA|PP755591.1|A/cattle/Texas/24-008749-003/2024(H5N1)	657	G	A	2830	1432	32	62	28	32	0.0214385	2892	3.255e-17	TRUE	NA:cds-XAJ25418.1	TGG	W	TGA	*	219
NA|PP755591.1|A/cattle/Texas/24-008749-003/2024(H5N1)	879	G	A	0	0	0	2493	1226	32	0.998798	2496	0	TRUE	NA:cds-XAJ25418.1	AGG	R	AGA	R	293
NA|PP755591.1|A/cattle/Texas/24-008749-003/2024(H5N1)	975	T	C	2504	1237	32	35	15	32	0.0137687	2542	2.40999e-09	TRUE	NA:cds-XAJ25418.1	AAT	N	AAC	N	325
NA|PP755591.1|A/cattle/Texas/24-008749-003/2024(H5N1)	1111	T	C	2758	1386	31	28	14	31	0.0100503	2786	1.94532e-07	TRUE	NA:cds-XAJ25418.1	TTT	F	CTT	L	371
NA|PP755591.1|A/cattle/Texas/24-008749-003/2024(H5N1)	1185	A	G	0	0	0	2601	1429	32	0.999232	2603	0	TRUE	NA:cds-XAJ25418.1	GAA	E	GAG	E	395
NA|PP755591.1|A/cattle/Texas/24-008749-003/2024(H5N1)	1313	C	A	1940	1104	32	132	82	33	0.0637066	2072	1.11866e-38	TRUE	NA:cds-XAJ25418.1	ACT	T	AAT	N	438
NA|PP755591.1|A/cattle/Texas/24-008749-003/2024(H5N1)	1338	T	-G	1728	1030	33	99	0	20	0.0560272	1767	2.361e-15	TRUE	NA	NA	NA	NA	NA	NA
NA|PP755591.1|A/cattle/Texas/24-008749-003/2024(H5N1)	1390	C	T	862	505	33	34	21	32	0.0379041	897	3.3014e-11	TRUE	NA:cds-XAJ25418.1	CCA	P	TCA	S	464
