REGION	POS	REF	ALT	REF_DP	REF_RV	REF_QUAL	ALT_DP	ALT_RV	ALT_QUAL	ALT_FREQ	TOTAL_DP	PVAL	PASS	GFF_FEATURE	REF_CODON	REF_AA	ALT_CODON	ALT_AA	POS_AA
NS|PP755593.1|A/cattle/Texas/24-008749-003/2024(H5N1)	199	A	G	4	2	34	18666	9062	33	0.999786	18670	0	TRUE	NS1:cds-XAJ25420.1	AGG	R	GGG	G	67
NS|PP755593.1|A/cattle/Texas/24-008749-003/2024(H5N1)	222	T	C	79	53	34	19851	10526	33	0.996036	19930	0	TRUE	NS1:cds-XAJ25420.1	GAT	D	GAC	D	74
NS|PP755593.1|A/cattle/Texas/24-008749-003/2024(H5N1)	447	T	C	18641	8393	33	464	184	33	0.0242779	19112	3.25506e-115	TRUE	NS1:cds-XAJ25420.1	GCT	A	GCC	A	149
NS|PP755593.1|A/cattle/Texas/24-008749-003/2024(H5N1)	580	G	A	16025	8054	33	2703	1293	33	0.144314	18730	0	TRUE	NEP:cds-XAJ25421.1	GAG	E	GAA	E	26
NS|PP755593.1|A/cattle/Texas/24-008749-003/2024(H5N1)	580	G	A	16025	8054	33	2703	1293	33	0.144314	18730	0	TRUE	NS1:cds-XAJ25420.1	GTC	V	ATC	I	194
