REGION	POS	REF	ALT	REF_DP	REF_RV	REF_QUAL	ALT_DP	ALT_RV	ALT_QUAL	ALT_FREQ	TOTAL_DP	PVAL	PASS	GFF_FEATURE	REF_CODON	REF_AA	ALT_CODON	ALT_AA	POS_AA
NA|PP755591.1|A/cattle/Texas/24-008749-003/2024(H5N1)	15	A	G	32	6	33	113	21	33	0.77931	145	1.05207e-75	TRUE	NA:cds-XAJ25418.1	CAA	Q	CAG	Q	5
NA|PP755591.1|A/cattle/Texas/24-008749-003/2024(H5N1)	35	C	T	971	253	33	28	6	33	0.028028	999	1.01359e-08	TRUE	NA:cds-XAJ25418.1	TCA	S	TTA	L	12
NA|PP755591.1|A/cattle/Texas/24-008749-003/2024(H5N1)	170	A	G	2585	1488	33	56	32	33	0.021188	2643	1.03393e-15	TRUE	NA:cds-XAJ25418.1	GAG	E	GGG	G	57
NA|PP755591.1|A/cattle/Texas/24-008749-003/2024(H5N1)	199	A	C	2032	1271	33	56	37	33	0.0268071	2089	9.41927e-16	TRUE	NA:cds-XAJ25418.1	ATC	I	CTC	L	67
NA|PP755591.1|A/cattle/Texas/24-008749-003/2024(H5N1)	201	C	T	2022	1203	33	73	61	30	0.0348449	2095	1.38987e-20	TRUE	NA:cds-XAJ25418.1	ATC	I	ATT	I	67
NA|PP755591.1|A/cattle/Texas/24-008749-003/2024(H5N1)	262	A	G	1779	674	33	32	14	33	0.0176698	1811	1.17502e-09	TRUE	NA:cds-XAJ25418.1	AAT	N	GAT	D	88
NA|PP755591.1|A/cattle/Texas/24-008749-003/2024(H5N1)	446	T	A	6705	3066	33	138	74	32	0.0201049	6864	1.17486e-36	TRUE	NA:cds-XAJ25418.1	GTT	V	GAT	D	149
NA|PP755591.1|A/cattle/Texas/24-008749-003/2024(H5N1)	447	T	C	7285	3652	33	99	50	33	0.0134074	7384	3.90402e-23	TRUE	NA:cds-XAJ25418.1	GTT	V	GTC	V	149
NA|PP755591.1|A/cattle/Texas/24-008749-003/2024(H5N1)	457	A	T	7083	3599	33	74	37	33	0.0103078	7179	1.51072e-16	TRUE	NA:cds-XAJ25418.1	AGC	S	TGC	C	153
NA|PP755591.1|A/cattle/Texas/24-008749-003/2024(H5N1)	571	T	C	5	1	32	5090	2104	33	0.998627	5097	0	TRUE	NA:cds-XAJ25418.1	TTG	L	CTG	L	191
NA|PP755591.1|A/cattle/Texas/24-008749-003/2024(H5N1)	786	A	G	7798	3856	33	93	40	33	0.0117811	7894	7.57362e-21	TRUE	NA:cds-XAJ25418.1	AAA	K	AAG	K	262
NA|PP755591.1|A/cattle/Texas/24-008749-003/2024(H5N1)	805	A	G	6732	3363	33	1507	757	33	0.182755	8246	0	TRUE	NA:cds-XAJ25418.1	ATG	M	GTG	V	269
NA|PP755591.1|A/cattle/Texas/24-008749-003/2024(H5N1)	1185	A	G	1	0	34	12258	5344	33	0.999837	12260	0	TRUE	NA:cds-XAJ25418.1	GAA	E	GAG	E	395
