REGION	POS	REF	ALT	REF_DP	REF_RV	REF_QUAL	ALT_DP	ALT_RV	ALT_QUAL	ALT_FREQ	TOTAL_DP	PVAL	PASS	GFF_FEATURE	REF_CODON	REF_AA	ALT_CODON	ALT_AA	POS_AA
PB2|PP755596.1|A/cattle/Texas/24-008749-003/2024(H5N1)	172	G	A	2	2	51	2365	1126	42	0.999155	2367	0	TRUE	PB2:cds-XAJ25426.1	GCA	A	ACA	T	58
PB2|PP755596.1|A/cattle/Texas/24-008749-003/2024(H5N1)	240	G	A	0	0	0	2270	1284	38	1	2270	0	TRUE	PB2:cds-XAJ25426.1	AAG	K	AAA	K	80
PB2|PP755596.1|A/cattle/Texas/24-008749-003/2024(H5N1)	336	A	G	3	0	34	2547	1301	40	0.998824	2550	0	TRUE	PB2:cds-XAJ25426.1	CCA	P	CCG	P	112
PB2|PP755596.1|A/cattle/Texas/24-008749-003/2024(H5N1)	534	G	A	0	0	0	2373	987	40	1	2373	0	TRUE	PB2:cds-XAJ25426.1	ACG	T	ACA	T	178
PB2|PP755596.1|A/cattle/Texas/24-008749-003/2024(H5N1)	630	G	A	0	0	0	2356	1295	38	1	2356	0	TRUE	PB2:cds-XAJ25426.1	GAG	E	GAA	E	210
PB2|PP755596.1|A/cattle/Texas/24-008749-003/2024(H5N1)	764	C	T	1	1	27	2586	1107	38	0.999613	2587	0	TRUE	PB2:cds-XAJ25426.1	GCA	A	GTA	V	255
PB2|PP755596.1|A/cattle/Texas/24-008749-003/2024(H5N1)	807	A	G	4	0	34	2744	1274	40	0.998181	2749	0	TRUE	PB2:cds-XAJ25426.1	AGA	R	AGG	R	269
PB2|PP755596.1|A/cattle/Texas/24-008749-003/2024(H5N1)	813	A	G	1	0	34	2772	1287	41	0.998919	2775	0	TRUE	PB2:cds-XAJ25426.1	ACA	T	ACG	T	271
PB2|PP755596.1|A/cattle/Texas/24-008749-003/2024(H5N1)	912	G	A	0	0	0	2801	1383	39	1	2801	0	TRUE	PB2:cds-XAJ25426.1	GAG	E	GAA	E	304
PB2|PP755596.1|A/cattle/Texas/24-008749-003/2024(H5N1)	1383	C	T	0	0	0	2691	1732	39	1	2691	0	TRUE	PB2:cds-XAJ25426.1	ATC	I	ATT	I	461
PB2|PP755596.1|A/cattle/Texas/24-008749-003/2024(H5N1)	1392	G	A	0	0	0	2763	1878	39	1	2763	0	TRUE	PB2:cds-XAJ25426.1	TTG	L	TTA	L	464
PB2|PP755596.1|A/cattle/Texas/24-008749-003/2024(H5N1)	1461	A	G	0	0	0	2652	1519	36	1	2652	0	TRUE	PB2:cds-XAJ25426.1	GAA	E	GAG	E	487
PB2|PP755596.1|A/cattle/Texas/24-008749-003/2024(H5N1)	1545	C	T	2	0	34	2937	917	40	0.99898	2940	0	TRUE	PB2:cds-XAJ25426.1	CCC	P	CCT	P	515
PB2|PP755596.1|A/cattle/Texas/24-008749-003/2024(H5N1)	1896	A	G	1	0	34	2815	1331	41	0.999645	2816	0	TRUE	PB2:cds-XAJ25426.1	CAA	Q	CAG	Q	632
PB2|PP755596.1|A/cattle/Texas/24-008749-003/2024(H5N1)	1944	G	A	2609	1235	38	90	31	36	0.0333457	2699	3.58398e-27	TRUE	PB2:cds-XAJ25426.1	CTG	L	CTA	L	648
PB2|PP755596.1|A/cattle/Texas/24-008749-003/2024(H5N1)	2009	A	G	1	0	34	2790	1395	41	0.999642	2791	0	TRUE	PB2:cds-XAJ25426.1	AAA	K	AGA	R	670
PB2|PP755596.1|A/cattle/Texas/24-008749-003/2024(H5N1)	2214	A	+C	2049	1656	44	29	0	20	0.0101647	2853	0.114118	FALSE	NA	NA	NA	NA	NA	NA
