REGION	POS	REF	ALT	REF_DP	REF_RV	REF_QUAL	ALT_DP	ALT_RV	ALT_QUAL	ALT_FREQ	TOTAL_DP	PVAL	PASS	GFF_FEATURE	REF_CODON	REF_AA	ALT_CODON	ALT_AA	POS_AA
NS|PP755593.1|A/cattle/Texas/24-008749-003/2024(H5N1)	20	T	C	1	0	71	2898	625	47	0.999655	2899	0	TRUE	NEP:cds-XAJ25421.1	TTA	L	TCA	S	7
NS|PP755593.1|A/cattle/Texas/24-008749-003/2024(H5N1)	20	T	C	1	0	71	2898	625	47	0.999655	2899	0	TRUE	NS1:cds-XAJ25420.1	TTA	L	TCA	S	7
NS|PP755593.1|A/cattle/Texas/24-008749-003/2024(H5N1)	52	G	A	2	2	76	4136	1272	51	0.999517	4138	0	TRUE	NS1:cds-XAJ25420.1	GTC	V	ATC	I	18
NS|PP755593.1|A/cattle/Texas/24-008749-003/2024(H5N1)	79	C	A	0	0	0	5159	1765	54	0.999419	5162	0	TRUE	NS1:cds-XAJ25420.1	CTG	L	ATG	M	27
NS|PP755593.1|A/cattle/Texas/24-008749-003/2024(H5N1)	183	G	A	2	1	29	9218	3394	59	0.999783	9220	0	TRUE	NS1:cds-XAJ25420.1	GGG	G	GGA	G	61
NS|PP755593.1|A/cattle/Texas/24-008749-003/2024(H5N1)	222	T	C	3	2	68	10327	4273	60	0.99971	10330	0	TRUE	NS1:cds-XAJ25420.1	GAT	D	GAC	D	74
NS|PP755593.1|A/cattle/Texas/24-008749-003/2024(H5N1)	284	T	C	10990	5590	56	229	125	54	0.0204118	11219	5.43251e-94	TRUE	NS1:cds-XAJ25420.1	CTT	L	CCT	P	95
NS|PP755593.1|A/cattle/Texas/24-008749-003/2024(H5N1)	580	G	A	3	1	56	12537	6490	61	0.999761	12540	0	TRUE	NEP:cds-XAJ25421.1	GAG	E	GAA	E	26
NS|PP755593.1|A/cattle/Texas/24-008749-003/2024(H5N1)	580	G	A	3	1	56	12537	6490	61	0.999761	12540	0	TRUE	NS1:cds-XAJ25420.1	GTC	V	ATC	I	194
