REGION	POS	REF	ALT	REF_DP	REF_RV	REF_QUAL	ALT_DP	ALT_RV	ALT_QUAL	ALT_FREQ	TOTAL_DP	PVAL	PASS	GFF_FEATURE	REF_CODON	REF_AA	ALT_CODON	ALT_AA	POS_AA
NA|PP755591.1|A/cattle/Texas/24-008749-003/2024(H5N1)	80	G	A	857	300	56	12	5	57	0.013809	869	6.47011e-07	TRUE	NA:cds-XAJ25418.1	GGG	G	GAG	E	27
NA|PP755591.1|A/cattle/Texas/24-008749-003/2024(H5N1)	114	C	T	0	0	0	1092	392	58	1	1092	0	TRUE	NA:cds-XAJ25418.1	ATC	I	ATT	I	38
NA|PP755591.1|A/cattle/Texas/24-008749-003/2024(H5N1)	199	A	G	1	1	39	1831	607	58	0.999454	1832	0	TRUE	NA:cds-XAJ25418.1	ATC	I	GTC	V	67
NA|PP755591.1|A/cattle/Texas/24-008749-003/2024(H5N1)	212	G	A	0	0	0	1913	719	61	1	1913	0	TRUE	NA:cds-XAJ25418.1	AGT	S	AAT	N	71
NA|PP755591.1|A/cattle/Texas/24-008749-003/2024(H5N1)	435	T	C	2098	1130	57	23	13	44	0.0108388	2122	5.21827e-10	TRUE	NA:cds-XAJ25418.1	TCT	S	TCC	S	145
NA|PP755591.1|A/cattle/Texas/24-008749-003/2024(H5N1)	453	T	C	2338	1191	55	27	9	43	0.0114165	2365	1.87727e-11	TRUE	NA:cds-XAJ25418.1	GAT	D	GAC	D	151
NA|PP755591.1|A/cattle/Texas/24-008749-003/2024(H5N1)	462	T	C	2134	988	56	27	7	42	0.0124942	2161	1.33434e-11	TRUE	NA:cds-XAJ25418.1	CCT	P	CCC	P	154
NA|PP755591.1|A/cattle/Texas/24-008749-003/2024(H5N1)	481	T	C	2129	979	57	30	7	47	0.0138953	2159	5.42918e-13	TRUE	NA:cds-XAJ25418.1	TGT	C	CGT	R	161
NA|PP755591.1|A/cattle/Texas/24-008749-003/2024(H5N1)	624	C	T	0	0	0	2238	1105	57	0.999553	2239	0	TRUE	NA:cds-XAJ25418.1	TAC	Y	TAT	Y	208
NA|PP755591.1|A/cattle/Texas/24-008749-003/2024(H5N1)	704	A	G	0	0	0	2164	1208	56	1	2164	0	TRUE	NA:cds-XAJ25418.1	AAT	N	AGT	S	235
NA|PP755591.1|A/cattle/Texas/24-008749-003/2024(H5N1)	711	C	T	2	2	55	2190	1234	57	0.999088	2192	0	TRUE	NA:cds-XAJ25418.1	TCC	S	TCT	S	237
NA|PP755591.1|A/cattle/Texas/24-008749-003/2024(H5N1)	1010	C	T	2236	1141	55	27	19	55	0.0119311	2263	1.17891e-11	TRUE	NA:cds-XAJ25418.1	CCA	P	CTA	L	337
NA|PP755591.1|A/cattle/Texas/24-008749-003/2024(H5N1)	1137	G	A	2341	1285	60	31	14	56	0.0130691	2372	8.40899e-14	TRUE	NA:cds-XAJ25418.1	GGG	G	GGA	G	379
