REGION	POS	REF	ALT	REF_DP	REF_RV	REF_QUAL	ALT_DP	ALT_RV	ALT_QUAL	ALT_FREQ	TOTAL_DP	PVAL	PASS	GFF_FEATURE	REF_CODON	REF_AA	ALT_CODON	ALT_AA	POS_AA
PA|PP755594.1|A/cattle/Texas/24-008749-003/2024(H5N1)	252	A	G	1	1	34	2221	1306	38	0.998202	2225	0	TRUE	PA:cds-XAJ25422.1	CGA	R	CGG	R	84
PA|PP755594.1|A/cattle/Texas/24-008749-003/2024(H5N1)	252	A	G	1	1	34	2221	1306	38	0.998202	2225	0	TRUE	PA-X:cds-XAJ25423.1	CGA	R	CGG	R	84
PA|PP755594.1|A/cattle/Texas/24-008749-003/2024(H5N1)	829	C	T	2674	1448	38	255	139	33	0.0870604	2929	1.3315e-85	TRUE	PA:cds-XAJ25422.1	CCT	P	TCT	S	277
PA|PP755594.1|A/cattle/Texas/24-008749-003/2024(H5N1)	981	G	A	0	0	0	2564	910	37	1	2564	0	TRUE	PA:cds-XAJ25422.1	GAG	E	GAA	E	327
PA|PP755594.1|A/cattle/Texas/24-008749-003/2024(H5N1)	984	A	G	23	19	29	2583	915	37	0.990414	2608	0	TRUE	PA:cds-XAJ25422.1	AAA	K	AAG	K	328
PA|PP755594.1|A/cattle/Texas/24-008749-003/2024(H5N1)	1294	G	A	1	0	60	2971	1472	40	0.998655	2975	0	TRUE	PA:cds-XAJ25422.1	GTT	V	ATT	I	432
PA|PP755594.1|A/cattle/Texas/24-008749-003/2024(H5N1)	1452	A	G	3	1	49	2974	1134	37	0.997317	2982	0	TRUE	PA:cds-XAJ25422.1	CCA	P	CCG	P	484
PA|PP755594.1|A/cattle/Texas/24-008749-003/2024(H5N1)	1455	G	A	2977	1175	37	36	12	36	0.0119443	3014	9.22232e-10	TRUE	PA:cds-XAJ25422.1	ATG	M	ATA	I	485
PA|PP755594.1|A/cattle/Texas/24-008749-003/2024(H5N1)	1608	A	G	0	0	0	2890	1728	36	0.998963	2893	0	TRUE	PA:cds-XAJ25422.1	AAA	K	AAG	K	536
PA|PP755594.1|A/cattle/Texas/24-008749-003/2024(H5N1)	1974	T	C	0	0	0	2786	1548	36	0.998924	2789	0	TRUE	PA:cds-XAJ25422.1	TTT	F	TTC	F	658
