REGION	POS	REF	ALT	REF_DP	REF_RV	REF_QUAL	ALT_DP	ALT_RV	ALT_QUAL	ALT_FREQ	TOTAL_DP	PVAL	PASS	GFF_FEATURE	REF_CODON	REF_AA	ALT_CODON	ALT_AA	POS_AA
MP|PP755590.1|A/cattle/Texas/24-008749-003/2024(H5N1)	285	A	G	1	0	39	7618	3596	51	0.999738	7620	0	TRUE	M1:cds-XAJ25416.1	AGA	R	AGG	R	95
MP|PP755590.1|A/cattle/Texas/24-008749-003/2024(H5N1)	456	A	G	7	1	33	8039	3732	53	0.999006	8047	0	TRUE	M1:cds-XAJ25416.1	GAA	E	GAG	E	152
MP|PP755590.1|A/cattle/Texas/24-008749-003/2024(H5N1)	519	C	T	6	6	29	8245	4007	51	0.999152	8252	0	TRUE	M1:cds-XAJ25416.1	ATC	I	ATT	I	173
MP|PP755590.1|A/cattle/Texas/24-008749-003/2024(H5N1)	627	T	A	1	0	37	8324	3512	49	0.99964	8327	0	TRUE	M1:cds-XAJ25416.1	GCT	A	GCA	A	209
MP|PP755590.1|A/cattle/Texas/24-008749-003/2024(H5N1)	633	G	A	12	6	39	8381	3603	49	0.99857	8393	0	TRUE	M1:cds-XAJ25416.1	CAG	Q	CAA	Q	211
MP|PP755590.1|A/cattle/Texas/24-008749-003/2024(H5N1)	954	G	A	1	1	39	2528	2217	45	0.999605	2529	0	TRUE	M2:cds-XAJ25417.1	GGT	G	GAT	D	80
