HA|PP755589.1|A/cattle/Texas/24-008749-003/2024(H5N1)	1	899
HA|PP755589.1|A/cattle/Texas/24-008749-003/2024(H5N1)	2	901
HA|PP755589.1|A/cattle/Texas/24-008749-003/2024(H5N1)	3	919
HA|PP755589.1|A/cattle/Texas/24-008749-003/2024(H5N1)	4	921
HA|PP755589.1|A/cattle/Texas/24-008749-003/2024(H5N1)	5	922
HA|PP755589.1|A/cattle/Texas/24-008749-003/2024(H5N1)	6	944
HA|PP755589.1|A/cattle/Texas/24-008749-003/2024(H5N1)	7	948
HA|PP755589.1|A/cattle/Texas/24-008749-003/2024(H5N1)	8	1141
HA|PP755589.1|A/cattle/Texas/24-008749-003/2024(H5N1)	9	1144
HA|PP755589.1|A/cattle/Texas/24-008749-003/2024(H5N1)	10	1144
HA|PP755589.1|A/cattle/Texas/24-008749-003/2024(H5N1)	11	1213
HA|PP755589.1|A/cattle/Texas/24-008749-003/2024(H5N1)	12	1213
HA|PP755589.1|A/cattle/Texas/24-008749-003/2024(H5N1)	13	1350
HA|PP755589.1|A/cattle/Texas/24-008749-003/2024(H5N1)	14	1352
HA|PP755589.1|A/cattle/Texas/24-008749-003/2024(H5N1)	15	1353
HA|PP755589.1|A/cattle/Texas/24-008749-003/2024(H5N1)	16	1353
HA|PP755589.1|A/cattle/Texas/24-008749-003/2024(H5N1)	17	1354
HA|PP755589.1|A/cattle/Texas/24-008749-003/2024(H5N1)	18	1359
HA|PP755589.1|A/cattle/Texas/24-008749-003/2024(H5N1)	19	1368
HA|PP755589.1|A/cattle/Texas/24-008749-003/2024(H5N1)	20	1369
HA|PP755589.1|A/cattle/Texas/24-008749-003/2024(H5N1)	21	1375
HA|PP755589.1|A/cattle/Texas/24-008749-003/2024(H5N1)	22	1372
HA|PP755589.1|A/cattle/Texas/24-008749-003/2024(H5N1)	23	1390
HA|PP755589.1|A/cattle/Texas/24-008749-003/2024(H5N1)	24	1393
HA|PP755589.1|A/cattle/Texas/24-008749-003/2024(H5N1)	25	1394
HA|PP755589.1|A/cattle/Texas/24-008749-003/2024(H5N1)	26	1396
HA|PP755589.1|A/cattle/Texas/24-008749-003/2024(H5N1)	27	1396
HA|PP755589.1|A/cattle/Texas/24-008749-003/2024(H5N1)	28	1399
HA|PP755589.1|A/cattle/Texas/24-008749-003/2024(H5N1)	29	1424
HA|PP755589.1|A/cattle/Texas/24-008749-003/2024(H5N1)	30	1462
HA|PP755589.1|A/cattle/Texas/24-008749-003/2024(H5N1)	31	1463
HA|PP755589.1|A/cattle/Texas/24-008749-003/2024(H5N1)	32	1463
HA|PP755589.1|A/cattle/Texas/24-008749-003/2024(H5N1)	33	1466
HA|PP755589.1|A/cattle/Texas/24-008749-003/2024(H5N1)	34	1464
HA|PP755589.1|A/cattle/Texas/24-008749-003/2024(H5N1)	35	1473
HA|PP755589.1|A/cattle/Texas/24-008749-003/2024(H5N1)	36	1493
HA|PP755589.1|A/cattle/Texas/24-008749-003/2024(H5N1)	37	1503
HA|PP755589.1|A/cattle/Texas/24-008749-003/2024(H5N1)	38	1510
HA|PP755589.1|A/cattle/Texas/24-008749-003/2024(H5N1)	39	1559
HA|PP755589.1|A/cattle/Texas/24-008749-003/2024(H5N1)	40	1574
HA|PP755589.1|A/cattle/Texas/24-008749-003/2024(H5N1)	41	1574
HA|PP755589.1|A/cattle/Texas/24-008749-003/2024(H5N1)	42	1577
HA|PP755589.1|A/cattle/Texas/24-008749-003/2024(H5N1)	43	1581
HA|PP755589.1|A/cattle/Texas/24-008749-003/2024(H5N1)	44	1587
HA|PP755589.1|A/cattle/Texas/24-008749-003/2024(H5N1)	45	1587
HA|PP755589.1|A/cattle/Texas/24-008749-003/2024(H5N1)	46	1587
HA|PP755589.1|A/cattle/Texas/24-008749-003/2024(H5N1)	47	1592
HA|PP755589.1|A/cattle/Texas/24-008749-003/2024(H5N1)	48	1591
HA|PP755589.1|A/cattle/Texas/24-008749-003/2024(H5N1)	49	1600
HA|PP755589.1|A/cattle/Texas/24-008749-003/2024(H5N1)	50	1601
HA|PP755589.1|A/cattle/Texas/24-008749-003/2024(H5N1)	51	1601
HA|PP755589.1|A/cattle/Texas/24-008749-003/2024(H5N1)	52	1601
HA|PP755589.1|A/cattle/Texas/24-008749-003/2024(H5N1)	53	1601
HA|PP755589.1|A/cattle/Texas/24-008749-003/2024(H5N1)	54	1666
HA|PP755589.1|A/cattle/Texas/24-008749-003/2024(H5N1)	55	1666
HA|PP755589.1|A/cattle/Texas/24-008749-003/2024(H5N1)	56	1668
HA|PP755589.1|A/cattle/Texas/24-008749-003/2024(H5N1)	57	1671
HA|PP755589.1|A/cattle/Texas/24-008749-003/2024(H5N1)	58	1721
HA|PP755589.1|A/cattle/Texas/24-008749-003/2024(H5N1)	59	1732
HA|PP755589.1|A/cattle/Texas/24-008749-003/2024(H5N1)	60	1735
HA|PP755589.1|A/cattle/Texas/24-008749-003/2024(H5N1)	61	1735
HA|PP755589.1|A/cattle/Texas/24-008749-003/2024(H5N1)	62	1737
HA|PP755589.1|A/cattle/Texas/24-008749-003/2024(H5N1)	63	1736
HA|PP755589.1|A/cattle/Texas/24-008749-003/2024(H5N1)	64	1761
HA|PP755589.1|A/cattle/Texas/24-008749-003/2024(H5N1)	65	1765
HA|PP755589.1|A/cattle/Texas/24-008749-003/2024(H5N1)	66	1771
HA|PP755589.1|A/cattle/Texas/24-008749-003/2024(H5N1)	67	1771
HA|PP755589.1|A/cattle/Texas/24-008749-003/2024(H5N1)	68	1789
HA|PP755589.1|A/cattle/Texas/24-008749-003/2024(H5N1)	69	1796
HA|PP755589.1|A/cattle/Texas/24-008749-003/2024(H5N1)	70	1813
HA|PP755589.1|A/cattle/Texas/24-008749-003/2024(H5N1)	71	1820
HA|PP755589.1|A/cattle/Texas/24-008749-003/2024(H5N1)	72	1822
HA|PP755589.1|A/cattle/Texas/24-008749-003/2024(H5N1)	73	1823
HA|PP755589.1|A/cattle/Texas/24-008749-003/2024(H5N1)	74	1863
HA|PP755589.1|A/cattle/Texas/24-008749-003/2024(H5N1)	75	1877
HA|PP755589.1|A/cattle/Texas/24-008749-003/2024(H5N1)	76	1904
HA|PP755589.1|A/cattle/Texas/24-008749-003/2024(H5N1)	77	1926
HA|PP755589.1|A/cattle/Texas/24-008749-003/2024(H5N1)	78	2026
HA|PP755589.1|A/cattle/Texas/24-008749-003/2024(H5N1)	79	2023
HA|PP755589.1|A/cattle/Texas/24-008749-003/2024(H5N1)	80	2028
HA|PP755589.1|A/cattle/Texas/24-008749-003/2024(H5N1)	81	2033
HA|PP755589.1|A/cattle/Texas/24-008749-003/2024(H5N1)	82	2033
HA|PP755589.1|A/cattle/Texas/24-008749-003/2024(H5N1)	83	2033
HA|PP755589.1|A/cattle/Texas/24-008749-003/2024(H5N1)	84	2033
HA|PP755589.1|A/cattle/Texas/24-008749-003/2024(H5N1)	85	2033
HA|PP755589.1|A/cattle/Texas/24-008749-003/2024(H5N1)	86	2033
HA|PP755589.1|A/cattle/Texas/24-008749-003/2024(H5N1)	87	2026
HA|PP755589.1|A/cattle/Texas/24-008749-003/2024(H5N1)	88	2074
HA|PP755589.1|A/cattle/Texas/24-008749-003/2024(H5N1)	89	2082
HA|PP755589.1|A/cattle/Texas/24-008749-003/2024(H5N1)	90	2087
HA|PP755589.1|A/cattle/Texas/24-008749-003/2024(H5N1)	91	2090
HA|PP755589.1|A/cattle/Texas/24-008749-003/2024(H5N1)	92	2103
HA|PP755589.1|A/cattle/Texas/24-008749-003/2024(H5N1)	93	2115
HA|PP755589.1|A/cattle/Texas/24-008749-003/2024(H5N1)	94	2117
HA|PP755589.1|A/cattle/Texas/24-008749-003/2024(H5N1)	95	2117
HA|PP755589.1|A/cattle/Texas/24-008749-003/2024(H5N1)	96	2121
HA|PP755589.1|A/cattle/Texas/24-008749-003/2024(H5N1)	97	2118
HA|PP755589.1|A/cattle/Texas/24-008749-003/2024(H5N1)	98	2133
HA|PP755589.1|A/cattle/Texas/24-008749-003/2024(H5N1)	99	2136
HA|PP755589.1|A/cattle/Texas/24-008749-003/2024(H5N1)	100	2136
HA|PP755589.1|A/cattle/Texas/24-008749-003/2024(H5N1)	101	2156
HA|PP755589.1|A/cattle/Texas/24-008749-003/2024(H5N1)	102	2152
HA|PP755589.1|A/cattle/Texas/24-008749-003/2024(H5N1)	103	2159
HA|PP755589.1|A/cattle/Texas/24-008749-003/2024(H5N1)	104	2160
HA|PP755589.1|A/cattle/Texas/24-008749-003/2024(H5N1)	105	2160
HA|PP755589.1|A/cattle/Texas/24-008749-003/2024(H5N1)	106	2172
HA|PP755589.1|A/cattle/Texas/24-008749-003/2024(H5N1)	107	2173
HA|PP755589.1|A/cattle/Texas/24-008749-003/2024(H5N1)	108	2176
HA|PP755589.1|A/cattle/Texas/24-008749-003/2024(H5N1)	109	2179
HA|PP755589.1|A/cattle/Texas/24-008749-003/2024(H5N1)	110	2173
HA|PP755589.1|A/cattle/Texas/24-008749-003/2024(H5N1)	111	2183
HA|PP755589.1|A/cattle/Texas/24-008749-003/2024(H5N1)	112	2183
HA|PP755589.1|A/cattle/Texas/24-008749-003/2024(H5N1)	113	2183
HA|PP755589.1|A/cattle/Texas/24-008749-003/2024(H5N1)	114	2191
HA|PP755589.1|A/cattle/Texas/24-008749-003/2024(H5N1)	115	2209
HA|PP755589.1|A/cattle/Texas/24-008749-003/2024(H5N1)	116	2235
HA|PP755589.1|A/cattle/Texas/24-008749-003/2024(H5N1)	117	2246
HA|PP755589.1|A/cattle/Texas/24-008749-003/2024(H5N1)	118	2246
HA|PP755589.1|A/cattle/Texas/24-008749-003/2024(H5N1)	119	2251
HA|PP755589.1|A/cattle/Texas/24-008749-003/2024(H5N1)	120	2247
HA|PP755589.1|A/cattle/Texas/24-008749-003/2024(H5N1)	121	2248
HA|PP755589.1|A/cattle/Texas/24-008749-003/2024(H5N1)	122	2010
HA|PP755589.1|A/cattle/Texas/24-008749-003/2024(H5N1)	123	2024
HA|PP755589.1|A/cattle/Texas/24-008749-003/2024(H5N1)	124	2033
HA|PP755589.1|A/cattle/Texas/24-008749-003/2024(H5N1)	125	2038
HA|PP755589.1|A/cattle/Texas/24-008749-003/2024(H5N1)	126	2039
HA|PP755589.1|A/cattle/Texas/24-008749-003/2024(H5N1)	127	2040
HA|PP755589.1|A/cattle/Texas/24-008749-003/2024(H5N1)	128	2024
HA|PP755589.1|A/cattle/Texas/24-008749-003/2024(H5N1)	129	2022
HA|PP755589.1|A/cattle/Texas/24-008749-003/2024(H5N1)	130	2015
HA|PP755589.1|A/cattle/Texas/24-008749-003/2024(H5N1)	131	1979
HA|PP755589.1|A/cattle/Texas/24-008749-003/2024(H5N1)	132	1986
HA|PP755589.1|A/cattle/Texas/24-008749-003/2024(H5N1)	133	2078
HA|PP755589.1|A/cattle/Texas/24-008749-003/2024(H5N1)	134	2229
HA|PP755589.1|A/cattle/Texas/24-008749-003/2024(H5N1)	135	2103
HA|PP755589.1|A/cattle/Texas/24-008749-003/2024(H5N1)	136	2114
HA|PP755589.1|A/cattle/Texas/24-008749-003/2024(H5N1)	137	2117
HA|PP755589.1|A/cattle/Texas/24-008749-003/2024(H5N1)	138	2132
HA|PP755589.1|A/cattle/Texas/24-008749-003/2024(H5N1)	139	2135
HA|PP755589.1|A/cattle/Texas/24-008749-003/2024(H5N1)	140	2194
HA|PP755589.1|A/cattle/Texas/24-008749-003/2024(H5N1)	141	2180
HA|PP755589.1|A/cattle/Texas/24-008749-003/2024(H5N1)	142	2161
HA|PP755589.1|A/cattle/Texas/24-008749-003/2024(H5N1)	143	2171
HA|PP755589.1|A/cattle/Texas/24-008749-003/2024(H5N1)	144	2166
HA|PP755589.1|A/cattle/Texas/24-008749-003/2024(H5N1)	145	2127
HA|PP755589.1|A/cattle/Texas/24-008749-003/2024(H5N1)	146	2129
HA|PP755589.1|A/cattle/Texas/24-008749-003/2024(H5N1)	147	2147
HA|PP755589.1|A/cattle/Texas/24-008749-003/2024(H5N1)	148	2156
HA|PP755589.1|A/cattle/Texas/24-008749-003/2024(H5N1)	149	2151
HA|PP755589.1|A/cattle/Texas/24-008749-003/2024(H5N1)	150	2153
HA|PP755589.1|A/cattle/Texas/24-008749-003/2024(H5N1)	151	2166
HA|PP755589.1|A/cattle/Texas/24-008749-003/2024(H5N1)	152	2133
HA|PP755589.1|A/cattle/Texas/24-008749-003/2024(H5N1)	153	2134
HA|PP755589.1|A/cattle/Texas/24-008749-003/2024(H5N1)	154	2198
HA|PP755589.1|A/cattle/Texas/24-008749-003/2024(H5N1)	155	2198
HA|PP755589.1|A/cattle/Texas/24-008749-003/2024(H5N1)	156	2205
HA|PP755589.1|A/cattle/Texas/24-008749-003/2024(H5N1)	157	2193
HA|PP755589.1|A/cattle/Texas/24-008749-003/2024(H5N1)	158	2191
HA|PP755589.1|A/cattle/Texas/24-008749-003/2024(H5N1)	159	2032
HA|PP755589.1|A/cattle/Texas/24-008749-003/2024(H5N1)	160	2030
HA|PP755589.1|A/cattle/Texas/24-008749-003/2024(H5N1)	161	2103
HA|PP755589.1|A/cattle/Texas/24-008749-003/2024(H5N1)	162	2041
HA|PP755589.1|A/cattle/Texas/24-008749-003/2024(H5N1)	163	2043
HA|PP755589.1|A/cattle/Texas/24-008749-003/2024(H5N1)	164	1925
HA|PP755589.1|A/cattle/Texas/24-008749-003/2024(H5N1)	165	1925
HA|PP755589.1|A/cattle/Texas/24-008749-003/2024(H5N1)	166	1927
HA|PP755589.1|A/cattle/Texas/24-008749-003/2024(H5N1)	167	1928
HA|PP755589.1|A/cattle/Texas/24-008749-003/2024(H5N1)	168	1941
HA|PP755589.1|A/cattle/Texas/24-008749-003/2024(H5N1)	169	1952
HA|PP755589.1|A/cattle/Texas/24-008749-003/2024(H5N1)	170	1946
HA|PP755589.1|A/cattle/Texas/24-008749-003/2024(H5N1)	171	1953
HA|PP755589.1|A/cattle/Texas/24-008749-003/2024(H5N1)	172	1947
HA|PP755589.1|A/cattle/Texas/24-008749-003/2024(H5N1)	173	1944
HA|PP755589.1|A/cattle/Texas/24-008749-003/2024(H5N1)	174	2022
HA|PP755589.1|A/cattle/Texas/24-008749-003/2024(H5N1)	175	2025
HA|PP755589.1|A/cattle/Texas/24-008749-003/2024(H5N1)	176	2096
HA|PP755589.1|A/cattle/Texas/24-008749-003/2024(H5N1)	177	2124
HA|PP755589.1|A/cattle/Texas/24-008749-003/2024(H5N1)	178	2131
HA|PP755589.1|A/cattle/Texas/24-008749-003/2024(H5N1)	179	2138
HA|PP755589.1|A/cattle/Texas/24-008749-003/2024(H5N1)	180	2156
HA|PP755589.1|A/cattle/Texas/24-008749-003/2024(H5N1)	181	2125
HA|PP755589.1|A/cattle/Texas/24-008749-003/2024(H5N1)	182	2123
HA|PP755589.1|A/cattle/Texas/24-008749-003/2024(H5N1)	183	2128
HA|PP755589.1|A/cattle/Texas/24-008749-003/2024(H5N1)	184	2132
HA|PP755589.1|A/cattle/Texas/24-008749-003/2024(H5N1)	185	2130
HA|PP755589.1|A/cattle/Texas/24-008749-003/2024(H5N1)	186	2133
HA|PP755589.1|A/cattle/Texas/24-008749-003/2024(H5N1)	187	2140
HA|PP755589.1|A/cattle/Texas/24-008749-003/2024(H5N1)	188	2156
HA|PP755589.1|A/cattle/Texas/24-008749-003/2024(H5N1)	189	2147
HA|PP755589.1|A/cattle/Texas/24-008749-003/2024(H5N1)	190	2127
HA|PP755589.1|A/cattle/Texas/24-008749-003/2024(H5N1)	191	2112
HA|PP755589.1|A/cattle/Texas/24-008749-003/2024(H5N1)	192	2118
HA|PP755589.1|A/cattle/Texas/24-008749-003/2024(H5N1)	193	2120
HA|PP755589.1|A/cattle/Texas/24-008749-003/2024(H5N1)	194	2117
HA|PP755589.1|A/cattle/Texas/24-008749-003/2024(H5N1)	195	2116
HA|PP755589.1|A/cattle/Texas/24-008749-003/2024(H5N1)	196	2123
HA|PP755589.1|A/cattle/Texas/24-008749-003/2024(H5N1)	197	2136
HA|PP755589.1|A/cattle/Texas/24-008749-003/2024(H5N1)	198	2142
HA|PP755589.1|A/cattle/Texas/24-008749-003/2024(H5N1)	199	2171
HA|PP755589.1|A/cattle/Texas/24-008749-003/2024(H5N1)	200	2263
HA|PP755589.1|A/cattle/Texas/24-008749-003/2024(H5N1)	201	2264
HA|PP755589.1|A/cattle/Texas/24-008749-003/2024(H5N1)	202	2275
HA|PP755589.1|A/cattle/Texas/24-008749-003/2024(H5N1)	203	2275
HA|PP755589.1|A/cattle/Texas/24-008749-003/2024(H5N1)	204	2298
HA|PP755589.1|A/cattle/Texas/24-008749-003/2024(H5N1)	205	2241
HA|PP755589.1|A/cattle/Texas/24-008749-003/2024(H5N1)	206	2243
HA|PP755589.1|A/cattle/Texas/24-008749-003/2024(H5N1)	207	2277
HA|PP755589.1|A/cattle/Texas/24-008749-003/2024(H5N1)	208	2293
HA|PP755589.1|A/cattle/Texas/24-008749-003/2024(H5N1)	209	2242
HA|PP755589.1|A/cattle/Texas/24-008749-003/2024(H5N1)	210	2252
HA|PP755589.1|A/cattle/Texas/24-008749-003/2024(H5N1)	211	2272
HA|PP755589.1|A/cattle/Texas/24-008749-003/2024(H5N1)	212	2286
HA|PP755589.1|A/cattle/Texas/24-008749-003/2024(H5N1)	213	2295
HA|PP755589.1|A/cattle/Texas/24-008749-003/2024(H5N1)	214	2295
HA|PP755589.1|A/cattle/Texas/24-008749-003/2024(H5N1)	215	2334
HA|PP755589.1|A/cattle/Texas/24-008749-003/2024(H5N1)	216	2355
HA|PP755589.1|A/cattle/Texas/24-008749-003/2024(H5N1)	217	2370
HA|PP755589.1|A/cattle/Texas/24-008749-003/2024(H5N1)	218	2383
HA|PP755589.1|A/cattle/Texas/24-008749-003/2024(H5N1)	219	2369
HA|PP755589.1|A/cattle/Texas/24-008749-003/2024(H5N1)	220	2371
HA|PP755589.1|A/cattle/Texas/24-008749-003/2024(H5N1)	221	2384
HA|PP755589.1|A/cattle/Texas/24-008749-003/2024(H5N1)	222	2374
HA|PP755589.1|A/cattle/Texas/24-008749-003/2024(H5N1)	223	2387
HA|PP755589.1|A/cattle/Texas/24-008749-003/2024(H5N1)	224	2346
HA|PP755589.1|A/cattle/Texas/24-008749-003/2024(H5N1)	225	2346
HA|PP755589.1|A/cattle/Texas/24-008749-003/2024(H5N1)	226	2381
HA|PP755589.1|A/cattle/Texas/24-008749-003/2024(H5N1)	227	2355
HA|PP755589.1|A/cattle/Texas/24-008749-003/2024(H5N1)	228	2337
HA|PP755589.1|A/cattle/Texas/24-008749-003/2024(H5N1)	229	2252
HA|PP755589.1|A/cattle/Texas/24-008749-003/2024(H5N1)	230	2252
HA|PP755589.1|A/cattle/Texas/24-008749-003/2024(H5N1)	231	2256
HA|PP755589.1|A/cattle/Texas/24-008749-003/2024(H5N1)	232	2250
HA|PP755589.1|A/cattle/Texas/24-008749-003/2024(H5N1)	233	2249
HA|PP755589.1|A/cattle/Texas/24-008749-003/2024(H5N1)	234	2258
HA|PP755589.1|A/cattle/Texas/24-008749-003/2024(H5N1)	235	2258
HA|PP755589.1|A/cattle/Texas/24-008749-003/2024(H5N1)	236	2265
HA|PP755589.1|A/cattle/Texas/24-008749-003/2024(H5N1)	237	2259
HA|PP755589.1|A/cattle/Texas/24-008749-003/2024(H5N1)	238	2260
HA|PP755589.1|A/cattle/Texas/24-008749-003/2024(H5N1)	239	2218
HA|PP755589.1|A/cattle/Texas/24-008749-003/2024(H5N1)	240	2221
HA|PP755589.1|A/cattle/Texas/24-008749-003/2024(H5N1)	241	2221
HA|PP755589.1|A/cattle/Texas/24-008749-003/2024(H5N1)	242	2219
HA|PP755589.1|A/cattle/Texas/24-008749-003/2024(H5N1)	243	2205
HA|PP755589.1|A/cattle/Texas/24-008749-003/2024(H5N1)	244	2197
HA|PP755589.1|A/cattle/Texas/24-008749-003/2024(H5N1)	245	2230
HA|PP755589.1|A/cattle/Texas/24-008749-003/2024(H5N1)	246	2234
HA|PP755589.1|A/cattle/Texas/24-008749-003/2024(H5N1)	247	2257
HA|PP755589.1|A/cattle/Texas/24-008749-003/2024(H5N1)	248	2255
HA|PP755589.1|A/cattle/Texas/24-008749-003/2024(H5N1)	249	2239
HA|PP755589.1|A/cattle/Texas/24-008749-003/2024(H5N1)	250	2239
HA|PP755589.1|A/cattle/Texas/24-008749-003/2024(H5N1)	251	2250
HA|PP755589.1|A/cattle/Texas/24-008749-003/2024(H5N1)	252	2232
HA|PP755589.1|A/cattle/Texas/24-008749-003/2024(H5N1)	253	2244
HA|PP755589.1|A/cattle/Texas/24-008749-003/2024(H5N1)	254	2238
HA|PP755589.1|A/cattle/Texas/24-008749-003/2024(H5N1)	255	2277
HA|PP755589.1|A/cattle/Texas/24-008749-003/2024(H5N1)	256	2279
HA|PP755589.1|A/cattle/Texas/24-008749-003/2024(H5N1)	257	2313
HA|PP755589.1|A/cattle/Texas/24-008749-003/2024(H5N1)	258	2318
HA|PP755589.1|A/cattle/Texas/24-008749-003/2024(H5N1)	259	2318
HA|PP755589.1|A/cattle/Texas/24-008749-003/2024(H5N1)	260	2325
HA|PP755589.1|A/cattle/Texas/24-008749-003/2024(H5N1)	261	2326
HA|PP755589.1|A/cattle/Texas/24-008749-003/2024(H5N1)	262	2309
HA|PP755589.1|A/cattle/Texas/24-008749-003/2024(H5N1)	263	2317
HA|PP755589.1|A/cattle/Texas/24-008749-003/2024(H5N1)	264	2306
HA|PP755589.1|A/cattle/Texas/24-008749-003/2024(H5N1)	265	2346
HA|PP755589.1|A/cattle/Texas/24-008749-003/2024(H5N1)	266	2380
HA|PP755589.1|A/cattle/Texas/24-008749-003/2024(H5N1)	267	2358
HA|PP755589.1|A/cattle/Texas/24-008749-003/2024(H5N1)	268	2350
HA|PP755589.1|A/cattle/Texas/24-008749-003/2024(H5N1)	269	2346
HA|PP755589.1|A/cattle/Texas/24-008749-003/2024(H5N1)	270	2349
HA|PP755589.1|A/cattle/Texas/24-008749-003/2024(H5N1)	271	2350
HA|PP755589.1|A/cattle/Texas/24-008749-003/2024(H5N1)	272	2359
HA|PP755589.1|A/cattle/Texas/24-008749-003/2024(H5N1)	273	2179
HA|PP755589.1|A/cattle/Texas/24-008749-003/2024(H5N1)	274	2139
HA|PP755589.1|A/cattle/Texas/24-008749-003/2024(H5N1)	275	2134
HA|PP755589.1|A/cattle/Texas/24-008749-003/2024(H5N1)	276	2365
HA|PP755589.1|A/cattle/Texas/24-008749-003/2024(H5N1)	277	2373
HA|PP755589.1|A/cattle/Texas/24-008749-003/2024(H5N1)	278	2375
HA|PP755589.1|A/cattle/Texas/24-008749-003/2024(H5N1)	279	2376
HA|PP755589.1|A/cattle/Texas/24-008749-003/2024(H5N1)	280	2377
HA|PP755589.1|A/cattle/Texas/24-008749-003/2024(H5N1)	281	2437
HA|PP755589.1|A/cattle/Texas/24-008749-003/2024(H5N1)	282	2425
HA|PP755589.1|A/cattle/Texas/24-008749-003/2024(H5N1)	283	2433
HA|PP755589.1|A/cattle/Texas/24-008749-003/2024(H5N1)	284	2350
HA|PP755589.1|A/cattle/Texas/24-008749-003/2024(H5N1)	285	2102
HA|PP755589.1|A/cattle/Texas/24-008749-003/2024(H5N1)	286	2116
HA|PP755589.1|A/cattle/Texas/24-008749-003/2024(H5N1)	287	2120
HA|PP755589.1|A/cattle/Texas/24-008749-003/2024(H5N1)	288	2123
HA|PP755589.1|A/cattle/Texas/24-008749-003/2024(H5N1)	289	2137
HA|PP755589.1|A/cattle/Texas/24-008749-003/2024(H5N1)	290	2120
HA|PP755589.1|A/cattle/Texas/24-008749-003/2024(H5N1)	291	2120
HA|PP755589.1|A/cattle/Texas/24-008749-003/2024(H5N1)	292	2140
HA|PP755589.1|A/cattle/Texas/24-008749-003/2024(H5N1)	293	2134
HA|PP755589.1|A/cattle/Texas/24-008749-003/2024(H5N1)	294	2214
HA|PP755589.1|A/cattle/Texas/24-008749-003/2024(H5N1)	295	2213
HA|PP755589.1|A/cattle/Texas/24-008749-003/2024(H5N1)	296	2237
HA|PP755589.1|A/cattle/Texas/24-008749-003/2024(H5N1)	297	2233
HA|PP755589.1|A/cattle/Texas/24-008749-003/2024(H5N1)	298	2240
HA|PP755589.1|A/cattle/Texas/24-008749-003/2024(H5N1)	299	2258
HA|PP755589.1|A/cattle/Texas/24-008749-003/2024(H5N1)	300	2258
HA|PP755589.1|A/cattle/Texas/24-008749-003/2024(H5N1)	301	2263
HA|PP755589.1|A/cattle/Texas/24-008749-003/2024(H5N1)	302	2256
HA|PP755589.1|A/cattle/Texas/24-008749-003/2024(H5N1)	303	2181
HA|PP755589.1|A/cattle/Texas/24-008749-003/2024(H5N1)	304	2203
HA|PP755589.1|A/cattle/Texas/24-008749-003/2024(H5N1)	305	2235
HA|PP755589.1|A/cattle/Texas/24-008749-003/2024(H5N1)	306	2238
HA|PP755589.1|A/cattle/Texas/24-008749-003/2024(H5N1)	307	2227
HA|PP755589.1|A/cattle/Texas/24-008749-003/2024(H5N1)	308	2219
HA|PP755589.1|A/cattle/Texas/24-008749-003/2024(H5N1)	309	2236
HA|PP755589.1|A/cattle/Texas/24-008749-003/2024(H5N1)	310	2234
HA|PP755589.1|A/cattle/Texas/24-008749-003/2024(H5N1)	311	2331
HA|PP755589.1|A/cattle/Texas/24-008749-003/2024(H5N1)	312	2271
HA|PP755589.1|A/cattle/Texas/24-008749-003/2024(H5N1)	313	2263
HA|PP755589.1|A/cattle/Texas/24-008749-003/2024(H5N1)	314	2301
HA|PP755589.1|A/cattle/Texas/24-008749-003/2024(H5N1)	315	2427
HA|PP755589.1|A/cattle/Texas/24-008749-003/2024(H5N1)	316	2426
HA|PP755589.1|A/cattle/Texas/24-008749-003/2024(H5N1)	317	2446
HA|PP755589.1|A/cattle/Texas/24-008749-003/2024(H5N1)	318	2466
HA|PP755589.1|A/cattle/Texas/24-008749-003/2024(H5N1)	319	2489
HA|PP755589.1|A/cattle/Texas/24-008749-003/2024(H5N1)	320	2515
HA|PP755589.1|A/cattle/Texas/24-008749-003/2024(H5N1)	321	2521
HA|PP755589.1|A/cattle/Texas/24-008749-003/2024(H5N1)	322	2523
HA|PP755589.1|A/cattle/Texas/24-008749-003/2024(H5N1)	323	2528
HA|PP755589.1|A/cattle/Texas/24-008749-003/2024(H5N1)	324	2417
HA|PP755589.1|A/cattle/Texas/24-008749-003/2024(H5N1)	325	2420
HA|PP755589.1|A/cattle/Texas/24-008749-003/2024(H5N1)	326	2420
HA|PP755589.1|A/cattle/Texas/24-008749-003/2024(H5N1)	327	2372
HA|PP755589.1|A/cattle/Texas/24-008749-003/2024(H5N1)	328	2349
HA|PP755589.1|A/cattle/Texas/24-008749-003/2024(H5N1)	329	2353
HA|PP755589.1|A/cattle/Texas/24-008749-003/2024(H5N1)	330	2342
HA|PP755589.1|A/cattle/Texas/24-008749-003/2024(H5N1)	331	2365
HA|PP755589.1|A/cattle/Texas/24-008749-003/2024(H5N1)	332	2362
HA|PP755589.1|A/cattle/Texas/24-008749-003/2024(H5N1)	333	2365
HA|PP755589.1|A/cattle/Texas/24-008749-003/2024(H5N1)	334	2360
HA|PP755589.1|A/cattle/Texas/24-008749-003/2024(H5N1)	335	2356
HA|PP755589.1|A/cattle/Texas/24-008749-003/2024(H5N1)	336	2336
HA|PP755589.1|A/cattle/Texas/24-008749-003/2024(H5N1)	337	2331
HA|PP755589.1|A/cattle/Texas/24-008749-003/2024(H5N1)	338	2315
HA|PP755589.1|A/cattle/Texas/24-008749-003/2024(H5N1)	339	2322
HA|PP755589.1|A/cattle/Texas/24-008749-003/2024(H5N1)	340	2310
HA|PP755589.1|A/cattle/Texas/24-008749-003/2024(H5N1)	341	2328
HA|PP755589.1|A/cattle/Texas/24-008749-003/2024(H5N1)	342	2336
HA|PP755589.1|A/cattle/Texas/24-008749-003/2024(H5N1)	343	2331
HA|PP755589.1|A/cattle/Texas/24-008749-003/2024(H5N1)	344	2333
HA|PP755589.1|A/cattle/Texas/24-008749-003/2024(H5N1)	345	2329
HA|PP755589.1|A/cattle/Texas/24-008749-003/2024(H5N1)	346	2334
HA|PP755589.1|A/cattle/Texas/24-008749-003/2024(H5N1)	347	2359
HA|PP755589.1|A/cattle/Texas/24-008749-003/2024(H5N1)	348	2356
HA|PP755589.1|A/cattle/Texas/24-008749-003/2024(H5N1)	349	2271
HA|PP755589.1|A/cattle/Texas/24-008749-003/2024(H5N1)	350	2242
HA|PP755589.1|A/cattle/Texas/24-008749-003/2024(H5N1)	351	2245
HA|PP755589.1|A/cattle/Texas/24-008749-003/2024(H5N1)	352	2250
HA|PP755589.1|A/cattle/Texas/24-008749-003/2024(H5N1)	353	2255
HA|PP755589.1|A/cattle/Texas/24-008749-003/2024(H5N1)	354	2256
HA|PP755589.1|A/cattle/Texas/24-008749-003/2024(H5N1)	355	2253
HA|PP755589.1|A/cattle/Texas/24-008749-003/2024(H5N1)	356	2251
HA|PP755589.1|A/cattle/Texas/24-008749-003/2024(H5N1)	357	2233
HA|PP755589.1|A/cattle/Texas/24-008749-003/2024(H5N1)	358	2230
HA|PP755589.1|A/cattle/Texas/24-008749-003/2024(H5N1)	359	2229
HA|PP755589.1|A/cattle/Texas/24-008749-003/2024(H5N1)	360	2230
HA|PP755589.1|A/cattle/Texas/24-008749-003/2024(H5N1)	361	2218
HA|PP755589.1|A/cattle/Texas/24-008749-003/2024(H5N1)	362	2195
HA|PP755589.1|A/cattle/Texas/24-008749-003/2024(H5N1)	363	2198
HA|PP755589.1|A/cattle/Texas/24-008749-003/2024(H5N1)	364	2178
HA|PP755589.1|A/cattle/Texas/24-008749-003/2024(H5N1)	365	2177
HA|PP755589.1|A/cattle/Texas/24-008749-003/2024(H5N1)	366	2134
HA|PP755589.1|A/cattle/Texas/24-008749-003/2024(H5N1)	367	2104
HA|PP755589.1|A/cattle/Texas/24-008749-003/2024(H5N1)	368	2172
HA|PP755589.1|A/cattle/Texas/24-008749-003/2024(H5N1)	369	2163
HA|PP755589.1|A/cattle/Texas/24-008749-003/2024(H5N1)	370	2223
HA|PP755589.1|A/cattle/Texas/24-008749-003/2024(H5N1)	371	2232
HA|PP755589.1|A/cattle/Texas/24-008749-003/2024(H5N1)	372	2208
HA|PP755589.1|A/cattle/Texas/24-008749-003/2024(H5N1)	373	2208
HA|PP755589.1|A/cattle/Texas/24-008749-003/2024(H5N1)	374	2214
HA|PP755589.1|A/cattle/Texas/24-008749-003/2024(H5N1)	375	2214
HA|PP755589.1|A/cattle/Texas/24-008749-003/2024(H5N1)	376	2216
HA|PP755589.1|A/cattle/Texas/24-008749-003/2024(H5N1)	377	2175
HA|PP755589.1|A/cattle/Texas/24-008749-003/2024(H5N1)	378	2176
HA|PP755589.1|A/cattle/Texas/24-008749-003/2024(H5N1)	379	2178
HA|PP755589.1|A/cattle/Texas/24-008749-003/2024(H5N1)	380	2176
HA|PP755589.1|A/cattle/Texas/24-008749-003/2024(H5N1)	381	2179
HA|PP755589.1|A/cattle/Texas/24-008749-003/2024(H5N1)	382	2180
HA|PP755589.1|A/cattle/Texas/24-008749-003/2024(H5N1)	383	2214
HA|PP755589.1|A/cattle/Texas/24-008749-003/2024(H5N1)	384	2214
HA|PP755589.1|A/cattle/Texas/24-008749-003/2024(H5N1)	385	2208
HA|PP755589.1|A/cattle/Texas/24-008749-003/2024(H5N1)	386	2204
HA|PP755589.1|A/cattle/Texas/24-008749-003/2024(H5N1)	387	2231
HA|PP755589.1|A/cattle/Texas/24-008749-003/2024(H5N1)	388	2276
HA|PP755589.1|A/cattle/Texas/24-008749-003/2024(H5N1)	389	2275
HA|PP755589.1|A/cattle/Texas/24-008749-003/2024(H5N1)	390	2279
HA|PP755589.1|A/cattle/Texas/24-008749-003/2024(H5N1)	391	2272
HA|PP755589.1|A/cattle/Texas/24-008749-003/2024(H5N1)	392	2271
HA|PP755589.1|A/cattle/Texas/24-008749-003/2024(H5N1)	393	2282
HA|PP755589.1|A/cattle/Texas/24-008749-003/2024(H5N1)	394	2333
HA|PP755589.1|A/cattle/Texas/24-008749-003/2024(H5N1)	395	2335
HA|PP755589.1|A/cattle/Texas/24-008749-003/2024(H5N1)	396	2294
HA|PP755589.1|A/cattle/Texas/24-008749-003/2024(H5N1)	397	2280
HA|PP755589.1|A/cattle/Texas/24-008749-003/2024(H5N1)	398	2392
HA|PP755589.1|A/cattle/Texas/24-008749-003/2024(H5N1)	399	2408
HA|PP755589.1|A/cattle/Texas/24-008749-003/2024(H5N1)	400	2416
HA|PP755589.1|A/cattle/Texas/24-008749-003/2024(H5N1)	401	2420
HA|PP755589.1|A/cattle/Texas/24-008749-003/2024(H5N1)	402	2422
HA|PP755589.1|A/cattle/Texas/24-008749-003/2024(H5N1)	403	2434
HA|PP755589.1|A/cattle/Texas/24-008749-003/2024(H5N1)	404	2420
HA|PP755589.1|A/cattle/Texas/24-008749-003/2024(H5N1)	405	2424
HA|PP755589.1|A/cattle/Texas/24-008749-003/2024(H5N1)	406	2381
HA|PP755589.1|A/cattle/Texas/24-008749-003/2024(H5N1)	407	2409
HA|PP755589.1|A/cattle/Texas/24-008749-003/2024(H5N1)	408	2373
HA|PP755589.1|A/cattle/Texas/24-008749-003/2024(H5N1)	409	2369
HA|PP755589.1|A/cattle/Texas/24-008749-003/2024(H5N1)	410	2369
HA|PP755589.1|A/cattle/Texas/24-008749-003/2024(H5N1)	411	2359
HA|PP755589.1|A/cattle/Texas/24-008749-003/2024(H5N1)	412	2360
HA|PP755589.1|A/cattle/Texas/24-008749-003/2024(H5N1)	413	2367
HA|PP755589.1|A/cattle/Texas/24-008749-003/2024(H5N1)	414	2365
HA|PP755589.1|A/cattle/Texas/24-008749-003/2024(H5N1)	415	2329
HA|PP755589.1|A/cattle/Texas/24-008749-003/2024(H5N1)	416	2298
HA|PP755589.1|A/cattle/Texas/24-008749-003/2024(H5N1)	417	2305
HA|PP755589.1|A/cattle/Texas/24-008749-003/2024(H5N1)	418	2312
HA|PP755589.1|A/cattle/Texas/24-008749-003/2024(H5N1)	419	2347
HA|PP755589.1|A/cattle/Texas/24-008749-003/2024(H5N1)	420	2360
HA|PP755589.1|A/cattle/Texas/24-008749-003/2024(H5N1)	421	2454
HA|PP755589.1|A/cattle/Texas/24-008749-003/2024(H5N1)	422	2444
HA|PP755589.1|A/cattle/Texas/24-008749-003/2024(H5N1)	423	2470
HA|PP755589.1|A/cattle/Texas/24-008749-003/2024(H5N1)	424	2472
HA|PP755589.1|A/cattle/Texas/24-008749-003/2024(H5N1)	425	2480
HA|PP755589.1|A/cattle/Texas/24-008749-003/2024(H5N1)	426	2489
HA|PP755589.1|A/cattle/Texas/24-008749-003/2024(H5N1)	427	2259
HA|PP755589.1|A/cattle/Texas/24-008749-003/2024(H5N1)	428	2286
HA|PP755589.1|A/cattle/Texas/24-008749-003/2024(H5N1)	429	2299
HA|PP755589.1|A/cattle/Texas/24-008749-003/2024(H5N1)	430	2311
HA|PP755589.1|A/cattle/Texas/24-008749-003/2024(H5N1)	431	2362
HA|PP755589.1|A/cattle/Texas/24-008749-003/2024(H5N1)	432	2363
HA|PP755589.1|A/cattle/Texas/24-008749-003/2024(H5N1)	433	2398
HA|PP755589.1|A/cattle/Texas/24-008749-003/2024(H5N1)	434	2391
HA|PP755589.1|A/cattle/Texas/24-008749-003/2024(H5N1)	435	2395
HA|PP755589.1|A/cattle/Texas/24-008749-003/2024(H5N1)	436	2401
HA|PP755589.1|A/cattle/Texas/24-008749-003/2024(H5N1)	437	2400
HA|PP755589.1|A/cattle/Texas/24-008749-003/2024(H5N1)	438	2417
HA|PP755589.1|A/cattle/Texas/24-008749-003/2024(H5N1)	439	2394
HA|PP755589.1|A/cattle/Texas/24-008749-003/2024(H5N1)	440	2357
HA|PP755589.1|A/cattle/Texas/24-008749-003/2024(H5N1)	441	2374
HA|PP755589.1|A/cattle/Texas/24-008749-003/2024(H5N1)	442	2356
HA|PP755589.1|A/cattle/Texas/24-008749-003/2024(H5N1)	443	2357
HA|PP755589.1|A/cattle/Texas/24-008749-003/2024(H5N1)	444	2296
HA|PP755589.1|A/cattle/Texas/24-008749-003/2024(H5N1)	445	2289
HA|PP755589.1|A/cattle/Texas/24-008749-003/2024(H5N1)	446	2311
HA|PP755589.1|A/cattle/Texas/24-008749-003/2024(H5N1)	447	2273
HA|PP755589.1|A/cattle/Texas/24-008749-003/2024(H5N1)	448	2279
HA|PP755589.1|A/cattle/Texas/24-008749-003/2024(H5N1)	449	2308
HA|PP755589.1|A/cattle/Texas/24-008749-003/2024(H5N1)	450	2292
HA|PP755589.1|A/cattle/Texas/24-008749-003/2024(H5N1)	451	2306
HA|PP755589.1|A/cattle/Texas/24-008749-003/2024(H5N1)	452	2400
HA|PP755589.1|A/cattle/Texas/24-008749-003/2024(H5N1)	453	2408
HA|PP755589.1|A/cattle/Texas/24-008749-003/2024(H5N1)	454	2424
HA|PP755589.1|A/cattle/Texas/24-008749-003/2024(H5N1)	455	2395
HA|PP755589.1|A/cattle/Texas/24-008749-003/2024(H5N1)	456	2470
HA|PP755589.1|A/cattle/Texas/24-008749-003/2024(H5N1)	457	2490
HA|PP755589.1|A/cattle/Texas/24-008749-003/2024(H5N1)	458	2488
HA|PP755589.1|A/cattle/Texas/24-008749-003/2024(H5N1)	459	2509
HA|PP755589.1|A/cattle/Texas/24-008749-003/2024(H5N1)	460	2482
HA|PP755589.1|A/cattle/Texas/24-008749-003/2024(H5N1)	461	2390
HA|PP755589.1|A/cattle/Texas/24-008749-003/2024(H5N1)	462	2398
HA|PP755589.1|A/cattle/Texas/24-008749-003/2024(H5N1)	463	2416
HA|PP755589.1|A/cattle/Texas/24-008749-003/2024(H5N1)	464	2418
HA|PP755589.1|A/cattle/Texas/24-008749-003/2024(H5N1)	465	2369
HA|PP755589.1|A/cattle/Texas/24-008749-003/2024(H5N1)	466	2256
HA|PP755589.1|A/cattle/Texas/24-008749-003/2024(H5N1)	467	2253
HA|PP755589.1|A/cattle/Texas/24-008749-003/2024(H5N1)	468	2231
HA|PP755589.1|A/cattle/Texas/24-008749-003/2024(H5N1)	469	2224
HA|PP755589.1|A/cattle/Texas/24-008749-003/2024(H5N1)	470	2176
HA|PP755589.1|A/cattle/Texas/24-008749-003/2024(H5N1)	471	2176
HA|PP755589.1|A/cattle/Texas/24-008749-003/2024(H5N1)	472	2166
HA|PP755589.1|A/cattle/Texas/24-008749-003/2024(H5N1)	473	2166
HA|PP755589.1|A/cattle/Texas/24-008749-003/2024(H5N1)	474	2165
HA|PP755589.1|A/cattle/Texas/24-008749-003/2024(H5N1)	475	2156
HA|PP755589.1|A/cattle/Texas/24-008749-003/2024(H5N1)	476	2157
HA|PP755589.1|A/cattle/Texas/24-008749-003/2024(H5N1)	477	2165
HA|PP755589.1|A/cattle/Texas/24-008749-003/2024(H5N1)	478	2155
HA|PP755589.1|A/cattle/Texas/24-008749-003/2024(H5N1)	479	2157
HA|PP755589.1|A/cattle/Texas/24-008749-003/2024(H5N1)	480	2114
HA|PP755589.1|A/cattle/Texas/24-008749-003/2024(H5N1)	481	2112
HA|PP755589.1|A/cattle/Texas/24-008749-003/2024(H5N1)	482	2104
HA|PP755589.1|A/cattle/Texas/24-008749-003/2024(H5N1)	483	2106
HA|PP755589.1|A/cattle/Texas/24-008749-003/2024(H5N1)	484	2121
HA|PP755589.1|A/cattle/Texas/24-008749-003/2024(H5N1)	485	2133
HA|PP755589.1|A/cattle/Texas/24-008749-003/2024(H5N1)	486	2139
HA|PP755589.1|A/cattle/Texas/24-008749-003/2024(H5N1)	487	2148
HA|PP755589.1|A/cattle/Texas/24-008749-003/2024(H5N1)	488	2148
HA|PP755589.1|A/cattle/Texas/24-008749-003/2024(H5N1)	489	2148
HA|PP755589.1|A/cattle/Texas/24-008749-003/2024(H5N1)	490	2150
HA|PP755589.1|A/cattle/Texas/24-008749-003/2024(H5N1)	491	2155
HA|PP755589.1|A/cattle/Texas/24-008749-003/2024(H5N1)	492	2138
HA|PP755589.1|A/cattle/Texas/24-008749-003/2024(H5N1)	493	2145
HA|PP755589.1|A/cattle/Texas/24-008749-003/2024(H5N1)	494	2141
HA|PP755589.1|A/cattle/Texas/24-008749-003/2024(H5N1)	495	2147
HA|PP755589.1|A/cattle/Texas/24-008749-003/2024(H5N1)	496	2139
HA|PP755589.1|A/cattle/Texas/24-008749-003/2024(H5N1)	497	2140
HA|PP755589.1|A/cattle/Texas/24-008749-003/2024(H5N1)	498	2115
HA|PP755589.1|A/cattle/Texas/24-008749-003/2024(H5N1)	499	2114
HA|PP755589.1|A/cattle/Texas/24-008749-003/2024(H5N1)	500	2105
HA|PP755589.1|A/cattle/Texas/24-008749-003/2024(H5N1)	501	2102
HA|PP755589.1|A/cattle/Texas/24-008749-003/2024(H5N1)	502	2103
HA|PP755589.1|A/cattle/Texas/24-008749-003/2024(H5N1)	503	2102
HA|PP755589.1|A/cattle/Texas/24-008749-003/2024(H5N1)	504	2088
HA|PP755589.1|A/cattle/Texas/24-008749-003/2024(H5N1)	505	2089
HA|PP755589.1|A/cattle/Texas/24-008749-003/2024(H5N1)	506	2077
HA|PP755589.1|A/cattle/Texas/24-008749-003/2024(H5N1)	507	2099
HA|PP755589.1|A/cattle/Texas/24-008749-003/2024(H5N1)	508	2088
HA|PP755589.1|A/cattle/Texas/24-008749-003/2024(H5N1)	509	2078
HA|PP755589.1|A/cattle/Texas/24-008749-003/2024(H5N1)	510	2071
HA|PP755589.1|A/cattle/Texas/24-008749-003/2024(H5N1)	511	2065
HA|PP755589.1|A/cattle/Texas/24-008749-003/2024(H5N1)	512	2157
HA|PP755589.1|A/cattle/Texas/24-008749-003/2024(H5N1)	513	2161
HA|PP755589.1|A/cattle/Texas/24-008749-003/2024(H5N1)	514	2149
HA|PP755589.1|A/cattle/Texas/24-008749-003/2024(H5N1)	515	2151
HA|PP755589.1|A/cattle/Texas/24-008749-003/2024(H5N1)	516	2156
HA|PP755589.1|A/cattle/Texas/24-008749-003/2024(H5N1)	517	2205
HA|PP755589.1|A/cattle/Texas/24-008749-003/2024(H5N1)	518	2197
HA|PP755589.1|A/cattle/Texas/24-008749-003/2024(H5N1)	519	2140
HA|PP755589.1|A/cattle/Texas/24-008749-003/2024(H5N1)	520	2133
HA|PP755589.1|A/cattle/Texas/24-008749-003/2024(H5N1)	521	2075
HA|PP755589.1|A/cattle/Texas/24-008749-003/2024(H5N1)	522	2104
HA|PP755589.1|A/cattle/Texas/24-008749-003/2024(H5N1)	523	2103
HA|PP755589.1|A/cattle/Texas/24-008749-003/2024(H5N1)	524	2168
HA|PP755589.1|A/cattle/Texas/24-008749-003/2024(H5N1)	525	2149
HA|PP755589.1|A/cattle/Texas/24-008749-003/2024(H5N1)	526	2152
HA|PP755589.1|A/cattle/Texas/24-008749-003/2024(H5N1)	527	2152
HA|PP755589.1|A/cattle/Texas/24-008749-003/2024(H5N1)	528	2141
HA|PP755589.1|A/cattle/Texas/24-008749-003/2024(H5N1)	529	2181
HA|PP755589.1|A/cattle/Texas/24-008749-003/2024(H5N1)	530	2185
HA|PP755589.1|A/cattle/Texas/24-008749-003/2024(H5N1)	531	2190
HA|PP755589.1|A/cattle/Texas/24-008749-003/2024(H5N1)	532	2183
HA|PP755589.1|A/cattle/Texas/24-008749-003/2024(H5N1)	533	2142
HA|PP755589.1|A/cattle/Texas/24-008749-003/2024(H5N1)	534	2141
HA|PP755589.1|A/cattle/Texas/24-008749-003/2024(H5N1)	535	2174
HA|PP755589.1|A/cattle/Texas/24-008749-003/2024(H5N1)	536	2187
HA|PP755589.1|A/cattle/Texas/24-008749-003/2024(H5N1)	537	2134
HA|PP755589.1|A/cattle/Texas/24-008749-003/2024(H5N1)	538	2132
HA|PP755589.1|A/cattle/Texas/24-008749-003/2024(H5N1)	539	2127
HA|PP755589.1|A/cattle/Texas/24-008749-003/2024(H5N1)	540	2242
HA|PP755589.1|A/cattle/Texas/24-008749-003/2024(H5N1)	541	2236
HA|PP755589.1|A/cattle/Texas/24-008749-003/2024(H5N1)	542	2239
HA|PP755589.1|A/cattle/Texas/24-008749-003/2024(H5N1)	543	2239
HA|PP755589.1|A/cattle/Texas/24-008749-003/2024(H5N1)	544	2182
HA|PP755589.1|A/cattle/Texas/24-008749-003/2024(H5N1)	545	2193
HA|PP755589.1|A/cattle/Texas/24-008749-003/2024(H5N1)	546	2197
HA|PP755589.1|A/cattle/Texas/24-008749-003/2024(H5N1)	547	2223
HA|PP755589.1|A/cattle/Texas/24-008749-003/2024(H5N1)	548	2176
HA|PP755589.1|A/cattle/Texas/24-008749-003/2024(H5N1)	549	2098
HA|PP755589.1|A/cattle/Texas/24-008749-003/2024(H5N1)	550	2106
HA|PP755589.1|A/cattle/Texas/24-008749-003/2024(H5N1)	551	2102
HA|PP755589.1|A/cattle/Texas/24-008749-003/2024(H5N1)	552	2098
HA|PP755589.1|A/cattle/Texas/24-008749-003/2024(H5N1)	553	2090
HA|PP755589.1|A/cattle/Texas/24-008749-003/2024(H5N1)	554	2083
HA|PP755589.1|A/cattle/Texas/24-008749-003/2024(H5N1)	555	2094
HA|PP755589.1|A/cattle/Texas/24-008749-003/2024(H5N1)	556	2101
HA|PP755589.1|A/cattle/Texas/24-008749-003/2024(H5N1)	557	2105
HA|PP755589.1|A/cattle/Texas/24-008749-003/2024(H5N1)	558	2079
HA|PP755589.1|A/cattle/Texas/24-008749-003/2024(H5N1)	559	2091
HA|PP755589.1|A/cattle/Texas/24-008749-003/2024(H5N1)	560	2110
HA|PP755589.1|A/cattle/Texas/24-008749-003/2024(H5N1)	561	2138
HA|PP755589.1|A/cattle/Texas/24-008749-003/2024(H5N1)	562	2167
HA|PP755589.1|A/cattle/Texas/24-008749-003/2024(H5N1)	563	2205
HA|PP755589.1|A/cattle/Texas/24-008749-003/2024(H5N1)	564	2244
HA|PP755589.1|A/cattle/Texas/24-008749-003/2024(H5N1)	565	2237
HA|PP755589.1|A/cattle/Texas/24-008749-003/2024(H5N1)	566	2238
HA|PP755589.1|A/cattle/Texas/24-008749-003/2024(H5N1)	567	2238
HA|PP755589.1|A/cattle/Texas/24-008749-003/2024(H5N1)	568	2241
HA|PP755589.1|A/cattle/Texas/24-008749-003/2024(H5N1)	569	2233
HA|PP755589.1|A/cattle/Texas/24-008749-003/2024(H5N1)	570	2211
HA|PP755589.1|A/cattle/Texas/24-008749-003/2024(H5N1)	571	2242
HA|PP755589.1|A/cattle/Texas/24-008749-003/2024(H5N1)	572	2195
HA|PP755589.1|A/cattle/Texas/24-008749-003/2024(H5N1)	573	2277
HA|PP755589.1|A/cattle/Texas/24-008749-003/2024(H5N1)	574	2255
HA|PP755589.1|A/cattle/Texas/24-008749-003/2024(H5N1)	575	2260
HA|PP755589.1|A/cattle/Texas/24-008749-003/2024(H5N1)	576	2255
HA|PP755589.1|A/cattle/Texas/24-008749-003/2024(H5N1)	577	2238
HA|PP755589.1|A/cattle/Texas/24-008749-003/2024(H5N1)	578	2276
HA|PP755589.1|A/cattle/Texas/24-008749-003/2024(H5N1)	579	2241
HA|PP755589.1|A/cattle/Texas/24-008749-003/2024(H5N1)	580	2255
HA|PP755589.1|A/cattle/Texas/24-008749-003/2024(H5N1)	581	2241
HA|PP755589.1|A/cattle/Texas/24-008749-003/2024(H5N1)	582	2139
HA|PP755589.1|A/cattle/Texas/24-008749-003/2024(H5N1)	583	2117
HA|PP755589.1|A/cattle/Texas/24-008749-003/2024(H5N1)	584	2109
HA|PP755589.1|A/cattle/Texas/24-008749-003/2024(H5N1)	585	2143
HA|PP755589.1|A/cattle/Texas/24-008749-003/2024(H5N1)	586	2133
HA|PP755589.1|A/cattle/Texas/24-008749-003/2024(H5N1)	587	2101
HA|PP755589.1|A/cattle/Texas/24-008749-003/2024(H5N1)	588	2122
HA|PP755589.1|A/cattle/Texas/24-008749-003/2024(H5N1)	589	2101
HA|PP755589.1|A/cattle/Texas/24-008749-003/2024(H5N1)	590	2251
HA|PP755589.1|A/cattle/Texas/24-008749-003/2024(H5N1)	591	2250
HA|PP755589.1|A/cattle/Texas/24-008749-003/2024(H5N1)	592	2239
HA|PP755589.1|A/cattle/Texas/24-008749-003/2024(H5N1)	593	2231
HA|PP755589.1|A/cattle/Texas/24-008749-003/2024(H5N1)	594	2254
HA|PP755589.1|A/cattle/Texas/24-008749-003/2024(H5N1)	595	2246
HA|PP755589.1|A/cattle/Texas/24-008749-003/2024(H5N1)	596	2331
HA|PP755589.1|A/cattle/Texas/24-008749-003/2024(H5N1)	597	2285
HA|PP755589.1|A/cattle/Texas/24-008749-003/2024(H5N1)	598	2287
HA|PP755589.1|A/cattle/Texas/24-008749-003/2024(H5N1)	599	2281
HA|PP755589.1|A/cattle/Texas/24-008749-003/2024(H5N1)	600	2253
HA|PP755589.1|A/cattle/Texas/24-008749-003/2024(H5N1)	601	2262
HA|PP755589.1|A/cattle/Texas/24-008749-003/2024(H5N1)	602	2325
HA|PP755589.1|A/cattle/Texas/24-008749-003/2024(H5N1)	603	2232
HA|PP755589.1|A/cattle/Texas/24-008749-003/2024(H5N1)	604	2241
HA|PP755589.1|A/cattle/Texas/24-008749-003/2024(H5N1)	605	2185
HA|PP755589.1|A/cattle/Texas/24-008749-003/2024(H5N1)	606	2188
HA|PP755589.1|A/cattle/Texas/24-008749-003/2024(H5N1)	607	2106
HA|PP755589.1|A/cattle/Texas/24-008749-003/2024(H5N1)	608	2113
HA|PP755589.1|A/cattle/Texas/24-008749-003/2024(H5N1)	609	2129
HA|PP755589.1|A/cattle/Texas/24-008749-003/2024(H5N1)	610	2115
HA|PP755589.1|A/cattle/Texas/24-008749-003/2024(H5N1)	611	2119
HA|PP755589.1|A/cattle/Texas/24-008749-003/2024(H5N1)	612	2119
HA|PP755589.1|A/cattle/Texas/24-008749-003/2024(H5N1)	613	2110
HA|PP755589.1|A/cattle/Texas/24-008749-003/2024(H5N1)	614	2103
HA|PP755589.1|A/cattle/Texas/24-008749-003/2024(H5N1)	615	2109
HA|PP755589.1|A/cattle/Texas/24-008749-003/2024(H5N1)	616	2195
HA|PP755589.1|A/cattle/Texas/24-008749-003/2024(H5N1)	617	2178
HA|PP755589.1|A/cattle/Texas/24-008749-003/2024(H5N1)	618	2172
HA|PP755589.1|A/cattle/Texas/24-008749-003/2024(H5N1)	619	2171
HA|PP755589.1|A/cattle/Texas/24-008749-003/2024(H5N1)	620	2177
HA|PP755589.1|A/cattle/Texas/24-008749-003/2024(H5N1)	621	2178
HA|PP755589.1|A/cattle/Texas/24-008749-003/2024(H5N1)	622	2170
HA|PP755589.1|A/cattle/Texas/24-008749-003/2024(H5N1)	623	2171
HA|PP755589.1|A/cattle/Texas/24-008749-003/2024(H5N1)	624	2169
HA|PP755589.1|A/cattle/Texas/24-008749-003/2024(H5N1)	625	2172
HA|PP755589.1|A/cattle/Texas/24-008749-003/2024(H5N1)	626	2180
HA|PP755589.1|A/cattle/Texas/24-008749-003/2024(H5N1)	627	2187
HA|PP755589.1|A/cattle/Texas/24-008749-003/2024(H5N1)	628	2183
HA|PP755589.1|A/cattle/Texas/24-008749-003/2024(H5N1)	629	2182
HA|PP755589.1|A/cattle/Texas/24-008749-003/2024(H5N1)	630	2179
HA|PP755589.1|A/cattle/Texas/24-008749-003/2024(H5N1)	631	2186
HA|PP755589.1|A/cattle/Texas/24-008749-003/2024(H5N1)	632	2185
HA|PP755589.1|A/cattle/Texas/24-008749-003/2024(H5N1)	633	2205
HA|PP755589.1|A/cattle/Texas/24-008749-003/2024(H5N1)	634	2204
HA|PP755589.1|A/cattle/Texas/24-008749-003/2024(H5N1)	635	2199
HA|PP755589.1|A/cattle/Texas/24-008749-003/2024(H5N1)	636	2190
HA|PP755589.1|A/cattle/Texas/24-008749-003/2024(H5N1)	637	2179
HA|PP755589.1|A/cattle/Texas/24-008749-003/2024(H5N1)	638	2190
HA|PP755589.1|A/cattle/Texas/24-008749-003/2024(H5N1)	639	2185
HA|PP755589.1|A/cattle/Texas/24-008749-003/2024(H5N1)	640	2166
HA|PP755589.1|A/cattle/Texas/24-008749-003/2024(H5N1)	641	2165
HA|PP755589.1|A/cattle/Texas/24-008749-003/2024(H5N1)	642	2148
HA|PP755589.1|A/cattle/Texas/24-008749-003/2024(H5N1)	643	2143
HA|PP755589.1|A/cattle/Texas/24-008749-003/2024(H5N1)	644	2131
HA|PP755589.1|A/cattle/Texas/24-008749-003/2024(H5N1)	645	2130
HA|PP755589.1|A/cattle/Texas/24-008749-003/2024(H5N1)	646	2129
HA|PP755589.1|A/cattle/Texas/24-008749-003/2024(H5N1)	647	2118
HA|PP755589.1|A/cattle/Texas/24-008749-003/2024(H5N1)	648	2104
HA|PP755589.1|A/cattle/Texas/24-008749-003/2024(H5N1)	649	2104
HA|PP755589.1|A/cattle/Texas/24-008749-003/2024(H5N1)	650	2104
HA|PP755589.1|A/cattle/Texas/24-008749-003/2024(H5N1)	651	2173
HA|PP755589.1|A/cattle/Texas/24-008749-003/2024(H5N1)	652	2200
HA|PP755589.1|A/cattle/Texas/24-008749-003/2024(H5N1)	653	2201
HA|PP755589.1|A/cattle/Texas/24-008749-003/2024(H5N1)	654	2206
HA|PP755589.1|A/cattle/Texas/24-008749-003/2024(H5N1)	655	2209
HA|PP755589.1|A/cattle/Texas/24-008749-003/2024(H5N1)	656	2214
HA|PP755589.1|A/cattle/Texas/24-008749-003/2024(H5N1)	657	2214
HA|PP755589.1|A/cattle/Texas/24-008749-003/2024(H5N1)	658	2253
HA|PP755589.1|A/cattle/Texas/24-008749-003/2024(H5N1)	659	2277
HA|PP755589.1|A/cattle/Texas/24-008749-003/2024(H5N1)	660	2277
HA|PP755589.1|A/cattle/Texas/24-008749-003/2024(H5N1)	661	2281
HA|PP755589.1|A/cattle/Texas/24-008749-003/2024(H5N1)	662	2278
HA|PP755589.1|A/cattle/Texas/24-008749-003/2024(H5N1)	663	2195
HA|PP755589.1|A/cattle/Texas/24-008749-003/2024(H5N1)	664	2219
HA|PP755589.1|A/cattle/Texas/24-008749-003/2024(H5N1)	665	2229
HA|PP755589.1|A/cattle/Texas/24-008749-003/2024(H5N1)	666	2230
HA|PP755589.1|A/cattle/Texas/24-008749-003/2024(H5N1)	667	2213
HA|PP755589.1|A/cattle/Texas/24-008749-003/2024(H5N1)	668	2165
HA|PP755589.1|A/cattle/Texas/24-008749-003/2024(H5N1)	669	2176
HA|PP755589.1|A/cattle/Texas/24-008749-003/2024(H5N1)	670	2170
HA|PP755589.1|A/cattle/Texas/24-008749-003/2024(H5N1)	671	2231
HA|PP755589.1|A/cattle/Texas/24-008749-003/2024(H5N1)	672	2229
HA|PP755589.1|A/cattle/Texas/24-008749-003/2024(H5N1)	673	2174
HA|PP755589.1|A/cattle/Texas/24-008749-003/2024(H5N1)	674	2174
HA|PP755589.1|A/cattle/Texas/24-008749-003/2024(H5N1)	675	2110
HA|PP755589.1|A/cattle/Texas/24-008749-003/2024(H5N1)	676	2114
HA|PP755589.1|A/cattle/Texas/24-008749-003/2024(H5N1)	677	2118
HA|PP755589.1|A/cattle/Texas/24-008749-003/2024(H5N1)	678	2114
HA|PP755589.1|A/cattle/Texas/24-008749-003/2024(H5N1)	679	2125
HA|PP755589.1|A/cattle/Texas/24-008749-003/2024(H5N1)	680	2067
HA|PP755589.1|A/cattle/Texas/24-008749-003/2024(H5N1)	681	2086
HA|PP755589.1|A/cattle/Texas/24-008749-003/2024(H5N1)	682	2085
HA|PP755589.1|A/cattle/Texas/24-008749-003/2024(H5N1)	683	2088
HA|PP755589.1|A/cattle/Texas/24-008749-003/2024(H5N1)	684	2090
HA|PP755589.1|A/cattle/Texas/24-008749-003/2024(H5N1)	685	2088
HA|PP755589.1|A/cattle/Texas/24-008749-003/2024(H5N1)	686	2067
HA|PP755589.1|A/cattle/Texas/24-008749-003/2024(H5N1)	687	2061
HA|PP755589.1|A/cattle/Texas/24-008749-003/2024(H5N1)	688	2056
HA|PP755589.1|A/cattle/Texas/24-008749-003/2024(H5N1)	689	1976
HA|PP755589.1|A/cattle/Texas/24-008749-003/2024(H5N1)	690	1977
HA|PP755589.1|A/cattle/Texas/24-008749-003/2024(H5N1)	691	2017
HA|PP755589.1|A/cattle/Texas/24-008749-003/2024(H5N1)	692	2014
HA|PP755589.1|A/cattle/Texas/24-008749-003/2024(H5N1)	693	2013
HA|PP755589.1|A/cattle/Texas/24-008749-003/2024(H5N1)	694	2013
HA|PP755589.1|A/cattle/Texas/24-008749-003/2024(H5N1)	695	2013
HA|PP755589.1|A/cattle/Texas/24-008749-003/2024(H5N1)	696	2036
HA|PP755589.1|A/cattle/Texas/24-008749-003/2024(H5N1)	697	2038
HA|PP755589.1|A/cattle/Texas/24-008749-003/2024(H5N1)	698	2018
HA|PP755589.1|A/cattle/Texas/24-008749-003/2024(H5N1)	699	2028
HA|PP755589.1|A/cattle/Texas/24-008749-003/2024(H5N1)	700	1995
HA|PP755589.1|A/cattle/Texas/24-008749-003/2024(H5N1)	701	1997
HA|PP755589.1|A/cattle/Texas/24-008749-003/2024(H5N1)	702	1999
HA|PP755589.1|A/cattle/Texas/24-008749-003/2024(H5N1)	703	2008
HA|PP755589.1|A/cattle/Texas/24-008749-003/2024(H5N1)	704	2003
HA|PP755589.1|A/cattle/Texas/24-008749-003/2024(H5N1)	705	1981
HA|PP755589.1|A/cattle/Texas/24-008749-003/2024(H5N1)	706	1985
HA|PP755589.1|A/cattle/Texas/24-008749-003/2024(H5N1)	707	1985
HA|PP755589.1|A/cattle/Texas/24-008749-003/2024(H5N1)	708	1984
HA|PP755589.1|A/cattle/Texas/24-008749-003/2024(H5N1)	709	1974
HA|PP755589.1|A/cattle/Texas/24-008749-003/2024(H5N1)	710	1996
HA|PP755589.1|A/cattle/Texas/24-008749-003/2024(H5N1)	711	1993
HA|PP755589.1|A/cattle/Texas/24-008749-003/2024(H5N1)	712	1954
HA|PP755589.1|A/cattle/Texas/24-008749-003/2024(H5N1)	713	1965
HA|PP755589.1|A/cattle/Texas/24-008749-003/2024(H5N1)	714	2140
HA|PP755589.1|A/cattle/Texas/24-008749-003/2024(H5N1)	715	2147
HA|PP755589.1|A/cattle/Texas/24-008749-003/2024(H5N1)	716	2151
HA|PP755589.1|A/cattle/Texas/24-008749-003/2024(H5N1)	717	2151
HA|PP755589.1|A/cattle/Texas/24-008749-003/2024(H5N1)	718	2147
HA|PP755589.1|A/cattle/Texas/24-008749-003/2024(H5N1)	719	2138
HA|PP755589.1|A/cattle/Texas/24-008749-003/2024(H5N1)	720	2151
HA|PP755589.1|A/cattle/Texas/24-008749-003/2024(H5N1)	721	2147
HA|PP755589.1|A/cattle/Texas/24-008749-003/2024(H5N1)	722	2125
HA|PP755589.1|A/cattle/Texas/24-008749-003/2024(H5N1)	723	2066
HA|PP755589.1|A/cattle/Texas/24-008749-003/2024(H5N1)	724	1980
HA|PP755589.1|A/cattle/Texas/24-008749-003/2024(H5N1)	725	2022
HA|PP755589.1|A/cattle/Texas/24-008749-003/2024(H5N1)	726	2017
HA|PP755589.1|A/cattle/Texas/24-008749-003/2024(H5N1)	727	2042
HA|PP755589.1|A/cattle/Texas/24-008749-003/2024(H5N1)	728	2026
HA|PP755589.1|A/cattle/Texas/24-008749-003/2024(H5N1)	729	1992
HA|PP755589.1|A/cattle/Texas/24-008749-003/2024(H5N1)	730	1972
HA|PP755589.1|A/cattle/Texas/24-008749-003/2024(H5N1)	731	1970
HA|PP755589.1|A/cattle/Texas/24-008749-003/2024(H5N1)	732	2137
HA|PP755589.1|A/cattle/Texas/24-008749-003/2024(H5N1)	733	2139
HA|PP755589.1|A/cattle/Texas/24-008749-003/2024(H5N1)	734	2139
HA|PP755589.1|A/cattle/Texas/24-008749-003/2024(H5N1)	735	2118
HA|PP755589.1|A/cattle/Texas/24-008749-003/2024(H5N1)	736	2095
HA|PP755589.1|A/cattle/Texas/24-008749-003/2024(H5N1)	737	2103
HA|PP755589.1|A/cattle/Texas/24-008749-003/2024(H5N1)	738	2105
HA|PP755589.1|A/cattle/Texas/24-008749-003/2024(H5N1)	739	2110
HA|PP755589.1|A/cattle/Texas/24-008749-003/2024(H5N1)	740	2114
HA|PP755589.1|A/cattle/Texas/24-008749-003/2024(H5N1)	741	1953
HA|PP755589.1|A/cattle/Texas/24-008749-003/2024(H5N1)	742	1961
HA|PP755589.1|A/cattle/Texas/24-008749-003/2024(H5N1)	743	1992
HA|PP755589.1|A/cattle/Texas/24-008749-003/2024(H5N1)	744	2010
HA|PP755589.1|A/cattle/Texas/24-008749-003/2024(H5N1)	745	2063
HA|PP755589.1|A/cattle/Texas/24-008749-003/2024(H5N1)	746	2066
HA|PP755589.1|A/cattle/Texas/24-008749-003/2024(H5N1)	747	1992
HA|PP755589.1|A/cattle/Texas/24-008749-003/2024(H5N1)	748	2001
HA|PP755589.1|A/cattle/Texas/24-008749-003/2024(H5N1)	749	1997
HA|PP755589.1|A/cattle/Texas/24-008749-003/2024(H5N1)	750	1996
HA|PP755589.1|A/cattle/Texas/24-008749-003/2024(H5N1)	751	1986
HA|PP755589.1|A/cattle/Texas/24-008749-003/2024(H5N1)	752	1939
HA|PP755589.1|A/cattle/Texas/24-008749-003/2024(H5N1)	753	1918
HA|PP755589.1|A/cattle/Texas/24-008749-003/2024(H5N1)	754	1915
HA|PP755589.1|A/cattle/Texas/24-008749-003/2024(H5N1)	755	1911
HA|PP755589.1|A/cattle/Texas/24-008749-003/2024(H5N1)	756	1912
HA|PP755589.1|A/cattle/Texas/24-008749-003/2024(H5N1)	757	1908
HA|PP755589.1|A/cattle/Texas/24-008749-003/2024(H5N1)	758	1987
HA|PP755589.1|A/cattle/Texas/24-008749-003/2024(H5N1)	759	1976
HA|PP755589.1|A/cattle/Texas/24-008749-003/2024(H5N1)	760	1961
HA|PP755589.1|A/cattle/Texas/24-008749-003/2024(H5N1)	761	1982
HA|PP755589.1|A/cattle/Texas/24-008749-003/2024(H5N1)	762	1963
HA|PP755589.1|A/cattle/Texas/24-008749-003/2024(H5N1)	763	1977
HA|PP755589.1|A/cattle/Texas/24-008749-003/2024(H5N1)	764	1971
HA|PP755589.1|A/cattle/Texas/24-008749-003/2024(H5N1)	765	1970
HA|PP755589.1|A/cattle/Texas/24-008749-003/2024(H5N1)	766	1973
HA|PP755589.1|A/cattle/Texas/24-008749-003/2024(H5N1)	767	1880
HA|PP755589.1|A/cattle/Texas/24-008749-003/2024(H5N1)	768	1890
HA|PP755589.1|A/cattle/Texas/24-008749-003/2024(H5N1)	769	1888
HA|PP755589.1|A/cattle/Texas/24-008749-003/2024(H5N1)	770	1888
HA|PP755589.1|A/cattle/Texas/24-008749-003/2024(H5N1)	771	1881
HA|PP755589.1|A/cattle/Texas/24-008749-003/2024(H5N1)	772	1880
HA|PP755589.1|A/cattle/Texas/24-008749-003/2024(H5N1)	773	1879
HA|PP755589.1|A/cattle/Texas/24-008749-003/2024(H5N1)	774	1899
HA|PP755589.1|A/cattle/Texas/24-008749-003/2024(H5N1)	775	1895
HA|PP755589.1|A/cattle/Texas/24-008749-003/2024(H5N1)	776	1895
HA|PP755589.1|A/cattle/Texas/24-008749-003/2024(H5N1)	777	1902
HA|PP755589.1|A/cattle/Texas/24-008749-003/2024(H5N1)	778	1893
HA|PP755589.1|A/cattle/Texas/24-008749-003/2024(H5N1)	779	1911
HA|PP755589.1|A/cattle/Texas/24-008749-003/2024(H5N1)	780	1911
HA|PP755589.1|A/cattle/Texas/24-008749-003/2024(H5N1)	781	1912
HA|PP755589.1|A/cattle/Texas/24-008749-003/2024(H5N1)	782	1907
HA|PP755589.1|A/cattle/Texas/24-008749-003/2024(H5N1)	783	1917
HA|PP755589.1|A/cattle/Texas/24-008749-003/2024(H5N1)	784	2032
HA|PP755589.1|A/cattle/Texas/24-008749-003/2024(H5N1)	785	2051
HA|PP755589.1|A/cattle/Texas/24-008749-003/2024(H5N1)	786	2040
HA|PP755589.1|A/cattle/Texas/24-008749-003/2024(H5N1)	787	2062
HA|PP755589.1|A/cattle/Texas/24-008749-003/2024(H5N1)	788	2063
HA|PP755589.1|A/cattle/Texas/24-008749-003/2024(H5N1)	789	2047
HA|PP755589.1|A/cattle/Texas/24-008749-003/2024(H5N1)	790	2046
HA|PP755589.1|A/cattle/Texas/24-008749-003/2024(H5N1)	791	2053
HA|PP755589.1|A/cattle/Texas/24-008749-003/2024(H5N1)	792	2080
HA|PP755589.1|A/cattle/Texas/24-008749-003/2024(H5N1)	793	2141
HA|PP755589.1|A/cattle/Texas/24-008749-003/2024(H5N1)	794	2177
HA|PP755589.1|A/cattle/Texas/24-008749-003/2024(H5N1)	795	2181
HA|PP755589.1|A/cattle/Texas/24-008749-003/2024(H5N1)	796	2200
HA|PP755589.1|A/cattle/Texas/24-008749-003/2024(H5N1)	797	2201
HA|PP755589.1|A/cattle/Texas/24-008749-003/2024(H5N1)	798	2215
HA|PP755589.1|A/cattle/Texas/24-008749-003/2024(H5N1)	799	2243
HA|PP755589.1|A/cattle/Texas/24-008749-003/2024(H5N1)	800	2387
HA|PP755589.1|A/cattle/Texas/24-008749-003/2024(H5N1)	801	2412
HA|PP755589.1|A/cattle/Texas/24-008749-003/2024(H5N1)	802	2345
HA|PP755589.1|A/cattle/Texas/24-008749-003/2024(H5N1)	803	2320
HA|PP755589.1|A/cattle/Texas/24-008749-003/2024(H5N1)	804	2324
HA|PP755589.1|A/cattle/Texas/24-008749-003/2024(H5N1)	805	2318
HA|PP755589.1|A/cattle/Texas/24-008749-003/2024(H5N1)	806	2335
HA|PP755589.1|A/cattle/Texas/24-008749-003/2024(H5N1)	807	2338
HA|PP755589.1|A/cattle/Texas/24-008749-003/2024(H5N1)	808	2313
HA|PP755589.1|A/cattle/Texas/24-008749-003/2024(H5N1)	809	2283
HA|PP755589.1|A/cattle/Texas/24-008749-003/2024(H5N1)	810	2265
HA|PP755589.1|A/cattle/Texas/24-008749-003/2024(H5N1)	811	2277
HA|PP755589.1|A/cattle/Texas/24-008749-003/2024(H5N1)	812	2295
HA|PP755589.1|A/cattle/Texas/24-008749-003/2024(H5N1)	813	2295
HA|PP755589.1|A/cattle/Texas/24-008749-003/2024(H5N1)	814	2298
HA|PP755589.1|A/cattle/Texas/24-008749-003/2024(H5N1)	815	2269
HA|PP755589.1|A/cattle/Texas/24-008749-003/2024(H5N1)	816	2260
HA|PP755589.1|A/cattle/Texas/24-008749-003/2024(H5N1)	817	2255
HA|PP755589.1|A/cattle/Texas/24-008749-003/2024(H5N1)	818	2250
HA|PP755589.1|A/cattle/Texas/24-008749-003/2024(H5N1)	819	2248
HA|PP755589.1|A/cattle/Texas/24-008749-003/2024(H5N1)	820	2239
HA|PP755589.1|A/cattle/Texas/24-008749-003/2024(H5N1)	821	2237
HA|PP755589.1|A/cattle/Texas/24-008749-003/2024(H5N1)	822	2191
HA|PP755589.1|A/cattle/Texas/24-008749-003/2024(H5N1)	823	2195
HA|PP755589.1|A/cattle/Texas/24-008749-003/2024(H5N1)	824	2196
HA|PP755589.1|A/cattle/Texas/24-008749-003/2024(H5N1)	825	2195
HA|PP755589.1|A/cattle/Texas/24-008749-003/2024(H5N1)	826	2191
HA|PP755589.1|A/cattle/Texas/24-008749-003/2024(H5N1)	827	2190
HA|PP755589.1|A/cattle/Texas/24-008749-003/2024(H5N1)	828	2196
HA|PP755589.1|A/cattle/Texas/24-008749-003/2024(H5N1)	829	2192
HA|PP755589.1|A/cattle/Texas/24-008749-003/2024(H5N1)	830	2188
HA|PP755589.1|A/cattle/Texas/24-008749-003/2024(H5N1)	831	2196
HA|PP755589.1|A/cattle/Texas/24-008749-003/2024(H5N1)	832	2178
HA|PP755589.1|A/cattle/Texas/24-008749-003/2024(H5N1)	833	2181
HA|PP755589.1|A/cattle/Texas/24-008749-003/2024(H5N1)	834	2181
HA|PP755589.1|A/cattle/Texas/24-008749-003/2024(H5N1)	835	2219
HA|PP755589.1|A/cattle/Texas/24-008749-003/2024(H5N1)	836	2219
HA|PP755589.1|A/cattle/Texas/24-008749-003/2024(H5N1)	837	2203
HA|PP755589.1|A/cattle/Texas/24-008749-003/2024(H5N1)	838	2203
HA|PP755589.1|A/cattle/Texas/24-008749-003/2024(H5N1)	839	2201
HA|PP755589.1|A/cattle/Texas/24-008749-003/2024(H5N1)	840	2171
HA|PP755589.1|A/cattle/Texas/24-008749-003/2024(H5N1)	841	2173
HA|PP755589.1|A/cattle/Texas/24-008749-003/2024(H5N1)	842	2149
HA|PP755589.1|A/cattle/Texas/24-008749-003/2024(H5N1)	843	2147
HA|PP755589.1|A/cattle/Texas/24-008749-003/2024(H5N1)	844	2148
HA|PP755589.1|A/cattle/Texas/24-008749-003/2024(H5N1)	845	2149
HA|PP755589.1|A/cattle/Texas/24-008749-003/2024(H5N1)	846	2147
HA|PP755589.1|A/cattle/Texas/24-008749-003/2024(H5N1)	847	2120
HA|PP755589.1|A/cattle/Texas/24-008749-003/2024(H5N1)	848	2120
HA|PP755589.1|A/cattle/Texas/24-008749-003/2024(H5N1)	849	2130
HA|PP755589.1|A/cattle/Texas/24-008749-003/2024(H5N1)	850	2126
HA|PP755589.1|A/cattle/Texas/24-008749-003/2024(H5N1)	851	2149
HA|PP755589.1|A/cattle/Texas/24-008749-003/2024(H5N1)	852	2146
HA|PP755589.1|A/cattle/Texas/24-008749-003/2024(H5N1)	853	2162
HA|PP755589.1|A/cattle/Texas/24-008749-003/2024(H5N1)	854	2185
HA|PP755589.1|A/cattle/Texas/24-008749-003/2024(H5N1)	855	2201
HA|PP755589.1|A/cattle/Texas/24-008749-003/2024(H5N1)	856	2362
HA|PP755589.1|A/cattle/Texas/24-008749-003/2024(H5N1)	857	2358
HA|PP755589.1|A/cattle/Texas/24-008749-003/2024(H5N1)	858	2359
HA|PP755589.1|A/cattle/Texas/24-008749-003/2024(H5N1)	859	2377
HA|PP755589.1|A/cattle/Texas/24-008749-003/2024(H5N1)	860	2342
HA|PP755589.1|A/cattle/Texas/24-008749-003/2024(H5N1)	861	2339
HA|PP755589.1|A/cattle/Texas/24-008749-003/2024(H5N1)	862	2332
HA|PP755589.1|A/cattle/Texas/24-008749-003/2024(H5N1)	863	2336
HA|PP755589.1|A/cattle/Texas/24-008749-003/2024(H5N1)	864	2272
HA|PP755589.1|A/cattle/Texas/24-008749-003/2024(H5N1)	865	2105
HA|PP755589.1|A/cattle/Texas/24-008749-003/2024(H5N1)	866	2067
HA|PP755589.1|A/cattle/Texas/24-008749-003/2024(H5N1)	867	2116
HA|PP755589.1|A/cattle/Texas/24-008749-003/2024(H5N1)	868	2124
HA|PP755589.1|A/cattle/Texas/24-008749-003/2024(H5N1)	869	2120
HA|PP755589.1|A/cattle/Texas/24-008749-003/2024(H5N1)	870	2115
HA|PP755589.1|A/cattle/Texas/24-008749-003/2024(H5N1)	871	2100
HA|PP755589.1|A/cattle/Texas/24-008749-003/2024(H5N1)	872	2086
HA|PP755589.1|A/cattle/Texas/24-008749-003/2024(H5N1)	873	2098
HA|PP755589.1|A/cattle/Texas/24-008749-003/2024(H5N1)	874	2101
HA|PP755589.1|A/cattle/Texas/24-008749-003/2024(H5N1)	875	2102
HA|PP755589.1|A/cattle/Texas/24-008749-003/2024(H5N1)	876	2045
HA|PP755589.1|A/cattle/Texas/24-008749-003/2024(H5N1)	877	2041
HA|PP755589.1|A/cattle/Texas/24-008749-003/2024(H5N1)	878	2027
HA|PP755589.1|A/cattle/Texas/24-008749-003/2024(H5N1)	879	2029
HA|PP755589.1|A/cattle/Texas/24-008749-003/2024(H5N1)	880	2041
HA|PP755589.1|A/cattle/Texas/24-008749-003/2024(H5N1)	881	2046
HA|PP755589.1|A/cattle/Texas/24-008749-003/2024(H5N1)	882	2036
HA|PP755589.1|A/cattle/Texas/24-008749-003/2024(H5N1)	883	1869
HA|PP755589.1|A/cattle/Texas/24-008749-003/2024(H5N1)	884	1877
HA|PP755589.1|A/cattle/Texas/24-008749-003/2024(H5N1)	885	1882
HA|PP755589.1|A/cattle/Texas/24-008749-003/2024(H5N1)	886	1892
HA|PP755589.1|A/cattle/Texas/24-008749-003/2024(H5N1)	887	1937
HA|PP755589.1|A/cattle/Texas/24-008749-003/2024(H5N1)	888	1938
HA|PP755589.1|A/cattle/Texas/24-008749-003/2024(H5N1)	889	1923
HA|PP755589.1|A/cattle/Texas/24-008749-003/2024(H5N1)	890	1928
HA|PP755589.1|A/cattle/Texas/24-008749-003/2024(H5N1)	891	1924
HA|PP755589.1|A/cattle/Texas/24-008749-003/2024(H5N1)	892	1924
HA|PP755589.1|A/cattle/Texas/24-008749-003/2024(H5N1)	893	1900
HA|PP755589.1|A/cattle/Texas/24-008749-003/2024(H5N1)	894	1870
HA|PP755589.1|A/cattle/Texas/24-008749-003/2024(H5N1)	895	1834
HA|PP755589.1|A/cattle/Texas/24-008749-003/2024(H5N1)	896	1783
HA|PP755589.1|A/cattle/Texas/24-008749-003/2024(H5N1)	897	1771
HA|PP755589.1|A/cattle/Texas/24-008749-003/2024(H5N1)	898	1770
HA|PP755589.1|A/cattle/Texas/24-008749-003/2024(H5N1)	899	1768
HA|PP755589.1|A/cattle/Texas/24-008749-003/2024(H5N1)	900	1769
HA|PP755589.1|A/cattle/Texas/24-008749-003/2024(H5N1)	901	1770
HA|PP755589.1|A/cattle/Texas/24-008749-003/2024(H5N1)	902	1768
HA|PP755589.1|A/cattle/Texas/24-008749-003/2024(H5N1)	903	1777
HA|PP755589.1|A/cattle/Texas/24-008749-003/2024(H5N1)	904	1767
HA|PP755589.1|A/cattle/Texas/24-008749-003/2024(H5N1)	905	1782
HA|PP755589.1|A/cattle/Texas/24-008749-003/2024(H5N1)	906	1783
HA|PP755589.1|A/cattle/Texas/24-008749-003/2024(H5N1)	907	1785
HA|PP755589.1|A/cattle/Texas/24-008749-003/2024(H5N1)	908	1722
HA|PP755589.1|A/cattle/Texas/24-008749-003/2024(H5N1)	909	1740
HA|PP755589.1|A/cattle/Texas/24-008749-003/2024(H5N1)	910	1739
HA|PP755589.1|A/cattle/Texas/24-008749-003/2024(H5N1)	911	1737
HA|PP755589.1|A/cattle/Texas/24-008749-003/2024(H5N1)	912	1719
HA|PP755589.1|A/cattle/Texas/24-008749-003/2024(H5N1)	913	1720
HA|PP755589.1|A/cattle/Texas/24-008749-003/2024(H5N1)	914	1705
HA|PP755589.1|A/cattle/Texas/24-008749-003/2024(H5N1)	915	1705
HA|PP755589.1|A/cattle/Texas/24-008749-003/2024(H5N1)	916	1913
HA|PP755589.1|A/cattle/Texas/24-008749-003/2024(H5N1)	917	1907
HA|PP755589.1|A/cattle/Texas/24-008749-003/2024(H5N1)	918	1906
HA|PP755589.1|A/cattle/Texas/24-008749-003/2024(H5N1)	919	1902
HA|PP755589.1|A/cattle/Texas/24-008749-003/2024(H5N1)	920	1919
HA|PP755589.1|A/cattle/Texas/24-008749-003/2024(H5N1)	921	1954
HA|PP755589.1|A/cattle/Texas/24-008749-003/2024(H5N1)	922	1961
HA|PP755589.1|A/cattle/Texas/24-008749-003/2024(H5N1)	923	1970
HA|PP755589.1|A/cattle/Texas/24-008749-003/2024(H5N1)	924	1985
HA|PP755589.1|A/cattle/Texas/24-008749-003/2024(H5N1)	925	1965
HA|PP755589.1|A/cattle/Texas/24-008749-003/2024(H5N1)	926	2081
HA|PP755589.1|A/cattle/Texas/24-008749-003/2024(H5N1)	927	2097
HA|PP755589.1|A/cattle/Texas/24-008749-003/2024(H5N1)	928	2100
HA|PP755589.1|A/cattle/Texas/24-008749-003/2024(H5N1)	929	2117
HA|PP755589.1|A/cattle/Texas/24-008749-003/2024(H5N1)	930	2122
HA|PP755589.1|A/cattle/Texas/24-008749-003/2024(H5N1)	931	2131
HA|PP755589.1|A/cattle/Texas/24-008749-003/2024(H5N1)	932	2130
HA|PP755589.1|A/cattle/Texas/24-008749-003/2024(H5N1)	933	2126
HA|PP755589.1|A/cattle/Texas/24-008749-003/2024(H5N1)	934	2163
HA|PP755589.1|A/cattle/Texas/24-008749-003/2024(H5N1)	935	2010
HA|PP755589.1|A/cattle/Texas/24-008749-003/2024(H5N1)	936	2001
HA|PP755589.1|A/cattle/Texas/24-008749-003/2024(H5N1)	937	1997
HA|PP755589.1|A/cattle/Texas/24-008749-003/2024(H5N1)	938	1982
HA|PP755589.1|A/cattle/Texas/24-008749-003/2024(H5N1)	939	1987
HA|PP755589.1|A/cattle/Texas/24-008749-003/2024(H5N1)	940	2000
HA|PP755589.1|A/cattle/Texas/24-008749-003/2024(H5N1)	941	2132
HA|PP755589.1|A/cattle/Texas/24-008749-003/2024(H5N1)	942	2124
HA|PP755589.1|A/cattle/Texas/24-008749-003/2024(H5N1)	943	2114
HA|PP755589.1|A/cattle/Texas/24-008749-003/2024(H5N1)	944	2086
HA|PP755589.1|A/cattle/Texas/24-008749-003/2024(H5N1)	945	2081
HA|PP755589.1|A/cattle/Texas/24-008749-003/2024(H5N1)	946	2075
HA|PP755589.1|A/cattle/Texas/24-008749-003/2024(H5N1)	947	2056
HA|PP755589.1|A/cattle/Texas/24-008749-003/2024(H5N1)	948	2051
HA|PP755589.1|A/cattle/Texas/24-008749-003/2024(H5N1)	949	2042
HA|PP755589.1|A/cattle/Texas/24-008749-003/2024(H5N1)	950	1884
HA|PP755589.1|A/cattle/Texas/24-008749-003/2024(H5N1)	951	1894
HA|PP755589.1|A/cattle/Texas/24-008749-003/2024(H5N1)	952	1868
HA|PP755589.1|A/cattle/Texas/24-008749-003/2024(H5N1)	953	1879
HA|PP755589.1|A/cattle/Texas/24-008749-003/2024(H5N1)	954	1903
HA|PP755589.1|A/cattle/Texas/24-008749-003/2024(H5N1)	955	1927
HA|PP755589.1|A/cattle/Texas/24-008749-003/2024(H5N1)	956	1937
HA|PP755589.1|A/cattle/Texas/24-008749-003/2024(H5N1)	957	1934
HA|PP755589.1|A/cattle/Texas/24-008749-003/2024(H5N1)	958	1937
HA|PP755589.1|A/cattle/Texas/24-008749-003/2024(H5N1)	959	1937
HA|PP755589.1|A/cattle/Texas/24-008749-003/2024(H5N1)	960	1972
HA|PP755589.1|A/cattle/Texas/24-008749-003/2024(H5N1)	961	1984
HA|PP755589.1|A/cattle/Texas/24-008749-003/2024(H5N1)	962	1971
HA|PP755589.1|A/cattle/Texas/24-008749-003/2024(H5N1)	963	1955
HA|PP755589.1|A/cattle/Texas/24-008749-003/2024(H5N1)	964	1955
HA|PP755589.1|A/cattle/Texas/24-008749-003/2024(H5N1)	965	1965
HA|PP755589.1|A/cattle/Texas/24-008749-003/2024(H5N1)	966	1966
HA|PP755589.1|A/cattle/Texas/24-008749-003/2024(H5N1)	967	1993
HA|PP755589.1|A/cattle/Texas/24-008749-003/2024(H5N1)	968	2027
HA|PP755589.1|A/cattle/Texas/24-008749-003/2024(H5N1)	969	2027
HA|PP755589.1|A/cattle/Texas/24-008749-003/2024(H5N1)	970	2026
HA|PP755589.1|A/cattle/Texas/24-008749-003/2024(H5N1)	971	2024
HA|PP755589.1|A/cattle/Texas/24-008749-003/2024(H5N1)	972	2020
HA|PP755589.1|A/cattle/Texas/24-008749-003/2024(H5N1)	973	2052
HA|PP755589.1|A/cattle/Texas/24-008749-003/2024(H5N1)	974	2049
HA|PP755589.1|A/cattle/Texas/24-008749-003/2024(H5N1)	975	2049
HA|PP755589.1|A/cattle/Texas/24-008749-003/2024(H5N1)	976	2057
HA|PP755589.1|A/cattle/Texas/24-008749-003/2024(H5N1)	977	2070
HA|PP755589.1|A/cattle/Texas/24-008749-003/2024(H5N1)	978	2070
HA|PP755589.1|A/cattle/Texas/24-008749-003/2024(H5N1)	979	2129
HA|PP755589.1|A/cattle/Texas/24-008749-003/2024(H5N1)	980	2149
HA|PP755589.1|A/cattle/Texas/24-008749-003/2024(H5N1)	981	2150
HA|PP755589.1|A/cattle/Texas/24-008749-003/2024(H5N1)	982	2144
HA|PP755589.1|A/cattle/Texas/24-008749-003/2024(H5N1)	983	2155
HA|PP755589.1|A/cattle/Texas/24-008749-003/2024(H5N1)	984	2194
HA|PP755589.1|A/cattle/Texas/24-008749-003/2024(H5N1)	985	2196
HA|PP755589.1|A/cattle/Texas/24-008749-003/2024(H5N1)	986	2186
HA|PP755589.1|A/cattle/Texas/24-008749-003/2024(H5N1)	987	2195
HA|PP755589.1|A/cattle/Texas/24-008749-003/2024(H5N1)	988	2195
HA|PP755589.1|A/cattle/Texas/24-008749-003/2024(H5N1)	989	2266
HA|PP755589.1|A/cattle/Texas/24-008749-003/2024(H5N1)	990	2266
HA|PP755589.1|A/cattle/Texas/24-008749-003/2024(H5N1)	991	2263
HA|PP755589.1|A/cattle/Texas/24-008749-003/2024(H5N1)	992	2256
HA|PP755589.1|A/cattle/Texas/24-008749-003/2024(H5N1)	993	2240
HA|PP755589.1|A/cattle/Texas/24-008749-003/2024(H5N1)	994	2245
HA|PP755589.1|A/cattle/Texas/24-008749-003/2024(H5N1)	995	2245
HA|PP755589.1|A/cattle/Texas/24-008749-003/2024(H5N1)	996	2249
HA|PP755589.1|A/cattle/Texas/24-008749-003/2024(H5N1)	997	2247
HA|PP755589.1|A/cattle/Texas/24-008749-003/2024(H5N1)	998	2236
HA|PP755589.1|A/cattle/Texas/24-008749-003/2024(H5N1)	999	2239
HA|PP755589.1|A/cattle/Texas/24-008749-003/2024(H5N1)	1000	2234
HA|PP755589.1|A/cattle/Texas/24-008749-003/2024(H5N1)	1001	2273
HA|PP755589.1|A/cattle/Texas/24-008749-003/2024(H5N1)	1002	2263
HA|PP755589.1|A/cattle/Texas/24-008749-003/2024(H5N1)	1003	2258
HA|PP755589.1|A/cattle/Texas/24-008749-003/2024(H5N1)	1004	2254
HA|PP755589.1|A/cattle/Texas/24-008749-003/2024(H5N1)	1005	2230
HA|PP755589.1|A/cattle/Texas/24-008749-003/2024(H5N1)	1006	2215
HA|PP755589.1|A/cattle/Texas/24-008749-003/2024(H5N1)	1007	2056
HA|PP755589.1|A/cattle/Texas/24-008749-003/2024(H5N1)	1008	2050
HA|PP755589.1|A/cattle/Texas/24-008749-003/2024(H5N1)	1009	2049
HA|PP755589.1|A/cattle/Texas/24-008749-003/2024(H5N1)	1010	2030
HA|PP755589.1|A/cattle/Texas/24-008749-003/2024(H5N1)	1011	2007
HA|PP755589.1|A/cattle/Texas/24-008749-003/2024(H5N1)	1012	1995
HA|PP755589.1|A/cattle/Texas/24-008749-003/2024(H5N1)	1013	1993
HA|PP755589.1|A/cattle/Texas/24-008749-003/2024(H5N1)	1014	1997
HA|PP755589.1|A/cattle/Texas/24-008749-003/2024(H5N1)	1015	2002
HA|PP755589.1|A/cattle/Texas/24-008749-003/2024(H5N1)	1016	2007
HA|PP755589.1|A/cattle/Texas/24-008749-003/2024(H5N1)	1017	2016
HA|PP755589.1|A/cattle/Texas/24-008749-003/2024(H5N1)	1018	1968
HA|PP755589.1|A/cattle/Texas/24-008749-003/2024(H5N1)	1019	1959
HA|PP755589.1|A/cattle/Texas/24-008749-003/2024(H5N1)	1020	1958
HA|PP755589.1|A/cattle/Texas/24-008749-003/2024(H5N1)	1021	1968
HA|PP755589.1|A/cattle/Texas/24-008749-003/2024(H5N1)	1022	1971
HA|PP755589.1|A/cattle/Texas/24-008749-003/2024(H5N1)	1023	1976
HA|PP755589.1|A/cattle/Texas/24-008749-003/2024(H5N1)	1024	1965
HA|PP755589.1|A/cattle/Texas/24-008749-003/2024(H5N1)	1025	1969
HA|PP755589.1|A/cattle/Texas/24-008749-003/2024(H5N1)	1026	1976
HA|PP755589.1|A/cattle/Texas/24-008749-003/2024(H5N1)	1027	1976
HA|PP755589.1|A/cattle/Texas/24-008749-003/2024(H5N1)	1028	1982
HA|PP755589.1|A/cattle/Texas/24-008749-003/2024(H5N1)	1029	2007
HA|PP755589.1|A/cattle/Texas/24-008749-003/2024(H5N1)	1030	2005
HA|PP755589.1|A/cattle/Texas/24-008749-003/2024(H5N1)	1031	1995
HA|PP755589.1|A/cattle/Texas/24-008749-003/2024(H5N1)	1032	1999
HA|PP755589.1|A/cattle/Texas/24-008749-003/2024(H5N1)	1033	1999
HA|PP755589.1|A/cattle/Texas/24-008749-003/2024(H5N1)	1034	1994
HA|PP755589.1|A/cattle/Texas/24-008749-003/2024(H5N1)	1035	1994
HA|PP755589.1|A/cattle/Texas/24-008749-003/2024(H5N1)	1036	1996
HA|PP755589.1|A/cattle/Texas/24-008749-003/2024(H5N1)	1037	1996
HA|PP755589.1|A/cattle/Texas/24-008749-003/2024(H5N1)	1038	1952
HA|PP755589.1|A/cattle/Texas/24-008749-003/2024(H5N1)	1039	1966
HA|PP755589.1|A/cattle/Texas/24-008749-003/2024(H5N1)	1040	1972
HA|PP755589.1|A/cattle/Texas/24-008749-003/2024(H5N1)	1041	1980
HA|PP755589.1|A/cattle/Texas/24-008749-003/2024(H5N1)	1042	1984
HA|PP755589.1|A/cattle/Texas/24-008749-003/2024(H5N1)	1043	1983
HA|PP755589.1|A/cattle/Texas/24-008749-003/2024(H5N1)	1044	1983
HA|PP755589.1|A/cattle/Texas/24-008749-003/2024(H5N1)	1045	1977
HA|PP755589.1|A/cattle/Texas/24-008749-003/2024(H5N1)	1046	1980
HA|PP755589.1|A/cattle/Texas/24-008749-003/2024(H5N1)	1047	2006
HA|PP755589.1|A/cattle/Texas/24-008749-003/2024(H5N1)	1048	2006
HA|PP755589.1|A/cattle/Texas/24-008749-003/2024(H5N1)	1049	1995
HA|PP755589.1|A/cattle/Texas/24-008749-003/2024(H5N1)	1050	1995
HA|PP755589.1|A/cattle/Texas/24-008749-003/2024(H5N1)	1051	2066
HA|PP755589.1|A/cattle/Texas/24-008749-003/2024(H5N1)	1052	2071
HA|PP755589.1|A/cattle/Texas/24-008749-003/2024(H5N1)	1053	2079
HA|PP755589.1|A/cattle/Texas/24-008749-003/2024(H5N1)	1054	2069
HA|PP755589.1|A/cattle/Texas/24-008749-003/2024(H5N1)	1055	2061
HA|PP755589.1|A/cattle/Texas/24-008749-003/2024(H5N1)	1056	2048
HA|PP755589.1|A/cattle/Texas/24-008749-003/2024(H5N1)	1057	2134
HA|PP755589.1|A/cattle/Texas/24-008749-003/2024(H5N1)	1058	2330
HA|PP755589.1|A/cattle/Texas/24-008749-003/2024(H5N1)	1059	2336
HA|PP755589.1|A/cattle/Texas/24-008749-003/2024(H5N1)	1060	2308
HA|PP755589.1|A/cattle/Texas/24-008749-003/2024(H5N1)	1061	2300
HA|PP755589.1|A/cattle/Texas/24-008749-003/2024(H5N1)	1062	2302
HA|PP755589.1|A/cattle/Texas/24-008749-003/2024(H5N1)	1063	2327
HA|PP755589.1|A/cattle/Texas/24-008749-003/2024(H5N1)	1064	2334
HA|PP755589.1|A/cattle/Texas/24-008749-003/2024(H5N1)	1065	2338
HA|PP755589.1|A/cattle/Texas/24-008749-003/2024(H5N1)	1066	2345
HA|PP755589.1|A/cattle/Texas/24-008749-003/2024(H5N1)	1067	2135
HA|PP755589.1|A/cattle/Texas/24-008749-003/2024(H5N1)	1068	2135
HA|PP755589.1|A/cattle/Texas/24-008749-003/2024(H5N1)	1069	2145
HA|PP755589.1|A/cattle/Texas/24-008749-003/2024(H5N1)	1070	2151
HA|PP755589.1|A/cattle/Texas/24-008749-003/2024(H5N1)	1071	2130
HA|PP755589.1|A/cattle/Texas/24-008749-003/2024(H5N1)	1072	2119
HA|PP755589.1|A/cattle/Texas/24-008749-003/2024(H5N1)	1073	2113
HA|PP755589.1|A/cattle/Texas/24-008749-003/2024(H5N1)	1074	2104
HA|PP755589.1|A/cattle/Texas/24-008749-003/2024(H5N1)	1075	2106
HA|PP755589.1|A/cattle/Texas/24-008749-003/2024(H5N1)	1076	2120
HA|PP755589.1|A/cattle/Texas/24-008749-003/2024(H5N1)	1077	2009
HA|PP755589.1|A/cattle/Texas/24-008749-003/2024(H5N1)	1078	1988
HA|PP755589.1|A/cattle/Texas/24-008749-003/2024(H5N1)	1079	1981
HA|PP755589.1|A/cattle/Texas/24-008749-003/2024(H5N1)	1080	1975
HA|PP755589.1|A/cattle/Texas/24-008749-003/2024(H5N1)	1081	1985
HA|PP755589.1|A/cattle/Texas/24-008749-003/2024(H5N1)	1082	2001
HA|PP755589.1|A/cattle/Texas/24-008749-003/2024(H5N1)	1083	2000
HA|PP755589.1|A/cattle/Texas/24-008749-003/2024(H5N1)	1084	1994
HA|PP755589.1|A/cattle/Texas/24-008749-003/2024(H5N1)	1085	1959
HA|PP755589.1|A/cattle/Texas/24-008749-003/2024(H5N1)	1086	1996
HA|PP755589.1|A/cattle/Texas/24-008749-003/2024(H5N1)	1087	2016
HA|PP755589.1|A/cattle/Texas/24-008749-003/2024(H5N1)	1088	2021
HA|PP755589.1|A/cattle/Texas/24-008749-003/2024(H5N1)	1089	2008
HA|PP755589.1|A/cattle/Texas/24-008749-003/2024(H5N1)	1090	2004
HA|PP755589.1|A/cattle/Texas/24-008749-003/2024(H5N1)	1091	2058
HA|PP755589.1|A/cattle/Texas/24-008749-003/2024(H5N1)	1092	1940
HA|PP755589.1|A/cattle/Texas/24-008749-003/2024(H5N1)	1093	1961
HA|PP755589.1|A/cattle/Texas/24-008749-003/2024(H5N1)	1094	1948
HA|PP755589.1|A/cattle/Texas/24-008749-003/2024(H5N1)	1095	1923
HA|PP755589.1|A/cattle/Texas/24-008749-003/2024(H5N1)	1096	1897
HA|PP755589.1|A/cattle/Texas/24-008749-003/2024(H5N1)	1097	1937
HA|PP755589.1|A/cattle/Texas/24-008749-003/2024(H5N1)	1098	1975
HA|PP755589.1|A/cattle/Texas/24-008749-003/2024(H5N1)	1099	1998
HA|PP755589.1|A/cattle/Texas/24-008749-003/2024(H5N1)	1100	2010
HA|PP755589.1|A/cattle/Texas/24-008749-003/2024(H5N1)	1101	2009
HA|PP755589.1|A/cattle/Texas/24-008749-003/2024(H5N1)	1102	2088
HA|PP755589.1|A/cattle/Texas/24-008749-003/2024(H5N1)	1103	2112
HA|PP755589.1|A/cattle/Texas/24-008749-003/2024(H5N1)	1104	2103
HA|PP755589.1|A/cattle/Texas/24-008749-003/2024(H5N1)	1105	2081
HA|PP755589.1|A/cattle/Texas/24-008749-003/2024(H5N1)	1106	2048
HA|PP755589.1|A/cattle/Texas/24-008749-003/2024(H5N1)	1107	2068
HA|PP755589.1|A/cattle/Texas/24-008749-003/2024(H5N1)	1108	2077
HA|PP755589.1|A/cattle/Texas/24-008749-003/2024(H5N1)	1109	2073
HA|PP755589.1|A/cattle/Texas/24-008749-003/2024(H5N1)	1110	2147
HA|PP755589.1|A/cattle/Texas/24-008749-003/2024(H5N1)	1111	2112
HA|PP755589.1|A/cattle/Texas/24-008749-003/2024(H5N1)	1112	2090
HA|PP755589.1|A/cattle/Texas/24-008749-003/2024(H5N1)	1113	2095
HA|PP755589.1|A/cattle/Texas/24-008749-003/2024(H5N1)	1114	2090
HA|PP755589.1|A/cattle/Texas/24-008749-003/2024(H5N1)	1115	2157
HA|PP755589.1|A/cattle/Texas/24-008749-003/2024(H5N1)	1116	2144
HA|PP755589.1|A/cattle/Texas/24-008749-003/2024(H5N1)	1117	2132
HA|PP755589.1|A/cattle/Texas/24-008749-003/2024(H5N1)	1118	2129
HA|PP755589.1|A/cattle/Texas/24-008749-003/2024(H5N1)	1119	2087
HA|PP755589.1|A/cattle/Texas/24-008749-003/2024(H5N1)	1120	2233
HA|PP755589.1|A/cattle/Texas/24-008749-003/2024(H5N1)	1121	2373
HA|PP755589.1|A/cattle/Texas/24-008749-003/2024(H5N1)	1122	2423
HA|PP755589.1|A/cattle/Texas/24-008749-003/2024(H5N1)	1123	2434
HA|PP755589.1|A/cattle/Texas/24-008749-003/2024(H5N1)	1124	2383
HA|PP755589.1|A/cattle/Texas/24-008749-003/2024(H5N1)	1125	2436
HA|PP755589.1|A/cattle/Texas/24-008749-003/2024(H5N1)	1126	2445
HA|PP755589.1|A/cattle/Texas/24-008749-003/2024(H5N1)	1127	2479
HA|PP755589.1|A/cattle/Texas/24-008749-003/2024(H5N1)	1128	2497
HA|PP755589.1|A/cattle/Texas/24-008749-003/2024(H5N1)	1129	2429
HA|PP755589.1|A/cattle/Texas/24-008749-003/2024(H5N1)	1130	2501
HA|PP755589.1|A/cattle/Texas/24-008749-003/2024(H5N1)	1131	2510
HA|PP755589.1|A/cattle/Texas/24-008749-003/2024(H5N1)	1132	2539
HA|PP755589.1|A/cattle/Texas/24-008749-003/2024(H5N1)	1133	2558
HA|PP755589.1|A/cattle/Texas/24-008749-003/2024(H5N1)	1134	2554
HA|PP755589.1|A/cattle/Texas/24-008749-003/2024(H5N1)	1135	2508
HA|PP755589.1|A/cattle/Texas/24-008749-003/2024(H5N1)	1136	2496
HA|PP755589.1|A/cattle/Texas/24-008749-003/2024(H5N1)	1137	2482
HA|PP755589.1|A/cattle/Texas/24-008749-003/2024(H5N1)	1138	2494
HA|PP755589.1|A/cattle/Texas/24-008749-003/2024(H5N1)	1139	2498
HA|PP755589.1|A/cattle/Texas/24-008749-003/2024(H5N1)	1140	2433
HA|PP755589.1|A/cattle/Texas/24-008749-003/2024(H5N1)	1141	2444
HA|PP755589.1|A/cattle/Texas/24-008749-003/2024(H5N1)	1142	2441
HA|PP755589.1|A/cattle/Texas/24-008749-003/2024(H5N1)	1143	2445
HA|PP755589.1|A/cattle/Texas/24-008749-003/2024(H5N1)	1144	2467
HA|PP755589.1|A/cattle/Texas/24-008749-003/2024(H5N1)	1145	2464
HA|PP755589.1|A/cattle/Texas/24-008749-003/2024(H5N1)	1146	2489
HA|PP755589.1|A/cattle/Texas/24-008749-003/2024(H5N1)	1147	2479
HA|PP755589.1|A/cattle/Texas/24-008749-003/2024(H5N1)	1148	2480
HA|PP755589.1|A/cattle/Texas/24-008749-003/2024(H5N1)	1149	2480
HA|PP755589.1|A/cattle/Texas/24-008749-003/2024(H5N1)	1150	2500
HA|PP755589.1|A/cattle/Texas/24-008749-003/2024(H5N1)	1151	2504
HA|PP755589.1|A/cattle/Texas/24-008749-003/2024(H5N1)	1152	2465
HA|PP755589.1|A/cattle/Texas/24-008749-003/2024(H5N1)	1153	2471
HA|PP755589.1|A/cattle/Texas/24-008749-003/2024(H5N1)	1154	2470
HA|PP755589.1|A/cattle/Texas/24-008749-003/2024(H5N1)	1155	2464
HA|PP755589.1|A/cattle/Texas/24-008749-003/2024(H5N1)	1156	2518
HA|PP755589.1|A/cattle/Texas/24-008749-003/2024(H5N1)	1157	2553
HA|PP755589.1|A/cattle/Texas/24-008749-003/2024(H5N1)	1158	2558
HA|PP755589.1|A/cattle/Texas/24-008749-003/2024(H5N1)	1159	2545
HA|PP755589.1|A/cattle/Texas/24-008749-003/2024(H5N1)	1160	2544
HA|PP755589.1|A/cattle/Texas/24-008749-003/2024(H5N1)	1161	2545
HA|PP755589.1|A/cattle/Texas/24-008749-003/2024(H5N1)	1162	2543
HA|PP755589.1|A/cattle/Texas/24-008749-003/2024(H5N1)	1163	2556
HA|PP755589.1|A/cattle/Texas/24-008749-003/2024(H5N1)	1164	2576
HA|PP755589.1|A/cattle/Texas/24-008749-003/2024(H5N1)	1165	2630
HA|PP755589.1|A/cattle/Texas/24-008749-003/2024(H5N1)	1166	2624
HA|PP755589.1|A/cattle/Texas/24-008749-003/2024(H5N1)	1167	2621
HA|PP755589.1|A/cattle/Texas/24-008749-003/2024(H5N1)	1168	2641
HA|PP755589.1|A/cattle/Texas/24-008749-003/2024(H5N1)	1169	2726
HA|PP755589.1|A/cattle/Texas/24-008749-003/2024(H5N1)	1170	2733
HA|PP755589.1|A/cattle/Texas/24-008749-003/2024(H5N1)	1171	2736
HA|PP755589.1|A/cattle/Texas/24-008749-003/2024(H5N1)	1172	2809
HA|PP755589.1|A/cattle/Texas/24-008749-003/2024(H5N1)	1173	2799
HA|PP755589.1|A/cattle/Texas/24-008749-003/2024(H5N1)	1174	2797
HA|PP755589.1|A/cattle/Texas/24-008749-003/2024(H5N1)	1175	2838
HA|PP755589.1|A/cattle/Texas/24-008749-003/2024(H5N1)	1176	2818
HA|PP755589.1|A/cattle/Texas/24-008749-003/2024(H5N1)	1177	2846
HA|PP755589.1|A/cattle/Texas/24-008749-003/2024(H5N1)	1178	2854
HA|PP755589.1|A/cattle/Texas/24-008749-003/2024(H5N1)	1179	2861
HA|PP755589.1|A/cattle/Texas/24-008749-003/2024(H5N1)	1180	2866
HA|PP755589.1|A/cattle/Texas/24-008749-003/2024(H5N1)	1181	2912
HA|PP755589.1|A/cattle/Texas/24-008749-003/2024(H5N1)	1182	2922
HA|PP755589.1|A/cattle/Texas/24-008749-003/2024(H5N1)	1183	2921
HA|PP755589.1|A/cattle/Texas/24-008749-003/2024(H5N1)	1184	2915
HA|PP755589.1|A/cattle/Texas/24-008749-003/2024(H5N1)	1185	2955
HA|PP755589.1|A/cattle/Texas/24-008749-003/2024(H5N1)	1186	2960
HA|PP755589.1|A/cattle/Texas/24-008749-003/2024(H5N1)	1187	2957
HA|PP755589.1|A/cattle/Texas/24-008749-003/2024(H5N1)	1188	3029
HA|PP755589.1|A/cattle/Texas/24-008749-003/2024(H5N1)	1189	3032
HA|PP755589.1|A/cattle/Texas/24-008749-003/2024(H5N1)	1190	2999
HA|PP755589.1|A/cattle/Texas/24-008749-003/2024(H5N1)	1191	2999
HA|PP755589.1|A/cattle/Texas/24-008749-003/2024(H5N1)	1192	2988
HA|PP755589.1|A/cattle/Texas/24-008749-003/2024(H5N1)	1193	3040
HA|PP755589.1|A/cattle/Texas/24-008749-003/2024(H5N1)	1194	3045
HA|PP755589.1|A/cattle/Texas/24-008749-003/2024(H5N1)	1195	3044
HA|PP755589.1|A/cattle/Texas/24-008749-003/2024(H5N1)	1196	3040
HA|PP755589.1|A/cattle/Texas/24-008749-003/2024(H5N1)	1197	3009
HA|PP755589.1|A/cattle/Texas/24-008749-003/2024(H5N1)	1198	3036
HA|PP755589.1|A/cattle/Texas/24-008749-003/2024(H5N1)	1199	3031
HA|PP755589.1|A/cattle/Texas/24-008749-003/2024(H5N1)	1200	3044
HA|PP755589.1|A/cattle/Texas/24-008749-003/2024(H5N1)	1201	3044
HA|PP755589.1|A/cattle/Texas/24-008749-003/2024(H5N1)	1202	2971
HA|PP755589.1|A/cattle/Texas/24-008749-003/2024(H5N1)	1203	2972
HA|PP755589.1|A/cattle/Texas/24-008749-003/2024(H5N1)	1204	2981
HA|PP755589.1|A/cattle/Texas/24-008749-003/2024(H5N1)	1205	3003
HA|PP755589.1|A/cattle/Texas/24-008749-003/2024(H5N1)	1206	3010
HA|PP755589.1|A/cattle/Texas/24-008749-003/2024(H5N1)	1207	2990
HA|PP755589.1|A/cattle/Texas/24-008749-003/2024(H5N1)	1208	2913
HA|PP755589.1|A/cattle/Texas/24-008749-003/2024(H5N1)	1209	2763
HA|PP755589.1|A/cattle/Texas/24-008749-003/2024(H5N1)	1210	2774
HA|PP755589.1|A/cattle/Texas/24-008749-003/2024(H5N1)	1211	2781
HA|PP755589.1|A/cattle/Texas/24-008749-003/2024(H5N1)	1212	2782
HA|PP755589.1|A/cattle/Texas/24-008749-003/2024(H5N1)	1213	2858
HA|PP755589.1|A/cattle/Texas/24-008749-003/2024(H5N1)	1214	2835
HA|PP755589.1|A/cattle/Texas/24-008749-003/2024(H5N1)	1215	2847
HA|PP755589.1|A/cattle/Texas/24-008749-003/2024(H5N1)	1216	2849
HA|PP755589.1|A/cattle/Texas/24-008749-003/2024(H5N1)	1217	2873
HA|PP755589.1|A/cattle/Texas/24-008749-003/2024(H5N1)	1218	2861
HA|PP755589.1|A/cattle/Texas/24-008749-003/2024(H5N1)	1219	2877
HA|PP755589.1|A/cattle/Texas/24-008749-003/2024(H5N1)	1220	2878
HA|PP755589.1|A/cattle/Texas/24-008749-003/2024(H5N1)	1221	2939
HA|PP755589.1|A/cattle/Texas/24-008749-003/2024(H5N1)	1222	2942
HA|PP755589.1|A/cattle/Texas/24-008749-003/2024(H5N1)	1223	2922
HA|PP755589.1|A/cattle/Texas/24-008749-003/2024(H5N1)	1224	2919
HA|PP755589.1|A/cattle/Texas/24-008749-003/2024(H5N1)	1225	2920
HA|PP755589.1|A/cattle/Texas/24-008749-003/2024(H5N1)	1226	2905
HA|PP755589.1|A/cattle/Texas/24-008749-003/2024(H5N1)	1227	2892
HA|PP755589.1|A/cattle/Texas/24-008749-003/2024(H5N1)	1228	2882
HA|PP755589.1|A/cattle/Texas/24-008749-003/2024(H5N1)	1229	2920
HA|PP755589.1|A/cattle/Texas/24-008749-003/2024(H5N1)	1230	2899
HA|PP755589.1|A/cattle/Texas/24-008749-003/2024(H5N1)	1231	3050
HA|PP755589.1|A/cattle/Texas/24-008749-003/2024(H5N1)	1232	3071
HA|PP755589.1|A/cattle/Texas/24-008749-003/2024(H5N1)	1233	3051
HA|PP755589.1|A/cattle/Texas/24-008749-003/2024(H5N1)	1234	3057
HA|PP755589.1|A/cattle/Texas/24-008749-003/2024(H5N1)	1235	3063
HA|PP755589.1|A/cattle/Texas/24-008749-003/2024(H5N1)	1236	3087
HA|PP755589.1|A/cattle/Texas/24-008749-003/2024(H5N1)	1237	3050
HA|PP755589.1|A/cattle/Texas/24-008749-003/2024(H5N1)	1238	3016
HA|PP755589.1|A/cattle/Texas/24-008749-003/2024(H5N1)	1239	3032
HA|PP755589.1|A/cattle/Texas/24-008749-003/2024(H5N1)	1240	3077
HA|PP755589.1|A/cattle/Texas/24-008749-003/2024(H5N1)	1241	2996
HA|PP755589.1|A/cattle/Texas/24-008749-003/2024(H5N1)	1242	3026
HA|PP755589.1|A/cattle/Texas/24-008749-003/2024(H5N1)	1243	3023
HA|PP755589.1|A/cattle/Texas/24-008749-003/2024(H5N1)	1244	3006
HA|PP755589.1|A/cattle/Texas/24-008749-003/2024(H5N1)	1245	3044
HA|PP755589.1|A/cattle/Texas/24-008749-003/2024(H5N1)	1246	3048
HA|PP755589.1|A/cattle/Texas/24-008749-003/2024(H5N1)	1247	3041
HA|PP755589.1|A/cattle/Texas/24-008749-003/2024(H5N1)	1248	3006
HA|PP755589.1|A/cattle/Texas/24-008749-003/2024(H5N1)	1249	2946
HA|PP755589.1|A/cattle/Texas/24-008749-003/2024(H5N1)	1250	2974
HA|PP755589.1|A/cattle/Texas/24-008749-003/2024(H5N1)	1251	2918
HA|PP755589.1|A/cattle/Texas/24-008749-003/2024(H5N1)	1252	2914
HA|PP755589.1|A/cattle/Texas/24-008749-003/2024(H5N1)	1253	2915
HA|PP755589.1|A/cattle/Texas/24-008749-003/2024(H5N1)	1254	2884
HA|PP755589.1|A/cattle/Texas/24-008749-003/2024(H5N1)	1255	2889
HA|PP755589.1|A/cattle/Texas/24-008749-003/2024(H5N1)	1256	2906
HA|PP755589.1|A/cattle/Texas/24-008749-003/2024(H5N1)	1257	2920
HA|PP755589.1|A/cattle/Texas/24-008749-003/2024(H5N1)	1258	2889
HA|PP755589.1|A/cattle/Texas/24-008749-003/2024(H5N1)	1259	2898
HA|PP755589.1|A/cattle/Texas/24-008749-003/2024(H5N1)	1260	2924
HA|PP755589.1|A/cattle/Texas/24-008749-003/2024(H5N1)	1261	2849
HA|PP755589.1|A/cattle/Texas/24-008749-003/2024(H5N1)	1262	2921
HA|PP755589.1|A/cattle/Texas/24-008749-003/2024(H5N1)	1263	3006
HA|PP755589.1|A/cattle/Texas/24-008749-003/2024(H5N1)	1264	3007
HA|PP755589.1|A/cattle/Texas/24-008749-003/2024(H5N1)	1265	2969
HA|PP755589.1|A/cattle/Texas/24-008749-003/2024(H5N1)	1266	2880
HA|PP755589.1|A/cattle/Texas/24-008749-003/2024(H5N1)	1267	2846
HA|PP755589.1|A/cattle/Texas/24-008749-003/2024(H5N1)	1268	2838
HA|PP755589.1|A/cattle/Texas/24-008749-003/2024(H5N1)	1269	2847
HA|PP755589.1|A/cattle/Texas/24-008749-003/2024(H5N1)	1270	3053
HA|PP755589.1|A/cattle/Texas/24-008749-003/2024(H5N1)	1271	2889
HA|PP755589.1|A/cattle/Texas/24-008749-003/2024(H5N1)	1272	2881
HA|PP755589.1|A/cattle/Texas/24-008749-003/2024(H5N1)	1273	2838
HA|PP755589.1|A/cattle/Texas/24-008749-003/2024(H5N1)	1274	2888
HA|PP755589.1|A/cattle/Texas/24-008749-003/2024(H5N1)	1275	2901
HA|PP755589.1|A/cattle/Texas/24-008749-003/2024(H5N1)	1276	2849
HA|PP755589.1|A/cattle/Texas/24-008749-003/2024(H5N1)	1277	2843
HA|PP755589.1|A/cattle/Texas/24-008749-003/2024(H5N1)	1278	2782
HA|PP755589.1|A/cattle/Texas/24-008749-003/2024(H5N1)	1279	2927
HA|PP755589.1|A/cattle/Texas/24-008749-003/2024(H5N1)	1280	2936
HA|PP755589.1|A/cattle/Texas/24-008749-003/2024(H5N1)	1281	2876
HA|PP755589.1|A/cattle/Texas/24-008749-003/2024(H5N1)	1282	2857
HA|PP755589.1|A/cattle/Texas/24-008749-003/2024(H5N1)	1283	2828
HA|PP755589.1|A/cattle/Texas/24-008749-003/2024(H5N1)	1284	2806
HA|PP755589.1|A/cattle/Texas/24-008749-003/2024(H5N1)	1285	2818
HA|PP755589.1|A/cattle/Texas/24-008749-003/2024(H5N1)	1286	2833
HA|PP755589.1|A/cattle/Texas/24-008749-003/2024(H5N1)	1287	2830
HA|PP755589.1|A/cattle/Texas/24-008749-003/2024(H5N1)	1288	2888
HA|PP755589.1|A/cattle/Texas/24-008749-003/2024(H5N1)	1289	2866
HA|PP755589.1|A/cattle/Texas/24-008749-003/2024(H5N1)	1290	2863
HA|PP755589.1|A/cattle/Texas/24-008749-003/2024(H5N1)	1291	2865
HA|PP755589.1|A/cattle/Texas/24-008749-003/2024(H5N1)	1292	2936
HA|PP755589.1|A/cattle/Texas/24-008749-003/2024(H5N1)	1293	3004
HA|PP755589.1|A/cattle/Texas/24-008749-003/2024(H5N1)	1294	2995
HA|PP755589.1|A/cattle/Texas/24-008749-003/2024(H5N1)	1295	3008
HA|PP755589.1|A/cattle/Texas/24-008749-003/2024(H5N1)	1296	3022
HA|PP755589.1|A/cattle/Texas/24-008749-003/2024(H5N1)	1297	3012
HA|PP755589.1|A/cattle/Texas/24-008749-003/2024(H5N1)	1298	3073
HA|PP755589.1|A/cattle/Texas/24-008749-003/2024(H5N1)	1299	3092
HA|PP755589.1|A/cattle/Texas/24-008749-003/2024(H5N1)	1300	3069
HA|PP755589.1|A/cattle/Texas/24-008749-003/2024(H5N1)	1301	3069
HA|PP755589.1|A/cattle/Texas/24-008749-003/2024(H5N1)	1302	3069
HA|PP755589.1|A/cattle/Texas/24-008749-003/2024(H5N1)	1303	3074
HA|PP755589.1|A/cattle/Texas/24-008749-003/2024(H5N1)	1304	3088
HA|PP755589.1|A/cattle/Texas/24-008749-003/2024(H5N1)	1305	3170
HA|PP755589.1|A/cattle/Texas/24-008749-003/2024(H5N1)	1306	3174
HA|PP755589.1|A/cattle/Texas/24-008749-003/2024(H5N1)	1307	3122
HA|PP755589.1|A/cattle/Texas/24-008749-003/2024(H5N1)	1308	3091
HA|PP755589.1|A/cattle/Texas/24-008749-003/2024(H5N1)	1309	3087
HA|PP755589.1|A/cattle/Texas/24-008749-003/2024(H5N1)	1310	3109
HA|PP755589.1|A/cattle/Texas/24-008749-003/2024(H5N1)	1311	3151
HA|PP755589.1|A/cattle/Texas/24-008749-003/2024(H5N1)	1312	3154
HA|PP755589.1|A/cattle/Texas/24-008749-003/2024(H5N1)	1313	3157
HA|PP755589.1|A/cattle/Texas/24-008749-003/2024(H5N1)	1314	3233
HA|PP755589.1|A/cattle/Texas/24-008749-003/2024(H5N1)	1315	3222
HA|PP755589.1|A/cattle/Texas/24-008749-003/2024(H5N1)	1316	3214
HA|PP755589.1|A/cattle/Texas/24-008749-003/2024(H5N1)	1317	3204
HA|PP755589.1|A/cattle/Texas/24-008749-003/2024(H5N1)	1318	3202
HA|PP755589.1|A/cattle/Texas/24-008749-003/2024(H5N1)	1319	3248
HA|PP755589.1|A/cattle/Texas/24-008749-003/2024(H5N1)	1320	3162
HA|PP755589.1|A/cattle/Texas/24-008749-003/2024(H5N1)	1321	3157
HA|PP755589.1|A/cattle/Texas/24-008749-003/2024(H5N1)	1322	3149
HA|PP755589.1|A/cattle/Texas/24-008749-003/2024(H5N1)	1323	3056
HA|PP755589.1|A/cattle/Texas/24-008749-003/2024(H5N1)	1324	3064
HA|PP755589.1|A/cattle/Texas/24-008749-003/2024(H5N1)	1325	3089
HA|PP755589.1|A/cattle/Texas/24-008749-003/2024(H5N1)	1326	3070
HA|PP755589.1|A/cattle/Texas/24-008749-003/2024(H5N1)	1327	3096
HA|PP755589.1|A/cattle/Texas/24-008749-003/2024(H5N1)	1328	3073
HA|PP755589.1|A/cattle/Texas/24-008749-003/2024(H5N1)	1329	3084
HA|PP755589.1|A/cattle/Texas/24-008749-003/2024(H5N1)	1330	3027
HA|PP755589.1|A/cattle/Texas/24-008749-003/2024(H5N1)	1331	3027
HA|PP755589.1|A/cattle/Texas/24-008749-003/2024(H5N1)	1332	3032
HA|PP755589.1|A/cattle/Texas/24-008749-003/2024(H5N1)	1333	3024
HA|PP755589.1|A/cattle/Texas/24-008749-003/2024(H5N1)	1334	3030
HA|PP755589.1|A/cattle/Texas/24-008749-003/2024(H5N1)	1335	3081
HA|PP755589.1|A/cattle/Texas/24-008749-003/2024(H5N1)	1336	3043
HA|PP755589.1|A/cattle/Texas/24-008749-003/2024(H5N1)	1337	3077
HA|PP755589.1|A/cattle/Texas/24-008749-003/2024(H5N1)	1338	3011
HA|PP755589.1|A/cattle/Texas/24-008749-003/2024(H5N1)	1339	3020
HA|PP755589.1|A/cattle/Texas/24-008749-003/2024(H5N1)	1340	3025
HA|PP755589.1|A/cattle/Texas/24-008749-003/2024(H5N1)	1341	3020
HA|PP755589.1|A/cattle/Texas/24-008749-003/2024(H5N1)	1342	3038
HA|PP755589.1|A/cattle/Texas/24-008749-003/2024(H5N1)	1343	3039
HA|PP755589.1|A/cattle/Texas/24-008749-003/2024(H5N1)	1344	3002
HA|PP755589.1|A/cattle/Texas/24-008749-003/2024(H5N1)	1345	3068
HA|PP755589.1|A/cattle/Texas/24-008749-003/2024(H5N1)	1346	3076
HA|PP755589.1|A/cattle/Texas/24-008749-003/2024(H5N1)	1347	3115
HA|PP755589.1|A/cattle/Texas/24-008749-003/2024(H5N1)	1348	3114
HA|PP755589.1|A/cattle/Texas/24-008749-003/2024(H5N1)	1349	3086
HA|PP755589.1|A/cattle/Texas/24-008749-003/2024(H5N1)	1350	3087
HA|PP755589.1|A/cattle/Texas/24-008749-003/2024(H5N1)	1351	3079
HA|PP755589.1|A/cattle/Texas/24-008749-003/2024(H5N1)	1352	3102
HA|PP755589.1|A/cattle/Texas/24-008749-003/2024(H5N1)	1353	3142
HA|PP755589.1|A/cattle/Texas/24-008749-003/2024(H5N1)	1354	3157
HA|PP755589.1|A/cattle/Texas/24-008749-003/2024(H5N1)	1355	3243
HA|PP755589.1|A/cattle/Texas/24-008749-003/2024(H5N1)	1356	3218
HA|PP755589.1|A/cattle/Texas/24-008749-003/2024(H5N1)	1357	3240
HA|PP755589.1|A/cattle/Texas/24-008749-003/2024(H5N1)	1358	3242
HA|PP755589.1|A/cattle/Texas/24-008749-003/2024(H5N1)	1359	3263
HA|PP755589.1|A/cattle/Texas/24-008749-003/2024(H5N1)	1360	3243
HA|PP755589.1|A/cattle/Texas/24-008749-003/2024(H5N1)	1361	3304
HA|PP755589.1|A/cattle/Texas/24-008749-003/2024(H5N1)	1362	3315
HA|PP755589.1|A/cattle/Texas/24-008749-003/2024(H5N1)	1363	3303
HA|PP755589.1|A/cattle/Texas/24-008749-003/2024(H5N1)	1364	3344
HA|PP755589.1|A/cattle/Texas/24-008749-003/2024(H5N1)	1365	3336
HA|PP755589.1|A/cattle/Texas/24-008749-003/2024(H5N1)	1366	3324
HA|PP755589.1|A/cattle/Texas/24-008749-003/2024(H5N1)	1367	3322
HA|PP755589.1|A/cattle/Texas/24-008749-003/2024(H5N1)	1368	3290
HA|PP755589.1|A/cattle/Texas/24-008749-003/2024(H5N1)	1369	3290
HA|PP755589.1|A/cattle/Texas/24-008749-003/2024(H5N1)	1370	3382
HA|PP755589.1|A/cattle/Texas/24-008749-003/2024(H5N1)	1371	3429
HA|PP755589.1|A/cattle/Texas/24-008749-003/2024(H5N1)	1372	3363
HA|PP755589.1|A/cattle/Texas/24-008749-003/2024(H5N1)	1373	3386
HA|PP755589.1|A/cattle/Texas/24-008749-003/2024(H5N1)	1374	3386
HA|PP755589.1|A/cattle/Texas/24-008749-003/2024(H5N1)	1375	3389
HA|PP755589.1|A/cattle/Texas/24-008749-003/2024(H5N1)	1376	3505
HA|PP755589.1|A/cattle/Texas/24-008749-003/2024(H5N1)	1377	3506
HA|PP755589.1|A/cattle/Texas/24-008749-003/2024(H5N1)	1378	3572
HA|PP755589.1|A/cattle/Texas/24-008749-003/2024(H5N1)	1379	3573
HA|PP755589.1|A/cattle/Texas/24-008749-003/2024(H5N1)	1380	3555
HA|PP755589.1|A/cattle/Texas/24-008749-003/2024(H5N1)	1381	3553
HA|PP755589.1|A/cattle/Texas/24-008749-003/2024(H5N1)	1382	3401
HA|PP755589.1|A/cattle/Texas/24-008749-003/2024(H5N1)	1383	3388
HA|PP755589.1|A/cattle/Texas/24-008749-003/2024(H5N1)	1384	3404
HA|PP755589.1|A/cattle/Texas/24-008749-003/2024(H5N1)	1385	3402
HA|PP755589.1|A/cattle/Texas/24-008749-003/2024(H5N1)	1386	3436
HA|PP755589.1|A/cattle/Texas/24-008749-003/2024(H5N1)	1387	3426
HA|PP755589.1|A/cattle/Texas/24-008749-003/2024(H5N1)	1388	3410
HA|PP755589.1|A/cattle/Texas/24-008749-003/2024(H5N1)	1389	3411
HA|PP755589.1|A/cattle/Texas/24-008749-003/2024(H5N1)	1390	3406
HA|PP755589.1|A/cattle/Texas/24-008749-003/2024(H5N1)	1391	3361
HA|PP755589.1|A/cattle/Texas/24-008749-003/2024(H5N1)	1392	3354
HA|PP755589.1|A/cattle/Texas/24-008749-003/2024(H5N1)	1393	3356
HA|PP755589.1|A/cattle/Texas/24-008749-003/2024(H5N1)	1394	3377
HA|PP755589.1|A/cattle/Texas/24-008749-003/2024(H5N1)	1395	3356
HA|PP755589.1|A/cattle/Texas/24-008749-003/2024(H5N1)	1396	3311
HA|PP755589.1|A/cattle/Texas/24-008749-003/2024(H5N1)	1397	3312
HA|PP755589.1|A/cattle/Texas/24-008749-003/2024(H5N1)	1398	3337
HA|PP755589.1|A/cattle/Texas/24-008749-003/2024(H5N1)	1399	3350
HA|PP755589.1|A/cattle/Texas/24-008749-003/2024(H5N1)	1400	3349
HA|PP755589.1|A/cattle/Texas/24-008749-003/2024(H5N1)	1401	3284
HA|PP755589.1|A/cattle/Texas/24-008749-003/2024(H5N1)	1402	3276
HA|PP755589.1|A/cattle/Texas/24-008749-003/2024(H5N1)	1403	3367
HA|PP755589.1|A/cattle/Texas/24-008749-003/2024(H5N1)	1404	3381
HA|PP755589.1|A/cattle/Texas/24-008749-003/2024(H5N1)	1405	3388
HA|PP755589.1|A/cattle/Texas/24-008749-003/2024(H5N1)	1406	3376
HA|PP755589.1|A/cattle/Texas/24-008749-003/2024(H5N1)	1407	3361
HA|PP755589.1|A/cattle/Texas/24-008749-003/2024(H5N1)	1408	3352
HA|PP755589.1|A/cattle/Texas/24-008749-003/2024(H5N1)	1409	3329
HA|PP755589.1|A/cattle/Texas/24-008749-003/2024(H5N1)	1410	3524
HA|PP755589.1|A/cattle/Texas/24-008749-003/2024(H5N1)	1411	3528
HA|PP755589.1|A/cattle/Texas/24-008749-003/2024(H5N1)	1412	3432
HA|PP755589.1|A/cattle/Texas/24-008749-003/2024(H5N1)	1413	3432
HA|PP755589.1|A/cattle/Texas/24-008749-003/2024(H5N1)	1414	3420
HA|PP755589.1|A/cattle/Texas/24-008749-003/2024(H5N1)	1415	3431
HA|PP755589.1|A/cattle/Texas/24-008749-003/2024(H5N1)	1416	3483
HA|PP755589.1|A/cattle/Texas/24-008749-003/2024(H5N1)	1417	3482
HA|PP755589.1|A/cattle/Texas/24-008749-003/2024(H5N1)	1418	3486
HA|PP755589.1|A/cattle/Texas/24-008749-003/2024(H5N1)	1419	3315
HA|PP755589.1|A/cattle/Texas/24-008749-003/2024(H5N1)	1420	3268
HA|PP755589.1|A/cattle/Texas/24-008749-003/2024(H5N1)	1421	3429
HA|PP755589.1|A/cattle/Texas/24-008749-003/2024(H5N1)	1422	3437
HA|PP755589.1|A/cattle/Texas/24-008749-003/2024(H5N1)	1423	3439
HA|PP755589.1|A/cattle/Texas/24-008749-003/2024(H5N1)	1424	3467
HA|PP755589.1|A/cattle/Texas/24-008749-003/2024(H5N1)	1425	3407
HA|PP755589.1|A/cattle/Texas/24-008749-003/2024(H5N1)	1426	3403
HA|PP755589.1|A/cattle/Texas/24-008749-003/2024(H5N1)	1427	3403
HA|PP755589.1|A/cattle/Texas/24-008749-003/2024(H5N1)	1428	3412
HA|PP755589.1|A/cattle/Texas/24-008749-003/2024(H5N1)	1429	3467
HA|PP755589.1|A/cattle/Texas/24-008749-003/2024(H5N1)	1430	3297
HA|PP755589.1|A/cattle/Texas/24-008749-003/2024(H5N1)	1431	3298
HA|PP755589.1|A/cattle/Texas/24-008749-003/2024(H5N1)	1432	3322
HA|PP755589.1|A/cattle/Texas/24-008749-003/2024(H5N1)	1433	3401
HA|PP755589.1|A/cattle/Texas/24-008749-003/2024(H5N1)	1434	3518
HA|PP755589.1|A/cattle/Texas/24-008749-003/2024(H5N1)	1435	3555
HA|PP755589.1|A/cattle/Texas/24-008749-003/2024(H5N1)	1436	3543
HA|PP755589.1|A/cattle/Texas/24-008749-003/2024(H5N1)	1437	3529
HA|PP755589.1|A/cattle/Texas/24-008749-003/2024(H5N1)	1438	3518
HA|PP755589.1|A/cattle/Texas/24-008749-003/2024(H5N1)	1439	3508
HA|PP755589.1|A/cattle/Texas/24-008749-003/2024(H5N1)	1440	3502
HA|PP755589.1|A/cattle/Texas/24-008749-003/2024(H5N1)	1441	3502
HA|PP755589.1|A/cattle/Texas/24-008749-003/2024(H5N1)	1442	3503
HA|PP755589.1|A/cattle/Texas/24-008749-003/2024(H5N1)	1443	3378
HA|PP755589.1|A/cattle/Texas/24-008749-003/2024(H5N1)	1444	3399
HA|PP755589.1|A/cattle/Texas/24-008749-003/2024(H5N1)	1445	3421
HA|PP755589.1|A/cattle/Texas/24-008749-003/2024(H5N1)	1446	3420
HA|PP755589.1|A/cattle/Texas/24-008749-003/2024(H5N1)	1447	3422
HA|PP755589.1|A/cattle/Texas/24-008749-003/2024(H5N1)	1448	3405
HA|PP755589.1|A/cattle/Texas/24-008749-003/2024(H5N1)	1449	3328
HA|PP755589.1|A/cattle/Texas/24-008749-003/2024(H5N1)	1450	3333
HA|PP755589.1|A/cattle/Texas/24-008749-003/2024(H5N1)	1451	3328
HA|PP755589.1|A/cattle/Texas/24-008749-003/2024(H5N1)	1452	3345
HA|PP755589.1|A/cattle/Texas/24-008749-003/2024(H5N1)	1453	3349
HA|PP755589.1|A/cattle/Texas/24-008749-003/2024(H5N1)	1454	3321
HA|PP755589.1|A/cattle/Texas/24-008749-003/2024(H5N1)	1455	3232
HA|PP755589.1|A/cattle/Texas/24-008749-003/2024(H5N1)	1456	3229
HA|PP755589.1|A/cattle/Texas/24-008749-003/2024(H5N1)	1457	3232
HA|PP755589.1|A/cattle/Texas/24-008749-003/2024(H5N1)	1458	3248
HA|PP755589.1|A/cattle/Texas/24-008749-003/2024(H5N1)	1459	3244
HA|PP755589.1|A/cattle/Texas/24-008749-003/2024(H5N1)	1460	3270
HA|PP755589.1|A/cattle/Texas/24-008749-003/2024(H5N1)	1461	3221
HA|PP755589.1|A/cattle/Texas/24-008749-003/2024(H5N1)	1462	3226
HA|PP755589.1|A/cattle/Texas/24-008749-003/2024(H5N1)	1463	3225
HA|PP755589.1|A/cattle/Texas/24-008749-003/2024(H5N1)	1464	3218
HA|PP755589.1|A/cattle/Texas/24-008749-003/2024(H5N1)	1465	3117
HA|PP755589.1|A/cattle/Texas/24-008749-003/2024(H5N1)	1466	3122
HA|PP755589.1|A/cattle/Texas/24-008749-003/2024(H5N1)	1467	3108
HA|PP755589.1|A/cattle/Texas/24-008749-003/2024(H5N1)	1468	3122
HA|PP755589.1|A/cattle/Texas/24-008749-003/2024(H5N1)	1469	3124
HA|PP755589.1|A/cattle/Texas/24-008749-003/2024(H5N1)	1470	3066
HA|PP755589.1|A/cattle/Texas/24-008749-003/2024(H5N1)	1471	3067
HA|PP755589.1|A/cattle/Texas/24-008749-003/2024(H5N1)	1472	3073
HA|PP755589.1|A/cattle/Texas/24-008749-003/2024(H5N1)	1473	3066
HA|PP755589.1|A/cattle/Texas/24-008749-003/2024(H5N1)	1474	3069
HA|PP755589.1|A/cattle/Texas/24-008749-003/2024(H5N1)	1475	3044
HA|PP755589.1|A/cattle/Texas/24-008749-003/2024(H5N1)	1476	3053
HA|PP755589.1|A/cattle/Texas/24-008749-003/2024(H5N1)	1477	3089
HA|PP755589.1|A/cattle/Texas/24-008749-003/2024(H5N1)	1478	3057
HA|PP755589.1|A/cattle/Texas/24-008749-003/2024(H5N1)	1479	3079
HA|PP755589.1|A/cattle/Texas/24-008749-003/2024(H5N1)	1480	3242
HA|PP755589.1|A/cattle/Texas/24-008749-003/2024(H5N1)	1481	3240
HA|PP755589.1|A/cattle/Texas/24-008749-003/2024(H5N1)	1482	3238
HA|PP755589.1|A/cattle/Texas/24-008749-003/2024(H5N1)	1483	3231
HA|PP755589.1|A/cattle/Texas/24-008749-003/2024(H5N1)	1484	3233
HA|PP755589.1|A/cattle/Texas/24-008749-003/2024(H5N1)	1485	3246
HA|PP755589.1|A/cattle/Texas/24-008749-003/2024(H5N1)	1486	3183
HA|PP755589.1|A/cattle/Texas/24-008749-003/2024(H5N1)	1487	3226
HA|PP755589.1|A/cattle/Texas/24-008749-003/2024(H5N1)	1488	3177
HA|PP755589.1|A/cattle/Texas/24-008749-003/2024(H5N1)	1489	3171
HA|PP755589.1|A/cattle/Texas/24-008749-003/2024(H5N1)	1490	3178
HA|PP755589.1|A/cattle/Texas/24-008749-003/2024(H5N1)	1491	3176
HA|PP755589.1|A/cattle/Texas/24-008749-003/2024(H5N1)	1492	3181
HA|PP755589.1|A/cattle/Texas/24-008749-003/2024(H5N1)	1493	3176
HA|PP755589.1|A/cattle/Texas/24-008749-003/2024(H5N1)	1494	3190
HA|PP755589.1|A/cattle/Texas/24-008749-003/2024(H5N1)	1495	3184
HA|PP755589.1|A/cattle/Texas/24-008749-003/2024(H5N1)	1496	3181
HA|PP755589.1|A/cattle/Texas/24-008749-003/2024(H5N1)	1497	3175
HA|PP755589.1|A/cattle/Texas/24-008749-003/2024(H5N1)	1498	3132
HA|PP755589.1|A/cattle/Texas/24-008749-003/2024(H5N1)	1499	3138
HA|PP755589.1|A/cattle/Texas/24-008749-003/2024(H5N1)	1500	3134
HA|PP755589.1|A/cattle/Texas/24-008749-003/2024(H5N1)	1501	3188
HA|PP755589.1|A/cattle/Texas/24-008749-003/2024(H5N1)	1502	3161
HA|PP755589.1|A/cattle/Texas/24-008749-003/2024(H5N1)	1503	3159
HA|PP755589.1|A/cattle/Texas/24-008749-003/2024(H5N1)	1504	3165
HA|PP755589.1|A/cattle/Texas/24-008749-003/2024(H5N1)	1505	3155
HA|PP755589.1|A/cattle/Texas/24-008749-003/2024(H5N1)	1506	3268
HA|PP755589.1|A/cattle/Texas/24-008749-003/2024(H5N1)	1507	3267
HA|PP755589.1|A/cattle/Texas/24-008749-003/2024(H5N1)	1508	3265
HA|PP755589.1|A/cattle/Texas/24-008749-003/2024(H5N1)	1509	3247
HA|PP755589.1|A/cattle/Texas/24-008749-003/2024(H5N1)	1510	3193
HA|PP755589.1|A/cattle/Texas/24-008749-003/2024(H5N1)	1511	3273
HA|PP755589.1|A/cattle/Texas/24-008749-003/2024(H5N1)	1512	3295
HA|PP755589.1|A/cattle/Texas/24-008749-003/2024(H5N1)	1513	3341
HA|PP755589.1|A/cattle/Texas/24-008749-003/2024(H5N1)	1514	3339
HA|PP755589.1|A/cattle/Texas/24-008749-003/2024(H5N1)	1515	3306
HA|PP755589.1|A/cattle/Texas/24-008749-003/2024(H5N1)	1516	3308
HA|PP755589.1|A/cattle/Texas/24-008749-003/2024(H5N1)	1517	3297
HA|PP755589.1|A/cattle/Texas/24-008749-003/2024(H5N1)	1518	3350
HA|PP755589.1|A/cattle/Texas/24-008749-003/2024(H5N1)	1519	3345
HA|PP755589.1|A/cattle/Texas/24-008749-003/2024(H5N1)	1520	3359
HA|PP755589.1|A/cattle/Texas/24-008749-003/2024(H5N1)	1521	3296
HA|PP755589.1|A/cattle/Texas/24-008749-003/2024(H5N1)	1522	3246
HA|PP755589.1|A/cattle/Texas/24-008749-003/2024(H5N1)	1523	3245
HA|PP755589.1|A/cattle/Texas/24-008749-003/2024(H5N1)	1524	3218
HA|PP755589.1|A/cattle/Texas/24-008749-003/2024(H5N1)	1525	3234
HA|PP755589.1|A/cattle/Texas/24-008749-003/2024(H5N1)	1526	3419
HA|PP755589.1|A/cattle/Texas/24-008749-003/2024(H5N1)	1527	3298
HA|PP755589.1|A/cattle/Texas/24-008749-003/2024(H5N1)	1528	3293
HA|PP755589.1|A/cattle/Texas/24-008749-003/2024(H5N1)	1529	3266
HA|PP755589.1|A/cattle/Texas/24-008749-003/2024(H5N1)	1530	3265
HA|PP755589.1|A/cattle/Texas/24-008749-003/2024(H5N1)	1531	3263
HA|PP755589.1|A/cattle/Texas/24-008749-003/2024(H5N1)	1532	3267
HA|PP755589.1|A/cattle/Texas/24-008749-003/2024(H5N1)	1533	3267
HA|PP755589.1|A/cattle/Texas/24-008749-003/2024(H5N1)	1534	3252
HA|PP755589.1|A/cattle/Texas/24-008749-003/2024(H5N1)	1535	3258
HA|PP755589.1|A/cattle/Texas/24-008749-003/2024(H5N1)	1536	3384
HA|PP755589.1|A/cattle/Texas/24-008749-003/2024(H5N1)	1537	3343
HA|PP755589.1|A/cattle/Texas/24-008749-003/2024(H5N1)	1538	3327
HA|PP755589.1|A/cattle/Texas/24-008749-003/2024(H5N1)	1539	3410
HA|PP755589.1|A/cattle/Texas/24-008749-003/2024(H5N1)	1540	3408
HA|PP755589.1|A/cattle/Texas/24-008749-003/2024(H5N1)	1541	3414
HA|PP755589.1|A/cattle/Texas/24-008749-003/2024(H5N1)	1542	3413
HA|PP755589.1|A/cattle/Texas/24-008749-003/2024(H5N1)	1543	3385
HA|PP755589.1|A/cattle/Texas/24-008749-003/2024(H5N1)	1544	3391
HA|PP755589.1|A/cattle/Texas/24-008749-003/2024(H5N1)	1545	3380
HA|PP755589.1|A/cattle/Texas/24-008749-003/2024(H5N1)	1546	3380
HA|PP755589.1|A/cattle/Texas/24-008749-003/2024(H5N1)	1547	3385
HA|PP755589.1|A/cattle/Texas/24-008749-003/2024(H5N1)	1548	3384
HA|PP755589.1|A/cattle/Texas/24-008749-003/2024(H5N1)	1549	3376
HA|PP755589.1|A/cattle/Texas/24-008749-003/2024(H5N1)	1550	3390
HA|PP755589.1|A/cattle/Texas/24-008749-003/2024(H5N1)	1551	3391
HA|PP755589.1|A/cattle/Texas/24-008749-003/2024(H5N1)	1552	3393
HA|PP755589.1|A/cattle/Texas/24-008749-003/2024(H5N1)	1553	3382
HA|PP755589.1|A/cattle/Texas/24-008749-003/2024(H5N1)	1554	3293
HA|PP755589.1|A/cattle/Texas/24-008749-003/2024(H5N1)	1555	3289
HA|PP755589.1|A/cattle/Texas/24-008749-003/2024(H5N1)	1556	3279
HA|PP755589.1|A/cattle/Texas/24-008749-003/2024(H5N1)	1557	3309
HA|PP755589.1|A/cattle/Texas/24-008749-003/2024(H5N1)	1558	3241
HA|PP755589.1|A/cattle/Texas/24-008749-003/2024(H5N1)	1559	3244
HA|PP755589.1|A/cattle/Texas/24-008749-003/2024(H5N1)	1560	3240
HA|PP755589.1|A/cattle/Texas/24-008749-003/2024(H5N1)	1561	3022
HA|PP755589.1|A/cattle/Texas/24-008749-003/2024(H5N1)	1562	3098
HA|PP755589.1|A/cattle/Texas/24-008749-003/2024(H5N1)	1563	3098
HA|PP755589.1|A/cattle/Texas/24-008749-003/2024(H5N1)	1564	3165
HA|PP755589.1|A/cattle/Texas/24-008749-003/2024(H5N1)	1565	3165
HA|PP755589.1|A/cattle/Texas/24-008749-003/2024(H5N1)	1566	3177
HA|PP755589.1|A/cattle/Texas/24-008749-003/2024(H5N1)	1567	3125
HA|PP755589.1|A/cattle/Texas/24-008749-003/2024(H5N1)	1568	3113
HA|PP755589.1|A/cattle/Texas/24-008749-003/2024(H5N1)	1569	3110
HA|PP755589.1|A/cattle/Texas/24-008749-003/2024(H5N1)	1570	3110
HA|PP755589.1|A/cattle/Texas/24-008749-003/2024(H5N1)	1571	3185
HA|PP755589.1|A/cattle/Texas/24-008749-003/2024(H5N1)	1572	3036
HA|PP755589.1|A/cattle/Texas/24-008749-003/2024(H5N1)	1573	3027
HA|PP755589.1|A/cattle/Texas/24-008749-003/2024(H5N1)	1574	3029
HA|PP755589.1|A/cattle/Texas/24-008749-003/2024(H5N1)	1575	2999
HA|PP755589.1|A/cattle/Texas/24-008749-003/2024(H5N1)	1576	3000
HA|PP755589.1|A/cattle/Texas/24-008749-003/2024(H5N1)	1577	3046
HA|PP755589.1|A/cattle/Texas/24-008749-003/2024(H5N1)	1578	3045
HA|PP755589.1|A/cattle/Texas/24-008749-003/2024(H5N1)	1579	3033
HA|PP755589.1|A/cattle/Texas/24-008749-003/2024(H5N1)	1580	2996
HA|PP755589.1|A/cattle/Texas/24-008749-003/2024(H5N1)	1581	2995
HA|PP755589.1|A/cattle/Texas/24-008749-003/2024(H5N1)	1582	2985
HA|PP755589.1|A/cattle/Texas/24-008749-003/2024(H5N1)	1583	2904
HA|PP755589.1|A/cattle/Texas/24-008749-003/2024(H5N1)	1584	2811
HA|PP755589.1|A/cattle/Texas/24-008749-003/2024(H5N1)	1585	2804
HA|PP755589.1|A/cattle/Texas/24-008749-003/2024(H5N1)	1586	2808
HA|PP755589.1|A/cattle/Texas/24-008749-003/2024(H5N1)	1587	2822
HA|PP755589.1|A/cattle/Texas/24-008749-003/2024(H5N1)	1588	2830
HA|PP755589.1|A/cattle/Texas/24-008749-003/2024(H5N1)	1589	2781
HA|PP755589.1|A/cattle/Texas/24-008749-003/2024(H5N1)	1590	2794
HA|PP755589.1|A/cattle/Texas/24-008749-003/2024(H5N1)	1591	2790
HA|PP755589.1|A/cattle/Texas/24-008749-003/2024(H5N1)	1592	2799
HA|PP755589.1|A/cattle/Texas/24-008749-003/2024(H5N1)	1593	2965
HA|PP755589.1|A/cattle/Texas/24-008749-003/2024(H5N1)	1594	2957
HA|PP755589.1|A/cattle/Texas/24-008749-003/2024(H5N1)	1595	2860
HA|PP755589.1|A/cattle/Texas/24-008749-003/2024(H5N1)	1596	2865
HA|PP755589.1|A/cattle/Texas/24-008749-003/2024(H5N1)	1597	3376
HA|PP755589.1|A/cattle/Texas/24-008749-003/2024(H5N1)	1598	3399
HA|PP755589.1|A/cattle/Texas/24-008749-003/2024(H5N1)	1599	3462
HA|PP755589.1|A/cattle/Texas/24-008749-003/2024(H5N1)	1600	3461
HA|PP755589.1|A/cattle/Texas/24-008749-003/2024(H5N1)	1601	3459
HA|PP755589.1|A/cattle/Texas/24-008749-003/2024(H5N1)	1602	3518
HA|PP755589.1|A/cattle/Texas/24-008749-003/2024(H5N1)	1603	3502
HA|PP755589.1|A/cattle/Texas/24-008749-003/2024(H5N1)	1604	3499
HA|PP755589.1|A/cattle/Texas/24-008749-003/2024(H5N1)	1605	3497
HA|PP755589.1|A/cattle/Texas/24-008749-003/2024(H5N1)	1606	3490
HA|PP755589.1|A/cattle/Texas/24-008749-003/2024(H5N1)	1607	3489
HA|PP755589.1|A/cattle/Texas/24-008749-003/2024(H5N1)	1608	3488
HA|PP755589.1|A/cattle/Texas/24-008749-003/2024(H5N1)	1609	3468
HA|PP755589.1|A/cattle/Texas/24-008749-003/2024(H5N1)	1610	3469
HA|PP755589.1|A/cattle/Texas/24-008749-003/2024(H5N1)	1611	3442
HA|PP755589.1|A/cattle/Texas/24-008749-003/2024(H5N1)	1612	3444
HA|PP755589.1|A/cattle/Texas/24-008749-003/2024(H5N1)	1613	3429
HA|PP755589.1|A/cattle/Texas/24-008749-003/2024(H5N1)	1614	3433
HA|PP755589.1|A/cattle/Texas/24-008749-003/2024(H5N1)	1615	3422
HA|PP755589.1|A/cattle/Texas/24-008749-003/2024(H5N1)	1616	3404
HA|PP755589.1|A/cattle/Texas/24-008749-003/2024(H5N1)	1617	3406
HA|PP755589.1|A/cattle/Texas/24-008749-003/2024(H5N1)	1618	3399
HA|PP755589.1|A/cattle/Texas/24-008749-003/2024(H5N1)	1619	3389
HA|PP755589.1|A/cattle/Texas/24-008749-003/2024(H5N1)	1620	3388
HA|PP755589.1|A/cattle/Texas/24-008749-003/2024(H5N1)	1621	3377
HA|PP755589.1|A/cattle/Texas/24-008749-003/2024(H5N1)	1622	3399
HA|PP755589.1|A/cattle/Texas/24-008749-003/2024(H5N1)	1623	3391
HA|PP755589.1|A/cattle/Texas/24-008749-003/2024(H5N1)	1624	3382
HA|PP755589.1|A/cattle/Texas/24-008749-003/2024(H5N1)	1625	3380
HA|PP755589.1|A/cattle/Texas/24-008749-003/2024(H5N1)	1626	3376
HA|PP755589.1|A/cattle/Texas/24-008749-003/2024(H5N1)	1627	3372
HA|PP755589.1|A/cattle/Texas/24-008749-003/2024(H5N1)	1628	3303
HA|PP755589.1|A/cattle/Texas/24-008749-003/2024(H5N1)	1629	3274
HA|PP755589.1|A/cattle/Texas/24-008749-003/2024(H5N1)	1630	3247
HA|PP755589.1|A/cattle/Texas/24-008749-003/2024(H5N1)	1631	3071
HA|PP755589.1|A/cattle/Texas/24-008749-003/2024(H5N1)	1632	3075
HA|PP755589.1|A/cattle/Texas/24-008749-003/2024(H5N1)	1633	3075
HA|PP755589.1|A/cattle/Texas/24-008749-003/2024(H5N1)	1634	3074
HA|PP755589.1|A/cattle/Texas/24-008749-003/2024(H5N1)	1635	3066
HA|PP755589.1|A/cattle/Texas/24-008749-003/2024(H5N1)	1636	3043
HA|PP755589.1|A/cattle/Texas/24-008749-003/2024(H5N1)	1637	3039
HA|PP755589.1|A/cattle/Texas/24-008749-003/2024(H5N1)	1638	2988
HA|PP755589.1|A/cattle/Texas/24-008749-003/2024(H5N1)	1639	2983
HA|PP755589.1|A/cattle/Texas/24-008749-003/2024(H5N1)	1640	2981
HA|PP755589.1|A/cattle/Texas/24-008749-003/2024(H5N1)	1641	2960
HA|PP755589.1|A/cattle/Texas/24-008749-003/2024(H5N1)	1642	2947
HA|PP755589.1|A/cattle/Texas/24-008749-003/2024(H5N1)	1643	2942
HA|PP755589.1|A/cattle/Texas/24-008749-003/2024(H5N1)	1644	2923
HA|PP755589.1|A/cattle/Texas/24-008749-003/2024(H5N1)	1645	2915
HA|PP755589.1|A/cattle/Texas/24-008749-003/2024(H5N1)	1646	2909
HA|PP755589.1|A/cattle/Texas/24-008749-003/2024(H5N1)	1647	2817
HA|PP755589.1|A/cattle/Texas/24-008749-003/2024(H5N1)	1648	2824
HA|PP755589.1|A/cattle/Texas/24-008749-003/2024(H5N1)	1649	2824
HA|PP755589.1|A/cattle/Texas/24-008749-003/2024(H5N1)	1650	2822
HA|PP755589.1|A/cattle/Texas/24-008749-003/2024(H5N1)	1651	2776
HA|PP755589.1|A/cattle/Texas/24-008749-003/2024(H5N1)	1652	2762
HA|PP755589.1|A/cattle/Texas/24-008749-003/2024(H5N1)	1653	2760
HA|PP755589.1|A/cattle/Texas/24-008749-003/2024(H5N1)	1654	2754
HA|PP755589.1|A/cattle/Texas/24-008749-003/2024(H5N1)	1655	2651
HA|PP755589.1|A/cattle/Texas/24-008749-003/2024(H5N1)	1656	2641
HA|PP755589.1|A/cattle/Texas/24-008749-003/2024(H5N1)	1657	2533
HA|PP755589.1|A/cattle/Texas/24-008749-003/2024(H5N1)	1658	2514
HA|PP755589.1|A/cattle/Texas/24-008749-003/2024(H5N1)	1659	2509
HA|PP755589.1|A/cattle/Texas/24-008749-003/2024(H5N1)	1660	2505
HA|PP755589.1|A/cattle/Texas/24-008749-003/2024(H5N1)	1661	2505
HA|PP755589.1|A/cattle/Texas/24-008749-003/2024(H5N1)	1662	2417
HA|PP755589.1|A/cattle/Texas/24-008749-003/2024(H5N1)	1663	2375
HA|PP755589.1|A/cattle/Texas/24-008749-003/2024(H5N1)	1664	2302
HA|PP755589.1|A/cattle/Texas/24-008749-003/2024(H5N1)	1665	2304
HA|PP755589.1|A/cattle/Texas/24-008749-003/2024(H5N1)	1666	2211
HA|PP755589.1|A/cattle/Texas/24-008749-003/2024(H5N1)	1667	2212
HA|PP755589.1|A/cattle/Texas/24-008749-003/2024(H5N1)	1668	2166
HA|PP755589.1|A/cattle/Texas/24-008749-003/2024(H5N1)	1669	2166
HA|PP755589.1|A/cattle/Texas/24-008749-003/2024(H5N1)	1670	2147
HA|PP755589.1|A/cattle/Texas/24-008749-003/2024(H5N1)	1671	2109
HA|PP755589.1|A/cattle/Texas/24-008749-003/2024(H5N1)	1672	2105
HA|PP755589.1|A/cattle/Texas/24-008749-003/2024(H5N1)	1673	2105
HA|PP755589.1|A/cattle/Texas/24-008749-003/2024(H5N1)	1674	2073
HA|PP755589.1|A/cattle/Texas/24-008749-003/2024(H5N1)	1675	2065
HA|PP755589.1|A/cattle/Texas/24-008749-003/2024(H5N1)	1676	1916
HA|PP755589.1|A/cattle/Texas/24-008749-003/2024(H5N1)	1677	1885
HA|PP755589.1|A/cattle/Texas/24-008749-003/2024(H5N1)	1678	1883
HA|PP755589.1|A/cattle/Texas/24-008749-003/2024(H5N1)	1679	1809
HA|PP755589.1|A/cattle/Texas/24-008749-003/2024(H5N1)	1680	1806
HA|PP755589.1|A/cattle/Texas/24-008749-003/2024(H5N1)	1681	1801
HA|PP755589.1|A/cattle/Texas/24-008749-003/2024(H5N1)	1682	1800
HA|PP755589.1|A/cattle/Texas/24-008749-003/2024(H5N1)	1683	1800
HA|PP755589.1|A/cattle/Texas/24-008749-003/2024(H5N1)	1684	1795
HA|PP755589.1|A/cattle/Texas/24-008749-003/2024(H5N1)	1685	1680
HA|PP755589.1|A/cattle/Texas/24-008749-003/2024(H5N1)	1686	1675
HA|PP755589.1|A/cattle/Texas/24-008749-003/2024(H5N1)	1687	1654
HA|PP755589.1|A/cattle/Texas/24-008749-003/2024(H5N1)	1688	1654
HA|PP755589.1|A/cattle/Texas/24-008749-003/2024(H5N1)	1689	1653
HA|PP755589.1|A/cattle/Texas/24-008749-003/2024(H5N1)	1690	1567
HA|PP755589.1|A/cattle/Texas/24-008749-003/2024(H5N1)	1691	1567
HA|PP755589.1|A/cattle/Texas/24-008749-003/2024(H5N1)	1692	1561
HA|PP755589.1|A/cattle/Texas/24-008749-003/2024(H5N1)	1693	1561
HA|PP755589.1|A/cattle/Texas/24-008749-003/2024(H5N1)	1694	1561
HA|PP755589.1|A/cattle/Texas/24-008749-003/2024(H5N1)	1695	1532
HA|PP755589.1|A/cattle/Texas/24-008749-003/2024(H5N1)	1696	1530
HA|PP755589.1|A/cattle/Texas/24-008749-003/2024(H5N1)	1697	1530
HA|PP755589.1|A/cattle/Texas/24-008749-003/2024(H5N1)	1698	1526
HA|PP755589.1|A/cattle/Texas/24-008749-003/2024(H5N1)	1699	1525
HA|PP755589.1|A/cattle/Texas/24-008749-003/2024(H5N1)	1700	1501
HA|PP755589.1|A/cattle/Texas/24-008749-003/2024(H5N1)	1701	1490
HA|PP755589.1|A/cattle/Texas/24-008749-003/2024(H5N1)	1702	1487
HA|PP755589.1|A/cattle/Texas/24-008749-003/2024(H5N1)	1703	1483
HA|PP755589.1|A/cattle/Texas/24-008749-003/2024(H5N1)	1704	1483
