PA|PP755594.1|A/cattle/Texas/24-008749-003/2024(H5N1)	1	4959
PA|PP755594.1|A/cattle/Texas/24-008749-003/2024(H5N1)	2	4964
PA|PP755594.1|A/cattle/Texas/24-008749-003/2024(H5N1)	3	5042
PA|PP755594.1|A/cattle/Texas/24-008749-003/2024(H5N1)	4	5052
PA|PP755594.1|A/cattle/Texas/24-008749-003/2024(H5N1)	5	5057
PA|PP755594.1|A/cattle/Texas/24-008749-003/2024(H5N1)	6	5064
PA|PP755594.1|A/cattle/Texas/24-008749-003/2024(H5N1)	7	5108
PA|PP755594.1|A/cattle/Texas/24-008749-003/2024(H5N1)	8	5210
PA|PP755594.1|A/cattle/Texas/24-008749-003/2024(H5N1)	9	5250
PA|PP755594.1|A/cattle/Texas/24-008749-003/2024(H5N1)	10	5249
PA|PP755594.1|A/cattle/Texas/24-008749-003/2024(H5N1)	11	5350
PA|PP755594.1|A/cattle/Texas/24-008749-003/2024(H5N1)	12	5353
PA|PP755594.1|A/cattle/Texas/24-008749-003/2024(H5N1)	13	5459
PA|PP755594.1|A/cattle/Texas/24-008749-003/2024(H5N1)	14	5460
PA|PP755594.1|A/cattle/Texas/24-008749-003/2024(H5N1)	15	5466
PA|PP755594.1|A/cattle/Texas/24-008749-003/2024(H5N1)	16	5531
PA|PP755594.1|A/cattle/Texas/24-008749-003/2024(H5N1)	17	5532
PA|PP755594.1|A/cattle/Texas/24-008749-003/2024(H5N1)	18	5647
PA|PP755594.1|A/cattle/Texas/24-008749-003/2024(H5N1)	19	5685
PA|PP755594.1|A/cattle/Texas/24-008749-003/2024(H5N1)	20	5687
PA|PP755594.1|A/cattle/Texas/24-008749-003/2024(H5N1)	21	5738
PA|PP755594.1|A/cattle/Texas/24-008749-003/2024(H5N1)	22	5758
PA|PP755594.1|A/cattle/Texas/24-008749-003/2024(H5N1)	23	5945
PA|PP755594.1|A/cattle/Texas/24-008749-003/2024(H5N1)	24	6104
PA|PP755594.1|A/cattle/Texas/24-008749-003/2024(H5N1)	25	6108
PA|PP755594.1|A/cattle/Texas/24-008749-003/2024(H5N1)	26	6111
PA|PP755594.1|A/cattle/Texas/24-008749-003/2024(H5N1)	27	6114
PA|PP755594.1|A/cattle/Texas/24-008749-003/2024(H5N1)	28	6151
PA|PP755594.1|A/cattle/Texas/24-008749-003/2024(H5N1)	29	6446
PA|PP755594.1|A/cattle/Texas/24-008749-003/2024(H5N1)	30	6463
PA|PP755594.1|A/cattle/Texas/24-008749-003/2024(H5N1)	31	6466
PA|PP755594.1|A/cattle/Texas/24-008749-003/2024(H5N1)	32	6471
PA|PP755594.1|A/cattle/Texas/24-008749-003/2024(H5N1)	33	6502
PA|PP755594.1|A/cattle/Texas/24-008749-003/2024(H5N1)	34	6522
PA|PP755594.1|A/cattle/Texas/24-008749-003/2024(H5N1)	35	6569
PA|PP755594.1|A/cattle/Texas/24-008749-003/2024(H5N1)	36	6577
PA|PP755594.1|A/cattle/Texas/24-008749-003/2024(H5N1)	37	6610
PA|PP755594.1|A/cattle/Texas/24-008749-003/2024(H5N1)	38	6649
PA|PP755594.1|A/cattle/Texas/24-008749-003/2024(H5N1)	39	6674
PA|PP755594.1|A/cattle/Texas/24-008749-003/2024(H5N1)	40	6684
PA|PP755594.1|A/cattle/Texas/24-008749-003/2024(H5N1)	41	6722
PA|PP755594.1|A/cattle/Texas/24-008749-003/2024(H5N1)	42	6754
PA|PP755594.1|A/cattle/Texas/24-008749-003/2024(H5N1)	43	6759
PA|PP755594.1|A/cattle/Texas/24-008749-003/2024(H5N1)	44	6856
PA|PP755594.1|A/cattle/Texas/24-008749-003/2024(H5N1)	45	6862
PA|PP755594.1|A/cattle/Texas/24-008749-003/2024(H5N1)	46	6888
PA|PP755594.1|A/cattle/Texas/24-008749-003/2024(H5N1)	47	6889
PA|PP755594.1|A/cattle/Texas/24-008749-003/2024(H5N1)	48	6911
PA|PP755594.1|A/cattle/Texas/24-008749-003/2024(H5N1)	49	6923
PA|PP755594.1|A/cattle/Texas/24-008749-003/2024(H5N1)	50	6939
PA|PP755594.1|A/cattle/Texas/24-008749-003/2024(H5N1)	51	6954
PA|PP755594.1|A/cattle/Texas/24-008749-003/2024(H5N1)	52	6963
PA|PP755594.1|A/cattle/Texas/24-008749-003/2024(H5N1)	53	6963
PA|PP755594.1|A/cattle/Texas/24-008749-003/2024(H5N1)	54	6971
PA|PP755594.1|A/cattle/Texas/24-008749-003/2024(H5N1)	55	6971
PA|PP755594.1|A/cattle/Texas/24-008749-003/2024(H5N1)	56	6983
PA|PP755594.1|A/cattle/Texas/24-008749-003/2024(H5N1)	57	6987
PA|PP755594.1|A/cattle/Texas/24-008749-003/2024(H5N1)	58	7125
PA|PP755594.1|A/cattle/Texas/24-008749-003/2024(H5N1)	59	7207
PA|PP755594.1|A/cattle/Texas/24-008749-003/2024(H5N1)	60	7216
PA|PP755594.1|A/cattle/Texas/24-008749-003/2024(H5N1)	61	7249
PA|PP755594.1|A/cattle/Texas/24-008749-003/2024(H5N1)	62	7263
PA|PP755594.1|A/cattle/Texas/24-008749-003/2024(H5N1)	63	7311
PA|PP755594.1|A/cattle/Texas/24-008749-003/2024(H5N1)	64	7348
PA|PP755594.1|A/cattle/Texas/24-008749-003/2024(H5N1)	65	7352
PA|PP755594.1|A/cattle/Texas/24-008749-003/2024(H5N1)	66	7362
PA|PP755594.1|A/cattle/Texas/24-008749-003/2024(H5N1)	67	7551
PA|PP755594.1|A/cattle/Texas/24-008749-003/2024(H5N1)	68	7633
PA|PP755594.1|A/cattle/Texas/24-008749-003/2024(H5N1)	69	7943
PA|PP755594.1|A/cattle/Texas/24-008749-003/2024(H5N1)	70	7958
PA|PP755594.1|A/cattle/Texas/24-008749-003/2024(H5N1)	71	7979
PA|PP755594.1|A/cattle/Texas/24-008749-003/2024(H5N1)	72	8067
PA|PP755594.1|A/cattle/Texas/24-008749-003/2024(H5N1)	73	8082
PA|PP755594.1|A/cattle/Texas/24-008749-003/2024(H5N1)	74	8106
PA|PP755594.1|A/cattle/Texas/24-008749-003/2024(H5N1)	75	8109
PA|PP755594.1|A/cattle/Texas/24-008749-003/2024(H5N1)	76	8092
PA|PP755594.1|A/cattle/Texas/24-008749-003/2024(H5N1)	77	8086
PA|PP755594.1|A/cattle/Texas/24-008749-003/2024(H5N1)	78	8039
PA|PP755594.1|A/cattle/Texas/24-008749-003/2024(H5N1)	79	8053
PA|PP755594.1|A/cattle/Texas/24-008749-003/2024(H5N1)	80	8063
PA|PP755594.1|A/cattle/Texas/24-008749-003/2024(H5N1)	81	8081
PA|PP755594.1|A/cattle/Texas/24-008749-003/2024(H5N1)	82	8155
PA|PP755594.1|A/cattle/Texas/24-008749-003/2024(H5N1)	83	8178
PA|PP755594.1|A/cattle/Texas/24-008749-003/2024(H5N1)	84	8173
PA|PP755594.1|A/cattle/Texas/24-008749-003/2024(H5N1)	85	8181
PA|PP755594.1|A/cattle/Texas/24-008749-003/2024(H5N1)	86	8183
PA|PP755594.1|A/cattle/Texas/24-008749-003/2024(H5N1)	87	8216
PA|PP755594.1|A/cattle/Texas/24-008749-003/2024(H5N1)	88	8223
PA|PP755594.1|A/cattle/Texas/24-008749-003/2024(H5N1)	89	8223
PA|PP755594.1|A/cattle/Texas/24-008749-003/2024(H5N1)	90	8220
PA|PP755594.1|A/cattle/Texas/24-008749-003/2024(H5N1)	91	8221
PA|PP755594.1|A/cattle/Texas/24-008749-003/2024(H5N1)	92	8229
PA|PP755594.1|A/cattle/Texas/24-008749-003/2024(H5N1)	93	8229
PA|PP755594.1|A/cattle/Texas/24-008749-003/2024(H5N1)	94	8368
PA|PP755594.1|A/cattle/Texas/24-008749-003/2024(H5N1)	95	8411
PA|PP755594.1|A/cattle/Texas/24-008749-003/2024(H5N1)	96	8428
PA|PP755594.1|A/cattle/Texas/24-008749-003/2024(H5N1)	97	8461
PA|PP755594.1|A/cattle/Texas/24-008749-003/2024(H5N1)	98	8470
PA|PP755594.1|A/cattle/Texas/24-008749-003/2024(H5N1)	99	8621
PA|PP755594.1|A/cattle/Texas/24-008749-003/2024(H5N1)	100	8656
PA|PP755594.1|A/cattle/Texas/24-008749-003/2024(H5N1)	101	8646
PA|PP755594.1|A/cattle/Texas/24-008749-003/2024(H5N1)	102	8651
PA|PP755594.1|A/cattle/Texas/24-008749-003/2024(H5N1)	103	8654
PA|PP755594.1|A/cattle/Texas/24-008749-003/2024(H5N1)	104	8683
PA|PP755594.1|A/cattle/Texas/24-008749-003/2024(H5N1)	105	8688
PA|PP755594.1|A/cattle/Texas/24-008749-003/2024(H5N1)	106	8692
PA|PP755594.1|A/cattle/Texas/24-008749-003/2024(H5N1)	107	8707
PA|PP755594.1|A/cattle/Texas/24-008749-003/2024(H5N1)	108	8710
PA|PP755594.1|A/cattle/Texas/24-008749-003/2024(H5N1)	109	8730
PA|PP755594.1|A/cattle/Texas/24-008749-003/2024(H5N1)	110	8864
PA|PP755594.1|A/cattle/Texas/24-008749-003/2024(H5N1)	111	8951
PA|PP755594.1|A/cattle/Texas/24-008749-003/2024(H5N1)	112	9129
PA|PP755594.1|A/cattle/Texas/24-008749-003/2024(H5N1)	113	9170
PA|PP755594.1|A/cattle/Texas/24-008749-003/2024(H5N1)	114	9441
PA|PP755594.1|A/cattle/Texas/24-008749-003/2024(H5N1)	115	9499
PA|PP755594.1|A/cattle/Texas/24-008749-003/2024(H5N1)	116	9508
PA|PP755594.1|A/cattle/Texas/24-008749-003/2024(H5N1)	117	10270
PA|PP755594.1|A/cattle/Texas/24-008749-003/2024(H5N1)	118	10317
PA|PP755594.1|A/cattle/Texas/24-008749-003/2024(H5N1)	119	10353
PA|PP755594.1|A/cattle/Texas/24-008749-003/2024(H5N1)	120	10333
PA|PP755594.1|A/cattle/Texas/24-008749-003/2024(H5N1)	121	10886
PA|PP755594.1|A/cattle/Texas/24-008749-003/2024(H5N1)	122	10870
PA|PP755594.1|A/cattle/Texas/24-008749-003/2024(H5N1)	123	11045
PA|PP755594.1|A/cattle/Texas/24-008749-003/2024(H5N1)	124	10983
PA|PP755594.1|A/cattle/Texas/24-008749-003/2024(H5N1)	125	10983
PA|PP755594.1|A/cattle/Texas/24-008749-003/2024(H5N1)	126	10960
PA|PP755594.1|A/cattle/Texas/24-008749-003/2024(H5N1)	127	9381
PA|PP755594.1|A/cattle/Texas/24-008749-003/2024(H5N1)	128	10018
PA|PP755594.1|A/cattle/Texas/24-008749-003/2024(H5N1)	129	9587
PA|PP755594.1|A/cattle/Texas/24-008749-003/2024(H5N1)	130	9509
PA|PP755594.1|A/cattle/Texas/24-008749-003/2024(H5N1)	131	9525
PA|PP755594.1|A/cattle/Texas/24-008749-003/2024(H5N1)	132	8279
PA|PP755594.1|A/cattle/Texas/24-008749-003/2024(H5N1)	133	8250
PA|PP755594.1|A/cattle/Texas/24-008749-003/2024(H5N1)	134	8376
PA|PP755594.1|A/cattle/Texas/24-008749-003/2024(H5N1)	135	8423
PA|PP755594.1|A/cattle/Texas/24-008749-003/2024(H5N1)	136	8493
PA|PP755594.1|A/cattle/Texas/24-008749-003/2024(H5N1)	137	8493
PA|PP755594.1|A/cattle/Texas/24-008749-003/2024(H5N1)	138	8356
PA|PP755594.1|A/cattle/Texas/24-008749-003/2024(H5N1)	139	8351
PA|PP755594.1|A/cattle/Texas/24-008749-003/2024(H5N1)	140	8480
PA|PP755594.1|A/cattle/Texas/24-008749-003/2024(H5N1)	141	8533
PA|PP755594.1|A/cattle/Texas/24-008749-003/2024(H5N1)	142	8501
PA|PP755594.1|A/cattle/Texas/24-008749-003/2024(H5N1)	143	8559
PA|PP755594.1|A/cattle/Texas/24-008749-003/2024(H5N1)	144	8492
PA|PP755594.1|A/cattle/Texas/24-008749-003/2024(H5N1)	145	8633
PA|PP755594.1|A/cattle/Texas/24-008749-003/2024(H5N1)	146	8724
PA|PP755594.1|A/cattle/Texas/24-008749-003/2024(H5N1)	147	8721
PA|PP755594.1|A/cattle/Texas/24-008749-003/2024(H5N1)	148	8769
PA|PP755594.1|A/cattle/Texas/24-008749-003/2024(H5N1)	149	8882
PA|PP755594.1|A/cattle/Texas/24-008749-003/2024(H5N1)	150	8822
PA|PP755594.1|A/cattle/Texas/24-008749-003/2024(H5N1)	151	8820
PA|PP755594.1|A/cattle/Texas/24-008749-003/2024(H5N1)	152	8526
PA|PP755594.1|A/cattle/Texas/24-008749-003/2024(H5N1)	153	8531
PA|PP755594.1|A/cattle/Texas/24-008749-003/2024(H5N1)	154	8554
PA|PP755594.1|A/cattle/Texas/24-008749-003/2024(H5N1)	155	8564
PA|PP755594.1|A/cattle/Texas/24-008749-003/2024(H5N1)	156	8576
PA|PP755594.1|A/cattle/Texas/24-008749-003/2024(H5N1)	157	8564
PA|PP755594.1|A/cattle/Texas/24-008749-003/2024(H5N1)	158	8566
PA|PP755594.1|A/cattle/Texas/24-008749-003/2024(H5N1)	159	8490
PA|PP755594.1|A/cattle/Texas/24-008749-003/2024(H5N1)	160	8455
PA|PP755594.1|A/cattle/Texas/24-008749-003/2024(H5N1)	161	8454
PA|PP755594.1|A/cattle/Texas/24-008749-003/2024(H5N1)	162	8370
PA|PP755594.1|A/cattle/Texas/24-008749-003/2024(H5N1)	163	8381
PA|PP755594.1|A/cattle/Texas/24-008749-003/2024(H5N1)	164	8321
PA|PP755594.1|A/cattle/Texas/24-008749-003/2024(H5N1)	165	8396
PA|PP755594.1|A/cattle/Texas/24-008749-003/2024(H5N1)	166	8378
PA|PP755594.1|A/cattle/Texas/24-008749-003/2024(H5N1)	167	8337
PA|PP755594.1|A/cattle/Texas/24-008749-003/2024(H5N1)	168	8333
PA|PP755594.1|A/cattle/Texas/24-008749-003/2024(H5N1)	169	8205
PA|PP755594.1|A/cattle/Texas/24-008749-003/2024(H5N1)	170	8190
PA|PP755594.1|A/cattle/Texas/24-008749-003/2024(H5N1)	171	8254
PA|PP755594.1|A/cattle/Texas/24-008749-003/2024(H5N1)	172	8210
PA|PP755594.1|A/cattle/Texas/24-008749-003/2024(H5N1)	173	8198
PA|PP755594.1|A/cattle/Texas/24-008749-003/2024(H5N1)	174	7894
PA|PP755594.1|A/cattle/Texas/24-008749-003/2024(H5N1)	175	7955
PA|PP755594.1|A/cattle/Texas/24-008749-003/2024(H5N1)	176	8006
PA|PP755594.1|A/cattle/Texas/24-008749-003/2024(H5N1)	177	8046
PA|PP755594.1|A/cattle/Texas/24-008749-003/2024(H5N1)	178	8044
PA|PP755594.1|A/cattle/Texas/24-008749-003/2024(H5N1)	179	7773
PA|PP755594.1|A/cattle/Texas/24-008749-003/2024(H5N1)	180	7825
PA|PP755594.1|A/cattle/Texas/24-008749-003/2024(H5N1)	181	7833
PA|PP755594.1|A/cattle/Texas/24-008749-003/2024(H5N1)	182	7881
PA|PP755594.1|A/cattle/Texas/24-008749-003/2024(H5N1)	183	7881
PA|PP755594.1|A/cattle/Texas/24-008749-003/2024(H5N1)	184	7879
PA|PP755594.1|A/cattle/Texas/24-008749-003/2024(H5N1)	185	7966
PA|PP755594.1|A/cattle/Texas/24-008749-003/2024(H5N1)	186	7963
PA|PP755594.1|A/cattle/Texas/24-008749-003/2024(H5N1)	187	7952
PA|PP755594.1|A/cattle/Texas/24-008749-003/2024(H5N1)	188	8005
PA|PP755594.1|A/cattle/Texas/24-008749-003/2024(H5N1)	189	7971
PA|PP755594.1|A/cattle/Texas/24-008749-003/2024(H5N1)	190	7972
PA|PP755594.1|A/cattle/Texas/24-008749-003/2024(H5N1)	191	8285
PA|PP755594.1|A/cattle/Texas/24-008749-003/2024(H5N1)	192	8298
PA|PP755594.1|A/cattle/Texas/24-008749-003/2024(H5N1)	193	8291
PA|PP755594.1|A/cattle/Texas/24-008749-003/2024(H5N1)	194	8175
PA|PP755594.1|A/cattle/Texas/24-008749-003/2024(H5N1)	195	8258
PA|PP755594.1|A/cattle/Texas/24-008749-003/2024(H5N1)	196	8232
PA|PP755594.1|A/cattle/Texas/24-008749-003/2024(H5N1)	197	8215
PA|PP755594.1|A/cattle/Texas/24-008749-003/2024(H5N1)	198	8253
PA|PP755594.1|A/cattle/Texas/24-008749-003/2024(H5N1)	199	8235
PA|PP755594.1|A/cattle/Texas/24-008749-003/2024(H5N1)	200	8403
PA|PP755594.1|A/cattle/Texas/24-008749-003/2024(H5N1)	201	8422
PA|PP755594.1|A/cattle/Texas/24-008749-003/2024(H5N1)	202	8414
PA|PP755594.1|A/cattle/Texas/24-008749-003/2024(H5N1)	203	8431
PA|PP755594.1|A/cattle/Texas/24-008749-003/2024(H5N1)	204	8434
PA|PP755594.1|A/cattle/Texas/24-008749-003/2024(H5N1)	205	8455
PA|PP755594.1|A/cattle/Texas/24-008749-003/2024(H5N1)	206	8461
PA|PP755594.1|A/cattle/Texas/24-008749-003/2024(H5N1)	207	8438
PA|PP755594.1|A/cattle/Texas/24-008749-003/2024(H5N1)	208	8496
PA|PP755594.1|A/cattle/Texas/24-008749-003/2024(H5N1)	209	8302
PA|PP755594.1|A/cattle/Texas/24-008749-003/2024(H5N1)	210	8284
PA|PP755594.1|A/cattle/Texas/24-008749-003/2024(H5N1)	211	8264
PA|PP755594.1|A/cattle/Texas/24-008749-003/2024(H5N1)	212	8215
PA|PP755594.1|A/cattle/Texas/24-008749-003/2024(H5N1)	213	8309
PA|PP755594.1|A/cattle/Texas/24-008749-003/2024(H5N1)	214	8294
PA|PP755594.1|A/cattle/Texas/24-008749-003/2024(H5N1)	215	8293
PA|PP755594.1|A/cattle/Texas/24-008749-003/2024(H5N1)	216	8294
PA|PP755594.1|A/cattle/Texas/24-008749-003/2024(H5N1)	217	8237
PA|PP755594.1|A/cattle/Texas/24-008749-003/2024(H5N1)	218	8066
PA|PP755594.1|A/cattle/Texas/24-008749-003/2024(H5N1)	219	8044
PA|PP755594.1|A/cattle/Texas/24-008749-003/2024(H5N1)	220	7817
PA|PP755594.1|A/cattle/Texas/24-008749-003/2024(H5N1)	221	7814
PA|PP755594.1|A/cattle/Texas/24-008749-003/2024(H5N1)	222	7775
PA|PP755594.1|A/cattle/Texas/24-008749-003/2024(H5N1)	223	7670
PA|PP755594.1|A/cattle/Texas/24-008749-003/2024(H5N1)	224	7725
PA|PP755594.1|A/cattle/Texas/24-008749-003/2024(H5N1)	225	7735
PA|PP755594.1|A/cattle/Texas/24-008749-003/2024(H5N1)	226	7762
PA|PP755594.1|A/cattle/Texas/24-008749-003/2024(H5N1)	227	7771
PA|PP755594.1|A/cattle/Texas/24-008749-003/2024(H5N1)	228	7769
PA|PP755594.1|A/cattle/Texas/24-008749-003/2024(H5N1)	229	7757
PA|PP755594.1|A/cattle/Texas/24-008749-003/2024(H5N1)	230	7760
PA|PP755594.1|A/cattle/Texas/24-008749-003/2024(H5N1)	231	7747
PA|PP755594.1|A/cattle/Texas/24-008749-003/2024(H5N1)	232	7796
PA|PP755594.1|A/cattle/Texas/24-008749-003/2024(H5N1)	233	7718
PA|PP755594.1|A/cattle/Texas/24-008749-003/2024(H5N1)	234	7701
PA|PP755594.1|A/cattle/Texas/24-008749-003/2024(H5N1)	235	7824
PA|PP755594.1|A/cattle/Texas/24-008749-003/2024(H5N1)	236	7852
PA|PP755594.1|A/cattle/Texas/24-008749-003/2024(H5N1)	237	7883
PA|PP755594.1|A/cattle/Texas/24-008749-003/2024(H5N1)	238	7876
PA|PP755594.1|A/cattle/Texas/24-008749-003/2024(H5N1)	239	7896
PA|PP755594.1|A/cattle/Texas/24-008749-003/2024(H5N1)	240	7891
PA|PP755594.1|A/cattle/Texas/24-008749-003/2024(H5N1)	241	8046
PA|PP755594.1|A/cattle/Texas/24-008749-003/2024(H5N1)	242	8288
PA|PP755594.1|A/cattle/Texas/24-008749-003/2024(H5N1)	243	8386
PA|PP755594.1|A/cattle/Texas/24-008749-003/2024(H5N1)	244	8244
PA|PP755594.1|A/cattle/Texas/24-008749-003/2024(H5N1)	245	8256
PA|PP755594.1|A/cattle/Texas/24-008749-003/2024(H5N1)	246	8271
PA|PP755594.1|A/cattle/Texas/24-008749-003/2024(H5N1)	247	8274
PA|PP755594.1|A/cattle/Texas/24-008749-003/2024(H5N1)	248	8252
PA|PP755594.1|A/cattle/Texas/24-008749-003/2024(H5N1)	249	8234
PA|PP755594.1|A/cattle/Texas/24-008749-003/2024(H5N1)	250	8099
PA|PP755594.1|A/cattle/Texas/24-008749-003/2024(H5N1)	251	8127
PA|PP755594.1|A/cattle/Texas/24-008749-003/2024(H5N1)	252	8206
PA|PP755594.1|A/cattle/Texas/24-008749-003/2024(H5N1)	253	8231
PA|PP755594.1|A/cattle/Texas/24-008749-003/2024(H5N1)	254	8237
PA|PP755594.1|A/cattle/Texas/24-008749-003/2024(H5N1)	255	8225
PA|PP755594.1|A/cattle/Texas/24-008749-003/2024(H5N1)	256	8220
PA|PP755594.1|A/cattle/Texas/24-008749-003/2024(H5N1)	257	8212
PA|PP755594.1|A/cattle/Texas/24-008749-003/2024(H5N1)	258	8995
PA|PP755594.1|A/cattle/Texas/24-008749-003/2024(H5N1)	259	9008
PA|PP755594.1|A/cattle/Texas/24-008749-003/2024(H5N1)	260	8920
PA|PP755594.1|A/cattle/Texas/24-008749-003/2024(H5N1)	261	8692
PA|PP755594.1|A/cattle/Texas/24-008749-003/2024(H5N1)	262	8639
PA|PP755594.1|A/cattle/Texas/24-008749-003/2024(H5N1)	263	8855
PA|PP755594.1|A/cattle/Texas/24-008749-003/2024(H5N1)	264	8867
PA|PP755594.1|A/cattle/Texas/24-008749-003/2024(H5N1)	265	8623
PA|PP755594.1|A/cattle/Texas/24-008749-003/2024(H5N1)	266	8580
PA|PP755594.1|A/cattle/Texas/24-008749-003/2024(H5N1)	267	7749
PA|PP755594.1|A/cattle/Texas/24-008749-003/2024(H5N1)	268	8522
PA|PP755594.1|A/cattle/Texas/24-008749-003/2024(H5N1)	269	8566
PA|PP755594.1|A/cattle/Texas/24-008749-003/2024(H5N1)	270	8851
PA|PP755594.1|A/cattle/Texas/24-008749-003/2024(H5N1)	271	8877
PA|PP755594.1|A/cattle/Texas/24-008749-003/2024(H5N1)	272	8382
PA|PP755594.1|A/cattle/Texas/24-008749-003/2024(H5N1)	273	8430
PA|PP755594.1|A/cattle/Texas/24-008749-003/2024(H5N1)	274	8272
PA|PP755594.1|A/cattle/Texas/24-008749-003/2024(H5N1)	275	8273
PA|PP755594.1|A/cattle/Texas/24-008749-003/2024(H5N1)	276	8269
PA|PP755594.1|A/cattle/Texas/24-008749-003/2024(H5N1)	277	7518
PA|PP755594.1|A/cattle/Texas/24-008749-003/2024(H5N1)	278	7530
PA|PP755594.1|A/cattle/Texas/24-008749-003/2024(H5N1)	279	7193
PA|PP755594.1|A/cattle/Texas/24-008749-003/2024(H5N1)	280	7240
PA|PP755594.1|A/cattle/Texas/24-008749-003/2024(H5N1)	281	7268
PA|PP755594.1|A/cattle/Texas/24-008749-003/2024(H5N1)	282	7240
PA|PP755594.1|A/cattle/Texas/24-008749-003/2024(H5N1)	283	7259
PA|PP755594.1|A/cattle/Texas/24-008749-003/2024(H5N1)	284	7254
PA|PP755594.1|A/cattle/Texas/24-008749-003/2024(H5N1)	285	7302
PA|PP755594.1|A/cattle/Texas/24-008749-003/2024(H5N1)	286	7358
PA|PP755594.1|A/cattle/Texas/24-008749-003/2024(H5N1)	287	7485
PA|PP755594.1|A/cattle/Texas/24-008749-003/2024(H5N1)	288	7625
PA|PP755594.1|A/cattle/Texas/24-008749-003/2024(H5N1)	289	7560
PA|PP755594.1|A/cattle/Texas/24-008749-003/2024(H5N1)	290	7712
PA|PP755594.1|A/cattle/Texas/24-008749-003/2024(H5N1)	291	7542
PA|PP755594.1|A/cattle/Texas/24-008749-003/2024(H5N1)	292	7565
PA|PP755594.1|A/cattle/Texas/24-008749-003/2024(H5N1)	293	7624
PA|PP755594.1|A/cattle/Texas/24-008749-003/2024(H5N1)	294	7557
PA|PP755594.1|A/cattle/Texas/24-008749-003/2024(H5N1)	295	7597
PA|PP755594.1|A/cattle/Texas/24-008749-003/2024(H5N1)	296	7568
PA|PP755594.1|A/cattle/Texas/24-008749-003/2024(H5N1)	297	7511
PA|PP755594.1|A/cattle/Texas/24-008749-003/2024(H5N1)	298	7512
PA|PP755594.1|A/cattle/Texas/24-008749-003/2024(H5N1)	299	7383
PA|PP755594.1|A/cattle/Texas/24-008749-003/2024(H5N1)	300	7472
PA|PP755594.1|A/cattle/Texas/24-008749-003/2024(H5N1)	301	7476
PA|PP755594.1|A/cattle/Texas/24-008749-003/2024(H5N1)	302	7519
PA|PP755594.1|A/cattle/Texas/24-008749-003/2024(H5N1)	303	7522
PA|PP755594.1|A/cattle/Texas/24-008749-003/2024(H5N1)	304	7468
PA|PP755594.1|A/cattle/Texas/24-008749-003/2024(H5N1)	305	7439
PA|PP755594.1|A/cattle/Texas/24-008749-003/2024(H5N1)	306	7513
PA|PP755594.1|A/cattle/Texas/24-008749-003/2024(H5N1)	307	7555
PA|PP755594.1|A/cattle/Texas/24-008749-003/2024(H5N1)	308	7543
PA|PP755594.1|A/cattle/Texas/24-008749-003/2024(H5N1)	309	7543
PA|PP755594.1|A/cattle/Texas/24-008749-003/2024(H5N1)	310	7591
PA|PP755594.1|A/cattle/Texas/24-008749-003/2024(H5N1)	311	7573
PA|PP755594.1|A/cattle/Texas/24-008749-003/2024(H5N1)	312	7665
PA|PP755594.1|A/cattle/Texas/24-008749-003/2024(H5N1)	313	7698
PA|PP755594.1|A/cattle/Texas/24-008749-003/2024(H5N1)	314	7684
PA|PP755594.1|A/cattle/Texas/24-008749-003/2024(H5N1)	315	7661
PA|PP755594.1|A/cattle/Texas/24-008749-003/2024(H5N1)	316	7569
PA|PP755594.1|A/cattle/Texas/24-008749-003/2024(H5N1)	317	7629
PA|PP755594.1|A/cattle/Texas/24-008749-003/2024(H5N1)	318	7669
PA|PP755594.1|A/cattle/Texas/24-008749-003/2024(H5N1)	319	7666
PA|PP755594.1|A/cattle/Texas/24-008749-003/2024(H5N1)	320	7629
PA|PP755594.1|A/cattle/Texas/24-008749-003/2024(H5N1)	321	7614
PA|PP755594.1|A/cattle/Texas/24-008749-003/2024(H5N1)	322	7664
PA|PP755594.1|A/cattle/Texas/24-008749-003/2024(H5N1)	323	7680
PA|PP755594.1|A/cattle/Texas/24-008749-003/2024(H5N1)	324	7664
PA|PP755594.1|A/cattle/Texas/24-008749-003/2024(H5N1)	325	7699
PA|PP755594.1|A/cattle/Texas/24-008749-003/2024(H5N1)	326	7631
PA|PP755594.1|A/cattle/Texas/24-008749-003/2024(H5N1)	327	7648
PA|PP755594.1|A/cattle/Texas/24-008749-003/2024(H5N1)	328	7661
PA|PP755594.1|A/cattle/Texas/24-008749-003/2024(H5N1)	329	7660
PA|PP755594.1|A/cattle/Texas/24-008749-003/2024(H5N1)	330	7726
PA|PP755594.1|A/cattle/Texas/24-008749-003/2024(H5N1)	331	7633
PA|PP755594.1|A/cattle/Texas/24-008749-003/2024(H5N1)	332	7978
PA|PP755594.1|A/cattle/Texas/24-008749-003/2024(H5N1)	333	8017
PA|PP755594.1|A/cattle/Texas/24-008749-003/2024(H5N1)	334	8004
PA|PP755594.1|A/cattle/Texas/24-008749-003/2024(H5N1)	335	8028
PA|PP755594.1|A/cattle/Texas/24-008749-003/2024(H5N1)	336	7958
PA|PP755594.1|A/cattle/Texas/24-008749-003/2024(H5N1)	337	7974
PA|PP755594.1|A/cattle/Texas/24-008749-003/2024(H5N1)	338	7953
PA|PP755594.1|A/cattle/Texas/24-008749-003/2024(H5N1)	339	8403
PA|PP755594.1|A/cattle/Texas/24-008749-003/2024(H5N1)	340	8442
PA|PP755594.1|A/cattle/Texas/24-008749-003/2024(H5N1)	341	8106
PA|PP755594.1|A/cattle/Texas/24-008749-003/2024(H5N1)	342	8202
PA|PP755594.1|A/cattle/Texas/24-008749-003/2024(H5N1)	343	8283
PA|PP755594.1|A/cattle/Texas/24-008749-003/2024(H5N1)	344	8262
PA|PP755594.1|A/cattle/Texas/24-008749-003/2024(H5N1)	345	8261
PA|PP755594.1|A/cattle/Texas/24-008749-003/2024(H5N1)	346	8161
PA|PP755594.1|A/cattle/Texas/24-008749-003/2024(H5N1)	347	8219
PA|PP755594.1|A/cattle/Texas/24-008749-003/2024(H5N1)	348	8427
PA|PP755594.1|A/cattle/Texas/24-008749-003/2024(H5N1)	349	8387
PA|PP755594.1|A/cattle/Texas/24-008749-003/2024(H5N1)	350	8379
PA|PP755594.1|A/cattle/Texas/24-008749-003/2024(H5N1)	351	8365
PA|PP755594.1|A/cattle/Texas/24-008749-003/2024(H5N1)	352	8353
PA|PP755594.1|A/cattle/Texas/24-008749-003/2024(H5N1)	353	8394
PA|PP755594.1|A/cattle/Texas/24-008749-003/2024(H5N1)	354	8383
PA|PP755594.1|A/cattle/Texas/24-008749-003/2024(H5N1)	355	8384
PA|PP755594.1|A/cattle/Texas/24-008749-003/2024(H5N1)	356	8542
PA|PP755594.1|A/cattle/Texas/24-008749-003/2024(H5N1)	357	8579
PA|PP755594.1|A/cattle/Texas/24-008749-003/2024(H5N1)	358	8591
PA|PP755594.1|A/cattle/Texas/24-008749-003/2024(H5N1)	359	8538
PA|PP755594.1|A/cattle/Texas/24-008749-003/2024(H5N1)	360	8533
PA|PP755594.1|A/cattle/Texas/24-008749-003/2024(H5N1)	361	8540
PA|PP755594.1|A/cattle/Texas/24-008749-003/2024(H5N1)	362	8634
PA|PP755594.1|A/cattle/Texas/24-008749-003/2024(H5N1)	363	8636
PA|PP755594.1|A/cattle/Texas/24-008749-003/2024(H5N1)	364	8577
PA|PP755594.1|A/cattle/Texas/24-008749-003/2024(H5N1)	365	8545
PA|PP755594.1|A/cattle/Texas/24-008749-003/2024(H5N1)	366	8509
PA|PP755594.1|A/cattle/Texas/24-008749-003/2024(H5N1)	367	8521
PA|PP755594.1|A/cattle/Texas/24-008749-003/2024(H5N1)	368	8578
PA|PP755594.1|A/cattle/Texas/24-008749-003/2024(H5N1)	369	8589
PA|PP755594.1|A/cattle/Texas/24-008749-003/2024(H5N1)	370	8599
PA|PP755594.1|A/cattle/Texas/24-008749-003/2024(H5N1)	371	8576
PA|PP755594.1|A/cattle/Texas/24-008749-003/2024(H5N1)	372	8574
PA|PP755594.1|A/cattle/Texas/24-008749-003/2024(H5N1)	373	8573
PA|PP755594.1|A/cattle/Texas/24-008749-003/2024(H5N1)	374	8642
PA|PP755594.1|A/cattle/Texas/24-008749-003/2024(H5N1)	375	8726
PA|PP755594.1|A/cattle/Texas/24-008749-003/2024(H5N1)	376	8734
PA|PP755594.1|A/cattle/Texas/24-008749-003/2024(H5N1)	377	8708
PA|PP755594.1|A/cattle/Texas/24-008749-003/2024(H5N1)	378	8718
PA|PP755594.1|A/cattle/Texas/24-008749-003/2024(H5N1)	379	8809
PA|PP755594.1|A/cattle/Texas/24-008749-003/2024(H5N1)	380	8831
PA|PP755594.1|A/cattle/Texas/24-008749-003/2024(H5N1)	381	8850
PA|PP755594.1|A/cattle/Texas/24-008749-003/2024(H5N1)	382	9079
PA|PP755594.1|A/cattle/Texas/24-008749-003/2024(H5N1)	383	9302
PA|PP755594.1|A/cattle/Texas/24-008749-003/2024(H5N1)	384	9457
PA|PP755594.1|A/cattle/Texas/24-008749-003/2024(H5N1)	385	9431
PA|PP755594.1|A/cattle/Texas/24-008749-003/2024(H5N1)	386	9329
PA|PP755594.1|A/cattle/Texas/24-008749-003/2024(H5N1)	387	9314
PA|PP755594.1|A/cattle/Texas/24-008749-003/2024(H5N1)	388	9631
PA|PP755594.1|A/cattle/Texas/24-008749-003/2024(H5N1)	389	9624
PA|PP755594.1|A/cattle/Texas/24-008749-003/2024(H5N1)	390	9453
PA|PP755594.1|A/cattle/Texas/24-008749-003/2024(H5N1)	391	9221
PA|PP755594.1|A/cattle/Texas/24-008749-003/2024(H5N1)	392	9253
PA|PP755594.1|A/cattle/Texas/24-008749-003/2024(H5N1)	393	9100
PA|PP755594.1|A/cattle/Texas/24-008749-003/2024(H5N1)	394	9171
PA|PP755594.1|A/cattle/Texas/24-008749-003/2024(H5N1)	395	9169
PA|PP755594.1|A/cattle/Texas/24-008749-003/2024(H5N1)	396	9131
PA|PP755594.1|A/cattle/Texas/24-008749-003/2024(H5N1)	397	9113
PA|PP755594.1|A/cattle/Texas/24-008749-003/2024(H5N1)	398	9097
PA|PP755594.1|A/cattle/Texas/24-008749-003/2024(H5N1)	399	9141
PA|PP755594.1|A/cattle/Texas/24-008749-003/2024(H5N1)	400	9138
PA|PP755594.1|A/cattle/Texas/24-008749-003/2024(H5N1)	401	9117
PA|PP755594.1|A/cattle/Texas/24-008749-003/2024(H5N1)	402	9063
PA|PP755594.1|A/cattle/Texas/24-008749-003/2024(H5N1)	403	9004
PA|PP755594.1|A/cattle/Texas/24-008749-003/2024(H5N1)	404	9234
PA|PP755594.1|A/cattle/Texas/24-008749-003/2024(H5N1)	405	9234
PA|PP755594.1|A/cattle/Texas/24-008749-003/2024(H5N1)	406	9222
PA|PP755594.1|A/cattle/Texas/24-008749-003/2024(H5N1)	407	9288
PA|PP755594.1|A/cattle/Texas/24-008749-003/2024(H5N1)	408	8637
PA|PP755594.1|A/cattle/Texas/24-008749-003/2024(H5N1)	409	8913
PA|PP755594.1|A/cattle/Texas/24-008749-003/2024(H5N1)	410	8906
PA|PP755594.1|A/cattle/Texas/24-008749-003/2024(H5N1)	411	8958
PA|PP755594.1|A/cattle/Texas/24-008749-003/2024(H5N1)	412	8952
PA|PP755594.1|A/cattle/Texas/24-008749-003/2024(H5N1)	413	8955
PA|PP755594.1|A/cattle/Texas/24-008749-003/2024(H5N1)	414	8987
PA|PP755594.1|A/cattle/Texas/24-008749-003/2024(H5N1)	415	9207
PA|PP755594.1|A/cattle/Texas/24-008749-003/2024(H5N1)	416	9217
PA|PP755594.1|A/cattle/Texas/24-008749-003/2024(H5N1)	417	9256
PA|PP755594.1|A/cattle/Texas/24-008749-003/2024(H5N1)	418	9253
PA|PP755594.1|A/cattle/Texas/24-008749-003/2024(H5N1)	419	8496
PA|PP755594.1|A/cattle/Texas/24-008749-003/2024(H5N1)	420	8404
PA|PP755594.1|A/cattle/Texas/24-008749-003/2024(H5N1)	421	8176
PA|PP755594.1|A/cattle/Texas/24-008749-003/2024(H5N1)	422	8199
PA|PP755594.1|A/cattle/Texas/24-008749-003/2024(H5N1)	423	8208
PA|PP755594.1|A/cattle/Texas/24-008749-003/2024(H5N1)	424	8174
PA|PP755594.1|A/cattle/Texas/24-008749-003/2024(H5N1)	425	8176
PA|PP755594.1|A/cattle/Texas/24-008749-003/2024(H5N1)	426	8165
PA|PP755594.1|A/cattle/Texas/24-008749-003/2024(H5N1)	427	8287
PA|PP755594.1|A/cattle/Texas/24-008749-003/2024(H5N1)	428	8322
PA|PP755594.1|A/cattle/Texas/24-008749-003/2024(H5N1)	429	8320
PA|PP755594.1|A/cattle/Texas/24-008749-003/2024(H5N1)	430	8280
PA|PP755594.1|A/cattle/Texas/24-008749-003/2024(H5N1)	431	8251
PA|PP755594.1|A/cattle/Texas/24-008749-003/2024(H5N1)	432	8299
PA|PP755594.1|A/cattle/Texas/24-008749-003/2024(H5N1)	433	8220
PA|PP755594.1|A/cattle/Texas/24-008749-003/2024(H5N1)	434	8219
PA|PP755594.1|A/cattle/Texas/24-008749-003/2024(H5N1)	435	8219
PA|PP755594.1|A/cattle/Texas/24-008749-003/2024(H5N1)	436	8304
PA|PP755594.1|A/cattle/Texas/24-008749-003/2024(H5N1)	437	8358
PA|PP755594.1|A/cattle/Texas/24-008749-003/2024(H5N1)	438	8113
PA|PP755594.1|A/cattle/Texas/24-008749-003/2024(H5N1)	439	8067
PA|PP755594.1|A/cattle/Texas/24-008749-003/2024(H5N1)	440	8090
PA|PP755594.1|A/cattle/Texas/24-008749-003/2024(H5N1)	441	7952
PA|PP755594.1|A/cattle/Texas/24-008749-003/2024(H5N1)	442	8063
PA|PP755594.1|A/cattle/Texas/24-008749-003/2024(H5N1)	443	8015
PA|PP755594.1|A/cattle/Texas/24-008749-003/2024(H5N1)	444	7955
PA|PP755594.1|A/cattle/Texas/24-008749-003/2024(H5N1)	445	7857
PA|PP755594.1|A/cattle/Texas/24-008749-003/2024(H5N1)	446	7852
PA|PP755594.1|A/cattle/Texas/24-008749-003/2024(H5N1)	447	7910
PA|PP755594.1|A/cattle/Texas/24-008749-003/2024(H5N1)	448	7908
PA|PP755594.1|A/cattle/Texas/24-008749-003/2024(H5N1)	449	7931
PA|PP755594.1|A/cattle/Texas/24-008749-003/2024(H5N1)	450	7925
PA|PP755594.1|A/cattle/Texas/24-008749-003/2024(H5N1)	451	7819
PA|PP755594.1|A/cattle/Texas/24-008749-003/2024(H5N1)	452	7889
PA|PP755594.1|A/cattle/Texas/24-008749-003/2024(H5N1)	453	7842
PA|PP755594.1|A/cattle/Texas/24-008749-003/2024(H5N1)	454	7940
PA|PP755594.1|A/cattle/Texas/24-008749-003/2024(H5N1)	455	7953
PA|PP755594.1|A/cattle/Texas/24-008749-003/2024(H5N1)	456	7946
PA|PP755594.1|A/cattle/Texas/24-008749-003/2024(H5N1)	457	7881
PA|PP755594.1|A/cattle/Texas/24-008749-003/2024(H5N1)	458	7862
PA|PP755594.1|A/cattle/Texas/24-008749-003/2024(H5N1)	459	7919
PA|PP755594.1|A/cattle/Texas/24-008749-003/2024(H5N1)	460	8000
PA|PP755594.1|A/cattle/Texas/24-008749-003/2024(H5N1)	461	7948
PA|PP755594.1|A/cattle/Texas/24-008749-003/2024(H5N1)	462	7964
PA|PP755594.1|A/cattle/Texas/24-008749-003/2024(H5N1)	463	7870
PA|PP755594.1|A/cattle/Texas/24-008749-003/2024(H5N1)	464	7842
PA|PP755594.1|A/cattle/Texas/24-008749-003/2024(H5N1)	465	7872
PA|PP755594.1|A/cattle/Texas/24-008749-003/2024(H5N1)	466	7857
PA|PP755594.1|A/cattle/Texas/24-008749-003/2024(H5N1)	467	7835
PA|PP755594.1|A/cattle/Texas/24-008749-003/2024(H5N1)	468	7817
PA|PP755594.1|A/cattle/Texas/24-008749-003/2024(H5N1)	469	7814
PA|PP755594.1|A/cattle/Texas/24-008749-003/2024(H5N1)	470	7862
PA|PP755594.1|A/cattle/Texas/24-008749-003/2024(H5N1)	471	7865
PA|PP755594.1|A/cattle/Texas/24-008749-003/2024(H5N1)	472	7869
PA|PP755594.1|A/cattle/Texas/24-008749-003/2024(H5N1)	473	7794
PA|PP755594.1|A/cattle/Texas/24-008749-003/2024(H5N1)	474	7796
PA|PP755594.1|A/cattle/Texas/24-008749-003/2024(H5N1)	475	7821
PA|PP755594.1|A/cattle/Texas/24-008749-003/2024(H5N1)	476	7783
PA|PP755594.1|A/cattle/Texas/24-008749-003/2024(H5N1)	477	7916
PA|PP755594.1|A/cattle/Texas/24-008749-003/2024(H5N1)	478	8241
PA|PP755594.1|A/cattle/Texas/24-008749-003/2024(H5N1)	479	8387
PA|PP755594.1|A/cattle/Texas/24-008749-003/2024(H5N1)	480	8436
PA|PP755594.1|A/cattle/Texas/24-008749-003/2024(H5N1)	481	8456
PA|PP755594.1|A/cattle/Texas/24-008749-003/2024(H5N1)	482	8440
PA|PP755594.1|A/cattle/Texas/24-008749-003/2024(H5N1)	483	8073
PA|PP755594.1|A/cattle/Texas/24-008749-003/2024(H5N1)	484	8066
PA|PP755594.1|A/cattle/Texas/24-008749-003/2024(H5N1)	485	8177
PA|PP755594.1|A/cattle/Texas/24-008749-003/2024(H5N1)	486	8145
PA|PP755594.1|A/cattle/Texas/24-008749-003/2024(H5N1)	487	7834
PA|PP755594.1|A/cattle/Texas/24-008749-003/2024(H5N1)	488	7856
PA|PP755594.1|A/cattle/Texas/24-008749-003/2024(H5N1)	489	7779
PA|PP755594.1|A/cattle/Texas/24-008749-003/2024(H5N1)	490	7875
PA|PP755594.1|A/cattle/Texas/24-008749-003/2024(H5N1)	491	7936
PA|PP755594.1|A/cattle/Texas/24-008749-003/2024(H5N1)	492	7935
PA|PP755594.1|A/cattle/Texas/24-008749-003/2024(H5N1)	493	7940
PA|PP755594.1|A/cattle/Texas/24-008749-003/2024(H5N1)	494	7838
PA|PP755594.1|A/cattle/Texas/24-008749-003/2024(H5N1)	495	7886
PA|PP755594.1|A/cattle/Texas/24-008749-003/2024(H5N1)	496	7887
PA|PP755594.1|A/cattle/Texas/24-008749-003/2024(H5N1)	497	7871
PA|PP755594.1|A/cattle/Texas/24-008749-003/2024(H5N1)	498	8018
PA|PP755594.1|A/cattle/Texas/24-008749-003/2024(H5N1)	499	7920
PA|PP755594.1|A/cattle/Texas/24-008749-003/2024(H5N1)	500	7920
PA|PP755594.1|A/cattle/Texas/24-008749-003/2024(H5N1)	501	7916
PA|PP755594.1|A/cattle/Texas/24-008749-003/2024(H5N1)	502	7739
PA|PP755594.1|A/cattle/Texas/24-008749-003/2024(H5N1)	503	7874
PA|PP755594.1|A/cattle/Texas/24-008749-003/2024(H5N1)	504	7828
PA|PP755594.1|A/cattle/Texas/24-008749-003/2024(H5N1)	505	7828
PA|PP755594.1|A/cattle/Texas/24-008749-003/2024(H5N1)	506	8006
PA|PP755594.1|A/cattle/Texas/24-008749-003/2024(H5N1)	507	7835
PA|PP755594.1|A/cattle/Texas/24-008749-003/2024(H5N1)	508	7797
PA|PP755594.1|A/cattle/Texas/24-008749-003/2024(H5N1)	509	7814
PA|PP755594.1|A/cattle/Texas/24-008749-003/2024(H5N1)	510	7962
PA|PP755594.1|A/cattle/Texas/24-008749-003/2024(H5N1)	511	8095
PA|PP755594.1|A/cattle/Texas/24-008749-003/2024(H5N1)	512	7986
PA|PP755594.1|A/cattle/Texas/24-008749-003/2024(H5N1)	513	7971
PA|PP755594.1|A/cattle/Texas/24-008749-003/2024(H5N1)	514	7975
PA|PP755594.1|A/cattle/Texas/24-008749-003/2024(H5N1)	515	8088
PA|PP755594.1|A/cattle/Texas/24-008749-003/2024(H5N1)	516	8187
PA|PP755594.1|A/cattle/Texas/24-008749-003/2024(H5N1)	517	8196
PA|PP755594.1|A/cattle/Texas/24-008749-003/2024(H5N1)	518	8158
PA|PP755594.1|A/cattle/Texas/24-008749-003/2024(H5N1)	519	8121
PA|PP755594.1|A/cattle/Texas/24-008749-003/2024(H5N1)	520	8094
PA|PP755594.1|A/cattle/Texas/24-008749-003/2024(H5N1)	521	8102
PA|PP755594.1|A/cattle/Texas/24-008749-003/2024(H5N1)	522	8148
PA|PP755594.1|A/cattle/Texas/24-008749-003/2024(H5N1)	523	8089
PA|PP755594.1|A/cattle/Texas/24-008749-003/2024(H5N1)	524	7959
PA|PP755594.1|A/cattle/Texas/24-008749-003/2024(H5N1)	525	8274
PA|PP755594.1|A/cattle/Texas/24-008749-003/2024(H5N1)	526	8381
PA|PP755594.1|A/cattle/Texas/24-008749-003/2024(H5N1)	527	8405
PA|PP755594.1|A/cattle/Texas/24-008749-003/2024(H5N1)	528	8392
PA|PP755594.1|A/cattle/Texas/24-008749-003/2024(H5N1)	529	8370
PA|PP755594.1|A/cattle/Texas/24-008749-003/2024(H5N1)	530	8720
PA|PP755594.1|A/cattle/Texas/24-008749-003/2024(H5N1)	531	8707
PA|PP755594.1|A/cattle/Texas/24-008749-003/2024(H5N1)	532	8709
PA|PP755594.1|A/cattle/Texas/24-008749-003/2024(H5N1)	533	8485
PA|PP755594.1|A/cattle/Texas/24-008749-003/2024(H5N1)	534	8193
PA|PP755594.1|A/cattle/Texas/24-008749-003/2024(H5N1)	535	8069
PA|PP755594.1|A/cattle/Texas/24-008749-003/2024(H5N1)	536	8113
PA|PP755594.1|A/cattle/Texas/24-008749-003/2024(H5N1)	537	8109
PA|PP755594.1|A/cattle/Texas/24-008749-003/2024(H5N1)	538	8088
PA|PP755594.1|A/cattle/Texas/24-008749-003/2024(H5N1)	539	7707
PA|PP755594.1|A/cattle/Texas/24-008749-003/2024(H5N1)	540	7705
PA|PP755594.1|A/cattle/Texas/24-008749-003/2024(H5N1)	541	7753
PA|PP755594.1|A/cattle/Texas/24-008749-003/2024(H5N1)	542	7917
PA|PP755594.1|A/cattle/Texas/24-008749-003/2024(H5N1)	543	7901
PA|PP755594.1|A/cattle/Texas/24-008749-003/2024(H5N1)	544	7901
PA|PP755594.1|A/cattle/Texas/24-008749-003/2024(H5N1)	545	7827
PA|PP755594.1|A/cattle/Texas/24-008749-003/2024(H5N1)	546	8121
PA|PP755594.1|A/cattle/Texas/24-008749-003/2024(H5N1)	547	8121
PA|PP755594.1|A/cattle/Texas/24-008749-003/2024(H5N1)	548	8158
PA|PP755594.1|A/cattle/Texas/24-008749-003/2024(H5N1)	549	8232
PA|PP755594.1|A/cattle/Texas/24-008749-003/2024(H5N1)	550	8162
PA|PP755594.1|A/cattle/Texas/24-008749-003/2024(H5N1)	551	8628
PA|PP755594.1|A/cattle/Texas/24-008749-003/2024(H5N1)	552	8840
PA|PP755594.1|A/cattle/Texas/24-008749-003/2024(H5N1)	553	8837
PA|PP755594.1|A/cattle/Texas/24-008749-003/2024(H5N1)	554	8830
PA|PP755594.1|A/cattle/Texas/24-008749-003/2024(H5N1)	555	8697
PA|PP755594.1|A/cattle/Texas/24-008749-003/2024(H5N1)	556	8966
PA|PP755594.1|A/cattle/Texas/24-008749-003/2024(H5N1)	557	9200
PA|PP755594.1|A/cattle/Texas/24-008749-003/2024(H5N1)	558	9186
PA|PP755594.1|A/cattle/Texas/24-008749-003/2024(H5N1)	559	9236
PA|PP755594.1|A/cattle/Texas/24-008749-003/2024(H5N1)	560	8838
PA|PP755594.1|A/cattle/Texas/24-008749-003/2024(H5N1)	561	8895
PA|PP755594.1|A/cattle/Texas/24-008749-003/2024(H5N1)	562	9074
PA|PP755594.1|A/cattle/Texas/24-008749-003/2024(H5N1)	563	9070
PA|PP755594.1|A/cattle/Texas/24-008749-003/2024(H5N1)	564	9109
PA|PP755594.1|A/cattle/Texas/24-008749-003/2024(H5N1)	565	8862
PA|PP755594.1|A/cattle/Texas/24-008749-003/2024(H5N1)	566	8622
PA|PP755594.1|A/cattle/Texas/24-008749-003/2024(H5N1)	567	8641
PA|PP755594.1|A/cattle/Texas/24-008749-003/2024(H5N1)	568	8595
PA|PP755594.1|A/cattle/Texas/24-008749-003/2024(H5N1)	569	8717
PA|PP755594.1|A/cattle/Texas/24-008749-003/2024(H5N1)	570	8629
PA|PP755594.1|A/cattle/Texas/24-008749-003/2024(H5N1)	571	8624
PA|PP755594.1|A/cattle/Texas/24-008749-003/2024(H5N1)	572	8639
PA|PP755594.1|A/cattle/Texas/24-008749-003/2024(H5N1)	573	8617
PA|PP755594.1|A/cattle/Texas/24-008749-003/2024(H5N1)	574	8612
PA|PP755594.1|A/cattle/Texas/24-008749-003/2024(H5N1)	575	8614
PA|PP755594.1|A/cattle/Texas/24-008749-003/2024(H5N1)	576	8668
PA|PP755594.1|A/cattle/Texas/24-008749-003/2024(H5N1)	577	8891
PA|PP755594.1|A/cattle/Texas/24-008749-003/2024(H5N1)	578	8766
PA|PP755594.1|A/cattle/Texas/24-008749-003/2024(H5N1)	579	8857
PA|PP755594.1|A/cattle/Texas/24-008749-003/2024(H5N1)	580	9007
PA|PP755594.1|A/cattle/Texas/24-008749-003/2024(H5N1)	581	9001
PA|PP755594.1|A/cattle/Texas/24-008749-003/2024(H5N1)	582	9004
PA|PP755594.1|A/cattle/Texas/24-008749-003/2024(H5N1)	583	8998
PA|PP755594.1|A/cattle/Texas/24-008749-003/2024(H5N1)	584	8966
PA|PP755594.1|A/cattle/Texas/24-008749-003/2024(H5N1)	585	8950
PA|PP755594.1|A/cattle/Texas/24-008749-003/2024(H5N1)	586	8949
PA|PP755594.1|A/cattle/Texas/24-008749-003/2024(H5N1)	587	8849
PA|PP755594.1|A/cattle/Texas/24-008749-003/2024(H5N1)	588	8815
PA|PP755594.1|A/cattle/Texas/24-008749-003/2024(H5N1)	589	8862
PA|PP755594.1|A/cattle/Texas/24-008749-003/2024(H5N1)	590	8875
PA|PP755594.1|A/cattle/Texas/24-008749-003/2024(H5N1)	591	8851
PA|PP755594.1|A/cattle/Texas/24-008749-003/2024(H5N1)	592	8850
PA|PP755594.1|A/cattle/Texas/24-008749-003/2024(H5N1)	593	8748
PA|PP755594.1|A/cattle/Texas/24-008749-003/2024(H5N1)	594	8755
PA|PP755594.1|A/cattle/Texas/24-008749-003/2024(H5N1)	595	8715
PA|PP755594.1|A/cattle/Texas/24-008749-003/2024(H5N1)	596	8722
PA|PP755594.1|A/cattle/Texas/24-008749-003/2024(H5N1)	597	8704
PA|PP755594.1|A/cattle/Texas/24-008749-003/2024(H5N1)	598	8600
PA|PP755594.1|A/cattle/Texas/24-008749-003/2024(H5N1)	599	8623
PA|PP755594.1|A/cattle/Texas/24-008749-003/2024(H5N1)	600	8609
PA|PP755594.1|A/cattle/Texas/24-008749-003/2024(H5N1)	601	8649
PA|PP755594.1|A/cattle/Texas/24-008749-003/2024(H5N1)	602	8656
PA|PP755594.1|A/cattle/Texas/24-008749-003/2024(H5N1)	603	8578
PA|PP755594.1|A/cattle/Texas/24-008749-003/2024(H5N1)	604	8580
PA|PP755594.1|A/cattle/Texas/24-008749-003/2024(H5N1)	605	8599
PA|PP755594.1|A/cattle/Texas/24-008749-003/2024(H5N1)	606	8588
PA|PP755594.1|A/cattle/Texas/24-008749-003/2024(H5N1)	607	8583
PA|PP755594.1|A/cattle/Texas/24-008749-003/2024(H5N1)	608	8573
PA|PP755594.1|A/cattle/Texas/24-008749-003/2024(H5N1)	609	8594
PA|PP755594.1|A/cattle/Texas/24-008749-003/2024(H5N1)	610	8489
PA|PP755594.1|A/cattle/Texas/24-008749-003/2024(H5N1)	611	8521
PA|PP755594.1|A/cattle/Texas/24-008749-003/2024(H5N1)	612	8559
PA|PP755594.1|A/cattle/Texas/24-008749-003/2024(H5N1)	613	8554
PA|PP755594.1|A/cattle/Texas/24-008749-003/2024(H5N1)	614	8566
PA|PP755594.1|A/cattle/Texas/24-008749-003/2024(H5N1)	615	8583
PA|PP755594.1|A/cattle/Texas/24-008749-003/2024(H5N1)	616	8557
PA|PP755594.1|A/cattle/Texas/24-008749-003/2024(H5N1)	617	8560
PA|PP755594.1|A/cattle/Texas/24-008749-003/2024(H5N1)	618	8554
PA|PP755594.1|A/cattle/Texas/24-008749-003/2024(H5N1)	619	8529
PA|PP755594.1|A/cattle/Texas/24-008749-003/2024(H5N1)	620	8760
PA|PP755594.1|A/cattle/Texas/24-008749-003/2024(H5N1)	621	8926
PA|PP755594.1|A/cattle/Texas/24-008749-003/2024(H5N1)	622	8922
PA|PP755594.1|A/cattle/Texas/24-008749-003/2024(H5N1)	623	8940
PA|PP755594.1|A/cattle/Texas/24-008749-003/2024(H5N1)	624	8937
PA|PP755594.1|A/cattle/Texas/24-008749-003/2024(H5N1)	625	8942
PA|PP755594.1|A/cattle/Texas/24-008749-003/2024(H5N1)	626	9043
PA|PP755594.1|A/cattle/Texas/24-008749-003/2024(H5N1)	627	9065
PA|PP755594.1|A/cattle/Texas/24-008749-003/2024(H5N1)	628	9009
PA|PP755594.1|A/cattle/Texas/24-008749-003/2024(H5N1)	629	8653
PA|PP755594.1|A/cattle/Texas/24-008749-003/2024(H5N1)	630	8341
PA|PP755594.1|A/cattle/Texas/24-008749-003/2024(H5N1)	631	8375
PA|PP755594.1|A/cattle/Texas/24-008749-003/2024(H5N1)	632	8366
PA|PP755594.1|A/cattle/Texas/24-008749-003/2024(H5N1)	633	8416
PA|PP755594.1|A/cattle/Texas/24-008749-003/2024(H5N1)	634	8397
PA|PP755594.1|A/cattle/Texas/24-008749-003/2024(H5N1)	635	8380
PA|PP755594.1|A/cattle/Texas/24-008749-003/2024(H5N1)	636	8257
PA|PP755594.1|A/cattle/Texas/24-008749-003/2024(H5N1)	637	8142
PA|PP755594.1|A/cattle/Texas/24-008749-003/2024(H5N1)	638	8251
PA|PP755594.1|A/cattle/Texas/24-008749-003/2024(H5N1)	639	8379
PA|PP755594.1|A/cattle/Texas/24-008749-003/2024(H5N1)	640	8271
PA|PP755594.1|A/cattle/Texas/24-008749-003/2024(H5N1)	641	8231
PA|PP755594.1|A/cattle/Texas/24-008749-003/2024(H5N1)	642	8168
PA|PP755594.1|A/cattle/Texas/24-008749-003/2024(H5N1)	643	8175
PA|PP755594.1|A/cattle/Texas/24-008749-003/2024(H5N1)	644	8301
PA|PP755594.1|A/cattle/Texas/24-008749-003/2024(H5N1)	645	8254
PA|PP755594.1|A/cattle/Texas/24-008749-003/2024(H5N1)	646	8357
PA|PP755594.1|A/cattle/Texas/24-008749-003/2024(H5N1)	647	8290
PA|PP755594.1|A/cattle/Texas/24-008749-003/2024(H5N1)	648	8249
PA|PP755594.1|A/cattle/Texas/24-008749-003/2024(H5N1)	649	8364
PA|PP755594.1|A/cattle/Texas/24-008749-003/2024(H5N1)	650	8386
PA|PP755594.1|A/cattle/Texas/24-008749-003/2024(H5N1)	651	8502
PA|PP755594.1|A/cattle/Texas/24-008749-003/2024(H5N1)	652	8494
PA|PP755594.1|A/cattle/Texas/24-008749-003/2024(H5N1)	653	8606
PA|PP755594.1|A/cattle/Texas/24-008749-003/2024(H5N1)	654	8503
PA|PP755594.1|A/cattle/Texas/24-008749-003/2024(H5N1)	655	8405
PA|PP755594.1|A/cattle/Texas/24-008749-003/2024(H5N1)	656	8421
PA|PP755594.1|A/cattle/Texas/24-008749-003/2024(H5N1)	657	8318
PA|PP755594.1|A/cattle/Texas/24-008749-003/2024(H5N1)	658	8689
PA|PP755594.1|A/cattle/Texas/24-008749-003/2024(H5N1)	659	8641
PA|PP755594.1|A/cattle/Texas/24-008749-003/2024(H5N1)	660	8541
PA|PP755594.1|A/cattle/Texas/24-008749-003/2024(H5N1)	661	8510
PA|PP755594.1|A/cattle/Texas/24-008749-003/2024(H5N1)	662	8474
PA|PP755594.1|A/cattle/Texas/24-008749-003/2024(H5N1)	663	8485
PA|PP755594.1|A/cattle/Texas/24-008749-003/2024(H5N1)	664	8571
PA|PP755594.1|A/cattle/Texas/24-008749-003/2024(H5N1)	665	8573
PA|PP755594.1|A/cattle/Texas/24-008749-003/2024(H5N1)	666	8466
PA|PP755594.1|A/cattle/Texas/24-008749-003/2024(H5N1)	667	8346
PA|PP755594.1|A/cattle/Texas/24-008749-003/2024(H5N1)	668	8499
PA|PP755594.1|A/cattle/Texas/24-008749-003/2024(H5N1)	669	8542
PA|PP755594.1|A/cattle/Texas/24-008749-003/2024(H5N1)	670	8547
PA|PP755594.1|A/cattle/Texas/24-008749-003/2024(H5N1)	671	8542
PA|PP755594.1|A/cattle/Texas/24-008749-003/2024(H5N1)	672	8533
PA|PP755594.1|A/cattle/Texas/24-008749-003/2024(H5N1)	673	8499
PA|PP755594.1|A/cattle/Texas/24-008749-003/2024(H5N1)	674	8521
PA|PP755594.1|A/cattle/Texas/24-008749-003/2024(H5N1)	675	8275
PA|PP755594.1|A/cattle/Texas/24-008749-003/2024(H5N1)	676	8305
PA|PP755594.1|A/cattle/Texas/24-008749-003/2024(H5N1)	677	8249
PA|PP755594.1|A/cattle/Texas/24-008749-003/2024(H5N1)	678	8220
PA|PP755594.1|A/cattle/Texas/24-008749-003/2024(H5N1)	679	8213
PA|PP755594.1|A/cattle/Texas/24-008749-003/2024(H5N1)	680	8748
PA|PP755594.1|A/cattle/Texas/24-008749-003/2024(H5N1)	681	8352
PA|PP755594.1|A/cattle/Texas/24-008749-003/2024(H5N1)	682	8387
PA|PP755594.1|A/cattle/Texas/24-008749-003/2024(H5N1)	683	8374
PA|PP755594.1|A/cattle/Texas/24-008749-003/2024(H5N1)	684	8499
PA|PP755594.1|A/cattle/Texas/24-008749-003/2024(H5N1)	685	8788
PA|PP755594.1|A/cattle/Texas/24-008749-003/2024(H5N1)	686	8788
PA|PP755594.1|A/cattle/Texas/24-008749-003/2024(H5N1)	687	8753
PA|PP755594.1|A/cattle/Texas/24-008749-003/2024(H5N1)	688	8750
PA|PP755594.1|A/cattle/Texas/24-008749-003/2024(H5N1)	689	8772
PA|PP755594.1|A/cattle/Texas/24-008749-003/2024(H5N1)	690	8771
PA|PP755594.1|A/cattle/Texas/24-008749-003/2024(H5N1)	691	8891
PA|PP755594.1|A/cattle/Texas/24-008749-003/2024(H5N1)	692	8818
PA|PP755594.1|A/cattle/Texas/24-008749-003/2024(H5N1)	693	8687
PA|PP755594.1|A/cattle/Texas/24-008749-003/2024(H5N1)	694	8708
PA|PP755594.1|A/cattle/Texas/24-008749-003/2024(H5N1)	695	8866
PA|PP755594.1|A/cattle/Texas/24-008749-003/2024(H5N1)	696	8881
PA|PP755594.1|A/cattle/Texas/24-008749-003/2024(H5N1)	697	8622
PA|PP755594.1|A/cattle/Texas/24-008749-003/2024(H5N1)	698	8588
PA|PP755594.1|A/cattle/Texas/24-008749-003/2024(H5N1)	699	8615
PA|PP755594.1|A/cattle/Texas/24-008749-003/2024(H5N1)	700	8425
PA|PP755594.1|A/cattle/Texas/24-008749-003/2024(H5N1)	701	8434
PA|PP755594.1|A/cattle/Texas/24-008749-003/2024(H5N1)	702	7969
PA|PP755594.1|A/cattle/Texas/24-008749-003/2024(H5N1)	703	7928
PA|PP755594.1|A/cattle/Texas/24-008749-003/2024(H5N1)	704	7992
PA|PP755594.1|A/cattle/Texas/24-008749-003/2024(H5N1)	705	7995
PA|PP755594.1|A/cattle/Texas/24-008749-003/2024(H5N1)	706	7989
PA|PP755594.1|A/cattle/Texas/24-008749-003/2024(H5N1)	707	7759
PA|PP755594.1|A/cattle/Texas/24-008749-003/2024(H5N1)	708	7507
PA|PP755594.1|A/cattle/Texas/24-008749-003/2024(H5N1)	709	7515
PA|PP755594.1|A/cattle/Texas/24-008749-003/2024(H5N1)	710	7487
PA|PP755594.1|A/cattle/Texas/24-008749-003/2024(H5N1)	711	7491
PA|PP755594.1|A/cattle/Texas/24-008749-003/2024(H5N1)	712	7459
PA|PP755594.1|A/cattle/Texas/24-008749-003/2024(H5N1)	713	7191
PA|PP755594.1|A/cattle/Texas/24-008749-003/2024(H5N1)	714	7205
PA|PP755594.1|A/cattle/Texas/24-008749-003/2024(H5N1)	715	7170
PA|PP755594.1|A/cattle/Texas/24-008749-003/2024(H5N1)	716	7170
PA|PP755594.1|A/cattle/Texas/24-008749-003/2024(H5N1)	717	7253
PA|PP755594.1|A/cattle/Texas/24-008749-003/2024(H5N1)	718	7227
PA|PP755594.1|A/cattle/Texas/24-008749-003/2024(H5N1)	719	8117
PA|PP755594.1|A/cattle/Texas/24-008749-003/2024(H5N1)	720	8046
PA|PP755594.1|A/cattle/Texas/24-008749-003/2024(H5N1)	721	8026
PA|PP755594.1|A/cattle/Texas/24-008749-003/2024(H5N1)	722	8170
PA|PP755594.1|A/cattle/Texas/24-008749-003/2024(H5N1)	723	8185
PA|PP755594.1|A/cattle/Texas/24-008749-003/2024(H5N1)	724	8214
PA|PP755594.1|A/cattle/Texas/24-008749-003/2024(H5N1)	725	8244
PA|PP755594.1|A/cattle/Texas/24-008749-003/2024(H5N1)	726	8174
PA|PP755594.1|A/cattle/Texas/24-008749-003/2024(H5N1)	727	8184
PA|PP755594.1|A/cattle/Texas/24-008749-003/2024(H5N1)	728	7945
PA|PP755594.1|A/cattle/Texas/24-008749-003/2024(H5N1)	729	8037
PA|PP755594.1|A/cattle/Texas/24-008749-003/2024(H5N1)	730	7885
PA|PP755594.1|A/cattle/Texas/24-008749-003/2024(H5N1)	731	7765
PA|PP755594.1|A/cattle/Texas/24-008749-003/2024(H5N1)	732	7741
PA|PP755594.1|A/cattle/Texas/24-008749-003/2024(H5N1)	733	7789
PA|PP755594.1|A/cattle/Texas/24-008749-003/2024(H5N1)	734	7792
PA|PP755594.1|A/cattle/Texas/24-008749-003/2024(H5N1)	735	7821
PA|PP755594.1|A/cattle/Texas/24-008749-003/2024(H5N1)	736	7802
PA|PP755594.1|A/cattle/Texas/24-008749-003/2024(H5N1)	737	7789
PA|PP755594.1|A/cattle/Texas/24-008749-003/2024(H5N1)	738	7672
PA|PP755594.1|A/cattle/Texas/24-008749-003/2024(H5N1)	739	7691
PA|PP755594.1|A/cattle/Texas/24-008749-003/2024(H5N1)	740	7727
PA|PP755594.1|A/cattle/Texas/24-008749-003/2024(H5N1)	741	7731
PA|PP755594.1|A/cattle/Texas/24-008749-003/2024(H5N1)	742	7735
PA|PP755594.1|A/cattle/Texas/24-008749-003/2024(H5N1)	743	7719
PA|PP755594.1|A/cattle/Texas/24-008749-003/2024(H5N1)	744	7754
PA|PP755594.1|A/cattle/Texas/24-008749-003/2024(H5N1)	745	7847
PA|PP755594.1|A/cattle/Texas/24-008749-003/2024(H5N1)	746	7925
PA|PP755594.1|A/cattle/Texas/24-008749-003/2024(H5N1)	747	7913
PA|PP755594.1|A/cattle/Texas/24-008749-003/2024(H5N1)	748	7974
PA|PP755594.1|A/cattle/Texas/24-008749-003/2024(H5N1)	749	7948
PA|PP755594.1|A/cattle/Texas/24-008749-003/2024(H5N1)	750	7953
PA|PP755594.1|A/cattle/Texas/24-008749-003/2024(H5N1)	751	7970
PA|PP755594.1|A/cattle/Texas/24-008749-003/2024(H5N1)	752	7932
PA|PP755594.1|A/cattle/Texas/24-008749-003/2024(H5N1)	753	7927
PA|PP755594.1|A/cattle/Texas/24-008749-003/2024(H5N1)	754	7950
PA|PP755594.1|A/cattle/Texas/24-008749-003/2024(H5N1)	755	7950
PA|PP755594.1|A/cattle/Texas/24-008749-003/2024(H5N1)	756	7965
PA|PP755594.1|A/cattle/Texas/24-008749-003/2024(H5N1)	757	7982
PA|PP755594.1|A/cattle/Texas/24-008749-003/2024(H5N1)	758	8155
PA|PP755594.1|A/cattle/Texas/24-008749-003/2024(H5N1)	759	8154
PA|PP755594.1|A/cattle/Texas/24-008749-003/2024(H5N1)	760	8408
PA|PP755594.1|A/cattle/Texas/24-008749-003/2024(H5N1)	761	8403
PA|PP755594.1|A/cattle/Texas/24-008749-003/2024(H5N1)	762	8520
PA|PP755594.1|A/cattle/Texas/24-008749-003/2024(H5N1)	763	8478
PA|PP755594.1|A/cattle/Texas/24-008749-003/2024(H5N1)	764	8500
PA|PP755594.1|A/cattle/Texas/24-008749-003/2024(H5N1)	765	8482
PA|PP755594.1|A/cattle/Texas/24-008749-003/2024(H5N1)	766	8464
PA|PP755594.1|A/cattle/Texas/24-008749-003/2024(H5N1)	767	8529
PA|PP755594.1|A/cattle/Texas/24-008749-003/2024(H5N1)	768	9054
PA|PP755594.1|A/cattle/Texas/24-008749-003/2024(H5N1)	769	9056
PA|PP755594.1|A/cattle/Texas/24-008749-003/2024(H5N1)	770	9392
PA|PP755594.1|A/cattle/Texas/24-008749-003/2024(H5N1)	771	9104
PA|PP755594.1|A/cattle/Texas/24-008749-003/2024(H5N1)	772	8905
PA|PP755594.1|A/cattle/Texas/24-008749-003/2024(H5N1)	773	8891
PA|PP755594.1|A/cattle/Texas/24-008749-003/2024(H5N1)	774	8849
PA|PP755594.1|A/cattle/Texas/24-008749-003/2024(H5N1)	775	8864
PA|PP755594.1|A/cattle/Texas/24-008749-003/2024(H5N1)	776	8762
PA|PP755594.1|A/cattle/Texas/24-008749-003/2024(H5N1)	777	8771
PA|PP755594.1|A/cattle/Texas/24-008749-003/2024(H5N1)	778	8829
PA|PP755594.1|A/cattle/Texas/24-008749-003/2024(H5N1)	779	8750
PA|PP755594.1|A/cattle/Texas/24-008749-003/2024(H5N1)	780	8861
PA|PP755594.1|A/cattle/Texas/24-008749-003/2024(H5N1)	781	8734
PA|PP755594.1|A/cattle/Texas/24-008749-003/2024(H5N1)	782	8731
PA|PP755594.1|A/cattle/Texas/24-008749-003/2024(H5N1)	783	8755
PA|PP755594.1|A/cattle/Texas/24-008749-003/2024(H5N1)	784	8752
PA|PP755594.1|A/cattle/Texas/24-008749-003/2024(H5N1)	785	8962
PA|PP755594.1|A/cattle/Texas/24-008749-003/2024(H5N1)	786	8987
PA|PP755594.1|A/cattle/Texas/24-008749-003/2024(H5N1)	787	8912
PA|PP755594.1|A/cattle/Texas/24-008749-003/2024(H5N1)	788	8821
PA|PP755594.1|A/cattle/Texas/24-008749-003/2024(H5N1)	789	8703
PA|PP755594.1|A/cattle/Texas/24-008749-003/2024(H5N1)	790	8778
PA|PP755594.1|A/cattle/Texas/24-008749-003/2024(H5N1)	791	8892
PA|PP755594.1|A/cattle/Texas/24-008749-003/2024(H5N1)	792	8881
PA|PP755594.1|A/cattle/Texas/24-008749-003/2024(H5N1)	793	8875
PA|PP755594.1|A/cattle/Texas/24-008749-003/2024(H5N1)	794	8639
PA|PP755594.1|A/cattle/Texas/24-008749-003/2024(H5N1)	795	8610
PA|PP755594.1|A/cattle/Texas/24-008749-003/2024(H5N1)	796	8535
PA|PP755594.1|A/cattle/Texas/24-008749-003/2024(H5N1)	797	8483
PA|PP755594.1|A/cattle/Texas/24-008749-003/2024(H5N1)	798	8400
PA|PP755594.1|A/cattle/Texas/24-008749-003/2024(H5N1)	799	8341
PA|PP755594.1|A/cattle/Texas/24-008749-003/2024(H5N1)	800	8279
PA|PP755594.1|A/cattle/Texas/24-008749-003/2024(H5N1)	801	8275
PA|PP755594.1|A/cattle/Texas/24-008749-003/2024(H5N1)	802	8177
PA|PP755594.1|A/cattle/Texas/24-008749-003/2024(H5N1)	803	8175
PA|PP755594.1|A/cattle/Texas/24-008749-003/2024(H5N1)	804	8273
PA|PP755594.1|A/cattle/Texas/24-008749-003/2024(H5N1)	805	8261
PA|PP755594.1|A/cattle/Texas/24-008749-003/2024(H5N1)	806	8311
PA|PP755594.1|A/cattle/Texas/24-008749-003/2024(H5N1)	807	8343
PA|PP755594.1|A/cattle/Texas/24-008749-003/2024(H5N1)	808	8376
PA|PP755594.1|A/cattle/Texas/24-008749-003/2024(H5N1)	809	8013
PA|PP755594.1|A/cattle/Texas/24-008749-003/2024(H5N1)	810	8049
PA|PP755594.1|A/cattle/Texas/24-008749-003/2024(H5N1)	811	8068
PA|PP755594.1|A/cattle/Texas/24-008749-003/2024(H5N1)	812	8012
PA|PP755594.1|A/cattle/Texas/24-008749-003/2024(H5N1)	813	8006
PA|PP755594.1|A/cattle/Texas/24-008749-003/2024(H5N1)	814	8013
PA|PP755594.1|A/cattle/Texas/24-008749-003/2024(H5N1)	815	8130
PA|PP755594.1|A/cattle/Texas/24-008749-003/2024(H5N1)	816	8127
PA|PP755594.1|A/cattle/Texas/24-008749-003/2024(H5N1)	817	8164
PA|PP755594.1|A/cattle/Texas/24-008749-003/2024(H5N1)	818	8174
PA|PP755594.1|A/cattle/Texas/24-008749-003/2024(H5N1)	819	8123
PA|PP755594.1|A/cattle/Texas/24-008749-003/2024(H5N1)	820	8095
PA|PP755594.1|A/cattle/Texas/24-008749-003/2024(H5N1)	821	8098
PA|PP755594.1|A/cattle/Texas/24-008749-003/2024(H5N1)	822	8556
PA|PP755594.1|A/cattle/Texas/24-008749-003/2024(H5N1)	823	8874
PA|PP755594.1|A/cattle/Texas/24-008749-003/2024(H5N1)	824	8839
PA|PP755594.1|A/cattle/Texas/24-008749-003/2024(H5N1)	825	8809
PA|PP755594.1|A/cattle/Texas/24-008749-003/2024(H5N1)	826	8757
PA|PP755594.1|A/cattle/Texas/24-008749-003/2024(H5N1)	827	9086
PA|PP755594.1|A/cattle/Texas/24-008749-003/2024(H5N1)	828	9005
PA|PP755594.1|A/cattle/Texas/24-008749-003/2024(H5N1)	829	9017
PA|PP755594.1|A/cattle/Texas/24-008749-003/2024(H5N1)	830	9024
PA|PP755594.1|A/cattle/Texas/24-008749-003/2024(H5N1)	831	8460
PA|PP755594.1|A/cattle/Texas/24-008749-003/2024(H5N1)	832	8453
PA|PP755594.1|A/cattle/Texas/24-008749-003/2024(H5N1)	833	8417
PA|PP755594.1|A/cattle/Texas/24-008749-003/2024(H5N1)	834	8402
PA|PP755594.1|A/cattle/Texas/24-008749-003/2024(H5N1)	835	8336
PA|PP755594.1|A/cattle/Texas/24-008749-003/2024(H5N1)	836	8013
PA|PP755594.1|A/cattle/Texas/24-008749-003/2024(H5N1)	837	8064
PA|PP755594.1|A/cattle/Texas/24-008749-003/2024(H5N1)	838	8054
PA|PP755594.1|A/cattle/Texas/24-008749-003/2024(H5N1)	839	8037
PA|PP755594.1|A/cattle/Texas/24-008749-003/2024(H5N1)	840	8039
PA|PP755594.1|A/cattle/Texas/24-008749-003/2024(H5N1)	841	8044
PA|PP755594.1|A/cattle/Texas/24-008749-003/2024(H5N1)	842	7946
PA|PP755594.1|A/cattle/Texas/24-008749-003/2024(H5N1)	843	7961
PA|PP755594.1|A/cattle/Texas/24-008749-003/2024(H5N1)	844	8120
PA|PP755594.1|A/cattle/Texas/24-008749-003/2024(H5N1)	845	8102
PA|PP755594.1|A/cattle/Texas/24-008749-003/2024(H5N1)	846	7932
PA|PP755594.1|A/cattle/Texas/24-008749-003/2024(H5N1)	847	7926
PA|PP755594.1|A/cattle/Texas/24-008749-003/2024(H5N1)	848	7929
PA|PP755594.1|A/cattle/Texas/24-008749-003/2024(H5N1)	849	7938
PA|PP755594.1|A/cattle/Texas/24-008749-003/2024(H5N1)	850	7927
PA|PP755594.1|A/cattle/Texas/24-008749-003/2024(H5N1)	851	8017
PA|PP755594.1|A/cattle/Texas/24-008749-003/2024(H5N1)	852	8024
PA|PP755594.1|A/cattle/Texas/24-008749-003/2024(H5N1)	853	8093
PA|PP755594.1|A/cattle/Texas/24-008749-003/2024(H5N1)	854	8111
PA|PP755594.1|A/cattle/Texas/24-008749-003/2024(H5N1)	855	7922
PA|PP755594.1|A/cattle/Texas/24-008749-003/2024(H5N1)	856	7957
PA|PP755594.1|A/cattle/Texas/24-008749-003/2024(H5N1)	857	7944
PA|PP755594.1|A/cattle/Texas/24-008749-003/2024(H5N1)	858	7923
PA|PP755594.1|A/cattle/Texas/24-008749-003/2024(H5N1)	859	7926
PA|PP755594.1|A/cattle/Texas/24-008749-003/2024(H5N1)	860	8667
PA|PP755594.1|A/cattle/Texas/24-008749-003/2024(H5N1)	861	8660
PA|PP755594.1|A/cattle/Texas/24-008749-003/2024(H5N1)	862	8680
PA|PP755594.1|A/cattle/Texas/24-008749-003/2024(H5N1)	863	8672
PA|PP755594.1|A/cattle/Texas/24-008749-003/2024(H5N1)	864	8675
PA|PP755594.1|A/cattle/Texas/24-008749-003/2024(H5N1)	865	8690
PA|PP755594.1|A/cattle/Texas/24-008749-003/2024(H5N1)	866	8686
PA|PP755594.1|A/cattle/Texas/24-008749-003/2024(H5N1)	867	8737
PA|PP755594.1|A/cattle/Texas/24-008749-003/2024(H5N1)	868	8812
PA|PP755594.1|A/cattle/Texas/24-008749-003/2024(H5N1)	869	8072
PA|PP755594.1|A/cattle/Texas/24-008749-003/2024(H5N1)	870	7906
PA|PP755594.1|A/cattle/Texas/24-008749-003/2024(H5N1)	871	7868
PA|PP755594.1|A/cattle/Texas/24-008749-003/2024(H5N1)	872	7893
PA|PP755594.1|A/cattle/Texas/24-008749-003/2024(H5N1)	873	7781
PA|PP755594.1|A/cattle/Texas/24-008749-003/2024(H5N1)	874	7776
PA|PP755594.1|A/cattle/Texas/24-008749-003/2024(H5N1)	875	7818
PA|PP755594.1|A/cattle/Texas/24-008749-003/2024(H5N1)	876	7787
PA|PP755594.1|A/cattle/Texas/24-008749-003/2024(H5N1)	877	7792
PA|PP755594.1|A/cattle/Texas/24-008749-003/2024(H5N1)	878	7841
PA|PP755594.1|A/cattle/Texas/24-008749-003/2024(H5N1)	879	7826
PA|PP755594.1|A/cattle/Texas/24-008749-003/2024(H5N1)	880	7765
PA|PP755594.1|A/cattle/Texas/24-008749-003/2024(H5N1)	881	7756
PA|PP755594.1|A/cattle/Texas/24-008749-003/2024(H5N1)	882	7941
PA|PP755594.1|A/cattle/Texas/24-008749-003/2024(H5N1)	883	7955
PA|PP755594.1|A/cattle/Texas/24-008749-003/2024(H5N1)	884	7856
PA|PP755594.1|A/cattle/Texas/24-008749-003/2024(H5N1)	885	7854
PA|PP755594.1|A/cattle/Texas/24-008749-003/2024(H5N1)	886	7918
PA|PP755594.1|A/cattle/Texas/24-008749-003/2024(H5N1)	887	8008
PA|PP755594.1|A/cattle/Texas/24-008749-003/2024(H5N1)	888	8010
PA|PP755594.1|A/cattle/Texas/24-008749-003/2024(H5N1)	889	8013
PA|PP755594.1|A/cattle/Texas/24-008749-003/2024(H5N1)	890	8061
PA|PP755594.1|A/cattle/Texas/24-008749-003/2024(H5N1)	891	8175
PA|PP755594.1|A/cattle/Texas/24-008749-003/2024(H5N1)	892	8186
PA|PP755594.1|A/cattle/Texas/24-008749-003/2024(H5N1)	893	8182
PA|PP755594.1|A/cattle/Texas/24-008749-003/2024(H5N1)	894	8182
PA|PP755594.1|A/cattle/Texas/24-008749-003/2024(H5N1)	895	8343
PA|PP755594.1|A/cattle/Texas/24-008749-003/2024(H5N1)	896	8240
PA|PP755594.1|A/cattle/Texas/24-008749-003/2024(H5N1)	897	8189
PA|PP755594.1|A/cattle/Texas/24-008749-003/2024(H5N1)	898	8175
PA|PP755594.1|A/cattle/Texas/24-008749-003/2024(H5N1)	899	8122
PA|PP755594.1|A/cattle/Texas/24-008749-003/2024(H5N1)	900	8365
PA|PP755594.1|A/cattle/Texas/24-008749-003/2024(H5N1)	901	8418
PA|PP755594.1|A/cattle/Texas/24-008749-003/2024(H5N1)	902	8760
PA|PP755594.1|A/cattle/Texas/24-008749-003/2024(H5N1)	903	8761
PA|PP755594.1|A/cattle/Texas/24-008749-003/2024(H5N1)	904	8642
PA|PP755594.1|A/cattle/Texas/24-008749-003/2024(H5N1)	905	8624
PA|PP755594.1|A/cattle/Texas/24-008749-003/2024(H5N1)	906	8613
PA|PP755594.1|A/cattle/Texas/24-008749-003/2024(H5N1)	907	9149
PA|PP755594.1|A/cattle/Texas/24-008749-003/2024(H5N1)	908	9138
PA|PP755594.1|A/cattle/Texas/24-008749-003/2024(H5N1)	909	9013
PA|PP755594.1|A/cattle/Texas/24-008749-003/2024(H5N1)	910	8890
PA|PP755594.1|A/cattle/Texas/24-008749-003/2024(H5N1)	911	8615
PA|PP755594.1|A/cattle/Texas/24-008749-003/2024(H5N1)	912	9054
PA|PP755594.1|A/cattle/Texas/24-008749-003/2024(H5N1)	913	9053
PA|PP755594.1|A/cattle/Texas/24-008749-003/2024(H5N1)	914	9057
PA|PP755594.1|A/cattle/Texas/24-008749-003/2024(H5N1)	915	9029
PA|PP755594.1|A/cattle/Texas/24-008749-003/2024(H5N1)	916	8567
PA|PP755594.1|A/cattle/Texas/24-008749-003/2024(H5N1)	917	8626
PA|PP755594.1|A/cattle/Texas/24-008749-003/2024(H5N1)	918	8474
PA|PP755594.1|A/cattle/Texas/24-008749-003/2024(H5N1)	919	8471
PA|PP755594.1|A/cattle/Texas/24-008749-003/2024(H5N1)	920	8472
PA|PP755594.1|A/cattle/Texas/24-008749-003/2024(H5N1)	921	8120
PA|PP755594.1|A/cattle/Texas/24-008749-003/2024(H5N1)	922	8162
PA|PP755594.1|A/cattle/Texas/24-008749-003/2024(H5N1)	923	8154
PA|PP755594.1|A/cattle/Texas/24-008749-003/2024(H5N1)	924	8164
PA|PP755594.1|A/cattle/Texas/24-008749-003/2024(H5N1)	925	8170
PA|PP755594.1|A/cattle/Texas/24-008749-003/2024(H5N1)	926	8132
PA|PP755594.1|A/cattle/Texas/24-008749-003/2024(H5N1)	927	8144
PA|PP755594.1|A/cattle/Texas/24-008749-003/2024(H5N1)	928	8150
PA|PP755594.1|A/cattle/Texas/24-008749-003/2024(H5N1)	929	8088
PA|PP755594.1|A/cattle/Texas/24-008749-003/2024(H5N1)	930	8016
PA|PP755594.1|A/cattle/Texas/24-008749-003/2024(H5N1)	931	7989
PA|PP755594.1|A/cattle/Texas/24-008749-003/2024(H5N1)	932	8006
PA|PP755594.1|A/cattle/Texas/24-008749-003/2024(H5N1)	933	7998
PA|PP755594.1|A/cattle/Texas/24-008749-003/2024(H5N1)	934	8003
PA|PP755594.1|A/cattle/Texas/24-008749-003/2024(H5N1)	935	8002
PA|PP755594.1|A/cattle/Texas/24-008749-003/2024(H5N1)	936	7816
PA|PP755594.1|A/cattle/Texas/24-008749-003/2024(H5N1)	937	7798
PA|PP755594.1|A/cattle/Texas/24-008749-003/2024(H5N1)	938	7871
PA|PP755594.1|A/cattle/Texas/24-008749-003/2024(H5N1)	939	7853
PA|PP755594.1|A/cattle/Texas/24-008749-003/2024(H5N1)	940	7844
PA|PP755594.1|A/cattle/Texas/24-008749-003/2024(H5N1)	941	7806
PA|PP755594.1|A/cattle/Texas/24-008749-003/2024(H5N1)	942	7699
PA|PP755594.1|A/cattle/Texas/24-008749-003/2024(H5N1)	943	7746
PA|PP755594.1|A/cattle/Texas/24-008749-003/2024(H5N1)	944	7741
PA|PP755594.1|A/cattle/Texas/24-008749-003/2024(H5N1)	945	7726
PA|PP755594.1|A/cattle/Texas/24-008749-003/2024(H5N1)	946	7730
PA|PP755594.1|A/cattle/Texas/24-008749-003/2024(H5N1)	947	7754
PA|PP755594.1|A/cattle/Texas/24-008749-003/2024(H5N1)	948	7592
PA|PP755594.1|A/cattle/Texas/24-008749-003/2024(H5N1)	949	7586
PA|PP755594.1|A/cattle/Texas/24-008749-003/2024(H5N1)	950	7629
PA|PP755594.1|A/cattle/Texas/24-008749-003/2024(H5N1)	951	7647
PA|PP755594.1|A/cattle/Texas/24-008749-003/2024(H5N1)	952	7828
PA|PP755594.1|A/cattle/Texas/24-008749-003/2024(H5N1)	953	7847
PA|PP755594.1|A/cattle/Texas/24-008749-003/2024(H5N1)	954	7846
PA|PP755594.1|A/cattle/Texas/24-008749-003/2024(H5N1)	955	7879
PA|PP755594.1|A/cattle/Texas/24-008749-003/2024(H5N1)	956	7832
PA|PP755594.1|A/cattle/Texas/24-008749-003/2024(H5N1)	957	7980
PA|PP755594.1|A/cattle/Texas/24-008749-003/2024(H5N1)	958	8114
PA|PP755594.1|A/cattle/Texas/24-008749-003/2024(H5N1)	959	8073
PA|PP755594.1|A/cattle/Texas/24-008749-003/2024(H5N1)	960	8105
PA|PP755594.1|A/cattle/Texas/24-008749-003/2024(H5N1)	961	8093
PA|PP755594.1|A/cattle/Texas/24-008749-003/2024(H5N1)	962	8142
PA|PP755594.1|A/cattle/Texas/24-008749-003/2024(H5N1)	963	8139
PA|PP755594.1|A/cattle/Texas/24-008749-003/2024(H5N1)	964	8120
PA|PP755594.1|A/cattle/Texas/24-008749-003/2024(H5N1)	965	8513
PA|PP755594.1|A/cattle/Texas/24-008749-003/2024(H5N1)	966	8448
PA|PP755594.1|A/cattle/Texas/24-008749-003/2024(H5N1)	967	8454
PA|PP755594.1|A/cattle/Texas/24-008749-003/2024(H5N1)	968	8407
PA|PP755594.1|A/cattle/Texas/24-008749-003/2024(H5N1)	969	8571
PA|PP755594.1|A/cattle/Texas/24-008749-003/2024(H5N1)	970	8532
PA|PP755594.1|A/cattle/Texas/24-008749-003/2024(H5N1)	971	8492
PA|PP755594.1|A/cattle/Texas/24-008749-003/2024(H5N1)	972	8490
PA|PP755594.1|A/cattle/Texas/24-008749-003/2024(H5N1)	973	8009
PA|PP755594.1|A/cattle/Texas/24-008749-003/2024(H5N1)	974	7957
PA|PP755594.1|A/cattle/Texas/24-008749-003/2024(H5N1)	975	7963
PA|PP755594.1|A/cattle/Texas/24-008749-003/2024(H5N1)	976	8022
PA|PP755594.1|A/cattle/Texas/24-008749-003/2024(H5N1)	977	8028
PA|PP755594.1|A/cattle/Texas/24-008749-003/2024(H5N1)	978	7756
PA|PP755594.1|A/cattle/Texas/24-008749-003/2024(H5N1)	979	7761
PA|PP755594.1|A/cattle/Texas/24-008749-003/2024(H5N1)	980	7748
PA|PP755594.1|A/cattle/Texas/24-008749-003/2024(H5N1)	981	7673
PA|PP755594.1|A/cattle/Texas/24-008749-003/2024(H5N1)	982	7761
PA|PP755594.1|A/cattle/Texas/24-008749-003/2024(H5N1)	983	7749
PA|PP755594.1|A/cattle/Texas/24-008749-003/2024(H5N1)	984	7798
PA|PP755594.1|A/cattle/Texas/24-008749-003/2024(H5N1)	985	7924
PA|PP755594.1|A/cattle/Texas/24-008749-003/2024(H5N1)	986	7984
PA|PP755594.1|A/cattle/Texas/24-008749-003/2024(H5N1)	987	7943
PA|PP755594.1|A/cattle/Texas/24-008749-003/2024(H5N1)	988	7943
PA|PP755594.1|A/cattle/Texas/24-008749-003/2024(H5N1)	989	7941
PA|PP755594.1|A/cattle/Texas/24-008749-003/2024(H5N1)	990	7965
PA|PP755594.1|A/cattle/Texas/24-008749-003/2024(H5N1)	991	7973
PA|PP755594.1|A/cattle/Texas/24-008749-003/2024(H5N1)	992	8020
PA|PP755594.1|A/cattle/Texas/24-008749-003/2024(H5N1)	993	8146
PA|PP755594.1|A/cattle/Texas/24-008749-003/2024(H5N1)	994	8036
PA|PP755594.1|A/cattle/Texas/24-008749-003/2024(H5N1)	995	7993
PA|PP755594.1|A/cattle/Texas/24-008749-003/2024(H5N1)	996	7981
PA|PP755594.1|A/cattle/Texas/24-008749-003/2024(H5N1)	997	8210
PA|PP755594.1|A/cattle/Texas/24-008749-003/2024(H5N1)	998	8217
PA|PP755594.1|A/cattle/Texas/24-008749-003/2024(H5N1)	999	8240
PA|PP755594.1|A/cattle/Texas/24-008749-003/2024(H5N1)	1000	8230
PA|PP755594.1|A/cattle/Texas/24-008749-003/2024(H5N1)	1001	8199
PA|PP755594.1|A/cattle/Texas/24-008749-003/2024(H5N1)	1002	8118
PA|PP755594.1|A/cattle/Texas/24-008749-003/2024(H5N1)	1003	8075
PA|PP755594.1|A/cattle/Texas/24-008749-003/2024(H5N1)	1004	8064
PA|PP755594.1|A/cattle/Texas/24-008749-003/2024(H5N1)	1005	8063
PA|PP755594.1|A/cattle/Texas/24-008749-003/2024(H5N1)	1006	8012
PA|PP755594.1|A/cattle/Texas/24-008749-003/2024(H5N1)	1007	8218
PA|PP755594.1|A/cattle/Texas/24-008749-003/2024(H5N1)	1008	8269
PA|PP755594.1|A/cattle/Texas/24-008749-003/2024(H5N1)	1009	8331
PA|PP755594.1|A/cattle/Texas/24-008749-003/2024(H5N1)	1010	7918
PA|PP755594.1|A/cattle/Texas/24-008749-003/2024(H5N1)	1011	7867
PA|PP755594.1|A/cattle/Texas/24-008749-003/2024(H5N1)	1012	7849
PA|PP755594.1|A/cattle/Texas/24-008749-003/2024(H5N1)	1013	7829
PA|PP755594.1|A/cattle/Texas/24-008749-003/2024(H5N1)	1014	7840
PA|PP755594.1|A/cattle/Texas/24-008749-003/2024(H5N1)	1015	7975
PA|PP755594.1|A/cattle/Texas/24-008749-003/2024(H5N1)	1016	7956
PA|PP755594.1|A/cattle/Texas/24-008749-003/2024(H5N1)	1017	7926
PA|PP755594.1|A/cattle/Texas/24-008749-003/2024(H5N1)	1018	7829
PA|PP755594.1|A/cattle/Texas/24-008749-003/2024(H5N1)	1019	7752
PA|PP755594.1|A/cattle/Texas/24-008749-003/2024(H5N1)	1020	7833
PA|PP755594.1|A/cattle/Texas/24-008749-003/2024(H5N1)	1021	7834
PA|PP755594.1|A/cattle/Texas/24-008749-003/2024(H5N1)	1022	7832
PA|PP755594.1|A/cattle/Texas/24-008749-003/2024(H5N1)	1023	7812
PA|PP755594.1|A/cattle/Texas/24-008749-003/2024(H5N1)	1024	8990
PA|PP755594.1|A/cattle/Texas/24-008749-003/2024(H5N1)	1025	8994
PA|PP755594.1|A/cattle/Texas/24-008749-003/2024(H5N1)	1026	9039
PA|PP755594.1|A/cattle/Texas/24-008749-003/2024(H5N1)	1027	9047
PA|PP755594.1|A/cattle/Texas/24-008749-003/2024(H5N1)	1028	9045
PA|PP755594.1|A/cattle/Texas/24-008749-003/2024(H5N1)	1029	8976
PA|PP755594.1|A/cattle/Texas/24-008749-003/2024(H5N1)	1030	8978
PA|PP755594.1|A/cattle/Texas/24-008749-003/2024(H5N1)	1031	9003
PA|PP755594.1|A/cattle/Texas/24-008749-003/2024(H5N1)	1032	9316
PA|PP755594.1|A/cattle/Texas/24-008749-003/2024(H5N1)	1033	9496
PA|PP755594.1|A/cattle/Texas/24-008749-003/2024(H5N1)	1034	9735
PA|PP755594.1|A/cattle/Texas/24-008749-003/2024(H5N1)	1035	9698
PA|PP755594.1|A/cattle/Texas/24-008749-003/2024(H5N1)	1036	9620
PA|PP755594.1|A/cattle/Texas/24-008749-003/2024(H5N1)	1037	9645
PA|PP755594.1|A/cattle/Texas/24-008749-003/2024(H5N1)	1038	9557
PA|PP755594.1|A/cattle/Texas/24-008749-003/2024(H5N1)	1039	9554
PA|PP755594.1|A/cattle/Texas/24-008749-003/2024(H5N1)	1040	9570
PA|PP755594.1|A/cattle/Texas/24-008749-003/2024(H5N1)	1041	9554
PA|PP755594.1|A/cattle/Texas/24-008749-003/2024(H5N1)	1042	9303
PA|PP755594.1|A/cattle/Texas/24-008749-003/2024(H5N1)	1043	9353
PA|PP755594.1|A/cattle/Texas/24-008749-003/2024(H5N1)	1044	9361
PA|PP755594.1|A/cattle/Texas/24-008749-003/2024(H5N1)	1045	9370
PA|PP755594.1|A/cattle/Texas/24-008749-003/2024(H5N1)	1046	9175
PA|PP755594.1|A/cattle/Texas/24-008749-003/2024(H5N1)	1047	9191
PA|PP755594.1|A/cattle/Texas/24-008749-003/2024(H5N1)	1048	9179
PA|PP755594.1|A/cattle/Texas/24-008749-003/2024(H5N1)	1049	9186
PA|PP755594.1|A/cattle/Texas/24-008749-003/2024(H5N1)	1050	9218
PA|PP755594.1|A/cattle/Texas/24-008749-003/2024(H5N1)	1051	8994
PA|PP755594.1|A/cattle/Texas/24-008749-003/2024(H5N1)	1052	8962
PA|PP755594.1|A/cattle/Texas/24-008749-003/2024(H5N1)	1053	8637
PA|PP755594.1|A/cattle/Texas/24-008749-003/2024(H5N1)	1054	8681
PA|PP755594.1|A/cattle/Texas/24-008749-003/2024(H5N1)	1055	8678
PA|PP755594.1|A/cattle/Texas/24-008749-003/2024(H5N1)	1056	8685
PA|PP755594.1|A/cattle/Texas/24-008749-003/2024(H5N1)	1057	9064
PA|PP755594.1|A/cattle/Texas/24-008749-003/2024(H5N1)	1058	8527
PA|PP755594.1|A/cattle/Texas/24-008749-003/2024(H5N1)	1059	8520
PA|PP755594.1|A/cattle/Texas/24-008749-003/2024(H5N1)	1060	8452
PA|PP755594.1|A/cattle/Texas/24-008749-003/2024(H5N1)	1061	8419
PA|PP755594.1|A/cattle/Texas/24-008749-003/2024(H5N1)	1062	8419
PA|PP755594.1|A/cattle/Texas/24-008749-003/2024(H5N1)	1063	7997
PA|PP755594.1|A/cattle/Texas/24-008749-003/2024(H5N1)	1064	7990
PA|PP755594.1|A/cattle/Texas/24-008749-003/2024(H5N1)	1065	8032
PA|PP755594.1|A/cattle/Texas/24-008749-003/2024(H5N1)	1066	8033
PA|PP755594.1|A/cattle/Texas/24-008749-003/2024(H5N1)	1067	8051
PA|PP755594.1|A/cattle/Texas/24-008749-003/2024(H5N1)	1068	7996
PA|PP755594.1|A/cattle/Texas/24-008749-003/2024(H5N1)	1069	8017
PA|PP755594.1|A/cattle/Texas/24-008749-003/2024(H5N1)	1070	8010
PA|PP755594.1|A/cattle/Texas/24-008749-003/2024(H5N1)	1071	8007
PA|PP755594.1|A/cattle/Texas/24-008749-003/2024(H5N1)	1072	8134
PA|PP755594.1|A/cattle/Texas/24-008749-003/2024(H5N1)	1073	8097
PA|PP755594.1|A/cattle/Texas/24-008749-003/2024(H5N1)	1074	8132
PA|PP755594.1|A/cattle/Texas/24-008749-003/2024(H5N1)	1075	8131
PA|PP755594.1|A/cattle/Texas/24-008749-003/2024(H5N1)	1076	8222
PA|PP755594.1|A/cattle/Texas/24-008749-003/2024(H5N1)	1077	8235
PA|PP755594.1|A/cattle/Texas/24-008749-003/2024(H5N1)	1078	8227
PA|PP755594.1|A/cattle/Texas/24-008749-003/2024(H5N1)	1079	8208
PA|PP755594.1|A/cattle/Texas/24-008749-003/2024(H5N1)	1080	8282
PA|PP755594.1|A/cattle/Texas/24-008749-003/2024(H5N1)	1081	8263
PA|PP755594.1|A/cattle/Texas/24-008749-003/2024(H5N1)	1082	8260
PA|PP755594.1|A/cattle/Texas/24-008749-003/2024(H5N1)	1083	8250
PA|PP755594.1|A/cattle/Texas/24-008749-003/2024(H5N1)	1084	8270
PA|PP755594.1|A/cattle/Texas/24-008749-003/2024(H5N1)	1085	8339
PA|PP755594.1|A/cattle/Texas/24-008749-003/2024(H5N1)	1086	8469
PA|PP755594.1|A/cattle/Texas/24-008749-003/2024(H5N1)	1087	8463
PA|PP755594.1|A/cattle/Texas/24-008749-003/2024(H5N1)	1088	8480
PA|PP755594.1|A/cattle/Texas/24-008749-003/2024(H5N1)	1089	8375
PA|PP755594.1|A/cattle/Texas/24-008749-003/2024(H5N1)	1090	8395
PA|PP755594.1|A/cattle/Texas/24-008749-003/2024(H5N1)	1091	8399
PA|PP755594.1|A/cattle/Texas/24-008749-003/2024(H5N1)	1092	8516
PA|PP755594.1|A/cattle/Texas/24-008749-003/2024(H5N1)	1093	8659
PA|PP755594.1|A/cattle/Texas/24-008749-003/2024(H5N1)	1094	8603
PA|PP755594.1|A/cattle/Texas/24-008749-003/2024(H5N1)	1095	8618
PA|PP755594.1|A/cattle/Texas/24-008749-003/2024(H5N1)	1096	8630
PA|PP755594.1|A/cattle/Texas/24-008749-003/2024(H5N1)	1097	8679
PA|PP755594.1|A/cattle/Texas/24-008749-003/2024(H5N1)	1098	8679
PA|PP755594.1|A/cattle/Texas/24-008749-003/2024(H5N1)	1099	8689
PA|PP755594.1|A/cattle/Texas/24-008749-003/2024(H5N1)	1100	8770
PA|PP755594.1|A/cattle/Texas/24-008749-003/2024(H5N1)	1101	8731
PA|PP755594.1|A/cattle/Texas/24-008749-003/2024(H5N1)	1102	8535
PA|PP755594.1|A/cattle/Texas/24-008749-003/2024(H5N1)	1103	8549
PA|PP755594.1|A/cattle/Texas/24-008749-003/2024(H5N1)	1104	8537
PA|PP755594.1|A/cattle/Texas/24-008749-003/2024(H5N1)	1105	8542
PA|PP755594.1|A/cattle/Texas/24-008749-003/2024(H5N1)	1106	8526
PA|PP755594.1|A/cattle/Texas/24-008749-003/2024(H5N1)	1107	8483
PA|PP755594.1|A/cattle/Texas/24-008749-003/2024(H5N1)	1108	8382
PA|PP755594.1|A/cattle/Texas/24-008749-003/2024(H5N1)	1109	8305
PA|PP755594.1|A/cattle/Texas/24-008749-003/2024(H5N1)	1110	8306
PA|PP755594.1|A/cattle/Texas/24-008749-003/2024(H5N1)	1111	8484
PA|PP755594.1|A/cattle/Texas/24-008749-003/2024(H5N1)	1112	8496
PA|PP755594.1|A/cattle/Texas/24-008749-003/2024(H5N1)	1113	8463
PA|PP755594.1|A/cattle/Texas/24-008749-003/2024(H5N1)	1114	8457
PA|PP755594.1|A/cattle/Texas/24-008749-003/2024(H5N1)	1115	8397
PA|PP755594.1|A/cattle/Texas/24-008749-003/2024(H5N1)	1116	8344
PA|PP755594.1|A/cattle/Texas/24-008749-003/2024(H5N1)	1117	8234
PA|PP755594.1|A/cattle/Texas/24-008749-003/2024(H5N1)	1118	8267
PA|PP755594.1|A/cattle/Texas/24-008749-003/2024(H5N1)	1119	8273
PA|PP755594.1|A/cattle/Texas/24-008749-003/2024(H5N1)	1120	8031
PA|PP755594.1|A/cattle/Texas/24-008749-003/2024(H5N1)	1121	8015
PA|PP755594.1|A/cattle/Texas/24-008749-003/2024(H5N1)	1122	8011
PA|PP755594.1|A/cattle/Texas/24-008749-003/2024(H5N1)	1123	8021
PA|PP755594.1|A/cattle/Texas/24-008749-003/2024(H5N1)	1124	8074
PA|PP755594.1|A/cattle/Texas/24-008749-003/2024(H5N1)	1125	7782
PA|PP755594.1|A/cattle/Texas/24-008749-003/2024(H5N1)	1126	7729
PA|PP755594.1|A/cattle/Texas/24-008749-003/2024(H5N1)	1127	7723
PA|PP755594.1|A/cattle/Texas/24-008749-003/2024(H5N1)	1128	7715
PA|PP755594.1|A/cattle/Texas/24-008749-003/2024(H5N1)	1129	7707
PA|PP755594.1|A/cattle/Texas/24-008749-003/2024(H5N1)	1130	7774
PA|PP755594.1|A/cattle/Texas/24-008749-003/2024(H5N1)	1131	7775
PA|PP755594.1|A/cattle/Texas/24-008749-003/2024(H5N1)	1132	7760
PA|PP755594.1|A/cattle/Texas/24-008749-003/2024(H5N1)	1133	7785
PA|PP755594.1|A/cattle/Texas/24-008749-003/2024(H5N1)	1134	7789
PA|PP755594.1|A/cattle/Texas/24-008749-003/2024(H5N1)	1135	7739
PA|PP755594.1|A/cattle/Texas/24-008749-003/2024(H5N1)	1136	7617
PA|PP755594.1|A/cattle/Texas/24-008749-003/2024(H5N1)	1137	7535
PA|PP755594.1|A/cattle/Texas/24-008749-003/2024(H5N1)	1138	7546
PA|PP755594.1|A/cattle/Texas/24-008749-003/2024(H5N1)	1139	7933
PA|PP755594.1|A/cattle/Texas/24-008749-003/2024(H5N1)	1140	7955
PA|PP755594.1|A/cattle/Texas/24-008749-003/2024(H5N1)	1141	7930
PA|PP755594.1|A/cattle/Texas/24-008749-003/2024(H5N1)	1142	7943
PA|PP755594.1|A/cattle/Texas/24-008749-003/2024(H5N1)	1143	8202
PA|PP755594.1|A/cattle/Texas/24-008749-003/2024(H5N1)	1144	8037
PA|PP755594.1|A/cattle/Texas/24-008749-003/2024(H5N1)	1145	8038
PA|PP755594.1|A/cattle/Texas/24-008749-003/2024(H5N1)	1146	8011
PA|PP755594.1|A/cattle/Texas/24-008749-003/2024(H5N1)	1147	8035
PA|PP755594.1|A/cattle/Texas/24-008749-003/2024(H5N1)	1148	7818
PA|PP755594.1|A/cattle/Texas/24-008749-003/2024(H5N1)	1149	7986
PA|PP755594.1|A/cattle/Texas/24-008749-003/2024(H5N1)	1150	8127
PA|PP755594.1|A/cattle/Texas/24-008749-003/2024(H5N1)	1151	8320
PA|PP755594.1|A/cattle/Texas/24-008749-003/2024(H5N1)	1152	8272
PA|PP755594.1|A/cattle/Texas/24-008749-003/2024(H5N1)	1153	8273
PA|PP755594.1|A/cattle/Texas/24-008749-003/2024(H5N1)	1154	8264
PA|PP755594.1|A/cattle/Texas/24-008749-003/2024(H5N1)	1155	8233
PA|PP755594.1|A/cattle/Texas/24-008749-003/2024(H5N1)	1156	8321
PA|PP755594.1|A/cattle/Texas/24-008749-003/2024(H5N1)	1157	8361
PA|PP755594.1|A/cattle/Texas/24-008749-003/2024(H5N1)	1158	8147
PA|PP755594.1|A/cattle/Texas/24-008749-003/2024(H5N1)	1159	8096
PA|PP755594.1|A/cattle/Texas/24-008749-003/2024(H5N1)	1160	7839
PA|PP755594.1|A/cattle/Texas/24-008749-003/2024(H5N1)	1161	7934
PA|PP755594.1|A/cattle/Texas/24-008749-003/2024(H5N1)	1162	7934
PA|PP755594.1|A/cattle/Texas/24-008749-003/2024(H5N1)	1163	7934
PA|PP755594.1|A/cattle/Texas/24-008749-003/2024(H5N1)	1164	7909
PA|PP755594.1|A/cattle/Texas/24-008749-003/2024(H5N1)	1165	7810
PA|PP755594.1|A/cattle/Texas/24-008749-003/2024(H5N1)	1166	8993
PA|PP755594.1|A/cattle/Texas/24-008749-003/2024(H5N1)	1167	9008
PA|PP755594.1|A/cattle/Texas/24-008749-003/2024(H5N1)	1168	9000
PA|PP755594.1|A/cattle/Texas/24-008749-003/2024(H5N1)	1169	9170
PA|PP755594.1|A/cattle/Texas/24-008749-003/2024(H5N1)	1170	9175
PA|PP755594.1|A/cattle/Texas/24-008749-003/2024(H5N1)	1171	9115
PA|PP755594.1|A/cattle/Texas/24-008749-003/2024(H5N1)	1172	9108
PA|PP755594.1|A/cattle/Texas/24-008749-003/2024(H5N1)	1173	9096
PA|PP755594.1|A/cattle/Texas/24-008749-003/2024(H5N1)	1174	9395
PA|PP755594.1|A/cattle/Texas/24-008749-003/2024(H5N1)	1175	8053
PA|PP755594.1|A/cattle/Texas/24-008749-003/2024(H5N1)	1176	8280
PA|PP755594.1|A/cattle/Texas/24-008749-003/2024(H5N1)	1177	8381
PA|PP755594.1|A/cattle/Texas/24-008749-003/2024(H5N1)	1178	8392
PA|PP755594.1|A/cattle/Texas/24-008749-003/2024(H5N1)	1179	8437
PA|PP755594.1|A/cattle/Texas/24-008749-003/2024(H5N1)	1180	8411
PA|PP755594.1|A/cattle/Texas/24-008749-003/2024(H5N1)	1181	8405
PA|PP755594.1|A/cattle/Texas/24-008749-003/2024(H5N1)	1182	8377
PA|PP755594.1|A/cattle/Texas/24-008749-003/2024(H5N1)	1183	8055
PA|PP755594.1|A/cattle/Texas/24-008749-003/2024(H5N1)	1184	7778
PA|PP755594.1|A/cattle/Texas/24-008749-003/2024(H5N1)	1185	7564
PA|PP755594.1|A/cattle/Texas/24-008749-003/2024(H5N1)	1186	7570
PA|PP755594.1|A/cattle/Texas/24-008749-003/2024(H5N1)	1187	7611
PA|PP755594.1|A/cattle/Texas/24-008749-003/2024(H5N1)	1188	7591
PA|PP755594.1|A/cattle/Texas/24-008749-003/2024(H5N1)	1189	7604
PA|PP755594.1|A/cattle/Texas/24-008749-003/2024(H5N1)	1190	7707
PA|PP755594.1|A/cattle/Texas/24-008749-003/2024(H5N1)	1191	7699
PA|PP755594.1|A/cattle/Texas/24-008749-003/2024(H5N1)	1192	7770
PA|PP755594.1|A/cattle/Texas/24-008749-003/2024(H5N1)	1193	7710
PA|PP755594.1|A/cattle/Texas/24-008749-003/2024(H5N1)	1194	7689
PA|PP755594.1|A/cattle/Texas/24-008749-003/2024(H5N1)	1195	7724
PA|PP755594.1|A/cattle/Texas/24-008749-003/2024(H5N1)	1196	7731
PA|PP755594.1|A/cattle/Texas/24-008749-003/2024(H5N1)	1197	8066
PA|PP755594.1|A/cattle/Texas/24-008749-003/2024(H5N1)	1198	8120
PA|PP755594.1|A/cattle/Texas/24-008749-003/2024(H5N1)	1199	8108
PA|PP755594.1|A/cattle/Texas/24-008749-003/2024(H5N1)	1200	8126
PA|PP755594.1|A/cattle/Texas/24-008749-003/2024(H5N1)	1201	8034
PA|PP755594.1|A/cattle/Texas/24-008749-003/2024(H5N1)	1202	8053
PA|PP755594.1|A/cattle/Texas/24-008749-003/2024(H5N1)	1203	8176
PA|PP755594.1|A/cattle/Texas/24-008749-003/2024(H5N1)	1204	8213
PA|PP755594.1|A/cattle/Texas/24-008749-003/2024(H5N1)	1205	8220
PA|PP755594.1|A/cattle/Texas/24-008749-003/2024(H5N1)	1206	7861
PA|PP755594.1|A/cattle/Texas/24-008749-003/2024(H5N1)	1207	7896
PA|PP755594.1|A/cattle/Texas/24-008749-003/2024(H5N1)	1208	7898
PA|PP755594.1|A/cattle/Texas/24-008749-003/2024(H5N1)	1209	7899
PA|PP755594.1|A/cattle/Texas/24-008749-003/2024(H5N1)	1210	7898
PA|PP755594.1|A/cattle/Texas/24-008749-003/2024(H5N1)	1211	8052
PA|PP755594.1|A/cattle/Texas/24-008749-003/2024(H5N1)	1212	8056
PA|PP755594.1|A/cattle/Texas/24-008749-003/2024(H5N1)	1213	8044
PA|PP755594.1|A/cattle/Texas/24-008749-003/2024(H5N1)	1214	8161
PA|PP755594.1|A/cattle/Texas/24-008749-003/2024(H5N1)	1215	8232
PA|PP755594.1|A/cattle/Texas/24-008749-003/2024(H5N1)	1216	8189
PA|PP755594.1|A/cattle/Texas/24-008749-003/2024(H5N1)	1217	8228
PA|PP755594.1|A/cattle/Texas/24-008749-003/2024(H5N1)	1218	8278
PA|PP755594.1|A/cattle/Texas/24-008749-003/2024(H5N1)	1219	8318
PA|PP755594.1|A/cattle/Texas/24-008749-003/2024(H5N1)	1220	8299
PA|PP755594.1|A/cattle/Texas/24-008749-003/2024(H5N1)	1221	8300
PA|PP755594.1|A/cattle/Texas/24-008749-003/2024(H5N1)	1222	8298
PA|PP755594.1|A/cattle/Texas/24-008749-003/2024(H5N1)	1223	8156
PA|PP755594.1|A/cattle/Texas/24-008749-003/2024(H5N1)	1224	8192
PA|PP755594.1|A/cattle/Texas/24-008749-003/2024(H5N1)	1225	8361
PA|PP755594.1|A/cattle/Texas/24-008749-003/2024(H5N1)	1226	8355
PA|PP755594.1|A/cattle/Texas/24-008749-003/2024(H5N1)	1227	8322
PA|PP755594.1|A/cattle/Texas/24-008749-003/2024(H5N1)	1228	8439
PA|PP755594.1|A/cattle/Texas/24-008749-003/2024(H5N1)	1229	8488
PA|PP755594.1|A/cattle/Texas/24-008749-003/2024(H5N1)	1230	8517
PA|PP755594.1|A/cattle/Texas/24-008749-003/2024(H5N1)	1231	8496
PA|PP755594.1|A/cattle/Texas/24-008749-003/2024(H5N1)	1232	8501
PA|PP755594.1|A/cattle/Texas/24-008749-003/2024(H5N1)	1233	8647
PA|PP755594.1|A/cattle/Texas/24-008749-003/2024(H5N1)	1234	8629
PA|PP755594.1|A/cattle/Texas/24-008749-003/2024(H5N1)	1235	8695
PA|PP755594.1|A/cattle/Texas/24-008749-003/2024(H5N1)	1236	8633
PA|PP755594.1|A/cattle/Texas/24-008749-003/2024(H5N1)	1237	8492
PA|PP755594.1|A/cattle/Texas/24-008749-003/2024(H5N1)	1238	8501
PA|PP755594.1|A/cattle/Texas/24-008749-003/2024(H5N1)	1239	8532
PA|PP755594.1|A/cattle/Texas/24-008749-003/2024(H5N1)	1240	8567
PA|PP755594.1|A/cattle/Texas/24-008749-003/2024(H5N1)	1241	8565
PA|PP755594.1|A/cattle/Texas/24-008749-003/2024(H5N1)	1242	8606
PA|PP755594.1|A/cattle/Texas/24-008749-003/2024(H5N1)	1243	8737
PA|PP755594.1|A/cattle/Texas/24-008749-003/2024(H5N1)	1244	8602
PA|PP755594.1|A/cattle/Texas/24-008749-003/2024(H5N1)	1245	8745
PA|PP755594.1|A/cattle/Texas/24-008749-003/2024(H5N1)	1246	8748
PA|PP755594.1|A/cattle/Texas/24-008749-003/2024(H5N1)	1247	8777
PA|PP755594.1|A/cattle/Texas/24-008749-003/2024(H5N1)	1248	8817
PA|PP755594.1|A/cattle/Texas/24-008749-003/2024(H5N1)	1249	8693
PA|PP755594.1|A/cattle/Texas/24-008749-003/2024(H5N1)	1250	9018
PA|PP755594.1|A/cattle/Texas/24-008749-003/2024(H5N1)	1251	9037
PA|PP755594.1|A/cattle/Texas/24-008749-003/2024(H5N1)	1252	9039
PA|PP755594.1|A/cattle/Texas/24-008749-003/2024(H5N1)	1253	9012
PA|PP755594.1|A/cattle/Texas/24-008749-003/2024(H5N1)	1254	9005
PA|PP755594.1|A/cattle/Texas/24-008749-003/2024(H5N1)	1255	9027
PA|PP755594.1|A/cattle/Texas/24-008749-003/2024(H5N1)	1256	9087
PA|PP755594.1|A/cattle/Texas/24-008749-003/2024(H5N1)	1257	9028
PA|PP755594.1|A/cattle/Texas/24-008749-003/2024(H5N1)	1258	9035
PA|PP755594.1|A/cattle/Texas/24-008749-003/2024(H5N1)	1259	8940
PA|PP755594.1|A/cattle/Texas/24-008749-003/2024(H5N1)	1260	8953
PA|PP755594.1|A/cattle/Texas/24-008749-003/2024(H5N1)	1261	9326
PA|PP755594.1|A/cattle/Texas/24-008749-003/2024(H5N1)	1262	9098
PA|PP755594.1|A/cattle/Texas/24-008749-003/2024(H5N1)	1263	9144
PA|PP755594.1|A/cattle/Texas/24-008749-003/2024(H5N1)	1264	9100
PA|PP755594.1|A/cattle/Texas/24-008749-003/2024(H5N1)	1265	9145
PA|PP755594.1|A/cattle/Texas/24-008749-003/2024(H5N1)	1266	9335
PA|PP755594.1|A/cattle/Texas/24-008749-003/2024(H5N1)	1267	9020
PA|PP755594.1|A/cattle/Texas/24-008749-003/2024(H5N1)	1268	9023
PA|PP755594.1|A/cattle/Texas/24-008749-003/2024(H5N1)	1269	9184
PA|PP755594.1|A/cattle/Texas/24-008749-003/2024(H5N1)	1270	9196
PA|PP755594.1|A/cattle/Texas/24-008749-003/2024(H5N1)	1271	9229
PA|PP755594.1|A/cattle/Texas/24-008749-003/2024(H5N1)	1272	9231
PA|PP755594.1|A/cattle/Texas/24-008749-003/2024(H5N1)	1273	9240
PA|PP755594.1|A/cattle/Texas/24-008749-003/2024(H5N1)	1274	9272
PA|PP755594.1|A/cattle/Texas/24-008749-003/2024(H5N1)	1275	9289
PA|PP755594.1|A/cattle/Texas/24-008749-003/2024(H5N1)	1276	9297
PA|PP755594.1|A/cattle/Texas/24-008749-003/2024(H5N1)	1277	9347
PA|PP755594.1|A/cattle/Texas/24-008749-003/2024(H5N1)	1278	9352
PA|PP755594.1|A/cattle/Texas/24-008749-003/2024(H5N1)	1279	9341
PA|PP755594.1|A/cattle/Texas/24-008749-003/2024(H5N1)	1280	9542
PA|PP755594.1|A/cattle/Texas/24-008749-003/2024(H5N1)	1281	9650
PA|PP755594.1|A/cattle/Texas/24-008749-003/2024(H5N1)	1282	9663
PA|PP755594.1|A/cattle/Texas/24-008749-003/2024(H5N1)	1283	9668
PA|PP755594.1|A/cattle/Texas/24-008749-003/2024(H5N1)	1284	9641
PA|PP755594.1|A/cattle/Texas/24-008749-003/2024(H5N1)	1285	9960
PA|PP755594.1|A/cattle/Texas/24-008749-003/2024(H5N1)	1286	10198
PA|PP755594.1|A/cattle/Texas/24-008749-003/2024(H5N1)	1287	10221
PA|PP755594.1|A/cattle/Texas/24-008749-003/2024(H5N1)	1288	10235
PA|PP755594.1|A/cattle/Texas/24-008749-003/2024(H5N1)	1289	10067
PA|PP755594.1|A/cattle/Texas/24-008749-003/2024(H5N1)	1290	9832
PA|PP755594.1|A/cattle/Texas/24-008749-003/2024(H5N1)	1291	9812
PA|PP755594.1|A/cattle/Texas/24-008749-003/2024(H5N1)	1292	10026
PA|PP755594.1|A/cattle/Texas/24-008749-003/2024(H5N1)	1293	10038
PA|PP755594.1|A/cattle/Texas/24-008749-003/2024(H5N1)	1294	9739
PA|PP755594.1|A/cattle/Texas/24-008749-003/2024(H5N1)	1295	9758
PA|PP755594.1|A/cattle/Texas/24-008749-003/2024(H5N1)	1296	9771
PA|PP755594.1|A/cattle/Texas/24-008749-003/2024(H5N1)	1297	9787
PA|PP755594.1|A/cattle/Texas/24-008749-003/2024(H5N1)	1298	9618
PA|PP755594.1|A/cattle/Texas/24-008749-003/2024(H5N1)	1299	9606
PA|PP755594.1|A/cattle/Texas/24-008749-003/2024(H5N1)	1300	9608
PA|PP755594.1|A/cattle/Texas/24-008749-003/2024(H5N1)	1301	9230
PA|PP755594.1|A/cattle/Texas/24-008749-003/2024(H5N1)	1302	9221
PA|PP755594.1|A/cattle/Texas/24-008749-003/2024(H5N1)	1303	9445
PA|PP755594.1|A/cattle/Texas/24-008749-003/2024(H5N1)	1304	9445
PA|PP755594.1|A/cattle/Texas/24-008749-003/2024(H5N1)	1305	9453
PA|PP755594.1|A/cattle/Texas/24-008749-003/2024(H5N1)	1306	9426
PA|PP755594.1|A/cattle/Texas/24-008749-003/2024(H5N1)	1307	9374
PA|PP755594.1|A/cattle/Texas/24-008749-003/2024(H5N1)	1308	9372
PA|PP755594.1|A/cattle/Texas/24-008749-003/2024(H5N1)	1309	9406
PA|PP755594.1|A/cattle/Texas/24-008749-003/2024(H5N1)	1310	9423
PA|PP755594.1|A/cattle/Texas/24-008749-003/2024(H5N1)	1311	9605
PA|PP755594.1|A/cattle/Texas/24-008749-003/2024(H5N1)	1312	9428
PA|PP755594.1|A/cattle/Texas/24-008749-003/2024(H5N1)	1313	9484
PA|PP755594.1|A/cattle/Texas/24-008749-003/2024(H5N1)	1314	9512
PA|PP755594.1|A/cattle/Texas/24-008749-003/2024(H5N1)	1315	9516
PA|PP755594.1|A/cattle/Texas/24-008749-003/2024(H5N1)	1316	8356
PA|PP755594.1|A/cattle/Texas/24-008749-003/2024(H5N1)	1317	8347
PA|PP755594.1|A/cattle/Texas/24-008749-003/2024(H5N1)	1318	8444
PA|PP755594.1|A/cattle/Texas/24-008749-003/2024(H5N1)	1319	8467
PA|PP755594.1|A/cattle/Texas/24-008749-003/2024(H5N1)	1320	8301
PA|PP755594.1|A/cattle/Texas/24-008749-003/2024(H5N1)	1321	8328
PA|PP755594.1|A/cattle/Texas/24-008749-003/2024(H5N1)	1322	8478
PA|PP755594.1|A/cattle/Texas/24-008749-003/2024(H5N1)	1323	8500
PA|PP755594.1|A/cattle/Texas/24-008749-003/2024(H5N1)	1324	8504
PA|PP755594.1|A/cattle/Texas/24-008749-003/2024(H5N1)	1325	8223
PA|PP755594.1|A/cattle/Texas/24-008749-003/2024(H5N1)	1326	8237
PA|PP755594.1|A/cattle/Texas/24-008749-003/2024(H5N1)	1327	7960
PA|PP755594.1|A/cattle/Texas/24-008749-003/2024(H5N1)	1328	7930
PA|PP755594.1|A/cattle/Texas/24-008749-003/2024(H5N1)	1329	8045
PA|PP755594.1|A/cattle/Texas/24-008749-003/2024(H5N1)	1330	8016
PA|PP755594.1|A/cattle/Texas/24-008749-003/2024(H5N1)	1331	8017
PA|PP755594.1|A/cattle/Texas/24-008749-003/2024(H5N1)	1332	8123
PA|PP755594.1|A/cattle/Texas/24-008749-003/2024(H5N1)	1333	8100
PA|PP755594.1|A/cattle/Texas/24-008749-003/2024(H5N1)	1334	8141
PA|PP755594.1|A/cattle/Texas/24-008749-003/2024(H5N1)	1335	8124
PA|PP755594.1|A/cattle/Texas/24-008749-003/2024(H5N1)	1336	8130
PA|PP755594.1|A/cattle/Texas/24-008749-003/2024(H5N1)	1337	8132
PA|PP755594.1|A/cattle/Texas/24-008749-003/2024(H5N1)	1338	8113
PA|PP755594.1|A/cattle/Texas/24-008749-003/2024(H5N1)	1339	8105
PA|PP755594.1|A/cattle/Texas/24-008749-003/2024(H5N1)	1340	8112
PA|PP755594.1|A/cattle/Texas/24-008749-003/2024(H5N1)	1341	8001
PA|PP755594.1|A/cattle/Texas/24-008749-003/2024(H5N1)	1342	8021
PA|PP755594.1|A/cattle/Texas/24-008749-003/2024(H5N1)	1343	7927
PA|PP755594.1|A/cattle/Texas/24-008749-003/2024(H5N1)	1344	7931
PA|PP755594.1|A/cattle/Texas/24-008749-003/2024(H5N1)	1345	8113
PA|PP755594.1|A/cattle/Texas/24-008749-003/2024(H5N1)	1346	8094
PA|PP755594.1|A/cattle/Texas/24-008749-003/2024(H5N1)	1347	8133
PA|PP755594.1|A/cattle/Texas/24-008749-003/2024(H5N1)	1348	7874
PA|PP755594.1|A/cattle/Texas/24-008749-003/2024(H5N1)	1349	8029
PA|PP755594.1|A/cattle/Texas/24-008749-003/2024(H5N1)	1350	8059
PA|PP755594.1|A/cattle/Texas/24-008749-003/2024(H5N1)	1351	8167
PA|PP755594.1|A/cattle/Texas/24-008749-003/2024(H5N1)	1352	8148
PA|PP755594.1|A/cattle/Texas/24-008749-003/2024(H5N1)	1353	8290
PA|PP755594.1|A/cattle/Texas/24-008749-003/2024(H5N1)	1354	8162
PA|PP755594.1|A/cattle/Texas/24-008749-003/2024(H5N1)	1355	8104
PA|PP755594.1|A/cattle/Texas/24-008749-003/2024(H5N1)	1356	8180
PA|PP755594.1|A/cattle/Texas/24-008749-003/2024(H5N1)	1357	8162
PA|PP755594.1|A/cattle/Texas/24-008749-003/2024(H5N1)	1358	8125
PA|PP755594.1|A/cattle/Texas/24-008749-003/2024(H5N1)	1359	8184
PA|PP755594.1|A/cattle/Texas/24-008749-003/2024(H5N1)	1360	8030
PA|PP755594.1|A/cattle/Texas/24-008749-003/2024(H5N1)	1361	8057
PA|PP755594.1|A/cattle/Texas/24-008749-003/2024(H5N1)	1362	8080
PA|PP755594.1|A/cattle/Texas/24-008749-003/2024(H5N1)	1363	8098
PA|PP755594.1|A/cattle/Texas/24-008749-003/2024(H5N1)	1364	8047
PA|PP755594.1|A/cattle/Texas/24-008749-003/2024(H5N1)	1365	7966
PA|PP755594.1|A/cattle/Texas/24-008749-003/2024(H5N1)	1366	8130
PA|PP755594.1|A/cattle/Texas/24-008749-003/2024(H5N1)	1367	8095
PA|PP755594.1|A/cattle/Texas/24-008749-003/2024(H5N1)	1368	8087
PA|PP755594.1|A/cattle/Texas/24-008749-003/2024(H5N1)	1369	8143
PA|PP755594.1|A/cattle/Texas/24-008749-003/2024(H5N1)	1370	8156
PA|PP755594.1|A/cattle/Texas/24-008749-003/2024(H5N1)	1371	8225
PA|PP755594.1|A/cattle/Texas/24-008749-003/2024(H5N1)	1372	8222
PA|PP755594.1|A/cattle/Texas/24-008749-003/2024(H5N1)	1373	8227
PA|PP755594.1|A/cattle/Texas/24-008749-003/2024(H5N1)	1374	8222
PA|PP755594.1|A/cattle/Texas/24-008749-003/2024(H5N1)	1375	8066
PA|PP755594.1|A/cattle/Texas/24-008749-003/2024(H5N1)	1376	8087
PA|PP755594.1|A/cattle/Texas/24-008749-003/2024(H5N1)	1377	8141
PA|PP755594.1|A/cattle/Texas/24-008749-003/2024(H5N1)	1378	8156
PA|PP755594.1|A/cattle/Texas/24-008749-003/2024(H5N1)	1379	8027
PA|PP755594.1|A/cattle/Texas/24-008749-003/2024(H5N1)	1380	7989
PA|PP755594.1|A/cattle/Texas/24-008749-003/2024(H5N1)	1381	7995
PA|PP755594.1|A/cattle/Texas/24-008749-003/2024(H5N1)	1382	7957
PA|PP755594.1|A/cattle/Texas/24-008749-003/2024(H5N1)	1383	7975
PA|PP755594.1|A/cattle/Texas/24-008749-003/2024(H5N1)	1384	7972
PA|PP755594.1|A/cattle/Texas/24-008749-003/2024(H5N1)	1385	8141
PA|PP755594.1|A/cattle/Texas/24-008749-003/2024(H5N1)	1386	8078
PA|PP755594.1|A/cattle/Texas/24-008749-003/2024(H5N1)	1387	8214
PA|PP755594.1|A/cattle/Texas/24-008749-003/2024(H5N1)	1388	8275
PA|PP755594.1|A/cattle/Texas/24-008749-003/2024(H5N1)	1389	8301
PA|PP755594.1|A/cattle/Texas/24-008749-003/2024(H5N1)	1390	8376
PA|PP755594.1|A/cattle/Texas/24-008749-003/2024(H5N1)	1391	8364
PA|PP755594.1|A/cattle/Texas/24-008749-003/2024(H5N1)	1392	8780
PA|PP755594.1|A/cattle/Texas/24-008749-003/2024(H5N1)	1393	8601
PA|PP755594.1|A/cattle/Texas/24-008749-003/2024(H5N1)	1394	8576
PA|PP755594.1|A/cattle/Texas/24-008749-003/2024(H5N1)	1395	8555
PA|PP755594.1|A/cattle/Texas/24-008749-003/2024(H5N1)	1396	8458
PA|PP755594.1|A/cattle/Texas/24-008749-003/2024(H5N1)	1397	8546
PA|PP755594.1|A/cattle/Texas/24-008749-003/2024(H5N1)	1398	8503
PA|PP755594.1|A/cattle/Texas/24-008749-003/2024(H5N1)	1399	8389
PA|PP755594.1|A/cattle/Texas/24-008749-003/2024(H5N1)	1400	8391
PA|PP755594.1|A/cattle/Texas/24-008749-003/2024(H5N1)	1401	7991
PA|PP755594.1|A/cattle/Texas/24-008749-003/2024(H5N1)	1402	8478
PA|PP755594.1|A/cattle/Texas/24-008749-003/2024(H5N1)	1403	8589
PA|PP755594.1|A/cattle/Texas/24-008749-003/2024(H5N1)	1404	8600
PA|PP755594.1|A/cattle/Texas/24-008749-003/2024(H5N1)	1405	8594
PA|PP755594.1|A/cattle/Texas/24-008749-003/2024(H5N1)	1406	8529
PA|PP755594.1|A/cattle/Texas/24-008749-003/2024(H5N1)	1407	8981
PA|PP755594.1|A/cattle/Texas/24-008749-003/2024(H5N1)	1408	8980
PA|PP755594.1|A/cattle/Texas/24-008749-003/2024(H5N1)	1409	9020
PA|PP755594.1|A/cattle/Texas/24-008749-003/2024(H5N1)	1410	9240
PA|PP755594.1|A/cattle/Texas/24-008749-003/2024(H5N1)	1411	8845
PA|PP755594.1|A/cattle/Texas/24-008749-003/2024(H5N1)	1412	8848
PA|PP755594.1|A/cattle/Texas/24-008749-003/2024(H5N1)	1413	8879
PA|PP755594.1|A/cattle/Texas/24-008749-003/2024(H5N1)	1414	8815
PA|PP755594.1|A/cattle/Texas/24-008749-003/2024(H5N1)	1415	8834
PA|PP755594.1|A/cattle/Texas/24-008749-003/2024(H5N1)	1416	8812
PA|PP755594.1|A/cattle/Texas/24-008749-003/2024(H5N1)	1417	8796
PA|PP755594.1|A/cattle/Texas/24-008749-003/2024(H5N1)	1418	8805
PA|PP755594.1|A/cattle/Texas/24-008749-003/2024(H5N1)	1419	8806
PA|PP755594.1|A/cattle/Texas/24-008749-003/2024(H5N1)	1420	8593
PA|PP755594.1|A/cattle/Texas/24-008749-003/2024(H5N1)	1421	8743
PA|PP755594.1|A/cattle/Texas/24-008749-003/2024(H5N1)	1422	8742
PA|PP755594.1|A/cattle/Texas/24-008749-003/2024(H5N1)	1423	8739
PA|PP755594.1|A/cattle/Texas/24-008749-003/2024(H5N1)	1424	8772
PA|PP755594.1|A/cattle/Texas/24-008749-003/2024(H5N1)	1425	8648
PA|PP755594.1|A/cattle/Texas/24-008749-003/2024(H5N1)	1426	8930
PA|PP755594.1|A/cattle/Texas/24-008749-003/2024(H5N1)	1427	9067
PA|PP755594.1|A/cattle/Texas/24-008749-003/2024(H5N1)	1428	9034
PA|PP755594.1|A/cattle/Texas/24-008749-003/2024(H5N1)	1429	9061
PA|PP755594.1|A/cattle/Texas/24-008749-003/2024(H5N1)	1430	8921
PA|PP755594.1|A/cattle/Texas/24-008749-003/2024(H5N1)	1431	8816
PA|PP755594.1|A/cattle/Texas/24-008749-003/2024(H5N1)	1432	8744
PA|PP755594.1|A/cattle/Texas/24-008749-003/2024(H5N1)	1433	9021
PA|PP755594.1|A/cattle/Texas/24-008749-003/2024(H5N1)	1434	9002
PA|PP755594.1|A/cattle/Texas/24-008749-003/2024(H5N1)	1435	8771
PA|PP755594.1|A/cattle/Texas/24-008749-003/2024(H5N1)	1436	8614
PA|PP755594.1|A/cattle/Texas/24-008749-003/2024(H5N1)	1437	8618
PA|PP755594.1|A/cattle/Texas/24-008749-003/2024(H5N1)	1438	8623
PA|PP755594.1|A/cattle/Texas/24-008749-003/2024(H5N1)	1439	8636
PA|PP755594.1|A/cattle/Texas/24-008749-003/2024(H5N1)	1440	8633
PA|PP755594.1|A/cattle/Texas/24-008749-003/2024(H5N1)	1441	8605
PA|PP755594.1|A/cattle/Texas/24-008749-003/2024(H5N1)	1442	8608
PA|PP755594.1|A/cattle/Texas/24-008749-003/2024(H5N1)	1443	8443
PA|PP755594.1|A/cattle/Texas/24-008749-003/2024(H5N1)	1444	8459
PA|PP755594.1|A/cattle/Texas/24-008749-003/2024(H5N1)	1445	8512
PA|PP755594.1|A/cattle/Texas/24-008749-003/2024(H5N1)	1446	8486
PA|PP755594.1|A/cattle/Texas/24-008749-003/2024(H5N1)	1447	8454
PA|PP755594.1|A/cattle/Texas/24-008749-003/2024(H5N1)	1448	8420
PA|PP755594.1|A/cattle/Texas/24-008749-003/2024(H5N1)	1449	8427
PA|PP755594.1|A/cattle/Texas/24-008749-003/2024(H5N1)	1450	8739
PA|PP755594.1|A/cattle/Texas/24-008749-003/2024(H5N1)	1451	8738
PA|PP755594.1|A/cattle/Texas/24-008749-003/2024(H5N1)	1452	8766
PA|PP755594.1|A/cattle/Texas/24-008749-003/2024(H5N1)	1453	8770
PA|PP755594.1|A/cattle/Texas/24-008749-003/2024(H5N1)	1454	8582
PA|PP755594.1|A/cattle/Texas/24-008749-003/2024(H5N1)	1455	8586
PA|PP755594.1|A/cattle/Texas/24-008749-003/2024(H5N1)	1456	8722
PA|PP755594.1|A/cattle/Texas/24-008749-003/2024(H5N1)	1457	8721
PA|PP755594.1|A/cattle/Texas/24-008749-003/2024(H5N1)	1458	8742
PA|PP755594.1|A/cattle/Texas/24-008749-003/2024(H5N1)	1459	8816
PA|PP755594.1|A/cattle/Texas/24-008749-003/2024(H5N1)	1460	8790
PA|PP755594.1|A/cattle/Texas/24-008749-003/2024(H5N1)	1461	8790
PA|PP755594.1|A/cattle/Texas/24-008749-003/2024(H5N1)	1462	8614
PA|PP755594.1|A/cattle/Texas/24-008749-003/2024(H5N1)	1463	8593
PA|PP755594.1|A/cattle/Texas/24-008749-003/2024(H5N1)	1464	8840
PA|PP755594.1|A/cattle/Texas/24-008749-003/2024(H5N1)	1465	8905
PA|PP755594.1|A/cattle/Texas/24-008749-003/2024(H5N1)	1466	8894
PA|PP755594.1|A/cattle/Texas/24-008749-003/2024(H5N1)	1467	8890
PA|PP755594.1|A/cattle/Texas/24-008749-003/2024(H5N1)	1468	8807
PA|PP755594.1|A/cattle/Texas/24-008749-003/2024(H5N1)	1469	8908
PA|PP755594.1|A/cattle/Texas/24-008749-003/2024(H5N1)	1470	9052
PA|PP755594.1|A/cattle/Texas/24-008749-003/2024(H5N1)	1471	9048
PA|PP755594.1|A/cattle/Texas/24-008749-003/2024(H5N1)	1472	9056
PA|PP755594.1|A/cattle/Texas/24-008749-003/2024(H5N1)	1473	8798
PA|PP755594.1|A/cattle/Texas/24-008749-003/2024(H5N1)	1474	8826
PA|PP755594.1|A/cattle/Texas/24-008749-003/2024(H5N1)	1475	8954
PA|PP755594.1|A/cattle/Texas/24-008749-003/2024(H5N1)	1476	8949
PA|PP755594.1|A/cattle/Texas/24-008749-003/2024(H5N1)	1477	8978
PA|PP755594.1|A/cattle/Texas/24-008749-003/2024(H5N1)	1478	8905
PA|PP755594.1|A/cattle/Texas/24-008749-003/2024(H5N1)	1479	8898
PA|PP755594.1|A/cattle/Texas/24-008749-003/2024(H5N1)	1480	8872
PA|PP755594.1|A/cattle/Texas/24-008749-003/2024(H5N1)	1481	8957
PA|PP755594.1|A/cattle/Texas/24-008749-003/2024(H5N1)	1482	9141
PA|PP755594.1|A/cattle/Texas/24-008749-003/2024(H5N1)	1483	9027
PA|PP755594.1|A/cattle/Texas/24-008749-003/2024(H5N1)	1484	9032
PA|PP755594.1|A/cattle/Texas/24-008749-003/2024(H5N1)	1485	9050
PA|PP755594.1|A/cattle/Texas/24-008749-003/2024(H5N1)	1486	9035
PA|PP755594.1|A/cattle/Texas/24-008749-003/2024(H5N1)	1487	9021
PA|PP755594.1|A/cattle/Texas/24-008749-003/2024(H5N1)	1488	9045
PA|PP755594.1|A/cattle/Texas/24-008749-003/2024(H5N1)	1489	9032
PA|PP755594.1|A/cattle/Texas/24-008749-003/2024(H5N1)	1490	9286
PA|PP755594.1|A/cattle/Texas/24-008749-003/2024(H5N1)	1491	9379
PA|PP755594.1|A/cattle/Texas/24-008749-003/2024(H5N1)	1492	9414
PA|PP755594.1|A/cattle/Texas/24-008749-003/2024(H5N1)	1493	9393
PA|PP755594.1|A/cattle/Texas/24-008749-003/2024(H5N1)	1494	9412
PA|PP755594.1|A/cattle/Texas/24-008749-003/2024(H5N1)	1495	9602
PA|PP755594.1|A/cattle/Texas/24-008749-003/2024(H5N1)	1496	9441
PA|PP755594.1|A/cattle/Texas/24-008749-003/2024(H5N1)	1497	9477
PA|PP755594.1|A/cattle/Texas/24-008749-003/2024(H5N1)	1498	9287
PA|PP755594.1|A/cattle/Texas/24-008749-003/2024(H5N1)	1499	9044
PA|PP755594.1|A/cattle/Texas/24-008749-003/2024(H5N1)	1500	9151
PA|PP755594.1|A/cattle/Texas/24-008749-003/2024(H5N1)	1501	9184
PA|PP755594.1|A/cattle/Texas/24-008749-003/2024(H5N1)	1502	9186
PA|PP755594.1|A/cattle/Texas/24-008749-003/2024(H5N1)	1503	9620
PA|PP755594.1|A/cattle/Texas/24-008749-003/2024(H5N1)	1504	9451
PA|PP755594.1|A/cattle/Texas/24-008749-003/2024(H5N1)	1505	9461
PA|PP755594.1|A/cattle/Texas/24-008749-003/2024(H5N1)	1506	9589
PA|PP755594.1|A/cattle/Texas/24-008749-003/2024(H5N1)	1507	9493
PA|PP755594.1|A/cattle/Texas/24-008749-003/2024(H5N1)	1508	9496
PA|PP755594.1|A/cattle/Texas/24-008749-003/2024(H5N1)	1509	9427
PA|PP755594.1|A/cattle/Texas/24-008749-003/2024(H5N1)	1510	9382
PA|PP755594.1|A/cattle/Texas/24-008749-003/2024(H5N1)	1511	9533
PA|PP755594.1|A/cattle/Texas/24-008749-003/2024(H5N1)	1512	9505
PA|PP755594.1|A/cattle/Texas/24-008749-003/2024(H5N1)	1513	9603
PA|PP755594.1|A/cattle/Texas/24-008749-003/2024(H5N1)	1514	9565
PA|PP755594.1|A/cattle/Texas/24-008749-003/2024(H5N1)	1515	9816
PA|PP755594.1|A/cattle/Texas/24-008749-003/2024(H5N1)	1516	9854
PA|PP755594.1|A/cattle/Texas/24-008749-003/2024(H5N1)	1517	9692
PA|PP755594.1|A/cattle/Texas/24-008749-003/2024(H5N1)	1518	9644
PA|PP755594.1|A/cattle/Texas/24-008749-003/2024(H5N1)	1519	9673
PA|PP755594.1|A/cattle/Texas/24-008749-003/2024(H5N1)	1520	9612
PA|PP755594.1|A/cattle/Texas/24-008749-003/2024(H5N1)	1521	9638
PA|PP755594.1|A/cattle/Texas/24-008749-003/2024(H5N1)	1522	9563
PA|PP755594.1|A/cattle/Texas/24-008749-003/2024(H5N1)	1523	9596
PA|PP755594.1|A/cattle/Texas/24-008749-003/2024(H5N1)	1524	9682
PA|PP755594.1|A/cattle/Texas/24-008749-003/2024(H5N1)	1525	9660
PA|PP755594.1|A/cattle/Texas/24-008749-003/2024(H5N1)	1526	9635
PA|PP755594.1|A/cattle/Texas/24-008749-003/2024(H5N1)	1527	9886
PA|PP755594.1|A/cattle/Texas/24-008749-003/2024(H5N1)	1528	9930
PA|PP755594.1|A/cattle/Texas/24-008749-003/2024(H5N1)	1529	9995
PA|PP755594.1|A/cattle/Texas/24-008749-003/2024(H5N1)	1530	9995
PA|PP755594.1|A/cattle/Texas/24-008749-003/2024(H5N1)	1531	9989
PA|PP755594.1|A/cattle/Texas/24-008749-003/2024(H5N1)	1532	9949
PA|PP755594.1|A/cattle/Texas/24-008749-003/2024(H5N1)	1533	9939
PA|PP755594.1|A/cattle/Texas/24-008749-003/2024(H5N1)	1534	9927
PA|PP755594.1|A/cattle/Texas/24-008749-003/2024(H5N1)	1535	9771
PA|PP755594.1|A/cattle/Texas/24-008749-003/2024(H5N1)	1536	9834
PA|PP755594.1|A/cattle/Texas/24-008749-003/2024(H5N1)	1537	9828
PA|PP755594.1|A/cattle/Texas/24-008749-003/2024(H5N1)	1538	9709
PA|PP755594.1|A/cattle/Texas/24-008749-003/2024(H5N1)	1539	9819
PA|PP755594.1|A/cattle/Texas/24-008749-003/2024(H5N1)	1540	9779
PA|PP755594.1|A/cattle/Texas/24-008749-003/2024(H5N1)	1541	9857
PA|PP755594.1|A/cattle/Texas/24-008749-003/2024(H5N1)	1542	9458
PA|PP755594.1|A/cattle/Texas/24-008749-003/2024(H5N1)	1543	9518
PA|PP755594.1|A/cattle/Texas/24-008749-003/2024(H5N1)	1544	9551
PA|PP755594.1|A/cattle/Texas/24-008749-003/2024(H5N1)	1545	9446
PA|PP755594.1|A/cattle/Texas/24-008749-003/2024(H5N1)	1546	9456
PA|PP755594.1|A/cattle/Texas/24-008749-003/2024(H5N1)	1547	9528
PA|PP755594.1|A/cattle/Texas/24-008749-003/2024(H5N1)	1548	9441
PA|PP755594.1|A/cattle/Texas/24-008749-003/2024(H5N1)	1549	9644
PA|PP755594.1|A/cattle/Texas/24-008749-003/2024(H5N1)	1550	9592
PA|PP755594.1|A/cattle/Texas/24-008749-003/2024(H5N1)	1551	9619
PA|PP755594.1|A/cattle/Texas/24-008749-003/2024(H5N1)	1552	9665
PA|PP755594.1|A/cattle/Texas/24-008749-003/2024(H5N1)	1553	9164
PA|PP755594.1|A/cattle/Texas/24-008749-003/2024(H5N1)	1554	9162
PA|PP755594.1|A/cattle/Texas/24-008749-003/2024(H5N1)	1555	9162
PA|PP755594.1|A/cattle/Texas/24-008749-003/2024(H5N1)	1556	9152
PA|PP755594.1|A/cattle/Texas/24-008749-003/2024(H5N1)	1557	8946
PA|PP755594.1|A/cattle/Texas/24-008749-003/2024(H5N1)	1558	8772
PA|PP755594.1|A/cattle/Texas/24-008749-003/2024(H5N1)	1559	8819
PA|PP755594.1|A/cattle/Texas/24-008749-003/2024(H5N1)	1560	8757
PA|PP755594.1|A/cattle/Texas/24-008749-003/2024(H5N1)	1561	8555
PA|PP755594.1|A/cattle/Texas/24-008749-003/2024(H5N1)	1562	8529
PA|PP755594.1|A/cattle/Texas/24-008749-003/2024(H5N1)	1563	8527
PA|PP755594.1|A/cattle/Texas/24-008749-003/2024(H5N1)	1564	8493
PA|PP755594.1|A/cattle/Texas/24-008749-003/2024(H5N1)	1565	8534
PA|PP755594.1|A/cattle/Texas/24-008749-003/2024(H5N1)	1566	8327
PA|PP755594.1|A/cattle/Texas/24-008749-003/2024(H5N1)	1567	8345
PA|PP755594.1|A/cattle/Texas/24-008749-003/2024(H5N1)	1568	8351
PA|PP755594.1|A/cattle/Texas/24-008749-003/2024(H5N1)	1569	8349
PA|PP755594.1|A/cattle/Texas/24-008749-003/2024(H5N1)	1570	8374
PA|PP755594.1|A/cattle/Texas/24-008749-003/2024(H5N1)	1571	8373
PA|PP755594.1|A/cattle/Texas/24-008749-003/2024(H5N1)	1572	8243
PA|PP755594.1|A/cattle/Texas/24-008749-003/2024(H5N1)	1573	8236
PA|PP755594.1|A/cattle/Texas/24-008749-003/2024(H5N1)	1574	8209
PA|PP755594.1|A/cattle/Texas/24-008749-003/2024(H5N1)	1575	8233
PA|PP755594.1|A/cattle/Texas/24-008749-003/2024(H5N1)	1576	8091
PA|PP755594.1|A/cattle/Texas/24-008749-003/2024(H5N1)	1577	8202
PA|PP755594.1|A/cattle/Texas/24-008749-003/2024(H5N1)	1578	8187
PA|PP755594.1|A/cattle/Texas/24-008749-003/2024(H5N1)	1579	8217
PA|PP755594.1|A/cattle/Texas/24-008749-003/2024(H5N1)	1580	8212
PA|PP755594.1|A/cattle/Texas/24-008749-003/2024(H5N1)	1581	8244
PA|PP755594.1|A/cattle/Texas/24-008749-003/2024(H5N1)	1582	8235
PA|PP755594.1|A/cattle/Texas/24-008749-003/2024(H5N1)	1583	8241
PA|PP755594.1|A/cattle/Texas/24-008749-003/2024(H5N1)	1584	7943
PA|PP755594.1|A/cattle/Texas/24-008749-003/2024(H5N1)	1585	7969
PA|PP755594.1|A/cattle/Texas/24-008749-003/2024(H5N1)	1586	7880
PA|PP755594.1|A/cattle/Texas/24-008749-003/2024(H5N1)	1587	7894
PA|PP755594.1|A/cattle/Texas/24-008749-003/2024(H5N1)	1588	7950
PA|PP755594.1|A/cattle/Texas/24-008749-003/2024(H5N1)	1589	7979
PA|PP755594.1|A/cattle/Texas/24-008749-003/2024(H5N1)	1590	7960
PA|PP755594.1|A/cattle/Texas/24-008749-003/2024(H5N1)	1591	8021
PA|PP755594.1|A/cattle/Texas/24-008749-003/2024(H5N1)	1592	8342
PA|PP755594.1|A/cattle/Texas/24-008749-003/2024(H5N1)	1593	8416
PA|PP755594.1|A/cattle/Texas/24-008749-003/2024(H5N1)	1594	8417
PA|PP755594.1|A/cattle/Texas/24-008749-003/2024(H5N1)	1595	8394
PA|PP755594.1|A/cattle/Texas/24-008749-003/2024(H5N1)	1596	8309
PA|PP755594.1|A/cattle/Texas/24-008749-003/2024(H5N1)	1597	8426
PA|PP755594.1|A/cattle/Texas/24-008749-003/2024(H5N1)	1598	8695
PA|PP755594.1|A/cattle/Texas/24-008749-003/2024(H5N1)	1599	8701
PA|PP755594.1|A/cattle/Texas/24-008749-003/2024(H5N1)	1600	8787
PA|PP755594.1|A/cattle/Texas/24-008749-003/2024(H5N1)	1601	8463
PA|PP755594.1|A/cattle/Texas/24-008749-003/2024(H5N1)	1602	8487
PA|PP755594.1|A/cattle/Texas/24-008749-003/2024(H5N1)	1603	8542
PA|PP755594.1|A/cattle/Texas/24-008749-003/2024(H5N1)	1604	8544
PA|PP755594.1|A/cattle/Texas/24-008749-003/2024(H5N1)	1605	8549
PA|PP755594.1|A/cattle/Texas/24-008749-003/2024(H5N1)	1606	8423
PA|PP755594.1|A/cattle/Texas/24-008749-003/2024(H5N1)	1607	8453
PA|PP755594.1|A/cattle/Texas/24-008749-003/2024(H5N1)	1608	8456
PA|PP755594.1|A/cattle/Texas/24-008749-003/2024(H5N1)	1609	8695
PA|PP755594.1|A/cattle/Texas/24-008749-003/2024(H5N1)	1610	8647
PA|PP755594.1|A/cattle/Texas/24-008749-003/2024(H5N1)	1611	8622
PA|PP755594.1|A/cattle/Texas/24-008749-003/2024(H5N1)	1612	8763
PA|PP755594.1|A/cattle/Texas/24-008749-003/2024(H5N1)	1613	8795
PA|PP755594.1|A/cattle/Texas/24-008749-003/2024(H5N1)	1614	8993
PA|PP755594.1|A/cattle/Texas/24-008749-003/2024(H5N1)	1615	8728
PA|PP755594.1|A/cattle/Texas/24-008749-003/2024(H5N1)	1616	8659
PA|PP755594.1|A/cattle/Texas/24-008749-003/2024(H5N1)	1617	8807
PA|PP755594.1|A/cattle/Texas/24-008749-003/2024(H5N1)	1618	8810
PA|PP755594.1|A/cattle/Texas/24-008749-003/2024(H5N1)	1619	8799
PA|PP755594.1|A/cattle/Texas/24-008749-003/2024(H5N1)	1620	8647
PA|PP755594.1|A/cattle/Texas/24-008749-003/2024(H5N1)	1621	8606
PA|PP755594.1|A/cattle/Texas/24-008749-003/2024(H5N1)	1622	8727
PA|PP755594.1|A/cattle/Texas/24-008749-003/2024(H5N1)	1623	8706
PA|PP755594.1|A/cattle/Texas/24-008749-003/2024(H5N1)	1624	8897
PA|PP755594.1|A/cattle/Texas/24-008749-003/2024(H5N1)	1625	8880
PA|PP755594.1|A/cattle/Texas/24-008749-003/2024(H5N1)	1626	8769
PA|PP755594.1|A/cattle/Texas/24-008749-003/2024(H5N1)	1627	8757
PA|PP755594.1|A/cattle/Texas/24-008749-003/2024(H5N1)	1628	8746
PA|PP755594.1|A/cattle/Texas/24-008749-003/2024(H5N1)	1629	8767
PA|PP755594.1|A/cattle/Texas/24-008749-003/2024(H5N1)	1630	8770
PA|PP755594.1|A/cattle/Texas/24-008749-003/2024(H5N1)	1631	8775
PA|PP755594.1|A/cattle/Texas/24-008749-003/2024(H5N1)	1632	8814
PA|PP755594.1|A/cattle/Texas/24-008749-003/2024(H5N1)	1633	8678
PA|PP755594.1|A/cattle/Texas/24-008749-003/2024(H5N1)	1634	8681
PA|PP755594.1|A/cattle/Texas/24-008749-003/2024(H5N1)	1635	8636
PA|PP755594.1|A/cattle/Texas/24-008749-003/2024(H5N1)	1636	8655
PA|PP755594.1|A/cattle/Texas/24-008749-003/2024(H5N1)	1637	8673
PA|PP755594.1|A/cattle/Texas/24-008749-003/2024(H5N1)	1638	8717
PA|PP755594.1|A/cattle/Texas/24-008749-003/2024(H5N1)	1639	8739
PA|PP755594.1|A/cattle/Texas/24-008749-003/2024(H5N1)	1640	8735
PA|PP755594.1|A/cattle/Texas/24-008749-003/2024(H5N1)	1641	8484
PA|PP755594.1|A/cattle/Texas/24-008749-003/2024(H5N1)	1642	8472
PA|PP755594.1|A/cattle/Texas/24-008749-003/2024(H5N1)	1643	8601
PA|PP755594.1|A/cattle/Texas/24-008749-003/2024(H5N1)	1644	8612
PA|PP755594.1|A/cattle/Texas/24-008749-003/2024(H5N1)	1645	8921
PA|PP755594.1|A/cattle/Texas/24-008749-003/2024(H5N1)	1646	8893
PA|PP755594.1|A/cattle/Texas/24-008749-003/2024(H5N1)	1647	9084
PA|PP755594.1|A/cattle/Texas/24-008749-003/2024(H5N1)	1648	8973
PA|PP755594.1|A/cattle/Texas/24-008749-003/2024(H5N1)	1649	9014
PA|PP755594.1|A/cattle/Texas/24-008749-003/2024(H5N1)	1650	9033
PA|PP755594.1|A/cattle/Texas/24-008749-003/2024(H5N1)	1651	8929
PA|PP755594.1|A/cattle/Texas/24-008749-003/2024(H5N1)	1652	8923
PA|PP755594.1|A/cattle/Texas/24-008749-003/2024(H5N1)	1653	9065
PA|PP755594.1|A/cattle/Texas/24-008749-003/2024(H5N1)	1654	8609
PA|PP755594.1|A/cattle/Texas/24-008749-003/2024(H5N1)	1655	8670
PA|PP755594.1|A/cattle/Texas/24-008749-003/2024(H5N1)	1656	8509
PA|PP755594.1|A/cattle/Texas/24-008749-003/2024(H5N1)	1657	8954
PA|PP755594.1|A/cattle/Texas/24-008749-003/2024(H5N1)	1658	8997
PA|PP755594.1|A/cattle/Texas/24-008749-003/2024(H5N1)	1659	8991
PA|PP755594.1|A/cattle/Texas/24-008749-003/2024(H5N1)	1660	8983
PA|PP755594.1|A/cattle/Texas/24-008749-003/2024(H5N1)	1661	8966
PA|PP755594.1|A/cattle/Texas/24-008749-003/2024(H5N1)	1662	8832
PA|PP755594.1|A/cattle/Texas/24-008749-003/2024(H5N1)	1663	8866
PA|PP755594.1|A/cattle/Texas/24-008749-003/2024(H5N1)	1664	9015
PA|PP755594.1|A/cattle/Texas/24-008749-003/2024(H5N1)	1665	9007
PA|PP755594.1|A/cattle/Texas/24-008749-003/2024(H5N1)	1666	8719
PA|PP755594.1|A/cattle/Texas/24-008749-003/2024(H5N1)	1667	8692
PA|PP755594.1|A/cattle/Texas/24-008749-003/2024(H5N1)	1668	8690
PA|PP755594.1|A/cattle/Texas/24-008749-003/2024(H5N1)	1669	9037
PA|PP755594.1|A/cattle/Texas/24-008749-003/2024(H5N1)	1670	9251
PA|PP755594.1|A/cattle/Texas/24-008749-003/2024(H5N1)	1671	9327
PA|PP755594.1|A/cattle/Texas/24-008749-003/2024(H5N1)	1672	9289
PA|PP755594.1|A/cattle/Texas/24-008749-003/2024(H5N1)	1673	9285
PA|PP755594.1|A/cattle/Texas/24-008749-003/2024(H5N1)	1674	9256
PA|PP755594.1|A/cattle/Texas/24-008749-003/2024(H5N1)	1675	9267
PA|PP755594.1|A/cattle/Texas/24-008749-003/2024(H5N1)	1676	9346
PA|PP755594.1|A/cattle/Texas/24-008749-003/2024(H5N1)	1677	9359
PA|PP755594.1|A/cattle/Texas/24-008749-003/2024(H5N1)	1678	9061
PA|PP755594.1|A/cattle/Texas/24-008749-003/2024(H5N1)	1679	9221
PA|PP755594.1|A/cattle/Texas/24-008749-003/2024(H5N1)	1680	9145
PA|PP755594.1|A/cattle/Texas/24-008749-003/2024(H5N1)	1681	9295
PA|PP755594.1|A/cattle/Texas/24-008749-003/2024(H5N1)	1682	9298
PA|PP755594.1|A/cattle/Texas/24-008749-003/2024(H5N1)	1683	9373
PA|PP755594.1|A/cattle/Texas/24-008749-003/2024(H5N1)	1684	9474
PA|PP755594.1|A/cattle/Texas/24-008749-003/2024(H5N1)	1685	9477
PA|PP755594.1|A/cattle/Texas/24-008749-003/2024(H5N1)	1686	9348
PA|PP755594.1|A/cattle/Texas/24-008749-003/2024(H5N1)	1687	9342
PA|PP755594.1|A/cattle/Texas/24-008749-003/2024(H5N1)	1688	9297
PA|PP755594.1|A/cattle/Texas/24-008749-003/2024(H5N1)	1689	9418
PA|PP755594.1|A/cattle/Texas/24-008749-003/2024(H5N1)	1690	9317
PA|PP755594.1|A/cattle/Texas/24-008749-003/2024(H5N1)	1691	9341
PA|PP755594.1|A/cattle/Texas/24-008749-003/2024(H5N1)	1692	9224
PA|PP755594.1|A/cattle/Texas/24-008749-003/2024(H5N1)	1693	9255
PA|PP755594.1|A/cattle/Texas/24-008749-003/2024(H5N1)	1694	9178
PA|PP755594.1|A/cattle/Texas/24-008749-003/2024(H5N1)	1695	9140
PA|PP755594.1|A/cattle/Texas/24-008749-003/2024(H5N1)	1696	9086
PA|PP755594.1|A/cattle/Texas/24-008749-003/2024(H5N1)	1697	9087
PA|PP755594.1|A/cattle/Texas/24-008749-003/2024(H5N1)	1698	9031
PA|PP755594.1|A/cattle/Texas/24-008749-003/2024(H5N1)	1699	9036
PA|PP755594.1|A/cattle/Texas/24-008749-003/2024(H5N1)	1700	8913
PA|PP755594.1|A/cattle/Texas/24-008749-003/2024(H5N1)	1701	8896
PA|PP755594.1|A/cattle/Texas/24-008749-003/2024(H5N1)	1702	8894
PA|PP755594.1|A/cattle/Texas/24-008749-003/2024(H5N1)	1703	8935
PA|PP755594.1|A/cattle/Texas/24-008749-003/2024(H5N1)	1704	8955
PA|PP755594.1|A/cattle/Texas/24-008749-003/2024(H5N1)	1705	8959
PA|PP755594.1|A/cattle/Texas/24-008749-003/2024(H5N1)	1706	8967
PA|PP755594.1|A/cattle/Texas/24-008749-003/2024(H5N1)	1707	8936
PA|PP755594.1|A/cattle/Texas/24-008749-003/2024(H5N1)	1708	8900
PA|PP755594.1|A/cattle/Texas/24-008749-003/2024(H5N1)	1709	8902
PA|PP755594.1|A/cattle/Texas/24-008749-003/2024(H5N1)	1710	8858
PA|PP755594.1|A/cattle/Texas/24-008749-003/2024(H5N1)	1711	8901
PA|PP755594.1|A/cattle/Texas/24-008749-003/2024(H5N1)	1712	8907
PA|PP755594.1|A/cattle/Texas/24-008749-003/2024(H5N1)	1713	8907
PA|PP755594.1|A/cattle/Texas/24-008749-003/2024(H5N1)	1714	8910
PA|PP755594.1|A/cattle/Texas/24-008749-003/2024(H5N1)	1715	8892
PA|PP755594.1|A/cattle/Texas/24-008749-003/2024(H5N1)	1716	8868
PA|PP755594.1|A/cattle/Texas/24-008749-003/2024(H5N1)	1717	8940
PA|PP755594.1|A/cattle/Texas/24-008749-003/2024(H5N1)	1718	8914
PA|PP755594.1|A/cattle/Texas/24-008749-003/2024(H5N1)	1719	8971
PA|PP755594.1|A/cattle/Texas/24-008749-003/2024(H5N1)	1720	8956
PA|PP755594.1|A/cattle/Texas/24-008749-003/2024(H5N1)	1721	8959
PA|PP755594.1|A/cattle/Texas/24-008749-003/2024(H5N1)	1722	8968
PA|PP755594.1|A/cattle/Texas/24-008749-003/2024(H5N1)	1723	8989
PA|PP755594.1|A/cattle/Texas/24-008749-003/2024(H5N1)	1724	8996
PA|PP755594.1|A/cattle/Texas/24-008749-003/2024(H5N1)	1725	9031
PA|PP755594.1|A/cattle/Texas/24-008749-003/2024(H5N1)	1726	8814
PA|PP755594.1|A/cattle/Texas/24-008749-003/2024(H5N1)	1727	8819
PA|PP755594.1|A/cattle/Texas/24-008749-003/2024(H5N1)	1728	8713
PA|PP755594.1|A/cattle/Texas/24-008749-003/2024(H5N1)	1729	8722
PA|PP755594.1|A/cattle/Texas/24-008749-003/2024(H5N1)	1730	8714
PA|PP755594.1|A/cattle/Texas/24-008749-003/2024(H5N1)	1731	8988
PA|PP755594.1|A/cattle/Texas/24-008749-003/2024(H5N1)	1732	9046
PA|PP755594.1|A/cattle/Texas/24-008749-003/2024(H5N1)	1733	9180
PA|PP755594.1|A/cattle/Texas/24-008749-003/2024(H5N1)	1734	9150
PA|PP755594.1|A/cattle/Texas/24-008749-003/2024(H5N1)	1735	9206
PA|PP755594.1|A/cattle/Texas/24-008749-003/2024(H5N1)	1736	9181
PA|PP755594.1|A/cattle/Texas/24-008749-003/2024(H5N1)	1737	9176
PA|PP755594.1|A/cattle/Texas/24-008749-003/2024(H5N1)	1738	9484
PA|PP755594.1|A/cattle/Texas/24-008749-003/2024(H5N1)	1739	9569
PA|PP755594.1|A/cattle/Texas/24-008749-003/2024(H5N1)	1740	9564
PA|PP755594.1|A/cattle/Texas/24-008749-003/2024(H5N1)	1741	9632
PA|PP755594.1|A/cattle/Texas/24-008749-003/2024(H5N1)	1742	9541
PA|PP755594.1|A/cattle/Texas/24-008749-003/2024(H5N1)	1743	9240
PA|PP755594.1|A/cattle/Texas/24-008749-003/2024(H5N1)	1744	9370
PA|PP755594.1|A/cattle/Texas/24-008749-003/2024(H5N1)	1745	9488
PA|PP755594.1|A/cattle/Texas/24-008749-003/2024(H5N1)	1746	9505
PA|PP755594.1|A/cattle/Texas/24-008749-003/2024(H5N1)	1747	9120
PA|PP755594.1|A/cattle/Texas/24-008749-003/2024(H5N1)	1748	9110
PA|PP755594.1|A/cattle/Texas/24-008749-003/2024(H5N1)	1749	9090
PA|PP755594.1|A/cattle/Texas/24-008749-003/2024(H5N1)	1750	9190
PA|PP755594.1|A/cattle/Texas/24-008749-003/2024(H5N1)	1751	9452
PA|PP755594.1|A/cattle/Texas/24-008749-003/2024(H5N1)	1752	9450
PA|PP755594.1|A/cattle/Texas/24-008749-003/2024(H5N1)	1753	9556
PA|PP755594.1|A/cattle/Texas/24-008749-003/2024(H5N1)	1754	9491
PA|PP755594.1|A/cattle/Texas/24-008749-003/2024(H5N1)	1755	9547
PA|PP755594.1|A/cattle/Texas/24-008749-003/2024(H5N1)	1756	9820
PA|PP755594.1|A/cattle/Texas/24-008749-003/2024(H5N1)	1757	9814
PA|PP755594.1|A/cattle/Texas/24-008749-003/2024(H5N1)	1758	9835
PA|PP755594.1|A/cattle/Texas/24-008749-003/2024(H5N1)	1759	9819
PA|PP755594.1|A/cattle/Texas/24-008749-003/2024(H5N1)	1760	9516
PA|PP755594.1|A/cattle/Texas/24-008749-003/2024(H5N1)	1761	9499
PA|PP755594.1|A/cattle/Texas/24-008749-003/2024(H5N1)	1762	9478
PA|PP755594.1|A/cattle/Texas/24-008749-003/2024(H5N1)	1763	9531
PA|PP755594.1|A/cattle/Texas/24-008749-003/2024(H5N1)	1764	9592
PA|PP755594.1|A/cattle/Texas/24-008749-003/2024(H5N1)	1765	9401
PA|PP755594.1|A/cattle/Texas/24-008749-003/2024(H5N1)	1766	9631
PA|PP755594.1|A/cattle/Texas/24-008749-003/2024(H5N1)	1767	9634
PA|PP755594.1|A/cattle/Texas/24-008749-003/2024(H5N1)	1768	9531
PA|PP755594.1|A/cattle/Texas/24-008749-003/2024(H5N1)	1769	9532
PA|PP755594.1|A/cattle/Texas/24-008749-003/2024(H5N1)	1770	9523
PA|PP755594.1|A/cattle/Texas/24-008749-003/2024(H5N1)	1771	9617
PA|PP755594.1|A/cattle/Texas/24-008749-003/2024(H5N1)	1772	9500
PA|PP755594.1|A/cattle/Texas/24-008749-003/2024(H5N1)	1773	9402
PA|PP755594.1|A/cattle/Texas/24-008749-003/2024(H5N1)	1774	9408
PA|PP755594.1|A/cattle/Texas/24-008749-003/2024(H5N1)	1775	9226
PA|PP755594.1|A/cattle/Texas/24-008749-003/2024(H5N1)	1776	9221
PA|PP755594.1|A/cattle/Texas/24-008749-003/2024(H5N1)	1777	9214
PA|PP755594.1|A/cattle/Texas/24-008749-003/2024(H5N1)	1778	9187
PA|PP755594.1|A/cattle/Texas/24-008749-003/2024(H5N1)	1779	9287
PA|PP755594.1|A/cattle/Texas/24-008749-003/2024(H5N1)	1780	9307
PA|PP755594.1|A/cattle/Texas/24-008749-003/2024(H5N1)	1781	9471
PA|PP755594.1|A/cattle/Texas/24-008749-003/2024(H5N1)	1782	9373
PA|PP755594.1|A/cattle/Texas/24-008749-003/2024(H5N1)	1783	9351
PA|PP755594.1|A/cattle/Texas/24-008749-003/2024(H5N1)	1784	9347
PA|PP755594.1|A/cattle/Texas/24-008749-003/2024(H5N1)	1785	9478
PA|PP755594.1|A/cattle/Texas/24-008749-003/2024(H5N1)	1786	9538
PA|PP755594.1|A/cattle/Texas/24-008749-003/2024(H5N1)	1787	9517
PA|PP755594.1|A/cattle/Texas/24-008749-003/2024(H5N1)	1788	9457
PA|PP755594.1|A/cattle/Texas/24-008749-003/2024(H5N1)	1789	9451
PA|PP755594.1|A/cattle/Texas/24-008749-003/2024(H5N1)	1790	9303
PA|PP755594.1|A/cattle/Texas/24-008749-003/2024(H5N1)	1791	9327
PA|PP755594.1|A/cattle/Texas/24-008749-003/2024(H5N1)	1792	9557
PA|PP755594.1|A/cattle/Texas/24-008749-003/2024(H5N1)	1793	9591
PA|PP755594.1|A/cattle/Texas/24-008749-003/2024(H5N1)	1794	9476
PA|PP755594.1|A/cattle/Texas/24-008749-003/2024(H5N1)	1795	9453
PA|PP755594.1|A/cattle/Texas/24-008749-003/2024(H5N1)	1796	9038
PA|PP755594.1|A/cattle/Texas/24-008749-003/2024(H5N1)	1797	9046
PA|PP755594.1|A/cattle/Texas/24-008749-003/2024(H5N1)	1798	8861
PA|PP755594.1|A/cattle/Texas/24-008749-003/2024(H5N1)	1799	8859
PA|PP755594.1|A/cattle/Texas/24-008749-003/2024(H5N1)	1800	8810
PA|PP755594.1|A/cattle/Texas/24-008749-003/2024(H5N1)	1801	9467
PA|PP755594.1|A/cattle/Texas/24-008749-003/2024(H5N1)	1802	9388
PA|PP755594.1|A/cattle/Texas/24-008749-003/2024(H5N1)	1803	9414
PA|PP755594.1|A/cattle/Texas/24-008749-003/2024(H5N1)	1804	9536
PA|PP755594.1|A/cattle/Texas/24-008749-003/2024(H5N1)	1805	9769
PA|PP755594.1|A/cattle/Texas/24-008749-003/2024(H5N1)	1806	9790
PA|PP755594.1|A/cattle/Texas/24-008749-003/2024(H5N1)	1807	9811
PA|PP755594.1|A/cattle/Texas/24-008749-003/2024(H5N1)	1808	9401
PA|PP755594.1|A/cattle/Texas/24-008749-003/2024(H5N1)	1809	9386
PA|PP755594.1|A/cattle/Texas/24-008749-003/2024(H5N1)	1810	9670
PA|PP755594.1|A/cattle/Texas/24-008749-003/2024(H5N1)	1811	9712
PA|PP755594.1|A/cattle/Texas/24-008749-003/2024(H5N1)	1812	9719
PA|PP755594.1|A/cattle/Texas/24-008749-003/2024(H5N1)	1813	9623
PA|PP755594.1|A/cattle/Texas/24-008749-003/2024(H5N1)	1814	9586
PA|PP755594.1|A/cattle/Texas/24-008749-003/2024(H5N1)	1815	9634
PA|PP755594.1|A/cattle/Texas/24-008749-003/2024(H5N1)	1816	9861
PA|PP755594.1|A/cattle/Texas/24-008749-003/2024(H5N1)	1817	9845
PA|PP755594.1|A/cattle/Texas/24-008749-003/2024(H5N1)	1818	9856
PA|PP755594.1|A/cattle/Texas/24-008749-003/2024(H5N1)	1819	9625
PA|PP755594.1|A/cattle/Texas/24-008749-003/2024(H5N1)	1820	9406
PA|PP755594.1|A/cattle/Texas/24-008749-003/2024(H5N1)	1821	9510
PA|PP755594.1|A/cattle/Texas/24-008749-003/2024(H5N1)	1822	9490
PA|PP755594.1|A/cattle/Texas/24-008749-003/2024(H5N1)	1823	9498
PA|PP755594.1|A/cattle/Texas/24-008749-003/2024(H5N1)	1824	9381
PA|PP755594.1|A/cattle/Texas/24-008749-003/2024(H5N1)	1825	9362
PA|PP755594.1|A/cattle/Texas/24-008749-003/2024(H5N1)	1826	9361
PA|PP755594.1|A/cattle/Texas/24-008749-003/2024(H5N1)	1827	9276
PA|PP755594.1|A/cattle/Texas/24-008749-003/2024(H5N1)	1828	9285
PA|PP755594.1|A/cattle/Texas/24-008749-003/2024(H5N1)	1829	9679
PA|PP755594.1|A/cattle/Texas/24-008749-003/2024(H5N1)	1830	9515
PA|PP755594.1|A/cattle/Texas/24-008749-003/2024(H5N1)	1831	9541
PA|PP755594.1|A/cattle/Texas/24-008749-003/2024(H5N1)	1832	9390
PA|PP755594.1|A/cattle/Texas/24-008749-003/2024(H5N1)	1833	9306
PA|PP755594.1|A/cattle/Texas/24-008749-003/2024(H5N1)	1834	9237
PA|PP755594.1|A/cattle/Texas/24-008749-003/2024(H5N1)	1835	9239
PA|PP755594.1|A/cattle/Texas/24-008749-003/2024(H5N1)	1836	9180
PA|PP755594.1|A/cattle/Texas/24-008749-003/2024(H5N1)	1837	9151
PA|PP755594.1|A/cattle/Texas/24-008749-003/2024(H5N1)	1838	9106
PA|PP755594.1|A/cattle/Texas/24-008749-003/2024(H5N1)	1839	9126
PA|PP755594.1|A/cattle/Texas/24-008749-003/2024(H5N1)	1840	9013
PA|PP755594.1|A/cattle/Texas/24-008749-003/2024(H5N1)	1841	9015
PA|PP755594.1|A/cattle/Texas/24-008749-003/2024(H5N1)	1842	8968
PA|PP755594.1|A/cattle/Texas/24-008749-003/2024(H5N1)	1843	9023
PA|PP755594.1|A/cattle/Texas/24-008749-003/2024(H5N1)	1844	8998
PA|PP755594.1|A/cattle/Texas/24-008749-003/2024(H5N1)	1845	9044
PA|PP755594.1|A/cattle/Texas/24-008749-003/2024(H5N1)	1846	9068
PA|PP755594.1|A/cattle/Texas/24-008749-003/2024(H5N1)	1847	9069
PA|PP755594.1|A/cattle/Texas/24-008749-003/2024(H5N1)	1848	9054
PA|PP755594.1|A/cattle/Texas/24-008749-003/2024(H5N1)	1849	9029
PA|PP755594.1|A/cattle/Texas/24-008749-003/2024(H5N1)	1850	9036
PA|PP755594.1|A/cattle/Texas/24-008749-003/2024(H5N1)	1851	8981
PA|PP755594.1|A/cattle/Texas/24-008749-003/2024(H5N1)	1852	8929
PA|PP755594.1|A/cattle/Texas/24-008749-003/2024(H5N1)	1853	8894
PA|PP755594.1|A/cattle/Texas/24-008749-003/2024(H5N1)	1854	8843
PA|PP755594.1|A/cattle/Texas/24-008749-003/2024(H5N1)	1855	8828
PA|PP755594.1|A/cattle/Texas/24-008749-003/2024(H5N1)	1856	8854
PA|PP755594.1|A/cattle/Texas/24-008749-003/2024(H5N1)	1857	8887
PA|PP755594.1|A/cattle/Texas/24-008749-003/2024(H5N1)	1858	9016
PA|PP755594.1|A/cattle/Texas/24-008749-003/2024(H5N1)	1859	9047
PA|PP755594.1|A/cattle/Texas/24-008749-003/2024(H5N1)	1860	9020
PA|PP755594.1|A/cattle/Texas/24-008749-003/2024(H5N1)	1861	9085
PA|PP755594.1|A/cattle/Texas/24-008749-003/2024(H5N1)	1862	9064
PA|PP755594.1|A/cattle/Texas/24-008749-003/2024(H5N1)	1863	9146
PA|PP755594.1|A/cattle/Texas/24-008749-003/2024(H5N1)	1864	9143
PA|PP755594.1|A/cattle/Texas/24-008749-003/2024(H5N1)	1865	9236
PA|PP755594.1|A/cattle/Texas/24-008749-003/2024(H5N1)	1866	9192
PA|PP755594.1|A/cattle/Texas/24-008749-003/2024(H5N1)	1867	9227
PA|PP755594.1|A/cattle/Texas/24-008749-003/2024(H5N1)	1868	9206
PA|PP755594.1|A/cattle/Texas/24-008749-003/2024(H5N1)	1869	9215
PA|PP755594.1|A/cattle/Texas/24-008749-003/2024(H5N1)	1870	9181
PA|PP755594.1|A/cattle/Texas/24-008749-003/2024(H5N1)	1871	9133
PA|PP755594.1|A/cattle/Texas/24-008749-003/2024(H5N1)	1872	9682
PA|PP755594.1|A/cattle/Texas/24-008749-003/2024(H5N1)	1873	9752
PA|PP755594.1|A/cattle/Texas/24-008749-003/2024(H5N1)	1874	9747
PA|PP755594.1|A/cattle/Texas/24-008749-003/2024(H5N1)	1875	9694
PA|PP755594.1|A/cattle/Texas/24-008749-003/2024(H5N1)	1876	9685
PA|PP755594.1|A/cattle/Texas/24-008749-003/2024(H5N1)	1877	9688
PA|PP755594.1|A/cattle/Texas/24-008749-003/2024(H5N1)	1878	9682
PA|PP755594.1|A/cattle/Texas/24-008749-003/2024(H5N1)	1879	9788
PA|PP755594.1|A/cattle/Texas/24-008749-003/2024(H5N1)	1880	9898
PA|PP755594.1|A/cattle/Texas/24-008749-003/2024(H5N1)	1881	9694
PA|PP755594.1|A/cattle/Texas/24-008749-003/2024(H5N1)	1882	9618
PA|PP755594.1|A/cattle/Texas/24-008749-003/2024(H5N1)	1883	9887
PA|PP755594.1|A/cattle/Texas/24-008749-003/2024(H5N1)	1884	9825
PA|PP755594.1|A/cattle/Texas/24-008749-003/2024(H5N1)	1885	9975
PA|PP755594.1|A/cattle/Texas/24-008749-003/2024(H5N1)	1886	9910
PA|PP755594.1|A/cattle/Texas/24-008749-003/2024(H5N1)	1887	9924
PA|PP755594.1|A/cattle/Texas/24-008749-003/2024(H5N1)	1888	9818
PA|PP755594.1|A/cattle/Texas/24-008749-003/2024(H5N1)	1889	9478
PA|PP755594.1|A/cattle/Texas/24-008749-003/2024(H5N1)	1890	9424
PA|PP755594.1|A/cattle/Texas/24-008749-003/2024(H5N1)	1891	9337
PA|PP755594.1|A/cattle/Texas/24-008749-003/2024(H5N1)	1892	9511
PA|PP755594.1|A/cattle/Texas/24-008749-003/2024(H5N1)	1893	9496
PA|PP755594.1|A/cattle/Texas/24-008749-003/2024(H5N1)	1894	9315
PA|PP755594.1|A/cattle/Texas/24-008749-003/2024(H5N1)	1895	9274
PA|PP755594.1|A/cattle/Texas/24-008749-003/2024(H5N1)	1896	9275
PA|PP755594.1|A/cattle/Texas/24-008749-003/2024(H5N1)	1897	9352
PA|PP755594.1|A/cattle/Texas/24-008749-003/2024(H5N1)	1898	9385
PA|PP755594.1|A/cattle/Texas/24-008749-003/2024(H5N1)	1899	9352
PA|PP755594.1|A/cattle/Texas/24-008749-003/2024(H5N1)	1900	9358
PA|PP755594.1|A/cattle/Texas/24-008749-003/2024(H5N1)	1901	9266
PA|PP755594.1|A/cattle/Texas/24-008749-003/2024(H5N1)	1902	8967
PA|PP755594.1|A/cattle/Texas/24-008749-003/2024(H5N1)	1903	9073
PA|PP755594.1|A/cattle/Texas/24-008749-003/2024(H5N1)	1904	8949
PA|PP755594.1|A/cattle/Texas/24-008749-003/2024(H5N1)	1905	8955
PA|PP755594.1|A/cattle/Texas/24-008749-003/2024(H5N1)	1906	9023
PA|PP755594.1|A/cattle/Texas/24-008749-003/2024(H5N1)	1907	8686
PA|PP755594.1|A/cattle/Texas/24-008749-003/2024(H5N1)	1908	8866
PA|PP755594.1|A/cattle/Texas/24-008749-003/2024(H5N1)	1909	8843
PA|PP755594.1|A/cattle/Texas/24-008749-003/2024(H5N1)	1910	8849
PA|PP755594.1|A/cattle/Texas/24-008749-003/2024(H5N1)	1911	8846
PA|PP755594.1|A/cattle/Texas/24-008749-003/2024(H5N1)	1912	8812
PA|PP755594.1|A/cattle/Texas/24-008749-003/2024(H5N1)	1913	8881
PA|PP755594.1|A/cattle/Texas/24-008749-003/2024(H5N1)	1914	9055
PA|PP755594.1|A/cattle/Texas/24-008749-003/2024(H5N1)	1915	8942
PA|PP755594.1|A/cattle/Texas/24-008749-003/2024(H5N1)	1916	9238
PA|PP755594.1|A/cattle/Texas/24-008749-003/2024(H5N1)	1917	8988
PA|PP755594.1|A/cattle/Texas/24-008749-003/2024(H5N1)	1918	8990
PA|PP755594.1|A/cattle/Texas/24-008749-003/2024(H5N1)	1919	8952
PA|PP755594.1|A/cattle/Texas/24-008749-003/2024(H5N1)	1920	8952
PA|PP755594.1|A/cattle/Texas/24-008749-003/2024(H5N1)	1921	8965
PA|PP755594.1|A/cattle/Texas/24-008749-003/2024(H5N1)	1922	8885
PA|PP755594.1|A/cattle/Texas/24-008749-003/2024(H5N1)	1923	8946
PA|PP755594.1|A/cattle/Texas/24-008749-003/2024(H5N1)	1924	8930
PA|PP755594.1|A/cattle/Texas/24-008749-003/2024(H5N1)	1925	9087
PA|PP755594.1|A/cattle/Texas/24-008749-003/2024(H5N1)	1926	9537
PA|PP755594.1|A/cattle/Texas/24-008749-003/2024(H5N1)	1927	9527
PA|PP755594.1|A/cattle/Texas/24-008749-003/2024(H5N1)	1928	9551
PA|PP755594.1|A/cattle/Texas/24-008749-003/2024(H5N1)	1929	9596
PA|PP755594.1|A/cattle/Texas/24-008749-003/2024(H5N1)	1930	9521
PA|PP755594.1|A/cattle/Texas/24-008749-003/2024(H5N1)	1931	9368
PA|PP755594.1|A/cattle/Texas/24-008749-003/2024(H5N1)	1932	9308
PA|PP755594.1|A/cattle/Texas/24-008749-003/2024(H5N1)	1933	9449
PA|PP755594.1|A/cattle/Texas/24-008749-003/2024(H5N1)	1934	9606
PA|PP755594.1|A/cattle/Texas/24-008749-003/2024(H5N1)	1935	9687
PA|PP755594.1|A/cattle/Texas/24-008749-003/2024(H5N1)	1936	9572
PA|PP755594.1|A/cattle/Texas/24-008749-003/2024(H5N1)	1937	9514
PA|PP755594.1|A/cattle/Texas/24-008749-003/2024(H5N1)	1938	9506
PA|PP755594.1|A/cattle/Texas/24-008749-003/2024(H5N1)	1939	9493
PA|PP755594.1|A/cattle/Texas/24-008749-003/2024(H5N1)	1940	9491
PA|PP755594.1|A/cattle/Texas/24-008749-003/2024(H5N1)	1941	9446
PA|PP755594.1|A/cattle/Texas/24-008749-003/2024(H5N1)	1942	9186
PA|PP755594.1|A/cattle/Texas/24-008749-003/2024(H5N1)	1943	9634
PA|PP755594.1|A/cattle/Texas/24-008749-003/2024(H5N1)	1944	9702
PA|PP755594.1|A/cattle/Texas/24-008749-003/2024(H5N1)	1945	9718
PA|PP755594.1|A/cattle/Texas/24-008749-003/2024(H5N1)	1946	9733
PA|PP755594.1|A/cattle/Texas/24-008749-003/2024(H5N1)	1947	9918
PA|PP755594.1|A/cattle/Texas/24-008749-003/2024(H5N1)	1948	9992
PA|PP755594.1|A/cattle/Texas/24-008749-003/2024(H5N1)	1949	10095
PA|PP755594.1|A/cattle/Texas/24-008749-003/2024(H5N1)	1950	10103
PA|PP755594.1|A/cattle/Texas/24-008749-003/2024(H5N1)	1951	10096
PA|PP755594.1|A/cattle/Texas/24-008749-003/2024(H5N1)	1952	9380
PA|PP755594.1|A/cattle/Texas/24-008749-003/2024(H5N1)	1953	9245
PA|PP755594.1|A/cattle/Texas/24-008749-003/2024(H5N1)	1954	9271
PA|PP755594.1|A/cattle/Texas/24-008749-003/2024(H5N1)	1955	9166
PA|PP755594.1|A/cattle/Texas/24-008749-003/2024(H5N1)	1956	8971
PA|PP755594.1|A/cattle/Texas/24-008749-003/2024(H5N1)	1957	9086
PA|PP755594.1|A/cattle/Texas/24-008749-003/2024(H5N1)	1958	9034
PA|PP755594.1|A/cattle/Texas/24-008749-003/2024(H5N1)	1959	9015
PA|PP755594.1|A/cattle/Texas/24-008749-003/2024(H5N1)	1960	8802
PA|PP755594.1|A/cattle/Texas/24-008749-003/2024(H5N1)	1961	8918
PA|PP755594.1|A/cattle/Texas/24-008749-003/2024(H5N1)	1962	8944
PA|PP755594.1|A/cattle/Texas/24-008749-003/2024(H5N1)	1963	8956
PA|PP755594.1|A/cattle/Texas/24-008749-003/2024(H5N1)	1964	8939
PA|PP755594.1|A/cattle/Texas/24-008749-003/2024(H5N1)	1965	8769
PA|PP755594.1|A/cattle/Texas/24-008749-003/2024(H5N1)	1966	8607
PA|PP755594.1|A/cattle/Texas/24-008749-003/2024(H5N1)	1967	8621
PA|PP755594.1|A/cattle/Texas/24-008749-003/2024(H5N1)	1968	8634
PA|PP755594.1|A/cattle/Texas/24-008749-003/2024(H5N1)	1969	8642
PA|PP755594.1|A/cattle/Texas/24-008749-003/2024(H5N1)	1970	8650
PA|PP755594.1|A/cattle/Texas/24-008749-003/2024(H5N1)	1971	8777
PA|PP755594.1|A/cattle/Texas/24-008749-003/2024(H5N1)	1972	8646
PA|PP755594.1|A/cattle/Texas/24-008749-003/2024(H5N1)	1973	8661
PA|PP755594.1|A/cattle/Texas/24-008749-003/2024(H5N1)	1974	8674
PA|PP755594.1|A/cattle/Texas/24-008749-003/2024(H5N1)	1975	8664
PA|PP755594.1|A/cattle/Texas/24-008749-003/2024(H5N1)	1976	8694
PA|PP755594.1|A/cattle/Texas/24-008749-003/2024(H5N1)	1977	8676
PA|PP755594.1|A/cattle/Texas/24-008749-003/2024(H5N1)	1978	8676
PA|PP755594.1|A/cattle/Texas/24-008749-003/2024(H5N1)	1979	8861
PA|PP755594.1|A/cattle/Texas/24-008749-003/2024(H5N1)	1980	8317
PA|PP755594.1|A/cattle/Texas/24-008749-003/2024(H5N1)	1981	8322
PA|PP755594.1|A/cattle/Texas/24-008749-003/2024(H5N1)	1982	8348
PA|PP755594.1|A/cattle/Texas/24-008749-003/2024(H5N1)	1983	8357
PA|PP755594.1|A/cattle/Texas/24-008749-003/2024(H5N1)	1984	8356
PA|PP755594.1|A/cattle/Texas/24-008749-003/2024(H5N1)	1985	8345
PA|PP755594.1|A/cattle/Texas/24-008749-003/2024(H5N1)	1986	8358
PA|PP755594.1|A/cattle/Texas/24-008749-003/2024(H5N1)	1987	8351
PA|PP755594.1|A/cattle/Texas/24-008749-003/2024(H5N1)	1988	8349
PA|PP755594.1|A/cattle/Texas/24-008749-003/2024(H5N1)	1989	8506
PA|PP755594.1|A/cattle/Texas/24-008749-003/2024(H5N1)	1990	8487
PA|PP755594.1|A/cattle/Texas/24-008749-003/2024(H5N1)	1991	8510
PA|PP755594.1|A/cattle/Texas/24-008749-003/2024(H5N1)	1992	8515
PA|PP755594.1|A/cattle/Texas/24-008749-003/2024(H5N1)	1993	8697
PA|PP755594.1|A/cattle/Texas/24-008749-003/2024(H5N1)	1994	8610
PA|PP755594.1|A/cattle/Texas/24-008749-003/2024(H5N1)	1995	8579
PA|PP755594.1|A/cattle/Texas/24-008749-003/2024(H5N1)	1996	8531
PA|PP755594.1|A/cattle/Texas/24-008749-003/2024(H5N1)	1997	8522
PA|PP755594.1|A/cattle/Texas/24-008749-003/2024(H5N1)	1998	8545
PA|PP755594.1|A/cattle/Texas/24-008749-003/2024(H5N1)	1999	8636
PA|PP755594.1|A/cattle/Texas/24-008749-003/2024(H5N1)	2000	8666
PA|PP755594.1|A/cattle/Texas/24-008749-003/2024(H5N1)	2001	8812
PA|PP755594.1|A/cattle/Texas/24-008749-003/2024(H5N1)	2002	8871
PA|PP755594.1|A/cattle/Texas/24-008749-003/2024(H5N1)	2003	8950
PA|PP755594.1|A/cattle/Texas/24-008749-003/2024(H5N1)	2004	8981
PA|PP755594.1|A/cattle/Texas/24-008749-003/2024(H5N1)	2005	9026
PA|PP755594.1|A/cattle/Texas/24-008749-003/2024(H5N1)	2006	9019
PA|PP755594.1|A/cattle/Texas/24-008749-003/2024(H5N1)	2007	9008
PA|PP755594.1|A/cattle/Texas/24-008749-003/2024(H5N1)	2008	8977
PA|PP755594.1|A/cattle/Texas/24-008749-003/2024(H5N1)	2009	8815
PA|PP755594.1|A/cattle/Texas/24-008749-003/2024(H5N1)	2010	8770
PA|PP755594.1|A/cattle/Texas/24-008749-003/2024(H5N1)	2011	8885
PA|PP755594.1|A/cattle/Texas/24-008749-003/2024(H5N1)	2012	8810
PA|PP755594.1|A/cattle/Texas/24-008749-003/2024(H5N1)	2013	8831
PA|PP755594.1|A/cattle/Texas/24-008749-003/2024(H5N1)	2014	8859
PA|PP755594.1|A/cattle/Texas/24-008749-003/2024(H5N1)	2015	8755
PA|PP755594.1|A/cattle/Texas/24-008749-003/2024(H5N1)	2016	8769
PA|PP755594.1|A/cattle/Texas/24-008749-003/2024(H5N1)	2017	8771
PA|PP755594.1|A/cattle/Texas/24-008749-003/2024(H5N1)	2018	8737
PA|PP755594.1|A/cattle/Texas/24-008749-003/2024(H5N1)	2019	8848
PA|PP755594.1|A/cattle/Texas/24-008749-003/2024(H5N1)	2020	8871
PA|PP755594.1|A/cattle/Texas/24-008749-003/2024(H5N1)	2021	8852
PA|PP755594.1|A/cattle/Texas/24-008749-003/2024(H5N1)	2022	8671
PA|PP755594.1|A/cattle/Texas/24-008749-003/2024(H5N1)	2023	8418
PA|PP755594.1|A/cattle/Texas/24-008749-003/2024(H5N1)	2024	8423
PA|PP755594.1|A/cattle/Texas/24-008749-003/2024(H5N1)	2025	8423
PA|PP755594.1|A/cattle/Texas/24-008749-003/2024(H5N1)	2026	8426
PA|PP755594.1|A/cattle/Texas/24-008749-003/2024(H5N1)	2027	8386
PA|PP755594.1|A/cattle/Texas/24-008749-003/2024(H5N1)	2028	8376
PA|PP755594.1|A/cattle/Texas/24-008749-003/2024(H5N1)	2029	8494
PA|PP755594.1|A/cattle/Texas/24-008749-003/2024(H5N1)	2030	8441
PA|PP755594.1|A/cattle/Texas/24-008749-003/2024(H5N1)	2031	8361
PA|PP755594.1|A/cattle/Texas/24-008749-003/2024(H5N1)	2032	8750
PA|PP755594.1|A/cattle/Texas/24-008749-003/2024(H5N1)	2033	8408
PA|PP755594.1|A/cattle/Texas/24-008749-003/2024(H5N1)	2034	8603
PA|PP755594.1|A/cattle/Texas/24-008749-003/2024(H5N1)	2035	8612
PA|PP755594.1|A/cattle/Texas/24-008749-003/2024(H5N1)	2036	8640
PA|PP755594.1|A/cattle/Texas/24-008749-003/2024(H5N1)	2037	8707
PA|PP755594.1|A/cattle/Texas/24-008749-003/2024(H5N1)	2038	8691
PA|PP755594.1|A/cattle/Texas/24-008749-003/2024(H5N1)	2039	8704
PA|PP755594.1|A/cattle/Texas/24-008749-003/2024(H5N1)	2040	8560
PA|PP755594.1|A/cattle/Texas/24-008749-003/2024(H5N1)	2041	8504
PA|PP755594.1|A/cattle/Texas/24-008749-003/2024(H5N1)	2042	8946
PA|PP755594.1|A/cattle/Texas/24-008749-003/2024(H5N1)	2043	8834
PA|PP755594.1|A/cattle/Texas/24-008749-003/2024(H5N1)	2044	8820
PA|PP755594.1|A/cattle/Texas/24-008749-003/2024(H5N1)	2045	8867
PA|PP755594.1|A/cattle/Texas/24-008749-003/2024(H5N1)	2046	8790
PA|PP755594.1|A/cattle/Texas/24-008749-003/2024(H5N1)	2047	8795
PA|PP755594.1|A/cattle/Texas/24-008749-003/2024(H5N1)	2048	8773
PA|PP755594.1|A/cattle/Texas/24-008749-003/2024(H5N1)	2049	8788
PA|PP755594.1|A/cattle/Texas/24-008749-003/2024(H5N1)	2050	8810
PA|PP755594.1|A/cattle/Texas/24-008749-003/2024(H5N1)	2051	8807
PA|PP755594.1|A/cattle/Texas/24-008749-003/2024(H5N1)	2052	8823
PA|PP755594.1|A/cattle/Texas/24-008749-003/2024(H5N1)	2053	8891
PA|PP755594.1|A/cattle/Texas/24-008749-003/2024(H5N1)	2054	8777
PA|PP755594.1|A/cattle/Texas/24-008749-003/2024(H5N1)	2055	8853
PA|PP755594.1|A/cattle/Texas/24-008749-003/2024(H5N1)	2056	8728
PA|PP755594.1|A/cattle/Texas/24-008749-003/2024(H5N1)	2057	8713
PA|PP755594.1|A/cattle/Texas/24-008749-003/2024(H5N1)	2058	9711
PA|PP755594.1|A/cattle/Texas/24-008749-003/2024(H5N1)	2059	9651
PA|PP755594.1|A/cattle/Texas/24-008749-003/2024(H5N1)	2060	9757
PA|PP755594.1|A/cattle/Texas/24-008749-003/2024(H5N1)	2061	9746
PA|PP755594.1|A/cattle/Texas/24-008749-003/2024(H5N1)	2062	9551
PA|PP755594.1|A/cattle/Texas/24-008749-003/2024(H5N1)	2063	9672
PA|PP755594.1|A/cattle/Texas/24-008749-003/2024(H5N1)	2064	9556
PA|PP755594.1|A/cattle/Texas/24-008749-003/2024(H5N1)	2065	9556
PA|PP755594.1|A/cattle/Texas/24-008749-003/2024(H5N1)	2066	9584
PA|PP755594.1|A/cattle/Texas/24-008749-003/2024(H5N1)	2067	9238
PA|PP755594.1|A/cattle/Texas/24-008749-003/2024(H5N1)	2068	9330
PA|PP755594.1|A/cattle/Texas/24-008749-003/2024(H5N1)	2069	9322
PA|PP755594.1|A/cattle/Texas/24-008749-003/2024(H5N1)	2070	9319
PA|PP755594.1|A/cattle/Texas/24-008749-003/2024(H5N1)	2071	9312
PA|PP755594.1|A/cattle/Texas/24-008749-003/2024(H5N1)	2072	9262
PA|PP755594.1|A/cattle/Texas/24-008749-003/2024(H5N1)	2073	9265
PA|PP755594.1|A/cattle/Texas/24-008749-003/2024(H5N1)	2074	9214
PA|PP755594.1|A/cattle/Texas/24-008749-003/2024(H5N1)	2075	8986
PA|PP755594.1|A/cattle/Texas/24-008749-003/2024(H5N1)	2076	9011
PA|PP755594.1|A/cattle/Texas/24-008749-003/2024(H5N1)	2077	8472
PA|PP755594.1|A/cattle/Texas/24-008749-003/2024(H5N1)	2078	8467
PA|PP755594.1|A/cattle/Texas/24-008749-003/2024(H5N1)	2079	8399
PA|PP755594.1|A/cattle/Texas/24-008749-003/2024(H5N1)	2080	8368
PA|PP755594.1|A/cattle/Texas/24-008749-003/2024(H5N1)	2081	8348
PA|PP755594.1|A/cattle/Texas/24-008749-003/2024(H5N1)	2082	8352
PA|PP755594.1|A/cattle/Texas/24-008749-003/2024(H5N1)	2083	8351
PA|PP755594.1|A/cattle/Texas/24-008749-003/2024(H5N1)	2084	8213
PA|PP755594.1|A/cattle/Texas/24-008749-003/2024(H5N1)	2085	8042
PA|PP755594.1|A/cattle/Texas/24-008749-003/2024(H5N1)	2086	7954
PA|PP755594.1|A/cattle/Texas/24-008749-003/2024(H5N1)	2087	7950
PA|PP755594.1|A/cattle/Texas/24-008749-003/2024(H5N1)	2088	7932
PA|PP755594.1|A/cattle/Texas/24-008749-003/2024(H5N1)	2089	7924
PA|PP755594.1|A/cattle/Texas/24-008749-003/2024(H5N1)	2090	7922
PA|PP755594.1|A/cattle/Texas/24-008749-003/2024(H5N1)	2091	7836
PA|PP755594.1|A/cattle/Texas/24-008749-003/2024(H5N1)	2092	7834
PA|PP755594.1|A/cattle/Texas/24-008749-003/2024(H5N1)	2093	7414
PA|PP755594.1|A/cattle/Texas/24-008749-003/2024(H5N1)	2094	7326
PA|PP755594.1|A/cattle/Texas/24-008749-003/2024(H5N1)	2095	7317
PA|PP755594.1|A/cattle/Texas/24-008749-003/2024(H5N1)	2096	7318
PA|PP755594.1|A/cattle/Texas/24-008749-003/2024(H5N1)	2097	7316
PA|PP755594.1|A/cattle/Texas/24-008749-003/2024(H5N1)	2098	7157
PA|PP755594.1|A/cattle/Texas/24-008749-003/2024(H5N1)	2099	7091
PA|PP755594.1|A/cattle/Texas/24-008749-003/2024(H5N1)	2100	6966
PA|PP755594.1|A/cattle/Texas/24-008749-003/2024(H5N1)	2101	6948
PA|PP755594.1|A/cattle/Texas/24-008749-003/2024(H5N1)	2102	6936
PA|PP755594.1|A/cattle/Texas/24-008749-003/2024(H5N1)	2103	6929
PA|PP755594.1|A/cattle/Texas/24-008749-003/2024(H5N1)	2104	6916
PA|PP755594.1|A/cattle/Texas/24-008749-003/2024(H5N1)	2105	6837
PA|PP755594.1|A/cattle/Texas/24-008749-003/2024(H5N1)	2106	6834
PA|PP755594.1|A/cattle/Texas/24-008749-003/2024(H5N1)	2107	6746
PA|PP755594.1|A/cattle/Texas/24-008749-003/2024(H5N1)	2108	6650
PA|PP755594.1|A/cattle/Texas/24-008749-003/2024(H5N1)	2109	6648
PA|PP755594.1|A/cattle/Texas/24-008749-003/2024(H5N1)	2110	6649
PA|PP755594.1|A/cattle/Texas/24-008749-003/2024(H5N1)	2111	6637
PA|PP755594.1|A/cattle/Texas/24-008749-003/2024(H5N1)	2112	6465
PA|PP755594.1|A/cattle/Texas/24-008749-003/2024(H5N1)	2113	6444
PA|PP755594.1|A/cattle/Texas/24-008749-003/2024(H5N1)	2114	6419
PA|PP755594.1|A/cattle/Texas/24-008749-003/2024(H5N1)	2115	6409
PA|PP755594.1|A/cattle/Texas/24-008749-003/2024(H5N1)	2116	6409
PA|PP755594.1|A/cattle/Texas/24-008749-003/2024(H5N1)	2117	6344
PA|PP755594.1|A/cattle/Texas/24-008749-003/2024(H5N1)	2118	6358
PA|PP755594.1|A/cattle/Texas/24-008749-003/2024(H5N1)	2119	6339
PA|PP755594.1|A/cattle/Texas/24-008749-003/2024(H5N1)	2120	6325
PA|PP755594.1|A/cattle/Texas/24-008749-003/2024(H5N1)	2121	6116
PA|PP755594.1|A/cattle/Texas/24-008749-003/2024(H5N1)	2122	6050
PA|PP755594.1|A/cattle/Texas/24-008749-003/2024(H5N1)	2123	6059
PA|PP755594.1|A/cattle/Texas/24-008749-003/2024(H5N1)	2124	6039
PA|PP755594.1|A/cattle/Texas/24-008749-003/2024(H5N1)	2125	5986
PA|PP755594.1|A/cattle/Texas/24-008749-003/2024(H5N1)	2126	5961
PA|PP755594.1|A/cattle/Texas/24-008749-003/2024(H5N1)	2127	5744
PA|PP755594.1|A/cattle/Texas/24-008749-003/2024(H5N1)	2128	5735
PA|PP755594.1|A/cattle/Texas/24-008749-003/2024(H5N1)	2129	5733
PA|PP755594.1|A/cattle/Texas/24-008749-003/2024(H5N1)	2130	5733
PA|PP755594.1|A/cattle/Texas/24-008749-003/2024(H5N1)	2131	5704
PA|PP755594.1|A/cattle/Texas/24-008749-003/2024(H5N1)	2132	5650
PA|PP755594.1|A/cattle/Texas/24-008749-003/2024(H5N1)	2133	5638
PA|PP755594.1|A/cattle/Texas/24-008749-003/2024(H5N1)	2134	5631
PA|PP755594.1|A/cattle/Texas/24-008749-003/2024(H5N1)	2135	5618
PA|PP755594.1|A/cattle/Texas/24-008749-003/2024(H5N1)	2136	5580
PA|PP755594.1|A/cattle/Texas/24-008749-003/2024(H5N1)	2137	5554
PA|PP755594.1|A/cattle/Texas/24-008749-003/2024(H5N1)	2138	5467
PA|PP755594.1|A/cattle/Texas/24-008749-003/2024(H5N1)	2139	5392
PA|PP755594.1|A/cattle/Texas/24-008749-003/2024(H5N1)	2140	5383
PA|PP755594.1|A/cattle/Texas/24-008749-003/2024(H5N1)	2141	5376
PA|PP755594.1|A/cattle/Texas/24-008749-003/2024(H5N1)	2142	5351
PA|PP755594.1|A/cattle/Texas/24-008749-003/2024(H5N1)	2143	5341
PA|PP755594.1|A/cattle/Texas/24-008749-003/2024(H5N1)	2144	5137
PA|PP755594.1|A/cattle/Texas/24-008749-003/2024(H5N1)	2145	5135
PA|PP755594.1|A/cattle/Texas/24-008749-003/2024(H5N1)	2146	5124
PA|PP755594.1|A/cattle/Texas/24-008749-003/2024(H5N1)	2147	5121
PA|PP755594.1|A/cattle/Texas/24-008749-003/2024(H5N1)	2148	5116
PA|PP755594.1|A/cattle/Texas/24-008749-003/2024(H5N1)	2149	5078
PA|PP755594.1|A/cattle/Texas/24-008749-003/2024(H5N1)	2150	4960
PA|PP755594.1|A/cattle/Texas/24-008749-003/2024(H5N1)	2151	4940
