PB1|PP755595.1|A/cattle/Texas/24-008749-003/2024(H5N1)	1	0
PB1|PP755595.1|A/cattle/Texas/24-008749-003/2024(H5N1)	2	0
PB1|PP755595.1|A/cattle/Texas/24-008749-003/2024(H5N1)	3	0
PB1|PP755595.1|A/cattle/Texas/24-008749-003/2024(H5N1)	4	0
PB1|PP755595.1|A/cattle/Texas/24-008749-003/2024(H5N1)	5	0
PB1|PP755595.1|A/cattle/Texas/24-008749-003/2024(H5N1)	6	0
PB1|PP755595.1|A/cattle/Texas/24-008749-003/2024(H5N1)	7	0
PB1|PP755595.1|A/cattle/Texas/24-008749-003/2024(H5N1)	8	0
PB1|PP755595.1|A/cattle/Texas/24-008749-003/2024(H5N1)	9	0
PB1|PP755595.1|A/cattle/Texas/24-008749-003/2024(H5N1)	10	0
PB1|PP755595.1|A/cattle/Texas/24-008749-003/2024(H5N1)	11	0
PB1|PP755595.1|A/cattle/Texas/24-008749-003/2024(H5N1)	12	0
PB1|PP755595.1|A/cattle/Texas/24-008749-003/2024(H5N1)	13	0
PB1|PP755595.1|A/cattle/Texas/24-008749-003/2024(H5N1)	14	0
PB1|PP755595.1|A/cattle/Texas/24-008749-003/2024(H5N1)	15	0
PB1|PP755595.1|A/cattle/Texas/24-008749-003/2024(H5N1)	16	0
PB1|PP755595.1|A/cattle/Texas/24-008749-003/2024(H5N1)	17	0
PB1|PP755595.1|A/cattle/Texas/24-008749-003/2024(H5N1)	18	0
PB1|PP755595.1|A/cattle/Texas/24-008749-003/2024(H5N1)	19	0
PB1|PP755595.1|A/cattle/Texas/24-008749-003/2024(H5N1)	20	0
PB1|PP755595.1|A/cattle/Texas/24-008749-003/2024(H5N1)	21	0
PB1|PP755595.1|A/cattle/Texas/24-008749-003/2024(H5N1)	22	0
PB1|PP755595.1|A/cattle/Texas/24-008749-003/2024(H5N1)	23	0
PB1|PP755595.1|A/cattle/Texas/24-008749-003/2024(H5N1)	24	36
PB1|PP755595.1|A/cattle/Texas/24-008749-003/2024(H5N1)	25	36
PB1|PP755595.1|A/cattle/Texas/24-008749-003/2024(H5N1)	26	48
PB1|PP755595.1|A/cattle/Texas/24-008749-003/2024(H5N1)	27	48
PB1|PP755595.1|A/cattle/Texas/24-008749-003/2024(H5N1)	28	48
PB1|PP755595.1|A/cattle/Texas/24-008749-003/2024(H5N1)	29	48
PB1|PP755595.1|A/cattle/Texas/24-008749-003/2024(H5N1)	30	48
PB1|PP755595.1|A/cattle/Texas/24-008749-003/2024(H5N1)	31	48
PB1|PP755595.1|A/cattle/Texas/24-008749-003/2024(H5N1)	32	48
PB1|PP755595.1|A/cattle/Texas/24-008749-003/2024(H5N1)	33	48
PB1|PP755595.1|A/cattle/Texas/24-008749-003/2024(H5N1)	34	54
PB1|PP755595.1|A/cattle/Texas/24-008749-003/2024(H5N1)	35	62
PB1|PP755595.1|A/cattle/Texas/24-008749-003/2024(H5N1)	36	62
PB1|PP755595.1|A/cattle/Texas/24-008749-003/2024(H5N1)	37	62
PB1|PP755595.1|A/cattle/Texas/24-008749-003/2024(H5N1)	38	62
PB1|PP755595.1|A/cattle/Texas/24-008749-003/2024(H5N1)	39	62
PB1|PP755595.1|A/cattle/Texas/24-008749-003/2024(H5N1)	40	68
PB1|PP755595.1|A/cattle/Texas/24-008749-003/2024(H5N1)	41	68
PB1|PP755595.1|A/cattle/Texas/24-008749-003/2024(H5N1)	42	68
PB1|PP755595.1|A/cattle/Texas/24-008749-003/2024(H5N1)	43	68
PB1|PP755595.1|A/cattle/Texas/24-008749-003/2024(H5N1)	44	68
PB1|PP755595.1|A/cattle/Texas/24-008749-003/2024(H5N1)	45	68
PB1|PP755595.1|A/cattle/Texas/24-008749-003/2024(H5N1)	46	68
PB1|PP755595.1|A/cattle/Texas/24-008749-003/2024(H5N1)	47	78
PB1|PP755595.1|A/cattle/Texas/24-008749-003/2024(H5N1)	48	78
PB1|PP755595.1|A/cattle/Texas/24-008749-003/2024(H5N1)	49	114
PB1|PP755595.1|A/cattle/Texas/24-008749-003/2024(H5N1)	50	114
PB1|PP755595.1|A/cattle/Texas/24-008749-003/2024(H5N1)	51	114
PB1|PP755595.1|A/cattle/Texas/24-008749-003/2024(H5N1)	52	120
PB1|PP755595.1|A/cattle/Texas/24-008749-003/2024(H5N1)	53	120
PB1|PP755595.1|A/cattle/Texas/24-008749-003/2024(H5N1)	54	146
PB1|PP755595.1|A/cattle/Texas/24-008749-003/2024(H5N1)	55	148
PB1|PP755595.1|A/cattle/Texas/24-008749-003/2024(H5N1)	56	158
PB1|PP755595.1|A/cattle/Texas/24-008749-003/2024(H5N1)	57	160
PB1|PP755595.1|A/cattle/Texas/24-008749-003/2024(H5N1)	58	160
PB1|PP755595.1|A/cattle/Texas/24-008749-003/2024(H5N1)	59	184
PB1|PP755595.1|A/cattle/Texas/24-008749-003/2024(H5N1)	60	184
PB1|PP755595.1|A/cattle/Texas/24-008749-003/2024(H5N1)	61	192
PB1|PP755595.1|A/cattle/Texas/24-008749-003/2024(H5N1)	62	192
PB1|PP755595.1|A/cattle/Texas/24-008749-003/2024(H5N1)	63	192
PB1|PP755595.1|A/cattle/Texas/24-008749-003/2024(H5N1)	64	202
PB1|PP755595.1|A/cattle/Texas/24-008749-003/2024(H5N1)	65	202
PB1|PP755595.1|A/cattle/Texas/24-008749-003/2024(H5N1)	66	240
PB1|PP755595.1|A/cattle/Texas/24-008749-003/2024(H5N1)	67	240
PB1|PP755595.1|A/cattle/Texas/24-008749-003/2024(H5N1)	68	240
PB1|PP755595.1|A/cattle/Texas/24-008749-003/2024(H5N1)	69	244
PB1|PP755595.1|A/cattle/Texas/24-008749-003/2024(H5N1)	70	244
PB1|PP755595.1|A/cattle/Texas/24-008749-003/2024(H5N1)	71	256
PB1|PP755595.1|A/cattle/Texas/24-008749-003/2024(H5N1)	72	256
PB1|PP755595.1|A/cattle/Texas/24-008749-003/2024(H5N1)	73	254
PB1|PP755595.1|A/cattle/Texas/24-008749-003/2024(H5N1)	74	258
PB1|PP755595.1|A/cattle/Texas/24-008749-003/2024(H5N1)	75	254
PB1|PP755595.1|A/cattle/Texas/24-008749-003/2024(H5N1)	76	256
PB1|PP755595.1|A/cattle/Texas/24-008749-003/2024(H5N1)	77	256
PB1|PP755595.1|A/cattle/Texas/24-008749-003/2024(H5N1)	78	258
PB1|PP755595.1|A/cattle/Texas/24-008749-003/2024(H5N1)	79	258
PB1|PP755595.1|A/cattle/Texas/24-008749-003/2024(H5N1)	80	258
PB1|PP755595.1|A/cattle/Texas/24-008749-003/2024(H5N1)	81	258
PB1|PP755595.1|A/cattle/Texas/24-008749-003/2024(H5N1)	82	286
PB1|PP755595.1|A/cattle/Texas/24-008749-003/2024(H5N1)	83	286
PB1|PP755595.1|A/cattle/Texas/24-008749-003/2024(H5N1)	84	290
PB1|PP755595.1|A/cattle/Texas/24-008749-003/2024(H5N1)	85	300
PB1|PP755595.1|A/cattle/Texas/24-008749-003/2024(H5N1)	86	300
PB1|PP755595.1|A/cattle/Texas/24-008749-003/2024(H5N1)	87	302
PB1|PP755595.1|A/cattle/Texas/24-008749-003/2024(H5N1)	88	302
PB1|PP755595.1|A/cattle/Texas/24-008749-003/2024(H5N1)	89	302
PB1|PP755595.1|A/cattle/Texas/24-008749-003/2024(H5N1)	90	302
PB1|PP755595.1|A/cattle/Texas/24-008749-003/2024(H5N1)	91	300
PB1|PP755595.1|A/cattle/Texas/24-008749-003/2024(H5N1)	92	316
PB1|PP755595.1|A/cattle/Texas/24-008749-003/2024(H5N1)	93	320
PB1|PP755595.1|A/cattle/Texas/24-008749-003/2024(H5N1)	94	318
PB1|PP755595.1|A/cattle/Texas/24-008749-003/2024(H5N1)	95	318
PB1|PP755595.1|A/cattle/Texas/24-008749-003/2024(H5N1)	96	318
PB1|PP755595.1|A/cattle/Texas/24-008749-003/2024(H5N1)	97	318
PB1|PP755595.1|A/cattle/Texas/24-008749-003/2024(H5N1)	98	324
PB1|PP755595.1|A/cattle/Texas/24-008749-003/2024(H5N1)	99	324
PB1|PP755595.1|A/cattle/Texas/24-008749-003/2024(H5N1)	100	324
PB1|PP755595.1|A/cattle/Texas/24-008749-003/2024(H5N1)	101	324
PB1|PP755595.1|A/cattle/Texas/24-008749-003/2024(H5N1)	102	324
PB1|PP755595.1|A/cattle/Texas/24-008749-003/2024(H5N1)	103	331
PB1|PP755595.1|A/cattle/Texas/24-008749-003/2024(H5N1)	104	331
PB1|PP755595.1|A/cattle/Texas/24-008749-003/2024(H5N1)	105	331
PB1|PP755595.1|A/cattle/Texas/24-008749-003/2024(H5N1)	106	331
PB1|PP755595.1|A/cattle/Texas/24-008749-003/2024(H5N1)	107	331
PB1|PP755595.1|A/cattle/Texas/24-008749-003/2024(H5N1)	108	335
PB1|PP755595.1|A/cattle/Texas/24-008749-003/2024(H5N1)	109	379
PB1|PP755595.1|A/cattle/Texas/24-008749-003/2024(H5N1)	110	379
PB1|PP755595.1|A/cattle/Texas/24-008749-003/2024(H5N1)	111	380
PB1|PP755595.1|A/cattle/Texas/24-008749-003/2024(H5N1)	112	380
PB1|PP755595.1|A/cattle/Texas/24-008749-003/2024(H5N1)	113	380
PB1|PP755595.1|A/cattle/Texas/24-008749-003/2024(H5N1)	114	380
PB1|PP755595.1|A/cattle/Texas/24-008749-003/2024(H5N1)	115	390
PB1|PP755595.1|A/cattle/Texas/24-008749-003/2024(H5N1)	116	390
PB1|PP755595.1|A/cattle/Texas/24-008749-003/2024(H5N1)	117	390
PB1|PP755595.1|A/cattle/Texas/24-008749-003/2024(H5N1)	118	384
PB1|PP755595.1|A/cattle/Texas/24-008749-003/2024(H5N1)	119	382
PB1|PP755595.1|A/cattle/Texas/24-008749-003/2024(H5N1)	120	382
PB1|PP755595.1|A/cattle/Texas/24-008749-003/2024(H5N1)	121	382
PB1|PP755595.1|A/cattle/Texas/24-008749-003/2024(H5N1)	122	382
PB1|PP755595.1|A/cattle/Texas/24-008749-003/2024(H5N1)	123	382
PB1|PP755595.1|A/cattle/Texas/24-008749-003/2024(H5N1)	124	382
PB1|PP755595.1|A/cattle/Texas/24-008749-003/2024(H5N1)	125	398
PB1|PP755595.1|A/cattle/Texas/24-008749-003/2024(H5N1)	126	398
PB1|PP755595.1|A/cattle/Texas/24-008749-003/2024(H5N1)	127	400
PB1|PP755595.1|A/cattle/Texas/24-008749-003/2024(H5N1)	128	400
PB1|PP755595.1|A/cattle/Texas/24-008749-003/2024(H5N1)	129	400
PB1|PP755595.1|A/cattle/Texas/24-008749-003/2024(H5N1)	130	400
PB1|PP755595.1|A/cattle/Texas/24-008749-003/2024(H5N1)	131	400
PB1|PP755595.1|A/cattle/Texas/24-008749-003/2024(H5N1)	132	400
PB1|PP755595.1|A/cattle/Texas/24-008749-003/2024(H5N1)	133	400
PB1|PP755595.1|A/cattle/Texas/24-008749-003/2024(H5N1)	134	402
PB1|PP755595.1|A/cattle/Texas/24-008749-003/2024(H5N1)	135	390
PB1|PP755595.1|A/cattle/Texas/24-008749-003/2024(H5N1)	136	390
PB1|PP755595.1|A/cattle/Texas/24-008749-003/2024(H5N1)	137	390
PB1|PP755595.1|A/cattle/Texas/24-008749-003/2024(H5N1)	138	388
PB1|PP755595.1|A/cattle/Texas/24-008749-003/2024(H5N1)	139	390
PB1|PP755595.1|A/cattle/Texas/24-008749-003/2024(H5N1)	140	390
PB1|PP755595.1|A/cattle/Texas/24-008749-003/2024(H5N1)	141	390
PB1|PP755595.1|A/cattle/Texas/24-008749-003/2024(H5N1)	142	390
PB1|PP755595.1|A/cattle/Texas/24-008749-003/2024(H5N1)	143	382
PB1|PP755595.1|A/cattle/Texas/24-008749-003/2024(H5N1)	144	382
PB1|PP755595.1|A/cattle/Texas/24-008749-003/2024(H5N1)	145	382
PB1|PP755595.1|A/cattle/Texas/24-008749-003/2024(H5N1)	146	380
PB1|PP755595.1|A/cattle/Texas/24-008749-003/2024(H5N1)	147	380
PB1|PP755595.1|A/cattle/Texas/24-008749-003/2024(H5N1)	148	374
PB1|PP755595.1|A/cattle/Texas/24-008749-003/2024(H5N1)	149	374
PB1|PP755595.1|A/cattle/Texas/24-008749-003/2024(H5N1)	150	372
PB1|PP755595.1|A/cattle/Texas/24-008749-003/2024(H5N1)	151	372
PB1|PP755595.1|A/cattle/Texas/24-008749-003/2024(H5N1)	152	370
PB1|PP755595.1|A/cattle/Texas/24-008749-003/2024(H5N1)	153	372
PB1|PP755595.1|A/cattle/Texas/24-008749-003/2024(H5N1)	154	372
PB1|PP755595.1|A/cattle/Texas/24-008749-003/2024(H5N1)	155	372
PB1|PP755595.1|A/cattle/Texas/24-008749-003/2024(H5N1)	156	372
PB1|PP755595.1|A/cattle/Texas/24-008749-003/2024(H5N1)	157	372
PB1|PP755595.1|A/cattle/Texas/24-008749-003/2024(H5N1)	158	372
PB1|PP755595.1|A/cattle/Texas/24-008749-003/2024(H5N1)	159	372
PB1|PP755595.1|A/cattle/Texas/24-008749-003/2024(H5N1)	160	366
PB1|PP755595.1|A/cattle/Texas/24-008749-003/2024(H5N1)	161	366
PB1|PP755595.1|A/cattle/Texas/24-008749-003/2024(H5N1)	162	366
PB1|PP755595.1|A/cattle/Texas/24-008749-003/2024(H5N1)	163	366
PB1|PP755595.1|A/cattle/Texas/24-008749-003/2024(H5N1)	164	366
PB1|PP755595.1|A/cattle/Texas/24-008749-003/2024(H5N1)	165	366
PB1|PP755595.1|A/cattle/Texas/24-008749-003/2024(H5N1)	166	366
PB1|PP755595.1|A/cattle/Texas/24-008749-003/2024(H5N1)	167	366
PB1|PP755595.1|A/cattle/Texas/24-008749-003/2024(H5N1)	168	362
PB1|PP755595.1|A/cattle/Texas/24-008749-003/2024(H5N1)	169	362
PB1|PP755595.1|A/cattle/Texas/24-008749-003/2024(H5N1)	170	362
PB1|PP755595.1|A/cattle/Texas/24-008749-003/2024(H5N1)	171	362
PB1|PP755595.1|A/cattle/Texas/24-008749-003/2024(H5N1)	172	362
PB1|PP755595.1|A/cattle/Texas/24-008749-003/2024(H5N1)	173	360
PB1|PP755595.1|A/cattle/Texas/24-008749-003/2024(H5N1)	174	362
PB1|PP755595.1|A/cattle/Texas/24-008749-003/2024(H5N1)	175	362
PB1|PP755595.1|A/cattle/Texas/24-008749-003/2024(H5N1)	176	362
PB1|PP755595.1|A/cattle/Texas/24-008749-003/2024(H5N1)	177	360
PB1|PP755595.1|A/cattle/Texas/24-008749-003/2024(H5N1)	178	360
PB1|PP755595.1|A/cattle/Texas/24-008749-003/2024(H5N1)	179	358
PB1|PP755595.1|A/cattle/Texas/24-008749-003/2024(H5N1)	180	362
PB1|PP755595.1|A/cattle/Texas/24-008749-003/2024(H5N1)	181	362
PB1|PP755595.1|A/cattle/Texas/24-008749-003/2024(H5N1)	182	362
PB1|PP755595.1|A/cattle/Texas/24-008749-003/2024(H5N1)	183	356
PB1|PP755595.1|A/cattle/Texas/24-008749-003/2024(H5N1)	184	356
PB1|PP755595.1|A/cattle/Texas/24-008749-003/2024(H5N1)	185	356
PB1|PP755595.1|A/cattle/Texas/24-008749-003/2024(H5N1)	186	356
PB1|PP755595.1|A/cattle/Texas/24-008749-003/2024(H5N1)	187	363
PB1|PP755595.1|A/cattle/Texas/24-008749-003/2024(H5N1)	188	366
PB1|PP755595.1|A/cattle/Texas/24-008749-003/2024(H5N1)	189	368
PB1|PP755595.1|A/cattle/Texas/24-008749-003/2024(H5N1)	190	700
PB1|PP755595.1|A/cattle/Texas/24-008749-003/2024(H5N1)	191	696
PB1|PP755595.1|A/cattle/Texas/24-008749-003/2024(H5N1)	192	697
PB1|PP755595.1|A/cattle/Texas/24-008749-003/2024(H5N1)	193	897
PB1|PP755595.1|A/cattle/Texas/24-008749-003/2024(H5N1)	194	928
PB1|PP755595.1|A/cattle/Texas/24-008749-003/2024(H5N1)	195	1594
PB1|PP755595.1|A/cattle/Texas/24-008749-003/2024(H5N1)	196	1599
PB1|PP755595.1|A/cattle/Texas/24-008749-003/2024(H5N1)	197	1603
PB1|PP755595.1|A/cattle/Texas/24-008749-003/2024(H5N1)	198	1825
PB1|PP755595.1|A/cattle/Texas/24-008749-003/2024(H5N1)	199	1756
PB1|PP755595.1|A/cattle/Texas/24-008749-003/2024(H5N1)	200	2500
PB1|PP755595.1|A/cattle/Texas/24-008749-003/2024(H5N1)	201	2505
PB1|PP755595.1|A/cattle/Texas/24-008749-003/2024(H5N1)	202	2544
PB1|PP755595.1|A/cattle/Texas/24-008749-003/2024(H5N1)	203	2555
PB1|PP755595.1|A/cattle/Texas/24-008749-003/2024(H5N1)	204	2570
PB1|PP755595.1|A/cattle/Texas/24-008749-003/2024(H5N1)	205	2617
PB1|PP755595.1|A/cattle/Texas/24-008749-003/2024(H5N1)	206	2730
PB1|PP755595.1|A/cattle/Texas/24-008749-003/2024(H5N1)	207	2841
PB1|PP755595.1|A/cattle/Texas/24-008749-003/2024(H5N1)	208	2868
PB1|PP755595.1|A/cattle/Texas/24-008749-003/2024(H5N1)	209	2919
PB1|PP755595.1|A/cattle/Texas/24-008749-003/2024(H5N1)	210	2919
PB1|PP755595.1|A/cattle/Texas/24-008749-003/2024(H5N1)	211	2946
PB1|PP755595.1|A/cattle/Texas/24-008749-003/2024(H5N1)	212	3108
PB1|PP755595.1|A/cattle/Texas/24-008749-003/2024(H5N1)	213	3641
PB1|PP755595.1|A/cattle/Texas/24-008749-003/2024(H5N1)	214	3806
PB1|PP755595.1|A/cattle/Texas/24-008749-003/2024(H5N1)	215	3802
PB1|PP755595.1|A/cattle/Texas/24-008749-003/2024(H5N1)	216	3814
PB1|PP755595.1|A/cattle/Texas/24-008749-003/2024(H5N1)	217	3834
PB1|PP755595.1|A/cattle/Texas/24-008749-003/2024(H5N1)	218	3869
PB1|PP755595.1|A/cattle/Texas/24-008749-003/2024(H5N1)	219	3949
PB1|PP755595.1|A/cattle/Texas/24-008749-003/2024(H5N1)	220	4157
PB1|PP755595.1|A/cattle/Texas/24-008749-003/2024(H5N1)	221	4157
PB1|PP755595.1|A/cattle/Texas/24-008749-003/2024(H5N1)	222	4112
PB1|PP755595.1|A/cattle/Texas/24-008749-003/2024(H5N1)	223	4179
PB1|PP755595.1|A/cattle/Texas/24-008749-003/2024(H5N1)	224	4221
PB1|PP755595.1|A/cattle/Texas/24-008749-003/2024(H5N1)	225	4211
PB1|PP755595.1|A/cattle/Texas/24-008749-003/2024(H5N1)	226	4229
PB1|PP755595.1|A/cattle/Texas/24-008749-003/2024(H5N1)	227	4318
PB1|PP755595.1|A/cattle/Texas/24-008749-003/2024(H5N1)	228	4564
PB1|PP755595.1|A/cattle/Texas/24-008749-003/2024(H5N1)	229	4516
PB1|PP755595.1|A/cattle/Texas/24-008749-003/2024(H5N1)	230	4514
PB1|PP755595.1|A/cattle/Texas/24-008749-003/2024(H5N1)	231	4523
PB1|PP755595.1|A/cattle/Texas/24-008749-003/2024(H5N1)	232	4645
PB1|PP755595.1|A/cattle/Texas/24-008749-003/2024(H5N1)	233	4674
PB1|PP755595.1|A/cattle/Texas/24-008749-003/2024(H5N1)	234	4788
PB1|PP755595.1|A/cattle/Texas/24-008749-003/2024(H5N1)	235	4784
PB1|PP755595.1|A/cattle/Texas/24-008749-003/2024(H5N1)	236	4720
PB1|PP755595.1|A/cattle/Texas/24-008749-003/2024(H5N1)	237	4763
PB1|PP755595.1|A/cattle/Texas/24-008749-003/2024(H5N1)	238	4788
PB1|PP755595.1|A/cattle/Texas/24-008749-003/2024(H5N1)	239	5190
PB1|PP755595.1|A/cattle/Texas/24-008749-003/2024(H5N1)	240	5198
PB1|PP755595.1|A/cattle/Texas/24-008749-003/2024(H5N1)	241	5257
PB1|PP755595.1|A/cattle/Texas/24-008749-003/2024(H5N1)	242	5587
PB1|PP755595.1|A/cattle/Texas/24-008749-003/2024(H5N1)	243	5589
PB1|PP755595.1|A/cattle/Texas/24-008749-003/2024(H5N1)	244	5571
PB1|PP755595.1|A/cattle/Texas/24-008749-003/2024(H5N1)	245	5591
PB1|PP755595.1|A/cattle/Texas/24-008749-003/2024(H5N1)	246	5648
PB1|PP755595.1|A/cattle/Texas/24-008749-003/2024(H5N1)	247	5712
PB1|PP755595.1|A/cattle/Texas/24-008749-003/2024(H5N1)	248	5757
PB1|PP755595.1|A/cattle/Texas/24-008749-003/2024(H5N1)	249	5745
PB1|PP755595.1|A/cattle/Texas/24-008749-003/2024(H5N1)	250	5950
PB1|PP755595.1|A/cattle/Texas/24-008749-003/2024(H5N1)	251	5856
PB1|PP755595.1|A/cattle/Texas/24-008749-003/2024(H5N1)	252	6004
PB1|PP755595.1|A/cattle/Texas/24-008749-003/2024(H5N1)	253	6006
PB1|PP755595.1|A/cattle/Texas/24-008749-003/2024(H5N1)	254	6020
PB1|PP755595.1|A/cattle/Texas/24-008749-003/2024(H5N1)	255	6016
PB1|PP755595.1|A/cattle/Texas/24-008749-003/2024(H5N1)	256	6108
PB1|PP755595.1|A/cattle/Texas/24-008749-003/2024(H5N1)	257	6080
PB1|PP755595.1|A/cattle/Texas/24-008749-003/2024(H5N1)	258	6094
PB1|PP755595.1|A/cattle/Texas/24-008749-003/2024(H5N1)	259	6067
PB1|PP755595.1|A/cattle/Texas/24-008749-003/2024(H5N1)	260	6113
PB1|PP755595.1|A/cattle/Texas/24-008749-003/2024(H5N1)	261	6103
PB1|PP755595.1|A/cattle/Texas/24-008749-003/2024(H5N1)	262	6109
PB1|PP755595.1|A/cattle/Texas/24-008749-003/2024(H5N1)	263	6167
PB1|PP755595.1|A/cattle/Texas/24-008749-003/2024(H5N1)	264	6278
PB1|PP755595.1|A/cattle/Texas/24-008749-003/2024(H5N1)	265	6288
PB1|PP755595.1|A/cattle/Texas/24-008749-003/2024(H5N1)	266	6282
PB1|PP755595.1|A/cattle/Texas/24-008749-003/2024(H5N1)	267	6280
PB1|PP755595.1|A/cattle/Texas/24-008749-003/2024(H5N1)	268	6283
PB1|PP755595.1|A/cattle/Texas/24-008749-003/2024(H5N1)	269	6320
PB1|PP755595.1|A/cattle/Texas/24-008749-003/2024(H5N1)	270	6371
PB1|PP755595.1|A/cattle/Texas/24-008749-003/2024(H5N1)	271	6394
PB1|PP755595.1|A/cattle/Texas/24-008749-003/2024(H5N1)	272	6392
PB1|PP755595.1|A/cattle/Texas/24-008749-003/2024(H5N1)	273	6382
PB1|PP755595.1|A/cattle/Texas/24-008749-003/2024(H5N1)	274	6386
PB1|PP755595.1|A/cattle/Texas/24-008749-003/2024(H5N1)	275	6392
PB1|PP755595.1|A/cattle/Texas/24-008749-003/2024(H5N1)	276	6466
PB1|PP755595.1|A/cattle/Texas/24-008749-003/2024(H5N1)	277	6467
PB1|PP755595.1|A/cattle/Texas/24-008749-003/2024(H5N1)	278	6465
PB1|PP755595.1|A/cattle/Texas/24-008749-003/2024(H5N1)	279	6450
PB1|PP755595.1|A/cattle/Texas/24-008749-003/2024(H5N1)	280	6450
PB1|PP755595.1|A/cattle/Texas/24-008749-003/2024(H5N1)	281	6585
PB1|PP755595.1|A/cattle/Texas/24-008749-003/2024(H5N1)	282	6612
PB1|PP755595.1|A/cattle/Texas/24-008749-003/2024(H5N1)	283	6612
PB1|PP755595.1|A/cattle/Texas/24-008749-003/2024(H5N1)	284	6610
PB1|PP755595.1|A/cattle/Texas/24-008749-003/2024(H5N1)	285	6603
PB1|PP755595.1|A/cattle/Texas/24-008749-003/2024(H5N1)	286	6691
PB1|PP755595.1|A/cattle/Texas/24-008749-003/2024(H5N1)	287	6694
PB1|PP755595.1|A/cattle/Texas/24-008749-003/2024(H5N1)	288	6692
PB1|PP755595.1|A/cattle/Texas/24-008749-003/2024(H5N1)	289	6705
PB1|PP755595.1|A/cattle/Texas/24-008749-003/2024(H5N1)	290	6661
PB1|PP755595.1|A/cattle/Texas/24-008749-003/2024(H5N1)	291	6731
PB1|PP755595.1|A/cattle/Texas/24-008749-003/2024(H5N1)	292	6731
PB1|PP755595.1|A/cattle/Texas/24-008749-003/2024(H5N1)	293	6727
PB1|PP755595.1|A/cattle/Texas/24-008749-003/2024(H5N1)	294	6747
PB1|PP755595.1|A/cattle/Texas/24-008749-003/2024(H5N1)	295	6689
PB1|PP755595.1|A/cattle/Texas/24-008749-003/2024(H5N1)	296	6743
PB1|PP755595.1|A/cattle/Texas/24-008749-003/2024(H5N1)	297	6749
PB1|PP755595.1|A/cattle/Texas/24-008749-003/2024(H5N1)	298	6769
PB1|PP755595.1|A/cattle/Texas/24-008749-003/2024(H5N1)	299	6773
PB1|PP755595.1|A/cattle/Texas/24-008749-003/2024(H5N1)	300	6748
PB1|PP755595.1|A/cattle/Texas/24-008749-003/2024(H5N1)	301	6752
PB1|PP755595.1|A/cattle/Texas/24-008749-003/2024(H5N1)	302	6754
PB1|PP755595.1|A/cattle/Texas/24-008749-003/2024(H5N1)	303	6752
PB1|PP755595.1|A/cattle/Texas/24-008749-003/2024(H5N1)	304	6752
PB1|PP755595.1|A/cattle/Texas/24-008749-003/2024(H5N1)	305	6729
PB1|PP755595.1|A/cattle/Texas/24-008749-003/2024(H5N1)	306	6738
PB1|PP755595.1|A/cattle/Texas/24-008749-003/2024(H5N1)	307	6732
PB1|PP755595.1|A/cattle/Texas/24-008749-003/2024(H5N1)	308	6746
PB1|PP755595.1|A/cattle/Texas/24-008749-003/2024(H5N1)	309	6744
PB1|PP755595.1|A/cattle/Texas/24-008749-003/2024(H5N1)	310	6744
PB1|PP755595.1|A/cattle/Texas/24-008749-003/2024(H5N1)	311	6743
PB1|PP755595.1|A/cattle/Texas/24-008749-003/2024(H5N1)	312	6747
PB1|PP755595.1|A/cattle/Texas/24-008749-003/2024(H5N1)	313	6749
PB1|PP755595.1|A/cattle/Texas/24-008749-003/2024(H5N1)	314	6747
PB1|PP755595.1|A/cattle/Texas/24-008749-003/2024(H5N1)	315	6793
PB1|PP755595.1|A/cattle/Texas/24-008749-003/2024(H5N1)	316	6793
PB1|PP755595.1|A/cattle/Texas/24-008749-003/2024(H5N1)	317	6789
PB1|PP755595.1|A/cattle/Texas/24-008749-003/2024(H5N1)	318	6789
PB1|PP755595.1|A/cattle/Texas/24-008749-003/2024(H5N1)	319	6787
PB1|PP755595.1|A/cattle/Texas/24-008749-003/2024(H5N1)	320	6847
PB1|PP755595.1|A/cattle/Texas/24-008749-003/2024(H5N1)	321	6835
PB1|PP755595.1|A/cattle/Texas/24-008749-003/2024(H5N1)	322	6839
PB1|PP755595.1|A/cattle/Texas/24-008749-003/2024(H5N1)	323	6837
PB1|PP755595.1|A/cattle/Texas/24-008749-003/2024(H5N1)	324	6795
PB1|PP755595.1|A/cattle/Texas/24-008749-003/2024(H5N1)	325	6795
PB1|PP755595.1|A/cattle/Texas/24-008749-003/2024(H5N1)	326	6799
PB1|PP755595.1|A/cattle/Texas/24-008749-003/2024(H5N1)	327	6799
PB1|PP755595.1|A/cattle/Texas/24-008749-003/2024(H5N1)	328	6797
PB1|PP755595.1|A/cattle/Texas/24-008749-003/2024(H5N1)	329	6781
PB1|PP755595.1|A/cattle/Texas/24-008749-003/2024(H5N1)	330	6799
PB1|PP755595.1|A/cattle/Texas/24-008749-003/2024(H5N1)	331	6796
PB1|PP755595.1|A/cattle/Texas/24-008749-003/2024(H5N1)	332	6794
PB1|PP755595.1|A/cattle/Texas/24-008749-003/2024(H5N1)	333	6794
PB1|PP755595.1|A/cattle/Texas/24-008749-003/2024(H5N1)	334	6796
PB1|PP755595.1|A/cattle/Texas/24-008749-003/2024(H5N1)	335	6810
PB1|PP755595.1|A/cattle/Texas/24-008749-003/2024(H5N1)	336	6810
PB1|PP755595.1|A/cattle/Texas/24-008749-003/2024(H5N1)	337	6808
PB1|PP755595.1|A/cattle/Texas/24-008749-003/2024(H5N1)	338	6756
PB1|PP755595.1|A/cattle/Texas/24-008749-003/2024(H5N1)	339	6680
PB1|PP755595.1|A/cattle/Texas/24-008749-003/2024(H5N1)	340	6682
PB1|PP755595.1|A/cattle/Texas/24-008749-003/2024(H5N1)	341	6678
PB1|PP755595.1|A/cattle/Texas/24-008749-003/2024(H5N1)	342	6678
PB1|PP755595.1|A/cattle/Texas/24-008749-003/2024(H5N1)	343	6680
PB1|PP755595.1|A/cattle/Texas/24-008749-003/2024(H5N1)	344	6662
PB1|PP755595.1|A/cattle/Texas/24-008749-003/2024(H5N1)	345	6683
PB1|PP755595.1|A/cattle/Texas/24-008749-003/2024(H5N1)	346	6681
PB1|PP755595.1|A/cattle/Texas/24-008749-003/2024(H5N1)	347	6721
PB1|PP755595.1|A/cattle/Texas/24-008749-003/2024(H5N1)	348	6727
PB1|PP755595.1|A/cattle/Texas/24-008749-003/2024(H5N1)	349	6690
PB1|PP755595.1|A/cattle/Texas/24-008749-003/2024(H5N1)	350	6695
PB1|PP755595.1|A/cattle/Texas/24-008749-003/2024(H5N1)	351	6695
PB1|PP755595.1|A/cattle/Texas/24-008749-003/2024(H5N1)	352	6697
PB1|PP755595.1|A/cattle/Texas/24-008749-003/2024(H5N1)	353	6709
PB1|PP755595.1|A/cattle/Texas/24-008749-003/2024(H5N1)	354	6620
PB1|PP755595.1|A/cattle/Texas/24-008749-003/2024(H5N1)	355	6627
PB1|PP755595.1|A/cattle/Texas/24-008749-003/2024(H5N1)	356	6461
PB1|PP755595.1|A/cattle/Texas/24-008749-003/2024(H5N1)	357	6515
PB1|PP755595.1|A/cattle/Texas/24-008749-003/2024(H5N1)	358	6530
PB1|PP755595.1|A/cattle/Texas/24-008749-003/2024(H5N1)	359	6502
PB1|PP755595.1|A/cattle/Texas/24-008749-003/2024(H5N1)	360	6603
PB1|PP755595.1|A/cattle/Texas/24-008749-003/2024(H5N1)	361	6572
PB1|PP755595.1|A/cattle/Texas/24-008749-003/2024(H5N1)	362	7251
PB1|PP755595.1|A/cattle/Texas/24-008749-003/2024(H5N1)	363	7327
PB1|PP755595.1|A/cattle/Texas/24-008749-003/2024(H5N1)	364	7271
PB1|PP755595.1|A/cattle/Texas/24-008749-003/2024(H5N1)	365	7252
PB1|PP755595.1|A/cattle/Texas/24-008749-003/2024(H5N1)	366	7326
PB1|PP755595.1|A/cattle/Texas/24-008749-003/2024(H5N1)	367	8487
PB1|PP755595.1|A/cattle/Texas/24-008749-003/2024(H5N1)	368	8538
PB1|PP755595.1|A/cattle/Texas/24-008749-003/2024(H5N1)	369	8524
PB1|PP755595.1|A/cattle/Texas/24-008749-003/2024(H5N1)	370	8519
PB1|PP755595.1|A/cattle/Texas/24-008749-003/2024(H5N1)	371	8347
PB1|PP755595.1|A/cattle/Texas/24-008749-003/2024(H5N1)	372	8343
PB1|PP755595.1|A/cattle/Texas/24-008749-003/2024(H5N1)	373	8365
PB1|PP755595.1|A/cattle/Texas/24-008749-003/2024(H5N1)	374	8415
PB1|PP755595.1|A/cattle/Texas/24-008749-003/2024(H5N1)	375	8515
PB1|PP755595.1|A/cattle/Texas/24-008749-003/2024(H5N1)	376	8133
PB1|PP755595.1|A/cattle/Texas/24-008749-003/2024(H5N1)	377	8133
PB1|PP755595.1|A/cattle/Texas/24-008749-003/2024(H5N1)	378	8135
PB1|PP755595.1|A/cattle/Texas/24-008749-003/2024(H5N1)	379	8135
PB1|PP755595.1|A/cattle/Texas/24-008749-003/2024(H5N1)	380	8139
PB1|PP755595.1|A/cattle/Texas/24-008749-003/2024(H5N1)	381	8523
PB1|PP755595.1|A/cattle/Texas/24-008749-003/2024(H5N1)	382	8617
PB1|PP755595.1|A/cattle/Texas/24-008749-003/2024(H5N1)	383	8645
PB1|PP755595.1|A/cattle/Texas/24-008749-003/2024(H5N1)	384	8567
PB1|PP755595.1|A/cattle/Texas/24-008749-003/2024(H5N1)	385	8513
PB1|PP755595.1|A/cattle/Texas/24-008749-003/2024(H5N1)	386	8525
PB1|PP755595.1|A/cattle/Texas/24-008749-003/2024(H5N1)	387	8627
PB1|PP755595.1|A/cattle/Texas/24-008749-003/2024(H5N1)	388	8639
PB1|PP755595.1|A/cattle/Texas/24-008749-003/2024(H5N1)	389	8639
PB1|PP755595.1|A/cattle/Texas/24-008749-003/2024(H5N1)	390	8438
PB1|PP755595.1|A/cattle/Texas/24-008749-003/2024(H5N1)	391	8344
PB1|PP755595.1|A/cattle/Texas/24-008749-003/2024(H5N1)	392	8322
PB1|PP755595.1|A/cattle/Texas/24-008749-003/2024(H5N1)	393	8323
PB1|PP755595.1|A/cattle/Texas/24-008749-003/2024(H5N1)	394	8436
PB1|PP755595.1|A/cattle/Texas/24-008749-003/2024(H5N1)	395	8451
PB1|PP755595.1|A/cattle/Texas/24-008749-003/2024(H5N1)	396	8361
PB1|PP755595.1|A/cattle/Texas/24-008749-003/2024(H5N1)	397	8359
PB1|PP755595.1|A/cattle/Texas/24-008749-003/2024(H5N1)	398	8348
PB1|PP755595.1|A/cattle/Texas/24-008749-003/2024(H5N1)	399	8419
PB1|PP755595.1|A/cattle/Texas/24-008749-003/2024(H5N1)	400	8419
PB1|PP755595.1|A/cattle/Texas/24-008749-003/2024(H5N1)	401	8454
PB1|PP755595.1|A/cattle/Texas/24-008749-003/2024(H5N1)	402	8455
PB1|PP755595.1|A/cattle/Texas/24-008749-003/2024(H5N1)	403	8253
PB1|PP755595.1|A/cattle/Texas/24-008749-003/2024(H5N1)	404	8306
PB1|PP755595.1|A/cattle/Texas/24-008749-003/2024(H5N1)	405	8293
PB1|PP755595.1|A/cattle/Texas/24-008749-003/2024(H5N1)	406	8301
PB1|PP755595.1|A/cattle/Texas/24-008749-003/2024(H5N1)	407	8305
PB1|PP755595.1|A/cattle/Texas/24-008749-003/2024(H5N1)	408	8195
PB1|PP755595.1|A/cattle/Texas/24-008749-003/2024(H5N1)	409	8196
PB1|PP755595.1|A/cattle/Texas/24-008749-003/2024(H5N1)	410	8126
PB1|PP755595.1|A/cattle/Texas/24-008749-003/2024(H5N1)	411	8213
PB1|PP755595.1|A/cattle/Texas/24-008749-003/2024(H5N1)	412	8213
PB1|PP755595.1|A/cattle/Texas/24-008749-003/2024(H5N1)	413	8041
PB1|PP755595.1|A/cattle/Texas/24-008749-003/2024(H5N1)	414	8120
PB1|PP755595.1|A/cattle/Texas/24-008749-003/2024(H5N1)	415	8112
PB1|PP755595.1|A/cattle/Texas/24-008749-003/2024(H5N1)	416	8139
PB1|PP755595.1|A/cattle/Texas/24-008749-003/2024(H5N1)	417	8192
PB1|PP755595.1|A/cattle/Texas/24-008749-003/2024(H5N1)	418	8383
PB1|PP755595.1|A/cattle/Texas/24-008749-003/2024(H5N1)	419	8422
PB1|PP755595.1|A/cattle/Texas/24-008749-003/2024(H5N1)	420	8414
PB1|PP755595.1|A/cattle/Texas/24-008749-003/2024(H5N1)	421	8416
PB1|PP755595.1|A/cattle/Texas/24-008749-003/2024(H5N1)	422	8423
PB1|PP755595.1|A/cattle/Texas/24-008749-003/2024(H5N1)	423	8220
PB1|PP755595.1|A/cattle/Texas/24-008749-003/2024(H5N1)	424	8385
PB1|PP755595.1|A/cattle/Texas/24-008749-003/2024(H5N1)	425	8306
PB1|PP755595.1|A/cattle/Texas/24-008749-003/2024(H5N1)	426	8298
PB1|PP755595.1|A/cattle/Texas/24-008749-003/2024(H5N1)	427	8275
PB1|PP755595.1|A/cattle/Texas/24-008749-003/2024(H5N1)	428	8129
PB1|PP755595.1|A/cattle/Texas/24-008749-003/2024(H5N1)	429	8757
PB1|PP755595.1|A/cattle/Texas/24-008749-003/2024(H5N1)	430	8764
PB1|PP755595.1|A/cattle/Texas/24-008749-003/2024(H5N1)	431	8750
PB1|PP755595.1|A/cattle/Texas/24-008749-003/2024(H5N1)	432	8639
PB1|PP755595.1|A/cattle/Texas/24-008749-003/2024(H5N1)	433	7955
PB1|PP755595.1|A/cattle/Texas/24-008749-003/2024(H5N1)	434	8336
PB1|PP755595.1|A/cattle/Texas/24-008749-003/2024(H5N1)	435	8352
PB1|PP755595.1|A/cattle/Texas/24-008749-003/2024(H5N1)	436	8366
PB1|PP755595.1|A/cattle/Texas/24-008749-003/2024(H5N1)	437	8898
PB1|PP755595.1|A/cattle/Texas/24-008749-003/2024(H5N1)	438	5386
PB1|PP755595.1|A/cattle/Texas/24-008749-003/2024(H5N1)	439	5402
PB1|PP755595.1|A/cattle/Texas/24-008749-003/2024(H5N1)	440	5396
PB1|PP755595.1|A/cattle/Texas/24-008749-003/2024(H5N1)	441	5378
PB1|PP755595.1|A/cattle/Texas/24-008749-003/2024(H5N1)	442	5423
PB1|PP755595.1|A/cattle/Texas/24-008749-003/2024(H5N1)	443	5324
PB1|PP755595.1|A/cattle/Texas/24-008749-003/2024(H5N1)	444	5350
PB1|PP755595.1|A/cattle/Texas/24-008749-003/2024(H5N1)	445	5361
PB1|PP755595.1|A/cattle/Texas/24-008749-003/2024(H5N1)	446	5248
PB1|PP755595.1|A/cattle/Texas/24-008749-003/2024(H5N1)	447	5282
PB1|PP755595.1|A/cattle/Texas/24-008749-003/2024(H5N1)	448	5274
PB1|PP755595.1|A/cattle/Texas/24-008749-003/2024(H5N1)	449	5275
PB1|PP755595.1|A/cattle/Texas/24-008749-003/2024(H5N1)	450	5277
PB1|PP755595.1|A/cattle/Texas/24-008749-003/2024(H5N1)	451	5265
PB1|PP755595.1|A/cattle/Texas/24-008749-003/2024(H5N1)	452	5285
PB1|PP755595.1|A/cattle/Texas/24-008749-003/2024(H5N1)	453	5284
PB1|PP755595.1|A/cattle/Texas/24-008749-003/2024(H5N1)	454	5284
PB1|PP755595.1|A/cattle/Texas/24-008749-003/2024(H5N1)	455	5272
PB1|PP755595.1|A/cattle/Texas/24-008749-003/2024(H5N1)	456	5259
PB1|PP755595.1|A/cattle/Texas/24-008749-003/2024(H5N1)	457	5259
PB1|PP755595.1|A/cattle/Texas/24-008749-003/2024(H5N1)	458	5259
PB1|PP755595.1|A/cattle/Texas/24-008749-003/2024(H5N1)	459	5271
PB1|PP755595.1|A/cattle/Texas/24-008749-003/2024(H5N1)	460	5271
PB1|PP755595.1|A/cattle/Texas/24-008749-003/2024(H5N1)	461	5781
PB1|PP755595.1|A/cattle/Texas/24-008749-003/2024(H5N1)	462	5775
PB1|PP755595.1|A/cattle/Texas/24-008749-003/2024(H5N1)	463	5795
PB1|PP755595.1|A/cattle/Texas/24-008749-003/2024(H5N1)	464	5797
PB1|PP755595.1|A/cattle/Texas/24-008749-003/2024(H5N1)	465	5793
PB1|PP755595.1|A/cattle/Texas/24-008749-003/2024(H5N1)	466	5793
PB1|PP755595.1|A/cattle/Texas/24-008749-003/2024(H5N1)	467	5805
PB1|PP755595.1|A/cattle/Texas/24-008749-003/2024(H5N1)	468	5797
PB1|PP755595.1|A/cattle/Texas/24-008749-003/2024(H5N1)	469	5837
PB1|PP755595.1|A/cattle/Texas/24-008749-003/2024(H5N1)	470	5546
PB1|PP755595.1|A/cattle/Texas/24-008749-003/2024(H5N1)	471	5518
PB1|PP755595.1|A/cattle/Texas/24-008749-003/2024(H5N1)	472	5504
PB1|PP755595.1|A/cattle/Texas/24-008749-003/2024(H5N1)	473	5504
PB1|PP755595.1|A/cattle/Texas/24-008749-003/2024(H5N1)	474	5504
PB1|PP755595.1|A/cattle/Texas/24-008749-003/2024(H5N1)	475	5526
PB1|PP755595.1|A/cattle/Texas/24-008749-003/2024(H5N1)	476	5506
PB1|PP755595.1|A/cattle/Texas/24-008749-003/2024(H5N1)	477	5504
PB1|PP755595.1|A/cattle/Texas/24-008749-003/2024(H5N1)	478	5476
PB1|PP755595.1|A/cattle/Texas/24-008749-003/2024(H5N1)	479	5480
PB1|PP755595.1|A/cattle/Texas/24-008749-003/2024(H5N1)	480	5478
PB1|PP755595.1|A/cattle/Texas/24-008749-003/2024(H5N1)	481	5475
PB1|PP755595.1|A/cattle/Texas/24-008749-003/2024(H5N1)	482	5475
PB1|PP755595.1|A/cattle/Texas/24-008749-003/2024(H5N1)	483	5473
PB1|PP755595.1|A/cattle/Texas/24-008749-003/2024(H5N1)	484	5459
PB1|PP755595.1|A/cattle/Texas/24-008749-003/2024(H5N1)	485	5626
PB1|PP755595.1|A/cattle/Texas/24-008749-003/2024(H5N1)	486	5635
PB1|PP755595.1|A/cattle/Texas/24-008749-003/2024(H5N1)	487	5635
PB1|PP755595.1|A/cattle/Texas/24-008749-003/2024(H5N1)	488	5613
PB1|PP755595.1|A/cattle/Texas/24-008749-003/2024(H5N1)	489	5609
PB1|PP755595.1|A/cattle/Texas/24-008749-003/2024(H5N1)	490	5613
PB1|PP755595.1|A/cattle/Texas/24-008749-003/2024(H5N1)	491	5618
PB1|PP755595.1|A/cattle/Texas/24-008749-003/2024(H5N1)	492	5620
PB1|PP755595.1|A/cattle/Texas/24-008749-003/2024(H5N1)	493	5624
PB1|PP755595.1|A/cattle/Texas/24-008749-003/2024(H5N1)	494	5386
PB1|PP755595.1|A/cattle/Texas/24-008749-003/2024(H5N1)	495	5366
PB1|PP755595.1|A/cattle/Texas/24-008749-003/2024(H5N1)	496	5359
PB1|PP755595.1|A/cattle/Texas/24-008749-003/2024(H5N1)	497	5361
PB1|PP755595.1|A/cattle/Texas/24-008749-003/2024(H5N1)	498	5401
PB1|PP755595.1|A/cattle/Texas/24-008749-003/2024(H5N1)	499	5394
PB1|PP755595.1|A/cattle/Texas/24-008749-003/2024(H5N1)	500	5394
PB1|PP755595.1|A/cattle/Texas/24-008749-003/2024(H5N1)	501	5396
PB1|PP755595.1|A/cattle/Texas/24-008749-003/2024(H5N1)	502	5380
PB1|PP755595.1|A/cattle/Texas/24-008749-003/2024(H5N1)	503	5387
PB1|PP755595.1|A/cattle/Texas/24-008749-003/2024(H5N1)	504	5399
PB1|PP755595.1|A/cattle/Texas/24-008749-003/2024(H5N1)	505	5415
PB1|PP755595.1|A/cattle/Texas/24-008749-003/2024(H5N1)	506	5408
PB1|PP755595.1|A/cattle/Texas/24-008749-003/2024(H5N1)	507	5298
PB1|PP755595.1|A/cattle/Texas/24-008749-003/2024(H5N1)	508	5322
PB1|PP755595.1|A/cattle/Texas/24-008749-003/2024(H5N1)	509	5315
PB1|PP755595.1|A/cattle/Texas/24-008749-003/2024(H5N1)	510	5333
PB1|PP755595.1|A/cattle/Texas/24-008749-003/2024(H5N1)	511	5335
PB1|PP755595.1|A/cattle/Texas/24-008749-003/2024(H5N1)	512	5295
PB1|PP755595.1|A/cattle/Texas/24-008749-003/2024(H5N1)	513	5346
PB1|PP755595.1|A/cattle/Texas/24-008749-003/2024(H5N1)	514	5499
PB1|PP755595.1|A/cattle/Texas/24-008749-003/2024(H5N1)	515	5788
PB1|PP755595.1|A/cattle/Texas/24-008749-003/2024(H5N1)	516	5860
PB1|PP755595.1|A/cattle/Texas/24-008749-003/2024(H5N1)	517	5830
PB1|PP755595.1|A/cattle/Texas/24-008749-003/2024(H5N1)	518	5858
PB1|PP755595.1|A/cattle/Texas/24-008749-003/2024(H5N1)	519	5754
PB1|PP755595.1|A/cattle/Texas/24-008749-003/2024(H5N1)	520	5818
PB1|PP755595.1|A/cattle/Texas/24-008749-003/2024(H5N1)	521	5912
PB1|PP755595.1|A/cattle/Texas/24-008749-003/2024(H5N1)	522	6695
PB1|PP755595.1|A/cattle/Texas/24-008749-003/2024(H5N1)	523	6951
PB1|PP755595.1|A/cattle/Texas/24-008749-003/2024(H5N1)	524	7037
PB1|PP755595.1|A/cattle/Texas/24-008749-003/2024(H5N1)	525	7032
PB1|PP755595.1|A/cattle/Texas/24-008749-003/2024(H5N1)	526	7030
PB1|PP755595.1|A/cattle/Texas/24-008749-003/2024(H5N1)	527	7034
PB1|PP755595.1|A/cattle/Texas/24-008749-003/2024(H5N1)	528	7124
PB1|PP755595.1|A/cattle/Texas/24-008749-003/2024(H5N1)	529	7471
PB1|PP755595.1|A/cattle/Texas/24-008749-003/2024(H5N1)	530	7445
PB1|PP755595.1|A/cattle/Texas/24-008749-003/2024(H5N1)	531	7462
PB1|PP755595.1|A/cattle/Texas/24-008749-003/2024(H5N1)	532	7432
PB1|PP755595.1|A/cattle/Texas/24-008749-003/2024(H5N1)	533	7444
PB1|PP755595.1|A/cattle/Texas/24-008749-003/2024(H5N1)	534	7463
PB1|PP755595.1|A/cattle/Texas/24-008749-003/2024(H5N1)	535	7487
PB1|PP755595.1|A/cattle/Texas/24-008749-003/2024(H5N1)	536	7567
PB1|PP755595.1|A/cattle/Texas/24-008749-003/2024(H5N1)	537	7792
PB1|PP755595.1|A/cattle/Texas/24-008749-003/2024(H5N1)	538	7841
PB1|PP755595.1|A/cattle/Texas/24-008749-003/2024(H5N1)	539	7814
PB1|PP755595.1|A/cattle/Texas/24-008749-003/2024(H5N1)	540	7801
PB1|PP755595.1|A/cattle/Texas/24-008749-003/2024(H5N1)	541	7788
PB1|PP755595.1|A/cattle/Texas/24-008749-003/2024(H5N1)	542	7990
PB1|PP755595.1|A/cattle/Texas/24-008749-003/2024(H5N1)	543	7990
PB1|PP755595.1|A/cattle/Texas/24-008749-003/2024(H5N1)	544	7990
PB1|PP755595.1|A/cattle/Texas/24-008749-003/2024(H5N1)	545	7993
PB1|PP755595.1|A/cattle/Texas/24-008749-003/2024(H5N1)	546	7897
PB1|PP755595.1|A/cattle/Texas/24-008749-003/2024(H5N1)	547	7931
PB1|PP755595.1|A/cattle/Texas/24-008749-003/2024(H5N1)	548	8019
PB1|PP755595.1|A/cattle/Texas/24-008749-003/2024(H5N1)	549	8021
PB1|PP755595.1|A/cattle/Texas/24-008749-003/2024(H5N1)	550	8030
PB1|PP755595.1|A/cattle/Texas/24-008749-003/2024(H5N1)	551	7936
PB1|PP755595.1|A/cattle/Texas/24-008749-003/2024(H5N1)	552	7985
PB1|PP755595.1|A/cattle/Texas/24-008749-003/2024(H5N1)	553	7998
PB1|PP755595.1|A/cattle/Texas/24-008749-003/2024(H5N1)	554	8008
PB1|PP755595.1|A/cattle/Texas/24-008749-003/2024(H5N1)	555	8007
PB1|PP755595.1|A/cattle/Texas/24-008749-003/2024(H5N1)	556	7979
PB1|PP755595.1|A/cattle/Texas/24-008749-003/2024(H5N1)	557	7935
PB1|PP755595.1|A/cattle/Texas/24-008749-003/2024(H5N1)	558	7939
PB1|PP755595.1|A/cattle/Texas/24-008749-003/2024(H5N1)	559	7960
PB1|PP755595.1|A/cattle/Texas/24-008749-003/2024(H5N1)	560	8123
PB1|PP755595.1|A/cattle/Texas/24-008749-003/2024(H5N1)	561	8371
PB1|PP755595.1|A/cattle/Texas/24-008749-003/2024(H5N1)	562	8349
PB1|PP755595.1|A/cattle/Texas/24-008749-003/2024(H5N1)	563	8461
PB1|PP755595.1|A/cattle/Texas/24-008749-003/2024(H5N1)	564	8461
PB1|PP755595.1|A/cattle/Texas/24-008749-003/2024(H5N1)	565	8479
PB1|PP755595.1|A/cattle/Texas/24-008749-003/2024(H5N1)	566	8568
PB1|PP755595.1|A/cattle/Texas/24-008749-003/2024(H5N1)	567	8563
PB1|PP755595.1|A/cattle/Texas/24-008749-003/2024(H5N1)	568	8546
PB1|PP755595.1|A/cattle/Texas/24-008749-003/2024(H5N1)	569	8709
PB1|PP755595.1|A/cattle/Texas/24-008749-003/2024(H5N1)	570	8281
PB1|PP755595.1|A/cattle/Texas/24-008749-003/2024(H5N1)	571	8476
PB1|PP755595.1|A/cattle/Texas/24-008749-003/2024(H5N1)	572	8263
PB1|PP755595.1|A/cattle/Texas/24-008749-003/2024(H5N1)	573	8277
PB1|PP755595.1|A/cattle/Texas/24-008749-003/2024(H5N1)	574	8254
PB1|PP755595.1|A/cattle/Texas/24-008749-003/2024(H5N1)	575	8246
PB1|PP755595.1|A/cattle/Texas/24-008749-003/2024(H5N1)	576	8265
PB1|PP755595.1|A/cattle/Texas/24-008749-003/2024(H5N1)	577	8257
PB1|PP755595.1|A/cattle/Texas/24-008749-003/2024(H5N1)	578	8036
PB1|PP755595.1|A/cattle/Texas/24-008749-003/2024(H5N1)	579	8318
PB1|PP755595.1|A/cattle/Texas/24-008749-003/2024(H5N1)	580	7894
PB1|PP755595.1|A/cattle/Texas/24-008749-003/2024(H5N1)	581	7993
PB1|PP755595.1|A/cattle/Texas/24-008749-003/2024(H5N1)	582	7991
PB1|PP755595.1|A/cattle/Texas/24-008749-003/2024(H5N1)	583	7921
PB1|PP755595.1|A/cattle/Texas/24-008749-003/2024(H5N1)	584	7877
PB1|PP755595.1|A/cattle/Texas/24-008749-003/2024(H5N1)	585	7593
PB1|PP755595.1|A/cattle/Texas/24-008749-003/2024(H5N1)	586	7618
PB1|PP755595.1|A/cattle/Texas/24-008749-003/2024(H5N1)	587	7665
PB1|PP755595.1|A/cattle/Texas/24-008749-003/2024(H5N1)	588	6772
PB1|PP755595.1|A/cattle/Texas/24-008749-003/2024(H5N1)	589	6675
PB1|PP755595.1|A/cattle/Texas/24-008749-003/2024(H5N1)	590	6297
PB1|PP755595.1|A/cattle/Texas/24-008749-003/2024(H5N1)	591	6320
PB1|PP755595.1|A/cattle/Texas/24-008749-003/2024(H5N1)	592	6305
PB1|PP755595.1|A/cattle/Texas/24-008749-003/2024(H5N1)	593	6305
PB1|PP755595.1|A/cattle/Texas/24-008749-003/2024(H5N1)	594	6281
PB1|PP755595.1|A/cattle/Texas/24-008749-003/2024(H5N1)	595	6223
PB1|PP755595.1|A/cattle/Texas/24-008749-003/2024(H5N1)	596	6153
PB1|PP755595.1|A/cattle/Texas/24-008749-003/2024(H5N1)	597	6132
PB1|PP755595.1|A/cattle/Texas/24-008749-003/2024(H5N1)	598	6159
PB1|PP755595.1|A/cattle/Texas/24-008749-003/2024(H5N1)	599	5993
PB1|PP755595.1|A/cattle/Texas/24-008749-003/2024(H5N1)	600	5791
PB1|PP755595.1|A/cattle/Texas/24-008749-003/2024(H5N1)	601	5757
PB1|PP755595.1|A/cattle/Texas/24-008749-003/2024(H5N1)	602	5920
PB1|PP755595.1|A/cattle/Texas/24-008749-003/2024(H5N1)	603	5868
PB1|PP755595.1|A/cattle/Texas/24-008749-003/2024(H5N1)	604	5952
PB1|PP755595.1|A/cattle/Texas/24-008749-003/2024(H5N1)	605	5739
PB1|PP755595.1|A/cattle/Texas/24-008749-003/2024(H5N1)	606	5823
PB1|PP755595.1|A/cattle/Texas/24-008749-003/2024(H5N1)	607	5815
PB1|PP755595.1|A/cattle/Texas/24-008749-003/2024(H5N1)	608	5835
PB1|PP755595.1|A/cattle/Texas/24-008749-003/2024(H5N1)	609	5873
PB1|PP755595.1|A/cattle/Texas/24-008749-003/2024(H5N1)	610	5873
PB1|PP755595.1|A/cattle/Texas/24-008749-003/2024(H5N1)	611	5926
PB1|PP755595.1|A/cattle/Texas/24-008749-003/2024(H5N1)	612	5926
PB1|PP755595.1|A/cattle/Texas/24-008749-003/2024(H5N1)	613	5911
PB1|PP755595.1|A/cattle/Texas/24-008749-003/2024(H5N1)	614	5911
PB1|PP755595.1|A/cattle/Texas/24-008749-003/2024(H5N1)	615	5898
PB1|PP755595.1|A/cattle/Texas/24-008749-003/2024(H5N1)	616	5920
PB1|PP755595.1|A/cattle/Texas/24-008749-003/2024(H5N1)	617	5912
PB1|PP755595.1|A/cattle/Texas/24-008749-003/2024(H5N1)	618	5881
PB1|PP755595.1|A/cattle/Texas/24-008749-003/2024(H5N1)	619	5881
PB1|PP755595.1|A/cattle/Texas/24-008749-003/2024(H5N1)	620	5833
PB1|PP755595.1|A/cattle/Texas/24-008749-003/2024(H5N1)	621	5850
PB1|PP755595.1|A/cattle/Texas/24-008749-003/2024(H5N1)	622	5840
PB1|PP755595.1|A/cattle/Texas/24-008749-003/2024(H5N1)	623	5840
PB1|PP755595.1|A/cattle/Texas/24-008749-003/2024(H5N1)	624	5846
PB1|PP755595.1|A/cattle/Texas/24-008749-003/2024(H5N1)	625	5875
PB1|PP755595.1|A/cattle/Texas/24-008749-003/2024(H5N1)	626	5891
PB1|PP755595.1|A/cattle/Texas/24-008749-003/2024(H5N1)	627	5892
PB1|PP755595.1|A/cattle/Texas/24-008749-003/2024(H5N1)	628	5894
PB1|PP755595.1|A/cattle/Texas/24-008749-003/2024(H5N1)	629	5894
PB1|PP755595.1|A/cattle/Texas/24-008749-003/2024(H5N1)	630	5892
PB1|PP755595.1|A/cattle/Texas/24-008749-003/2024(H5N1)	631	5910
PB1|PP755595.1|A/cattle/Texas/24-008749-003/2024(H5N1)	632	5978
PB1|PP755595.1|A/cattle/Texas/24-008749-003/2024(H5N1)	633	5978
PB1|PP755595.1|A/cattle/Texas/24-008749-003/2024(H5N1)	634	5930
PB1|PP755595.1|A/cattle/Texas/24-008749-003/2024(H5N1)	635	5921
PB1|PP755595.1|A/cattle/Texas/24-008749-003/2024(H5N1)	636	5927
PB1|PP755595.1|A/cattle/Texas/24-008749-003/2024(H5N1)	637	5957
PB1|PP755595.1|A/cattle/Texas/24-008749-003/2024(H5N1)	638	5959
PB1|PP755595.1|A/cattle/Texas/24-008749-003/2024(H5N1)	639	5991
PB1|PP755595.1|A/cattle/Texas/24-008749-003/2024(H5N1)	640	5949
PB1|PP755595.1|A/cattle/Texas/24-008749-003/2024(H5N1)	641	5897
PB1|PP755595.1|A/cattle/Texas/24-008749-003/2024(H5N1)	642	5891
PB1|PP755595.1|A/cattle/Texas/24-008749-003/2024(H5N1)	643	5892
PB1|PP755595.1|A/cattle/Texas/24-008749-003/2024(H5N1)	644	5906
PB1|PP755595.1|A/cattle/Texas/24-008749-003/2024(H5N1)	645	5926
PB1|PP755595.1|A/cattle/Texas/24-008749-003/2024(H5N1)	646	5884
PB1|PP755595.1|A/cattle/Texas/24-008749-003/2024(H5N1)	647	5895
PB1|PP755595.1|A/cattle/Texas/24-008749-003/2024(H5N1)	648	5875
PB1|PP755595.1|A/cattle/Texas/24-008749-003/2024(H5N1)	649	5849
PB1|PP755595.1|A/cattle/Texas/24-008749-003/2024(H5N1)	650	5871
PB1|PP755595.1|A/cattle/Texas/24-008749-003/2024(H5N1)	651	5893
PB1|PP755595.1|A/cattle/Texas/24-008749-003/2024(H5N1)	652	5905
PB1|PP755595.1|A/cattle/Texas/24-008749-003/2024(H5N1)	653	5863
PB1|PP755595.1|A/cattle/Texas/24-008749-003/2024(H5N1)	654	5914
PB1|PP755595.1|A/cattle/Texas/24-008749-003/2024(H5N1)	655	5915
PB1|PP755595.1|A/cattle/Texas/24-008749-003/2024(H5N1)	656	5909
PB1|PP755595.1|A/cattle/Texas/24-008749-003/2024(H5N1)	657	5903
PB1|PP755595.1|A/cattle/Texas/24-008749-003/2024(H5N1)	658	5882
PB1|PP755595.1|A/cattle/Texas/24-008749-003/2024(H5N1)	659	5928
PB1|PP755595.1|A/cattle/Texas/24-008749-003/2024(H5N1)	660	5863
PB1|PP755595.1|A/cattle/Texas/24-008749-003/2024(H5N1)	661	5888
PB1|PP755595.1|A/cattle/Texas/24-008749-003/2024(H5N1)	662	5962
PB1|PP755595.1|A/cattle/Texas/24-008749-003/2024(H5N1)	663	5800
PB1|PP755595.1|A/cattle/Texas/24-008749-003/2024(H5N1)	664	5810
PB1|PP755595.1|A/cattle/Texas/24-008749-003/2024(H5N1)	665	5806
PB1|PP755595.1|A/cattle/Texas/24-008749-003/2024(H5N1)	666	5805
PB1|PP755595.1|A/cattle/Texas/24-008749-003/2024(H5N1)	667	5850
PB1|PP755595.1|A/cattle/Texas/24-008749-003/2024(H5N1)	668	5843
PB1|PP755595.1|A/cattle/Texas/24-008749-003/2024(H5N1)	669	5653
PB1|PP755595.1|A/cattle/Texas/24-008749-003/2024(H5N1)	670	5660
PB1|PP755595.1|A/cattle/Texas/24-008749-003/2024(H5N1)	671	5339
PB1|PP755595.1|A/cattle/Texas/24-008749-003/2024(H5N1)	672	5405
PB1|PP755595.1|A/cattle/Texas/24-008749-003/2024(H5N1)	673	5403
PB1|PP755595.1|A/cattle/Texas/24-008749-003/2024(H5N1)	674	5407
PB1|PP755595.1|A/cattle/Texas/24-008749-003/2024(H5N1)	675	5417
PB1|PP755595.1|A/cattle/Texas/24-008749-003/2024(H5N1)	676	5153
PB1|PP755595.1|A/cattle/Texas/24-008749-003/2024(H5N1)	677	5168
PB1|PP755595.1|A/cattle/Texas/24-008749-003/2024(H5N1)	678	5081
PB1|PP755595.1|A/cattle/Texas/24-008749-003/2024(H5N1)	679	5077
PB1|PP755595.1|A/cattle/Texas/24-008749-003/2024(H5N1)	680	5077
PB1|PP755595.1|A/cattle/Texas/24-008749-003/2024(H5N1)	681	4882
PB1|PP755595.1|A/cattle/Texas/24-008749-003/2024(H5N1)	682	4877
PB1|PP755595.1|A/cattle/Texas/24-008749-003/2024(H5N1)	683	4871
PB1|PP755595.1|A/cattle/Texas/24-008749-003/2024(H5N1)	684	4843
PB1|PP755595.1|A/cattle/Texas/24-008749-003/2024(H5N1)	685	4856
PB1|PP755595.1|A/cattle/Texas/24-008749-003/2024(H5N1)	686	4766
PB1|PP755595.1|A/cattle/Texas/24-008749-003/2024(H5N1)	687	4760
PB1|PP755595.1|A/cattle/Texas/24-008749-003/2024(H5N1)	688	4790
PB1|PP755595.1|A/cattle/Texas/24-008749-003/2024(H5N1)	689	4773
PB1|PP755595.1|A/cattle/Texas/24-008749-003/2024(H5N1)	690	5048
PB1|PP755595.1|A/cattle/Texas/24-008749-003/2024(H5N1)	691	5058
PB1|PP755595.1|A/cattle/Texas/24-008749-003/2024(H5N1)	692	5074
PB1|PP755595.1|A/cattle/Texas/24-008749-003/2024(H5N1)	693	5079
PB1|PP755595.1|A/cattle/Texas/24-008749-003/2024(H5N1)	694	5196
PB1|PP755595.1|A/cattle/Texas/24-008749-003/2024(H5N1)	695	5193
PB1|PP755595.1|A/cattle/Texas/24-008749-003/2024(H5N1)	696	5196
PB1|PP755595.1|A/cattle/Texas/24-008749-003/2024(H5N1)	697	5190
PB1|PP755595.1|A/cattle/Texas/24-008749-003/2024(H5N1)	698	5268
PB1|PP755595.1|A/cattle/Texas/24-008749-003/2024(H5N1)	699	5317
PB1|PP755595.1|A/cattle/Texas/24-008749-003/2024(H5N1)	700	5412
PB1|PP755595.1|A/cattle/Texas/24-008749-003/2024(H5N1)	701	5418
PB1|PP755595.1|A/cattle/Texas/24-008749-003/2024(H5N1)	702	5427
PB1|PP755595.1|A/cattle/Texas/24-008749-003/2024(H5N1)	703	5525
PB1|PP755595.1|A/cattle/Texas/24-008749-003/2024(H5N1)	704	5586
PB1|PP755595.1|A/cattle/Texas/24-008749-003/2024(H5N1)	705	5653
PB1|PP755595.1|A/cattle/Texas/24-008749-003/2024(H5N1)	706	5752
PB1|PP755595.1|A/cattle/Texas/24-008749-003/2024(H5N1)	707	5738
PB1|PP755595.1|A/cattle/Texas/24-008749-003/2024(H5N1)	708	5828
PB1|PP755595.1|A/cattle/Texas/24-008749-003/2024(H5N1)	709	5820
PB1|PP755595.1|A/cattle/Texas/24-008749-003/2024(H5N1)	710	5836
PB1|PP755595.1|A/cattle/Texas/24-008749-003/2024(H5N1)	711	6077
PB1|PP755595.1|A/cattle/Texas/24-008749-003/2024(H5N1)	712	5979
PB1|PP755595.1|A/cattle/Texas/24-008749-003/2024(H5N1)	713	6058
PB1|PP755595.1|A/cattle/Texas/24-008749-003/2024(H5N1)	714	6006
PB1|PP755595.1|A/cattle/Texas/24-008749-003/2024(H5N1)	715	5957
PB1|PP755595.1|A/cattle/Texas/24-008749-003/2024(H5N1)	716	6258
PB1|PP755595.1|A/cattle/Texas/24-008749-003/2024(H5N1)	717	6189
PB1|PP755595.1|A/cattle/Texas/24-008749-003/2024(H5N1)	718	6228
PB1|PP755595.1|A/cattle/Texas/24-008749-003/2024(H5N1)	719	6268
PB1|PP755595.1|A/cattle/Texas/24-008749-003/2024(H5N1)	720	6075
PB1|PP755595.1|A/cattle/Texas/24-008749-003/2024(H5N1)	721	6083
PB1|PP755595.1|A/cattle/Texas/24-008749-003/2024(H5N1)	722	6093
PB1|PP755595.1|A/cattle/Texas/24-008749-003/2024(H5N1)	723	6093
PB1|PP755595.1|A/cattle/Texas/24-008749-003/2024(H5N1)	724	6166
PB1|PP755595.1|A/cattle/Texas/24-008749-003/2024(H5N1)	725	5905
PB1|PP755595.1|A/cattle/Texas/24-008749-003/2024(H5N1)	726	5867
PB1|PP755595.1|A/cattle/Texas/24-008749-003/2024(H5N1)	727	5851
PB1|PP755595.1|A/cattle/Texas/24-008749-003/2024(H5N1)	728	5843
PB1|PP755595.1|A/cattle/Texas/24-008749-003/2024(H5N1)	729	5830
PB1|PP755595.1|A/cattle/Texas/24-008749-003/2024(H5N1)	730	5884
PB1|PP755595.1|A/cattle/Texas/24-008749-003/2024(H5N1)	731	5747
PB1|PP755595.1|A/cattle/Texas/24-008749-003/2024(H5N1)	732	5731
PB1|PP755595.1|A/cattle/Texas/24-008749-003/2024(H5N1)	733	5640
PB1|PP755595.1|A/cattle/Texas/24-008749-003/2024(H5N1)	734	5687
PB1|PP755595.1|A/cattle/Texas/24-008749-003/2024(H5N1)	735	5681
PB1|PP755595.1|A/cattle/Texas/24-008749-003/2024(H5N1)	736	5980
PB1|PP755595.1|A/cattle/Texas/24-008749-003/2024(H5N1)	737	5880
PB1|PP755595.1|A/cattle/Texas/24-008749-003/2024(H5N1)	738	5900
PB1|PP755595.1|A/cattle/Texas/24-008749-003/2024(H5N1)	739	5808
PB1|PP755595.1|A/cattle/Texas/24-008749-003/2024(H5N1)	740	5675
PB1|PP755595.1|A/cattle/Texas/24-008749-003/2024(H5N1)	741	5726
PB1|PP755595.1|A/cattle/Texas/24-008749-003/2024(H5N1)	742	5820
PB1|PP755595.1|A/cattle/Texas/24-008749-003/2024(H5N1)	743	5782
PB1|PP755595.1|A/cattle/Texas/24-008749-003/2024(H5N1)	744	5762
PB1|PP755595.1|A/cattle/Texas/24-008749-003/2024(H5N1)	745	4794
PB1|PP755595.1|A/cattle/Texas/24-008749-003/2024(H5N1)	746	4830
PB1|PP755595.1|A/cattle/Texas/24-008749-003/2024(H5N1)	747	4723
PB1|PP755595.1|A/cattle/Texas/24-008749-003/2024(H5N1)	748	4924
PB1|PP755595.1|A/cattle/Texas/24-008749-003/2024(H5N1)	749	5063
PB1|PP755595.1|A/cattle/Texas/24-008749-003/2024(H5N1)	750	4996
PB1|PP755595.1|A/cattle/Texas/24-008749-003/2024(H5N1)	751	4469
PB1|PP755595.1|A/cattle/Texas/24-008749-003/2024(H5N1)	752	4369
PB1|PP755595.1|A/cattle/Texas/24-008749-003/2024(H5N1)	753	4315
PB1|PP755595.1|A/cattle/Texas/24-008749-003/2024(H5N1)	754	4388
PB1|PP755595.1|A/cattle/Texas/24-008749-003/2024(H5N1)	755	4224
PB1|PP755595.1|A/cattle/Texas/24-008749-003/2024(H5N1)	756	4265
PB1|PP755595.1|A/cattle/Texas/24-008749-003/2024(H5N1)	757	4182
PB1|PP755595.1|A/cattle/Texas/24-008749-003/2024(H5N1)	758	4182
PB1|PP755595.1|A/cattle/Texas/24-008749-003/2024(H5N1)	759	4194
PB1|PP755595.1|A/cattle/Texas/24-008749-003/2024(H5N1)	760	4170
PB1|PP755595.1|A/cattle/Texas/24-008749-003/2024(H5N1)	761	4180
PB1|PP755595.1|A/cattle/Texas/24-008749-003/2024(H5N1)	762	4178
PB1|PP755595.1|A/cattle/Texas/24-008749-003/2024(H5N1)	763	4281
PB1|PP755595.1|A/cattle/Texas/24-008749-003/2024(H5N1)	764	4281
PB1|PP755595.1|A/cattle/Texas/24-008749-003/2024(H5N1)	765	4278
PB1|PP755595.1|A/cattle/Texas/24-008749-003/2024(H5N1)	766	4278
PB1|PP755595.1|A/cattle/Texas/24-008749-003/2024(H5N1)	767	4281
PB1|PP755595.1|A/cattle/Texas/24-008749-003/2024(H5N1)	768	4300
PB1|PP755595.1|A/cattle/Texas/24-008749-003/2024(H5N1)	769	4318
PB1|PP755595.1|A/cattle/Texas/24-008749-003/2024(H5N1)	770	4437
PB1|PP755595.1|A/cattle/Texas/24-008749-003/2024(H5N1)	771	4439
PB1|PP755595.1|A/cattle/Texas/24-008749-003/2024(H5N1)	772	4425
PB1|PP755595.1|A/cattle/Texas/24-008749-003/2024(H5N1)	773	4423
PB1|PP755595.1|A/cattle/Texas/24-008749-003/2024(H5N1)	774	4437
PB1|PP755595.1|A/cattle/Texas/24-008749-003/2024(H5N1)	775	4461
PB1|PP755595.1|A/cattle/Texas/24-008749-003/2024(H5N1)	776	4465
PB1|PP755595.1|A/cattle/Texas/24-008749-003/2024(H5N1)	777	4457
PB1|PP755595.1|A/cattle/Texas/24-008749-003/2024(H5N1)	778	4453
PB1|PP755595.1|A/cattle/Texas/24-008749-003/2024(H5N1)	779	4432
PB1|PP755595.1|A/cattle/Texas/24-008749-003/2024(H5N1)	780	4553
PB1|PP755595.1|A/cattle/Texas/24-008749-003/2024(H5N1)	781	4546
PB1|PP755595.1|A/cattle/Texas/24-008749-003/2024(H5N1)	782	4588
PB1|PP755595.1|A/cattle/Texas/24-008749-003/2024(H5N1)	783	4581
PB1|PP755595.1|A/cattle/Texas/24-008749-003/2024(H5N1)	784	4579
PB1|PP755595.1|A/cattle/Texas/24-008749-003/2024(H5N1)	785	4595
PB1|PP755595.1|A/cattle/Texas/24-008749-003/2024(H5N1)	786	4595
PB1|PP755595.1|A/cattle/Texas/24-008749-003/2024(H5N1)	787	4597
PB1|PP755595.1|A/cattle/Texas/24-008749-003/2024(H5N1)	788	4607
PB1|PP755595.1|A/cattle/Texas/24-008749-003/2024(H5N1)	789	4569
PB1|PP755595.1|A/cattle/Texas/24-008749-003/2024(H5N1)	790	4570
PB1|PP755595.1|A/cattle/Texas/24-008749-003/2024(H5N1)	791	4552
PB1|PP755595.1|A/cattle/Texas/24-008749-003/2024(H5N1)	792	4552
PB1|PP755595.1|A/cattle/Texas/24-008749-003/2024(H5N1)	793	4552
PB1|PP755595.1|A/cattle/Texas/24-008749-003/2024(H5N1)	794	4619
PB1|PP755595.1|A/cattle/Texas/24-008749-003/2024(H5N1)	795	4619
PB1|PP755595.1|A/cattle/Texas/24-008749-003/2024(H5N1)	796	4633
PB1|PP755595.1|A/cattle/Texas/24-008749-003/2024(H5N1)	797	4633
PB1|PP755595.1|A/cattle/Texas/24-008749-003/2024(H5N1)	798	4629
PB1|PP755595.1|A/cattle/Texas/24-008749-003/2024(H5N1)	799	4643
PB1|PP755595.1|A/cattle/Texas/24-008749-003/2024(H5N1)	800	4643
PB1|PP755595.1|A/cattle/Texas/24-008749-003/2024(H5N1)	801	4643
PB1|PP755595.1|A/cattle/Texas/24-008749-003/2024(H5N1)	802	4645
PB1|PP755595.1|A/cattle/Texas/24-008749-003/2024(H5N1)	803	4677
PB1|PP755595.1|A/cattle/Texas/24-008749-003/2024(H5N1)	804	4713
PB1|PP755595.1|A/cattle/Texas/24-008749-003/2024(H5N1)	805	4697
PB1|PP755595.1|A/cattle/Texas/24-008749-003/2024(H5N1)	806	4705
PB1|PP755595.1|A/cattle/Texas/24-008749-003/2024(H5N1)	807	4701
PB1|PP755595.1|A/cattle/Texas/24-008749-003/2024(H5N1)	808	4697
PB1|PP755595.1|A/cattle/Texas/24-008749-003/2024(H5N1)	809	4701
PB1|PP755595.1|A/cattle/Texas/24-008749-003/2024(H5N1)	810	4705
PB1|PP755595.1|A/cattle/Texas/24-008749-003/2024(H5N1)	811	4721
PB1|PP755595.1|A/cattle/Texas/24-008749-003/2024(H5N1)	812	4693
PB1|PP755595.1|A/cattle/Texas/24-008749-003/2024(H5N1)	813	4697
PB1|PP755595.1|A/cattle/Texas/24-008749-003/2024(H5N1)	814	4694
PB1|PP755595.1|A/cattle/Texas/24-008749-003/2024(H5N1)	815	4720
PB1|PP755595.1|A/cattle/Texas/24-008749-003/2024(H5N1)	816	4718
PB1|PP755595.1|A/cattle/Texas/24-008749-003/2024(H5N1)	817	4822
PB1|PP755595.1|A/cattle/Texas/24-008749-003/2024(H5N1)	818	4807
PB1|PP755595.1|A/cattle/Texas/24-008749-003/2024(H5N1)	819	4816
PB1|PP755595.1|A/cattle/Texas/24-008749-003/2024(H5N1)	820	4790
PB1|PP755595.1|A/cattle/Texas/24-008749-003/2024(H5N1)	821	4794
PB1|PP755595.1|A/cattle/Texas/24-008749-003/2024(H5N1)	822	4748
PB1|PP755595.1|A/cattle/Texas/24-008749-003/2024(H5N1)	823	4755
PB1|PP755595.1|A/cattle/Texas/24-008749-003/2024(H5N1)	824	4723
PB1|PP755595.1|A/cattle/Texas/24-008749-003/2024(H5N1)	825	4503
PB1|PP755595.1|A/cattle/Texas/24-008749-003/2024(H5N1)	826	4610
PB1|PP755595.1|A/cattle/Texas/24-008749-003/2024(H5N1)	827	4654
PB1|PP755595.1|A/cattle/Texas/24-008749-003/2024(H5N1)	828	4654
PB1|PP755595.1|A/cattle/Texas/24-008749-003/2024(H5N1)	829	4661
PB1|PP755595.1|A/cattle/Texas/24-008749-003/2024(H5N1)	830	4656
PB1|PP755595.1|A/cattle/Texas/24-008749-003/2024(H5N1)	831	4660
PB1|PP755595.1|A/cattle/Texas/24-008749-003/2024(H5N1)	832	4666
PB1|PP755595.1|A/cattle/Texas/24-008749-003/2024(H5N1)	833	4664
PB1|PP755595.1|A/cattle/Texas/24-008749-003/2024(H5N1)	834	4664
PB1|PP755595.1|A/cattle/Texas/24-008749-003/2024(H5N1)	835	4649
PB1|PP755595.1|A/cattle/Texas/24-008749-003/2024(H5N1)	836	4599
PB1|PP755595.1|A/cattle/Texas/24-008749-003/2024(H5N1)	837	4625
PB1|PP755595.1|A/cattle/Texas/24-008749-003/2024(H5N1)	838	4613
PB1|PP755595.1|A/cattle/Texas/24-008749-003/2024(H5N1)	839	4612
PB1|PP755595.1|A/cattle/Texas/24-008749-003/2024(H5N1)	840	4590
PB1|PP755595.1|A/cattle/Texas/24-008749-003/2024(H5N1)	841	4594
PB1|PP755595.1|A/cattle/Texas/24-008749-003/2024(H5N1)	842	4600
PB1|PP755595.1|A/cattle/Texas/24-008749-003/2024(H5N1)	843	4599
PB1|PP755595.1|A/cattle/Texas/24-008749-003/2024(H5N1)	844	4611
PB1|PP755595.1|A/cattle/Texas/24-008749-003/2024(H5N1)	845	4611
PB1|PP755595.1|A/cattle/Texas/24-008749-003/2024(H5N1)	846	4592
PB1|PP755595.1|A/cattle/Texas/24-008749-003/2024(H5N1)	847	4592
PB1|PP755595.1|A/cattle/Texas/24-008749-003/2024(H5N1)	848	4595
PB1|PP755595.1|A/cattle/Texas/24-008749-003/2024(H5N1)	849	4595
PB1|PP755595.1|A/cattle/Texas/24-008749-003/2024(H5N1)	850	4591
PB1|PP755595.1|A/cattle/Texas/24-008749-003/2024(H5N1)	851	4587
PB1|PP755595.1|A/cattle/Texas/24-008749-003/2024(H5N1)	852	4589
PB1|PP755595.1|A/cattle/Texas/24-008749-003/2024(H5N1)	853	4576
PB1|PP755595.1|A/cattle/Texas/24-008749-003/2024(H5N1)	854	4560
PB1|PP755595.1|A/cattle/Texas/24-008749-003/2024(H5N1)	855	4416
PB1|PP755595.1|A/cattle/Texas/24-008749-003/2024(H5N1)	856	4420
PB1|PP755595.1|A/cattle/Texas/24-008749-003/2024(H5N1)	857	4378
PB1|PP755595.1|A/cattle/Texas/24-008749-003/2024(H5N1)	858	4377
PB1|PP755595.1|A/cattle/Texas/24-008749-003/2024(H5N1)	859	4321
PB1|PP755595.1|A/cattle/Texas/24-008749-003/2024(H5N1)	860	4341
PB1|PP755595.1|A/cattle/Texas/24-008749-003/2024(H5N1)	861	4339
PB1|PP755595.1|A/cattle/Texas/24-008749-003/2024(H5N1)	862	4328
PB1|PP755595.1|A/cattle/Texas/24-008749-003/2024(H5N1)	863	4347
PB1|PP755595.1|A/cattle/Texas/24-008749-003/2024(H5N1)	864	5094
PB1|PP755595.1|A/cattle/Texas/24-008749-003/2024(H5N1)	865	5177
PB1|PP755595.1|A/cattle/Texas/24-008749-003/2024(H5N1)	866	5163
PB1|PP755595.1|A/cattle/Texas/24-008749-003/2024(H5N1)	867	5176
PB1|PP755595.1|A/cattle/Texas/24-008749-003/2024(H5N1)	868	5176
PB1|PP755595.1|A/cattle/Texas/24-008749-003/2024(H5N1)	869	5262
PB1|PP755595.1|A/cattle/Texas/24-008749-003/2024(H5N1)	870	5416
PB1|PP755595.1|A/cattle/Texas/24-008749-003/2024(H5N1)	871	5424
PB1|PP755595.1|A/cattle/Texas/24-008749-003/2024(H5N1)	872	5502
PB1|PP755595.1|A/cattle/Texas/24-008749-003/2024(H5N1)	873	5374
PB1|PP755595.1|A/cattle/Texas/24-008749-003/2024(H5N1)	874	5375
PB1|PP755595.1|A/cattle/Texas/24-008749-003/2024(H5N1)	875	5413
PB1|PP755595.1|A/cattle/Texas/24-008749-003/2024(H5N1)	876	5407
PB1|PP755595.1|A/cattle/Texas/24-008749-003/2024(H5N1)	877	5481
PB1|PP755595.1|A/cattle/Texas/24-008749-003/2024(H5N1)	878	5512
PB1|PP755595.1|A/cattle/Texas/24-008749-003/2024(H5N1)	879	5615
PB1|PP755595.1|A/cattle/Texas/24-008749-003/2024(H5N1)	880	5636
PB1|PP755595.1|A/cattle/Texas/24-008749-003/2024(H5N1)	881	5622
PB1|PP755595.1|A/cattle/Texas/24-008749-003/2024(H5N1)	882	5662
PB1|PP755595.1|A/cattle/Texas/24-008749-003/2024(H5N1)	883	5682
PB1|PP755595.1|A/cattle/Texas/24-008749-003/2024(H5N1)	884	6660
PB1|PP755595.1|A/cattle/Texas/24-008749-003/2024(H5N1)	885	6693
PB1|PP755595.1|A/cattle/Texas/24-008749-003/2024(H5N1)	886	6710
PB1|PP755595.1|A/cattle/Texas/24-008749-003/2024(H5N1)	887	6732
PB1|PP755595.1|A/cattle/Texas/24-008749-003/2024(H5N1)	888	6638
PB1|PP755595.1|A/cattle/Texas/24-008749-003/2024(H5N1)	889	6896
PB1|PP755595.1|A/cattle/Texas/24-008749-003/2024(H5N1)	890	6874
PB1|PP755595.1|A/cattle/Texas/24-008749-003/2024(H5N1)	891	7036
PB1|PP755595.1|A/cattle/Texas/24-008749-003/2024(H5N1)	892	7004
PB1|PP755595.1|A/cattle/Texas/24-008749-003/2024(H5N1)	893	6468
PB1|PP755595.1|A/cattle/Texas/24-008749-003/2024(H5N1)	894	6864
PB1|PP755595.1|A/cattle/Texas/24-008749-003/2024(H5N1)	895	6842
PB1|PP755595.1|A/cattle/Texas/24-008749-003/2024(H5N1)	896	6936
PB1|PP755595.1|A/cattle/Texas/24-008749-003/2024(H5N1)	897	6931
PB1|PP755595.1|A/cattle/Texas/24-008749-003/2024(H5N1)	898	6770
PB1|PP755595.1|A/cattle/Texas/24-008749-003/2024(H5N1)	899	6774
PB1|PP755595.1|A/cattle/Texas/24-008749-003/2024(H5N1)	900	6711
PB1|PP755595.1|A/cattle/Texas/24-008749-003/2024(H5N1)	901	6697
PB1|PP755595.1|A/cattle/Texas/24-008749-003/2024(H5N1)	902	6726
PB1|PP755595.1|A/cattle/Texas/24-008749-003/2024(H5N1)	903	6435
PB1|PP755595.1|A/cattle/Texas/24-008749-003/2024(H5N1)	904	6468
PB1|PP755595.1|A/cattle/Texas/24-008749-003/2024(H5N1)	905	6398
PB1|PP755595.1|A/cattle/Texas/24-008749-003/2024(H5N1)	906	6429
PB1|PP755595.1|A/cattle/Texas/24-008749-003/2024(H5N1)	907	6422
PB1|PP755595.1|A/cattle/Texas/24-008749-003/2024(H5N1)	908	6492
PB1|PP755595.1|A/cattle/Texas/24-008749-003/2024(H5N1)	909	6487
PB1|PP755595.1|A/cattle/Texas/24-008749-003/2024(H5N1)	910	6600
PB1|PP755595.1|A/cattle/Texas/24-008749-003/2024(H5N1)	911	6566
PB1|PP755595.1|A/cattle/Texas/24-008749-003/2024(H5N1)	912	6831
PB1|PP755595.1|A/cattle/Texas/24-008749-003/2024(H5N1)	913	6835
PB1|PP755595.1|A/cattle/Texas/24-008749-003/2024(H5N1)	914	6756
PB1|PP755595.1|A/cattle/Texas/24-008749-003/2024(H5N1)	915	6761
PB1|PP755595.1|A/cattle/Texas/24-008749-003/2024(H5N1)	916	6717
PB1|PP755595.1|A/cattle/Texas/24-008749-003/2024(H5N1)	917	6986
PB1|PP755595.1|A/cattle/Texas/24-008749-003/2024(H5N1)	918	7044
PB1|PP755595.1|A/cattle/Texas/24-008749-003/2024(H5N1)	919	6904
PB1|PP755595.1|A/cattle/Texas/24-008749-003/2024(H5N1)	920	6922
PB1|PP755595.1|A/cattle/Texas/24-008749-003/2024(H5N1)	921	6397
PB1|PP755595.1|A/cattle/Texas/24-008749-003/2024(H5N1)	922	6425
PB1|PP755595.1|A/cattle/Texas/24-008749-003/2024(H5N1)	923	6437
PB1|PP755595.1|A/cattle/Texas/24-008749-003/2024(H5N1)	924	6398
PB1|PP755595.1|A/cattle/Texas/24-008749-003/2024(H5N1)	925	6395
PB1|PP755595.1|A/cattle/Texas/24-008749-003/2024(H5N1)	926	5427
PB1|PP755595.1|A/cattle/Texas/24-008749-003/2024(H5N1)	927	5301
PB1|PP755595.1|A/cattle/Texas/24-008749-003/2024(H5N1)	928	5240
PB1|PP755595.1|A/cattle/Texas/24-008749-003/2024(H5N1)	929	5256
PB1|PP755595.1|A/cattle/Texas/24-008749-003/2024(H5N1)	930	5228
PB1|PP755595.1|A/cattle/Texas/24-008749-003/2024(H5N1)	931	5166
PB1|PP755595.1|A/cattle/Texas/24-008749-003/2024(H5N1)	932	5080
PB1|PP755595.1|A/cattle/Texas/24-008749-003/2024(H5N1)	933	4973
PB1|PP755595.1|A/cattle/Texas/24-008749-003/2024(H5N1)	934	4971
PB1|PP755595.1|A/cattle/Texas/24-008749-003/2024(H5N1)	935	4957
PB1|PP755595.1|A/cattle/Texas/24-008749-003/2024(H5N1)	936	5036
PB1|PP755595.1|A/cattle/Texas/24-008749-003/2024(H5N1)	937	5034
PB1|PP755595.1|A/cattle/Texas/24-008749-003/2024(H5N1)	938	5032
PB1|PP755595.1|A/cattle/Texas/24-008749-003/2024(H5N1)	939	5064
PB1|PP755595.1|A/cattle/Texas/24-008749-003/2024(H5N1)	940	5060
PB1|PP755595.1|A/cattle/Texas/24-008749-003/2024(H5N1)	941	5202
PB1|PP755595.1|A/cattle/Texas/24-008749-003/2024(H5N1)	942	5220
PB1|PP755595.1|A/cattle/Texas/24-008749-003/2024(H5N1)	943	5276
PB1|PP755595.1|A/cattle/Texas/24-008749-003/2024(H5N1)	944	5277
PB1|PP755595.1|A/cattle/Texas/24-008749-003/2024(H5N1)	945	5254
PB1|PP755595.1|A/cattle/Texas/24-008749-003/2024(H5N1)	946	5266
PB1|PP755595.1|A/cattle/Texas/24-008749-003/2024(H5N1)	947	5287
PB1|PP755595.1|A/cattle/Texas/24-008749-003/2024(H5N1)	948	5283
PB1|PP755595.1|A/cattle/Texas/24-008749-003/2024(H5N1)	949	5283
PB1|PP755595.1|A/cattle/Texas/24-008749-003/2024(H5N1)	950	5257
PB1|PP755595.1|A/cattle/Texas/24-008749-003/2024(H5N1)	951	5297
PB1|PP755595.1|A/cattle/Texas/24-008749-003/2024(H5N1)	952	5267
PB1|PP755595.1|A/cattle/Texas/24-008749-003/2024(H5N1)	953	5267
PB1|PP755595.1|A/cattle/Texas/24-008749-003/2024(H5N1)	954	5267
PB1|PP755595.1|A/cattle/Texas/24-008749-003/2024(H5N1)	955	5267
PB1|PP755595.1|A/cattle/Texas/24-008749-003/2024(H5N1)	956	5262
PB1|PP755595.1|A/cattle/Texas/24-008749-003/2024(H5N1)	957	5273
PB1|PP755595.1|A/cattle/Texas/24-008749-003/2024(H5N1)	958	5273
PB1|PP755595.1|A/cattle/Texas/24-008749-003/2024(H5N1)	959	5275
PB1|PP755595.1|A/cattle/Texas/24-008749-003/2024(H5N1)	960	5249
PB1|PP755595.1|A/cattle/Texas/24-008749-003/2024(H5N1)	961	5266
PB1|PP755595.1|A/cattle/Texas/24-008749-003/2024(H5N1)	962	5358
PB1|PP755595.1|A/cattle/Texas/24-008749-003/2024(H5N1)	963	5388
PB1|PP755595.1|A/cattle/Texas/24-008749-003/2024(H5N1)	964	5390
PB1|PP755595.1|A/cattle/Texas/24-008749-003/2024(H5N1)	965	5392
PB1|PP755595.1|A/cattle/Texas/24-008749-003/2024(H5N1)	966	5385
PB1|PP755595.1|A/cattle/Texas/24-008749-003/2024(H5N1)	967	5391
PB1|PP755595.1|A/cattle/Texas/24-008749-003/2024(H5N1)	968	5516
PB1|PP755595.1|A/cattle/Texas/24-008749-003/2024(H5N1)	969	5616
PB1|PP755595.1|A/cattle/Texas/24-008749-003/2024(H5N1)	970	5620
PB1|PP755595.1|A/cattle/Texas/24-008749-003/2024(H5N1)	971	5598
PB1|PP755595.1|A/cattle/Texas/24-008749-003/2024(H5N1)	972	5595
PB1|PP755595.1|A/cattle/Texas/24-008749-003/2024(H5N1)	973	5591
PB1|PP755595.1|A/cattle/Texas/24-008749-003/2024(H5N1)	974	5587
PB1|PP755595.1|A/cattle/Texas/24-008749-003/2024(H5N1)	975	5577
PB1|PP755595.1|A/cattle/Texas/24-008749-003/2024(H5N1)	976	5583
PB1|PP755595.1|A/cattle/Texas/24-008749-003/2024(H5N1)	977	5559
PB1|PP755595.1|A/cattle/Texas/24-008749-003/2024(H5N1)	978	5461
PB1|PP755595.1|A/cattle/Texas/24-008749-003/2024(H5N1)	979	5459
PB1|PP755595.1|A/cattle/Texas/24-008749-003/2024(H5N1)	980	5436
PB1|PP755595.1|A/cattle/Texas/24-008749-003/2024(H5N1)	981	5510
PB1|PP755595.1|A/cattle/Texas/24-008749-003/2024(H5N1)	982	5503
PB1|PP755595.1|A/cattle/Texas/24-008749-003/2024(H5N1)	983	5501
PB1|PP755595.1|A/cattle/Texas/24-008749-003/2024(H5N1)	984	5500
PB1|PP755595.1|A/cattle/Texas/24-008749-003/2024(H5N1)	985	5490
PB1|PP755595.1|A/cattle/Texas/24-008749-003/2024(H5N1)	986	5540
PB1|PP755595.1|A/cattle/Texas/24-008749-003/2024(H5N1)	987	5541
PB1|PP755595.1|A/cattle/Texas/24-008749-003/2024(H5N1)	988	5557
PB1|PP755595.1|A/cattle/Texas/24-008749-003/2024(H5N1)	989	5557
PB1|PP755595.1|A/cattle/Texas/24-008749-003/2024(H5N1)	990	5509
PB1|PP755595.1|A/cattle/Texas/24-008749-003/2024(H5N1)	991	5514
PB1|PP755595.1|A/cattle/Texas/24-008749-003/2024(H5N1)	992	5512
PB1|PP755595.1|A/cattle/Texas/24-008749-003/2024(H5N1)	993	5512
PB1|PP755595.1|A/cattle/Texas/24-008749-003/2024(H5N1)	994	5516
PB1|PP755595.1|A/cattle/Texas/24-008749-003/2024(H5N1)	995	5463
PB1|PP755595.1|A/cattle/Texas/24-008749-003/2024(H5N1)	996	5630
PB1|PP755595.1|A/cattle/Texas/24-008749-003/2024(H5N1)	997	5595
PB1|PP755595.1|A/cattle/Texas/24-008749-003/2024(H5N1)	998	5596
PB1|PP755595.1|A/cattle/Texas/24-008749-003/2024(H5N1)	999	5608
PB1|PP755595.1|A/cattle/Texas/24-008749-003/2024(H5N1)	1000	5598
PB1|PP755595.1|A/cattle/Texas/24-008749-003/2024(H5N1)	1001	5669
PB1|PP755595.1|A/cattle/Texas/24-008749-003/2024(H5N1)	1002	5677
PB1|PP755595.1|A/cattle/Texas/24-008749-003/2024(H5N1)	1003	5707
PB1|PP755595.1|A/cattle/Texas/24-008749-003/2024(H5N1)	1004	5721
PB1|PP755595.1|A/cattle/Texas/24-008749-003/2024(H5N1)	1005	5374
PB1|PP755595.1|A/cattle/Texas/24-008749-003/2024(H5N1)	1006	7300
PB1|PP755595.1|A/cattle/Texas/24-008749-003/2024(H5N1)	1007	7303
PB1|PP755595.1|A/cattle/Texas/24-008749-003/2024(H5N1)	1008	7791
PB1|PP755595.1|A/cattle/Texas/24-008749-003/2024(H5N1)	1009	7791
PB1|PP755595.1|A/cattle/Texas/24-008749-003/2024(H5N1)	1010	7606
PB1|PP755595.1|A/cattle/Texas/24-008749-003/2024(H5N1)	1011	7749
PB1|PP755595.1|A/cattle/Texas/24-008749-003/2024(H5N1)	1012	7737
PB1|PP755595.1|A/cattle/Texas/24-008749-003/2024(H5N1)	1013	8513
PB1|PP755595.1|A/cattle/Texas/24-008749-003/2024(H5N1)	1014	8518
PB1|PP755595.1|A/cattle/Texas/24-008749-003/2024(H5N1)	1015	8225
PB1|PP755595.1|A/cattle/Texas/24-008749-003/2024(H5N1)	1016	8275
PB1|PP755595.1|A/cattle/Texas/24-008749-003/2024(H5N1)	1017	8218
PB1|PP755595.1|A/cattle/Texas/24-008749-003/2024(H5N1)	1018	8263
PB1|PP755595.1|A/cattle/Texas/24-008749-003/2024(H5N1)	1019	8466
PB1|PP755595.1|A/cattle/Texas/24-008749-003/2024(H5N1)	1020	8456
PB1|PP755595.1|A/cattle/Texas/24-008749-003/2024(H5N1)	1021	10570
PB1|PP755595.1|A/cattle/Texas/24-008749-003/2024(H5N1)	1022	10494
PB1|PP755595.1|A/cattle/Texas/24-008749-003/2024(H5N1)	1023	10475
PB1|PP755595.1|A/cattle/Texas/24-008749-003/2024(H5N1)	1024	10728
PB1|PP755595.1|A/cattle/Texas/24-008749-003/2024(H5N1)	1025	10718
PB1|PP755595.1|A/cattle/Texas/24-008749-003/2024(H5N1)	1026	10714
PB1|PP755595.1|A/cattle/Texas/24-008749-003/2024(H5N1)	1027	10720
PB1|PP755595.1|A/cattle/Texas/24-008749-003/2024(H5N1)	1028	10668
PB1|PP755595.1|A/cattle/Texas/24-008749-003/2024(H5N1)	1029	10698
PB1|PP755595.1|A/cattle/Texas/24-008749-003/2024(H5N1)	1030	10266
PB1|PP755595.1|A/cattle/Texas/24-008749-003/2024(H5N1)	1031	10261
PB1|PP755595.1|A/cattle/Texas/24-008749-003/2024(H5N1)	1032	10281
PB1|PP755595.1|A/cattle/Texas/24-008749-003/2024(H5N1)	1033	10219
PB1|PP755595.1|A/cattle/Texas/24-008749-003/2024(H5N1)	1034	10235
PB1|PP755595.1|A/cattle/Texas/24-008749-003/2024(H5N1)	1035	10235
PB1|PP755595.1|A/cattle/Texas/24-008749-003/2024(H5N1)	1036	10240
PB1|PP755595.1|A/cattle/Texas/24-008749-003/2024(H5N1)	1037	10241
PB1|PP755595.1|A/cattle/Texas/24-008749-003/2024(H5N1)	1038	10269
PB1|PP755595.1|A/cattle/Texas/24-008749-003/2024(H5N1)	1039	10261
PB1|PP755595.1|A/cattle/Texas/24-008749-003/2024(H5N1)	1040	10267
PB1|PP755595.1|A/cattle/Texas/24-008749-003/2024(H5N1)	1041	10264
PB1|PP755595.1|A/cattle/Texas/24-008749-003/2024(H5N1)	1042	10271
PB1|PP755595.1|A/cattle/Texas/24-008749-003/2024(H5N1)	1043	10359
PB1|PP755595.1|A/cattle/Texas/24-008749-003/2024(H5N1)	1044	10422
PB1|PP755595.1|A/cattle/Texas/24-008749-003/2024(H5N1)	1045	10423
PB1|PP755595.1|A/cattle/Texas/24-008749-003/2024(H5N1)	1046	10427
PB1|PP755595.1|A/cattle/Texas/24-008749-003/2024(H5N1)	1047	10409
PB1|PP755595.1|A/cattle/Texas/24-008749-003/2024(H5N1)	1048	10575
PB1|PP755595.1|A/cattle/Texas/24-008749-003/2024(H5N1)	1049	11080
PB1|PP755595.1|A/cattle/Texas/24-008749-003/2024(H5N1)	1050	11124
PB1|PP755595.1|A/cattle/Texas/24-008749-003/2024(H5N1)	1051	11163
PB1|PP755595.1|A/cattle/Texas/24-008749-003/2024(H5N1)	1052	11102
PB1|PP755595.1|A/cattle/Texas/24-008749-003/2024(H5N1)	1053	11117
PB1|PP755595.1|A/cattle/Texas/24-008749-003/2024(H5N1)	1054	11323
PB1|PP755595.1|A/cattle/Texas/24-008749-003/2024(H5N1)	1055	11356
PB1|PP755595.1|A/cattle/Texas/24-008749-003/2024(H5N1)	1056	11361
PB1|PP755595.1|A/cattle/Texas/24-008749-003/2024(H5N1)	1057	11222
PB1|PP755595.1|A/cattle/Texas/24-008749-003/2024(H5N1)	1058	10928
PB1|PP755595.1|A/cattle/Texas/24-008749-003/2024(H5N1)	1059	10864
PB1|PP755595.1|A/cattle/Texas/24-008749-003/2024(H5N1)	1060	11575
PB1|PP755595.1|A/cattle/Texas/24-008749-003/2024(H5N1)	1061	11581
PB1|PP755595.1|A/cattle/Texas/24-008749-003/2024(H5N1)	1062	11653
PB1|PP755595.1|A/cattle/Texas/24-008749-003/2024(H5N1)	1063	11378
PB1|PP755595.1|A/cattle/Texas/24-008749-003/2024(H5N1)	1064	11355
PB1|PP755595.1|A/cattle/Texas/24-008749-003/2024(H5N1)	1065	11356
PB1|PP755595.1|A/cattle/Texas/24-008749-003/2024(H5N1)	1066	11360
PB1|PP755595.1|A/cattle/Texas/24-008749-003/2024(H5N1)	1067	11368
PB1|PP755595.1|A/cattle/Texas/24-008749-003/2024(H5N1)	1068	11502
PB1|PP755595.1|A/cattle/Texas/24-008749-003/2024(H5N1)	1069	10732
PB1|PP755595.1|A/cattle/Texas/24-008749-003/2024(H5N1)	1070	10724
PB1|PP755595.1|A/cattle/Texas/24-008749-003/2024(H5N1)	1071	10610
PB1|PP755595.1|A/cattle/Texas/24-008749-003/2024(H5N1)	1072	10618
PB1|PP755595.1|A/cattle/Texas/24-008749-003/2024(H5N1)	1073	10612
PB1|PP755595.1|A/cattle/Texas/24-008749-003/2024(H5N1)	1074	10671
PB1|PP755595.1|A/cattle/Texas/24-008749-003/2024(H5N1)	1075	10680
PB1|PP755595.1|A/cattle/Texas/24-008749-003/2024(H5N1)	1076	10752
PB1|PP755595.1|A/cattle/Texas/24-008749-003/2024(H5N1)	1077	10568
PB1|PP755595.1|A/cattle/Texas/24-008749-003/2024(H5N1)	1078	10543
PB1|PP755595.1|A/cattle/Texas/24-008749-003/2024(H5N1)	1079	10535
PB1|PP755595.1|A/cattle/Texas/24-008749-003/2024(H5N1)	1080	10599
PB1|PP755595.1|A/cattle/Texas/24-008749-003/2024(H5N1)	1081	10636
PB1|PP755595.1|A/cattle/Texas/24-008749-003/2024(H5N1)	1082	10806
PB1|PP755595.1|A/cattle/Texas/24-008749-003/2024(H5N1)	1083	10688
PB1|PP755595.1|A/cattle/Texas/24-008749-003/2024(H5N1)	1084	10669
PB1|PP755595.1|A/cattle/Texas/24-008749-003/2024(H5N1)	1085	10553
PB1|PP755595.1|A/cattle/Texas/24-008749-003/2024(H5N1)	1086	10523
PB1|PP755595.1|A/cattle/Texas/24-008749-003/2024(H5N1)	1087	10523
PB1|PP755595.1|A/cattle/Texas/24-008749-003/2024(H5N1)	1088	10518
PB1|PP755595.1|A/cattle/Texas/24-008749-003/2024(H5N1)	1089	10537
PB1|PP755595.1|A/cattle/Texas/24-008749-003/2024(H5N1)	1090	10395
PB1|PP755595.1|A/cattle/Texas/24-008749-003/2024(H5N1)	1091	9854
PB1|PP755595.1|A/cattle/Texas/24-008749-003/2024(H5N1)	1092	9857
PB1|PP755595.1|A/cattle/Texas/24-008749-003/2024(H5N1)	1093	9839
PB1|PP755595.1|A/cattle/Texas/24-008749-003/2024(H5N1)	1094	9844
PB1|PP755595.1|A/cattle/Texas/24-008749-003/2024(H5N1)	1095	9846
PB1|PP755595.1|A/cattle/Texas/24-008749-003/2024(H5N1)	1096	9850
PB1|PP755595.1|A/cattle/Texas/24-008749-003/2024(H5N1)	1097	10028
PB1|PP755595.1|A/cattle/Texas/24-008749-003/2024(H5N1)	1098	9767
PB1|PP755595.1|A/cattle/Texas/24-008749-003/2024(H5N1)	1099	9817
PB1|PP755595.1|A/cattle/Texas/24-008749-003/2024(H5N1)	1100	9645
PB1|PP755595.1|A/cattle/Texas/24-008749-003/2024(H5N1)	1101	9681
PB1|PP755595.1|A/cattle/Texas/24-008749-003/2024(H5N1)	1102	9681
PB1|PP755595.1|A/cattle/Texas/24-008749-003/2024(H5N1)	1103	9665
PB1|PP755595.1|A/cattle/Texas/24-008749-003/2024(H5N1)	1104	9601
PB1|PP755595.1|A/cattle/Texas/24-008749-003/2024(H5N1)	1105	9601
PB1|PP755595.1|A/cattle/Texas/24-008749-003/2024(H5N1)	1106	8731
PB1|PP755595.1|A/cattle/Texas/24-008749-003/2024(H5N1)	1107	8693
PB1|PP755595.1|A/cattle/Texas/24-008749-003/2024(H5N1)	1108	8676
PB1|PP755595.1|A/cattle/Texas/24-008749-003/2024(H5N1)	1109	8672
PB1|PP755595.1|A/cattle/Texas/24-008749-003/2024(H5N1)	1110	8656
PB1|PP755595.1|A/cattle/Texas/24-008749-003/2024(H5N1)	1111	8665
PB1|PP755595.1|A/cattle/Texas/24-008749-003/2024(H5N1)	1112	8663
PB1|PP755595.1|A/cattle/Texas/24-008749-003/2024(H5N1)	1113	8663
PB1|PP755595.1|A/cattle/Texas/24-008749-003/2024(H5N1)	1114	8718
PB1|PP755595.1|A/cattle/Texas/24-008749-003/2024(H5N1)	1115	8714
PB1|PP755595.1|A/cattle/Texas/24-008749-003/2024(H5N1)	1116	8714
PB1|PP755595.1|A/cattle/Texas/24-008749-003/2024(H5N1)	1117	8712
PB1|PP755595.1|A/cattle/Texas/24-008749-003/2024(H5N1)	1118	8708
PB1|PP755595.1|A/cattle/Texas/24-008749-003/2024(H5N1)	1119	8790
PB1|PP755595.1|A/cattle/Texas/24-008749-003/2024(H5N1)	1120	8790
PB1|PP755595.1|A/cattle/Texas/24-008749-003/2024(H5N1)	1121	8782
PB1|PP755595.1|A/cattle/Texas/24-008749-003/2024(H5N1)	1122	8786
PB1|PP755595.1|A/cattle/Texas/24-008749-003/2024(H5N1)	1123	8743
PB1|PP755595.1|A/cattle/Texas/24-008749-003/2024(H5N1)	1124	8830
PB1|PP755595.1|A/cattle/Texas/24-008749-003/2024(H5N1)	1125	8830
PB1|PP755595.1|A/cattle/Texas/24-008749-003/2024(H5N1)	1126	8820
PB1|PP755595.1|A/cattle/Texas/24-008749-003/2024(H5N1)	1127	8822
PB1|PP755595.1|A/cattle/Texas/24-008749-003/2024(H5N1)	1128	8740
PB1|PP755595.1|A/cattle/Texas/24-008749-003/2024(H5N1)	1129	8842
PB1|PP755595.1|A/cattle/Texas/24-008749-003/2024(H5N1)	1130	8870
PB1|PP755595.1|A/cattle/Texas/24-008749-003/2024(H5N1)	1131	8872
PB1|PP755595.1|A/cattle/Texas/24-008749-003/2024(H5N1)	1132	8893
PB1|PP755595.1|A/cattle/Texas/24-008749-003/2024(H5N1)	1133	8793
PB1|PP755595.1|A/cattle/Texas/24-008749-003/2024(H5N1)	1134	8849
PB1|PP755595.1|A/cattle/Texas/24-008749-003/2024(H5N1)	1135	8853
PB1|PP755595.1|A/cattle/Texas/24-008749-003/2024(H5N1)	1136	8853
PB1|PP755595.1|A/cattle/Texas/24-008749-003/2024(H5N1)	1137	8861
PB1|PP755595.1|A/cattle/Texas/24-008749-003/2024(H5N1)	1138	8746
PB1|PP755595.1|A/cattle/Texas/24-008749-003/2024(H5N1)	1139	8785
PB1|PP755595.1|A/cattle/Texas/24-008749-003/2024(H5N1)	1140	8797
PB1|PP755595.1|A/cattle/Texas/24-008749-003/2024(H5N1)	1141	8767
PB1|PP755595.1|A/cattle/Texas/24-008749-003/2024(H5N1)	1142	8763
PB1|PP755595.1|A/cattle/Texas/24-008749-003/2024(H5N1)	1143	8696
PB1|PP755595.1|A/cattle/Texas/24-008749-003/2024(H5N1)	1144	8679
PB1|PP755595.1|A/cattle/Texas/24-008749-003/2024(H5N1)	1145	8675
PB1|PP755595.1|A/cattle/Texas/24-008749-003/2024(H5N1)	1146	8659
PB1|PP755595.1|A/cattle/Texas/24-008749-003/2024(H5N1)	1147	8661
PB1|PP755595.1|A/cattle/Texas/24-008749-003/2024(H5N1)	1148	8537
PB1|PP755595.1|A/cattle/Texas/24-008749-003/2024(H5N1)	1149	8567
PB1|PP755595.1|A/cattle/Texas/24-008749-003/2024(H5N1)	1150	8545
PB1|PP755595.1|A/cattle/Texas/24-008749-003/2024(H5N1)	1151	8552
PB1|PP755595.1|A/cattle/Texas/24-008749-003/2024(H5N1)	1152	8586
PB1|PP755595.1|A/cattle/Texas/24-008749-003/2024(H5N1)	1153	8594
PB1|PP755595.1|A/cattle/Texas/24-008749-003/2024(H5N1)	1154	8594
PB1|PP755595.1|A/cattle/Texas/24-008749-003/2024(H5N1)	1155	8590
PB1|PP755595.1|A/cattle/Texas/24-008749-003/2024(H5N1)	1156	8576
PB1|PP755595.1|A/cattle/Texas/24-008749-003/2024(H5N1)	1157	8562
PB1|PP755595.1|A/cattle/Texas/24-008749-003/2024(H5N1)	1158	8540
PB1|PP755595.1|A/cattle/Texas/24-008749-003/2024(H5N1)	1159	8532
PB1|PP755595.1|A/cattle/Texas/24-008749-003/2024(H5N1)	1160	8543
PB1|PP755595.1|A/cattle/Texas/24-008749-003/2024(H5N1)	1161	8547
PB1|PP755595.1|A/cattle/Texas/24-008749-003/2024(H5N1)	1162	8543
PB1|PP755595.1|A/cattle/Texas/24-008749-003/2024(H5N1)	1163	8545
PB1|PP755595.1|A/cattle/Texas/24-008749-003/2024(H5N1)	1164	8545
PB1|PP755595.1|A/cattle/Texas/24-008749-003/2024(H5N1)	1165	8542
PB1|PP755595.1|A/cattle/Texas/24-008749-003/2024(H5N1)	1166	8540
PB1|PP755595.1|A/cattle/Texas/24-008749-003/2024(H5N1)	1167	8418
PB1|PP755595.1|A/cattle/Texas/24-008749-003/2024(H5N1)	1168	8418
PB1|PP755595.1|A/cattle/Texas/24-008749-003/2024(H5N1)	1169	8398
PB1|PP755595.1|A/cattle/Texas/24-008749-003/2024(H5N1)	1170	8404
PB1|PP755595.1|A/cattle/Texas/24-008749-003/2024(H5N1)	1171	8388
PB1|PP755595.1|A/cattle/Texas/24-008749-003/2024(H5N1)	1172	8362
PB1|PP755595.1|A/cattle/Texas/24-008749-003/2024(H5N1)	1173	8412
PB1|PP755595.1|A/cattle/Texas/24-008749-003/2024(H5N1)	1174	8398
PB1|PP755595.1|A/cattle/Texas/24-008749-003/2024(H5N1)	1175	8398
PB1|PP755595.1|A/cattle/Texas/24-008749-003/2024(H5N1)	1176	8394
PB1|PP755595.1|A/cattle/Texas/24-008749-003/2024(H5N1)	1177	8374
PB1|PP755595.1|A/cattle/Texas/24-008749-003/2024(H5N1)	1178	8391
PB1|PP755595.1|A/cattle/Texas/24-008749-003/2024(H5N1)	1179	8346
PB1|PP755595.1|A/cattle/Texas/24-008749-003/2024(H5N1)	1180	8498
PB1|PP755595.1|A/cattle/Texas/24-008749-003/2024(H5N1)	1181	8332
PB1|PP755595.1|A/cattle/Texas/24-008749-003/2024(H5N1)	1182	7964
PB1|PP755595.1|A/cattle/Texas/24-008749-003/2024(H5N1)	1183	8020
PB1|PP755595.1|A/cattle/Texas/24-008749-003/2024(H5N1)	1184	8052
PB1|PP755595.1|A/cattle/Texas/24-008749-003/2024(H5N1)	1185	8107
PB1|PP755595.1|A/cattle/Texas/24-008749-003/2024(H5N1)	1186	8279
PB1|PP755595.1|A/cattle/Texas/24-008749-003/2024(H5N1)	1187	8200
PB1|PP755595.1|A/cattle/Texas/24-008749-003/2024(H5N1)	1188	8266
PB1|PP755595.1|A/cattle/Texas/24-008749-003/2024(H5N1)	1189	8268
PB1|PP755595.1|A/cattle/Texas/24-008749-003/2024(H5N1)	1190	8264
PB1|PP755595.1|A/cattle/Texas/24-008749-003/2024(H5N1)	1191	8447
PB1|PP755595.1|A/cattle/Texas/24-008749-003/2024(H5N1)	1192	8410
PB1|PP755595.1|A/cattle/Texas/24-008749-003/2024(H5N1)	1193	8080
PB1|PP755595.1|A/cattle/Texas/24-008749-003/2024(H5N1)	1194	8137
PB1|PP755595.1|A/cattle/Texas/24-008749-003/2024(H5N1)	1195	8257
PB1|PP755595.1|A/cattle/Texas/24-008749-003/2024(H5N1)	1196	8392
PB1|PP755595.1|A/cattle/Texas/24-008749-003/2024(H5N1)	1197	8314
PB1|PP755595.1|A/cattle/Texas/24-008749-003/2024(H5N1)	1198	8308
PB1|PP755595.1|A/cattle/Texas/24-008749-003/2024(H5N1)	1199	8306
PB1|PP755595.1|A/cattle/Texas/24-008749-003/2024(H5N1)	1200	8194
PB1|PP755595.1|A/cattle/Texas/24-008749-003/2024(H5N1)	1201	8438
PB1|PP755595.1|A/cattle/Texas/24-008749-003/2024(H5N1)	1202	8428
PB1|PP755595.1|A/cattle/Texas/24-008749-003/2024(H5N1)	1203	8364
PB1|PP755595.1|A/cattle/Texas/24-008749-003/2024(H5N1)	1204	7950
PB1|PP755595.1|A/cattle/Texas/24-008749-003/2024(H5N1)	1205	8476
PB1|PP755595.1|A/cattle/Texas/24-008749-003/2024(H5N1)	1206	8467
PB1|PP755595.1|A/cattle/Texas/24-008749-003/2024(H5N1)	1207	8466
PB1|PP755595.1|A/cattle/Texas/24-008749-003/2024(H5N1)	1208	8460
PB1|PP755595.1|A/cattle/Texas/24-008749-003/2024(H5N1)	1209	8427
PB1|PP755595.1|A/cattle/Texas/24-008749-003/2024(H5N1)	1210	8195
PB1|PP755595.1|A/cattle/Texas/24-008749-003/2024(H5N1)	1211	8596
PB1|PP755595.1|A/cattle/Texas/24-008749-003/2024(H5N1)	1212	8602
PB1|PP755595.1|A/cattle/Texas/24-008749-003/2024(H5N1)	1213	8572
PB1|PP755595.1|A/cattle/Texas/24-008749-003/2024(H5N1)	1214	7888
PB1|PP755595.1|A/cattle/Texas/24-008749-003/2024(H5N1)	1215	7859
PB1|PP755595.1|A/cattle/Texas/24-008749-003/2024(H5N1)	1216	7962
PB1|PP755595.1|A/cattle/Texas/24-008749-003/2024(H5N1)	1217	8052
PB1|PP755595.1|A/cattle/Texas/24-008749-003/2024(H5N1)	1218	8048
PB1|PP755595.1|A/cattle/Texas/24-008749-003/2024(H5N1)	1219	8056
PB1|PP755595.1|A/cattle/Texas/24-008749-003/2024(H5N1)	1220	7481
PB1|PP755595.1|A/cattle/Texas/24-008749-003/2024(H5N1)	1221	7532
PB1|PP755595.1|A/cattle/Texas/24-008749-003/2024(H5N1)	1222	7573
PB1|PP755595.1|A/cattle/Texas/24-008749-003/2024(H5N1)	1223	7507
PB1|PP755595.1|A/cattle/Texas/24-008749-003/2024(H5N1)	1224	7508
PB1|PP755595.1|A/cattle/Texas/24-008749-003/2024(H5N1)	1225	7332
PB1|PP755595.1|A/cattle/Texas/24-008749-003/2024(H5N1)	1226	7110
PB1|PP755595.1|A/cattle/Texas/24-008749-003/2024(H5N1)	1227	7115
PB1|PP755595.1|A/cattle/Texas/24-008749-003/2024(H5N1)	1228	7181
PB1|PP755595.1|A/cattle/Texas/24-008749-003/2024(H5N1)	1229	7182
PB1|PP755595.1|A/cattle/Texas/24-008749-003/2024(H5N1)	1230	7005
PB1|PP755595.1|A/cattle/Texas/24-008749-003/2024(H5N1)	1231	6896
PB1|PP755595.1|A/cattle/Texas/24-008749-003/2024(H5N1)	1232	6838
PB1|PP755595.1|A/cattle/Texas/24-008749-003/2024(H5N1)	1233	6924
PB1|PP755595.1|A/cattle/Texas/24-008749-003/2024(H5N1)	1234	6927
PB1|PP755595.1|A/cattle/Texas/24-008749-003/2024(H5N1)	1235	6935
PB1|PP755595.1|A/cattle/Texas/24-008749-003/2024(H5N1)	1236	6932
PB1|PP755595.1|A/cattle/Texas/24-008749-003/2024(H5N1)	1237	6586
PB1|PP755595.1|A/cattle/Texas/24-008749-003/2024(H5N1)	1238	6592
PB1|PP755595.1|A/cattle/Texas/24-008749-003/2024(H5N1)	1239	6587
PB1|PP755595.1|A/cattle/Texas/24-008749-003/2024(H5N1)	1240	6556
PB1|PP755595.1|A/cattle/Texas/24-008749-003/2024(H5N1)	1241	6429
PB1|PP755595.1|A/cattle/Texas/24-008749-003/2024(H5N1)	1242	6052
PB1|PP755595.1|A/cattle/Texas/24-008749-003/2024(H5N1)	1243	6048
PB1|PP755595.1|A/cattle/Texas/24-008749-003/2024(H5N1)	1244	5865
PB1|PP755595.1|A/cattle/Texas/24-008749-003/2024(H5N1)	1245	6012
PB1|PP755595.1|A/cattle/Texas/24-008749-003/2024(H5N1)	1246	5891
PB1|PP755595.1|A/cattle/Texas/24-008749-003/2024(H5N1)	1247	6176
PB1|PP755595.1|A/cattle/Texas/24-008749-003/2024(H5N1)	1248	6159
PB1|PP755595.1|A/cattle/Texas/24-008749-003/2024(H5N1)	1249	5985
PB1|PP755595.1|A/cattle/Texas/24-008749-003/2024(H5N1)	1250	6003
PB1|PP755595.1|A/cattle/Texas/24-008749-003/2024(H5N1)	1251	4648
PB1|PP755595.1|A/cattle/Texas/24-008749-003/2024(H5N1)	1252	4877
PB1|PP755595.1|A/cattle/Texas/24-008749-003/2024(H5N1)	1253	4855
PB1|PP755595.1|A/cattle/Texas/24-008749-003/2024(H5N1)	1254	4125
PB1|PP755595.1|A/cattle/Texas/24-008749-003/2024(H5N1)	1255	4123
PB1|PP755595.1|A/cattle/Texas/24-008749-003/2024(H5N1)	1256	3726
PB1|PP755595.1|A/cattle/Texas/24-008749-003/2024(H5N1)	1257	3732
PB1|PP755595.1|A/cattle/Texas/24-008749-003/2024(H5N1)	1258	3727
PB1|PP755595.1|A/cattle/Texas/24-008749-003/2024(H5N1)	1259	3732
PB1|PP755595.1|A/cattle/Texas/24-008749-003/2024(H5N1)	1260	3727
PB1|PP755595.1|A/cattle/Texas/24-008749-003/2024(H5N1)	1261	3707
PB1|PP755595.1|A/cattle/Texas/24-008749-003/2024(H5N1)	1262	3695
PB1|PP755595.1|A/cattle/Texas/24-008749-003/2024(H5N1)	1263	3695
PB1|PP755595.1|A/cattle/Texas/24-008749-003/2024(H5N1)	1264	3695
PB1|PP755595.1|A/cattle/Texas/24-008749-003/2024(H5N1)	1265	3696
PB1|PP755595.1|A/cattle/Texas/24-008749-003/2024(H5N1)	1266	3696
PB1|PP755595.1|A/cattle/Texas/24-008749-003/2024(H5N1)	1267	3731
PB1|PP755595.1|A/cattle/Texas/24-008749-003/2024(H5N1)	1268	3737
PB1|PP755595.1|A/cattle/Texas/24-008749-003/2024(H5N1)	1269	3764
PB1|PP755595.1|A/cattle/Texas/24-008749-003/2024(H5N1)	1270	3770
PB1|PP755595.1|A/cattle/Texas/24-008749-003/2024(H5N1)	1271	3767
PB1|PP755595.1|A/cattle/Texas/24-008749-003/2024(H5N1)	1272	3761
PB1|PP755595.1|A/cattle/Texas/24-008749-003/2024(H5N1)	1273	3769
PB1|PP755595.1|A/cattle/Texas/24-008749-003/2024(H5N1)	1274	3805
PB1|PP755595.1|A/cattle/Texas/24-008749-003/2024(H5N1)	1275	3807
PB1|PP755595.1|A/cattle/Texas/24-008749-003/2024(H5N1)	1276	3799
PB1|PP755595.1|A/cattle/Texas/24-008749-003/2024(H5N1)	1277	3799
PB1|PP755595.1|A/cattle/Texas/24-008749-003/2024(H5N1)	1278	3793
PB1|PP755595.1|A/cattle/Texas/24-008749-003/2024(H5N1)	1279	3800
PB1|PP755595.1|A/cattle/Texas/24-008749-003/2024(H5N1)	1280	3821
PB1|PP755595.1|A/cattle/Texas/24-008749-003/2024(H5N1)	1281	3821
PB1|PP755595.1|A/cattle/Texas/24-008749-003/2024(H5N1)	1282	3822
PB1|PP755595.1|A/cattle/Texas/24-008749-003/2024(H5N1)	1283	3812
PB1|PP755595.1|A/cattle/Texas/24-008749-003/2024(H5N1)	1284	3820
PB1|PP755595.1|A/cattle/Texas/24-008749-003/2024(H5N1)	1285	3820
PB1|PP755595.1|A/cattle/Texas/24-008749-003/2024(H5N1)	1286	3821
PB1|PP755595.1|A/cattle/Texas/24-008749-003/2024(H5N1)	1287	3853
PB1|PP755595.1|A/cattle/Texas/24-008749-003/2024(H5N1)	1288	3861
PB1|PP755595.1|A/cattle/Texas/24-008749-003/2024(H5N1)	1289	3849
PB1|PP755595.1|A/cattle/Texas/24-008749-003/2024(H5N1)	1290	3851
PB1|PP755595.1|A/cattle/Texas/24-008749-003/2024(H5N1)	1291	3851
PB1|PP755595.1|A/cattle/Texas/24-008749-003/2024(H5N1)	1292	3853
PB1|PP755595.1|A/cattle/Texas/24-008749-003/2024(H5N1)	1293	3915
PB1|PP755595.1|A/cattle/Texas/24-008749-003/2024(H5N1)	1294	3905
PB1|PP755595.1|A/cattle/Texas/24-008749-003/2024(H5N1)	1295	3919
PB1|PP755595.1|A/cattle/Texas/24-008749-003/2024(H5N1)	1296	3901
PB1|PP755595.1|A/cattle/Texas/24-008749-003/2024(H5N1)	1297	3898
PB1|PP755595.1|A/cattle/Texas/24-008749-003/2024(H5N1)	1298	3911
PB1|PP755595.1|A/cattle/Texas/24-008749-003/2024(H5N1)	1299	3901
PB1|PP755595.1|A/cattle/Texas/24-008749-003/2024(H5N1)	1300	3941
PB1|PP755595.1|A/cattle/Texas/24-008749-003/2024(H5N1)	1301	3956
PB1|PP755595.1|A/cattle/Texas/24-008749-003/2024(H5N1)	1302	3920
PB1|PP755595.1|A/cattle/Texas/24-008749-003/2024(H5N1)	1303	3964
PB1|PP755595.1|A/cattle/Texas/24-008749-003/2024(H5N1)	1304	3959
PB1|PP755595.1|A/cattle/Texas/24-008749-003/2024(H5N1)	1305	3963
PB1|PP755595.1|A/cattle/Texas/24-008749-003/2024(H5N1)	1306	3965
PB1|PP755595.1|A/cattle/Texas/24-008749-003/2024(H5N1)	1307	3948
PB1|PP755595.1|A/cattle/Texas/24-008749-003/2024(H5N1)	1308	3965
PB1|PP755595.1|A/cattle/Texas/24-008749-003/2024(H5N1)	1309	3943
PB1|PP755595.1|A/cattle/Texas/24-008749-003/2024(H5N1)	1310	3951
PB1|PP755595.1|A/cattle/Texas/24-008749-003/2024(H5N1)	1311	3949
PB1|PP755595.1|A/cattle/Texas/24-008749-003/2024(H5N1)	1312	3913
PB1|PP755595.1|A/cattle/Texas/24-008749-003/2024(H5N1)	1313	3928
PB1|PP755595.1|A/cattle/Texas/24-008749-003/2024(H5N1)	1314	3910
PB1|PP755595.1|A/cattle/Texas/24-008749-003/2024(H5N1)	1315	3905
PB1|PP755595.1|A/cattle/Texas/24-008749-003/2024(H5N1)	1316	3901
PB1|PP755595.1|A/cattle/Texas/24-008749-003/2024(H5N1)	1317	3878
PB1|PP755595.1|A/cattle/Texas/24-008749-003/2024(H5N1)	1318	3906
PB1|PP755595.1|A/cattle/Texas/24-008749-003/2024(H5N1)	1319	3917
PB1|PP755595.1|A/cattle/Texas/24-008749-003/2024(H5N1)	1320	3921
PB1|PP755595.1|A/cattle/Texas/24-008749-003/2024(H5N1)	1321	3942
PB1|PP755595.1|A/cattle/Texas/24-008749-003/2024(H5N1)	1322	3924
PB1|PP755595.1|A/cattle/Texas/24-008749-003/2024(H5N1)	1323	3946
PB1|PP755595.1|A/cattle/Texas/24-008749-003/2024(H5N1)	1324	3945
PB1|PP755595.1|A/cattle/Texas/24-008749-003/2024(H5N1)	1325	3941
PB1|PP755595.1|A/cattle/Texas/24-008749-003/2024(H5N1)	1326	3947
PB1|PP755595.1|A/cattle/Texas/24-008749-003/2024(H5N1)	1327	3897
PB1|PP755595.1|A/cattle/Texas/24-008749-003/2024(H5N1)	1328	3808
PB1|PP755595.1|A/cattle/Texas/24-008749-003/2024(H5N1)	1329	3786
PB1|PP755595.1|A/cattle/Texas/24-008749-003/2024(H5N1)	1330	3774
PB1|PP755595.1|A/cattle/Texas/24-008749-003/2024(H5N1)	1331	3774
PB1|PP755595.1|A/cattle/Texas/24-008749-003/2024(H5N1)	1332	3732
PB1|PP755595.1|A/cattle/Texas/24-008749-003/2024(H5N1)	1333	3734
PB1|PP755595.1|A/cattle/Texas/24-008749-003/2024(H5N1)	1334	3734
PB1|PP755595.1|A/cattle/Texas/24-008749-003/2024(H5N1)	1335	3728
PB1|PP755595.1|A/cattle/Texas/24-008749-003/2024(H5N1)	1336	3730
PB1|PP755595.1|A/cattle/Texas/24-008749-003/2024(H5N1)	1337	3738
PB1|PP755595.1|A/cattle/Texas/24-008749-003/2024(H5N1)	1338	3742
PB1|PP755595.1|A/cattle/Texas/24-008749-003/2024(H5N1)	1339	3676
PB1|PP755595.1|A/cattle/Texas/24-008749-003/2024(H5N1)	1340	3676
PB1|PP755595.1|A/cattle/Texas/24-008749-003/2024(H5N1)	1341	3676
PB1|PP755595.1|A/cattle/Texas/24-008749-003/2024(H5N1)	1342	3672
PB1|PP755595.1|A/cattle/Texas/24-008749-003/2024(H5N1)	1343	3675
PB1|PP755595.1|A/cattle/Texas/24-008749-003/2024(H5N1)	1344	3673
PB1|PP755595.1|A/cattle/Texas/24-008749-003/2024(H5N1)	1345	3676
PB1|PP755595.1|A/cattle/Texas/24-008749-003/2024(H5N1)	1346	3555
PB1|PP755595.1|A/cattle/Texas/24-008749-003/2024(H5N1)	1347	3579
PB1|PP755595.1|A/cattle/Texas/24-008749-003/2024(H5N1)	1348	3575
PB1|PP755595.1|A/cattle/Texas/24-008749-003/2024(H5N1)	1349	3575
PB1|PP755595.1|A/cattle/Texas/24-008749-003/2024(H5N1)	1350	3574
PB1|PP755595.1|A/cattle/Texas/24-008749-003/2024(H5N1)	1351	3590
PB1|PP755595.1|A/cattle/Texas/24-008749-003/2024(H5N1)	1352	3573
PB1|PP755595.1|A/cattle/Texas/24-008749-003/2024(H5N1)	1353	3573
PB1|PP755595.1|A/cattle/Texas/24-008749-003/2024(H5N1)	1354	3560
PB1|PP755595.1|A/cattle/Texas/24-008749-003/2024(H5N1)	1355	3560
PB1|PP755595.1|A/cattle/Texas/24-008749-003/2024(H5N1)	1356	3432
PB1|PP755595.1|A/cattle/Texas/24-008749-003/2024(H5N1)	1357	3632
PB1|PP755595.1|A/cattle/Texas/24-008749-003/2024(H5N1)	1358	4115
PB1|PP755595.1|A/cattle/Texas/24-008749-003/2024(H5N1)	1359	4098
PB1|PP755595.1|A/cattle/Texas/24-008749-003/2024(H5N1)	1360	4125
PB1|PP755595.1|A/cattle/Texas/24-008749-003/2024(H5N1)	1361	4115
PB1|PP755595.1|A/cattle/Texas/24-008749-003/2024(H5N1)	1362	4117
PB1|PP755595.1|A/cattle/Texas/24-008749-003/2024(H5N1)	1363	4198
PB1|PP755595.1|A/cattle/Texas/24-008749-003/2024(H5N1)	1364	4245
PB1|PP755595.1|A/cattle/Texas/24-008749-003/2024(H5N1)	1365	4419
PB1|PP755595.1|A/cattle/Texas/24-008749-003/2024(H5N1)	1366	4412
PB1|PP755595.1|A/cattle/Texas/24-008749-003/2024(H5N1)	1367	4335
PB1|PP755595.1|A/cattle/Texas/24-008749-003/2024(H5N1)	1368	4349
PB1|PP755595.1|A/cattle/Texas/24-008749-003/2024(H5N1)	1369	4374
PB1|PP755595.1|A/cattle/Texas/24-008749-003/2024(H5N1)	1370	4495
PB1|PP755595.1|A/cattle/Texas/24-008749-003/2024(H5N1)	1371	4607
PB1|PP755595.1|A/cattle/Texas/24-008749-003/2024(H5N1)	1372	4625
PB1|PP755595.1|A/cattle/Texas/24-008749-003/2024(H5N1)	1373	4742
PB1|PP755595.1|A/cattle/Texas/24-008749-003/2024(H5N1)	1374	4735
PB1|PP755595.1|A/cattle/Texas/24-008749-003/2024(H5N1)	1375	4882
PB1|PP755595.1|A/cattle/Texas/24-008749-003/2024(H5N1)	1376	4894
PB1|PP755595.1|A/cattle/Texas/24-008749-003/2024(H5N1)	1377	4926
PB1|PP755595.1|A/cattle/Texas/24-008749-003/2024(H5N1)	1378	4936
PB1|PP755595.1|A/cattle/Texas/24-008749-003/2024(H5N1)	1379	4952
PB1|PP755595.1|A/cattle/Texas/24-008749-003/2024(H5N1)	1380	5057
PB1|PP755595.1|A/cattle/Texas/24-008749-003/2024(H5N1)	1381	5045
PB1|PP755595.1|A/cattle/Texas/24-008749-003/2024(H5N1)	1382	5027
PB1|PP755595.1|A/cattle/Texas/24-008749-003/2024(H5N1)	1383	4981
PB1|PP755595.1|A/cattle/Texas/24-008749-003/2024(H5N1)	1384	6091
PB1|PP755595.1|A/cattle/Texas/24-008749-003/2024(H5N1)	1385	6103
PB1|PP755595.1|A/cattle/Texas/24-008749-003/2024(H5N1)	1386	6099
PB1|PP755595.1|A/cattle/Texas/24-008749-003/2024(H5N1)	1387	6127
PB1|PP755595.1|A/cattle/Texas/24-008749-003/2024(H5N1)	1388	6113
PB1|PP755595.1|A/cattle/Texas/24-008749-003/2024(H5N1)	1389	6085
PB1|PP755595.1|A/cattle/Texas/24-008749-003/2024(H5N1)	1390	6139
PB1|PP755595.1|A/cattle/Texas/24-008749-003/2024(H5N1)	1391	6123
PB1|PP755595.1|A/cattle/Texas/24-008749-003/2024(H5N1)	1392	6125
PB1|PP755595.1|A/cattle/Texas/24-008749-003/2024(H5N1)	1393	5537
PB1|PP755595.1|A/cattle/Texas/24-008749-003/2024(H5N1)	1394	5589
PB1|PP755595.1|A/cattle/Texas/24-008749-003/2024(H5N1)	1395	5845
PB1|PP755595.1|A/cattle/Texas/24-008749-003/2024(H5N1)	1396	5833
PB1|PP755595.1|A/cattle/Texas/24-008749-003/2024(H5N1)	1397	5829
PB1|PP755595.1|A/cattle/Texas/24-008749-003/2024(H5N1)	1398	6384
PB1|PP755595.1|A/cattle/Texas/24-008749-003/2024(H5N1)	1399	6342
PB1|PP755595.1|A/cattle/Texas/24-008749-003/2024(H5N1)	1400	6344
PB1|PP755595.1|A/cattle/Texas/24-008749-003/2024(H5N1)	1401	6344
PB1|PP755595.1|A/cattle/Texas/24-008749-003/2024(H5N1)	1402	6320
PB1|PP755595.1|A/cattle/Texas/24-008749-003/2024(H5N1)	1403	6332
PB1|PP755595.1|A/cattle/Texas/24-008749-003/2024(H5N1)	1404	6019
PB1|PP755595.1|A/cattle/Texas/24-008749-003/2024(H5N1)	1405	6026
PB1|PP755595.1|A/cattle/Texas/24-008749-003/2024(H5N1)	1406	6096
PB1|PP755595.1|A/cattle/Texas/24-008749-003/2024(H5N1)	1407	5628
PB1|PP755595.1|A/cattle/Texas/24-008749-003/2024(H5N1)	1408	5588
PB1|PP755595.1|A/cattle/Texas/24-008749-003/2024(H5N1)	1409	5595
PB1|PP755595.1|A/cattle/Texas/24-008749-003/2024(H5N1)	1410	5622
PB1|PP755595.1|A/cattle/Texas/24-008749-003/2024(H5N1)	1411	5623
PB1|PP755595.1|A/cattle/Texas/24-008749-003/2024(H5N1)	1412	5672
PB1|PP755595.1|A/cattle/Texas/24-008749-003/2024(H5N1)	1413	5702
PB1|PP755595.1|A/cattle/Texas/24-008749-003/2024(H5N1)	1414	5694
PB1|PP755595.1|A/cattle/Texas/24-008749-003/2024(H5N1)	1415	5552
PB1|PP755595.1|A/cattle/Texas/24-008749-003/2024(H5N1)	1416	5651
PB1|PP755595.1|A/cattle/Texas/24-008749-003/2024(H5N1)	1417	5668
PB1|PP755595.1|A/cattle/Texas/24-008749-003/2024(H5N1)	1418	5661
PB1|PP755595.1|A/cattle/Texas/24-008749-003/2024(H5N1)	1419	5657
PB1|PP755595.1|A/cattle/Texas/24-008749-003/2024(H5N1)	1420	5657
PB1|PP755595.1|A/cattle/Texas/24-008749-003/2024(H5N1)	1421	5727
PB1|PP755595.1|A/cattle/Texas/24-008749-003/2024(H5N1)	1422	5698
PB1|PP755595.1|A/cattle/Texas/24-008749-003/2024(H5N1)	1423	5704
PB1|PP755595.1|A/cattle/Texas/24-008749-003/2024(H5N1)	1424	5700
PB1|PP755595.1|A/cattle/Texas/24-008749-003/2024(H5N1)	1425	5518
PB1|PP755595.1|A/cattle/Texas/24-008749-003/2024(H5N1)	1426	5286
PB1|PP755595.1|A/cattle/Texas/24-008749-003/2024(H5N1)	1427	5292
PB1|PP755595.1|A/cattle/Texas/24-008749-003/2024(H5N1)	1428	5286
PB1|PP755595.1|A/cattle/Texas/24-008749-003/2024(H5N1)	1429	5248
PB1|PP755595.1|A/cattle/Texas/24-008749-003/2024(H5N1)	1430	4973
PB1|PP755595.1|A/cattle/Texas/24-008749-003/2024(H5N1)	1431	5003
PB1|PP755595.1|A/cattle/Texas/24-008749-003/2024(H5N1)	1432	5013
PB1|PP755595.1|A/cattle/Texas/24-008749-003/2024(H5N1)	1433	5027
PB1|PP755595.1|A/cattle/Texas/24-008749-003/2024(H5N1)	1434	5025
PB1|PP755595.1|A/cattle/Texas/24-008749-003/2024(H5N1)	1435	5017
PB1|PP755595.1|A/cattle/Texas/24-008749-003/2024(H5N1)	1436	5010
PB1|PP755595.1|A/cattle/Texas/24-008749-003/2024(H5N1)	1437	5014
PB1|PP755595.1|A/cattle/Texas/24-008749-003/2024(H5N1)	1438	5014
PB1|PP755595.1|A/cattle/Texas/24-008749-003/2024(H5N1)	1439	5014
PB1|PP755595.1|A/cattle/Texas/24-008749-003/2024(H5N1)	1440	5028
PB1|PP755595.1|A/cattle/Texas/24-008749-003/2024(H5N1)	1441	5028
PB1|PP755595.1|A/cattle/Texas/24-008749-003/2024(H5N1)	1442	5038
PB1|PP755595.1|A/cattle/Texas/24-008749-003/2024(H5N1)	1443	5129
PB1|PP755595.1|A/cattle/Texas/24-008749-003/2024(H5N1)	1444	5131
PB1|PP755595.1|A/cattle/Texas/24-008749-003/2024(H5N1)	1445	5127
PB1|PP755595.1|A/cattle/Texas/24-008749-003/2024(H5N1)	1446	5127
PB1|PP755595.1|A/cattle/Texas/24-008749-003/2024(H5N1)	1447	5324
PB1|PP755595.1|A/cattle/Texas/24-008749-003/2024(H5N1)	1448	5326
PB1|PP755595.1|A/cattle/Texas/24-008749-003/2024(H5N1)	1449	5352
PB1|PP755595.1|A/cattle/Texas/24-008749-003/2024(H5N1)	1450	5428
PB1|PP755595.1|A/cattle/Texas/24-008749-003/2024(H5N1)	1451	5432
PB1|PP755595.1|A/cattle/Texas/24-008749-003/2024(H5N1)	1452	5540
PB1|PP755595.1|A/cattle/Texas/24-008749-003/2024(H5N1)	1453	5542
PB1|PP755595.1|A/cattle/Texas/24-008749-003/2024(H5N1)	1454	5542
PB1|PP755595.1|A/cattle/Texas/24-008749-003/2024(H5N1)	1455	5553
PB1|PP755595.1|A/cattle/Texas/24-008749-003/2024(H5N1)	1456	5489
PB1|PP755595.1|A/cattle/Texas/24-008749-003/2024(H5N1)	1457	5671
PB1|PP755595.1|A/cattle/Texas/24-008749-003/2024(H5N1)	1458	5667
PB1|PP755595.1|A/cattle/Texas/24-008749-003/2024(H5N1)	1459	5670
PB1|PP755595.1|A/cattle/Texas/24-008749-003/2024(H5N1)	1460	5674
PB1|PP755595.1|A/cattle/Texas/24-008749-003/2024(H5N1)	1461	5638
PB1|PP755595.1|A/cattle/Texas/24-008749-003/2024(H5N1)	1462	5648
PB1|PP755595.1|A/cattle/Texas/24-008749-003/2024(H5N1)	1463	5690
PB1|PP755595.1|A/cattle/Texas/24-008749-003/2024(H5N1)	1464	5687
PB1|PP755595.1|A/cattle/Texas/24-008749-003/2024(H5N1)	1465	5691
PB1|PP755595.1|A/cattle/Texas/24-008749-003/2024(H5N1)	1466	5657
PB1|PP755595.1|A/cattle/Texas/24-008749-003/2024(H5N1)	1467	5636
PB1|PP755595.1|A/cattle/Texas/24-008749-003/2024(H5N1)	1468	5636
PB1|PP755595.1|A/cattle/Texas/24-008749-003/2024(H5N1)	1469	5634
PB1|PP755595.1|A/cattle/Texas/24-008749-003/2024(H5N1)	1470	5634
PB1|PP755595.1|A/cattle/Texas/24-008749-003/2024(H5N1)	1471	5632
PB1|PP755595.1|A/cattle/Texas/24-008749-003/2024(H5N1)	1472	5610
PB1|PP755595.1|A/cattle/Texas/24-008749-003/2024(H5N1)	1473	5630
PB1|PP755595.1|A/cattle/Texas/24-008749-003/2024(H5N1)	1474	5630
PB1|PP755595.1|A/cattle/Texas/24-008749-003/2024(H5N1)	1475	5606
PB1|PP755595.1|A/cattle/Texas/24-008749-003/2024(H5N1)	1476	5612
PB1|PP755595.1|A/cattle/Texas/24-008749-003/2024(H5N1)	1477	5612
PB1|PP755595.1|A/cattle/Texas/24-008749-003/2024(H5N1)	1478	5610
PB1|PP755595.1|A/cattle/Texas/24-008749-003/2024(H5N1)	1479	5610
PB1|PP755595.1|A/cattle/Texas/24-008749-003/2024(H5N1)	1480	5632
PB1|PP755595.1|A/cattle/Texas/24-008749-003/2024(H5N1)	1481	5642
PB1|PP755595.1|A/cattle/Texas/24-008749-003/2024(H5N1)	1482	5618
PB1|PP755595.1|A/cattle/Texas/24-008749-003/2024(H5N1)	1483	5634
PB1|PP755595.1|A/cattle/Texas/24-008749-003/2024(H5N1)	1484	5634
PB1|PP755595.1|A/cattle/Texas/24-008749-003/2024(H5N1)	1485	5634
PB1|PP755595.1|A/cattle/Texas/24-008749-003/2024(H5N1)	1486	5634
PB1|PP755595.1|A/cattle/Texas/24-008749-003/2024(H5N1)	1487	5634
PB1|PP755595.1|A/cattle/Texas/24-008749-003/2024(H5N1)	1488	5636
PB1|PP755595.1|A/cattle/Texas/24-008749-003/2024(H5N1)	1489	5614
PB1|PP755595.1|A/cattle/Texas/24-008749-003/2024(H5N1)	1490	5601
PB1|PP755595.1|A/cattle/Texas/24-008749-003/2024(H5N1)	1491	5607
PB1|PP755595.1|A/cattle/Texas/24-008749-003/2024(H5N1)	1492	5625
PB1|PP755595.1|A/cattle/Texas/24-008749-003/2024(H5N1)	1493	5639
PB1|PP755595.1|A/cattle/Texas/24-008749-003/2024(H5N1)	1494	5665
PB1|PP755595.1|A/cattle/Texas/24-008749-003/2024(H5N1)	1495	5665
PB1|PP755595.1|A/cattle/Texas/24-008749-003/2024(H5N1)	1496	5677
PB1|PP755595.1|A/cattle/Texas/24-008749-003/2024(H5N1)	1497	5677
PB1|PP755595.1|A/cattle/Texas/24-008749-003/2024(H5N1)	1498	5679
PB1|PP755595.1|A/cattle/Texas/24-008749-003/2024(H5N1)	1499	5697
PB1|PP755595.1|A/cattle/Texas/24-008749-003/2024(H5N1)	1500	5696
PB1|PP755595.1|A/cattle/Texas/24-008749-003/2024(H5N1)	1501	5684
PB1|PP755595.1|A/cattle/Texas/24-008749-003/2024(H5N1)	1502	5647
PB1|PP755595.1|A/cattle/Texas/24-008749-003/2024(H5N1)	1503	5607
PB1|PP755595.1|A/cattle/Texas/24-008749-003/2024(H5N1)	1504	5607
PB1|PP755595.1|A/cattle/Texas/24-008749-003/2024(H5N1)	1505	5571
PB1|PP755595.1|A/cattle/Texas/24-008749-003/2024(H5N1)	1506	5568
PB1|PP755595.1|A/cattle/Texas/24-008749-003/2024(H5N1)	1507	5570
PB1|PP755595.1|A/cattle/Texas/24-008749-003/2024(H5N1)	1508	5524
PB1|PP755595.1|A/cattle/Texas/24-008749-003/2024(H5N1)	1509	5522
PB1|PP755595.1|A/cattle/Texas/24-008749-003/2024(H5N1)	1510	5492
PB1|PP755595.1|A/cattle/Texas/24-008749-003/2024(H5N1)	1511	5500
PB1|PP755595.1|A/cattle/Texas/24-008749-003/2024(H5N1)	1512	5501
PB1|PP755595.1|A/cattle/Texas/24-008749-003/2024(H5N1)	1513	5501
PB1|PP755595.1|A/cattle/Texas/24-008749-003/2024(H5N1)	1514	5501
PB1|PP755595.1|A/cattle/Texas/24-008749-003/2024(H5N1)	1515	5501
PB1|PP755595.1|A/cattle/Texas/24-008749-003/2024(H5N1)	1516	5482
PB1|PP755595.1|A/cattle/Texas/24-008749-003/2024(H5N1)	1517	5511
PB1|PP755595.1|A/cattle/Texas/24-008749-003/2024(H5N1)	1518	5509
PB1|PP755595.1|A/cattle/Texas/24-008749-003/2024(H5N1)	1519	5501
PB1|PP755595.1|A/cattle/Texas/24-008749-003/2024(H5N1)	1520	5497
PB1|PP755595.1|A/cattle/Texas/24-008749-003/2024(H5N1)	1521	5474
PB1|PP755595.1|A/cattle/Texas/24-008749-003/2024(H5N1)	1522	5522
PB1|PP755595.1|A/cattle/Texas/24-008749-003/2024(H5N1)	1523	5522
PB1|PP755595.1|A/cattle/Texas/24-008749-003/2024(H5N1)	1524	5515
PB1|PP755595.1|A/cattle/Texas/24-008749-003/2024(H5N1)	1525	5514
PB1|PP755595.1|A/cattle/Texas/24-008749-003/2024(H5N1)	1526	5421
PB1|PP755595.1|A/cattle/Texas/24-008749-003/2024(H5N1)	1527	5505
PB1|PP755595.1|A/cattle/Texas/24-008749-003/2024(H5N1)	1528	5505
PB1|PP755595.1|A/cattle/Texas/24-008749-003/2024(H5N1)	1529	5501
PB1|PP755595.1|A/cattle/Texas/24-008749-003/2024(H5N1)	1530	5518
PB1|PP755595.1|A/cattle/Texas/24-008749-003/2024(H5N1)	1531	5161
PB1|PP755595.1|A/cattle/Texas/24-008749-003/2024(H5N1)	1532	6875
PB1|PP755595.1|A/cattle/Texas/24-008749-003/2024(H5N1)	1533	6878
PB1|PP755595.1|A/cattle/Texas/24-008749-003/2024(H5N1)	1534	6872
PB1|PP755595.1|A/cattle/Texas/24-008749-003/2024(H5N1)	1535	6888
PB1|PP755595.1|A/cattle/Texas/24-008749-003/2024(H5N1)	1536	6838
PB1|PP755595.1|A/cattle/Texas/24-008749-003/2024(H5N1)	1537	6839
PB1|PP755595.1|A/cattle/Texas/24-008749-003/2024(H5N1)	1538	6933
PB1|PP755595.1|A/cattle/Texas/24-008749-003/2024(H5N1)	1539	6936
PB1|PP755595.1|A/cattle/Texas/24-008749-003/2024(H5N1)	1540	7001
PB1|PP755595.1|A/cattle/Texas/24-008749-003/2024(H5N1)	1541	6627
PB1|PP755595.1|A/cattle/Texas/24-008749-003/2024(H5N1)	1542	6659
PB1|PP755595.1|A/cattle/Texas/24-008749-003/2024(H5N1)	1543	6747
PB1|PP755595.1|A/cattle/Texas/24-008749-003/2024(H5N1)	1544	6745
PB1|PP755595.1|A/cattle/Texas/24-008749-003/2024(H5N1)	1545	6744
PB1|PP755595.1|A/cattle/Texas/24-008749-003/2024(H5N1)	1546	6774
PB1|PP755595.1|A/cattle/Texas/24-008749-003/2024(H5N1)	1547	6806
PB1|PP755595.1|A/cattle/Texas/24-008749-003/2024(H5N1)	1548	6809
PB1|PP755595.1|A/cattle/Texas/24-008749-003/2024(H5N1)	1549	6814
PB1|PP755595.1|A/cattle/Texas/24-008749-003/2024(H5N1)	1550	6810
PB1|PP755595.1|A/cattle/Texas/24-008749-003/2024(H5N1)	1551	7028
PB1|PP755595.1|A/cattle/Texas/24-008749-003/2024(H5N1)	1552	6998
PB1|PP755595.1|A/cattle/Texas/24-008749-003/2024(H5N1)	1553	7006
PB1|PP755595.1|A/cattle/Texas/24-008749-003/2024(H5N1)	1554	7008
PB1|PP755595.1|A/cattle/Texas/24-008749-003/2024(H5N1)	1555	7012
PB1|PP755595.1|A/cattle/Texas/24-008749-003/2024(H5N1)	1556	7052
PB1|PP755595.1|A/cattle/Texas/24-008749-003/2024(H5N1)	1557	7069
PB1|PP755595.1|A/cattle/Texas/24-008749-003/2024(H5N1)	1558	7079
PB1|PP755595.1|A/cattle/Texas/24-008749-003/2024(H5N1)	1559	7298
PB1|PP755595.1|A/cattle/Texas/24-008749-003/2024(H5N1)	1560	7146
PB1|PP755595.1|A/cattle/Texas/24-008749-003/2024(H5N1)	1561	7212
PB1|PP755595.1|A/cattle/Texas/24-008749-003/2024(H5N1)	1562	7207
PB1|PP755595.1|A/cattle/Texas/24-008749-003/2024(H5N1)	1563	7203
PB1|PP755595.1|A/cattle/Texas/24-008749-003/2024(H5N1)	1564	7479
PB1|PP755595.1|A/cattle/Texas/24-008749-003/2024(H5N1)	1565	7439
PB1|PP755595.1|A/cattle/Texas/24-008749-003/2024(H5N1)	1566	7621
PB1|PP755595.1|A/cattle/Texas/24-008749-003/2024(H5N1)	1567	7608
PB1|PP755595.1|A/cattle/Texas/24-008749-003/2024(H5N1)	1568	7436
PB1|PP755595.1|A/cattle/Texas/24-008749-003/2024(H5N1)	1569	7515
PB1|PP755595.1|A/cattle/Texas/24-008749-003/2024(H5N1)	1570	7449
PB1|PP755595.1|A/cattle/Texas/24-008749-003/2024(H5N1)	1571	7776
PB1|PP755595.1|A/cattle/Texas/24-008749-003/2024(H5N1)	1572	7778
PB1|PP755595.1|A/cattle/Texas/24-008749-003/2024(H5N1)	1573	7462
PB1|PP755595.1|A/cattle/Texas/24-008749-003/2024(H5N1)	1574	7477
PB1|PP755595.1|A/cattle/Texas/24-008749-003/2024(H5N1)	1575	7279
PB1|PP755595.1|A/cattle/Texas/24-008749-003/2024(H5N1)	1576	7340
PB1|PP755595.1|A/cattle/Texas/24-008749-003/2024(H5N1)	1577	7842
PB1|PP755595.1|A/cattle/Texas/24-008749-003/2024(H5N1)	1578	7736
PB1|PP755595.1|A/cattle/Texas/24-008749-003/2024(H5N1)	1579	7738
PB1|PP755595.1|A/cattle/Texas/24-008749-003/2024(H5N1)	1580	7332
PB1|PP755595.1|A/cattle/Texas/24-008749-003/2024(H5N1)	1581	7323
PB1|PP755595.1|A/cattle/Texas/24-008749-003/2024(H5N1)	1582	7338
PB1|PP755595.1|A/cattle/Texas/24-008749-003/2024(H5N1)	1583	7401
PB1|PP755595.1|A/cattle/Texas/24-008749-003/2024(H5N1)	1584	7370
PB1|PP755595.1|A/cattle/Texas/24-008749-003/2024(H5N1)	1585	7551
PB1|PP755595.1|A/cattle/Texas/24-008749-003/2024(H5N1)	1586	6418
PB1|PP755595.1|A/cattle/Texas/24-008749-003/2024(H5N1)	1587	6450
PB1|PP755595.1|A/cattle/Texas/24-008749-003/2024(H5N1)	1588	6474
PB1|PP755595.1|A/cattle/Texas/24-008749-003/2024(H5N1)	1589	6478
PB1|PP755595.1|A/cattle/Texas/24-008749-003/2024(H5N1)	1590	6477
PB1|PP755595.1|A/cattle/Texas/24-008749-003/2024(H5N1)	1591	6481
PB1|PP755595.1|A/cattle/Texas/24-008749-003/2024(H5N1)	1592	6244
PB1|PP755595.1|A/cattle/Texas/24-008749-003/2024(H5N1)	1593	6375
PB1|PP755595.1|A/cattle/Texas/24-008749-003/2024(H5N1)	1594	5869
PB1|PP755595.1|A/cattle/Texas/24-008749-003/2024(H5N1)	1595	5860
PB1|PP755595.1|A/cattle/Texas/24-008749-003/2024(H5N1)	1596	5879
PB1|PP755595.1|A/cattle/Texas/24-008749-003/2024(H5N1)	1597	5560
PB1|PP755595.1|A/cattle/Texas/24-008749-003/2024(H5N1)	1598	5566
PB1|PP755595.1|A/cattle/Texas/24-008749-003/2024(H5N1)	1599	5541
PB1|PP755595.1|A/cattle/Texas/24-008749-003/2024(H5N1)	1600	5515
PB1|PP755595.1|A/cattle/Texas/24-008749-003/2024(H5N1)	1601	5465
PB1|PP755595.1|A/cattle/Texas/24-008749-003/2024(H5N1)	1602	5113
PB1|PP755595.1|A/cattle/Texas/24-008749-003/2024(H5N1)	1603	5121
PB1|PP755595.1|A/cattle/Texas/24-008749-003/2024(H5N1)	1604	5110
PB1|PP755595.1|A/cattle/Texas/24-008749-003/2024(H5N1)	1605	4945
PB1|PP755595.1|A/cattle/Texas/24-008749-003/2024(H5N1)	1606	4920
PB1|PP755595.1|A/cattle/Texas/24-008749-003/2024(H5N1)	1607	5006
PB1|PP755595.1|A/cattle/Texas/24-008749-003/2024(H5N1)	1608	4421
PB1|PP755595.1|A/cattle/Texas/24-008749-003/2024(H5N1)	1609	5018
PB1|PP755595.1|A/cattle/Texas/24-008749-003/2024(H5N1)	1610	5018
PB1|PP755595.1|A/cattle/Texas/24-008749-003/2024(H5N1)	1611	4998
PB1|PP755595.1|A/cattle/Texas/24-008749-003/2024(H5N1)	1612	5006
PB1|PP755595.1|A/cattle/Texas/24-008749-003/2024(H5N1)	1613	5049
PB1|PP755595.1|A/cattle/Texas/24-008749-003/2024(H5N1)	1614	5117
PB1|PP755595.1|A/cattle/Texas/24-008749-003/2024(H5N1)	1615	5121
PB1|PP755595.1|A/cattle/Texas/24-008749-003/2024(H5N1)	1616	5083
PB1|PP755595.1|A/cattle/Texas/24-008749-003/2024(H5N1)	1617	5069
PB1|PP755595.1|A/cattle/Texas/24-008749-003/2024(H5N1)	1618	5084
PB1|PP755595.1|A/cattle/Texas/24-008749-003/2024(H5N1)	1619	5124
PB1|PP755595.1|A/cattle/Texas/24-008749-003/2024(H5N1)	1620	5125
PB1|PP755595.1|A/cattle/Texas/24-008749-003/2024(H5N1)	1621	5117
PB1|PP755595.1|A/cattle/Texas/24-008749-003/2024(H5N1)	1622	5099
PB1|PP755595.1|A/cattle/Texas/24-008749-003/2024(H5N1)	1623	5046
PB1|PP755595.1|A/cattle/Texas/24-008749-003/2024(H5N1)	1624	5175
PB1|PP755595.1|A/cattle/Texas/24-008749-003/2024(H5N1)	1625	5181
PB1|PP755595.1|A/cattle/Texas/24-008749-003/2024(H5N1)	1626	5181
PB1|PP755595.1|A/cattle/Texas/24-008749-003/2024(H5N1)	1627	5180
PB1|PP755595.1|A/cattle/Texas/24-008749-003/2024(H5N1)	1628	5169
PB1|PP755595.1|A/cattle/Texas/24-008749-003/2024(H5N1)	1629	5167
PB1|PP755595.1|A/cattle/Texas/24-008749-003/2024(H5N1)	1630	5295
PB1|PP755595.1|A/cattle/Texas/24-008749-003/2024(H5N1)	1631	5291
PB1|PP755595.1|A/cattle/Texas/24-008749-003/2024(H5N1)	1632	5297
PB1|PP755595.1|A/cattle/Texas/24-008749-003/2024(H5N1)	1633	5200
PB1|PP755595.1|A/cattle/Texas/24-008749-003/2024(H5N1)	1634	5202
PB1|PP755595.1|A/cattle/Texas/24-008749-003/2024(H5N1)	1635	5204
PB1|PP755595.1|A/cattle/Texas/24-008749-003/2024(H5N1)	1636	5204
PB1|PP755595.1|A/cattle/Texas/24-008749-003/2024(H5N1)	1637	5218
PB1|PP755595.1|A/cattle/Texas/24-008749-003/2024(H5N1)	1638	5220
PB1|PP755595.1|A/cattle/Texas/24-008749-003/2024(H5N1)	1639	5225
PB1|PP755595.1|A/cattle/Texas/24-008749-003/2024(H5N1)	1640	5284
PB1|PP755595.1|A/cattle/Texas/24-008749-003/2024(H5N1)	1641	5279
PB1|PP755595.1|A/cattle/Texas/24-008749-003/2024(H5N1)	1642	5310
PB1|PP755595.1|A/cattle/Texas/24-008749-003/2024(H5N1)	1643	5302
PB1|PP755595.1|A/cattle/Texas/24-008749-003/2024(H5N1)	1644	5305
PB1|PP755595.1|A/cattle/Texas/24-008749-003/2024(H5N1)	1645	5323
PB1|PP755595.1|A/cattle/Texas/24-008749-003/2024(H5N1)	1646	5309
PB1|PP755595.1|A/cattle/Texas/24-008749-003/2024(H5N1)	1647	5340
PB1|PP755595.1|A/cattle/Texas/24-008749-003/2024(H5N1)	1648	5234
PB1|PP755595.1|A/cattle/Texas/24-008749-003/2024(H5N1)	1649	5136
PB1|PP755595.1|A/cattle/Texas/24-008749-003/2024(H5N1)	1650	5139
PB1|PP755595.1|A/cattle/Texas/24-008749-003/2024(H5N1)	1651	5121
PB1|PP755595.1|A/cattle/Texas/24-008749-003/2024(H5N1)	1652	5123
PB1|PP755595.1|A/cattle/Texas/24-008749-003/2024(H5N1)	1653	5137
PB1|PP755595.1|A/cattle/Texas/24-008749-003/2024(H5N1)	1654	5108
PB1|PP755595.1|A/cattle/Texas/24-008749-003/2024(H5N1)	1655	5106
PB1|PP755595.1|A/cattle/Texas/24-008749-003/2024(H5N1)	1656	5074
PB1|PP755595.1|A/cattle/Texas/24-008749-003/2024(H5N1)	1657	5074
PB1|PP755595.1|A/cattle/Texas/24-008749-003/2024(H5N1)	1658	5073
PB1|PP755595.1|A/cattle/Texas/24-008749-003/2024(H5N1)	1659	5113
PB1|PP755595.1|A/cattle/Texas/24-008749-003/2024(H5N1)	1660	5154
PB1|PP755595.1|A/cattle/Texas/24-008749-003/2024(H5N1)	1661	5139
PB1|PP755595.1|A/cattle/Texas/24-008749-003/2024(H5N1)	1662	5105
PB1|PP755595.1|A/cattle/Texas/24-008749-003/2024(H5N1)	1663	5107
PB1|PP755595.1|A/cattle/Texas/24-008749-003/2024(H5N1)	1664	5113
PB1|PP755595.1|A/cattle/Texas/24-008749-003/2024(H5N1)	1665	5188
PB1|PP755595.1|A/cattle/Texas/24-008749-003/2024(H5N1)	1666	5184
PB1|PP755595.1|A/cattle/Texas/24-008749-003/2024(H5N1)	1667	5214
PB1|PP755595.1|A/cattle/Texas/24-008749-003/2024(H5N1)	1668	5009
PB1|PP755595.1|A/cattle/Texas/24-008749-003/2024(H5N1)	1669	4961
PB1|PP755595.1|A/cattle/Texas/24-008749-003/2024(H5N1)	1670	4963
PB1|PP755595.1|A/cattle/Texas/24-008749-003/2024(H5N1)	1671	4976
PB1|PP755595.1|A/cattle/Texas/24-008749-003/2024(H5N1)	1672	4976
PB1|PP755595.1|A/cattle/Texas/24-008749-003/2024(H5N1)	1673	5000
PB1|PP755595.1|A/cattle/Texas/24-008749-003/2024(H5N1)	1674	4648
PB1|PP755595.1|A/cattle/Texas/24-008749-003/2024(H5N1)	1675	4648
PB1|PP755595.1|A/cattle/Texas/24-008749-003/2024(H5N1)	1676	4574
PB1|PP755595.1|A/cattle/Texas/24-008749-003/2024(H5N1)	1677	4574
PB1|PP755595.1|A/cattle/Texas/24-008749-003/2024(H5N1)	1678	4560
PB1|PP755595.1|A/cattle/Texas/24-008749-003/2024(H5N1)	1679	4558
PB1|PP755595.1|A/cattle/Texas/24-008749-003/2024(H5N1)	1680	4475
PB1|PP755595.1|A/cattle/Texas/24-008749-003/2024(H5N1)	1681	4467
PB1|PP755595.1|A/cattle/Texas/24-008749-003/2024(H5N1)	1682	4401
PB1|PP755595.1|A/cattle/Texas/24-008749-003/2024(H5N1)	1683	4413
PB1|PP755595.1|A/cattle/Texas/24-008749-003/2024(H5N1)	1684	4393
PB1|PP755595.1|A/cattle/Texas/24-008749-003/2024(H5N1)	1685	4394
PB1|PP755595.1|A/cattle/Texas/24-008749-003/2024(H5N1)	1686	4394
PB1|PP755595.1|A/cattle/Texas/24-008749-003/2024(H5N1)	1687	4373
PB1|PP755595.1|A/cattle/Texas/24-008749-003/2024(H5N1)	1688	4382
PB1|PP755595.1|A/cattle/Texas/24-008749-003/2024(H5N1)	1689	4258
PB1|PP755595.1|A/cattle/Texas/24-008749-003/2024(H5N1)	1690	4277
PB1|PP755595.1|A/cattle/Texas/24-008749-003/2024(H5N1)	1691	4273
PB1|PP755595.1|A/cattle/Texas/24-008749-003/2024(H5N1)	1692	4024
PB1|PP755595.1|A/cattle/Texas/24-008749-003/2024(H5N1)	1693	4020
PB1|PP755595.1|A/cattle/Texas/24-008749-003/2024(H5N1)	1694	3996
PB1|PP755595.1|A/cattle/Texas/24-008749-003/2024(H5N1)	1695	3996
PB1|PP755595.1|A/cattle/Texas/24-008749-003/2024(H5N1)	1696	4002
PB1|PP755595.1|A/cattle/Texas/24-008749-003/2024(H5N1)	1697	4226
PB1|PP755595.1|A/cattle/Texas/24-008749-003/2024(H5N1)	1698	4217
PB1|PP755595.1|A/cattle/Texas/24-008749-003/2024(H5N1)	1699	4221
PB1|PP755595.1|A/cattle/Texas/24-008749-003/2024(H5N1)	1700	4102
PB1|PP755595.1|A/cattle/Texas/24-008749-003/2024(H5N1)	1701	4395
PB1|PP755595.1|A/cattle/Texas/24-008749-003/2024(H5N1)	1702	4439
PB1|PP755595.1|A/cattle/Texas/24-008749-003/2024(H5N1)	1703	4452
PB1|PP755595.1|A/cattle/Texas/24-008749-003/2024(H5N1)	1704	4443
PB1|PP755595.1|A/cattle/Texas/24-008749-003/2024(H5N1)	1705	4535
PB1|PP755595.1|A/cattle/Texas/24-008749-003/2024(H5N1)	1706	4438
PB1|PP755595.1|A/cattle/Texas/24-008749-003/2024(H5N1)	1707	4459
PB1|PP755595.1|A/cattle/Texas/24-008749-003/2024(H5N1)	1708	4467
PB1|PP755595.1|A/cattle/Texas/24-008749-003/2024(H5N1)	1709	4693
PB1|PP755595.1|A/cattle/Texas/24-008749-003/2024(H5N1)	1710	4580
PB1|PP755595.1|A/cattle/Texas/24-008749-003/2024(H5N1)	1711	4572
PB1|PP755595.1|A/cattle/Texas/24-008749-003/2024(H5N1)	1712	4578
PB1|PP755595.1|A/cattle/Texas/24-008749-003/2024(H5N1)	1713	4691
PB1|PP755595.1|A/cattle/Texas/24-008749-003/2024(H5N1)	1714	4645
PB1|PP755595.1|A/cattle/Texas/24-008749-003/2024(H5N1)	1715	4760
PB1|PP755595.1|A/cattle/Texas/24-008749-003/2024(H5N1)	1716	4766
PB1|PP755595.1|A/cattle/Texas/24-008749-003/2024(H5N1)	1717	4748
PB1|PP755595.1|A/cattle/Texas/24-008749-003/2024(H5N1)	1718	4600
PB1|PP755595.1|A/cattle/Texas/24-008749-003/2024(H5N1)	1719	4590
PB1|PP755595.1|A/cattle/Texas/24-008749-003/2024(H5N1)	1720	4586
PB1|PP755595.1|A/cattle/Texas/24-008749-003/2024(H5N1)	1721	4584
PB1|PP755595.1|A/cattle/Texas/24-008749-003/2024(H5N1)	1722	4484
PB1|PP755595.1|A/cattle/Texas/24-008749-003/2024(H5N1)	1723	4475
PB1|PP755595.1|A/cattle/Texas/24-008749-003/2024(H5N1)	1724	4327
PB1|PP755595.1|A/cattle/Texas/24-008749-003/2024(H5N1)	1725	4332
PB1|PP755595.1|A/cattle/Texas/24-008749-003/2024(H5N1)	1726	4340
PB1|PP755595.1|A/cattle/Texas/24-008749-003/2024(H5N1)	1727	4228
PB1|PP755595.1|A/cattle/Texas/24-008749-003/2024(H5N1)	1728	4277
PB1|PP755595.1|A/cattle/Texas/24-008749-003/2024(H5N1)	1729	4269
PB1|PP755595.1|A/cattle/Texas/24-008749-003/2024(H5N1)	1730	4274
PB1|PP755595.1|A/cattle/Texas/24-008749-003/2024(H5N1)	1731	4274
PB1|PP755595.1|A/cattle/Texas/24-008749-003/2024(H5N1)	1732	4276
PB1|PP755595.1|A/cattle/Texas/24-008749-003/2024(H5N1)	1733	4308
PB1|PP755595.1|A/cattle/Texas/24-008749-003/2024(H5N1)	1734	4342
PB1|PP755595.1|A/cattle/Texas/24-008749-003/2024(H5N1)	1735	4319
PB1|PP755595.1|A/cattle/Texas/24-008749-003/2024(H5N1)	1736	4317
PB1|PP755595.1|A/cattle/Texas/24-008749-003/2024(H5N1)	1737	4218
PB1|PP755595.1|A/cattle/Texas/24-008749-003/2024(H5N1)	1738	4203
PB1|PP755595.1|A/cattle/Texas/24-008749-003/2024(H5N1)	1739	4198
PB1|PP755595.1|A/cattle/Texas/24-008749-003/2024(H5N1)	1740	4205
PB1|PP755595.1|A/cattle/Texas/24-008749-003/2024(H5N1)	1741	4523
PB1|PP755595.1|A/cattle/Texas/24-008749-003/2024(H5N1)	1742	4281
PB1|PP755595.1|A/cattle/Texas/24-008749-003/2024(H5N1)	1743	4172
PB1|PP755595.1|A/cattle/Texas/24-008749-003/2024(H5N1)	1744	4171
PB1|PP755595.1|A/cattle/Texas/24-008749-003/2024(H5N1)	1745	4148
PB1|PP755595.1|A/cattle/Texas/24-008749-003/2024(H5N1)	1746	4163
PB1|PP755595.1|A/cattle/Texas/24-008749-003/2024(H5N1)	1747	4166
PB1|PP755595.1|A/cattle/Texas/24-008749-003/2024(H5N1)	1748	4168
PB1|PP755595.1|A/cattle/Texas/24-008749-003/2024(H5N1)	1749	4156
PB1|PP755595.1|A/cattle/Texas/24-008749-003/2024(H5N1)	1750	2276
PB1|PP755595.1|A/cattle/Texas/24-008749-003/2024(H5N1)	1751	2306
PB1|PP755595.1|A/cattle/Texas/24-008749-003/2024(H5N1)	1752	2374
PB1|PP755595.1|A/cattle/Texas/24-008749-003/2024(H5N1)	1753	2371
PB1|PP755595.1|A/cattle/Texas/24-008749-003/2024(H5N1)	1754	2371
PB1|PP755595.1|A/cattle/Texas/24-008749-003/2024(H5N1)	1755	2156
PB1|PP755595.1|A/cattle/Texas/24-008749-003/2024(H5N1)	1756	2182
PB1|PP755595.1|A/cattle/Texas/24-008749-003/2024(H5N1)	1757	2320
PB1|PP755595.1|A/cattle/Texas/24-008749-003/2024(H5N1)	1758	2312
PB1|PP755595.1|A/cattle/Texas/24-008749-003/2024(H5N1)	1759	2320
PB1|PP755595.1|A/cattle/Texas/24-008749-003/2024(H5N1)	1760	2132
PB1|PP755595.1|A/cattle/Texas/24-008749-003/2024(H5N1)	1761	2116
PB1|PP755595.1|A/cattle/Texas/24-008749-003/2024(H5N1)	1762	2145
PB1|PP755595.1|A/cattle/Texas/24-008749-003/2024(H5N1)	1763	2146
PB1|PP755595.1|A/cattle/Texas/24-008749-003/2024(H5N1)	1764	2147
PB1|PP755595.1|A/cattle/Texas/24-008749-003/2024(H5N1)	1765	2190
PB1|PP755595.1|A/cattle/Texas/24-008749-003/2024(H5N1)	1766	2174
PB1|PP755595.1|A/cattle/Texas/24-008749-003/2024(H5N1)	1767	2196
PB1|PP755595.1|A/cattle/Texas/24-008749-003/2024(H5N1)	1768	2198
PB1|PP755595.1|A/cattle/Texas/24-008749-003/2024(H5N1)	1769	2198
PB1|PP755595.1|A/cattle/Texas/24-008749-003/2024(H5N1)	1770	2243
PB1|PP755595.1|A/cattle/Texas/24-008749-003/2024(H5N1)	1771	2251
PB1|PP755595.1|A/cattle/Texas/24-008749-003/2024(H5N1)	1772	2261
PB1|PP755595.1|A/cattle/Texas/24-008749-003/2024(H5N1)	1773	2307
PB1|PP755595.1|A/cattle/Texas/24-008749-003/2024(H5N1)	1774	2305
PB1|PP755595.1|A/cattle/Texas/24-008749-003/2024(H5N1)	1775	2351
PB1|PP755595.1|A/cattle/Texas/24-008749-003/2024(H5N1)	1776	2349
PB1|PP755595.1|A/cattle/Texas/24-008749-003/2024(H5N1)	1777	2355
PB1|PP755595.1|A/cattle/Texas/24-008749-003/2024(H5N1)	1778	2355
PB1|PP755595.1|A/cattle/Texas/24-008749-003/2024(H5N1)	1779	2341
PB1|PP755595.1|A/cattle/Texas/24-008749-003/2024(H5N1)	1780	2341
PB1|PP755595.1|A/cattle/Texas/24-008749-003/2024(H5N1)	1781	2339
PB1|PP755595.1|A/cattle/Texas/24-008749-003/2024(H5N1)	1782	2328
PB1|PP755595.1|A/cattle/Texas/24-008749-003/2024(H5N1)	1783	2356
PB1|PP755595.1|A/cattle/Texas/24-008749-003/2024(H5N1)	1784	2412
PB1|PP755595.1|A/cattle/Texas/24-008749-003/2024(H5N1)	1785	2412
PB1|PP755595.1|A/cattle/Texas/24-008749-003/2024(H5N1)	1786	2408
PB1|PP755595.1|A/cattle/Texas/24-008749-003/2024(H5N1)	1787	2408
PB1|PP755595.1|A/cattle/Texas/24-008749-003/2024(H5N1)	1788	2408
PB1|PP755595.1|A/cattle/Texas/24-008749-003/2024(H5N1)	1789	2619
PB1|PP755595.1|A/cattle/Texas/24-008749-003/2024(H5N1)	1790	2621
PB1|PP755595.1|A/cattle/Texas/24-008749-003/2024(H5N1)	1791	2642
PB1|PP755595.1|A/cattle/Texas/24-008749-003/2024(H5N1)	1792	2673
PB1|PP755595.1|A/cattle/Texas/24-008749-003/2024(H5N1)	1793	2640
PB1|PP755595.1|A/cattle/Texas/24-008749-003/2024(H5N1)	1794	2654
PB1|PP755595.1|A/cattle/Texas/24-008749-003/2024(H5N1)	1795	2654
PB1|PP755595.1|A/cattle/Texas/24-008749-003/2024(H5N1)	1796	2654
PB1|PP755595.1|A/cattle/Texas/24-008749-003/2024(H5N1)	1797	2655
PB1|PP755595.1|A/cattle/Texas/24-008749-003/2024(H5N1)	1798	2584
PB1|PP755595.1|A/cattle/Texas/24-008749-003/2024(H5N1)	1799	2586
PB1|PP755595.1|A/cattle/Texas/24-008749-003/2024(H5N1)	1800	2578
PB1|PP755595.1|A/cattle/Texas/24-008749-003/2024(H5N1)	1801	2570
PB1|PP755595.1|A/cattle/Texas/24-008749-003/2024(H5N1)	1802	2581
PB1|PP755595.1|A/cattle/Texas/24-008749-003/2024(H5N1)	1803	2575
PB1|PP755595.1|A/cattle/Texas/24-008749-003/2024(H5N1)	1804	2575
PB1|PP755595.1|A/cattle/Texas/24-008749-003/2024(H5N1)	1805	2575
PB1|PP755595.1|A/cattle/Texas/24-008749-003/2024(H5N1)	1806	2576
PB1|PP755595.1|A/cattle/Texas/24-008749-003/2024(H5N1)	1807	2579
PB1|PP755595.1|A/cattle/Texas/24-008749-003/2024(H5N1)	1808	2579
PB1|PP755595.1|A/cattle/Texas/24-008749-003/2024(H5N1)	1809	2581
PB1|PP755595.1|A/cattle/Texas/24-008749-003/2024(H5N1)	1810	2583
PB1|PP755595.1|A/cattle/Texas/24-008749-003/2024(H5N1)	1811	2579
PB1|PP755595.1|A/cattle/Texas/24-008749-003/2024(H5N1)	1812	2579
PB1|PP755595.1|A/cattle/Texas/24-008749-003/2024(H5N1)	1813	2579
PB1|PP755595.1|A/cattle/Texas/24-008749-003/2024(H5N1)	1814	2579
PB1|PP755595.1|A/cattle/Texas/24-008749-003/2024(H5N1)	1815	2591
PB1|PP755595.1|A/cattle/Texas/24-008749-003/2024(H5N1)	1816	2591
PB1|PP755595.1|A/cattle/Texas/24-008749-003/2024(H5N1)	1817	2644
PB1|PP755595.1|A/cattle/Texas/24-008749-003/2024(H5N1)	1818	2640
PB1|PP755595.1|A/cattle/Texas/24-008749-003/2024(H5N1)	1819	2660
PB1|PP755595.1|A/cattle/Texas/24-008749-003/2024(H5N1)	1820	2660
PB1|PP755595.1|A/cattle/Texas/24-008749-003/2024(H5N1)	1821	2660
PB1|PP755595.1|A/cattle/Texas/24-008749-003/2024(H5N1)	1822	2660
PB1|PP755595.1|A/cattle/Texas/24-008749-003/2024(H5N1)	1823	2660
PB1|PP755595.1|A/cattle/Texas/24-008749-003/2024(H5N1)	1824	2650
PB1|PP755595.1|A/cattle/Texas/24-008749-003/2024(H5N1)	1825	2650
PB1|PP755595.1|A/cattle/Texas/24-008749-003/2024(H5N1)	1826	2587
PB1|PP755595.1|A/cattle/Texas/24-008749-003/2024(H5N1)	1827	2586
PB1|PP755595.1|A/cattle/Texas/24-008749-003/2024(H5N1)	1828	2566
PB1|PP755595.1|A/cattle/Texas/24-008749-003/2024(H5N1)	1829	2604
PB1|PP755595.1|A/cattle/Texas/24-008749-003/2024(H5N1)	1830	2604
PB1|PP755595.1|A/cattle/Texas/24-008749-003/2024(H5N1)	1831	2604
PB1|PP755595.1|A/cattle/Texas/24-008749-003/2024(H5N1)	1832	2610
PB1|PP755595.1|A/cattle/Texas/24-008749-003/2024(H5N1)	1833	2601
PB1|PP755595.1|A/cattle/Texas/24-008749-003/2024(H5N1)	1834	2605
PB1|PP755595.1|A/cattle/Texas/24-008749-003/2024(H5N1)	1835	2605
PB1|PP755595.1|A/cattle/Texas/24-008749-003/2024(H5N1)	1836	2611
PB1|PP755595.1|A/cattle/Texas/24-008749-003/2024(H5N1)	1837	2611
PB1|PP755595.1|A/cattle/Texas/24-008749-003/2024(H5N1)	1838	2589
PB1|PP755595.1|A/cattle/Texas/24-008749-003/2024(H5N1)	1839	2585
PB1|PP755595.1|A/cattle/Texas/24-008749-003/2024(H5N1)	1840	2589
PB1|PP755595.1|A/cattle/Texas/24-008749-003/2024(H5N1)	1841	2583
PB1|PP755595.1|A/cattle/Texas/24-008749-003/2024(H5N1)	1842	2583
PB1|PP755595.1|A/cattle/Texas/24-008749-003/2024(H5N1)	1843	2585
PB1|PP755595.1|A/cattle/Texas/24-008749-003/2024(H5N1)	1844	2583
PB1|PP755595.1|A/cattle/Texas/24-008749-003/2024(H5N1)	1845	2585
PB1|PP755595.1|A/cattle/Texas/24-008749-003/2024(H5N1)	1846	2585
PB1|PP755595.1|A/cattle/Texas/24-008749-003/2024(H5N1)	1847	2585
PB1|PP755595.1|A/cattle/Texas/24-008749-003/2024(H5N1)	1848	2581
PB1|PP755595.1|A/cattle/Texas/24-008749-003/2024(H5N1)	1849	2579
PB1|PP755595.1|A/cattle/Texas/24-008749-003/2024(H5N1)	1850	2575
PB1|PP755595.1|A/cattle/Texas/24-008749-003/2024(H5N1)	1851	2573
PB1|PP755595.1|A/cattle/Texas/24-008749-003/2024(H5N1)	1852	2555
PB1|PP755595.1|A/cattle/Texas/24-008749-003/2024(H5N1)	1853	2557
PB1|PP755595.1|A/cattle/Texas/24-008749-003/2024(H5N1)	1854	2555
PB1|PP755595.1|A/cattle/Texas/24-008749-003/2024(H5N1)	1855	2572
PB1|PP755595.1|A/cattle/Texas/24-008749-003/2024(H5N1)	1856	2570
PB1|PP755595.1|A/cattle/Texas/24-008749-003/2024(H5N1)	1857	2591
PB1|PP755595.1|A/cattle/Texas/24-008749-003/2024(H5N1)	1858	2547
PB1|PP755595.1|A/cattle/Texas/24-008749-003/2024(H5N1)	1859	2549
PB1|PP755595.1|A/cattle/Texas/24-008749-003/2024(H5N1)	1860	2549
PB1|PP755595.1|A/cattle/Texas/24-008749-003/2024(H5N1)	1861	2554
PB1|PP755595.1|A/cattle/Texas/24-008749-003/2024(H5N1)	1862	2540
PB1|PP755595.1|A/cattle/Texas/24-008749-003/2024(H5N1)	1863	2584
PB1|PP755595.1|A/cattle/Texas/24-008749-003/2024(H5N1)	1864	2536
PB1|PP755595.1|A/cattle/Texas/24-008749-003/2024(H5N1)	1865	2530
PB1|PP755595.1|A/cattle/Texas/24-008749-003/2024(H5N1)	1866	2474
PB1|PP755595.1|A/cattle/Texas/24-008749-003/2024(H5N1)	1867	2484
PB1|PP755595.1|A/cattle/Texas/24-008749-003/2024(H5N1)	1868	2568
PB1|PP755595.1|A/cattle/Texas/24-008749-003/2024(H5N1)	1869	4043
PB1|PP755595.1|A/cattle/Texas/24-008749-003/2024(H5N1)	1870	4137
PB1|PP755595.1|A/cattle/Texas/24-008749-003/2024(H5N1)	1871	4138
PB1|PP755595.1|A/cattle/Texas/24-008749-003/2024(H5N1)	1872	4942
PB1|PP755595.1|A/cattle/Texas/24-008749-003/2024(H5N1)	1873	4946
PB1|PP755595.1|A/cattle/Texas/24-008749-003/2024(H5N1)	1874	5479
PB1|PP755595.1|A/cattle/Texas/24-008749-003/2024(H5N1)	1875	5477
PB1|PP755595.1|A/cattle/Texas/24-008749-003/2024(H5N1)	1876	5481
PB1|PP755595.1|A/cattle/Texas/24-008749-003/2024(H5N1)	1877	5477
PB1|PP755595.1|A/cattle/Texas/24-008749-003/2024(H5N1)	1878	5355
PB1|PP755595.1|A/cattle/Texas/24-008749-003/2024(H5N1)	1879	5653
PB1|PP755595.1|A/cattle/Texas/24-008749-003/2024(H5N1)	1880	6100
PB1|PP755595.1|A/cattle/Texas/24-008749-003/2024(H5N1)	1881	6108
PB1|PP755595.1|A/cattle/Texas/24-008749-003/2024(H5N1)	1882	6128
PB1|PP755595.1|A/cattle/Texas/24-008749-003/2024(H5N1)	1883	6076
PB1|PP755595.1|A/cattle/Texas/24-008749-003/2024(H5N1)	1884	6185
PB1|PP755595.1|A/cattle/Texas/24-008749-003/2024(H5N1)	1885	6140
PB1|PP755595.1|A/cattle/Texas/24-008749-003/2024(H5N1)	1886	6152
PB1|PP755595.1|A/cattle/Texas/24-008749-003/2024(H5N1)	1887	6160
PB1|PP755595.1|A/cattle/Texas/24-008749-003/2024(H5N1)	1888	6146
PB1|PP755595.1|A/cattle/Texas/24-008749-003/2024(H5N1)	1889	6110
PB1|PP755595.1|A/cattle/Texas/24-008749-003/2024(H5N1)	1890	6142
PB1|PP755595.1|A/cattle/Texas/24-008749-003/2024(H5N1)	1891	6202
PB1|PP755595.1|A/cattle/Texas/24-008749-003/2024(H5N1)	1892	6221
PB1|PP755595.1|A/cattle/Texas/24-008749-003/2024(H5N1)	1893	6191
PB1|PP755595.1|A/cattle/Texas/24-008749-003/2024(H5N1)	1894	6199
PB1|PP755595.1|A/cattle/Texas/24-008749-003/2024(H5N1)	1895	6195
PB1|PP755595.1|A/cattle/Texas/24-008749-003/2024(H5N1)	1896	6195
PB1|PP755595.1|A/cattle/Texas/24-008749-003/2024(H5N1)	1897	6193
PB1|PP755595.1|A/cattle/Texas/24-008749-003/2024(H5N1)	1898	6264
PB1|PP755595.1|A/cattle/Texas/24-008749-003/2024(H5N1)	1899	6346
PB1|PP755595.1|A/cattle/Texas/24-008749-003/2024(H5N1)	1900	6332
PB1|PP755595.1|A/cattle/Texas/24-008749-003/2024(H5N1)	1901	6320
PB1|PP755595.1|A/cattle/Texas/24-008749-003/2024(H5N1)	1902	6429
PB1|PP755595.1|A/cattle/Texas/24-008749-003/2024(H5N1)	1903	6431
PB1|PP755595.1|A/cattle/Texas/24-008749-003/2024(H5N1)	1904	6730
PB1|PP755595.1|A/cattle/Texas/24-008749-003/2024(H5N1)	1905	6730
PB1|PP755595.1|A/cattle/Texas/24-008749-003/2024(H5N1)	1906	7593
PB1|PP755595.1|A/cattle/Texas/24-008749-003/2024(H5N1)	1907	7583
PB1|PP755595.1|A/cattle/Texas/24-008749-003/2024(H5N1)	1908	7605
PB1|PP755595.1|A/cattle/Texas/24-008749-003/2024(H5N1)	1909	7608
PB1|PP755595.1|A/cattle/Texas/24-008749-003/2024(H5N1)	1910	7610
PB1|PP755595.1|A/cattle/Texas/24-008749-003/2024(H5N1)	1911	7551
PB1|PP755595.1|A/cattle/Texas/24-008749-003/2024(H5N1)	1912	7565
PB1|PP755595.1|A/cattle/Texas/24-008749-003/2024(H5N1)	1913	7456
PB1|PP755595.1|A/cattle/Texas/24-008749-003/2024(H5N1)	1914	7640
PB1|PP755595.1|A/cattle/Texas/24-008749-003/2024(H5N1)	1915	7355
PB1|PP755595.1|A/cattle/Texas/24-008749-003/2024(H5N1)	1916	7355
PB1|PP755595.1|A/cattle/Texas/24-008749-003/2024(H5N1)	1917	7330
PB1|PP755595.1|A/cattle/Texas/24-008749-003/2024(H5N1)	1918	7414
PB1|PP755595.1|A/cattle/Texas/24-008749-003/2024(H5N1)	1919	7411
PB1|PP755595.1|A/cattle/Texas/24-008749-003/2024(H5N1)	1920	7749
PB1|PP755595.1|A/cattle/Texas/24-008749-003/2024(H5N1)	1921	7761
PB1|PP755595.1|A/cattle/Texas/24-008749-003/2024(H5N1)	1922	7795
PB1|PP755595.1|A/cattle/Texas/24-008749-003/2024(H5N1)	1923	7800
PB1|PP755595.1|A/cattle/Texas/24-008749-003/2024(H5N1)	1924	7529
PB1|PP755595.1|A/cattle/Texas/24-008749-003/2024(H5N1)	1925	8114
PB1|PP755595.1|A/cattle/Texas/24-008749-003/2024(H5N1)	1926	8104
PB1|PP755595.1|A/cattle/Texas/24-008749-003/2024(H5N1)	1927	8203
PB1|PP755595.1|A/cattle/Texas/24-008749-003/2024(H5N1)	1928	8209
PB1|PP755595.1|A/cattle/Texas/24-008749-003/2024(H5N1)	1929	7711
PB1|PP755595.1|A/cattle/Texas/24-008749-003/2024(H5N1)	1930	7866
PB1|PP755595.1|A/cattle/Texas/24-008749-003/2024(H5N1)	1931	7830
PB1|PP755595.1|A/cattle/Texas/24-008749-003/2024(H5N1)	1932	7977
PB1|PP755595.1|A/cattle/Texas/24-008749-003/2024(H5N1)	1933	7976
PB1|PP755595.1|A/cattle/Texas/24-008749-003/2024(H5N1)	1934	7513
PB1|PP755595.1|A/cattle/Texas/24-008749-003/2024(H5N1)	1935	7537
PB1|PP755595.1|A/cattle/Texas/24-008749-003/2024(H5N1)	1936	7520
PB1|PP755595.1|A/cattle/Texas/24-008749-003/2024(H5N1)	1937	7612
PB1|PP755595.1|A/cattle/Texas/24-008749-003/2024(H5N1)	1938	7618
PB1|PP755595.1|A/cattle/Texas/24-008749-003/2024(H5N1)	1939	7600
PB1|PP755595.1|A/cattle/Texas/24-008749-003/2024(H5N1)	1940	7600
PB1|PP755595.1|A/cattle/Texas/24-008749-003/2024(H5N1)	1941	7584
PB1|PP755595.1|A/cattle/Texas/24-008749-003/2024(H5N1)	1942	7737
PB1|PP755595.1|A/cattle/Texas/24-008749-003/2024(H5N1)	1943	7788
PB1|PP755595.1|A/cattle/Texas/24-008749-003/2024(H5N1)	1944	7782
PB1|PP755595.1|A/cattle/Texas/24-008749-003/2024(H5N1)	1945	7782
PB1|PP755595.1|A/cattle/Texas/24-008749-003/2024(H5N1)	1946	7759
PB1|PP755595.1|A/cattle/Texas/24-008749-003/2024(H5N1)	1947	7768
PB1|PP755595.1|A/cattle/Texas/24-008749-003/2024(H5N1)	1948	7768
PB1|PP755595.1|A/cattle/Texas/24-008749-003/2024(H5N1)	1949	7869
PB1|PP755595.1|A/cattle/Texas/24-008749-003/2024(H5N1)	1950	7859
PB1|PP755595.1|A/cattle/Texas/24-008749-003/2024(H5N1)	1951	7833
PB1|PP755595.1|A/cattle/Texas/24-008749-003/2024(H5N1)	1952	7824
PB1|PP755595.1|A/cattle/Texas/24-008749-003/2024(H5N1)	1953	8171
PB1|PP755595.1|A/cattle/Texas/24-008749-003/2024(H5N1)	1954	8475
PB1|PP755595.1|A/cattle/Texas/24-008749-003/2024(H5N1)	1955	8477
PB1|PP755595.1|A/cattle/Texas/24-008749-003/2024(H5N1)	1956	8476
PB1|PP755595.1|A/cattle/Texas/24-008749-003/2024(H5N1)	1957	8476
PB1|PP755595.1|A/cattle/Texas/24-008749-003/2024(H5N1)	1958	8451
PB1|PP755595.1|A/cattle/Texas/24-008749-003/2024(H5N1)	1959	8627
PB1|PP755595.1|A/cattle/Texas/24-008749-003/2024(H5N1)	1960	8638
PB1|PP755595.1|A/cattle/Texas/24-008749-003/2024(H5N1)	1961	8800
PB1|PP755595.1|A/cattle/Texas/24-008749-003/2024(H5N1)	1962	8652
PB1|PP755595.1|A/cattle/Texas/24-008749-003/2024(H5N1)	1963	8628
PB1|PP755595.1|A/cattle/Texas/24-008749-003/2024(H5N1)	1964	8628
PB1|PP755595.1|A/cattle/Texas/24-008749-003/2024(H5N1)	1965	8646
PB1|PP755595.1|A/cattle/Texas/24-008749-003/2024(H5N1)	1966	8755
PB1|PP755595.1|A/cattle/Texas/24-008749-003/2024(H5N1)	1967	8740
PB1|PP755595.1|A/cattle/Texas/24-008749-003/2024(H5N1)	1968	8839
PB1|PP755595.1|A/cattle/Texas/24-008749-003/2024(H5N1)	1969	8826
PB1|PP755595.1|A/cattle/Texas/24-008749-003/2024(H5N1)	1970	8773
PB1|PP755595.1|A/cattle/Texas/24-008749-003/2024(H5N1)	1971	8773
PB1|PP755595.1|A/cattle/Texas/24-008749-003/2024(H5N1)	1972	8758
PB1|PP755595.1|A/cattle/Texas/24-008749-003/2024(H5N1)	1973	8803
PB1|PP755595.1|A/cattle/Texas/24-008749-003/2024(H5N1)	1974	8805
PB1|PP755595.1|A/cattle/Texas/24-008749-003/2024(H5N1)	1975	8783
PB1|PP755595.1|A/cattle/Texas/24-008749-003/2024(H5N1)	1976	8789
PB1|PP755595.1|A/cattle/Texas/24-008749-003/2024(H5N1)	1977	8687
PB1|PP755595.1|A/cattle/Texas/24-008749-003/2024(H5N1)	1978	8739
PB1|PP755595.1|A/cattle/Texas/24-008749-003/2024(H5N1)	1979	8699
PB1|PP755595.1|A/cattle/Texas/24-008749-003/2024(H5N1)	1980	8749
PB1|PP755595.1|A/cattle/Texas/24-008749-003/2024(H5N1)	1981	8753
PB1|PP755595.1|A/cattle/Texas/24-008749-003/2024(H5N1)	1982	8771
PB1|PP755595.1|A/cattle/Texas/24-008749-003/2024(H5N1)	1983	8767
PB1|PP755595.1|A/cattle/Texas/24-008749-003/2024(H5N1)	1984	8761
PB1|PP755595.1|A/cattle/Texas/24-008749-003/2024(H5N1)	1985	8787
PB1|PP755595.1|A/cattle/Texas/24-008749-003/2024(H5N1)	1986	8792
PB1|PP755595.1|A/cattle/Texas/24-008749-003/2024(H5N1)	1987	8822
PB1|PP755595.1|A/cattle/Texas/24-008749-003/2024(H5N1)	1988	8827
PB1|PP755595.1|A/cattle/Texas/24-008749-003/2024(H5N1)	1989	8787
PB1|PP755595.1|A/cattle/Texas/24-008749-003/2024(H5N1)	1990	8799
PB1|PP755595.1|A/cattle/Texas/24-008749-003/2024(H5N1)	1991	8770
PB1|PP755595.1|A/cattle/Texas/24-008749-003/2024(H5N1)	1992	9104
PB1|PP755595.1|A/cattle/Texas/24-008749-003/2024(H5N1)	1993	9100
PB1|PP755595.1|A/cattle/Texas/24-008749-003/2024(H5N1)	1994	9087
PB1|PP755595.1|A/cattle/Texas/24-008749-003/2024(H5N1)	1995	9082
PB1|PP755595.1|A/cattle/Texas/24-008749-003/2024(H5N1)	1996	8992
PB1|PP755595.1|A/cattle/Texas/24-008749-003/2024(H5N1)	1997	8993
PB1|PP755595.1|A/cattle/Texas/24-008749-003/2024(H5N1)	1998	8997
PB1|PP755595.1|A/cattle/Texas/24-008749-003/2024(H5N1)	1999	8999
PB1|PP755595.1|A/cattle/Texas/24-008749-003/2024(H5N1)	2000	9003
PB1|PP755595.1|A/cattle/Texas/24-008749-003/2024(H5N1)	2001	8603
PB1|PP755595.1|A/cattle/Texas/24-008749-003/2024(H5N1)	2002	8637
PB1|PP755595.1|A/cattle/Texas/24-008749-003/2024(H5N1)	2003	8603
PB1|PP755595.1|A/cattle/Texas/24-008749-003/2024(H5N1)	2004	8600
PB1|PP755595.1|A/cattle/Texas/24-008749-003/2024(H5N1)	2005	8628
PB1|PP755595.1|A/cattle/Texas/24-008749-003/2024(H5N1)	2006	8628
PB1|PP755595.1|A/cattle/Texas/24-008749-003/2024(H5N1)	2007	8643
PB1|PP755595.1|A/cattle/Texas/24-008749-003/2024(H5N1)	2008	8631
PB1|PP755595.1|A/cattle/Texas/24-008749-003/2024(H5N1)	2009	8619
PB1|PP755595.1|A/cattle/Texas/24-008749-003/2024(H5N1)	2010	8494
PB1|PP755595.1|A/cattle/Texas/24-008749-003/2024(H5N1)	2011	8402
PB1|PP755595.1|A/cattle/Texas/24-008749-003/2024(H5N1)	2012	8402
PB1|PP755595.1|A/cattle/Texas/24-008749-003/2024(H5N1)	2013	8401
PB1|PP755595.1|A/cattle/Texas/24-008749-003/2024(H5N1)	2014	8332
PB1|PP755595.1|A/cattle/Texas/24-008749-003/2024(H5N1)	2015	8459
PB1|PP755595.1|A/cattle/Texas/24-008749-003/2024(H5N1)	2016	8437
PB1|PP755595.1|A/cattle/Texas/24-008749-003/2024(H5N1)	2017	8430
PB1|PP755595.1|A/cattle/Texas/24-008749-003/2024(H5N1)	2018	8535
PB1|PP755595.1|A/cattle/Texas/24-008749-003/2024(H5N1)	2019	8516
PB1|PP755595.1|A/cattle/Texas/24-008749-003/2024(H5N1)	2020	9208
PB1|PP755595.1|A/cattle/Texas/24-008749-003/2024(H5N1)	2021	9308
PB1|PP755595.1|A/cattle/Texas/24-008749-003/2024(H5N1)	2022	10168
PB1|PP755595.1|A/cattle/Texas/24-008749-003/2024(H5N1)	2023	10282
PB1|PP755595.1|A/cattle/Texas/24-008749-003/2024(H5N1)	2024	9899
PB1|PP755595.1|A/cattle/Texas/24-008749-003/2024(H5N1)	2025	9903
PB1|PP755595.1|A/cattle/Texas/24-008749-003/2024(H5N1)	2026	9917
PB1|PP755595.1|A/cattle/Texas/24-008749-003/2024(H5N1)	2027	10221
PB1|PP755595.1|A/cattle/Texas/24-008749-003/2024(H5N1)	2028	10221
PB1|PP755595.1|A/cattle/Texas/24-008749-003/2024(H5N1)	2029	9864
PB1|PP755595.1|A/cattle/Texas/24-008749-003/2024(H5N1)	2030	9870
PB1|PP755595.1|A/cattle/Texas/24-008749-003/2024(H5N1)	2031	9537
PB1|PP755595.1|A/cattle/Texas/24-008749-003/2024(H5N1)	2032	10139
PB1|PP755595.1|A/cattle/Texas/24-008749-003/2024(H5N1)	2033	10292
PB1|PP755595.1|A/cattle/Texas/24-008749-003/2024(H5N1)	2034	10405
PB1|PP755595.1|A/cattle/Texas/24-008749-003/2024(H5N1)	2035	10403
PB1|PP755595.1|A/cattle/Texas/24-008749-003/2024(H5N1)	2036	10247
PB1|PP755595.1|A/cattle/Texas/24-008749-003/2024(H5N1)	2037	10259
PB1|PP755595.1|A/cattle/Texas/24-008749-003/2024(H5N1)	2038	10263
PB1|PP755595.1|A/cattle/Texas/24-008749-003/2024(H5N1)	2039	10546
PB1|PP755595.1|A/cattle/Texas/24-008749-003/2024(H5N1)	2040	10562
PB1|PP755595.1|A/cattle/Texas/24-008749-003/2024(H5N1)	2041	10240
PB1|PP755595.1|A/cattle/Texas/24-008749-003/2024(H5N1)	2042	10169
PB1|PP755595.1|A/cattle/Texas/24-008749-003/2024(H5N1)	2043	10109
PB1|PP755595.1|A/cattle/Texas/24-008749-003/2024(H5N1)	2044	10121
PB1|PP755595.1|A/cattle/Texas/24-008749-003/2024(H5N1)	2045	10162
PB1|PP755595.1|A/cattle/Texas/24-008749-003/2024(H5N1)	2046	10355
PB1|PP755595.1|A/cattle/Texas/24-008749-003/2024(H5N1)	2047	10375
PB1|PP755595.1|A/cattle/Texas/24-008749-003/2024(H5N1)	2048	10202
PB1|PP755595.1|A/cattle/Texas/24-008749-003/2024(H5N1)	2049	10199
PB1|PP755595.1|A/cattle/Texas/24-008749-003/2024(H5N1)	2050	10200
PB1|PP755595.1|A/cattle/Texas/24-008749-003/2024(H5N1)	2051	10246
PB1|PP755595.1|A/cattle/Texas/24-008749-003/2024(H5N1)	2052	10246
PB1|PP755595.1|A/cattle/Texas/24-008749-003/2024(H5N1)	2053	10285
PB1|PP755595.1|A/cattle/Texas/24-008749-003/2024(H5N1)	2054	10252
PB1|PP755595.1|A/cattle/Texas/24-008749-003/2024(H5N1)	2055	10069
PB1|PP755595.1|A/cattle/Texas/24-008749-003/2024(H5N1)	2056	10297
PB1|PP755595.1|A/cattle/Texas/24-008749-003/2024(H5N1)	2057	10289
PB1|PP755595.1|A/cattle/Texas/24-008749-003/2024(H5N1)	2058	10293
PB1|PP755595.1|A/cattle/Texas/24-008749-003/2024(H5N1)	2059	10375
PB1|PP755595.1|A/cattle/Texas/24-008749-003/2024(H5N1)	2060	10351
PB1|PP755595.1|A/cattle/Texas/24-008749-003/2024(H5N1)	2061	10913
PB1|PP755595.1|A/cattle/Texas/24-008749-003/2024(H5N1)	2062	10828
PB1|PP755595.1|A/cattle/Texas/24-008749-003/2024(H5N1)	2063	10852
PB1|PP755595.1|A/cattle/Texas/24-008749-003/2024(H5N1)	2064	10926
PB1|PP755595.1|A/cattle/Texas/24-008749-003/2024(H5N1)	2065	10744
PB1|PP755595.1|A/cattle/Texas/24-008749-003/2024(H5N1)	2066	10848
PB1|PP755595.1|A/cattle/Texas/24-008749-003/2024(H5N1)	2067	10850
PB1|PP755595.1|A/cattle/Texas/24-008749-003/2024(H5N1)	2068	10816
PB1|PP755595.1|A/cattle/Texas/24-008749-003/2024(H5N1)	2069	10786
PB1|PP755595.1|A/cattle/Texas/24-008749-003/2024(H5N1)	2070	10512
PB1|PP755595.1|A/cattle/Texas/24-008749-003/2024(H5N1)	2071	10520
PB1|PP755595.1|A/cattle/Texas/24-008749-003/2024(H5N1)	2072	10483
PB1|PP755595.1|A/cattle/Texas/24-008749-003/2024(H5N1)	2073	10635
PB1|PP755595.1|A/cattle/Texas/24-008749-003/2024(H5N1)	2074	9997
PB1|PP755595.1|A/cattle/Texas/24-008749-003/2024(H5N1)	2075	9878
PB1|PP755595.1|A/cattle/Texas/24-008749-003/2024(H5N1)	2076	9909
PB1|PP755595.1|A/cattle/Texas/24-008749-003/2024(H5N1)	2077	9851
PB1|PP755595.1|A/cattle/Texas/24-008749-003/2024(H5N1)	2078	9867
PB1|PP755595.1|A/cattle/Texas/24-008749-003/2024(H5N1)	2079	9810
PB1|PP755595.1|A/cattle/Texas/24-008749-003/2024(H5N1)	2080	9545
PB1|PP755595.1|A/cattle/Texas/24-008749-003/2024(H5N1)	2081	9537
PB1|PP755595.1|A/cattle/Texas/24-008749-003/2024(H5N1)	2082	9179
PB1|PP755595.1|A/cattle/Texas/24-008749-003/2024(H5N1)	2083	9197
PB1|PP755595.1|A/cattle/Texas/24-008749-003/2024(H5N1)	2084	8976
PB1|PP755595.1|A/cattle/Texas/24-008749-003/2024(H5N1)	2085	8871
PB1|PP755595.1|A/cattle/Texas/24-008749-003/2024(H5N1)	2086	8871
PB1|PP755595.1|A/cattle/Texas/24-008749-003/2024(H5N1)	2087	8839
PB1|PP755595.1|A/cattle/Texas/24-008749-003/2024(H5N1)	2088	8839
PB1|PP755595.1|A/cattle/Texas/24-008749-003/2024(H5N1)	2089	8859
PB1|PP755595.1|A/cattle/Texas/24-008749-003/2024(H5N1)	2090	8831
PB1|PP755595.1|A/cattle/Texas/24-008749-003/2024(H5N1)	2091	8827
PB1|PP755595.1|A/cattle/Texas/24-008749-003/2024(H5N1)	2092	8777
PB1|PP755595.1|A/cattle/Texas/24-008749-003/2024(H5N1)	2093	8761
PB1|PP755595.1|A/cattle/Texas/24-008749-003/2024(H5N1)	2094	8774
PB1|PP755595.1|A/cattle/Texas/24-008749-003/2024(H5N1)	2095	8767
PB1|PP755595.1|A/cattle/Texas/24-008749-003/2024(H5N1)	2096	8757
PB1|PP755595.1|A/cattle/Texas/24-008749-003/2024(H5N1)	2097	8794
PB1|PP755595.1|A/cattle/Texas/24-008749-003/2024(H5N1)	2098	8508
PB1|PP755595.1|A/cattle/Texas/24-008749-003/2024(H5N1)	2099	8508
PB1|PP755595.1|A/cattle/Texas/24-008749-003/2024(H5N1)	2100	8593
PB1|PP755595.1|A/cattle/Texas/24-008749-003/2024(H5N1)	2101	8504
PB1|PP755595.1|A/cattle/Texas/24-008749-003/2024(H5N1)	2102	8453
PB1|PP755595.1|A/cattle/Texas/24-008749-003/2024(H5N1)	2103	8120
PB1|PP755595.1|A/cattle/Texas/24-008749-003/2024(H5N1)	2104	8067
PB1|PP755595.1|A/cattle/Texas/24-008749-003/2024(H5N1)	2105	8107
PB1|PP755595.1|A/cattle/Texas/24-008749-003/2024(H5N1)	2106	8098
PB1|PP755595.1|A/cattle/Texas/24-008749-003/2024(H5N1)	2107	7671
PB1|PP755595.1|A/cattle/Texas/24-008749-003/2024(H5N1)	2108	7789
PB1|PP755595.1|A/cattle/Texas/24-008749-003/2024(H5N1)	2109	6512
PB1|PP755595.1|A/cattle/Texas/24-008749-003/2024(H5N1)	2110	6776
PB1|PP755595.1|A/cattle/Texas/24-008749-003/2024(H5N1)	2111	6716
PB1|PP755595.1|A/cattle/Texas/24-008749-003/2024(H5N1)	2112	6624
PB1|PP755595.1|A/cattle/Texas/24-008749-003/2024(H5N1)	2113	6630
PB1|PP755595.1|A/cattle/Texas/24-008749-003/2024(H5N1)	2114	6243
PB1|PP755595.1|A/cattle/Texas/24-008749-003/2024(H5N1)	2115	6273
PB1|PP755595.1|A/cattle/Texas/24-008749-003/2024(H5N1)	2116	5658
PB1|PP755595.1|A/cattle/Texas/24-008749-003/2024(H5N1)	2117	5602
PB1|PP755595.1|A/cattle/Texas/24-008749-003/2024(H5N1)	2118	5582
PB1|PP755595.1|A/cattle/Texas/24-008749-003/2024(H5N1)	2119	5506
PB1|PP755595.1|A/cattle/Texas/24-008749-003/2024(H5N1)	2120	5509
PB1|PP755595.1|A/cattle/Texas/24-008749-003/2024(H5N1)	2121	5489
PB1|PP755595.1|A/cattle/Texas/24-008749-003/2024(H5N1)	2122	5484
PB1|PP755595.1|A/cattle/Texas/24-008749-003/2024(H5N1)	2123	5486
PB1|PP755595.1|A/cattle/Texas/24-008749-003/2024(H5N1)	2124	5485
PB1|PP755595.1|A/cattle/Texas/24-008749-003/2024(H5N1)	2125	5487
PB1|PP755595.1|A/cattle/Texas/24-008749-003/2024(H5N1)	2126	5477
PB1|PP755595.1|A/cattle/Texas/24-008749-003/2024(H5N1)	2127	5477
PB1|PP755595.1|A/cattle/Texas/24-008749-003/2024(H5N1)	2128	5495
PB1|PP755595.1|A/cattle/Texas/24-008749-003/2024(H5N1)	2129	5506
PB1|PP755595.1|A/cattle/Texas/24-008749-003/2024(H5N1)	2130	5506
PB1|PP755595.1|A/cattle/Texas/24-008749-003/2024(H5N1)	2131	5508
PB1|PP755595.1|A/cattle/Texas/24-008749-003/2024(H5N1)	2132	5512
PB1|PP755595.1|A/cattle/Texas/24-008749-003/2024(H5N1)	2133	5529
PB1|PP755595.1|A/cattle/Texas/24-008749-003/2024(H5N1)	2134	5529
PB1|PP755595.1|A/cattle/Texas/24-008749-003/2024(H5N1)	2135	5538
PB1|PP755595.1|A/cattle/Texas/24-008749-003/2024(H5N1)	2136	5538
PB1|PP755595.1|A/cattle/Texas/24-008749-003/2024(H5N1)	2137	5534
PB1|PP755595.1|A/cattle/Texas/24-008749-003/2024(H5N1)	2138	5628
PB1|PP755595.1|A/cattle/Texas/24-008749-003/2024(H5N1)	2139	5628
PB1|PP755595.1|A/cattle/Texas/24-008749-003/2024(H5N1)	2140	5636
PB1|PP755595.1|A/cattle/Texas/24-008749-003/2024(H5N1)	2141	5644
PB1|PP755595.1|A/cattle/Texas/24-008749-003/2024(H5N1)	2142	5672
PB1|PP755595.1|A/cattle/Texas/24-008749-003/2024(H5N1)	2143	5818
PB1|PP755595.1|A/cattle/Texas/24-008749-003/2024(H5N1)	2144	5814
PB1|PP755595.1|A/cattle/Texas/24-008749-003/2024(H5N1)	2145	5812
PB1|PP755595.1|A/cattle/Texas/24-008749-003/2024(H5N1)	2146	5812
PB1|PP755595.1|A/cattle/Texas/24-008749-003/2024(H5N1)	2147	5760
PB1|PP755595.1|A/cattle/Texas/24-008749-003/2024(H5N1)	2148	5837
PB1|PP755595.1|A/cattle/Texas/24-008749-003/2024(H5N1)	2149	5835
PB1|PP755595.1|A/cattle/Texas/24-008749-003/2024(H5N1)	2150	5826
PB1|PP755595.1|A/cattle/Texas/24-008749-003/2024(H5N1)	2151	5788
PB1|PP755595.1|A/cattle/Texas/24-008749-003/2024(H5N1)	2152	5638
PB1|PP755595.1|A/cattle/Texas/24-008749-003/2024(H5N1)	2153	5640
PB1|PP755595.1|A/cattle/Texas/24-008749-003/2024(H5N1)	2154	5702
PB1|PP755595.1|A/cattle/Texas/24-008749-003/2024(H5N1)	2155	5712
PB1|PP755595.1|A/cattle/Texas/24-008749-003/2024(H5N1)	2156	5684
PB1|PP755595.1|A/cattle/Texas/24-008749-003/2024(H5N1)	2157	5609
PB1|PP755595.1|A/cattle/Texas/24-008749-003/2024(H5N1)	2158	5611
PB1|PP755595.1|A/cattle/Texas/24-008749-003/2024(H5N1)	2159	5612
PB1|PP755595.1|A/cattle/Texas/24-008749-003/2024(H5N1)	2160	5608
PB1|PP755595.1|A/cattle/Texas/24-008749-003/2024(H5N1)	2161	5600
PB1|PP755595.1|A/cattle/Texas/24-008749-003/2024(H5N1)	2162	5598
PB1|PP755595.1|A/cattle/Texas/24-008749-003/2024(H5N1)	2163	5496
PB1|PP755595.1|A/cattle/Texas/24-008749-003/2024(H5N1)	2164	5484
PB1|PP755595.1|A/cattle/Texas/24-008749-003/2024(H5N1)	2165	5466
PB1|PP755595.1|A/cattle/Texas/24-008749-003/2024(H5N1)	2166	5462
PB1|PP755595.1|A/cattle/Texas/24-008749-003/2024(H5N1)	2167	5454
PB1|PP755595.1|A/cattle/Texas/24-008749-003/2024(H5N1)	2168	5477
PB1|PP755595.1|A/cattle/Texas/24-008749-003/2024(H5N1)	2169	5481
PB1|PP755595.1|A/cattle/Texas/24-008749-003/2024(H5N1)	2170	5479
PB1|PP755595.1|A/cattle/Texas/24-008749-003/2024(H5N1)	2171	5481
PB1|PP755595.1|A/cattle/Texas/24-008749-003/2024(H5N1)	2172	5429
PB1|PP755595.1|A/cattle/Texas/24-008749-003/2024(H5N1)	2173	5426
PB1|PP755595.1|A/cattle/Texas/24-008749-003/2024(H5N1)	2174	5419
PB1|PP755595.1|A/cattle/Texas/24-008749-003/2024(H5N1)	2175	5419
PB1|PP755595.1|A/cattle/Texas/24-008749-003/2024(H5N1)	2176	5420
PB1|PP755595.1|A/cattle/Texas/24-008749-003/2024(H5N1)	2177	5355
PB1|PP755595.1|A/cattle/Texas/24-008749-003/2024(H5N1)	2178	5355
PB1|PP755595.1|A/cattle/Texas/24-008749-003/2024(H5N1)	2179	5358
PB1|PP755595.1|A/cattle/Texas/24-008749-003/2024(H5N1)	2180	5347
PB1|PP755595.1|A/cattle/Texas/24-008749-003/2024(H5N1)	2181	5350
PB1|PP755595.1|A/cattle/Texas/24-008749-003/2024(H5N1)	2182	5342
PB1|PP755595.1|A/cattle/Texas/24-008749-003/2024(H5N1)	2183	5339
PB1|PP755595.1|A/cattle/Texas/24-008749-003/2024(H5N1)	2184	5329
PB1|PP755595.1|A/cattle/Texas/24-008749-003/2024(H5N1)	2185	5333
PB1|PP755595.1|A/cattle/Texas/24-008749-003/2024(H5N1)	2186	5318
PB1|PP755595.1|A/cattle/Texas/24-008749-003/2024(H5N1)	2187	5324
PB1|PP755595.1|A/cattle/Texas/24-008749-003/2024(H5N1)	2188	5286
PB1|PP755595.1|A/cattle/Texas/24-008749-003/2024(H5N1)	2189	5282
PB1|PP755595.1|A/cattle/Texas/24-008749-003/2024(H5N1)	2190	5258
PB1|PP755595.1|A/cattle/Texas/24-008749-003/2024(H5N1)	2191	5258
PB1|PP755595.1|A/cattle/Texas/24-008749-003/2024(H5N1)	2192	5274
PB1|PP755595.1|A/cattle/Texas/24-008749-003/2024(H5N1)	2193	5276
PB1|PP755595.1|A/cattle/Texas/24-008749-003/2024(H5N1)	2194	5263
PB1|PP755595.1|A/cattle/Texas/24-008749-003/2024(H5N1)	2195	5263
PB1|PP755595.1|A/cattle/Texas/24-008749-003/2024(H5N1)	2196	5189
PB1|PP755595.1|A/cattle/Texas/24-008749-003/2024(H5N1)	2197	5187
PB1|PP755595.1|A/cattle/Texas/24-008749-003/2024(H5N1)	2198	5187
PB1|PP755595.1|A/cattle/Texas/24-008749-003/2024(H5N1)	2199	5187
PB1|PP755595.1|A/cattle/Texas/24-008749-003/2024(H5N1)	2200	5185
PB1|PP755595.1|A/cattle/Texas/24-008749-003/2024(H5N1)	2201	5067
PB1|PP755595.1|A/cattle/Texas/24-008749-003/2024(H5N1)	2202	5118
PB1|PP755595.1|A/cattle/Texas/24-008749-003/2024(H5N1)	2203	5120
PB1|PP755595.1|A/cattle/Texas/24-008749-003/2024(H5N1)	2204	5118
PB1|PP755595.1|A/cattle/Texas/24-008749-003/2024(H5N1)	2205	5118
PB1|PP755595.1|A/cattle/Texas/24-008749-003/2024(H5N1)	2206	5106
PB1|PP755595.1|A/cattle/Texas/24-008749-003/2024(H5N1)	2207	5110
PB1|PP755595.1|A/cattle/Texas/24-008749-003/2024(H5N1)	2208	5112
PB1|PP755595.1|A/cattle/Texas/24-008749-003/2024(H5N1)	2209	5109
PB1|PP755595.1|A/cattle/Texas/24-008749-003/2024(H5N1)	2210	5068
PB1|PP755595.1|A/cattle/Texas/24-008749-003/2024(H5N1)	2211	4336
PB1|PP755595.1|A/cattle/Texas/24-008749-003/2024(H5N1)	2212	4324
PB1|PP755595.1|A/cattle/Texas/24-008749-003/2024(H5N1)	2213	4285
PB1|PP755595.1|A/cattle/Texas/24-008749-003/2024(H5N1)	2214	4285
PB1|PP755595.1|A/cattle/Texas/24-008749-003/2024(H5N1)	2215	4296
PB1|PP755595.1|A/cattle/Texas/24-008749-003/2024(H5N1)	2216	4115
PB1|PP755595.1|A/cattle/Texas/24-008749-003/2024(H5N1)	2217	4115
PB1|PP755595.1|A/cattle/Texas/24-008749-003/2024(H5N1)	2218	3958
PB1|PP755595.1|A/cattle/Texas/24-008749-003/2024(H5N1)	2219	3944
PB1|PP755595.1|A/cattle/Texas/24-008749-003/2024(H5N1)	2220	3896
PB1|PP755595.1|A/cattle/Texas/24-008749-003/2024(H5N1)	2221	3874
PB1|PP755595.1|A/cattle/Texas/24-008749-003/2024(H5N1)	2222	3872
PB1|PP755595.1|A/cattle/Texas/24-008749-003/2024(H5N1)	2223	3836
PB1|PP755595.1|A/cattle/Texas/24-008749-003/2024(H5N1)	2224	3832
PB1|PP755595.1|A/cattle/Texas/24-008749-003/2024(H5N1)	2225	3584
PB1|PP755595.1|A/cattle/Texas/24-008749-003/2024(H5N1)	2226	3590
PB1|PP755595.1|A/cattle/Texas/24-008749-003/2024(H5N1)	2227	3588
PB1|PP755595.1|A/cattle/Texas/24-008749-003/2024(H5N1)	2228	3572
PB1|PP755595.1|A/cattle/Texas/24-008749-003/2024(H5N1)	2229	3565
PB1|PP755595.1|A/cattle/Texas/24-008749-003/2024(H5N1)	2230	3545
PB1|PP755595.1|A/cattle/Texas/24-008749-003/2024(H5N1)	2231	3543
PB1|PP755595.1|A/cattle/Texas/24-008749-003/2024(H5N1)	2232	3544
PB1|PP755595.1|A/cattle/Texas/24-008749-003/2024(H5N1)	2233	3542
PB1|PP755595.1|A/cattle/Texas/24-008749-003/2024(H5N1)	2234	3518
PB1|PP755595.1|A/cattle/Texas/24-008749-003/2024(H5N1)	2235	3399
PB1|PP755595.1|A/cattle/Texas/24-008749-003/2024(H5N1)	2236	3329
PB1|PP755595.1|A/cattle/Texas/24-008749-003/2024(H5N1)	2237	3319
PB1|PP755595.1|A/cattle/Texas/24-008749-003/2024(H5N1)	2238	3271
PB1|PP755595.1|A/cattle/Texas/24-008749-003/2024(H5N1)	2239	3077
PB1|PP755595.1|A/cattle/Texas/24-008749-003/2024(H5N1)	2240	3076
PB1|PP755595.1|A/cattle/Texas/24-008749-003/2024(H5N1)	2241	3066
PB1|PP755595.1|A/cattle/Texas/24-008749-003/2024(H5N1)	2242	3058
PB1|PP755595.1|A/cattle/Texas/24-008749-003/2024(H5N1)	2243	3051
PB1|PP755595.1|A/cattle/Texas/24-008749-003/2024(H5N1)	2244	2761
PB1|PP755595.1|A/cattle/Texas/24-008749-003/2024(H5N1)	2245	2756
PB1|PP755595.1|A/cattle/Texas/24-008749-003/2024(H5N1)	2246	2757
PB1|PP755595.1|A/cattle/Texas/24-008749-003/2024(H5N1)	2247	2602
PB1|PP755595.1|A/cattle/Texas/24-008749-003/2024(H5N1)	2248	2532
PB1|PP755595.1|A/cattle/Texas/24-008749-003/2024(H5N1)	2249	2372
PB1|PP755595.1|A/cattle/Texas/24-008749-003/2024(H5N1)	2250	2320
PB1|PP755595.1|A/cattle/Texas/24-008749-003/2024(H5N1)	2251	2319
PB1|PP755595.1|A/cattle/Texas/24-008749-003/2024(H5N1)	2252	2301
PB1|PP755595.1|A/cattle/Texas/24-008749-003/2024(H5N1)	2253	2301
PB1|PP755595.1|A/cattle/Texas/24-008749-003/2024(H5N1)	2254	2300
PB1|PP755595.1|A/cattle/Texas/24-008749-003/2024(H5N1)	2255	1106
PB1|PP755595.1|A/cattle/Texas/24-008749-003/2024(H5N1)	2256	1107
PB1|PP755595.1|A/cattle/Texas/24-008749-003/2024(H5N1)	2257	989
PB1|PP755595.1|A/cattle/Texas/24-008749-003/2024(H5N1)	2258	881
PB1|PP755595.1|A/cattle/Texas/24-008749-003/2024(H5N1)	2259	875
PB1|PP755595.1|A/cattle/Texas/24-008749-003/2024(H5N1)	2260	745
PB1|PP755595.1|A/cattle/Texas/24-008749-003/2024(H5N1)	2261	745
PB1|PP755595.1|A/cattle/Texas/24-008749-003/2024(H5N1)	2262	739
PB1|PP755595.1|A/cattle/Texas/24-008749-003/2024(H5N1)	2263	673
PB1|PP755595.1|A/cattle/Texas/24-008749-003/2024(H5N1)	2264	579
PB1|PP755595.1|A/cattle/Texas/24-008749-003/2024(H5N1)	2265	97
PB1|PP755595.1|A/cattle/Texas/24-008749-003/2024(H5N1)	2266	88
PB1|PP755595.1|A/cattle/Texas/24-008749-003/2024(H5N1)	2267	74
PB1|PP755595.1|A/cattle/Texas/24-008749-003/2024(H5N1)	2268	70
PB1|PP755595.1|A/cattle/Texas/24-008749-003/2024(H5N1)	2269	70
PB1|PP755595.1|A/cattle/Texas/24-008749-003/2024(H5N1)	2270	70
PB1|PP755595.1|A/cattle/Texas/24-008749-003/2024(H5N1)	2271	70
PB1|PP755595.1|A/cattle/Texas/24-008749-003/2024(H5N1)	2272	70
PB1|PP755595.1|A/cattle/Texas/24-008749-003/2024(H5N1)	2273	70
PB1|PP755595.1|A/cattle/Texas/24-008749-003/2024(H5N1)	2274	70
