PB2|PP755596.1|A/cattle/Texas/24-008749-003/2024(H5N1)	1	0
PB2|PP755596.1|A/cattle/Texas/24-008749-003/2024(H5N1)	2	44
PB2|PP755596.1|A/cattle/Texas/24-008749-003/2024(H5N1)	3	44
PB2|PP755596.1|A/cattle/Texas/24-008749-003/2024(H5N1)	4	44
PB2|PP755596.1|A/cattle/Texas/24-008749-003/2024(H5N1)	5	45
PB2|PP755596.1|A/cattle/Texas/24-008749-003/2024(H5N1)	6	47
PB2|PP755596.1|A/cattle/Texas/24-008749-003/2024(H5N1)	7	61
PB2|PP755596.1|A/cattle/Texas/24-008749-003/2024(H5N1)	8	1028
PB2|PP755596.1|A/cattle/Texas/24-008749-003/2024(H5N1)	9	1055
PB2|PP755596.1|A/cattle/Texas/24-008749-003/2024(H5N1)	10	1154
PB2|PP755596.1|A/cattle/Texas/24-008749-003/2024(H5N1)	11	1391
PB2|PP755596.1|A/cattle/Texas/24-008749-003/2024(H5N1)	12	1399
PB2|PP755596.1|A/cattle/Texas/24-008749-003/2024(H5N1)	13	1521
PB2|PP755596.1|A/cattle/Texas/24-008749-003/2024(H5N1)	14	1525
PB2|PP755596.1|A/cattle/Texas/24-008749-003/2024(H5N1)	15	1543
PB2|PP755596.1|A/cattle/Texas/24-008749-003/2024(H5N1)	16	1827
PB2|PP755596.1|A/cattle/Texas/24-008749-003/2024(H5N1)	17	1852
PB2|PP755596.1|A/cattle/Texas/24-008749-003/2024(H5N1)	18	1871
PB2|PP755596.1|A/cattle/Texas/24-008749-003/2024(H5N1)	19	1893
PB2|PP755596.1|A/cattle/Texas/24-008749-003/2024(H5N1)	20	1902
PB2|PP755596.1|A/cattle/Texas/24-008749-003/2024(H5N1)	21	1984
PB2|PP755596.1|A/cattle/Texas/24-008749-003/2024(H5N1)	22	1985
PB2|PP755596.1|A/cattle/Texas/24-008749-003/2024(H5N1)	23	2030
PB2|PP755596.1|A/cattle/Texas/24-008749-003/2024(H5N1)	24	2039
PB2|PP755596.1|A/cattle/Texas/24-008749-003/2024(H5N1)	25	2540
PB2|PP755596.1|A/cattle/Texas/24-008749-003/2024(H5N1)	26	2841
PB2|PP755596.1|A/cattle/Texas/24-008749-003/2024(H5N1)	27	2862
PB2|PP755596.1|A/cattle/Texas/24-008749-003/2024(H5N1)	28	2887
PB2|PP755596.1|A/cattle/Texas/24-008749-003/2024(H5N1)	29	2913
PB2|PP755596.1|A/cattle/Texas/24-008749-003/2024(H5N1)	30	2682
PB2|PP755596.1|A/cattle/Texas/24-008749-003/2024(H5N1)	31	2822
PB2|PP755596.1|A/cattle/Texas/24-008749-003/2024(H5N1)	32	2858
PB2|PP755596.1|A/cattle/Texas/24-008749-003/2024(H5N1)	33	2939
PB2|PP755596.1|A/cattle/Texas/24-008749-003/2024(H5N1)	34	3020
PB2|PP755596.1|A/cattle/Texas/24-008749-003/2024(H5N1)	35	3027
PB2|PP755596.1|A/cattle/Texas/24-008749-003/2024(H5N1)	36	3029
PB2|PP755596.1|A/cattle/Texas/24-008749-003/2024(H5N1)	37	3050
PB2|PP755596.1|A/cattle/Texas/24-008749-003/2024(H5N1)	38	3051
PB2|PP755596.1|A/cattle/Texas/24-008749-003/2024(H5N1)	39	3611
PB2|PP755596.1|A/cattle/Texas/24-008749-003/2024(H5N1)	40	3641
PB2|PP755596.1|A/cattle/Texas/24-008749-003/2024(H5N1)	41	3641
PB2|PP755596.1|A/cattle/Texas/24-008749-003/2024(H5N1)	42	3638
PB2|PP755596.1|A/cattle/Texas/24-008749-003/2024(H5N1)	43	3641
PB2|PP755596.1|A/cattle/Texas/24-008749-003/2024(H5N1)	44	3655
PB2|PP755596.1|A/cattle/Texas/24-008749-003/2024(H5N1)	45	3669
PB2|PP755596.1|A/cattle/Texas/24-008749-003/2024(H5N1)	46	3682
PB2|PP755596.1|A/cattle/Texas/24-008749-003/2024(H5N1)	47	3773
PB2|PP755596.1|A/cattle/Texas/24-008749-003/2024(H5N1)	48	3737
PB2|PP755596.1|A/cattle/Texas/24-008749-003/2024(H5N1)	49	3929
PB2|PP755596.1|A/cattle/Texas/24-008749-003/2024(H5N1)	50	3964
PB2|PP755596.1|A/cattle/Texas/24-008749-003/2024(H5N1)	51	3985
PB2|PP755596.1|A/cattle/Texas/24-008749-003/2024(H5N1)	52	3984
PB2|PP755596.1|A/cattle/Texas/24-008749-003/2024(H5N1)	53	3982
PB2|PP755596.1|A/cattle/Texas/24-008749-003/2024(H5N1)	54	4027
PB2|PP755596.1|A/cattle/Texas/24-008749-003/2024(H5N1)	55	4379
PB2|PP755596.1|A/cattle/Texas/24-008749-003/2024(H5N1)	56	4391
PB2|PP755596.1|A/cattle/Texas/24-008749-003/2024(H5N1)	57	4392
PB2|PP755596.1|A/cattle/Texas/24-008749-003/2024(H5N1)	58	4390
PB2|PP755596.1|A/cattle/Texas/24-008749-003/2024(H5N1)	59	4366
PB2|PP755596.1|A/cattle/Texas/24-008749-003/2024(H5N1)	60	4559
PB2|PP755596.1|A/cattle/Texas/24-008749-003/2024(H5N1)	61	4622
PB2|PP755596.1|A/cattle/Texas/24-008749-003/2024(H5N1)	62	4653
PB2|PP755596.1|A/cattle/Texas/24-008749-003/2024(H5N1)	63	4653
PB2|PP755596.1|A/cattle/Texas/24-008749-003/2024(H5N1)	64	4573
PB2|PP755596.1|A/cattle/Texas/24-008749-003/2024(H5N1)	65	4617
PB2|PP755596.1|A/cattle/Texas/24-008749-003/2024(H5N1)	66	4711
PB2|PP755596.1|A/cattle/Texas/24-008749-003/2024(H5N1)	67	4736
PB2|PP755596.1|A/cattle/Texas/24-008749-003/2024(H5N1)	68	4837
PB2|PP755596.1|A/cattle/Texas/24-008749-003/2024(H5N1)	69	4796
PB2|PP755596.1|A/cattle/Texas/24-008749-003/2024(H5N1)	70	4785
PB2|PP755596.1|A/cattle/Texas/24-008749-003/2024(H5N1)	71	5036
PB2|PP755596.1|A/cattle/Texas/24-008749-003/2024(H5N1)	72	5053
PB2|PP755596.1|A/cattle/Texas/24-008749-003/2024(H5N1)	73	5438
PB2|PP755596.1|A/cattle/Texas/24-008749-003/2024(H5N1)	74	5448
PB2|PP755596.1|A/cattle/Texas/24-008749-003/2024(H5N1)	75	5428
PB2|PP755596.1|A/cattle/Texas/24-008749-003/2024(H5N1)	76	5451
PB2|PP755596.1|A/cattle/Texas/24-008749-003/2024(H5N1)	77	5449
PB2|PP755596.1|A/cattle/Texas/24-008749-003/2024(H5N1)	78	5631
PB2|PP755596.1|A/cattle/Texas/24-008749-003/2024(H5N1)	79	5689
PB2|PP755596.1|A/cattle/Texas/24-008749-003/2024(H5N1)	80	5561
PB2|PP755596.1|A/cattle/Texas/24-008749-003/2024(H5N1)	81	5582
PB2|PP755596.1|A/cattle/Texas/24-008749-003/2024(H5N1)	82	5447
PB2|PP755596.1|A/cattle/Texas/24-008749-003/2024(H5N1)	83	5453
PB2|PP755596.1|A/cattle/Texas/24-008749-003/2024(H5N1)	84	5500
PB2|PP755596.1|A/cattle/Texas/24-008749-003/2024(H5N1)	85	5786
PB2|PP755596.1|A/cattle/Texas/24-008749-003/2024(H5N1)	86	5805
PB2|PP755596.1|A/cattle/Texas/24-008749-003/2024(H5N1)	87	5812
PB2|PP755596.1|A/cattle/Texas/24-008749-003/2024(H5N1)	88	5806
PB2|PP755596.1|A/cattle/Texas/24-008749-003/2024(H5N1)	89	5866
PB2|PP755596.1|A/cattle/Texas/24-008749-003/2024(H5N1)	90	5872
PB2|PP755596.1|A/cattle/Texas/24-008749-003/2024(H5N1)	91	6155
PB2|PP755596.1|A/cattle/Texas/24-008749-003/2024(H5N1)	92	6209
PB2|PP755596.1|A/cattle/Texas/24-008749-003/2024(H5N1)	93	6185
PB2|PP755596.1|A/cattle/Texas/24-008749-003/2024(H5N1)	94	6063
PB2|PP755596.1|A/cattle/Texas/24-008749-003/2024(H5N1)	95	6069
PB2|PP755596.1|A/cattle/Texas/24-008749-003/2024(H5N1)	96	6248
PB2|PP755596.1|A/cattle/Texas/24-008749-003/2024(H5N1)	97	6360
PB2|PP755596.1|A/cattle/Texas/24-008749-003/2024(H5N1)	98	6320
PB2|PP755596.1|A/cattle/Texas/24-008749-003/2024(H5N1)	99	6757
PB2|PP755596.1|A/cattle/Texas/24-008749-003/2024(H5N1)	100	6607
PB2|PP755596.1|A/cattle/Texas/24-008749-003/2024(H5N1)	101	6634
PB2|PP755596.1|A/cattle/Texas/24-008749-003/2024(H5N1)	102	6661
PB2|PP755596.1|A/cattle/Texas/24-008749-003/2024(H5N1)	103	6649
PB2|PP755596.1|A/cattle/Texas/24-008749-003/2024(H5N1)	104	6974
PB2|PP755596.1|A/cattle/Texas/24-008749-003/2024(H5N1)	105	6857
PB2|PP755596.1|A/cattle/Texas/24-008749-003/2024(H5N1)	106	6868
PB2|PP755596.1|A/cattle/Texas/24-008749-003/2024(H5N1)	107	6914
PB2|PP755596.1|A/cattle/Texas/24-008749-003/2024(H5N1)	108	6650
PB2|PP755596.1|A/cattle/Texas/24-008749-003/2024(H5N1)	109	6652
PB2|PP755596.1|A/cattle/Texas/24-008749-003/2024(H5N1)	110	6652
PB2|PP755596.1|A/cattle/Texas/24-008749-003/2024(H5N1)	111	6634
PB2|PP755596.1|A/cattle/Texas/24-008749-003/2024(H5N1)	112	6620
PB2|PP755596.1|A/cattle/Texas/24-008749-003/2024(H5N1)	113	6590
PB2|PP755596.1|A/cattle/Texas/24-008749-003/2024(H5N1)	114	6574
PB2|PP755596.1|A/cattle/Texas/24-008749-003/2024(H5N1)	115	6631
PB2|PP755596.1|A/cattle/Texas/24-008749-003/2024(H5N1)	116	6599
PB2|PP755596.1|A/cattle/Texas/24-008749-003/2024(H5N1)	117	6603
PB2|PP755596.1|A/cattle/Texas/24-008749-003/2024(H5N1)	118	6931
PB2|PP755596.1|A/cattle/Texas/24-008749-003/2024(H5N1)	119	6927
PB2|PP755596.1|A/cattle/Texas/24-008749-003/2024(H5N1)	120	7021
PB2|PP755596.1|A/cattle/Texas/24-008749-003/2024(H5N1)	121	7018
PB2|PP755596.1|A/cattle/Texas/24-008749-003/2024(H5N1)	122	6909
PB2|PP755596.1|A/cattle/Texas/24-008749-003/2024(H5N1)	123	6961
PB2|PP755596.1|A/cattle/Texas/24-008749-003/2024(H5N1)	124	7338
PB2|PP755596.1|A/cattle/Texas/24-008749-003/2024(H5N1)	125	7889
PB2|PP755596.1|A/cattle/Texas/24-008749-003/2024(H5N1)	126	8048
PB2|PP755596.1|A/cattle/Texas/24-008749-003/2024(H5N1)	127	7777
PB2|PP755596.1|A/cattle/Texas/24-008749-003/2024(H5N1)	128	7777
PB2|PP755596.1|A/cattle/Texas/24-008749-003/2024(H5N1)	129	7711
PB2|PP755596.1|A/cattle/Texas/24-008749-003/2024(H5N1)	130	7758
PB2|PP755596.1|A/cattle/Texas/24-008749-003/2024(H5N1)	131	7760
PB2|PP755596.1|A/cattle/Texas/24-008749-003/2024(H5N1)	132	7777
PB2|PP755596.1|A/cattle/Texas/24-008749-003/2024(H5N1)	133	7809
PB2|PP755596.1|A/cattle/Texas/24-008749-003/2024(H5N1)	134	7394
PB2|PP755596.1|A/cattle/Texas/24-008749-003/2024(H5N1)	135	7424
PB2|PP755596.1|A/cattle/Texas/24-008749-003/2024(H5N1)	136	7296
PB2|PP755596.1|A/cattle/Texas/24-008749-003/2024(H5N1)	137	7565
PB2|PP755596.1|A/cattle/Texas/24-008749-003/2024(H5N1)	138	7568
PB2|PP755596.1|A/cattle/Texas/24-008749-003/2024(H5N1)	139	7542
PB2|PP755596.1|A/cattle/Texas/24-008749-003/2024(H5N1)	140	7551
PB2|PP755596.1|A/cattle/Texas/24-008749-003/2024(H5N1)	141	7647
PB2|PP755596.1|A/cattle/Texas/24-008749-003/2024(H5N1)	142	7756
PB2|PP755596.1|A/cattle/Texas/24-008749-003/2024(H5N1)	143	7762
PB2|PP755596.1|A/cattle/Texas/24-008749-003/2024(H5N1)	144	7771
PB2|PP755596.1|A/cattle/Texas/24-008749-003/2024(H5N1)	145	7751
PB2|PP755596.1|A/cattle/Texas/24-008749-003/2024(H5N1)	146	7532
PB2|PP755596.1|A/cattle/Texas/24-008749-003/2024(H5N1)	147	7640
PB2|PP755596.1|A/cattle/Texas/24-008749-003/2024(H5N1)	148	7625
PB2|PP755596.1|A/cattle/Texas/24-008749-003/2024(H5N1)	149	7615
PB2|PP755596.1|A/cattle/Texas/24-008749-003/2024(H5N1)	150	7465
PB2|PP755596.1|A/cattle/Texas/24-008749-003/2024(H5N1)	151	7339
PB2|PP755596.1|A/cattle/Texas/24-008749-003/2024(H5N1)	152	7369
PB2|PP755596.1|A/cattle/Texas/24-008749-003/2024(H5N1)	153	7384
PB2|PP755596.1|A/cattle/Texas/24-008749-003/2024(H5N1)	154	7445
PB2|PP755596.1|A/cattle/Texas/24-008749-003/2024(H5N1)	155	7417
PB2|PP755596.1|A/cattle/Texas/24-008749-003/2024(H5N1)	156	7260
PB2|PP755596.1|A/cattle/Texas/24-008749-003/2024(H5N1)	157	7323
PB2|PP755596.1|A/cattle/Texas/24-008749-003/2024(H5N1)	158	7330
PB2|PP755596.1|A/cattle/Texas/24-008749-003/2024(H5N1)	159	7612
PB2|PP755596.1|A/cattle/Texas/24-008749-003/2024(H5N1)	160	7680
PB2|PP755596.1|A/cattle/Texas/24-008749-003/2024(H5N1)	161	7667
PB2|PP755596.1|A/cattle/Texas/24-008749-003/2024(H5N1)	162	7656
PB2|PP755596.1|A/cattle/Texas/24-008749-003/2024(H5N1)	163	7613
PB2|PP755596.1|A/cattle/Texas/24-008749-003/2024(H5N1)	164	7925
PB2|PP755596.1|A/cattle/Texas/24-008749-003/2024(H5N1)	165	7964
PB2|PP755596.1|A/cattle/Texas/24-008749-003/2024(H5N1)	166	7917
PB2|PP755596.1|A/cattle/Texas/24-008749-003/2024(H5N1)	167	7905
PB2|PP755596.1|A/cattle/Texas/24-008749-003/2024(H5N1)	168	7826
PB2|PP755596.1|A/cattle/Texas/24-008749-003/2024(H5N1)	169	7860
PB2|PP755596.1|A/cattle/Texas/24-008749-003/2024(H5N1)	170	8318
PB2|PP755596.1|A/cattle/Texas/24-008749-003/2024(H5N1)	171	8333
PB2|PP755596.1|A/cattle/Texas/24-008749-003/2024(H5N1)	172	8571
PB2|PP755596.1|A/cattle/Texas/24-008749-003/2024(H5N1)	173	10822
PB2|PP755596.1|A/cattle/Texas/24-008749-003/2024(H5N1)	174	10799
PB2|PP755596.1|A/cattle/Texas/24-008749-003/2024(H5N1)	175	12079
PB2|PP755596.1|A/cattle/Texas/24-008749-003/2024(H5N1)	176	12058
PB2|PP755596.1|A/cattle/Texas/24-008749-003/2024(H5N1)	177	12534
PB2|PP755596.1|A/cattle/Texas/24-008749-003/2024(H5N1)	178	12992
PB2|PP755596.1|A/cattle/Texas/24-008749-003/2024(H5N1)	179	13005
PB2|PP755596.1|A/cattle/Texas/24-008749-003/2024(H5N1)	180	14159
PB2|PP755596.1|A/cattle/Texas/24-008749-003/2024(H5N1)	181	14153
PB2|PP755596.1|A/cattle/Texas/24-008749-003/2024(H5N1)	182	14389
PB2|PP755596.1|A/cattle/Texas/24-008749-003/2024(H5N1)	183	14559
PB2|PP755596.1|A/cattle/Texas/24-008749-003/2024(H5N1)	184	14443
PB2|PP755596.1|A/cattle/Texas/24-008749-003/2024(H5N1)	185	14830
PB2|PP755596.1|A/cattle/Texas/24-008749-003/2024(H5N1)	186	14836
PB2|PP755596.1|A/cattle/Texas/24-008749-003/2024(H5N1)	187	14807
PB2|PP755596.1|A/cattle/Texas/24-008749-003/2024(H5N1)	188	15350
PB2|PP755596.1|A/cattle/Texas/24-008749-003/2024(H5N1)	189	15262
PB2|PP755596.1|A/cattle/Texas/24-008749-003/2024(H5N1)	190	15871
PB2|PP755596.1|A/cattle/Texas/24-008749-003/2024(H5N1)	191	15828
PB2|PP755596.1|A/cattle/Texas/24-008749-003/2024(H5N1)	192	15902
PB2|PP755596.1|A/cattle/Texas/24-008749-003/2024(H5N1)	193	16270
PB2|PP755596.1|A/cattle/Texas/24-008749-003/2024(H5N1)	194	16247
PB2|PP755596.1|A/cattle/Texas/24-008749-003/2024(H5N1)	195	16371
PB2|PP755596.1|A/cattle/Texas/24-008749-003/2024(H5N1)	196	16379
PB2|PP755596.1|A/cattle/Texas/24-008749-003/2024(H5N1)	197	16241
PB2|PP755596.1|A/cattle/Texas/24-008749-003/2024(H5N1)	198	16248
PB2|PP755596.1|A/cattle/Texas/24-008749-003/2024(H5N1)	199	16104
PB2|PP755596.1|A/cattle/Texas/24-008749-003/2024(H5N1)	200	16308
PB2|PP755596.1|A/cattle/Texas/24-008749-003/2024(H5N1)	201	16430
PB2|PP755596.1|A/cattle/Texas/24-008749-003/2024(H5N1)	202	16552
PB2|PP755596.1|A/cattle/Texas/24-008749-003/2024(H5N1)	203	16466
PB2|PP755596.1|A/cattle/Texas/24-008749-003/2024(H5N1)	204	16403
PB2|PP755596.1|A/cattle/Texas/24-008749-003/2024(H5N1)	205	16445
PB2|PP755596.1|A/cattle/Texas/24-008749-003/2024(H5N1)	206	16419
PB2|PP755596.1|A/cattle/Texas/24-008749-003/2024(H5N1)	207	16418
PB2|PP755596.1|A/cattle/Texas/24-008749-003/2024(H5N1)	208	16423
PB2|PP755596.1|A/cattle/Texas/24-008749-003/2024(H5N1)	209	16745
PB2|PP755596.1|A/cattle/Texas/24-008749-003/2024(H5N1)	210	16905
PB2|PP755596.1|A/cattle/Texas/24-008749-003/2024(H5N1)	211	16515
PB2|PP755596.1|A/cattle/Texas/24-008749-003/2024(H5N1)	212	16517
PB2|PP755596.1|A/cattle/Texas/24-008749-003/2024(H5N1)	213	16493
PB2|PP755596.1|A/cattle/Texas/24-008749-003/2024(H5N1)	214	16953
PB2|PP755596.1|A/cattle/Texas/24-008749-003/2024(H5N1)	215	17095
PB2|PP755596.1|A/cattle/Texas/24-008749-003/2024(H5N1)	216	17093
PB2|PP755596.1|A/cattle/Texas/24-008749-003/2024(H5N1)	217	17098
PB2|PP755596.1|A/cattle/Texas/24-008749-003/2024(H5N1)	218	16472
PB2|PP755596.1|A/cattle/Texas/24-008749-003/2024(H5N1)	219	16073
PB2|PP755596.1|A/cattle/Texas/24-008749-003/2024(H5N1)	220	16910
PB2|PP755596.1|A/cattle/Texas/24-008749-003/2024(H5N1)	221	17159
PB2|PP755596.1|A/cattle/Texas/24-008749-003/2024(H5N1)	222	17108
PB2|PP755596.1|A/cattle/Texas/24-008749-003/2024(H5N1)	223	16225
PB2|PP755596.1|A/cattle/Texas/24-008749-003/2024(H5N1)	224	15527
PB2|PP755596.1|A/cattle/Texas/24-008749-003/2024(H5N1)	225	15509
PB2|PP755596.1|A/cattle/Texas/24-008749-003/2024(H5N1)	226	15744
PB2|PP755596.1|A/cattle/Texas/24-008749-003/2024(H5N1)	227	15827
PB2|PP755596.1|A/cattle/Texas/24-008749-003/2024(H5N1)	228	15657
PB2|PP755596.1|A/cattle/Texas/24-008749-003/2024(H5N1)	229	14847
PB2|PP755596.1|A/cattle/Texas/24-008749-003/2024(H5N1)	230	12837
PB2|PP755596.1|A/cattle/Texas/24-008749-003/2024(H5N1)	231	12566
PB2|PP755596.1|A/cattle/Texas/24-008749-003/2024(H5N1)	232	12491
PB2|PP755596.1|A/cattle/Texas/24-008749-003/2024(H5N1)	233	12516
PB2|PP755596.1|A/cattle/Texas/24-008749-003/2024(H5N1)	234	12705
PB2|PP755596.1|A/cattle/Texas/24-008749-003/2024(H5N1)	235	11419
PB2|PP755596.1|A/cattle/Texas/24-008749-003/2024(H5N1)	236	11386
PB2|PP755596.1|A/cattle/Texas/24-008749-003/2024(H5N1)	237	11190
PB2|PP755596.1|A/cattle/Texas/24-008749-003/2024(H5N1)	238	10648
PB2|PP755596.1|A/cattle/Texas/24-008749-003/2024(H5N1)	239	10953
PB2|PP755596.1|A/cattle/Texas/24-008749-003/2024(H5N1)	240	10937
PB2|PP755596.1|A/cattle/Texas/24-008749-003/2024(H5N1)	241	10984
PB2|PP755596.1|A/cattle/Texas/24-008749-003/2024(H5N1)	242	10949
PB2|PP755596.1|A/cattle/Texas/24-008749-003/2024(H5N1)	243	10437
PB2|PP755596.1|A/cattle/Texas/24-008749-003/2024(H5N1)	244	10505
PB2|PP755596.1|A/cattle/Texas/24-008749-003/2024(H5N1)	245	10556
PB2|PP755596.1|A/cattle/Texas/24-008749-003/2024(H5N1)	246	10531
PB2|PP755596.1|A/cattle/Texas/24-008749-003/2024(H5N1)	247	10525
PB2|PP755596.1|A/cattle/Texas/24-008749-003/2024(H5N1)	248	9506
PB2|PP755596.1|A/cattle/Texas/24-008749-003/2024(H5N1)	249	9421
PB2|PP755596.1|A/cattle/Texas/24-008749-003/2024(H5N1)	250	9428
PB2|PP755596.1|A/cattle/Texas/24-008749-003/2024(H5N1)	251	9604
PB2|PP755596.1|A/cattle/Texas/24-008749-003/2024(H5N1)	252	9540
PB2|PP755596.1|A/cattle/Texas/24-008749-003/2024(H5N1)	253	9894
PB2|PP755596.1|A/cattle/Texas/24-008749-003/2024(H5N1)	254	9968
PB2|PP755596.1|A/cattle/Texas/24-008749-003/2024(H5N1)	255	10063
PB2|PP755596.1|A/cattle/Texas/24-008749-003/2024(H5N1)	256	10071
PB2|PP755596.1|A/cattle/Texas/24-008749-003/2024(H5N1)	257	10089
PB2|PP755596.1|A/cattle/Texas/24-008749-003/2024(H5N1)	258	10009
PB2|PP755596.1|A/cattle/Texas/24-008749-003/2024(H5N1)	259	10265
PB2|PP755596.1|A/cattle/Texas/24-008749-003/2024(H5N1)	260	10272
PB2|PP755596.1|A/cattle/Texas/24-008749-003/2024(H5N1)	261	10272
PB2|PP755596.1|A/cattle/Texas/24-008749-003/2024(H5N1)	262	10096
PB2|PP755596.1|A/cattle/Texas/24-008749-003/2024(H5N1)	263	10261
PB2|PP755596.1|A/cattle/Texas/24-008749-003/2024(H5N1)	264	10356
PB2|PP755596.1|A/cattle/Texas/24-008749-003/2024(H5N1)	265	10401
PB2|PP755596.1|A/cattle/Texas/24-008749-003/2024(H5N1)	266	10363
PB2|PP755596.1|A/cattle/Texas/24-008749-003/2024(H5N1)	267	10422
PB2|PP755596.1|A/cattle/Texas/24-008749-003/2024(H5N1)	268	10244
PB2|PP755596.1|A/cattle/Texas/24-008749-003/2024(H5N1)	269	10307
PB2|PP755596.1|A/cattle/Texas/24-008749-003/2024(H5N1)	270	10565
PB2|PP755596.1|A/cattle/Texas/24-008749-003/2024(H5N1)	271	11353
PB2|PP755596.1|A/cattle/Texas/24-008749-003/2024(H5N1)	272	11262
PB2|PP755596.1|A/cattle/Texas/24-008749-003/2024(H5N1)	273	11212
PB2|PP755596.1|A/cattle/Texas/24-008749-003/2024(H5N1)	274	11179
PB2|PP755596.1|A/cattle/Texas/24-008749-003/2024(H5N1)	275	11196
PB2|PP755596.1|A/cattle/Texas/24-008749-003/2024(H5N1)	276	11360
PB2|PP755596.1|A/cattle/Texas/24-008749-003/2024(H5N1)	277	11852
PB2|PP755596.1|A/cattle/Texas/24-008749-003/2024(H5N1)	278	11817
PB2|PP755596.1|A/cattle/Texas/24-008749-003/2024(H5N1)	279	11640
PB2|PP755596.1|A/cattle/Texas/24-008749-003/2024(H5N1)	280	11010
PB2|PP755596.1|A/cattle/Texas/24-008749-003/2024(H5N1)	281	10915
PB2|PP755596.1|A/cattle/Texas/24-008749-003/2024(H5N1)	282	11571
PB2|PP755596.1|A/cattle/Texas/24-008749-003/2024(H5N1)	283	11674
PB2|PP755596.1|A/cattle/Texas/24-008749-003/2024(H5N1)	284	11879
PB2|PP755596.1|A/cattle/Texas/24-008749-003/2024(H5N1)	285	11694
PB2|PP755596.1|A/cattle/Texas/24-008749-003/2024(H5N1)	286	11467
PB2|PP755596.1|A/cattle/Texas/24-008749-003/2024(H5N1)	287	11434
PB2|PP755596.1|A/cattle/Texas/24-008749-003/2024(H5N1)	288	11419
PB2|PP755596.1|A/cattle/Texas/24-008749-003/2024(H5N1)	289	11570
PB2|PP755596.1|A/cattle/Texas/24-008749-003/2024(H5N1)	290	11573
PB2|PP755596.1|A/cattle/Texas/24-008749-003/2024(H5N1)	291	11009
PB2|PP755596.1|A/cattle/Texas/24-008749-003/2024(H5N1)	292	10960
PB2|PP755596.1|A/cattle/Texas/24-008749-003/2024(H5N1)	293	10776
PB2|PP755596.1|A/cattle/Texas/24-008749-003/2024(H5N1)	294	10966
PB2|PP755596.1|A/cattle/Texas/24-008749-003/2024(H5N1)	295	10862
PB2|PP755596.1|A/cattle/Texas/24-008749-003/2024(H5N1)	296	10938
PB2|PP755596.1|A/cattle/Texas/24-008749-003/2024(H5N1)	297	11290
PB2|PP755596.1|A/cattle/Texas/24-008749-003/2024(H5N1)	298	11231
PB2|PP755596.1|A/cattle/Texas/24-008749-003/2024(H5N1)	299	11228
PB2|PP755596.1|A/cattle/Texas/24-008749-003/2024(H5N1)	300	11231
PB2|PP755596.1|A/cattle/Texas/24-008749-003/2024(H5N1)	301	11262
PB2|PP755596.1|A/cattle/Texas/24-008749-003/2024(H5N1)	302	11583
PB2|PP755596.1|A/cattle/Texas/24-008749-003/2024(H5N1)	303	11576
PB2|PP755596.1|A/cattle/Texas/24-008749-003/2024(H5N1)	304	11497
PB2|PP755596.1|A/cattle/Texas/24-008749-003/2024(H5N1)	305	11479
PB2|PP755596.1|A/cattle/Texas/24-008749-003/2024(H5N1)	306	11040
PB2|PP755596.1|A/cattle/Texas/24-008749-003/2024(H5N1)	307	11011
PB2|PP755596.1|A/cattle/Texas/24-008749-003/2024(H5N1)	308	11113
PB2|PP755596.1|A/cattle/Texas/24-008749-003/2024(H5N1)	309	11135
PB2|PP755596.1|A/cattle/Texas/24-008749-003/2024(H5N1)	310	11154
PB2|PP755596.1|A/cattle/Texas/24-008749-003/2024(H5N1)	311	10881
PB2|PP755596.1|A/cattle/Texas/24-008749-003/2024(H5N1)	312	10792
PB2|PP755596.1|A/cattle/Texas/24-008749-003/2024(H5N1)	313	10818
PB2|PP755596.1|A/cattle/Texas/24-008749-003/2024(H5N1)	314	10958
PB2|PP755596.1|A/cattle/Texas/24-008749-003/2024(H5N1)	315	11024
PB2|PP755596.1|A/cattle/Texas/24-008749-003/2024(H5N1)	316	11017
PB2|PP755596.1|A/cattle/Texas/24-008749-003/2024(H5N1)	317	10908
PB2|PP755596.1|A/cattle/Texas/24-008749-003/2024(H5N1)	318	10894
PB2|PP755596.1|A/cattle/Texas/24-008749-003/2024(H5N1)	319	10860
PB2|PP755596.1|A/cattle/Texas/24-008749-003/2024(H5N1)	320	11149
PB2|PP755596.1|A/cattle/Texas/24-008749-003/2024(H5N1)	321	11131
PB2|PP755596.1|A/cattle/Texas/24-008749-003/2024(H5N1)	322	11143
PB2|PP755596.1|A/cattle/Texas/24-008749-003/2024(H5N1)	323	10997
PB2|PP755596.1|A/cattle/Texas/24-008749-003/2024(H5N1)	324	10375
PB2|PP755596.1|A/cattle/Texas/24-008749-003/2024(H5N1)	325	10405
PB2|PP755596.1|A/cattle/Texas/24-008749-003/2024(H5N1)	326	10225
PB2|PP755596.1|A/cattle/Texas/24-008749-003/2024(H5N1)	327	10235
PB2|PP755596.1|A/cattle/Texas/24-008749-003/2024(H5N1)	328	10213
PB2|PP755596.1|A/cattle/Texas/24-008749-003/2024(H5N1)	329	9819
PB2|PP755596.1|A/cattle/Texas/24-008749-003/2024(H5N1)	330	9966
PB2|PP755596.1|A/cattle/Texas/24-008749-003/2024(H5N1)	331	9865
PB2|PP755596.1|A/cattle/Texas/24-008749-003/2024(H5N1)	332	11384
PB2|PP755596.1|A/cattle/Texas/24-008749-003/2024(H5N1)	333	11375
PB2|PP755596.1|A/cattle/Texas/24-008749-003/2024(H5N1)	334	11304
PB2|PP755596.1|A/cattle/Texas/24-008749-003/2024(H5N1)	335	11296
PB2|PP755596.1|A/cattle/Texas/24-008749-003/2024(H5N1)	336	11144
PB2|PP755596.1|A/cattle/Texas/24-008749-003/2024(H5N1)	337	11358
PB2|PP755596.1|A/cattle/Texas/24-008749-003/2024(H5N1)	338	11381
PB2|PP755596.1|A/cattle/Texas/24-008749-003/2024(H5N1)	339	11850
PB2|PP755596.1|A/cattle/Texas/24-008749-003/2024(H5N1)	340	11950
PB2|PP755596.1|A/cattle/Texas/24-008749-003/2024(H5N1)	341	10641
PB2|PP755596.1|A/cattle/Texas/24-008749-003/2024(H5N1)	342	10798
PB2|PP755596.1|A/cattle/Texas/24-008749-003/2024(H5N1)	343	10801
PB2|PP755596.1|A/cattle/Texas/24-008749-003/2024(H5N1)	344	10795
PB2|PP755596.1|A/cattle/Texas/24-008749-003/2024(H5N1)	345	10798
PB2|PP755596.1|A/cattle/Texas/24-008749-003/2024(H5N1)	346	10646
PB2|PP755596.1|A/cattle/Texas/24-008749-003/2024(H5N1)	347	10660
PB2|PP755596.1|A/cattle/Texas/24-008749-003/2024(H5N1)	348	10290
PB2|PP755596.1|A/cattle/Texas/24-008749-003/2024(H5N1)	349	10235
PB2|PP755596.1|A/cattle/Texas/24-008749-003/2024(H5N1)	350	10234
PB2|PP755596.1|A/cattle/Texas/24-008749-003/2024(H5N1)	351	9952
PB2|PP755596.1|A/cattle/Texas/24-008749-003/2024(H5N1)	352	9947
PB2|PP755596.1|A/cattle/Texas/24-008749-003/2024(H5N1)	353	9950
PB2|PP755596.1|A/cattle/Texas/24-008749-003/2024(H5N1)	354	9939
PB2|PP755596.1|A/cattle/Texas/24-008749-003/2024(H5N1)	355	9938
PB2|PP755596.1|A/cattle/Texas/24-008749-003/2024(H5N1)	356	9933
PB2|PP755596.1|A/cattle/Texas/24-008749-003/2024(H5N1)	357	9917
PB2|PP755596.1|A/cattle/Texas/24-008749-003/2024(H5N1)	358	9919
PB2|PP755596.1|A/cattle/Texas/24-008749-003/2024(H5N1)	359	9915
PB2|PP755596.1|A/cattle/Texas/24-008749-003/2024(H5N1)	360	9895
PB2|PP755596.1|A/cattle/Texas/24-008749-003/2024(H5N1)	361	9881
PB2|PP755596.1|A/cattle/Texas/24-008749-003/2024(H5N1)	362	9880
PB2|PP755596.1|A/cattle/Texas/24-008749-003/2024(H5N1)	363	9891
PB2|PP755596.1|A/cattle/Texas/24-008749-003/2024(H5N1)	364	9980
PB2|PP755596.1|A/cattle/Texas/24-008749-003/2024(H5N1)	365	9937
PB2|PP755596.1|A/cattle/Texas/24-008749-003/2024(H5N1)	366	9917
PB2|PP755596.1|A/cattle/Texas/24-008749-003/2024(H5N1)	367	9913
PB2|PP755596.1|A/cattle/Texas/24-008749-003/2024(H5N1)	368	9918
PB2|PP755596.1|A/cattle/Texas/24-008749-003/2024(H5N1)	369	9920
PB2|PP755596.1|A/cattle/Texas/24-008749-003/2024(H5N1)	370	9916
PB2|PP755596.1|A/cattle/Texas/24-008749-003/2024(H5N1)	371	9917
PB2|PP755596.1|A/cattle/Texas/24-008749-003/2024(H5N1)	372	9939
PB2|PP755596.1|A/cattle/Texas/24-008749-003/2024(H5N1)	373	9767
PB2|PP755596.1|A/cattle/Texas/24-008749-003/2024(H5N1)	374	9731
PB2|PP755596.1|A/cattle/Texas/24-008749-003/2024(H5N1)	375	9736
PB2|PP755596.1|A/cattle/Texas/24-008749-003/2024(H5N1)	376	9754
PB2|PP755596.1|A/cattle/Texas/24-008749-003/2024(H5N1)	377	9736
PB2|PP755596.1|A/cattle/Texas/24-008749-003/2024(H5N1)	378	9760
PB2|PP755596.1|A/cattle/Texas/24-008749-003/2024(H5N1)	379	9772
PB2|PP755596.1|A/cattle/Texas/24-008749-003/2024(H5N1)	380	9419
PB2|PP755596.1|A/cattle/Texas/24-008749-003/2024(H5N1)	381	9256
PB2|PP755596.1|A/cattle/Texas/24-008749-003/2024(H5N1)	382	9127
PB2|PP755596.1|A/cattle/Texas/24-008749-003/2024(H5N1)	383	9139
PB2|PP755596.1|A/cattle/Texas/24-008749-003/2024(H5N1)	384	9126
PB2|PP755596.1|A/cattle/Texas/24-008749-003/2024(H5N1)	385	9121
PB2|PP755596.1|A/cattle/Texas/24-008749-003/2024(H5N1)	386	9328
PB2|PP755596.1|A/cattle/Texas/24-008749-003/2024(H5N1)	387	9320
PB2|PP755596.1|A/cattle/Texas/24-008749-003/2024(H5N1)	388	9157
PB2|PP755596.1|A/cattle/Texas/24-008749-003/2024(H5N1)	389	9163
PB2|PP755596.1|A/cattle/Texas/24-008749-003/2024(H5N1)	390	9073
PB2|PP755596.1|A/cattle/Texas/24-008749-003/2024(H5N1)	391	9115
PB2|PP755596.1|A/cattle/Texas/24-008749-003/2024(H5N1)	392	9550
PB2|PP755596.1|A/cattle/Texas/24-008749-003/2024(H5N1)	393	9541
PB2|PP755596.1|A/cattle/Texas/24-008749-003/2024(H5N1)	394	9277
PB2|PP755596.1|A/cattle/Texas/24-008749-003/2024(H5N1)	395	8788
PB2|PP755596.1|A/cattle/Texas/24-008749-003/2024(H5N1)	396	7575
PB2|PP755596.1|A/cattle/Texas/24-008749-003/2024(H5N1)	397	7743
PB2|PP755596.1|A/cattle/Texas/24-008749-003/2024(H5N1)	398	7735
PB2|PP755596.1|A/cattle/Texas/24-008749-003/2024(H5N1)	399	7736
PB2|PP755596.1|A/cattle/Texas/24-008749-003/2024(H5N1)	400	7718
PB2|PP755596.1|A/cattle/Texas/24-008749-003/2024(H5N1)	401	5041
PB2|PP755596.1|A/cattle/Texas/24-008749-003/2024(H5N1)	402	5110
PB2|PP755596.1|A/cattle/Texas/24-008749-003/2024(H5N1)	403	4357
PB2|PP755596.1|A/cattle/Texas/24-008749-003/2024(H5N1)	404	4246
PB2|PP755596.1|A/cattle/Texas/24-008749-003/2024(H5N1)	405	4233
PB2|PP755596.1|A/cattle/Texas/24-008749-003/2024(H5N1)	406	3232
PB2|PP755596.1|A/cattle/Texas/24-008749-003/2024(H5N1)	407	3223
PB2|PP755596.1|A/cattle/Texas/24-008749-003/2024(H5N1)	408	3181
PB2|PP755596.1|A/cattle/Texas/24-008749-003/2024(H5N1)	409	3174
PB2|PP755596.1|A/cattle/Texas/24-008749-003/2024(H5N1)	410	3202
PB2|PP755596.1|A/cattle/Texas/24-008749-003/2024(H5N1)	411	3277
PB2|PP755596.1|A/cattle/Texas/24-008749-003/2024(H5N1)	412	3300
PB2|PP755596.1|A/cattle/Texas/24-008749-003/2024(H5N1)	413	3293
PB2|PP755596.1|A/cattle/Texas/24-008749-003/2024(H5N1)	414	3263
PB2|PP755596.1|A/cattle/Texas/24-008749-003/2024(H5N1)	415	3261
PB2|PP755596.1|A/cattle/Texas/24-008749-003/2024(H5N1)	416	3260
PB2|PP755596.1|A/cattle/Texas/24-008749-003/2024(H5N1)	417	3261
PB2|PP755596.1|A/cattle/Texas/24-008749-003/2024(H5N1)	418	3260
PB2|PP755596.1|A/cattle/Texas/24-008749-003/2024(H5N1)	419	3321
PB2|PP755596.1|A/cattle/Texas/24-008749-003/2024(H5N1)	420	3329
PB2|PP755596.1|A/cattle/Texas/24-008749-003/2024(H5N1)	421	3359
PB2|PP755596.1|A/cattle/Texas/24-008749-003/2024(H5N1)	422	3362
PB2|PP755596.1|A/cattle/Texas/24-008749-003/2024(H5N1)	423	3352
PB2|PP755596.1|A/cattle/Texas/24-008749-003/2024(H5N1)	424	3374
PB2|PP755596.1|A/cattle/Texas/24-008749-003/2024(H5N1)	425	3437
PB2|PP755596.1|A/cattle/Texas/24-008749-003/2024(H5N1)	426	3479
PB2|PP755596.1|A/cattle/Texas/24-008749-003/2024(H5N1)	427	3477
PB2|PP755596.1|A/cattle/Texas/24-008749-003/2024(H5N1)	428	3409
PB2|PP755596.1|A/cattle/Texas/24-008749-003/2024(H5N1)	429	3410
PB2|PP755596.1|A/cattle/Texas/24-008749-003/2024(H5N1)	430	3395
PB2|PP755596.1|A/cattle/Texas/24-008749-003/2024(H5N1)	431	3431
PB2|PP755596.1|A/cattle/Texas/24-008749-003/2024(H5N1)	432	3453
PB2|PP755596.1|A/cattle/Texas/24-008749-003/2024(H5N1)	433	3460
PB2|PP755596.1|A/cattle/Texas/24-008749-003/2024(H5N1)	434	3428
PB2|PP755596.1|A/cattle/Texas/24-008749-003/2024(H5N1)	435	3425
PB2|PP755596.1|A/cattle/Texas/24-008749-003/2024(H5N1)	436	3426
PB2|PP755596.1|A/cattle/Texas/24-008749-003/2024(H5N1)	437	3894
PB2|PP755596.1|A/cattle/Texas/24-008749-003/2024(H5N1)	438	3896
PB2|PP755596.1|A/cattle/Texas/24-008749-003/2024(H5N1)	439	3894
PB2|PP755596.1|A/cattle/Texas/24-008749-003/2024(H5N1)	440	3866
PB2|PP755596.1|A/cattle/Texas/24-008749-003/2024(H5N1)	441	3831
PB2|PP755596.1|A/cattle/Texas/24-008749-003/2024(H5N1)	442	3913
PB2|PP755596.1|A/cattle/Texas/24-008749-003/2024(H5N1)	443	3937
PB2|PP755596.1|A/cattle/Texas/24-008749-003/2024(H5N1)	444	3941
PB2|PP755596.1|A/cattle/Texas/24-008749-003/2024(H5N1)	445	3941
PB2|PP755596.1|A/cattle/Texas/24-008749-003/2024(H5N1)	446	3478
PB2|PP755596.1|A/cattle/Texas/24-008749-003/2024(H5N1)	447	3524
PB2|PP755596.1|A/cattle/Texas/24-008749-003/2024(H5N1)	448	3528
PB2|PP755596.1|A/cattle/Texas/24-008749-003/2024(H5N1)	449	3540
PB2|PP755596.1|A/cattle/Texas/24-008749-003/2024(H5N1)	450	3540
PB2|PP755596.1|A/cattle/Texas/24-008749-003/2024(H5N1)	451	3499
PB2|PP755596.1|A/cattle/Texas/24-008749-003/2024(H5N1)	452	3676
PB2|PP755596.1|A/cattle/Texas/24-008749-003/2024(H5N1)	453	3662
PB2|PP755596.1|A/cattle/Texas/24-008749-003/2024(H5N1)	454	3740
PB2|PP755596.1|A/cattle/Texas/24-008749-003/2024(H5N1)	455	3738
PB2|PP755596.1|A/cattle/Texas/24-008749-003/2024(H5N1)	456	3668
PB2|PP755596.1|A/cattle/Texas/24-008749-003/2024(H5N1)	457	3690
PB2|PP755596.1|A/cattle/Texas/24-008749-003/2024(H5N1)	458	3679
PB2|PP755596.1|A/cattle/Texas/24-008749-003/2024(H5N1)	459	3733
PB2|PP755596.1|A/cattle/Texas/24-008749-003/2024(H5N1)	460	3733
PB2|PP755596.1|A/cattle/Texas/24-008749-003/2024(H5N1)	461	3455
PB2|PP755596.1|A/cattle/Texas/24-008749-003/2024(H5N1)	462	3457
PB2|PP755596.1|A/cattle/Texas/24-008749-003/2024(H5N1)	463	3371
PB2|PP755596.1|A/cattle/Texas/24-008749-003/2024(H5N1)	464	3435
PB2|PP755596.1|A/cattle/Texas/24-008749-003/2024(H5N1)	465	3440
PB2|PP755596.1|A/cattle/Texas/24-008749-003/2024(H5N1)	466	3394
PB2|PP755596.1|A/cattle/Texas/24-008749-003/2024(H5N1)	467	3414
PB2|PP755596.1|A/cattle/Texas/24-008749-003/2024(H5N1)	468	3324
PB2|PP755596.1|A/cattle/Texas/24-008749-003/2024(H5N1)	469	3323
PB2|PP755596.1|A/cattle/Texas/24-008749-003/2024(H5N1)	470	3327
PB2|PP755596.1|A/cattle/Texas/24-008749-003/2024(H5N1)	471	3327
PB2|PP755596.1|A/cattle/Texas/24-008749-003/2024(H5N1)	472	3343
PB2|PP755596.1|A/cattle/Texas/24-008749-003/2024(H5N1)	473	3264
PB2|PP755596.1|A/cattle/Texas/24-008749-003/2024(H5N1)	474	3282
PB2|PP755596.1|A/cattle/Texas/24-008749-003/2024(H5N1)	475	3329
PB2|PP755596.1|A/cattle/Texas/24-008749-003/2024(H5N1)	476	3311
PB2|PP755596.1|A/cattle/Texas/24-008749-003/2024(H5N1)	477	3312
PB2|PP755596.1|A/cattle/Texas/24-008749-003/2024(H5N1)	478	3304
PB2|PP755596.1|A/cattle/Texas/24-008749-003/2024(H5N1)	479	3286
PB2|PP755596.1|A/cattle/Texas/24-008749-003/2024(H5N1)	480	3434
PB2|PP755596.1|A/cattle/Texas/24-008749-003/2024(H5N1)	481	3418
PB2|PP755596.1|A/cattle/Texas/24-008749-003/2024(H5N1)	482	3450
PB2|PP755596.1|A/cattle/Texas/24-008749-003/2024(H5N1)	483	3344
PB2|PP755596.1|A/cattle/Texas/24-008749-003/2024(H5N1)	484	3287
PB2|PP755596.1|A/cattle/Texas/24-008749-003/2024(H5N1)	485	3293
PB2|PP755596.1|A/cattle/Texas/24-008749-003/2024(H5N1)	486	3302
PB2|PP755596.1|A/cattle/Texas/24-008749-003/2024(H5N1)	487	3312
PB2|PP755596.1|A/cattle/Texas/24-008749-003/2024(H5N1)	488	3328
PB2|PP755596.1|A/cattle/Texas/24-008749-003/2024(H5N1)	489	3088
PB2|PP755596.1|A/cattle/Texas/24-008749-003/2024(H5N1)	490	3049
PB2|PP755596.1|A/cattle/Texas/24-008749-003/2024(H5N1)	491	2976
PB2|PP755596.1|A/cattle/Texas/24-008749-003/2024(H5N1)	492	2975
PB2|PP755596.1|A/cattle/Texas/24-008749-003/2024(H5N1)	493	3016
PB2|PP755596.1|A/cattle/Texas/24-008749-003/2024(H5N1)	494	3012
PB2|PP755596.1|A/cattle/Texas/24-008749-003/2024(H5N1)	495	3014
PB2|PP755596.1|A/cattle/Texas/24-008749-003/2024(H5N1)	496	3006
PB2|PP755596.1|A/cattle/Texas/24-008749-003/2024(H5N1)	497	2945
PB2|PP755596.1|A/cattle/Texas/24-008749-003/2024(H5N1)	498	2911
PB2|PP755596.1|A/cattle/Texas/24-008749-003/2024(H5N1)	499	2913
PB2|PP755596.1|A/cattle/Texas/24-008749-003/2024(H5N1)	500	2906
PB2|PP755596.1|A/cattle/Texas/24-008749-003/2024(H5N1)	501	2907
PB2|PP755596.1|A/cattle/Texas/24-008749-003/2024(H5N1)	502	2827
PB2|PP755596.1|A/cattle/Texas/24-008749-003/2024(H5N1)	503	2835
PB2|PP755596.1|A/cattle/Texas/24-008749-003/2024(H5N1)	504	2833
PB2|PP755596.1|A/cattle/Texas/24-008749-003/2024(H5N1)	505	2833
PB2|PP755596.1|A/cattle/Texas/24-008749-003/2024(H5N1)	506	2819
PB2|PP755596.1|A/cattle/Texas/24-008749-003/2024(H5N1)	507	2800
PB2|PP755596.1|A/cattle/Texas/24-008749-003/2024(H5N1)	508	2945
PB2|PP755596.1|A/cattle/Texas/24-008749-003/2024(H5N1)	509	2967
PB2|PP755596.1|A/cattle/Texas/24-008749-003/2024(H5N1)	510	3017
PB2|PP755596.1|A/cattle/Texas/24-008749-003/2024(H5N1)	511	3115
PB2|PP755596.1|A/cattle/Texas/24-008749-003/2024(H5N1)	512	3361
PB2|PP755596.1|A/cattle/Texas/24-008749-003/2024(H5N1)	513	3369
PB2|PP755596.1|A/cattle/Texas/24-008749-003/2024(H5N1)	514	3617
PB2|PP755596.1|A/cattle/Texas/24-008749-003/2024(H5N1)	515	3579
PB2|PP755596.1|A/cattle/Texas/24-008749-003/2024(H5N1)	516	3680
PB2|PP755596.1|A/cattle/Texas/24-008749-003/2024(H5N1)	517	3728
PB2|PP755596.1|A/cattle/Texas/24-008749-003/2024(H5N1)	518	3846
PB2|PP755596.1|A/cattle/Texas/24-008749-003/2024(H5N1)	519	4009
PB2|PP755596.1|A/cattle/Texas/24-008749-003/2024(H5N1)	520	4073
PB2|PP755596.1|A/cattle/Texas/24-008749-003/2024(H5N1)	521	4720
PB2|PP755596.1|A/cattle/Texas/24-008749-003/2024(H5N1)	522	4774
PB2|PP755596.1|A/cattle/Texas/24-008749-003/2024(H5N1)	523	4991
PB2|PP755596.1|A/cattle/Texas/24-008749-003/2024(H5N1)	524	5294
PB2|PP755596.1|A/cattle/Texas/24-008749-003/2024(H5N1)	525	5303
PB2|PP755596.1|A/cattle/Texas/24-008749-003/2024(H5N1)	526	5613
PB2|PP755596.1|A/cattle/Texas/24-008749-003/2024(H5N1)	527	5634
PB2|PP755596.1|A/cattle/Texas/24-008749-003/2024(H5N1)	528	5636
PB2|PP755596.1|A/cattle/Texas/24-008749-003/2024(H5N1)	529	5636
PB2|PP755596.1|A/cattle/Texas/24-008749-003/2024(H5N1)	530	5399
PB2|PP755596.1|A/cattle/Texas/24-008749-003/2024(H5N1)	531	5486
PB2|PP755596.1|A/cattle/Texas/24-008749-003/2024(H5N1)	532	5361
PB2|PP755596.1|A/cattle/Texas/24-008749-003/2024(H5N1)	533	5355
PB2|PP755596.1|A/cattle/Texas/24-008749-003/2024(H5N1)	534	5393
PB2|PP755596.1|A/cattle/Texas/24-008749-003/2024(H5N1)	535	5290
PB2|PP755596.1|A/cattle/Texas/24-008749-003/2024(H5N1)	536	5326
PB2|PP755596.1|A/cattle/Texas/24-008749-003/2024(H5N1)	537	5364
PB2|PP755596.1|A/cattle/Texas/24-008749-003/2024(H5N1)	538	5493
PB2|PP755596.1|A/cattle/Texas/24-008749-003/2024(H5N1)	539	5527
PB2|PP755596.1|A/cattle/Texas/24-008749-003/2024(H5N1)	540	5507
PB2|PP755596.1|A/cattle/Texas/24-008749-003/2024(H5N1)	541	5615
PB2|PP755596.1|A/cattle/Texas/24-008749-003/2024(H5N1)	542	5545
PB2|PP755596.1|A/cattle/Texas/24-008749-003/2024(H5N1)	543	5563
PB2|PP755596.1|A/cattle/Texas/24-008749-003/2024(H5N1)	544	5722
PB2|PP755596.1|A/cattle/Texas/24-008749-003/2024(H5N1)	545	5715
PB2|PP755596.1|A/cattle/Texas/24-008749-003/2024(H5N1)	546	5767
PB2|PP755596.1|A/cattle/Texas/24-008749-003/2024(H5N1)	547	5714
PB2|PP755596.1|A/cattle/Texas/24-008749-003/2024(H5N1)	548	5688
PB2|PP755596.1|A/cattle/Texas/24-008749-003/2024(H5N1)	549	5946
PB2|PP755596.1|A/cattle/Texas/24-008749-003/2024(H5N1)	550	5924
PB2|PP755596.1|A/cattle/Texas/24-008749-003/2024(H5N1)	551	6010
PB2|PP755596.1|A/cattle/Texas/24-008749-003/2024(H5N1)	552	5987
PB2|PP755596.1|A/cattle/Texas/24-008749-003/2024(H5N1)	553	5817
PB2|PP755596.1|A/cattle/Texas/24-008749-003/2024(H5N1)	554	5948
PB2|PP755596.1|A/cattle/Texas/24-008749-003/2024(H5N1)	555	5963
PB2|PP755596.1|A/cattle/Texas/24-008749-003/2024(H5N1)	556	6003
PB2|PP755596.1|A/cattle/Texas/24-008749-003/2024(H5N1)	557	6356
PB2|PP755596.1|A/cattle/Texas/24-008749-003/2024(H5N1)	558	6168
PB2|PP755596.1|A/cattle/Texas/24-008749-003/2024(H5N1)	559	6187
PB2|PP755596.1|A/cattle/Texas/24-008749-003/2024(H5N1)	560	6075
PB2|PP755596.1|A/cattle/Texas/24-008749-003/2024(H5N1)	561	6261
PB2|PP755596.1|A/cattle/Texas/24-008749-003/2024(H5N1)	562	6267
PB2|PP755596.1|A/cattle/Texas/24-008749-003/2024(H5N1)	563	6097
PB2|PP755596.1|A/cattle/Texas/24-008749-003/2024(H5N1)	564	6110
PB2|PP755596.1|A/cattle/Texas/24-008749-003/2024(H5N1)	565	6112
PB2|PP755596.1|A/cattle/Texas/24-008749-003/2024(H5N1)	566	6186
PB2|PP755596.1|A/cattle/Texas/24-008749-003/2024(H5N1)	567	6250
PB2|PP755596.1|A/cattle/Texas/24-008749-003/2024(H5N1)	568	6221
PB2|PP755596.1|A/cattle/Texas/24-008749-003/2024(H5N1)	569	6265
PB2|PP755596.1|A/cattle/Texas/24-008749-003/2024(H5N1)	570	5999
PB2|PP755596.1|A/cattle/Texas/24-008749-003/2024(H5N1)	571	6128
PB2|PP755596.1|A/cattle/Texas/24-008749-003/2024(H5N1)	572	6129
PB2|PP755596.1|A/cattle/Texas/24-008749-003/2024(H5N1)	573	6105
PB2|PP755596.1|A/cattle/Texas/24-008749-003/2024(H5N1)	574	6227
PB2|PP755596.1|A/cattle/Texas/24-008749-003/2024(H5N1)	575	6099
PB2|PP755596.1|A/cattle/Texas/24-008749-003/2024(H5N1)	576	5928
PB2|PP755596.1|A/cattle/Texas/24-008749-003/2024(H5N1)	577	7100
PB2|PP755596.1|A/cattle/Texas/24-008749-003/2024(H5N1)	578	6961
PB2|PP755596.1|A/cattle/Texas/24-008749-003/2024(H5N1)	579	6993
PB2|PP755596.1|A/cattle/Texas/24-008749-003/2024(H5N1)	580	6884
PB2|PP755596.1|A/cattle/Texas/24-008749-003/2024(H5N1)	581	6877
PB2|PP755596.1|A/cattle/Texas/24-008749-003/2024(H5N1)	582	6969
PB2|PP755596.1|A/cattle/Texas/24-008749-003/2024(H5N1)	583	6970
PB2|PP755596.1|A/cattle/Texas/24-008749-003/2024(H5N1)	584	6978
PB2|PP755596.1|A/cattle/Texas/24-008749-003/2024(H5N1)	585	7194
PB2|PP755596.1|A/cattle/Texas/24-008749-003/2024(H5N1)	586	6840
PB2|PP755596.1|A/cattle/Texas/24-008749-003/2024(H5N1)	587	6859
PB2|PP755596.1|A/cattle/Texas/24-008749-003/2024(H5N1)	588	6919
PB2|PP755596.1|A/cattle/Texas/24-008749-003/2024(H5N1)	589	6920
PB2|PP755596.1|A/cattle/Texas/24-008749-003/2024(H5N1)	590	6936
PB2|PP755596.1|A/cattle/Texas/24-008749-003/2024(H5N1)	591	6917
PB2|PP755596.1|A/cattle/Texas/24-008749-003/2024(H5N1)	592	6954
PB2|PP755596.1|A/cattle/Texas/24-008749-003/2024(H5N1)	593	7002
PB2|PP755596.1|A/cattle/Texas/24-008749-003/2024(H5N1)	594	6927
PB2|PP755596.1|A/cattle/Texas/24-008749-003/2024(H5N1)	595	6924
PB2|PP755596.1|A/cattle/Texas/24-008749-003/2024(H5N1)	596	6994
PB2|PP755596.1|A/cattle/Texas/24-008749-003/2024(H5N1)	597	6998
PB2|PP755596.1|A/cattle/Texas/24-008749-003/2024(H5N1)	598	7545
PB2|PP755596.1|A/cattle/Texas/24-008749-003/2024(H5N1)	599	7637
PB2|PP755596.1|A/cattle/Texas/24-008749-003/2024(H5N1)	600	8160
PB2|PP755596.1|A/cattle/Texas/24-008749-003/2024(H5N1)	601	8239
PB2|PP755596.1|A/cattle/Texas/24-008749-003/2024(H5N1)	602	8241
PB2|PP755596.1|A/cattle/Texas/24-008749-003/2024(H5N1)	603	8302
PB2|PP755596.1|A/cattle/Texas/24-008749-003/2024(H5N1)	604	8301
PB2|PP755596.1|A/cattle/Texas/24-008749-003/2024(H5N1)	605	8417
PB2|PP755596.1|A/cattle/Texas/24-008749-003/2024(H5N1)	606	8553
PB2|PP755596.1|A/cattle/Texas/24-008749-003/2024(H5N1)	607	9016
PB2|PP755596.1|A/cattle/Texas/24-008749-003/2024(H5N1)	608	9034
PB2|PP755596.1|A/cattle/Texas/24-008749-003/2024(H5N1)	609	8767
PB2|PP755596.1|A/cattle/Texas/24-008749-003/2024(H5N1)	610	8864
PB2|PP755596.1|A/cattle/Texas/24-008749-003/2024(H5N1)	611	8939
PB2|PP755596.1|A/cattle/Texas/24-008749-003/2024(H5N1)	612	8945
PB2|PP755596.1|A/cattle/Texas/24-008749-003/2024(H5N1)	613	8961
PB2|PP755596.1|A/cattle/Texas/24-008749-003/2024(H5N1)	614	8875
PB2|PP755596.1|A/cattle/Texas/24-008749-003/2024(H5N1)	615	8870
PB2|PP755596.1|A/cattle/Texas/24-008749-003/2024(H5N1)	616	8491
PB2|PP755596.1|A/cattle/Texas/24-008749-003/2024(H5N1)	617	8477
PB2|PP755596.1|A/cattle/Texas/24-008749-003/2024(H5N1)	618	8601
PB2|PP755596.1|A/cattle/Texas/24-008749-003/2024(H5N1)	619	8604
PB2|PP755596.1|A/cattle/Texas/24-008749-003/2024(H5N1)	620	8580
PB2|PP755596.1|A/cattle/Texas/24-008749-003/2024(H5N1)	621	8541
PB2|PP755596.1|A/cattle/Texas/24-008749-003/2024(H5N1)	622	8551
PB2|PP755596.1|A/cattle/Texas/24-008749-003/2024(H5N1)	623	9163
PB2|PP755596.1|A/cattle/Texas/24-008749-003/2024(H5N1)	624	9158
PB2|PP755596.1|A/cattle/Texas/24-008749-003/2024(H5N1)	625	9110
PB2|PP755596.1|A/cattle/Texas/24-008749-003/2024(H5N1)	626	9193
PB2|PP755596.1|A/cattle/Texas/24-008749-003/2024(H5N1)	627	9073
PB2|PP755596.1|A/cattle/Texas/24-008749-003/2024(H5N1)	628	9279
PB2|PP755596.1|A/cattle/Texas/24-008749-003/2024(H5N1)	629	9268
PB2|PP755596.1|A/cattle/Texas/24-008749-003/2024(H5N1)	630	9257
PB2|PP755596.1|A/cattle/Texas/24-008749-003/2024(H5N1)	631	9267
PB2|PP755596.1|A/cattle/Texas/24-008749-003/2024(H5N1)	632	8797
PB2|PP755596.1|A/cattle/Texas/24-008749-003/2024(H5N1)	633	8852
PB2|PP755596.1|A/cattle/Texas/24-008749-003/2024(H5N1)	634	8869
PB2|PP755596.1|A/cattle/Texas/24-008749-003/2024(H5N1)	635	8821
PB2|PP755596.1|A/cattle/Texas/24-008749-003/2024(H5N1)	636	8917
PB2|PP755596.1|A/cattle/Texas/24-008749-003/2024(H5N1)	637	8706
PB2|PP755596.1|A/cattle/Texas/24-008749-003/2024(H5N1)	638	8709
PB2|PP755596.1|A/cattle/Texas/24-008749-003/2024(H5N1)	639	8717
PB2|PP755596.1|A/cattle/Texas/24-008749-003/2024(H5N1)	640	8713
PB2|PP755596.1|A/cattle/Texas/24-008749-003/2024(H5N1)	641	9225
PB2|PP755596.1|A/cattle/Texas/24-008749-003/2024(H5N1)	642	9193
PB2|PP755596.1|A/cattle/Texas/24-008749-003/2024(H5N1)	643	9241
PB2|PP755596.1|A/cattle/Texas/24-008749-003/2024(H5N1)	644	9243
PB2|PP755596.1|A/cattle/Texas/24-008749-003/2024(H5N1)	645	9141
PB2|PP755596.1|A/cattle/Texas/24-008749-003/2024(H5N1)	646	9196
PB2|PP755596.1|A/cattle/Texas/24-008749-003/2024(H5N1)	647	9292
PB2|PP755596.1|A/cattle/Texas/24-008749-003/2024(H5N1)	648	9408
PB2|PP755596.1|A/cattle/Texas/24-008749-003/2024(H5N1)	649	9382
PB2|PP755596.1|A/cattle/Texas/24-008749-003/2024(H5N1)	650	8950
PB2|PP755596.1|A/cattle/Texas/24-008749-003/2024(H5N1)	651	9019
PB2|PP755596.1|A/cattle/Texas/24-008749-003/2024(H5N1)	652	8929
PB2|PP755596.1|A/cattle/Texas/24-008749-003/2024(H5N1)	653	8993
PB2|PP755596.1|A/cattle/Texas/24-008749-003/2024(H5N1)	654	9024
PB2|PP755596.1|A/cattle/Texas/24-008749-003/2024(H5N1)	655	8946
PB2|PP755596.1|A/cattle/Texas/24-008749-003/2024(H5N1)	656	8921
PB2|PP755596.1|A/cattle/Texas/24-008749-003/2024(H5N1)	657	8770
PB2|PP755596.1|A/cattle/Texas/24-008749-003/2024(H5N1)	658	8831
PB2|PP755596.1|A/cattle/Texas/24-008749-003/2024(H5N1)	659	8789
PB2|PP755596.1|A/cattle/Texas/24-008749-003/2024(H5N1)	660	8718
PB2|PP755596.1|A/cattle/Texas/24-008749-003/2024(H5N1)	661	8709
PB2|PP755596.1|A/cattle/Texas/24-008749-003/2024(H5N1)	662	8622
PB2|PP755596.1|A/cattle/Texas/24-008749-003/2024(H5N1)	663	8588
PB2|PP755596.1|A/cattle/Texas/24-008749-003/2024(H5N1)	664	8620
PB2|PP755596.1|A/cattle/Texas/24-008749-003/2024(H5N1)	665	8609
PB2|PP755596.1|A/cattle/Texas/24-008749-003/2024(H5N1)	666	8572
PB2|PP755596.1|A/cattle/Texas/24-008749-003/2024(H5N1)	667	8543
PB2|PP755596.1|A/cattle/Texas/24-008749-003/2024(H5N1)	668	8556
PB2|PP755596.1|A/cattle/Texas/24-008749-003/2024(H5N1)	669	8679
PB2|PP755596.1|A/cattle/Texas/24-008749-003/2024(H5N1)	670	8661
PB2|PP755596.1|A/cattle/Texas/24-008749-003/2024(H5N1)	671	8527
PB2|PP755596.1|A/cattle/Texas/24-008749-003/2024(H5N1)	672	8524
PB2|PP755596.1|A/cattle/Texas/24-008749-003/2024(H5N1)	673	8496
PB2|PP755596.1|A/cattle/Texas/24-008749-003/2024(H5N1)	674	8485
PB2|PP755596.1|A/cattle/Texas/24-008749-003/2024(H5N1)	675	8471
PB2|PP755596.1|A/cattle/Texas/24-008749-003/2024(H5N1)	676	8402
PB2|PP755596.1|A/cattle/Texas/24-008749-003/2024(H5N1)	677	9259
PB2|PP755596.1|A/cattle/Texas/24-008749-003/2024(H5N1)	678	9162
PB2|PP755596.1|A/cattle/Texas/24-008749-003/2024(H5N1)	679	9259
PB2|PP755596.1|A/cattle/Texas/24-008749-003/2024(H5N1)	680	9244
PB2|PP755596.1|A/cattle/Texas/24-008749-003/2024(H5N1)	681	9261
PB2|PP755596.1|A/cattle/Texas/24-008749-003/2024(H5N1)	682	9233
PB2|PP755596.1|A/cattle/Texas/24-008749-003/2024(H5N1)	683	10428
PB2|PP755596.1|A/cattle/Texas/24-008749-003/2024(H5N1)	684	10707
PB2|PP755596.1|A/cattle/Texas/24-008749-003/2024(H5N1)	685	10688
PB2|PP755596.1|A/cattle/Texas/24-008749-003/2024(H5N1)	686	10673
PB2|PP755596.1|A/cattle/Texas/24-008749-003/2024(H5N1)	687	10347
PB2|PP755596.1|A/cattle/Texas/24-008749-003/2024(H5N1)	688	10298
PB2|PP755596.1|A/cattle/Texas/24-008749-003/2024(H5N1)	689	10158
PB2|PP755596.1|A/cattle/Texas/24-008749-003/2024(H5N1)	690	10167
PB2|PP755596.1|A/cattle/Texas/24-008749-003/2024(H5N1)	691	10718
PB2|PP755596.1|A/cattle/Texas/24-008749-003/2024(H5N1)	692	10021
PB2|PP755596.1|A/cattle/Texas/24-008749-003/2024(H5N1)	693	10109
PB2|PP755596.1|A/cattle/Texas/24-008749-003/2024(H5N1)	694	10094
PB2|PP755596.1|A/cattle/Texas/24-008749-003/2024(H5N1)	695	10034
PB2|PP755596.1|A/cattle/Texas/24-008749-003/2024(H5N1)	696	10200
PB2|PP755596.1|A/cattle/Texas/24-008749-003/2024(H5N1)	697	10114
PB2|PP755596.1|A/cattle/Texas/24-008749-003/2024(H5N1)	698	10526
PB2|PP755596.1|A/cattle/Texas/24-008749-003/2024(H5N1)	699	10267
PB2|PP755596.1|A/cattle/Texas/24-008749-003/2024(H5N1)	700	9977
PB2|PP755596.1|A/cattle/Texas/24-008749-003/2024(H5N1)	701	9975
PB2|PP755596.1|A/cattle/Texas/24-008749-003/2024(H5N1)	702	9946
PB2|PP755596.1|A/cattle/Texas/24-008749-003/2024(H5N1)	703	10621
PB2|PP755596.1|A/cattle/Texas/24-008749-003/2024(H5N1)	704	10677
PB2|PP755596.1|A/cattle/Texas/24-008749-003/2024(H5N1)	705	10574
PB2|PP755596.1|A/cattle/Texas/24-008749-003/2024(H5N1)	706	10480
PB2|PP755596.1|A/cattle/Texas/24-008749-003/2024(H5N1)	707	10216
PB2|PP755596.1|A/cattle/Texas/24-008749-003/2024(H5N1)	708	10531
PB2|PP755596.1|A/cattle/Texas/24-008749-003/2024(H5N1)	709	10616
PB2|PP755596.1|A/cattle/Texas/24-008749-003/2024(H5N1)	710	10707
PB2|PP755596.1|A/cattle/Texas/24-008749-003/2024(H5N1)	711	10716
PB2|PP755596.1|A/cattle/Texas/24-008749-003/2024(H5N1)	712	10547
PB2|PP755596.1|A/cattle/Texas/24-008749-003/2024(H5N1)	713	10604
PB2|PP755596.1|A/cattle/Texas/24-008749-003/2024(H5N1)	714	10572
PB2|PP755596.1|A/cattle/Texas/24-008749-003/2024(H5N1)	715	10605
PB2|PP755596.1|A/cattle/Texas/24-008749-003/2024(H5N1)	716	10795
PB2|PP755596.1|A/cattle/Texas/24-008749-003/2024(H5N1)	717	10761
PB2|PP755596.1|A/cattle/Texas/24-008749-003/2024(H5N1)	718	10552
PB2|PP755596.1|A/cattle/Texas/24-008749-003/2024(H5N1)	719	10570
PB2|PP755596.1|A/cattle/Texas/24-008749-003/2024(H5N1)	720	10550
PB2|PP755596.1|A/cattle/Texas/24-008749-003/2024(H5N1)	721	11091
PB2|PP755596.1|A/cattle/Texas/24-008749-003/2024(H5N1)	722	11014
PB2|PP755596.1|A/cattle/Texas/24-008749-003/2024(H5N1)	723	11031
PB2|PP755596.1|A/cattle/Texas/24-008749-003/2024(H5N1)	724	11094
PB2|PP755596.1|A/cattle/Texas/24-008749-003/2024(H5N1)	725	10957
PB2|PP755596.1|A/cattle/Texas/24-008749-003/2024(H5N1)	726	12161
PB2|PP755596.1|A/cattle/Texas/24-008749-003/2024(H5N1)	727	12191
PB2|PP755596.1|A/cattle/Texas/24-008749-003/2024(H5N1)	728	12111
PB2|PP755596.1|A/cattle/Texas/24-008749-003/2024(H5N1)	729	12546
PB2|PP755596.1|A/cattle/Texas/24-008749-003/2024(H5N1)	730	12140
PB2|PP755596.1|A/cattle/Texas/24-008749-003/2024(H5N1)	731	12162
PB2|PP755596.1|A/cattle/Texas/24-008749-003/2024(H5N1)	732	12160
PB2|PP755596.1|A/cattle/Texas/24-008749-003/2024(H5N1)	733	11991
PB2|PP755596.1|A/cattle/Texas/24-008749-003/2024(H5N1)	734	12273
PB2|PP755596.1|A/cattle/Texas/24-008749-003/2024(H5N1)	735	10304
PB2|PP755596.1|A/cattle/Texas/24-008749-003/2024(H5N1)	736	10493
PB2|PP755596.1|A/cattle/Texas/24-008749-003/2024(H5N1)	737	10312
PB2|PP755596.1|A/cattle/Texas/24-008749-003/2024(H5N1)	738	9650
PB2|PP755596.1|A/cattle/Texas/24-008749-003/2024(H5N1)	739	9814
PB2|PP755596.1|A/cattle/Texas/24-008749-003/2024(H5N1)	740	9928
PB2|PP755596.1|A/cattle/Texas/24-008749-003/2024(H5N1)	741	9892
PB2|PP755596.1|A/cattle/Texas/24-008749-003/2024(H5N1)	742	9923
PB2|PP755596.1|A/cattle/Texas/24-008749-003/2024(H5N1)	743	9335
PB2|PP755596.1|A/cattle/Texas/24-008749-003/2024(H5N1)	744	9182
PB2|PP755596.1|A/cattle/Texas/24-008749-003/2024(H5N1)	745	9229
PB2|PP755596.1|A/cattle/Texas/24-008749-003/2024(H5N1)	746	9186
PB2|PP755596.1|A/cattle/Texas/24-008749-003/2024(H5N1)	747	9237
PB2|PP755596.1|A/cattle/Texas/24-008749-003/2024(H5N1)	748	9333
PB2|PP755596.1|A/cattle/Texas/24-008749-003/2024(H5N1)	749	8982
PB2|PP755596.1|A/cattle/Texas/24-008749-003/2024(H5N1)	750	9009
PB2|PP755596.1|A/cattle/Texas/24-008749-003/2024(H5N1)	751	8829
PB2|PP755596.1|A/cattle/Texas/24-008749-003/2024(H5N1)	752	8792
PB2|PP755596.1|A/cattle/Texas/24-008749-003/2024(H5N1)	753	8807
PB2|PP755596.1|A/cattle/Texas/24-008749-003/2024(H5N1)	754	8696
PB2|PP755596.1|A/cattle/Texas/24-008749-003/2024(H5N1)	755	8725
PB2|PP755596.1|A/cattle/Texas/24-008749-003/2024(H5N1)	756	8868
PB2|PP755596.1|A/cattle/Texas/24-008749-003/2024(H5N1)	757	8848
PB2|PP755596.1|A/cattle/Texas/24-008749-003/2024(H5N1)	758	8709
PB2|PP755596.1|A/cattle/Texas/24-008749-003/2024(H5N1)	759	8682
PB2|PP755596.1|A/cattle/Texas/24-008749-003/2024(H5N1)	760	8803
PB2|PP755596.1|A/cattle/Texas/24-008749-003/2024(H5N1)	761	9580
PB2|PP755596.1|A/cattle/Texas/24-008749-003/2024(H5N1)	762	9578
PB2|PP755596.1|A/cattle/Texas/24-008749-003/2024(H5N1)	763	9660
PB2|PP755596.1|A/cattle/Texas/24-008749-003/2024(H5N1)	764	9655
PB2|PP755596.1|A/cattle/Texas/24-008749-003/2024(H5N1)	765	9637
PB2|PP755596.1|A/cattle/Texas/24-008749-003/2024(H5N1)	766	10108
PB2|PP755596.1|A/cattle/Texas/24-008749-003/2024(H5N1)	767	10135
PB2|PP755596.1|A/cattle/Texas/24-008749-003/2024(H5N1)	768	10185
PB2|PP755596.1|A/cattle/Texas/24-008749-003/2024(H5N1)	769	10143
PB2|PP755596.1|A/cattle/Texas/24-008749-003/2024(H5N1)	770	9651
PB2|PP755596.1|A/cattle/Texas/24-008749-003/2024(H5N1)	771	9872
PB2|PP755596.1|A/cattle/Texas/24-008749-003/2024(H5N1)	772	10115
PB2|PP755596.1|A/cattle/Texas/24-008749-003/2024(H5N1)	773	10160
PB2|PP755596.1|A/cattle/Texas/24-008749-003/2024(H5N1)	774	10174
PB2|PP755596.1|A/cattle/Texas/24-008749-003/2024(H5N1)	775	9937
PB2|PP755596.1|A/cattle/Texas/24-008749-003/2024(H5N1)	776	9951
PB2|PP755596.1|A/cattle/Texas/24-008749-003/2024(H5N1)	777	10010
PB2|PP755596.1|A/cattle/Texas/24-008749-003/2024(H5N1)	778	10091
PB2|PP755596.1|A/cattle/Texas/24-008749-003/2024(H5N1)	779	10093
PB2|PP755596.1|A/cattle/Texas/24-008749-003/2024(H5N1)	780	9946
PB2|PP755596.1|A/cattle/Texas/24-008749-003/2024(H5N1)	781	9807
PB2|PP755596.1|A/cattle/Texas/24-008749-003/2024(H5N1)	782	9803
PB2|PP755596.1|A/cattle/Texas/24-008749-003/2024(H5N1)	783	9796
PB2|PP755596.1|A/cattle/Texas/24-008749-003/2024(H5N1)	784	9814
PB2|PP755596.1|A/cattle/Texas/24-008749-003/2024(H5N1)	785	9814
PB2|PP755596.1|A/cattle/Texas/24-008749-003/2024(H5N1)	786	9747
PB2|PP755596.1|A/cattle/Texas/24-008749-003/2024(H5N1)	787	9895
PB2|PP755596.1|A/cattle/Texas/24-008749-003/2024(H5N1)	788	9889
PB2|PP755596.1|A/cattle/Texas/24-008749-003/2024(H5N1)	789	9986
PB2|PP755596.1|A/cattle/Texas/24-008749-003/2024(H5N1)	790	9984
PB2|PP755596.1|A/cattle/Texas/24-008749-003/2024(H5N1)	791	10293
PB2|PP755596.1|A/cattle/Texas/24-008749-003/2024(H5N1)	792	10486
PB2|PP755596.1|A/cattle/Texas/24-008749-003/2024(H5N1)	793	10476
PB2|PP755596.1|A/cattle/Texas/24-008749-003/2024(H5N1)	794	10496
PB2|PP755596.1|A/cattle/Texas/24-008749-003/2024(H5N1)	795	10502
PB2|PP755596.1|A/cattle/Texas/24-008749-003/2024(H5N1)	796	10577
PB2|PP755596.1|A/cattle/Texas/24-008749-003/2024(H5N1)	797	10588
PB2|PP755596.1|A/cattle/Texas/24-008749-003/2024(H5N1)	798	10520
PB2|PP755596.1|A/cattle/Texas/24-008749-003/2024(H5N1)	799	10583
PB2|PP755596.1|A/cattle/Texas/24-008749-003/2024(H5N1)	800	10280
PB2|PP755596.1|A/cattle/Texas/24-008749-003/2024(H5N1)	801	10118
PB2|PP755596.1|A/cattle/Texas/24-008749-003/2024(H5N1)	802	10116
PB2|PP755596.1|A/cattle/Texas/24-008749-003/2024(H5N1)	803	10128
PB2|PP755596.1|A/cattle/Texas/24-008749-003/2024(H5N1)	804	10114
PB2|PP755596.1|A/cattle/Texas/24-008749-003/2024(H5N1)	805	9768
PB2|PP755596.1|A/cattle/Texas/24-008749-003/2024(H5N1)	806	10022
PB2|PP755596.1|A/cattle/Texas/24-008749-003/2024(H5N1)	807	9975
PB2|PP755596.1|A/cattle/Texas/24-008749-003/2024(H5N1)	808	9966
PB2|PP755596.1|A/cattle/Texas/24-008749-003/2024(H5N1)	809	9942
PB2|PP755596.1|A/cattle/Texas/24-008749-003/2024(H5N1)	810	9936
PB2|PP755596.1|A/cattle/Texas/24-008749-003/2024(H5N1)	811	9942
PB2|PP755596.1|A/cattle/Texas/24-008749-003/2024(H5N1)	812	9949
PB2|PP755596.1|A/cattle/Texas/24-008749-003/2024(H5N1)	813	10468
PB2|PP755596.1|A/cattle/Texas/24-008749-003/2024(H5N1)	814	10569
PB2|PP755596.1|A/cattle/Texas/24-008749-003/2024(H5N1)	815	10245
PB2|PP755596.1|A/cattle/Texas/24-008749-003/2024(H5N1)	816	10261
PB2|PP755596.1|A/cattle/Texas/24-008749-003/2024(H5N1)	817	10226
PB2|PP755596.1|A/cattle/Texas/24-008749-003/2024(H5N1)	818	10447
PB2|PP755596.1|A/cattle/Texas/24-008749-003/2024(H5N1)	819	10425
PB2|PP755596.1|A/cattle/Texas/24-008749-003/2024(H5N1)	820	10462
PB2|PP755596.1|A/cattle/Texas/24-008749-003/2024(H5N1)	821	10454
PB2|PP755596.1|A/cattle/Texas/24-008749-003/2024(H5N1)	822	9652
PB2|PP755596.1|A/cattle/Texas/24-008749-003/2024(H5N1)	823	9646
PB2|PP755596.1|A/cattle/Texas/24-008749-003/2024(H5N1)	824	9659
PB2|PP755596.1|A/cattle/Texas/24-008749-003/2024(H5N1)	825	9941
PB2|PP755596.1|A/cattle/Texas/24-008749-003/2024(H5N1)	826	9907
PB2|PP755596.1|A/cattle/Texas/24-008749-003/2024(H5N1)	827	9652
PB2|PP755596.1|A/cattle/Texas/24-008749-003/2024(H5N1)	828	9578
PB2|PP755596.1|A/cattle/Texas/24-008749-003/2024(H5N1)	829	9523
PB2|PP755596.1|A/cattle/Texas/24-008749-003/2024(H5N1)	830	9535
PB2|PP755596.1|A/cattle/Texas/24-008749-003/2024(H5N1)	831	9535
PB2|PP755596.1|A/cattle/Texas/24-008749-003/2024(H5N1)	832	9515
PB2|PP755596.1|A/cattle/Texas/24-008749-003/2024(H5N1)	833	9337
PB2|PP755596.1|A/cattle/Texas/24-008749-003/2024(H5N1)	834	8781
PB2|PP755596.1|A/cattle/Texas/24-008749-003/2024(H5N1)	835	8767
PB2|PP755596.1|A/cattle/Texas/24-008749-003/2024(H5N1)	836	8700
PB2|PP755596.1|A/cattle/Texas/24-008749-003/2024(H5N1)	837	8676
PB2|PP755596.1|A/cattle/Texas/24-008749-003/2024(H5N1)	838	9285
PB2|PP755596.1|A/cattle/Texas/24-008749-003/2024(H5N1)	839	9275
PB2|PP755596.1|A/cattle/Texas/24-008749-003/2024(H5N1)	840	9323
PB2|PP755596.1|A/cattle/Texas/24-008749-003/2024(H5N1)	841	9330
PB2|PP755596.1|A/cattle/Texas/24-008749-003/2024(H5N1)	842	9242
PB2|PP755596.1|A/cattle/Texas/24-008749-003/2024(H5N1)	843	9268
PB2|PP755596.1|A/cattle/Texas/24-008749-003/2024(H5N1)	844	9228
PB2|PP755596.1|A/cattle/Texas/24-008749-003/2024(H5N1)	845	9081
PB2|PP755596.1|A/cattle/Texas/24-008749-003/2024(H5N1)	846	9081
PB2|PP755596.1|A/cattle/Texas/24-008749-003/2024(H5N1)	847	7903
PB2|PP755596.1|A/cattle/Texas/24-008749-003/2024(H5N1)	848	7864
PB2|PP755596.1|A/cattle/Texas/24-008749-003/2024(H5N1)	849	7932
PB2|PP755596.1|A/cattle/Texas/24-008749-003/2024(H5N1)	850	7902
PB2|PP755596.1|A/cattle/Texas/24-008749-003/2024(H5N1)	851	7973
PB2|PP755596.1|A/cattle/Texas/24-008749-003/2024(H5N1)	852	7996
PB2|PP755596.1|A/cattle/Texas/24-008749-003/2024(H5N1)	853	7929
PB2|PP755596.1|A/cattle/Texas/24-008749-003/2024(H5N1)	854	7913
PB2|PP755596.1|A/cattle/Texas/24-008749-003/2024(H5N1)	855	7903
PB2|PP755596.1|A/cattle/Texas/24-008749-003/2024(H5N1)	856	7491
PB2|PP755596.1|A/cattle/Texas/24-008749-003/2024(H5N1)	857	8146
PB2|PP755596.1|A/cattle/Texas/24-008749-003/2024(H5N1)	858	7707
PB2|PP755596.1|A/cattle/Texas/24-008749-003/2024(H5N1)	859	8201
PB2|PP755596.1|A/cattle/Texas/24-008749-003/2024(H5N1)	860	8407
PB2|PP755596.1|A/cattle/Texas/24-008749-003/2024(H5N1)	861	8356
PB2|PP755596.1|A/cattle/Texas/24-008749-003/2024(H5N1)	862	8716
PB2|PP755596.1|A/cattle/Texas/24-008749-003/2024(H5N1)	863	8715
PB2|PP755596.1|A/cattle/Texas/24-008749-003/2024(H5N1)	864	9710
PB2|PP755596.1|A/cattle/Texas/24-008749-003/2024(H5N1)	865	9713
PB2|PP755596.1|A/cattle/Texas/24-008749-003/2024(H5N1)	866	9563
PB2|PP755596.1|A/cattle/Texas/24-008749-003/2024(H5N1)	867	9518
PB2|PP755596.1|A/cattle/Texas/24-008749-003/2024(H5N1)	868	9574
PB2|PP755596.1|A/cattle/Texas/24-008749-003/2024(H5N1)	869	9613
PB2|PP755596.1|A/cattle/Texas/24-008749-003/2024(H5N1)	870	9609
PB2|PP755596.1|A/cattle/Texas/24-008749-003/2024(H5N1)	871	9917
PB2|PP755596.1|A/cattle/Texas/24-008749-003/2024(H5N1)	872	11547
PB2|PP755596.1|A/cattle/Texas/24-008749-003/2024(H5N1)	873	11415
PB2|PP755596.1|A/cattle/Texas/24-008749-003/2024(H5N1)	874	11132
PB2|PP755596.1|A/cattle/Texas/24-008749-003/2024(H5N1)	875	11133
PB2|PP755596.1|A/cattle/Texas/24-008749-003/2024(H5N1)	876	11195
PB2|PP755596.1|A/cattle/Texas/24-008749-003/2024(H5N1)	877	11073
PB2|PP755596.1|A/cattle/Texas/24-008749-003/2024(H5N1)	878	11909
PB2|PP755596.1|A/cattle/Texas/24-008749-003/2024(H5N1)	879	12063
PB2|PP755596.1|A/cattle/Texas/24-008749-003/2024(H5N1)	880	12063
PB2|PP755596.1|A/cattle/Texas/24-008749-003/2024(H5N1)	881	11523
PB2|PP755596.1|A/cattle/Texas/24-008749-003/2024(H5N1)	882	11773
PB2|PP755596.1|A/cattle/Texas/24-008749-003/2024(H5N1)	883	12087
PB2|PP755596.1|A/cattle/Texas/24-008749-003/2024(H5N1)	884	12077
PB2|PP755596.1|A/cattle/Texas/24-008749-003/2024(H5N1)	885	12069
PB2|PP755596.1|A/cattle/Texas/24-008749-003/2024(H5N1)	886	12064
PB2|PP755596.1|A/cattle/Texas/24-008749-003/2024(H5N1)	887	11766
PB2|PP755596.1|A/cattle/Texas/24-008749-003/2024(H5N1)	888	11770
PB2|PP755596.1|A/cattle/Texas/24-008749-003/2024(H5N1)	889	11651
PB2|PP755596.1|A/cattle/Texas/24-008749-003/2024(H5N1)	890	11728
PB2|PP755596.1|A/cattle/Texas/24-008749-003/2024(H5N1)	891	11579
PB2|PP755596.1|A/cattle/Texas/24-008749-003/2024(H5N1)	892	11564
PB2|PP755596.1|A/cattle/Texas/24-008749-003/2024(H5N1)	893	11347
PB2|PP755596.1|A/cattle/Texas/24-008749-003/2024(H5N1)	894	11309
PB2|PP755596.1|A/cattle/Texas/24-008749-003/2024(H5N1)	895	11308
PB2|PP755596.1|A/cattle/Texas/24-008749-003/2024(H5N1)	896	11239
PB2|PP755596.1|A/cattle/Texas/24-008749-003/2024(H5N1)	897	11354
PB2|PP755596.1|A/cattle/Texas/24-008749-003/2024(H5N1)	898	11350
PB2|PP755596.1|A/cattle/Texas/24-008749-003/2024(H5N1)	899	11246
PB2|PP755596.1|A/cattle/Texas/24-008749-003/2024(H5N1)	900	11260
PB2|PP755596.1|A/cattle/Texas/24-008749-003/2024(H5N1)	901	11220
PB2|PP755596.1|A/cattle/Texas/24-008749-003/2024(H5N1)	902	11399
PB2|PP755596.1|A/cattle/Texas/24-008749-003/2024(H5N1)	903	11396
PB2|PP755596.1|A/cattle/Texas/24-008749-003/2024(H5N1)	904	11393
PB2|PP755596.1|A/cattle/Texas/24-008749-003/2024(H5N1)	905	11379
PB2|PP755596.1|A/cattle/Texas/24-008749-003/2024(H5N1)	906	11252
PB2|PP755596.1|A/cattle/Texas/24-008749-003/2024(H5N1)	907	11255
PB2|PP755596.1|A/cattle/Texas/24-008749-003/2024(H5N1)	908	11640
PB2|PP755596.1|A/cattle/Texas/24-008749-003/2024(H5N1)	909	11609
PB2|PP755596.1|A/cattle/Texas/24-008749-003/2024(H5N1)	910	11688
PB2|PP755596.1|A/cattle/Texas/24-008749-003/2024(H5N1)	911	11321
PB2|PP755596.1|A/cattle/Texas/24-008749-003/2024(H5N1)	912	11328
PB2|PP755596.1|A/cattle/Texas/24-008749-003/2024(H5N1)	913	11571
PB2|PP755596.1|A/cattle/Texas/24-008749-003/2024(H5N1)	914	11568
PB2|PP755596.1|A/cattle/Texas/24-008749-003/2024(H5N1)	915	11570
PB2|PP755596.1|A/cattle/Texas/24-008749-003/2024(H5N1)	916	11529
PB2|PP755596.1|A/cattle/Texas/24-008749-003/2024(H5N1)	917	11203
PB2|PP755596.1|A/cattle/Texas/24-008749-003/2024(H5N1)	918	11209
PB2|PP755596.1|A/cattle/Texas/24-008749-003/2024(H5N1)	919	11512
PB2|PP755596.1|A/cattle/Texas/24-008749-003/2024(H5N1)	920	11600
PB2|PP755596.1|A/cattle/Texas/24-008749-003/2024(H5N1)	921	10529
PB2|PP755596.1|A/cattle/Texas/24-008749-003/2024(H5N1)	922	10130
PB2|PP755596.1|A/cattle/Texas/24-008749-003/2024(H5N1)	923	10006
PB2|PP755596.1|A/cattle/Texas/24-008749-003/2024(H5N1)	924	10088
PB2|PP755596.1|A/cattle/Texas/24-008749-003/2024(H5N1)	925	11053
PB2|PP755596.1|A/cattle/Texas/24-008749-003/2024(H5N1)	926	11046
PB2|PP755596.1|A/cattle/Texas/24-008749-003/2024(H5N1)	927	11167
PB2|PP755596.1|A/cattle/Texas/24-008749-003/2024(H5N1)	928	9832
PB2|PP755596.1|A/cattle/Texas/24-008749-003/2024(H5N1)	929	9863
PB2|PP755596.1|A/cattle/Texas/24-008749-003/2024(H5N1)	930	10589
PB2|PP755596.1|A/cattle/Texas/24-008749-003/2024(H5N1)	931	10568
PB2|PP755596.1|A/cattle/Texas/24-008749-003/2024(H5N1)	932	10575
PB2|PP755596.1|A/cattle/Texas/24-008749-003/2024(H5N1)	933	10599
PB2|PP755596.1|A/cattle/Texas/24-008749-003/2024(H5N1)	934	10344
PB2|PP755596.1|A/cattle/Texas/24-008749-003/2024(H5N1)	935	10641
PB2|PP755596.1|A/cattle/Texas/24-008749-003/2024(H5N1)	936	10568
PB2|PP755596.1|A/cattle/Texas/24-008749-003/2024(H5N1)	937	10863
PB2|PP755596.1|A/cattle/Texas/24-008749-003/2024(H5N1)	938	10885
PB2|PP755596.1|A/cattle/Texas/24-008749-003/2024(H5N1)	939	10540
PB2|PP755596.1|A/cattle/Texas/24-008749-003/2024(H5N1)	940	10964
PB2|PP755596.1|A/cattle/Texas/24-008749-003/2024(H5N1)	941	11022
PB2|PP755596.1|A/cattle/Texas/24-008749-003/2024(H5N1)	942	11041
PB2|PP755596.1|A/cattle/Texas/24-008749-003/2024(H5N1)	943	11064
PB2|PP755596.1|A/cattle/Texas/24-008749-003/2024(H5N1)	944	10937
PB2|PP755596.1|A/cattle/Texas/24-008749-003/2024(H5N1)	945	11034
PB2|PP755596.1|A/cattle/Texas/24-008749-003/2024(H5N1)	946	11590
PB2|PP755596.1|A/cattle/Texas/24-008749-003/2024(H5N1)	947	11738
PB2|PP755596.1|A/cattle/Texas/24-008749-003/2024(H5N1)	948	11839
PB2|PP755596.1|A/cattle/Texas/24-008749-003/2024(H5N1)	949	11589
PB2|PP755596.1|A/cattle/Texas/24-008749-003/2024(H5N1)	950	11569
PB2|PP755596.1|A/cattle/Texas/24-008749-003/2024(H5N1)	951	11640
PB2|PP755596.1|A/cattle/Texas/24-008749-003/2024(H5N1)	952	11685
PB2|PP755596.1|A/cattle/Texas/24-008749-003/2024(H5N1)	953	12344
PB2|PP755596.1|A/cattle/Texas/24-008749-003/2024(H5N1)	954	12780
PB2|PP755596.1|A/cattle/Texas/24-008749-003/2024(H5N1)	955	12436
PB2|PP755596.1|A/cattle/Texas/24-008749-003/2024(H5N1)	956	12359
PB2|PP755596.1|A/cattle/Texas/24-008749-003/2024(H5N1)	957	12320
PB2|PP755596.1|A/cattle/Texas/24-008749-003/2024(H5N1)	958	12378
PB2|PP755596.1|A/cattle/Texas/24-008749-003/2024(H5N1)	959	12503
PB2|PP755596.1|A/cattle/Texas/24-008749-003/2024(H5N1)	960	12492
PB2|PP755596.1|A/cattle/Texas/24-008749-003/2024(H5N1)	961	12377
PB2|PP755596.1|A/cattle/Texas/24-008749-003/2024(H5N1)	962	12065
PB2|PP755596.1|A/cattle/Texas/24-008749-003/2024(H5N1)	963	11725
PB2|PP755596.1|A/cattle/Texas/24-008749-003/2024(H5N1)	964	11989
PB2|PP755596.1|A/cattle/Texas/24-008749-003/2024(H5N1)	965	11987
PB2|PP755596.1|A/cattle/Texas/24-008749-003/2024(H5N1)	966	12331
PB2|PP755596.1|A/cattle/Texas/24-008749-003/2024(H5N1)	967	12269
PB2|PP755596.1|A/cattle/Texas/24-008749-003/2024(H5N1)	968	12148
PB2|PP755596.1|A/cattle/Texas/24-008749-003/2024(H5N1)	969	12146
PB2|PP755596.1|A/cattle/Texas/24-008749-003/2024(H5N1)	970	12134
PB2|PP755596.1|A/cattle/Texas/24-008749-003/2024(H5N1)	971	12920
PB2|PP755596.1|A/cattle/Texas/24-008749-003/2024(H5N1)	972	12919
PB2|PP755596.1|A/cattle/Texas/24-008749-003/2024(H5N1)	973	12706
PB2|PP755596.1|A/cattle/Texas/24-008749-003/2024(H5N1)	974	12732
PB2|PP755596.1|A/cattle/Texas/24-008749-003/2024(H5N1)	975	12461
PB2|PP755596.1|A/cattle/Texas/24-008749-003/2024(H5N1)	976	12513
PB2|PP755596.1|A/cattle/Texas/24-008749-003/2024(H5N1)	977	12535
PB2|PP755596.1|A/cattle/Texas/24-008749-003/2024(H5N1)	978	12517
PB2|PP755596.1|A/cattle/Texas/24-008749-003/2024(H5N1)	979	12562
PB2|PP755596.1|A/cattle/Texas/24-008749-003/2024(H5N1)	980	11699
PB2|PP755596.1|A/cattle/Texas/24-008749-003/2024(H5N1)	981	11687
PB2|PP755596.1|A/cattle/Texas/24-008749-003/2024(H5N1)	982	11687
PB2|PP755596.1|A/cattle/Texas/24-008749-003/2024(H5N1)	983	11619
PB2|PP755596.1|A/cattle/Texas/24-008749-003/2024(H5N1)	984	11617
PB2|PP755596.1|A/cattle/Texas/24-008749-003/2024(H5N1)	985	11581
PB2|PP755596.1|A/cattle/Texas/24-008749-003/2024(H5N1)	986	11731
PB2|PP755596.1|A/cattle/Texas/24-008749-003/2024(H5N1)	987	11691
PB2|PP755596.1|A/cattle/Texas/24-008749-003/2024(H5N1)	988	11607
PB2|PP755596.1|A/cattle/Texas/24-008749-003/2024(H5N1)	989	11592
PB2|PP755596.1|A/cattle/Texas/24-008749-003/2024(H5N1)	990	11588
PB2|PP755596.1|A/cattle/Texas/24-008749-003/2024(H5N1)	991	11584
PB2|PP755596.1|A/cattle/Texas/24-008749-003/2024(H5N1)	992	11589
PB2|PP755596.1|A/cattle/Texas/24-008749-003/2024(H5N1)	993	11589
PB2|PP755596.1|A/cattle/Texas/24-008749-003/2024(H5N1)	994	11559
PB2|PP755596.1|A/cattle/Texas/24-008749-003/2024(H5N1)	995	11752
PB2|PP755596.1|A/cattle/Texas/24-008749-003/2024(H5N1)	996	11666
PB2|PP755596.1|A/cattle/Texas/24-008749-003/2024(H5N1)	997	11668
PB2|PP755596.1|A/cattle/Texas/24-008749-003/2024(H5N1)	998	11864
PB2|PP755596.1|A/cattle/Texas/24-008749-003/2024(H5N1)	999	11842
PB2|PP755596.1|A/cattle/Texas/24-008749-003/2024(H5N1)	1000	11875
PB2|PP755596.1|A/cattle/Texas/24-008749-003/2024(H5N1)	1001	11994
PB2|PP755596.1|A/cattle/Texas/24-008749-003/2024(H5N1)	1002	11988
PB2|PP755596.1|A/cattle/Texas/24-008749-003/2024(H5N1)	1003	11998
PB2|PP755596.1|A/cattle/Texas/24-008749-003/2024(H5N1)	1004	11835
PB2|PP755596.1|A/cattle/Texas/24-008749-003/2024(H5N1)	1005	11822
PB2|PP755596.1|A/cattle/Texas/24-008749-003/2024(H5N1)	1006	11820
PB2|PP755596.1|A/cattle/Texas/24-008749-003/2024(H5N1)	1007	11578
PB2|PP755596.1|A/cattle/Texas/24-008749-003/2024(H5N1)	1008	11572
PB2|PP755596.1|A/cattle/Texas/24-008749-003/2024(H5N1)	1009	11557
PB2|PP755596.1|A/cattle/Texas/24-008749-003/2024(H5N1)	1010	11465
PB2|PP755596.1|A/cattle/Texas/24-008749-003/2024(H5N1)	1011	11417
PB2|PP755596.1|A/cattle/Texas/24-008749-003/2024(H5N1)	1012	12643
PB2|PP755596.1|A/cattle/Texas/24-008749-003/2024(H5N1)	1013	12490
PB2|PP755596.1|A/cattle/Texas/24-008749-003/2024(H5N1)	1014	12461
PB2|PP755596.1|A/cattle/Texas/24-008749-003/2024(H5N1)	1015	12441
PB2|PP755596.1|A/cattle/Texas/24-008749-003/2024(H5N1)	1016	12480
PB2|PP755596.1|A/cattle/Texas/24-008749-003/2024(H5N1)	1017	12486
PB2|PP755596.1|A/cattle/Texas/24-008749-003/2024(H5N1)	1018	12513
PB2|PP755596.1|A/cattle/Texas/24-008749-003/2024(H5N1)	1019	13709
PB2|PP755596.1|A/cattle/Texas/24-008749-003/2024(H5N1)	1020	13756
PB2|PP755596.1|A/cattle/Texas/24-008749-003/2024(H5N1)	1021	13549
PB2|PP755596.1|A/cattle/Texas/24-008749-003/2024(H5N1)	1022	13585
PB2|PP755596.1|A/cattle/Texas/24-008749-003/2024(H5N1)	1023	13433
PB2|PP755596.1|A/cattle/Texas/24-008749-003/2024(H5N1)	1024	13990
PB2|PP755596.1|A/cattle/Texas/24-008749-003/2024(H5N1)	1025	13979
PB2|PP755596.1|A/cattle/Texas/24-008749-003/2024(H5N1)	1026	13991
PB2|PP755596.1|A/cattle/Texas/24-008749-003/2024(H5N1)	1027	14157
PB2|PP755596.1|A/cattle/Texas/24-008749-003/2024(H5N1)	1028	13449
PB2|PP755596.1|A/cattle/Texas/24-008749-003/2024(H5N1)	1029	13524
PB2|PP755596.1|A/cattle/Texas/24-008749-003/2024(H5N1)	1030	13698
PB2|PP755596.1|A/cattle/Texas/24-008749-003/2024(H5N1)	1031	13437
PB2|PP755596.1|A/cattle/Texas/24-008749-003/2024(H5N1)	1032	14250
PB2|PP755596.1|A/cattle/Texas/24-008749-003/2024(H5N1)	1033	13990
PB2|PP755596.1|A/cattle/Texas/24-008749-003/2024(H5N1)	1034	13972
PB2|PP755596.1|A/cattle/Texas/24-008749-003/2024(H5N1)	1035	13017
PB2|PP755596.1|A/cattle/Texas/24-008749-003/2024(H5N1)	1036	12901
PB2|PP755596.1|A/cattle/Texas/24-008749-003/2024(H5N1)	1037	12989
PB2|PP755596.1|A/cattle/Texas/24-008749-003/2024(H5N1)	1038	12952
PB2|PP755596.1|A/cattle/Texas/24-008749-003/2024(H5N1)	1039	12897
PB2|PP755596.1|A/cattle/Texas/24-008749-003/2024(H5N1)	1040	12893
PB2|PP755596.1|A/cattle/Texas/24-008749-003/2024(H5N1)	1041	12444
PB2|PP755596.1|A/cattle/Texas/24-008749-003/2024(H5N1)	1042	12375
PB2|PP755596.1|A/cattle/Texas/24-008749-003/2024(H5N1)	1043	12580
PB2|PP755596.1|A/cattle/Texas/24-008749-003/2024(H5N1)	1044	13551
PB2|PP755596.1|A/cattle/Texas/24-008749-003/2024(H5N1)	1045	13619
PB2|PP755596.1|A/cattle/Texas/24-008749-003/2024(H5N1)	1046	13536
PB2|PP755596.1|A/cattle/Texas/24-008749-003/2024(H5N1)	1047	13506
PB2|PP755596.1|A/cattle/Texas/24-008749-003/2024(H5N1)	1048	13505
PB2|PP755596.1|A/cattle/Texas/24-008749-003/2024(H5N1)	1049	13503
PB2|PP755596.1|A/cattle/Texas/24-008749-003/2024(H5N1)	1050	13514
PB2|PP755596.1|A/cattle/Texas/24-008749-003/2024(H5N1)	1051	13518
PB2|PP755596.1|A/cattle/Texas/24-008749-003/2024(H5N1)	1052	13525
PB2|PP755596.1|A/cattle/Texas/24-008749-003/2024(H5N1)	1053	12496
PB2|PP755596.1|A/cattle/Texas/24-008749-003/2024(H5N1)	1054	12476
PB2|PP755596.1|A/cattle/Texas/24-008749-003/2024(H5N1)	1055	12439
PB2|PP755596.1|A/cattle/Texas/24-008749-003/2024(H5N1)	1056	12525
PB2|PP755596.1|A/cattle/Texas/24-008749-003/2024(H5N1)	1057	12530
PB2|PP755596.1|A/cattle/Texas/24-008749-003/2024(H5N1)	1058	12733
PB2|PP755596.1|A/cattle/Texas/24-008749-003/2024(H5N1)	1059	12679
PB2|PP755596.1|A/cattle/Texas/24-008749-003/2024(H5N1)	1060	12679
PB2|PP755596.1|A/cattle/Texas/24-008749-003/2024(H5N1)	1061	12709
PB2|PP755596.1|A/cattle/Texas/24-008749-003/2024(H5N1)	1062	12715
PB2|PP755596.1|A/cattle/Texas/24-008749-003/2024(H5N1)	1063	12708
PB2|PP755596.1|A/cattle/Texas/24-008749-003/2024(H5N1)	1064	12997
PB2|PP755596.1|A/cattle/Texas/24-008749-003/2024(H5N1)	1065	12866
PB2|PP755596.1|A/cattle/Texas/24-008749-003/2024(H5N1)	1066	13352
PB2|PP755596.1|A/cattle/Texas/24-008749-003/2024(H5N1)	1067	13118
PB2|PP755596.1|A/cattle/Texas/24-008749-003/2024(H5N1)	1068	13132
PB2|PP755596.1|A/cattle/Texas/24-008749-003/2024(H5N1)	1069	13454
PB2|PP755596.1|A/cattle/Texas/24-008749-003/2024(H5N1)	1070	13359
PB2|PP755596.1|A/cattle/Texas/24-008749-003/2024(H5N1)	1071	13343
PB2|PP755596.1|A/cattle/Texas/24-008749-003/2024(H5N1)	1072	13347
PB2|PP755596.1|A/cattle/Texas/24-008749-003/2024(H5N1)	1073	12916
PB2|PP755596.1|A/cattle/Texas/24-008749-003/2024(H5N1)	1074	13187
PB2|PP755596.1|A/cattle/Texas/24-008749-003/2024(H5N1)	1075	13179
PB2|PP755596.1|A/cattle/Texas/24-008749-003/2024(H5N1)	1076	13743
PB2|PP755596.1|A/cattle/Texas/24-008749-003/2024(H5N1)	1077	14102
PB2|PP755596.1|A/cattle/Texas/24-008749-003/2024(H5N1)	1078	13313
PB2|PP755596.1|A/cattle/Texas/24-008749-003/2024(H5N1)	1079	13390
PB2|PP755596.1|A/cattle/Texas/24-008749-003/2024(H5N1)	1080	13358
PB2|PP755596.1|A/cattle/Texas/24-008749-003/2024(H5N1)	1081	13278
PB2|PP755596.1|A/cattle/Texas/24-008749-003/2024(H5N1)	1082	13347
PB2|PP755596.1|A/cattle/Texas/24-008749-003/2024(H5N1)	1083	13101
PB2|PP755596.1|A/cattle/Texas/24-008749-003/2024(H5N1)	1084	12942
PB2|PP755596.1|A/cattle/Texas/24-008749-003/2024(H5N1)	1085	11876
PB2|PP755596.1|A/cattle/Texas/24-008749-003/2024(H5N1)	1086	11986
PB2|PP755596.1|A/cattle/Texas/24-008749-003/2024(H5N1)	1087	11347
PB2|PP755596.1|A/cattle/Texas/24-008749-003/2024(H5N1)	1088	11540
PB2|PP755596.1|A/cattle/Texas/24-008749-003/2024(H5N1)	1089	11698
PB2|PP755596.1|A/cattle/Texas/24-008749-003/2024(H5N1)	1090	11572
PB2|PP755596.1|A/cattle/Texas/24-008749-003/2024(H5N1)	1091	11711
PB2|PP755596.1|A/cattle/Texas/24-008749-003/2024(H5N1)	1092	11698
PB2|PP755596.1|A/cattle/Texas/24-008749-003/2024(H5N1)	1093	11604
PB2|PP755596.1|A/cattle/Texas/24-008749-003/2024(H5N1)	1094	11402
PB2|PP755596.1|A/cattle/Texas/24-008749-003/2024(H5N1)	1095	11174
PB2|PP755596.1|A/cattle/Texas/24-008749-003/2024(H5N1)	1096	11423
PB2|PP755596.1|A/cattle/Texas/24-008749-003/2024(H5N1)	1097	11084
PB2|PP755596.1|A/cattle/Texas/24-008749-003/2024(H5N1)	1098	10982
PB2|PP755596.1|A/cattle/Texas/24-008749-003/2024(H5N1)	1099	10960
PB2|PP755596.1|A/cattle/Texas/24-008749-003/2024(H5N1)	1100	10760
PB2|PP755596.1|A/cattle/Texas/24-008749-003/2024(H5N1)	1101	10768
PB2|PP755596.1|A/cattle/Texas/24-008749-003/2024(H5N1)	1102	10645
PB2|PP755596.1|A/cattle/Texas/24-008749-003/2024(H5N1)	1103	10730
PB2|PP755596.1|A/cattle/Texas/24-008749-003/2024(H5N1)	1104	10357
PB2|PP755596.1|A/cattle/Texas/24-008749-003/2024(H5N1)	1105	9963
PB2|PP755596.1|A/cattle/Texas/24-008749-003/2024(H5N1)	1106	10233
PB2|PP755596.1|A/cattle/Texas/24-008749-003/2024(H5N1)	1107	10180
PB2|PP755596.1|A/cattle/Texas/24-008749-003/2024(H5N1)	1108	10258
PB2|PP755596.1|A/cattle/Texas/24-008749-003/2024(H5N1)	1109	10377
PB2|PP755596.1|A/cattle/Texas/24-008749-003/2024(H5N1)	1110	10332
PB2|PP755596.1|A/cattle/Texas/24-008749-003/2024(H5N1)	1111	10364
PB2|PP755596.1|A/cattle/Texas/24-008749-003/2024(H5N1)	1112	10562
PB2|PP755596.1|A/cattle/Texas/24-008749-003/2024(H5N1)	1113	10566
PB2|PP755596.1|A/cattle/Texas/24-008749-003/2024(H5N1)	1114	10703
PB2|PP755596.1|A/cattle/Texas/24-008749-003/2024(H5N1)	1115	10611
PB2|PP755596.1|A/cattle/Texas/24-008749-003/2024(H5N1)	1116	10593
PB2|PP755596.1|A/cattle/Texas/24-008749-003/2024(H5N1)	1117	10842
PB2|PP755596.1|A/cattle/Texas/24-008749-003/2024(H5N1)	1118	10837
PB2|PP755596.1|A/cattle/Texas/24-008749-003/2024(H5N1)	1119	10943
PB2|PP755596.1|A/cattle/Texas/24-008749-003/2024(H5N1)	1120	10971
PB2|PP755596.1|A/cattle/Texas/24-008749-003/2024(H5N1)	1121	10831
PB2|PP755596.1|A/cattle/Texas/24-008749-003/2024(H5N1)	1122	11009
PB2|PP755596.1|A/cattle/Texas/24-008749-003/2024(H5N1)	1123	10887
PB2|PP755596.1|A/cattle/Texas/24-008749-003/2024(H5N1)	1124	10900
PB2|PP755596.1|A/cattle/Texas/24-008749-003/2024(H5N1)	1125	10919
PB2|PP755596.1|A/cattle/Texas/24-008749-003/2024(H5N1)	1126	10758
PB2|PP755596.1|A/cattle/Texas/24-008749-003/2024(H5N1)	1127	10750
PB2|PP755596.1|A/cattle/Texas/24-008749-003/2024(H5N1)	1128	10720
PB2|PP755596.1|A/cattle/Texas/24-008749-003/2024(H5N1)	1129	10857
PB2|PP755596.1|A/cattle/Texas/24-008749-003/2024(H5N1)	1130	10890
PB2|PP755596.1|A/cattle/Texas/24-008749-003/2024(H5N1)	1131	10778
PB2|PP755596.1|A/cattle/Texas/24-008749-003/2024(H5N1)	1132	10828
PB2|PP755596.1|A/cattle/Texas/24-008749-003/2024(H5N1)	1133	11294
PB2|PP755596.1|A/cattle/Texas/24-008749-003/2024(H5N1)	1134	11293
PB2|PP755596.1|A/cattle/Texas/24-008749-003/2024(H5N1)	1135	11253
PB2|PP755596.1|A/cattle/Texas/24-008749-003/2024(H5N1)	1136	11269
PB2|PP755596.1|A/cattle/Texas/24-008749-003/2024(H5N1)	1137	11245
PB2|PP755596.1|A/cattle/Texas/24-008749-003/2024(H5N1)	1138	11130
PB2|PP755596.1|A/cattle/Texas/24-008749-003/2024(H5N1)	1139	11358
PB2|PP755596.1|A/cattle/Texas/24-008749-003/2024(H5N1)	1140	11355
PB2|PP755596.1|A/cattle/Texas/24-008749-003/2024(H5N1)	1141	11348
PB2|PP755596.1|A/cattle/Texas/24-008749-003/2024(H5N1)	1142	10927
PB2|PP755596.1|A/cattle/Texas/24-008749-003/2024(H5N1)	1143	11035
PB2|PP755596.1|A/cattle/Texas/24-008749-003/2024(H5N1)	1144	11042
PB2|PP755596.1|A/cattle/Texas/24-008749-003/2024(H5N1)	1145	11028
PB2|PP755596.1|A/cattle/Texas/24-008749-003/2024(H5N1)	1146	11021
PB2|PP755596.1|A/cattle/Texas/24-008749-003/2024(H5N1)	1147	11040
PB2|PP755596.1|A/cattle/Texas/24-008749-003/2024(H5N1)	1148	11057
PB2|PP755596.1|A/cattle/Texas/24-008749-003/2024(H5N1)	1149	11493
PB2|PP755596.1|A/cattle/Texas/24-008749-003/2024(H5N1)	1150	11499
PB2|PP755596.1|A/cattle/Texas/24-008749-003/2024(H5N1)	1151	11499
PB2|PP755596.1|A/cattle/Texas/24-008749-003/2024(H5N1)	1152	11428
PB2|PP755596.1|A/cattle/Texas/24-008749-003/2024(H5N1)	1153	11479
PB2|PP755596.1|A/cattle/Texas/24-008749-003/2024(H5N1)	1154	11587
PB2|PP755596.1|A/cattle/Texas/24-008749-003/2024(H5N1)	1155	11643
PB2|PP755596.1|A/cattle/Texas/24-008749-003/2024(H5N1)	1156	11669
PB2|PP755596.1|A/cattle/Texas/24-008749-003/2024(H5N1)	1157	11143
PB2|PP755596.1|A/cattle/Texas/24-008749-003/2024(H5N1)	1158	10868
PB2|PP755596.1|A/cattle/Texas/24-008749-003/2024(H5N1)	1159	10849
PB2|PP755596.1|A/cattle/Texas/24-008749-003/2024(H5N1)	1160	11061
PB2|PP755596.1|A/cattle/Texas/24-008749-003/2024(H5N1)	1161	10963
PB2|PP755596.1|A/cattle/Texas/24-008749-003/2024(H5N1)	1162	10870
PB2|PP755596.1|A/cattle/Texas/24-008749-003/2024(H5N1)	1163	10754
PB2|PP755596.1|A/cattle/Texas/24-008749-003/2024(H5N1)	1164	10695
PB2|PP755596.1|A/cattle/Texas/24-008749-003/2024(H5N1)	1165	10648
PB2|PP755596.1|A/cattle/Texas/24-008749-003/2024(H5N1)	1166	10830
PB2|PP755596.1|A/cattle/Texas/24-008749-003/2024(H5N1)	1167	10816
PB2|PP755596.1|A/cattle/Texas/24-008749-003/2024(H5N1)	1168	10892
PB2|PP755596.1|A/cattle/Texas/24-008749-003/2024(H5N1)	1169	10576
PB2|PP755596.1|A/cattle/Texas/24-008749-003/2024(H5N1)	1170	10470
PB2|PP755596.1|A/cattle/Texas/24-008749-003/2024(H5N1)	1171	10480
PB2|PP755596.1|A/cattle/Texas/24-008749-003/2024(H5N1)	1172	10420
PB2|PP755596.1|A/cattle/Texas/24-008749-003/2024(H5N1)	1173	10421
PB2|PP755596.1|A/cattle/Texas/24-008749-003/2024(H5N1)	1174	10401
PB2|PP755596.1|A/cattle/Texas/24-008749-003/2024(H5N1)	1175	10083
PB2|PP755596.1|A/cattle/Texas/24-008749-003/2024(H5N1)	1176	10364
PB2|PP755596.1|A/cattle/Texas/24-008749-003/2024(H5N1)	1177	10164
PB2|PP755596.1|A/cattle/Texas/24-008749-003/2024(H5N1)	1178	10174
PB2|PP755596.1|A/cattle/Texas/24-008749-003/2024(H5N1)	1179	10168
PB2|PP755596.1|A/cattle/Texas/24-008749-003/2024(H5N1)	1180	10129
PB2|PP755596.1|A/cattle/Texas/24-008749-003/2024(H5N1)	1181	10120
PB2|PP755596.1|A/cattle/Texas/24-008749-003/2024(H5N1)	1182	10098
PB2|PP755596.1|A/cattle/Texas/24-008749-003/2024(H5N1)	1183	10056
PB2|PP755596.1|A/cattle/Texas/24-008749-003/2024(H5N1)	1184	10520
PB2|PP755596.1|A/cattle/Texas/24-008749-003/2024(H5N1)	1185	10177
PB2|PP755596.1|A/cattle/Texas/24-008749-003/2024(H5N1)	1186	11201
PB2|PP755596.1|A/cattle/Texas/24-008749-003/2024(H5N1)	1187	11213
PB2|PP755596.1|A/cattle/Texas/24-008749-003/2024(H5N1)	1188	11296
PB2|PP755596.1|A/cattle/Texas/24-008749-003/2024(H5N1)	1189	11339
PB2|PP755596.1|A/cattle/Texas/24-008749-003/2024(H5N1)	1190	11745
PB2|PP755596.1|A/cattle/Texas/24-008749-003/2024(H5N1)	1191	11671
PB2|PP755596.1|A/cattle/Texas/24-008749-003/2024(H5N1)	1192	11732
PB2|PP755596.1|A/cattle/Texas/24-008749-003/2024(H5N1)	1193	11741
PB2|PP755596.1|A/cattle/Texas/24-008749-003/2024(H5N1)	1194	11873
PB2|PP755596.1|A/cattle/Texas/24-008749-003/2024(H5N1)	1195	12242
PB2|PP755596.1|A/cattle/Texas/24-008749-003/2024(H5N1)	1196	12222
PB2|PP755596.1|A/cattle/Texas/24-008749-003/2024(H5N1)	1197	11985
PB2|PP755596.1|A/cattle/Texas/24-008749-003/2024(H5N1)	1198	11960
PB2|PP755596.1|A/cattle/Texas/24-008749-003/2024(H5N1)	1199	11559
PB2|PP755596.1|A/cattle/Texas/24-008749-003/2024(H5N1)	1200	11772
PB2|PP755596.1|A/cattle/Texas/24-008749-003/2024(H5N1)	1201	11981
PB2|PP755596.1|A/cattle/Texas/24-008749-003/2024(H5N1)	1202	12002
PB2|PP755596.1|A/cattle/Texas/24-008749-003/2024(H5N1)	1203	11957
PB2|PP755596.1|A/cattle/Texas/24-008749-003/2024(H5N1)	1204	12020
PB2|PP755596.1|A/cattle/Texas/24-008749-003/2024(H5N1)	1205	12090
PB2|PP755596.1|A/cattle/Texas/24-008749-003/2024(H5N1)	1206	10737
PB2|PP755596.1|A/cattle/Texas/24-008749-003/2024(H5N1)	1207	10934
PB2|PP755596.1|A/cattle/Texas/24-008749-003/2024(H5N1)	1208	10855
PB2|PP755596.1|A/cattle/Texas/24-008749-003/2024(H5N1)	1209	11071
PB2|PP755596.1|A/cattle/Texas/24-008749-003/2024(H5N1)	1210	10929
PB2|PP755596.1|A/cattle/Texas/24-008749-003/2024(H5N1)	1211	11514
PB2|PP755596.1|A/cattle/Texas/24-008749-003/2024(H5N1)	1212	11550
PB2|PP755596.1|A/cattle/Texas/24-008749-003/2024(H5N1)	1213	11407
PB2|PP755596.1|A/cattle/Texas/24-008749-003/2024(H5N1)	1214	11909
PB2|PP755596.1|A/cattle/Texas/24-008749-003/2024(H5N1)	1215	11761
PB2|PP755596.1|A/cattle/Texas/24-008749-003/2024(H5N1)	1216	12669
PB2|PP755596.1|A/cattle/Texas/24-008749-003/2024(H5N1)	1217	12611
PB2|PP755596.1|A/cattle/Texas/24-008749-003/2024(H5N1)	1218	12480
PB2|PP755596.1|A/cattle/Texas/24-008749-003/2024(H5N1)	1219	12535
PB2|PP755596.1|A/cattle/Texas/24-008749-003/2024(H5N1)	1220	12086
PB2|PP755596.1|A/cattle/Texas/24-008749-003/2024(H5N1)	1221	12289
PB2|PP755596.1|A/cattle/Texas/24-008749-003/2024(H5N1)	1222	12297
PB2|PP755596.1|A/cattle/Texas/24-008749-003/2024(H5N1)	1223	11800
PB2|PP755596.1|A/cattle/Texas/24-008749-003/2024(H5N1)	1224	11964
PB2|PP755596.1|A/cattle/Texas/24-008749-003/2024(H5N1)	1225	11081
PB2|PP755596.1|A/cattle/Texas/24-008749-003/2024(H5N1)	1226	11349
PB2|PP755596.1|A/cattle/Texas/24-008749-003/2024(H5N1)	1227	11301
PB2|PP755596.1|A/cattle/Texas/24-008749-003/2024(H5N1)	1228	11280
PB2|PP755596.1|A/cattle/Texas/24-008749-003/2024(H5N1)	1229	11365
PB2|PP755596.1|A/cattle/Texas/24-008749-003/2024(H5N1)	1230	11678
PB2|PP755596.1|A/cattle/Texas/24-008749-003/2024(H5N1)	1231	11700
PB2|PP755596.1|A/cattle/Texas/24-008749-003/2024(H5N1)	1232	11702
PB2|PP755596.1|A/cattle/Texas/24-008749-003/2024(H5N1)	1233	11236
PB2|PP755596.1|A/cattle/Texas/24-008749-003/2024(H5N1)	1234	11226
PB2|PP755596.1|A/cattle/Texas/24-008749-003/2024(H5N1)	1235	10900
PB2|PP755596.1|A/cattle/Texas/24-008749-003/2024(H5N1)	1236	10908
PB2|PP755596.1|A/cattle/Texas/24-008749-003/2024(H5N1)	1237	10870
PB2|PP755596.1|A/cattle/Texas/24-008749-003/2024(H5N1)	1238	10818
PB2|PP755596.1|A/cattle/Texas/24-008749-003/2024(H5N1)	1239	9900
PB2|PP755596.1|A/cattle/Texas/24-008749-003/2024(H5N1)	1240	10295
PB2|PP755596.1|A/cattle/Texas/24-008749-003/2024(H5N1)	1241	10329
PB2|PP755596.1|A/cattle/Texas/24-008749-003/2024(H5N1)	1242	10339
PB2|PP755596.1|A/cattle/Texas/24-008749-003/2024(H5N1)	1243	10878
PB2|PP755596.1|A/cattle/Texas/24-008749-003/2024(H5N1)	1244	10837
PB2|PP755596.1|A/cattle/Texas/24-008749-003/2024(H5N1)	1245	10898
PB2|PP755596.1|A/cattle/Texas/24-008749-003/2024(H5N1)	1246	10875
PB2|PP755596.1|A/cattle/Texas/24-008749-003/2024(H5N1)	1247	10852
PB2|PP755596.1|A/cattle/Texas/24-008749-003/2024(H5N1)	1248	10722
PB2|PP755596.1|A/cattle/Texas/24-008749-003/2024(H5N1)	1249	10744
PB2|PP755596.1|A/cattle/Texas/24-008749-003/2024(H5N1)	1250	10834
PB2|PP755596.1|A/cattle/Texas/24-008749-003/2024(H5N1)	1251	10872
PB2|PP755596.1|A/cattle/Texas/24-008749-003/2024(H5N1)	1252	10865
PB2|PP755596.1|A/cattle/Texas/24-008749-003/2024(H5N1)	1253	10647
PB2|PP755596.1|A/cattle/Texas/24-008749-003/2024(H5N1)	1254	10729
PB2|PP755596.1|A/cattle/Texas/24-008749-003/2024(H5N1)	1255	10749
PB2|PP755596.1|A/cattle/Texas/24-008749-003/2024(H5N1)	1256	10732
PB2|PP755596.1|A/cattle/Texas/24-008749-003/2024(H5N1)	1257	10860
PB2|PP755596.1|A/cattle/Texas/24-008749-003/2024(H5N1)	1258	9168
PB2|PP755596.1|A/cattle/Texas/24-008749-003/2024(H5N1)	1259	9156
PB2|PP755596.1|A/cattle/Texas/24-008749-003/2024(H5N1)	1260	9052
PB2|PP755596.1|A/cattle/Texas/24-008749-003/2024(H5N1)	1261	9057
PB2|PP755596.1|A/cattle/Texas/24-008749-003/2024(H5N1)	1262	9096
PB2|PP755596.1|A/cattle/Texas/24-008749-003/2024(H5N1)	1263	8998
PB2|PP755596.1|A/cattle/Texas/24-008749-003/2024(H5N1)	1264	8995
PB2|PP755596.1|A/cattle/Texas/24-008749-003/2024(H5N1)	1265	8982
PB2|PP755596.1|A/cattle/Texas/24-008749-003/2024(H5N1)	1266	8985
PB2|PP755596.1|A/cattle/Texas/24-008749-003/2024(H5N1)	1267	8746
PB2|PP755596.1|A/cattle/Texas/24-008749-003/2024(H5N1)	1268	9097
PB2|PP755596.1|A/cattle/Texas/24-008749-003/2024(H5N1)	1269	9119
PB2|PP755596.1|A/cattle/Texas/24-008749-003/2024(H5N1)	1270	9021
PB2|PP755596.1|A/cattle/Texas/24-008749-003/2024(H5N1)	1271	9016
PB2|PP755596.1|A/cattle/Texas/24-008749-003/2024(H5N1)	1272	8975
PB2|PP755596.1|A/cattle/Texas/24-008749-003/2024(H5N1)	1273	9010
PB2|PP755596.1|A/cattle/Texas/24-008749-003/2024(H5N1)	1274	9058
PB2|PP755596.1|A/cattle/Texas/24-008749-003/2024(H5N1)	1275	9125
PB2|PP755596.1|A/cattle/Texas/24-008749-003/2024(H5N1)	1276	9148
PB2|PP755596.1|A/cattle/Texas/24-008749-003/2024(H5N1)	1277	8972
PB2|PP755596.1|A/cattle/Texas/24-008749-003/2024(H5N1)	1278	8970
PB2|PP755596.1|A/cattle/Texas/24-008749-003/2024(H5N1)	1279	9044
PB2|PP755596.1|A/cattle/Texas/24-008749-003/2024(H5N1)	1280	9054
PB2|PP755596.1|A/cattle/Texas/24-008749-003/2024(H5N1)	1281	9786
PB2|PP755596.1|A/cattle/Texas/24-008749-003/2024(H5N1)	1282	9774
PB2|PP755596.1|A/cattle/Texas/24-008749-003/2024(H5N1)	1283	9734
PB2|PP755596.1|A/cattle/Texas/24-008749-003/2024(H5N1)	1284	9877
PB2|PP755596.1|A/cattle/Texas/24-008749-003/2024(H5N1)	1285	9954
PB2|PP755596.1|A/cattle/Texas/24-008749-003/2024(H5N1)	1286	10535
PB2|PP755596.1|A/cattle/Texas/24-008749-003/2024(H5N1)	1287	10529
PB2|PP755596.1|A/cattle/Texas/24-008749-003/2024(H5N1)	1288	10553
PB2|PP755596.1|A/cattle/Texas/24-008749-003/2024(H5N1)	1289	10651
PB2|PP755596.1|A/cattle/Texas/24-008749-003/2024(H5N1)	1290	10178
PB2|PP755596.1|A/cattle/Texas/24-008749-003/2024(H5N1)	1291	10208
PB2|PP755596.1|A/cattle/Texas/24-008749-003/2024(H5N1)	1292	10239
PB2|PP755596.1|A/cattle/Texas/24-008749-003/2024(H5N1)	1293	10307
PB2|PP755596.1|A/cattle/Texas/24-008749-003/2024(H5N1)	1294	10560
PB2|PP755596.1|A/cattle/Texas/24-008749-003/2024(H5N1)	1295	10204
PB2|PP755596.1|A/cattle/Texas/24-008749-003/2024(H5N1)	1296	10203
PB2|PP755596.1|A/cattle/Texas/24-008749-003/2024(H5N1)	1297	10205
PB2|PP755596.1|A/cattle/Texas/24-008749-003/2024(H5N1)	1298	10130
PB2|PP755596.1|A/cattle/Texas/24-008749-003/2024(H5N1)	1299	11018
PB2|PP755596.1|A/cattle/Texas/24-008749-003/2024(H5N1)	1300	11093
PB2|PP755596.1|A/cattle/Texas/24-008749-003/2024(H5N1)	1301	11207
PB2|PP755596.1|A/cattle/Texas/24-008749-003/2024(H5N1)	1302	11644
PB2|PP755596.1|A/cattle/Texas/24-008749-003/2024(H5N1)	1303	11427
PB2|PP755596.1|A/cattle/Texas/24-008749-003/2024(H5N1)	1304	11431
PB2|PP755596.1|A/cattle/Texas/24-008749-003/2024(H5N1)	1305	11430
PB2|PP755596.1|A/cattle/Texas/24-008749-003/2024(H5N1)	1306	11442
PB2|PP755596.1|A/cattle/Texas/24-008749-003/2024(H5N1)	1307	11442
PB2|PP755596.1|A/cattle/Texas/24-008749-003/2024(H5N1)	1308	10743
PB2|PP755596.1|A/cattle/Texas/24-008749-003/2024(H5N1)	1309	10682
PB2|PP755596.1|A/cattle/Texas/24-008749-003/2024(H5N1)	1310	10540
PB2|PP755596.1|A/cattle/Texas/24-008749-003/2024(H5N1)	1311	11091
PB2|PP755596.1|A/cattle/Texas/24-008749-003/2024(H5N1)	1312	11143
PB2|PP755596.1|A/cattle/Texas/24-008749-003/2024(H5N1)	1313	11180
PB2|PP755596.1|A/cattle/Texas/24-008749-003/2024(H5N1)	1314	11184
PB2|PP755596.1|A/cattle/Texas/24-008749-003/2024(H5N1)	1315	11148
PB2|PP755596.1|A/cattle/Texas/24-008749-003/2024(H5N1)	1316	11143
PB2|PP755596.1|A/cattle/Texas/24-008749-003/2024(H5N1)	1317	11169
PB2|PP755596.1|A/cattle/Texas/24-008749-003/2024(H5N1)	1318	11166
PB2|PP755596.1|A/cattle/Texas/24-008749-003/2024(H5N1)	1319	11172
PB2|PP755596.1|A/cattle/Texas/24-008749-003/2024(H5N1)	1320	11204
PB2|PP755596.1|A/cattle/Texas/24-008749-003/2024(H5N1)	1321	10396
PB2|PP755596.1|A/cattle/Texas/24-008749-003/2024(H5N1)	1322	10567
PB2|PP755596.1|A/cattle/Texas/24-008749-003/2024(H5N1)	1323	10558
PB2|PP755596.1|A/cattle/Texas/24-008749-003/2024(H5N1)	1324	10570
PB2|PP755596.1|A/cattle/Texas/24-008749-003/2024(H5N1)	1325	10680
PB2|PP755596.1|A/cattle/Texas/24-008749-003/2024(H5N1)	1326	10670
PB2|PP755596.1|A/cattle/Texas/24-008749-003/2024(H5N1)	1327	10686
PB2|PP755596.1|A/cattle/Texas/24-008749-003/2024(H5N1)	1328	10674
PB2|PP755596.1|A/cattle/Texas/24-008749-003/2024(H5N1)	1329	10588
PB2|PP755596.1|A/cattle/Texas/24-008749-003/2024(H5N1)	1330	10641
PB2|PP755596.1|A/cattle/Texas/24-008749-003/2024(H5N1)	1331	10471
PB2|PP755596.1|A/cattle/Texas/24-008749-003/2024(H5N1)	1332	10471
PB2|PP755596.1|A/cattle/Texas/24-008749-003/2024(H5N1)	1333	10457
PB2|PP755596.1|A/cattle/Texas/24-008749-003/2024(H5N1)	1334	10271
PB2|PP755596.1|A/cattle/Texas/24-008749-003/2024(H5N1)	1335	10284
PB2|PP755596.1|A/cattle/Texas/24-008749-003/2024(H5N1)	1336	10323
PB2|PP755596.1|A/cattle/Texas/24-008749-003/2024(H5N1)	1337	10332
PB2|PP755596.1|A/cattle/Texas/24-008749-003/2024(H5N1)	1338	10328
PB2|PP755596.1|A/cattle/Texas/24-008749-003/2024(H5N1)	1339	10298
PB2|PP755596.1|A/cattle/Texas/24-008749-003/2024(H5N1)	1340	10274
PB2|PP755596.1|A/cattle/Texas/24-008749-003/2024(H5N1)	1341	10302
PB2|PP755596.1|A/cattle/Texas/24-008749-003/2024(H5N1)	1342	10308
PB2|PP755596.1|A/cattle/Texas/24-008749-003/2024(H5N1)	1343	10321
PB2|PP755596.1|A/cattle/Texas/24-008749-003/2024(H5N1)	1344	10330
PB2|PP755596.1|A/cattle/Texas/24-008749-003/2024(H5N1)	1345	10227
PB2|PP755596.1|A/cattle/Texas/24-008749-003/2024(H5N1)	1346	10275
PB2|PP755596.1|A/cattle/Texas/24-008749-003/2024(H5N1)	1347	10274
PB2|PP755596.1|A/cattle/Texas/24-008749-003/2024(H5N1)	1348	10279
PB2|PP755596.1|A/cattle/Texas/24-008749-003/2024(H5N1)	1349	10502
PB2|PP755596.1|A/cattle/Texas/24-008749-003/2024(H5N1)	1350	10433
PB2|PP755596.1|A/cattle/Texas/24-008749-003/2024(H5N1)	1351	10586
PB2|PP755596.1|A/cattle/Texas/24-008749-003/2024(H5N1)	1352	10540
PB2|PP755596.1|A/cattle/Texas/24-008749-003/2024(H5N1)	1353	10504
PB2|PP755596.1|A/cattle/Texas/24-008749-003/2024(H5N1)	1354	10511
PB2|PP755596.1|A/cattle/Texas/24-008749-003/2024(H5N1)	1355	10314
PB2|PP755596.1|A/cattle/Texas/24-008749-003/2024(H5N1)	1356	10341
PB2|PP755596.1|A/cattle/Texas/24-008749-003/2024(H5N1)	1357	10437
PB2|PP755596.1|A/cattle/Texas/24-008749-003/2024(H5N1)	1358	10049
PB2|PP755596.1|A/cattle/Texas/24-008749-003/2024(H5N1)	1359	10068
PB2|PP755596.1|A/cattle/Texas/24-008749-003/2024(H5N1)	1360	9817
PB2|PP755596.1|A/cattle/Texas/24-008749-003/2024(H5N1)	1361	10007
PB2|PP755596.1|A/cattle/Texas/24-008749-003/2024(H5N1)	1362	10997
PB2|PP755596.1|A/cattle/Texas/24-008749-003/2024(H5N1)	1363	11046
PB2|PP755596.1|A/cattle/Texas/24-008749-003/2024(H5N1)	1364	11043
PB2|PP755596.1|A/cattle/Texas/24-008749-003/2024(H5N1)	1365	10984
PB2|PP755596.1|A/cattle/Texas/24-008749-003/2024(H5N1)	1366	10423
PB2|PP755596.1|A/cattle/Texas/24-008749-003/2024(H5N1)	1367	10610
PB2|PP755596.1|A/cattle/Texas/24-008749-003/2024(H5N1)	1368	10453
PB2|PP755596.1|A/cattle/Texas/24-008749-003/2024(H5N1)	1369	11247
PB2|PP755596.1|A/cattle/Texas/24-008749-003/2024(H5N1)	1370	11102
PB2|PP755596.1|A/cattle/Texas/24-008749-003/2024(H5N1)	1371	11322
PB2|PP755596.1|A/cattle/Texas/24-008749-003/2024(H5N1)	1372	11205
PB2|PP755596.1|A/cattle/Texas/24-008749-003/2024(H5N1)	1373	11155
PB2|PP755596.1|A/cattle/Texas/24-008749-003/2024(H5N1)	1374	11256
PB2|PP755596.1|A/cattle/Texas/24-008749-003/2024(H5N1)	1375	11325
PB2|PP755596.1|A/cattle/Texas/24-008749-003/2024(H5N1)	1376	11289
PB2|PP755596.1|A/cattle/Texas/24-008749-003/2024(H5N1)	1377	11134
PB2|PP755596.1|A/cattle/Texas/24-008749-003/2024(H5N1)	1378	11050
PB2|PP755596.1|A/cattle/Texas/24-008749-003/2024(H5N1)	1379	10949
PB2|PP755596.1|A/cattle/Texas/24-008749-003/2024(H5N1)	1380	11191
PB2|PP755596.1|A/cattle/Texas/24-008749-003/2024(H5N1)	1381	11012
PB2|PP755596.1|A/cattle/Texas/24-008749-003/2024(H5N1)	1382	11022
PB2|PP755596.1|A/cattle/Texas/24-008749-003/2024(H5N1)	1383	10951
PB2|PP755596.1|A/cattle/Texas/24-008749-003/2024(H5N1)	1384	10894
PB2|PP755596.1|A/cattle/Texas/24-008749-003/2024(H5N1)	1385	11985
PB2|PP755596.1|A/cattle/Texas/24-008749-003/2024(H5N1)	1386	11280
PB2|PP755596.1|A/cattle/Texas/24-008749-003/2024(H5N1)	1387	11147
PB2|PP755596.1|A/cattle/Texas/24-008749-003/2024(H5N1)	1388	10892
PB2|PP755596.1|A/cattle/Texas/24-008749-003/2024(H5N1)	1389	10697
PB2|PP755596.1|A/cattle/Texas/24-008749-003/2024(H5N1)	1390	10686
PB2|PP755596.1|A/cattle/Texas/24-008749-003/2024(H5N1)	1391	10691
PB2|PP755596.1|A/cattle/Texas/24-008749-003/2024(H5N1)	1392	10794
PB2|PP755596.1|A/cattle/Texas/24-008749-003/2024(H5N1)	1393	10894
PB2|PP755596.1|A/cattle/Texas/24-008749-003/2024(H5N1)	1394	10119
PB2|PP755596.1|A/cattle/Texas/24-008749-003/2024(H5N1)	1395	9652
PB2|PP755596.1|A/cattle/Texas/24-008749-003/2024(H5N1)	1396	9622
PB2|PP755596.1|A/cattle/Texas/24-008749-003/2024(H5N1)	1397	9732
PB2|PP755596.1|A/cattle/Texas/24-008749-003/2024(H5N1)	1398	9734
PB2|PP755596.1|A/cattle/Texas/24-008749-003/2024(H5N1)	1399	9633
PB2|PP755596.1|A/cattle/Texas/24-008749-003/2024(H5N1)	1400	9336
PB2|PP755596.1|A/cattle/Texas/24-008749-003/2024(H5N1)	1401	9384
PB2|PP755596.1|A/cattle/Texas/24-008749-003/2024(H5N1)	1402	9318
PB2|PP755596.1|A/cattle/Texas/24-008749-003/2024(H5N1)	1403	9452
PB2|PP755596.1|A/cattle/Texas/24-008749-003/2024(H5N1)	1404	9464
PB2|PP755596.1|A/cattle/Texas/24-008749-003/2024(H5N1)	1405	9450
PB2|PP755596.1|A/cattle/Texas/24-008749-003/2024(H5N1)	1406	9254
PB2|PP755596.1|A/cattle/Texas/24-008749-003/2024(H5N1)	1407	9212
PB2|PP755596.1|A/cattle/Texas/24-008749-003/2024(H5N1)	1408	9189
PB2|PP755596.1|A/cattle/Texas/24-008749-003/2024(H5N1)	1409	9578
PB2|PP755596.1|A/cattle/Texas/24-008749-003/2024(H5N1)	1410	9250
PB2|PP755596.1|A/cattle/Texas/24-008749-003/2024(H5N1)	1411	9282
PB2|PP755596.1|A/cattle/Texas/24-008749-003/2024(H5N1)	1412	9101
PB2|PP755596.1|A/cattle/Texas/24-008749-003/2024(H5N1)	1413	9027
PB2|PP755596.1|A/cattle/Texas/24-008749-003/2024(H5N1)	1414	9051
PB2|PP755596.1|A/cattle/Texas/24-008749-003/2024(H5N1)	1415	9018
PB2|PP755596.1|A/cattle/Texas/24-008749-003/2024(H5N1)	1416	9077
PB2|PP755596.1|A/cattle/Texas/24-008749-003/2024(H5N1)	1417	9210
PB2|PP755596.1|A/cattle/Texas/24-008749-003/2024(H5N1)	1418	8310
PB2|PP755596.1|A/cattle/Texas/24-008749-003/2024(H5N1)	1419	8300
PB2|PP755596.1|A/cattle/Texas/24-008749-003/2024(H5N1)	1420	8084
PB2|PP755596.1|A/cattle/Texas/24-008749-003/2024(H5N1)	1421	8100
PB2|PP755596.1|A/cattle/Texas/24-008749-003/2024(H5N1)	1422	8124
PB2|PP755596.1|A/cattle/Texas/24-008749-003/2024(H5N1)	1423	8112
PB2|PP755596.1|A/cattle/Texas/24-008749-003/2024(H5N1)	1424	8025
PB2|PP755596.1|A/cattle/Texas/24-008749-003/2024(H5N1)	1425	7992
PB2|PP755596.1|A/cattle/Texas/24-008749-003/2024(H5N1)	1426	7373
PB2|PP755596.1|A/cattle/Texas/24-008749-003/2024(H5N1)	1427	7504
PB2|PP755596.1|A/cattle/Texas/24-008749-003/2024(H5N1)	1428	7497
PB2|PP755596.1|A/cattle/Texas/24-008749-003/2024(H5N1)	1429	6876
PB2|PP755596.1|A/cattle/Texas/24-008749-003/2024(H5N1)	1430	7719
PB2|PP755596.1|A/cattle/Texas/24-008749-003/2024(H5N1)	1431	7582
PB2|PP755596.1|A/cattle/Texas/24-008749-003/2024(H5N1)	1432	7574
PB2|PP755596.1|A/cattle/Texas/24-008749-003/2024(H5N1)	1433	7572
PB2|PP755596.1|A/cattle/Texas/24-008749-003/2024(H5N1)	1434	7337
PB2|PP755596.1|A/cattle/Texas/24-008749-003/2024(H5N1)	1435	7320
PB2|PP755596.1|A/cattle/Texas/24-008749-003/2024(H5N1)	1436	6670
PB2|PP755596.1|A/cattle/Texas/24-008749-003/2024(H5N1)	1437	6381
PB2|PP755596.1|A/cattle/Texas/24-008749-003/2024(H5N1)	1438	6431
PB2|PP755596.1|A/cattle/Texas/24-008749-003/2024(H5N1)	1439	6127
PB2|PP755596.1|A/cattle/Texas/24-008749-003/2024(H5N1)	1440	6195
PB2|PP755596.1|A/cattle/Texas/24-008749-003/2024(H5N1)	1441	6193
PB2|PP755596.1|A/cattle/Texas/24-008749-003/2024(H5N1)	1442	6224
PB2|PP755596.1|A/cattle/Texas/24-008749-003/2024(H5N1)	1443	6242
PB2|PP755596.1|A/cattle/Texas/24-008749-003/2024(H5N1)	1444	6261
PB2|PP755596.1|A/cattle/Texas/24-008749-003/2024(H5N1)	1445	6255
PB2|PP755596.1|A/cattle/Texas/24-008749-003/2024(H5N1)	1446	6357
PB2|PP755596.1|A/cattle/Texas/24-008749-003/2024(H5N1)	1447	6398
PB2|PP755596.1|A/cattle/Texas/24-008749-003/2024(H5N1)	1448	6401
PB2|PP755596.1|A/cattle/Texas/24-008749-003/2024(H5N1)	1449	6383
PB2|PP755596.1|A/cattle/Texas/24-008749-003/2024(H5N1)	1450	6418
PB2|PP755596.1|A/cattle/Texas/24-008749-003/2024(H5N1)	1451	6576
PB2|PP755596.1|A/cattle/Texas/24-008749-003/2024(H5N1)	1452	6550
PB2|PP755596.1|A/cattle/Texas/24-008749-003/2024(H5N1)	1453	6570
PB2|PP755596.1|A/cattle/Texas/24-008749-003/2024(H5N1)	1454	6586
PB2|PP755596.1|A/cattle/Texas/24-008749-003/2024(H5N1)	1455	6522
PB2|PP755596.1|A/cattle/Texas/24-008749-003/2024(H5N1)	1456	6662
PB2|PP755596.1|A/cattle/Texas/24-008749-003/2024(H5N1)	1457	6698
PB2|PP755596.1|A/cattle/Texas/24-008749-003/2024(H5N1)	1458	6743
PB2|PP755596.1|A/cattle/Texas/24-008749-003/2024(H5N1)	1459	6843
PB2|PP755596.1|A/cattle/Texas/24-008749-003/2024(H5N1)	1460	6753
PB2|PP755596.1|A/cattle/Texas/24-008749-003/2024(H5N1)	1461	6807
PB2|PP755596.1|A/cattle/Texas/24-008749-003/2024(H5N1)	1462	6807
PB2|PP755596.1|A/cattle/Texas/24-008749-003/2024(H5N1)	1463	6801
PB2|PP755596.1|A/cattle/Texas/24-008749-003/2024(H5N1)	1464	8522
PB2|PP755596.1|A/cattle/Texas/24-008749-003/2024(H5N1)	1465	8407
PB2|PP755596.1|A/cattle/Texas/24-008749-003/2024(H5N1)	1466	8582
PB2|PP755596.1|A/cattle/Texas/24-008749-003/2024(H5N1)	1467	8577
PB2|PP755596.1|A/cattle/Texas/24-008749-003/2024(H5N1)	1468	8510
PB2|PP755596.1|A/cattle/Texas/24-008749-003/2024(H5N1)	1469	8963
PB2|PP755596.1|A/cattle/Texas/24-008749-003/2024(H5N1)	1470	8943
PB2|PP755596.1|A/cattle/Texas/24-008749-003/2024(H5N1)	1471	8947
PB2|PP755596.1|A/cattle/Texas/24-008749-003/2024(H5N1)	1472	8953
PB2|PP755596.1|A/cattle/Texas/24-008749-003/2024(H5N1)	1473	7798
PB2|PP755596.1|A/cattle/Texas/24-008749-003/2024(H5N1)	1474	7876
PB2|PP755596.1|A/cattle/Texas/24-008749-003/2024(H5N1)	1475	7782
PB2|PP755596.1|A/cattle/Texas/24-008749-003/2024(H5N1)	1476	7809
PB2|PP755596.1|A/cattle/Texas/24-008749-003/2024(H5N1)	1477	7804
PB2|PP755596.1|A/cattle/Texas/24-008749-003/2024(H5N1)	1478	7852
PB2|PP755596.1|A/cattle/Texas/24-008749-003/2024(H5N1)	1479	7908
PB2|PP755596.1|A/cattle/Texas/24-008749-003/2024(H5N1)	1480	7911
PB2|PP755596.1|A/cattle/Texas/24-008749-003/2024(H5N1)	1481	7913
PB2|PP755596.1|A/cattle/Texas/24-008749-003/2024(H5N1)	1482	7913
PB2|PP755596.1|A/cattle/Texas/24-008749-003/2024(H5N1)	1483	8065
PB2|PP755596.1|A/cattle/Texas/24-008749-003/2024(H5N1)	1484	8087
PB2|PP755596.1|A/cattle/Texas/24-008749-003/2024(H5N1)	1485	8198
PB2|PP755596.1|A/cattle/Texas/24-008749-003/2024(H5N1)	1486	8200
PB2|PP755596.1|A/cattle/Texas/24-008749-003/2024(H5N1)	1487	7775
PB2|PP755596.1|A/cattle/Texas/24-008749-003/2024(H5N1)	1488	7729
PB2|PP755596.1|A/cattle/Texas/24-008749-003/2024(H5N1)	1489	7715
PB2|PP755596.1|A/cattle/Texas/24-008749-003/2024(H5N1)	1490	7736
PB2|PP755596.1|A/cattle/Texas/24-008749-003/2024(H5N1)	1491	7728
PB2|PP755596.1|A/cattle/Texas/24-008749-003/2024(H5N1)	1492	7552
PB2|PP755596.1|A/cattle/Texas/24-008749-003/2024(H5N1)	1493	7500
PB2|PP755596.1|A/cattle/Texas/24-008749-003/2024(H5N1)	1494	7382
PB2|PP755596.1|A/cattle/Texas/24-008749-003/2024(H5N1)	1495	7384
PB2|PP755596.1|A/cattle/Texas/24-008749-003/2024(H5N1)	1496	7378
PB2|PP755596.1|A/cattle/Texas/24-008749-003/2024(H5N1)	1497	5465
PB2|PP755596.1|A/cattle/Texas/24-008749-003/2024(H5N1)	1498	7376
PB2|PP755596.1|A/cattle/Texas/24-008749-003/2024(H5N1)	1499	7350
PB2|PP755596.1|A/cattle/Texas/24-008749-003/2024(H5N1)	1500	7466
PB2|PP755596.1|A/cattle/Texas/24-008749-003/2024(H5N1)	1501	7466
PB2|PP755596.1|A/cattle/Texas/24-008749-003/2024(H5N1)	1502	7496
PB2|PP755596.1|A/cattle/Texas/24-008749-003/2024(H5N1)	1503	7496
PB2|PP755596.1|A/cattle/Texas/24-008749-003/2024(H5N1)	1504	7494
PB2|PP755596.1|A/cattle/Texas/24-008749-003/2024(H5N1)	1505	7484
PB2|PP755596.1|A/cattle/Texas/24-008749-003/2024(H5N1)	1506	7484
PB2|PP755596.1|A/cattle/Texas/24-008749-003/2024(H5N1)	1507	7484
PB2|PP755596.1|A/cattle/Texas/24-008749-003/2024(H5N1)	1508	7502
PB2|PP755596.1|A/cattle/Texas/24-008749-003/2024(H5N1)	1509	7321
PB2|PP755596.1|A/cattle/Texas/24-008749-003/2024(H5N1)	1510	7415
PB2|PP755596.1|A/cattle/Texas/24-008749-003/2024(H5N1)	1511	7387
PB2|PP755596.1|A/cattle/Texas/24-008749-003/2024(H5N1)	1512	7383
PB2|PP755596.1|A/cattle/Texas/24-008749-003/2024(H5N1)	1513	7383
PB2|PP755596.1|A/cattle/Texas/24-008749-003/2024(H5N1)	1514	7383
PB2|PP755596.1|A/cattle/Texas/24-008749-003/2024(H5N1)	1515	7433
PB2|PP755596.1|A/cattle/Texas/24-008749-003/2024(H5N1)	1516	7457
PB2|PP755596.1|A/cattle/Texas/24-008749-003/2024(H5N1)	1517	7437
PB2|PP755596.1|A/cattle/Texas/24-008749-003/2024(H5N1)	1518	7439
PB2|PP755596.1|A/cattle/Texas/24-008749-003/2024(H5N1)	1519	7326
PB2|PP755596.1|A/cattle/Texas/24-008749-003/2024(H5N1)	1520	7292
PB2|PP755596.1|A/cattle/Texas/24-008749-003/2024(H5N1)	1521	7292
PB2|PP755596.1|A/cattle/Texas/24-008749-003/2024(H5N1)	1522	7306
PB2|PP755596.1|A/cattle/Texas/24-008749-003/2024(H5N1)	1523	7278
PB2|PP755596.1|A/cattle/Texas/24-008749-003/2024(H5N1)	1524	7344
PB2|PP755596.1|A/cattle/Texas/24-008749-003/2024(H5N1)	1525	7318
PB2|PP755596.1|A/cattle/Texas/24-008749-003/2024(H5N1)	1526	7322
PB2|PP755596.1|A/cattle/Texas/24-008749-003/2024(H5N1)	1527	7319
PB2|PP755596.1|A/cattle/Texas/24-008749-003/2024(H5N1)	1528	7223
PB2|PP755596.1|A/cattle/Texas/24-008749-003/2024(H5N1)	1529	7546
PB2|PP755596.1|A/cattle/Texas/24-008749-003/2024(H5N1)	1530	7490
PB2|PP755596.1|A/cattle/Texas/24-008749-003/2024(H5N1)	1531	7794
PB2|PP755596.1|A/cattle/Texas/24-008749-003/2024(H5N1)	1532	7784
PB2|PP755596.1|A/cattle/Texas/24-008749-003/2024(H5N1)	1533	7647
PB2|PP755596.1|A/cattle/Texas/24-008749-003/2024(H5N1)	1534	7579
PB2|PP755596.1|A/cattle/Texas/24-008749-003/2024(H5N1)	1535	7505
PB2|PP755596.1|A/cattle/Texas/24-008749-003/2024(H5N1)	1536	7630
PB2|PP755596.1|A/cattle/Texas/24-008749-003/2024(H5N1)	1537	7586
PB2|PP755596.1|A/cattle/Texas/24-008749-003/2024(H5N1)	1538	6975
PB2|PP755596.1|A/cattle/Texas/24-008749-003/2024(H5N1)	1539	6975
PB2|PP755596.1|A/cattle/Texas/24-008749-003/2024(H5N1)	1540	6068
PB2|PP755596.1|A/cattle/Texas/24-008749-003/2024(H5N1)	1541	6089
PB2|PP755596.1|A/cattle/Texas/24-008749-003/2024(H5N1)	1542	6091
PB2|PP755596.1|A/cattle/Texas/24-008749-003/2024(H5N1)	1543	6019
PB2|PP755596.1|A/cattle/Texas/24-008749-003/2024(H5N1)	1544	6034
PB2|PP755596.1|A/cattle/Texas/24-008749-003/2024(H5N1)	1545	5686
PB2|PP755596.1|A/cattle/Texas/24-008749-003/2024(H5N1)	1546	6489
PB2|PP755596.1|A/cattle/Texas/24-008749-003/2024(H5N1)	1547	6487
PB2|PP755596.1|A/cattle/Texas/24-008749-003/2024(H5N1)	1548	6485
PB2|PP755596.1|A/cattle/Texas/24-008749-003/2024(H5N1)	1549	6816
PB2|PP755596.1|A/cattle/Texas/24-008749-003/2024(H5N1)	1550	6864
PB2|PP755596.1|A/cattle/Texas/24-008749-003/2024(H5N1)	1551	7218
PB2|PP755596.1|A/cattle/Texas/24-008749-003/2024(H5N1)	1552	7425
PB2|PP755596.1|A/cattle/Texas/24-008749-003/2024(H5N1)	1553	7367
PB2|PP755596.1|A/cattle/Texas/24-008749-003/2024(H5N1)	1554	7688
PB2|PP755596.1|A/cattle/Texas/24-008749-003/2024(H5N1)	1555	7578
PB2|PP755596.1|A/cattle/Texas/24-008749-003/2024(H5N1)	1556	8119
PB2|PP755596.1|A/cattle/Texas/24-008749-003/2024(H5N1)	1557	8128
PB2|PP755596.1|A/cattle/Texas/24-008749-003/2024(H5N1)	1558	8098
PB2|PP755596.1|A/cattle/Texas/24-008749-003/2024(H5N1)	1559	8319
PB2|PP755596.1|A/cattle/Texas/24-008749-003/2024(H5N1)	1560	8652
PB2|PP755596.1|A/cattle/Texas/24-008749-003/2024(H5N1)	1561	9287
PB2|PP755596.1|A/cattle/Texas/24-008749-003/2024(H5N1)	1562	9774
PB2|PP755596.1|A/cattle/Texas/24-008749-003/2024(H5N1)	1563	9924
PB2|PP755596.1|A/cattle/Texas/24-008749-003/2024(H5N1)	1564	10044
PB2|PP755596.1|A/cattle/Texas/24-008749-003/2024(H5N1)	1565	9974
PB2|PP755596.1|A/cattle/Texas/24-008749-003/2024(H5N1)	1566	9978
PB2|PP755596.1|A/cattle/Texas/24-008749-003/2024(H5N1)	1567	10037
PB2|PP755596.1|A/cattle/Texas/24-008749-003/2024(H5N1)	1568	11168
PB2|PP755596.1|A/cattle/Texas/24-008749-003/2024(H5N1)	1569	11104
PB2|PP755596.1|A/cattle/Texas/24-008749-003/2024(H5N1)	1570	10947
PB2|PP755596.1|A/cattle/Texas/24-008749-003/2024(H5N1)	1571	10996
PB2|PP755596.1|A/cattle/Texas/24-008749-003/2024(H5N1)	1572	10768
PB2|PP755596.1|A/cattle/Texas/24-008749-003/2024(H5N1)	1573	11015
PB2|PP755596.1|A/cattle/Texas/24-008749-003/2024(H5N1)	1574	11015
PB2|PP755596.1|A/cattle/Texas/24-008749-003/2024(H5N1)	1575	11240
PB2|PP755596.1|A/cattle/Texas/24-008749-003/2024(H5N1)	1576	11204
PB2|PP755596.1|A/cattle/Texas/24-008749-003/2024(H5N1)	1577	10557
PB2|PP755596.1|A/cattle/Texas/24-008749-003/2024(H5N1)	1578	10615
PB2|PP755596.1|A/cattle/Texas/24-008749-003/2024(H5N1)	1579	10598
PB2|PP755596.1|A/cattle/Texas/24-008749-003/2024(H5N1)	1580	10592
PB2|PP755596.1|A/cattle/Texas/24-008749-003/2024(H5N1)	1581	10676
PB2|PP755596.1|A/cattle/Texas/24-008749-003/2024(H5N1)	1582	10526
PB2|PP755596.1|A/cattle/Texas/24-008749-003/2024(H5N1)	1583	10560
PB2|PP755596.1|A/cattle/Texas/24-008749-003/2024(H5N1)	1584	10400
PB2|PP755596.1|A/cattle/Texas/24-008749-003/2024(H5N1)	1585	10446
PB2|PP755596.1|A/cattle/Texas/24-008749-003/2024(H5N1)	1586	10597
PB2|PP755596.1|A/cattle/Texas/24-008749-003/2024(H5N1)	1587	11218
PB2|PP755596.1|A/cattle/Texas/24-008749-003/2024(H5N1)	1588	11282
PB2|PP755596.1|A/cattle/Texas/24-008749-003/2024(H5N1)	1589	11508
PB2|PP755596.1|A/cattle/Texas/24-008749-003/2024(H5N1)	1590	11449
PB2|PP755596.1|A/cattle/Texas/24-008749-003/2024(H5N1)	1591	11448
PB2|PP755596.1|A/cattle/Texas/24-008749-003/2024(H5N1)	1592	11428
PB2|PP755596.1|A/cattle/Texas/24-008749-003/2024(H5N1)	1593	11525
PB2|PP755596.1|A/cattle/Texas/24-008749-003/2024(H5N1)	1594	11545
PB2|PP755596.1|A/cattle/Texas/24-008749-003/2024(H5N1)	1595	11953
PB2|PP755596.1|A/cattle/Texas/24-008749-003/2024(H5N1)	1596	11509
PB2|PP755596.1|A/cattle/Texas/24-008749-003/2024(H5N1)	1597	11445
PB2|PP755596.1|A/cattle/Texas/24-008749-003/2024(H5N1)	1598	11203
PB2|PP755596.1|A/cattle/Texas/24-008749-003/2024(H5N1)	1599	11202
PB2|PP755596.1|A/cattle/Texas/24-008749-003/2024(H5N1)	1600	11675
PB2|PP755596.1|A/cattle/Texas/24-008749-003/2024(H5N1)	1601	11755
PB2|PP755596.1|A/cattle/Texas/24-008749-003/2024(H5N1)	1602	11623
PB2|PP755596.1|A/cattle/Texas/24-008749-003/2024(H5N1)	1603	11699
PB2|PP755596.1|A/cattle/Texas/24-008749-003/2024(H5N1)	1604	11960
PB2|PP755596.1|A/cattle/Texas/24-008749-003/2024(H5N1)	1605	11924
PB2|PP755596.1|A/cattle/Texas/24-008749-003/2024(H5N1)	1606	11976
PB2|PP755596.1|A/cattle/Texas/24-008749-003/2024(H5N1)	1607	11835
PB2|PP755596.1|A/cattle/Texas/24-008749-003/2024(H5N1)	1608	11909
PB2|PP755596.1|A/cattle/Texas/24-008749-003/2024(H5N1)	1609	11033
PB2|PP755596.1|A/cattle/Texas/24-008749-003/2024(H5N1)	1610	10934
PB2|PP755596.1|A/cattle/Texas/24-008749-003/2024(H5N1)	1611	11157
PB2|PP755596.1|A/cattle/Texas/24-008749-003/2024(H5N1)	1612	10926
PB2|PP755596.1|A/cattle/Texas/24-008749-003/2024(H5N1)	1613	10457
PB2|PP755596.1|A/cattle/Texas/24-008749-003/2024(H5N1)	1614	10803
PB2|PP755596.1|A/cattle/Texas/24-008749-003/2024(H5N1)	1615	10792
PB2|PP755596.1|A/cattle/Texas/24-008749-003/2024(H5N1)	1616	10789
PB2|PP755596.1|A/cattle/Texas/24-008749-003/2024(H5N1)	1617	11041
PB2|PP755596.1|A/cattle/Texas/24-008749-003/2024(H5N1)	1618	11005
PB2|PP755596.1|A/cattle/Texas/24-008749-003/2024(H5N1)	1619	10951
PB2|PP755596.1|A/cattle/Texas/24-008749-003/2024(H5N1)	1620	10825
PB2|PP755596.1|A/cattle/Texas/24-008749-003/2024(H5N1)	1621	10931
PB2|PP755596.1|A/cattle/Texas/24-008749-003/2024(H5N1)	1622	12216
PB2|PP755596.1|A/cattle/Texas/24-008749-003/2024(H5N1)	1623	12017
PB2|PP755596.1|A/cattle/Texas/24-008749-003/2024(H5N1)	1624	12043
PB2|PP755596.1|A/cattle/Texas/24-008749-003/2024(H5N1)	1625	12046
PB2|PP755596.1|A/cattle/Texas/24-008749-003/2024(H5N1)	1626	12339
PB2|PP755596.1|A/cattle/Texas/24-008749-003/2024(H5N1)	1627	12702
PB2|PP755596.1|A/cattle/Texas/24-008749-003/2024(H5N1)	1628	12775
PB2|PP755596.1|A/cattle/Texas/24-008749-003/2024(H5N1)	1629	12787
PB2|PP755596.1|A/cattle/Texas/24-008749-003/2024(H5N1)	1630	12794
PB2|PP755596.1|A/cattle/Texas/24-008749-003/2024(H5N1)	1631	12258
PB2|PP755596.1|A/cattle/Texas/24-008749-003/2024(H5N1)	1632	12271
PB2|PP755596.1|A/cattle/Texas/24-008749-003/2024(H5N1)	1633	13551
PB2|PP755596.1|A/cattle/Texas/24-008749-003/2024(H5N1)	1634	13584
PB2|PP755596.1|A/cattle/Texas/24-008749-003/2024(H5N1)	1635	13599
PB2|PP755596.1|A/cattle/Texas/24-008749-003/2024(H5N1)	1636	13472
PB2|PP755596.1|A/cattle/Texas/24-008749-003/2024(H5N1)	1637	13391
PB2|PP755596.1|A/cattle/Texas/24-008749-003/2024(H5N1)	1638	15047
PB2|PP755596.1|A/cattle/Texas/24-008749-003/2024(H5N1)	1639	15092
PB2|PP755596.1|A/cattle/Texas/24-008749-003/2024(H5N1)	1640	15091
PB2|PP755596.1|A/cattle/Texas/24-008749-003/2024(H5N1)	1641	15113
PB2|PP755596.1|A/cattle/Texas/24-008749-003/2024(H5N1)	1642	14567
PB2|PP755596.1|A/cattle/Texas/24-008749-003/2024(H5N1)	1643	16063
PB2|PP755596.1|A/cattle/Texas/24-008749-003/2024(H5N1)	1644	16075
PB2|PP755596.1|A/cattle/Texas/24-008749-003/2024(H5N1)	1645	16405
PB2|PP755596.1|A/cattle/Texas/24-008749-003/2024(H5N1)	1646	16472
PB2|PP755596.1|A/cattle/Texas/24-008749-003/2024(H5N1)	1647	15483
PB2|PP755596.1|A/cattle/Texas/24-008749-003/2024(H5N1)	1648	15538
PB2|PP755596.1|A/cattle/Texas/24-008749-003/2024(H5N1)	1649	15545
PB2|PP755596.1|A/cattle/Texas/24-008749-003/2024(H5N1)	1650	15594
PB2|PP755596.1|A/cattle/Texas/24-008749-003/2024(H5N1)	1651	15594
PB2|PP755596.1|A/cattle/Texas/24-008749-003/2024(H5N1)	1652	14782
PB2|PP755596.1|A/cattle/Texas/24-008749-003/2024(H5N1)	1653	14986
PB2|PP755596.1|A/cattle/Texas/24-008749-003/2024(H5N1)	1654	14766
PB2|PP755596.1|A/cattle/Texas/24-008749-003/2024(H5N1)	1655	14765
PB2|PP755596.1|A/cattle/Texas/24-008749-003/2024(H5N1)	1656	14790
PB2|PP755596.1|A/cattle/Texas/24-008749-003/2024(H5N1)	1657	14719
PB2|PP755596.1|A/cattle/Texas/24-008749-003/2024(H5N1)	1658	14721
PB2|PP755596.1|A/cattle/Texas/24-008749-003/2024(H5N1)	1659	14685
PB2|PP755596.1|A/cattle/Texas/24-008749-003/2024(H5N1)	1660	15114
PB2|PP755596.1|A/cattle/Texas/24-008749-003/2024(H5N1)	1661	15120
PB2|PP755596.1|A/cattle/Texas/24-008749-003/2024(H5N1)	1662	15080
PB2|PP755596.1|A/cattle/Texas/24-008749-003/2024(H5N1)	1663	14998
PB2|PP755596.1|A/cattle/Texas/24-008749-003/2024(H5N1)	1664	15019
PB2|PP755596.1|A/cattle/Texas/24-008749-003/2024(H5N1)	1665	15005
PB2|PP755596.1|A/cattle/Texas/24-008749-003/2024(H5N1)	1666	15023
PB2|PP755596.1|A/cattle/Texas/24-008749-003/2024(H5N1)	1667	15015
PB2|PP755596.1|A/cattle/Texas/24-008749-003/2024(H5N1)	1668	15399
PB2|PP755596.1|A/cattle/Texas/24-008749-003/2024(H5N1)	1669	15071
PB2|PP755596.1|A/cattle/Texas/24-008749-003/2024(H5N1)	1670	15114
PB2|PP755596.1|A/cattle/Texas/24-008749-003/2024(H5N1)	1671	15108
PB2|PP755596.1|A/cattle/Texas/24-008749-003/2024(H5N1)	1672	15109
PB2|PP755596.1|A/cattle/Texas/24-008749-003/2024(H5N1)	1673	15098
PB2|PP755596.1|A/cattle/Texas/24-008749-003/2024(H5N1)	1674	15096
PB2|PP755596.1|A/cattle/Texas/24-008749-003/2024(H5N1)	1675	15083
PB2|PP755596.1|A/cattle/Texas/24-008749-003/2024(H5N1)	1676	15292
PB2|PP755596.1|A/cattle/Texas/24-008749-003/2024(H5N1)	1677	14942
PB2|PP755596.1|A/cattle/Texas/24-008749-003/2024(H5N1)	1678	15080
PB2|PP755596.1|A/cattle/Texas/24-008749-003/2024(H5N1)	1679	15054
PB2|PP755596.1|A/cattle/Texas/24-008749-003/2024(H5N1)	1680	15044
PB2|PP755596.1|A/cattle/Texas/24-008749-003/2024(H5N1)	1681	15068
PB2|PP755596.1|A/cattle/Texas/24-008749-003/2024(H5N1)	1682	15080
PB2|PP755596.1|A/cattle/Texas/24-008749-003/2024(H5N1)	1683	15082
PB2|PP755596.1|A/cattle/Texas/24-008749-003/2024(H5N1)	1684	15166
PB2|PP755596.1|A/cattle/Texas/24-008749-003/2024(H5N1)	1685	15027
PB2|PP755596.1|A/cattle/Texas/24-008749-003/2024(H5N1)	1686	14987
PB2|PP755596.1|A/cattle/Texas/24-008749-003/2024(H5N1)	1687	14977
PB2|PP755596.1|A/cattle/Texas/24-008749-003/2024(H5N1)	1688	14915
PB2|PP755596.1|A/cattle/Texas/24-008749-003/2024(H5N1)	1689	14931
PB2|PP755596.1|A/cattle/Texas/24-008749-003/2024(H5N1)	1690	14931
PB2|PP755596.1|A/cattle/Texas/24-008749-003/2024(H5N1)	1691	15610
PB2|PP755596.1|A/cattle/Texas/24-008749-003/2024(H5N1)	1692	15720
PB2|PP755596.1|A/cattle/Texas/24-008749-003/2024(H5N1)	1693	15982
PB2|PP755596.1|A/cattle/Texas/24-008749-003/2024(H5N1)	1694	16037
PB2|PP755596.1|A/cattle/Texas/24-008749-003/2024(H5N1)	1695	16037
PB2|PP755596.1|A/cattle/Texas/24-008749-003/2024(H5N1)	1696	16040
PB2|PP755596.1|A/cattle/Texas/24-008749-003/2024(H5N1)	1697	16033
PB2|PP755596.1|A/cattle/Texas/24-008749-003/2024(H5N1)	1698	16120
PB2|PP755596.1|A/cattle/Texas/24-008749-003/2024(H5N1)	1699	16128
PB2|PP755596.1|A/cattle/Texas/24-008749-003/2024(H5N1)	1700	15454
PB2|PP755596.1|A/cattle/Texas/24-008749-003/2024(H5N1)	1701	15577
PB2|PP755596.1|A/cattle/Texas/24-008749-003/2024(H5N1)	1702	15009
PB2|PP755596.1|A/cattle/Texas/24-008749-003/2024(H5N1)	1703	15533
PB2|PP755596.1|A/cattle/Texas/24-008749-003/2024(H5N1)	1704	15504
PB2|PP755596.1|A/cattle/Texas/24-008749-003/2024(H5N1)	1705	15424
PB2|PP755596.1|A/cattle/Texas/24-008749-003/2024(H5N1)	1706	15388
PB2|PP755596.1|A/cattle/Texas/24-008749-003/2024(H5N1)	1707	15214
PB2|PP755596.1|A/cattle/Texas/24-008749-003/2024(H5N1)	1708	15663
PB2|PP755596.1|A/cattle/Texas/24-008749-003/2024(H5N1)	1709	15478
PB2|PP755596.1|A/cattle/Texas/24-008749-003/2024(H5N1)	1710	15366
PB2|PP755596.1|A/cattle/Texas/24-008749-003/2024(H5N1)	1711	15300
PB2|PP755596.1|A/cattle/Texas/24-008749-003/2024(H5N1)	1712	14312
PB2|PP755596.1|A/cattle/Texas/24-008749-003/2024(H5N1)	1713	14491
PB2|PP755596.1|A/cattle/Texas/24-008749-003/2024(H5N1)	1714	14453
PB2|PP755596.1|A/cattle/Texas/24-008749-003/2024(H5N1)	1715	14421
PB2|PP755596.1|A/cattle/Texas/24-008749-003/2024(H5N1)	1716	14443
PB2|PP755596.1|A/cattle/Texas/24-008749-003/2024(H5N1)	1717	13703
PB2|PP755596.1|A/cattle/Texas/24-008749-003/2024(H5N1)	1718	13773
PB2|PP755596.1|A/cattle/Texas/24-008749-003/2024(H5N1)	1719	13359
PB2|PP755596.1|A/cattle/Texas/24-008749-003/2024(H5N1)	1720	13381
PB2|PP755596.1|A/cattle/Texas/24-008749-003/2024(H5N1)	1721	13363
PB2|PP755596.1|A/cattle/Texas/24-008749-003/2024(H5N1)	1722	13159
PB2|PP755596.1|A/cattle/Texas/24-008749-003/2024(H5N1)	1723	13137
PB2|PP755596.1|A/cattle/Texas/24-008749-003/2024(H5N1)	1724	13080
PB2|PP755596.1|A/cattle/Texas/24-008749-003/2024(H5N1)	1725	12990
PB2|PP755596.1|A/cattle/Texas/24-008749-003/2024(H5N1)	1726	13230
PB2|PP755596.1|A/cattle/Texas/24-008749-003/2024(H5N1)	1727	13101
PB2|PP755596.1|A/cattle/Texas/24-008749-003/2024(H5N1)	1728	13801
PB2|PP755596.1|A/cattle/Texas/24-008749-003/2024(H5N1)	1729	13703
PB2|PP755596.1|A/cattle/Texas/24-008749-003/2024(H5N1)	1730	13691
PB2|PP755596.1|A/cattle/Texas/24-008749-003/2024(H5N1)	1731	13469
PB2|PP755596.1|A/cattle/Texas/24-008749-003/2024(H5N1)	1732	13537
PB2|PP755596.1|A/cattle/Texas/24-008749-003/2024(H5N1)	1733	13906
PB2|PP755596.1|A/cattle/Texas/24-008749-003/2024(H5N1)	1734	13914
PB2|PP755596.1|A/cattle/Texas/24-008749-003/2024(H5N1)	1735	13981
PB2|PP755596.1|A/cattle/Texas/24-008749-003/2024(H5N1)	1736	13857
PB2|PP755596.1|A/cattle/Texas/24-008749-003/2024(H5N1)	1737	14400
PB2|PP755596.1|A/cattle/Texas/24-008749-003/2024(H5N1)	1738	14451
PB2|PP755596.1|A/cattle/Texas/24-008749-003/2024(H5N1)	1739	14462
PB2|PP755596.1|A/cattle/Texas/24-008749-003/2024(H5N1)	1740	14419
PB2|PP755596.1|A/cattle/Texas/24-008749-003/2024(H5N1)	1741	14397
PB2|PP755596.1|A/cattle/Texas/24-008749-003/2024(H5N1)	1742	14270
PB2|PP755596.1|A/cattle/Texas/24-008749-003/2024(H5N1)	1743	14341
PB2|PP755596.1|A/cattle/Texas/24-008749-003/2024(H5N1)	1744	14365
PB2|PP755596.1|A/cattle/Texas/24-008749-003/2024(H5N1)	1745	14610
PB2|PP755596.1|A/cattle/Texas/24-008749-003/2024(H5N1)	1746	13961
PB2|PP755596.1|A/cattle/Texas/24-008749-003/2024(H5N1)	1747	13906
PB2|PP755596.1|A/cattle/Texas/24-008749-003/2024(H5N1)	1748	13868
PB2|PP755596.1|A/cattle/Texas/24-008749-003/2024(H5N1)	1749	13945
PB2|PP755596.1|A/cattle/Texas/24-008749-003/2024(H5N1)	1750	14021
PB2|PP755596.1|A/cattle/Texas/24-008749-003/2024(H5N1)	1751	13883
PB2|PP755596.1|A/cattle/Texas/24-008749-003/2024(H5N1)	1752	14869
PB2|PP755596.1|A/cattle/Texas/24-008749-003/2024(H5N1)	1753	14742
PB2|PP755596.1|A/cattle/Texas/24-008749-003/2024(H5N1)	1754	14361
PB2|PP755596.1|A/cattle/Texas/24-008749-003/2024(H5N1)	1755	14356
PB2|PP755596.1|A/cattle/Texas/24-008749-003/2024(H5N1)	1756	14297
PB2|PP755596.1|A/cattle/Texas/24-008749-003/2024(H5N1)	1757	14302
PB2|PP755596.1|A/cattle/Texas/24-008749-003/2024(H5N1)	1758	14272
PB2|PP755596.1|A/cattle/Texas/24-008749-003/2024(H5N1)	1759	14208
PB2|PP755596.1|A/cattle/Texas/24-008749-003/2024(H5N1)	1760	14103
PB2|PP755596.1|A/cattle/Texas/24-008749-003/2024(H5N1)	1761	12606
PB2|PP755596.1|A/cattle/Texas/24-008749-003/2024(H5N1)	1762	12696
PB2|PP755596.1|A/cattle/Texas/24-008749-003/2024(H5N1)	1763	12728
PB2|PP755596.1|A/cattle/Texas/24-008749-003/2024(H5N1)	1764	12655
PB2|PP755596.1|A/cattle/Texas/24-008749-003/2024(H5N1)	1765	12629
PB2|PP755596.1|A/cattle/Texas/24-008749-003/2024(H5N1)	1766	12739
PB2|PP755596.1|A/cattle/Texas/24-008749-003/2024(H5N1)	1767	12745
PB2|PP755596.1|A/cattle/Texas/24-008749-003/2024(H5N1)	1768	14088
PB2|PP755596.1|A/cattle/Texas/24-008749-003/2024(H5N1)	1769	14179
PB2|PP755596.1|A/cattle/Texas/24-008749-003/2024(H5N1)	1770	13962
PB2|PP755596.1|A/cattle/Texas/24-008749-003/2024(H5N1)	1771	13859
PB2|PP755596.1|A/cattle/Texas/24-008749-003/2024(H5N1)	1772	13796
PB2|PP755596.1|A/cattle/Texas/24-008749-003/2024(H5N1)	1773	13959
PB2|PP755596.1|A/cattle/Texas/24-008749-003/2024(H5N1)	1774	13996
PB2|PP755596.1|A/cattle/Texas/24-008749-003/2024(H5N1)	1775	13793
PB2|PP755596.1|A/cattle/Texas/24-008749-003/2024(H5N1)	1776	13911
PB2|PP755596.1|A/cattle/Texas/24-008749-003/2024(H5N1)	1777	10361
PB2|PP755596.1|A/cattle/Texas/24-008749-003/2024(H5N1)	1778	10403
PB2|PP755596.1|A/cattle/Texas/24-008749-003/2024(H5N1)	1779	10116
PB2|PP755596.1|A/cattle/Texas/24-008749-003/2024(H5N1)	1780	10027
PB2|PP755596.1|A/cattle/Texas/24-008749-003/2024(H5N1)	1781	10004
PB2|PP755596.1|A/cattle/Texas/24-008749-003/2024(H5N1)	1782	8983
PB2|PP755596.1|A/cattle/Texas/24-008749-003/2024(H5N1)	1783	8219
PB2|PP755596.1|A/cattle/Texas/24-008749-003/2024(H5N1)	1784	8146
PB2|PP755596.1|A/cattle/Texas/24-008749-003/2024(H5N1)	1785	7872
PB2|PP755596.1|A/cattle/Texas/24-008749-003/2024(H5N1)	1786	7867
PB2|PP755596.1|A/cattle/Texas/24-008749-003/2024(H5N1)	1787	7594
PB2|PP755596.1|A/cattle/Texas/24-008749-003/2024(H5N1)	1788	7596
PB2|PP755596.1|A/cattle/Texas/24-008749-003/2024(H5N1)	1789	7194
PB2|PP755596.1|A/cattle/Texas/24-008749-003/2024(H5N1)	1790	7324
PB2|PP755596.1|A/cattle/Texas/24-008749-003/2024(H5N1)	1791	7325
PB2|PP755596.1|A/cattle/Texas/24-008749-003/2024(H5N1)	1792	7381
PB2|PP755596.1|A/cattle/Texas/24-008749-003/2024(H5N1)	1793	7583
PB2|PP755596.1|A/cattle/Texas/24-008749-003/2024(H5N1)	1794	7549
PB2|PP755596.1|A/cattle/Texas/24-008749-003/2024(H5N1)	1795	7795
PB2|PP755596.1|A/cattle/Texas/24-008749-003/2024(H5N1)	1796	7783
PB2|PP755596.1|A/cattle/Texas/24-008749-003/2024(H5N1)	1797	7952
PB2|PP755596.1|A/cattle/Texas/24-008749-003/2024(H5N1)	1798	7953
PB2|PP755596.1|A/cattle/Texas/24-008749-003/2024(H5N1)	1799	7954
PB2|PP755596.1|A/cattle/Texas/24-008749-003/2024(H5N1)	1800	7949
PB2|PP755596.1|A/cattle/Texas/24-008749-003/2024(H5N1)	1801	7970
PB2|PP755596.1|A/cattle/Texas/24-008749-003/2024(H5N1)	1802	7877
PB2|PP755596.1|A/cattle/Texas/24-008749-003/2024(H5N1)	1803	7885
PB2|PP755596.1|A/cattle/Texas/24-008749-003/2024(H5N1)	1804	7878
PB2|PP755596.1|A/cattle/Texas/24-008749-003/2024(H5N1)	1805	7827
PB2|PP755596.1|A/cattle/Texas/24-008749-003/2024(H5N1)	1806	7827
PB2|PP755596.1|A/cattle/Texas/24-008749-003/2024(H5N1)	1807	7839
PB2|PP755596.1|A/cattle/Texas/24-008749-003/2024(H5N1)	1808	8138
PB2|PP755596.1|A/cattle/Texas/24-008749-003/2024(H5N1)	1809	8143
PB2|PP755596.1|A/cattle/Texas/24-008749-003/2024(H5N1)	1810	8149
PB2|PP755596.1|A/cattle/Texas/24-008749-003/2024(H5N1)	1811	8179
PB2|PP755596.1|A/cattle/Texas/24-008749-003/2024(H5N1)	1812	8213
PB2|PP755596.1|A/cattle/Texas/24-008749-003/2024(H5N1)	1813	8236
PB2|PP755596.1|A/cattle/Texas/24-008749-003/2024(H5N1)	1814	8325
PB2|PP755596.1|A/cattle/Texas/24-008749-003/2024(H5N1)	1815	8313
PB2|PP755596.1|A/cattle/Texas/24-008749-003/2024(H5N1)	1816	8399
PB2|PP755596.1|A/cattle/Texas/24-008749-003/2024(H5N1)	1817	8249
PB2|PP755596.1|A/cattle/Texas/24-008749-003/2024(H5N1)	1818	8524
PB2|PP755596.1|A/cattle/Texas/24-008749-003/2024(H5N1)	1819	8526
PB2|PP755596.1|A/cattle/Texas/24-008749-003/2024(H5N1)	1820	8512
PB2|PP755596.1|A/cattle/Texas/24-008749-003/2024(H5N1)	1821	8493
PB2|PP755596.1|A/cattle/Texas/24-008749-003/2024(H5N1)	1822	8465
PB2|PP755596.1|A/cattle/Texas/24-008749-003/2024(H5N1)	1823	8553
PB2|PP755596.1|A/cattle/Texas/24-008749-003/2024(H5N1)	1824	8460
PB2|PP755596.1|A/cattle/Texas/24-008749-003/2024(H5N1)	1825	8510
PB2|PP755596.1|A/cattle/Texas/24-008749-003/2024(H5N1)	1826	8661
PB2|PP755596.1|A/cattle/Texas/24-008749-003/2024(H5N1)	1827	9012
PB2|PP755596.1|A/cattle/Texas/24-008749-003/2024(H5N1)	1828	9004
PB2|PP755596.1|A/cattle/Texas/24-008749-003/2024(H5N1)	1829	9008
PB2|PP755596.1|A/cattle/Texas/24-008749-003/2024(H5N1)	1830	9009
PB2|PP755596.1|A/cattle/Texas/24-008749-003/2024(H5N1)	1831	9019
PB2|PP755596.1|A/cattle/Texas/24-008749-003/2024(H5N1)	1832	9122
PB2|PP755596.1|A/cattle/Texas/24-008749-003/2024(H5N1)	1833	9123
PB2|PP755596.1|A/cattle/Texas/24-008749-003/2024(H5N1)	1834	9005
PB2|PP755596.1|A/cattle/Texas/24-008749-003/2024(H5N1)	1835	9168
PB2|PP755596.1|A/cattle/Texas/24-008749-003/2024(H5N1)	1836	8589
PB2|PP755596.1|A/cattle/Texas/24-008749-003/2024(H5N1)	1837	9279
PB2|PP755596.1|A/cattle/Texas/24-008749-003/2024(H5N1)	1838	9276
PB2|PP755596.1|A/cattle/Texas/24-008749-003/2024(H5N1)	1839	9282
PB2|PP755596.1|A/cattle/Texas/24-008749-003/2024(H5N1)	1840	9286
PB2|PP755596.1|A/cattle/Texas/24-008749-003/2024(H5N1)	1841	9140
PB2|PP755596.1|A/cattle/Texas/24-008749-003/2024(H5N1)	1842	9181
PB2|PP755596.1|A/cattle/Texas/24-008749-003/2024(H5N1)	1843	9184
PB2|PP755596.1|A/cattle/Texas/24-008749-003/2024(H5N1)	1844	9284
PB2|PP755596.1|A/cattle/Texas/24-008749-003/2024(H5N1)	1845	9213
PB2|PP755596.1|A/cattle/Texas/24-008749-003/2024(H5N1)	1846	8785
PB2|PP755596.1|A/cattle/Texas/24-008749-003/2024(H5N1)	1847	8788
PB2|PP755596.1|A/cattle/Texas/24-008749-003/2024(H5N1)	1848	8781
PB2|PP755596.1|A/cattle/Texas/24-008749-003/2024(H5N1)	1849	8785
PB2|PP755596.1|A/cattle/Texas/24-008749-003/2024(H5N1)	1850	8798
PB2|PP755596.1|A/cattle/Texas/24-008749-003/2024(H5N1)	1851	8771
PB2|PP755596.1|A/cattle/Texas/24-008749-003/2024(H5N1)	1852	8999
PB2|PP755596.1|A/cattle/Texas/24-008749-003/2024(H5N1)	1853	8745
PB2|PP755596.1|A/cattle/Texas/24-008749-003/2024(H5N1)	1854	8742
PB2|PP755596.1|A/cattle/Texas/24-008749-003/2024(H5N1)	1855	8750
PB2|PP755596.1|A/cattle/Texas/24-008749-003/2024(H5N1)	1856	8745
PB2|PP755596.1|A/cattle/Texas/24-008749-003/2024(H5N1)	1857	8915
PB2|PP755596.1|A/cattle/Texas/24-008749-003/2024(H5N1)	1858	8921
PB2|PP755596.1|A/cattle/Texas/24-008749-003/2024(H5N1)	1859	9043
PB2|PP755596.1|A/cattle/Texas/24-008749-003/2024(H5N1)	1860	9106
PB2|PP755596.1|A/cattle/Texas/24-008749-003/2024(H5N1)	1861	8808
PB2|PP755596.1|A/cattle/Texas/24-008749-003/2024(H5N1)	1862	8824
PB2|PP755596.1|A/cattle/Texas/24-008749-003/2024(H5N1)	1863	8817
PB2|PP755596.1|A/cattle/Texas/24-008749-003/2024(H5N1)	1864	8839
PB2|PP755596.1|A/cattle/Texas/24-008749-003/2024(H5N1)	1865	8920
PB2|PP755596.1|A/cattle/Texas/24-008749-003/2024(H5N1)	1866	8705
PB2|PP755596.1|A/cattle/Texas/24-008749-003/2024(H5N1)	1867	8713
PB2|PP755596.1|A/cattle/Texas/24-008749-003/2024(H5N1)	1868	8529
PB2|PP755596.1|A/cattle/Texas/24-008749-003/2024(H5N1)	1869	8414
PB2|PP755596.1|A/cattle/Texas/24-008749-003/2024(H5N1)	1870	8455
PB2|PP755596.1|A/cattle/Texas/24-008749-003/2024(H5N1)	1871	8408
PB2|PP755596.1|A/cattle/Texas/24-008749-003/2024(H5N1)	1872	8418
PB2|PP755596.1|A/cattle/Texas/24-008749-003/2024(H5N1)	1873	8380
PB2|PP755596.1|A/cattle/Texas/24-008749-003/2024(H5N1)	1874	8331
PB2|PP755596.1|A/cattle/Texas/24-008749-003/2024(H5N1)	1875	8323
PB2|PP755596.1|A/cattle/Texas/24-008749-003/2024(H5N1)	1876	8331
PB2|PP755596.1|A/cattle/Texas/24-008749-003/2024(H5N1)	1877	8302
PB2|PP755596.1|A/cattle/Texas/24-008749-003/2024(H5N1)	1878	8295
PB2|PP755596.1|A/cattle/Texas/24-008749-003/2024(H5N1)	1879	8504
PB2|PP755596.1|A/cattle/Texas/24-008749-003/2024(H5N1)	1880	8481
PB2|PP755596.1|A/cattle/Texas/24-008749-003/2024(H5N1)	1881	8528
PB2|PP755596.1|A/cattle/Texas/24-008749-003/2024(H5N1)	1882	8528
PB2|PP755596.1|A/cattle/Texas/24-008749-003/2024(H5N1)	1883	8419
PB2|PP755596.1|A/cattle/Texas/24-008749-003/2024(H5N1)	1884	8431
PB2|PP755596.1|A/cattle/Texas/24-008749-003/2024(H5N1)	1885	8369
PB2|PP755596.1|A/cattle/Texas/24-008749-003/2024(H5N1)	1886	8386
PB2|PP755596.1|A/cattle/Texas/24-008749-003/2024(H5N1)	1887	8385
PB2|PP755596.1|A/cattle/Texas/24-008749-003/2024(H5N1)	1888	7718
PB2|PP755596.1|A/cattle/Texas/24-008749-003/2024(H5N1)	1889	7714
PB2|PP755596.1|A/cattle/Texas/24-008749-003/2024(H5N1)	1890	7614
PB2|PP755596.1|A/cattle/Texas/24-008749-003/2024(H5N1)	1891	7738
PB2|PP755596.1|A/cattle/Texas/24-008749-003/2024(H5N1)	1892	7502
PB2|PP755596.1|A/cattle/Texas/24-008749-003/2024(H5N1)	1893	7533
PB2|PP755596.1|A/cattle/Texas/24-008749-003/2024(H5N1)	1894	7578
PB2|PP755596.1|A/cattle/Texas/24-008749-003/2024(H5N1)	1895	7434
PB2|PP755596.1|A/cattle/Texas/24-008749-003/2024(H5N1)	1896	7514
PB2|PP755596.1|A/cattle/Texas/24-008749-003/2024(H5N1)	1897	7481
PB2|PP755596.1|A/cattle/Texas/24-008749-003/2024(H5N1)	1898	7952
PB2|PP755596.1|A/cattle/Texas/24-008749-003/2024(H5N1)	1899	8101
PB2|PP755596.1|A/cattle/Texas/24-008749-003/2024(H5N1)	1900	7810
PB2|PP755596.1|A/cattle/Texas/24-008749-003/2024(H5N1)	1901	8289
PB2|PP755596.1|A/cattle/Texas/24-008749-003/2024(H5N1)	1902	8436
PB2|PP755596.1|A/cattle/Texas/24-008749-003/2024(H5N1)	1903	8304
PB2|PP755596.1|A/cattle/Texas/24-008749-003/2024(H5N1)	1904	9317
PB2|PP755596.1|A/cattle/Texas/24-008749-003/2024(H5N1)	1905	9143
PB2|PP755596.1|A/cattle/Texas/24-008749-003/2024(H5N1)	1906	9302
PB2|PP755596.1|A/cattle/Texas/24-008749-003/2024(H5N1)	1907	9163
PB2|PP755596.1|A/cattle/Texas/24-008749-003/2024(H5N1)	1908	9837
PB2|PP755596.1|A/cattle/Texas/24-008749-003/2024(H5N1)	1909	9879
PB2|PP755596.1|A/cattle/Texas/24-008749-003/2024(H5N1)	1910	10537
PB2|PP755596.1|A/cattle/Texas/24-008749-003/2024(H5N1)	1911	10470
PB2|PP755596.1|A/cattle/Texas/24-008749-003/2024(H5N1)	1912	11028
PB2|PP755596.1|A/cattle/Texas/24-008749-003/2024(H5N1)	1913	10831
PB2|PP755596.1|A/cattle/Texas/24-008749-003/2024(H5N1)	1914	11811
PB2|PP755596.1|A/cattle/Texas/24-008749-003/2024(H5N1)	1915	11866
PB2|PP755596.1|A/cattle/Texas/24-008749-003/2024(H5N1)	1916	12060
PB2|PP755596.1|A/cattle/Texas/24-008749-003/2024(H5N1)	1917	12076
PB2|PP755596.1|A/cattle/Texas/24-008749-003/2024(H5N1)	1918	12124
PB2|PP755596.1|A/cattle/Texas/24-008749-003/2024(H5N1)	1919	11755
PB2|PP755596.1|A/cattle/Texas/24-008749-003/2024(H5N1)	1920	11795
PB2|PP755596.1|A/cattle/Texas/24-008749-003/2024(H5N1)	1921	11620
PB2|PP755596.1|A/cattle/Texas/24-008749-003/2024(H5N1)	1922	11661
PB2|PP755596.1|A/cattle/Texas/24-008749-003/2024(H5N1)	1923	11445
PB2|PP755596.1|A/cattle/Texas/24-008749-003/2024(H5N1)	1924	12029
PB2|PP755596.1|A/cattle/Texas/24-008749-003/2024(H5N1)	1925	13382
PB2|PP755596.1|A/cattle/Texas/24-008749-003/2024(H5N1)	1926	13456
PB2|PP755596.1|A/cattle/Texas/24-008749-003/2024(H5N1)	1927	13565
PB2|PP755596.1|A/cattle/Texas/24-008749-003/2024(H5N1)	1928	13556
PB2|PP755596.1|A/cattle/Texas/24-008749-003/2024(H5N1)	1929	13553
PB2|PP755596.1|A/cattle/Texas/24-008749-003/2024(H5N1)	1930	14117
PB2|PP755596.1|A/cattle/Texas/24-008749-003/2024(H5N1)	1931	14142
PB2|PP755596.1|A/cattle/Texas/24-008749-003/2024(H5N1)	1932	14140
PB2|PP755596.1|A/cattle/Texas/24-008749-003/2024(H5N1)	1933	14128
PB2|PP755596.1|A/cattle/Texas/24-008749-003/2024(H5N1)	1934	13861
PB2|PP755596.1|A/cattle/Texas/24-008749-003/2024(H5N1)	1935	13882
PB2|PP755596.1|A/cattle/Texas/24-008749-003/2024(H5N1)	1936	13881
PB2|PP755596.1|A/cattle/Texas/24-008749-003/2024(H5N1)	1937	14100
PB2|PP755596.1|A/cattle/Texas/24-008749-003/2024(H5N1)	1938	14099
PB2|PP755596.1|A/cattle/Texas/24-008749-003/2024(H5N1)	1939	13967
PB2|PP755596.1|A/cattle/Texas/24-008749-003/2024(H5N1)	1940	13947
PB2|PP755596.1|A/cattle/Texas/24-008749-003/2024(H5N1)	1941	14199
PB2|PP755596.1|A/cattle/Texas/24-008749-003/2024(H5N1)	1942	14233
PB2|PP755596.1|A/cattle/Texas/24-008749-003/2024(H5N1)	1943	13706
PB2|PP755596.1|A/cattle/Texas/24-008749-003/2024(H5N1)	1944	14064
PB2|PP755596.1|A/cattle/Texas/24-008749-003/2024(H5N1)	1945	14070
PB2|PP755596.1|A/cattle/Texas/24-008749-003/2024(H5N1)	1946	13808
PB2|PP755596.1|A/cattle/Texas/24-008749-003/2024(H5N1)	1947	13882
PB2|PP755596.1|A/cattle/Texas/24-008749-003/2024(H5N1)	1948	13733
PB2|PP755596.1|A/cattle/Texas/24-008749-003/2024(H5N1)	1949	13765
PB2|PP755596.1|A/cattle/Texas/24-008749-003/2024(H5N1)	1950	13685
PB2|PP755596.1|A/cattle/Texas/24-008749-003/2024(H5N1)	1951	13670
PB2|PP755596.1|A/cattle/Texas/24-008749-003/2024(H5N1)	1952	13669
PB2|PP755596.1|A/cattle/Texas/24-008749-003/2024(H5N1)	1953	13472
PB2|PP755596.1|A/cattle/Texas/24-008749-003/2024(H5N1)	1954	13338
PB2|PP755596.1|A/cattle/Texas/24-008749-003/2024(H5N1)	1955	14211
PB2|PP755596.1|A/cattle/Texas/24-008749-003/2024(H5N1)	1956	14262
PB2|PP755596.1|A/cattle/Texas/24-008749-003/2024(H5N1)	1957	14305
PB2|PP755596.1|A/cattle/Texas/24-008749-003/2024(H5N1)	1958	14478
PB2|PP755596.1|A/cattle/Texas/24-008749-003/2024(H5N1)	1959	14251
PB2|PP755596.1|A/cattle/Texas/24-008749-003/2024(H5N1)	1960	14464
PB2|PP755596.1|A/cattle/Texas/24-008749-003/2024(H5N1)	1961	14439
PB2|PP755596.1|A/cattle/Texas/24-008749-003/2024(H5N1)	1962	13804
PB2|PP755596.1|A/cattle/Texas/24-008749-003/2024(H5N1)	1963	14172
PB2|PP755596.1|A/cattle/Texas/24-008749-003/2024(H5N1)	1964	12658
PB2|PP755596.1|A/cattle/Texas/24-008749-003/2024(H5N1)	1965	13024
PB2|PP755596.1|A/cattle/Texas/24-008749-003/2024(H5N1)	1966	12971
PB2|PP755596.1|A/cattle/Texas/24-008749-003/2024(H5N1)	1967	12931
PB2|PP755596.1|A/cattle/Texas/24-008749-003/2024(H5N1)	1968	13140
PB2|PP755596.1|A/cattle/Texas/24-008749-003/2024(H5N1)	1969	13171
PB2|PP755596.1|A/cattle/Texas/24-008749-003/2024(H5N1)	1970	13417
PB2|PP755596.1|A/cattle/Texas/24-008749-003/2024(H5N1)	1971	13338
PB2|PP755596.1|A/cattle/Texas/24-008749-003/2024(H5N1)	1972	13741
PB2|PP755596.1|A/cattle/Texas/24-008749-003/2024(H5N1)	1973	13764
PB2|PP755596.1|A/cattle/Texas/24-008749-003/2024(H5N1)	1974	14157
PB2|PP755596.1|A/cattle/Texas/24-008749-003/2024(H5N1)	1975	14158
PB2|PP755596.1|A/cattle/Texas/24-008749-003/2024(H5N1)	1976	14164
PB2|PP755596.1|A/cattle/Texas/24-008749-003/2024(H5N1)	1977	14298
PB2|PP755596.1|A/cattle/Texas/24-008749-003/2024(H5N1)	1978	14241
PB2|PP755596.1|A/cattle/Texas/24-008749-003/2024(H5N1)	1979	14186
PB2|PP755596.1|A/cattle/Texas/24-008749-003/2024(H5N1)	1980	14271
PB2|PP755596.1|A/cattle/Texas/24-008749-003/2024(H5N1)	1981	14604
PB2|PP755596.1|A/cattle/Texas/24-008749-003/2024(H5N1)	1982	14862
PB2|PP755596.1|A/cattle/Texas/24-008749-003/2024(H5N1)	1983	14726
PB2|PP755596.1|A/cattle/Texas/24-008749-003/2024(H5N1)	1984	15010
PB2|PP755596.1|A/cattle/Texas/24-008749-003/2024(H5N1)	1985	15223
PB2|PP755596.1|A/cattle/Texas/24-008749-003/2024(H5N1)	1986	15223
PB2|PP755596.1|A/cattle/Texas/24-008749-003/2024(H5N1)	1987	15301
PB2|PP755596.1|A/cattle/Texas/24-008749-003/2024(H5N1)	1988	15288
PB2|PP755596.1|A/cattle/Texas/24-008749-003/2024(H5N1)	1989	15373
PB2|PP755596.1|A/cattle/Texas/24-008749-003/2024(H5N1)	1990	15080
PB2|PP755596.1|A/cattle/Texas/24-008749-003/2024(H5N1)	1991	15612
PB2|PP755596.1|A/cattle/Texas/24-008749-003/2024(H5N1)	1992	15721
PB2|PP755596.1|A/cattle/Texas/24-008749-003/2024(H5N1)	1993	15627
PB2|PP755596.1|A/cattle/Texas/24-008749-003/2024(H5N1)	1994	15612
PB2|PP755596.1|A/cattle/Texas/24-008749-003/2024(H5N1)	1995	15627
PB2|PP755596.1|A/cattle/Texas/24-008749-003/2024(H5N1)	1996	15622
PB2|PP755596.1|A/cattle/Texas/24-008749-003/2024(H5N1)	1997	15768
PB2|PP755596.1|A/cattle/Texas/24-008749-003/2024(H5N1)	1998	15697
PB2|PP755596.1|A/cattle/Texas/24-008749-003/2024(H5N1)	1999	16924
PB2|PP755596.1|A/cattle/Texas/24-008749-003/2024(H5N1)	2000	16464
PB2|PP755596.1|A/cattle/Texas/24-008749-003/2024(H5N1)	2001	16885
PB2|PP755596.1|A/cattle/Texas/24-008749-003/2024(H5N1)	2002	16970
PB2|PP755596.1|A/cattle/Texas/24-008749-003/2024(H5N1)	2003	16921
PB2|PP755596.1|A/cattle/Texas/24-008749-003/2024(H5N1)	2004	16980
PB2|PP755596.1|A/cattle/Texas/24-008749-003/2024(H5N1)	2005	16974
PB2|PP755596.1|A/cattle/Texas/24-008749-003/2024(H5N1)	2006	17149
PB2|PP755596.1|A/cattle/Texas/24-008749-003/2024(H5N1)	2007	17161
PB2|PP755596.1|A/cattle/Texas/24-008749-003/2024(H5N1)	2008	16144
PB2|PP755596.1|A/cattle/Texas/24-008749-003/2024(H5N1)	2009	16150
PB2|PP755596.1|A/cattle/Texas/24-008749-003/2024(H5N1)	2010	15993
PB2|PP755596.1|A/cattle/Texas/24-008749-003/2024(H5N1)	2011	16073
PB2|PP755596.1|A/cattle/Texas/24-008749-003/2024(H5N1)	2012	16286
PB2|PP755596.1|A/cattle/Texas/24-008749-003/2024(H5N1)	2013	16279
PB2|PP755596.1|A/cattle/Texas/24-008749-003/2024(H5N1)	2014	16311
PB2|PP755596.1|A/cattle/Texas/24-008749-003/2024(H5N1)	2015	16467
PB2|PP755596.1|A/cattle/Texas/24-008749-003/2024(H5N1)	2016	16428
PB2|PP755596.1|A/cattle/Texas/24-008749-003/2024(H5N1)	2017	16551
PB2|PP755596.1|A/cattle/Texas/24-008749-003/2024(H5N1)	2018	16577
PB2|PP755596.1|A/cattle/Texas/24-008749-003/2024(H5N1)	2019	16308
PB2|PP755596.1|A/cattle/Texas/24-008749-003/2024(H5N1)	2020	16383
PB2|PP755596.1|A/cattle/Texas/24-008749-003/2024(H5N1)	2021	16193
PB2|PP755596.1|A/cattle/Texas/24-008749-003/2024(H5N1)	2022	16149
PB2|PP755596.1|A/cattle/Texas/24-008749-003/2024(H5N1)	2023	16141
PB2|PP755596.1|A/cattle/Texas/24-008749-003/2024(H5N1)	2024	15786
PB2|PP755596.1|A/cattle/Texas/24-008749-003/2024(H5N1)	2025	15987
PB2|PP755596.1|A/cattle/Texas/24-008749-003/2024(H5N1)	2026	15941
PB2|PP755596.1|A/cattle/Texas/24-008749-003/2024(H5N1)	2027	16255
PB2|PP755596.1|A/cattle/Texas/24-008749-003/2024(H5N1)	2028	16414
PB2|PP755596.1|A/cattle/Texas/24-008749-003/2024(H5N1)	2029	16268
PB2|PP755596.1|A/cattle/Texas/24-008749-003/2024(H5N1)	2030	16266
PB2|PP755596.1|A/cattle/Texas/24-008749-003/2024(H5N1)	2031	16265
PB2|PP755596.1|A/cattle/Texas/24-008749-003/2024(H5N1)	2032	16517
PB2|PP755596.1|A/cattle/Texas/24-008749-003/2024(H5N1)	2033	17890
PB2|PP755596.1|A/cattle/Texas/24-008749-003/2024(H5N1)	2034	17709
PB2|PP755596.1|A/cattle/Texas/24-008749-003/2024(H5N1)	2035	17993
PB2|PP755596.1|A/cattle/Texas/24-008749-003/2024(H5N1)	2036	18101
PB2|PP755596.1|A/cattle/Texas/24-008749-003/2024(H5N1)	2037	18296
PB2|PP755596.1|A/cattle/Texas/24-008749-003/2024(H5N1)	2038	20792
PB2|PP755596.1|A/cattle/Texas/24-008749-003/2024(H5N1)	2039	20879
PB2|PP755596.1|A/cattle/Texas/24-008749-003/2024(H5N1)	2040	21193
PB2|PP755596.1|A/cattle/Texas/24-008749-003/2024(H5N1)	2041	21085
PB2|PP755596.1|A/cattle/Texas/24-008749-003/2024(H5N1)	2042	20623
PB2|PP755596.1|A/cattle/Texas/24-008749-003/2024(H5N1)	2043	21535
PB2|PP755596.1|A/cattle/Texas/24-008749-003/2024(H5N1)	2044	22654
PB2|PP755596.1|A/cattle/Texas/24-008749-003/2024(H5N1)	2045	23195
PB2|PP755596.1|A/cattle/Texas/24-008749-003/2024(H5N1)	2046	23401
PB2|PP755596.1|A/cattle/Texas/24-008749-003/2024(H5N1)	2047	22801
PB2|PP755596.1|A/cattle/Texas/24-008749-003/2024(H5N1)	2048	30380
PB2|PP755596.1|A/cattle/Texas/24-008749-003/2024(H5N1)	2049	30267
PB2|PP755596.1|A/cattle/Texas/24-008749-003/2024(H5N1)	2050	34431
PB2|PP755596.1|A/cattle/Texas/24-008749-003/2024(H5N1)	2051	35778
PB2|PP755596.1|A/cattle/Texas/24-008749-003/2024(H5N1)	2052	35583
PB2|PP755596.1|A/cattle/Texas/24-008749-003/2024(H5N1)	2053	41291
PB2|PP755596.1|A/cattle/Texas/24-008749-003/2024(H5N1)	2054	42060
PB2|PP755596.1|A/cattle/Texas/24-008749-003/2024(H5N1)	2055	42300
PB2|PP755596.1|A/cattle/Texas/24-008749-003/2024(H5N1)	2056	42716
PB2|PP755596.1|A/cattle/Texas/24-008749-003/2024(H5N1)	2057	42084
PB2|PP755596.1|A/cattle/Texas/24-008749-003/2024(H5N1)	2058	43062
PB2|PP755596.1|A/cattle/Texas/24-008749-003/2024(H5N1)	2059	42969
PB2|PP755596.1|A/cattle/Texas/24-008749-003/2024(H5N1)	2060	43011
PB2|PP755596.1|A/cattle/Texas/24-008749-003/2024(H5N1)	2061	43185
PB2|PP755596.1|A/cattle/Texas/24-008749-003/2024(H5N1)	2062	42185
PB2|PP755596.1|A/cattle/Texas/24-008749-003/2024(H5N1)	2063	43085
PB2|PP755596.1|A/cattle/Texas/24-008749-003/2024(H5N1)	2064	42900
PB2|PP755596.1|A/cattle/Texas/24-008749-003/2024(H5N1)	2065	43077
PB2|PP755596.1|A/cattle/Texas/24-008749-003/2024(H5N1)	2066	43107
PB2|PP755596.1|A/cattle/Texas/24-008749-003/2024(H5N1)	2067	42940
PB2|PP755596.1|A/cattle/Texas/24-008749-003/2024(H5N1)	2068	48404
PB2|PP755596.1|A/cattle/Texas/24-008749-003/2024(H5N1)	2069	48228
PB2|PP755596.1|A/cattle/Texas/24-008749-003/2024(H5N1)	2070	48770
PB2|PP755596.1|A/cattle/Texas/24-008749-003/2024(H5N1)	2071	48778
PB2|PP755596.1|A/cattle/Texas/24-008749-003/2024(H5N1)	2072	48612
PB2|PP755596.1|A/cattle/Texas/24-008749-003/2024(H5N1)	2073	48435
PB2|PP755596.1|A/cattle/Texas/24-008749-003/2024(H5N1)	2074	48413
PB2|PP755596.1|A/cattle/Texas/24-008749-003/2024(H5N1)	2075	48459
PB2|PP755596.1|A/cattle/Texas/24-008749-003/2024(H5N1)	2076	48182
PB2|PP755596.1|A/cattle/Texas/24-008749-003/2024(H5N1)	2077	47993
PB2|PP755596.1|A/cattle/Texas/24-008749-003/2024(H5N1)	2078	47819
PB2|PP755596.1|A/cattle/Texas/24-008749-003/2024(H5N1)	2079	47807
PB2|PP755596.1|A/cattle/Texas/24-008749-003/2024(H5N1)	2080	48208
PB2|PP755596.1|A/cattle/Texas/24-008749-003/2024(H5N1)	2081	48426
PB2|PP755596.1|A/cattle/Texas/24-008749-003/2024(H5N1)	2082	48742
PB2|PP755596.1|A/cattle/Texas/24-008749-003/2024(H5N1)	2083	48701
PB2|PP755596.1|A/cattle/Texas/24-008749-003/2024(H5N1)	2084	48568
PB2|PP755596.1|A/cattle/Texas/24-008749-003/2024(H5N1)	2085	48730
PB2|PP755596.1|A/cattle/Texas/24-008749-003/2024(H5N1)	2086	48708
PB2|PP755596.1|A/cattle/Texas/24-008749-003/2024(H5N1)	2087	48643
PB2|PP755596.1|A/cattle/Texas/24-008749-003/2024(H5N1)	2088	48795
PB2|PP755596.1|A/cattle/Texas/24-008749-003/2024(H5N1)	2089	48737
PB2|PP755596.1|A/cattle/Texas/24-008749-003/2024(H5N1)	2090	48515
PB2|PP755596.1|A/cattle/Texas/24-008749-003/2024(H5N1)	2091	48685
PB2|PP755596.1|A/cattle/Texas/24-008749-003/2024(H5N1)	2092	48664
PB2|PP755596.1|A/cattle/Texas/24-008749-003/2024(H5N1)	2093	48695
PB2|PP755596.1|A/cattle/Texas/24-008749-003/2024(H5N1)	2094	48587
PB2|PP755596.1|A/cattle/Texas/24-008749-003/2024(H5N1)	2095	48365
PB2|PP755596.1|A/cattle/Texas/24-008749-003/2024(H5N1)	2096	48629
PB2|PP755596.1|A/cattle/Texas/24-008749-003/2024(H5N1)	2097	48627
PB2|PP755596.1|A/cattle/Texas/24-008749-003/2024(H5N1)	2098	49306
PB2|PP755596.1|A/cattle/Texas/24-008749-003/2024(H5N1)	2099	49410
PB2|PP755596.1|A/cattle/Texas/24-008749-003/2024(H5N1)	2100	49640
PB2|PP755596.1|A/cattle/Texas/24-008749-003/2024(H5N1)	2101	50040
PB2|PP755596.1|A/cattle/Texas/24-008749-003/2024(H5N1)	2102	50014
PB2|PP755596.1|A/cattle/Texas/24-008749-003/2024(H5N1)	2103	50509
PB2|PP755596.1|A/cattle/Texas/24-008749-003/2024(H5N1)	2104	50359
PB2|PP755596.1|A/cattle/Texas/24-008749-003/2024(H5N1)	2105	50235
PB2|PP755596.1|A/cattle/Texas/24-008749-003/2024(H5N1)	2106	50266
PB2|PP755596.1|A/cattle/Texas/24-008749-003/2024(H5N1)	2107	50192
PB2|PP755596.1|A/cattle/Texas/24-008749-003/2024(H5N1)	2108	50505
PB2|PP755596.1|A/cattle/Texas/24-008749-003/2024(H5N1)	2109	50438
PB2|PP755596.1|A/cattle/Texas/24-008749-003/2024(H5N1)	2110	49931
PB2|PP755596.1|A/cattle/Texas/24-008749-003/2024(H5N1)	2111	49792
PB2|PP755596.1|A/cattle/Texas/24-008749-003/2024(H5N1)	2112	49298
PB2|PP755596.1|A/cattle/Texas/24-008749-003/2024(H5N1)	2113	49479
PB2|PP755596.1|A/cattle/Texas/24-008749-003/2024(H5N1)	2114	56643
PB2|PP755596.1|A/cattle/Texas/24-008749-003/2024(H5N1)	2115	56252
PB2|PP755596.1|A/cattle/Texas/24-008749-003/2024(H5N1)	2116	55471
PB2|PP755596.1|A/cattle/Texas/24-008749-003/2024(H5N1)	2117	54815
PB2|PP755596.1|A/cattle/Texas/24-008749-003/2024(H5N1)	2118	52950
PB2|PP755596.1|A/cattle/Texas/24-008749-003/2024(H5N1)	2119	54258
PB2|PP755596.1|A/cattle/Texas/24-008749-003/2024(H5N1)	2120	54229
PB2|PP755596.1|A/cattle/Texas/24-008749-003/2024(H5N1)	2121	54085
PB2|PP755596.1|A/cattle/Texas/24-008749-003/2024(H5N1)	2122	54158
PB2|PP755596.1|A/cattle/Texas/24-008749-003/2024(H5N1)	2123	41631
PB2|PP755596.1|A/cattle/Texas/24-008749-003/2024(H5N1)	2124	42737
PB2|PP755596.1|A/cattle/Texas/24-008749-003/2024(H5N1)	2125	42686
PB2|PP755596.1|A/cattle/Texas/24-008749-003/2024(H5N1)	2126	43233
PB2|PP755596.1|A/cattle/Texas/24-008749-003/2024(H5N1)	2127	43198
PB2|PP755596.1|A/cattle/Texas/24-008749-003/2024(H5N1)	2128	37937
PB2|PP755596.1|A/cattle/Texas/24-008749-003/2024(H5N1)	2129	39784
PB2|PP755596.1|A/cattle/Texas/24-008749-003/2024(H5N1)	2130	39668
PB2|PP755596.1|A/cattle/Texas/24-008749-003/2024(H5N1)	2131	39280
PB2|PP755596.1|A/cattle/Texas/24-008749-003/2024(H5N1)	2132	39284
PB2|PP755596.1|A/cattle/Texas/24-008749-003/2024(H5N1)	2133	35048
PB2|PP755596.1|A/cattle/Texas/24-008749-003/2024(H5N1)	2134	35332
PB2|PP755596.1|A/cattle/Texas/24-008749-003/2024(H5N1)	2135	32800
PB2|PP755596.1|A/cattle/Texas/24-008749-003/2024(H5N1)	2136	32935
PB2|PP755596.1|A/cattle/Texas/24-008749-003/2024(H5N1)	2137	32918
PB2|PP755596.1|A/cattle/Texas/24-008749-003/2024(H5N1)	2138	26666
PB2|PP755596.1|A/cattle/Texas/24-008749-003/2024(H5N1)	2139	27028
PB2|PP755596.1|A/cattle/Texas/24-008749-003/2024(H5N1)	2140	26949
PB2|PP755596.1|A/cattle/Texas/24-008749-003/2024(H5N1)	2141	26996
PB2|PP755596.1|A/cattle/Texas/24-008749-003/2024(H5N1)	2142	27025
PB2|PP755596.1|A/cattle/Texas/24-008749-003/2024(H5N1)	2143	26800
PB2|PP755596.1|A/cattle/Texas/24-008749-003/2024(H5N1)	2144	27041
PB2|PP755596.1|A/cattle/Texas/24-008749-003/2024(H5N1)	2145	26876
PB2|PP755596.1|A/cattle/Texas/24-008749-003/2024(H5N1)	2146	26870
PB2|PP755596.1|A/cattle/Texas/24-008749-003/2024(H5N1)	2147	26870
PB2|PP755596.1|A/cattle/Texas/24-008749-003/2024(H5N1)	2148	27001
PB2|PP755596.1|A/cattle/Texas/24-008749-003/2024(H5N1)	2149	27013
PB2|PP755596.1|A/cattle/Texas/24-008749-003/2024(H5N1)	2150	27009
PB2|PP755596.1|A/cattle/Texas/24-008749-003/2024(H5N1)	2151	26964
PB2|PP755596.1|A/cattle/Texas/24-008749-003/2024(H5N1)	2152	27008
PB2|PP755596.1|A/cattle/Texas/24-008749-003/2024(H5N1)	2153	27161
PB2|PP755596.1|A/cattle/Texas/24-008749-003/2024(H5N1)	2154	27552
PB2|PP755596.1|A/cattle/Texas/24-008749-003/2024(H5N1)	2155	27783
PB2|PP755596.1|A/cattle/Texas/24-008749-003/2024(H5N1)	2156	27841
PB2|PP755596.1|A/cattle/Texas/24-008749-003/2024(H5N1)	2157	27626
PB2|PP755596.1|A/cattle/Texas/24-008749-003/2024(H5N1)	2158	27903
PB2|PP755596.1|A/cattle/Texas/24-008749-003/2024(H5N1)	2159	27874
PB2|PP755596.1|A/cattle/Texas/24-008749-003/2024(H5N1)	2160	28017
PB2|PP755596.1|A/cattle/Texas/24-008749-003/2024(H5N1)	2161	27966
PB2|PP755596.1|A/cattle/Texas/24-008749-003/2024(H5N1)	2162	28156
PB2|PP755596.1|A/cattle/Texas/24-008749-003/2024(H5N1)	2163	28464
PB2|PP755596.1|A/cattle/Texas/24-008749-003/2024(H5N1)	2164	28267
PB2|PP755596.1|A/cattle/Texas/24-008749-003/2024(H5N1)	2165	28306
PB2|PP755596.1|A/cattle/Texas/24-008749-003/2024(H5N1)	2166	28190
PB2|PP755596.1|A/cattle/Texas/24-008749-003/2024(H5N1)	2167	27761
PB2|PP755596.1|A/cattle/Texas/24-008749-003/2024(H5N1)	2168	27766
PB2|PP755596.1|A/cattle/Texas/24-008749-003/2024(H5N1)	2169	27735
PB2|PP755596.1|A/cattle/Texas/24-008749-003/2024(H5N1)	2170	28111
PB2|PP755596.1|A/cattle/Texas/24-008749-003/2024(H5N1)	2171	27260
PB2|PP755596.1|A/cattle/Texas/24-008749-003/2024(H5N1)	2172	26814
PB2|PP755596.1|A/cattle/Texas/24-008749-003/2024(H5N1)	2173	26802
PB2|PP755596.1|A/cattle/Texas/24-008749-003/2024(H5N1)	2174	26602
PB2|PP755596.1|A/cattle/Texas/24-008749-003/2024(H5N1)	2175	26698
PB2|PP755596.1|A/cattle/Texas/24-008749-003/2024(H5N1)	2176	26641
PB2|PP755596.1|A/cattle/Texas/24-008749-003/2024(H5N1)	2177	26652
PB2|PP755596.1|A/cattle/Texas/24-008749-003/2024(H5N1)	2178	26541
PB2|PP755596.1|A/cattle/Texas/24-008749-003/2024(H5N1)	2179	26469
PB2|PP755596.1|A/cattle/Texas/24-008749-003/2024(H5N1)	2180	26512
PB2|PP755596.1|A/cattle/Texas/24-008749-003/2024(H5N1)	2181	26564
PB2|PP755596.1|A/cattle/Texas/24-008749-003/2024(H5N1)	2182	26501
PB2|PP755596.1|A/cattle/Texas/24-008749-003/2024(H5N1)	2183	26458
PB2|PP755596.1|A/cattle/Texas/24-008749-003/2024(H5N1)	2184	26221
PB2|PP755596.1|A/cattle/Texas/24-008749-003/2024(H5N1)	2185	26316
PB2|PP755596.1|A/cattle/Texas/24-008749-003/2024(H5N1)	2186	26619
PB2|PP755596.1|A/cattle/Texas/24-008749-003/2024(H5N1)	2187	26489
PB2|PP755596.1|A/cattle/Texas/24-008749-003/2024(H5N1)	2188	26397
PB2|PP755596.1|A/cattle/Texas/24-008749-003/2024(H5N1)	2189	26030
PB2|PP755596.1|A/cattle/Texas/24-008749-003/2024(H5N1)	2190	25563
PB2|PP755596.1|A/cattle/Texas/24-008749-003/2024(H5N1)	2191	25540
PB2|PP755596.1|A/cattle/Texas/24-008749-003/2024(H5N1)	2192	25575
PB2|PP755596.1|A/cattle/Texas/24-008749-003/2024(H5N1)	2193	25592
PB2|PP755596.1|A/cattle/Texas/24-008749-003/2024(H5N1)	2194	25972
PB2|PP755596.1|A/cattle/Texas/24-008749-003/2024(H5N1)	2195	25025
PB2|PP755596.1|A/cattle/Texas/24-008749-003/2024(H5N1)	2196	25051
PB2|PP755596.1|A/cattle/Texas/24-008749-003/2024(H5N1)	2197	23857
PB2|PP755596.1|A/cattle/Texas/24-008749-003/2024(H5N1)	2198	23678
PB2|PP755596.1|A/cattle/Texas/24-008749-003/2024(H5N1)	2199	23570
PB2|PP755596.1|A/cattle/Texas/24-008749-003/2024(H5N1)	2200	23527
PB2|PP755596.1|A/cattle/Texas/24-008749-003/2024(H5N1)	2201	23153
PB2|PP755596.1|A/cattle/Texas/24-008749-003/2024(H5N1)	2202	22954
PB2|PP755596.1|A/cattle/Texas/24-008749-003/2024(H5N1)	2203	22039
PB2|PP755596.1|A/cattle/Texas/24-008749-003/2024(H5N1)	2204	21797
PB2|PP755596.1|A/cattle/Texas/24-008749-003/2024(H5N1)	2205	21634
PB2|PP755596.1|A/cattle/Texas/24-008749-003/2024(H5N1)	2206	21608
PB2|PP755596.1|A/cattle/Texas/24-008749-003/2024(H5N1)	2207	21611
PB2|PP755596.1|A/cattle/Texas/24-008749-003/2024(H5N1)	2208	21523
PB2|PP755596.1|A/cattle/Texas/24-008749-003/2024(H5N1)	2209	21404
PB2|PP755596.1|A/cattle/Texas/24-008749-003/2024(H5N1)	2210	21400
PB2|PP755596.1|A/cattle/Texas/24-008749-003/2024(H5N1)	2211	21370
PB2|PP755596.1|A/cattle/Texas/24-008749-003/2024(H5N1)	2212	21346
PB2|PP755596.1|A/cattle/Texas/24-008749-003/2024(H5N1)	2213	21347
PB2|PP755596.1|A/cattle/Texas/24-008749-003/2024(H5N1)	2214	21305
PB2|PP755596.1|A/cattle/Texas/24-008749-003/2024(H5N1)	2215	21294
PB2|PP755596.1|A/cattle/Texas/24-008749-003/2024(H5N1)	2216	21226
PB2|PP755596.1|A/cattle/Texas/24-008749-003/2024(H5N1)	2217	21238
PB2|PP755596.1|A/cattle/Texas/24-008749-003/2024(H5N1)	2218	21210
PB2|PP755596.1|A/cattle/Texas/24-008749-003/2024(H5N1)	2219	20962
PB2|PP755596.1|A/cattle/Texas/24-008749-003/2024(H5N1)	2220	21030
PB2|PP755596.1|A/cattle/Texas/24-008749-003/2024(H5N1)	2221	20870
PB2|PP755596.1|A/cattle/Texas/24-008749-003/2024(H5N1)	2222	21197
PB2|PP755596.1|A/cattle/Texas/24-008749-003/2024(H5N1)	2223	21165
PB2|PP755596.1|A/cattle/Texas/24-008749-003/2024(H5N1)	2224	21115
PB2|PP755596.1|A/cattle/Texas/24-008749-003/2024(H5N1)	2225	21127
PB2|PP755596.1|A/cattle/Texas/24-008749-003/2024(H5N1)	2226	20593
PB2|PP755596.1|A/cattle/Texas/24-008749-003/2024(H5N1)	2227	20566
PB2|PP755596.1|A/cattle/Texas/24-008749-003/2024(H5N1)	2228	20424
PB2|PP755596.1|A/cattle/Texas/24-008749-003/2024(H5N1)	2229	19220
PB2|PP755596.1|A/cattle/Texas/24-008749-003/2024(H5N1)	2230	19286
PB2|PP755596.1|A/cattle/Texas/24-008749-003/2024(H5N1)	2231	15280
PB2|PP755596.1|A/cattle/Texas/24-008749-003/2024(H5N1)	2232	15278
PB2|PP755596.1|A/cattle/Texas/24-008749-003/2024(H5N1)	2233	14535
PB2|PP755596.1|A/cattle/Texas/24-008749-003/2024(H5N1)	2234	14483
PB2|PP755596.1|A/cattle/Texas/24-008749-003/2024(H5N1)	2235	14340
PB2|PP755596.1|A/cattle/Texas/24-008749-003/2024(H5N1)	2236	14332
PB2|PP755596.1|A/cattle/Texas/24-008749-003/2024(H5N1)	2237	13662
PB2|PP755596.1|A/cattle/Texas/24-008749-003/2024(H5N1)	2238	13722
PB2|PP755596.1|A/cattle/Texas/24-008749-003/2024(H5N1)	2239	11359
PB2|PP755596.1|A/cattle/Texas/24-008749-003/2024(H5N1)	2240	11415
PB2|PP755596.1|A/cattle/Texas/24-008749-003/2024(H5N1)	2241	11383
PB2|PP755596.1|A/cattle/Texas/24-008749-003/2024(H5N1)	2242	11305
PB2|PP755596.1|A/cattle/Texas/24-008749-003/2024(H5N1)	2243	11061
PB2|PP755596.1|A/cattle/Texas/24-008749-003/2024(H5N1)	2244	11067
PB2|PP755596.1|A/cattle/Texas/24-008749-003/2024(H5N1)	2245	10995
PB2|PP755596.1|A/cattle/Texas/24-008749-003/2024(H5N1)	2246	10986
PB2|PP755596.1|A/cattle/Texas/24-008749-003/2024(H5N1)	2247	8172
PB2|PP755596.1|A/cattle/Texas/24-008749-003/2024(H5N1)	2248	8168
PB2|PP755596.1|A/cattle/Texas/24-008749-003/2024(H5N1)	2249	5682
PB2|PP755596.1|A/cattle/Texas/24-008749-003/2024(H5N1)	2250	5747
PB2|PP755596.1|A/cattle/Texas/24-008749-003/2024(H5N1)	2251	5790
PB2|PP755596.1|A/cattle/Texas/24-008749-003/2024(H5N1)	2252	5757
PB2|PP755596.1|A/cattle/Texas/24-008749-003/2024(H5N1)	2253	5614
PB2|PP755596.1|A/cattle/Texas/24-008749-003/2024(H5N1)	2254	5496
PB2|PP755596.1|A/cattle/Texas/24-008749-003/2024(H5N1)	2255	5479
PB2|PP755596.1|A/cattle/Texas/24-008749-003/2024(H5N1)	2256	5479
PB2|PP755596.1|A/cattle/Texas/24-008749-003/2024(H5N1)	2257	5417
PB2|PP755596.1|A/cattle/Texas/24-008749-003/2024(H5N1)	2258	5403
PB2|PP755596.1|A/cattle/Texas/24-008749-003/2024(H5N1)	2259	3995
PB2|PP755596.1|A/cattle/Texas/24-008749-003/2024(H5N1)	2260	3881
PB2|PP755596.1|A/cattle/Texas/24-008749-003/2024(H5N1)	2261	3788
PB2|PP755596.1|A/cattle/Texas/24-008749-003/2024(H5N1)	2262	3764
PB2|PP755596.1|A/cattle/Texas/24-008749-003/2024(H5N1)	2263	3729
PB2|PP755596.1|A/cattle/Texas/24-008749-003/2024(H5N1)	2264	2625
PB2|PP755596.1|A/cattle/Texas/24-008749-003/2024(H5N1)	2265	2462
PB2|PP755596.1|A/cattle/Texas/24-008749-003/2024(H5N1)	2266	2405
PB2|PP755596.1|A/cattle/Texas/24-008749-003/2024(H5N1)	2267	1289
PB2|PP755596.1|A/cattle/Texas/24-008749-003/2024(H5N1)	2268	1255
PB2|PP755596.1|A/cattle/Texas/24-008749-003/2024(H5N1)	2269	1249
PB2|PP755596.1|A/cattle/Texas/24-008749-003/2024(H5N1)	2270	1240
PB2|PP755596.1|A/cattle/Texas/24-008749-003/2024(H5N1)	2271	1234
PB2|PP755596.1|A/cattle/Texas/24-008749-003/2024(H5N1)	2272	1224
PB2|PP755596.1|A/cattle/Texas/24-008749-003/2024(H5N1)	2273	1117
PB2|PP755596.1|A/cattle/Texas/24-008749-003/2024(H5N1)	2274	1083
PB2|PP755596.1|A/cattle/Texas/24-008749-003/2024(H5N1)	2275	1081
PB2|PP755596.1|A/cattle/Texas/24-008749-003/2024(H5N1)	2276	1079
PB2|PP755596.1|A/cattle/Texas/24-008749-003/2024(H5N1)	2277	1056
PB2|PP755596.1|A/cattle/Texas/24-008749-003/2024(H5N1)	2278	1037
PB2|PP755596.1|A/cattle/Texas/24-008749-003/2024(H5N1)	2279	1002
PB2|PP755596.1|A/cattle/Texas/24-008749-003/2024(H5N1)	2280	983
