PB2|PP755596.1|A/cattle/Texas/24-008749-003/2024(H5N1)	1	11
PB2|PP755596.1|A/cattle/Texas/24-008749-003/2024(H5N1)	2	11
PB2|PP755596.1|A/cattle/Texas/24-008749-003/2024(H5N1)	3	11
PB2|PP755596.1|A/cattle/Texas/24-008749-003/2024(H5N1)	4	11
PB2|PP755596.1|A/cattle/Texas/24-008749-003/2024(H5N1)	5	11
PB2|PP755596.1|A/cattle/Texas/24-008749-003/2024(H5N1)	6	11
PB2|PP755596.1|A/cattle/Texas/24-008749-003/2024(H5N1)	7	11
PB2|PP755596.1|A/cattle/Texas/24-008749-003/2024(H5N1)	8	11
PB2|PP755596.1|A/cattle/Texas/24-008749-003/2024(H5N1)	9	11
PB2|PP755596.1|A/cattle/Texas/24-008749-003/2024(H5N1)	10	11
PB2|PP755596.1|A/cattle/Texas/24-008749-003/2024(H5N1)	11	11
PB2|PP755596.1|A/cattle/Texas/24-008749-003/2024(H5N1)	12	11
PB2|PP755596.1|A/cattle/Texas/24-008749-003/2024(H5N1)	13	11
PB2|PP755596.1|A/cattle/Texas/24-008749-003/2024(H5N1)	14	11
PB2|PP755596.1|A/cattle/Texas/24-008749-003/2024(H5N1)	15	11
PB2|PP755596.1|A/cattle/Texas/24-008749-003/2024(H5N1)	16	11
PB2|PP755596.1|A/cattle/Texas/24-008749-003/2024(H5N1)	17	11
PB2|PP755596.1|A/cattle/Texas/24-008749-003/2024(H5N1)	18	11
PB2|PP755596.1|A/cattle/Texas/24-008749-003/2024(H5N1)	19	11
PB2|PP755596.1|A/cattle/Texas/24-008749-003/2024(H5N1)	20	11
PB2|PP755596.1|A/cattle/Texas/24-008749-003/2024(H5N1)	21	11
PB2|PP755596.1|A/cattle/Texas/24-008749-003/2024(H5N1)	22	11
PB2|PP755596.1|A/cattle/Texas/24-008749-003/2024(H5N1)	23	11
PB2|PP755596.1|A/cattle/Texas/24-008749-003/2024(H5N1)	24	11
PB2|PP755596.1|A/cattle/Texas/24-008749-003/2024(H5N1)	25	11
PB2|PP755596.1|A/cattle/Texas/24-008749-003/2024(H5N1)	26	12
PB2|PP755596.1|A/cattle/Texas/24-008749-003/2024(H5N1)	27	12
PB2|PP755596.1|A/cattle/Texas/24-008749-003/2024(H5N1)	28	12
PB2|PP755596.1|A/cattle/Texas/24-008749-003/2024(H5N1)	29	12
PB2|PP755596.1|A/cattle/Texas/24-008749-003/2024(H5N1)	30	12
PB2|PP755596.1|A/cattle/Texas/24-008749-003/2024(H5N1)	31	13
PB2|PP755596.1|A/cattle/Texas/24-008749-003/2024(H5N1)	32	13
PB2|PP755596.1|A/cattle/Texas/24-008749-003/2024(H5N1)	33	13
PB2|PP755596.1|A/cattle/Texas/24-008749-003/2024(H5N1)	34	13
PB2|PP755596.1|A/cattle/Texas/24-008749-003/2024(H5N1)	35	13
PB2|PP755596.1|A/cattle/Texas/24-008749-003/2024(H5N1)	36	13
PB2|PP755596.1|A/cattle/Texas/24-008749-003/2024(H5N1)	37	13
PB2|PP755596.1|A/cattle/Texas/24-008749-003/2024(H5N1)	38	13
PB2|PP755596.1|A/cattle/Texas/24-008749-003/2024(H5N1)	39	14
PB2|PP755596.1|A/cattle/Texas/24-008749-003/2024(H5N1)	40	14
PB2|PP755596.1|A/cattle/Texas/24-008749-003/2024(H5N1)	41	14
PB2|PP755596.1|A/cattle/Texas/24-008749-003/2024(H5N1)	42	14
PB2|PP755596.1|A/cattle/Texas/24-008749-003/2024(H5N1)	43	14
PB2|PP755596.1|A/cattle/Texas/24-008749-003/2024(H5N1)	44	14
PB2|PP755596.1|A/cattle/Texas/24-008749-003/2024(H5N1)	45	14
PB2|PP755596.1|A/cattle/Texas/24-008749-003/2024(H5N1)	46	14
PB2|PP755596.1|A/cattle/Texas/24-008749-003/2024(H5N1)	47	14
PB2|PP755596.1|A/cattle/Texas/24-008749-003/2024(H5N1)	48	14
PB2|PP755596.1|A/cattle/Texas/24-008749-003/2024(H5N1)	49	14
PB2|PP755596.1|A/cattle/Texas/24-008749-003/2024(H5N1)	50	14
PB2|PP755596.1|A/cattle/Texas/24-008749-003/2024(H5N1)	51	15
PB2|PP755596.1|A/cattle/Texas/24-008749-003/2024(H5N1)	52	15
PB2|PP755596.1|A/cattle/Texas/24-008749-003/2024(H5N1)	53	15
PB2|PP755596.1|A/cattle/Texas/24-008749-003/2024(H5N1)	54	15
PB2|PP755596.1|A/cattle/Texas/24-008749-003/2024(H5N1)	55	15
PB2|PP755596.1|A/cattle/Texas/24-008749-003/2024(H5N1)	56	15
PB2|PP755596.1|A/cattle/Texas/24-008749-003/2024(H5N1)	57	15
PB2|PP755596.1|A/cattle/Texas/24-008749-003/2024(H5N1)	58	15
PB2|PP755596.1|A/cattle/Texas/24-008749-003/2024(H5N1)	59	15
PB2|PP755596.1|A/cattle/Texas/24-008749-003/2024(H5N1)	60	15
PB2|PP755596.1|A/cattle/Texas/24-008749-003/2024(H5N1)	61	15
PB2|PP755596.1|A/cattle/Texas/24-008749-003/2024(H5N1)	62	15
PB2|PP755596.1|A/cattle/Texas/24-008749-003/2024(H5N1)	63	15
PB2|PP755596.1|A/cattle/Texas/24-008749-003/2024(H5N1)	64	15
PB2|PP755596.1|A/cattle/Texas/24-008749-003/2024(H5N1)	65	15
PB2|PP755596.1|A/cattle/Texas/24-008749-003/2024(H5N1)	66	15
PB2|PP755596.1|A/cattle/Texas/24-008749-003/2024(H5N1)	67	15
PB2|PP755596.1|A/cattle/Texas/24-008749-003/2024(H5N1)	68	15
PB2|PP755596.1|A/cattle/Texas/24-008749-003/2024(H5N1)	69	15
PB2|PP755596.1|A/cattle/Texas/24-008749-003/2024(H5N1)	70	15
PB2|PP755596.1|A/cattle/Texas/24-008749-003/2024(H5N1)	71	15
PB2|PP755596.1|A/cattle/Texas/24-008749-003/2024(H5N1)	72	15
PB2|PP755596.1|A/cattle/Texas/24-008749-003/2024(H5N1)	73	19
PB2|PP755596.1|A/cattle/Texas/24-008749-003/2024(H5N1)	74	19
PB2|PP755596.1|A/cattle/Texas/24-008749-003/2024(H5N1)	75	19
PB2|PP755596.1|A/cattle/Texas/24-008749-003/2024(H5N1)	76	19
PB2|PP755596.1|A/cattle/Texas/24-008749-003/2024(H5N1)	77	19
PB2|PP755596.1|A/cattle/Texas/24-008749-003/2024(H5N1)	78	19
PB2|PP755596.1|A/cattle/Texas/24-008749-003/2024(H5N1)	79	19
PB2|PP755596.1|A/cattle/Texas/24-008749-003/2024(H5N1)	80	19
PB2|PP755596.1|A/cattle/Texas/24-008749-003/2024(H5N1)	81	19
PB2|PP755596.1|A/cattle/Texas/24-008749-003/2024(H5N1)	82	19
PB2|PP755596.1|A/cattle/Texas/24-008749-003/2024(H5N1)	83	19
PB2|PP755596.1|A/cattle/Texas/24-008749-003/2024(H5N1)	84	19
PB2|PP755596.1|A/cattle/Texas/24-008749-003/2024(H5N1)	85	19
PB2|PP755596.1|A/cattle/Texas/24-008749-003/2024(H5N1)	86	19
PB2|PP755596.1|A/cattle/Texas/24-008749-003/2024(H5N1)	87	19
PB2|PP755596.1|A/cattle/Texas/24-008749-003/2024(H5N1)	88	19
PB2|PP755596.1|A/cattle/Texas/24-008749-003/2024(H5N1)	89	19
PB2|PP755596.1|A/cattle/Texas/24-008749-003/2024(H5N1)	90	19
PB2|PP755596.1|A/cattle/Texas/24-008749-003/2024(H5N1)	91	19
PB2|PP755596.1|A/cattle/Texas/24-008749-003/2024(H5N1)	92	19
PB2|PP755596.1|A/cattle/Texas/24-008749-003/2024(H5N1)	93	19
PB2|PP755596.1|A/cattle/Texas/24-008749-003/2024(H5N1)	94	19
PB2|PP755596.1|A/cattle/Texas/24-008749-003/2024(H5N1)	95	19
PB2|PP755596.1|A/cattle/Texas/24-008749-003/2024(H5N1)	96	20
PB2|PP755596.1|A/cattle/Texas/24-008749-003/2024(H5N1)	97	20
PB2|PP755596.1|A/cattle/Texas/24-008749-003/2024(H5N1)	98	20
PB2|PP755596.1|A/cattle/Texas/24-008749-003/2024(H5N1)	99	23
PB2|PP755596.1|A/cattle/Texas/24-008749-003/2024(H5N1)	100	23
PB2|PP755596.1|A/cattle/Texas/24-008749-003/2024(H5N1)	101	23
PB2|PP755596.1|A/cattle/Texas/24-008749-003/2024(H5N1)	102	23
PB2|PP755596.1|A/cattle/Texas/24-008749-003/2024(H5N1)	103	23
PB2|PP755596.1|A/cattle/Texas/24-008749-003/2024(H5N1)	104	23
PB2|PP755596.1|A/cattle/Texas/24-008749-003/2024(H5N1)	105	23
PB2|PP755596.1|A/cattle/Texas/24-008749-003/2024(H5N1)	106	23
PB2|PP755596.1|A/cattle/Texas/24-008749-003/2024(H5N1)	107	23
PB2|PP755596.1|A/cattle/Texas/24-008749-003/2024(H5N1)	108	23
PB2|PP755596.1|A/cattle/Texas/24-008749-003/2024(H5N1)	109	23
PB2|PP755596.1|A/cattle/Texas/24-008749-003/2024(H5N1)	110	23
PB2|PP755596.1|A/cattle/Texas/24-008749-003/2024(H5N1)	111	24
PB2|PP755596.1|A/cattle/Texas/24-008749-003/2024(H5N1)	112	24
PB2|PP755596.1|A/cattle/Texas/24-008749-003/2024(H5N1)	113	24
PB2|PP755596.1|A/cattle/Texas/24-008749-003/2024(H5N1)	114	24
PB2|PP755596.1|A/cattle/Texas/24-008749-003/2024(H5N1)	115	24
PB2|PP755596.1|A/cattle/Texas/24-008749-003/2024(H5N1)	116	24
PB2|PP755596.1|A/cattle/Texas/24-008749-003/2024(H5N1)	117	24
PB2|PP755596.1|A/cattle/Texas/24-008749-003/2024(H5N1)	118	25
PB2|PP755596.1|A/cattle/Texas/24-008749-003/2024(H5N1)	119	25
PB2|PP755596.1|A/cattle/Texas/24-008749-003/2024(H5N1)	120	25
PB2|PP755596.1|A/cattle/Texas/24-008749-003/2024(H5N1)	121	25
PB2|PP755596.1|A/cattle/Texas/24-008749-003/2024(H5N1)	122	25
PB2|PP755596.1|A/cattle/Texas/24-008749-003/2024(H5N1)	123	25
PB2|PP755596.1|A/cattle/Texas/24-008749-003/2024(H5N1)	124	21
PB2|PP755596.1|A/cattle/Texas/24-008749-003/2024(H5N1)	125	20
PB2|PP755596.1|A/cattle/Texas/24-008749-003/2024(H5N1)	126	19
PB2|PP755596.1|A/cattle/Texas/24-008749-003/2024(H5N1)	127	19
PB2|PP755596.1|A/cattle/Texas/24-008749-003/2024(H5N1)	128	19
PB2|PP755596.1|A/cattle/Texas/24-008749-003/2024(H5N1)	129	21
PB2|PP755596.1|A/cattle/Texas/24-008749-003/2024(H5N1)	130	21
PB2|PP755596.1|A/cattle/Texas/24-008749-003/2024(H5N1)	131	21
PB2|PP755596.1|A/cattle/Texas/24-008749-003/2024(H5N1)	132	21
PB2|PP755596.1|A/cattle/Texas/24-008749-003/2024(H5N1)	133	19
PB2|PP755596.1|A/cattle/Texas/24-008749-003/2024(H5N1)	134	19
PB2|PP755596.1|A/cattle/Texas/24-008749-003/2024(H5N1)	135	19
PB2|PP755596.1|A/cattle/Texas/24-008749-003/2024(H5N1)	136	19
PB2|PP755596.1|A/cattle/Texas/24-008749-003/2024(H5N1)	137	20
PB2|PP755596.1|A/cattle/Texas/24-008749-003/2024(H5N1)	138	21
PB2|PP755596.1|A/cattle/Texas/24-008749-003/2024(H5N1)	139	21
PB2|PP755596.1|A/cattle/Texas/24-008749-003/2024(H5N1)	140	24
PB2|PP755596.1|A/cattle/Texas/24-008749-003/2024(H5N1)	141	24
PB2|PP755596.1|A/cattle/Texas/24-008749-003/2024(H5N1)	142	25
PB2|PP755596.1|A/cattle/Texas/24-008749-003/2024(H5N1)	143	25
PB2|PP755596.1|A/cattle/Texas/24-008749-003/2024(H5N1)	144	25
PB2|PP755596.1|A/cattle/Texas/24-008749-003/2024(H5N1)	145	24
PB2|PP755596.1|A/cattle/Texas/24-008749-003/2024(H5N1)	146	24
PB2|PP755596.1|A/cattle/Texas/24-008749-003/2024(H5N1)	147	24
PB2|PP755596.1|A/cattle/Texas/24-008749-003/2024(H5N1)	148	24
PB2|PP755596.1|A/cattle/Texas/24-008749-003/2024(H5N1)	149	24
PB2|PP755596.1|A/cattle/Texas/24-008749-003/2024(H5N1)	150	24
PB2|PP755596.1|A/cattle/Texas/24-008749-003/2024(H5N1)	151	24
PB2|PP755596.1|A/cattle/Texas/24-008749-003/2024(H5N1)	152	23
PB2|PP755596.1|A/cattle/Texas/24-008749-003/2024(H5N1)	153	23
PB2|PP755596.1|A/cattle/Texas/24-008749-003/2024(H5N1)	154	23
PB2|PP755596.1|A/cattle/Texas/24-008749-003/2024(H5N1)	155	23
PB2|PP755596.1|A/cattle/Texas/24-008749-003/2024(H5N1)	156	23
PB2|PP755596.1|A/cattle/Texas/24-008749-003/2024(H5N1)	157	23
PB2|PP755596.1|A/cattle/Texas/24-008749-003/2024(H5N1)	158	23
PB2|PP755596.1|A/cattle/Texas/24-008749-003/2024(H5N1)	159	24
PB2|PP755596.1|A/cattle/Texas/24-008749-003/2024(H5N1)	160	24
PB2|PP755596.1|A/cattle/Texas/24-008749-003/2024(H5N1)	161	24
PB2|PP755596.1|A/cattle/Texas/24-008749-003/2024(H5N1)	162	24
PB2|PP755596.1|A/cattle/Texas/24-008749-003/2024(H5N1)	163	24
PB2|PP755596.1|A/cattle/Texas/24-008749-003/2024(H5N1)	164	24
PB2|PP755596.1|A/cattle/Texas/24-008749-003/2024(H5N1)	165	24
PB2|PP755596.1|A/cattle/Texas/24-008749-003/2024(H5N1)	166	24
PB2|PP755596.1|A/cattle/Texas/24-008749-003/2024(H5N1)	167	24
PB2|PP755596.1|A/cattle/Texas/24-008749-003/2024(H5N1)	168	24
PB2|PP755596.1|A/cattle/Texas/24-008749-003/2024(H5N1)	169	24
PB2|PP755596.1|A/cattle/Texas/24-008749-003/2024(H5N1)	170	24
PB2|PP755596.1|A/cattle/Texas/24-008749-003/2024(H5N1)	171	24
PB2|PP755596.1|A/cattle/Texas/24-008749-003/2024(H5N1)	172	24
PB2|PP755596.1|A/cattle/Texas/24-008749-003/2024(H5N1)	173	22
PB2|PP755596.1|A/cattle/Texas/24-008749-003/2024(H5N1)	174	22
PB2|PP755596.1|A/cattle/Texas/24-008749-003/2024(H5N1)	175	22
PB2|PP755596.1|A/cattle/Texas/24-008749-003/2024(H5N1)	176	21
PB2|PP755596.1|A/cattle/Texas/24-008749-003/2024(H5N1)	177	21
PB2|PP755596.1|A/cattle/Texas/24-008749-003/2024(H5N1)	178	21
PB2|PP755596.1|A/cattle/Texas/24-008749-003/2024(H5N1)	179	21
PB2|PP755596.1|A/cattle/Texas/24-008749-003/2024(H5N1)	180	21
PB2|PP755596.1|A/cattle/Texas/24-008749-003/2024(H5N1)	181	21
PB2|PP755596.1|A/cattle/Texas/24-008749-003/2024(H5N1)	182	20
PB2|PP755596.1|A/cattle/Texas/24-008749-003/2024(H5N1)	183	20
PB2|PP755596.1|A/cattle/Texas/24-008749-003/2024(H5N1)	184	20
PB2|PP755596.1|A/cattle/Texas/24-008749-003/2024(H5N1)	185	20
PB2|PP755596.1|A/cattle/Texas/24-008749-003/2024(H5N1)	186	20
PB2|PP755596.1|A/cattle/Texas/24-008749-003/2024(H5N1)	187	20
PB2|PP755596.1|A/cattle/Texas/24-008749-003/2024(H5N1)	188	20
PB2|PP755596.1|A/cattle/Texas/24-008749-003/2024(H5N1)	189	20
PB2|PP755596.1|A/cattle/Texas/24-008749-003/2024(H5N1)	190	19
PB2|PP755596.1|A/cattle/Texas/24-008749-003/2024(H5N1)	191	19
PB2|PP755596.1|A/cattle/Texas/24-008749-003/2024(H5N1)	192	19
PB2|PP755596.1|A/cattle/Texas/24-008749-003/2024(H5N1)	193	20
PB2|PP755596.1|A/cattle/Texas/24-008749-003/2024(H5N1)	194	20
PB2|PP755596.1|A/cattle/Texas/24-008749-003/2024(H5N1)	195	20
PB2|PP755596.1|A/cattle/Texas/24-008749-003/2024(H5N1)	196	20
PB2|PP755596.1|A/cattle/Texas/24-008749-003/2024(H5N1)	197	20
PB2|PP755596.1|A/cattle/Texas/24-008749-003/2024(H5N1)	198	21
PB2|PP755596.1|A/cattle/Texas/24-008749-003/2024(H5N1)	199	21
PB2|PP755596.1|A/cattle/Texas/24-008749-003/2024(H5N1)	200	22
PB2|PP755596.1|A/cattle/Texas/24-008749-003/2024(H5N1)	201	21
PB2|PP755596.1|A/cattle/Texas/24-008749-003/2024(H5N1)	202	21
PB2|PP755596.1|A/cattle/Texas/24-008749-003/2024(H5N1)	203	22
PB2|PP755596.1|A/cattle/Texas/24-008749-003/2024(H5N1)	204	22
PB2|PP755596.1|A/cattle/Texas/24-008749-003/2024(H5N1)	205	22
PB2|PP755596.1|A/cattle/Texas/24-008749-003/2024(H5N1)	206	22
PB2|PP755596.1|A/cattle/Texas/24-008749-003/2024(H5N1)	207	22
PB2|PP755596.1|A/cattle/Texas/24-008749-003/2024(H5N1)	208	22
PB2|PP755596.1|A/cattle/Texas/24-008749-003/2024(H5N1)	209	23
PB2|PP755596.1|A/cattle/Texas/24-008749-003/2024(H5N1)	210	23
PB2|PP755596.1|A/cattle/Texas/24-008749-003/2024(H5N1)	211	23
PB2|PP755596.1|A/cattle/Texas/24-008749-003/2024(H5N1)	212	23
PB2|PP755596.1|A/cattle/Texas/24-008749-003/2024(H5N1)	213	23
PB2|PP755596.1|A/cattle/Texas/24-008749-003/2024(H5N1)	214	23
PB2|PP755596.1|A/cattle/Texas/24-008749-003/2024(H5N1)	215	23
PB2|PP755596.1|A/cattle/Texas/24-008749-003/2024(H5N1)	216	23
PB2|PP755596.1|A/cattle/Texas/24-008749-003/2024(H5N1)	217	23
PB2|PP755596.1|A/cattle/Texas/24-008749-003/2024(H5N1)	218	23
PB2|PP755596.1|A/cattle/Texas/24-008749-003/2024(H5N1)	219	23
PB2|PP755596.1|A/cattle/Texas/24-008749-003/2024(H5N1)	220	24
PB2|PP755596.1|A/cattle/Texas/24-008749-003/2024(H5N1)	221	24
PB2|PP755596.1|A/cattle/Texas/24-008749-003/2024(H5N1)	222	24
PB2|PP755596.1|A/cattle/Texas/24-008749-003/2024(H5N1)	223	20
PB2|PP755596.1|A/cattle/Texas/24-008749-003/2024(H5N1)	224	20
PB2|PP755596.1|A/cattle/Texas/24-008749-003/2024(H5N1)	225	20
PB2|PP755596.1|A/cattle/Texas/24-008749-003/2024(H5N1)	226	20
PB2|PP755596.1|A/cattle/Texas/24-008749-003/2024(H5N1)	227	20
PB2|PP755596.1|A/cattle/Texas/24-008749-003/2024(H5N1)	228	20
PB2|PP755596.1|A/cattle/Texas/24-008749-003/2024(H5N1)	229	21
PB2|PP755596.1|A/cattle/Texas/24-008749-003/2024(H5N1)	230	21
PB2|PP755596.1|A/cattle/Texas/24-008749-003/2024(H5N1)	231	21
PB2|PP755596.1|A/cattle/Texas/24-008749-003/2024(H5N1)	232	21
PB2|PP755596.1|A/cattle/Texas/24-008749-003/2024(H5N1)	233	21
PB2|PP755596.1|A/cattle/Texas/24-008749-003/2024(H5N1)	234	21
PB2|PP755596.1|A/cattle/Texas/24-008749-003/2024(H5N1)	235	21
PB2|PP755596.1|A/cattle/Texas/24-008749-003/2024(H5N1)	236	21
PB2|PP755596.1|A/cattle/Texas/24-008749-003/2024(H5N1)	237	21
PB2|PP755596.1|A/cattle/Texas/24-008749-003/2024(H5N1)	238	21
PB2|PP755596.1|A/cattle/Texas/24-008749-003/2024(H5N1)	239	23
PB2|PP755596.1|A/cattle/Texas/24-008749-003/2024(H5N1)	240	23
PB2|PP755596.1|A/cattle/Texas/24-008749-003/2024(H5N1)	241	23
PB2|PP755596.1|A/cattle/Texas/24-008749-003/2024(H5N1)	242	23
PB2|PP755596.1|A/cattle/Texas/24-008749-003/2024(H5N1)	243	23
PB2|PP755596.1|A/cattle/Texas/24-008749-003/2024(H5N1)	244	24
PB2|PP755596.1|A/cattle/Texas/24-008749-003/2024(H5N1)	245	24
PB2|PP755596.1|A/cattle/Texas/24-008749-003/2024(H5N1)	246	24
PB2|PP755596.1|A/cattle/Texas/24-008749-003/2024(H5N1)	247	23
PB2|PP755596.1|A/cattle/Texas/24-008749-003/2024(H5N1)	248	23
PB2|PP755596.1|A/cattle/Texas/24-008749-003/2024(H5N1)	249	23
PB2|PP755596.1|A/cattle/Texas/24-008749-003/2024(H5N1)	250	22
PB2|PP755596.1|A/cattle/Texas/24-008749-003/2024(H5N1)	251	22
PB2|PP755596.1|A/cattle/Texas/24-008749-003/2024(H5N1)	252	22
PB2|PP755596.1|A/cattle/Texas/24-008749-003/2024(H5N1)	253	22
PB2|PP755596.1|A/cattle/Texas/24-008749-003/2024(H5N1)	254	22
PB2|PP755596.1|A/cattle/Texas/24-008749-003/2024(H5N1)	255	22
PB2|PP755596.1|A/cattle/Texas/24-008749-003/2024(H5N1)	256	22
PB2|PP755596.1|A/cattle/Texas/24-008749-003/2024(H5N1)	257	22
PB2|PP755596.1|A/cattle/Texas/24-008749-003/2024(H5N1)	258	22
PB2|PP755596.1|A/cattle/Texas/24-008749-003/2024(H5N1)	259	22
PB2|PP755596.1|A/cattle/Texas/24-008749-003/2024(H5N1)	260	22
PB2|PP755596.1|A/cattle/Texas/24-008749-003/2024(H5N1)	261	22
PB2|PP755596.1|A/cattle/Texas/24-008749-003/2024(H5N1)	262	22
PB2|PP755596.1|A/cattle/Texas/24-008749-003/2024(H5N1)	263	23
PB2|PP755596.1|A/cattle/Texas/24-008749-003/2024(H5N1)	264	23
PB2|PP755596.1|A/cattle/Texas/24-008749-003/2024(H5N1)	265	23
PB2|PP755596.1|A/cattle/Texas/24-008749-003/2024(H5N1)	266	23
PB2|PP755596.1|A/cattle/Texas/24-008749-003/2024(H5N1)	267	24
PB2|PP755596.1|A/cattle/Texas/24-008749-003/2024(H5N1)	268	24
PB2|PP755596.1|A/cattle/Texas/24-008749-003/2024(H5N1)	269	23
PB2|PP755596.1|A/cattle/Texas/24-008749-003/2024(H5N1)	270	25
PB2|PP755596.1|A/cattle/Texas/24-008749-003/2024(H5N1)	271	25
PB2|PP755596.1|A/cattle/Texas/24-008749-003/2024(H5N1)	272	25
PB2|PP755596.1|A/cattle/Texas/24-008749-003/2024(H5N1)	273	25
PB2|PP755596.1|A/cattle/Texas/24-008749-003/2024(H5N1)	274	24
PB2|PP755596.1|A/cattle/Texas/24-008749-003/2024(H5N1)	275	24
PB2|PP755596.1|A/cattle/Texas/24-008749-003/2024(H5N1)	276	24
PB2|PP755596.1|A/cattle/Texas/24-008749-003/2024(H5N1)	277	25
PB2|PP755596.1|A/cattle/Texas/24-008749-003/2024(H5N1)	278	25
PB2|PP755596.1|A/cattle/Texas/24-008749-003/2024(H5N1)	279	25
PB2|PP755596.1|A/cattle/Texas/24-008749-003/2024(H5N1)	280	23
PB2|PP755596.1|A/cattle/Texas/24-008749-003/2024(H5N1)	281	23
PB2|PP755596.1|A/cattle/Texas/24-008749-003/2024(H5N1)	282	24
PB2|PP755596.1|A/cattle/Texas/24-008749-003/2024(H5N1)	283	24
PB2|PP755596.1|A/cattle/Texas/24-008749-003/2024(H5N1)	284	24
PB2|PP755596.1|A/cattle/Texas/24-008749-003/2024(H5N1)	285	24
PB2|PP755596.1|A/cattle/Texas/24-008749-003/2024(H5N1)	286	23
PB2|PP755596.1|A/cattle/Texas/24-008749-003/2024(H5N1)	287	23
PB2|PP755596.1|A/cattle/Texas/24-008749-003/2024(H5N1)	288	23
PB2|PP755596.1|A/cattle/Texas/24-008749-003/2024(H5N1)	289	23
PB2|PP755596.1|A/cattle/Texas/24-008749-003/2024(H5N1)	290	23
PB2|PP755596.1|A/cattle/Texas/24-008749-003/2024(H5N1)	291	20
PB2|PP755596.1|A/cattle/Texas/24-008749-003/2024(H5N1)	292	20
PB2|PP755596.1|A/cattle/Texas/24-008749-003/2024(H5N1)	293	19
PB2|PP755596.1|A/cattle/Texas/24-008749-003/2024(H5N1)	294	19
PB2|PP755596.1|A/cattle/Texas/24-008749-003/2024(H5N1)	295	19
PB2|PP755596.1|A/cattle/Texas/24-008749-003/2024(H5N1)	296	19
PB2|PP755596.1|A/cattle/Texas/24-008749-003/2024(H5N1)	297	19
PB2|PP755596.1|A/cattle/Texas/24-008749-003/2024(H5N1)	298	19
PB2|PP755596.1|A/cattle/Texas/24-008749-003/2024(H5N1)	299	19
PB2|PP755596.1|A/cattle/Texas/24-008749-003/2024(H5N1)	300	19
PB2|PP755596.1|A/cattle/Texas/24-008749-003/2024(H5N1)	301	19
PB2|PP755596.1|A/cattle/Texas/24-008749-003/2024(H5N1)	302	19
PB2|PP755596.1|A/cattle/Texas/24-008749-003/2024(H5N1)	303	19
PB2|PP755596.1|A/cattle/Texas/24-008749-003/2024(H5N1)	304	20
PB2|PP755596.1|A/cattle/Texas/24-008749-003/2024(H5N1)	305	20
PB2|PP755596.1|A/cattle/Texas/24-008749-003/2024(H5N1)	306	20
PB2|PP755596.1|A/cattle/Texas/24-008749-003/2024(H5N1)	307	20
PB2|PP755596.1|A/cattle/Texas/24-008749-003/2024(H5N1)	308	20
PB2|PP755596.1|A/cattle/Texas/24-008749-003/2024(H5N1)	309	20
PB2|PP755596.1|A/cattle/Texas/24-008749-003/2024(H5N1)	310	20
PB2|PP755596.1|A/cattle/Texas/24-008749-003/2024(H5N1)	311	20
PB2|PP755596.1|A/cattle/Texas/24-008749-003/2024(H5N1)	312	22
PB2|PP755596.1|A/cattle/Texas/24-008749-003/2024(H5N1)	313	22
PB2|PP755596.1|A/cattle/Texas/24-008749-003/2024(H5N1)	314	22
PB2|PP755596.1|A/cattle/Texas/24-008749-003/2024(H5N1)	315	22
PB2|PP755596.1|A/cattle/Texas/24-008749-003/2024(H5N1)	316	22
PB2|PP755596.1|A/cattle/Texas/24-008749-003/2024(H5N1)	317	22
PB2|PP755596.1|A/cattle/Texas/24-008749-003/2024(H5N1)	318	22
PB2|PP755596.1|A/cattle/Texas/24-008749-003/2024(H5N1)	319	22
PB2|PP755596.1|A/cattle/Texas/24-008749-003/2024(H5N1)	320	22
PB2|PP755596.1|A/cattle/Texas/24-008749-003/2024(H5N1)	321	22
PB2|PP755596.1|A/cattle/Texas/24-008749-003/2024(H5N1)	322	23
PB2|PP755596.1|A/cattle/Texas/24-008749-003/2024(H5N1)	323	23
PB2|PP755596.1|A/cattle/Texas/24-008749-003/2024(H5N1)	324	23
PB2|PP755596.1|A/cattle/Texas/24-008749-003/2024(H5N1)	325	23
PB2|PP755596.1|A/cattle/Texas/24-008749-003/2024(H5N1)	326	23
PB2|PP755596.1|A/cattle/Texas/24-008749-003/2024(H5N1)	327	23
PB2|PP755596.1|A/cattle/Texas/24-008749-003/2024(H5N1)	328	23
PB2|PP755596.1|A/cattle/Texas/24-008749-003/2024(H5N1)	329	23
PB2|PP755596.1|A/cattle/Texas/24-008749-003/2024(H5N1)	330	23
PB2|PP755596.1|A/cattle/Texas/24-008749-003/2024(H5N1)	331	23
PB2|PP755596.1|A/cattle/Texas/24-008749-003/2024(H5N1)	332	26
PB2|PP755596.1|A/cattle/Texas/24-008749-003/2024(H5N1)	333	26
PB2|PP755596.1|A/cattle/Texas/24-008749-003/2024(H5N1)	334	26
PB2|PP755596.1|A/cattle/Texas/24-008749-003/2024(H5N1)	335	26
PB2|PP755596.1|A/cattle/Texas/24-008749-003/2024(H5N1)	336	26
PB2|PP755596.1|A/cattle/Texas/24-008749-003/2024(H5N1)	337	26
PB2|PP755596.1|A/cattle/Texas/24-008749-003/2024(H5N1)	338	26
PB2|PP755596.1|A/cattle/Texas/24-008749-003/2024(H5N1)	339	31
PB2|PP755596.1|A/cattle/Texas/24-008749-003/2024(H5N1)	340	33
PB2|PP755596.1|A/cattle/Texas/24-008749-003/2024(H5N1)	341	33
PB2|PP755596.1|A/cattle/Texas/24-008749-003/2024(H5N1)	342	33
PB2|PP755596.1|A/cattle/Texas/24-008749-003/2024(H5N1)	343	33
PB2|PP755596.1|A/cattle/Texas/24-008749-003/2024(H5N1)	344	32
PB2|PP755596.1|A/cattle/Texas/24-008749-003/2024(H5N1)	345	32
PB2|PP755596.1|A/cattle/Texas/24-008749-003/2024(H5N1)	346	32
PB2|PP755596.1|A/cattle/Texas/24-008749-003/2024(H5N1)	347	33
PB2|PP755596.1|A/cattle/Texas/24-008749-003/2024(H5N1)	348	32
PB2|PP755596.1|A/cattle/Texas/24-008749-003/2024(H5N1)	349	32
PB2|PP755596.1|A/cattle/Texas/24-008749-003/2024(H5N1)	350	31
PB2|PP755596.1|A/cattle/Texas/24-008749-003/2024(H5N1)	351	32
PB2|PP755596.1|A/cattle/Texas/24-008749-003/2024(H5N1)	352	32
PB2|PP755596.1|A/cattle/Texas/24-008749-003/2024(H5N1)	353	32
PB2|PP755596.1|A/cattle/Texas/24-008749-003/2024(H5N1)	354	31
PB2|PP755596.1|A/cattle/Texas/24-008749-003/2024(H5N1)	355	31
PB2|PP755596.1|A/cattle/Texas/24-008749-003/2024(H5N1)	356	31
PB2|PP755596.1|A/cattle/Texas/24-008749-003/2024(H5N1)	357	32
PB2|PP755596.1|A/cattle/Texas/24-008749-003/2024(H5N1)	358	32
PB2|PP755596.1|A/cattle/Texas/24-008749-003/2024(H5N1)	359	32
PB2|PP755596.1|A/cattle/Texas/24-008749-003/2024(H5N1)	360	31
PB2|PP755596.1|A/cattle/Texas/24-008749-003/2024(H5N1)	361	31
PB2|PP755596.1|A/cattle/Texas/24-008749-003/2024(H5N1)	362	31
PB2|PP755596.1|A/cattle/Texas/24-008749-003/2024(H5N1)	363	31
PB2|PP755596.1|A/cattle/Texas/24-008749-003/2024(H5N1)	364	32
PB2|PP755596.1|A/cattle/Texas/24-008749-003/2024(H5N1)	365	32
PB2|PP755596.1|A/cattle/Texas/24-008749-003/2024(H5N1)	366	32
PB2|PP755596.1|A/cattle/Texas/24-008749-003/2024(H5N1)	367	32
PB2|PP755596.1|A/cattle/Texas/24-008749-003/2024(H5N1)	368	32
PB2|PP755596.1|A/cattle/Texas/24-008749-003/2024(H5N1)	369	32
PB2|PP755596.1|A/cattle/Texas/24-008749-003/2024(H5N1)	370	32
PB2|PP755596.1|A/cattle/Texas/24-008749-003/2024(H5N1)	371	32
PB2|PP755596.1|A/cattle/Texas/24-008749-003/2024(H5N1)	372	32
PB2|PP755596.1|A/cattle/Texas/24-008749-003/2024(H5N1)	373	32
PB2|PP755596.1|A/cattle/Texas/24-008749-003/2024(H5N1)	374	32
PB2|PP755596.1|A/cattle/Texas/24-008749-003/2024(H5N1)	375	32
PB2|PP755596.1|A/cattle/Texas/24-008749-003/2024(H5N1)	376	32
PB2|PP755596.1|A/cattle/Texas/24-008749-003/2024(H5N1)	377	32
PB2|PP755596.1|A/cattle/Texas/24-008749-003/2024(H5N1)	378	32
PB2|PP755596.1|A/cattle/Texas/24-008749-003/2024(H5N1)	379	34
PB2|PP755596.1|A/cattle/Texas/24-008749-003/2024(H5N1)	380	33
PB2|PP755596.1|A/cattle/Texas/24-008749-003/2024(H5N1)	381	33
PB2|PP755596.1|A/cattle/Texas/24-008749-003/2024(H5N1)	382	33
PB2|PP755596.1|A/cattle/Texas/24-008749-003/2024(H5N1)	383	33
PB2|PP755596.1|A/cattle/Texas/24-008749-003/2024(H5N1)	384	33
PB2|PP755596.1|A/cattle/Texas/24-008749-003/2024(H5N1)	385	37
PB2|PP755596.1|A/cattle/Texas/24-008749-003/2024(H5N1)	386	37
PB2|PP755596.1|A/cattle/Texas/24-008749-003/2024(H5N1)	387	37
PB2|PP755596.1|A/cattle/Texas/24-008749-003/2024(H5N1)	388	37
PB2|PP755596.1|A/cattle/Texas/24-008749-003/2024(H5N1)	389	37
PB2|PP755596.1|A/cattle/Texas/24-008749-003/2024(H5N1)	390	35
PB2|PP755596.1|A/cattle/Texas/24-008749-003/2024(H5N1)	391	35
PB2|PP755596.1|A/cattle/Texas/24-008749-003/2024(H5N1)	392	39
PB2|PP755596.1|A/cattle/Texas/24-008749-003/2024(H5N1)	393	39
PB2|PP755596.1|A/cattle/Texas/24-008749-003/2024(H5N1)	394	39
PB2|PP755596.1|A/cattle/Texas/24-008749-003/2024(H5N1)	395	38
PB2|PP755596.1|A/cattle/Texas/24-008749-003/2024(H5N1)	396	38
PB2|PP755596.1|A/cattle/Texas/24-008749-003/2024(H5N1)	397	39
PB2|PP755596.1|A/cattle/Texas/24-008749-003/2024(H5N1)	398	39
PB2|PP755596.1|A/cattle/Texas/24-008749-003/2024(H5N1)	399	39
PB2|PP755596.1|A/cattle/Texas/24-008749-003/2024(H5N1)	400	39
PB2|PP755596.1|A/cattle/Texas/24-008749-003/2024(H5N1)	401	39
PB2|PP755596.1|A/cattle/Texas/24-008749-003/2024(H5N1)	402	39
PB2|PP755596.1|A/cattle/Texas/24-008749-003/2024(H5N1)	403	39
PB2|PP755596.1|A/cattle/Texas/24-008749-003/2024(H5N1)	404	39
PB2|PP755596.1|A/cattle/Texas/24-008749-003/2024(H5N1)	405	39
PB2|PP755596.1|A/cattle/Texas/24-008749-003/2024(H5N1)	406	39
PB2|PP755596.1|A/cattle/Texas/24-008749-003/2024(H5N1)	407	39
PB2|PP755596.1|A/cattle/Texas/24-008749-003/2024(H5N1)	408	39
PB2|PP755596.1|A/cattle/Texas/24-008749-003/2024(H5N1)	409	40
PB2|PP755596.1|A/cattle/Texas/24-008749-003/2024(H5N1)	410	40
PB2|PP755596.1|A/cattle/Texas/24-008749-003/2024(H5N1)	411	40
PB2|PP755596.1|A/cattle/Texas/24-008749-003/2024(H5N1)	412	41
PB2|PP755596.1|A/cattle/Texas/24-008749-003/2024(H5N1)	413	40
PB2|PP755596.1|A/cattle/Texas/24-008749-003/2024(H5N1)	414	40
PB2|PP755596.1|A/cattle/Texas/24-008749-003/2024(H5N1)	415	40
PB2|PP755596.1|A/cattle/Texas/24-008749-003/2024(H5N1)	416	40
PB2|PP755596.1|A/cattle/Texas/24-008749-003/2024(H5N1)	417	40
PB2|PP755596.1|A/cattle/Texas/24-008749-003/2024(H5N1)	418	39
PB2|PP755596.1|A/cattle/Texas/24-008749-003/2024(H5N1)	419	39
PB2|PP755596.1|A/cattle/Texas/24-008749-003/2024(H5N1)	420	39
PB2|PP755596.1|A/cattle/Texas/24-008749-003/2024(H5N1)	421	38
PB2|PP755596.1|A/cattle/Texas/24-008749-003/2024(H5N1)	422	38
PB2|PP755596.1|A/cattle/Texas/24-008749-003/2024(H5N1)	423	38
PB2|PP755596.1|A/cattle/Texas/24-008749-003/2024(H5N1)	424	38
PB2|PP755596.1|A/cattle/Texas/24-008749-003/2024(H5N1)	425	38
PB2|PP755596.1|A/cattle/Texas/24-008749-003/2024(H5N1)	426	38
PB2|PP755596.1|A/cattle/Texas/24-008749-003/2024(H5N1)	427	38
PB2|PP755596.1|A/cattle/Texas/24-008749-003/2024(H5N1)	428	37
PB2|PP755596.1|A/cattle/Texas/24-008749-003/2024(H5N1)	429	37
PB2|PP755596.1|A/cattle/Texas/24-008749-003/2024(H5N1)	430	37
PB2|PP755596.1|A/cattle/Texas/24-008749-003/2024(H5N1)	431	37
PB2|PP755596.1|A/cattle/Texas/24-008749-003/2024(H5N1)	432	37
PB2|PP755596.1|A/cattle/Texas/24-008749-003/2024(H5N1)	433	36
PB2|PP755596.1|A/cattle/Texas/24-008749-003/2024(H5N1)	434	36
PB2|PP755596.1|A/cattle/Texas/24-008749-003/2024(H5N1)	435	38
PB2|PP755596.1|A/cattle/Texas/24-008749-003/2024(H5N1)	436	38
PB2|PP755596.1|A/cattle/Texas/24-008749-003/2024(H5N1)	437	39
PB2|PP755596.1|A/cattle/Texas/24-008749-003/2024(H5N1)	438	39
PB2|PP755596.1|A/cattle/Texas/24-008749-003/2024(H5N1)	439	39
PB2|PP755596.1|A/cattle/Texas/24-008749-003/2024(H5N1)	440	39
PB2|PP755596.1|A/cattle/Texas/24-008749-003/2024(H5N1)	441	39
PB2|PP755596.1|A/cattle/Texas/24-008749-003/2024(H5N1)	442	39
PB2|PP755596.1|A/cattle/Texas/24-008749-003/2024(H5N1)	443	40
PB2|PP755596.1|A/cattle/Texas/24-008749-003/2024(H5N1)	444	40
PB2|PP755596.1|A/cattle/Texas/24-008749-003/2024(H5N1)	445	40
PB2|PP755596.1|A/cattle/Texas/24-008749-003/2024(H5N1)	446	40
PB2|PP755596.1|A/cattle/Texas/24-008749-003/2024(H5N1)	447	40
PB2|PP755596.1|A/cattle/Texas/24-008749-003/2024(H5N1)	448	40
PB2|PP755596.1|A/cattle/Texas/24-008749-003/2024(H5N1)	449	40
PB2|PP755596.1|A/cattle/Texas/24-008749-003/2024(H5N1)	450	40
PB2|PP755596.1|A/cattle/Texas/24-008749-003/2024(H5N1)	451	41
PB2|PP755596.1|A/cattle/Texas/24-008749-003/2024(H5N1)	452	42
PB2|PP755596.1|A/cattle/Texas/24-008749-003/2024(H5N1)	453	42
PB2|PP755596.1|A/cattle/Texas/24-008749-003/2024(H5N1)	454	42
PB2|PP755596.1|A/cattle/Texas/24-008749-003/2024(H5N1)	455	42
PB2|PP755596.1|A/cattle/Texas/24-008749-003/2024(H5N1)	456	42
PB2|PP755596.1|A/cattle/Texas/24-008749-003/2024(H5N1)	457	42
PB2|PP755596.1|A/cattle/Texas/24-008749-003/2024(H5N1)	458	43
PB2|PP755596.1|A/cattle/Texas/24-008749-003/2024(H5N1)	459	43
PB2|PP755596.1|A/cattle/Texas/24-008749-003/2024(H5N1)	460	43
PB2|PP755596.1|A/cattle/Texas/24-008749-003/2024(H5N1)	461	42
PB2|PP755596.1|A/cattle/Texas/24-008749-003/2024(H5N1)	462	42
PB2|PP755596.1|A/cattle/Texas/24-008749-003/2024(H5N1)	463	40
PB2|PP755596.1|A/cattle/Texas/24-008749-003/2024(H5N1)	464	40
PB2|PP755596.1|A/cattle/Texas/24-008749-003/2024(H5N1)	465	43
PB2|PP755596.1|A/cattle/Texas/24-008749-003/2024(H5N1)	466	43
PB2|PP755596.1|A/cattle/Texas/24-008749-003/2024(H5N1)	467	43
PB2|PP755596.1|A/cattle/Texas/24-008749-003/2024(H5N1)	468	45
PB2|PP755596.1|A/cattle/Texas/24-008749-003/2024(H5N1)	469	45
PB2|PP755596.1|A/cattle/Texas/24-008749-003/2024(H5N1)	470	45
PB2|PP755596.1|A/cattle/Texas/24-008749-003/2024(H5N1)	471	45
PB2|PP755596.1|A/cattle/Texas/24-008749-003/2024(H5N1)	472	45
PB2|PP755596.1|A/cattle/Texas/24-008749-003/2024(H5N1)	473	44
PB2|PP755596.1|A/cattle/Texas/24-008749-003/2024(H5N1)	474	45
PB2|PP755596.1|A/cattle/Texas/24-008749-003/2024(H5N1)	475	45
PB2|PP755596.1|A/cattle/Texas/24-008749-003/2024(H5N1)	476	45
PB2|PP755596.1|A/cattle/Texas/24-008749-003/2024(H5N1)	477	45
PB2|PP755596.1|A/cattle/Texas/24-008749-003/2024(H5N1)	478	45
PB2|PP755596.1|A/cattle/Texas/24-008749-003/2024(H5N1)	479	45
PB2|PP755596.1|A/cattle/Texas/24-008749-003/2024(H5N1)	480	45
PB2|PP755596.1|A/cattle/Texas/24-008749-003/2024(H5N1)	481	46
PB2|PP755596.1|A/cattle/Texas/24-008749-003/2024(H5N1)	482	46
PB2|PP755596.1|A/cattle/Texas/24-008749-003/2024(H5N1)	483	43
PB2|PP755596.1|A/cattle/Texas/24-008749-003/2024(H5N1)	484	43
PB2|PP755596.1|A/cattle/Texas/24-008749-003/2024(H5N1)	485	43
PB2|PP755596.1|A/cattle/Texas/24-008749-003/2024(H5N1)	486	43
PB2|PP755596.1|A/cattle/Texas/24-008749-003/2024(H5N1)	487	43
PB2|PP755596.1|A/cattle/Texas/24-008749-003/2024(H5N1)	488	43
PB2|PP755596.1|A/cattle/Texas/24-008749-003/2024(H5N1)	489	36
PB2|PP755596.1|A/cattle/Texas/24-008749-003/2024(H5N1)	490	36
PB2|PP755596.1|A/cattle/Texas/24-008749-003/2024(H5N1)	491	36
PB2|PP755596.1|A/cattle/Texas/24-008749-003/2024(H5N1)	492	36
PB2|PP755596.1|A/cattle/Texas/24-008749-003/2024(H5N1)	493	36
PB2|PP755596.1|A/cattle/Texas/24-008749-003/2024(H5N1)	494	36
PB2|PP755596.1|A/cattle/Texas/24-008749-003/2024(H5N1)	495	36
PB2|PP755596.1|A/cattle/Texas/24-008749-003/2024(H5N1)	496	36
PB2|PP755596.1|A/cattle/Texas/24-008749-003/2024(H5N1)	497	36
PB2|PP755596.1|A/cattle/Texas/24-008749-003/2024(H5N1)	498	35
PB2|PP755596.1|A/cattle/Texas/24-008749-003/2024(H5N1)	499	35
PB2|PP755596.1|A/cattle/Texas/24-008749-003/2024(H5N1)	500	35
PB2|PP755596.1|A/cattle/Texas/24-008749-003/2024(H5N1)	501	35
PB2|PP755596.1|A/cattle/Texas/24-008749-003/2024(H5N1)	502	34
PB2|PP755596.1|A/cattle/Texas/24-008749-003/2024(H5N1)	503	34
PB2|PP755596.1|A/cattle/Texas/24-008749-003/2024(H5N1)	504	34
PB2|PP755596.1|A/cattle/Texas/24-008749-003/2024(H5N1)	505	34
PB2|PP755596.1|A/cattle/Texas/24-008749-003/2024(H5N1)	506	35
PB2|PP755596.1|A/cattle/Texas/24-008749-003/2024(H5N1)	507	35
PB2|PP755596.1|A/cattle/Texas/24-008749-003/2024(H5N1)	508	34
PB2|PP755596.1|A/cattle/Texas/24-008749-003/2024(H5N1)	509	34
PB2|PP755596.1|A/cattle/Texas/24-008749-003/2024(H5N1)	510	34
PB2|PP755596.1|A/cattle/Texas/24-008749-003/2024(H5N1)	511	34
PB2|PP755596.1|A/cattle/Texas/24-008749-003/2024(H5N1)	512	34
PB2|PP755596.1|A/cattle/Texas/24-008749-003/2024(H5N1)	513	34
PB2|PP755596.1|A/cattle/Texas/24-008749-003/2024(H5N1)	514	35
PB2|PP755596.1|A/cattle/Texas/24-008749-003/2024(H5N1)	515	34
PB2|PP755596.1|A/cattle/Texas/24-008749-003/2024(H5N1)	516	34
PB2|PP755596.1|A/cattle/Texas/24-008749-003/2024(H5N1)	517	34
PB2|PP755596.1|A/cattle/Texas/24-008749-003/2024(H5N1)	518	34
PB2|PP755596.1|A/cattle/Texas/24-008749-003/2024(H5N1)	519	34
PB2|PP755596.1|A/cattle/Texas/24-008749-003/2024(H5N1)	520	34
PB2|PP755596.1|A/cattle/Texas/24-008749-003/2024(H5N1)	521	34
PB2|PP755596.1|A/cattle/Texas/24-008749-003/2024(H5N1)	522	34
PB2|PP755596.1|A/cattle/Texas/24-008749-003/2024(H5N1)	523	34
PB2|PP755596.1|A/cattle/Texas/24-008749-003/2024(H5N1)	524	35
PB2|PP755596.1|A/cattle/Texas/24-008749-003/2024(H5N1)	525	35
PB2|PP755596.1|A/cattle/Texas/24-008749-003/2024(H5N1)	526	36
PB2|PP755596.1|A/cattle/Texas/24-008749-003/2024(H5N1)	527	36
PB2|PP755596.1|A/cattle/Texas/24-008749-003/2024(H5N1)	528	36
PB2|PP755596.1|A/cattle/Texas/24-008749-003/2024(H5N1)	529	35
PB2|PP755596.1|A/cattle/Texas/24-008749-003/2024(H5N1)	530	34
PB2|PP755596.1|A/cattle/Texas/24-008749-003/2024(H5N1)	531	34
PB2|PP755596.1|A/cattle/Texas/24-008749-003/2024(H5N1)	532	34
PB2|PP755596.1|A/cattle/Texas/24-008749-003/2024(H5N1)	533	34
PB2|PP755596.1|A/cattle/Texas/24-008749-003/2024(H5N1)	534	34
PB2|PP755596.1|A/cattle/Texas/24-008749-003/2024(H5N1)	535	34
PB2|PP755596.1|A/cattle/Texas/24-008749-003/2024(H5N1)	536	32
PB2|PP755596.1|A/cattle/Texas/24-008749-003/2024(H5N1)	537	32
PB2|PP755596.1|A/cattle/Texas/24-008749-003/2024(H5N1)	538	33
PB2|PP755596.1|A/cattle/Texas/24-008749-003/2024(H5N1)	539	33
PB2|PP755596.1|A/cattle/Texas/24-008749-003/2024(H5N1)	540	33
PB2|PP755596.1|A/cattle/Texas/24-008749-003/2024(H5N1)	541	34
PB2|PP755596.1|A/cattle/Texas/24-008749-003/2024(H5N1)	542	30
PB2|PP755596.1|A/cattle/Texas/24-008749-003/2024(H5N1)	543	30
PB2|PP755596.1|A/cattle/Texas/24-008749-003/2024(H5N1)	544	30
PB2|PP755596.1|A/cattle/Texas/24-008749-003/2024(H5N1)	545	30
PB2|PP755596.1|A/cattle/Texas/24-008749-003/2024(H5N1)	546	30
PB2|PP755596.1|A/cattle/Texas/24-008749-003/2024(H5N1)	547	30
PB2|PP755596.1|A/cattle/Texas/24-008749-003/2024(H5N1)	548	29
PB2|PP755596.1|A/cattle/Texas/24-008749-003/2024(H5N1)	549	29
PB2|PP755596.1|A/cattle/Texas/24-008749-003/2024(H5N1)	550	29
PB2|PP755596.1|A/cattle/Texas/24-008749-003/2024(H5N1)	551	30
PB2|PP755596.1|A/cattle/Texas/24-008749-003/2024(H5N1)	552	30
PB2|PP755596.1|A/cattle/Texas/24-008749-003/2024(H5N1)	553	30
PB2|PP755596.1|A/cattle/Texas/24-008749-003/2024(H5N1)	554	31
PB2|PP755596.1|A/cattle/Texas/24-008749-003/2024(H5N1)	555	31
PB2|PP755596.1|A/cattle/Texas/24-008749-003/2024(H5N1)	556	31
PB2|PP755596.1|A/cattle/Texas/24-008749-003/2024(H5N1)	557	31
PB2|PP755596.1|A/cattle/Texas/24-008749-003/2024(H5N1)	558	31
PB2|PP755596.1|A/cattle/Texas/24-008749-003/2024(H5N1)	559	31
PB2|PP755596.1|A/cattle/Texas/24-008749-003/2024(H5N1)	560	30
PB2|PP755596.1|A/cattle/Texas/24-008749-003/2024(H5N1)	561	30
PB2|PP755596.1|A/cattle/Texas/24-008749-003/2024(H5N1)	562	32
PB2|PP755596.1|A/cattle/Texas/24-008749-003/2024(H5N1)	563	31
PB2|PP755596.1|A/cattle/Texas/24-008749-003/2024(H5N1)	564	31
PB2|PP755596.1|A/cattle/Texas/24-008749-003/2024(H5N1)	565	31
PB2|PP755596.1|A/cattle/Texas/24-008749-003/2024(H5N1)	566	31
PB2|PP755596.1|A/cattle/Texas/24-008749-003/2024(H5N1)	567	31
PB2|PP755596.1|A/cattle/Texas/24-008749-003/2024(H5N1)	568	33
PB2|PP755596.1|A/cattle/Texas/24-008749-003/2024(H5N1)	569	33
PB2|PP755596.1|A/cattle/Texas/24-008749-003/2024(H5N1)	570	32
PB2|PP755596.1|A/cattle/Texas/24-008749-003/2024(H5N1)	571	32
PB2|PP755596.1|A/cattle/Texas/24-008749-003/2024(H5N1)	572	32
PB2|PP755596.1|A/cattle/Texas/24-008749-003/2024(H5N1)	573	32
PB2|PP755596.1|A/cattle/Texas/24-008749-003/2024(H5N1)	574	32
PB2|PP755596.1|A/cattle/Texas/24-008749-003/2024(H5N1)	575	32
PB2|PP755596.1|A/cattle/Texas/24-008749-003/2024(H5N1)	576	32
PB2|PP755596.1|A/cattle/Texas/24-008749-003/2024(H5N1)	577	33
PB2|PP755596.1|A/cattle/Texas/24-008749-003/2024(H5N1)	578	33
PB2|PP755596.1|A/cattle/Texas/24-008749-003/2024(H5N1)	579	33
PB2|PP755596.1|A/cattle/Texas/24-008749-003/2024(H5N1)	580	33
PB2|PP755596.1|A/cattle/Texas/24-008749-003/2024(H5N1)	581	33
PB2|PP755596.1|A/cattle/Texas/24-008749-003/2024(H5N1)	582	33
PB2|PP755596.1|A/cattle/Texas/24-008749-003/2024(H5N1)	583	33
PB2|PP755596.1|A/cattle/Texas/24-008749-003/2024(H5N1)	584	36
PB2|PP755596.1|A/cattle/Texas/24-008749-003/2024(H5N1)	585	35
PB2|PP755596.1|A/cattle/Texas/24-008749-003/2024(H5N1)	586	32
PB2|PP755596.1|A/cattle/Texas/24-008749-003/2024(H5N1)	587	32
PB2|PP755596.1|A/cattle/Texas/24-008749-003/2024(H5N1)	588	33
PB2|PP755596.1|A/cattle/Texas/24-008749-003/2024(H5N1)	589	33
PB2|PP755596.1|A/cattle/Texas/24-008749-003/2024(H5N1)	590	33
PB2|PP755596.1|A/cattle/Texas/24-008749-003/2024(H5N1)	591	33
PB2|PP755596.1|A/cattle/Texas/24-008749-003/2024(H5N1)	592	33
PB2|PP755596.1|A/cattle/Texas/24-008749-003/2024(H5N1)	593	33
PB2|PP755596.1|A/cattle/Texas/24-008749-003/2024(H5N1)	594	32
PB2|PP755596.1|A/cattle/Texas/24-008749-003/2024(H5N1)	595	32
PB2|PP755596.1|A/cattle/Texas/24-008749-003/2024(H5N1)	596	32
PB2|PP755596.1|A/cattle/Texas/24-008749-003/2024(H5N1)	597	32
PB2|PP755596.1|A/cattle/Texas/24-008749-003/2024(H5N1)	598	33
PB2|PP755596.1|A/cattle/Texas/24-008749-003/2024(H5N1)	599	33
PB2|PP755596.1|A/cattle/Texas/24-008749-003/2024(H5N1)	600	34
PB2|PP755596.1|A/cattle/Texas/24-008749-003/2024(H5N1)	601	33
PB2|PP755596.1|A/cattle/Texas/24-008749-003/2024(H5N1)	602	32
PB2|PP755596.1|A/cattle/Texas/24-008749-003/2024(H5N1)	603	32
PB2|PP755596.1|A/cattle/Texas/24-008749-003/2024(H5N1)	604	33
PB2|PP755596.1|A/cattle/Texas/24-008749-003/2024(H5N1)	605	32
PB2|PP755596.1|A/cattle/Texas/24-008749-003/2024(H5N1)	606	32
PB2|PP755596.1|A/cattle/Texas/24-008749-003/2024(H5N1)	607	33
PB2|PP755596.1|A/cattle/Texas/24-008749-003/2024(H5N1)	608	33
PB2|PP755596.1|A/cattle/Texas/24-008749-003/2024(H5N1)	609	32
PB2|PP755596.1|A/cattle/Texas/24-008749-003/2024(H5N1)	610	32
PB2|PP755596.1|A/cattle/Texas/24-008749-003/2024(H5N1)	611	32
PB2|PP755596.1|A/cattle/Texas/24-008749-003/2024(H5N1)	612	32
PB2|PP755596.1|A/cattle/Texas/24-008749-003/2024(H5N1)	613	32
PB2|PP755596.1|A/cattle/Texas/24-008749-003/2024(H5N1)	614	31
PB2|PP755596.1|A/cattle/Texas/24-008749-003/2024(H5N1)	615	31
PB2|PP755596.1|A/cattle/Texas/24-008749-003/2024(H5N1)	616	29
PB2|PP755596.1|A/cattle/Texas/24-008749-003/2024(H5N1)	617	29
PB2|PP755596.1|A/cattle/Texas/24-008749-003/2024(H5N1)	618	29
PB2|PP755596.1|A/cattle/Texas/24-008749-003/2024(H5N1)	619	29
PB2|PP755596.1|A/cattle/Texas/24-008749-003/2024(H5N1)	620	29
PB2|PP755596.1|A/cattle/Texas/24-008749-003/2024(H5N1)	621	29
PB2|PP755596.1|A/cattle/Texas/24-008749-003/2024(H5N1)	622	29
PB2|PP755596.1|A/cattle/Texas/24-008749-003/2024(H5N1)	623	33
PB2|PP755596.1|A/cattle/Texas/24-008749-003/2024(H5N1)	624	33
PB2|PP755596.1|A/cattle/Texas/24-008749-003/2024(H5N1)	625	32
PB2|PP755596.1|A/cattle/Texas/24-008749-003/2024(H5N1)	626	32
PB2|PP755596.1|A/cattle/Texas/24-008749-003/2024(H5N1)	627	32
PB2|PP755596.1|A/cattle/Texas/24-008749-003/2024(H5N1)	628	33
PB2|PP755596.1|A/cattle/Texas/24-008749-003/2024(H5N1)	629	33
PB2|PP755596.1|A/cattle/Texas/24-008749-003/2024(H5N1)	630	33
PB2|PP755596.1|A/cattle/Texas/24-008749-003/2024(H5N1)	631	32
PB2|PP755596.1|A/cattle/Texas/24-008749-003/2024(H5N1)	632	32
PB2|PP755596.1|A/cattle/Texas/24-008749-003/2024(H5N1)	633	38
PB2|PP755596.1|A/cattle/Texas/24-008749-003/2024(H5N1)	634	38
PB2|PP755596.1|A/cattle/Texas/24-008749-003/2024(H5N1)	635	38
PB2|PP755596.1|A/cattle/Texas/24-008749-003/2024(H5N1)	636	38
PB2|PP755596.1|A/cattle/Texas/24-008749-003/2024(H5N1)	637	38
PB2|PP755596.1|A/cattle/Texas/24-008749-003/2024(H5N1)	638	38
PB2|PP755596.1|A/cattle/Texas/24-008749-003/2024(H5N1)	639	38
PB2|PP755596.1|A/cattle/Texas/24-008749-003/2024(H5N1)	640	38
PB2|PP755596.1|A/cattle/Texas/24-008749-003/2024(H5N1)	641	38
PB2|PP755596.1|A/cattle/Texas/24-008749-003/2024(H5N1)	642	38
PB2|PP755596.1|A/cattle/Texas/24-008749-003/2024(H5N1)	643	38
PB2|PP755596.1|A/cattle/Texas/24-008749-003/2024(H5N1)	644	38
PB2|PP755596.1|A/cattle/Texas/24-008749-003/2024(H5N1)	645	38
PB2|PP755596.1|A/cattle/Texas/24-008749-003/2024(H5N1)	646	38
PB2|PP755596.1|A/cattle/Texas/24-008749-003/2024(H5N1)	647	38
PB2|PP755596.1|A/cattle/Texas/24-008749-003/2024(H5N1)	648	38
PB2|PP755596.1|A/cattle/Texas/24-008749-003/2024(H5N1)	649	38
PB2|PP755596.1|A/cattle/Texas/24-008749-003/2024(H5N1)	650	39
PB2|PP755596.1|A/cattle/Texas/24-008749-003/2024(H5N1)	651	39
PB2|PP755596.1|A/cattle/Texas/24-008749-003/2024(H5N1)	652	39
PB2|PP755596.1|A/cattle/Texas/24-008749-003/2024(H5N1)	653	39
PB2|PP755596.1|A/cattle/Texas/24-008749-003/2024(H5N1)	654	40
PB2|PP755596.1|A/cattle/Texas/24-008749-003/2024(H5N1)	655	40
PB2|PP755596.1|A/cattle/Texas/24-008749-003/2024(H5N1)	656	39
PB2|PP755596.1|A/cattle/Texas/24-008749-003/2024(H5N1)	657	39
PB2|PP755596.1|A/cattle/Texas/24-008749-003/2024(H5N1)	658	39
PB2|PP755596.1|A/cattle/Texas/24-008749-003/2024(H5N1)	659	39
PB2|PP755596.1|A/cattle/Texas/24-008749-003/2024(H5N1)	660	39
PB2|PP755596.1|A/cattle/Texas/24-008749-003/2024(H5N1)	661	39
PB2|PP755596.1|A/cattle/Texas/24-008749-003/2024(H5N1)	662	38
PB2|PP755596.1|A/cattle/Texas/24-008749-003/2024(H5N1)	663	38
PB2|PP755596.1|A/cattle/Texas/24-008749-003/2024(H5N1)	664	39
PB2|PP755596.1|A/cattle/Texas/24-008749-003/2024(H5N1)	665	40
PB2|PP755596.1|A/cattle/Texas/24-008749-003/2024(H5N1)	666	40
PB2|PP755596.1|A/cattle/Texas/24-008749-003/2024(H5N1)	667	40
PB2|PP755596.1|A/cattle/Texas/24-008749-003/2024(H5N1)	668	40
PB2|PP755596.1|A/cattle/Texas/24-008749-003/2024(H5N1)	669	40
PB2|PP755596.1|A/cattle/Texas/24-008749-003/2024(H5N1)	670	40
PB2|PP755596.1|A/cattle/Texas/24-008749-003/2024(H5N1)	671	40
PB2|PP755596.1|A/cattle/Texas/24-008749-003/2024(H5N1)	672	40
PB2|PP755596.1|A/cattle/Texas/24-008749-003/2024(H5N1)	673	40
PB2|PP755596.1|A/cattle/Texas/24-008749-003/2024(H5N1)	674	40
PB2|PP755596.1|A/cattle/Texas/24-008749-003/2024(H5N1)	675	39
PB2|PP755596.1|A/cattle/Texas/24-008749-003/2024(H5N1)	676	39
PB2|PP755596.1|A/cattle/Texas/24-008749-003/2024(H5N1)	677	38
PB2|PP755596.1|A/cattle/Texas/24-008749-003/2024(H5N1)	678	39
PB2|PP755596.1|A/cattle/Texas/24-008749-003/2024(H5N1)	679	40
PB2|PP755596.1|A/cattle/Texas/24-008749-003/2024(H5N1)	680	40
PB2|PP755596.1|A/cattle/Texas/24-008749-003/2024(H5N1)	681	40
PB2|PP755596.1|A/cattle/Texas/24-008749-003/2024(H5N1)	682	40
PB2|PP755596.1|A/cattle/Texas/24-008749-003/2024(H5N1)	683	41
PB2|PP755596.1|A/cattle/Texas/24-008749-003/2024(H5N1)	684	41
PB2|PP755596.1|A/cattle/Texas/24-008749-003/2024(H5N1)	685	41
PB2|PP755596.1|A/cattle/Texas/24-008749-003/2024(H5N1)	686	39
PB2|PP755596.1|A/cattle/Texas/24-008749-003/2024(H5N1)	687	39
PB2|PP755596.1|A/cattle/Texas/24-008749-003/2024(H5N1)	688	38
PB2|PP755596.1|A/cattle/Texas/24-008749-003/2024(H5N1)	689	38
PB2|PP755596.1|A/cattle/Texas/24-008749-003/2024(H5N1)	690	38
PB2|PP755596.1|A/cattle/Texas/24-008749-003/2024(H5N1)	691	38
PB2|PP755596.1|A/cattle/Texas/24-008749-003/2024(H5N1)	692	37
PB2|PP755596.1|A/cattle/Texas/24-008749-003/2024(H5N1)	693	37
PB2|PP755596.1|A/cattle/Texas/24-008749-003/2024(H5N1)	694	36
PB2|PP755596.1|A/cattle/Texas/24-008749-003/2024(H5N1)	695	36
PB2|PP755596.1|A/cattle/Texas/24-008749-003/2024(H5N1)	696	36
PB2|PP755596.1|A/cattle/Texas/24-008749-003/2024(H5N1)	697	37
PB2|PP755596.1|A/cattle/Texas/24-008749-003/2024(H5N1)	698	38
PB2|PP755596.1|A/cattle/Texas/24-008749-003/2024(H5N1)	699	38
PB2|PP755596.1|A/cattle/Texas/24-008749-003/2024(H5N1)	700	38
PB2|PP755596.1|A/cattle/Texas/24-008749-003/2024(H5N1)	701	38
PB2|PP755596.1|A/cattle/Texas/24-008749-003/2024(H5N1)	702	37
PB2|PP755596.1|A/cattle/Texas/24-008749-003/2024(H5N1)	703	40
PB2|PP755596.1|A/cattle/Texas/24-008749-003/2024(H5N1)	704	40
PB2|PP755596.1|A/cattle/Texas/24-008749-003/2024(H5N1)	705	40
PB2|PP755596.1|A/cattle/Texas/24-008749-003/2024(H5N1)	706	40
PB2|PP755596.1|A/cattle/Texas/24-008749-003/2024(H5N1)	707	40
PB2|PP755596.1|A/cattle/Texas/24-008749-003/2024(H5N1)	708	40
PB2|PP755596.1|A/cattle/Texas/24-008749-003/2024(H5N1)	709	40
PB2|PP755596.1|A/cattle/Texas/24-008749-003/2024(H5N1)	710	40
PB2|PP755596.1|A/cattle/Texas/24-008749-003/2024(H5N1)	711	40
PB2|PP755596.1|A/cattle/Texas/24-008749-003/2024(H5N1)	712	38
PB2|PP755596.1|A/cattle/Texas/24-008749-003/2024(H5N1)	713	38
PB2|PP755596.1|A/cattle/Texas/24-008749-003/2024(H5N1)	714	38
PB2|PP755596.1|A/cattle/Texas/24-008749-003/2024(H5N1)	715	38
PB2|PP755596.1|A/cattle/Texas/24-008749-003/2024(H5N1)	716	38
PB2|PP755596.1|A/cattle/Texas/24-008749-003/2024(H5N1)	717	38
PB2|PP755596.1|A/cattle/Texas/24-008749-003/2024(H5N1)	718	38
PB2|PP755596.1|A/cattle/Texas/24-008749-003/2024(H5N1)	719	38
PB2|PP755596.1|A/cattle/Texas/24-008749-003/2024(H5N1)	720	38
PB2|PP755596.1|A/cattle/Texas/24-008749-003/2024(H5N1)	721	39
PB2|PP755596.1|A/cattle/Texas/24-008749-003/2024(H5N1)	722	39
PB2|PP755596.1|A/cattle/Texas/24-008749-003/2024(H5N1)	723	39
PB2|PP755596.1|A/cattle/Texas/24-008749-003/2024(H5N1)	724	39
PB2|PP755596.1|A/cattle/Texas/24-008749-003/2024(H5N1)	725	39
PB2|PP755596.1|A/cattle/Texas/24-008749-003/2024(H5N1)	726	41
PB2|PP755596.1|A/cattle/Texas/24-008749-003/2024(H5N1)	727	41
PB2|PP755596.1|A/cattle/Texas/24-008749-003/2024(H5N1)	728	40
PB2|PP755596.1|A/cattle/Texas/24-008749-003/2024(H5N1)	729	40
PB2|PP755596.1|A/cattle/Texas/24-008749-003/2024(H5N1)	730	41
PB2|PP755596.1|A/cattle/Texas/24-008749-003/2024(H5N1)	731	41
PB2|PP755596.1|A/cattle/Texas/24-008749-003/2024(H5N1)	732	41
PB2|PP755596.1|A/cattle/Texas/24-008749-003/2024(H5N1)	733	41
PB2|PP755596.1|A/cattle/Texas/24-008749-003/2024(H5N1)	734	42
PB2|PP755596.1|A/cattle/Texas/24-008749-003/2024(H5N1)	735	39
PB2|PP755596.1|A/cattle/Texas/24-008749-003/2024(H5N1)	736	39
PB2|PP755596.1|A/cattle/Texas/24-008749-003/2024(H5N1)	737	39
PB2|PP755596.1|A/cattle/Texas/24-008749-003/2024(H5N1)	738	38
PB2|PP755596.1|A/cattle/Texas/24-008749-003/2024(H5N1)	739	38
PB2|PP755596.1|A/cattle/Texas/24-008749-003/2024(H5N1)	740	38
PB2|PP755596.1|A/cattle/Texas/24-008749-003/2024(H5N1)	741	38
PB2|PP755596.1|A/cattle/Texas/24-008749-003/2024(H5N1)	742	38
PB2|PP755596.1|A/cattle/Texas/24-008749-003/2024(H5N1)	743	39
PB2|PP755596.1|A/cattle/Texas/24-008749-003/2024(H5N1)	744	39
PB2|PP755596.1|A/cattle/Texas/24-008749-003/2024(H5N1)	745	39
PB2|PP755596.1|A/cattle/Texas/24-008749-003/2024(H5N1)	746	39
PB2|PP755596.1|A/cattle/Texas/24-008749-003/2024(H5N1)	747	40
PB2|PP755596.1|A/cattle/Texas/24-008749-003/2024(H5N1)	748	40
PB2|PP755596.1|A/cattle/Texas/24-008749-003/2024(H5N1)	749	37
PB2|PP755596.1|A/cattle/Texas/24-008749-003/2024(H5N1)	750	37
PB2|PP755596.1|A/cattle/Texas/24-008749-003/2024(H5N1)	751	36
PB2|PP755596.1|A/cattle/Texas/24-008749-003/2024(H5N1)	752	36
PB2|PP755596.1|A/cattle/Texas/24-008749-003/2024(H5N1)	753	36
PB2|PP755596.1|A/cattle/Texas/24-008749-003/2024(H5N1)	754	35
PB2|PP755596.1|A/cattle/Texas/24-008749-003/2024(H5N1)	755	35
PB2|PP755596.1|A/cattle/Texas/24-008749-003/2024(H5N1)	756	36
PB2|PP755596.1|A/cattle/Texas/24-008749-003/2024(H5N1)	757	35
PB2|PP755596.1|A/cattle/Texas/24-008749-003/2024(H5N1)	758	35
PB2|PP755596.1|A/cattle/Texas/24-008749-003/2024(H5N1)	759	35
PB2|PP755596.1|A/cattle/Texas/24-008749-003/2024(H5N1)	760	35
PB2|PP755596.1|A/cattle/Texas/24-008749-003/2024(H5N1)	761	38
PB2|PP755596.1|A/cattle/Texas/24-008749-003/2024(H5N1)	762	38
PB2|PP755596.1|A/cattle/Texas/24-008749-003/2024(H5N1)	763	38
PB2|PP755596.1|A/cattle/Texas/24-008749-003/2024(H5N1)	764	38
PB2|PP755596.1|A/cattle/Texas/24-008749-003/2024(H5N1)	765	38
PB2|PP755596.1|A/cattle/Texas/24-008749-003/2024(H5N1)	766	38
PB2|PP755596.1|A/cattle/Texas/24-008749-003/2024(H5N1)	767	38
PB2|PP755596.1|A/cattle/Texas/24-008749-003/2024(H5N1)	768	38
PB2|PP755596.1|A/cattle/Texas/24-008749-003/2024(H5N1)	769	37
PB2|PP755596.1|A/cattle/Texas/24-008749-003/2024(H5N1)	770	30
PB2|PP755596.1|A/cattle/Texas/24-008749-003/2024(H5N1)	771	30
PB2|PP755596.1|A/cattle/Texas/24-008749-003/2024(H5N1)	772	30
PB2|PP755596.1|A/cattle/Texas/24-008749-003/2024(H5N1)	773	30
PB2|PP755596.1|A/cattle/Texas/24-008749-003/2024(H5N1)	774	29
PB2|PP755596.1|A/cattle/Texas/24-008749-003/2024(H5N1)	775	29
PB2|PP755596.1|A/cattle/Texas/24-008749-003/2024(H5N1)	776	29
PB2|PP755596.1|A/cattle/Texas/24-008749-003/2024(H5N1)	777	30
PB2|PP755596.1|A/cattle/Texas/24-008749-003/2024(H5N1)	778	30
PB2|PP755596.1|A/cattle/Texas/24-008749-003/2024(H5N1)	779	29
PB2|PP755596.1|A/cattle/Texas/24-008749-003/2024(H5N1)	780	30
PB2|PP755596.1|A/cattle/Texas/24-008749-003/2024(H5N1)	781	30
PB2|PP755596.1|A/cattle/Texas/24-008749-003/2024(H5N1)	782	30
PB2|PP755596.1|A/cattle/Texas/24-008749-003/2024(H5N1)	783	30
PB2|PP755596.1|A/cattle/Texas/24-008749-003/2024(H5N1)	784	30
PB2|PP755596.1|A/cattle/Texas/24-008749-003/2024(H5N1)	785	30
PB2|PP755596.1|A/cattle/Texas/24-008749-003/2024(H5N1)	786	30
PB2|PP755596.1|A/cattle/Texas/24-008749-003/2024(H5N1)	787	30
PB2|PP755596.1|A/cattle/Texas/24-008749-003/2024(H5N1)	788	31
PB2|PP755596.1|A/cattle/Texas/24-008749-003/2024(H5N1)	789	31
PB2|PP755596.1|A/cattle/Texas/24-008749-003/2024(H5N1)	790	31
PB2|PP755596.1|A/cattle/Texas/24-008749-003/2024(H5N1)	791	33
PB2|PP755596.1|A/cattle/Texas/24-008749-003/2024(H5N1)	792	33
PB2|PP755596.1|A/cattle/Texas/24-008749-003/2024(H5N1)	793	34
PB2|PP755596.1|A/cattle/Texas/24-008749-003/2024(H5N1)	794	34
PB2|PP755596.1|A/cattle/Texas/24-008749-003/2024(H5N1)	795	34
PB2|PP755596.1|A/cattle/Texas/24-008749-003/2024(H5N1)	796	34
PB2|PP755596.1|A/cattle/Texas/24-008749-003/2024(H5N1)	797	34
PB2|PP755596.1|A/cattle/Texas/24-008749-003/2024(H5N1)	798	34
PB2|PP755596.1|A/cattle/Texas/24-008749-003/2024(H5N1)	799	34
PB2|PP755596.1|A/cattle/Texas/24-008749-003/2024(H5N1)	800	35
PB2|PP755596.1|A/cattle/Texas/24-008749-003/2024(H5N1)	801	34
PB2|PP755596.1|A/cattle/Texas/24-008749-003/2024(H5N1)	802	34
PB2|PP755596.1|A/cattle/Texas/24-008749-003/2024(H5N1)	803	34
PB2|PP755596.1|A/cattle/Texas/24-008749-003/2024(H5N1)	804	35
PB2|PP755596.1|A/cattle/Texas/24-008749-003/2024(H5N1)	805	34
PB2|PP755596.1|A/cattle/Texas/24-008749-003/2024(H5N1)	806	36
PB2|PP755596.1|A/cattle/Texas/24-008749-003/2024(H5N1)	807	36
PB2|PP755596.1|A/cattle/Texas/24-008749-003/2024(H5N1)	808	36
PB2|PP755596.1|A/cattle/Texas/24-008749-003/2024(H5N1)	809	36
PB2|PP755596.1|A/cattle/Texas/24-008749-003/2024(H5N1)	810	36
PB2|PP755596.1|A/cattle/Texas/24-008749-003/2024(H5N1)	811	36
PB2|PP755596.1|A/cattle/Texas/24-008749-003/2024(H5N1)	812	36
PB2|PP755596.1|A/cattle/Texas/24-008749-003/2024(H5N1)	813	37
PB2|PP755596.1|A/cattle/Texas/24-008749-003/2024(H5N1)	814	37
PB2|PP755596.1|A/cattle/Texas/24-008749-003/2024(H5N1)	815	35
PB2|PP755596.1|A/cattle/Texas/24-008749-003/2024(H5N1)	816	35
PB2|PP755596.1|A/cattle/Texas/24-008749-003/2024(H5N1)	817	36
PB2|PP755596.1|A/cattle/Texas/24-008749-003/2024(H5N1)	818	36
PB2|PP755596.1|A/cattle/Texas/24-008749-003/2024(H5N1)	819	36
PB2|PP755596.1|A/cattle/Texas/24-008749-003/2024(H5N1)	820	36
PB2|PP755596.1|A/cattle/Texas/24-008749-003/2024(H5N1)	821	36
PB2|PP755596.1|A/cattle/Texas/24-008749-003/2024(H5N1)	822	35
PB2|PP755596.1|A/cattle/Texas/24-008749-003/2024(H5N1)	823	36
PB2|PP755596.1|A/cattle/Texas/24-008749-003/2024(H5N1)	824	38
PB2|PP755596.1|A/cattle/Texas/24-008749-003/2024(H5N1)	825	39
PB2|PP755596.1|A/cattle/Texas/24-008749-003/2024(H5N1)	826	39
PB2|PP755596.1|A/cattle/Texas/24-008749-003/2024(H5N1)	827	39
PB2|PP755596.1|A/cattle/Texas/24-008749-003/2024(H5N1)	828	38
PB2|PP755596.1|A/cattle/Texas/24-008749-003/2024(H5N1)	829	38
PB2|PP755596.1|A/cattle/Texas/24-008749-003/2024(H5N1)	830	38
PB2|PP755596.1|A/cattle/Texas/24-008749-003/2024(H5N1)	831	38
PB2|PP755596.1|A/cattle/Texas/24-008749-003/2024(H5N1)	832	38
PB2|PP755596.1|A/cattle/Texas/24-008749-003/2024(H5N1)	833	37
PB2|PP755596.1|A/cattle/Texas/24-008749-003/2024(H5N1)	834	37
PB2|PP755596.1|A/cattle/Texas/24-008749-003/2024(H5N1)	835	37
PB2|PP755596.1|A/cattle/Texas/24-008749-003/2024(H5N1)	836	37
PB2|PP755596.1|A/cattle/Texas/24-008749-003/2024(H5N1)	837	37
PB2|PP755596.1|A/cattle/Texas/24-008749-003/2024(H5N1)	838	38
PB2|PP755596.1|A/cattle/Texas/24-008749-003/2024(H5N1)	839	38
PB2|PP755596.1|A/cattle/Texas/24-008749-003/2024(H5N1)	840	38
PB2|PP755596.1|A/cattle/Texas/24-008749-003/2024(H5N1)	841	38
PB2|PP755596.1|A/cattle/Texas/24-008749-003/2024(H5N1)	842	38
PB2|PP755596.1|A/cattle/Texas/24-008749-003/2024(H5N1)	843	38
PB2|PP755596.1|A/cattle/Texas/24-008749-003/2024(H5N1)	844	38
PB2|PP755596.1|A/cattle/Texas/24-008749-003/2024(H5N1)	845	38
PB2|PP755596.1|A/cattle/Texas/24-008749-003/2024(H5N1)	846	38
PB2|PP755596.1|A/cattle/Texas/24-008749-003/2024(H5N1)	847	38
PB2|PP755596.1|A/cattle/Texas/24-008749-003/2024(H5N1)	848	38
PB2|PP755596.1|A/cattle/Texas/24-008749-003/2024(H5N1)	849	39
PB2|PP755596.1|A/cattle/Texas/24-008749-003/2024(H5N1)	850	39
PB2|PP755596.1|A/cattle/Texas/24-008749-003/2024(H5N1)	851	39
PB2|PP755596.1|A/cattle/Texas/24-008749-003/2024(H5N1)	852	39
PB2|PP755596.1|A/cattle/Texas/24-008749-003/2024(H5N1)	853	37
PB2|PP755596.1|A/cattle/Texas/24-008749-003/2024(H5N1)	854	36
PB2|PP755596.1|A/cattle/Texas/24-008749-003/2024(H5N1)	855	36
PB2|PP755596.1|A/cattle/Texas/24-008749-003/2024(H5N1)	856	35
PB2|PP755596.1|A/cattle/Texas/24-008749-003/2024(H5N1)	857	35
PB2|PP755596.1|A/cattle/Texas/24-008749-003/2024(H5N1)	858	35
PB2|PP755596.1|A/cattle/Texas/24-008749-003/2024(H5N1)	859	35
PB2|PP755596.1|A/cattle/Texas/24-008749-003/2024(H5N1)	860	35
PB2|PP755596.1|A/cattle/Texas/24-008749-003/2024(H5N1)	861	35
PB2|PP755596.1|A/cattle/Texas/24-008749-003/2024(H5N1)	862	35
PB2|PP755596.1|A/cattle/Texas/24-008749-003/2024(H5N1)	863	35
PB2|PP755596.1|A/cattle/Texas/24-008749-003/2024(H5N1)	864	35
PB2|PP755596.1|A/cattle/Texas/24-008749-003/2024(H5N1)	865	35
PB2|PP755596.1|A/cattle/Texas/24-008749-003/2024(H5N1)	866	35
PB2|PP755596.1|A/cattle/Texas/24-008749-003/2024(H5N1)	867	35
PB2|PP755596.1|A/cattle/Texas/24-008749-003/2024(H5N1)	868	35
PB2|PP755596.1|A/cattle/Texas/24-008749-003/2024(H5N1)	869	33
PB2|PP755596.1|A/cattle/Texas/24-008749-003/2024(H5N1)	870	33
PB2|PP755596.1|A/cattle/Texas/24-008749-003/2024(H5N1)	871	33
PB2|PP755596.1|A/cattle/Texas/24-008749-003/2024(H5N1)	872	35
PB2|PP755596.1|A/cattle/Texas/24-008749-003/2024(H5N1)	873	35
PB2|PP755596.1|A/cattle/Texas/24-008749-003/2024(H5N1)	874	35
PB2|PP755596.1|A/cattle/Texas/24-008749-003/2024(H5N1)	875	35
PB2|PP755596.1|A/cattle/Texas/24-008749-003/2024(H5N1)	876	35
PB2|PP755596.1|A/cattle/Texas/24-008749-003/2024(H5N1)	877	33
PB2|PP755596.1|A/cattle/Texas/24-008749-003/2024(H5N1)	878	33
PB2|PP755596.1|A/cattle/Texas/24-008749-003/2024(H5N1)	879	34
PB2|PP755596.1|A/cattle/Texas/24-008749-003/2024(H5N1)	880	35
PB2|PP755596.1|A/cattle/Texas/24-008749-003/2024(H5N1)	881	34
PB2|PP755596.1|A/cattle/Texas/24-008749-003/2024(H5N1)	882	34
PB2|PP755596.1|A/cattle/Texas/24-008749-003/2024(H5N1)	883	34
PB2|PP755596.1|A/cattle/Texas/24-008749-003/2024(H5N1)	884	34
PB2|PP755596.1|A/cattle/Texas/24-008749-003/2024(H5N1)	885	33
PB2|PP755596.1|A/cattle/Texas/24-008749-003/2024(H5N1)	886	33
PB2|PP755596.1|A/cattle/Texas/24-008749-003/2024(H5N1)	887	33
PB2|PP755596.1|A/cattle/Texas/24-008749-003/2024(H5N1)	888	33
PB2|PP755596.1|A/cattle/Texas/24-008749-003/2024(H5N1)	889	33
PB2|PP755596.1|A/cattle/Texas/24-008749-003/2024(H5N1)	890	33
PB2|PP755596.1|A/cattle/Texas/24-008749-003/2024(H5N1)	891	34
PB2|PP755596.1|A/cattle/Texas/24-008749-003/2024(H5N1)	892	34
PB2|PP755596.1|A/cattle/Texas/24-008749-003/2024(H5N1)	893	33
PB2|PP755596.1|A/cattle/Texas/24-008749-003/2024(H5N1)	894	33
PB2|PP755596.1|A/cattle/Texas/24-008749-003/2024(H5N1)	895	33
PB2|PP755596.1|A/cattle/Texas/24-008749-003/2024(H5N1)	896	32
PB2|PP755596.1|A/cattle/Texas/24-008749-003/2024(H5N1)	897	32
PB2|PP755596.1|A/cattle/Texas/24-008749-003/2024(H5N1)	898	31
PB2|PP755596.1|A/cattle/Texas/24-008749-003/2024(H5N1)	899	31
PB2|PP755596.1|A/cattle/Texas/24-008749-003/2024(H5N1)	900	31
PB2|PP755596.1|A/cattle/Texas/24-008749-003/2024(H5N1)	901	31
PB2|PP755596.1|A/cattle/Texas/24-008749-003/2024(H5N1)	902	31
PB2|PP755596.1|A/cattle/Texas/24-008749-003/2024(H5N1)	903	32
PB2|PP755596.1|A/cattle/Texas/24-008749-003/2024(H5N1)	904	32
PB2|PP755596.1|A/cattle/Texas/24-008749-003/2024(H5N1)	905	32
PB2|PP755596.1|A/cattle/Texas/24-008749-003/2024(H5N1)	906	32
PB2|PP755596.1|A/cattle/Texas/24-008749-003/2024(H5N1)	907	32
PB2|PP755596.1|A/cattle/Texas/24-008749-003/2024(H5N1)	908	33
PB2|PP755596.1|A/cattle/Texas/24-008749-003/2024(H5N1)	909	33
PB2|PP755596.1|A/cattle/Texas/24-008749-003/2024(H5N1)	910	33
PB2|PP755596.1|A/cattle/Texas/24-008749-003/2024(H5N1)	911	33
PB2|PP755596.1|A/cattle/Texas/24-008749-003/2024(H5N1)	912	30
PB2|PP755596.1|A/cattle/Texas/24-008749-003/2024(H5N1)	913	30
PB2|PP755596.1|A/cattle/Texas/24-008749-003/2024(H5N1)	914	30
PB2|PP755596.1|A/cattle/Texas/24-008749-003/2024(H5N1)	915	30
PB2|PP755596.1|A/cattle/Texas/24-008749-003/2024(H5N1)	916	30
PB2|PP755596.1|A/cattle/Texas/24-008749-003/2024(H5N1)	917	30
PB2|PP755596.1|A/cattle/Texas/24-008749-003/2024(H5N1)	918	30
PB2|PP755596.1|A/cattle/Texas/24-008749-003/2024(H5N1)	919	30
PB2|PP755596.1|A/cattle/Texas/24-008749-003/2024(H5N1)	920	31
PB2|PP755596.1|A/cattle/Texas/24-008749-003/2024(H5N1)	921	30
PB2|PP755596.1|A/cattle/Texas/24-008749-003/2024(H5N1)	922	30
PB2|PP755596.1|A/cattle/Texas/24-008749-003/2024(H5N1)	923	29
PB2|PP755596.1|A/cattle/Texas/24-008749-003/2024(H5N1)	924	29
PB2|PP755596.1|A/cattle/Texas/24-008749-003/2024(H5N1)	925	32
PB2|PP755596.1|A/cattle/Texas/24-008749-003/2024(H5N1)	926	32
PB2|PP755596.1|A/cattle/Texas/24-008749-003/2024(H5N1)	927	31
PB2|PP755596.1|A/cattle/Texas/24-008749-003/2024(H5N1)	928	31
PB2|PP755596.1|A/cattle/Texas/24-008749-003/2024(H5N1)	929	31
PB2|PP755596.1|A/cattle/Texas/24-008749-003/2024(H5N1)	930	32
PB2|PP755596.1|A/cattle/Texas/24-008749-003/2024(H5N1)	931	32
PB2|PP755596.1|A/cattle/Texas/24-008749-003/2024(H5N1)	932	32
PB2|PP755596.1|A/cattle/Texas/24-008749-003/2024(H5N1)	933	32
PB2|PP755596.1|A/cattle/Texas/24-008749-003/2024(H5N1)	934	36
PB2|PP755596.1|A/cattle/Texas/24-008749-003/2024(H5N1)	935	37
PB2|PP755596.1|A/cattle/Texas/24-008749-003/2024(H5N1)	936	38
PB2|PP755596.1|A/cattle/Texas/24-008749-003/2024(H5N1)	937	38
PB2|PP755596.1|A/cattle/Texas/24-008749-003/2024(H5N1)	938	38
PB2|PP755596.1|A/cattle/Texas/24-008749-003/2024(H5N1)	939	37
PB2|PP755596.1|A/cattle/Texas/24-008749-003/2024(H5N1)	940	38
PB2|PP755596.1|A/cattle/Texas/24-008749-003/2024(H5N1)	941	36
PB2|PP755596.1|A/cattle/Texas/24-008749-003/2024(H5N1)	942	36
PB2|PP755596.1|A/cattle/Texas/24-008749-003/2024(H5N1)	943	36
PB2|PP755596.1|A/cattle/Texas/24-008749-003/2024(H5N1)	944	35
PB2|PP755596.1|A/cattle/Texas/24-008749-003/2024(H5N1)	945	35
PB2|PP755596.1|A/cattle/Texas/24-008749-003/2024(H5N1)	946	38
PB2|PP755596.1|A/cattle/Texas/24-008749-003/2024(H5N1)	947	38
PB2|PP755596.1|A/cattle/Texas/24-008749-003/2024(H5N1)	948	39
PB2|PP755596.1|A/cattle/Texas/24-008749-003/2024(H5N1)	949	38
PB2|PP755596.1|A/cattle/Texas/24-008749-003/2024(H5N1)	950	38
PB2|PP755596.1|A/cattle/Texas/24-008749-003/2024(H5N1)	951	38
PB2|PP755596.1|A/cattle/Texas/24-008749-003/2024(H5N1)	952	38
PB2|PP755596.1|A/cattle/Texas/24-008749-003/2024(H5N1)	953	40
PB2|PP755596.1|A/cattle/Texas/24-008749-003/2024(H5N1)	954	40
PB2|PP755596.1|A/cattle/Texas/24-008749-003/2024(H5N1)	955	39
PB2|PP755596.1|A/cattle/Texas/24-008749-003/2024(H5N1)	956	39
PB2|PP755596.1|A/cattle/Texas/24-008749-003/2024(H5N1)	957	37
PB2|PP755596.1|A/cattle/Texas/24-008749-003/2024(H5N1)	958	37
PB2|PP755596.1|A/cattle/Texas/24-008749-003/2024(H5N1)	959	37
PB2|PP755596.1|A/cattle/Texas/24-008749-003/2024(H5N1)	960	37
PB2|PP755596.1|A/cattle/Texas/24-008749-003/2024(H5N1)	961	37
PB2|PP755596.1|A/cattle/Texas/24-008749-003/2024(H5N1)	962	37
PB2|PP755596.1|A/cattle/Texas/24-008749-003/2024(H5N1)	963	37
PB2|PP755596.1|A/cattle/Texas/24-008749-003/2024(H5N1)	964	36
PB2|PP755596.1|A/cattle/Texas/24-008749-003/2024(H5N1)	965	37
PB2|PP755596.1|A/cattle/Texas/24-008749-003/2024(H5N1)	966	37
PB2|PP755596.1|A/cattle/Texas/24-008749-003/2024(H5N1)	967	36
PB2|PP755596.1|A/cattle/Texas/24-008749-003/2024(H5N1)	968	36
PB2|PP755596.1|A/cattle/Texas/24-008749-003/2024(H5N1)	969	36
PB2|PP755596.1|A/cattle/Texas/24-008749-003/2024(H5N1)	970	36
PB2|PP755596.1|A/cattle/Texas/24-008749-003/2024(H5N1)	971	37
PB2|PP755596.1|A/cattle/Texas/24-008749-003/2024(H5N1)	972	36
PB2|PP755596.1|A/cattle/Texas/24-008749-003/2024(H5N1)	973	35
PB2|PP755596.1|A/cattle/Texas/24-008749-003/2024(H5N1)	974	35
PB2|PP755596.1|A/cattle/Texas/24-008749-003/2024(H5N1)	975	34
PB2|PP755596.1|A/cattle/Texas/24-008749-003/2024(H5N1)	976	33
PB2|PP755596.1|A/cattle/Texas/24-008749-003/2024(H5N1)	977	33
PB2|PP755596.1|A/cattle/Texas/24-008749-003/2024(H5N1)	978	33
PB2|PP755596.1|A/cattle/Texas/24-008749-003/2024(H5N1)	979	33
PB2|PP755596.1|A/cattle/Texas/24-008749-003/2024(H5N1)	980	33
PB2|PP755596.1|A/cattle/Texas/24-008749-003/2024(H5N1)	981	32
PB2|PP755596.1|A/cattle/Texas/24-008749-003/2024(H5N1)	982	32
PB2|PP755596.1|A/cattle/Texas/24-008749-003/2024(H5N1)	983	32
PB2|PP755596.1|A/cattle/Texas/24-008749-003/2024(H5N1)	984	32
PB2|PP755596.1|A/cattle/Texas/24-008749-003/2024(H5N1)	985	32
PB2|PP755596.1|A/cattle/Texas/24-008749-003/2024(H5N1)	986	32
PB2|PP755596.1|A/cattle/Texas/24-008749-003/2024(H5N1)	987	32
PB2|PP755596.1|A/cattle/Texas/24-008749-003/2024(H5N1)	988	32
PB2|PP755596.1|A/cattle/Texas/24-008749-003/2024(H5N1)	989	31
PB2|PP755596.1|A/cattle/Texas/24-008749-003/2024(H5N1)	990	31
PB2|PP755596.1|A/cattle/Texas/24-008749-003/2024(H5N1)	991	33
PB2|PP755596.1|A/cattle/Texas/24-008749-003/2024(H5N1)	992	33
PB2|PP755596.1|A/cattle/Texas/24-008749-003/2024(H5N1)	993	33
PB2|PP755596.1|A/cattle/Texas/24-008749-003/2024(H5N1)	994	33
PB2|PP755596.1|A/cattle/Texas/24-008749-003/2024(H5N1)	995	34
PB2|PP755596.1|A/cattle/Texas/24-008749-003/2024(H5N1)	996	33
PB2|PP755596.1|A/cattle/Texas/24-008749-003/2024(H5N1)	997	34
PB2|PP755596.1|A/cattle/Texas/24-008749-003/2024(H5N1)	998	34
PB2|PP755596.1|A/cattle/Texas/24-008749-003/2024(H5N1)	999	34
PB2|PP755596.1|A/cattle/Texas/24-008749-003/2024(H5N1)	1000	34
PB2|PP755596.1|A/cattle/Texas/24-008749-003/2024(H5N1)	1001	36
PB2|PP755596.1|A/cattle/Texas/24-008749-003/2024(H5N1)	1002	37
PB2|PP755596.1|A/cattle/Texas/24-008749-003/2024(H5N1)	1003	37
PB2|PP755596.1|A/cattle/Texas/24-008749-003/2024(H5N1)	1004	37
PB2|PP755596.1|A/cattle/Texas/24-008749-003/2024(H5N1)	1005	37
PB2|PP755596.1|A/cattle/Texas/24-008749-003/2024(H5N1)	1006	38
PB2|PP755596.1|A/cattle/Texas/24-008749-003/2024(H5N1)	1007	38
PB2|PP755596.1|A/cattle/Texas/24-008749-003/2024(H5N1)	1008	38
PB2|PP755596.1|A/cattle/Texas/24-008749-003/2024(H5N1)	1009	38
PB2|PP755596.1|A/cattle/Texas/24-008749-003/2024(H5N1)	1010	38
PB2|PP755596.1|A/cattle/Texas/24-008749-003/2024(H5N1)	1011	38
PB2|PP755596.1|A/cattle/Texas/24-008749-003/2024(H5N1)	1012	38
PB2|PP755596.1|A/cattle/Texas/24-008749-003/2024(H5N1)	1013	40
PB2|PP755596.1|A/cattle/Texas/24-008749-003/2024(H5N1)	1014	40
PB2|PP755596.1|A/cattle/Texas/24-008749-003/2024(H5N1)	1015	40
PB2|PP755596.1|A/cattle/Texas/24-008749-003/2024(H5N1)	1016	40
PB2|PP755596.1|A/cattle/Texas/24-008749-003/2024(H5N1)	1017	40
PB2|PP755596.1|A/cattle/Texas/24-008749-003/2024(H5N1)	1018	40
PB2|PP755596.1|A/cattle/Texas/24-008749-003/2024(H5N1)	1019	41
PB2|PP755596.1|A/cattle/Texas/24-008749-003/2024(H5N1)	1020	41
PB2|PP755596.1|A/cattle/Texas/24-008749-003/2024(H5N1)	1021	40
PB2|PP755596.1|A/cattle/Texas/24-008749-003/2024(H5N1)	1022	40
PB2|PP755596.1|A/cattle/Texas/24-008749-003/2024(H5N1)	1023	38
PB2|PP755596.1|A/cattle/Texas/24-008749-003/2024(H5N1)	1024	38
PB2|PP755596.1|A/cattle/Texas/24-008749-003/2024(H5N1)	1025	39
PB2|PP755596.1|A/cattle/Texas/24-008749-003/2024(H5N1)	1026	39
PB2|PP755596.1|A/cattle/Texas/24-008749-003/2024(H5N1)	1027	39
PB2|PP755596.1|A/cattle/Texas/24-008749-003/2024(H5N1)	1028	38
PB2|PP755596.1|A/cattle/Texas/24-008749-003/2024(H5N1)	1029	38
PB2|PP755596.1|A/cattle/Texas/24-008749-003/2024(H5N1)	1030	39
PB2|PP755596.1|A/cattle/Texas/24-008749-003/2024(H5N1)	1031	38
PB2|PP755596.1|A/cattle/Texas/24-008749-003/2024(H5N1)	1032	38
PB2|PP755596.1|A/cattle/Texas/24-008749-003/2024(H5N1)	1033	38
PB2|PP755596.1|A/cattle/Texas/24-008749-003/2024(H5N1)	1034	38
PB2|PP755596.1|A/cattle/Texas/24-008749-003/2024(H5N1)	1035	38
PB2|PP755596.1|A/cattle/Texas/24-008749-003/2024(H5N1)	1036	38
PB2|PP755596.1|A/cattle/Texas/24-008749-003/2024(H5N1)	1037	38
PB2|PP755596.1|A/cattle/Texas/24-008749-003/2024(H5N1)	1038	38
PB2|PP755596.1|A/cattle/Texas/24-008749-003/2024(H5N1)	1039	38
PB2|PP755596.1|A/cattle/Texas/24-008749-003/2024(H5N1)	1040	38
PB2|PP755596.1|A/cattle/Texas/24-008749-003/2024(H5N1)	1041	38
PB2|PP755596.1|A/cattle/Texas/24-008749-003/2024(H5N1)	1042	37
PB2|PP755596.1|A/cattle/Texas/24-008749-003/2024(H5N1)	1043	39
PB2|PP755596.1|A/cattle/Texas/24-008749-003/2024(H5N1)	1044	40
PB2|PP755596.1|A/cattle/Texas/24-008749-003/2024(H5N1)	1045	40
PB2|PP755596.1|A/cattle/Texas/24-008749-003/2024(H5N1)	1046	40
PB2|PP755596.1|A/cattle/Texas/24-008749-003/2024(H5N1)	1047	40
PB2|PP755596.1|A/cattle/Texas/24-008749-003/2024(H5N1)	1048	41
PB2|PP755596.1|A/cattle/Texas/24-008749-003/2024(H5N1)	1049	41
PB2|PP755596.1|A/cattle/Texas/24-008749-003/2024(H5N1)	1050	41
PB2|PP755596.1|A/cattle/Texas/24-008749-003/2024(H5N1)	1051	41
PB2|PP755596.1|A/cattle/Texas/24-008749-003/2024(H5N1)	1052	41
PB2|PP755596.1|A/cattle/Texas/24-008749-003/2024(H5N1)	1053	40
PB2|PP755596.1|A/cattle/Texas/24-008749-003/2024(H5N1)	1054	39
PB2|PP755596.1|A/cattle/Texas/24-008749-003/2024(H5N1)	1055	39
PB2|PP755596.1|A/cattle/Texas/24-008749-003/2024(H5N1)	1056	39
PB2|PP755596.1|A/cattle/Texas/24-008749-003/2024(H5N1)	1057	39
PB2|PP755596.1|A/cattle/Texas/24-008749-003/2024(H5N1)	1058	39
PB2|PP755596.1|A/cattle/Texas/24-008749-003/2024(H5N1)	1059	38
PB2|PP755596.1|A/cattle/Texas/24-008749-003/2024(H5N1)	1060	38
PB2|PP755596.1|A/cattle/Texas/24-008749-003/2024(H5N1)	1061	39
PB2|PP755596.1|A/cattle/Texas/24-008749-003/2024(H5N1)	1062	40
PB2|PP755596.1|A/cattle/Texas/24-008749-003/2024(H5N1)	1063	40
PB2|PP755596.1|A/cattle/Texas/24-008749-003/2024(H5N1)	1064	41
PB2|PP755596.1|A/cattle/Texas/24-008749-003/2024(H5N1)	1065	41
PB2|PP755596.1|A/cattle/Texas/24-008749-003/2024(H5N1)	1066	42
PB2|PP755596.1|A/cattle/Texas/24-008749-003/2024(H5N1)	1067	42
PB2|PP755596.1|A/cattle/Texas/24-008749-003/2024(H5N1)	1068	42
PB2|PP755596.1|A/cattle/Texas/24-008749-003/2024(H5N1)	1069	44
PB2|PP755596.1|A/cattle/Texas/24-008749-003/2024(H5N1)	1070	44
PB2|PP755596.1|A/cattle/Texas/24-008749-003/2024(H5N1)	1071	43
PB2|PP755596.1|A/cattle/Texas/24-008749-003/2024(H5N1)	1072	43
PB2|PP755596.1|A/cattle/Texas/24-008749-003/2024(H5N1)	1073	43
PB2|PP755596.1|A/cattle/Texas/24-008749-003/2024(H5N1)	1074	43
PB2|PP755596.1|A/cattle/Texas/24-008749-003/2024(H5N1)	1075	48
PB2|PP755596.1|A/cattle/Texas/24-008749-003/2024(H5N1)	1076	46
PB2|PP755596.1|A/cattle/Texas/24-008749-003/2024(H5N1)	1077	46
PB2|PP755596.1|A/cattle/Texas/24-008749-003/2024(H5N1)	1078	46
PB2|PP755596.1|A/cattle/Texas/24-008749-003/2024(H5N1)	1079	46
PB2|PP755596.1|A/cattle/Texas/24-008749-003/2024(H5N1)	1080	46
PB2|PP755596.1|A/cattle/Texas/24-008749-003/2024(H5N1)	1081	45
PB2|PP755596.1|A/cattle/Texas/24-008749-003/2024(H5N1)	1082	46
PB2|PP755596.1|A/cattle/Texas/24-008749-003/2024(H5N1)	1083	46
PB2|PP755596.1|A/cattle/Texas/24-008749-003/2024(H5N1)	1084	48
PB2|PP755596.1|A/cattle/Texas/24-008749-003/2024(H5N1)	1085	45
PB2|PP755596.1|A/cattle/Texas/24-008749-003/2024(H5N1)	1086	46
PB2|PP755596.1|A/cattle/Texas/24-008749-003/2024(H5N1)	1087	46
PB2|PP755596.1|A/cattle/Texas/24-008749-003/2024(H5N1)	1088	47
PB2|PP755596.1|A/cattle/Texas/24-008749-003/2024(H5N1)	1089	48
PB2|PP755596.1|A/cattle/Texas/24-008749-003/2024(H5N1)	1090	48
PB2|PP755596.1|A/cattle/Texas/24-008749-003/2024(H5N1)	1091	47
PB2|PP755596.1|A/cattle/Texas/24-008749-003/2024(H5N1)	1092	47
PB2|PP755596.1|A/cattle/Texas/24-008749-003/2024(H5N1)	1093	47
PB2|PP755596.1|A/cattle/Texas/24-008749-003/2024(H5N1)	1094	47
PB2|PP755596.1|A/cattle/Texas/24-008749-003/2024(H5N1)	1095	48
PB2|PP755596.1|A/cattle/Texas/24-008749-003/2024(H5N1)	1096	48
PB2|PP755596.1|A/cattle/Texas/24-008749-003/2024(H5N1)	1097	45
PB2|PP755596.1|A/cattle/Texas/24-008749-003/2024(H5N1)	1098	44
PB2|PP755596.1|A/cattle/Texas/24-008749-003/2024(H5N1)	1099	44
PB2|PP755596.1|A/cattle/Texas/24-008749-003/2024(H5N1)	1100	44
PB2|PP755596.1|A/cattle/Texas/24-008749-003/2024(H5N1)	1101	44
PB2|PP755596.1|A/cattle/Texas/24-008749-003/2024(H5N1)	1102	44
PB2|PP755596.1|A/cattle/Texas/24-008749-003/2024(H5N1)	1103	44
PB2|PP755596.1|A/cattle/Texas/24-008749-003/2024(H5N1)	1104	42
PB2|PP755596.1|A/cattle/Texas/24-008749-003/2024(H5N1)	1105	42
PB2|PP755596.1|A/cattle/Texas/24-008749-003/2024(H5N1)	1106	42
PB2|PP755596.1|A/cattle/Texas/24-008749-003/2024(H5N1)	1107	42
PB2|PP755596.1|A/cattle/Texas/24-008749-003/2024(H5N1)	1108	42
PB2|PP755596.1|A/cattle/Texas/24-008749-003/2024(H5N1)	1109	44
PB2|PP755596.1|A/cattle/Texas/24-008749-003/2024(H5N1)	1110	44
PB2|PP755596.1|A/cattle/Texas/24-008749-003/2024(H5N1)	1111	44
PB2|PP755596.1|A/cattle/Texas/24-008749-003/2024(H5N1)	1112	44
PB2|PP755596.1|A/cattle/Texas/24-008749-003/2024(H5N1)	1113	44
PB2|PP755596.1|A/cattle/Texas/24-008749-003/2024(H5N1)	1114	44
PB2|PP755596.1|A/cattle/Texas/24-008749-003/2024(H5N1)	1115	44
PB2|PP755596.1|A/cattle/Texas/24-008749-003/2024(H5N1)	1116	43
PB2|PP755596.1|A/cattle/Texas/24-008749-003/2024(H5N1)	1117	43
PB2|PP755596.1|A/cattle/Texas/24-008749-003/2024(H5N1)	1118	43
PB2|PP755596.1|A/cattle/Texas/24-008749-003/2024(H5N1)	1119	43
PB2|PP755596.1|A/cattle/Texas/24-008749-003/2024(H5N1)	1120	42
PB2|PP755596.1|A/cattle/Texas/24-008749-003/2024(H5N1)	1121	42
PB2|PP755596.1|A/cattle/Texas/24-008749-003/2024(H5N1)	1122	42
PB2|PP755596.1|A/cattle/Texas/24-008749-003/2024(H5N1)	1123	42
PB2|PP755596.1|A/cattle/Texas/24-008749-003/2024(H5N1)	1124	42
PB2|PP755596.1|A/cattle/Texas/24-008749-003/2024(H5N1)	1125	42
PB2|PP755596.1|A/cattle/Texas/24-008749-003/2024(H5N1)	1126	42
PB2|PP755596.1|A/cattle/Texas/24-008749-003/2024(H5N1)	1127	42
PB2|PP755596.1|A/cattle/Texas/24-008749-003/2024(H5N1)	1128	42
PB2|PP755596.1|A/cattle/Texas/24-008749-003/2024(H5N1)	1129	43
PB2|PP755596.1|A/cattle/Texas/24-008749-003/2024(H5N1)	1130	42
PB2|PP755596.1|A/cattle/Texas/24-008749-003/2024(H5N1)	1131	42
PB2|PP755596.1|A/cattle/Texas/24-008749-003/2024(H5N1)	1132	44
PB2|PP755596.1|A/cattle/Texas/24-008749-003/2024(H5N1)	1133	44
PB2|PP755596.1|A/cattle/Texas/24-008749-003/2024(H5N1)	1134	44
PB2|PP755596.1|A/cattle/Texas/24-008749-003/2024(H5N1)	1135	44
PB2|PP755596.1|A/cattle/Texas/24-008749-003/2024(H5N1)	1136	44
PB2|PP755596.1|A/cattle/Texas/24-008749-003/2024(H5N1)	1137	44
PB2|PP755596.1|A/cattle/Texas/24-008749-003/2024(H5N1)	1138	44
PB2|PP755596.1|A/cattle/Texas/24-008749-003/2024(H5N1)	1139	44
PB2|PP755596.1|A/cattle/Texas/24-008749-003/2024(H5N1)	1140	44
PB2|PP755596.1|A/cattle/Texas/24-008749-003/2024(H5N1)	1141	44
PB2|PP755596.1|A/cattle/Texas/24-008749-003/2024(H5N1)	1142	42
PB2|PP755596.1|A/cattle/Texas/24-008749-003/2024(H5N1)	1143	42
PB2|PP755596.1|A/cattle/Texas/24-008749-003/2024(H5N1)	1144	43
PB2|PP755596.1|A/cattle/Texas/24-008749-003/2024(H5N1)	1145	43
PB2|PP755596.1|A/cattle/Texas/24-008749-003/2024(H5N1)	1146	42
PB2|PP755596.1|A/cattle/Texas/24-008749-003/2024(H5N1)	1147	42
PB2|PP755596.1|A/cattle/Texas/24-008749-003/2024(H5N1)	1148	42
PB2|PP755596.1|A/cattle/Texas/24-008749-003/2024(H5N1)	1149	43
PB2|PP755596.1|A/cattle/Texas/24-008749-003/2024(H5N1)	1150	41
PB2|PP755596.1|A/cattle/Texas/24-008749-003/2024(H5N1)	1151	41
PB2|PP755596.1|A/cattle/Texas/24-008749-003/2024(H5N1)	1152	41
PB2|PP755596.1|A/cattle/Texas/24-008749-003/2024(H5N1)	1153	41
PB2|PP755596.1|A/cattle/Texas/24-008749-003/2024(H5N1)	1154	42
PB2|PP755596.1|A/cattle/Texas/24-008749-003/2024(H5N1)	1155	42
PB2|PP755596.1|A/cattle/Texas/24-008749-003/2024(H5N1)	1156	42
PB2|PP755596.1|A/cattle/Texas/24-008749-003/2024(H5N1)	1157	42
PB2|PP755596.1|A/cattle/Texas/24-008749-003/2024(H5N1)	1158	42
PB2|PP755596.1|A/cattle/Texas/24-008749-003/2024(H5N1)	1159	42
PB2|PP755596.1|A/cattle/Texas/24-008749-003/2024(H5N1)	1160	42
PB2|PP755596.1|A/cattle/Texas/24-008749-003/2024(H5N1)	1161	41
PB2|PP755596.1|A/cattle/Texas/24-008749-003/2024(H5N1)	1162	41
PB2|PP755596.1|A/cattle/Texas/24-008749-003/2024(H5N1)	1163	40
PB2|PP755596.1|A/cattle/Texas/24-008749-003/2024(H5N1)	1164	40
PB2|PP755596.1|A/cattle/Texas/24-008749-003/2024(H5N1)	1165	40
PB2|PP755596.1|A/cattle/Texas/24-008749-003/2024(H5N1)	1166	40
PB2|PP755596.1|A/cattle/Texas/24-008749-003/2024(H5N1)	1167	41
PB2|PP755596.1|A/cattle/Texas/24-008749-003/2024(H5N1)	1168	41
PB2|PP755596.1|A/cattle/Texas/24-008749-003/2024(H5N1)	1169	41
PB2|PP755596.1|A/cattle/Texas/24-008749-003/2024(H5N1)	1170	40
PB2|PP755596.1|A/cattle/Texas/24-008749-003/2024(H5N1)	1171	40
PB2|PP755596.1|A/cattle/Texas/24-008749-003/2024(H5N1)	1172	40
PB2|PP755596.1|A/cattle/Texas/24-008749-003/2024(H5N1)	1173	40
PB2|PP755596.1|A/cattle/Texas/24-008749-003/2024(H5N1)	1174	40
PB2|PP755596.1|A/cattle/Texas/24-008749-003/2024(H5N1)	1175	39
PB2|PP755596.1|A/cattle/Texas/24-008749-003/2024(H5N1)	1176	43
PB2|PP755596.1|A/cattle/Texas/24-008749-003/2024(H5N1)	1177	43
PB2|PP755596.1|A/cattle/Texas/24-008749-003/2024(H5N1)	1178	43
PB2|PP755596.1|A/cattle/Texas/24-008749-003/2024(H5N1)	1179	43
PB2|PP755596.1|A/cattle/Texas/24-008749-003/2024(H5N1)	1180	43
PB2|PP755596.1|A/cattle/Texas/24-008749-003/2024(H5N1)	1181	42
PB2|PP755596.1|A/cattle/Texas/24-008749-003/2024(H5N1)	1182	42
PB2|PP755596.1|A/cattle/Texas/24-008749-003/2024(H5N1)	1183	42
PB2|PP755596.1|A/cattle/Texas/24-008749-003/2024(H5N1)	1184	42
PB2|PP755596.1|A/cattle/Texas/24-008749-003/2024(H5N1)	1185	42
PB2|PP755596.1|A/cattle/Texas/24-008749-003/2024(H5N1)	1186	42
PB2|PP755596.1|A/cattle/Texas/24-008749-003/2024(H5N1)	1187	42
PB2|PP755596.1|A/cattle/Texas/24-008749-003/2024(H5N1)	1188	42
PB2|PP755596.1|A/cattle/Texas/24-008749-003/2024(H5N1)	1189	42
PB2|PP755596.1|A/cattle/Texas/24-008749-003/2024(H5N1)	1190	42
PB2|PP755596.1|A/cattle/Texas/24-008749-003/2024(H5N1)	1191	42
PB2|PP755596.1|A/cattle/Texas/24-008749-003/2024(H5N1)	1192	42
PB2|PP755596.1|A/cattle/Texas/24-008749-003/2024(H5N1)	1193	42
PB2|PP755596.1|A/cattle/Texas/24-008749-003/2024(H5N1)	1194	40
PB2|PP755596.1|A/cattle/Texas/24-008749-003/2024(H5N1)	1195	40
PB2|PP755596.1|A/cattle/Texas/24-008749-003/2024(H5N1)	1196	40
PB2|PP755596.1|A/cattle/Texas/24-008749-003/2024(H5N1)	1197	40
PB2|PP755596.1|A/cattle/Texas/24-008749-003/2024(H5N1)	1198	40
PB2|PP755596.1|A/cattle/Texas/24-008749-003/2024(H5N1)	1199	39
PB2|PP755596.1|A/cattle/Texas/24-008749-003/2024(H5N1)	1200	39
PB2|PP755596.1|A/cattle/Texas/24-008749-003/2024(H5N1)	1201	39
PB2|PP755596.1|A/cattle/Texas/24-008749-003/2024(H5N1)	1202	39
PB2|PP755596.1|A/cattle/Texas/24-008749-003/2024(H5N1)	1203	39
PB2|PP755596.1|A/cattle/Texas/24-008749-003/2024(H5N1)	1204	40
PB2|PP755596.1|A/cattle/Texas/24-008749-003/2024(H5N1)	1205	40
PB2|PP755596.1|A/cattle/Texas/24-008749-003/2024(H5N1)	1206	40
PB2|PP755596.1|A/cattle/Texas/24-008749-003/2024(H5N1)	1207	40
PB2|PP755596.1|A/cattle/Texas/24-008749-003/2024(H5N1)	1208	40
PB2|PP755596.1|A/cattle/Texas/24-008749-003/2024(H5N1)	1209	40
PB2|PP755596.1|A/cattle/Texas/24-008749-003/2024(H5N1)	1210	40
PB2|PP755596.1|A/cattle/Texas/24-008749-003/2024(H5N1)	1211	40
PB2|PP755596.1|A/cattle/Texas/24-008749-003/2024(H5N1)	1212	39
PB2|PP755596.1|A/cattle/Texas/24-008749-003/2024(H5N1)	1213	38
PB2|PP755596.1|A/cattle/Texas/24-008749-003/2024(H5N1)	1214	38
PB2|PP755596.1|A/cattle/Texas/24-008749-003/2024(H5N1)	1215	38
PB2|PP755596.1|A/cattle/Texas/24-008749-003/2024(H5N1)	1216	37
PB2|PP755596.1|A/cattle/Texas/24-008749-003/2024(H5N1)	1217	37
PB2|PP755596.1|A/cattle/Texas/24-008749-003/2024(H5N1)	1218	37
PB2|PP755596.1|A/cattle/Texas/24-008749-003/2024(H5N1)	1219	37
PB2|PP755596.1|A/cattle/Texas/24-008749-003/2024(H5N1)	1220	35
PB2|PP755596.1|A/cattle/Texas/24-008749-003/2024(H5N1)	1221	35
PB2|PP755596.1|A/cattle/Texas/24-008749-003/2024(H5N1)	1222	35
PB2|PP755596.1|A/cattle/Texas/24-008749-003/2024(H5N1)	1223	34
PB2|PP755596.1|A/cattle/Texas/24-008749-003/2024(H5N1)	1224	33
PB2|PP755596.1|A/cattle/Texas/24-008749-003/2024(H5N1)	1225	30
PB2|PP755596.1|A/cattle/Texas/24-008749-003/2024(H5N1)	1226	31
PB2|PP755596.1|A/cattle/Texas/24-008749-003/2024(H5N1)	1227	31
PB2|PP755596.1|A/cattle/Texas/24-008749-003/2024(H5N1)	1228	31
PB2|PP755596.1|A/cattle/Texas/24-008749-003/2024(H5N1)	1229	33
PB2|PP755596.1|A/cattle/Texas/24-008749-003/2024(H5N1)	1230	33
PB2|PP755596.1|A/cattle/Texas/24-008749-003/2024(H5N1)	1231	33
PB2|PP755596.1|A/cattle/Texas/24-008749-003/2024(H5N1)	1232	33
PB2|PP755596.1|A/cattle/Texas/24-008749-003/2024(H5N1)	1233	32
PB2|PP755596.1|A/cattle/Texas/24-008749-003/2024(H5N1)	1234	32
PB2|PP755596.1|A/cattle/Texas/24-008749-003/2024(H5N1)	1235	28
PB2|PP755596.1|A/cattle/Texas/24-008749-003/2024(H5N1)	1236	28
PB2|PP755596.1|A/cattle/Texas/24-008749-003/2024(H5N1)	1237	27
PB2|PP755596.1|A/cattle/Texas/24-008749-003/2024(H5N1)	1238	27
PB2|PP755596.1|A/cattle/Texas/24-008749-003/2024(H5N1)	1239	26
PB2|PP755596.1|A/cattle/Texas/24-008749-003/2024(H5N1)	1240	25
PB2|PP755596.1|A/cattle/Texas/24-008749-003/2024(H5N1)	1241	26
PB2|PP755596.1|A/cattle/Texas/24-008749-003/2024(H5N1)	1242	26
PB2|PP755596.1|A/cattle/Texas/24-008749-003/2024(H5N1)	1243	26
PB2|PP755596.1|A/cattle/Texas/24-008749-003/2024(H5N1)	1244	26
PB2|PP755596.1|A/cattle/Texas/24-008749-003/2024(H5N1)	1245	26
PB2|PP755596.1|A/cattle/Texas/24-008749-003/2024(H5N1)	1246	25
PB2|PP755596.1|A/cattle/Texas/24-008749-003/2024(H5N1)	1247	25
PB2|PP755596.1|A/cattle/Texas/24-008749-003/2024(H5N1)	1248	25
PB2|PP755596.1|A/cattle/Texas/24-008749-003/2024(H5N1)	1249	29
PB2|PP755596.1|A/cattle/Texas/24-008749-003/2024(H5N1)	1250	30
PB2|PP755596.1|A/cattle/Texas/24-008749-003/2024(H5N1)	1251	32
PB2|PP755596.1|A/cattle/Texas/24-008749-003/2024(H5N1)	1252	32
PB2|PP755596.1|A/cattle/Texas/24-008749-003/2024(H5N1)	1253	32
PB2|PP755596.1|A/cattle/Texas/24-008749-003/2024(H5N1)	1254	32
PB2|PP755596.1|A/cattle/Texas/24-008749-003/2024(H5N1)	1255	34
PB2|PP755596.1|A/cattle/Texas/24-008749-003/2024(H5N1)	1256	34
PB2|PP755596.1|A/cattle/Texas/24-008749-003/2024(H5N1)	1257	34
PB2|PP755596.1|A/cattle/Texas/24-008749-003/2024(H5N1)	1258	32
PB2|PP755596.1|A/cattle/Texas/24-008749-003/2024(H5N1)	1259	32
PB2|PP755596.1|A/cattle/Texas/24-008749-003/2024(H5N1)	1260	33
PB2|PP755596.1|A/cattle/Texas/24-008749-003/2024(H5N1)	1261	33
PB2|PP755596.1|A/cattle/Texas/24-008749-003/2024(H5N1)	1262	33
PB2|PP755596.1|A/cattle/Texas/24-008749-003/2024(H5N1)	1263	33
PB2|PP755596.1|A/cattle/Texas/24-008749-003/2024(H5N1)	1264	33
PB2|PP755596.1|A/cattle/Texas/24-008749-003/2024(H5N1)	1265	33
PB2|PP755596.1|A/cattle/Texas/24-008749-003/2024(H5N1)	1266	33
PB2|PP755596.1|A/cattle/Texas/24-008749-003/2024(H5N1)	1267	33
PB2|PP755596.1|A/cattle/Texas/24-008749-003/2024(H5N1)	1268	33
PB2|PP755596.1|A/cattle/Texas/24-008749-003/2024(H5N1)	1269	36
PB2|PP755596.1|A/cattle/Texas/24-008749-003/2024(H5N1)	1270	36
PB2|PP755596.1|A/cattle/Texas/24-008749-003/2024(H5N1)	1271	36
PB2|PP755596.1|A/cattle/Texas/24-008749-003/2024(H5N1)	1272	36
PB2|PP755596.1|A/cattle/Texas/24-008749-003/2024(H5N1)	1273	36
PB2|PP755596.1|A/cattle/Texas/24-008749-003/2024(H5N1)	1274	37
PB2|PP755596.1|A/cattle/Texas/24-008749-003/2024(H5N1)	1275	37
PB2|PP755596.1|A/cattle/Texas/24-008749-003/2024(H5N1)	1276	37
PB2|PP755596.1|A/cattle/Texas/24-008749-003/2024(H5N1)	1277	37
PB2|PP755596.1|A/cattle/Texas/24-008749-003/2024(H5N1)	1278	38
PB2|PP755596.1|A/cattle/Texas/24-008749-003/2024(H5N1)	1279	37
PB2|PP755596.1|A/cattle/Texas/24-008749-003/2024(H5N1)	1280	37
PB2|PP755596.1|A/cattle/Texas/24-008749-003/2024(H5N1)	1281	37
PB2|PP755596.1|A/cattle/Texas/24-008749-003/2024(H5N1)	1282	37
PB2|PP755596.1|A/cattle/Texas/24-008749-003/2024(H5N1)	1283	35
PB2|PP755596.1|A/cattle/Texas/24-008749-003/2024(H5N1)	1284	35
PB2|PP755596.1|A/cattle/Texas/24-008749-003/2024(H5N1)	1285	37
PB2|PP755596.1|A/cattle/Texas/24-008749-003/2024(H5N1)	1286	37
PB2|PP755596.1|A/cattle/Texas/24-008749-003/2024(H5N1)	1287	37
PB2|PP755596.1|A/cattle/Texas/24-008749-003/2024(H5N1)	1288	40
PB2|PP755596.1|A/cattle/Texas/24-008749-003/2024(H5N1)	1289	40
PB2|PP755596.1|A/cattle/Texas/24-008749-003/2024(H5N1)	1290	40
PB2|PP755596.1|A/cattle/Texas/24-008749-003/2024(H5N1)	1291	40
PB2|PP755596.1|A/cattle/Texas/24-008749-003/2024(H5N1)	1292	40
PB2|PP755596.1|A/cattle/Texas/24-008749-003/2024(H5N1)	1293	40
PB2|PP755596.1|A/cattle/Texas/24-008749-003/2024(H5N1)	1294	40
PB2|PP755596.1|A/cattle/Texas/24-008749-003/2024(H5N1)	1295	39
PB2|PP755596.1|A/cattle/Texas/24-008749-003/2024(H5N1)	1296	39
PB2|PP755596.1|A/cattle/Texas/24-008749-003/2024(H5N1)	1297	39
PB2|PP755596.1|A/cattle/Texas/24-008749-003/2024(H5N1)	1298	39
PB2|PP755596.1|A/cattle/Texas/24-008749-003/2024(H5N1)	1299	38
PB2|PP755596.1|A/cattle/Texas/24-008749-003/2024(H5N1)	1300	38
PB2|PP755596.1|A/cattle/Texas/24-008749-003/2024(H5N1)	1301	38
PB2|PP755596.1|A/cattle/Texas/24-008749-003/2024(H5N1)	1302	38
PB2|PP755596.1|A/cattle/Texas/24-008749-003/2024(H5N1)	1303	37
PB2|PP755596.1|A/cattle/Texas/24-008749-003/2024(H5N1)	1304	37
PB2|PP755596.1|A/cattle/Texas/24-008749-003/2024(H5N1)	1305	36
PB2|PP755596.1|A/cattle/Texas/24-008749-003/2024(H5N1)	1306	36
PB2|PP755596.1|A/cattle/Texas/24-008749-003/2024(H5N1)	1307	36
PB2|PP755596.1|A/cattle/Texas/24-008749-003/2024(H5N1)	1308	35
PB2|PP755596.1|A/cattle/Texas/24-008749-003/2024(H5N1)	1309	35
PB2|PP755596.1|A/cattle/Texas/24-008749-003/2024(H5N1)	1310	35
PB2|PP755596.1|A/cattle/Texas/24-008749-003/2024(H5N1)	1311	35
PB2|PP755596.1|A/cattle/Texas/24-008749-003/2024(H5N1)	1312	36
PB2|PP755596.1|A/cattle/Texas/24-008749-003/2024(H5N1)	1313	36
PB2|PP755596.1|A/cattle/Texas/24-008749-003/2024(H5N1)	1314	36
PB2|PP755596.1|A/cattle/Texas/24-008749-003/2024(H5N1)	1315	36
PB2|PP755596.1|A/cattle/Texas/24-008749-003/2024(H5N1)	1316	36
PB2|PP755596.1|A/cattle/Texas/24-008749-003/2024(H5N1)	1317	36
PB2|PP755596.1|A/cattle/Texas/24-008749-003/2024(H5N1)	1318	35
PB2|PP755596.1|A/cattle/Texas/24-008749-003/2024(H5N1)	1319	35
PB2|PP755596.1|A/cattle/Texas/24-008749-003/2024(H5N1)	1320	35
PB2|PP755596.1|A/cattle/Texas/24-008749-003/2024(H5N1)	1321	35
PB2|PP755596.1|A/cattle/Texas/24-008749-003/2024(H5N1)	1322	40
PB2|PP755596.1|A/cattle/Texas/24-008749-003/2024(H5N1)	1323	40
PB2|PP755596.1|A/cattle/Texas/24-008749-003/2024(H5N1)	1324	40
PB2|PP755596.1|A/cattle/Texas/24-008749-003/2024(H5N1)	1325	40
PB2|PP755596.1|A/cattle/Texas/24-008749-003/2024(H5N1)	1326	40
PB2|PP755596.1|A/cattle/Texas/24-008749-003/2024(H5N1)	1327	36
PB2|PP755596.1|A/cattle/Texas/24-008749-003/2024(H5N1)	1328	36
PB2|PP755596.1|A/cattle/Texas/24-008749-003/2024(H5N1)	1329	36
PB2|PP755596.1|A/cattle/Texas/24-008749-003/2024(H5N1)	1330	36
PB2|PP755596.1|A/cattle/Texas/24-008749-003/2024(H5N1)	1331	36
PB2|PP755596.1|A/cattle/Texas/24-008749-003/2024(H5N1)	1332	36
PB2|PP755596.1|A/cattle/Texas/24-008749-003/2024(H5N1)	1333	36
PB2|PP755596.1|A/cattle/Texas/24-008749-003/2024(H5N1)	1334	36
PB2|PP755596.1|A/cattle/Texas/24-008749-003/2024(H5N1)	1335	36
PB2|PP755596.1|A/cattle/Texas/24-008749-003/2024(H5N1)	1336	36
PB2|PP755596.1|A/cattle/Texas/24-008749-003/2024(H5N1)	1337	36
PB2|PP755596.1|A/cattle/Texas/24-008749-003/2024(H5N1)	1338	36
PB2|PP755596.1|A/cattle/Texas/24-008749-003/2024(H5N1)	1339	36
PB2|PP755596.1|A/cattle/Texas/24-008749-003/2024(H5N1)	1340	36
PB2|PP755596.1|A/cattle/Texas/24-008749-003/2024(H5N1)	1341	36
PB2|PP755596.1|A/cattle/Texas/24-008749-003/2024(H5N1)	1342	36
PB2|PP755596.1|A/cattle/Texas/24-008749-003/2024(H5N1)	1343	37
PB2|PP755596.1|A/cattle/Texas/24-008749-003/2024(H5N1)	1344	37
PB2|PP755596.1|A/cattle/Texas/24-008749-003/2024(H5N1)	1345	37
PB2|PP755596.1|A/cattle/Texas/24-008749-003/2024(H5N1)	1346	36
PB2|PP755596.1|A/cattle/Texas/24-008749-003/2024(H5N1)	1347	36
PB2|PP755596.1|A/cattle/Texas/24-008749-003/2024(H5N1)	1348	36
PB2|PP755596.1|A/cattle/Texas/24-008749-003/2024(H5N1)	1349	36
PB2|PP755596.1|A/cattle/Texas/24-008749-003/2024(H5N1)	1350	36
PB2|PP755596.1|A/cattle/Texas/24-008749-003/2024(H5N1)	1351	36
PB2|PP755596.1|A/cattle/Texas/24-008749-003/2024(H5N1)	1352	36
PB2|PP755596.1|A/cattle/Texas/24-008749-003/2024(H5N1)	1353	36
PB2|PP755596.1|A/cattle/Texas/24-008749-003/2024(H5N1)	1354	36
PB2|PP755596.1|A/cattle/Texas/24-008749-003/2024(H5N1)	1355	35
PB2|PP755596.1|A/cattle/Texas/24-008749-003/2024(H5N1)	1356	35
PB2|PP755596.1|A/cattle/Texas/24-008749-003/2024(H5N1)	1357	35
PB2|PP755596.1|A/cattle/Texas/24-008749-003/2024(H5N1)	1358	35
PB2|PP755596.1|A/cattle/Texas/24-008749-003/2024(H5N1)	1359	35
PB2|PP755596.1|A/cattle/Texas/24-008749-003/2024(H5N1)	1360	35
PB2|PP755596.1|A/cattle/Texas/24-008749-003/2024(H5N1)	1361	35
PB2|PP755596.1|A/cattle/Texas/24-008749-003/2024(H5N1)	1362	35
PB2|PP755596.1|A/cattle/Texas/24-008749-003/2024(H5N1)	1363	36
PB2|PP755596.1|A/cattle/Texas/24-008749-003/2024(H5N1)	1364	37
PB2|PP755596.1|A/cattle/Texas/24-008749-003/2024(H5N1)	1365	36
PB2|PP755596.1|A/cattle/Texas/24-008749-003/2024(H5N1)	1366	37
PB2|PP755596.1|A/cattle/Texas/24-008749-003/2024(H5N1)	1367	37
PB2|PP755596.1|A/cattle/Texas/24-008749-003/2024(H5N1)	1368	37
PB2|PP755596.1|A/cattle/Texas/24-008749-003/2024(H5N1)	1369	38
PB2|PP755596.1|A/cattle/Texas/24-008749-003/2024(H5N1)	1370	38
PB2|PP755596.1|A/cattle/Texas/24-008749-003/2024(H5N1)	1371	38
PB2|PP755596.1|A/cattle/Texas/24-008749-003/2024(H5N1)	1372	38
PB2|PP755596.1|A/cattle/Texas/24-008749-003/2024(H5N1)	1373	38
PB2|PP755596.1|A/cattle/Texas/24-008749-003/2024(H5N1)	1374	38
PB2|PP755596.1|A/cattle/Texas/24-008749-003/2024(H5N1)	1375	36
PB2|PP755596.1|A/cattle/Texas/24-008749-003/2024(H5N1)	1376	36
PB2|PP755596.1|A/cattle/Texas/24-008749-003/2024(H5N1)	1377	36
PB2|PP755596.1|A/cattle/Texas/24-008749-003/2024(H5N1)	1378	36
PB2|PP755596.1|A/cattle/Texas/24-008749-003/2024(H5N1)	1379	36
PB2|PP755596.1|A/cattle/Texas/24-008749-003/2024(H5N1)	1380	35
PB2|PP755596.1|A/cattle/Texas/24-008749-003/2024(H5N1)	1381	35
PB2|PP755596.1|A/cattle/Texas/24-008749-003/2024(H5N1)	1382	37
PB2|PP755596.1|A/cattle/Texas/24-008749-003/2024(H5N1)	1383	37
PB2|PP755596.1|A/cattle/Texas/24-008749-003/2024(H5N1)	1384	37
PB2|PP755596.1|A/cattle/Texas/24-008749-003/2024(H5N1)	1385	38
PB2|PP755596.1|A/cattle/Texas/24-008749-003/2024(H5N1)	1386	38
PB2|PP755596.1|A/cattle/Texas/24-008749-003/2024(H5N1)	1387	41
PB2|PP755596.1|A/cattle/Texas/24-008749-003/2024(H5N1)	1388	41
PB2|PP755596.1|A/cattle/Texas/24-008749-003/2024(H5N1)	1389	42
PB2|PP755596.1|A/cattle/Texas/24-008749-003/2024(H5N1)	1390	41
PB2|PP755596.1|A/cattle/Texas/24-008749-003/2024(H5N1)	1391	41
PB2|PP755596.1|A/cattle/Texas/24-008749-003/2024(H5N1)	1392	41
PB2|PP755596.1|A/cattle/Texas/24-008749-003/2024(H5N1)	1393	42
PB2|PP755596.1|A/cattle/Texas/24-008749-003/2024(H5N1)	1394	42
PB2|PP755596.1|A/cattle/Texas/24-008749-003/2024(H5N1)	1395	42
PB2|PP755596.1|A/cattle/Texas/24-008749-003/2024(H5N1)	1396	42
PB2|PP755596.1|A/cattle/Texas/24-008749-003/2024(H5N1)	1397	42
PB2|PP755596.1|A/cattle/Texas/24-008749-003/2024(H5N1)	1398	42
PB2|PP755596.1|A/cattle/Texas/24-008749-003/2024(H5N1)	1399	42
PB2|PP755596.1|A/cattle/Texas/24-008749-003/2024(H5N1)	1400	38
PB2|PP755596.1|A/cattle/Texas/24-008749-003/2024(H5N1)	1401	37
PB2|PP755596.1|A/cattle/Texas/24-008749-003/2024(H5N1)	1402	37
PB2|PP755596.1|A/cattle/Texas/24-008749-003/2024(H5N1)	1403	37
PB2|PP755596.1|A/cattle/Texas/24-008749-003/2024(H5N1)	1404	37
PB2|PP755596.1|A/cattle/Texas/24-008749-003/2024(H5N1)	1405	37
PB2|PP755596.1|A/cattle/Texas/24-008749-003/2024(H5N1)	1406	35
PB2|PP755596.1|A/cattle/Texas/24-008749-003/2024(H5N1)	1407	35
PB2|PP755596.1|A/cattle/Texas/24-008749-003/2024(H5N1)	1408	35
PB2|PP755596.1|A/cattle/Texas/24-008749-003/2024(H5N1)	1409	35
PB2|PP755596.1|A/cattle/Texas/24-008749-003/2024(H5N1)	1410	35
PB2|PP755596.1|A/cattle/Texas/24-008749-003/2024(H5N1)	1411	34
PB2|PP755596.1|A/cattle/Texas/24-008749-003/2024(H5N1)	1412	34
PB2|PP755596.1|A/cattle/Texas/24-008749-003/2024(H5N1)	1413	34
PB2|PP755596.1|A/cattle/Texas/24-008749-003/2024(H5N1)	1414	34
PB2|PP755596.1|A/cattle/Texas/24-008749-003/2024(H5N1)	1415	34
PB2|PP755596.1|A/cattle/Texas/24-008749-003/2024(H5N1)	1416	34
PB2|PP755596.1|A/cattle/Texas/24-008749-003/2024(H5N1)	1417	34
PB2|PP755596.1|A/cattle/Texas/24-008749-003/2024(H5N1)	1418	31
PB2|PP755596.1|A/cattle/Texas/24-008749-003/2024(H5N1)	1419	31
PB2|PP755596.1|A/cattle/Texas/24-008749-003/2024(H5N1)	1420	31
PB2|PP755596.1|A/cattle/Texas/24-008749-003/2024(H5N1)	1421	31
PB2|PP755596.1|A/cattle/Texas/24-008749-003/2024(H5N1)	1422	31
PB2|PP755596.1|A/cattle/Texas/24-008749-003/2024(H5N1)	1423	31
PB2|PP755596.1|A/cattle/Texas/24-008749-003/2024(H5N1)	1424	31
PB2|PP755596.1|A/cattle/Texas/24-008749-003/2024(H5N1)	1425	30
PB2|PP755596.1|A/cattle/Texas/24-008749-003/2024(H5N1)	1426	30
PB2|PP755596.1|A/cattle/Texas/24-008749-003/2024(H5N1)	1427	30
PB2|PP755596.1|A/cattle/Texas/24-008749-003/2024(H5N1)	1428	30
PB2|PP755596.1|A/cattle/Texas/24-008749-003/2024(H5N1)	1429	29
PB2|PP755596.1|A/cattle/Texas/24-008749-003/2024(H5N1)	1430	34
PB2|PP755596.1|A/cattle/Texas/24-008749-003/2024(H5N1)	1431	34
PB2|PP755596.1|A/cattle/Texas/24-008749-003/2024(H5N1)	1432	34
PB2|PP755596.1|A/cattle/Texas/24-008749-003/2024(H5N1)	1433	34
PB2|PP755596.1|A/cattle/Texas/24-008749-003/2024(H5N1)	1434	34
PB2|PP755596.1|A/cattle/Texas/24-008749-003/2024(H5N1)	1435	34
PB2|PP755596.1|A/cattle/Texas/24-008749-003/2024(H5N1)	1436	33
PB2|PP755596.1|A/cattle/Texas/24-008749-003/2024(H5N1)	1437	33
PB2|PP755596.1|A/cattle/Texas/24-008749-003/2024(H5N1)	1438	33
PB2|PP755596.1|A/cattle/Texas/24-008749-003/2024(H5N1)	1439	30
PB2|PP755596.1|A/cattle/Texas/24-008749-003/2024(H5N1)	1440	30
PB2|PP755596.1|A/cattle/Texas/24-008749-003/2024(H5N1)	1441	30
PB2|PP755596.1|A/cattle/Texas/24-008749-003/2024(H5N1)	1442	31
PB2|PP755596.1|A/cattle/Texas/24-008749-003/2024(H5N1)	1443	31
PB2|PP755596.1|A/cattle/Texas/24-008749-003/2024(H5N1)	1444	31
PB2|PP755596.1|A/cattle/Texas/24-008749-003/2024(H5N1)	1445	31
PB2|PP755596.1|A/cattle/Texas/24-008749-003/2024(H5N1)	1446	31
PB2|PP755596.1|A/cattle/Texas/24-008749-003/2024(H5N1)	1447	33
PB2|PP755596.1|A/cattle/Texas/24-008749-003/2024(H5N1)	1448	33
PB2|PP755596.1|A/cattle/Texas/24-008749-003/2024(H5N1)	1449	32
PB2|PP755596.1|A/cattle/Texas/24-008749-003/2024(H5N1)	1450	32
PB2|PP755596.1|A/cattle/Texas/24-008749-003/2024(H5N1)	1451	32
PB2|PP755596.1|A/cattle/Texas/24-008749-003/2024(H5N1)	1452	32
PB2|PP755596.1|A/cattle/Texas/24-008749-003/2024(H5N1)	1453	32
PB2|PP755596.1|A/cattle/Texas/24-008749-003/2024(H5N1)	1454	32
PB2|PP755596.1|A/cattle/Texas/24-008749-003/2024(H5N1)	1455	32
PB2|PP755596.1|A/cattle/Texas/24-008749-003/2024(H5N1)	1456	32
PB2|PP755596.1|A/cattle/Texas/24-008749-003/2024(H5N1)	1457	32
PB2|PP755596.1|A/cattle/Texas/24-008749-003/2024(H5N1)	1458	32
PB2|PP755596.1|A/cattle/Texas/24-008749-003/2024(H5N1)	1459	33
PB2|PP755596.1|A/cattle/Texas/24-008749-003/2024(H5N1)	1460	33
PB2|PP755596.1|A/cattle/Texas/24-008749-003/2024(H5N1)	1461	33
PB2|PP755596.1|A/cattle/Texas/24-008749-003/2024(H5N1)	1462	33
PB2|PP755596.1|A/cattle/Texas/24-008749-003/2024(H5N1)	1463	32
PB2|PP755596.1|A/cattle/Texas/24-008749-003/2024(H5N1)	1464	39
PB2|PP755596.1|A/cattle/Texas/24-008749-003/2024(H5N1)	1465	39
PB2|PP755596.1|A/cattle/Texas/24-008749-003/2024(H5N1)	1466	39
PB2|PP755596.1|A/cattle/Texas/24-008749-003/2024(H5N1)	1467	39
PB2|PP755596.1|A/cattle/Texas/24-008749-003/2024(H5N1)	1468	39
PB2|PP755596.1|A/cattle/Texas/24-008749-003/2024(H5N1)	1469	40
PB2|PP755596.1|A/cattle/Texas/24-008749-003/2024(H5N1)	1470	40
PB2|PP755596.1|A/cattle/Texas/24-008749-003/2024(H5N1)	1471	40
PB2|PP755596.1|A/cattle/Texas/24-008749-003/2024(H5N1)	1472	40
PB2|PP755596.1|A/cattle/Texas/24-008749-003/2024(H5N1)	1473	35
PB2|PP755596.1|A/cattle/Texas/24-008749-003/2024(H5N1)	1474	35
PB2|PP755596.1|A/cattle/Texas/24-008749-003/2024(H5N1)	1475	35
PB2|PP755596.1|A/cattle/Texas/24-008749-003/2024(H5N1)	1476	36
PB2|PP755596.1|A/cattle/Texas/24-008749-003/2024(H5N1)	1477	37
PB2|PP755596.1|A/cattle/Texas/24-008749-003/2024(H5N1)	1478	37
PB2|PP755596.1|A/cattle/Texas/24-008749-003/2024(H5N1)	1479	37
PB2|PP755596.1|A/cattle/Texas/24-008749-003/2024(H5N1)	1480	37
PB2|PP755596.1|A/cattle/Texas/24-008749-003/2024(H5N1)	1481	39
PB2|PP755596.1|A/cattle/Texas/24-008749-003/2024(H5N1)	1482	39
PB2|PP755596.1|A/cattle/Texas/24-008749-003/2024(H5N1)	1483	39
PB2|PP755596.1|A/cattle/Texas/24-008749-003/2024(H5N1)	1484	39
PB2|PP755596.1|A/cattle/Texas/24-008749-003/2024(H5N1)	1485	40
PB2|PP755596.1|A/cattle/Texas/24-008749-003/2024(H5N1)	1486	40
PB2|PP755596.1|A/cattle/Texas/24-008749-003/2024(H5N1)	1487	41
PB2|PP755596.1|A/cattle/Texas/24-008749-003/2024(H5N1)	1488	41
PB2|PP755596.1|A/cattle/Texas/24-008749-003/2024(H5N1)	1489	41
PB2|PP755596.1|A/cattle/Texas/24-008749-003/2024(H5N1)	1490	41
PB2|PP755596.1|A/cattle/Texas/24-008749-003/2024(H5N1)	1491	41
PB2|PP755596.1|A/cattle/Texas/24-008749-003/2024(H5N1)	1492	41
PB2|PP755596.1|A/cattle/Texas/24-008749-003/2024(H5N1)	1493	41
PB2|PP755596.1|A/cattle/Texas/24-008749-003/2024(H5N1)	1494	40
PB2|PP755596.1|A/cattle/Texas/24-008749-003/2024(H5N1)	1495	40
PB2|PP755596.1|A/cattle/Texas/24-008749-003/2024(H5N1)	1496	42
PB2|PP755596.1|A/cattle/Texas/24-008749-003/2024(H5N1)	1497	42
PB2|PP755596.1|A/cattle/Texas/24-008749-003/2024(H5N1)	1498	42
PB2|PP755596.1|A/cattle/Texas/24-008749-003/2024(H5N1)	1499	42
PB2|PP755596.1|A/cattle/Texas/24-008749-003/2024(H5N1)	1500	42
PB2|PP755596.1|A/cattle/Texas/24-008749-003/2024(H5N1)	1501	43
PB2|PP755596.1|A/cattle/Texas/24-008749-003/2024(H5N1)	1502	43
PB2|PP755596.1|A/cattle/Texas/24-008749-003/2024(H5N1)	1503	43
PB2|PP755596.1|A/cattle/Texas/24-008749-003/2024(H5N1)	1504	43
PB2|PP755596.1|A/cattle/Texas/24-008749-003/2024(H5N1)	1505	43
PB2|PP755596.1|A/cattle/Texas/24-008749-003/2024(H5N1)	1506	43
PB2|PP755596.1|A/cattle/Texas/24-008749-003/2024(H5N1)	1507	43
PB2|PP755596.1|A/cattle/Texas/24-008749-003/2024(H5N1)	1508	43
PB2|PP755596.1|A/cattle/Texas/24-008749-003/2024(H5N1)	1509	43
PB2|PP755596.1|A/cattle/Texas/24-008749-003/2024(H5N1)	1510	43
PB2|PP755596.1|A/cattle/Texas/24-008749-003/2024(H5N1)	1511	43
PB2|PP755596.1|A/cattle/Texas/24-008749-003/2024(H5N1)	1512	43
PB2|PP755596.1|A/cattle/Texas/24-008749-003/2024(H5N1)	1513	42
PB2|PP755596.1|A/cattle/Texas/24-008749-003/2024(H5N1)	1514	42
PB2|PP755596.1|A/cattle/Texas/24-008749-003/2024(H5N1)	1515	41
PB2|PP755596.1|A/cattle/Texas/24-008749-003/2024(H5N1)	1516	41
PB2|PP755596.1|A/cattle/Texas/24-008749-003/2024(H5N1)	1517	40
PB2|PP755596.1|A/cattle/Texas/24-008749-003/2024(H5N1)	1518	41
PB2|PP755596.1|A/cattle/Texas/24-008749-003/2024(H5N1)	1519	40
PB2|PP755596.1|A/cattle/Texas/24-008749-003/2024(H5N1)	1520	40
PB2|PP755596.1|A/cattle/Texas/24-008749-003/2024(H5N1)	1521	40
PB2|PP755596.1|A/cattle/Texas/24-008749-003/2024(H5N1)	1522	40
PB2|PP755596.1|A/cattle/Texas/24-008749-003/2024(H5N1)	1523	40
PB2|PP755596.1|A/cattle/Texas/24-008749-003/2024(H5N1)	1524	40
PB2|PP755596.1|A/cattle/Texas/24-008749-003/2024(H5N1)	1525	40
PB2|PP755596.1|A/cattle/Texas/24-008749-003/2024(H5N1)	1526	41
PB2|PP755596.1|A/cattle/Texas/24-008749-003/2024(H5N1)	1527	41
PB2|PP755596.1|A/cattle/Texas/24-008749-003/2024(H5N1)	1528	40
PB2|PP755596.1|A/cattle/Texas/24-008749-003/2024(H5N1)	1529	43
PB2|PP755596.1|A/cattle/Texas/24-008749-003/2024(H5N1)	1530	42
PB2|PP755596.1|A/cattle/Texas/24-008749-003/2024(H5N1)	1531	43
PB2|PP755596.1|A/cattle/Texas/24-008749-003/2024(H5N1)	1532	43
PB2|PP755596.1|A/cattle/Texas/24-008749-003/2024(H5N1)	1533	41
PB2|PP755596.1|A/cattle/Texas/24-008749-003/2024(H5N1)	1534	41
PB2|PP755596.1|A/cattle/Texas/24-008749-003/2024(H5N1)	1535	41
PB2|PP755596.1|A/cattle/Texas/24-008749-003/2024(H5N1)	1536	43
PB2|PP755596.1|A/cattle/Texas/24-008749-003/2024(H5N1)	1537	43
PB2|PP755596.1|A/cattle/Texas/24-008749-003/2024(H5N1)	1538	40
PB2|PP755596.1|A/cattle/Texas/24-008749-003/2024(H5N1)	1539	40
PB2|PP755596.1|A/cattle/Texas/24-008749-003/2024(H5N1)	1540	39
PB2|PP755596.1|A/cattle/Texas/24-008749-003/2024(H5N1)	1541	39
PB2|PP755596.1|A/cattle/Texas/24-008749-003/2024(H5N1)	1542	42
PB2|PP755596.1|A/cattle/Texas/24-008749-003/2024(H5N1)	1543	42
PB2|PP755596.1|A/cattle/Texas/24-008749-003/2024(H5N1)	1544	42
PB2|PP755596.1|A/cattle/Texas/24-008749-003/2024(H5N1)	1545	42
PB2|PP755596.1|A/cattle/Texas/24-008749-003/2024(H5N1)	1546	43
PB2|PP755596.1|A/cattle/Texas/24-008749-003/2024(H5N1)	1547	43
PB2|PP755596.1|A/cattle/Texas/24-008749-003/2024(H5N1)	1548	43
PB2|PP755596.1|A/cattle/Texas/24-008749-003/2024(H5N1)	1549	43
PB2|PP755596.1|A/cattle/Texas/24-008749-003/2024(H5N1)	1550	44
PB2|PP755596.1|A/cattle/Texas/24-008749-003/2024(H5N1)	1551	45
PB2|PP755596.1|A/cattle/Texas/24-008749-003/2024(H5N1)	1552	45
PB2|PP755596.1|A/cattle/Texas/24-008749-003/2024(H5N1)	1553	44
PB2|PP755596.1|A/cattle/Texas/24-008749-003/2024(H5N1)	1554	44
PB2|PP755596.1|A/cattle/Texas/24-008749-003/2024(H5N1)	1555	44
PB2|PP755596.1|A/cattle/Texas/24-008749-003/2024(H5N1)	1556	44
PB2|PP755596.1|A/cattle/Texas/24-008749-003/2024(H5N1)	1557	44
PB2|PP755596.1|A/cattle/Texas/24-008749-003/2024(H5N1)	1558	44
PB2|PP755596.1|A/cattle/Texas/24-008749-003/2024(H5N1)	1559	45
PB2|PP755596.1|A/cattle/Texas/24-008749-003/2024(H5N1)	1560	46
PB2|PP755596.1|A/cattle/Texas/24-008749-003/2024(H5N1)	1561	47
PB2|PP755596.1|A/cattle/Texas/24-008749-003/2024(H5N1)	1562	47
PB2|PP755596.1|A/cattle/Texas/24-008749-003/2024(H5N1)	1563	55
PB2|PP755596.1|A/cattle/Texas/24-008749-003/2024(H5N1)	1564	55
PB2|PP755596.1|A/cattle/Texas/24-008749-003/2024(H5N1)	1565	55
PB2|PP755596.1|A/cattle/Texas/24-008749-003/2024(H5N1)	1566	55
PB2|PP755596.1|A/cattle/Texas/24-008749-003/2024(H5N1)	1567	61
PB2|PP755596.1|A/cattle/Texas/24-008749-003/2024(H5N1)	1568	66
PB2|PP755596.1|A/cattle/Texas/24-008749-003/2024(H5N1)	1569	66
PB2|PP755596.1|A/cattle/Texas/24-008749-003/2024(H5N1)	1570	68
PB2|PP755596.1|A/cattle/Texas/24-008749-003/2024(H5N1)	1571	68
PB2|PP755596.1|A/cattle/Texas/24-008749-003/2024(H5N1)	1572	68
PB2|PP755596.1|A/cattle/Texas/24-008749-003/2024(H5N1)	1573	70
PB2|PP755596.1|A/cattle/Texas/24-008749-003/2024(H5N1)	1574	70
PB2|PP755596.1|A/cattle/Texas/24-008749-003/2024(H5N1)	1575	71
PB2|PP755596.1|A/cattle/Texas/24-008749-003/2024(H5N1)	1576	71
PB2|PP755596.1|A/cattle/Texas/24-008749-003/2024(H5N1)	1577	71
PB2|PP755596.1|A/cattle/Texas/24-008749-003/2024(H5N1)	1578	71
PB2|PP755596.1|A/cattle/Texas/24-008749-003/2024(H5N1)	1579	71
PB2|PP755596.1|A/cattle/Texas/24-008749-003/2024(H5N1)	1580	70
PB2|PP755596.1|A/cattle/Texas/24-008749-003/2024(H5N1)	1581	66
PB2|PP755596.1|A/cattle/Texas/24-008749-003/2024(H5N1)	1582	66
PB2|PP755596.1|A/cattle/Texas/24-008749-003/2024(H5N1)	1583	66
PB2|PP755596.1|A/cattle/Texas/24-008749-003/2024(H5N1)	1584	66
PB2|PP755596.1|A/cattle/Texas/24-008749-003/2024(H5N1)	1585	67
PB2|PP755596.1|A/cattle/Texas/24-008749-003/2024(H5N1)	1586	67
PB2|PP755596.1|A/cattle/Texas/24-008749-003/2024(H5N1)	1587	68
PB2|PP755596.1|A/cattle/Texas/24-008749-003/2024(H5N1)	1588	68
PB2|PP755596.1|A/cattle/Texas/24-008749-003/2024(H5N1)	1589	69
PB2|PP755596.1|A/cattle/Texas/24-008749-003/2024(H5N1)	1590	69
PB2|PP755596.1|A/cattle/Texas/24-008749-003/2024(H5N1)	1591	69
PB2|PP755596.1|A/cattle/Texas/24-008749-003/2024(H5N1)	1592	69
PB2|PP755596.1|A/cattle/Texas/24-008749-003/2024(H5N1)	1593	69
PB2|PP755596.1|A/cattle/Texas/24-008749-003/2024(H5N1)	1594	69
PB2|PP755596.1|A/cattle/Texas/24-008749-003/2024(H5N1)	1595	69
PB2|PP755596.1|A/cattle/Texas/24-008749-003/2024(H5N1)	1596	69
PB2|PP755596.1|A/cattle/Texas/24-008749-003/2024(H5N1)	1597	69
PB2|PP755596.1|A/cattle/Texas/24-008749-003/2024(H5N1)	1598	71
PB2|PP755596.1|A/cattle/Texas/24-008749-003/2024(H5N1)	1599	71
PB2|PP755596.1|A/cattle/Texas/24-008749-003/2024(H5N1)	1600	75
PB2|PP755596.1|A/cattle/Texas/24-008749-003/2024(H5N1)	1601	75
PB2|PP755596.1|A/cattle/Texas/24-008749-003/2024(H5N1)	1602	75
PB2|PP755596.1|A/cattle/Texas/24-008749-003/2024(H5N1)	1603	76
PB2|PP755596.1|A/cattle/Texas/24-008749-003/2024(H5N1)	1604	76
PB2|PP755596.1|A/cattle/Texas/24-008749-003/2024(H5N1)	1605	76
PB2|PP755596.1|A/cattle/Texas/24-008749-003/2024(H5N1)	1606	75
PB2|PP755596.1|A/cattle/Texas/24-008749-003/2024(H5N1)	1607	76
PB2|PP755596.1|A/cattle/Texas/24-008749-003/2024(H5N1)	1608	77
PB2|PP755596.1|A/cattle/Texas/24-008749-003/2024(H5N1)	1609	77
PB2|PP755596.1|A/cattle/Texas/24-008749-003/2024(H5N1)	1610	76
PB2|PP755596.1|A/cattle/Texas/24-008749-003/2024(H5N1)	1611	79
PB2|PP755596.1|A/cattle/Texas/24-008749-003/2024(H5N1)	1612	79
PB2|PP755596.1|A/cattle/Texas/24-008749-003/2024(H5N1)	1613	79
PB2|PP755596.1|A/cattle/Texas/24-008749-003/2024(H5N1)	1614	80
PB2|PP755596.1|A/cattle/Texas/24-008749-003/2024(H5N1)	1615	74
PB2|PP755596.1|A/cattle/Texas/24-008749-003/2024(H5N1)	1616	74
PB2|PP755596.1|A/cattle/Texas/24-008749-003/2024(H5N1)	1617	75
PB2|PP755596.1|A/cattle/Texas/24-008749-003/2024(H5N1)	1618	75
PB2|PP755596.1|A/cattle/Texas/24-008749-003/2024(H5N1)	1619	78
PB2|PP755596.1|A/cattle/Texas/24-008749-003/2024(H5N1)	1620	77
PB2|PP755596.1|A/cattle/Texas/24-008749-003/2024(H5N1)	1621	78
PB2|PP755596.1|A/cattle/Texas/24-008749-003/2024(H5N1)	1622	82
PB2|PP755596.1|A/cattle/Texas/24-008749-003/2024(H5N1)	1623	82
PB2|PP755596.1|A/cattle/Texas/24-008749-003/2024(H5N1)	1624	83
PB2|PP755596.1|A/cattle/Texas/24-008749-003/2024(H5N1)	1625	82
PB2|PP755596.1|A/cattle/Texas/24-008749-003/2024(H5N1)	1626	86
PB2|PP755596.1|A/cattle/Texas/24-008749-003/2024(H5N1)	1627	87
PB2|PP755596.1|A/cattle/Texas/24-008749-003/2024(H5N1)	1628	87
PB2|PP755596.1|A/cattle/Texas/24-008749-003/2024(H5N1)	1629	87
PB2|PP755596.1|A/cattle/Texas/24-008749-003/2024(H5N1)	1630	87
PB2|PP755596.1|A/cattle/Texas/24-008749-003/2024(H5N1)	1631	88
PB2|PP755596.1|A/cattle/Texas/24-008749-003/2024(H5N1)	1632	88
PB2|PP755596.1|A/cattle/Texas/24-008749-003/2024(H5N1)	1633	94
PB2|PP755596.1|A/cattle/Texas/24-008749-003/2024(H5N1)	1634	94
PB2|PP755596.1|A/cattle/Texas/24-008749-003/2024(H5N1)	1635	94
PB2|PP755596.1|A/cattle/Texas/24-008749-003/2024(H5N1)	1636	93
PB2|PP755596.1|A/cattle/Texas/24-008749-003/2024(H5N1)	1637	92
PB2|PP755596.1|A/cattle/Texas/24-008749-003/2024(H5N1)	1638	98
PB2|PP755596.1|A/cattle/Texas/24-008749-003/2024(H5N1)	1639	98
PB2|PP755596.1|A/cattle/Texas/24-008749-003/2024(H5N1)	1640	99
PB2|PP755596.1|A/cattle/Texas/24-008749-003/2024(H5N1)	1641	100
PB2|PP755596.1|A/cattle/Texas/24-008749-003/2024(H5N1)	1642	100
PB2|PP755596.1|A/cattle/Texas/24-008749-003/2024(H5N1)	1643	107
PB2|PP755596.1|A/cattle/Texas/24-008749-003/2024(H5N1)	1644	107
PB2|PP755596.1|A/cattle/Texas/24-008749-003/2024(H5N1)	1645	107
PB2|PP755596.1|A/cattle/Texas/24-008749-003/2024(H5N1)	1646	107
PB2|PP755596.1|A/cattle/Texas/24-008749-003/2024(H5N1)	1647	105
PB2|PP755596.1|A/cattle/Texas/24-008749-003/2024(H5N1)	1648	105
PB2|PP755596.1|A/cattle/Texas/24-008749-003/2024(H5N1)	1649	105
PB2|PP755596.1|A/cattle/Texas/24-008749-003/2024(H5N1)	1650	105
PB2|PP755596.1|A/cattle/Texas/24-008749-003/2024(H5N1)	1651	105
PB2|PP755596.1|A/cattle/Texas/24-008749-003/2024(H5N1)	1652	104
PB2|PP755596.1|A/cattle/Texas/24-008749-003/2024(H5N1)	1653	104
PB2|PP755596.1|A/cattle/Texas/24-008749-003/2024(H5N1)	1654	108
PB2|PP755596.1|A/cattle/Texas/24-008749-003/2024(H5N1)	1655	108
PB2|PP755596.1|A/cattle/Texas/24-008749-003/2024(H5N1)	1656	108
PB2|PP755596.1|A/cattle/Texas/24-008749-003/2024(H5N1)	1657	107
PB2|PP755596.1|A/cattle/Texas/24-008749-003/2024(H5N1)	1658	107
PB2|PP755596.1|A/cattle/Texas/24-008749-003/2024(H5N1)	1659	107
PB2|PP755596.1|A/cattle/Texas/24-008749-003/2024(H5N1)	1660	111
PB2|PP755596.1|A/cattle/Texas/24-008749-003/2024(H5N1)	1661	111
PB2|PP755596.1|A/cattle/Texas/24-008749-003/2024(H5N1)	1662	111
PB2|PP755596.1|A/cattle/Texas/24-008749-003/2024(H5N1)	1663	111
PB2|PP755596.1|A/cattle/Texas/24-008749-003/2024(H5N1)	1664	111
PB2|PP755596.1|A/cattle/Texas/24-008749-003/2024(H5N1)	1665	111
PB2|PP755596.1|A/cattle/Texas/24-008749-003/2024(H5N1)	1666	111
PB2|PP755596.1|A/cattle/Texas/24-008749-003/2024(H5N1)	1667	111
PB2|PP755596.1|A/cattle/Texas/24-008749-003/2024(H5N1)	1668	111
PB2|PP755596.1|A/cattle/Texas/24-008749-003/2024(H5N1)	1669	110
PB2|PP755596.1|A/cattle/Texas/24-008749-003/2024(H5N1)	1670	110
PB2|PP755596.1|A/cattle/Texas/24-008749-003/2024(H5N1)	1671	110
PB2|PP755596.1|A/cattle/Texas/24-008749-003/2024(H5N1)	1672	110
PB2|PP755596.1|A/cattle/Texas/24-008749-003/2024(H5N1)	1673	110
PB2|PP755596.1|A/cattle/Texas/24-008749-003/2024(H5N1)	1674	110
PB2|PP755596.1|A/cattle/Texas/24-008749-003/2024(H5N1)	1675	111
PB2|PP755596.1|A/cattle/Texas/24-008749-003/2024(H5N1)	1676	110
PB2|PP755596.1|A/cattle/Texas/24-008749-003/2024(H5N1)	1677	110
PB2|PP755596.1|A/cattle/Texas/24-008749-003/2024(H5N1)	1678	110
PB2|PP755596.1|A/cattle/Texas/24-008749-003/2024(H5N1)	1679	111
PB2|PP755596.1|A/cattle/Texas/24-008749-003/2024(H5N1)	1680	109
PB2|PP755596.1|A/cattle/Texas/24-008749-003/2024(H5N1)	1681	109
PB2|PP755596.1|A/cattle/Texas/24-008749-003/2024(H5N1)	1682	109
PB2|PP755596.1|A/cattle/Texas/24-008749-003/2024(H5N1)	1683	109
PB2|PP755596.1|A/cattle/Texas/24-008749-003/2024(H5N1)	1684	110
PB2|PP755596.1|A/cattle/Texas/24-008749-003/2024(H5N1)	1685	112
PB2|PP755596.1|A/cattle/Texas/24-008749-003/2024(H5N1)	1686	112
PB2|PP755596.1|A/cattle/Texas/24-008749-003/2024(H5N1)	1687	110
PB2|PP755596.1|A/cattle/Texas/24-008749-003/2024(H5N1)	1688	110
PB2|PP755596.1|A/cattle/Texas/24-008749-003/2024(H5N1)	1689	110
PB2|PP755596.1|A/cattle/Texas/24-008749-003/2024(H5N1)	1690	111
PB2|PP755596.1|A/cattle/Texas/24-008749-003/2024(H5N1)	1691	114
PB2|PP755596.1|A/cattle/Texas/24-008749-003/2024(H5N1)	1692	114
PB2|PP755596.1|A/cattle/Texas/24-008749-003/2024(H5N1)	1693	114
PB2|PP755596.1|A/cattle/Texas/24-008749-003/2024(H5N1)	1694	114
PB2|PP755596.1|A/cattle/Texas/24-008749-003/2024(H5N1)	1695	116
PB2|PP755596.1|A/cattle/Texas/24-008749-003/2024(H5N1)	1696	116
PB2|PP755596.1|A/cattle/Texas/24-008749-003/2024(H5N1)	1697	116
PB2|PP755596.1|A/cattle/Texas/24-008749-003/2024(H5N1)	1698	116
PB2|PP755596.1|A/cattle/Texas/24-008749-003/2024(H5N1)	1699	116
PB2|PP755596.1|A/cattle/Texas/24-008749-003/2024(H5N1)	1700	115
PB2|PP755596.1|A/cattle/Texas/24-008749-003/2024(H5N1)	1701	115
PB2|PP755596.1|A/cattle/Texas/24-008749-003/2024(H5N1)	1702	113
PB2|PP755596.1|A/cattle/Texas/24-008749-003/2024(H5N1)	1703	115
PB2|PP755596.1|A/cattle/Texas/24-008749-003/2024(H5N1)	1704	115
PB2|PP755596.1|A/cattle/Texas/24-008749-003/2024(H5N1)	1705	115
PB2|PP755596.1|A/cattle/Texas/24-008749-003/2024(H5N1)	1706	112
PB2|PP755596.1|A/cattle/Texas/24-008749-003/2024(H5N1)	1707	112
PB2|PP755596.1|A/cattle/Texas/24-008749-003/2024(H5N1)	1708	113
PB2|PP755596.1|A/cattle/Texas/24-008749-003/2024(H5N1)	1709	110
PB2|PP755596.1|A/cattle/Texas/24-008749-003/2024(H5N1)	1710	111
PB2|PP755596.1|A/cattle/Texas/24-008749-003/2024(H5N1)	1711	111
PB2|PP755596.1|A/cattle/Texas/24-008749-003/2024(H5N1)	1712	104
PB2|PP755596.1|A/cattle/Texas/24-008749-003/2024(H5N1)	1713	105
PB2|PP755596.1|A/cattle/Texas/24-008749-003/2024(H5N1)	1714	105
PB2|PP755596.1|A/cattle/Texas/24-008749-003/2024(H5N1)	1715	106
PB2|PP755596.1|A/cattle/Texas/24-008749-003/2024(H5N1)	1716	106
PB2|PP755596.1|A/cattle/Texas/24-008749-003/2024(H5N1)	1717	106
PB2|PP755596.1|A/cattle/Texas/24-008749-003/2024(H5N1)	1718	106
PB2|PP755596.1|A/cattle/Texas/24-008749-003/2024(H5N1)	1719	102
PB2|PP755596.1|A/cattle/Texas/24-008749-003/2024(H5N1)	1720	103
PB2|PP755596.1|A/cattle/Texas/24-008749-003/2024(H5N1)	1721	101
PB2|PP755596.1|A/cattle/Texas/24-008749-003/2024(H5N1)	1722	101
PB2|PP755596.1|A/cattle/Texas/24-008749-003/2024(H5N1)	1723	101
PB2|PP755596.1|A/cattle/Texas/24-008749-003/2024(H5N1)	1724	101
PB2|PP755596.1|A/cattle/Texas/24-008749-003/2024(H5N1)	1725	101
PB2|PP755596.1|A/cattle/Texas/24-008749-003/2024(H5N1)	1726	103
PB2|PP755596.1|A/cattle/Texas/24-008749-003/2024(H5N1)	1727	104
PB2|PP755596.1|A/cattle/Texas/24-008749-003/2024(H5N1)	1728	107
PB2|PP755596.1|A/cattle/Texas/24-008749-003/2024(H5N1)	1729	107
PB2|PP755596.1|A/cattle/Texas/24-008749-003/2024(H5N1)	1730	107
PB2|PP755596.1|A/cattle/Texas/24-008749-003/2024(H5N1)	1731	107
PB2|PP755596.1|A/cattle/Texas/24-008749-003/2024(H5N1)	1732	107
PB2|PP755596.1|A/cattle/Texas/24-008749-003/2024(H5N1)	1733	108
PB2|PP755596.1|A/cattle/Texas/24-008749-003/2024(H5N1)	1734	108
PB2|PP755596.1|A/cattle/Texas/24-008749-003/2024(H5N1)	1735	108
PB2|PP755596.1|A/cattle/Texas/24-008749-003/2024(H5N1)	1736	107
PB2|PP755596.1|A/cattle/Texas/24-008749-003/2024(H5N1)	1737	113
PB2|PP755596.1|A/cattle/Texas/24-008749-003/2024(H5N1)	1738	111
PB2|PP755596.1|A/cattle/Texas/24-008749-003/2024(H5N1)	1739	111
PB2|PP755596.1|A/cattle/Texas/24-008749-003/2024(H5N1)	1740	110
PB2|PP755596.1|A/cattle/Texas/24-008749-003/2024(H5N1)	1741	110
PB2|PP755596.1|A/cattle/Texas/24-008749-003/2024(H5N1)	1742	110
PB2|PP755596.1|A/cattle/Texas/24-008749-003/2024(H5N1)	1743	110
PB2|PP755596.1|A/cattle/Texas/24-008749-003/2024(H5N1)	1744	110
PB2|PP755596.1|A/cattle/Texas/24-008749-003/2024(H5N1)	1745	108
PB2|PP755596.1|A/cattle/Texas/24-008749-003/2024(H5N1)	1746	108
PB2|PP755596.1|A/cattle/Texas/24-008749-003/2024(H5N1)	1747	106
PB2|PP755596.1|A/cattle/Texas/24-008749-003/2024(H5N1)	1748	106
PB2|PP755596.1|A/cattle/Texas/24-008749-003/2024(H5N1)	1749	106
PB2|PP755596.1|A/cattle/Texas/24-008749-003/2024(H5N1)	1750	107
PB2|PP755596.1|A/cattle/Texas/24-008749-003/2024(H5N1)	1751	104
PB2|PP755596.1|A/cattle/Texas/24-008749-003/2024(H5N1)	1752	110
PB2|PP755596.1|A/cattle/Texas/24-008749-003/2024(H5N1)	1753	110
PB2|PP755596.1|A/cattle/Texas/24-008749-003/2024(H5N1)	1754	109
PB2|PP755596.1|A/cattle/Texas/24-008749-003/2024(H5N1)	1755	109
PB2|PP755596.1|A/cattle/Texas/24-008749-003/2024(H5N1)	1756	110
PB2|PP755596.1|A/cattle/Texas/24-008749-003/2024(H5N1)	1757	110
PB2|PP755596.1|A/cattle/Texas/24-008749-003/2024(H5N1)	1758	109
PB2|PP755596.1|A/cattle/Texas/24-008749-003/2024(H5N1)	1759	108
PB2|PP755596.1|A/cattle/Texas/24-008749-003/2024(H5N1)	1760	108
PB2|PP755596.1|A/cattle/Texas/24-008749-003/2024(H5N1)	1761	107
PB2|PP755596.1|A/cattle/Texas/24-008749-003/2024(H5N1)	1762	108
PB2|PP755596.1|A/cattle/Texas/24-008749-003/2024(H5N1)	1763	110
PB2|PP755596.1|A/cattle/Texas/24-008749-003/2024(H5N1)	1764	109
PB2|PP755596.1|A/cattle/Texas/24-008749-003/2024(H5N1)	1765	109
PB2|PP755596.1|A/cattle/Texas/24-008749-003/2024(H5N1)	1766	109
PB2|PP755596.1|A/cattle/Texas/24-008749-003/2024(H5N1)	1767	110
PB2|PP755596.1|A/cattle/Texas/24-008749-003/2024(H5N1)	1768	119
PB2|PP755596.1|A/cattle/Texas/24-008749-003/2024(H5N1)	1769	120
PB2|PP755596.1|A/cattle/Texas/24-008749-003/2024(H5N1)	1770	120
PB2|PP755596.1|A/cattle/Texas/24-008749-003/2024(H5N1)	1771	119
PB2|PP755596.1|A/cattle/Texas/24-008749-003/2024(H5N1)	1772	120
PB2|PP755596.1|A/cattle/Texas/24-008749-003/2024(H5N1)	1773	122
PB2|PP755596.1|A/cattle/Texas/24-008749-003/2024(H5N1)	1774	122
PB2|PP755596.1|A/cattle/Texas/24-008749-003/2024(H5N1)	1775	121
PB2|PP755596.1|A/cattle/Texas/24-008749-003/2024(H5N1)	1776	122
PB2|PP755596.1|A/cattle/Texas/24-008749-003/2024(H5N1)	1777	117
PB2|PP755596.1|A/cattle/Texas/24-008749-003/2024(H5N1)	1778	116
PB2|PP755596.1|A/cattle/Texas/24-008749-003/2024(H5N1)	1779	116
PB2|PP755596.1|A/cattle/Texas/24-008749-003/2024(H5N1)	1780	117
PB2|PP755596.1|A/cattle/Texas/24-008749-003/2024(H5N1)	1781	117
PB2|PP755596.1|A/cattle/Texas/24-008749-003/2024(H5N1)	1782	113
PB2|PP755596.1|A/cattle/Texas/24-008749-003/2024(H5N1)	1783	112
PB2|PP755596.1|A/cattle/Texas/24-008749-003/2024(H5N1)	1784	107
PB2|PP755596.1|A/cattle/Texas/24-008749-003/2024(H5N1)	1785	113
PB2|PP755596.1|A/cattle/Texas/24-008749-003/2024(H5N1)	1786	113
PB2|PP755596.1|A/cattle/Texas/24-008749-003/2024(H5N1)	1787	113
PB2|PP755596.1|A/cattle/Texas/24-008749-003/2024(H5N1)	1788	113
PB2|PP755596.1|A/cattle/Texas/24-008749-003/2024(H5N1)	1789	111
PB2|PP755596.1|A/cattle/Texas/24-008749-003/2024(H5N1)	1790	113
PB2|PP755596.1|A/cattle/Texas/24-008749-003/2024(H5N1)	1791	112
PB2|PP755596.1|A/cattle/Texas/24-008749-003/2024(H5N1)	1792	112
PB2|PP755596.1|A/cattle/Texas/24-008749-003/2024(H5N1)	1793	106
PB2|PP755596.1|A/cattle/Texas/24-008749-003/2024(H5N1)	1794	105
PB2|PP755596.1|A/cattle/Texas/24-008749-003/2024(H5N1)	1795	107
PB2|PP755596.1|A/cattle/Texas/24-008749-003/2024(H5N1)	1796	107
PB2|PP755596.1|A/cattle/Texas/24-008749-003/2024(H5N1)	1797	108
PB2|PP755596.1|A/cattle/Texas/24-008749-003/2024(H5N1)	1798	108
PB2|PP755596.1|A/cattle/Texas/24-008749-003/2024(H5N1)	1799	108
PB2|PP755596.1|A/cattle/Texas/24-008749-003/2024(H5N1)	1800	108
PB2|PP755596.1|A/cattle/Texas/24-008749-003/2024(H5N1)	1801	108
PB2|PP755596.1|A/cattle/Texas/24-008749-003/2024(H5N1)	1802	104
PB2|PP755596.1|A/cattle/Texas/24-008749-003/2024(H5N1)	1803	104
PB2|PP755596.1|A/cattle/Texas/24-008749-003/2024(H5N1)	1804	103
PB2|PP755596.1|A/cattle/Texas/24-008749-003/2024(H5N1)	1805	103
PB2|PP755596.1|A/cattle/Texas/24-008749-003/2024(H5N1)	1806	103
PB2|PP755596.1|A/cattle/Texas/24-008749-003/2024(H5N1)	1807	103
PB2|PP755596.1|A/cattle/Texas/24-008749-003/2024(H5N1)	1808	105
PB2|PP755596.1|A/cattle/Texas/24-008749-003/2024(H5N1)	1809	105
PB2|PP755596.1|A/cattle/Texas/24-008749-003/2024(H5N1)	1810	101
PB2|PP755596.1|A/cattle/Texas/24-008749-003/2024(H5N1)	1811	101
PB2|PP755596.1|A/cattle/Texas/24-008749-003/2024(H5N1)	1812	101
PB2|PP755596.1|A/cattle/Texas/24-008749-003/2024(H5N1)	1813	101
PB2|PP755596.1|A/cattle/Texas/24-008749-003/2024(H5N1)	1814	103
PB2|PP755596.1|A/cattle/Texas/24-008749-003/2024(H5N1)	1815	103
PB2|PP755596.1|A/cattle/Texas/24-008749-003/2024(H5N1)	1816	104
PB2|PP755596.1|A/cattle/Texas/24-008749-003/2024(H5N1)	1817	105
PB2|PP755596.1|A/cattle/Texas/24-008749-003/2024(H5N1)	1818	108
PB2|PP755596.1|A/cattle/Texas/24-008749-003/2024(H5N1)	1819	108
PB2|PP755596.1|A/cattle/Texas/24-008749-003/2024(H5N1)	1820	108
PB2|PP755596.1|A/cattle/Texas/24-008749-003/2024(H5N1)	1821	111
PB2|PP755596.1|A/cattle/Texas/24-008749-003/2024(H5N1)	1822	111
PB2|PP755596.1|A/cattle/Texas/24-008749-003/2024(H5N1)	1823	111
PB2|PP755596.1|A/cattle/Texas/24-008749-003/2024(H5N1)	1824	113
PB2|PP755596.1|A/cattle/Texas/24-008749-003/2024(H5N1)	1825	113
PB2|PP755596.1|A/cattle/Texas/24-008749-003/2024(H5N1)	1826	112
PB2|PP755596.1|A/cattle/Texas/24-008749-003/2024(H5N1)	1827	119
PB2|PP755596.1|A/cattle/Texas/24-008749-003/2024(H5N1)	1828	120
PB2|PP755596.1|A/cattle/Texas/24-008749-003/2024(H5N1)	1829	120
PB2|PP755596.1|A/cattle/Texas/24-008749-003/2024(H5N1)	1830	120
PB2|PP755596.1|A/cattle/Texas/24-008749-003/2024(H5N1)	1831	120
PB2|PP755596.1|A/cattle/Texas/24-008749-003/2024(H5N1)	1832	122
PB2|PP755596.1|A/cattle/Texas/24-008749-003/2024(H5N1)	1833	121
PB2|PP755596.1|A/cattle/Texas/24-008749-003/2024(H5N1)	1834	121
PB2|PP755596.1|A/cattle/Texas/24-008749-003/2024(H5N1)	1835	121
PB2|PP755596.1|A/cattle/Texas/24-008749-003/2024(H5N1)	1836	118
PB2|PP755596.1|A/cattle/Texas/24-008749-003/2024(H5N1)	1837	125
PB2|PP755596.1|A/cattle/Texas/24-008749-003/2024(H5N1)	1838	125
PB2|PP755596.1|A/cattle/Texas/24-008749-003/2024(H5N1)	1839	126
PB2|PP755596.1|A/cattle/Texas/24-008749-003/2024(H5N1)	1840	126
PB2|PP755596.1|A/cattle/Texas/24-008749-003/2024(H5N1)	1841	125
PB2|PP755596.1|A/cattle/Texas/24-008749-003/2024(H5N1)	1842	124
PB2|PP755596.1|A/cattle/Texas/24-008749-003/2024(H5N1)	1843	125
PB2|PP755596.1|A/cattle/Texas/24-008749-003/2024(H5N1)	1844	123
PB2|PP755596.1|A/cattle/Texas/24-008749-003/2024(H5N1)	1845	122
PB2|PP755596.1|A/cattle/Texas/24-008749-003/2024(H5N1)	1846	120
PB2|PP755596.1|A/cattle/Texas/24-008749-003/2024(H5N1)	1847	119
PB2|PP755596.1|A/cattle/Texas/24-008749-003/2024(H5N1)	1848	119
PB2|PP755596.1|A/cattle/Texas/24-008749-003/2024(H5N1)	1849	121
PB2|PP755596.1|A/cattle/Texas/24-008749-003/2024(H5N1)	1850	121
PB2|PP755596.1|A/cattle/Texas/24-008749-003/2024(H5N1)	1851	121
PB2|PP755596.1|A/cattle/Texas/24-008749-003/2024(H5N1)	1852	120
PB2|PP755596.1|A/cattle/Texas/24-008749-003/2024(H5N1)	1853	119
PB2|PP755596.1|A/cattle/Texas/24-008749-003/2024(H5N1)	1854	119
PB2|PP755596.1|A/cattle/Texas/24-008749-003/2024(H5N1)	1855	120
PB2|PP755596.1|A/cattle/Texas/24-008749-003/2024(H5N1)	1856	120
PB2|PP755596.1|A/cattle/Texas/24-008749-003/2024(H5N1)	1857	126
PB2|PP755596.1|A/cattle/Texas/24-008749-003/2024(H5N1)	1858	123
PB2|PP755596.1|A/cattle/Texas/24-008749-003/2024(H5N1)	1859	125
PB2|PP755596.1|A/cattle/Texas/24-008749-003/2024(H5N1)	1860	125
PB2|PP755596.1|A/cattle/Texas/24-008749-003/2024(H5N1)	1861	125
PB2|PP755596.1|A/cattle/Texas/24-008749-003/2024(H5N1)	1862	127
PB2|PP755596.1|A/cattle/Texas/24-008749-003/2024(H5N1)	1863	127
PB2|PP755596.1|A/cattle/Texas/24-008749-003/2024(H5N1)	1864	126
PB2|PP755596.1|A/cattle/Texas/24-008749-003/2024(H5N1)	1865	126
PB2|PP755596.1|A/cattle/Texas/24-008749-003/2024(H5N1)	1866	125
PB2|PP755596.1|A/cattle/Texas/24-008749-003/2024(H5N1)	1867	125
PB2|PP755596.1|A/cattle/Texas/24-008749-003/2024(H5N1)	1868	124
PB2|PP755596.1|A/cattle/Texas/24-008749-003/2024(H5N1)	1869	125
PB2|PP755596.1|A/cattle/Texas/24-008749-003/2024(H5N1)	1870	125
PB2|PP755596.1|A/cattle/Texas/24-008749-003/2024(H5N1)	1871	126
PB2|PP755596.1|A/cattle/Texas/24-008749-003/2024(H5N1)	1872	126
PB2|PP755596.1|A/cattle/Texas/24-008749-003/2024(H5N1)	1873	126
PB2|PP755596.1|A/cattle/Texas/24-008749-003/2024(H5N1)	1874	126
PB2|PP755596.1|A/cattle/Texas/24-008749-003/2024(H5N1)	1875	127
PB2|PP755596.1|A/cattle/Texas/24-008749-003/2024(H5N1)	1876	125
PB2|PP755596.1|A/cattle/Texas/24-008749-003/2024(H5N1)	1877	124
PB2|PP755596.1|A/cattle/Texas/24-008749-003/2024(H5N1)	1878	124
PB2|PP755596.1|A/cattle/Texas/24-008749-003/2024(H5N1)	1879	128
PB2|PP755596.1|A/cattle/Texas/24-008749-003/2024(H5N1)	1880	128
PB2|PP755596.1|A/cattle/Texas/24-008749-003/2024(H5N1)	1881	128
PB2|PP755596.1|A/cattle/Texas/24-008749-003/2024(H5N1)	1882	128
PB2|PP755596.1|A/cattle/Texas/24-008749-003/2024(H5N1)	1883	130
PB2|PP755596.1|A/cattle/Texas/24-008749-003/2024(H5N1)	1884	129
PB2|PP755596.1|A/cattle/Texas/24-008749-003/2024(H5N1)	1885	129
PB2|PP755596.1|A/cattle/Texas/24-008749-003/2024(H5N1)	1886	129
PB2|PP755596.1|A/cattle/Texas/24-008749-003/2024(H5N1)	1887	130
PB2|PP755596.1|A/cattle/Texas/24-008749-003/2024(H5N1)	1888	124
PB2|PP755596.1|A/cattle/Texas/24-008749-003/2024(H5N1)	1889	124
PB2|PP755596.1|A/cattle/Texas/24-008749-003/2024(H5N1)	1890	125
PB2|PP755596.1|A/cattle/Texas/24-008749-003/2024(H5N1)	1891	126
PB2|PP755596.1|A/cattle/Texas/24-008749-003/2024(H5N1)	1892	125
PB2|PP755596.1|A/cattle/Texas/24-008749-003/2024(H5N1)	1893	127
PB2|PP755596.1|A/cattle/Texas/24-008749-003/2024(H5N1)	1894	129
PB2|PP755596.1|A/cattle/Texas/24-008749-003/2024(H5N1)	1895	130
PB2|PP755596.1|A/cattle/Texas/24-008749-003/2024(H5N1)	1896	131
PB2|PP755596.1|A/cattle/Texas/24-008749-003/2024(H5N1)	1897	131
PB2|PP755596.1|A/cattle/Texas/24-008749-003/2024(H5N1)	1898	131
PB2|PP755596.1|A/cattle/Texas/24-008749-003/2024(H5N1)	1899	131
PB2|PP755596.1|A/cattle/Texas/24-008749-003/2024(H5N1)	1900	128
PB2|PP755596.1|A/cattle/Texas/24-008749-003/2024(H5N1)	1901	128
PB2|PP755596.1|A/cattle/Texas/24-008749-003/2024(H5N1)	1902	124
PB2|PP755596.1|A/cattle/Texas/24-008749-003/2024(H5N1)	1903	122
PB2|PP755596.1|A/cattle/Texas/24-008749-003/2024(H5N1)	1904	122
PB2|PP755596.1|A/cattle/Texas/24-008749-003/2024(H5N1)	1905	122
PB2|PP755596.1|A/cattle/Texas/24-008749-003/2024(H5N1)	1906	124
PB2|PP755596.1|A/cattle/Texas/24-008749-003/2024(H5N1)	1907	123
PB2|PP755596.1|A/cattle/Texas/24-008749-003/2024(H5N1)	1908	126
PB2|PP755596.1|A/cattle/Texas/24-008749-003/2024(H5N1)	1909	131
PB2|PP755596.1|A/cattle/Texas/24-008749-003/2024(H5N1)	1910	128
PB2|PP755596.1|A/cattle/Texas/24-008749-003/2024(H5N1)	1911	130
PB2|PP755596.1|A/cattle/Texas/24-008749-003/2024(H5N1)	1912	131
PB2|PP755596.1|A/cattle/Texas/24-008749-003/2024(H5N1)	1913	129
PB2|PP755596.1|A/cattle/Texas/24-008749-003/2024(H5N1)	1914	131
PB2|PP755596.1|A/cattle/Texas/24-008749-003/2024(H5N1)	1915	131
PB2|PP755596.1|A/cattle/Texas/24-008749-003/2024(H5N1)	1916	131
PB2|PP755596.1|A/cattle/Texas/24-008749-003/2024(H5N1)	1917	130
PB2|PP755596.1|A/cattle/Texas/24-008749-003/2024(H5N1)	1918	130
PB2|PP755596.1|A/cattle/Texas/24-008749-003/2024(H5N1)	1919	124
PB2|PP755596.1|A/cattle/Texas/24-008749-003/2024(H5N1)	1920	124
PB2|PP755596.1|A/cattle/Texas/24-008749-003/2024(H5N1)	1921	123
PB2|PP755596.1|A/cattle/Texas/24-008749-003/2024(H5N1)	1922	124
PB2|PP755596.1|A/cattle/Texas/24-008749-003/2024(H5N1)	1923	123
PB2|PP755596.1|A/cattle/Texas/24-008749-003/2024(H5N1)	1924	123
PB2|PP755596.1|A/cattle/Texas/24-008749-003/2024(H5N1)	1925	128
PB2|PP755596.1|A/cattle/Texas/24-008749-003/2024(H5N1)	1926	130
PB2|PP755596.1|A/cattle/Texas/24-008749-003/2024(H5N1)	1927	130
PB2|PP755596.1|A/cattle/Texas/24-008749-003/2024(H5N1)	1928	130
PB2|PP755596.1|A/cattle/Texas/24-008749-003/2024(H5N1)	1929	131
PB2|PP755596.1|A/cattle/Texas/24-008749-003/2024(H5N1)	1930	133
PB2|PP755596.1|A/cattle/Texas/24-008749-003/2024(H5N1)	1931	133
PB2|PP755596.1|A/cattle/Texas/24-008749-003/2024(H5N1)	1932	132
PB2|PP755596.1|A/cattle/Texas/24-008749-003/2024(H5N1)	1933	132
PB2|PP755596.1|A/cattle/Texas/24-008749-003/2024(H5N1)	1934	133
PB2|PP755596.1|A/cattle/Texas/24-008749-003/2024(H5N1)	1935	133
PB2|PP755596.1|A/cattle/Texas/24-008749-003/2024(H5N1)	1936	127
PB2|PP755596.1|A/cattle/Texas/24-008749-003/2024(H5N1)	1937	127
PB2|PP755596.1|A/cattle/Texas/24-008749-003/2024(H5N1)	1938	127
PB2|PP755596.1|A/cattle/Texas/24-008749-003/2024(H5N1)	1939	125
PB2|PP755596.1|A/cattle/Texas/24-008749-003/2024(H5N1)	1940	125
PB2|PP755596.1|A/cattle/Texas/24-008749-003/2024(H5N1)	1941	123
PB2|PP755596.1|A/cattle/Texas/24-008749-003/2024(H5N1)	1942	123
PB2|PP755596.1|A/cattle/Texas/24-008749-003/2024(H5N1)	1943	122
PB2|PP755596.1|A/cattle/Texas/24-008749-003/2024(H5N1)	1944	123
PB2|PP755596.1|A/cattle/Texas/24-008749-003/2024(H5N1)	1945	124
PB2|PP755596.1|A/cattle/Texas/24-008749-003/2024(H5N1)	1946	122
PB2|PP755596.1|A/cattle/Texas/24-008749-003/2024(H5N1)	1947	122
PB2|PP755596.1|A/cattle/Texas/24-008749-003/2024(H5N1)	1948	121
PB2|PP755596.1|A/cattle/Texas/24-008749-003/2024(H5N1)	1949	121
PB2|PP755596.1|A/cattle/Texas/24-008749-003/2024(H5N1)	1950	122
PB2|PP755596.1|A/cattle/Texas/24-008749-003/2024(H5N1)	1951	122
PB2|PP755596.1|A/cattle/Texas/24-008749-003/2024(H5N1)	1952	122
PB2|PP755596.1|A/cattle/Texas/24-008749-003/2024(H5N1)	1953	123
PB2|PP755596.1|A/cattle/Texas/24-008749-003/2024(H5N1)	1954	123
PB2|PP755596.1|A/cattle/Texas/24-008749-003/2024(H5N1)	1955	123
PB2|PP755596.1|A/cattle/Texas/24-008749-003/2024(H5N1)	1956	127
PB2|PP755596.1|A/cattle/Texas/24-008749-003/2024(H5N1)	1957	127
PB2|PP755596.1|A/cattle/Texas/24-008749-003/2024(H5N1)	1958	127
PB2|PP755596.1|A/cattle/Texas/24-008749-003/2024(H5N1)	1959	127
PB2|PP755596.1|A/cattle/Texas/24-008749-003/2024(H5N1)	1960	129
PB2|PP755596.1|A/cattle/Texas/24-008749-003/2024(H5N1)	1961	129
PB2|PP755596.1|A/cattle/Texas/24-008749-003/2024(H5N1)	1962	129
PB2|PP755596.1|A/cattle/Texas/24-008749-003/2024(H5N1)	1963	129
PB2|PP755596.1|A/cattle/Texas/24-008749-003/2024(H5N1)	1964	127
PB2|PP755596.1|A/cattle/Texas/24-008749-003/2024(H5N1)	1965	128
PB2|PP755596.1|A/cattle/Texas/24-008749-003/2024(H5N1)	1966	130
PB2|PP755596.1|A/cattle/Texas/24-008749-003/2024(H5N1)	1967	128
PB2|PP755596.1|A/cattle/Texas/24-008749-003/2024(H5N1)	1968	126
PB2|PP755596.1|A/cattle/Texas/24-008749-003/2024(H5N1)	1969	126
PB2|PP755596.1|A/cattle/Texas/24-008749-003/2024(H5N1)	1970	127
PB2|PP755596.1|A/cattle/Texas/24-008749-003/2024(H5N1)	1971	127
PB2|PP755596.1|A/cattle/Texas/24-008749-003/2024(H5N1)	1972	142
PB2|PP755596.1|A/cattle/Texas/24-008749-003/2024(H5N1)	1973	142
PB2|PP755596.1|A/cattle/Texas/24-008749-003/2024(H5N1)	1974	143
PB2|PP755596.1|A/cattle/Texas/24-008749-003/2024(H5N1)	1975	159
PB2|PP755596.1|A/cattle/Texas/24-008749-003/2024(H5N1)	1976	159
PB2|PP755596.1|A/cattle/Texas/24-008749-003/2024(H5N1)	1977	155
PB2|PP755596.1|A/cattle/Texas/24-008749-003/2024(H5N1)	1978	154
PB2|PP755596.1|A/cattle/Texas/24-008749-003/2024(H5N1)	1979	153
PB2|PP755596.1|A/cattle/Texas/24-008749-003/2024(H5N1)	1980	153
PB2|PP755596.1|A/cattle/Texas/24-008749-003/2024(H5N1)	1981	154
PB2|PP755596.1|A/cattle/Texas/24-008749-003/2024(H5N1)	1982	157
PB2|PP755596.1|A/cattle/Texas/24-008749-003/2024(H5N1)	1983	156
PB2|PP755596.1|A/cattle/Texas/24-008749-003/2024(H5N1)	1984	157
PB2|PP755596.1|A/cattle/Texas/24-008749-003/2024(H5N1)	1985	157
PB2|PP755596.1|A/cattle/Texas/24-008749-003/2024(H5N1)	1986	157
PB2|PP755596.1|A/cattle/Texas/24-008749-003/2024(H5N1)	1987	160
PB2|PP755596.1|A/cattle/Texas/24-008749-003/2024(H5N1)	1988	155
PB2|PP755596.1|A/cattle/Texas/24-008749-003/2024(H5N1)	1989	155
PB2|PP755596.1|A/cattle/Texas/24-008749-003/2024(H5N1)	1990	154
PB2|PP755596.1|A/cattle/Texas/24-008749-003/2024(H5N1)	1991	155
PB2|PP755596.1|A/cattle/Texas/24-008749-003/2024(H5N1)	1992	155
PB2|PP755596.1|A/cattle/Texas/24-008749-003/2024(H5N1)	1993	154
PB2|PP755596.1|A/cattle/Texas/24-008749-003/2024(H5N1)	1994	153
PB2|PP755596.1|A/cattle/Texas/24-008749-003/2024(H5N1)	1995	153
PB2|PP755596.1|A/cattle/Texas/24-008749-003/2024(H5N1)	1996	153
PB2|PP755596.1|A/cattle/Texas/24-008749-003/2024(H5N1)	1997	153
PB2|PP755596.1|A/cattle/Texas/24-008749-003/2024(H5N1)	1998	153
PB2|PP755596.1|A/cattle/Texas/24-008749-003/2024(H5N1)	1999	158
PB2|PP755596.1|A/cattle/Texas/24-008749-003/2024(H5N1)	2000	158
PB2|PP755596.1|A/cattle/Texas/24-008749-003/2024(H5N1)	2001	161
PB2|PP755596.1|A/cattle/Texas/24-008749-003/2024(H5N1)	2002	163
PB2|PP755596.1|A/cattle/Texas/24-008749-003/2024(H5N1)	2003	163
PB2|PP755596.1|A/cattle/Texas/24-008749-003/2024(H5N1)	2004	164
PB2|PP755596.1|A/cattle/Texas/24-008749-003/2024(H5N1)	2005	164
PB2|PP755596.1|A/cattle/Texas/24-008749-003/2024(H5N1)	2006	163
PB2|PP755596.1|A/cattle/Texas/24-008749-003/2024(H5N1)	2007	165
PB2|PP755596.1|A/cattle/Texas/24-008749-003/2024(H5N1)	2008	158
PB2|PP755596.1|A/cattle/Texas/24-008749-003/2024(H5N1)	2009	160
PB2|PP755596.1|A/cattle/Texas/24-008749-003/2024(H5N1)	2010	157
PB2|PP755596.1|A/cattle/Texas/24-008749-003/2024(H5N1)	2011	160
PB2|PP755596.1|A/cattle/Texas/24-008749-003/2024(H5N1)	2012	163
PB2|PP755596.1|A/cattle/Texas/24-008749-003/2024(H5N1)	2013	161
PB2|PP755596.1|A/cattle/Texas/24-008749-003/2024(H5N1)	2014	167
PB2|PP755596.1|A/cattle/Texas/24-008749-003/2024(H5N1)	2015	172
PB2|PP755596.1|A/cattle/Texas/24-008749-003/2024(H5N1)	2016	172
PB2|PP755596.1|A/cattle/Texas/24-008749-003/2024(H5N1)	2017	173
PB2|PP755596.1|A/cattle/Texas/24-008749-003/2024(H5N1)	2018	173
PB2|PP755596.1|A/cattle/Texas/24-008749-003/2024(H5N1)	2019	172
PB2|PP755596.1|A/cattle/Texas/24-008749-003/2024(H5N1)	2020	171
PB2|PP755596.1|A/cattle/Texas/24-008749-003/2024(H5N1)	2021	173
PB2|PP755596.1|A/cattle/Texas/24-008749-003/2024(H5N1)	2022	173
PB2|PP755596.1|A/cattle/Texas/24-008749-003/2024(H5N1)	2023	173
PB2|PP755596.1|A/cattle/Texas/24-008749-003/2024(H5N1)	2024	173
PB2|PP755596.1|A/cattle/Texas/24-008749-003/2024(H5N1)	2025	173
PB2|PP755596.1|A/cattle/Texas/24-008749-003/2024(H5N1)	2026	172
PB2|PP755596.1|A/cattle/Texas/24-008749-003/2024(H5N1)	2027	171
PB2|PP755596.1|A/cattle/Texas/24-008749-003/2024(H5N1)	2028	173
PB2|PP755596.1|A/cattle/Texas/24-008749-003/2024(H5N1)	2029	172
PB2|PP755596.1|A/cattle/Texas/24-008749-003/2024(H5N1)	2030	166
PB2|PP755596.1|A/cattle/Texas/24-008749-003/2024(H5N1)	2031	166
PB2|PP755596.1|A/cattle/Texas/24-008749-003/2024(H5N1)	2032	166
PB2|PP755596.1|A/cattle/Texas/24-008749-003/2024(H5N1)	2033	170
PB2|PP755596.1|A/cattle/Texas/24-008749-003/2024(H5N1)	2034	168
PB2|PP755596.1|A/cattle/Texas/24-008749-003/2024(H5N1)	2035	168
PB2|PP755596.1|A/cattle/Texas/24-008749-003/2024(H5N1)	2036	168
PB2|PP755596.1|A/cattle/Texas/24-008749-003/2024(H5N1)	2037	167
PB2|PP755596.1|A/cattle/Texas/24-008749-003/2024(H5N1)	2038	173
PB2|PP755596.1|A/cattle/Texas/24-008749-003/2024(H5N1)	2039	177
PB2|PP755596.1|A/cattle/Texas/24-008749-003/2024(H5N1)	2040	177
PB2|PP755596.1|A/cattle/Texas/24-008749-003/2024(H5N1)	2041	176
PB2|PP755596.1|A/cattle/Texas/24-008749-003/2024(H5N1)	2042	176
PB2|PP755596.1|A/cattle/Texas/24-008749-003/2024(H5N1)	2043	177
PB2|PP755596.1|A/cattle/Texas/24-008749-003/2024(H5N1)	2044	177
PB2|PP755596.1|A/cattle/Texas/24-008749-003/2024(H5N1)	2045	179
PB2|PP755596.1|A/cattle/Texas/24-008749-003/2024(H5N1)	2046	179
PB2|PP755596.1|A/cattle/Texas/24-008749-003/2024(H5N1)	2047	179
PB2|PP755596.1|A/cattle/Texas/24-008749-003/2024(H5N1)	2048	183
PB2|PP755596.1|A/cattle/Texas/24-008749-003/2024(H5N1)	2049	183
PB2|PP755596.1|A/cattle/Texas/24-008749-003/2024(H5N1)	2050	184
PB2|PP755596.1|A/cattle/Texas/24-008749-003/2024(H5N1)	2051	189
PB2|PP755596.1|A/cattle/Texas/24-008749-003/2024(H5N1)	2052	190
PB2|PP755596.1|A/cattle/Texas/24-008749-003/2024(H5N1)	2053	195
PB2|PP755596.1|A/cattle/Texas/24-008749-003/2024(H5N1)	2054	196
PB2|PP755596.1|A/cattle/Texas/24-008749-003/2024(H5N1)	2055	196
PB2|PP755596.1|A/cattle/Texas/24-008749-003/2024(H5N1)	2056	196
PB2|PP755596.1|A/cattle/Texas/24-008749-003/2024(H5N1)	2057	194
PB2|PP755596.1|A/cattle/Texas/24-008749-003/2024(H5N1)	2058	195
PB2|PP755596.1|A/cattle/Texas/24-008749-003/2024(H5N1)	2059	191
PB2|PP755596.1|A/cattle/Texas/24-008749-003/2024(H5N1)	2060	187
PB2|PP755596.1|A/cattle/Texas/24-008749-003/2024(H5N1)	2061	187
PB2|PP755596.1|A/cattle/Texas/24-008749-003/2024(H5N1)	2062	185
PB2|PP755596.1|A/cattle/Texas/24-008749-003/2024(H5N1)	2063	182
PB2|PP755596.1|A/cattle/Texas/24-008749-003/2024(H5N1)	2064	182
PB2|PP755596.1|A/cattle/Texas/24-008749-003/2024(H5N1)	2065	181
PB2|PP755596.1|A/cattle/Texas/24-008749-003/2024(H5N1)	2066	181
PB2|PP755596.1|A/cattle/Texas/24-008749-003/2024(H5N1)	2067	181
PB2|PP755596.1|A/cattle/Texas/24-008749-003/2024(H5N1)	2068	188
PB2|PP755596.1|A/cattle/Texas/24-008749-003/2024(H5N1)	2069	190
PB2|PP755596.1|A/cattle/Texas/24-008749-003/2024(H5N1)	2070	189
PB2|PP755596.1|A/cattle/Texas/24-008749-003/2024(H5N1)	2071	188
PB2|PP755596.1|A/cattle/Texas/24-008749-003/2024(H5N1)	2072	186
PB2|PP755596.1|A/cattle/Texas/24-008749-003/2024(H5N1)	2073	184
PB2|PP755596.1|A/cattle/Texas/24-008749-003/2024(H5N1)	2074	183
PB2|PP755596.1|A/cattle/Texas/24-008749-003/2024(H5N1)	2075	179
PB2|PP755596.1|A/cattle/Texas/24-008749-003/2024(H5N1)	2076	177
PB2|PP755596.1|A/cattle/Texas/24-008749-003/2024(H5N1)	2077	175
PB2|PP755596.1|A/cattle/Texas/24-008749-003/2024(H5N1)	2078	174
PB2|PP755596.1|A/cattle/Texas/24-008749-003/2024(H5N1)	2079	175
PB2|PP755596.1|A/cattle/Texas/24-008749-003/2024(H5N1)	2080	187
PB2|PP755596.1|A/cattle/Texas/24-008749-003/2024(H5N1)	2081	187
PB2|PP755596.1|A/cattle/Texas/24-008749-003/2024(H5N1)	2082	186
PB2|PP755596.1|A/cattle/Texas/24-008749-003/2024(H5N1)	2083	183
PB2|PP755596.1|A/cattle/Texas/24-008749-003/2024(H5N1)	2084	186
PB2|PP755596.1|A/cattle/Texas/24-008749-003/2024(H5N1)	2085	187
PB2|PP755596.1|A/cattle/Texas/24-008749-003/2024(H5N1)	2086	186
PB2|PP755596.1|A/cattle/Texas/24-008749-003/2024(H5N1)	2087	186
PB2|PP755596.1|A/cattle/Texas/24-008749-003/2024(H5N1)	2088	196
PB2|PP755596.1|A/cattle/Texas/24-008749-003/2024(H5N1)	2089	196
PB2|PP755596.1|A/cattle/Texas/24-008749-003/2024(H5N1)	2090	196
PB2|PP755596.1|A/cattle/Texas/24-008749-003/2024(H5N1)	2091	196
PB2|PP755596.1|A/cattle/Texas/24-008749-003/2024(H5N1)	2092	196
PB2|PP755596.1|A/cattle/Texas/24-008749-003/2024(H5N1)	2093	196
PB2|PP755596.1|A/cattle/Texas/24-008749-003/2024(H5N1)	2094	195
PB2|PP755596.1|A/cattle/Texas/24-008749-003/2024(H5N1)	2095	194
PB2|PP755596.1|A/cattle/Texas/24-008749-003/2024(H5N1)	2096	199
PB2|PP755596.1|A/cattle/Texas/24-008749-003/2024(H5N1)	2097	199
PB2|PP755596.1|A/cattle/Texas/24-008749-003/2024(H5N1)	2098	203
PB2|PP755596.1|A/cattle/Texas/24-008749-003/2024(H5N1)	2099	210
PB2|PP755596.1|A/cattle/Texas/24-008749-003/2024(H5N1)	2100	209
PB2|PP755596.1|A/cattle/Texas/24-008749-003/2024(H5N1)	2101	210
PB2|PP755596.1|A/cattle/Texas/24-008749-003/2024(H5N1)	2102	211
PB2|PP755596.1|A/cattle/Texas/24-008749-003/2024(H5N1)	2103	210
PB2|PP755596.1|A/cattle/Texas/24-008749-003/2024(H5N1)	2104	209
PB2|PP755596.1|A/cattle/Texas/24-008749-003/2024(H5N1)	2105	209
PB2|PP755596.1|A/cattle/Texas/24-008749-003/2024(H5N1)	2106	211
PB2|PP755596.1|A/cattle/Texas/24-008749-003/2024(H5N1)	2107	209
PB2|PP755596.1|A/cattle/Texas/24-008749-003/2024(H5N1)	2108	209
PB2|PP755596.1|A/cattle/Texas/24-008749-003/2024(H5N1)	2109	209
PB2|PP755596.1|A/cattle/Texas/24-008749-003/2024(H5N1)	2110	209
PB2|PP755596.1|A/cattle/Texas/24-008749-003/2024(H5N1)	2111	207
PB2|PP755596.1|A/cattle/Texas/24-008749-003/2024(H5N1)	2112	207
PB2|PP755596.1|A/cattle/Texas/24-008749-003/2024(H5N1)	2113	208
PB2|PP755596.1|A/cattle/Texas/24-008749-003/2024(H5N1)	2114	217
PB2|PP755596.1|A/cattle/Texas/24-008749-003/2024(H5N1)	2115	214
PB2|PP755596.1|A/cattle/Texas/24-008749-003/2024(H5N1)	2116	214
PB2|PP755596.1|A/cattle/Texas/24-008749-003/2024(H5N1)	2117	213
PB2|PP755596.1|A/cattle/Texas/24-008749-003/2024(H5N1)	2118	212
PB2|PP755596.1|A/cattle/Texas/24-008749-003/2024(H5N1)	2119	217
PB2|PP755596.1|A/cattle/Texas/24-008749-003/2024(H5N1)	2120	204
PB2|PP755596.1|A/cattle/Texas/24-008749-003/2024(H5N1)	2121	204
PB2|PP755596.1|A/cattle/Texas/24-008749-003/2024(H5N1)	2122	202
PB2|PP755596.1|A/cattle/Texas/24-008749-003/2024(H5N1)	2123	181
PB2|PP755596.1|A/cattle/Texas/24-008749-003/2024(H5N1)	2124	181
PB2|PP755596.1|A/cattle/Texas/24-008749-003/2024(H5N1)	2125	181
PB2|PP755596.1|A/cattle/Texas/24-008749-003/2024(H5N1)	2126	181
PB2|PP755596.1|A/cattle/Texas/24-008749-003/2024(H5N1)	2127	180
PB2|PP755596.1|A/cattle/Texas/24-008749-003/2024(H5N1)	2128	181
PB2|PP755596.1|A/cattle/Texas/24-008749-003/2024(H5N1)	2129	185
PB2|PP755596.1|A/cattle/Texas/24-008749-003/2024(H5N1)	2130	186
PB2|PP755596.1|A/cattle/Texas/24-008749-003/2024(H5N1)	2131	186
PB2|PP755596.1|A/cattle/Texas/24-008749-003/2024(H5N1)	2132	187
PB2|PP755596.1|A/cattle/Texas/24-008749-003/2024(H5N1)	2133	187
PB2|PP755596.1|A/cattle/Texas/24-008749-003/2024(H5N1)	2134	186
PB2|PP755596.1|A/cattle/Texas/24-008749-003/2024(H5N1)	2135	185
PB2|PP755596.1|A/cattle/Texas/24-008749-003/2024(H5N1)	2136	186
PB2|PP755596.1|A/cattle/Texas/24-008749-003/2024(H5N1)	2137	187
PB2|PP755596.1|A/cattle/Texas/24-008749-003/2024(H5N1)	2138	201
PB2|PP755596.1|A/cattle/Texas/24-008749-003/2024(H5N1)	2139	206
PB2|PP755596.1|A/cattle/Texas/24-008749-003/2024(H5N1)	2140	206
PB2|PP755596.1|A/cattle/Texas/24-008749-003/2024(H5N1)	2141	206
PB2|PP755596.1|A/cattle/Texas/24-008749-003/2024(H5N1)	2142	207
PB2|PP755596.1|A/cattle/Texas/24-008749-003/2024(H5N1)	2143	208
PB2|PP755596.1|A/cattle/Texas/24-008749-003/2024(H5N1)	2144	209
PB2|PP755596.1|A/cattle/Texas/24-008749-003/2024(H5N1)	2145	209
PB2|PP755596.1|A/cattle/Texas/24-008749-003/2024(H5N1)	2146	209
PB2|PP755596.1|A/cattle/Texas/24-008749-003/2024(H5N1)	2147	209
PB2|PP755596.1|A/cattle/Texas/24-008749-003/2024(H5N1)	2148	207
PB2|PP755596.1|A/cattle/Texas/24-008749-003/2024(H5N1)	2149	209
PB2|PP755596.1|A/cattle/Texas/24-008749-003/2024(H5N1)	2150	205
PB2|PP755596.1|A/cattle/Texas/24-008749-003/2024(H5N1)	2151	205
PB2|PP755596.1|A/cattle/Texas/24-008749-003/2024(H5N1)	2152	202
PB2|PP755596.1|A/cattle/Texas/24-008749-003/2024(H5N1)	2153	200
PB2|PP755596.1|A/cattle/Texas/24-008749-003/2024(H5N1)	2154	200
PB2|PP755596.1|A/cattle/Texas/24-008749-003/2024(H5N1)	2155	199
PB2|PP755596.1|A/cattle/Texas/24-008749-003/2024(H5N1)	2156	199
PB2|PP755596.1|A/cattle/Texas/24-008749-003/2024(H5N1)	2157	191
PB2|PP755596.1|A/cattle/Texas/24-008749-003/2024(H5N1)	2158	191
PB2|PP755596.1|A/cattle/Texas/24-008749-003/2024(H5N1)	2159	190
PB2|PP755596.1|A/cattle/Texas/24-008749-003/2024(H5N1)	2160	190
PB2|PP755596.1|A/cattle/Texas/24-008749-003/2024(H5N1)	2161	190
PB2|PP755596.1|A/cattle/Texas/24-008749-003/2024(H5N1)	2162	189
PB2|PP755596.1|A/cattle/Texas/24-008749-003/2024(H5N1)	2163	187
PB2|PP755596.1|A/cattle/Texas/24-008749-003/2024(H5N1)	2164	238
PB2|PP755596.1|A/cattle/Texas/24-008749-003/2024(H5N1)	2165	240
PB2|PP755596.1|A/cattle/Texas/24-008749-003/2024(H5N1)	2166	237
PB2|PP755596.1|A/cattle/Texas/24-008749-003/2024(H5N1)	2167	237
PB2|PP755596.1|A/cattle/Texas/24-008749-003/2024(H5N1)	2168	238
PB2|PP755596.1|A/cattle/Texas/24-008749-003/2024(H5N1)	2169	238
PB2|PP755596.1|A/cattle/Texas/24-008749-003/2024(H5N1)	2170	238
PB2|PP755596.1|A/cattle/Texas/24-008749-003/2024(H5N1)	2171	234
PB2|PP755596.1|A/cattle/Texas/24-008749-003/2024(H5N1)	2172	234
PB2|PP755596.1|A/cattle/Texas/24-008749-003/2024(H5N1)	2173	234
PB2|PP755596.1|A/cattle/Texas/24-008749-003/2024(H5N1)	2174	234
PB2|PP755596.1|A/cattle/Texas/24-008749-003/2024(H5N1)	2175	234
PB2|PP755596.1|A/cattle/Texas/24-008749-003/2024(H5N1)	2176	234
PB2|PP755596.1|A/cattle/Texas/24-008749-003/2024(H5N1)	2177	234
PB2|PP755596.1|A/cattle/Texas/24-008749-003/2024(H5N1)	2178	234
PB2|PP755596.1|A/cattle/Texas/24-008749-003/2024(H5N1)	2179	234
PB2|PP755596.1|A/cattle/Texas/24-008749-003/2024(H5N1)	2180	234
PB2|PP755596.1|A/cattle/Texas/24-008749-003/2024(H5N1)	2181	234
PB2|PP755596.1|A/cattle/Texas/24-008749-003/2024(H5N1)	2182	234
PB2|PP755596.1|A/cattle/Texas/24-008749-003/2024(H5N1)	2183	234
PB2|PP755596.1|A/cattle/Texas/24-008749-003/2024(H5N1)	2184	232
PB2|PP755596.1|A/cattle/Texas/24-008749-003/2024(H5N1)	2185	232
PB2|PP755596.1|A/cattle/Texas/24-008749-003/2024(H5N1)	2186	232
PB2|PP755596.1|A/cattle/Texas/24-008749-003/2024(H5N1)	2187	230
PB2|PP755596.1|A/cattle/Texas/24-008749-003/2024(H5N1)	2188	224
PB2|PP755596.1|A/cattle/Texas/24-008749-003/2024(H5N1)	2189	220
PB2|PP755596.1|A/cattle/Texas/24-008749-003/2024(H5N1)	2190	220
PB2|PP755596.1|A/cattle/Texas/24-008749-003/2024(H5N1)	2191	220
PB2|PP755596.1|A/cattle/Texas/24-008749-003/2024(H5N1)	2192	220
PB2|PP755596.1|A/cattle/Texas/24-008749-003/2024(H5N1)	2193	219
PB2|PP755596.1|A/cattle/Texas/24-008749-003/2024(H5N1)	2194	223
PB2|PP755596.1|A/cattle/Texas/24-008749-003/2024(H5N1)	2195	219
PB2|PP755596.1|A/cattle/Texas/24-008749-003/2024(H5N1)	2196	218
PB2|PP755596.1|A/cattle/Texas/24-008749-003/2024(H5N1)	2197	216
PB2|PP755596.1|A/cattle/Texas/24-008749-003/2024(H5N1)	2198	215
PB2|PP755596.1|A/cattle/Texas/24-008749-003/2024(H5N1)	2199	211
PB2|PP755596.1|A/cattle/Texas/24-008749-003/2024(H5N1)	2200	211
PB2|PP755596.1|A/cattle/Texas/24-008749-003/2024(H5N1)	2201	206
PB2|PP755596.1|A/cattle/Texas/24-008749-003/2024(H5N1)	2202	206
PB2|PP755596.1|A/cattle/Texas/24-008749-003/2024(H5N1)	2203	205
PB2|PP755596.1|A/cattle/Texas/24-008749-003/2024(H5N1)	2204	199
PB2|PP755596.1|A/cattle/Texas/24-008749-003/2024(H5N1)	2205	198
PB2|PP755596.1|A/cattle/Texas/24-008749-003/2024(H5N1)	2206	198
PB2|PP755596.1|A/cattle/Texas/24-008749-003/2024(H5N1)	2207	198
PB2|PP755596.1|A/cattle/Texas/24-008749-003/2024(H5N1)	2208	198
PB2|PP755596.1|A/cattle/Texas/24-008749-003/2024(H5N1)	2209	197
PB2|PP755596.1|A/cattle/Texas/24-008749-003/2024(H5N1)	2210	197
PB2|PP755596.1|A/cattle/Texas/24-008749-003/2024(H5N1)	2211	197
PB2|PP755596.1|A/cattle/Texas/24-008749-003/2024(H5N1)	2212	197
PB2|PP755596.1|A/cattle/Texas/24-008749-003/2024(H5N1)	2213	197
PB2|PP755596.1|A/cattle/Texas/24-008749-003/2024(H5N1)	2214	197
PB2|PP755596.1|A/cattle/Texas/24-008749-003/2024(H5N1)	2215	197
PB2|PP755596.1|A/cattle/Texas/24-008749-003/2024(H5N1)	2216	196
PB2|PP755596.1|A/cattle/Texas/24-008749-003/2024(H5N1)	2217	196
PB2|PP755596.1|A/cattle/Texas/24-008749-003/2024(H5N1)	2218	196
PB2|PP755596.1|A/cattle/Texas/24-008749-003/2024(H5N1)	2219	191
PB2|PP755596.1|A/cattle/Texas/24-008749-003/2024(H5N1)	2220	189
PB2|PP755596.1|A/cattle/Texas/24-008749-003/2024(H5N1)	2221	189
PB2|PP755596.1|A/cattle/Texas/24-008749-003/2024(H5N1)	2222	189
PB2|PP755596.1|A/cattle/Texas/24-008749-003/2024(H5N1)	2223	189
PB2|PP755596.1|A/cattle/Texas/24-008749-003/2024(H5N1)	2224	188
PB2|PP755596.1|A/cattle/Texas/24-008749-003/2024(H5N1)	2225	188
PB2|PP755596.1|A/cattle/Texas/24-008749-003/2024(H5N1)	2226	186
PB2|PP755596.1|A/cattle/Texas/24-008749-003/2024(H5N1)	2227	186
PB2|PP755596.1|A/cattle/Texas/24-008749-003/2024(H5N1)	2228	185
PB2|PP755596.1|A/cattle/Texas/24-008749-003/2024(H5N1)	2229	184
PB2|PP755596.1|A/cattle/Texas/24-008749-003/2024(H5N1)	2230	184
PB2|PP755596.1|A/cattle/Texas/24-008749-003/2024(H5N1)	2231	172
PB2|PP755596.1|A/cattle/Texas/24-008749-003/2024(H5N1)	2232	171
PB2|PP755596.1|A/cattle/Texas/24-008749-003/2024(H5N1)	2233	171
PB2|PP755596.1|A/cattle/Texas/24-008749-003/2024(H5N1)	2234	170
PB2|PP755596.1|A/cattle/Texas/24-008749-003/2024(H5N1)	2235	167
PB2|PP755596.1|A/cattle/Texas/24-008749-003/2024(H5N1)	2236	167
PB2|PP755596.1|A/cattle/Texas/24-008749-003/2024(H5N1)	2237	166
PB2|PP755596.1|A/cattle/Texas/24-008749-003/2024(H5N1)	2238	168
PB2|PP755596.1|A/cattle/Texas/24-008749-003/2024(H5N1)	2239	158
PB2|PP755596.1|A/cattle/Texas/24-008749-003/2024(H5N1)	2240	158
PB2|PP755596.1|A/cattle/Texas/24-008749-003/2024(H5N1)	2241	158
PB2|PP755596.1|A/cattle/Texas/24-008749-003/2024(H5N1)	2242	158
PB2|PP755596.1|A/cattle/Texas/24-008749-003/2024(H5N1)	2243	158
PB2|PP755596.1|A/cattle/Texas/24-008749-003/2024(H5N1)	2244	158
PB2|PP755596.1|A/cattle/Texas/24-008749-003/2024(H5N1)	2245	158
PB2|PP755596.1|A/cattle/Texas/24-008749-003/2024(H5N1)	2246	158
PB2|PP755596.1|A/cattle/Texas/24-008749-003/2024(H5N1)	2247	153
PB2|PP755596.1|A/cattle/Texas/24-008749-003/2024(H5N1)	2248	153
PB2|PP755596.1|A/cattle/Texas/24-008749-003/2024(H5N1)	2249	141
PB2|PP755596.1|A/cattle/Texas/24-008749-003/2024(H5N1)	2250	141
PB2|PP755596.1|A/cattle/Texas/24-008749-003/2024(H5N1)	2251	141
PB2|PP755596.1|A/cattle/Texas/24-008749-003/2024(H5N1)	2252	140
PB2|PP755596.1|A/cattle/Texas/24-008749-003/2024(H5N1)	2253	139
PB2|PP755596.1|A/cattle/Texas/24-008749-003/2024(H5N1)	2254	139
PB2|PP755596.1|A/cattle/Texas/24-008749-003/2024(H5N1)	2255	139
PB2|PP755596.1|A/cattle/Texas/24-008749-003/2024(H5N1)	2256	139
PB2|PP755596.1|A/cattle/Texas/24-008749-003/2024(H5N1)	2257	137
PB2|PP755596.1|A/cattle/Texas/24-008749-003/2024(H5N1)	2258	135
PB2|PP755596.1|A/cattle/Texas/24-008749-003/2024(H5N1)	2259	134
PB2|PP755596.1|A/cattle/Texas/24-008749-003/2024(H5N1)	2260	133
PB2|PP755596.1|A/cattle/Texas/24-008749-003/2024(H5N1)	2261	133
PB2|PP755596.1|A/cattle/Texas/24-008749-003/2024(H5N1)	2262	133
PB2|PP755596.1|A/cattle/Texas/24-008749-003/2024(H5N1)	2263	132
PB2|PP755596.1|A/cattle/Texas/24-008749-003/2024(H5N1)	2264	131
PB2|PP755596.1|A/cattle/Texas/24-008749-003/2024(H5N1)	2265	123
PB2|PP755596.1|A/cattle/Texas/24-008749-003/2024(H5N1)	2266	123
PB2|PP755596.1|A/cattle/Texas/24-008749-003/2024(H5N1)	2267	122
PB2|PP755596.1|A/cattle/Texas/24-008749-003/2024(H5N1)	2268	122
PB2|PP755596.1|A/cattle/Texas/24-008749-003/2024(H5N1)	2269	122
PB2|PP755596.1|A/cattle/Texas/24-008749-003/2024(H5N1)	2270	117
PB2|PP755596.1|A/cattle/Texas/24-008749-003/2024(H5N1)	2271	117
PB2|PP755596.1|A/cattle/Texas/24-008749-003/2024(H5N1)	2272	117
PB2|PP755596.1|A/cattle/Texas/24-008749-003/2024(H5N1)	2273	117
PB2|PP755596.1|A/cattle/Texas/24-008749-003/2024(H5N1)	2274	117
PB2|PP755596.1|A/cattle/Texas/24-008749-003/2024(H5N1)	2275	117
PB2|PP755596.1|A/cattle/Texas/24-008749-003/2024(H5N1)	2276	117
PB2|PP755596.1|A/cattle/Texas/24-008749-003/2024(H5N1)	2277	117
PB2|PP755596.1|A/cattle/Texas/24-008749-003/2024(H5N1)	2278	117
PB2|PP755596.1|A/cattle/Texas/24-008749-003/2024(H5N1)	2279	111
PB2|PP755596.1|A/cattle/Texas/24-008749-003/2024(H5N1)	2280	109
