HA|PP755589.1|A/cattle/Texas/24-008749-003/2024(H5N1)	1	363
HA|PP755589.1|A/cattle/Texas/24-008749-003/2024(H5N1)	2	365
HA|PP755589.1|A/cattle/Texas/24-008749-003/2024(H5N1)	3	370
HA|PP755589.1|A/cattle/Texas/24-008749-003/2024(H5N1)	4	370
HA|PP755589.1|A/cattle/Texas/24-008749-003/2024(H5N1)	5	371
HA|PP755589.1|A/cattle/Texas/24-008749-003/2024(H5N1)	6	371
HA|PP755589.1|A/cattle/Texas/24-008749-003/2024(H5N1)	7	371
HA|PP755589.1|A/cattle/Texas/24-008749-003/2024(H5N1)	8	416
HA|PP755589.1|A/cattle/Texas/24-008749-003/2024(H5N1)	9	417
HA|PP755589.1|A/cattle/Texas/24-008749-003/2024(H5N1)	10	418
HA|PP755589.1|A/cattle/Texas/24-008749-003/2024(H5N1)	11	427
HA|PP755589.1|A/cattle/Texas/24-008749-003/2024(H5N1)	12	427
HA|PP755589.1|A/cattle/Texas/24-008749-003/2024(H5N1)	13	450
HA|PP755589.1|A/cattle/Texas/24-008749-003/2024(H5N1)	14	450
HA|PP755589.1|A/cattle/Texas/24-008749-003/2024(H5N1)	15	452
HA|PP755589.1|A/cattle/Texas/24-008749-003/2024(H5N1)	16	452
HA|PP755589.1|A/cattle/Texas/24-008749-003/2024(H5N1)	17	453
HA|PP755589.1|A/cattle/Texas/24-008749-003/2024(H5N1)	18	454
HA|PP755589.1|A/cattle/Texas/24-008749-003/2024(H5N1)	19	457
HA|PP755589.1|A/cattle/Texas/24-008749-003/2024(H5N1)	20	457
HA|PP755589.1|A/cattle/Texas/24-008749-003/2024(H5N1)	21	457
HA|PP755589.1|A/cattle/Texas/24-008749-003/2024(H5N1)	22	457
HA|PP755589.1|A/cattle/Texas/24-008749-003/2024(H5N1)	23	457
HA|PP755589.1|A/cattle/Texas/24-008749-003/2024(H5N1)	24	459
HA|PP755589.1|A/cattle/Texas/24-008749-003/2024(H5N1)	25	459
HA|PP755589.1|A/cattle/Texas/24-008749-003/2024(H5N1)	26	459
HA|PP755589.1|A/cattle/Texas/24-008749-003/2024(H5N1)	27	459
HA|PP755589.1|A/cattle/Texas/24-008749-003/2024(H5N1)	28	459
HA|PP755589.1|A/cattle/Texas/24-008749-003/2024(H5N1)	29	459
HA|PP755589.1|A/cattle/Texas/24-008749-003/2024(H5N1)	30	459
HA|PP755589.1|A/cattle/Texas/24-008749-003/2024(H5N1)	31	459
HA|PP755589.1|A/cattle/Texas/24-008749-003/2024(H5N1)	32	459
HA|PP755589.1|A/cattle/Texas/24-008749-003/2024(H5N1)	33	464
HA|PP755589.1|A/cattle/Texas/24-008749-003/2024(H5N1)	34	464
HA|PP755589.1|A/cattle/Texas/24-008749-003/2024(H5N1)	35	487
HA|PP755589.1|A/cattle/Texas/24-008749-003/2024(H5N1)	36	487
HA|PP755589.1|A/cattle/Texas/24-008749-003/2024(H5N1)	37	489
HA|PP755589.1|A/cattle/Texas/24-008749-003/2024(H5N1)	38	494
HA|PP755589.1|A/cattle/Texas/24-008749-003/2024(H5N1)	39	542
HA|PP755589.1|A/cattle/Texas/24-008749-003/2024(H5N1)	40	554
HA|PP755589.1|A/cattle/Texas/24-008749-003/2024(H5N1)	41	554
HA|PP755589.1|A/cattle/Texas/24-008749-003/2024(H5N1)	42	556
HA|PP755589.1|A/cattle/Texas/24-008749-003/2024(H5N1)	43	559
HA|PP755589.1|A/cattle/Texas/24-008749-003/2024(H5N1)	44	561
HA|PP755589.1|A/cattle/Texas/24-008749-003/2024(H5N1)	45	561
HA|PP755589.1|A/cattle/Texas/24-008749-003/2024(H5N1)	46	561
HA|PP755589.1|A/cattle/Texas/24-008749-003/2024(H5N1)	47	562
HA|PP755589.1|A/cattle/Texas/24-008749-003/2024(H5N1)	48	562
HA|PP755589.1|A/cattle/Texas/24-008749-003/2024(H5N1)	49	568
HA|PP755589.1|A/cattle/Texas/24-008749-003/2024(H5N1)	50	568
HA|PP755589.1|A/cattle/Texas/24-008749-003/2024(H5N1)	51	568
HA|PP755589.1|A/cattle/Texas/24-008749-003/2024(H5N1)	52	568
HA|PP755589.1|A/cattle/Texas/24-008749-003/2024(H5N1)	53	568
HA|PP755589.1|A/cattle/Texas/24-008749-003/2024(H5N1)	54	594
HA|PP755589.1|A/cattle/Texas/24-008749-003/2024(H5N1)	55	594
HA|PP755589.1|A/cattle/Texas/24-008749-003/2024(H5N1)	56	596
HA|PP755589.1|A/cattle/Texas/24-008749-003/2024(H5N1)	57	597
HA|PP755589.1|A/cattle/Texas/24-008749-003/2024(H5N1)	58	599
HA|PP755589.1|A/cattle/Texas/24-008749-003/2024(H5N1)	59	607
HA|PP755589.1|A/cattle/Texas/24-008749-003/2024(H5N1)	60	612
HA|PP755589.1|A/cattle/Texas/24-008749-003/2024(H5N1)	61	612
HA|PP755589.1|A/cattle/Texas/24-008749-003/2024(H5N1)	62	614
HA|PP755589.1|A/cattle/Texas/24-008749-003/2024(H5N1)	63	607
HA|PP755589.1|A/cattle/Texas/24-008749-003/2024(H5N1)	64	618
HA|PP755589.1|A/cattle/Texas/24-008749-003/2024(H5N1)	65	619
HA|PP755589.1|A/cattle/Texas/24-008749-003/2024(H5N1)	66	625
HA|PP755589.1|A/cattle/Texas/24-008749-003/2024(H5N1)	67	626
HA|PP755589.1|A/cattle/Texas/24-008749-003/2024(H5N1)	68	645
HA|PP755589.1|A/cattle/Texas/24-008749-003/2024(H5N1)	69	649
HA|PP755589.1|A/cattle/Texas/24-008749-003/2024(H5N1)	70	661
HA|PP755589.1|A/cattle/Texas/24-008749-003/2024(H5N1)	71	662
HA|PP755589.1|A/cattle/Texas/24-008749-003/2024(H5N1)	72	665
HA|PP755589.1|A/cattle/Texas/24-008749-003/2024(H5N1)	73	665
HA|PP755589.1|A/cattle/Texas/24-008749-003/2024(H5N1)	74	674
HA|PP755589.1|A/cattle/Texas/24-008749-003/2024(H5N1)	75	676
HA|PP755589.1|A/cattle/Texas/24-008749-003/2024(H5N1)	76	678
HA|PP755589.1|A/cattle/Texas/24-008749-003/2024(H5N1)	77	682
HA|PP755589.1|A/cattle/Texas/24-008749-003/2024(H5N1)	78	704
HA|PP755589.1|A/cattle/Texas/24-008749-003/2024(H5N1)	79	707
HA|PP755589.1|A/cattle/Texas/24-008749-003/2024(H5N1)	80	710
HA|PP755589.1|A/cattle/Texas/24-008749-003/2024(H5N1)	81	713
HA|PP755589.1|A/cattle/Texas/24-008749-003/2024(H5N1)	82	713
HA|PP755589.1|A/cattle/Texas/24-008749-003/2024(H5N1)	83	723
HA|PP755589.1|A/cattle/Texas/24-008749-003/2024(H5N1)	84	723
HA|PP755589.1|A/cattle/Texas/24-008749-003/2024(H5N1)	85	724
HA|PP755589.1|A/cattle/Texas/24-008749-003/2024(H5N1)	86	724
HA|PP755589.1|A/cattle/Texas/24-008749-003/2024(H5N1)	87	724
HA|PP755589.1|A/cattle/Texas/24-008749-003/2024(H5N1)	88	758
HA|PP755589.1|A/cattle/Texas/24-008749-003/2024(H5N1)	89	759
HA|PP755589.1|A/cattle/Texas/24-008749-003/2024(H5N1)	90	763
HA|PP755589.1|A/cattle/Texas/24-008749-003/2024(H5N1)	91	763
HA|PP755589.1|A/cattle/Texas/24-008749-003/2024(H5N1)	92	761
HA|PP755589.1|A/cattle/Texas/24-008749-003/2024(H5N1)	93	781
HA|PP755589.1|A/cattle/Texas/24-008749-003/2024(H5N1)	94	784
HA|PP755589.1|A/cattle/Texas/24-008749-003/2024(H5N1)	95	788
HA|PP755589.1|A/cattle/Texas/24-008749-003/2024(H5N1)	96	791
HA|PP755589.1|A/cattle/Texas/24-008749-003/2024(H5N1)	97	787
HA|PP755589.1|A/cattle/Texas/24-008749-003/2024(H5N1)	98	791
HA|PP755589.1|A/cattle/Texas/24-008749-003/2024(H5N1)	99	791
HA|PP755589.1|A/cattle/Texas/24-008749-003/2024(H5N1)	100	791
HA|PP755589.1|A/cattle/Texas/24-008749-003/2024(H5N1)	101	799
HA|PP755589.1|A/cattle/Texas/24-008749-003/2024(H5N1)	102	797
HA|PP755589.1|A/cattle/Texas/24-008749-003/2024(H5N1)	103	798
HA|PP755589.1|A/cattle/Texas/24-008749-003/2024(H5N1)	104	798
HA|PP755589.1|A/cattle/Texas/24-008749-003/2024(H5N1)	105	798
HA|PP755589.1|A/cattle/Texas/24-008749-003/2024(H5N1)	106	801
HA|PP755589.1|A/cattle/Texas/24-008749-003/2024(H5N1)	107	801
HA|PP755589.1|A/cattle/Texas/24-008749-003/2024(H5N1)	108	803
HA|PP755589.1|A/cattle/Texas/24-008749-003/2024(H5N1)	109	805
HA|PP755589.1|A/cattle/Texas/24-008749-003/2024(H5N1)	110	803
HA|PP755589.1|A/cattle/Texas/24-008749-003/2024(H5N1)	111	808
HA|PP755589.1|A/cattle/Texas/24-008749-003/2024(H5N1)	112	808
HA|PP755589.1|A/cattle/Texas/24-008749-003/2024(H5N1)	113	808
HA|PP755589.1|A/cattle/Texas/24-008749-003/2024(H5N1)	114	810
HA|PP755589.1|A/cattle/Texas/24-008749-003/2024(H5N1)	115	810
HA|PP755589.1|A/cattle/Texas/24-008749-003/2024(H5N1)	116	819
HA|PP755589.1|A/cattle/Texas/24-008749-003/2024(H5N1)	117	820
HA|PP755589.1|A/cattle/Texas/24-008749-003/2024(H5N1)	118	820
HA|PP755589.1|A/cattle/Texas/24-008749-003/2024(H5N1)	119	819
HA|PP755589.1|A/cattle/Texas/24-008749-003/2024(H5N1)	120	818
HA|PP755589.1|A/cattle/Texas/24-008749-003/2024(H5N1)	121	819
HA|PP755589.1|A/cattle/Texas/24-008749-003/2024(H5N1)	122	802
HA|PP755589.1|A/cattle/Texas/24-008749-003/2024(H5N1)	123	787
HA|PP755589.1|A/cattle/Texas/24-008749-003/2024(H5N1)	124	789
HA|PP755589.1|A/cattle/Texas/24-008749-003/2024(H5N1)	125	751
HA|PP755589.1|A/cattle/Texas/24-008749-003/2024(H5N1)	126	751
HA|PP755589.1|A/cattle/Texas/24-008749-003/2024(H5N1)	127	754
HA|PP755589.1|A/cattle/Texas/24-008749-003/2024(H5N1)	128	742
HA|PP755589.1|A/cattle/Texas/24-008749-003/2024(H5N1)	129	748
HA|PP755589.1|A/cattle/Texas/24-008749-003/2024(H5N1)	130	741
HA|PP755589.1|A/cattle/Texas/24-008749-003/2024(H5N1)	131	722
HA|PP755589.1|A/cattle/Texas/24-008749-003/2024(H5N1)	132	725
HA|PP755589.1|A/cattle/Texas/24-008749-003/2024(H5N1)	133	774
HA|PP755589.1|A/cattle/Texas/24-008749-003/2024(H5N1)	134	863
HA|PP755589.1|A/cattle/Texas/24-008749-003/2024(H5N1)	135	812
HA|PP755589.1|A/cattle/Texas/24-008749-003/2024(H5N1)	136	814
HA|PP755589.1|A/cattle/Texas/24-008749-003/2024(H5N1)	137	814
HA|PP755589.1|A/cattle/Texas/24-008749-003/2024(H5N1)	138	819
HA|PP755589.1|A/cattle/Texas/24-008749-003/2024(H5N1)	139	823
HA|PP755589.1|A/cattle/Texas/24-008749-003/2024(H5N1)	140	850
HA|PP755589.1|A/cattle/Texas/24-008749-003/2024(H5N1)	141	833
HA|PP755589.1|A/cattle/Texas/24-008749-003/2024(H5N1)	142	827
HA|PP755589.1|A/cattle/Texas/24-008749-003/2024(H5N1)	143	827
HA|PP755589.1|A/cattle/Texas/24-008749-003/2024(H5N1)	144	828
HA|PP755589.1|A/cattle/Texas/24-008749-003/2024(H5N1)	145	819
HA|PP755589.1|A/cattle/Texas/24-008749-003/2024(H5N1)	146	819
HA|PP755589.1|A/cattle/Texas/24-008749-003/2024(H5N1)	147	824
HA|PP755589.1|A/cattle/Texas/24-008749-003/2024(H5N1)	148	831
HA|PP755589.1|A/cattle/Texas/24-008749-003/2024(H5N1)	149	831
HA|PP755589.1|A/cattle/Texas/24-008749-003/2024(H5N1)	150	831
HA|PP755589.1|A/cattle/Texas/24-008749-003/2024(H5N1)	151	829
HA|PP755589.1|A/cattle/Texas/24-008749-003/2024(H5N1)	152	833
HA|PP755589.1|A/cattle/Texas/24-008749-003/2024(H5N1)	153	829
HA|PP755589.1|A/cattle/Texas/24-008749-003/2024(H5N1)	154	826
HA|PP755589.1|A/cattle/Texas/24-008749-003/2024(H5N1)	155	826
HA|PP755589.1|A/cattle/Texas/24-008749-003/2024(H5N1)	156	826
HA|PP755589.1|A/cattle/Texas/24-008749-003/2024(H5N1)	157	828
HA|PP755589.1|A/cattle/Texas/24-008749-003/2024(H5N1)	158	828
HA|PP755589.1|A/cattle/Texas/24-008749-003/2024(H5N1)	159	791
HA|PP755589.1|A/cattle/Texas/24-008749-003/2024(H5N1)	160	791
HA|PP755589.1|A/cattle/Texas/24-008749-003/2024(H5N1)	161	813
HA|PP755589.1|A/cattle/Texas/24-008749-003/2024(H5N1)	162	806
HA|PP755589.1|A/cattle/Texas/24-008749-003/2024(H5N1)	163	810
HA|PP755589.1|A/cattle/Texas/24-008749-003/2024(H5N1)	164	798
HA|PP755589.1|A/cattle/Texas/24-008749-003/2024(H5N1)	165	798
HA|PP755589.1|A/cattle/Texas/24-008749-003/2024(H5N1)	166	795
HA|PP755589.1|A/cattle/Texas/24-008749-003/2024(H5N1)	167	795
HA|PP755589.1|A/cattle/Texas/24-008749-003/2024(H5N1)	168	794
HA|PP755589.1|A/cattle/Texas/24-008749-003/2024(H5N1)	169	792
HA|PP755589.1|A/cattle/Texas/24-008749-003/2024(H5N1)	170	790
HA|PP755589.1|A/cattle/Texas/24-008749-003/2024(H5N1)	171	770
HA|PP755589.1|A/cattle/Texas/24-008749-003/2024(H5N1)	172	770
HA|PP755589.1|A/cattle/Texas/24-008749-003/2024(H5N1)	173	770
HA|PP755589.1|A/cattle/Texas/24-008749-003/2024(H5N1)	174	770
HA|PP755589.1|A/cattle/Texas/24-008749-003/2024(H5N1)	175	784
HA|PP755589.1|A/cattle/Texas/24-008749-003/2024(H5N1)	176	791
HA|PP755589.1|A/cattle/Texas/24-008749-003/2024(H5N1)	177	788
HA|PP755589.1|A/cattle/Texas/24-008749-003/2024(H5N1)	178	887
HA|PP755589.1|A/cattle/Texas/24-008749-003/2024(H5N1)	179	890
HA|PP755589.1|A/cattle/Texas/24-008749-003/2024(H5N1)	180	897
HA|PP755589.1|A/cattle/Texas/24-008749-003/2024(H5N1)	181	901
HA|PP755589.1|A/cattle/Texas/24-008749-003/2024(H5N1)	182	901
HA|PP755589.1|A/cattle/Texas/24-008749-003/2024(H5N1)	183	903
HA|PP755589.1|A/cattle/Texas/24-008749-003/2024(H5N1)	184	896
HA|PP755589.1|A/cattle/Texas/24-008749-003/2024(H5N1)	185	907
HA|PP755589.1|A/cattle/Texas/24-008749-003/2024(H5N1)	186	911
HA|PP755589.1|A/cattle/Texas/24-008749-003/2024(H5N1)	187	913
HA|PP755589.1|A/cattle/Texas/24-008749-003/2024(H5N1)	188	923
HA|PP755589.1|A/cattle/Texas/24-008749-003/2024(H5N1)	189	916
HA|PP755589.1|A/cattle/Texas/24-008749-003/2024(H5N1)	190	877
HA|PP755589.1|A/cattle/Texas/24-008749-003/2024(H5N1)	191	864
HA|PP755589.1|A/cattle/Texas/24-008749-003/2024(H5N1)	192	865
HA|PP755589.1|A/cattle/Texas/24-008749-003/2024(H5N1)	193	867
HA|PP755589.1|A/cattle/Texas/24-008749-003/2024(H5N1)	194	863
HA|PP755589.1|A/cattle/Texas/24-008749-003/2024(H5N1)	195	860
HA|PP755589.1|A/cattle/Texas/24-008749-003/2024(H5N1)	196	861
HA|PP755589.1|A/cattle/Texas/24-008749-003/2024(H5N1)	197	864
HA|PP755589.1|A/cattle/Texas/24-008749-003/2024(H5N1)	198	864
HA|PP755589.1|A/cattle/Texas/24-008749-003/2024(H5N1)	199	867
HA|PP755589.1|A/cattle/Texas/24-008749-003/2024(H5N1)	200	868
HA|PP755589.1|A/cattle/Texas/24-008749-003/2024(H5N1)	201	868
HA|PP755589.1|A/cattle/Texas/24-008749-003/2024(H5N1)	202	868
HA|PP755589.1|A/cattle/Texas/24-008749-003/2024(H5N1)	203	868
HA|PP755589.1|A/cattle/Texas/24-008749-003/2024(H5N1)	204	873
HA|PP755589.1|A/cattle/Texas/24-008749-003/2024(H5N1)	205	851
HA|PP755589.1|A/cattle/Texas/24-008749-003/2024(H5N1)	206	851
HA|PP755589.1|A/cattle/Texas/24-008749-003/2024(H5N1)	207	875
HA|PP755589.1|A/cattle/Texas/24-008749-003/2024(H5N1)	208	883
HA|PP755589.1|A/cattle/Texas/24-008749-003/2024(H5N1)	209	885
HA|PP755589.1|A/cattle/Texas/24-008749-003/2024(H5N1)	210	900
HA|PP755589.1|A/cattle/Texas/24-008749-003/2024(H5N1)	211	901
HA|PP755589.1|A/cattle/Texas/24-008749-003/2024(H5N1)	212	910
HA|PP755589.1|A/cattle/Texas/24-008749-003/2024(H5N1)	213	915
HA|PP755589.1|A/cattle/Texas/24-008749-003/2024(H5N1)	214	931
HA|PP755589.1|A/cattle/Texas/24-008749-003/2024(H5N1)	215	935
HA|PP755589.1|A/cattle/Texas/24-008749-003/2024(H5N1)	216	934
HA|PP755589.1|A/cattle/Texas/24-008749-003/2024(H5N1)	217	934
HA|PP755589.1|A/cattle/Texas/24-008749-003/2024(H5N1)	218	939
HA|PP755589.1|A/cattle/Texas/24-008749-003/2024(H5N1)	219	914
HA|PP755589.1|A/cattle/Texas/24-008749-003/2024(H5N1)	220	912
HA|PP755589.1|A/cattle/Texas/24-008749-003/2024(H5N1)	221	899
HA|PP755589.1|A/cattle/Texas/24-008749-003/2024(H5N1)	222	898
HA|PP755589.1|A/cattle/Texas/24-008749-003/2024(H5N1)	223	895
HA|PP755589.1|A/cattle/Texas/24-008749-003/2024(H5N1)	224	881
HA|PP755589.1|A/cattle/Texas/24-008749-003/2024(H5N1)	225	880
HA|PP755589.1|A/cattle/Texas/24-008749-003/2024(H5N1)	226	902
HA|PP755589.1|A/cattle/Texas/24-008749-003/2024(H5N1)	227	900
HA|PP755589.1|A/cattle/Texas/24-008749-003/2024(H5N1)	228	897
HA|PP755589.1|A/cattle/Texas/24-008749-003/2024(H5N1)	229	886
HA|PP755589.1|A/cattle/Texas/24-008749-003/2024(H5N1)	230	885
HA|PP755589.1|A/cattle/Texas/24-008749-003/2024(H5N1)	231	886
HA|PP755589.1|A/cattle/Texas/24-008749-003/2024(H5N1)	232	879
HA|PP755589.1|A/cattle/Texas/24-008749-003/2024(H5N1)	233	877
HA|PP755589.1|A/cattle/Texas/24-008749-003/2024(H5N1)	234	880
HA|PP755589.1|A/cattle/Texas/24-008749-003/2024(H5N1)	235	880
HA|PP755589.1|A/cattle/Texas/24-008749-003/2024(H5N1)	236	886
HA|PP755589.1|A/cattle/Texas/24-008749-003/2024(H5N1)	237	886
HA|PP755589.1|A/cattle/Texas/24-008749-003/2024(H5N1)	238	890
HA|PP755589.1|A/cattle/Texas/24-008749-003/2024(H5N1)	239	861
HA|PP755589.1|A/cattle/Texas/24-008749-003/2024(H5N1)	240	862
HA|PP755589.1|A/cattle/Texas/24-008749-003/2024(H5N1)	241	863
HA|PP755589.1|A/cattle/Texas/24-008749-003/2024(H5N1)	242	863
HA|PP755589.1|A/cattle/Texas/24-008749-003/2024(H5N1)	243	860
HA|PP755589.1|A/cattle/Texas/24-008749-003/2024(H5N1)	244	849
HA|PP755589.1|A/cattle/Texas/24-008749-003/2024(H5N1)	245	847
HA|PP755589.1|A/cattle/Texas/24-008749-003/2024(H5N1)	246	846
HA|PP755589.1|A/cattle/Texas/24-008749-003/2024(H5N1)	247	887
HA|PP755589.1|A/cattle/Texas/24-008749-003/2024(H5N1)	248	889
HA|PP755589.1|A/cattle/Texas/24-008749-003/2024(H5N1)	249	884
HA|PP755589.1|A/cattle/Texas/24-008749-003/2024(H5N1)	250	883
HA|PP755589.1|A/cattle/Texas/24-008749-003/2024(H5N1)	251	889
HA|PP755589.1|A/cattle/Texas/24-008749-003/2024(H5N1)	252	887
HA|PP755589.1|A/cattle/Texas/24-008749-003/2024(H5N1)	253	888
HA|PP755589.1|A/cattle/Texas/24-008749-003/2024(H5N1)	254	888
HA|PP755589.1|A/cattle/Texas/24-008749-003/2024(H5N1)	255	899
HA|PP755589.1|A/cattle/Texas/24-008749-003/2024(H5N1)	256	899
HA|PP755589.1|A/cattle/Texas/24-008749-003/2024(H5N1)	257	922
HA|PP755589.1|A/cattle/Texas/24-008749-003/2024(H5N1)	258	924
HA|PP755589.1|A/cattle/Texas/24-008749-003/2024(H5N1)	259	922
HA|PP755589.1|A/cattle/Texas/24-008749-003/2024(H5N1)	260	923
HA|PP755589.1|A/cattle/Texas/24-008749-003/2024(H5N1)	261	923
HA|PP755589.1|A/cattle/Texas/24-008749-003/2024(H5N1)	262	918
HA|PP755589.1|A/cattle/Texas/24-008749-003/2024(H5N1)	263	924
HA|PP755589.1|A/cattle/Texas/24-008749-003/2024(H5N1)	264	920
HA|PP755589.1|A/cattle/Texas/24-008749-003/2024(H5N1)	265	931
HA|PP755589.1|A/cattle/Texas/24-008749-003/2024(H5N1)	266	938
HA|PP755589.1|A/cattle/Texas/24-008749-003/2024(H5N1)	267	929
HA|PP755589.1|A/cattle/Texas/24-008749-003/2024(H5N1)	268	929
HA|PP755589.1|A/cattle/Texas/24-008749-003/2024(H5N1)	269	929
HA|PP755589.1|A/cattle/Texas/24-008749-003/2024(H5N1)	270	930
HA|PP755589.1|A/cattle/Texas/24-008749-003/2024(H5N1)	271	930
HA|PP755589.1|A/cattle/Texas/24-008749-003/2024(H5N1)	272	932
HA|PP755589.1|A/cattle/Texas/24-008749-003/2024(H5N1)	273	878
HA|PP755589.1|A/cattle/Texas/24-008749-003/2024(H5N1)	274	860
HA|PP755589.1|A/cattle/Texas/24-008749-003/2024(H5N1)	275	863
HA|PP755589.1|A/cattle/Texas/24-008749-003/2024(H5N1)	276	967
HA|PP755589.1|A/cattle/Texas/24-008749-003/2024(H5N1)	277	969
HA|PP755589.1|A/cattle/Texas/24-008749-003/2024(H5N1)	278	970
HA|PP755589.1|A/cattle/Texas/24-008749-003/2024(H5N1)	279	955
HA|PP755589.1|A/cattle/Texas/24-008749-003/2024(H5N1)	280	948
HA|PP755589.1|A/cattle/Texas/24-008749-003/2024(H5N1)	281	983
HA|PP755589.1|A/cattle/Texas/24-008749-003/2024(H5N1)	282	982
HA|PP755589.1|A/cattle/Texas/24-008749-003/2024(H5N1)	283	983
HA|PP755589.1|A/cattle/Texas/24-008749-003/2024(H5N1)	284	952
HA|PP755589.1|A/cattle/Texas/24-008749-003/2024(H5N1)	285	827
HA|PP755589.1|A/cattle/Texas/24-008749-003/2024(H5N1)	286	828
HA|PP755589.1|A/cattle/Texas/24-008749-003/2024(H5N1)	287	826
HA|PP755589.1|A/cattle/Texas/24-008749-003/2024(H5N1)	288	824
HA|PP755589.1|A/cattle/Texas/24-008749-003/2024(H5N1)	289	832
HA|PP755589.1|A/cattle/Texas/24-008749-003/2024(H5N1)	290	841
HA|PP755589.1|A/cattle/Texas/24-008749-003/2024(H5N1)	291	841
HA|PP755589.1|A/cattle/Texas/24-008749-003/2024(H5N1)	292	839
HA|PP755589.1|A/cattle/Texas/24-008749-003/2024(H5N1)	293	835
HA|PP755589.1|A/cattle/Texas/24-008749-003/2024(H5N1)	294	835
HA|PP755589.1|A/cattle/Texas/24-008749-003/2024(H5N1)	295	831
HA|PP755589.1|A/cattle/Texas/24-008749-003/2024(H5N1)	296	761
HA|PP755589.1|A/cattle/Texas/24-008749-003/2024(H5N1)	297	757
HA|PP755589.1|A/cattle/Texas/24-008749-003/2024(H5N1)	298	758
HA|PP755589.1|A/cattle/Texas/24-008749-003/2024(H5N1)	299	797
HA|PP755589.1|A/cattle/Texas/24-008749-003/2024(H5N1)	300	799
HA|PP755589.1|A/cattle/Texas/24-008749-003/2024(H5N1)	301	841
HA|PP755589.1|A/cattle/Texas/24-008749-003/2024(H5N1)	302	841
HA|PP755589.1|A/cattle/Texas/24-008749-003/2024(H5N1)	303	841
HA|PP755589.1|A/cattle/Texas/24-008749-003/2024(H5N1)	304	853
HA|PP755589.1|A/cattle/Texas/24-008749-003/2024(H5N1)	305	863
HA|PP755589.1|A/cattle/Texas/24-008749-003/2024(H5N1)	306	863
HA|PP755589.1|A/cattle/Texas/24-008749-003/2024(H5N1)	307	864
HA|PP755589.1|A/cattle/Texas/24-008749-003/2024(H5N1)	308	865
HA|PP755589.1|A/cattle/Texas/24-008749-003/2024(H5N1)	309	871
HA|PP755589.1|A/cattle/Texas/24-008749-003/2024(H5N1)	310	872
HA|PP755589.1|A/cattle/Texas/24-008749-003/2024(H5N1)	311	911
HA|PP755589.1|A/cattle/Texas/24-008749-003/2024(H5N1)	312	903
HA|PP755589.1|A/cattle/Texas/24-008749-003/2024(H5N1)	313	901
HA|PP755589.1|A/cattle/Texas/24-008749-003/2024(H5N1)	314	921
HA|PP755589.1|A/cattle/Texas/24-008749-003/2024(H5N1)	315	965
HA|PP755589.1|A/cattle/Texas/24-008749-003/2024(H5N1)	316	966
HA|PP755589.1|A/cattle/Texas/24-008749-003/2024(H5N1)	317	971
HA|PP755589.1|A/cattle/Texas/24-008749-003/2024(H5N1)	318	974
HA|PP755589.1|A/cattle/Texas/24-008749-003/2024(H5N1)	319	969
HA|PP755589.1|A/cattle/Texas/24-008749-003/2024(H5N1)	320	977
HA|PP755589.1|A/cattle/Texas/24-008749-003/2024(H5N1)	321	976
HA|PP755589.1|A/cattle/Texas/24-008749-003/2024(H5N1)	322	976
HA|PP755589.1|A/cattle/Texas/24-008749-003/2024(H5N1)	323	966
HA|PP755589.1|A/cattle/Texas/24-008749-003/2024(H5N1)	324	916
HA|PP755589.1|A/cattle/Texas/24-008749-003/2024(H5N1)	325	919
HA|PP755589.1|A/cattle/Texas/24-008749-003/2024(H5N1)	326	906
HA|PP755589.1|A/cattle/Texas/24-008749-003/2024(H5N1)	327	904
HA|PP755589.1|A/cattle/Texas/24-008749-003/2024(H5N1)	328	898
HA|PP755589.1|A/cattle/Texas/24-008749-003/2024(H5N1)	329	900
HA|PP755589.1|A/cattle/Texas/24-008749-003/2024(H5N1)	330	898
HA|PP755589.1|A/cattle/Texas/24-008749-003/2024(H5N1)	331	900
HA|PP755589.1|A/cattle/Texas/24-008749-003/2024(H5N1)	332	891
HA|PP755589.1|A/cattle/Texas/24-008749-003/2024(H5N1)	333	893
HA|PP755589.1|A/cattle/Texas/24-008749-003/2024(H5N1)	334	891
HA|PP755589.1|A/cattle/Texas/24-008749-003/2024(H5N1)	335	891
HA|PP755589.1|A/cattle/Texas/24-008749-003/2024(H5N1)	336	881
HA|PP755589.1|A/cattle/Texas/24-008749-003/2024(H5N1)	337	880
HA|PP755589.1|A/cattle/Texas/24-008749-003/2024(H5N1)	338	868
HA|PP755589.1|A/cattle/Texas/24-008749-003/2024(H5N1)	339	868
HA|PP755589.1|A/cattle/Texas/24-008749-003/2024(H5N1)	340	871
HA|PP755589.1|A/cattle/Texas/24-008749-003/2024(H5N1)	341	872
HA|PP755589.1|A/cattle/Texas/24-008749-003/2024(H5N1)	342	866
HA|PP755589.1|A/cattle/Texas/24-008749-003/2024(H5N1)	343	866
HA|PP755589.1|A/cattle/Texas/24-008749-003/2024(H5N1)	344	867
HA|PP755589.1|A/cattle/Texas/24-008749-003/2024(H5N1)	345	866
HA|PP755589.1|A/cattle/Texas/24-008749-003/2024(H5N1)	346	877
HA|PP755589.1|A/cattle/Texas/24-008749-003/2024(H5N1)	347	905
HA|PP755589.1|A/cattle/Texas/24-008749-003/2024(H5N1)	348	904
HA|PP755589.1|A/cattle/Texas/24-008749-003/2024(H5N1)	349	902
HA|PP755589.1|A/cattle/Texas/24-008749-003/2024(H5N1)	350	901
HA|PP755589.1|A/cattle/Texas/24-008749-003/2024(H5N1)	351	902
HA|PP755589.1|A/cattle/Texas/24-008749-003/2024(H5N1)	352	902
HA|PP755589.1|A/cattle/Texas/24-008749-003/2024(H5N1)	353	903
HA|PP755589.1|A/cattle/Texas/24-008749-003/2024(H5N1)	354	903
HA|PP755589.1|A/cattle/Texas/24-008749-003/2024(H5N1)	355	896
HA|PP755589.1|A/cattle/Texas/24-008749-003/2024(H5N1)	356	895
HA|PP755589.1|A/cattle/Texas/24-008749-003/2024(H5N1)	357	874
HA|PP755589.1|A/cattle/Texas/24-008749-003/2024(H5N1)	358	833
HA|PP755589.1|A/cattle/Texas/24-008749-003/2024(H5N1)	359	830
HA|PP755589.1|A/cattle/Texas/24-008749-003/2024(H5N1)	360	835
HA|PP755589.1|A/cattle/Texas/24-008749-003/2024(H5N1)	361	835
HA|PP755589.1|A/cattle/Texas/24-008749-003/2024(H5N1)	362	835
HA|PP755589.1|A/cattle/Texas/24-008749-003/2024(H5N1)	363	839
HA|PP755589.1|A/cattle/Texas/24-008749-003/2024(H5N1)	364	832
HA|PP755589.1|A/cattle/Texas/24-008749-003/2024(H5N1)	365	826
HA|PP755589.1|A/cattle/Texas/24-008749-003/2024(H5N1)	366	822
HA|PP755589.1|A/cattle/Texas/24-008749-003/2024(H5N1)	367	817
HA|PP755589.1|A/cattle/Texas/24-008749-003/2024(H5N1)	368	845
HA|PP755589.1|A/cattle/Texas/24-008749-003/2024(H5N1)	369	845
HA|PP755589.1|A/cattle/Texas/24-008749-003/2024(H5N1)	370	885
HA|PP755589.1|A/cattle/Texas/24-008749-003/2024(H5N1)	371	887
HA|PP755589.1|A/cattle/Texas/24-008749-003/2024(H5N1)	372	882
HA|PP755589.1|A/cattle/Texas/24-008749-003/2024(H5N1)	373	882
HA|PP755589.1|A/cattle/Texas/24-008749-003/2024(H5N1)	374	889
HA|PP755589.1|A/cattle/Texas/24-008749-003/2024(H5N1)	375	889
HA|PP755589.1|A/cattle/Texas/24-008749-003/2024(H5N1)	376	890
HA|PP755589.1|A/cattle/Texas/24-008749-003/2024(H5N1)	377	866
HA|PP755589.1|A/cattle/Texas/24-008749-003/2024(H5N1)	378	865
HA|PP755589.1|A/cattle/Texas/24-008749-003/2024(H5N1)	379	859
HA|PP755589.1|A/cattle/Texas/24-008749-003/2024(H5N1)	380	859
HA|PP755589.1|A/cattle/Texas/24-008749-003/2024(H5N1)	381	859
HA|PP755589.1|A/cattle/Texas/24-008749-003/2024(H5N1)	382	860
HA|PP755589.1|A/cattle/Texas/24-008749-003/2024(H5N1)	383	872
HA|PP755589.1|A/cattle/Texas/24-008749-003/2024(H5N1)	384	872
HA|PP755589.1|A/cattle/Texas/24-008749-003/2024(H5N1)	385	872
HA|PP755589.1|A/cattle/Texas/24-008749-003/2024(H5N1)	386	867
HA|PP755589.1|A/cattle/Texas/24-008749-003/2024(H5N1)	387	872
HA|PP755589.1|A/cattle/Texas/24-008749-003/2024(H5N1)	388	869
HA|PP755589.1|A/cattle/Texas/24-008749-003/2024(H5N1)	389	868
HA|PP755589.1|A/cattle/Texas/24-008749-003/2024(H5N1)	390	871
HA|PP755589.1|A/cattle/Texas/24-008749-003/2024(H5N1)	391	866
HA|PP755589.1|A/cattle/Texas/24-008749-003/2024(H5N1)	392	866
HA|PP755589.1|A/cattle/Texas/24-008749-003/2024(H5N1)	393	891
HA|PP755589.1|A/cattle/Texas/24-008749-003/2024(H5N1)	394	912
HA|PP755589.1|A/cattle/Texas/24-008749-003/2024(H5N1)	395	910
HA|PP755589.1|A/cattle/Texas/24-008749-003/2024(H5N1)	396	905
HA|PP755589.1|A/cattle/Texas/24-008749-003/2024(H5N1)	397	861
HA|PP755589.1|A/cattle/Texas/24-008749-003/2024(H5N1)	398	900
HA|PP755589.1|A/cattle/Texas/24-008749-003/2024(H5N1)	399	911
HA|PP755589.1|A/cattle/Texas/24-008749-003/2024(H5N1)	400	912
HA|PP755589.1|A/cattle/Texas/24-008749-003/2024(H5N1)	401	912
HA|PP755589.1|A/cattle/Texas/24-008749-003/2024(H5N1)	402	914
HA|PP755589.1|A/cattle/Texas/24-008749-003/2024(H5N1)	403	914
HA|PP755589.1|A/cattle/Texas/24-008749-003/2024(H5N1)	404	912
HA|PP755589.1|A/cattle/Texas/24-008749-003/2024(H5N1)	405	912
HA|PP755589.1|A/cattle/Texas/24-008749-003/2024(H5N1)	406	903
HA|PP755589.1|A/cattle/Texas/24-008749-003/2024(H5N1)	407	904
HA|PP755589.1|A/cattle/Texas/24-008749-003/2024(H5N1)	408	881
HA|PP755589.1|A/cattle/Texas/24-008749-003/2024(H5N1)	409	880
HA|PP755589.1|A/cattle/Texas/24-008749-003/2024(H5N1)	410	881
HA|PP755589.1|A/cattle/Texas/24-008749-003/2024(H5N1)	411	877
HA|PP755589.1|A/cattle/Texas/24-008749-003/2024(H5N1)	412	877
HA|PP755589.1|A/cattle/Texas/24-008749-003/2024(H5N1)	413	884
HA|PP755589.1|A/cattle/Texas/24-008749-003/2024(H5N1)	414	885
HA|PP755589.1|A/cattle/Texas/24-008749-003/2024(H5N1)	415	874
HA|PP755589.1|A/cattle/Texas/24-008749-003/2024(H5N1)	416	871
HA|PP755589.1|A/cattle/Texas/24-008749-003/2024(H5N1)	417	871
HA|PP755589.1|A/cattle/Texas/24-008749-003/2024(H5N1)	418	875
HA|PP755589.1|A/cattle/Texas/24-008749-003/2024(H5N1)	419	892
HA|PP755589.1|A/cattle/Texas/24-008749-003/2024(H5N1)	420	900
HA|PP755589.1|A/cattle/Texas/24-008749-003/2024(H5N1)	421	945
HA|PP755589.1|A/cattle/Texas/24-008749-003/2024(H5N1)	422	945
HA|PP755589.1|A/cattle/Texas/24-008749-003/2024(H5N1)	423	956
HA|PP755589.1|A/cattle/Texas/24-008749-003/2024(H5N1)	424	959
HA|PP755589.1|A/cattle/Texas/24-008749-003/2024(H5N1)	425	959
HA|PP755589.1|A/cattle/Texas/24-008749-003/2024(H5N1)	426	958
HA|PP755589.1|A/cattle/Texas/24-008749-003/2024(H5N1)	427	862
HA|PP755589.1|A/cattle/Texas/24-008749-003/2024(H5N1)	428	881
HA|PP755589.1|A/cattle/Texas/24-008749-003/2024(H5N1)	429	892
HA|PP755589.1|A/cattle/Texas/24-008749-003/2024(H5N1)	430	892
HA|PP755589.1|A/cattle/Texas/24-008749-003/2024(H5N1)	431	929
HA|PP755589.1|A/cattle/Texas/24-008749-003/2024(H5N1)	432	929
HA|PP755589.1|A/cattle/Texas/24-008749-003/2024(H5N1)	433	934
HA|PP755589.1|A/cattle/Texas/24-008749-003/2024(H5N1)	434	932
HA|PP755589.1|A/cattle/Texas/24-008749-003/2024(H5N1)	435	931
HA|PP755589.1|A/cattle/Texas/24-008749-003/2024(H5N1)	436	937
HA|PP755589.1|A/cattle/Texas/24-008749-003/2024(H5N1)	437	940
HA|PP755589.1|A/cattle/Texas/24-008749-003/2024(H5N1)	438	967
HA|PP755589.1|A/cattle/Texas/24-008749-003/2024(H5N1)	439	967
HA|PP755589.1|A/cattle/Texas/24-008749-003/2024(H5N1)	440	917
HA|PP755589.1|A/cattle/Texas/24-008749-003/2024(H5N1)	441	921
HA|PP755589.1|A/cattle/Texas/24-008749-003/2024(H5N1)	442	906
HA|PP755589.1|A/cattle/Texas/24-008749-003/2024(H5N1)	443	908
HA|PP755589.1|A/cattle/Texas/24-008749-003/2024(H5N1)	444	903
HA|PP755589.1|A/cattle/Texas/24-008749-003/2024(H5N1)	445	901
HA|PP755589.1|A/cattle/Texas/24-008749-003/2024(H5N1)	446	911
HA|PP755589.1|A/cattle/Texas/24-008749-003/2024(H5N1)	447	905
HA|PP755589.1|A/cattle/Texas/24-008749-003/2024(H5N1)	448	910
HA|PP755589.1|A/cattle/Texas/24-008749-003/2024(H5N1)	449	888
HA|PP755589.1|A/cattle/Texas/24-008749-003/2024(H5N1)	450	880
HA|PP755589.1|A/cattle/Texas/24-008749-003/2024(H5N1)	451	883
HA|PP755589.1|A/cattle/Texas/24-008749-003/2024(H5N1)	452	929
HA|PP755589.1|A/cattle/Texas/24-008749-003/2024(H5N1)	453	929
HA|PP755589.1|A/cattle/Texas/24-008749-003/2024(H5N1)	454	936
HA|PP755589.1|A/cattle/Texas/24-008749-003/2024(H5N1)	455	926
HA|PP755589.1|A/cattle/Texas/24-008749-003/2024(H5N1)	456	950
HA|PP755589.1|A/cattle/Texas/24-008749-003/2024(H5N1)	457	954
HA|PP755589.1|A/cattle/Texas/24-008749-003/2024(H5N1)	458	956
HA|PP755589.1|A/cattle/Texas/24-008749-003/2024(H5N1)	459	963
HA|PP755589.1|A/cattle/Texas/24-008749-003/2024(H5N1)	460	957
HA|PP755589.1|A/cattle/Texas/24-008749-003/2024(H5N1)	461	920
HA|PP755589.1|A/cattle/Texas/24-008749-003/2024(H5N1)	462	922
HA|PP755589.1|A/cattle/Texas/24-008749-003/2024(H5N1)	463	923
HA|PP755589.1|A/cattle/Texas/24-008749-003/2024(H5N1)	464	923
HA|PP755589.1|A/cattle/Texas/24-008749-003/2024(H5N1)	465	894
HA|PP755589.1|A/cattle/Texas/24-008749-003/2024(H5N1)	466	851
HA|PP755589.1|A/cattle/Texas/24-008749-003/2024(H5N1)	467	858
HA|PP755589.1|A/cattle/Texas/24-008749-003/2024(H5N1)	468	855
HA|PP755589.1|A/cattle/Texas/24-008749-003/2024(H5N1)	469	854
HA|PP755589.1|A/cattle/Texas/24-008749-003/2024(H5N1)	470	845
HA|PP755589.1|A/cattle/Texas/24-008749-003/2024(H5N1)	471	844
HA|PP755589.1|A/cattle/Texas/24-008749-003/2024(H5N1)	472	844
HA|PP755589.1|A/cattle/Texas/24-008749-003/2024(H5N1)	473	847
HA|PP755589.1|A/cattle/Texas/24-008749-003/2024(H5N1)	474	847
HA|PP755589.1|A/cattle/Texas/24-008749-003/2024(H5N1)	475	848
HA|PP755589.1|A/cattle/Texas/24-008749-003/2024(H5N1)	476	851
HA|PP755589.1|A/cattle/Texas/24-008749-003/2024(H5N1)	477	850
HA|PP755589.1|A/cattle/Texas/24-008749-003/2024(H5N1)	478	854
HA|PP755589.1|A/cattle/Texas/24-008749-003/2024(H5N1)	479	856
HA|PP755589.1|A/cattle/Texas/24-008749-003/2024(H5N1)	480	842
HA|PP755589.1|A/cattle/Texas/24-008749-003/2024(H5N1)	481	841
HA|PP755589.1|A/cattle/Texas/24-008749-003/2024(H5N1)	482	842
HA|PP755589.1|A/cattle/Texas/24-008749-003/2024(H5N1)	483	844
HA|PP755589.1|A/cattle/Texas/24-008749-003/2024(H5N1)	484	844
HA|PP755589.1|A/cattle/Texas/24-008749-003/2024(H5N1)	485	850
HA|PP755589.1|A/cattle/Texas/24-008749-003/2024(H5N1)	486	852
HA|PP755589.1|A/cattle/Texas/24-008749-003/2024(H5N1)	487	860
HA|PP755589.1|A/cattle/Texas/24-008749-003/2024(H5N1)	488	867
HA|PP755589.1|A/cattle/Texas/24-008749-003/2024(H5N1)	489	869
HA|PP755589.1|A/cattle/Texas/24-008749-003/2024(H5N1)	490	869
HA|PP755589.1|A/cattle/Texas/24-008749-003/2024(H5N1)	491	862
HA|PP755589.1|A/cattle/Texas/24-008749-003/2024(H5N1)	492	861
HA|PP755589.1|A/cattle/Texas/24-008749-003/2024(H5N1)	493	865
HA|PP755589.1|A/cattle/Texas/24-008749-003/2024(H5N1)	494	872
HA|PP755589.1|A/cattle/Texas/24-008749-003/2024(H5N1)	495	879
HA|PP755589.1|A/cattle/Texas/24-008749-003/2024(H5N1)	496	854
HA|PP755589.1|A/cattle/Texas/24-008749-003/2024(H5N1)	497	847
HA|PP755589.1|A/cattle/Texas/24-008749-003/2024(H5N1)	498	844
HA|PP755589.1|A/cattle/Texas/24-008749-003/2024(H5N1)	499	843
HA|PP755589.1|A/cattle/Texas/24-008749-003/2024(H5N1)	500	838
HA|PP755589.1|A/cattle/Texas/24-008749-003/2024(H5N1)	501	837
HA|PP755589.1|A/cattle/Texas/24-008749-003/2024(H5N1)	502	839
HA|PP755589.1|A/cattle/Texas/24-008749-003/2024(H5N1)	503	844
HA|PP755589.1|A/cattle/Texas/24-008749-003/2024(H5N1)	504	845
HA|PP755589.1|A/cattle/Texas/24-008749-003/2024(H5N1)	505	846
HA|PP755589.1|A/cattle/Texas/24-008749-003/2024(H5N1)	506	842
HA|PP755589.1|A/cattle/Texas/24-008749-003/2024(H5N1)	507	854
HA|PP755589.1|A/cattle/Texas/24-008749-003/2024(H5N1)	508	852
HA|PP755589.1|A/cattle/Texas/24-008749-003/2024(H5N1)	509	853
HA|PP755589.1|A/cattle/Texas/24-008749-003/2024(H5N1)	510	848
HA|PP755589.1|A/cattle/Texas/24-008749-003/2024(H5N1)	511	852
HA|PP755589.1|A/cattle/Texas/24-008749-003/2024(H5N1)	512	883
HA|PP755589.1|A/cattle/Texas/24-008749-003/2024(H5N1)	513	883
HA|PP755589.1|A/cattle/Texas/24-008749-003/2024(H5N1)	514	875
HA|PP755589.1|A/cattle/Texas/24-008749-003/2024(H5N1)	515	875
HA|PP755589.1|A/cattle/Texas/24-008749-003/2024(H5N1)	516	882
HA|PP755589.1|A/cattle/Texas/24-008749-003/2024(H5N1)	517	889
HA|PP755589.1|A/cattle/Texas/24-008749-003/2024(H5N1)	518	888
HA|PP755589.1|A/cattle/Texas/24-008749-003/2024(H5N1)	519	868
HA|PP755589.1|A/cattle/Texas/24-008749-003/2024(H5N1)	520	860
HA|PP755589.1|A/cattle/Texas/24-008749-003/2024(H5N1)	521	825
HA|PP755589.1|A/cattle/Texas/24-008749-003/2024(H5N1)	522	830
HA|PP755589.1|A/cattle/Texas/24-008749-003/2024(H5N1)	523	832
HA|PP755589.1|A/cattle/Texas/24-008749-003/2024(H5N1)	524	851
HA|PP755589.1|A/cattle/Texas/24-008749-003/2024(H5N1)	525	836
HA|PP755589.1|A/cattle/Texas/24-008749-003/2024(H5N1)	526	839
HA|PP755589.1|A/cattle/Texas/24-008749-003/2024(H5N1)	527	838
HA|PP755589.1|A/cattle/Texas/24-008749-003/2024(H5N1)	528	837
HA|PP755589.1|A/cattle/Texas/24-008749-003/2024(H5N1)	529	854
HA|PP755589.1|A/cattle/Texas/24-008749-003/2024(H5N1)	530	857
HA|PP755589.1|A/cattle/Texas/24-008749-003/2024(H5N1)	531	860
HA|PP755589.1|A/cattle/Texas/24-008749-003/2024(H5N1)	532	862
HA|PP755589.1|A/cattle/Texas/24-008749-003/2024(H5N1)	533	842
HA|PP755589.1|A/cattle/Texas/24-008749-003/2024(H5N1)	534	846
HA|PP755589.1|A/cattle/Texas/24-008749-003/2024(H5N1)	535	853
HA|PP755589.1|A/cattle/Texas/24-008749-003/2024(H5N1)	536	867
HA|PP755589.1|A/cattle/Texas/24-008749-003/2024(H5N1)	537	884
HA|PP755589.1|A/cattle/Texas/24-008749-003/2024(H5N1)	538	889
HA|PP755589.1|A/cattle/Texas/24-008749-003/2024(H5N1)	539	896
HA|PP755589.1|A/cattle/Texas/24-008749-003/2024(H5N1)	540	958
HA|PP755589.1|A/cattle/Texas/24-008749-003/2024(H5N1)	541	957
HA|PP755589.1|A/cattle/Texas/24-008749-003/2024(H5N1)	542	957
HA|PP755589.1|A/cattle/Texas/24-008749-003/2024(H5N1)	543	958
HA|PP755589.1|A/cattle/Texas/24-008749-003/2024(H5N1)	544	930
HA|PP755589.1|A/cattle/Texas/24-008749-003/2024(H5N1)	545	938
HA|PP755589.1|A/cattle/Texas/24-008749-003/2024(H5N1)	546	938
HA|PP755589.1|A/cattle/Texas/24-008749-003/2024(H5N1)	547	945
HA|PP755589.1|A/cattle/Texas/24-008749-003/2024(H5N1)	548	940
HA|PP755589.1|A/cattle/Texas/24-008749-003/2024(H5N1)	549	899
HA|PP755589.1|A/cattle/Texas/24-008749-003/2024(H5N1)	550	896
HA|PP755589.1|A/cattle/Texas/24-008749-003/2024(H5N1)	551	896
HA|PP755589.1|A/cattle/Texas/24-008749-003/2024(H5N1)	552	896
HA|PP755589.1|A/cattle/Texas/24-008749-003/2024(H5N1)	553	896
HA|PP755589.1|A/cattle/Texas/24-008749-003/2024(H5N1)	554	896
HA|PP755589.1|A/cattle/Texas/24-008749-003/2024(H5N1)	555	903
HA|PP755589.1|A/cattle/Texas/24-008749-003/2024(H5N1)	556	905
HA|PP755589.1|A/cattle/Texas/24-008749-003/2024(H5N1)	557	904
HA|PP755589.1|A/cattle/Texas/24-008749-003/2024(H5N1)	558	900
HA|PP755589.1|A/cattle/Texas/24-008749-003/2024(H5N1)	559	908
HA|PP755589.1|A/cattle/Texas/24-008749-003/2024(H5N1)	560	910
HA|PP755589.1|A/cattle/Texas/24-008749-003/2024(H5N1)	561	914
HA|PP755589.1|A/cattle/Texas/24-008749-003/2024(H5N1)	562	924
HA|PP755589.1|A/cattle/Texas/24-008749-003/2024(H5N1)	563	937
HA|PP755589.1|A/cattle/Texas/24-008749-003/2024(H5N1)	564	955
HA|PP755589.1|A/cattle/Texas/24-008749-003/2024(H5N1)	565	953
HA|PP755589.1|A/cattle/Texas/24-008749-003/2024(H5N1)	566	955
HA|PP755589.1|A/cattle/Texas/24-008749-003/2024(H5N1)	567	956
HA|PP755589.1|A/cattle/Texas/24-008749-003/2024(H5N1)	568	964
HA|PP755589.1|A/cattle/Texas/24-008749-003/2024(H5N1)	569	960
HA|PP755589.1|A/cattle/Texas/24-008749-003/2024(H5N1)	570	952
HA|PP755589.1|A/cattle/Texas/24-008749-003/2024(H5N1)	571	952
HA|PP755589.1|A/cattle/Texas/24-008749-003/2024(H5N1)	572	922
HA|PP755589.1|A/cattle/Texas/24-008749-003/2024(H5N1)	573	957
HA|PP755589.1|A/cattle/Texas/24-008749-003/2024(H5N1)	574	957
HA|PP755589.1|A/cattle/Texas/24-008749-003/2024(H5N1)	575	958
HA|PP755589.1|A/cattle/Texas/24-008749-003/2024(H5N1)	576	959
HA|PP755589.1|A/cattle/Texas/24-008749-003/2024(H5N1)	577	954
HA|PP755589.1|A/cattle/Texas/24-008749-003/2024(H5N1)	578	970
HA|PP755589.1|A/cattle/Texas/24-008749-003/2024(H5N1)	579	944
HA|PP755589.1|A/cattle/Texas/24-008749-003/2024(H5N1)	580	938
HA|PP755589.1|A/cattle/Texas/24-008749-003/2024(H5N1)	581	934
HA|PP755589.1|A/cattle/Texas/24-008749-003/2024(H5N1)	582	867
HA|PP755589.1|A/cattle/Texas/24-008749-003/2024(H5N1)	583	863
HA|PP755589.1|A/cattle/Texas/24-008749-003/2024(H5N1)	584	861
HA|PP755589.1|A/cattle/Texas/24-008749-003/2024(H5N1)	585	876
HA|PP755589.1|A/cattle/Texas/24-008749-003/2024(H5N1)	586	874
HA|PP755589.1|A/cattle/Texas/24-008749-003/2024(H5N1)	587	866
HA|PP755589.1|A/cattle/Texas/24-008749-003/2024(H5N1)	588	875
HA|PP755589.1|A/cattle/Texas/24-008749-003/2024(H5N1)	589	853
HA|PP755589.1|A/cattle/Texas/24-008749-003/2024(H5N1)	590	877
HA|PP755589.1|A/cattle/Texas/24-008749-003/2024(H5N1)	591	876
HA|PP755589.1|A/cattle/Texas/24-008749-003/2024(H5N1)	592	877
HA|PP755589.1|A/cattle/Texas/24-008749-003/2024(H5N1)	593	877
HA|PP755589.1|A/cattle/Texas/24-008749-003/2024(H5N1)	594	879
HA|PP755589.1|A/cattle/Texas/24-008749-003/2024(H5N1)	595	874
HA|PP755589.1|A/cattle/Texas/24-008749-003/2024(H5N1)	596	895
HA|PP755589.1|A/cattle/Texas/24-008749-003/2024(H5N1)	597	877
HA|PP755589.1|A/cattle/Texas/24-008749-003/2024(H5N1)	598	881
HA|PP755589.1|A/cattle/Texas/24-008749-003/2024(H5N1)	599	879
HA|PP755589.1|A/cattle/Texas/24-008749-003/2024(H5N1)	600	879
HA|PP755589.1|A/cattle/Texas/24-008749-003/2024(H5N1)	601	888
HA|PP755589.1|A/cattle/Texas/24-008749-003/2024(H5N1)	602	884
HA|PP755589.1|A/cattle/Texas/24-008749-003/2024(H5N1)	603	842
HA|PP755589.1|A/cattle/Texas/24-008749-003/2024(H5N1)	604	847
HA|PP755589.1|A/cattle/Texas/24-008749-003/2024(H5N1)	605	828
HA|PP755589.1|A/cattle/Texas/24-008749-003/2024(H5N1)	606	828
HA|PP755589.1|A/cattle/Texas/24-008749-003/2024(H5N1)	607	807
HA|PP755589.1|A/cattle/Texas/24-008749-003/2024(H5N1)	608	806
HA|PP755589.1|A/cattle/Texas/24-008749-003/2024(H5N1)	609	810
HA|PP755589.1|A/cattle/Texas/24-008749-003/2024(H5N1)	610	809
HA|PP755589.1|A/cattle/Texas/24-008749-003/2024(H5N1)	611	813
HA|PP755589.1|A/cattle/Texas/24-008749-003/2024(H5N1)	612	811
HA|PP755589.1|A/cattle/Texas/24-008749-003/2024(H5N1)	613	809
HA|PP755589.1|A/cattle/Texas/24-008749-003/2024(H5N1)	614	810
HA|PP755589.1|A/cattle/Texas/24-008749-003/2024(H5N1)	615	812
HA|PP755589.1|A/cattle/Texas/24-008749-003/2024(H5N1)	616	835
HA|PP755589.1|A/cattle/Texas/24-008749-003/2024(H5N1)	617	829
HA|PP755589.1|A/cattle/Texas/24-008749-003/2024(H5N1)	618	825
HA|PP755589.1|A/cattle/Texas/24-008749-003/2024(H5N1)	619	825
HA|PP755589.1|A/cattle/Texas/24-008749-003/2024(H5N1)	620	836
HA|PP755589.1|A/cattle/Texas/24-008749-003/2024(H5N1)	621	835
HA|PP755589.1|A/cattle/Texas/24-008749-003/2024(H5N1)	622	834
HA|PP755589.1|A/cattle/Texas/24-008749-003/2024(H5N1)	623	833
HA|PP755589.1|A/cattle/Texas/24-008749-003/2024(H5N1)	624	838
HA|PP755589.1|A/cattle/Texas/24-008749-003/2024(H5N1)	625	840
HA|PP755589.1|A/cattle/Texas/24-008749-003/2024(H5N1)	626	846
HA|PP755589.1|A/cattle/Texas/24-008749-003/2024(H5N1)	627	841
HA|PP755589.1|A/cattle/Texas/24-008749-003/2024(H5N1)	628	843
HA|PP755589.1|A/cattle/Texas/24-008749-003/2024(H5N1)	629	837
HA|PP755589.1|A/cattle/Texas/24-008749-003/2024(H5N1)	630	836
HA|PP755589.1|A/cattle/Texas/24-008749-003/2024(H5N1)	631	839
HA|PP755589.1|A/cattle/Texas/24-008749-003/2024(H5N1)	632	840
HA|PP755589.1|A/cattle/Texas/24-008749-003/2024(H5N1)	633	849
HA|PP755589.1|A/cattle/Texas/24-008749-003/2024(H5N1)	634	855
HA|PP755589.1|A/cattle/Texas/24-008749-003/2024(H5N1)	635	862
HA|PP755589.1|A/cattle/Texas/24-008749-003/2024(H5N1)	636	855
HA|PP755589.1|A/cattle/Texas/24-008749-003/2024(H5N1)	637	855
HA|PP755589.1|A/cattle/Texas/24-008749-003/2024(H5N1)	638	861
HA|PP755589.1|A/cattle/Texas/24-008749-003/2024(H5N1)	639	859
HA|PP755589.1|A/cattle/Texas/24-008749-003/2024(H5N1)	640	859
HA|PP755589.1|A/cattle/Texas/24-008749-003/2024(H5N1)	641	866
HA|PP755589.1|A/cattle/Texas/24-008749-003/2024(H5N1)	642	864
HA|PP755589.1|A/cattle/Texas/24-008749-003/2024(H5N1)	643	857
HA|PP755589.1|A/cattle/Texas/24-008749-003/2024(H5N1)	644	845
HA|PP755589.1|A/cattle/Texas/24-008749-003/2024(H5N1)	645	844
HA|PP755589.1|A/cattle/Texas/24-008749-003/2024(H5N1)	646	840
HA|PP755589.1|A/cattle/Texas/24-008749-003/2024(H5N1)	647	838
HA|PP755589.1|A/cattle/Texas/24-008749-003/2024(H5N1)	648	834
HA|PP755589.1|A/cattle/Texas/24-008749-003/2024(H5N1)	649	834
HA|PP755589.1|A/cattle/Texas/24-008749-003/2024(H5N1)	650	839
HA|PP755589.1|A/cattle/Texas/24-008749-003/2024(H5N1)	651	876
HA|PP755589.1|A/cattle/Texas/24-008749-003/2024(H5N1)	652	891
HA|PP755589.1|A/cattle/Texas/24-008749-003/2024(H5N1)	653	895
HA|PP755589.1|A/cattle/Texas/24-008749-003/2024(H5N1)	654	894
HA|PP755589.1|A/cattle/Texas/24-008749-003/2024(H5N1)	655	894
HA|PP755589.1|A/cattle/Texas/24-008749-003/2024(H5N1)	656	902
HA|PP755589.1|A/cattle/Texas/24-008749-003/2024(H5N1)	657	915
HA|PP755589.1|A/cattle/Texas/24-008749-003/2024(H5N1)	658	921
HA|PP755589.1|A/cattle/Texas/24-008749-003/2024(H5N1)	659	932
HA|PP755589.1|A/cattle/Texas/24-008749-003/2024(H5N1)	660	928
HA|PP755589.1|A/cattle/Texas/24-008749-003/2024(H5N1)	661	932
HA|PP755589.1|A/cattle/Texas/24-008749-003/2024(H5N1)	662	923
HA|PP755589.1|A/cattle/Texas/24-008749-003/2024(H5N1)	663	897
HA|PP755589.1|A/cattle/Texas/24-008749-003/2024(H5N1)	664	908
HA|PP755589.1|A/cattle/Texas/24-008749-003/2024(H5N1)	665	909
HA|PP755589.1|A/cattle/Texas/24-008749-003/2024(H5N1)	666	904
HA|PP755589.1|A/cattle/Texas/24-008749-003/2024(H5N1)	667	896
HA|PP755589.1|A/cattle/Texas/24-008749-003/2024(H5N1)	668	889
HA|PP755589.1|A/cattle/Texas/24-008749-003/2024(H5N1)	669	895
HA|PP755589.1|A/cattle/Texas/24-008749-003/2024(H5N1)	670	893
HA|PP755589.1|A/cattle/Texas/24-008749-003/2024(H5N1)	671	919
HA|PP755589.1|A/cattle/Texas/24-008749-003/2024(H5N1)	672	919
HA|PP755589.1|A/cattle/Texas/24-008749-003/2024(H5N1)	673	913
HA|PP755589.1|A/cattle/Texas/24-008749-003/2024(H5N1)	674	911
HA|PP755589.1|A/cattle/Texas/24-008749-003/2024(H5N1)	675	893
HA|PP755589.1|A/cattle/Texas/24-008749-003/2024(H5N1)	676	912
HA|PP755589.1|A/cattle/Texas/24-008749-003/2024(H5N1)	677	908
HA|PP755589.1|A/cattle/Texas/24-008749-003/2024(H5N1)	678	927
HA|PP755589.1|A/cattle/Texas/24-008749-003/2024(H5N1)	679	937
HA|PP755589.1|A/cattle/Texas/24-008749-003/2024(H5N1)	680	913
HA|PP755589.1|A/cattle/Texas/24-008749-003/2024(H5N1)	681	919
HA|PP755589.1|A/cattle/Texas/24-008749-003/2024(H5N1)	682	928
HA|PP755589.1|A/cattle/Texas/24-008749-003/2024(H5N1)	683	928
HA|PP755589.1|A/cattle/Texas/24-008749-003/2024(H5N1)	684	927
HA|PP755589.1|A/cattle/Texas/24-008749-003/2024(H5N1)	685	924
HA|PP755589.1|A/cattle/Texas/24-008749-003/2024(H5N1)	686	909
HA|PP755589.1|A/cattle/Texas/24-008749-003/2024(H5N1)	687	870
HA|PP755589.1|A/cattle/Texas/24-008749-003/2024(H5N1)	688	865
HA|PP755589.1|A/cattle/Texas/24-008749-003/2024(H5N1)	689	814
HA|PP755589.1|A/cattle/Texas/24-008749-003/2024(H5N1)	690	812
HA|PP755589.1|A/cattle/Texas/24-008749-003/2024(H5N1)	691	835
HA|PP755589.1|A/cattle/Texas/24-008749-003/2024(H5N1)	692	832
HA|PP755589.1|A/cattle/Texas/24-008749-003/2024(H5N1)	693	832
HA|PP755589.1|A/cattle/Texas/24-008749-003/2024(H5N1)	694	831
HA|PP755589.1|A/cattle/Texas/24-008749-003/2024(H5N1)	695	833
HA|PP755589.1|A/cattle/Texas/24-008749-003/2024(H5N1)	696	842
HA|PP755589.1|A/cattle/Texas/24-008749-003/2024(H5N1)	697	842
HA|PP755589.1|A/cattle/Texas/24-008749-003/2024(H5N1)	698	838
HA|PP755589.1|A/cattle/Texas/24-008749-003/2024(H5N1)	699	839
HA|PP755589.1|A/cattle/Texas/24-008749-003/2024(H5N1)	700	822
HA|PP755589.1|A/cattle/Texas/24-008749-003/2024(H5N1)	701	826
HA|PP755589.1|A/cattle/Texas/24-008749-003/2024(H5N1)	702	824
HA|PP755589.1|A/cattle/Texas/24-008749-003/2024(H5N1)	703	826
HA|PP755589.1|A/cattle/Texas/24-008749-003/2024(H5N1)	704	831
HA|PP755589.1|A/cattle/Texas/24-008749-003/2024(H5N1)	705	826
HA|PP755589.1|A/cattle/Texas/24-008749-003/2024(H5N1)	706	827
HA|PP755589.1|A/cattle/Texas/24-008749-003/2024(H5N1)	707	825
HA|PP755589.1|A/cattle/Texas/24-008749-003/2024(H5N1)	708	829
HA|PP755589.1|A/cattle/Texas/24-008749-003/2024(H5N1)	709	826
HA|PP755589.1|A/cattle/Texas/24-008749-003/2024(H5N1)	710	831
HA|PP755589.1|A/cattle/Texas/24-008749-003/2024(H5N1)	711	832
HA|PP755589.1|A/cattle/Texas/24-008749-003/2024(H5N1)	712	827
HA|PP755589.1|A/cattle/Texas/24-008749-003/2024(H5N1)	713	832
HA|PP755589.1|A/cattle/Texas/24-008749-003/2024(H5N1)	714	877
HA|PP755589.1|A/cattle/Texas/24-008749-003/2024(H5N1)	715	858
HA|PP755589.1|A/cattle/Texas/24-008749-003/2024(H5N1)	716	879
HA|PP755589.1|A/cattle/Texas/24-008749-003/2024(H5N1)	717	899
HA|PP755589.1|A/cattle/Texas/24-008749-003/2024(H5N1)	718	894
HA|PP755589.1|A/cattle/Texas/24-008749-003/2024(H5N1)	719	892
HA|PP755589.1|A/cattle/Texas/24-008749-003/2024(H5N1)	720	905
HA|PP755589.1|A/cattle/Texas/24-008749-003/2024(H5N1)	721	901
HA|PP755589.1|A/cattle/Texas/24-008749-003/2024(H5N1)	722	895
HA|PP755589.1|A/cattle/Texas/24-008749-003/2024(H5N1)	723	883
HA|PP755589.1|A/cattle/Texas/24-008749-003/2024(H5N1)	724	847
HA|PP755589.1|A/cattle/Texas/24-008749-003/2024(H5N1)	725	868
HA|PP755589.1|A/cattle/Texas/24-008749-003/2024(H5N1)	726	868
HA|PP755589.1|A/cattle/Texas/24-008749-003/2024(H5N1)	727	882
HA|PP755589.1|A/cattle/Texas/24-008749-003/2024(H5N1)	728	882
HA|PP755589.1|A/cattle/Texas/24-008749-003/2024(H5N1)	729	869
HA|PP755589.1|A/cattle/Texas/24-008749-003/2024(H5N1)	730	868
HA|PP755589.1|A/cattle/Texas/24-008749-003/2024(H5N1)	731	862
HA|PP755589.1|A/cattle/Texas/24-008749-003/2024(H5N1)	732	893
HA|PP755589.1|A/cattle/Texas/24-008749-003/2024(H5N1)	733	897
HA|PP755589.1|A/cattle/Texas/24-008749-003/2024(H5N1)	734	897
HA|PP755589.1|A/cattle/Texas/24-008749-003/2024(H5N1)	735	889
HA|PP755589.1|A/cattle/Texas/24-008749-003/2024(H5N1)	736	874
HA|PP755589.1|A/cattle/Texas/24-008749-003/2024(H5N1)	737	875
HA|PP755589.1|A/cattle/Texas/24-008749-003/2024(H5N1)	738	876
HA|PP755589.1|A/cattle/Texas/24-008749-003/2024(H5N1)	739	873
HA|PP755589.1|A/cattle/Texas/24-008749-003/2024(H5N1)	740	874
HA|PP755589.1|A/cattle/Texas/24-008749-003/2024(H5N1)	741	844
HA|PP755589.1|A/cattle/Texas/24-008749-003/2024(H5N1)	742	849
HA|PP755589.1|A/cattle/Texas/24-008749-003/2024(H5N1)	743	850
HA|PP755589.1|A/cattle/Texas/24-008749-003/2024(H5N1)	744	852
HA|PP755589.1|A/cattle/Texas/24-008749-003/2024(H5N1)	745	863
HA|PP755589.1|A/cattle/Texas/24-008749-003/2024(H5N1)	746	863
HA|PP755589.1|A/cattle/Texas/24-008749-003/2024(H5N1)	747	842
HA|PP755589.1|A/cattle/Texas/24-008749-003/2024(H5N1)	748	854
HA|PP755589.1|A/cattle/Texas/24-008749-003/2024(H5N1)	749	850
HA|PP755589.1|A/cattle/Texas/24-008749-003/2024(H5N1)	750	847
HA|PP755589.1|A/cattle/Texas/24-008749-003/2024(H5N1)	751	848
HA|PP755589.1|A/cattle/Texas/24-008749-003/2024(H5N1)	752	839
HA|PP755589.1|A/cattle/Texas/24-008749-003/2024(H5N1)	753	846
HA|PP755589.1|A/cattle/Texas/24-008749-003/2024(H5N1)	754	847
HA|PP755589.1|A/cattle/Texas/24-008749-003/2024(H5N1)	755	843
HA|PP755589.1|A/cattle/Texas/24-008749-003/2024(H5N1)	756	844
HA|PP755589.1|A/cattle/Texas/24-008749-003/2024(H5N1)	757	843
HA|PP755589.1|A/cattle/Texas/24-008749-003/2024(H5N1)	758	860
HA|PP755589.1|A/cattle/Texas/24-008749-003/2024(H5N1)	759	857
HA|PP755589.1|A/cattle/Texas/24-008749-003/2024(H5N1)	760	852
HA|PP755589.1|A/cattle/Texas/24-008749-003/2024(H5N1)	761	857
HA|PP755589.1|A/cattle/Texas/24-008749-003/2024(H5N1)	762	853
HA|PP755589.1|A/cattle/Texas/24-008749-003/2024(H5N1)	763	860
HA|PP755589.1|A/cattle/Texas/24-008749-003/2024(H5N1)	764	856
HA|PP755589.1|A/cattle/Texas/24-008749-003/2024(H5N1)	765	859
HA|PP755589.1|A/cattle/Texas/24-008749-003/2024(H5N1)	766	859
HA|PP755589.1|A/cattle/Texas/24-008749-003/2024(H5N1)	767	839
HA|PP755589.1|A/cattle/Texas/24-008749-003/2024(H5N1)	768	847
HA|PP755589.1|A/cattle/Texas/24-008749-003/2024(H5N1)	769	845
HA|PP755589.1|A/cattle/Texas/24-008749-003/2024(H5N1)	770	845
HA|PP755589.1|A/cattle/Texas/24-008749-003/2024(H5N1)	771	833
HA|PP755589.1|A/cattle/Texas/24-008749-003/2024(H5N1)	772	833
HA|PP755589.1|A/cattle/Texas/24-008749-003/2024(H5N1)	773	831
HA|PP755589.1|A/cattle/Texas/24-008749-003/2024(H5N1)	774	834
HA|PP755589.1|A/cattle/Texas/24-008749-003/2024(H5N1)	775	830
HA|PP755589.1|A/cattle/Texas/24-008749-003/2024(H5N1)	776	831
HA|PP755589.1|A/cattle/Texas/24-008749-003/2024(H5N1)	777	828
HA|PP755589.1|A/cattle/Texas/24-008749-003/2024(H5N1)	778	829
HA|PP755589.1|A/cattle/Texas/24-008749-003/2024(H5N1)	779	838
HA|PP755589.1|A/cattle/Texas/24-008749-003/2024(H5N1)	780	839
HA|PP755589.1|A/cattle/Texas/24-008749-003/2024(H5N1)	781	840
HA|PP755589.1|A/cattle/Texas/24-008749-003/2024(H5N1)	782	837
HA|PP755589.1|A/cattle/Texas/24-008749-003/2024(H5N1)	783	833
HA|PP755589.1|A/cattle/Texas/24-008749-003/2024(H5N1)	784	922
HA|PP755589.1|A/cattle/Texas/24-008749-003/2024(H5N1)	785	921
HA|PP755589.1|A/cattle/Texas/24-008749-003/2024(H5N1)	786	908
HA|PP755589.1|A/cattle/Texas/24-008749-003/2024(H5N1)	787	908
HA|PP755589.1|A/cattle/Texas/24-008749-003/2024(H5N1)	788	906
HA|PP755589.1|A/cattle/Texas/24-008749-003/2024(H5N1)	789	896
HA|PP755589.1|A/cattle/Texas/24-008749-003/2024(H5N1)	790	894
HA|PP755589.1|A/cattle/Texas/24-008749-003/2024(H5N1)	791	897
HA|PP755589.1|A/cattle/Texas/24-008749-003/2024(H5N1)	792	898
HA|PP755589.1|A/cattle/Texas/24-008749-003/2024(H5N1)	793	943
HA|PP755589.1|A/cattle/Texas/24-008749-003/2024(H5N1)	794	959
HA|PP755589.1|A/cattle/Texas/24-008749-003/2024(H5N1)	795	957
HA|PP755589.1|A/cattle/Texas/24-008749-003/2024(H5N1)	796	963
HA|PP755589.1|A/cattle/Texas/24-008749-003/2024(H5N1)	797	963
HA|PP755589.1|A/cattle/Texas/24-008749-003/2024(H5N1)	798	967
HA|PP755589.1|A/cattle/Texas/24-008749-003/2024(H5N1)	799	980
HA|PP755589.1|A/cattle/Texas/24-008749-003/2024(H5N1)	800	1044
HA|PP755589.1|A/cattle/Texas/24-008749-003/2024(H5N1)	801	1078
HA|PP755589.1|A/cattle/Texas/24-008749-003/2024(H5N1)	802	1040
HA|PP755589.1|A/cattle/Texas/24-008749-003/2024(H5N1)	803	1028
HA|PP755589.1|A/cattle/Texas/24-008749-003/2024(H5N1)	804	1026
HA|PP755589.1|A/cattle/Texas/24-008749-003/2024(H5N1)	805	1022
HA|PP755589.1|A/cattle/Texas/24-008749-003/2024(H5N1)	806	1024
HA|PP755589.1|A/cattle/Texas/24-008749-003/2024(H5N1)	807	1020
HA|PP755589.1|A/cattle/Texas/24-008749-003/2024(H5N1)	808	1007
HA|PP755589.1|A/cattle/Texas/24-008749-003/2024(H5N1)	809	993
HA|PP755589.1|A/cattle/Texas/24-008749-003/2024(H5N1)	810	988
HA|PP755589.1|A/cattle/Texas/24-008749-003/2024(H5N1)	811	1002
HA|PP755589.1|A/cattle/Texas/24-008749-003/2024(H5N1)	812	1004
HA|PP755589.1|A/cattle/Texas/24-008749-003/2024(H5N1)	813	1004
HA|PP755589.1|A/cattle/Texas/24-008749-003/2024(H5N1)	814	1003
HA|PP755589.1|A/cattle/Texas/24-008749-003/2024(H5N1)	815	991
HA|PP755589.1|A/cattle/Texas/24-008749-003/2024(H5N1)	816	991
HA|PP755589.1|A/cattle/Texas/24-008749-003/2024(H5N1)	817	991
HA|PP755589.1|A/cattle/Texas/24-008749-003/2024(H5N1)	818	990
HA|PP755589.1|A/cattle/Texas/24-008749-003/2024(H5N1)	819	986
HA|PP755589.1|A/cattle/Texas/24-008749-003/2024(H5N1)	820	986
HA|PP755589.1|A/cattle/Texas/24-008749-003/2024(H5N1)	821	989
HA|PP755589.1|A/cattle/Texas/24-008749-003/2024(H5N1)	822	971
HA|PP755589.1|A/cattle/Texas/24-008749-003/2024(H5N1)	823	966
HA|PP755589.1|A/cattle/Texas/24-008749-003/2024(H5N1)	824	965
HA|PP755589.1|A/cattle/Texas/24-008749-003/2024(H5N1)	825	964
HA|PP755589.1|A/cattle/Texas/24-008749-003/2024(H5N1)	826	960
HA|PP755589.1|A/cattle/Texas/24-008749-003/2024(H5N1)	827	946
HA|PP755589.1|A/cattle/Texas/24-008749-003/2024(H5N1)	828	952
HA|PP755589.1|A/cattle/Texas/24-008749-003/2024(H5N1)	829	929
HA|PP755589.1|A/cattle/Texas/24-008749-003/2024(H5N1)	830	923
HA|PP755589.1|A/cattle/Texas/24-008749-003/2024(H5N1)	831	927
HA|PP755589.1|A/cattle/Texas/24-008749-003/2024(H5N1)	832	915
HA|PP755589.1|A/cattle/Texas/24-008749-003/2024(H5N1)	833	918
HA|PP755589.1|A/cattle/Texas/24-008749-003/2024(H5N1)	834	921
HA|PP755589.1|A/cattle/Texas/24-008749-003/2024(H5N1)	835	931
HA|PP755589.1|A/cattle/Texas/24-008749-003/2024(H5N1)	836	931
HA|PP755589.1|A/cattle/Texas/24-008749-003/2024(H5N1)	837	922
HA|PP755589.1|A/cattle/Texas/24-008749-003/2024(H5N1)	838	916
HA|PP755589.1|A/cattle/Texas/24-008749-003/2024(H5N1)	839	916
HA|PP755589.1|A/cattle/Texas/24-008749-003/2024(H5N1)	840	906
HA|PP755589.1|A/cattle/Texas/24-008749-003/2024(H5N1)	841	906
HA|PP755589.1|A/cattle/Texas/24-008749-003/2024(H5N1)	842	887
HA|PP755589.1|A/cattle/Texas/24-008749-003/2024(H5N1)	843	890
HA|PP755589.1|A/cattle/Texas/24-008749-003/2024(H5N1)	844	893
HA|PP755589.1|A/cattle/Texas/24-008749-003/2024(H5N1)	845	895
HA|PP755589.1|A/cattle/Texas/24-008749-003/2024(H5N1)	846	895
HA|PP755589.1|A/cattle/Texas/24-008749-003/2024(H5N1)	847	876
HA|PP755589.1|A/cattle/Texas/24-008749-003/2024(H5N1)	848	880
HA|PP755589.1|A/cattle/Texas/24-008749-003/2024(H5N1)	849	880
HA|PP755589.1|A/cattle/Texas/24-008749-003/2024(H5N1)	850	879
HA|PP755589.1|A/cattle/Texas/24-008749-003/2024(H5N1)	851	882
HA|PP755589.1|A/cattle/Texas/24-008749-003/2024(H5N1)	852	878
HA|PP755589.1|A/cattle/Texas/24-008749-003/2024(H5N1)	853	888
HA|PP755589.1|A/cattle/Texas/24-008749-003/2024(H5N1)	854	900
HA|PP755589.1|A/cattle/Texas/24-008749-003/2024(H5N1)	855	903
HA|PP755589.1|A/cattle/Texas/24-008749-003/2024(H5N1)	856	958
HA|PP755589.1|A/cattle/Texas/24-008749-003/2024(H5N1)	857	977
HA|PP755589.1|A/cattle/Texas/24-008749-003/2024(H5N1)	858	977
HA|PP755589.1|A/cattle/Texas/24-008749-003/2024(H5N1)	859	981
HA|PP755589.1|A/cattle/Texas/24-008749-003/2024(H5N1)	860	974
HA|PP755589.1|A/cattle/Texas/24-008749-003/2024(H5N1)	861	967
HA|PP755589.1|A/cattle/Texas/24-008749-003/2024(H5N1)	862	960
HA|PP755589.1|A/cattle/Texas/24-008749-003/2024(H5N1)	863	958
HA|PP755589.1|A/cattle/Texas/24-008749-003/2024(H5N1)	864	939
HA|PP755589.1|A/cattle/Texas/24-008749-003/2024(H5N1)	865	895
HA|PP755589.1|A/cattle/Texas/24-008749-003/2024(H5N1)	866	877
HA|PP755589.1|A/cattle/Texas/24-008749-003/2024(H5N1)	867	888
HA|PP755589.1|A/cattle/Texas/24-008749-003/2024(H5N1)	868	890
HA|PP755589.1|A/cattle/Texas/24-008749-003/2024(H5N1)	869	891
HA|PP755589.1|A/cattle/Texas/24-008749-003/2024(H5N1)	870	893
HA|PP755589.1|A/cattle/Texas/24-008749-003/2024(H5N1)	871	880
HA|PP755589.1|A/cattle/Texas/24-008749-003/2024(H5N1)	872	875
HA|PP755589.1|A/cattle/Texas/24-008749-003/2024(H5N1)	873	884
HA|PP755589.1|A/cattle/Texas/24-008749-003/2024(H5N1)	874	888
HA|PP755589.1|A/cattle/Texas/24-008749-003/2024(H5N1)	875	890
HA|PP755589.1|A/cattle/Texas/24-008749-003/2024(H5N1)	876	850
HA|PP755589.1|A/cattle/Texas/24-008749-003/2024(H5N1)	877	850
HA|PP755589.1|A/cattle/Texas/24-008749-003/2024(H5N1)	878	837
HA|PP755589.1|A/cattle/Texas/24-008749-003/2024(H5N1)	879	837
HA|PP755589.1|A/cattle/Texas/24-008749-003/2024(H5N1)	880	843
HA|PP755589.1|A/cattle/Texas/24-008749-003/2024(H5N1)	881	843
HA|PP755589.1|A/cattle/Texas/24-008749-003/2024(H5N1)	882	845
HA|PP755589.1|A/cattle/Texas/24-008749-003/2024(H5N1)	883	817
HA|PP755589.1|A/cattle/Texas/24-008749-003/2024(H5N1)	884	823
HA|PP755589.1|A/cattle/Texas/24-008749-003/2024(H5N1)	885	823
HA|PP755589.1|A/cattle/Texas/24-008749-003/2024(H5N1)	886	828
HA|PP755589.1|A/cattle/Texas/24-008749-003/2024(H5N1)	887	844
HA|PP755589.1|A/cattle/Texas/24-008749-003/2024(H5N1)	888	843
HA|PP755589.1|A/cattle/Texas/24-008749-003/2024(H5N1)	889	838
HA|PP755589.1|A/cattle/Texas/24-008749-003/2024(H5N1)	890	843
HA|PP755589.1|A/cattle/Texas/24-008749-003/2024(H5N1)	891	843
HA|PP755589.1|A/cattle/Texas/24-008749-003/2024(H5N1)	892	843
HA|PP755589.1|A/cattle/Texas/24-008749-003/2024(H5N1)	893	838
HA|PP755589.1|A/cattle/Texas/24-008749-003/2024(H5N1)	894	836
HA|PP755589.1|A/cattle/Texas/24-008749-003/2024(H5N1)	895	834
HA|PP755589.1|A/cattle/Texas/24-008749-003/2024(H5N1)	896	821
HA|PP755589.1|A/cattle/Texas/24-008749-003/2024(H5N1)	897	819
HA|PP755589.1|A/cattle/Texas/24-008749-003/2024(H5N1)	898	820
HA|PP755589.1|A/cattle/Texas/24-008749-003/2024(H5N1)	899	823
HA|PP755589.1|A/cattle/Texas/24-008749-003/2024(H5N1)	900	823
HA|PP755589.1|A/cattle/Texas/24-008749-003/2024(H5N1)	901	825
HA|PP755589.1|A/cattle/Texas/24-008749-003/2024(H5N1)	902	823
HA|PP755589.1|A/cattle/Texas/24-008749-003/2024(H5N1)	903	827
HA|PP755589.1|A/cattle/Texas/24-008749-003/2024(H5N1)	904	821
HA|PP755589.1|A/cattle/Texas/24-008749-003/2024(H5N1)	905	831
HA|PP755589.1|A/cattle/Texas/24-008749-003/2024(H5N1)	906	831
HA|PP755589.1|A/cattle/Texas/24-008749-003/2024(H5N1)	907	830
HA|PP755589.1|A/cattle/Texas/24-008749-003/2024(H5N1)	908	819
HA|PP755589.1|A/cattle/Texas/24-008749-003/2024(H5N1)	909	822
HA|PP755589.1|A/cattle/Texas/24-008749-003/2024(H5N1)	910	822
HA|PP755589.1|A/cattle/Texas/24-008749-003/2024(H5N1)	911	821
HA|PP755589.1|A/cattle/Texas/24-008749-003/2024(H5N1)	912	815
HA|PP755589.1|A/cattle/Texas/24-008749-003/2024(H5N1)	913	823
HA|PP755589.1|A/cattle/Texas/24-008749-003/2024(H5N1)	914	814
HA|PP755589.1|A/cattle/Texas/24-008749-003/2024(H5N1)	915	814
HA|PP755589.1|A/cattle/Texas/24-008749-003/2024(H5N1)	916	838
HA|PP755589.1|A/cattle/Texas/24-008749-003/2024(H5N1)	917	855
HA|PP755589.1|A/cattle/Texas/24-008749-003/2024(H5N1)	918	851
HA|PP755589.1|A/cattle/Texas/24-008749-003/2024(H5N1)	919	853
HA|PP755589.1|A/cattle/Texas/24-008749-003/2024(H5N1)	920	858
HA|PP755589.1|A/cattle/Texas/24-008749-003/2024(H5N1)	921	868
HA|PP755589.1|A/cattle/Texas/24-008749-003/2024(H5N1)	922	869
HA|PP755589.1|A/cattle/Texas/24-008749-003/2024(H5N1)	923	870
HA|PP755589.1|A/cattle/Texas/24-008749-003/2024(H5N1)	924	878
HA|PP755589.1|A/cattle/Texas/24-008749-003/2024(H5N1)	925	873
HA|PP755589.1|A/cattle/Texas/24-008749-003/2024(H5N1)	926	953
HA|PP755589.1|A/cattle/Texas/24-008749-003/2024(H5N1)	927	959
HA|PP755589.1|A/cattle/Texas/24-008749-003/2024(H5N1)	928	957
HA|PP755589.1|A/cattle/Texas/24-008749-003/2024(H5N1)	929	958
HA|PP755589.1|A/cattle/Texas/24-008749-003/2024(H5N1)	930	953
HA|PP755589.1|A/cattle/Texas/24-008749-003/2024(H5N1)	931	947
HA|PP755589.1|A/cattle/Texas/24-008749-003/2024(H5N1)	932	943
HA|PP755589.1|A/cattle/Texas/24-008749-003/2024(H5N1)	933	956
HA|PP755589.1|A/cattle/Texas/24-008749-003/2024(H5N1)	934	961
HA|PP755589.1|A/cattle/Texas/24-008749-003/2024(H5N1)	935	858
HA|PP755589.1|A/cattle/Texas/24-008749-003/2024(H5N1)	936	855
HA|PP755589.1|A/cattle/Texas/24-008749-003/2024(H5N1)	937	858
HA|PP755589.1|A/cattle/Texas/24-008749-003/2024(H5N1)	938	858
HA|PP755589.1|A/cattle/Texas/24-008749-003/2024(H5N1)	939	859
HA|PP755589.1|A/cattle/Texas/24-008749-003/2024(H5N1)	940	860
HA|PP755589.1|A/cattle/Texas/24-008749-003/2024(H5N1)	941	921
HA|PP755589.1|A/cattle/Texas/24-008749-003/2024(H5N1)	942	917
HA|PP755589.1|A/cattle/Texas/24-008749-003/2024(H5N1)	943	944
HA|PP755589.1|A/cattle/Texas/24-008749-003/2024(H5N1)	944	922
HA|PP755589.1|A/cattle/Texas/24-008749-003/2024(H5N1)	945	919
HA|PP755589.1|A/cattle/Texas/24-008749-003/2024(H5N1)	946	922
HA|PP755589.1|A/cattle/Texas/24-008749-003/2024(H5N1)	947	916
HA|PP755589.1|A/cattle/Texas/24-008749-003/2024(H5N1)	948	916
HA|PP755589.1|A/cattle/Texas/24-008749-003/2024(H5N1)	949	915
HA|PP755589.1|A/cattle/Texas/24-008749-003/2024(H5N1)	950	835
HA|PP755589.1|A/cattle/Texas/24-008749-003/2024(H5N1)	951	831
HA|PP755589.1|A/cattle/Texas/24-008749-003/2024(H5N1)	952	797
HA|PP755589.1|A/cattle/Texas/24-008749-003/2024(H5N1)	953	812
HA|PP755589.1|A/cattle/Texas/24-008749-003/2024(H5N1)	954	812
HA|PP755589.1|A/cattle/Texas/24-008749-003/2024(H5N1)	955	824
HA|PP755589.1|A/cattle/Texas/24-008749-003/2024(H5N1)	956	827
HA|PP755589.1|A/cattle/Texas/24-008749-003/2024(H5N1)	957	838
HA|PP755589.1|A/cattle/Texas/24-008749-003/2024(H5N1)	958	843
HA|PP755589.1|A/cattle/Texas/24-008749-003/2024(H5N1)	959	845
HA|PP755589.1|A/cattle/Texas/24-008749-003/2024(H5N1)	960	858
HA|PP755589.1|A/cattle/Texas/24-008749-003/2024(H5N1)	961	865
HA|PP755589.1|A/cattle/Texas/24-008749-003/2024(H5N1)	962	848
HA|PP755589.1|A/cattle/Texas/24-008749-003/2024(H5N1)	963	843
HA|PP755589.1|A/cattle/Texas/24-008749-003/2024(H5N1)	964	843
HA|PP755589.1|A/cattle/Texas/24-008749-003/2024(H5N1)	965	846
HA|PP755589.1|A/cattle/Texas/24-008749-003/2024(H5N1)	966	847
HA|PP755589.1|A/cattle/Texas/24-008749-003/2024(H5N1)	967	851
HA|PP755589.1|A/cattle/Texas/24-008749-003/2024(H5N1)	968	868
HA|PP755589.1|A/cattle/Texas/24-008749-003/2024(H5N1)	969	872
HA|PP755589.1|A/cattle/Texas/24-008749-003/2024(H5N1)	970	872
HA|PP755589.1|A/cattle/Texas/24-008749-003/2024(H5N1)	971	871
HA|PP755589.1|A/cattle/Texas/24-008749-003/2024(H5N1)	972	870
HA|PP755589.1|A/cattle/Texas/24-008749-003/2024(H5N1)	973	884
HA|PP755589.1|A/cattle/Texas/24-008749-003/2024(H5N1)	974	883
HA|PP755589.1|A/cattle/Texas/24-008749-003/2024(H5N1)	975	883
HA|PP755589.1|A/cattle/Texas/24-008749-003/2024(H5N1)	976	884
HA|PP755589.1|A/cattle/Texas/24-008749-003/2024(H5N1)	977	896
HA|PP755589.1|A/cattle/Texas/24-008749-003/2024(H5N1)	978	901
HA|PP755589.1|A/cattle/Texas/24-008749-003/2024(H5N1)	979	926
HA|PP755589.1|A/cattle/Texas/24-008749-003/2024(H5N1)	980	942
HA|PP755589.1|A/cattle/Texas/24-008749-003/2024(H5N1)	981	942
HA|PP755589.1|A/cattle/Texas/24-008749-003/2024(H5N1)	982	938
HA|PP755589.1|A/cattle/Texas/24-008749-003/2024(H5N1)	983	942
HA|PP755589.1|A/cattle/Texas/24-008749-003/2024(H5N1)	984	949
HA|PP755589.1|A/cattle/Texas/24-008749-003/2024(H5N1)	985	956
HA|PP755589.1|A/cattle/Texas/24-008749-003/2024(H5N1)	986	957
HA|PP755589.1|A/cattle/Texas/24-008749-003/2024(H5N1)	987	957
HA|PP755589.1|A/cattle/Texas/24-008749-003/2024(H5N1)	988	957
HA|PP755589.1|A/cattle/Texas/24-008749-003/2024(H5N1)	989	972
HA|PP755589.1|A/cattle/Texas/24-008749-003/2024(H5N1)	990	973
HA|PP755589.1|A/cattle/Texas/24-008749-003/2024(H5N1)	991	979
HA|PP755589.1|A/cattle/Texas/24-008749-003/2024(H5N1)	992	980
HA|PP755589.1|A/cattle/Texas/24-008749-003/2024(H5N1)	993	975
HA|PP755589.1|A/cattle/Texas/24-008749-003/2024(H5N1)	994	978
HA|PP755589.1|A/cattle/Texas/24-008749-003/2024(H5N1)	995	978
HA|PP755589.1|A/cattle/Texas/24-008749-003/2024(H5N1)	996	989
HA|PP755589.1|A/cattle/Texas/24-008749-003/2024(H5N1)	997	989
HA|PP755589.1|A/cattle/Texas/24-008749-003/2024(H5N1)	998	984
HA|PP755589.1|A/cattle/Texas/24-008749-003/2024(H5N1)	999	995
HA|PP755589.1|A/cattle/Texas/24-008749-003/2024(H5N1)	1000	995
HA|PP755589.1|A/cattle/Texas/24-008749-003/2024(H5N1)	1001	1006
HA|PP755589.1|A/cattle/Texas/24-008749-003/2024(H5N1)	1002	1010
HA|PP755589.1|A/cattle/Texas/24-008749-003/2024(H5N1)	1003	1006
HA|PP755589.1|A/cattle/Texas/24-008749-003/2024(H5N1)	1004	1003
HA|PP755589.1|A/cattle/Texas/24-008749-003/2024(H5N1)	1005	994
HA|PP755589.1|A/cattle/Texas/24-008749-003/2024(H5N1)	1006	983
HA|PP755589.1|A/cattle/Texas/24-008749-003/2024(H5N1)	1007	934
HA|PP755589.1|A/cattle/Texas/24-008749-003/2024(H5N1)	1008	911
HA|PP755589.1|A/cattle/Texas/24-008749-003/2024(H5N1)	1009	912
HA|PP755589.1|A/cattle/Texas/24-008749-003/2024(H5N1)	1010	910
HA|PP755589.1|A/cattle/Texas/24-008749-003/2024(H5N1)	1011	908
HA|PP755589.1|A/cattle/Texas/24-008749-003/2024(H5N1)	1012	904
HA|PP755589.1|A/cattle/Texas/24-008749-003/2024(H5N1)	1013	904
HA|PP755589.1|A/cattle/Texas/24-008749-003/2024(H5N1)	1014	906
HA|PP755589.1|A/cattle/Texas/24-008749-003/2024(H5N1)	1015	910
HA|PP755589.1|A/cattle/Texas/24-008749-003/2024(H5N1)	1016	912
HA|PP755589.1|A/cattle/Texas/24-008749-003/2024(H5N1)	1017	913
HA|PP755589.1|A/cattle/Texas/24-008749-003/2024(H5N1)	1018	879
HA|PP755589.1|A/cattle/Texas/24-008749-003/2024(H5N1)	1019	876
HA|PP755589.1|A/cattle/Texas/24-008749-003/2024(H5N1)	1020	874
HA|PP755589.1|A/cattle/Texas/24-008749-003/2024(H5N1)	1021	873
HA|PP755589.1|A/cattle/Texas/24-008749-003/2024(H5N1)	1022	877
HA|PP755589.1|A/cattle/Texas/24-008749-003/2024(H5N1)	1023	891
HA|PP755589.1|A/cattle/Texas/24-008749-003/2024(H5N1)	1024	882
HA|PP755589.1|A/cattle/Texas/24-008749-003/2024(H5N1)	1025	883
HA|PP755589.1|A/cattle/Texas/24-008749-003/2024(H5N1)	1026	890
HA|PP755589.1|A/cattle/Texas/24-008749-003/2024(H5N1)	1027	891
HA|PP755589.1|A/cattle/Texas/24-008749-003/2024(H5N1)	1028	895
HA|PP755589.1|A/cattle/Texas/24-008749-003/2024(H5N1)	1029	917
HA|PP755589.1|A/cattle/Texas/24-008749-003/2024(H5N1)	1030	917
HA|PP755589.1|A/cattle/Texas/24-008749-003/2024(H5N1)	1031	913
HA|PP755589.1|A/cattle/Texas/24-008749-003/2024(H5N1)	1032	915
HA|PP755589.1|A/cattle/Texas/24-008749-003/2024(H5N1)	1033	912
HA|PP755589.1|A/cattle/Texas/24-008749-003/2024(H5N1)	1034	911
HA|PP755589.1|A/cattle/Texas/24-008749-003/2024(H5N1)	1035	905
HA|PP755589.1|A/cattle/Texas/24-008749-003/2024(H5N1)	1036	909
HA|PP755589.1|A/cattle/Texas/24-008749-003/2024(H5N1)	1037	907
HA|PP755589.1|A/cattle/Texas/24-008749-003/2024(H5N1)	1038	890
HA|PP755589.1|A/cattle/Texas/24-008749-003/2024(H5N1)	1039	895
HA|PP755589.1|A/cattle/Texas/24-008749-003/2024(H5N1)	1040	897
HA|PP755589.1|A/cattle/Texas/24-008749-003/2024(H5N1)	1041	920
HA|PP755589.1|A/cattle/Texas/24-008749-003/2024(H5N1)	1042	920
HA|PP755589.1|A/cattle/Texas/24-008749-003/2024(H5N1)	1043	921
HA|PP755589.1|A/cattle/Texas/24-008749-003/2024(H5N1)	1044	921
HA|PP755589.1|A/cattle/Texas/24-008749-003/2024(H5N1)	1045	915
HA|PP755589.1|A/cattle/Texas/24-008749-003/2024(H5N1)	1046	916
HA|PP755589.1|A/cattle/Texas/24-008749-003/2024(H5N1)	1047	936
HA|PP755589.1|A/cattle/Texas/24-008749-003/2024(H5N1)	1048	939
HA|PP755589.1|A/cattle/Texas/24-008749-003/2024(H5N1)	1049	935
HA|PP755589.1|A/cattle/Texas/24-008749-003/2024(H5N1)	1050	917
HA|PP755589.1|A/cattle/Texas/24-008749-003/2024(H5N1)	1051	948
HA|PP755589.1|A/cattle/Texas/24-008749-003/2024(H5N1)	1052	950
HA|PP755589.1|A/cattle/Texas/24-008749-003/2024(H5N1)	1053	970
HA|PP755589.1|A/cattle/Texas/24-008749-003/2024(H5N1)	1054	970
HA|PP755589.1|A/cattle/Texas/24-008749-003/2024(H5N1)	1055	965
HA|PP755589.1|A/cattle/Texas/24-008749-003/2024(H5N1)	1056	959
HA|PP755589.1|A/cattle/Texas/24-008749-003/2024(H5N1)	1057	1006
HA|PP755589.1|A/cattle/Texas/24-008749-003/2024(H5N1)	1058	1037
HA|PP755589.1|A/cattle/Texas/24-008749-003/2024(H5N1)	1059	1066
HA|PP755589.1|A/cattle/Texas/24-008749-003/2024(H5N1)	1060	1062
HA|PP755589.1|A/cattle/Texas/24-008749-003/2024(H5N1)	1061	1065
HA|PP755589.1|A/cattle/Texas/24-008749-003/2024(H5N1)	1062	1066
HA|PP755589.1|A/cattle/Texas/24-008749-003/2024(H5N1)	1063	1068
HA|PP755589.1|A/cattle/Texas/24-008749-003/2024(H5N1)	1064	1060
HA|PP755589.1|A/cattle/Texas/24-008749-003/2024(H5N1)	1065	1060
HA|PP755589.1|A/cattle/Texas/24-008749-003/2024(H5N1)	1066	1064
HA|PP755589.1|A/cattle/Texas/24-008749-003/2024(H5N1)	1067	1033
HA|PP755589.1|A/cattle/Texas/24-008749-003/2024(H5N1)	1068	1007
HA|PP755589.1|A/cattle/Texas/24-008749-003/2024(H5N1)	1069	1008
HA|PP755589.1|A/cattle/Texas/24-008749-003/2024(H5N1)	1070	1013
HA|PP755589.1|A/cattle/Texas/24-008749-003/2024(H5N1)	1071	1010
HA|PP755589.1|A/cattle/Texas/24-008749-003/2024(H5N1)	1072	1007
HA|PP755589.1|A/cattle/Texas/24-008749-003/2024(H5N1)	1073	1008
HA|PP755589.1|A/cattle/Texas/24-008749-003/2024(H5N1)	1074	1011
HA|PP755589.1|A/cattle/Texas/24-008749-003/2024(H5N1)	1075	1012
HA|PP755589.1|A/cattle/Texas/24-008749-003/2024(H5N1)	1076	1014
HA|PP755589.1|A/cattle/Texas/24-008749-003/2024(H5N1)	1077	955
HA|PP755589.1|A/cattle/Texas/24-008749-003/2024(H5N1)	1078	949
HA|PP755589.1|A/cattle/Texas/24-008749-003/2024(H5N1)	1079	947
HA|PP755589.1|A/cattle/Texas/24-008749-003/2024(H5N1)	1080	954
HA|PP755589.1|A/cattle/Texas/24-008749-003/2024(H5N1)	1081	970
HA|PP755589.1|A/cattle/Texas/24-008749-003/2024(H5N1)	1082	981
HA|PP755589.1|A/cattle/Texas/24-008749-003/2024(H5N1)	1083	981
HA|PP755589.1|A/cattle/Texas/24-008749-003/2024(H5N1)	1084	969
HA|PP755589.1|A/cattle/Texas/24-008749-003/2024(H5N1)	1085	963
HA|PP755589.1|A/cattle/Texas/24-008749-003/2024(H5N1)	1086	986
HA|PP755589.1|A/cattle/Texas/24-008749-003/2024(H5N1)	1087	1000
HA|PP755589.1|A/cattle/Texas/24-008749-003/2024(H5N1)	1088	1000
HA|PP755589.1|A/cattle/Texas/24-008749-003/2024(H5N1)	1089	1001
HA|PP755589.1|A/cattle/Texas/24-008749-003/2024(H5N1)	1090	1000
HA|PP755589.1|A/cattle/Texas/24-008749-003/2024(H5N1)	1091	1029
HA|PP755589.1|A/cattle/Texas/24-008749-003/2024(H5N1)	1092	974
HA|PP755589.1|A/cattle/Texas/24-008749-003/2024(H5N1)	1093	982
HA|PP755589.1|A/cattle/Texas/24-008749-003/2024(H5N1)	1094	957
HA|PP755589.1|A/cattle/Texas/24-008749-003/2024(H5N1)	1095	946
HA|PP755589.1|A/cattle/Texas/24-008749-003/2024(H5N1)	1096	942
HA|PP755589.1|A/cattle/Texas/24-008749-003/2024(H5N1)	1097	968
HA|PP755589.1|A/cattle/Texas/24-008749-003/2024(H5N1)	1098	989
HA|PP755589.1|A/cattle/Texas/24-008749-003/2024(H5N1)	1099	1003
HA|PP755589.1|A/cattle/Texas/24-008749-003/2024(H5N1)	1100	1006
HA|PP755589.1|A/cattle/Texas/24-008749-003/2024(H5N1)	1101	1007
HA|PP755589.1|A/cattle/Texas/24-008749-003/2024(H5N1)	1102	1036
HA|PP755589.1|A/cattle/Texas/24-008749-003/2024(H5N1)	1103	1048
HA|PP755589.1|A/cattle/Texas/24-008749-003/2024(H5N1)	1104	1037
HA|PP755589.1|A/cattle/Texas/24-008749-003/2024(H5N1)	1105	1035
HA|PP755589.1|A/cattle/Texas/24-008749-003/2024(H5N1)	1106	1026
HA|PP755589.1|A/cattle/Texas/24-008749-003/2024(H5N1)	1107	1034
HA|PP755589.1|A/cattle/Texas/24-008749-003/2024(H5N1)	1108	1058
HA|PP755589.1|A/cattle/Texas/24-008749-003/2024(H5N1)	1109	1054
HA|PP755589.1|A/cattle/Texas/24-008749-003/2024(H5N1)	1110	1085
HA|PP755589.1|A/cattle/Texas/24-008749-003/2024(H5N1)	1111	1070
HA|PP755589.1|A/cattle/Texas/24-008749-003/2024(H5N1)	1112	1063
HA|PP755589.1|A/cattle/Texas/24-008749-003/2024(H5N1)	1113	1067
HA|PP755589.1|A/cattle/Texas/24-008749-003/2024(H5N1)	1114	1066
HA|PP755589.1|A/cattle/Texas/24-008749-003/2024(H5N1)	1115	1088
HA|PP755589.1|A/cattle/Texas/24-008749-003/2024(H5N1)	1116	1089
HA|PP755589.1|A/cattle/Texas/24-008749-003/2024(H5N1)	1117	1090
HA|PP755589.1|A/cattle/Texas/24-008749-003/2024(H5N1)	1118	1089
HA|PP755589.1|A/cattle/Texas/24-008749-003/2024(H5N1)	1119	1071
HA|PP755589.1|A/cattle/Texas/24-008749-003/2024(H5N1)	1120	1158
HA|PP755589.1|A/cattle/Texas/24-008749-003/2024(H5N1)	1121	1383
HA|PP755589.1|A/cattle/Texas/24-008749-003/2024(H5N1)	1122	1428
HA|PP755589.1|A/cattle/Texas/24-008749-003/2024(H5N1)	1123	1430
HA|PP755589.1|A/cattle/Texas/24-008749-003/2024(H5N1)	1124	1408
HA|PP755589.1|A/cattle/Texas/24-008749-003/2024(H5N1)	1125	1456
HA|PP755589.1|A/cattle/Texas/24-008749-003/2024(H5N1)	1126	1469
HA|PP755589.1|A/cattle/Texas/24-008749-003/2024(H5N1)	1127	1514
HA|PP755589.1|A/cattle/Texas/24-008749-003/2024(H5N1)	1128	1528
HA|PP755589.1|A/cattle/Texas/24-008749-003/2024(H5N1)	1129	1494
HA|PP755589.1|A/cattle/Texas/24-008749-003/2024(H5N1)	1130	1526
HA|PP755589.1|A/cattle/Texas/24-008749-003/2024(H5N1)	1131	1530
HA|PP755589.1|A/cattle/Texas/24-008749-003/2024(H5N1)	1132	1557
HA|PP755589.1|A/cattle/Texas/24-008749-003/2024(H5N1)	1133	1562
HA|PP755589.1|A/cattle/Texas/24-008749-003/2024(H5N1)	1134	1576
HA|PP755589.1|A/cattle/Texas/24-008749-003/2024(H5N1)	1135	1566
HA|PP755589.1|A/cattle/Texas/24-008749-003/2024(H5N1)	1136	1562
HA|PP755589.1|A/cattle/Texas/24-008749-003/2024(H5N1)	1137	1554
HA|PP755589.1|A/cattle/Texas/24-008749-003/2024(H5N1)	1138	1566
HA|PP755589.1|A/cattle/Texas/24-008749-003/2024(H5N1)	1139	1567
HA|PP755589.1|A/cattle/Texas/24-008749-003/2024(H5N1)	1140	1555
HA|PP755589.1|A/cattle/Texas/24-008749-003/2024(H5N1)	1141	1558
HA|PP755589.1|A/cattle/Texas/24-008749-003/2024(H5N1)	1142	1554
HA|PP755589.1|A/cattle/Texas/24-008749-003/2024(H5N1)	1143	1551
HA|PP755589.1|A/cattle/Texas/24-008749-003/2024(H5N1)	1144	1564
HA|PP755589.1|A/cattle/Texas/24-008749-003/2024(H5N1)	1145	1566
HA|PP755589.1|A/cattle/Texas/24-008749-003/2024(H5N1)	1146	1581
HA|PP755589.1|A/cattle/Texas/24-008749-003/2024(H5N1)	1147	1577
HA|PP755589.1|A/cattle/Texas/24-008749-003/2024(H5N1)	1148	1576
HA|PP755589.1|A/cattle/Texas/24-008749-003/2024(H5N1)	1149	1578
HA|PP755589.1|A/cattle/Texas/24-008749-003/2024(H5N1)	1150	1576
HA|PP755589.1|A/cattle/Texas/24-008749-003/2024(H5N1)	1151	1579
HA|PP755589.1|A/cattle/Texas/24-008749-003/2024(H5N1)	1152	1568
HA|PP755589.1|A/cattle/Texas/24-008749-003/2024(H5N1)	1153	1574
HA|PP755589.1|A/cattle/Texas/24-008749-003/2024(H5N1)	1154	1592
HA|PP755589.1|A/cattle/Texas/24-008749-003/2024(H5N1)	1155	1588
HA|PP755589.1|A/cattle/Texas/24-008749-003/2024(H5N1)	1156	1626
HA|PP755589.1|A/cattle/Texas/24-008749-003/2024(H5N1)	1157	1662
HA|PP755589.1|A/cattle/Texas/24-008749-003/2024(H5N1)	1158	1669
HA|PP755589.1|A/cattle/Texas/24-008749-003/2024(H5N1)	1159	1665
HA|PP755589.1|A/cattle/Texas/24-008749-003/2024(H5N1)	1160	1665
HA|PP755589.1|A/cattle/Texas/24-008749-003/2024(H5N1)	1161	1664
HA|PP755589.1|A/cattle/Texas/24-008749-003/2024(H5N1)	1162	1666
HA|PP755589.1|A/cattle/Texas/24-008749-003/2024(H5N1)	1163	1690
HA|PP755589.1|A/cattle/Texas/24-008749-003/2024(H5N1)	1164	1714
HA|PP755589.1|A/cattle/Texas/24-008749-003/2024(H5N1)	1165	1781
HA|PP755589.1|A/cattle/Texas/24-008749-003/2024(H5N1)	1166	1772
HA|PP755589.1|A/cattle/Texas/24-008749-003/2024(H5N1)	1167	1770
HA|PP755589.1|A/cattle/Texas/24-008749-003/2024(H5N1)	1168	1785
HA|PP755589.1|A/cattle/Texas/24-008749-003/2024(H5N1)	1169	1855
HA|PP755589.1|A/cattle/Texas/24-008749-003/2024(H5N1)	1170	1866
HA|PP755589.1|A/cattle/Texas/24-008749-003/2024(H5N1)	1171	1866
HA|PP755589.1|A/cattle/Texas/24-008749-003/2024(H5N1)	1172	1910
HA|PP755589.1|A/cattle/Texas/24-008749-003/2024(H5N1)	1173	1899
HA|PP755589.1|A/cattle/Texas/24-008749-003/2024(H5N1)	1174	1902
HA|PP755589.1|A/cattle/Texas/24-008749-003/2024(H5N1)	1175	1931
HA|PP755589.1|A/cattle/Texas/24-008749-003/2024(H5N1)	1176	1916
HA|PP755589.1|A/cattle/Texas/24-008749-003/2024(H5N1)	1177	1938
HA|PP755589.1|A/cattle/Texas/24-008749-003/2024(H5N1)	1178	1936
HA|PP755589.1|A/cattle/Texas/24-008749-003/2024(H5N1)	1179	1932
HA|PP755589.1|A/cattle/Texas/24-008749-003/2024(H5N1)	1180	1940
HA|PP755589.1|A/cattle/Texas/24-008749-003/2024(H5N1)	1181	1992
HA|PP755589.1|A/cattle/Texas/24-008749-003/2024(H5N1)	1182	1998
HA|PP755589.1|A/cattle/Texas/24-008749-003/2024(H5N1)	1183	1996
HA|PP755589.1|A/cattle/Texas/24-008749-003/2024(H5N1)	1184	1993
HA|PP755589.1|A/cattle/Texas/24-008749-003/2024(H5N1)	1185	2014
HA|PP755589.1|A/cattle/Texas/24-008749-003/2024(H5N1)	1186	2019
HA|PP755589.1|A/cattle/Texas/24-008749-003/2024(H5N1)	1187	2014
HA|PP755589.1|A/cattle/Texas/24-008749-003/2024(H5N1)	1188	2076
HA|PP755589.1|A/cattle/Texas/24-008749-003/2024(H5N1)	1189	2075
HA|PP755589.1|A/cattle/Texas/24-008749-003/2024(H5N1)	1190	2061
HA|PP755589.1|A/cattle/Texas/24-008749-003/2024(H5N1)	1191	2041
HA|PP755589.1|A/cattle/Texas/24-008749-003/2024(H5N1)	1192	2041
HA|PP755589.1|A/cattle/Texas/24-008749-003/2024(H5N1)	1193	2077
HA|PP755589.1|A/cattle/Texas/24-008749-003/2024(H5N1)	1194	2086
HA|PP755589.1|A/cattle/Texas/24-008749-003/2024(H5N1)	1195	2086
HA|PP755589.1|A/cattle/Texas/24-008749-003/2024(H5N1)	1196	2085
HA|PP755589.1|A/cattle/Texas/24-008749-003/2024(H5N1)	1197	2068
HA|PP755589.1|A/cattle/Texas/24-008749-003/2024(H5N1)	1198	2093
HA|PP755589.1|A/cattle/Texas/24-008749-003/2024(H5N1)	1199	2084
HA|PP755589.1|A/cattle/Texas/24-008749-003/2024(H5N1)	1200	2080
HA|PP755589.1|A/cattle/Texas/24-008749-003/2024(H5N1)	1201	2080
HA|PP755589.1|A/cattle/Texas/24-008749-003/2024(H5N1)	1202	2048
HA|PP755589.1|A/cattle/Texas/24-008749-003/2024(H5N1)	1203	2045
HA|PP755589.1|A/cattle/Texas/24-008749-003/2024(H5N1)	1204	2046
HA|PP755589.1|A/cattle/Texas/24-008749-003/2024(H5N1)	1205	2055
HA|PP755589.1|A/cattle/Texas/24-008749-003/2024(H5N1)	1206	2058
HA|PP755589.1|A/cattle/Texas/24-008749-003/2024(H5N1)	1207	2047
HA|PP755589.1|A/cattle/Texas/24-008749-003/2024(H5N1)	1208	2008
HA|PP755589.1|A/cattle/Texas/24-008749-003/2024(H5N1)	1209	2010
HA|PP755589.1|A/cattle/Texas/24-008749-003/2024(H5N1)	1210	1991
HA|PP755589.1|A/cattle/Texas/24-008749-003/2024(H5N1)	1211	1998
HA|PP755589.1|A/cattle/Texas/24-008749-003/2024(H5N1)	1212	2000
HA|PP755589.1|A/cattle/Texas/24-008749-003/2024(H5N1)	1213	2054
HA|PP755589.1|A/cattle/Texas/24-008749-003/2024(H5N1)	1214	2050
HA|PP755589.1|A/cattle/Texas/24-008749-003/2024(H5N1)	1215	2068
HA|PP755589.1|A/cattle/Texas/24-008749-003/2024(H5N1)	1216	2067
HA|PP755589.1|A/cattle/Texas/24-008749-003/2024(H5N1)	1217	2092
HA|PP755589.1|A/cattle/Texas/24-008749-003/2024(H5N1)	1218	2093
HA|PP755589.1|A/cattle/Texas/24-008749-003/2024(H5N1)	1219	2109
HA|PP755589.1|A/cattle/Texas/24-008749-003/2024(H5N1)	1220	2111
HA|PP755589.1|A/cattle/Texas/24-008749-003/2024(H5N1)	1221	2145
HA|PP755589.1|A/cattle/Texas/24-008749-003/2024(H5N1)	1222	2143
HA|PP755589.1|A/cattle/Texas/24-008749-003/2024(H5N1)	1223	2141
HA|PP755589.1|A/cattle/Texas/24-008749-003/2024(H5N1)	1224	2134
HA|PP755589.1|A/cattle/Texas/24-008749-003/2024(H5N1)	1225	2134
HA|PP755589.1|A/cattle/Texas/24-008749-003/2024(H5N1)	1226	2126
HA|PP755589.1|A/cattle/Texas/24-008749-003/2024(H5N1)	1227	2124
HA|PP755589.1|A/cattle/Texas/24-008749-003/2024(H5N1)	1228	2111
HA|PP755589.1|A/cattle/Texas/24-008749-003/2024(H5N1)	1229	2136
HA|PP755589.1|A/cattle/Texas/24-008749-003/2024(H5N1)	1230	2123
HA|PP755589.1|A/cattle/Texas/24-008749-003/2024(H5N1)	1231	2198
HA|PP755589.1|A/cattle/Texas/24-008749-003/2024(H5N1)	1232	2207
HA|PP755589.1|A/cattle/Texas/24-008749-003/2024(H5N1)	1233	2202
HA|PP755589.1|A/cattle/Texas/24-008749-003/2024(H5N1)	1234	2210
HA|PP755589.1|A/cattle/Texas/24-008749-003/2024(H5N1)	1235	2219
HA|PP755589.1|A/cattle/Texas/24-008749-003/2024(H5N1)	1236	2231
HA|PP755589.1|A/cattle/Texas/24-008749-003/2024(H5N1)	1237	2202
HA|PP755589.1|A/cattle/Texas/24-008749-003/2024(H5N1)	1238	2185
HA|PP755589.1|A/cattle/Texas/24-008749-003/2024(H5N1)	1239	2207
HA|PP755589.1|A/cattle/Texas/24-008749-003/2024(H5N1)	1240	2258
HA|PP755589.1|A/cattle/Texas/24-008749-003/2024(H5N1)	1241	2211
HA|PP755589.1|A/cattle/Texas/24-008749-003/2024(H5N1)	1242	2238
HA|PP755589.1|A/cattle/Texas/24-008749-003/2024(H5N1)	1243	2252
HA|PP755589.1|A/cattle/Texas/24-008749-003/2024(H5N1)	1244	2245
HA|PP755589.1|A/cattle/Texas/24-008749-003/2024(H5N1)	1245	2264
HA|PP755589.1|A/cattle/Texas/24-008749-003/2024(H5N1)	1246	2259
HA|PP755589.1|A/cattle/Texas/24-008749-003/2024(H5N1)	1247	2253
HA|PP755589.1|A/cattle/Texas/24-008749-003/2024(H5N1)	1248	2230
HA|PP755589.1|A/cattle/Texas/24-008749-003/2024(H5N1)	1249	2190
HA|PP755589.1|A/cattle/Texas/24-008749-003/2024(H5N1)	1250	2206
HA|PP755589.1|A/cattle/Texas/24-008749-003/2024(H5N1)	1251	2186
HA|PP755589.1|A/cattle/Texas/24-008749-003/2024(H5N1)	1252	2180
HA|PP755589.1|A/cattle/Texas/24-008749-003/2024(H5N1)	1253	2180
HA|PP755589.1|A/cattle/Texas/24-008749-003/2024(H5N1)	1254	2167
HA|PP755589.1|A/cattle/Texas/24-008749-003/2024(H5N1)	1255	2173
HA|PP755589.1|A/cattle/Texas/24-008749-003/2024(H5N1)	1256	2206
HA|PP755589.1|A/cattle/Texas/24-008749-003/2024(H5N1)	1257	2213
HA|PP755589.1|A/cattle/Texas/24-008749-003/2024(H5N1)	1258	2203
HA|PP755589.1|A/cattle/Texas/24-008749-003/2024(H5N1)	1259	2185
HA|PP755589.1|A/cattle/Texas/24-008749-003/2024(H5N1)	1260	2202
HA|PP755589.1|A/cattle/Texas/24-008749-003/2024(H5N1)	1261	2175
HA|PP755589.1|A/cattle/Texas/24-008749-003/2024(H5N1)	1262	2201
HA|PP755589.1|A/cattle/Texas/24-008749-003/2024(H5N1)	1263	2282
HA|PP755589.1|A/cattle/Texas/24-008749-003/2024(H5N1)	1264	2293
HA|PP755589.1|A/cattle/Texas/24-008749-003/2024(H5N1)	1265	2211
HA|PP755589.1|A/cattle/Texas/24-008749-003/2024(H5N1)	1266	2159
HA|PP755589.1|A/cattle/Texas/24-008749-003/2024(H5N1)	1267	2105
HA|PP755589.1|A/cattle/Texas/24-008749-003/2024(H5N1)	1268	2095
HA|PP755589.1|A/cattle/Texas/24-008749-003/2024(H5N1)	1269	2099
HA|PP755589.1|A/cattle/Texas/24-008749-003/2024(H5N1)	1270	2197
HA|PP755589.1|A/cattle/Texas/24-008749-003/2024(H5N1)	1271	2103
HA|PP755589.1|A/cattle/Texas/24-008749-003/2024(H5N1)	1272	2099
HA|PP755589.1|A/cattle/Texas/24-008749-003/2024(H5N1)	1273	2063
HA|PP755589.1|A/cattle/Texas/24-008749-003/2024(H5N1)	1274	2109
HA|PP755589.1|A/cattle/Texas/24-008749-003/2024(H5N1)	1275	2113
HA|PP755589.1|A/cattle/Texas/24-008749-003/2024(H5N1)	1276	2069
HA|PP755589.1|A/cattle/Texas/24-008749-003/2024(H5N1)	1277	2063
HA|PP755589.1|A/cattle/Texas/24-008749-003/2024(H5N1)	1278	2000
HA|PP755589.1|A/cattle/Texas/24-008749-003/2024(H5N1)	1279	2090
HA|PP755589.1|A/cattle/Texas/24-008749-003/2024(H5N1)	1280	2098
HA|PP755589.1|A/cattle/Texas/24-008749-003/2024(H5N1)	1281	2081
HA|PP755589.1|A/cattle/Texas/24-008749-003/2024(H5N1)	1282	2068
HA|PP755589.1|A/cattle/Texas/24-008749-003/2024(H5N1)	1283	2045
HA|PP755589.1|A/cattle/Texas/24-008749-003/2024(H5N1)	1284	2034
HA|PP755589.1|A/cattle/Texas/24-008749-003/2024(H5N1)	1285	2026
HA|PP755589.1|A/cattle/Texas/24-008749-003/2024(H5N1)	1286	2034
HA|PP755589.1|A/cattle/Texas/24-008749-003/2024(H5N1)	1287	2030
HA|PP755589.1|A/cattle/Texas/24-008749-003/2024(H5N1)	1288	2072
HA|PP755589.1|A/cattle/Texas/24-008749-003/2024(H5N1)	1289	2071
HA|PP755589.1|A/cattle/Texas/24-008749-003/2024(H5N1)	1290	2065
HA|PP755589.1|A/cattle/Texas/24-008749-003/2024(H5N1)	1291	2069
HA|PP755589.1|A/cattle/Texas/24-008749-003/2024(H5N1)	1292	2114
HA|PP755589.1|A/cattle/Texas/24-008749-003/2024(H5N1)	1293	2175
HA|PP755589.1|A/cattle/Texas/24-008749-003/2024(H5N1)	1294	2172
HA|PP755589.1|A/cattle/Texas/24-008749-003/2024(H5N1)	1295	2196
HA|PP755589.1|A/cattle/Texas/24-008749-003/2024(H5N1)	1296	2226
HA|PP755589.1|A/cattle/Texas/24-008749-003/2024(H5N1)	1297	2201
HA|PP755589.1|A/cattle/Texas/24-008749-003/2024(H5N1)	1298	2261
HA|PP755589.1|A/cattle/Texas/24-008749-003/2024(H5N1)	1299	2272
HA|PP755589.1|A/cattle/Texas/24-008749-003/2024(H5N1)	1300	2269
HA|PP755589.1|A/cattle/Texas/24-008749-003/2024(H5N1)	1301	2269
HA|PP755589.1|A/cattle/Texas/24-008749-003/2024(H5N1)	1302	2265
HA|PP755589.1|A/cattle/Texas/24-008749-003/2024(H5N1)	1303	2267
HA|PP755589.1|A/cattle/Texas/24-008749-003/2024(H5N1)	1304	2272
HA|PP755589.1|A/cattle/Texas/24-008749-003/2024(H5N1)	1305	2318
HA|PP755589.1|A/cattle/Texas/24-008749-003/2024(H5N1)	1306	2366
HA|PP755589.1|A/cattle/Texas/24-008749-003/2024(H5N1)	1307	2323
HA|PP755589.1|A/cattle/Texas/24-008749-003/2024(H5N1)	1308	2287
HA|PP755589.1|A/cattle/Texas/24-008749-003/2024(H5N1)	1309	2281
HA|PP755589.1|A/cattle/Texas/24-008749-003/2024(H5N1)	1310	2284
HA|PP755589.1|A/cattle/Texas/24-008749-003/2024(H5N1)	1311	2330
HA|PP755589.1|A/cattle/Texas/24-008749-003/2024(H5N1)	1312	2335
HA|PP755589.1|A/cattle/Texas/24-008749-003/2024(H5N1)	1313	2332
HA|PP755589.1|A/cattle/Texas/24-008749-003/2024(H5N1)	1314	2351
HA|PP755589.1|A/cattle/Texas/24-008749-003/2024(H5N1)	1315	2314
HA|PP755589.1|A/cattle/Texas/24-008749-003/2024(H5N1)	1316	2332
HA|PP755589.1|A/cattle/Texas/24-008749-003/2024(H5N1)	1317	2333
HA|PP755589.1|A/cattle/Texas/24-008749-003/2024(H5N1)	1318	2332
HA|PP755589.1|A/cattle/Texas/24-008749-003/2024(H5N1)	1319	2363
HA|PP755589.1|A/cattle/Texas/24-008749-003/2024(H5N1)	1320	2293
HA|PP755589.1|A/cattle/Texas/24-008749-003/2024(H5N1)	1321	2280
HA|PP755589.1|A/cattle/Texas/24-008749-003/2024(H5N1)	1322	2276
HA|PP755589.1|A/cattle/Texas/24-008749-003/2024(H5N1)	1323	2227
HA|PP755589.1|A/cattle/Texas/24-008749-003/2024(H5N1)	1324	2230
HA|PP755589.1|A/cattle/Texas/24-008749-003/2024(H5N1)	1325	2227
HA|PP755589.1|A/cattle/Texas/24-008749-003/2024(H5N1)	1326	2210
HA|PP755589.1|A/cattle/Texas/24-008749-003/2024(H5N1)	1327	2226
HA|PP755589.1|A/cattle/Texas/24-008749-003/2024(H5N1)	1328	2209
HA|PP755589.1|A/cattle/Texas/24-008749-003/2024(H5N1)	1329	2234
HA|PP755589.1|A/cattle/Texas/24-008749-003/2024(H5N1)	1330	2179
HA|PP755589.1|A/cattle/Texas/24-008749-003/2024(H5N1)	1331	2180
HA|PP755589.1|A/cattle/Texas/24-008749-003/2024(H5N1)	1332	2180
HA|PP755589.1|A/cattle/Texas/24-008749-003/2024(H5N1)	1333	2183
HA|PP755589.1|A/cattle/Texas/24-008749-003/2024(H5N1)	1334	2202
HA|PP755589.1|A/cattle/Texas/24-008749-003/2024(H5N1)	1335	2260
HA|PP755589.1|A/cattle/Texas/24-008749-003/2024(H5N1)	1336	2237
HA|PP755589.1|A/cattle/Texas/24-008749-003/2024(H5N1)	1337	2259
HA|PP755589.1|A/cattle/Texas/24-008749-003/2024(H5N1)	1338	2208
HA|PP755589.1|A/cattle/Texas/24-008749-003/2024(H5N1)	1339	2209
HA|PP755589.1|A/cattle/Texas/24-008749-003/2024(H5N1)	1340	2214
HA|PP755589.1|A/cattle/Texas/24-008749-003/2024(H5N1)	1341	2212
HA|PP755589.1|A/cattle/Texas/24-008749-003/2024(H5N1)	1342	2216
HA|PP755589.1|A/cattle/Texas/24-008749-003/2024(H5N1)	1343	2216
HA|PP755589.1|A/cattle/Texas/24-008749-003/2024(H5N1)	1344	2197
HA|PP755589.1|A/cattle/Texas/24-008749-003/2024(H5N1)	1345	2234
HA|PP755589.1|A/cattle/Texas/24-008749-003/2024(H5N1)	1346	2240
HA|PP755589.1|A/cattle/Texas/24-008749-003/2024(H5N1)	1347	2256
HA|PP755589.1|A/cattle/Texas/24-008749-003/2024(H5N1)	1348	2255
HA|PP755589.1|A/cattle/Texas/24-008749-003/2024(H5N1)	1349	2225
HA|PP755589.1|A/cattle/Texas/24-008749-003/2024(H5N1)	1350	2226
HA|PP755589.1|A/cattle/Texas/24-008749-003/2024(H5N1)	1351	2223
HA|PP755589.1|A/cattle/Texas/24-008749-003/2024(H5N1)	1352	2240
HA|PP755589.1|A/cattle/Texas/24-008749-003/2024(H5N1)	1353	2277
HA|PP755589.1|A/cattle/Texas/24-008749-003/2024(H5N1)	1354	2292
HA|PP755589.1|A/cattle/Texas/24-008749-003/2024(H5N1)	1355	2354
HA|PP755589.1|A/cattle/Texas/24-008749-003/2024(H5N1)	1356	2345
HA|PP755589.1|A/cattle/Texas/24-008749-003/2024(H5N1)	1357	2363
HA|PP755589.1|A/cattle/Texas/24-008749-003/2024(H5N1)	1358	2363
HA|PP755589.1|A/cattle/Texas/24-008749-003/2024(H5N1)	1359	2370
HA|PP755589.1|A/cattle/Texas/24-008749-003/2024(H5N1)	1360	2352
HA|PP755589.1|A/cattle/Texas/24-008749-003/2024(H5N1)	1361	2388
HA|PP755589.1|A/cattle/Texas/24-008749-003/2024(H5N1)	1362	2398
HA|PP755589.1|A/cattle/Texas/24-008749-003/2024(H5N1)	1363	2384
HA|PP755589.1|A/cattle/Texas/24-008749-003/2024(H5N1)	1364	2432
HA|PP755589.1|A/cattle/Texas/24-008749-003/2024(H5N1)	1365	2423
HA|PP755589.1|A/cattle/Texas/24-008749-003/2024(H5N1)	1366	2419
HA|PP755589.1|A/cattle/Texas/24-008749-003/2024(H5N1)	1367	2414
HA|PP755589.1|A/cattle/Texas/24-008749-003/2024(H5N1)	1368	2387
HA|PP755589.1|A/cattle/Texas/24-008749-003/2024(H5N1)	1369	2384
HA|PP755589.1|A/cattle/Texas/24-008749-003/2024(H5N1)	1370	2424
HA|PP755589.1|A/cattle/Texas/24-008749-003/2024(H5N1)	1371	2456
HA|PP755589.1|A/cattle/Texas/24-008749-003/2024(H5N1)	1372	2418
HA|PP755589.1|A/cattle/Texas/24-008749-003/2024(H5N1)	1373	2428
HA|PP755589.1|A/cattle/Texas/24-008749-003/2024(H5N1)	1374	2426
HA|PP755589.1|A/cattle/Texas/24-008749-003/2024(H5N1)	1375	2433
HA|PP755589.1|A/cattle/Texas/24-008749-003/2024(H5N1)	1376	2504
HA|PP755589.1|A/cattle/Texas/24-008749-003/2024(H5N1)	1377	2503
HA|PP755589.1|A/cattle/Texas/24-008749-003/2024(H5N1)	1378	2523
HA|PP755589.1|A/cattle/Texas/24-008749-003/2024(H5N1)	1379	2527
HA|PP755589.1|A/cattle/Texas/24-008749-003/2024(H5N1)	1380	2525
HA|PP755589.1|A/cattle/Texas/24-008749-003/2024(H5N1)	1381	2513
HA|PP755589.1|A/cattle/Texas/24-008749-003/2024(H5N1)	1382	2432
HA|PP755589.1|A/cattle/Texas/24-008749-003/2024(H5N1)	1383	2432
HA|PP755589.1|A/cattle/Texas/24-008749-003/2024(H5N1)	1384	2431
HA|PP755589.1|A/cattle/Texas/24-008749-003/2024(H5N1)	1385	2423
HA|PP755589.1|A/cattle/Texas/24-008749-003/2024(H5N1)	1386	2441
HA|PP755589.1|A/cattle/Texas/24-008749-003/2024(H5N1)	1387	2434
HA|PP755589.1|A/cattle/Texas/24-008749-003/2024(H5N1)	1388	2414
HA|PP755589.1|A/cattle/Texas/24-008749-003/2024(H5N1)	1389	2414
HA|PP755589.1|A/cattle/Texas/24-008749-003/2024(H5N1)	1390	2411
HA|PP755589.1|A/cattle/Texas/24-008749-003/2024(H5N1)	1391	2359
HA|PP755589.1|A/cattle/Texas/24-008749-003/2024(H5N1)	1392	2341
HA|PP755589.1|A/cattle/Texas/24-008749-003/2024(H5N1)	1393	2333
HA|PP755589.1|A/cattle/Texas/24-008749-003/2024(H5N1)	1394	2334
HA|PP755589.1|A/cattle/Texas/24-008749-003/2024(H5N1)	1395	2323
HA|PP755589.1|A/cattle/Texas/24-008749-003/2024(H5N1)	1396	2297
HA|PP755589.1|A/cattle/Texas/24-008749-003/2024(H5N1)	1397	2299
HA|PP755589.1|A/cattle/Texas/24-008749-003/2024(H5N1)	1398	2331
HA|PP755589.1|A/cattle/Texas/24-008749-003/2024(H5N1)	1399	2338
HA|PP755589.1|A/cattle/Texas/24-008749-003/2024(H5N1)	1400	2335
HA|PP755589.1|A/cattle/Texas/24-008749-003/2024(H5N1)	1401	2302
HA|PP755589.1|A/cattle/Texas/24-008749-003/2024(H5N1)	1402	2294
HA|PP755589.1|A/cattle/Texas/24-008749-003/2024(H5N1)	1403	2386
HA|PP755589.1|A/cattle/Texas/24-008749-003/2024(H5N1)	1404	2412
HA|PP755589.1|A/cattle/Texas/24-008749-003/2024(H5N1)	1405	2427
HA|PP755589.1|A/cattle/Texas/24-008749-003/2024(H5N1)	1406	2418
HA|PP755589.1|A/cattle/Texas/24-008749-003/2024(H5N1)	1407	2394
HA|PP755589.1|A/cattle/Texas/24-008749-003/2024(H5N1)	1408	2388
HA|PP755589.1|A/cattle/Texas/24-008749-003/2024(H5N1)	1409	2378
HA|PP755589.1|A/cattle/Texas/24-008749-003/2024(H5N1)	1410	2484
HA|PP755589.1|A/cattle/Texas/24-008749-003/2024(H5N1)	1411	2503
HA|PP755589.1|A/cattle/Texas/24-008749-003/2024(H5N1)	1412	2413
HA|PP755589.1|A/cattle/Texas/24-008749-003/2024(H5N1)	1413	2414
HA|PP755589.1|A/cattle/Texas/24-008749-003/2024(H5N1)	1414	2394
HA|PP755589.1|A/cattle/Texas/24-008749-003/2024(H5N1)	1415	2400
HA|PP755589.1|A/cattle/Texas/24-008749-003/2024(H5N1)	1416	2448
HA|PP755589.1|A/cattle/Texas/24-008749-003/2024(H5N1)	1417	2448
HA|PP755589.1|A/cattle/Texas/24-008749-003/2024(H5N1)	1418	2449
HA|PP755589.1|A/cattle/Texas/24-008749-003/2024(H5N1)	1419	2360
HA|PP755589.1|A/cattle/Texas/24-008749-003/2024(H5N1)	1420	2342
HA|PP755589.1|A/cattle/Texas/24-008749-003/2024(H5N1)	1421	2452
HA|PP755589.1|A/cattle/Texas/24-008749-003/2024(H5N1)	1422	2460
HA|PP755589.1|A/cattle/Texas/24-008749-003/2024(H5N1)	1423	2467
HA|PP755589.1|A/cattle/Texas/24-008749-003/2024(H5N1)	1424	2478
HA|PP755589.1|A/cattle/Texas/24-008749-003/2024(H5N1)	1425	2424
HA|PP755589.1|A/cattle/Texas/24-008749-003/2024(H5N1)	1426	2424
HA|PP755589.1|A/cattle/Texas/24-008749-003/2024(H5N1)	1427	2424
HA|PP755589.1|A/cattle/Texas/24-008749-003/2024(H5N1)	1428	2434
HA|PP755589.1|A/cattle/Texas/24-008749-003/2024(H5N1)	1429	2481
HA|PP755589.1|A/cattle/Texas/24-008749-003/2024(H5N1)	1430	2374
HA|PP755589.1|A/cattle/Texas/24-008749-003/2024(H5N1)	1431	2373
HA|PP755589.1|A/cattle/Texas/24-008749-003/2024(H5N1)	1432	2368
HA|PP755589.1|A/cattle/Texas/24-008749-003/2024(H5N1)	1433	2427
HA|PP755589.1|A/cattle/Texas/24-008749-003/2024(H5N1)	1434	2518
HA|PP755589.1|A/cattle/Texas/24-008749-003/2024(H5N1)	1435	2545
HA|PP755589.1|A/cattle/Texas/24-008749-003/2024(H5N1)	1436	2539
HA|PP755589.1|A/cattle/Texas/24-008749-003/2024(H5N1)	1437	2531
HA|PP755589.1|A/cattle/Texas/24-008749-003/2024(H5N1)	1438	2564
HA|PP755589.1|A/cattle/Texas/24-008749-003/2024(H5N1)	1439	2550
HA|PP755589.1|A/cattle/Texas/24-008749-003/2024(H5N1)	1440	2539
HA|PP755589.1|A/cattle/Texas/24-008749-003/2024(H5N1)	1441	2546
HA|PP755589.1|A/cattle/Texas/24-008749-003/2024(H5N1)	1442	2545
HA|PP755589.1|A/cattle/Texas/24-008749-003/2024(H5N1)	1443	2451
HA|PP755589.1|A/cattle/Texas/24-008749-003/2024(H5N1)	1444	2437
HA|PP755589.1|A/cattle/Texas/24-008749-003/2024(H5N1)	1445	2453
HA|PP755589.1|A/cattle/Texas/24-008749-003/2024(H5N1)	1446	2456
HA|PP755589.1|A/cattle/Texas/24-008749-003/2024(H5N1)	1447	2461
HA|PP755589.1|A/cattle/Texas/24-008749-003/2024(H5N1)	1448	2468
HA|PP755589.1|A/cattle/Texas/24-008749-003/2024(H5N1)	1449	2405
HA|PP755589.1|A/cattle/Texas/24-008749-003/2024(H5N1)	1450	2404
HA|PP755589.1|A/cattle/Texas/24-008749-003/2024(H5N1)	1451	2395
HA|PP755589.1|A/cattle/Texas/24-008749-003/2024(H5N1)	1452	2413
HA|PP755589.1|A/cattle/Texas/24-008749-003/2024(H5N1)	1453	2422
HA|PP755589.1|A/cattle/Texas/24-008749-003/2024(H5N1)	1454	2400
HA|PP755589.1|A/cattle/Texas/24-008749-003/2024(H5N1)	1455	2301
HA|PP755589.1|A/cattle/Texas/24-008749-003/2024(H5N1)	1456	2297
HA|PP755589.1|A/cattle/Texas/24-008749-003/2024(H5N1)	1457	2303
HA|PP755589.1|A/cattle/Texas/24-008749-003/2024(H5N1)	1458	2305
HA|PP755589.1|A/cattle/Texas/24-008749-003/2024(H5N1)	1459	2306
HA|PP755589.1|A/cattle/Texas/24-008749-003/2024(H5N1)	1460	2324
HA|PP755589.1|A/cattle/Texas/24-008749-003/2024(H5N1)	1461	2298
HA|PP755589.1|A/cattle/Texas/24-008749-003/2024(H5N1)	1462	2284
HA|PP755589.1|A/cattle/Texas/24-008749-003/2024(H5N1)	1463	2284
HA|PP755589.1|A/cattle/Texas/24-008749-003/2024(H5N1)	1464	2262
HA|PP755589.1|A/cattle/Texas/24-008749-003/2024(H5N1)	1465	2190
HA|PP755589.1|A/cattle/Texas/24-008749-003/2024(H5N1)	1466	2194
HA|PP755589.1|A/cattle/Texas/24-008749-003/2024(H5N1)	1467	2178
HA|PP755589.1|A/cattle/Texas/24-008749-003/2024(H5N1)	1468	2178
HA|PP755589.1|A/cattle/Texas/24-008749-003/2024(H5N1)	1469	2187
HA|PP755589.1|A/cattle/Texas/24-008749-003/2024(H5N1)	1470	2146
HA|PP755589.1|A/cattle/Texas/24-008749-003/2024(H5N1)	1471	2178
HA|PP755589.1|A/cattle/Texas/24-008749-003/2024(H5N1)	1472	2192
HA|PP755589.1|A/cattle/Texas/24-008749-003/2024(H5N1)	1473	2190
HA|PP755589.1|A/cattle/Texas/24-008749-003/2024(H5N1)	1474	2192
HA|PP755589.1|A/cattle/Texas/24-008749-003/2024(H5N1)	1475	2199
HA|PP755589.1|A/cattle/Texas/24-008749-003/2024(H5N1)	1476	2216
HA|PP755589.1|A/cattle/Texas/24-008749-003/2024(H5N1)	1477	2249
HA|PP755589.1|A/cattle/Texas/24-008749-003/2024(H5N1)	1478	2217
HA|PP755589.1|A/cattle/Texas/24-008749-003/2024(H5N1)	1479	2234
HA|PP755589.1|A/cattle/Texas/24-008749-003/2024(H5N1)	1480	2386
HA|PP755589.1|A/cattle/Texas/24-008749-003/2024(H5N1)	1481	2387
HA|PP755589.1|A/cattle/Texas/24-008749-003/2024(H5N1)	1482	2387
HA|PP755589.1|A/cattle/Texas/24-008749-003/2024(H5N1)	1483	2389
HA|PP755589.1|A/cattle/Texas/24-008749-003/2024(H5N1)	1484	2379
HA|PP755589.1|A/cattle/Texas/24-008749-003/2024(H5N1)	1485	2371
HA|PP755589.1|A/cattle/Texas/24-008749-003/2024(H5N1)	1486	2312
HA|PP755589.1|A/cattle/Texas/24-008749-003/2024(H5N1)	1487	2335
HA|PP755589.1|A/cattle/Texas/24-008749-003/2024(H5N1)	1488	2308
HA|PP755589.1|A/cattle/Texas/24-008749-003/2024(H5N1)	1489	2302
HA|PP755589.1|A/cattle/Texas/24-008749-003/2024(H5N1)	1490	2308
HA|PP755589.1|A/cattle/Texas/24-008749-003/2024(H5N1)	1491	2310
HA|PP755589.1|A/cattle/Texas/24-008749-003/2024(H5N1)	1492	2314
HA|PP755589.1|A/cattle/Texas/24-008749-003/2024(H5N1)	1493	2321
HA|PP755589.1|A/cattle/Texas/24-008749-003/2024(H5N1)	1494	2330
HA|PP755589.1|A/cattle/Texas/24-008749-003/2024(H5N1)	1495	2324
HA|PP755589.1|A/cattle/Texas/24-008749-003/2024(H5N1)	1496	2316
HA|PP755589.1|A/cattle/Texas/24-008749-003/2024(H5N1)	1497	2311
HA|PP755589.1|A/cattle/Texas/24-008749-003/2024(H5N1)	1498	2290
HA|PP755589.1|A/cattle/Texas/24-008749-003/2024(H5N1)	1499	2291
HA|PP755589.1|A/cattle/Texas/24-008749-003/2024(H5N1)	1500	2292
HA|PP755589.1|A/cattle/Texas/24-008749-003/2024(H5N1)	1501	2325
HA|PP755589.1|A/cattle/Texas/24-008749-003/2024(H5N1)	1502	2296
HA|PP755589.1|A/cattle/Texas/24-008749-003/2024(H5N1)	1503	2297
HA|PP755589.1|A/cattle/Texas/24-008749-003/2024(H5N1)	1504	2295
HA|PP755589.1|A/cattle/Texas/24-008749-003/2024(H5N1)	1505	2289
HA|PP755589.1|A/cattle/Texas/24-008749-003/2024(H5N1)	1506	2366
HA|PP755589.1|A/cattle/Texas/24-008749-003/2024(H5N1)	1507	2361
HA|PP755589.1|A/cattle/Texas/24-008749-003/2024(H5N1)	1508	2359
HA|PP755589.1|A/cattle/Texas/24-008749-003/2024(H5N1)	1509	2355
HA|PP755589.1|A/cattle/Texas/24-008749-003/2024(H5N1)	1510	2320
HA|PP755589.1|A/cattle/Texas/24-008749-003/2024(H5N1)	1511	2382
HA|PP755589.1|A/cattle/Texas/24-008749-003/2024(H5N1)	1512	2398
HA|PP755589.1|A/cattle/Texas/24-008749-003/2024(H5N1)	1513	2438
HA|PP755589.1|A/cattle/Texas/24-008749-003/2024(H5N1)	1514	2439
HA|PP755589.1|A/cattle/Texas/24-008749-003/2024(H5N1)	1515	2403
HA|PP755589.1|A/cattle/Texas/24-008749-003/2024(H5N1)	1516	2404
HA|PP755589.1|A/cattle/Texas/24-008749-003/2024(H5N1)	1517	2399
HA|PP755589.1|A/cattle/Texas/24-008749-003/2024(H5N1)	1518	2441
HA|PP755589.1|A/cattle/Texas/24-008749-003/2024(H5N1)	1519	2440
HA|PP755589.1|A/cattle/Texas/24-008749-003/2024(H5N1)	1520	2475
HA|PP755589.1|A/cattle/Texas/24-008749-003/2024(H5N1)	1521	2445
HA|PP755589.1|A/cattle/Texas/24-008749-003/2024(H5N1)	1522	2401
HA|PP755589.1|A/cattle/Texas/24-008749-003/2024(H5N1)	1523	2402
HA|PP755589.1|A/cattle/Texas/24-008749-003/2024(H5N1)	1524	2390
HA|PP755589.1|A/cattle/Texas/24-008749-003/2024(H5N1)	1525	2394
HA|PP755589.1|A/cattle/Texas/24-008749-003/2024(H5N1)	1526	2466
HA|PP755589.1|A/cattle/Texas/24-008749-003/2024(H5N1)	1527	2387
HA|PP755589.1|A/cattle/Texas/24-008749-003/2024(H5N1)	1528	2386
HA|PP755589.1|A/cattle/Texas/24-008749-003/2024(H5N1)	1529	2372
HA|PP755589.1|A/cattle/Texas/24-008749-003/2024(H5N1)	1530	2371
HA|PP755589.1|A/cattle/Texas/24-008749-003/2024(H5N1)	1531	2370
HA|PP755589.1|A/cattle/Texas/24-008749-003/2024(H5N1)	1532	2370
HA|PP755589.1|A/cattle/Texas/24-008749-003/2024(H5N1)	1533	2369
HA|PP755589.1|A/cattle/Texas/24-008749-003/2024(H5N1)	1534	2723
HA|PP755589.1|A/cattle/Texas/24-008749-003/2024(H5N1)	1535	2723
HA|PP755589.1|A/cattle/Texas/24-008749-003/2024(H5N1)	1536	2744
HA|PP755589.1|A/cattle/Texas/24-008749-003/2024(H5N1)	1537	2721
HA|PP755589.1|A/cattle/Texas/24-008749-003/2024(H5N1)	1538	2714
HA|PP755589.1|A/cattle/Texas/24-008749-003/2024(H5N1)	1539	2734
HA|PP755589.1|A/cattle/Texas/24-008749-003/2024(H5N1)	1540	2736
HA|PP755589.1|A/cattle/Texas/24-008749-003/2024(H5N1)	1541	2736
HA|PP755589.1|A/cattle/Texas/24-008749-003/2024(H5N1)	1542	2733
HA|PP755589.1|A/cattle/Texas/24-008749-003/2024(H5N1)	1543	2727
HA|PP755589.1|A/cattle/Texas/24-008749-003/2024(H5N1)	1544	2730
HA|PP755589.1|A/cattle/Texas/24-008749-003/2024(H5N1)	1545	2731
HA|PP755589.1|A/cattle/Texas/24-008749-003/2024(H5N1)	1546	2739
HA|PP755589.1|A/cattle/Texas/24-008749-003/2024(H5N1)	1547	2740
HA|PP755589.1|A/cattle/Texas/24-008749-003/2024(H5N1)	1548	2739
HA|PP755589.1|A/cattle/Texas/24-008749-003/2024(H5N1)	1549	2730
HA|PP755589.1|A/cattle/Texas/24-008749-003/2024(H5N1)	1550	2725
HA|PP755589.1|A/cattle/Texas/24-008749-003/2024(H5N1)	1551	2725
HA|PP755589.1|A/cattle/Texas/24-008749-003/2024(H5N1)	1552	2725
HA|PP755589.1|A/cattle/Texas/24-008749-003/2024(H5N1)	1553	2698
HA|PP755589.1|A/cattle/Texas/24-008749-003/2024(H5N1)	1554	2606
HA|PP755589.1|A/cattle/Texas/24-008749-003/2024(H5N1)	1555	2601
HA|PP755589.1|A/cattle/Texas/24-008749-003/2024(H5N1)	1556	2577
HA|PP755589.1|A/cattle/Texas/24-008749-003/2024(H5N1)	1557	2582
HA|PP755589.1|A/cattle/Texas/24-008749-003/2024(H5N1)	1558	2524
HA|PP755589.1|A/cattle/Texas/24-008749-003/2024(H5N1)	1559	2525
HA|PP755589.1|A/cattle/Texas/24-008749-003/2024(H5N1)	1560	2522
HA|PP755589.1|A/cattle/Texas/24-008749-003/2024(H5N1)	1561	2413
HA|PP755589.1|A/cattle/Texas/24-008749-003/2024(H5N1)	1562	2421
HA|PP755589.1|A/cattle/Texas/24-008749-003/2024(H5N1)	1563	2421
HA|PP755589.1|A/cattle/Texas/24-008749-003/2024(H5N1)	1564	2428
HA|PP755589.1|A/cattle/Texas/24-008749-003/2024(H5N1)	1565	2429
HA|PP755589.1|A/cattle/Texas/24-008749-003/2024(H5N1)	1566	2429
HA|PP755589.1|A/cattle/Texas/24-008749-003/2024(H5N1)	1567	2381
HA|PP755589.1|A/cattle/Texas/24-008749-003/2024(H5N1)	1568	2370
HA|PP755589.1|A/cattle/Texas/24-008749-003/2024(H5N1)	1569	2367
HA|PP755589.1|A/cattle/Texas/24-008749-003/2024(H5N1)	1570	2366
HA|PP755589.1|A/cattle/Texas/24-008749-003/2024(H5N1)	1571	2382
HA|PP755589.1|A/cattle/Texas/24-008749-003/2024(H5N1)	1572	2289
HA|PP755589.1|A/cattle/Texas/24-008749-003/2024(H5N1)	1573	2284
HA|PP755589.1|A/cattle/Texas/24-008749-003/2024(H5N1)	1574	2280
HA|PP755589.1|A/cattle/Texas/24-008749-003/2024(H5N1)	1575	2283
HA|PP755589.1|A/cattle/Texas/24-008749-003/2024(H5N1)	1576	2310
HA|PP755589.1|A/cattle/Texas/24-008749-003/2024(H5N1)	1577	2310
HA|PP755589.1|A/cattle/Texas/24-008749-003/2024(H5N1)	1578	2309
HA|PP755589.1|A/cattle/Texas/24-008749-003/2024(H5N1)	1579	2299
HA|PP755589.1|A/cattle/Texas/24-008749-003/2024(H5N1)	1580	2272
HA|PP755589.1|A/cattle/Texas/24-008749-003/2024(H5N1)	1581	2281
HA|PP755589.1|A/cattle/Texas/24-008749-003/2024(H5N1)	1582	2273
HA|PP755589.1|A/cattle/Texas/24-008749-003/2024(H5N1)	1583	2249
HA|PP755589.1|A/cattle/Texas/24-008749-003/2024(H5N1)	1584	2175
HA|PP755589.1|A/cattle/Texas/24-008749-003/2024(H5N1)	1585	2176
HA|PP755589.1|A/cattle/Texas/24-008749-003/2024(H5N1)	1586	2167
HA|PP755589.1|A/cattle/Texas/24-008749-003/2024(H5N1)	1587	2176
HA|PP755589.1|A/cattle/Texas/24-008749-003/2024(H5N1)	1588	2176
HA|PP755589.1|A/cattle/Texas/24-008749-003/2024(H5N1)	1589	2105
HA|PP755589.1|A/cattle/Texas/24-008749-003/2024(H5N1)	1590	2108
HA|PP755589.1|A/cattle/Texas/24-008749-003/2024(H5N1)	1591	2115
HA|PP755589.1|A/cattle/Texas/24-008749-003/2024(H5N1)	1592	2112
HA|PP755589.1|A/cattle/Texas/24-008749-003/2024(H5N1)	1593	2184
HA|PP755589.1|A/cattle/Texas/24-008749-003/2024(H5N1)	1594	2160
HA|PP755589.1|A/cattle/Texas/24-008749-003/2024(H5N1)	1595	2101
HA|PP755589.1|A/cattle/Texas/24-008749-003/2024(H5N1)	1596	2100
HA|PP755589.1|A/cattle/Texas/24-008749-003/2024(H5N1)	1597	2388
HA|PP755589.1|A/cattle/Texas/24-008749-003/2024(H5N1)	1598	2413
HA|PP755589.1|A/cattle/Texas/24-008749-003/2024(H5N1)	1599	2430
HA|PP755589.1|A/cattle/Texas/24-008749-003/2024(H5N1)	1600	2435
HA|PP755589.1|A/cattle/Texas/24-008749-003/2024(H5N1)	1601	2444
HA|PP755589.1|A/cattle/Texas/24-008749-003/2024(H5N1)	1602	2468
HA|PP755589.1|A/cattle/Texas/24-008749-003/2024(H5N1)	1603	2451
HA|PP755589.1|A/cattle/Texas/24-008749-003/2024(H5N1)	1604	2446
HA|PP755589.1|A/cattle/Texas/24-008749-003/2024(H5N1)	1605	2446
HA|PP755589.1|A/cattle/Texas/24-008749-003/2024(H5N1)	1606	2445
HA|PP755589.1|A/cattle/Texas/24-008749-003/2024(H5N1)	1607	2445
HA|PP755589.1|A/cattle/Texas/24-008749-003/2024(H5N1)	1608	2435
HA|PP755589.1|A/cattle/Texas/24-008749-003/2024(H5N1)	1609	2435
HA|PP755589.1|A/cattle/Texas/24-008749-003/2024(H5N1)	1610	2434
HA|PP755589.1|A/cattle/Texas/24-008749-003/2024(H5N1)	1611	2413
HA|PP755589.1|A/cattle/Texas/24-008749-003/2024(H5N1)	1612	2411
HA|PP755589.1|A/cattle/Texas/24-008749-003/2024(H5N1)	1613	2402
HA|PP755589.1|A/cattle/Texas/24-008749-003/2024(H5N1)	1614	2402
HA|PP755589.1|A/cattle/Texas/24-008749-003/2024(H5N1)	1615	2400
HA|PP755589.1|A/cattle/Texas/24-008749-003/2024(H5N1)	1616	2393
HA|PP755589.1|A/cattle/Texas/24-008749-003/2024(H5N1)	1617	2395
HA|PP755589.1|A/cattle/Texas/24-008749-003/2024(H5N1)	1618	2390
HA|PP755589.1|A/cattle/Texas/24-008749-003/2024(H5N1)	1619	2394
HA|PP755589.1|A/cattle/Texas/24-008749-003/2024(H5N1)	1620	2381
HA|PP755589.1|A/cattle/Texas/24-008749-003/2024(H5N1)	1621	2378
HA|PP755589.1|A/cattle/Texas/24-008749-003/2024(H5N1)	1622	2370
HA|PP755589.1|A/cattle/Texas/24-008749-003/2024(H5N1)	1623	2367
HA|PP755589.1|A/cattle/Texas/24-008749-003/2024(H5N1)	1624	2358
HA|PP755589.1|A/cattle/Texas/24-008749-003/2024(H5N1)	1625	2358
HA|PP755589.1|A/cattle/Texas/24-008749-003/2024(H5N1)	1626	2353
HA|PP755589.1|A/cattle/Texas/24-008749-003/2024(H5N1)	1627	2337
HA|PP755589.1|A/cattle/Texas/24-008749-003/2024(H5N1)	1628	2295
HA|PP755589.1|A/cattle/Texas/24-008749-003/2024(H5N1)	1629	2276
HA|PP755589.1|A/cattle/Texas/24-008749-003/2024(H5N1)	1630	2257
HA|PP755589.1|A/cattle/Texas/24-008749-003/2024(H5N1)	1631	2055
HA|PP755589.1|A/cattle/Texas/24-008749-003/2024(H5N1)	1632	2055
HA|PP755589.1|A/cattle/Texas/24-008749-003/2024(H5N1)	1633	2055
HA|PP755589.1|A/cattle/Texas/24-008749-003/2024(H5N1)	1634	2053
HA|PP755589.1|A/cattle/Texas/24-008749-003/2024(H5N1)	1635	2045
HA|PP755589.1|A/cattle/Texas/24-008749-003/2024(H5N1)	1636	2036
HA|PP755589.1|A/cattle/Texas/24-008749-003/2024(H5N1)	1637	2037
HA|PP755589.1|A/cattle/Texas/24-008749-003/2024(H5N1)	1638	2022
HA|PP755589.1|A/cattle/Texas/24-008749-003/2024(H5N1)	1639	2018
HA|PP755589.1|A/cattle/Texas/24-008749-003/2024(H5N1)	1640	2016
HA|PP755589.1|A/cattle/Texas/24-008749-003/2024(H5N1)	1641	2010
HA|PP755589.1|A/cattle/Texas/24-008749-003/2024(H5N1)	1642	2002
HA|PP755589.1|A/cattle/Texas/24-008749-003/2024(H5N1)	1643	1996
HA|PP755589.1|A/cattle/Texas/24-008749-003/2024(H5N1)	1644	1985
HA|PP755589.1|A/cattle/Texas/24-008749-003/2024(H5N1)	1645	1982
HA|PP755589.1|A/cattle/Texas/24-008749-003/2024(H5N1)	1646	1980
HA|PP755589.1|A/cattle/Texas/24-008749-003/2024(H5N1)	1647	1935
HA|PP755589.1|A/cattle/Texas/24-008749-003/2024(H5N1)	1648	1942
HA|PP755589.1|A/cattle/Texas/24-008749-003/2024(H5N1)	1649	1943
HA|PP755589.1|A/cattle/Texas/24-008749-003/2024(H5N1)	1650	1943
HA|PP755589.1|A/cattle/Texas/24-008749-003/2024(H5N1)	1651	1913
HA|PP755589.1|A/cattle/Texas/24-008749-003/2024(H5N1)	1652	1902
HA|PP755589.1|A/cattle/Texas/24-008749-003/2024(H5N1)	1653	1898
HA|PP755589.1|A/cattle/Texas/24-008749-003/2024(H5N1)	1654	1890
HA|PP755589.1|A/cattle/Texas/24-008749-003/2024(H5N1)	1655	1809
HA|PP755589.1|A/cattle/Texas/24-008749-003/2024(H5N1)	1656	1806
HA|PP755589.1|A/cattle/Texas/24-008749-003/2024(H5N1)	1657	1749
HA|PP755589.1|A/cattle/Texas/24-008749-003/2024(H5N1)	1658	1734
HA|PP755589.1|A/cattle/Texas/24-008749-003/2024(H5N1)	1659	1724
HA|PP755589.1|A/cattle/Texas/24-008749-003/2024(H5N1)	1660	1721
HA|PP755589.1|A/cattle/Texas/24-008749-003/2024(H5N1)	1661	1720
HA|PP755589.1|A/cattle/Texas/24-008749-003/2024(H5N1)	1662	1647
HA|PP755589.1|A/cattle/Texas/24-008749-003/2024(H5N1)	1663	1615
HA|PP755589.1|A/cattle/Texas/24-008749-003/2024(H5N1)	1664	1565
HA|PP755589.1|A/cattle/Texas/24-008749-003/2024(H5N1)	1665	1564
HA|PP755589.1|A/cattle/Texas/24-008749-003/2024(H5N1)	1666	1494
HA|PP755589.1|A/cattle/Texas/24-008749-003/2024(H5N1)	1667	1492
HA|PP755589.1|A/cattle/Texas/24-008749-003/2024(H5N1)	1668	1459
HA|PP755589.1|A/cattle/Texas/24-008749-003/2024(H5N1)	1669	1459
HA|PP755589.1|A/cattle/Texas/24-008749-003/2024(H5N1)	1670	1445
HA|PP755589.1|A/cattle/Texas/24-008749-003/2024(H5N1)	1671	1405
HA|PP755589.1|A/cattle/Texas/24-008749-003/2024(H5N1)	1672	1403
HA|PP755589.1|A/cattle/Texas/24-008749-003/2024(H5N1)	1673	1403
HA|PP755589.1|A/cattle/Texas/24-008749-003/2024(H5N1)	1674	1382
HA|PP755589.1|A/cattle/Texas/24-008749-003/2024(H5N1)	1675	1380
HA|PP755589.1|A/cattle/Texas/24-008749-003/2024(H5N1)	1676	1333
HA|PP755589.1|A/cattle/Texas/24-008749-003/2024(H5N1)	1677	1309
HA|PP755589.1|A/cattle/Texas/24-008749-003/2024(H5N1)	1678	1305
HA|PP755589.1|A/cattle/Texas/24-008749-003/2024(H5N1)	1679	1272
HA|PP755589.1|A/cattle/Texas/24-008749-003/2024(H5N1)	1680	1263
HA|PP755589.1|A/cattle/Texas/24-008749-003/2024(H5N1)	1681	1263
HA|PP755589.1|A/cattle/Texas/24-008749-003/2024(H5N1)	1682	1263
HA|PP755589.1|A/cattle/Texas/24-008749-003/2024(H5N1)	1683	1263
HA|PP755589.1|A/cattle/Texas/24-008749-003/2024(H5N1)	1684	1260
HA|PP755589.1|A/cattle/Texas/24-008749-003/2024(H5N1)	1685	871
HA|PP755589.1|A/cattle/Texas/24-008749-003/2024(H5N1)	1686	870
HA|PP755589.1|A/cattle/Texas/24-008749-003/2024(H5N1)	1687	850
HA|PP755589.1|A/cattle/Texas/24-008749-003/2024(H5N1)	1688	850
HA|PP755589.1|A/cattle/Texas/24-008749-003/2024(H5N1)	1689	850
HA|PP755589.1|A/cattle/Texas/24-008749-003/2024(H5N1)	1690	831
HA|PP755589.1|A/cattle/Texas/24-008749-003/2024(H5N1)	1691	829
HA|PP755589.1|A/cattle/Texas/24-008749-003/2024(H5N1)	1692	829
HA|PP755589.1|A/cattle/Texas/24-008749-003/2024(H5N1)	1693	829
HA|PP755589.1|A/cattle/Texas/24-008749-003/2024(H5N1)	1694	828
HA|PP755589.1|A/cattle/Texas/24-008749-003/2024(H5N1)	1695	810
HA|PP755589.1|A/cattle/Texas/24-008749-003/2024(H5N1)	1696	810
HA|PP755589.1|A/cattle/Texas/24-008749-003/2024(H5N1)	1697	809
HA|PP755589.1|A/cattle/Texas/24-008749-003/2024(H5N1)	1698	808
HA|PP755589.1|A/cattle/Texas/24-008749-003/2024(H5N1)	1699	808
HA|PP755589.1|A/cattle/Texas/24-008749-003/2024(H5N1)	1700	795
HA|PP755589.1|A/cattle/Texas/24-008749-003/2024(H5N1)	1701	794
HA|PP755589.1|A/cattle/Texas/24-008749-003/2024(H5N1)	1702	792
HA|PP755589.1|A/cattle/Texas/24-008749-003/2024(H5N1)	1703	791
HA|PP755589.1|A/cattle/Texas/24-008749-003/2024(H5N1)	1704	791
