PB2|PP755596.1|A/cattle/Texas/24-008749-003/2024(H5N1)	1	4159
PB2|PP755596.1|A/cattle/Texas/24-008749-003/2024(H5N1)	2	4166
PB2|PP755596.1|A/cattle/Texas/24-008749-003/2024(H5N1)	3	4221
PB2|PP755596.1|A/cattle/Texas/24-008749-003/2024(H5N1)	4	4232
PB2|PP755596.1|A/cattle/Texas/24-008749-003/2024(H5N1)	5	4240
PB2|PP755596.1|A/cattle/Texas/24-008749-003/2024(H5N1)	6	4265
PB2|PP755596.1|A/cattle/Texas/24-008749-003/2024(H5N1)	7	4282
PB2|PP755596.1|A/cattle/Texas/24-008749-003/2024(H5N1)	8	4728
PB2|PP755596.1|A/cattle/Texas/24-008749-003/2024(H5N1)	9	4738
PB2|PP755596.1|A/cattle/Texas/24-008749-003/2024(H5N1)	10	4763
PB2|PP755596.1|A/cattle/Texas/24-008749-003/2024(H5N1)	11	4852
PB2|PP755596.1|A/cattle/Texas/24-008749-003/2024(H5N1)	12	4856
PB2|PP755596.1|A/cattle/Texas/24-008749-003/2024(H5N1)	13	4884
PB2|PP755596.1|A/cattle/Texas/24-008749-003/2024(H5N1)	14	4887
PB2|PP755596.1|A/cattle/Texas/24-008749-003/2024(H5N1)	15	4890
PB2|PP755596.1|A/cattle/Texas/24-008749-003/2024(H5N1)	16	5000
PB2|PP755596.1|A/cattle/Texas/24-008749-003/2024(H5N1)	17	5033
PB2|PP755596.1|A/cattle/Texas/24-008749-003/2024(H5N1)	18	5072
PB2|PP755596.1|A/cattle/Texas/24-008749-003/2024(H5N1)	19	5077
PB2|PP755596.1|A/cattle/Texas/24-008749-003/2024(H5N1)	20	5077
PB2|PP755596.1|A/cattle/Texas/24-008749-003/2024(H5N1)	21	5127
PB2|PP755596.1|A/cattle/Texas/24-008749-003/2024(H5N1)	22	5134
PB2|PP755596.1|A/cattle/Texas/24-008749-003/2024(H5N1)	23	5161
PB2|PP755596.1|A/cattle/Texas/24-008749-003/2024(H5N1)	24	5180
PB2|PP755596.1|A/cattle/Texas/24-008749-003/2024(H5N1)	25	5337
PB2|PP755596.1|A/cattle/Texas/24-008749-003/2024(H5N1)	26	5366
PB2|PP755596.1|A/cattle/Texas/24-008749-003/2024(H5N1)	27	5389
PB2|PP755596.1|A/cattle/Texas/24-008749-003/2024(H5N1)	28	5404
PB2|PP755596.1|A/cattle/Texas/24-008749-003/2024(H5N1)	29	5422
PB2|PP755596.1|A/cattle/Texas/24-008749-003/2024(H5N1)	30	5470
PB2|PP755596.1|A/cattle/Texas/24-008749-003/2024(H5N1)	31	5582
PB2|PP755596.1|A/cattle/Texas/24-008749-003/2024(H5N1)	32	5626
PB2|PP755596.1|A/cattle/Texas/24-008749-003/2024(H5N1)	33	5664
PB2|PP755596.1|A/cattle/Texas/24-008749-003/2024(H5N1)	34	5730
PB2|PP755596.1|A/cattle/Texas/24-008749-003/2024(H5N1)	35	5734
PB2|PP755596.1|A/cattle/Texas/24-008749-003/2024(H5N1)	36	5734
PB2|PP755596.1|A/cattle/Texas/24-008749-003/2024(H5N1)	37	5755
PB2|PP755596.1|A/cattle/Texas/24-008749-003/2024(H5N1)	38	5752
PB2|PP755596.1|A/cattle/Texas/24-008749-003/2024(H5N1)	39	6004
PB2|PP755596.1|A/cattle/Texas/24-008749-003/2024(H5N1)	40	6074
PB2|PP755596.1|A/cattle/Texas/24-008749-003/2024(H5N1)	41	6078
PB2|PP755596.1|A/cattle/Texas/24-008749-003/2024(H5N1)	42	6107
PB2|PP755596.1|A/cattle/Texas/24-008749-003/2024(H5N1)	43	6118
PB2|PP755596.1|A/cattle/Texas/24-008749-003/2024(H5N1)	44	6125
PB2|PP755596.1|A/cattle/Texas/24-008749-003/2024(H5N1)	45	6139
PB2|PP755596.1|A/cattle/Texas/24-008749-003/2024(H5N1)	46	6147
PB2|PP755596.1|A/cattle/Texas/24-008749-003/2024(H5N1)	47	6221
PB2|PP755596.1|A/cattle/Texas/24-008749-003/2024(H5N1)	48	6222
PB2|PP755596.1|A/cattle/Texas/24-008749-003/2024(H5N1)	49	6374
PB2|PP755596.1|A/cattle/Texas/24-008749-003/2024(H5N1)	50	6388
PB2|PP755596.1|A/cattle/Texas/24-008749-003/2024(H5N1)	51	6419
PB2|PP755596.1|A/cattle/Texas/24-008749-003/2024(H5N1)	52	6420
PB2|PP755596.1|A/cattle/Texas/24-008749-003/2024(H5N1)	53	6439
PB2|PP755596.1|A/cattle/Texas/24-008749-003/2024(H5N1)	54	6445
PB2|PP755596.1|A/cattle/Texas/24-008749-003/2024(H5N1)	55	6669
PB2|PP755596.1|A/cattle/Texas/24-008749-003/2024(H5N1)	56	6670
PB2|PP755596.1|A/cattle/Texas/24-008749-003/2024(H5N1)	57	6679
PB2|PP755596.1|A/cattle/Texas/24-008749-003/2024(H5N1)	58	6686
PB2|PP755596.1|A/cattle/Texas/24-008749-003/2024(H5N1)	59	6695
PB2|PP755596.1|A/cattle/Texas/24-008749-003/2024(H5N1)	60	6778
PB2|PP755596.1|A/cattle/Texas/24-008749-003/2024(H5N1)	61	6810
PB2|PP755596.1|A/cattle/Texas/24-008749-003/2024(H5N1)	62	6840
PB2|PP755596.1|A/cattle/Texas/24-008749-003/2024(H5N1)	63	6851
PB2|PP755596.1|A/cattle/Texas/24-008749-003/2024(H5N1)	64	6813
PB2|PP755596.1|A/cattle/Texas/24-008749-003/2024(H5N1)	65	6847
PB2|PP755596.1|A/cattle/Texas/24-008749-003/2024(H5N1)	66	6894
PB2|PP755596.1|A/cattle/Texas/24-008749-003/2024(H5N1)	67	6948
PB2|PP755596.1|A/cattle/Texas/24-008749-003/2024(H5N1)	68	6987
PB2|PP755596.1|A/cattle/Texas/24-008749-003/2024(H5N1)	69	6994
PB2|PP755596.1|A/cattle/Texas/24-008749-003/2024(H5N1)	70	7000
PB2|PP755596.1|A/cattle/Texas/24-008749-003/2024(H5N1)	71	7168
PB2|PP755596.1|A/cattle/Texas/24-008749-003/2024(H5N1)	72	7171
PB2|PP755596.1|A/cattle/Texas/24-008749-003/2024(H5N1)	73	7352
PB2|PP755596.1|A/cattle/Texas/24-008749-003/2024(H5N1)	74	7371
PB2|PP755596.1|A/cattle/Texas/24-008749-003/2024(H5N1)	75	7375
PB2|PP755596.1|A/cattle/Texas/24-008749-003/2024(H5N1)	76	7383
PB2|PP755596.1|A/cattle/Texas/24-008749-003/2024(H5N1)	77	7262
PB2|PP755596.1|A/cattle/Texas/24-008749-003/2024(H5N1)	78	7333
PB2|PP755596.1|A/cattle/Texas/24-008749-003/2024(H5N1)	79	7362
PB2|PP755596.1|A/cattle/Texas/24-008749-003/2024(H5N1)	80	7355
PB2|PP755596.1|A/cattle/Texas/24-008749-003/2024(H5N1)	81	7385
PB2|PP755596.1|A/cattle/Texas/24-008749-003/2024(H5N1)	82	7379
PB2|PP755596.1|A/cattle/Texas/24-008749-003/2024(H5N1)	83	7390
PB2|PP755596.1|A/cattle/Texas/24-008749-003/2024(H5N1)	84	7431
PB2|PP755596.1|A/cattle/Texas/24-008749-003/2024(H5N1)	85	7472
PB2|PP755596.1|A/cattle/Texas/24-008749-003/2024(H5N1)	86	7527
PB2|PP755596.1|A/cattle/Texas/24-008749-003/2024(H5N1)	87	7525
PB2|PP755596.1|A/cattle/Texas/24-008749-003/2024(H5N1)	88	7530
PB2|PP755596.1|A/cattle/Texas/24-008749-003/2024(H5N1)	89	7681
PB2|PP755596.1|A/cattle/Texas/24-008749-003/2024(H5N1)	90	7666
PB2|PP755596.1|A/cattle/Texas/24-008749-003/2024(H5N1)	91	7723
PB2|PP755596.1|A/cattle/Texas/24-008749-003/2024(H5N1)	92	7732
PB2|PP755596.1|A/cattle/Texas/24-008749-003/2024(H5N1)	93	7635
PB2|PP755596.1|A/cattle/Texas/24-008749-003/2024(H5N1)	94	7673
PB2|PP755596.1|A/cattle/Texas/24-008749-003/2024(H5N1)	95	7674
PB2|PP755596.1|A/cattle/Texas/24-008749-003/2024(H5N1)	96	7735
PB2|PP755596.1|A/cattle/Texas/24-008749-003/2024(H5N1)	97	7784
PB2|PP755596.1|A/cattle/Texas/24-008749-003/2024(H5N1)	98	7768
PB2|PP755596.1|A/cattle/Texas/24-008749-003/2024(H5N1)	99	7892
PB2|PP755596.1|A/cattle/Texas/24-008749-003/2024(H5N1)	100	7893
PB2|PP755596.1|A/cattle/Texas/24-008749-003/2024(H5N1)	101	7790
PB2|PP755596.1|A/cattle/Texas/24-008749-003/2024(H5N1)	102	7791
PB2|PP755596.1|A/cattle/Texas/24-008749-003/2024(H5N1)	103	7837
PB2|PP755596.1|A/cattle/Texas/24-008749-003/2024(H5N1)	104	7943
PB2|PP755596.1|A/cattle/Texas/24-008749-003/2024(H5N1)	105	7948
PB2|PP755596.1|A/cattle/Texas/24-008749-003/2024(H5N1)	106	7845
PB2|PP755596.1|A/cattle/Texas/24-008749-003/2024(H5N1)	107	7787
PB2|PP755596.1|A/cattle/Texas/24-008749-003/2024(H5N1)	108	7751
PB2|PP755596.1|A/cattle/Texas/24-008749-003/2024(H5N1)	109	7751
PB2|PP755596.1|A/cattle/Texas/24-008749-003/2024(H5N1)	110	7837
PB2|PP755596.1|A/cattle/Texas/24-008749-003/2024(H5N1)	111	7897
PB2|PP755596.1|A/cattle/Texas/24-008749-003/2024(H5N1)	112	7886
PB2|PP755596.1|A/cattle/Texas/24-008749-003/2024(H5N1)	113	7873
PB2|PP755596.1|A/cattle/Texas/24-008749-003/2024(H5N1)	114	7895
PB2|PP755596.1|A/cattle/Texas/24-008749-003/2024(H5N1)	115	7934
PB2|PP755596.1|A/cattle/Texas/24-008749-003/2024(H5N1)	116	7936
PB2|PP755596.1|A/cattle/Texas/24-008749-003/2024(H5N1)	117	7937
PB2|PP755596.1|A/cattle/Texas/24-008749-003/2024(H5N1)	118	8052
PB2|PP755596.1|A/cattle/Texas/24-008749-003/2024(H5N1)	119	8137
PB2|PP755596.1|A/cattle/Texas/24-008749-003/2024(H5N1)	120	8169
PB2|PP755596.1|A/cattle/Texas/24-008749-003/2024(H5N1)	121	8158
PB2|PP755596.1|A/cattle/Texas/24-008749-003/2024(H5N1)	122	8120
PB2|PP755596.1|A/cattle/Texas/24-008749-003/2024(H5N1)	123	8106
PB2|PP755596.1|A/cattle/Texas/24-008749-003/2024(H5N1)	124	6943
PB2|PP755596.1|A/cattle/Texas/24-008749-003/2024(H5N1)	125	6480
PB2|PP755596.1|A/cattle/Texas/24-008749-003/2024(H5N1)	126	6131
PB2|PP755596.1|A/cattle/Texas/24-008749-003/2024(H5N1)	127	6091
PB2|PP755596.1|A/cattle/Texas/24-008749-003/2024(H5N1)	128	6042
PB2|PP755596.1|A/cattle/Texas/24-008749-003/2024(H5N1)	129	6060
PB2|PP755596.1|A/cattle/Texas/24-008749-003/2024(H5N1)	130	6073
PB2|PP755596.1|A/cattle/Texas/24-008749-003/2024(H5N1)	131	6031
PB2|PP755596.1|A/cattle/Texas/24-008749-003/2024(H5N1)	132	6029
PB2|PP755596.1|A/cattle/Texas/24-008749-003/2024(H5N1)	133	5766
PB2|PP755596.1|A/cattle/Texas/24-008749-003/2024(H5N1)	134	5730
PB2|PP755596.1|A/cattle/Texas/24-008749-003/2024(H5N1)	135	5715
PB2|PP755596.1|A/cattle/Texas/24-008749-003/2024(H5N1)	136	5709
PB2|PP755596.1|A/cattle/Texas/24-008749-003/2024(H5N1)	137	5757
PB2|PP755596.1|A/cattle/Texas/24-008749-003/2024(H5N1)	138	5583
PB2|PP755596.1|A/cattle/Texas/24-008749-003/2024(H5N1)	139	5590
PB2|PP755596.1|A/cattle/Texas/24-008749-003/2024(H5N1)	140	5301
PB2|PP755596.1|A/cattle/Texas/24-008749-003/2024(H5N1)	141	5300
PB2|PP755596.1|A/cattle/Texas/24-008749-003/2024(H5N1)	142	5323
PB2|PP755596.1|A/cattle/Texas/24-008749-003/2024(H5N1)	143	5302
PB2|PP755596.1|A/cattle/Texas/24-008749-003/2024(H5N1)	144	5211
PB2|PP755596.1|A/cattle/Texas/24-008749-003/2024(H5N1)	145	5094
PB2|PP755596.1|A/cattle/Texas/24-008749-003/2024(H5N1)	146	5065
PB2|PP755596.1|A/cattle/Texas/24-008749-003/2024(H5N1)	147	5063
PB2|PP755596.1|A/cattle/Texas/24-008749-003/2024(H5N1)	148	4998
PB2|PP755596.1|A/cattle/Texas/24-008749-003/2024(H5N1)	149	4923
PB2|PP755596.1|A/cattle/Texas/24-008749-003/2024(H5N1)	150	4515
PB2|PP755596.1|A/cattle/Texas/24-008749-003/2024(H5N1)	151	4506
PB2|PP755596.1|A/cattle/Texas/24-008749-003/2024(H5N1)	152	4485
PB2|PP755596.1|A/cattle/Texas/24-008749-003/2024(H5N1)	153	4461
PB2|PP755596.1|A/cattle/Texas/24-008749-003/2024(H5N1)	154	4427
PB2|PP755596.1|A/cattle/Texas/24-008749-003/2024(H5N1)	155	4364
PB2|PP755596.1|A/cattle/Texas/24-008749-003/2024(H5N1)	156	4327
PB2|PP755596.1|A/cattle/Texas/24-008749-003/2024(H5N1)	157	4291
PB2|PP755596.1|A/cattle/Texas/24-008749-003/2024(H5N1)	158	4278
PB2|PP755596.1|A/cattle/Texas/24-008749-003/2024(H5N1)	159	4046
PB2|PP755596.1|A/cattle/Texas/24-008749-003/2024(H5N1)	160	4031
PB2|PP755596.1|A/cattle/Texas/24-008749-003/2024(H5N1)	161	4000
PB2|PP755596.1|A/cattle/Texas/24-008749-003/2024(H5N1)	162	3928
PB2|PP755596.1|A/cattle/Texas/24-008749-003/2024(H5N1)	163	3884
PB2|PP755596.1|A/cattle/Texas/24-008749-003/2024(H5N1)	164	3668
PB2|PP755596.1|A/cattle/Texas/24-008749-003/2024(H5N1)	165	1925
PB2|PP755596.1|A/cattle/Texas/24-008749-003/2024(H5N1)	166	1893
PB2|PP755596.1|A/cattle/Texas/24-008749-003/2024(H5N1)	167	1900
PB2|PP755596.1|A/cattle/Texas/24-008749-003/2024(H5N1)	168	1911
PB2|PP755596.1|A/cattle/Texas/24-008749-003/2024(H5N1)	169	1910
PB2|PP755596.1|A/cattle/Texas/24-008749-003/2024(H5N1)	170	1911
PB2|PP755596.1|A/cattle/Texas/24-008749-003/2024(H5N1)	171	1791
PB2|PP755596.1|A/cattle/Texas/24-008749-003/2024(H5N1)	172	1777
PB2|PP755596.1|A/cattle/Texas/24-008749-003/2024(H5N1)	173	1842
PB2|PP755596.1|A/cattle/Texas/24-008749-003/2024(H5N1)	174	1830
PB2|PP755596.1|A/cattle/Texas/24-008749-003/2024(H5N1)	175	1833
PB2|PP755596.1|A/cattle/Texas/24-008749-003/2024(H5N1)	176	1801
PB2|PP755596.1|A/cattle/Texas/24-008749-003/2024(H5N1)	177	1804
PB2|PP755596.1|A/cattle/Texas/24-008749-003/2024(H5N1)	178	1788
PB2|PP755596.1|A/cattle/Texas/24-008749-003/2024(H5N1)	179	1853
PB2|PP755596.1|A/cattle/Texas/24-008749-003/2024(H5N1)	180	1855
PB2|PP755596.1|A/cattle/Texas/24-008749-003/2024(H5N1)	181	1849
PB2|PP755596.1|A/cattle/Texas/24-008749-003/2024(H5N1)	182	1815
PB2|PP755596.1|A/cattle/Texas/24-008749-003/2024(H5N1)	183	1805
PB2|PP755596.1|A/cattle/Texas/24-008749-003/2024(H5N1)	184	1787
PB2|PP755596.1|A/cattle/Texas/24-008749-003/2024(H5N1)	185	1788
PB2|PP755596.1|A/cattle/Texas/24-008749-003/2024(H5N1)	186	1807
PB2|PP755596.1|A/cattle/Texas/24-008749-003/2024(H5N1)	187	1806
PB2|PP755596.1|A/cattle/Texas/24-008749-003/2024(H5N1)	188	1807
PB2|PP755596.1|A/cattle/Texas/24-008749-003/2024(H5N1)	189	1803
PB2|PP755596.1|A/cattle/Texas/24-008749-003/2024(H5N1)	190	1743
PB2|PP755596.1|A/cattle/Texas/24-008749-003/2024(H5N1)	191	1733
PB2|PP755596.1|A/cattle/Texas/24-008749-003/2024(H5N1)	192	1724
PB2|PP755596.1|A/cattle/Texas/24-008749-003/2024(H5N1)	193	1714
PB2|PP755596.1|A/cattle/Texas/24-008749-003/2024(H5N1)	194	1708
PB2|PP755596.1|A/cattle/Texas/24-008749-003/2024(H5N1)	195	1602
PB2|PP755596.1|A/cattle/Texas/24-008749-003/2024(H5N1)	196	1596
PB2|PP755596.1|A/cattle/Texas/24-008749-003/2024(H5N1)	197	1597
PB2|PP755596.1|A/cattle/Texas/24-008749-003/2024(H5N1)	198	1587
PB2|PP755596.1|A/cattle/Texas/24-008749-003/2024(H5N1)	199	1585
PB2|PP755596.1|A/cattle/Texas/24-008749-003/2024(H5N1)	200	1496
PB2|PP755596.1|A/cattle/Texas/24-008749-003/2024(H5N1)	201	1489
PB2|PP755596.1|A/cattle/Texas/24-008749-003/2024(H5N1)	202	1489
PB2|PP755596.1|A/cattle/Texas/24-008749-003/2024(H5N1)	203	1439
PB2|PP755596.1|A/cattle/Texas/24-008749-003/2024(H5N1)	204	1444
PB2|PP755596.1|A/cattle/Texas/24-008749-003/2024(H5N1)	205	1442
PB2|PP755596.1|A/cattle/Texas/24-008749-003/2024(H5N1)	206	1382
PB2|PP755596.1|A/cattle/Texas/24-008749-003/2024(H5N1)	207	1330
PB2|PP755596.1|A/cattle/Texas/24-008749-003/2024(H5N1)	208	1317
PB2|PP755596.1|A/cattle/Texas/24-008749-003/2024(H5N1)	209	1316
PB2|PP755596.1|A/cattle/Texas/24-008749-003/2024(H5N1)	210	1316
PB2|PP755596.1|A/cattle/Texas/24-008749-003/2024(H5N1)	211	1291
PB2|PP755596.1|A/cattle/Texas/24-008749-003/2024(H5N1)	212	1285
PB2|PP755596.1|A/cattle/Texas/24-008749-003/2024(H5N1)	213	1281
PB2|PP755596.1|A/cattle/Texas/24-008749-003/2024(H5N1)	214	1285
PB2|PP755596.1|A/cattle/Texas/24-008749-003/2024(H5N1)	215	1280
PB2|PP755596.1|A/cattle/Texas/24-008749-003/2024(H5N1)	216	1268
PB2|PP755596.1|A/cattle/Texas/24-008749-003/2024(H5N1)	217	1257
PB2|PP755596.1|A/cattle/Texas/24-008749-003/2024(H5N1)	218	1254
PB2|PP755596.1|A/cattle/Texas/24-008749-003/2024(H5N1)	219	1244
PB2|PP755596.1|A/cattle/Texas/24-008749-003/2024(H5N1)	220	1248
PB2|PP755596.1|A/cattle/Texas/24-008749-003/2024(H5N1)	221	1250
PB2|PP755596.1|A/cattle/Texas/24-008749-003/2024(H5N1)	222	1216
PB2|PP755596.1|A/cattle/Texas/24-008749-003/2024(H5N1)	223	1181
PB2|PP755596.1|A/cattle/Texas/24-008749-003/2024(H5N1)	224	1177
PB2|PP755596.1|A/cattle/Texas/24-008749-003/2024(H5N1)	225	1177
PB2|PP755596.1|A/cattle/Texas/24-008749-003/2024(H5N1)	226	1176
PB2|PP755596.1|A/cattle/Texas/24-008749-003/2024(H5N1)	227	1173
PB2|PP755596.1|A/cattle/Texas/24-008749-003/2024(H5N1)	228	1166
PB2|PP755596.1|A/cattle/Texas/24-008749-003/2024(H5N1)	229	1161
PB2|PP755596.1|A/cattle/Texas/24-008749-003/2024(H5N1)	230	1141
PB2|PP755596.1|A/cattle/Texas/24-008749-003/2024(H5N1)	231	1137
PB2|PP755596.1|A/cattle/Texas/24-008749-003/2024(H5N1)	232	1136
PB2|PP755596.1|A/cattle/Texas/24-008749-003/2024(H5N1)	233	1131
PB2|PP755596.1|A/cattle/Texas/24-008749-003/2024(H5N1)	234	1129
PB2|PP755596.1|A/cattle/Texas/24-008749-003/2024(H5N1)	235	984
PB2|PP755596.1|A/cattle/Texas/24-008749-003/2024(H5N1)	236	975
PB2|PP755596.1|A/cattle/Texas/24-008749-003/2024(H5N1)	237	414
PB2|PP755596.1|A/cattle/Texas/24-008749-003/2024(H5N1)	238	411
PB2|PP755596.1|A/cattle/Texas/24-008749-003/2024(H5N1)	239	407
PB2|PP755596.1|A/cattle/Texas/24-008749-003/2024(H5N1)	240	401
PB2|PP755596.1|A/cattle/Texas/24-008749-003/2024(H5N1)	241	397
PB2|PP755596.1|A/cattle/Texas/24-008749-003/2024(H5N1)	242	380
PB2|PP755596.1|A/cattle/Texas/24-008749-003/2024(H5N1)	243	367
PB2|PP755596.1|A/cattle/Texas/24-008749-003/2024(H5N1)	244	367
PB2|PP755596.1|A/cattle/Texas/24-008749-003/2024(H5N1)	245	366
PB2|PP755596.1|A/cattle/Texas/24-008749-003/2024(H5N1)	246	368
PB2|PP755596.1|A/cattle/Texas/24-008749-003/2024(H5N1)	247	363
PB2|PP755596.1|A/cattle/Texas/24-008749-003/2024(H5N1)	248	361
PB2|PP755596.1|A/cattle/Texas/24-008749-003/2024(H5N1)	249	360
PB2|PP755596.1|A/cattle/Texas/24-008749-003/2024(H5N1)	250	351
PB2|PP755596.1|A/cattle/Texas/24-008749-003/2024(H5N1)	251	335
PB2|PP755596.1|A/cattle/Texas/24-008749-003/2024(H5N1)	252	301
PB2|PP755596.1|A/cattle/Texas/24-008749-003/2024(H5N1)	253	306
PB2|PP755596.1|A/cattle/Texas/24-008749-003/2024(H5N1)	254	306
PB2|PP755596.1|A/cattle/Texas/24-008749-003/2024(H5N1)	255	296
PB2|PP755596.1|A/cattle/Texas/24-008749-003/2024(H5N1)	256	297
PB2|PP755596.1|A/cattle/Texas/24-008749-003/2024(H5N1)	257	295
PB2|PP755596.1|A/cattle/Texas/24-008749-003/2024(H5N1)	258	296
PB2|PP755596.1|A/cattle/Texas/24-008749-003/2024(H5N1)	259	295
PB2|PP755596.1|A/cattle/Texas/24-008749-003/2024(H5N1)	260	294
PB2|PP755596.1|A/cattle/Texas/24-008749-003/2024(H5N1)	261	291
PB2|PP755596.1|A/cattle/Texas/24-008749-003/2024(H5N1)	262	282
PB2|PP755596.1|A/cattle/Texas/24-008749-003/2024(H5N1)	263	285
PB2|PP755596.1|A/cattle/Texas/24-008749-003/2024(H5N1)	264	284
PB2|PP755596.1|A/cattle/Texas/24-008749-003/2024(H5N1)	265	284
PB2|PP755596.1|A/cattle/Texas/24-008749-003/2024(H5N1)	266	282
PB2|PP755596.1|A/cattle/Texas/24-008749-003/2024(H5N1)	267	282
PB2|PP755596.1|A/cattle/Texas/24-008749-003/2024(H5N1)	268	268
PB2|PP755596.1|A/cattle/Texas/24-008749-003/2024(H5N1)	269	261
PB2|PP755596.1|A/cattle/Texas/24-008749-003/2024(H5N1)	270	262
PB2|PP755596.1|A/cattle/Texas/24-008749-003/2024(H5N1)	271	255
PB2|PP755596.1|A/cattle/Texas/24-008749-003/2024(H5N1)	272	246
PB2|PP755596.1|A/cattle/Texas/24-008749-003/2024(H5N1)	273	241
PB2|PP755596.1|A/cattle/Texas/24-008749-003/2024(H5N1)	274	239
PB2|PP755596.1|A/cattle/Texas/24-008749-003/2024(H5N1)	275	230
PB2|PP755596.1|A/cattle/Texas/24-008749-003/2024(H5N1)	276	233
PB2|PP755596.1|A/cattle/Texas/24-008749-003/2024(H5N1)	277	234
PB2|PP755596.1|A/cattle/Texas/24-008749-003/2024(H5N1)	278	234
PB2|PP755596.1|A/cattle/Texas/24-008749-003/2024(H5N1)	279	228
PB2|PP755596.1|A/cattle/Texas/24-008749-003/2024(H5N1)	280	211
PB2|PP755596.1|A/cattle/Texas/24-008749-003/2024(H5N1)	281	209
PB2|PP755596.1|A/cattle/Texas/24-008749-003/2024(H5N1)	282	209
PB2|PP755596.1|A/cattle/Texas/24-008749-003/2024(H5N1)	283	209
PB2|PP755596.1|A/cattle/Texas/24-008749-003/2024(H5N1)	284	195
PB2|PP755596.1|A/cattle/Texas/24-008749-003/2024(H5N1)	285	187
PB2|PP755596.1|A/cattle/Texas/24-008749-003/2024(H5N1)	286	184
PB2|PP755596.1|A/cattle/Texas/24-008749-003/2024(H5N1)	287	152
PB2|PP755596.1|A/cattle/Texas/24-008749-003/2024(H5N1)	288	149
PB2|PP755596.1|A/cattle/Texas/24-008749-003/2024(H5N1)	289	148
PB2|PP755596.1|A/cattle/Texas/24-008749-003/2024(H5N1)	290	151
PB2|PP755596.1|A/cattle/Texas/24-008749-003/2024(H5N1)	291	149
PB2|PP755596.1|A/cattle/Texas/24-008749-003/2024(H5N1)	292	148
PB2|PP755596.1|A/cattle/Texas/24-008749-003/2024(H5N1)	293	145
PB2|PP755596.1|A/cattle/Texas/24-008749-003/2024(H5N1)	294	144
PB2|PP755596.1|A/cattle/Texas/24-008749-003/2024(H5N1)	295	143
PB2|PP755596.1|A/cattle/Texas/24-008749-003/2024(H5N1)	296	140
PB2|PP755596.1|A/cattle/Texas/24-008749-003/2024(H5N1)	297	137
PB2|PP755596.1|A/cattle/Texas/24-008749-003/2024(H5N1)	298	123
PB2|PP755596.1|A/cattle/Texas/24-008749-003/2024(H5N1)	299	108
PB2|PP755596.1|A/cattle/Texas/24-008749-003/2024(H5N1)	300	108
PB2|PP755596.1|A/cattle/Texas/24-008749-003/2024(H5N1)	301	107
PB2|PP755596.1|A/cattle/Texas/24-008749-003/2024(H5N1)	302	107
PB2|PP755596.1|A/cattle/Texas/24-008749-003/2024(H5N1)	303	106
PB2|PP755596.1|A/cattle/Texas/24-008749-003/2024(H5N1)	304	105
PB2|PP755596.1|A/cattle/Texas/24-008749-003/2024(H5N1)	305	105
PB2|PP755596.1|A/cattle/Texas/24-008749-003/2024(H5N1)	306	102
PB2|PP755596.1|A/cattle/Texas/24-008749-003/2024(H5N1)	307	75
PB2|PP755596.1|A/cattle/Texas/24-008749-003/2024(H5N1)	308	74
PB2|PP755596.1|A/cattle/Texas/24-008749-003/2024(H5N1)	309	70
PB2|PP755596.1|A/cattle/Texas/24-008749-003/2024(H5N1)	310	69
PB2|PP755596.1|A/cattle/Texas/24-008749-003/2024(H5N1)	311	69
PB2|PP755596.1|A/cattle/Texas/24-008749-003/2024(H5N1)	312	70
PB2|PP755596.1|A/cattle/Texas/24-008749-003/2024(H5N1)	313	71
PB2|PP755596.1|A/cattle/Texas/24-008749-003/2024(H5N1)	314	70
PB2|PP755596.1|A/cattle/Texas/24-008749-003/2024(H5N1)	315	70
PB2|PP755596.1|A/cattle/Texas/24-008749-003/2024(H5N1)	316	68
PB2|PP755596.1|A/cattle/Texas/24-008749-003/2024(H5N1)	317	71
PB2|PP755596.1|A/cattle/Texas/24-008749-003/2024(H5N1)	318	71
PB2|PP755596.1|A/cattle/Texas/24-008749-003/2024(H5N1)	319	71
PB2|PP755596.1|A/cattle/Texas/24-008749-003/2024(H5N1)	320	71
PB2|PP755596.1|A/cattle/Texas/24-008749-003/2024(H5N1)	321	71
PB2|PP755596.1|A/cattle/Texas/24-008749-003/2024(H5N1)	322	68
PB2|PP755596.1|A/cattle/Texas/24-008749-003/2024(H5N1)	323	68
PB2|PP755596.1|A/cattle/Texas/24-008749-003/2024(H5N1)	324	54
PB2|PP755596.1|A/cattle/Texas/24-008749-003/2024(H5N1)	325	54
PB2|PP755596.1|A/cattle/Texas/24-008749-003/2024(H5N1)	326	56
PB2|PP755596.1|A/cattle/Texas/24-008749-003/2024(H5N1)	327	57
PB2|PP755596.1|A/cattle/Texas/24-008749-003/2024(H5N1)	328	57
PB2|PP755596.1|A/cattle/Texas/24-008749-003/2024(H5N1)	329	57
PB2|PP755596.1|A/cattle/Texas/24-008749-003/2024(H5N1)	330	56
PB2|PP755596.1|A/cattle/Texas/24-008749-003/2024(H5N1)	331	56
PB2|PP755596.1|A/cattle/Texas/24-008749-003/2024(H5N1)	332	60
PB2|PP755596.1|A/cattle/Texas/24-008749-003/2024(H5N1)	333	60
PB2|PP755596.1|A/cattle/Texas/24-008749-003/2024(H5N1)	334	60
PB2|PP755596.1|A/cattle/Texas/24-008749-003/2024(H5N1)	335	60
PB2|PP755596.1|A/cattle/Texas/24-008749-003/2024(H5N1)	336	58
PB2|PP755596.1|A/cattle/Texas/24-008749-003/2024(H5N1)	337	58
PB2|PP755596.1|A/cattle/Texas/24-008749-003/2024(H5N1)	338	58
PB2|PP755596.1|A/cattle/Texas/24-008749-003/2024(H5N1)	339	59
PB2|PP755596.1|A/cattle/Texas/24-008749-003/2024(H5N1)	340	61
PB2|PP755596.1|A/cattle/Texas/24-008749-003/2024(H5N1)	341	62
PB2|PP755596.1|A/cattle/Texas/24-008749-003/2024(H5N1)	342	62
PB2|PP755596.1|A/cattle/Texas/24-008749-003/2024(H5N1)	343	62
PB2|PP755596.1|A/cattle/Texas/24-008749-003/2024(H5N1)	344	62
PB2|PP755596.1|A/cattle/Texas/24-008749-003/2024(H5N1)	345	62
PB2|PP755596.1|A/cattle/Texas/24-008749-003/2024(H5N1)	346	63
PB2|PP755596.1|A/cattle/Texas/24-008749-003/2024(H5N1)	347	63
PB2|PP755596.1|A/cattle/Texas/24-008749-003/2024(H5N1)	348	63
PB2|PP755596.1|A/cattle/Texas/24-008749-003/2024(H5N1)	349	64
PB2|PP755596.1|A/cattle/Texas/24-008749-003/2024(H5N1)	350	64
PB2|PP755596.1|A/cattle/Texas/24-008749-003/2024(H5N1)	351	61
PB2|PP755596.1|A/cattle/Texas/24-008749-003/2024(H5N1)	352	61
PB2|PP755596.1|A/cattle/Texas/24-008749-003/2024(H5N1)	353	60
PB2|PP755596.1|A/cattle/Texas/24-008749-003/2024(H5N1)	354	60
PB2|PP755596.1|A/cattle/Texas/24-008749-003/2024(H5N1)	355	60
PB2|PP755596.1|A/cattle/Texas/24-008749-003/2024(H5N1)	356	60
PB2|PP755596.1|A/cattle/Texas/24-008749-003/2024(H5N1)	357	60
PB2|PP755596.1|A/cattle/Texas/24-008749-003/2024(H5N1)	358	61
PB2|PP755596.1|A/cattle/Texas/24-008749-003/2024(H5N1)	359	58
PB2|PP755596.1|A/cattle/Texas/24-008749-003/2024(H5N1)	360	57
PB2|PP755596.1|A/cattle/Texas/24-008749-003/2024(H5N1)	361	57
PB2|PP755596.1|A/cattle/Texas/24-008749-003/2024(H5N1)	362	56
PB2|PP755596.1|A/cattle/Texas/24-008749-003/2024(H5N1)	363	56
PB2|PP755596.1|A/cattle/Texas/24-008749-003/2024(H5N1)	364	62
PB2|PP755596.1|A/cattle/Texas/24-008749-003/2024(H5N1)	365	61
PB2|PP755596.1|A/cattle/Texas/24-008749-003/2024(H5N1)	366	61
PB2|PP755596.1|A/cattle/Texas/24-008749-003/2024(H5N1)	367	61
PB2|PP755596.1|A/cattle/Texas/24-008749-003/2024(H5N1)	368	60
PB2|PP755596.1|A/cattle/Texas/24-008749-003/2024(H5N1)	369	60
PB2|PP755596.1|A/cattle/Texas/24-008749-003/2024(H5N1)	370	60
PB2|PP755596.1|A/cattle/Texas/24-008749-003/2024(H5N1)	371	60
PB2|PP755596.1|A/cattle/Texas/24-008749-003/2024(H5N1)	372	61
PB2|PP755596.1|A/cattle/Texas/24-008749-003/2024(H5N1)	373	60
PB2|PP755596.1|A/cattle/Texas/24-008749-003/2024(H5N1)	374	60
PB2|PP755596.1|A/cattle/Texas/24-008749-003/2024(H5N1)	375	60
PB2|PP755596.1|A/cattle/Texas/24-008749-003/2024(H5N1)	376	60
PB2|PP755596.1|A/cattle/Texas/24-008749-003/2024(H5N1)	377	60
PB2|PP755596.1|A/cattle/Texas/24-008749-003/2024(H5N1)	378	61
PB2|PP755596.1|A/cattle/Texas/24-008749-003/2024(H5N1)	379	61
PB2|PP755596.1|A/cattle/Texas/24-008749-003/2024(H5N1)	380	61
PB2|PP755596.1|A/cattle/Texas/24-008749-003/2024(H5N1)	381	61
PB2|PP755596.1|A/cattle/Texas/24-008749-003/2024(H5N1)	382	61
PB2|PP755596.1|A/cattle/Texas/24-008749-003/2024(H5N1)	383	61
PB2|PP755596.1|A/cattle/Texas/24-008749-003/2024(H5N1)	384	61
PB2|PP755596.1|A/cattle/Texas/24-008749-003/2024(H5N1)	385	61
PB2|PP755596.1|A/cattle/Texas/24-008749-003/2024(H5N1)	386	61
PB2|PP755596.1|A/cattle/Texas/24-008749-003/2024(H5N1)	387	61
PB2|PP755596.1|A/cattle/Texas/24-008749-003/2024(H5N1)	388	58
PB2|PP755596.1|A/cattle/Texas/24-008749-003/2024(H5N1)	389	57
PB2|PP755596.1|A/cattle/Texas/24-008749-003/2024(H5N1)	390	57
PB2|PP755596.1|A/cattle/Texas/24-008749-003/2024(H5N1)	391	57
PB2|PP755596.1|A/cattle/Texas/24-008749-003/2024(H5N1)	392	61
PB2|PP755596.1|A/cattle/Texas/24-008749-003/2024(H5N1)	393	61
PB2|PP755596.1|A/cattle/Texas/24-008749-003/2024(H5N1)	394	61
PB2|PP755596.1|A/cattle/Texas/24-008749-003/2024(H5N1)	395	62
PB2|PP755596.1|A/cattle/Texas/24-008749-003/2024(H5N1)	396	60
PB2|PP755596.1|A/cattle/Texas/24-008749-003/2024(H5N1)	397	61
PB2|PP755596.1|A/cattle/Texas/24-008749-003/2024(H5N1)	398	61
PB2|PP755596.1|A/cattle/Texas/24-008749-003/2024(H5N1)	399	61
PB2|PP755596.1|A/cattle/Texas/24-008749-003/2024(H5N1)	400	61
PB2|PP755596.1|A/cattle/Texas/24-008749-003/2024(H5N1)	401	58
PB2|PP755596.1|A/cattle/Texas/24-008749-003/2024(H5N1)	402	55
PB2|PP755596.1|A/cattle/Texas/24-008749-003/2024(H5N1)	403	54
PB2|PP755596.1|A/cattle/Texas/24-008749-003/2024(H5N1)	404	54
PB2|PP755596.1|A/cattle/Texas/24-008749-003/2024(H5N1)	405	54
PB2|PP755596.1|A/cattle/Texas/24-008749-003/2024(H5N1)	406	54
PB2|PP755596.1|A/cattle/Texas/24-008749-003/2024(H5N1)	407	54
PB2|PP755596.1|A/cattle/Texas/24-008749-003/2024(H5N1)	408	51
PB2|PP755596.1|A/cattle/Texas/24-008749-003/2024(H5N1)	409	50
PB2|PP755596.1|A/cattle/Texas/24-008749-003/2024(H5N1)	410	49
PB2|PP755596.1|A/cattle/Texas/24-008749-003/2024(H5N1)	411	49
PB2|PP755596.1|A/cattle/Texas/24-008749-003/2024(H5N1)	412	48
PB2|PP755596.1|A/cattle/Texas/24-008749-003/2024(H5N1)	413	48
PB2|PP755596.1|A/cattle/Texas/24-008749-003/2024(H5N1)	414	48
PB2|PP755596.1|A/cattle/Texas/24-008749-003/2024(H5N1)	415	48
PB2|PP755596.1|A/cattle/Texas/24-008749-003/2024(H5N1)	416	48
PB2|PP755596.1|A/cattle/Texas/24-008749-003/2024(H5N1)	417	48
PB2|PP755596.1|A/cattle/Texas/24-008749-003/2024(H5N1)	418	48
PB2|PP755596.1|A/cattle/Texas/24-008749-003/2024(H5N1)	419	48
PB2|PP755596.1|A/cattle/Texas/24-008749-003/2024(H5N1)	420	48
PB2|PP755596.1|A/cattle/Texas/24-008749-003/2024(H5N1)	421	46
PB2|PP755596.1|A/cattle/Texas/24-008749-003/2024(H5N1)	422	45
PB2|PP755596.1|A/cattle/Texas/24-008749-003/2024(H5N1)	423	45
PB2|PP755596.1|A/cattle/Texas/24-008749-003/2024(H5N1)	424	44
PB2|PP755596.1|A/cattle/Texas/24-008749-003/2024(H5N1)	425	44
PB2|PP755596.1|A/cattle/Texas/24-008749-003/2024(H5N1)	426	44
PB2|PP755596.1|A/cattle/Texas/24-008749-003/2024(H5N1)	427	43
PB2|PP755596.1|A/cattle/Texas/24-008749-003/2024(H5N1)	428	43
PB2|PP755596.1|A/cattle/Texas/24-008749-003/2024(H5N1)	429	43
PB2|PP755596.1|A/cattle/Texas/24-008749-003/2024(H5N1)	430	42
PB2|PP755596.1|A/cattle/Texas/24-008749-003/2024(H5N1)	431	42
PB2|PP755596.1|A/cattle/Texas/24-008749-003/2024(H5N1)	432	42
PB2|PP755596.1|A/cattle/Texas/24-008749-003/2024(H5N1)	433	43
PB2|PP755596.1|A/cattle/Texas/24-008749-003/2024(H5N1)	434	43
PB2|PP755596.1|A/cattle/Texas/24-008749-003/2024(H5N1)	435	46
PB2|PP755596.1|A/cattle/Texas/24-008749-003/2024(H5N1)	436	45
PB2|PP755596.1|A/cattle/Texas/24-008749-003/2024(H5N1)	437	45
PB2|PP755596.1|A/cattle/Texas/24-008749-003/2024(H5N1)	438	45
PB2|PP755596.1|A/cattle/Texas/24-008749-003/2024(H5N1)	439	45
PB2|PP755596.1|A/cattle/Texas/24-008749-003/2024(H5N1)	440	46
PB2|PP755596.1|A/cattle/Texas/24-008749-003/2024(H5N1)	441	44
PB2|PP755596.1|A/cattle/Texas/24-008749-003/2024(H5N1)	442	45
PB2|PP755596.1|A/cattle/Texas/24-008749-003/2024(H5N1)	443	45
PB2|PP755596.1|A/cattle/Texas/24-008749-003/2024(H5N1)	444	45
PB2|PP755596.1|A/cattle/Texas/24-008749-003/2024(H5N1)	445	45
PB2|PP755596.1|A/cattle/Texas/24-008749-003/2024(H5N1)	446	44
PB2|PP755596.1|A/cattle/Texas/24-008749-003/2024(H5N1)	447	45
PB2|PP755596.1|A/cattle/Texas/24-008749-003/2024(H5N1)	448	45
PB2|PP755596.1|A/cattle/Texas/24-008749-003/2024(H5N1)	449	45
PB2|PP755596.1|A/cattle/Texas/24-008749-003/2024(H5N1)	450	44
PB2|PP755596.1|A/cattle/Texas/24-008749-003/2024(H5N1)	451	42
PB2|PP755596.1|A/cattle/Texas/24-008749-003/2024(H5N1)	452	43
PB2|PP755596.1|A/cattle/Texas/24-008749-003/2024(H5N1)	453	43
PB2|PP755596.1|A/cattle/Texas/24-008749-003/2024(H5N1)	454	43
PB2|PP755596.1|A/cattle/Texas/24-008749-003/2024(H5N1)	455	43
PB2|PP755596.1|A/cattle/Texas/24-008749-003/2024(H5N1)	456	44
PB2|PP755596.1|A/cattle/Texas/24-008749-003/2024(H5N1)	457	44
PB2|PP755596.1|A/cattle/Texas/24-008749-003/2024(H5N1)	458	44
PB2|PP755596.1|A/cattle/Texas/24-008749-003/2024(H5N1)	459	44
PB2|PP755596.1|A/cattle/Texas/24-008749-003/2024(H5N1)	460	44
PB2|PP755596.1|A/cattle/Texas/24-008749-003/2024(H5N1)	461	41
PB2|PP755596.1|A/cattle/Texas/24-008749-003/2024(H5N1)	462	43
PB2|PP755596.1|A/cattle/Texas/24-008749-003/2024(H5N1)	463	42
PB2|PP755596.1|A/cattle/Texas/24-008749-003/2024(H5N1)	464	40
PB2|PP755596.1|A/cattle/Texas/24-008749-003/2024(H5N1)	465	40
PB2|PP755596.1|A/cattle/Texas/24-008749-003/2024(H5N1)	466	40
PB2|PP755596.1|A/cattle/Texas/24-008749-003/2024(H5N1)	467	37
PB2|PP755596.1|A/cattle/Texas/24-008749-003/2024(H5N1)	468	37
PB2|PP755596.1|A/cattle/Texas/24-008749-003/2024(H5N1)	469	37
PB2|PP755596.1|A/cattle/Texas/24-008749-003/2024(H5N1)	470	37
PB2|PP755596.1|A/cattle/Texas/24-008749-003/2024(H5N1)	471	37
PB2|PP755596.1|A/cattle/Texas/24-008749-003/2024(H5N1)	472	37
PB2|PP755596.1|A/cattle/Texas/24-008749-003/2024(H5N1)	473	35
PB2|PP755596.1|A/cattle/Texas/24-008749-003/2024(H5N1)	474	35
PB2|PP755596.1|A/cattle/Texas/24-008749-003/2024(H5N1)	475	35
PB2|PP755596.1|A/cattle/Texas/24-008749-003/2024(H5N1)	476	37
PB2|PP755596.1|A/cattle/Texas/24-008749-003/2024(H5N1)	477	37
PB2|PP755596.1|A/cattle/Texas/24-008749-003/2024(H5N1)	478	36
PB2|PP755596.1|A/cattle/Texas/24-008749-003/2024(H5N1)	479	36
PB2|PP755596.1|A/cattle/Texas/24-008749-003/2024(H5N1)	480	42
PB2|PP755596.1|A/cattle/Texas/24-008749-003/2024(H5N1)	481	42
PB2|PP755596.1|A/cattle/Texas/24-008749-003/2024(H5N1)	482	44
PB2|PP755596.1|A/cattle/Texas/24-008749-003/2024(H5N1)	483	41
PB2|PP755596.1|A/cattle/Texas/24-008749-003/2024(H5N1)	484	41
PB2|PP755596.1|A/cattle/Texas/24-008749-003/2024(H5N1)	485	41
PB2|PP755596.1|A/cattle/Texas/24-008749-003/2024(H5N1)	486	41
PB2|PP755596.1|A/cattle/Texas/24-008749-003/2024(H5N1)	487	42
PB2|PP755596.1|A/cattle/Texas/24-008749-003/2024(H5N1)	488	42
PB2|PP755596.1|A/cattle/Texas/24-008749-003/2024(H5N1)	489	39
PB2|PP755596.1|A/cattle/Texas/24-008749-003/2024(H5N1)	490	39
PB2|PP755596.1|A/cattle/Texas/24-008749-003/2024(H5N1)	491	37
PB2|PP755596.1|A/cattle/Texas/24-008749-003/2024(H5N1)	492	37
PB2|PP755596.1|A/cattle/Texas/24-008749-003/2024(H5N1)	493	37
PB2|PP755596.1|A/cattle/Texas/24-008749-003/2024(H5N1)	494	37
PB2|PP755596.1|A/cattle/Texas/24-008749-003/2024(H5N1)	495	37
PB2|PP755596.1|A/cattle/Texas/24-008749-003/2024(H5N1)	496	37
PB2|PP755596.1|A/cattle/Texas/24-008749-003/2024(H5N1)	497	36
PB2|PP755596.1|A/cattle/Texas/24-008749-003/2024(H5N1)	498	37
PB2|PP755596.1|A/cattle/Texas/24-008749-003/2024(H5N1)	499	37
PB2|PP755596.1|A/cattle/Texas/24-008749-003/2024(H5N1)	500	36
PB2|PP755596.1|A/cattle/Texas/24-008749-003/2024(H5N1)	501	36
PB2|PP755596.1|A/cattle/Texas/24-008749-003/2024(H5N1)	502	36
PB2|PP755596.1|A/cattle/Texas/24-008749-003/2024(H5N1)	503	36
PB2|PP755596.1|A/cattle/Texas/24-008749-003/2024(H5N1)	504	36
PB2|PP755596.1|A/cattle/Texas/24-008749-003/2024(H5N1)	505	38
PB2|PP755596.1|A/cattle/Texas/24-008749-003/2024(H5N1)	506	38
PB2|PP755596.1|A/cattle/Texas/24-008749-003/2024(H5N1)	507	38
PB2|PP755596.1|A/cattle/Texas/24-008749-003/2024(H5N1)	508	38
PB2|PP755596.1|A/cattle/Texas/24-008749-003/2024(H5N1)	509	38
PB2|PP755596.1|A/cattle/Texas/24-008749-003/2024(H5N1)	510	38
PB2|PP755596.1|A/cattle/Texas/24-008749-003/2024(H5N1)	511	38
PB2|PP755596.1|A/cattle/Texas/24-008749-003/2024(H5N1)	512	38
PB2|PP755596.1|A/cattle/Texas/24-008749-003/2024(H5N1)	513	38
PB2|PP755596.1|A/cattle/Texas/24-008749-003/2024(H5N1)	514	38
PB2|PP755596.1|A/cattle/Texas/24-008749-003/2024(H5N1)	515	37
PB2|PP755596.1|A/cattle/Texas/24-008749-003/2024(H5N1)	516	37
PB2|PP755596.1|A/cattle/Texas/24-008749-003/2024(H5N1)	517	37
PB2|PP755596.1|A/cattle/Texas/24-008749-003/2024(H5N1)	518	37
PB2|PP755596.1|A/cattle/Texas/24-008749-003/2024(H5N1)	519	37
PB2|PP755596.1|A/cattle/Texas/24-008749-003/2024(H5N1)	520	37
PB2|PP755596.1|A/cattle/Texas/24-008749-003/2024(H5N1)	521	35
PB2|PP755596.1|A/cattle/Texas/24-008749-003/2024(H5N1)	522	35
PB2|PP755596.1|A/cattle/Texas/24-008749-003/2024(H5N1)	523	35
PB2|PP755596.1|A/cattle/Texas/24-008749-003/2024(H5N1)	524	36
PB2|PP755596.1|A/cattle/Texas/24-008749-003/2024(H5N1)	525	38
PB2|PP755596.1|A/cattle/Texas/24-008749-003/2024(H5N1)	526	38
PB2|PP755596.1|A/cattle/Texas/24-008749-003/2024(H5N1)	527	38
PB2|PP755596.1|A/cattle/Texas/24-008749-003/2024(H5N1)	528	38
PB2|PP755596.1|A/cattle/Texas/24-008749-003/2024(H5N1)	529	36
PB2|PP755596.1|A/cattle/Texas/24-008749-003/2024(H5N1)	530	36
PB2|PP755596.1|A/cattle/Texas/24-008749-003/2024(H5N1)	531	36
PB2|PP755596.1|A/cattle/Texas/24-008749-003/2024(H5N1)	532	36
PB2|PP755596.1|A/cattle/Texas/24-008749-003/2024(H5N1)	533	36
PB2|PP755596.1|A/cattle/Texas/24-008749-003/2024(H5N1)	534	36
PB2|PP755596.1|A/cattle/Texas/24-008749-003/2024(H5N1)	535	36
PB2|PP755596.1|A/cattle/Texas/24-008749-003/2024(H5N1)	536	38
PB2|PP755596.1|A/cattle/Texas/24-008749-003/2024(H5N1)	537	38
PB2|PP755596.1|A/cattle/Texas/24-008749-003/2024(H5N1)	538	39
PB2|PP755596.1|A/cattle/Texas/24-008749-003/2024(H5N1)	539	40
PB2|PP755596.1|A/cattle/Texas/24-008749-003/2024(H5N1)	540	40
PB2|PP755596.1|A/cattle/Texas/24-008749-003/2024(H5N1)	541	41
PB2|PP755596.1|A/cattle/Texas/24-008749-003/2024(H5N1)	542	38
PB2|PP755596.1|A/cattle/Texas/24-008749-003/2024(H5N1)	543	38
PB2|PP755596.1|A/cattle/Texas/24-008749-003/2024(H5N1)	544	38
PB2|PP755596.1|A/cattle/Texas/24-008749-003/2024(H5N1)	545	38
PB2|PP755596.1|A/cattle/Texas/24-008749-003/2024(H5N1)	546	37
PB2|PP755596.1|A/cattle/Texas/24-008749-003/2024(H5N1)	547	37
PB2|PP755596.1|A/cattle/Texas/24-008749-003/2024(H5N1)	548	36
PB2|PP755596.1|A/cattle/Texas/24-008749-003/2024(H5N1)	549	36
PB2|PP755596.1|A/cattle/Texas/24-008749-003/2024(H5N1)	550	37
PB2|PP755596.1|A/cattle/Texas/24-008749-003/2024(H5N1)	551	37
PB2|PP755596.1|A/cattle/Texas/24-008749-003/2024(H5N1)	552	37
PB2|PP755596.1|A/cattle/Texas/24-008749-003/2024(H5N1)	553	37
PB2|PP755596.1|A/cattle/Texas/24-008749-003/2024(H5N1)	554	38
PB2|PP755596.1|A/cattle/Texas/24-008749-003/2024(H5N1)	555	38
PB2|PP755596.1|A/cattle/Texas/24-008749-003/2024(H5N1)	556	38
PB2|PP755596.1|A/cattle/Texas/24-008749-003/2024(H5N1)	557	38
PB2|PP755596.1|A/cattle/Texas/24-008749-003/2024(H5N1)	558	37
PB2|PP755596.1|A/cattle/Texas/24-008749-003/2024(H5N1)	559	37
PB2|PP755596.1|A/cattle/Texas/24-008749-003/2024(H5N1)	560	37
PB2|PP755596.1|A/cattle/Texas/24-008749-003/2024(H5N1)	561	37
PB2|PP755596.1|A/cattle/Texas/24-008749-003/2024(H5N1)	562	38
PB2|PP755596.1|A/cattle/Texas/24-008749-003/2024(H5N1)	563	38
PB2|PP755596.1|A/cattle/Texas/24-008749-003/2024(H5N1)	564	38
PB2|PP755596.1|A/cattle/Texas/24-008749-003/2024(H5N1)	565	38
PB2|PP755596.1|A/cattle/Texas/24-008749-003/2024(H5N1)	566	38
PB2|PP755596.1|A/cattle/Texas/24-008749-003/2024(H5N1)	567	40
PB2|PP755596.1|A/cattle/Texas/24-008749-003/2024(H5N1)	568	42
PB2|PP755596.1|A/cattle/Texas/24-008749-003/2024(H5N1)	569	42
PB2|PP755596.1|A/cattle/Texas/24-008749-003/2024(H5N1)	570	41
PB2|PP755596.1|A/cattle/Texas/24-008749-003/2024(H5N1)	571	43
PB2|PP755596.1|A/cattle/Texas/24-008749-003/2024(H5N1)	572	44
PB2|PP755596.1|A/cattle/Texas/24-008749-003/2024(H5N1)	573	44
PB2|PP755596.1|A/cattle/Texas/24-008749-003/2024(H5N1)	574	44
PB2|PP755596.1|A/cattle/Texas/24-008749-003/2024(H5N1)	575	44
PB2|PP755596.1|A/cattle/Texas/24-008749-003/2024(H5N1)	576	44
PB2|PP755596.1|A/cattle/Texas/24-008749-003/2024(H5N1)	577	50
PB2|PP755596.1|A/cattle/Texas/24-008749-003/2024(H5N1)	578	50
PB2|PP755596.1|A/cattle/Texas/24-008749-003/2024(H5N1)	579	50
PB2|PP755596.1|A/cattle/Texas/24-008749-003/2024(H5N1)	580	50
PB2|PP755596.1|A/cattle/Texas/24-008749-003/2024(H5N1)	581	50
PB2|PP755596.1|A/cattle/Texas/24-008749-003/2024(H5N1)	582	50
PB2|PP755596.1|A/cattle/Texas/24-008749-003/2024(H5N1)	583	50
PB2|PP755596.1|A/cattle/Texas/24-008749-003/2024(H5N1)	584	51
PB2|PP755596.1|A/cattle/Texas/24-008749-003/2024(H5N1)	585	51
PB2|PP755596.1|A/cattle/Texas/24-008749-003/2024(H5N1)	586	49
PB2|PP755596.1|A/cattle/Texas/24-008749-003/2024(H5N1)	587	49
PB2|PP755596.1|A/cattle/Texas/24-008749-003/2024(H5N1)	588	49
PB2|PP755596.1|A/cattle/Texas/24-008749-003/2024(H5N1)	589	49
PB2|PP755596.1|A/cattle/Texas/24-008749-003/2024(H5N1)	590	49
PB2|PP755596.1|A/cattle/Texas/24-008749-003/2024(H5N1)	591	48
PB2|PP755596.1|A/cattle/Texas/24-008749-003/2024(H5N1)	592	49
PB2|PP755596.1|A/cattle/Texas/24-008749-003/2024(H5N1)	593	50
PB2|PP755596.1|A/cattle/Texas/24-008749-003/2024(H5N1)	594	49
PB2|PP755596.1|A/cattle/Texas/24-008749-003/2024(H5N1)	595	49
PB2|PP755596.1|A/cattle/Texas/24-008749-003/2024(H5N1)	596	49
PB2|PP755596.1|A/cattle/Texas/24-008749-003/2024(H5N1)	597	48
PB2|PP755596.1|A/cattle/Texas/24-008749-003/2024(H5N1)	598	50
PB2|PP755596.1|A/cattle/Texas/24-008749-003/2024(H5N1)	599	50
PB2|PP755596.1|A/cattle/Texas/24-008749-003/2024(H5N1)	600	54
PB2|PP755596.1|A/cattle/Texas/24-008749-003/2024(H5N1)	601	53
PB2|PP755596.1|A/cattle/Texas/24-008749-003/2024(H5N1)	602	53
PB2|PP755596.1|A/cattle/Texas/24-008749-003/2024(H5N1)	603	53
PB2|PP755596.1|A/cattle/Texas/24-008749-003/2024(H5N1)	604	53
PB2|PP755596.1|A/cattle/Texas/24-008749-003/2024(H5N1)	605	56
PB2|PP755596.1|A/cattle/Texas/24-008749-003/2024(H5N1)	606	58
PB2|PP755596.1|A/cattle/Texas/24-008749-003/2024(H5N1)	607	60
PB2|PP755596.1|A/cattle/Texas/24-008749-003/2024(H5N1)	608	58
PB2|PP755596.1|A/cattle/Texas/24-008749-003/2024(H5N1)	609	58
PB2|PP755596.1|A/cattle/Texas/24-008749-003/2024(H5N1)	610	58
PB2|PP755596.1|A/cattle/Texas/24-008749-003/2024(H5N1)	611	59
PB2|PP755596.1|A/cattle/Texas/24-008749-003/2024(H5N1)	612	59
PB2|PP755596.1|A/cattle/Texas/24-008749-003/2024(H5N1)	613	57
PB2|PP755596.1|A/cattle/Texas/24-008749-003/2024(H5N1)	614	58
PB2|PP755596.1|A/cattle/Texas/24-008749-003/2024(H5N1)	615	58
PB2|PP755596.1|A/cattle/Texas/24-008749-003/2024(H5N1)	616	57
PB2|PP755596.1|A/cattle/Texas/24-008749-003/2024(H5N1)	617	57
PB2|PP755596.1|A/cattle/Texas/24-008749-003/2024(H5N1)	618	57
PB2|PP755596.1|A/cattle/Texas/24-008749-003/2024(H5N1)	619	58
PB2|PP755596.1|A/cattle/Texas/24-008749-003/2024(H5N1)	620	58
PB2|PP755596.1|A/cattle/Texas/24-008749-003/2024(H5N1)	621	58
PB2|PP755596.1|A/cattle/Texas/24-008749-003/2024(H5N1)	622	58
PB2|PP755596.1|A/cattle/Texas/24-008749-003/2024(H5N1)	623	60
PB2|PP755596.1|A/cattle/Texas/24-008749-003/2024(H5N1)	624	61
PB2|PP755596.1|A/cattle/Texas/24-008749-003/2024(H5N1)	625	61
PB2|PP755596.1|A/cattle/Texas/24-008749-003/2024(H5N1)	626	61
PB2|PP755596.1|A/cattle/Texas/24-008749-003/2024(H5N1)	627	59
PB2|PP755596.1|A/cattle/Texas/24-008749-003/2024(H5N1)	628	59
PB2|PP755596.1|A/cattle/Texas/24-008749-003/2024(H5N1)	629	59
PB2|PP755596.1|A/cattle/Texas/24-008749-003/2024(H5N1)	630	59
PB2|PP755596.1|A/cattle/Texas/24-008749-003/2024(H5N1)	631	55
PB2|PP755596.1|A/cattle/Texas/24-008749-003/2024(H5N1)	632	53
PB2|PP755596.1|A/cattle/Texas/24-008749-003/2024(H5N1)	633	53
PB2|PP755596.1|A/cattle/Texas/24-008749-003/2024(H5N1)	634	53
PB2|PP755596.1|A/cattle/Texas/24-008749-003/2024(H5N1)	635	53
PB2|PP755596.1|A/cattle/Texas/24-008749-003/2024(H5N1)	636	54
PB2|PP755596.1|A/cattle/Texas/24-008749-003/2024(H5N1)	637	53
PB2|PP755596.1|A/cattle/Texas/24-008749-003/2024(H5N1)	638	53
PB2|PP755596.1|A/cattle/Texas/24-008749-003/2024(H5N1)	639	53
PB2|PP755596.1|A/cattle/Texas/24-008749-003/2024(H5N1)	640	53
PB2|PP755596.1|A/cattle/Texas/24-008749-003/2024(H5N1)	641	53
PB2|PP755596.1|A/cattle/Texas/24-008749-003/2024(H5N1)	642	53
PB2|PP755596.1|A/cattle/Texas/24-008749-003/2024(H5N1)	643	53
PB2|PP755596.1|A/cattle/Texas/24-008749-003/2024(H5N1)	644	53
PB2|PP755596.1|A/cattle/Texas/24-008749-003/2024(H5N1)	645	54
PB2|PP755596.1|A/cattle/Texas/24-008749-003/2024(H5N1)	646	54
PB2|PP755596.1|A/cattle/Texas/24-008749-003/2024(H5N1)	647	55
PB2|PP755596.1|A/cattle/Texas/24-008749-003/2024(H5N1)	648	55
PB2|PP755596.1|A/cattle/Texas/24-008749-003/2024(H5N1)	649	54
PB2|PP755596.1|A/cattle/Texas/24-008749-003/2024(H5N1)	650	54
PB2|PP755596.1|A/cattle/Texas/24-008749-003/2024(H5N1)	651	54
PB2|PP755596.1|A/cattle/Texas/24-008749-003/2024(H5N1)	652	54
PB2|PP755596.1|A/cattle/Texas/24-008749-003/2024(H5N1)	653	54
PB2|PP755596.1|A/cattle/Texas/24-008749-003/2024(H5N1)	654	55
PB2|PP755596.1|A/cattle/Texas/24-008749-003/2024(H5N1)	655	55
PB2|PP755596.1|A/cattle/Texas/24-008749-003/2024(H5N1)	656	53
PB2|PP755596.1|A/cattle/Texas/24-008749-003/2024(H5N1)	657	53
PB2|PP755596.1|A/cattle/Texas/24-008749-003/2024(H5N1)	658	53
PB2|PP755596.1|A/cattle/Texas/24-008749-003/2024(H5N1)	659	55
PB2|PP755596.1|A/cattle/Texas/24-008749-003/2024(H5N1)	660	55
PB2|PP755596.1|A/cattle/Texas/24-008749-003/2024(H5N1)	661	55
PB2|PP755596.1|A/cattle/Texas/24-008749-003/2024(H5N1)	662	56
PB2|PP755596.1|A/cattle/Texas/24-008749-003/2024(H5N1)	663	56
PB2|PP755596.1|A/cattle/Texas/24-008749-003/2024(H5N1)	664	56
PB2|PP755596.1|A/cattle/Texas/24-008749-003/2024(H5N1)	665	59
PB2|PP755596.1|A/cattle/Texas/24-008749-003/2024(H5N1)	666	59
PB2|PP755596.1|A/cattle/Texas/24-008749-003/2024(H5N1)	667	59
PB2|PP755596.1|A/cattle/Texas/24-008749-003/2024(H5N1)	668	59
PB2|PP755596.1|A/cattle/Texas/24-008749-003/2024(H5N1)	669	60
PB2|PP755596.1|A/cattle/Texas/24-008749-003/2024(H5N1)	670	60
PB2|PP755596.1|A/cattle/Texas/24-008749-003/2024(H5N1)	671	61
PB2|PP755596.1|A/cattle/Texas/24-008749-003/2024(H5N1)	672	61
PB2|PP755596.1|A/cattle/Texas/24-008749-003/2024(H5N1)	673	61
PB2|PP755596.1|A/cattle/Texas/24-008749-003/2024(H5N1)	674	61
PB2|PP755596.1|A/cattle/Texas/24-008749-003/2024(H5N1)	675	59
PB2|PP755596.1|A/cattle/Texas/24-008749-003/2024(H5N1)	676	58
PB2|PP755596.1|A/cattle/Texas/24-008749-003/2024(H5N1)	677	58
PB2|PP755596.1|A/cattle/Texas/24-008749-003/2024(H5N1)	678	58
PB2|PP755596.1|A/cattle/Texas/24-008749-003/2024(H5N1)	679	59
PB2|PP755596.1|A/cattle/Texas/24-008749-003/2024(H5N1)	680	59
PB2|PP755596.1|A/cattle/Texas/24-008749-003/2024(H5N1)	681	59
PB2|PP755596.1|A/cattle/Texas/24-008749-003/2024(H5N1)	682	58
PB2|PP755596.1|A/cattle/Texas/24-008749-003/2024(H5N1)	683	59
PB2|PP755596.1|A/cattle/Texas/24-008749-003/2024(H5N1)	684	59
PB2|PP755596.1|A/cattle/Texas/24-008749-003/2024(H5N1)	685	59
PB2|PP755596.1|A/cattle/Texas/24-008749-003/2024(H5N1)	686	59
PB2|PP755596.1|A/cattle/Texas/24-008749-003/2024(H5N1)	687	57
PB2|PP755596.1|A/cattle/Texas/24-008749-003/2024(H5N1)	688	56
PB2|PP755596.1|A/cattle/Texas/24-008749-003/2024(H5N1)	689	53
PB2|PP755596.1|A/cattle/Texas/24-008749-003/2024(H5N1)	690	53
PB2|PP755596.1|A/cattle/Texas/24-008749-003/2024(H5N1)	691	53
PB2|PP755596.1|A/cattle/Texas/24-008749-003/2024(H5N1)	692	51
PB2|PP755596.1|A/cattle/Texas/24-008749-003/2024(H5N1)	693	51
PB2|PP755596.1|A/cattle/Texas/24-008749-003/2024(H5N1)	694	51
PB2|PP755596.1|A/cattle/Texas/24-008749-003/2024(H5N1)	695	51
PB2|PP755596.1|A/cattle/Texas/24-008749-003/2024(H5N1)	696	51
PB2|PP755596.1|A/cattle/Texas/24-008749-003/2024(H5N1)	697	55
PB2|PP755596.1|A/cattle/Texas/24-008749-003/2024(H5N1)	698	55
PB2|PP755596.1|A/cattle/Texas/24-008749-003/2024(H5N1)	699	55
PB2|PP755596.1|A/cattle/Texas/24-008749-003/2024(H5N1)	700	54
PB2|PP755596.1|A/cattle/Texas/24-008749-003/2024(H5N1)	701	55
PB2|PP755596.1|A/cattle/Texas/24-008749-003/2024(H5N1)	702	55
PB2|PP755596.1|A/cattle/Texas/24-008749-003/2024(H5N1)	703	55
PB2|PP755596.1|A/cattle/Texas/24-008749-003/2024(H5N1)	704	55
PB2|PP755596.1|A/cattle/Texas/24-008749-003/2024(H5N1)	705	55
PB2|PP755596.1|A/cattle/Texas/24-008749-003/2024(H5N1)	706	55
PB2|PP755596.1|A/cattle/Texas/24-008749-003/2024(H5N1)	707	55
PB2|PP755596.1|A/cattle/Texas/24-008749-003/2024(H5N1)	708	57
PB2|PP755596.1|A/cattle/Texas/24-008749-003/2024(H5N1)	709	58
PB2|PP755596.1|A/cattle/Texas/24-008749-003/2024(H5N1)	710	58
PB2|PP755596.1|A/cattle/Texas/24-008749-003/2024(H5N1)	711	58
PB2|PP755596.1|A/cattle/Texas/24-008749-003/2024(H5N1)	712	58
PB2|PP755596.1|A/cattle/Texas/24-008749-003/2024(H5N1)	713	58
PB2|PP755596.1|A/cattle/Texas/24-008749-003/2024(H5N1)	714	58
PB2|PP755596.1|A/cattle/Texas/24-008749-003/2024(H5N1)	715	58
PB2|PP755596.1|A/cattle/Texas/24-008749-003/2024(H5N1)	716	58
PB2|PP755596.1|A/cattle/Texas/24-008749-003/2024(H5N1)	717	55
PB2|PP755596.1|A/cattle/Texas/24-008749-003/2024(H5N1)	718	53
PB2|PP755596.1|A/cattle/Texas/24-008749-003/2024(H5N1)	719	53
PB2|PP755596.1|A/cattle/Texas/24-008749-003/2024(H5N1)	720	53
PB2|PP755596.1|A/cattle/Texas/24-008749-003/2024(H5N1)	721	55
PB2|PP755596.1|A/cattle/Texas/24-008749-003/2024(H5N1)	722	53
PB2|PP755596.1|A/cattle/Texas/24-008749-003/2024(H5N1)	723	53
PB2|PP755596.1|A/cattle/Texas/24-008749-003/2024(H5N1)	724	53
PB2|PP755596.1|A/cattle/Texas/24-008749-003/2024(H5N1)	725	53
PB2|PP755596.1|A/cattle/Texas/24-008749-003/2024(H5N1)	726	54
PB2|PP755596.1|A/cattle/Texas/24-008749-003/2024(H5N1)	727	54
PB2|PP755596.1|A/cattle/Texas/24-008749-003/2024(H5N1)	728	49
PB2|PP755596.1|A/cattle/Texas/24-008749-003/2024(H5N1)	729	49
PB2|PP755596.1|A/cattle/Texas/24-008749-003/2024(H5N1)	730	52
PB2|PP755596.1|A/cattle/Texas/24-008749-003/2024(H5N1)	731	52
PB2|PP755596.1|A/cattle/Texas/24-008749-003/2024(H5N1)	732	53
PB2|PP755596.1|A/cattle/Texas/24-008749-003/2024(H5N1)	733	53
PB2|PP755596.1|A/cattle/Texas/24-008749-003/2024(H5N1)	734	53
PB2|PP755596.1|A/cattle/Texas/24-008749-003/2024(H5N1)	735	52
PB2|PP755596.1|A/cattle/Texas/24-008749-003/2024(H5N1)	736	52
PB2|PP755596.1|A/cattle/Texas/24-008749-003/2024(H5N1)	737	51
PB2|PP755596.1|A/cattle/Texas/24-008749-003/2024(H5N1)	738	51
PB2|PP755596.1|A/cattle/Texas/24-008749-003/2024(H5N1)	739	51
PB2|PP755596.1|A/cattle/Texas/24-008749-003/2024(H5N1)	740	52
PB2|PP755596.1|A/cattle/Texas/24-008749-003/2024(H5N1)	741	52
PB2|PP755596.1|A/cattle/Texas/24-008749-003/2024(H5N1)	742	52
PB2|PP755596.1|A/cattle/Texas/24-008749-003/2024(H5N1)	743	52
PB2|PP755596.1|A/cattle/Texas/24-008749-003/2024(H5N1)	744	51
PB2|PP755596.1|A/cattle/Texas/24-008749-003/2024(H5N1)	745	51
PB2|PP755596.1|A/cattle/Texas/24-008749-003/2024(H5N1)	746	51
PB2|PP755596.1|A/cattle/Texas/24-008749-003/2024(H5N1)	747	51
PB2|PP755596.1|A/cattle/Texas/24-008749-003/2024(H5N1)	748	51
PB2|PP755596.1|A/cattle/Texas/24-008749-003/2024(H5N1)	749	49
PB2|PP755596.1|A/cattle/Texas/24-008749-003/2024(H5N1)	750	49
PB2|PP755596.1|A/cattle/Texas/24-008749-003/2024(H5N1)	751	45
PB2|PP755596.1|A/cattle/Texas/24-008749-003/2024(H5N1)	752	45
PB2|PP755596.1|A/cattle/Texas/24-008749-003/2024(H5N1)	753	45
PB2|PP755596.1|A/cattle/Texas/24-008749-003/2024(H5N1)	754	45
PB2|PP755596.1|A/cattle/Texas/24-008749-003/2024(H5N1)	755	45
PB2|PP755596.1|A/cattle/Texas/24-008749-003/2024(H5N1)	756	42
PB2|PP755596.1|A/cattle/Texas/24-008749-003/2024(H5N1)	757	42
PB2|PP755596.1|A/cattle/Texas/24-008749-003/2024(H5N1)	758	39
PB2|PP755596.1|A/cattle/Texas/24-008749-003/2024(H5N1)	759	39
PB2|PP755596.1|A/cattle/Texas/24-008749-003/2024(H5N1)	760	39
PB2|PP755596.1|A/cattle/Texas/24-008749-003/2024(H5N1)	761	41
PB2|PP755596.1|A/cattle/Texas/24-008749-003/2024(H5N1)	762	40
PB2|PP755596.1|A/cattle/Texas/24-008749-003/2024(H5N1)	763	40
PB2|PP755596.1|A/cattle/Texas/24-008749-003/2024(H5N1)	764	40
PB2|PP755596.1|A/cattle/Texas/24-008749-003/2024(H5N1)	765	39
PB2|PP755596.1|A/cattle/Texas/24-008749-003/2024(H5N1)	766	42
PB2|PP755596.1|A/cattle/Texas/24-008749-003/2024(H5N1)	767	42
PB2|PP755596.1|A/cattle/Texas/24-008749-003/2024(H5N1)	768	43
PB2|PP755596.1|A/cattle/Texas/24-008749-003/2024(H5N1)	769	43
PB2|PP755596.1|A/cattle/Texas/24-008749-003/2024(H5N1)	770	44
PB2|PP755596.1|A/cattle/Texas/24-008749-003/2024(H5N1)	771	44
PB2|PP755596.1|A/cattle/Texas/24-008749-003/2024(H5N1)	772	44
PB2|PP755596.1|A/cattle/Texas/24-008749-003/2024(H5N1)	773	44
PB2|PP755596.1|A/cattle/Texas/24-008749-003/2024(H5N1)	774	42
PB2|PP755596.1|A/cattle/Texas/24-008749-003/2024(H5N1)	775	41
PB2|PP755596.1|A/cattle/Texas/24-008749-003/2024(H5N1)	776	41
PB2|PP755596.1|A/cattle/Texas/24-008749-003/2024(H5N1)	777	41
PB2|PP755596.1|A/cattle/Texas/24-008749-003/2024(H5N1)	778	41
PB2|PP755596.1|A/cattle/Texas/24-008749-003/2024(H5N1)	779	41
PB2|PP755596.1|A/cattle/Texas/24-008749-003/2024(H5N1)	780	41
PB2|PP755596.1|A/cattle/Texas/24-008749-003/2024(H5N1)	781	41
PB2|PP755596.1|A/cattle/Texas/24-008749-003/2024(H5N1)	782	39
PB2|PP755596.1|A/cattle/Texas/24-008749-003/2024(H5N1)	783	39
PB2|PP755596.1|A/cattle/Texas/24-008749-003/2024(H5N1)	784	39
PB2|PP755596.1|A/cattle/Texas/24-008749-003/2024(H5N1)	785	42
PB2|PP755596.1|A/cattle/Texas/24-008749-003/2024(H5N1)	786	42
PB2|PP755596.1|A/cattle/Texas/24-008749-003/2024(H5N1)	787	45
PB2|PP755596.1|A/cattle/Texas/24-008749-003/2024(H5N1)	788	45
PB2|PP755596.1|A/cattle/Texas/24-008749-003/2024(H5N1)	789	46
PB2|PP755596.1|A/cattle/Texas/24-008749-003/2024(H5N1)	790	46
PB2|PP755596.1|A/cattle/Texas/24-008749-003/2024(H5N1)	791	47
PB2|PP755596.1|A/cattle/Texas/24-008749-003/2024(H5N1)	792	47
PB2|PP755596.1|A/cattle/Texas/24-008749-003/2024(H5N1)	793	47
PB2|PP755596.1|A/cattle/Texas/24-008749-003/2024(H5N1)	794	47
PB2|PP755596.1|A/cattle/Texas/24-008749-003/2024(H5N1)	795	47
PB2|PP755596.1|A/cattle/Texas/24-008749-003/2024(H5N1)	796	46
PB2|PP755596.1|A/cattle/Texas/24-008749-003/2024(H5N1)	797	46
PB2|PP755596.1|A/cattle/Texas/24-008749-003/2024(H5N1)	798	45
PB2|PP755596.1|A/cattle/Texas/24-008749-003/2024(H5N1)	799	47
PB2|PP755596.1|A/cattle/Texas/24-008749-003/2024(H5N1)	800	47
PB2|PP755596.1|A/cattle/Texas/24-008749-003/2024(H5N1)	801	47
PB2|PP755596.1|A/cattle/Texas/24-008749-003/2024(H5N1)	802	47
PB2|PP755596.1|A/cattle/Texas/24-008749-003/2024(H5N1)	803	47
PB2|PP755596.1|A/cattle/Texas/24-008749-003/2024(H5N1)	804	48
PB2|PP755596.1|A/cattle/Texas/24-008749-003/2024(H5N1)	805	47
PB2|PP755596.1|A/cattle/Texas/24-008749-003/2024(H5N1)	806	49
PB2|PP755596.1|A/cattle/Texas/24-008749-003/2024(H5N1)	807	47
PB2|PP755596.1|A/cattle/Texas/24-008749-003/2024(H5N1)	808	48
PB2|PP755596.1|A/cattle/Texas/24-008749-003/2024(H5N1)	809	48
PB2|PP755596.1|A/cattle/Texas/24-008749-003/2024(H5N1)	810	48
PB2|PP755596.1|A/cattle/Texas/24-008749-003/2024(H5N1)	811	48
PB2|PP755596.1|A/cattle/Texas/24-008749-003/2024(H5N1)	812	48
PB2|PP755596.1|A/cattle/Texas/24-008749-003/2024(H5N1)	813	47
PB2|PP755596.1|A/cattle/Texas/24-008749-003/2024(H5N1)	814	47
PB2|PP755596.1|A/cattle/Texas/24-008749-003/2024(H5N1)	815	45
PB2|PP755596.1|A/cattle/Texas/24-008749-003/2024(H5N1)	816	45
PB2|PP755596.1|A/cattle/Texas/24-008749-003/2024(H5N1)	817	45
PB2|PP755596.1|A/cattle/Texas/24-008749-003/2024(H5N1)	818	45
PB2|PP755596.1|A/cattle/Texas/24-008749-003/2024(H5N1)	819	45
PB2|PP755596.1|A/cattle/Texas/24-008749-003/2024(H5N1)	820	44
PB2|PP755596.1|A/cattle/Texas/24-008749-003/2024(H5N1)	821	44
PB2|PP755596.1|A/cattle/Texas/24-008749-003/2024(H5N1)	822	43
PB2|PP755596.1|A/cattle/Texas/24-008749-003/2024(H5N1)	823	43
PB2|PP755596.1|A/cattle/Texas/24-008749-003/2024(H5N1)	824	43
PB2|PP755596.1|A/cattle/Texas/24-008749-003/2024(H5N1)	825	44
PB2|PP755596.1|A/cattle/Texas/24-008749-003/2024(H5N1)	826	44
PB2|PP755596.1|A/cattle/Texas/24-008749-003/2024(H5N1)	827	44
PB2|PP755596.1|A/cattle/Texas/24-008749-003/2024(H5N1)	828	44
PB2|PP755596.1|A/cattle/Texas/24-008749-003/2024(H5N1)	829	44
PB2|PP755596.1|A/cattle/Texas/24-008749-003/2024(H5N1)	830	43
PB2|PP755596.1|A/cattle/Texas/24-008749-003/2024(H5N1)	831	43
PB2|PP755596.1|A/cattle/Texas/24-008749-003/2024(H5N1)	832	43
PB2|PP755596.1|A/cattle/Texas/24-008749-003/2024(H5N1)	833	43
PB2|PP755596.1|A/cattle/Texas/24-008749-003/2024(H5N1)	834	42
PB2|PP755596.1|A/cattle/Texas/24-008749-003/2024(H5N1)	835	42
PB2|PP755596.1|A/cattle/Texas/24-008749-003/2024(H5N1)	836	42
PB2|PP755596.1|A/cattle/Texas/24-008749-003/2024(H5N1)	837	42
PB2|PP755596.1|A/cattle/Texas/24-008749-003/2024(H5N1)	838	47
PB2|PP755596.1|A/cattle/Texas/24-008749-003/2024(H5N1)	839	47
PB2|PP755596.1|A/cattle/Texas/24-008749-003/2024(H5N1)	840	47
PB2|PP755596.1|A/cattle/Texas/24-008749-003/2024(H5N1)	841	47
PB2|PP755596.1|A/cattle/Texas/24-008749-003/2024(H5N1)	842	47
PB2|PP755596.1|A/cattle/Texas/24-008749-003/2024(H5N1)	843	47
PB2|PP755596.1|A/cattle/Texas/24-008749-003/2024(H5N1)	844	47
PB2|PP755596.1|A/cattle/Texas/24-008749-003/2024(H5N1)	845	47
PB2|PP755596.1|A/cattle/Texas/24-008749-003/2024(H5N1)	846	47
PB2|PP755596.1|A/cattle/Texas/24-008749-003/2024(H5N1)	847	44
PB2|PP755596.1|A/cattle/Texas/24-008749-003/2024(H5N1)	848	43
PB2|PP755596.1|A/cattle/Texas/24-008749-003/2024(H5N1)	849	43
PB2|PP755596.1|A/cattle/Texas/24-008749-003/2024(H5N1)	850	42
PB2|PP755596.1|A/cattle/Texas/24-008749-003/2024(H5N1)	851	42
PB2|PP755596.1|A/cattle/Texas/24-008749-003/2024(H5N1)	852	41
PB2|PP755596.1|A/cattle/Texas/24-008749-003/2024(H5N1)	853	41
PB2|PP755596.1|A/cattle/Texas/24-008749-003/2024(H5N1)	854	41
PB2|PP755596.1|A/cattle/Texas/24-008749-003/2024(H5N1)	855	41
PB2|PP755596.1|A/cattle/Texas/24-008749-003/2024(H5N1)	856	40
PB2|PP755596.1|A/cattle/Texas/24-008749-003/2024(H5N1)	857	40
PB2|PP755596.1|A/cattle/Texas/24-008749-003/2024(H5N1)	858	42
PB2|PP755596.1|A/cattle/Texas/24-008749-003/2024(H5N1)	859	42
PB2|PP755596.1|A/cattle/Texas/24-008749-003/2024(H5N1)	860	43
PB2|PP755596.1|A/cattle/Texas/24-008749-003/2024(H5N1)	861	43
PB2|PP755596.1|A/cattle/Texas/24-008749-003/2024(H5N1)	862	43
PB2|PP755596.1|A/cattle/Texas/24-008749-003/2024(H5N1)	863	43
PB2|PP755596.1|A/cattle/Texas/24-008749-003/2024(H5N1)	864	45
PB2|PP755596.1|A/cattle/Texas/24-008749-003/2024(H5N1)	865	45
PB2|PP755596.1|A/cattle/Texas/24-008749-003/2024(H5N1)	866	45
PB2|PP755596.1|A/cattle/Texas/24-008749-003/2024(H5N1)	867	45
PB2|PP755596.1|A/cattle/Texas/24-008749-003/2024(H5N1)	868	45
PB2|PP755596.1|A/cattle/Texas/24-008749-003/2024(H5N1)	869	45
PB2|PP755596.1|A/cattle/Texas/24-008749-003/2024(H5N1)	870	45
PB2|PP755596.1|A/cattle/Texas/24-008749-003/2024(H5N1)	871	45
PB2|PP755596.1|A/cattle/Texas/24-008749-003/2024(H5N1)	872	46
PB2|PP755596.1|A/cattle/Texas/24-008749-003/2024(H5N1)	873	45
PB2|PP755596.1|A/cattle/Texas/24-008749-003/2024(H5N1)	874	45
PB2|PP755596.1|A/cattle/Texas/24-008749-003/2024(H5N1)	875	44
PB2|PP755596.1|A/cattle/Texas/24-008749-003/2024(H5N1)	876	44
PB2|PP755596.1|A/cattle/Texas/24-008749-003/2024(H5N1)	877	43
PB2|PP755596.1|A/cattle/Texas/24-008749-003/2024(H5N1)	878	42
PB2|PP755596.1|A/cattle/Texas/24-008749-003/2024(H5N1)	879	43
PB2|PP755596.1|A/cattle/Texas/24-008749-003/2024(H5N1)	880	43
PB2|PP755596.1|A/cattle/Texas/24-008749-003/2024(H5N1)	881	41
PB2|PP755596.1|A/cattle/Texas/24-008749-003/2024(H5N1)	882	41
PB2|PP755596.1|A/cattle/Texas/24-008749-003/2024(H5N1)	883	41
PB2|PP755596.1|A/cattle/Texas/24-008749-003/2024(H5N1)	884	42
PB2|PP755596.1|A/cattle/Texas/24-008749-003/2024(H5N1)	885	42
PB2|PP755596.1|A/cattle/Texas/24-008749-003/2024(H5N1)	886	42
PB2|PP755596.1|A/cattle/Texas/24-008749-003/2024(H5N1)	887	42
PB2|PP755596.1|A/cattle/Texas/24-008749-003/2024(H5N1)	888	42
PB2|PP755596.1|A/cattle/Texas/24-008749-003/2024(H5N1)	889	42
PB2|PP755596.1|A/cattle/Texas/24-008749-003/2024(H5N1)	890	43
PB2|PP755596.1|A/cattle/Texas/24-008749-003/2024(H5N1)	891	42
PB2|PP755596.1|A/cattle/Texas/24-008749-003/2024(H5N1)	892	42
PB2|PP755596.1|A/cattle/Texas/24-008749-003/2024(H5N1)	893	41
PB2|PP755596.1|A/cattle/Texas/24-008749-003/2024(H5N1)	894	41
PB2|PP755596.1|A/cattle/Texas/24-008749-003/2024(H5N1)	895	41
PB2|PP755596.1|A/cattle/Texas/24-008749-003/2024(H5N1)	896	41
PB2|PP755596.1|A/cattle/Texas/24-008749-003/2024(H5N1)	897	41
PB2|PP755596.1|A/cattle/Texas/24-008749-003/2024(H5N1)	898	41
PB2|PP755596.1|A/cattle/Texas/24-008749-003/2024(H5N1)	899	41
PB2|PP755596.1|A/cattle/Texas/24-008749-003/2024(H5N1)	900	41
PB2|PP755596.1|A/cattle/Texas/24-008749-003/2024(H5N1)	901	41
PB2|PP755596.1|A/cattle/Texas/24-008749-003/2024(H5N1)	902	42
PB2|PP755596.1|A/cattle/Texas/24-008749-003/2024(H5N1)	903	42
PB2|PP755596.1|A/cattle/Texas/24-008749-003/2024(H5N1)	904	42
PB2|PP755596.1|A/cattle/Texas/24-008749-003/2024(H5N1)	905	42
PB2|PP755596.1|A/cattle/Texas/24-008749-003/2024(H5N1)	906	42
PB2|PP755596.1|A/cattle/Texas/24-008749-003/2024(H5N1)	907	42
PB2|PP755596.1|A/cattle/Texas/24-008749-003/2024(H5N1)	908	42
PB2|PP755596.1|A/cattle/Texas/24-008749-003/2024(H5N1)	909	42
PB2|PP755596.1|A/cattle/Texas/24-008749-003/2024(H5N1)	910	42
PB2|PP755596.1|A/cattle/Texas/24-008749-003/2024(H5N1)	911	42
PB2|PP755596.1|A/cattle/Texas/24-008749-003/2024(H5N1)	912	40
PB2|PP755596.1|A/cattle/Texas/24-008749-003/2024(H5N1)	913	40
PB2|PP755596.1|A/cattle/Texas/24-008749-003/2024(H5N1)	914	40
PB2|PP755596.1|A/cattle/Texas/24-008749-003/2024(H5N1)	915	40
PB2|PP755596.1|A/cattle/Texas/24-008749-003/2024(H5N1)	916	38
PB2|PP755596.1|A/cattle/Texas/24-008749-003/2024(H5N1)	917	38
PB2|PP755596.1|A/cattle/Texas/24-008749-003/2024(H5N1)	918	38
PB2|PP755596.1|A/cattle/Texas/24-008749-003/2024(H5N1)	919	38
PB2|PP755596.1|A/cattle/Texas/24-008749-003/2024(H5N1)	920	38
PB2|PP755596.1|A/cattle/Texas/24-008749-003/2024(H5N1)	921	36
PB2|PP755596.1|A/cattle/Texas/24-008749-003/2024(H5N1)	922	36
PB2|PP755596.1|A/cattle/Texas/24-008749-003/2024(H5N1)	923	36
PB2|PP755596.1|A/cattle/Texas/24-008749-003/2024(H5N1)	924	36
PB2|PP755596.1|A/cattle/Texas/24-008749-003/2024(H5N1)	925	39
PB2|PP755596.1|A/cattle/Texas/24-008749-003/2024(H5N1)	926	39
PB2|PP755596.1|A/cattle/Texas/24-008749-003/2024(H5N1)	927	40
PB2|PP755596.1|A/cattle/Texas/24-008749-003/2024(H5N1)	928	40
PB2|PP755596.1|A/cattle/Texas/24-008749-003/2024(H5N1)	929	40
PB2|PP755596.1|A/cattle/Texas/24-008749-003/2024(H5N1)	930	40
PB2|PP755596.1|A/cattle/Texas/24-008749-003/2024(H5N1)	931	40
PB2|PP755596.1|A/cattle/Texas/24-008749-003/2024(H5N1)	932	40
PB2|PP755596.1|A/cattle/Texas/24-008749-003/2024(H5N1)	933	41
PB2|PP755596.1|A/cattle/Texas/24-008749-003/2024(H5N1)	934	41
PB2|PP755596.1|A/cattle/Texas/24-008749-003/2024(H5N1)	935	38
PB2|PP755596.1|A/cattle/Texas/24-008749-003/2024(H5N1)	936	38
PB2|PP755596.1|A/cattle/Texas/24-008749-003/2024(H5N1)	937	39
PB2|PP755596.1|A/cattle/Texas/24-008749-003/2024(H5N1)	938	36
PB2|PP755596.1|A/cattle/Texas/24-008749-003/2024(H5N1)	939	36
PB2|PP755596.1|A/cattle/Texas/24-008749-003/2024(H5N1)	940	35
PB2|PP755596.1|A/cattle/Texas/24-008749-003/2024(H5N1)	941	34
PB2|PP755596.1|A/cattle/Texas/24-008749-003/2024(H5N1)	942	34
PB2|PP755596.1|A/cattle/Texas/24-008749-003/2024(H5N1)	943	34
PB2|PP755596.1|A/cattle/Texas/24-008749-003/2024(H5N1)	944	34
PB2|PP755596.1|A/cattle/Texas/24-008749-003/2024(H5N1)	945	34
PB2|PP755596.1|A/cattle/Texas/24-008749-003/2024(H5N1)	946	35
PB2|PP755596.1|A/cattle/Texas/24-008749-003/2024(H5N1)	947	36
PB2|PP755596.1|A/cattle/Texas/24-008749-003/2024(H5N1)	948	38
PB2|PP755596.1|A/cattle/Texas/24-008749-003/2024(H5N1)	949	38
PB2|PP755596.1|A/cattle/Texas/24-008749-003/2024(H5N1)	950	36
PB2|PP755596.1|A/cattle/Texas/24-008749-003/2024(H5N1)	951	36
PB2|PP755596.1|A/cattle/Texas/24-008749-003/2024(H5N1)	952	36
PB2|PP755596.1|A/cattle/Texas/24-008749-003/2024(H5N1)	953	36
PB2|PP755596.1|A/cattle/Texas/24-008749-003/2024(H5N1)	954	37
PB2|PP755596.1|A/cattle/Texas/24-008749-003/2024(H5N1)	955	38
PB2|PP755596.1|A/cattle/Texas/24-008749-003/2024(H5N1)	956	38
PB2|PP755596.1|A/cattle/Texas/24-008749-003/2024(H5N1)	957	36
PB2|PP755596.1|A/cattle/Texas/24-008749-003/2024(H5N1)	958	36
PB2|PP755596.1|A/cattle/Texas/24-008749-003/2024(H5N1)	959	35
PB2|PP755596.1|A/cattle/Texas/24-008749-003/2024(H5N1)	960	35
PB2|PP755596.1|A/cattle/Texas/24-008749-003/2024(H5N1)	961	35
PB2|PP755596.1|A/cattle/Texas/24-008749-003/2024(H5N1)	962	34
PB2|PP755596.1|A/cattle/Texas/24-008749-003/2024(H5N1)	963	34
PB2|PP755596.1|A/cattle/Texas/24-008749-003/2024(H5N1)	964	35
PB2|PP755596.1|A/cattle/Texas/24-008749-003/2024(H5N1)	965	35
PB2|PP755596.1|A/cattle/Texas/24-008749-003/2024(H5N1)	966	35
PB2|PP755596.1|A/cattle/Texas/24-008749-003/2024(H5N1)	967	35
PB2|PP755596.1|A/cattle/Texas/24-008749-003/2024(H5N1)	968	35
PB2|PP755596.1|A/cattle/Texas/24-008749-003/2024(H5N1)	969	35
PB2|PP755596.1|A/cattle/Texas/24-008749-003/2024(H5N1)	970	35
PB2|PP755596.1|A/cattle/Texas/24-008749-003/2024(H5N1)	971	37
PB2|PP755596.1|A/cattle/Texas/24-008749-003/2024(H5N1)	972	39
PB2|PP755596.1|A/cattle/Texas/24-008749-003/2024(H5N1)	973	39
PB2|PP755596.1|A/cattle/Texas/24-008749-003/2024(H5N1)	974	39
PB2|PP755596.1|A/cattle/Texas/24-008749-003/2024(H5N1)	975	39
PB2|PP755596.1|A/cattle/Texas/24-008749-003/2024(H5N1)	976	39
PB2|PP755596.1|A/cattle/Texas/24-008749-003/2024(H5N1)	977	39
PB2|PP755596.1|A/cattle/Texas/24-008749-003/2024(H5N1)	978	39
PB2|PP755596.1|A/cattle/Texas/24-008749-003/2024(H5N1)	979	39
PB2|PP755596.1|A/cattle/Texas/24-008749-003/2024(H5N1)	980	39
PB2|PP755596.1|A/cattle/Texas/24-008749-003/2024(H5N1)	981	40
PB2|PP755596.1|A/cattle/Texas/24-008749-003/2024(H5N1)	982	40
PB2|PP755596.1|A/cattle/Texas/24-008749-003/2024(H5N1)	983	40
PB2|PP755596.1|A/cattle/Texas/24-008749-003/2024(H5N1)	984	40
PB2|PP755596.1|A/cattle/Texas/24-008749-003/2024(H5N1)	985	40
PB2|PP755596.1|A/cattle/Texas/24-008749-003/2024(H5N1)	986	40
PB2|PP755596.1|A/cattle/Texas/24-008749-003/2024(H5N1)	987	40
PB2|PP755596.1|A/cattle/Texas/24-008749-003/2024(H5N1)	988	40
PB2|PP755596.1|A/cattle/Texas/24-008749-003/2024(H5N1)	989	35
PB2|PP755596.1|A/cattle/Texas/24-008749-003/2024(H5N1)	990	35
PB2|PP755596.1|A/cattle/Texas/24-008749-003/2024(H5N1)	991	35
PB2|PP755596.1|A/cattle/Texas/24-008749-003/2024(H5N1)	992	35
PB2|PP755596.1|A/cattle/Texas/24-008749-003/2024(H5N1)	993	35
PB2|PP755596.1|A/cattle/Texas/24-008749-003/2024(H5N1)	994	35
PB2|PP755596.1|A/cattle/Texas/24-008749-003/2024(H5N1)	995	35
PB2|PP755596.1|A/cattle/Texas/24-008749-003/2024(H5N1)	996	35
PB2|PP755596.1|A/cattle/Texas/24-008749-003/2024(H5N1)	997	37
PB2|PP755596.1|A/cattle/Texas/24-008749-003/2024(H5N1)	998	37
PB2|PP755596.1|A/cattle/Texas/24-008749-003/2024(H5N1)	999	37
PB2|PP755596.1|A/cattle/Texas/24-008749-003/2024(H5N1)	1000	37
PB2|PP755596.1|A/cattle/Texas/24-008749-003/2024(H5N1)	1001	38
PB2|PP755596.1|A/cattle/Texas/24-008749-003/2024(H5N1)	1002	38
PB2|PP755596.1|A/cattle/Texas/24-008749-003/2024(H5N1)	1003	38
PB2|PP755596.1|A/cattle/Texas/24-008749-003/2024(H5N1)	1004	38
PB2|PP755596.1|A/cattle/Texas/24-008749-003/2024(H5N1)	1005	38
PB2|PP755596.1|A/cattle/Texas/24-008749-003/2024(H5N1)	1006	39
PB2|PP755596.1|A/cattle/Texas/24-008749-003/2024(H5N1)	1007	37
PB2|PP755596.1|A/cattle/Texas/24-008749-003/2024(H5N1)	1008	37
PB2|PP755596.1|A/cattle/Texas/24-008749-003/2024(H5N1)	1009	38
PB2|PP755596.1|A/cattle/Texas/24-008749-003/2024(H5N1)	1010	38
PB2|PP755596.1|A/cattle/Texas/24-008749-003/2024(H5N1)	1011	37
PB2|PP755596.1|A/cattle/Texas/24-008749-003/2024(H5N1)	1012	37
PB2|PP755596.1|A/cattle/Texas/24-008749-003/2024(H5N1)	1013	37
PB2|PP755596.1|A/cattle/Texas/24-008749-003/2024(H5N1)	1014	35
PB2|PP755596.1|A/cattle/Texas/24-008749-003/2024(H5N1)	1015	35
PB2|PP755596.1|A/cattle/Texas/24-008749-003/2024(H5N1)	1016	35
PB2|PP755596.1|A/cattle/Texas/24-008749-003/2024(H5N1)	1017	35
PB2|PP755596.1|A/cattle/Texas/24-008749-003/2024(H5N1)	1018	35
PB2|PP755596.1|A/cattle/Texas/24-008749-003/2024(H5N1)	1019	37
PB2|PP755596.1|A/cattle/Texas/24-008749-003/2024(H5N1)	1020	37
PB2|PP755596.1|A/cattle/Texas/24-008749-003/2024(H5N1)	1021	35
PB2|PP755596.1|A/cattle/Texas/24-008749-003/2024(H5N1)	1022	34
PB2|PP755596.1|A/cattle/Texas/24-008749-003/2024(H5N1)	1023	34
PB2|PP755596.1|A/cattle/Texas/24-008749-003/2024(H5N1)	1024	34
PB2|PP755596.1|A/cattle/Texas/24-008749-003/2024(H5N1)	1025	34
PB2|PP755596.1|A/cattle/Texas/24-008749-003/2024(H5N1)	1026	34
PB2|PP755596.1|A/cattle/Texas/24-008749-003/2024(H5N1)	1027	34
PB2|PP755596.1|A/cattle/Texas/24-008749-003/2024(H5N1)	1028	34
PB2|PP755596.1|A/cattle/Texas/24-008749-003/2024(H5N1)	1029	33
PB2|PP755596.1|A/cattle/Texas/24-008749-003/2024(H5N1)	1030	33
PB2|PP755596.1|A/cattle/Texas/24-008749-003/2024(H5N1)	1031	34
PB2|PP755596.1|A/cattle/Texas/24-008749-003/2024(H5N1)	1032	36
PB2|PP755596.1|A/cattle/Texas/24-008749-003/2024(H5N1)	1033	35
PB2|PP755596.1|A/cattle/Texas/24-008749-003/2024(H5N1)	1034	34
PB2|PP755596.1|A/cattle/Texas/24-008749-003/2024(H5N1)	1035	34
PB2|PP755596.1|A/cattle/Texas/24-008749-003/2024(H5N1)	1036	34
PB2|PP755596.1|A/cattle/Texas/24-008749-003/2024(H5N1)	1037	35
PB2|PP755596.1|A/cattle/Texas/24-008749-003/2024(H5N1)	1038	35
PB2|PP755596.1|A/cattle/Texas/24-008749-003/2024(H5N1)	1039	35
PB2|PP755596.1|A/cattle/Texas/24-008749-003/2024(H5N1)	1040	35
PB2|PP755596.1|A/cattle/Texas/24-008749-003/2024(H5N1)	1041	34
PB2|PP755596.1|A/cattle/Texas/24-008749-003/2024(H5N1)	1042	34
PB2|PP755596.1|A/cattle/Texas/24-008749-003/2024(H5N1)	1043	35
PB2|PP755596.1|A/cattle/Texas/24-008749-003/2024(H5N1)	1044	35
PB2|PP755596.1|A/cattle/Texas/24-008749-003/2024(H5N1)	1045	37
PB2|PP755596.1|A/cattle/Texas/24-008749-003/2024(H5N1)	1046	38
PB2|PP755596.1|A/cattle/Texas/24-008749-003/2024(H5N1)	1047	38
PB2|PP755596.1|A/cattle/Texas/24-008749-003/2024(H5N1)	1048	42
PB2|PP755596.1|A/cattle/Texas/24-008749-003/2024(H5N1)	1049	42
PB2|PP755596.1|A/cattle/Texas/24-008749-003/2024(H5N1)	1050	42
PB2|PP755596.1|A/cattle/Texas/24-008749-003/2024(H5N1)	1051	42
PB2|PP755596.1|A/cattle/Texas/24-008749-003/2024(H5N1)	1052	42
PB2|PP755596.1|A/cattle/Texas/24-008749-003/2024(H5N1)	1053	41
PB2|PP755596.1|A/cattle/Texas/24-008749-003/2024(H5N1)	1054	41
PB2|PP755596.1|A/cattle/Texas/24-008749-003/2024(H5N1)	1055	41
PB2|PP755596.1|A/cattle/Texas/24-008749-003/2024(H5N1)	1056	41
PB2|PP755596.1|A/cattle/Texas/24-008749-003/2024(H5N1)	1057	41
PB2|PP755596.1|A/cattle/Texas/24-008749-003/2024(H5N1)	1058	41
PB2|PP755596.1|A/cattle/Texas/24-008749-003/2024(H5N1)	1059	41
PB2|PP755596.1|A/cattle/Texas/24-008749-003/2024(H5N1)	1060	41
PB2|PP755596.1|A/cattle/Texas/24-008749-003/2024(H5N1)	1061	41
PB2|PP755596.1|A/cattle/Texas/24-008749-003/2024(H5N1)	1062	41
PB2|PP755596.1|A/cattle/Texas/24-008749-003/2024(H5N1)	1063	41
PB2|PP755596.1|A/cattle/Texas/24-008749-003/2024(H5N1)	1064	41
PB2|PP755596.1|A/cattle/Texas/24-008749-003/2024(H5N1)	1065	41
PB2|PP755596.1|A/cattle/Texas/24-008749-003/2024(H5N1)	1066	40
PB2|PP755596.1|A/cattle/Texas/24-008749-003/2024(H5N1)	1067	40
PB2|PP755596.1|A/cattle/Texas/24-008749-003/2024(H5N1)	1068	41
PB2|PP755596.1|A/cattle/Texas/24-008749-003/2024(H5N1)	1069	44
PB2|PP755596.1|A/cattle/Texas/24-008749-003/2024(H5N1)	1070	44
PB2|PP755596.1|A/cattle/Texas/24-008749-003/2024(H5N1)	1071	44
PB2|PP755596.1|A/cattle/Texas/24-008749-003/2024(H5N1)	1072	44
PB2|PP755596.1|A/cattle/Texas/24-008749-003/2024(H5N1)	1073	44
PB2|PP755596.1|A/cattle/Texas/24-008749-003/2024(H5N1)	1074	44
PB2|PP755596.1|A/cattle/Texas/24-008749-003/2024(H5N1)	1075	46
PB2|PP755596.1|A/cattle/Texas/24-008749-003/2024(H5N1)	1076	44
PB2|PP755596.1|A/cattle/Texas/24-008749-003/2024(H5N1)	1077	44
PB2|PP755596.1|A/cattle/Texas/24-008749-003/2024(H5N1)	1078	43
PB2|PP755596.1|A/cattle/Texas/24-008749-003/2024(H5N1)	1079	43
PB2|PP755596.1|A/cattle/Texas/24-008749-003/2024(H5N1)	1080	43
PB2|PP755596.1|A/cattle/Texas/24-008749-003/2024(H5N1)	1081	44
PB2|PP755596.1|A/cattle/Texas/24-008749-003/2024(H5N1)	1082	44
PB2|PP755596.1|A/cattle/Texas/24-008749-003/2024(H5N1)	1083	43
PB2|PP755596.1|A/cattle/Texas/24-008749-003/2024(H5N1)	1084	43
PB2|PP755596.1|A/cattle/Texas/24-008749-003/2024(H5N1)	1085	42
PB2|PP755596.1|A/cattle/Texas/24-008749-003/2024(H5N1)	1086	42
PB2|PP755596.1|A/cattle/Texas/24-008749-003/2024(H5N1)	1087	43
PB2|PP755596.1|A/cattle/Texas/24-008749-003/2024(H5N1)	1088	46
PB2|PP755596.1|A/cattle/Texas/24-008749-003/2024(H5N1)	1089	46
PB2|PP755596.1|A/cattle/Texas/24-008749-003/2024(H5N1)	1090	46
PB2|PP755596.1|A/cattle/Texas/24-008749-003/2024(H5N1)	1091	46
PB2|PP755596.1|A/cattle/Texas/24-008749-003/2024(H5N1)	1092	46
PB2|PP755596.1|A/cattle/Texas/24-008749-003/2024(H5N1)	1093	46
PB2|PP755596.1|A/cattle/Texas/24-008749-003/2024(H5N1)	1094	46
PB2|PP755596.1|A/cattle/Texas/24-008749-003/2024(H5N1)	1095	46
PB2|PP755596.1|A/cattle/Texas/24-008749-003/2024(H5N1)	1096	46
PB2|PP755596.1|A/cattle/Texas/24-008749-003/2024(H5N1)	1097	45
PB2|PP755596.1|A/cattle/Texas/24-008749-003/2024(H5N1)	1098	43
PB2|PP755596.1|A/cattle/Texas/24-008749-003/2024(H5N1)	1099	43
PB2|PP755596.1|A/cattle/Texas/24-008749-003/2024(H5N1)	1100	43
PB2|PP755596.1|A/cattle/Texas/24-008749-003/2024(H5N1)	1101	43
PB2|PP755596.1|A/cattle/Texas/24-008749-003/2024(H5N1)	1102	43
PB2|PP755596.1|A/cattle/Texas/24-008749-003/2024(H5N1)	1103	43
PB2|PP755596.1|A/cattle/Texas/24-008749-003/2024(H5N1)	1104	42
PB2|PP755596.1|A/cattle/Texas/24-008749-003/2024(H5N1)	1105	40
PB2|PP755596.1|A/cattle/Texas/24-008749-003/2024(H5N1)	1106	40
PB2|PP755596.1|A/cattle/Texas/24-008749-003/2024(H5N1)	1107	40
PB2|PP755596.1|A/cattle/Texas/24-008749-003/2024(H5N1)	1108	44
PB2|PP755596.1|A/cattle/Texas/24-008749-003/2024(H5N1)	1109	45
PB2|PP755596.1|A/cattle/Texas/24-008749-003/2024(H5N1)	1110	45
PB2|PP755596.1|A/cattle/Texas/24-008749-003/2024(H5N1)	1111	45
PB2|PP755596.1|A/cattle/Texas/24-008749-003/2024(H5N1)	1112	45
PB2|PP755596.1|A/cattle/Texas/24-008749-003/2024(H5N1)	1113	45
PB2|PP755596.1|A/cattle/Texas/24-008749-003/2024(H5N1)	1114	45
PB2|PP755596.1|A/cattle/Texas/24-008749-003/2024(H5N1)	1115	44
PB2|PP755596.1|A/cattle/Texas/24-008749-003/2024(H5N1)	1116	44
PB2|PP755596.1|A/cattle/Texas/24-008749-003/2024(H5N1)	1117	45
PB2|PP755596.1|A/cattle/Texas/24-008749-003/2024(H5N1)	1118	45
PB2|PP755596.1|A/cattle/Texas/24-008749-003/2024(H5N1)	1119	45
PB2|PP755596.1|A/cattle/Texas/24-008749-003/2024(H5N1)	1120	43
PB2|PP755596.1|A/cattle/Texas/24-008749-003/2024(H5N1)	1121	41
PB2|PP755596.1|A/cattle/Texas/24-008749-003/2024(H5N1)	1122	41
PB2|PP755596.1|A/cattle/Texas/24-008749-003/2024(H5N1)	1123	41
PB2|PP755596.1|A/cattle/Texas/24-008749-003/2024(H5N1)	1124	41
PB2|PP755596.1|A/cattle/Texas/24-008749-003/2024(H5N1)	1125	41
PB2|PP755596.1|A/cattle/Texas/24-008749-003/2024(H5N1)	1126	41
PB2|PP755596.1|A/cattle/Texas/24-008749-003/2024(H5N1)	1127	40
PB2|PP755596.1|A/cattle/Texas/24-008749-003/2024(H5N1)	1128	40
PB2|PP755596.1|A/cattle/Texas/24-008749-003/2024(H5N1)	1129	40
PB2|PP755596.1|A/cattle/Texas/24-008749-003/2024(H5N1)	1130	40
PB2|PP755596.1|A/cattle/Texas/24-008749-003/2024(H5N1)	1131	39
PB2|PP755596.1|A/cattle/Texas/24-008749-003/2024(H5N1)	1132	39
PB2|PP755596.1|A/cattle/Texas/24-008749-003/2024(H5N1)	1133	41
PB2|PP755596.1|A/cattle/Texas/24-008749-003/2024(H5N1)	1134	41
PB2|PP755596.1|A/cattle/Texas/24-008749-003/2024(H5N1)	1135	41
PB2|PP755596.1|A/cattle/Texas/24-008749-003/2024(H5N1)	1136	41
PB2|PP755596.1|A/cattle/Texas/24-008749-003/2024(H5N1)	1137	41
PB2|PP755596.1|A/cattle/Texas/24-008749-003/2024(H5N1)	1138	41
PB2|PP755596.1|A/cattle/Texas/24-008749-003/2024(H5N1)	1139	41
PB2|PP755596.1|A/cattle/Texas/24-008749-003/2024(H5N1)	1140	40
PB2|PP755596.1|A/cattle/Texas/24-008749-003/2024(H5N1)	1141	40
PB2|PP755596.1|A/cattle/Texas/24-008749-003/2024(H5N1)	1142	38
PB2|PP755596.1|A/cattle/Texas/24-008749-003/2024(H5N1)	1143	38
PB2|PP755596.1|A/cattle/Texas/24-008749-003/2024(H5N1)	1144	39
PB2|PP755596.1|A/cattle/Texas/24-008749-003/2024(H5N1)	1145	39
PB2|PP755596.1|A/cattle/Texas/24-008749-003/2024(H5N1)	1146	39
PB2|PP755596.1|A/cattle/Texas/24-008749-003/2024(H5N1)	1147	39
PB2|PP755596.1|A/cattle/Texas/24-008749-003/2024(H5N1)	1148	40
PB2|PP755596.1|A/cattle/Texas/24-008749-003/2024(H5N1)	1149	40
PB2|PP755596.1|A/cattle/Texas/24-008749-003/2024(H5N1)	1150	40
PB2|PP755596.1|A/cattle/Texas/24-008749-003/2024(H5N1)	1151	41
PB2|PP755596.1|A/cattle/Texas/24-008749-003/2024(H5N1)	1152	41
PB2|PP755596.1|A/cattle/Texas/24-008749-003/2024(H5N1)	1153	41
PB2|PP755596.1|A/cattle/Texas/24-008749-003/2024(H5N1)	1154	41
PB2|PP755596.1|A/cattle/Texas/24-008749-003/2024(H5N1)	1155	41
PB2|PP755596.1|A/cattle/Texas/24-008749-003/2024(H5N1)	1156	41
PB2|PP755596.1|A/cattle/Texas/24-008749-003/2024(H5N1)	1157	41
PB2|PP755596.1|A/cattle/Texas/24-008749-003/2024(H5N1)	1158	40
PB2|PP755596.1|A/cattle/Texas/24-008749-003/2024(H5N1)	1159	40
PB2|PP755596.1|A/cattle/Texas/24-008749-003/2024(H5N1)	1160	39
PB2|PP755596.1|A/cattle/Texas/24-008749-003/2024(H5N1)	1161	39
PB2|PP755596.1|A/cattle/Texas/24-008749-003/2024(H5N1)	1162	39
PB2|PP755596.1|A/cattle/Texas/24-008749-003/2024(H5N1)	1163	39
PB2|PP755596.1|A/cattle/Texas/24-008749-003/2024(H5N1)	1164	39
PB2|PP755596.1|A/cattle/Texas/24-008749-003/2024(H5N1)	1165	39
PB2|PP755596.1|A/cattle/Texas/24-008749-003/2024(H5N1)	1166	41
PB2|PP755596.1|A/cattle/Texas/24-008749-003/2024(H5N1)	1167	43
PB2|PP755596.1|A/cattle/Texas/24-008749-003/2024(H5N1)	1168	43
PB2|PP755596.1|A/cattle/Texas/24-008749-003/2024(H5N1)	1169	45
PB2|PP755596.1|A/cattle/Texas/24-008749-003/2024(H5N1)	1170	46
PB2|PP755596.1|A/cattle/Texas/24-008749-003/2024(H5N1)	1171	46
PB2|PP755596.1|A/cattle/Texas/24-008749-003/2024(H5N1)	1172	47
PB2|PP755596.1|A/cattle/Texas/24-008749-003/2024(H5N1)	1173	47
PB2|PP755596.1|A/cattle/Texas/24-008749-003/2024(H5N1)	1174	47
PB2|PP755596.1|A/cattle/Texas/24-008749-003/2024(H5N1)	1175	47
PB2|PP755596.1|A/cattle/Texas/24-008749-003/2024(H5N1)	1176	48
PB2|PP755596.1|A/cattle/Texas/24-008749-003/2024(H5N1)	1177	48
PB2|PP755596.1|A/cattle/Texas/24-008749-003/2024(H5N1)	1178	49
PB2|PP755596.1|A/cattle/Texas/24-008749-003/2024(H5N1)	1179	49
PB2|PP755596.1|A/cattle/Texas/24-008749-003/2024(H5N1)	1180	48
PB2|PP755596.1|A/cattle/Texas/24-008749-003/2024(H5N1)	1181	48
PB2|PP755596.1|A/cattle/Texas/24-008749-003/2024(H5N1)	1182	48
PB2|PP755596.1|A/cattle/Texas/24-008749-003/2024(H5N1)	1183	46
PB2|PP755596.1|A/cattle/Texas/24-008749-003/2024(H5N1)	1184	46
PB2|PP755596.1|A/cattle/Texas/24-008749-003/2024(H5N1)	1185	46
PB2|PP755596.1|A/cattle/Texas/24-008749-003/2024(H5N1)	1186	46
PB2|PP755596.1|A/cattle/Texas/24-008749-003/2024(H5N1)	1187	46
PB2|PP755596.1|A/cattle/Texas/24-008749-003/2024(H5N1)	1188	45
PB2|PP755596.1|A/cattle/Texas/24-008749-003/2024(H5N1)	1189	45
PB2|PP755596.1|A/cattle/Texas/24-008749-003/2024(H5N1)	1190	46
PB2|PP755596.1|A/cattle/Texas/24-008749-003/2024(H5N1)	1191	46
PB2|PP755596.1|A/cattle/Texas/24-008749-003/2024(H5N1)	1192	46
PB2|PP755596.1|A/cattle/Texas/24-008749-003/2024(H5N1)	1193	46
PB2|PP755596.1|A/cattle/Texas/24-008749-003/2024(H5N1)	1194	45
PB2|PP755596.1|A/cattle/Texas/24-008749-003/2024(H5N1)	1195	45
PB2|PP755596.1|A/cattle/Texas/24-008749-003/2024(H5N1)	1196	43
PB2|PP755596.1|A/cattle/Texas/24-008749-003/2024(H5N1)	1197	42
PB2|PP755596.1|A/cattle/Texas/24-008749-003/2024(H5N1)	1198	42
PB2|PP755596.1|A/cattle/Texas/24-008749-003/2024(H5N1)	1199	38
PB2|PP755596.1|A/cattle/Texas/24-008749-003/2024(H5N1)	1200	38
PB2|PP755596.1|A/cattle/Texas/24-008749-003/2024(H5N1)	1201	38
PB2|PP755596.1|A/cattle/Texas/24-008749-003/2024(H5N1)	1202	38
PB2|PP755596.1|A/cattle/Texas/24-008749-003/2024(H5N1)	1203	38
PB2|PP755596.1|A/cattle/Texas/24-008749-003/2024(H5N1)	1204	38
PB2|PP755596.1|A/cattle/Texas/24-008749-003/2024(H5N1)	1205	38
PB2|PP755596.1|A/cattle/Texas/24-008749-003/2024(H5N1)	1206	38
PB2|PP755596.1|A/cattle/Texas/24-008749-003/2024(H5N1)	1207	38
PB2|PP755596.1|A/cattle/Texas/24-008749-003/2024(H5N1)	1208	38
PB2|PP755596.1|A/cattle/Texas/24-008749-003/2024(H5N1)	1209	38
PB2|PP755596.1|A/cattle/Texas/24-008749-003/2024(H5N1)	1210	38
PB2|PP755596.1|A/cattle/Texas/24-008749-003/2024(H5N1)	1211	38
PB2|PP755596.1|A/cattle/Texas/24-008749-003/2024(H5N1)	1212	38
PB2|PP755596.1|A/cattle/Texas/24-008749-003/2024(H5N1)	1213	39
PB2|PP755596.1|A/cattle/Texas/24-008749-003/2024(H5N1)	1214	40
PB2|PP755596.1|A/cattle/Texas/24-008749-003/2024(H5N1)	1215	40
PB2|PP755596.1|A/cattle/Texas/24-008749-003/2024(H5N1)	1216	40
PB2|PP755596.1|A/cattle/Texas/24-008749-003/2024(H5N1)	1217	40
PB2|PP755596.1|A/cattle/Texas/24-008749-003/2024(H5N1)	1218	40
PB2|PP755596.1|A/cattle/Texas/24-008749-003/2024(H5N1)	1219	39
PB2|PP755596.1|A/cattle/Texas/24-008749-003/2024(H5N1)	1220	40
PB2|PP755596.1|A/cattle/Texas/24-008749-003/2024(H5N1)	1221	40
PB2|PP755596.1|A/cattle/Texas/24-008749-003/2024(H5N1)	1222	40
PB2|PP755596.1|A/cattle/Texas/24-008749-003/2024(H5N1)	1223	41
PB2|PP755596.1|A/cattle/Texas/24-008749-003/2024(H5N1)	1224	42
PB2|PP755596.1|A/cattle/Texas/24-008749-003/2024(H5N1)	1225	48
PB2|PP755596.1|A/cattle/Texas/24-008749-003/2024(H5N1)	1226	48
PB2|PP755596.1|A/cattle/Texas/24-008749-003/2024(H5N1)	1227	47
PB2|PP755596.1|A/cattle/Texas/24-008749-003/2024(H5N1)	1228	47
PB2|PP755596.1|A/cattle/Texas/24-008749-003/2024(H5N1)	1229	47
PB2|PP755596.1|A/cattle/Texas/24-008749-003/2024(H5N1)	1230	49
PB2|PP755596.1|A/cattle/Texas/24-008749-003/2024(H5N1)	1231	49
PB2|PP755596.1|A/cattle/Texas/24-008749-003/2024(H5N1)	1232	49
PB2|PP755596.1|A/cattle/Texas/24-008749-003/2024(H5N1)	1233	49
PB2|PP755596.1|A/cattle/Texas/24-008749-003/2024(H5N1)	1234	49
PB2|PP755596.1|A/cattle/Texas/24-008749-003/2024(H5N1)	1235	48
PB2|PP755596.1|A/cattle/Texas/24-008749-003/2024(H5N1)	1236	48
PB2|PP755596.1|A/cattle/Texas/24-008749-003/2024(H5N1)	1237	48
PB2|PP755596.1|A/cattle/Texas/24-008749-003/2024(H5N1)	1238	48
PB2|PP755596.1|A/cattle/Texas/24-008749-003/2024(H5N1)	1239	46
PB2|PP755596.1|A/cattle/Texas/24-008749-003/2024(H5N1)	1240	47
PB2|PP755596.1|A/cattle/Texas/24-008749-003/2024(H5N1)	1241	50
PB2|PP755596.1|A/cattle/Texas/24-008749-003/2024(H5N1)	1242	50
PB2|PP755596.1|A/cattle/Texas/24-008749-003/2024(H5N1)	1243	52
PB2|PP755596.1|A/cattle/Texas/24-008749-003/2024(H5N1)	1244	52
PB2|PP755596.1|A/cattle/Texas/24-008749-003/2024(H5N1)	1245	53
PB2|PP755596.1|A/cattle/Texas/24-008749-003/2024(H5N1)	1246	53
PB2|PP755596.1|A/cattle/Texas/24-008749-003/2024(H5N1)	1247	53
PB2|PP755596.1|A/cattle/Texas/24-008749-003/2024(H5N1)	1248	53
PB2|PP755596.1|A/cattle/Texas/24-008749-003/2024(H5N1)	1249	54
PB2|PP755596.1|A/cattle/Texas/24-008749-003/2024(H5N1)	1250	54
PB2|PP755596.1|A/cattle/Texas/24-008749-003/2024(H5N1)	1251	54
PB2|PP755596.1|A/cattle/Texas/24-008749-003/2024(H5N1)	1252	54
PB2|PP755596.1|A/cattle/Texas/24-008749-003/2024(H5N1)	1253	54
PB2|PP755596.1|A/cattle/Texas/24-008749-003/2024(H5N1)	1254	54
PB2|PP755596.1|A/cattle/Texas/24-008749-003/2024(H5N1)	1255	55
PB2|PP755596.1|A/cattle/Texas/24-008749-003/2024(H5N1)	1256	55
PB2|PP755596.1|A/cattle/Texas/24-008749-003/2024(H5N1)	1257	55
PB2|PP755596.1|A/cattle/Texas/24-008749-003/2024(H5N1)	1258	55
PB2|PP755596.1|A/cattle/Texas/24-008749-003/2024(H5N1)	1259	51
PB2|PP755596.1|A/cattle/Texas/24-008749-003/2024(H5N1)	1260	52
PB2|PP755596.1|A/cattle/Texas/24-008749-003/2024(H5N1)	1261	52
PB2|PP755596.1|A/cattle/Texas/24-008749-003/2024(H5N1)	1262	52
PB2|PP755596.1|A/cattle/Texas/24-008749-003/2024(H5N1)	1263	53
PB2|PP755596.1|A/cattle/Texas/24-008749-003/2024(H5N1)	1264	53
PB2|PP755596.1|A/cattle/Texas/24-008749-003/2024(H5N1)	1265	53
PB2|PP755596.1|A/cattle/Texas/24-008749-003/2024(H5N1)	1266	53
PB2|PP755596.1|A/cattle/Texas/24-008749-003/2024(H5N1)	1267	53
PB2|PP755596.1|A/cattle/Texas/24-008749-003/2024(H5N1)	1268	53
PB2|PP755596.1|A/cattle/Texas/24-008749-003/2024(H5N1)	1269	55
PB2|PP755596.1|A/cattle/Texas/24-008749-003/2024(H5N1)	1270	57
PB2|PP755596.1|A/cattle/Texas/24-008749-003/2024(H5N1)	1271	57
PB2|PP755596.1|A/cattle/Texas/24-008749-003/2024(H5N1)	1272	57
PB2|PP755596.1|A/cattle/Texas/24-008749-003/2024(H5N1)	1273	57
PB2|PP755596.1|A/cattle/Texas/24-008749-003/2024(H5N1)	1274	57
PB2|PP755596.1|A/cattle/Texas/24-008749-003/2024(H5N1)	1275	58
PB2|PP755596.1|A/cattle/Texas/24-008749-003/2024(H5N1)	1276	57
PB2|PP755596.1|A/cattle/Texas/24-008749-003/2024(H5N1)	1277	57
PB2|PP755596.1|A/cattle/Texas/24-008749-003/2024(H5N1)	1278	57
PB2|PP755596.1|A/cattle/Texas/24-008749-003/2024(H5N1)	1279	57
PB2|PP755596.1|A/cattle/Texas/24-008749-003/2024(H5N1)	1280	57
PB2|PP755596.1|A/cattle/Texas/24-008749-003/2024(H5N1)	1281	58
PB2|PP755596.1|A/cattle/Texas/24-008749-003/2024(H5N1)	1282	56
PB2|PP755596.1|A/cattle/Texas/24-008749-003/2024(H5N1)	1283	56
PB2|PP755596.1|A/cattle/Texas/24-008749-003/2024(H5N1)	1284	57
PB2|PP755596.1|A/cattle/Texas/24-008749-003/2024(H5N1)	1285	57
PB2|PP755596.1|A/cattle/Texas/24-008749-003/2024(H5N1)	1286	58
PB2|PP755596.1|A/cattle/Texas/24-008749-003/2024(H5N1)	1287	58
PB2|PP755596.1|A/cattle/Texas/24-008749-003/2024(H5N1)	1288	60
PB2|PP755596.1|A/cattle/Texas/24-008749-003/2024(H5N1)	1289	60
PB2|PP755596.1|A/cattle/Texas/24-008749-003/2024(H5N1)	1290	60
PB2|PP755596.1|A/cattle/Texas/24-008749-003/2024(H5N1)	1291	60
PB2|PP755596.1|A/cattle/Texas/24-008749-003/2024(H5N1)	1292	60
PB2|PP755596.1|A/cattle/Texas/24-008749-003/2024(H5N1)	1293	61
PB2|PP755596.1|A/cattle/Texas/24-008749-003/2024(H5N1)	1294	58
PB2|PP755596.1|A/cattle/Texas/24-008749-003/2024(H5N1)	1295	58
PB2|PP755596.1|A/cattle/Texas/24-008749-003/2024(H5N1)	1296	58
PB2|PP755596.1|A/cattle/Texas/24-008749-003/2024(H5N1)	1297	58
PB2|PP755596.1|A/cattle/Texas/24-008749-003/2024(H5N1)	1298	58
PB2|PP755596.1|A/cattle/Texas/24-008749-003/2024(H5N1)	1299	58
PB2|PP755596.1|A/cattle/Texas/24-008749-003/2024(H5N1)	1300	58
PB2|PP755596.1|A/cattle/Texas/24-008749-003/2024(H5N1)	1301	59
PB2|PP755596.1|A/cattle/Texas/24-008749-003/2024(H5N1)	1302	58
PB2|PP755596.1|A/cattle/Texas/24-008749-003/2024(H5N1)	1303	58
PB2|PP755596.1|A/cattle/Texas/24-008749-003/2024(H5N1)	1304	58
PB2|PP755596.1|A/cattle/Texas/24-008749-003/2024(H5N1)	1305	58
PB2|PP755596.1|A/cattle/Texas/24-008749-003/2024(H5N1)	1306	59
PB2|PP755596.1|A/cattle/Texas/24-008749-003/2024(H5N1)	1307	59
PB2|PP755596.1|A/cattle/Texas/24-008749-003/2024(H5N1)	1308	58
PB2|PP755596.1|A/cattle/Texas/24-008749-003/2024(H5N1)	1309	51
PB2|PP755596.1|A/cattle/Texas/24-008749-003/2024(H5N1)	1310	51
PB2|PP755596.1|A/cattle/Texas/24-008749-003/2024(H5N1)	1311	53
PB2|PP755596.1|A/cattle/Texas/24-008749-003/2024(H5N1)	1312	54
PB2|PP755596.1|A/cattle/Texas/24-008749-003/2024(H5N1)	1313	54
PB2|PP755596.1|A/cattle/Texas/24-008749-003/2024(H5N1)	1314	55
PB2|PP755596.1|A/cattle/Texas/24-008749-003/2024(H5N1)	1315	55
PB2|PP755596.1|A/cattle/Texas/24-008749-003/2024(H5N1)	1316	54
PB2|PP755596.1|A/cattle/Texas/24-008749-003/2024(H5N1)	1317	52
PB2|PP755596.1|A/cattle/Texas/24-008749-003/2024(H5N1)	1318	51
PB2|PP755596.1|A/cattle/Texas/24-008749-003/2024(H5N1)	1319	51
PB2|PP755596.1|A/cattle/Texas/24-008749-003/2024(H5N1)	1320	50
PB2|PP755596.1|A/cattle/Texas/24-008749-003/2024(H5N1)	1321	47
PB2|PP755596.1|A/cattle/Texas/24-008749-003/2024(H5N1)	1322	49
PB2|PP755596.1|A/cattle/Texas/24-008749-003/2024(H5N1)	1323	49
PB2|PP755596.1|A/cattle/Texas/24-008749-003/2024(H5N1)	1324	49
PB2|PP755596.1|A/cattle/Texas/24-008749-003/2024(H5N1)	1325	50
PB2|PP755596.1|A/cattle/Texas/24-008749-003/2024(H5N1)	1326	50
PB2|PP755596.1|A/cattle/Texas/24-008749-003/2024(H5N1)	1327	50
PB2|PP755596.1|A/cattle/Texas/24-008749-003/2024(H5N1)	1328	50
PB2|PP755596.1|A/cattle/Texas/24-008749-003/2024(H5N1)	1329	50
PB2|PP755596.1|A/cattle/Texas/24-008749-003/2024(H5N1)	1330	50
PB2|PP755596.1|A/cattle/Texas/24-008749-003/2024(H5N1)	1331	50
PB2|PP755596.1|A/cattle/Texas/24-008749-003/2024(H5N1)	1332	50
PB2|PP755596.1|A/cattle/Texas/24-008749-003/2024(H5N1)	1333	50
PB2|PP755596.1|A/cattle/Texas/24-008749-003/2024(H5N1)	1334	50
PB2|PP755596.1|A/cattle/Texas/24-008749-003/2024(H5N1)	1335	50
PB2|PP755596.1|A/cattle/Texas/24-008749-003/2024(H5N1)	1336	50
PB2|PP755596.1|A/cattle/Texas/24-008749-003/2024(H5N1)	1337	50
PB2|PP755596.1|A/cattle/Texas/24-008749-003/2024(H5N1)	1338	50
PB2|PP755596.1|A/cattle/Texas/24-008749-003/2024(H5N1)	1339	50
PB2|PP755596.1|A/cattle/Texas/24-008749-003/2024(H5N1)	1340	50
PB2|PP755596.1|A/cattle/Texas/24-008749-003/2024(H5N1)	1341	51
PB2|PP755596.1|A/cattle/Texas/24-008749-003/2024(H5N1)	1342	51
PB2|PP755596.1|A/cattle/Texas/24-008749-003/2024(H5N1)	1343	51
PB2|PP755596.1|A/cattle/Texas/24-008749-003/2024(H5N1)	1344	51
PB2|PP755596.1|A/cattle/Texas/24-008749-003/2024(H5N1)	1345	51
PB2|PP755596.1|A/cattle/Texas/24-008749-003/2024(H5N1)	1346	51
PB2|PP755596.1|A/cattle/Texas/24-008749-003/2024(H5N1)	1347	51
PB2|PP755596.1|A/cattle/Texas/24-008749-003/2024(H5N1)	1348	51
PB2|PP755596.1|A/cattle/Texas/24-008749-003/2024(H5N1)	1349	51
PB2|PP755596.1|A/cattle/Texas/24-008749-003/2024(H5N1)	1350	51
PB2|PP755596.1|A/cattle/Texas/24-008749-003/2024(H5N1)	1351	51
PB2|PP755596.1|A/cattle/Texas/24-008749-003/2024(H5N1)	1352	51
PB2|PP755596.1|A/cattle/Texas/24-008749-003/2024(H5N1)	1353	51
PB2|PP755596.1|A/cattle/Texas/24-008749-003/2024(H5N1)	1354	51
PB2|PP755596.1|A/cattle/Texas/24-008749-003/2024(H5N1)	1355	51
PB2|PP755596.1|A/cattle/Texas/24-008749-003/2024(H5N1)	1356	51
PB2|PP755596.1|A/cattle/Texas/24-008749-003/2024(H5N1)	1357	51
PB2|PP755596.1|A/cattle/Texas/24-008749-003/2024(H5N1)	1358	51
PB2|PP755596.1|A/cattle/Texas/24-008749-003/2024(H5N1)	1359	52
PB2|PP755596.1|A/cattle/Texas/24-008749-003/2024(H5N1)	1360	52
PB2|PP755596.1|A/cattle/Texas/24-008749-003/2024(H5N1)	1361	52
PB2|PP755596.1|A/cattle/Texas/24-008749-003/2024(H5N1)	1362	52
PB2|PP755596.1|A/cattle/Texas/24-008749-003/2024(H5N1)	1363	52
PB2|PP755596.1|A/cattle/Texas/24-008749-003/2024(H5N1)	1364	51
PB2|PP755596.1|A/cattle/Texas/24-008749-003/2024(H5N1)	1365	49
PB2|PP755596.1|A/cattle/Texas/24-008749-003/2024(H5N1)	1366	47
PB2|PP755596.1|A/cattle/Texas/24-008749-003/2024(H5N1)	1367	47
PB2|PP755596.1|A/cattle/Texas/24-008749-003/2024(H5N1)	1368	49
PB2|PP755596.1|A/cattle/Texas/24-008749-003/2024(H5N1)	1369	49
PB2|PP755596.1|A/cattle/Texas/24-008749-003/2024(H5N1)	1370	49
PB2|PP755596.1|A/cattle/Texas/24-008749-003/2024(H5N1)	1371	49
PB2|PP755596.1|A/cattle/Texas/24-008749-003/2024(H5N1)	1372	49
PB2|PP755596.1|A/cattle/Texas/24-008749-003/2024(H5N1)	1373	48
PB2|PP755596.1|A/cattle/Texas/24-008749-003/2024(H5N1)	1374	48
PB2|PP755596.1|A/cattle/Texas/24-008749-003/2024(H5N1)	1375	47
PB2|PP755596.1|A/cattle/Texas/24-008749-003/2024(H5N1)	1376	47
PB2|PP755596.1|A/cattle/Texas/24-008749-003/2024(H5N1)	1377	47
PB2|PP755596.1|A/cattle/Texas/24-008749-003/2024(H5N1)	1378	47
PB2|PP755596.1|A/cattle/Texas/24-008749-003/2024(H5N1)	1379	47
PB2|PP755596.1|A/cattle/Texas/24-008749-003/2024(H5N1)	1380	47
PB2|PP755596.1|A/cattle/Texas/24-008749-003/2024(H5N1)	1381	45
PB2|PP755596.1|A/cattle/Texas/24-008749-003/2024(H5N1)	1382	46
PB2|PP755596.1|A/cattle/Texas/24-008749-003/2024(H5N1)	1383	46
PB2|PP755596.1|A/cattle/Texas/24-008749-003/2024(H5N1)	1384	46
PB2|PP755596.1|A/cattle/Texas/24-008749-003/2024(H5N1)	1385	46
PB2|PP755596.1|A/cattle/Texas/24-008749-003/2024(H5N1)	1386	47
PB2|PP755596.1|A/cattle/Texas/24-008749-003/2024(H5N1)	1387	48
PB2|PP755596.1|A/cattle/Texas/24-008749-003/2024(H5N1)	1388	48
PB2|PP755596.1|A/cattle/Texas/24-008749-003/2024(H5N1)	1389	47
PB2|PP755596.1|A/cattle/Texas/24-008749-003/2024(H5N1)	1390	46
PB2|PP755596.1|A/cattle/Texas/24-008749-003/2024(H5N1)	1391	45
PB2|PP755596.1|A/cattle/Texas/24-008749-003/2024(H5N1)	1392	45
PB2|PP755596.1|A/cattle/Texas/24-008749-003/2024(H5N1)	1393	45
PB2|PP755596.1|A/cattle/Texas/24-008749-003/2024(H5N1)	1394	44
PB2|PP755596.1|A/cattle/Texas/24-008749-003/2024(H5N1)	1395	43
PB2|PP755596.1|A/cattle/Texas/24-008749-003/2024(H5N1)	1396	43
PB2|PP755596.1|A/cattle/Texas/24-008749-003/2024(H5N1)	1397	44
PB2|PP755596.1|A/cattle/Texas/24-008749-003/2024(H5N1)	1398	44
PB2|PP755596.1|A/cattle/Texas/24-008749-003/2024(H5N1)	1399	44
PB2|PP755596.1|A/cattle/Texas/24-008749-003/2024(H5N1)	1400	44
PB2|PP755596.1|A/cattle/Texas/24-008749-003/2024(H5N1)	1401	44
PB2|PP755596.1|A/cattle/Texas/24-008749-003/2024(H5N1)	1402	45
PB2|PP755596.1|A/cattle/Texas/24-008749-003/2024(H5N1)	1403	47
PB2|PP755596.1|A/cattle/Texas/24-008749-003/2024(H5N1)	1404	47
PB2|PP755596.1|A/cattle/Texas/24-008749-003/2024(H5N1)	1405	47
PB2|PP755596.1|A/cattle/Texas/24-008749-003/2024(H5N1)	1406	46
PB2|PP755596.1|A/cattle/Texas/24-008749-003/2024(H5N1)	1407	46
PB2|PP755596.1|A/cattle/Texas/24-008749-003/2024(H5N1)	1408	46
PB2|PP755596.1|A/cattle/Texas/24-008749-003/2024(H5N1)	1409	45
PB2|PP755596.1|A/cattle/Texas/24-008749-003/2024(H5N1)	1410	45
PB2|PP755596.1|A/cattle/Texas/24-008749-003/2024(H5N1)	1411	44
PB2|PP755596.1|A/cattle/Texas/24-008749-003/2024(H5N1)	1412	45
PB2|PP755596.1|A/cattle/Texas/24-008749-003/2024(H5N1)	1413	44
PB2|PP755596.1|A/cattle/Texas/24-008749-003/2024(H5N1)	1414	44
PB2|PP755596.1|A/cattle/Texas/24-008749-003/2024(H5N1)	1415	45
PB2|PP755596.1|A/cattle/Texas/24-008749-003/2024(H5N1)	1416	45
PB2|PP755596.1|A/cattle/Texas/24-008749-003/2024(H5N1)	1417	46
PB2|PP755596.1|A/cattle/Texas/24-008749-003/2024(H5N1)	1418	44
PB2|PP755596.1|A/cattle/Texas/24-008749-003/2024(H5N1)	1419	43
PB2|PP755596.1|A/cattle/Texas/24-008749-003/2024(H5N1)	1420	42
PB2|PP755596.1|A/cattle/Texas/24-008749-003/2024(H5N1)	1421	42
PB2|PP755596.1|A/cattle/Texas/24-008749-003/2024(H5N1)	1422	42
PB2|PP755596.1|A/cattle/Texas/24-008749-003/2024(H5N1)	1423	42
PB2|PP755596.1|A/cattle/Texas/24-008749-003/2024(H5N1)	1424	42
PB2|PP755596.1|A/cattle/Texas/24-008749-003/2024(H5N1)	1425	42
PB2|PP755596.1|A/cattle/Texas/24-008749-003/2024(H5N1)	1426	41
PB2|PP755596.1|A/cattle/Texas/24-008749-003/2024(H5N1)	1427	41
PB2|PP755596.1|A/cattle/Texas/24-008749-003/2024(H5N1)	1428	42
PB2|PP755596.1|A/cattle/Texas/24-008749-003/2024(H5N1)	1429	42
PB2|PP755596.1|A/cattle/Texas/24-008749-003/2024(H5N1)	1430	43
PB2|PP755596.1|A/cattle/Texas/24-008749-003/2024(H5N1)	1431	43
PB2|PP755596.1|A/cattle/Texas/24-008749-003/2024(H5N1)	1432	42
PB2|PP755596.1|A/cattle/Texas/24-008749-003/2024(H5N1)	1433	42
PB2|PP755596.1|A/cattle/Texas/24-008749-003/2024(H5N1)	1434	42
PB2|PP755596.1|A/cattle/Texas/24-008749-003/2024(H5N1)	1435	41
PB2|PP755596.1|A/cattle/Texas/24-008749-003/2024(H5N1)	1436	42
PB2|PP755596.1|A/cattle/Texas/24-008749-003/2024(H5N1)	1437	41
PB2|PP755596.1|A/cattle/Texas/24-008749-003/2024(H5N1)	1438	41
PB2|PP755596.1|A/cattle/Texas/24-008749-003/2024(H5N1)	1439	39
PB2|PP755596.1|A/cattle/Texas/24-008749-003/2024(H5N1)	1440	39
PB2|PP755596.1|A/cattle/Texas/24-008749-003/2024(H5N1)	1441	40
PB2|PP755596.1|A/cattle/Texas/24-008749-003/2024(H5N1)	1442	40
PB2|PP755596.1|A/cattle/Texas/24-008749-003/2024(H5N1)	1443	40
PB2|PP755596.1|A/cattle/Texas/24-008749-003/2024(H5N1)	1444	39
PB2|PP755596.1|A/cattle/Texas/24-008749-003/2024(H5N1)	1445	39
PB2|PP755596.1|A/cattle/Texas/24-008749-003/2024(H5N1)	1446	39
PB2|PP755596.1|A/cattle/Texas/24-008749-003/2024(H5N1)	1447	40
PB2|PP755596.1|A/cattle/Texas/24-008749-003/2024(H5N1)	1448	40
PB2|PP755596.1|A/cattle/Texas/24-008749-003/2024(H5N1)	1449	40
PB2|PP755596.1|A/cattle/Texas/24-008749-003/2024(H5N1)	1450	39
PB2|PP755596.1|A/cattle/Texas/24-008749-003/2024(H5N1)	1451	41
PB2|PP755596.1|A/cattle/Texas/24-008749-003/2024(H5N1)	1452	39
PB2|PP755596.1|A/cattle/Texas/24-008749-003/2024(H5N1)	1453	39
PB2|PP755596.1|A/cattle/Texas/24-008749-003/2024(H5N1)	1454	39
PB2|PP755596.1|A/cattle/Texas/24-008749-003/2024(H5N1)	1455	39
PB2|PP755596.1|A/cattle/Texas/24-008749-003/2024(H5N1)	1456	40
PB2|PP755596.1|A/cattle/Texas/24-008749-003/2024(H5N1)	1457	40
PB2|PP755596.1|A/cattle/Texas/24-008749-003/2024(H5N1)	1458	40
PB2|PP755596.1|A/cattle/Texas/24-008749-003/2024(H5N1)	1459	40
PB2|PP755596.1|A/cattle/Texas/24-008749-003/2024(H5N1)	1460	40
PB2|PP755596.1|A/cattle/Texas/24-008749-003/2024(H5N1)	1461	40
PB2|PP755596.1|A/cattle/Texas/24-008749-003/2024(H5N1)	1462	39
PB2|PP755596.1|A/cattle/Texas/24-008749-003/2024(H5N1)	1463	38
PB2|PP755596.1|A/cattle/Texas/24-008749-003/2024(H5N1)	1464	40
PB2|PP755596.1|A/cattle/Texas/24-008749-003/2024(H5N1)	1465	39
PB2|PP755596.1|A/cattle/Texas/24-008749-003/2024(H5N1)	1466	39
PB2|PP755596.1|A/cattle/Texas/24-008749-003/2024(H5N1)	1467	39
PB2|PP755596.1|A/cattle/Texas/24-008749-003/2024(H5N1)	1468	40
PB2|PP755596.1|A/cattle/Texas/24-008749-003/2024(H5N1)	1469	41
PB2|PP755596.1|A/cattle/Texas/24-008749-003/2024(H5N1)	1470	41
PB2|PP755596.1|A/cattle/Texas/24-008749-003/2024(H5N1)	1471	40
PB2|PP755596.1|A/cattle/Texas/24-008749-003/2024(H5N1)	1472	40
PB2|PP755596.1|A/cattle/Texas/24-008749-003/2024(H5N1)	1473	37
PB2|PP755596.1|A/cattle/Texas/24-008749-003/2024(H5N1)	1474	37
PB2|PP755596.1|A/cattle/Texas/24-008749-003/2024(H5N1)	1475	39
PB2|PP755596.1|A/cattle/Texas/24-008749-003/2024(H5N1)	1476	38
PB2|PP755596.1|A/cattle/Texas/24-008749-003/2024(H5N1)	1477	39
PB2|PP755596.1|A/cattle/Texas/24-008749-003/2024(H5N1)	1478	39
PB2|PP755596.1|A/cattle/Texas/24-008749-003/2024(H5N1)	1479	39
PB2|PP755596.1|A/cattle/Texas/24-008749-003/2024(H5N1)	1480	39
PB2|PP755596.1|A/cattle/Texas/24-008749-003/2024(H5N1)	1481	42
PB2|PP755596.1|A/cattle/Texas/24-008749-003/2024(H5N1)	1482	42
PB2|PP755596.1|A/cattle/Texas/24-008749-003/2024(H5N1)	1483	44
PB2|PP755596.1|A/cattle/Texas/24-008749-003/2024(H5N1)	1484	44
PB2|PP755596.1|A/cattle/Texas/24-008749-003/2024(H5N1)	1485	44
PB2|PP755596.1|A/cattle/Texas/24-008749-003/2024(H5N1)	1486	44
PB2|PP755596.1|A/cattle/Texas/24-008749-003/2024(H5N1)	1487	44
PB2|PP755596.1|A/cattle/Texas/24-008749-003/2024(H5N1)	1488	44
PB2|PP755596.1|A/cattle/Texas/24-008749-003/2024(H5N1)	1489	44
PB2|PP755596.1|A/cattle/Texas/24-008749-003/2024(H5N1)	1490	43
PB2|PP755596.1|A/cattle/Texas/24-008749-003/2024(H5N1)	1491	43
PB2|PP755596.1|A/cattle/Texas/24-008749-003/2024(H5N1)	1492	41
PB2|PP755596.1|A/cattle/Texas/24-008749-003/2024(H5N1)	1493	41
PB2|PP755596.1|A/cattle/Texas/24-008749-003/2024(H5N1)	1494	41
PB2|PP755596.1|A/cattle/Texas/24-008749-003/2024(H5N1)	1495	41
PB2|PP755596.1|A/cattle/Texas/24-008749-003/2024(H5N1)	1496	43
PB2|PP755596.1|A/cattle/Texas/24-008749-003/2024(H5N1)	1497	43
PB2|PP755596.1|A/cattle/Texas/24-008749-003/2024(H5N1)	1498	43
PB2|PP755596.1|A/cattle/Texas/24-008749-003/2024(H5N1)	1499	43
PB2|PP755596.1|A/cattle/Texas/24-008749-003/2024(H5N1)	1500	43
PB2|PP755596.1|A/cattle/Texas/24-008749-003/2024(H5N1)	1501	43
PB2|PP755596.1|A/cattle/Texas/24-008749-003/2024(H5N1)	1502	43
PB2|PP755596.1|A/cattle/Texas/24-008749-003/2024(H5N1)	1503	43
PB2|PP755596.1|A/cattle/Texas/24-008749-003/2024(H5N1)	1504	43
PB2|PP755596.1|A/cattle/Texas/24-008749-003/2024(H5N1)	1505	43
PB2|PP755596.1|A/cattle/Texas/24-008749-003/2024(H5N1)	1506	43
PB2|PP755596.1|A/cattle/Texas/24-008749-003/2024(H5N1)	1507	43
PB2|PP755596.1|A/cattle/Texas/24-008749-003/2024(H5N1)	1508	43
PB2|PP755596.1|A/cattle/Texas/24-008749-003/2024(H5N1)	1509	43
PB2|PP755596.1|A/cattle/Texas/24-008749-003/2024(H5N1)	1510	43
PB2|PP755596.1|A/cattle/Texas/24-008749-003/2024(H5N1)	1511	43
PB2|PP755596.1|A/cattle/Texas/24-008749-003/2024(H5N1)	1512	43
PB2|PP755596.1|A/cattle/Texas/24-008749-003/2024(H5N1)	1513	43
PB2|PP755596.1|A/cattle/Texas/24-008749-003/2024(H5N1)	1514	43
PB2|PP755596.1|A/cattle/Texas/24-008749-003/2024(H5N1)	1515	44
PB2|PP755596.1|A/cattle/Texas/24-008749-003/2024(H5N1)	1516	44
PB2|PP755596.1|A/cattle/Texas/24-008749-003/2024(H5N1)	1517	44
PB2|PP755596.1|A/cattle/Texas/24-008749-003/2024(H5N1)	1518	44
PB2|PP755596.1|A/cattle/Texas/24-008749-003/2024(H5N1)	1519	43
PB2|PP755596.1|A/cattle/Texas/24-008749-003/2024(H5N1)	1520	43
PB2|PP755596.1|A/cattle/Texas/24-008749-003/2024(H5N1)	1521	43
PB2|PP755596.1|A/cattle/Texas/24-008749-003/2024(H5N1)	1522	42
PB2|PP755596.1|A/cattle/Texas/24-008749-003/2024(H5N1)	1523	42
PB2|PP755596.1|A/cattle/Texas/24-008749-003/2024(H5N1)	1524	43
PB2|PP755596.1|A/cattle/Texas/24-008749-003/2024(H5N1)	1525	43
PB2|PP755596.1|A/cattle/Texas/24-008749-003/2024(H5N1)	1526	43
PB2|PP755596.1|A/cattle/Texas/24-008749-003/2024(H5N1)	1527	43
PB2|PP755596.1|A/cattle/Texas/24-008749-003/2024(H5N1)	1528	42
PB2|PP755596.1|A/cattle/Texas/24-008749-003/2024(H5N1)	1529	43
PB2|PP755596.1|A/cattle/Texas/24-008749-003/2024(H5N1)	1530	43
PB2|PP755596.1|A/cattle/Texas/24-008749-003/2024(H5N1)	1531	49
PB2|PP755596.1|A/cattle/Texas/24-008749-003/2024(H5N1)	1532	49
PB2|PP755596.1|A/cattle/Texas/24-008749-003/2024(H5N1)	1533	48
PB2|PP755596.1|A/cattle/Texas/24-008749-003/2024(H5N1)	1534	48
PB2|PP755596.1|A/cattle/Texas/24-008749-003/2024(H5N1)	1535	49
PB2|PP755596.1|A/cattle/Texas/24-008749-003/2024(H5N1)	1536	48
PB2|PP755596.1|A/cattle/Texas/24-008749-003/2024(H5N1)	1537	49
PB2|PP755596.1|A/cattle/Texas/24-008749-003/2024(H5N1)	1538	48
PB2|PP755596.1|A/cattle/Texas/24-008749-003/2024(H5N1)	1539	48
PB2|PP755596.1|A/cattle/Texas/24-008749-003/2024(H5N1)	1540	46
PB2|PP755596.1|A/cattle/Texas/24-008749-003/2024(H5N1)	1541	46
PB2|PP755596.1|A/cattle/Texas/24-008749-003/2024(H5N1)	1542	46
PB2|PP755596.1|A/cattle/Texas/24-008749-003/2024(H5N1)	1543	46
PB2|PP755596.1|A/cattle/Texas/24-008749-003/2024(H5N1)	1544	46
PB2|PP755596.1|A/cattle/Texas/24-008749-003/2024(H5N1)	1545	45
PB2|PP755596.1|A/cattle/Texas/24-008749-003/2024(H5N1)	1546	44
PB2|PP755596.1|A/cattle/Texas/24-008749-003/2024(H5N1)	1547	44
PB2|PP755596.1|A/cattle/Texas/24-008749-003/2024(H5N1)	1548	43
PB2|PP755596.1|A/cattle/Texas/24-008749-003/2024(H5N1)	1549	43
PB2|PP755596.1|A/cattle/Texas/24-008749-003/2024(H5N1)	1550	44
PB2|PP755596.1|A/cattle/Texas/24-008749-003/2024(H5N1)	1551	46
PB2|PP755596.1|A/cattle/Texas/24-008749-003/2024(H5N1)	1552	46
PB2|PP755596.1|A/cattle/Texas/24-008749-003/2024(H5N1)	1553	45
PB2|PP755596.1|A/cattle/Texas/24-008749-003/2024(H5N1)	1554	44
PB2|PP755596.1|A/cattle/Texas/24-008749-003/2024(H5N1)	1555	44
PB2|PP755596.1|A/cattle/Texas/24-008749-003/2024(H5N1)	1556	44
PB2|PP755596.1|A/cattle/Texas/24-008749-003/2024(H5N1)	1557	45
PB2|PP755596.1|A/cattle/Texas/24-008749-003/2024(H5N1)	1558	45
PB2|PP755596.1|A/cattle/Texas/24-008749-003/2024(H5N1)	1559	45
PB2|PP755596.1|A/cattle/Texas/24-008749-003/2024(H5N1)	1560	49
PB2|PP755596.1|A/cattle/Texas/24-008749-003/2024(H5N1)	1561	59
PB2|PP755596.1|A/cattle/Texas/24-008749-003/2024(H5N1)	1562	65
PB2|PP755596.1|A/cattle/Texas/24-008749-003/2024(H5N1)	1563	192
PB2|PP755596.1|A/cattle/Texas/24-008749-003/2024(H5N1)	1564	193
PB2|PP755596.1|A/cattle/Texas/24-008749-003/2024(H5N1)	1565	194
PB2|PP755596.1|A/cattle/Texas/24-008749-003/2024(H5N1)	1566	194
PB2|PP755596.1|A/cattle/Texas/24-008749-003/2024(H5N1)	1567	198
PB2|PP755596.1|A/cattle/Texas/24-008749-003/2024(H5N1)	1568	227
PB2|PP755596.1|A/cattle/Texas/24-008749-003/2024(H5N1)	1569	230
PB2|PP755596.1|A/cattle/Texas/24-008749-003/2024(H5N1)	1570	232
PB2|PP755596.1|A/cattle/Texas/24-008749-003/2024(H5N1)	1571	243
PB2|PP755596.1|A/cattle/Texas/24-008749-003/2024(H5N1)	1572	243
PB2|PP755596.1|A/cattle/Texas/24-008749-003/2024(H5N1)	1573	251
PB2|PP755596.1|A/cattle/Texas/24-008749-003/2024(H5N1)	1574	256
PB2|PP755596.1|A/cattle/Texas/24-008749-003/2024(H5N1)	1575	261
PB2|PP755596.1|A/cattle/Texas/24-008749-003/2024(H5N1)	1576	261
PB2|PP755596.1|A/cattle/Texas/24-008749-003/2024(H5N1)	1577	261
PB2|PP755596.1|A/cattle/Texas/24-008749-003/2024(H5N1)	1578	262
PB2|PP755596.1|A/cattle/Texas/24-008749-003/2024(H5N1)	1579	266
PB2|PP755596.1|A/cattle/Texas/24-008749-003/2024(H5N1)	1580	267
PB2|PP755596.1|A/cattle/Texas/24-008749-003/2024(H5N1)	1581	277
PB2|PP755596.1|A/cattle/Texas/24-008749-003/2024(H5N1)	1582	277
PB2|PP755596.1|A/cattle/Texas/24-008749-003/2024(H5N1)	1583	279
PB2|PP755596.1|A/cattle/Texas/24-008749-003/2024(H5N1)	1584	280
PB2|PP755596.1|A/cattle/Texas/24-008749-003/2024(H5N1)	1585	286
PB2|PP755596.1|A/cattle/Texas/24-008749-003/2024(H5N1)	1586	296
PB2|PP755596.1|A/cattle/Texas/24-008749-003/2024(H5N1)	1587	322
PB2|PP755596.1|A/cattle/Texas/24-008749-003/2024(H5N1)	1588	322
PB2|PP755596.1|A/cattle/Texas/24-008749-003/2024(H5N1)	1589	325
PB2|PP755596.1|A/cattle/Texas/24-008749-003/2024(H5N1)	1590	325
PB2|PP755596.1|A/cattle/Texas/24-008749-003/2024(H5N1)	1591	325
PB2|PP755596.1|A/cattle/Texas/24-008749-003/2024(H5N1)	1592	325
PB2|PP755596.1|A/cattle/Texas/24-008749-003/2024(H5N1)	1593	332
PB2|PP755596.1|A/cattle/Texas/24-008749-003/2024(H5N1)	1594	332
PB2|PP755596.1|A/cattle/Texas/24-008749-003/2024(H5N1)	1595	344
PB2|PP755596.1|A/cattle/Texas/24-008749-003/2024(H5N1)	1596	346
PB2|PP755596.1|A/cattle/Texas/24-008749-003/2024(H5N1)	1597	354
PB2|PP755596.1|A/cattle/Texas/24-008749-003/2024(H5N1)	1598	359
PB2|PP755596.1|A/cattle/Texas/24-008749-003/2024(H5N1)	1599	359
PB2|PP755596.1|A/cattle/Texas/24-008749-003/2024(H5N1)	1600	374
PB2|PP755596.1|A/cattle/Texas/24-008749-003/2024(H5N1)	1601	372
PB2|PP755596.1|A/cattle/Texas/24-008749-003/2024(H5N1)	1602	372
PB2|PP755596.1|A/cattle/Texas/24-008749-003/2024(H5N1)	1603	380
PB2|PP755596.1|A/cattle/Texas/24-008749-003/2024(H5N1)	1604	393
PB2|PP755596.1|A/cattle/Texas/24-008749-003/2024(H5N1)	1605	396
PB2|PP755596.1|A/cattle/Texas/24-008749-003/2024(H5N1)	1606	399
PB2|PP755596.1|A/cattle/Texas/24-008749-003/2024(H5N1)	1607	400
PB2|PP755596.1|A/cattle/Texas/24-008749-003/2024(H5N1)	1608	403
PB2|PP755596.1|A/cattle/Texas/24-008749-003/2024(H5N1)	1609	402
PB2|PP755596.1|A/cattle/Texas/24-008749-003/2024(H5N1)	1610	402
PB2|PP755596.1|A/cattle/Texas/24-008749-003/2024(H5N1)	1611	412
PB2|PP755596.1|A/cattle/Texas/24-008749-003/2024(H5N1)	1612	412
PB2|PP755596.1|A/cattle/Texas/24-008749-003/2024(H5N1)	1613	411
PB2|PP755596.1|A/cattle/Texas/24-008749-003/2024(H5N1)	1614	432
PB2|PP755596.1|A/cattle/Texas/24-008749-003/2024(H5N1)	1615	433
PB2|PP755596.1|A/cattle/Texas/24-008749-003/2024(H5N1)	1616	433
PB2|PP755596.1|A/cattle/Texas/24-008749-003/2024(H5N1)	1617	445
PB2|PP755596.1|A/cattle/Texas/24-008749-003/2024(H5N1)	1618	446
PB2|PP755596.1|A/cattle/Texas/24-008749-003/2024(H5N1)	1619	448
PB2|PP755596.1|A/cattle/Texas/24-008749-003/2024(H5N1)	1620	449
PB2|PP755596.1|A/cattle/Texas/24-008749-003/2024(H5N1)	1621	453
PB2|PP755596.1|A/cattle/Texas/24-008749-003/2024(H5N1)	1622	497
PB2|PP755596.1|A/cattle/Texas/24-008749-003/2024(H5N1)	1623	495
PB2|PP755596.1|A/cattle/Texas/24-008749-003/2024(H5N1)	1624	498
PB2|PP755596.1|A/cattle/Texas/24-008749-003/2024(H5N1)	1625	498
PB2|PP755596.1|A/cattle/Texas/24-008749-003/2024(H5N1)	1626	522
PB2|PP755596.1|A/cattle/Texas/24-008749-003/2024(H5N1)	1627	539
PB2|PP755596.1|A/cattle/Texas/24-008749-003/2024(H5N1)	1628	551
PB2|PP755596.1|A/cattle/Texas/24-008749-003/2024(H5N1)	1629	550
PB2|PP755596.1|A/cattle/Texas/24-008749-003/2024(H5N1)	1630	551
PB2|PP755596.1|A/cattle/Texas/24-008749-003/2024(H5N1)	1631	552
PB2|PP755596.1|A/cattle/Texas/24-008749-003/2024(H5N1)	1632	552
PB2|PP755596.1|A/cattle/Texas/24-008749-003/2024(H5N1)	1633	599
PB2|PP755596.1|A/cattle/Texas/24-008749-003/2024(H5N1)	1634	599
PB2|PP755596.1|A/cattle/Texas/24-008749-003/2024(H5N1)	1635	601
PB2|PP755596.1|A/cattle/Texas/24-008749-003/2024(H5N1)	1636	602
PB2|PP755596.1|A/cattle/Texas/24-008749-003/2024(H5N1)	1637	602
PB2|PP755596.1|A/cattle/Texas/24-008749-003/2024(H5N1)	1638	659
PB2|PP755596.1|A/cattle/Texas/24-008749-003/2024(H5N1)	1639	664
PB2|PP755596.1|A/cattle/Texas/24-008749-003/2024(H5N1)	1640	666
PB2|PP755596.1|A/cattle/Texas/24-008749-003/2024(H5N1)	1641	675
PB2|PP755596.1|A/cattle/Texas/24-008749-003/2024(H5N1)	1642	675
PB2|PP755596.1|A/cattle/Texas/24-008749-003/2024(H5N1)	1643	710
PB2|PP755596.1|A/cattle/Texas/24-008749-003/2024(H5N1)	1644	710
PB2|PP755596.1|A/cattle/Texas/24-008749-003/2024(H5N1)	1645	729
PB2|PP755596.1|A/cattle/Texas/24-008749-003/2024(H5N1)	1646	732
PB2|PP755596.1|A/cattle/Texas/24-008749-003/2024(H5N1)	1647	727
PB2|PP755596.1|A/cattle/Texas/24-008749-003/2024(H5N1)	1648	730
PB2|PP755596.1|A/cattle/Texas/24-008749-003/2024(H5N1)	1649	734
PB2|PP755596.1|A/cattle/Texas/24-008749-003/2024(H5N1)	1650	737
PB2|PP755596.1|A/cattle/Texas/24-008749-003/2024(H5N1)	1651	737
PB2|PP755596.1|A/cattle/Texas/24-008749-003/2024(H5N1)	1652	735
PB2|PP755596.1|A/cattle/Texas/24-008749-003/2024(H5N1)	1653	739
PB2|PP755596.1|A/cattle/Texas/24-008749-003/2024(H5N1)	1654	744
PB2|PP755596.1|A/cattle/Texas/24-008749-003/2024(H5N1)	1655	744
PB2|PP755596.1|A/cattle/Texas/24-008749-003/2024(H5N1)	1656	747
PB2|PP755596.1|A/cattle/Texas/24-008749-003/2024(H5N1)	1657	747
PB2|PP755596.1|A/cattle/Texas/24-008749-003/2024(H5N1)	1658	747
PB2|PP755596.1|A/cattle/Texas/24-008749-003/2024(H5N1)	1659	747
PB2|PP755596.1|A/cattle/Texas/24-008749-003/2024(H5N1)	1660	761
PB2|PP755596.1|A/cattle/Texas/24-008749-003/2024(H5N1)	1661	760
PB2|PP755596.1|A/cattle/Texas/24-008749-003/2024(H5N1)	1662	760
PB2|PP755596.1|A/cattle/Texas/24-008749-003/2024(H5N1)	1663	760
PB2|PP755596.1|A/cattle/Texas/24-008749-003/2024(H5N1)	1664	763
PB2|PP755596.1|A/cattle/Texas/24-008749-003/2024(H5N1)	1665	763
PB2|PP755596.1|A/cattle/Texas/24-008749-003/2024(H5N1)	1666	765
PB2|PP755596.1|A/cattle/Texas/24-008749-003/2024(H5N1)	1667	765
PB2|PP755596.1|A/cattle/Texas/24-008749-003/2024(H5N1)	1668	774
PB2|PP755596.1|A/cattle/Texas/24-008749-003/2024(H5N1)	1669	774
PB2|PP755596.1|A/cattle/Texas/24-008749-003/2024(H5N1)	1670	775
PB2|PP755596.1|A/cattle/Texas/24-008749-003/2024(H5N1)	1671	775
PB2|PP755596.1|A/cattle/Texas/24-008749-003/2024(H5N1)	1672	776
PB2|PP755596.1|A/cattle/Texas/24-008749-003/2024(H5N1)	1673	777
PB2|PP755596.1|A/cattle/Texas/24-008749-003/2024(H5N1)	1674	780
PB2|PP755596.1|A/cattle/Texas/24-008749-003/2024(H5N1)	1675	780
PB2|PP755596.1|A/cattle/Texas/24-008749-003/2024(H5N1)	1676	788
PB2|PP755596.1|A/cattle/Texas/24-008749-003/2024(H5N1)	1677	787
PB2|PP755596.1|A/cattle/Texas/24-008749-003/2024(H5N1)	1678	789
PB2|PP755596.1|A/cattle/Texas/24-008749-003/2024(H5N1)	1679	789
PB2|PP755596.1|A/cattle/Texas/24-008749-003/2024(H5N1)	1680	789
PB2|PP755596.1|A/cattle/Texas/24-008749-003/2024(H5N1)	1681	792
PB2|PP755596.1|A/cattle/Texas/24-008749-003/2024(H5N1)	1682	787
PB2|PP755596.1|A/cattle/Texas/24-008749-003/2024(H5N1)	1683	790
PB2|PP755596.1|A/cattle/Texas/24-008749-003/2024(H5N1)	1684	794
PB2|PP755596.1|A/cattle/Texas/24-008749-003/2024(H5N1)	1685	822
PB2|PP755596.1|A/cattle/Texas/24-008749-003/2024(H5N1)	1686	817
PB2|PP755596.1|A/cattle/Texas/24-008749-003/2024(H5N1)	1687	817
PB2|PP755596.1|A/cattle/Texas/24-008749-003/2024(H5N1)	1688	814
PB2|PP755596.1|A/cattle/Texas/24-008749-003/2024(H5N1)	1689	815
PB2|PP755596.1|A/cattle/Texas/24-008749-003/2024(H5N1)	1690	821
PB2|PP755596.1|A/cattle/Texas/24-008749-003/2024(H5N1)	1691	849
PB2|PP755596.1|A/cattle/Texas/24-008749-003/2024(H5N1)	1692	849
PB2|PP755596.1|A/cattle/Texas/24-008749-003/2024(H5N1)	1693	859
PB2|PP755596.1|A/cattle/Texas/24-008749-003/2024(H5N1)	1694	861
PB2|PP755596.1|A/cattle/Texas/24-008749-003/2024(H5N1)	1695	878
PB2|PP755596.1|A/cattle/Texas/24-008749-003/2024(H5N1)	1696	882
PB2|PP755596.1|A/cattle/Texas/24-008749-003/2024(H5N1)	1697	882
PB2|PP755596.1|A/cattle/Texas/24-008749-003/2024(H5N1)	1698	885
PB2|PP755596.1|A/cattle/Texas/24-008749-003/2024(H5N1)	1699	887
PB2|PP755596.1|A/cattle/Texas/24-008749-003/2024(H5N1)	1700	881
PB2|PP755596.1|A/cattle/Texas/24-008749-003/2024(H5N1)	1701	880
PB2|PP755596.1|A/cattle/Texas/24-008749-003/2024(H5N1)	1702	886
PB2|PP755596.1|A/cattle/Texas/24-008749-003/2024(H5N1)	1703	893
PB2|PP755596.1|A/cattle/Texas/24-008749-003/2024(H5N1)	1704	891
PB2|PP755596.1|A/cattle/Texas/24-008749-003/2024(H5N1)	1705	892
PB2|PP755596.1|A/cattle/Texas/24-008749-003/2024(H5N1)	1706	867
PB2|PP755596.1|A/cattle/Texas/24-008749-003/2024(H5N1)	1707	867
PB2|PP755596.1|A/cattle/Texas/24-008749-003/2024(H5N1)	1708	813
PB2|PP755596.1|A/cattle/Texas/24-008749-003/2024(H5N1)	1709	808
PB2|PP755596.1|A/cattle/Texas/24-008749-003/2024(H5N1)	1710	818
PB2|PP755596.1|A/cattle/Texas/24-008749-003/2024(H5N1)	1711	821
PB2|PP755596.1|A/cattle/Texas/24-008749-003/2024(H5N1)	1712	810
PB2|PP755596.1|A/cattle/Texas/24-008749-003/2024(H5N1)	1713	825
PB2|PP755596.1|A/cattle/Texas/24-008749-003/2024(H5N1)	1714	809
PB2|PP755596.1|A/cattle/Texas/24-008749-003/2024(H5N1)	1715	814
PB2|PP755596.1|A/cattle/Texas/24-008749-003/2024(H5N1)	1716	818
PB2|PP755596.1|A/cattle/Texas/24-008749-003/2024(H5N1)	1717	821
PB2|PP755596.1|A/cattle/Texas/24-008749-003/2024(H5N1)	1718	841
PB2|PP755596.1|A/cattle/Texas/24-008749-003/2024(H5N1)	1719	804
PB2|PP755596.1|A/cattle/Texas/24-008749-003/2024(H5N1)	1720	805
PB2|PP755596.1|A/cattle/Texas/24-008749-003/2024(H5N1)	1721	805
PB2|PP755596.1|A/cattle/Texas/24-008749-003/2024(H5N1)	1722	796
PB2|PP755596.1|A/cattle/Texas/24-008749-003/2024(H5N1)	1723	797
PB2|PP755596.1|A/cattle/Texas/24-008749-003/2024(H5N1)	1724	789
PB2|PP755596.1|A/cattle/Texas/24-008749-003/2024(H5N1)	1725	790
PB2|PP755596.1|A/cattle/Texas/24-008749-003/2024(H5N1)	1726	792
PB2|PP755596.1|A/cattle/Texas/24-008749-003/2024(H5N1)	1727	796
PB2|PP755596.1|A/cattle/Texas/24-008749-003/2024(H5N1)	1728	809
PB2|PP755596.1|A/cattle/Texas/24-008749-003/2024(H5N1)	1729	810
PB2|PP755596.1|A/cattle/Texas/24-008749-003/2024(H5N1)	1730	809
PB2|PP755596.1|A/cattle/Texas/24-008749-003/2024(H5N1)	1731	802
PB2|PP755596.1|A/cattle/Texas/24-008749-003/2024(H5N1)	1732	803
PB2|PP755596.1|A/cattle/Texas/24-008749-003/2024(H5N1)	1733	812
PB2|PP755596.1|A/cattle/Texas/24-008749-003/2024(H5N1)	1734	810
PB2|PP755596.1|A/cattle/Texas/24-008749-003/2024(H5N1)	1735	807
PB2|PP755596.1|A/cattle/Texas/24-008749-003/2024(H5N1)	1736	801
PB2|PP755596.1|A/cattle/Texas/24-008749-003/2024(H5N1)	1737	840
PB2|PP755596.1|A/cattle/Texas/24-008749-003/2024(H5N1)	1738	828
PB2|PP755596.1|A/cattle/Texas/24-008749-003/2024(H5N1)	1739	833
PB2|PP755596.1|A/cattle/Texas/24-008749-003/2024(H5N1)	1740	829
PB2|PP755596.1|A/cattle/Texas/24-008749-003/2024(H5N1)	1741	829
PB2|PP755596.1|A/cattle/Texas/24-008749-003/2024(H5N1)	1742	829
PB2|PP755596.1|A/cattle/Texas/24-008749-003/2024(H5N1)	1743	829
PB2|PP755596.1|A/cattle/Texas/24-008749-003/2024(H5N1)	1744	832
PB2|PP755596.1|A/cattle/Texas/24-008749-003/2024(H5N1)	1745	828
PB2|PP755596.1|A/cattle/Texas/24-008749-003/2024(H5N1)	1746	822
PB2|PP755596.1|A/cattle/Texas/24-008749-003/2024(H5N1)	1747	821
PB2|PP755596.1|A/cattle/Texas/24-008749-003/2024(H5N1)	1748	819
PB2|PP755596.1|A/cattle/Texas/24-008749-003/2024(H5N1)	1749	820
PB2|PP755596.1|A/cattle/Texas/24-008749-003/2024(H5N1)	1750	835
PB2|PP755596.1|A/cattle/Texas/24-008749-003/2024(H5N1)	1751	822
PB2|PP755596.1|A/cattle/Texas/24-008749-003/2024(H5N1)	1752	870
PB2|PP755596.1|A/cattle/Texas/24-008749-003/2024(H5N1)	1753	884
PB2|PP755596.1|A/cattle/Texas/24-008749-003/2024(H5N1)	1754	868
PB2|PP755596.1|A/cattle/Texas/24-008749-003/2024(H5N1)	1755	869
PB2|PP755596.1|A/cattle/Texas/24-008749-003/2024(H5N1)	1756	878
PB2|PP755596.1|A/cattle/Texas/24-008749-003/2024(H5N1)	1757	918
PB2|PP755596.1|A/cattle/Texas/24-008749-003/2024(H5N1)	1758	918
PB2|PP755596.1|A/cattle/Texas/24-008749-003/2024(H5N1)	1759	921
PB2|PP755596.1|A/cattle/Texas/24-008749-003/2024(H5N1)	1760	923
PB2|PP755596.1|A/cattle/Texas/24-008749-003/2024(H5N1)	1761	921
PB2|PP755596.1|A/cattle/Texas/24-008749-003/2024(H5N1)	1762	926
PB2|PP755596.1|A/cattle/Texas/24-008749-003/2024(H5N1)	1763	940
PB2|PP755596.1|A/cattle/Texas/24-008749-003/2024(H5N1)	1764	925
PB2|PP755596.1|A/cattle/Texas/24-008749-003/2024(H5N1)	1765	926
PB2|PP755596.1|A/cattle/Texas/24-008749-003/2024(H5N1)	1766	930
PB2|PP755596.1|A/cattle/Texas/24-008749-003/2024(H5N1)	1767	939
PB2|PP755596.1|A/cattle/Texas/24-008749-003/2024(H5N1)	1768	1030
PB2|PP755596.1|A/cattle/Texas/24-008749-003/2024(H5N1)	1769	1044
PB2|PP755596.1|A/cattle/Texas/24-008749-003/2024(H5N1)	1770	1048
PB2|PP755596.1|A/cattle/Texas/24-008749-003/2024(H5N1)	1771	1046
PB2|PP755596.1|A/cattle/Texas/24-008749-003/2024(H5N1)	1772	1050
PB2|PP755596.1|A/cattle/Texas/24-008749-003/2024(H5N1)	1773	1045
PB2|PP755596.1|A/cattle/Texas/24-008749-003/2024(H5N1)	1774	1060
PB2|PP755596.1|A/cattle/Texas/24-008749-003/2024(H5N1)	1775	1059
PB2|PP755596.1|A/cattle/Texas/24-008749-003/2024(H5N1)	1776	1073
PB2|PP755596.1|A/cattle/Texas/24-008749-003/2024(H5N1)	1777	1031
PB2|PP755596.1|A/cattle/Texas/24-008749-003/2024(H5N1)	1778	1025
PB2|PP755596.1|A/cattle/Texas/24-008749-003/2024(H5N1)	1779	1022
PB2|PP755596.1|A/cattle/Texas/24-008749-003/2024(H5N1)	1780	1037
PB2|PP755596.1|A/cattle/Texas/24-008749-003/2024(H5N1)	1781	1037
PB2|PP755596.1|A/cattle/Texas/24-008749-003/2024(H5N1)	1782	1035
PB2|PP755596.1|A/cattle/Texas/24-008749-003/2024(H5N1)	1783	1055
PB2|PP755596.1|A/cattle/Texas/24-008749-003/2024(H5N1)	1784	1022
PB2|PP755596.1|A/cattle/Texas/24-008749-003/2024(H5N1)	1785	1033
PB2|PP755596.1|A/cattle/Texas/24-008749-003/2024(H5N1)	1786	1033
PB2|PP755596.1|A/cattle/Texas/24-008749-003/2024(H5N1)	1787	1035
PB2|PP755596.1|A/cattle/Texas/24-008749-003/2024(H5N1)	1788	1035
PB2|PP755596.1|A/cattle/Texas/24-008749-003/2024(H5N1)	1789	988
PB2|PP755596.1|A/cattle/Texas/24-008749-003/2024(H5N1)	1790	990
PB2|PP755596.1|A/cattle/Texas/24-008749-003/2024(H5N1)	1791	990
PB2|PP755596.1|A/cattle/Texas/24-008749-003/2024(H5N1)	1792	1001
PB2|PP755596.1|A/cattle/Texas/24-008749-003/2024(H5N1)	1793	985
PB2|PP755596.1|A/cattle/Texas/24-008749-003/2024(H5N1)	1794	983
PB2|PP755596.1|A/cattle/Texas/24-008749-003/2024(H5N1)	1795	986
PB2|PP755596.1|A/cattle/Texas/24-008749-003/2024(H5N1)	1796	987
PB2|PP755596.1|A/cattle/Texas/24-008749-003/2024(H5N1)	1797	1007
PB2|PP755596.1|A/cattle/Texas/24-008749-003/2024(H5N1)	1798	1007
PB2|PP755596.1|A/cattle/Texas/24-008749-003/2024(H5N1)	1799	1003
PB2|PP755596.1|A/cattle/Texas/24-008749-003/2024(H5N1)	1800	999
PB2|PP755596.1|A/cattle/Texas/24-008749-003/2024(H5N1)	1801	998
PB2|PP755596.1|A/cattle/Texas/24-008749-003/2024(H5N1)	1802	994
PB2|PP755596.1|A/cattle/Texas/24-008749-003/2024(H5N1)	1803	997
PB2|PP755596.1|A/cattle/Texas/24-008749-003/2024(H5N1)	1804	1011
PB2|PP755596.1|A/cattle/Texas/24-008749-003/2024(H5N1)	1805	1008
PB2|PP755596.1|A/cattle/Texas/24-008749-003/2024(H5N1)	1806	1009
PB2|PP755596.1|A/cattle/Texas/24-008749-003/2024(H5N1)	1807	1009
PB2|PP755596.1|A/cattle/Texas/24-008749-003/2024(H5N1)	1808	1025
PB2|PP755596.1|A/cattle/Texas/24-008749-003/2024(H5N1)	1809	1021
PB2|PP755596.1|A/cattle/Texas/24-008749-003/2024(H5N1)	1810	1011
PB2|PP755596.1|A/cattle/Texas/24-008749-003/2024(H5N1)	1811	1021
PB2|PP755596.1|A/cattle/Texas/24-008749-003/2024(H5N1)	1812	1023
PB2|PP755596.1|A/cattle/Texas/24-008749-003/2024(H5N1)	1813	1025
PB2|PP755596.1|A/cattle/Texas/24-008749-003/2024(H5N1)	1814	1048
PB2|PP755596.1|A/cattle/Texas/24-008749-003/2024(H5N1)	1815	1045
PB2|PP755596.1|A/cattle/Texas/24-008749-003/2024(H5N1)	1816	1057
PB2|PP755596.1|A/cattle/Texas/24-008749-003/2024(H5N1)	1817	1057
PB2|PP755596.1|A/cattle/Texas/24-008749-003/2024(H5N1)	1818	1071
PB2|PP755596.1|A/cattle/Texas/24-008749-003/2024(H5N1)	1819	1059
PB2|PP755596.1|A/cattle/Texas/24-008749-003/2024(H5N1)	1820	1057
PB2|PP755596.1|A/cattle/Texas/24-008749-003/2024(H5N1)	1821	1065
PB2|PP755596.1|A/cattle/Texas/24-008749-003/2024(H5N1)	1822	1064
PB2|PP755596.1|A/cattle/Texas/24-008749-003/2024(H5N1)	1823	1065
PB2|PP755596.1|A/cattle/Texas/24-008749-003/2024(H5N1)	1824	1067
PB2|PP755596.1|A/cattle/Texas/24-008749-003/2024(H5N1)	1825	1071
PB2|PP755596.1|A/cattle/Texas/24-008749-003/2024(H5N1)	1826	1085
PB2|PP755596.1|A/cattle/Texas/24-008749-003/2024(H5N1)	1827	1118
PB2|PP755596.1|A/cattle/Texas/24-008749-003/2024(H5N1)	1828	1121
PB2|PP755596.1|A/cattle/Texas/24-008749-003/2024(H5N1)	1829	1118
PB2|PP755596.1|A/cattle/Texas/24-008749-003/2024(H5N1)	1830	1117
PB2|PP755596.1|A/cattle/Texas/24-008749-003/2024(H5N1)	1831	1116
PB2|PP755596.1|A/cattle/Texas/24-008749-003/2024(H5N1)	1832	1144
PB2|PP755596.1|A/cattle/Texas/24-008749-003/2024(H5N1)	1833	1140
PB2|PP755596.1|A/cattle/Texas/24-008749-003/2024(H5N1)	1834	1142
PB2|PP755596.1|A/cattle/Texas/24-008749-003/2024(H5N1)	1835	1150
PB2|PP755596.1|A/cattle/Texas/24-008749-003/2024(H5N1)	1836	1119
PB2|PP755596.1|A/cattle/Texas/24-008749-003/2024(H5N1)	1837	1176
PB2|PP755596.1|A/cattle/Texas/24-008749-003/2024(H5N1)	1838	1177
PB2|PP755596.1|A/cattle/Texas/24-008749-003/2024(H5N1)	1839	1196
PB2|PP755596.1|A/cattle/Texas/24-008749-003/2024(H5N1)	1840	1197
PB2|PP755596.1|A/cattle/Texas/24-008749-003/2024(H5N1)	1841	1159
PB2|PP755596.1|A/cattle/Texas/24-008749-003/2024(H5N1)	1842	1105
PB2|PP755596.1|A/cattle/Texas/24-008749-003/2024(H5N1)	1843	1113
PB2|PP755596.1|A/cattle/Texas/24-008749-003/2024(H5N1)	1844	1115
PB2|PP755596.1|A/cattle/Texas/24-008749-003/2024(H5N1)	1845	1114
PB2|PP755596.1|A/cattle/Texas/24-008749-003/2024(H5N1)	1846	1093
PB2|PP755596.1|A/cattle/Texas/24-008749-003/2024(H5N1)	1847	1103
PB2|PP755596.1|A/cattle/Texas/24-008749-003/2024(H5N1)	1848	1105
PB2|PP755596.1|A/cattle/Texas/24-008749-003/2024(H5N1)	1849	1118
PB2|PP755596.1|A/cattle/Texas/24-008749-003/2024(H5N1)	1850	1129
PB2|PP755596.1|A/cattle/Texas/24-008749-003/2024(H5N1)	1851	1124
PB2|PP755596.1|A/cattle/Texas/24-008749-003/2024(H5N1)	1852	1156
PB2|PP755596.1|A/cattle/Texas/24-008749-003/2024(H5N1)	1853	1138
PB2|PP755596.1|A/cattle/Texas/24-008749-003/2024(H5N1)	1854	1137
PB2|PP755596.1|A/cattle/Texas/24-008749-003/2024(H5N1)	1855	1143
PB2|PP755596.1|A/cattle/Texas/24-008749-003/2024(H5N1)	1856	1144
PB2|PP755596.1|A/cattle/Texas/24-008749-003/2024(H5N1)	1857	1174
PB2|PP755596.1|A/cattle/Texas/24-008749-003/2024(H5N1)	1858	1158
PB2|PP755596.1|A/cattle/Texas/24-008749-003/2024(H5N1)	1859	1172
PB2|PP755596.1|A/cattle/Texas/24-008749-003/2024(H5N1)	1860	1175
PB2|PP755596.1|A/cattle/Texas/24-008749-003/2024(H5N1)	1861	1168
PB2|PP755596.1|A/cattle/Texas/24-008749-003/2024(H5N1)	1862	1175
PB2|PP755596.1|A/cattle/Texas/24-008749-003/2024(H5N1)	1863	1173
PB2|PP755596.1|A/cattle/Texas/24-008749-003/2024(H5N1)	1864	1156
PB2|PP755596.1|A/cattle/Texas/24-008749-003/2024(H5N1)	1865	1157
PB2|PP755596.1|A/cattle/Texas/24-008749-003/2024(H5N1)	1866	1156
PB2|PP755596.1|A/cattle/Texas/24-008749-003/2024(H5N1)	1867	1153
PB2|PP755596.1|A/cattle/Texas/24-008749-003/2024(H5N1)	1868	1140
PB2|PP755596.1|A/cattle/Texas/24-008749-003/2024(H5N1)	1869	1126
PB2|PP755596.1|A/cattle/Texas/24-008749-003/2024(H5N1)	1870	1134
PB2|PP755596.1|A/cattle/Texas/24-008749-003/2024(H5N1)	1871	1132
PB2|PP755596.1|A/cattle/Texas/24-008749-003/2024(H5N1)	1872	1132
PB2|PP755596.1|A/cattle/Texas/24-008749-003/2024(H5N1)	1873	1162
PB2|PP755596.1|A/cattle/Texas/24-008749-003/2024(H5N1)	1874	1165
PB2|PP755596.1|A/cattle/Texas/24-008749-003/2024(H5N1)	1875	1176
PB2|PP755596.1|A/cattle/Texas/24-008749-003/2024(H5N1)	1876	1169
PB2|PP755596.1|A/cattle/Texas/24-008749-003/2024(H5N1)	1877	1170
PB2|PP755596.1|A/cattle/Texas/24-008749-003/2024(H5N1)	1878	1169
PB2|PP755596.1|A/cattle/Texas/24-008749-003/2024(H5N1)	1879	1179
PB2|PP755596.1|A/cattle/Texas/24-008749-003/2024(H5N1)	1880	1179
PB2|PP755596.1|A/cattle/Texas/24-008749-003/2024(H5N1)	1881	1181
PB2|PP755596.1|A/cattle/Texas/24-008749-003/2024(H5N1)	1882	1179
PB2|PP755596.1|A/cattle/Texas/24-008749-003/2024(H5N1)	1883	1179
PB2|PP755596.1|A/cattle/Texas/24-008749-003/2024(H5N1)	1884	1186
PB2|PP755596.1|A/cattle/Texas/24-008749-003/2024(H5N1)	1885	1186
PB2|PP755596.1|A/cattle/Texas/24-008749-003/2024(H5N1)	1886	1201
PB2|PP755596.1|A/cattle/Texas/24-008749-003/2024(H5N1)	1887	1213
PB2|PP755596.1|A/cattle/Texas/24-008749-003/2024(H5N1)	1888	1174
PB2|PP755596.1|A/cattle/Texas/24-008749-003/2024(H5N1)	1889	1168
PB2|PP755596.1|A/cattle/Texas/24-008749-003/2024(H5N1)	1890	1167
PB2|PP755596.1|A/cattle/Texas/24-008749-003/2024(H5N1)	1891	1207
PB2|PP755596.1|A/cattle/Texas/24-008749-003/2024(H5N1)	1892	1211
PB2|PP755596.1|A/cattle/Texas/24-008749-003/2024(H5N1)	1893	1209
PB2|PP755596.1|A/cattle/Texas/24-008749-003/2024(H5N1)	1894	1214
PB2|PP755596.1|A/cattle/Texas/24-008749-003/2024(H5N1)	1895	1211
PB2|PP755596.1|A/cattle/Texas/24-008749-003/2024(H5N1)	1896	1249
PB2|PP755596.1|A/cattle/Texas/24-008749-003/2024(H5N1)	1897	1246
PB2|PP755596.1|A/cattle/Texas/24-008749-003/2024(H5N1)	1898	1256
PB2|PP755596.1|A/cattle/Texas/24-008749-003/2024(H5N1)	1899	1254
PB2|PP755596.1|A/cattle/Texas/24-008749-003/2024(H5N1)	1900	1235
PB2|PP755596.1|A/cattle/Texas/24-008749-003/2024(H5N1)	1901	1246
PB2|PP755596.1|A/cattle/Texas/24-008749-003/2024(H5N1)	1902	1209
PB2|PP755596.1|A/cattle/Texas/24-008749-003/2024(H5N1)	1903	1205
PB2|PP755596.1|A/cattle/Texas/24-008749-003/2024(H5N1)	1904	1215
PB2|PP755596.1|A/cattle/Texas/24-008749-003/2024(H5N1)	1905	1211
PB2|PP755596.1|A/cattle/Texas/24-008749-003/2024(H5N1)	1906	1248
PB2|PP755596.1|A/cattle/Texas/24-008749-003/2024(H5N1)	1907	1237
PB2|PP755596.1|A/cattle/Texas/24-008749-003/2024(H5N1)	1908	1243
PB2|PP755596.1|A/cattle/Texas/24-008749-003/2024(H5N1)	1909	1265
PB2|PP755596.1|A/cattle/Texas/24-008749-003/2024(H5N1)	1910	1276
PB2|PP755596.1|A/cattle/Texas/24-008749-003/2024(H5N1)	1911	1294
PB2|PP755596.1|A/cattle/Texas/24-008749-003/2024(H5N1)	1912	1302
PB2|PP755596.1|A/cattle/Texas/24-008749-003/2024(H5N1)	1913	1298
PB2|PP755596.1|A/cattle/Texas/24-008749-003/2024(H5N1)	1914	1312
PB2|PP755596.1|A/cattle/Texas/24-008749-003/2024(H5N1)	1915	1323
PB2|PP755596.1|A/cattle/Texas/24-008749-003/2024(H5N1)	1916	1340
PB2|PP755596.1|A/cattle/Texas/24-008749-003/2024(H5N1)	1917	1340
PB2|PP755596.1|A/cattle/Texas/24-008749-003/2024(H5N1)	1918	1340
PB2|PP755596.1|A/cattle/Texas/24-008749-003/2024(H5N1)	1919	1260
PB2|PP755596.1|A/cattle/Texas/24-008749-003/2024(H5N1)	1920	1259
PB2|PP755596.1|A/cattle/Texas/24-008749-003/2024(H5N1)	1921	1255
PB2|PP755596.1|A/cattle/Texas/24-008749-003/2024(H5N1)	1922	1290
PB2|PP755596.1|A/cattle/Texas/24-008749-003/2024(H5N1)	1923	1292
PB2|PP755596.1|A/cattle/Texas/24-008749-003/2024(H5N1)	1924	1259
PB2|PP755596.1|A/cattle/Texas/24-008749-003/2024(H5N1)	1925	1271
PB2|PP755596.1|A/cattle/Texas/24-008749-003/2024(H5N1)	1926	1275
PB2|PP755596.1|A/cattle/Texas/24-008749-003/2024(H5N1)	1927	1272
PB2|PP755596.1|A/cattle/Texas/24-008749-003/2024(H5N1)	1928	1268
PB2|PP755596.1|A/cattle/Texas/24-008749-003/2024(H5N1)	1929	1267
PB2|PP755596.1|A/cattle/Texas/24-008749-003/2024(H5N1)	1930	1284
PB2|PP755596.1|A/cattle/Texas/24-008749-003/2024(H5N1)	1931	1277
PB2|PP755596.1|A/cattle/Texas/24-008749-003/2024(H5N1)	1932	1276
PB2|PP755596.1|A/cattle/Texas/24-008749-003/2024(H5N1)	1933	1274
PB2|PP755596.1|A/cattle/Texas/24-008749-003/2024(H5N1)	1934	1265
PB2|PP755596.1|A/cattle/Texas/24-008749-003/2024(H5N1)	1935	1267
PB2|PP755596.1|A/cattle/Texas/24-008749-003/2024(H5N1)	1936	1271
PB2|PP755596.1|A/cattle/Texas/24-008749-003/2024(H5N1)	1937	1292
PB2|PP755596.1|A/cattle/Texas/24-008749-003/2024(H5N1)	1938	1295
PB2|PP755596.1|A/cattle/Texas/24-008749-003/2024(H5N1)	1939	1298
PB2|PP755596.1|A/cattle/Texas/24-008749-003/2024(H5N1)	1940	1299
PB2|PP755596.1|A/cattle/Texas/24-008749-003/2024(H5N1)	1941	1299
PB2|PP755596.1|A/cattle/Texas/24-008749-003/2024(H5N1)	1942	1284
PB2|PP755596.1|A/cattle/Texas/24-008749-003/2024(H5N1)	1943	1265
PB2|PP755596.1|A/cattle/Texas/24-008749-003/2024(H5N1)	1944	1290
PB2|PP755596.1|A/cattle/Texas/24-008749-003/2024(H5N1)	1945	1293
PB2|PP755596.1|A/cattle/Texas/24-008749-003/2024(H5N1)	1946	1278
PB2|PP755596.1|A/cattle/Texas/24-008749-003/2024(H5N1)	1947	1286
PB2|PP755596.1|A/cattle/Texas/24-008749-003/2024(H5N1)	1948	1273
PB2|PP755596.1|A/cattle/Texas/24-008749-003/2024(H5N1)	1949	1277
PB2|PP755596.1|A/cattle/Texas/24-008749-003/2024(H5N1)	1950	1281
PB2|PP755596.1|A/cattle/Texas/24-008749-003/2024(H5N1)	1951	1282
PB2|PP755596.1|A/cattle/Texas/24-008749-003/2024(H5N1)	1952	1285
PB2|PP755596.1|A/cattle/Texas/24-008749-003/2024(H5N1)	1953	1288
PB2|PP755596.1|A/cattle/Texas/24-008749-003/2024(H5N1)	1954	1283
PB2|PP755596.1|A/cattle/Texas/24-008749-003/2024(H5N1)	1955	1307
PB2|PP755596.1|A/cattle/Texas/24-008749-003/2024(H5N1)	1956	1311
PB2|PP755596.1|A/cattle/Texas/24-008749-003/2024(H5N1)	1957	1308
PB2|PP755596.1|A/cattle/Texas/24-008749-003/2024(H5N1)	1958	1305
PB2|PP755596.1|A/cattle/Texas/24-008749-003/2024(H5N1)	1959	1303
PB2|PP755596.1|A/cattle/Texas/24-008749-003/2024(H5N1)	1960	1308
PB2|PP755596.1|A/cattle/Texas/24-008749-003/2024(H5N1)	1961	1300
PB2|PP755596.1|A/cattle/Texas/24-008749-003/2024(H5N1)	1962	1296
PB2|PP755596.1|A/cattle/Texas/24-008749-003/2024(H5N1)	1963	1313
PB2|PP755596.1|A/cattle/Texas/24-008749-003/2024(H5N1)	1964	1294
PB2|PP755596.1|A/cattle/Texas/24-008749-003/2024(H5N1)	1965	1335
PB2|PP755596.1|A/cattle/Texas/24-008749-003/2024(H5N1)	1966	1351
PB2|PP755596.1|A/cattle/Texas/24-008749-003/2024(H5N1)	1967	1381
PB2|PP755596.1|A/cattle/Texas/24-008749-003/2024(H5N1)	1968	1376
PB2|PP755596.1|A/cattle/Texas/24-008749-003/2024(H5N1)	1969	1376
PB2|PP755596.1|A/cattle/Texas/24-008749-003/2024(H5N1)	1970	1389
PB2|PP755596.1|A/cattle/Texas/24-008749-003/2024(H5N1)	1971	1394
PB2|PP755596.1|A/cattle/Texas/24-008749-003/2024(H5N1)	1972	1521
PB2|PP755596.1|A/cattle/Texas/24-008749-003/2024(H5N1)	1973	1543
PB2|PP755596.1|A/cattle/Texas/24-008749-003/2024(H5N1)	1974	1562
PB2|PP755596.1|A/cattle/Texas/24-008749-003/2024(H5N1)	1975	1611
PB2|PP755596.1|A/cattle/Texas/24-008749-003/2024(H5N1)	1976	1604
PB2|PP755596.1|A/cattle/Texas/24-008749-003/2024(H5N1)	1977	1592
PB2|PP755596.1|A/cattle/Texas/24-008749-003/2024(H5N1)	1978	1581
PB2|PP755596.1|A/cattle/Texas/24-008749-003/2024(H5N1)	1979	1578
PB2|PP755596.1|A/cattle/Texas/24-008749-003/2024(H5N1)	1980	1583
PB2|PP755596.1|A/cattle/Texas/24-008749-003/2024(H5N1)	1981	1606
PB2|PP755596.1|A/cattle/Texas/24-008749-003/2024(H5N1)	1982	1617
PB2|PP755596.1|A/cattle/Texas/24-008749-003/2024(H5N1)	1983	1593
PB2|PP755596.1|A/cattle/Texas/24-008749-003/2024(H5N1)	1984	1627
PB2|PP755596.1|A/cattle/Texas/24-008749-003/2024(H5N1)	1985	1626
PB2|PP755596.1|A/cattle/Texas/24-008749-003/2024(H5N1)	1986	1622
PB2|PP755596.1|A/cattle/Texas/24-008749-003/2024(H5N1)	1987	1655
PB2|PP755596.1|A/cattle/Texas/24-008749-003/2024(H5N1)	1988	1604
PB2|PP755596.1|A/cattle/Texas/24-008749-003/2024(H5N1)	1989	1676
PB2|PP755596.1|A/cattle/Texas/24-008749-003/2024(H5N1)	1990	1654
PB2|PP755596.1|A/cattle/Texas/24-008749-003/2024(H5N1)	1991	1674
PB2|PP755596.1|A/cattle/Texas/24-008749-003/2024(H5N1)	1992	1688
PB2|PP755596.1|A/cattle/Texas/24-008749-003/2024(H5N1)	1993	1682
PB2|PP755596.1|A/cattle/Texas/24-008749-003/2024(H5N1)	1994	1727
PB2|PP755596.1|A/cattle/Texas/24-008749-003/2024(H5N1)	1995	1823
PB2|PP755596.1|A/cattle/Texas/24-008749-003/2024(H5N1)	1996	1821
PB2|PP755596.1|A/cattle/Texas/24-008749-003/2024(H5N1)	1997	1817
PB2|PP755596.1|A/cattle/Texas/24-008749-003/2024(H5N1)	1998	1808
PB2|PP755596.1|A/cattle/Texas/24-008749-003/2024(H5N1)	1999	1827
PB2|PP755596.1|A/cattle/Texas/24-008749-003/2024(H5N1)	2000	1807
PB2|PP755596.1|A/cattle/Texas/24-008749-003/2024(H5N1)	2001	1803
PB2|PP755596.1|A/cattle/Texas/24-008749-003/2024(H5N1)	2002	1852
PB2|PP755596.1|A/cattle/Texas/24-008749-003/2024(H5N1)	2003	1850
PB2|PP755596.1|A/cattle/Texas/24-008749-003/2024(H5N1)	2004	1854
PB2|PP755596.1|A/cattle/Texas/24-008749-003/2024(H5N1)	2005	1859
PB2|PP755596.1|A/cattle/Texas/24-008749-003/2024(H5N1)	2006	1869
PB2|PP755596.1|A/cattle/Texas/24-008749-003/2024(H5N1)	2007	1892
PB2|PP755596.1|A/cattle/Texas/24-008749-003/2024(H5N1)	2008	1878
PB2|PP755596.1|A/cattle/Texas/24-008749-003/2024(H5N1)	2009	1877
PB2|PP755596.1|A/cattle/Texas/24-008749-003/2024(H5N1)	2010	1866
PB2|PP755596.1|A/cattle/Texas/24-008749-003/2024(H5N1)	2011	1852
PB2|PP755596.1|A/cattle/Texas/24-008749-003/2024(H5N1)	2012	1872
PB2|PP755596.1|A/cattle/Texas/24-008749-003/2024(H5N1)	2013	1868
PB2|PP755596.1|A/cattle/Texas/24-008749-003/2024(H5N1)	2014	1892
PB2|PP755596.1|A/cattle/Texas/24-008749-003/2024(H5N1)	2015	1902
PB2|PP755596.1|A/cattle/Texas/24-008749-003/2024(H5N1)	2016	1902
PB2|PP755596.1|A/cattle/Texas/24-008749-003/2024(H5N1)	2017	1907
PB2|PP755596.1|A/cattle/Texas/24-008749-003/2024(H5N1)	2018	1930
PB2|PP755596.1|A/cattle/Texas/24-008749-003/2024(H5N1)	2019	1933
PB2|PP755596.1|A/cattle/Texas/24-008749-003/2024(H5N1)	2020	1940
PB2|PP755596.1|A/cattle/Texas/24-008749-003/2024(H5N1)	2021	1980
PB2|PP755596.1|A/cattle/Texas/24-008749-003/2024(H5N1)	2022	1980
PB2|PP755596.1|A/cattle/Texas/24-008749-003/2024(H5N1)	2023	1987
PB2|PP755596.1|A/cattle/Texas/24-008749-003/2024(H5N1)	2024	1951
PB2|PP755596.1|A/cattle/Texas/24-008749-003/2024(H5N1)	2025	1951
PB2|PP755596.1|A/cattle/Texas/24-008749-003/2024(H5N1)	2026	1939
PB2|PP755596.1|A/cattle/Texas/24-008749-003/2024(H5N1)	2027	1966
PB2|PP755596.1|A/cattle/Texas/24-008749-003/2024(H5N1)	2028	1964
PB2|PP755596.1|A/cattle/Texas/24-008749-003/2024(H5N1)	2029	1957
PB2|PP755596.1|A/cattle/Texas/24-008749-003/2024(H5N1)	2030	1943
PB2|PP755596.1|A/cattle/Texas/24-008749-003/2024(H5N1)	2031	1942
PB2|PP755596.1|A/cattle/Texas/24-008749-003/2024(H5N1)	2032	1936
PB2|PP755596.1|A/cattle/Texas/24-008749-003/2024(H5N1)	2033	1981
PB2|PP755596.1|A/cattle/Texas/24-008749-003/2024(H5N1)	2034	2052
PB2|PP755596.1|A/cattle/Texas/24-008749-003/2024(H5N1)	2035	2061
PB2|PP755596.1|A/cattle/Texas/24-008749-003/2024(H5N1)	2036	2032
PB2|PP755596.1|A/cattle/Texas/24-008749-003/2024(H5N1)	2037	1957
PB2|PP755596.1|A/cattle/Texas/24-008749-003/2024(H5N1)	2038	2002
PB2|PP755596.1|A/cattle/Texas/24-008749-003/2024(H5N1)	2039	2033
PB2|PP755596.1|A/cattle/Texas/24-008749-003/2024(H5N1)	2040	2041
PB2|PP755596.1|A/cattle/Texas/24-008749-003/2024(H5N1)	2041	2040
PB2|PP755596.1|A/cattle/Texas/24-008749-003/2024(H5N1)	2042	2027
PB2|PP755596.1|A/cattle/Texas/24-008749-003/2024(H5N1)	2043	2030
PB2|PP755596.1|A/cattle/Texas/24-008749-003/2024(H5N1)	2044	2041
PB2|PP755596.1|A/cattle/Texas/24-008749-003/2024(H5N1)	2045	2066
PB2|PP755596.1|A/cattle/Texas/24-008749-003/2024(H5N1)	2046	2108
PB2|PP755596.1|A/cattle/Texas/24-008749-003/2024(H5N1)	2047	2066
PB2|PP755596.1|A/cattle/Texas/24-008749-003/2024(H5N1)	2048	2065
PB2|PP755596.1|A/cattle/Texas/24-008749-003/2024(H5N1)	2049	2061
PB2|PP755596.1|A/cattle/Texas/24-008749-003/2024(H5N1)	2050	2075
PB2|PP755596.1|A/cattle/Texas/24-008749-003/2024(H5N1)	2051	2116
PB2|PP755596.1|A/cattle/Texas/24-008749-003/2024(H5N1)	2052	2151
PB2|PP755596.1|A/cattle/Texas/24-008749-003/2024(H5N1)	2053	2176
PB2|PP755596.1|A/cattle/Texas/24-008749-003/2024(H5N1)	2054	2194
PB2|PP755596.1|A/cattle/Texas/24-008749-003/2024(H5N1)	2055	2223
PB2|PP755596.1|A/cattle/Texas/24-008749-003/2024(H5N1)	2056	2226
PB2|PP755596.1|A/cattle/Texas/24-008749-003/2024(H5N1)	2057	2248
PB2|PP755596.1|A/cattle/Texas/24-008749-003/2024(H5N1)	2058	2248
PB2|PP755596.1|A/cattle/Texas/24-008749-003/2024(H5N1)	2059	2247
PB2|PP755596.1|A/cattle/Texas/24-008749-003/2024(H5N1)	2060	2275
PB2|PP755596.1|A/cattle/Texas/24-008749-003/2024(H5N1)	2061	2333
PB2|PP755596.1|A/cattle/Texas/24-008749-003/2024(H5N1)	2062	2300
PB2|PP755596.1|A/cattle/Texas/24-008749-003/2024(H5N1)	2063	2286
PB2|PP755596.1|A/cattle/Texas/24-008749-003/2024(H5N1)	2064	2277
PB2|PP755596.1|A/cattle/Texas/24-008749-003/2024(H5N1)	2065	2281
PB2|PP755596.1|A/cattle/Texas/24-008749-003/2024(H5N1)	2066	2250
PB2|PP755596.1|A/cattle/Texas/24-008749-003/2024(H5N1)	2067	2337
PB2|PP755596.1|A/cattle/Texas/24-008749-003/2024(H5N1)	2068	2399
PB2|PP755596.1|A/cattle/Texas/24-008749-003/2024(H5N1)	2069	2396
PB2|PP755596.1|A/cattle/Texas/24-008749-003/2024(H5N1)	2070	2394
PB2|PP755596.1|A/cattle/Texas/24-008749-003/2024(H5N1)	2071	2392
PB2|PP755596.1|A/cattle/Texas/24-008749-003/2024(H5N1)	2072	2376
PB2|PP755596.1|A/cattle/Texas/24-008749-003/2024(H5N1)	2073	2384
PB2|PP755596.1|A/cattle/Texas/24-008749-003/2024(H5N1)	2074	2376
PB2|PP755596.1|A/cattle/Texas/24-008749-003/2024(H5N1)	2075	2371
PB2|PP755596.1|A/cattle/Texas/24-008749-003/2024(H5N1)	2076	2372
PB2|PP755596.1|A/cattle/Texas/24-008749-003/2024(H5N1)	2077	2356
PB2|PP755596.1|A/cattle/Texas/24-008749-003/2024(H5N1)	2078	2359
PB2|PP755596.1|A/cattle/Texas/24-008749-003/2024(H5N1)	2079	2403
PB2|PP755596.1|A/cattle/Texas/24-008749-003/2024(H5N1)	2080	2603
PB2|PP755596.1|A/cattle/Texas/24-008749-003/2024(H5N1)	2081	2590
PB2|PP755596.1|A/cattle/Texas/24-008749-003/2024(H5N1)	2082	2609
PB2|PP755596.1|A/cattle/Texas/24-008749-003/2024(H5N1)	2083	2703
PB2|PP755596.1|A/cattle/Texas/24-008749-003/2024(H5N1)	2084	2721
PB2|PP755596.1|A/cattle/Texas/24-008749-003/2024(H5N1)	2085	2724
PB2|PP755596.1|A/cattle/Texas/24-008749-003/2024(H5N1)	2086	2757
PB2|PP755596.1|A/cattle/Texas/24-008749-003/2024(H5N1)	2087	2756
PB2|PP755596.1|A/cattle/Texas/24-008749-003/2024(H5N1)	2088	2825
PB2|PP755596.1|A/cattle/Texas/24-008749-003/2024(H5N1)	2089	2825
PB2|PP755596.1|A/cattle/Texas/24-008749-003/2024(H5N1)	2090	2816
PB2|PP755596.1|A/cattle/Texas/24-008749-003/2024(H5N1)	2091	2810
PB2|PP755596.1|A/cattle/Texas/24-008749-003/2024(H5N1)	2092	2813
PB2|PP755596.1|A/cattle/Texas/24-008749-003/2024(H5N1)	2093	2840
PB2|PP755596.1|A/cattle/Texas/24-008749-003/2024(H5N1)	2094	2838
PB2|PP755596.1|A/cattle/Texas/24-008749-003/2024(H5N1)	2095	2858
PB2|PP755596.1|A/cattle/Texas/24-008749-003/2024(H5N1)	2096	3035
PB2|PP755596.1|A/cattle/Texas/24-008749-003/2024(H5N1)	2097	3034
PB2|PP755596.1|A/cattle/Texas/24-008749-003/2024(H5N1)	2098	3162
PB2|PP755596.1|A/cattle/Texas/24-008749-003/2024(H5N1)	2099	4925
PB2|PP755596.1|A/cattle/Texas/24-008749-003/2024(H5N1)	2100	4942
PB2|PP755596.1|A/cattle/Texas/24-008749-003/2024(H5N1)	2101	5050
PB2|PP755596.1|A/cattle/Texas/24-008749-003/2024(H5N1)	2102	5130
PB2|PP755596.1|A/cattle/Texas/24-008749-003/2024(H5N1)	2103	5134
PB2|PP755596.1|A/cattle/Texas/24-008749-003/2024(H5N1)	2104	5125
PB2|PP755596.1|A/cattle/Texas/24-008749-003/2024(H5N1)	2105	5121
PB2|PP755596.1|A/cattle/Texas/24-008749-003/2024(H5N1)	2106	5100
PB2|PP755596.1|A/cattle/Texas/24-008749-003/2024(H5N1)	2107	5108
PB2|PP755596.1|A/cattle/Texas/24-008749-003/2024(H5N1)	2108	5127
PB2|PP755596.1|A/cattle/Texas/24-008749-003/2024(H5N1)	2109	5169
PB2|PP755596.1|A/cattle/Texas/24-008749-003/2024(H5N1)	2110	5165
PB2|PP755596.1|A/cattle/Texas/24-008749-003/2024(H5N1)	2111	5191
PB2|PP755596.1|A/cattle/Texas/24-008749-003/2024(H5N1)	2112	5298
PB2|PP755596.1|A/cattle/Texas/24-008749-003/2024(H5N1)	2113	5299
PB2|PP755596.1|A/cattle/Texas/24-008749-003/2024(H5N1)	2114	5509
PB2|PP755596.1|A/cattle/Texas/24-008749-003/2024(H5N1)	2115	5460
PB2|PP755596.1|A/cattle/Texas/24-008749-003/2024(H5N1)	2116	5485
PB2|PP755596.1|A/cattle/Texas/24-008749-003/2024(H5N1)	2117	5483
PB2|PP755596.1|A/cattle/Texas/24-008749-003/2024(H5N1)	2118	5446
PB2|PP755596.1|A/cattle/Texas/24-008749-003/2024(H5N1)	2119	5492
PB2|PP755596.1|A/cattle/Texas/24-008749-003/2024(H5N1)	2120	5535
PB2|PP755596.1|A/cattle/Texas/24-008749-003/2024(H5N1)	2121	5539
PB2|PP755596.1|A/cattle/Texas/24-008749-003/2024(H5N1)	2122	5507
PB2|PP755596.1|A/cattle/Texas/24-008749-003/2024(H5N1)	2123	5261
PB2|PP755596.1|A/cattle/Texas/24-008749-003/2024(H5N1)	2124	5312
PB2|PP755596.1|A/cattle/Texas/24-008749-003/2024(H5N1)	2125	5315
PB2|PP755596.1|A/cattle/Texas/24-008749-003/2024(H5N1)	2126	5347
PB2|PP755596.1|A/cattle/Texas/24-008749-003/2024(H5N1)	2127	5768
PB2|PP755596.1|A/cattle/Texas/24-008749-003/2024(H5N1)	2128	5885
PB2|PP755596.1|A/cattle/Texas/24-008749-003/2024(H5N1)	2129	5932
PB2|PP755596.1|A/cattle/Texas/24-008749-003/2024(H5N1)	2130	5993
PB2|PP755596.1|A/cattle/Texas/24-008749-003/2024(H5N1)	2131	5966
PB2|PP755596.1|A/cattle/Texas/24-008749-003/2024(H5N1)	2132	5991
PB2|PP755596.1|A/cattle/Texas/24-008749-003/2024(H5N1)	2133	5988
PB2|PP755596.1|A/cattle/Texas/24-008749-003/2024(H5N1)	2134	6022
PB2|PP755596.1|A/cattle/Texas/24-008749-003/2024(H5N1)	2135	5915
PB2|PP755596.1|A/cattle/Texas/24-008749-003/2024(H5N1)	2136	5904
PB2|PP755596.1|A/cattle/Texas/24-008749-003/2024(H5N1)	2137	5883
PB2|PP755596.1|A/cattle/Texas/24-008749-003/2024(H5N1)	2138	6024
PB2|PP755596.1|A/cattle/Texas/24-008749-003/2024(H5N1)	2139	6047
PB2|PP755596.1|A/cattle/Texas/24-008749-003/2024(H5N1)	2140	6027
PB2|PP755596.1|A/cattle/Texas/24-008749-003/2024(H5N1)	2141	5967
PB2|PP755596.1|A/cattle/Texas/24-008749-003/2024(H5N1)	2142	5929
PB2|PP755596.1|A/cattle/Texas/24-008749-003/2024(H5N1)	2143	5877
PB2|PP755596.1|A/cattle/Texas/24-008749-003/2024(H5N1)	2144	5874
PB2|PP755596.1|A/cattle/Texas/24-008749-003/2024(H5N1)	2145	5855
PB2|PP755596.1|A/cattle/Texas/24-008749-003/2024(H5N1)	2146	5485
PB2|PP755596.1|A/cattle/Texas/24-008749-003/2024(H5N1)	2147	5485
PB2|PP755596.1|A/cattle/Texas/24-008749-003/2024(H5N1)	2148	5461
PB2|PP755596.1|A/cattle/Texas/24-008749-003/2024(H5N1)	2149	5528
PB2|PP755596.1|A/cattle/Texas/24-008749-003/2024(H5N1)	2150	6858
PB2|PP755596.1|A/cattle/Texas/24-008749-003/2024(H5N1)	2151	6862
PB2|PP755596.1|A/cattle/Texas/24-008749-003/2024(H5N1)	2152	6885
PB2|PP755596.1|A/cattle/Texas/24-008749-003/2024(H5N1)	2153	6887
PB2|PP755596.1|A/cattle/Texas/24-008749-003/2024(H5N1)	2154	6912
PB2|PP755596.1|A/cattle/Texas/24-008749-003/2024(H5N1)	2155	7003
PB2|PP755596.1|A/cattle/Texas/24-008749-003/2024(H5N1)	2156	7017
PB2|PP755596.1|A/cattle/Texas/24-008749-003/2024(H5N1)	2157	6938
PB2|PP755596.1|A/cattle/Texas/24-008749-003/2024(H5N1)	2158	6952
PB2|PP755596.1|A/cattle/Texas/24-008749-003/2024(H5N1)	2159	6889
PB2|PP755596.1|A/cattle/Texas/24-008749-003/2024(H5N1)	2160	6902
PB2|PP755596.1|A/cattle/Texas/24-008749-003/2024(H5N1)	2161	7155
PB2|PP755596.1|A/cattle/Texas/24-008749-003/2024(H5N1)	2162	7155
PB2|PP755596.1|A/cattle/Texas/24-008749-003/2024(H5N1)	2163	7135
PB2|PP755596.1|A/cattle/Texas/24-008749-003/2024(H5N1)	2164	8935
PB2|PP755596.1|A/cattle/Texas/24-008749-003/2024(H5N1)	2165	9214
PB2|PP755596.1|A/cattle/Texas/24-008749-003/2024(H5N1)	2166	9216
PB2|PP755596.1|A/cattle/Texas/24-008749-003/2024(H5N1)	2167	9232
PB2|PP755596.1|A/cattle/Texas/24-008749-003/2024(H5N1)	2168	9405
PB2|PP755596.1|A/cattle/Texas/24-008749-003/2024(H5N1)	2169	9407
PB2|PP755596.1|A/cattle/Texas/24-008749-003/2024(H5N1)	2170	9415
PB2|PP755596.1|A/cattle/Texas/24-008749-003/2024(H5N1)	2171	9332
PB2|PP755596.1|A/cattle/Texas/24-008749-003/2024(H5N1)	2172	9273
PB2|PP755596.1|A/cattle/Texas/24-008749-003/2024(H5N1)	2173	9224
PB2|PP755596.1|A/cattle/Texas/24-008749-003/2024(H5N1)	2174	9203
PB2|PP755596.1|A/cattle/Texas/24-008749-003/2024(H5N1)	2175	9211
PB2|PP755596.1|A/cattle/Texas/24-008749-003/2024(H5N1)	2176	9196
PB2|PP755596.1|A/cattle/Texas/24-008749-003/2024(H5N1)	2177	9161
PB2|PP755596.1|A/cattle/Texas/24-008749-003/2024(H5N1)	2178	9133
PB2|PP755596.1|A/cattle/Texas/24-008749-003/2024(H5N1)	2179	9131
PB2|PP755596.1|A/cattle/Texas/24-008749-003/2024(H5N1)	2180	9103
PB2|PP755596.1|A/cattle/Texas/24-008749-003/2024(H5N1)	2181	9086
PB2|PP755596.1|A/cattle/Texas/24-008749-003/2024(H5N1)	2182	9104
PB2|PP755596.1|A/cattle/Texas/24-008749-003/2024(H5N1)	2183	9085
PB2|PP755596.1|A/cattle/Texas/24-008749-003/2024(H5N1)	2184	9051
PB2|PP755596.1|A/cattle/Texas/24-008749-003/2024(H5N1)	2185	9004
PB2|PP755596.1|A/cattle/Texas/24-008749-003/2024(H5N1)	2186	9008
PB2|PP755596.1|A/cattle/Texas/24-008749-003/2024(H5N1)	2187	8985
PB2|PP755596.1|A/cattle/Texas/24-008749-003/2024(H5N1)	2188	8935
PB2|PP755596.1|A/cattle/Texas/24-008749-003/2024(H5N1)	2189	8940
PB2|PP755596.1|A/cattle/Texas/24-008749-003/2024(H5N1)	2190	8855
PB2|PP755596.1|A/cattle/Texas/24-008749-003/2024(H5N1)	2191	8841
PB2|PP755596.1|A/cattle/Texas/24-008749-003/2024(H5N1)	2192	8843
PB2|PP755596.1|A/cattle/Texas/24-008749-003/2024(H5N1)	2193	8748
PB2|PP755596.1|A/cattle/Texas/24-008749-003/2024(H5N1)	2194	8793
PB2|PP755596.1|A/cattle/Texas/24-008749-003/2024(H5N1)	2195	8650
PB2|PP755596.1|A/cattle/Texas/24-008749-003/2024(H5N1)	2196	8636
PB2|PP755596.1|A/cattle/Texas/24-008749-003/2024(H5N1)	2197	8423
PB2|PP755596.1|A/cattle/Texas/24-008749-003/2024(H5N1)	2198	8318
PB2|PP755596.1|A/cattle/Texas/24-008749-003/2024(H5N1)	2199	8277
PB2|PP755596.1|A/cattle/Texas/24-008749-003/2024(H5N1)	2200	8268
PB2|PP755596.1|A/cattle/Texas/24-008749-003/2024(H5N1)	2201	8200
PB2|PP755596.1|A/cattle/Texas/24-008749-003/2024(H5N1)	2202	8219
PB2|PP755596.1|A/cattle/Texas/24-008749-003/2024(H5N1)	2203	8077
PB2|PP755596.1|A/cattle/Texas/24-008749-003/2024(H5N1)	2204	7987
PB2|PP755596.1|A/cattle/Texas/24-008749-003/2024(H5N1)	2205	7966
PB2|PP755596.1|A/cattle/Texas/24-008749-003/2024(H5N1)	2206	7932
PB2|PP755596.1|A/cattle/Texas/24-008749-003/2024(H5N1)	2207	7926
PB2|PP755596.1|A/cattle/Texas/24-008749-003/2024(H5N1)	2208	7922
PB2|PP755596.1|A/cattle/Texas/24-008749-003/2024(H5N1)	2209	7886
PB2|PP755596.1|A/cattle/Texas/24-008749-003/2024(H5N1)	2210	7890
PB2|PP755596.1|A/cattle/Texas/24-008749-003/2024(H5N1)	2211	7845
PB2|PP755596.1|A/cattle/Texas/24-008749-003/2024(H5N1)	2212	7828
PB2|PP755596.1|A/cattle/Texas/24-008749-003/2024(H5N1)	2213	7815
PB2|PP755596.1|A/cattle/Texas/24-008749-003/2024(H5N1)	2214	7803
PB2|PP755596.1|A/cattle/Texas/24-008749-003/2024(H5N1)	2215	7796
PB2|PP755596.1|A/cattle/Texas/24-008749-003/2024(H5N1)	2216	7788
PB2|PP755596.1|A/cattle/Texas/24-008749-003/2024(H5N1)	2217	7795
PB2|PP755596.1|A/cattle/Texas/24-008749-003/2024(H5N1)	2218	7781
PB2|PP755596.1|A/cattle/Texas/24-008749-003/2024(H5N1)	2219	7730
PB2|PP755596.1|A/cattle/Texas/24-008749-003/2024(H5N1)	2220	7714
PB2|PP755596.1|A/cattle/Texas/24-008749-003/2024(H5N1)	2221	7685
PB2|PP755596.1|A/cattle/Texas/24-008749-003/2024(H5N1)	2222	7687
PB2|PP755596.1|A/cattle/Texas/24-008749-003/2024(H5N1)	2223	7687
PB2|PP755596.1|A/cattle/Texas/24-008749-003/2024(H5N1)	2224	7682
PB2|PP755596.1|A/cattle/Texas/24-008749-003/2024(H5N1)	2225	7676
PB2|PP755596.1|A/cattle/Texas/24-008749-003/2024(H5N1)	2226	7579
PB2|PP755596.1|A/cattle/Texas/24-008749-003/2024(H5N1)	2227	7577
PB2|PP755596.1|A/cattle/Texas/24-008749-003/2024(H5N1)	2228	7545
PB2|PP755596.1|A/cattle/Texas/24-008749-003/2024(H5N1)	2229	7397
PB2|PP755596.1|A/cattle/Texas/24-008749-003/2024(H5N1)	2230	7379
PB2|PP755596.1|A/cattle/Texas/24-008749-003/2024(H5N1)	2231	6705
PB2|PP755596.1|A/cattle/Texas/24-008749-003/2024(H5N1)	2232	6703
PB2|PP755596.1|A/cattle/Texas/24-008749-003/2024(H5N1)	2233	6571
PB2|PP755596.1|A/cattle/Texas/24-008749-003/2024(H5N1)	2234	6553
PB2|PP755596.1|A/cattle/Texas/24-008749-003/2024(H5N1)	2235	6535
PB2|PP755596.1|A/cattle/Texas/24-008749-003/2024(H5N1)	2236	6535
PB2|PP755596.1|A/cattle/Texas/24-008749-003/2024(H5N1)	2237	6428
PB2|PP755596.1|A/cattle/Texas/24-008749-003/2024(H5N1)	2238	6455
PB2|PP755596.1|A/cattle/Texas/24-008749-003/2024(H5N1)	2239	6187
PB2|PP755596.1|A/cattle/Texas/24-008749-003/2024(H5N1)	2240	6215
PB2|PP755596.1|A/cattle/Texas/24-008749-003/2024(H5N1)	2241	6196
PB2|PP755596.1|A/cattle/Texas/24-008749-003/2024(H5N1)	2242	6174
PB2|PP755596.1|A/cattle/Texas/24-008749-003/2024(H5N1)	2243	6155
PB2|PP755596.1|A/cattle/Texas/24-008749-003/2024(H5N1)	2244	6149
PB2|PP755596.1|A/cattle/Texas/24-008749-003/2024(H5N1)	2245	6133
PB2|PP755596.1|A/cattle/Texas/24-008749-003/2024(H5N1)	2246	6116
PB2|PP755596.1|A/cattle/Texas/24-008749-003/2024(H5N1)	2247	5785
PB2|PP755596.1|A/cattle/Texas/24-008749-003/2024(H5N1)	2248	5779
PB2|PP755596.1|A/cattle/Texas/24-008749-003/2024(H5N1)	2249	5521
PB2|PP755596.1|A/cattle/Texas/24-008749-003/2024(H5N1)	2250	5521
PB2|PP755596.1|A/cattle/Texas/24-008749-003/2024(H5N1)	2251	5497
PB2|PP755596.1|A/cattle/Texas/24-008749-003/2024(H5N1)	2252	5476
PB2|PP755596.1|A/cattle/Texas/24-008749-003/2024(H5N1)	2253	5456
PB2|PP755596.1|A/cattle/Texas/24-008749-003/2024(H5N1)	2254	5440
PB2|PP755596.1|A/cattle/Texas/24-008749-003/2024(H5N1)	2255	5441
PB2|PP755596.1|A/cattle/Texas/24-008749-003/2024(H5N1)	2256	5439
PB2|PP755596.1|A/cattle/Texas/24-008749-003/2024(H5N1)	2257	5433
PB2|PP755596.1|A/cattle/Texas/24-008749-003/2024(H5N1)	2258	5416
PB2|PP755596.1|A/cattle/Texas/24-008749-003/2024(H5N1)	2259	5323
PB2|PP755596.1|A/cattle/Texas/24-008749-003/2024(H5N1)	2260	5316
PB2|PP755596.1|A/cattle/Texas/24-008749-003/2024(H5N1)	2261	5291
PB2|PP755596.1|A/cattle/Texas/24-008749-003/2024(H5N1)	2262	5285
PB2|PP755596.1|A/cattle/Texas/24-008749-003/2024(H5N1)	2263	5278
PB2|PP755596.1|A/cattle/Texas/24-008749-003/2024(H5N1)	2264	5229
PB2|PP755596.1|A/cattle/Texas/24-008749-003/2024(H5N1)	2265	5101
PB2|PP755596.1|A/cattle/Texas/24-008749-003/2024(H5N1)	2266	5098
PB2|PP755596.1|A/cattle/Texas/24-008749-003/2024(H5N1)	2267	5001
PB2|PP755596.1|A/cattle/Texas/24-008749-003/2024(H5N1)	2268	4994
PB2|PP755596.1|A/cattle/Texas/24-008749-003/2024(H5N1)	2269	4980
PB2|PP755596.1|A/cattle/Texas/24-008749-003/2024(H5N1)	2270	4950
PB2|PP755596.1|A/cattle/Texas/24-008749-003/2024(H5N1)	2271	4947
PB2|PP755596.1|A/cattle/Texas/24-008749-003/2024(H5N1)	2272	4939
PB2|PP755596.1|A/cattle/Texas/24-008749-003/2024(H5N1)	2273	4936
PB2|PP755596.1|A/cattle/Texas/24-008749-003/2024(H5N1)	2274	4913
PB2|PP755596.1|A/cattle/Texas/24-008749-003/2024(H5N1)	2275	4908
PB2|PP755596.1|A/cattle/Texas/24-008749-003/2024(H5N1)	2276	4906
PB2|PP755596.1|A/cattle/Texas/24-008749-003/2024(H5N1)	2277	4855
PB2|PP755596.1|A/cattle/Texas/24-008749-003/2024(H5N1)	2278	4746
PB2|PP755596.1|A/cattle/Texas/24-008749-003/2024(H5N1)	2279	4521
PB2|PP755596.1|A/cattle/Texas/24-008749-003/2024(H5N1)	2280	4489
