PB2|PP755596.1|A/cattle/Texas/24-008749-003/2024(H5N1)	1	2897
PB2|PP755596.1|A/cattle/Texas/24-008749-003/2024(H5N1)	2	2902
PB2|PP755596.1|A/cattle/Texas/24-008749-003/2024(H5N1)	3	2949
PB2|PP755596.1|A/cattle/Texas/24-008749-003/2024(H5N1)	4	2954
PB2|PP755596.1|A/cattle/Texas/24-008749-003/2024(H5N1)	5	2962
PB2|PP755596.1|A/cattle/Texas/24-008749-003/2024(H5N1)	6	2981
PB2|PP755596.1|A/cattle/Texas/24-008749-003/2024(H5N1)	7	2987
PB2|PP755596.1|A/cattle/Texas/24-008749-003/2024(H5N1)	8	3247
PB2|PP755596.1|A/cattle/Texas/24-008749-003/2024(H5N1)	9	3247
PB2|PP755596.1|A/cattle/Texas/24-008749-003/2024(H5N1)	10	3258
PB2|PP755596.1|A/cattle/Texas/24-008749-003/2024(H5N1)	11	3306
PB2|PP755596.1|A/cattle/Texas/24-008749-003/2024(H5N1)	12	3311
PB2|PP755596.1|A/cattle/Texas/24-008749-003/2024(H5N1)	13	3336
PB2|PP755596.1|A/cattle/Texas/24-008749-003/2024(H5N1)	14	3337
PB2|PP755596.1|A/cattle/Texas/24-008749-003/2024(H5N1)	15	3339
PB2|PP755596.1|A/cattle/Texas/24-008749-003/2024(H5N1)	16	3410
PB2|PP755596.1|A/cattle/Texas/24-008749-003/2024(H5N1)	17	3470
PB2|PP755596.1|A/cattle/Texas/24-008749-003/2024(H5N1)	18	3501
PB2|PP755596.1|A/cattle/Texas/24-008749-003/2024(H5N1)	19	3508
PB2|PP755596.1|A/cattle/Texas/24-008749-003/2024(H5N1)	20	3509
PB2|PP755596.1|A/cattle/Texas/24-008749-003/2024(H5N1)	21	3538
PB2|PP755596.1|A/cattle/Texas/24-008749-003/2024(H5N1)	22	3552
PB2|PP755596.1|A/cattle/Texas/24-008749-003/2024(H5N1)	23	3564
PB2|PP755596.1|A/cattle/Texas/24-008749-003/2024(H5N1)	24	3594
PB2|PP755596.1|A/cattle/Texas/24-008749-003/2024(H5N1)	25	3761
PB2|PP755596.1|A/cattle/Texas/24-008749-003/2024(H5N1)	26	3868
PB2|PP755596.1|A/cattle/Texas/24-008749-003/2024(H5N1)	27	3875
PB2|PP755596.1|A/cattle/Texas/24-008749-003/2024(H5N1)	28	3890
PB2|PP755596.1|A/cattle/Texas/24-008749-003/2024(H5N1)	29	3906
PB2|PP755596.1|A/cattle/Texas/24-008749-003/2024(H5N1)	30	3917
PB2|PP755596.1|A/cattle/Texas/24-008749-003/2024(H5N1)	31	4009
PB2|PP755596.1|A/cattle/Texas/24-008749-003/2024(H5N1)	32	4034
PB2|PP755596.1|A/cattle/Texas/24-008749-003/2024(H5N1)	33	4060
PB2|PP755596.1|A/cattle/Texas/24-008749-003/2024(H5N1)	34	4093
PB2|PP755596.1|A/cattle/Texas/24-008749-003/2024(H5N1)	35	4099
PB2|PP755596.1|A/cattle/Texas/24-008749-003/2024(H5N1)	36	4100
PB2|PP755596.1|A/cattle/Texas/24-008749-003/2024(H5N1)	37	4110
PB2|PP755596.1|A/cattle/Texas/24-008749-003/2024(H5N1)	38	4109
PB2|PP755596.1|A/cattle/Texas/24-008749-003/2024(H5N1)	39	4383
PB2|PP755596.1|A/cattle/Texas/24-008749-003/2024(H5N1)	40	4424
PB2|PP755596.1|A/cattle/Texas/24-008749-003/2024(H5N1)	41	4431
PB2|PP755596.1|A/cattle/Texas/24-008749-003/2024(H5N1)	42	4432
PB2|PP755596.1|A/cattle/Texas/24-008749-003/2024(H5N1)	43	4458
PB2|PP755596.1|A/cattle/Texas/24-008749-003/2024(H5N1)	44	4470
PB2|PP755596.1|A/cattle/Texas/24-008749-003/2024(H5N1)	45	4484
PB2|PP755596.1|A/cattle/Texas/24-008749-003/2024(H5N1)	46	4509
PB2|PP755596.1|A/cattle/Texas/24-008749-003/2024(H5N1)	47	4556
PB2|PP755596.1|A/cattle/Texas/24-008749-003/2024(H5N1)	48	4558
PB2|PP755596.1|A/cattle/Texas/24-008749-003/2024(H5N1)	49	4669
PB2|PP755596.1|A/cattle/Texas/24-008749-003/2024(H5N1)	50	4673
PB2|PP755596.1|A/cattle/Texas/24-008749-003/2024(H5N1)	51	4698
PB2|PP755596.1|A/cattle/Texas/24-008749-003/2024(H5N1)	52	4698
PB2|PP755596.1|A/cattle/Texas/24-008749-003/2024(H5N1)	53	4707
PB2|PP755596.1|A/cattle/Texas/24-008749-003/2024(H5N1)	54	4810
PB2|PP755596.1|A/cattle/Texas/24-008749-003/2024(H5N1)	55	5009
PB2|PP755596.1|A/cattle/Texas/24-008749-003/2024(H5N1)	56	5080
PB2|PP755596.1|A/cattle/Texas/24-008749-003/2024(H5N1)	57	5083
PB2|PP755596.1|A/cattle/Texas/24-008749-003/2024(H5N1)	58	5098
PB2|PP755596.1|A/cattle/Texas/24-008749-003/2024(H5N1)	59	5103
PB2|PP755596.1|A/cattle/Texas/24-008749-003/2024(H5N1)	60	5214
PB2|PP755596.1|A/cattle/Texas/24-008749-003/2024(H5N1)	61	5244
PB2|PP755596.1|A/cattle/Texas/24-008749-003/2024(H5N1)	62	5260
PB2|PP755596.1|A/cattle/Texas/24-008749-003/2024(H5N1)	63	5261
PB2|PP755596.1|A/cattle/Texas/24-008749-003/2024(H5N1)	64	5224
PB2|PP755596.1|A/cattle/Texas/24-008749-003/2024(H5N1)	65	5243
PB2|PP755596.1|A/cattle/Texas/24-008749-003/2024(H5N1)	66	5293
PB2|PP755596.1|A/cattle/Texas/24-008749-003/2024(H5N1)	67	5335
PB2|PP755596.1|A/cattle/Texas/24-008749-003/2024(H5N1)	68	5394
PB2|PP755596.1|A/cattle/Texas/24-008749-003/2024(H5N1)	69	5371
PB2|PP755596.1|A/cattle/Texas/24-008749-003/2024(H5N1)	70	5383
PB2|PP755596.1|A/cattle/Texas/24-008749-003/2024(H5N1)	71	5502
PB2|PP755596.1|A/cattle/Texas/24-008749-003/2024(H5N1)	72	5534
PB2|PP755596.1|A/cattle/Texas/24-008749-003/2024(H5N1)	73	5735
PB2|PP755596.1|A/cattle/Texas/24-008749-003/2024(H5N1)	74	5761
PB2|PP755596.1|A/cattle/Texas/24-008749-003/2024(H5N1)	75	5754
PB2|PP755596.1|A/cattle/Texas/24-008749-003/2024(H5N1)	76	5763
PB2|PP755596.1|A/cattle/Texas/24-008749-003/2024(H5N1)	77	5758
PB2|PP755596.1|A/cattle/Texas/24-008749-003/2024(H5N1)	78	5878
PB2|PP755596.1|A/cattle/Texas/24-008749-003/2024(H5N1)	79	5976
PB2|PP755596.1|A/cattle/Texas/24-008749-003/2024(H5N1)	80	5944
PB2|PP755596.1|A/cattle/Texas/24-008749-003/2024(H5N1)	81	5963
PB2|PP755596.1|A/cattle/Texas/24-008749-003/2024(H5N1)	82	5923
PB2|PP755596.1|A/cattle/Texas/24-008749-003/2024(H5N1)	83	5928
PB2|PP755596.1|A/cattle/Texas/24-008749-003/2024(H5N1)	84	5963
PB2|PP755596.1|A/cattle/Texas/24-008749-003/2024(H5N1)	85	6080
PB2|PP755596.1|A/cattle/Texas/24-008749-003/2024(H5N1)	86	6139
PB2|PP755596.1|A/cattle/Texas/24-008749-003/2024(H5N1)	87	6201
PB2|PP755596.1|A/cattle/Texas/24-008749-003/2024(H5N1)	88	6206
PB2|PP755596.1|A/cattle/Texas/24-008749-003/2024(H5N1)	89	6233
PB2|PP755596.1|A/cattle/Texas/24-008749-003/2024(H5N1)	90	6258
PB2|PP755596.1|A/cattle/Texas/24-008749-003/2024(H5N1)	91	6376
PB2|PP755596.1|A/cattle/Texas/24-008749-003/2024(H5N1)	92	6426
PB2|PP755596.1|A/cattle/Texas/24-008749-003/2024(H5N1)	93	6424
PB2|PP755596.1|A/cattle/Texas/24-008749-003/2024(H5N1)	94	6385
PB2|PP755596.1|A/cattle/Texas/24-008749-003/2024(H5N1)	95	6388
PB2|PP755596.1|A/cattle/Texas/24-008749-003/2024(H5N1)	96	6470
PB2|PP755596.1|A/cattle/Texas/24-008749-003/2024(H5N1)	97	6551
PB2|PP755596.1|A/cattle/Texas/24-008749-003/2024(H5N1)	98	6544
PB2|PP755596.1|A/cattle/Texas/24-008749-003/2024(H5N1)	99	6716
PB2|PP755596.1|A/cattle/Texas/24-008749-003/2024(H5N1)	100	6721
PB2|PP755596.1|A/cattle/Texas/24-008749-003/2024(H5N1)	101	6730
PB2|PP755596.1|A/cattle/Texas/24-008749-003/2024(H5N1)	102	6747
PB2|PP755596.1|A/cattle/Texas/24-008749-003/2024(H5N1)	103	6751
PB2|PP755596.1|A/cattle/Texas/24-008749-003/2024(H5N1)	104	6927
PB2|PP755596.1|A/cattle/Texas/24-008749-003/2024(H5N1)	105	6901
PB2|PP755596.1|A/cattle/Texas/24-008749-003/2024(H5N1)	106	6932
PB2|PP755596.1|A/cattle/Texas/24-008749-003/2024(H5N1)	107	6934
PB2|PP755596.1|A/cattle/Texas/24-008749-003/2024(H5N1)	108	6825
PB2|PP755596.1|A/cattle/Texas/24-008749-003/2024(H5N1)	109	6829
PB2|PP755596.1|A/cattle/Texas/24-008749-003/2024(H5N1)	110	6854
PB2|PP755596.1|A/cattle/Texas/24-008749-003/2024(H5N1)	111	7010
PB2|PP755596.1|A/cattle/Texas/24-008749-003/2024(H5N1)	112	7004
PB2|PP755596.1|A/cattle/Texas/24-008749-003/2024(H5N1)	113	6992
PB2|PP755596.1|A/cattle/Texas/24-008749-003/2024(H5N1)	114	7014
PB2|PP755596.1|A/cattle/Texas/24-008749-003/2024(H5N1)	115	7072
PB2|PP755596.1|A/cattle/Texas/24-008749-003/2024(H5N1)	116	7090
PB2|PP755596.1|A/cattle/Texas/24-008749-003/2024(H5N1)	117	7109
PB2|PP755596.1|A/cattle/Texas/24-008749-003/2024(H5N1)	118	7245
PB2|PP755596.1|A/cattle/Texas/24-008749-003/2024(H5N1)	119	7348
PB2|PP755596.1|A/cattle/Texas/24-008749-003/2024(H5N1)	120	7369
PB2|PP755596.1|A/cattle/Texas/24-008749-003/2024(H5N1)	121	7507
PB2|PP755596.1|A/cattle/Texas/24-008749-003/2024(H5N1)	122	7438
PB2|PP755596.1|A/cattle/Texas/24-008749-003/2024(H5N1)	123	7438
PB2|PP755596.1|A/cattle/Texas/24-008749-003/2024(H5N1)	124	6772
PB2|PP755596.1|A/cattle/Texas/24-008749-003/2024(H5N1)	125	6697
PB2|PP755596.1|A/cattle/Texas/24-008749-003/2024(H5N1)	126	6422
PB2|PP755596.1|A/cattle/Texas/24-008749-003/2024(H5N1)	127	6366
PB2|PP755596.1|A/cattle/Texas/24-008749-003/2024(H5N1)	128	6378
PB2|PP755596.1|A/cattle/Texas/24-008749-003/2024(H5N1)	129	6502
PB2|PP755596.1|A/cattle/Texas/24-008749-003/2024(H5N1)	130	6541
PB2|PP755596.1|A/cattle/Texas/24-008749-003/2024(H5N1)	131	6557
PB2|PP755596.1|A/cattle/Texas/24-008749-003/2024(H5N1)	132	6513
PB2|PP755596.1|A/cattle/Texas/24-008749-003/2024(H5N1)	133	6341
PB2|PP755596.1|A/cattle/Texas/24-008749-003/2024(H5N1)	134	6266
PB2|PP755596.1|A/cattle/Texas/24-008749-003/2024(H5N1)	135	6261
PB2|PP755596.1|A/cattle/Texas/24-008749-003/2024(H5N1)	136	6249
PB2|PP755596.1|A/cattle/Texas/24-008749-003/2024(H5N1)	137	6405
PB2|PP755596.1|A/cattle/Texas/24-008749-003/2024(H5N1)	138	6440
PB2|PP755596.1|A/cattle/Texas/24-008749-003/2024(H5N1)	139	6434
PB2|PP755596.1|A/cattle/Texas/24-008749-003/2024(H5N1)	140	6333
PB2|PP755596.1|A/cattle/Texas/24-008749-003/2024(H5N1)	141	6367
PB2|PP755596.1|A/cattle/Texas/24-008749-003/2024(H5N1)	142	6454
PB2|PP755596.1|A/cattle/Texas/24-008749-003/2024(H5N1)	143	6429
PB2|PP755596.1|A/cattle/Texas/24-008749-003/2024(H5N1)	144	6448
PB2|PP755596.1|A/cattle/Texas/24-008749-003/2024(H5N1)	145	6376
PB2|PP755596.1|A/cattle/Texas/24-008749-003/2024(H5N1)	146	6327
PB2|PP755596.1|A/cattle/Texas/24-008749-003/2024(H5N1)	147	6351
PB2|PP755596.1|A/cattle/Texas/24-008749-003/2024(H5N1)	148	6328
PB2|PP755596.1|A/cattle/Texas/24-008749-003/2024(H5N1)	149	6307
PB2|PP755596.1|A/cattle/Texas/24-008749-003/2024(H5N1)	150	6250
PB2|PP755596.1|A/cattle/Texas/24-008749-003/2024(H5N1)	151	6204
PB2|PP755596.1|A/cattle/Texas/24-008749-003/2024(H5N1)	152	6257
PB2|PP755596.1|A/cattle/Texas/24-008749-003/2024(H5N1)	153	6264
PB2|PP755596.1|A/cattle/Texas/24-008749-003/2024(H5N1)	154	6270
PB2|PP755596.1|A/cattle/Texas/24-008749-003/2024(H5N1)	155	6368
PB2|PP755596.1|A/cattle/Texas/24-008749-003/2024(H5N1)	156	6336
PB2|PP755596.1|A/cattle/Texas/24-008749-003/2024(H5N1)	157	6348
PB2|PP755596.1|A/cattle/Texas/24-008749-003/2024(H5N1)	158	6355
PB2|PP755596.1|A/cattle/Texas/24-008749-003/2024(H5N1)	159	6261
PB2|PP755596.1|A/cattle/Texas/24-008749-003/2024(H5N1)	160	5548
PB2|PP755596.1|A/cattle/Texas/24-008749-003/2024(H5N1)	161	5562
PB2|PP755596.1|A/cattle/Texas/24-008749-003/2024(H5N1)	162	5527
PB2|PP755596.1|A/cattle/Texas/24-008749-003/2024(H5N1)	163	5527
PB2|PP755596.1|A/cattle/Texas/24-008749-003/2024(H5N1)	164	5511
PB2|PP755596.1|A/cattle/Texas/24-008749-003/2024(H5N1)	165	5561
PB2|PP755596.1|A/cattle/Texas/24-008749-003/2024(H5N1)	166	5520
PB2|PP755596.1|A/cattle/Texas/24-008749-003/2024(H5N1)	167	5528
PB2|PP755596.1|A/cattle/Texas/24-008749-003/2024(H5N1)	168	5529
PB2|PP755596.1|A/cattle/Texas/24-008749-003/2024(H5N1)	169	5527
PB2|PP755596.1|A/cattle/Texas/24-008749-003/2024(H5N1)	170	5534
PB2|PP755596.1|A/cattle/Texas/24-008749-003/2024(H5N1)	171	5526
PB2|PP755596.1|A/cattle/Texas/24-008749-003/2024(H5N1)	172	5508
PB2|PP755596.1|A/cattle/Texas/24-008749-003/2024(H5N1)	173	5639
PB2|PP755596.1|A/cattle/Texas/24-008749-003/2024(H5N1)	174	5594
PB2|PP755596.1|A/cattle/Texas/24-008749-003/2024(H5N1)	175	5640
PB2|PP755596.1|A/cattle/Texas/24-008749-003/2024(H5N1)	176	5581
PB2|PP755596.1|A/cattle/Texas/24-008749-003/2024(H5N1)	177	5555
PB2|PP755596.1|A/cattle/Texas/24-008749-003/2024(H5N1)	178	5531
PB2|PP755596.1|A/cattle/Texas/24-008749-003/2024(H5N1)	179	5561
PB2|PP755596.1|A/cattle/Texas/24-008749-003/2024(H5N1)	180	5595
PB2|PP755596.1|A/cattle/Texas/24-008749-003/2024(H5N1)	181	5589
PB2|PP755596.1|A/cattle/Texas/24-008749-003/2024(H5N1)	182	5492
PB2|PP755596.1|A/cattle/Texas/24-008749-003/2024(H5N1)	183	5480
PB2|PP755596.1|A/cattle/Texas/24-008749-003/2024(H5N1)	184	5447
PB2|PP755596.1|A/cattle/Texas/24-008749-003/2024(H5N1)	185	5451
PB2|PP755596.1|A/cattle/Texas/24-008749-003/2024(H5N1)	186	5481
PB2|PP755596.1|A/cattle/Texas/24-008749-003/2024(H5N1)	187	5480
PB2|PP755596.1|A/cattle/Texas/24-008749-003/2024(H5N1)	188	5502
PB2|PP755596.1|A/cattle/Texas/24-008749-003/2024(H5N1)	189	5482
PB2|PP755596.1|A/cattle/Texas/24-008749-003/2024(H5N1)	190	5631
PB2|PP755596.1|A/cattle/Texas/24-008749-003/2024(H5N1)	191	5623
PB2|PP755596.1|A/cattle/Texas/24-008749-003/2024(H5N1)	192	5621
PB2|PP755596.1|A/cattle/Texas/24-008749-003/2024(H5N1)	193	5642
PB2|PP755596.1|A/cattle/Texas/24-008749-003/2024(H5N1)	194	5619
PB2|PP755596.1|A/cattle/Texas/24-008749-003/2024(H5N1)	195	5643
PB2|PP755596.1|A/cattle/Texas/24-008749-003/2024(H5N1)	196	5639
PB2|PP755596.1|A/cattle/Texas/24-008749-003/2024(H5N1)	197	5664
PB2|PP755596.1|A/cattle/Texas/24-008749-003/2024(H5N1)	198	5636
PB2|PP755596.1|A/cattle/Texas/24-008749-003/2024(H5N1)	199	5615
PB2|PP755596.1|A/cattle/Texas/24-008749-003/2024(H5N1)	200	5572
PB2|PP755596.1|A/cattle/Texas/24-008749-003/2024(H5N1)	201	5576
PB2|PP755596.1|A/cattle/Texas/24-008749-003/2024(H5N1)	202	5597
PB2|PP755596.1|A/cattle/Texas/24-008749-003/2024(H5N1)	203	5487
PB2|PP755596.1|A/cattle/Texas/24-008749-003/2024(H5N1)	204	5476
PB2|PP755596.1|A/cattle/Texas/24-008749-003/2024(H5N1)	205	5461
PB2|PP755596.1|A/cattle/Texas/24-008749-003/2024(H5N1)	206	5414
PB2|PP755596.1|A/cattle/Texas/24-008749-003/2024(H5N1)	207	5378
PB2|PP755596.1|A/cattle/Texas/24-008749-003/2024(H5N1)	208	5378
PB2|PP755596.1|A/cattle/Texas/24-008749-003/2024(H5N1)	209	5399
PB2|PP755596.1|A/cattle/Texas/24-008749-003/2024(H5N1)	210	5421
PB2|PP755596.1|A/cattle/Texas/24-008749-003/2024(H5N1)	211	5340
PB2|PP755596.1|A/cattle/Texas/24-008749-003/2024(H5N1)	212	5321
PB2|PP755596.1|A/cattle/Texas/24-008749-003/2024(H5N1)	213	5314
PB2|PP755596.1|A/cattle/Texas/24-008749-003/2024(H5N1)	214	5363
PB2|PP755596.1|A/cattle/Texas/24-008749-003/2024(H5N1)	215	5376
PB2|PP755596.1|A/cattle/Texas/24-008749-003/2024(H5N1)	216	5357
PB2|PP755596.1|A/cattle/Texas/24-008749-003/2024(H5N1)	217	5313
PB2|PP755596.1|A/cattle/Texas/24-008749-003/2024(H5N1)	218	5259
PB2|PP755596.1|A/cattle/Texas/24-008749-003/2024(H5N1)	219	5207
PB2|PP755596.1|A/cattle/Texas/24-008749-003/2024(H5N1)	220	5312
PB2|PP755596.1|A/cattle/Texas/24-008749-003/2024(H5N1)	221	5348
PB2|PP755596.1|A/cattle/Texas/24-008749-003/2024(H5N1)	222	5286
PB2|PP755596.1|A/cattle/Texas/24-008749-003/2024(H5N1)	223	5093
PB2|PP755596.1|A/cattle/Texas/24-008749-003/2024(H5N1)	224	5052
PB2|PP755596.1|A/cattle/Texas/24-008749-003/2024(H5N1)	225	5052
PB2|PP755596.1|A/cattle/Texas/24-008749-003/2024(H5N1)	226	5076
PB2|PP755596.1|A/cattle/Texas/24-008749-003/2024(H5N1)	227	5077
PB2|PP755596.1|A/cattle/Texas/24-008749-003/2024(H5N1)	228	5034
PB2|PP755596.1|A/cattle/Texas/24-008749-003/2024(H5N1)	229	5101
PB2|PP755596.1|A/cattle/Texas/24-008749-003/2024(H5N1)	230	5010
PB2|PP755596.1|A/cattle/Texas/24-008749-003/2024(H5N1)	231	5018
PB2|PP755596.1|A/cattle/Texas/24-008749-003/2024(H5N1)	232	5019
PB2|PP755596.1|A/cattle/Texas/24-008749-003/2024(H5N1)	233	5024
PB2|PP755596.1|A/cattle/Texas/24-008749-003/2024(H5N1)	234	5061
PB2|PP755596.1|A/cattle/Texas/24-008749-003/2024(H5N1)	235	5002
PB2|PP755596.1|A/cattle/Texas/24-008749-003/2024(H5N1)	236	4933
PB2|PP755596.1|A/cattle/Texas/24-008749-003/2024(H5N1)	237	4946
PB2|PP755596.1|A/cattle/Texas/24-008749-003/2024(H5N1)	238	4864
PB2|PP755596.1|A/cattle/Texas/24-008749-003/2024(H5N1)	239	4927
PB2|PP755596.1|A/cattle/Texas/24-008749-003/2024(H5N1)	240	4934
PB2|PP755596.1|A/cattle/Texas/24-008749-003/2024(H5N1)	241	4937
PB2|PP755596.1|A/cattle/Texas/24-008749-003/2024(H5N1)	242	4871
PB2|PP755596.1|A/cattle/Texas/24-008749-003/2024(H5N1)	243	4879
PB2|PP755596.1|A/cattle/Texas/24-008749-003/2024(H5N1)	244	4933
PB2|PP755596.1|A/cattle/Texas/24-008749-003/2024(H5N1)	245	5033
PB2|PP755596.1|A/cattle/Texas/24-008749-003/2024(H5N1)	246	5027
PB2|PP755596.1|A/cattle/Texas/24-008749-003/2024(H5N1)	247	4966
PB2|PP755596.1|A/cattle/Texas/24-008749-003/2024(H5N1)	248	4885
PB2|PP755596.1|A/cattle/Texas/24-008749-003/2024(H5N1)	249	4861
PB2|PP755596.1|A/cattle/Texas/24-008749-003/2024(H5N1)	250	4759
PB2|PP755596.1|A/cattle/Texas/24-008749-003/2024(H5N1)	251	4977
PB2|PP755596.1|A/cattle/Texas/24-008749-003/2024(H5N1)	252	5041
PB2|PP755596.1|A/cattle/Texas/24-008749-003/2024(H5N1)	253	5227
PB2|PP755596.1|A/cattle/Texas/24-008749-003/2024(H5N1)	254	5250
PB2|PP755596.1|A/cattle/Texas/24-008749-003/2024(H5N1)	255	5234
PB2|PP755596.1|A/cattle/Texas/24-008749-003/2024(H5N1)	256	5236
PB2|PP755596.1|A/cattle/Texas/24-008749-003/2024(H5N1)	257	5244
PB2|PP755596.1|A/cattle/Texas/24-008749-003/2024(H5N1)	258	5227
PB2|PP755596.1|A/cattle/Texas/24-008749-003/2024(H5N1)	259	5311
PB2|PP755596.1|A/cattle/Texas/24-008749-003/2024(H5N1)	260	5338
PB2|PP755596.1|A/cattle/Texas/24-008749-003/2024(H5N1)	261	5345
PB2|PP755596.1|A/cattle/Texas/24-008749-003/2024(H5N1)	262	5145
PB2|PP755596.1|A/cattle/Texas/24-008749-003/2024(H5N1)	263	5254
PB2|PP755596.1|A/cattle/Texas/24-008749-003/2024(H5N1)	264	5205
PB2|PP755596.1|A/cattle/Texas/24-008749-003/2024(H5N1)	265	5282
PB2|PP755596.1|A/cattle/Texas/24-008749-003/2024(H5N1)	266	5208
PB2|PP755596.1|A/cattle/Texas/24-008749-003/2024(H5N1)	267	5192
PB2|PP755596.1|A/cattle/Texas/24-008749-003/2024(H5N1)	268	5101
PB2|PP755596.1|A/cattle/Texas/24-008749-003/2024(H5N1)	269	5012
PB2|PP755596.1|A/cattle/Texas/24-008749-003/2024(H5N1)	270	5028
PB2|PP755596.1|A/cattle/Texas/24-008749-003/2024(H5N1)	271	5188
PB2|PP755596.1|A/cattle/Texas/24-008749-003/2024(H5N1)	272	5054
PB2|PP755596.1|A/cattle/Texas/24-008749-003/2024(H5N1)	273	5045
PB2|PP755596.1|A/cattle/Texas/24-008749-003/2024(H5N1)	274	4960
PB2|PP755596.1|A/cattle/Texas/24-008749-003/2024(H5N1)	275	4808
PB2|PP755596.1|A/cattle/Texas/24-008749-003/2024(H5N1)	276	4836
PB2|PP755596.1|A/cattle/Texas/24-008749-003/2024(H5N1)	277	5021
PB2|PP755596.1|A/cattle/Texas/24-008749-003/2024(H5N1)	278	5024
PB2|PP755596.1|A/cattle/Texas/24-008749-003/2024(H5N1)	279	5007
PB2|PP755596.1|A/cattle/Texas/24-008749-003/2024(H5N1)	280	4827
PB2|PP755596.1|A/cattle/Texas/24-008749-003/2024(H5N1)	281	4798
PB2|PP755596.1|A/cattle/Texas/24-008749-003/2024(H5N1)	282	4884
PB2|PP755596.1|A/cattle/Texas/24-008749-003/2024(H5N1)	283	4892
PB2|PP755596.1|A/cattle/Texas/24-008749-003/2024(H5N1)	284	4798
PB2|PP755596.1|A/cattle/Texas/24-008749-003/2024(H5N1)	285	4748
PB2|PP755596.1|A/cattle/Texas/24-008749-003/2024(H5N1)	286	4722
PB2|PP755596.1|A/cattle/Texas/24-008749-003/2024(H5N1)	287	4709
PB2|PP755596.1|A/cattle/Texas/24-008749-003/2024(H5N1)	288	4713
PB2|PP755596.1|A/cattle/Texas/24-008749-003/2024(H5N1)	289	4732
PB2|PP755596.1|A/cattle/Texas/24-008749-003/2024(H5N1)	290	4755
PB2|PP755596.1|A/cattle/Texas/24-008749-003/2024(H5N1)	291	4665
PB2|PP755596.1|A/cattle/Texas/24-008749-003/2024(H5N1)	292	4641
PB2|PP755596.1|A/cattle/Texas/24-008749-003/2024(H5N1)	293	4592
PB2|PP755596.1|A/cattle/Texas/24-008749-003/2024(H5N1)	294	4646
PB2|PP755596.1|A/cattle/Texas/24-008749-003/2024(H5N1)	295	4849
PB2|PP755596.1|A/cattle/Texas/24-008749-003/2024(H5N1)	296	4862
PB2|PP755596.1|A/cattle/Texas/24-008749-003/2024(H5N1)	297	4926
PB2|PP755596.1|A/cattle/Texas/24-008749-003/2024(H5N1)	298	4890
PB2|PP755596.1|A/cattle/Texas/24-008749-003/2024(H5N1)	299	4891
PB2|PP755596.1|A/cattle/Texas/24-008749-003/2024(H5N1)	300	4925
PB2|PP755596.1|A/cattle/Texas/24-008749-003/2024(H5N1)	301	4928
PB2|PP755596.1|A/cattle/Texas/24-008749-003/2024(H5N1)	302	4991
PB2|PP755596.1|A/cattle/Texas/24-008749-003/2024(H5N1)	303	4967
PB2|PP755596.1|A/cattle/Texas/24-008749-003/2024(H5N1)	304	4931
PB2|PP755596.1|A/cattle/Texas/24-008749-003/2024(H5N1)	305	4957
PB2|PP755596.1|A/cattle/Texas/24-008749-003/2024(H5N1)	306	4831
PB2|PP755596.1|A/cattle/Texas/24-008749-003/2024(H5N1)	307	4839
PB2|PP755596.1|A/cattle/Texas/24-008749-003/2024(H5N1)	308	4853
PB2|PP755596.1|A/cattle/Texas/24-008749-003/2024(H5N1)	309	4853
PB2|PP755596.1|A/cattle/Texas/24-008749-003/2024(H5N1)	310	4980
PB2|PP755596.1|A/cattle/Texas/24-008749-003/2024(H5N1)	311	4893
PB2|PP755596.1|A/cattle/Texas/24-008749-003/2024(H5N1)	312	4941
PB2|PP755596.1|A/cattle/Texas/24-008749-003/2024(H5N1)	313	4944
PB2|PP755596.1|A/cattle/Texas/24-008749-003/2024(H5N1)	314	5025
PB2|PP755596.1|A/cattle/Texas/24-008749-003/2024(H5N1)	315	5046
PB2|PP755596.1|A/cattle/Texas/24-008749-003/2024(H5N1)	316	5006
PB2|PP755596.1|A/cattle/Texas/24-008749-003/2024(H5N1)	317	5056
PB2|PP755596.1|A/cattle/Texas/24-008749-003/2024(H5N1)	318	5051
PB2|PP755596.1|A/cattle/Texas/24-008749-003/2024(H5N1)	319	5004
PB2|PP755596.1|A/cattle/Texas/24-008749-003/2024(H5N1)	320	5043
PB2|PP755596.1|A/cattle/Texas/24-008749-003/2024(H5N1)	321	5028
PB2|PP755596.1|A/cattle/Texas/24-008749-003/2024(H5N1)	322	5013
PB2|PP755596.1|A/cattle/Texas/24-008749-003/2024(H5N1)	323	4851
PB2|PP755596.1|A/cattle/Texas/24-008749-003/2024(H5N1)	324	4700
PB2|PP755596.1|A/cattle/Texas/24-008749-003/2024(H5N1)	325	4760
PB2|PP755596.1|A/cattle/Texas/24-008749-003/2024(H5N1)	326	4943
PB2|PP755596.1|A/cattle/Texas/24-008749-003/2024(H5N1)	327	4971
PB2|PP755596.1|A/cattle/Texas/24-008749-003/2024(H5N1)	328	4974
PB2|PP755596.1|A/cattle/Texas/24-008749-003/2024(H5N1)	329	4975
PB2|PP755596.1|A/cattle/Texas/24-008749-003/2024(H5N1)	330	4986
PB2|PP755596.1|A/cattle/Texas/24-008749-003/2024(H5N1)	331	4970
PB2|PP755596.1|A/cattle/Texas/24-008749-003/2024(H5N1)	332	5261
PB2|PP755596.1|A/cattle/Texas/24-008749-003/2024(H5N1)	333	5280
PB2|PP755596.1|A/cattle/Texas/24-008749-003/2024(H5N1)	334	5256
PB2|PP755596.1|A/cattle/Texas/24-008749-003/2024(H5N1)	335	5244
PB2|PP755596.1|A/cattle/Texas/24-008749-003/2024(H5N1)	336	5192
PB2|PP755596.1|A/cattle/Texas/24-008749-003/2024(H5N1)	337	5207
PB2|PP755596.1|A/cattle/Texas/24-008749-003/2024(H5N1)	338	5212
PB2|PP755596.1|A/cattle/Texas/24-008749-003/2024(H5N1)	339	5308
PB2|PP755596.1|A/cattle/Texas/24-008749-003/2024(H5N1)	340	5435
PB2|PP755596.1|A/cattle/Texas/24-008749-003/2024(H5N1)	341	5091
PB2|PP755596.1|A/cattle/Texas/24-008749-003/2024(H5N1)	342	5082
PB2|PP755596.1|A/cattle/Texas/24-008749-003/2024(H5N1)	343	5088
PB2|PP755596.1|A/cattle/Texas/24-008749-003/2024(H5N1)	344	5079
PB2|PP755596.1|A/cattle/Texas/24-008749-003/2024(H5N1)	345	5082
PB2|PP755596.1|A/cattle/Texas/24-008749-003/2024(H5N1)	346	5084
PB2|PP755596.1|A/cattle/Texas/24-008749-003/2024(H5N1)	347	5099
PB2|PP755596.1|A/cattle/Texas/24-008749-003/2024(H5N1)	348	5022
PB2|PP755596.1|A/cattle/Texas/24-008749-003/2024(H5N1)	349	5021
PB2|PP755596.1|A/cattle/Texas/24-008749-003/2024(H5N1)	350	5006
PB2|PP755596.1|A/cattle/Texas/24-008749-003/2024(H5N1)	351	5012
PB2|PP755596.1|A/cattle/Texas/24-008749-003/2024(H5N1)	352	5013
PB2|PP755596.1|A/cattle/Texas/24-008749-003/2024(H5N1)	353	4984
PB2|PP755596.1|A/cattle/Texas/24-008749-003/2024(H5N1)	354	4980
PB2|PP755596.1|A/cattle/Texas/24-008749-003/2024(H5N1)	355	4979
PB2|PP755596.1|A/cattle/Texas/24-008749-003/2024(H5N1)	356	4973
PB2|PP755596.1|A/cattle/Texas/24-008749-003/2024(H5N1)	357	4971
PB2|PP755596.1|A/cattle/Texas/24-008749-003/2024(H5N1)	358	4968
PB2|PP755596.1|A/cattle/Texas/24-008749-003/2024(H5N1)	359	4966
PB2|PP755596.1|A/cattle/Texas/24-008749-003/2024(H5N1)	360	4937
PB2|PP755596.1|A/cattle/Texas/24-008749-003/2024(H5N1)	361	4917
PB2|PP755596.1|A/cattle/Texas/24-008749-003/2024(H5N1)	362	4917
PB2|PP755596.1|A/cattle/Texas/24-008749-003/2024(H5N1)	363	4921
PB2|PP755596.1|A/cattle/Texas/24-008749-003/2024(H5N1)	364	5071
PB2|PP755596.1|A/cattle/Texas/24-008749-003/2024(H5N1)	365	5034
PB2|PP755596.1|A/cattle/Texas/24-008749-003/2024(H5N1)	366	5019
PB2|PP755596.1|A/cattle/Texas/24-008749-003/2024(H5N1)	367	5020
PB2|PP755596.1|A/cattle/Texas/24-008749-003/2024(H5N1)	368	5028
PB2|PP755596.1|A/cattle/Texas/24-008749-003/2024(H5N1)	369	5028
PB2|PP755596.1|A/cattle/Texas/24-008749-003/2024(H5N1)	370	5025
PB2|PP755596.1|A/cattle/Texas/24-008749-003/2024(H5N1)	371	5009
PB2|PP755596.1|A/cattle/Texas/24-008749-003/2024(H5N1)	372	5104
PB2|PP755596.1|A/cattle/Texas/24-008749-003/2024(H5N1)	373	5104
PB2|PP755596.1|A/cattle/Texas/24-008749-003/2024(H5N1)	374	5104
PB2|PP755596.1|A/cattle/Texas/24-008749-003/2024(H5N1)	375	5105
PB2|PP755596.1|A/cattle/Texas/24-008749-003/2024(H5N1)	376	5111
PB2|PP755596.1|A/cattle/Texas/24-008749-003/2024(H5N1)	377	5092
PB2|PP755596.1|A/cattle/Texas/24-008749-003/2024(H5N1)	378	5092
PB2|PP755596.1|A/cattle/Texas/24-008749-003/2024(H5N1)	379	5049
PB2|PP755596.1|A/cattle/Texas/24-008749-003/2024(H5N1)	380	4991
PB2|PP755596.1|A/cattle/Texas/24-008749-003/2024(H5N1)	381	4988
PB2|PP755596.1|A/cattle/Texas/24-008749-003/2024(H5N1)	382	4967
PB2|PP755596.1|A/cattle/Texas/24-008749-003/2024(H5N1)	383	4987
PB2|PP755596.1|A/cattle/Texas/24-008749-003/2024(H5N1)	384	4984
PB2|PP755596.1|A/cattle/Texas/24-008749-003/2024(H5N1)	385	5027
PB2|PP755596.1|A/cattle/Texas/24-008749-003/2024(H5N1)	386	5151
PB2|PP755596.1|A/cattle/Texas/24-008749-003/2024(H5N1)	387	5173
PB2|PP755596.1|A/cattle/Texas/24-008749-003/2024(H5N1)	388	5150
PB2|PP755596.1|A/cattle/Texas/24-008749-003/2024(H5N1)	389	5150
PB2|PP755596.1|A/cattle/Texas/24-008749-003/2024(H5N1)	390	5097
PB2|PP755596.1|A/cattle/Texas/24-008749-003/2024(H5N1)	391	5098
PB2|PP755596.1|A/cattle/Texas/24-008749-003/2024(H5N1)	392	5383
PB2|PP755596.1|A/cattle/Texas/24-008749-003/2024(H5N1)	393	5379
PB2|PP755596.1|A/cattle/Texas/24-008749-003/2024(H5N1)	394	5392
PB2|PP755596.1|A/cattle/Texas/24-008749-003/2024(H5N1)	395	5319
PB2|PP755596.1|A/cattle/Texas/24-008749-003/2024(H5N1)	396	5219
PB2|PP755596.1|A/cattle/Texas/24-008749-003/2024(H5N1)	397	5343
PB2|PP755596.1|A/cattle/Texas/24-008749-003/2024(H5N1)	398	5348
PB2|PP755596.1|A/cattle/Texas/24-008749-003/2024(H5N1)	399	5354
PB2|PP755596.1|A/cattle/Texas/24-008749-003/2024(H5N1)	400	5346
PB2|PP755596.1|A/cattle/Texas/24-008749-003/2024(H5N1)	401	5019
PB2|PP755596.1|A/cattle/Texas/24-008749-003/2024(H5N1)	402	4983
PB2|PP755596.1|A/cattle/Texas/24-008749-003/2024(H5N1)	403	4886
PB2|PP755596.1|A/cattle/Texas/24-008749-003/2024(H5N1)	404	4902
PB2|PP755596.1|A/cattle/Texas/24-008749-003/2024(H5N1)	405	4882
PB2|PP755596.1|A/cattle/Texas/24-008749-003/2024(H5N1)	406	4757
PB2|PP755596.1|A/cattle/Texas/24-008749-003/2024(H5N1)	407	4759
PB2|PP755596.1|A/cattle/Texas/24-008749-003/2024(H5N1)	408	4752
PB2|PP755596.1|A/cattle/Texas/24-008749-003/2024(H5N1)	409	4751
PB2|PP755596.1|A/cattle/Texas/24-008749-003/2024(H5N1)	410	4685
PB2|PP755596.1|A/cattle/Texas/24-008749-003/2024(H5N1)	411	4655
PB2|PP755596.1|A/cattle/Texas/24-008749-003/2024(H5N1)	412	4655
PB2|PP755596.1|A/cattle/Texas/24-008749-003/2024(H5N1)	413	4646
PB2|PP755596.1|A/cattle/Texas/24-008749-003/2024(H5N1)	414	4593
PB2|PP755596.1|A/cattle/Texas/24-008749-003/2024(H5N1)	415	4603
PB2|PP755596.1|A/cattle/Texas/24-008749-003/2024(H5N1)	416	4552
PB2|PP755596.1|A/cattle/Texas/24-008749-003/2024(H5N1)	417	4557
PB2|PP755596.1|A/cattle/Texas/24-008749-003/2024(H5N1)	418	4558
PB2|PP755596.1|A/cattle/Texas/24-008749-003/2024(H5N1)	419	4614
PB2|PP755596.1|A/cattle/Texas/24-008749-003/2024(H5N1)	420	4633
PB2|PP755596.1|A/cattle/Texas/24-008749-003/2024(H5N1)	421	4657
PB2|PP755596.1|A/cattle/Texas/24-008749-003/2024(H5N1)	422	4513
PB2|PP755596.1|A/cattle/Texas/24-008749-003/2024(H5N1)	423	4461
PB2|PP755596.1|A/cattle/Texas/24-008749-003/2024(H5N1)	424	4454
PB2|PP755596.1|A/cattle/Texas/24-008749-003/2024(H5N1)	425	4484
PB2|PP755596.1|A/cattle/Texas/24-008749-003/2024(H5N1)	426	4506
PB2|PP755596.1|A/cattle/Texas/24-008749-003/2024(H5N1)	427	4371
PB2|PP755596.1|A/cattle/Texas/24-008749-003/2024(H5N1)	428	4302
PB2|PP755596.1|A/cattle/Texas/24-008749-003/2024(H5N1)	429	4298
PB2|PP755596.1|A/cattle/Texas/24-008749-003/2024(H5N1)	430	4317
PB2|PP755596.1|A/cattle/Texas/24-008749-003/2024(H5N1)	431	4340
PB2|PP755596.1|A/cattle/Texas/24-008749-003/2024(H5N1)	432	4354
PB2|PP755596.1|A/cattle/Texas/24-008749-003/2024(H5N1)	433	4294
PB2|PP755596.1|A/cattle/Texas/24-008749-003/2024(H5N1)	434	4276
PB2|PP755596.1|A/cattle/Texas/24-008749-003/2024(H5N1)	435	4491
PB2|PP755596.1|A/cattle/Texas/24-008749-003/2024(H5N1)	436	4490
PB2|PP755596.1|A/cattle/Texas/24-008749-003/2024(H5N1)	437	4817
PB2|PP755596.1|A/cattle/Texas/24-008749-003/2024(H5N1)	438	4814
PB2|PP755596.1|A/cattle/Texas/24-008749-003/2024(H5N1)	439	4811
PB2|PP755596.1|A/cattle/Texas/24-008749-003/2024(H5N1)	440	4784
PB2|PP755596.1|A/cattle/Texas/24-008749-003/2024(H5N1)	441	4757
PB2|PP755596.1|A/cattle/Texas/24-008749-003/2024(H5N1)	442	4809
PB2|PP755596.1|A/cattle/Texas/24-008749-003/2024(H5N1)	443	4847
PB2|PP755596.1|A/cattle/Texas/24-008749-003/2024(H5N1)	444	4793
PB2|PP755596.1|A/cattle/Texas/24-008749-003/2024(H5N1)	445	4793
PB2|PP755596.1|A/cattle/Texas/24-008749-003/2024(H5N1)	446	4479
PB2|PP755596.1|A/cattle/Texas/24-008749-003/2024(H5N1)	447	4513
PB2|PP755596.1|A/cattle/Texas/24-008749-003/2024(H5N1)	448	4461
PB2|PP755596.1|A/cattle/Texas/24-008749-003/2024(H5N1)	449	4479
PB2|PP755596.1|A/cattle/Texas/24-008749-003/2024(H5N1)	450	4475
PB2|PP755596.1|A/cattle/Texas/24-008749-003/2024(H5N1)	451	4429
PB2|PP755596.1|A/cattle/Texas/24-008749-003/2024(H5N1)	452	4591
PB2|PP755596.1|A/cattle/Texas/24-008749-003/2024(H5N1)	453	4551
PB2|PP755596.1|A/cattle/Texas/24-008749-003/2024(H5N1)	454	4641
PB2|PP755596.1|A/cattle/Texas/24-008749-003/2024(H5N1)	455	4644
PB2|PP755596.1|A/cattle/Texas/24-008749-003/2024(H5N1)	456	4656
PB2|PP755596.1|A/cattle/Texas/24-008749-003/2024(H5N1)	457	4678
PB2|PP755596.1|A/cattle/Texas/24-008749-003/2024(H5N1)	458	4775
PB2|PP755596.1|A/cattle/Texas/24-008749-003/2024(H5N1)	459	4814
PB2|PP755596.1|A/cattle/Texas/24-008749-003/2024(H5N1)	460	4811
PB2|PP755596.1|A/cattle/Texas/24-008749-003/2024(H5N1)	461	4580
PB2|PP755596.1|A/cattle/Texas/24-008749-003/2024(H5N1)	462	4579
PB2|PP755596.1|A/cattle/Texas/24-008749-003/2024(H5N1)	463	4473
PB2|PP755596.1|A/cattle/Texas/24-008749-003/2024(H5N1)	464	4630
PB2|PP755596.1|A/cattle/Texas/24-008749-003/2024(H5N1)	465	4721
PB2|PP755596.1|A/cattle/Texas/24-008749-003/2024(H5N1)	466	4725
PB2|PP755596.1|A/cattle/Texas/24-008749-003/2024(H5N1)	467	4723
PB2|PP755596.1|A/cattle/Texas/24-008749-003/2024(H5N1)	468	4695
PB2|PP755596.1|A/cattle/Texas/24-008749-003/2024(H5N1)	469	4746
PB2|PP755596.1|A/cattle/Texas/24-008749-003/2024(H5N1)	470	4759
PB2|PP755596.1|A/cattle/Texas/24-008749-003/2024(H5N1)	471	4718
PB2|PP755596.1|A/cattle/Texas/24-008749-003/2024(H5N1)	472	4736
PB2|PP755596.1|A/cattle/Texas/24-008749-003/2024(H5N1)	473	4590
PB2|PP755596.1|A/cattle/Texas/24-008749-003/2024(H5N1)	474	4597
PB2|PP755596.1|A/cattle/Texas/24-008749-003/2024(H5N1)	475	4655
PB2|PP755596.1|A/cattle/Texas/24-008749-003/2024(H5N1)	476	4660
PB2|PP755596.1|A/cattle/Texas/24-008749-003/2024(H5N1)	477	4660
PB2|PP755596.1|A/cattle/Texas/24-008749-003/2024(H5N1)	478	4660
PB2|PP755596.1|A/cattle/Texas/24-008749-003/2024(H5N1)	479	4661
PB2|PP755596.1|A/cattle/Texas/24-008749-003/2024(H5N1)	480	4826
PB2|PP755596.1|A/cattle/Texas/24-008749-003/2024(H5N1)	481	4836
PB2|PP755596.1|A/cattle/Texas/24-008749-003/2024(H5N1)	482	4985
PB2|PP755596.1|A/cattle/Texas/24-008749-003/2024(H5N1)	483	4754
PB2|PP755596.1|A/cattle/Texas/24-008749-003/2024(H5N1)	484	4718
PB2|PP755596.1|A/cattle/Texas/24-008749-003/2024(H5N1)	485	4726
PB2|PP755596.1|A/cattle/Texas/24-008749-003/2024(H5N1)	486	4776
PB2|PP755596.1|A/cattle/Texas/24-008749-003/2024(H5N1)	487	4784
PB2|PP755596.1|A/cattle/Texas/24-008749-003/2024(H5N1)	488	4814
PB2|PP755596.1|A/cattle/Texas/24-008749-003/2024(H5N1)	489	4594
PB2|PP755596.1|A/cattle/Texas/24-008749-003/2024(H5N1)	490	4579
PB2|PP755596.1|A/cattle/Texas/24-008749-003/2024(H5N1)	491	4553
PB2|PP755596.1|A/cattle/Texas/24-008749-003/2024(H5N1)	492	4562
PB2|PP755596.1|A/cattle/Texas/24-008749-003/2024(H5N1)	493	4589
PB2|PP755596.1|A/cattle/Texas/24-008749-003/2024(H5N1)	494	4614
PB2|PP755596.1|A/cattle/Texas/24-008749-003/2024(H5N1)	495	4609
PB2|PP755596.1|A/cattle/Texas/24-008749-003/2024(H5N1)	496	4608
PB2|PP755596.1|A/cattle/Texas/24-008749-003/2024(H5N1)	497	4573
PB2|PP755596.1|A/cattle/Texas/24-008749-003/2024(H5N1)	498	4555
PB2|PP755596.1|A/cattle/Texas/24-008749-003/2024(H5N1)	499	4603
PB2|PP755596.1|A/cattle/Texas/24-008749-003/2024(H5N1)	500	4656
PB2|PP755596.1|A/cattle/Texas/24-008749-003/2024(H5N1)	501	4657
PB2|PP755596.1|A/cattle/Texas/24-008749-003/2024(H5N1)	502	4619
PB2|PP755596.1|A/cattle/Texas/24-008749-003/2024(H5N1)	503	4623
PB2|PP755596.1|A/cattle/Texas/24-008749-003/2024(H5N1)	504	4630
PB2|PP755596.1|A/cattle/Texas/24-008749-003/2024(H5N1)	505	4654
PB2|PP755596.1|A/cattle/Texas/24-008749-003/2024(H5N1)	506	4694
PB2|PP755596.1|A/cattle/Texas/24-008749-003/2024(H5N1)	507	4710
PB2|PP755596.1|A/cattle/Texas/24-008749-003/2024(H5N1)	508	4716
PB2|PP755596.1|A/cattle/Texas/24-008749-003/2024(H5N1)	509	4719
PB2|PP755596.1|A/cattle/Texas/24-008749-003/2024(H5N1)	510	4722
PB2|PP755596.1|A/cattle/Texas/24-008749-003/2024(H5N1)	511	4731
PB2|PP755596.1|A/cattle/Texas/24-008749-003/2024(H5N1)	512	4846
PB2|PP755596.1|A/cattle/Texas/24-008749-003/2024(H5N1)	513	4846
PB2|PP755596.1|A/cattle/Texas/24-008749-003/2024(H5N1)	514	4875
PB2|PP755596.1|A/cattle/Texas/24-008749-003/2024(H5N1)	515	4734
PB2|PP755596.1|A/cattle/Texas/24-008749-003/2024(H5N1)	516	4726
PB2|PP755596.1|A/cattle/Texas/24-008749-003/2024(H5N1)	517	4746
PB2|PP755596.1|A/cattle/Texas/24-008749-003/2024(H5N1)	518	4762
PB2|PP755596.1|A/cattle/Texas/24-008749-003/2024(H5N1)	519	4763
PB2|PP755596.1|A/cattle/Texas/24-008749-003/2024(H5N1)	520	4769
PB2|PP755596.1|A/cattle/Texas/24-008749-003/2024(H5N1)	521	4612
PB2|PP755596.1|A/cattle/Texas/24-008749-003/2024(H5N1)	522	4600
PB2|PP755596.1|A/cattle/Texas/24-008749-003/2024(H5N1)	523	4581
PB2|PP755596.1|A/cattle/Texas/24-008749-003/2024(H5N1)	524	4610
PB2|PP755596.1|A/cattle/Texas/24-008749-003/2024(H5N1)	525	4638
PB2|PP755596.1|A/cattle/Texas/24-008749-003/2024(H5N1)	526	4671
PB2|PP755596.1|A/cattle/Texas/24-008749-003/2024(H5N1)	527	4703
PB2|PP755596.1|A/cattle/Texas/24-008749-003/2024(H5N1)	528	4696
PB2|PP755596.1|A/cattle/Texas/24-008749-003/2024(H5N1)	529	4683
PB2|PP755596.1|A/cattle/Texas/24-008749-003/2024(H5N1)	530	4666
PB2|PP755596.1|A/cattle/Texas/24-008749-003/2024(H5N1)	531	4674
PB2|PP755596.1|A/cattle/Texas/24-008749-003/2024(H5N1)	532	4691
PB2|PP755596.1|A/cattle/Texas/24-008749-003/2024(H5N1)	533	4676
PB2|PP755596.1|A/cattle/Texas/24-008749-003/2024(H5N1)	534	4683
PB2|PP755596.1|A/cattle/Texas/24-008749-003/2024(H5N1)	535	4699
PB2|PP755596.1|A/cattle/Texas/24-008749-003/2024(H5N1)	536	4625
PB2|PP755596.1|A/cattle/Texas/24-008749-003/2024(H5N1)	537	4615
PB2|PP755596.1|A/cattle/Texas/24-008749-003/2024(H5N1)	538	4649
PB2|PP755596.1|A/cattle/Texas/24-008749-003/2024(H5N1)	539	4692
PB2|PP755596.1|A/cattle/Texas/24-008749-003/2024(H5N1)	540	4685
PB2|PP755596.1|A/cattle/Texas/24-008749-003/2024(H5N1)	541	4900
PB2|PP755596.1|A/cattle/Texas/24-008749-003/2024(H5N1)	542	4644
PB2|PP755596.1|A/cattle/Texas/24-008749-003/2024(H5N1)	543	4648
PB2|PP755596.1|A/cattle/Texas/24-008749-003/2024(H5N1)	544	4660
PB2|PP755596.1|A/cattle/Texas/24-008749-003/2024(H5N1)	545	4662
PB2|PP755596.1|A/cattle/Texas/24-008749-003/2024(H5N1)	546	4676
PB2|PP755596.1|A/cattle/Texas/24-008749-003/2024(H5N1)	547	4651
PB2|PP755596.1|A/cattle/Texas/24-008749-003/2024(H5N1)	548	4539
PB2|PP755596.1|A/cattle/Texas/24-008749-003/2024(H5N1)	549	4568
PB2|PP755596.1|A/cattle/Texas/24-008749-003/2024(H5N1)	550	4590
PB2|PP755596.1|A/cattle/Texas/24-008749-003/2024(H5N1)	551	4599
PB2|PP755596.1|A/cattle/Texas/24-008749-003/2024(H5N1)	552	4597
PB2|PP755596.1|A/cattle/Texas/24-008749-003/2024(H5N1)	553	4510
PB2|PP755596.1|A/cattle/Texas/24-008749-003/2024(H5N1)	554	4542
PB2|PP755596.1|A/cattle/Texas/24-008749-003/2024(H5N1)	555	4642
PB2|PP755596.1|A/cattle/Texas/24-008749-003/2024(H5N1)	556	4667
PB2|PP755596.1|A/cattle/Texas/24-008749-003/2024(H5N1)	557	4671
PB2|PP755596.1|A/cattle/Texas/24-008749-003/2024(H5N1)	558	4683
PB2|PP755596.1|A/cattle/Texas/24-008749-003/2024(H5N1)	559	4690
PB2|PP755596.1|A/cattle/Texas/24-008749-003/2024(H5N1)	560	4681
PB2|PP755596.1|A/cattle/Texas/24-008749-003/2024(H5N1)	561	4708
PB2|PP755596.1|A/cattle/Texas/24-008749-003/2024(H5N1)	562	4734
PB2|PP755596.1|A/cattle/Texas/24-008749-003/2024(H5N1)	563	4727
PB2|PP755596.1|A/cattle/Texas/24-008749-003/2024(H5N1)	564	4729
PB2|PP755596.1|A/cattle/Texas/24-008749-003/2024(H5N1)	565	4705
PB2|PP755596.1|A/cattle/Texas/24-008749-003/2024(H5N1)	566	4692
PB2|PP755596.1|A/cattle/Texas/24-008749-003/2024(H5N1)	567	4702
PB2|PP755596.1|A/cattle/Texas/24-008749-003/2024(H5N1)	568	4784
PB2|PP755596.1|A/cattle/Texas/24-008749-003/2024(H5N1)	569	4781
PB2|PP755596.1|A/cattle/Texas/24-008749-003/2024(H5N1)	570	4705
PB2|PP755596.1|A/cattle/Texas/24-008749-003/2024(H5N1)	571	4717
PB2|PP755596.1|A/cattle/Texas/24-008749-003/2024(H5N1)	572	4722
PB2|PP755596.1|A/cattle/Texas/24-008749-003/2024(H5N1)	573	4719
PB2|PP755596.1|A/cattle/Texas/24-008749-003/2024(H5N1)	574	4756
PB2|PP755596.1|A/cattle/Texas/24-008749-003/2024(H5N1)	575	4766
PB2|PP755596.1|A/cattle/Texas/24-008749-003/2024(H5N1)	576	4723
PB2|PP755596.1|A/cattle/Texas/24-008749-003/2024(H5N1)	577	5012
PB2|PP755596.1|A/cattle/Texas/24-008749-003/2024(H5N1)	578	5005
PB2|PP755596.1|A/cattle/Texas/24-008749-003/2024(H5N1)	579	5072
PB2|PP755596.1|A/cattle/Texas/24-008749-003/2024(H5N1)	580	5038
PB2|PP755596.1|A/cattle/Texas/24-008749-003/2024(H5N1)	581	5038
PB2|PP755596.1|A/cattle/Texas/24-008749-003/2024(H5N1)	582	5033
PB2|PP755596.1|A/cattle/Texas/24-008749-003/2024(H5N1)	583	5018
PB2|PP755596.1|A/cattle/Texas/24-008749-003/2024(H5N1)	584	5116
PB2|PP755596.1|A/cattle/Texas/24-008749-003/2024(H5N1)	585	4862
PB2|PP755596.1|A/cattle/Texas/24-008749-003/2024(H5N1)	586	4599
PB2|PP755596.1|A/cattle/Texas/24-008749-003/2024(H5N1)	587	4607
PB2|PP755596.1|A/cattle/Texas/24-008749-003/2024(H5N1)	588	4688
PB2|PP755596.1|A/cattle/Texas/24-008749-003/2024(H5N1)	589	4689
PB2|PP755596.1|A/cattle/Texas/24-008749-003/2024(H5N1)	590	4701
PB2|PP755596.1|A/cattle/Texas/24-008749-003/2024(H5N1)	591	4698
PB2|PP755596.1|A/cattle/Texas/24-008749-003/2024(H5N1)	592	4763
PB2|PP755596.1|A/cattle/Texas/24-008749-003/2024(H5N1)	593	4732
PB2|PP755596.1|A/cattle/Texas/24-008749-003/2024(H5N1)	594	4672
PB2|PP755596.1|A/cattle/Texas/24-008749-003/2024(H5N1)	595	4672
PB2|PP755596.1|A/cattle/Texas/24-008749-003/2024(H5N1)	596	4683
PB2|PP755596.1|A/cattle/Texas/24-008749-003/2024(H5N1)	597	4645
PB2|PP755596.1|A/cattle/Texas/24-008749-003/2024(H5N1)	598	4750
PB2|PP755596.1|A/cattle/Texas/24-008749-003/2024(H5N1)	599	4771
PB2|PP755596.1|A/cattle/Texas/24-008749-003/2024(H5N1)	600	4880
PB2|PP755596.1|A/cattle/Texas/24-008749-003/2024(H5N1)	601	4716
PB2|PP755596.1|A/cattle/Texas/24-008749-003/2024(H5N1)	602	4711
PB2|PP755596.1|A/cattle/Texas/24-008749-003/2024(H5N1)	603	4719
PB2|PP755596.1|A/cattle/Texas/24-008749-003/2024(H5N1)	604	4740
PB2|PP755596.1|A/cattle/Texas/24-008749-003/2024(H5N1)	605	4679
PB2|PP755596.1|A/cattle/Texas/24-008749-003/2024(H5N1)	606	4714
PB2|PP755596.1|A/cattle/Texas/24-008749-003/2024(H5N1)	607	4777
PB2|PP755596.1|A/cattle/Texas/24-008749-003/2024(H5N1)	608	4761
PB2|PP755596.1|A/cattle/Texas/24-008749-003/2024(H5N1)	609	4637
PB2|PP755596.1|A/cattle/Texas/24-008749-003/2024(H5N1)	610	4609
PB2|PP755596.1|A/cattle/Texas/24-008749-003/2024(H5N1)	611	4620
PB2|PP755596.1|A/cattle/Texas/24-008749-003/2024(H5N1)	612	4626
PB2|PP755596.1|A/cattle/Texas/24-008749-003/2024(H5N1)	613	4629
PB2|PP755596.1|A/cattle/Texas/24-008749-003/2024(H5N1)	614	4638
PB2|PP755596.1|A/cattle/Texas/24-008749-003/2024(H5N1)	615	4500
PB2|PP755596.1|A/cattle/Texas/24-008749-003/2024(H5N1)	616	4342
PB2|PP755596.1|A/cattle/Texas/24-008749-003/2024(H5N1)	617	4321
PB2|PP755596.1|A/cattle/Texas/24-008749-003/2024(H5N1)	618	4378
PB2|PP755596.1|A/cattle/Texas/24-008749-003/2024(H5N1)	619	4520
PB2|PP755596.1|A/cattle/Texas/24-008749-003/2024(H5N1)	620	4507
PB2|PP755596.1|A/cattle/Texas/24-008749-003/2024(H5N1)	621	4498
PB2|PP755596.1|A/cattle/Texas/24-008749-003/2024(H5N1)	622	4496
PB2|PP755596.1|A/cattle/Texas/24-008749-003/2024(H5N1)	623	4603
PB2|PP755596.1|A/cattle/Texas/24-008749-003/2024(H5N1)	624	4647
PB2|PP755596.1|A/cattle/Texas/24-008749-003/2024(H5N1)	625	4612
PB2|PP755596.1|A/cattle/Texas/24-008749-003/2024(H5N1)	626	4580
PB2|PP755596.1|A/cattle/Texas/24-008749-003/2024(H5N1)	627	4511
PB2|PP755596.1|A/cattle/Texas/24-008749-003/2024(H5N1)	628	4579
PB2|PP755596.1|A/cattle/Texas/24-008749-003/2024(H5N1)	629	4538
PB2|PP755596.1|A/cattle/Texas/24-008749-003/2024(H5N1)	630	4538
PB2|PP755596.1|A/cattle/Texas/24-008749-003/2024(H5N1)	631	4436
PB2|PP755596.1|A/cattle/Texas/24-008749-003/2024(H5N1)	632	4290
PB2|PP755596.1|A/cattle/Texas/24-008749-003/2024(H5N1)	633	4307
PB2|PP755596.1|A/cattle/Texas/24-008749-003/2024(H5N1)	634	4309
PB2|PP755596.1|A/cattle/Texas/24-008749-003/2024(H5N1)	635	4303
PB2|PP755596.1|A/cattle/Texas/24-008749-003/2024(H5N1)	636	4318
PB2|PP755596.1|A/cattle/Texas/24-008749-003/2024(H5N1)	637	4257
PB2|PP755596.1|A/cattle/Texas/24-008749-003/2024(H5N1)	638	4257
PB2|PP755596.1|A/cattle/Texas/24-008749-003/2024(H5N1)	639	4210
PB2|PP755596.1|A/cattle/Texas/24-008749-003/2024(H5N1)	640	4217
PB2|PP755596.1|A/cattle/Texas/24-008749-003/2024(H5N1)	641	4305
PB2|PP755596.1|A/cattle/Texas/24-008749-003/2024(H5N1)	642	4309
PB2|PP755596.1|A/cattle/Texas/24-008749-003/2024(H5N1)	643	4339
PB2|PP755596.1|A/cattle/Texas/24-008749-003/2024(H5N1)	644	4304
PB2|PP755596.1|A/cattle/Texas/24-008749-003/2024(H5N1)	645	4399
PB2|PP755596.1|A/cattle/Texas/24-008749-003/2024(H5N1)	646	4416
PB2|PP755596.1|A/cattle/Texas/24-008749-003/2024(H5N1)	647	4474
PB2|PP755596.1|A/cattle/Texas/24-008749-003/2024(H5N1)	648	4506
PB2|PP755596.1|A/cattle/Texas/24-008749-003/2024(H5N1)	649	4514
PB2|PP755596.1|A/cattle/Texas/24-008749-003/2024(H5N1)	650	4459
PB2|PP755596.1|A/cattle/Texas/24-008749-003/2024(H5N1)	651	4448
PB2|PP755596.1|A/cattle/Texas/24-008749-003/2024(H5N1)	652	4459
PB2|PP755596.1|A/cattle/Texas/24-008749-003/2024(H5N1)	653	4467
PB2|PP755596.1|A/cattle/Texas/24-008749-003/2024(H5N1)	654	4529
PB2|PP755596.1|A/cattle/Texas/24-008749-003/2024(H5N1)	655	4521
PB2|PP755596.1|A/cattle/Texas/24-008749-003/2024(H5N1)	656	4491
PB2|PP755596.1|A/cattle/Texas/24-008749-003/2024(H5N1)	657	4428
PB2|PP755596.1|A/cattle/Texas/24-008749-003/2024(H5N1)	658	4433
PB2|PP755596.1|A/cattle/Texas/24-008749-003/2024(H5N1)	659	4470
PB2|PP755596.1|A/cattle/Texas/24-008749-003/2024(H5N1)	660	4492
PB2|PP755596.1|A/cattle/Texas/24-008749-003/2024(H5N1)	661	4486
PB2|PP755596.1|A/cattle/Texas/24-008749-003/2024(H5N1)	662	4392
PB2|PP755596.1|A/cattle/Texas/24-008749-003/2024(H5N1)	663	4371
PB2|PP755596.1|A/cattle/Texas/24-008749-003/2024(H5N1)	664	4385
PB2|PP755596.1|A/cattle/Texas/24-008749-003/2024(H5N1)	665	4482
PB2|PP755596.1|A/cattle/Texas/24-008749-003/2024(H5N1)	666	4504
PB2|PP755596.1|A/cattle/Texas/24-008749-003/2024(H5N1)	667	4537
PB2|PP755596.1|A/cattle/Texas/24-008749-003/2024(H5N1)	668	4553
PB2|PP755596.1|A/cattle/Texas/24-008749-003/2024(H5N1)	669	4573
PB2|PP755596.1|A/cattle/Texas/24-008749-003/2024(H5N1)	670	4574
PB2|PP755596.1|A/cattle/Texas/24-008749-003/2024(H5N1)	671	4664
PB2|PP755596.1|A/cattle/Texas/24-008749-003/2024(H5N1)	672	4687
PB2|PP755596.1|A/cattle/Texas/24-008749-003/2024(H5N1)	673	4694
PB2|PP755596.1|A/cattle/Texas/24-008749-003/2024(H5N1)	674	4696
PB2|PP755596.1|A/cattle/Texas/24-008749-003/2024(H5N1)	675	4690
PB2|PP755596.1|A/cattle/Texas/24-008749-003/2024(H5N1)	676	4633
PB2|PP755596.1|A/cattle/Texas/24-008749-003/2024(H5N1)	677	4723
PB2|PP755596.1|A/cattle/Texas/24-008749-003/2024(H5N1)	678	4736
PB2|PP755596.1|A/cattle/Texas/24-008749-003/2024(H5N1)	679	4826
PB2|PP755596.1|A/cattle/Texas/24-008749-003/2024(H5N1)	680	4827
PB2|PP755596.1|A/cattle/Texas/24-008749-003/2024(H5N1)	681	4834
PB2|PP755596.1|A/cattle/Texas/24-008749-003/2024(H5N1)	682	4829
PB2|PP755596.1|A/cattle/Texas/24-008749-003/2024(H5N1)	683	5099
PB2|PP755596.1|A/cattle/Texas/24-008749-003/2024(H5N1)	684	5096
PB2|PP755596.1|A/cattle/Texas/24-008749-003/2024(H5N1)	685	5108
PB2|PP755596.1|A/cattle/Texas/24-008749-003/2024(H5N1)	686	5087
PB2|PP755596.1|A/cattle/Texas/24-008749-003/2024(H5N1)	687	4988
PB2|PP755596.1|A/cattle/Texas/24-008749-003/2024(H5N1)	688	4941
PB2|PP755596.1|A/cattle/Texas/24-008749-003/2024(H5N1)	689	4871
PB2|PP755596.1|A/cattle/Texas/24-008749-003/2024(H5N1)	690	4853
PB2|PP755596.1|A/cattle/Texas/24-008749-003/2024(H5N1)	691	4887
PB2|PP755596.1|A/cattle/Texas/24-008749-003/2024(H5N1)	692	4667
PB2|PP755596.1|A/cattle/Texas/24-008749-003/2024(H5N1)	693	4669
PB2|PP755596.1|A/cattle/Texas/24-008749-003/2024(H5N1)	694	4648
PB2|PP755596.1|A/cattle/Texas/24-008749-003/2024(H5N1)	695	4636
PB2|PP755596.1|A/cattle/Texas/24-008749-003/2024(H5N1)	696	4741
PB2|PP755596.1|A/cattle/Texas/24-008749-003/2024(H5N1)	697	5012
PB2|PP755596.1|A/cattle/Texas/24-008749-003/2024(H5N1)	698	5056
PB2|PP755596.1|A/cattle/Texas/24-008749-003/2024(H5N1)	699	5060
PB2|PP755596.1|A/cattle/Texas/24-008749-003/2024(H5N1)	700	4986
PB2|PP755596.1|A/cattle/Texas/24-008749-003/2024(H5N1)	701	4985
PB2|PP755596.1|A/cattle/Texas/24-008749-003/2024(H5N1)	702	4973
PB2|PP755596.1|A/cattle/Texas/24-008749-003/2024(H5N1)	703	5016
PB2|PP755596.1|A/cattle/Texas/24-008749-003/2024(H5N1)	704	5009
PB2|PP755596.1|A/cattle/Texas/24-008749-003/2024(H5N1)	705	4975
PB2|PP755596.1|A/cattle/Texas/24-008749-003/2024(H5N1)	706	4944
PB2|PP755596.1|A/cattle/Texas/24-008749-003/2024(H5N1)	707	4921
PB2|PP755596.1|A/cattle/Texas/24-008749-003/2024(H5N1)	708	5015
PB2|PP755596.1|A/cattle/Texas/24-008749-003/2024(H5N1)	709	5127
PB2|PP755596.1|A/cattle/Texas/24-008749-003/2024(H5N1)	710	5135
PB2|PP755596.1|A/cattle/Texas/24-008749-003/2024(H5N1)	711	5129
PB2|PP755596.1|A/cattle/Texas/24-008749-003/2024(H5N1)	712	5101
PB2|PP755596.1|A/cattle/Texas/24-008749-003/2024(H5N1)	713	5111
PB2|PP755596.1|A/cattle/Texas/24-008749-003/2024(H5N1)	714	5105
PB2|PP755596.1|A/cattle/Texas/24-008749-003/2024(H5N1)	715	5160
PB2|PP755596.1|A/cattle/Texas/24-008749-003/2024(H5N1)	716	5160
PB2|PP755596.1|A/cattle/Texas/24-008749-003/2024(H5N1)	717	5124
PB2|PP755596.1|A/cattle/Texas/24-008749-003/2024(H5N1)	718	5050
PB2|PP755596.1|A/cattle/Texas/24-008749-003/2024(H5N1)	719	5040
PB2|PP755596.1|A/cattle/Texas/24-008749-003/2024(H5N1)	720	5039
PB2|PP755596.1|A/cattle/Texas/24-008749-003/2024(H5N1)	721	5115
PB2|PP755596.1|A/cattle/Texas/24-008749-003/2024(H5N1)	722	5086
PB2|PP755596.1|A/cattle/Texas/24-008749-003/2024(H5N1)	723	5088
PB2|PP755596.1|A/cattle/Texas/24-008749-003/2024(H5N1)	724	5102
PB2|PP755596.1|A/cattle/Texas/24-008749-003/2024(H5N1)	725	5085
PB2|PP755596.1|A/cattle/Texas/24-008749-003/2024(H5N1)	726	5223
PB2|PP755596.1|A/cattle/Texas/24-008749-003/2024(H5N1)	727	5249
PB2|PP755596.1|A/cattle/Texas/24-008749-003/2024(H5N1)	728	5078
PB2|PP755596.1|A/cattle/Texas/24-008749-003/2024(H5N1)	729	5220
PB2|PP755596.1|A/cattle/Texas/24-008749-003/2024(H5N1)	730	5229
PB2|PP755596.1|A/cattle/Texas/24-008749-003/2024(H5N1)	731	5238
PB2|PP755596.1|A/cattle/Texas/24-008749-003/2024(H5N1)	732	5240
PB2|PP755596.1|A/cattle/Texas/24-008749-003/2024(H5N1)	733	5214
PB2|PP755596.1|A/cattle/Texas/24-008749-003/2024(H5N1)	734	5280
PB2|PP755596.1|A/cattle/Texas/24-008749-003/2024(H5N1)	735	5115
PB2|PP755596.1|A/cattle/Texas/24-008749-003/2024(H5N1)	736	5187
PB2|PP755596.1|A/cattle/Texas/24-008749-003/2024(H5N1)	737	5134
PB2|PP755596.1|A/cattle/Texas/24-008749-003/2024(H5N1)	738	5044
PB2|PP755596.1|A/cattle/Texas/24-008749-003/2024(H5N1)	739	5048
PB2|PP755596.1|A/cattle/Texas/24-008749-003/2024(H5N1)	740	5099
PB2|PP755596.1|A/cattle/Texas/24-008749-003/2024(H5N1)	741	5110
PB2|PP755596.1|A/cattle/Texas/24-008749-003/2024(H5N1)	742	5114
PB2|PP755596.1|A/cattle/Texas/24-008749-003/2024(H5N1)	743	5059
PB2|PP755596.1|A/cattle/Texas/24-008749-003/2024(H5N1)	744	5041
PB2|PP755596.1|A/cattle/Texas/24-008749-003/2024(H5N1)	745	5062
PB2|PP755596.1|A/cattle/Texas/24-008749-003/2024(H5N1)	746	5073
PB2|PP755596.1|A/cattle/Texas/24-008749-003/2024(H5N1)	747	5082
PB2|PP755596.1|A/cattle/Texas/24-008749-003/2024(H5N1)	748	5103
PB2|PP755596.1|A/cattle/Texas/24-008749-003/2024(H5N1)	749	4992
PB2|PP755596.1|A/cattle/Texas/24-008749-003/2024(H5N1)	750	4974
PB2|PP755596.1|A/cattle/Texas/24-008749-003/2024(H5N1)	751	4887
PB2|PP755596.1|A/cattle/Texas/24-008749-003/2024(H5N1)	752	4877
PB2|PP755596.1|A/cattle/Texas/24-008749-003/2024(H5N1)	753	4876
PB2|PP755596.1|A/cattle/Texas/24-008749-003/2024(H5N1)	754	4851
PB2|PP755596.1|A/cattle/Texas/24-008749-003/2024(H5N1)	755	4862
PB2|PP755596.1|A/cattle/Texas/24-008749-003/2024(H5N1)	756	4832
PB2|PP755596.1|A/cattle/Texas/24-008749-003/2024(H5N1)	757	4821
PB2|PP755596.1|A/cattle/Texas/24-008749-003/2024(H5N1)	758	4702
PB2|PP755596.1|A/cattle/Texas/24-008749-003/2024(H5N1)	759	4681
PB2|PP755596.1|A/cattle/Texas/24-008749-003/2024(H5N1)	760	4710
PB2|PP755596.1|A/cattle/Texas/24-008749-003/2024(H5N1)	761	4853
PB2|PP755596.1|A/cattle/Texas/24-008749-003/2024(H5N1)	762	4842
PB2|PP755596.1|A/cattle/Texas/24-008749-003/2024(H5N1)	763	4836
PB2|PP755596.1|A/cattle/Texas/24-008749-003/2024(H5N1)	764	4828
PB2|PP755596.1|A/cattle/Texas/24-008749-003/2024(H5N1)	765	4767
PB2|PP755596.1|A/cattle/Texas/24-008749-003/2024(H5N1)	766	4907
PB2|PP755596.1|A/cattle/Texas/24-008749-003/2024(H5N1)	767	4920
PB2|PP755596.1|A/cattle/Texas/24-008749-003/2024(H5N1)	768	4964
PB2|PP755596.1|A/cattle/Texas/24-008749-003/2024(H5N1)	769	4893
PB2|PP755596.1|A/cattle/Texas/24-008749-003/2024(H5N1)	770	4792
PB2|PP755596.1|A/cattle/Texas/24-008749-003/2024(H5N1)	771	4813
PB2|PP755596.1|A/cattle/Texas/24-008749-003/2024(H5N1)	772	4864
PB2|PP755596.1|A/cattle/Texas/24-008749-003/2024(H5N1)	773	4918
PB2|PP755596.1|A/cattle/Texas/24-008749-003/2024(H5N1)	774	4818
PB2|PP755596.1|A/cattle/Texas/24-008749-003/2024(H5N1)	775	4757
PB2|PP755596.1|A/cattle/Texas/24-008749-003/2024(H5N1)	776	4763
PB2|PP755596.1|A/cattle/Texas/24-008749-003/2024(H5N1)	777	4912
PB2|PP755596.1|A/cattle/Texas/24-008749-003/2024(H5N1)	778	4935
PB2|PP755596.1|A/cattle/Texas/24-008749-003/2024(H5N1)	779	4877
PB2|PP755596.1|A/cattle/Texas/24-008749-003/2024(H5N1)	780	4881
PB2|PP755596.1|A/cattle/Texas/24-008749-003/2024(H5N1)	781	4814
PB2|PP755596.1|A/cattle/Texas/24-008749-003/2024(H5N1)	782	4827
PB2|PP755596.1|A/cattle/Texas/24-008749-003/2024(H5N1)	783	4992
PB2|PP755596.1|A/cattle/Texas/24-008749-003/2024(H5N1)	784	5002
PB2|PP755596.1|A/cattle/Texas/24-008749-003/2024(H5N1)	785	5086
PB2|PP755596.1|A/cattle/Texas/24-008749-003/2024(H5N1)	786	5086
PB2|PP755596.1|A/cattle/Texas/24-008749-003/2024(H5N1)	787	5269
PB2|PP755596.1|A/cattle/Texas/24-008749-003/2024(H5N1)	788	5356
PB2|PP755596.1|A/cattle/Texas/24-008749-003/2024(H5N1)	789	5362
PB2|PP755596.1|A/cattle/Texas/24-008749-003/2024(H5N1)	790	5373
PB2|PP755596.1|A/cattle/Texas/24-008749-003/2024(H5N1)	791	5383
PB2|PP755596.1|A/cattle/Texas/24-008749-003/2024(H5N1)	792	5379
PB2|PP755596.1|A/cattle/Texas/24-008749-003/2024(H5N1)	793	5368
PB2|PP755596.1|A/cattle/Texas/24-008749-003/2024(H5N1)	794	5333
PB2|PP755596.1|A/cattle/Texas/24-008749-003/2024(H5N1)	795	5363
PB2|PP755596.1|A/cattle/Texas/24-008749-003/2024(H5N1)	796	5242
PB2|PP755596.1|A/cattle/Texas/24-008749-003/2024(H5N1)	797	5239
PB2|PP755596.1|A/cattle/Texas/24-008749-003/2024(H5N1)	798	5222
PB2|PP755596.1|A/cattle/Texas/24-008749-003/2024(H5N1)	799	5219
PB2|PP755596.1|A/cattle/Texas/24-008749-003/2024(H5N1)	800	5239
PB2|PP755596.1|A/cattle/Texas/24-008749-003/2024(H5N1)	801	5183
PB2|PP755596.1|A/cattle/Texas/24-008749-003/2024(H5N1)	802	5174
PB2|PP755596.1|A/cattle/Texas/24-008749-003/2024(H5N1)	803	5203
PB2|PP755596.1|A/cattle/Texas/24-008749-003/2024(H5N1)	804	5296
PB2|PP755596.1|A/cattle/Texas/24-008749-003/2024(H5N1)	805	5235
PB2|PP755596.1|A/cattle/Texas/24-008749-003/2024(H5N1)	806	5343
PB2|PP755596.1|A/cattle/Texas/24-008749-003/2024(H5N1)	807	5326
PB2|PP755596.1|A/cattle/Texas/24-008749-003/2024(H5N1)	808	5344
PB2|PP755596.1|A/cattle/Texas/24-008749-003/2024(H5N1)	809	5334
PB2|PP755596.1|A/cattle/Texas/24-008749-003/2024(H5N1)	810	5351
PB2|PP755596.1|A/cattle/Texas/24-008749-003/2024(H5N1)	811	5341
PB2|PP755596.1|A/cattle/Texas/24-008749-003/2024(H5N1)	812	5361
PB2|PP755596.1|A/cattle/Texas/24-008749-003/2024(H5N1)	813	5381
PB2|PP755596.1|A/cattle/Texas/24-008749-003/2024(H5N1)	814	5503
PB2|PP755596.1|A/cattle/Texas/24-008749-003/2024(H5N1)	815	5541
PB2|PP755596.1|A/cattle/Texas/24-008749-003/2024(H5N1)	816	5553
PB2|PP755596.1|A/cattle/Texas/24-008749-003/2024(H5N1)	817	5541
PB2|PP755596.1|A/cattle/Texas/24-008749-003/2024(H5N1)	818	5533
PB2|PP755596.1|A/cattle/Texas/24-008749-003/2024(H5N1)	819	5529
PB2|PP755596.1|A/cattle/Texas/24-008749-003/2024(H5N1)	820	5505
PB2|PP755596.1|A/cattle/Texas/24-008749-003/2024(H5N1)	821	5491
PB2|PP755596.1|A/cattle/Texas/24-008749-003/2024(H5N1)	822	5348
PB2|PP755596.1|A/cattle/Texas/24-008749-003/2024(H5N1)	823	5353
PB2|PP755596.1|A/cattle/Texas/24-008749-003/2024(H5N1)	824	5411
PB2|PP755596.1|A/cattle/Texas/24-008749-003/2024(H5N1)	825	5523
PB2|PP755596.1|A/cattle/Texas/24-008749-003/2024(H5N1)	826	5513
PB2|PP755596.1|A/cattle/Texas/24-008749-003/2024(H5N1)	827	5383
PB2|PP755596.1|A/cattle/Texas/24-008749-003/2024(H5N1)	828	5387
PB2|PP755596.1|A/cattle/Texas/24-008749-003/2024(H5N1)	829	5439
PB2|PP755596.1|A/cattle/Texas/24-008749-003/2024(H5N1)	830	5371
PB2|PP755596.1|A/cattle/Texas/24-008749-003/2024(H5N1)	831	5364
PB2|PP755596.1|A/cattle/Texas/24-008749-003/2024(H5N1)	832	5357
PB2|PP755596.1|A/cattle/Texas/24-008749-003/2024(H5N1)	833	5195
PB2|PP755596.1|A/cattle/Texas/24-008749-003/2024(H5N1)	834	5106
PB2|PP755596.1|A/cattle/Texas/24-008749-003/2024(H5N1)	835	5106
PB2|PP755596.1|A/cattle/Texas/24-008749-003/2024(H5N1)	836	5114
PB2|PP755596.1|A/cattle/Texas/24-008749-003/2024(H5N1)	837	5111
PB2|PP755596.1|A/cattle/Texas/24-008749-003/2024(H5N1)	838	5475
PB2|PP755596.1|A/cattle/Texas/24-008749-003/2024(H5N1)	839	5482
PB2|PP755596.1|A/cattle/Texas/24-008749-003/2024(H5N1)	840	5506
PB2|PP755596.1|A/cattle/Texas/24-008749-003/2024(H5N1)	841	5509
PB2|PP755596.1|A/cattle/Texas/24-008749-003/2024(H5N1)	842	5478
PB2|PP755596.1|A/cattle/Texas/24-008749-003/2024(H5N1)	843	5486
PB2|PP755596.1|A/cattle/Texas/24-008749-003/2024(H5N1)	844	5484
PB2|PP755596.1|A/cattle/Texas/24-008749-003/2024(H5N1)	845	5452
PB2|PP755596.1|A/cattle/Texas/24-008749-003/2024(H5N1)	846	5458
PB2|PP755596.1|A/cattle/Texas/24-008749-003/2024(H5N1)	847	5110
PB2|PP755596.1|A/cattle/Texas/24-008749-003/2024(H5N1)	848	5070
PB2|PP755596.1|A/cattle/Texas/24-008749-003/2024(H5N1)	849	5267
PB2|PP755596.1|A/cattle/Texas/24-008749-003/2024(H5N1)	850	5288
PB2|PP755596.1|A/cattle/Texas/24-008749-003/2024(H5N1)	851	5296
PB2|PP755596.1|A/cattle/Texas/24-008749-003/2024(H5N1)	852	5318
PB2|PP755596.1|A/cattle/Texas/24-008749-003/2024(H5N1)	853	5342
PB2|PP755596.1|A/cattle/Texas/24-008749-003/2024(H5N1)	854	5330
PB2|PP755596.1|A/cattle/Texas/24-008749-003/2024(H5N1)	855	5322
PB2|PP755596.1|A/cattle/Texas/24-008749-003/2024(H5N1)	856	5278
PB2|PP755596.1|A/cattle/Texas/24-008749-003/2024(H5N1)	857	5322
PB2|PP755596.1|A/cattle/Texas/24-008749-003/2024(H5N1)	858	5209
PB2|PP755596.1|A/cattle/Texas/24-008749-003/2024(H5N1)	859	5209
PB2|PP755596.1|A/cattle/Texas/24-008749-003/2024(H5N1)	860	5218
PB2|PP755596.1|A/cattle/Texas/24-008749-003/2024(H5N1)	861	5211
PB2|PP755596.1|A/cattle/Texas/24-008749-003/2024(H5N1)	862	5285
PB2|PP755596.1|A/cattle/Texas/24-008749-003/2024(H5N1)	863	5283
PB2|PP755596.1|A/cattle/Texas/24-008749-003/2024(H5N1)	864	5311
PB2|PP755596.1|A/cattle/Texas/24-008749-003/2024(H5N1)	865	5312
PB2|PP755596.1|A/cattle/Texas/24-008749-003/2024(H5N1)	866	5238
PB2|PP755596.1|A/cattle/Texas/24-008749-003/2024(H5N1)	867	5236
PB2|PP755596.1|A/cattle/Texas/24-008749-003/2024(H5N1)	868	5238
PB2|PP755596.1|A/cattle/Texas/24-008749-003/2024(H5N1)	869	5229
PB2|PP755596.1|A/cattle/Texas/24-008749-003/2024(H5N1)	870	5224
PB2|PP755596.1|A/cattle/Texas/24-008749-003/2024(H5N1)	871	5209
PB2|PP755596.1|A/cattle/Texas/24-008749-003/2024(H5N1)	872	5342
PB2|PP755596.1|A/cattle/Texas/24-008749-003/2024(H5N1)	873	5320
PB2|PP755596.1|A/cattle/Texas/24-008749-003/2024(H5N1)	874	5322
PB2|PP755596.1|A/cattle/Texas/24-008749-003/2024(H5N1)	875	5311
PB2|PP755596.1|A/cattle/Texas/24-008749-003/2024(H5N1)	876	5312
PB2|PP755596.1|A/cattle/Texas/24-008749-003/2024(H5N1)	877	5184
PB2|PP755596.1|A/cattle/Texas/24-008749-003/2024(H5N1)	878	5225
PB2|PP755596.1|A/cattle/Texas/24-008749-003/2024(H5N1)	879	5233
PB2|PP755596.1|A/cattle/Texas/24-008749-003/2024(H5N1)	880	5191
PB2|PP755596.1|A/cattle/Texas/24-008749-003/2024(H5N1)	881	5116
PB2|PP755596.1|A/cattle/Texas/24-008749-003/2024(H5N1)	882	5146
PB2|PP755596.1|A/cattle/Texas/24-008749-003/2024(H5N1)	883	5210
PB2|PP755596.1|A/cattle/Texas/24-008749-003/2024(H5N1)	884	5206
PB2|PP755596.1|A/cattle/Texas/24-008749-003/2024(H5N1)	885	5142
PB2|PP755596.1|A/cattle/Texas/24-008749-003/2024(H5N1)	886	5143
PB2|PP755596.1|A/cattle/Texas/24-008749-003/2024(H5N1)	887	5093
PB2|PP755596.1|A/cattle/Texas/24-008749-003/2024(H5N1)	888	5118
PB2|PP755596.1|A/cattle/Texas/24-008749-003/2024(H5N1)	889	5092
PB2|PP755596.1|A/cattle/Texas/24-008749-003/2024(H5N1)	890	5154
PB2|PP755596.1|A/cattle/Texas/24-008749-003/2024(H5N1)	891	5143
PB2|PP755596.1|A/cattle/Texas/24-008749-003/2024(H5N1)	892	5155
PB2|PP755596.1|A/cattle/Texas/24-008749-003/2024(H5N1)	893	5137
PB2|PP755596.1|A/cattle/Texas/24-008749-003/2024(H5N1)	894	5136
PB2|PP755596.1|A/cattle/Texas/24-008749-003/2024(H5N1)	895	5132
PB2|PP755596.1|A/cattle/Texas/24-008749-003/2024(H5N1)	896	5119
PB2|PP755596.1|A/cattle/Texas/24-008749-003/2024(H5N1)	897	5143
PB2|PP755596.1|A/cattle/Texas/24-008749-003/2024(H5N1)	898	5108
PB2|PP755596.1|A/cattle/Texas/24-008749-003/2024(H5N1)	899	5096
PB2|PP755596.1|A/cattle/Texas/24-008749-003/2024(H5N1)	900	5119
PB2|PP755596.1|A/cattle/Texas/24-008749-003/2024(H5N1)	901	5114
PB2|PP755596.1|A/cattle/Texas/24-008749-003/2024(H5N1)	902	5287
PB2|PP755596.1|A/cattle/Texas/24-008749-003/2024(H5N1)	903	5304
PB2|PP755596.1|A/cattle/Texas/24-008749-003/2024(H5N1)	904	5305
PB2|PP755596.1|A/cattle/Texas/24-008749-003/2024(H5N1)	905	5318
PB2|PP755596.1|A/cattle/Texas/24-008749-003/2024(H5N1)	906	5311
PB2|PP755596.1|A/cattle/Texas/24-008749-003/2024(H5N1)	907	5283
PB2|PP755596.1|A/cattle/Texas/24-008749-003/2024(H5N1)	908	5292
PB2|PP755596.1|A/cattle/Texas/24-008749-003/2024(H5N1)	909	5263
PB2|PP755596.1|A/cattle/Texas/24-008749-003/2024(H5N1)	910	5326
PB2|PP755596.1|A/cattle/Texas/24-008749-003/2024(H5N1)	911	5254
PB2|PP755596.1|A/cattle/Texas/24-008749-003/2024(H5N1)	912	5259
PB2|PP755596.1|A/cattle/Texas/24-008749-003/2024(H5N1)	913	5288
PB2|PP755596.1|A/cattle/Texas/24-008749-003/2024(H5N1)	914	5295
PB2|PP755596.1|A/cattle/Texas/24-008749-003/2024(H5N1)	915	5296
PB2|PP755596.1|A/cattle/Texas/24-008749-003/2024(H5N1)	916	5180
PB2|PP755596.1|A/cattle/Texas/24-008749-003/2024(H5N1)	917	5146
PB2|PP755596.1|A/cattle/Texas/24-008749-003/2024(H5N1)	918	5150
PB2|PP755596.1|A/cattle/Texas/24-008749-003/2024(H5N1)	919	5218
PB2|PP755596.1|A/cattle/Texas/24-008749-003/2024(H5N1)	920	5248
PB2|PP755596.1|A/cattle/Texas/24-008749-003/2024(H5N1)	921	5153
PB2|PP755596.1|A/cattle/Texas/24-008749-003/2024(H5N1)	922	5138
PB2|PP755596.1|A/cattle/Texas/24-008749-003/2024(H5N1)	923	5119
PB2|PP755596.1|A/cattle/Texas/24-008749-003/2024(H5N1)	924	5091
PB2|PP755596.1|A/cattle/Texas/24-008749-003/2024(H5N1)	925	5369
PB2|PP755596.1|A/cattle/Texas/24-008749-003/2024(H5N1)	926	5450
PB2|PP755596.1|A/cattle/Texas/24-008749-003/2024(H5N1)	927	5656
PB2|PP755596.1|A/cattle/Texas/24-008749-003/2024(H5N1)	928	5468
PB2|PP755596.1|A/cattle/Texas/24-008749-003/2024(H5N1)	929	5470
PB2|PP755596.1|A/cattle/Texas/24-008749-003/2024(H5N1)	930	5555
PB2|PP755596.1|A/cattle/Texas/24-008749-003/2024(H5N1)	931	5540
PB2|PP755596.1|A/cattle/Texas/24-008749-003/2024(H5N1)	932	5539
PB2|PP755596.1|A/cattle/Texas/24-008749-003/2024(H5N1)	933	5560
PB2|PP755596.1|A/cattle/Texas/24-008749-003/2024(H5N1)	934	5578
PB2|PP755596.1|A/cattle/Texas/24-008749-003/2024(H5N1)	935	5576
PB2|PP755596.1|A/cattle/Texas/24-008749-003/2024(H5N1)	936	5481
PB2|PP755596.1|A/cattle/Texas/24-008749-003/2024(H5N1)	937	5511
PB2|PP755596.1|A/cattle/Texas/24-008749-003/2024(H5N1)	938	5361
PB2|PP755596.1|A/cattle/Texas/24-008749-003/2024(H5N1)	939	5285
PB2|PP755596.1|A/cattle/Texas/24-008749-003/2024(H5N1)	940	5356
PB2|PP755596.1|A/cattle/Texas/24-008749-003/2024(H5N1)	941	5351
PB2|PP755596.1|A/cattle/Texas/24-008749-003/2024(H5N1)	942	5374
PB2|PP755596.1|A/cattle/Texas/24-008749-003/2024(H5N1)	943	5333
PB2|PP755596.1|A/cattle/Texas/24-008749-003/2024(H5N1)	944	5343
PB2|PP755596.1|A/cattle/Texas/24-008749-003/2024(H5N1)	945	5350
PB2|PP755596.1|A/cattle/Texas/24-008749-003/2024(H5N1)	946	5440
PB2|PP755596.1|A/cattle/Texas/24-008749-003/2024(H5N1)	947	5466
PB2|PP755596.1|A/cattle/Texas/24-008749-003/2024(H5N1)	948	5480
PB2|PP755596.1|A/cattle/Texas/24-008749-003/2024(H5N1)	949	5457
PB2|PP755596.1|A/cattle/Texas/24-008749-003/2024(H5N1)	950	5420
PB2|PP755596.1|A/cattle/Texas/24-008749-003/2024(H5N1)	951	5438
PB2|PP755596.1|A/cattle/Texas/24-008749-003/2024(H5N1)	952	5433
PB2|PP755596.1|A/cattle/Texas/24-008749-003/2024(H5N1)	953	5594
PB2|PP755596.1|A/cattle/Texas/24-008749-003/2024(H5N1)	954	5663
PB2|PP755596.1|A/cattle/Texas/24-008749-003/2024(H5N1)	955	5631
PB2|PP755596.1|A/cattle/Texas/24-008749-003/2024(H5N1)	956	5607
PB2|PP755596.1|A/cattle/Texas/24-008749-003/2024(H5N1)	957	5525
PB2|PP755596.1|A/cattle/Texas/24-008749-003/2024(H5N1)	958	5535
PB2|PP755596.1|A/cattle/Texas/24-008749-003/2024(H5N1)	959	5538
PB2|PP755596.1|A/cattle/Texas/24-008749-003/2024(H5N1)	960	5553
PB2|PP755596.1|A/cattle/Texas/24-008749-003/2024(H5N1)	961	5557
PB2|PP755596.1|A/cattle/Texas/24-008749-003/2024(H5N1)	962	5389
PB2|PP755596.1|A/cattle/Texas/24-008749-003/2024(H5N1)	963	5337
PB2|PP755596.1|A/cattle/Texas/24-008749-003/2024(H5N1)	964	5461
PB2|PP755596.1|A/cattle/Texas/24-008749-003/2024(H5N1)	965	5364
PB2|PP755596.1|A/cattle/Texas/24-008749-003/2024(H5N1)	966	5374
PB2|PP755596.1|A/cattle/Texas/24-008749-003/2024(H5N1)	967	5370
PB2|PP755596.1|A/cattle/Texas/24-008749-003/2024(H5N1)	968	5352
PB2|PP755596.1|A/cattle/Texas/24-008749-003/2024(H5N1)	969	5314
PB2|PP755596.1|A/cattle/Texas/24-008749-003/2024(H5N1)	970	5314
PB2|PP755596.1|A/cattle/Texas/24-008749-003/2024(H5N1)	971	5399
PB2|PP755596.1|A/cattle/Texas/24-008749-003/2024(H5N1)	972	5406
PB2|PP755596.1|A/cattle/Texas/24-008749-003/2024(H5N1)	973	5321
PB2|PP755596.1|A/cattle/Texas/24-008749-003/2024(H5N1)	974	5330
PB2|PP755596.1|A/cattle/Texas/24-008749-003/2024(H5N1)	975	5522
PB2|PP755596.1|A/cattle/Texas/24-008749-003/2024(H5N1)	976	5436
PB2|PP755596.1|A/cattle/Texas/24-008749-003/2024(H5N1)	977	5451
PB2|PP755596.1|A/cattle/Texas/24-008749-003/2024(H5N1)	978	5431
PB2|PP755596.1|A/cattle/Texas/24-008749-003/2024(H5N1)	979	5444
PB2|PP755596.1|A/cattle/Texas/24-008749-003/2024(H5N1)	980	5356
PB2|PP755596.1|A/cattle/Texas/24-008749-003/2024(H5N1)	981	5381
PB2|PP755596.1|A/cattle/Texas/24-008749-003/2024(H5N1)	982	5380
PB2|PP755596.1|A/cattle/Texas/24-008749-003/2024(H5N1)	983	5372
PB2|PP755596.1|A/cattle/Texas/24-008749-003/2024(H5N1)	984	5381
PB2|PP755596.1|A/cattle/Texas/24-008749-003/2024(H5N1)	985	5376
PB2|PP755596.1|A/cattle/Texas/24-008749-003/2024(H5N1)	986	5360
PB2|PP755596.1|A/cattle/Texas/24-008749-003/2024(H5N1)	987	5371
PB2|PP755596.1|A/cattle/Texas/24-008749-003/2024(H5N1)	988	5366
PB2|PP755596.1|A/cattle/Texas/24-008749-003/2024(H5N1)	989	5064
PB2|PP755596.1|A/cattle/Texas/24-008749-003/2024(H5N1)	990	5057
PB2|PP755596.1|A/cattle/Texas/24-008749-003/2024(H5N1)	991	5315
PB2|PP755596.1|A/cattle/Texas/24-008749-003/2024(H5N1)	992	5312
PB2|PP755596.1|A/cattle/Texas/24-008749-003/2024(H5N1)	993	5311
PB2|PP755596.1|A/cattle/Texas/24-008749-003/2024(H5N1)	994	5297
PB2|PP755596.1|A/cattle/Texas/24-008749-003/2024(H5N1)	995	5334
PB2|PP755596.1|A/cattle/Texas/24-008749-003/2024(H5N1)	996	5319
PB2|PP755596.1|A/cattle/Texas/24-008749-003/2024(H5N1)	997	5368
PB2|PP755596.1|A/cattle/Texas/24-008749-003/2024(H5N1)	998	5390
PB2|PP755596.1|A/cattle/Texas/24-008749-003/2024(H5N1)	999	5394
PB2|PP755596.1|A/cattle/Texas/24-008749-003/2024(H5N1)	1000	5206
PB2|PP755596.1|A/cattle/Texas/24-008749-003/2024(H5N1)	1001	5208
PB2|PP755596.1|A/cattle/Texas/24-008749-003/2024(H5N1)	1002	5229
PB2|PP755596.1|A/cattle/Texas/24-008749-003/2024(H5N1)	1003	5234
PB2|PP755596.1|A/cattle/Texas/24-008749-003/2024(H5N1)	1004	5208
PB2|PP755596.1|A/cattle/Texas/24-008749-003/2024(H5N1)	1005	5212
PB2|PP755596.1|A/cattle/Texas/24-008749-003/2024(H5N1)	1006	5412
PB2|PP755596.1|A/cattle/Texas/24-008749-003/2024(H5N1)	1007	5342
PB2|PP755596.1|A/cattle/Texas/24-008749-003/2024(H5N1)	1008	5343
PB2|PP755596.1|A/cattle/Texas/24-008749-003/2024(H5N1)	1009	5335
PB2|PP755596.1|A/cattle/Texas/24-008749-003/2024(H5N1)	1010	5319
PB2|PP755596.1|A/cattle/Texas/24-008749-003/2024(H5N1)	1011	5297
PB2|PP755596.1|A/cattle/Texas/24-008749-003/2024(H5N1)	1012	5394
PB2|PP755596.1|A/cattle/Texas/24-008749-003/2024(H5N1)	1013	5374
PB2|PP755596.1|A/cattle/Texas/24-008749-003/2024(H5N1)	1014	5326
PB2|PP755596.1|A/cattle/Texas/24-008749-003/2024(H5N1)	1015	5324
PB2|PP755596.1|A/cattle/Texas/24-008749-003/2024(H5N1)	1016	5341
PB2|PP755596.1|A/cattle/Texas/24-008749-003/2024(H5N1)	1017	5344
PB2|PP755596.1|A/cattle/Texas/24-008749-003/2024(H5N1)	1018	5405
PB2|PP755596.1|A/cattle/Texas/24-008749-003/2024(H5N1)	1019	5403
PB2|PP755596.1|A/cattle/Texas/24-008749-003/2024(H5N1)	1020	5476
PB2|PP755596.1|A/cattle/Texas/24-008749-003/2024(H5N1)	1021	5425
PB2|PP755596.1|A/cattle/Texas/24-008749-003/2024(H5N1)	1022	5409
PB2|PP755596.1|A/cattle/Texas/24-008749-003/2024(H5N1)	1023	5329
PB2|PP755596.1|A/cattle/Texas/24-008749-003/2024(H5N1)	1024	5375
PB2|PP755596.1|A/cattle/Texas/24-008749-003/2024(H5N1)	1025	5450
PB2|PP755596.1|A/cattle/Texas/24-008749-003/2024(H5N1)	1026	5440
PB2|PP755596.1|A/cattle/Texas/24-008749-003/2024(H5N1)	1027	5460
PB2|PP755596.1|A/cattle/Texas/24-008749-003/2024(H5N1)	1028	5486
PB2|PP755596.1|A/cattle/Texas/24-008749-003/2024(H5N1)	1029	5371
PB2|PP755596.1|A/cattle/Texas/24-008749-003/2024(H5N1)	1030	5404
PB2|PP755596.1|A/cattle/Texas/24-008749-003/2024(H5N1)	1031	5343
PB2|PP755596.1|A/cattle/Texas/24-008749-003/2024(H5N1)	1032	5414
PB2|PP755596.1|A/cattle/Texas/24-008749-003/2024(H5N1)	1033	5346
PB2|PP755596.1|A/cattle/Texas/24-008749-003/2024(H5N1)	1034	5467
PB2|PP755596.1|A/cattle/Texas/24-008749-003/2024(H5N1)	1035	5470
PB2|PP755596.1|A/cattle/Texas/24-008749-003/2024(H5N1)	1036	5459
PB2|PP755596.1|A/cattle/Texas/24-008749-003/2024(H5N1)	1037	5449
PB2|PP755596.1|A/cattle/Texas/24-008749-003/2024(H5N1)	1038	5457
PB2|PP755596.1|A/cattle/Texas/24-008749-003/2024(H5N1)	1039	5437
PB2|PP755596.1|A/cattle/Texas/24-008749-003/2024(H5N1)	1040	5441
PB2|PP755596.1|A/cattle/Texas/24-008749-003/2024(H5N1)	1041	5357
PB2|PP755596.1|A/cattle/Texas/24-008749-003/2024(H5N1)	1042	5318
PB2|PP755596.1|A/cattle/Texas/24-008749-003/2024(H5N1)	1043	5325
PB2|PP755596.1|A/cattle/Texas/24-008749-003/2024(H5N1)	1044	5412
PB2|PP755596.1|A/cattle/Texas/24-008749-003/2024(H5N1)	1045	5444
PB2|PP755596.1|A/cattle/Texas/24-008749-003/2024(H5N1)	1046	5474
PB2|PP755596.1|A/cattle/Texas/24-008749-003/2024(H5N1)	1047	5459
PB2|PP755596.1|A/cattle/Texas/24-008749-003/2024(H5N1)	1048	5575
PB2|PP755596.1|A/cattle/Texas/24-008749-003/2024(H5N1)	1049	5574
PB2|PP755596.1|A/cattle/Texas/24-008749-003/2024(H5N1)	1050	5578
PB2|PP755596.1|A/cattle/Texas/24-008749-003/2024(H5N1)	1051	5556
PB2|PP755596.1|A/cattle/Texas/24-008749-003/2024(H5N1)	1052	5493
PB2|PP755596.1|A/cattle/Texas/24-008749-003/2024(H5N1)	1053	5411
PB2|PP755596.1|A/cattle/Texas/24-008749-003/2024(H5N1)	1054	5393
PB2|PP755596.1|A/cattle/Texas/24-008749-003/2024(H5N1)	1055	5388
PB2|PP755596.1|A/cattle/Texas/24-008749-003/2024(H5N1)	1056	5409
PB2|PP755596.1|A/cattle/Texas/24-008749-003/2024(H5N1)	1057	5411
PB2|PP755596.1|A/cattle/Texas/24-008749-003/2024(H5N1)	1058	5469
PB2|PP755596.1|A/cattle/Texas/24-008749-003/2024(H5N1)	1059	5465
PB2|PP755596.1|A/cattle/Texas/24-008749-003/2024(H5N1)	1060	5472
PB2|PP755596.1|A/cattle/Texas/24-008749-003/2024(H5N1)	1061	5402
PB2|PP755596.1|A/cattle/Texas/24-008749-003/2024(H5N1)	1062	5445
PB2|PP755596.1|A/cattle/Texas/24-008749-003/2024(H5N1)	1063	5360
PB2|PP755596.1|A/cattle/Texas/24-008749-003/2024(H5N1)	1064	5339
PB2|PP755596.1|A/cattle/Texas/24-008749-003/2024(H5N1)	1065	5312
PB2|PP755596.1|A/cattle/Texas/24-008749-003/2024(H5N1)	1066	5104
PB2|PP755596.1|A/cattle/Texas/24-008749-003/2024(H5N1)	1067	5173
PB2|PP755596.1|A/cattle/Texas/24-008749-003/2024(H5N1)	1068	5208
PB2|PP755596.1|A/cattle/Texas/24-008749-003/2024(H5N1)	1069	5515
PB2|PP755596.1|A/cattle/Texas/24-008749-003/2024(H5N1)	1070	5523
PB2|PP755596.1|A/cattle/Texas/24-008749-003/2024(H5N1)	1071	5531
PB2|PP755596.1|A/cattle/Texas/24-008749-003/2024(H5N1)	1072	5535
PB2|PP755596.1|A/cattle/Texas/24-008749-003/2024(H5N1)	1073	5576
PB2|PP755596.1|A/cattle/Texas/24-008749-003/2024(H5N1)	1074	5637
PB2|PP755596.1|A/cattle/Texas/24-008749-003/2024(H5N1)	1075	5735
PB2|PP755596.1|A/cattle/Texas/24-008749-003/2024(H5N1)	1076	5691
PB2|PP755596.1|A/cattle/Texas/24-008749-003/2024(H5N1)	1077	5677
PB2|PP755596.1|A/cattle/Texas/24-008749-003/2024(H5N1)	1078	5460
PB2|PP755596.1|A/cattle/Texas/24-008749-003/2024(H5N1)	1079	5510
PB2|PP755596.1|A/cattle/Texas/24-008749-003/2024(H5N1)	1080	5490
PB2|PP755596.1|A/cattle/Texas/24-008749-003/2024(H5N1)	1081	5474
PB2|PP755596.1|A/cattle/Texas/24-008749-003/2024(H5N1)	1082	5472
PB2|PP755596.1|A/cattle/Texas/24-008749-003/2024(H5N1)	1083	5401
PB2|PP755596.1|A/cattle/Texas/24-008749-003/2024(H5N1)	1084	5369
PB2|PP755596.1|A/cattle/Texas/24-008749-003/2024(H5N1)	1085	4999
PB2|PP755596.1|A/cattle/Texas/24-008749-003/2024(H5N1)	1086	5023
PB2|PP755596.1|A/cattle/Texas/24-008749-003/2024(H5N1)	1087	5152
PB2|PP755596.1|A/cattle/Texas/24-008749-003/2024(H5N1)	1088	5360
PB2|PP755596.1|A/cattle/Texas/24-008749-003/2024(H5N1)	1089	5398
PB2|PP755596.1|A/cattle/Texas/24-008749-003/2024(H5N1)	1090	5405
PB2|PP755596.1|A/cattle/Texas/24-008749-003/2024(H5N1)	1091	5405
PB2|PP755596.1|A/cattle/Texas/24-008749-003/2024(H5N1)	1092	5402
PB2|PP755596.1|A/cattle/Texas/24-008749-003/2024(H5N1)	1093	5426
PB2|PP755596.1|A/cattle/Texas/24-008749-003/2024(H5N1)	1094	5426
PB2|PP755596.1|A/cattle/Texas/24-008749-003/2024(H5N1)	1095	5500
PB2|PP755596.1|A/cattle/Texas/24-008749-003/2024(H5N1)	1096	5583
PB2|PP755596.1|A/cattle/Texas/24-008749-003/2024(H5N1)	1097	5498
PB2|PP755596.1|A/cattle/Texas/24-008749-003/2024(H5N1)	1098	5534
PB2|PP755596.1|A/cattle/Texas/24-008749-003/2024(H5N1)	1099	5533
PB2|PP755596.1|A/cattle/Texas/24-008749-003/2024(H5N1)	1100	5597
PB2|PP755596.1|A/cattle/Texas/24-008749-003/2024(H5N1)	1101	5604
PB2|PP755596.1|A/cattle/Texas/24-008749-003/2024(H5N1)	1102	5579
PB2|PP755596.1|A/cattle/Texas/24-008749-003/2024(H5N1)	1103	5620
PB2|PP755596.1|A/cattle/Texas/24-008749-003/2024(H5N1)	1104	5426
PB2|PP755596.1|A/cattle/Texas/24-008749-003/2024(H5N1)	1105	5303
PB2|PP755596.1|A/cattle/Texas/24-008749-003/2024(H5N1)	1106	5351
PB2|PP755596.1|A/cattle/Texas/24-008749-003/2024(H5N1)	1107	5344
PB2|PP755596.1|A/cattle/Texas/24-008749-003/2024(H5N1)	1108	5349
PB2|PP755596.1|A/cattle/Texas/24-008749-003/2024(H5N1)	1109	5369
PB2|PP755596.1|A/cattle/Texas/24-008749-003/2024(H5N1)	1110	5363
PB2|PP755596.1|A/cattle/Texas/24-008749-003/2024(H5N1)	1111	5404
PB2|PP755596.1|A/cattle/Texas/24-008749-003/2024(H5N1)	1112	5418
PB2|PP755596.1|A/cattle/Texas/24-008749-003/2024(H5N1)	1113	5419
PB2|PP755596.1|A/cattle/Texas/24-008749-003/2024(H5N1)	1114	5437
PB2|PP755596.1|A/cattle/Texas/24-008749-003/2024(H5N1)	1115	5269
PB2|PP755596.1|A/cattle/Texas/24-008749-003/2024(H5N1)	1116	5260
PB2|PP755596.1|A/cattle/Texas/24-008749-003/2024(H5N1)	1117	5423
PB2|PP755596.1|A/cattle/Texas/24-008749-003/2024(H5N1)	1118	5438
PB2|PP755596.1|A/cattle/Texas/24-008749-003/2024(H5N1)	1119	5442
PB2|PP755596.1|A/cattle/Texas/24-008749-003/2024(H5N1)	1120	5357
PB2|PP755596.1|A/cattle/Texas/24-008749-003/2024(H5N1)	1121	5338
PB2|PP755596.1|A/cattle/Texas/24-008749-003/2024(H5N1)	1122	5348
PB2|PP755596.1|A/cattle/Texas/24-008749-003/2024(H5N1)	1123	5340
PB2|PP755596.1|A/cattle/Texas/24-008749-003/2024(H5N1)	1124	5340
PB2|PP755596.1|A/cattle/Texas/24-008749-003/2024(H5N1)	1125	5346
PB2|PP755596.1|A/cattle/Texas/24-008749-003/2024(H5N1)	1126	5236
PB2|PP755596.1|A/cattle/Texas/24-008749-003/2024(H5N1)	1127	5202
PB2|PP755596.1|A/cattle/Texas/24-008749-003/2024(H5N1)	1128	5198
PB2|PP755596.1|A/cattle/Texas/24-008749-003/2024(H5N1)	1129	5221
PB2|PP755596.1|A/cattle/Texas/24-008749-003/2024(H5N1)	1130	5202
PB2|PP755596.1|A/cattle/Texas/24-008749-003/2024(H5N1)	1131	5184
PB2|PP755596.1|A/cattle/Texas/24-008749-003/2024(H5N1)	1132	5218
PB2|PP755596.1|A/cattle/Texas/24-008749-003/2024(H5N1)	1133	5479
PB2|PP755596.1|A/cattle/Texas/24-008749-003/2024(H5N1)	1134	5473
PB2|PP755596.1|A/cattle/Texas/24-008749-003/2024(H5N1)	1135	5454
PB2|PP755596.1|A/cattle/Texas/24-008749-003/2024(H5N1)	1136	5455
PB2|PP755596.1|A/cattle/Texas/24-008749-003/2024(H5N1)	1137	5423
PB2|PP755596.1|A/cattle/Texas/24-008749-003/2024(H5N1)	1138	5432
PB2|PP755596.1|A/cattle/Texas/24-008749-003/2024(H5N1)	1139	5460
PB2|PP755596.1|A/cattle/Texas/24-008749-003/2024(H5N1)	1140	5566
PB2|PP755596.1|A/cattle/Texas/24-008749-003/2024(H5N1)	1141	5568
PB2|PP755596.1|A/cattle/Texas/24-008749-003/2024(H5N1)	1142	5273
PB2|PP755596.1|A/cattle/Texas/24-008749-003/2024(H5N1)	1143	5301
PB2|PP755596.1|A/cattle/Texas/24-008749-003/2024(H5N1)	1144	5438
PB2|PP755596.1|A/cattle/Texas/24-008749-003/2024(H5N1)	1145	5431
PB2|PP755596.1|A/cattle/Texas/24-008749-003/2024(H5N1)	1146	5372
PB2|PP755596.1|A/cattle/Texas/24-008749-003/2024(H5N1)	1147	5349
PB2|PP755596.1|A/cattle/Texas/24-008749-003/2024(H5N1)	1148	5554
PB2|PP755596.1|A/cattle/Texas/24-008749-003/2024(H5N1)	1149	5544
PB2|PP755596.1|A/cattle/Texas/24-008749-003/2024(H5N1)	1150	5557
PB2|PP755596.1|A/cattle/Texas/24-008749-003/2024(H5N1)	1151	5618
PB2|PP755596.1|A/cattle/Texas/24-008749-003/2024(H5N1)	1152	5587
PB2|PP755596.1|A/cattle/Texas/24-008749-003/2024(H5N1)	1153	5595
PB2|PP755596.1|A/cattle/Texas/24-008749-003/2024(H5N1)	1154	5591
PB2|PP755596.1|A/cattle/Texas/24-008749-003/2024(H5N1)	1155	5565
PB2|PP755596.1|A/cattle/Texas/24-008749-003/2024(H5N1)	1156	5584
PB2|PP755596.1|A/cattle/Texas/24-008749-003/2024(H5N1)	1157	5427
PB2|PP755596.1|A/cattle/Texas/24-008749-003/2024(H5N1)	1158	5420
PB2|PP755596.1|A/cattle/Texas/24-008749-003/2024(H5N1)	1159	5420
PB2|PP755596.1|A/cattle/Texas/24-008749-003/2024(H5N1)	1160	5511
PB2|PP755596.1|A/cattle/Texas/24-008749-003/2024(H5N1)	1161	5531
PB2|PP755596.1|A/cattle/Texas/24-008749-003/2024(H5N1)	1162	5498
PB2|PP755596.1|A/cattle/Texas/24-008749-003/2024(H5N1)	1163	5436
PB2|PP755596.1|A/cattle/Texas/24-008749-003/2024(H5N1)	1164	5417
PB2|PP755596.1|A/cattle/Texas/24-008749-003/2024(H5N1)	1165	5410
PB2|PP755596.1|A/cattle/Texas/24-008749-003/2024(H5N1)	1166	5468
PB2|PP755596.1|A/cattle/Texas/24-008749-003/2024(H5N1)	1167	5498
PB2|PP755596.1|A/cattle/Texas/24-008749-003/2024(H5N1)	1168	5537
PB2|PP755596.1|A/cattle/Texas/24-008749-003/2024(H5N1)	1169	5557
PB2|PP755596.1|A/cattle/Texas/24-008749-003/2024(H5N1)	1170	5635
PB2|PP755596.1|A/cattle/Texas/24-008749-003/2024(H5N1)	1171	5643
PB2|PP755596.1|A/cattle/Texas/24-008749-003/2024(H5N1)	1172	5633
PB2|PP755596.1|A/cattle/Texas/24-008749-003/2024(H5N1)	1173	5629
PB2|PP755596.1|A/cattle/Texas/24-008749-003/2024(H5N1)	1174	5599
PB2|PP755596.1|A/cattle/Texas/24-008749-003/2024(H5N1)	1175	5523
PB2|PP755596.1|A/cattle/Texas/24-008749-003/2024(H5N1)	1176	5650
PB2|PP755596.1|A/cattle/Texas/24-008749-003/2024(H5N1)	1177	5614
PB2|PP755596.1|A/cattle/Texas/24-008749-003/2024(H5N1)	1178	5621
PB2|PP755596.1|A/cattle/Texas/24-008749-003/2024(H5N1)	1179	5620
PB2|PP755596.1|A/cattle/Texas/24-008749-003/2024(H5N1)	1180	5646
PB2|PP755596.1|A/cattle/Texas/24-008749-003/2024(H5N1)	1181	5621
PB2|PP755596.1|A/cattle/Texas/24-008749-003/2024(H5N1)	1182	5608
PB2|PP755596.1|A/cattle/Texas/24-008749-003/2024(H5N1)	1183	5553
PB2|PP755596.1|A/cattle/Texas/24-008749-003/2024(H5N1)	1184	5561
PB2|PP755596.1|A/cattle/Texas/24-008749-003/2024(H5N1)	1185	5397
PB2|PP755596.1|A/cattle/Texas/24-008749-003/2024(H5N1)	1186	5397
PB2|PP755596.1|A/cattle/Texas/24-008749-003/2024(H5N1)	1187	5392
PB2|PP755596.1|A/cattle/Texas/24-008749-003/2024(H5N1)	1188	5451
PB2|PP755596.1|A/cattle/Texas/24-008749-003/2024(H5N1)	1189	5455
PB2|PP755596.1|A/cattle/Texas/24-008749-003/2024(H5N1)	1190	5589
PB2|PP755596.1|A/cattle/Texas/24-008749-003/2024(H5N1)	1191	5584
PB2|PP755596.1|A/cattle/Texas/24-008749-003/2024(H5N1)	1192	5591
PB2|PP755596.1|A/cattle/Texas/24-008749-003/2024(H5N1)	1193	5595
PB2|PP755596.1|A/cattle/Texas/24-008749-003/2024(H5N1)	1194	5589
PB2|PP755596.1|A/cattle/Texas/24-008749-003/2024(H5N1)	1195	5568
PB2|PP755596.1|A/cattle/Texas/24-008749-003/2024(H5N1)	1196	5543
PB2|PP755596.1|A/cattle/Texas/24-008749-003/2024(H5N1)	1197	5481
PB2|PP755596.1|A/cattle/Texas/24-008749-003/2024(H5N1)	1198	5477
PB2|PP755596.1|A/cattle/Texas/24-008749-003/2024(H5N1)	1199	5339
PB2|PP755596.1|A/cattle/Texas/24-008749-003/2024(H5N1)	1200	5365
PB2|PP755596.1|A/cattle/Texas/24-008749-003/2024(H5N1)	1201	5391
PB2|PP755596.1|A/cattle/Texas/24-008749-003/2024(H5N1)	1202	5386
PB2|PP755596.1|A/cattle/Texas/24-008749-003/2024(H5N1)	1203	5371
PB2|PP755596.1|A/cattle/Texas/24-008749-003/2024(H5N1)	1204	5386
PB2|PP755596.1|A/cattle/Texas/24-008749-003/2024(H5N1)	1205	5405
PB2|PP755596.1|A/cattle/Texas/24-008749-003/2024(H5N1)	1206	5442
PB2|PP755596.1|A/cattle/Texas/24-008749-003/2024(H5N1)	1207	5465
PB2|PP755596.1|A/cattle/Texas/24-008749-003/2024(H5N1)	1208	5534
PB2|PP755596.1|A/cattle/Texas/24-008749-003/2024(H5N1)	1209	5559
PB2|PP755596.1|A/cattle/Texas/24-008749-003/2024(H5N1)	1210	5549
PB2|PP755596.1|A/cattle/Texas/24-008749-003/2024(H5N1)	1211	5611
PB2|PP755596.1|A/cattle/Texas/24-008749-003/2024(H5N1)	1212	5631
PB2|PP755596.1|A/cattle/Texas/24-008749-003/2024(H5N1)	1213	5585
PB2|PP755596.1|A/cattle/Texas/24-008749-003/2024(H5N1)	1214	5686
PB2|PP755596.1|A/cattle/Texas/24-008749-003/2024(H5N1)	1215	5705
PB2|PP755596.1|A/cattle/Texas/24-008749-003/2024(H5N1)	1216	5781
PB2|PP755596.1|A/cattle/Texas/24-008749-003/2024(H5N1)	1217	5800
PB2|PP755596.1|A/cattle/Texas/24-008749-003/2024(H5N1)	1218	5726
PB2|PP755596.1|A/cattle/Texas/24-008749-003/2024(H5N1)	1219	5697
PB2|PP755596.1|A/cattle/Texas/24-008749-003/2024(H5N1)	1220	5548
PB2|PP755596.1|A/cattle/Texas/24-008749-003/2024(H5N1)	1221	5619
PB2|PP755596.1|A/cattle/Texas/24-008749-003/2024(H5N1)	1222	5626
PB2|PP755596.1|A/cattle/Texas/24-008749-003/2024(H5N1)	1223	5499
PB2|PP755596.1|A/cattle/Texas/24-008749-003/2024(H5N1)	1224	5532
PB2|PP755596.1|A/cattle/Texas/24-008749-003/2024(H5N1)	1225	5406
PB2|PP755596.1|A/cattle/Texas/24-008749-003/2024(H5N1)	1226	5382
PB2|PP755596.1|A/cattle/Texas/24-008749-003/2024(H5N1)	1227	5212
PB2|PP755596.1|A/cattle/Texas/24-008749-003/2024(H5N1)	1228	5227
PB2|PP755596.1|A/cattle/Texas/24-008749-003/2024(H5N1)	1229	5269
PB2|PP755596.1|A/cattle/Texas/24-008749-003/2024(H5N1)	1230	5435
PB2|PP755596.1|A/cattle/Texas/24-008749-003/2024(H5N1)	1231	5452
PB2|PP755596.1|A/cattle/Texas/24-008749-003/2024(H5N1)	1232	5424
PB2|PP755596.1|A/cattle/Texas/24-008749-003/2024(H5N1)	1233	5402
PB2|PP755596.1|A/cattle/Texas/24-008749-003/2024(H5N1)	1234	5412
PB2|PP755596.1|A/cattle/Texas/24-008749-003/2024(H5N1)	1235	5388
PB2|PP755596.1|A/cattle/Texas/24-008749-003/2024(H5N1)	1236	5397
PB2|PP755596.1|A/cattle/Texas/24-008749-003/2024(H5N1)	1237	5372
PB2|PP755596.1|A/cattle/Texas/24-008749-003/2024(H5N1)	1238	5341
PB2|PP755596.1|A/cattle/Texas/24-008749-003/2024(H5N1)	1239	5188
PB2|PP755596.1|A/cattle/Texas/24-008749-003/2024(H5N1)	1240	5319
PB2|PP755596.1|A/cattle/Texas/24-008749-003/2024(H5N1)	1241	5505
PB2|PP755596.1|A/cattle/Texas/24-008749-003/2024(H5N1)	1242	5489
PB2|PP755596.1|A/cattle/Texas/24-008749-003/2024(H5N1)	1243	5577
PB2|PP755596.1|A/cattle/Texas/24-008749-003/2024(H5N1)	1244	5564
PB2|PP755596.1|A/cattle/Texas/24-008749-003/2024(H5N1)	1245	5577
PB2|PP755596.1|A/cattle/Texas/24-008749-003/2024(H5N1)	1246	5504
PB2|PP755596.1|A/cattle/Texas/24-008749-003/2024(H5N1)	1247	5439
PB2|PP755596.1|A/cattle/Texas/24-008749-003/2024(H5N1)	1248	5418
PB2|PP755596.1|A/cattle/Texas/24-008749-003/2024(H5N1)	1249	5398
PB2|PP755596.1|A/cattle/Texas/24-008749-003/2024(H5N1)	1250	5511
PB2|PP755596.1|A/cattle/Texas/24-008749-003/2024(H5N1)	1251	5506
PB2|PP755596.1|A/cattle/Texas/24-008749-003/2024(H5N1)	1252	5481
PB2|PP755596.1|A/cattle/Texas/24-008749-003/2024(H5N1)	1253	5460
PB2|PP755596.1|A/cattle/Texas/24-008749-003/2024(H5N1)	1254	5492
PB2|PP755596.1|A/cattle/Texas/24-008749-003/2024(H5N1)	1255	5530
PB2|PP755596.1|A/cattle/Texas/24-008749-003/2024(H5N1)	1256	5534
PB2|PP755596.1|A/cattle/Texas/24-008749-003/2024(H5N1)	1257	5490
PB2|PP755596.1|A/cattle/Texas/24-008749-003/2024(H5N1)	1258	5448
PB2|PP755596.1|A/cattle/Texas/24-008749-003/2024(H5N1)	1259	5448
PB2|PP755596.1|A/cattle/Texas/24-008749-003/2024(H5N1)	1260	5484
PB2|PP755596.1|A/cattle/Texas/24-008749-003/2024(H5N1)	1261	5487
PB2|PP755596.1|A/cattle/Texas/24-008749-003/2024(H5N1)	1262	5469
PB2|PP755596.1|A/cattle/Texas/24-008749-003/2024(H5N1)	1263	5466
PB2|PP755596.1|A/cattle/Texas/24-008749-003/2024(H5N1)	1264	5464
PB2|PP755596.1|A/cattle/Texas/24-008749-003/2024(H5N1)	1265	5465
PB2|PP755596.1|A/cattle/Texas/24-008749-003/2024(H5N1)	1266	5467
PB2|PP755596.1|A/cattle/Texas/24-008749-003/2024(H5N1)	1267	5451
PB2|PP755596.1|A/cattle/Texas/24-008749-003/2024(H5N1)	1268	5451
PB2|PP755596.1|A/cattle/Texas/24-008749-003/2024(H5N1)	1269	5516
PB2|PP755596.1|A/cattle/Texas/24-008749-003/2024(H5N1)	1270	5555
PB2|PP755596.1|A/cattle/Texas/24-008749-003/2024(H5N1)	1271	5552
PB2|PP755596.1|A/cattle/Texas/24-008749-003/2024(H5N1)	1272	5516
PB2|PP755596.1|A/cattle/Texas/24-008749-003/2024(H5N1)	1273	5535
PB2|PP755596.1|A/cattle/Texas/24-008749-003/2024(H5N1)	1274	5547
PB2|PP755596.1|A/cattle/Texas/24-008749-003/2024(H5N1)	1275	5556
PB2|PP755596.1|A/cattle/Texas/24-008749-003/2024(H5N1)	1276	5552
PB2|PP755596.1|A/cattle/Texas/24-008749-003/2024(H5N1)	1277	5411
PB2|PP755596.1|A/cattle/Texas/24-008749-003/2024(H5N1)	1278	5410
PB2|PP755596.1|A/cattle/Texas/24-008749-003/2024(H5N1)	1279	5491
PB2|PP755596.1|A/cattle/Texas/24-008749-003/2024(H5N1)	1280	5492
PB2|PP755596.1|A/cattle/Texas/24-008749-003/2024(H5N1)	1281	5693
PB2|PP755596.1|A/cattle/Texas/24-008749-003/2024(H5N1)	1282	5432
PB2|PP755596.1|A/cattle/Texas/24-008749-003/2024(H5N1)	1283	5415
PB2|PP755596.1|A/cattle/Texas/24-008749-003/2024(H5N1)	1284	5451
PB2|PP755596.1|A/cattle/Texas/24-008749-003/2024(H5N1)	1285	5464
PB2|PP755596.1|A/cattle/Texas/24-008749-003/2024(H5N1)	1286	5653
PB2|PP755596.1|A/cattle/Texas/24-008749-003/2024(H5N1)	1287	5651
PB2|PP755596.1|A/cattle/Texas/24-008749-003/2024(H5N1)	1288	5921
PB2|PP755596.1|A/cattle/Texas/24-008749-003/2024(H5N1)	1289	5900
PB2|PP755596.1|A/cattle/Texas/24-008749-003/2024(H5N1)	1290	5757
PB2|PP755596.1|A/cattle/Texas/24-008749-003/2024(H5N1)	1291	5765
PB2|PP755596.1|A/cattle/Texas/24-008749-003/2024(H5N1)	1292	5762
PB2|PP755596.1|A/cattle/Texas/24-008749-003/2024(H5N1)	1293	5774
PB2|PP755596.1|A/cattle/Texas/24-008749-003/2024(H5N1)	1294	5735
PB2|PP755596.1|A/cattle/Texas/24-008749-003/2024(H5N1)	1295	5582
PB2|PP755596.1|A/cattle/Texas/24-008749-003/2024(H5N1)	1296	5591
PB2|PP755596.1|A/cattle/Texas/24-008749-003/2024(H5N1)	1297	5584
PB2|PP755596.1|A/cattle/Texas/24-008749-003/2024(H5N1)	1298	5576
PB2|PP755596.1|A/cattle/Texas/24-008749-003/2024(H5N1)	1299	5480
PB2|PP755596.1|A/cattle/Texas/24-008749-003/2024(H5N1)	1300	5507
PB2|PP755596.1|A/cattle/Texas/24-008749-003/2024(H5N1)	1301	5551
PB2|PP755596.1|A/cattle/Texas/24-008749-003/2024(H5N1)	1302	5516
PB2|PP755596.1|A/cattle/Texas/24-008749-003/2024(H5N1)	1303	5523
PB2|PP755596.1|A/cattle/Texas/24-008749-003/2024(H5N1)	1304	5548
PB2|PP755596.1|A/cattle/Texas/24-008749-003/2024(H5N1)	1305	5542
PB2|PP755596.1|A/cattle/Texas/24-008749-003/2024(H5N1)	1306	5542
PB2|PP755596.1|A/cattle/Texas/24-008749-003/2024(H5N1)	1307	5526
PB2|PP755596.1|A/cattle/Texas/24-008749-003/2024(H5N1)	1308	5429
PB2|PP755596.1|A/cattle/Texas/24-008749-003/2024(H5N1)	1309	5457
PB2|PP755596.1|A/cattle/Texas/24-008749-003/2024(H5N1)	1310	5437
PB2|PP755596.1|A/cattle/Texas/24-008749-003/2024(H5N1)	1311	5590
PB2|PP755596.1|A/cattle/Texas/24-008749-003/2024(H5N1)	1312	5612
PB2|PP755596.1|A/cattle/Texas/24-008749-003/2024(H5N1)	1313	5635
PB2|PP755596.1|A/cattle/Texas/24-008749-003/2024(H5N1)	1314	5772
PB2|PP755596.1|A/cattle/Texas/24-008749-003/2024(H5N1)	1315	5771
PB2|PP755596.1|A/cattle/Texas/24-008749-003/2024(H5N1)	1316	5737
PB2|PP755596.1|A/cattle/Texas/24-008749-003/2024(H5N1)	1317	5740
PB2|PP755596.1|A/cattle/Texas/24-008749-003/2024(H5N1)	1318	5716
PB2|PP755596.1|A/cattle/Texas/24-008749-003/2024(H5N1)	1319	5682
PB2|PP755596.1|A/cattle/Texas/24-008749-003/2024(H5N1)	1320	5615
PB2|PP755596.1|A/cattle/Texas/24-008749-003/2024(H5N1)	1321	5471
PB2|PP755596.1|A/cattle/Texas/24-008749-003/2024(H5N1)	1322	6188
PB2|PP755596.1|A/cattle/Texas/24-008749-003/2024(H5N1)	1323	6184
PB2|PP755596.1|A/cattle/Texas/24-008749-003/2024(H5N1)	1324	6186
PB2|PP755596.1|A/cattle/Texas/24-008749-003/2024(H5N1)	1325	6257
PB2|PP755596.1|A/cattle/Texas/24-008749-003/2024(H5N1)	1326	6265
PB2|PP755596.1|A/cattle/Texas/24-008749-003/2024(H5N1)	1327	6313
PB2|PP755596.1|A/cattle/Texas/24-008749-003/2024(H5N1)	1328	6308
PB2|PP755596.1|A/cattle/Texas/24-008749-003/2024(H5N1)	1329	6271
PB2|PP755596.1|A/cattle/Texas/24-008749-003/2024(H5N1)	1330	6281
PB2|PP755596.1|A/cattle/Texas/24-008749-003/2024(H5N1)	1331	6242
PB2|PP755596.1|A/cattle/Texas/24-008749-003/2024(H5N1)	1332	6236
PB2|PP755596.1|A/cattle/Texas/24-008749-003/2024(H5N1)	1333	6264
PB2|PP755596.1|A/cattle/Texas/24-008749-003/2024(H5N1)	1334	6245
PB2|PP755596.1|A/cattle/Texas/24-008749-003/2024(H5N1)	1335	6253
PB2|PP755596.1|A/cattle/Texas/24-008749-003/2024(H5N1)	1336	6384
PB2|PP755596.1|A/cattle/Texas/24-008749-003/2024(H5N1)	1337	6388
PB2|PP755596.1|A/cattle/Texas/24-008749-003/2024(H5N1)	1338	6337
PB2|PP755596.1|A/cattle/Texas/24-008749-003/2024(H5N1)	1339	6330
PB2|PP755596.1|A/cattle/Texas/24-008749-003/2024(H5N1)	1340	6330
PB2|PP755596.1|A/cattle/Texas/24-008749-003/2024(H5N1)	1341	6343
PB2|PP755596.1|A/cattle/Texas/24-008749-003/2024(H5N1)	1342	6348
PB2|PP755596.1|A/cattle/Texas/24-008749-003/2024(H5N1)	1343	6392
PB2|PP755596.1|A/cattle/Texas/24-008749-003/2024(H5N1)	1344	6388
PB2|PP755596.1|A/cattle/Texas/24-008749-003/2024(H5N1)	1345	6363
PB2|PP755596.1|A/cattle/Texas/24-008749-003/2024(H5N1)	1346	6342
PB2|PP755596.1|A/cattle/Texas/24-008749-003/2024(H5N1)	1347	6340
PB2|PP755596.1|A/cattle/Texas/24-008749-003/2024(H5N1)	1348	6342
PB2|PP755596.1|A/cattle/Texas/24-008749-003/2024(H5N1)	1349	6408
PB2|PP755596.1|A/cattle/Texas/24-008749-003/2024(H5N1)	1350	6393
PB2|PP755596.1|A/cattle/Texas/24-008749-003/2024(H5N1)	1351	6417
PB2|PP755596.1|A/cattle/Texas/24-008749-003/2024(H5N1)	1352	6386
PB2|PP755596.1|A/cattle/Texas/24-008749-003/2024(H5N1)	1353	6378
PB2|PP755596.1|A/cattle/Texas/24-008749-003/2024(H5N1)	1354	6377
PB2|PP755596.1|A/cattle/Texas/24-008749-003/2024(H5N1)	1355	6305
PB2|PP755596.1|A/cattle/Texas/24-008749-003/2024(H5N1)	1356	6308
PB2|PP755596.1|A/cattle/Texas/24-008749-003/2024(H5N1)	1357	6290
PB2|PP755596.1|A/cattle/Texas/24-008749-003/2024(H5N1)	1358	6253
PB2|PP755596.1|A/cattle/Texas/24-008749-003/2024(H5N1)	1359	6247
PB2|PP755596.1|A/cattle/Texas/24-008749-003/2024(H5N1)	1360	6205
PB2|PP755596.1|A/cattle/Texas/24-008749-003/2024(H5N1)	1361	6239
PB2|PP755596.1|A/cattle/Texas/24-008749-003/2024(H5N1)	1362	6179
PB2|PP755596.1|A/cattle/Texas/24-008749-003/2024(H5N1)	1363	6163
PB2|PP755596.1|A/cattle/Texas/24-008749-003/2024(H5N1)	1364	6158
PB2|PP755596.1|A/cattle/Texas/24-008749-003/2024(H5N1)	1365	6069
PB2|PP755596.1|A/cattle/Texas/24-008749-003/2024(H5N1)	1366	5987
PB2|PP755596.1|A/cattle/Texas/24-008749-003/2024(H5N1)	1367	5906
PB2|PP755596.1|A/cattle/Texas/24-008749-003/2024(H5N1)	1368	5923
PB2|PP755596.1|A/cattle/Texas/24-008749-003/2024(H5N1)	1369	5941
PB2|PP755596.1|A/cattle/Texas/24-008749-003/2024(H5N1)	1370	5917
PB2|PP755596.1|A/cattle/Texas/24-008749-003/2024(H5N1)	1371	5937
PB2|PP755596.1|A/cattle/Texas/24-008749-003/2024(H5N1)	1372	5860
PB2|PP755596.1|A/cattle/Texas/24-008749-003/2024(H5N1)	1373	5859
PB2|PP755596.1|A/cattle/Texas/24-008749-003/2024(H5N1)	1374	5861
PB2|PP755596.1|A/cattle/Texas/24-008749-003/2024(H5N1)	1375	5843
PB2|PP755596.1|A/cattle/Texas/24-008749-003/2024(H5N1)	1376	5828
PB2|PP755596.1|A/cattle/Texas/24-008749-003/2024(H5N1)	1377	5781
PB2|PP755596.1|A/cattle/Texas/24-008749-003/2024(H5N1)	1378	5761
PB2|PP755596.1|A/cattle/Texas/24-008749-003/2024(H5N1)	1379	5745
PB2|PP755596.1|A/cattle/Texas/24-008749-003/2024(H5N1)	1380	5796
PB2|PP755596.1|A/cattle/Texas/24-008749-003/2024(H5N1)	1381	5588
PB2|PP755596.1|A/cattle/Texas/24-008749-003/2024(H5N1)	1382	5716
PB2|PP755596.1|A/cattle/Texas/24-008749-003/2024(H5N1)	1383	5701
PB2|PP755596.1|A/cattle/Texas/24-008749-003/2024(H5N1)	1384	5683
PB2|PP755596.1|A/cattle/Texas/24-008749-003/2024(H5N1)	1385	5852
PB2|PP755596.1|A/cattle/Texas/24-008749-003/2024(H5N1)	1386	5817
PB2|PP755596.1|A/cattle/Texas/24-008749-003/2024(H5N1)	1387	5964
PB2|PP755596.1|A/cattle/Texas/24-008749-003/2024(H5N1)	1388	5963
PB2|PP755596.1|A/cattle/Texas/24-008749-003/2024(H5N1)	1389	6080
PB2|PP755596.1|A/cattle/Texas/24-008749-003/2024(H5N1)	1390	5943
PB2|PP755596.1|A/cattle/Texas/24-008749-003/2024(H5N1)	1391	5840
PB2|PP755596.1|A/cattle/Texas/24-008749-003/2024(H5N1)	1392	5952
PB2|PP755596.1|A/cattle/Texas/24-008749-003/2024(H5N1)	1393	5959
PB2|PP755596.1|A/cattle/Texas/24-008749-003/2024(H5N1)	1394	5858
PB2|PP755596.1|A/cattle/Texas/24-008749-003/2024(H5N1)	1395	5839
PB2|PP755596.1|A/cattle/Texas/24-008749-003/2024(H5N1)	1396	5840
PB2|PP755596.1|A/cattle/Texas/24-008749-003/2024(H5N1)	1397	5880
PB2|PP755596.1|A/cattle/Texas/24-008749-003/2024(H5N1)	1398	5886
PB2|PP755596.1|A/cattle/Texas/24-008749-003/2024(H5N1)	1399	5898
PB2|PP755596.1|A/cattle/Texas/24-008749-003/2024(H5N1)	1400	5802
PB2|PP755596.1|A/cattle/Texas/24-008749-003/2024(H5N1)	1401	5702
PB2|PP755596.1|A/cattle/Texas/24-008749-003/2024(H5N1)	1402	5729
PB2|PP755596.1|A/cattle/Texas/24-008749-003/2024(H5N1)	1403	5725
PB2|PP755596.1|A/cattle/Texas/24-008749-003/2024(H5N1)	1404	5740
PB2|PP755596.1|A/cattle/Texas/24-008749-003/2024(H5N1)	1405	5733
PB2|PP755596.1|A/cattle/Texas/24-008749-003/2024(H5N1)	1406	5687
PB2|PP755596.1|A/cattle/Texas/24-008749-003/2024(H5N1)	1407	5687
PB2|PP755596.1|A/cattle/Texas/24-008749-003/2024(H5N1)	1408	5688
PB2|PP755596.1|A/cattle/Texas/24-008749-003/2024(H5N1)	1409	5752
PB2|PP755596.1|A/cattle/Texas/24-008749-003/2024(H5N1)	1410	5780
PB2|PP755596.1|A/cattle/Texas/24-008749-003/2024(H5N1)	1411	5729
PB2|PP755596.1|A/cattle/Texas/24-008749-003/2024(H5N1)	1412	5743
PB2|PP755596.1|A/cattle/Texas/24-008749-003/2024(H5N1)	1413	5674
PB2|PP755596.1|A/cattle/Texas/24-008749-003/2024(H5N1)	1414	5678
PB2|PP755596.1|A/cattle/Texas/24-008749-003/2024(H5N1)	1415	5709
PB2|PP755596.1|A/cattle/Texas/24-008749-003/2024(H5N1)	1416	5712
PB2|PP755596.1|A/cattle/Texas/24-008749-003/2024(H5N1)	1417	5723
PB2|PP755596.1|A/cattle/Texas/24-008749-003/2024(H5N1)	1418	5643
PB2|PP755596.1|A/cattle/Texas/24-008749-003/2024(H5N1)	1419	5539
PB2|PP755596.1|A/cattle/Texas/24-008749-003/2024(H5N1)	1420	5580
PB2|PP755596.1|A/cattle/Texas/24-008749-003/2024(H5N1)	1421	5609
PB2|PP755596.1|A/cattle/Texas/24-008749-003/2024(H5N1)	1422	5609
PB2|PP755596.1|A/cattle/Texas/24-008749-003/2024(H5N1)	1423	5603
PB2|PP755596.1|A/cattle/Texas/24-008749-003/2024(H5N1)	1424	5580
PB2|PP755596.1|A/cattle/Texas/24-008749-003/2024(H5N1)	1425	5582
PB2|PP755596.1|A/cattle/Texas/24-008749-003/2024(H5N1)	1426	5589
PB2|PP755596.1|A/cattle/Texas/24-008749-003/2024(H5N1)	1427	5599
PB2|PP755596.1|A/cattle/Texas/24-008749-003/2024(H5N1)	1428	5665
PB2|PP755596.1|A/cattle/Texas/24-008749-003/2024(H5N1)	1429	5567
PB2|PP755596.1|A/cattle/Texas/24-008749-003/2024(H5N1)	1430	5918
PB2|PP755596.1|A/cattle/Texas/24-008749-003/2024(H5N1)	1431	5921
PB2|PP755596.1|A/cattle/Texas/24-008749-003/2024(H5N1)	1432	5767
PB2|PP755596.1|A/cattle/Texas/24-008749-003/2024(H5N1)	1433	5768
PB2|PP755596.1|A/cattle/Texas/24-008749-003/2024(H5N1)	1434	5757
PB2|PP755596.1|A/cattle/Texas/24-008749-003/2024(H5N1)	1435	5723
PB2|PP755596.1|A/cattle/Texas/24-008749-003/2024(H5N1)	1436	5732
PB2|PP755596.1|A/cattle/Texas/24-008749-003/2024(H5N1)	1437	5586
PB2|PP755596.1|A/cattle/Texas/24-008749-003/2024(H5N1)	1438	5594
PB2|PP755596.1|A/cattle/Texas/24-008749-003/2024(H5N1)	1439	5275
PB2|PP755596.1|A/cattle/Texas/24-008749-003/2024(H5N1)	1440	5298
PB2|PP755596.1|A/cattle/Texas/24-008749-003/2024(H5N1)	1441	5292
PB2|PP755596.1|A/cattle/Texas/24-008749-003/2024(H5N1)	1442	5305
PB2|PP755596.1|A/cattle/Texas/24-008749-003/2024(H5N1)	1443	5337
PB2|PP755596.1|A/cattle/Texas/24-008749-003/2024(H5N1)	1444	5325
PB2|PP755596.1|A/cattle/Texas/24-008749-003/2024(H5N1)	1445	5304
PB2|PP755596.1|A/cattle/Texas/24-008749-003/2024(H5N1)	1446	5356
PB2|PP755596.1|A/cattle/Texas/24-008749-003/2024(H5N1)	1447	5413
PB2|PP755596.1|A/cattle/Texas/24-008749-003/2024(H5N1)	1448	5409
PB2|PP755596.1|A/cattle/Texas/24-008749-003/2024(H5N1)	1449	5379
PB2|PP755596.1|A/cattle/Texas/24-008749-003/2024(H5N1)	1450	5290
PB2|PP755596.1|A/cattle/Texas/24-008749-003/2024(H5N1)	1451	5337
PB2|PP755596.1|A/cattle/Texas/24-008749-003/2024(H5N1)	1452	5288
PB2|PP755596.1|A/cattle/Texas/24-008749-003/2024(H5N1)	1453	5295
PB2|PP755596.1|A/cattle/Texas/24-008749-003/2024(H5N1)	1454	5304
PB2|PP755596.1|A/cattle/Texas/24-008749-003/2024(H5N1)	1455	5255
PB2|PP755596.1|A/cattle/Texas/24-008749-003/2024(H5N1)	1456	5321
PB2|PP755596.1|A/cattle/Texas/24-008749-003/2024(H5N1)	1457	5335
PB2|PP755596.1|A/cattle/Texas/24-008749-003/2024(H5N1)	1458	5365
PB2|PP755596.1|A/cattle/Texas/24-008749-003/2024(H5N1)	1459	5406
PB2|PP755596.1|A/cattle/Texas/24-008749-003/2024(H5N1)	1460	5332
PB2|PP755596.1|A/cattle/Texas/24-008749-003/2024(H5N1)	1461	5341
PB2|PP755596.1|A/cattle/Texas/24-008749-003/2024(H5N1)	1462	5177
PB2|PP755596.1|A/cattle/Texas/24-008749-003/2024(H5N1)	1463	5155
PB2|PP755596.1|A/cattle/Texas/24-008749-003/2024(H5N1)	1464	5883
PB2|PP755596.1|A/cattle/Texas/24-008749-003/2024(H5N1)	1465	5727
PB2|PP755596.1|A/cattle/Texas/24-008749-003/2024(H5N1)	1466	5809
PB2|PP755596.1|A/cattle/Texas/24-008749-003/2024(H5N1)	1467	5808
PB2|PP755596.1|A/cattle/Texas/24-008749-003/2024(H5N1)	1468	5750
PB2|PP755596.1|A/cattle/Texas/24-008749-003/2024(H5N1)	1469	5860
PB2|PP755596.1|A/cattle/Texas/24-008749-003/2024(H5N1)	1470	5851
PB2|PP755596.1|A/cattle/Texas/24-008749-003/2024(H5N1)	1471	5819
PB2|PP755596.1|A/cattle/Texas/24-008749-003/2024(H5N1)	1472	5787
PB2|PP755596.1|A/cattle/Texas/24-008749-003/2024(H5N1)	1473	5010
PB2|PP755596.1|A/cattle/Texas/24-008749-003/2024(H5N1)	1474	5043
PB2|PP755596.1|A/cattle/Texas/24-008749-003/2024(H5N1)	1475	5043
PB2|PP755596.1|A/cattle/Texas/24-008749-003/2024(H5N1)	1476	5023
PB2|PP755596.1|A/cattle/Texas/24-008749-003/2024(H5N1)	1477	5074
PB2|PP755596.1|A/cattle/Texas/24-008749-003/2024(H5N1)	1478	5044
PB2|PP755596.1|A/cattle/Texas/24-008749-003/2024(H5N1)	1479	5053
PB2|PP755596.1|A/cattle/Texas/24-008749-003/2024(H5N1)	1480	5070
PB2|PP755596.1|A/cattle/Texas/24-008749-003/2024(H5N1)	1481	5234
PB2|PP755596.1|A/cattle/Texas/24-008749-003/2024(H5N1)	1482	5235
PB2|PP755596.1|A/cattle/Texas/24-008749-003/2024(H5N1)	1483	5412
PB2|PP755596.1|A/cattle/Texas/24-008749-003/2024(H5N1)	1484	5394
PB2|PP755596.1|A/cattle/Texas/24-008749-003/2024(H5N1)	1485	5429
PB2|PP755596.1|A/cattle/Texas/24-008749-003/2024(H5N1)	1486	5432
PB2|PP755596.1|A/cattle/Texas/24-008749-003/2024(H5N1)	1487	5345
PB2|PP755596.1|A/cattle/Texas/24-008749-003/2024(H5N1)	1488	5341
PB2|PP755596.1|A/cattle/Texas/24-008749-003/2024(H5N1)	1489	5342
PB2|PP755596.1|A/cattle/Texas/24-008749-003/2024(H5N1)	1490	5348
PB2|PP755596.1|A/cattle/Texas/24-008749-003/2024(H5N1)	1491	5538
PB2|PP755596.1|A/cattle/Texas/24-008749-003/2024(H5N1)	1492	5390
PB2|PP755596.1|A/cattle/Texas/24-008749-003/2024(H5N1)	1493	5388
PB2|PP755596.1|A/cattle/Texas/24-008749-003/2024(H5N1)	1494	5330
PB2|PP755596.1|A/cattle/Texas/24-008749-003/2024(H5N1)	1495	5331
PB2|PP755596.1|A/cattle/Texas/24-008749-003/2024(H5N1)	1496	5617
PB2|PP755596.1|A/cattle/Texas/24-008749-003/2024(H5N1)	1497	5618
PB2|PP755596.1|A/cattle/Texas/24-008749-003/2024(H5N1)	1498	5616
PB2|PP755596.1|A/cattle/Texas/24-008749-003/2024(H5N1)	1499	5610
PB2|PP755596.1|A/cattle/Texas/24-008749-003/2024(H5N1)	1500	5650
PB2|PP755596.1|A/cattle/Texas/24-008749-003/2024(H5N1)	1501	5799
PB2|PP755596.1|A/cattle/Texas/24-008749-003/2024(H5N1)	1502	5768
PB2|PP755596.1|A/cattle/Texas/24-008749-003/2024(H5N1)	1503	5832
PB2|PP755596.1|A/cattle/Texas/24-008749-003/2024(H5N1)	1504	5845
PB2|PP755596.1|A/cattle/Texas/24-008749-003/2024(H5N1)	1505	5845
PB2|PP755596.1|A/cattle/Texas/24-008749-003/2024(H5N1)	1506	5852
PB2|PP755596.1|A/cattle/Texas/24-008749-003/2024(H5N1)	1507	5832
PB2|PP755596.1|A/cattle/Texas/24-008749-003/2024(H5N1)	1508	5793
PB2|PP755596.1|A/cattle/Texas/24-008749-003/2024(H5N1)	1509	5730
PB2|PP755596.1|A/cattle/Texas/24-008749-003/2024(H5N1)	1510	5752
PB2|PP755596.1|A/cattle/Texas/24-008749-003/2024(H5N1)	1511	5764
PB2|PP755596.1|A/cattle/Texas/24-008749-003/2024(H5N1)	1512	5754
PB2|PP755596.1|A/cattle/Texas/24-008749-003/2024(H5N1)	1513	5749
PB2|PP755596.1|A/cattle/Texas/24-008749-003/2024(H5N1)	1514	5749
PB2|PP755596.1|A/cattle/Texas/24-008749-003/2024(H5N1)	1515	5754
PB2|PP755596.1|A/cattle/Texas/24-008749-003/2024(H5N1)	1516	5744
PB2|PP755596.1|A/cattle/Texas/24-008749-003/2024(H5N1)	1517	5740
PB2|PP755596.1|A/cattle/Texas/24-008749-003/2024(H5N1)	1518	5766
PB2|PP755596.1|A/cattle/Texas/24-008749-003/2024(H5N1)	1519	5717
PB2|PP755596.1|A/cattle/Texas/24-008749-003/2024(H5N1)	1520	5696
PB2|PP755596.1|A/cattle/Texas/24-008749-003/2024(H5N1)	1521	5703
PB2|PP755596.1|A/cattle/Texas/24-008749-003/2024(H5N1)	1522	5686
PB2|PP755596.1|A/cattle/Texas/24-008749-003/2024(H5N1)	1523	5682
PB2|PP755596.1|A/cattle/Texas/24-008749-003/2024(H5N1)	1524	5720
PB2|PP755596.1|A/cattle/Texas/24-008749-003/2024(H5N1)	1525	5704
PB2|PP755596.1|A/cattle/Texas/24-008749-003/2024(H5N1)	1526	5751
PB2|PP755596.1|A/cattle/Texas/24-008749-003/2024(H5N1)	1527	5794
PB2|PP755596.1|A/cattle/Texas/24-008749-003/2024(H5N1)	1528	5787
PB2|PP755596.1|A/cattle/Texas/24-008749-003/2024(H5N1)	1529	6015
PB2|PP755596.1|A/cattle/Texas/24-008749-003/2024(H5N1)	1530	6003
PB2|PP755596.1|A/cattle/Texas/24-008749-003/2024(H5N1)	1531	6271
PB2|PP755596.1|A/cattle/Texas/24-008749-003/2024(H5N1)	1532	6264
PB2|PP755596.1|A/cattle/Texas/24-008749-003/2024(H5N1)	1533	6126
PB2|PP755596.1|A/cattle/Texas/24-008749-003/2024(H5N1)	1534	6044
PB2|PP755596.1|A/cattle/Texas/24-008749-003/2024(H5N1)	1535	5996
PB2|PP755596.1|A/cattle/Texas/24-008749-003/2024(H5N1)	1536	6045
PB2|PP755596.1|A/cattle/Texas/24-008749-003/2024(H5N1)	1537	6026
PB2|PP755596.1|A/cattle/Texas/24-008749-003/2024(H5N1)	1538	5842
PB2|PP755596.1|A/cattle/Texas/24-008749-003/2024(H5N1)	1539	5848
PB2|PP755596.1|A/cattle/Texas/24-008749-003/2024(H5N1)	1540	5566
PB2|PP755596.1|A/cattle/Texas/24-008749-003/2024(H5N1)	1541	5661
PB2|PP755596.1|A/cattle/Texas/24-008749-003/2024(H5N1)	1542	5671
PB2|PP755596.1|A/cattle/Texas/24-008749-003/2024(H5N1)	1543	5605
PB2|PP755596.1|A/cattle/Texas/24-008749-003/2024(H5N1)	1544	5613
PB2|PP755596.1|A/cattle/Texas/24-008749-003/2024(H5N1)	1545	5570
PB2|PP755596.1|A/cattle/Texas/24-008749-003/2024(H5N1)	1546	5587
PB2|PP755596.1|A/cattle/Texas/24-008749-003/2024(H5N1)	1547	5586
PB2|PP755596.1|A/cattle/Texas/24-008749-003/2024(H5N1)	1548	5556
PB2|PP755596.1|A/cattle/Texas/24-008749-003/2024(H5N1)	1549	5556
PB2|PP755596.1|A/cattle/Texas/24-008749-003/2024(H5N1)	1550	5580
PB2|PP755596.1|A/cattle/Texas/24-008749-003/2024(H5N1)	1551	5658
PB2|PP755596.1|A/cattle/Texas/24-008749-003/2024(H5N1)	1552	5709
PB2|PP755596.1|A/cattle/Texas/24-008749-003/2024(H5N1)	1553	5657
PB2|PP755596.1|A/cattle/Texas/24-008749-003/2024(H5N1)	1554	5648
PB2|PP755596.1|A/cattle/Texas/24-008749-003/2024(H5N1)	1555	5627
PB2|PP755596.1|A/cattle/Texas/24-008749-003/2024(H5N1)	1556	5675
PB2|PP755596.1|A/cattle/Texas/24-008749-003/2024(H5N1)	1557	5700
PB2|PP755596.1|A/cattle/Texas/24-008749-003/2024(H5N1)	1558	5696
PB2|PP755596.1|A/cattle/Texas/24-008749-003/2024(H5N1)	1559	5721
PB2|PP755596.1|A/cattle/Texas/24-008749-003/2024(H5N1)	1560	5611
PB2|PP755596.1|A/cattle/Texas/24-008749-003/2024(H5N1)	1561	5698
PB2|PP755596.1|A/cattle/Texas/24-008749-003/2024(H5N1)	1562	5708
PB2|PP755596.1|A/cattle/Texas/24-008749-003/2024(H5N1)	1563	5722
PB2|PP755596.1|A/cattle/Texas/24-008749-003/2024(H5N1)	1564	5738
PB2|PP755596.1|A/cattle/Texas/24-008749-003/2024(H5N1)	1565	5718
PB2|PP755596.1|A/cattle/Texas/24-008749-003/2024(H5N1)	1566	5708
PB2|PP755596.1|A/cattle/Texas/24-008749-003/2024(H5N1)	1567	5714
PB2|PP755596.1|A/cattle/Texas/24-008749-003/2024(H5N1)	1568	5978
PB2|PP755596.1|A/cattle/Texas/24-008749-003/2024(H5N1)	1569	6049
PB2|PP755596.1|A/cattle/Texas/24-008749-003/2024(H5N1)	1570	6016
PB2|PP755596.1|A/cattle/Texas/24-008749-003/2024(H5N1)	1571	5978
PB2|PP755596.1|A/cattle/Texas/24-008749-003/2024(H5N1)	1572	5954
PB2|PP755596.1|A/cattle/Texas/24-008749-003/2024(H5N1)	1573	5979
PB2|PP755596.1|A/cattle/Texas/24-008749-003/2024(H5N1)	1574	6093
PB2|PP755596.1|A/cattle/Texas/24-008749-003/2024(H5N1)	1575	6101
PB2|PP755596.1|A/cattle/Texas/24-008749-003/2024(H5N1)	1576	6119
PB2|PP755596.1|A/cattle/Texas/24-008749-003/2024(H5N1)	1577	6023
PB2|PP755596.1|A/cattle/Texas/24-008749-003/2024(H5N1)	1578	6030
PB2|PP755596.1|A/cattle/Texas/24-008749-003/2024(H5N1)	1579	5740
PB2|PP755596.1|A/cattle/Texas/24-008749-003/2024(H5N1)	1580	5732
PB2|PP755596.1|A/cattle/Texas/24-008749-003/2024(H5N1)	1581	5767
PB2|PP755596.1|A/cattle/Texas/24-008749-003/2024(H5N1)	1582	5750
PB2|PP755596.1|A/cattle/Texas/24-008749-003/2024(H5N1)	1583	5750
PB2|PP755596.1|A/cattle/Texas/24-008749-003/2024(H5N1)	1584	5760
PB2|PP755596.1|A/cattle/Texas/24-008749-003/2024(H5N1)	1585	5802
PB2|PP755596.1|A/cattle/Texas/24-008749-003/2024(H5N1)	1586	5870
PB2|PP755596.1|A/cattle/Texas/24-008749-003/2024(H5N1)	1587	5916
PB2|PP755596.1|A/cattle/Texas/24-008749-003/2024(H5N1)	1588	5919
PB2|PP755596.1|A/cattle/Texas/24-008749-003/2024(H5N1)	1589	5911
PB2|PP755596.1|A/cattle/Texas/24-008749-003/2024(H5N1)	1590	5883
PB2|PP755596.1|A/cattle/Texas/24-008749-003/2024(H5N1)	1591	5906
PB2|PP755596.1|A/cattle/Texas/24-008749-003/2024(H5N1)	1592	5898
PB2|PP755596.1|A/cattle/Texas/24-008749-003/2024(H5N1)	1593	5921
PB2|PP755596.1|A/cattle/Texas/24-008749-003/2024(H5N1)	1594	5899
PB2|PP755596.1|A/cattle/Texas/24-008749-003/2024(H5N1)	1595	6010
PB2|PP755596.1|A/cattle/Texas/24-008749-003/2024(H5N1)	1596	5959
PB2|PP755596.1|A/cattle/Texas/24-008749-003/2024(H5N1)	1597	6001
PB2|PP755596.1|A/cattle/Texas/24-008749-003/2024(H5N1)	1598	6002
PB2|PP755596.1|A/cattle/Texas/24-008749-003/2024(H5N1)	1599	6004
PB2|PP755596.1|A/cattle/Texas/24-008749-003/2024(H5N1)	1600	6058
PB2|PP755596.1|A/cattle/Texas/24-008749-003/2024(H5N1)	1601	5989
PB2|PP755596.1|A/cattle/Texas/24-008749-003/2024(H5N1)	1602	5977
PB2|PP755596.1|A/cattle/Texas/24-008749-003/2024(H5N1)	1603	6020
PB2|PP755596.1|A/cattle/Texas/24-008749-003/2024(H5N1)	1604	6043
PB2|PP755596.1|A/cattle/Texas/24-008749-003/2024(H5N1)	1605	6056
PB2|PP755596.1|A/cattle/Texas/24-008749-003/2024(H5N1)	1606	6055
PB2|PP755596.1|A/cattle/Texas/24-008749-003/2024(H5N1)	1607	6002
PB2|PP755596.1|A/cattle/Texas/24-008749-003/2024(H5N1)	1608	6015
PB2|PP755596.1|A/cattle/Texas/24-008749-003/2024(H5N1)	1609	5991
PB2|PP755596.1|A/cattle/Texas/24-008749-003/2024(H5N1)	1610	5948
PB2|PP755596.1|A/cattle/Texas/24-008749-003/2024(H5N1)	1611	6075
PB2|PP755596.1|A/cattle/Texas/24-008749-003/2024(H5N1)	1612	6064
PB2|PP755596.1|A/cattle/Texas/24-008749-003/2024(H5N1)	1613	6016
PB2|PP755596.1|A/cattle/Texas/24-008749-003/2024(H5N1)	1614	6085
PB2|PP755596.1|A/cattle/Texas/24-008749-003/2024(H5N1)	1615	5432
PB2|PP755596.1|A/cattle/Texas/24-008749-003/2024(H5N1)	1616	5465
PB2|PP755596.1|A/cattle/Texas/24-008749-003/2024(H5N1)	1617	5441
PB2|PP755596.1|A/cattle/Texas/24-008749-003/2024(H5N1)	1618	5436
PB2|PP755596.1|A/cattle/Texas/24-008749-003/2024(H5N1)	1619	5493
PB2|PP755596.1|A/cattle/Texas/24-008749-003/2024(H5N1)	1620	5393
PB2|PP755596.1|A/cattle/Texas/24-008749-003/2024(H5N1)	1621	5403
PB2|PP755596.1|A/cattle/Texas/24-008749-003/2024(H5N1)	1622	5626
PB2|PP755596.1|A/cattle/Texas/24-008749-003/2024(H5N1)	1623	5567
PB2|PP755596.1|A/cattle/Texas/24-008749-003/2024(H5N1)	1624	5560
PB2|PP755596.1|A/cattle/Texas/24-008749-003/2024(H5N1)	1625	5548
PB2|PP755596.1|A/cattle/Texas/24-008749-003/2024(H5N1)	1626	5932
PB2|PP755596.1|A/cattle/Texas/24-008749-003/2024(H5N1)	1627	5988
PB2|PP755596.1|A/cattle/Texas/24-008749-003/2024(H5N1)	1628	6011
PB2|PP755596.1|A/cattle/Texas/24-008749-003/2024(H5N1)	1629	5900
PB2|PP755596.1|A/cattle/Texas/24-008749-003/2024(H5N1)	1630	5939
PB2|PP755596.1|A/cattle/Texas/24-008749-003/2024(H5N1)	1631	5794
PB2|PP755596.1|A/cattle/Texas/24-008749-003/2024(H5N1)	1632	5795
PB2|PP755596.1|A/cattle/Texas/24-008749-003/2024(H5N1)	1633	6100
PB2|PP755596.1|A/cattle/Texas/24-008749-003/2024(H5N1)	1634	5965
PB2|PP755596.1|A/cattle/Texas/24-008749-003/2024(H5N1)	1635	5967
PB2|PP755596.1|A/cattle/Texas/24-008749-003/2024(H5N1)	1636	5876
PB2|PP755596.1|A/cattle/Texas/24-008749-003/2024(H5N1)	1637	5854
PB2|PP755596.1|A/cattle/Texas/24-008749-003/2024(H5N1)	1638	6295
PB2|PP755596.1|A/cattle/Texas/24-008749-003/2024(H5N1)	1639	6350
PB2|PP755596.1|A/cattle/Texas/24-008749-003/2024(H5N1)	1640	6358
PB2|PP755596.1|A/cattle/Texas/24-008749-003/2024(H5N1)	1641	6364
PB2|PP755596.1|A/cattle/Texas/24-008749-003/2024(H5N1)	1642	6141
PB2|PP755596.1|A/cattle/Texas/24-008749-003/2024(H5N1)	1643	6382
PB2|PP755596.1|A/cattle/Texas/24-008749-003/2024(H5N1)	1644	6379
PB2|PP755596.1|A/cattle/Texas/24-008749-003/2024(H5N1)	1645	6494
PB2|PP755596.1|A/cattle/Texas/24-008749-003/2024(H5N1)	1646	6515
PB2|PP755596.1|A/cattle/Texas/24-008749-003/2024(H5N1)	1647	6173
PB2|PP755596.1|A/cattle/Texas/24-008749-003/2024(H5N1)	1648	6207
PB2|PP755596.1|A/cattle/Texas/24-008749-003/2024(H5N1)	1649	6213
PB2|PP755596.1|A/cattle/Texas/24-008749-003/2024(H5N1)	1650	6215
PB2|PP755596.1|A/cattle/Texas/24-008749-003/2024(H5N1)	1651	6158
PB2|PP755596.1|A/cattle/Texas/24-008749-003/2024(H5N1)	1652	5980
PB2|PP755596.1|A/cattle/Texas/24-008749-003/2024(H5N1)	1653	5996
PB2|PP755596.1|A/cattle/Texas/24-008749-003/2024(H5N1)	1654	6026
PB2|PP755596.1|A/cattle/Texas/24-008749-003/2024(H5N1)	1655	6011
PB2|PP755596.1|A/cattle/Texas/24-008749-003/2024(H5N1)	1656	6042
PB2|PP755596.1|A/cattle/Texas/24-008749-003/2024(H5N1)	1657	6037
PB2|PP755596.1|A/cattle/Texas/24-008749-003/2024(H5N1)	1658	6032
PB2|PP755596.1|A/cattle/Texas/24-008749-003/2024(H5N1)	1659	6035
PB2|PP755596.1|A/cattle/Texas/24-008749-003/2024(H5N1)	1660	6100
PB2|PP755596.1|A/cattle/Texas/24-008749-003/2024(H5N1)	1661	6070
PB2|PP755596.1|A/cattle/Texas/24-008749-003/2024(H5N1)	1662	6052
PB2|PP755596.1|A/cattle/Texas/24-008749-003/2024(H5N1)	1663	6031
PB2|PP755596.1|A/cattle/Texas/24-008749-003/2024(H5N1)	1664	6033
PB2|PP755596.1|A/cattle/Texas/24-008749-003/2024(H5N1)	1665	6036
PB2|PP755596.1|A/cattle/Texas/24-008749-003/2024(H5N1)	1666	6059
PB2|PP755596.1|A/cattle/Texas/24-008749-003/2024(H5N1)	1667	6051
PB2|PP755596.1|A/cattle/Texas/24-008749-003/2024(H5N1)	1668	6071
PB2|PP755596.1|A/cattle/Texas/24-008749-003/2024(H5N1)	1669	6012
PB2|PP755596.1|A/cattle/Texas/24-008749-003/2024(H5N1)	1670	6021
PB2|PP755596.1|A/cattle/Texas/24-008749-003/2024(H5N1)	1671	6032
PB2|PP755596.1|A/cattle/Texas/24-008749-003/2024(H5N1)	1672	6036
PB2|PP755596.1|A/cattle/Texas/24-008749-003/2024(H5N1)	1673	6132
PB2|PP755596.1|A/cattle/Texas/24-008749-003/2024(H5N1)	1674	6169
PB2|PP755596.1|A/cattle/Texas/24-008749-003/2024(H5N1)	1675	6136
PB2|PP755596.1|A/cattle/Texas/24-008749-003/2024(H5N1)	1676	5953
PB2|PP755596.1|A/cattle/Texas/24-008749-003/2024(H5N1)	1677	5914
PB2|PP755596.1|A/cattle/Texas/24-008749-003/2024(H5N1)	1678	5922
PB2|PP755596.1|A/cattle/Texas/24-008749-003/2024(H5N1)	1679	5917
PB2|PP755596.1|A/cattle/Texas/24-008749-003/2024(H5N1)	1680	5918
PB2|PP755596.1|A/cattle/Texas/24-008749-003/2024(H5N1)	1681	5925
PB2|PP755596.1|A/cattle/Texas/24-008749-003/2024(H5N1)	1682	5621
PB2|PP755596.1|A/cattle/Texas/24-008749-003/2024(H5N1)	1683	5643
PB2|PP755596.1|A/cattle/Texas/24-008749-003/2024(H5N1)	1684	5659
PB2|PP755596.1|A/cattle/Texas/24-008749-003/2024(H5N1)	1685	5906
PB2|PP755596.1|A/cattle/Texas/24-008749-003/2024(H5N1)	1686	5904
PB2|PP755596.1|A/cattle/Texas/24-008749-003/2024(H5N1)	1687	5849
PB2|PP755596.1|A/cattle/Texas/24-008749-003/2024(H5N1)	1688	5836
PB2|PP755596.1|A/cattle/Texas/24-008749-003/2024(H5N1)	1689	5840
PB2|PP755596.1|A/cattle/Texas/24-008749-003/2024(H5N1)	1690	5872
PB2|PP755596.1|A/cattle/Texas/24-008749-003/2024(H5N1)	1691	5998
PB2|PP755596.1|A/cattle/Texas/24-008749-003/2024(H5N1)	1692	5915
PB2|PP755596.1|A/cattle/Texas/24-008749-003/2024(H5N1)	1693	5963
PB2|PP755596.1|A/cattle/Texas/24-008749-003/2024(H5N1)	1694	5955
PB2|PP755596.1|A/cattle/Texas/24-008749-003/2024(H5N1)	1695	6083
PB2|PP755596.1|A/cattle/Texas/24-008749-003/2024(H5N1)	1696	6088
PB2|PP755596.1|A/cattle/Texas/24-008749-003/2024(H5N1)	1697	6086
PB2|PP755596.1|A/cattle/Texas/24-008749-003/2024(H5N1)	1698	6096
PB2|PP755596.1|A/cattle/Texas/24-008749-003/2024(H5N1)	1699	6105
PB2|PP755596.1|A/cattle/Texas/24-008749-003/2024(H5N1)	1700	6033
PB2|PP755596.1|A/cattle/Texas/24-008749-003/2024(H5N1)	1701	6019
PB2|PP755596.1|A/cattle/Texas/24-008749-003/2024(H5N1)	1702	5981
PB2|PP755596.1|A/cattle/Texas/24-008749-003/2024(H5N1)	1703	6020
PB2|PP755596.1|A/cattle/Texas/24-008749-003/2024(H5N1)	1704	6008
PB2|PP755596.1|A/cattle/Texas/24-008749-003/2024(H5N1)	1705	5999
PB2|PP755596.1|A/cattle/Texas/24-008749-003/2024(H5N1)	1706	5963
PB2|PP755596.1|A/cattle/Texas/24-008749-003/2024(H5N1)	1707	5954
PB2|PP755596.1|A/cattle/Texas/24-008749-003/2024(H5N1)	1708	6118
PB2|PP755596.1|A/cattle/Texas/24-008749-003/2024(H5N1)	1709	6093
PB2|PP755596.1|A/cattle/Texas/24-008749-003/2024(H5N1)	1710	6159
PB2|PP755596.1|A/cattle/Texas/24-008749-003/2024(H5N1)	1711	6244
PB2|PP755596.1|A/cattle/Texas/24-008749-003/2024(H5N1)	1712	6176
PB2|PP755596.1|A/cattle/Texas/24-008749-003/2024(H5N1)	1713	6312
PB2|PP755596.1|A/cattle/Texas/24-008749-003/2024(H5N1)	1714	6298
PB2|PP755596.1|A/cattle/Texas/24-008749-003/2024(H5N1)	1715	6319
PB2|PP755596.1|A/cattle/Texas/24-008749-003/2024(H5N1)	1716	6330
PB2|PP755596.1|A/cattle/Texas/24-008749-003/2024(H5N1)	1717	6164
PB2|PP755596.1|A/cattle/Texas/24-008749-003/2024(H5N1)	1718	6211
PB2|PP755596.1|A/cattle/Texas/24-008749-003/2024(H5N1)	1719	6009
PB2|PP755596.1|A/cattle/Texas/24-008749-003/2024(H5N1)	1720	6010
PB2|PP755596.1|A/cattle/Texas/24-008749-003/2024(H5N1)	1721	6000
PB2|PP755596.1|A/cattle/Texas/24-008749-003/2024(H5N1)	1722	5894
PB2|PP755596.1|A/cattle/Texas/24-008749-003/2024(H5N1)	1723	5894
PB2|PP755596.1|A/cattle/Texas/24-008749-003/2024(H5N1)	1724	5859
PB2|PP755596.1|A/cattle/Texas/24-008749-003/2024(H5N1)	1725	5848
PB2|PP755596.1|A/cattle/Texas/24-008749-003/2024(H5N1)	1726	5859
PB2|PP755596.1|A/cattle/Texas/24-008749-003/2024(H5N1)	1727	5867
PB2|PP755596.1|A/cattle/Texas/24-008749-003/2024(H5N1)	1728	5932
PB2|PP755596.1|A/cattle/Texas/24-008749-003/2024(H5N1)	1729	5950
PB2|PP755596.1|A/cattle/Texas/24-008749-003/2024(H5N1)	1730	5944
PB2|PP755596.1|A/cattle/Texas/24-008749-003/2024(H5N1)	1731	5884
PB2|PP755596.1|A/cattle/Texas/24-008749-003/2024(H5N1)	1732	5884
PB2|PP755596.1|A/cattle/Texas/24-008749-003/2024(H5N1)	1733	5959
PB2|PP755596.1|A/cattle/Texas/24-008749-003/2024(H5N1)	1734	5954
PB2|PP755596.1|A/cattle/Texas/24-008749-003/2024(H5N1)	1735	5924
PB2|PP755596.1|A/cattle/Texas/24-008749-003/2024(H5N1)	1736	5900
PB2|PP755596.1|A/cattle/Texas/24-008749-003/2024(H5N1)	1737	6051
PB2|PP755596.1|A/cattle/Texas/24-008749-003/2024(H5N1)	1738	6009
PB2|PP755596.1|A/cattle/Texas/24-008749-003/2024(H5N1)	1739	6020
PB2|PP755596.1|A/cattle/Texas/24-008749-003/2024(H5N1)	1740	6009
PB2|PP755596.1|A/cattle/Texas/24-008749-003/2024(H5N1)	1741	6008
PB2|PP755596.1|A/cattle/Texas/24-008749-003/2024(H5N1)	1742	5988
PB2|PP755596.1|A/cattle/Texas/24-008749-003/2024(H5N1)	1743	6000
PB2|PP755596.1|A/cattle/Texas/24-008749-003/2024(H5N1)	1744	6022
PB2|PP755596.1|A/cattle/Texas/24-008749-003/2024(H5N1)	1745	6066
PB2|PP755596.1|A/cattle/Texas/24-008749-003/2024(H5N1)	1746	5954
PB2|PP755596.1|A/cattle/Texas/24-008749-003/2024(H5N1)	1747	6013
PB2|PP755596.1|A/cattle/Texas/24-008749-003/2024(H5N1)	1748	5945
PB2|PP755596.1|A/cattle/Texas/24-008749-003/2024(H5N1)	1749	5959
PB2|PP755596.1|A/cattle/Texas/24-008749-003/2024(H5N1)	1750	6090
PB2|PP755596.1|A/cattle/Texas/24-008749-003/2024(H5N1)	1751	6048
PB2|PP755596.1|A/cattle/Texas/24-008749-003/2024(H5N1)	1752	6234
PB2|PP755596.1|A/cattle/Texas/24-008749-003/2024(H5N1)	1753	6199
PB2|PP755596.1|A/cattle/Texas/24-008749-003/2024(H5N1)	1754	6116
PB2|PP755596.1|A/cattle/Texas/24-008749-003/2024(H5N1)	1755	6115
PB2|PP755596.1|A/cattle/Texas/24-008749-003/2024(H5N1)	1756	6167
PB2|PP755596.1|A/cattle/Texas/24-008749-003/2024(H5N1)	1757	6164
PB2|PP755596.1|A/cattle/Texas/24-008749-003/2024(H5N1)	1758	6190
PB2|PP755596.1|A/cattle/Texas/24-008749-003/2024(H5N1)	1759	6176
PB2|PP755596.1|A/cattle/Texas/24-008749-003/2024(H5N1)	1760	6173
PB2|PP755596.1|A/cattle/Texas/24-008749-003/2024(H5N1)	1761	6064
PB2|PP755596.1|A/cattle/Texas/24-008749-003/2024(H5N1)	1762	6103
PB2|PP755596.1|A/cattle/Texas/24-008749-003/2024(H5N1)	1763	6134
PB2|PP755596.1|A/cattle/Texas/24-008749-003/2024(H5N1)	1764	6065
PB2|PP755596.1|A/cattle/Texas/24-008749-003/2024(H5N1)	1765	6049
PB2|PP755596.1|A/cattle/Texas/24-008749-003/2024(H5N1)	1766	6097
PB2|PP755596.1|A/cattle/Texas/24-008749-003/2024(H5N1)	1767	6086
PB2|PP755596.1|A/cattle/Texas/24-008749-003/2024(H5N1)	1768	6695
PB2|PP755596.1|A/cattle/Texas/24-008749-003/2024(H5N1)	1769	6754
PB2|PP755596.1|A/cattle/Texas/24-008749-003/2024(H5N1)	1770	6732
PB2|PP755596.1|A/cattle/Texas/24-008749-003/2024(H5N1)	1771	6759
PB2|PP755596.1|A/cattle/Texas/24-008749-003/2024(H5N1)	1772	6772
PB2|PP755596.1|A/cattle/Texas/24-008749-003/2024(H5N1)	1773	6771
PB2|PP755596.1|A/cattle/Texas/24-008749-003/2024(H5N1)	1774	6822
PB2|PP755596.1|A/cattle/Texas/24-008749-003/2024(H5N1)	1775	6796
PB2|PP755596.1|A/cattle/Texas/24-008749-003/2024(H5N1)	1776	6846
PB2|PP755596.1|A/cattle/Texas/24-008749-003/2024(H5N1)	1777	6258
PB2|PP755596.1|A/cattle/Texas/24-008749-003/2024(H5N1)	1778	6234
PB2|PP755596.1|A/cattle/Texas/24-008749-003/2024(H5N1)	1779	6219
PB2|PP755596.1|A/cattle/Texas/24-008749-003/2024(H5N1)	1780	6255
PB2|PP755596.1|A/cattle/Texas/24-008749-003/2024(H5N1)	1781	6255
PB2|PP755596.1|A/cattle/Texas/24-008749-003/2024(H5N1)	1782	6202
PB2|PP755596.1|A/cattle/Texas/24-008749-003/2024(H5N1)	1783	6369
PB2|PP755596.1|A/cattle/Texas/24-008749-003/2024(H5N1)	1784	6163
PB2|PP755596.1|A/cattle/Texas/24-008749-003/2024(H5N1)	1785	6185
PB2|PP755596.1|A/cattle/Texas/24-008749-003/2024(H5N1)	1786	6185
PB2|PP755596.1|A/cattle/Texas/24-008749-003/2024(H5N1)	1787	6189
PB2|PP755596.1|A/cattle/Texas/24-008749-003/2024(H5N1)	1788	6192
PB2|PP755596.1|A/cattle/Texas/24-008749-003/2024(H5N1)	1789	5884
PB2|PP755596.1|A/cattle/Texas/24-008749-003/2024(H5N1)	1790	5905
PB2|PP755596.1|A/cattle/Texas/24-008749-003/2024(H5N1)	1791	5902
PB2|PP755596.1|A/cattle/Texas/24-008749-003/2024(H5N1)	1792	5949
PB2|PP755596.1|A/cattle/Texas/24-008749-003/2024(H5N1)	1793	5893
PB2|PP755596.1|A/cattle/Texas/24-008749-003/2024(H5N1)	1794	5853
PB2|PP755596.1|A/cattle/Texas/24-008749-003/2024(H5N1)	1795	5915
PB2|PP755596.1|A/cattle/Texas/24-008749-003/2024(H5N1)	1796	5904
PB2|PP755596.1|A/cattle/Texas/24-008749-003/2024(H5N1)	1797	5973
PB2|PP755596.1|A/cattle/Texas/24-008749-003/2024(H5N1)	1798	5971
PB2|PP755596.1|A/cattle/Texas/24-008749-003/2024(H5N1)	1799	5933
PB2|PP755596.1|A/cattle/Texas/24-008749-003/2024(H5N1)	1800	5943
PB2|PP755596.1|A/cattle/Texas/24-008749-003/2024(H5N1)	1801	5942
PB2|PP755596.1|A/cattle/Texas/24-008749-003/2024(H5N1)	1802	5877
PB2|PP755596.1|A/cattle/Texas/24-008749-003/2024(H5N1)	1803	5881
PB2|PP755596.1|A/cattle/Texas/24-008749-003/2024(H5N1)	1804	5927
PB2|PP755596.1|A/cattle/Texas/24-008749-003/2024(H5N1)	1805	5888
PB2|PP755596.1|A/cattle/Texas/24-008749-003/2024(H5N1)	1806	5865
PB2|PP755596.1|A/cattle/Texas/24-008749-003/2024(H5N1)	1807	5867
PB2|PP755596.1|A/cattle/Texas/24-008749-003/2024(H5N1)	1808	5952
PB2|PP755596.1|A/cattle/Texas/24-008749-003/2024(H5N1)	1809	5951
PB2|PP755596.1|A/cattle/Texas/24-008749-003/2024(H5N1)	1810	5914
PB2|PP755596.1|A/cattle/Texas/24-008749-003/2024(H5N1)	1811	5937
PB2|PP755596.1|A/cattle/Texas/24-008749-003/2024(H5N1)	1812	5964
PB2|PP755596.1|A/cattle/Texas/24-008749-003/2024(H5N1)	1813	5978
PB2|PP755596.1|A/cattle/Texas/24-008749-003/2024(H5N1)	1814	6129
PB2|PP755596.1|A/cattle/Texas/24-008749-003/2024(H5N1)	1815	6130
PB2|PP755596.1|A/cattle/Texas/24-008749-003/2024(H5N1)	1816	6165
PB2|PP755596.1|A/cattle/Texas/24-008749-003/2024(H5N1)	1817	6158
PB2|PP755596.1|A/cattle/Texas/24-008749-003/2024(H5N1)	1818	6240
PB2|PP755596.1|A/cattle/Texas/24-008749-003/2024(H5N1)	1819	6204
PB2|PP755596.1|A/cattle/Texas/24-008749-003/2024(H5N1)	1820	6184
PB2|PP755596.1|A/cattle/Texas/24-008749-003/2024(H5N1)	1821	6232
PB2|PP755596.1|A/cattle/Texas/24-008749-003/2024(H5N1)	1822	6223
PB2|PP755596.1|A/cattle/Texas/24-008749-003/2024(H5N1)	1823	6216
PB2|PP755596.1|A/cattle/Texas/24-008749-003/2024(H5N1)	1824	6154
PB2|PP755596.1|A/cattle/Texas/24-008749-003/2024(H5N1)	1825	6128
PB2|PP755596.1|A/cattle/Texas/24-008749-003/2024(H5N1)	1826	6184
PB2|PP755596.1|A/cattle/Texas/24-008749-003/2024(H5N1)	1827	6405
PB2|PP755596.1|A/cattle/Texas/24-008749-003/2024(H5N1)	1828	6435
PB2|PP755596.1|A/cattle/Texas/24-008749-003/2024(H5N1)	1829	6424
PB2|PP755596.1|A/cattle/Texas/24-008749-003/2024(H5N1)	1830	6424
PB2|PP755596.1|A/cattle/Texas/24-008749-003/2024(H5N1)	1831	6425
PB2|PP755596.1|A/cattle/Texas/24-008749-003/2024(H5N1)	1832	6590
PB2|PP755596.1|A/cattle/Texas/24-008749-003/2024(H5N1)	1833	6597
PB2|PP755596.1|A/cattle/Texas/24-008749-003/2024(H5N1)	1834	6579
PB2|PP755596.1|A/cattle/Texas/24-008749-003/2024(H5N1)	1835	6638
PB2|PP755596.1|A/cattle/Texas/24-008749-003/2024(H5N1)	1836	6318
PB2|PP755596.1|A/cattle/Texas/24-008749-003/2024(H5N1)	1837	6557
PB2|PP755596.1|A/cattle/Texas/24-008749-003/2024(H5N1)	1838	6588
PB2|PP755596.1|A/cattle/Texas/24-008749-003/2024(H5N1)	1839	6692
PB2|PP755596.1|A/cattle/Texas/24-008749-003/2024(H5N1)	1840	6687
PB2|PP755596.1|A/cattle/Texas/24-008749-003/2024(H5N1)	1841	6639
PB2|PP755596.1|A/cattle/Texas/24-008749-003/2024(H5N1)	1842	6561
PB2|PP755596.1|A/cattle/Texas/24-008749-003/2024(H5N1)	1843	6606
PB2|PP755596.1|A/cattle/Texas/24-008749-003/2024(H5N1)	1844	6602
PB2|PP755596.1|A/cattle/Texas/24-008749-003/2024(H5N1)	1845	6578
PB2|PP755596.1|A/cattle/Texas/24-008749-003/2024(H5N1)	1846	6435
PB2|PP755596.1|A/cattle/Texas/24-008749-003/2024(H5N1)	1847	6427
PB2|PP755596.1|A/cattle/Texas/24-008749-003/2024(H5N1)	1848	6426
PB2|PP755596.1|A/cattle/Texas/24-008749-003/2024(H5N1)	1849	6532
PB2|PP755596.1|A/cattle/Texas/24-008749-003/2024(H5N1)	1850	6558
PB2|PP755596.1|A/cattle/Texas/24-008749-003/2024(H5N1)	1851	6527
PB2|PP755596.1|A/cattle/Texas/24-008749-003/2024(H5N1)	1852	6597
PB2|PP755596.1|A/cattle/Texas/24-008749-003/2024(H5N1)	1853	6485
PB2|PP755596.1|A/cattle/Texas/24-008749-003/2024(H5N1)	1854	6489
PB2|PP755596.1|A/cattle/Texas/24-008749-003/2024(H5N1)	1855	6493
PB2|PP755596.1|A/cattle/Texas/24-008749-003/2024(H5N1)	1856	6491
PB2|PP755596.1|A/cattle/Texas/24-008749-003/2024(H5N1)	1857	6641
PB2|PP755596.1|A/cattle/Texas/24-008749-003/2024(H5N1)	1858	6505
PB2|PP755596.1|A/cattle/Texas/24-008749-003/2024(H5N1)	1859	6517
PB2|PP755596.1|A/cattle/Texas/24-008749-003/2024(H5N1)	1860	6462
PB2|PP755596.1|A/cattle/Texas/24-008749-003/2024(H5N1)	1861	6342
PB2|PP755596.1|A/cattle/Texas/24-008749-003/2024(H5N1)	1862	6353
PB2|PP755596.1|A/cattle/Texas/24-008749-003/2024(H5N1)	1863	6349
PB2|PP755596.1|A/cattle/Texas/24-008749-003/2024(H5N1)	1864	6241
PB2|PP755596.1|A/cattle/Texas/24-008749-003/2024(H5N1)	1865	6258
PB2|PP755596.1|A/cattle/Texas/24-008749-003/2024(H5N1)	1866	6221
PB2|PP755596.1|A/cattle/Texas/24-008749-003/2024(H5N1)	1867	6212
PB2|PP755596.1|A/cattle/Texas/24-008749-003/2024(H5N1)	1868	6204
PB2|PP755596.1|A/cattle/Texas/24-008749-003/2024(H5N1)	1869	6198
PB2|PP755596.1|A/cattle/Texas/24-008749-003/2024(H5N1)	1870	6240
PB2|PP755596.1|A/cattle/Texas/24-008749-003/2024(H5N1)	1871	6226
PB2|PP755596.1|A/cattle/Texas/24-008749-003/2024(H5N1)	1872	6224
PB2|PP755596.1|A/cattle/Texas/24-008749-003/2024(H5N1)	1873	6353
PB2|PP755596.1|A/cattle/Texas/24-008749-003/2024(H5N1)	1874	6367
PB2|PP755596.1|A/cattle/Texas/24-008749-003/2024(H5N1)	1875	6409
PB2|PP755596.1|A/cattle/Texas/24-008749-003/2024(H5N1)	1876	6402
PB2|PP755596.1|A/cattle/Texas/24-008749-003/2024(H5N1)	1877	6389
PB2|PP755596.1|A/cattle/Texas/24-008749-003/2024(H5N1)	1878	6385
PB2|PP755596.1|A/cattle/Texas/24-008749-003/2024(H5N1)	1879	6434
PB2|PP755596.1|A/cattle/Texas/24-008749-003/2024(H5N1)	1880	6429
PB2|PP755596.1|A/cattle/Texas/24-008749-003/2024(H5N1)	1881	6461
PB2|PP755596.1|A/cattle/Texas/24-008749-003/2024(H5N1)	1882	6454
PB2|PP755596.1|A/cattle/Texas/24-008749-003/2024(H5N1)	1883	6424
PB2|PP755596.1|A/cattle/Texas/24-008749-003/2024(H5N1)	1884	6468
PB2|PP755596.1|A/cattle/Texas/24-008749-003/2024(H5N1)	1885	6462
PB2|PP755596.1|A/cattle/Texas/24-008749-003/2024(H5N1)	1886	6529
PB2|PP755596.1|A/cattle/Texas/24-008749-003/2024(H5N1)	1887	6582
PB2|PP755596.1|A/cattle/Texas/24-008749-003/2024(H5N1)	1888	6334
PB2|PP755596.1|A/cattle/Texas/24-008749-003/2024(H5N1)	1889	6322
PB2|PP755596.1|A/cattle/Texas/24-008749-003/2024(H5N1)	1890	6303
PB2|PP755596.1|A/cattle/Texas/24-008749-003/2024(H5N1)	1891	6478
PB2|PP755596.1|A/cattle/Texas/24-008749-003/2024(H5N1)	1892	6497
PB2|PP755596.1|A/cattle/Texas/24-008749-003/2024(H5N1)	1893	6469
PB2|PP755596.1|A/cattle/Texas/24-008749-003/2024(H5N1)	1894	6505
PB2|PP755596.1|A/cattle/Texas/24-008749-003/2024(H5N1)	1895	6468
PB2|PP755596.1|A/cattle/Texas/24-008749-003/2024(H5N1)	1896	6604
PB2|PP755596.1|A/cattle/Texas/24-008749-003/2024(H5N1)	1897	6576
PB2|PP755596.1|A/cattle/Texas/24-008749-003/2024(H5N1)	1898	6516
PB2|PP755596.1|A/cattle/Texas/24-008749-003/2024(H5N1)	1899	6502
PB2|PP755596.1|A/cattle/Texas/24-008749-003/2024(H5N1)	1900	6343
PB2|PP755596.1|A/cattle/Texas/24-008749-003/2024(H5N1)	1901	6384
PB2|PP755596.1|A/cattle/Texas/24-008749-003/2024(H5N1)	1902	6294
PB2|PP755596.1|A/cattle/Texas/24-008749-003/2024(H5N1)	1903	6256
PB2|PP755596.1|A/cattle/Texas/24-008749-003/2024(H5N1)	1904	6327
PB2|PP755596.1|A/cattle/Texas/24-008749-003/2024(H5N1)	1905	6296
PB2|PP755596.1|A/cattle/Texas/24-008749-003/2024(H5N1)	1906	6343
PB2|PP755596.1|A/cattle/Texas/24-008749-003/2024(H5N1)	1907	6268
PB2|PP755596.1|A/cattle/Texas/24-008749-003/2024(H5N1)	1908	6302
PB2|PP755596.1|A/cattle/Texas/24-008749-003/2024(H5N1)	1909	6381
PB2|PP755596.1|A/cattle/Texas/24-008749-003/2024(H5N1)	1910	6432
PB2|PP755596.1|A/cattle/Texas/24-008749-003/2024(H5N1)	1911	6481
PB2|PP755596.1|A/cattle/Texas/24-008749-003/2024(H5N1)	1912	6495
PB2|PP755596.1|A/cattle/Texas/24-008749-003/2024(H5N1)	1913	6470
PB2|PP755596.1|A/cattle/Texas/24-008749-003/2024(H5N1)	1914	6516
PB2|PP755596.1|A/cattle/Texas/24-008749-003/2024(H5N1)	1915	6541
PB2|PP755596.1|A/cattle/Texas/24-008749-003/2024(H5N1)	1916	6592
PB2|PP755596.1|A/cattle/Texas/24-008749-003/2024(H5N1)	1917	6571
PB2|PP755596.1|A/cattle/Texas/24-008749-003/2024(H5N1)	1918	6574
PB2|PP755596.1|A/cattle/Texas/24-008749-003/2024(H5N1)	1919	6039
PB2|PP755596.1|A/cattle/Texas/24-008749-003/2024(H5N1)	1920	6022
PB2|PP755596.1|A/cattle/Texas/24-008749-003/2024(H5N1)	1921	5996
PB2|PP755596.1|A/cattle/Texas/24-008749-003/2024(H5N1)	1922	5964
PB2|PP755596.1|A/cattle/Texas/24-008749-003/2024(H5N1)	1923	5940
PB2|PP755596.1|A/cattle/Texas/24-008749-003/2024(H5N1)	1924	5802
PB2|PP755596.1|A/cattle/Texas/24-008749-003/2024(H5N1)	1925	6000
PB2|PP755596.1|A/cattle/Texas/24-008749-003/2024(H5N1)	1926	6011
PB2|PP755596.1|A/cattle/Texas/24-008749-003/2024(H5N1)	1927	5982
PB2|PP755596.1|A/cattle/Texas/24-008749-003/2024(H5N1)	1928	5968
PB2|PP755596.1|A/cattle/Texas/24-008749-003/2024(H5N1)	1929	5963
PB2|PP755596.1|A/cattle/Texas/24-008749-003/2024(H5N1)	1930	6018
PB2|PP755596.1|A/cattle/Texas/24-008749-003/2024(H5N1)	1931	5978
PB2|PP755596.1|A/cattle/Texas/24-008749-003/2024(H5N1)	1932	5977
PB2|PP755596.1|A/cattle/Texas/24-008749-003/2024(H5N1)	1933	5951
PB2|PP755596.1|A/cattle/Texas/24-008749-003/2024(H5N1)	1934	5820
PB2|PP755596.1|A/cattle/Texas/24-008749-003/2024(H5N1)	1935	5824
PB2|PP755596.1|A/cattle/Texas/24-008749-003/2024(H5N1)	1936	5790
PB2|PP755596.1|A/cattle/Texas/24-008749-003/2024(H5N1)	1937	5863
PB2|PP755596.1|A/cattle/Texas/24-008749-003/2024(H5N1)	1938	5860
PB2|PP755596.1|A/cattle/Texas/24-008749-003/2024(H5N1)	1939	5813
PB2|PP755596.1|A/cattle/Texas/24-008749-003/2024(H5N1)	1940	5808
PB2|PP755596.1|A/cattle/Texas/24-008749-003/2024(H5N1)	1941	5785
PB2|PP755596.1|A/cattle/Texas/24-008749-003/2024(H5N1)	1942	5726
PB2|PP755596.1|A/cattle/Texas/24-008749-003/2024(H5N1)	1943	5650
PB2|PP755596.1|A/cattle/Texas/24-008749-003/2024(H5N1)	1944	5745
PB2|PP755596.1|A/cattle/Texas/24-008749-003/2024(H5N1)	1945	5757
PB2|PP755596.1|A/cattle/Texas/24-008749-003/2024(H5N1)	1946	5607
PB2|PP755596.1|A/cattle/Texas/24-008749-003/2024(H5N1)	1947	5609
PB2|PP755596.1|A/cattle/Texas/24-008749-003/2024(H5N1)	1948	5547
PB2|PP755596.1|A/cattle/Texas/24-008749-003/2024(H5N1)	1949	5553
PB2|PP755596.1|A/cattle/Texas/24-008749-003/2024(H5N1)	1950	5583
PB2|PP755596.1|A/cattle/Texas/24-008749-003/2024(H5N1)	1951	5569
PB2|PP755596.1|A/cattle/Texas/24-008749-003/2024(H5N1)	1952	5569
PB2|PP755596.1|A/cattle/Texas/24-008749-003/2024(H5N1)	1953	5514
PB2|PP755596.1|A/cattle/Texas/24-008749-003/2024(H5N1)	1954	5495
PB2|PP755596.1|A/cattle/Texas/24-008749-003/2024(H5N1)	1955	5679
PB2|PP755596.1|A/cattle/Texas/24-008749-003/2024(H5N1)	1956	5723
PB2|PP755596.1|A/cattle/Texas/24-008749-003/2024(H5N1)	1957	5736
PB2|PP755596.1|A/cattle/Texas/24-008749-003/2024(H5N1)	1958	5777
PB2|PP755596.1|A/cattle/Texas/24-008749-003/2024(H5N1)	1959	5719
PB2|PP755596.1|A/cattle/Texas/24-008749-003/2024(H5N1)	1960	5730
PB2|PP755596.1|A/cattle/Texas/24-008749-003/2024(H5N1)	1961	5710
PB2|PP755596.1|A/cattle/Texas/24-008749-003/2024(H5N1)	1962	5675
PB2|PP755596.1|A/cattle/Texas/24-008749-003/2024(H5N1)	1963	5731
PB2|PP755596.1|A/cattle/Texas/24-008749-003/2024(H5N1)	1964	5631
PB2|PP755596.1|A/cattle/Texas/24-008749-003/2024(H5N1)	1965	5660
PB2|PP755596.1|A/cattle/Texas/24-008749-003/2024(H5N1)	1966	5745
PB2|PP755596.1|A/cattle/Texas/24-008749-003/2024(H5N1)	1967	5729
PB2|PP755596.1|A/cattle/Texas/24-008749-003/2024(H5N1)	1968	5718
PB2|PP755596.1|A/cattle/Texas/24-008749-003/2024(H5N1)	1969	5712
PB2|PP755596.1|A/cattle/Texas/24-008749-003/2024(H5N1)	1970	5769
PB2|PP755596.1|A/cattle/Texas/24-008749-003/2024(H5N1)	1971	5768
PB2|PP755596.1|A/cattle/Texas/24-008749-003/2024(H5N1)	1972	6412
PB2|PP755596.1|A/cattle/Texas/24-008749-003/2024(H5N1)	1973	6422
PB2|PP755596.1|A/cattle/Texas/24-008749-003/2024(H5N1)	1974	6581
PB2|PP755596.1|A/cattle/Texas/24-008749-003/2024(H5N1)	1975	6577
PB2|PP755596.1|A/cattle/Texas/24-008749-003/2024(H5N1)	1976	6563
PB2|PP755596.1|A/cattle/Texas/24-008749-003/2024(H5N1)	1977	6418
PB2|PP755596.1|A/cattle/Texas/24-008749-003/2024(H5N1)	1978	6375
PB2|PP755596.1|A/cattle/Texas/24-008749-003/2024(H5N1)	1979	6326
PB2|PP755596.1|A/cattle/Texas/24-008749-003/2024(H5N1)	1980	6337
PB2|PP755596.1|A/cattle/Texas/24-008749-003/2024(H5N1)	1981	6482
PB2|PP755596.1|A/cattle/Texas/24-008749-003/2024(H5N1)	1982	6525
PB2|PP755596.1|A/cattle/Texas/24-008749-003/2024(H5N1)	1983	6382
PB2|PP755596.1|A/cattle/Texas/24-008749-003/2024(H5N1)	1984	6471
PB2|PP755596.1|A/cattle/Texas/24-008749-003/2024(H5N1)	1985	6477
PB2|PP755596.1|A/cattle/Texas/24-008749-003/2024(H5N1)	1986	6420
PB2|PP755596.1|A/cattle/Texas/24-008749-003/2024(H5N1)	1987	6517
PB2|PP755596.1|A/cattle/Texas/24-008749-003/2024(H5N1)	1988	6318
PB2|PP755596.1|A/cattle/Texas/24-008749-003/2024(H5N1)	1989	6329
PB2|PP755596.1|A/cattle/Texas/24-008749-003/2024(H5N1)	1990	6208
PB2|PP755596.1|A/cattle/Texas/24-008749-003/2024(H5N1)	1991	6367
PB2|PP755596.1|A/cattle/Texas/24-008749-003/2024(H5N1)	1992	6405
PB2|PP755596.1|A/cattle/Texas/24-008749-003/2024(H5N1)	1993	6340
PB2|PP755596.1|A/cattle/Texas/24-008749-003/2024(H5N1)	1994	6393
PB2|PP755596.1|A/cattle/Texas/24-008749-003/2024(H5N1)	1995	6390
PB2|PP755596.1|A/cattle/Texas/24-008749-003/2024(H5N1)	1996	6387
PB2|PP755596.1|A/cattle/Texas/24-008749-003/2024(H5N1)	1997	6402
PB2|PP755596.1|A/cattle/Texas/24-008749-003/2024(H5N1)	1998	6391
PB2|PP755596.1|A/cattle/Texas/24-008749-003/2024(H5N1)	1999	6555
PB2|PP755596.1|A/cattle/Texas/24-008749-003/2024(H5N1)	2000	6458
PB2|PP755596.1|A/cattle/Texas/24-008749-003/2024(H5N1)	2001	6434
PB2|PP755596.1|A/cattle/Texas/24-008749-003/2024(H5N1)	2002	6493
PB2|PP755596.1|A/cattle/Texas/24-008749-003/2024(H5N1)	2003	6469
PB2|PP755596.1|A/cattle/Texas/24-008749-003/2024(H5N1)	2004	6473
PB2|PP755596.1|A/cattle/Texas/24-008749-003/2024(H5N1)	2005	6474
PB2|PP755596.1|A/cattle/Texas/24-008749-003/2024(H5N1)	2006	6484
PB2|PP755596.1|A/cattle/Texas/24-008749-003/2024(H5N1)	2007	6527
PB2|PP755596.1|A/cattle/Texas/24-008749-003/2024(H5N1)	2008	6374
PB2|PP755596.1|A/cattle/Texas/24-008749-003/2024(H5N1)	2009	6373
PB2|PP755596.1|A/cattle/Texas/24-008749-003/2024(H5N1)	2010	6378
PB2|PP755596.1|A/cattle/Texas/24-008749-003/2024(H5N1)	2011	6368
PB2|PP755596.1|A/cattle/Texas/24-008749-003/2024(H5N1)	2012	6437
PB2|PP755596.1|A/cattle/Texas/24-008749-003/2024(H5N1)	2013	6462
PB2|PP755596.1|A/cattle/Texas/24-008749-003/2024(H5N1)	2014	6462
PB2|PP755596.1|A/cattle/Texas/24-008749-003/2024(H5N1)	2015	6548
PB2|PP755596.1|A/cattle/Texas/24-008749-003/2024(H5N1)	2016	6543
PB2|PP755596.1|A/cattle/Texas/24-008749-003/2024(H5N1)	2017	6590
PB2|PP755596.1|A/cattle/Texas/24-008749-003/2024(H5N1)	2018	6650
PB2|PP755596.1|A/cattle/Texas/24-008749-003/2024(H5N1)	2019	6631
PB2|PP755596.1|A/cattle/Texas/24-008749-003/2024(H5N1)	2020	6667
PB2|PP755596.1|A/cattle/Texas/24-008749-003/2024(H5N1)	2021	6720
PB2|PP755596.1|A/cattle/Texas/24-008749-003/2024(H5N1)	2022	6716
PB2|PP755596.1|A/cattle/Texas/24-008749-003/2024(H5N1)	2023	6729
PB2|PP755596.1|A/cattle/Texas/24-008749-003/2024(H5N1)	2024	6592
PB2|PP755596.1|A/cattle/Texas/24-008749-003/2024(H5N1)	2025	6595
PB2|PP755596.1|A/cattle/Texas/24-008749-003/2024(H5N1)	2026	6576
PB2|PP755596.1|A/cattle/Texas/24-008749-003/2024(H5N1)	2027	6633
PB2|PP755596.1|A/cattle/Texas/24-008749-003/2024(H5N1)	2028	6636
PB2|PP755596.1|A/cattle/Texas/24-008749-003/2024(H5N1)	2029	6592
PB2|PP755596.1|A/cattle/Texas/24-008749-003/2024(H5N1)	2030	6493
PB2|PP755596.1|A/cattle/Texas/24-008749-003/2024(H5N1)	2031	6499
PB2|PP755596.1|A/cattle/Texas/24-008749-003/2024(H5N1)	2032	6476
PB2|PP755596.1|A/cattle/Texas/24-008749-003/2024(H5N1)	2033	6590
PB2|PP755596.1|A/cattle/Texas/24-008749-003/2024(H5N1)	2034	6547
PB2|PP755596.1|A/cattle/Texas/24-008749-003/2024(H5N1)	2035	6530
PB2|PP755596.1|A/cattle/Texas/24-008749-003/2024(H5N1)	2036	6428
PB2|PP755596.1|A/cattle/Texas/24-008749-003/2024(H5N1)	2037	6385
PB2|PP755596.1|A/cattle/Texas/24-008749-003/2024(H5N1)	2038	6549
PB2|PP755596.1|A/cattle/Texas/24-008749-003/2024(H5N1)	2039	6630
PB2|PP755596.1|A/cattle/Texas/24-008749-003/2024(H5N1)	2040	6631
PB2|PP755596.1|A/cattle/Texas/24-008749-003/2024(H5N1)	2041	6627
PB2|PP755596.1|A/cattle/Texas/24-008749-003/2024(H5N1)	2042	6485
PB2|PP755596.1|A/cattle/Texas/24-008749-003/2024(H5N1)	2043	6495
PB2|PP755596.1|A/cattle/Texas/24-008749-003/2024(H5N1)	2044	6523
PB2|PP755596.1|A/cattle/Texas/24-008749-003/2024(H5N1)	2045	6545
PB2|PP755596.1|A/cattle/Texas/24-008749-003/2024(H5N1)	2046	6637
PB2|PP755596.1|A/cattle/Texas/24-008749-003/2024(H5N1)	2047	6467
PB2|PP755596.1|A/cattle/Texas/24-008749-003/2024(H5N1)	2048	6521
PB2|PP755596.1|A/cattle/Texas/24-008749-003/2024(H5N1)	2049	6502
PB2|PP755596.1|A/cattle/Texas/24-008749-003/2024(H5N1)	2050	6544
PB2|PP755596.1|A/cattle/Texas/24-008749-003/2024(H5N1)	2051	6681
PB2|PP755596.1|A/cattle/Texas/24-008749-003/2024(H5N1)	2052	6739
PB2|PP755596.1|A/cattle/Texas/24-008749-003/2024(H5N1)	2053	6810
PB2|PP755596.1|A/cattle/Texas/24-008749-003/2024(H5N1)	2054	6832
PB2|PP755596.1|A/cattle/Texas/24-008749-003/2024(H5N1)	2055	6786
PB2|PP755596.1|A/cattle/Texas/24-008749-003/2024(H5N1)	2056	6799
PB2|PP755596.1|A/cattle/Texas/24-008749-003/2024(H5N1)	2057	6712
PB2|PP755596.1|A/cattle/Texas/24-008749-003/2024(H5N1)	2058	6759
PB2|PP755596.1|A/cattle/Texas/24-008749-003/2024(H5N1)	2059	6717
PB2|PP755596.1|A/cattle/Texas/24-008749-003/2024(H5N1)	2060	6656
PB2|PP755596.1|A/cattle/Texas/24-008749-003/2024(H5N1)	2061	6630
PB2|PP755596.1|A/cattle/Texas/24-008749-003/2024(H5N1)	2062	6497
PB2|PP755596.1|A/cattle/Texas/24-008749-003/2024(H5N1)	2063	6427
PB2|PP755596.1|A/cattle/Texas/24-008749-003/2024(H5N1)	2064	6408
PB2|PP755596.1|A/cattle/Texas/24-008749-003/2024(H5N1)	2065	6395
PB2|PP755596.1|A/cattle/Texas/24-008749-003/2024(H5N1)	2066	6333
PB2|PP755596.1|A/cattle/Texas/24-008749-003/2024(H5N1)	2067	6316
PB2|PP755596.1|A/cattle/Texas/24-008749-003/2024(H5N1)	2068	6405
PB2|PP755596.1|A/cattle/Texas/24-008749-003/2024(H5N1)	2069	6385
PB2|PP755596.1|A/cattle/Texas/24-008749-003/2024(H5N1)	2070	6398
PB2|PP755596.1|A/cattle/Texas/24-008749-003/2024(H5N1)	2071	6397
PB2|PP755596.1|A/cattle/Texas/24-008749-003/2024(H5N1)	2072	6380
PB2|PP755596.1|A/cattle/Texas/24-008749-003/2024(H5N1)	2073	6395
PB2|PP755596.1|A/cattle/Texas/24-008749-003/2024(H5N1)	2074	6389
PB2|PP755596.1|A/cattle/Texas/24-008749-003/2024(H5N1)	2075	6378
PB2|PP755596.1|A/cattle/Texas/24-008749-003/2024(H5N1)	2076	6199
PB2|PP755596.1|A/cattle/Texas/24-008749-003/2024(H5N1)	2077	6166
PB2|PP755596.1|A/cattle/Texas/24-008749-003/2024(H5N1)	2078	6156
PB2|PP755596.1|A/cattle/Texas/24-008749-003/2024(H5N1)	2079	6214
PB2|PP755596.1|A/cattle/Texas/24-008749-003/2024(H5N1)	2080	6691
PB2|PP755596.1|A/cattle/Texas/24-008749-003/2024(H5N1)	2081	6653
PB2|PP755596.1|A/cattle/Texas/24-008749-003/2024(H5N1)	2082	6646
PB2|PP755596.1|A/cattle/Texas/24-008749-003/2024(H5N1)	2083	6590
PB2|PP755596.1|A/cattle/Texas/24-008749-003/2024(H5N1)	2084	6596
PB2|PP755596.1|A/cattle/Texas/24-008749-003/2024(H5N1)	2085	6590
PB2|PP755596.1|A/cattle/Texas/24-008749-003/2024(H5N1)	2086	6607
PB2|PP755596.1|A/cattle/Texas/24-008749-003/2024(H5N1)	2087	6602
PB2|PP755596.1|A/cattle/Texas/24-008749-003/2024(H5N1)	2088	6705
PB2|PP755596.1|A/cattle/Texas/24-008749-003/2024(H5N1)	2089	6699
PB2|PP755596.1|A/cattle/Texas/24-008749-003/2024(H5N1)	2090	6655
PB2|PP755596.1|A/cattle/Texas/24-008749-003/2024(H5N1)	2091	6662
PB2|PP755596.1|A/cattle/Texas/24-008749-003/2024(H5N1)	2092	6666
PB2|PP755596.1|A/cattle/Texas/24-008749-003/2024(H5N1)	2093	6675
PB2|PP755596.1|A/cattle/Texas/24-008749-003/2024(H5N1)	2094	6598
PB2|PP755596.1|A/cattle/Texas/24-008749-003/2024(H5N1)	2095	6582
PB2|PP755596.1|A/cattle/Texas/24-008749-003/2024(H5N1)	2096	6733
PB2|PP755596.1|A/cattle/Texas/24-008749-003/2024(H5N1)	2097	6731
PB2|PP755596.1|A/cattle/Texas/24-008749-003/2024(H5N1)	2098	6761
PB2|PP755596.1|A/cattle/Texas/24-008749-003/2024(H5N1)	2099	6888
PB2|PP755596.1|A/cattle/Texas/24-008749-003/2024(H5N1)	2100	6886
PB2|PP755596.1|A/cattle/Texas/24-008749-003/2024(H5N1)	2101	6877
PB2|PP755596.1|A/cattle/Texas/24-008749-003/2024(H5N1)	2102	6884
PB2|PP755596.1|A/cattle/Texas/24-008749-003/2024(H5N1)	2103	6908
PB2|PP755596.1|A/cattle/Texas/24-008749-003/2024(H5N1)	2104	6895
PB2|PP755596.1|A/cattle/Texas/24-008749-003/2024(H5N1)	2105	6894
PB2|PP755596.1|A/cattle/Texas/24-008749-003/2024(H5N1)	2106	6744
PB2|PP755596.1|A/cattle/Texas/24-008749-003/2024(H5N1)	2107	6747
PB2|PP755596.1|A/cattle/Texas/24-008749-003/2024(H5N1)	2108	6766
PB2|PP755596.1|A/cattle/Texas/24-008749-003/2024(H5N1)	2109	6766
PB2|PP755596.1|A/cattle/Texas/24-008749-003/2024(H5N1)	2110	6734
PB2|PP755596.1|A/cattle/Texas/24-008749-003/2024(H5N1)	2111	7577
PB2|PP755596.1|A/cattle/Texas/24-008749-003/2024(H5N1)	2112	7552
PB2|PP755596.1|A/cattle/Texas/24-008749-003/2024(H5N1)	2113	7558
PB2|PP755596.1|A/cattle/Texas/24-008749-003/2024(H5N1)	2114	8210
PB2|PP755596.1|A/cattle/Texas/24-008749-003/2024(H5N1)	2115	8167
PB2|PP755596.1|A/cattle/Texas/24-008749-003/2024(H5N1)	2116	8136
PB2|PP755596.1|A/cattle/Texas/24-008749-003/2024(H5N1)	2117	8105
PB2|PP755596.1|A/cattle/Texas/24-008749-003/2024(H5N1)	2118	8006
PB2|PP755596.1|A/cattle/Texas/24-008749-003/2024(H5N1)	2119	8182
PB2|PP755596.1|A/cattle/Texas/24-008749-003/2024(H5N1)	2120	8147
PB2|PP755596.1|A/cattle/Texas/24-008749-003/2024(H5N1)	2121	8153
PB2|PP755596.1|A/cattle/Texas/24-008749-003/2024(H5N1)	2122	8045
PB2|PP755596.1|A/cattle/Texas/24-008749-003/2024(H5N1)	2123	7150
PB2|PP755596.1|A/cattle/Texas/24-008749-003/2024(H5N1)	2124	7212
PB2|PP755596.1|A/cattle/Texas/24-008749-003/2024(H5N1)	2125	7198
PB2|PP755596.1|A/cattle/Texas/24-008749-003/2024(H5N1)	2126	7235
PB2|PP755596.1|A/cattle/Texas/24-008749-003/2024(H5N1)	2127	7321
PB2|PP755596.1|A/cattle/Texas/24-008749-003/2024(H5N1)	2128	7279
PB2|PP755596.1|A/cattle/Texas/24-008749-003/2024(H5N1)	2129	7394
PB2|PP755596.1|A/cattle/Texas/24-008749-003/2024(H5N1)	2130	7440
PB2|PP755596.1|A/cattle/Texas/24-008749-003/2024(H5N1)	2131	7416
PB2|PP755596.1|A/cattle/Texas/24-008749-003/2024(H5N1)	2132	7386
PB2|PP755596.1|A/cattle/Texas/24-008749-003/2024(H5N1)	2133	7324
PB2|PP755596.1|A/cattle/Texas/24-008749-003/2024(H5N1)	2134	7355
PB2|PP755596.1|A/cattle/Texas/24-008749-003/2024(H5N1)	2135	7271
PB2|PP755596.1|A/cattle/Texas/24-008749-003/2024(H5N1)	2136	7287
PB2|PP755596.1|A/cattle/Texas/24-008749-003/2024(H5N1)	2137	7250
PB2|PP755596.1|A/cattle/Texas/24-008749-003/2024(H5N1)	2138	7306
PB2|PP755596.1|A/cattle/Texas/24-008749-003/2024(H5N1)	2139	7350
PB2|PP755596.1|A/cattle/Texas/24-008749-003/2024(H5N1)	2140	7328
PB2|PP755596.1|A/cattle/Texas/24-008749-003/2024(H5N1)	2141	7330
PB2|PP755596.1|A/cattle/Texas/24-008749-003/2024(H5N1)	2142	7213
PB2|PP755596.1|A/cattle/Texas/24-008749-003/2024(H5N1)	2143	7160
PB2|PP755596.1|A/cattle/Texas/24-008749-003/2024(H5N1)	2144	7155
PB2|PP755596.1|A/cattle/Texas/24-008749-003/2024(H5N1)	2145	7086
PB2|PP755596.1|A/cattle/Texas/24-008749-003/2024(H5N1)	2146	7014
PB2|PP755596.1|A/cattle/Texas/24-008749-003/2024(H5N1)	2147	7016
PB2|PP755596.1|A/cattle/Texas/24-008749-003/2024(H5N1)	2148	7180
PB2|PP755596.1|A/cattle/Texas/24-008749-003/2024(H5N1)	2149	7276
PB2|PP755596.1|A/cattle/Texas/24-008749-003/2024(H5N1)	2150	7285
PB2|PP755596.1|A/cattle/Texas/24-008749-003/2024(H5N1)	2151	7288
PB2|PP755596.1|A/cattle/Texas/24-008749-003/2024(H5N1)	2152	7277
PB2|PP755596.1|A/cattle/Texas/24-008749-003/2024(H5N1)	2153	7097
PB2|PP755596.1|A/cattle/Texas/24-008749-003/2024(H5N1)	2154	7136
PB2|PP755596.1|A/cattle/Texas/24-008749-003/2024(H5N1)	2155	7192
PB2|PP755596.1|A/cattle/Texas/24-008749-003/2024(H5N1)	2156	7201
PB2|PP755596.1|A/cattle/Texas/24-008749-003/2024(H5N1)	2157	7146
PB2|PP755596.1|A/cattle/Texas/24-008749-003/2024(H5N1)	2158	7171
PB2|PP755596.1|A/cattle/Texas/24-008749-003/2024(H5N1)	2159	7143
PB2|PP755596.1|A/cattle/Texas/24-008749-003/2024(H5N1)	2160	7135
PB2|PP755596.1|A/cattle/Texas/24-008749-003/2024(H5N1)	2161	7253
PB2|PP755596.1|A/cattle/Texas/24-008749-003/2024(H5N1)	2162	7298
PB2|PP755596.1|A/cattle/Texas/24-008749-003/2024(H5N1)	2163	7247
PB2|PP755596.1|A/cattle/Texas/24-008749-003/2024(H5N1)	2164	8421
PB2|PP755596.1|A/cattle/Texas/24-008749-003/2024(H5N1)	2165	8493
PB2|PP755596.1|A/cattle/Texas/24-008749-003/2024(H5N1)	2166	8464
PB2|PP755596.1|A/cattle/Texas/24-008749-003/2024(H5N1)	2167	8398
PB2|PP755596.1|A/cattle/Texas/24-008749-003/2024(H5N1)	2168	8467
PB2|PP755596.1|A/cattle/Texas/24-008749-003/2024(H5N1)	2169	8438
PB2|PP755596.1|A/cattle/Texas/24-008749-003/2024(H5N1)	2170	8474
PB2|PP755596.1|A/cattle/Texas/24-008749-003/2024(H5N1)	2171	8316
PB2|PP755596.1|A/cattle/Texas/24-008749-003/2024(H5N1)	2172	8252
PB2|PP755596.1|A/cattle/Texas/24-008749-003/2024(H5N1)	2173	8241
PB2|PP755596.1|A/cattle/Texas/24-008749-003/2024(H5N1)	2174	8226
PB2|PP755596.1|A/cattle/Texas/24-008749-003/2024(H5N1)	2175	8195
PB2|PP755596.1|A/cattle/Texas/24-008749-003/2024(H5N1)	2176	8174
PB2|PP755596.1|A/cattle/Texas/24-008749-003/2024(H5N1)	2177	8147
PB2|PP755596.1|A/cattle/Texas/24-008749-003/2024(H5N1)	2178	8108
PB2|PP755596.1|A/cattle/Texas/24-008749-003/2024(H5N1)	2179	8092
PB2|PP755596.1|A/cattle/Texas/24-008749-003/2024(H5N1)	2180	8094
PB2|PP755596.1|A/cattle/Texas/24-008749-003/2024(H5N1)	2181	8077
PB2|PP755596.1|A/cattle/Texas/24-008749-003/2024(H5N1)	2182	8105
PB2|PP755596.1|A/cattle/Texas/24-008749-003/2024(H5N1)	2183	8096
PB2|PP755596.1|A/cattle/Texas/24-008749-003/2024(H5N1)	2184	8075
PB2|PP755596.1|A/cattle/Texas/24-008749-003/2024(H5N1)	2185	8078
PB2|PP755596.1|A/cattle/Texas/24-008749-003/2024(H5N1)	2186	8105
PB2|PP755596.1|A/cattle/Texas/24-008749-003/2024(H5N1)	2187	8103
PB2|PP755596.1|A/cattle/Texas/24-008749-003/2024(H5N1)	2188	8117
PB2|PP755596.1|A/cattle/Texas/24-008749-003/2024(H5N1)	2189	8031
PB2|PP755596.1|A/cattle/Texas/24-008749-003/2024(H5N1)	2190	8008
PB2|PP755596.1|A/cattle/Texas/24-008749-003/2024(H5N1)	2191	7933
PB2|PP755596.1|A/cattle/Texas/24-008749-003/2024(H5N1)	2192	7935
PB2|PP755596.1|A/cattle/Texas/24-008749-003/2024(H5N1)	2193	7854
PB2|PP755596.1|A/cattle/Texas/24-008749-003/2024(H5N1)	2194	7896
PB2|PP755596.1|A/cattle/Texas/24-008749-003/2024(H5N1)	2195	7769
PB2|PP755596.1|A/cattle/Texas/24-008749-003/2024(H5N1)	2196	7758
PB2|PP755596.1|A/cattle/Texas/24-008749-003/2024(H5N1)	2197	7559
PB2|PP755596.1|A/cattle/Texas/24-008749-003/2024(H5N1)	2198	7495
PB2|PP755596.1|A/cattle/Texas/24-008749-003/2024(H5N1)	2199	7439
PB2|PP755596.1|A/cattle/Texas/24-008749-003/2024(H5N1)	2200	7438
PB2|PP755596.1|A/cattle/Texas/24-008749-003/2024(H5N1)	2201	7319
PB2|PP755596.1|A/cattle/Texas/24-008749-003/2024(H5N1)	2202	7281
PB2|PP755596.1|A/cattle/Texas/24-008749-003/2024(H5N1)	2203	7123
PB2|PP755596.1|A/cattle/Texas/24-008749-003/2024(H5N1)	2204	7014
PB2|PP755596.1|A/cattle/Texas/24-008749-003/2024(H5N1)	2205	6995
PB2|PP755596.1|A/cattle/Texas/24-008749-003/2024(H5N1)	2206	6981
PB2|PP755596.1|A/cattle/Texas/24-008749-003/2024(H5N1)	2207	6968
PB2|PP755596.1|A/cattle/Texas/24-008749-003/2024(H5N1)	2208	6946
PB2|PP755596.1|A/cattle/Texas/24-008749-003/2024(H5N1)	2209	6897
PB2|PP755596.1|A/cattle/Texas/24-008749-003/2024(H5N1)	2210	6892
PB2|PP755596.1|A/cattle/Texas/24-008749-003/2024(H5N1)	2211	6872
PB2|PP755596.1|A/cattle/Texas/24-008749-003/2024(H5N1)	2212	6860
PB2|PP755596.1|A/cattle/Texas/24-008749-003/2024(H5N1)	2213	6861
PB2|PP755596.1|A/cattle/Texas/24-008749-003/2024(H5N1)	2214	6822
PB2|PP755596.1|A/cattle/Texas/24-008749-003/2024(H5N1)	2215	6806
PB2|PP755596.1|A/cattle/Texas/24-008749-003/2024(H5N1)	2216	6793
PB2|PP755596.1|A/cattle/Texas/24-008749-003/2024(H5N1)	2217	6813
PB2|PP755596.1|A/cattle/Texas/24-008749-003/2024(H5N1)	2218	6798
PB2|PP755596.1|A/cattle/Texas/24-008749-003/2024(H5N1)	2219	6715
PB2|PP755596.1|A/cattle/Texas/24-008749-003/2024(H5N1)	2220	6710
PB2|PP755596.1|A/cattle/Texas/24-008749-003/2024(H5N1)	2221	6688
PB2|PP755596.1|A/cattle/Texas/24-008749-003/2024(H5N1)	2222	6745
PB2|PP755596.1|A/cattle/Texas/24-008749-003/2024(H5N1)	2223	6734
PB2|PP755596.1|A/cattle/Texas/24-008749-003/2024(H5N1)	2224	6729
PB2|PP755596.1|A/cattle/Texas/24-008749-003/2024(H5N1)	2225	6726
PB2|PP755596.1|A/cattle/Texas/24-008749-003/2024(H5N1)	2226	6660
PB2|PP755596.1|A/cattle/Texas/24-008749-003/2024(H5N1)	2227	6658
PB2|PP755596.1|A/cattle/Texas/24-008749-003/2024(H5N1)	2228	6631
PB2|PP755596.1|A/cattle/Texas/24-008749-003/2024(H5N1)	2229	6499
PB2|PP755596.1|A/cattle/Texas/24-008749-003/2024(H5N1)	2230	6505
PB2|PP755596.1|A/cattle/Texas/24-008749-003/2024(H5N1)	2231	5750
PB2|PP755596.1|A/cattle/Texas/24-008749-003/2024(H5N1)	2232	5749
PB2|PP755596.1|A/cattle/Texas/24-008749-003/2024(H5N1)	2233	5681
PB2|PP755596.1|A/cattle/Texas/24-008749-003/2024(H5N1)	2234	5668
PB2|PP755596.1|A/cattle/Texas/24-008749-003/2024(H5N1)	2235	5646
PB2|PP755596.1|A/cattle/Texas/24-008749-003/2024(H5N1)	2236	5648
PB2|PP755596.1|A/cattle/Texas/24-008749-003/2024(H5N1)	2237	5548
PB2|PP755596.1|A/cattle/Texas/24-008749-003/2024(H5N1)	2238	5575
PB2|PP755596.1|A/cattle/Texas/24-008749-003/2024(H5N1)	2239	5326
PB2|PP755596.1|A/cattle/Texas/24-008749-003/2024(H5N1)	2240	5343
PB2|PP755596.1|A/cattle/Texas/24-008749-003/2024(H5N1)	2241	5322
PB2|PP755596.1|A/cattle/Texas/24-008749-003/2024(H5N1)	2242	5314
PB2|PP755596.1|A/cattle/Texas/24-008749-003/2024(H5N1)	2243	5291
PB2|PP755596.1|A/cattle/Texas/24-008749-003/2024(H5N1)	2244	5293
PB2|PP755596.1|A/cattle/Texas/24-008749-003/2024(H5N1)	2245	5287
PB2|PP755596.1|A/cattle/Texas/24-008749-003/2024(H5N1)	2246	5281
PB2|PP755596.1|A/cattle/Texas/24-008749-003/2024(H5N1)	2247	5025
PB2|PP755596.1|A/cattle/Texas/24-008749-003/2024(H5N1)	2248	5023
PB2|PP755596.1|A/cattle/Texas/24-008749-003/2024(H5N1)	2249	4770
PB2|PP755596.1|A/cattle/Texas/24-008749-003/2024(H5N1)	2250	4772
PB2|PP755596.1|A/cattle/Texas/24-008749-003/2024(H5N1)	2251	4757
PB2|PP755596.1|A/cattle/Texas/24-008749-003/2024(H5N1)	2252	4743
PB2|PP755596.1|A/cattle/Texas/24-008749-003/2024(H5N1)	2253	4722
PB2|PP755596.1|A/cattle/Texas/24-008749-003/2024(H5N1)	2254	4707
PB2|PP755596.1|A/cattle/Texas/24-008749-003/2024(H5N1)	2255	4709
PB2|PP755596.1|A/cattle/Texas/24-008749-003/2024(H5N1)	2256	4706
PB2|PP755596.1|A/cattle/Texas/24-008749-003/2024(H5N1)	2257	4694
PB2|PP755596.1|A/cattle/Texas/24-008749-003/2024(H5N1)	2258	4657
PB2|PP755596.1|A/cattle/Texas/24-008749-003/2024(H5N1)	2259	4575
PB2|PP755596.1|A/cattle/Texas/24-008749-003/2024(H5N1)	2260	4545
PB2|PP755596.1|A/cattle/Texas/24-008749-003/2024(H5N1)	2261	4537
PB2|PP755596.1|A/cattle/Texas/24-008749-003/2024(H5N1)	2262	4533
PB2|PP755596.1|A/cattle/Texas/24-008749-003/2024(H5N1)	2263	4518
PB2|PP755596.1|A/cattle/Texas/24-008749-003/2024(H5N1)	2264	4457
PB2|PP755596.1|A/cattle/Texas/24-008749-003/2024(H5N1)	2265	4025
PB2|PP755596.1|A/cattle/Texas/24-008749-003/2024(H5N1)	2266	4025
PB2|PP755596.1|A/cattle/Texas/24-008749-003/2024(H5N1)	2267	3949
PB2|PP755596.1|A/cattle/Texas/24-008749-003/2024(H5N1)	2268	3946
PB2|PP755596.1|A/cattle/Texas/24-008749-003/2024(H5N1)	2269	3940
PB2|PP755596.1|A/cattle/Texas/24-008749-003/2024(H5N1)	2270	3811
PB2|PP755596.1|A/cattle/Texas/24-008749-003/2024(H5N1)	2271	3810
PB2|PP755596.1|A/cattle/Texas/24-008749-003/2024(H5N1)	2272	3796
PB2|PP755596.1|A/cattle/Texas/24-008749-003/2024(H5N1)	2273	3791
PB2|PP755596.1|A/cattle/Texas/24-008749-003/2024(H5N1)	2274	3741
PB2|PP755596.1|A/cattle/Texas/24-008749-003/2024(H5N1)	2275	3738
PB2|PP755596.1|A/cattle/Texas/24-008749-003/2024(H5N1)	2276	3735
PB2|PP755596.1|A/cattle/Texas/24-008749-003/2024(H5N1)	2277	3653
PB2|PP755596.1|A/cattle/Texas/24-008749-003/2024(H5N1)	2278	3557
PB2|PP755596.1|A/cattle/Texas/24-008749-003/2024(H5N1)	2279	3385
PB2|PP755596.1|A/cattle/Texas/24-008749-003/2024(H5N1)	2280	3321
