PA|PP755594.1|A/cattle/Texas/24-008749-003/2024(H5N1)	1	5840
PA|PP755594.1|A/cattle/Texas/24-008749-003/2024(H5N1)	2	5852
PA|PP755594.1|A/cattle/Texas/24-008749-003/2024(H5N1)	3	5917
PA|PP755594.1|A/cattle/Texas/24-008749-003/2024(H5N1)	4	5924
PA|PP755594.1|A/cattle/Texas/24-008749-003/2024(H5N1)	5	5931
PA|PP755594.1|A/cattle/Texas/24-008749-003/2024(H5N1)	6	5939
PA|PP755594.1|A/cattle/Texas/24-008749-003/2024(H5N1)	7	5990
PA|PP755594.1|A/cattle/Texas/24-008749-003/2024(H5N1)	8	6101
PA|PP755594.1|A/cattle/Texas/24-008749-003/2024(H5N1)	9	6136
PA|PP755594.1|A/cattle/Texas/24-008749-003/2024(H5N1)	10	6148
PA|PP755594.1|A/cattle/Texas/24-008749-003/2024(H5N1)	11	6254
PA|PP755594.1|A/cattle/Texas/24-008749-003/2024(H5N1)	12	6254
PA|PP755594.1|A/cattle/Texas/24-008749-003/2024(H5N1)	13	6361
PA|PP755594.1|A/cattle/Texas/24-008749-003/2024(H5N1)	14	6367
PA|PP755594.1|A/cattle/Texas/24-008749-003/2024(H5N1)	15	6371
PA|PP755594.1|A/cattle/Texas/24-008749-003/2024(H5N1)	16	6455
PA|PP755594.1|A/cattle/Texas/24-008749-003/2024(H5N1)	17	6456
PA|PP755594.1|A/cattle/Texas/24-008749-003/2024(H5N1)	18	6596
PA|PP755594.1|A/cattle/Texas/24-008749-003/2024(H5N1)	19	6661
PA|PP755594.1|A/cattle/Texas/24-008749-003/2024(H5N1)	20	6674
PA|PP755594.1|A/cattle/Texas/24-008749-003/2024(H5N1)	21	6744
PA|PP755594.1|A/cattle/Texas/24-008749-003/2024(H5N1)	22	6783
PA|PP755594.1|A/cattle/Texas/24-008749-003/2024(H5N1)	23	6948
PA|PP755594.1|A/cattle/Texas/24-008749-003/2024(H5N1)	24	7163
PA|PP755594.1|A/cattle/Texas/24-008749-003/2024(H5N1)	25	7176
PA|PP755594.1|A/cattle/Texas/24-008749-003/2024(H5N1)	26	7183
PA|PP755594.1|A/cattle/Texas/24-008749-003/2024(H5N1)	27	7186
PA|PP755594.1|A/cattle/Texas/24-008749-003/2024(H5N1)	28	7215
PA|PP755594.1|A/cattle/Texas/24-008749-003/2024(H5N1)	29	7573
PA|PP755594.1|A/cattle/Texas/24-008749-003/2024(H5N1)	30	7588
PA|PP755594.1|A/cattle/Texas/24-008749-003/2024(H5N1)	31	7615
PA|PP755594.1|A/cattle/Texas/24-008749-003/2024(H5N1)	32	7615
PA|PP755594.1|A/cattle/Texas/24-008749-003/2024(H5N1)	33	7506
PA|PP755594.1|A/cattle/Texas/24-008749-003/2024(H5N1)	34	7652
PA|PP755594.1|A/cattle/Texas/24-008749-003/2024(H5N1)	35	7722
PA|PP755594.1|A/cattle/Texas/24-008749-003/2024(H5N1)	36	7727
PA|PP755594.1|A/cattle/Texas/24-008749-003/2024(H5N1)	37	7824
PA|PP755594.1|A/cattle/Texas/24-008749-003/2024(H5N1)	38	7854
PA|PP755594.1|A/cattle/Texas/24-008749-003/2024(H5N1)	39	7882
PA|PP755594.1|A/cattle/Texas/24-008749-003/2024(H5N1)	40	7885
PA|PP755594.1|A/cattle/Texas/24-008749-003/2024(H5N1)	41	7907
PA|PP755594.1|A/cattle/Texas/24-008749-003/2024(H5N1)	42	7925
PA|PP755594.1|A/cattle/Texas/24-008749-003/2024(H5N1)	43	7928
PA|PP755594.1|A/cattle/Texas/24-008749-003/2024(H5N1)	44	7977
PA|PP755594.1|A/cattle/Texas/24-008749-003/2024(H5N1)	45	7991
PA|PP755594.1|A/cattle/Texas/24-008749-003/2024(H5N1)	46	8006
PA|PP755594.1|A/cattle/Texas/24-008749-003/2024(H5N1)	47	8005
PA|PP755594.1|A/cattle/Texas/24-008749-003/2024(H5N1)	48	7959
PA|PP755594.1|A/cattle/Texas/24-008749-003/2024(H5N1)	49	7992
PA|PP755594.1|A/cattle/Texas/24-008749-003/2024(H5N1)	50	8028
PA|PP755594.1|A/cattle/Texas/24-008749-003/2024(H5N1)	51	8070
PA|PP755594.1|A/cattle/Texas/24-008749-003/2024(H5N1)	52	8097
PA|PP755594.1|A/cattle/Texas/24-008749-003/2024(H5N1)	53	8113
PA|PP755594.1|A/cattle/Texas/24-008749-003/2024(H5N1)	54	8131
PA|PP755594.1|A/cattle/Texas/24-008749-003/2024(H5N1)	55	8132
PA|PP755594.1|A/cattle/Texas/24-008749-003/2024(H5N1)	56	8142
PA|PP755594.1|A/cattle/Texas/24-008749-003/2024(H5N1)	57	8249
PA|PP755594.1|A/cattle/Texas/24-008749-003/2024(H5N1)	58	8239
PA|PP755594.1|A/cattle/Texas/24-008749-003/2024(H5N1)	59	8297
PA|PP755594.1|A/cattle/Texas/24-008749-003/2024(H5N1)	60	8299
PA|PP755594.1|A/cattle/Texas/24-008749-003/2024(H5N1)	61	8375
PA|PP755594.1|A/cattle/Texas/24-008749-003/2024(H5N1)	62	8465
PA|PP755594.1|A/cattle/Texas/24-008749-003/2024(H5N1)	63	8547
PA|PP755594.1|A/cattle/Texas/24-008749-003/2024(H5N1)	64	8627
PA|PP755594.1|A/cattle/Texas/24-008749-003/2024(H5N1)	65	8634
PA|PP755594.1|A/cattle/Texas/24-008749-003/2024(H5N1)	66	8616
PA|PP755594.1|A/cattle/Texas/24-008749-003/2024(H5N1)	67	8752
PA|PP755594.1|A/cattle/Texas/24-008749-003/2024(H5N1)	68	8825
PA|PP755594.1|A/cattle/Texas/24-008749-003/2024(H5N1)	69	9387
PA|PP755594.1|A/cattle/Texas/24-008749-003/2024(H5N1)	70	9404
PA|PP755594.1|A/cattle/Texas/24-008749-003/2024(H5N1)	71	9461
PA|PP755594.1|A/cattle/Texas/24-008749-003/2024(H5N1)	72	9474
PA|PP755594.1|A/cattle/Texas/24-008749-003/2024(H5N1)	73	9471
PA|PP755594.1|A/cattle/Texas/24-008749-003/2024(H5N1)	74	9543
PA|PP755594.1|A/cattle/Texas/24-008749-003/2024(H5N1)	75	9538
PA|PP755594.1|A/cattle/Texas/24-008749-003/2024(H5N1)	76	9488
PA|PP755594.1|A/cattle/Texas/24-008749-003/2024(H5N1)	77	9490
PA|PP755594.1|A/cattle/Texas/24-008749-003/2024(H5N1)	78	9462
PA|PP755594.1|A/cattle/Texas/24-008749-003/2024(H5N1)	79	9484
PA|PP755594.1|A/cattle/Texas/24-008749-003/2024(H5N1)	80	9495
PA|PP755594.1|A/cattle/Texas/24-008749-003/2024(H5N1)	81	9513
PA|PP755594.1|A/cattle/Texas/24-008749-003/2024(H5N1)	82	9533
PA|PP755594.1|A/cattle/Texas/24-008749-003/2024(H5N1)	83	9541
PA|PP755594.1|A/cattle/Texas/24-008749-003/2024(H5N1)	84	9540
PA|PP755594.1|A/cattle/Texas/24-008749-003/2024(H5N1)	85	9534
PA|PP755594.1|A/cattle/Texas/24-008749-003/2024(H5N1)	86	9531
PA|PP755594.1|A/cattle/Texas/24-008749-003/2024(H5N1)	87	9527
PA|PP755594.1|A/cattle/Texas/24-008749-003/2024(H5N1)	88	9506
PA|PP755594.1|A/cattle/Texas/24-008749-003/2024(H5N1)	89	9503
PA|PP755594.1|A/cattle/Texas/24-008749-003/2024(H5N1)	90	6703
PA|PP755594.1|A/cattle/Texas/24-008749-003/2024(H5N1)	91	6625
PA|PP755594.1|A/cattle/Texas/24-008749-003/2024(H5N1)	92	6625
PA|PP755594.1|A/cattle/Texas/24-008749-003/2024(H5N1)	93	6623
PA|PP755594.1|A/cattle/Texas/24-008749-003/2024(H5N1)	94	6623
PA|PP755594.1|A/cattle/Texas/24-008749-003/2024(H5N1)	95	6623
PA|PP755594.1|A/cattle/Texas/24-008749-003/2024(H5N1)	96	6617
PA|PP755594.1|A/cattle/Texas/24-008749-003/2024(H5N1)	97	6681
PA|PP755594.1|A/cattle/Texas/24-008749-003/2024(H5N1)	98	6684
PA|PP755594.1|A/cattle/Texas/24-008749-003/2024(H5N1)	99	6685
PA|PP755594.1|A/cattle/Texas/24-008749-003/2024(H5N1)	100	6685
PA|PP755594.1|A/cattle/Texas/24-008749-003/2024(H5N1)	101	6685
PA|PP755594.1|A/cattle/Texas/24-008749-003/2024(H5N1)	102	6684
PA|PP755594.1|A/cattle/Texas/24-008749-003/2024(H5N1)	103	6728
PA|PP755594.1|A/cattle/Texas/24-008749-003/2024(H5N1)	104	6728
PA|PP755594.1|A/cattle/Texas/24-008749-003/2024(H5N1)	105	6728
PA|PP755594.1|A/cattle/Texas/24-008749-003/2024(H5N1)	106	6728
PA|PP755594.1|A/cattle/Texas/24-008749-003/2024(H5N1)	107	6857
PA|PP755594.1|A/cattle/Texas/24-008749-003/2024(H5N1)	108	6861
PA|PP755594.1|A/cattle/Texas/24-008749-003/2024(H5N1)	109	7748
PA|PP755594.1|A/cattle/Texas/24-008749-003/2024(H5N1)	110	7858
PA|PP755594.1|A/cattle/Texas/24-008749-003/2024(H5N1)	111	8004
PA|PP755594.1|A/cattle/Texas/24-008749-003/2024(H5N1)	112	8057
PA|PP755594.1|A/cattle/Texas/24-008749-003/2024(H5N1)	113	8079
PA|PP755594.1|A/cattle/Texas/24-008749-003/2024(H5N1)	114	8172
PA|PP755594.1|A/cattle/Texas/24-008749-003/2024(H5N1)	115	8175
PA|PP755594.1|A/cattle/Texas/24-008749-003/2024(H5N1)	116	8165
PA|PP755594.1|A/cattle/Texas/24-008749-003/2024(H5N1)	117	8159
PA|PP755594.1|A/cattle/Texas/24-008749-003/2024(H5N1)	118	8079
PA|PP755594.1|A/cattle/Texas/24-008749-003/2024(H5N1)	119	8078
PA|PP755594.1|A/cattle/Texas/24-008749-003/2024(H5N1)	120	8024
PA|PP755594.1|A/cattle/Texas/24-008749-003/2024(H5N1)	121	8396
PA|PP755594.1|A/cattle/Texas/24-008749-003/2024(H5N1)	122	8386
PA|PP755594.1|A/cattle/Texas/24-008749-003/2024(H5N1)	123	8312
PA|PP755594.1|A/cattle/Texas/24-008749-003/2024(H5N1)	124	8333
PA|PP755594.1|A/cattle/Texas/24-008749-003/2024(H5N1)	125	8339
PA|PP755594.1|A/cattle/Texas/24-008749-003/2024(H5N1)	126	8318
PA|PP755594.1|A/cattle/Texas/24-008749-003/2024(H5N1)	127	9484
PA|PP755594.1|A/cattle/Texas/24-008749-003/2024(H5N1)	128	9626
PA|PP755594.1|A/cattle/Texas/24-008749-003/2024(H5N1)	129	9680
PA|PP755594.1|A/cattle/Texas/24-008749-003/2024(H5N1)	130	9720
PA|PP755594.1|A/cattle/Texas/24-008749-003/2024(H5N1)	131	9675
PA|PP755594.1|A/cattle/Texas/24-008749-003/2024(H5N1)	132	8040
PA|PP755594.1|A/cattle/Texas/24-008749-003/2024(H5N1)	133	8037
PA|PP755594.1|A/cattle/Texas/24-008749-003/2024(H5N1)	134	8212
PA|PP755594.1|A/cattle/Texas/24-008749-003/2024(H5N1)	135	8225
PA|PP755594.1|A/cattle/Texas/24-008749-003/2024(H5N1)	136	8233
PA|PP755594.1|A/cattle/Texas/24-008749-003/2024(H5N1)	137	8239
PA|PP755594.1|A/cattle/Texas/24-008749-003/2024(H5N1)	138	8094
PA|PP755594.1|A/cattle/Texas/24-008749-003/2024(H5N1)	139	8047
PA|PP755594.1|A/cattle/Texas/24-008749-003/2024(H5N1)	140	8267
PA|PP755594.1|A/cattle/Texas/24-008749-003/2024(H5N1)	141	8312
PA|PP755594.1|A/cattle/Texas/24-008749-003/2024(H5N1)	142	8322
PA|PP755594.1|A/cattle/Texas/24-008749-003/2024(H5N1)	143	8283
PA|PP755594.1|A/cattle/Texas/24-008749-003/2024(H5N1)	144	8181
PA|PP755594.1|A/cattle/Texas/24-008749-003/2024(H5N1)	145	8160
PA|PP755594.1|A/cattle/Texas/24-008749-003/2024(H5N1)	146	8217
PA|PP755594.1|A/cattle/Texas/24-008749-003/2024(H5N1)	147	8209
PA|PP755594.1|A/cattle/Texas/24-008749-003/2024(H5N1)	148	8236
PA|PP755594.1|A/cattle/Texas/24-008749-003/2024(H5N1)	149	8263
PA|PP755594.1|A/cattle/Texas/24-008749-003/2024(H5N1)	150	8203
PA|PP755594.1|A/cattle/Texas/24-008749-003/2024(H5N1)	151	8208
PA|PP755594.1|A/cattle/Texas/24-008749-003/2024(H5N1)	152	7906
PA|PP755594.1|A/cattle/Texas/24-008749-003/2024(H5N1)	153	7890
PA|PP755594.1|A/cattle/Texas/24-008749-003/2024(H5N1)	154	7914
PA|PP755594.1|A/cattle/Texas/24-008749-003/2024(H5N1)	155	7908
PA|PP755594.1|A/cattle/Texas/24-008749-003/2024(H5N1)	156	7904
PA|PP755594.1|A/cattle/Texas/24-008749-003/2024(H5N1)	157	7892
PA|PP755594.1|A/cattle/Texas/24-008749-003/2024(H5N1)	158	7821
PA|PP755594.1|A/cattle/Texas/24-008749-003/2024(H5N1)	159	6547
PA|PP755594.1|A/cattle/Texas/24-008749-003/2024(H5N1)	160	6553
PA|PP755594.1|A/cattle/Texas/24-008749-003/2024(H5N1)	161	6552
PA|PP755594.1|A/cattle/Texas/24-008749-003/2024(H5N1)	162	6462
PA|PP755594.1|A/cattle/Texas/24-008749-003/2024(H5N1)	163	6577
PA|PP755594.1|A/cattle/Texas/24-008749-003/2024(H5N1)	164	6614
PA|PP755594.1|A/cattle/Texas/24-008749-003/2024(H5N1)	165	6667
PA|PP755594.1|A/cattle/Texas/24-008749-003/2024(H5N1)	166	6911
PA|PP755594.1|A/cattle/Texas/24-008749-003/2024(H5N1)	167	6965
PA|PP755594.1|A/cattle/Texas/24-008749-003/2024(H5N1)	168	6968
PA|PP755594.1|A/cattle/Texas/24-008749-003/2024(H5N1)	169	6975
PA|PP755594.1|A/cattle/Texas/24-008749-003/2024(H5N1)	170	6945
PA|PP755594.1|A/cattle/Texas/24-008749-003/2024(H5N1)	171	7072
PA|PP755594.1|A/cattle/Texas/24-008749-003/2024(H5N1)	172	7083
PA|PP755594.1|A/cattle/Texas/24-008749-003/2024(H5N1)	173	7095
PA|PP755594.1|A/cattle/Texas/24-008749-003/2024(H5N1)	174	7101
PA|PP755594.1|A/cattle/Texas/24-008749-003/2024(H5N1)	175	7073
PA|PP755594.1|A/cattle/Texas/24-008749-003/2024(H5N1)	176	7126
PA|PP755594.1|A/cattle/Texas/24-008749-003/2024(H5N1)	177	7183
PA|PP755594.1|A/cattle/Texas/24-008749-003/2024(H5N1)	178	7191
PA|PP755594.1|A/cattle/Texas/24-008749-003/2024(H5N1)	179	7038
PA|PP755594.1|A/cattle/Texas/24-008749-003/2024(H5N1)	180	7023
PA|PP755594.1|A/cattle/Texas/24-008749-003/2024(H5N1)	181	7020
PA|PP755594.1|A/cattle/Texas/24-008749-003/2024(H5N1)	182	6904
PA|PP755594.1|A/cattle/Texas/24-008749-003/2024(H5N1)	183	6824
PA|PP755594.1|A/cattle/Texas/24-008749-003/2024(H5N1)	184	6845
PA|PP755594.1|A/cattle/Texas/24-008749-003/2024(H5N1)	185	6858
PA|PP755594.1|A/cattle/Texas/24-008749-003/2024(H5N1)	186	6809
PA|PP755594.1|A/cattle/Texas/24-008749-003/2024(H5N1)	187	6818
PA|PP755594.1|A/cattle/Texas/24-008749-003/2024(H5N1)	188	6756
PA|PP755594.1|A/cattle/Texas/24-008749-003/2024(H5N1)	189	6691
PA|PP755594.1|A/cattle/Texas/24-008749-003/2024(H5N1)	190	6706
PA|PP755594.1|A/cattle/Texas/24-008749-003/2024(H5N1)	191	6888
PA|PP755594.1|A/cattle/Texas/24-008749-003/2024(H5N1)	192	6892
PA|PP755594.1|A/cattle/Texas/24-008749-003/2024(H5N1)	193	6884
PA|PP755594.1|A/cattle/Texas/24-008749-003/2024(H5N1)	194	6840
PA|PP755594.1|A/cattle/Texas/24-008749-003/2024(H5N1)	195	6868
PA|PP755594.1|A/cattle/Texas/24-008749-003/2024(H5N1)	196	6866
PA|PP755594.1|A/cattle/Texas/24-008749-003/2024(H5N1)	197	6866
PA|PP755594.1|A/cattle/Texas/24-008749-003/2024(H5N1)	198	6862
PA|PP755594.1|A/cattle/Texas/24-008749-003/2024(H5N1)	199	6846
PA|PP755594.1|A/cattle/Texas/24-008749-003/2024(H5N1)	200	6860
PA|PP755594.1|A/cattle/Texas/24-008749-003/2024(H5N1)	201	6867
PA|PP755594.1|A/cattle/Texas/24-008749-003/2024(H5N1)	202	6744
PA|PP755594.1|A/cattle/Texas/24-008749-003/2024(H5N1)	203	6757
PA|PP755594.1|A/cattle/Texas/24-008749-003/2024(H5N1)	204	6745
PA|PP755594.1|A/cattle/Texas/24-008749-003/2024(H5N1)	205	6770
PA|PP755594.1|A/cattle/Texas/24-008749-003/2024(H5N1)	206	6846
PA|PP755594.1|A/cattle/Texas/24-008749-003/2024(H5N1)	207	6838
PA|PP755594.1|A/cattle/Texas/24-008749-003/2024(H5N1)	208	6764
PA|PP755594.1|A/cattle/Texas/24-008749-003/2024(H5N1)	209	6730
PA|PP755594.1|A/cattle/Texas/24-008749-003/2024(H5N1)	210	6697
PA|PP755594.1|A/cattle/Texas/24-008749-003/2024(H5N1)	211	5648
PA|PP755594.1|A/cattle/Texas/24-008749-003/2024(H5N1)	212	5615
PA|PP755594.1|A/cattle/Texas/24-008749-003/2024(H5N1)	213	5614
PA|PP755594.1|A/cattle/Texas/24-008749-003/2024(H5N1)	214	5531
PA|PP755594.1|A/cattle/Texas/24-008749-003/2024(H5N1)	215	5562
PA|PP755594.1|A/cattle/Texas/24-008749-003/2024(H5N1)	216	5570
PA|PP755594.1|A/cattle/Texas/24-008749-003/2024(H5N1)	217	5560
PA|PP755594.1|A/cattle/Texas/24-008749-003/2024(H5N1)	218	5458
PA|PP755594.1|A/cattle/Texas/24-008749-003/2024(H5N1)	219	5442
PA|PP755594.1|A/cattle/Texas/24-008749-003/2024(H5N1)	220	5528
PA|PP755594.1|A/cattle/Texas/24-008749-003/2024(H5N1)	221	5531
PA|PP755594.1|A/cattle/Texas/24-008749-003/2024(H5N1)	222	5498
PA|PP755594.1|A/cattle/Texas/24-008749-003/2024(H5N1)	223	6084
PA|PP755594.1|A/cattle/Texas/24-008749-003/2024(H5N1)	224	6111
PA|PP755594.1|A/cattle/Texas/24-008749-003/2024(H5N1)	225	6179
PA|PP755594.1|A/cattle/Texas/24-008749-003/2024(H5N1)	226	6274
PA|PP755594.1|A/cattle/Texas/24-008749-003/2024(H5N1)	227	6279
PA|PP755594.1|A/cattle/Texas/24-008749-003/2024(H5N1)	228	6284
PA|PP755594.1|A/cattle/Texas/24-008749-003/2024(H5N1)	229	6282
PA|PP755594.1|A/cattle/Texas/24-008749-003/2024(H5N1)	230	6351
PA|PP755594.1|A/cattle/Texas/24-008749-003/2024(H5N1)	231	6352
PA|PP755594.1|A/cattle/Texas/24-008749-003/2024(H5N1)	232	6396
PA|PP755594.1|A/cattle/Texas/24-008749-003/2024(H5N1)	233	6385
PA|PP755594.1|A/cattle/Texas/24-008749-003/2024(H5N1)	234	6364
PA|PP755594.1|A/cattle/Texas/24-008749-003/2024(H5N1)	235	6361
PA|PP755594.1|A/cattle/Texas/24-008749-003/2024(H5N1)	236	6360
PA|PP755594.1|A/cattle/Texas/24-008749-003/2024(H5N1)	237	6346
PA|PP755594.1|A/cattle/Texas/24-008749-003/2024(H5N1)	238	6342
PA|PP755594.1|A/cattle/Texas/24-008749-003/2024(H5N1)	239	6319
PA|PP755594.1|A/cattle/Texas/24-008749-003/2024(H5N1)	240	6319
PA|PP755594.1|A/cattle/Texas/24-008749-003/2024(H5N1)	241	6319
PA|PP755594.1|A/cattle/Texas/24-008749-003/2024(H5N1)	242	6315
PA|PP755594.1|A/cattle/Texas/24-008749-003/2024(H5N1)	243	6232
PA|PP755594.1|A/cattle/Texas/24-008749-003/2024(H5N1)	244	6196
PA|PP755594.1|A/cattle/Texas/24-008749-003/2024(H5N1)	245	6159
PA|PP755594.1|A/cattle/Texas/24-008749-003/2024(H5N1)	246	6128
PA|PP755594.1|A/cattle/Texas/24-008749-003/2024(H5N1)	247	6115
PA|PP755594.1|A/cattle/Texas/24-008749-003/2024(H5N1)	248	6062
PA|PP755594.1|A/cattle/Texas/24-008749-003/2024(H5N1)	249	5606
PA|PP755594.1|A/cattle/Texas/24-008749-003/2024(H5N1)	250	5552
PA|PP755594.1|A/cattle/Texas/24-008749-003/2024(H5N1)	251	5630
PA|PP755594.1|A/cattle/Texas/24-008749-003/2024(H5N1)	252	5720
PA|PP755594.1|A/cattle/Texas/24-008749-003/2024(H5N1)	253	5764
PA|PP755594.1|A/cattle/Texas/24-008749-003/2024(H5N1)	254	6737
PA|PP755594.1|A/cattle/Texas/24-008749-003/2024(H5N1)	255	6765
PA|PP755594.1|A/cattle/Texas/24-008749-003/2024(H5N1)	256	6774
PA|PP755594.1|A/cattle/Texas/24-008749-003/2024(H5N1)	257	6778
PA|PP755594.1|A/cattle/Texas/24-008749-003/2024(H5N1)	258	7055
PA|PP755594.1|A/cattle/Texas/24-008749-003/2024(H5N1)	259	7070
PA|PP755594.1|A/cattle/Texas/24-008749-003/2024(H5N1)	260	6810
PA|PP755594.1|A/cattle/Texas/24-008749-003/2024(H5N1)	261	6704
PA|PP755594.1|A/cattle/Texas/24-008749-003/2024(H5N1)	262	6661
PA|PP755594.1|A/cattle/Texas/24-008749-003/2024(H5N1)	263	6683
PA|PP755594.1|A/cattle/Texas/24-008749-003/2024(H5N1)	264	6719
PA|PP755594.1|A/cattle/Texas/24-008749-003/2024(H5N1)	265	6650
PA|PP755594.1|A/cattle/Texas/24-008749-003/2024(H5N1)	266	6637
PA|PP755594.1|A/cattle/Texas/24-008749-003/2024(H5N1)	267	6144
PA|PP755594.1|A/cattle/Texas/24-008749-003/2024(H5N1)	268	6141
PA|PP755594.1|A/cattle/Texas/24-008749-003/2024(H5N1)	269	6052
PA|PP755594.1|A/cattle/Texas/24-008749-003/2024(H5N1)	270	6003
PA|PP755594.1|A/cattle/Texas/24-008749-003/2024(H5N1)	271	6001
PA|PP755594.1|A/cattle/Texas/24-008749-003/2024(H5N1)	272	5673
PA|PP755594.1|A/cattle/Texas/24-008749-003/2024(H5N1)	273	5587
PA|PP755594.1|A/cattle/Texas/24-008749-003/2024(H5N1)	274	5625
PA|PP755594.1|A/cattle/Texas/24-008749-003/2024(H5N1)	275	5615
PA|PP755594.1|A/cattle/Texas/24-008749-003/2024(H5N1)	276	5614
PA|PP755594.1|A/cattle/Texas/24-008749-003/2024(H5N1)	277	5208
PA|PP755594.1|A/cattle/Texas/24-008749-003/2024(H5N1)	278	5195
PA|PP755594.1|A/cattle/Texas/24-008749-003/2024(H5N1)	279	5001
PA|PP755594.1|A/cattle/Texas/24-008749-003/2024(H5N1)	280	5026
PA|PP755594.1|A/cattle/Texas/24-008749-003/2024(H5N1)	281	5009
PA|PP755594.1|A/cattle/Texas/24-008749-003/2024(H5N1)	282	4849
PA|PP755594.1|A/cattle/Texas/24-008749-003/2024(H5N1)	283	4823
PA|PP755594.1|A/cattle/Texas/24-008749-003/2024(H5N1)	284	4823
PA|PP755594.1|A/cattle/Texas/24-008749-003/2024(H5N1)	285	4821
PA|PP755594.1|A/cattle/Texas/24-008749-003/2024(H5N1)	286	4817
PA|PP755594.1|A/cattle/Texas/24-008749-003/2024(H5N1)	287	4806
PA|PP755594.1|A/cattle/Texas/24-008749-003/2024(H5N1)	288	4788
PA|PP755594.1|A/cattle/Texas/24-008749-003/2024(H5N1)	289	4771
PA|PP755594.1|A/cattle/Texas/24-008749-003/2024(H5N1)	290	4766
PA|PP755594.1|A/cattle/Texas/24-008749-003/2024(H5N1)	291	4471
PA|PP755594.1|A/cattle/Texas/24-008749-003/2024(H5N1)	292	4461
PA|PP755594.1|A/cattle/Texas/24-008749-003/2024(H5N1)	293	4444
PA|PP755594.1|A/cattle/Texas/24-008749-003/2024(H5N1)	294	4143
PA|PP755594.1|A/cattle/Texas/24-008749-003/2024(H5N1)	295	4142
PA|PP755594.1|A/cattle/Texas/24-008749-003/2024(H5N1)	296	4130
PA|PP755594.1|A/cattle/Texas/24-008749-003/2024(H5N1)	297	4041
PA|PP755594.1|A/cattle/Texas/24-008749-003/2024(H5N1)	298	4079
PA|PP755594.1|A/cattle/Texas/24-008749-003/2024(H5N1)	299	4079
PA|PP755594.1|A/cattle/Texas/24-008749-003/2024(H5N1)	300	4068
PA|PP755594.1|A/cattle/Texas/24-008749-003/2024(H5N1)	301	4068
PA|PP755594.1|A/cattle/Texas/24-008749-003/2024(H5N1)	302	4060
PA|PP755594.1|A/cattle/Texas/24-008749-003/2024(H5N1)	303	4058
PA|PP755594.1|A/cattle/Texas/24-008749-003/2024(H5N1)	304	4078
PA|PP755594.1|A/cattle/Texas/24-008749-003/2024(H5N1)	305	4061
PA|PP755594.1|A/cattle/Texas/24-008749-003/2024(H5N1)	306	4061
PA|PP755594.1|A/cattle/Texas/24-008749-003/2024(H5N1)	307	4021
PA|PP755594.1|A/cattle/Texas/24-008749-003/2024(H5N1)	308	4009
PA|PP755594.1|A/cattle/Texas/24-008749-003/2024(H5N1)	309	4002
PA|PP755594.1|A/cattle/Texas/24-008749-003/2024(H5N1)	310	3998
PA|PP755594.1|A/cattle/Texas/24-008749-003/2024(H5N1)	311	3995
PA|PP755594.1|A/cattle/Texas/24-008749-003/2024(H5N1)	312	3952
PA|PP755594.1|A/cattle/Texas/24-008749-003/2024(H5N1)	313	3951
PA|PP755594.1|A/cattle/Texas/24-008749-003/2024(H5N1)	314	3873
PA|PP755594.1|A/cattle/Texas/24-008749-003/2024(H5N1)	315	3829
PA|PP755594.1|A/cattle/Texas/24-008749-003/2024(H5N1)	316	3667
PA|PP755594.1|A/cattle/Texas/24-008749-003/2024(H5N1)	317	3661
PA|PP755594.1|A/cattle/Texas/24-008749-003/2024(H5N1)	318	3657
PA|PP755594.1|A/cattle/Texas/24-008749-003/2024(H5N1)	319	3658
PA|PP755594.1|A/cattle/Texas/24-008749-003/2024(H5N1)	320	3593
PA|PP755594.1|A/cattle/Texas/24-008749-003/2024(H5N1)	321	3549
PA|PP755594.1|A/cattle/Texas/24-008749-003/2024(H5N1)	322	3549
PA|PP755594.1|A/cattle/Texas/24-008749-003/2024(H5N1)	323	3548
PA|PP755594.1|A/cattle/Texas/24-008749-003/2024(H5N1)	324	3544
PA|PP755594.1|A/cattle/Texas/24-008749-003/2024(H5N1)	325	3538
PA|PP755594.1|A/cattle/Texas/24-008749-003/2024(H5N1)	326	3494
PA|PP755594.1|A/cattle/Texas/24-008749-003/2024(H5N1)	327	3464
PA|PP755594.1|A/cattle/Texas/24-008749-003/2024(H5N1)	328	3403
PA|PP755594.1|A/cattle/Texas/24-008749-003/2024(H5N1)	329	3386
PA|PP755594.1|A/cattle/Texas/24-008749-003/2024(H5N1)	330	3249
PA|PP755594.1|A/cattle/Texas/24-008749-003/2024(H5N1)	331	3213
PA|PP755594.1|A/cattle/Texas/24-008749-003/2024(H5N1)	332	3201
PA|PP755594.1|A/cattle/Texas/24-008749-003/2024(H5N1)	333	2836
PA|PP755594.1|A/cattle/Texas/24-008749-003/2024(H5N1)	334	2833
PA|PP755594.1|A/cattle/Texas/24-008749-003/2024(H5N1)	335	2807
PA|PP755594.1|A/cattle/Texas/24-008749-003/2024(H5N1)	336	2791
PA|PP755594.1|A/cattle/Texas/24-008749-003/2024(H5N1)	337	2784
PA|PP755594.1|A/cattle/Texas/24-008749-003/2024(H5N1)	338	2772
PA|PP755594.1|A/cattle/Texas/24-008749-003/2024(H5N1)	339	2771
PA|PP755594.1|A/cattle/Texas/24-008749-003/2024(H5N1)	340	2772
PA|PP755594.1|A/cattle/Texas/24-008749-003/2024(H5N1)	341	2772
PA|PP755594.1|A/cattle/Texas/24-008749-003/2024(H5N1)	342	2772
PA|PP755594.1|A/cattle/Texas/24-008749-003/2024(H5N1)	343	2772
PA|PP755594.1|A/cattle/Texas/24-008749-003/2024(H5N1)	344	2768
PA|PP755594.1|A/cattle/Texas/24-008749-003/2024(H5N1)	345	2764
PA|PP755594.1|A/cattle/Texas/24-008749-003/2024(H5N1)	346	2725
PA|PP755594.1|A/cattle/Texas/24-008749-003/2024(H5N1)	347	2725
PA|PP755594.1|A/cattle/Texas/24-008749-003/2024(H5N1)	348	2725
PA|PP755594.1|A/cattle/Texas/24-008749-003/2024(H5N1)	349	2719
PA|PP755594.1|A/cattle/Texas/24-008749-003/2024(H5N1)	350	2718
PA|PP755594.1|A/cattle/Texas/24-008749-003/2024(H5N1)	351	2679
PA|PP755594.1|A/cattle/Texas/24-008749-003/2024(H5N1)	352	2673
PA|PP755594.1|A/cattle/Texas/24-008749-003/2024(H5N1)	353	2664
PA|PP755594.1|A/cattle/Texas/24-008749-003/2024(H5N1)	354	2644
PA|PP755594.1|A/cattle/Texas/24-008749-003/2024(H5N1)	355	2642
PA|PP755594.1|A/cattle/Texas/24-008749-003/2024(H5N1)	356	2609
PA|PP755594.1|A/cattle/Texas/24-008749-003/2024(H5N1)	357	2530
PA|PP755594.1|A/cattle/Texas/24-008749-003/2024(H5N1)	358	2528
PA|PP755594.1|A/cattle/Texas/24-008749-003/2024(H5N1)	359	2522
PA|PP755594.1|A/cattle/Texas/24-008749-003/2024(H5N1)	360	2495
PA|PP755594.1|A/cattle/Texas/24-008749-003/2024(H5N1)	361	2491
PA|PP755594.1|A/cattle/Texas/24-008749-003/2024(H5N1)	362	2217
PA|PP755594.1|A/cattle/Texas/24-008749-003/2024(H5N1)	363	2205
PA|PP755594.1|A/cattle/Texas/24-008749-003/2024(H5N1)	364	2154
PA|PP755594.1|A/cattle/Texas/24-008749-003/2024(H5N1)	365	2055
PA|PP755594.1|A/cattle/Texas/24-008749-003/2024(H5N1)	366	18
PA|PP755594.1|A/cattle/Texas/24-008749-003/2024(H5N1)	367	15
PA|PP755594.1|A/cattle/Texas/24-008749-003/2024(H5N1)	368	12
PA|PP755594.1|A/cattle/Texas/24-008749-003/2024(H5N1)	369	7
PA|PP755594.1|A/cattle/Texas/24-008749-003/2024(H5N1)	370	7
PA|PP755594.1|A/cattle/Texas/24-008749-003/2024(H5N1)	371	6
PA|PP755594.1|A/cattle/Texas/24-008749-003/2024(H5N1)	372	0
PA|PP755594.1|A/cattle/Texas/24-008749-003/2024(H5N1)	373	0
PA|PP755594.1|A/cattle/Texas/24-008749-003/2024(H5N1)	374	0
PA|PP755594.1|A/cattle/Texas/24-008749-003/2024(H5N1)	375	0
PA|PP755594.1|A/cattle/Texas/24-008749-003/2024(H5N1)	376	0
PA|PP755594.1|A/cattle/Texas/24-008749-003/2024(H5N1)	377	0
PA|PP755594.1|A/cattle/Texas/24-008749-003/2024(H5N1)	378	0
PA|PP755594.1|A/cattle/Texas/24-008749-003/2024(H5N1)	379	0
PA|PP755594.1|A/cattle/Texas/24-008749-003/2024(H5N1)	380	0
PA|PP755594.1|A/cattle/Texas/24-008749-003/2024(H5N1)	381	0
PA|PP755594.1|A/cattle/Texas/24-008749-003/2024(H5N1)	382	0
PA|PP755594.1|A/cattle/Texas/24-008749-003/2024(H5N1)	383	0
PA|PP755594.1|A/cattle/Texas/24-008749-003/2024(H5N1)	384	0
PA|PP755594.1|A/cattle/Texas/24-008749-003/2024(H5N1)	385	0
PA|PP755594.1|A/cattle/Texas/24-008749-003/2024(H5N1)	386	0
PA|PP755594.1|A/cattle/Texas/24-008749-003/2024(H5N1)	387	0
PA|PP755594.1|A/cattle/Texas/24-008749-003/2024(H5N1)	388	0
PA|PP755594.1|A/cattle/Texas/24-008749-003/2024(H5N1)	389	0
PA|PP755594.1|A/cattle/Texas/24-008749-003/2024(H5N1)	390	0
PA|PP755594.1|A/cattle/Texas/24-008749-003/2024(H5N1)	391	0
PA|PP755594.1|A/cattle/Texas/24-008749-003/2024(H5N1)	392	1
PA|PP755594.1|A/cattle/Texas/24-008749-003/2024(H5N1)	393	1
PA|PP755594.1|A/cattle/Texas/24-008749-003/2024(H5N1)	394	1
PA|PP755594.1|A/cattle/Texas/24-008749-003/2024(H5N1)	395	1
PA|PP755594.1|A/cattle/Texas/24-008749-003/2024(H5N1)	396	1
PA|PP755594.1|A/cattle/Texas/24-008749-003/2024(H5N1)	397	37
PA|PP755594.1|A/cattle/Texas/24-008749-003/2024(H5N1)	398	41
PA|PP755594.1|A/cattle/Texas/24-008749-003/2024(H5N1)	399	44
PA|PP755594.1|A/cattle/Texas/24-008749-003/2024(H5N1)	400	3686
PA|PP755594.1|A/cattle/Texas/24-008749-003/2024(H5N1)	401	3693
PA|PP755594.1|A/cattle/Texas/24-008749-003/2024(H5N1)	402	3694
PA|PP755594.1|A/cattle/Texas/24-008749-003/2024(H5N1)	403	3702
PA|PP755594.1|A/cattle/Texas/24-008749-003/2024(H5N1)	404	3758
PA|PP755594.1|A/cattle/Texas/24-008749-003/2024(H5N1)	405	3779
PA|PP755594.1|A/cattle/Texas/24-008749-003/2024(H5N1)	406	3780
PA|PP755594.1|A/cattle/Texas/24-008749-003/2024(H5N1)	407	3801
PA|PP755594.1|A/cattle/Texas/24-008749-003/2024(H5N1)	408	3807
PA|PP755594.1|A/cattle/Texas/24-008749-003/2024(H5N1)	409	3841
PA|PP755594.1|A/cattle/Texas/24-008749-003/2024(H5N1)	410	3843
PA|PP755594.1|A/cattle/Texas/24-008749-003/2024(H5N1)	411	3874
PA|PP755594.1|A/cattle/Texas/24-008749-003/2024(H5N1)	412	3880
PA|PP755594.1|A/cattle/Texas/24-008749-003/2024(H5N1)	413	3885
PA|PP755594.1|A/cattle/Texas/24-008749-003/2024(H5N1)	414	4074
PA|PP755594.1|A/cattle/Texas/24-008749-003/2024(H5N1)	415	4167
PA|PP755594.1|A/cattle/Texas/24-008749-003/2024(H5N1)	416	4171
PA|PP755594.1|A/cattle/Texas/24-008749-003/2024(H5N1)	417	4203
PA|PP755594.1|A/cattle/Texas/24-008749-003/2024(H5N1)	418	4204
PA|PP755594.1|A/cattle/Texas/24-008749-003/2024(H5N1)	419	4015
PA|PP755594.1|A/cattle/Texas/24-008749-003/2024(H5N1)	420	3919
PA|PP755594.1|A/cattle/Texas/24-008749-003/2024(H5N1)	421	3918
PA|PP755594.1|A/cattle/Texas/24-008749-003/2024(H5N1)	422	3922
PA|PP755594.1|A/cattle/Texas/24-008749-003/2024(H5N1)	423	3925
PA|PP755594.1|A/cattle/Texas/24-008749-003/2024(H5N1)	424	3933
PA|PP755594.1|A/cattle/Texas/24-008749-003/2024(H5N1)	425	3932
PA|PP755594.1|A/cattle/Texas/24-008749-003/2024(H5N1)	426	3874
PA|PP755594.1|A/cattle/Texas/24-008749-003/2024(H5N1)	427	4024
PA|PP755594.1|A/cattle/Texas/24-008749-003/2024(H5N1)	428	4036
PA|PP755594.1|A/cattle/Texas/24-008749-003/2024(H5N1)	429	4035
PA|PP755594.1|A/cattle/Texas/24-008749-003/2024(H5N1)	430	4063
PA|PP755594.1|A/cattle/Texas/24-008749-003/2024(H5N1)	431	4056
PA|PP755594.1|A/cattle/Texas/24-008749-003/2024(H5N1)	432	3746
PA|PP755594.1|A/cattle/Texas/24-008749-003/2024(H5N1)	433	3753
PA|PP755594.1|A/cattle/Texas/24-008749-003/2024(H5N1)	434	3757
PA|PP755594.1|A/cattle/Texas/24-008749-003/2024(H5N1)	435	3735
PA|PP755594.1|A/cattle/Texas/24-008749-003/2024(H5N1)	436	3897
PA|PP755594.1|A/cattle/Texas/24-008749-003/2024(H5N1)	437	3995
PA|PP755594.1|A/cattle/Texas/24-008749-003/2024(H5N1)	438	3946
PA|PP755594.1|A/cattle/Texas/24-008749-003/2024(H5N1)	439	3918
PA|PP755594.1|A/cattle/Texas/24-008749-003/2024(H5N1)	440	3920
PA|PP755594.1|A/cattle/Texas/24-008749-003/2024(H5N1)	441	3773
PA|PP755594.1|A/cattle/Texas/24-008749-003/2024(H5N1)	442	3788
PA|PP755594.1|A/cattle/Texas/24-008749-003/2024(H5N1)	443	3774
PA|PP755594.1|A/cattle/Texas/24-008749-003/2024(H5N1)	444	3769
PA|PP755594.1|A/cattle/Texas/24-008749-003/2024(H5N1)	445	3772
PA|PP755594.1|A/cattle/Texas/24-008749-003/2024(H5N1)	446	3783
PA|PP755594.1|A/cattle/Texas/24-008749-003/2024(H5N1)	447	3794
PA|PP755594.1|A/cattle/Texas/24-008749-003/2024(H5N1)	448	3792
PA|PP755594.1|A/cattle/Texas/24-008749-003/2024(H5N1)	449	3767
PA|PP755594.1|A/cattle/Texas/24-008749-003/2024(H5N1)	450	3763
PA|PP755594.1|A/cattle/Texas/24-008749-003/2024(H5N1)	451	3766
PA|PP755594.1|A/cattle/Texas/24-008749-003/2024(H5N1)	452	3772
PA|PP755594.1|A/cattle/Texas/24-008749-003/2024(H5N1)	453	3770
PA|PP755594.1|A/cattle/Texas/24-008749-003/2024(H5N1)	454	3789
PA|PP755594.1|A/cattle/Texas/24-008749-003/2024(H5N1)	455	3798
PA|PP755594.1|A/cattle/Texas/24-008749-003/2024(H5N1)	456	3779
PA|PP755594.1|A/cattle/Texas/24-008749-003/2024(H5N1)	457	3743
PA|PP755594.1|A/cattle/Texas/24-008749-003/2024(H5N1)	458	3710
PA|PP755594.1|A/cattle/Texas/24-008749-003/2024(H5N1)	459	3714
PA|PP755594.1|A/cattle/Texas/24-008749-003/2024(H5N1)	460	3735
PA|PP755594.1|A/cattle/Texas/24-008749-003/2024(H5N1)	461	3756
PA|PP755594.1|A/cattle/Texas/24-008749-003/2024(H5N1)	462	3760
PA|PP755594.1|A/cattle/Texas/24-008749-003/2024(H5N1)	463	3731
PA|PP755594.1|A/cattle/Texas/24-008749-003/2024(H5N1)	464	3722
PA|PP755594.1|A/cattle/Texas/24-008749-003/2024(H5N1)	465	3722
PA|PP755594.1|A/cattle/Texas/24-008749-003/2024(H5N1)	466	3715
PA|PP755594.1|A/cattle/Texas/24-008749-003/2024(H5N1)	467	3698
PA|PP755594.1|A/cattle/Texas/24-008749-003/2024(H5N1)	468	3689
PA|PP755594.1|A/cattle/Texas/24-008749-003/2024(H5N1)	469	3663
PA|PP755594.1|A/cattle/Texas/24-008749-003/2024(H5N1)	470	3659
PA|PP755594.1|A/cattle/Texas/24-008749-003/2024(H5N1)	471	3544
PA|PP755594.1|A/cattle/Texas/24-008749-003/2024(H5N1)	472	3561
PA|PP755594.1|A/cattle/Texas/24-008749-003/2024(H5N1)	473	3532
PA|PP755594.1|A/cattle/Texas/24-008749-003/2024(H5N1)	474	3524
PA|PP755594.1|A/cattle/Texas/24-008749-003/2024(H5N1)	475	3544
PA|PP755594.1|A/cattle/Texas/24-008749-003/2024(H5N1)	476	3545
PA|PP755594.1|A/cattle/Texas/24-008749-003/2024(H5N1)	477	3515
PA|PP755594.1|A/cattle/Texas/24-008749-003/2024(H5N1)	478	3916
PA|PP755594.1|A/cattle/Texas/24-008749-003/2024(H5N1)	479	4025
PA|PP755594.1|A/cattle/Texas/24-008749-003/2024(H5N1)	480	4088
PA|PP755594.1|A/cattle/Texas/24-008749-003/2024(H5N1)	481	4108
PA|PP755594.1|A/cattle/Texas/24-008749-003/2024(H5N1)	482	4112
PA|PP755594.1|A/cattle/Texas/24-008749-003/2024(H5N1)	483	4001
PA|PP755594.1|A/cattle/Texas/24-008749-003/2024(H5N1)	484	4003
PA|PP755594.1|A/cattle/Texas/24-008749-003/2024(H5N1)	485	4064
PA|PP755594.1|A/cattle/Texas/24-008749-003/2024(H5N1)	486	4095
PA|PP755594.1|A/cattle/Texas/24-008749-003/2024(H5N1)	487	3836
PA|PP755594.1|A/cattle/Texas/24-008749-003/2024(H5N1)	488	3810
PA|PP755594.1|A/cattle/Texas/24-008749-003/2024(H5N1)	489	3762
PA|PP755594.1|A/cattle/Texas/24-008749-003/2024(H5N1)	490	3756
PA|PP755594.1|A/cattle/Texas/24-008749-003/2024(H5N1)	491	3812
PA|PP755594.1|A/cattle/Texas/24-008749-003/2024(H5N1)	492	3796
PA|PP755594.1|A/cattle/Texas/24-008749-003/2024(H5N1)	493	3839
PA|PP755594.1|A/cattle/Texas/24-008749-003/2024(H5N1)	494	3815
PA|PP755594.1|A/cattle/Texas/24-008749-003/2024(H5N1)	495	3817
PA|PP755594.1|A/cattle/Texas/24-008749-003/2024(H5N1)	496	3820
PA|PP755594.1|A/cattle/Texas/24-008749-003/2024(H5N1)	497	3886
PA|PP755594.1|A/cattle/Texas/24-008749-003/2024(H5N1)	498	3882
PA|PP755594.1|A/cattle/Texas/24-008749-003/2024(H5N1)	499	3880
PA|PP755594.1|A/cattle/Texas/24-008749-003/2024(H5N1)	500	3887
PA|PP755594.1|A/cattle/Texas/24-008749-003/2024(H5N1)	501	3895
PA|PP755594.1|A/cattle/Texas/24-008749-003/2024(H5N1)	502	3847
PA|PP755594.1|A/cattle/Texas/24-008749-003/2024(H5N1)	503	3907
PA|PP755594.1|A/cattle/Texas/24-008749-003/2024(H5N1)	504	3914
PA|PP755594.1|A/cattle/Texas/24-008749-003/2024(H5N1)	505	3918
PA|PP755594.1|A/cattle/Texas/24-008749-003/2024(H5N1)	506	3909
PA|PP755594.1|A/cattle/Texas/24-008749-003/2024(H5N1)	507	3892
PA|PP755594.1|A/cattle/Texas/24-008749-003/2024(H5N1)	508	3862
PA|PP755594.1|A/cattle/Texas/24-008749-003/2024(H5N1)	509	3852
PA|PP755594.1|A/cattle/Texas/24-008749-003/2024(H5N1)	510	3781
PA|PP755594.1|A/cattle/Texas/24-008749-003/2024(H5N1)	511	3821
PA|PP755594.1|A/cattle/Texas/24-008749-003/2024(H5N1)	512	3781
PA|PP755594.1|A/cattle/Texas/24-008749-003/2024(H5N1)	513	3760
PA|PP755594.1|A/cattle/Texas/24-008749-003/2024(H5N1)	514	3978
PA|PP755594.1|A/cattle/Texas/24-008749-003/2024(H5N1)	515	4011
PA|PP755594.1|A/cattle/Texas/24-008749-003/2024(H5N1)	516	4051
PA|PP755594.1|A/cattle/Texas/24-008749-003/2024(H5N1)	517	4032
PA|PP755594.1|A/cattle/Texas/24-008749-003/2024(H5N1)	518	3948
PA|PP755594.1|A/cattle/Texas/24-008749-003/2024(H5N1)	519	3861
PA|PP755594.1|A/cattle/Texas/24-008749-003/2024(H5N1)	520	3867
PA|PP755594.1|A/cattle/Texas/24-008749-003/2024(H5N1)	521	3865
PA|PP755594.1|A/cattle/Texas/24-008749-003/2024(H5N1)	522	3772
PA|PP755594.1|A/cattle/Texas/24-008749-003/2024(H5N1)	523	3780
PA|PP755594.1|A/cattle/Texas/24-008749-003/2024(H5N1)	524	3766
PA|PP755594.1|A/cattle/Texas/24-008749-003/2024(H5N1)	525	3837
PA|PP755594.1|A/cattle/Texas/24-008749-003/2024(H5N1)	526	3952
PA|PP755594.1|A/cattle/Texas/24-008749-003/2024(H5N1)	527	3970
PA|PP755594.1|A/cattle/Texas/24-008749-003/2024(H5N1)	528	3811
PA|PP755594.1|A/cattle/Texas/24-008749-003/2024(H5N1)	529	3789
PA|PP755594.1|A/cattle/Texas/24-008749-003/2024(H5N1)	530	3940
PA|PP755594.1|A/cattle/Texas/24-008749-003/2024(H5N1)	531	3917
PA|PP755594.1|A/cattle/Texas/24-008749-003/2024(H5N1)	532	3928
PA|PP755594.1|A/cattle/Texas/24-008749-003/2024(H5N1)	533	3927
PA|PP755594.1|A/cattle/Texas/24-008749-003/2024(H5N1)	534	3871
PA|PP755594.1|A/cattle/Texas/24-008749-003/2024(H5N1)	535	3876
PA|PP755594.1|A/cattle/Texas/24-008749-003/2024(H5N1)	536	3886
PA|PP755594.1|A/cattle/Texas/24-008749-003/2024(H5N1)	537	3830
PA|PP755594.1|A/cattle/Texas/24-008749-003/2024(H5N1)	538	3788
PA|PP755594.1|A/cattle/Texas/24-008749-003/2024(H5N1)	539	3635
PA|PP755594.1|A/cattle/Texas/24-008749-003/2024(H5N1)	540	3634
PA|PP755594.1|A/cattle/Texas/24-008749-003/2024(H5N1)	541	3656
PA|PP755594.1|A/cattle/Texas/24-008749-003/2024(H5N1)	542	3725
PA|PP755594.1|A/cattle/Texas/24-008749-003/2024(H5N1)	543	3667
PA|PP755594.1|A/cattle/Texas/24-008749-003/2024(H5N1)	544	3652
PA|PP755594.1|A/cattle/Texas/24-008749-003/2024(H5N1)	545	3626
PA|PP755594.1|A/cattle/Texas/24-008749-003/2024(H5N1)	546	3679
PA|PP755594.1|A/cattle/Texas/24-008749-003/2024(H5N1)	547	3675
PA|PP755594.1|A/cattle/Texas/24-008749-003/2024(H5N1)	548	3677
PA|PP755594.1|A/cattle/Texas/24-008749-003/2024(H5N1)	549	3687
PA|PP755594.1|A/cattle/Texas/24-008749-003/2024(H5N1)	550	3668
PA|PP755594.1|A/cattle/Texas/24-008749-003/2024(H5N1)	551	3668
PA|PP755594.1|A/cattle/Texas/24-008749-003/2024(H5N1)	552	3641
PA|PP755594.1|A/cattle/Texas/24-008749-003/2024(H5N1)	553	3638
PA|PP755594.1|A/cattle/Texas/24-008749-003/2024(H5N1)	554	3649
PA|PP755594.1|A/cattle/Texas/24-008749-003/2024(H5N1)	555	3700
PA|PP755594.1|A/cattle/Texas/24-008749-003/2024(H5N1)	556	4095
PA|PP755594.1|A/cattle/Texas/24-008749-003/2024(H5N1)	557	4197
PA|PP755594.1|A/cattle/Texas/24-008749-003/2024(H5N1)	558	4201
PA|PP755594.1|A/cattle/Texas/24-008749-003/2024(H5N1)	559	4222
PA|PP755594.1|A/cattle/Texas/24-008749-003/2024(H5N1)	560	4191
PA|PP755594.1|A/cattle/Texas/24-008749-003/2024(H5N1)	561	4233
PA|PP755594.1|A/cattle/Texas/24-008749-003/2024(H5N1)	562	4318
PA|PP755594.1|A/cattle/Texas/24-008749-003/2024(H5N1)	563	4313
PA|PP755594.1|A/cattle/Texas/24-008749-003/2024(H5N1)	564	4333
PA|PP755594.1|A/cattle/Texas/24-008749-003/2024(H5N1)	565	4135
PA|PP755594.1|A/cattle/Texas/24-008749-003/2024(H5N1)	566	4033
PA|PP755594.1|A/cattle/Texas/24-008749-003/2024(H5N1)	567	4028
PA|PP755594.1|A/cattle/Texas/24-008749-003/2024(H5N1)	568	3996
PA|PP755594.1|A/cattle/Texas/24-008749-003/2024(H5N1)	569	4164
PA|PP755594.1|A/cattle/Texas/24-008749-003/2024(H5N1)	570	4140
PA|PP755594.1|A/cattle/Texas/24-008749-003/2024(H5N1)	571	4100
PA|PP755594.1|A/cattle/Texas/24-008749-003/2024(H5N1)	572	4106
PA|PP755594.1|A/cattle/Texas/24-008749-003/2024(H5N1)	573	4087
PA|PP755594.1|A/cattle/Texas/24-008749-003/2024(H5N1)	574	4094
PA|PP755594.1|A/cattle/Texas/24-008749-003/2024(H5N1)	575	4095
PA|PP755594.1|A/cattle/Texas/24-008749-003/2024(H5N1)	576	4127
PA|PP755594.1|A/cattle/Texas/24-008749-003/2024(H5N1)	577	4091
PA|PP755594.1|A/cattle/Texas/24-008749-003/2024(H5N1)	578	3943
PA|PP755594.1|A/cattle/Texas/24-008749-003/2024(H5N1)	579	4048
PA|PP755594.1|A/cattle/Texas/24-008749-003/2024(H5N1)	580	4247
PA|PP755594.1|A/cattle/Texas/24-008749-003/2024(H5N1)	581	4225
PA|PP755594.1|A/cattle/Texas/24-008749-003/2024(H5N1)	582	4126
PA|PP755594.1|A/cattle/Texas/24-008749-003/2024(H5N1)	583	4122
PA|PP755594.1|A/cattle/Texas/24-008749-003/2024(H5N1)	584	4111
PA|PP755594.1|A/cattle/Texas/24-008749-003/2024(H5N1)	585	4103
PA|PP755594.1|A/cattle/Texas/24-008749-003/2024(H5N1)	586	4114
PA|PP755594.1|A/cattle/Texas/24-008749-003/2024(H5N1)	587	4137
PA|PP755594.1|A/cattle/Texas/24-008749-003/2024(H5N1)	588	4081
PA|PP755594.1|A/cattle/Texas/24-008749-003/2024(H5N1)	589	4109
PA|PP755594.1|A/cattle/Texas/24-008749-003/2024(H5N1)	590	4116
PA|PP755594.1|A/cattle/Texas/24-008749-003/2024(H5N1)	591	4109
PA|PP755594.1|A/cattle/Texas/24-008749-003/2024(H5N1)	592	4111
PA|PP755594.1|A/cattle/Texas/24-008749-003/2024(H5N1)	593	4126
PA|PP755594.1|A/cattle/Texas/24-008749-003/2024(H5N1)	594	4131
PA|PP755594.1|A/cattle/Texas/24-008749-003/2024(H5N1)	595	4125
PA|PP755594.1|A/cattle/Texas/24-008749-003/2024(H5N1)	596	4133
PA|PP755594.1|A/cattle/Texas/24-008749-003/2024(H5N1)	597	4118
PA|PP755594.1|A/cattle/Texas/24-008749-003/2024(H5N1)	598	4104
PA|PP755594.1|A/cattle/Texas/24-008749-003/2024(H5N1)	599	4128
PA|PP755594.1|A/cattle/Texas/24-008749-003/2024(H5N1)	600	4130
PA|PP755594.1|A/cattle/Texas/24-008749-003/2024(H5N1)	601	4148
PA|PP755594.1|A/cattle/Texas/24-008749-003/2024(H5N1)	602	4149
PA|PP755594.1|A/cattle/Texas/24-008749-003/2024(H5N1)	603	4136
PA|PP755594.1|A/cattle/Texas/24-008749-003/2024(H5N1)	604	4139
PA|PP755594.1|A/cattle/Texas/24-008749-003/2024(H5N1)	605	4178
PA|PP755594.1|A/cattle/Texas/24-008749-003/2024(H5N1)	606	4172
PA|PP755594.1|A/cattle/Texas/24-008749-003/2024(H5N1)	607	4172
PA|PP755594.1|A/cattle/Texas/24-008749-003/2024(H5N1)	608	4177
PA|PP755594.1|A/cattle/Texas/24-008749-003/2024(H5N1)	609	4182
PA|PP755594.1|A/cattle/Texas/24-008749-003/2024(H5N1)	610	4151
PA|PP755594.1|A/cattle/Texas/24-008749-003/2024(H5N1)	611	4140
PA|PP755594.1|A/cattle/Texas/24-008749-003/2024(H5N1)	612	4177
PA|PP755594.1|A/cattle/Texas/24-008749-003/2024(H5N1)	613	4166
PA|PP755594.1|A/cattle/Texas/24-008749-003/2024(H5N1)	614	4169
PA|PP755594.1|A/cattle/Texas/24-008749-003/2024(H5N1)	615	4175
PA|PP755594.1|A/cattle/Texas/24-008749-003/2024(H5N1)	616	4167
PA|PP755594.1|A/cattle/Texas/24-008749-003/2024(H5N1)	617	4171
PA|PP755594.1|A/cattle/Texas/24-008749-003/2024(H5N1)	618	4168
PA|PP755594.1|A/cattle/Texas/24-008749-003/2024(H5N1)	619	4136
PA|PP755594.1|A/cattle/Texas/24-008749-003/2024(H5N1)	620	4177
PA|PP755594.1|A/cattle/Texas/24-008749-003/2024(H5N1)	621	4222
PA|PP755594.1|A/cattle/Texas/24-008749-003/2024(H5N1)	622	4222
PA|PP755594.1|A/cattle/Texas/24-008749-003/2024(H5N1)	623	4236
PA|PP755594.1|A/cattle/Texas/24-008749-003/2024(H5N1)	624	4234
PA|PP755594.1|A/cattle/Texas/24-008749-003/2024(H5N1)	625	4238
PA|PP755594.1|A/cattle/Texas/24-008749-003/2024(H5N1)	626	4265
PA|PP755594.1|A/cattle/Texas/24-008749-003/2024(H5N1)	627	4267
PA|PP755594.1|A/cattle/Texas/24-008749-003/2024(H5N1)	628	4299
PA|PP755594.1|A/cattle/Texas/24-008749-003/2024(H5N1)	629	4053
PA|PP755594.1|A/cattle/Texas/24-008749-003/2024(H5N1)	630	3880
PA|PP755594.1|A/cattle/Texas/24-008749-003/2024(H5N1)	631	3902
PA|PP755594.1|A/cattle/Texas/24-008749-003/2024(H5N1)	632	3894
PA|PP755594.1|A/cattle/Texas/24-008749-003/2024(H5N1)	633	3919
PA|PP755594.1|A/cattle/Texas/24-008749-003/2024(H5N1)	634	3909
PA|PP755594.1|A/cattle/Texas/24-008749-003/2024(H5N1)	635	3899
PA|PP755594.1|A/cattle/Texas/24-008749-003/2024(H5N1)	636	3839
PA|PP755594.1|A/cattle/Texas/24-008749-003/2024(H5N1)	637	3794
PA|PP755594.1|A/cattle/Texas/24-008749-003/2024(H5N1)	638	3863
PA|PP755594.1|A/cattle/Texas/24-008749-003/2024(H5N1)	639	3901
PA|PP755594.1|A/cattle/Texas/24-008749-003/2024(H5N1)	640	3882
PA|PP755594.1|A/cattle/Texas/24-008749-003/2024(H5N1)	641	3860
PA|PP755594.1|A/cattle/Texas/24-008749-003/2024(H5N1)	642	3822
PA|PP755594.1|A/cattle/Texas/24-008749-003/2024(H5N1)	643	3839
PA|PP755594.1|A/cattle/Texas/24-008749-003/2024(H5N1)	644	3898
PA|PP755594.1|A/cattle/Texas/24-008749-003/2024(H5N1)	645	3899
PA|PP755594.1|A/cattle/Texas/24-008749-003/2024(H5N1)	646	3940
PA|PP755594.1|A/cattle/Texas/24-008749-003/2024(H5N1)	647	3912
PA|PP755594.1|A/cattle/Texas/24-008749-003/2024(H5N1)	648	3890
PA|PP755594.1|A/cattle/Texas/24-008749-003/2024(H5N1)	649	3888
PA|PP755594.1|A/cattle/Texas/24-008749-003/2024(H5N1)	650	3870
PA|PP755594.1|A/cattle/Texas/24-008749-003/2024(H5N1)	651	3575
PA|PP755594.1|A/cattle/Texas/24-008749-003/2024(H5N1)	652	3668
PA|PP755594.1|A/cattle/Texas/24-008749-003/2024(H5N1)	653	3668
PA|PP755594.1|A/cattle/Texas/24-008749-003/2024(H5N1)	654	3602
PA|PP755594.1|A/cattle/Texas/24-008749-003/2024(H5N1)	655	3560
PA|PP755594.1|A/cattle/Texas/24-008749-003/2024(H5N1)	656	3563
PA|PP755594.1|A/cattle/Texas/24-008749-003/2024(H5N1)	657	3585
PA|PP755594.1|A/cattle/Texas/24-008749-003/2024(H5N1)	658	3833
PA|PP755594.1|A/cattle/Texas/24-008749-003/2024(H5N1)	659	3853
PA|PP755594.1|A/cattle/Texas/24-008749-003/2024(H5N1)	660	3865
PA|PP755594.1|A/cattle/Texas/24-008749-003/2024(H5N1)	661	3877
PA|PP755594.1|A/cattle/Texas/24-008749-003/2024(H5N1)	662	3857
PA|PP755594.1|A/cattle/Texas/24-008749-003/2024(H5N1)	663	3863
PA|PP755594.1|A/cattle/Texas/24-008749-003/2024(H5N1)	664	3892
PA|PP755594.1|A/cattle/Texas/24-008749-003/2024(H5N1)	665	3895
PA|PP755594.1|A/cattle/Texas/24-008749-003/2024(H5N1)	666	3904
PA|PP755594.1|A/cattle/Texas/24-008749-003/2024(H5N1)	667	3860
PA|PP755594.1|A/cattle/Texas/24-008749-003/2024(H5N1)	668	3956
PA|PP755594.1|A/cattle/Texas/24-008749-003/2024(H5N1)	669	3959
PA|PP755594.1|A/cattle/Texas/24-008749-003/2024(H5N1)	670	3957
PA|PP755594.1|A/cattle/Texas/24-008749-003/2024(H5N1)	671	3936
PA|PP755594.1|A/cattle/Texas/24-008749-003/2024(H5N1)	672	3925
PA|PP755594.1|A/cattle/Texas/24-008749-003/2024(H5N1)	673	3869
PA|PP755594.1|A/cattle/Texas/24-008749-003/2024(H5N1)	674	3891
PA|PP755594.1|A/cattle/Texas/24-008749-003/2024(H5N1)	675	3887
PA|PP755594.1|A/cattle/Texas/24-008749-003/2024(H5N1)	676	3892
PA|PP755594.1|A/cattle/Texas/24-008749-003/2024(H5N1)	677	3823
PA|PP755594.1|A/cattle/Texas/24-008749-003/2024(H5N1)	678	3822
PA|PP755594.1|A/cattle/Texas/24-008749-003/2024(H5N1)	679	3814
PA|PP755594.1|A/cattle/Texas/24-008749-003/2024(H5N1)	680	4129
PA|PP755594.1|A/cattle/Texas/24-008749-003/2024(H5N1)	681	3939
PA|PP755594.1|A/cattle/Texas/24-008749-003/2024(H5N1)	682	3941
PA|PP755594.1|A/cattle/Texas/24-008749-003/2024(H5N1)	683	3940
PA|PP755594.1|A/cattle/Texas/24-008749-003/2024(H5N1)	684	4017
PA|PP755594.1|A/cattle/Texas/24-008749-003/2024(H5N1)	685	4116
PA|PP755594.1|A/cattle/Texas/24-008749-003/2024(H5N1)	686	4119
PA|PP755594.1|A/cattle/Texas/24-008749-003/2024(H5N1)	687	4093
PA|PP755594.1|A/cattle/Texas/24-008749-003/2024(H5N1)	688	4090
PA|PP755594.1|A/cattle/Texas/24-008749-003/2024(H5N1)	689	4106
PA|PP755594.1|A/cattle/Texas/24-008749-003/2024(H5N1)	690	4111
PA|PP755594.1|A/cattle/Texas/24-008749-003/2024(H5N1)	691	4185
PA|PP755594.1|A/cattle/Texas/24-008749-003/2024(H5N1)	692	4171
PA|PP755594.1|A/cattle/Texas/24-008749-003/2024(H5N1)	693	4116
PA|PP755594.1|A/cattle/Texas/24-008749-003/2024(H5N1)	694	4139
PA|PP755594.1|A/cattle/Texas/24-008749-003/2024(H5N1)	695	4215
PA|PP755594.1|A/cattle/Texas/24-008749-003/2024(H5N1)	696	4218
PA|PP755594.1|A/cattle/Texas/24-008749-003/2024(H5N1)	697	4181
PA|PP755594.1|A/cattle/Texas/24-008749-003/2024(H5N1)	698	4172
PA|PP755594.1|A/cattle/Texas/24-008749-003/2024(H5N1)	699	4201
PA|PP755594.1|A/cattle/Texas/24-008749-003/2024(H5N1)	700	4140
PA|PP755594.1|A/cattle/Texas/24-008749-003/2024(H5N1)	701	4138
PA|PP755594.1|A/cattle/Texas/24-008749-003/2024(H5N1)	702	4040
PA|PP755594.1|A/cattle/Texas/24-008749-003/2024(H5N1)	703	4008
PA|PP755594.1|A/cattle/Texas/24-008749-003/2024(H5N1)	704	4060
PA|PP755594.1|A/cattle/Texas/24-008749-003/2024(H5N1)	705	4065
PA|PP755594.1|A/cattle/Texas/24-008749-003/2024(H5N1)	706	4050
PA|PP755594.1|A/cattle/Texas/24-008749-003/2024(H5N1)	707	3886
PA|PP755594.1|A/cattle/Texas/24-008749-003/2024(H5N1)	708	3779
PA|PP755594.1|A/cattle/Texas/24-008749-003/2024(H5N1)	709	3784
PA|PP755594.1|A/cattle/Texas/24-008749-003/2024(H5N1)	710	3793
PA|PP755594.1|A/cattle/Texas/24-008749-003/2024(H5N1)	711	3794
PA|PP755594.1|A/cattle/Texas/24-008749-003/2024(H5N1)	712	3761
PA|PP755594.1|A/cattle/Texas/24-008749-003/2024(H5N1)	713	3643
PA|PP755594.1|A/cattle/Texas/24-008749-003/2024(H5N1)	714	3647
PA|PP755594.1|A/cattle/Texas/24-008749-003/2024(H5N1)	715	3628
PA|PP755594.1|A/cattle/Texas/24-008749-003/2024(H5N1)	716	3628
PA|PP755594.1|A/cattle/Texas/24-008749-003/2024(H5N1)	717	3664
PA|PP755594.1|A/cattle/Texas/24-008749-003/2024(H5N1)	718	3656
PA|PP755594.1|A/cattle/Texas/24-008749-003/2024(H5N1)	719	3804
PA|PP755594.1|A/cattle/Texas/24-008749-003/2024(H5N1)	720	3645
PA|PP755594.1|A/cattle/Texas/24-008749-003/2024(H5N1)	721	3632
PA|PP755594.1|A/cattle/Texas/24-008749-003/2024(H5N1)	722	3709
PA|PP755594.1|A/cattle/Texas/24-008749-003/2024(H5N1)	723	3721
PA|PP755594.1|A/cattle/Texas/24-008749-003/2024(H5N1)	724	3748
PA|PP755594.1|A/cattle/Texas/24-008749-003/2024(H5N1)	725	3756
PA|PP755594.1|A/cattle/Texas/24-008749-003/2024(H5N1)	726	3711
PA|PP755594.1|A/cattle/Texas/24-008749-003/2024(H5N1)	727	3721
PA|PP755594.1|A/cattle/Texas/24-008749-003/2024(H5N1)	728	3576
PA|PP755594.1|A/cattle/Texas/24-008749-003/2024(H5N1)	729	3636
PA|PP755594.1|A/cattle/Texas/24-008749-003/2024(H5N1)	730	3529
PA|PP755594.1|A/cattle/Texas/24-008749-003/2024(H5N1)	731	3495
PA|PP755594.1|A/cattle/Texas/24-008749-003/2024(H5N1)	732	3487
PA|PP755594.1|A/cattle/Texas/24-008749-003/2024(H5N1)	733	3484
PA|PP755594.1|A/cattle/Texas/24-008749-003/2024(H5N1)	734	3485
PA|PP755594.1|A/cattle/Texas/24-008749-003/2024(H5N1)	735	3491
PA|PP755594.1|A/cattle/Texas/24-008749-003/2024(H5N1)	736	3480
PA|PP755594.1|A/cattle/Texas/24-008749-003/2024(H5N1)	737	3476
PA|PP755594.1|A/cattle/Texas/24-008749-003/2024(H5N1)	738	3434
PA|PP755594.1|A/cattle/Texas/24-008749-003/2024(H5N1)	739	3459
PA|PP755594.1|A/cattle/Texas/24-008749-003/2024(H5N1)	740	3452
PA|PP755594.1|A/cattle/Texas/24-008749-003/2024(H5N1)	741	3451
PA|PP755594.1|A/cattle/Texas/24-008749-003/2024(H5N1)	742	3457
PA|PP755594.1|A/cattle/Texas/24-008749-003/2024(H5N1)	743	3447
PA|PP755594.1|A/cattle/Texas/24-008749-003/2024(H5N1)	744	3456
PA|PP755594.1|A/cattle/Texas/24-008749-003/2024(H5N1)	745	3469
PA|PP755594.1|A/cattle/Texas/24-008749-003/2024(H5N1)	746	3454
PA|PP755594.1|A/cattle/Texas/24-008749-003/2024(H5N1)	747	3441
PA|PP755594.1|A/cattle/Texas/24-008749-003/2024(H5N1)	748	3428
PA|PP755594.1|A/cattle/Texas/24-008749-003/2024(H5N1)	749	3402
PA|PP755594.1|A/cattle/Texas/24-008749-003/2024(H5N1)	750	3387
PA|PP755594.1|A/cattle/Texas/24-008749-003/2024(H5N1)	751	3502
PA|PP755594.1|A/cattle/Texas/24-008749-003/2024(H5N1)	752	3487
PA|PP755594.1|A/cattle/Texas/24-008749-003/2024(H5N1)	753	3486
PA|PP755594.1|A/cattle/Texas/24-008749-003/2024(H5N1)	754	3486
PA|PP755594.1|A/cattle/Texas/24-008749-003/2024(H5N1)	755	3471
PA|PP755594.1|A/cattle/Texas/24-008749-003/2024(H5N1)	756	3414
PA|PP755594.1|A/cattle/Texas/24-008749-003/2024(H5N1)	757	3527
PA|PP755594.1|A/cattle/Texas/24-008749-003/2024(H5N1)	758	3600
PA|PP755594.1|A/cattle/Texas/24-008749-003/2024(H5N1)	759	3601
PA|PP755594.1|A/cattle/Texas/24-008749-003/2024(H5N1)	760	3916
PA|PP755594.1|A/cattle/Texas/24-008749-003/2024(H5N1)	761	3913
PA|PP755594.1|A/cattle/Texas/24-008749-003/2024(H5N1)	762	3941
PA|PP755594.1|A/cattle/Texas/24-008749-003/2024(H5N1)	763	3902
PA|PP755594.1|A/cattle/Texas/24-008749-003/2024(H5N1)	764	3908
PA|PP755594.1|A/cattle/Texas/24-008749-003/2024(H5N1)	765	3906
PA|PP755594.1|A/cattle/Texas/24-008749-003/2024(H5N1)	766	3899
PA|PP755594.1|A/cattle/Texas/24-008749-003/2024(H5N1)	767	3920
PA|PP755594.1|A/cattle/Texas/24-008749-003/2024(H5N1)	768	4354
PA|PP755594.1|A/cattle/Texas/24-008749-003/2024(H5N1)	769	4354
PA|PP755594.1|A/cattle/Texas/24-008749-003/2024(H5N1)	770	4352
PA|PP755594.1|A/cattle/Texas/24-008749-003/2024(H5N1)	771	4288
PA|PP755594.1|A/cattle/Texas/24-008749-003/2024(H5N1)	772	4199
PA|PP755594.1|A/cattle/Texas/24-008749-003/2024(H5N1)	773	4187
PA|PP755594.1|A/cattle/Texas/24-008749-003/2024(H5N1)	774	4149
PA|PP755594.1|A/cattle/Texas/24-008749-003/2024(H5N1)	775	4272
PA|PP755594.1|A/cattle/Texas/24-008749-003/2024(H5N1)	776	4230
PA|PP755594.1|A/cattle/Texas/24-008749-003/2024(H5N1)	777	4229
PA|PP755594.1|A/cattle/Texas/24-008749-003/2024(H5N1)	778	4227
PA|PP755594.1|A/cattle/Texas/24-008749-003/2024(H5N1)	779	4188
PA|PP755594.1|A/cattle/Texas/24-008749-003/2024(H5N1)	780	4179
PA|PP755594.1|A/cattle/Texas/24-008749-003/2024(H5N1)	781	4175
PA|PP755594.1|A/cattle/Texas/24-008749-003/2024(H5N1)	782	4210
PA|PP755594.1|A/cattle/Texas/24-008749-003/2024(H5N1)	783	4201
PA|PP755594.1|A/cattle/Texas/24-008749-003/2024(H5N1)	784	4174
PA|PP755594.1|A/cattle/Texas/24-008749-003/2024(H5N1)	785	4224
PA|PP755594.1|A/cattle/Texas/24-008749-003/2024(H5N1)	786	4243
PA|PP755594.1|A/cattle/Texas/24-008749-003/2024(H5N1)	787	4226
PA|PP755594.1|A/cattle/Texas/24-008749-003/2024(H5N1)	788	4220
PA|PP755594.1|A/cattle/Texas/24-008749-003/2024(H5N1)	789	4202
PA|PP755594.1|A/cattle/Texas/24-008749-003/2024(H5N1)	790	4226
PA|PP755594.1|A/cattle/Texas/24-008749-003/2024(H5N1)	791	4279
PA|PP755594.1|A/cattle/Texas/24-008749-003/2024(H5N1)	792	4276
PA|PP755594.1|A/cattle/Texas/24-008749-003/2024(H5N1)	793	4261
PA|PP755594.1|A/cattle/Texas/24-008749-003/2024(H5N1)	794	4175
PA|PP755594.1|A/cattle/Texas/24-008749-003/2024(H5N1)	795	4157
PA|PP755594.1|A/cattle/Texas/24-008749-003/2024(H5N1)	796	4108
PA|PP755594.1|A/cattle/Texas/24-008749-003/2024(H5N1)	797	4052
PA|PP755594.1|A/cattle/Texas/24-008749-003/2024(H5N1)	798	4028
PA|PP755594.1|A/cattle/Texas/24-008749-003/2024(H5N1)	799	3996
PA|PP755594.1|A/cattle/Texas/24-008749-003/2024(H5N1)	800	3873
PA|PP755594.1|A/cattle/Texas/24-008749-003/2024(H5N1)	801	3864
PA|PP755594.1|A/cattle/Texas/24-008749-003/2024(H5N1)	802	3816
PA|PP755594.1|A/cattle/Texas/24-008749-003/2024(H5N1)	803	3816
PA|PP755594.1|A/cattle/Texas/24-008749-003/2024(H5N1)	804	3812
PA|PP755594.1|A/cattle/Texas/24-008749-003/2024(H5N1)	805	3807
PA|PP755594.1|A/cattle/Texas/24-008749-003/2024(H5N1)	806	3747
PA|PP755594.1|A/cattle/Texas/24-008749-003/2024(H5N1)	807	3744
PA|PP755594.1|A/cattle/Texas/24-008749-003/2024(H5N1)	808	3725
PA|PP755594.1|A/cattle/Texas/24-008749-003/2024(H5N1)	809	3641
PA|PP755594.1|A/cattle/Texas/24-008749-003/2024(H5N1)	810	3623
PA|PP755594.1|A/cattle/Texas/24-008749-003/2024(H5N1)	811	3623
PA|PP755594.1|A/cattle/Texas/24-008749-003/2024(H5N1)	812	3584
PA|PP755594.1|A/cattle/Texas/24-008749-003/2024(H5N1)	813	3560
PA|PP755594.1|A/cattle/Texas/24-008749-003/2024(H5N1)	814	3559
PA|PP755594.1|A/cattle/Texas/24-008749-003/2024(H5N1)	815	3562
PA|PP755594.1|A/cattle/Texas/24-008749-003/2024(H5N1)	816	3562
PA|PP755594.1|A/cattle/Texas/24-008749-003/2024(H5N1)	817	3551
PA|PP755594.1|A/cattle/Texas/24-008749-003/2024(H5N1)	818	3550
PA|PP755594.1|A/cattle/Texas/24-008749-003/2024(H5N1)	819	2769
PA|PP755594.1|A/cattle/Texas/24-008749-003/2024(H5N1)	820	2752
PA|PP755594.1|A/cattle/Texas/24-008749-003/2024(H5N1)	821	2750
PA|PP755594.1|A/cattle/Texas/24-008749-003/2024(H5N1)	822	2744
PA|PP755594.1|A/cattle/Texas/24-008749-003/2024(H5N1)	823	2749
PA|PP755594.1|A/cattle/Texas/24-008749-003/2024(H5N1)	824	2749
PA|PP755594.1|A/cattle/Texas/24-008749-003/2024(H5N1)	825	2743
PA|PP755594.1|A/cattle/Texas/24-008749-003/2024(H5N1)	826	2705
PA|PP755594.1|A/cattle/Texas/24-008749-003/2024(H5N1)	827	2705
PA|PP755594.1|A/cattle/Texas/24-008749-003/2024(H5N1)	828	2700
PA|PP755594.1|A/cattle/Texas/24-008749-003/2024(H5N1)	829	2700
PA|PP755594.1|A/cattle/Texas/24-008749-003/2024(H5N1)	830	2701
PA|PP755594.1|A/cattle/Texas/24-008749-003/2024(H5N1)	831	2700
PA|PP755594.1|A/cattle/Texas/24-008749-003/2024(H5N1)	832	2700
PA|PP755594.1|A/cattle/Texas/24-008749-003/2024(H5N1)	833	2700
PA|PP755594.1|A/cattle/Texas/24-008749-003/2024(H5N1)	834	2700
PA|PP755594.1|A/cattle/Texas/24-008749-003/2024(H5N1)	835	2629
PA|PP755594.1|A/cattle/Texas/24-008749-003/2024(H5N1)	836	2505
PA|PP755594.1|A/cattle/Texas/24-008749-003/2024(H5N1)	837	2503
PA|PP755594.1|A/cattle/Texas/24-008749-003/2024(H5N1)	838	2503
PA|PP755594.1|A/cattle/Texas/24-008749-003/2024(H5N1)	839	2502
PA|PP755594.1|A/cattle/Texas/24-008749-003/2024(H5N1)	840	2499
PA|PP755594.1|A/cattle/Texas/24-008749-003/2024(H5N1)	841	2499
PA|PP755594.1|A/cattle/Texas/24-008749-003/2024(H5N1)	842	2499
PA|PP755594.1|A/cattle/Texas/24-008749-003/2024(H5N1)	843	2499
PA|PP755594.1|A/cattle/Texas/24-008749-003/2024(H5N1)	844	2498
PA|PP755594.1|A/cattle/Texas/24-008749-003/2024(H5N1)	845	2470
PA|PP755594.1|A/cattle/Texas/24-008749-003/2024(H5N1)	846	2403
PA|PP755594.1|A/cattle/Texas/24-008749-003/2024(H5N1)	847	2403
PA|PP755594.1|A/cattle/Texas/24-008749-003/2024(H5N1)	848	2403
PA|PP755594.1|A/cattle/Texas/24-008749-003/2024(H5N1)	849	2416
PA|PP755594.1|A/cattle/Texas/24-008749-003/2024(H5N1)	850	2461
PA|PP755594.1|A/cattle/Texas/24-008749-003/2024(H5N1)	851	2461
PA|PP755594.1|A/cattle/Texas/24-008749-003/2024(H5N1)	852	2461
PA|PP755594.1|A/cattle/Texas/24-008749-003/2024(H5N1)	853	2461
PA|PP755594.1|A/cattle/Texas/24-008749-003/2024(H5N1)	854	2461
PA|PP755594.1|A/cattle/Texas/24-008749-003/2024(H5N1)	855	2367
PA|PP755594.1|A/cattle/Texas/24-008749-003/2024(H5N1)	856	2349
PA|PP755594.1|A/cattle/Texas/24-008749-003/2024(H5N1)	857	2347
PA|PP755594.1|A/cattle/Texas/24-008749-003/2024(H5N1)	858	2314
PA|PP755594.1|A/cattle/Texas/24-008749-003/2024(H5N1)	859	2312
PA|PP755594.1|A/cattle/Texas/24-008749-003/2024(H5N1)	860	2300
PA|PP755594.1|A/cattle/Texas/24-008749-003/2024(H5N1)	861	1651
PA|PP755594.1|A/cattle/Texas/24-008749-003/2024(H5N1)	862	1650
PA|PP755594.1|A/cattle/Texas/24-008749-003/2024(H5N1)	863	1649
PA|PP755594.1|A/cattle/Texas/24-008749-003/2024(H5N1)	864	1649
PA|PP755594.1|A/cattle/Texas/24-008749-003/2024(H5N1)	865	1663
PA|PP755594.1|A/cattle/Texas/24-008749-003/2024(H5N1)	866	1663
PA|PP755594.1|A/cattle/Texas/24-008749-003/2024(H5N1)	867	1663
PA|PP755594.1|A/cattle/Texas/24-008749-003/2024(H5N1)	868	1664
PA|PP755594.1|A/cattle/Texas/24-008749-003/2024(H5N1)	869	1664
PA|PP755594.1|A/cattle/Texas/24-008749-003/2024(H5N1)	870	1666
PA|PP755594.1|A/cattle/Texas/24-008749-003/2024(H5N1)	871	3069
PA|PP755594.1|A/cattle/Texas/24-008749-003/2024(H5N1)	872	3112
PA|PP755594.1|A/cattle/Texas/24-008749-003/2024(H5N1)	873	3116
PA|PP755594.1|A/cattle/Texas/24-008749-003/2024(H5N1)	874	3125
PA|PP755594.1|A/cattle/Texas/24-008749-003/2024(H5N1)	875	3157
PA|PP755594.1|A/cattle/Texas/24-008749-003/2024(H5N1)	876	3157
PA|PP755594.1|A/cattle/Texas/24-008749-003/2024(H5N1)	877	3171
PA|PP755594.1|A/cattle/Texas/24-008749-003/2024(H5N1)	878	3199
PA|PP755594.1|A/cattle/Texas/24-008749-003/2024(H5N1)	879	3206
PA|PP755594.1|A/cattle/Texas/24-008749-003/2024(H5N1)	880	3231
PA|PP755594.1|A/cattle/Texas/24-008749-003/2024(H5N1)	881	3261
PA|PP755594.1|A/cattle/Texas/24-008749-003/2024(H5N1)	882	3275
PA|PP755594.1|A/cattle/Texas/24-008749-003/2024(H5N1)	883	3281
PA|PP755594.1|A/cattle/Texas/24-008749-003/2024(H5N1)	884	3284
PA|PP755594.1|A/cattle/Texas/24-008749-003/2024(H5N1)	885	3301
PA|PP755594.1|A/cattle/Texas/24-008749-003/2024(H5N1)	886	3346
PA|PP755594.1|A/cattle/Texas/24-008749-003/2024(H5N1)	887	3366
PA|PP755594.1|A/cattle/Texas/24-008749-003/2024(H5N1)	888	3407
PA|PP755594.1|A/cattle/Texas/24-008749-003/2024(H5N1)	889	3417
PA|PP755594.1|A/cattle/Texas/24-008749-003/2024(H5N1)	890	3423
PA|PP755594.1|A/cattle/Texas/24-008749-003/2024(H5N1)	891	3645
PA|PP755594.1|A/cattle/Texas/24-008749-003/2024(H5N1)	892	3651
PA|PP755594.1|A/cattle/Texas/24-008749-003/2024(H5N1)	893	3657
PA|PP755594.1|A/cattle/Texas/24-008749-003/2024(H5N1)	894	3687
PA|PP755594.1|A/cattle/Texas/24-008749-003/2024(H5N1)	895	3760
PA|PP755594.1|A/cattle/Texas/24-008749-003/2024(H5N1)	896	3764
PA|PP755594.1|A/cattle/Texas/24-008749-003/2024(H5N1)	897	3644
PA|PP755594.1|A/cattle/Texas/24-008749-003/2024(H5N1)	898	3649
PA|PP755594.1|A/cattle/Texas/24-008749-003/2024(H5N1)	899	3660
PA|PP755594.1|A/cattle/Texas/24-008749-003/2024(H5N1)	900	3757
PA|PP755594.1|A/cattle/Texas/24-008749-003/2024(H5N1)	901	3795
PA|PP755594.1|A/cattle/Texas/24-008749-003/2024(H5N1)	902	4175
PA|PP755594.1|A/cattle/Texas/24-008749-003/2024(H5N1)	903	4064
PA|PP755594.1|A/cattle/Texas/24-008749-003/2024(H5N1)	904	4078
PA|PP755594.1|A/cattle/Texas/24-008749-003/2024(H5N1)	905	4078
PA|PP755594.1|A/cattle/Texas/24-008749-003/2024(H5N1)	906	4080
PA|PP755594.1|A/cattle/Texas/24-008749-003/2024(H5N1)	907	4562
PA|PP755594.1|A/cattle/Texas/24-008749-003/2024(H5N1)	908	4562
PA|PP755594.1|A/cattle/Texas/24-008749-003/2024(H5N1)	909	4140
PA|PP755594.1|A/cattle/Texas/24-008749-003/2024(H5N1)	910	4214
PA|PP755594.1|A/cattle/Texas/24-008749-003/2024(H5N1)	911	4218
PA|PP755594.1|A/cattle/Texas/24-008749-003/2024(H5N1)	912	4335
PA|PP755594.1|A/cattle/Texas/24-008749-003/2024(H5N1)	913	4338
PA|PP755594.1|A/cattle/Texas/24-008749-003/2024(H5N1)	914	4349
PA|PP755594.1|A/cattle/Texas/24-008749-003/2024(H5N1)	915	3894
PA|PP755594.1|A/cattle/Texas/24-008749-003/2024(H5N1)	916	3904
PA|PP755594.1|A/cattle/Texas/24-008749-003/2024(H5N1)	917	3956
PA|PP755594.1|A/cattle/Texas/24-008749-003/2024(H5N1)	918	3959
PA|PP755594.1|A/cattle/Texas/24-008749-003/2024(H5N1)	919	3971
PA|PP755594.1|A/cattle/Texas/24-008749-003/2024(H5N1)	920	3985
PA|PP755594.1|A/cattle/Texas/24-008749-003/2024(H5N1)	921	3913
PA|PP755594.1|A/cattle/Texas/24-008749-003/2024(H5N1)	922	3936
PA|PP755594.1|A/cattle/Texas/24-008749-003/2024(H5N1)	923	3936
PA|PP755594.1|A/cattle/Texas/24-008749-003/2024(H5N1)	924	3938
PA|PP755594.1|A/cattle/Texas/24-008749-003/2024(H5N1)	925	3939
PA|PP755594.1|A/cattle/Texas/24-008749-003/2024(H5N1)	926	3933
PA|PP755594.1|A/cattle/Texas/24-008749-003/2024(H5N1)	927	3939
PA|PP755594.1|A/cattle/Texas/24-008749-003/2024(H5N1)	928	3941
PA|PP755594.1|A/cattle/Texas/24-008749-003/2024(H5N1)	929	3926
PA|PP755594.1|A/cattle/Texas/24-008749-003/2024(H5N1)	930	3932
PA|PP755594.1|A/cattle/Texas/24-008749-003/2024(H5N1)	931	3920
PA|PP755594.1|A/cattle/Texas/24-008749-003/2024(H5N1)	932	3925
PA|PP755594.1|A/cattle/Texas/24-008749-003/2024(H5N1)	933	3922
PA|PP755594.1|A/cattle/Texas/24-008749-003/2024(H5N1)	934	3932
PA|PP755594.1|A/cattle/Texas/24-008749-003/2024(H5N1)	935	3930
PA|PP755594.1|A/cattle/Texas/24-008749-003/2024(H5N1)	936	3881
PA|PP755594.1|A/cattle/Texas/24-008749-003/2024(H5N1)	937	3869
PA|PP755594.1|A/cattle/Texas/24-008749-003/2024(H5N1)	938	3856
PA|PP755594.1|A/cattle/Texas/24-008749-003/2024(H5N1)	939	3842
PA|PP755594.1|A/cattle/Texas/24-008749-003/2024(H5N1)	940	3831
PA|PP755594.1|A/cattle/Texas/24-008749-003/2024(H5N1)	941	3804
PA|PP755594.1|A/cattle/Texas/24-008749-003/2024(H5N1)	942	3731
PA|PP755594.1|A/cattle/Texas/24-008749-003/2024(H5N1)	943	3727
PA|PP755594.1|A/cattle/Texas/24-008749-003/2024(H5N1)	944	3727
PA|PP755594.1|A/cattle/Texas/24-008749-003/2024(H5N1)	945	3722
PA|PP755594.1|A/cattle/Texas/24-008749-003/2024(H5N1)	946	3721
PA|PP755594.1|A/cattle/Texas/24-008749-003/2024(H5N1)	947	3718
PA|PP755594.1|A/cattle/Texas/24-008749-003/2024(H5N1)	948	3669
PA|PP755594.1|A/cattle/Texas/24-008749-003/2024(H5N1)	949	3660
PA|PP755594.1|A/cattle/Texas/24-008749-003/2024(H5N1)	950	3660
PA|PP755594.1|A/cattle/Texas/24-008749-003/2024(H5N1)	951	3660
PA|PP755594.1|A/cattle/Texas/24-008749-003/2024(H5N1)	952	3660
PA|PP755594.1|A/cattle/Texas/24-008749-003/2024(H5N1)	953	3654
PA|PP755594.1|A/cattle/Texas/24-008749-003/2024(H5N1)	954	3653
PA|PP755594.1|A/cattle/Texas/24-008749-003/2024(H5N1)	955	3635
PA|PP755594.1|A/cattle/Texas/24-008749-003/2024(H5N1)	956	3588
PA|PP755594.1|A/cattle/Texas/24-008749-003/2024(H5N1)	957	3588
PA|PP755594.1|A/cattle/Texas/24-008749-003/2024(H5N1)	958	3583
PA|PP755594.1|A/cattle/Texas/24-008749-003/2024(H5N1)	959	3552
PA|PP755594.1|A/cattle/Texas/24-008749-003/2024(H5N1)	960	3529
PA|PP755594.1|A/cattle/Texas/24-008749-003/2024(H5N1)	961	3503
PA|PP755594.1|A/cattle/Texas/24-008749-003/2024(H5N1)	962	3494
PA|PP755594.1|A/cattle/Texas/24-008749-003/2024(H5N1)	963	2174
PA|PP755594.1|A/cattle/Texas/24-008749-003/2024(H5N1)	964	2169
PA|PP755594.1|A/cattle/Texas/24-008749-003/2024(H5N1)	965	2169
PA|PP755594.1|A/cattle/Texas/24-008749-003/2024(H5N1)	966	2169
PA|PP755594.1|A/cattle/Texas/24-008749-003/2024(H5N1)	967	2167
PA|PP755594.1|A/cattle/Texas/24-008749-003/2024(H5N1)	968	2167
PA|PP755594.1|A/cattle/Texas/24-008749-003/2024(H5N1)	969	2167
PA|PP755594.1|A/cattle/Texas/24-008749-003/2024(H5N1)	970	2170
PA|PP755594.1|A/cattle/Texas/24-008749-003/2024(H5N1)	971	2170
PA|PP755594.1|A/cattle/Texas/24-008749-003/2024(H5N1)	972	2170
PA|PP755594.1|A/cattle/Texas/24-008749-003/2024(H5N1)	973	2187
PA|PP755594.1|A/cattle/Texas/24-008749-003/2024(H5N1)	974	2337
PA|PP755594.1|A/cattle/Texas/24-008749-003/2024(H5N1)	975	2337
PA|PP755594.1|A/cattle/Texas/24-008749-003/2024(H5N1)	976	2428
PA|PP755594.1|A/cattle/Texas/24-008749-003/2024(H5N1)	977	2430
PA|PP755594.1|A/cattle/Texas/24-008749-003/2024(H5N1)	978	2431
PA|PP755594.1|A/cattle/Texas/24-008749-003/2024(H5N1)	979	2432
PA|PP755594.1|A/cattle/Texas/24-008749-003/2024(H5N1)	980	2432
PA|PP755594.1|A/cattle/Texas/24-008749-003/2024(H5N1)	981	2432
PA|PP755594.1|A/cattle/Texas/24-008749-003/2024(H5N1)	982	2444
PA|PP755594.1|A/cattle/Texas/24-008749-003/2024(H5N1)	983	2444
PA|PP755594.1|A/cattle/Texas/24-008749-003/2024(H5N1)	984	2471
PA|PP755594.1|A/cattle/Texas/24-008749-003/2024(H5N1)	985	3372
PA|PP755594.1|A/cattle/Texas/24-008749-003/2024(H5N1)	986	3427
PA|PP755594.1|A/cattle/Texas/24-008749-003/2024(H5N1)	987	3437
PA|PP755594.1|A/cattle/Texas/24-008749-003/2024(H5N1)	988	3440
PA|PP755594.1|A/cattle/Texas/24-008749-003/2024(H5N1)	989	3441
PA|PP755594.1|A/cattle/Texas/24-008749-003/2024(H5N1)	990	3452
PA|PP755594.1|A/cattle/Texas/24-008749-003/2024(H5N1)	991	3478
PA|PP755594.1|A/cattle/Texas/24-008749-003/2024(H5N1)	992	3518
PA|PP755594.1|A/cattle/Texas/24-008749-003/2024(H5N1)	993	3627
PA|PP755594.1|A/cattle/Texas/24-008749-003/2024(H5N1)	994	3628
PA|PP755594.1|A/cattle/Texas/24-008749-003/2024(H5N1)	995	3632
PA|PP755594.1|A/cattle/Texas/24-008749-003/2024(H5N1)	996	3633
PA|PP755594.1|A/cattle/Texas/24-008749-003/2024(H5N1)	997	3729
PA|PP755594.1|A/cattle/Texas/24-008749-003/2024(H5N1)	998	3729
PA|PP755594.1|A/cattle/Texas/24-008749-003/2024(H5N1)	999	3729
PA|PP755594.1|A/cattle/Texas/24-008749-003/2024(H5N1)	1000	3729
PA|PP755594.1|A/cattle/Texas/24-008749-003/2024(H5N1)	1001	3743
PA|PP755594.1|A/cattle/Texas/24-008749-003/2024(H5N1)	1002	3748
PA|PP755594.1|A/cattle/Texas/24-008749-003/2024(H5N1)	1003	3848
PA|PP755594.1|A/cattle/Texas/24-008749-003/2024(H5N1)	1004	3860
PA|PP755594.1|A/cattle/Texas/24-008749-003/2024(H5N1)	1005	3866
PA|PP755594.1|A/cattle/Texas/24-008749-003/2024(H5N1)	1006	3887
PA|PP755594.1|A/cattle/Texas/24-008749-003/2024(H5N1)	1007	4103
PA|PP755594.1|A/cattle/Texas/24-008749-003/2024(H5N1)	1008	4118
PA|PP755594.1|A/cattle/Texas/24-008749-003/2024(H5N1)	1009	4152
PA|PP755594.1|A/cattle/Texas/24-008749-003/2024(H5N1)	1010	4212
PA|PP755594.1|A/cattle/Texas/24-008749-003/2024(H5N1)	1011	4213
PA|PP755594.1|A/cattle/Texas/24-008749-003/2024(H5N1)	1012	4214
PA|PP755594.1|A/cattle/Texas/24-008749-003/2024(H5N1)	1013	4222
PA|PP755594.1|A/cattle/Texas/24-008749-003/2024(H5N1)	1014	4254
PA|PP755594.1|A/cattle/Texas/24-008749-003/2024(H5N1)	1015	4288
PA|PP755594.1|A/cattle/Texas/24-008749-003/2024(H5N1)	1016	4292
PA|PP755594.1|A/cattle/Texas/24-008749-003/2024(H5N1)	1017	4293
PA|PP755594.1|A/cattle/Texas/24-008749-003/2024(H5N1)	1018	4266
PA|PP755594.1|A/cattle/Texas/24-008749-003/2024(H5N1)	1019	4267
PA|PP755594.1|A/cattle/Texas/24-008749-003/2024(H5N1)	1020	4291
PA|PP755594.1|A/cattle/Texas/24-008749-003/2024(H5N1)	1021	4311
PA|PP755594.1|A/cattle/Texas/24-008749-003/2024(H5N1)	1022	4344
PA|PP755594.1|A/cattle/Texas/24-008749-003/2024(H5N1)	1023	4313
PA|PP755594.1|A/cattle/Texas/24-008749-003/2024(H5N1)	1024	4472
PA|PP755594.1|A/cattle/Texas/24-008749-003/2024(H5N1)	1025	4474
PA|PP755594.1|A/cattle/Texas/24-008749-003/2024(H5N1)	1026	4472
PA|PP755594.1|A/cattle/Texas/24-008749-003/2024(H5N1)	1027	4483
PA|PP755594.1|A/cattle/Texas/24-008749-003/2024(H5N1)	1028	4503
PA|PP755594.1|A/cattle/Texas/24-008749-003/2024(H5N1)	1029	4474
PA|PP755594.1|A/cattle/Texas/24-008749-003/2024(H5N1)	1030	4492
PA|PP755594.1|A/cattle/Texas/24-008749-003/2024(H5N1)	1031	4467
PA|PP755594.1|A/cattle/Texas/24-008749-003/2024(H5N1)	1032	4530
PA|PP755594.1|A/cattle/Texas/24-008749-003/2024(H5N1)	1033	4507
PA|PP755594.1|A/cattle/Texas/24-008749-003/2024(H5N1)	1034	4497
PA|PP755594.1|A/cattle/Texas/24-008749-003/2024(H5N1)	1035	4415
PA|PP755594.1|A/cattle/Texas/24-008749-003/2024(H5N1)	1036	4368
PA|PP755594.1|A/cattle/Texas/24-008749-003/2024(H5N1)	1037	4359
PA|PP755594.1|A/cattle/Texas/24-008749-003/2024(H5N1)	1038	4341
PA|PP755594.1|A/cattle/Texas/24-008749-003/2024(H5N1)	1039	4366
PA|PP755594.1|A/cattle/Texas/24-008749-003/2024(H5N1)	1040	4379
PA|PP755594.1|A/cattle/Texas/24-008749-003/2024(H5N1)	1041	4400
PA|PP755594.1|A/cattle/Texas/24-008749-003/2024(H5N1)	1042	4147
PA|PP755594.1|A/cattle/Texas/24-008749-003/2024(H5N1)	1043	4605
PA|PP755594.1|A/cattle/Texas/24-008749-003/2024(H5N1)	1044	4609
PA|PP755594.1|A/cattle/Texas/24-008749-003/2024(H5N1)	1045	4612
PA|PP755594.1|A/cattle/Texas/24-008749-003/2024(H5N1)	1046	4557
PA|PP755594.1|A/cattle/Texas/24-008749-003/2024(H5N1)	1047	4578
PA|PP755594.1|A/cattle/Texas/24-008749-003/2024(H5N1)	1048	4619
PA|PP755594.1|A/cattle/Texas/24-008749-003/2024(H5N1)	1049	4677
PA|PP755594.1|A/cattle/Texas/24-008749-003/2024(H5N1)	1050	4659
PA|PP755594.1|A/cattle/Texas/24-008749-003/2024(H5N1)	1051	4574
PA|PP755594.1|A/cattle/Texas/24-008749-003/2024(H5N1)	1052	4560
PA|PP755594.1|A/cattle/Texas/24-008749-003/2024(H5N1)	1053	4208
PA|PP755594.1|A/cattle/Texas/24-008749-003/2024(H5N1)	1054	4226
PA|PP755594.1|A/cattle/Texas/24-008749-003/2024(H5N1)	1055	4289
PA|PP755594.1|A/cattle/Texas/24-008749-003/2024(H5N1)	1056	4299
PA|PP755594.1|A/cattle/Texas/24-008749-003/2024(H5N1)	1057	4410
PA|PP755594.1|A/cattle/Texas/24-008749-003/2024(H5N1)	1058	3961
PA|PP755594.1|A/cattle/Texas/24-008749-003/2024(H5N1)	1059	3961
PA|PP755594.1|A/cattle/Texas/24-008749-003/2024(H5N1)	1060	3957
PA|PP755594.1|A/cattle/Texas/24-008749-003/2024(H5N1)	1061	3908
PA|PP755594.1|A/cattle/Texas/24-008749-003/2024(H5N1)	1062	3781
PA|PP755594.1|A/cattle/Texas/24-008749-003/2024(H5N1)	1063	3780
PA|PP755594.1|A/cattle/Texas/24-008749-003/2024(H5N1)	1064	3777
PA|PP755594.1|A/cattle/Texas/24-008749-003/2024(H5N1)	1065	3769
PA|PP755594.1|A/cattle/Texas/24-008749-003/2024(H5N1)	1066	3766
PA|PP755594.1|A/cattle/Texas/24-008749-003/2024(H5N1)	1067	3765
PA|PP755594.1|A/cattle/Texas/24-008749-003/2024(H5N1)	1068	3693
PA|PP755594.1|A/cattle/Texas/24-008749-003/2024(H5N1)	1069	3696
PA|PP755594.1|A/cattle/Texas/24-008749-003/2024(H5N1)	1070	3682
PA|PP755594.1|A/cattle/Texas/24-008749-003/2024(H5N1)	1071	3678
PA|PP755594.1|A/cattle/Texas/24-008749-003/2024(H5N1)	1072	3881
PA|PP755594.1|A/cattle/Texas/24-008749-003/2024(H5N1)	1073	3884
PA|PP755594.1|A/cattle/Texas/24-008749-003/2024(H5N1)	1074	3897
PA|PP755594.1|A/cattle/Texas/24-008749-003/2024(H5N1)	1075	3900
PA|PP755594.1|A/cattle/Texas/24-008749-003/2024(H5N1)	1076	3966
PA|PP755594.1|A/cattle/Texas/24-008749-003/2024(H5N1)	1077	3937
PA|PP755594.1|A/cattle/Texas/24-008749-003/2024(H5N1)	1078	3932
PA|PP755594.1|A/cattle/Texas/24-008749-003/2024(H5N1)	1079	3922
PA|PP755594.1|A/cattle/Texas/24-008749-003/2024(H5N1)	1080	3944
PA|PP755594.1|A/cattle/Texas/24-008749-003/2024(H5N1)	1081	3934
PA|PP755594.1|A/cattle/Texas/24-008749-003/2024(H5N1)	1082	3934
PA|PP755594.1|A/cattle/Texas/24-008749-003/2024(H5N1)	1083	3941
PA|PP755594.1|A/cattle/Texas/24-008749-003/2024(H5N1)	1084	3941
PA|PP755594.1|A/cattle/Texas/24-008749-003/2024(H5N1)	1085	3951
PA|PP755594.1|A/cattle/Texas/24-008749-003/2024(H5N1)	1086	3975
PA|PP755594.1|A/cattle/Texas/24-008749-003/2024(H5N1)	1087	3973
PA|PP755594.1|A/cattle/Texas/24-008749-003/2024(H5N1)	1088	3986
PA|PP755594.1|A/cattle/Texas/24-008749-003/2024(H5N1)	1089	3948
PA|PP755594.1|A/cattle/Texas/24-008749-003/2024(H5N1)	1090	3947
PA|PP755594.1|A/cattle/Texas/24-008749-003/2024(H5N1)	1091	3941
PA|PP755594.1|A/cattle/Texas/24-008749-003/2024(H5N1)	1092	4017
PA|PP755594.1|A/cattle/Texas/24-008749-003/2024(H5N1)	1093	4144
PA|PP755594.1|A/cattle/Texas/24-008749-003/2024(H5N1)	1094	4124
PA|PP755594.1|A/cattle/Texas/24-008749-003/2024(H5N1)	1095	4130
PA|PP755594.1|A/cattle/Texas/24-008749-003/2024(H5N1)	1096	4133
PA|PP755594.1|A/cattle/Texas/24-008749-003/2024(H5N1)	1097	4164
PA|PP755594.1|A/cattle/Texas/24-008749-003/2024(H5N1)	1098	4127
PA|PP755594.1|A/cattle/Texas/24-008749-003/2024(H5N1)	1099	4151
PA|PP755594.1|A/cattle/Texas/24-008749-003/2024(H5N1)	1100	4178
PA|PP755594.1|A/cattle/Texas/24-008749-003/2024(H5N1)	1101	4164
PA|PP755594.1|A/cattle/Texas/24-008749-003/2024(H5N1)	1102	4046
PA|PP755594.1|A/cattle/Texas/24-008749-003/2024(H5N1)	1103	4023
PA|PP755594.1|A/cattle/Texas/24-008749-003/2024(H5N1)	1104	4059
PA|PP755594.1|A/cattle/Texas/24-008749-003/2024(H5N1)	1105	4092
PA|PP755594.1|A/cattle/Texas/24-008749-003/2024(H5N1)	1106	4095
PA|PP755594.1|A/cattle/Texas/24-008749-003/2024(H5N1)	1107	4084
PA|PP755594.1|A/cattle/Texas/24-008749-003/2024(H5N1)	1108	4093
PA|PP755594.1|A/cattle/Texas/24-008749-003/2024(H5N1)	1109	4073
PA|PP755594.1|A/cattle/Texas/24-008749-003/2024(H5N1)	1110	4068
PA|PP755594.1|A/cattle/Texas/24-008749-003/2024(H5N1)	1111	4175
PA|PP755594.1|A/cattle/Texas/24-008749-003/2024(H5N1)	1112	4159
PA|PP755594.1|A/cattle/Texas/24-008749-003/2024(H5N1)	1113	4152
PA|PP755594.1|A/cattle/Texas/24-008749-003/2024(H5N1)	1114	4153
PA|PP755594.1|A/cattle/Texas/24-008749-003/2024(H5N1)	1115	4124
PA|PP755594.1|A/cattle/Texas/24-008749-003/2024(H5N1)	1116	4283
PA|PP755594.1|A/cattle/Texas/24-008749-003/2024(H5N1)	1117	4183
PA|PP755594.1|A/cattle/Texas/24-008749-003/2024(H5N1)	1118	4240
PA|PP755594.1|A/cattle/Texas/24-008749-003/2024(H5N1)	1119	4241
PA|PP755594.1|A/cattle/Texas/24-008749-003/2024(H5N1)	1120	4095
PA|PP755594.1|A/cattle/Texas/24-008749-003/2024(H5N1)	1121	4095
PA|PP755594.1|A/cattle/Texas/24-008749-003/2024(H5N1)	1122	4084
PA|PP755594.1|A/cattle/Texas/24-008749-003/2024(H5N1)	1123	4091
PA|PP755594.1|A/cattle/Texas/24-008749-003/2024(H5N1)	1124	4070
PA|PP755594.1|A/cattle/Texas/24-008749-003/2024(H5N1)	1125	3894
PA|PP755594.1|A/cattle/Texas/24-008749-003/2024(H5N1)	1126	3842
PA|PP755594.1|A/cattle/Texas/24-008749-003/2024(H5N1)	1127	3817
PA|PP755594.1|A/cattle/Texas/24-008749-003/2024(H5N1)	1128	3815
PA|PP755594.1|A/cattle/Texas/24-008749-003/2024(H5N1)	1129	4146
PA|PP755594.1|A/cattle/Texas/24-008749-003/2024(H5N1)	1130	4147
PA|PP755594.1|A/cattle/Texas/24-008749-003/2024(H5N1)	1131	4146
PA|PP755594.1|A/cattle/Texas/24-008749-003/2024(H5N1)	1132	4138
PA|PP755594.1|A/cattle/Texas/24-008749-003/2024(H5N1)	1133	4168
PA|PP755594.1|A/cattle/Texas/24-008749-003/2024(H5N1)	1134	4170
PA|PP755594.1|A/cattle/Texas/24-008749-003/2024(H5N1)	1135	4144
PA|PP755594.1|A/cattle/Texas/24-008749-003/2024(H5N1)	1136	4071
PA|PP755594.1|A/cattle/Texas/24-008749-003/2024(H5N1)	1137	4026
PA|PP755594.1|A/cattle/Texas/24-008749-003/2024(H5N1)	1138	4023
PA|PP755594.1|A/cattle/Texas/24-008749-003/2024(H5N1)	1139	4125
PA|PP755594.1|A/cattle/Texas/24-008749-003/2024(H5N1)	1140	4108
PA|PP755594.1|A/cattle/Texas/24-008749-003/2024(H5N1)	1141	4097
PA|PP755594.1|A/cattle/Texas/24-008749-003/2024(H5N1)	1142	4106
PA|PP755594.1|A/cattle/Texas/24-008749-003/2024(H5N1)	1143	4097
PA|PP755594.1|A/cattle/Texas/24-008749-003/2024(H5N1)	1144	3990
PA|PP755594.1|A/cattle/Texas/24-008749-003/2024(H5N1)	1145	4003
PA|PP755594.1|A/cattle/Texas/24-008749-003/2024(H5N1)	1146	4009
PA|PP755594.1|A/cattle/Texas/24-008749-003/2024(H5N1)	1147	4030
PA|PP755594.1|A/cattle/Texas/24-008749-003/2024(H5N1)	1148	3922
PA|PP755594.1|A/cattle/Texas/24-008749-003/2024(H5N1)	1149	3990
PA|PP755594.1|A/cattle/Texas/24-008749-003/2024(H5N1)	1150	4071
PA|PP755594.1|A/cattle/Texas/24-008749-003/2024(H5N1)	1151	4071
PA|PP755594.1|A/cattle/Texas/24-008749-003/2024(H5N1)	1152	4067
PA|PP755594.1|A/cattle/Texas/24-008749-003/2024(H5N1)	1153	4065
PA|PP755594.1|A/cattle/Texas/24-008749-003/2024(H5N1)	1154	4020
PA|PP755594.1|A/cattle/Texas/24-008749-003/2024(H5N1)	1155	3994
PA|PP755594.1|A/cattle/Texas/24-008749-003/2024(H5N1)	1156	4066
PA|PP755594.1|A/cattle/Texas/24-008749-003/2024(H5N1)	1157	4062
PA|PP755594.1|A/cattle/Texas/24-008749-003/2024(H5N1)	1158	3831
PA|PP755594.1|A/cattle/Texas/24-008749-003/2024(H5N1)	1159	3822
PA|PP755594.1|A/cattle/Texas/24-008749-003/2024(H5N1)	1160	3729
PA|PP755594.1|A/cattle/Texas/24-008749-003/2024(H5N1)	1161	3726
PA|PP755594.1|A/cattle/Texas/24-008749-003/2024(H5N1)	1162	3725
PA|PP755594.1|A/cattle/Texas/24-008749-003/2024(H5N1)	1163	3724
PA|PP755594.1|A/cattle/Texas/24-008749-003/2024(H5N1)	1164	3683
PA|PP755594.1|A/cattle/Texas/24-008749-003/2024(H5N1)	1165	3653
PA|PP755594.1|A/cattle/Texas/24-008749-003/2024(H5N1)	1166	3650
PA|PP755594.1|A/cattle/Texas/24-008749-003/2024(H5N1)	1167	3641
PA|PP755594.1|A/cattle/Texas/24-008749-003/2024(H5N1)	1168	3634
PA|PP755594.1|A/cattle/Texas/24-008749-003/2024(H5N1)	1169	3632
PA|PP755594.1|A/cattle/Texas/24-008749-003/2024(H5N1)	1170	3631
PA|PP755594.1|A/cattle/Texas/24-008749-003/2024(H5N1)	1171	3606
PA|PP755594.1|A/cattle/Texas/24-008749-003/2024(H5N1)	1172	3582
PA|PP755594.1|A/cattle/Texas/24-008749-003/2024(H5N1)	1173	3554
PA|PP755594.1|A/cattle/Texas/24-008749-003/2024(H5N1)	1174	3549
PA|PP755594.1|A/cattle/Texas/24-008749-003/2024(H5N1)	1175	3344
PA|PP755594.1|A/cattle/Texas/24-008749-003/2024(H5N1)	1176	3337
PA|PP755594.1|A/cattle/Texas/24-008749-003/2024(H5N1)	1177	3316
PA|PP755594.1|A/cattle/Texas/24-008749-003/2024(H5N1)	1178	3307
PA|PP755594.1|A/cattle/Texas/24-008749-003/2024(H5N1)	1179	2445
PA|PP755594.1|A/cattle/Texas/24-008749-003/2024(H5N1)	1180	2442
PA|PP755594.1|A/cattle/Texas/24-008749-003/2024(H5N1)	1181	2418
PA|PP755594.1|A/cattle/Texas/24-008749-003/2024(H5N1)	1182	2410
PA|PP755594.1|A/cattle/Texas/24-008749-003/2024(H5N1)	1183	2409
PA|PP755594.1|A/cattle/Texas/24-008749-003/2024(H5N1)	1184	2409
PA|PP755594.1|A/cattle/Texas/24-008749-003/2024(H5N1)	1185	2279
PA|PP755594.1|A/cattle/Texas/24-008749-003/2024(H5N1)	1186	2280
PA|PP755594.1|A/cattle/Texas/24-008749-003/2024(H5N1)	1187	2280
PA|PP755594.1|A/cattle/Texas/24-008749-003/2024(H5N1)	1188	2280
PA|PP755594.1|A/cattle/Texas/24-008749-003/2024(H5N1)	1189	2280
PA|PP755594.1|A/cattle/Texas/24-008749-003/2024(H5N1)	1190	2278
PA|PP755594.1|A/cattle/Texas/24-008749-003/2024(H5N1)	1191	2278
PA|PP755594.1|A/cattle/Texas/24-008749-003/2024(H5N1)	1192	2939
PA|PP755594.1|A/cattle/Texas/24-008749-003/2024(H5N1)	1193	2940
PA|PP755594.1|A/cattle/Texas/24-008749-003/2024(H5N1)	1194	2940
PA|PP755594.1|A/cattle/Texas/24-008749-003/2024(H5N1)	1195	2940
PA|PP755594.1|A/cattle/Texas/24-008749-003/2024(H5N1)	1196	2940
PA|PP755594.1|A/cattle/Texas/24-008749-003/2024(H5N1)	1197	2940
PA|PP755594.1|A/cattle/Texas/24-008749-003/2024(H5N1)	1198	2940
PA|PP755594.1|A/cattle/Texas/24-008749-003/2024(H5N1)	1199	3173
PA|PP755594.1|A/cattle/Texas/24-008749-003/2024(H5N1)	1200	3199
PA|PP755594.1|A/cattle/Texas/24-008749-003/2024(H5N1)	1201	3199
PA|PP755594.1|A/cattle/Texas/24-008749-003/2024(H5N1)	1202	3199
PA|PP755594.1|A/cattle/Texas/24-008749-003/2024(H5N1)	1203	3198
PA|PP755594.1|A/cattle/Texas/24-008749-003/2024(H5N1)	1204	3198
PA|PP755594.1|A/cattle/Texas/24-008749-003/2024(H5N1)	1205	3109
PA|PP755594.1|A/cattle/Texas/24-008749-003/2024(H5N1)	1206	2990
PA|PP755594.1|A/cattle/Texas/24-008749-003/2024(H5N1)	1207	2990
PA|PP755594.1|A/cattle/Texas/24-008749-003/2024(H5N1)	1208	2990
PA|PP755594.1|A/cattle/Texas/24-008749-003/2024(H5N1)	1209	2991
PA|PP755594.1|A/cattle/Texas/24-008749-003/2024(H5N1)	1210	2991
PA|PP755594.1|A/cattle/Texas/24-008749-003/2024(H5N1)	1211	2979
PA|PP755594.1|A/cattle/Texas/24-008749-003/2024(H5N1)	1212	2979
PA|PP755594.1|A/cattle/Texas/24-008749-003/2024(H5N1)	1213	2979
PA|PP755594.1|A/cattle/Texas/24-008749-003/2024(H5N1)	1214	2979
PA|PP755594.1|A/cattle/Texas/24-008749-003/2024(H5N1)	1215	2975
PA|PP755594.1|A/cattle/Texas/24-008749-003/2024(H5N1)	1216	3223
PA|PP755594.1|A/cattle/Texas/24-008749-003/2024(H5N1)	1217	3223
PA|PP755594.1|A/cattle/Texas/24-008749-003/2024(H5N1)	1218	3223
PA|PP755594.1|A/cattle/Texas/24-008749-003/2024(H5N1)	1219	3251
PA|PP755594.1|A/cattle/Texas/24-008749-003/2024(H5N1)	1220	3248
PA|PP755594.1|A/cattle/Texas/24-008749-003/2024(H5N1)	1221	3247
PA|PP755594.1|A/cattle/Texas/24-008749-003/2024(H5N1)	1222	3247
PA|PP755594.1|A/cattle/Texas/24-008749-003/2024(H5N1)	1223	3249
PA|PP755594.1|A/cattle/Texas/24-008749-003/2024(H5N1)	1224	3265
PA|PP755594.1|A/cattle/Texas/24-008749-003/2024(H5N1)	1225	3381
PA|PP755594.1|A/cattle/Texas/24-008749-003/2024(H5N1)	1226	3379
PA|PP755594.1|A/cattle/Texas/24-008749-003/2024(H5N1)	1227	3312
PA|PP755594.1|A/cattle/Texas/24-008749-003/2024(H5N1)	1228	3301
PA|PP755594.1|A/cattle/Texas/24-008749-003/2024(H5N1)	1229	3301
PA|PP755594.1|A/cattle/Texas/24-008749-003/2024(H5N1)	1230	3300
PA|PP755594.1|A/cattle/Texas/24-008749-003/2024(H5N1)	1231	3277
PA|PP755594.1|A/cattle/Texas/24-008749-003/2024(H5N1)	1232	3275
PA|PP755594.1|A/cattle/Texas/24-008749-003/2024(H5N1)	1233	3260
PA|PP755594.1|A/cattle/Texas/24-008749-003/2024(H5N1)	1234	3249
PA|PP755594.1|A/cattle/Texas/24-008749-003/2024(H5N1)	1235	3248
PA|PP755594.1|A/cattle/Texas/24-008749-003/2024(H5N1)	1236	3231
PA|PP755594.1|A/cattle/Texas/24-008749-003/2024(H5N1)	1237	3201
PA|PP755594.1|A/cattle/Texas/24-008749-003/2024(H5N1)	1238	3201
PA|PP755594.1|A/cattle/Texas/24-008749-003/2024(H5N1)	1239	3184
PA|PP755594.1|A/cattle/Texas/24-008749-003/2024(H5N1)	1240	3184
PA|PP755594.1|A/cattle/Texas/24-008749-003/2024(H5N1)	1241	3176
PA|PP755594.1|A/cattle/Texas/24-008749-003/2024(H5N1)	1242	3073
PA|PP755594.1|A/cattle/Texas/24-008749-003/2024(H5N1)	1243	3070
PA|PP755594.1|A/cattle/Texas/24-008749-003/2024(H5N1)	1244	2963
PA|PP755594.1|A/cattle/Texas/24-008749-003/2024(H5N1)	1245	1480
PA|PP755594.1|A/cattle/Texas/24-008749-003/2024(H5N1)	1246	1476
PA|PP755594.1|A/cattle/Texas/24-008749-003/2024(H5N1)	1247	1472
PA|PP755594.1|A/cattle/Texas/24-008749-003/2024(H5N1)	1248	1434
PA|PP755594.1|A/cattle/Texas/24-008749-003/2024(H5N1)	1249	1428
PA|PP755594.1|A/cattle/Texas/24-008749-003/2024(H5N1)	1250	1428
PA|PP755594.1|A/cattle/Texas/24-008749-003/2024(H5N1)	1251	1401
PA|PP755594.1|A/cattle/Texas/24-008749-003/2024(H5N1)	1252	1389
PA|PP755594.1|A/cattle/Texas/24-008749-003/2024(H5N1)	1253	1378
PA|PP755594.1|A/cattle/Texas/24-008749-003/2024(H5N1)	1254	1339
PA|PP755594.1|A/cattle/Texas/24-008749-003/2024(H5N1)	1255	1339
PA|PP755594.1|A/cattle/Texas/24-008749-003/2024(H5N1)	1256	1337
PA|PP755594.1|A/cattle/Texas/24-008749-003/2024(H5N1)	1257	1242
PA|PP755594.1|A/cattle/Texas/24-008749-003/2024(H5N1)	1258	1242
PA|PP755594.1|A/cattle/Texas/24-008749-003/2024(H5N1)	1259	1242
PA|PP755594.1|A/cattle/Texas/24-008749-003/2024(H5N1)	1260	1242
PA|PP755594.1|A/cattle/Texas/24-008749-003/2024(H5N1)	1261	1242
PA|PP755594.1|A/cattle/Texas/24-008749-003/2024(H5N1)	1262	1242
PA|PP755594.1|A/cattle/Texas/24-008749-003/2024(H5N1)	1263	1242
PA|PP755594.1|A/cattle/Texas/24-008749-003/2024(H5N1)	1264	1244
PA|PP755594.1|A/cattle/Texas/24-008749-003/2024(H5N1)	1265	1513
PA|PP755594.1|A/cattle/Texas/24-008749-003/2024(H5N1)	1266	1615
PA|PP755594.1|A/cattle/Texas/24-008749-003/2024(H5N1)	1267	1615
PA|PP755594.1|A/cattle/Texas/24-008749-003/2024(H5N1)	1268	1615
PA|PP755594.1|A/cattle/Texas/24-008749-003/2024(H5N1)	1269	1615
PA|PP755594.1|A/cattle/Texas/24-008749-003/2024(H5N1)	1270	1703
PA|PP755594.1|A/cattle/Texas/24-008749-003/2024(H5N1)	1271	1711
PA|PP755594.1|A/cattle/Texas/24-008749-003/2024(H5N1)	1272	1711
PA|PP755594.1|A/cattle/Texas/24-008749-003/2024(H5N1)	1273	1711
PA|PP755594.1|A/cattle/Texas/24-008749-003/2024(H5N1)	1274	1711
PA|PP755594.1|A/cattle/Texas/24-008749-003/2024(H5N1)	1275	1713
PA|PP755594.1|A/cattle/Texas/24-008749-003/2024(H5N1)	1276	1714
PA|PP755594.1|A/cattle/Texas/24-008749-003/2024(H5N1)	1277	1714
PA|PP755594.1|A/cattle/Texas/24-008749-003/2024(H5N1)	1278	1714
PA|PP755594.1|A/cattle/Texas/24-008749-003/2024(H5N1)	1279	1714
PA|PP755594.1|A/cattle/Texas/24-008749-003/2024(H5N1)	1280	1802
PA|PP755594.1|A/cattle/Texas/24-008749-003/2024(H5N1)	1281	1803
PA|PP755594.1|A/cattle/Texas/24-008749-003/2024(H5N1)	1282	3021
PA|PP755594.1|A/cattle/Texas/24-008749-003/2024(H5N1)	1283	3034
PA|PP755594.1|A/cattle/Texas/24-008749-003/2024(H5N1)	1284	3044
PA|PP755594.1|A/cattle/Texas/24-008749-003/2024(H5N1)	1285	3076
PA|PP755594.1|A/cattle/Texas/24-008749-003/2024(H5N1)	1286	3202
PA|PP755594.1|A/cattle/Texas/24-008749-003/2024(H5N1)	1287	3218
PA|PP755594.1|A/cattle/Texas/24-008749-003/2024(H5N1)	1288	3224
PA|PP755594.1|A/cattle/Texas/24-008749-003/2024(H5N1)	1289	3234
PA|PP755594.1|A/cattle/Texas/24-008749-003/2024(H5N1)	1290	3241
PA|PP755594.1|A/cattle/Texas/24-008749-003/2024(H5N1)	1291	3244
PA|PP755594.1|A/cattle/Texas/24-008749-003/2024(H5N1)	1292	3387
PA|PP755594.1|A/cattle/Texas/24-008749-003/2024(H5N1)	1293	3387
PA|PP755594.1|A/cattle/Texas/24-008749-003/2024(H5N1)	1294	3391
PA|PP755594.1|A/cattle/Texas/24-008749-003/2024(H5N1)	1295	3479
PA|PP755594.1|A/cattle/Texas/24-008749-003/2024(H5N1)	1296	3484
PA|PP755594.1|A/cattle/Texas/24-008749-003/2024(H5N1)	1297	3485
PA|PP755594.1|A/cattle/Texas/24-008749-003/2024(H5N1)	1298	3486
PA|PP755594.1|A/cattle/Texas/24-008749-003/2024(H5N1)	1299	3486
PA|PP755594.1|A/cattle/Texas/24-008749-003/2024(H5N1)	1300	3488
PA|PP755594.1|A/cattle/Texas/24-008749-003/2024(H5N1)	1301	3488
PA|PP755594.1|A/cattle/Texas/24-008749-003/2024(H5N1)	1302	3488
PA|PP755594.1|A/cattle/Texas/24-008749-003/2024(H5N1)	1303	3575
PA|PP755594.1|A/cattle/Texas/24-008749-003/2024(H5N1)	1304	3581
PA|PP755594.1|A/cattle/Texas/24-008749-003/2024(H5N1)	1305	3587
PA|PP755594.1|A/cattle/Texas/24-008749-003/2024(H5N1)	1306	3635
PA|PP755594.1|A/cattle/Texas/24-008749-003/2024(H5N1)	1307	3656
PA|PP755594.1|A/cattle/Texas/24-008749-003/2024(H5N1)	1308	3667
PA|PP755594.1|A/cattle/Texas/24-008749-003/2024(H5N1)	1309	3668
PA|PP755594.1|A/cattle/Texas/24-008749-003/2024(H5N1)	1310	3668
PA|PP755594.1|A/cattle/Texas/24-008749-003/2024(H5N1)	1311	3760
PA|PP755594.1|A/cattle/Texas/24-008749-003/2024(H5N1)	1312	3760
PA|PP755594.1|A/cattle/Texas/24-008749-003/2024(H5N1)	1313	3760
PA|PP755594.1|A/cattle/Texas/24-008749-003/2024(H5N1)	1314	3760
PA|PP755594.1|A/cattle/Texas/24-008749-003/2024(H5N1)	1315	3760
PA|PP755594.1|A/cattle/Texas/24-008749-003/2024(H5N1)	1316	3638
PA|PP755594.1|A/cattle/Texas/24-008749-003/2024(H5N1)	1317	3285
PA|PP755594.1|A/cattle/Texas/24-008749-003/2024(H5N1)	1318	3285
PA|PP755594.1|A/cattle/Texas/24-008749-003/2024(H5N1)	1319	3285
PA|PP755594.1|A/cattle/Texas/24-008749-003/2024(H5N1)	1320	3284
PA|PP755594.1|A/cattle/Texas/24-008749-003/2024(H5N1)	1321	3285
PA|PP755594.1|A/cattle/Texas/24-008749-003/2024(H5N1)	1322	3515
PA|PP755594.1|A/cattle/Texas/24-008749-003/2024(H5N1)	1323	3525
PA|PP755594.1|A/cattle/Texas/24-008749-003/2024(H5N1)	1324	3537
PA|PP755594.1|A/cattle/Texas/24-008749-003/2024(H5N1)	1325	3543
PA|PP755594.1|A/cattle/Texas/24-008749-003/2024(H5N1)	1326	3548
PA|PP755594.1|A/cattle/Texas/24-008749-003/2024(H5N1)	1327	3551
PA|PP755594.1|A/cattle/Texas/24-008749-003/2024(H5N1)	1328	3558
PA|PP755594.1|A/cattle/Texas/24-008749-003/2024(H5N1)	1329	3614
PA|PP755594.1|A/cattle/Texas/24-008749-003/2024(H5N1)	1330	3636
PA|PP755594.1|A/cattle/Texas/24-008749-003/2024(H5N1)	1331	3641
PA|PP755594.1|A/cattle/Texas/24-008749-003/2024(H5N1)	1332	3672
PA|PP755594.1|A/cattle/Texas/24-008749-003/2024(H5N1)	1333	3704
PA|PP755594.1|A/cattle/Texas/24-008749-003/2024(H5N1)	1334	3704
PA|PP755594.1|A/cattle/Texas/24-008749-003/2024(H5N1)	1335	3713
PA|PP755594.1|A/cattle/Texas/24-008749-003/2024(H5N1)	1336	3713
PA|PP755594.1|A/cattle/Texas/24-008749-003/2024(H5N1)	1337	3714
PA|PP755594.1|A/cattle/Texas/24-008749-003/2024(H5N1)	1338	3703
PA|PP755594.1|A/cattle/Texas/24-008749-003/2024(H5N1)	1339	3695
PA|PP755594.1|A/cattle/Texas/24-008749-003/2024(H5N1)	1340	3786
PA|PP755594.1|A/cattle/Texas/24-008749-003/2024(H5N1)	1341	3779
PA|PP755594.1|A/cattle/Texas/24-008749-003/2024(H5N1)	1342	3746
PA|PP755594.1|A/cattle/Texas/24-008749-003/2024(H5N1)	1343	3738
PA|PP755594.1|A/cattle/Texas/24-008749-003/2024(H5N1)	1344	3379
PA|PP755594.1|A/cattle/Texas/24-008749-003/2024(H5N1)	1345	3427
PA|PP755594.1|A/cattle/Texas/24-008749-003/2024(H5N1)	1346	3427
PA|PP755594.1|A/cattle/Texas/24-008749-003/2024(H5N1)	1347	3427
PA|PP755594.1|A/cattle/Texas/24-008749-003/2024(H5N1)	1348	3450
PA|PP755594.1|A/cattle/Texas/24-008749-003/2024(H5N1)	1349	3492
PA|PP755594.1|A/cattle/Texas/24-008749-003/2024(H5N1)	1350	3549
PA|PP755594.1|A/cattle/Texas/24-008749-003/2024(H5N1)	1351	3626
PA|PP755594.1|A/cattle/Texas/24-008749-003/2024(H5N1)	1352	3632
PA|PP755594.1|A/cattle/Texas/24-008749-003/2024(H5N1)	1353	3692
PA|PP755594.1|A/cattle/Texas/24-008749-003/2024(H5N1)	1354	3729
PA|PP755594.1|A/cattle/Texas/24-008749-003/2024(H5N1)	1355	3781
PA|PP755594.1|A/cattle/Texas/24-008749-003/2024(H5N1)	1356	3965
PA|PP755594.1|A/cattle/Texas/24-008749-003/2024(H5N1)	1357	3978
PA|PP755594.1|A/cattle/Texas/24-008749-003/2024(H5N1)	1358	3978
PA|PP755594.1|A/cattle/Texas/24-008749-003/2024(H5N1)	1359	3988
PA|PP755594.1|A/cattle/Texas/24-008749-003/2024(H5N1)	1360	3951
PA|PP755594.1|A/cattle/Texas/24-008749-003/2024(H5N1)	1361	3970
PA|PP755594.1|A/cattle/Texas/24-008749-003/2024(H5N1)	1362	3961
PA|PP755594.1|A/cattle/Texas/24-008749-003/2024(H5N1)	1363	3975
PA|PP755594.1|A/cattle/Texas/24-008749-003/2024(H5N1)	1364	3967
PA|PP755594.1|A/cattle/Texas/24-008749-003/2024(H5N1)	1365	3932
PA|PP755594.1|A/cattle/Texas/24-008749-003/2024(H5N1)	1366	3999
PA|PP755594.1|A/cattle/Texas/24-008749-003/2024(H5N1)	1367	3995
PA|PP755594.1|A/cattle/Texas/24-008749-003/2024(H5N1)	1368	3989
PA|PP755594.1|A/cattle/Texas/24-008749-003/2024(H5N1)	1369	4003
PA|PP755594.1|A/cattle/Texas/24-008749-003/2024(H5N1)	1370	3981
PA|PP755594.1|A/cattle/Texas/24-008749-003/2024(H5N1)	1371	3989
PA|PP755594.1|A/cattle/Texas/24-008749-003/2024(H5N1)	1372	3986
PA|PP755594.1|A/cattle/Texas/24-008749-003/2024(H5N1)	1373	3955
PA|PP755594.1|A/cattle/Texas/24-008749-003/2024(H5N1)	1374	3972
PA|PP755594.1|A/cattle/Texas/24-008749-003/2024(H5N1)	1375	3879
PA|PP755594.1|A/cattle/Texas/24-008749-003/2024(H5N1)	1376	3867
PA|PP755594.1|A/cattle/Texas/24-008749-003/2024(H5N1)	1377	3837
PA|PP755594.1|A/cattle/Texas/24-008749-003/2024(H5N1)	1378	3827
PA|PP755594.1|A/cattle/Texas/24-008749-003/2024(H5N1)	1379	3781
PA|PP755594.1|A/cattle/Texas/24-008749-003/2024(H5N1)	1380	3769
PA|PP755594.1|A/cattle/Texas/24-008749-003/2024(H5N1)	1381	3761
PA|PP755594.1|A/cattle/Texas/24-008749-003/2024(H5N1)	1382	3755
PA|PP755594.1|A/cattle/Texas/24-008749-003/2024(H5N1)	1383	3740
PA|PP755594.1|A/cattle/Texas/24-008749-003/2024(H5N1)	1384	3648
PA|PP755594.1|A/cattle/Texas/24-008749-003/2024(H5N1)	1385	3641
PA|PP755594.1|A/cattle/Texas/24-008749-003/2024(H5N1)	1386	3601
PA|PP755594.1|A/cattle/Texas/24-008749-003/2024(H5N1)	1387	3601
PA|PP755594.1|A/cattle/Texas/24-008749-003/2024(H5N1)	1388	3592
PA|PP755594.1|A/cattle/Texas/24-008749-003/2024(H5N1)	1389	3535
PA|PP755594.1|A/cattle/Texas/24-008749-003/2024(H5N1)	1390	3535
PA|PP755594.1|A/cattle/Texas/24-008749-003/2024(H5N1)	1391	3533
PA|PP755594.1|A/cattle/Texas/24-008749-003/2024(H5N1)	1392	3508
PA|PP755594.1|A/cattle/Texas/24-008749-003/2024(H5N1)	1393	3503
PA|PP755594.1|A/cattle/Texas/24-008749-003/2024(H5N1)	1394	3487
PA|PP755594.1|A/cattle/Texas/24-008749-003/2024(H5N1)	1395	3441
PA|PP755594.1|A/cattle/Texas/24-008749-003/2024(H5N1)	1396	3409
PA|PP755594.1|A/cattle/Texas/24-008749-003/2024(H5N1)	1397	3376
PA|PP755594.1|A/cattle/Texas/24-008749-003/2024(H5N1)	1398	3361
PA|PP755594.1|A/cattle/Texas/24-008749-003/2024(H5N1)	1399	3360
PA|PP755594.1|A/cattle/Texas/24-008749-003/2024(H5N1)	1400	3359
PA|PP755594.1|A/cattle/Texas/24-008749-003/2024(H5N1)	1401	3190
PA|PP755594.1|A/cattle/Texas/24-008749-003/2024(H5N1)	1402	3170
PA|PP755594.1|A/cattle/Texas/24-008749-003/2024(H5N1)	1403	3164
PA|PP755594.1|A/cattle/Texas/24-008749-003/2024(H5N1)	1404	2301
PA|PP755594.1|A/cattle/Texas/24-008749-003/2024(H5N1)	1405	2243
PA|PP755594.1|A/cattle/Texas/24-008749-003/2024(H5N1)	1406	2075
PA|PP755594.1|A/cattle/Texas/24-008749-003/2024(H5N1)	1407	2072
PA|PP755594.1|A/cattle/Texas/24-008749-003/2024(H5N1)	1408	2073
PA|PP755594.1|A/cattle/Texas/24-008749-003/2024(H5N1)	1409	2073
PA|PP755594.1|A/cattle/Texas/24-008749-003/2024(H5N1)	1410	2073
PA|PP755594.1|A/cattle/Texas/24-008749-003/2024(H5N1)	1411	2077
PA|PP755594.1|A/cattle/Texas/24-008749-003/2024(H5N1)	1412	2077
PA|PP755594.1|A/cattle/Texas/24-008749-003/2024(H5N1)	1413	2077
PA|PP755594.1|A/cattle/Texas/24-008749-003/2024(H5N1)	1414	2077
PA|PP755594.1|A/cattle/Texas/24-008749-003/2024(H5N1)	1415	2079
PA|PP755594.1|A/cattle/Texas/24-008749-003/2024(H5N1)	1416	2079
PA|PP755594.1|A/cattle/Texas/24-008749-003/2024(H5N1)	1417	2079
PA|PP755594.1|A/cattle/Texas/24-008749-003/2024(H5N1)	1418	2079
PA|PP755594.1|A/cattle/Texas/24-008749-003/2024(H5N1)	1419	2079
PA|PP755594.1|A/cattle/Texas/24-008749-003/2024(H5N1)	1420	2079
PA|PP755594.1|A/cattle/Texas/24-008749-003/2024(H5N1)	1421	2080
PA|PP755594.1|A/cattle/Texas/24-008749-003/2024(H5N1)	1422	2081
PA|PP755594.1|A/cattle/Texas/24-008749-003/2024(H5N1)	1423	2081
PA|PP755594.1|A/cattle/Texas/24-008749-003/2024(H5N1)	1424	2081
PA|PP755594.1|A/cattle/Texas/24-008749-003/2024(H5N1)	1425	2081
PA|PP755594.1|A/cattle/Texas/24-008749-003/2024(H5N1)	1426	3199
PA|PP755594.1|A/cattle/Texas/24-008749-003/2024(H5N1)	1427	3200
PA|PP755594.1|A/cattle/Texas/24-008749-003/2024(H5N1)	1428	3209
PA|PP755594.1|A/cattle/Texas/24-008749-003/2024(H5N1)	1429	3238
PA|PP755594.1|A/cattle/Texas/24-008749-003/2024(H5N1)	1430	3247
PA|PP755594.1|A/cattle/Texas/24-008749-003/2024(H5N1)	1431	3269
PA|PP755594.1|A/cattle/Texas/24-008749-003/2024(H5N1)	1432	3282
PA|PP755594.1|A/cattle/Texas/24-008749-003/2024(H5N1)	1433	3300
PA|PP755594.1|A/cattle/Texas/24-008749-003/2024(H5N1)	1434	3304
PA|PP755594.1|A/cattle/Texas/24-008749-003/2024(H5N1)	1435	3190
PA|PP755594.1|A/cattle/Texas/24-008749-003/2024(H5N1)	1436	3158
PA|PP755594.1|A/cattle/Texas/24-008749-003/2024(H5N1)	1437	3137
PA|PP755594.1|A/cattle/Texas/24-008749-003/2024(H5N1)	1438	3131
PA|PP755594.1|A/cattle/Texas/24-008749-003/2024(H5N1)	1439	3128
PA|PP755594.1|A/cattle/Texas/24-008749-003/2024(H5N1)	1440	3105
PA|PP755594.1|A/cattle/Texas/24-008749-003/2024(H5N1)	1441	3091
PA|PP755594.1|A/cattle/Texas/24-008749-003/2024(H5N1)	1442	3088
PA|PP755594.1|A/cattle/Texas/24-008749-003/2024(H5N1)	1443	2856
PA|PP755594.1|A/cattle/Texas/24-008749-003/2024(H5N1)	1444	2854
PA|PP755594.1|A/cattle/Texas/24-008749-003/2024(H5N1)	1445	3084
PA|PP755594.1|A/cattle/Texas/24-008749-003/2024(H5N1)	1446	3093
PA|PP755594.1|A/cattle/Texas/24-008749-003/2024(H5N1)	1447	3100
PA|PP755594.1|A/cattle/Texas/24-008749-003/2024(H5N1)	1448	3139
PA|PP755594.1|A/cattle/Texas/24-008749-003/2024(H5N1)	1449	3143
PA|PP755594.1|A/cattle/Texas/24-008749-003/2024(H5N1)	1450	3265
PA|PP755594.1|A/cattle/Texas/24-008749-003/2024(H5N1)	1451	3261
PA|PP755594.1|A/cattle/Texas/24-008749-003/2024(H5N1)	1452	3251
PA|PP755594.1|A/cattle/Texas/24-008749-003/2024(H5N1)	1453	3243
PA|PP755594.1|A/cattle/Texas/24-008749-003/2024(H5N1)	1454	3163
PA|PP755594.1|A/cattle/Texas/24-008749-003/2024(H5N1)	1455	3156
PA|PP755594.1|A/cattle/Texas/24-008749-003/2024(H5N1)	1456	3149
PA|PP755594.1|A/cattle/Texas/24-008749-003/2024(H5N1)	1457	3123
PA|PP755594.1|A/cattle/Texas/24-008749-003/2024(H5N1)	1458	3120
PA|PP755594.1|A/cattle/Texas/24-008749-003/2024(H5N1)	1459	3106
PA|PP755594.1|A/cattle/Texas/24-008749-003/2024(H5N1)	1460	3105
PA|PP755594.1|A/cattle/Texas/24-008749-003/2024(H5N1)	1461	2967
PA|PP755594.1|A/cattle/Texas/24-008749-003/2024(H5N1)	1462	2959
PA|PP755594.1|A/cattle/Texas/24-008749-003/2024(H5N1)	1463	2956
PA|PP755594.1|A/cattle/Texas/24-008749-003/2024(H5N1)	1464	2893
PA|PP755594.1|A/cattle/Texas/24-008749-003/2024(H5N1)	1465	2894
PA|PP755594.1|A/cattle/Texas/24-008749-003/2024(H5N1)	1466	2894
PA|PP755594.1|A/cattle/Texas/24-008749-003/2024(H5N1)	1467	2894
PA|PP755594.1|A/cattle/Texas/24-008749-003/2024(H5N1)	1468	2854
PA|PP755594.1|A/cattle/Texas/24-008749-003/2024(H5N1)	1469	2842
PA|PP755594.1|A/cattle/Texas/24-008749-003/2024(H5N1)	1470	2832
PA|PP755594.1|A/cattle/Texas/24-008749-003/2024(H5N1)	1471	2872
PA|PP755594.1|A/cattle/Texas/24-008749-003/2024(H5N1)	1472	2899
PA|PP755594.1|A/cattle/Texas/24-008749-003/2024(H5N1)	1473	2849
PA|PP755594.1|A/cattle/Texas/24-008749-003/2024(H5N1)	1474	3328
PA|PP755594.1|A/cattle/Texas/24-008749-003/2024(H5N1)	1475	3424
PA|PP755594.1|A/cattle/Texas/24-008749-003/2024(H5N1)	1476	3425
PA|PP755594.1|A/cattle/Texas/24-008749-003/2024(H5N1)	1477	3429
PA|PP755594.1|A/cattle/Texas/24-008749-003/2024(H5N1)	1478	3418
PA|PP755594.1|A/cattle/Texas/24-008749-003/2024(H5N1)	1479	3388
PA|PP755594.1|A/cattle/Texas/24-008749-003/2024(H5N1)	1480	3377
PA|PP755594.1|A/cattle/Texas/24-008749-003/2024(H5N1)	1481	3361
PA|PP755594.1|A/cattle/Texas/24-008749-003/2024(H5N1)	1482	3354
PA|PP755594.1|A/cattle/Texas/24-008749-003/2024(H5N1)	1483	3301
PA|PP755594.1|A/cattle/Texas/24-008749-003/2024(H5N1)	1484	3277
PA|PP755594.1|A/cattle/Texas/24-008749-003/2024(H5N1)	1485	3312
PA|PP755594.1|A/cattle/Texas/24-008749-003/2024(H5N1)	1486	3305
PA|PP755594.1|A/cattle/Texas/24-008749-003/2024(H5N1)	1487	3305
PA|PP755594.1|A/cattle/Texas/24-008749-003/2024(H5N1)	1488	3304
PA|PP755594.1|A/cattle/Texas/24-008749-003/2024(H5N1)	1489	3299
PA|PP755594.1|A/cattle/Texas/24-008749-003/2024(H5N1)	1490	2637
PA|PP755594.1|A/cattle/Texas/24-008749-003/2024(H5N1)	1491	2524
PA|PP755594.1|A/cattle/Texas/24-008749-003/2024(H5N1)	1492	2528
PA|PP755594.1|A/cattle/Texas/24-008749-003/2024(H5N1)	1493	2541
PA|PP755594.1|A/cattle/Texas/24-008749-003/2024(H5N1)	1494	2559
PA|PP755594.1|A/cattle/Texas/24-008749-003/2024(H5N1)	1495	2645
PA|PP755594.1|A/cattle/Texas/24-008749-003/2024(H5N1)	1496	2599
PA|PP755594.1|A/cattle/Texas/24-008749-003/2024(H5N1)	1497	2598
PA|PP755594.1|A/cattle/Texas/24-008749-003/2024(H5N1)	1498	2748
PA|PP755594.1|A/cattle/Texas/24-008749-003/2024(H5N1)	1499	2759
PA|PP755594.1|A/cattle/Texas/24-008749-003/2024(H5N1)	1500	2818
PA|PP755594.1|A/cattle/Texas/24-008749-003/2024(H5N1)	1501	3205
PA|PP755594.1|A/cattle/Texas/24-008749-003/2024(H5N1)	1502	3205
PA|PP755594.1|A/cattle/Texas/24-008749-003/2024(H5N1)	1503	3393
PA|PP755594.1|A/cattle/Texas/24-008749-003/2024(H5N1)	1504	3416
PA|PP755594.1|A/cattle/Texas/24-008749-003/2024(H5N1)	1505	3425
PA|PP755594.1|A/cattle/Texas/24-008749-003/2024(H5N1)	1506	3489
PA|PP755594.1|A/cattle/Texas/24-008749-003/2024(H5N1)	1507	3505
PA|PP755594.1|A/cattle/Texas/24-008749-003/2024(H5N1)	1508	3506
PA|PP755594.1|A/cattle/Texas/24-008749-003/2024(H5N1)	1509	3522
PA|PP755594.1|A/cattle/Texas/24-008749-003/2024(H5N1)	1510	3581
PA|PP755594.1|A/cattle/Texas/24-008749-003/2024(H5N1)	1511	3653
PA|PP755594.1|A/cattle/Texas/24-008749-003/2024(H5N1)	1512	3646
PA|PP755594.1|A/cattle/Texas/24-008749-003/2024(H5N1)	1513	3712
PA|PP755594.1|A/cattle/Texas/24-008749-003/2024(H5N1)	1514	3717
PA|PP755594.1|A/cattle/Texas/24-008749-003/2024(H5N1)	1515	3855
PA|PP755594.1|A/cattle/Texas/24-008749-003/2024(H5N1)	1516	3890
PA|PP755594.1|A/cattle/Texas/24-008749-003/2024(H5N1)	1517	3896
PA|PP755594.1|A/cattle/Texas/24-008749-003/2024(H5N1)	1518	3901
PA|PP755594.1|A/cattle/Texas/24-008749-003/2024(H5N1)	1519	3905
PA|PP755594.1|A/cattle/Texas/24-008749-003/2024(H5N1)	1520	3909
PA|PP755594.1|A/cattle/Texas/24-008749-003/2024(H5N1)	1521	3947
PA|PP755594.1|A/cattle/Texas/24-008749-003/2024(H5N1)	1522	3938
PA|PP755594.1|A/cattle/Texas/24-008749-003/2024(H5N1)	1523	3934
PA|PP755594.1|A/cattle/Texas/24-008749-003/2024(H5N1)	1524	3793
PA|PP755594.1|A/cattle/Texas/24-008749-003/2024(H5N1)	1525	3795
PA|PP755594.1|A/cattle/Texas/24-008749-003/2024(H5N1)	1526	3803
PA|PP755594.1|A/cattle/Texas/24-008749-003/2024(H5N1)	1527	3848
PA|PP755594.1|A/cattle/Texas/24-008749-003/2024(H5N1)	1528	4075
PA|PP755594.1|A/cattle/Texas/24-008749-003/2024(H5N1)	1529	4141
PA|PP755594.1|A/cattle/Texas/24-008749-003/2024(H5N1)	1530	4157
PA|PP755594.1|A/cattle/Texas/24-008749-003/2024(H5N1)	1531	4158
PA|PP755594.1|A/cattle/Texas/24-008749-003/2024(H5N1)	1532	4159
PA|PP755594.1|A/cattle/Texas/24-008749-003/2024(H5N1)	1533	4168
PA|PP755594.1|A/cattle/Texas/24-008749-003/2024(H5N1)	1534	4184
PA|PP755594.1|A/cattle/Texas/24-008749-003/2024(H5N1)	1535	4184
PA|PP755594.1|A/cattle/Texas/24-008749-003/2024(H5N1)	1536	4326
PA|PP755594.1|A/cattle/Texas/24-008749-003/2024(H5N1)	1537	4329
PA|PP755594.1|A/cattle/Texas/24-008749-003/2024(H5N1)	1538	4322
PA|PP755594.1|A/cattle/Texas/24-008749-003/2024(H5N1)	1539	4345
PA|PP755594.1|A/cattle/Texas/24-008749-003/2024(H5N1)	1540	4336
PA|PP755594.1|A/cattle/Texas/24-008749-003/2024(H5N1)	1541	4331
PA|PP755594.1|A/cattle/Texas/24-008749-003/2024(H5N1)	1542	4052
PA|PP755594.1|A/cattle/Texas/24-008749-003/2024(H5N1)	1543	4083
PA|PP755594.1|A/cattle/Texas/24-008749-003/2024(H5N1)	1544	4149
PA|PP755594.1|A/cattle/Texas/24-008749-003/2024(H5N1)	1545	4148
PA|PP755594.1|A/cattle/Texas/24-008749-003/2024(H5N1)	1546	4148
PA|PP755594.1|A/cattle/Texas/24-008749-003/2024(H5N1)	1547	4148
PA|PP755594.1|A/cattle/Texas/24-008749-003/2024(H5N1)	1548	4046
PA|PP755594.1|A/cattle/Texas/24-008749-003/2024(H5N1)	1549	4037
PA|PP755594.1|A/cattle/Texas/24-008749-003/2024(H5N1)	1550	4012
PA|PP755594.1|A/cattle/Texas/24-008749-003/2024(H5N1)	1551	2748
PA|PP755594.1|A/cattle/Texas/24-008749-003/2024(H5N1)	1552	2748
PA|PP755594.1|A/cattle/Texas/24-008749-003/2024(H5N1)	1553	2748
PA|PP755594.1|A/cattle/Texas/24-008749-003/2024(H5N1)	1554	2747
PA|PP755594.1|A/cattle/Texas/24-008749-003/2024(H5N1)	1555	2747
PA|PP755594.1|A/cattle/Texas/24-008749-003/2024(H5N1)	1556	2747
PA|PP755594.1|A/cattle/Texas/24-008749-003/2024(H5N1)	1557	2740
PA|PP755594.1|A/cattle/Texas/24-008749-003/2024(H5N1)	1558	2756
PA|PP755594.1|A/cattle/Texas/24-008749-003/2024(H5N1)	1559	2766
PA|PP755594.1|A/cattle/Texas/24-008749-003/2024(H5N1)	1560	2766
PA|PP755594.1|A/cattle/Texas/24-008749-003/2024(H5N1)	1561	2766
PA|PP755594.1|A/cattle/Texas/24-008749-003/2024(H5N1)	1562	2766
PA|PP755594.1|A/cattle/Texas/24-008749-003/2024(H5N1)	1563	2766
PA|PP755594.1|A/cattle/Texas/24-008749-003/2024(H5N1)	1564	2788
PA|PP755594.1|A/cattle/Texas/24-008749-003/2024(H5N1)	1565	2788
PA|PP755594.1|A/cattle/Texas/24-008749-003/2024(H5N1)	1566	2788
PA|PP755594.1|A/cattle/Texas/24-008749-003/2024(H5N1)	1567	2798
PA|PP755594.1|A/cattle/Texas/24-008749-003/2024(H5N1)	1568	2805
PA|PP755594.1|A/cattle/Texas/24-008749-003/2024(H5N1)	1569	2808
PA|PP755594.1|A/cattle/Texas/24-008749-003/2024(H5N1)	1570	2808
PA|PP755594.1|A/cattle/Texas/24-008749-003/2024(H5N1)	1571	2808
PA|PP755594.1|A/cattle/Texas/24-008749-003/2024(H5N1)	1572	2807
PA|PP755594.1|A/cattle/Texas/24-008749-003/2024(H5N1)	1573	2832
PA|PP755594.1|A/cattle/Texas/24-008749-003/2024(H5N1)	1574	2838
PA|PP755594.1|A/cattle/Texas/24-008749-003/2024(H5N1)	1575	2838
PA|PP755594.1|A/cattle/Texas/24-008749-003/2024(H5N1)	1576	2845
PA|PP755594.1|A/cattle/Texas/24-008749-003/2024(H5N1)	1577	2850
PA|PP755594.1|A/cattle/Texas/24-008749-003/2024(H5N1)	1578	2852
PA|PP755594.1|A/cattle/Texas/24-008749-003/2024(H5N1)	1579	2874
PA|PP755594.1|A/cattle/Texas/24-008749-003/2024(H5N1)	1580	2848
PA|PP755594.1|A/cattle/Texas/24-008749-003/2024(H5N1)	1581	2848
PA|PP755594.1|A/cattle/Texas/24-008749-003/2024(H5N1)	1582	2874
PA|PP755594.1|A/cattle/Texas/24-008749-003/2024(H5N1)	1583	2922
PA|PP755594.1|A/cattle/Texas/24-008749-003/2024(H5N1)	1584	2924
PA|PP755594.1|A/cattle/Texas/24-008749-003/2024(H5N1)	1585	2930
PA|PP755594.1|A/cattle/Texas/24-008749-003/2024(H5N1)	1586	3134
PA|PP755594.1|A/cattle/Texas/24-008749-003/2024(H5N1)	1587	3147
PA|PP755594.1|A/cattle/Texas/24-008749-003/2024(H5N1)	1588	3268
PA|PP755594.1|A/cattle/Texas/24-008749-003/2024(H5N1)	1589	3290
PA|PP755594.1|A/cattle/Texas/24-008749-003/2024(H5N1)	1590	3290
PA|PP755594.1|A/cattle/Texas/24-008749-003/2024(H5N1)	1591	3294
PA|PP755594.1|A/cattle/Texas/24-008749-003/2024(H5N1)	1592	3561
PA|PP755594.1|A/cattle/Texas/24-008749-003/2024(H5N1)	1593	3675
PA|PP755594.1|A/cattle/Texas/24-008749-003/2024(H5N1)	1594	3703
PA|PP755594.1|A/cattle/Texas/24-008749-003/2024(H5N1)	1595	3703
PA|PP755594.1|A/cattle/Texas/24-008749-003/2024(H5N1)	1596	3703
PA|PP755594.1|A/cattle/Texas/24-008749-003/2024(H5N1)	1597	3835
PA|PP755594.1|A/cattle/Texas/24-008749-003/2024(H5N1)	1598	3907
PA|PP755594.1|A/cattle/Texas/24-008749-003/2024(H5N1)	1599	3914
PA|PP755594.1|A/cattle/Texas/24-008749-003/2024(H5N1)	1600	4696
PA|PP755594.1|A/cattle/Texas/24-008749-003/2024(H5N1)	1601	4698
PA|PP755594.1|A/cattle/Texas/24-008749-003/2024(H5N1)	1602	4718
PA|PP755594.1|A/cattle/Texas/24-008749-003/2024(H5N1)	1603	4753
PA|PP755594.1|A/cattle/Texas/24-008749-003/2024(H5N1)	1604	4776
PA|PP755594.1|A/cattle/Texas/24-008749-003/2024(H5N1)	1605	4800
PA|PP755594.1|A/cattle/Texas/24-008749-003/2024(H5N1)	1606	4802
PA|PP755594.1|A/cattle/Texas/24-008749-003/2024(H5N1)	1607	4819
PA|PP755594.1|A/cattle/Texas/24-008749-003/2024(H5N1)	1608	4819
PA|PP755594.1|A/cattle/Texas/24-008749-003/2024(H5N1)	1609	4902
PA|PP755594.1|A/cattle/Texas/24-008749-003/2024(H5N1)	1610	4914
PA|PP755594.1|A/cattle/Texas/24-008749-003/2024(H5N1)	1611	4925
PA|PP755594.1|A/cattle/Texas/24-008749-003/2024(H5N1)	1612	4947
PA|PP755594.1|A/cattle/Texas/24-008749-003/2024(H5N1)	1613	4991
PA|PP755594.1|A/cattle/Texas/24-008749-003/2024(H5N1)	1614	5042
PA|PP755594.1|A/cattle/Texas/24-008749-003/2024(H5N1)	1615	5012
PA|PP755594.1|A/cattle/Texas/24-008749-003/2024(H5N1)	1616	4989
PA|PP755594.1|A/cattle/Texas/24-008749-003/2024(H5N1)	1617	5076
PA|PP755594.1|A/cattle/Texas/24-008749-003/2024(H5N1)	1618	5076
PA|PP755594.1|A/cattle/Texas/24-008749-003/2024(H5N1)	1619	5053
PA|PP755594.1|A/cattle/Texas/24-008749-003/2024(H5N1)	1620	4931
PA|PP755594.1|A/cattle/Texas/24-008749-003/2024(H5N1)	1621	4900
PA|PP755594.1|A/cattle/Texas/24-008749-003/2024(H5N1)	1622	4899
PA|PP755594.1|A/cattle/Texas/24-008749-003/2024(H5N1)	1623	4880
PA|PP755594.1|A/cattle/Texas/24-008749-003/2024(H5N1)	1624	4881
PA|PP755594.1|A/cattle/Texas/24-008749-003/2024(H5N1)	1625	4983
PA|PP755594.1|A/cattle/Texas/24-008749-003/2024(H5N1)	1626	4878
PA|PP755594.1|A/cattle/Texas/24-008749-003/2024(H5N1)	1627	4862
PA|PP755594.1|A/cattle/Texas/24-008749-003/2024(H5N1)	1628	4857
PA|PP755594.1|A/cattle/Texas/24-008749-003/2024(H5N1)	1629	4856
PA|PP755594.1|A/cattle/Texas/24-008749-003/2024(H5N1)	1630	4856
PA|PP755594.1|A/cattle/Texas/24-008749-003/2024(H5N1)	1631	4828
PA|PP755594.1|A/cattle/Texas/24-008749-003/2024(H5N1)	1632	3869
PA|PP755594.1|A/cattle/Texas/24-008749-003/2024(H5N1)	1633	3869
PA|PP755594.1|A/cattle/Texas/24-008749-003/2024(H5N1)	1634	3879
PA|PP755594.1|A/cattle/Texas/24-008749-003/2024(H5N1)	1635	3896
PA|PP755594.1|A/cattle/Texas/24-008749-003/2024(H5N1)	1636	4291
PA|PP755594.1|A/cattle/Texas/24-008749-003/2024(H5N1)	1637	4330
PA|PP755594.1|A/cattle/Texas/24-008749-003/2024(H5N1)	1638	4399
PA|PP755594.1|A/cattle/Texas/24-008749-003/2024(H5N1)	1639	4427
PA|PP755594.1|A/cattle/Texas/24-008749-003/2024(H5N1)	1640	4528
PA|PP755594.1|A/cattle/Texas/24-008749-003/2024(H5N1)	1641	4529
PA|PP755594.1|A/cattle/Texas/24-008749-003/2024(H5N1)	1642	4553
PA|PP755594.1|A/cattle/Texas/24-008749-003/2024(H5N1)	1643	4625
PA|PP755594.1|A/cattle/Texas/24-008749-003/2024(H5N1)	1644	4638
PA|PP755594.1|A/cattle/Texas/24-008749-003/2024(H5N1)	1645	4989
PA|PP755594.1|A/cattle/Texas/24-008749-003/2024(H5N1)	1646	4989
PA|PP755594.1|A/cattle/Texas/24-008749-003/2024(H5N1)	1647	4991
PA|PP755594.1|A/cattle/Texas/24-008749-003/2024(H5N1)	1648	4816
PA|PP755594.1|A/cattle/Texas/24-008749-003/2024(H5N1)	1649	4784
PA|PP755594.1|A/cattle/Texas/24-008749-003/2024(H5N1)	1650	4783
PA|PP755594.1|A/cattle/Texas/24-008749-003/2024(H5N1)	1651	4796
PA|PP755594.1|A/cattle/Texas/24-008749-003/2024(H5N1)	1652	5261
PA|PP755594.1|A/cattle/Texas/24-008749-003/2024(H5N1)	1653	5313
PA|PP755594.1|A/cattle/Texas/24-008749-003/2024(H5N1)	1654	5320
PA|PP755594.1|A/cattle/Texas/24-008749-003/2024(H5N1)	1655	5381
PA|PP755594.1|A/cattle/Texas/24-008749-003/2024(H5N1)	1656	5385
PA|PP755594.1|A/cattle/Texas/24-008749-003/2024(H5N1)	1657	5580
PA|PP755594.1|A/cattle/Texas/24-008749-003/2024(H5N1)	1658	5618
PA|PP755594.1|A/cattle/Texas/24-008749-003/2024(H5N1)	1659	5619
PA|PP755594.1|A/cattle/Texas/24-008749-003/2024(H5N1)	1660	5609
PA|PP755594.1|A/cattle/Texas/24-008749-003/2024(H5N1)	1661	5554
PA|PP755594.1|A/cattle/Texas/24-008749-003/2024(H5N1)	1662	5501
PA|PP755594.1|A/cattle/Texas/24-008749-003/2024(H5N1)	1663	5517
PA|PP755594.1|A/cattle/Texas/24-008749-003/2024(H5N1)	1664	5495
PA|PP755594.1|A/cattle/Texas/24-008749-003/2024(H5N1)	1665	5490
PA|PP755594.1|A/cattle/Texas/24-008749-003/2024(H5N1)	1666	5342
PA|PP755594.1|A/cattle/Texas/24-008749-003/2024(H5N1)	1667	5319
PA|PP755594.1|A/cattle/Texas/24-008749-003/2024(H5N1)	1668	5311
PA|PP755594.1|A/cattle/Texas/24-008749-003/2024(H5N1)	1669	5306
PA|PP755594.1|A/cattle/Texas/24-008749-003/2024(H5N1)	1670	5300
PA|PP755594.1|A/cattle/Texas/24-008749-003/2024(H5N1)	1671	5288
PA|PP755594.1|A/cattle/Texas/24-008749-003/2024(H5N1)	1672	5248
PA|PP755594.1|A/cattle/Texas/24-008749-003/2024(H5N1)	1673	4856
PA|PP755594.1|A/cattle/Texas/24-008749-003/2024(H5N1)	1674	4852
PA|PP755594.1|A/cattle/Texas/24-008749-003/2024(H5N1)	1675	4877
PA|PP755594.1|A/cattle/Texas/24-008749-003/2024(H5N1)	1676	4900
PA|PP755594.1|A/cattle/Texas/24-008749-003/2024(H5N1)	1677	4911
PA|PP755594.1|A/cattle/Texas/24-008749-003/2024(H5N1)	1678	5331
PA|PP755594.1|A/cattle/Texas/24-008749-003/2024(H5N1)	1679	5355
PA|PP755594.1|A/cattle/Texas/24-008749-003/2024(H5N1)	1680	5357
PA|PP755594.1|A/cattle/Texas/24-008749-003/2024(H5N1)	1681	5399
PA|PP755594.1|A/cattle/Texas/24-008749-003/2024(H5N1)	1682	5406
PA|PP755594.1|A/cattle/Texas/24-008749-003/2024(H5N1)	1683	5427
PA|PP755594.1|A/cattle/Texas/24-008749-003/2024(H5N1)	1684	5419
PA|PP755594.1|A/cattle/Texas/24-008749-003/2024(H5N1)	1685	5419
PA|PP755594.1|A/cattle/Texas/24-008749-003/2024(H5N1)	1686	5367
PA|PP755594.1|A/cattle/Texas/24-008749-003/2024(H5N1)	1687	5316
PA|PP755594.1|A/cattle/Texas/24-008749-003/2024(H5N1)	1688	5298
PA|PP755594.1|A/cattle/Texas/24-008749-003/2024(H5N1)	1689	5328
PA|PP755594.1|A/cattle/Texas/24-008749-003/2024(H5N1)	1690	5294
PA|PP755594.1|A/cattle/Texas/24-008749-003/2024(H5N1)	1691	5290
PA|PP755594.1|A/cattle/Texas/24-008749-003/2024(H5N1)	1692	5217
PA|PP755594.1|A/cattle/Texas/24-008749-003/2024(H5N1)	1693	5191
PA|PP755594.1|A/cattle/Texas/24-008749-003/2024(H5N1)	1694	5155
PA|PP755594.1|A/cattle/Texas/24-008749-003/2024(H5N1)	1695	4857
PA|PP755594.1|A/cattle/Texas/24-008749-003/2024(H5N1)	1696	4841
PA|PP755594.1|A/cattle/Texas/24-008749-003/2024(H5N1)	1697	4829
PA|PP755594.1|A/cattle/Texas/24-008749-003/2024(H5N1)	1698	4819
PA|PP755594.1|A/cattle/Texas/24-008749-003/2024(H5N1)	1699	4831
PA|PP755594.1|A/cattle/Texas/24-008749-003/2024(H5N1)	1700	4853
PA|PP755594.1|A/cattle/Texas/24-008749-003/2024(H5N1)	1701	4778
PA|PP755594.1|A/cattle/Texas/24-008749-003/2024(H5N1)	1702	4730
PA|PP755594.1|A/cattle/Texas/24-008749-003/2024(H5N1)	1703	4728
PA|PP755594.1|A/cattle/Texas/24-008749-003/2024(H5N1)	1704	4720
PA|PP755594.1|A/cattle/Texas/24-008749-003/2024(H5N1)	1705	4721
PA|PP755594.1|A/cattle/Texas/24-008749-003/2024(H5N1)	1706	4705
PA|PP755594.1|A/cattle/Texas/24-008749-003/2024(H5N1)	1707	4676
PA|PP755594.1|A/cattle/Texas/24-008749-003/2024(H5N1)	1708	4678
PA|PP755594.1|A/cattle/Texas/24-008749-003/2024(H5N1)	1709	4688
PA|PP755594.1|A/cattle/Texas/24-008749-003/2024(H5N1)	1710	4706
PA|PP755594.1|A/cattle/Texas/24-008749-003/2024(H5N1)	1711	5387
PA|PP755594.1|A/cattle/Texas/24-008749-003/2024(H5N1)	1712	5405
PA|PP755594.1|A/cattle/Texas/24-008749-003/2024(H5N1)	1713	5405
PA|PP755594.1|A/cattle/Texas/24-008749-003/2024(H5N1)	1714	5406
PA|PP755594.1|A/cattle/Texas/24-008749-003/2024(H5N1)	1715	5420
PA|PP755594.1|A/cattle/Texas/24-008749-003/2024(H5N1)	1716	5344
PA|PP755594.1|A/cattle/Texas/24-008749-003/2024(H5N1)	1717	5434
PA|PP755594.1|A/cattle/Texas/24-008749-003/2024(H5N1)	1718	5437
PA|PP755594.1|A/cattle/Texas/24-008749-003/2024(H5N1)	1719	5470
PA|PP755594.1|A/cattle/Texas/24-008749-003/2024(H5N1)	1720	5479
PA|PP755594.1|A/cattle/Texas/24-008749-003/2024(H5N1)	1721	5444
PA|PP755594.1|A/cattle/Texas/24-008749-003/2024(H5N1)	1722	5457
PA|PP755594.1|A/cattle/Texas/24-008749-003/2024(H5N1)	1723	5519
PA|PP755594.1|A/cattle/Texas/24-008749-003/2024(H5N1)	1724	5522
PA|PP755594.1|A/cattle/Texas/24-008749-003/2024(H5N1)	1725	5623
PA|PP755594.1|A/cattle/Texas/24-008749-003/2024(H5N1)	1726	5935
PA|PP755594.1|A/cattle/Texas/24-008749-003/2024(H5N1)	1727	5945
PA|PP755594.1|A/cattle/Texas/24-008749-003/2024(H5N1)	1728	5961
PA|PP755594.1|A/cattle/Texas/24-008749-003/2024(H5N1)	1729	5987
PA|PP755594.1|A/cattle/Texas/24-008749-003/2024(H5N1)	1730	6165
PA|PP755594.1|A/cattle/Texas/24-008749-003/2024(H5N1)	1731	6376
PA|PP755594.1|A/cattle/Texas/24-008749-003/2024(H5N1)	1732	6402
PA|PP755594.1|A/cattle/Texas/24-008749-003/2024(H5N1)	1733	6600
PA|PP755594.1|A/cattle/Texas/24-008749-003/2024(H5N1)	1734	6557
PA|PP755594.1|A/cattle/Texas/24-008749-003/2024(H5N1)	1735	6639
PA|PP755594.1|A/cattle/Texas/24-008749-003/2024(H5N1)	1736	6634
PA|PP755594.1|A/cattle/Texas/24-008749-003/2024(H5N1)	1737	6453
PA|PP755594.1|A/cattle/Texas/24-008749-003/2024(H5N1)	1738	6715
PA|PP755594.1|A/cattle/Texas/24-008749-003/2024(H5N1)	1739	6733
PA|PP755594.1|A/cattle/Texas/24-008749-003/2024(H5N1)	1740	6774
PA|PP755594.1|A/cattle/Texas/24-008749-003/2024(H5N1)	1741	6819
PA|PP755594.1|A/cattle/Texas/24-008749-003/2024(H5N1)	1742	6696
PA|PP755594.1|A/cattle/Texas/24-008749-003/2024(H5N1)	1743	6452
PA|PP755594.1|A/cattle/Texas/24-008749-003/2024(H5N1)	1744	6487
PA|PP755594.1|A/cattle/Texas/24-008749-003/2024(H5N1)	1745	6548
PA|PP755594.1|A/cattle/Texas/24-008749-003/2024(H5N1)	1746	6607
PA|PP755594.1|A/cattle/Texas/24-008749-003/2024(H5N1)	1747	6482
PA|PP755594.1|A/cattle/Texas/24-008749-003/2024(H5N1)	1748	6480
PA|PP755594.1|A/cattle/Texas/24-008749-003/2024(H5N1)	1749	6433
PA|PP755594.1|A/cattle/Texas/24-008749-003/2024(H5N1)	1750	6465
PA|PP755594.1|A/cattle/Texas/24-008749-003/2024(H5N1)	1751	6603
PA|PP755594.1|A/cattle/Texas/24-008749-003/2024(H5N1)	1752	6590
PA|PP755594.1|A/cattle/Texas/24-008749-003/2024(H5N1)	1753	6650
PA|PP755594.1|A/cattle/Texas/24-008749-003/2024(H5N1)	1754	6630
PA|PP755594.1|A/cattle/Texas/24-008749-003/2024(H5N1)	1755	6670
PA|PP755594.1|A/cattle/Texas/24-008749-003/2024(H5N1)	1756	6789
PA|PP755594.1|A/cattle/Texas/24-008749-003/2024(H5N1)	1757	6804
PA|PP755594.1|A/cattle/Texas/24-008749-003/2024(H5N1)	1758	6821
PA|PP755594.1|A/cattle/Texas/24-008749-003/2024(H5N1)	1759	6785
PA|PP755594.1|A/cattle/Texas/24-008749-003/2024(H5N1)	1760	6702
PA|PP755594.1|A/cattle/Texas/24-008749-003/2024(H5N1)	1761	6695
PA|PP755594.1|A/cattle/Texas/24-008749-003/2024(H5N1)	1762	6685
PA|PP755594.1|A/cattle/Texas/24-008749-003/2024(H5N1)	1763	7210
PA|PP755594.1|A/cattle/Texas/24-008749-003/2024(H5N1)	1764	7190
PA|PP755594.1|A/cattle/Texas/24-008749-003/2024(H5N1)	1765	7350
PA|PP755594.1|A/cattle/Texas/24-008749-003/2024(H5N1)	1766	7725
PA|PP755594.1|A/cattle/Texas/24-008749-003/2024(H5N1)	1767	7745
PA|PP755594.1|A/cattle/Texas/24-008749-003/2024(H5N1)	1768	7767
PA|PP755594.1|A/cattle/Texas/24-008749-003/2024(H5N1)	1769	7762
PA|PP755594.1|A/cattle/Texas/24-008749-003/2024(H5N1)	1770	7768
PA|PP755594.1|A/cattle/Texas/24-008749-003/2024(H5N1)	1771	7785
PA|PP755594.1|A/cattle/Texas/24-008749-003/2024(H5N1)	1772	7585
PA|PP755594.1|A/cattle/Texas/24-008749-003/2024(H5N1)	1773	7670
PA|PP755594.1|A/cattle/Texas/24-008749-003/2024(H5N1)	1774	7622
PA|PP755594.1|A/cattle/Texas/24-008749-003/2024(H5N1)	1775	7622
PA|PP755594.1|A/cattle/Texas/24-008749-003/2024(H5N1)	1776	7517
PA|PP755594.1|A/cattle/Texas/24-008749-003/2024(H5N1)	1777	7536
PA|PP755594.1|A/cattle/Texas/24-008749-003/2024(H5N1)	1778	7517
PA|PP755594.1|A/cattle/Texas/24-008749-003/2024(H5N1)	1779	7621
PA|PP755594.1|A/cattle/Texas/24-008749-003/2024(H5N1)	1780	7593
PA|PP755594.1|A/cattle/Texas/24-008749-003/2024(H5N1)	1781	7680
PA|PP755594.1|A/cattle/Texas/24-008749-003/2024(H5N1)	1782	7636
PA|PP755594.1|A/cattle/Texas/24-008749-003/2024(H5N1)	1783	7625
PA|PP755594.1|A/cattle/Texas/24-008749-003/2024(H5N1)	1784	7618
PA|PP755594.1|A/cattle/Texas/24-008749-003/2024(H5N1)	1785	7745
PA|PP755594.1|A/cattle/Texas/24-008749-003/2024(H5N1)	1786	7776
PA|PP755594.1|A/cattle/Texas/24-008749-003/2024(H5N1)	1787	7759
PA|PP755594.1|A/cattle/Texas/24-008749-003/2024(H5N1)	1788	7657
PA|PP755594.1|A/cattle/Texas/24-008749-003/2024(H5N1)	1789	7652
PA|PP755594.1|A/cattle/Texas/24-008749-003/2024(H5N1)	1790	7579
PA|PP755594.1|A/cattle/Texas/24-008749-003/2024(H5N1)	1791	7561
PA|PP755594.1|A/cattle/Texas/24-008749-003/2024(H5N1)	1792	7677
PA|PP755594.1|A/cattle/Texas/24-008749-003/2024(H5N1)	1793	7638
PA|PP755594.1|A/cattle/Texas/24-008749-003/2024(H5N1)	1794	7507
PA|PP755594.1|A/cattle/Texas/24-008749-003/2024(H5N1)	1795	7491
PA|PP755594.1|A/cattle/Texas/24-008749-003/2024(H5N1)	1796	7166
PA|PP755594.1|A/cattle/Texas/24-008749-003/2024(H5N1)	1797	7163
PA|PP755594.1|A/cattle/Texas/24-008749-003/2024(H5N1)	1798	7142
PA|PP755594.1|A/cattle/Texas/24-008749-003/2024(H5N1)	1799	7111
PA|PP755594.1|A/cattle/Texas/24-008749-003/2024(H5N1)	1800	7077
PA|PP755594.1|A/cattle/Texas/24-008749-003/2024(H5N1)	1801	7678
PA|PP755594.1|A/cattle/Texas/24-008749-003/2024(H5N1)	1802	7607
PA|PP755594.1|A/cattle/Texas/24-008749-003/2024(H5N1)	1803	7598
PA|PP755594.1|A/cattle/Texas/24-008749-003/2024(H5N1)	1804	7596
PA|PP755594.1|A/cattle/Texas/24-008749-003/2024(H5N1)	1805	7580
PA|PP755594.1|A/cattle/Texas/24-008749-003/2024(H5N1)	1806	7550
PA|PP755594.1|A/cattle/Texas/24-008749-003/2024(H5N1)	1807	7546
PA|PP755594.1|A/cattle/Texas/24-008749-003/2024(H5N1)	1808	7353
PA|PP755594.1|A/cattle/Texas/24-008749-003/2024(H5N1)	1809	7319
PA|PP755594.1|A/cattle/Texas/24-008749-003/2024(H5N1)	1810	7316
PA|PP755594.1|A/cattle/Texas/24-008749-003/2024(H5N1)	1811	7313
PA|PP755594.1|A/cattle/Texas/24-008749-003/2024(H5N1)	1812	6462
PA|PP755594.1|A/cattle/Texas/24-008749-003/2024(H5N1)	1813	6415
PA|PP755594.1|A/cattle/Texas/24-008749-003/2024(H5N1)	1814	6377
PA|PP755594.1|A/cattle/Texas/24-008749-003/2024(H5N1)	1815	6345
PA|PP755594.1|A/cattle/Texas/24-008749-003/2024(H5N1)	1816	6345
PA|PP755594.1|A/cattle/Texas/24-008749-003/2024(H5N1)	1817	6345
PA|PP755594.1|A/cattle/Texas/24-008749-003/2024(H5N1)	1818	6333
PA|PP755594.1|A/cattle/Texas/24-008749-003/2024(H5N1)	1819	6261
PA|PP755594.1|A/cattle/Texas/24-008749-003/2024(H5N1)	1820	6180
PA|PP755594.1|A/cattle/Texas/24-008749-003/2024(H5N1)	1821	6157
PA|PP755594.1|A/cattle/Texas/24-008749-003/2024(H5N1)	1822	6071
PA|PP755594.1|A/cattle/Texas/24-008749-003/2024(H5N1)	1823	6049
PA|PP755594.1|A/cattle/Texas/24-008749-003/2024(H5N1)	1824	6018
PA|PP755594.1|A/cattle/Texas/24-008749-003/2024(H5N1)	1825	6018
PA|PP755594.1|A/cattle/Texas/24-008749-003/2024(H5N1)	1826	6018
PA|PP755594.1|A/cattle/Texas/24-008749-003/2024(H5N1)	1827	6018
PA|PP755594.1|A/cattle/Texas/24-008749-003/2024(H5N1)	1828	6526
PA|PP755594.1|A/cattle/Texas/24-008749-003/2024(H5N1)	1829	6526
PA|PP755594.1|A/cattle/Texas/24-008749-003/2024(H5N1)	1830	6526
PA|PP755594.1|A/cattle/Texas/24-008749-003/2024(H5N1)	1831	6526
PA|PP755594.1|A/cattle/Texas/24-008749-003/2024(H5N1)	1832	6526
PA|PP755594.1|A/cattle/Texas/24-008749-003/2024(H5N1)	1833	6512
PA|PP755594.1|A/cattle/Texas/24-008749-003/2024(H5N1)	1834	6518
PA|PP755594.1|A/cattle/Texas/24-008749-003/2024(H5N1)	1835	6518
PA|PP755594.1|A/cattle/Texas/24-008749-003/2024(H5N1)	1836	6518
PA|PP755594.1|A/cattle/Texas/24-008749-003/2024(H5N1)	1837	6518
PA|PP755594.1|A/cattle/Texas/24-008749-003/2024(H5N1)	1838	6492
PA|PP755594.1|A/cattle/Texas/24-008749-003/2024(H5N1)	1839	6488
PA|PP755594.1|A/cattle/Texas/24-008749-003/2024(H5N1)	1840	6488
PA|PP755594.1|A/cattle/Texas/24-008749-003/2024(H5N1)	1841	6488
PA|PP755594.1|A/cattle/Texas/24-008749-003/2024(H5N1)	1842	6488
PA|PP755594.1|A/cattle/Texas/24-008749-003/2024(H5N1)	1843	6481
PA|PP755594.1|A/cattle/Texas/24-008749-003/2024(H5N1)	1844	6387
PA|PP755594.1|A/cattle/Texas/24-008749-003/2024(H5N1)	1845	6386
PA|PP755594.1|A/cattle/Texas/24-008749-003/2024(H5N1)	1846	6386
PA|PP755594.1|A/cattle/Texas/24-008749-003/2024(H5N1)	1847	6386
PA|PP755594.1|A/cattle/Texas/24-008749-003/2024(H5N1)	1848	6361
PA|PP755594.1|A/cattle/Texas/24-008749-003/2024(H5N1)	1849	6851
PA|PP755594.1|A/cattle/Texas/24-008749-003/2024(H5N1)	1850	6853
PA|PP755594.1|A/cattle/Texas/24-008749-003/2024(H5N1)	1851	6853
PA|PP755594.1|A/cattle/Texas/24-008749-003/2024(H5N1)	1852	6853
PA|PP755594.1|A/cattle/Texas/24-008749-003/2024(H5N1)	1853	6692
PA|PP755594.1|A/cattle/Texas/24-008749-003/2024(H5N1)	1854	6648
PA|PP755594.1|A/cattle/Texas/24-008749-003/2024(H5N1)	1855	6816
PA|PP755594.1|A/cattle/Texas/24-008749-003/2024(H5N1)	1856	6822
PA|PP755594.1|A/cattle/Texas/24-008749-003/2024(H5N1)	1857	6848
PA|PP755594.1|A/cattle/Texas/24-008749-003/2024(H5N1)	1858	6920
PA|PP755594.1|A/cattle/Texas/24-008749-003/2024(H5N1)	1859	6987
PA|PP755594.1|A/cattle/Texas/24-008749-003/2024(H5N1)	1860	6982
PA|PP755594.1|A/cattle/Texas/24-008749-003/2024(H5N1)	1861	7025
PA|PP755594.1|A/cattle/Texas/24-008749-003/2024(H5N1)	1862	7027
PA|PP755594.1|A/cattle/Texas/24-008749-003/2024(H5N1)	1863	7108
PA|PP755594.1|A/cattle/Texas/24-008749-003/2024(H5N1)	1864	7134
PA|PP755594.1|A/cattle/Texas/24-008749-003/2024(H5N1)	1865	7261
PA|PP755594.1|A/cattle/Texas/24-008749-003/2024(H5N1)	1866	7257
PA|PP755594.1|A/cattle/Texas/24-008749-003/2024(H5N1)	1867	7259
PA|PP755594.1|A/cattle/Texas/24-008749-003/2024(H5N1)	1868	7187
PA|PP755594.1|A/cattle/Texas/24-008749-003/2024(H5N1)	1869	7207
PA|PP755594.1|A/cattle/Texas/24-008749-003/2024(H5N1)	1870	7221
PA|PP755594.1|A/cattle/Texas/24-008749-003/2024(H5N1)	1871	7251
PA|PP755594.1|A/cattle/Texas/24-008749-003/2024(H5N1)	1872	7771
PA|PP755594.1|A/cattle/Texas/24-008749-003/2024(H5N1)	1873	7797
PA|PP755594.1|A/cattle/Texas/24-008749-003/2024(H5N1)	1874	7797
PA|PP755594.1|A/cattle/Texas/24-008749-003/2024(H5N1)	1875	7734
PA|PP755594.1|A/cattle/Texas/24-008749-003/2024(H5N1)	1876	7781
PA|PP755594.1|A/cattle/Texas/24-008749-003/2024(H5N1)	1877	7783
PA|PP755594.1|A/cattle/Texas/24-008749-003/2024(H5N1)	1878	7769
PA|PP755594.1|A/cattle/Texas/24-008749-003/2024(H5N1)	1879	7833
PA|PP755594.1|A/cattle/Texas/24-008749-003/2024(H5N1)	1880	7961
PA|PP755594.1|A/cattle/Texas/24-008749-003/2024(H5N1)	1881	7621
PA|PP755594.1|A/cattle/Texas/24-008749-003/2024(H5N1)	1882	7614
PA|PP755594.1|A/cattle/Texas/24-008749-003/2024(H5N1)	1883	7924
PA|PP755594.1|A/cattle/Texas/24-008749-003/2024(H5N1)	1884	7727
PA|PP755594.1|A/cattle/Texas/24-008749-003/2024(H5N1)	1885	7788
PA|PP755594.1|A/cattle/Texas/24-008749-003/2024(H5N1)	1886	7753
PA|PP755594.1|A/cattle/Texas/24-008749-003/2024(H5N1)	1887	7788
PA|PP755594.1|A/cattle/Texas/24-008749-003/2024(H5N1)	1888	7704
PA|PP755594.1|A/cattle/Texas/24-008749-003/2024(H5N1)	1889	7498
PA|PP755594.1|A/cattle/Texas/24-008749-003/2024(H5N1)	1890	7465
PA|PP755594.1|A/cattle/Texas/24-008749-003/2024(H5N1)	1891	7372
PA|PP755594.1|A/cattle/Texas/24-008749-003/2024(H5N1)	1892	7363
PA|PP755594.1|A/cattle/Texas/24-008749-003/2024(H5N1)	1893	7310
PA|PP755594.1|A/cattle/Texas/24-008749-003/2024(H5N1)	1894	7241
PA|PP755594.1|A/cattle/Texas/24-008749-003/2024(H5N1)	1895	7248
PA|PP755594.1|A/cattle/Texas/24-008749-003/2024(H5N1)	1896	7221
PA|PP755594.1|A/cattle/Texas/24-008749-003/2024(H5N1)	1897	7502
PA|PP755594.1|A/cattle/Texas/24-008749-003/2024(H5N1)	1898	7566
PA|PP755594.1|A/cattle/Texas/24-008749-003/2024(H5N1)	1899	7560
PA|PP755594.1|A/cattle/Texas/24-008749-003/2024(H5N1)	1900	7586
PA|PP755594.1|A/cattle/Texas/24-008749-003/2024(H5N1)	1901	7547
PA|PP755594.1|A/cattle/Texas/24-008749-003/2024(H5N1)	1902	7407
PA|PP755594.1|A/cattle/Texas/24-008749-003/2024(H5N1)	1903	7547
PA|PP755594.1|A/cattle/Texas/24-008749-003/2024(H5N1)	1904	7489
PA|PP755594.1|A/cattle/Texas/24-008749-003/2024(H5N1)	1905	7852
PA|PP755594.1|A/cattle/Texas/24-008749-003/2024(H5N1)	1906	7943
PA|PP755594.1|A/cattle/Texas/24-008749-003/2024(H5N1)	1907	7841
PA|PP755594.1|A/cattle/Texas/24-008749-003/2024(H5N1)	1908	8154
PA|PP755594.1|A/cattle/Texas/24-008749-003/2024(H5N1)	1909	8141
PA|PP755594.1|A/cattle/Texas/24-008749-003/2024(H5N1)	1910	8201
PA|PP755594.1|A/cattle/Texas/24-008749-003/2024(H5N1)	1911	8185
PA|PP755594.1|A/cattle/Texas/24-008749-003/2024(H5N1)	1912	8178
PA|PP755594.1|A/cattle/Texas/24-008749-003/2024(H5N1)	1913	8206
PA|PP755594.1|A/cattle/Texas/24-008749-003/2024(H5N1)	1914	7611
PA|PP755594.1|A/cattle/Texas/24-008749-003/2024(H5N1)	1915	7545
PA|PP755594.1|A/cattle/Texas/24-008749-003/2024(H5N1)	1916	7340
PA|PP755594.1|A/cattle/Texas/24-008749-003/2024(H5N1)	1917	6024
PA|PP755594.1|A/cattle/Texas/24-008749-003/2024(H5N1)	1918	6002
PA|PP755594.1|A/cattle/Texas/24-008749-003/2024(H5N1)	1919	6002
PA|PP755594.1|A/cattle/Texas/24-008749-003/2024(H5N1)	1920	6002
PA|PP755594.1|A/cattle/Texas/24-008749-003/2024(H5N1)	1921	6022
PA|PP755594.1|A/cattle/Texas/24-008749-003/2024(H5N1)	1922	6023
PA|PP755594.1|A/cattle/Texas/24-008749-003/2024(H5N1)	1923	6068
PA|PP755594.1|A/cattle/Texas/24-008749-003/2024(H5N1)	1924	6821
PA|PP755594.1|A/cattle/Texas/24-008749-003/2024(H5N1)	1925	6987
PA|PP755594.1|A/cattle/Texas/24-008749-003/2024(H5N1)	1926	7549
PA|PP755594.1|A/cattle/Texas/24-008749-003/2024(H5N1)	1927	7553
PA|PP755594.1|A/cattle/Texas/24-008749-003/2024(H5N1)	1928	7552
PA|PP755594.1|A/cattle/Texas/24-008749-003/2024(H5N1)	1929	7575
PA|PP755594.1|A/cattle/Texas/24-008749-003/2024(H5N1)	1930	7661
PA|PP755594.1|A/cattle/Texas/24-008749-003/2024(H5N1)	1931	7666
PA|PP755594.1|A/cattle/Texas/24-008749-003/2024(H5N1)	1932	7667
PA|PP755594.1|A/cattle/Texas/24-008749-003/2024(H5N1)	1933	7816
PA|PP755594.1|A/cattle/Texas/24-008749-003/2024(H5N1)	1934	7961
PA|PP755594.1|A/cattle/Texas/24-008749-003/2024(H5N1)	1935	8035
PA|PP755594.1|A/cattle/Texas/24-008749-003/2024(H5N1)	1936	8088
PA|PP755594.1|A/cattle/Texas/24-008749-003/2024(H5N1)	1937	8101
PA|PP755594.1|A/cattle/Texas/24-008749-003/2024(H5N1)	1938	8120
PA|PP755594.1|A/cattle/Texas/24-008749-003/2024(H5N1)	1939	8127
PA|PP755594.1|A/cattle/Texas/24-008749-003/2024(H5N1)	1940	8128
PA|PP755594.1|A/cattle/Texas/24-008749-003/2024(H5N1)	1941	8128
PA|PP755594.1|A/cattle/Texas/24-008749-003/2024(H5N1)	1942	8128
PA|PP755594.1|A/cattle/Texas/24-008749-003/2024(H5N1)	1943	8110
PA|PP755594.1|A/cattle/Texas/24-008749-003/2024(H5N1)	1944	7961
PA|PP755594.1|A/cattle/Texas/24-008749-003/2024(H5N1)	1945	8065
PA|PP755594.1|A/cattle/Texas/24-008749-003/2024(H5N1)	1946	8066
PA|PP755594.1|A/cattle/Texas/24-008749-003/2024(H5N1)	1947	8066
PA|PP755594.1|A/cattle/Texas/24-008749-003/2024(H5N1)	1948	8066
PA|PP755594.1|A/cattle/Texas/24-008749-003/2024(H5N1)	1949	8066
PA|PP755594.1|A/cattle/Texas/24-008749-003/2024(H5N1)	1950	7214
PA|PP755594.1|A/cattle/Texas/24-008749-003/2024(H5N1)	1951	7214
PA|PP755594.1|A/cattle/Texas/24-008749-003/2024(H5N1)	1952	7214
PA|PP755594.1|A/cattle/Texas/24-008749-003/2024(H5N1)	1953	7214
PA|PP755594.1|A/cattle/Texas/24-008749-003/2024(H5N1)	1954	7214
PA|PP755594.1|A/cattle/Texas/24-008749-003/2024(H5N1)	1955	7213
PA|PP755594.1|A/cattle/Texas/24-008749-003/2024(H5N1)	1956	6239
PA|PP755594.1|A/cattle/Texas/24-008749-003/2024(H5N1)	1957	6239
PA|PP755594.1|A/cattle/Texas/24-008749-003/2024(H5N1)	1958	6239
PA|PP755594.1|A/cattle/Texas/24-008749-003/2024(H5N1)	1959	6239
PA|PP755594.1|A/cattle/Texas/24-008749-003/2024(H5N1)	1960	6256
PA|PP755594.1|A/cattle/Texas/24-008749-003/2024(H5N1)	1961	6403
PA|PP755594.1|A/cattle/Texas/24-008749-003/2024(H5N1)	1962	6403
PA|PP755594.1|A/cattle/Texas/24-008749-003/2024(H5N1)	1963	6403
PA|PP755594.1|A/cattle/Texas/24-008749-003/2024(H5N1)	1964	6403
PA|PP755594.1|A/cattle/Texas/24-008749-003/2024(H5N1)	1965	6403
PA|PP755594.1|A/cattle/Texas/24-008749-003/2024(H5N1)	1966	6404
PA|PP755594.1|A/cattle/Texas/24-008749-003/2024(H5N1)	1967	6404
PA|PP755594.1|A/cattle/Texas/24-008749-003/2024(H5N1)	1968	6400
PA|PP755594.1|A/cattle/Texas/24-008749-003/2024(H5N1)	1969	6415
PA|PP755594.1|A/cattle/Texas/24-008749-003/2024(H5N1)	1970	6447
PA|PP755594.1|A/cattle/Texas/24-008749-003/2024(H5N1)	1971	6563
PA|PP755594.1|A/cattle/Texas/24-008749-003/2024(H5N1)	1972	8701
PA|PP755594.1|A/cattle/Texas/24-008749-003/2024(H5N1)	1973	8709
PA|PP755594.1|A/cattle/Texas/24-008749-003/2024(H5N1)	1974	8761
PA|PP755594.1|A/cattle/Texas/24-008749-003/2024(H5N1)	1975	8774
PA|PP755594.1|A/cattle/Texas/24-008749-003/2024(H5N1)	1976	8800
PA|PP755594.1|A/cattle/Texas/24-008749-003/2024(H5N1)	1977	8800
PA|PP755594.1|A/cattle/Texas/24-008749-003/2024(H5N1)	1978	8802
PA|PP755594.1|A/cattle/Texas/24-008749-003/2024(H5N1)	1979	8803
PA|PP755594.1|A/cattle/Texas/24-008749-003/2024(H5N1)	1980	8802
PA|PP755594.1|A/cattle/Texas/24-008749-003/2024(H5N1)	1981	8847
PA|PP755594.1|A/cattle/Texas/24-008749-003/2024(H5N1)	1982	8949
PA|PP755594.1|A/cattle/Texas/24-008749-003/2024(H5N1)	1983	8970
PA|PP755594.1|A/cattle/Texas/24-008749-003/2024(H5N1)	1984	8970
PA|PP755594.1|A/cattle/Texas/24-008749-003/2024(H5N1)	1985	8970
PA|PP755594.1|A/cattle/Texas/24-008749-003/2024(H5N1)	1986	8970
PA|PP755594.1|A/cattle/Texas/24-008749-003/2024(H5N1)	1987	8986
PA|PP755594.1|A/cattle/Texas/24-008749-003/2024(H5N1)	1988	9001
PA|PP755594.1|A/cattle/Texas/24-008749-003/2024(H5N1)	1989	9000
PA|PP755594.1|A/cattle/Texas/24-008749-003/2024(H5N1)	1990	9009
PA|PP755594.1|A/cattle/Texas/24-008749-003/2024(H5N1)	1991	9034
PA|PP755594.1|A/cattle/Texas/24-008749-003/2024(H5N1)	1992	9034
PA|PP755594.1|A/cattle/Texas/24-008749-003/2024(H5N1)	1993	9185
PA|PP755594.1|A/cattle/Texas/24-008749-003/2024(H5N1)	1994	9865
PA|PP755594.1|A/cattle/Texas/24-008749-003/2024(H5N1)	1995	9992
PA|PP755594.1|A/cattle/Texas/24-008749-003/2024(H5N1)	1996	10019
PA|PP755594.1|A/cattle/Texas/24-008749-003/2024(H5N1)	1997	10028
PA|PP755594.1|A/cattle/Texas/24-008749-003/2024(H5N1)	1998	10072
PA|PP755594.1|A/cattle/Texas/24-008749-003/2024(H5N1)	1999	10183
PA|PP755594.1|A/cattle/Texas/24-008749-003/2024(H5N1)	2000	10227
PA|PP755594.1|A/cattle/Texas/24-008749-003/2024(H5N1)	2001	10389
PA|PP755594.1|A/cattle/Texas/24-008749-003/2024(H5N1)	2002	10473
PA|PP755594.1|A/cattle/Texas/24-008749-003/2024(H5N1)	2003	10558
PA|PP755594.1|A/cattle/Texas/24-008749-003/2024(H5N1)	2004	10578
PA|PP755594.1|A/cattle/Texas/24-008749-003/2024(H5N1)	2005	10675
PA|PP755594.1|A/cattle/Texas/24-008749-003/2024(H5N1)	2006	10669
PA|PP755594.1|A/cattle/Texas/24-008749-003/2024(H5N1)	2007	10675
PA|PP755594.1|A/cattle/Texas/24-008749-003/2024(H5N1)	2008	10654
PA|PP755594.1|A/cattle/Texas/24-008749-003/2024(H5N1)	2009	10591
PA|PP755594.1|A/cattle/Texas/24-008749-003/2024(H5N1)	2010	10513
PA|PP755594.1|A/cattle/Texas/24-008749-003/2024(H5N1)	2011	10702
PA|PP755594.1|A/cattle/Texas/24-008749-003/2024(H5N1)	2012	10643
PA|PP755594.1|A/cattle/Texas/24-008749-003/2024(H5N1)	2013	10649
PA|PP755594.1|A/cattle/Texas/24-008749-003/2024(H5N1)	2014	10689
PA|PP755594.1|A/cattle/Texas/24-008749-003/2024(H5N1)	2015	10568
PA|PP755594.1|A/cattle/Texas/24-008749-003/2024(H5N1)	2016	10597
PA|PP755594.1|A/cattle/Texas/24-008749-003/2024(H5N1)	2017	10598
PA|PP755594.1|A/cattle/Texas/24-008749-003/2024(H5N1)	2018	10612
PA|PP755594.1|A/cattle/Texas/24-008749-003/2024(H5N1)	2019	10733
PA|PP755594.1|A/cattle/Texas/24-008749-003/2024(H5N1)	2020	10722
PA|PP755594.1|A/cattle/Texas/24-008749-003/2024(H5N1)	2021	10855
PA|PP755594.1|A/cattle/Texas/24-008749-003/2024(H5N1)	2022	10639
PA|PP755594.1|A/cattle/Texas/24-008749-003/2024(H5N1)	2023	10370
PA|PP755594.1|A/cattle/Texas/24-008749-003/2024(H5N1)	2024	10473
PA|PP755594.1|A/cattle/Texas/24-008749-003/2024(H5N1)	2025	10471
PA|PP755594.1|A/cattle/Texas/24-008749-003/2024(H5N1)	2026	10468
PA|PP755594.1|A/cattle/Texas/24-008749-003/2024(H5N1)	2027	10427
PA|PP755594.1|A/cattle/Texas/24-008749-003/2024(H5N1)	2028	10422
PA|PP755594.1|A/cattle/Texas/24-008749-003/2024(H5N1)	2029	10832
PA|PP755594.1|A/cattle/Texas/24-008749-003/2024(H5N1)	2030	10929
PA|PP755594.1|A/cattle/Texas/24-008749-003/2024(H5N1)	2031	10804
PA|PP755594.1|A/cattle/Texas/24-008749-003/2024(H5N1)	2032	11350
PA|PP755594.1|A/cattle/Texas/24-008749-003/2024(H5N1)	2033	11095
PA|PP755594.1|A/cattle/Texas/24-008749-003/2024(H5N1)	2034	11358
PA|PP755594.1|A/cattle/Texas/24-008749-003/2024(H5N1)	2035	11355
PA|PP755594.1|A/cattle/Texas/24-008749-003/2024(H5N1)	2036	11378
PA|PP755594.1|A/cattle/Texas/24-008749-003/2024(H5N1)	2037	11408
PA|PP755594.1|A/cattle/Texas/24-008749-003/2024(H5N1)	2038	11400
PA|PP755594.1|A/cattle/Texas/24-008749-003/2024(H5N1)	2039	11389
PA|PP755594.1|A/cattle/Texas/24-008749-003/2024(H5N1)	2040	11231
PA|PP755594.1|A/cattle/Texas/24-008749-003/2024(H5N1)	2041	11144
PA|PP755594.1|A/cattle/Texas/24-008749-003/2024(H5N1)	2042	11601
PA|PP755594.1|A/cattle/Texas/24-008749-003/2024(H5N1)	2043	11545
PA|PP755594.1|A/cattle/Texas/24-008749-003/2024(H5N1)	2044	11551
PA|PP755594.1|A/cattle/Texas/24-008749-003/2024(H5N1)	2045	11661
PA|PP755594.1|A/cattle/Texas/24-008749-003/2024(H5N1)	2046	11593
PA|PP755594.1|A/cattle/Texas/24-008749-003/2024(H5N1)	2047	11584
PA|PP755594.1|A/cattle/Texas/24-008749-003/2024(H5N1)	2048	11552
PA|PP755594.1|A/cattle/Texas/24-008749-003/2024(H5N1)	2049	11574
PA|PP755594.1|A/cattle/Texas/24-008749-003/2024(H5N1)	2050	11566
PA|PP755594.1|A/cattle/Texas/24-008749-003/2024(H5N1)	2051	11536
PA|PP755594.1|A/cattle/Texas/24-008749-003/2024(H5N1)	2052	11534
PA|PP755594.1|A/cattle/Texas/24-008749-003/2024(H5N1)	2053	11677
PA|PP755594.1|A/cattle/Texas/24-008749-003/2024(H5N1)	2054	11532
PA|PP755594.1|A/cattle/Texas/24-008749-003/2024(H5N1)	2055	11642
PA|PP755594.1|A/cattle/Texas/24-008749-003/2024(H5N1)	2056	11244
PA|PP755594.1|A/cattle/Texas/24-008749-003/2024(H5N1)	2057	11248
PA|PP755594.1|A/cattle/Texas/24-008749-003/2024(H5N1)	2058	12298
PA|PP755594.1|A/cattle/Texas/24-008749-003/2024(H5N1)	2059	12128
PA|PP755594.1|A/cattle/Texas/24-008749-003/2024(H5N1)	2060	12247
PA|PP755594.1|A/cattle/Texas/24-008749-003/2024(H5N1)	2061	12166
PA|PP755594.1|A/cattle/Texas/24-008749-003/2024(H5N1)	2062	11829
PA|PP755594.1|A/cattle/Texas/24-008749-003/2024(H5N1)	2063	11917
PA|PP755594.1|A/cattle/Texas/24-008749-003/2024(H5N1)	2064	11776
PA|PP755594.1|A/cattle/Texas/24-008749-003/2024(H5N1)	2065	11778
PA|PP755594.1|A/cattle/Texas/24-008749-003/2024(H5N1)	2066	11805
PA|PP755594.1|A/cattle/Texas/24-008749-003/2024(H5N1)	2067	11459
PA|PP755594.1|A/cattle/Texas/24-008749-003/2024(H5N1)	2068	11639
PA|PP755594.1|A/cattle/Texas/24-008749-003/2024(H5N1)	2069	11631
PA|PP755594.1|A/cattle/Texas/24-008749-003/2024(H5N1)	2070	11624
PA|PP755594.1|A/cattle/Texas/24-008749-003/2024(H5N1)	2071	11632
PA|PP755594.1|A/cattle/Texas/24-008749-003/2024(H5N1)	2072	11608
PA|PP755594.1|A/cattle/Texas/24-008749-003/2024(H5N1)	2073	11607
PA|PP755594.1|A/cattle/Texas/24-008749-003/2024(H5N1)	2074	11560
PA|PP755594.1|A/cattle/Texas/24-008749-003/2024(H5N1)	2075	11365
PA|PP755594.1|A/cattle/Texas/24-008749-003/2024(H5N1)	2076	11428
PA|PP755594.1|A/cattle/Texas/24-008749-003/2024(H5N1)	2077	10669
PA|PP755594.1|A/cattle/Texas/24-008749-003/2024(H5N1)	2078	10666
PA|PP755594.1|A/cattle/Texas/24-008749-003/2024(H5N1)	2079	10648
PA|PP755594.1|A/cattle/Texas/24-008749-003/2024(H5N1)	2080	10602
PA|PP755594.1|A/cattle/Texas/24-008749-003/2024(H5N1)	2081	10584
PA|PP755594.1|A/cattle/Texas/24-008749-003/2024(H5N1)	2082	10610
PA|PP755594.1|A/cattle/Texas/24-008749-003/2024(H5N1)	2083	10609
PA|PP755594.1|A/cattle/Texas/24-008749-003/2024(H5N1)	2084	10473
PA|PP755594.1|A/cattle/Texas/24-008749-003/2024(H5N1)	2085	10268
PA|PP755594.1|A/cattle/Texas/24-008749-003/2024(H5N1)	2086	10202
PA|PP755594.1|A/cattle/Texas/24-008749-003/2024(H5N1)	2087	10192
PA|PP755594.1|A/cattle/Texas/24-008749-003/2024(H5N1)	2088	10165
PA|PP755594.1|A/cattle/Texas/24-008749-003/2024(H5N1)	2089	10148
PA|PP755594.1|A/cattle/Texas/24-008749-003/2024(H5N1)	2090	10146
PA|PP755594.1|A/cattle/Texas/24-008749-003/2024(H5N1)	2091	10005
PA|PP755594.1|A/cattle/Texas/24-008749-003/2024(H5N1)	2092	9978
PA|PP755594.1|A/cattle/Texas/24-008749-003/2024(H5N1)	2093	9148
PA|PP755594.1|A/cattle/Texas/24-008749-003/2024(H5N1)	2094	9025
PA|PP755594.1|A/cattle/Texas/24-008749-003/2024(H5N1)	2095	9009
PA|PP755594.1|A/cattle/Texas/24-008749-003/2024(H5N1)	2096	9015
PA|PP755594.1|A/cattle/Texas/24-008749-003/2024(H5N1)	2097	9014
PA|PP755594.1|A/cattle/Texas/24-008749-003/2024(H5N1)	2098	8962
PA|PP755594.1|A/cattle/Texas/24-008749-003/2024(H5N1)	2099	8931
PA|PP755594.1|A/cattle/Texas/24-008749-003/2024(H5N1)	2100	8701
PA|PP755594.1|A/cattle/Texas/24-008749-003/2024(H5N1)	2101	8688
PA|PP755594.1|A/cattle/Texas/24-008749-003/2024(H5N1)	2102	8677
PA|PP755594.1|A/cattle/Texas/24-008749-003/2024(H5N1)	2103	8685
PA|PP755594.1|A/cattle/Texas/24-008749-003/2024(H5N1)	2104	8638
PA|PP755594.1|A/cattle/Texas/24-008749-003/2024(H5N1)	2105	8561
PA|PP755594.1|A/cattle/Texas/24-008749-003/2024(H5N1)	2106	8555
PA|PP755594.1|A/cattle/Texas/24-008749-003/2024(H5N1)	2107	8409
PA|PP755594.1|A/cattle/Texas/24-008749-003/2024(H5N1)	2108	8415
PA|PP755594.1|A/cattle/Texas/24-008749-003/2024(H5N1)	2109	8415
PA|PP755594.1|A/cattle/Texas/24-008749-003/2024(H5N1)	2110	8414
PA|PP755594.1|A/cattle/Texas/24-008749-003/2024(H5N1)	2111	8401
PA|PP755594.1|A/cattle/Texas/24-008749-003/2024(H5N1)	2112	8218
PA|PP755594.1|A/cattle/Texas/24-008749-003/2024(H5N1)	2113	8205
PA|PP755594.1|A/cattle/Texas/24-008749-003/2024(H5N1)	2114	8186
PA|PP755594.1|A/cattle/Texas/24-008749-003/2024(H5N1)	2115	8176
PA|PP755594.1|A/cattle/Texas/24-008749-003/2024(H5N1)	2116	8169
PA|PP755594.1|A/cattle/Texas/24-008749-003/2024(H5N1)	2117	8103
PA|PP755594.1|A/cattle/Texas/24-008749-003/2024(H5N1)	2118	8102
PA|PP755594.1|A/cattle/Texas/24-008749-003/2024(H5N1)	2119	8090
PA|PP755594.1|A/cattle/Texas/24-008749-003/2024(H5N1)	2120	8070
PA|PP755594.1|A/cattle/Texas/24-008749-003/2024(H5N1)	2121	8012
PA|PP755594.1|A/cattle/Texas/24-008749-003/2024(H5N1)	2122	7935
PA|PP755594.1|A/cattle/Texas/24-008749-003/2024(H5N1)	2123	7934
PA|PP755594.1|A/cattle/Texas/24-008749-003/2024(H5N1)	2124	7922
PA|PP755594.1|A/cattle/Texas/24-008749-003/2024(H5N1)	2125	7850
PA|PP755594.1|A/cattle/Texas/24-008749-003/2024(H5N1)	2126	7809
PA|PP755594.1|A/cattle/Texas/24-008749-003/2024(H5N1)	2127	7504
PA|PP755594.1|A/cattle/Texas/24-008749-003/2024(H5N1)	2128	7496
PA|PP755594.1|A/cattle/Texas/24-008749-003/2024(H5N1)	2129	7496
PA|PP755594.1|A/cattle/Texas/24-008749-003/2024(H5N1)	2130	7492
PA|PP755594.1|A/cattle/Texas/24-008749-003/2024(H5N1)	2131	7400
PA|PP755594.1|A/cattle/Texas/24-008749-003/2024(H5N1)	2132	7371
PA|PP755594.1|A/cattle/Texas/24-008749-003/2024(H5N1)	2133	7308
PA|PP755594.1|A/cattle/Texas/24-008749-003/2024(H5N1)	2134	7306
PA|PP755594.1|A/cattle/Texas/24-008749-003/2024(H5N1)	2135	7261
PA|PP755594.1|A/cattle/Texas/24-008749-003/2024(H5N1)	2136	7246
PA|PP755594.1|A/cattle/Texas/24-008749-003/2024(H5N1)	2137	7226
PA|PP755594.1|A/cattle/Texas/24-008749-003/2024(H5N1)	2138	7193
PA|PP755594.1|A/cattle/Texas/24-008749-003/2024(H5N1)	2139	7155
PA|PP755594.1|A/cattle/Texas/24-008749-003/2024(H5N1)	2140	7147
PA|PP755594.1|A/cattle/Texas/24-008749-003/2024(H5N1)	2141	7138
PA|PP755594.1|A/cattle/Texas/24-008749-003/2024(H5N1)	2142	7112
PA|PP755594.1|A/cattle/Texas/24-008749-003/2024(H5N1)	2143	7071
PA|PP755594.1|A/cattle/Texas/24-008749-003/2024(H5N1)	2144	6905
PA|PP755594.1|A/cattle/Texas/24-008749-003/2024(H5N1)	2145	6905
PA|PP755594.1|A/cattle/Texas/24-008749-003/2024(H5N1)	2146	6887
PA|PP755594.1|A/cattle/Texas/24-008749-003/2024(H5N1)	2147	6880
PA|PP755594.1|A/cattle/Texas/24-008749-003/2024(H5N1)	2148	6859
PA|PP755594.1|A/cattle/Texas/24-008749-003/2024(H5N1)	2149	6801
PA|PP755594.1|A/cattle/Texas/24-008749-003/2024(H5N1)	2150	6666
PA|PP755594.1|A/cattle/Texas/24-008749-003/2024(H5N1)	2151	6646
