PB1|PP755595.1|A/cattle/Texas/24-008749-003/2024(H5N1)	1	944
PB1|PP755595.1|A/cattle/Texas/24-008749-003/2024(H5N1)	2	945
PB1|PP755595.1|A/cattle/Texas/24-008749-003/2024(H5N1)	3	950
PB1|PP755595.1|A/cattle/Texas/24-008749-003/2024(H5N1)	4	958
PB1|PP755595.1|A/cattle/Texas/24-008749-003/2024(H5N1)	5	1002
PB1|PP755595.1|A/cattle/Texas/24-008749-003/2024(H5N1)	6	1021
PB1|PP755595.1|A/cattle/Texas/24-008749-003/2024(H5N1)	7	1022
PB1|PP755595.1|A/cattle/Texas/24-008749-003/2024(H5N1)	8	1023
PB1|PP755595.1|A/cattle/Texas/24-008749-003/2024(H5N1)	9	1047
PB1|PP755595.1|A/cattle/Texas/24-008749-003/2024(H5N1)	10	1051
PB1|PP755595.1|A/cattle/Texas/24-008749-003/2024(H5N1)	11	1053
PB1|PP755595.1|A/cattle/Texas/24-008749-003/2024(H5N1)	12	1053
PB1|PP755595.1|A/cattle/Texas/24-008749-003/2024(H5N1)	13	1058
PB1|PP755595.1|A/cattle/Texas/24-008749-003/2024(H5N1)	14	1058
PB1|PP755595.1|A/cattle/Texas/24-008749-003/2024(H5N1)	15	1062
PB1|PP755595.1|A/cattle/Texas/24-008749-003/2024(H5N1)	16	1071
PB1|PP755595.1|A/cattle/Texas/24-008749-003/2024(H5N1)	17	1072
PB1|PP755595.1|A/cattle/Texas/24-008749-003/2024(H5N1)	18	1072
PB1|PP755595.1|A/cattle/Texas/24-008749-003/2024(H5N1)	19	1075
PB1|PP755595.1|A/cattle/Texas/24-008749-003/2024(H5N1)	20	1077
PB1|PP755595.1|A/cattle/Texas/24-008749-003/2024(H5N1)	21	1077
PB1|PP755595.1|A/cattle/Texas/24-008749-003/2024(H5N1)	22	1078
PB1|PP755595.1|A/cattle/Texas/24-008749-003/2024(H5N1)	23	1078
PB1|PP755595.1|A/cattle/Texas/24-008749-003/2024(H5N1)	24	1081
PB1|PP755595.1|A/cattle/Texas/24-008749-003/2024(H5N1)	25	1081
PB1|PP755595.1|A/cattle/Texas/24-008749-003/2024(H5N1)	26	1115
PB1|PP755595.1|A/cattle/Texas/24-008749-003/2024(H5N1)	27	1117
PB1|PP755595.1|A/cattle/Texas/24-008749-003/2024(H5N1)	28	1119
PB1|PP755595.1|A/cattle/Texas/24-008749-003/2024(H5N1)	29	1122
PB1|PP755595.1|A/cattle/Texas/24-008749-003/2024(H5N1)	30	1126
PB1|PP755595.1|A/cattle/Texas/24-008749-003/2024(H5N1)	31	1126
PB1|PP755595.1|A/cattle/Texas/24-008749-003/2024(H5N1)	32	1129
PB1|PP755595.1|A/cattle/Texas/24-008749-003/2024(H5N1)	33	1129
PB1|PP755595.1|A/cattle/Texas/24-008749-003/2024(H5N1)	34	1145
PB1|PP755595.1|A/cattle/Texas/24-008749-003/2024(H5N1)	35	1144
PB1|PP755595.1|A/cattle/Texas/24-008749-003/2024(H5N1)	36	1147
PB1|PP755595.1|A/cattle/Texas/24-008749-003/2024(H5N1)	37	1150
PB1|PP755595.1|A/cattle/Texas/24-008749-003/2024(H5N1)	38	1150
PB1|PP755595.1|A/cattle/Texas/24-008749-003/2024(H5N1)	39	1150
PB1|PP755595.1|A/cattle/Texas/24-008749-003/2024(H5N1)	40	1187
PB1|PP755595.1|A/cattle/Texas/24-008749-003/2024(H5N1)	41	1201
PB1|PP755595.1|A/cattle/Texas/24-008749-003/2024(H5N1)	42	1201
PB1|PP755595.1|A/cattle/Texas/24-008749-003/2024(H5N1)	43	1210
PB1|PP755595.1|A/cattle/Texas/24-008749-003/2024(H5N1)	44	1210
PB1|PP755595.1|A/cattle/Texas/24-008749-003/2024(H5N1)	45	1213
PB1|PP755595.1|A/cattle/Texas/24-008749-003/2024(H5N1)	46	1215
PB1|PP755595.1|A/cattle/Texas/24-008749-003/2024(H5N1)	47	1234
PB1|PP755595.1|A/cattle/Texas/24-008749-003/2024(H5N1)	48	1277
PB1|PP755595.1|A/cattle/Texas/24-008749-003/2024(H5N1)	49	1318
PB1|PP755595.1|A/cattle/Texas/24-008749-003/2024(H5N1)	50	1321
PB1|PP755595.1|A/cattle/Texas/24-008749-003/2024(H5N1)	51	1337
PB1|PP755595.1|A/cattle/Texas/24-008749-003/2024(H5N1)	52	1338
PB1|PP755595.1|A/cattle/Texas/24-008749-003/2024(H5N1)	53	1357
PB1|PP755595.1|A/cattle/Texas/24-008749-003/2024(H5N1)	54	1404
PB1|PP755595.1|A/cattle/Texas/24-008749-003/2024(H5N1)	55	1405
PB1|PP755595.1|A/cattle/Texas/24-008749-003/2024(H5N1)	56	1435
PB1|PP755595.1|A/cattle/Texas/24-008749-003/2024(H5N1)	57	1438
PB1|PP755595.1|A/cattle/Texas/24-008749-003/2024(H5N1)	58	1459
PB1|PP755595.1|A/cattle/Texas/24-008749-003/2024(H5N1)	59	1486
PB1|PP755595.1|A/cattle/Texas/24-008749-003/2024(H5N1)	60	1486
PB1|PP755595.1|A/cattle/Texas/24-008749-003/2024(H5N1)	61	1493
PB1|PP755595.1|A/cattle/Texas/24-008749-003/2024(H5N1)	62	1501
PB1|PP755595.1|A/cattle/Texas/24-008749-003/2024(H5N1)	63	1506
PB1|PP755595.1|A/cattle/Texas/24-008749-003/2024(H5N1)	64	1517
PB1|PP755595.1|A/cattle/Texas/24-008749-003/2024(H5N1)	65	1521
PB1|PP755595.1|A/cattle/Texas/24-008749-003/2024(H5N1)	66	1841
PB1|PP755595.1|A/cattle/Texas/24-008749-003/2024(H5N1)	67	1841
PB1|PP755595.1|A/cattle/Texas/24-008749-003/2024(H5N1)	68	1841
PB1|PP755595.1|A/cattle/Texas/24-008749-003/2024(H5N1)	69	1841
PB1|PP755595.1|A/cattle/Texas/24-008749-003/2024(H5N1)	70	1860
PB1|PP755595.1|A/cattle/Texas/24-008749-003/2024(H5N1)	71	1927
PB1|PP755595.1|A/cattle/Texas/24-008749-003/2024(H5N1)	72	1949
PB1|PP755595.1|A/cattle/Texas/24-008749-003/2024(H5N1)	73	1973
PB1|PP755595.1|A/cattle/Texas/24-008749-003/2024(H5N1)	74	1976
PB1|PP755595.1|A/cattle/Texas/24-008749-003/2024(H5N1)	75	1982
PB1|PP755595.1|A/cattle/Texas/24-008749-003/2024(H5N1)	76	2000
PB1|PP755595.1|A/cattle/Texas/24-008749-003/2024(H5N1)	77	2022
PB1|PP755595.1|A/cattle/Texas/24-008749-003/2024(H5N1)	78	2029
PB1|PP755595.1|A/cattle/Texas/24-008749-003/2024(H5N1)	79	2056
PB1|PP755595.1|A/cattle/Texas/24-008749-003/2024(H5N1)	80	2065
PB1|PP755595.1|A/cattle/Texas/24-008749-003/2024(H5N1)	81	2072
PB1|PP755595.1|A/cattle/Texas/24-008749-003/2024(H5N1)	82	2221
PB1|PP755595.1|A/cattle/Texas/24-008749-003/2024(H5N1)	83	2226
PB1|PP755595.1|A/cattle/Texas/24-008749-003/2024(H5N1)	84	2230
PB1|PP755595.1|A/cattle/Texas/24-008749-003/2024(H5N1)	85	2315
PB1|PP755595.1|A/cattle/Texas/24-008749-003/2024(H5N1)	86	2323
PB1|PP755595.1|A/cattle/Texas/24-008749-003/2024(H5N1)	87	2327
PB1|PP755595.1|A/cattle/Texas/24-008749-003/2024(H5N1)	88	2328
PB1|PP755595.1|A/cattle/Texas/24-008749-003/2024(H5N1)	89	2330
PB1|PP755595.1|A/cattle/Texas/24-008749-003/2024(H5N1)	90	2331
PB1|PP755595.1|A/cattle/Texas/24-008749-003/2024(H5N1)	91	2331
PB1|PP755595.1|A/cattle/Texas/24-008749-003/2024(H5N1)	92	2397
PB1|PP755595.1|A/cattle/Texas/24-008749-003/2024(H5N1)	93	2415
PB1|PP755595.1|A/cattle/Texas/24-008749-003/2024(H5N1)	94	2415
PB1|PP755595.1|A/cattle/Texas/24-008749-003/2024(H5N1)	95	2428
PB1|PP755595.1|A/cattle/Texas/24-008749-003/2024(H5N1)	96	2428
PB1|PP755595.1|A/cattle/Texas/24-008749-003/2024(H5N1)	97	2434
PB1|PP755595.1|A/cattle/Texas/24-008749-003/2024(H5N1)	98	2494
PB1|PP755595.1|A/cattle/Texas/24-008749-003/2024(H5N1)	99	2481
PB1|PP755595.1|A/cattle/Texas/24-008749-003/2024(H5N1)	100	2482
PB1|PP755595.1|A/cattle/Texas/24-008749-003/2024(H5N1)	101	2474
PB1|PP755595.1|A/cattle/Texas/24-008749-003/2024(H5N1)	102	2466
PB1|PP755595.1|A/cattle/Texas/24-008749-003/2024(H5N1)	103	2468
PB1|PP755595.1|A/cattle/Texas/24-008749-003/2024(H5N1)	104	2468
PB1|PP755595.1|A/cattle/Texas/24-008749-003/2024(H5N1)	105	2465
PB1|PP755595.1|A/cattle/Texas/24-008749-003/2024(H5N1)	106	2600
PB1|PP755595.1|A/cattle/Texas/24-008749-003/2024(H5N1)	107	2618
PB1|PP755595.1|A/cattle/Texas/24-008749-003/2024(H5N1)	108	2612
PB1|PP755595.1|A/cattle/Texas/24-008749-003/2024(H5N1)	109	2612
PB1|PP755595.1|A/cattle/Texas/24-008749-003/2024(H5N1)	110	2612
PB1|PP755595.1|A/cattle/Texas/24-008749-003/2024(H5N1)	111	2611
PB1|PP755595.1|A/cattle/Texas/24-008749-003/2024(H5N1)	112	2607
PB1|PP755595.1|A/cattle/Texas/24-008749-003/2024(H5N1)	113	2547
PB1|PP755595.1|A/cattle/Texas/24-008749-003/2024(H5N1)	114	2490
PB1|PP755595.1|A/cattle/Texas/24-008749-003/2024(H5N1)	115	2491
PB1|PP755595.1|A/cattle/Texas/24-008749-003/2024(H5N1)	116	2491
PB1|PP755595.1|A/cattle/Texas/24-008749-003/2024(H5N1)	117	2461
PB1|PP755595.1|A/cattle/Texas/24-008749-003/2024(H5N1)	118	2766
PB1|PP755595.1|A/cattle/Texas/24-008749-003/2024(H5N1)	119	2768
PB1|PP755595.1|A/cattle/Texas/24-008749-003/2024(H5N1)	120	2785
PB1|PP755595.1|A/cattle/Texas/24-008749-003/2024(H5N1)	121	2788
PB1|PP755595.1|A/cattle/Texas/24-008749-003/2024(H5N1)	122	2805
PB1|PP755595.1|A/cattle/Texas/24-008749-003/2024(H5N1)	123	2800
PB1|PP755595.1|A/cattle/Texas/24-008749-003/2024(H5N1)	124	2794
PB1|PP755595.1|A/cattle/Texas/24-008749-003/2024(H5N1)	125	2779
PB1|PP755595.1|A/cattle/Texas/24-008749-003/2024(H5N1)	126	2771
PB1|PP755595.1|A/cattle/Texas/24-008749-003/2024(H5N1)	127	2393
PB1|PP755595.1|A/cattle/Texas/24-008749-003/2024(H5N1)	128	2317
PB1|PP755595.1|A/cattle/Texas/24-008749-003/2024(H5N1)	129	2229
PB1|PP755595.1|A/cattle/Texas/24-008749-003/2024(H5N1)	130	2366
PB1|PP755595.1|A/cattle/Texas/24-008749-003/2024(H5N1)	131	2381
PB1|PP755595.1|A/cattle/Texas/24-008749-003/2024(H5N1)	132	2376
PB1|PP755595.1|A/cattle/Texas/24-008749-003/2024(H5N1)	133	2372
PB1|PP755595.1|A/cattle/Texas/24-008749-003/2024(H5N1)	134	2399
PB1|PP755595.1|A/cattle/Texas/24-008749-003/2024(H5N1)	135	2397
PB1|PP755595.1|A/cattle/Texas/24-008749-003/2024(H5N1)	136	2381
PB1|PP755595.1|A/cattle/Texas/24-008749-003/2024(H5N1)	137	2354
PB1|PP755595.1|A/cattle/Texas/24-008749-003/2024(H5N1)	138	2337
PB1|PP755595.1|A/cattle/Texas/24-008749-003/2024(H5N1)	139	2492
PB1|PP755595.1|A/cattle/Texas/24-008749-003/2024(H5N1)	140	2486
PB1|PP755595.1|A/cattle/Texas/24-008749-003/2024(H5N1)	141	2522
PB1|PP755595.1|A/cattle/Texas/24-008749-003/2024(H5N1)	142	2517
PB1|PP755595.1|A/cattle/Texas/24-008749-003/2024(H5N1)	143	2507
PB1|PP755595.1|A/cattle/Texas/24-008749-003/2024(H5N1)	144	2515
PB1|PP755595.1|A/cattle/Texas/24-008749-003/2024(H5N1)	145	2510
PB1|PP755595.1|A/cattle/Texas/24-008749-003/2024(H5N1)	146	2490
PB1|PP755595.1|A/cattle/Texas/24-008749-003/2024(H5N1)	147	2451
PB1|PP755595.1|A/cattle/Texas/24-008749-003/2024(H5N1)	148	2431
PB1|PP755595.1|A/cattle/Texas/24-008749-003/2024(H5N1)	149	2416
PB1|PP755595.1|A/cattle/Texas/24-008749-003/2024(H5N1)	150	2413
PB1|PP755595.1|A/cattle/Texas/24-008749-003/2024(H5N1)	151	2412
PB1|PP755595.1|A/cattle/Texas/24-008749-003/2024(H5N1)	152	2402
PB1|PP755595.1|A/cattle/Texas/24-008749-003/2024(H5N1)	153	2366
PB1|PP755595.1|A/cattle/Texas/24-008749-003/2024(H5N1)	154	2362
PB1|PP755595.1|A/cattle/Texas/24-008749-003/2024(H5N1)	155	2392
PB1|PP755595.1|A/cattle/Texas/24-008749-003/2024(H5N1)	156	2369
PB1|PP755595.1|A/cattle/Texas/24-008749-003/2024(H5N1)	157	2403
PB1|PP755595.1|A/cattle/Texas/24-008749-003/2024(H5N1)	158	2412
PB1|PP755595.1|A/cattle/Texas/24-008749-003/2024(H5N1)	159	2410
PB1|PP755595.1|A/cattle/Texas/24-008749-003/2024(H5N1)	160	2648
PB1|PP755595.1|A/cattle/Texas/24-008749-003/2024(H5N1)	161	2650
PB1|PP755595.1|A/cattle/Texas/24-008749-003/2024(H5N1)	162	2649
PB1|PP755595.1|A/cattle/Texas/24-008749-003/2024(H5N1)	163	2652
PB1|PP755595.1|A/cattle/Texas/24-008749-003/2024(H5N1)	164	2652
PB1|PP755595.1|A/cattle/Texas/24-008749-003/2024(H5N1)	165	2656
PB1|PP755595.1|A/cattle/Texas/24-008749-003/2024(H5N1)	166	2663
PB1|PP755595.1|A/cattle/Texas/24-008749-003/2024(H5N1)	167	2677
PB1|PP755595.1|A/cattle/Texas/24-008749-003/2024(H5N1)	168	2678
PB1|PP755595.1|A/cattle/Texas/24-008749-003/2024(H5N1)	169	2691
PB1|PP755595.1|A/cattle/Texas/24-008749-003/2024(H5N1)	170	2702
PB1|PP755595.1|A/cattle/Texas/24-008749-003/2024(H5N1)	171	2702
PB1|PP755595.1|A/cattle/Texas/24-008749-003/2024(H5N1)	172	2702
PB1|PP755595.1|A/cattle/Texas/24-008749-003/2024(H5N1)	173	2724
PB1|PP755595.1|A/cattle/Texas/24-008749-003/2024(H5N1)	174	2736
PB1|PP755595.1|A/cattle/Texas/24-008749-003/2024(H5N1)	175	2732
PB1|PP755595.1|A/cattle/Texas/24-008749-003/2024(H5N1)	176	2715
PB1|PP755595.1|A/cattle/Texas/24-008749-003/2024(H5N1)	177	2709
PB1|PP755595.1|A/cattle/Texas/24-008749-003/2024(H5N1)	178	2711
PB1|PP755595.1|A/cattle/Texas/24-008749-003/2024(H5N1)	179	2748
PB1|PP755595.1|A/cattle/Texas/24-008749-003/2024(H5N1)	180	2776
PB1|PP755595.1|A/cattle/Texas/24-008749-003/2024(H5N1)	181	2774
PB1|PP755595.1|A/cattle/Texas/24-008749-003/2024(H5N1)	182	2784
PB1|PP755595.1|A/cattle/Texas/24-008749-003/2024(H5N1)	183	2779
PB1|PP755595.1|A/cattle/Texas/24-008749-003/2024(H5N1)	184	2780
PB1|PP755595.1|A/cattle/Texas/24-008749-003/2024(H5N1)	185	2783
PB1|PP755595.1|A/cattle/Texas/24-008749-003/2024(H5N1)	186	2783
PB1|PP755595.1|A/cattle/Texas/24-008749-003/2024(H5N1)	187	2781
PB1|PP755595.1|A/cattle/Texas/24-008749-003/2024(H5N1)	188	2825
PB1|PP755595.1|A/cattle/Texas/24-008749-003/2024(H5N1)	189	2818
PB1|PP755595.1|A/cattle/Texas/24-008749-003/2024(H5N1)	190	2905
PB1|PP755595.1|A/cattle/Texas/24-008749-003/2024(H5N1)	191	2898
PB1|PP755595.1|A/cattle/Texas/24-008749-003/2024(H5N1)	192	2899
PB1|PP755595.1|A/cattle/Texas/24-008749-003/2024(H5N1)	193	2922
PB1|PP755595.1|A/cattle/Texas/24-008749-003/2024(H5N1)	194	2915
PB1|PP755595.1|A/cattle/Texas/24-008749-003/2024(H5N1)	195	2961
PB1|PP755595.1|A/cattle/Texas/24-008749-003/2024(H5N1)	196	2954
PB1|PP755595.1|A/cattle/Texas/24-008749-003/2024(H5N1)	197	2945
PB1|PP755595.1|A/cattle/Texas/24-008749-003/2024(H5N1)	198	2952
PB1|PP755595.1|A/cattle/Texas/24-008749-003/2024(H5N1)	199	2907
PB1|PP755595.1|A/cattle/Texas/24-008749-003/2024(H5N1)	200	2903
PB1|PP755595.1|A/cattle/Texas/24-008749-003/2024(H5N1)	201	2895
PB1|PP755595.1|A/cattle/Texas/24-008749-003/2024(H5N1)	202	2893
PB1|PP755595.1|A/cattle/Texas/24-008749-003/2024(H5N1)	203	2942
PB1|PP755595.1|A/cattle/Texas/24-008749-003/2024(H5N1)	204	2929
PB1|PP755595.1|A/cattle/Texas/24-008749-003/2024(H5N1)	205	2932
PB1|PP755595.1|A/cattle/Texas/24-008749-003/2024(H5N1)	206	2935
PB1|PP755595.1|A/cattle/Texas/24-008749-003/2024(H5N1)	207	2906
PB1|PP755595.1|A/cattle/Texas/24-008749-003/2024(H5N1)	208	2909
PB1|PP755595.1|A/cattle/Texas/24-008749-003/2024(H5N1)	209	2893
PB1|PP755595.1|A/cattle/Texas/24-008749-003/2024(H5N1)	210	2869
PB1|PP755595.1|A/cattle/Texas/24-008749-003/2024(H5N1)	211	2868
PB1|PP755595.1|A/cattle/Texas/24-008749-003/2024(H5N1)	212	2860
PB1|PP755595.1|A/cattle/Texas/24-008749-003/2024(H5N1)	213	2278
PB1|PP755595.1|A/cattle/Texas/24-008749-003/2024(H5N1)	214	2266
PB1|PP755595.1|A/cattle/Texas/24-008749-003/2024(H5N1)	215	2264
PB1|PP755595.1|A/cattle/Texas/24-008749-003/2024(H5N1)	216	2261
PB1|PP755595.1|A/cattle/Texas/24-008749-003/2024(H5N1)	217	1988
PB1|PP755595.1|A/cattle/Texas/24-008749-003/2024(H5N1)	218	2003
PB1|PP755595.1|A/cattle/Texas/24-008749-003/2024(H5N1)	219	2029
PB1|PP755595.1|A/cattle/Texas/24-008749-003/2024(H5N1)	220	2182
PB1|PP755595.1|A/cattle/Texas/24-008749-003/2024(H5N1)	221	2183
PB1|PP755595.1|A/cattle/Texas/24-008749-003/2024(H5N1)	222	2183
PB1|PP755595.1|A/cattle/Texas/24-008749-003/2024(H5N1)	223	2207
PB1|PP755595.1|A/cattle/Texas/24-008749-003/2024(H5N1)	224	2206
PB1|PP755595.1|A/cattle/Texas/24-008749-003/2024(H5N1)	225	2205
PB1|PP755595.1|A/cattle/Texas/24-008749-003/2024(H5N1)	226	2237
PB1|PP755595.1|A/cattle/Texas/24-008749-003/2024(H5N1)	227	2249
PB1|PP755595.1|A/cattle/Texas/24-008749-003/2024(H5N1)	228	2265
PB1|PP755595.1|A/cattle/Texas/24-008749-003/2024(H5N1)	229	2250
PB1|PP755595.1|A/cattle/Texas/24-008749-003/2024(H5N1)	230	2248
PB1|PP755595.1|A/cattle/Texas/24-008749-003/2024(H5N1)	231	2242
PB1|PP755595.1|A/cattle/Texas/24-008749-003/2024(H5N1)	232	2245
PB1|PP755595.1|A/cattle/Texas/24-008749-003/2024(H5N1)	233	2262
PB1|PP755595.1|A/cattle/Texas/24-008749-003/2024(H5N1)	234	2304
PB1|PP755595.1|A/cattle/Texas/24-008749-003/2024(H5N1)	235	2549
PB1|PP755595.1|A/cattle/Texas/24-008749-003/2024(H5N1)	236	2552
PB1|PP755595.1|A/cattle/Texas/24-008749-003/2024(H5N1)	237	2566
PB1|PP755595.1|A/cattle/Texas/24-008749-003/2024(H5N1)	238	2567
PB1|PP755595.1|A/cattle/Texas/24-008749-003/2024(H5N1)	239	2571
PB1|PP755595.1|A/cattle/Texas/24-008749-003/2024(H5N1)	240	2668
PB1|PP755595.1|A/cattle/Texas/24-008749-003/2024(H5N1)	241	2671
PB1|PP755595.1|A/cattle/Texas/24-008749-003/2024(H5N1)	242	2767
PB1|PP755595.1|A/cattle/Texas/24-008749-003/2024(H5N1)	243	2769
PB1|PP755595.1|A/cattle/Texas/24-008749-003/2024(H5N1)	244	2770
PB1|PP755595.1|A/cattle/Texas/24-008749-003/2024(H5N1)	245	2792
PB1|PP755595.1|A/cattle/Texas/24-008749-003/2024(H5N1)	246	2840
PB1|PP755595.1|A/cattle/Texas/24-008749-003/2024(H5N1)	247	2851
PB1|PP755595.1|A/cattle/Texas/24-008749-003/2024(H5N1)	248	2851
PB1|PP755595.1|A/cattle/Texas/24-008749-003/2024(H5N1)	249	2851
PB1|PP755595.1|A/cattle/Texas/24-008749-003/2024(H5N1)	250	2843
PB1|PP755595.1|A/cattle/Texas/24-008749-003/2024(H5N1)	251	2795
PB1|PP755595.1|A/cattle/Texas/24-008749-003/2024(H5N1)	252	2793
PB1|PP755595.1|A/cattle/Texas/24-008749-003/2024(H5N1)	253	2790
PB1|PP755595.1|A/cattle/Texas/24-008749-003/2024(H5N1)	254	2737
PB1|PP755595.1|A/cattle/Texas/24-008749-003/2024(H5N1)	255	2205
PB1|PP755595.1|A/cattle/Texas/24-008749-003/2024(H5N1)	256	2205
PB1|PP755595.1|A/cattle/Texas/24-008749-003/2024(H5N1)	257	2205
PB1|PP755595.1|A/cattle/Texas/24-008749-003/2024(H5N1)	258	2204
PB1|PP755595.1|A/cattle/Texas/24-008749-003/2024(H5N1)	259	2204
PB1|PP755595.1|A/cattle/Texas/24-008749-003/2024(H5N1)	260	2204
PB1|PP755595.1|A/cattle/Texas/24-008749-003/2024(H5N1)	261	2204
PB1|PP755595.1|A/cattle/Texas/24-008749-003/2024(H5N1)	262	2204
PB1|PP755595.1|A/cattle/Texas/24-008749-003/2024(H5N1)	263	2204
PB1|PP755595.1|A/cattle/Texas/24-008749-003/2024(H5N1)	264	2202
PB1|PP755595.1|A/cattle/Texas/24-008749-003/2024(H5N1)	265	2202
PB1|PP755595.1|A/cattle/Texas/24-008749-003/2024(H5N1)	266	2206
PB1|PP755595.1|A/cattle/Texas/24-008749-003/2024(H5N1)	267	2206
PB1|PP755595.1|A/cattle/Texas/24-008749-003/2024(H5N1)	268	2454
PB1|PP755595.1|A/cattle/Texas/24-008749-003/2024(H5N1)	269	2472
PB1|PP755595.1|A/cattle/Texas/24-008749-003/2024(H5N1)	270	2481
PB1|PP755595.1|A/cattle/Texas/24-008749-003/2024(H5N1)	271	2490
PB1|PP755595.1|A/cattle/Texas/24-008749-003/2024(H5N1)	272	2540
PB1|PP755595.1|A/cattle/Texas/24-008749-003/2024(H5N1)	273	2559
PB1|PP755595.1|A/cattle/Texas/24-008749-003/2024(H5N1)	274	2564
PB1|PP755595.1|A/cattle/Texas/24-008749-003/2024(H5N1)	275	2564
PB1|PP755595.1|A/cattle/Texas/24-008749-003/2024(H5N1)	276	2583
PB1|PP755595.1|A/cattle/Texas/24-008749-003/2024(H5N1)	277	2586
PB1|PP755595.1|A/cattle/Texas/24-008749-003/2024(H5N1)	278	2621
PB1|PP755595.1|A/cattle/Texas/24-008749-003/2024(H5N1)	279	2621
PB1|PP755595.1|A/cattle/Texas/24-008749-003/2024(H5N1)	280	2622
PB1|PP755595.1|A/cattle/Texas/24-008749-003/2024(H5N1)	281	2713
PB1|PP755595.1|A/cattle/Texas/24-008749-003/2024(H5N1)	282	2749
PB1|PP755595.1|A/cattle/Texas/24-008749-003/2024(H5N1)	283	2716
PB1|PP755595.1|A/cattle/Texas/24-008749-003/2024(H5N1)	284	2715
PB1|PP755595.1|A/cattle/Texas/24-008749-003/2024(H5N1)	285	2707
PB1|PP755595.1|A/cattle/Texas/24-008749-003/2024(H5N1)	286	2724
PB1|PP755595.1|A/cattle/Texas/24-008749-003/2024(H5N1)	287	2718
PB1|PP755595.1|A/cattle/Texas/24-008749-003/2024(H5N1)	288	2645
PB1|PP755595.1|A/cattle/Texas/24-008749-003/2024(H5N1)	289	2648
PB1|PP755595.1|A/cattle/Texas/24-008749-003/2024(H5N1)	290	2492
PB1|PP755595.1|A/cattle/Texas/24-008749-003/2024(H5N1)	291	2636
PB1|PP755595.1|A/cattle/Texas/24-008749-003/2024(H5N1)	292	2953
PB1|PP755595.1|A/cattle/Texas/24-008749-003/2024(H5N1)	293	2961
PB1|PP755595.1|A/cattle/Texas/24-008749-003/2024(H5N1)	294	2914
PB1|PP755595.1|A/cattle/Texas/24-008749-003/2024(H5N1)	295	3132
PB1|PP755595.1|A/cattle/Texas/24-008749-003/2024(H5N1)	296	3181
PB1|PP755595.1|A/cattle/Texas/24-008749-003/2024(H5N1)	297	3181
PB1|PP755595.1|A/cattle/Texas/24-008749-003/2024(H5N1)	298	3190
PB1|PP755595.1|A/cattle/Texas/24-008749-003/2024(H5N1)	299	3183
PB1|PP755595.1|A/cattle/Texas/24-008749-003/2024(H5N1)	300	3024
PB1|PP755595.1|A/cattle/Texas/24-008749-003/2024(H5N1)	301	3026
PB1|PP755595.1|A/cattle/Texas/24-008749-003/2024(H5N1)	302	3030
PB1|PP755595.1|A/cattle/Texas/24-008749-003/2024(H5N1)	303	3033
PB1|PP755595.1|A/cattle/Texas/24-008749-003/2024(H5N1)	304	3065
PB1|PP755595.1|A/cattle/Texas/24-008749-003/2024(H5N1)	305	3073
PB1|PP755595.1|A/cattle/Texas/24-008749-003/2024(H5N1)	306	3058
PB1|PP755595.1|A/cattle/Texas/24-008749-003/2024(H5N1)	307	3049
PB1|PP755595.1|A/cattle/Texas/24-008749-003/2024(H5N1)	308	3052
PB1|PP755595.1|A/cattle/Texas/24-008749-003/2024(H5N1)	309	3071
PB1|PP755595.1|A/cattle/Texas/24-008749-003/2024(H5N1)	310	3070
PB1|PP755595.1|A/cattle/Texas/24-008749-003/2024(H5N1)	311	3066
PB1|PP755595.1|A/cattle/Texas/24-008749-003/2024(H5N1)	312	3068
PB1|PP755595.1|A/cattle/Texas/24-008749-003/2024(H5N1)	313	3068
PB1|PP755595.1|A/cattle/Texas/24-008749-003/2024(H5N1)	314	3048
PB1|PP755595.1|A/cattle/Texas/24-008749-003/2024(H5N1)	315	3068
PB1|PP755595.1|A/cattle/Texas/24-008749-003/2024(H5N1)	316	3058
PB1|PP755595.1|A/cattle/Texas/24-008749-003/2024(H5N1)	317	3059
PB1|PP755595.1|A/cattle/Texas/24-008749-003/2024(H5N1)	318	3054
PB1|PP755595.1|A/cattle/Texas/24-008749-003/2024(H5N1)	319	3226
PB1|PP755595.1|A/cattle/Texas/24-008749-003/2024(H5N1)	320	3245
PB1|PP755595.1|A/cattle/Texas/24-008749-003/2024(H5N1)	321	3238
PB1|PP755595.1|A/cattle/Texas/24-008749-003/2024(H5N1)	322	3240
PB1|PP755595.1|A/cattle/Texas/24-008749-003/2024(H5N1)	323	3239
PB1|PP755595.1|A/cattle/Texas/24-008749-003/2024(H5N1)	324	3207
PB1|PP755595.1|A/cattle/Texas/24-008749-003/2024(H5N1)	325	3199
PB1|PP755595.1|A/cattle/Texas/24-008749-003/2024(H5N1)	326	3192
PB1|PP755595.1|A/cattle/Texas/24-008749-003/2024(H5N1)	327	3198
PB1|PP755595.1|A/cattle/Texas/24-008749-003/2024(H5N1)	328	3205
PB1|PP755595.1|A/cattle/Texas/24-008749-003/2024(H5N1)	329	3182
PB1|PP755595.1|A/cattle/Texas/24-008749-003/2024(H5N1)	330	3202
PB1|PP755595.1|A/cattle/Texas/24-008749-003/2024(H5N1)	331	3177
PB1|PP755595.1|A/cattle/Texas/24-008749-003/2024(H5N1)	332	3176
PB1|PP755595.1|A/cattle/Texas/24-008749-003/2024(H5N1)	333	3165
PB1|PP755595.1|A/cattle/Texas/24-008749-003/2024(H5N1)	334	3185
PB1|PP755595.1|A/cattle/Texas/24-008749-003/2024(H5N1)	335	3191
PB1|PP755595.1|A/cattle/Texas/24-008749-003/2024(H5N1)	336	3177
PB1|PP755595.1|A/cattle/Texas/24-008749-003/2024(H5N1)	337	3178
PB1|PP755595.1|A/cattle/Texas/24-008749-003/2024(H5N1)	338	3173
PB1|PP755595.1|A/cattle/Texas/24-008749-003/2024(H5N1)	339	3142
PB1|PP755595.1|A/cattle/Texas/24-008749-003/2024(H5N1)	340	3140
PB1|PP755595.1|A/cattle/Texas/24-008749-003/2024(H5N1)	341	3027
PB1|PP755595.1|A/cattle/Texas/24-008749-003/2024(H5N1)	342	3033
PB1|PP755595.1|A/cattle/Texas/24-008749-003/2024(H5N1)	343	3030
PB1|PP755595.1|A/cattle/Texas/24-008749-003/2024(H5N1)	344	3026
PB1|PP755595.1|A/cattle/Texas/24-008749-003/2024(H5N1)	345	3071
PB1|PP755595.1|A/cattle/Texas/24-008749-003/2024(H5N1)	346	3130
PB1|PP755595.1|A/cattle/Texas/24-008749-003/2024(H5N1)	347	3157
PB1|PP755595.1|A/cattle/Texas/24-008749-003/2024(H5N1)	348	3159
PB1|PP755595.1|A/cattle/Texas/24-008749-003/2024(H5N1)	349	3149
PB1|PP755595.1|A/cattle/Texas/24-008749-003/2024(H5N1)	350	3127
PB1|PP755595.1|A/cattle/Texas/24-008749-003/2024(H5N1)	351	3127
PB1|PP755595.1|A/cattle/Texas/24-008749-003/2024(H5N1)	352	3121
PB1|PP755595.1|A/cattle/Texas/24-008749-003/2024(H5N1)	353	3121
PB1|PP755595.1|A/cattle/Texas/24-008749-003/2024(H5N1)	354	3064
PB1|PP755595.1|A/cattle/Texas/24-008749-003/2024(H5N1)	355	3063
PB1|PP755595.1|A/cattle/Texas/24-008749-003/2024(H5N1)	356	3012
PB1|PP755595.1|A/cattle/Texas/24-008749-003/2024(H5N1)	357	3008
PB1|PP755595.1|A/cattle/Texas/24-008749-003/2024(H5N1)	358	2993
PB1|PP755595.1|A/cattle/Texas/24-008749-003/2024(H5N1)	359	2973
PB1|PP755595.1|A/cattle/Texas/24-008749-003/2024(H5N1)	360	2972
PB1|PP755595.1|A/cattle/Texas/24-008749-003/2024(H5N1)	361	2938
PB1|PP755595.1|A/cattle/Texas/24-008749-003/2024(H5N1)	362	2930
PB1|PP755595.1|A/cattle/Texas/24-008749-003/2024(H5N1)	363	999
PB1|PP755595.1|A/cattle/Texas/24-008749-003/2024(H5N1)	364	926
PB1|PP755595.1|A/cattle/Texas/24-008749-003/2024(H5N1)	365	926
PB1|PP755595.1|A/cattle/Texas/24-008749-003/2024(H5N1)	366	926
PB1|PP755595.1|A/cattle/Texas/24-008749-003/2024(H5N1)	367	926
PB1|PP755595.1|A/cattle/Texas/24-008749-003/2024(H5N1)	368	926
PB1|PP755595.1|A/cattle/Texas/24-008749-003/2024(H5N1)	369	923
PB1|PP755595.1|A/cattle/Texas/24-008749-003/2024(H5N1)	370	925
PB1|PP755595.1|A/cattle/Texas/24-008749-003/2024(H5N1)	371	925
PB1|PP755595.1|A/cattle/Texas/24-008749-003/2024(H5N1)	372	925
PB1|PP755595.1|A/cattle/Texas/24-008749-003/2024(H5N1)	373	925
PB1|PP755595.1|A/cattle/Texas/24-008749-003/2024(H5N1)	374	925
PB1|PP755595.1|A/cattle/Texas/24-008749-003/2024(H5N1)	375	925
PB1|PP755595.1|A/cattle/Texas/24-008749-003/2024(H5N1)	376	925
PB1|PP755595.1|A/cattle/Texas/24-008749-003/2024(H5N1)	377	925
PB1|PP755595.1|A/cattle/Texas/24-008749-003/2024(H5N1)	378	925
PB1|PP755595.1|A/cattle/Texas/24-008749-003/2024(H5N1)	379	925
PB1|PP755595.1|A/cattle/Texas/24-008749-003/2024(H5N1)	380	925
PB1|PP755595.1|A/cattle/Texas/24-008749-003/2024(H5N1)	381	925
PB1|PP755595.1|A/cattle/Texas/24-008749-003/2024(H5N1)	382	925
PB1|PP755595.1|A/cattle/Texas/24-008749-003/2024(H5N1)	383	925
PB1|PP755595.1|A/cattle/Texas/24-008749-003/2024(H5N1)	384	925
PB1|PP755595.1|A/cattle/Texas/24-008749-003/2024(H5N1)	385	929
PB1|PP755595.1|A/cattle/Texas/24-008749-003/2024(H5N1)	386	929
PB1|PP755595.1|A/cattle/Texas/24-008749-003/2024(H5N1)	387	929
PB1|PP755595.1|A/cattle/Texas/24-008749-003/2024(H5N1)	388	929
PB1|PP755595.1|A/cattle/Texas/24-008749-003/2024(H5N1)	389	929
PB1|PP755595.1|A/cattle/Texas/24-008749-003/2024(H5N1)	390	929
PB1|PP755595.1|A/cattle/Texas/24-008749-003/2024(H5N1)	391	929
PB1|PP755595.1|A/cattle/Texas/24-008749-003/2024(H5N1)	392	929
PB1|PP755595.1|A/cattle/Texas/24-008749-003/2024(H5N1)	393	929
PB1|PP755595.1|A/cattle/Texas/24-008749-003/2024(H5N1)	394	929
PB1|PP755595.1|A/cattle/Texas/24-008749-003/2024(H5N1)	395	926
PB1|PP755595.1|A/cattle/Texas/24-008749-003/2024(H5N1)	396	906
PB1|PP755595.1|A/cattle/Texas/24-008749-003/2024(H5N1)	397	844
PB1|PP755595.1|A/cattle/Texas/24-008749-003/2024(H5N1)	398	844
PB1|PP755595.1|A/cattle/Texas/24-008749-003/2024(H5N1)	399	844
PB1|PP755595.1|A/cattle/Texas/24-008749-003/2024(H5N1)	400	844
PB1|PP755595.1|A/cattle/Texas/24-008749-003/2024(H5N1)	401	825
PB1|PP755595.1|A/cattle/Texas/24-008749-003/2024(H5N1)	402	825
PB1|PP755595.1|A/cattle/Texas/24-008749-003/2024(H5N1)	403	825
PB1|PP755595.1|A/cattle/Texas/24-008749-003/2024(H5N1)	404	825
PB1|PP755595.1|A/cattle/Texas/24-008749-003/2024(H5N1)	405	802
PB1|PP755595.1|A/cattle/Texas/24-008749-003/2024(H5N1)	406	789
PB1|PP755595.1|A/cattle/Texas/24-008749-003/2024(H5N1)	407	765
PB1|PP755595.1|A/cattle/Texas/24-008749-003/2024(H5N1)	408	749
PB1|PP755595.1|A/cattle/Texas/24-008749-003/2024(H5N1)	409	742
PB1|PP755595.1|A/cattle/Texas/24-008749-003/2024(H5N1)	410	721
PB1|PP755595.1|A/cattle/Texas/24-008749-003/2024(H5N1)	411	719
PB1|PP755595.1|A/cattle/Texas/24-008749-003/2024(H5N1)	412	719
PB1|PP755595.1|A/cattle/Texas/24-008749-003/2024(H5N1)	413	719
PB1|PP755595.1|A/cattle/Texas/24-008749-003/2024(H5N1)	414	706
PB1|PP755595.1|A/cattle/Texas/24-008749-003/2024(H5N1)	415	706
PB1|PP755595.1|A/cattle/Texas/24-008749-003/2024(H5N1)	416	706
PB1|PP755595.1|A/cattle/Texas/24-008749-003/2024(H5N1)	417	706
PB1|PP755595.1|A/cattle/Texas/24-008749-003/2024(H5N1)	418	706
PB1|PP755595.1|A/cattle/Texas/24-008749-003/2024(H5N1)	419	706
PB1|PP755595.1|A/cattle/Texas/24-008749-003/2024(H5N1)	420	706
PB1|PP755595.1|A/cattle/Texas/24-008749-003/2024(H5N1)	421	706
PB1|PP755595.1|A/cattle/Texas/24-008749-003/2024(H5N1)	422	706
PB1|PP755595.1|A/cattle/Texas/24-008749-003/2024(H5N1)	423	706
PB1|PP755595.1|A/cattle/Texas/24-008749-003/2024(H5N1)	424	687
PB1|PP755595.1|A/cattle/Texas/24-008749-003/2024(H5N1)	425	684
PB1|PP755595.1|A/cattle/Texas/24-008749-003/2024(H5N1)	426	664
PB1|PP755595.1|A/cattle/Texas/24-008749-003/2024(H5N1)	427	664
PB1|PP755595.1|A/cattle/Texas/24-008749-003/2024(H5N1)	428	664
PB1|PP755595.1|A/cattle/Texas/24-008749-003/2024(H5N1)	429	664
PB1|PP755595.1|A/cattle/Texas/24-008749-003/2024(H5N1)	430	710
PB1|PP755595.1|A/cattle/Texas/24-008749-003/2024(H5N1)	431	710
PB1|PP755595.1|A/cattle/Texas/24-008749-003/2024(H5N1)	432	710
PB1|PP755595.1|A/cattle/Texas/24-008749-003/2024(H5N1)	433	737
PB1|PP755595.1|A/cattle/Texas/24-008749-003/2024(H5N1)	434	964
PB1|PP755595.1|A/cattle/Texas/24-008749-003/2024(H5N1)	435	986
PB1|PP755595.1|A/cattle/Texas/24-008749-003/2024(H5N1)	436	2279
PB1|PP755595.1|A/cattle/Texas/24-008749-003/2024(H5N1)	437	2583
PB1|PP755595.1|A/cattle/Texas/24-008749-003/2024(H5N1)	438	2584
PB1|PP755595.1|A/cattle/Texas/24-008749-003/2024(H5N1)	439	2625
PB1|PP755595.1|A/cattle/Texas/24-008749-003/2024(H5N1)	440	2626
PB1|PP755595.1|A/cattle/Texas/24-008749-003/2024(H5N1)	441	2629
PB1|PP755595.1|A/cattle/Texas/24-008749-003/2024(H5N1)	442	2638
PB1|PP755595.1|A/cattle/Texas/24-008749-003/2024(H5N1)	443	2638
PB1|PP755595.1|A/cattle/Texas/24-008749-003/2024(H5N1)	444	2650
PB1|PP755595.1|A/cattle/Texas/24-008749-003/2024(H5N1)	445	2655
PB1|PP755595.1|A/cattle/Texas/24-008749-003/2024(H5N1)	446	2662
PB1|PP755595.1|A/cattle/Texas/24-008749-003/2024(H5N1)	447	2690
PB1|PP755595.1|A/cattle/Texas/24-008749-003/2024(H5N1)	448	2699
PB1|PP755595.1|A/cattle/Texas/24-008749-003/2024(H5N1)	449	2703
PB1|PP755595.1|A/cattle/Texas/24-008749-003/2024(H5N1)	450	2704
PB1|PP755595.1|A/cattle/Texas/24-008749-003/2024(H5N1)	451	2693
PB1|PP755595.1|A/cattle/Texas/24-008749-003/2024(H5N1)	452	2690
PB1|PP755595.1|A/cattle/Texas/24-008749-003/2024(H5N1)	453	2681
PB1|PP755595.1|A/cattle/Texas/24-008749-003/2024(H5N1)	454	2676
PB1|PP755595.1|A/cattle/Texas/24-008749-003/2024(H5N1)	455	2672
PB1|PP755595.1|A/cattle/Texas/24-008749-003/2024(H5N1)	456	2290
PB1|PP755595.1|A/cattle/Texas/24-008749-003/2024(H5N1)	457	2286
PB1|PP755595.1|A/cattle/Texas/24-008749-003/2024(H5N1)	458	2286
PB1|PP755595.1|A/cattle/Texas/24-008749-003/2024(H5N1)	459	2286
PB1|PP755595.1|A/cattle/Texas/24-008749-003/2024(H5N1)	460	2256
PB1|PP755595.1|A/cattle/Texas/24-008749-003/2024(H5N1)	461	2256
PB1|PP755595.1|A/cattle/Texas/24-008749-003/2024(H5N1)	462	2252
PB1|PP755595.1|A/cattle/Texas/24-008749-003/2024(H5N1)	463	2254
PB1|PP755595.1|A/cattle/Texas/24-008749-003/2024(H5N1)	464	2268
PB1|PP755595.1|A/cattle/Texas/24-008749-003/2024(H5N1)	465	2269
PB1|PP755595.1|A/cattle/Texas/24-008749-003/2024(H5N1)	466	2510
PB1|PP755595.1|A/cattle/Texas/24-008749-003/2024(H5N1)	467	2515
PB1|PP755595.1|A/cattle/Texas/24-008749-003/2024(H5N1)	468	2516
PB1|PP755595.1|A/cattle/Texas/24-008749-003/2024(H5N1)	469	2525
PB1|PP755595.1|A/cattle/Texas/24-008749-003/2024(H5N1)	470	2613
PB1|PP755595.1|A/cattle/Texas/24-008749-003/2024(H5N1)	471	2621
PB1|PP755595.1|A/cattle/Texas/24-008749-003/2024(H5N1)	472	2626
PB1|PP755595.1|A/cattle/Texas/24-008749-003/2024(H5N1)	473	2626
PB1|PP755595.1|A/cattle/Texas/24-008749-003/2024(H5N1)	474	2633
PB1|PP755595.1|A/cattle/Texas/24-008749-003/2024(H5N1)	475	2662
PB1|PP755595.1|A/cattle/Texas/24-008749-003/2024(H5N1)	476	2666
PB1|PP755595.1|A/cattle/Texas/24-008749-003/2024(H5N1)	477	2666
PB1|PP755595.1|A/cattle/Texas/24-008749-003/2024(H5N1)	478	2657
PB1|PP755595.1|A/cattle/Texas/24-008749-003/2024(H5N1)	479	2640
PB1|PP755595.1|A/cattle/Texas/24-008749-003/2024(H5N1)	480	2639
PB1|PP755595.1|A/cattle/Texas/24-008749-003/2024(H5N1)	481	2643
PB1|PP755595.1|A/cattle/Texas/24-008749-003/2024(H5N1)	482	2638
PB1|PP755595.1|A/cattle/Texas/24-008749-003/2024(H5N1)	483	2638
PB1|PP755595.1|A/cattle/Texas/24-008749-003/2024(H5N1)	484	2638
PB1|PP755595.1|A/cattle/Texas/24-008749-003/2024(H5N1)	485	2716
PB1|PP755595.1|A/cattle/Texas/24-008749-003/2024(H5N1)	486	2734
PB1|PP755595.1|A/cattle/Texas/24-008749-003/2024(H5N1)	487	2812
PB1|PP755595.1|A/cattle/Texas/24-008749-003/2024(H5N1)	488	2812
PB1|PP755595.1|A/cattle/Texas/24-008749-003/2024(H5N1)	489	2825
PB1|PP755595.1|A/cattle/Texas/24-008749-003/2024(H5N1)	490	2853
PB1|PP755595.1|A/cattle/Texas/24-008749-003/2024(H5N1)	491	2858
PB1|PP755595.1|A/cattle/Texas/24-008749-003/2024(H5N1)	492	2858
PB1|PP755595.1|A/cattle/Texas/24-008749-003/2024(H5N1)	493	2857
PB1|PP755595.1|A/cattle/Texas/24-008749-003/2024(H5N1)	494	2803
PB1|PP755595.1|A/cattle/Texas/24-008749-003/2024(H5N1)	495	2816
PB1|PP755595.1|A/cattle/Texas/24-008749-003/2024(H5N1)	496	2734
PB1|PP755595.1|A/cattle/Texas/24-008749-003/2024(H5N1)	497	2744
PB1|PP755595.1|A/cattle/Texas/24-008749-003/2024(H5N1)	498	2753
PB1|PP755595.1|A/cattle/Texas/24-008749-003/2024(H5N1)	499	2752
PB1|PP755595.1|A/cattle/Texas/24-008749-003/2024(H5N1)	500	2754
PB1|PP755595.1|A/cattle/Texas/24-008749-003/2024(H5N1)	501	2777
PB1|PP755595.1|A/cattle/Texas/24-008749-003/2024(H5N1)	502	2772
PB1|PP755595.1|A/cattle/Texas/24-008749-003/2024(H5N1)	503	2760
PB1|PP755595.1|A/cattle/Texas/24-008749-003/2024(H5N1)	504	2765
PB1|PP755595.1|A/cattle/Texas/24-008749-003/2024(H5N1)	505	2830
PB1|PP755595.1|A/cattle/Texas/24-008749-003/2024(H5N1)	506	2822
PB1|PP755595.1|A/cattle/Texas/24-008749-003/2024(H5N1)	507	2779
PB1|PP755595.1|A/cattle/Texas/24-008749-003/2024(H5N1)	508	2830
PB1|PP755595.1|A/cattle/Texas/24-008749-003/2024(H5N1)	509	2890
PB1|PP755595.1|A/cattle/Texas/24-008749-003/2024(H5N1)	510	2908
PB1|PP755595.1|A/cattle/Texas/24-008749-003/2024(H5N1)	511	2893
PB1|PP755595.1|A/cattle/Texas/24-008749-003/2024(H5N1)	512	2892
PB1|PP755595.1|A/cattle/Texas/24-008749-003/2024(H5N1)	513	2845
PB1|PP755595.1|A/cattle/Texas/24-008749-003/2024(H5N1)	514	2806
PB1|PP755595.1|A/cattle/Texas/24-008749-003/2024(H5N1)	515	2833
PB1|PP755595.1|A/cattle/Texas/24-008749-003/2024(H5N1)	516	2828
PB1|PP755595.1|A/cattle/Texas/24-008749-003/2024(H5N1)	517	2784
PB1|PP755595.1|A/cattle/Texas/24-008749-003/2024(H5N1)	518	2810
PB1|PP755595.1|A/cattle/Texas/24-008749-003/2024(H5N1)	519	2790
PB1|PP755595.1|A/cattle/Texas/24-008749-003/2024(H5N1)	520	2862
PB1|PP755595.1|A/cattle/Texas/24-008749-003/2024(H5N1)	521	2861
PB1|PP755595.1|A/cattle/Texas/24-008749-003/2024(H5N1)	522	2880
PB1|PP755595.1|A/cattle/Texas/24-008749-003/2024(H5N1)	523	2899
PB1|PP755595.1|A/cattle/Texas/24-008749-003/2024(H5N1)	524	2876
PB1|PP755595.1|A/cattle/Texas/24-008749-003/2024(H5N1)	525	2895
PB1|PP755595.1|A/cattle/Texas/24-008749-003/2024(H5N1)	526	2903
PB1|PP755595.1|A/cattle/Texas/24-008749-003/2024(H5N1)	527	2888
PB1|PP755595.1|A/cattle/Texas/24-008749-003/2024(H5N1)	528	2885
PB1|PP755595.1|A/cattle/Texas/24-008749-003/2024(H5N1)	529	2893
PB1|PP755595.1|A/cattle/Texas/24-008749-003/2024(H5N1)	530	3009
PB1|PP755595.1|A/cattle/Texas/24-008749-003/2024(H5N1)	531	2980
PB1|PP755595.1|A/cattle/Texas/24-008749-003/2024(H5N1)	532	2962
PB1|PP755595.1|A/cattle/Texas/24-008749-003/2024(H5N1)	533	2930
PB1|PP755595.1|A/cattle/Texas/24-008749-003/2024(H5N1)	534	2919
PB1|PP755595.1|A/cattle/Texas/24-008749-003/2024(H5N1)	535	2928
PB1|PP755595.1|A/cattle/Texas/24-008749-003/2024(H5N1)	536	2926
PB1|PP755595.1|A/cattle/Texas/24-008749-003/2024(H5N1)	537	2922
PB1|PP755595.1|A/cattle/Texas/24-008749-003/2024(H5N1)	538	2908
PB1|PP755595.1|A/cattle/Texas/24-008749-003/2024(H5N1)	539	2924
PB1|PP755595.1|A/cattle/Texas/24-008749-003/2024(H5N1)	540	2917
PB1|PP755595.1|A/cattle/Texas/24-008749-003/2024(H5N1)	541	2924
PB1|PP755595.1|A/cattle/Texas/24-008749-003/2024(H5N1)	542	2982
PB1|PP755595.1|A/cattle/Texas/24-008749-003/2024(H5N1)	543	2976
PB1|PP755595.1|A/cattle/Texas/24-008749-003/2024(H5N1)	544	2979
PB1|PP755595.1|A/cattle/Texas/24-008749-003/2024(H5N1)	545	2977
PB1|PP755595.1|A/cattle/Texas/24-008749-003/2024(H5N1)	546	2964
PB1|PP755595.1|A/cattle/Texas/24-008749-003/2024(H5N1)	547	2967
PB1|PP755595.1|A/cattle/Texas/24-008749-003/2024(H5N1)	548	2959
PB1|PP755595.1|A/cattle/Texas/24-008749-003/2024(H5N1)	549	2958
PB1|PP755595.1|A/cattle/Texas/24-008749-003/2024(H5N1)	550	2947
PB1|PP755595.1|A/cattle/Texas/24-008749-003/2024(H5N1)	551	2888
PB1|PP755595.1|A/cattle/Texas/24-008749-003/2024(H5N1)	552	2895
PB1|PP755595.1|A/cattle/Texas/24-008749-003/2024(H5N1)	553	2895
PB1|PP755595.1|A/cattle/Texas/24-008749-003/2024(H5N1)	554	2894
PB1|PP755595.1|A/cattle/Texas/24-008749-003/2024(H5N1)	555	2863
PB1|PP755595.1|A/cattle/Texas/24-008749-003/2024(H5N1)	556	2861
PB1|PP755595.1|A/cattle/Texas/24-008749-003/2024(H5N1)	557	2855
PB1|PP755595.1|A/cattle/Texas/24-008749-003/2024(H5N1)	558	2662
PB1|PP755595.1|A/cattle/Texas/24-008749-003/2024(H5N1)	559	2659
PB1|PP755595.1|A/cattle/Texas/24-008749-003/2024(H5N1)	560	2658
PB1|PP755595.1|A/cattle/Texas/24-008749-003/2024(H5N1)	561	2646
PB1|PP755595.1|A/cattle/Texas/24-008749-003/2024(H5N1)	562	2684
PB1|PP755595.1|A/cattle/Texas/24-008749-003/2024(H5N1)	563	2691
PB1|PP755595.1|A/cattle/Texas/24-008749-003/2024(H5N1)	564	2706
PB1|PP755595.1|A/cattle/Texas/24-008749-003/2024(H5N1)	565	2754
PB1|PP755595.1|A/cattle/Texas/24-008749-003/2024(H5N1)	566	2759
PB1|PP755595.1|A/cattle/Texas/24-008749-003/2024(H5N1)	567	2769
PB1|PP755595.1|A/cattle/Texas/24-008749-003/2024(H5N1)	568	2769
PB1|PP755595.1|A/cattle/Texas/24-008749-003/2024(H5N1)	569	2869
PB1|PP755595.1|A/cattle/Texas/24-008749-003/2024(H5N1)	570	2819
PB1|PP755595.1|A/cattle/Texas/24-008749-003/2024(H5N1)	571	2874
PB1|PP755595.1|A/cattle/Texas/24-008749-003/2024(H5N1)	572	2863
PB1|PP755595.1|A/cattle/Texas/24-008749-003/2024(H5N1)	573	2850
PB1|PP755595.1|A/cattle/Texas/24-008749-003/2024(H5N1)	574	2853
PB1|PP755595.1|A/cattle/Texas/24-008749-003/2024(H5N1)	575	2846
PB1|PP755595.1|A/cattle/Texas/24-008749-003/2024(H5N1)	576	2913
PB1|PP755595.1|A/cattle/Texas/24-008749-003/2024(H5N1)	577	2953
PB1|PP755595.1|A/cattle/Texas/24-008749-003/2024(H5N1)	578	2958
PB1|PP755595.1|A/cattle/Texas/24-008749-003/2024(H5N1)	579	2908
PB1|PP755595.1|A/cattle/Texas/24-008749-003/2024(H5N1)	580	2887
PB1|PP755595.1|A/cattle/Texas/24-008749-003/2024(H5N1)	581	2904
PB1|PP755595.1|A/cattle/Texas/24-008749-003/2024(H5N1)	582	2901
PB1|PP755595.1|A/cattle/Texas/24-008749-003/2024(H5N1)	583	2896
PB1|PP755595.1|A/cattle/Texas/24-008749-003/2024(H5N1)	584	2872
PB1|PP755595.1|A/cattle/Texas/24-008749-003/2024(H5N1)	585	2671
PB1|PP755595.1|A/cattle/Texas/24-008749-003/2024(H5N1)	586	2738
PB1|PP755595.1|A/cattle/Texas/24-008749-003/2024(H5N1)	587	2595
PB1|PP755595.1|A/cattle/Texas/24-008749-003/2024(H5N1)	588	2469
PB1|PP755595.1|A/cattle/Texas/24-008749-003/2024(H5N1)	589	2470
PB1|PP755595.1|A/cattle/Texas/24-008749-003/2024(H5N1)	590	2440
PB1|PP755595.1|A/cattle/Texas/24-008749-003/2024(H5N1)	591	2444
PB1|PP755595.1|A/cattle/Texas/24-008749-003/2024(H5N1)	592	2480
PB1|PP755595.1|A/cattle/Texas/24-008749-003/2024(H5N1)	593	2471
PB1|PP755595.1|A/cattle/Texas/24-008749-003/2024(H5N1)	594	2496
PB1|PP755595.1|A/cattle/Texas/24-008749-003/2024(H5N1)	595	2484
PB1|PP755595.1|A/cattle/Texas/24-008749-003/2024(H5N1)	596	2481
PB1|PP755595.1|A/cattle/Texas/24-008749-003/2024(H5N1)	597	2480
PB1|PP755595.1|A/cattle/Texas/24-008749-003/2024(H5N1)	598	2457
PB1|PP755595.1|A/cattle/Texas/24-008749-003/2024(H5N1)	599	2446
PB1|PP755595.1|A/cattle/Texas/24-008749-003/2024(H5N1)	600	2434
PB1|PP755595.1|A/cattle/Texas/24-008749-003/2024(H5N1)	601	2434
PB1|PP755595.1|A/cattle/Texas/24-008749-003/2024(H5N1)	602	2389
PB1|PP755595.1|A/cattle/Texas/24-008749-003/2024(H5N1)	603	2383
PB1|PP755595.1|A/cattle/Texas/24-008749-003/2024(H5N1)	604	2380
PB1|PP755595.1|A/cattle/Texas/24-008749-003/2024(H5N1)	605	2365
PB1|PP755595.1|A/cattle/Texas/24-008749-003/2024(H5N1)	606	2360
PB1|PP755595.1|A/cattle/Texas/24-008749-003/2024(H5N1)	607	2073
PB1|PP755595.1|A/cattle/Texas/24-008749-003/2024(H5N1)	608	2072
PB1|PP755595.1|A/cattle/Texas/24-008749-003/2024(H5N1)	609	2072
PB1|PP755595.1|A/cattle/Texas/24-008749-003/2024(H5N1)	610	2072
PB1|PP755595.1|A/cattle/Texas/24-008749-003/2024(H5N1)	611	2071
PB1|PP755595.1|A/cattle/Texas/24-008749-003/2024(H5N1)	612	2070
PB1|PP755595.1|A/cattle/Texas/24-008749-003/2024(H5N1)	613	2470
PB1|PP755595.1|A/cattle/Texas/24-008749-003/2024(H5N1)	614	2471
PB1|PP755595.1|A/cattle/Texas/24-008749-003/2024(H5N1)	615	2474
PB1|PP755595.1|A/cattle/Texas/24-008749-003/2024(H5N1)	616	2474
PB1|PP755595.1|A/cattle/Texas/24-008749-003/2024(H5N1)	617	2474
PB1|PP755595.1|A/cattle/Texas/24-008749-003/2024(H5N1)	618	2468
PB1|PP755595.1|A/cattle/Texas/24-008749-003/2024(H5N1)	619	2464
PB1|PP755595.1|A/cattle/Texas/24-008749-003/2024(H5N1)	620	2430
PB1|PP755595.1|A/cattle/Texas/24-008749-003/2024(H5N1)	621	2452
PB1|PP755595.1|A/cattle/Texas/24-008749-003/2024(H5N1)	622	2477
PB1|PP755595.1|A/cattle/Texas/24-008749-003/2024(H5N1)	623	2477
PB1|PP755595.1|A/cattle/Texas/24-008749-003/2024(H5N1)	624	2480
PB1|PP755595.1|A/cattle/Texas/24-008749-003/2024(H5N1)	625	2475
PB1|PP755595.1|A/cattle/Texas/24-008749-003/2024(H5N1)	626	2457
PB1|PP755595.1|A/cattle/Texas/24-008749-003/2024(H5N1)	627	2454
PB1|PP755595.1|A/cattle/Texas/24-008749-003/2024(H5N1)	628	2446
PB1|PP755595.1|A/cattle/Texas/24-008749-003/2024(H5N1)	629	2428
PB1|PP755595.1|A/cattle/Texas/24-008749-003/2024(H5N1)	630	2424
PB1|PP755595.1|A/cattle/Texas/24-008749-003/2024(H5N1)	631	2413
PB1|PP755595.1|A/cattle/Texas/24-008749-003/2024(H5N1)	632	2411
PB1|PP755595.1|A/cattle/Texas/24-008749-003/2024(H5N1)	633	2331
PB1|PP755595.1|A/cattle/Texas/24-008749-003/2024(H5N1)	634	2266
PB1|PP755595.1|A/cattle/Texas/24-008749-003/2024(H5N1)	635	2266
PB1|PP755595.1|A/cattle/Texas/24-008749-003/2024(H5N1)	636	2266
PB1|PP755595.1|A/cattle/Texas/24-008749-003/2024(H5N1)	637	2266
PB1|PP755595.1|A/cattle/Texas/24-008749-003/2024(H5N1)	638	2267
PB1|PP755595.1|A/cattle/Texas/24-008749-003/2024(H5N1)	639	2265
PB1|PP755595.1|A/cattle/Texas/24-008749-003/2024(H5N1)	640	2256
PB1|PP755595.1|A/cattle/Texas/24-008749-003/2024(H5N1)	641	2219
PB1|PP755595.1|A/cattle/Texas/24-008749-003/2024(H5N1)	642	2218
PB1|PP755595.1|A/cattle/Texas/24-008749-003/2024(H5N1)	643	2218
PB1|PP755595.1|A/cattle/Texas/24-008749-003/2024(H5N1)	644	2214
PB1|PP755595.1|A/cattle/Texas/24-008749-003/2024(H5N1)	645	2187
PB1|PP755595.1|A/cattle/Texas/24-008749-003/2024(H5N1)	646	2165
PB1|PP755595.1|A/cattle/Texas/24-008749-003/2024(H5N1)	647	2165
PB1|PP755595.1|A/cattle/Texas/24-008749-003/2024(H5N1)	648	2113
PB1|PP755595.1|A/cattle/Texas/24-008749-003/2024(H5N1)	649	2110
PB1|PP755595.1|A/cattle/Texas/24-008749-003/2024(H5N1)	650	2108
PB1|PP755595.1|A/cattle/Texas/24-008749-003/2024(H5N1)	651	1801
PB1|PP755595.1|A/cattle/Texas/24-008749-003/2024(H5N1)	652	1800
PB1|PP755595.1|A/cattle/Texas/24-008749-003/2024(H5N1)	653	1801
PB1|PP755595.1|A/cattle/Texas/24-008749-003/2024(H5N1)	654	1801
PB1|PP755595.1|A/cattle/Texas/24-008749-003/2024(H5N1)	655	2164
PB1|PP755595.1|A/cattle/Texas/24-008749-003/2024(H5N1)	656	2173
PB1|PP755595.1|A/cattle/Texas/24-008749-003/2024(H5N1)	657	2178
PB1|PP755595.1|A/cattle/Texas/24-008749-003/2024(H5N1)	658	2178
PB1|PP755595.1|A/cattle/Texas/24-008749-003/2024(H5N1)	659	2187
PB1|PP755595.1|A/cattle/Texas/24-008749-003/2024(H5N1)	660	2187
PB1|PP755595.1|A/cattle/Texas/24-008749-003/2024(H5N1)	661	2186
PB1|PP755595.1|A/cattle/Texas/24-008749-003/2024(H5N1)	662	2184
PB1|PP755595.1|A/cattle/Texas/24-008749-003/2024(H5N1)	663	2181
PB1|PP755595.1|A/cattle/Texas/24-008749-003/2024(H5N1)	664	2134
PB1|PP755595.1|A/cattle/Texas/24-008749-003/2024(H5N1)	665	2279
PB1|PP755595.1|A/cattle/Texas/24-008749-003/2024(H5N1)	666	2279
PB1|PP755595.1|A/cattle/Texas/24-008749-003/2024(H5N1)	667	2316
PB1|PP755595.1|A/cattle/Texas/24-008749-003/2024(H5N1)	668	2305
PB1|PP755595.1|A/cattle/Texas/24-008749-003/2024(H5N1)	669	2306
PB1|PP755595.1|A/cattle/Texas/24-008749-003/2024(H5N1)	670	2274
PB1|PP755595.1|A/cattle/Texas/24-008749-003/2024(H5N1)	671	2204
PB1|PP755595.1|A/cattle/Texas/24-008749-003/2024(H5N1)	672	2208
PB1|PP755595.1|A/cattle/Texas/24-008749-003/2024(H5N1)	673	2184
PB1|PP755595.1|A/cattle/Texas/24-008749-003/2024(H5N1)	674	2182
PB1|PP755595.1|A/cattle/Texas/24-008749-003/2024(H5N1)	675	2178
PB1|PP755595.1|A/cattle/Texas/24-008749-003/2024(H5N1)	676	2294
PB1|PP755595.1|A/cattle/Texas/24-008749-003/2024(H5N1)	677	2301
PB1|PP755595.1|A/cattle/Texas/24-008749-003/2024(H5N1)	678	2266
PB1|PP755595.1|A/cattle/Texas/24-008749-003/2024(H5N1)	679	2269
PB1|PP755595.1|A/cattle/Texas/24-008749-003/2024(H5N1)	680	2265
PB1|PP755595.1|A/cattle/Texas/24-008749-003/2024(H5N1)	681	2147
PB1|PP755595.1|A/cattle/Texas/24-008749-003/2024(H5N1)	682	2153
PB1|PP755595.1|A/cattle/Texas/24-008749-003/2024(H5N1)	683	2149
PB1|PP755595.1|A/cattle/Texas/24-008749-003/2024(H5N1)	684	2141
PB1|PP755595.1|A/cattle/Texas/24-008749-003/2024(H5N1)	685	2140
PB1|PP755595.1|A/cattle/Texas/24-008749-003/2024(H5N1)	686	2132
PB1|PP755595.1|A/cattle/Texas/24-008749-003/2024(H5N1)	687	2130
PB1|PP755595.1|A/cattle/Texas/24-008749-003/2024(H5N1)	688	2116
PB1|PP755595.1|A/cattle/Texas/24-008749-003/2024(H5N1)	689	2110
PB1|PP755595.1|A/cattle/Texas/24-008749-003/2024(H5N1)	690	2090
PB1|PP755595.1|A/cattle/Texas/24-008749-003/2024(H5N1)	691	2090
PB1|PP755595.1|A/cattle/Texas/24-008749-003/2024(H5N1)	692	2028
PB1|PP755595.1|A/cattle/Texas/24-008749-003/2024(H5N1)	693	2025
PB1|PP755595.1|A/cattle/Texas/24-008749-003/2024(H5N1)	694	2132
PB1|PP755595.1|A/cattle/Texas/24-008749-003/2024(H5N1)	695	2158
PB1|PP755595.1|A/cattle/Texas/24-008749-003/2024(H5N1)	696	2158
PB1|PP755595.1|A/cattle/Texas/24-008749-003/2024(H5N1)	697	2153
PB1|PP755595.1|A/cattle/Texas/24-008749-003/2024(H5N1)	698	2148
PB1|PP755595.1|A/cattle/Texas/24-008749-003/2024(H5N1)	699	2136
PB1|PP755595.1|A/cattle/Texas/24-008749-003/2024(H5N1)	700	2137
PB1|PP755595.1|A/cattle/Texas/24-008749-003/2024(H5N1)	701	2133
PB1|PP755595.1|A/cattle/Texas/24-008749-003/2024(H5N1)	702	2123
PB1|PP755595.1|A/cattle/Texas/24-008749-003/2024(H5N1)	703	2110
PB1|PP755595.1|A/cattle/Texas/24-008749-003/2024(H5N1)	704	2109
PB1|PP755595.1|A/cattle/Texas/24-008749-003/2024(H5N1)	705	2105
PB1|PP755595.1|A/cattle/Texas/24-008749-003/2024(H5N1)	706	2100
PB1|PP755595.1|A/cattle/Texas/24-008749-003/2024(H5N1)	707	2096
PB1|PP755595.1|A/cattle/Texas/24-008749-003/2024(H5N1)	708	2089
PB1|PP755595.1|A/cattle/Texas/24-008749-003/2024(H5N1)	709	2075
PB1|PP755595.1|A/cattle/Texas/24-008749-003/2024(H5N1)	710	2073
PB1|PP755595.1|A/cattle/Texas/24-008749-003/2024(H5N1)	711	2070
PB1|PP755595.1|A/cattle/Texas/24-008749-003/2024(H5N1)	712	2041
PB1|PP755595.1|A/cattle/Texas/24-008749-003/2024(H5N1)	713	2034
PB1|PP755595.1|A/cattle/Texas/24-008749-003/2024(H5N1)	714	2013
PB1|PP755595.1|A/cattle/Texas/24-008749-003/2024(H5N1)	715	1890
PB1|PP755595.1|A/cattle/Texas/24-008749-003/2024(H5N1)	716	1891
PB1|PP755595.1|A/cattle/Texas/24-008749-003/2024(H5N1)	717	1877
PB1|PP755595.1|A/cattle/Texas/24-008749-003/2024(H5N1)	718	1980
PB1|PP755595.1|A/cattle/Texas/24-008749-003/2024(H5N1)	719	1992
PB1|PP755595.1|A/cattle/Texas/24-008749-003/2024(H5N1)	720	1993
PB1|PP755595.1|A/cattle/Texas/24-008749-003/2024(H5N1)	721	1994
PB1|PP755595.1|A/cattle/Texas/24-008749-003/2024(H5N1)	722	1949
PB1|PP755595.1|A/cattle/Texas/24-008749-003/2024(H5N1)	723	1951
PB1|PP755595.1|A/cattle/Texas/24-008749-003/2024(H5N1)	724	1952
PB1|PP755595.1|A/cattle/Texas/24-008749-003/2024(H5N1)	725	1894
PB1|PP755595.1|A/cattle/Texas/24-008749-003/2024(H5N1)	726	1892
PB1|PP755595.1|A/cattle/Texas/24-008749-003/2024(H5N1)	727	1842
PB1|PP755595.1|A/cattle/Texas/24-008749-003/2024(H5N1)	728	1840
PB1|PP755595.1|A/cattle/Texas/24-008749-003/2024(H5N1)	729	1834
PB1|PP755595.1|A/cattle/Texas/24-008749-003/2024(H5N1)	730	1805
PB1|PP755595.1|A/cattle/Texas/24-008749-003/2024(H5N1)	731	1770
PB1|PP755595.1|A/cattle/Texas/24-008749-003/2024(H5N1)	732	1181
PB1|PP755595.1|A/cattle/Texas/24-008749-003/2024(H5N1)	733	1183
PB1|PP755595.1|A/cattle/Texas/24-008749-003/2024(H5N1)	734	1181
PB1|PP755595.1|A/cattle/Texas/24-008749-003/2024(H5N1)	735	1180
PB1|PP755595.1|A/cattle/Texas/24-008749-003/2024(H5N1)	736	1180
PB1|PP755595.1|A/cattle/Texas/24-008749-003/2024(H5N1)	737	1179
PB1|PP755595.1|A/cattle/Texas/24-008749-003/2024(H5N1)	738	1174
PB1|PP755595.1|A/cattle/Texas/24-008749-003/2024(H5N1)	739	1171
PB1|PP755595.1|A/cattle/Texas/24-008749-003/2024(H5N1)	740	1171
PB1|PP755595.1|A/cattle/Texas/24-008749-003/2024(H5N1)	741	1171
PB1|PP755595.1|A/cattle/Texas/24-008749-003/2024(H5N1)	742	1171
PB1|PP755595.1|A/cattle/Texas/24-008749-003/2024(H5N1)	743	1171
PB1|PP755595.1|A/cattle/Texas/24-008749-003/2024(H5N1)	744	1171
PB1|PP755595.1|A/cattle/Texas/24-008749-003/2024(H5N1)	745	1515
PB1|PP755595.1|A/cattle/Texas/24-008749-003/2024(H5N1)	746	1515
PB1|PP755595.1|A/cattle/Texas/24-008749-003/2024(H5N1)	747	1515
PB1|PP755595.1|A/cattle/Texas/24-008749-003/2024(H5N1)	748	1515
PB1|PP755595.1|A/cattle/Texas/24-008749-003/2024(H5N1)	749	1517
PB1|PP755595.1|A/cattle/Texas/24-008749-003/2024(H5N1)	750	1517
PB1|PP755595.1|A/cattle/Texas/24-008749-003/2024(H5N1)	751	1712
PB1|PP755595.1|A/cattle/Texas/24-008749-003/2024(H5N1)	752	1712
PB1|PP755595.1|A/cattle/Texas/24-008749-003/2024(H5N1)	753	1712
PB1|PP755595.1|A/cattle/Texas/24-008749-003/2024(H5N1)	754	1713
PB1|PP755595.1|A/cattle/Texas/24-008749-003/2024(H5N1)	755	1713
PB1|PP755595.1|A/cattle/Texas/24-008749-003/2024(H5N1)	756	1713
PB1|PP755595.1|A/cattle/Texas/24-008749-003/2024(H5N1)	757	1762
PB1|PP755595.1|A/cattle/Texas/24-008749-003/2024(H5N1)	758	1767
PB1|PP755595.1|A/cattle/Texas/24-008749-003/2024(H5N1)	759	1771
PB1|PP755595.1|A/cattle/Texas/24-008749-003/2024(H5N1)	760	1771
PB1|PP755595.1|A/cattle/Texas/24-008749-003/2024(H5N1)	761	1771
PB1|PP755595.1|A/cattle/Texas/24-008749-003/2024(H5N1)	762	1771
PB1|PP755595.1|A/cattle/Texas/24-008749-003/2024(H5N1)	763	1766
PB1|PP755595.1|A/cattle/Texas/24-008749-003/2024(H5N1)	764	1760
PB1|PP755595.1|A/cattle/Texas/24-008749-003/2024(H5N1)	765	1739
PB1|PP755595.1|A/cattle/Texas/24-008749-003/2024(H5N1)	766	1739
PB1|PP755595.1|A/cattle/Texas/24-008749-003/2024(H5N1)	767	1739
PB1|PP755595.1|A/cattle/Texas/24-008749-003/2024(H5N1)	768	1739
PB1|PP755595.1|A/cattle/Texas/24-008749-003/2024(H5N1)	769	1739
PB1|PP755595.1|A/cattle/Texas/24-008749-003/2024(H5N1)	770	1738
PB1|PP755595.1|A/cattle/Texas/24-008749-003/2024(H5N1)	771	1738
PB1|PP755595.1|A/cattle/Texas/24-008749-003/2024(H5N1)	772	1650
PB1|PP755595.1|A/cattle/Texas/24-008749-003/2024(H5N1)	773	1650
PB1|PP755595.1|A/cattle/Texas/24-008749-003/2024(H5N1)	774	1651
PB1|PP755595.1|A/cattle/Texas/24-008749-003/2024(H5N1)	775	1859
PB1|PP755595.1|A/cattle/Texas/24-008749-003/2024(H5N1)	776	1872
PB1|PP755595.1|A/cattle/Texas/24-008749-003/2024(H5N1)	777	1884
PB1|PP755595.1|A/cattle/Texas/24-008749-003/2024(H5N1)	778	1888
PB1|PP755595.1|A/cattle/Texas/24-008749-003/2024(H5N1)	779	1896
PB1|PP755595.1|A/cattle/Texas/24-008749-003/2024(H5N1)	780	1926
PB1|PP755595.1|A/cattle/Texas/24-008749-003/2024(H5N1)	781	1926
PB1|PP755595.1|A/cattle/Texas/24-008749-003/2024(H5N1)	782	1926
PB1|PP755595.1|A/cattle/Texas/24-008749-003/2024(H5N1)	783	1825
PB1|PP755595.1|A/cattle/Texas/24-008749-003/2024(H5N1)	784	1823
PB1|PP755595.1|A/cattle/Texas/24-008749-003/2024(H5N1)	785	1813
PB1|PP755595.1|A/cattle/Texas/24-008749-003/2024(H5N1)	786	1741
PB1|PP755595.1|A/cattle/Texas/24-008749-003/2024(H5N1)	787	1770
PB1|PP755595.1|A/cattle/Texas/24-008749-003/2024(H5N1)	788	1770
PB1|PP755595.1|A/cattle/Texas/24-008749-003/2024(H5N1)	789	1769
PB1|PP755595.1|A/cattle/Texas/24-008749-003/2024(H5N1)	790	1769
PB1|PP755595.1|A/cattle/Texas/24-008749-003/2024(H5N1)	791	1769
PB1|PP755595.1|A/cattle/Texas/24-008749-003/2024(H5N1)	792	1720
PB1|PP755595.1|A/cattle/Texas/24-008749-003/2024(H5N1)	793	1761
PB1|PP755595.1|A/cattle/Texas/24-008749-003/2024(H5N1)	794	1770
PB1|PP755595.1|A/cattle/Texas/24-008749-003/2024(H5N1)	795	1770
PB1|PP755595.1|A/cattle/Texas/24-008749-003/2024(H5N1)	796	1775
PB1|PP755595.1|A/cattle/Texas/24-008749-003/2024(H5N1)	797	1775
PB1|PP755595.1|A/cattle/Texas/24-008749-003/2024(H5N1)	798	1763
PB1|PP755595.1|A/cattle/Texas/24-008749-003/2024(H5N1)	799	1762
PB1|PP755595.1|A/cattle/Texas/24-008749-003/2024(H5N1)	800	1759
PB1|PP755595.1|A/cattle/Texas/24-008749-003/2024(H5N1)	801	1705
PB1|PP755595.1|A/cattle/Texas/24-008749-003/2024(H5N1)	802	1716
PB1|PP755595.1|A/cattle/Texas/24-008749-003/2024(H5N1)	803	1765
PB1|PP755595.1|A/cattle/Texas/24-008749-003/2024(H5N1)	804	1778
PB1|PP755595.1|A/cattle/Texas/24-008749-003/2024(H5N1)	805	1784
PB1|PP755595.1|A/cattle/Texas/24-008749-003/2024(H5N1)	806	1789
PB1|PP755595.1|A/cattle/Texas/24-008749-003/2024(H5N1)	807	1788
PB1|PP755595.1|A/cattle/Texas/24-008749-003/2024(H5N1)	808	1803
PB1|PP755595.1|A/cattle/Texas/24-008749-003/2024(H5N1)	809	1803
PB1|PP755595.1|A/cattle/Texas/24-008749-003/2024(H5N1)	810	1800
PB1|PP755595.1|A/cattle/Texas/24-008749-003/2024(H5N1)	811	1765
PB1|PP755595.1|A/cattle/Texas/24-008749-003/2024(H5N1)	812	1697
PB1|PP755595.1|A/cattle/Texas/24-008749-003/2024(H5N1)	813	1674
PB1|PP755595.1|A/cattle/Texas/24-008749-003/2024(H5N1)	814	1661
PB1|PP755595.1|A/cattle/Texas/24-008749-003/2024(H5N1)	815	1732
PB1|PP755595.1|A/cattle/Texas/24-008749-003/2024(H5N1)	816	1668
PB1|PP755595.1|A/cattle/Texas/24-008749-003/2024(H5N1)	817	1729
PB1|PP755595.1|A/cattle/Texas/24-008749-003/2024(H5N1)	818	1730
PB1|PP755595.1|A/cattle/Texas/24-008749-003/2024(H5N1)	819	1736
PB1|PP755595.1|A/cattle/Texas/24-008749-003/2024(H5N1)	820	1739
PB1|PP755595.1|A/cattle/Texas/24-008749-003/2024(H5N1)	821	1811
PB1|PP755595.1|A/cattle/Texas/24-008749-003/2024(H5N1)	822	1777
PB1|PP755595.1|A/cattle/Texas/24-008749-003/2024(H5N1)	823	1728
PB1|PP755595.1|A/cattle/Texas/24-008749-003/2024(H5N1)	824	1768
PB1|PP755595.1|A/cattle/Texas/24-008749-003/2024(H5N1)	825	1749
PB1|PP755595.1|A/cattle/Texas/24-008749-003/2024(H5N1)	826	1786
PB1|PP755595.1|A/cattle/Texas/24-008749-003/2024(H5N1)	827	1810
PB1|PP755595.1|A/cattle/Texas/24-008749-003/2024(H5N1)	828	1813
PB1|PP755595.1|A/cattle/Texas/24-008749-003/2024(H5N1)	829	1818
PB1|PP755595.1|A/cattle/Texas/24-008749-003/2024(H5N1)	830	1821
PB1|PP755595.1|A/cattle/Texas/24-008749-003/2024(H5N1)	831	1778
PB1|PP755595.1|A/cattle/Texas/24-008749-003/2024(H5N1)	832	1862
PB1|PP755595.1|A/cattle/Texas/24-008749-003/2024(H5N1)	833	1862
PB1|PP755595.1|A/cattle/Texas/24-008749-003/2024(H5N1)	834	1862
PB1|PP755595.1|A/cattle/Texas/24-008749-003/2024(H5N1)	835	1889
PB1|PP755595.1|A/cattle/Texas/24-008749-003/2024(H5N1)	836	1900
PB1|PP755595.1|A/cattle/Texas/24-008749-003/2024(H5N1)	837	1897
PB1|PP755595.1|A/cattle/Texas/24-008749-003/2024(H5N1)	838	1892
PB1|PP755595.1|A/cattle/Texas/24-008749-003/2024(H5N1)	839	1875
PB1|PP755595.1|A/cattle/Texas/24-008749-003/2024(H5N1)	840	1723
PB1|PP755595.1|A/cattle/Texas/24-008749-003/2024(H5N1)	841	1736
PB1|PP755595.1|A/cattle/Texas/24-008749-003/2024(H5N1)	842	1736
PB1|PP755595.1|A/cattle/Texas/24-008749-003/2024(H5N1)	843	1736
PB1|PP755595.1|A/cattle/Texas/24-008749-003/2024(H5N1)	844	1736
PB1|PP755595.1|A/cattle/Texas/24-008749-003/2024(H5N1)	845	1740
PB1|PP755595.1|A/cattle/Texas/24-008749-003/2024(H5N1)	846	1778
PB1|PP755595.1|A/cattle/Texas/24-008749-003/2024(H5N1)	847	1943
PB1|PP755595.1|A/cattle/Texas/24-008749-003/2024(H5N1)	848	1945
PB1|PP755595.1|A/cattle/Texas/24-008749-003/2024(H5N1)	849	1955
PB1|PP755595.1|A/cattle/Texas/24-008749-003/2024(H5N1)	850	1955
PB1|PP755595.1|A/cattle/Texas/24-008749-003/2024(H5N1)	851	1956
PB1|PP755595.1|A/cattle/Texas/24-008749-003/2024(H5N1)	852	1957
PB1|PP755595.1|A/cattle/Texas/24-008749-003/2024(H5N1)	853	1963
PB1|PP755595.1|A/cattle/Texas/24-008749-003/2024(H5N1)	854	2099
PB1|PP755595.1|A/cattle/Texas/24-008749-003/2024(H5N1)	855	2099
PB1|PP755595.1|A/cattle/Texas/24-008749-003/2024(H5N1)	856	2101
PB1|PP755595.1|A/cattle/Texas/24-008749-003/2024(H5N1)	857	2104
PB1|PP755595.1|A/cattle/Texas/24-008749-003/2024(H5N1)	858	2109
PB1|PP755595.1|A/cattle/Texas/24-008749-003/2024(H5N1)	859	2114
PB1|PP755595.1|A/cattle/Texas/24-008749-003/2024(H5N1)	860	2124
PB1|PP755595.1|A/cattle/Texas/24-008749-003/2024(H5N1)	861	2136
PB1|PP755595.1|A/cattle/Texas/24-008749-003/2024(H5N1)	862	2134
PB1|PP755595.1|A/cattle/Texas/24-008749-003/2024(H5N1)	863	2144
PB1|PP755595.1|A/cattle/Texas/24-008749-003/2024(H5N1)	864	2198
PB1|PP755595.1|A/cattle/Texas/24-008749-003/2024(H5N1)	865	2206
PB1|PP755595.1|A/cattle/Texas/24-008749-003/2024(H5N1)	866	2234
PB1|PP755595.1|A/cattle/Texas/24-008749-003/2024(H5N1)	867	2234
PB1|PP755595.1|A/cattle/Texas/24-008749-003/2024(H5N1)	868	2237
PB1|PP755595.1|A/cattle/Texas/24-008749-003/2024(H5N1)	869	2247
PB1|PP755595.1|A/cattle/Texas/24-008749-003/2024(H5N1)	870	2279
PB1|PP755595.1|A/cattle/Texas/24-008749-003/2024(H5N1)	871	2348
PB1|PP755595.1|A/cattle/Texas/24-008749-003/2024(H5N1)	872	2333
PB1|PP755595.1|A/cattle/Texas/24-008749-003/2024(H5N1)	873	2330
PB1|PP755595.1|A/cattle/Texas/24-008749-003/2024(H5N1)	874	2329
PB1|PP755595.1|A/cattle/Texas/24-008749-003/2024(H5N1)	875	2329
PB1|PP755595.1|A/cattle/Texas/24-008749-003/2024(H5N1)	876	2173
PB1|PP755595.1|A/cattle/Texas/24-008749-003/2024(H5N1)	877	2232
PB1|PP755595.1|A/cattle/Texas/24-008749-003/2024(H5N1)	878	2257
PB1|PP755595.1|A/cattle/Texas/24-008749-003/2024(H5N1)	879	2383
PB1|PP755595.1|A/cattle/Texas/24-008749-003/2024(H5N1)	880	2586
PB1|PP755595.1|A/cattle/Texas/24-008749-003/2024(H5N1)	881	2590
PB1|PP755595.1|A/cattle/Texas/24-008749-003/2024(H5N1)	882	2604
PB1|PP755595.1|A/cattle/Texas/24-008749-003/2024(H5N1)	883	2615
PB1|PP755595.1|A/cattle/Texas/24-008749-003/2024(H5N1)	884	2836
PB1|PP755595.1|A/cattle/Texas/24-008749-003/2024(H5N1)	885	2836
PB1|PP755595.1|A/cattle/Texas/24-008749-003/2024(H5N1)	886	2856
PB1|PP755595.1|A/cattle/Texas/24-008749-003/2024(H5N1)	887	2861
PB1|PP755595.1|A/cattle/Texas/24-008749-003/2024(H5N1)	888	2861
PB1|PP755595.1|A/cattle/Texas/24-008749-003/2024(H5N1)	889	3007
PB1|PP755595.1|A/cattle/Texas/24-008749-003/2024(H5N1)	890	3017
PB1|PP755595.1|A/cattle/Texas/24-008749-003/2024(H5N1)	891	3031
PB1|PP755595.1|A/cattle/Texas/24-008749-003/2024(H5N1)	892	2959
PB1|PP755595.1|A/cattle/Texas/24-008749-003/2024(H5N1)	893	2855
PB1|PP755595.1|A/cattle/Texas/24-008749-003/2024(H5N1)	894	2914
PB1|PP755595.1|A/cattle/Texas/24-008749-003/2024(H5N1)	895	2907
PB1|PP755595.1|A/cattle/Texas/24-008749-003/2024(H5N1)	896	2946
PB1|PP755595.1|A/cattle/Texas/24-008749-003/2024(H5N1)	897	2750
PB1|PP755595.1|A/cattle/Texas/24-008749-003/2024(H5N1)	898	2756
PB1|PP755595.1|A/cattle/Texas/24-008749-003/2024(H5N1)	899	2760
PB1|PP755595.1|A/cattle/Texas/24-008749-003/2024(H5N1)	900	2772
PB1|PP755595.1|A/cattle/Texas/24-008749-003/2024(H5N1)	901	2774
PB1|PP755595.1|A/cattle/Texas/24-008749-003/2024(H5N1)	902	2808
PB1|PP755595.1|A/cattle/Texas/24-008749-003/2024(H5N1)	903	2785
PB1|PP755595.1|A/cattle/Texas/24-008749-003/2024(H5N1)	904	2784
PB1|PP755595.1|A/cattle/Texas/24-008749-003/2024(H5N1)	905	2768
PB1|PP755595.1|A/cattle/Texas/24-008749-003/2024(H5N1)	906	2683
PB1|PP755595.1|A/cattle/Texas/24-008749-003/2024(H5N1)	907	2743
PB1|PP755595.1|A/cattle/Texas/24-008749-003/2024(H5N1)	908	2795
PB1|PP755595.1|A/cattle/Texas/24-008749-003/2024(H5N1)	909	2795
PB1|PP755595.1|A/cattle/Texas/24-008749-003/2024(H5N1)	910	2826
PB1|PP755595.1|A/cattle/Texas/24-008749-003/2024(H5N1)	911	2827
PB1|PP755595.1|A/cattle/Texas/24-008749-003/2024(H5N1)	912	2883
PB1|PP755595.1|A/cattle/Texas/24-008749-003/2024(H5N1)	913	2895
PB1|PP755595.1|A/cattle/Texas/24-008749-003/2024(H5N1)	914	2918
PB1|PP755595.1|A/cattle/Texas/24-008749-003/2024(H5N1)	915	2931
PB1|PP755595.1|A/cattle/Texas/24-008749-003/2024(H5N1)	916	2931
PB1|PP755595.1|A/cattle/Texas/24-008749-003/2024(H5N1)	917	2954
PB1|PP755595.1|A/cattle/Texas/24-008749-003/2024(H5N1)	918	3092
PB1|PP755595.1|A/cattle/Texas/24-008749-003/2024(H5N1)	919	3104
PB1|PP755595.1|A/cattle/Texas/24-008749-003/2024(H5N1)	920	3104
PB1|PP755595.1|A/cattle/Texas/24-008749-003/2024(H5N1)	921	2997
PB1|PP755595.1|A/cattle/Texas/24-008749-003/2024(H5N1)	922	3000
PB1|PP755595.1|A/cattle/Texas/24-008749-003/2024(H5N1)	923	3011
PB1|PP755595.1|A/cattle/Texas/24-008749-003/2024(H5N1)	924	3024
PB1|PP755595.1|A/cattle/Texas/24-008749-003/2024(H5N1)	925	3024
PB1|PP755595.1|A/cattle/Texas/24-008749-003/2024(H5N1)	926	3026
PB1|PP755595.1|A/cattle/Texas/24-008749-003/2024(H5N1)	927	3058
PB1|PP755595.1|A/cattle/Texas/24-008749-003/2024(H5N1)	928	3053
PB1|PP755595.1|A/cattle/Texas/24-008749-003/2024(H5N1)	929	3047
PB1|PP755595.1|A/cattle/Texas/24-008749-003/2024(H5N1)	930	3044
PB1|PP755595.1|A/cattle/Texas/24-008749-003/2024(H5N1)	931	3018
PB1|PP755595.1|A/cattle/Texas/24-008749-003/2024(H5N1)	932	3017
PB1|PP755595.1|A/cattle/Texas/24-008749-003/2024(H5N1)	933	3030
PB1|PP755595.1|A/cattle/Texas/24-008749-003/2024(H5N1)	934	3065
PB1|PP755595.1|A/cattle/Texas/24-008749-003/2024(H5N1)	935	3064
PB1|PP755595.1|A/cattle/Texas/24-008749-003/2024(H5N1)	936	2993
PB1|PP755595.1|A/cattle/Texas/24-008749-003/2024(H5N1)	937	2993
PB1|PP755595.1|A/cattle/Texas/24-008749-003/2024(H5N1)	938	2998
PB1|PP755595.1|A/cattle/Texas/24-008749-003/2024(H5N1)	939	3030
PB1|PP755595.1|A/cattle/Texas/24-008749-003/2024(H5N1)	940	3064
PB1|PP755595.1|A/cattle/Texas/24-008749-003/2024(H5N1)	941	3070
PB1|PP755595.1|A/cattle/Texas/24-008749-003/2024(H5N1)	942	3072
PB1|PP755595.1|A/cattle/Texas/24-008749-003/2024(H5N1)	943	3093
PB1|PP755595.1|A/cattle/Texas/24-008749-003/2024(H5N1)	944	3093
PB1|PP755595.1|A/cattle/Texas/24-008749-003/2024(H5N1)	945	3113
PB1|PP755595.1|A/cattle/Texas/24-008749-003/2024(H5N1)	946	3117
PB1|PP755595.1|A/cattle/Texas/24-008749-003/2024(H5N1)	947	3121
PB1|PP755595.1|A/cattle/Texas/24-008749-003/2024(H5N1)	948	3149
PB1|PP755595.1|A/cattle/Texas/24-008749-003/2024(H5N1)	949	3151
PB1|PP755595.1|A/cattle/Texas/24-008749-003/2024(H5N1)	950	3154
PB1|PP755595.1|A/cattle/Texas/24-008749-003/2024(H5N1)	951	3179
PB1|PP755595.1|A/cattle/Texas/24-008749-003/2024(H5N1)	952	3181
PB1|PP755595.1|A/cattle/Texas/24-008749-003/2024(H5N1)	953	3197
PB1|PP755595.1|A/cattle/Texas/24-008749-003/2024(H5N1)	954	3148
PB1|PP755595.1|A/cattle/Texas/24-008749-003/2024(H5N1)	955	3161
PB1|PP755595.1|A/cattle/Texas/24-008749-003/2024(H5N1)	956	3174
PB1|PP755595.1|A/cattle/Texas/24-008749-003/2024(H5N1)	957	3181
PB1|PP755595.1|A/cattle/Texas/24-008749-003/2024(H5N1)	958	3183
PB1|PP755595.1|A/cattle/Texas/24-008749-003/2024(H5N1)	959	3169
PB1|PP755595.1|A/cattle/Texas/24-008749-003/2024(H5N1)	960	3165
PB1|PP755595.1|A/cattle/Texas/24-008749-003/2024(H5N1)	961	3179
PB1|PP755595.1|A/cattle/Texas/24-008749-003/2024(H5N1)	962	3216
PB1|PP755595.1|A/cattle/Texas/24-008749-003/2024(H5N1)	963	3252
PB1|PP755595.1|A/cattle/Texas/24-008749-003/2024(H5N1)	964	3262
PB1|PP755595.1|A/cattle/Texas/24-008749-003/2024(H5N1)	965	3271
PB1|PP755595.1|A/cattle/Texas/24-008749-003/2024(H5N1)	966	3194
PB1|PP755595.1|A/cattle/Texas/24-008749-003/2024(H5N1)	967	3185
PB1|PP755595.1|A/cattle/Texas/24-008749-003/2024(H5N1)	968	3148
PB1|PP755595.1|A/cattle/Texas/24-008749-003/2024(H5N1)	969	3147
PB1|PP755595.1|A/cattle/Texas/24-008749-003/2024(H5N1)	970	3141
PB1|PP755595.1|A/cattle/Texas/24-008749-003/2024(H5N1)	971	3068
PB1|PP755595.1|A/cattle/Texas/24-008749-003/2024(H5N1)	972	2961
PB1|PP755595.1|A/cattle/Texas/24-008749-003/2024(H5N1)	973	2884
PB1|PP755595.1|A/cattle/Texas/24-008749-003/2024(H5N1)	974	2876
PB1|PP755595.1|A/cattle/Texas/24-008749-003/2024(H5N1)	975	2853
PB1|PP755595.1|A/cattle/Texas/24-008749-003/2024(H5N1)	976	2968
PB1|PP755595.1|A/cattle/Texas/24-008749-003/2024(H5N1)	977	2967
PB1|PP755595.1|A/cattle/Texas/24-008749-003/2024(H5N1)	978	2947
PB1|PP755595.1|A/cattle/Texas/24-008749-003/2024(H5N1)	979	2944
PB1|PP755595.1|A/cattle/Texas/24-008749-003/2024(H5N1)	980	2938
PB1|PP755595.1|A/cattle/Texas/24-008749-003/2024(H5N1)	981	2854
PB1|PP755595.1|A/cattle/Texas/24-008749-003/2024(H5N1)	982	2906
PB1|PP755595.1|A/cattle/Texas/24-008749-003/2024(H5N1)	983	2909
PB1|PP755595.1|A/cattle/Texas/24-008749-003/2024(H5N1)	984	2943
PB1|PP755595.1|A/cattle/Texas/24-008749-003/2024(H5N1)	985	2939
PB1|PP755595.1|A/cattle/Texas/24-008749-003/2024(H5N1)	986	2929
PB1|PP755595.1|A/cattle/Texas/24-008749-003/2024(H5N1)	987	2926
PB1|PP755595.1|A/cattle/Texas/24-008749-003/2024(H5N1)	988	2964
PB1|PP755595.1|A/cattle/Texas/24-008749-003/2024(H5N1)	989	2951
PB1|PP755595.1|A/cattle/Texas/24-008749-003/2024(H5N1)	990	2920
PB1|PP755595.1|A/cattle/Texas/24-008749-003/2024(H5N1)	991	2924
PB1|PP755595.1|A/cattle/Texas/24-008749-003/2024(H5N1)	992	2925
PB1|PP755595.1|A/cattle/Texas/24-008749-003/2024(H5N1)	993	2923
PB1|PP755595.1|A/cattle/Texas/24-008749-003/2024(H5N1)	994	2886
PB1|PP755595.1|A/cattle/Texas/24-008749-003/2024(H5N1)	995	2854
PB1|PP755595.1|A/cattle/Texas/24-008749-003/2024(H5N1)	996	2846
PB1|PP755595.1|A/cattle/Texas/24-008749-003/2024(H5N1)	997	2784
PB1|PP755595.1|A/cattle/Texas/24-008749-003/2024(H5N1)	998	2781
PB1|PP755595.1|A/cattle/Texas/24-008749-003/2024(H5N1)	999	2756
PB1|PP755595.1|A/cattle/Texas/24-008749-003/2024(H5N1)	1000	2746
PB1|PP755595.1|A/cattle/Texas/24-008749-003/2024(H5N1)	1001	2746
PB1|PP755595.1|A/cattle/Texas/24-008749-003/2024(H5N1)	1002	2745
PB1|PP755595.1|A/cattle/Texas/24-008749-003/2024(H5N1)	1003	2923
PB1|PP755595.1|A/cattle/Texas/24-008749-003/2024(H5N1)	1004	2923
PB1|PP755595.1|A/cattle/Texas/24-008749-003/2024(H5N1)	1005	2785
PB1|PP755595.1|A/cattle/Texas/24-008749-003/2024(H5N1)	1006	2785
PB1|PP755595.1|A/cattle/Texas/24-008749-003/2024(H5N1)	1007	2783
PB1|PP755595.1|A/cattle/Texas/24-008749-003/2024(H5N1)	1008	2778
PB1|PP755595.1|A/cattle/Texas/24-008749-003/2024(H5N1)	1009	2895
PB1|PP755595.1|A/cattle/Texas/24-008749-003/2024(H5N1)	1010	2883
PB1|PP755595.1|A/cattle/Texas/24-008749-003/2024(H5N1)	1011	2875
PB1|PP755595.1|A/cattle/Texas/24-008749-003/2024(H5N1)	1012	2874
PB1|PP755595.1|A/cattle/Texas/24-008749-003/2024(H5N1)	1013	2873
PB1|PP755595.1|A/cattle/Texas/24-008749-003/2024(H5N1)	1014	2855
PB1|PP755595.1|A/cattle/Texas/24-008749-003/2024(H5N1)	1015	2849
PB1|PP755595.1|A/cattle/Texas/24-008749-003/2024(H5N1)	1016	2841
PB1|PP755595.1|A/cattle/Texas/24-008749-003/2024(H5N1)	1017	2809
PB1|PP755595.1|A/cattle/Texas/24-008749-003/2024(H5N1)	1018	2808
PB1|PP755595.1|A/cattle/Texas/24-008749-003/2024(H5N1)	1019	2808
PB1|PP755595.1|A/cattle/Texas/24-008749-003/2024(H5N1)	1020	2764
PB1|PP755595.1|A/cattle/Texas/24-008749-003/2024(H5N1)	1021	2939
PB1|PP755595.1|A/cattle/Texas/24-008749-003/2024(H5N1)	1022	2902
PB1|PP755595.1|A/cattle/Texas/24-008749-003/2024(H5N1)	1023	2898
PB1|PP755595.1|A/cattle/Texas/24-008749-003/2024(H5N1)	1024	2918
PB1|PP755595.1|A/cattle/Texas/24-008749-003/2024(H5N1)	1025	2918
PB1|PP755595.1|A/cattle/Texas/24-008749-003/2024(H5N1)	1026	2902
PB1|PP755595.1|A/cattle/Texas/24-008749-003/2024(H5N1)	1027	2892
PB1|PP755595.1|A/cattle/Texas/24-008749-003/2024(H5N1)	1028	2834
PB1|PP755595.1|A/cattle/Texas/24-008749-003/2024(H5N1)	1029	2816
PB1|PP755595.1|A/cattle/Texas/24-008749-003/2024(H5N1)	1030	2682
PB1|PP755595.1|A/cattle/Texas/24-008749-003/2024(H5N1)	1031	2508
PB1|PP755595.1|A/cattle/Texas/24-008749-003/2024(H5N1)	1032	2481
PB1|PP755595.1|A/cattle/Texas/24-008749-003/2024(H5N1)	1033	2459
PB1|PP755595.1|A/cattle/Texas/24-008749-003/2024(H5N1)	1034	2280
PB1|PP755595.1|A/cattle/Texas/24-008749-003/2024(H5N1)	1035	2274
PB1|PP755595.1|A/cattle/Texas/24-008749-003/2024(H5N1)	1036	2273
PB1|PP755595.1|A/cattle/Texas/24-008749-003/2024(H5N1)	1037	2259
PB1|PP755595.1|A/cattle/Texas/24-008749-003/2024(H5N1)	1038	2253
PB1|PP755595.1|A/cattle/Texas/24-008749-003/2024(H5N1)	1039	2247
PB1|PP755595.1|A/cattle/Texas/24-008749-003/2024(H5N1)	1040	2109
PB1|PP755595.1|A/cattle/Texas/24-008749-003/2024(H5N1)	1041	2105
PB1|PP755595.1|A/cattle/Texas/24-008749-003/2024(H5N1)	1042	2093
PB1|PP755595.1|A/cattle/Texas/24-008749-003/2024(H5N1)	1043	2093
PB1|PP755595.1|A/cattle/Texas/24-008749-003/2024(H5N1)	1044	2091
PB1|PP755595.1|A/cattle/Texas/24-008749-003/2024(H5N1)	1045	2029
PB1|PP755595.1|A/cattle/Texas/24-008749-003/2024(H5N1)	1046	1985
PB1|PP755595.1|A/cattle/Texas/24-008749-003/2024(H5N1)	1047	1451
PB1|PP755595.1|A/cattle/Texas/24-008749-003/2024(H5N1)	1048	1451
PB1|PP755595.1|A/cattle/Texas/24-008749-003/2024(H5N1)	1049	1450
PB1|PP755595.1|A/cattle/Texas/24-008749-003/2024(H5N1)	1050	1447
PB1|PP755595.1|A/cattle/Texas/24-008749-003/2024(H5N1)	1051	1449
PB1|PP755595.1|A/cattle/Texas/24-008749-003/2024(H5N1)	1052	1449
PB1|PP755595.1|A/cattle/Texas/24-008749-003/2024(H5N1)	1053	1449
PB1|PP755595.1|A/cattle/Texas/24-008749-003/2024(H5N1)	1054	1449
PB1|PP755595.1|A/cattle/Texas/24-008749-003/2024(H5N1)	1055	1451
PB1|PP755595.1|A/cattle/Texas/24-008749-003/2024(H5N1)	1056	1451
PB1|PP755595.1|A/cattle/Texas/24-008749-003/2024(H5N1)	1057	1661
PB1|PP755595.1|A/cattle/Texas/24-008749-003/2024(H5N1)	1058	1662
PB1|PP755595.1|A/cattle/Texas/24-008749-003/2024(H5N1)	1059	1662
PB1|PP755595.1|A/cattle/Texas/24-008749-003/2024(H5N1)	1060	1663
PB1|PP755595.1|A/cattle/Texas/24-008749-003/2024(H5N1)	1061	1666
PB1|PP755595.1|A/cattle/Texas/24-008749-003/2024(H5N1)	1062	1666
PB1|PP755595.1|A/cattle/Texas/24-008749-003/2024(H5N1)	1063	1824
PB1|PP755595.1|A/cattle/Texas/24-008749-003/2024(H5N1)	1064	1834
PB1|PP755595.1|A/cattle/Texas/24-008749-003/2024(H5N1)	1065	1836
PB1|PP755595.1|A/cattle/Texas/24-008749-003/2024(H5N1)	1066	1839
PB1|PP755595.1|A/cattle/Texas/24-008749-003/2024(H5N1)	1067	1839
PB1|PP755595.1|A/cattle/Texas/24-008749-003/2024(H5N1)	1068	1839
PB1|PP755595.1|A/cattle/Texas/24-008749-003/2024(H5N1)	1069	1842
PB1|PP755595.1|A/cattle/Texas/24-008749-003/2024(H5N1)	1070	1842
PB1|PP755595.1|A/cattle/Texas/24-008749-003/2024(H5N1)	1071	1842
PB1|PP755595.1|A/cattle/Texas/24-008749-003/2024(H5N1)	1072	1923
PB1|PP755595.1|A/cattle/Texas/24-008749-003/2024(H5N1)	1073	1924
PB1|PP755595.1|A/cattle/Texas/24-008749-003/2024(H5N1)	1074	1946
PB1|PP755595.1|A/cattle/Texas/24-008749-003/2024(H5N1)	1075	1953
PB1|PP755595.1|A/cattle/Texas/24-008749-003/2024(H5N1)	1076	1959
PB1|PP755595.1|A/cattle/Texas/24-008749-003/2024(H5N1)	1077	1964
PB1|PP755595.1|A/cattle/Texas/24-008749-003/2024(H5N1)	1078	1951
PB1|PP755595.1|A/cattle/Texas/24-008749-003/2024(H5N1)	1079	1952
PB1|PP755595.1|A/cattle/Texas/24-008749-003/2024(H5N1)	1080	1968
PB1|PP755595.1|A/cattle/Texas/24-008749-003/2024(H5N1)	1081	1980
PB1|PP755595.1|A/cattle/Texas/24-008749-003/2024(H5N1)	1082	2011
PB1|PP755595.1|A/cattle/Texas/24-008749-003/2024(H5N1)	1083	1976
PB1|PP755595.1|A/cattle/Texas/24-008749-003/2024(H5N1)	1084	1970
PB1|PP755595.1|A/cattle/Texas/24-008749-003/2024(H5N1)	1085	1960
PB1|PP755595.1|A/cattle/Texas/24-008749-003/2024(H5N1)	1086	1949
PB1|PP755595.1|A/cattle/Texas/24-008749-003/2024(H5N1)	1087	1945
PB1|PP755595.1|A/cattle/Texas/24-008749-003/2024(H5N1)	1088	1943
PB1|PP755595.1|A/cattle/Texas/24-008749-003/2024(H5N1)	1089	1938
PB1|PP755595.1|A/cattle/Texas/24-008749-003/2024(H5N1)	1090	1817
PB1|PP755595.1|A/cattle/Texas/24-008749-003/2024(H5N1)	1091	1798
PB1|PP755595.1|A/cattle/Texas/24-008749-003/2024(H5N1)	1092	1793
PB1|PP755595.1|A/cattle/Texas/24-008749-003/2024(H5N1)	1093	1811
PB1|PP755595.1|A/cattle/Texas/24-008749-003/2024(H5N1)	1094	1813
PB1|PP755595.1|A/cattle/Texas/24-008749-003/2024(H5N1)	1095	1824
PB1|PP755595.1|A/cattle/Texas/24-008749-003/2024(H5N1)	1096	1908
PB1|PP755595.1|A/cattle/Texas/24-008749-003/2024(H5N1)	1097	2006
PB1|PP755595.1|A/cattle/Texas/24-008749-003/2024(H5N1)	1098	2012
PB1|PP755595.1|A/cattle/Texas/24-008749-003/2024(H5N1)	1099	2033
PB1|PP755595.1|A/cattle/Texas/24-008749-003/2024(H5N1)	1100	2057
PB1|PP755595.1|A/cattle/Texas/24-008749-003/2024(H5N1)	1101	2058
PB1|PP755595.1|A/cattle/Texas/24-008749-003/2024(H5N1)	1102	2035
PB1|PP755595.1|A/cattle/Texas/24-008749-003/2024(H5N1)	1103	2047
PB1|PP755595.1|A/cattle/Texas/24-008749-003/2024(H5N1)	1104	2035
PB1|PP755595.1|A/cattle/Texas/24-008749-003/2024(H5N1)	1105	2036
PB1|PP755595.1|A/cattle/Texas/24-008749-003/2024(H5N1)	1106	1990
PB1|PP755595.1|A/cattle/Texas/24-008749-003/2024(H5N1)	1107	1958
PB1|PP755595.1|A/cattle/Texas/24-008749-003/2024(H5N1)	1108	1995
PB1|PP755595.1|A/cattle/Texas/24-008749-003/2024(H5N1)	1109	1998
PB1|PP755595.1|A/cattle/Texas/24-008749-003/2024(H5N1)	1110	1998
PB1|PP755595.1|A/cattle/Texas/24-008749-003/2024(H5N1)	1111	1998
PB1|PP755595.1|A/cattle/Texas/24-008749-003/2024(H5N1)	1112	1998
PB1|PP755595.1|A/cattle/Texas/24-008749-003/2024(H5N1)	1113	1960
PB1|PP755595.1|A/cattle/Texas/24-008749-003/2024(H5N1)	1114	1915
PB1|PP755595.1|A/cattle/Texas/24-008749-003/2024(H5N1)	1115	1881
PB1|PP755595.1|A/cattle/Texas/24-008749-003/2024(H5N1)	1116	1872
PB1|PP755595.1|A/cattle/Texas/24-008749-003/2024(H5N1)	1117	1824
PB1|PP755595.1|A/cattle/Texas/24-008749-003/2024(H5N1)	1118	1809
PB1|PP755595.1|A/cattle/Texas/24-008749-003/2024(H5N1)	1119	1306
PB1|PP755595.1|A/cattle/Texas/24-008749-003/2024(H5N1)	1120	1306
PB1|PP755595.1|A/cattle/Texas/24-008749-003/2024(H5N1)	1121	1306
PB1|PP755595.1|A/cattle/Texas/24-008749-003/2024(H5N1)	1122	1306
PB1|PP755595.1|A/cattle/Texas/24-008749-003/2024(H5N1)	1123	1306
PB1|PP755595.1|A/cattle/Texas/24-008749-003/2024(H5N1)	1124	1306
PB1|PP755595.1|A/cattle/Texas/24-008749-003/2024(H5N1)	1125	1306
PB1|PP755595.1|A/cattle/Texas/24-008749-003/2024(H5N1)	1126	1306
PB1|PP755595.1|A/cattle/Texas/24-008749-003/2024(H5N1)	1127	1306
PB1|PP755595.1|A/cattle/Texas/24-008749-003/2024(H5N1)	1128	1306
PB1|PP755595.1|A/cattle/Texas/24-008749-003/2024(H5N1)	1129	1306
PB1|PP755595.1|A/cattle/Texas/24-008749-003/2024(H5N1)	1130	1306
PB1|PP755595.1|A/cattle/Texas/24-008749-003/2024(H5N1)	1131	1263
PB1|PP755595.1|A/cattle/Texas/24-008749-003/2024(H5N1)	1132	1306
PB1|PP755595.1|A/cattle/Texas/24-008749-003/2024(H5N1)	1133	1307
PB1|PP755595.1|A/cattle/Texas/24-008749-003/2024(H5N1)	1134	1309
PB1|PP755595.1|A/cattle/Texas/24-008749-003/2024(H5N1)	1135	2021
PB1|PP755595.1|A/cattle/Texas/24-008749-003/2024(H5N1)	1136	2021
PB1|PP755595.1|A/cattle/Texas/24-008749-003/2024(H5N1)	1137	2032
PB1|PP755595.1|A/cattle/Texas/24-008749-003/2024(H5N1)	1138	2047
PB1|PP755595.1|A/cattle/Texas/24-008749-003/2024(H5N1)	1139	2064
PB1|PP755595.1|A/cattle/Texas/24-008749-003/2024(H5N1)	1140	2072
PB1|PP755595.1|A/cattle/Texas/24-008749-003/2024(H5N1)	1141	2073
PB1|PP755595.1|A/cattle/Texas/24-008749-003/2024(H5N1)	1142	2075
PB1|PP755595.1|A/cattle/Texas/24-008749-003/2024(H5N1)	1143	2087
PB1|PP755595.1|A/cattle/Texas/24-008749-003/2024(H5N1)	1144	2088
PB1|PP755595.1|A/cattle/Texas/24-008749-003/2024(H5N1)	1145	2095
PB1|PP755595.1|A/cattle/Texas/24-008749-003/2024(H5N1)	1146	2098
PB1|PP755595.1|A/cattle/Texas/24-008749-003/2024(H5N1)	1147	2115
PB1|PP755595.1|A/cattle/Texas/24-008749-003/2024(H5N1)	1148	2116
PB1|PP755595.1|A/cattle/Texas/24-008749-003/2024(H5N1)	1149	2122
PB1|PP755595.1|A/cattle/Texas/24-008749-003/2024(H5N1)	1150	2193
PB1|PP755595.1|A/cattle/Texas/24-008749-003/2024(H5N1)	1151	2221
PB1|PP755595.1|A/cattle/Texas/24-008749-003/2024(H5N1)	1152	2250
PB1|PP755595.1|A/cattle/Texas/24-008749-003/2024(H5N1)	1153	2252
PB1|PP755595.1|A/cattle/Texas/24-008749-003/2024(H5N1)	1154	2256
PB1|PP755595.1|A/cattle/Texas/24-008749-003/2024(H5N1)	1155	2255
PB1|PP755595.1|A/cattle/Texas/24-008749-003/2024(H5N1)	1156	2253
PB1|PP755595.1|A/cattle/Texas/24-008749-003/2024(H5N1)	1157	2175
PB1|PP755595.1|A/cattle/Texas/24-008749-003/2024(H5N1)	1158	2215
PB1|PP755595.1|A/cattle/Texas/24-008749-003/2024(H5N1)	1159	2290
PB1|PP755595.1|A/cattle/Texas/24-008749-003/2024(H5N1)	1160	2292
PB1|PP755595.1|A/cattle/Texas/24-008749-003/2024(H5N1)	1161	2293
PB1|PP755595.1|A/cattle/Texas/24-008749-003/2024(H5N1)	1162	2305
PB1|PP755595.1|A/cattle/Texas/24-008749-003/2024(H5N1)	1163	2311
PB1|PP755595.1|A/cattle/Texas/24-008749-003/2024(H5N1)	1164	2237
PB1|PP755595.1|A/cattle/Texas/24-008749-003/2024(H5N1)	1165	2234
PB1|PP755595.1|A/cattle/Texas/24-008749-003/2024(H5N1)	1166	2239
PB1|PP755595.1|A/cattle/Texas/24-008749-003/2024(H5N1)	1167	1943
PB1|PP755595.1|A/cattle/Texas/24-008749-003/2024(H5N1)	1168	1944
PB1|PP755595.1|A/cattle/Texas/24-008749-003/2024(H5N1)	1169	1944
PB1|PP755595.1|A/cattle/Texas/24-008749-003/2024(H5N1)	1170	1942
PB1|PP755595.1|A/cattle/Texas/24-008749-003/2024(H5N1)	1171	1957
PB1|PP755595.1|A/cattle/Texas/24-008749-003/2024(H5N1)	1172	1973
PB1|PP755595.1|A/cattle/Texas/24-008749-003/2024(H5N1)	1173	2002
PB1|PP755595.1|A/cattle/Texas/24-008749-003/2024(H5N1)	1174	2293
PB1|PP755595.1|A/cattle/Texas/24-008749-003/2024(H5N1)	1175	2294
PB1|PP755595.1|A/cattle/Texas/24-008749-003/2024(H5N1)	1176	2301
PB1|PP755595.1|A/cattle/Texas/24-008749-003/2024(H5N1)	1177	2302
PB1|PP755595.1|A/cattle/Texas/24-008749-003/2024(H5N1)	1178	2325
PB1|PP755595.1|A/cattle/Texas/24-008749-003/2024(H5N1)	1179	2355
PB1|PP755595.1|A/cattle/Texas/24-008749-003/2024(H5N1)	1180	2559
PB1|PP755595.1|A/cattle/Texas/24-008749-003/2024(H5N1)	1181	2577
PB1|PP755595.1|A/cattle/Texas/24-008749-003/2024(H5N1)	1182	2583
PB1|PP755595.1|A/cattle/Texas/24-008749-003/2024(H5N1)	1183	2715
PB1|PP755595.1|A/cattle/Texas/24-008749-003/2024(H5N1)	1184	2733
PB1|PP755595.1|A/cattle/Texas/24-008749-003/2024(H5N1)	1185	2819
PB1|PP755595.1|A/cattle/Texas/24-008749-003/2024(H5N1)	1186	2865
PB1|PP755595.1|A/cattle/Texas/24-008749-003/2024(H5N1)	1187	2865
PB1|PP755595.1|A/cattle/Texas/24-008749-003/2024(H5N1)	1188	2883
PB1|PP755595.1|A/cattle/Texas/24-008749-003/2024(H5N1)	1189	2895
PB1|PP755595.1|A/cattle/Texas/24-008749-003/2024(H5N1)	1190	2900
PB1|PP755595.1|A/cattle/Texas/24-008749-003/2024(H5N1)	1191	2941
PB1|PP755595.1|A/cattle/Texas/24-008749-003/2024(H5N1)	1192	2941
PB1|PP755595.1|A/cattle/Texas/24-008749-003/2024(H5N1)	1193	2930
PB1|PP755595.1|A/cattle/Texas/24-008749-003/2024(H5N1)	1194	2945
PB1|PP755595.1|A/cattle/Texas/24-008749-003/2024(H5N1)	1195	2946
PB1|PP755595.1|A/cattle/Texas/24-008749-003/2024(H5N1)	1196	2946
PB1|PP755595.1|A/cattle/Texas/24-008749-003/2024(H5N1)	1197	2803
PB1|PP755595.1|A/cattle/Texas/24-008749-003/2024(H5N1)	1198	2803
PB1|PP755595.1|A/cattle/Texas/24-008749-003/2024(H5N1)	1199	2807
PB1|PP755595.1|A/cattle/Texas/24-008749-003/2024(H5N1)	1200	2812
PB1|PP755595.1|A/cattle/Texas/24-008749-003/2024(H5N1)	1201	3048
PB1|PP755595.1|A/cattle/Texas/24-008749-003/2024(H5N1)	1202	3061
PB1|PP755595.1|A/cattle/Texas/24-008749-003/2024(H5N1)	1203	3094
PB1|PP755595.1|A/cattle/Texas/24-008749-003/2024(H5N1)	1204	3098
PB1|PP755595.1|A/cattle/Texas/24-008749-003/2024(H5N1)	1205	3150
PB1|PP755595.1|A/cattle/Texas/24-008749-003/2024(H5N1)	1206	3172
PB1|PP755595.1|A/cattle/Texas/24-008749-003/2024(H5N1)	1207	3190
PB1|PP755595.1|A/cattle/Texas/24-008749-003/2024(H5N1)	1208	3187
PB1|PP755595.1|A/cattle/Texas/24-008749-003/2024(H5N1)	1209	2959
PB1|PP755595.1|A/cattle/Texas/24-008749-003/2024(H5N1)	1210	2955
PB1|PP755595.1|A/cattle/Texas/24-008749-003/2024(H5N1)	1211	3084
PB1|PP755595.1|A/cattle/Texas/24-008749-003/2024(H5N1)	1212	3115
PB1|PP755595.1|A/cattle/Texas/24-008749-003/2024(H5N1)	1213	3141
PB1|PP755595.1|A/cattle/Texas/24-008749-003/2024(H5N1)	1214	3149
PB1|PP755595.1|A/cattle/Texas/24-008749-003/2024(H5N1)	1215	3158
PB1|PP755595.1|A/cattle/Texas/24-008749-003/2024(H5N1)	1216	3174
PB1|PP755595.1|A/cattle/Texas/24-008749-003/2024(H5N1)	1217	3198
PB1|PP755595.1|A/cattle/Texas/24-008749-003/2024(H5N1)	1218	3201
PB1|PP755595.1|A/cattle/Texas/24-008749-003/2024(H5N1)	1219	3208
PB1|PP755595.1|A/cattle/Texas/24-008749-003/2024(H5N1)	1220	3165
PB1|PP755595.1|A/cattle/Texas/24-008749-003/2024(H5N1)	1221	3199
PB1|PP755595.1|A/cattle/Texas/24-008749-003/2024(H5N1)	1222	3234
PB1|PP755595.1|A/cattle/Texas/24-008749-003/2024(H5N1)	1223	3231
PB1|PP755595.1|A/cattle/Texas/24-008749-003/2024(H5N1)	1224	3231
PB1|PP755595.1|A/cattle/Texas/24-008749-003/2024(H5N1)	1225	3209
PB1|PP755595.1|A/cattle/Texas/24-008749-003/2024(H5N1)	1226	3193
PB1|PP755595.1|A/cattle/Texas/24-008749-003/2024(H5N1)	1227	3189
PB1|PP755595.1|A/cattle/Texas/24-008749-003/2024(H5N1)	1228	3221
PB1|PP755595.1|A/cattle/Texas/24-008749-003/2024(H5N1)	1229	3235
PB1|PP755595.1|A/cattle/Texas/24-008749-003/2024(H5N1)	1230	3224
PB1|PP755595.1|A/cattle/Texas/24-008749-003/2024(H5N1)	1231	3230
PB1|PP755595.1|A/cattle/Texas/24-008749-003/2024(H5N1)	1232	3223
PB1|PP755595.1|A/cattle/Texas/24-008749-003/2024(H5N1)	1233	3237
PB1|PP755595.1|A/cattle/Texas/24-008749-003/2024(H5N1)	1234	3263
PB1|PP755595.1|A/cattle/Texas/24-008749-003/2024(H5N1)	1235	3308
PB1|PP755595.1|A/cattle/Texas/24-008749-003/2024(H5N1)	1236	3316
PB1|PP755595.1|A/cattle/Texas/24-008749-003/2024(H5N1)	1237	3298
PB1|PP755595.1|A/cattle/Texas/24-008749-003/2024(H5N1)	1238	3279
PB1|PP755595.1|A/cattle/Texas/24-008749-003/2024(H5N1)	1239	3278
PB1|PP755595.1|A/cattle/Texas/24-008749-003/2024(H5N1)	1240	3297
PB1|PP755595.1|A/cattle/Texas/24-008749-003/2024(H5N1)	1241	3292
PB1|PP755595.1|A/cattle/Texas/24-008749-003/2024(H5N1)	1242	3312
PB1|PP755595.1|A/cattle/Texas/24-008749-003/2024(H5N1)	1243	3382
PB1|PP755595.1|A/cattle/Texas/24-008749-003/2024(H5N1)	1244	3331
PB1|PP755595.1|A/cattle/Texas/24-008749-003/2024(H5N1)	1245	3374
PB1|PP755595.1|A/cattle/Texas/24-008749-003/2024(H5N1)	1246	3394
PB1|PP755595.1|A/cattle/Texas/24-008749-003/2024(H5N1)	1247	3545
PB1|PP755595.1|A/cattle/Texas/24-008749-003/2024(H5N1)	1248	3445
PB1|PP755595.1|A/cattle/Texas/24-008749-003/2024(H5N1)	1249	3415
PB1|PP755595.1|A/cattle/Texas/24-008749-003/2024(H5N1)	1250	3394
PB1|PP755595.1|A/cattle/Texas/24-008749-003/2024(H5N1)	1251	3312
PB1|PP755595.1|A/cattle/Texas/24-008749-003/2024(H5N1)	1252	3309
PB1|PP755595.1|A/cattle/Texas/24-008749-003/2024(H5N1)	1253	3305
PB1|PP755595.1|A/cattle/Texas/24-008749-003/2024(H5N1)	1254	2601
PB1|PP755595.1|A/cattle/Texas/24-008749-003/2024(H5N1)	1255	2597
PB1|PP755595.1|A/cattle/Texas/24-008749-003/2024(H5N1)	1256	2693
PB1|PP755595.1|A/cattle/Texas/24-008749-003/2024(H5N1)	1257	2693
PB1|PP755595.1|A/cattle/Texas/24-008749-003/2024(H5N1)	1258	3305
PB1|PP755595.1|A/cattle/Texas/24-008749-003/2024(H5N1)	1259	3322
PB1|PP755595.1|A/cattle/Texas/24-008749-003/2024(H5N1)	1260	3322
PB1|PP755595.1|A/cattle/Texas/24-008749-003/2024(H5N1)	1261	3328
PB1|PP755595.1|A/cattle/Texas/24-008749-003/2024(H5N1)	1262	3339
PB1|PP755595.1|A/cattle/Texas/24-008749-003/2024(H5N1)	1263	3339
PB1|PP755595.1|A/cattle/Texas/24-008749-003/2024(H5N1)	1264	3403
PB1|PP755595.1|A/cattle/Texas/24-008749-003/2024(H5N1)	1265	3392
PB1|PP755595.1|A/cattle/Texas/24-008749-003/2024(H5N1)	1266	3392
PB1|PP755595.1|A/cattle/Texas/24-008749-003/2024(H5N1)	1267	3408
PB1|PP755595.1|A/cattle/Texas/24-008749-003/2024(H5N1)	1268	3420
PB1|PP755595.1|A/cattle/Texas/24-008749-003/2024(H5N1)	1269	3450
PB1|PP755595.1|A/cattle/Texas/24-008749-003/2024(H5N1)	1270	3470
PB1|PP755595.1|A/cattle/Texas/24-008749-003/2024(H5N1)	1271	3470
PB1|PP755595.1|A/cattle/Texas/24-008749-003/2024(H5N1)	1272	3474
PB1|PP755595.1|A/cattle/Texas/24-008749-003/2024(H5N1)	1273	3476
PB1|PP755595.1|A/cattle/Texas/24-008749-003/2024(H5N1)	1274	3510
PB1|PP755595.1|A/cattle/Texas/24-008749-003/2024(H5N1)	1275	3505
PB1|PP755595.1|A/cattle/Texas/24-008749-003/2024(H5N1)	1276	3430
PB1|PP755595.1|A/cattle/Texas/24-008749-003/2024(H5N1)	1277	3418
PB1|PP755595.1|A/cattle/Texas/24-008749-003/2024(H5N1)	1278	3385
PB1|PP755595.1|A/cattle/Texas/24-008749-003/2024(H5N1)	1279	3391
PB1|PP755595.1|A/cattle/Texas/24-008749-003/2024(H5N1)	1280	3473
PB1|PP755595.1|A/cattle/Texas/24-008749-003/2024(H5N1)	1281	3451
PB1|PP755595.1|A/cattle/Texas/24-008749-003/2024(H5N1)	1282	3441
PB1|PP755595.1|A/cattle/Texas/24-008749-003/2024(H5N1)	1283	3442
PB1|PP755595.1|A/cattle/Texas/24-008749-003/2024(H5N1)	1284	3461
PB1|PP755595.1|A/cattle/Texas/24-008749-003/2024(H5N1)	1285	3474
PB1|PP755595.1|A/cattle/Texas/24-008749-003/2024(H5N1)	1286	3457
PB1|PP755595.1|A/cattle/Texas/24-008749-003/2024(H5N1)	1287	3488
PB1|PP755595.1|A/cattle/Texas/24-008749-003/2024(H5N1)	1288	3482
PB1|PP755595.1|A/cattle/Texas/24-008749-003/2024(H5N1)	1289	3476
PB1|PP755595.1|A/cattle/Texas/24-008749-003/2024(H5N1)	1290	3467
PB1|PP755595.1|A/cattle/Texas/24-008749-003/2024(H5N1)	1291	3470
PB1|PP755595.1|A/cattle/Texas/24-008749-003/2024(H5N1)	1292	3469
PB1|PP755595.1|A/cattle/Texas/24-008749-003/2024(H5N1)	1293	3498
PB1|PP755595.1|A/cattle/Texas/24-008749-003/2024(H5N1)	1294	3491
PB1|PP755595.1|A/cattle/Texas/24-008749-003/2024(H5N1)	1295	3501
PB1|PP755595.1|A/cattle/Texas/24-008749-003/2024(H5N1)	1296	3481
PB1|PP755595.1|A/cattle/Texas/24-008749-003/2024(H5N1)	1297	3478
PB1|PP755595.1|A/cattle/Texas/24-008749-003/2024(H5N1)	1298	3482
PB1|PP755595.1|A/cattle/Texas/24-008749-003/2024(H5N1)	1299	3484
PB1|PP755595.1|A/cattle/Texas/24-008749-003/2024(H5N1)	1300	3618
PB1|PP755595.1|A/cattle/Texas/24-008749-003/2024(H5N1)	1301	3706
PB1|PP755595.1|A/cattle/Texas/24-008749-003/2024(H5N1)	1302	3662
PB1|PP755595.1|A/cattle/Texas/24-008749-003/2024(H5N1)	1303	3683
PB1|PP755595.1|A/cattle/Texas/24-008749-003/2024(H5N1)	1304	3682
PB1|PP755595.1|A/cattle/Texas/24-008749-003/2024(H5N1)	1305	3706
PB1|PP755595.1|A/cattle/Texas/24-008749-003/2024(H5N1)	1306	3755
PB1|PP755595.1|A/cattle/Texas/24-008749-003/2024(H5N1)	1307	3746
PB1|PP755595.1|A/cattle/Texas/24-008749-003/2024(H5N1)	1308	3829
PB1|PP755595.1|A/cattle/Texas/24-008749-003/2024(H5N1)	1309	3721
PB1|PP755595.1|A/cattle/Texas/24-008749-003/2024(H5N1)	1310	3744
PB1|PP755595.1|A/cattle/Texas/24-008749-003/2024(H5N1)	1311	3753
PB1|PP755595.1|A/cattle/Texas/24-008749-003/2024(H5N1)	1312	3745
PB1|PP755595.1|A/cattle/Texas/24-008749-003/2024(H5N1)	1313	3762
PB1|PP755595.1|A/cattle/Texas/24-008749-003/2024(H5N1)	1314	3762
PB1|PP755595.1|A/cattle/Texas/24-008749-003/2024(H5N1)	1315	3781
PB1|PP755595.1|A/cattle/Texas/24-008749-003/2024(H5N1)	1316	3820
PB1|PP755595.1|A/cattle/Texas/24-008749-003/2024(H5N1)	1317	3768
PB1|PP755595.1|A/cattle/Texas/24-008749-003/2024(H5N1)	1318	3770
PB1|PP755595.1|A/cattle/Texas/24-008749-003/2024(H5N1)	1319	3754
PB1|PP755595.1|A/cattle/Texas/24-008749-003/2024(H5N1)	1320	3757
PB1|PP755595.1|A/cattle/Texas/24-008749-003/2024(H5N1)	1321	3880
PB1|PP755595.1|A/cattle/Texas/24-008749-003/2024(H5N1)	1322	3859
PB1|PP755595.1|A/cattle/Texas/24-008749-003/2024(H5N1)	1323	3826
PB1|PP755595.1|A/cattle/Texas/24-008749-003/2024(H5N1)	1324	3835
PB1|PP755595.1|A/cattle/Texas/24-008749-003/2024(H5N1)	1325	3827
PB1|PP755595.1|A/cattle/Texas/24-008749-003/2024(H5N1)	1326	3836
PB1|PP755595.1|A/cattle/Texas/24-008749-003/2024(H5N1)	1327	3832
PB1|PP755595.1|A/cattle/Texas/24-008749-003/2024(H5N1)	1328	3797
PB1|PP755595.1|A/cattle/Texas/24-008749-003/2024(H5N1)	1329	3772
PB1|PP755595.1|A/cattle/Texas/24-008749-003/2024(H5N1)	1330	3677
PB1|PP755595.1|A/cattle/Texas/24-008749-003/2024(H5N1)	1331	3569
PB1|PP755595.1|A/cattle/Texas/24-008749-003/2024(H5N1)	1332	3556
PB1|PP755595.1|A/cattle/Texas/24-008749-003/2024(H5N1)	1333	3556
PB1|PP755595.1|A/cattle/Texas/24-008749-003/2024(H5N1)	1334	3556
PB1|PP755595.1|A/cattle/Texas/24-008749-003/2024(H5N1)	1335	3538
PB1|PP755595.1|A/cattle/Texas/24-008749-003/2024(H5N1)	1336	3465
PB1|PP755595.1|A/cattle/Texas/24-008749-003/2024(H5N1)	1337	3421
PB1|PP755595.1|A/cattle/Texas/24-008749-003/2024(H5N1)	1338	2814
PB1|PP755595.1|A/cattle/Texas/24-008749-003/2024(H5N1)	1339	2796
PB1|PP755595.1|A/cattle/Texas/24-008749-003/2024(H5N1)	1340	2786
PB1|PP755595.1|A/cattle/Texas/24-008749-003/2024(H5N1)	1341	2745
PB1|PP755595.1|A/cattle/Texas/24-008749-003/2024(H5N1)	1342	2745
PB1|PP755595.1|A/cattle/Texas/24-008749-003/2024(H5N1)	1343	2745
PB1|PP755595.1|A/cattle/Texas/24-008749-003/2024(H5N1)	1344	2743
PB1|PP755595.1|A/cattle/Texas/24-008749-003/2024(H5N1)	1345	2778
PB1|PP755595.1|A/cattle/Texas/24-008749-003/2024(H5N1)	1346	2777
PB1|PP755595.1|A/cattle/Texas/24-008749-003/2024(H5N1)	1347	2879
PB1|PP755595.1|A/cattle/Texas/24-008749-003/2024(H5N1)	1348	2879
PB1|PP755595.1|A/cattle/Texas/24-008749-003/2024(H5N1)	1349	2877
PB1|PP755595.1|A/cattle/Texas/24-008749-003/2024(H5N1)	1350	2873
PB1|PP755595.1|A/cattle/Texas/24-008749-003/2024(H5N1)	1351	2912
PB1|PP755595.1|A/cattle/Texas/24-008749-003/2024(H5N1)	1352	2967
PB1|PP755595.1|A/cattle/Texas/24-008749-003/2024(H5N1)	1353	2967
PB1|PP755595.1|A/cattle/Texas/24-008749-003/2024(H5N1)	1354	2982
PB1|PP755595.1|A/cattle/Texas/24-008749-003/2024(H5N1)	1355	2988
PB1|PP755595.1|A/cattle/Texas/24-008749-003/2024(H5N1)	1356	2991
PB1|PP755595.1|A/cattle/Texas/24-008749-003/2024(H5N1)	1357	3007
PB1|PP755595.1|A/cattle/Texas/24-008749-003/2024(H5N1)	1358	3005
PB1|PP755595.1|A/cattle/Texas/24-008749-003/2024(H5N1)	1359	2996
PB1|PP755595.1|A/cattle/Texas/24-008749-003/2024(H5N1)	1360	2998
PB1|PP755595.1|A/cattle/Texas/24-008749-003/2024(H5N1)	1361	2997
PB1|PP755595.1|A/cattle/Texas/24-008749-003/2024(H5N1)	1362	3007
PB1|PP755595.1|A/cattle/Texas/24-008749-003/2024(H5N1)	1363	3271
PB1|PP755595.1|A/cattle/Texas/24-008749-003/2024(H5N1)	1364	3283
PB1|PP755595.1|A/cattle/Texas/24-008749-003/2024(H5N1)	1365	3315
PB1|PP755595.1|A/cattle/Texas/24-008749-003/2024(H5N1)	1366	3319
PB1|PP755595.1|A/cattle/Texas/24-008749-003/2024(H5N1)	1367	3320
PB1|PP755595.1|A/cattle/Texas/24-008749-003/2024(H5N1)	1368	3326
PB1|PP755595.1|A/cattle/Texas/24-008749-003/2024(H5N1)	1369	3331
PB1|PP755595.1|A/cattle/Texas/24-008749-003/2024(H5N1)	1370	3339
PB1|PP755595.1|A/cattle/Texas/24-008749-003/2024(H5N1)	1371	3353
PB1|PP755595.1|A/cattle/Texas/24-008749-003/2024(H5N1)	1372	3341
PB1|PP755595.1|A/cattle/Texas/24-008749-003/2024(H5N1)	1373	3369
PB1|PP755595.1|A/cattle/Texas/24-008749-003/2024(H5N1)	1374	3372
PB1|PP755595.1|A/cattle/Texas/24-008749-003/2024(H5N1)	1375	3519
PB1|PP755595.1|A/cattle/Texas/24-008749-003/2024(H5N1)	1376	3524
PB1|PP755595.1|A/cattle/Texas/24-008749-003/2024(H5N1)	1377	3531
PB1|PP755595.1|A/cattle/Texas/24-008749-003/2024(H5N1)	1378	3502
PB1|PP755595.1|A/cattle/Texas/24-008749-003/2024(H5N1)	1379	3524
PB1|PP755595.1|A/cattle/Texas/24-008749-003/2024(H5N1)	1380	3526
PB1|PP755595.1|A/cattle/Texas/24-008749-003/2024(H5N1)	1381	3524
PB1|PP755595.1|A/cattle/Texas/24-008749-003/2024(H5N1)	1382	3595
PB1|PP755595.1|A/cattle/Texas/24-008749-003/2024(H5N1)	1383	3582
PB1|PP755595.1|A/cattle/Texas/24-008749-003/2024(H5N1)	1384	3621
PB1|PP755595.1|A/cattle/Texas/24-008749-003/2024(H5N1)	1385	3632
PB1|PP755595.1|A/cattle/Texas/24-008749-003/2024(H5N1)	1386	3585
PB1|PP755595.1|A/cattle/Texas/24-008749-003/2024(H5N1)	1387	3572
PB1|PP755595.1|A/cattle/Texas/24-008749-003/2024(H5N1)	1388	3549
PB1|PP755595.1|A/cattle/Texas/24-008749-003/2024(H5N1)	1389	3117
PB1|PP755595.1|A/cattle/Texas/24-008749-003/2024(H5N1)	1390	3142
PB1|PP755595.1|A/cattle/Texas/24-008749-003/2024(H5N1)	1391	3099
PB1|PP755595.1|A/cattle/Texas/24-008749-003/2024(H5N1)	1392	3098
PB1|PP755595.1|A/cattle/Texas/24-008749-003/2024(H5N1)	1393	3105
PB1|PP755595.1|A/cattle/Texas/24-008749-003/2024(H5N1)	1394	3138
PB1|PP755595.1|A/cattle/Texas/24-008749-003/2024(H5N1)	1395	3440
PB1|PP755595.1|A/cattle/Texas/24-008749-003/2024(H5N1)	1396	3745
PB1|PP755595.1|A/cattle/Texas/24-008749-003/2024(H5N1)	1397	3747
PB1|PP755595.1|A/cattle/Texas/24-008749-003/2024(H5N1)	1398	3923
PB1|PP755595.1|A/cattle/Texas/24-008749-003/2024(H5N1)	1399	3926
PB1|PP755595.1|A/cattle/Texas/24-008749-003/2024(H5N1)	1400	3932
PB1|PP755595.1|A/cattle/Texas/24-008749-003/2024(H5N1)	1401	3935
PB1|PP755595.1|A/cattle/Texas/24-008749-003/2024(H5N1)	1402	3920
PB1|PP755595.1|A/cattle/Texas/24-008749-003/2024(H5N1)	1403	3601
PB1|PP755595.1|A/cattle/Texas/24-008749-003/2024(H5N1)	1404	3404
PB1|PP755595.1|A/cattle/Texas/24-008749-003/2024(H5N1)	1405	3416
PB1|PP755595.1|A/cattle/Texas/24-008749-003/2024(H5N1)	1406	3531
PB1|PP755595.1|A/cattle/Texas/24-008749-003/2024(H5N1)	1407	3433
PB1|PP755595.1|A/cattle/Texas/24-008749-003/2024(H5N1)	1408	3426
PB1|PP755595.1|A/cattle/Texas/24-008749-003/2024(H5N1)	1409	3453
PB1|PP755595.1|A/cattle/Texas/24-008749-003/2024(H5N1)	1410	3486
PB1|PP755595.1|A/cattle/Texas/24-008749-003/2024(H5N1)	1411	3487
PB1|PP755595.1|A/cattle/Texas/24-008749-003/2024(H5N1)	1412	3502
PB1|PP755595.1|A/cattle/Texas/24-008749-003/2024(H5N1)	1413	3490
PB1|PP755595.1|A/cattle/Texas/24-008749-003/2024(H5N1)	1414	3499
PB1|PP755595.1|A/cattle/Texas/24-008749-003/2024(H5N1)	1415	3423
PB1|PP755595.1|A/cattle/Texas/24-008749-003/2024(H5N1)	1416	3449
PB1|PP755595.1|A/cattle/Texas/24-008749-003/2024(H5N1)	1417	3452
PB1|PP755595.1|A/cattle/Texas/24-008749-003/2024(H5N1)	1418	3437
PB1|PP755595.1|A/cattle/Texas/24-008749-003/2024(H5N1)	1419	3399
PB1|PP755595.1|A/cattle/Texas/24-008749-003/2024(H5N1)	1420	3396
PB1|PP755595.1|A/cattle/Texas/24-008749-003/2024(H5N1)	1421	3582
PB1|PP755595.1|A/cattle/Texas/24-008749-003/2024(H5N1)	1422	3587
PB1|PP755595.1|A/cattle/Texas/24-008749-003/2024(H5N1)	1423	3777
PB1|PP755595.1|A/cattle/Texas/24-008749-003/2024(H5N1)	1424	3825
PB1|PP755595.1|A/cattle/Texas/24-008749-003/2024(H5N1)	1425	3811
PB1|PP755595.1|A/cattle/Texas/24-008749-003/2024(H5N1)	1426	3819
PB1|PP755595.1|A/cattle/Texas/24-008749-003/2024(H5N1)	1427	3852
PB1|PP755595.1|A/cattle/Texas/24-008749-003/2024(H5N1)	1428	3856
PB1|PP755595.1|A/cattle/Texas/24-008749-003/2024(H5N1)	1429	3896
PB1|PP755595.1|A/cattle/Texas/24-008749-003/2024(H5N1)	1430	3794
PB1|PP755595.1|A/cattle/Texas/24-008749-003/2024(H5N1)	1431	3798
PB1|PP755595.1|A/cattle/Texas/24-008749-003/2024(H5N1)	1432	3799
PB1|PP755595.1|A/cattle/Texas/24-008749-003/2024(H5N1)	1433	3802
PB1|PP755595.1|A/cattle/Texas/24-008749-003/2024(H5N1)	1434	3786
PB1|PP755595.1|A/cattle/Texas/24-008749-003/2024(H5N1)	1435	3845
PB1|PP755595.1|A/cattle/Texas/24-008749-003/2024(H5N1)	1436	3840
PB1|PP755595.1|A/cattle/Texas/24-008749-003/2024(H5N1)	1437	3846
PB1|PP755595.1|A/cattle/Texas/24-008749-003/2024(H5N1)	1438	3831
PB1|PP755595.1|A/cattle/Texas/24-008749-003/2024(H5N1)	1439	3828
PB1|PP755595.1|A/cattle/Texas/24-008749-003/2024(H5N1)	1440	3831
PB1|PP755595.1|A/cattle/Texas/24-008749-003/2024(H5N1)	1441	3857
PB1|PP755595.1|A/cattle/Texas/24-008749-003/2024(H5N1)	1442	3851
PB1|PP755595.1|A/cattle/Texas/24-008749-003/2024(H5N1)	1443	3959
PB1|PP755595.1|A/cattle/Texas/24-008749-003/2024(H5N1)	1444	4012
PB1|PP755595.1|A/cattle/Texas/24-008749-003/2024(H5N1)	1445	4014
PB1|PP755595.1|A/cattle/Texas/24-008749-003/2024(H5N1)	1446	4040
PB1|PP755595.1|A/cattle/Texas/24-008749-003/2024(H5N1)	1447	4068
PB1|PP755595.1|A/cattle/Texas/24-008749-003/2024(H5N1)	1448	4134
PB1|PP755595.1|A/cattle/Texas/24-008749-003/2024(H5N1)	1449	4124
PB1|PP755595.1|A/cattle/Texas/24-008749-003/2024(H5N1)	1450	4124
PB1|PP755595.1|A/cattle/Texas/24-008749-003/2024(H5N1)	1451	4036
PB1|PP755595.1|A/cattle/Texas/24-008749-003/2024(H5N1)	1452	3947
PB1|PP755595.1|A/cattle/Texas/24-008749-003/2024(H5N1)	1453	3962
PB1|PP755595.1|A/cattle/Texas/24-008749-003/2024(H5N1)	1454	3950
PB1|PP755595.1|A/cattle/Texas/24-008749-003/2024(H5N1)	1455	3939
PB1|PP755595.1|A/cattle/Texas/24-008749-003/2024(H5N1)	1456	3930
PB1|PP755595.1|A/cattle/Texas/24-008749-003/2024(H5N1)	1457	3906
PB1|PP755595.1|A/cattle/Texas/24-008749-003/2024(H5N1)	1458	3944
PB1|PP755595.1|A/cattle/Texas/24-008749-003/2024(H5N1)	1459	3925
PB1|PP755595.1|A/cattle/Texas/24-008749-003/2024(H5N1)	1460	3908
PB1|PP755595.1|A/cattle/Texas/24-008749-003/2024(H5N1)	1461	3904
PB1|PP755595.1|A/cattle/Texas/24-008749-003/2024(H5N1)	1462	3901
PB1|PP755595.1|A/cattle/Texas/24-008749-003/2024(H5N1)	1463	3970
PB1|PP755595.1|A/cattle/Texas/24-008749-003/2024(H5N1)	1464	3959
PB1|PP755595.1|A/cattle/Texas/24-008749-003/2024(H5N1)	1465	4013
PB1|PP755595.1|A/cattle/Texas/24-008749-003/2024(H5N1)	1466	4011
PB1|PP755595.1|A/cattle/Texas/24-008749-003/2024(H5N1)	1467	3989
PB1|PP755595.1|A/cattle/Texas/24-008749-003/2024(H5N1)	1468	4010
PB1|PP755595.1|A/cattle/Texas/24-008749-003/2024(H5N1)	1469	4002
PB1|PP755595.1|A/cattle/Texas/24-008749-003/2024(H5N1)	1470	3995
PB1|PP755595.1|A/cattle/Texas/24-008749-003/2024(H5N1)	1471	3988
PB1|PP755595.1|A/cattle/Texas/24-008749-003/2024(H5N1)	1472	3904
PB1|PP755595.1|A/cattle/Texas/24-008749-003/2024(H5N1)	1473	3910
PB1|PP755595.1|A/cattle/Texas/24-008749-003/2024(H5N1)	1474	4010
PB1|PP755595.1|A/cattle/Texas/24-008749-003/2024(H5N1)	1475	3984
PB1|PP755595.1|A/cattle/Texas/24-008749-003/2024(H5N1)	1476	3994
PB1|PP755595.1|A/cattle/Texas/24-008749-003/2024(H5N1)	1477	3989
PB1|PP755595.1|A/cattle/Texas/24-008749-003/2024(H5N1)	1478	4010
PB1|PP755595.1|A/cattle/Texas/24-008749-003/2024(H5N1)	1479	4010
PB1|PP755595.1|A/cattle/Texas/24-008749-003/2024(H5N1)	1480	4027
PB1|PP755595.1|A/cattle/Texas/24-008749-003/2024(H5N1)	1481	4022
PB1|PP755595.1|A/cattle/Texas/24-008749-003/2024(H5N1)	1482	4035
PB1|PP755595.1|A/cattle/Texas/24-008749-003/2024(H5N1)	1483	4034
PB1|PP755595.1|A/cattle/Texas/24-008749-003/2024(H5N1)	1484	4030
PB1|PP755595.1|A/cattle/Texas/24-008749-003/2024(H5N1)	1485	4026
PB1|PP755595.1|A/cattle/Texas/24-008749-003/2024(H5N1)	1486	4061
PB1|PP755595.1|A/cattle/Texas/24-008749-003/2024(H5N1)	1487	4050
PB1|PP755595.1|A/cattle/Texas/24-008749-003/2024(H5N1)	1488	4106
PB1|PP755595.1|A/cattle/Texas/24-008749-003/2024(H5N1)	1489	4119
PB1|PP755595.1|A/cattle/Texas/24-008749-003/2024(H5N1)	1490	4109
PB1|PP755595.1|A/cattle/Texas/24-008749-003/2024(H5N1)	1491	4128
PB1|PP755595.1|A/cattle/Texas/24-008749-003/2024(H5N1)	1492	4126
PB1|PP755595.1|A/cattle/Texas/24-008749-003/2024(H5N1)	1493	4168
PB1|PP755595.1|A/cattle/Texas/24-008749-003/2024(H5N1)	1494	4160
PB1|PP755595.1|A/cattle/Texas/24-008749-003/2024(H5N1)	1495	4205
PB1|PP755595.1|A/cattle/Texas/24-008749-003/2024(H5N1)	1496	4217
PB1|PP755595.1|A/cattle/Texas/24-008749-003/2024(H5N1)	1497	4218
PB1|PP755595.1|A/cattle/Texas/24-008749-003/2024(H5N1)	1498	4135
PB1|PP755595.1|A/cattle/Texas/24-008749-003/2024(H5N1)	1499	4249
PB1|PP755595.1|A/cattle/Texas/24-008749-003/2024(H5N1)	1500	4235
PB1|PP755595.1|A/cattle/Texas/24-008749-003/2024(H5N1)	1501	4240
PB1|PP755595.1|A/cattle/Texas/24-008749-003/2024(H5N1)	1502	4158
PB1|PP755595.1|A/cattle/Texas/24-008749-003/2024(H5N1)	1503	4165
PB1|PP755595.1|A/cattle/Texas/24-008749-003/2024(H5N1)	1504	4165
PB1|PP755595.1|A/cattle/Texas/24-008749-003/2024(H5N1)	1505	4149
PB1|PP755595.1|A/cattle/Texas/24-008749-003/2024(H5N1)	1506	4130
PB1|PP755595.1|A/cattle/Texas/24-008749-003/2024(H5N1)	1507	4145
PB1|PP755595.1|A/cattle/Texas/24-008749-003/2024(H5N1)	1508	4131
PB1|PP755595.1|A/cattle/Texas/24-008749-003/2024(H5N1)	1509	4128
PB1|PP755595.1|A/cattle/Texas/24-008749-003/2024(H5N1)	1510	4151
PB1|PP755595.1|A/cattle/Texas/24-008749-003/2024(H5N1)	1511	4162
PB1|PP755595.1|A/cattle/Texas/24-008749-003/2024(H5N1)	1512	4234
PB1|PP755595.1|A/cattle/Texas/24-008749-003/2024(H5N1)	1513	4223
PB1|PP755595.1|A/cattle/Texas/24-008749-003/2024(H5N1)	1514	4217
PB1|PP755595.1|A/cattle/Texas/24-008749-003/2024(H5N1)	1515	4190
PB1|PP755595.1|A/cattle/Texas/24-008749-003/2024(H5N1)	1516	4177
PB1|PP755595.1|A/cattle/Texas/24-008749-003/2024(H5N1)	1517	4332
PB1|PP755595.1|A/cattle/Texas/24-008749-003/2024(H5N1)	1518	4419
PB1|PP755595.1|A/cattle/Texas/24-008749-003/2024(H5N1)	1519	4421
PB1|PP755595.1|A/cattle/Texas/24-008749-003/2024(H5N1)	1520	4422
PB1|PP755595.1|A/cattle/Texas/24-008749-003/2024(H5N1)	1521	4363
PB1|PP755595.1|A/cattle/Texas/24-008749-003/2024(H5N1)	1522	4431
PB1|PP755595.1|A/cattle/Texas/24-008749-003/2024(H5N1)	1523	4408
PB1|PP755595.1|A/cattle/Texas/24-008749-003/2024(H5N1)	1524	4375
PB1|PP755595.1|A/cattle/Texas/24-008749-003/2024(H5N1)	1525	4488
PB1|PP755595.1|A/cattle/Texas/24-008749-003/2024(H5N1)	1526	4366
PB1|PP755595.1|A/cattle/Texas/24-008749-003/2024(H5N1)	1527	4422
PB1|PP755595.1|A/cattle/Texas/24-008749-003/2024(H5N1)	1528	4484
PB1|PP755595.1|A/cattle/Texas/24-008749-003/2024(H5N1)	1529	4489
PB1|PP755595.1|A/cattle/Texas/24-008749-003/2024(H5N1)	1530	4484
PB1|PP755595.1|A/cattle/Texas/24-008749-003/2024(H5N1)	1531	4392
PB1|PP755595.1|A/cattle/Texas/24-008749-003/2024(H5N1)	1532	4521
PB1|PP755595.1|A/cattle/Texas/24-008749-003/2024(H5N1)	1533	4420
PB1|PP755595.1|A/cattle/Texas/24-008749-003/2024(H5N1)	1534	4413
PB1|PP755595.1|A/cattle/Texas/24-008749-003/2024(H5N1)	1535	4415
PB1|PP755595.1|A/cattle/Texas/24-008749-003/2024(H5N1)	1536	4355
PB1|PP755595.1|A/cattle/Texas/24-008749-003/2024(H5N1)	1537	4351
PB1|PP755595.1|A/cattle/Texas/24-008749-003/2024(H5N1)	1538	4290
PB1|PP755595.1|A/cattle/Texas/24-008749-003/2024(H5N1)	1539	4343
PB1|PP755595.1|A/cattle/Texas/24-008749-003/2024(H5N1)	1540	4306
PB1|PP755595.1|A/cattle/Texas/24-008749-003/2024(H5N1)	1541	4262
PB1|PP755595.1|A/cattle/Texas/24-008749-003/2024(H5N1)	1542	4266
PB1|PP755595.1|A/cattle/Texas/24-008749-003/2024(H5N1)	1543	4279
PB1|PP755595.1|A/cattle/Texas/24-008749-003/2024(H5N1)	1544	3998
PB1|PP755595.1|A/cattle/Texas/24-008749-003/2024(H5N1)	1545	3975
PB1|PP755595.1|A/cattle/Texas/24-008749-003/2024(H5N1)	1546	3977
PB1|PP755595.1|A/cattle/Texas/24-008749-003/2024(H5N1)	1547	4011
PB1|PP755595.1|A/cattle/Texas/24-008749-003/2024(H5N1)	1548	4024
PB1|PP755595.1|A/cattle/Texas/24-008749-003/2024(H5N1)	1549	3904
PB1|PP755595.1|A/cattle/Texas/24-008749-003/2024(H5N1)	1550	3902
PB1|PP755595.1|A/cattle/Texas/24-008749-003/2024(H5N1)	1551	3944
PB1|PP755595.1|A/cattle/Texas/24-008749-003/2024(H5N1)	1552	3931
PB1|PP755595.1|A/cattle/Texas/24-008749-003/2024(H5N1)	1553	3940
PB1|PP755595.1|A/cattle/Texas/24-008749-003/2024(H5N1)	1554	3940
PB1|PP755595.1|A/cattle/Texas/24-008749-003/2024(H5N1)	1555	3933
PB1|PP755595.1|A/cattle/Texas/24-008749-003/2024(H5N1)	1556	3936
PB1|PP755595.1|A/cattle/Texas/24-008749-003/2024(H5N1)	1557	3826
PB1|PP755595.1|A/cattle/Texas/24-008749-003/2024(H5N1)	1558	3811
PB1|PP755595.1|A/cattle/Texas/24-008749-003/2024(H5N1)	1559	3783
PB1|PP755595.1|A/cattle/Texas/24-008749-003/2024(H5N1)	1560	3736
PB1|PP755595.1|A/cattle/Texas/24-008749-003/2024(H5N1)	1561	3768
PB1|PP755595.1|A/cattle/Texas/24-008749-003/2024(H5N1)	1562	3766
PB1|PP755595.1|A/cattle/Texas/24-008749-003/2024(H5N1)	1563	3758
PB1|PP755595.1|A/cattle/Texas/24-008749-003/2024(H5N1)	1564	3867
PB1|PP755595.1|A/cattle/Texas/24-008749-003/2024(H5N1)	1565	3870
PB1|PP755595.1|A/cattle/Texas/24-008749-003/2024(H5N1)	1566	3874
PB1|PP755595.1|A/cattle/Texas/24-008749-003/2024(H5N1)	1567	3886
PB1|PP755595.1|A/cattle/Texas/24-008749-003/2024(H5N1)	1568	3854
PB1|PP755595.1|A/cattle/Texas/24-008749-003/2024(H5N1)	1569	3869
PB1|PP755595.1|A/cattle/Texas/24-008749-003/2024(H5N1)	1570	3822
PB1|PP755595.1|A/cattle/Texas/24-008749-003/2024(H5N1)	1571	3875
PB1|PP755595.1|A/cattle/Texas/24-008749-003/2024(H5N1)	1572	3705
PB1|PP755595.1|A/cattle/Texas/24-008749-003/2024(H5N1)	1573	3648
PB1|PP755595.1|A/cattle/Texas/24-008749-003/2024(H5N1)	1574	3633
PB1|PP755595.1|A/cattle/Texas/24-008749-003/2024(H5N1)	1575	3587
PB1|PP755595.1|A/cattle/Texas/24-008749-003/2024(H5N1)	1576	3576
PB1|PP755595.1|A/cattle/Texas/24-008749-003/2024(H5N1)	1577	3572
PB1|PP755595.1|A/cattle/Texas/24-008749-003/2024(H5N1)	1578	3527
PB1|PP755595.1|A/cattle/Texas/24-008749-003/2024(H5N1)	1579	3525
PB1|PP755595.1|A/cattle/Texas/24-008749-003/2024(H5N1)	1580	3476
PB1|PP755595.1|A/cattle/Texas/24-008749-003/2024(H5N1)	1581	3477
PB1|PP755595.1|A/cattle/Texas/24-008749-003/2024(H5N1)	1582	3566
PB1|PP755595.1|A/cattle/Texas/24-008749-003/2024(H5N1)	1583	3599
PB1|PP755595.1|A/cattle/Texas/24-008749-003/2024(H5N1)	1584	3597
PB1|PP755595.1|A/cattle/Texas/24-008749-003/2024(H5N1)	1585	3671
PB1|PP755595.1|A/cattle/Texas/24-008749-003/2024(H5N1)	1586	3659
PB1|PP755595.1|A/cattle/Texas/24-008749-003/2024(H5N1)	1587	3670
PB1|PP755595.1|A/cattle/Texas/24-008749-003/2024(H5N1)	1588	3680
PB1|PP755595.1|A/cattle/Texas/24-008749-003/2024(H5N1)	1589	3671
PB1|PP755595.1|A/cattle/Texas/24-008749-003/2024(H5N1)	1590	3670
PB1|PP755595.1|A/cattle/Texas/24-008749-003/2024(H5N1)	1591	3677
PB1|PP755595.1|A/cattle/Texas/24-008749-003/2024(H5N1)	1592	3646
PB1|PP755595.1|A/cattle/Texas/24-008749-003/2024(H5N1)	1593	3652
PB1|PP755595.1|A/cattle/Texas/24-008749-003/2024(H5N1)	1594	3530
PB1|PP755595.1|A/cattle/Texas/24-008749-003/2024(H5N1)	1595	3527
PB1|PP755595.1|A/cattle/Texas/24-008749-003/2024(H5N1)	1596	3542
PB1|PP755595.1|A/cattle/Texas/24-008749-003/2024(H5N1)	1597	3497
PB1|PP755595.1|A/cattle/Texas/24-008749-003/2024(H5N1)	1598	3483
PB1|PP755595.1|A/cattle/Texas/24-008749-003/2024(H5N1)	1599	3577
PB1|PP755595.1|A/cattle/Texas/24-008749-003/2024(H5N1)	1600	3582
PB1|PP755595.1|A/cattle/Texas/24-008749-003/2024(H5N1)	1601	3580
PB1|PP755595.1|A/cattle/Texas/24-008749-003/2024(H5N1)	1602	3534
PB1|PP755595.1|A/cattle/Texas/24-008749-003/2024(H5N1)	1603	3526
PB1|PP755595.1|A/cattle/Texas/24-008749-003/2024(H5N1)	1604	3510
PB1|PP755595.1|A/cattle/Texas/24-008749-003/2024(H5N1)	1605	3496
PB1|PP755595.1|A/cattle/Texas/24-008749-003/2024(H5N1)	1606	3532
PB1|PP755595.1|A/cattle/Texas/24-008749-003/2024(H5N1)	1607	3544
PB1|PP755595.1|A/cattle/Texas/24-008749-003/2024(H5N1)	1608	3497
PB1|PP755595.1|A/cattle/Texas/24-008749-003/2024(H5N1)	1609	3500
PB1|PP755595.1|A/cattle/Texas/24-008749-003/2024(H5N1)	1610	3498
PB1|PP755595.1|A/cattle/Texas/24-008749-003/2024(H5N1)	1611	3477
PB1|PP755595.1|A/cattle/Texas/24-008749-003/2024(H5N1)	1612	3473
PB1|PP755595.1|A/cattle/Texas/24-008749-003/2024(H5N1)	1613	3466
PB1|PP755595.1|A/cattle/Texas/24-008749-003/2024(H5N1)	1614	3409
PB1|PP755595.1|A/cattle/Texas/24-008749-003/2024(H5N1)	1615	3504
PB1|PP755595.1|A/cattle/Texas/24-008749-003/2024(H5N1)	1616	3460
PB1|PP755595.1|A/cattle/Texas/24-008749-003/2024(H5N1)	1617	3443
PB1|PP755595.1|A/cattle/Texas/24-008749-003/2024(H5N1)	1618	3449
PB1|PP755595.1|A/cattle/Texas/24-008749-003/2024(H5N1)	1619	3431
PB1|PP755595.1|A/cattle/Texas/24-008749-003/2024(H5N1)	1620	3545
PB1|PP755595.1|A/cattle/Texas/24-008749-003/2024(H5N1)	1621	3568
PB1|PP755595.1|A/cattle/Texas/24-008749-003/2024(H5N1)	1622	3504
PB1|PP755595.1|A/cattle/Texas/24-008749-003/2024(H5N1)	1623	3355
PB1|PP755595.1|A/cattle/Texas/24-008749-003/2024(H5N1)	1624	3346
PB1|PP755595.1|A/cattle/Texas/24-008749-003/2024(H5N1)	1625	3341
PB1|PP755595.1|A/cattle/Texas/24-008749-003/2024(H5N1)	1626	3339
PB1|PP755595.1|A/cattle/Texas/24-008749-003/2024(H5N1)	1627	3392
PB1|PP755595.1|A/cattle/Texas/24-008749-003/2024(H5N1)	1628	3388
PB1|PP755595.1|A/cattle/Texas/24-008749-003/2024(H5N1)	1629	3321
PB1|PP755595.1|A/cattle/Texas/24-008749-003/2024(H5N1)	1630	3321
PB1|PP755595.1|A/cattle/Texas/24-008749-003/2024(H5N1)	1631	3268
PB1|PP755595.1|A/cattle/Texas/24-008749-003/2024(H5N1)	1632	3261
PB1|PP755595.1|A/cattle/Texas/24-008749-003/2024(H5N1)	1633	3256
PB1|PP755595.1|A/cattle/Texas/24-008749-003/2024(H5N1)	1634	3249
PB1|PP755595.1|A/cattle/Texas/24-008749-003/2024(H5N1)	1635	3248
PB1|PP755595.1|A/cattle/Texas/24-008749-003/2024(H5N1)	1636	3248
PB1|PP755595.1|A/cattle/Texas/24-008749-003/2024(H5N1)	1637	3217
PB1|PP755595.1|A/cattle/Texas/24-008749-003/2024(H5N1)	1638	3208
PB1|PP755595.1|A/cattle/Texas/24-008749-003/2024(H5N1)	1639	3142
PB1|PP755595.1|A/cattle/Texas/24-008749-003/2024(H5N1)	1640	3122
PB1|PP755595.1|A/cattle/Texas/24-008749-003/2024(H5N1)	1641	2874
PB1|PP755595.1|A/cattle/Texas/24-008749-003/2024(H5N1)	1642	2810
PB1|PP755595.1|A/cattle/Texas/24-008749-003/2024(H5N1)	1643	2806
PB1|PP755595.1|A/cattle/Texas/24-008749-003/2024(H5N1)	1644	2806
PB1|PP755595.1|A/cattle/Texas/24-008749-003/2024(H5N1)	1645	2806
PB1|PP755595.1|A/cattle/Texas/24-008749-003/2024(H5N1)	1646	2806
PB1|PP755595.1|A/cattle/Texas/24-008749-003/2024(H5N1)	1647	2793
PB1|PP755595.1|A/cattle/Texas/24-008749-003/2024(H5N1)	1648	3163
PB1|PP755595.1|A/cattle/Texas/24-008749-003/2024(H5N1)	1649	3164
PB1|PP755595.1|A/cattle/Texas/24-008749-003/2024(H5N1)	1650	3215
PB1|PP755595.1|A/cattle/Texas/24-008749-003/2024(H5N1)	1651	3218
PB1|PP755595.1|A/cattle/Texas/24-008749-003/2024(H5N1)	1652	3215
PB1|PP755595.1|A/cattle/Texas/24-008749-003/2024(H5N1)	1653	3222
PB1|PP755595.1|A/cattle/Texas/24-008749-003/2024(H5N1)	1654	3196
PB1|PP755595.1|A/cattle/Texas/24-008749-003/2024(H5N1)	1655	3196
PB1|PP755595.1|A/cattle/Texas/24-008749-003/2024(H5N1)	1656	3190
PB1|PP755595.1|A/cattle/Texas/24-008749-003/2024(H5N1)	1657	3186
PB1|PP755595.1|A/cattle/Texas/24-008749-003/2024(H5N1)	1658	3176
PB1|PP755595.1|A/cattle/Texas/24-008749-003/2024(H5N1)	1659	3157
PB1|PP755595.1|A/cattle/Texas/24-008749-003/2024(H5N1)	1660	3234
PB1|PP755595.1|A/cattle/Texas/24-008749-003/2024(H5N1)	1661	3244
PB1|PP755595.1|A/cattle/Texas/24-008749-003/2024(H5N1)	1662	3240
PB1|PP755595.1|A/cattle/Texas/24-008749-003/2024(H5N1)	1663	3168
PB1|PP755595.1|A/cattle/Texas/24-008749-003/2024(H5N1)	1664	3167
PB1|PP755595.1|A/cattle/Texas/24-008749-003/2024(H5N1)	1665	3157
PB1|PP755595.1|A/cattle/Texas/24-008749-003/2024(H5N1)	1666	3154
PB1|PP755595.1|A/cattle/Texas/24-008749-003/2024(H5N1)	1667	3151
PB1|PP755595.1|A/cattle/Texas/24-008749-003/2024(H5N1)	1668	2994
PB1|PP755595.1|A/cattle/Texas/24-008749-003/2024(H5N1)	1669	2901
PB1|PP755595.1|A/cattle/Texas/24-008749-003/2024(H5N1)	1670	2896
PB1|PP755595.1|A/cattle/Texas/24-008749-003/2024(H5N1)	1671	2888
PB1|PP755595.1|A/cattle/Texas/24-008749-003/2024(H5N1)	1672	2887
PB1|PP755595.1|A/cattle/Texas/24-008749-003/2024(H5N1)	1673	2805
PB1|PP755595.1|A/cattle/Texas/24-008749-003/2024(H5N1)	1674	2583
PB1|PP755595.1|A/cattle/Texas/24-008749-003/2024(H5N1)	1675	2581
PB1|PP755595.1|A/cattle/Texas/24-008749-003/2024(H5N1)	1676	2544
PB1|PP755595.1|A/cattle/Texas/24-008749-003/2024(H5N1)	1677	2487
PB1|PP755595.1|A/cattle/Texas/24-008749-003/2024(H5N1)	1678	3018
PB1|PP755595.1|A/cattle/Texas/24-008749-003/2024(H5N1)	1679	3018
PB1|PP755595.1|A/cattle/Texas/24-008749-003/2024(H5N1)	1680	2984
PB1|PP755595.1|A/cattle/Texas/24-008749-003/2024(H5N1)	1681	2977
PB1|PP755595.1|A/cattle/Texas/24-008749-003/2024(H5N1)	1682	2974
PB1|PP755595.1|A/cattle/Texas/24-008749-003/2024(H5N1)	1683	2860
PB1|PP755595.1|A/cattle/Texas/24-008749-003/2024(H5N1)	1684	3002
PB1|PP755595.1|A/cattle/Texas/24-008749-003/2024(H5N1)	1685	2999
PB1|PP755595.1|A/cattle/Texas/24-008749-003/2024(H5N1)	1686	2998
PB1|PP755595.1|A/cattle/Texas/24-008749-003/2024(H5N1)	1687	2997
PB1|PP755595.1|A/cattle/Texas/24-008749-003/2024(H5N1)	1688	2997
PB1|PP755595.1|A/cattle/Texas/24-008749-003/2024(H5N1)	1689	2938
PB1|PP755595.1|A/cattle/Texas/24-008749-003/2024(H5N1)	1690	2934
PB1|PP755595.1|A/cattle/Texas/24-008749-003/2024(H5N1)	1691	2928
PB1|PP755595.1|A/cattle/Texas/24-008749-003/2024(H5N1)	1692	2806
PB1|PP755595.1|A/cattle/Texas/24-008749-003/2024(H5N1)	1693	2917
PB1|PP755595.1|A/cattle/Texas/24-008749-003/2024(H5N1)	1694	2921
PB1|PP755595.1|A/cattle/Texas/24-008749-003/2024(H5N1)	1695	2921
PB1|PP755595.1|A/cattle/Texas/24-008749-003/2024(H5N1)	1696	2926
PB1|PP755595.1|A/cattle/Texas/24-008749-003/2024(H5N1)	1697	2897
PB1|PP755595.1|A/cattle/Texas/24-008749-003/2024(H5N1)	1698	2903
PB1|PP755595.1|A/cattle/Texas/24-008749-003/2024(H5N1)	1699	2898
PB1|PP755595.1|A/cattle/Texas/24-008749-003/2024(H5N1)	1700	2849
PB1|PP755595.1|A/cattle/Texas/24-008749-003/2024(H5N1)	1701	2853
PB1|PP755595.1|A/cattle/Texas/24-008749-003/2024(H5N1)	1702	2826
PB1|PP755595.1|A/cattle/Texas/24-008749-003/2024(H5N1)	1703	2828
PB1|PP755595.1|A/cattle/Texas/24-008749-003/2024(H5N1)	1704	2819
PB1|PP755595.1|A/cattle/Texas/24-008749-003/2024(H5N1)	1705	2818
PB1|PP755595.1|A/cattle/Texas/24-008749-003/2024(H5N1)	1706	2805
PB1|PP755595.1|A/cattle/Texas/24-008749-003/2024(H5N1)	1707	2804
PB1|PP755595.1|A/cattle/Texas/24-008749-003/2024(H5N1)	1708	2802
PB1|PP755595.1|A/cattle/Texas/24-008749-003/2024(H5N1)	1709	2784
PB1|PP755595.1|A/cattle/Texas/24-008749-003/2024(H5N1)	1710	2773
PB1|PP755595.1|A/cattle/Texas/24-008749-003/2024(H5N1)	1711	2797
PB1|PP755595.1|A/cattle/Texas/24-008749-003/2024(H5N1)	1712	2767
PB1|PP755595.1|A/cattle/Texas/24-008749-003/2024(H5N1)	1713	2767
PB1|PP755595.1|A/cattle/Texas/24-008749-003/2024(H5N1)	1714	2760
PB1|PP755595.1|A/cattle/Texas/24-008749-003/2024(H5N1)	1715	2682
PB1|PP755595.1|A/cattle/Texas/24-008749-003/2024(H5N1)	1716	2678
PB1|PP755595.1|A/cattle/Texas/24-008749-003/2024(H5N1)	1717	2779
PB1|PP755595.1|A/cattle/Texas/24-008749-003/2024(H5N1)	1718	2781
PB1|PP755595.1|A/cattle/Texas/24-008749-003/2024(H5N1)	1719	2772
PB1|PP755595.1|A/cattle/Texas/24-008749-003/2024(H5N1)	1720	2770
PB1|PP755595.1|A/cattle/Texas/24-008749-003/2024(H5N1)	1721	2780
PB1|PP755595.1|A/cattle/Texas/24-008749-003/2024(H5N1)	1722	2750
PB1|PP755595.1|A/cattle/Texas/24-008749-003/2024(H5N1)	1723	2748
PB1|PP755595.1|A/cattle/Texas/24-008749-003/2024(H5N1)	1724	2728
PB1|PP755595.1|A/cattle/Texas/24-008749-003/2024(H5N1)	1725	2728
PB1|PP755595.1|A/cattle/Texas/24-008749-003/2024(H5N1)	1726	2656
PB1|PP755595.1|A/cattle/Texas/24-008749-003/2024(H5N1)	1727	2632
PB1|PP755595.1|A/cattle/Texas/24-008749-003/2024(H5N1)	1728	2629
PB1|PP755595.1|A/cattle/Texas/24-008749-003/2024(H5N1)	1729	2627
PB1|PP755595.1|A/cattle/Texas/24-008749-003/2024(H5N1)	1730	2627
PB1|PP755595.1|A/cattle/Texas/24-008749-003/2024(H5N1)	1731	2275
PB1|PP755595.1|A/cattle/Texas/24-008749-003/2024(H5N1)	1732	2265
PB1|PP755595.1|A/cattle/Texas/24-008749-003/2024(H5N1)	1733	2259
PB1|PP755595.1|A/cattle/Texas/24-008749-003/2024(H5N1)	1734	2228
PB1|PP755595.1|A/cattle/Texas/24-008749-003/2024(H5N1)	1735	2159
PB1|PP755595.1|A/cattle/Texas/24-008749-003/2024(H5N1)	1736	2158
PB1|PP755595.1|A/cattle/Texas/24-008749-003/2024(H5N1)	1737	2133
PB1|PP755595.1|A/cattle/Texas/24-008749-003/2024(H5N1)	1738	2439
PB1|PP755595.1|A/cattle/Texas/24-008749-003/2024(H5N1)	1739	2439
PB1|PP755595.1|A/cattle/Texas/24-008749-003/2024(H5N1)	1740	2439
PB1|PP755595.1|A/cattle/Texas/24-008749-003/2024(H5N1)	1741	2439
PB1|PP755595.1|A/cattle/Texas/24-008749-003/2024(H5N1)	1742	2439
PB1|PP755595.1|A/cattle/Texas/24-008749-003/2024(H5N1)	1743	2439
PB1|PP755595.1|A/cattle/Texas/24-008749-003/2024(H5N1)	1744	2439
PB1|PP755595.1|A/cattle/Texas/24-008749-003/2024(H5N1)	1745	2439
PB1|PP755595.1|A/cattle/Texas/24-008749-003/2024(H5N1)	1746	2439
PB1|PP755595.1|A/cattle/Texas/24-008749-003/2024(H5N1)	1747	2439
PB1|PP755595.1|A/cattle/Texas/24-008749-003/2024(H5N1)	1748	2439
PB1|PP755595.1|A/cattle/Texas/24-008749-003/2024(H5N1)	1749	2439
PB1|PP755595.1|A/cattle/Texas/24-008749-003/2024(H5N1)	1750	2439
PB1|PP755595.1|A/cattle/Texas/24-008749-003/2024(H5N1)	1751	2439
PB1|PP755595.1|A/cattle/Texas/24-008749-003/2024(H5N1)	1752	2401
PB1|PP755595.1|A/cattle/Texas/24-008749-003/2024(H5N1)	1753	2401
PB1|PP755595.1|A/cattle/Texas/24-008749-003/2024(H5N1)	1754	2401
PB1|PP755595.1|A/cattle/Texas/24-008749-003/2024(H5N1)	1755	2401
PB1|PP755595.1|A/cattle/Texas/24-008749-003/2024(H5N1)	1756	2401
PB1|PP755595.1|A/cattle/Texas/24-008749-003/2024(H5N1)	1757	2401
PB1|PP755595.1|A/cattle/Texas/24-008749-003/2024(H5N1)	1758	1839
PB1|PP755595.1|A/cattle/Texas/24-008749-003/2024(H5N1)	1759	1839
PB1|PP755595.1|A/cattle/Texas/24-008749-003/2024(H5N1)	1760	1839
PB1|PP755595.1|A/cattle/Texas/24-008749-003/2024(H5N1)	1761	1839
PB1|PP755595.1|A/cattle/Texas/24-008749-003/2024(H5N1)	1762	1839
PB1|PP755595.1|A/cattle/Texas/24-008749-003/2024(H5N1)	1763	1839
PB1|PP755595.1|A/cattle/Texas/24-008749-003/2024(H5N1)	1764	1839
PB1|PP755595.1|A/cattle/Texas/24-008749-003/2024(H5N1)	1765	1839
PB1|PP755595.1|A/cattle/Texas/24-008749-003/2024(H5N1)	1766	1839
PB1|PP755595.1|A/cattle/Texas/24-008749-003/2024(H5N1)	1767	1839
PB1|PP755595.1|A/cattle/Texas/24-008749-003/2024(H5N1)	1768	1844
PB1|PP755595.1|A/cattle/Texas/24-008749-003/2024(H5N1)	1769	1845
PB1|PP755595.1|A/cattle/Texas/24-008749-003/2024(H5N1)	1770	1845
PB1|PP755595.1|A/cattle/Texas/24-008749-003/2024(H5N1)	1771	1845
PB1|PP755595.1|A/cattle/Texas/24-008749-003/2024(H5N1)	1772	1845
PB1|PP755595.1|A/cattle/Texas/24-008749-003/2024(H5N1)	1773	1845
PB1|PP755595.1|A/cattle/Texas/24-008749-003/2024(H5N1)	1774	2380
PB1|PP755595.1|A/cattle/Texas/24-008749-003/2024(H5N1)	1775	2388
PB1|PP755595.1|A/cattle/Texas/24-008749-003/2024(H5N1)	1776	2396
PB1|PP755595.1|A/cattle/Texas/24-008749-003/2024(H5N1)	1777	2399
PB1|PP755595.1|A/cattle/Texas/24-008749-003/2024(H5N1)	1778	2428
PB1|PP755595.1|A/cattle/Texas/24-008749-003/2024(H5N1)	1779	2428
PB1|PP755595.1|A/cattle/Texas/24-008749-003/2024(H5N1)	1780	2428
PB1|PP755595.1|A/cattle/Texas/24-008749-003/2024(H5N1)	1781	2428
PB1|PP755595.1|A/cattle/Texas/24-008749-003/2024(H5N1)	1782	2428
PB1|PP755595.1|A/cattle/Texas/24-008749-003/2024(H5N1)	1783	2428
PB1|PP755595.1|A/cattle/Texas/24-008749-003/2024(H5N1)	1784	2423
PB1|PP755595.1|A/cattle/Texas/24-008749-003/2024(H5N1)	1785	2396
PB1|PP755595.1|A/cattle/Texas/24-008749-003/2024(H5N1)	1786	2396
PB1|PP755595.1|A/cattle/Texas/24-008749-003/2024(H5N1)	1787	2396
PB1|PP755595.1|A/cattle/Texas/24-008749-003/2024(H5N1)	1788	2396
PB1|PP755595.1|A/cattle/Texas/24-008749-003/2024(H5N1)	1789	2401
PB1|PP755595.1|A/cattle/Texas/24-008749-003/2024(H5N1)	1790	2469
PB1|PP755595.1|A/cattle/Texas/24-008749-003/2024(H5N1)	1791	2433
PB1|PP755595.1|A/cattle/Texas/24-008749-003/2024(H5N1)	1792	2417
PB1|PP755595.1|A/cattle/Texas/24-008749-003/2024(H5N1)	1793	2364
PB1|PP755595.1|A/cattle/Texas/24-008749-003/2024(H5N1)	1794	2363
PB1|PP755595.1|A/cattle/Texas/24-008749-003/2024(H5N1)	1795	2362
PB1|PP755595.1|A/cattle/Texas/24-008749-003/2024(H5N1)	1796	2351
PB1|PP755595.1|A/cattle/Texas/24-008749-003/2024(H5N1)	1797	2350
PB1|PP755595.1|A/cattle/Texas/24-008749-003/2024(H5N1)	1798	2245
PB1|PP755595.1|A/cattle/Texas/24-008749-003/2024(H5N1)	1799	2238
PB1|PP755595.1|A/cattle/Texas/24-008749-003/2024(H5N1)	1800	857
PB1|PP755595.1|A/cattle/Texas/24-008749-003/2024(H5N1)	1801	857
PB1|PP755595.1|A/cattle/Texas/24-008749-003/2024(H5N1)	1802	857
PB1|PP755595.1|A/cattle/Texas/24-008749-003/2024(H5N1)	1803	856
PB1|PP755595.1|A/cattle/Texas/24-008749-003/2024(H5N1)	1804	856
PB1|PP755595.1|A/cattle/Texas/24-008749-003/2024(H5N1)	1805	856
PB1|PP755595.1|A/cattle/Texas/24-008749-003/2024(H5N1)	1806	856
PB1|PP755595.1|A/cattle/Texas/24-008749-003/2024(H5N1)	1807	856
PB1|PP755595.1|A/cattle/Texas/24-008749-003/2024(H5N1)	1808	856
PB1|PP755595.1|A/cattle/Texas/24-008749-003/2024(H5N1)	1809	856
PB1|PP755595.1|A/cattle/Texas/24-008749-003/2024(H5N1)	1810	858
PB1|PP755595.1|A/cattle/Texas/24-008749-003/2024(H5N1)	1811	857
PB1|PP755595.1|A/cattle/Texas/24-008749-003/2024(H5N1)	1812	857
PB1|PP755595.1|A/cattle/Texas/24-008749-003/2024(H5N1)	1813	857
PB1|PP755595.1|A/cattle/Texas/24-008749-003/2024(H5N1)	1814	857
PB1|PP755595.1|A/cattle/Texas/24-008749-003/2024(H5N1)	1815	851
PB1|PP755595.1|A/cattle/Texas/24-008749-003/2024(H5N1)	1816	851
PB1|PP755595.1|A/cattle/Texas/24-008749-003/2024(H5N1)	1817	851
PB1|PP755595.1|A/cattle/Texas/24-008749-003/2024(H5N1)	1818	851
PB1|PP755595.1|A/cattle/Texas/24-008749-003/2024(H5N1)	1819	851
PB1|PP755595.1|A/cattle/Texas/24-008749-003/2024(H5N1)	1820	851
PB1|PP755595.1|A/cattle/Texas/24-008749-003/2024(H5N1)	1821	851
PB1|PP755595.1|A/cattle/Texas/24-008749-003/2024(H5N1)	1822	851
PB1|PP755595.1|A/cattle/Texas/24-008749-003/2024(H5N1)	1823	851
PB1|PP755595.1|A/cattle/Texas/24-008749-003/2024(H5N1)	1824	851
PB1|PP755595.1|A/cattle/Texas/24-008749-003/2024(H5N1)	1825	979
PB1|PP755595.1|A/cattle/Texas/24-008749-003/2024(H5N1)	1826	979
PB1|PP755595.1|A/cattle/Texas/24-008749-003/2024(H5N1)	1827	979
PB1|PP755595.1|A/cattle/Texas/24-008749-003/2024(H5N1)	1828	979
PB1|PP755595.1|A/cattle/Texas/24-008749-003/2024(H5N1)	1829	980
PB1|PP755595.1|A/cattle/Texas/24-008749-003/2024(H5N1)	1830	980
PB1|PP755595.1|A/cattle/Texas/24-008749-003/2024(H5N1)	1831	980
PB1|PP755595.1|A/cattle/Texas/24-008749-003/2024(H5N1)	1832	980
PB1|PP755595.1|A/cattle/Texas/24-008749-003/2024(H5N1)	1833	980
PB1|PP755595.1|A/cattle/Texas/24-008749-003/2024(H5N1)	1834	984
PB1|PP755595.1|A/cattle/Texas/24-008749-003/2024(H5N1)	1835	1003
PB1|PP755595.1|A/cattle/Texas/24-008749-003/2024(H5N1)	1836	1003
PB1|PP755595.1|A/cattle/Texas/24-008749-003/2024(H5N1)	1837	1031
PB1|PP755595.1|A/cattle/Texas/24-008749-003/2024(H5N1)	1838	1040
PB1|PP755595.1|A/cattle/Texas/24-008749-003/2024(H5N1)	1839	1050
PB1|PP755595.1|A/cattle/Texas/24-008749-003/2024(H5N1)	1840	1080
PB1|PP755595.1|A/cattle/Texas/24-008749-003/2024(H5N1)	1841	1080
PB1|PP755595.1|A/cattle/Texas/24-008749-003/2024(H5N1)	1842	1080
PB1|PP755595.1|A/cattle/Texas/24-008749-003/2024(H5N1)	1843	1112
PB1|PP755595.1|A/cattle/Texas/24-008749-003/2024(H5N1)	1844	1112
PB1|PP755595.1|A/cattle/Texas/24-008749-003/2024(H5N1)	1845	1122
PB1|PP755595.1|A/cattle/Texas/24-008749-003/2024(H5N1)	1846	2468
PB1|PP755595.1|A/cattle/Texas/24-008749-003/2024(H5N1)	1847	2471
PB1|PP755595.1|A/cattle/Texas/24-008749-003/2024(H5N1)	1848	2481
PB1|PP755595.1|A/cattle/Texas/24-008749-003/2024(H5N1)	1849	2578
PB1|PP755595.1|A/cattle/Texas/24-008749-003/2024(H5N1)	1850	2713
PB1|PP755595.1|A/cattle/Texas/24-008749-003/2024(H5N1)	1851	2714
PB1|PP755595.1|A/cattle/Texas/24-008749-003/2024(H5N1)	1852	2714
PB1|PP755595.1|A/cattle/Texas/24-008749-003/2024(H5N1)	1853	2794
PB1|PP755595.1|A/cattle/Texas/24-008749-003/2024(H5N1)	1854	2794
PB1|PP755595.1|A/cattle/Texas/24-008749-003/2024(H5N1)	1855	2839
PB1|PP755595.1|A/cattle/Texas/24-008749-003/2024(H5N1)	1856	2839
PB1|PP755595.1|A/cattle/Texas/24-008749-003/2024(H5N1)	1857	2839
PB1|PP755595.1|A/cattle/Texas/24-008749-003/2024(H5N1)	1858	2879
PB1|PP755595.1|A/cattle/Texas/24-008749-003/2024(H5N1)	1859	2886
PB1|PP755595.1|A/cattle/Texas/24-008749-003/2024(H5N1)	1860	2929
PB1|PP755595.1|A/cattle/Texas/24-008749-003/2024(H5N1)	1861	2930
PB1|PP755595.1|A/cattle/Texas/24-008749-003/2024(H5N1)	1862	2941
PB1|PP755595.1|A/cattle/Texas/24-008749-003/2024(H5N1)	1863	2995
PB1|PP755595.1|A/cattle/Texas/24-008749-003/2024(H5N1)	1864	3022
PB1|PP755595.1|A/cattle/Texas/24-008749-003/2024(H5N1)	1865	3022
PB1|PP755595.1|A/cattle/Texas/24-008749-003/2024(H5N1)	1866	3022
PB1|PP755595.1|A/cattle/Texas/24-008749-003/2024(H5N1)	1867	3034
PB1|PP755595.1|A/cattle/Texas/24-008749-003/2024(H5N1)	1868	3055
PB1|PP755595.1|A/cattle/Texas/24-008749-003/2024(H5N1)	1869	3079
PB1|PP755595.1|A/cattle/Texas/24-008749-003/2024(H5N1)	1870	3084
PB1|PP755595.1|A/cattle/Texas/24-008749-003/2024(H5N1)	1871	3084
PB1|PP755595.1|A/cattle/Texas/24-008749-003/2024(H5N1)	1872	3086
PB1|PP755595.1|A/cattle/Texas/24-008749-003/2024(H5N1)	1873	3134
PB1|PP755595.1|A/cattle/Texas/24-008749-003/2024(H5N1)	1874	3139
PB1|PP755595.1|A/cattle/Texas/24-008749-003/2024(H5N1)	1875	3142
PB1|PP755595.1|A/cattle/Texas/24-008749-003/2024(H5N1)	1876	3142
PB1|PP755595.1|A/cattle/Texas/24-008749-003/2024(H5N1)	1877	3142
PB1|PP755595.1|A/cattle/Texas/24-008749-003/2024(H5N1)	1878	3142
PB1|PP755595.1|A/cattle/Texas/24-008749-003/2024(H5N1)	1879	3142
PB1|PP755595.1|A/cattle/Texas/24-008749-003/2024(H5N1)	1880	3142
PB1|PP755595.1|A/cattle/Texas/24-008749-003/2024(H5N1)	1881	2533
PB1|PP755595.1|A/cattle/Texas/24-008749-003/2024(H5N1)	1882	2532
PB1|PP755595.1|A/cattle/Texas/24-008749-003/2024(H5N1)	1883	2541
PB1|PP755595.1|A/cattle/Texas/24-008749-003/2024(H5N1)	1884	2545
PB1|PP755595.1|A/cattle/Texas/24-008749-003/2024(H5N1)	1885	2563
PB1|PP755595.1|A/cattle/Texas/24-008749-003/2024(H5N1)	1886	2563
PB1|PP755595.1|A/cattle/Texas/24-008749-003/2024(H5N1)	1887	2563
PB1|PP755595.1|A/cattle/Texas/24-008749-003/2024(H5N1)	1888	2570
PB1|PP755595.1|A/cattle/Texas/24-008749-003/2024(H5N1)	1889	2571
PB1|PP755595.1|A/cattle/Texas/24-008749-003/2024(H5N1)	1890	2593
PB1|PP755595.1|A/cattle/Texas/24-008749-003/2024(H5N1)	1891	3323
PB1|PP755595.1|A/cattle/Texas/24-008749-003/2024(H5N1)	1892	3329
PB1|PP755595.1|A/cattle/Texas/24-008749-003/2024(H5N1)	1893	3329
PB1|PP755595.1|A/cattle/Texas/24-008749-003/2024(H5N1)	1894	3329
PB1|PP755595.1|A/cattle/Texas/24-008749-003/2024(H5N1)	1895	3332
PB1|PP755595.1|A/cattle/Texas/24-008749-003/2024(H5N1)	1896	3332
PB1|PP755595.1|A/cattle/Texas/24-008749-003/2024(H5N1)	1897	3341
PB1|PP755595.1|A/cattle/Texas/24-008749-003/2024(H5N1)	1898	3385
PB1|PP755595.1|A/cattle/Texas/24-008749-003/2024(H5N1)	1899	3416
PB1|PP755595.1|A/cattle/Texas/24-008749-003/2024(H5N1)	1900	3423
PB1|PP755595.1|A/cattle/Texas/24-008749-003/2024(H5N1)	1901	3424
PB1|PP755595.1|A/cattle/Texas/24-008749-003/2024(H5N1)	1902	3433
PB1|PP755595.1|A/cattle/Texas/24-008749-003/2024(H5N1)	1903	3443
PB1|PP755595.1|A/cattle/Texas/24-008749-003/2024(H5N1)	1904	3474
PB1|PP755595.1|A/cattle/Texas/24-008749-003/2024(H5N1)	1905	3474
PB1|PP755595.1|A/cattle/Texas/24-008749-003/2024(H5N1)	1906	3510
PB1|PP755595.1|A/cattle/Texas/24-008749-003/2024(H5N1)	1907	3523
PB1|PP755595.1|A/cattle/Texas/24-008749-003/2024(H5N1)	1908	3528
PB1|PP755595.1|A/cattle/Texas/24-008749-003/2024(H5N1)	1909	3555
PB1|PP755595.1|A/cattle/Texas/24-008749-003/2024(H5N1)	1910	3559
PB1|PP755595.1|A/cattle/Texas/24-008749-003/2024(H5N1)	1911	3559
PB1|PP755595.1|A/cattle/Texas/24-008749-003/2024(H5N1)	1912	3560
PB1|PP755595.1|A/cattle/Texas/24-008749-003/2024(H5N1)	1913	3563
PB1|PP755595.1|A/cattle/Texas/24-008749-003/2024(H5N1)	1914	3584
PB1|PP755595.1|A/cattle/Texas/24-008749-003/2024(H5N1)	1915	3665
PB1|PP755595.1|A/cattle/Texas/24-008749-003/2024(H5N1)	1916	3665
PB1|PP755595.1|A/cattle/Texas/24-008749-003/2024(H5N1)	1917	3531
PB1|PP755595.1|A/cattle/Texas/24-008749-003/2024(H5N1)	1918	3538
PB1|PP755595.1|A/cattle/Texas/24-008749-003/2024(H5N1)	1919	3572
PB1|PP755595.1|A/cattle/Texas/24-008749-003/2024(H5N1)	1920	3639
PB1|PP755595.1|A/cattle/Texas/24-008749-003/2024(H5N1)	1921	3716
PB1|PP755595.1|A/cattle/Texas/24-008749-003/2024(H5N1)	1922	3743
PB1|PP755595.1|A/cattle/Texas/24-008749-003/2024(H5N1)	1923	3761
PB1|PP755595.1|A/cattle/Texas/24-008749-003/2024(H5N1)	1924	3767
PB1|PP755595.1|A/cattle/Texas/24-008749-003/2024(H5N1)	1925	3885
PB1|PP755595.1|A/cattle/Texas/24-008749-003/2024(H5N1)	1926	3890
PB1|PP755595.1|A/cattle/Texas/24-008749-003/2024(H5N1)	1927	3922
PB1|PP755595.1|A/cattle/Texas/24-008749-003/2024(H5N1)	1928	3925
PB1|PP755595.1|A/cattle/Texas/24-008749-003/2024(H5N1)	1929	3903
PB1|PP755595.1|A/cattle/Texas/24-008749-003/2024(H5N1)	1930	3932
PB1|PP755595.1|A/cattle/Texas/24-008749-003/2024(H5N1)	1931	3927
PB1|PP755595.1|A/cattle/Texas/24-008749-003/2024(H5N1)	1932	3987
PB1|PP755595.1|A/cattle/Texas/24-008749-003/2024(H5N1)	1933	3986
PB1|PP755595.1|A/cattle/Texas/24-008749-003/2024(H5N1)	1934	3943
PB1|PP755595.1|A/cattle/Texas/24-008749-003/2024(H5N1)	1935	3910
PB1|PP755595.1|A/cattle/Texas/24-008749-003/2024(H5N1)	1936	3899
PB1|PP755595.1|A/cattle/Texas/24-008749-003/2024(H5N1)	1937	3898
PB1|PP755595.1|A/cattle/Texas/24-008749-003/2024(H5N1)	1938	3897
PB1|PP755595.1|A/cattle/Texas/24-008749-003/2024(H5N1)	1939	3773
PB1|PP755595.1|A/cattle/Texas/24-008749-003/2024(H5N1)	1940	3762
PB1|PP755595.1|A/cattle/Texas/24-008749-003/2024(H5N1)	1941	3685
PB1|PP755595.1|A/cattle/Texas/24-008749-003/2024(H5N1)	1942	3677
PB1|PP755595.1|A/cattle/Texas/24-008749-003/2024(H5N1)	1943	3619
PB1|PP755595.1|A/cattle/Texas/24-008749-003/2024(H5N1)	1944	1692
PB1|PP755595.1|A/cattle/Texas/24-008749-003/2024(H5N1)	1945	1680
PB1|PP755595.1|A/cattle/Texas/24-008749-003/2024(H5N1)	1946	1657
PB1|PP755595.1|A/cattle/Texas/24-008749-003/2024(H5N1)	1947	1655
PB1|PP755595.1|A/cattle/Texas/24-008749-003/2024(H5N1)	1948	1655
PB1|PP755595.1|A/cattle/Texas/24-008749-003/2024(H5N1)	1949	1655
PB1|PP755595.1|A/cattle/Texas/24-008749-003/2024(H5N1)	1950	1631
PB1|PP755595.1|A/cattle/Texas/24-008749-003/2024(H5N1)	1951	1631
PB1|PP755595.1|A/cattle/Texas/24-008749-003/2024(H5N1)	1952	1631
PB1|PP755595.1|A/cattle/Texas/24-008749-003/2024(H5N1)	1953	1631
PB1|PP755595.1|A/cattle/Texas/24-008749-003/2024(H5N1)	1954	1631
PB1|PP755595.1|A/cattle/Texas/24-008749-003/2024(H5N1)	1955	1630
PB1|PP755595.1|A/cattle/Texas/24-008749-003/2024(H5N1)	1956	1622
PB1|PP755595.1|A/cattle/Texas/24-008749-003/2024(H5N1)	1957	1622
PB1|PP755595.1|A/cattle/Texas/24-008749-003/2024(H5N1)	1958	1622
PB1|PP755595.1|A/cattle/Texas/24-008749-003/2024(H5N1)	1959	1622
PB1|PP755595.1|A/cattle/Texas/24-008749-003/2024(H5N1)	1960	1622
PB1|PP755595.1|A/cattle/Texas/24-008749-003/2024(H5N1)	1961	1622
PB1|PP755595.1|A/cattle/Texas/24-008749-003/2024(H5N1)	1962	1622
PB1|PP755595.1|A/cattle/Texas/24-008749-003/2024(H5N1)	1963	1978
PB1|PP755595.1|A/cattle/Texas/24-008749-003/2024(H5N1)	1964	1978
PB1|PP755595.1|A/cattle/Texas/24-008749-003/2024(H5N1)	1965	1978
PB1|PP755595.1|A/cattle/Texas/24-008749-003/2024(H5N1)	1966	1978
PB1|PP755595.1|A/cattle/Texas/24-008749-003/2024(H5N1)	1967	1978
PB1|PP755595.1|A/cattle/Texas/24-008749-003/2024(H5N1)	1968	1977
PB1|PP755595.1|A/cattle/Texas/24-008749-003/2024(H5N1)	1969	1977
PB1|PP755595.1|A/cattle/Texas/24-008749-003/2024(H5N1)	1970	1920
PB1|PP755595.1|A/cattle/Texas/24-008749-003/2024(H5N1)	1971	1916
PB1|PP755595.1|A/cattle/Texas/24-008749-003/2024(H5N1)	1972	1914
PB1|PP755595.1|A/cattle/Texas/24-008749-003/2024(H5N1)	1973	1912
PB1|PP755595.1|A/cattle/Texas/24-008749-003/2024(H5N1)	1974	1864
PB1|PP755595.1|A/cattle/Texas/24-008749-003/2024(H5N1)	1975	1723
PB1|PP755595.1|A/cattle/Texas/24-008749-003/2024(H5N1)	1976	1721
PB1|PP755595.1|A/cattle/Texas/24-008749-003/2024(H5N1)	1977	1686
PB1|PP755595.1|A/cattle/Texas/24-008749-003/2024(H5N1)	1978	1686
PB1|PP755595.1|A/cattle/Texas/24-008749-003/2024(H5N1)	1979	1686
PB1|PP755595.1|A/cattle/Texas/24-008749-003/2024(H5N1)	1980	1633
PB1|PP755595.1|A/cattle/Texas/24-008749-003/2024(H5N1)	1981	1628
PB1|PP755595.1|A/cattle/Texas/24-008749-003/2024(H5N1)	1982	1626
PB1|PP755595.1|A/cattle/Texas/24-008749-003/2024(H5N1)	1983	1623
PB1|PP755595.1|A/cattle/Texas/24-008749-003/2024(H5N1)	1984	1623
PB1|PP755595.1|A/cattle/Texas/24-008749-003/2024(H5N1)	1985	1599
PB1|PP755595.1|A/cattle/Texas/24-008749-003/2024(H5N1)	1986	1581
PB1|PP755595.1|A/cattle/Texas/24-008749-003/2024(H5N1)	1987	1581
PB1|PP755595.1|A/cattle/Texas/24-008749-003/2024(H5N1)	1988	1581
PB1|PP755595.1|A/cattle/Texas/24-008749-003/2024(H5N1)	1989	1581
PB1|PP755595.1|A/cattle/Texas/24-008749-003/2024(H5N1)	1990	1583
PB1|PP755595.1|A/cattle/Texas/24-008749-003/2024(H5N1)	1991	1583
PB1|PP755595.1|A/cattle/Texas/24-008749-003/2024(H5N1)	1992	1586
PB1|PP755595.1|A/cattle/Texas/24-008749-003/2024(H5N1)	1993	1592
PB1|PP755595.1|A/cattle/Texas/24-008749-003/2024(H5N1)	1994	1602
PB1|PP755595.1|A/cattle/Texas/24-008749-003/2024(H5N1)	1995	1602
PB1|PP755595.1|A/cattle/Texas/24-008749-003/2024(H5N1)	1996	1635
PB1|PP755595.1|A/cattle/Texas/24-008749-003/2024(H5N1)	1997	1638
PB1|PP755595.1|A/cattle/Texas/24-008749-003/2024(H5N1)	1998	1639
PB1|PP755595.1|A/cattle/Texas/24-008749-003/2024(H5N1)	1999	1647
PB1|PP755595.1|A/cattle/Texas/24-008749-003/2024(H5N1)	2000	1640
PB1|PP755595.1|A/cattle/Texas/24-008749-003/2024(H5N1)	2001	1501
PB1|PP755595.1|A/cattle/Texas/24-008749-003/2024(H5N1)	2002	1539
PB1|PP755595.1|A/cattle/Texas/24-008749-003/2024(H5N1)	2003	1539
PB1|PP755595.1|A/cattle/Texas/24-008749-003/2024(H5N1)	2004	1539
PB1|PP755595.1|A/cattle/Texas/24-008749-003/2024(H5N1)	2005	1539
PB1|PP755595.1|A/cattle/Texas/24-008749-003/2024(H5N1)	2006	1505
PB1|PP755595.1|A/cattle/Texas/24-008749-003/2024(H5N1)	2007	1505
PB1|PP755595.1|A/cattle/Texas/24-008749-003/2024(H5N1)	2008	1505
PB1|PP755595.1|A/cattle/Texas/24-008749-003/2024(H5N1)	2009	1508
PB1|PP755595.1|A/cattle/Texas/24-008749-003/2024(H5N1)	2010	1501
PB1|PP755595.1|A/cattle/Texas/24-008749-003/2024(H5N1)	2011	1454
PB1|PP755595.1|A/cattle/Texas/24-008749-003/2024(H5N1)	2012	1454
PB1|PP755595.1|A/cattle/Texas/24-008749-003/2024(H5N1)	2013	1445
PB1|PP755595.1|A/cattle/Texas/24-008749-003/2024(H5N1)	2014	1457
PB1|PP755595.1|A/cattle/Texas/24-008749-003/2024(H5N1)	2015	1457
PB1|PP755595.1|A/cattle/Texas/24-008749-003/2024(H5N1)	2016	1452
PB1|PP755595.1|A/cattle/Texas/24-008749-003/2024(H5N1)	2017	1459
PB1|PP755595.1|A/cattle/Texas/24-008749-003/2024(H5N1)	2018	1459
PB1|PP755595.1|A/cattle/Texas/24-008749-003/2024(H5N1)	2019	1458
PB1|PP755595.1|A/cattle/Texas/24-008749-003/2024(H5N1)	2020	1484
PB1|PP755595.1|A/cattle/Texas/24-008749-003/2024(H5N1)	2021	1538
PB1|PP755595.1|A/cattle/Texas/24-008749-003/2024(H5N1)	2022	1649
PB1|PP755595.1|A/cattle/Texas/24-008749-003/2024(H5N1)	2023	1734
PB1|PP755595.1|A/cattle/Texas/24-008749-003/2024(H5N1)	2024	1734
PB1|PP755595.1|A/cattle/Texas/24-008749-003/2024(H5N1)	2025	1733
PB1|PP755595.1|A/cattle/Texas/24-008749-003/2024(H5N1)	2026	1747
PB1|PP755595.1|A/cattle/Texas/24-008749-003/2024(H5N1)	2027	1777
PB1|PP755595.1|A/cattle/Texas/24-008749-003/2024(H5N1)	2028	1781
PB1|PP755595.1|A/cattle/Texas/24-008749-003/2024(H5N1)	2029	1788
PB1|PP755595.1|A/cattle/Texas/24-008749-003/2024(H5N1)	2030	1719
PB1|PP755595.1|A/cattle/Texas/24-008749-003/2024(H5N1)	2031	1637
PB1|PP755595.1|A/cattle/Texas/24-008749-003/2024(H5N1)	2032	1650
PB1|PP755595.1|A/cattle/Texas/24-008749-003/2024(H5N1)	2033	1677
PB1|PP755595.1|A/cattle/Texas/24-008749-003/2024(H5N1)	2034	1788
PB1|PP755595.1|A/cattle/Texas/24-008749-003/2024(H5N1)	2035	3442
PB1|PP755595.1|A/cattle/Texas/24-008749-003/2024(H5N1)	2036	3448
PB1|PP755595.1|A/cattle/Texas/24-008749-003/2024(H5N1)	2037	3464
PB1|PP755595.1|A/cattle/Texas/24-008749-003/2024(H5N1)	2038	3465
PB1|PP755595.1|A/cattle/Texas/24-008749-003/2024(H5N1)	2039	3504
PB1|PP755595.1|A/cattle/Texas/24-008749-003/2024(H5N1)	2040	3555
PB1|PP755595.1|A/cattle/Texas/24-008749-003/2024(H5N1)	2041	3533
PB1|PP755595.1|A/cattle/Texas/24-008749-003/2024(H5N1)	2042	3526
PB1|PP755595.1|A/cattle/Texas/24-008749-003/2024(H5N1)	2043	3555
PB1|PP755595.1|A/cattle/Texas/24-008749-003/2024(H5N1)	2044	3565
PB1|PP755595.1|A/cattle/Texas/24-008749-003/2024(H5N1)	2045	3590
PB1|PP755595.1|A/cattle/Texas/24-008749-003/2024(H5N1)	2046	3584
PB1|PP755595.1|A/cattle/Texas/24-008749-003/2024(H5N1)	2047	3547
PB1|PP755595.1|A/cattle/Texas/24-008749-003/2024(H5N1)	2048	3520
PB1|PP755595.1|A/cattle/Texas/24-008749-003/2024(H5N1)	2049	3521
PB1|PP755595.1|A/cattle/Texas/24-008749-003/2024(H5N1)	2050	3520
PB1|PP755595.1|A/cattle/Texas/24-008749-003/2024(H5N1)	2051	3511
PB1|PP755595.1|A/cattle/Texas/24-008749-003/2024(H5N1)	2052	3461
PB1|PP755595.1|A/cattle/Texas/24-008749-003/2024(H5N1)	2053	3470
PB1|PP755595.1|A/cattle/Texas/24-008749-003/2024(H5N1)	2054	3472
PB1|PP755595.1|A/cattle/Texas/24-008749-003/2024(H5N1)	2055	3449
PB1|PP755595.1|A/cattle/Texas/24-008749-003/2024(H5N1)	2056	3609
PB1|PP755595.1|A/cattle/Texas/24-008749-003/2024(H5N1)	2057	3611
PB1|PP755595.1|A/cattle/Texas/24-008749-003/2024(H5N1)	2058	3611
PB1|PP755595.1|A/cattle/Texas/24-008749-003/2024(H5N1)	2059	3627
PB1|PP755595.1|A/cattle/Texas/24-008749-003/2024(H5N1)	2060	3598
PB1|PP755595.1|A/cattle/Texas/24-008749-003/2024(H5N1)	2061	3620
PB1|PP755595.1|A/cattle/Texas/24-008749-003/2024(H5N1)	2062	3654
PB1|PP755595.1|A/cattle/Texas/24-008749-003/2024(H5N1)	2063	3650
PB1|PP755595.1|A/cattle/Texas/24-008749-003/2024(H5N1)	2064	3651
PB1|PP755595.1|A/cattle/Texas/24-008749-003/2024(H5N1)	2065	3561
PB1|PP755595.1|A/cattle/Texas/24-008749-003/2024(H5N1)	2066	3548
PB1|PP755595.1|A/cattle/Texas/24-008749-003/2024(H5N1)	2067	3160
PB1|PP755595.1|A/cattle/Texas/24-008749-003/2024(H5N1)	2068	3133
PB1|PP755595.1|A/cattle/Texas/24-008749-003/2024(H5N1)	2069	3110
PB1|PP755595.1|A/cattle/Texas/24-008749-003/2024(H5N1)	2070	3101
PB1|PP755595.1|A/cattle/Texas/24-008749-003/2024(H5N1)	2071	3126
PB1|PP755595.1|A/cattle/Texas/24-008749-003/2024(H5N1)	2072	3129
PB1|PP755595.1|A/cattle/Texas/24-008749-003/2024(H5N1)	2073	3124
PB1|PP755595.1|A/cattle/Texas/24-008749-003/2024(H5N1)	2074	3326
PB1|PP755595.1|A/cattle/Texas/24-008749-003/2024(H5N1)	2075	3362
PB1|PP755595.1|A/cattle/Texas/24-008749-003/2024(H5N1)	2076	3379
PB1|PP755595.1|A/cattle/Texas/24-008749-003/2024(H5N1)	2077	3388
PB1|PP755595.1|A/cattle/Texas/24-008749-003/2024(H5N1)	2078	3393
PB1|PP755595.1|A/cattle/Texas/24-008749-003/2024(H5N1)	2079	3398
PB1|PP755595.1|A/cattle/Texas/24-008749-003/2024(H5N1)	2080	3398
PB1|PP755595.1|A/cattle/Texas/24-008749-003/2024(H5N1)	2081	3409
PB1|PP755595.1|A/cattle/Texas/24-008749-003/2024(H5N1)	2082	3421
PB1|PP755595.1|A/cattle/Texas/24-008749-003/2024(H5N1)	2083	3430
PB1|PP755595.1|A/cattle/Texas/24-008749-003/2024(H5N1)	2084	3477
PB1|PP755595.1|A/cattle/Texas/24-008749-003/2024(H5N1)	2085	3502
PB1|PP755595.1|A/cattle/Texas/24-008749-003/2024(H5N1)	2086	3508
PB1|PP755595.1|A/cattle/Texas/24-008749-003/2024(H5N1)	2087	3508
PB1|PP755595.1|A/cattle/Texas/24-008749-003/2024(H5N1)	2088	3381
PB1|PP755595.1|A/cattle/Texas/24-008749-003/2024(H5N1)	2089	3386
PB1|PP755595.1|A/cattle/Texas/24-008749-003/2024(H5N1)	2090	3387
PB1|PP755595.1|A/cattle/Texas/24-008749-003/2024(H5N1)	2091	3387
PB1|PP755595.1|A/cattle/Texas/24-008749-003/2024(H5N1)	2092	3547
PB1|PP755595.1|A/cattle/Texas/24-008749-003/2024(H5N1)	2093	3630
PB1|PP755595.1|A/cattle/Texas/24-008749-003/2024(H5N1)	2094	3636
PB1|PP755595.1|A/cattle/Texas/24-008749-003/2024(H5N1)	2095	3643
PB1|PP755595.1|A/cattle/Texas/24-008749-003/2024(H5N1)	2096	3702
PB1|PP755595.1|A/cattle/Texas/24-008749-003/2024(H5N1)	2097	3712
PB1|PP755595.1|A/cattle/Texas/24-008749-003/2024(H5N1)	2098	3762
PB1|PP755595.1|A/cattle/Texas/24-008749-003/2024(H5N1)	2099	3779
PB1|PP755595.1|A/cattle/Texas/24-008749-003/2024(H5N1)	2100	3743
PB1|PP755595.1|A/cattle/Texas/24-008749-003/2024(H5N1)	2101	3741
PB1|PP755595.1|A/cattle/Texas/24-008749-003/2024(H5N1)	2102	3729
PB1|PP755595.1|A/cattle/Texas/24-008749-003/2024(H5N1)	2103	3605
PB1|PP755595.1|A/cattle/Texas/24-008749-003/2024(H5N1)	2104	3607
PB1|PP755595.1|A/cattle/Texas/24-008749-003/2024(H5N1)	2105	3619
PB1|PP755595.1|A/cattle/Texas/24-008749-003/2024(H5N1)	2106	3877
PB1|PP755595.1|A/cattle/Texas/24-008749-003/2024(H5N1)	2107	4001
PB1|PP755595.1|A/cattle/Texas/24-008749-003/2024(H5N1)	2108	4004
PB1|PP755595.1|A/cattle/Texas/24-008749-003/2024(H5N1)	2109	4065
PB1|PP755595.1|A/cattle/Texas/24-008749-003/2024(H5N1)	2110	4113
PB1|PP755595.1|A/cattle/Texas/24-008749-003/2024(H5N1)	2111	4116
PB1|PP755595.1|A/cattle/Texas/24-008749-003/2024(H5N1)	2112	4157
PB1|PP755595.1|A/cattle/Texas/24-008749-003/2024(H5N1)	2113	4170
PB1|PP755595.1|A/cattle/Texas/24-008749-003/2024(H5N1)	2114	4155
PB1|PP755595.1|A/cattle/Texas/24-008749-003/2024(H5N1)	2115	4166
PB1|PP755595.1|A/cattle/Texas/24-008749-003/2024(H5N1)	2116	4041
PB1|PP755595.1|A/cattle/Texas/24-008749-003/2024(H5N1)	2117	3909
PB1|PP755595.1|A/cattle/Texas/24-008749-003/2024(H5N1)	2118	3973
PB1|PP755595.1|A/cattle/Texas/24-008749-003/2024(H5N1)	2119	3886
PB1|PP755595.1|A/cattle/Texas/24-008749-003/2024(H5N1)	2120	3883
PB1|PP755595.1|A/cattle/Texas/24-008749-003/2024(H5N1)	2121	3775
PB1|PP755595.1|A/cattle/Texas/24-008749-003/2024(H5N1)	2122	3840
PB1|PP755595.1|A/cattle/Texas/24-008749-003/2024(H5N1)	2123	3843
PB1|PP755595.1|A/cattle/Texas/24-008749-003/2024(H5N1)	2124	3843
PB1|PP755595.1|A/cattle/Texas/24-008749-003/2024(H5N1)	2125	3863
PB1|PP755595.1|A/cattle/Texas/24-008749-003/2024(H5N1)	2126	3884
PB1|PP755595.1|A/cattle/Texas/24-008749-003/2024(H5N1)	2127	3891
PB1|PP755595.1|A/cattle/Texas/24-008749-003/2024(H5N1)	2128	3898
PB1|PP755595.1|A/cattle/Texas/24-008749-003/2024(H5N1)	2129	3899
PB1|PP755595.1|A/cattle/Texas/24-008749-003/2024(H5N1)	2130	3922
PB1|PP755595.1|A/cattle/Texas/24-008749-003/2024(H5N1)	2131	3988
PB1|PP755595.1|A/cattle/Texas/24-008749-003/2024(H5N1)	2132	3980
PB1|PP755595.1|A/cattle/Texas/24-008749-003/2024(H5N1)	2133	3943
PB1|PP755595.1|A/cattle/Texas/24-008749-003/2024(H5N1)	2134	4136
PB1|PP755595.1|A/cattle/Texas/24-008749-003/2024(H5N1)	2135	4021
PB1|PP755595.1|A/cattle/Texas/24-008749-003/2024(H5N1)	2136	4020
PB1|PP755595.1|A/cattle/Texas/24-008749-003/2024(H5N1)	2137	4018
PB1|PP755595.1|A/cattle/Texas/24-008749-003/2024(H5N1)	2138	4026
PB1|PP755595.1|A/cattle/Texas/24-008749-003/2024(H5N1)	2139	4027
PB1|PP755595.1|A/cattle/Texas/24-008749-003/2024(H5N1)	2140	4194
PB1|PP755595.1|A/cattle/Texas/24-008749-003/2024(H5N1)	2141	4177
PB1|PP755595.1|A/cattle/Texas/24-008749-003/2024(H5N1)	2142	4172
PB1|PP755595.1|A/cattle/Texas/24-008749-003/2024(H5N1)	2143	4080
PB1|PP755595.1|A/cattle/Texas/24-008749-003/2024(H5N1)	2144	4074
PB1|PP755595.1|A/cattle/Texas/24-008749-003/2024(H5N1)	2145	4064
PB1|PP755595.1|A/cattle/Texas/24-008749-003/2024(H5N1)	2146	4087
PB1|PP755595.1|A/cattle/Texas/24-008749-003/2024(H5N1)	2147	4066
PB1|PP755595.1|A/cattle/Texas/24-008749-003/2024(H5N1)	2148	4074
PB1|PP755595.1|A/cattle/Texas/24-008749-003/2024(H5N1)	2149	4085
PB1|PP755595.1|A/cattle/Texas/24-008749-003/2024(H5N1)	2150	4081
PB1|PP755595.1|A/cattle/Texas/24-008749-003/2024(H5N1)	2151	4027
PB1|PP755595.1|A/cattle/Texas/24-008749-003/2024(H5N1)	2152	3779
PB1|PP755595.1|A/cattle/Texas/24-008749-003/2024(H5N1)	2153	3740
PB1|PP755595.1|A/cattle/Texas/24-008749-003/2024(H5N1)	2154	3757
PB1|PP755595.1|A/cattle/Texas/24-008749-003/2024(H5N1)	2155	3769
PB1|PP755595.1|A/cattle/Texas/24-008749-003/2024(H5N1)	2156	3728
PB1|PP755595.1|A/cattle/Texas/24-008749-003/2024(H5N1)	2157	3729
PB1|PP755595.1|A/cattle/Texas/24-008749-003/2024(H5N1)	2158	3722
PB1|PP755595.1|A/cattle/Texas/24-008749-003/2024(H5N1)	2159	3684
PB1|PP755595.1|A/cattle/Texas/24-008749-003/2024(H5N1)	2160	3684
PB1|PP755595.1|A/cattle/Texas/24-008749-003/2024(H5N1)	2161	3652
PB1|PP755595.1|A/cattle/Texas/24-008749-003/2024(H5N1)	2162	3656
PB1|PP755595.1|A/cattle/Texas/24-008749-003/2024(H5N1)	2163	3672
PB1|PP755595.1|A/cattle/Texas/24-008749-003/2024(H5N1)	2164	3676
PB1|PP755595.1|A/cattle/Texas/24-008749-003/2024(H5N1)	2165	3631
PB1|PP755595.1|A/cattle/Texas/24-008749-003/2024(H5N1)	2166	4015
PB1|PP755595.1|A/cattle/Texas/24-008749-003/2024(H5N1)	2167	4031
PB1|PP755595.1|A/cattle/Texas/24-008749-003/2024(H5N1)	2168	4028
PB1|PP755595.1|A/cattle/Texas/24-008749-003/2024(H5N1)	2169	4160
PB1|PP755595.1|A/cattle/Texas/24-008749-003/2024(H5N1)	2170	4169
PB1|PP755595.1|A/cattle/Texas/24-008749-003/2024(H5N1)	2171	4230
PB1|PP755595.1|A/cattle/Texas/24-008749-003/2024(H5N1)	2172	4097
PB1|PP755595.1|A/cattle/Texas/24-008749-003/2024(H5N1)	2173	4074
PB1|PP755595.1|A/cattle/Texas/24-008749-003/2024(H5N1)	2174	4008
PB1|PP755595.1|A/cattle/Texas/24-008749-003/2024(H5N1)	2175	4008
PB1|PP755595.1|A/cattle/Texas/24-008749-003/2024(H5N1)	2176	3986
PB1|PP755595.1|A/cattle/Texas/24-008749-003/2024(H5N1)	2177	3945
PB1|PP755595.1|A/cattle/Texas/24-008749-003/2024(H5N1)	2178	3941
PB1|PP755595.1|A/cattle/Texas/24-008749-003/2024(H5N1)	2179	3946
PB1|PP755595.1|A/cattle/Texas/24-008749-003/2024(H5N1)	2180	3933
PB1|PP755595.1|A/cattle/Texas/24-008749-003/2024(H5N1)	2181	3933
PB1|PP755595.1|A/cattle/Texas/24-008749-003/2024(H5N1)	2182	3934
PB1|PP755595.1|A/cattle/Texas/24-008749-003/2024(H5N1)	2183	3907
PB1|PP755595.1|A/cattle/Texas/24-008749-003/2024(H5N1)	2184	3764
PB1|PP755595.1|A/cattle/Texas/24-008749-003/2024(H5N1)	2185	3761
PB1|PP755595.1|A/cattle/Texas/24-008749-003/2024(H5N1)	2186	3754
PB1|PP755595.1|A/cattle/Texas/24-008749-003/2024(H5N1)	2187	3749
PB1|PP755595.1|A/cattle/Texas/24-008749-003/2024(H5N1)	2188	3733
PB1|PP755595.1|A/cattle/Texas/24-008749-003/2024(H5N1)	2189	3732
PB1|PP755595.1|A/cattle/Texas/24-008749-003/2024(H5N1)	2190	3668
PB1|PP755595.1|A/cattle/Texas/24-008749-003/2024(H5N1)	2191	3668
PB1|PP755595.1|A/cattle/Texas/24-008749-003/2024(H5N1)	2192	3683
PB1|PP755595.1|A/cattle/Texas/24-008749-003/2024(H5N1)	2193	3666
PB1|PP755595.1|A/cattle/Texas/24-008749-003/2024(H5N1)	2194	3623
PB1|PP755595.1|A/cattle/Texas/24-008749-003/2024(H5N1)	2195	3606
PB1|PP755595.1|A/cattle/Texas/24-008749-003/2024(H5N1)	2196	3582
PB1|PP755595.1|A/cattle/Texas/24-008749-003/2024(H5N1)	2197	3581
PB1|PP755595.1|A/cattle/Texas/24-008749-003/2024(H5N1)	2198	3581
PB1|PP755595.1|A/cattle/Texas/24-008749-003/2024(H5N1)	2199	3580
PB1|PP755595.1|A/cattle/Texas/24-008749-003/2024(H5N1)	2200	3536
PB1|PP755595.1|A/cattle/Texas/24-008749-003/2024(H5N1)	2201	3484
PB1|PP755595.1|A/cattle/Texas/24-008749-003/2024(H5N1)	2202	3476
PB1|PP755595.1|A/cattle/Texas/24-008749-003/2024(H5N1)	2203	3463
PB1|PP755595.1|A/cattle/Texas/24-008749-003/2024(H5N1)	2204	3446
PB1|PP755595.1|A/cattle/Texas/24-008749-003/2024(H5N1)	2205	3439
PB1|PP755595.1|A/cattle/Texas/24-008749-003/2024(H5N1)	2206	3439
PB1|PP755595.1|A/cattle/Texas/24-008749-003/2024(H5N1)	2207	3385
PB1|PP755595.1|A/cattle/Texas/24-008749-003/2024(H5N1)	2208	3381
PB1|PP755595.1|A/cattle/Texas/24-008749-003/2024(H5N1)	2209	3405
PB1|PP755595.1|A/cattle/Texas/24-008749-003/2024(H5N1)	2210	3403
PB1|PP755595.1|A/cattle/Texas/24-008749-003/2024(H5N1)	2211	3367
PB1|PP755595.1|A/cattle/Texas/24-008749-003/2024(H5N1)	2212	3334
PB1|PP755595.1|A/cattle/Texas/24-008749-003/2024(H5N1)	2213	3328
PB1|PP755595.1|A/cattle/Texas/24-008749-003/2024(H5N1)	2214	3324
PB1|PP755595.1|A/cattle/Texas/24-008749-003/2024(H5N1)	2215	3333
PB1|PP755595.1|A/cattle/Texas/24-008749-003/2024(H5N1)	2216	3315
PB1|PP755595.1|A/cattle/Texas/24-008749-003/2024(H5N1)	2217	3313
PB1|PP755595.1|A/cattle/Texas/24-008749-003/2024(H5N1)	2218	3294
PB1|PP755595.1|A/cattle/Texas/24-008749-003/2024(H5N1)	2219	3291
PB1|PP755595.1|A/cattle/Texas/24-008749-003/2024(H5N1)	2220	3274
PB1|PP755595.1|A/cattle/Texas/24-008749-003/2024(H5N1)	2221	3259
PB1|PP755595.1|A/cattle/Texas/24-008749-003/2024(H5N1)	2222	3238
PB1|PP755595.1|A/cattle/Texas/24-008749-003/2024(H5N1)	2223	3235
PB1|PP755595.1|A/cattle/Texas/24-008749-003/2024(H5N1)	2224	3233
PB1|PP755595.1|A/cattle/Texas/24-008749-003/2024(H5N1)	2225	3126
PB1|PP755595.1|A/cattle/Texas/24-008749-003/2024(H5N1)	2226	3113
PB1|PP755595.1|A/cattle/Texas/24-008749-003/2024(H5N1)	2227	3108
PB1|PP755595.1|A/cattle/Texas/24-008749-003/2024(H5N1)	2228	3097
PB1|PP755595.1|A/cattle/Texas/24-008749-003/2024(H5N1)	2229	3088
PB1|PP755595.1|A/cattle/Texas/24-008749-003/2024(H5N1)	2230	3088
PB1|PP755595.1|A/cattle/Texas/24-008749-003/2024(H5N1)	2231	3085
PB1|PP755595.1|A/cattle/Texas/24-008749-003/2024(H5N1)	2232	3076
PB1|PP755595.1|A/cattle/Texas/24-008749-003/2024(H5N1)	2233	3075
PB1|PP755595.1|A/cattle/Texas/24-008749-003/2024(H5N1)	2234	3063
PB1|PP755595.1|A/cattle/Texas/24-008749-003/2024(H5N1)	2235	3022
PB1|PP755595.1|A/cattle/Texas/24-008749-003/2024(H5N1)	2236	2990
PB1|PP755595.1|A/cattle/Texas/24-008749-003/2024(H5N1)	2237	2980
PB1|PP755595.1|A/cattle/Texas/24-008749-003/2024(H5N1)	2238	2960
PB1|PP755595.1|A/cattle/Texas/24-008749-003/2024(H5N1)	2239	2861
PB1|PP755595.1|A/cattle/Texas/24-008749-003/2024(H5N1)	2240	2863
PB1|PP755595.1|A/cattle/Texas/24-008749-003/2024(H5N1)	2241	2862
PB1|PP755595.1|A/cattle/Texas/24-008749-003/2024(H5N1)	2242	2862
PB1|PP755595.1|A/cattle/Texas/24-008749-003/2024(H5N1)	2243	2857
PB1|PP755595.1|A/cattle/Texas/24-008749-003/2024(H5N1)	2244	2762
PB1|PP755595.1|A/cattle/Texas/24-008749-003/2024(H5N1)	2245	2762
PB1|PP755595.1|A/cattle/Texas/24-008749-003/2024(H5N1)	2246	2768
PB1|PP755595.1|A/cattle/Texas/24-008749-003/2024(H5N1)	2247	2698
PB1|PP755595.1|A/cattle/Texas/24-008749-003/2024(H5N1)	2248	2690
PB1|PP755595.1|A/cattle/Texas/24-008749-003/2024(H5N1)	2249	2626
PB1|PP755595.1|A/cattle/Texas/24-008749-003/2024(H5N1)	2250	2610
PB1|PP755595.1|A/cattle/Texas/24-008749-003/2024(H5N1)	2251	2587
PB1|PP755595.1|A/cattle/Texas/24-008749-003/2024(H5N1)	2252	2584
PB1|PP755595.1|A/cattle/Texas/24-008749-003/2024(H5N1)	2253	2577
PB1|PP755595.1|A/cattle/Texas/24-008749-003/2024(H5N1)	2254	2572
PB1|PP755595.1|A/cattle/Texas/24-008749-003/2024(H5N1)	2255	2291
PB1|PP755595.1|A/cattle/Texas/24-008749-003/2024(H5N1)	2256	2283
PB1|PP755595.1|A/cattle/Texas/24-008749-003/2024(H5N1)	2257	2200
PB1|PP755595.1|A/cattle/Texas/24-008749-003/2024(H5N1)	2258	2172
PB1|PP755595.1|A/cattle/Texas/24-008749-003/2024(H5N1)	2259	2170
PB1|PP755595.1|A/cattle/Texas/24-008749-003/2024(H5N1)	2260	2135
PB1|PP755595.1|A/cattle/Texas/24-008749-003/2024(H5N1)	2261	2107
PB1|PP755595.1|A/cattle/Texas/24-008749-003/2024(H5N1)	2262	2105
PB1|PP755595.1|A/cattle/Texas/24-008749-003/2024(H5N1)	2263	2063
PB1|PP755595.1|A/cattle/Texas/24-008749-003/2024(H5N1)	2264	2046
PB1|PP755595.1|A/cattle/Texas/24-008749-003/2024(H5N1)	2265	1964
PB1|PP755595.1|A/cattle/Texas/24-008749-003/2024(H5N1)	2266	1951
PB1|PP755595.1|A/cattle/Texas/24-008749-003/2024(H5N1)	2267	1950
PB1|PP755595.1|A/cattle/Texas/24-008749-003/2024(H5N1)	2268	32
PB1|PP755595.1|A/cattle/Texas/24-008749-003/2024(H5N1)	2269	31
PB1|PP755595.1|A/cattle/Texas/24-008749-003/2024(H5N1)	2270	26
PB1|PP755595.1|A/cattle/Texas/24-008749-003/2024(H5N1)	2271	25
PB1|PP755595.1|A/cattle/Texas/24-008749-003/2024(H5N1)	2272	23
PB1|PP755595.1|A/cattle/Texas/24-008749-003/2024(H5N1)	2273	23
PB1|PP755595.1|A/cattle/Texas/24-008749-003/2024(H5N1)	2274	22
