HA|PP755589.1|A/cattle/Texas/24-008749-003/2024(H5N1)	1	3299
HA|PP755589.1|A/cattle/Texas/24-008749-003/2024(H5N1)	2	3301
HA|PP755589.1|A/cattle/Texas/24-008749-003/2024(H5N1)	3	3360
HA|PP755589.1|A/cattle/Texas/24-008749-003/2024(H5N1)	4	3362
HA|PP755589.1|A/cattle/Texas/24-008749-003/2024(H5N1)	5	3367
HA|PP755589.1|A/cattle/Texas/24-008749-003/2024(H5N1)	6	3383
HA|PP755589.1|A/cattle/Texas/24-008749-003/2024(H5N1)	7	3395
HA|PP755589.1|A/cattle/Texas/24-008749-003/2024(H5N1)	8	3837
HA|PP755589.1|A/cattle/Texas/24-008749-003/2024(H5N1)	9	3850
HA|PP755589.1|A/cattle/Texas/24-008749-003/2024(H5N1)	10	3861
HA|PP755589.1|A/cattle/Texas/24-008749-003/2024(H5N1)	11	3923
HA|PP755589.1|A/cattle/Texas/24-008749-003/2024(H5N1)	12	3925
HA|PP755589.1|A/cattle/Texas/24-008749-003/2024(H5N1)	13	4120
HA|PP755589.1|A/cattle/Texas/24-008749-003/2024(H5N1)	14	4141
HA|PP755589.1|A/cattle/Texas/24-008749-003/2024(H5N1)	15	4154
HA|PP755589.1|A/cattle/Texas/24-008749-003/2024(H5N1)	16	4154
HA|PP755589.1|A/cattle/Texas/24-008749-003/2024(H5N1)	17	4174
HA|PP755589.1|A/cattle/Texas/24-008749-003/2024(H5N1)	18	4180
HA|PP755589.1|A/cattle/Texas/24-008749-003/2024(H5N1)	19	4216
HA|PP755589.1|A/cattle/Texas/24-008749-003/2024(H5N1)	20	4221
HA|PP755589.1|A/cattle/Texas/24-008749-003/2024(H5N1)	21	4237
HA|PP755589.1|A/cattle/Texas/24-008749-003/2024(H5N1)	22	4237
HA|PP755589.1|A/cattle/Texas/24-008749-003/2024(H5N1)	23	4238
HA|PP755589.1|A/cattle/Texas/24-008749-003/2024(H5N1)	24	4242
HA|PP755589.1|A/cattle/Texas/24-008749-003/2024(H5N1)	25	4269
HA|PP755589.1|A/cattle/Texas/24-008749-003/2024(H5N1)	26	4324
HA|PP755589.1|A/cattle/Texas/24-008749-003/2024(H5N1)	27	4326
HA|PP755589.1|A/cattle/Texas/24-008749-003/2024(H5N1)	28	4368
HA|PP755589.1|A/cattle/Texas/24-008749-003/2024(H5N1)	29	4475
HA|PP755589.1|A/cattle/Texas/24-008749-003/2024(H5N1)	30	4542
HA|PP755589.1|A/cattle/Texas/24-008749-003/2024(H5N1)	31	4547
HA|PP755589.1|A/cattle/Texas/24-008749-003/2024(H5N1)	32	4553
HA|PP755589.1|A/cattle/Texas/24-008749-003/2024(H5N1)	33	4615
HA|PP755589.1|A/cattle/Texas/24-008749-003/2024(H5N1)	34	4619
HA|PP755589.1|A/cattle/Texas/24-008749-003/2024(H5N1)	35	4653
HA|PP755589.1|A/cattle/Texas/24-008749-003/2024(H5N1)	36	4671
HA|PP755589.1|A/cattle/Texas/24-008749-003/2024(H5N1)	37	4686
HA|PP755589.1|A/cattle/Texas/24-008749-003/2024(H5N1)	38	4703
HA|PP755589.1|A/cattle/Texas/24-008749-003/2024(H5N1)	39	4993
HA|PP755589.1|A/cattle/Texas/24-008749-003/2024(H5N1)	40	5060
HA|PP755589.1|A/cattle/Texas/24-008749-003/2024(H5N1)	41	5062
HA|PP755589.1|A/cattle/Texas/24-008749-003/2024(H5N1)	42	5070
HA|PP755589.1|A/cattle/Texas/24-008749-003/2024(H5N1)	43	5109
HA|PP755589.1|A/cattle/Texas/24-008749-003/2024(H5N1)	44	5146
HA|PP755589.1|A/cattle/Texas/24-008749-003/2024(H5N1)	45	5147
HA|PP755589.1|A/cattle/Texas/24-008749-003/2024(H5N1)	46	5148
HA|PP755589.1|A/cattle/Texas/24-008749-003/2024(H5N1)	47	5173
HA|PP755589.1|A/cattle/Texas/24-008749-003/2024(H5N1)	48	5176
HA|PP755589.1|A/cattle/Texas/24-008749-003/2024(H5N1)	49	5226
HA|PP755589.1|A/cattle/Texas/24-008749-003/2024(H5N1)	50	5241
HA|PP755589.1|A/cattle/Texas/24-008749-003/2024(H5N1)	51	5246
HA|PP755589.1|A/cattle/Texas/24-008749-003/2024(H5N1)	52	5247
HA|PP755589.1|A/cattle/Texas/24-008749-003/2024(H5N1)	53	5247
HA|PP755589.1|A/cattle/Texas/24-008749-003/2024(H5N1)	54	5547
HA|PP755589.1|A/cattle/Texas/24-008749-003/2024(H5N1)	55	5548
HA|PP755589.1|A/cattle/Texas/24-008749-003/2024(H5N1)	56	5549
HA|PP755589.1|A/cattle/Texas/24-008749-003/2024(H5N1)	57	5567
HA|PP755589.1|A/cattle/Texas/24-008749-003/2024(H5N1)	58	5586
HA|PP755589.1|A/cattle/Texas/24-008749-003/2024(H5N1)	59	5648
HA|PP755589.1|A/cattle/Texas/24-008749-003/2024(H5N1)	60	5662
HA|PP755589.1|A/cattle/Texas/24-008749-003/2024(H5N1)	61	5665
HA|PP755589.1|A/cattle/Texas/24-008749-003/2024(H5N1)	62	5678
HA|PP755589.1|A/cattle/Texas/24-008749-003/2024(H5N1)	63	5647
HA|PP755589.1|A/cattle/Texas/24-008749-003/2024(H5N1)	64	5741
HA|PP755589.1|A/cattle/Texas/24-008749-003/2024(H5N1)	65	5751
HA|PP755589.1|A/cattle/Texas/24-008749-003/2024(H5N1)	66	5915
HA|PP755589.1|A/cattle/Texas/24-008749-003/2024(H5N1)	67	5935
HA|PP755589.1|A/cattle/Texas/24-008749-003/2024(H5N1)	68	5986
HA|PP755589.1|A/cattle/Texas/24-008749-003/2024(H5N1)	69	6038
HA|PP755589.1|A/cattle/Texas/24-008749-003/2024(H5N1)	70	6100
HA|PP755589.1|A/cattle/Texas/24-008749-003/2024(H5N1)	71	6137
HA|PP755589.1|A/cattle/Texas/24-008749-003/2024(H5N1)	72	6148
HA|PP755589.1|A/cattle/Texas/24-008749-003/2024(H5N1)	73	6124
HA|PP755589.1|A/cattle/Texas/24-008749-003/2024(H5N1)	74	6209
HA|PP755589.1|A/cattle/Texas/24-008749-003/2024(H5N1)	75	6227
HA|PP755589.1|A/cattle/Texas/24-008749-003/2024(H5N1)	76	6271
HA|PP755589.1|A/cattle/Texas/24-008749-003/2024(H5N1)	77	6308
HA|PP755589.1|A/cattle/Texas/24-008749-003/2024(H5N1)	78	6520
HA|PP755589.1|A/cattle/Texas/24-008749-003/2024(H5N1)	79	6535
HA|PP755589.1|A/cattle/Texas/24-008749-003/2024(H5N1)	80	6579
HA|PP755589.1|A/cattle/Texas/24-008749-003/2024(H5N1)	81	6591
HA|PP755589.1|A/cattle/Texas/24-008749-003/2024(H5N1)	82	6591
HA|PP755589.1|A/cattle/Texas/24-008749-003/2024(H5N1)	83	6641
HA|PP755589.1|A/cattle/Texas/24-008749-003/2024(H5N1)	84	6642
HA|PP755589.1|A/cattle/Texas/24-008749-003/2024(H5N1)	85	6652
HA|PP755589.1|A/cattle/Texas/24-008749-003/2024(H5N1)	86	6652
HA|PP755589.1|A/cattle/Texas/24-008749-003/2024(H5N1)	87	6628
HA|PP755589.1|A/cattle/Texas/24-008749-003/2024(H5N1)	88	6914
HA|PP755589.1|A/cattle/Texas/24-008749-003/2024(H5N1)	89	6945
HA|PP755589.1|A/cattle/Texas/24-008749-003/2024(H5N1)	90	6986
HA|PP755589.1|A/cattle/Texas/24-008749-003/2024(H5N1)	91	6993
HA|PP755589.1|A/cattle/Texas/24-008749-003/2024(H5N1)	92	6985
HA|PP755589.1|A/cattle/Texas/24-008749-003/2024(H5N1)	93	7139
HA|PP755589.1|A/cattle/Texas/24-008749-003/2024(H5N1)	94	7162
HA|PP755589.1|A/cattle/Texas/24-008749-003/2024(H5N1)	95	7163
HA|PP755589.1|A/cattle/Texas/24-008749-003/2024(H5N1)	96	7211
HA|PP755589.1|A/cattle/Texas/24-008749-003/2024(H5N1)	97	7179
HA|PP755589.1|A/cattle/Texas/24-008749-003/2024(H5N1)	98	7281
HA|PP755589.1|A/cattle/Texas/24-008749-003/2024(H5N1)	99	7286
HA|PP755589.1|A/cattle/Texas/24-008749-003/2024(H5N1)	100	7284
HA|PP755589.1|A/cattle/Texas/24-008749-003/2024(H5N1)	101	7346
HA|PP755589.1|A/cattle/Texas/24-008749-003/2024(H5N1)	102	7318
HA|PP755589.1|A/cattle/Texas/24-008749-003/2024(H5N1)	103	7347
HA|PP755589.1|A/cattle/Texas/24-008749-003/2024(H5N1)	104	7358
HA|PP755589.1|A/cattle/Texas/24-008749-003/2024(H5N1)	105	7354
HA|PP755589.1|A/cattle/Texas/24-008749-003/2024(H5N1)	106	7401
HA|PP755589.1|A/cattle/Texas/24-008749-003/2024(H5N1)	107	7399
HA|PP755589.1|A/cattle/Texas/24-008749-003/2024(H5N1)	108	7417
HA|PP755589.1|A/cattle/Texas/24-008749-003/2024(H5N1)	109	7435
HA|PP755589.1|A/cattle/Texas/24-008749-003/2024(H5N1)	110	7430
HA|PP755589.1|A/cattle/Texas/24-008749-003/2024(H5N1)	111	7469
HA|PP755589.1|A/cattle/Texas/24-008749-003/2024(H5N1)	112	7461
HA|PP755589.1|A/cattle/Texas/24-008749-003/2024(H5N1)	113	7462
HA|PP755589.1|A/cattle/Texas/24-008749-003/2024(H5N1)	114	7506
HA|PP755589.1|A/cattle/Texas/24-008749-003/2024(H5N1)	115	7588
HA|PP755589.1|A/cattle/Texas/24-008749-003/2024(H5N1)	116	7635
HA|PP755589.1|A/cattle/Texas/24-008749-003/2024(H5N1)	117	7643
HA|PP755589.1|A/cattle/Texas/24-008749-003/2024(H5N1)	118	7637
HA|PP755589.1|A/cattle/Texas/24-008749-003/2024(H5N1)	119	7645
HA|PP755589.1|A/cattle/Texas/24-008749-003/2024(H5N1)	120	7632
HA|PP755589.1|A/cattle/Texas/24-008749-003/2024(H5N1)	121	7640
HA|PP755589.1|A/cattle/Texas/24-008749-003/2024(H5N1)	122	7320
HA|PP755589.1|A/cattle/Texas/24-008749-003/2024(H5N1)	123	7132
HA|PP755589.1|A/cattle/Texas/24-008749-003/2024(H5N1)	124	7148
HA|PP755589.1|A/cattle/Texas/24-008749-003/2024(H5N1)	125	6887
HA|PP755589.1|A/cattle/Texas/24-008749-003/2024(H5N1)	126	6875
HA|PP755589.1|A/cattle/Texas/24-008749-003/2024(H5N1)	127	6907
HA|PP755589.1|A/cattle/Texas/24-008749-003/2024(H5N1)	128	6801
HA|PP755589.1|A/cattle/Texas/24-008749-003/2024(H5N1)	129	6840
HA|PP755589.1|A/cattle/Texas/24-008749-003/2024(H5N1)	130	6817
HA|PP755589.1|A/cattle/Texas/24-008749-003/2024(H5N1)	131	6651
HA|PP755589.1|A/cattle/Texas/24-008749-003/2024(H5N1)	132	6675
HA|PP755589.1|A/cattle/Texas/24-008749-003/2024(H5N1)	133	6983
HA|PP755589.1|A/cattle/Texas/24-008749-003/2024(H5N1)	134	7768
HA|PP755589.1|A/cattle/Texas/24-008749-003/2024(H5N1)	135	7313
HA|PP755589.1|A/cattle/Texas/24-008749-003/2024(H5N1)	136	7344
HA|PP755589.1|A/cattle/Texas/24-008749-003/2024(H5N1)	137	7367
HA|PP755589.1|A/cattle/Texas/24-008749-003/2024(H5N1)	138	7415
HA|PP755589.1|A/cattle/Texas/24-008749-003/2024(H5N1)	139	7439
HA|PP755589.1|A/cattle/Texas/24-008749-003/2024(H5N1)	140	7715
HA|PP755589.1|A/cattle/Texas/24-008749-003/2024(H5N1)	141	7559
HA|PP755589.1|A/cattle/Texas/24-008749-003/2024(H5N1)	142	7489
HA|PP755589.1|A/cattle/Texas/24-008749-003/2024(H5N1)	143	7488
HA|PP755589.1|A/cattle/Texas/24-008749-003/2024(H5N1)	144	7470
HA|PP755589.1|A/cattle/Texas/24-008749-003/2024(H5N1)	145	7348
HA|PP755589.1|A/cattle/Texas/24-008749-003/2024(H5N1)	146	7346
HA|PP755589.1|A/cattle/Texas/24-008749-003/2024(H5N1)	147	7372
HA|PP755589.1|A/cattle/Texas/24-008749-003/2024(H5N1)	148	7479
HA|PP755589.1|A/cattle/Texas/24-008749-003/2024(H5N1)	149	7470
HA|PP755589.1|A/cattle/Texas/24-008749-003/2024(H5N1)	150	7473
HA|PP755589.1|A/cattle/Texas/24-008749-003/2024(H5N1)	151	7461
HA|PP755589.1|A/cattle/Texas/24-008749-003/2024(H5N1)	152	7537
HA|PP755589.1|A/cattle/Texas/24-008749-003/2024(H5N1)	153	7536
HA|PP755589.1|A/cattle/Texas/24-008749-003/2024(H5N1)	154	7510
HA|PP755589.1|A/cattle/Texas/24-008749-003/2024(H5N1)	155	7523
HA|PP755589.1|A/cattle/Texas/24-008749-003/2024(H5N1)	156	7530
HA|PP755589.1|A/cattle/Texas/24-008749-003/2024(H5N1)	157	7543
HA|PP755589.1|A/cattle/Texas/24-008749-003/2024(H5N1)	158	7546
HA|PP755589.1|A/cattle/Texas/24-008749-003/2024(H5N1)	159	7237
HA|PP755589.1|A/cattle/Texas/24-008749-003/2024(H5N1)	160	7236
HA|PP755589.1|A/cattle/Texas/24-008749-003/2024(H5N1)	161	7384
HA|PP755589.1|A/cattle/Texas/24-008749-003/2024(H5N1)	162	7343
HA|PP755589.1|A/cattle/Texas/24-008749-003/2024(H5N1)	163	7361
HA|PP755589.1|A/cattle/Texas/24-008749-003/2024(H5N1)	164	7235
HA|PP755589.1|A/cattle/Texas/24-008749-003/2024(H5N1)	165	7230
HA|PP755589.1|A/cattle/Texas/24-008749-003/2024(H5N1)	166	7225
HA|PP755589.1|A/cattle/Texas/24-008749-003/2024(H5N1)	167	7225
HA|PP755589.1|A/cattle/Texas/24-008749-003/2024(H5N1)	168	7204
HA|PP755589.1|A/cattle/Texas/24-008749-003/2024(H5N1)	169	7190
HA|PP755589.1|A/cattle/Texas/24-008749-003/2024(H5N1)	170	7136
HA|PP755589.1|A/cattle/Texas/24-008749-003/2024(H5N1)	171	6899
HA|PP755589.1|A/cattle/Texas/24-008749-003/2024(H5N1)	172	6887
HA|PP755589.1|A/cattle/Texas/24-008749-003/2024(H5N1)	173	6887
HA|PP755589.1|A/cattle/Texas/24-008749-003/2024(H5N1)	174	6888
HA|PP755589.1|A/cattle/Texas/24-008749-003/2024(H5N1)	175	7047
HA|PP755589.1|A/cattle/Texas/24-008749-003/2024(H5N1)	176	7103
HA|PP755589.1|A/cattle/Texas/24-008749-003/2024(H5N1)	177	7112
HA|PP755589.1|A/cattle/Texas/24-008749-003/2024(H5N1)	178	8033
HA|PP755589.1|A/cattle/Texas/24-008749-003/2024(H5N1)	179	8054
HA|PP755589.1|A/cattle/Texas/24-008749-003/2024(H5N1)	180	8124
HA|PP755589.1|A/cattle/Texas/24-008749-003/2024(H5N1)	181	8141
HA|PP755589.1|A/cattle/Texas/24-008749-003/2024(H5N1)	182	8137
HA|PP755589.1|A/cattle/Texas/24-008749-003/2024(H5N1)	183	8146
HA|PP755589.1|A/cattle/Texas/24-008749-003/2024(H5N1)	184	8079
HA|PP755589.1|A/cattle/Texas/24-008749-003/2024(H5N1)	185	8133
HA|PP755589.1|A/cattle/Texas/24-008749-003/2024(H5N1)	186	8154
HA|PP755589.1|A/cattle/Texas/24-008749-003/2024(H5N1)	187	8162
HA|PP755589.1|A/cattle/Texas/24-008749-003/2024(H5N1)	188	8240
HA|PP755589.1|A/cattle/Texas/24-008749-003/2024(H5N1)	189	8210
HA|PP755589.1|A/cattle/Texas/24-008749-003/2024(H5N1)	190	8011
HA|PP755589.1|A/cattle/Texas/24-008749-003/2024(H5N1)	191	7951
HA|PP755589.1|A/cattle/Texas/24-008749-003/2024(H5N1)	192	7975
HA|PP755589.1|A/cattle/Texas/24-008749-003/2024(H5N1)	193	7984
HA|PP755589.1|A/cattle/Texas/24-008749-003/2024(H5N1)	194	7935
HA|PP755589.1|A/cattle/Texas/24-008749-003/2024(H5N1)	195	7900
HA|PP755589.1|A/cattle/Texas/24-008749-003/2024(H5N1)	196	7916
HA|PP755589.1|A/cattle/Texas/24-008749-003/2024(H5N1)	197	7934
HA|PP755589.1|A/cattle/Texas/24-008749-003/2024(H5N1)	198	7949
HA|PP755589.1|A/cattle/Texas/24-008749-003/2024(H5N1)	199	7981
HA|PP755589.1|A/cattle/Texas/24-008749-003/2024(H5N1)	200	7971
HA|PP755589.1|A/cattle/Texas/24-008749-003/2024(H5N1)	201	7961
HA|PP755589.1|A/cattle/Texas/24-008749-003/2024(H5N1)	202	7958
HA|PP755589.1|A/cattle/Texas/24-008749-003/2024(H5N1)	203	7957
HA|PP755589.1|A/cattle/Texas/24-008749-003/2024(H5N1)	204	8033
HA|PP755589.1|A/cattle/Texas/24-008749-003/2024(H5N1)	205	7782
HA|PP755589.1|A/cattle/Texas/24-008749-003/2024(H5N1)	206	7779
HA|PP755589.1|A/cattle/Texas/24-008749-003/2024(H5N1)	207	7996
HA|PP755589.1|A/cattle/Texas/24-008749-003/2024(H5N1)	208	8033
HA|PP755589.1|A/cattle/Texas/24-008749-003/2024(H5N1)	209	8009
HA|PP755589.1|A/cattle/Texas/24-008749-003/2024(H5N1)	210	7820
HA|PP755589.1|A/cattle/Texas/24-008749-003/2024(H5N1)	211	7811
HA|PP755589.1|A/cattle/Texas/24-008749-003/2024(H5N1)	212	7882
HA|PP755589.1|A/cattle/Texas/24-008749-003/2024(H5N1)	213	7914
HA|PP755589.1|A/cattle/Texas/24-008749-003/2024(H5N1)	214	8087
HA|PP755589.1|A/cattle/Texas/24-008749-003/2024(H5N1)	215	8228
HA|PP755589.1|A/cattle/Texas/24-008749-003/2024(H5N1)	216	8105
HA|PP755589.1|A/cattle/Texas/24-008749-003/2024(H5N1)	217	8123
HA|PP755589.1|A/cattle/Texas/24-008749-003/2024(H5N1)	218	8168
HA|PP755589.1|A/cattle/Texas/24-008749-003/2024(H5N1)	219	8121
HA|PP755589.1|A/cattle/Texas/24-008749-003/2024(H5N1)	220	8128
HA|PP755589.1|A/cattle/Texas/24-008749-003/2024(H5N1)	221	8098
HA|PP755589.1|A/cattle/Texas/24-008749-003/2024(H5N1)	222	8069
HA|PP755589.1|A/cattle/Texas/24-008749-003/2024(H5N1)	223	8086
HA|PP755589.1|A/cattle/Texas/24-008749-003/2024(H5N1)	224	8011
HA|PP755589.1|A/cattle/Texas/24-008749-003/2024(H5N1)	225	8008
HA|PP755589.1|A/cattle/Texas/24-008749-003/2024(H5N1)	226	8264
HA|PP755589.1|A/cattle/Texas/24-008749-003/2024(H5N1)	227	8218
HA|PP755589.1|A/cattle/Texas/24-008749-003/2024(H5N1)	228	8200
HA|PP755589.1|A/cattle/Texas/24-008749-003/2024(H5N1)	229	8061
HA|PP755589.1|A/cattle/Texas/24-008749-003/2024(H5N1)	230	8045
HA|PP755589.1|A/cattle/Texas/24-008749-003/2024(H5N1)	231	8048
HA|PP755589.1|A/cattle/Texas/24-008749-003/2024(H5N1)	232	8012
HA|PP755589.1|A/cattle/Texas/24-008749-003/2024(H5N1)	233	8009
HA|PP755589.1|A/cattle/Texas/24-008749-003/2024(H5N1)	234	8038
HA|PP755589.1|A/cattle/Texas/24-008749-003/2024(H5N1)	235	8038
HA|PP755589.1|A/cattle/Texas/24-008749-003/2024(H5N1)	236	8043
HA|PP755589.1|A/cattle/Texas/24-008749-003/2024(H5N1)	237	8036
HA|PP755589.1|A/cattle/Texas/24-008749-003/2024(H5N1)	238	8055
HA|PP755589.1|A/cattle/Texas/24-008749-003/2024(H5N1)	239	7852
HA|PP755589.1|A/cattle/Texas/24-008749-003/2024(H5N1)	240	7908
HA|PP755589.1|A/cattle/Texas/24-008749-003/2024(H5N1)	241	7902
HA|PP755589.1|A/cattle/Texas/24-008749-003/2024(H5N1)	242	7900
HA|PP755589.1|A/cattle/Texas/24-008749-003/2024(H5N1)	243	7859
HA|PP755589.1|A/cattle/Texas/24-008749-003/2024(H5N1)	244	7810
HA|PP755589.1|A/cattle/Texas/24-008749-003/2024(H5N1)	245	7857
HA|PP755589.1|A/cattle/Texas/24-008749-003/2024(H5N1)	246	7940
HA|PP755589.1|A/cattle/Texas/24-008749-003/2024(H5N1)	247	7975
HA|PP755589.1|A/cattle/Texas/24-008749-003/2024(H5N1)	248	7974
HA|PP755589.1|A/cattle/Texas/24-008749-003/2024(H5N1)	249	7871
HA|PP755589.1|A/cattle/Texas/24-008749-003/2024(H5N1)	250	7874
HA|PP755589.1|A/cattle/Texas/24-008749-003/2024(H5N1)	251	7917
HA|PP755589.1|A/cattle/Texas/24-008749-003/2024(H5N1)	252	7862
HA|PP755589.1|A/cattle/Texas/24-008749-003/2024(H5N1)	253	7890
HA|PP755589.1|A/cattle/Texas/24-008749-003/2024(H5N1)	254	7877
HA|PP755589.1|A/cattle/Texas/24-008749-003/2024(H5N1)	255	7961
HA|PP755589.1|A/cattle/Texas/24-008749-003/2024(H5N1)	256	7958
HA|PP755589.1|A/cattle/Texas/24-008749-003/2024(H5N1)	257	8108
HA|PP755589.1|A/cattle/Texas/24-008749-003/2024(H5N1)	258	8137
HA|PP755589.1|A/cattle/Texas/24-008749-003/2024(H5N1)	259	8120
HA|PP755589.1|A/cattle/Texas/24-008749-003/2024(H5N1)	260	8145
HA|PP755589.1|A/cattle/Texas/24-008749-003/2024(H5N1)	261	8143
HA|PP755589.1|A/cattle/Texas/24-008749-003/2024(H5N1)	262	8102
HA|PP755589.1|A/cattle/Texas/24-008749-003/2024(H5N1)	263	8148
HA|PP755589.1|A/cattle/Texas/24-008749-003/2024(H5N1)	264	8072
HA|PP755589.1|A/cattle/Texas/24-008749-003/2024(H5N1)	265	8231
HA|PP755589.1|A/cattle/Texas/24-008749-003/2024(H5N1)	266	8286
HA|PP755589.1|A/cattle/Texas/24-008749-003/2024(H5N1)	267	8253
HA|PP755589.1|A/cattle/Texas/24-008749-003/2024(H5N1)	268	8251
HA|PP755589.1|A/cattle/Texas/24-008749-003/2024(H5N1)	269	8240
HA|PP755589.1|A/cattle/Texas/24-008749-003/2024(H5N1)	270	8246
HA|PP755589.1|A/cattle/Texas/24-008749-003/2024(H5N1)	271	8277
HA|PP755589.1|A/cattle/Texas/24-008749-003/2024(H5N1)	272	8295
HA|PP755589.1|A/cattle/Texas/24-008749-003/2024(H5N1)	273	7740
HA|PP755589.1|A/cattle/Texas/24-008749-003/2024(H5N1)	274	7578
HA|PP755589.1|A/cattle/Texas/24-008749-003/2024(H5N1)	275	7592
HA|PP755589.1|A/cattle/Texas/24-008749-003/2024(H5N1)	276	8591
HA|PP755589.1|A/cattle/Texas/24-008749-003/2024(H5N1)	277	8588
HA|PP755589.1|A/cattle/Texas/24-008749-003/2024(H5N1)	278	8594
HA|PP755589.1|A/cattle/Texas/24-008749-003/2024(H5N1)	279	8506
HA|PP755589.1|A/cattle/Texas/24-008749-003/2024(H5N1)	280	8467
HA|PP755589.1|A/cattle/Texas/24-008749-003/2024(H5N1)	281	8762
HA|PP755589.1|A/cattle/Texas/24-008749-003/2024(H5N1)	282	8742
HA|PP755589.1|A/cattle/Texas/24-008749-003/2024(H5N1)	283	8795
HA|PP755589.1|A/cattle/Texas/24-008749-003/2024(H5N1)	284	8596
HA|PP755589.1|A/cattle/Texas/24-008749-003/2024(H5N1)	285	7465
HA|PP755589.1|A/cattle/Texas/24-008749-003/2024(H5N1)	286	7490
HA|PP755589.1|A/cattle/Texas/24-008749-003/2024(H5N1)	287	7525
HA|PP755589.1|A/cattle/Texas/24-008749-003/2024(H5N1)	288	7496
HA|PP755589.1|A/cattle/Texas/24-008749-003/2024(H5N1)	289	7585
HA|PP755589.1|A/cattle/Texas/24-008749-003/2024(H5N1)	290	7592
HA|PP755589.1|A/cattle/Texas/24-008749-003/2024(H5N1)	291	7578
HA|PP755589.1|A/cattle/Texas/24-008749-003/2024(H5N1)	292	7531
HA|PP755589.1|A/cattle/Texas/24-008749-003/2024(H5N1)	293	7488
HA|PP755589.1|A/cattle/Texas/24-008749-003/2024(H5N1)	294	7486
HA|PP755589.1|A/cattle/Texas/24-008749-003/2024(H5N1)	295	7454
HA|PP755589.1|A/cattle/Texas/24-008749-003/2024(H5N1)	296	6769
HA|PP755589.1|A/cattle/Texas/24-008749-003/2024(H5N1)	297	6752
HA|PP755589.1|A/cattle/Texas/24-008749-003/2024(H5N1)	298	6767
HA|PP755589.1|A/cattle/Texas/24-008749-003/2024(H5N1)	299	7268
HA|PP755589.1|A/cattle/Texas/24-008749-003/2024(H5N1)	300	7276
HA|PP755589.1|A/cattle/Texas/24-008749-003/2024(H5N1)	301	7792
HA|PP755589.1|A/cattle/Texas/24-008749-003/2024(H5N1)	302	7820
HA|PP755589.1|A/cattle/Texas/24-008749-003/2024(H5N1)	303	7824
HA|PP755589.1|A/cattle/Texas/24-008749-003/2024(H5N1)	304	7957
HA|PP755589.1|A/cattle/Texas/24-008749-003/2024(H5N1)	305	8071
HA|PP755589.1|A/cattle/Texas/24-008749-003/2024(H5N1)	306	8075
HA|PP755589.1|A/cattle/Texas/24-008749-003/2024(H5N1)	307	8091
HA|PP755589.1|A/cattle/Texas/24-008749-003/2024(H5N1)	308	8095
HA|PP755589.1|A/cattle/Texas/24-008749-003/2024(H5N1)	309	8166
HA|PP755589.1|A/cattle/Texas/24-008749-003/2024(H5N1)	310	8208
HA|PP755589.1|A/cattle/Texas/24-008749-003/2024(H5N1)	311	8540
HA|PP755589.1|A/cattle/Texas/24-008749-003/2024(H5N1)	312	8538
HA|PP755589.1|A/cattle/Texas/24-008749-003/2024(H5N1)	313	8497
HA|PP755589.1|A/cattle/Texas/24-008749-003/2024(H5N1)	314	8701
HA|PP755589.1|A/cattle/Texas/24-008749-003/2024(H5N1)	315	9081
HA|PP755589.1|A/cattle/Texas/24-008749-003/2024(H5N1)	316	9100
HA|PP755589.1|A/cattle/Texas/24-008749-003/2024(H5N1)	317	9154
HA|PP755589.1|A/cattle/Texas/24-008749-003/2024(H5N1)	318	9166
HA|PP755589.1|A/cattle/Texas/24-008749-003/2024(H5N1)	319	9203
HA|PP755589.1|A/cattle/Texas/24-008749-003/2024(H5N1)	320	9329
HA|PP755589.1|A/cattle/Texas/24-008749-003/2024(H5N1)	321	9307
HA|PP755589.1|A/cattle/Texas/24-008749-003/2024(H5N1)	322	9308
HA|PP755589.1|A/cattle/Texas/24-008749-003/2024(H5N1)	323	9180
HA|PP755589.1|A/cattle/Texas/24-008749-003/2024(H5N1)	324	8803
HA|PP755589.1|A/cattle/Texas/24-008749-003/2024(H5N1)	325	8816
HA|PP755589.1|A/cattle/Texas/24-008749-003/2024(H5N1)	326	8683
HA|PP755589.1|A/cattle/Texas/24-008749-003/2024(H5N1)	327	8670
HA|PP755589.1|A/cattle/Texas/24-008749-003/2024(H5N1)	328	8580
HA|PP755589.1|A/cattle/Texas/24-008749-003/2024(H5N1)	329	8616
HA|PP755589.1|A/cattle/Texas/24-008749-003/2024(H5N1)	330	8590
HA|PP755589.1|A/cattle/Texas/24-008749-003/2024(H5N1)	331	8649
HA|PP755589.1|A/cattle/Texas/24-008749-003/2024(H5N1)	332	8643
HA|PP755589.1|A/cattle/Texas/24-008749-003/2024(H5N1)	333	8652
HA|PP755589.1|A/cattle/Texas/24-008749-003/2024(H5N1)	334	8639
HA|PP755589.1|A/cattle/Texas/24-008749-003/2024(H5N1)	335	8651
HA|PP755589.1|A/cattle/Texas/24-008749-003/2024(H5N1)	336	8582
HA|PP755589.1|A/cattle/Texas/24-008749-003/2024(H5N1)	337	8560
HA|PP755589.1|A/cattle/Texas/24-008749-003/2024(H5N1)	338	8495
HA|PP755589.1|A/cattle/Texas/24-008749-003/2024(H5N1)	339	8514
HA|PP755589.1|A/cattle/Texas/24-008749-003/2024(H5N1)	340	8551
HA|PP755589.1|A/cattle/Texas/24-008749-003/2024(H5N1)	341	8586
HA|PP755589.1|A/cattle/Texas/24-008749-003/2024(H5N1)	342	8670
HA|PP755589.1|A/cattle/Texas/24-008749-003/2024(H5N1)	343	8673
HA|PP755589.1|A/cattle/Texas/24-008749-003/2024(H5N1)	344	8682
HA|PP755589.1|A/cattle/Texas/24-008749-003/2024(H5N1)	345	8673
HA|PP755589.1|A/cattle/Texas/24-008749-003/2024(H5N1)	346	8745
HA|PP755589.1|A/cattle/Texas/24-008749-003/2024(H5N1)	347	9032
HA|PP755589.1|A/cattle/Texas/24-008749-003/2024(H5N1)	348	9045
HA|PP755589.1|A/cattle/Texas/24-008749-003/2024(H5N1)	349	9085
HA|PP755589.1|A/cattle/Texas/24-008749-003/2024(H5N1)	350	9055
HA|PP755589.1|A/cattle/Texas/24-008749-003/2024(H5N1)	351	9066
HA|PP755589.1|A/cattle/Texas/24-008749-003/2024(H5N1)	352	9081
HA|PP755589.1|A/cattle/Texas/24-008749-003/2024(H5N1)	353	9083
HA|PP755589.1|A/cattle/Texas/24-008749-003/2024(H5N1)	354	9087
HA|PP755589.1|A/cattle/Texas/24-008749-003/2024(H5N1)	355	9058
HA|PP755589.1|A/cattle/Texas/24-008749-003/2024(H5N1)	356	9052
HA|PP755589.1|A/cattle/Texas/24-008749-003/2024(H5N1)	357	8925
HA|PP755589.1|A/cattle/Texas/24-008749-003/2024(H5N1)	358	8775
HA|PP755589.1|A/cattle/Texas/24-008749-003/2024(H5N1)	359	8765
HA|PP755589.1|A/cattle/Texas/24-008749-003/2024(H5N1)	360	8821
HA|PP755589.1|A/cattle/Texas/24-008749-003/2024(H5N1)	361	8821
HA|PP755589.1|A/cattle/Texas/24-008749-003/2024(H5N1)	362	8819
HA|PP755589.1|A/cattle/Texas/24-008749-003/2024(H5N1)	363	8793
HA|PP755589.1|A/cattle/Texas/24-008749-003/2024(H5N1)	364	8746
HA|PP755589.1|A/cattle/Texas/24-008749-003/2024(H5N1)	365	8740
HA|PP755589.1|A/cattle/Texas/24-008749-003/2024(H5N1)	366	8657
HA|PP755589.1|A/cattle/Texas/24-008749-003/2024(H5N1)	367	8580
HA|PP755589.1|A/cattle/Texas/24-008749-003/2024(H5N1)	368	8854
HA|PP755589.1|A/cattle/Texas/24-008749-003/2024(H5N1)	369	8808
HA|PP755589.1|A/cattle/Texas/24-008749-003/2024(H5N1)	370	9095
HA|PP755589.1|A/cattle/Texas/24-008749-003/2024(H5N1)	371	9084
HA|PP755589.1|A/cattle/Texas/24-008749-003/2024(H5N1)	372	9018
HA|PP755589.1|A/cattle/Texas/24-008749-003/2024(H5N1)	373	9018
HA|PP755589.1|A/cattle/Texas/24-008749-003/2024(H5N1)	374	8978
HA|PP755589.1|A/cattle/Texas/24-008749-003/2024(H5N1)	375	8909
HA|PP755589.1|A/cattle/Texas/24-008749-003/2024(H5N1)	376	8918
HA|PP755589.1|A/cattle/Texas/24-008749-003/2024(H5N1)	377	8674
HA|PP755589.1|A/cattle/Texas/24-008749-003/2024(H5N1)	378	8662
HA|PP755589.1|A/cattle/Texas/24-008749-003/2024(H5N1)	379	8745
HA|PP755589.1|A/cattle/Texas/24-008749-003/2024(H5N1)	380	8746
HA|PP755589.1|A/cattle/Texas/24-008749-003/2024(H5N1)	381	8764
HA|PP755589.1|A/cattle/Texas/24-008749-003/2024(H5N1)	382	8771
HA|PP755589.1|A/cattle/Texas/24-008749-003/2024(H5N1)	383	8866
HA|PP755589.1|A/cattle/Texas/24-008749-003/2024(H5N1)	384	8866
HA|PP755589.1|A/cattle/Texas/24-008749-003/2024(H5N1)	385	8851
HA|PP755589.1|A/cattle/Texas/24-008749-003/2024(H5N1)	386	8841
HA|PP755589.1|A/cattle/Texas/24-008749-003/2024(H5N1)	387	8883
HA|PP755589.1|A/cattle/Texas/24-008749-003/2024(H5N1)	388	9028
HA|PP755589.1|A/cattle/Texas/24-008749-003/2024(H5N1)	389	8998
HA|PP755589.1|A/cattle/Texas/24-008749-003/2024(H5N1)	390	8990
HA|PP755589.1|A/cattle/Texas/24-008749-003/2024(H5N1)	391	8910
HA|PP755589.1|A/cattle/Texas/24-008749-003/2024(H5N1)	392	8892
HA|PP755589.1|A/cattle/Texas/24-008749-003/2024(H5N1)	393	8941
HA|PP755589.1|A/cattle/Texas/24-008749-003/2024(H5N1)	394	9109
HA|PP755589.1|A/cattle/Texas/24-008749-003/2024(H5N1)	395	9067
HA|PP755589.1|A/cattle/Texas/24-008749-003/2024(H5N1)	396	8922
HA|PP755589.1|A/cattle/Texas/24-008749-003/2024(H5N1)	397	8868
HA|PP755589.1|A/cattle/Texas/24-008749-003/2024(H5N1)	398	9346
HA|PP755589.1|A/cattle/Texas/24-008749-003/2024(H5N1)	399	9485
HA|PP755589.1|A/cattle/Texas/24-008749-003/2024(H5N1)	400	9497
HA|PP755589.1|A/cattle/Texas/24-008749-003/2024(H5N1)	401	9501
HA|PP755589.1|A/cattle/Texas/24-008749-003/2024(H5N1)	402	9516
HA|PP755589.1|A/cattle/Texas/24-008749-003/2024(H5N1)	403	9518
HA|PP755589.1|A/cattle/Texas/24-008749-003/2024(H5N1)	404	9486
HA|PP755589.1|A/cattle/Texas/24-008749-003/2024(H5N1)	405	9493
HA|PP755589.1|A/cattle/Texas/24-008749-003/2024(H5N1)	406	9395
HA|PP755589.1|A/cattle/Texas/24-008749-003/2024(H5N1)	407	9429
HA|PP755589.1|A/cattle/Texas/24-008749-003/2024(H5N1)	408	9271
HA|PP755589.1|A/cattle/Texas/24-008749-003/2024(H5N1)	409	9251
HA|PP755589.1|A/cattle/Texas/24-008749-003/2024(H5N1)	410	9255
HA|PP755589.1|A/cattle/Texas/24-008749-003/2024(H5N1)	411	9182
HA|PP755589.1|A/cattle/Texas/24-008749-003/2024(H5N1)	412	9195
HA|PP755589.1|A/cattle/Texas/24-008749-003/2024(H5N1)	413	9225
HA|PP755589.1|A/cattle/Texas/24-008749-003/2024(H5N1)	414	9218
HA|PP755589.1|A/cattle/Texas/24-008749-003/2024(H5N1)	415	9037
HA|PP755589.1|A/cattle/Texas/24-008749-003/2024(H5N1)	416	9005
HA|PP755589.1|A/cattle/Texas/24-008749-003/2024(H5N1)	417	9034
HA|PP755589.1|A/cattle/Texas/24-008749-003/2024(H5N1)	418	9036
HA|PP755589.1|A/cattle/Texas/24-008749-003/2024(H5N1)	419	9152
HA|PP755589.1|A/cattle/Texas/24-008749-003/2024(H5N1)	420	9175
HA|PP755589.1|A/cattle/Texas/24-008749-003/2024(H5N1)	421	9478
HA|PP755589.1|A/cattle/Texas/24-008749-003/2024(H5N1)	422	9442
HA|PP755589.1|A/cattle/Texas/24-008749-003/2024(H5N1)	423	9498
HA|PP755589.1|A/cattle/Texas/24-008749-003/2024(H5N1)	424	9500
HA|PP755589.1|A/cattle/Texas/24-008749-003/2024(H5N1)	425	9549
HA|PP755589.1|A/cattle/Texas/24-008749-003/2024(H5N1)	426	9561
HA|PP755589.1|A/cattle/Texas/24-008749-003/2024(H5N1)	427	8629
HA|PP755589.1|A/cattle/Texas/24-008749-003/2024(H5N1)	428	8709
HA|PP755589.1|A/cattle/Texas/24-008749-003/2024(H5N1)	429	8782
HA|PP755589.1|A/cattle/Texas/24-008749-003/2024(H5N1)	430	8772
HA|PP755589.1|A/cattle/Texas/24-008749-003/2024(H5N1)	431	9081
HA|PP755589.1|A/cattle/Texas/24-008749-003/2024(H5N1)	432	9084
HA|PP755589.1|A/cattle/Texas/24-008749-003/2024(H5N1)	433	9154
HA|PP755589.1|A/cattle/Texas/24-008749-003/2024(H5N1)	434	9108
HA|PP755589.1|A/cattle/Texas/24-008749-003/2024(H5N1)	435	9101
HA|PP755589.1|A/cattle/Texas/24-008749-003/2024(H5N1)	436	9133
HA|PP755589.1|A/cattle/Texas/24-008749-003/2024(H5N1)	437	9193
HA|PP755589.1|A/cattle/Texas/24-008749-003/2024(H5N1)	438	9276
HA|PP755589.1|A/cattle/Texas/24-008749-003/2024(H5N1)	439	9265
HA|PP755589.1|A/cattle/Texas/24-008749-003/2024(H5N1)	440	8798
HA|PP755589.1|A/cattle/Texas/24-008749-003/2024(H5N1)	441	8834
HA|PP755589.1|A/cattle/Texas/24-008749-003/2024(H5N1)	442	8772
HA|PP755589.1|A/cattle/Texas/24-008749-003/2024(H5N1)	443	8781
HA|PP755589.1|A/cattle/Texas/24-008749-003/2024(H5N1)	444	8661
HA|PP755589.1|A/cattle/Texas/24-008749-003/2024(H5N1)	445	8589
HA|PP755589.1|A/cattle/Texas/24-008749-003/2024(H5N1)	446	8672
HA|PP755589.1|A/cattle/Texas/24-008749-003/2024(H5N1)	447	8578
HA|PP755589.1|A/cattle/Texas/24-008749-003/2024(H5N1)	448	8589
HA|PP755589.1|A/cattle/Texas/24-008749-003/2024(H5N1)	449	8277
HA|PP755589.1|A/cattle/Texas/24-008749-003/2024(H5N1)	450	8224
HA|PP755589.1|A/cattle/Texas/24-008749-003/2024(H5N1)	451	8260
HA|PP755589.1|A/cattle/Texas/24-008749-003/2024(H5N1)	452	8588
HA|PP755589.1|A/cattle/Texas/24-008749-003/2024(H5N1)	453	8599
HA|PP755589.1|A/cattle/Texas/24-008749-003/2024(H5N1)	454	8714
HA|PP755589.1|A/cattle/Texas/24-008749-003/2024(H5N1)	455	8607
HA|PP755589.1|A/cattle/Texas/24-008749-003/2024(H5N1)	456	8839
HA|PP755589.1|A/cattle/Texas/24-008749-003/2024(H5N1)	457	8879
HA|PP755589.1|A/cattle/Texas/24-008749-003/2024(H5N1)	458	8891
HA|PP755589.1|A/cattle/Texas/24-008749-003/2024(H5N1)	459	8956
HA|PP755589.1|A/cattle/Texas/24-008749-003/2024(H5N1)	460	8854
HA|PP755589.1|A/cattle/Texas/24-008749-003/2024(H5N1)	461	8502
HA|PP755589.1|A/cattle/Texas/24-008749-003/2024(H5N1)	462	8504
HA|PP755589.1|A/cattle/Texas/24-008749-003/2024(H5N1)	463	8543
HA|PP755589.1|A/cattle/Texas/24-008749-003/2024(H5N1)	464	8546
HA|PP755589.1|A/cattle/Texas/24-008749-003/2024(H5N1)	465	8372
HA|PP755589.1|A/cattle/Texas/24-008749-003/2024(H5N1)	466	8034
HA|PP755589.1|A/cattle/Texas/24-008749-003/2024(H5N1)	467	8065
HA|PP755589.1|A/cattle/Texas/24-008749-003/2024(H5N1)	468	8050
HA|PP755589.1|A/cattle/Texas/24-008749-003/2024(H5N1)	469	8024
HA|PP755589.1|A/cattle/Texas/24-008749-003/2024(H5N1)	470	7895
HA|PP755589.1|A/cattle/Texas/24-008749-003/2024(H5N1)	471	7902
HA|PP755589.1|A/cattle/Texas/24-008749-003/2024(H5N1)	472	7899
HA|PP755589.1|A/cattle/Texas/24-008749-003/2024(H5N1)	473	7926
HA|PP755589.1|A/cattle/Texas/24-008749-003/2024(H5N1)	474	7978
HA|PP755589.1|A/cattle/Texas/24-008749-003/2024(H5N1)	475	7956
HA|PP755589.1|A/cattle/Texas/24-008749-003/2024(H5N1)	476	8016
HA|PP755589.1|A/cattle/Texas/24-008749-003/2024(H5N1)	477	8061
HA|PP755589.1|A/cattle/Texas/24-008749-003/2024(H5N1)	478	8082
HA|PP755589.1|A/cattle/Texas/24-008749-003/2024(H5N1)	479	8090
HA|PP755589.1|A/cattle/Texas/24-008749-003/2024(H5N1)	480	7946
HA|PP755589.1|A/cattle/Texas/24-008749-003/2024(H5N1)	481	7928
HA|PP755589.1|A/cattle/Texas/24-008749-003/2024(H5N1)	482	7976
HA|PP755589.1|A/cattle/Texas/24-008749-003/2024(H5N1)	483	7969
HA|PP755589.1|A/cattle/Texas/24-008749-003/2024(H5N1)	484	8116
HA|PP755589.1|A/cattle/Texas/24-008749-003/2024(H5N1)	485	8121
HA|PP755589.1|A/cattle/Texas/24-008749-003/2024(H5N1)	486	8091
HA|PP755589.1|A/cattle/Texas/24-008749-003/2024(H5N1)	487	8192
HA|PP755589.1|A/cattle/Texas/24-008749-003/2024(H5N1)	488	8227
HA|PP755589.1|A/cattle/Texas/24-008749-003/2024(H5N1)	489	8309
HA|PP755589.1|A/cattle/Texas/24-008749-003/2024(H5N1)	490	8342
HA|PP755589.1|A/cattle/Texas/24-008749-003/2024(H5N1)	491	8301
HA|PP755589.1|A/cattle/Texas/24-008749-003/2024(H5N1)	492	8266
HA|PP755589.1|A/cattle/Texas/24-008749-003/2024(H5N1)	493	8199
HA|PP755589.1|A/cattle/Texas/24-008749-003/2024(H5N1)	494	8204
HA|PP755589.1|A/cattle/Texas/24-008749-003/2024(H5N1)	495	8257
HA|PP755589.1|A/cattle/Texas/24-008749-003/2024(H5N1)	496	8136
HA|PP755589.1|A/cattle/Texas/24-008749-003/2024(H5N1)	497	8049
HA|PP755589.1|A/cattle/Texas/24-008749-003/2024(H5N1)	498	7943
HA|PP755589.1|A/cattle/Texas/24-008749-003/2024(H5N1)	499	7945
HA|PP755589.1|A/cattle/Texas/24-008749-003/2024(H5N1)	500	7891
HA|PP755589.1|A/cattle/Texas/24-008749-003/2024(H5N1)	501	7881
HA|PP755589.1|A/cattle/Texas/24-008749-003/2024(H5N1)	502	7887
HA|PP755589.1|A/cattle/Texas/24-008749-003/2024(H5N1)	503	7892
HA|PP755589.1|A/cattle/Texas/24-008749-003/2024(H5N1)	504	7902
HA|PP755589.1|A/cattle/Texas/24-008749-003/2024(H5N1)	505	7902
HA|PP755589.1|A/cattle/Texas/24-008749-003/2024(H5N1)	506	7844
HA|PP755589.1|A/cattle/Texas/24-008749-003/2024(H5N1)	507	7917
HA|PP755589.1|A/cattle/Texas/24-008749-003/2024(H5N1)	508	7874
HA|PP755589.1|A/cattle/Texas/24-008749-003/2024(H5N1)	509	7884
HA|PP755589.1|A/cattle/Texas/24-008749-003/2024(H5N1)	510	7835
HA|PP755589.1|A/cattle/Texas/24-008749-003/2024(H5N1)	511	7835
HA|PP755589.1|A/cattle/Texas/24-008749-003/2024(H5N1)	512	8161
HA|PP755589.1|A/cattle/Texas/24-008749-003/2024(H5N1)	513	8188
HA|PP755589.1|A/cattle/Texas/24-008749-003/2024(H5N1)	514	8155
HA|PP755589.1|A/cattle/Texas/24-008749-003/2024(H5N1)	515	8152
HA|PP755589.1|A/cattle/Texas/24-008749-003/2024(H5N1)	516	8221
HA|PP755589.1|A/cattle/Texas/24-008749-003/2024(H5N1)	517	8422
HA|PP755589.1|A/cattle/Texas/24-008749-003/2024(H5N1)	518	8424
HA|PP755589.1|A/cattle/Texas/24-008749-003/2024(H5N1)	519	8234
HA|PP755589.1|A/cattle/Texas/24-008749-003/2024(H5N1)	520	8168
HA|PP755589.1|A/cattle/Texas/24-008749-003/2024(H5N1)	521	7932
HA|PP755589.1|A/cattle/Texas/24-008749-003/2024(H5N1)	522	7974
HA|PP755589.1|A/cattle/Texas/24-008749-003/2024(H5N1)	523	7999
HA|PP755589.1|A/cattle/Texas/24-008749-003/2024(H5N1)	524	8289
HA|PP755589.1|A/cattle/Texas/24-008749-003/2024(H5N1)	525	8226
HA|PP755589.1|A/cattle/Texas/24-008749-003/2024(H5N1)	526	8239
HA|PP755589.1|A/cattle/Texas/24-008749-003/2024(H5N1)	527	8249
HA|PP755589.1|A/cattle/Texas/24-008749-003/2024(H5N1)	528	8202
HA|PP755589.1|A/cattle/Texas/24-008749-003/2024(H5N1)	529	8285
HA|PP755589.1|A/cattle/Texas/24-008749-003/2024(H5N1)	530	8299
HA|PP755589.1|A/cattle/Texas/24-008749-003/2024(H5N1)	531	8317
HA|PP755589.1|A/cattle/Texas/24-008749-003/2024(H5N1)	532	8303
HA|PP755589.1|A/cattle/Texas/24-008749-003/2024(H5N1)	533	8171
HA|PP755589.1|A/cattle/Texas/24-008749-003/2024(H5N1)	534	8174
HA|PP755589.1|A/cattle/Texas/24-008749-003/2024(H5N1)	535	8306
HA|PP755589.1|A/cattle/Texas/24-008749-003/2024(H5N1)	536	8466
HA|PP755589.1|A/cattle/Texas/24-008749-003/2024(H5N1)	537	8397
HA|PP755589.1|A/cattle/Texas/24-008749-003/2024(H5N1)	538	8400
HA|PP755589.1|A/cattle/Texas/24-008749-003/2024(H5N1)	539	8385
HA|PP755589.1|A/cattle/Texas/24-008749-003/2024(H5N1)	540	8787
HA|PP755589.1|A/cattle/Texas/24-008749-003/2024(H5N1)	541	8777
HA|PP755589.1|A/cattle/Texas/24-008749-003/2024(H5N1)	542	8794
HA|PP755589.1|A/cattle/Texas/24-008749-003/2024(H5N1)	543	8792
HA|PP755589.1|A/cattle/Texas/24-008749-003/2024(H5N1)	544	8593
HA|PP755589.1|A/cattle/Texas/24-008749-003/2024(H5N1)	545	8629
HA|PP755589.1|A/cattle/Texas/24-008749-003/2024(H5N1)	546	8620
HA|PP755589.1|A/cattle/Texas/24-008749-003/2024(H5N1)	547	8629
HA|PP755589.1|A/cattle/Texas/24-008749-003/2024(H5N1)	548	8559
HA|PP755589.1|A/cattle/Texas/24-008749-003/2024(H5N1)	549	8088
HA|PP755589.1|A/cattle/Texas/24-008749-003/2024(H5N1)	550	8082
HA|PP755589.1|A/cattle/Texas/24-008749-003/2024(H5N1)	551	8095
HA|PP755589.1|A/cattle/Texas/24-008749-003/2024(H5N1)	552	8097
HA|PP755589.1|A/cattle/Texas/24-008749-003/2024(H5N1)	553	8095
HA|PP755589.1|A/cattle/Texas/24-008749-003/2024(H5N1)	554	8112
HA|PP755589.1|A/cattle/Texas/24-008749-003/2024(H5N1)	555	8177
HA|PP755589.1|A/cattle/Texas/24-008749-003/2024(H5N1)	556	8177
HA|PP755589.1|A/cattle/Texas/24-008749-003/2024(H5N1)	557	8186
HA|PP755589.1|A/cattle/Texas/24-008749-003/2024(H5N1)	558	8146
HA|PP755589.1|A/cattle/Texas/24-008749-003/2024(H5N1)	559	8200
HA|PP755589.1|A/cattle/Texas/24-008749-003/2024(H5N1)	560	8225
HA|PP755589.1|A/cattle/Texas/24-008749-003/2024(H5N1)	561	8341
HA|PP755589.1|A/cattle/Texas/24-008749-003/2024(H5N1)	562	8423
HA|PP755589.1|A/cattle/Texas/24-008749-003/2024(H5N1)	563	8558
HA|PP755589.1|A/cattle/Texas/24-008749-003/2024(H5N1)	564	8681
HA|PP755589.1|A/cattle/Texas/24-008749-003/2024(H5N1)	565	8677
HA|PP755589.1|A/cattle/Texas/24-008749-003/2024(H5N1)	566	8698
HA|PP755589.1|A/cattle/Texas/24-008749-003/2024(H5N1)	567	8700
HA|PP755589.1|A/cattle/Texas/24-008749-003/2024(H5N1)	568	8709
HA|PP755589.1|A/cattle/Texas/24-008749-003/2024(H5N1)	569	8696
HA|PP755589.1|A/cattle/Texas/24-008749-003/2024(H5N1)	570	8623
HA|PP755589.1|A/cattle/Texas/24-008749-003/2024(H5N1)	571	8685
HA|PP755589.1|A/cattle/Texas/24-008749-003/2024(H5N1)	572	8587
HA|PP755589.1|A/cattle/Texas/24-008749-003/2024(H5N1)	573	8858
HA|PP755589.1|A/cattle/Texas/24-008749-003/2024(H5N1)	574	8863
HA|PP755589.1|A/cattle/Texas/24-008749-003/2024(H5N1)	575	8880
HA|PP755589.1|A/cattle/Texas/24-008749-003/2024(H5N1)	576	8854
HA|PP755589.1|A/cattle/Texas/24-008749-003/2024(H5N1)	577	8819
HA|PP755589.1|A/cattle/Texas/24-008749-003/2024(H5N1)	578	9008
HA|PP755589.1|A/cattle/Texas/24-008749-003/2024(H5N1)	579	8880
HA|PP755589.1|A/cattle/Texas/24-008749-003/2024(H5N1)	580	8924
HA|PP755589.1|A/cattle/Texas/24-008749-003/2024(H5N1)	581	8908
HA|PP755589.1|A/cattle/Texas/24-008749-003/2024(H5N1)	582	8355
HA|PP755589.1|A/cattle/Texas/24-008749-003/2024(H5N1)	583	8310
HA|PP755589.1|A/cattle/Texas/24-008749-003/2024(H5N1)	584	8301
HA|PP755589.1|A/cattle/Texas/24-008749-003/2024(H5N1)	585	8495
HA|PP755589.1|A/cattle/Texas/24-008749-003/2024(H5N1)	586	8483
HA|PP755589.1|A/cattle/Texas/24-008749-003/2024(H5N1)	587	8356
HA|PP755589.1|A/cattle/Texas/24-008749-003/2024(H5N1)	588	8429
HA|PP755589.1|A/cattle/Texas/24-008749-003/2024(H5N1)	589	8343
HA|PP755589.1|A/cattle/Texas/24-008749-003/2024(H5N1)	590	8668
HA|PP755589.1|A/cattle/Texas/24-008749-003/2024(H5N1)	591	8671
HA|PP755589.1|A/cattle/Texas/24-008749-003/2024(H5N1)	592	8652
HA|PP755589.1|A/cattle/Texas/24-008749-003/2024(H5N1)	593	8646
HA|PP755589.1|A/cattle/Texas/24-008749-003/2024(H5N1)	594	8709
HA|PP755589.1|A/cattle/Texas/24-008749-003/2024(H5N1)	595	8649
HA|PP755589.1|A/cattle/Texas/24-008749-003/2024(H5N1)	596	8876
HA|PP755589.1|A/cattle/Texas/24-008749-003/2024(H5N1)	597	8687
HA|PP755589.1|A/cattle/Texas/24-008749-003/2024(H5N1)	598	8721
HA|PP755589.1|A/cattle/Texas/24-008749-003/2024(H5N1)	599	8727
HA|PP755589.1|A/cattle/Texas/24-008749-003/2024(H5N1)	600	8650
HA|PP755589.1|A/cattle/Texas/24-008749-003/2024(H5N1)	601	8696
HA|PP755589.1|A/cattle/Texas/24-008749-003/2024(H5N1)	602	8731
HA|PP755589.1|A/cattle/Texas/24-008749-003/2024(H5N1)	603	8430
HA|PP755589.1|A/cattle/Texas/24-008749-003/2024(H5N1)	604	8524
HA|PP755589.1|A/cattle/Texas/24-008749-003/2024(H5N1)	605	8261
HA|PP755589.1|A/cattle/Texas/24-008749-003/2024(H5N1)	606	8379
HA|PP755589.1|A/cattle/Texas/24-008749-003/2024(H5N1)	607	8143
HA|PP755589.1|A/cattle/Texas/24-008749-003/2024(H5N1)	608	8217
HA|PP755589.1|A/cattle/Texas/24-008749-003/2024(H5N1)	609	8231
HA|PP755589.1|A/cattle/Texas/24-008749-003/2024(H5N1)	610	8203
HA|PP755589.1|A/cattle/Texas/24-008749-003/2024(H5N1)	611	8280
HA|PP755589.1|A/cattle/Texas/24-008749-003/2024(H5N1)	612	8290
HA|PP755589.1|A/cattle/Texas/24-008749-003/2024(H5N1)	613	8267
HA|PP755589.1|A/cattle/Texas/24-008749-003/2024(H5N1)	614	8252
HA|PP755589.1|A/cattle/Texas/24-008749-003/2024(H5N1)	615	8164
HA|PP755589.1|A/cattle/Texas/24-008749-003/2024(H5N1)	616	8470
HA|PP755589.1|A/cattle/Texas/24-008749-003/2024(H5N1)	617	8364
HA|PP755589.1|A/cattle/Texas/24-008749-003/2024(H5N1)	618	8422
HA|PP755589.1|A/cattle/Texas/24-008749-003/2024(H5N1)	619	8407
HA|PP755589.1|A/cattle/Texas/24-008749-003/2024(H5N1)	620	8455
HA|PP755589.1|A/cattle/Texas/24-008749-003/2024(H5N1)	621	8452
HA|PP755589.1|A/cattle/Texas/24-008749-003/2024(H5N1)	622	8435
HA|PP755589.1|A/cattle/Texas/24-008749-003/2024(H5N1)	623	8432
HA|PP755589.1|A/cattle/Texas/24-008749-003/2024(H5N1)	624	8481
HA|PP755589.1|A/cattle/Texas/24-008749-003/2024(H5N1)	625	8425
HA|PP755589.1|A/cattle/Texas/24-008749-003/2024(H5N1)	626	8486
HA|PP755589.1|A/cattle/Texas/24-008749-003/2024(H5N1)	627	8440
HA|PP755589.1|A/cattle/Texas/24-008749-003/2024(H5N1)	628	8406
HA|PP755589.1|A/cattle/Texas/24-008749-003/2024(H5N1)	629	8356
HA|PP755589.1|A/cattle/Texas/24-008749-003/2024(H5N1)	630	8348
HA|PP755589.1|A/cattle/Texas/24-008749-003/2024(H5N1)	631	8383
HA|PP755589.1|A/cattle/Texas/24-008749-003/2024(H5N1)	632	8431
HA|PP755589.1|A/cattle/Texas/24-008749-003/2024(H5N1)	633	8468
HA|PP755589.1|A/cattle/Texas/24-008749-003/2024(H5N1)	634	8526
HA|PP755589.1|A/cattle/Texas/24-008749-003/2024(H5N1)	635	8539
HA|PP755589.1|A/cattle/Texas/24-008749-003/2024(H5N1)	636	8482
HA|PP755589.1|A/cattle/Texas/24-008749-003/2024(H5N1)	637	8490
HA|PP755589.1|A/cattle/Texas/24-008749-003/2024(H5N1)	638	8562
HA|PP755589.1|A/cattle/Texas/24-008749-003/2024(H5N1)	639	8500
HA|PP755589.1|A/cattle/Texas/24-008749-003/2024(H5N1)	640	8469
HA|PP755589.1|A/cattle/Texas/24-008749-003/2024(H5N1)	641	8442
HA|PP755589.1|A/cattle/Texas/24-008749-003/2024(H5N1)	642	8394
HA|PP755589.1|A/cattle/Texas/24-008749-003/2024(H5N1)	643	8352
HA|PP755589.1|A/cattle/Texas/24-008749-003/2024(H5N1)	644	8281
HA|PP755589.1|A/cattle/Texas/24-008749-003/2024(H5N1)	645	8247
HA|PP755589.1|A/cattle/Texas/24-008749-003/2024(H5N1)	646	8260
HA|PP755589.1|A/cattle/Texas/24-008749-003/2024(H5N1)	647	8207
HA|PP755589.1|A/cattle/Texas/24-008749-003/2024(H5N1)	648	8179
HA|PP755589.1|A/cattle/Texas/24-008749-003/2024(H5N1)	649	8182
HA|PP755589.1|A/cattle/Texas/24-008749-003/2024(H5N1)	650	8210
HA|PP755589.1|A/cattle/Texas/24-008749-003/2024(H5N1)	651	8499
HA|PP755589.1|A/cattle/Texas/24-008749-003/2024(H5N1)	652	8610
HA|PP755589.1|A/cattle/Texas/24-008749-003/2024(H5N1)	653	8661
HA|PP755589.1|A/cattle/Texas/24-008749-003/2024(H5N1)	654	8691
HA|PP755589.1|A/cattle/Texas/24-008749-003/2024(H5N1)	655	8685
HA|PP755589.1|A/cattle/Texas/24-008749-003/2024(H5N1)	656	8724
HA|PP755589.1|A/cattle/Texas/24-008749-003/2024(H5N1)	657	8837
HA|PP755589.1|A/cattle/Texas/24-008749-003/2024(H5N1)	658	8886
HA|PP755589.1|A/cattle/Texas/24-008749-003/2024(H5N1)	659	9048
HA|PP755589.1|A/cattle/Texas/24-008749-003/2024(H5N1)	660	9018
HA|PP755589.1|A/cattle/Texas/24-008749-003/2024(H5N1)	661	9025
HA|PP755589.1|A/cattle/Texas/24-008749-003/2024(H5N1)	662	8972
HA|PP755589.1|A/cattle/Texas/24-008749-003/2024(H5N1)	663	8727
HA|PP755589.1|A/cattle/Texas/24-008749-003/2024(H5N1)	664	8805
HA|PP755589.1|A/cattle/Texas/24-008749-003/2024(H5N1)	665	8850
HA|PP755589.1|A/cattle/Texas/24-008749-003/2024(H5N1)	666	8862
HA|PP755589.1|A/cattle/Texas/24-008749-003/2024(H5N1)	667	8782
HA|PP755589.1|A/cattle/Texas/24-008749-003/2024(H5N1)	668	8569
HA|PP755589.1|A/cattle/Texas/24-008749-003/2024(H5N1)	669	8600
HA|PP755589.1|A/cattle/Texas/24-008749-003/2024(H5N1)	670	8558
HA|PP755589.1|A/cattle/Texas/24-008749-003/2024(H5N1)	671	8717
HA|PP755589.1|A/cattle/Texas/24-008749-003/2024(H5N1)	672	8700
HA|PP755589.1|A/cattle/Texas/24-008749-003/2024(H5N1)	673	8617
HA|PP755589.1|A/cattle/Texas/24-008749-003/2024(H5N1)	674	8594
HA|PP755589.1|A/cattle/Texas/24-008749-003/2024(H5N1)	675	8345
HA|PP755589.1|A/cattle/Texas/24-008749-003/2024(H5N1)	676	8419
HA|PP755589.1|A/cattle/Texas/24-008749-003/2024(H5N1)	677	8437
HA|PP755589.1|A/cattle/Texas/24-008749-003/2024(H5N1)	678	8453
HA|PP755589.1|A/cattle/Texas/24-008749-003/2024(H5N1)	679	8476
HA|PP755589.1|A/cattle/Texas/24-008749-003/2024(H5N1)	680	8327
HA|PP755589.1|A/cattle/Texas/24-008749-003/2024(H5N1)	681	8416
HA|PP755589.1|A/cattle/Texas/24-008749-003/2024(H5N1)	682	8422
HA|PP755589.1|A/cattle/Texas/24-008749-003/2024(H5N1)	683	8432
HA|PP755589.1|A/cattle/Texas/24-008749-003/2024(H5N1)	684	8430
HA|PP755589.1|A/cattle/Texas/24-008749-003/2024(H5N1)	685	8422
HA|PP755589.1|A/cattle/Texas/24-008749-003/2024(H5N1)	686	8375
HA|PP755589.1|A/cattle/Texas/24-008749-003/2024(H5N1)	687	8220
HA|PP755589.1|A/cattle/Texas/24-008749-003/2024(H5N1)	688	8209
HA|PP755589.1|A/cattle/Texas/24-008749-003/2024(H5N1)	689	7916
HA|PP755589.1|A/cattle/Texas/24-008749-003/2024(H5N1)	690	7914
HA|PP755589.1|A/cattle/Texas/24-008749-003/2024(H5N1)	691	8118
HA|PP755589.1|A/cattle/Texas/24-008749-003/2024(H5N1)	692	8108
HA|PP755589.1|A/cattle/Texas/24-008749-003/2024(H5N1)	693	8104
HA|PP755589.1|A/cattle/Texas/24-008749-003/2024(H5N1)	694	8104
HA|PP755589.1|A/cattle/Texas/24-008749-003/2024(H5N1)	695	8125
HA|PP755589.1|A/cattle/Texas/24-008749-003/2024(H5N1)	696	8224
HA|PP755589.1|A/cattle/Texas/24-008749-003/2024(H5N1)	697	8212
HA|PP755589.1|A/cattle/Texas/24-008749-003/2024(H5N1)	698	8214
HA|PP755589.1|A/cattle/Texas/24-008749-003/2024(H5N1)	699	8223
HA|PP755589.1|A/cattle/Texas/24-008749-003/2024(H5N1)	700	8115
HA|PP755589.1|A/cattle/Texas/24-008749-003/2024(H5N1)	701	8145
HA|PP755589.1|A/cattle/Texas/24-008749-003/2024(H5N1)	702	8129
HA|PP755589.1|A/cattle/Texas/24-008749-003/2024(H5N1)	703	8196
HA|PP755589.1|A/cattle/Texas/24-008749-003/2024(H5N1)	704	8196
HA|PP755589.1|A/cattle/Texas/24-008749-003/2024(H5N1)	705	8115
HA|PP755589.1|A/cattle/Texas/24-008749-003/2024(H5N1)	706	8160
HA|PP755589.1|A/cattle/Texas/24-008749-003/2024(H5N1)	707	8157
HA|PP755589.1|A/cattle/Texas/24-008749-003/2024(H5N1)	708	8196
HA|PP755589.1|A/cattle/Texas/24-008749-003/2024(H5N1)	709	8173
HA|PP755589.1|A/cattle/Texas/24-008749-003/2024(H5N1)	710	8205
HA|PP755589.1|A/cattle/Texas/24-008749-003/2024(H5N1)	711	8203
HA|PP755589.1|A/cattle/Texas/24-008749-003/2024(H5N1)	712	8137
HA|PP755589.1|A/cattle/Texas/24-008749-003/2024(H5N1)	713	8174
HA|PP755589.1|A/cattle/Texas/24-008749-003/2024(H5N1)	714	8688
HA|PP755589.1|A/cattle/Texas/24-008749-003/2024(H5N1)	715	8741
HA|PP755589.1|A/cattle/Texas/24-008749-003/2024(H5N1)	716	8787
HA|PP755589.1|A/cattle/Texas/24-008749-003/2024(H5N1)	717	8776
HA|PP755589.1|A/cattle/Texas/24-008749-003/2024(H5N1)	718	8750
HA|PP755589.1|A/cattle/Texas/24-008749-003/2024(H5N1)	719	8728
HA|PP755589.1|A/cattle/Texas/24-008749-003/2024(H5N1)	720	8806
HA|PP755589.1|A/cattle/Texas/24-008749-003/2024(H5N1)	721	8823
HA|PP755589.1|A/cattle/Texas/24-008749-003/2024(H5N1)	722	8803
HA|PP755589.1|A/cattle/Texas/24-008749-003/2024(H5N1)	723	8496
HA|PP755589.1|A/cattle/Texas/24-008749-003/2024(H5N1)	724	8231
HA|PP755589.1|A/cattle/Texas/24-008749-003/2024(H5N1)	725	8493
HA|PP755589.1|A/cattle/Texas/24-008749-003/2024(H5N1)	726	8466
HA|PP755589.1|A/cattle/Texas/24-008749-003/2024(H5N1)	727	8604
HA|PP755589.1|A/cattle/Texas/24-008749-003/2024(H5N1)	728	8534
HA|PP755589.1|A/cattle/Texas/24-008749-003/2024(H5N1)	729	8389
HA|PP755589.1|A/cattle/Texas/24-008749-003/2024(H5N1)	730	8322
HA|PP755589.1|A/cattle/Texas/24-008749-003/2024(H5N1)	731	8320
HA|PP755589.1|A/cattle/Texas/24-008749-003/2024(H5N1)	732	8622
HA|PP755589.1|A/cattle/Texas/24-008749-003/2024(H5N1)	733	8640
HA|PP755589.1|A/cattle/Texas/24-008749-003/2024(H5N1)	734	8640
HA|PP755589.1|A/cattle/Texas/24-008749-003/2024(H5N1)	735	8550
HA|PP755589.1|A/cattle/Texas/24-008749-003/2024(H5N1)	736	8394
HA|PP755589.1|A/cattle/Texas/24-008749-003/2024(H5N1)	737	8410
HA|PP755589.1|A/cattle/Texas/24-008749-003/2024(H5N1)	738	8411
HA|PP755589.1|A/cattle/Texas/24-008749-003/2024(H5N1)	739	8431
HA|PP755589.1|A/cattle/Texas/24-008749-003/2024(H5N1)	740	8440
HA|PP755589.1|A/cattle/Texas/24-008749-003/2024(H5N1)	741	8091
HA|PP755589.1|A/cattle/Texas/24-008749-003/2024(H5N1)	742	8104
HA|PP755589.1|A/cattle/Texas/24-008749-003/2024(H5N1)	743	8148
HA|PP755589.1|A/cattle/Texas/24-008749-003/2024(H5N1)	744	8173
HA|PP755589.1|A/cattle/Texas/24-008749-003/2024(H5N1)	745	8288
HA|PP755589.1|A/cattle/Texas/24-008749-003/2024(H5N1)	746	8315
HA|PP755589.1|A/cattle/Texas/24-008749-003/2024(H5N1)	747	8093
HA|PP755589.1|A/cattle/Texas/24-008749-003/2024(H5N1)	748	8227
HA|PP755589.1|A/cattle/Texas/24-008749-003/2024(H5N1)	749	8204
HA|PP755589.1|A/cattle/Texas/24-008749-003/2024(H5N1)	750	8196
HA|PP755589.1|A/cattle/Texas/24-008749-003/2024(H5N1)	751	8154
HA|PP755589.1|A/cattle/Texas/24-008749-003/2024(H5N1)	752	8089
HA|PP755589.1|A/cattle/Texas/24-008749-003/2024(H5N1)	753	8177
HA|PP755589.1|A/cattle/Texas/24-008749-003/2024(H5N1)	754	8205
HA|PP755589.1|A/cattle/Texas/24-008749-003/2024(H5N1)	755	8135
HA|PP755589.1|A/cattle/Texas/24-008749-003/2024(H5N1)	756	8145
HA|PP755589.1|A/cattle/Texas/24-008749-003/2024(H5N1)	757	8036
HA|PP755589.1|A/cattle/Texas/24-008749-003/2024(H5N1)	758	8226
HA|PP755589.1|A/cattle/Texas/24-008749-003/2024(H5N1)	759	8151
HA|PP755589.1|A/cattle/Texas/24-008749-003/2024(H5N1)	760	8134
HA|PP755589.1|A/cattle/Texas/24-008749-003/2024(H5N1)	761	8126
HA|PP755589.1|A/cattle/Texas/24-008749-003/2024(H5N1)	762	8063
HA|PP755589.1|A/cattle/Texas/24-008749-003/2024(H5N1)	763	8024
HA|PP755589.1|A/cattle/Texas/24-008749-003/2024(H5N1)	764	8014
HA|PP755589.1|A/cattle/Texas/24-008749-003/2024(H5N1)	765	8032
HA|PP755589.1|A/cattle/Texas/24-008749-003/2024(H5N1)	766	8041
HA|PP755589.1|A/cattle/Texas/24-008749-003/2024(H5N1)	767	7834
HA|PP755589.1|A/cattle/Texas/24-008749-003/2024(H5N1)	768	7875
HA|PP755589.1|A/cattle/Texas/24-008749-003/2024(H5N1)	769	7830
HA|PP755589.1|A/cattle/Texas/24-008749-003/2024(H5N1)	770	7830
HA|PP755589.1|A/cattle/Texas/24-008749-003/2024(H5N1)	771	7826
HA|PP755589.1|A/cattle/Texas/24-008749-003/2024(H5N1)	772	7822
HA|PP755589.1|A/cattle/Texas/24-008749-003/2024(H5N1)	773	7821
HA|PP755589.1|A/cattle/Texas/24-008749-003/2024(H5N1)	774	7848
HA|PP755589.1|A/cattle/Texas/24-008749-003/2024(H5N1)	775	7826
HA|PP755589.1|A/cattle/Texas/24-008749-003/2024(H5N1)	776	7866
HA|PP755589.1|A/cattle/Texas/24-008749-003/2024(H5N1)	777	7877
HA|PP755589.1|A/cattle/Texas/24-008749-003/2024(H5N1)	778	7851
HA|PP755589.1|A/cattle/Texas/24-008749-003/2024(H5N1)	779	8031
HA|PP755589.1|A/cattle/Texas/24-008749-003/2024(H5N1)	780	8031
HA|PP755589.1|A/cattle/Texas/24-008749-003/2024(H5N1)	781	8042
HA|PP755589.1|A/cattle/Texas/24-008749-003/2024(H5N1)	782	8039
HA|PP755589.1|A/cattle/Texas/24-008749-003/2024(H5N1)	783	7950
HA|PP755589.1|A/cattle/Texas/24-008749-003/2024(H5N1)	784	8765
HA|PP755589.1|A/cattle/Texas/24-008749-003/2024(H5N1)	785	8788
HA|PP755589.1|A/cattle/Texas/24-008749-003/2024(H5N1)	786	8680
HA|PP755589.1|A/cattle/Texas/24-008749-003/2024(H5N1)	787	8689
HA|PP755589.1|A/cattle/Texas/24-008749-003/2024(H5N1)	788	8687
HA|PP755589.1|A/cattle/Texas/24-008749-003/2024(H5N1)	789	8584
HA|PP755589.1|A/cattle/Texas/24-008749-003/2024(H5N1)	790	8568
HA|PP755589.1|A/cattle/Texas/24-008749-003/2024(H5N1)	791	8699
HA|PP755589.1|A/cattle/Texas/24-008749-003/2024(H5N1)	792	8749
HA|PP755589.1|A/cattle/Texas/24-008749-003/2024(H5N1)	793	9423
HA|PP755589.1|A/cattle/Texas/24-008749-003/2024(H5N1)	794	9600
HA|PP755589.1|A/cattle/Texas/24-008749-003/2024(H5N1)	795	9604
HA|PP755589.1|A/cattle/Texas/24-008749-003/2024(H5N1)	796	9649
HA|PP755589.1|A/cattle/Texas/24-008749-003/2024(H5N1)	797	9648
HA|PP755589.1|A/cattle/Texas/24-008749-003/2024(H5N1)	798	9679
HA|PP755589.1|A/cattle/Texas/24-008749-003/2024(H5N1)	799	9809
HA|PP755589.1|A/cattle/Texas/24-008749-003/2024(H5N1)	800	10254
HA|PP755589.1|A/cattle/Texas/24-008749-003/2024(H5N1)	801	10288
HA|PP755589.1|A/cattle/Texas/24-008749-003/2024(H5N1)	802	9990
HA|PP755589.1|A/cattle/Texas/24-008749-003/2024(H5N1)	803	9880
HA|PP755589.1|A/cattle/Texas/24-008749-003/2024(H5N1)	804	9869
HA|PP755589.1|A/cattle/Texas/24-008749-003/2024(H5N1)	805	9819
HA|PP755589.1|A/cattle/Texas/24-008749-003/2024(H5N1)	806	9840
HA|PP755589.1|A/cattle/Texas/24-008749-003/2024(H5N1)	807	9839
HA|PP755589.1|A/cattle/Texas/24-008749-003/2024(H5N1)	808	9711
HA|PP755589.1|A/cattle/Texas/24-008749-003/2024(H5N1)	809	9604
HA|PP755589.1|A/cattle/Texas/24-008749-003/2024(H5N1)	810	9452
HA|PP755589.1|A/cattle/Texas/24-008749-003/2024(H5N1)	811	9482
HA|PP755589.1|A/cattle/Texas/24-008749-003/2024(H5N1)	812	9552
HA|PP755589.1|A/cattle/Texas/24-008749-003/2024(H5N1)	813	9552
HA|PP755589.1|A/cattle/Texas/24-008749-003/2024(H5N1)	814	9555
HA|PP755589.1|A/cattle/Texas/24-008749-003/2024(H5N1)	815	9462
HA|PP755589.1|A/cattle/Texas/24-008749-003/2024(H5N1)	816	9424
HA|PP755589.1|A/cattle/Texas/24-008749-003/2024(H5N1)	817	9388
HA|PP755589.1|A/cattle/Texas/24-008749-003/2024(H5N1)	818	9380
HA|PP755589.1|A/cattle/Texas/24-008749-003/2024(H5N1)	819	9367
HA|PP755589.1|A/cattle/Texas/24-008749-003/2024(H5N1)	820	9372
HA|PP755589.1|A/cattle/Texas/24-008749-003/2024(H5N1)	821	9384
HA|PP755589.1|A/cattle/Texas/24-008749-003/2024(H5N1)	822	9301
HA|PP755589.1|A/cattle/Texas/24-008749-003/2024(H5N1)	823	9310
HA|PP755589.1|A/cattle/Texas/24-008749-003/2024(H5N1)	824	9310
HA|PP755589.1|A/cattle/Texas/24-008749-003/2024(H5N1)	825	9305
HA|PP755589.1|A/cattle/Texas/24-008749-003/2024(H5N1)	826	9250
HA|PP755589.1|A/cattle/Texas/24-008749-003/2024(H5N1)	827	9212
HA|PP755589.1|A/cattle/Texas/24-008749-003/2024(H5N1)	828	9235
HA|PP755589.1|A/cattle/Texas/24-008749-003/2024(H5N1)	829	9197
HA|PP755589.1|A/cattle/Texas/24-008749-003/2024(H5N1)	830	9186
HA|PP755589.1|A/cattle/Texas/24-008749-003/2024(H5N1)	831	9219
HA|PP755589.1|A/cattle/Texas/24-008749-003/2024(H5N1)	832	9118
HA|PP755589.1|A/cattle/Texas/24-008749-003/2024(H5N1)	833	9175
HA|PP755589.1|A/cattle/Texas/24-008749-003/2024(H5N1)	834	9203
HA|PP755589.1|A/cattle/Texas/24-008749-003/2024(H5N1)	835	9286
HA|PP755589.1|A/cattle/Texas/24-008749-003/2024(H5N1)	836	9292
HA|PP755589.1|A/cattle/Texas/24-008749-003/2024(H5N1)	837	9220
HA|PP755589.1|A/cattle/Texas/24-008749-003/2024(H5N1)	838	9244
HA|PP755589.1|A/cattle/Texas/24-008749-003/2024(H5N1)	839	9224
HA|PP755589.1|A/cattle/Texas/24-008749-003/2024(H5N1)	840	9148
HA|PP755589.1|A/cattle/Texas/24-008749-003/2024(H5N1)	841	9167
HA|PP755589.1|A/cattle/Texas/24-008749-003/2024(H5N1)	842	9029
HA|PP755589.1|A/cattle/Texas/24-008749-003/2024(H5N1)	843	9044
HA|PP755589.1|A/cattle/Texas/24-008749-003/2024(H5N1)	844	9070
HA|PP755589.1|A/cattle/Texas/24-008749-003/2024(H5N1)	845	9063
HA|PP755589.1|A/cattle/Texas/24-008749-003/2024(H5N1)	846	9041
HA|PP755589.1|A/cattle/Texas/24-008749-003/2024(H5N1)	847	8903
HA|PP755589.1|A/cattle/Texas/24-008749-003/2024(H5N1)	848	8948
HA|PP755589.1|A/cattle/Texas/24-008749-003/2024(H5N1)	849	8968
HA|PP755589.1|A/cattle/Texas/24-008749-003/2024(H5N1)	850	8979
HA|PP755589.1|A/cattle/Texas/24-008749-003/2024(H5N1)	851	9010
HA|PP755589.1|A/cattle/Texas/24-008749-003/2024(H5N1)	852	8981
HA|PP755589.1|A/cattle/Texas/24-008749-003/2024(H5N1)	853	9064
HA|PP755589.1|A/cattle/Texas/24-008749-003/2024(H5N1)	854	9113
HA|PP755589.1|A/cattle/Texas/24-008749-003/2024(H5N1)	855	9241
HA|PP755589.1|A/cattle/Texas/24-008749-003/2024(H5N1)	856	9799
HA|PP755589.1|A/cattle/Texas/24-008749-003/2024(H5N1)	857	9901
HA|PP755589.1|A/cattle/Texas/24-008749-003/2024(H5N1)	858	9905
HA|PP755589.1|A/cattle/Texas/24-008749-003/2024(H5N1)	859	9980
HA|PP755589.1|A/cattle/Texas/24-008749-003/2024(H5N1)	860	9891
HA|PP755589.1|A/cattle/Texas/24-008749-003/2024(H5N1)	861	9869
HA|PP755589.1|A/cattle/Texas/24-008749-003/2024(H5N1)	862	9805
HA|PP755589.1|A/cattle/Texas/24-008749-003/2024(H5N1)	863	9802
HA|PP755589.1|A/cattle/Texas/24-008749-003/2024(H5N1)	864	9492
HA|PP755589.1|A/cattle/Texas/24-008749-003/2024(H5N1)	865	9048
HA|PP755589.1|A/cattle/Texas/24-008749-003/2024(H5N1)	866	8860
HA|PP755589.1|A/cattle/Texas/24-008749-003/2024(H5N1)	867	9078
HA|PP755589.1|A/cattle/Texas/24-008749-003/2024(H5N1)	868	9175
HA|PP755589.1|A/cattle/Texas/24-008749-003/2024(H5N1)	869	9232
HA|PP755589.1|A/cattle/Texas/24-008749-003/2024(H5N1)	870	9239
HA|PP755589.1|A/cattle/Texas/24-008749-003/2024(H5N1)	871	9155
HA|PP755589.1|A/cattle/Texas/24-008749-003/2024(H5N1)	872	9095
HA|PP755589.1|A/cattle/Texas/24-008749-003/2024(H5N1)	873	9101
HA|PP755589.1|A/cattle/Texas/24-008749-003/2024(H5N1)	874	9116
HA|PP755589.1|A/cattle/Texas/24-008749-003/2024(H5N1)	875	9129
HA|PP755589.1|A/cattle/Texas/24-008749-003/2024(H5N1)	876	8762
HA|PP755589.1|A/cattle/Texas/24-008749-003/2024(H5N1)	877	8754
HA|PP755589.1|A/cattle/Texas/24-008749-003/2024(H5N1)	878	8630
HA|PP755589.1|A/cattle/Texas/24-008749-003/2024(H5N1)	879	8638
HA|PP755589.1|A/cattle/Texas/24-008749-003/2024(H5N1)	880	8714
HA|PP755589.1|A/cattle/Texas/24-008749-003/2024(H5N1)	881	8756
HA|PP755589.1|A/cattle/Texas/24-008749-003/2024(H5N1)	882	8733
HA|PP755589.1|A/cattle/Texas/24-008749-003/2024(H5N1)	883	8439
HA|PP755589.1|A/cattle/Texas/24-008749-003/2024(H5N1)	884	8462
HA|PP755589.1|A/cattle/Texas/24-008749-003/2024(H5N1)	885	8478
HA|PP755589.1|A/cattle/Texas/24-008749-003/2024(H5N1)	886	8493
HA|PP755589.1|A/cattle/Texas/24-008749-003/2024(H5N1)	887	8642
HA|PP755589.1|A/cattle/Texas/24-008749-003/2024(H5N1)	888	8646
HA|PP755589.1|A/cattle/Texas/24-008749-003/2024(H5N1)	889	8578
HA|PP755589.1|A/cattle/Texas/24-008749-003/2024(H5N1)	890	8629
HA|PP755589.1|A/cattle/Texas/24-008749-003/2024(H5N1)	891	8615
HA|PP755589.1|A/cattle/Texas/24-008749-003/2024(H5N1)	892	8616
HA|PP755589.1|A/cattle/Texas/24-008749-003/2024(H5N1)	893	8568
HA|PP755589.1|A/cattle/Texas/24-008749-003/2024(H5N1)	894	8520
HA|PP755589.1|A/cattle/Texas/24-008749-003/2024(H5N1)	895	8493
HA|PP755589.1|A/cattle/Texas/24-008749-003/2024(H5N1)	896	8352
HA|PP755589.1|A/cattle/Texas/24-008749-003/2024(H5N1)	897	8310
HA|PP755589.1|A/cattle/Texas/24-008749-003/2024(H5N1)	898	8312
HA|PP755589.1|A/cattle/Texas/24-008749-003/2024(H5N1)	899	8296
HA|PP755589.1|A/cattle/Texas/24-008749-003/2024(H5N1)	900	8297
HA|PP755589.1|A/cattle/Texas/24-008749-003/2024(H5N1)	901	8325
HA|PP755589.1|A/cattle/Texas/24-008749-003/2024(H5N1)	902	8323
HA|PP755589.1|A/cattle/Texas/24-008749-003/2024(H5N1)	903	8355
HA|PP755589.1|A/cattle/Texas/24-008749-003/2024(H5N1)	904	8261
HA|PP755589.1|A/cattle/Texas/24-008749-003/2024(H5N1)	905	8214
HA|PP755589.1|A/cattle/Texas/24-008749-003/2024(H5N1)	906	8227
HA|PP755589.1|A/cattle/Texas/24-008749-003/2024(H5N1)	907	8226
HA|PP755589.1|A/cattle/Texas/24-008749-003/2024(H5N1)	908	8066
HA|PP755589.1|A/cattle/Texas/24-008749-003/2024(H5N1)	909	8077
HA|PP755589.1|A/cattle/Texas/24-008749-003/2024(H5N1)	910	8049
HA|PP755589.1|A/cattle/Texas/24-008749-003/2024(H5N1)	911	8058
HA|PP755589.1|A/cattle/Texas/24-008749-003/2024(H5N1)	912	8108
HA|PP755589.1|A/cattle/Texas/24-008749-003/2024(H5N1)	913	8133
HA|PP755589.1|A/cattle/Texas/24-008749-003/2024(H5N1)	914	8136
HA|PP755589.1|A/cattle/Texas/24-008749-003/2024(H5N1)	915	8119
HA|PP755589.1|A/cattle/Texas/24-008749-003/2024(H5N1)	916	8750
HA|PP755589.1|A/cattle/Texas/24-008749-003/2024(H5N1)	917	8731
HA|PP755589.1|A/cattle/Texas/24-008749-003/2024(H5N1)	918	8718
HA|PP755589.1|A/cattle/Texas/24-008749-003/2024(H5N1)	919	8787
HA|PP755589.1|A/cattle/Texas/24-008749-003/2024(H5N1)	920	8767
HA|PP755589.1|A/cattle/Texas/24-008749-003/2024(H5N1)	921	8925
HA|PP755589.1|A/cattle/Texas/24-008749-003/2024(H5N1)	922	8888
HA|PP755589.1|A/cattle/Texas/24-008749-003/2024(H5N1)	923	8921
HA|PP755589.1|A/cattle/Texas/24-008749-003/2024(H5N1)	924	8938
HA|PP755589.1|A/cattle/Texas/24-008749-003/2024(H5N1)	925	8892
HA|PP755589.1|A/cattle/Texas/24-008749-003/2024(H5N1)	926	9754
HA|PP755589.1|A/cattle/Texas/24-008749-003/2024(H5N1)	927	9763
HA|PP755589.1|A/cattle/Texas/24-008749-003/2024(H5N1)	928	9764
HA|PP755589.1|A/cattle/Texas/24-008749-003/2024(H5N1)	929	9773
HA|PP755589.1|A/cattle/Texas/24-008749-003/2024(H5N1)	930	9639
HA|PP755589.1|A/cattle/Texas/24-008749-003/2024(H5N1)	931	9647
HA|PP755589.1|A/cattle/Texas/24-008749-003/2024(H5N1)	932	9634
HA|PP755589.1|A/cattle/Texas/24-008749-003/2024(H5N1)	933	9797
HA|PP755589.1|A/cattle/Texas/24-008749-003/2024(H5N1)	934	9845
HA|PP755589.1|A/cattle/Texas/24-008749-003/2024(H5N1)	935	9007
HA|PP755589.1|A/cattle/Texas/24-008749-003/2024(H5N1)	936	8961
HA|PP755589.1|A/cattle/Texas/24-008749-003/2024(H5N1)	937	8966
HA|PP755589.1|A/cattle/Texas/24-008749-003/2024(H5N1)	938	8979
HA|PP755589.1|A/cattle/Texas/24-008749-003/2024(H5N1)	939	9005
HA|PP755589.1|A/cattle/Texas/24-008749-003/2024(H5N1)	940	9063
HA|PP755589.1|A/cattle/Texas/24-008749-003/2024(H5N1)	941	9592
HA|PP755589.1|A/cattle/Texas/24-008749-003/2024(H5N1)	942	9456
HA|PP755589.1|A/cattle/Texas/24-008749-003/2024(H5N1)	943	9451
HA|PP755589.1|A/cattle/Texas/24-008749-003/2024(H5N1)	944	8938
HA|PP755589.1|A/cattle/Texas/24-008749-003/2024(H5N1)	945	8858
HA|PP755589.1|A/cattle/Texas/24-008749-003/2024(H5N1)	946	8870
HA|PP755589.1|A/cattle/Texas/24-008749-003/2024(H5N1)	947	8830
HA|PP755589.1|A/cattle/Texas/24-008749-003/2024(H5N1)	948	8834
HA|PP755589.1|A/cattle/Texas/24-008749-003/2024(H5N1)	949	8807
HA|PP755589.1|A/cattle/Texas/24-008749-003/2024(H5N1)	950	8273
HA|PP755589.1|A/cattle/Texas/24-008749-003/2024(H5N1)	951	8300
HA|PP755589.1|A/cattle/Texas/24-008749-003/2024(H5N1)	952	8244
HA|PP755589.1|A/cattle/Texas/24-008749-003/2024(H5N1)	953	8332
HA|PP755589.1|A/cattle/Texas/24-008749-003/2024(H5N1)	954	8431
HA|PP755589.1|A/cattle/Texas/24-008749-003/2024(H5N1)	955	8478
HA|PP755589.1|A/cattle/Texas/24-008749-003/2024(H5N1)	956	8519
HA|PP755589.1|A/cattle/Texas/24-008749-003/2024(H5N1)	957	8527
HA|PP755589.1|A/cattle/Texas/24-008749-003/2024(H5N1)	958	8573
HA|PP755589.1|A/cattle/Texas/24-008749-003/2024(H5N1)	959	8595
HA|PP755589.1|A/cattle/Texas/24-008749-003/2024(H5N1)	960	8729
HA|PP755589.1|A/cattle/Texas/24-008749-003/2024(H5N1)	961	8807
HA|PP755589.1|A/cattle/Texas/24-008749-003/2024(H5N1)	962	8798
HA|PP755589.1|A/cattle/Texas/24-008749-003/2024(H5N1)	963	8739
HA|PP755589.1|A/cattle/Texas/24-008749-003/2024(H5N1)	964	8736
HA|PP755589.1|A/cattle/Texas/24-008749-003/2024(H5N1)	965	8776
HA|PP755589.1|A/cattle/Texas/24-008749-003/2024(H5N1)	966	8810
HA|PP755589.1|A/cattle/Texas/24-008749-003/2024(H5N1)	967	8913
HA|PP755589.1|A/cattle/Texas/24-008749-003/2024(H5N1)	968	9008
HA|PP755589.1|A/cattle/Texas/24-008749-003/2024(H5N1)	969	9016
HA|PP755589.1|A/cattle/Texas/24-008749-003/2024(H5N1)	970	9015
HA|PP755589.1|A/cattle/Texas/24-008749-003/2024(H5N1)	971	9017
HA|PP755589.1|A/cattle/Texas/24-008749-003/2024(H5N1)	972	9009
HA|PP755589.1|A/cattle/Texas/24-008749-003/2024(H5N1)	973	9174
HA|PP755589.1|A/cattle/Texas/24-008749-003/2024(H5N1)	974	9166
HA|PP755589.1|A/cattle/Texas/24-008749-003/2024(H5N1)	975	9171
HA|PP755589.1|A/cattle/Texas/24-008749-003/2024(H5N1)	976	9197
HA|PP755589.1|A/cattle/Texas/24-008749-003/2024(H5N1)	977	9285
HA|PP755589.1|A/cattle/Texas/24-008749-003/2024(H5N1)	978	9316
HA|PP755589.1|A/cattle/Texas/24-008749-003/2024(H5N1)	979	9495
HA|PP755589.1|A/cattle/Texas/24-008749-003/2024(H5N1)	980	9571
HA|PP755589.1|A/cattle/Texas/24-008749-003/2024(H5N1)	981	9576
HA|PP755589.1|A/cattle/Texas/24-008749-003/2024(H5N1)	982	9559
HA|PP755589.1|A/cattle/Texas/24-008749-003/2024(H5N1)	983	9617
HA|PP755589.1|A/cattle/Texas/24-008749-003/2024(H5N1)	984	9704
HA|PP755589.1|A/cattle/Texas/24-008749-003/2024(H5N1)	985	9729
HA|PP755589.1|A/cattle/Texas/24-008749-003/2024(H5N1)	986	9706
HA|PP755589.1|A/cattle/Texas/24-008749-003/2024(H5N1)	987	9740
HA|PP755589.1|A/cattle/Texas/24-008749-003/2024(H5N1)	988	9741
HA|PP755589.1|A/cattle/Texas/24-008749-003/2024(H5N1)	989	9860
HA|PP755589.1|A/cattle/Texas/24-008749-003/2024(H5N1)	990	9857
HA|PP755589.1|A/cattle/Texas/24-008749-003/2024(H5N1)	991	9880
HA|PP755589.1|A/cattle/Texas/24-008749-003/2024(H5N1)	992	9874
HA|PP755589.1|A/cattle/Texas/24-008749-003/2024(H5N1)	993	9785
HA|PP755589.1|A/cattle/Texas/24-008749-003/2024(H5N1)	994	9835
HA|PP755589.1|A/cattle/Texas/24-008749-003/2024(H5N1)	995	9840
HA|PP755589.1|A/cattle/Texas/24-008749-003/2024(H5N1)	996	9952
HA|PP755589.1|A/cattle/Texas/24-008749-003/2024(H5N1)	997	9950
HA|PP755589.1|A/cattle/Texas/24-008749-003/2024(H5N1)	998	9924
HA|PP755589.1|A/cattle/Texas/24-008749-003/2024(H5N1)	999	10031
HA|PP755589.1|A/cattle/Texas/24-008749-003/2024(H5N1)	1000	10028
HA|PP755589.1|A/cattle/Texas/24-008749-003/2024(H5N1)	1001	10176
HA|PP755589.1|A/cattle/Texas/24-008749-003/2024(H5N1)	1002	10194
HA|PP755589.1|A/cattle/Texas/24-008749-003/2024(H5N1)	1003	10161
HA|PP755589.1|A/cattle/Texas/24-008749-003/2024(H5N1)	1004	10118
HA|PP755589.1|A/cattle/Texas/24-008749-003/2024(H5N1)	1005	10023
HA|PP755589.1|A/cattle/Texas/24-008749-003/2024(H5N1)	1006	9850
HA|PP755589.1|A/cattle/Texas/24-008749-003/2024(H5N1)	1007	9352
HA|PP755589.1|A/cattle/Texas/24-008749-003/2024(H5N1)	1008	9204
HA|PP755589.1|A/cattle/Texas/24-008749-003/2024(H5N1)	1009	9236
HA|PP755589.1|A/cattle/Texas/24-008749-003/2024(H5N1)	1010	9167
HA|PP755589.1|A/cattle/Texas/24-008749-003/2024(H5N1)	1011	9137
HA|PP755589.1|A/cattle/Texas/24-008749-003/2024(H5N1)	1012	9088
HA|PP755589.1|A/cattle/Texas/24-008749-003/2024(H5N1)	1013	9084
HA|PP755589.1|A/cattle/Texas/24-008749-003/2024(H5N1)	1014	9110
HA|PP755589.1|A/cattle/Texas/24-008749-003/2024(H5N1)	1015	9120
HA|PP755589.1|A/cattle/Texas/24-008749-003/2024(H5N1)	1016	9134
HA|PP755589.1|A/cattle/Texas/24-008749-003/2024(H5N1)	1017	9161
HA|PP755589.1|A/cattle/Texas/24-008749-003/2024(H5N1)	1018	8867
HA|PP755589.1|A/cattle/Texas/24-008749-003/2024(H5N1)	1019	8760
HA|PP755589.1|A/cattle/Texas/24-008749-003/2024(H5N1)	1020	8705
HA|PP755589.1|A/cattle/Texas/24-008749-003/2024(H5N1)	1021	8672
HA|PP755589.1|A/cattle/Texas/24-008749-003/2024(H5N1)	1022	8607
HA|PP755589.1|A/cattle/Texas/24-008749-003/2024(H5N1)	1023	8733
HA|PP755589.1|A/cattle/Texas/24-008749-003/2024(H5N1)	1024	8795
HA|PP755589.1|A/cattle/Texas/24-008749-003/2024(H5N1)	1025	8817
HA|PP755589.1|A/cattle/Texas/24-008749-003/2024(H5N1)	1026	8861
HA|PP755589.1|A/cattle/Texas/24-008749-003/2024(H5N1)	1027	9014
HA|PP755589.1|A/cattle/Texas/24-008749-003/2024(H5N1)	1028	8679
HA|PP755589.1|A/cattle/Texas/24-008749-003/2024(H5N1)	1029	9165
HA|PP755589.1|A/cattle/Texas/24-008749-003/2024(H5N1)	1030	9160
HA|PP755589.1|A/cattle/Texas/24-008749-003/2024(H5N1)	1031	9112
HA|PP755589.1|A/cattle/Texas/24-008749-003/2024(H5N1)	1032	9096
HA|PP755589.1|A/cattle/Texas/24-008749-003/2024(H5N1)	1033	9071
HA|PP755589.1|A/cattle/Texas/24-008749-003/2024(H5N1)	1034	9046
HA|PP755589.1|A/cattle/Texas/24-008749-003/2024(H5N1)	1035	9011
HA|PP755589.1|A/cattle/Texas/24-008749-003/2024(H5N1)	1036	9075
HA|PP755589.1|A/cattle/Texas/24-008749-003/2024(H5N1)	1037	9105
HA|PP755589.1|A/cattle/Texas/24-008749-003/2024(H5N1)	1038	8955
HA|PP755589.1|A/cattle/Texas/24-008749-003/2024(H5N1)	1039	9019
HA|PP755589.1|A/cattle/Texas/24-008749-003/2024(H5N1)	1040	9070
HA|PP755589.1|A/cattle/Texas/24-008749-003/2024(H5N1)	1041	9309
HA|PP755589.1|A/cattle/Texas/24-008749-003/2024(H5N1)	1042	9325
HA|PP755589.1|A/cattle/Texas/24-008749-003/2024(H5N1)	1043	9325
HA|PP755589.1|A/cattle/Texas/24-008749-003/2024(H5N1)	1044	9339
HA|PP755589.1|A/cattle/Texas/24-008749-003/2024(H5N1)	1045	9269
HA|PP755589.1|A/cattle/Texas/24-008749-003/2024(H5N1)	1046	9289
HA|PP755589.1|A/cattle/Texas/24-008749-003/2024(H5N1)	1047	9438
HA|PP755589.1|A/cattle/Texas/24-008749-003/2024(H5N1)	1048	9437
HA|PP755589.1|A/cattle/Texas/24-008749-003/2024(H5N1)	1049	9431
HA|PP755589.1|A/cattle/Texas/24-008749-003/2024(H5N1)	1050	9262
HA|PP755589.1|A/cattle/Texas/24-008749-003/2024(H5N1)	1051	9498
HA|PP755589.1|A/cattle/Texas/24-008749-003/2024(H5N1)	1052	9521
HA|PP755589.1|A/cattle/Texas/24-008749-003/2024(H5N1)	1053	9527
HA|PP755589.1|A/cattle/Texas/24-008749-003/2024(H5N1)	1054	9514
HA|PP755589.1|A/cattle/Texas/24-008749-003/2024(H5N1)	1055	9503
HA|PP755589.1|A/cattle/Texas/24-008749-003/2024(H5N1)	1056	9459
HA|PP755589.1|A/cattle/Texas/24-008749-003/2024(H5N1)	1057	9780
HA|PP755589.1|A/cattle/Texas/24-008749-003/2024(H5N1)	1058	10401
HA|PP755589.1|A/cattle/Texas/24-008749-003/2024(H5N1)	1059	10403
HA|PP755589.1|A/cattle/Texas/24-008749-003/2024(H5N1)	1060	10303
HA|PP755589.1|A/cattle/Texas/24-008749-003/2024(H5N1)	1061	10281
HA|PP755589.1|A/cattle/Texas/24-008749-003/2024(H5N1)	1062	10308
HA|PP755589.1|A/cattle/Texas/24-008749-003/2024(H5N1)	1063	10351
HA|PP755589.1|A/cattle/Texas/24-008749-003/2024(H5N1)	1064	10323
HA|PP755589.1|A/cattle/Texas/24-008749-003/2024(H5N1)	1065	10319
HA|PP755589.1|A/cattle/Texas/24-008749-003/2024(H5N1)	1066	10348
HA|PP755589.1|A/cattle/Texas/24-008749-003/2024(H5N1)	1067	9460
HA|PP755589.1|A/cattle/Texas/24-008749-003/2024(H5N1)	1068	9464
HA|PP755589.1|A/cattle/Texas/24-008749-003/2024(H5N1)	1069	9490
HA|PP755589.1|A/cattle/Texas/24-008749-003/2024(H5N1)	1070	9466
HA|PP755589.1|A/cattle/Texas/24-008749-003/2024(H5N1)	1071	9437
HA|PP755589.1|A/cattle/Texas/24-008749-003/2024(H5N1)	1072	9393
HA|PP755589.1|A/cattle/Texas/24-008749-003/2024(H5N1)	1073	9386
HA|PP755589.1|A/cattle/Texas/24-008749-003/2024(H5N1)	1074	9402
HA|PP755589.1|A/cattle/Texas/24-008749-003/2024(H5N1)	1075	9436
HA|PP755589.1|A/cattle/Texas/24-008749-003/2024(H5N1)	1076	9429
HA|PP755589.1|A/cattle/Texas/24-008749-003/2024(H5N1)	1077	8750
HA|PP755589.1|A/cattle/Texas/24-008749-003/2024(H5N1)	1078	8653
HA|PP755589.1|A/cattle/Texas/24-008749-003/2024(H5N1)	1079	8585
HA|PP755589.1|A/cattle/Texas/24-008749-003/2024(H5N1)	1080	8656
HA|PP755589.1|A/cattle/Texas/24-008749-003/2024(H5N1)	1081	8752
HA|PP755589.1|A/cattle/Texas/24-008749-003/2024(H5N1)	1082	8816
HA|PP755589.1|A/cattle/Texas/24-008749-003/2024(H5N1)	1083	8804
HA|PP755589.1|A/cattle/Texas/24-008749-003/2024(H5N1)	1084	8659
HA|PP755589.1|A/cattle/Texas/24-008749-003/2024(H5N1)	1085	8620
HA|PP755589.1|A/cattle/Texas/24-008749-003/2024(H5N1)	1086	8706
HA|PP755589.1|A/cattle/Texas/24-008749-003/2024(H5N1)	1087	8800
HA|PP755589.1|A/cattle/Texas/24-008749-003/2024(H5N1)	1088	8807
HA|PP755589.1|A/cattle/Texas/24-008749-003/2024(H5N1)	1089	8748
HA|PP755589.1|A/cattle/Texas/24-008749-003/2024(H5N1)	1090	8728
HA|PP755589.1|A/cattle/Texas/24-008749-003/2024(H5N1)	1091	8901
HA|PP755589.1|A/cattle/Texas/24-008749-003/2024(H5N1)	1092	8517
HA|PP755589.1|A/cattle/Texas/24-008749-003/2024(H5N1)	1093	8567
HA|PP755589.1|A/cattle/Texas/24-008749-003/2024(H5N1)	1094	8548
HA|PP755589.1|A/cattle/Texas/24-008749-003/2024(H5N1)	1095	8422
HA|PP755589.1|A/cattle/Texas/24-008749-003/2024(H5N1)	1096	8355
HA|PP755589.1|A/cattle/Texas/24-008749-003/2024(H5N1)	1097	8484
HA|PP755589.1|A/cattle/Texas/24-008749-003/2024(H5N1)	1098	8616
HA|PP755589.1|A/cattle/Texas/24-008749-003/2024(H5N1)	1099	8709
HA|PP755589.1|A/cattle/Texas/24-008749-003/2024(H5N1)	1100	8775
HA|PP755589.1|A/cattle/Texas/24-008749-003/2024(H5N1)	1101	8806
HA|PP755589.1|A/cattle/Texas/24-008749-003/2024(H5N1)	1102	9036
HA|PP755589.1|A/cattle/Texas/24-008749-003/2024(H5N1)	1103	9111
HA|PP755589.1|A/cattle/Texas/24-008749-003/2024(H5N1)	1104	9048
HA|PP755589.1|A/cattle/Texas/24-008749-003/2024(H5N1)	1105	8985
HA|PP755589.1|A/cattle/Texas/24-008749-003/2024(H5N1)	1106	8861
HA|PP755589.1|A/cattle/Texas/24-008749-003/2024(H5N1)	1107	8937
HA|PP755589.1|A/cattle/Texas/24-008749-003/2024(H5N1)	1108	8985
HA|PP755589.1|A/cattle/Texas/24-008749-003/2024(H5N1)	1109	8969
HA|PP755589.1|A/cattle/Texas/24-008749-003/2024(H5N1)	1110	9224
HA|PP755589.1|A/cattle/Texas/24-008749-003/2024(H5N1)	1111	9070
HA|PP755589.1|A/cattle/Texas/24-008749-003/2024(H5N1)	1112	8947
HA|PP755589.1|A/cattle/Texas/24-008749-003/2024(H5N1)	1113	8954
HA|PP755589.1|A/cattle/Texas/24-008749-003/2024(H5N1)	1114	8940
HA|PP755589.1|A/cattle/Texas/24-008749-003/2024(H5N1)	1115	9157
HA|PP755589.1|A/cattle/Texas/24-008749-003/2024(H5N1)	1116	9118
HA|PP755589.1|A/cattle/Texas/24-008749-003/2024(H5N1)	1117	9075
HA|PP755589.1|A/cattle/Texas/24-008749-003/2024(H5N1)	1118	9074
HA|PP755589.1|A/cattle/Texas/24-008749-003/2024(H5N1)	1119	8962
HA|PP755589.1|A/cattle/Texas/24-008749-003/2024(H5N1)	1120	9489
HA|PP755589.1|A/cattle/Texas/24-008749-003/2024(H5N1)	1121	9834
HA|PP755589.1|A/cattle/Texas/24-008749-003/2024(H5N1)	1122	9955
HA|PP755589.1|A/cattle/Texas/24-008749-003/2024(H5N1)	1123	9969
HA|PP755589.1|A/cattle/Texas/24-008749-003/2024(H5N1)	1124	9732
HA|PP755589.1|A/cattle/Texas/24-008749-003/2024(H5N1)	1125	9921
HA|PP755589.1|A/cattle/Texas/24-008749-003/2024(H5N1)	1126	9952
HA|PP755589.1|A/cattle/Texas/24-008749-003/2024(H5N1)	1127	10109
HA|PP755589.1|A/cattle/Texas/24-008749-003/2024(H5N1)	1128	10105
HA|PP755589.1|A/cattle/Texas/24-008749-003/2024(H5N1)	1129	9857
HA|PP755589.1|A/cattle/Texas/24-008749-003/2024(H5N1)	1130	10029
HA|PP755589.1|A/cattle/Texas/24-008749-003/2024(H5N1)	1131	9999
HA|PP755589.1|A/cattle/Texas/24-008749-003/2024(H5N1)	1132	10105
HA|PP755589.1|A/cattle/Texas/24-008749-003/2024(H5N1)	1133	10113
HA|PP755589.1|A/cattle/Texas/24-008749-003/2024(H5N1)	1134	10150
HA|PP755589.1|A/cattle/Texas/24-008749-003/2024(H5N1)	1135	10012
HA|PP755589.1|A/cattle/Texas/24-008749-003/2024(H5N1)	1136	9948
HA|PP755589.1|A/cattle/Texas/24-008749-003/2024(H5N1)	1137	9878
HA|PP755589.1|A/cattle/Texas/24-008749-003/2024(H5N1)	1138	9907
HA|PP755589.1|A/cattle/Texas/24-008749-003/2024(H5N1)	1139	9926
HA|PP755589.1|A/cattle/Texas/24-008749-003/2024(H5N1)	1140	9758
HA|PP755589.1|A/cattle/Texas/24-008749-003/2024(H5N1)	1141	9783
HA|PP755589.1|A/cattle/Texas/24-008749-003/2024(H5N1)	1142	9768
HA|PP755589.1|A/cattle/Texas/24-008749-003/2024(H5N1)	1143	9723
HA|PP755589.1|A/cattle/Texas/24-008749-003/2024(H5N1)	1144	9804
HA|PP755589.1|A/cattle/Texas/24-008749-003/2024(H5N1)	1145	9806
HA|PP755589.1|A/cattle/Texas/24-008749-003/2024(H5N1)	1146	9832
HA|PP755589.1|A/cattle/Texas/24-008749-003/2024(H5N1)	1147	9794
HA|PP755589.1|A/cattle/Texas/24-008749-003/2024(H5N1)	1148	9765
HA|PP755589.1|A/cattle/Texas/24-008749-003/2024(H5N1)	1149	9749
HA|PP755589.1|A/cattle/Texas/24-008749-003/2024(H5N1)	1150	9752
HA|PP755589.1|A/cattle/Texas/24-008749-003/2024(H5N1)	1151	9747
HA|PP755589.1|A/cattle/Texas/24-008749-003/2024(H5N1)	1152	9621
HA|PP755589.1|A/cattle/Texas/24-008749-003/2024(H5N1)	1153	9606
HA|PP755589.1|A/cattle/Texas/24-008749-003/2024(H5N1)	1154	9628
HA|PP755589.1|A/cattle/Texas/24-008749-003/2024(H5N1)	1155	9603
HA|PP755589.1|A/cattle/Texas/24-008749-003/2024(H5N1)	1156	9839
HA|PP755589.1|A/cattle/Texas/24-008749-003/2024(H5N1)	1157	9953
HA|PP755589.1|A/cattle/Texas/24-008749-003/2024(H5N1)	1158	9973
HA|PP755589.1|A/cattle/Texas/24-008749-003/2024(H5N1)	1159	9907
HA|PP755589.1|A/cattle/Texas/24-008749-003/2024(H5N1)	1160	9895
HA|PP755589.1|A/cattle/Texas/24-008749-003/2024(H5N1)	1161	9847
HA|PP755589.1|A/cattle/Texas/24-008749-003/2024(H5N1)	1162	9845
HA|PP755589.1|A/cattle/Texas/24-008749-003/2024(H5N1)	1163	9926
HA|PP755589.1|A/cattle/Texas/24-008749-003/2024(H5N1)	1164	10020
HA|PP755589.1|A/cattle/Texas/24-008749-003/2024(H5N1)	1165	10400
HA|PP755589.1|A/cattle/Texas/24-008749-003/2024(H5N1)	1166	10356
HA|PP755589.1|A/cattle/Texas/24-008749-003/2024(H5N1)	1167	10341
HA|PP755589.1|A/cattle/Texas/24-008749-003/2024(H5N1)	1168	10391
HA|PP755589.1|A/cattle/Texas/24-008749-003/2024(H5N1)	1169	10800
HA|PP755589.1|A/cattle/Texas/24-008749-003/2024(H5N1)	1170	10847
HA|PP755589.1|A/cattle/Texas/24-008749-003/2024(H5N1)	1171	10854
HA|PP755589.1|A/cattle/Texas/24-008749-003/2024(H5N1)	1172	11214
HA|PP755589.1|A/cattle/Texas/24-008749-003/2024(H5N1)	1173	11130
HA|PP755589.1|A/cattle/Texas/24-008749-003/2024(H5N1)	1174	11125
HA|PP755589.1|A/cattle/Texas/24-008749-003/2024(H5N1)	1175	11275
HA|PP755589.1|A/cattle/Texas/24-008749-003/2024(H5N1)	1176	11188
HA|PP755589.1|A/cattle/Texas/24-008749-003/2024(H5N1)	1177	11266
HA|PP755589.1|A/cattle/Texas/24-008749-003/2024(H5N1)	1178	11336
HA|PP755589.1|A/cattle/Texas/24-008749-003/2024(H5N1)	1179	11324
HA|PP755589.1|A/cattle/Texas/24-008749-003/2024(H5N1)	1180	11336
HA|PP755589.1|A/cattle/Texas/24-008749-003/2024(H5N1)	1181	11536
HA|PP755589.1|A/cattle/Texas/24-008749-003/2024(H5N1)	1182	11584
HA|PP755589.1|A/cattle/Texas/24-008749-003/2024(H5N1)	1183	11620
HA|PP755589.1|A/cattle/Texas/24-008749-003/2024(H5N1)	1184	11600
HA|PP755589.1|A/cattle/Texas/24-008749-003/2024(H5N1)	1185	11705
HA|PP755589.1|A/cattle/Texas/24-008749-003/2024(H5N1)	1186	11710
HA|PP755589.1|A/cattle/Texas/24-008749-003/2024(H5N1)	1187	11642
HA|PP755589.1|A/cattle/Texas/24-008749-003/2024(H5N1)	1188	11922
HA|PP755589.1|A/cattle/Texas/24-008749-003/2024(H5N1)	1189	11949
HA|PP755589.1|A/cattle/Texas/24-008749-003/2024(H5N1)	1190	11802
HA|PP755589.1|A/cattle/Texas/24-008749-003/2024(H5N1)	1191	11581
HA|PP755589.1|A/cattle/Texas/24-008749-003/2024(H5N1)	1192	11580
HA|PP755589.1|A/cattle/Texas/24-008749-003/2024(H5N1)	1193	11794
HA|PP755589.1|A/cattle/Texas/24-008749-003/2024(H5N1)	1194	11877
HA|PP755589.1|A/cattle/Texas/24-008749-003/2024(H5N1)	1195	11865
HA|PP755589.1|A/cattle/Texas/24-008749-003/2024(H5N1)	1196	11879
HA|PP755589.1|A/cattle/Texas/24-008749-003/2024(H5N1)	1197	11710
HA|PP755589.1|A/cattle/Texas/24-008749-003/2024(H5N1)	1198	11806
HA|PP755589.1|A/cattle/Texas/24-008749-003/2024(H5N1)	1199	11803
HA|PP755589.1|A/cattle/Texas/24-008749-003/2024(H5N1)	1200	11843
HA|PP755589.1|A/cattle/Texas/24-008749-003/2024(H5N1)	1201	11838
HA|PP755589.1|A/cattle/Texas/24-008749-003/2024(H5N1)	1202	11636
HA|PP755589.1|A/cattle/Texas/24-008749-003/2024(H5N1)	1203	11600
HA|PP755589.1|A/cattle/Texas/24-008749-003/2024(H5N1)	1204	11623
HA|PP755589.1|A/cattle/Texas/24-008749-003/2024(H5N1)	1205	11665
HA|PP755589.1|A/cattle/Texas/24-008749-003/2024(H5N1)	1206	11691
HA|PP755589.1|A/cattle/Texas/24-008749-003/2024(H5N1)	1207	11648
HA|PP755589.1|A/cattle/Texas/24-008749-003/2024(H5N1)	1208	11355
HA|PP755589.1|A/cattle/Texas/24-008749-003/2024(H5N1)	1209	10935
HA|PP755589.1|A/cattle/Texas/24-008749-003/2024(H5N1)	1210	10974
HA|PP755589.1|A/cattle/Texas/24-008749-003/2024(H5N1)	1211	10980
HA|PP755589.1|A/cattle/Texas/24-008749-003/2024(H5N1)	1212	10984
HA|PP755589.1|A/cattle/Texas/24-008749-003/2024(H5N1)	1213	11227
HA|PP755589.1|A/cattle/Texas/24-008749-003/2024(H5N1)	1214	11188
HA|PP755589.1|A/cattle/Texas/24-008749-003/2024(H5N1)	1215	11318
HA|PP755589.1|A/cattle/Texas/24-008749-003/2024(H5N1)	1216	11305
HA|PP755589.1|A/cattle/Texas/24-008749-003/2024(H5N1)	1217	11382
HA|PP755589.1|A/cattle/Texas/24-008749-003/2024(H5N1)	1218	11320
HA|PP755589.1|A/cattle/Texas/24-008749-003/2024(H5N1)	1219	11376
HA|PP755589.1|A/cattle/Texas/24-008749-003/2024(H5N1)	1220	11383
HA|PP755589.1|A/cattle/Texas/24-008749-003/2024(H5N1)	1221	11626
HA|PP755589.1|A/cattle/Texas/24-008749-003/2024(H5N1)	1222	11628
HA|PP755589.1|A/cattle/Texas/24-008749-003/2024(H5N1)	1223	11549
HA|PP755589.1|A/cattle/Texas/24-008749-003/2024(H5N1)	1224	11501
HA|PP755589.1|A/cattle/Texas/24-008749-003/2024(H5N1)	1225	11492
HA|PP755589.1|A/cattle/Texas/24-008749-003/2024(H5N1)	1226	11396
HA|PP755589.1|A/cattle/Texas/24-008749-003/2024(H5N1)	1227	11364
HA|PP755589.1|A/cattle/Texas/24-008749-003/2024(H5N1)	1228	11321
HA|PP755589.1|A/cattle/Texas/24-008749-003/2024(H5N1)	1229	11466
HA|PP755589.1|A/cattle/Texas/24-008749-003/2024(H5N1)	1230	11323
HA|PP755589.1|A/cattle/Texas/24-008749-003/2024(H5N1)	1231	11722
HA|PP755589.1|A/cattle/Texas/24-008749-003/2024(H5N1)	1232	11782
HA|PP755589.1|A/cattle/Texas/24-008749-003/2024(H5N1)	1233	11754
HA|PP755589.1|A/cattle/Texas/24-008749-003/2024(H5N1)	1234	11781
HA|PP755589.1|A/cattle/Texas/24-008749-003/2024(H5N1)	1235	11808
HA|PP755589.1|A/cattle/Texas/24-008749-003/2024(H5N1)	1236	11875
HA|PP755589.1|A/cattle/Texas/24-008749-003/2024(H5N1)	1237	11718
HA|PP755589.1|A/cattle/Texas/24-008749-003/2024(H5N1)	1238	11606
HA|PP755589.1|A/cattle/Texas/24-008749-003/2024(H5N1)	1239	11709
HA|PP755589.1|A/cattle/Texas/24-008749-003/2024(H5N1)	1240	11904
HA|PP755589.1|A/cattle/Texas/24-008749-003/2024(H5N1)	1241	11584
HA|PP755589.1|A/cattle/Texas/24-008749-003/2024(H5N1)	1242	11734
HA|PP755589.1|A/cattle/Texas/24-008749-003/2024(H5N1)	1243	11739
HA|PP755589.1|A/cattle/Texas/24-008749-003/2024(H5N1)	1244	11654
HA|PP755589.1|A/cattle/Texas/24-008749-003/2024(H5N1)	1245	11764
HA|PP755589.1|A/cattle/Texas/24-008749-003/2024(H5N1)	1246	11759
HA|PP755589.1|A/cattle/Texas/24-008749-003/2024(H5N1)	1247	11749
HA|PP755589.1|A/cattle/Texas/24-008749-003/2024(H5N1)	1248	11602
HA|PP755589.1|A/cattle/Texas/24-008749-003/2024(H5N1)	1249	11355
HA|PP755589.1|A/cattle/Texas/24-008749-003/2024(H5N1)	1250	11449
HA|PP755589.1|A/cattle/Texas/24-008749-003/2024(H5N1)	1251	11250
HA|PP755589.1|A/cattle/Texas/24-008749-003/2024(H5N1)	1252	11200
HA|PP755589.1|A/cattle/Texas/24-008749-003/2024(H5N1)	1253	11201
HA|PP755589.1|A/cattle/Texas/24-008749-003/2024(H5N1)	1254	11079
HA|PP755589.1|A/cattle/Texas/24-008749-003/2024(H5N1)	1255	11107
HA|PP755589.1|A/cattle/Texas/24-008749-003/2024(H5N1)	1256	11270
HA|PP755589.1|A/cattle/Texas/24-008749-003/2024(H5N1)	1257	11313
HA|PP755589.1|A/cattle/Texas/24-008749-003/2024(H5N1)	1258	11207
HA|PP755589.1|A/cattle/Texas/24-008749-003/2024(H5N1)	1259	11176
HA|PP755589.1|A/cattle/Texas/24-008749-003/2024(H5N1)	1260	11276
HA|PP755589.1|A/cattle/Texas/24-008749-003/2024(H5N1)	1261	11035
HA|PP755589.1|A/cattle/Texas/24-008749-003/2024(H5N1)	1262	11237
HA|PP755589.1|A/cattle/Texas/24-008749-003/2024(H5N1)	1263	11620
HA|PP755589.1|A/cattle/Texas/24-008749-003/2024(H5N1)	1264	11726
HA|PP755589.1|A/cattle/Texas/24-008749-003/2024(H5N1)	1265	11619
HA|PP755589.1|A/cattle/Texas/24-008749-003/2024(H5N1)	1266	11336
HA|PP755589.1|A/cattle/Texas/24-008749-003/2024(H5N1)	1267	11299
HA|PP755589.1|A/cattle/Texas/24-008749-003/2024(H5N1)	1268	11263
HA|PP755589.1|A/cattle/Texas/24-008749-003/2024(H5N1)	1269	11307
HA|PP755589.1|A/cattle/Texas/24-008749-003/2024(H5N1)	1270	11845
HA|PP755589.1|A/cattle/Texas/24-008749-003/2024(H5N1)	1271	11235
HA|PP755589.1|A/cattle/Texas/24-008749-003/2024(H5N1)	1272	11221
HA|PP755589.1|A/cattle/Texas/24-008749-003/2024(H5N1)	1273	11082
HA|PP755589.1|A/cattle/Texas/24-008749-003/2024(H5N1)	1274	11307
HA|PP755589.1|A/cattle/Texas/24-008749-003/2024(H5N1)	1275	11342
HA|PP755589.1|A/cattle/Texas/24-008749-003/2024(H5N1)	1276	11154
HA|PP755589.1|A/cattle/Texas/24-008749-003/2024(H5N1)	1277	11138
HA|PP755589.1|A/cattle/Texas/24-008749-003/2024(H5N1)	1278	10914
HA|PP755589.1|A/cattle/Texas/24-008749-003/2024(H5N1)	1279	11425
HA|PP755589.1|A/cattle/Texas/24-008749-003/2024(H5N1)	1280	11458
HA|PP755589.1|A/cattle/Texas/24-008749-003/2024(H5N1)	1281	11339
HA|PP755589.1|A/cattle/Texas/24-008749-003/2024(H5N1)	1282	11318
HA|PP755589.1|A/cattle/Texas/24-008749-003/2024(H5N1)	1283	11223
HA|PP755589.1|A/cattle/Texas/24-008749-003/2024(H5N1)	1284	11184
HA|PP755589.1|A/cattle/Texas/24-008749-003/2024(H5N1)	1285	11180
HA|PP755589.1|A/cattle/Texas/24-008749-003/2024(H5N1)	1286	11230
HA|PP755589.1|A/cattle/Texas/24-008749-003/2024(H5N1)	1287	11210
HA|PP755589.1|A/cattle/Texas/24-008749-003/2024(H5N1)	1288	11410
HA|PP755589.1|A/cattle/Texas/24-008749-003/2024(H5N1)	1289	11362
HA|PP755589.1|A/cattle/Texas/24-008749-003/2024(H5N1)	1290	11327
HA|PP755589.1|A/cattle/Texas/24-008749-003/2024(H5N1)	1291	11331
HA|PP755589.1|A/cattle/Texas/24-008749-003/2024(H5N1)	1292	11598
HA|PP755589.1|A/cattle/Texas/24-008749-003/2024(H5N1)	1293	11882
HA|PP755589.1|A/cattle/Texas/24-008749-003/2024(H5N1)	1294	11830
HA|PP755589.1|A/cattle/Texas/24-008749-003/2024(H5N1)	1295	11852
HA|PP755589.1|A/cattle/Texas/24-008749-003/2024(H5N1)	1296	11868
HA|PP755589.1|A/cattle/Texas/24-008749-003/2024(H5N1)	1297	11795
HA|PP755589.1|A/cattle/Texas/24-008749-003/2024(H5N1)	1298	11990
HA|PP755589.1|A/cattle/Texas/24-008749-003/2024(H5N1)	1299	12053
HA|PP755589.1|A/cattle/Texas/24-008749-003/2024(H5N1)	1300	11998
HA|PP755589.1|A/cattle/Texas/24-008749-003/2024(H5N1)	1301	11988
HA|PP755589.1|A/cattle/Texas/24-008749-003/2024(H5N1)	1302	11986
HA|PP755589.1|A/cattle/Texas/24-008749-003/2024(H5N1)	1303	11982
HA|PP755589.1|A/cattle/Texas/24-008749-003/2024(H5N1)	1304	11987
HA|PP755589.1|A/cattle/Texas/24-008749-003/2024(H5N1)	1305	12234
HA|PP755589.1|A/cattle/Texas/24-008749-003/2024(H5N1)	1306	12499
HA|PP755589.1|A/cattle/Texas/24-008749-003/2024(H5N1)	1307	12233
HA|PP755589.1|A/cattle/Texas/24-008749-003/2024(H5N1)	1308	12110
HA|PP755589.1|A/cattle/Texas/24-008749-003/2024(H5N1)	1309	12085
HA|PP755589.1|A/cattle/Texas/24-008749-003/2024(H5N1)	1310	12101
HA|PP755589.1|A/cattle/Texas/24-008749-003/2024(H5N1)	1311	12302
HA|PP755589.1|A/cattle/Texas/24-008749-003/2024(H5N1)	1312	12324
HA|PP755589.1|A/cattle/Texas/24-008749-003/2024(H5N1)	1313	12363
HA|PP755589.1|A/cattle/Texas/24-008749-003/2024(H5N1)	1314	12391
HA|PP755589.1|A/cattle/Texas/24-008749-003/2024(H5N1)	1315	12166
HA|PP755589.1|A/cattle/Texas/24-008749-003/2024(H5N1)	1316	12265
HA|PP755589.1|A/cattle/Texas/24-008749-003/2024(H5N1)	1317	12254
HA|PP755589.1|A/cattle/Texas/24-008749-003/2024(H5N1)	1318	12250
HA|PP755589.1|A/cattle/Texas/24-008749-003/2024(H5N1)	1319	12460
HA|PP755589.1|A/cattle/Texas/24-008749-003/2024(H5N1)	1320	12072
HA|PP755589.1|A/cattle/Texas/24-008749-003/2024(H5N1)	1321	12038
HA|PP755589.1|A/cattle/Texas/24-008749-003/2024(H5N1)	1322	11990
HA|PP755589.1|A/cattle/Texas/24-008749-003/2024(H5N1)	1323	11548
HA|PP755589.1|A/cattle/Texas/24-008749-003/2024(H5N1)	1324	11567
HA|PP755589.1|A/cattle/Texas/24-008749-003/2024(H5N1)	1325	11589
HA|PP755589.1|A/cattle/Texas/24-008749-003/2024(H5N1)	1326	11515
HA|PP755589.1|A/cattle/Texas/24-008749-003/2024(H5N1)	1327	11622
HA|PP755589.1|A/cattle/Texas/24-008749-003/2024(H5N1)	1328	11393
HA|PP755589.1|A/cattle/Texas/24-008749-003/2024(H5N1)	1329	11439
HA|PP755589.1|A/cattle/Texas/24-008749-003/2024(H5N1)	1330	11195
HA|PP755589.1|A/cattle/Texas/24-008749-003/2024(H5N1)	1331	11199
HA|PP755589.1|A/cattle/Texas/24-008749-003/2024(H5N1)	1332	11200
HA|PP755589.1|A/cattle/Texas/24-008749-003/2024(H5N1)	1333	11167
HA|PP755589.1|A/cattle/Texas/24-008749-003/2024(H5N1)	1334	11170
HA|PP755589.1|A/cattle/Texas/24-008749-003/2024(H5N1)	1335	11358
HA|PP755589.1|A/cattle/Texas/24-008749-003/2024(H5N1)	1336	11248
HA|PP755589.1|A/cattle/Texas/24-008749-003/2024(H5N1)	1337	11357
HA|PP755589.1|A/cattle/Texas/24-008749-003/2024(H5N1)	1338	11164
HA|PP755589.1|A/cattle/Texas/24-008749-003/2024(H5N1)	1339	11157
HA|PP755589.1|A/cattle/Texas/24-008749-003/2024(H5N1)	1340	11167
HA|PP755589.1|A/cattle/Texas/24-008749-003/2024(H5N1)	1341	11157
HA|PP755589.1|A/cattle/Texas/24-008749-003/2024(H5N1)	1342	11180
HA|PP755589.1|A/cattle/Texas/24-008749-003/2024(H5N1)	1343	11177
HA|PP755589.1|A/cattle/Texas/24-008749-003/2024(H5N1)	1344	11017
HA|PP755589.1|A/cattle/Texas/24-008749-003/2024(H5N1)	1345	11108
HA|PP755589.1|A/cattle/Texas/24-008749-003/2024(H5N1)	1346	11127
HA|PP755589.1|A/cattle/Texas/24-008749-003/2024(H5N1)	1347	11185
HA|PP755589.1|A/cattle/Texas/24-008749-003/2024(H5N1)	1348	11181
HA|PP755589.1|A/cattle/Texas/24-008749-003/2024(H5N1)	1349	11094
HA|PP755589.1|A/cattle/Texas/24-008749-003/2024(H5N1)	1350	11094
HA|PP755589.1|A/cattle/Texas/24-008749-003/2024(H5N1)	1351	11040
HA|PP755589.1|A/cattle/Texas/24-008749-003/2024(H5N1)	1352	11088
HA|PP755589.1|A/cattle/Texas/24-008749-003/2024(H5N1)	1353	11147
HA|PP755589.1|A/cattle/Texas/24-008749-003/2024(H5N1)	1354	11274
HA|PP755589.1|A/cattle/Texas/24-008749-003/2024(H5N1)	1355	11481
HA|PP755589.1|A/cattle/Texas/24-008749-003/2024(H5N1)	1356	11424
HA|PP755589.1|A/cattle/Texas/24-008749-003/2024(H5N1)	1357	11577
HA|PP755589.1|A/cattle/Texas/24-008749-003/2024(H5N1)	1358	11578
HA|PP755589.1|A/cattle/Texas/24-008749-003/2024(H5N1)	1359	11600
HA|PP755589.1|A/cattle/Texas/24-008749-003/2024(H5N1)	1360	11508
HA|PP755589.1|A/cattle/Texas/24-008749-003/2024(H5N1)	1361	11693
HA|PP755589.1|A/cattle/Texas/24-008749-003/2024(H5N1)	1362	11781
HA|PP755589.1|A/cattle/Texas/24-008749-003/2024(H5N1)	1363	11673
HA|PP755589.1|A/cattle/Texas/24-008749-003/2024(H5N1)	1364	11901
HA|PP755589.1|A/cattle/Texas/24-008749-003/2024(H5N1)	1365	11836
HA|PP755589.1|A/cattle/Texas/24-008749-003/2024(H5N1)	1366	11802
HA|PP755589.1|A/cattle/Texas/24-008749-003/2024(H5N1)	1367	11799
HA|PP755589.1|A/cattle/Texas/24-008749-003/2024(H5N1)	1368	11677
HA|PP755589.1|A/cattle/Texas/24-008749-003/2024(H5N1)	1369	11673
HA|PP755589.1|A/cattle/Texas/24-008749-003/2024(H5N1)	1370	11913
HA|PP755589.1|A/cattle/Texas/24-008749-003/2024(H5N1)	1371	12054
HA|PP755589.1|A/cattle/Texas/24-008749-003/2024(H5N1)	1372	11786
HA|PP755589.1|A/cattle/Texas/24-008749-003/2024(H5N1)	1373	11873
HA|PP755589.1|A/cattle/Texas/24-008749-003/2024(H5N1)	1374	11865
HA|PP755589.1|A/cattle/Texas/24-008749-003/2024(H5N1)	1375	11930
HA|PP755589.1|A/cattle/Texas/24-008749-003/2024(H5N1)	1376	12243
HA|PP755589.1|A/cattle/Texas/24-008749-003/2024(H5N1)	1377	12241
HA|PP755589.1|A/cattle/Texas/24-008749-003/2024(H5N1)	1378	12400
HA|PP755589.1|A/cattle/Texas/24-008749-003/2024(H5N1)	1379	12343
HA|PP755589.1|A/cattle/Texas/24-008749-003/2024(H5N1)	1380	12307
HA|PP755589.1|A/cattle/Texas/24-008749-003/2024(H5N1)	1381	12301
HA|PP755589.1|A/cattle/Texas/24-008749-003/2024(H5N1)	1382	11878
HA|PP755589.1|A/cattle/Texas/24-008749-003/2024(H5N1)	1383	11865
HA|PP755589.1|A/cattle/Texas/24-008749-003/2024(H5N1)	1384	11897
HA|PP755589.1|A/cattle/Texas/24-008749-003/2024(H5N1)	1385	11869
HA|PP755589.1|A/cattle/Texas/24-008749-003/2024(H5N1)	1386	11983
HA|PP755589.1|A/cattle/Texas/24-008749-003/2024(H5N1)	1387	11966
HA|PP755589.1|A/cattle/Texas/24-008749-003/2024(H5N1)	1388	11838
HA|PP755589.1|A/cattle/Texas/24-008749-003/2024(H5N1)	1389	11829
HA|PP755589.1|A/cattle/Texas/24-008749-003/2024(H5N1)	1390	11813
HA|PP755589.1|A/cattle/Texas/24-008749-003/2024(H5N1)	1391	11626
HA|PP755589.1|A/cattle/Texas/24-008749-003/2024(H5N1)	1392	11550
HA|PP755589.1|A/cattle/Texas/24-008749-003/2024(H5N1)	1393	11546
HA|PP755589.1|A/cattle/Texas/24-008749-003/2024(H5N1)	1394	11590
HA|PP755589.1|A/cattle/Texas/24-008749-003/2024(H5N1)	1395	11544
HA|PP755589.1|A/cattle/Texas/24-008749-003/2024(H5N1)	1396	11406
HA|PP755589.1|A/cattle/Texas/24-008749-003/2024(H5N1)	1397	11456
HA|PP755589.1|A/cattle/Texas/24-008749-003/2024(H5N1)	1398	11584
HA|PP755589.1|A/cattle/Texas/24-008749-003/2024(H5N1)	1399	11643
HA|PP755589.1|A/cattle/Texas/24-008749-003/2024(H5N1)	1400	11635
HA|PP755589.1|A/cattle/Texas/24-008749-003/2024(H5N1)	1401	11433
HA|PP755589.1|A/cattle/Texas/24-008749-003/2024(H5N1)	1402	11410
HA|PP755589.1|A/cattle/Texas/24-008749-003/2024(H5N1)	1403	11818
HA|PP755589.1|A/cattle/Texas/24-008749-003/2024(H5N1)	1404	11881
HA|PP755589.1|A/cattle/Texas/24-008749-003/2024(H5N1)	1405	11954
HA|PP755589.1|A/cattle/Texas/24-008749-003/2024(H5N1)	1406	11912
HA|PP755589.1|A/cattle/Texas/24-008749-003/2024(H5N1)	1407	11791
HA|PP755589.1|A/cattle/Texas/24-008749-003/2024(H5N1)	1408	11755
HA|PP755589.1|A/cattle/Texas/24-008749-003/2024(H5N1)	1409	11669
HA|PP755589.1|A/cattle/Texas/24-008749-003/2024(H5N1)	1410	12220
HA|PP755589.1|A/cattle/Texas/24-008749-003/2024(H5N1)	1411	12246
HA|PP755589.1|A/cattle/Texas/24-008749-003/2024(H5N1)	1412	11821
HA|PP755589.1|A/cattle/Texas/24-008749-003/2024(H5N1)	1413	11821
HA|PP755589.1|A/cattle/Texas/24-008749-003/2024(H5N1)	1414	11670
HA|PP755589.1|A/cattle/Texas/24-008749-003/2024(H5N1)	1415	11701
HA|PP755589.1|A/cattle/Texas/24-008749-003/2024(H5N1)	1416	11907
HA|PP755589.1|A/cattle/Texas/24-008749-003/2024(H5N1)	1417	11898
HA|PP755589.1|A/cattle/Texas/24-008749-003/2024(H5N1)	1418	11912
HA|PP755589.1|A/cattle/Texas/24-008749-003/2024(H5N1)	1419	11396
HA|PP755589.1|A/cattle/Texas/24-008749-003/2024(H5N1)	1420	11266
HA|PP755589.1|A/cattle/Texas/24-008749-003/2024(H5N1)	1421	11861
HA|PP755589.1|A/cattle/Texas/24-008749-003/2024(H5N1)	1422	11872
HA|PP755589.1|A/cattle/Texas/24-008749-003/2024(H5N1)	1423	11893
HA|PP755589.1|A/cattle/Texas/24-008749-003/2024(H5N1)	1424	11917
HA|PP755589.1|A/cattle/Texas/24-008749-003/2024(H5N1)	1425	11658
HA|PP755589.1|A/cattle/Texas/24-008749-003/2024(H5N1)	1426	11634
HA|PP755589.1|A/cattle/Texas/24-008749-003/2024(H5N1)	1427	11634
HA|PP755589.1|A/cattle/Texas/24-008749-003/2024(H5N1)	1428	11673
HA|PP755589.1|A/cattle/Texas/24-008749-003/2024(H5N1)	1429	11869
HA|PP755589.1|A/cattle/Texas/24-008749-003/2024(H5N1)	1430	11280
HA|PP755589.1|A/cattle/Texas/24-008749-003/2024(H5N1)	1431	11261
HA|PP755589.1|A/cattle/Texas/24-008749-003/2024(H5N1)	1432	11318
HA|PP755589.1|A/cattle/Texas/24-008749-003/2024(H5N1)	1433	11820
HA|PP755589.1|A/cattle/Texas/24-008749-003/2024(H5N1)	1434	12227
HA|PP755589.1|A/cattle/Texas/24-008749-003/2024(H5N1)	1435	12381
HA|PP755589.1|A/cattle/Texas/24-008749-003/2024(H5N1)	1436	12337
HA|PP755589.1|A/cattle/Texas/24-008749-003/2024(H5N1)	1437	12281
HA|PP755589.1|A/cattle/Texas/24-008749-003/2024(H5N1)	1438	12335
HA|PP755589.1|A/cattle/Texas/24-008749-003/2024(H5N1)	1439	12313
HA|PP755589.1|A/cattle/Texas/24-008749-003/2024(H5N1)	1440	12294
HA|PP755589.1|A/cattle/Texas/24-008749-003/2024(H5N1)	1441	12300
HA|PP755589.1|A/cattle/Texas/24-008749-003/2024(H5N1)	1442	12329
HA|PP755589.1|A/cattle/Texas/24-008749-003/2024(H5N1)	1443	11955
HA|PP755589.1|A/cattle/Texas/24-008749-003/2024(H5N1)	1444	11935
HA|PP755589.1|A/cattle/Texas/24-008749-003/2024(H5N1)	1445	11997
HA|PP755589.1|A/cattle/Texas/24-008749-003/2024(H5N1)	1446	12004
HA|PP755589.1|A/cattle/Texas/24-008749-003/2024(H5N1)	1447	12041
HA|PP755589.1|A/cattle/Texas/24-008749-003/2024(H5N1)	1448	12008
HA|PP755589.1|A/cattle/Texas/24-008749-003/2024(H5N1)	1449	11799
HA|PP755589.1|A/cattle/Texas/24-008749-003/2024(H5N1)	1450	11796
HA|PP755589.1|A/cattle/Texas/24-008749-003/2024(H5N1)	1451	11777
HA|PP755589.1|A/cattle/Texas/24-008749-003/2024(H5N1)	1452	11848
HA|PP755589.1|A/cattle/Texas/24-008749-003/2024(H5N1)	1453	11867
HA|PP755589.1|A/cattle/Texas/24-008749-003/2024(H5N1)	1454	11806
HA|PP755589.1|A/cattle/Texas/24-008749-003/2024(H5N1)	1455	11319
HA|PP755589.1|A/cattle/Texas/24-008749-003/2024(H5N1)	1456	11293
HA|PP755589.1|A/cattle/Texas/24-008749-003/2024(H5N1)	1457	11326
HA|PP755589.1|A/cattle/Texas/24-008749-003/2024(H5N1)	1458	11368
HA|PP755589.1|A/cattle/Texas/24-008749-003/2024(H5N1)	1459	11370
HA|PP755589.1|A/cattle/Texas/24-008749-003/2024(H5N1)	1460	11461
HA|PP755589.1|A/cattle/Texas/24-008749-003/2024(H5N1)	1461	11393
HA|PP755589.1|A/cattle/Texas/24-008749-003/2024(H5N1)	1462	11371
HA|PP755589.1|A/cattle/Texas/24-008749-003/2024(H5N1)	1463	11371
HA|PP755589.1|A/cattle/Texas/24-008749-003/2024(H5N1)	1464	11286
HA|PP755589.1|A/cattle/Texas/24-008749-003/2024(H5N1)	1465	10990
HA|PP755589.1|A/cattle/Texas/24-008749-003/2024(H5N1)	1466	11036
HA|PP755589.1|A/cattle/Texas/24-008749-003/2024(H5N1)	1467	10975
HA|PP755589.1|A/cattle/Texas/24-008749-003/2024(H5N1)	1468	11005
HA|PP755589.1|A/cattle/Texas/24-008749-003/2024(H5N1)	1469	11008
HA|PP755589.1|A/cattle/Texas/24-008749-003/2024(H5N1)	1470	10785
HA|PP755589.1|A/cattle/Texas/24-008749-003/2024(H5N1)	1471	10835
HA|PP755589.1|A/cattle/Texas/24-008749-003/2024(H5N1)	1472	10846
HA|PP755589.1|A/cattle/Texas/24-008749-003/2024(H5N1)	1473	10819
HA|PP755589.1|A/cattle/Texas/24-008749-003/2024(H5N1)	1474	10830
HA|PP755589.1|A/cattle/Texas/24-008749-003/2024(H5N1)	1475	10798
HA|PP755589.1|A/cattle/Texas/24-008749-003/2024(H5N1)	1476	10846
HA|PP755589.1|A/cattle/Texas/24-008749-003/2024(H5N1)	1477	11004
HA|PP755589.1|A/cattle/Texas/24-008749-003/2024(H5N1)	1478	10881
HA|PP755589.1|A/cattle/Texas/24-008749-003/2024(H5N1)	1479	10983
HA|PP755589.1|A/cattle/Texas/24-008749-003/2024(H5N1)	1480	11689
HA|PP755589.1|A/cattle/Texas/24-008749-003/2024(H5N1)	1481	11692
HA|PP755589.1|A/cattle/Texas/24-008749-003/2024(H5N1)	1482	11692
HA|PP755589.1|A/cattle/Texas/24-008749-003/2024(H5N1)	1483	11695
HA|PP755589.1|A/cattle/Texas/24-008749-003/2024(H5N1)	1484	11668
HA|PP755589.1|A/cattle/Texas/24-008749-003/2024(H5N1)	1485	11669
HA|PP755589.1|A/cattle/Texas/24-008749-003/2024(H5N1)	1486	11433
HA|PP755589.1|A/cattle/Texas/24-008749-003/2024(H5N1)	1487	11564
HA|PP755589.1|A/cattle/Texas/24-008749-003/2024(H5N1)	1488	11420
HA|PP755589.1|A/cattle/Texas/24-008749-003/2024(H5N1)	1489	11398
HA|PP755589.1|A/cattle/Texas/24-008749-003/2024(H5N1)	1490	11420
HA|PP755589.1|A/cattle/Texas/24-008749-003/2024(H5N1)	1491	11415
HA|PP755589.1|A/cattle/Texas/24-008749-003/2024(H5N1)	1492	11442
HA|PP755589.1|A/cattle/Texas/24-008749-003/2024(H5N1)	1493	11426
HA|PP755589.1|A/cattle/Texas/24-008749-003/2024(H5N1)	1494	11489
HA|PP755589.1|A/cattle/Texas/24-008749-003/2024(H5N1)	1495	11468
HA|PP755589.1|A/cattle/Texas/24-008749-003/2024(H5N1)	1496	11495
HA|PP755589.1|A/cattle/Texas/24-008749-003/2024(H5N1)	1497	11479
HA|PP755589.1|A/cattle/Texas/24-008749-003/2024(H5N1)	1498	11394
HA|PP755589.1|A/cattle/Texas/24-008749-003/2024(H5N1)	1499	11501
HA|PP755589.1|A/cattle/Texas/24-008749-003/2024(H5N1)	1500	11477
HA|PP755589.1|A/cattle/Texas/24-008749-003/2024(H5N1)	1501	11642
HA|PP755589.1|A/cattle/Texas/24-008749-003/2024(H5N1)	1502	11634
HA|PP755589.1|A/cattle/Texas/24-008749-003/2024(H5N1)	1503	11580
HA|PP755589.1|A/cattle/Texas/24-008749-003/2024(H5N1)	1504	11657
HA|PP755589.1|A/cattle/Texas/24-008749-003/2024(H5N1)	1505	11564
HA|PP755589.1|A/cattle/Texas/24-008749-003/2024(H5N1)	1506	11938
HA|PP755589.1|A/cattle/Texas/24-008749-003/2024(H5N1)	1507	11941
HA|PP755589.1|A/cattle/Texas/24-008749-003/2024(H5N1)	1508	11855
HA|PP755589.1|A/cattle/Texas/24-008749-003/2024(H5N1)	1509	11818
HA|PP755589.1|A/cattle/Texas/24-008749-003/2024(H5N1)	1510	11624
HA|PP755589.1|A/cattle/Texas/24-008749-003/2024(H5N1)	1511	11864
HA|PP755589.1|A/cattle/Texas/24-008749-003/2024(H5N1)	1512	11944
HA|PP755589.1|A/cattle/Texas/24-008749-003/2024(H5N1)	1513	12121
HA|PP755589.1|A/cattle/Texas/24-008749-003/2024(H5N1)	1514	12107
HA|PP755589.1|A/cattle/Texas/24-008749-003/2024(H5N1)	1515	11905
HA|PP755589.1|A/cattle/Texas/24-008749-003/2024(H5N1)	1516	11922
HA|PP755589.1|A/cattle/Texas/24-008749-003/2024(H5N1)	1517	11895
HA|PP755589.1|A/cattle/Texas/24-008749-003/2024(H5N1)	1518	12107
HA|PP755589.1|A/cattle/Texas/24-008749-003/2024(H5N1)	1519	12106
HA|PP755589.1|A/cattle/Texas/24-008749-003/2024(H5N1)	1520	12178
HA|PP755589.1|A/cattle/Texas/24-008749-003/2024(H5N1)	1521	12016
HA|PP755589.1|A/cattle/Texas/24-008749-003/2024(H5N1)	1522	11831
HA|PP755589.1|A/cattle/Texas/24-008749-003/2024(H5N1)	1523	11832
HA|PP755589.1|A/cattle/Texas/24-008749-003/2024(H5N1)	1524	11742
HA|PP755589.1|A/cattle/Texas/24-008749-003/2024(H5N1)	1525	11784
HA|PP755589.1|A/cattle/Texas/24-008749-003/2024(H5N1)	1526	12123
HA|PP755589.1|A/cattle/Texas/24-008749-003/2024(H5N1)	1527	11771
HA|PP755589.1|A/cattle/Texas/24-008749-003/2024(H5N1)	1528	11765
HA|PP755589.1|A/cattle/Texas/24-008749-003/2024(H5N1)	1529	11722
HA|PP755589.1|A/cattle/Texas/24-008749-003/2024(H5N1)	1530	11711
HA|PP755589.1|A/cattle/Texas/24-008749-003/2024(H5N1)	1531	11708
HA|PP755589.1|A/cattle/Texas/24-008749-003/2024(H5N1)	1532	11713
HA|PP755589.1|A/cattle/Texas/24-008749-003/2024(H5N1)	1533	11708
HA|PP755589.1|A/cattle/Texas/24-008749-003/2024(H5N1)	1534	11639
HA|PP755589.1|A/cattle/Texas/24-008749-003/2024(H5N1)	1535	11648
HA|PP755589.1|A/cattle/Texas/24-008749-003/2024(H5N1)	1536	12873
HA|PP755589.1|A/cattle/Texas/24-008749-003/2024(H5N1)	1537	12756
HA|PP755589.1|A/cattle/Texas/24-008749-003/2024(H5N1)	1538	12677
HA|PP755589.1|A/cattle/Texas/24-008749-003/2024(H5N1)	1539	12900
HA|PP755589.1|A/cattle/Texas/24-008749-003/2024(H5N1)	1540	12900
HA|PP755589.1|A/cattle/Texas/24-008749-003/2024(H5N1)	1541	12918
HA|PP755589.1|A/cattle/Texas/24-008749-003/2024(H5N1)	1542	12919
HA|PP755589.1|A/cattle/Texas/24-008749-003/2024(H5N1)	1543	12844
HA|PP755589.1|A/cattle/Texas/24-008749-003/2024(H5N1)	1544	12851
HA|PP755589.1|A/cattle/Texas/24-008749-003/2024(H5N1)	1545	13075
HA|PP755589.1|A/cattle/Texas/24-008749-003/2024(H5N1)	1546	13081
HA|PP755589.1|A/cattle/Texas/24-008749-003/2024(H5N1)	1547	13093
HA|PP755589.1|A/cattle/Texas/24-008749-003/2024(H5N1)	1548	13050
HA|PP755589.1|A/cattle/Texas/24-008749-003/2024(H5N1)	1549	13043
HA|PP755589.1|A/cattle/Texas/24-008749-003/2024(H5N1)	1550	13067
HA|PP755589.1|A/cattle/Texas/24-008749-003/2024(H5N1)	1551	13089
HA|PP755589.1|A/cattle/Texas/24-008749-003/2024(H5N1)	1552	13089
HA|PP755589.1|A/cattle/Texas/24-008749-003/2024(H5N1)	1553	13035
HA|PP755589.1|A/cattle/Texas/24-008749-003/2024(H5N1)	1554	12647
HA|PP755589.1|A/cattle/Texas/24-008749-003/2024(H5N1)	1555	12611
HA|PP755589.1|A/cattle/Texas/24-008749-003/2024(H5N1)	1556	12504
HA|PP755589.1|A/cattle/Texas/24-008749-003/2024(H5N1)	1557	12522
HA|PP755589.1|A/cattle/Texas/24-008749-003/2024(H5N1)	1558	12259
HA|PP755589.1|A/cattle/Texas/24-008749-003/2024(H5N1)	1559	12263
HA|PP755589.1|A/cattle/Texas/24-008749-003/2024(H5N1)	1560	12259
HA|PP755589.1|A/cattle/Texas/24-008749-003/2024(H5N1)	1561	11659
HA|PP755589.1|A/cattle/Texas/24-008749-003/2024(H5N1)	1562	11693
HA|PP755589.1|A/cattle/Texas/24-008749-003/2024(H5N1)	1563	11692
HA|PP755589.1|A/cattle/Texas/24-008749-003/2024(H5N1)	1564	11732
HA|PP755589.1|A/cattle/Texas/24-008749-003/2024(H5N1)	1565	11738
HA|PP755589.1|A/cattle/Texas/24-008749-003/2024(H5N1)	1566	11774
HA|PP755589.1|A/cattle/Texas/24-008749-003/2024(H5N1)	1567	11567
HA|PP755589.1|A/cattle/Texas/24-008749-003/2024(H5N1)	1568	11516
HA|PP755589.1|A/cattle/Texas/24-008749-003/2024(H5N1)	1569	11486
HA|PP755589.1|A/cattle/Texas/24-008749-003/2024(H5N1)	1570	11480
HA|PP755589.1|A/cattle/Texas/24-008749-003/2024(H5N1)	1571	11795
HA|PP755589.1|A/cattle/Texas/24-008749-003/2024(H5N1)	1572	11295
HA|PP755589.1|A/cattle/Texas/24-008749-003/2024(H5N1)	1573	11278
HA|PP755589.1|A/cattle/Texas/24-008749-003/2024(H5N1)	1574	11278
HA|PP755589.1|A/cattle/Texas/24-008749-003/2024(H5N1)	1575	11323
HA|PP755589.1|A/cattle/Texas/24-008749-003/2024(H5N1)	1576	11439
HA|PP755589.1|A/cattle/Texas/24-008749-003/2024(H5N1)	1577	11440
HA|PP755589.1|A/cattle/Texas/24-008749-003/2024(H5N1)	1578	11434
HA|PP755589.1|A/cattle/Texas/24-008749-003/2024(H5N1)	1579	11388
HA|PP755589.1|A/cattle/Texas/24-008749-003/2024(H5N1)	1580	11318
HA|PP755589.1|A/cattle/Texas/24-008749-003/2024(H5N1)	1581	11414
HA|PP755589.1|A/cattle/Texas/24-008749-003/2024(H5N1)	1582	11391
HA|PP755589.1|A/cattle/Texas/24-008749-003/2024(H5N1)	1583	11249
HA|PP755589.1|A/cattle/Texas/24-008749-003/2024(H5N1)	1584	10690
HA|PP755589.1|A/cattle/Texas/24-008749-003/2024(H5N1)	1585	10703
HA|PP755589.1|A/cattle/Texas/24-008749-003/2024(H5N1)	1586	10640
HA|PP755589.1|A/cattle/Texas/24-008749-003/2024(H5N1)	1587	10674
HA|PP755589.1|A/cattle/Texas/24-008749-003/2024(H5N1)	1588	10677
HA|PP755589.1|A/cattle/Texas/24-008749-003/2024(H5N1)	1589	10384
HA|PP755589.1|A/cattle/Texas/24-008749-003/2024(H5N1)	1590	10393
HA|PP755589.1|A/cattle/Texas/24-008749-003/2024(H5N1)	1591	10407
HA|PP755589.1|A/cattle/Texas/24-008749-003/2024(H5N1)	1592	10389
HA|PP755589.1|A/cattle/Texas/24-008749-003/2024(H5N1)	1593	10709
HA|PP755589.1|A/cattle/Texas/24-008749-003/2024(H5N1)	1594	10640
HA|PP755589.1|A/cattle/Texas/24-008749-003/2024(H5N1)	1595	10314
HA|PP755589.1|A/cattle/Texas/24-008749-003/2024(H5N1)	1596	10314
HA|PP755589.1|A/cattle/Texas/24-008749-003/2024(H5N1)	1597	11714
HA|PP755589.1|A/cattle/Texas/24-008749-003/2024(H5N1)	1598	11772
HA|PP755589.1|A/cattle/Texas/24-008749-003/2024(H5N1)	1599	11906
HA|PP755589.1|A/cattle/Texas/24-008749-003/2024(H5N1)	1600	11918
HA|PP755589.1|A/cattle/Texas/24-008749-003/2024(H5N1)	1601	11932
HA|PP755589.1|A/cattle/Texas/24-008749-003/2024(H5N1)	1602	12032
HA|PP755589.1|A/cattle/Texas/24-008749-003/2024(H5N1)	1603	11954
HA|PP755589.1|A/cattle/Texas/24-008749-003/2024(H5N1)	1604	11963
HA|PP755589.1|A/cattle/Texas/24-008749-003/2024(H5N1)	1605	11952
HA|PP755589.1|A/cattle/Texas/24-008749-003/2024(H5N1)	1606	11932
HA|PP755589.1|A/cattle/Texas/24-008749-003/2024(H5N1)	1607	11925
HA|PP755589.1|A/cattle/Texas/24-008749-003/2024(H5N1)	1608	11909
HA|PP755589.1|A/cattle/Texas/24-008749-003/2024(H5N1)	1609	11874
HA|PP755589.1|A/cattle/Texas/24-008749-003/2024(H5N1)	1610	11866
HA|PP755589.1|A/cattle/Texas/24-008749-003/2024(H5N1)	1611	11769
HA|PP755589.1|A/cattle/Texas/24-008749-003/2024(H5N1)	1612	11696
HA|PP755589.1|A/cattle/Texas/24-008749-003/2024(H5N1)	1613	11634
HA|PP755589.1|A/cattle/Texas/24-008749-003/2024(H5N1)	1614	11647
HA|PP755589.1|A/cattle/Texas/24-008749-003/2024(H5N1)	1615	11631
HA|PP755589.1|A/cattle/Texas/24-008749-003/2024(H5N1)	1616	11556
HA|PP755589.1|A/cattle/Texas/24-008749-003/2024(H5N1)	1617	11561
HA|PP755589.1|A/cattle/Texas/24-008749-003/2024(H5N1)	1618	11514
HA|PP755589.1|A/cattle/Texas/24-008749-003/2024(H5N1)	1619	11500
HA|PP755589.1|A/cattle/Texas/24-008749-003/2024(H5N1)	1620	11496
HA|PP755589.1|A/cattle/Texas/24-008749-003/2024(H5N1)	1621	11468
HA|PP755589.1|A/cattle/Texas/24-008749-003/2024(H5N1)	1622	11579
HA|PP755589.1|A/cattle/Texas/24-008749-003/2024(H5N1)	1623	11533
HA|PP755589.1|A/cattle/Texas/24-008749-003/2024(H5N1)	1624	11509
HA|PP755589.1|A/cattle/Texas/24-008749-003/2024(H5N1)	1625	11509
HA|PP755589.1|A/cattle/Texas/24-008749-003/2024(H5N1)	1626	11462
HA|PP755589.1|A/cattle/Texas/24-008749-003/2024(H5N1)	1627	11418
HA|PP755589.1|A/cattle/Texas/24-008749-003/2024(H5N1)	1628	11179
HA|PP755589.1|A/cattle/Texas/24-008749-003/2024(H5N1)	1629	11073
HA|PP755589.1|A/cattle/Texas/24-008749-003/2024(H5N1)	1630	11004
HA|PP755589.1|A/cattle/Texas/24-008749-003/2024(H5N1)	1631	10071
HA|PP755589.1|A/cattle/Texas/24-008749-003/2024(H5N1)	1632	10073
HA|PP755589.1|A/cattle/Texas/24-008749-003/2024(H5N1)	1633	10074
HA|PP755589.1|A/cattle/Texas/24-008749-003/2024(H5N1)	1634	10070
HA|PP755589.1|A/cattle/Texas/24-008749-003/2024(H5N1)	1635	10037
HA|PP755589.1|A/cattle/Texas/24-008749-003/2024(H5N1)	1636	9975
HA|PP755589.1|A/cattle/Texas/24-008749-003/2024(H5N1)	1637	9964
HA|PP755589.1|A/cattle/Texas/24-008749-003/2024(H5N1)	1638	9846
HA|PP755589.1|A/cattle/Texas/24-008749-003/2024(H5N1)	1639	9829
HA|PP755589.1|A/cattle/Texas/24-008749-003/2024(H5N1)	1640	9820
HA|PP755589.1|A/cattle/Texas/24-008749-003/2024(H5N1)	1641	9777
HA|PP755589.1|A/cattle/Texas/24-008749-003/2024(H5N1)	1642	9737
HA|PP755589.1|A/cattle/Texas/24-008749-003/2024(H5N1)	1643	9714
HA|PP755589.1|A/cattle/Texas/24-008749-003/2024(H5N1)	1644	9689
HA|PP755589.1|A/cattle/Texas/24-008749-003/2024(H5N1)	1645	9648
HA|PP755589.1|A/cattle/Texas/24-008749-003/2024(H5N1)	1646	9618
HA|PP755589.1|A/cattle/Texas/24-008749-003/2024(H5N1)	1647	9369
HA|PP755589.1|A/cattle/Texas/24-008749-003/2024(H5N1)	1648	9404
HA|PP755589.1|A/cattle/Texas/24-008749-003/2024(H5N1)	1649	9419
HA|PP755589.1|A/cattle/Texas/24-008749-003/2024(H5N1)	1650	9335
HA|PP755589.1|A/cattle/Texas/24-008749-003/2024(H5N1)	1651	9182
HA|PP755589.1|A/cattle/Texas/24-008749-003/2024(H5N1)	1652	9126
HA|PP755589.1|A/cattle/Texas/24-008749-003/2024(H5N1)	1653	9125
HA|PP755589.1|A/cattle/Texas/24-008749-003/2024(H5N1)	1654	9117
HA|PP755589.1|A/cattle/Texas/24-008749-003/2024(H5N1)	1655	8756
HA|PP755589.1|A/cattle/Texas/24-008749-003/2024(H5N1)	1656	8740
HA|PP755589.1|A/cattle/Texas/24-008749-003/2024(H5N1)	1657	8498
HA|PP755589.1|A/cattle/Texas/24-008749-003/2024(H5N1)	1658	8414
HA|PP755589.1|A/cattle/Texas/24-008749-003/2024(H5N1)	1659	8390
HA|PP755589.1|A/cattle/Texas/24-008749-003/2024(H5N1)	1660	8382
HA|PP755589.1|A/cattle/Texas/24-008749-003/2024(H5N1)	1661	8377
HA|PP755589.1|A/cattle/Texas/24-008749-003/2024(H5N1)	1662	8053
HA|PP755589.1|A/cattle/Texas/24-008749-003/2024(H5N1)	1663	7960
HA|PP755589.1|A/cattle/Texas/24-008749-003/2024(H5N1)	1664	7684
HA|PP755589.1|A/cattle/Texas/24-008749-003/2024(H5N1)	1665	7685
HA|PP755589.1|A/cattle/Texas/24-008749-003/2024(H5N1)	1666	7389
HA|PP755589.1|A/cattle/Texas/24-008749-003/2024(H5N1)	1667	7396
HA|PP755589.1|A/cattle/Texas/24-008749-003/2024(H5N1)	1668	7252
HA|PP755589.1|A/cattle/Texas/24-008749-003/2024(H5N1)	1669	7250
HA|PP755589.1|A/cattle/Texas/24-008749-003/2024(H5N1)	1670	7185
HA|PP755589.1|A/cattle/Texas/24-008749-003/2024(H5N1)	1671	7086
HA|PP755589.1|A/cattle/Texas/24-008749-003/2024(H5N1)	1672	7082
HA|PP755589.1|A/cattle/Texas/24-008749-003/2024(H5N1)	1673	7082
HA|PP755589.1|A/cattle/Texas/24-008749-003/2024(H5N1)	1674	7012
HA|PP755589.1|A/cattle/Texas/24-008749-003/2024(H5N1)	1675	7002
HA|PP755589.1|A/cattle/Texas/24-008749-003/2024(H5N1)	1676	6679
HA|PP755589.1|A/cattle/Texas/24-008749-003/2024(H5N1)	1677	6602
HA|PP755589.1|A/cattle/Texas/24-008749-003/2024(H5N1)	1678	6593
HA|PP755589.1|A/cattle/Texas/24-008749-003/2024(H5N1)	1679	6357
HA|PP755589.1|A/cattle/Texas/24-008749-003/2024(H5N1)	1680	6354
HA|PP755589.1|A/cattle/Texas/24-008749-003/2024(H5N1)	1681	6344
HA|PP755589.1|A/cattle/Texas/24-008749-003/2024(H5N1)	1682	6343
HA|PP755589.1|A/cattle/Texas/24-008749-003/2024(H5N1)	1683	6342
HA|PP755589.1|A/cattle/Texas/24-008749-003/2024(H5N1)	1684	6322
HA|PP755589.1|A/cattle/Texas/24-008749-003/2024(H5N1)	1685	5252
HA|PP755589.1|A/cattle/Texas/24-008749-003/2024(H5N1)	1686	5240
HA|PP755589.1|A/cattle/Texas/24-008749-003/2024(H5N1)	1687	5015
HA|PP755589.1|A/cattle/Texas/24-008749-003/2024(H5N1)	1688	5013
HA|PP755589.1|A/cattle/Texas/24-008749-003/2024(H5N1)	1689	5012
HA|PP755589.1|A/cattle/Texas/24-008749-003/2024(H5N1)	1690	4758
HA|PP755589.1|A/cattle/Texas/24-008749-003/2024(H5N1)	1691	4758
HA|PP755589.1|A/cattle/Texas/24-008749-003/2024(H5N1)	1692	4742
HA|PP755589.1|A/cattle/Texas/24-008749-003/2024(H5N1)	1693	4739
HA|PP755589.1|A/cattle/Texas/24-008749-003/2024(H5N1)	1694	4732
HA|PP755589.1|A/cattle/Texas/24-008749-003/2024(H5N1)	1695	4379
HA|PP755589.1|A/cattle/Texas/24-008749-003/2024(H5N1)	1696	4371
HA|PP755589.1|A/cattle/Texas/24-008749-003/2024(H5N1)	1697	4358
HA|PP755589.1|A/cattle/Texas/24-008749-003/2024(H5N1)	1698	4356
HA|PP755589.1|A/cattle/Texas/24-008749-003/2024(H5N1)	1699	4351
HA|PP755589.1|A/cattle/Texas/24-008749-003/2024(H5N1)	1700	4220
HA|PP755589.1|A/cattle/Texas/24-008749-003/2024(H5N1)	1701	4200
HA|PP755589.1|A/cattle/Texas/24-008749-003/2024(H5N1)	1702	4184
HA|PP755589.1|A/cattle/Texas/24-008749-003/2024(H5N1)	1703	4182
HA|PP755589.1|A/cattle/Texas/24-008749-003/2024(H5N1)	1704	4181
