HA|PP755589.1|A/cattle/Texas/24-008749-003/2024(H5N1)	1	1280
HA|PP755589.1|A/cattle/Texas/24-008749-003/2024(H5N1)	2	1287
HA|PP755589.1|A/cattle/Texas/24-008749-003/2024(H5N1)	3	1316
HA|PP755589.1|A/cattle/Texas/24-008749-003/2024(H5N1)	4	1316
HA|PP755589.1|A/cattle/Texas/24-008749-003/2024(H5N1)	5	1318
HA|PP755589.1|A/cattle/Texas/24-008749-003/2024(H5N1)	6	1366
HA|PP755589.1|A/cattle/Texas/24-008749-003/2024(H5N1)	7	1368
HA|PP755589.1|A/cattle/Texas/24-008749-003/2024(H5N1)	8	1932
HA|PP755589.1|A/cattle/Texas/24-008749-003/2024(H5N1)	9	1978
HA|PP755589.1|A/cattle/Texas/24-008749-003/2024(H5N1)	10	1982
HA|PP755589.1|A/cattle/Texas/24-008749-003/2024(H5N1)	11	2254
HA|PP755589.1|A/cattle/Texas/24-008749-003/2024(H5N1)	12	2270
HA|PP755589.1|A/cattle/Texas/24-008749-003/2024(H5N1)	13	3068
HA|PP755589.1|A/cattle/Texas/24-008749-003/2024(H5N1)	14	3070
HA|PP755589.1|A/cattle/Texas/24-008749-003/2024(H5N1)	15	3070
HA|PP755589.1|A/cattle/Texas/24-008749-003/2024(H5N1)	16	3072
HA|PP755589.1|A/cattle/Texas/24-008749-003/2024(H5N1)	17	3072
HA|PP755589.1|A/cattle/Texas/24-008749-003/2024(H5N1)	18	3100
HA|PP755589.1|A/cattle/Texas/24-008749-003/2024(H5N1)	19	3102
HA|PP755589.1|A/cattle/Texas/24-008749-003/2024(H5N1)	20	3110
HA|PP755589.1|A/cattle/Texas/24-008749-003/2024(H5N1)	21	3140
HA|PP755589.1|A/cattle/Texas/24-008749-003/2024(H5N1)	22	3152
HA|PP755589.1|A/cattle/Texas/24-008749-003/2024(H5N1)	23	3231
HA|PP755589.1|A/cattle/Texas/24-008749-003/2024(H5N1)	24	3231
HA|PP755589.1|A/cattle/Texas/24-008749-003/2024(H5N1)	25	3253
HA|PP755589.1|A/cattle/Texas/24-008749-003/2024(H5N1)	26	3255
HA|PP755589.1|A/cattle/Texas/24-008749-003/2024(H5N1)	27	3255
HA|PP755589.1|A/cattle/Texas/24-008749-003/2024(H5N1)	28	3299
HA|PP755589.1|A/cattle/Texas/24-008749-003/2024(H5N1)	29	3416
HA|PP755589.1|A/cattle/Texas/24-008749-003/2024(H5N1)	30	3531
HA|PP755589.1|A/cattle/Texas/24-008749-003/2024(H5N1)	31	3535
HA|PP755589.1|A/cattle/Texas/24-008749-003/2024(H5N1)	32	3531
HA|PP755589.1|A/cattle/Texas/24-008749-003/2024(H5N1)	33	3531
HA|PP755589.1|A/cattle/Texas/24-008749-003/2024(H5N1)	34	3531
HA|PP755589.1|A/cattle/Texas/24-008749-003/2024(H5N1)	35	3573
HA|PP755589.1|A/cattle/Texas/24-008749-003/2024(H5N1)	36	3573
HA|PP755589.1|A/cattle/Texas/24-008749-003/2024(H5N1)	37	3573
HA|PP755589.1|A/cattle/Texas/24-008749-003/2024(H5N1)	38	3577
HA|PP755589.1|A/cattle/Texas/24-008749-003/2024(H5N1)	39	3749
HA|PP755589.1|A/cattle/Texas/24-008749-003/2024(H5N1)	40	3797
HA|PP755589.1|A/cattle/Texas/24-008749-003/2024(H5N1)	41	3800
HA|PP755589.1|A/cattle/Texas/24-008749-003/2024(H5N1)	42	3800
HA|PP755589.1|A/cattle/Texas/24-008749-003/2024(H5N1)	43	3798
HA|PP755589.1|A/cattle/Texas/24-008749-003/2024(H5N1)	44	3806
HA|PP755589.1|A/cattle/Texas/24-008749-003/2024(H5N1)	45	3812
HA|PP755589.1|A/cattle/Texas/24-008749-003/2024(H5N1)	46	3812
HA|PP755589.1|A/cattle/Texas/24-008749-003/2024(H5N1)	47	3836
HA|PP755589.1|A/cattle/Texas/24-008749-003/2024(H5N1)	48	3818
HA|PP755589.1|A/cattle/Texas/24-008749-003/2024(H5N1)	49	3843
HA|PP755589.1|A/cattle/Texas/24-008749-003/2024(H5N1)	50	3841
HA|PP755589.1|A/cattle/Texas/24-008749-003/2024(H5N1)	51	3841
HA|PP755589.1|A/cattle/Texas/24-008749-003/2024(H5N1)	52	3840
HA|PP755589.1|A/cattle/Texas/24-008749-003/2024(H5N1)	53	3842
HA|PP755589.1|A/cattle/Texas/24-008749-003/2024(H5N1)	54	4030
HA|PP755589.1|A/cattle/Texas/24-008749-003/2024(H5N1)	55	4030
HA|PP755589.1|A/cattle/Texas/24-008749-003/2024(H5N1)	56	4030
HA|PP755589.1|A/cattle/Texas/24-008749-003/2024(H5N1)	57	4040
HA|PP755589.1|A/cattle/Texas/24-008749-003/2024(H5N1)	58	4038
HA|PP755589.1|A/cattle/Texas/24-008749-003/2024(H5N1)	59	4070
HA|PP755589.1|A/cattle/Texas/24-008749-003/2024(H5N1)	60	4074
HA|PP755589.1|A/cattle/Texas/24-008749-003/2024(H5N1)	61	4076
HA|PP755589.1|A/cattle/Texas/24-008749-003/2024(H5N1)	62	4080
HA|PP755589.1|A/cattle/Texas/24-008749-003/2024(H5N1)	63	4064
HA|PP755589.1|A/cattle/Texas/24-008749-003/2024(H5N1)	64	4106
HA|PP755589.1|A/cattle/Texas/24-008749-003/2024(H5N1)	65	4110
HA|PP755589.1|A/cattle/Texas/24-008749-003/2024(H5N1)	66	4110
HA|PP755589.1|A/cattle/Texas/24-008749-003/2024(H5N1)	67	4110
HA|PP755589.1|A/cattle/Texas/24-008749-003/2024(H5N1)	68	4106
HA|PP755589.1|A/cattle/Texas/24-008749-003/2024(H5N1)	69	4124
HA|PP755589.1|A/cattle/Texas/24-008749-003/2024(H5N1)	70	4124
HA|PP755589.1|A/cattle/Texas/24-008749-003/2024(H5N1)	71	4130
HA|PP755589.1|A/cattle/Texas/24-008749-003/2024(H5N1)	72	4126
HA|PP755589.1|A/cattle/Texas/24-008749-003/2024(H5N1)	73	4124
HA|PP755589.1|A/cattle/Texas/24-008749-003/2024(H5N1)	74	4118
HA|PP755589.1|A/cattle/Texas/24-008749-003/2024(H5N1)	75	4124
HA|PP755589.1|A/cattle/Texas/24-008749-003/2024(H5N1)	76	4173
HA|PP755589.1|A/cattle/Texas/24-008749-003/2024(H5N1)	77	4221
HA|PP755589.1|A/cattle/Texas/24-008749-003/2024(H5N1)	78	4319
HA|PP755589.1|A/cattle/Texas/24-008749-003/2024(H5N1)	79	4313
HA|PP755589.1|A/cattle/Texas/24-008749-003/2024(H5N1)	80	4334
HA|PP755589.1|A/cattle/Texas/24-008749-003/2024(H5N1)	81	4334
HA|PP755589.1|A/cattle/Texas/24-008749-003/2024(H5N1)	82	4334
HA|PP755589.1|A/cattle/Texas/24-008749-003/2024(H5N1)	83	4340
HA|PP755589.1|A/cattle/Texas/24-008749-003/2024(H5N1)	84	4340
HA|PP755589.1|A/cattle/Texas/24-008749-003/2024(H5N1)	85	4352
HA|PP755589.1|A/cattle/Texas/24-008749-003/2024(H5N1)	86	4352
HA|PP755589.1|A/cattle/Texas/24-008749-003/2024(H5N1)	87	4332
HA|PP755589.1|A/cattle/Texas/24-008749-003/2024(H5N1)	88	4420
HA|PP755589.1|A/cattle/Texas/24-008749-003/2024(H5N1)	89	4412
HA|PP755589.1|A/cattle/Texas/24-008749-003/2024(H5N1)	90	4416
HA|PP755589.1|A/cattle/Texas/24-008749-003/2024(H5N1)	91	4416
HA|PP755589.1|A/cattle/Texas/24-008749-003/2024(H5N1)	92	4412
HA|PP755589.1|A/cattle/Texas/24-008749-003/2024(H5N1)	93	4458
HA|PP755589.1|A/cattle/Texas/24-008749-003/2024(H5N1)	94	4464
HA|PP755589.1|A/cattle/Texas/24-008749-003/2024(H5N1)	95	4462
HA|PP755589.1|A/cattle/Texas/24-008749-003/2024(H5N1)	96	4463
HA|PP755589.1|A/cattle/Texas/24-008749-003/2024(H5N1)	97	4424
HA|PP755589.1|A/cattle/Texas/24-008749-003/2024(H5N1)	98	4434
HA|PP755589.1|A/cattle/Texas/24-008749-003/2024(H5N1)	99	4435
HA|PP755589.1|A/cattle/Texas/24-008749-003/2024(H5N1)	100	4433
HA|PP755589.1|A/cattle/Texas/24-008749-003/2024(H5N1)	101	4465
HA|PP755589.1|A/cattle/Texas/24-008749-003/2024(H5N1)	102	4449
HA|PP755589.1|A/cattle/Texas/24-008749-003/2024(H5N1)	103	4455
HA|PP755589.1|A/cattle/Texas/24-008749-003/2024(H5N1)	104	4459
HA|PP755589.1|A/cattle/Texas/24-008749-003/2024(H5N1)	105	4457
HA|PP755589.1|A/cattle/Texas/24-008749-003/2024(H5N1)	106	4474
HA|PP755589.1|A/cattle/Texas/24-008749-003/2024(H5N1)	107	4468
HA|PP755589.1|A/cattle/Texas/24-008749-003/2024(H5N1)	108	4476
HA|PP755589.1|A/cattle/Texas/24-008749-003/2024(H5N1)	109	4481
HA|PP755589.1|A/cattle/Texas/24-008749-003/2024(H5N1)	110	4448
HA|PP755589.1|A/cattle/Texas/24-008749-003/2024(H5N1)	111	4450
HA|PP755589.1|A/cattle/Texas/24-008749-003/2024(H5N1)	112	4448
HA|PP755589.1|A/cattle/Texas/24-008749-003/2024(H5N1)	113	4450
HA|PP755589.1|A/cattle/Texas/24-008749-003/2024(H5N1)	114	4466
HA|PP755589.1|A/cattle/Texas/24-008749-003/2024(H5N1)	115	4464
HA|PP755589.1|A/cattle/Texas/24-008749-003/2024(H5N1)	116	4470
HA|PP755589.1|A/cattle/Texas/24-008749-003/2024(H5N1)	117	4478
HA|PP755589.1|A/cattle/Texas/24-008749-003/2024(H5N1)	118	4476
HA|PP755589.1|A/cattle/Texas/24-008749-003/2024(H5N1)	119	4482
HA|PP755589.1|A/cattle/Texas/24-008749-003/2024(H5N1)	120	4481
HA|PP755589.1|A/cattle/Texas/24-008749-003/2024(H5N1)	121	4478
HA|PP755589.1|A/cattle/Texas/24-008749-003/2024(H5N1)	122	4642
HA|PP755589.1|A/cattle/Texas/24-008749-003/2024(H5N1)	123	4629
HA|PP755589.1|A/cattle/Texas/24-008749-003/2024(H5N1)	124	4646
HA|PP755589.1|A/cattle/Texas/24-008749-003/2024(H5N1)	125	4642
HA|PP755589.1|A/cattle/Texas/24-008749-003/2024(H5N1)	126	4630
HA|PP755589.1|A/cattle/Texas/24-008749-003/2024(H5N1)	127	4634
HA|PP755589.1|A/cattle/Texas/24-008749-003/2024(H5N1)	128	4629
HA|PP755589.1|A/cattle/Texas/24-008749-003/2024(H5N1)	129	4628
HA|PP755589.1|A/cattle/Texas/24-008749-003/2024(H5N1)	130	4627
HA|PP755589.1|A/cattle/Texas/24-008749-003/2024(H5N1)	131	4412
HA|PP755589.1|A/cattle/Texas/24-008749-003/2024(H5N1)	132	4410
HA|PP755589.1|A/cattle/Texas/24-008749-003/2024(H5N1)	133	4452
HA|PP755589.1|A/cattle/Texas/24-008749-003/2024(H5N1)	134	4462
HA|PP755589.1|A/cattle/Texas/24-008749-003/2024(H5N1)	135	4462
HA|PP755589.1|A/cattle/Texas/24-008749-003/2024(H5N1)	136	4462
HA|PP755589.1|A/cattle/Texas/24-008749-003/2024(H5N1)	137	4441
HA|PP755589.1|A/cattle/Texas/24-008749-003/2024(H5N1)	138	4445
HA|PP755589.1|A/cattle/Texas/24-008749-003/2024(H5N1)	139	4447
HA|PP755589.1|A/cattle/Texas/24-008749-003/2024(H5N1)	140	4445
HA|PP755589.1|A/cattle/Texas/24-008749-003/2024(H5N1)	141	4442
HA|PP755589.1|A/cattle/Texas/24-008749-003/2024(H5N1)	142	4277
HA|PP755589.1|A/cattle/Texas/24-008749-003/2024(H5N1)	143	4272
HA|PP755589.1|A/cattle/Texas/24-008749-003/2024(H5N1)	144	4266
HA|PP755589.1|A/cattle/Texas/24-008749-003/2024(H5N1)	145	4282
HA|PP755589.1|A/cattle/Texas/24-008749-003/2024(H5N1)	146	4276
HA|PP755589.1|A/cattle/Texas/24-008749-003/2024(H5N1)	147	4284
HA|PP755589.1|A/cattle/Texas/24-008749-003/2024(H5N1)	148	4272
HA|PP755589.1|A/cattle/Texas/24-008749-003/2024(H5N1)	149	4266
HA|PP755589.1|A/cattle/Texas/24-008749-003/2024(H5N1)	150	4268
HA|PP755589.1|A/cattle/Texas/24-008749-003/2024(H5N1)	151	4266
HA|PP755589.1|A/cattle/Texas/24-008749-003/2024(H5N1)	152	4264
HA|PP755589.1|A/cattle/Texas/24-008749-003/2024(H5N1)	153	4263
HA|PP755589.1|A/cattle/Texas/24-008749-003/2024(H5N1)	154	4257
HA|PP755589.1|A/cattle/Texas/24-008749-003/2024(H5N1)	155	4257
HA|PP755589.1|A/cattle/Texas/24-008749-003/2024(H5N1)	156	4216
HA|PP755589.1|A/cattle/Texas/24-008749-003/2024(H5N1)	157	4216
HA|PP755589.1|A/cattle/Texas/24-008749-003/2024(H5N1)	158	4212
HA|PP755589.1|A/cattle/Texas/24-008749-003/2024(H5N1)	159	4218
HA|PP755589.1|A/cattle/Texas/24-008749-003/2024(H5N1)	160	4212
HA|PP755589.1|A/cattle/Texas/24-008749-003/2024(H5N1)	161	4226
HA|PP755589.1|A/cattle/Texas/24-008749-003/2024(H5N1)	162	4212
HA|PP755589.1|A/cattle/Texas/24-008749-003/2024(H5N1)	163	4200
HA|PP755589.1|A/cattle/Texas/24-008749-003/2024(H5N1)	164	4200
HA|PP755589.1|A/cattle/Texas/24-008749-003/2024(H5N1)	165	4200
HA|PP755589.1|A/cattle/Texas/24-008749-003/2024(H5N1)	166	4194
HA|PP755589.1|A/cattle/Texas/24-008749-003/2024(H5N1)	167	4194
HA|PP755589.1|A/cattle/Texas/24-008749-003/2024(H5N1)	168	4157
HA|PP755589.1|A/cattle/Texas/24-008749-003/2024(H5N1)	169	4159
HA|PP755589.1|A/cattle/Texas/24-008749-003/2024(H5N1)	170	4031
HA|PP755589.1|A/cattle/Texas/24-008749-003/2024(H5N1)	171	4031
HA|PP755589.1|A/cattle/Texas/24-008749-003/2024(H5N1)	172	4017
HA|PP755589.1|A/cattle/Texas/24-008749-003/2024(H5N1)	173	4017
HA|PP755589.1|A/cattle/Texas/24-008749-003/2024(H5N1)	174	4013
HA|PP755589.1|A/cattle/Texas/24-008749-003/2024(H5N1)	175	3997
HA|PP755589.1|A/cattle/Texas/24-008749-003/2024(H5N1)	176	4011
HA|PP755589.1|A/cattle/Texas/24-008749-003/2024(H5N1)	177	3993
HA|PP755589.1|A/cattle/Texas/24-008749-003/2024(H5N1)	178	3987
HA|PP755589.1|A/cattle/Texas/24-008749-003/2024(H5N1)	179	3973
HA|PP755589.1|A/cattle/Texas/24-008749-003/2024(H5N1)	180	3965
HA|PP755589.1|A/cattle/Texas/24-008749-003/2024(H5N1)	181	3969
HA|PP755589.1|A/cattle/Texas/24-008749-003/2024(H5N1)	182	3969
HA|PP755589.1|A/cattle/Texas/24-008749-003/2024(H5N1)	183	3967
HA|PP755589.1|A/cattle/Texas/24-008749-003/2024(H5N1)	184	3927
HA|PP755589.1|A/cattle/Texas/24-008749-003/2024(H5N1)	185	3640
HA|PP755589.1|A/cattle/Texas/24-008749-003/2024(H5N1)	186	3568
HA|PP755589.1|A/cattle/Texas/24-008749-003/2024(H5N1)	187	3566
HA|PP755589.1|A/cattle/Texas/24-008749-003/2024(H5N1)	188	3494
HA|PP755589.1|A/cattle/Texas/24-008749-003/2024(H5N1)	189	3448
HA|PP755589.1|A/cattle/Texas/24-008749-003/2024(H5N1)	190	3449
HA|PP755589.1|A/cattle/Texas/24-008749-003/2024(H5N1)	191	3444
HA|PP755589.1|A/cattle/Texas/24-008749-003/2024(H5N1)	192	3442
HA|PP755589.1|A/cattle/Texas/24-008749-003/2024(H5N1)	193	3433
HA|PP755589.1|A/cattle/Texas/24-008749-003/2024(H5N1)	194	3367
HA|PP755589.1|A/cattle/Texas/24-008749-003/2024(H5N1)	195	3282
HA|PP755589.1|A/cattle/Texas/24-008749-003/2024(H5N1)	196	3278
HA|PP755589.1|A/cattle/Texas/24-008749-003/2024(H5N1)	197	3250
HA|PP755589.1|A/cattle/Texas/24-008749-003/2024(H5N1)	198	3269
HA|PP755589.1|A/cattle/Texas/24-008749-003/2024(H5N1)	199	3264
HA|PP755589.1|A/cattle/Texas/24-008749-003/2024(H5N1)	200	3287
HA|PP755589.1|A/cattle/Texas/24-008749-003/2024(H5N1)	201	3273
HA|PP755589.1|A/cattle/Texas/24-008749-003/2024(H5N1)	202	3269
HA|PP755589.1|A/cattle/Texas/24-008749-003/2024(H5N1)	203	3260
HA|PP755589.1|A/cattle/Texas/24-008749-003/2024(H5N1)	204	3254
HA|PP755589.1|A/cattle/Texas/24-008749-003/2024(H5N1)	205	3254
HA|PP755589.1|A/cattle/Texas/24-008749-003/2024(H5N1)	206	3248
HA|PP755589.1|A/cattle/Texas/24-008749-003/2024(H5N1)	207	2883
HA|PP755589.1|A/cattle/Texas/24-008749-003/2024(H5N1)	208	2803
HA|PP755589.1|A/cattle/Texas/24-008749-003/2024(H5N1)	209	2358
HA|PP755589.1|A/cattle/Texas/24-008749-003/2024(H5N1)	210	2375
HA|PP755589.1|A/cattle/Texas/24-008749-003/2024(H5N1)	211	2279
HA|PP755589.1|A/cattle/Texas/24-008749-003/2024(H5N1)	212	2281
HA|PP755589.1|A/cattle/Texas/24-008749-003/2024(H5N1)	213	2279
HA|PP755589.1|A/cattle/Texas/24-008749-003/2024(H5N1)	214	2270
HA|PP755589.1|A/cattle/Texas/24-008749-003/2024(H5N1)	215	2277
HA|PP755589.1|A/cattle/Texas/24-008749-003/2024(H5N1)	216	2066
HA|PP755589.1|A/cattle/Texas/24-008749-003/2024(H5N1)	217	2060
HA|PP755589.1|A/cattle/Texas/24-008749-003/2024(H5N1)	218	2052
HA|PP755589.1|A/cattle/Texas/24-008749-003/2024(H5N1)	219	1920
HA|PP755589.1|A/cattle/Texas/24-008749-003/2024(H5N1)	220	1920
HA|PP755589.1|A/cattle/Texas/24-008749-003/2024(H5N1)	221	1835
HA|PP755589.1|A/cattle/Texas/24-008749-003/2024(H5N1)	222	1707
HA|PP755589.1|A/cattle/Texas/24-008749-003/2024(H5N1)	223	1703
HA|PP755589.1|A/cattle/Texas/24-008749-003/2024(H5N1)	224	1185
HA|PP755589.1|A/cattle/Texas/24-008749-003/2024(H5N1)	225	1166
HA|PP755589.1|A/cattle/Texas/24-008749-003/2024(H5N1)	226	1059
HA|PP755589.1|A/cattle/Texas/24-008749-003/2024(H5N1)	227	1040
HA|PP755589.1|A/cattle/Texas/24-008749-003/2024(H5N1)	228	999
HA|PP755589.1|A/cattle/Texas/24-008749-003/2024(H5N1)	229	941
HA|PP755589.1|A/cattle/Texas/24-008749-003/2024(H5N1)	230	889
HA|PP755589.1|A/cattle/Texas/24-008749-003/2024(H5N1)	231	881
HA|PP755589.1|A/cattle/Texas/24-008749-003/2024(H5N1)	232	766
HA|PP755589.1|A/cattle/Texas/24-008749-003/2024(H5N1)	233	756
HA|PP755589.1|A/cattle/Texas/24-008749-003/2024(H5N1)	234	757
HA|PP755589.1|A/cattle/Texas/24-008749-003/2024(H5N1)	235	756
HA|PP755589.1|A/cattle/Texas/24-008749-003/2024(H5N1)	236	760
HA|PP755589.1|A/cattle/Texas/24-008749-003/2024(H5N1)	237	746
HA|PP755589.1|A/cattle/Texas/24-008749-003/2024(H5N1)	238	738
HA|PP755589.1|A/cattle/Texas/24-008749-003/2024(H5N1)	239	750
HA|PP755589.1|A/cattle/Texas/24-008749-003/2024(H5N1)	240	742
HA|PP755589.1|A/cattle/Texas/24-008749-003/2024(H5N1)	241	722
HA|PP755589.1|A/cattle/Texas/24-008749-003/2024(H5N1)	242	702
HA|PP755589.1|A/cattle/Texas/24-008749-003/2024(H5N1)	243	400
HA|PP755589.1|A/cattle/Texas/24-008749-003/2024(H5N1)	244	400
HA|PP755589.1|A/cattle/Texas/24-008749-003/2024(H5N1)	245	371
HA|PP755589.1|A/cattle/Texas/24-008749-003/2024(H5N1)	246	371
HA|PP755589.1|A/cattle/Texas/24-008749-003/2024(H5N1)	247	297
HA|PP755589.1|A/cattle/Texas/24-008749-003/2024(H5N1)	248	283
HA|PP755589.1|A/cattle/Texas/24-008749-003/2024(H5N1)	249	178
HA|PP755589.1|A/cattle/Texas/24-008749-003/2024(H5N1)	250	169
HA|PP755589.1|A/cattle/Texas/24-008749-003/2024(H5N1)	251	167
HA|PP755589.1|A/cattle/Texas/24-008749-003/2024(H5N1)	252	163
HA|PP755589.1|A/cattle/Texas/24-008749-003/2024(H5N1)	253	142
HA|PP755589.1|A/cattle/Texas/24-008749-003/2024(H5N1)	254	136
HA|PP755589.1|A/cattle/Texas/24-008749-003/2024(H5N1)	255	132
HA|PP755589.1|A/cattle/Texas/24-008749-003/2024(H5N1)	256	132
HA|PP755589.1|A/cattle/Texas/24-008749-003/2024(H5N1)	257	132
HA|PP755589.1|A/cattle/Texas/24-008749-003/2024(H5N1)	258	132
HA|PP755589.1|A/cattle/Texas/24-008749-003/2024(H5N1)	259	132
HA|PP755589.1|A/cattle/Texas/24-008749-003/2024(H5N1)	260	132
HA|PP755589.1|A/cattle/Texas/24-008749-003/2024(H5N1)	261	128
HA|PP755589.1|A/cattle/Texas/24-008749-003/2024(H5N1)	262	124
HA|PP755589.1|A/cattle/Texas/24-008749-003/2024(H5N1)	263	116
HA|PP755589.1|A/cattle/Texas/24-008749-003/2024(H5N1)	264	114
HA|PP755589.1|A/cattle/Texas/24-008749-003/2024(H5N1)	265	116
HA|PP755589.1|A/cattle/Texas/24-008749-003/2024(H5N1)	266	116
HA|PP755589.1|A/cattle/Texas/24-008749-003/2024(H5N1)	267	116
HA|PP755589.1|A/cattle/Texas/24-008749-003/2024(H5N1)	268	116
HA|PP755589.1|A/cattle/Texas/24-008749-003/2024(H5N1)	269	116
HA|PP755589.1|A/cattle/Texas/24-008749-003/2024(H5N1)	270	116
HA|PP755589.1|A/cattle/Texas/24-008749-003/2024(H5N1)	271	118
HA|PP755589.1|A/cattle/Texas/24-008749-003/2024(H5N1)	272	118
HA|PP755589.1|A/cattle/Texas/24-008749-003/2024(H5N1)	273	118
HA|PP755589.1|A/cattle/Texas/24-008749-003/2024(H5N1)	274	118
HA|PP755589.1|A/cattle/Texas/24-008749-003/2024(H5N1)	275	118
HA|PP755589.1|A/cattle/Texas/24-008749-003/2024(H5N1)	276	126
HA|PP755589.1|A/cattle/Texas/24-008749-003/2024(H5N1)	277	126
HA|PP755589.1|A/cattle/Texas/24-008749-003/2024(H5N1)	278	126
HA|PP755589.1|A/cattle/Texas/24-008749-003/2024(H5N1)	279	126
HA|PP755589.1|A/cattle/Texas/24-008749-003/2024(H5N1)	280	126
HA|PP755589.1|A/cattle/Texas/24-008749-003/2024(H5N1)	281	130
HA|PP755589.1|A/cattle/Texas/24-008749-003/2024(H5N1)	282	130
HA|PP755589.1|A/cattle/Texas/24-008749-003/2024(H5N1)	283	130
HA|PP755589.1|A/cattle/Texas/24-008749-003/2024(H5N1)	284	130
HA|PP755589.1|A/cattle/Texas/24-008749-003/2024(H5N1)	285	130
HA|PP755589.1|A/cattle/Texas/24-008749-003/2024(H5N1)	286	132
HA|PP755589.1|A/cattle/Texas/24-008749-003/2024(H5N1)	287	132
HA|PP755589.1|A/cattle/Texas/24-008749-003/2024(H5N1)	288	132
HA|PP755589.1|A/cattle/Texas/24-008749-003/2024(H5N1)	289	132
HA|PP755589.1|A/cattle/Texas/24-008749-003/2024(H5N1)	290	132
HA|PP755589.1|A/cattle/Texas/24-008749-003/2024(H5N1)	291	136
HA|PP755589.1|A/cattle/Texas/24-008749-003/2024(H5N1)	292	135
HA|PP755589.1|A/cattle/Texas/24-008749-003/2024(H5N1)	293	135
HA|PP755589.1|A/cattle/Texas/24-008749-003/2024(H5N1)	294	137
HA|PP755589.1|A/cattle/Texas/24-008749-003/2024(H5N1)	295	137
HA|PP755589.1|A/cattle/Texas/24-008749-003/2024(H5N1)	296	137
HA|PP755589.1|A/cattle/Texas/24-008749-003/2024(H5N1)	297	137
HA|PP755589.1|A/cattle/Texas/24-008749-003/2024(H5N1)	298	137
HA|PP755589.1|A/cattle/Texas/24-008749-003/2024(H5N1)	299	137
HA|PP755589.1|A/cattle/Texas/24-008749-003/2024(H5N1)	300	137
HA|PP755589.1|A/cattle/Texas/24-008749-003/2024(H5N1)	301	139
HA|PP755589.1|A/cattle/Texas/24-008749-003/2024(H5N1)	302	139
HA|PP755589.1|A/cattle/Texas/24-008749-003/2024(H5N1)	303	137
HA|PP755589.1|A/cattle/Texas/24-008749-003/2024(H5N1)	304	139
HA|PP755589.1|A/cattle/Texas/24-008749-003/2024(H5N1)	305	141
HA|PP755589.1|A/cattle/Texas/24-008749-003/2024(H5N1)	306	141
HA|PP755589.1|A/cattle/Texas/24-008749-003/2024(H5N1)	307	139
HA|PP755589.1|A/cattle/Texas/24-008749-003/2024(H5N1)	308	139
HA|PP755589.1|A/cattle/Texas/24-008749-003/2024(H5N1)	309	139
HA|PP755589.1|A/cattle/Texas/24-008749-003/2024(H5N1)	310	139
HA|PP755589.1|A/cattle/Texas/24-008749-003/2024(H5N1)	311	141
HA|PP755589.1|A/cattle/Texas/24-008749-003/2024(H5N1)	312	143
HA|PP755589.1|A/cattle/Texas/24-008749-003/2024(H5N1)	313	142
HA|PP755589.1|A/cattle/Texas/24-008749-003/2024(H5N1)	314	142
HA|PP755589.1|A/cattle/Texas/24-008749-003/2024(H5N1)	315	148
HA|PP755589.1|A/cattle/Texas/24-008749-003/2024(H5N1)	316	148
HA|PP755589.1|A/cattle/Texas/24-008749-003/2024(H5N1)	317	150
HA|PP755589.1|A/cattle/Texas/24-008749-003/2024(H5N1)	318	150
HA|PP755589.1|A/cattle/Texas/24-008749-003/2024(H5N1)	319	148
HA|PP755589.1|A/cattle/Texas/24-008749-003/2024(H5N1)	320	148
HA|PP755589.1|A/cattle/Texas/24-008749-003/2024(H5N1)	321	148
HA|PP755589.1|A/cattle/Texas/24-008749-003/2024(H5N1)	322	150
HA|PP755589.1|A/cattle/Texas/24-008749-003/2024(H5N1)	323	150
HA|PP755589.1|A/cattle/Texas/24-008749-003/2024(H5N1)	324	142
HA|PP755589.1|A/cattle/Texas/24-008749-003/2024(H5N1)	325	142
HA|PP755589.1|A/cattle/Texas/24-008749-003/2024(H5N1)	326	142
HA|PP755589.1|A/cattle/Texas/24-008749-003/2024(H5N1)	327	142
HA|PP755589.1|A/cattle/Texas/24-008749-003/2024(H5N1)	328	140
HA|PP755589.1|A/cattle/Texas/24-008749-003/2024(H5N1)	329	138
HA|PP755589.1|A/cattle/Texas/24-008749-003/2024(H5N1)	330	136
HA|PP755589.1|A/cattle/Texas/24-008749-003/2024(H5N1)	331	136
HA|PP755589.1|A/cattle/Texas/24-008749-003/2024(H5N1)	332	136
HA|PP755589.1|A/cattle/Texas/24-008749-003/2024(H5N1)	333	136
HA|PP755589.1|A/cattle/Texas/24-008749-003/2024(H5N1)	334	134
HA|PP755589.1|A/cattle/Texas/24-008749-003/2024(H5N1)	335	134
HA|PP755589.1|A/cattle/Texas/24-008749-003/2024(H5N1)	336	134
HA|PP755589.1|A/cattle/Texas/24-008749-003/2024(H5N1)	337	134
HA|PP755589.1|A/cattle/Texas/24-008749-003/2024(H5N1)	338	134
HA|PP755589.1|A/cattle/Texas/24-008749-003/2024(H5N1)	339	136
HA|PP755589.1|A/cattle/Texas/24-008749-003/2024(H5N1)	340	134
HA|PP755589.1|A/cattle/Texas/24-008749-003/2024(H5N1)	341	134
HA|PP755589.1|A/cattle/Texas/24-008749-003/2024(H5N1)	342	134
HA|PP755589.1|A/cattle/Texas/24-008749-003/2024(H5N1)	343	134
HA|PP755589.1|A/cattle/Texas/24-008749-003/2024(H5N1)	344	134
HA|PP755589.1|A/cattle/Texas/24-008749-003/2024(H5N1)	345	138
HA|PP755589.1|A/cattle/Texas/24-008749-003/2024(H5N1)	346	138
HA|PP755589.1|A/cattle/Texas/24-008749-003/2024(H5N1)	347	138
HA|PP755589.1|A/cattle/Texas/24-008749-003/2024(H5N1)	348	136
HA|PP755589.1|A/cattle/Texas/24-008749-003/2024(H5N1)	349	135
HA|PP755589.1|A/cattle/Texas/24-008749-003/2024(H5N1)	350	135
HA|PP755589.1|A/cattle/Texas/24-008749-003/2024(H5N1)	351	135
HA|PP755589.1|A/cattle/Texas/24-008749-003/2024(H5N1)	352	137
HA|PP755589.1|A/cattle/Texas/24-008749-003/2024(H5N1)	353	137
HA|PP755589.1|A/cattle/Texas/24-008749-003/2024(H5N1)	354	137
HA|PP755589.1|A/cattle/Texas/24-008749-003/2024(H5N1)	355	137
HA|PP755589.1|A/cattle/Texas/24-008749-003/2024(H5N1)	356	139
HA|PP755589.1|A/cattle/Texas/24-008749-003/2024(H5N1)	357	139
HA|PP755589.1|A/cattle/Texas/24-008749-003/2024(H5N1)	358	125
HA|PP755589.1|A/cattle/Texas/24-008749-003/2024(H5N1)	359	133
HA|PP755589.1|A/cattle/Texas/24-008749-003/2024(H5N1)	360	265
HA|PP755589.1|A/cattle/Texas/24-008749-003/2024(H5N1)	361	263
HA|PP755589.1|A/cattle/Texas/24-008749-003/2024(H5N1)	362	257
HA|PP755589.1|A/cattle/Texas/24-008749-003/2024(H5N1)	363	739
HA|PP755589.1|A/cattle/Texas/24-008749-003/2024(H5N1)	364	738
HA|PP755589.1|A/cattle/Texas/24-008749-003/2024(H5N1)	365	764
HA|PP755589.1|A/cattle/Texas/24-008749-003/2024(H5N1)	366	767
HA|PP755589.1|A/cattle/Texas/24-008749-003/2024(H5N1)	367	771
HA|PP755589.1|A/cattle/Texas/24-008749-003/2024(H5N1)	368	2478
HA|PP755589.1|A/cattle/Texas/24-008749-003/2024(H5N1)	369	2497
HA|PP755589.1|A/cattle/Texas/24-008749-003/2024(H5N1)	370	2549
HA|PP755589.1|A/cattle/Texas/24-008749-003/2024(H5N1)	371	2556
HA|PP755589.1|A/cattle/Texas/24-008749-003/2024(H5N1)	372	2663
HA|PP755589.1|A/cattle/Texas/24-008749-003/2024(H5N1)	373	2665
HA|PP755589.1|A/cattle/Texas/24-008749-003/2024(H5N1)	374	2675
HA|PP755589.1|A/cattle/Texas/24-008749-003/2024(H5N1)	375	2677
HA|PP755589.1|A/cattle/Texas/24-008749-003/2024(H5N1)	376	2687
HA|PP755589.1|A/cattle/Texas/24-008749-003/2024(H5N1)	377	2770
HA|PP755589.1|A/cattle/Texas/24-008749-003/2024(H5N1)	378	2777
HA|PP755589.1|A/cattle/Texas/24-008749-003/2024(H5N1)	379	2786
HA|PP755589.1|A/cattle/Texas/24-008749-003/2024(H5N1)	380	2786
HA|PP755589.1|A/cattle/Texas/24-008749-003/2024(H5N1)	381	2787
HA|PP755589.1|A/cattle/Texas/24-008749-003/2024(H5N1)	382	2819
HA|PP755589.1|A/cattle/Texas/24-008749-003/2024(H5N1)	383	2824
HA|PP755589.1|A/cattle/Texas/24-008749-003/2024(H5N1)	384	2836
HA|PP755589.1|A/cattle/Texas/24-008749-003/2024(H5N1)	385	2828
HA|PP755589.1|A/cattle/Texas/24-008749-003/2024(H5N1)	386	2846
HA|PP755589.1|A/cattle/Texas/24-008749-003/2024(H5N1)	387	3247
HA|PP755589.1|A/cattle/Texas/24-008749-003/2024(H5N1)	388	3637
HA|PP755589.1|A/cattle/Texas/24-008749-003/2024(H5N1)	389	3640
HA|PP755589.1|A/cattle/Texas/24-008749-003/2024(H5N1)	390	3642
HA|PP755589.1|A/cattle/Texas/24-008749-003/2024(H5N1)	391	3642
HA|PP755589.1|A/cattle/Texas/24-008749-003/2024(H5N1)	392	3647
HA|PP755589.1|A/cattle/Texas/24-008749-003/2024(H5N1)	393	3760
HA|PP755589.1|A/cattle/Texas/24-008749-003/2024(H5N1)	394	3774
HA|PP755589.1|A/cattle/Texas/24-008749-003/2024(H5N1)	395	3774
HA|PP755589.1|A/cattle/Texas/24-008749-003/2024(H5N1)	396	3768
HA|PP755589.1|A/cattle/Texas/24-008749-003/2024(H5N1)	397	4008
HA|PP755589.1|A/cattle/Texas/24-008749-003/2024(H5N1)	398	4103
HA|PP755589.1|A/cattle/Texas/24-008749-003/2024(H5N1)	399	4242
HA|PP755589.1|A/cattle/Texas/24-008749-003/2024(H5N1)	400	4281
HA|PP755589.1|A/cattle/Texas/24-008749-003/2024(H5N1)	401	4282
HA|PP755589.1|A/cattle/Texas/24-008749-003/2024(H5N1)	402	4348
HA|PP755589.1|A/cattle/Texas/24-008749-003/2024(H5N1)	403	4341
HA|PP755589.1|A/cattle/Texas/24-008749-003/2024(H5N1)	404	4347
HA|PP755589.1|A/cattle/Texas/24-008749-003/2024(H5N1)	405	4399
HA|PP755589.1|A/cattle/Texas/24-008749-003/2024(H5N1)	406	4369
HA|PP755589.1|A/cattle/Texas/24-008749-003/2024(H5N1)	407	4431
HA|PP755589.1|A/cattle/Texas/24-008749-003/2024(H5N1)	408	4434
HA|PP755589.1|A/cattle/Texas/24-008749-003/2024(H5N1)	409	4431
HA|PP755589.1|A/cattle/Texas/24-008749-003/2024(H5N1)	410	4433
HA|PP755589.1|A/cattle/Texas/24-008749-003/2024(H5N1)	411	4416
HA|PP755589.1|A/cattle/Texas/24-008749-003/2024(H5N1)	412	4420
HA|PP755589.1|A/cattle/Texas/24-008749-003/2024(H5N1)	413	4475
HA|PP755589.1|A/cattle/Texas/24-008749-003/2024(H5N1)	414	4477
HA|PP755589.1|A/cattle/Texas/24-008749-003/2024(H5N1)	415	4474
HA|PP755589.1|A/cattle/Texas/24-008749-003/2024(H5N1)	416	4472
HA|PP755589.1|A/cattle/Texas/24-008749-003/2024(H5N1)	417	4451
HA|PP755589.1|A/cattle/Texas/24-008749-003/2024(H5N1)	418	4494
HA|PP755589.1|A/cattle/Texas/24-008749-003/2024(H5N1)	419	4534
HA|PP755589.1|A/cattle/Texas/24-008749-003/2024(H5N1)	420	4590
HA|PP755589.1|A/cattle/Texas/24-008749-003/2024(H5N1)	421	4615
HA|PP755589.1|A/cattle/Texas/24-008749-003/2024(H5N1)	422	4608
HA|PP755589.1|A/cattle/Texas/24-008749-003/2024(H5N1)	423	4612
HA|PP755589.1|A/cattle/Texas/24-008749-003/2024(H5N1)	424	4610
HA|PP755589.1|A/cattle/Texas/24-008749-003/2024(H5N1)	425	4632
HA|PP755589.1|A/cattle/Texas/24-008749-003/2024(H5N1)	426	4646
HA|PP755589.1|A/cattle/Texas/24-008749-003/2024(H5N1)	427	4658
HA|PP755589.1|A/cattle/Texas/24-008749-003/2024(H5N1)	428	4733
HA|PP755589.1|A/cattle/Texas/24-008749-003/2024(H5N1)	429	4689
HA|PP755589.1|A/cattle/Texas/24-008749-003/2024(H5N1)	430	4763
HA|PP755589.1|A/cattle/Texas/24-008749-003/2024(H5N1)	431	4951
HA|PP755589.1|A/cattle/Texas/24-008749-003/2024(H5N1)	432	4953
HA|PP755589.1|A/cattle/Texas/24-008749-003/2024(H5N1)	433	5149
HA|PP755589.1|A/cattle/Texas/24-008749-003/2024(H5N1)	434	5121
HA|PP755589.1|A/cattle/Texas/24-008749-003/2024(H5N1)	435	5201
HA|PP755589.1|A/cattle/Texas/24-008749-003/2024(H5N1)	436	5307
HA|PP755589.1|A/cattle/Texas/24-008749-003/2024(H5N1)	437	5392
HA|PP755589.1|A/cattle/Texas/24-008749-003/2024(H5N1)	438	5471
HA|PP755589.1|A/cattle/Texas/24-008749-003/2024(H5N1)	439	5467
HA|PP755589.1|A/cattle/Texas/24-008749-003/2024(H5N1)	440	5476
HA|PP755589.1|A/cattle/Texas/24-008749-003/2024(H5N1)	441	5528
HA|PP755589.1|A/cattle/Texas/24-008749-003/2024(H5N1)	442	5513
HA|PP755589.1|A/cattle/Texas/24-008749-003/2024(H5N1)	443	5519
HA|PP755589.1|A/cattle/Texas/24-008749-003/2024(H5N1)	444	5522
HA|PP755589.1|A/cattle/Texas/24-008749-003/2024(H5N1)	445	5519
HA|PP755589.1|A/cattle/Texas/24-008749-003/2024(H5N1)	446	5614
HA|PP755589.1|A/cattle/Texas/24-008749-003/2024(H5N1)	447	5614
HA|PP755589.1|A/cattle/Texas/24-008749-003/2024(H5N1)	448	5622
HA|PP755589.1|A/cattle/Texas/24-008749-003/2024(H5N1)	449	5622
HA|PP755589.1|A/cattle/Texas/24-008749-003/2024(H5N1)	450	5614
HA|PP755589.1|A/cattle/Texas/24-008749-003/2024(H5N1)	451	5626
HA|PP755589.1|A/cattle/Texas/24-008749-003/2024(H5N1)	452	5821
HA|PP755589.1|A/cattle/Texas/24-008749-003/2024(H5N1)	453	5822
HA|PP755589.1|A/cattle/Texas/24-008749-003/2024(H5N1)	454	5838
HA|PP755589.1|A/cattle/Texas/24-008749-003/2024(H5N1)	455	5834
HA|PP755589.1|A/cattle/Texas/24-008749-003/2024(H5N1)	456	5984
HA|PP755589.1|A/cattle/Texas/24-008749-003/2024(H5N1)	457	6050
HA|PP755589.1|A/cattle/Texas/24-008749-003/2024(H5N1)	458	6247
HA|PP755589.1|A/cattle/Texas/24-008749-003/2024(H5N1)	459	6350
HA|PP755589.1|A/cattle/Texas/24-008749-003/2024(H5N1)	460	6346
HA|PP755589.1|A/cattle/Texas/24-008749-003/2024(H5N1)	461	6258
HA|PP755589.1|A/cattle/Texas/24-008749-003/2024(H5N1)	462	6274
HA|PP755589.1|A/cattle/Texas/24-008749-003/2024(H5N1)	463	6277
HA|PP755589.1|A/cattle/Texas/24-008749-003/2024(H5N1)	464	6279
HA|PP755589.1|A/cattle/Texas/24-008749-003/2024(H5N1)	465	6231
HA|PP755589.1|A/cattle/Texas/24-008749-003/2024(H5N1)	466	6241
HA|PP755589.1|A/cattle/Texas/24-008749-003/2024(H5N1)	467	6183
HA|PP755589.1|A/cattle/Texas/24-008749-003/2024(H5N1)	468	6159
HA|PP755589.1|A/cattle/Texas/24-008749-003/2024(H5N1)	469	6184
HA|PP755589.1|A/cattle/Texas/24-008749-003/2024(H5N1)	470	6178
HA|PP755589.1|A/cattle/Texas/24-008749-003/2024(H5N1)	471	6180
HA|PP755589.1|A/cattle/Texas/24-008749-003/2024(H5N1)	472	6180
HA|PP755589.1|A/cattle/Texas/24-008749-003/2024(H5N1)	473	6190
HA|PP755589.1|A/cattle/Texas/24-008749-003/2024(H5N1)	474	6188
HA|PP755589.1|A/cattle/Texas/24-008749-003/2024(H5N1)	475	6175
HA|PP755589.1|A/cattle/Texas/24-008749-003/2024(H5N1)	476	6177
HA|PP755589.1|A/cattle/Texas/24-008749-003/2024(H5N1)	477	6179
HA|PP755589.1|A/cattle/Texas/24-008749-003/2024(H5N1)	478	6173
HA|PP755589.1|A/cattle/Texas/24-008749-003/2024(H5N1)	479	6177
HA|PP755589.1|A/cattle/Texas/24-008749-003/2024(H5N1)	480	6181
HA|PP755589.1|A/cattle/Texas/24-008749-003/2024(H5N1)	481	6169
HA|PP755589.1|A/cattle/Texas/24-008749-003/2024(H5N1)	482	6187
HA|PP755589.1|A/cattle/Texas/24-008749-003/2024(H5N1)	483	6185
HA|PP755589.1|A/cattle/Texas/24-008749-003/2024(H5N1)	484	6210
HA|PP755589.1|A/cattle/Texas/24-008749-003/2024(H5N1)	485	6215
HA|PP755589.1|A/cattle/Texas/24-008749-003/2024(H5N1)	486	6213
HA|PP755589.1|A/cattle/Texas/24-008749-003/2024(H5N1)	487	6247
HA|PP755589.1|A/cattle/Texas/24-008749-003/2024(H5N1)	488	6259
HA|PP755589.1|A/cattle/Texas/24-008749-003/2024(H5N1)	489	6279
HA|PP755589.1|A/cattle/Texas/24-008749-003/2024(H5N1)	490	6290
HA|PP755589.1|A/cattle/Texas/24-008749-003/2024(H5N1)	491	6260
HA|PP755589.1|A/cattle/Texas/24-008749-003/2024(H5N1)	492	6262
HA|PP755589.1|A/cattle/Texas/24-008749-003/2024(H5N1)	493	6248
HA|PP755589.1|A/cattle/Texas/24-008749-003/2024(H5N1)	494	6269
HA|PP755589.1|A/cattle/Texas/24-008749-003/2024(H5N1)	495	6275
HA|PP755589.1|A/cattle/Texas/24-008749-003/2024(H5N1)	496	6234
HA|PP755589.1|A/cattle/Texas/24-008749-003/2024(H5N1)	497	6214
HA|PP755589.1|A/cattle/Texas/24-008749-003/2024(H5N1)	498	6174
HA|PP755589.1|A/cattle/Texas/24-008749-003/2024(H5N1)	499	6177
HA|PP755589.1|A/cattle/Texas/24-008749-003/2024(H5N1)	500	6179
HA|PP755589.1|A/cattle/Texas/24-008749-003/2024(H5N1)	501	6180
HA|PP755589.1|A/cattle/Texas/24-008749-003/2024(H5N1)	502	6178
HA|PP755589.1|A/cattle/Texas/24-008749-003/2024(H5N1)	503	6162
HA|PP755589.1|A/cattle/Texas/24-008749-003/2024(H5N1)	504	6158
HA|PP755589.1|A/cattle/Texas/24-008749-003/2024(H5N1)	505	6158
HA|PP755589.1|A/cattle/Texas/24-008749-003/2024(H5N1)	506	6158
HA|PP755589.1|A/cattle/Texas/24-008749-003/2024(H5N1)	507	6182
HA|PP755589.1|A/cattle/Texas/24-008749-003/2024(H5N1)	508	6168
HA|PP755589.1|A/cattle/Texas/24-008749-003/2024(H5N1)	509	6174
HA|PP755589.1|A/cattle/Texas/24-008749-003/2024(H5N1)	510	6178
HA|PP755589.1|A/cattle/Texas/24-008749-003/2024(H5N1)	511	6172
HA|PP755589.1|A/cattle/Texas/24-008749-003/2024(H5N1)	512	6218
HA|PP755589.1|A/cattle/Texas/24-008749-003/2024(H5N1)	513	6210
HA|PP755589.1|A/cattle/Texas/24-008749-003/2024(H5N1)	514	6209
HA|PP755589.1|A/cattle/Texas/24-008749-003/2024(H5N1)	515	6205
HA|PP755589.1|A/cattle/Texas/24-008749-003/2024(H5N1)	516	6435
HA|PP755589.1|A/cattle/Texas/24-008749-003/2024(H5N1)	517	6441
HA|PP755589.1|A/cattle/Texas/24-008749-003/2024(H5N1)	518	6474
HA|PP755589.1|A/cattle/Texas/24-008749-003/2024(H5N1)	519	6876
HA|PP755589.1|A/cattle/Texas/24-008749-003/2024(H5N1)	520	6872
HA|PP755589.1|A/cattle/Texas/24-008749-003/2024(H5N1)	521	7059
HA|PP755589.1|A/cattle/Texas/24-008749-003/2024(H5N1)	522	7017
HA|PP755589.1|A/cattle/Texas/24-008749-003/2024(H5N1)	523	7200
HA|PP755589.1|A/cattle/Texas/24-008749-003/2024(H5N1)	524	8373
HA|PP755589.1|A/cattle/Texas/24-008749-003/2024(H5N1)	525	8323
HA|PP755589.1|A/cattle/Texas/24-008749-003/2024(H5N1)	526	8402
HA|PP755589.1|A/cattle/Texas/24-008749-003/2024(H5N1)	527	8396
HA|PP755589.1|A/cattle/Texas/24-008749-003/2024(H5N1)	528	8368
HA|PP755589.1|A/cattle/Texas/24-008749-003/2024(H5N1)	529	8413
HA|PP755589.1|A/cattle/Texas/24-008749-003/2024(H5N1)	530	8640
HA|PP755589.1|A/cattle/Texas/24-008749-003/2024(H5N1)	531	8751
HA|PP755589.1|A/cattle/Texas/24-008749-003/2024(H5N1)	532	8719
HA|PP755589.1|A/cattle/Texas/24-008749-003/2024(H5N1)	533	8613
HA|PP755589.1|A/cattle/Texas/24-008749-003/2024(H5N1)	534	8631
HA|PP755589.1|A/cattle/Texas/24-008749-003/2024(H5N1)	535	9167
HA|PP755589.1|A/cattle/Texas/24-008749-003/2024(H5N1)	536	9312
HA|PP755589.1|A/cattle/Texas/24-008749-003/2024(H5N1)	537	9402
HA|PP755589.1|A/cattle/Texas/24-008749-003/2024(H5N1)	538	9390
HA|PP755589.1|A/cattle/Texas/24-008749-003/2024(H5N1)	539	9540
HA|PP755589.1|A/cattle/Texas/24-008749-003/2024(H5N1)	540	11262
HA|PP755589.1|A/cattle/Texas/24-008749-003/2024(H5N1)	541	11235
HA|PP755589.1|A/cattle/Texas/24-008749-003/2024(H5N1)	542	11307
HA|PP755589.1|A/cattle/Texas/24-008749-003/2024(H5N1)	543	11301
HA|PP755589.1|A/cattle/Texas/24-008749-003/2024(H5N1)	544	11231
HA|PP755589.1|A/cattle/Texas/24-008749-003/2024(H5N1)	545	11331
HA|PP755589.1|A/cattle/Texas/24-008749-003/2024(H5N1)	546	11337
HA|PP755589.1|A/cattle/Texas/24-008749-003/2024(H5N1)	547	11339
HA|PP755589.1|A/cattle/Texas/24-008749-003/2024(H5N1)	548	11334
HA|PP755589.1|A/cattle/Texas/24-008749-003/2024(H5N1)	549	10831
HA|PP755589.1|A/cattle/Texas/24-008749-003/2024(H5N1)	550	10873
HA|PP755589.1|A/cattle/Texas/24-008749-003/2024(H5N1)	551	10870
HA|PP755589.1|A/cattle/Texas/24-008749-003/2024(H5N1)	552	10876
HA|PP755589.1|A/cattle/Texas/24-008749-003/2024(H5N1)	553	10876
HA|PP755589.1|A/cattle/Texas/24-008749-003/2024(H5N1)	554	10862
HA|PP755589.1|A/cattle/Texas/24-008749-003/2024(H5N1)	555	10894
HA|PP755589.1|A/cattle/Texas/24-008749-003/2024(H5N1)	556	10895
HA|PP755589.1|A/cattle/Texas/24-008749-003/2024(H5N1)	557	10889
HA|PP755589.1|A/cattle/Texas/24-008749-003/2024(H5N1)	558	10894
HA|PP755589.1|A/cattle/Texas/24-008749-003/2024(H5N1)	559	11072
HA|PP755589.1|A/cattle/Texas/24-008749-003/2024(H5N1)	560	11084
HA|PP755589.1|A/cattle/Texas/24-008749-003/2024(H5N1)	561	11296
HA|PP755589.1|A/cattle/Texas/24-008749-003/2024(H5N1)	562	11569
HA|PP755589.1|A/cattle/Texas/24-008749-003/2024(H5N1)	563	11831
HA|PP755589.1|A/cattle/Texas/24-008749-003/2024(H5N1)	564	12044
HA|PP755589.1|A/cattle/Texas/24-008749-003/2024(H5N1)	565	12029
HA|PP755589.1|A/cattle/Texas/24-008749-003/2024(H5N1)	566	12043
HA|PP755589.1|A/cattle/Texas/24-008749-003/2024(H5N1)	567	12042
HA|PP755589.1|A/cattle/Texas/24-008749-003/2024(H5N1)	568	12010
HA|PP755589.1|A/cattle/Texas/24-008749-003/2024(H5N1)	569	12018
HA|PP755589.1|A/cattle/Texas/24-008749-003/2024(H5N1)	570	11986
HA|PP755589.1|A/cattle/Texas/24-008749-003/2024(H5N1)	571	12105
HA|PP755589.1|A/cattle/Texas/24-008749-003/2024(H5N1)	572	11476
HA|PP755589.1|A/cattle/Texas/24-008749-003/2024(H5N1)	573	11785
HA|PP755589.1|A/cattle/Texas/24-008749-003/2024(H5N1)	574	11596
HA|PP755589.1|A/cattle/Texas/24-008749-003/2024(H5N1)	575	11570
HA|PP755589.1|A/cattle/Texas/24-008749-003/2024(H5N1)	576	11603
HA|PP755589.1|A/cattle/Texas/24-008749-003/2024(H5N1)	577	11512
HA|PP755589.1|A/cattle/Texas/24-008749-003/2024(H5N1)	578	11704
HA|PP755589.1|A/cattle/Texas/24-008749-003/2024(H5N1)	579	11607
HA|PP755589.1|A/cattle/Texas/24-008749-003/2024(H5N1)	580	11393
HA|PP755589.1|A/cattle/Texas/24-008749-003/2024(H5N1)	581	11383
HA|PP755589.1|A/cattle/Texas/24-008749-003/2024(H5N1)	582	10838
HA|PP755589.1|A/cattle/Texas/24-008749-003/2024(H5N1)	583	10860
HA|PP755589.1|A/cattle/Texas/24-008749-003/2024(H5N1)	584	10820
HA|PP755589.1|A/cattle/Texas/24-008749-003/2024(H5N1)	585	10926
HA|PP755589.1|A/cattle/Texas/24-008749-003/2024(H5N1)	586	10951
HA|PP755589.1|A/cattle/Texas/24-008749-003/2024(H5N1)	587	10652
HA|PP755589.1|A/cattle/Texas/24-008749-003/2024(H5N1)	588	10752
HA|PP755589.1|A/cattle/Texas/24-008749-003/2024(H5N1)	589	10735
HA|PP755589.1|A/cattle/Texas/24-008749-003/2024(H5N1)	590	10748
HA|PP755589.1|A/cattle/Texas/24-008749-003/2024(H5N1)	591	10769
HA|PP755589.1|A/cattle/Texas/24-008749-003/2024(H5N1)	592	10647
HA|PP755589.1|A/cattle/Texas/24-008749-003/2024(H5N1)	593	10664
HA|PP755589.1|A/cattle/Texas/24-008749-003/2024(H5N1)	594	10704
HA|PP755589.1|A/cattle/Texas/24-008749-003/2024(H5N1)	595	10401
HA|PP755589.1|A/cattle/Texas/24-008749-003/2024(H5N1)	596	10634
HA|PP755589.1|A/cattle/Texas/24-008749-003/2024(H5N1)	597	10361
HA|PP755589.1|A/cattle/Texas/24-008749-003/2024(H5N1)	598	10404
HA|PP755589.1|A/cattle/Texas/24-008749-003/2024(H5N1)	599	10437
HA|PP755589.1|A/cattle/Texas/24-008749-003/2024(H5N1)	600	10141
HA|PP755589.1|A/cattle/Texas/24-008749-003/2024(H5N1)	601	10172
HA|PP755589.1|A/cattle/Texas/24-008749-003/2024(H5N1)	602	10152
HA|PP755589.1|A/cattle/Texas/24-008749-003/2024(H5N1)	603	9907
HA|PP755589.1|A/cattle/Texas/24-008749-003/2024(H5N1)	604	9945
HA|PP755589.1|A/cattle/Texas/24-008749-003/2024(H5N1)	605	8966
HA|PP755589.1|A/cattle/Texas/24-008749-003/2024(H5N1)	606	8976
HA|PP755589.1|A/cattle/Texas/24-008749-003/2024(H5N1)	607	8941
HA|PP755589.1|A/cattle/Texas/24-008749-003/2024(H5N1)	608	8976
HA|PP755589.1|A/cattle/Texas/24-008749-003/2024(H5N1)	609	9045
HA|PP755589.1|A/cattle/Texas/24-008749-003/2024(H5N1)	610	9027
HA|PP755589.1|A/cattle/Texas/24-008749-003/2024(H5N1)	611	8997
HA|PP755589.1|A/cattle/Texas/24-008749-003/2024(H5N1)	612	8969
HA|PP755589.1|A/cattle/Texas/24-008749-003/2024(H5N1)	613	8930
HA|PP755589.1|A/cattle/Texas/24-008749-003/2024(H5N1)	614	8925
HA|PP755589.1|A/cattle/Texas/24-008749-003/2024(H5N1)	615	8922
HA|PP755589.1|A/cattle/Texas/24-008749-003/2024(H5N1)	616	8944
HA|PP755589.1|A/cattle/Texas/24-008749-003/2024(H5N1)	617	8837
HA|PP755589.1|A/cattle/Texas/24-008749-003/2024(H5N1)	618	8838
HA|PP755589.1|A/cattle/Texas/24-008749-003/2024(H5N1)	619	8834
HA|PP755589.1|A/cattle/Texas/24-008749-003/2024(H5N1)	620	8866
HA|PP755589.1|A/cattle/Texas/24-008749-003/2024(H5N1)	621	8874
HA|PP755589.1|A/cattle/Texas/24-008749-003/2024(H5N1)	622	8850
HA|PP755589.1|A/cattle/Texas/24-008749-003/2024(H5N1)	623	8864
HA|PP755589.1|A/cattle/Texas/24-008749-003/2024(H5N1)	624	8864
HA|PP755589.1|A/cattle/Texas/24-008749-003/2024(H5N1)	625	8868
HA|PP755589.1|A/cattle/Texas/24-008749-003/2024(H5N1)	626	8876
HA|PP755589.1|A/cattle/Texas/24-008749-003/2024(H5N1)	627	8908
HA|PP755589.1|A/cattle/Texas/24-008749-003/2024(H5N1)	628	8904
HA|PP755589.1|A/cattle/Texas/24-008749-003/2024(H5N1)	629	8890
HA|PP755589.1|A/cattle/Texas/24-008749-003/2024(H5N1)	630	8882
HA|PP755589.1|A/cattle/Texas/24-008749-003/2024(H5N1)	631	8920
HA|PP755589.1|A/cattle/Texas/24-008749-003/2024(H5N1)	632	8920
HA|PP755589.1|A/cattle/Texas/24-008749-003/2024(H5N1)	633	8944
HA|PP755589.1|A/cattle/Texas/24-008749-003/2024(H5N1)	634	8932
HA|PP755589.1|A/cattle/Texas/24-008749-003/2024(H5N1)	635	8968
HA|PP755589.1|A/cattle/Texas/24-008749-003/2024(H5N1)	636	8951
HA|PP755589.1|A/cattle/Texas/24-008749-003/2024(H5N1)	637	8933
HA|PP755589.1|A/cattle/Texas/24-008749-003/2024(H5N1)	638	8971
HA|PP755589.1|A/cattle/Texas/24-008749-003/2024(H5N1)	639	8987
HA|PP755589.1|A/cattle/Texas/24-008749-003/2024(H5N1)	640	8956
HA|PP755589.1|A/cattle/Texas/24-008749-003/2024(H5N1)	641	8958
HA|PP755589.1|A/cattle/Texas/24-008749-003/2024(H5N1)	642	8930
HA|PP755589.1|A/cattle/Texas/24-008749-003/2024(H5N1)	643	8900
HA|PP755589.1|A/cattle/Texas/24-008749-003/2024(H5N1)	644	8874
HA|PP755589.1|A/cattle/Texas/24-008749-003/2024(H5N1)	645	8858
HA|PP755589.1|A/cattle/Texas/24-008749-003/2024(H5N1)	646	8862
HA|PP755589.1|A/cattle/Texas/24-008749-003/2024(H5N1)	647	8822
HA|PP755589.1|A/cattle/Texas/24-008749-003/2024(H5N1)	648	8787
HA|PP755589.1|A/cattle/Texas/24-008749-003/2024(H5N1)	649	8787
HA|PP755589.1|A/cattle/Texas/24-008749-003/2024(H5N1)	650	8783
HA|PP755589.1|A/cattle/Texas/24-008749-003/2024(H5N1)	651	8783
HA|PP755589.1|A/cattle/Texas/24-008749-003/2024(H5N1)	652	8783
HA|PP755589.1|A/cattle/Texas/24-008749-003/2024(H5N1)	653	8777
HA|PP755589.1|A/cattle/Texas/24-008749-003/2024(H5N1)	654	8745
HA|PP755589.1|A/cattle/Texas/24-008749-003/2024(H5N1)	655	8745
HA|PP755589.1|A/cattle/Texas/24-008749-003/2024(H5N1)	656	8735
HA|PP755589.1|A/cattle/Texas/24-008749-003/2024(H5N1)	657	8731
HA|PP755589.1|A/cattle/Texas/24-008749-003/2024(H5N1)	658	8761
HA|PP755589.1|A/cattle/Texas/24-008749-003/2024(H5N1)	659	8787
HA|PP755589.1|A/cattle/Texas/24-008749-003/2024(H5N1)	660	8752
HA|PP755589.1|A/cattle/Texas/24-008749-003/2024(H5N1)	661	8752
HA|PP755589.1|A/cattle/Texas/24-008749-003/2024(H5N1)	662	8750
HA|PP755589.1|A/cattle/Texas/24-008749-003/2024(H5N1)	663	8750
HA|PP755589.1|A/cattle/Texas/24-008749-003/2024(H5N1)	664	8772
HA|PP755589.1|A/cattle/Texas/24-008749-003/2024(H5N1)	665	8768
HA|PP755589.1|A/cattle/Texas/24-008749-003/2024(H5N1)	666	8778
HA|PP755589.1|A/cattle/Texas/24-008749-003/2024(H5N1)	667	8706
HA|PP755589.1|A/cattle/Texas/24-008749-003/2024(H5N1)	668	8532
HA|PP755589.1|A/cattle/Texas/24-008749-003/2024(H5N1)	669	8540
HA|PP755589.1|A/cattle/Texas/24-008749-003/2024(H5N1)	670	8538
HA|PP755589.1|A/cattle/Texas/24-008749-003/2024(H5N1)	671	8587
HA|PP755589.1|A/cattle/Texas/24-008749-003/2024(H5N1)	672	8588
HA|PP755589.1|A/cattle/Texas/24-008749-003/2024(H5N1)	673	8452
HA|PP755589.1|A/cattle/Texas/24-008749-003/2024(H5N1)	674	8450
HA|PP755589.1|A/cattle/Texas/24-008749-003/2024(H5N1)	675	8371
HA|PP755589.1|A/cattle/Texas/24-008749-003/2024(H5N1)	676	8383
HA|PP755589.1|A/cattle/Texas/24-008749-003/2024(H5N1)	677	8387
HA|PP755589.1|A/cattle/Texas/24-008749-003/2024(H5N1)	678	8338
HA|PP755589.1|A/cattle/Texas/24-008749-003/2024(H5N1)	679	8350
HA|PP755589.1|A/cattle/Texas/24-008749-003/2024(H5N1)	680	8102
HA|PP755589.1|A/cattle/Texas/24-008749-003/2024(H5N1)	681	8078
HA|PP755589.1|A/cattle/Texas/24-008749-003/2024(H5N1)	682	8100
HA|PP755589.1|A/cattle/Texas/24-008749-003/2024(H5N1)	683	8100
HA|PP755589.1|A/cattle/Texas/24-008749-003/2024(H5N1)	684	8102
HA|PP755589.1|A/cattle/Texas/24-008749-003/2024(H5N1)	685	8086
HA|PP755589.1|A/cattle/Texas/24-008749-003/2024(H5N1)	686	8078
HA|PP755589.1|A/cattle/Texas/24-008749-003/2024(H5N1)	687	8056
HA|PP755589.1|A/cattle/Texas/24-008749-003/2024(H5N1)	688	8094
HA|PP755589.1|A/cattle/Texas/24-008749-003/2024(H5N1)	689	8076
HA|PP755589.1|A/cattle/Texas/24-008749-003/2024(H5N1)	690	8056
HA|PP755589.1|A/cattle/Texas/24-008749-003/2024(H5N1)	691	8064
HA|PP755589.1|A/cattle/Texas/24-008749-003/2024(H5N1)	692	8067
HA|PP755589.1|A/cattle/Texas/24-008749-003/2024(H5N1)	693	8040
HA|PP755589.1|A/cattle/Texas/24-008749-003/2024(H5N1)	694	8055
HA|PP755589.1|A/cattle/Texas/24-008749-003/2024(H5N1)	695	8203
HA|PP755589.1|A/cattle/Texas/24-008749-003/2024(H5N1)	696	8400
HA|PP755589.1|A/cattle/Texas/24-008749-003/2024(H5N1)	697	8427
HA|PP755589.1|A/cattle/Texas/24-008749-003/2024(H5N1)	698	8238
HA|PP755589.1|A/cattle/Texas/24-008749-003/2024(H5N1)	699	8252
HA|PP755589.1|A/cattle/Texas/24-008749-003/2024(H5N1)	700	8168
HA|PP755589.1|A/cattle/Texas/24-008749-003/2024(H5N1)	701	8188
HA|PP755589.1|A/cattle/Texas/24-008749-003/2024(H5N1)	702	8218
HA|PP755589.1|A/cattle/Texas/24-008749-003/2024(H5N1)	703	8374
HA|PP755589.1|A/cattle/Texas/24-008749-003/2024(H5N1)	704	8346
HA|PP755589.1|A/cattle/Texas/24-008749-003/2024(H5N1)	705	8238
HA|PP755589.1|A/cattle/Texas/24-008749-003/2024(H5N1)	706	8131
HA|PP755589.1|A/cattle/Texas/24-008749-003/2024(H5N1)	707	8137
HA|PP755589.1|A/cattle/Texas/24-008749-003/2024(H5N1)	708	8200
HA|PP755589.1|A/cattle/Texas/24-008749-003/2024(H5N1)	709	8184
HA|PP755589.1|A/cattle/Texas/24-008749-003/2024(H5N1)	710	8278
HA|PP755589.1|A/cattle/Texas/24-008749-003/2024(H5N1)	711	8265
HA|PP755589.1|A/cattle/Texas/24-008749-003/2024(H5N1)	712	8233
HA|PP755589.1|A/cattle/Texas/24-008749-003/2024(H5N1)	713	8101
HA|PP755589.1|A/cattle/Texas/24-008749-003/2024(H5N1)	714	8556
HA|PP755589.1|A/cattle/Texas/24-008749-003/2024(H5N1)	715	8574
HA|PP755589.1|A/cattle/Texas/24-008749-003/2024(H5N1)	716	8652
HA|PP755589.1|A/cattle/Texas/24-008749-003/2024(H5N1)	717	8548
HA|PP755589.1|A/cattle/Texas/24-008749-003/2024(H5N1)	718	8513
HA|PP755589.1|A/cattle/Texas/24-008749-003/2024(H5N1)	719	8531
HA|PP755589.1|A/cattle/Texas/24-008749-003/2024(H5N1)	720	8509
HA|PP755589.1|A/cattle/Texas/24-008749-003/2024(H5N1)	721	8553
HA|PP755589.1|A/cattle/Texas/24-008749-003/2024(H5N1)	722	8623
HA|PP755589.1|A/cattle/Texas/24-008749-003/2024(H5N1)	723	8108
HA|PP755589.1|A/cattle/Texas/24-008749-003/2024(H5N1)	724	8112
HA|PP755589.1|A/cattle/Texas/24-008749-003/2024(H5N1)	725	7978
HA|PP755589.1|A/cattle/Texas/24-008749-003/2024(H5N1)	726	7968
HA|PP755589.1|A/cattle/Texas/24-008749-003/2024(H5N1)	727	8115
HA|PP755589.1|A/cattle/Texas/24-008749-003/2024(H5N1)	728	7948
HA|PP755589.1|A/cattle/Texas/24-008749-003/2024(H5N1)	729	7951
HA|PP755589.1|A/cattle/Texas/24-008749-003/2024(H5N1)	730	7794
HA|PP755589.1|A/cattle/Texas/24-008749-003/2024(H5N1)	731	7688
HA|PP755589.1|A/cattle/Texas/24-008749-003/2024(H5N1)	732	8221
HA|PP755589.1|A/cattle/Texas/24-008749-003/2024(H5N1)	733	8153
HA|PP755589.1|A/cattle/Texas/24-008749-003/2024(H5N1)	734	8143
HA|PP755589.1|A/cattle/Texas/24-008749-003/2024(H5N1)	735	8135
HA|PP755589.1|A/cattle/Texas/24-008749-003/2024(H5N1)	736	7732
HA|PP755589.1|A/cattle/Texas/24-008749-003/2024(H5N1)	737	7758
HA|PP755589.1|A/cattle/Texas/24-008749-003/2024(H5N1)	738	7748
HA|PP755589.1|A/cattle/Texas/24-008749-003/2024(H5N1)	739	7746
HA|PP755589.1|A/cattle/Texas/24-008749-003/2024(H5N1)	740	7754
HA|PP755589.1|A/cattle/Texas/24-008749-003/2024(H5N1)	741	5700
HA|PP755589.1|A/cattle/Texas/24-008749-003/2024(H5N1)	742	5793
HA|PP755589.1|A/cattle/Texas/24-008749-003/2024(H5N1)	743	5882
HA|PP755589.1|A/cattle/Texas/24-008749-003/2024(H5N1)	744	6003
HA|PP755589.1|A/cattle/Texas/24-008749-003/2024(H5N1)	745	5989
HA|PP755589.1|A/cattle/Texas/24-008749-003/2024(H5N1)	746	5889
HA|PP755589.1|A/cattle/Texas/24-008749-003/2024(H5N1)	747	5887
HA|PP755589.1|A/cattle/Texas/24-008749-003/2024(H5N1)	748	5897
HA|PP755589.1|A/cattle/Texas/24-008749-003/2024(H5N1)	749	5901
HA|PP755589.1|A/cattle/Texas/24-008749-003/2024(H5N1)	750	5905
HA|PP755589.1|A/cattle/Texas/24-008749-003/2024(H5N1)	751	5850
HA|PP755589.1|A/cattle/Texas/24-008749-003/2024(H5N1)	752	4877
HA|PP755589.1|A/cattle/Texas/24-008749-003/2024(H5N1)	753	3859
HA|PP755589.1|A/cattle/Texas/24-008749-003/2024(H5N1)	754	3873
HA|PP755589.1|A/cattle/Texas/24-008749-003/2024(H5N1)	755	3871
HA|PP755589.1|A/cattle/Texas/24-008749-003/2024(H5N1)	756	3867
HA|PP755589.1|A/cattle/Texas/24-008749-003/2024(H5N1)	757	3761
HA|PP755589.1|A/cattle/Texas/24-008749-003/2024(H5N1)	758	3894
HA|PP755589.1|A/cattle/Texas/24-008749-003/2024(H5N1)	759	3866
HA|PP755589.1|A/cattle/Texas/24-008749-003/2024(H5N1)	760	3753
HA|PP755589.1|A/cattle/Texas/24-008749-003/2024(H5N1)	761	3673
HA|PP755589.1|A/cattle/Texas/24-008749-003/2024(H5N1)	762	3417
HA|PP755589.1|A/cattle/Texas/24-008749-003/2024(H5N1)	763	3453
HA|PP755589.1|A/cattle/Texas/24-008749-003/2024(H5N1)	764	3449
HA|PP755589.1|A/cattle/Texas/24-008749-003/2024(H5N1)	765	3485
HA|PP755589.1|A/cattle/Texas/24-008749-003/2024(H5N1)	766	3487
HA|PP755589.1|A/cattle/Texas/24-008749-003/2024(H5N1)	767	3453
HA|PP755589.1|A/cattle/Texas/24-008749-003/2024(H5N1)	768	3465
HA|PP755589.1|A/cattle/Texas/24-008749-003/2024(H5N1)	769	3471
HA|PP755589.1|A/cattle/Texas/24-008749-003/2024(H5N1)	770	3472
HA|PP755589.1|A/cattle/Texas/24-008749-003/2024(H5N1)	771	3471
HA|PP755589.1|A/cattle/Texas/24-008749-003/2024(H5N1)	772	3471
HA|PP755589.1|A/cattle/Texas/24-008749-003/2024(H5N1)	773	3469
HA|PP755589.1|A/cattle/Texas/24-008749-003/2024(H5N1)	774	3473
HA|PP755589.1|A/cattle/Texas/24-008749-003/2024(H5N1)	775	3475
HA|PP755589.1|A/cattle/Texas/24-008749-003/2024(H5N1)	776	3475
HA|PP755589.1|A/cattle/Texas/24-008749-003/2024(H5N1)	777	3473
HA|PP755589.1|A/cattle/Texas/24-008749-003/2024(H5N1)	778	3474
HA|PP755589.1|A/cattle/Texas/24-008749-003/2024(H5N1)	779	3478
HA|PP755589.1|A/cattle/Texas/24-008749-003/2024(H5N1)	780	3484
HA|PP755589.1|A/cattle/Texas/24-008749-003/2024(H5N1)	781	3490
HA|PP755589.1|A/cattle/Texas/24-008749-003/2024(H5N1)	782	3494
HA|PP755589.1|A/cattle/Texas/24-008749-003/2024(H5N1)	783	3492
HA|PP755589.1|A/cattle/Texas/24-008749-003/2024(H5N1)	784	3494
HA|PP755589.1|A/cattle/Texas/24-008749-003/2024(H5N1)	785	3494
HA|PP755589.1|A/cattle/Texas/24-008749-003/2024(H5N1)	786	3502
HA|PP755589.1|A/cattle/Texas/24-008749-003/2024(H5N1)	787	3502
HA|PP755589.1|A/cattle/Texas/24-008749-003/2024(H5N1)	788	3504
HA|PP755589.1|A/cattle/Texas/24-008749-003/2024(H5N1)	789	3506
HA|PP755589.1|A/cattle/Texas/24-008749-003/2024(H5N1)	790	3506
HA|PP755589.1|A/cattle/Texas/24-008749-003/2024(H5N1)	791	3506
HA|PP755589.1|A/cattle/Texas/24-008749-003/2024(H5N1)	792	3504
HA|PP755589.1|A/cattle/Texas/24-008749-003/2024(H5N1)	793	3628
HA|PP755589.1|A/cattle/Texas/24-008749-003/2024(H5N1)	794	3658
HA|PP755589.1|A/cattle/Texas/24-008749-003/2024(H5N1)	795	3656
HA|PP755589.1|A/cattle/Texas/24-008749-003/2024(H5N1)	796	3674
HA|PP755589.1|A/cattle/Texas/24-008749-003/2024(H5N1)	797	3674
HA|PP755589.1|A/cattle/Texas/24-008749-003/2024(H5N1)	798	3684
HA|PP755589.1|A/cattle/Texas/24-008749-003/2024(H5N1)	799	3724
HA|PP755589.1|A/cattle/Texas/24-008749-003/2024(H5N1)	800	3722
HA|PP755589.1|A/cattle/Texas/24-008749-003/2024(H5N1)	801	3732
HA|PP755589.1|A/cattle/Texas/24-008749-003/2024(H5N1)	802	3698
HA|PP755589.1|A/cattle/Texas/24-008749-003/2024(H5N1)	803	3674
HA|PP755589.1|A/cattle/Texas/24-008749-003/2024(H5N1)	804	3676
HA|PP755589.1|A/cattle/Texas/24-008749-003/2024(H5N1)	805	3674
HA|PP755589.1|A/cattle/Texas/24-008749-003/2024(H5N1)	806	3674
HA|PP755589.1|A/cattle/Texas/24-008749-003/2024(H5N1)	807	3668
HA|PP755589.1|A/cattle/Texas/24-008749-003/2024(H5N1)	808	3646
HA|PP755589.1|A/cattle/Texas/24-008749-003/2024(H5N1)	809	3646
HA|PP755589.1|A/cattle/Texas/24-008749-003/2024(H5N1)	810	3650
HA|PP755589.1|A/cattle/Texas/24-008749-003/2024(H5N1)	811	3650
HA|PP755589.1|A/cattle/Texas/24-008749-003/2024(H5N1)	812	3652
HA|PP755589.1|A/cattle/Texas/24-008749-003/2024(H5N1)	813	3652
HA|PP755589.1|A/cattle/Texas/24-008749-003/2024(H5N1)	814	3652
HA|PP755589.1|A/cattle/Texas/24-008749-003/2024(H5N1)	815	3648
HA|PP755589.1|A/cattle/Texas/24-008749-003/2024(H5N1)	816	3652
HA|PP755589.1|A/cattle/Texas/24-008749-003/2024(H5N1)	817	3670
HA|PP755589.1|A/cattle/Texas/24-008749-003/2024(H5N1)	818	3672
HA|PP755589.1|A/cattle/Texas/24-008749-003/2024(H5N1)	819	3670
HA|PP755589.1|A/cattle/Texas/24-008749-003/2024(H5N1)	820	3670
HA|PP755589.1|A/cattle/Texas/24-008749-003/2024(H5N1)	821	3676
HA|PP755589.1|A/cattle/Texas/24-008749-003/2024(H5N1)	822	3684
HA|PP755589.1|A/cattle/Texas/24-008749-003/2024(H5N1)	823	3676
HA|PP755589.1|A/cattle/Texas/24-008749-003/2024(H5N1)	824	3678
HA|PP755589.1|A/cattle/Texas/24-008749-003/2024(H5N1)	825	3670
HA|PP755589.1|A/cattle/Texas/24-008749-003/2024(H5N1)	826	3664
HA|PP755589.1|A/cattle/Texas/24-008749-003/2024(H5N1)	827	3658
HA|PP755589.1|A/cattle/Texas/24-008749-003/2024(H5N1)	828	3664
HA|PP755589.1|A/cattle/Texas/24-008749-003/2024(H5N1)	829	3664
HA|PP755589.1|A/cattle/Texas/24-008749-003/2024(H5N1)	830	3662
HA|PP755589.1|A/cattle/Texas/24-008749-003/2024(H5N1)	831	3676
HA|PP755589.1|A/cattle/Texas/24-008749-003/2024(H5N1)	832	3656
HA|PP755589.1|A/cattle/Texas/24-008749-003/2024(H5N1)	833	3664
HA|PP755589.1|A/cattle/Texas/24-008749-003/2024(H5N1)	834	3664
HA|PP755589.1|A/cattle/Texas/24-008749-003/2024(H5N1)	835	3664
HA|PP755589.1|A/cattle/Texas/24-008749-003/2024(H5N1)	836	3665
HA|PP755589.1|A/cattle/Texas/24-008749-003/2024(H5N1)	837	3647
HA|PP755589.1|A/cattle/Texas/24-008749-003/2024(H5N1)	838	3661
HA|PP755589.1|A/cattle/Texas/24-008749-003/2024(H5N1)	839	3661
HA|PP755589.1|A/cattle/Texas/24-008749-003/2024(H5N1)	840	3653
HA|PP755589.1|A/cattle/Texas/24-008749-003/2024(H5N1)	841	3654
HA|PP755589.1|A/cattle/Texas/24-008749-003/2024(H5N1)	842	3642
HA|PP755589.1|A/cattle/Texas/24-008749-003/2024(H5N1)	843	3646
HA|PP755589.1|A/cattle/Texas/24-008749-003/2024(H5N1)	844	3644
HA|PP755589.1|A/cattle/Texas/24-008749-003/2024(H5N1)	845	3646
HA|PP755589.1|A/cattle/Texas/24-008749-003/2024(H5N1)	846	3646
HA|PP755589.1|A/cattle/Texas/24-008749-003/2024(H5N1)	847	3612
HA|PP755589.1|A/cattle/Texas/24-008749-003/2024(H5N1)	848	3620
HA|PP755589.1|A/cattle/Texas/24-008749-003/2024(H5N1)	849	3607
HA|PP755589.1|A/cattle/Texas/24-008749-003/2024(H5N1)	850	3732
HA|PP755589.1|A/cattle/Texas/24-008749-003/2024(H5N1)	851	4370
HA|PP755589.1|A/cattle/Texas/24-008749-003/2024(H5N1)	852	4369
HA|PP755589.1|A/cattle/Texas/24-008749-003/2024(H5N1)	853	4852
HA|PP755589.1|A/cattle/Texas/24-008749-003/2024(H5N1)	854	4857
HA|PP755589.1|A/cattle/Texas/24-008749-003/2024(H5N1)	855	5280
HA|PP755589.1|A/cattle/Texas/24-008749-003/2024(H5N1)	856	8432
HA|PP755589.1|A/cattle/Texas/24-008749-003/2024(H5N1)	857	8930
HA|PP755589.1|A/cattle/Texas/24-008749-003/2024(H5N1)	858	8970
HA|PP755589.1|A/cattle/Texas/24-008749-003/2024(H5N1)	859	8963
HA|PP755589.1|A/cattle/Texas/24-008749-003/2024(H5N1)	860	8913
HA|PP755589.1|A/cattle/Texas/24-008749-003/2024(H5N1)	861	8928
HA|PP755589.1|A/cattle/Texas/24-008749-003/2024(H5N1)	862	9254
HA|PP755589.1|A/cattle/Texas/24-008749-003/2024(H5N1)	863	9319
HA|PP755589.1|A/cattle/Texas/24-008749-003/2024(H5N1)	864	9313
HA|PP755589.1|A/cattle/Texas/24-008749-003/2024(H5N1)	865	9081
HA|PP755589.1|A/cattle/Texas/24-008749-003/2024(H5N1)	866	8968
HA|PP755589.1|A/cattle/Texas/24-008749-003/2024(H5N1)	867	9680
HA|PP755589.1|A/cattle/Texas/24-008749-003/2024(H5N1)	868	9688
HA|PP755589.1|A/cattle/Texas/24-008749-003/2024(H5N1)	869	9700
HA|PP755589.1|A/cattle/Texas/24-008749-003/2024(H5N1)	870	9707
HA|PP755589.1|A/cattle/Texas/24-008749-003/2024(H5N1)	871	9661
HA|PP755589.1|A/cattle/Texas/24-008749-003/2024(H5N1)	872	9692
HA|PP755589.1|A/cattle/Texas/24-008749-003/2024(H5N1)	873	9952
HA|PP755589.1|A/cattle/Texas/24-008749-003/2024(H5N1)	874	10063
HA|PP755589.1|A/cattle/Texas/24-008749-003/2024(H5N1)	875	10189
HA|PP755589.1|A/cattle/Texas/24-008749-003/2024(H5N1)	876	10031
HA|PP755589.1|A/cattle/Texas/24-008749-003/2024(H5N1)	877	10040
HA|PP755589.1|A/cattle/Texas/24-008749-003/2024(H5N1)	878	10034
HA|PP755589.1|A/cattle/Texas/24-008749-003/2024(H5N1)	879	10086
HA|PP755589.1|A/cattle/Texas/24-008749-003/2024(H5N1)	880	10416
HA|PP755589.1|A/cattle/Texas/24-008749-003/2024(H5N1)	881	10538
HA|PP755589.1|A/cattle/Texas/24-008749-003/2024(H5N1)	882	10498
HA|PP755589.1|A/cattle/Texas/24-008749-003/2024(H5N1)	883	10464
HA|PP755589.1|A/cattle/Texas/24-008749-003/2024(H5N1)	884	10445
HA|PP755589.1|A/cattle/Texas/24-008749-003/2024(H5N1)	885	10532
HA|PP755589.1|A/cattle/Texas/24-008749-003/2024(H5N1)	886	10620
HA|PP755589.1|A/cattle/Texas/24-008749-003/2024(H5N1)	887	11356
HA|PP755589.1|A/cattle/Texas/24-008749-003/2024(H5N1)	888	11415
HA|PP755589.1|A/cattle/Texas/24-008749-003/2024(H5N1)	889	11364
HA|PP755589.1|A/cattle/Texas/24-008749-003/2024(H5N1)	890	11495
HA|PP755589.1|A/cattle/Texas/24-008749-003/2024(H5N1)	891	11485
HA|PP755589.1|A/cattle/Texas/24-008749-003/2024(H5N1)	892	11490
HA|PP755589.1|A/cattle/Texas/24-008749-003/2024(H5N1)	893	11491
HA|PP755589.1|A/cattle/Texas/24-008749-003/2024(H5N1)	894	11475
HA|PP755589.1|A/cattle/Texas/24-008749-003/2024(H5N1)	895	11467
HA|PP755589.1|A/cattle/Texas/24-008749-003/2024(H5N1)	896	11300
HA|PP755589.1|A/cattle/Texas/24-008749-003/2024(H5N1)	897	11160
HA|PP755589.1|A/cattle/Texas/24-008749-003/2024(H5N1)	898	11174
HA|PP755589.1|A/cattle/Texas/24-008749-003/2024(H5N1)	899	11075
HA|PP755589.1|A/cattle/Texas/24-008749-003/2024(H5N1)	900	11096
HA|PP755589.1|A/cattle/Texas/24-008749-003/2024(H5N1)	901	11140
HA|PP755589.1|A/cattle/Texas/24-008749-003/2024(H5N1)	902	11139
HA|PP755589.1|A/cattle/Texas/24-008749-003/2024(H5N1)	903	11322
HA|PP755589.1|A/cattle/Texas/24-008749-003/2024(H5N1)	904	11331
HA|PP755589.1|A/cattle/Texas/24-008749-003/2024(H5N1)	905	11431
HA|PP755589.1|A/cattle/Texas/24-008749-003/2024(H5N1)	906	11451
HA|PP755589.1|A/cattle/Texas/24-008749-003/2024(H5N1)	907	11443
HA|PP755589.1|A/cattle/Texas/24-008749-003/2024(H5N1)	908	11540
HA|PP755589.1|A/cattle/Texas/24-008749-003/2024(H5N1)	909	11538
HA|PP755589.1|A/cattle/Texas/24-008749-003/2024(H5N1)	910	11544
HA|PP755589.1|A/cattle/Texas/24-008749-003/2024(H5N1)	911	11550
HA|PP755589.1|A/cattle/Texas/24-008749-003/2024(H5N1)	912	11406
HA|PP755589.1|A/cattle/Texas/24-008749-003/2024(H5N1)	913	11406
HA|PP755589.1|A/cattle/Texas/24-008749-003/2024(H5N1)	914	11285
HA|PP755589.1|A/cattle/Texas/24-008749-003/2024(H5N1)	915	11316
HA|PP755589.1|A/cattle/Texas/24-008749-003/2024(H5N1)	916	11421
HA|PP755589.1|A/cattle/Texas/24-008749-003/2024(H5N1)	917	11267
HA|PP755589.1|A/cattle/Texas/24-008749-003/2024(H5N1)	918	11176
HA|PP755589.1|A/cattle/Texas/24-008749-003/2024(H5N1)	919	11195
HA|PP755589.1|A/cattle/Texas/24-008749-003/2024(H5N1)	920	11171
HA|PP755589.1|A/cattle/Texas/24-008749-003/2024(H5N1)	921	11266
HA|PP755589.1|A/cattle/Texas/24-008749-003/2024(H5N1)	922	11254
HA|PP755589.1|A/cattle/Texas/24-008749-003/2024(H5N1)	923	11255
HA|PP755589.1|A/cattle/Texas/24-008749-003/2024(H5N1)	924	11304
HA|PP755589.1|A/cattle/Texas/24-008749-003/2024(H5N1)	925	11106
HA|PP755589.1|A/cattle/Texas/24-008749-003/2024(H5N1)	926	11909
HA|PP755589.1|A/cattle/Texas/24-008749-003/2024(H5N1)	927	12027
HA|PP755589.1|A/cattle/Texas/24-008749-003/2024(H5N1)	928	11944
HA|PP755589.1|A/cattle/Texas/24-008749-003/2024(H5N1)	929	12034
HA|PP755589.1|A/cattle/Texas/24-008749-003/2024(H5N1)	930	11785
HA|PP755589.1|A/cattle/Texas/24-008749-003/2024(H5N1)	931	11823
HA|PP755589.1|A/cattle/Texas/24-008749-003/2024(H5N1)	932	11774
HA|PP755589.1|A/cattle/Texas/24-008749-003/2024(H5N1)	933	11656
HA|PP755589.1|A/cattle/Texas/24-008749-003/2024(H5N1)	934	11808
HA|PP755589.1|A/cattle/Texas/24-008749-003/2024(H5N1)	935	11107
HA|PP755589.1|A/cattle/Texas/24-008749-003/2024(H5N1)	936	11038
HA|PP755589.1|A/cattle/Texas/24-008749-003/2024(H5N1)	937	11070
HA|PP755589.1|A/cattle/Texas/24-008749-003/2024(H5N1)	938	11047
HA|PP755589.1|A/cattle/Texas/24-008749-003/2024(H5N1)	939	11089
HA|PP755589.1|A/cattle/Texas/24-008749-003/2024(H5N1)	940	11081
HA|PP755589.1|A/cattle/Texas/24-008749-003/2024(H5N1)	941	11683
HA|PP755589.1|A/cattle/Texas/24-008749-003/2024(H5N1)	942	11665
HA|PP755589.1|A/cattle/Texas/24-008749-003/2024(H5N1)	943	11715
HA|PP755589.1|A/cattle/Texas/24-008749-003/2024(H5N1)	944	11722
HA|PP755589.1|A/cattle/Texas/24-008749-003/2024(H5N1)	945	11704
HA|PP755589.1|A/cattle/Texas/24-008749-003/2024(H5N1)	946	11735
HA|PP755589.1|A/cattle/Texas/24-008749-003/2024(H5N1)	947	11744
HA|PP755589.1|A/cattle/Texas/24-008749-003/2024(H5N1)	948	11766
HA|PP755589.1|A/cattle/Texas/24-008749-003/2024(H5N1)	949	11770
HA|PP755589.1|A/cattle/Texas/24-008749-003/2024(H5N1)	950	11535
HA|PP755589.1|A/cattle/Texas/24-008749-003/2024(H5N1)	951	11538
HA|PP755589.1|A/cattle/Texas/24-008749-003/2024(H5N1)	952	11508
HA|PP755589.1|A/cattle/Texas/24-008749-003/2024(H5N1)	953	11582
HA|PP755589.1|A/cattle/Texas/24-008749-003/2024(H5N1)	954	11633
HA|PP755589.1|A/cattle/Texas/24-008749-003/2024(H5N1)	955	11609
HA|PP755589.1|A/cattle/Texas/24-008749-003/2024(H5N1)	956	11619
HA|PP755589.1|A/cattle/Texas/24-008749-003/2024(H5N1)	957	11596
HA|PP755589.1|A/cattle/Texas/24-008749-003/2024(H5N1)	958	11616
HA|PP755589.1|A/cattle/Texas/24-008749-003/2024(H5N1)	959	11638
HA|PP755589.1|A/cattle/Texas/24-008749-003/2024(H5N1)	960	11641
HA|PP755589.1|A/cattle/Texas/24-008749-003/2024(H5N1)	961	11625
HA|PP755589.1|A/cattle/Texas/24-008749-003/2024(H5N1)	962	11591
HA|PP755589.1|A/cattle/Texas/24-008749-003/2024(H5N1)	963	11515
HA|PP755589.1|A/cattle/Texas/24-008749-003/2024(H5N1)	964	11501
HA|PP755589.1|A/cattle/Texas/24-008749-003/2024(H5N1)	965	11501
HA|PP755589.1|A/cattle/Texas/24-008749-003/2024(H5N1)	966	11499
HA|PP755589.1|A/cattle/Texas/24-008749-003/2024(H5N1)	967	11509
HA|PP755589.1|A/cattle/Texas/24-008749-003/2024(H5N1)	968	11512
HA|PP755589.1|A/cattle/Texas/24-008749-003/2024(H5N1)	969	11516
HA|PP755589.1|A/cattle/Texas/24-008749-003/2024(H5N1)	970	11515
HA|PP755589.1|A/cattle/Texas/24-008749-003/2024(H5N1)	971	11525
HA|PP755589.1|A/cattle/Texas/24-008749-003/2024(H5N1)	972	11515
HA|PP755589.1|A/cattle/Texas/24-008749-003/2024(H5N1)	973	11519
HA|PP755589.1|A/cattle/Texas/24-008749-003/2024(H5N1)	974	11519
HA|PP755589.1|A/cattle/Texas/24-008749-003/2024(H5N1)	975	11531
HA|PP755589.1|A/cattle/Texas/24-008749-003/2024(H5N1)	976	11541
HA|PP755589.1|A/cattle/Texas/24-008749-003/2024(H5N1)	977	11605
HA|PP755589.1|A/cattle/Texas/24-008749-003/2024(H5N1)	978	11607
HA|PP755589.1|A/cattle/Texas/24-008749-003/2024(H5N1)	979	11597
HA|PP755589.1|A/cattle/Texas/24-008749-003/2024(H5N1)	980	11571
HA|PP755589.1|A/cattle/Texas/24-008749-003/2024(H5N1)	981	11583
HA|PP755589.1|A/cattle/Texas/24-008749-003/2024(H5N1)	982	11597
HA|PP755589.1|A/cattle/Texas/24-008749-003/2024(H5N1)	983	11597
HA|PP755589.1|A/cattle/Texas/24-008749-003/2024(H5N1)	984	11638
HA|PP755589.1|A/cattle/Texas/24-008749-003/2024(H5N1)	985	11596
HA|PP755589.1|A/cattle/Texas/24-008749-003/2024(H5N1)	986	11503
HA|PP755589.1|A/cattle/Texas/24-008749-003/2024(H5N1)	987	11499
HA|PP755589.1|A/cattle/Texas/24-008749-003/2024(H5N1)	988	11500
HA|PP755589.1|A/cattle/Texas/24-008749-003/2024(H5N1)	989	11543
HA|PP755589.1|A/cattle/Texas/24-008749-003/2024(H5N1)	990	11541
HA|PP755589.1|A/cattle/Texas/24-008749-003/2024(H5N1)	991	11498
HA|PP755589.1|A/cattle/Texas/24-008749-003/2024(H5N1)	992	11498
HA|PP755589.1|A/cattle/Texas/24-008749-003/2024(H5N1)	993	11376
HA|PP755589.1|A/cattle/Texas/24-008749-003/2024(H5N1)	994	11394
HA|PP755589.1|A/cattle/Texas/24-008749-003/2024(H5N1)	995	11372
HA|PP755589.1|A/cattle/Texas/24-008749-003/2024(H5N1)	996	11411
HA|PP755589.1|A/cattle/Texas/24-008749-003/2024(H5N1)	997	11407
HA|PP755589.1|A/cattle/Texas/24-008749-003/2024(H5N1)	998	11326
HA|PP755589.1|A/cattle/Texas/24-008749-003/2024(H5N1)	999	11344
HA|PP755589.1|A/cattle/Texas/24-008749-003/2024(H5N1)	1000	11337
HA|PP755589.1|A/cattle/Texas/24-008749-003/2024(H5N1)	1001	11421
HA|PP755589.1|A/cattle/Texas/24-008749-003/2024(H5N1)	1002	11439
HA|PP755589.1|A/cattle/Texas/24-008749-003/2024(H5N1)	1003	11375
HA|PP755589.1|A/cattle/Texas/24-008749-003/2024(H5N1)	1004	11377
HA|PP755589.1|A/cattle/Texas/24-008749-003/2024(H5N1)	1005	11241
HA|PP755589.1|A/cattle/Texas/24-008749-003/2024(H5N1)	1006	11229
HA|PP755589.1|A/cattle/Texas/24-008749-003/2024(H5N1)	1007	11220
HA|PP755589.1|A/cattle/Texas/24-008749-003/2024(H5N1)	1008	11186
HA|PP755589.1|A/cattle/Texas/24-008749-003/2024(H5N1)	1009	11185
HA|PP755589.1|A/cattle/Texas/24-008749-003/2024(H5N1)	1010	11005
HA|PP755589.1|A/cattle/Texas/24-008749-003/2024(H5N1)	1011	10849
HA|PP755589.1|A/cattle/Texas/24-008749-003/2024(H5N1)	1012	10853
HA|PP755589.1|A/cattle/Texas/24-008749-003/2024(H5N1)	1013	10833
HA|PP755589.1|A/cattle/Texas/24-008749-003/2024(H5N1)	1014	10829
HA|PP755589.1|A/cattle/Texas/24-008749-003/2024(H5N1)	1015	10849
HA|PP755589.1|A/cattle/Texas/24-008749-003/2024(H5N1)	1016	10857
HA|PP755589.1|A/cattle/Texas/24-008749-003/2024(H5N1)	1017	10822
HA|PP755589.1|A/cattle/Texas/24-008749-003/2024(H5N1)	1018	10838
HA|PP755589.1|A/cattle/Texas/24-008749-003/2024(H5N1)	1019	10714
HA|PP755589.1|A/cattle/Texas/24-008749-003/2024(H5N1)	1020	10710
HA|PP755589.1|A/cattle/Texas/24-008749-003/2024(H5N1)	1021	10704
HA|PP755589.1|A/cattle/Texas/24-008749-003/2024(H5N1)	1022	10698
HA|PP755589.1|A/cattle/Texas/24-008749-003/2024(H5N1)	1023	10706
HA|PP755589.1|A/cattle/Texas/24-008749-003/2024(H5N1)	1024	10654
HA|PP755589.1|A/cattle/Texas/24-008749-003/2024(H5N1)	1025	10658
HA|PP755589.1|A/cattle/Texas/24-008749-003/2024(H5N1)	1026	10625
HA|PP755589.1|A/cattle/Texas/24-008749-003/2024(H5N1)	1027	10603
HA|PP755589.1|A/cattle/Texas/24-008749-003/2024(H5N1)	1028	10814
HA|PP755589.1|A/cattle/Texas/24-008749-003/2024(H5N1)	1029	10806
HA|PP755589.1|A/cattle/Texas/24-008749-003/2024(H5N1)	1030	10814
HA|PP755589.1|A/cattle/Texas/24-008749-003/2024(H5N1)	1031	10816
HA|PP755589.1|A/cattle/Texas/24-008749-003/2024(H5N1)	1032	10788
HA|PP755589.1|A/cattle/Texas/24-008749-003/2024(H5N1)	1033	10778
HA|PP755589.1|A/cattle/Texas/24-008749-003/2024(H5N1)	1034	10783
HA|PP755589.1|A/cattle/Texas/24-008749-003/2024(H5N1)	1035	10635
HA|PP755589.1|A/cattle/Texas/24-008749-003/2024(H5N1)	1036	10659
HA|PP755589.1|A/cattle/Texas/24-008749-003/2024(H5N1)	1037	10638
HA|PP755589.1|A/cattle/Texas/24-008749-003/2024(H5N1)	1038	10584
HA|PP755589.1|A/cattle/Texas/24-008749-003/2024(H5N1)	1039	10589
HA|PP755589.1|A/cattle/Texas/24-008749-003/2024(H5N1)	1040	10563
HA|PP755589.1|A/cattle/Texas/24-008749-003/2024(H5N1)	1041	10578
HA|PP755589.1|A/cattle/Texas/24-008749-003/2024(H5N1)	1042	10610
HA|PP755589.1|A/cattle/Texas/24-008749-003/2024(H5N1)	1043	10605
HA|PP755589.1|A/cattle/Texas/24-008749-003/2024(H5N1)	1044	10602
HA|PP755589.1|A/cattle/Texas/24-008749-003/2024(H5N1)	1045	10491
HA|PP755589.1|A/cattle/Texas/24-008749-003/2024(H5N1)	1046	10453
HA|PP755589.1|A/cattle/Texas/24-008749-003/2024(H5N1)	1047	10429
HA|PP755589.1|A/cattle/Texas/24-008749-003/2024(H5N1)	1048	10421
HA|PP755589.1|A/cattle/Texas/24-008749-003/2024(H5N1)	1049	10292
HA|PP755589.1|A/cattle/Texas/24-008749-003/2024(H5N1)	1050	10124
HA|PP755589.1|A/cattle/Texas/24-008749-003/2024(H5N1)	1051	10140
HA|PP755589.1|A/cattle/Texas/24-008749-003/2024(H5N1)	1052	10138
HA|PP755589.1|A/cattle/Texas/24-008749-003/2024(H5N1)	1053	10135
HA|PP755589.1|A/cattle/Texas/24-008749-003/2024(H5N1)	1054	10143
HA|PP755589.1|A/cattle/Texas/24-008749-003/2024(H5N1)	1055	10132
HA|PP755589.1|A/cattle/Texas/24-008749-003/2024(H5N1)	1056	9984
HA|PP755589.1|A/cattle/Texas/24-008749-003/2024(H5N1)	1057	10056
HA|PP755589.1|A/cattle/Texas/24-008749-003/2024(H5N1)	1058	10145
HA|PP755589.1|A/cattle/Texas/24-008749-003/2024(H5N1)	1059	10158
HA|PP755589.1|A/cattle/Texas/24-008749-003/2024(H5N1)	1060	9790
HA|PP755589.1|A/cattle/Texas/24-008749-003/2024(H5N1)	1061	9698
HA|PP755589.1|A/cattle/Texas/24-008749-003/2024(H5N1)	1062	9698
HA|PP755589.1|A/cattle/Texas/24-008749-003/2024(H5N1)	1063	9684
HA|PP755589.1|A/cattle/Texas/24-008749-003/2024(H5N1)	1064	9684
HA|PP755589.1|A/cattle/Texas/24-008749-003/2024(H5N1)	1065	9676
HA|PP755589.1|A/cattle/Texas/24-008749-003/2024(H5N1)	1066	9672
HA|PP755589.1|A/cattle/Texas/24-008749-003/2024(H5N1)	1067	5425
HA|PP755589.1|A/cattle/Texas/24-008749-003/2024(H5N1)	1068	5328
HA|PP755589.1|A/cattle/Texas/24-008749-003/2024(H5N1)	1069	5252
HA|PP755589.1|A/cattle/Texas/24-008749-003/2024(H5N1)	1070	5236
HA|PP755589.1|A/cattle/Texas/24-008749-003/2024(H5N1)	1071	5102
HA|PP755589.1|A/cattle/Texas/24-008749-003/2024(H5N1)	1072	4935
HA|PP755589.1|A/cattle/Texas/24-008749-003/2024(H5N1)	1073	4917
HA|PP755589.1|A/cattle/Texas/24-008749-003/2024(H5N1)	1074	4873
HA|PP755589.1|A/cattle/Texas/24-008749-003/2024(H5N1)	1075	4687
HA|PP755589.1|A/cattle/Texas/24-008749-003/2024(H5N1)	1076	4648
HA|PP755589.1|A/cattle/Texas/24-008749-003/2024(H5N1)	1077	4585
HA|PP755589.1|A/cattle/Texas/24-008749-003/2024(H5N1)	1078	4532
HA|PP755589.1|A/cattle/Texas/24-008749-003/2024(H5N1)	1079	4077
HA|PP755589.1|A/cattle/Texas/24-008749-003/2024(H5N1)	1080	4087
HA|PP755589.1|A/cattle/Texas/24-008749-003/2024(H5N1)	1081	3388
HA|PP755589.1|A/cattle/Texas/24-008749-003/2024(H5N1)	1082	3362
HA|PP755589.1|A/cattle/Texas/24-008749-003/2024(H5N1)	1083	3322
HA|PP755589.1|A/cattle/Texas/24-008749-003/2024(H5N1)	1084	3226
HA|PP755589.1|A/cattle/Texas/24-008749-003/2024(H5N1)	1085	2935
HA|PP755589.1|A/cattle/Texas/24-008749-003/2024(H5N1)	1086	2688
HA|PP755589.1|A/cattle/Texas/24-008749-003/2024(H5N1)	1087	2696
HA|PP755589.1|A/cattle/Texas/24-008749-003/2024(H5N1)	1088	2649
HA|PP755589.1|A/cattle/Texas/24-008749-003/2024(H5N1)	1089	2012
HA|PP755589.1|A/cattle/Texas/24-008749-003/2024(H5N1)	1090	1852
HA|PP755589.1|A/cattle/Texas/24-008749-003/2024(H5N1)	1091	1160
HA|PP755589.1|A/cattle/Texas/24-008749-003/2024(H5N1)	1092	1153
HA|PP755589.1|A/cattle/Texas/24-008749-003/2024(H5N1)	1093	979
HA|PP755589.1|A/cattle/Texas/24-008749-003/2024(H5N1)	1094	888
HA|PP755589.1|A/cattle/Texas/24-008749-003/2024(H5N1)	1095	600
HA|PP755589.1|A/cattle/Texas/24-008749-003/2024(H5N1)	1096	505
HA|PP755589.1|A/cattle/Texas/24-008749-003/2024(H5N1)	1097	517
HA|PP755589.1|A/cattle/Texas/24-008749-003/2024(H5N1)	1098	519
HA|PP755589.1|A/cattle/Texas/24-008749-003/2024(H5N1)	1099	519
HA|PP755589.1|A/cattle/Texas/24-008749-003/2024(H5N1)	1100	521
HA|PP755589.1|A/cattle/Texas/24-008749-003/2024(H5N1)	1101	519
HA|PP755589.1|A/cattle/Texas/24-008749-003/2024(H5N1)	1102	526
HA|PP755589.1|A/cattle/Texas/24-008749-003/2024(H5N1)	1103	528
HA|PP755589.1|A/cattle/Texas/24-008749-003/2024(H5N1)	1104	528
HA|PP755589.1|A/cattle/Texas/24-008749-003/2024(H5N1)	1105	531
HA|PP755589.1|A/cattle/Texas/24-008749-003/2024(H5N1)	1106	529
HA|PP755589.1|A/cattle/Texas/24-008749-003/2024(H5N1)	1107	535
HA|PP755589.1|A/cattle/Texas/24-008749-003/2024(H5N1)	1108	531
HA|PP755589.1|A/cattle/Texas/24-008749-003/2024(H5N1)	1109	532
HA|PP755589.1|A/cattle/Texas/24-008749-003/2024(H5N1)	1110	540
HA|PP755589.1|A/cattle/Texas/24-008749-003/2024(H5N1)	1111	540
HA|PP755589.1|A/cattle/Texas/24-008749-003/2024(H5N1)	1112	540
HA|PP755589.1|A/cattle/Texas/24-008749-003/2024(H5N1)	1113	540
HA|PP755589.1|A/cattle/Texas/24-008749-003/2024(H5N1)	1114	542
HA|PP755589.1|A/cattle/Texas/24-008749-003/2024(H5N1)	1115	554
HA|PP755589.1|A/cattle/Texas/24-008749-003/2024(H5N1)	1116	554
HA|PP755589.1|A/cattle/Texas/24-008749-003/2024(H5N1)	1117	552
HA|PP755589.1|A/cattle/Texas/24-008749-003/2024(H5N1)	1118	552
HA|PP755589.1|A/cattle/Texas/24-008749-003/2024(H5N1)	1119	546
HA|PP755589.1|A/cattle/Texas/24-008749-003/2024(H5N1)	1120	548
HA|PP755589.1|A/cattle/Texas/24-008749-003/2024(H5N1)	1121	548
HA|PP755589.1|A/cattle/Texas/24-008749-003/2024(H5N1)	1122	550
HA|PP755589.1|A/cattle/Texas/24-008749-003/2024(H5N1)	1123	550
HA|PP755589.1|A/cattle/Texas/24-008749-003/2024(H5N1)	1124	548
HA|PP755589.1|A/cattle/Texas/24-008749-003/2024(H5N1)	1125	558
HA|PP755589.1|A/cattle/Texas/24-008749-003/2024(H5N1)	1126	559
HA|PP755589.1|A/cattle/Texas/24-008749-003/2024(H5N1)	1127	563
HA|PP755589.1|A/cattle/Texas/24-008749-003/2024(H5N1)	1128	565
HA|PP755589.1|A/cattle/Texas/24-008749-003/2024(H5N1)	1129	557
HA|PP755589.1|A/cattle/Texas/24-008749-003/2024(H5N1)	1130	557
HA|PP755589.1|A/cattle/Texas/24-008749-003/2024(H5N1)	1131	560
HA|PP755589.1|A/cattle/Texas/24-008749-003/2024(H5N1)	1132	562
HA|PP755589.1|A/cattle/Texas/24-008749-003/2024(H5N1)	1133	562
HA|PP755589.1|A/cattle/Texas/24-008749-003/2024(H5N1)	1134	562
HA|PP755589.1|A/cattle/Texas/24-008749-003/2024(H5N1)	1135	562
HA|PP755589.1|A/cattle/Texas/24-008749-003/2024(H5N1)	1136	562
HA|PP755589.1|A/cattle/Texas/24-008749-003/2024(H5N1)	1137	562
HA|PP755589.1|A/cattle/Texas/24-008749-003/2024(H5N1)	1138	562
HA|PP755589.1|A/cattle/Texas/24-008749-003/2024(H5N1)	1139	562
HA|PP755589.1|A/cattle/Texas/24-008749-003/2024(H5N1)	1140	560
HA|PP755589.1|A/cattle/Texas/24-008749-003/2024(H5N1)	1141	562
HA|PP755589.1|A/cattle/Texas/24-008749-003/2024(H5N1)	1142	562
HA|PP755589.1|A/cattle/Texas/24-008749-003/2024(H5N1)	1143	566
HA|PP755589.1|A/cattle/Texas/24-008749-003/2024(H5N1)	1144	566
HA|PP755589.1|A/cattle/Texas/24-008749-003/2024(H5N1)	1145	564
HA|PP755589.1|A/cattle/Texas/24-008749-003/2024(H5N1)	1146	562
HA|PP755589.1|A/cattle/Texas/24-008749-003/2024(H5N1)	1147	562
HA|PP755589.1|A/cattle/Texas/24-008749-003/2024(H5N1)	1148	562
HA|PP755589.1|A/cattle/Texas/24-008749-003/2024(H5N1)	1149	562
HA|PP755589.1|A/cattle/Texas/24-008749-003/2024(H5N1)	1150	562
HA|PP755589.1|A/cattle/Texas/24-008749-003/2024(H5N1)	1151	562
HA|PP755589.1|A/cattle/Texas/24-008749-003/2024(H5N1)	1152	562
HA|PP755589.1|A/cattle/Texas/24-008749-003/2024(H5N1)	1153	560
HA|PP755589.1|A/cattle/Texas/24-008749-003/2024(H5N1)	1154	560
HA|PP755589.1|A/cattle/Texas/24-008749-003/2024(H5N1)	1155	558
HA|PP755589.1|A/cattle/Texas/24-008749-003/2024(H5N1)	1156	562
HA|PP755589.1|A/cattle/Texas/24-008749-003/2024(H5N1)	1157	568
HA|PP755589.1|A/cattle/Texas/24-008749-003/2024(H5N1)	1158	568
HA|PP755589.1|A/cattle/Texas/24-008749-003/2024(H5N1)	1159	564
HA|PP755589.1|A/cattle/Texas/24-008749-003/2024(H5N1)	1160	564
HA|PP755589.1|A/cattle/Texas/24-008749-003/2024(H5N1)	1161	564
HA|PP755589.1|A/cattle/Texas/24-008749-003/2024(H5N1)	1162	564
HA|PP755589.1|A/cattle/Texas/24-008749-003/2024(H5N1)	1163	563
HA|PP755589.1|A/cattle/Texas/24-008749-003/2024(H5N1)	1164	563
HA|PP755589.1|A/cattle/Texas/24-008749-003/2024(H5N1)	1165	563
HA|PP755589.1|A/cattle/Texas/24-008749-003/2024(H5N1)	1166	565
HA|PP755589.1|A/cattle/Texas/24-008749-003/2024(H5N1)	1167	563
HA|PP755589.1|A/cattle/Texas/24-008749-003/2024(H5N1)	1168	563
HA|PP755589.1|A/cattle/Texas/24-008749-003/2024(H5N1)	1169	565
HA|PP755589.1|A/cattle/Texas/24-008749-003/2024(H5N1)	1170	565
HA|PP755589.1|A/cattle/Texas/24-008749-003/2024(H5N1)	1171	565
HA|PP755589.1|A/cattle/Texas/24-008749-003/2024(H5N1)	1172	563
HA|PP755589.1|A/cattle/Texas/24-008749-003/2024(H5N1)	1173	563
HA|PP755589.1|A/cattle/Texas/24-008749-003/2024(H5N1)	1174	561
HA|PP755589.1|A/cattle/Texas/24-008749-003/2024(H5N1)	1175	567
HA|PP755589.1|A/cattle/Texas/24-008749-003/2024(H5N1)	1176	553
HA|PP755589.1|A/cattle/Texas/24-008749-003/2024(H5N1)	1177	555
HA|PP755589.1|A/cattle/Texas/24-008749-003/2024(H5N1)	1178	547
HA|PP755589.1|A/cattle/Texas/24-008749-003/2024(H5N1)	1179	545
HA|PP755589.1|A/cattle/Texas/24-008749-003/2024(H5N1)	1180	545
HA|PP755589.1|A/cattle/Texas/24-008749-003/2024(H5N1)	1181	546
HA|PP755589.1|A/cattle/Texas/24-008749-003/2024(H5N1)	1182	546
HA|PP755589.1|A/cattle/Texas/24-008749-003/2024(H5N1)	1183	538
HA|PP755589.1|A/cattle/Texas/24-008749-003/2024(H5N1)	1184	538
HA|PP755589.1|A/cattle/Texas/24-008749-003/2024(H5N1)	1185	538
HA|PP755589.1|A/cattle/Texas/24-008749-003/2024(H5N1)	1186	536
HA|PP755589.1|A/cattle/Texas/24-008749-003/2024(H5N1)	1187	536
HA|PP755589.1|A/cattle/Texas/24-008749-003/2024(H5N1)	1188	536
HA|PP755589.1|A/cattle/Texas/24-008749-003/2024(H5N1)	1189	536
HA|PP755589.1|A/cattle/Texas/24-008749-003/2024(H5N1)	1190	522
HA|PP755589.1|A/cattle/Texas/24-008749-003/2024(H5N1)	1191	518
HA|PP755589.1|A/cattle/Texas/24-008749-003/2024(H5N1)	1192	518
HA|PP755589.1|A/cattle/Texas/24-008749-003/2024(H5N1)	1193	520
HA|PP755589.1|A/cattle/Texas/24-008749-003/2024(H5N1)	1194	521
HA|PP755589.1|A/cattle/Texas/24-008749-003/2024(H5N1)	1195	517
HA|PP755589.1|A/cattle/Texas/24-008749-003/2024(H5N1)	1196	519
HA|PP755589.1|A/cattle/Texas/24-008749-003/2024(H5N1)	1197	500
HA|PP755589.1|A/cattle/Texas/24-008749-003/2024(H5N1)	1198	614
HA|PP755589.1|A/cattle/Texas/24-008749-003/2024(H5N1)	1199	616
HA|PP755589.1|A/cattle/Texas/24-008749-003/2024(H5N1)	1200	632
HA|PP755589.1|A/cattle/Texas/24-008749-003/2024(H5N1)	1201	634
HA|PP755589.1|A/cattle/Texas/24-008749-003/2024(H5N1)	1202	622
HA|PP755589.1|A/cattle/Texas/24-008749-003/2024(H5N1)	1203	618
HA|PP755589.1|A/cattle/Texas/24-008749-003/2024(H5N1)	1204	671
HA|PP755589.1|A/cattle/Texas/24-008749-003/2024(H5N1)	1205	663
HA|PP755589.1|A/cattle/Texas/24-008749-003/2024(H5N1)	1206	711
HA|PP755589.1|A/cattle/Texas/24-008749-003/2024(H5N1)	1207	729
HA|PP755589.1|A/cattle/Texas/24-008749-003/2024(H5N1)	1208	755
HA|PP755589.1|A/cattle/Texas/24-008749-003/2024(H5N1)	1209	889
HA|PP755589.1|A/cattle/Texas/24-008749-003/2024(H5N1)	1210	899
HA|PP755589.1|A/cattle/Texas/24-008749-003/2024(H5N1)	1211	903
HA|PP755589.1|A/cattle/Texas/24-008749-003/2024(H5N1)	1212	909
HA|PP755589.1|A/cattle/Texas/24-008749-003/2024(H5N1)	1213	907
HA|PP755589.1|A/cattle/Texas/24-008749-003/2024(H5N1)	1214	913
HA|PP755589.1|A/cattle/Texas/24-008749-003/2024(H5N1)	1215	1011
HA|PP755589.1|A/cattle/Texas/24-008749-003/2024(H5N1)	1216	1015
HA|PP755589.1|A/cattle/Texas/24-008749-003/2024(H5N1)	1217	1205
HA|PP755589.1|A/cattle/Texas/24-008749-003/2024(H5N1)	1218	1202
HA|PP755589.1|A/cattle/Texas/24-008749-003/2024(H5N1)	1219	1253
HA|PP755589.1|A/cattle/Texas/24-008749-003/2024(H5N1)	1220	1253
HA|PP755589.1|A/cattle/Texas/24-008749-003/2024(H5N1)	1221	1489
HA|PP755589.1|A/cattle/Texas/24-008749-003/2024(H5N1)	1222	1489
HA|PP755589.1|A/cattle/Texas/24-008749-003/2024(H5N1)	1223	1491
HA|PP755589.1|A/cattle/Texas/24-008749-003/2024(H5N1)	1224	1487
HA|PP755589.1|A/cattle/Texas/24-008749-003/2024(H5N1)	1225	1487
HA|PP755589.1|A/cattle/Texas/24-008749-003/2024(H5N1)	1226	1464
HA|PP755589.1|A/cattle/Texas/24-008749-003/2024(H5N1)	1227	1468
HA|PP755589.1|A/cattle/Texas/24-008749-003/2024(H5N1)	1228	1461
HA|PP755589.1|A/cattle/Texas/24-008749-003/2024(H5N1)	1229	1471
HA|PP755589.1|A/cattle/Texas/24-008749-003/2024(H5N1)	1230	1471
HA|PP755589.1|A/cattle/Texas/24-008749-003/2024(H5N1)	1231	1781
HA|PP755589.1|A/cattle/Texas/24-008749-003/2024(H5N1)	1232	1799
HA|PP755589.1|A/cattle/Texas/24-008749-003/2024(H5N1)	1233	1799
HA|PP755589.1|A/cattle/Texas/24-008749-003/2024(H5N1)	1234	1799
HA|PP755589.1|A/cattle/Texas/24-008749-003/2024(H5N1)	1235	1818
HA|PP755589.1|A/cattle/Texas/24-008749-003/2024(H5N1)	1236	1816
HA|PP755589.1|A/cattle/Texas/24-008749-003/2024(H5N1)	1237	1818
HA|PP755589.1|A/cattle/Texas/24-008749-003/2024(H5N1)	1238	1818
HA|PP755589.1|A/cattle/Texas/24-008749-003/2024(H5N1)	1239	1828
HA|PP755589.1|A/cattle/Texas/24-008749-003/2024(H5N1)	1240	1962
HA|PP755589.1|A/cattle/Texas/24-008749-003/2024(H5N1)	1241	1906
HA|PP755589.1|A/cattle/Texas/24-008749-003/2024(H5N1)	1242	2024
HA|PP755589.1|A/cattle/Texas/24-008749-003/2024(H5N1)	1243	2024
HA|PP755589.1|A/cattle/Texas/24-008749-003/2024(H5N1)	1244	2018
HA|PP755589.1|A/cattle/Texas/24-008749-003/2024(H5N1)	1245	2030
HA|PP755589.1|A/cattle/Texas/24-008749-003/2024(H5N1)	1246	2028
HA|PP755589.1|A/cattle/Texas/24-008749-003/2024(H5N1)	1247	2028
HA|PP755589.1|A/cattle/Texas/24-008749-003/2024(H5N1)	1248	2024
HA|PP755589.1|A/cattle/Texas/24-008749-003/2024(H5N1)	1249	1986
HA|PP755589.1|A/cattle/Texas/24-008749-003/2024(H5N1)	1250	2048
HA|PP755589.1|A/cattle/Texas/24-008749-003/2024(H5N1)	1251	2104
HA|PP755589.1|A/cattle/Texas/24-008749-003/2024(H5N1)	1252	2090
HA|PP755589.1|A/cattle/Texas/24-008749-003/2024(H5N1)	1253	2089
HA|PP755589.1|A/cattle/Texas/24-008749-003/2024(H5N1)	1254	2082
HA|PP755589.1|A/cattle/Texas/24-008749-003/2024(H5N1)	1255	2106
HA|PP755589.1|A/cattle/Texas/24-008749-003/2024(H5N1)	1256	2106
HA|PP755589.1|A/cattle/Texas/24-008749-003/2024(H5N1)	1257	2124
HA|PP755589.1|A/cattle/Texas/24-008749-003/2024(H5N1)	1258	2119
HA|PP755589.1|A/cattle/Texas/24-008749-003/2024(H5N1)	1259	2159
HA|PP755589.1|A/cattle/Texas/24-008749-003/2024(H5N1)	1260	2168
HA|PP755589.1|A/cattle/Texas/24-008749-003/2024(H5N1)	1261	2109
HA|PP755589.1|A/cattle/Texas/24-008749-003/2024(H5N1)	1262	2194
HA|PP755589.1|A/cattle/Texas/24-008749-003/2024(H5N1)	1263	2195
HA|PP755589.1|A/cattle/Texas/24-008749-003/2024(H5N1)	1264	2192
HA|PP755589.1|A/cattle/Texas/24-008749-003/2024(H5N1)	1265	2192
HA|PP755589.1|A/cattle/Texas/24-008749-003/2024(H5N1)	1266	2184
HA|PP755589.1|A/cattle/Texas/24-008749-003/2024(H5N1)	1267	2192
HA|PP755589.1|A/cattle/Texas/24-008749-003/2024(H5N1)	1268	2161
HA|PP755589.1|A/cattle/Texas/24-008749-003/2024(H5N1)	1269	2185
HA|PP755589.1|A/cattle/Texas/24-008749-003/2024(H5N1)	1270	2169
HA|PP755589.1|A/cattle/Texas/24-008749-003/2024(H5N1)	1271	2116
HA|PP755589.1|A/cattle/Texas/24-008749-003/2024(H5N1)	1272	2110
HA|PP755589.1|A/cattle/Texas/24-008749-003/2024(H5N1)	1273	2106
HA|PP755589.1|A/cattle/Texas/24-008749-003/2024(H5N1)	1274	2101
HA|PP755589.1|A/cattle/Texas/24-008749-003/2024(H5N1)	1275	2134
HA|PP755589.1|A/cattle/Texas/24-008749-003/2024(H5N1)	1276	2134
HA|PP755589.1|A/cattle/Texas/24-008749-003/2024(H5N1)	1277	2140
HA|PP755589.1|A/cattle/Texas/24-008749-003/2024(H5N1)	1278	2156
HA|PP755589.1|A/cattle/Texas/24-008749-003/2024(H5N1)	1279	2157
HA|PP755589.1|A/cattle/Texas/24-008749-003/2024(H5N1)	1280	2170
HA|PP755589.1|A/cattle/Texas/24-008749-003/2024(H5N1)	1281	2172
HA|PP755589.1|A/cattle/Texas/24-008749-003/2024(H5N1)	1282	2172
HA|PP755589.1|A/cattle/Texas/24-008749-003/2024(H5N1)	1283	2174
HA|PP755589.1|A/cattle/Texas/24-008749-003/2024(H5N1)	1284	2172
HA|PP755589.1|A/cattle/Texas/24-008749-003/2024(H5N1)	1285	2194
HA|PP755589.1|A/cattle/Texas/24-008749-003/2024(H5N1)	1286	2196
HA|PP755589.1|A/cattle/Texas/24-008749-003/2024(H5N1)	1287	2196
HA|PP755589.1|A/cattle/Texas/24-008749-003/2024(H5N1)	1288	2200
HA|PP755589.1|A/cattle/Texas/24-008749-003/2024(H5N1)	1289	2200
HA|PP755589.1|A/cattle/Texas/24-008749-003/2024(H5N1)	1290	2200
HA|PP755589.1|A/cattle/Texas/24-008749-003/2024(H5N1)	1291	2208
HA|PP755589.1|A/cattle/Texas/24-008749-003/2024(H5N1)	1292	2210
HA|PP755589.1|A/cattle/Texas/24-008749-003/2024(H5N1)	1293	2212
HA|PP755589.1|A/cattle/Texas/24-008749-003/2024(H5N1)	1294	2204
HA|PP755589.1|A/cattle/Texas/24-008749-003/2024(H5N1)	1295	2214
HA|PP755589.1|A/cattle/Texas/24-008749-003/2024(H5N1)	1296	2216
HA|PP755589.1|A/cattle/Texas/24-008749-003/2024(H5N1)	1297	2232
HA|PP755589.1|A/cattle/Texas/24-008749-003/2024(H5N1)	1298	2250
HA|PP755589.1|A/cattle/Texas/24-008749-003/2024(H5N1)	1299	2266
HA|PP755589.1|A/cattle/Texas/24-008749-003/2024(H5N1)	1300	2282
HA|PP755589.1|A/cattle/Texas/24-008749-003/2024(H5N1)	1301	2282
HA|PP755589.1|A/cattle/Texas/24-008749-003/2024(H5N1)	1302	2280
HA|PP755589.1|A/cattle/Texas/24-008749-003/2024(H5N1)	1303	2282
HA|PP755589.1|A/cattle/Texas/24-008749-003/2024(H5N1)	1304	2278
HA|PP755589.1|A/cattle/Texas/24-008749-003/2024(H5N1)	1305	2318
HA|PP755589.1|A/cattle/Texas/24-008749-003/2024(H5N1)	1306	2317
HA|PP755589.1|A/cattle/Texas/24-008749-003/2024(H5N1)	1307	2317
HA|PP755589.1|A/cattle/Texas/24-008749-003/2024(H5N1)	1308	2323
HA|PP755589.1|A/cattle/Texas/24-008749-003/2024(H5N1)	1309	2321
HA|PP755589.1|A/cattle/Texas/24-008749-003/2024(H5N1)	1310	2339
HA|PP755589.1|A/cattle/Texas/24-008749-003/2024(H5N1)	1311	2356
HA|PP755589.1|A/cattle/Texas/24-008749-003/2024(H5N1)	1312	2358
HA|PP755589.1|A/cattle/Texas/24-008749-003/2024(H5N1)	1313	2374
HA|PP755589.1|A/cattle/Texas/24-008749-003/2024(H5N1)	1314	2439
HA|PP755589.1|A/cattle/Texas/24-008749-003/2024(H5N1)	1315	2438
HA|PP755589.1|A/cattle/Texas/24-008749-003/2024(H5N1)	1316	2440
HA|PP755589.1|A/cattle/Texas/24-008749-003/2024(H5N1)	1317	2440
HA|PP755589.1|A/cattle/Texas/24-008749-003/2024(H5N1)	1318	2440
HA|PP755589.1|A/cattle/Texas/24-008749-003/2024(H5N1)	1319	2466
HA|PP755589.1|A/cattle/Texas/24-008749-003/2024(H5N1)	1320	2454
HA|PP755589.1|A/cattle/Texas/24-008749-003/2024(H5N1)	1321	2460
HA|PP755589.1|A/cattle/Texas/24-008749-003/2024(H5N1)	1322	2460
HA|PP755589.1|A/cattle/Texas/24-008749-003/2024(H5N1)	1323	2414
HA|PP755589.1|A/cattle/Texas/24-008749-003/2024(H5N1)	1324	2422
HA|PP755589.1|A/cattle/Texas/24-008749-003/2024(H5N1)	1325	2416
HA|PP755589.1|A/cattle/Texas/24-008749-003/2024(H5N1)	1326	2418
HA|PP755589.1|A/cattle/Texas/24-008749-003/2024(H5N1)	1327	2428
HA|PP755589.1|A/cattle/Texas/24-008749-003/2024(H5N1)	1328	2410
HA|PP755589.1|A/cattle/Texas/24-008749-003/2024(H5N1)	1329	2414
HA|PP755589.1|A/cattle/Texas/24-008749-003/2024(H5N1)	1330	2410
HA|PP755589.1|A/cattle/Texas/24-008749-003/2024(H5N1)	1331	2410
HA|PP755589.1|A/cattle/Texas/24-008749-003/2024(H5N1)	1332	2411
HA|PP755589.1|A/cattle/Texas/24-008749-003/2024(H5N1)	1333	2413
HA|PP755589.1|A/cattle/Texas/24-008749-003/2024(H5N1)	1334	2414
HA|PP755589.1|A/cattle/Texas/24-008749-003/2024(H5N1)	1335	2412
HA|PP755589.1|A/cattle/Texas/24-008749-003/2024(H5N1)	1336	2402
HA|PP755589.1|A/cattle/Texas/24-008749-003/2024(H5N1)	1337	2400
HA|PP755589.1|A/cattle/Texas/24-008749-003/2024(H5N1)	1338	2398
HA|PP755589.1|A/cattle/Texas/24-008749-003/2024(H5N1)	1339	2394
HA|PP755589.1|A/cattle/Texas/24-008749-003/2024(H5N1)	1340	2394
HA|PP755589.1|A/cattle/Texas/24-008749-003/2024(H5N1)	1341	2390
HA|PP755589.1|A/cattle/Texas/24-008749-003/2024(H5N1)	1342	2390
HA|PP755589.1|A/cattle/Texas/24-008749-003/2024(H5N1)	1343	2386
HA|PP755589.1|A/cattle/Texas/24-008749-003/2024(H5N1)	1344	2392
HA|PP755589.1|A/cattle/Texas/24-008749-003/2024(H5N1)	1345	2390
HA|PP755589.1|A/cattle/Texas/24-008749-003/2024(H5N1)	1346	2390
HA|PP755589.1|A/cattle/Texas/24-008749-003/2024(H5N1)	1347	2400
HA|PP755589.1|A/cattle/Texas/24-008749-003/2024(H5N1)	1348	2400
HA|PP755589.1|A/cattle/Texas/24-008749-003/2024(H5N1)	1349	2392
HA|PP755589.1|A/cattle/Texas/24-008749-003/2024(H5N1)	1350	2392
HA|PP755589.1|A/cattle/Texas/24-008749-003/2024(H5N1)	1351	2388
HA|PP755589.1|A/cattle/Texas/24-008749-003/2024(H5N1)	1352	2399
HA|PP755589.1|A/cattle/Texas/24-008749-003/2024(H5N1)	1353	2395
HA|PP755589.1|A/cattle/Texas/24-008749-003/2024(H5N1)	1354	2396
HA|PP755589.1|A/cattle/Texas/24-008749-003/2024(H5N1)	1355	2418
HA|PP755589.1|A/cattle/Texas/24-008749-003/2024(H5N1)	1356	2400
HA|PP755589.1|A/cattle/Texas/24-008749-003/2024(H5N1)	1357	2403
HA|PP755589.1|A/cattle/Texas/24-008749-003/2024(H5N1)	1358	2403
HA|PP755589.1|A/cattle/Texas/24-008749-003/2024(H5N1)	1359	2404
HA|PP755589.1|A/cattle/Texas/24-008749-003/2024(H5N1)	1360	2404
HA|PP755589.1|A/cattle/Texas/24-008749-003/2024(H5N1)	1361	2400
HA|PP755589.1|A/cattle/Texas/24-008749-003/2024(H5N1)	1362	2394
HA|PP755589.1|A/cattle/Texas/24-008749-003/2024(H5N1)	1363	2382
HA|PP755589.1|A/cattle/Texas/24-008749-003/2024(H5N1)	1364	2344
HA|PP755589.1|A/cattle/Texas/24-008749-003/2024(H5N1)	1365	2344
HA|PP755589.1|A/cattle/Texas/24-008749-003/2024(H5N1)	1366	2336
HA|PP755589.1|A/cattle/Texas/24-008749-003/2024(H5N1)	1367	2336
HA|PP755589.1|A/cattle/Texas/24-008749-003/2024(H5N1)	1368	2330
HA|PP755589.1|A/cattle/Texas/24-008749-003/2024(H5N1)	1369	2322
HA|PP755589.1|A/cattle/Texas/24-008749-003/2024(H5N1)	1370	2340
HA|PP755589.1|A/cattle/Texas/24-008749-003/2024(H5N1)	1371	2344
HA|PP755589.1|A/cattle/Texas/24-008749-003/2024(H5N1)	1372	2344
HA|PP755589.1|A/cattle/Texas/24-008749-003/2024(H5N1)	1373	2344
HA|PP755589.1|A/cattle/Texas/24-008749-003/2024(H5N1)	1374	2340
HA|PP755589.1|A/cattle/Texas/24-008749-003/2024(H5N1)	1375	2346
HA|PP755589.1|A/cattle/Texas/24-008749-003/2024(H5N1)	1376	2346
HA|PP755589.1|A/cattle/Texas/24-008749-003/2024(H5N1)	1377	2350
HA|PP755589.1|A/cattle/Texas/24-008749-003/2024(H5N1)	1378	2356
HA|PP755589.1|A/cattle/Texas/24-008749-003/2024(H5N1)	1379	2311
HA|PP755589.1|A/cattle/Texas/24-008749-003/2024(H5N1)	1380	2303
HA|PP755589.1|A/cattle/Texas/24-008749-003/2024(H5N1)	1381	2299
HA|PP755589.1|A/cattle/Texas/24-008749-003/2024(H5N1)	1382	2299
HA|PP755589.1|A/cattle/Texas/24-008749-003/2024(H5N1)	1383	2316
HA|PP755589.1|A/cattle/Texas/24-008749-003/2024(H5N1)	1384	2315
HA|PP755589.1|A/cattle/Texas/24-008749-003/2024(H5N1)	1385	2317
HA|PP755589.1|A/cattle/Texas/24-008749-003/2024(H5N1)	1386	2449
HA|PP755589.1|A/cattle/Texas/24-008749-003/2024(H5N1)	1387	2512
HA|PP755589.1|A/cattle/Texas/24-008749-003/2024(H5N1)	1388	2465
HA|PP755589.1|A/cattle/Texas/24-008749-003/2024(H5N1)	1389	2469
HA|PP755589.1|A/cattle/Texas/24-008749-003/2024(H5N1)	1390	2474
HA|PP755589.1|A/cattle/Texas/24-008749-003/2024(H5N1)	1391	2472
HA|PP755589.1|A/cattle/Texas/24-008749-003/2024(H5N1)	1392	2484
HA|PP755589.1|A/cattle/Texas/24-008749-003/2024(H5N1)	1393	2476
HA|PP755589.1|A/cattle/Texas/24-008749-003/2024(H5N1)	1394	2476
HA|PP755589.1|A/cattle/Texas/24-008749-003/2024(H5N1)	1395	2469
HA|PP755589.1|A/cattle/Texas/24-008749-003/2024(H5N1)	1396	2420
HA|PP755589.1|A/cattle/Texas/24-008749-003/2024(H5N1)	1397	2426
HA|PP755589.1|A/cattle/Texas/24-008749-003/2024(H5N1)	1398	2458
HA|PP755589.1|A/cattle/Texas/24-008749-003/2024(H5N1)	1399	2513
HA|PP755589.1|A/cattle/Texas/24-008749-003/2024(H5N1)	1400	2509
HA|PP755589.1|A/cattle/Texas/24-008749-003/2024(H5N1)	1401	2505
HA|PP755589.1|A/cattle/Texas/24-008749-003/2024(H5N1)	1402	2493
HA|PP755589.1|A/cattle/Texas/24-008749-003/2024(H5N1)	1403	2705
HA|PP755589.1|A/cattle/Texas/24-008749-003/2024(H5N1)	1404	2702
HA|PP755589.1|A/cattle/Texas/24-008749-003/2024(H5N1)	1405	2712
HA|PP755589.1|A/cattle/Texas/24-008749-003/2024(H5N1)	1406	2708
HA|PP755589.1|A/cattle/Texas/24-008749-003/2024(H5N1)	1407	2680
HA|PP755589.1|A/cattle/Texas/24-008749-003/2024(H5N1)	1408	2683
HA|PP755589.1|A/cattle/Texas/24-008749-003/2024(H5N1)	1409	2641
HA|PP755589.1|A/cattle/Texas/24-008749-003/2024(H5N1)	1410	2892
HA|PP755589.1|A/cattle/Texas/24-008749-003/2024(H5N1)	1411	2892
HA|PP755589.1|A/cattle/Texas/24-008749-003/2024(H5N1)	1412	2740
HA|PP755589.1|A/cattle/Texas/24-008749-003/2024(H5N1)	1413	2742
HA|PP755589.1|A/cattle/Texas/24-008749-003/2024(H5N1)	1414	2733
HA|PP755589.1|A/cattle/Texas/24-008749-003/2024(H5N1)	1415	2751
HA|PP755589.1|A/cattle/Texas/24-008749-003/2024(H5N1)	1416	2829
HA|PP755589.1|A/cattle/Texas/24-008749-003/2024(H5N1)	1417	2827
HA|PP755589.1|A/cattle/Texas/24-008749-003/2024(H5N1)	1418	2810
HA|PP755589.1|A/cattle/Texas/24-008749-003/2024(H5N1)	1419	2579
HA|PP755589.1|A/cattle/Texas/24-008749-003/2024(H5N1)	1420	2524
HA|PP755589.1|A/cattle/Texas/24-008749-003/2024(H5N1)	1421	2723
HA|PP755589.1|A/cattle/Texas/24-008749-003/2024(H5N1)	1422	2727
HA|PP755589.1|A/cattle/Texas/24-008749-003/2024(H5N1)	1423	2733
HA|PP755589.1|A/cattle/Texas/24-008749-003/2024(H5N1)	1424	2725
HA|PP755589.1|A/cattle/Texas/24-008749-003/2024(H5N1)	1425	2531
HA|PP755589.1|A/cattle/Texas/24-008749-003/2024(H5N1)	1426	2535
HA|PP755589.1|A/cattle/Texas/24-008749-003/2024(H5N1)	1427	2528
HA|PP755589.1|A/cattle/Texas/24-008749-003/2024(H5N1)	1428	2528
HA|PP755589.1|A/cattle/Texas/24-008749-003/2024(H5N1)	1429	2566
HA|PP755589.1|A/cattle/Texas/24-008749-003/2024(H5N1)	1430	2098
HA|PP755589.1|A/cattle/Texas/24-008749-003/2024(H5N1)	1431	2104
HA|PP755589.1|A/cattle/Texas/24-008749-003/2024(H5N1)	1432	2101
HA|PP755589.1|A/cattle/Texas/24-008749-003/2024(H5N1)	1433	2045
HA|PP755589.1|A/cattle/Texas/24-008749-003/2024(H5N1)	1434	2156
HA|PP755589.1|A/cattle/Texas/24-008749-003/2024(H5N1)	1435	2166
HA|PP755589.1|A/cattle/Texas/24-008749-003/2024(H5N1)	1436	2169
HA|PP755589.1|A/cattle/Texas/24-008749-003/2024(H5N1)	1437	2118
HA|PP755589.1|A/cattle/Texas/24-008749-003/2024(H5N1)	1438	1937
HA|PP755589.1|A/cattle/Texas/24-008749-003/2024(H5N1)	1439	1939
HA|PP755589.1|A/cattle/Texas/24-008749-003/2024(H5N1)	1440	1903
HA|PP755589.1|A/cattle/Texas/24-008749-003/2024(H5N1)	1441	1897
HA|PP755589.1|A/cattle/Texas/24-008749-003/2024(H5N1)	1442	1893
HA|PP755589.1|A/cattle/Texas/24-008749-003/2024(H5N1)	1443	1627
HA|PP755589.1|A/cattle/Texas/24-008749-003/2024(H5N1)	1444	1380
HA|PP755589.1|A/cattle/Texas/24-008749-003/2024(H5N1)	1445	1421
HA|PP755589.1|A/cattle/Texas/24-008749-003/2024(H5N1)	1446	1421
HA|PP755589.1|A/cattle/Texas/24-008749-003/2024(H5N1)	1447	1427
HA|PP755589.1|A/cattle/Texas/24-008749-003/2024(H5N1)	1448	1427
HA|PP755589.1|A/cattle/Texas/24-008749-003/2024(H5N1)	1449	1421
HA|PP755589.1|A/cattle/Texas/24-008749-003/2024(H5N1)	1450	1435
HA|PP755589.1|A/cattle/Texas/24-008749-003/2024(H5N1)	1451	1437
HA|PP755589.1|A/cattle/Texas/24-008749-003/2024(H5N1)	1452	1437
HA|PP755589.1|A/cattle/Texas/24-008749-003/2024(H5N1)	1453	1437
HA|PP755589.1|A/cattle/Texas/24-008749-003/2024(H5N1)	1454	1437
HA|PP755589.1|A/cattle/Texas/24-008749-003/2024(H5N1)	1455	1441
HA|PP755589.1|A/cattle/Texas/24-008749-003/2024(H5N1)	1456	1439
HA|PP755589.1|A/cattle/Texas/24-008749-003/2024(H5N1)	1457	1447
HA|PP755589.1|A/cattle/Texas/24-008749-003/2024(H5N1)	1458	1457
HA|PP755589.1|A/cattle/Texas/24-008749-003/2024(H5N1)	1459	1466
HA|PP755589.1|A/cattle/Texas/24-008749-003/2024(H5N1)	1460	1467
HA|PP755589.1|A/cattle/Texas/24-008749-003/2024(H5N1)	1461	1473
HA|PP755589.1|A/cattle/Texas/24-008749-003/2024(H5N1)	1462	1477
HA|PP755589.1|A/cattle/Texas/24-008749-003/2024(H5N1)	1463	1477
HA|PP755589.1|A/cattle/Texas/24-008749-003/2024(H5N1)	1464	1479
HA|PP755589.1|A/cattle/Texas/24-008749-003/2024(H5N1)	1465	1479
HA|PP755589.1|A/cattle/Texas/24-008749-003/2024(H5N1)	1466	1497
HA|PP755589.1|A/cattle/Texas/24-008749-003/2024(H5N1)	1467	1493
HA|PP755589.1|A/cattle/Texas/24-008749-003/2024(H5N1)	1468	1491
HA|PP755589.1|A/cattle/Texas/24-008749-003/2024(H5N1)	1469	1491
HA|PP755589.1|A/cattle/Texas/24-008749-003/2024(H5N1)	1470	1491
HA|PP755589.1|A/cattle/Texas/24-008749-003/2024(H5N1)	1471	1491
HA|PP755589.1|A/cattle/Texas/24-008749-003/2024(H5N1)	1472	1491
HA|PP755589.1|A/cattle/Texas/24-008749-003/2024(H5N1)	1473	1493
HA|PP755589.1|A/cattle/Texas/24-008749-003/2024(H5N1)	1474	1493
HA|PP755589.1|A/cattle/Texas/24-008749-003/2024(H5N1)	1475	1495
HA|PP755589.1|A/cattle/Texas/24-008749-003/2024(H5N1)	1476	1507
HA|PP755589.1|A/cattle/Texas/24-008749-003/2024(H5N1)	1477	1525
HA|PP755589.1|A/cattle/Texas/24-008749-003/2024(H5N1)	1478	1535
HA|PP755589.1|A/cattle/Texas/24-008749-003/2024(H5N1)	1479	1549
HA|PP755589.1|A/cattle/Texas/24-008749-003/2024(H5N1)	1480	1551
HA|PP755589.1|A/cattle/Texas/24-008749-003/2024(H5N1)	1481	1551
HA|PP755589.1|A/cattle/Texas/24-008749-003/2024(H5N1)	1482	1549
HA|PP755589.1|A/cattle/Texas/24-008749-003/2024(H5N1)	1483	1549
HA|PP755589.1|A/cattle/Texas/24-008749-003/2024(H5N1)	1484	1545
HA|PP755589.1|A/cattle/Texas/24-008749-003/2024(H5N1)	1485	1547
HA|PP755589.1|A/cattle/Texas/24-008749-003/2024(H5N1)	1486	1541
HA|PP755589.1|A/cattle/Texas/24-008749-003/2024(H5N1)	1487	1583
HA|PP755589.1|A/cattle/Texas/24-008749-003/2024(H5N1)	1488	1561
HA|PP755589.1|A/cattle/Texas/24-008749-003/2024(H5N1)	1489	1606
HA|PP755589.1|A/cattle/Texas/24-008749-003/2024(H5N1)	1490	1604
HA|PP755589.1|A/cattle/Texas/24-008749-003/2024(H5N1)	1491	1614
HA|PP755589.1|A/cattle/Texas/24-008749-003/2024(H5N1)	1492	1614
HA|PP755589.1|A/cattle/Texas/24-008749-003/2024(H5N1)	1493	1668
HA|PP755589.1|A/cattle/Texas/24-008749-003/2024(H5N1)	1494	1676
HA|PP755589.1|A/cattle/Texas/24-008749-003/2024(H5N1)	1495	1676
HA|PP755589.1|A/cattle/Texas/24-008749-003/2024(H5N1)	1496	1662
HA|PP755589.1|A/cattle/Texas/24-008749-003/2024(H5N1)	1497	1662
HA|PP755589.1|A/cattle/Texas/24-008749-003/2024(H5N1)	1498	1644
HA|PP755589.1|A/cattle/Texas/24-008749-003/2024(H5N1)	1499	1662
HA|PP755589.1|A/cattle/Texas/24-008749-003/2024(H5N1)	1500	1654
HA|PP755589.1|A/cattle/Texas/24-008749-003/2024(H5N1)	1501	1680
HA|PP755589.1|A/cattle/Texas/24-008749-003/2024(H5N1)	1502	1694
HA|PP755589.1|A/cattle/Texas/24-008749-003/2024(H5N1)	1503	1708
HA|PP755589.1|A/cattle/Texas/24-008749-003/2024(H5N1)	1504	1718
HA|PP755589.1|A/cattle/Texas/24-008749-003/2024(H5N1)	1505	1720
HA|PP755589.1|A/cattle/Texas/24-008749-003/2024(H5N1)	1506	1812
HA|PP755589.1|A/cattle/Texas/24-008749-003/2024(H5N1)	1507	1812
HA|PP755589.1|A/cattle/Texas/24-008749-003/2024(H5N1)	1508	1806
HA|PP755589.1|A/cattle/Texas/24-008749-003/2024(H5N1)	1509	1804
HA|PP755589.1|A/cattle/Texas/24-008749-003/2024(H5N1)	1510	1794
HA|PP755589.1|A/cattle/Texas/24-008749-003/2024(H5N1)	1511	1820
HA|PP755589.1|A/cattle/Texas/24-008749-003/2024(H5N1)	1512	1814
HA|PP755589.1|A/cattle/Texas/24-008749-003/2024(H5N1)	1513	1848
HA|PP755589.1|A/cattle/Texas/24-008749-003/2024(H5N1)	1514	1848
HA|PP755589.1|A/cattle/Texas/24-008749-003/2024(H5N1)	1515	1790
HA|PP755589.1|A/cattle/Texas/24-008749-003/2024(H5N1)	1516	1796
HA|PP755589.1|A/cattle/Texas/24-008749-003/2024(H5N1)	1517	1780
HA|PP755589.1|A/cattle/Texas/24-008749-003/2024(H5N1)	1518	1824
HA|PP755589.1|A/cattle/Texas/24-008749-003/2024(H5N1)	1519	1824
HA|PP755589.1|A/cattle/Texas/24-008749-003/2024(H5N1)	1520	1836
HA|PP755589.1|A/cattle/Texas/24-008749-003/2024(H5N1)	1521	1832
HA|PP755589.1|A/cattle/Texas/24-008749-003/2024(H5N1)	1522	1824
HA|PP755589.1|A/cattle/Texas/24-008749-003/2024(H5N1)	1523	1824
HA|PP755589.1|A/cattle/Texas/24-008749-003/2024(H5N1)	1524	1818
HA|PP755589.1|A/cattle/Texas/24-008749-003/2024(H5N1)	1525	1826
HA|PP755589.1|A/cattle/Texas/24-008749-003/2024(H5N1)	1526	1826
HA|PP755589.1|A/cattle/Texas/24-008749-003/2024(H5N1)	1527	1772
HA|PP755589.1|A/cattle/Texas/24-008749-003/2024(H5N1)	1528	1770
HA|PP755589.1|A/cattle/Texas/24-008749-003/2024(H5N1)	1529	1732
HA|PP755589.1|A/cattle/Texas/24-008749-003/2024(H5N1)	1530	1736
HA|PP755589.1|A/cattle/Texas/24-008749-003/2024(H5N1)	1531	1736
HA|PP755589.1|A/cattle/Texas/24-008749-003/2024(H5N1)	1532	1734
HA|PP755589.1|A/cattle/Texas/24-008749-003/2024(H5N1)	1533	1730
HA|PP755589.1|A/cattle/Texas/24-008749-003/2024(H5N1)	1534	1736
HA|PP755589.1|A/cattle/Texas/24-008749-003/2024(H5N1)	1535	1740
HA|PP755589.1|A/cattle/Texas/24-008749-003/2024(H5N1)	1536	1744
HA|PP755589.1|A/cattle/Texas/24-008749-003/2024(H5N1)	1537	1744
HA|PP755589.1|A/cattle/Texas/24-008749-003/2024(H5N1)	1538	1742
HA|PP755589.1|A/cattle/Texas/24-008749-003/2024(H5N1)	1539	1738
HA|PP755589.1|A/cattle/Texas/24-008749-003/2024(H5N1)	1540	1741
HA|PP755589.1|A/cattle/Texas/24-008749-003/2024(H5N1)	1541	1743
HA|PP755589.1|A/cattle/Texas/24-008749-003/2024(H5N1)	1542	1743
HA|PP755589.1|A/cattle/Texas/24-008749-003/2024(H5N1)	1543	1735
HA|PP755589.1|A/cattle/Texas/24-008749-003/2024(H5N1)	1544	1751
HA|PP755589.1|A/cattle/Texas/24-008749-003/2024(H5N1)	1545	1731
HA|PP755589.1|A/cattle/Texas/24-008749-003/2024(H5N1)	1546	1731
HA|PP755589.1|A/cattle/Texas/24-008749-003/2024(H5N1)	1547	1731
HA|PP755589.1|A/cattle/Texas/24-008749-003/2024(H5N1)	1548	1727
HA|PP755589.1|A/cattle/Texas/24-008749-003/2024(H5N1)	1549	1755
HA|PP755589.1|A/cattle/Texas/24-008749-003/2024(H5N1)	1550	1753
HA|PP755589.1|A/cattle/Texas/24-008749-003/2024(H5N1)	1551	1753
HA|PP755589.1|A/cattle/Texas/24-008749-003/2024(H5N1)	1552	1753
HA|PP755589.1|A/cattle/Texas/24-008749-003/2024(H5N1)	1553	1737
HA|PP755589.1|A/cattle/Texas/24-008749-003/2024(H5N1)	1554	1735
HA|PP755589.1|A/cattle/Texas/24-008749-003/2024(H5N1)	1555	1731
HA|PP755589.1|A/cattle/Texas/24-008749-003/2024(H5N1)	1556	1731
HA|PP755589.1|A/cattle/Texas/24-008749-003/2024(H5N1)	1557	1731
HA|PP755589.1|A/cattle/Texas/24-008749-003/2024(H5N1)	1558	1651
HA|PP755589.1|A/cattle/Texas/24-008749-003/2024(H5N1)	1559	1651
HA|PP755589.1|A/cattle/Texas/24-008749-003/2024(H5N1)	1560	1635
HA|PP755589.1|A/cattle/Texas/24-008749-003/2024(H5N1)	1561	1641
HA|PP755589.1|A/cattle/Texas/24-008749-003/2024(H5N1)	1562	1641
HA|PP755589.1|A/cattle/Texas/24-008749-003/2024(H5N1)	1563	1641
HA|PP755589.1|A/cattle/Texas/24-008749-003/2024(H5N1)	1564	1641
HA|PP755589.1|A/cattle/Texas/24-008749-003/2024(H5N1)	1565	1639
HA|PP755589.1|A/cattle/Texas/24-008749-003/2024(H5N1)	1566	1640
HA|PP755589.1|A/cattle/Texas/24-008749-003/2024(H5N1)	1567	1640
HA|PP755589.1|A/cattle/Texas/24-008749-003/2024(H5N1)	1568	1620
HA|PP755589.1|A/cattle/Texas/24-008749-003/2024(H5N1)	1569	1604
HA|PP755589.1|A/cattle/Texas/24-008749-003/2024(H5N1)	1570	1598
HA|PP755589.1|A/cattle/Texas/24-008749-003/2024(H5N1)	1571	1582
HA|PP755589.1|A/cattle/Texas/24-008749-003/2024(H5N1)	1572	1578
HA|PP755589.1|A/cattle/Texas/24-008749-003/2024(H5N1)	1573	1558
HA|PP755589.1|A/cattle/Texas/24-008749-003/2024(H5N1)	1574	1564
HA|PP755589.1|A/cattle/Texas/24-008749-003/2024(H5N1)	1575	1556
HA|PP755589.1|A/cattle/Texas/24-008749-003/2024(H5N1)	1576	1558
HA|PP755589.1|A/cattle/Texas/24-008749-003/2024(H5N1)	1577	1558
HA|PP755589.1|A/cattle/Texas/24-008749-003/2024(H5N1)	1578	1556
HA|PP755589.1|A/cattle/Texas/24-008749-003/2024(H5N1)	1579	1550
HA|PP755589.1|A/cattle/Texas/24-008749-003/2024(H5N1)	1580	1547
HA|PP755589.1|A/cattle/Texas/24-008749-003/2024(H5N1)	1581	1517
HA|PP755589.1|A/cattle/Texas/24-008749-003/2024(H5N1)	1582	1515
HA|PP755589.1|A/cattle/Texas/24-008749-003/2024(H5N1)	1583	1408
HA|PP755589.1|A/cattle/Texas/24-008749-003/2024(H5N1)	1584	1140
HA|PP755589.1|A/cattle/Texas/24-008749-003/2024(H5N1)	1585	1096
HA|PP755589.1|A/cattle/Texas/24-008749-003/2024(H5N1)	1586	1076
HA|PP755589.1|A/cattle/Texas/24-008749-003/2024(H5N1)	1587	1075
HA|PP755589.1|A/cattle/Texas/24-008749-003/2024(H5N1)	1588	1069
HA|PP755589.1|A/cattle/Texas/24-008749-003/2024(H5N1)	1589	1012
HA|PP755589.1|A/cattle/Texas/24-008749-003/2024(H5N1)	1590	1001
HA|PP755589.1|A/cattle/Texas/24-008749-003/2024(H5N1)	1591	997
HA|PP755589.1|A/cattle/Texas/24-008749-003/2024(H5N1)	1592	993
HA|PP755589.1|A/cattle/Texas/24-008749-003/2024(H5N1)	1593	971
HA|PP755589.1|A/cattle/Texas/24-008749-003/2024(H5N1)	1594	973
HA|PP755589.1|A/cattle/Texas/24-008749-003/2024(H5N1)	1595	726
HA|PP755589.1|A/cattle/Texas/24-008749-003/2024(H5N1)	1596	726
HA|PP755589.1|A/cattle/Texas/24-008749-003/2024(H5N1)	1597	724
HA|PP755589.1|A/cattle/Texas/24-008749-003/2024(H5N1)	1598	724
HA|PP755589.1|A/cattle/Texas/24-008749-003/2024(H5N1)	1599	722
HA|PP755589.1|A/cattle/Texas/24-008749-003/2024(H5N1)	1600	710
HA|PP755589.1|A/cattle/Texas/24-008749-003/2024(H5N1)	1601	710
HA|PP755589.1|A/cattle/Texas/24-008749-003/2024(H5N1)	1602	700
HA|PP755589.1|A/cattle/Texas/24-008749-003/2024(H5N1)	1603	666
HA|PP755589.1|A/cattle/Texas/24-008749-003/2024(H5N1)	1604	664
HA|PP755589.1|A/cattle/Texas/24-008749-003/2024(H5N1)	1605	654
HA|PP755589.1|A/cattle/Texas/24-008749-003/2024(H5N1)	1606	640
HA|PP755589.1|A/cattle/Texas/24-008749-003/2024(H5N1)	1607	638
HA|PP755589.1|A/cattle/Texas/24-008749-003/2024(H5N1)	1608	614
HA|PP755589.1|A/cattle/Texas/24-008749-003/2024(H5N1)	1609	606
HA|PP755589.1|A/cattle/Texas/24-008749-003/2024(H5N1)	1610	606
HA|PP755589.1|A/cattle/Texas/24-008749-003/2024(H5N1)	1611	476
HA|PP755589.1|A/cattle/Texas/24-008749-003/2024(H5N1)	1612	478
HA|PP755589.1|A/cattle/Texas/24-008749-003/2024(H5N1)	1613	401
HA|PP755589.1|A/cattle/Texas/24-008749-003/2024(H5N1)	1614	405
HA|PP755589.1|A/cattle/Texas/24-008749-003/2024(H5N1)	1615	405
HA|PP755589.1|A/cattle/Texas/24-008749-003/2024(H5N1)	1616	385
HA|PP755589.1|A/cattle/Texas/24-008749-003/2024(H5N1)	1617	369
HA|PP755589.1|A/cattle/Texas/24-008749-003/2024(H5N1)	1618	310
HA|PP755589.1|A/cattle/Texas/24-008749-003/2024(H5N1)	1619	308
HA|PP755589.1|A/cattle/Texas/24-008749-003/2024(H5N1)	1620	304
HA|PP755589.1|A/cattle/Texas/24-008749-003/2024(H5N1)	1621	304
HA|PP755589.1|A/cattle/Texas/24-008749-003/2024(H5N1)	1622	316
HA|PP755589.1|A/cattle/Texas/24-008749-003/2024(H5N1)	1623	316
HA|PP755589.1|A/cattle/Texas/24-008749-003/2024(H5N1)	1624	316
HA|PP755589.1|A/cattle/Texas/24-008749-003/2024(H5N1)	1625	316
HA|PP755589.1|A/cattle/Texas/24-008749-003/2024(H5N1)	1626	314
HA|PP755589.1|A/cattle/Texas/24-008749-003/2024(H5N1)	1627	316
HA|PP755589.1|A/cattle/Texas/24-008749-003/2024(H5N1)	1628	314
HA|PP755589.1|A/cattle/Texas/24-008749-003/2024(H5N1)	1629	314
HA|PP755589.1|A/cattle/Texas/24-008749-003/2024(H5N1)	1630	316
HA|PP755589.1|A/cattle/Texas/24-008749-003/2024(H5N1)	1631	310
HA|PP755589.1|A/cattle/Texas/24-008749-003/2024(H5N1)	1632	308
HA|PP755589.1|A/cattle/Texas/24-008749-003/2024(H5N1)	1633	308
HA|PP755589.1|A/cattle/Texas/24-008749-003/2024(H5N1)	1634	308
HA|PP755589.1|A/cattle/Texas/24-008749-003/2024(H5N1)	1635	308
HA|PP755589.1|A/cattle/Texas/24-008749-003/2024(H5N1)	1636	300
HA|PP755589.1|A/cattle/Texas/24-008749-003/2024(H5N1)	1637	300
HA|PP755589.1|A/cattle/Texas/24-008749-003/2024(H5N1)	1638	306
HA|PP755589.1|A/cattle/Texas/24-008749-003/2024(H5N1)	1639	306
HA|PP755589.1|A/cattle/Texas/24-008749-003/2024(H5N1)	1640	306
HA|PP755589.1|A/cattle/Texas/24-008749-003/2024(H5N1)	1641	304
HA|PP755589.1|A/cattle/Texas/24-008749-003/2024(H5N1)	1642	304
HA|PP755589.1|A/cattle/Texas/24-008749-003/2024(H5N1)	1643	306
HA|PP755589.1|A/cattle/Texas/24-008749-003/2024(H5N1)	1644	306
HA|PP755589.1|A/cattle/Texas/24-008749-003/2024(H5N1)	1645	306
HA|PP755589.1|A/cattle/Texas/24-008749-003/2024(H5N1)	1646	306
HA|PP755589.1|A/cattle/Texas/24-008749-003/2024(H5N1)	1647	302
HA|PP755589.1|A/cattle/Texas/24-008749-003/2024(H5N1)	1648	308
HA|PP755589.1|A/cattle/Texas/24-008749-003/2024(H5N1)	1649	310
HA|PP755589.1|A/cattle/Texas/24-008749-003/2024(H5N1)	1650	310
HA|PP755589.1|A/cattle/Texas/24-008749-003/2024(H5N1)	1651	310
HA|PP755589.1|A/cattle/Texas/24-008749-003/2024(H5N1)	1652	310
HA|PP755589.1|A/cattle/Texas/24-008749-003/2024(H5N1)	1653	310
HA|PP755589.1|A/cattle/Texas/24-008749-003/2024(H5N1)	1654	310
HA|PP755589.1|A/cattle/Texas/24-008749-003/2024(H5N1)	1655	310
HA|PP755589.1|A/cattle/Texas/24-008749-003/2024(H5N1)	1656	310
HA|PP755589.1|A/cattle/Texas/24-008749-003/2024(H5N1)	1657	306
HA|PP755589.1|A/cattle/Texas/24-008749-003/2024(H5N1)	1658	304
HA|PP755589.1|A/cattle/Texas/24-008749-003/2024(H5N1)	1659	304
HA|PP755589.1|A/cattle/Texas/24-008749-003/2024(H5N1)	1660	304
HA|PP755589.1|A/cattle/Texas/24-008749-003/2024(H5N1)	1661	304
HA|PP755589.1|A/cattle/Texas/24-008749-003/2024(H5N1)	1662	294
HA|PP755589.1|A/cattle/Texas/24-008749-003/2024(H5N1)	1663	288
HA|PP755589.1|A/cattle/Texas/24-008749-003/2024(H5N1)	1664	286
HA|PP755589.1|A/cattle/Texas/24-008749-003/2024(H5N1)	1665	286
HA|PP755589.1|A/cattle/Texas/24-008749-003/2024(H5N1)	1666	282
HA|PP755589.1|A/cattle/Texas/24-008749-003/2024(H5N1)	1667	282
HA|PP755589.1|A/cattle/Texas/24-008749-003/2024(H5N1)	1668	282
HA|PP755589.1|A/cattle/Texas/24-008749-003/2024(H5N1)	1669	280
HA|PP755589.1|A/cattle/Texas/24-008749-003/2024(H5N1)	1670	280
HA|PP755589.1|A/cattle/Texas/24-008749-003/2024(H5N1)	1671	274
HA|PP755589.1|A/cattle/Texas/24-008749-003/2024(H5N1)	1672	274
HA|PP755589.1|A/cattle/Texas/24-008749-003/2024(H5N1)	1673	274
HA|PP755589.1|A/cattle/Texas/24-008749-003/2024(H5N1)	1674	274
HA|PP755589.1|A/cattle/Texas/24-008749-003/2024(H5N1)	1675	274
HA|PP755589.1|A/cattle/Texas/24-008749-003/2024(H5N1)	1676	264
HA|PP755589.1|A/cattle/Texas/24-008749-003/2024(H5N1)	1677	258
HA|PP755589.1|A/cattle/Texas/24-008749-003/2024(H5N1)	1678	258
HA|PP755589.1|A/cattle/Texas/24-008749-003/2024(H5N1)	1679	248
HA|PP755589.1|A/cattle/Texas/24-008749-003/2024(H5N1)	1680	248
HA|PP755589.1|A/cattle/Texas/24-008749-003/2024(H5N1)	1681	244
HA|PP755589.1|A/cattle/Texas/24-008749-003/2024(H5N1)	1682	244
HA|PP755589.1|A/cattle/Texas/24-008749-003/2024(H5N1)	1683	244
HA|PP755589.1|A/cattle/Texas/24-008749-003/2024(H5N1)	1684	244
HA|PP755589.1|A/cattle/Texas/24-008749-003/2024(H5N1)	1685	236
HA|PP755589.1|A/cattle/Texas/24-008749-003/2024(H5N1)	1686	236
HA|PP755589.1|A/cattle/Texas/24-008749-003/2024(H5N1)	1687	232
HA|PP755589.1|A/cattle/Texas/24-008749-003/2024(H5N1)	1688	230
HA|PP755589.1|A/cattle/Texas/24-008749-003/2024(H5N1)	1689	230
HA|PP755589.1|A/cattle/Texas/24-008749-003/2024(H5N1)	1690	216
HA|PP755589.1|A/cattle/Texas/24-008749-003/2024(H5N1)	1691	212
HA|PP755589.1|A/cattle/Texas/24-008749-003/2024(H5N1)	1692	212
HA|PP755589.1|A/cattle/Texas/24-008749-003/2024(H5N1)	1693	212
HA|PP755589.1|A/cattle/Texas/24-008749-003/2024(H5N1)	1694	212
HA|PP755589.1|A/cattle/Texas/24-008749-003/2024(H5N1)	1695	210
HA|PP755589.1|A/cattle/Texas/24-008749-003/2024(H5N1)	1696	210
HA|PP755589.1|A/cattle/Texas/24-008749-003/2024(H5N1)	1697	210
HA|PP755589.1|A/cattle/Texas/24-008749-003/2024(H5N1)	1698	206
HA|PP755589.1|A/cattle/Texas/24-008749-003/2024(H5N1)	1699	206
HA|PP755589.1|A/cattle/Texas/24-008749-003/2024(H5N1)	1700	206
HA|PP755589.1|A/cattle/Texas/24-008749-003/2024(H5N1)	1701	204
HA|PP755589.1|A/cattle/Texas/24-008749-003/2024(H5N1)	1702	204
HA|PP755589.1|A/cattle/Texas/24-008749-003/2024(H5N1)	1703	204
HA|PP755589.1|A/cattle/Texas/24-008749-003/2024(H5N1)	1704	204
