PA|PP755594.1|A/cattle/Texas/24-008749-003/2024(H5N1)	1	486
PA|PP755594.1|A/cattle/Texas/24-008749-003/2024(H5N1)	2	486
PA|PP755594.1|A/cattle/Texas/24-008749-003/2024(H5N1)	3	491
PA|PP755594.1|A/cattle/Texas/24-008749-003/2024(H5N1)	4	491
PA|PP755594.1|A/cattle/Texas/24-008749-003/2024(H5N1)	5	491
PA|PP755594.1|A/cattle/Texas/24-008749-003/2024(H5N1)	6	491
PA|PP755594.1|A/cattle/Texas/24-008749-003/2024(H5N1)	7	492
PA|PP755594.1|A/cattle/Texas/24-008749-003/2024(H5N1)	8	498
PA|PP755594.1|A/cattle/Texas/24-008749-003/2024(H5N1)	9	501
PA|PP755594.1|A/cattle/Texas/24-008749-003/2024(H5N1)	10	501
PA|PP755594.1|A/cattle/Texas/24-008749-003/2024(H5N1)	11	513
PA|PP755594.1|A/cattle/Texas/24-008749-003/2024(H5N1)	12	515
PA|PP755594.1|A/cattle/Texas/24-008749-003/2024(H5N1)	13	528
PA|PP755594.1|A/cattle/Texas/24-008749-003/2024(H5N1)	14	528
PA|PP755594.1|A/cattle/Texas/24-008749-003/2024(H5N1)	15	528
PA|PP755594.1|A/cattle/Texas/24-008749-003/2024(H5N1)	16	541
PA|PP755594.1|A/cattle/Texas/24-008749-003/2024(H5N1)	17	541
PA|PP755594.1|A/cattle/Texas/24-008749-003/2024(H5N1)	18	552
PA|PP755594.1|A/cattle/Texas/24-008749-003/2024(H5N1)	19	556
PA|PP755594.1|A/cattle/Texas/24-008749-003/2024(H5N1)	20	556
PA|PP755594.1|A/cattle/Texas/24-008749-003/2024(H5N1)	21	560
PA|PP755594.1|A/cattle/Texas/24-008749-003/2024(H5N1)	22	561
PA|PP755594.1|A/cattle/Texas/24-008749-003/2024(H5N1)	23	575
PA|PP755594.1|A/cattle/Texas/24-008749-003/2024(H5N1)	24	593
PA|PP755594.1|A/cattle/Texas/24-008749-003/2024(H5N1)	25	593
PA|PP755594.1|A/cattle/Texas/24-008749-003/2024(H5N1)	26	593
PA|PP755594.1|A/cattle/Texas/24-008749-003/2024(H5N1)	27	591
PA|PP755594.1|A/cattle/Texas/24-008749-003/2024(H5N1)	28	595
PA|PP755594.1|A/cattle/Texas/24-008749-003/2024(H5N1)	29	628
PA|PP755594.1|A/cattle/Texas/24-008749-003/2024(H5N1)	30	628
PA|PP755594.1|A/cattle/Texas/24-008749-003/2024(H5N1)	31	630
PA|PP755594.1|A/cattle/Texas/24-008749-003/2024(H5N1)	32	629
PA|PP755594.1|A/cattle/Texas/24-008749-003/2024(H5N1)	33	628
PA|PP755594.1|A/cattle/Texas/24-008749-003/2024(H5N1)	34	631
PA|PP755594.1|A/cattle/Texas/24-008749-003/2024(H5N1)	35	632
PA|PP755594.1|A/cattle/Texas/24-008749-003/2024(H5N1)	36	633
PA|PP755594.1|A/cattle/Texas/24-008749-003/2024(H5N1)	37	640
PA|PP755594.1|A/cattle/Texas/24-008749-003/2024(H5N1)	38	638
PA|PP755594.1|A/cattle/Texas/24-008749-003/2024(H5N1)	39	648
PA|PP755594.1|A/cattle/Texas/24-008749-003/2024(H5N1)	40	648
PA|PP755594.1|A/cattle/Texas/24-008749-003/2024(H5N1)	41	648
PA|PP755594.1|A/cattle/Texas/24-008749-003/2024(H5N1)	42	648
PA|PP755594.1|A/cattle/Texas/24-008749-003/2024(H5N1)	43	648
PA|PP755594.1|A/cattle/Texas/24-008749-003/2024(H5N1)	44	654
PA|PP755594.1|A/cattle/Texas/24-008749-003/2024(H5N1)	45	654
PA|PP755594.1|A/cattle/Texas/24-008749-003/2024(H5N1)	46	654
PA|PP755594.1|A/cattle/Texas/24-008749-003/2024(H5N1)	47	652
PA|PP755594.1|A/cattle/Texas/24-008749-003/2024(H5N1)	48	652
PA|PP755594.1|A/cattle/Texas/24-008749-003/2024(H5N1)	49	655
PA|PP755594.1|A/cattle/Texas/24-008749-003/2024(H5N1)	50	659
PA|PP755594.1|A/cattle/Texas/24-008749-003/2024(H5N1)	51	666
PA|PP755594.1|A/cattle/Texas/24-008749-003/2024(H5N1)	52	669
PA|PP755594.1|A/cattle/Texas/24-008749-003/2024(H5N1)	53	670
PA|PP755594.1|A/cattle/Texas/24-008749-003/2024(H5N1)	54	670
PA|PP755594.1|A/cattle/Texas/24-008749-003/2024(H5N1)	55	670
PA|PP755594.1|A/cattle/Texas/24-008749-003/2024(H5N1)	56	671
PA|PP755594.1|A/cattle/Texas/24-008749-003/2024(H5N1)	57	680
PA|PP755594.1|A/cattle/Texas/24-008749-003/2024(H5N1)	58	680
PA|PP755594.1|A/cattle/Texas/24-008749-003/2024(H5N1)	59	685
PA|PP755594.1|A/cattle/Texas/24-008749-003/2024(H5N1)	60	685
PA|PP755594.1|A/cattle/Texas/24-008749-003/2024(H5N1)	61	691
PA|PP755594.1|A/cattle/Texas/24-008749-003/2024(H5N1)	62	696
PA|PP755594.1|A/cattle/Texas/24-008749-003/2024(H5N1)	63	698
PA|PP755594.1|A/cattle/Texas/24-008749-003/2024(H5N1)	64	707
PA|PP755594.1|A/cattle/Texas/24-008749-003/2024(H5N1)	65	707
PA|PP755594.1|A/cattle/Texas/24-008749-003/2024(H5N1)	66	703
PA|PP755594.1|A/cattle/Texas/24-008749-003/2024(H5N1)	67	711
PA|PP755594.1|A/cattle/Texas/24-008749-003/2024(H5N1)	68	716
PA|PP755594.1|A/cattle/Texas/24-008749-003/2024(H5N1)	69	728
PA|PP755594.1|A/cattle/Texas/24-008749-003/2024(H5N1)	70	727
PA|PP755594.1|A/cattle/Texas/24-008749-003/2024(H5N1)	71	729
PA|PP755594.1|A/cattle/Texas/24-008749-003/2024(H5N1)	72	728
PA|PP755594.1|A/cattle/Texas/24-008749-003/2024(H5N1)	73	729
PA|PP755594.1|A/cattle/Texas/24-008749-003/2024(H5N1)	74	730
PA|PP755594.1|A/cattle/Texas/24-008749-003/2024(H5N1)	75	731
PA|PP755594.1|A/cattle/Texas/24-008749-003/2024(H5N1)	76	731
PA|PP755594.1|A/cattle/Texas/24-008749-003/2024(H5N1)	77	732
PA|PP755594.1|A/cattle/Texas/24-008749-003/2024(H5N1)	78	730
PA|PP755594.1|A/cattle/Texas/24-008749-003/2024(H5N1)	79	728
PA|PP755594.1|A/cattle/Texas/24-008749-003/2024(H5N1)	80	730
PA|PP755594.1|A/cattle/Texas/24-008749-003/2024(H5N1)	81	730
PA|PP755594.1|A/cattle/Texas/24-008749-003/2024(H5N1)	82	732
PA|PP755594.1|A/cattle/Texas/24-008749-003/2024(H5N1)	83	731
PA|PP755594.1|A/cattle/Texas/24-008749-003/2024(H5N1)	84	731
PA|PP755594.1|A/cattle/Texas/24-008749-003/2024(H5N1)	85	731
PA|PP755594.1|A/cattle/Texas/24-008749-003/2024(H5N1)	86	731
PA|PP755594.1|A/cattle/Texas/24-008749-003/2024(H5N1)	87	731
PA|PP755594.1|A/cattle/Texas/24-008749-003/2024(H5N1)	88	731
PA|PP755594.1|A/cattle/Texas/24-008749-003/2024(H5N1)	89	731
PA|PP755594.1|A/cattle/Texas/24-008749-003/2024(H5N1)	90	532
PA|PP755594.1|A/cattle/Texas/24-008749-003/2024(H5N1)	91	532
PA|PP755594.1|A/cattle/Texas/24-008749-003/2024(H5N1)	92	532
PA|PP755594.1|A/cattle/Texas/24-008749-003/2024(H5N1)	93	532
PA|PP755594.1|A/cattle/Texas/24-008749-003/2024(H5N1)	94	532
PA|PP755594.1|A/cattle/Texas/24-008749-003/2024(H5N1)	95	532
PA|PP755594.1|A/cattle/Texas/24-008749-003/2024(H5N1)	96	532
PA|PP755594.1|A/cattle/Texas/24-008749-003/2024(H5N1)	97	541
PA|PP755594.1|A/cattle/Texas/24-008749-003/2024(H5N1)	98	542
PA|PP755594.1|A/cattle/Texas/24-008749-003/2024(H5N1)	99	542
PA|PP755594.1|A/cattle/Texas/24-008749-003/2024(H5N1)	100	542
PA|PP755594.1|A/cattle/Texas/24-008749-003/2024(H5N1)	101	542
PA|PP755594.1|A/cattle/Texas/24-008749-003/2024(H5N1)	102	542
PA|PP755594.1|A/cattle/Texas/24-008749-003/2024(H5N1)	103	548
PA|PP755594.1|A/cattle/Texas/24-008749-003/2024(H5N1)	104	548
PA|PP755594.1|A/cattle/Texas/24-008749-003/2024(H5N1)	105	548
PA|PP755594.1|A/cattle/Texas/24-008749-003/2024(H5N1)	106	548
PA|PP755594.1|A/cattle/Texas/24-008749-003/2024(H5N1)	107	567
PA|PP755594.1|A/cattle/Texas/24-008749-003/2024(H5N1)	108	567
PA|PP755594.1|A/cattle/Texas/24-008749-003/2024(H5N1)	109	650
PA|PP755594.1|A/cattle/Texas/24-008749-003/2024(H5N1)	110	657
PA|PP755594.1|A/cattle/Texas/24-008749-003/2024(H5N1)	111	675
PA|PP755594.1|A/cattle/Texas/24-008749-003/2024(H5N1)	112	680
PA|PP755594.1|A/cattle/Texas/24-008749-003/2024(H5N1)	113	681
PA|PP755594.1|A/cattle/Texas/24-008749-003/2024(H5N1)	114	689
PA|PP755594.1|A/cattle/Texas/24-008749-003/2024(H5N1)	115	700
PA|PP755594.1|A/cattle/Texas/24-008749-003/2024(H5N1)	116	691
PA|PP755594.1|A/cattle/Texas/24-008749-003/2024(H5N1)	117	691
PA|PP755594.1|A/cattle/Texas/24-008749-003/2024(H5N1)	118	685
PA|PP755594.1|A/cattle/Texas/24-008749-003/2024(H5N1)	119	685
PA|PP755594.1|A/cattle/Texas/24-008749-003/2024(H5N1)	120	685
PA|PP755594.1|A/cattle/Texas/24-008749-003/2024(H5N1)	121	725
PA|PP755594.1|A/cattle/Texas/24-008749-003/2024(H5N1)	122	723
PA|PP755594.1|A/cattle/Texas/24-008749-003/2024(H5N1)	123	716
PA|PP755594.1|A/cattle/Texas/24-008749-003/2024(H5N1)	124	719
PA|PP755594.1|A/cattle/Texas/24-008749-003/2024(H5N1)	125	723
PA|PP755594.1|A/cattle/Texas/24-008749-003/2024(H5N1)	126	719
PA|PP755594.1|A/cattle/Texas/24-008749-003/2024(H5N1)	127	772
PA|PP755594.1|A/cattle/Texas/24-008749-003/2024(H5N1)	128	785
PA|PP755594.1|A/cattle/Texas/24-008749-003/2024(H5N1)	129	795
PA|PP755594.1|A/cattle/Texas/24-008749-003/2024(H5N1)	130	795
PA|PP755594.1|A/cattle/Texas/24-008749-003/2024(H5N1)	131	787
PA|PP755594.1|A/cattle/Texas/24-008749-003/2024(H5N1)	132	632
PA|PP755594.1|A/cattle/Texas/24-008749-003/2024(H5N1)	133	630
PA|PP755594.1|A/cattle/Texas/24-008749-003/2024(H5N1)	134	643
PA|PP755594.1|A/cattle/Texas/24-008749-003/2024(H5N1)	135	645
PA|PP755594.1|A/cattle/Texas/24-008749-003/2024(H5N1)	136	645
PA|PP755594.1|A/cattle/Texas/24-008749-003/2024(H5N1)	137	646
PA|PP755594.1|A/cattle/Texas/24-008749-003/2024(H5N1)	138	629
PA|PP755594.1|A/cattle/Texas/24-008749-003/2024(H5N1)	139	631
PA|PP755594.1|A/cattle/Texas/24-008749-003/2024(H5N1)	140	631
PA|PP755594.1|A/cattle/Texas/24-008749-003/2024(H5N1)	141	633
PA|PP755594.1|A/cattle/Texas/24-008749-003/2024(H5N1)	142	635
PA|PP755594.1|A/cattle/Texas/24-008749-003/2024(H5N1)	143	631
PA|PP755594.1|A/cattle/Texas/24-008749-003/2024(H5N1)	144	628
PA|PP755594.1|A/cattle/Texas/24-008749-003/2024(H5N1)	145	627
PA|PP755594.1|A/cattle/Texas/24-008749-003/2024(H5N1)	146	625
PA|PP755594.1|A/cattle/Texas/24-008749-003/2024(H5N1)	147	625
PA|PP755594.1|A/cattle/Texas/24-008749-003/2024(H5N1)	148	639
PA|PP755594.1|A/cattle/Texas/24-008749-003/2024(H5N1)	149	639
PA|PP755594.1|A/cattle/Texas/24-008749-003/2024(H5N1)	150	635
PA|PP755594.1|A/cattle/Texas/24-008749-003/2024(H5N1)	151	635
PA|PP755594.1|A/cattle/Texas/24-008749-003/2024(H5N1)	152	610
PA|PP755594.1|A/cattle/Texas/24-008749-003/2024(H5N1)	153	605
PA|PP755594.1|A/cattle/Texas/24-008749-003/2024(H5N1)	154	605
PA|PP755594.1|A/cattle/Texas/24-008749-003/2024(H5N1)	155	601
PA|PP755594.1|A/cattle/Texas/24-008749-003/2024(H5N1)	156	601
PA|PP755594.1|A/cattle/Texas/24-008749-003/2024(H5N1)	157	601
PA|PP755594.1|A/cattle/Texas/24-008749-003/2024(H5N1)	158	600
PA|PP755594.1|A/cattle/Texas/24-008749-003/2024(H5N1)	159	299
PA|PP755594.1|A/cattle/Texas/24-008749-003/2024(H5N1)	160	299
PA|PP755594.1|A/cattle/Texas/24-008749-003/2024(H5N1)	161	299
PA|PP755594.1|A/cattle/Texas/24-008749-003/2024(H5N1)	162	289
PA|PP755594.1|A/cattle/Texas/24-008749-003/2024(H5N1)	163	289
PA|PP755594.1|A/cattle/Texas/24-008749-003/2024(H5N1)	164	289
PA|PP755594.1|A/cattle/Texas/24-008749-003/2024(H5N1)	165	289
PA|PP755594.1|A/cattle/Texas/24-008749-003/2024(H5N1)	166	290
PA|PP755594.1|A/cattle/Texas/24-008749-003/2024(H5N1)	167	290
PA|PP755594.1|A/cattle/Texas/24-008749-003/2024(H5N1)	168	290
PA|PP755594.1|A/cattle/Texas/24-008749-003/2024(H5N1)	169	290
PA|PP755594.1|A/cattle/Texas/24-008749-003/2024(H5N1)	170	291
PA|PP755594.1|A/cattle/Texas/24-008749-003/2024(H5N1)	171	297
PA|PP755594.1|A/cattle/Texas/24-008749-003/2024(H5N1)	172	343
PA|PP755594.1|A/cattle/Texas/24-008749-003/2024(H5N1)	173	343
PA|PP755594.1|A/cattle/Texas/24-008749-003/2024(H5N1)	174	346
PA|PP755594.1|A/cattle/Texas/24-008749-003/2024(H5N1)	175	346
PA|PP755594.1|A/cattle/Texas/24-008749-003/2024(H5N1)	176	348
PA|PP755594.1|A/cattle/Texas/24-008749-003/2024(H5N1)	177	350
PA|PP755594.1|A/cattle/Texas/24-008749-003/2024(H5N1)	178	350
PA|PP755594.1|A/cattle/Texas/24-008749-003/2024(H5N1)	179	350
PA|PP755594.1|A/cattle/Texas/24-008749-003/2024(H5N1)	180	363
PA|PP755594.1|A/cattle/Texas/24-008749-003/2024(H5N1)	181	363
PA|PP755594.1|A/cattle/Texas/24-008749-003/2024(H5N1)	182	363
PA|PP755594.1|A/cattle/Texas/24-008749-003/2024(H5N1)	183	380
PA|PP755594.1|A/cattle/Texas/24-008749-003/2024(H5N1)	184	383
PA|PP755594.1|A/cattle/Texas/24-008749-003/2024(H5N1)	185	394
PA|PP755594.1|A/cattle/Texas/24-008749-003/2024(H5N1)	186	393
PA|PP755594.1|A/cattle/Texas/24-008749-003/2024(H5N1)	187	391
PA|PP755594.1|A/cattle/Texas/24-008749-003/2024(H5N1)	188	386
PA|PP755594.1|A/cattle/Texas/24-008749-003/2024(H5N1)	189	386
PA|PP755594.1|A/cattle/Texas/24-008749-003/2024(H5N1)	190	384
PA|PP755594.1|A/cattle/Texas/24-008749-003/2024(H5N1)	191	385
PA|PP755594.1|A/cattle/Texas/24-008749-003/2024(H5N1)	192	385
PA|PP755594.1|A/cattle/Texas/24-008749-003/2024(H5N1)	193	385
PA|PP755594.1|A/cattle/Texas/24-008749-003/2024(H5N1)	194	382
PA|PP755594.1|A/cattle/Texas/24-008749-003/2024(H5N1)	195	382
PA|PP755594.1|A/cattle/Texas/24-008749-003/2024(H5N1)	196	382
PA|PP755594.1|A/cattle/Texas/24-008749-003/2024(H5N1)	197	383
PA|PP755594.1|A/cattle/Texas/24-008749-003/2024(H5N1)	198	384
PA|PP755594.1|A/cattle/Texas/24-008749-003/2024(H5N1)	199	384
PA|PP755594.1|A/cattle/Texas/24-008749-003/2024(H5N1)	200	383
PA|PP755594.1|A/cattle/Texas/24-008749-003/2024(H5N1)	201	381
PA|PP755594.1|A/cattle/Texas/24-008749-003/2024(H5N1)	202	376
PA|PP755594.1|A/cattle/Texas/24-008749-003/2024(H5N1)	203	376
PA|PP755594.1|A/cattle/Texas/24-008749-003/2024(H5N1)	204	375
PA|PP755594.1|A/cattle/Texas/24-008749-003/2024(H5N1)	205	375
PA|PP755594.1|A/cattle/Texas/24-008749-003/2024(H5N1)	206	375
PA|PP755594.1|A/cattle/Texas/24-008749-003/2024(H5N1)	207	375
PA|PP755594.1|A/cattle/Texas/24-008749-003/2024(H5N1)	208	371
PA|PP755594.1|A/cattle/Texas/24-008749-003/2024(H5N1)	209	370
PA|PP755594.1|A/cattle/Texas/24-008749-003/2024(H5N1)	210	369
PA|PP755594.1|A/cattle/Texas/24-008749-003/2024(H5N1)	211	290
PA|PP755594.1|A/cattle/Texas/24-008749-003/2024(H5N1)	212	289
PA|PP755594.1|A/cattle/Texas/24-008749-003/2024(H5N1)	213	289
PA|PP755594.1|A/cattle/Texas/24-008749-003/2024(H5N1)	214	286
PA|PP755594.1|A/cattle/Texas/24-008749-003/2024(H5N1)	215	286
PA|PP755594.1|A/cattle/Texas/24-008749-003/2024(H5N1)	216	286
PA|PP755594.1|A/cattle/Texas/24-008749-003/2024(H5N1)	217	285
PA|PP755594.1|A/cattle/Texas/24-008749-003/2024(H5N1)	218	279
PA|PP755594.1|A/cattle/Texas/24-008749-003/2024(H5N1)	219	277
PA|PP755594.1|A/cattle/Texas/24-008749-003/2024(H5N1)	220	277
PA|PP755594.1|A/cattle/Texas/24-008749-003/2024(H5N1)	221	277
PA|PP755594.1|A/cattle/Texas/24-008749-003/2024(H5N1)	222	277
PA|PP755594.1|A/cattle/Texas/24-008749-003/2024(H5N1)	223	325
PA|PP755594.1|A/cattle/Texas/24-008749-003/2024(H5N1)	224	325
PA|PP755594.1|A/cattle/Texas/24-008749-003/2024(H5N1)	225	326
PA|PP755594.1|A/cattle/Texas/24-008749-003/2024(H5N1)	226	326
PA|PP755594.1|A/cattle/Texas/24-008749-003/2024(H5N1)	227	327
PA|PP755594.1|A/cattle/Texas/24-008749-003/2024(H5N1)	228	327
PA|PP755594.1|A/cattle/Texas/24-008749-003/2024(H5N1)	229	327
PA|PP755594.1|A/cattle/Texas/24-008749-003/2024(H5N1)	230	327
PA|PP755594.1|A/cattle/Texas/24-008749-003/2024(H5N1)	231	326
PA|PP755594.1|A/cattle/Texas/24-008749-003/2024(H5N1)	232	326
PA|PP755594.1|A/cattle/Texas/24-008749-003/2024(H5N1)	233	324
PA|PP755594.1|A/cattle/Texas/24-008749-003/2024(H5N1)	234	323
PA|PP755594.1|A/cattle/Texas/24-008749-003/2024(H5N1)	235	323
PA|PP755594.1|A/cattle/Texas/24-008749-003/2024(H5N1)	236	323
PA|PP755594.1|A/cattle/Texas/24-008749-003/2024(H5N1)	237	323
PA|PP755594.1|A/cattle/Texas/24-008749-003/2024(H5N1)	238	321
PA|PP755594.1|A/cattle/Texas/24-008749-003/2024(H5N1)	239	320
PA|PP755594.1|A/cattle/Texas/24-008749-003/2024(H5N1)	240	320
PA|PP755594.1|A/cattle/Texas/24-008749-003/2024(H5N1)	241	320
PA|PP755594.1|A/cattle/Texas/24-008749-003/2024(H5N1)	242	320
PA|PP755594.1|A/cattle/Texas/24-008749-003/2024(H5N1)	243	316
PA|PP755594.1|A/cattle/Texas/24-008749-003/2024(H5N1)	244	315
PA|PP755594.1|A/cattle/Texas/24-008749-003/2024(H5N1)	245	312
PA|PP755594.1|A/cattle/Texas/24-008749-003/2024(H5N1)	246	312
PA|PP755594.1|A/cattle/Texas/24-008749-003/2024(H5N1)	247	311
PA|PP755594.1|A/cattle/Texas/24-008749-003/2024(H5N1)	248	304
PA|PP755594.1|A/cattle/Texas/24-008749-003/2024(H5N1)	249	271
PA|PP755594.1|A/cattle/Texas/24-008749-003/2024(H5N1)	250	268
PA|PP755594.1|A/cattle/Texas/24-008749-003/2024(H5N1)	251	268
PA|PP755594.1|A/cattle/Texas/24-008749-003/2024(H5N1)	252	268
PA|PP755594.1|A/cattle/Texas/24-008749-003/2024(H5N1)	253	268
PA|PP755594.1|A/cattle/Texas/24-008749-003/2024(H5N1)	254	269
PA|PP755594.1|A/cattle/Texas/24-008749-003/2024(H5N1)	255	269
PA|PP755594.1|A/cattle/Texas/24-008749-003/2024(H5N1)	256	269
PA|PP755594.1|A/cattle/Texas/24-008749-003/2024(H5N1)	257	269
PA|PP755594.1|A/cattle/Texas/24-008749-003/2024(H5N1)	258	269
PA|PP755594.1|A/cattle/Texas/24-008749-003/2024(H5N1)	259	269
PA|PP755594.1|A/cattle/Texas/24-008749-003/2024(H5N1)	260	255
PA|PP755594.1|A/cattle/Texas/24-008749-003/2024(H5N1)	261	251
PA|PP755594.1|A/cattle/Texas/24-008749-003/2024(H5N1)	262	247
PA|PP755594.1|A/cattle/Texas/24-008749-003/2024(H5N1)	263	247
PA|PP755594.1|A/cattle/Texas/24-008749-003/2024(H5N1)	264	247
PA|PP755594.1|A/cattle/Texas/24-008749-003/2024(H5N1)	265	244
PA|PP755594.1|A/cattle/Texas/24-008749-003/2024(H5N1)	266	244
PA|PP755594.1|A/cattle/Texas/24-008749-003/2024(H5N1)	267	241
PA|PP755594.1|A/cattle/Texas/24-008749-003/2024(H5N1)	268	241
PA|PP755594.1|A/cattle/Texas/24-008749-003/2024(H5N1)	269	238
PA|PP755594.1|A/cattle/Texas/24-008749-003/2024(H5N1)	270	237
PA|PP755594.1|A/cattle/Texas/24-008749-003/2024(H5N1)	271	237
PA|PP755594.1|A/cattle/Texas/24-008749-003/2024(H5N1)	272	217
PA|PP755594.1|A/cattle/Texas/24-008749-003/2024(H5N1)	273	216
PA|PP755594.1|A/cattle/Texas/24-008749-003/2024(H5N1)	274	215
PA|PP755594.1|A/cattle/Texas/24-008749-003/2024(H5N1)	275	215
PA|PP755594.1|A/cattle/Texas/24-008749-003/2024(H5N1)	276	215
PA|PP755594.1|A/cattle/Texas/24-008749-003/2024(H5N1)	277	212
PA|PP755594.1|A/cattle/Texas/24-008749-003/2024(H5N1)	278	212
PA|PP755594.1|A/cattle/Texas/24-008749-003/2024(H5N1)	279	202
PA|PP755594.1|A/cattle/Texas/24-008749-003/2024(H5N1)	280	202
PA|PP755594.1|A/cattle/Texas/24-008749-003/2024(H5N1)	281	202
PA|PP755594.1|A/cattle/Texas/24-008749-003/2024(H5N1)	282	192
PA|PP755594.1|A/cattle/Texas/24-008749-003/2024(H5N1)	283	191
PA|PP755594.1|A/cattle/Texas/24-008749-003/2024(H5N1)	284	190
PA|PP755594.1|A/cattle/Texas/24-008749-003/2024(H5N1)	285	190
PA|PP755594.1|A/cattle/Texas/24-008749-003/2024(H5N1)	286	190
PA|PP755594.1|A/cattle/Texas/24-008749-003/2024(H5N1)	287	8
PA|PP755594.1|A/cattle/Texas/24-008749-003/2024(H5N1)	288	6
PA|PP755594.1|A/cattle/Texas/24-008749-003/2024(H5N1)	289	4
PA|PP755594.1|A/cattle/Texas/24-008749-003/2024(H5N1)	290	4
PA|PP755594.1|A/cattle/Texas/24-008749-003/2024(H5N1)	291	3
PA|PP755594.1|A/cattle/Texas/24-008749-003/2024(H5N1)	292	3
PA|PP755594.1|A/cattle/Texas/24-008749-003/2024(H5N1)	293	3
PA|PP755594.1|A/cattle/Texas/24-008749-003/2024(H5N1)	294	3
PA|PP755594.1|A/cattle/Texas/24-008749-003/2024(H5N1)	295	3
PA|PP755594.1|A/cattle/Texas/24-008749-003/2024(H5N1)	296	3
PA|PP755594.1|A/cattle/Texas/24-008749-003/2024(H5N1)	297	3
PA|PP755594.1|A/cattle/Texas/24-008749-003/2024(H5N1)	298	3
PA|PP755594.1|A/cattle/Texas/24-008749-003/2024(H5N1)	299	3
PA|PP755594.1|A/cattle/Texas/24-008749-003/2024(H5N1)	300	3
PA|PP755594.1|A/cattle/Texas/24-008749-003/2024(H5N1)	301	3
PA|PP755594.1|A/cattle/Texas/24-008749-003/2024(H5N1)	302	3
PA|PP755594.1|A/cattle/Texas/24-008749-003/2024(H5N1)	303	3
PA|PP755594.1|A/cattle/Texas/24-008749-003/2024(H5N1)	304	3
PA|PP755594.1|A/cattle/Texas/24-008749-003/2024(H5N1)	305	3
PA|PP755594.1|A/cattle/Texas/24-008749-003/2024(H5N1)	306	3
PA|PP755594.1|A/cattle/Texas/24-008749-003/2024(H5N1)	307	3
PA|PP755594.1|A/cattle/Texas/24-008749-003/2024(H5N1)	308	3
PA|PP755594.1|A/cattle/Texas/24-008749-003/2024(H5N1)	309	3
PA|PP755594.1|A/cattle/Texas/24-008749-003/2024(H5N1)	310	3
PA|PP755594.1|A/cattle/Texas/24-008749-003/2024(H5N1)	311	3
PA|PP755594.1|A/cattle/Texas/24-008749-003/2024(H5N1)	312	3
PA|PP755594.1|A/cattle/Texas/24-008749-003/2024(H5N1)	313	3
PA|PP755594.1|A/cattle/Texas/24-008749-003/2024(H5N1)	314	3
PA|PP755594.1|A/cattle/Texas/24-008749-003/2024(H5N1)	315	3
PA|PP755594.1|A/cattle/Texas/24-008749-003/2024(H5N1)	316	3
PA|PP755594.1|A/cattle/Texas/24-008749-003/2024(H5N1)	317	3
PA|PP755594.1|A/cattle/Texas/24-008749-003/2024(H5N1)	318	3
PA|PP755594.1|A/cattle/Texas/24-008749-003/2024(H5N1)	319	3
PA|PP755594.1|A/cattle/Texas/24-008749-003/2024(H5N1)	320	3
PA|PP755594.1|A/cattle/Texas/24-008749-003/2024(H5N1)	321	3
PA|PP755594.1|A/cattle/Texas/24-008749-003/2024(H5N1)	322	3
PA|PP755594.1|A/cattle/Texas/24-008749-003/2024(H5N1)	323	3
PA|PP755594.1|A/cattle/Texas/24-008749-003/2024(H5N1)	324	3
PA|PP755594.1|A/cattle/Texas/24-008749-003/2024(H5N1)	325	3
PA|PP755594.1|A/cattle/Texas/24-008749-003/2024(H5N1)	326	3
PA|PP755594.1|A/cattle/Texas/24-008749-003/2024(H5N1)	327	3
PA|PP755594.1|A/cattle/Texas/24-008749-003/2024(H5N1)	328	3
PA|PP755594.1|A/cattle/Texas/24-008749-003/2024(H5N1)	329	3
PA|PP755594.1|A/cattle/Texas/24-008749-003/2024(H5N1)	330	3
PA|PP755594.1|A/cattle/Texas/24-008749-003/2024(H5N1)	331	3
PA|PP755594.1|A/cattle/Texas/24-008749-003/2024(H5N1)	332	3
PA|PP755594.1|A/cattle/Texas/24-008749-003/2024(H5N1)	333	0
PA|PP755594.1|A/cattle/Texas/24-008749-003/2024(H5N1)	334	0
PA|PP755594.1|A/cattle/Texas/24-008749-003/2024(H5N1)	335	0
PA|PP755594.1|A/cattle/Texas/24-008749-003/2024(H5N1)	336	0
PA|PP755594.1|A/cattle/Texas/24-008749-003/2024(H5N1)	337	0
PA|PP755594.1|A/cattle/Texas/24-008749-003/2024(H5N1)	338	0
PA|PP755594.1|A/cattle/Texas/24-008749-003/2024(H5N1)	339	0
PA|PP755594.1|A/cattle/Texas/24-008749-003/2024(H5N1)	340	0
PA|PP755594.1|A/cattle/Texas/24-008749-003/2024(H5N1)	341	0
PA|PP755594.1|A/cattle/Texas/24-008749-003/2024(H5N1)	342	0
PA|PP755594.1|A/cattle/Texas/24-008749-003/2024(H5N1)	343	0
PA|PP755594.1|A/cattle/Texas/24-008749-003/2024(H5N1)	344	0
PA|PP755594.1|A/cattle/Texas/24-008749-003/2024(H5N1)	345	0
PA|PP755594.1|A/cattle/Texas/24-008749-003/2024(H5N1)	346	0
PA|PP755594.1|A/cattle/Texas/24-008749-003/2024(H5N1)	347	0
PA|PP755594.1|A/cattle/Texas/24-008749-003/2024(H5N1)	348	0
PA|PP755594.1|A/cattle/Texas/24-008749-003/2024(H5N1)	349	0
PA|PP755594.1|A/cattle/Texas/24-008749-003/2024(H5N1)	350	0
PA|PP755594.1|A/cattle/Texas/24-008749-003/2024(H5N1)	351	0
PA|PP755594.1|A/cattle/Texas/24-008749-003/2024(H5N1)	352	0
PA|PP755594.1|A/cattle/Texas/24-008749-003/2024(H5N1)	353	0
PA|PP755594.1|A/cattle/Texas/24-008749-003/2024(H5N1)	354	0
PA|PP755594.1|A/cattle/Texas/24-008749-003/2024(H5N1)	355	0
PA|PP755594.1|A/cattle/Texas/24-008749-003/2024(H5N1)	356	0
PA|PP755594.1|A/cattle/Texas/24-008749-003/2024(H5N1)	357	0
PA|PP755594.1|A/cattle/Texas/24-008749-003/2024(H5N1)	358	0
PA|PP755594.1|A/cattle/Texas/24-008749-003/2024(H5N1)	359	0
PA|PP755594.1|A/cattle/Texas/24-008749-003/2024(H5N1)	360	0
PA|PP755594.1|A/cattle/Texas/24-008749-003/2024(H5N1)	361	0
PA|PP755594.1|A/cattle/Texas/24-008749-003/2024(H5N1)	362	0
PA|PP755594.1|A/cattle/Texas/24-008749-003/2024(H5N1)	363	0
PA|PP755594.1|A/cattle/Texas/24-008749-003/2024(H5N1)	364	0
PA|PP755594.1|A/cattle/Texas/24-008749-003/2024(H5N1)	365	0
PA|PP755594.1|A/cattle/Texas/24-008749-003/2024(H5N1)	366	0
PA|PP755594.1|A/cattle/Texas/24-008749-003/2024(H5N1)	367	0
PA|PP755594.1|A/cattle/Texas/24-008749-003/2024(H5N1)	368	0
PA|PP755594.1|A/cattle/Texas/24-008749-003/2024(H5N1)	369	0
PA|PP755594.1|A/cattle/Texas/24-008749-003/2024(H5N1)	370	0
PA|PP755594.1|A/cattle/Texas/24-008749-003/2024(H5N1)	371	0
PA|PP755594.1|A/cattle/Texas/24-008749-003/2024(H5N1)	372	0
PA|PP755594.1|A/cattle/Texas/24-008749-003/2024(H5N1)	373	0
PA|PP755594.1|A/cattle/Texas/24-008749-003/2024(H5N1)	374	0
PA|PP755594.1|A/cattle/Texas/24-008749-003/2024(H5N1)	375	0
PA|PP755594.1|A/cattle/Texas/24-008749-003/2024(H5N1)	376	0
PA|PP755594.1|A/cattle/Texas/24-008749-003/2024(H5N1)	377	0
PA|PP755594.1|A/cattle/Texas/24-008749-003/2024(H5N1)	378	0
PA|PP755594.1|A/cattle/Texas/24-008749-003/2024(H5N1)	379	0
PA|PP755594.1|A/cattle/Texas/24-008749-003/2024(H5N1)	380	0
PA|PP755594.1|A/cattle/Texas/24-008749-003/2024(H5N1)	381	0
PA|PP755594.1|A/cattle/Texas/24-008749-003/2024(H5N1)	382	0
PA|PP755594.1|A/cattle/Texas/24-008749-003/2024(H5N1)	383	0
PA|PP755594.1|A/cattle/Texas/24-008749-003/2024(H5N1)	384	0
PA|PP755594.1|A/cattle/Texas/24-008749-003/2024(H5N1)	385	0
PA|PP755594.1|A/cattle/Texas/24-008749-003/2024(H5N1)	386	0
PA|PP755594.1|A/cattle/Texas/24-008749-003/2024(H5N1)	387	0
PA|PP755594.1|A/cattle/Texas/24-008749-003/2024(H5N1)	388	0
PA|PP755594.1|A/cattle/Texas/24-008749-003/2024(H5N1)	389	0
PA|PP755594.1|A/cattle/Texas/24-008749-003/2024(H5N1)	390	0
PA|PP755594.1|A/cattle/Texas/24-008749-003/2024(H5N1)	391	0
PA|PP755594.1|A/cattle/Texas/24-008749-003/2024(H5N1)	392	0
PA|PP755594.1|A/cattle/Texas/24-008749-003/2024(H5N1)	393	0
PA|PP755594.1|A/cattle/Texas/24-008749-003/2024(H5N1)	394	0
PA|PP755594.1|A/cattle/Texas/24-008749-003/2024(H5N1)	395	0
PA|PP755594.1|A/cattle/Texas/24-008749-003/2024(H5N1)	396	0
PA|PP755594.1|A/cattle/Texas/24-008749-003/2024(H5N1)	397	0
PA|PP755594.1|A/cattle/Texas/24-008749-003/2024(H5N1)	398	0
PA|PP755594.1|A/cattle/Texas/24-008749-003/2024(H5N1)	399	0
PA|PP755594.1|A/cattle/Texas/24-008749-003/2024(H5N1)	400	0
PA|PP755594.1|A/cattle/Texas/24-008749-003/2024(H5N1)	401	0
PA|PP755594.1|A/cattle/Texas/24-008749-003/2024(H5N1)	402	0
PA|PP755594.1|A/cattle/Texas/24-008749-003/2024(H5N1)	403	0
PA|PP755594.1|A/cattle/Texas/24-008749-003/2024(H5N1)	404	0
PA|PP755594.1|A/cattle/Texas/24-008749-003/2024(H5N1)	405	0
PA|PP755594.1|A/cattle/Texas/24-008749-003/2024(H5N1)	406	0
PA|PP755594.1|A/cattle/Texas/24-008749-003/2024(H5N1)	407	0
PA|PP755594.1|A/cattle/Texas/24-008749-003/2024(H5N1)	408	0
PA|PP755594.1|A/cattle/Texas/24-008749-003/2024(H5N1)	409	0
PA|PP755594.1|A/cattle/Texas/24-008749-003/2024(H5N1)	410	0
PA|PP755594.1|A/cattle/Texas/24-008749-003/2024(H5N1)	411	0
PA|PP755594.1|A/cattle/Texas/24-008749-003/2024(H5N1)	412	0
PA|PP755594.1|A/cattle/Texas/24-008749-003/2024(H5N1)	413	0
PA|PP755594.1|A/cattle/Texas/24-008749-003/2024(H5N1)	414	0
PA|PP755594.1|A/cattle/Texas/24-008749-003/2024(H5N1)	415	0
PA|PP755594.1|A/cattle/Texas/24-008749-003/2024(H5N1)	416	0
PA|PP755594.1|A/cattle/Texas/24-008749-003/2024(H5N1)	417	0
PA|PP755594.1|A/cattle/Texas/24-008749-003/2024(H5N1)	418	0
PA|PP755594.1|A/cattle/Texas/24-008749-003/2024(H5N1)	419	0
PA|PP755594.1|A/cattle/Texas/24-008749-003/2024(H5N1)	420	0
PA|PP755594.1|A/cattle/Texas/24-008749-003/2024(H5N1)	421	0
PA|PP755594.1|A/cattle/Texas/24-008749-003/2024(H5N1)	422	0
PA|PP755594.1|A/cattle/Texas/24-008749-003/2024(H5N1)	423	0
PA|PP755594.1|A/cattle/Texas/24-008749-003/2024(H5N1)	424	0
PA|PP755594.1|A/cattle/Texas/24-008749-003/2024(H5N1)	425	0
PA|PP755594.1|A/cattle/Texas/24-008749-003/2024(H5N1)	426	0
PA|PP755594.1|A/cattle/Texas/24-008749-003/2024(H5N1)	427	0
PA|PP755594.1|A/cattle/Texas/24-008749-003/2024(H5N1)	428	0
PA|PP755594.1|A/cattle/Texas/24-008749-003/2024(H5N1)	429	0
PA|PP755594.1|A/cattle/Texas/24-008749-003/2024(H5N1)	430	0
PA|PP755594.1|A/cattle/Texas/24-008749-003/2024(H5N1)	431	0
PA|PP755594.1|A/cattle/Texas/24-008749-003/2024(H5N1)	432	0
PA|PP755594.1|A/cattle/Texas/24-008749-003/2024(H5N1)	433	0
PA|PP755594.1|A/cattle/Texas/24-008749-003/2024(H5N1)	434	0
PA|PP755594.1|A/cattle/Texas/24-008749-003/2024(H5N1)	435	0
PA|PP755594.1|A/cattle/Texas/24-008749-003/2024(H5N1)	436	0
PA|PP755594.1|A/cattle/Texas/24-008749-003/2024(H5N1)	437	0
PA|PP755594.1|A/cattle/Texas/24-008749-003/2024(H5N1)	438	0
PA|PP755594.1|A/cattle/Texas/24-008749-003/2024(H5N1)	439	0
PA|PP755594.1|A/cattle/Texas/24-008749-003/2024(H5N1)	440	0
PA|PP755594.1|A/cattle/Texas/24-008749-003/2024(H5N1)	441	0
PA|PP755594.1|A/cattle/Texas/24-008749-003/2024(H5N1)	442	0
PA|PP755594.1|A/cattle/Texas/24-008749-003/2024(H5N1)	443	0
PA|PP755594.1|A/cattle/Texas/24-008749-003/2024(H5N1)	444	0
PA|PP755594.1|A/cattle/Texas/24-008749-003/2024(H5N1)	445	0
PA|PP755594.1|A/cattle/Texas/24-008749-003/2024(H5N1)	446	0
PA|PP755594.1|A/cattle/Texas/24-008749-003/2024(H5N1)	447	0
PA|PP755594.1|A/cattle/Texas/24-008749-003/2024(H5N1)	448	0
PA|PP755594.1|A/cattle/Texas/24-008749-003/2024(H5N1)	449	0
PA|PP755594.1|A/cattle/Texas/24-008749-003/2024(H5N1)	450	0
PA|PP755594.1|A/cattle/Texas/24-008749-003/2024(H5N1)	451	0
PA|PP755594.1|A/cattle/Texas/24-008749-003/2024(H5N1)	452	0
PA|PP755594.1|A/cattle/Texas/24-008749-003/2024(H5N1)	453	0
PA|PP755594.1|A/cattle/Texas/24-008749-003/2024(H5N1)	454	0
PA|PP755594.1|A/cattle/Texas/24-008749-003/2024(H5N1)	455	0
PA|PP755594.1|A/cattle/Texas/24-008749-003/2024(H5N1)	456	0
PA|PP755594.1|A/cattle/Texas/24-008749-003/2024(H5N1)	457	0
PA|PP755594.1|A/cattle/Texas/24-008749-003/2024(H5N1)	458	0
PA|PP755594.1|A/cattle/Texas/24-008749-003/2024(H5N1)	459	0
PA|PP755594.1|A/cattle/Texas/24-008749-003/2024(H5N1)	460	0
PA|PP755594.1|A/cattle/Texas/24-008749-003/2024(H5N1)	461	0
PA|PP755594.1|A/cattle/Texas/24-008749-003/2024(H5N1)	462	0
PA|PP755594.1|A/cattle/Texas/24-008749-003/2024(H5N1)	463	0
PA|PP755594.1|A/cattle/Texas/24-008749-003/2024(H5N1)	464	0
PA|PP755594.1|A/cattle/Texas/24-008749-003/2024(H5N1)	465	0
PA|PP755594.1|A/cattle/Texas/24-008749-003/2024(H5N1)	466	0
PA|PP755594.1|A/cattle/Texas/24-008749-003/2024(H5N1)	467	0
PA|PP755594.1|A/cattle/Texas/24-008749-003/2024(H5N1)	468	0
PA|PP755594.1|A/cattle/Texas/24-008749-003/2024(H5N1)	469	0
PA|PP755594.1|A/cattle/Texas/24-008749-003/2024(H5N1)	470	0
PA|PP755594.1|A/cattle/Texas/24-008749-003/2024(H5N1)	471	0
PA|PP755594.1|A/cattle/Texas/24-008749-003/2024(H5N1)	472	0
PA|PP755594.1|A/cattle/Texas/24-008749-003/2024(H5N1)	473	0
PA|PP755594.1|A/cattle/Texas/24-008749-003/2024(H5N1)	474	0
PA|PP755594.1|A/cattle/Texas/24-008749-003/2024(H5N1)	475	0
PA|PP755594.1|A/cattle/Texas/24-008749-003/2024(H5N1)	476	0
PA|PP755594.1|A/cattle/Texas/24-008749-003/2024(H5N1)	477	0
PA|PP755594.1|A/cattle/Texas/24-008749-003/2024(H5N1)	478	0
PA|PP755594.1|A/cattle/Texas/24-008749-003/2024(H5N1)	479	0
PA|PP755594.1|A/cattle/Texas/24-008749-003/2024(H5N1)	480	0
PA|PP755594.1|A/cattle/Texas/24-008749-003/2024(H5N1)	481	0
PA|PP755594.1|A/cattle/Texas/24-008749-003/2024(H5N1)	482	0
PA|PP755594.1|A/cattle/Texas/24-008749-003/2024(H5N1)	483	0
PA|PP755594.1|A/cattle/Texas/24-008749-003/2024(H5N1)	484	0
PA|PP755594.1|A/cattle/Texas/24-008749-003/2024(H5N1)	485	0
PA|PP755594.1|A/cattle/Texas/24-008749-003/2024(H5N1)	486	0
PA|PP755594.1|A/cattle/Texas/24-008749-003/2024(H5N1)	487	0
PA|PP755594.1|A/cattle/Texas/24-008749-003/2024(H5N1)	488	0
PA|PP755594.1|A/cattle/Texas/24-008749-003/2024(H5N1)	489	0
PA|PP755594.1|A/cattle/Texas/24-008749-003/2024(H5N1)	490	0
PA|PP755594.1|A/cattle/Texas/24-008749-003/2024(H5N1)	491	0
PA|PP755594.1|A/cattle/Texas/24-008749-003/2024(H5N1)	492	0
PA|PP755594.1|A/cattle/Texas/24-008749-003/2024(H5N1)	493	0
PA|PP755594.1|A/cattle/Texas/24-008749-003/2024(H5N1)	494	0
PA|PP755594.1|A/cattle/Texas/24-008749-003/2024(H5N1)	495	0
PA|PP755594.1|A/cattle/Texas/24-008749-003/2024(H5N1)	496	0
PA|PP755594.1|A/cattle/Texas/24-008749-003/2024(H5N1)	497	0
PA|PP755594.1|A/cattle/Texas/24-008749-003/2024(H5N1)	498	0
PA|PP755594.1|A/cattle/Texas/24-008749-003/2024(H5N1)	499	0
PA|PP755594.1|A/cattle/Texas/24-008749-003/2024(H5N1)	500	0
PA|PP755594.1|A/cattle/Texas/24-008749-003/2024(H5N1)	501	0
PA|PP755594.1|A/cattle/Texas/24-008749-003/2024(H5N1)	502	0
PA|PP755594.1|A/cattle/Texas/24-008749-003/2024(H5N1)	503	0
PA|PP755594.1|A/cattle/Texas/24-008749-003/2024(H5N1)	504	0
PA|PP755594.1|A/cattle/Texas/24-008749-003/2024(H5N1)	505	0
PA|PP755594.1|A/cattle/Texas/24-008749-003/2024(H5N1)	506	0
PA|PP755594.1|A/cattle/Texas/24-008749-003/2024(H5N1)	507	0
PA|PP755594.1|A/cattle/Texas/24-008749-003/2024(H5N1)	508	0
PA|PP755594.1|A/cattle/Texas/24-008749-003/2024(H5N1)	509	0
PA|PP755594.1|A/cattle/Texas/24-008749-003/2024(H5N1)	510	0
PA|PP755594.1|A/cattle/Texas/24-008749-003/2024(H5N1)	511	0
PA|PP755594.1|A/cattle/Texas/24-008749-003/2024(H5N1)	512	0
PA|PP755594.1|A/cattle/Texas/24-008749-003/2024(H5N1)	513	0
PA|PP755594.1|A/cattle/Texas/24-008749-003/2024(H5N1)	514	0
PA|PP755594.1|A/cattle/Texas/24-008749-003/2024(H5N1)	515	0
PA|PP755594.1|A/cattle/Texas/24-008749-003/2024(H5N1)	516	0
PA|PP755594.1|A/cattle/Texas/24-008749-003/2024(H5N1)	517	0
PA|PP755594.1|A/cattle/Texas/24-008749-003/2024(H5N1)	518	0
PA|PP755594.1|A/cattle/Texas/24-008749-003/2024(H5N1)	519	0
PA|PP755594.1|A/cattle/Texas/24-008749-003/2024(H5N1)	520	0
PA|PP755594.1|A/cattle/Texas/24-008749-003/2024(H5N1)	521	0
PA|PP755594.1|A/cattle/Texas/24-008749-003/2024(H5N1)	522	0
PA|PP755594.1|A/cattle/Texas/24-008749-003/2024(H5N1)	523	0
PA|PP755594.1|A/cattle/Texas/24-008749-003/2024(H5N1)	524	0
PA|PP755594.1|A/cattle/Texas/24-008749-003/2024(H5N1)	525	0
PA|PP755594.1|A/cattle/Texas/24-008749-003/2024(H5N1)	526	0
PA|PP755594.1|A/cattle/Texas/24-008749-003/2024(H5N1)	527	0
PA|PP755594.1|A/cattle/Texas/24-008749-003/2024(H5N1)	528	0
PA|PP755594.1|A/cattle/Texas/24-008749-003/2024(H5N1)	529	0
PA|PP755594.1|A/cattle/Texas/24-008749-003/2024(H5N1)	530	0
PA|PP755594.1|A/cattle/Texas/24-008749-003/2024(H5N1)	531	0
PA|PP755594.1|A/cattle/Texas/24-008749-003/2024(H5N1)	532	0
PA|PP755594.1|A/cattle/Texas/24-008749-003/2024(H5N1)	533	0
PA|PP755594.1|A/cattle/Texas/24-008749-003/2024(H5N1)	534	0
PA|PP755594.1|A/cattle/Texas/24-008749-003/2024(H5N1)	535	0
PA|PP755594.1|A/cattle/Texas/24-008749-003/2024(H5N1)	536	0
PA|PP755594.1|A/cattle/Texas/24-008749-003/2024(H5N1)	537	0
PA|PP755594.1|A/cattle/Texas/24-008749-003/2024(H5N1)	538	0
PA|PP755594.1|A/cattle/Texas/24-008749-003/2024(H5N1)	539	0
PA|PP755594.1|A/cattle/Texas/24-008749-003/2024(H5N1)	540	0
PA|PP755594.1|A/cattle/Texas/24-008749-003/2024(H5N1)	541	0
PA|PP755594.1|A/cattle/Texas/24-008749-003/2024(H5N1)	542	0
PA|PP755594.1|A/cattle/Texas/24-008749-003/2024(H5N1)	543	0
PA|PP755594.1|A/cattle/Texas/24-008749-003/2024(H5N1)	544	0
PA|PP755594.1|A/cattle/Texas/24-008749-003/2024(H5N1)	545	0
PA|PP755594.1|A/cattle/Texas/24-008749-003/2024(H5N1)	546	0
PA|PP755594.1|A/cattle/Texas/24-008749-003/2024(H5N1)	547	0
PA|PP755594.1|A/cattle/Texas/24-008749-003/2024(H5N1)	548	0
PA|PP755594.1|A/cattle/Texas/24-008749-003/2024(H5N1)	549	0
PA|PP755594.1|A/cattle/Texas/24-008749-003/2024(H5N1)	550	0
PA|PP755594.1|A/cattle/Texas/24-008749-003/2024(H5N1)	551	0
PA|PP755594.1|A/cattle/Texas/24-008749-003/2024(H5N1)	552	0
PA|PP755594.1|A/cattle/Texas/24-008749-003/2024(H5N1)	553	0
PA|PP755594.1|A/cattle/Texas/24-008749-003/2024(H5N1)	554	0
PA|PP755594.1|A/cattle/Texas/24-008749-003/2024(H5N1)	555	0
PA|PP755594.1|A/cattle/Texas/24-008749-003/2024(H5N1)	556	0
PA|PP755594.1|A/cattle/Texas/24-008749-003/2024(H5N1)	557	0
PA|PP755594.1|A/cattle/Texas/24-008749-003/2024(H5N1)	558	0
PA|PP755594.1|A/cattle/Texas/24-008749-003/2024(H5N1)	559	0
PA|PP755594.1|A/cattle/Texas/24-008749-003/2024(H5N1)	560	0
PA|PP755594.1|A/cattle/Texas/24-008749-003/2024(H5N1)	561	0
PA|PP755594.1|A/cattle/Texas/24-008749-003/2024(H5N1)	562	0
PA|PP755594.1|A/cattle/Texas/24-008749-003/2024(H5N1)	563	0
PA|PP755594.1|A/cattle/Texas/24-008749-003/2024(H5N1)	564	0
PA|PP755594.1|A/cattle/Texas/24-008749-003/2024(H5N1)	565	0
PA|PP755594.1|A/cattle/Texas/24-008749-003/2024(H5N1)	566	0
PA|PP755594.1|A/cattle/Texas/24-008749-003/2024(H5N1)	567	0
PA|PP755594.1|A/cattle/Texas/24-008749-003/2024(H5N1)	568	0
PA|PP755594.1|A/cattle/Texas/24-008749-003/2024(H5N1)	569	0
PA|PP755594.1|A/cattle/Texas/24-008749-003/2024(H5N1)	570	0
PA|PP755594.1|A/cattle/Texas/24-008749-003/2024(H5N1)	571	0
PA|PP755594.1|A/cattle/Texas/24-008749-003/2024(H5N1)	572	0
PA|PP755594.1|A/cattle/Texas/24-008749-003/2024(H5N1)	573	0
PA|PP755594.1|A/cattle/Texas/24-008749-003/2024(H5N1)	574	0
PA|PP755594.1|A/cattle/Texas/24-008749-003/2024(H5N1)	575	0
PA|PP755594.1|A/cattle/Texas/24-008749-003/2024(H5N1)	576	0
PA|PP755594.1|A/cattle/Texas/24-008749-003/2024(H5N1)	577	0
PA|PP755594.1|A/cattle/Texas/24-008749-003/2024(H5N1)	578	0
PA|PP755594.1|A/cattle/Texas/24-008749-003/2024(H5N1)	579	0
PA|PP755594.1|A/cattle/Texas/24-008749-003/2024(H5N1)	580	0
PA|PP755594.1|A/cattle/Texas/24-008749-003/2024(H5N1)	581	0
PA|PP755594.1|A/cattle/Texas/24-008749-003/2024(H5N1)	582	0
PA|PP755594.1|A/cattle/Texas/24-008749-003/2024(H5N1)	583	0
PA|PP755594.1|A/cattle/Texas/24-008749-003/2024(H5N1)	584	0
PA|PP755594.1|A/cattle/Texas/24-008749-003/2024(H5N1)	585	0
PA|PP755594.1|A/cattle/Texas/24-008749-003/2024(H5N1)	586	0
PA|PP755594.1|A/cattle/Texas/24-008749-003/2024(H5N1)	587	0
PA|PP755594.1|A/cattle/Texas/24-008749-003/2024(H5N1)	588	0
PA|PP755594.1|A/cattle/Texas/24-008749-003/2024(H5N1)	589	0
PA|PP755594.1|A/cattle/Texas/24-008749-003/2024(H5N1)	590	0
PA|PP755594.1|A/cattle/Texas/24-008749-003/2024(H5N1)	591	0
PA|PP755594.1|A/cattle/Texas/24-008749-003/2024(H5N1)	592	0
PA|PP755594.1|A/cattle/Texas/24-008749-003/2024(H5N1)	593	0
PA|PP755594.1|A/cattle/Texas/24-008749-003/2024(H5N1)	594	0
PA|PP755594.1|A/cattle/Texas/24-008749-003/2024(H5N1)	595	0
PA|PP755594.1|A/cattle/Texas/24-008749-003/2024(H5N1)	596	0
PA|PP755594.1|A/cattle/Texas/24-008749-003/2024(H5N1)	597	0
PA|PP755594.1|A/cattle/Texas/24-008749-003/2024(H5N1)	598	0
PA|PP755594.1|A/cattle/Texas/24-008749-003/2024(H5N1)	599	0
PA|PP755594.1|A/cattle/Texas/24-008749-003/2024(H5N1)	600	0
PA|PP755594.1|A/cattle/Texas/24-008749-003/2024(H5N1)	601	0
PA|PP755594.1|A/cattle/Texas/24-008749-003/2024(H5N1)	602	0
PA|PP755594.1|A/cattle/Texas/24-008749-003/2024(H5N1)	603	0
PA|PP755594.1|A/cattle/Texas/24-008749-003/2024(H5N1)	604	0
PA|PP755594.1|A/cattle/Texas/24-008749-003/2024(H5N1)	605	0
PA|PP755594.1|A/cattle/Texas/24-008749-003/2024(H5N1)	606	0
PA|PP755594.1|A/cattle/Texas/24-008749-003/2024(H5N1)	607	0
PA|PP755594.1|A/cattle/Texas/24-008749-003/2024(H5N1)	608	0
PA|PP755594.1|A/cattle/Texas/24-008749-003/2024(H5N1)	609	0
PA|PP755594.1|A/cattle/Texas/24-008749-003/2024(H5N1)	610	0
PA|PP755594.1|A/cattle/Texas/24-008749-003/2024(H5N1)	611	0
PA|PP755594.1|A/cattle/Texas/24-008749-003/2024(H5N1)	612	0
PA|PP755594.1|A/cattle/Texas/24-008749-003/2024(H5N1)	613	0
PA|PP755594.1|A/cattle/Texas/24-008749-003/2024(H5N1)	614	0
PA|PP755594.1|A/cattle/Texas/24-008749-003/2024(H5N1)	615	0
PA|PP755594.1|A/cattle/Texas/24-008749-003/2024(H5N1)	616	0
PA|PP755594.1|A/cattle/Texas/24-008749-003/2024(H5N1)	617	0
PA|PP755594.1|A/cattle/Texas/24-008749-003/2024(H5N1)	618	0
PA|PP755594.1|A/cattle/Texas/24-008749-003/2024(H5N1)	619	0
PA|PP755594.1|A/cattle/Texas/24-008749-003/2024(H5N1)	620	0
PA|PP755594.1|A/cattle/Texas/24-008749-003/2024(H5N1)	621	0
PA|PP755594.1|A/cattle/Texas/24-008749-003/2024(H5N1)	622	0
PA|PP755594.1|A/cattle/Texas/24-008749-003/2024(H5N1)	623	0
PA|PP755594.1|A/cattle/Texas/24-008749-003/2024(H5N1)	624	0
PA|PP755594.1|A/cattle/Texas/24-008749-003/2024(H5N1)	625	0
PA|PP755594.1|A/cattle/Texas/24-008749-003/2024(H5N1)	626	0
PA|PP755594.1|A/cattle/Texas/24-008749-003/2024(H5N1)	627	0
PA|PP755594.1|A/cattle/Texas/24-008749-003/2024(H5N1)	628	0
PA|PP755594.1|A/cattle/Texas/24-008749-003/2024(H5N1)	629	0
PA|PP755594.1|A/cattle/Texas/24-008749-003/2024(H5N1)	630	0
PA|PP755594.1|A/cattle/Texas/24-008749-003/2024(H5N1)	631	0
PA|PP755594.1|A/cattle/Texas/24-008749-003/2024(H5N1)	632	0
PA|PP755594.1|A/cattle/Texas/24-008749-003/2024(H5N1)	633	0
PA|PP755594.1|A/cattle/Texas/24-008749-003/2024(H5N1)	634	0
PA|PP755594.1|A/cattle/Texas/24-008749-003/2024(H5N1)	635	0
PA|PP755594.1|A/cattle/Texas/24-008749-003/2024(H5N1)	636	0
PA|PP755594.1|A/cattle/Texas/24-008749-003/2024(H5N1)	637	0
PA|PP755594.1|A/cattle/Texas/24-008749-003/2024(H5N1)	638	0
PA|PP755594.1|A/cattle/Texas/24-008749-003/2024(H5N1)	639	0
PA|PP755594.1|A/cattle/Texas/24-008749-003/2024(H5N1)	640	0
PA|PP755594.1|A/cattle/Texas/24-008749-003/2024(H5N1)	641	0
PA|PP755594.1|A/cattle/Texas/24-008749-003/2024(H5N1)	642	0
PA|PP755594.1|A/cattle/Texas/24-008749-003/2024(H5N1)	643	0
PA|PP755594.1|A/cattle/Texas/24-008749-003/2024(H5N1)	644	0
PA|PP755594.1|A/cattle/Texas/24-008749-003/2024(H5N1)	645	0
PA|PP755594.1|A/cattle/Texas/24-008749-003/2024(H5N1)	646	0
PA|PP755594.1|A/cattle/Texas/24-008749-003/2024(H5N1)	647	0
PA|PP755594.1|A/cattle/Texas/24-008749-003/2024(H5N1)	648	0
PA|PP755594.1|A/cattle/Texas/24-008749-003/2024(H5N1)	649	0
PA|PP755594.1|A/cattle/Texas/24-008749-003/2024(H5N1)	650	0
PA|PP755594.1|A/cattle/Texas/24-008749-003/2024(H5N1)	651	0
PA|PP755594.1|A/cattle/Texas/24-008749-003/2024(H5N1)	652	0
PA|PP755594.1|A/cattle/Texas/24-008749-003/2024(H5N1)	653	0
PA|PP755594.1|A/cattle/Texas/24-008749-003/2024(H5N1)	654	0
PA|PP755594.1|A/cattle/Texas/24-008749-003/2024(H5N1)	655	0
PA|PP755594.1|A/cattle/Texas/24-008749-003/2024(H5N1)	656	0
PA|PP755594.1|A/cattle/Texas/24-008749-003/2024(H5N1)	657	0
PA|PP755594.1|A/cattle/Texas/24-008749-003/2024(H5N1)	658	0
PA|PP755594.1|A/cattle/Texas/24-008749-003/2024(H5N1)	659	0
PA|PP755594.1|A/cattle/Texas/24-008749-003/2024(H5N1)	660	0
PA|PP755594.1|A/cattle/Texas/24-008749-003/2024(H5N1)	661	0
PA|PP755594.1|A/cattle/Texas/24-008749-003/2024(H5N1)	662	0
PA|PP755594.1|A/cattle/Texas/24-008749-003/2024(H5N1)	663	0
PA|PP755594.1|A/cattle/Texas/24-008749-003/2024(H5N1)	664	0
PA|PP755594.1|A/cattle/Texas/24-008749-003/2024(H5N1)	665	0
PA|PP755594.1|A/cattle/Texas/24-008749-003/2024(H5N1)	666	0
PA|PP755594.1|A/cattle/Texas/24-008749-003/2024(H5N1)	667	0
PA|PP755594.1|A/cattle/Texas/24-008749-003/2024(H5N1)	668	0
PA|PP755594.1|A/cattle/Texas/24-008749-003/2024(H5N1)	669	0
PA|PP755594.1|A/cattle/Texas/24-008749-003/2024(H5N1)	670	0
PA|PP755594.1|A/cattle/Texas/24-008749-003/2024(H5N1)	671	0
PA|PP755594.1|A/cattle/Texas/24-008749-003/2024(H5N1)	672	0
PA|PP755594.1|A/cattle/Texas/24-008749-003/2024(H5N1)	673	0
PA|PP755594.1|A/cattle/Texas/24-008749-003/2024(H5N1)	674	0
PA|PP755594.1|A/cattle/Texas/24-008749-003/2024(H5N1)	675	0
PA|PP755594.1|A/cattle/Texas/24-008749-003/2024(H5N1)	676	0
PA|PP755594.1|A/cattle/Texas/24-008749-003/2024(H5N1)	677	0
PA|PP755594.1|A/cattle/Texas/24-008749-003/2024(H5N1)	678	0
PA|PP755594.1|A/cattle/Texas/24-008749-003/2024(H5N1)	679	0
PA|PP755594.1|A/cattle/Texas/24-008749-003/2024(H5N1)	680	0
PA|PP755594.1|A/cattle/Texas/24-008749-003/2024(H5N1)	681	0
PA|PP755594.1|A/cattle/Texas/24-008749-003/2024(H5N1)	682	0
PA|PP755594.1|A/cattle/Texas/24-008749-003/2024(H5N1)	683	0
PA|PP755594.1|A/cattle/Texas/24-008749-003/2024(H5N1)	684	0
PA|PP755594.1|A/cattle/Texas/24-008749-003/2024(H5N1)	685	0
PA|PP755594.1|A/cattle/Texas/24-008749-003/2024(H5N1)	686	0
PA|PP755594.1|A/cattle/Texas/24-008749-003/2024(H5N1)	687	0
PA|PP755594.1|A/cattle/Texas/24-008749-003/2024(H5N1)	688	0
PA|PP755594.1|A/cattle/Texas/24-008749-003/2024(H5N1)	689	0
PA|PP755594.1|A/cattle/Texas/24-008749-003/2024(H5N1)	690	0
PA|PP755594.1|A/cattle/Texas/24-008749-003/2024(H5N1)	691	0
PA|PP755594.1|A/cattle/Texas/24-008749-003/2024(H5N1)	692	0
PA|PP755594.1|A/cattle/Texas/24-008749-003/2024(H5N1)	693	0
PA|PP755594.1|A/cattle/Texas/24-008749-003/2024(H5N1)	694	0
PA|PP755594.1|A/cattle/Texas/24-008749-003/2024(H5N1)	695	0
PA|PP755594.1|A/cattle/Texas/24-008749-003/2024(H5N1)	696	0
PA|PP755594.1|A/cattle/Texas/24-008749-003/2024(H5N1)	697	0
PA|PP755594.1|A/cattle/Texas/24-008749-003/2024(H5N1)	698	0
PA|PP755594.1|A/cattle/Texas/24-008749-003/2024(H5N1)	699	0
PA|PP755594.1|A/cattle/Texas/24-008749-003/2024(H5N1)	700	0
PA|PP755594.1|A/cattle/Texas/24-008749-003/2024(H5N1)	701	0
PA|PP755594.1|A/cattle/Texas/24-008749-003/2024(H5N1)	702	0
PA|PP755594.1|A/cattle/Texas/24-008749-003/2024(H5N1)	703	0
PA|PP755594.1|A/cattle/Texas/24-008749-003/2024(H5N1)	704	0
PA|PP755594.1|A/cattle/Texas/24-008749-003/2024(H5N1)	705	0
PA|PP755594.1|A/cattle/Texas/24-008749-003/2024(H5N1)	706	0
PA|PP755594.1|A/cattle/Texas/24-008749-003/2024(H5N1)	707	0
PA|PP755594.1|A/cattle/Texas/24-008749-003/2024(H5N1)	708	0
PA|PP755594.1|A/cattle/Texas/24-008749-003/2024(H5N1)	709	0
PA|PP755594.1|A/cattle/Texas/24-008749-003/2024(H5N1)	710	0
PA|PP755594.1|A/cattle/Texas/24-008749-003/2024(H5N1)	711	0
PA|PP755594.1|A/cattle/Texas/24-008749-003/2024(H5N1)	712	0
PA|PP755594.1|A/cattle/Texas/24-008749-003/2024(H5N1)	713	0
PA|PP755594.1|A/cattle/Texas/24-008749-003/2024(H5N1)	714	0
PA|PP755594.1|A/cattle/Texas/24-008749-003/2024(H5N1)	715	0
PA|PP755594.1|A/cattle/Texas/24-008749-003/2024(H5N1)	716	0
PA|PP755594.1|A/cattle/Texas/24-008749-003/2024(H5N1)	717	0
PA|PP755594.1|A/cattle/Texas/24-008749-003/2024(H5N1)	718	0
PA|PP755594.1|A/cattle/Texas/24-008749-003/2024(H5N1)	719	0
PA|PP755594.1|A/cattle/Texas/24-008749-003/2024(H5N1)	720	0
PA|PP755594.1|A/cattle/Texas/24-008749-003/2024(H5N1)	721	0
PA|PP755594.1|A/cattle/Texas/24-008749-003/2024(H5N1)	722	0
PA|PP755594.1|A/cattle/Texas/24-008749-003/2024(H5N1)	723	0
PA|PP755594.1|A/cattle/Texas/24-008749-003/2024(H5N1)	724	0
PA|PP755594.1|A/cattle/Texas/24-008749-003/2024(H5N1)	725	0
PA|PP755594.1|A/cattle/Texas/24-008749-003/2024(H5N1)	726	0
PA|PP755594.1|A/cattle/Texas/24-008749-003/2024(H5N1)	727	0
PA|PP755594.1|A/cattle/Texas/24-008749-003/2024(H5N1)	728	0
PA|PP755594.1|A/cattle/Texas/24-008749-003/2024(H5N1)	729	0
PA|PP755594.1|A/cattle/Texas/24-008749-003/2024(H5N1)	730	0
PA|PP755594.1|A/cattle/Texas/24-008749-003/2024(H5N1)	731	0
PA|PP755594.1|A/cattle/Texas/24-008749-003/2024(H5N1)	732	0
PA|PP755594.1|A/cattle/Texas/24-008749-003/2024(H5N1)	733	0
PA|PP755594.1|A/cattle/Texas/24-008749-003/2024(H5N1)	734	0
PA|PP755594.1|A/cattle/Texas/24-008749-003/2024(H5N1)	735	0
PA|PP755594.1|A/cattle/Texas/24-008749-003/2024(H5N1)	736	0
PA|PP755594.1|A/cattle/Texas/24-008749-003/2024(H5N1)	737	0
PA|PP755594.1|A/cattle/Texas/24-008749-003/2024(H5N1)	738	0
PA|PP755594.1|A/cattle/Texas/24-008749-003/2024(H5N1)	739	0
PA|PP755594.1|A/cattle/Texas/24-008749-003/2024(H5N1)	740	0
PA|PP755594.1|A/cattle/Texas/24-008749-003/2024(H5N1)	741	0
PA|PP755594.1|A/cattle/Texas/24-008749-003/2024(H5N1)	742	0
PA|PP755594.1|A/cattle/Texas/24-008749-003/2024(H5N1)	743	0
PA|PP755594.1|A/cattle/Texas/24-008749-003/2024(H5N1)	744	0
PA|PP755594.1|A/cattle/Texas/24-008749-003/2024(H5N1)	745	0
PA|PP755594.1|A/cattle/Texas/24-008749-003/2024(H5N1)	746	0
PA|PP755594.1|A/cattle/Texas/24-008749-003/2024(H5N1)	747	0
PA|PP755594.1|A/cattle/Texas/24-008749-003/2024(H5N1)	748	0
PA|PP755594.1|A/cattle/Texas/24-008749-003/2024(H5N1)	749	0
PA|PP755594.1|A/cattle/Texas/24-008749-003/2024(H5N1)	750	0
PA|PP755594.1|A/cattle/Texas/24-008749-003/2024(H5N1)	751	0
PA|PP755594.1|A/cattle/Texas/24-008749-003/2024(H5N1)	752	0
PA|PP755594.1|A/cattle/Texas/24-008749-003/2024(H5N1)	753	0
PA|PP755594.1|A/cattle/Texas/24-008749-003/2024(H5N1)	754	0
PA|PP755594.1|A/cattle/Texas/24-008749-003/2024(H5N1)	755	0
PA|PP755594.1|A/cattle/Texas/24-008749-003/2024(H5N1)	756	0
PA|PP755594.1|A/cattle/Texas/24-008749-003/2024(H5N1)	757	0
PA|PP755594.1|A/cattle/Texas/24-008749-003/2024(H5N1)	758	0
PA|PP755594.1|A/cattle/Texas/24-008749-003/2024(H5N1)	759	0
PA|PP755594.1|A/cattle/Texas/24-008749-003/2024(H5N1)	760	0
PA|PP755594.1|A/cattle/Texas/24-008749-003/2024(H5N1)	761	0
PA|PP755594.1|A/cattle/Texas/24-008749-003/2024(H5N1)	762	0
PA|PP755594.1|A/cattle/Texas/24-008749-003/2024(H5N1)	763	0
PA|PP755594.1|A/cattle/Texas/24-008749-003/2024(H5N1)	764	0
PA|PP755594.1|A/cattle/Texas/24-008749-003/2024(H5N1)	765	0
PA|PP755594.1|A/cattle/Texas/24-008749-003/2024(H5N1)	766	0
PA|PP755594.1|A/cattle/Texas/24-008749-003/2024(H5N1)	767	0
PA|PP755594.1|A/cattle/Texas/24-008749-003/2024(H5N1)	768	0
PA|PP755594.1|A/cattle/Texas/24-008749-003/2024(H5N1)	769	0
PA|PP755594.1|A/cattle/Texas/24-008749-003/2024(H5N1)	770	0
PA|PP755594.1|A/cattle/Texas/24-008749-003/2024(H5N1)	771	0
PA|PP755594.1|A/cattle/Texas/24-008749-003/2024(H5N1)	772	0
PA|PP755594.1|A/cattle/Texas/24-008749-003/2024(H5N1)	773	0
PA|PP755594.1|A/cattle/Texas/24-008749-003/2024(H5N1)	774	0
PA|PP755594.1|A/cattle/Texas/24-008749-003/2024(H5N1)	775	0
PA|PP755594.1|A/cattle/Texas/24-008749-003/2024(H5N1)	776	0
PA|PP755594.1|A/cattle/Texas/24-008749-003/2024(H5N1)	777	0
PA|PP755594.1|A/cattle/Texas/24-008749-003/2024(H5N1)	778	0
PA|PP755594.1|A/cattle/Texas/24-008749-003/2024(H5N1)	779	0
PA|PP755594.1|A/cattle/Texas/24-008749-003/2024(H5N1)	780	0
PA|PP755594.1|A/cattle/Texas/24-008749-003/2024(H5N1)	781	0
PA|PP755594.1|A/cattle/Texas/24-008749-003/2024(H5N1)	782	0
PA|PP755594.1|A/cattle/Texas/24-008749-003/2024(H5N1)	783	0
PA|PP755594.1|A/cattle/Texas/24-008749-003/2024(H5N1)	784	0
PA|PP755594.1|A/cattle/Texas/24-008749-003/2024(H5N1)	785	0
PA|PP755594.1|A/cattle/Texas/24-008749-003/2024(H5N1)	786	0
PA|PP755594.1|A/cattle/Texas/24-008749-003/2024(H5N1)	787	0
PA|PP755594.1|A/cattle/Texas/24-008749-003/2024(H5N1)	788	0
PA|PP755594.1|A/cattle/Texas/24-008749-003/2024(H5N1)	789	0
PA|PP755594.1|A/cattle/Texas/24-008749-003/2024(H5N1)	790	0
PA|PP755594.1|A/cattle/Texas/24-008749-003/2024(H5N1)	791	0
PA|PP755594.1|A/cattle/Texas/24-008749-003/2024(H5N1)	792	0
PA|PP755594.1|A/cattle/Texas/24-008749-003/2024(H5N1)	793	0
PA|PP755594.1|A/cattle/Texas/24-008749-003/2024(H5N1)	794	0
PA|PP755594.1|A/cattle/Texas/24-008749-003/2024(H5N1)	795	0
PA|PP755594.1|A/cattle/Texas/24-008749-003/2024(H5N1)	796	0
PA|PP755594.1|A/cattle/Texas/24-008749-003/2024(H5N1)	797	0
PA|PP755594.1|A/cattle/Texas/24-008749-003/2024(H5N1)	798	0
PA|PP755594.1|A/cattle/Texas/24-008749-003/2024(H5N1)	799	0
PA|PP755594.1|A/cattle/Texas/24-008749-003/2024(H5N1)	800	0
PA|PP755594.1|A/cattle/Texas/24-008749-003/2024(H5N1)	801	0
PA|PP755594.1|A/cattle/Texas/24-008749-003/2024(H5N1)	802	0
PA|PP755594.1|A/cattle/Texas/24-008749-003/2024(H5N1)	803	0
PA|PP755594.1|A/cattle/Texas/24-008749-003/2024(H5N1)	804	0
PA|PP755594.1|A/cattle/Texas/24-008749-003/2024(H5N1)	805	0
PA|PP755594.1|A/cattle/Texas/24-008749-003/2024(H5N1)	806	0
PA|PP755594.1|A/cattle/Texas/24-008749-003/2024(H5N1)	807	0
PA|PP755594.1|A/cattle/Texas/24-008749-003/2024(H5N1)	808	0
PA|PP755594.1|A/cattle/Texas/24-008749-003/2024(H5N1)	809	0
PA|PP755594.1|A/cattle/Texas/24-008749-003/2024(H5N1)	810	0
PA|PP755594.1|A/cattle/Texas/24-008749-003/2024(H5N1)	811	0
PA|PP755594.1|A/cattle/Texas/24-008749-003/2024(H5N1)	812	0
PA|PP755594.1|A/cattle/Texas/24-008749-003/2024(H5N1)	813	0
PA|PP755594.1|A/cattle/Texas/24-008749-003/2024(H5N1)	814	0
PA|PP755594.1|A/cattle/Texas/24-008749-003/2024(H5N1)	815	0
PA|PP755594.1|A/cattle/Texas/24-008749-003/2024(H5N1)	816	0
PA|PP755594.1|A/cattle/Texas/24-008749-003/2024(H5N1)	817	0
PA|PP755594.1|A/cattle/Texas/24-008749-003/2024(H5N1)	818	0
PA|PP755594.1|A/cattle/Texas/24-008749-003/2024(H5N1)	819	0
PA|PP755594.1|A/cattle/Texas/24-008749-003/2024(H5N1)	820	0
PA|PP755594.1|A/cattle/Texas/24-008749-003/2024(H5N1)	821	0
PA|PP755594.1|A/cattle/Texas/24-008749-003/2024(H5N1)	822	0
PA|PP755594.1|A/cattle/Texas/24-008749-003/2024(H5N1)	823	0
PA|PP755594.1|A/cattle/Texas/24-008749-003/2024(H5N1)	824	0
PA|PP755594.1|A/cattle/Texas/24-008749-003/2024(H5N1)	825	0
PA|PP755594.1|A/cattle/Texas/24-008749-003/2024(H5N1)	826	0
PA|PP755594.1|A/cattle/Texas/24-008749-003/2024(H5N1)	827	0
PA|PP755594.1|A/cattle/Texas/24-008749-003/2024(H5N1)	828	0
PA|PP755594.1|A/cattle/Texas/24-008749-003/2024(H5N1)	829	0
PA|PP755594.1|A/cattle/Texas/24-008749-003/2024(H5N1)	830	0
PA|PP755594.1|A/cattle/Texas/24-008749-003/2024(H5N1)	831	0
PA|PP755594.1|A/cattle/Texas/24-008749-003/2024(H5N1)	832	0
PA|PP755594.1|A/cattle/Texas/24-008749-003/2024(H5N1)	833	0
PA|PP755594.1|A/cattle/Texas/24-008749-003/2024(H5N1)	834	0
PA|PP755594.1|A/cattle/Texas/24-008749-003/2024(H5N1)	835	0
PA|PP755594.1|A/cattle/Texas/24-008749-003/2024(H5N1)	836	0
PA|PP755594.1|A/cattle/Texas/24-008749-003/2024(H5N1)	837	0
PA|PP755594.1|A/cattle/Texas/24-008749-003/2024(H5N1)	838	0
PA|PP755594.1|A/cattle/Texas/24-008749-003/2024(H5N1)	839	0
PA|PP755594.1|A/cattle/Texas/24-008749-003/2024(H5N1)	840	0
PA|PP755594.1|A/cattle/Texas/24-008749-003/2024(H5N1)	841	0
PA|PP755594.1|A/cattle/Texas/24-008749-003/2024(H5N1)	842	0
PA|PP755594.1|A/cattle/Texas/24-008749-003/2024(H5N1)	843	0
PA|PP755594.1|A/cattle/Texas/24-008749-003/2024(H5N1)	844	0
PA|PP755594.1|A/cattle/Texas/24-008749-003/2024(H5N1)	845	0
PA|PP755594.1|A/cattle/Texas/24-008749-003/2024(H5N1)	846	0
PA|PP755594.1|A/cattle/Texas/24-008749-003/2024(H5N1)	847	0
PA|PP755594.1|A/cattle/Texas/24-008749-003/2024(H5N1)	848	0
PA|PP755594.1|A/cattle/Texas/24-008749-003/2024(H5N1)	849	0
PA|PP755594.1|A/cattle/Texas/24-008749-003/2024(H5N1)	850	0
PA|PP755594.1|A/cattle/Texas/24-008749-003/2024(H5N1)	851	0
PA|PP755594.1|A/cattle/Texas/24-008749-003/2024(H5N1)	852	0
PA|PP755594.1|A/cattle/Texas/24-008749-003/2024(H5N1)	853	0
PA|PP755594.1|A/cattle/Texas/24-008749-003/2024(H5N1)	854	0
PA|PP755594.1|A/cattle/Texas/24-008749-003/2024(H5N1)	855	0
PA|PP755594.1|A/cattle/Texas/24-008749-003/2024(H5N1)	856	0
PA|PP755594.1|A/cattle/Texas/24-008749-003/2024(H5N1)	857	0
PA|PP755594.1|A/cattle/Texas/24-008749-003/2024(H5N1)	858	0
PA|PP755594.1|A/cattle/Texas/24-008749-003/2024(H5N1)	859	0
PA|PP755594.1|A/cattle/Texas/24-008749-003/2024(H5N1)	860	0
PA|PP755594.1|A/cattle/Texas/24-008749-003/2024(H5N1)	861	0
PA|PP755594.1|A/cattle/Texas/24-008749-003/2024(H5N1)	862	0
PA|PP755594.1|A/cattle/Texas/24-008749-003/2024(H5N1)	863	0
PA|PP755594.1|A/cattle/Texas/24-008749-003/2024(H5N1)	864	0
PA|PP755594.1|A/cattle/Texas/24-008749-003/2024(H5N1)	865	0
PA|PP755594.1|A/cattle/Texas/24-008749-003/2024(H5N1)	866	0
PA|PP755594.1|A/cattle/Texas/24-008749-003/2024(H5N1)	867	0
PA|PP755594.1|A/cattle/Texas/24-008749-003/2024(H5N1)	868	0
PA|PP755594.1|A/cattle/Texas/24-008749-003/2024(H5N1)	869	0
PA|PP755594.1|A/cattle/Texas/24-008749-003/2024(H5N1)	870	0
PA|PP755594.1|A/cattle/Texas/24-008749-003/2024(H5N1)	871	0
PA|PP755594.1|A/cattle/Texas/24-008749-003/2024(H5N1)	872	0
PA|PP755594.1|A/cattle/Texas/24-008749-003/2024(H5N1)	873	0
PA|PP755594.1|A/cattle/Texas/24-008749-003/2024(H5N1)	874	0
PA|PP755594.1|A/cattle/Texas/24-008749-003/2024(H5N1)	875	0
PA|PP755594.1|A/cattle/Texas/24-008749-003/2024(H5N1)	876	0
PA|PP755594.1|A/cattle/Texas/24-008749-003/2024(H5N1)	877	0
PA|PP755594.1|A/cattle/Texas/24-008749-003/2024(H5N1)	878	0
PA|PP755594.1|A/cattle/Texas/24-008749-003/2024(H5N1)	879	0
PA|PP755594.1|A/cattle/Texas/24-008749-003/2024(H5N1)	880	0
PA|PP755594.1|A/cattle/Texas/24-008749-003/2024(H5N1)	881	0
PA|PP755594.1|A/cattle/Texas/24-008749-003/2024(H5N1)	882	0
PA|PP755594.1|A/cattle/Texas/24-008749-003/2024(H5N1)	883	0
PA|PP755594.1|A/cattle/Texas/24-008749-003/2024(H5N1)	884	0
PA|PP755594.1|A/cattle/Texas/24-008749-003/2024(H5N1)	885	0
PA|PP755594.1|A/cattle/Texas/24-008749-003/2024(H5N1)	886	0
PA|PP755594.1|A/cattle/Texas/24-008749-003/2024(H5N1)	887	0
PA|PP755594.1|A/cattle/Texas/24-008749-003/2024(H5N1)	888	0
PA|PP755594.1|A/cattle/Texas/24-008749-003/2024(H5N1)	889	0
PA|PP755594.1|A/cattle/Texas/24-008749-003/2024(H5N1)	890	0
PA|PP755594.1|A/cattle/Texas/24-008749-003/2024(H5N1)	891	0
PA|PP755594.1|A/cattle/Texas/24-008749-003/2024(H5N1)	892	0
PA|PP755594.1|A/cattle/Texas/24-008749-003/2024(H5N1)	893	0
PA|PP755594.1|A/cattle/Texas/24-008749-003/2024(H5N1)	894	0
PA|PP755594.1|A/cattle/Texas/24-008749-003/2024(H5N1)	895	0
PA|PP755594.1|A/cattle/Texas/24-008749-003/2024(H5N1)	896	0
PA|PP755594.1|A/cattle/Texas/24-008749-003/2024(H5N1)	897	0
PA|PP755594.1|A/cattle/Texas/24-008749-003/2024(H5N1)	898	0
PA|PP755594.1|A/cattle/Texas/24-008749-003/2024(H5N1)	899	0
PA|PP755594.1|A/cattle/Texas/24-008749-003/2024(H5N1)	900	0
PA|PP755594.1|A/cattle/Texas/24-008749-003/2024(H5N1)	901	0
PA|PP755594.1|A/cattle/Texas/24-008749-003/2024(H5N1)	902	0
PA|PP755594.1|A/cattle/Texas/24-008749-003/2024(H5N1)	903	0
PA|PP755594.1|A/cattle/Texas/24-008749-003/2024(H5N1)	904	0
PA|PP755594.1|A/cattle/Texas/24-008749-003/2024(H5N1)	905	0
PA|PP755594.1|A/cattle/Texas/24-008749-003/2024(H5N1)	906	0
PA|PP755594.1|A/cattle/Texas/24-008749-003/2024(H5N1)	907	0
PA|PP755594.1|A/cattle/Texas/24-008749-003/2024(H5N1)	908	0
PA|PP755594.1|A/cattle/Texas/24-008749-003/2024(H5N1)	909	0
PA|PP755594.1|A/cattle/Texas/24-008749-003/2024(H5N1)	910	0
PA|PP755594.1|A/cattle/Texas/24-008749-003/2024(H5N1)	911	0
PA|PP755594.1|A/cattle/Texas/24-008749-003/2024(H5N1)	912	0
PA|PP755594.1|A/cattle/Texas/24-008749-003/2024(H5N1)	913	0
PA|PP755594.1|A/cattle/Texas/24-008749-003/2024(H5N1)	914	0
PA|PP755594.1|A/cattle/Texas/24-008749-003/2024(H5N1)	915	0
PA|PP755594.1|A/cattle/Texas/24-008749-003/2024(H5N1)	916	0
PA|PP755594.1|A/cattle/Texas/24-008749-003/2024(H5N1)	917	0
PA|PP755594.1|A/cattle/Texas/24-008749-003/2024(H5N1)	918	0
PA|PP755594.1|A/cattle/Texas/24-008749-003/2024(H5N1)	919	0
PA|PP755594.1|A/cattle/Texas/24-008749-003/2024(H5N1)	920	0
PA|PP755594.1|A/cattle/Texas/24-008749-003/2024(H5N1)	921	0
PA|PP755594.1|A/cattle/Texas/24-008749-003/2024(H5N1)	922	0
PA|PP755594.1|A/cattle/Texas/24-008749-003/2024(H5N1)	923	0
PA|PP755594.1|A/cattle/Texas/24-008749-003/2024(H5N1)	924	0
PA|PP755594.1|A/cattle/Texas/24-008749-003/2024(H5N1)	925	0
PA|PP755594.1|A/cattle/Texas/24-008749-003/2024(H5N1)	926	0
PA|PP755594.1|A/cattle/Texas/24-008749-003/2024(H5N1)	927	0
PA|PP755594.1|A/cattle/Texas/24-008749-003/2024(H5N1)	928	0
PA|PP755594.1|A/cattle/Texas/24-008749-003/2024(H5N1)	929	0
PA|PP755594.1|A/cattle/Texas/24-008749-003/2024(H5N1)	930	0
PA|PP755594.1|A/cattle/Texas/24-008749-003/2024(H5N1)	931	0
PA|PP755594.1|A/cattle/Texas/24-008749-003/2024(H5N1)	932	0
PA|PP755594.1|A/cattle/Texas/24-008749-003/2024(H5N1)	933	0
PA|PP755594.1|A/cattle/Texas/24-008749-003/2024(H5N1)	934	0
PA|PP755594.1|A/cattle/Texas/24-008749-003/2024(H5N1)	935	0
PA|PP755594.1|A/cattle/Texas/24-008749-003/2024(H5N1)	936	0
PA|PP755594.1|A/cattle/Texas/24-008749-003/2024(H5N1)	937	0
PA|PP755594.1|A/cattle/Texas/24-008749-003/2024(H5N1)	938	0
PA|PP755594.1|A/cattle/Texas/24-008749-003/2024(H5N1)	939	0
PA|PP755594.1|A/cattle/Texas/24-008749-003/2024(H5N1)	940	0
PA|PP755594.1|A/cattle/Texas/24-008749-003/2024(H5N1)	941	0
PA|PP755594.1|A/cattle/Texas/24-008749-003/2024(H5N1)	942	0
PA|PP755594.1|A/cattle/Texas/24-008749-003/2024(H5N1)	943	0
PA|PP755594.1|A/cattle/Texas/24-008749-003/2024(H5N1)	944	0
PA|PP755594.1|A/cattle/Texas/24-008749-003/2024(H5N1)	945	0
PA|PP755594.1|A/cattle/Texas/24-008749-003/2024(H5N1)	946	0
PA|PP755594.1|A/cattle/Texas/24-008749-003/2024(H5N1)	947	0
PA|PP755594.1|A/cattle/Texas/24-008749-003/2024(H5N1)	948	0
PA|PP755594.1|A/cattle/Texas/24-008749-003/2024(H5N1)	949	0
PA|PP755594.1|A/cattle/Texas/24-008749-003/2024(H5N1)	950	0
PA|PP755594.1|A/cattle/Texas/24-008749-003/2024(H5N1)	951	0
PA|PP755594.1|A/cattle/Texas/24-008749-003/2024(H5N1)	952	0
PA|PP755594.1|A/cattle/Texas/24-008749-003/2024(H5N1)	953	0
PA|PP755594.1|A/cattle/Texas/24-008749-003/2024(H5N1)	954	0
PA|PP755594.1|A/cattle/Texas/24-008749-003/2024(H5N1)	955	0
PA|PP755594.1|A/cattle/Texas/24-008749-003/2024(H5N1)	956	0
PA|PP755594.1|A/cattle/Texas/24-008749-003/2024(H5N1)	957	0
PA|PP755594.1|A/cattle/Texas/24-008749-003/2024(H5N1)	958	0
PA|PP755594.1|A/cattle/Texas/24-008749-003/2024(H5N1)	959	0
PA|PP755594.1|A/cattle/Texas/24-008749-003/2024(H5N1)	960	0
PA|PP755594.1|A/cattle/Texas/24-008749-003/2024(H5N1)	961	0
PA|PP755594.1|A/cattle/Texas/24-008749-003/2024(H5N1)	962	0
PA|PP755594.1|A/cattle/Texas/24-008749-003/2024(H5N1)	963	0
PA|PP755594.1|A/cattle/Texas/24-008749-003/2024(H5N1)	964	0
PA|PP755594.1|A/cattle/Texas/24-008749-003/2024(H5N1)	965	0
PA|PP755594.1|A/cattle/Texas/24-008749-003/2024(H5N1)	966	0
PA|PP755594.1|A/cattle/Texas/24-008749-003/2024(H5N1)	967	0
PA|PP755594.1|A/cattle/Texas/24-008749-003/2024(H5N1)	968	0
PA|PP755594.1|A/cattle/Texas/24-008749-003/2024(H5N1)	969	0
PA|PP755594.1|A/cattle/Texas/24-008749-003/2024(H5N1)	970	0
PA|PP755594.1|A/cattle/Texas/24-008749-003/2024(H5N1)	971	0
PA|PP755594.1|A/cattle/Texas/24-008749-003/2024(H5N1)	972	0
PA|PP755594.1|A/cattle/Texas/24-008749-003/2024(H5N1)	973	0
PA|PP755594.1|A/cattle/Texas/24-008749-003/2024(H5N1)	974	0
PA|PP755594.1|A/cattle/Texas/24-008749-003/2024(H5N1)	975	0
PA|PP755594.1|A/cattle/Texas/24-008749-003/2024(H5N1)	976	0
PA|PP755594.1|A/cattle/Texas/24-008749-003/2024(H5N1)	977	0
PA|PP755594.1|A/cattle/Texas/24-008749-003/2024(H5N1)	978	0
PA|PP755594.1|A/cattle/Texas/24-008749-003/2024(H5N1)	979	0
PA|PP755594.1|A/cattle/Texas/24-008749-003/2024(H5N1)	980	0
PA|PP755594.1|A/cattle/Texas/24-008749-003/2024(H5N1)	981	0
PA|PP755594.1|A/cattle/Texas/24-008749-003/2024(H5N1)	982	0
PA|PP755594.1|A/cattle/Texas/24-008749-003/2024(H5N1)	983	0
PA|PP755594.1|A/cattle/Texas/24-008749-003/2024(H5N1)	984	0
PA|PP755594.1|A/cattle/Texas/24-008749-003/2024(H5N1)	985	0
PA|PP755594.1|A/cattle/Texas/24-008749-003/2024(H5N1)	986	0
PA|PP755594.1|A/cattle/Texas/24-008749-003/2024(H5N1)	987	0
PA|PP755594.1|A/cattle/Texas/24-008749-003/2024(H5N1)	988	0
PA|PP755594.1|A/cattle/Texas/24-008749-003/2024(H5N1)	989	0
PA|PP755594.1|A/cattle/Texas/24-008749-003/2024(H5N1)	990	0
PA|PP755594.1|A/cattle/Texas/24-008749-003/2024(H5N1)	991	0
PA|PP755594.1|A/cattle/Texas/24-008749-003/2024(H5N1)	992	0
PA|PP755594.1|A/cattle/Texas/24-008749-003/2024(H5N1)	993	0
PA|PP755594.1|A/cattle/Texas/24-008749-003/2024(H5N1)	994	0
PA|PP755594.1|A/cattle/Texas/24-008749-003/2024(H5N1)	995	0
PA|PP755594.1|A/cattle/Texas/24-008749-003/2024(H5N1)	996	0
PA|PP755594.1|A/cattle/Texas/24-008749-003/2024(H5N1)	997	0
PA|PP755594.1|A/cattle/Texas/24-008749-003/2024(H5N1)	998	0
PA|PP755594.1|A/cattle/Texas/24-008749-003/2024(H5N1)	999	0
PA|PP755594.1|A/cattle/Texas/24-008749-003/2024(H5N1)	1000	0
PA|PP755594.1|A/cattle/Texas/24-008749-003/2024(H5N1)	1001	0
PA|PP755594.1|A/cattle/Texas/24-008749-003/2024(H5N1)	1002	0
PA|PP755594.1|A/cattle/Texas/24-008749-003/2024(H5N1)	1003	0
PA|PP755594.1|A/cattle/Texas/24-008749-003/2024(H5N1)	1004	0
PA|PP755594.1|A/cattle/Texas/24-008749-003/2024(H5N1)	1005	0
PA|PP755594.1|A/cattle/Texas/24-008749-003/2024(H5N1)	1006	0
PA|PP755594.1|A/cattle/Texas/24-008749-003/2024(H5N1)	1007	0
PA|PP755594.1|A/cattle/Texas/24-008749-003/2024(H5N1)	1008	0
PA|PP755594.1|A/cattle/Texas/24-008749-003/2024(H5N1)	1009	0
PA|PP755594.1|A/cattle/Texas/24-008749-003/2024(H5N1)	1010	0
PA|PP755594.1|A/cattle/Texas/24-008749-003/2024(H5N1)	1011	0
PA|PP755594.1|A/cattle/Texas/24-008749-003/2024(H5N1)	1012	0
PA|PP755594.1|A/cattle/Texas/24-008749-003/2024(H5N1)	1013	0
PA|PP755594.1|A/cattle/Texas/24-008749-003/2024(H5N1)	1014	0
PA|PP755594.1|A/cattle/Texas/24-008749-003/2024(H5N1)	1015	0
PA|PP755594.1|A/cattle/Texas/24-008749-003/2024(H5N1)	1016	0
PA|PP755594.1|A/cattle/Texas/24-008749-003/2024(H5N1)	1017	0
PA|PP755594.1|A/cattle/Texas/24-008749-003/2024(H5N1)	1018	0
PA|PP755594.1|A/cattle/Texas/24-008749-003/2024(H5N1)	1019	0
PA|PP755594.1|A/cattle/Texas/24-008749-003/2024(H5N1)	1020	0
PA|PP755594.1|A/cattle/Texas/24-008749-003/2024(H5N1)	1021	0
PA|PP755594.1|A/cattle/Texas/24-008749-003/2024(H5N1)	1022	0
PA|PP755594.1|A/cattle/Texas/24-008749-003/2024(H5N1)	1023	0
PA|PP755594.1|A/cattle/Texas/24-008749-003/2024(H5N1)	1024	0
PA|PP755594.1|A/cattle/Texas/24-008749-003/2024(H5N1)	1025	0
PA|PP755594.1|A/cattle/Texas/24-008749-003/2024(H5N1)	1026	0
PA|PP755594.1|A/cattle/Texas/24-008749-003/2024(H5N1)	1027	0
PA|PP755594.1|A/cattle/Texas/24-008749-003/2024(H5N1)	1028	0
PA|PP755594.1|A/cattle/Texas/24-008749-003/2024(H5N1)	1029	0
PA|PP755594.1|A/cattle/Texas/24-008749-003/2024(H5N1)	1030	0
PA|PP755594.1|A/cattle/Texas/24-008749-003/2024(H5N1)	1031	0
PA|PP755594.1|A/cattle/Texas/24-008749-003/2024(H5N1)	1032	0
PA|PP755594.1|A/cattle/Texas/24-008749-003/2024(H5N1)	1033	0
PA|PP755594.1|A/cattle/Texas/24-008749-003/2024(H5N1)	1034	0
PA|PP755594.1|A/cattle/Texas/24-008749-003/2024(H5N1)	1035	0
PA|PP755594.1|A/cattle/Texas/24-008749-003/2024(H5N1)	1036	0
PA|PP755594.1|A/cattle/Texas/24-008749-003/2024(H5N1)	1037	0
PA|PP755594.1|A/cattle/Texas/24-008749-003/2024(H5N1)	1038	0
PA|PP755594.1|A/cattle/Texas/24-008749-003/2024(H5N1)	1039	0
PA|PP755594.1|A/cattle/Texas/24-008749-003/2024(H5N1)	1040	0
PA|PP755594.1|A/cattle/Texas/24-008749-003/2024(H5N1)	1041	0
PA|PP755594.1|A/cattle/Texas/24-008749-003/2024(H5N1)	1042	0
PA|PP755594.1|A/cattle/Texas/24-008749-003/2024(H5N1)	1043	0
PA|PP755594.1|A/cattle/Texas/24-008749-003/2024(H5N1)	1044	0
PA|PP755594.1|A/cattle/Texas/24-008749-003/2024(H5N1)	1045	0
PA|PP755594.1|A/cattle/Texas/24-008749-003/2024(H5N1)	1046	0
PA|PP755594.1|A/cattle/Texas/24-008749-003/2024(H5N1)	1047	0
PA|PP755594.1|A/cattle/Texas/24-008749-003/2024(H5N1)	1048	0
PA|PP755594.1|A/cattle/Texas/24-008749-003/2024(H5N1)	1049	0
PA|PP755594.1|A/cattle/Texas/24-008749-003/2024(H5N1)	1050	0
PA|PP755594.1|A/cattle/Texas/24-008749-003/2024(H5N1)	1051	0
PA|PP755594.1|A/cattle/Texas/24-008749-003/2024(H5N1)	1052	0
PA|PP755594.1|A/cattle/Texas/24-008749-003/2024(H5N1)	1053	0
PA|PP755594.1|A/cattle/Texas/24-008749-003/2024(H5N1)	1054	0
PA|PP755594.1|A/cattle/Texas/24-008749-003/2024(H5N1)	1055	0
PA|PP755594.1|A/cattle/Texas/24-008749-003/2024(H5N1)	1056	0
PA|PP755594.1|A/cattle/Texas/24-008749-003/2024(H5N1)	1057	0
PA|PP755594.1|A/cattle/Texas/24-008749-003/2024(H5N1)	1058	0
PA|PP755594.1|A/cattle/Texas/24-008749-003/2024(H5N1)	1059	0
PA|PP755594.1|A/cattle/Texas/24-008749-003/2024(H5N1)	1060	0
PA|PP755594.1|A/cattle/Texas/24-008749-003/2024(H5N1)	1061	0
PA|PP755594.1|A/cattle/Texas/24-008749-003/2024(H5N1)	1062	0
PA|PP755594.1|A/cattle/Texas/24-008749-003/2024(H5N1)	1063	0
PA|PP755594.1|A/cattle/Texas/24-008749-003/2024(H5N1)	1064	0
PA|PP755594.1|A/cattle/Texas/24-008749-003/2024(H5N1)	1065	0
PA|PP755594.1|A/cattle/Texas/24-008749-003/2024(H5N1)	1066	0
PA|PP755594.1|A/cattle/Texas/24-008749-003/2024(H5N1)	1067	0
PA|PP755594.1|A/cattle/Texas/24-008749-003/2024(H5N1)	1068	0
PA|PP755594.1|A/cattle/Texas/24-008749-003/2024(H5N1)	1069	0
PA|PP755594.1|A/cattle/Texas/24-008749-003/2024(H5N1)	1070	0
PA|PP755594.1|A/cattle/Texas/24-008749-003/2024(H5N1)	1071	0
PA|PP755594.1|A/cattle/Texas/24-008749-003/2024(H5N1)	1072	0
PA|PP755594.1|A/cattle/Texas/24-008749-003/2024(H5N1)	1073	0
PA|PP755594.1|A/cattle/Texas/24-008749-003/2024(H5N1)	1074	0
PA|PP755594.1|A/cattle/Texas/24-008749-003/2024(H5N1)	1075	0
PA|PP755594.1|A/cattle/Texas/24-008749-003/2024(H5N1)	1076	0
PA|PP755594.1|A/cattle/Texas/24-008749-003/2024(H5N1)	1077	0
PA|PP755594.1|A/cattle/Texas/24-008749-003/2024(H5N1)	1078	0
PA|PP755594.1|A/cattle/Texas/24-008749-003/2024(H5N1)	1079	0
PA|PP755594.1|A/cattle/Texas/24-008749-003/2024(H5N1)	1080	0
PA|PP755594.1|A/cattle/Texas/24-008749-003/2024(H5N1)	1081	0
PA|PP755594.1|A/cattle/Texas/24-008749-003/2024(H5N1)	1082	0
PA|PP755594.1|A/cattle/Texas/24-008749-003/2024(H5N1)	1083	0
PA|PP755594.1|A/cattle/Texas/24-008749-003/2024(H5N1)	1084	0
PA|PP755594.1|A/cattle/Texas/24-008749-003/2024(H5N1)	1085	0
PA|PP755594.1|A/cattle/Texas/24-008749-003/2024(H5N1)	1086	0
PA|PP755594.1|A/cattle/Texas/24-008749-003/2024(H5N1)	1087	0
PA|PP755594.1|A/cattle/Texas/24-008749-003/2024(H5N1)	1088	0
PA|PP755594.1|A/cattle/Texas/24-008749-003/2024(H5N1)	1089	0
PA|PP755594.1|A/cattle/Texas/24-008749-003/2024(H5N1)	1090	0
PA|PP755594.1|A/cattle/Texas/24-008749-003/2024(H5N1)	1091	0
PA|PP755594.1|A/cattle/Texas/24-008749-003/2024(H5N1)	1092	0
PA|PP755594.1|A/cattle/Texas/24-008749-003/2024(H5N1)	1093	0
PA|PP755594.1|A/cattle/Texas/24-008749-003/2024(H5N1)	1094	0
PA|PP755594.1|A/cattle/Texas/24-008749-003/2024(H5N1)	1095	0
PA|PP755594.1|A/cattle/Texas/24-008749-003/2024(H5N1)	1096	0
PA|PP755594.1|A/cattle/Texas/24-008749-003/2024(H5N1)	1097	0
PA|PP755594.1|A/cattle/Texas/24-008749-003/2024(H5N1)	1098	0
PA|PP755594.1|A/cattle/Texas/24-008749-003/2024(H5N1)	1099	0
PA|PP755594.1|A/cattle/Texas/24-008749-003/2024(H5N1)	1100	0
PA|PP755594.1|A/cattle/Texas/24-008749-003/2024(H5N1)	1101	0
PA|PP755594.1|A/cattle/Texas/24-008749-003/2024(H5N1)	1102	0
PA|PP755594.1|A/cattle/Texas/24-008749-003/2024(H5N1)	1103	0
PA|PP755594.1|A/cattle/Texas/24-008749-003/2024(H5N1)	1104	0
PA|PP755594.1|A/cattle/Texas/24-008749-003/2024(H5N1)	1105	0
PA|PP755594.1|A/cattle/Texas/24-008749-003/2024(H5N1)	1106	0
PA|PP755594.1|A/cattle/Texas/24-008749-003/2024(H5N1)	1107	0
PA|PP755594.1|A/cattle/Texas/24-008749-003/2024(H5N1)	1108	0
PA|PP755594.1|A/cattle/Texas/24-008749-003/2024(H5N1)	1109	0
PA|PP755594.1|A/cattle/Texas/24-008749-003/2024(H5N1)	1110	0
PA|PP755594.1|A/cattle/Texas/24-008749-003/2024(H5N1)	1111	0
PA|PP755594.1|A/cattle/Texas/24-008749-003/2024(H5N1)	1112	0
PA|PP755594.1|A/cattle/Texas/24-008749-003/2024(H5N1)	1113	0
PA|PP755594.1|A/cattle/Texas/24-008749-003/2024(H5N1)	1114	0
PA|PP755594.1|A/cattle/Texas/24-008749-003/2024(H5N1)	1115	0
PA|PP755594.1|A/cattle/Texas/24-008749-003/2024(H5N1)	1116	0
PA|PP755594.1|A/cattle/Texas/24-008749-003/2024(H5N1)	1117	0
PA|PP755594.1|A/cattle/Texas/24-008749-003/2024(H5N1)	1118	0
PA|PP755594.1|A/cattle/Texas/24-008749-003/2024(H5N1)	1119	0
PA|PP755594.1|A/cattle/Texas/24-008749-003/2024(H5N1)	1120	0
PA|PP755594.1|A/cattle/Texas/24-008749-003/2024(H5N1)	1121	0
PA|PP755594.1|A/cattle/Texas/24-008749-003/2024(H5N1)	1122	0
PA|PP755594.1|A/cattle/Texas/24-008749-003/2024(H5N1)	1123	0
PA|PP755594.1|A/cattle/Texas/24-008749-003/2024(H5N1)	1124	0
PA|PP755594.1|A/cattle/Texas/24-008749-003/2024(H5N1)	1125	0
PA|PP755594.1|A/cattle/Texas/24-008749-003/2024(H5N1)	1126	0
PA|PP755594.1|A/cattle/Texas/24-008749-003/2024(H5N1)	1127	0
PA|PP755594.1|A/cattle/Texas/24-008749-003/2024(H5N1)	1128	0
PA|PP755594.1|A/cattle/Texas/24-008749-003/2024(H5N1)	1129	0
PA|PP755594.1|A/cattle/Texas/24-008749-003/2024(H5N1)	1130	0
PA|PP755594.1|A/cattle/Texas/24-008749-003/2024(H5N1)	1131	0
PA|PP755594.1|A/cattle/Texas/24-008749-003/2024(H5N1)	1132	0
PA|PP755594.1|A/cattle/Texas/24-008749-003/2024(H5N1)	1133	0
PA|PP755594.1|A/cattle/Texas/24-008749-003/2024(H5N1)	1134	0
PA|PP755594.1|A/cattle/Texas/24-008749-003/2024(H5N1)	1135	0
PA|PP755594.1|A/cattle/Texas/24-008749-003/2024(H5N1)	1136	0
PA|PP755594.1|A/cattle/Texas/24-008749-003/2024(H5N1)	1137	0
PA|PP755594.1|A/cattle/Texas/24-008749-003/2024(H5N1)	1138	0
PA|PP755594.1|A/cattle/Texas/24-008749-003/2024(H5N1)	1139	0
PA|PP755594.1|A/cattle/Texas/24-008749-003/2024(H5N1)	1140	0
PA|PP755594.1|A/cattle/Texas/24-008749-003/2024(H5N1)	1141	0
PA|PP755594.1|A/cattle/Texas/24-008749-003/2024(H5N1)	1142	0
PA|PP755594.1|A/cattle/Texas/24-008749-003/2024(H5N1)	1143	0
PA|PP755594.1|A/cattle/Texas/24-008749-003/2024(H5N1)	1144	0
PA|PP755594.1|A/cattle/Texas/24-008749-003/2024(H5N1)	1145	0
PA|PP755594.1|A/cattle/Texas/24-008749-003/2024(H5N1)	1146	0
PA|PP755594.1|A/cattle/Texas/24-008749-003/2024(H5N1)	1147	0
PA|PP755594.1|A/cattle/Texas/24-008749-003/2024(H5N1)	1148	0
PA|PP755594.1|A/cattle/Texas/24-008749-003/2024(H5N1)	1149	0
PA|PP755594.1|A/cattle/Texas/24-008749-003/2024(H5N1)	1150	0
PA|PP755594.1|A/cattle/Texas/24-008749-003/2024(H5N1)	1151	0
PA|PP755594.1|A/cattle/Texas/24-008749-003/2024(H5N1)	1152	0
PA|PP755594.1|A/cattle/Texas/24-008749-003/2024(H5N1)	1153	0
PA|PP755594.1|A/cattle/Texas/24-008749-003/2024(H5N1)	1154	0
PA|PP755594.1|A/cattle/Texas/24-008749-003/2024(H5N1)	1155	0
PA|PP755594.1|A/cattle/Texas/24-008749-003/2024(H5N1)	1156	0
PA|PP755594.1|A/cattle/Texas/24-008749-003/2024(H5N1)	1157	0
PA|PP755594.1|A/cattle/Texas/24-008749-003/2024(H5N1)	1158	0
PA|PP755594.1|A/cattle/Texas/24-008749-003/2024(H5N1)	1159	0
PA|PP755594.1|A/cattle/Texas/24-008749-003/2024(H5N1)	1160	0
PA|PP755594.1|A/cattle/Texas/24-008749-003/2024(H5N1)	1161	0
PA|PP755594.1|A/cattle/Texas/24-008749-003/2024(H5N1)	1162	0
PA|PP755594.1|A/cattle/Texas/24-008749-003/2024(H5N1)	1163	0
PA|PP755594.1|A/cattle/Texas/24-008749-003/2024(H5N1)	1164	0
PA|PP755594.1|A/cattle/Texas/24-008749-003/2024(H5N1)	1165	0
PA|PP755594.1|A/cattle/Texas/24-008749-003/2024(H5N1)	1166	0
PA|PP755594.1|A/cattle/Texas/24-008749-003/2024(H5N1)	1167	0
PA|PP755594.1|A/cattle/Texas/24-008749-003/2024(H5N1)	1168	0
PA|PP755594.1|A/cattle/Texas/24-008749-003/2024(H5N1)	1169	0
PA|PP755594.1|A/cattle/Texas/24-008749-003/2024(H5N1)	1170	0
PA|PP755594.1|A/cattle/Texas/24-008749-003/2024(H5N1)	1171	0
PA|PP755594.1|A/cattle/Texas/24-008749-003/2024(H5N1)	1172	0
PA|PP755594.1|A/cattle/Texas/24-008749-003/2024(H5N1)	1173	0
PA|PP755594.1|A/cattle/Texas/24-008749-003/2024(H5N1)	1174	0
PA|PP755594.1|A/cattle/Texas/24-008749-003/2024(H5N1)	1175	0
PA|PP755594.1|A/cattle/Texas/24-008749-003/2024(H5N1)	1176	0
PA|PP755594.1|A/cattle/Texas/24-008749-003/2024(H5N1)	1177	0
PA|PP755594.1|A/cattle/Texas/24-008749-003/2024(H5N1)	1178	0
PA|PP755594.1|A/cattle/Texas/24-008749-003/2024(H5N1)	1179	0
PA|PP755594.1|A/cattle/Texas/24-008749-003/2024(H5N1)	1180	0
PA|PP755594.1|A/cattle/Texas/24-008749-003/2024(H5N1)	1181	0
PA|PP755594.1|A/cattle/Texas/24-008749-003/2024(H5N1)	1182	0
PA|PP755594.1|A/cattle/Texas/24-008749-003/2024(H5N1)	1183	0
PA|PP755594.1|A/cattle/Texas/24-008749-003/2024(H5N1)	1184	0
PA|PP755594.1|A/cattle/Texas/24-008749-003/2024(H5N1)	1185	0
PA|PP755594.1|A/cattle/Texas/24-008749-003/2024(H5N1)	1186	0
PA|PP755594.1|A/cattle/Texas/24-008749-003/2024(H5N1)	1187	0
PA|PP755594.1|A/cattle/Texas/24-008749-003/2024(H5N1)	1188	0
PA|PP755594.1|A/cattle/Texas/24-008749-003/2024(H5N1)	1189	0
PA|PP755594.1|A/cattle/Texas/24-008749-003/2024(H5N1)	1190	0
PA|PP755594.1|A/cattle/Texas/24-008749-003/2024(H5N1)	1191	0
PA|PP755594.1|A/cattle/Texas/24-008749-003/2024(H5N1)	1192	1
PA|PP755594.1|A/cattle/Texas/24-008749-003/2024(H5N1)	1193	1
PA|PP755594.1|A/cattle/Texas/24-008749-003/2024(H5N1)	1194	1
PA|PP755594.1|A/cattle/Texas/24-008749-003/2024(H5N1)	1195	1
PA|PP755594.1|A/cattle/Texas/24-008749-003/2024(H5N1)	1196	1
PA|PP755594.1|A/cattle/Texas/24-008749-003/2024(H5N1)	1197	1
PA|PP755594.1|A/cattle/Texas/24-008749-003/2024(H5N1)	1198	1
PA|PP755594.1|A/cattle/Texas/24-008749-003/2024(H5N1)	1199	1
PA|PP755594.1|A/cattle/Texas/24-008749-003/2024(H5N1)	1200	1
PA|PP755594.1|A/cattle/Texas/24-008749-003/2024(H5N1)	1201	1
PA|PP755594.1|A/cattle/Texas/24-008749-003/2024(H5N1)	1202	1
PA|PP755594.1|A/cattle/Texas/24-008749-003/2024(H5N1)	1203	1
PA|PP755594.1|A/cattle/Texas/24-008749-003/2024(H5N1)	1204	1
PA|PP755594.1|A/cattle/Texas/24-008749-003/2024(H5N1)	1205	1
PA|PP755594.1|A/cattle/Texas/24-008749-003/2024(H5N1)	1206	1
PA|PP755594.1|A/cattle/Texas/24-008749-003/2024(H5N1)	1207	1
PA|PP755594.1|A/cattle/Texas/24-008749-003/2024(H5N1)	1208	1
PA|PP755594.1|A/cattle/Texas/24-008749-003/2024(H5N1)	1209	1
PA|PP755594.1|A/cattle/Texas/24-008749-003/2024(H5N1)	1210	1
PA|PP755594.1|A/cattle/Texas/24-008749-003/2024(H5N1)	1211	1
PA|PP755594.1|A/cattle/Texas/24-008749-003/2024(H5N1)	1212	1
PA|PP755594.1|A/cattle/Texas/24-008749-003/2024(H5N1)	1213	1
PA|PP755594.1|A/cattle/Texas/24-008749-003/2024(H5N1)	1214	1
PA|PP755594.1|A/cattle/Texas/24-008749-003/2024(H5N1)	1215	1
PA|PP755594.1|A/cattle/Texas/24-008749-003/2024(H5N1)	1216	1
PA|PP755594.1|A/cattle/Texas/24-008749-003/2024(H5N1)	1217	1
PA|PP755594.1|A/cattle/Texas/24-008749-003/2024(H5N1)	1218	1
PA|PP755594.1|A/cattle/Texas/24-008749-003/2024(H5N1)	1219	1
PA|PP755594.1|A/cattle/Texas/24-008749-003/2024(H5N1)	1220	1
PA|PP755594.1|A/cattle/Texas/24-008749-003/2024(H5N1)	1221	1
PA|PP755594.1|A/cattle/Texas/24-008749-003/2024(H5N1)	1222	1
PA|PP755594.1|A/cattle/Texas/24-008749-003/2024(H5N1)	1223	1
PA|PP755594.1|A/cattle/Texas/24-008749-003/2024(H5N1)	1224	1
PA|PP755594.1|A/cattle/Texas/24-008749-003/2024(H5N1)	1225	2
PA|PP755594.1|A/cattle/Texas/24-008749-003/2024(H5N1)	1226	2
PA|PP755594.1|A/cattle/Texas/24-008749-003/2024(H5N1)	1227	2
PA|PP755594.1|A/cattle/Texas/24-008749-003/2024(H5N1)	1228	2
PA|PP755594.1|A/cattle/Texas/24-008749-003/2024(H5N1)	1229	2
PA|PP755594.1|A/cattle/Texas/24-008749-003/2024(H5N1)	1230	2
PA|PP755594.1|A/cattle/Texas/24-008749-003/2024(H5N1)	1231	2
PA|PP755594.1|A/cattle/Texas/24-008749-003/2024(H5N1)	1232	2
PA|PP755594.1|A/cattle/Texas/24-008749-003/2024(H5N1)	1233	2
PA|PP755594.1|A/cattle/Texas/24-008749-003/2024(H5N1)	1234	2
PA|PP755594.1|A/cattle/Texas/24-008749-003/2024(H5N1)	1235	2
PA|PP755594.1|A/cattle/Texas/24-008749-003/2024(H5N1)	1236	2
PA|PP755594.1|A/cattle/Texas/24-008749-003/2024(H5N1)	1237	2
PA|PP755594.1|A/cattle/Texas/24-008749-003/2024(H5N1)	1238	2
PA|PP755594.1|A/cattle/Texas/24-008749-003/2024(H5N1)	1239	2
PA|PP755594.1|A/cattle/Texas/24-008749-003/2024(H5N1)	1240	2
PA|PP755594.1|A/cattle/Texas/24-008749-003/2024(H5N1)	1241	2
PA|PP755594.1|A/cattle/Texas/24-008749-003/2024(H5N1)	1242	2
PA|PP755594.1|A/cattle/Texas/24-008749-003/2024(H5N1)	1243	2
PA|PP755594.1|A/cattle/Texas/24-008749-003/2024(H5N1)	1244	2
PA|PP755594.1|A/cattle/Texas/24-008749-003/2024(H5N1)	1245	2
PA|PP755594.1|A/cattle/Texas/24-008749-003/2024(H5N1)	1246	2
PA|PP755594.1|A/cattle/Texas/24-008749-003/2024(H5N1)	1247	2
PA|PP755594.1|A/cattle/Texas/24-008749-003/2024(H5N1)	1248	2
PA|PP755594.1|A/cattle/Texas/24-008749-003/2024(H5N1)	1249	2
PA|PP755594.1|A/cattle/Texas/24-008749-003/2024(H5N1)	1250	2
PA|PP755594.1|A/cattle/Texas/24-008749-003/2024(H5N1)	1251	2
PA|PP755594.1|A/cattle/Texas/24-008749-003/2024(H5N1)	1252	2
PA|PP755594.1|A/cattle/Texas/24-008749-003/2024(H5N1)	1253	2
PA|PP755594.1|A/cattle/Texas/24-008749-003/2024(H5N1)	1254	2
PA|PP755594.1|A/cattle/Texas/24-008749-003/2024(H5N1)	1255	2
PA|PP755594.1|A/cattle/Texas/24-008749-003/2024(H5N1)	1256	2
PA|PP755594.1|A/cattle/Texas/24-008749-003/2024(H5N1)	1257	2
PA|PP755594.1|A/cattle/Texas/24-008749-003/2024(H5N1)	1258	2
PA|PP755594.1|A/cattle/Texas/24-008749-003/2024(H5N1)	1259	2
PA|PP755594.1|A/cattle/Texas/24-008749-003/2024(H5N1)	1260	2
PA|PP755594.1|A/cattle/Texas/24-008749-003/2024(H5N1)	1261	2
PA|PP755594.1|A/cattle/Texas/24-008749-003/2024(H5N1)	1262	2
PA|PP755594.1|A/cattle/Texas/24-008749-003/2024(H5N1)	1263	2
PA|PP755594.1|A/cattle/Texas/24-008749-003/2024(H5N1)	1264	2
PA|PP755594.1|A/cattle/Texas/24-008749-003/2024(H5N1)	1265	5
PA|PP755594.1|A/cattle/Texas/24-008749-003/2024(H5N1)	1266	5
PA|PP755594.1|A/cattle/Texas/24-008749-003/2024(H5N1)	1267	5
PA|PP755594.1|A/cattle/Texas/24-008749-003/2024(H5N1)	1268	5
PA|PP755594.1|A/cattle/Texas/24-008749-003/2024(H5N1)	1269	5
PA|PP755594.1|A/cattle/Texas/24-008749-003/2024(H5N1)	1270	5
PA|PP755594.1|A/cattle/Texas/24-008749-003/2024(H5N1)	1271	5
PA|PP755594.1|A/cattle/Texas/24-008749-003/2024(H5N1)	1272	5
PA|PP755594.1|A/cattle/Texas/24-008749-003/2024(H5N1)	1273	5
PA|PP755594.1|A/cattle/Texas/24-008749-003/2024(H5N1)	1274	5
PA|PP755594.1|A/cattle/Texas/24-008749-003/2024(H5N1)	1275	5
PA|PP755594.1|A/cattle/Texas/24-008749-003/2024(H5N1)	1276	5
PA|PP755594.1|A/cattle/Texas/24-008749-003/2024(H5N1)	1277	5
PA|PP755594.1|A/cattle/Texas/24-008749-003/2024(H5N1)	1278	5
PA|PP755594.1|A/cattle/Texas/24-008749-003/2024(H5N1)	1279	5
PA|PP755594.1|A/cattle/Texas/24-008749-003/2024(H5N1)	1280	5
PA|PP755594.1|A/cattle/Texas/24-008749-003/2024(H5N1)	1281	5
PA|PP755594.1|A/cattle/Texas/24-008749-003/2024(H5N1)	1282	5
PA|PP755594.1|A/cattle/Texas/24-008749-003/2024(H5N1)	1283	5
PA|PP755594.1|A/cattle/Texas/24-008749-003/2024(H5N1)	1284	5
PA|PP755594.1|A/cattle/Texas/24-008749-003/2024(H5N1)	1285	5
PA|PP755594.1|A/cattle/Texas/24-008749-003/2024(H5N1)	1286	5
PA|PP755594.1|A/cattle/Texas/24-008749-003/2024(H5N1)	1287	5
PA|PP755594.1|A/cattle/Texas/24-008749-003/2024(H5N1)	1288	5
PA|PP755594.1|A/cattle/Texas/24-008749-003/2024(H5N1)	1289	5
PA|PP755594.1|A/cattle/Texas/24-008749-003/2024(H5N1)	1290	5
PA|PP755594.1|A/cattle/Texas/24-008749-003/2024(H5N1)	1291	5
PA|PP755594.1|A/cattle/Texas/24-008749-003/2024(H5N1)	1292	5
PA|PP755594.1|A/cattle/Texas/24-008749-003/2024(H5N1)	1293	5
PA|PP755594.1|A/cattle/Texas/24-008749-003/2024(H5N1)	1294	5
PA|PP755594.1|A/cattle/Texas/24-008749-003/2024(H5N1)	1295	5
PA|PP755594.1|A/cattle/Texas/24-008749-003/2024(H5N1)	1296	5
PA|PP755594.1|A/cattle/Texas/24-008749-003/2024(H5N1)	1297	5
PA|PP755594.1|A/cattle/Texas/24-008749-003/2024(H5N1)	1298	5
PA|PP755594.1|A/cattle/Texas/24-008749-003/2024(H5N1)	1299	5
PA|PP755594.1|A/cattle/Texas/24-008749-003/2024(H5N1)	1300	5
PA|PP755594.1|A/cattle/Texas/24-008749-003/2024(H5N1)	1301	5
PA|PP755594.1|A/cattle/Texas/24-008749-003/2024(H5N1)	1302	5
PA|PP755594.1|A/cattle/Texas/24-008749-003/2024(H5N1)	1303	5
PA|PP755594.1|A/cattle/Texas/24-008749-003/2024(H5N1)	1304	5
PA|PP755594.1|A/cattle/Texas/24-008749-003/2024(H5N1)	1305	5
PA|PP755594.1|A/cattle/Texas/24-008749-003/2024(H5N1)	1306	5
PA|PP755594.1|A/cattle/Texas/24-008749-003/2024(H5N1)	1307	5
PA|PP755594.1|A/cattle/Texas/24-008749-003/2024(H5N1)	1308	5
PA|PP755594.1|A/cattle/Texas/24-008749-003/2024(H5N1)	1309	5
PA|PP755594.1|A/cattle/Texas/24-008749-003/2024(H5N1)	1310	5
PA|PP755594.1|A/cattle/Texas/24-008749-003/2024(H5N1)	1311	5
PA|PP755594.1|A/cattle/Texas/24-008749-003/2024(H5N1)	1312	5
PA|PP755594.1|A/cattle/Texas/24-008749-003/2024(H5N1)	1313	5
PA|PP755594.1|A/cattle/Texas/24-008749-003/2024(H5N1)	1314	5
PA|PP755594.1|A/cattle/Texas/24-008749-003/2024(H5N1)	1315	5
PA|PP755594.1|A/cattle/Texas/24-008749-003/2024(H5N1)	1316	5
PA|PP755594.1|A/cattle/Texas/24-008749-003/2024(H5N1)	1317	4
PA|PP755594.1|A/cattle/Texas/24-008749-003/2024(H5N1)	1318	4
PA|PP755594.1|A/cattle/Texas/24-008749-003/2024(H5N1)	1319	4
PA|PP755594.1|A/cattle/Texas/24-008749-003/2024(H5N1)	1320	4
PA|PP755594.1|A/cattle/Texas/24-008749-003/2024(H5N1)	1321	4
PA|PP755594.1|A/cattle/Texas/24-008749-003/2024(H5N1)	1322	4
PA|PP755594.1|A/cattle/Texas/24-008749-003/2024(H5N1)	1323	4
PA|PP755594.1|A/cattle/Texas/24-008749-003/2024(H5N1)	1324	4
PA|PP755594.1|A/cattle/Texas/24-008749-003/2024(H5N1)	1325	4
PA|PP755594.1|A/cattle/Texas/24-008749-003/2024(H5N1)	1326	4
PA|PP755594.1|A/cattle/Texas/24-008749-003/2024(H5N1)	1327	4
PA|PP755594.1|A/cattle/Texas/24-008749-003/2024(H5N1)	1328	4
PA|PP755594.1|A/cattle/Texas/24-008749-003/2024(H5N1)	1329	4
PA|PP755594.1|A/cattle/Texas/24-008749-003/2024(H5N1)	1330	4
PA|PP755594.1|A/cattle/Texas/24-008749-003/2024(H5N1)	1331	4
PA|PP755594.1|A/cattle/Texas/24-008749-003/2024(H5N1)	1332	4
PA|PP755594.1|A/cattle/Texas/24-008749-003/2024(H5N1)	1333	4
PA|PP755594.1|A/cattle/Texas/24-008749-003/2024(H5N1)	1334	4
PA|PP755594.1|A/cattle/Texas/24-008749-003/2024(H5N1)	1335	4
PA|PP755594.1|A/cattle/Texas/24-008749-003/2024(H5N1)	1336	4
PA|PP755594.1|A/cattle/Texas/24-008749-003/2024(H5N1)	1337	4
PA|PP755594.1|A/cattle/Texas/24-008749-003/2024(H5N1)	1338	4
PA|PP755594.1|A/cattle/Texas/24-008749-003/2024(H5N1)	1339	4
PA|PP755594.1|A/cattle/Texas/24-008749-003/2024(H5N1)	1340	4
PA|PP755594.1|A/cattle/Texas/24-008749-003/2024(H5N1)	1341	4
PA|PP755594.1|A/cattle/Texas/24-008749-003/2024(H5N1)	1342	4
PA|PP755594.1|A/cattle/Texas/24-008749-003/2024(H5N1)	1343	4
PA|PP755594.1|A/cattle/Texas/24-008749-003/2024(H5N1)	1344	4
PA|PP755594.1|A/cattle/Texas/24-008749-003/2024(H5N1)	1345	5
PA|PP755594.1|A/cattle/Texas/24-008749-003/2024(H5N1)	1346	5
PA|PP755594.1|A/cattle/Texas/24-008749-003/2024(H5N1)	1347	5
PA|PP755594.1|A/cattle/Texas/24-008749-003/2024(H5N1)	1348	5
PA|PP755594.1|A/cattle/Texas/24-008749-003/2024(H5N1)	1349	5
PA|PP755594.1|A/cattle/Texas/24-008749-003/2024(H5N1)	1350	5
PA|PP755594.1|A/cattle/Texas/24-008749-003/2024(H5N1)	1351	5
PA|PP755594.1|A/cattle/Texas/24-008749-003/2024(H5N1)	1352	5
PA|PP755594.1|A/cattle/Texas/24-008749-003/2024(H5N1)	1353	5
PA|PP755594.1|A/cattle/Texas/24-008749-003/2024(H5N1)	1354	5
PA|PP755594.1|A/cattle/Texas/24-008749-003/2024(H5N1)	1355	5
PA|PP755594.1|A/cattle/Texas/24-008749-003/2024(H5N1)	1356	5
PA|PP755594.1|A/cattle/Texas/24-008749-003/2024(H5N1)	1357	5
PA|PP755594.1|A/cattle/Texas/24-008749-003/2024(H5N1)	1358	5
PA|PP755594.1|A/cattle/Texas/24-008749-003/2024(H5N1)	1359	5
PA|PP755594.1|A/cattle/Texas/24-008749-003/2024(H5N1)	1360	5
PA|PP755594.1|A/cattle/Texas/24-008749-003/2024(H5N1)	1361	5
PA|PP755594.1|A/cattle/Texas/24-008749-003/2024(H5N1)	1362	5
PA|PP755594.1|A/cattle/Texas/24-008749-003/2024(H5N1)	1363	6
PA|PP755594.1|A/cattle/Texas/24-008749-003/2024(H5N1)	1364	6
PA|PP755594.1|A/cattle/Texas/24-008749-003/2024(H5N1)	1365	6
PA|PP755594.1|A/cattle/Texas/24-008749-003/2024(H5N1)	1366	6
PA|PP755594.1|A/cattle/Texas/24-008749-003/2024(H5N1)	1367	7
PA|PP755594.1|A/cattle/Texas/24-008749-003/2024(H5N1)	1368	7
PA|PP755594.1|A/cattle/Texas/24-008749-003/2024(H5N1)	1369	7
PA|PP755594.1|A/cattle/Texas/24-008749-003/2024(H5N1)	1370	7
PA|PP755594.1|A/cattle/Texas/24-008749-003/2024(H5N1)	1371	7
PA|PP755594.1|A/cattle/Texas/24-008749-003/2024(H5N1)	1372	7
PA|PP755594.1|A/cattle/Texas/24-008749-003/2024(H5N1)	1373	7
PA|PP755594.1|A/cattle/Texas/24-008749-003/2024(H5N1)	1374	7
PA|PP755594.1|A/cattle/Texas/24-008749-003/2024(H5N1)	1375	6
PA|PP755594.1|A/cattle/Texas/24-008749-003/2024(H5N1)	1376	6
PA|PP755594.1|A/cattle/Texas/24-008749-003/2024(H5N1)	1377	6
PA|PP755594.1|A/cattle/Texas/24-008749-003/2024(H5N1)	1378	6
PA|PP755594.1|A/cattle/Texas/24-008749-003/2024(H5N1)	1379	6
PA|PP755594.1|A/cattle/Texas/24-008749-003/2024(H5N1)	1380	6
PA|PP755594.1|A/cattle/Texas/24-008749-003/2024(H5N1)	1381	6
PA|PP755594.1|A/cattle/Texas/24-008749-003/2024(H5N1)	1382	6
PA|PP755594.1|A/cattle/Texas/24-008749-003/2024(H5N1)	1383	6
PA|PP755594.1|A/cattle/Texas/24-008749-003/2024(H5N1)	1384	6
PA|PP755594.1|A/cattle/Texas/24-008749-003/2024(H5N1)	1385	6
PA|PP755594.1|A/cattle/Texas/24-008749-003/2024(H5N1)	1386	6
PA|PP755594.1|A/cattle/Texas/24-008749-003/2024(H5N1)	1387	6
PA|PP755594.1|A/cattle/Texas/24-008749-003/2024(H5N1)	1388	6
PA|PP755594.1|A/cattle/Texas/24-008749-003/2024(H5N1)	1389	6
PA|PP755594.1|A/cattle/Texas/24-008749-003/2024(H5N1)	1390	6
PA|PP755594.1|A/cattle/Texas/24-008749-003/2024(H5N1)	1391	6
PA|PP755594.1|A/cattle/Texas/24-008749-003/2024(H5N1)	1392	6
PA|PP755594.1|A/cattle/Texas/24-008749-003/2024(H5N1)	1393	6
PA|PP755594.1|A/cattle/Texas/24-008749-003/2024(H5N1)	1394	6
PA|PP755594.1|A/cattle/Texas/24-008749-003/2024(H5N1)	1395	6
PA|PP755594.1|A/cattle/Texas/24-008749-003/2024(H5N1)	1396	6
PA|PP755594.1|A/cattle/Texas/24-008749-003/2024(H5N1)	1397	6
PA|PP755594.1|A/cattle/Texas/24-008749-003/2024(H5N1)	1398	6
PA|PP755594.1|A/cattle/Texas/24-008749-003/2024(H5N1)	1399	6
PA|PP755594.1|A/cattle/Texas/24-008749-003/2024(H5N1)	1400	6
PA|PP755594.1|A/cattle/Texas/24-008749-003/2024(H5N1)	1401	6
PA|PP755594.1|A/cattle/Texas/24-008749-003/2024(H5N1)	1402	6
PA|PP755594.1|A/cattle/Texas/24-008749-003/2024(H5N1)	1403	6
PA|PP755594.1|A/cattle/Texas/24-008749-003/2024(H5N1)	1404	3
PA|PP755594.1|A/cattle/Texas/24-008749-003/2024(H5N1)	1405	3
PA|PP755594.1|A/cattle/Texas/24-008749-003/2024(H5N1)	1406	3
PA|PP755594.1|A/cattle/Texas/24-008749-003/2024(H5N1)	1407	3
PA|PP755594.1|A/cattle/Texas/24-008749-003/2024(H5N1)	1408	3
PA|PP755594.1|A/cattle/Texas/24-008749-003/2024(H5N1)	1409	3
PA|PP755594.1|A/cattle/Texas/24-008749-003/2024(H5N1)	1410	3
PA|PP755594.1|A/cattle/Texas/24-008749-003/2024(H5N1)	1411	4
PA|PP755594.1|A/cattle/Texas/24-008749-003/2024(H5N1)	1412	4
PA|PP755594.1|A/cattle/Texas/24-008749-003/2024(H5N1)	1413	4
PA|PP755594.1|A/cattle/Texas/24-008749-003/2024(H5N1)	1414	4
PA|PP755594.1|A/cattle/Texas/24-008749-003/2024(H5N1)	1415	4
PA|PP755594.1|A/cattle/Texas/24-008749-003/2024(H5N1)	1416	4
PA|PP755594.1|A/cattle/Texas/24-008749-003/2024(H5N1)	1417	4
PA|PP755594.1|A/cattle/Texas/24-008749-003/2024(H5N1)	1418	4
PA|PP755594.1|A/cattle/Texas/24-008749-003/2024(H5N1)	1419	4
PA|PP755594.1|A/cattle/Texas/24-008749-003/2024(H5N1)	1420	4
PA|PP755594.1|A/cattle/Texas/24-008749-003/2024(H5N1)	1421	4
PA|PP755594.1|A/cattle/Texas/24-008749-003/2024(H5N1)	1422	4
PA|PP755594.1|A/cattle/Texas/24-008749-003/2024(H5N1)	1423	4
PA|PP755594.1|A/cattle/Texas/24-008749-003/2024(H5N1)	1424	4
PA|PP755594.1|A/cattle/Texas/24-008749-003/2024(H5N1)	1425	4
PA|PP755594.1|A/cattle/Texas/24-008749-003/2024(H5N1)	1426	4
PA|PP755594.1|A/cattle/Texas/24-008749-003/2024(H5N1)	1427	4
PA|PP755594.1|A/cattle/Texas/24-008749-003/2024(H5N1)	1428	4
PA|PP755594.1|A/cattle/Texas/24-008749-003/2024(H5N1)	1429	4
PA|PP755594.1|A/cattle/Texas/24-008749-003/2024(H5N1)	1430	4
PA|PP755594.1|A/cattle/Texas/24-008749-003/2024(H5N1)	1431	4
PA|PP755594.1|A/cattle/Texas/24-008749-003/2024(H5N1)	1432	4
PA|PP755594.1|A/cattle/Texas/24-008749-003/2024(H5N1)	1433	4
PA|PP755594.1|A/cattle/Texas/24-008749-003/2024(H5N1)	1434	4
PA|PP755594.1|A/cattle/Texas/24-008749-003/2024(H5N1)	1435	4
PA|PP755594.1|A/cattle/Texas/24-008749-003/2024(H5N1)	1436	4
PA|PP755594.1|A/cattle/Texas/24-008749-003/2024(H5N1)	1437	4
PA|PP755594.1|A/cattle/Texas/24-008749-003/2024(H5N1)	1438	4
PA|PP755594.1|A/cattle/Texas/24-008749-003/2024(H5N1)	1439	4
PA|PP755594.1|A/cattle/Texas/24-008749-003/2024(H5N1)	1440	4
PA|PP755594.1|A/cattle/Texas/24-008749-003/2024(H5N1)	1441	4
PA|PP755594.1|A/cattle/Texas/24-008749-003/2024(H5N1)	1442	4
PA|PP755594.1|A/cattle/Texas/24-008749-003/2024(H5N1)	1443	4
PA|PP755594.1|A/cattle/Texas/24-008749-003/2024(H5N1)	1444	4
PA|PP755594.1|A/cattle/Texas/24-008749-003/2024(H5N1)	1445	5
PA|PP755594.1|A/cattle/Texas/24-008749-003/2024(H5N1)	1446	5
PA|PP755594.1|A/cattle/Texas/24-008749-003/2024(H5N1)	1447	5
PA|PP755594.1|A/cattle/Texas/24-008749-003/2024(H5N1)	1448	5
PA|PP755594.1|A/cattle/Texas/24-008749-003/2024(H5N1)	1449	5
PA|PP755594.1|A/cattle/Texas/24-008749-003/2024(H5N1)	1450	5
PA|PP755594.1|A/cattle/Texas/24-008749-003/2024(H5N1)	1451	5
PA|PP755594.1|A/cattle/Texas/24-008749-003/2024(H5N1)	1452	5
PA|PP755594.1|A/cattle/Texas/24-008749-003/2024(H5N1)	1453	5
PA|PP755594.1|A/cattle/Texas/24-008749-003/2024(H5N1)	1454	5
PA|PP755594.1|A/cattle/Texas/24-008749-003/2024(H5N1)	1455	5
PA|PP755594.1|A/cattle/Texas/24-008749-003/2024(H5N1)	1456	5
PA|PP755594.1|A/cattle/Texas/24-008749-003/2024(H5N1)	1457	5
PA|PP755594.1|A/cattle/Texas/24-008749-003/2024(H5N1)	1458	5
PA|PP755594.1|A/cattle/Texas/24-008749-003/2024(H5N1)	1459	5
PA|PP755594.1|A/cattle/Texas/24-008749-003/2024(H5N1)	1460	5
PA|PP755594.1|A/cattle/Texas/24-008749-003/2024(H5N1)	1461	5
PA|PP755594.1|A/cattle/Texas/24-008749-003/2024(H5N1)	1462	5
PA|PP755594.1|A/cattle/Texas/24-008749-003/2024(H5N1)	1463	5
PA|PP755594.1|A/cattle/Texas/24-008749-003/2024(H5N1)	1464	5
PA|PP755594.1|A/cattle/Texas/24-008749-003/2024(H5N1)	1465	5
PA|PP755594.1|A/cattle/Texas/24-008749-003/2024(H5N1)	1466	5
PA|PP755594.1|A/cattle/Texas/24-008749-003/2024(H5N1)	1467	5
PA|PP755594.1|A/cattle/Texas/24-008749-003/2024(H5N1)	1468	5
PA|PP755594.1|A/cattle/Texas/24-008749-003/2024(H5N1)	1469	5
PA|PP755594.1|A/cattle/Texas/24-008749-003/2024(H5N1)	1470	5
PA|PP755594.1|A/cattle/Texas/24-008749-003/2024(H5N1)	1471	5
PA|PP755594.1|A/cattle/Texas/24-008749-003/2024(H5N1)	1472	6
PA|PP755594.1|A/cattle/Texas/24-008749-003/2024(H5N1)	1473	6
PA|PP755594.1|A/cattle/Texas/24-008749-003/2024(H5N1)	1474	79
PA|PP755594.1|A/cattle/Texas/24-008749-003/2024(H5N1)	1475	81
PA|PP755594.1|A/cattle/Texas/24-008749-003/2024(H5N1)	1476	81
PA|PP755594.1|A/cattle/Texas/24-008749-003/2024(H5N1)	1477	81
PA|PP755594.1|A/cattle/Texas/24-008749-003/2024(H5N1)	1478	81
PA|PP755594.1|A/cattle/Texas/24-008749-003/2024(H5N1)	1479	81
PA|PP755594.1|A/cattle/Texas/24-008749-003/2024(H5N1)	1480	81
PA|PP755594.1|A/cattle/Texas/24-008749-003/2024(H5N1)	1481	81
PA|PP755594.1|A/cattle/Texas/24-008749-003/2024(H5N1)	1482	81
PA|PP755594.1|A/cattle/Texas/24-008749-003/2024(H5N1)	1483	81
PA|PP755594.1|A/cattle/Texas/24-008749-003/2024(H5N1)	1484	81
PA|PP755594.1|A/cattle/Texas/24-008749-003/2024(H5N1)	1485	85
PA|PP755594.1|A/cattle/Texas/24-008749-003/2024(H5N1)	1486	85
PA|PP755594.1|A/cattle/Texas/24-008749-003/2024(H5N1)	1487	85
PA|PP755594.1|A/cattle/Texas/24-008749-003/2024(H5N1)	1488	85
PA|PP755594.1|A/cattle/Texas/24-008749-003/2024(H5N1)	1489	85
PA|PP755594.1|A/cattle/Texas/24-008749-003/2024(H5N1)	1490	84
PA|PP755594.1|A/cattle/Texas/24-008749-003/2024(H5N1)	1491	84
PA|PP755594.1|A/cattle/Texas/24-008749-003/2024(H5N1)	1492	84
PA|PP755594.1|A/cattle/Texas/24-008749-003/2024(H5N1)	1493	85
PA|PP755594.1|A/cattle/Texas/24-008749-003/2024(H5N1)	1494	85
PA|PP755594.1|A/cattle/Texas/24-008749-003/2024(H5N1)	1495	88
PA|PP755594.1|A/cattle/Texas/24-008749-003/2024(H5N1)	1496	87
PA|PP755594.1|A/cattle/Texas/24-008749-003/2024(H5N1)	1497	87
PA|PP755594.1|A/cattle/Texas/24-008749-003/2024(H5N1)	1498	95
PA|PP755594.1|A/cattle/Texas/24-008749-003/2024(H5N1)	1499	96
PA|PP755594.1|A/cattle/Texas/24-008749-003/2024(H5N1)	1500	99
PA|PP755594.1|A/cattle/Texas/24-008749-003/2024(H5N1)	1501	115
PA|PP755594.1|A/cattle/Texas/24-008749-003/2024(H5N1)	1502	115
PA|PP755594.1|A/cattle/Texas/24-008749-003/2024(H5N1)	1503	117
PA|PP755594.1|A/cattle/Texas/24-008749-003/2024(H5N1)	1504	117
PA|PP755594.1|A/cattle/Texas/24-008749-003/2024(H5N1)	1505	120
PA|PP755594.1|A/cattle/Texas/24-008749-003/2024(H5N1)	1506	125
PA|PP755594.1|A/cattle/Texas/24-008749-003/2024(H5N1)	1507	126
PA|PP755594.1|A/cattle/Texas/24-008749-003/2024(H5N1)	1508	126
PA|PP755594.1|A/cattle/Texas/24-008749-003/2024(H5N1)	1509	126
PA|PP755594.1|A/cattle/Texas/24-008749-003/2024(H5N1)	1510	128
PA|PP755594.1|A/cattle/Texas/24-008749-003/2024(H5N1)	1511	130
PA|PP755594.1|A/cattle/Texas/24-008749-003/2024(H5N1)	1512	130
PA|PP755594.1|A/cattle/Texas/24-008749-003/2024(H5N1)	1513	133
PA|PP755594.1|A/cattle/Texas/24-008749-003/2024(H5N1)	1514	134
PA|PP755594.1|A/cattle/Texas/24-008749-003/2024(H5N1)	1515	139
PA|PP755594.1|A/cattle/Texas/24-008749-003/2024(H5N1)	1516	141
PA|PP755594.1|A/cattle/Texas/24-008749-003/2024(H5N1)	1517	141
PA|PP755594.1|A/cattle/Texas/24-008749-003/2024(H5N1)	1518	140
PA|PP755594.1|A/cattle/Texas/24-008749-003/2024(H5N1)	1519	141
PA|PP755594.1|A/cattle/Texas/24-008749-003/2024(H5N1)	1520	142
PA|PP755594.1|A/cattle/Texas/24-008749-003/2024(H5N1)	1521	142
PA|PP755594.1|A/cattle/Texas/24-008749-003/2024(H5N1)	1522	142
PA|PP755594.1|A/cattle/Texas/24-008749-003/2024(H5N1)	1523	142
PA|PP755594.1|A/cattle/Texas/24-008749-003/2024(H5N1)	1524	142
PA|PP755594.1|A/cattle/Texas/24-008749-003/2024(H5N1)	1525	142
PA|PP755594.1|A/cattle/Texas/24-008749-003/2024(H5N1)	1526	144
PA|PP755594.1|A/cattle/Texas/24-008749-003/2024(H5N1)	1527	145
PA|PP755594.1|A/cattle/Texas/24-008749-003/2024(H5N1)	1528	148
PA|PP755594.1|A/cattle/Texas/24-008749-003/2024(H5N1)	1529	151
PA|PP755594.1|A/cattle/Texas/24-008749-003/2024(H5N1)	1530	151
PA|PP755594.1|A/cattle/Texas/24-008749-003/2024(H5N1)	1531	151
PA|PP755594.1|A/cattle/Texas/24-008749-003/2024(H5N1)	1532	151
PA|PP755594.1|A/cattle/Texas/24-008749-003/2024(H5N1)	1533	152
PA|PP755594.1|A/cattle/Texas/24-008749-003/2024(H5N1)	1534	152
PA|PP755594.1|A/cattle/Texas/24-008749-003/2024(H5N1)	1535	153
PA|PP755594.1|A/cattle/Texas/24-008749-003/2024(H5N1)	1536	158
PA|PP755594.1|A/cattle/Texas/24-008749-003/2024(H5N1)	1537	160
PA|PP755594.1|A/cattle/Texas/24-008749-003/2024(H5N1)	1538	162
PA|PP755594.1|A/cattle/Texas/24-008749-003/2024(H5N1)	1539	162
PA|PP755594.1|A/cattle/Texas/24-008749-003/2024(H5N1)	1540	163
PA|PP755594.1|A/cattle/Texas/24-008749-003/2024(H5N1)	1541	164
PA|PP755594.1|A/cattle/Texas/24-008749-003/2024(H5N1)	1542	163
PA|PP755594.1|A/cattle/Texas/24-008749-003/2024(H5N1)	1543	164
PA|PP755594.1|A/cattle/Texas/24-008749-003/2024(H5N1)	1544	166
PA|PP755594.1|A/cattle/Texas/24-008749-003/2024(H5N1)	1545	166
PA|PP755594.1|A/cattle/Texas/24-008749-003/2024(H5N1)	1546	166
PA|PP755594.1|A/cattle/Texas/24-008749-003/2024(H5N1)	1547	166
PA|PP755594.1|A/cattle/Texas/24-008749-003/2024(H5N1)	1548	166
PA|PP755594.1|A/cattle/Texas/24-008749-003/2024(H5N1)	1549	166
PA|PP755594.1|A/cattle/Texas/24-008749-003/2024(H5N1)	1550	166
PA|PP755594.1|A/cattle/Texas/24-008749-003/2024(H5N1)	1551	163
PA|PP755594.1|A/cattle/Texas/24-008749-003/2024(H5N1)	1552	163
PA|PP755594.1|A/cattle/Texas/24-008749-003/2024(H5N1)	1553	163
PA|PP755594.1|A/cattle/Texas/24-008749-003/2024(H5N1)	1554	163
PA|PP755594.1|A/cattle/Texas/24-008749-003/2024(H5N1)	1555	164
PA|PP755594.1|A/cattle/Texas/24-008749-003/2024(H5N1)	1556	164
PA|PP755594.1|A/cattle/Texas/24-008749-003/2024(H5N1)	1557	164
PA|PP755594.1|A/cattle/Texas/24-008749-003/2024(H5N1)	1558	164
PA|PP755594.1|A/cattle/Texas/24-008749-003/2024(H5N1)	1559	166
PA|PP755594.1|A/cattle/Texas/24-008749-003/2024(H5N1)	1560	167
PA|PP755594.1|A/cattle/Texas/24-008749-003/2024(H5N1)	1561	167
PA|PP755594.1|A/cattle/Texas/24-008749-003/2024(H5N1)	1562	167
PA|PP755594.1|A/cattle/Texas/24-008749-003/2024(H5N1)	1563	167
PA|PP755594.1|A/cattle/Texas/24-008749-003/2024(H5N1)	1564	167
PA|PP755594.1|A/cattle/Texas/24-008749-003/2024(H5N1)	1565	179
PA|PP755594.1|A/cattle/Texas/24-008749-003/2024(H5N1)	1566	179
PA|PP755594.1|A/cattle/Texas/24-008749-003/2024(H5N1)	1567	179
PA|PP755594.1|A/cattle/Texas/24-008749-003/2024(H5N1)	1568	179
PA|PP755594.1|A/cattle/Texas/24-008749-003/2024(H5N1)	1569	179
PA|PP755594.1|A/cattle/Texas/24-008749-003/2024(H5N1)	1570	180
PA|PP755594.1|A/cattle/Texas/24-008749-003/2024(H5N1)	1571	180
PA|PP755594.1|A/cattle/Texas/24-008749-003/2024(H5N1)	1572	180
PA|PP755594.1|A/cattle/Texas/24-008749-003/2024(H5N1)	1573	182
PA|PP755594.1|A/cattle/Texas/24-008749-003/2024(H5N1)	1574	184
PA|PP755594.1|A/cattle/Texas/24-008749-003/2024(H5N1)	1575	184
PA|PP755594.1|A/cattle/Texas/24-008749-003/2024(H5N1)	1576	212
PA|PP755594.1|A/cattle/Texas/24-008749-003/2024(H5N1)	1577	212
PA|PP755594.1|A/cattle/Texas/24-008749-003/2024(H5N1)	1578	212
PA|PP755594.1|A/cattle/Texas/24-008749-003/2024(H5N1)	1579	213
PA|PP755594.1|A/cattle/Texas/24-008749-003/2024(H5N1)	1580	211
PA|PP755594.1|A/cattle/Texas/24-008749-003/2024(H5N1)	1581	218
PA|PP755594.1|A/cattle/Texas/24-008749-003/2024(H5N1)	1582	220
PA|PP755594.1|A/cattle/Texas/24-008749-003/2024(H5N1)	1583	220
PA|PP755594.1|A/cattle/Texas/24-008749-003/2024(H5N1)	1584	222
PA|PP755594.1|A/cattle/Texas/24-008749-003/2024(H5N1)	1585	227
PA|PP755594.1|A/cattle/Texas/24-008749-003/2024(H5N1)	1586	234
PA|PP755594.1|A/cattle/Texas/24-008749-003/2024(H5N1)	1587	239
PA|PP755594.1|A/cattle/Texas/24-008749-003/2024(H5N1)	1588	245
PA|PP755594.1|A/cattle/Texas/24-008749-003/2024(H5N1)	1589	248
PA|PP755594.1|A/cattle/Texas/24-008749-003/2024(H5N1)	1590	248
PA|PP755594.1|A/cattle/Texas/24-008749-003/2024(H5N1)	1591	248
PA|PP755594.1|A/cattle/Texas/24-008749-003/2024(H5N1)	1592	262
PA|PP755594.1|A/cattle/Texas/24-008749-003/2024(H5N1)	1593	267
PA|PP755594.1|A/cattle/Texas/24-008749-003/2024(H5N1)	1594	268
PA|PP755594.1|A/cattle/Texas/24-008749-003/2024(H5N1)	1595	268
PA|PP755594.1|A/cattle/Texas/24-008749-003/2024(H5N1)	1596	268
PA|PP755594.1|A/cattle/Texas/24-008749-003/2024(H5N1)	1597	274
PA|PP755594.1|A/cattle/Texas/24-008749-003/2024(H5N1)	1598	276
PA|PP755594.1|A/cattle/Texas/24-008749-003/2024(H5N1)	1599	277
PA|PP755594.1|A/cattle/Texas/24-008749-003/2024(H5N1)	1600	284
PA|PP755594.1|A/cattle/Texas/24-008749-003/2024(H5N1)	1601	284
PA|PP755594.1|A/cattle/Texas/24-008749-003/2024(H5N1)	1602	285
PA|PP755594.1|A/cattle/Texas/24-008749-003/2024(H5N1)	1603	287
PA|PP755594.1|A/cattle/Texas/24-008749-003/2024(H5N1)	1604	287
PA|PP755594.1|A/cattle/Texas/24-008749-003/2024(H5N1)	1605	288
PA|PP755594.1|A/cattle/Texas/24-008749-003/2024(H5N1)	1606	288
PA|PP755594.1|A/cattle/Texas/24-008749-003/2024(H5N1)	1607	288
PA|PP755594.1|A/cattle/Texas/24-008749-003/2024(H5N1)	1608	288
PA|PP755594.1|A/cattle/Texas/24-008749-003/2024(H5N1)	1609	266
PA|PP755594.1|A/cattle/Texas/24-008749-003/2024(H5N1)	1610	254
PA|PP755594.1|A/cattle/Texas/24-008749-003/2024(H5N1)	1611	241
PA|PP755594.1|A/cattle/Texas/24-008749-003/2024(H5N1)	1612	246
PA|PP755594.1|A/cattle/Texas/24-008749-003/2024(H5N1)	1613	246
PA|PP755594.1|A/cattle/Texas/24-008749-003/2024(H5N1)	1614	246
PA|PP755594.1|A/cattle/Texas/24-008749-003/2024(H5N1)	1615	246
PA|PP755594.1|A/cattle/Texas/24-008749-003/2024(H5N1)	1616	246
PA|PP755594.1|A/cattle/Texas/24-008749-003/2024(H5N1)	1617	256
PA|PP755594.1|A/cattle/Texas/24-008749-003/2024(H5N1)	1618	255
PA|PP755594.1|A/cattle/Texas/24-008749-003/2024(H5N1)	1619	253
PA|PP755594.1|A/cattle/Texas/24-008749-003/2024(H5N1)	1620	235
PA|PP755594.1|A/cattle/Texas/24-008749-003/2024(H5N1)	1621	235
PA|PP755594.1|A/cattle/Texas/24-008749-003/2024(H5N1)	1622	235
PA|PP755594.1|A/cattle/Texas/24-008749-003/2024(H5N1)	1623	235
PA|PP755594.1|A/cattle/Texas/24-008749-003/2024(H5N1)	1624	235
PA|PP755594.1|A/cattle/Texas/24-008749-003/2024(H5N1)	1625	235
PA|PP755594.1|A/cattle/Texas/24-008749-003/2024(H5N1)	1626	233
PA|PP755594.1|A/cattle/Texas/24-008749-003/2024(H5N1)	1627	233
PA|PP755594.1|A/cattle/Texas/24-008749-003/2024(H5N1)	1628	233
PA|PP755594.1|A/cattle/Texas/24-008749-003/2024(H5N1)	1629	233
PA|PP755594.1|A/cattle/Texas/24-008749-003/2024(H5N1)	1630	233
PA|PP755594.1|A/cattle/Texas/24-008749-003/2024(H5N1)	1631	233
PA|PP755594.1|A/cattle/Texas/24-008749-003/2024(H5N1)	1632	192
PA|PP755594.1|A/cattle/Texas/24-008749-003/2024(H5N1)	1633	192
PA|PP755594.1|A/cattle/Texas/24-008749-003/2024(H5N1)	1634	193
PA|PP755594.1|A/cattle/Texas/24-008749-003/2024(H5N1)	1635	193
PA|PP755594.1|A/cattle/Texas/24-008749-003/2024(H5N1)	1636	215
PA|PP755594.1|A/cattle/Texas/24-008749-003/2024(H5N1)	1637	220
PA|PP755594.1|A/cattle/Texas/24-008749-003/2024(H5N1)	1638	220
PA|PP755594.1|A/cattle/Texas/24-008749-003/2024(H5N1)	1639	221
PA|PP755594.1|A/cattle/Texas/24-008749-003/2024(H5N1)	1640	226
PA|PP755594.1|A/cattle/Texas/24-008749-003/2024(H5N1)	1641	226
PA|PP755594.1|A/cattle/Texas/24-008749-003/2024(H5N1)	1642	227
PA|PP755594.1|A/cattle/Texas/24-008749-003/2024(H5N1)	1643	229
PA|PP755594.1|A/cattle/Texas/24-008749-003/2024(H5N1)	1644	229
PA|PP755594.1|A/cattle/Texas/24-008749-003/2024(H5N1)	1645	238
PA|PP755594.1|A/cattle/Texas/24-008749-003/2024(H5N1)	1646	238
PA|PP755594.1|A/cattle/Texas/24-008749-003/2024(H5N1)	1647	238
PA|PP755594.1|A/cattle/Texas/24-008749-003/2024(H5N1)	1648	227
PA|PP755594.1|A/cattle/Texas/24-008749-003/2024(H5N1)	1649	227
PA|PP755594.1|A/cattle/Texas/24-008749-003/2024(H5N1)	1650	227
PA|PP755594.1|A/cattle/Texas/24-008749-003/2024(H5N1)	1651	228
PA|PP755594.1|A/cattle/Texas/24-008749-003/2024(H5N1)	1652	245
PA|PP755594.1|A/cattle/Texas/24-008749-003/2024(H5N1)	1653	245
PA|PP755594.1|A/cattle/Texas/24-008749-003/2024(H5N1)	1654	248
PA|PP755594.1|A/cattle/Texas/24-008749-003/2024(H5N1)	1655	255
PA|PP755594.1|A/cattle/Texas/24-008749-003/2024(H5N1)	1656	255
PA|PP755594.1|A/cattle/Texas/24-008749-003/2024(H5N1)	1657	265
PA|PP755594.1|A/cattle/Texas/24-008749-003/2024(H5N1)	1658	265
PA|PP755594.1|A/cattle/Texas/24-008749-003/2024(H5N1)	1659	265
PA|PP755594.1|A/cattle/Texas/24-008749-003/2024(H5N1)	1660	266
PA|PP755594.1|A/cattle/Texas/24-008749-003/2024(H5N1)	1661	264
PA|PP755594.1|A/cattle/Texas/24-008749-003/2024(H5N1)	1662	262
PA|PP755594.1|A/cattle/Texas/24-008749-003/2024(H5N1)	1663	266
PA|PP755594.1|A/cattle/Texas/24-008749-003/2024(H5N1)	1664	266
PA|PP755594.1|A/cattle/Texas/24-008749-003/2024(H5N1)	1665	265
PA|PP755594.1|A/cattle/Texas/24-008749-003/2024(H5N1)	1666	254
PA|PP755594.1|A/cattle/Texas/24-008749-003/2024(H5N1)	1667	254
PA|PP755594.1|A/cattle/Texas/24-008749-003/2024(H5N1)	1668	254
PA|PP755594.1|A/cattle/Texas/24-008749-003/2024(H5N1)	1669	254
PA|PP755594.1|A/cattle/Texas/24-008749-003/2024(H5N1)	1670	253
PA|PP755594.1|A/cattle/Texas/24-008749-003/2024(H5N1)	1671	252
PA|PP755594.1|A/cattle/Texas/24-008749-003/2024(H5N1)	1672	252
PA|PP755594.1|A/cattle/Texas/24-008749-003/2024(H5N1)	1673	243
PA|PP755594.1|A/cattle/Texas/24-008749-003/2024(H5N1)	1674	243
PA|PP755594.1|A/cattle/Texas/24-008749-003/2024(H5N1)	1675	243
PA|PP755594.1|A/cattle/Texas/24-008749-003/2024(H5N1)	1676	243
PA|PP755594.1|A/cattle/Texas/24-008749-003/2024(H5N1)	1677	243
PA|PP755594.1|A/cattle/Texas/24-008749-003/2024(H5N1)	1678	256
PA|PP755594.1|A/cattle/Texas/24-008749-003/2024(H5N1)	1679	258
PA|PP755594.1|A/cattle/Texas/24-008749-003/2024(H5N1)	1680	258
PA|PP755594.1|A/cattle/Texas/24-008749-003/2024(H5N1)	1681	263
PA|PP755594.1|A/cattle/Texas/24-008749-003/2024(H5N1)	1682	263
PA|PP755594.1|A/cattle/Texas/24-008749-003/2024(H5N1)	1683	265
PA|PP755594.1|A/cattle/Texas/24-008749-003/2024(H5N1)	1684	266
PA|PP755594.1|A/cattle/Texas/24-008749-003/2024(H5N1)	1685	266
PA|PP755594.1|A/cattle/Texas/24-008749-003/2024(H5N1)	1686	263
PA|PP755594.1|A/cattle/Texas/24-008749-003/2024(H5N1)	1687	260
PA|PP755594.1|A/cattle/Texas/24-008749-003/2024(H5N1)	1688	260
PA|PP755594.1|A/cattle/Texas/24-008749-003/2024(H5N1)	1689	262
PA|PP755594.1|A/cattle/Texas/24-008749-003/2024(H5N1)	1690	262
PA|PP755594.1|A/cattle/Texas/24-008749-003/2024(H5N1)	1691	262
PA|PP755594.1|A/cattle/Texas/24-008749-003/2024(H5N1)	1692	259
PA|PP755594.1|A/cattle/Texas/24-008749-003/2024(H5N1)	1693	257
PA|PP755594.1|A/cattle/Texas/24-008749-003/2024(H5N1)	1694	256
PA|PP755594.1|A/cattle/Texas/24-008749-003/2024(H5N1)	1695	242
PA|PP755594.1|A/cattle/Texas/24-008749-003/2024(H5N1)	1696	242
PA|PP755594.1|A/cattle/Texas/24-008749-003/2024(H5N1)	1697	241
PA|PP755594.1|A/cattle/Texas/24-008749-003/2024(H5N1)	1698	241
PA|PP755594.1|A/cattle/Texas/24-008749-003/2024(H5N1)	1699	242
PA|PP755594.1|A/cattle/Texas/24-008749-003/2024(H5N1)	1700	242
PA|PP755594.1|A/cattle/Texas/24-008749-003/2024(H5N1)	1701	235
PA|PP755594.1|A/cattle/Texas/24-008749-003/2024(H5N1)	1702	231
PA|PP755594.1|A/cattle/Texas/24-008749-003/2024(H5N1)	1703	230
PA|PP755594.1|A/cattle/Texas/24-008749-003/2024(H5N1)	1704	230
PA|PP755594.1|A/cattle/Texas/24-008749-003/2024(H5N1)	1705	230
PA|PP755594.1|A/cattle/Texas/24-008749-003/2024(H5N1)	1706	229
PA|PP755594.1|A/cattle/Texas/24-008749-003/2024(H5N1)	1707	228
PA|PP755594.1|A/cattle/Texas/24-008749-003/2024(H5N1)	1708	228
PA|PP755594.1|A/cattle/Texas/24-008749-003/2024(H5N1)	1709	230
PA|PP755594.1|A/cattle/Texas/24-008749-003/2024(H5N1)	1710	230
PA|PP755594.1|A/cattle/Texas/24-008749-003/2024(H5N1)	1711	268
PA|PP755594.1|A/cattle/Texas/24-008749-003/2024(H5N1)	1712	268
PA|PP755594.1|A/cattle/Texas/24-008749-003/2024(H5N1)	1713	268
PA|PP755594.1|A/cattle/Texas/24-008749-003/2024(H5N1)	1714	268
PA|PP755594.1|A/cattle/Texas/24-008749-003/2024(H5N1)	1715	268
PA|PP755594.1|A/cattle/Texas/24-008749-003/2024(H5N1)	1716	257
PA|PP755594.1|A/cattle/Texas/24-008749-003/2024(H5N1)	1717	260
PA|PP755594.1|A/cattle/Texas/24-008749-003/2024(H5N1)	1718	260
PA|PP755594.1|A/cattle/Texas/24-008749-003/2024(H5N1)	1719	263
PA|PP755594.1|A/cattle/Texas/24-008749-003/2024(H5N1)	1720	265
PA|PP755594.1|A/cattle/Texas/24-008749-003/2024(H5N1)	1721	264
PA|PP755594.1|A/cattle/Texas/24-008749-003/2024(H5N1)	1722	265
PA|PP755594.1|A/cattle/Texas/24-008749-003/2024(H5N1)	1723	265
PA|PP755594.1|A/cattle/Texas/24-008749-003/2024(H5N1)	1724	265
PA|PP755594.1|A/cattle/Texas/24-008749-003/2024(H5N1)	1725	268
PA|PP755594.1|A/cattle/Texas/24-008749-003/2024(H5N1)	1726	269
PA|PP755594.1|A/cattle/Texas/24-008749-003/2024(H5N1)	1727	272
PA|PP755594.1|A/cattle/Texas/24-008749-003/2024(H5N1)	1728	273
PA|PP755594.1|A/cattle/Texas/24-008749-003/2024(H5N1)	1729	275
PA|PP755594.1|A/cattle/Texas/24-008749-003/2024(H5N1)	1730	287
PA|PP755594.1|A/cattle/Texas/24-008749-003/2024(H5N1)	1731	298
PA|PP755594.1|A/cattle/Texas/24-008749-003/2024(H5N1)	1732	296
PA|PP755594.1|A/cattle/Texas/24-008749-003/2024(H5N1)	1733	305
PA|PP755594.1|A/cattle/Texas/24-008749-003/2024(H5N1)	1734	305
PA|PP755594.1|A/cattle/Texas/24-008749-003/2024(H5N1)	1735	306
PA|PP755594.1|A/cattle/Texas/24-008749-003/2024(H5N1)	1736	317
PA|PP755594.1|A/cattle/Texas/24-008749-003/2024(H5N1)	1737	310
PA|PP755594.1|A/cattle/Texas/24-008749-003/2024(H5N1)	1738	316
PA|PP755594.1|A/cattle/Texas/24-008749-003/2024(H5N1)	1739	321
PA|PP755594.1|A/cattle/Texas/24-008749-003/2024(H5N1)	1740	323
PA|PP755594.1|A/cattle/Texas/24-008749-003/2024(H5N1)	1741	326
PA|PP755594.1|A/cattle/Texas/24-008749-003/2024(H5N1)	1742	319
PA|PP755594.1|A/cattle/Texas/24-008749-003/2024(H5N1)	1743	305
PA|PP755594.1|A/cattle/Texas/24-008749-003/2024(H5N1)	1744	307
PA|PP755594.1|A/cattle/Texas/24-008749-003/2024(H5N1)	1745	307
PA|PP755594.1|A/cattle/Texas/24-008749-003/2024(H5N1)	1746	308
PA|PP755594.1|A/cattle/Texas/24-008749-003/2024(H5N1)	1747	302
PA|PP755594.1|A/cattle/Texas/24-008749-003/2024(H5N1)	1748	301
PA|PP755594.1|A/cattle/Texas/24-008749-003/2024(H5N1)	1749	301
PA|PP755594.1|A/cattle/Texas/24-008749-003/2024(H5N1)	1750	300
PA|PP755594.1|A/cattle/Texas/24-008749-003/2024(H5N1)	1751	303
PA|PP755594.1|A/cattle/Texas/24-008749-003/2024(H5N1)	1752	303
PA|PP755594.1|A/cattle/Texas/24-008749-003/2024(H5N1)	1753	312
PA|PP755594.1|A/cattle/Texas/24-008749-003/2024(H5N1)	1754	310
PA|PP755594.1|A/cattle/Texas/24-008749-003/2024(H5N1)	1755	312
PA|PP755594.1|A/cattle/Texas/24-008749-003/2024(H5N1)	1756	313
PA|PP755594.1|A/cattle/Texas/24-008749-003/2024(H5N1)	1757	313
PA|PP755594.1|A/cattle/Texas/24-008749-003/2024(H5N1)	1758	315
PA|PP755594.1|A/cattle/Texas/24-008749-003/2024(H5N1)	1759	315
PA|PP755594.1|A/cattle/Texas/24-008749-003/2024(H5N1)	1760	315
PA|PP755594.1|A/cattle/Texas/24-008749-003/2024(H5N1)	1761	314
PA|PP755594.1|A/cattle/Texas/24-008749-003/2024(H5N1)	1762	313
PA|PP755594.1|A/cattle/Texas/24-008749-003/2024(H5N1)	1763	329
PA|PP755594.1|A/cattle/Texas/24-008749-003/2024(H5N1)	1764	329
PA|PP755594.1|A/cattle/Texas/24-008749-003/2024(H5N1)	1765	339
PA|PP755594.1|A/cattle/Texas/24-008749-003/2024(H5N1)	1766	356
PA|PP755594.1|A/cattle/Texas/24-008749-003/2024(H5N1)	1767	356
PA|PP755594.1|A/cattle/Texas/24-008749-003/2024(H5N1)	1768	350
PA|PP755594.1|A/cattle/Texas/24-008749-003/2024(H5N1)	1769	350
PA|PP755594.1|A/cattle/Texas/24-008749-003/2024(H5N1)	1770	351
PA|PP755594.1|A/cattle/Texas/24-008749-003/2024(H5N1)	1771	352
PA|PP755594.1|A/cattle/Texas/24-008749-003/2024(H5N1)	1772	342
PA|PP755594.1|A/cattle/Texas/24-008749-003/2024(H5N1)	1773	352
PA|PP755594.1|A/cattle/Texas/24-008749-003/2024(H5N1)	1774	351
PA|PP755594.1|A/cattle/Texas/24-008749-003/2024(H5N1)	1775	352
PA|PP755594.1|A/cattle/Texas/24-008749-003/2024(H5N1)	1776	350
PA|PP755594.1|A/cattle/Texas/24-008749-003/2024(H5N1)	1777	351
PA|PP755594.1|A/cattle/Texas/24-008749-003/2024(H5N1)	1778	348
PA|PP755594.1|A/cattle/Texas/24-008749-003/2024(H5N1)	1779	352
PA|PP755594.1|A/cattle/Texas/24-008749-003/2024(H5N1)	1780	353
PA|PP755594.1|A/cattle/Texas/24-008749-003/2024(H5N1)	1781	357
PA|PP755594.1|A/cattle/Texas/24-008749-003/2024(H5N1)	1782	403
PA|PP755594.1|A/cattle/Texas/24-008749-003/2024(H5N1)	1783	403
PA|PP755594.1|A/cattle/Texas/24-008749-003/2024(H5N1)	1784	401
PA|PP755594.1|A/cattle/Texas/24-008749-003/2024(H5N1)	1785	404
PA|PP755594.1|A/cattle/Texas/24-008749-003/2024(H5N1)	1786	406
PA|PP755594.1|A/cattle/Texas/24-008749-003/2024(H5N1)	1787	406
PA|PP755594.1|A/cattle/Texas/24-008749-003/2024(H5N1)	1788	401
PA|PP755594.1|A/cattle/Texas/24-008749-003/2024(H5N1)	1789	402
PA|PP755594.1|A/cattle/Texas/24-008749-003/2024(H5N1)	1790	400
PA|PP755594.1|A/cattle/Texas/24-008749-003/2024(H5N1)	1791	400
PA|PP755594.1|A/cattle/Texas/24-008749-003/2024(H5N1)	1792	408
PA|PP755594.1|A/cattle/Texas/24-008749-003/2024(H5N1)	1793	406
PA|PP755594.1|A/cattle/Texas/24-008749-003/2024(H5N1)	1794	404
PA|PP755594.1|A/cattle/Texas/24-008749-003/2024(H5N1)	1795	403
PA|PP755594.1|A/cattle/Texas/24-008749-003/2024(H5N1)	1796	395
PA|PP755594.1|A/cattle/Texas/24-008749-003/2024(H5N1)	1797	395
PA|PP755594.1|A/cattle/Texas/24-008749-003/2024(H5N1)	1798	400
PA|PP755594.1|A/cattle/Texas/24-008749-003/2024(H5N1)	1799	401
PA|PP755594.1|A/cattle/Texas/24-008749-003/2024(H5N1)	1800	402
PA|PP755594.1|A/cattle/Texas/24-008749-003/2024(H5N1)	1801	431
PA|PP755594.1|A/cattle/Texas/24-008749-003/2024(H5N1)	1802	424
PA|PP755594.1|A/cattle/Texas/24-008749-003/2024(H5N1)	1803	424
PA|PP755594.1|A/cattle/Texas/24-008749-003/2024(H5N1)	1804	424
PA|PP755594.1|A/cattle/Texas/24-008749-003/2024(H5N1)	1805	422
PA|PP755594.1|A/cattle/Texas/24-008749-003/2024(H5N1)	1806	418
PA|PP755594.1|A/cattle/Texas/24-008749-003/2024(H5N1)	1807	418
PA|PP755594.1|A/cattle/Texas/24-008749-003/2024(H5N1)	1808	407
PA|PP755594.1|A/cattle/Texas/24-008749-003/2024(H5N1)	1809	407
PA|PP755594.1|A/cattle/Texas/24-008749-003/2024(H5N1)	1810	407
PA|PP755594.1|A/cattle/Texas/24-008749-003/2024(H5N1)	1811	406
PA|PP755594.1|A/cattle/Texas/24-008749-003/2024(H5N1)	1812	352
PA|PP755594.1|A/cattle/Texas/24-008749-003/2024(H5N1)	1813	351
PA|PP755594.1|A/cattle/Texas/24-008749-003/2024(H5N1)	1814	347
PA|PP755594.1|A/cattle/Texas/24-008749-003/2024(H5N1)	1815	344
PA|PP755594.1|A/cattle/Texas/24-008749-003/2024(H5N1)	1816	344
PA|PP755594.1|A/cattle/Texas/24-008749-003/2024(H5N1)	1817	344
PA|PP755594.1|A/cattle/Texas/24-008749-003/2024(H5N1)	1818	344
PA|PP755594.1|A/cattle/Texas/24-008749-003/2024(H5N1)	1819	342
PA|PP755594.1|A/cattle/Texas/24-008749-003/2024(H5N1)	1820	341
PA|PP755594.1|A/cattle/Texas/24-008749-003/2024(H5N1)	1821	339
PA|PP755594.1|A/cattle/Texas/24-008749-003/2024(H5N1)	1822	336
PA|PP755594.1|A/cattle/Texas/24-008749-003/2024(H5N1)	1823	336
PA|PP755594.1|A/cattle/Texas/24-008749-003/2024(H5N1)	1824	336
PA|PP755594.1|A/cattle/Texas/24-008749-003/2024(H5N1)	1825	336
PA|PP755594.1|A/cattle/Texas/24-008749-003/2024(H5N1)	1826	336
PA|PP755594.1|A/cattle/Texas/24-008749-003/2024(H5N1)	1827	336
PA|PP755594.1|A/cattle/Texas/24-008749-003/2024(H5N1)	1828	371
PA|PP755594.1|A/cattle/Texas/24-008749-003/2024(H5N1)	1829	371
PA|PP755594.1|A/cattle/Texas/24-008749-003/2024(H5N1)	1830	371
PA|PP755594.1|A/cattle/Texas/24-008749-003/2024(H5N1)	1831	371
PA|PP755594.1|A/cattle/Texas/24-008749-003/2024(H5N1)	1832	371
PA|PP755594.1|A/cattle/Texas/24-008749-003/2024(H5N1)	1833	371
PA|PP755594.1|A/cattle/Texas/24-008749-003/2024(H5N1)	1834	371
PA|PP755594.1|A/cattle/Texas/24-008749-003/2024(H5N1)	1835	371
PA|PP755594.1|A/cattle/Texas/24-008749-003/2024(H5N1)	1836	371
PA|PP755594.1|A/cattle/Texas/24-008749-003/2024(H5N1)	1837	371
PA|PP755594.1|A/cattle/Texas/24-008749-003/2024(H5N1)	1838	369
PA|PP755594.1|A/cattle/Texas/24-008749-003/2024(H5N1)	1839	369
PA|PP755594.1|A/cattle/Texas/24-008749-003/2024(H5N1)	1840	369
PA|PP755594.1|A/cattle/Texas/24-008749-003/2024(H5N1)	1841	369
PA|PP755594.1|A/cattle/Texas/24-008749-003/2024(H5N1)	1842	369
PA|PP755594.1|A/cattle/Texas/24-008749-003/2024(H5N1)	1843	369
PA|PP755594.1|A/cattle/Texas/24-008749-003/2024(H5N1)	1844	363
PA|PP755594.1|A/cattle/Texas/24-008749-003/2024(H5N1)	1845	363
PA|PP755594.1|A/cattle/Texas/24-008749-003/2024(H5N1)	1846	363
PA|PP755594.1|A/cattle/Texas/24-008749-003/2024(H5N1)	1847	363
PA|PP755594.1|A/cattle/Texas/24-008749-003/2024(H5N1)	1848	363
PA|PP755594.1|A/cattle/Texas/24-008749-003/2024(H5N1)	1849	408
PA|PP755594.1|A/cattle/Texas/24-008749-003/2024(H5N1)	1850	408
PA|PP755594.1|A/cattle/Texas/24-008749-003/2024(H5N1)	1851	408
PA|PP755594.1|A/cattle/Texas/24-008749-003/2024(H5N1)	1852	408
PA|PP755594.1|A/cattle/Texas/24-008749-003/2024(H5N1)	1853	398
PA|PP755594.1|A/cattle/Texas/24-008749-003/2024(H5N1)	1854	398
PA|PP755594.1|A/cattle/Texas/24-008749-003/2024(H5N1)	1855	402
PA|PP755594.1|A/cattle/Texas/24-008749-003/2024(H5N1)	1856	402
PA|PP755594.1|A/cattle/Texas/24-008749-003/2024(H5N1)	1857	403
PA|PP755594.1|A/cattle/Texas/24-008749-003/2024(H5N1)	1858	405
PA|PP755594.1|A/cattle/Texas/24-008749-003/2024(H5N1)	1859	406
PA|PP755594.1|A/cattle/Texas/24-008749-003/2024(H5N1)	1860	405
PA|PP755594.1|A/cattle/Texas/24-008749-003/2024(H5N1)	1861	412
PA|PP755594.1|A/cattle/Texas/24-008749-003/2024(H5N1)	1862	415
PA|PP755594.1|A/cattle/Texas/24-008749-003/2024(H5N1)	1863	420
PA|PP755594.1|A/cattle/Texas/24-008749-003/2024(H5N1)	1864	426
PA|PP755594.1|A/cattle/Texas/24-008749-003/2024(H5N1)	1865	435
PA|PP755594.1|A/cattle/Texas/24-008749-003/2024(H5N1)	1866	435
PA|PP755594.1|A/cattle/Texas/24-008749-003/2024(H5N1)	1867	440
PA|PP755594.1|A/cattle/Texas/24-008749-003/2024(H5N1)	1868	434
PA|PP755594.1|A/cattle/Texas/24-008749-003/2024(H5N1)	1869	436
PA|PP755594.1|A/cattle/Texas/24-008749-003/2024(H5N1)	1870	440
PA|PP755594.1|A/cattle/Texas/24-008749-003/2024(H5N1)	1871	437
PA|PP755594.1|A/cattle/Texas/24-008749-003/2024(H5N1)	1872	484
PA|PP755594.1|A/cattle/Texas/24-008749-003/2024(H5N1)	1873	483
PA|PP755594.1|A/cattle/Texas/24-008749-003/2024(H5N1)	1874	483
PA|PP755594.1|A/cattle/Texas/24-008749-003/2024(H5N1)	1875	481
PA|PP755594.1|A/cattle/Texas/24-008749-003/2024(H5N1)	1876	478
PA|PP755594.1|A/cattle/Texas/24-008749-003/2024(H5N1)	1877	482
PA|PP755594.1|A/cattle/Texas/24-008749-003/2024(H5N1)	1878	577
PA|PP755594.1|A/cattle/Texas/24-008749-003/2024(H5N1)	1879	588
PA|PP755594.1|A/cattle/Texas/24-008749-003/2024(H5N1)	1880	600
PA|PP755594.1|A/cattle/Texas/24-008749-003/2024(H5N1)	1881	590
PA|PP755594.1|A/cattle/Texas/24-008749-003/2024(H5N1)	1882	598
PA|PP755594.1|A/cattle/Texas/24-008749-003/2024(H5N1)	1883	643
PA|PP755594.1|A/cattle/Texas/24-008749-003/2024(H5N1)	1884	622
PA|PP755594.1|A/cattle/Texas/24-008749-003/2024(H5N1)	1885	634
PA|PP755594.1|A/cattle/Texas/24-008749-003/2024(H5N1)	1886	632
PA|PP755594.1|A/cattle/Texas/24-008749-003/2024(H5N1)	1887	634
PA|PP755594.1|A/cattle/Texas/24-008749-003/2024(H5N1)	1888	632
PA|PP755594.1|A/cattle/Texas/24-008749-003/2024(H5N1)	1889	623
PA|PP755594.1|A/cattle/Texas/24-008749-003/2024(H5N1)	1890	621
PA|PP755594.1|A/cattle/Texas/24-008749-003/2024(H5N1)	1891	615
PA|PP755594.1|A/cattle/Texas/24-008749-003/2024(H5N1)	1892	614
PA|PP755594.1|A/cattle/Texas/24-008749-003/2024(H5N1)	1893	606
PA|PP755594.1|A/cattle/Texas/24-008749-003/2024(H5N1)	1894	605
PA|PP755594.1|A/cattle/Texas/24-008749-003/2024(H5N1)	1895	610
PA|PP755594.1|A/cattle/Texas/24-008749-003/2024(H5N1)	1896	609
PA|PP755594.1|A/cattle/Texas/24-008749-003/2024(H5N1)	1897	656
PA|PP755594.1|A/cattle/Texas/24-008749-003/2024(H5N1)	1898	667
PA|PP755594.1|A/cattle/Texas/24-008749-003/2024(H5N1)	1899	668
PA|PP755594.1|A/cattle/Texas/24-008749-003/2024(H5N1)	1900	674
PA|PP755594.1|A/cattle/Texas/24-008749-003/2024(H5N1)	1901	675
PA|PP755594.1|A/cattle/Texas/24-008749-003/2024(H5N1)	1902	671
PA|PP755594.1|A/cattle/Texas/24-008749-003/2024(H5N1)	1903	696
PA|PP755594.1|A/cattle/Texas/24-008749-003/2024(H5N1)	1904	688
PA|PP755594.1|A/cattle/Texas/24-008749-003/2024(H5N1)	1905	723
PA|PP755594.1|A/cattle/Texas/24-008749-003/2024(H5N1)	1906	734
PA|PP755594.1|A/cattle/Texas/24-008749-003/2024(H5N1)	1907	733
PA|PP755594.1|A/cattle/Texas/24-008749-003/2024(H5N1)	1908	758
PA|PP755594.1|A/cattle/Texas/24-008749-003/2024(H5N1)	1909	756
PA|PP755594.1|A/cattle/Texas/24-008749-003/2024(H5N1)	1910	762
PA|PP755594.1|A/cattle/Texas/24-008749-003/2024(H5N1)	1911	761
PA|PP755594.1|A/cattle/Texas/24-008749-003/2024(H5N1)	1912	761
PA|PP755594.1|A/cattle/Texas/24-008749-003/2024(H5N1)	1913	763
PA|PP755594.1|A/cattle/Texas/24-008749-003/2024(H5N1)	1914	741
PA|PP755594.1|A/cattle/Texas/24-008749-003/2024(H5N1)	1915	740
PA|PP755594.1|A/cattle/Texas/24-008749-003/2024(H5N1)	1916	731
PA|PP755594.1|A/cattle/Texas/24-008749-003/2024(H5N1)	1917	661
PA|PP755594.1|A/cattle/Texas/24-008749-003/2024(H5N1)	1918	658
PA|PP755594.1|A/cattle/Texas/24-008749-003/2024(H5N1)	1919	658
PA|PP755594.1|A/cattle/Texas/24-008749-003/2024(H5N1)	1920	658
PA|PP755594.1|A/cattle/Texas/24-008749-003/2024(H5N1)	1921	662
PA|PP755594.1|A/cattle/Texas/24-008749-003/2024(H5N1)	1922	662
PA|PP755594.1|A/cattle/Texas/24-008749-003/2024(H5N1)	1923	669
PA|PP755594.1|A/cattle/Texas/24-008749-003/2024(H5N1)	1924	728
PA|PP755594.1|A/cattle/Texas/24-008749-003/2024(H5N1)	1925	744
PA|PP755594.1|A/cattle/Texas/24-008749-003/2024(H5N1)	1926	797
PA|PP755594.1|A/cattle/Texas/24-008749-003/2024(H5N1)	1927	797
PA|PP755594.1|A/cattle/Texas/24-008749-003/2024(H5N1)	1928	803
PA|PP755594.1|A/cattle/Texas/24-008749-003/2024(H5N1)	1929	806
PA|PP755594.1|A/cattle/Texas/24-008749-003/2024(H5N1)	1930	809
PA|PP755594.1|A/cattle/Texas/24-008749-003/2024(H5N1)	1931	809
PA|PP755594.1|A/cattle/Texas/24-008749-003/2024(H5N1)	1932	809
PA|PP755594.1|A/cattle/Texas/24-008749-003/2024(H5N1)	1933	823
PA|PP755594.1|A/cattle/Texas/24-008749-003/2024(H5N1)	1934	833
PA|PP755594.1|A/cattle/Texas/24-008749-003/2024(H5N1)	1935	843
PA|PP755594.1|A/cattle/Texas/24-008749-003/2024(H5N1)	1936	844
PA|PP755594.1|A/cattle/Texas/24-008749-003/2024(H5N1)	1937	844
PA|PP755594.1|A/cattle/Texas/24-008749-003/2024(H5N1)	1938	847
PA|PP755594.1|A/cattle/Texas/24-008749-003/2024(H5N1)	1939	849
PA|PP755594.1|A/cattle/Texas/24-008749-003/2024(H5N1)	1940	849
PA|PP755594.1|A/cattle/Texas/24-008749-003/2024(H5N1)	1941	849
PA|PP755594.1|A/cattle/Texas/24-008749-003/2024(H5N1)	1942	849
PA|PP755594.1|A/cattle/Texas/24-008749-003/2024(H5N1)	1943	847
PA|PP755594.1|A/cattle/Texas/24-008749-003/2024(H5N1)	1944	818
PA|PP755594.1|A/cattle/Texas/24-008749-003/2024(H5N1)	1945	828
PA|PP755594.1|A/cattle/Texas/24-008749-003/2024(H5N1)	1946	828
PA|PP755594.1|A/cattle/Texas/24-008749-003/2024(H5N1)	1947	828
PA|PP755594.1|A/cattle/Texas/24-008749-003/2024(H5N1)	1948	828
PA|PP755594.1|A/cattle/Texas/24-008749-003/2024(H5N1)	1949	828
PA|PP755594.1|A/cattle/Texas/24-008749-003/2024(H5N1)	1950	783
PA|PP755594.1|A/cattle/Texas/24-008749-003/2024(H5N1)	1951	783
PA|PP755594.1|A/cattle/Texas/24-008749-003/2024(H5N1)	1952	783
PA|PP755594.1|A/cattle/Texas/24-008749-003/2024(H5N1)	1953	783
PA|PP755594.1|A/cattle/Texas/24-008749-003/2024(H5N1)	1954	783
PA|PP755594.1|A/cattle/Texas/24-008749-003/2024(H5N1)	1955	783
PA|PP755594.1|A/cattle/Texas/24-008749-003/2024(H5N1)	1956	663
PA|PP755594.1|A/cattle/Texas/24-008749-003/2024(H5N1)	1957	663
PA|PP755594.1|A/cattle/Texas/24-008749-003/2024(H5N1)	1958	663
PA|PP755594.1|A/cattle/Texas/24-008749-003/2024(H5N1)	1959	663
PA|PP755594.1|A/cattle/Texas/24-008749-003/2024(H5N1)	1960	664
PA|PP755594.1|A/cattle/Texas/24-008749-003/2024(H5N1)	1961	680
PA|PP755594.1|A/cattle/Texas/24-008749-003/2024(H5N1)	1962	680
PA|PP755594.1|A/cattle/Texas/24-008749-003/2024(H5N1)	1963	680
PA|PP755594.1|A/cattle/Texas/24-008749-003/2024(H5N1)	1964	680
PA|PP755594.1|A/cattle/Texas/24-008749-003/2024(H5N1)	1965	680
PA|PP755594.1|A/cattle/Texas/24-008749-003/2024(H5N1)	1966	680
PA|PP755594.1|A/cattle/Texas/24-008749-003/2024(H5N1)	1967	680
PA|PP755594.1|A/cattle/Texas/24-008749-003/2024(H5N1)	1968	680
PA|PP755594.1|A/cattle/Texas/24-008749-003/2024(H5N1)	1969	680
PA|PP755594.1|A/cattle/Texas/24-008749-003/2024(H5N1)	1970	683
PA|PP755594.1|A/cattle/Texas/24-008749-003/2024(H5N1)	1971	694
PA|PP755594.1|A/cattle/Texas/24-008749-003/2024(H5N1)	1972	886
PA|PP755594.1|A/cattle/Texas/24-008749-003/2024(H5N1)	1973	888
PA|PP755594.1|A/cattle/Texas/24-008749-003/2024(H5N1)	1974	894
PA|PP755594.1|A/cattle/Texas/24-008749-003/2024(H5N1)	1975	894
PA|PP755594.1|A/cattle/Texas/24-008749-003/2024(H5N1)	1976	896
PA|PP755594.1|A/cattle/Texas/24-008749-003/2024(H5N1)	1977	896
PA|PP755594.1|A/cattle/Texas/24-008749-003/2024(H5N1)	1978	896
PA|PP755594.1|A/cattle/Texas/24-008749-003/2024(H5N1)	1979	896
PA|PP755594.1|A/cattle/Texas/24-008749-003/2024(H5N1)	1980	896
PA|PP755594.1|A/cattle/Texas/24-008749-003/2024(H5N1)	1981	898
PA|PP755594.1|A/cattle/Texas/24-008749-003/2024(H5N1)	1982	910
PA|PP755594.1|A/cattle/Texas/24-008749-003/2024(H5N1)	1983	911
PA|PP755594.1|A/cattle/Texas/24-008749-003/2024(H5N1)	1984	911
PA|PP755594.1|A/cattle/Texas/24-008749-003/2024(H5N1)	1985	911
PA|PP755594.1|A/cattle/Texas/24-008749-003/2024(H5N1)	1986	911
PA|PP755594.1|A/cattle/Texas/24-008749-003/2024(H5N1)	1987	914
PA|PP755594.1|A/cattle/Texas/24-008749-003/2024(H5N1)	1988	916
PA|PP755594.1|A/cattle/Texas/24-008749-003/2024(H5N1)	1989	916
PA|PP755594.1|A/cattle/Texas/24-008749-003/2024(H5N1)	1990	916
PA|PP755594.1|A/cattle/Texas/24-008749-003/2024(H5N1)	1991	918
PA|PP755594.1|A/cattle/Texas/24-008749-003/2024(H5N1)	1992	918
PA|PP755594.1|A/cattle/Texas/24-008749-003/2024(H5N1)	1993	930
PA|PP755594.1|A/cattle/Texas/24-008749-003/2024(H5N1)	1994	970
PA|PP755594.1|A/cattle/Texas/24-008749-003/2024(H5N1)	1995	978
PA|PP755594.1|A/cattle/Texas/24-008749-003/2024(H5N1)	1996	980
PA|PP755594.1|A/cattle/Texas/24-008749-003/2024(H5N1)	1997	981
PA|PP755594.1|A/cattle/Texas/24-008749-003/2024(H5N1)	1998	987
PA|PP755594.1|A/cattle/Texas/24-008749-003/2024(H5N1)	1999	996
PA|PP755594.1|A/cattle/Texas/24-008749-003/2024(H5N1)	2000	1005
PA|PP755594.1|A/cattle/Texas/24-008749-003/2024(H5N1)	2001	1021
PA|PP755594.1|A/cattle/Texas/24-008749-003/2024(H5N1)	2002	1022
PA|PP755594.1|A/cattle/Texas/24-008749-003/2024(H5N1)	2003	1028
PA|PP755594.1|A/cattle/Texas/24-008749-003/2024(H5N1)	2004	1022
PA|PP755594.1|A/cattle/Texas/24-008749-003/2024(H5N1)	2005	1037
PA|PP755594.1|A/cattle/Texas/24-008749-003/2024(H5N1)	2006	1046
PA|PP755594.1|A/cattle/Texas/24-008749-003/2024(H5N1)	2007	1051
PA|PP755594.1|A/cattle/Texas/24-008749-003/2024(H5N1)	2008	1050
PA|PP755594.1|A/cattle/Texas/24-008749-003/2024(H5N1)	2009	1047
PA|PP755594.1|A/cattle/Texas/24-008749-003/2024(H5N1)	2010	1046
PA|PP755594.1|A/cattle/Texas/24-008749-003/2024(H5N1)	2011	1058
PA|PP755594.1|A/cattle/Texas/24-008749-003/2024(H5N1)	2012	1047
PA|PP755594.1|A/cattle/Texas/24-008749-003/2024(H5N1)	2013	1049
PA|PP755594.1|A/cattle/Texas/24-008749-003/2024(H5N1)	2014	1057
PA|PP755594.1|A/cattle/Texas/24-008749-003/2024(H5N1)	2015	1045
PA|PP755594.1|A/cattle/Texas/24-008749-003/2024(H5N1)	2016	1047
PA|PP755594.1|A/cattle/Texas/24-008749-003/2024(H5N1)	2017	1047
PA|PP755594.1|A/cattle/Texas/24-008749-003/2024(H5N1)	2018	1039
PA|PP755594.1|A/cattle/Texas/24-008749-003/2024(H5N1)	2019	1047
PA|PP755594.1|A/cattle/Texas/24-008749-003/2024(H5N1)	2020	1045
PA|PP755594.1|A/cattle/Texas/24-008749-003/2024(H5N1)	2021	1052
PA|PP755594.1|A/cattle/Texas/24-008749-003/2024(H5N1)	2022	1026
PA|PP755594.1|A/cattle/Texas/24-008749-003/2024(H5N1)	2023	987
PA|PP755594.1|A/cattle/Texas/24-008749-003/2024(H5N1)	2024	1000
PA|PP755594.1|A/cattle/Texas/24-008749-003/2024(H5N1)	2025	1003
PA|PP755594.1|A/cattle/Texas/24-008749-003/2024(H5N1)	2026	999
PA|PP755594.1|A/cattle/Texas/24-008749-003/2024(H5N1)	2027	992
PA|PP755594.1|A/cattle/Texas/24-008749-003/2024(H5N1)	2028	992
PA|PP755594.1|A/cattle/Texas/24-008749-003/2024(H5N1)	2029	1020
PA|PP755594.1|A/cattle/Texas/24-008749-003/2024(H5N1)	2030	1030
PA|PP755594.1|A/cattle/Texas/24-008749-003/2024(H5N1)	2031	1015
PA|PP755594.1|A/cattle/Texas/24-008749-003/2024(H5N1)	2032	1055
PA|PP755594.1|A/cattle/Texas/24-008749-003/2024(H5N1)	2033	1030
PA|PP755594.1|A/cattle/Texas/24-008749-003/2024(H5N1)	2034	1058
PA|PP755594.1|A/cattle/Texas/24-008749-003/2024(H5N1)	2035	1058
PA|PP755594.1|A/cattle/Texas/24-008749-003/2024(H5N1)	2036	1061
PA|PP755594.1|A/cattle/Texas/24-008749-003/2024(H5N1)	2037	1065
PA|PP755594.1|A/cattle/Texas/24-008749-003/2024(H5N1)	2038	1061
PA|PP755594.1|A/cattle/Texas/24-008749-003/2024(H5N1)	2039	1064
PA|PP755594.1|A/cattle/Texas/24-008749-003/2024(H5N1)	2040	1051
PA|PP755594.1|A/cattle/Texas/24-008749-003/2024(H5N1)	2041	1036
PA|PP755594.1|A/cattle/Texas/24-008749-003/2024(H5N1)	2042	1082
PA|PP755594.1|A/cattle/Texas/24-008749-003/2024(H5N1)	2043	1078
PA|PP755594.1|A/cattle/Texas/24-008749-003/2024(H5N1)	2044	1077
PA|PP755594.1|A/cattle/Texas/24-008749-003/2024(H5N1)	2045	1087
PA|PP755594.1|A/cattle/Texas/24-008749-003/2024(H5N1)	2046	1082
PA|PP755594.1|A/cattle/Texas/24-008749-003/2024(H5N1)	2047	1082
PA|PP755594.1|A/cattle/Texas/24-008749-003/2024(H5N1)	2048	1069
PA|PP755594.1|A/cattle/Texas/24-008749-003/2024(H5N1)	2049	1067
PA|PP755594.1|A/cattle/Texas/24-008749-003/2024(H5N1)	2050	1067
PA|PP755594.1|A/cattle/Texas/24-008749-003/2024(H5N1)	2051	1063
PA|PP755594.1|A/cattle/Texas/24-008749-003/2024(H5N1)	2052	1064
PA|PP755594.1|A/cattle/Texas/24-008749-003/2024(H5N1)	2053	1074
PA|PP755594.1|A/cattle/Texas/24-008749-003/2024(H5N1)	2054	1053
PA|PP755594.1|A/cattle/Texas/24-008749-003/2024(H5N1)	2055	1061
PA|PP755594.1|A/cattle/Texas/24-008749-003/2024(H5N1)	2056	1025
PA|PP755594.1|A/cattle/Texas/24-008749-003/2024(H5N1)	2057	1029
PA|PP755594.1|A/cattle/Texas/24-008749-003/2024(H5N1)	2058	1122
PA|PP755594.1|A/cattle/Texas/24-008749-003/2024(H5N1)	2059	1114
PA|PP755594.1|A/cattle/Texas/24-008749-003/2024(H5N1)	2060	1131
PA|PP755594.1|A/cattle/Texas/24-008749-003/2024(H5N1)	2061	1125
PA|PP755594.1|A/cattle/Texas/24-008749-003/2024(H5N1)	2062	1095
PA|PP755594.1|A/cattle/Texas/24-008749-003/2024(H5N1)	2063	1102
PA|PP755594.1|A/cattle/Texas/24-008749-003/2024(H5N1)	2064	1095
PA|PP755594.1|A/cattle/Texas/24-008749-003/2024(H5N1)	2065	1095
PA|PP755594.1|A/cattle/Texas/24-008749-003/2024(H5N1)	2066	1098
PA|PP755594.1|A/cattle/Texas/24-008749-003/2024(H5N1)	2067	1070
PA|PP755594.1|A/cattle/Texas/24-008749-003/2024(H5N1)	2068	1084
PA|PP755594.1|A/cattle/Texas/24-008749-003/2024(H5N1)	2069	1084
PA|PP755594.1|A/cattle/Texas/24-008749-003/2024(H5N1)	2070	1084
PA|PP755594.1|A/cattle/Texas/24-008749-003/2024(H5N1)	2071	1084
PA|PP755594.1|A/cattle/Texas/24-008749-003/2024(H5N1)	2072	1082
PA|PP755594.1|A/cattle/Texas/24-008749-003/2024(H5N1)	2073	1082
PA|PP755594.1|A/cattle/Texas/24-008749-003/2024(H5N1)	2074	1075
PA|PP755594.1|A/cattle/Texas/24-008749-003/2024(H5N1)	2075	1059
PA|PP755594.1|A/cattle/Texas/24-008749-003/2024(H5N1)	2076	1063
PA|PP755594.1|A/cattle/Texas/24-008749-003/2024(H5N1)	2077	998
PA|PP755594.1|A/cattle/Texas/24-008749-003/2024(H5N1)	2078	998
PA|PP755594.1|A/cattle/Texas/24-008749-003/2024(H5N1)	2079	992
PA|PP755594.1|A/cattle/Texas/24-008749-003/2024(H5N1)	2080	987
PA|PP755594.1|A/cattle/Texas/24-008749-003/2024(H5N1)	2081	988
PA|PP755594.1|A/cattle/Texas/24-008749-003/2024(H5N1)	2082	988
PA|PP755594.1|A/cattle/Texas/24-008749-003/2024(H5N1)	2083	990
PA|PP755594.1|A/cattle/Texas/24-008749-003/2024(H5N1)	2084	976
PA|PP755594.1|A/cattle/Texas/24-008749-003/2024(H5N1)	2085	965
PA|PP755594.1|A/cattle/Texas/24-008749-003/2024(H5N1)	2086	957
PA|PP755594.1|A/cattle/Texas/24-008749-003/2024(H5N1)	2087	957
PA|PP755594.1|A/cattle/Texas/24-008749-003/2024(H5N1)	2088	956
PA|PP755594.1|A/cattle/Texas/24-008749-003/2024(H5N1)	2089	955
PA|PP755594.1|A/cattle/Texas/24-008749-003/2024(H5N1)	2090	957
PA|PP755594.1|A/cattle/Texas/24-008749-003/2024(H5N1)	2091	945
PA|PP755594.1|A/cattle/Texas/24-008749-003/2024(H5N1)	2092	942
PA|PP755594.1|A/cattle/Texas/24-008749-003/2024(H5N1)	2093	869
PA|PP755594.1|A/cattle/Texas/24-008749-003/2024(H5N1)	2094	859
PA|PP755594.1|A/cattle/Texas/24-008749-003/2024(H5N1)	2095	859
PA|PP755594.1|A/cattle/Texas/24-008749-003/2024(H5N1)	2096	859
PA|PP755594.1|A/cattle/Texas/24-008749-003/2024(H5N1)	2097	859
PA|PP755594.1|A/cattle/Texas/24-008749-003/2024(H5N1)	2098	857
PA|PP755594.1|A/cattle/Texas/24-008749-003/2024(H5N1)	2099	853
PA|PP755594.1|A/cattle/Texas/24-008749-003/2024(H5N1)	2100	824
PA|PP755594.1|A/cattle/Texas/24-008749-003/2024(H5N1)	2101	822
PA|PP755594.1|A/cattle/Texas/24-008749-003/2024(H5N1)	2102	821
PA|PP755594.1|A/cattle/Texas/24-008749-003/2024(H5N1)	2103	827
PA|PP755594.1|A/cattle/Texas/24-008749-003/2024(H5N1)	2104	826
PA|PP755594.1|A/cattle/Texas/24-008749-003/2024(H5N1)	2105	819
PA|PP755594.1|A/cattle/Texas/24-008749-003/2024(H5N1)	2106	818
PA|PP755594.1|A/cattle/Texas/24-008749-003/2024(H5N1)	2107	810
PA|PP755594.1|A/cattle/Texas/24-008749-003/2024(H5N1)	2108	810
PA|PP755594.1|A/cattle/Texas/24-008749-003/2024(H5N1)	2109	810
PA|PP755594.1|A/cattle/Texas/24-008749-003/2024(H5N1)	2110	810
PA|PP755594.1|A/cattle/Texas/24-008749-003/2024(H5N1)	2111	809
PA|PP755594.1|A/cattle/Texas/24-008749-003/2024(H5N1)	2112	789
PA|PP755594.1|A/cattle/Texas/24-008749-003/2024(H5N1)	2113	789
PA|PP755594.1|A/cattle/Texas/24-008749-003/2024(H5N1)	2114	789
PA|PP755594.1|A/cattle/Texas/24-008749-003/2024(H5N1)	2115	783
PA|PP755594.1|A/cattle/Texas/24-008749-003/2024(H5N1)	2116	783
PA|PP755594.1|A/cattle/Texas/24-008749-003/2024(H5N1)	2117	774
PA|PP755594.1|A/cattle/Texas/24-008749-003/2024(H5N1)	2118	774
PA|PP755594.1|A/cattle/Texas/24-008749-003/2024(H5N1)	2119	773
PA|PP755594.1|A/cattle/Texas/24-008749-003/2024(H5N1)	2120	772
PA|PP755594.1|A/cattle/Texas/24-008749-003/2024(H5N1)	2121	767
PA|PP755594.1|A/cattle/Texas/24-008749-003/2024(H5N1)	2122	757
PA|PP755594.1|A/cattle/Texas/24-008749-003/2024(H5N1)	2123	757
PA|PP755594.1|A/cattle/Texas/24-008749-003/2024(H5N1)	2124	757
PA|PP755594.1|A/cattle/Texas/24-008749-003/2024(H5N1)	2125	750
PA|PP755594.1|A/cattle/Texas/24-008749-003/2024(H5N1)	2126	750
PA|PP755594.1|A/cattle/Texas/24-008749-003/2024(H5N1)	2127	719
PA|PP755594.1|A/cattle/Texas/24-008749-003/2024(H5N1)	2128	717
PA|PP755594.1|A/cattle/Texas/24-008749-003/2024(H5N1)	2129	717
PA|PP755594.1|A/cattle/Texas/24-008749-003/2024(H5N1)	2130	717
PA|PP755594.1|A/cattle/Texas/24-008749-003/2024(H5N1)	2131	707
PA|PP755594.1|A/cattle/Texas/24-008749-003/2024(H5N1)	2132	703
PA|PP755594.1|A/cattle/Texas/24-008749-003/2024(H5N1)	2133	702
PA|PP755594.1|A/cattle/Texas/24-008749-003/2024(H5N1)	2134	702
PA|PP755594.1|A/cattle/Texas/24-008749-003/2024(H5N1)	2135	699
PA|PP755594.1|A/cattle/Texas/24-008749-003/2024(H5N1)	2136	699
PA|PP755594.1|A/cattle/Texas/24-008749-003/2024(H5N1)	2137	696
PA|PP755594.1|A/cattle/Texas/24-008749-003/2024(H5N1)	2138	690
PA|PP755594.1|A/cattle/Texas/24-008749-003/2024(H5N1)	2139	686
PA|PP755594.1|A/cattle/Texas/24-008749-003/2024(H5N1)	2140	686
PA|PP755594.1|A/cattle/Texas/24-008749-003/2024(H5N1)	2141	684
PA|PP755594.1|A/cattle/Texas/24-008749-003/2024(H5N1)	2142	683
PA|PP755594.1|A/cattle/Texas/24-008749-003/2024(H5N1)	2143	679
PA|PP755594.1|A/cattle/Texas/24-008749-003/2024(H5N1)	2144	661
PA|PP755594.1|A/cattle/Texas/24-008749-003/2024(H5N1)	2145	661
PA|PP755594.1|A/cattle/Texas/24-008749-003/2024(H5N1)	2146	660
PA|PP755594.1|A/cattle/Texas/24-008749-003/2024(H5N1)	2147	659
PA|PP755594.1|A/cattle/Texas/24-008749-003/2024(H5N1)	2148	657
PA|PP755594.1|A/cattle/Texas/24-008749-003/2024(H5N1)	2149	649
PA|PP755594.1|A/cattle/Texas/24-008749-003/2024(H5N1)	2150	638
PA|PP755594.1|A/cattle/Texas/24-008749-003/2024(H5N1)	2151	632
