PB2|PP755596.1|A/cattle/Texas/24-008749-003/2024(H5N1)	1	12313
PB2|PP755596.1|A/cattle/Texas/24-008749-003/2024(H5N1)	2	12343
PB2|PP755596.1|A/cattle/Texas/24-008749-003/2024(H5N1)	3	12525
PB2|PP755596.1|A/cattle/Texas/24-008749-003/2024(H5N1)	4	12563
PB2|PP755596.1|A/cattle/Texas/24-008749-003/2024(H5N1)	5	12611
PB2|PP755596.1|A/cattle/Texas/24-008749-003/2024(H5N1)	6	12712
PB2|PP755596.1|A/cattle/Texas/24-008749-003/2024(H5N1)	7	12771
PB2|PP755596.1|A/cattle/Texas/24-008749-003/2024(H5N1)	8	14201
PB2|PP755596.1|A/cattle/Texas/24-008749-003/2024(H5N1)	9	14298
PB2|PP755596.1|A/cattle/Texas/24-008749-003/2024(H5N1)	10	14365
PB2|PP755596.1|A/cattle/Texas/24-008749-003/2024(H5N1)	11	14646
PB2|PP755596.1|A/cattle/Texas/24-008749-003/2024(H5N1)	12	14651
PB2|PP755596.1|A/cattle/Texas/24-008749-003/2024(H5N1)	13	14764
PB2|PP755596.1|A/cattle/Texas/24-008749-003/2024(H5N1)	14	14782
PB2|PP755596.1|A/cattle/Texas/24-008749-003/2024(H5N1)	15	14800
PB2|PP755596.1|A/cattle/Texas/24-008749-003/2024(H5N1)	16	15133
PB2|PP755596.1|A/cattle/Texas/24-008749-003/2024(H5N1)	17	15324
PB2|PP755596.1|A/cattle/Texas/24-008749-003/2024(H5N1)	18	15397
PB2|PP755596.1|A/cattle/Texas/24-008749-003/2024(H5N1)	19	15471
PB2|PP755596.1|A/cattle/Texas/24-008749-003/2024(H5N1)	20	15516
PB2|PP755596.1|A/cattle/Texas/24-008749-003/2024(H5N1)	21	15724
PB2|PP755596.1|A/cattle/Texas/24-008749-003/2024(H5N1)	22	15751
PB2|PP755596.1|A/cattle/Texas/24-008749-003/2024(H5N1)	23	15799
PB2|PP755596.1|A/cattle/Texas/24-008749-003/2024(H5N1)	24	15860
PB2|PP755596.1|A/cattle/Texas/24-008749-003/2024(H5N1)	25	16667
PB2|PP755596.1|A/cattle/Texas/24-008749-003/2024(H5N1)	26	17027
PB2|PP755596.1|A/cattle/Texas/24-008749-003/2024(H5N1)	27	17067
PB2|PP755596.1|A/cattle/Texas/24-008749-003/2024(H5N1)	28	17118
PB2|PP755596.1|A/cattle/Texas/24-008749-003/2024(H5N1)	29	17157
PB2|PP755596.1|A/cattle/Texas/24-008749-003/2024(H5N1)	30	17254
PB2|PP755596.1|A/cattle/Texas/24-008749-003/2024(H5N1)	31	17406
PB2|PP755596.1|A/cattle/Texas/24-008749-003/2024(H5N1)	32	17514
PB2|PP755596.1|A/cattle/Texas/24-008749-003/2024(H5N1)	33	17625
PB2|PP755596.1|A/cattle/Texas/24-008749-003/2024(H5N1)	34	17718
PB2|PP755596.1|A/cattle/Texas/24-008749-003/2024(H5N1)	35	17723
PB2|PP755596.1|A/cattle/Texas/24-008749-003/2024(H5N1)	36	17722
PB2|PP755596.1|A/cattle/Texas/24-008749-003/2024(H5N1)	37	17755
PB2|PP755596.1|A/cattle/Texas/24-008749-003/2024(H5N1)	38	17749
PB2|PP755596.1|A/cattle/Texas/24-008749-003/2024(H5N1)	39	18482
PB2|PP755596.1|A/cattle/Texas/24-008749-003/2024(H5N1)	40	18564
PB2|PP755596.1|A/cattle/Texas/24-008749-003/2024(H5N1)	41	18616
PB2|PP755596.1|A/cattle/Texas/24-008749-003/2024(H5N1)	42	18608
PB2|PP755596.1|A/cattle/Texas/24-008749-003/2024(H5N1)	43	18617
PB2|PP755596.1|A/cattle/Texas/24-008749-003/2024(H5N1)	44	18635
PB2|PP755596.1|A/cattle/Texas/24-008749-003/2024(H5N1)	45	18652
PB2|PP755596.1|A/cattle/Texas/24-008749-003/2024(H5N1)	46	18691
PB2|PP755596.1|A/cattle/Texas/24-008749-003/2024(H5N1)	47	18799
PB2|PP755596.1|A/cattle/Texas/24-008749-003/2024(H5N1)	48	18794
PB2|PP755596.1|A/cattle/Texas/24-008749-003/2024(H5N1)	49	19093
PB2|PP755596.1|A/cattle/Texas/24-008749-003/2024(H5N1)	50	19117
PB2|PP755596.1|A/cattle/Texas/24-008749-003/2024(H5N1)	51	19169
PB2|PP755596.1|A/cattle/Texas/24-008749-003/2024(H5N1)	52	19169
PB2|PP755596.1|A/cattle/Texas/24-008749-003/2024(H5N1)	53	19211
PB2|PP755596.1|A/cattle/Texas/24-008749-003/2024(H5N1)	54	19218
PB2|PP755596.1|A/cattle/Texas/24-008749-003/2024(H5N1)	55	19810
PB2|PP755596.1|A/cattle/Texas/24-008749-003/2024(H5N1)	56	19816
PB2|PP755596.1|A/cattle/Texas/24-008749-003/2024(H5N1)	57	19842
PB2|PP755596.1|A/cattle/Texas/24-008749-003/2024(H5N1)	58	19909
PB2|PP755596.1|A/cattle/Texas/24-008749-003/2024(H5N1)	59	19973
PB2|PP755596.1|A/cattle/Texas/24-008749-003/2024(H5N1)	60	20145
PB2|PP755596.1|A/cattle/Texas/24-008749-003/2024(H5N1)	61	20229
PB2|PP755596.1|A/cattle/Texas/24-008749-003/2024(H5N1)	62	20293
PB2|PP755596.1|A/cattle/Texas/24-008749-003/2024(H5N1)	63	20313
PB2|PP755596.1|A/cattle/Texas/24-008749-003/2024(H5N1)	64	20294
PB2|PP755596.1|A/cattle/Texas/24-008749-003/2024(H5N1)	65	20376
PB2|PP755596.1|A/cattle/Texas/24-008749-003/2024(H5N1)	66	20502
PB2|PP755596.1|A/cattle/Texas/24-008749-003/2024(H5N1)	67	20584
PB2|PP755596.1|A/cattle/Texas/24-008749-003/2024(H5N1)	68	20715
PB2|PP755596.1|A/cattle/Texas/24-008749-003/2024(H5N1)	69	20741
PB2|PP755596.1|A/cattle/Texas/24-008749-003/2024(H5N1)	70	20798
PB2|PP755596.1|A/cattle/Texas/24-008749-003/2024(H5N1)	71	16152
PB2|PP755596.1|A/cattle/Texas/24-008749-003/2024(H5N1)	72	16170
PB2|PP755596.1|A/cattle/Texas/24-008749-003/2024(H5N1)	73	16447
PB2|PP755596.1|A/cattle/Texas/24-008749-003/2024(H5N1)	74	16534
PB2|PP755596.1|A/cattle/Texas/24-008749-003/2024(H5N1)	75	16570
PB2|PP755596.1|A/cattle/Texas/24-008749-003/2024(H5N1)	76	16587
PB2|PP755596.1|A/cattle/Texas/24-008749-003/2024(H5N1)	77	16706
PB2|PP755596.1|A/cattle/Texas/24-008749-003/2024(H5N1)	78	16891
PB2|PP755596.1|A/cattle/Texas/24-008749-003/2024(H5N1)	79	17068
PB2|PP755596.1|A/cattle/Texas/24-008749-003/2024(H5N1)	80	17100
PB2|PP755596.1|A/cattle/Texas/24-008749-003/2024(H5N1)	81	17242
PB2|PP755596.1|A/cattle/Texas/24-008749-003/2024(H5N1)	82	17220
PB2|PP755596.1|A/cattle/Texas/24-008749-003/2024(H5N1)	83	17274
PB2|PP755596.1|A/cattle/Texas/24-008749-003/2024(H5N1)	84	16670
PB2|PP755596.1|A/cattle/Texas/24-008749-003/2024(H5N1)	85	15826
PB2|PP755596.1|A/cattle/Texas/24-008749-003/2024(H5N1)	86	15894
PB2|PP755596.1|A/cattle/Texas/24-008749-003/2024(H5N1)	87	15890
PB2|PP755596.1|A/cattle/Texas/24-008749-003/2024(H5N1)	88	15915
PB2|PP755596.1|A/cattle/Texas/24-008749-003/2024(H5N1)	89	16001
PB2|PP755596.1|A/cattle/Texas/24-008749-003/2024(H5N1)	90	16006
PB2|PP755596.1|A/cattle/Texas/24-008749-003/2024(H5N1)	91	16188
PB2|PP755596.1|A/cattle/Texas/24-008749-003/2024(H5N1)	92	16209
PB2|PP755596.1|A/cattle/Texas/24-008749-003/2024(H5N1)	93	16293
PB2|PP755596.1|A/cattle/Texas/24-008749-003/2024(H5N1)	94	16311
PB2|PP755596.1|A/cattle/Texas/24-008749-003/2024(H5N1)	95	16316
PB2|PP755596.1|A/cattle/Texas/24-008749-003/2024(H5N1)	96	17105
PB2|PP755596.1|A/cattle/Texas/24-008749-003/2024(H5N1)	97	17175
PB2|PP755596.1|A/cattle/Texas/24-008749-003/2024(H5N1)	98	17143
PB2|PP755596.1|A/cattle/Texas/24-008749-003/2024(H5N1)	99	17371
PB2|PP755596.1|A/cattle/Texas/24-008749-003/2024(H5N1)	100	17367
PB2|PP755596.1|A/cattle/Texas/24-008749-003/2024(H5N1)	101	17393
PB2|PP755596.1|A/cattle/Texas/24-008749-003/2024(H5N1)	102	17424
PB2|PP755596.1|A/cattle/Texas/24-008749-003/2024(H5N1)	103	17420
PB2|PP755596.1|A/cattle/Texas/24-008749-003/2024(H5N1)	104	17596
PB2|PP755596.1|A/cattle/Texas/24-008749-003/2024(H5N1)	105	17598
PB2|PP755596.1|A/cattle/Texas/24-008749-003/2024(H5N1)	106	17658
PB2|PP755596.1|A/cattle/Texas/24-008749-003/2024(H5N1)	107	17663
PB2|PP755596.1|A/cattle/Texas/24-008749-003/2024(H5N1)	108	17574
PB2|PP755596.1|A/cattle/Texas/24-008749-003/2024(H5N1)	109	17578
PB2|PP755596.1|A/cattle/Texas/24-008749-003/2024(H5N1)	110	17638
PB2|PP755596.1|A/cattle/Texas/24-008749-003/2024(H5N1)	111	17570
PB2|PP755596.1|A/cattle/Texas/24-008749-003/2024(H5N1)	112	17567
PB2|PP755596.1|A/cattle/Texas/24-008749-003/2024(H5N1)	113	17574
PB2|PP755596.1|A/cattle/Texas/24-008749-003/2024(H5N1)	114	17572
PB2|PP755596.1|A/cattle/Texas/24-008749-003/2024(H5N1)	115	17636
PB2|PP755596.1|A/cattle/Texas/24-008749-003/2024(H5N1)	116	17639
PB2|PP755596.1|A/cattle/Texas/24-008749-003/2024(H5N1)	117	17641
PB2|PP755596.1|A/cattle/Texas/24-008749-003/2024(H5N1)	118	17786
PB2|PP755596.1|A/cattle/Texas/24-008749-003/2024(H5N1)	119	17846
PB2|PP755596.1|A/cattle/Texas/24-008749-003/2024(H5N1)	120	17899
PB2|PP755596.1|A/cattle/Texas/24-008749-003/2024(H5N1)	121	17902
PB2|PP755596.1|A/cattle/Texas/24-008749-003/2024(H5N1)	122	17828
PB2|PP755596.1|A/cattle/Texas/24-008749-003/2024(H5N1)	123	17817
PB2|PP755596.1|A/cattle/Texas/24-008749-003/2024(H5N1)	124	15640
PB2|PP755596.1|A/cattle/Texas/24-008749-003/2024(H5N1)	125	14841
PB2|PP755596.1|A/cattle/Texas/24-008749-003/2024(H5N1)	126	13439
PB2|PP755596.1|A/cattle/Texas/24-008749-003/2024(H5N1)	127	13379
PB2|PP755596.1|A/cattle/Texas/24-008749-003/2024(H5N1)	128	13335
PB2|PP755596.1|A/cattle/Texas/24-008749-003/2024(H5N1)	129	13243
PB2|PP755596.1|A/cattle/Texas/24-008749-003/2024(H5N1)	130	13272
PB2|PP755596.1|A/cattle/Texas/24-008749-003/2024(H5N1)	131	12544
PB2|PP755596.1|A/cattle/Texas/24-008749-003/2024(H5N1)	132	12557
PB2|PP755596.1|A/cattle/Texas/24-008749-003/2024(H5N1)	133	11669
PB2|PP755596.1|A/cattle/Texas/24-008749-003/2024(H5N1)	134	11637
PB2|PP755596.1|A/cattle/Texas/24-008749-003/2024(H5N1)	135	11512
PB2|PP755596.1|A/cattle/Texas/24-008749-003/2024(H5N1)	136	11490
PB2|PP755596.1|A/cattle/Texas/24-008749-003/2024(H5N1)	137	11576
PB2|PP755596.1|A/cattle/Texas/24-008749-003/2024(H5N1)	138	11092
PB2|PP755596.1|A/cattle/Texas/24-008749-003/2024(H5N1)	139	11180
PB2|PP755596.1|A/cattle/Texas/24-008749-003/2024(H5N1)	140	10506
PB2|PP755596.1|A/cattle/Texas/24-008749-003/2024(H5N1)	141	10534
PB2|PP755596.1|A/cattle/Texas/24-008749-003/2024(H5N1)	142	10565
PB2|PP755596.1|A/cattle/Texas/24-008749-003/2024(H5N1)	143	10457
PB2|PP755596.1|A/cattle/Texas/24-008749-003/2024(H5N1)	144	10458
PB2|PP755596.1|A/cattle/Texas/24-008749-003/2024(H5N1)	145	10200
PB2|PP755596.1|A/cattle/Texas/24-008749-003/2024(H5N1)	146	10169
PB2|PP755596.1|A/cattle/Texas/24-008749-003/2024(H5N1)	147	10046
PB2|PP755596.1|A/cattle/Texas/24-008749-003/2024(H5N1)	148	7987
PB2|PP755596.1|A/cattle/Texas/24-008749-003/2024(H5N1)	149	8120
PB2|PP755596.1|A/cattle/Texas/24-008749-003/2024(H5N1)	150	8041
PB2|PP755596.1|A/cattle/Texas/24-008749-003/2024(H5N1)	151	6553
PB2|PP755596.1|A/cattle/Texas/24-008749-003/2024(H5N1)	152	6496
PB2|PP755596.1|A/cattle/Texas/24-008749-003/2024(H5N1)	153	6501
PB2|PP755596.1|A/cattle/Texas/24-008749-003/2024(H5N1)	154	6240
PB2|PP755596.1|A/cattle/Texas/24-008749-003/2024(H5N1)	155	6234
PB2|PP755596.1|A/cattle/Texas/24-008749-003/2024(H5N1)	156	6212
PB2|PP755596.1|A/cattle/Texas/24-008749-003/2024(H5N1)	157	6546
PB2|PP755596.1|A/cattle/Texas/24-008749-003/2024(H5N1)	158	6561
PB2|PP755596.1|A/cattle/Texas/24-008749-003/2024(H5N1)	159	6311
PB2|PP755596.1|A/cattle/Texas/24-008749-003/2024(H5N1)	160	6323
PB2|PP755596.1|A/cattle/Texas/24-008749-003/2024(H5N1)	161	6326
PB2|PP755596.1|A/cattle/Texas/24-008749-003/2024(H5N1)	162	6284
PB2|PP755596.1|A/cattle/Texas/24-008749-003/2024(H5N1)	163	6297
PB2|PP755596.1|A/cattle/Texas/24-008749-003/2024(H5N1)	164	6281
PB2|PP755596.1|A/cattle/Texas/24-008749-003/2024(H5N1)	165	6338
PB2|PP755596.1|A/cattle/Texas/24-008749-003/2024(H5N1)	166	6318
PB2|PP755596.1|A/cattle/Texas/24-008749-003/2024(H5N1)	167	6366
PB2|PP755596.1|A/cattle/Texas/24-008749-003/2024(H5N1)	168	6361
PB2|PP755596.1|A/cattle/Texas/24-008749-003/2024(H5N1)	169	6371
PB2|PP755596.1|A/cattle/Texas/24-008749-003/2024(H5N1)	170	6412
PB2|PP755596.1|A/cattle/Texas/24-008749-003/2024(H5N1)	171	6317
PB2|PP755596.1|A/cattle/Texas/24-008749-003/2024(H5N1)	172	5917
PB2|PP755596.1|A/cattle/Texas/24-008749-003/2024(H5N1)	173	6064
PB2|PP755596.1|A/cattle/Texas/24-008749-003/2024(H5N1)	174	6036
PB2|PP755596.1|A/cattle/Texas/24-008749-003/2024(H5N1)	175	6048
PB2|PP755596.1|A/cattle/Texas/24-008749-003/2024(H5N1)	176	6106
PB2|PP755596.1|A/cattle/Texas/24-008749-003/2024(H5N1)	177	6098
PB2|PP755596.1|A/cattle/Texas/24-008749-003/2024(H5N1)	178	6075
PB2|PP755596.1|A/cattle/Texas/24-008749-003/2024(H5N1)	179	6140
PB2|PP755596.1|A/cattle/Texas/24-008749-003/2024(H5N1)	180	6154
PB2|PP755596.1|A/cattle/Texas/24-008749-003/2024(H5N1)	181	6184
PB2|PP755596.1|A/cattle/Texas/24-008749-003/2024(H5N1)	182	6123
PB2|PP755596.1|A/cattle/Texas/24-008749-003/2024(H5N1)	183	6105
PB2|PP755596.1|A/cattle/Texas/24-008749-003/2024(H5N1)	184	6045
PB2|PP755596.1|A/cattle/Texas/24-008749-003/2024(H5N1)	185	6047
PB2|PP755596.1|A/cattle/Texas/24-008749-003/2024(H5N1)	186	6050
PB2|PP755596.1|A/cattle/Texas/24-008749-003/2024(H5N1)	187	6042
PB2|PP755596.1|A/cattle/Texas/24-008749-003/2024(H5N1)	188	6011
PB2|PP755596.1|A/cattle/Texas/24-008749-003/2024(H5N1)	189	5999
PB2|PP755596.1|A/cattle/Texas/24-008749-003/2024(H5N1)	190	5823
PB2|PP755596.1|A/cattle/Texas/24-008749-003/2024(H5N1)	191	5815
PB2|PP755596.1|A/cattle/Texas/24-008749-003/2024(H5N1)	192	5807
PB2|PP755596.1|A/cattle/Texas/24-008749-003/2024(H5N1)	193	5594
PB2|PP755596.1|A/cattle/Texas/24-008749-003/2024(H5N1)	194	5580
PB2|PP755596.1|A/cattle/Texas/24-008749-003/2024(H5N1)	195	5531
PB2|PP755596.1|A/cattle/Texas/24-008749-003/2024(H5N1)	196	5513
PB2|PP755596.1|A/cattle/Texas/24-008749-003/2024(H5N1)	197	5496
PB2|PP755596.1|A/cattle/Texas/24-008749-003/2024(H5N1)	198	5477
PB2|PP755596.1|A/cattle/Texas/24-008749-003/2024(H5N1)	199	5331
PB2|PP755596.1|A/cattle/Texas/24-008749-003/2024(H5N1)	200	5248
PB2|PP755596.1|A/cattle/Texas/24-008749-003/2024(H5N1)	201	5207
PB2|PP755596.1|A/cattle/Texas/24-008749-003/2024(H5N1)	202	5204
PB2|PP755596.1|A/cattle/Texas/24-008749-003/2024(H5N1)	203	5010
PB2|PP755596.1|A/cattle/Texas/24-008749-003/2024(H5N1)	204	4977
PB2|PP755596.1|A/cattle/Texas/24-008749-003/2024(H5N1)	205	4974
PB2|PP755596.1|A/cattle/Texas/24-008749-003/2024(H5N1)	206	2100
PB2|PP755596.1|A/cattle/Texas/24-008749-003/2024(H5N1)	207	2085
PB2|PP755596.1|A/cattle/Texas/24-008749-003/2024(H5N1)	208	2084
PB2|PP755596.1|A/cattle/Texas/24-008749-003/2024(H5N1)	209	2095
PB2|PP755596.1|A/cattle/Texas/24-008749-003/2024(H5N1)	210	2102
PB2|PP755596.1|A/cattle/Texas/24-008749-003/2024(H5N1)	211	1371
PB2|PP755596.1|A/cattle/Texas/24-008749-003/2024(H5N1)	212	1357
PB2|PP755596.1|A/cattle/Texas/24-008749-003/2024(H5N1)	213	1335
PB2|PP755596.1|A/cattle/Texas/24-008749-003/2024(H5N1)	214	1339
PB2|PP755596.1|A/cattle/Texas/24-008749-003/2024(H5N1)	215	814
PB2|PP755596.1|A/cattle/Texas/24-008749-003/2024(H5N1)	216	794
PB2|PP755596.1|A/cattle/Texas/24-008749-003/2024(H5N1)	217	784
PB2|PP755596.1|A/cattle/Texas/24-008749-003/2024(H5N1)	218	782
PB2|PP755596.1|A/cattle/Texas/24-008749-003/2024(H5N1)	219	773
PB2|PP755596.1|A/cattle/Texas/24-008749-003/2024(H5N1)	220	784
PB2|PP755596.1|A/cattle/Texas/24-008749-003/2024(H5N1)	221	789
PB2|PP755596.1|A/cattle/Texas/24-008749-003/2024(H5N1)	222	782
PB2|PP755596.1|A/cattle/Texas/24-008749-003/2024(H5N1)	223	761
PB2|PP755596.1|A/cattle/Texas/24-008749-003/2024(H5N1)	224	762
PB2|PP755596.1|A/cattle/Texas/24-008749-003/2024(H5N1)	225	762
PB2|PP755596.1|A/cattle/Texas/24-008749-003/2024(H5N1)	226	767
PB2|PP755596.1|A/cattle/Texas/24-008749-003/2024(H5N1)	227	768
PB2|PP755596.1|A/cattle/Texas/24-008749-003/2024(H5N1)	228	759
PB2|PP755596.1|A/cattle/Texas/24-008749-003/2024(H5N1)	229	756
PB2|PP755596.1|A/cattle/Texas/24-008749-003/2024(H5N1)	230	739
PB2|PP755596.1|A/cattle/Texas/24-008749-003/2024(H5N1)	231	740
PB2|PP755596.1|A/cattle/Texas/24-008749-003/2024(H5N1)	232	739
PB2|PP755596.1|A/cattle/Texas/24-008749-003/2024(H5N1)	233	739
PB2|PP755596.1|A/cattle/Texas/24-008749-003/2024(H5N1)	234	743
PB2|PP755596.1|A/cattle/Texas/24-008749-003/2024(H5N1)	235	739
PB2|PP755596.1|A/cattle/Texas/24-008749-003/2024(H5N1)	236	727
PB2|PP755596.1|A/cattle/Texas/24-008749-003/2024(H5N1)	237	735
PB2|PP755596.1|A/cattle/Texas/24-008749-003/2024(H5N1)	238	729
PB2|PP755596.1|A/cattle/Texas/24-008749-003/2024(H5N1)	239	732
PB2|PP755596.1|A/cattle/Texas/24-008749-003/2024(H5N1)	240	733
PB2|PP755596.1|A/cattle/Texas/24-008749-003/2024(H5N1)	241	734
PB2|PP755596.1|A/cattle/Texas/24-008749-003/2024(H5N1)	242	723
PB2|PP755596.1|A/cattle/Texas/24-008749-003/2024(H5N1)	243	720
PB2|PP755596.1|A/cattle/Texas/24-008749-003/2024(H5N1)	244	722
PB2|PP755596.1|A/cattle/Texas/24-008749-003/2024(H5N1)	245	723
PB2|PP755596.1|A/cattle/Texas/24-008749-003/2024(H5N1)	246	729
PB2|PP755596.1|A/cattle/Texas/24-008749-003/2024(H5N1)	247	717
PB2|PP755596.1|A/cattle/Texas/24-008749-003/2024(H5N1)	248	691
PB2|PP755596.1|A/cattle/Texas/24-008749-003/2024(H5N1)	249	689
PB2|PP755596.1|A/cattle/Texas/24-008749-003/2024(H5N1)	250	673
PB2|PP755596.1|A/cattle/Texas/24-008749-003/2024(H5N1)	251	678
PB2|PP755596.1|A/cattle/Texas/24-008749-003/2024(H5N1)	252	635
PB2|PP755596.1|A/cattle/Texas/24-008749-003/2024(H5N1)	253	647
PB2|PP755596.1|A/cattle/Texas/24-008749-003/2024(H5N1)	254	647
PB2|PP755596.1|A/cattle/Texas/24-008749-003/2024(H5N1)	255	643
PB2|PP755596.1|A/cattle/Texas/24-008749-003/2024(H5N1)	256	643
PB2|PP755596.1|A/cattle/Texas/24-008749-003/2024(H5N1)	257	638
PB2|PP755596.1|A/cattle/Texas/24-008749-003/2024(H5N1)	258	644
PB2|PP755596.1|A/cattle/Texas/24-008749-003/2024(H5N1)	259	647
PB2|PP755596.1|A/cattle/Texas/24-008749-003/2024(H5N1)	260	659
PB2|PP755596.1|A/cattle/Texas/24-008749-003/2024(H5N1)	261	659
PB2|PP755596.1|A/cattle/Texas/24-008749-003/2024(H5N1)	262	651
PB2|PP755596.1|A/cattle/Texas/24-008749-003/2024(H5N1)	263	662
PB2|PP755596.1|A/cattle/Texas/24-008749-003/2024(H5N1)	264	660
PB2|PP755596.1|A/cattle/Texas/24-008749-003/2024(H5N1)	265	661
PB2|PP755596.1|A/cattle/Texas/24-008749-003/2024(H5N1)	266	660
PB2|PP755596.1|A/cattle/Texas/24-008749-003/2024(H5N1)	267	662
PB2|PP755596.1|A/cattle/Texas/24-008749-003/2024(H5N1)	268	593
PB2|PP755596.1|A/cattle/Texas/24-008749-003/2024(H5N1)	269	568
PB2|PP755596.1|A/cattle/Texas/24-008749-003/2024(H5N1)	270	568
PB2|PP755596.1|A/cattle/Texas/24-008749-003/2024(H5N1)	271	572
PB2|PP755596.1|A/cattle/Texas/24-008749-003/2024(H5N1)	272	573
PB2|PP755596.1|A/cattle/Texas/24-008749-003/2024(H5N1)	273	573
PB2|PP755596.1|A/cattle/Texas/24-008749-003/2024(H5N1)	274	569
PB2|PP755596.1|A/cattle/Texas/24-008749-003/2024(H5N1)	275	563
PB2|PP755596.1|A/cattle/Texas/24-008749-003/2024(H5N1)	276	562
PB2|PP755596.1|A/cattle/Texas/24-008749-003/2024(H5N1)	277	569
PB2|PP755596.1|A/cattle/Texas/24-008749-003/2024(H5N1)	278	572
PB2|PP755596.1|A/cattle/Texas/24-008749-003/2024(H5N1)	279	572
PB2|PP755596.1|A/cattle/Texas/24-008749-003/2024(H5N1)	280	561
PB2|PP755596.1|A/cattle/Texas/24-008749-003/2024(H5N1)	281	554
PB2|PP755596.1|A/cattle/Texas/24-008749-003/2024(H5N1)	282	558
PB2|PP755596.1|A/cattle/Texas/24-008749-003/2024(H5N1)	283	558
PB2|PP755596.1|A/cattle/Texas/24-008749-003/2024(H5N1)	284	507
PB2|PP755596.1|A/cattle/Texas/24-008749-003/2024(H5N1)	285	502
PB2|PP755596.1|A/cattle/Texas/24-008749-003/2024(H5N1)	286	499
PB2|PP755596.1|A/cattle/Texas/24-008749-003/2024(H5N1)	287	478
PB2|PP755596.1|A/cattle/Texas/24-008749-003/2024(H5N1)	288	478
PB2|PP755596.1|A/cattle/Texas/24-008749-003/2024(H5N1)	289	475
PB2|PP755596.1|A/cattle/Texas/24-008749-003/2024(H5N1)	290	463
PB2|PP755596.1|A/cattle/Texas/24-008749-003/2024(H5N1)	291	463
PB2|PP755596.1|A/cattle/Texas/24-008749-003/2024(H5N1)	292	454
PB2|PP755596.1|A/cattle/Texas/24-008749-003/2024(H5N1)	293	447
PB2|PP755596.1|A/cattle/Texas/24-008749-003/2024(H5N1)	294	451
PB2|PP755596.1|A/cattle/Texas/24-008749-003/2024(H5N1)	295	454
PB2|PP755596.1|A/cattle/Texas/24-008749-003/2024(H5N1)	296	455
PB2|PP755596.1|A/cattle/Texas/24-008749-003/2024(H5N1)	297	450
PB2|PP755596.1|A/cattle/Texas/24-008749-003/2024(H5N1)	298	450
PB2|PP755596.1|A/cattle/Texas/24-008749-003/2024(H5N1)	299	431
PB2|PP755596.1|A/cattle/Texas/24-008749-003/2024(H5N1)	300	432
PB2|PP755596.1|A/cattle/Texas/24-008749-003/2024(H5N1)	301	432
PB2|PP755596.1|A/cattle/Texas/24-008749-003/2024(H5N1)	302	433
PB2|PP755596.1|A/cattle/Texas/24-008749-003/2024(H5N1)	303	425
PB2|PP755596.1|A/cattle/Texas/24-008749-003/2024(H5N1)	304	425
PB2|PP755596.1|A/cattle/Texas/24-008749-003/2024(H5N1)	305	427
PB2|PP755596.1|A/cattle/Texas/24-008749-003/2024(H5N1)	306	421
PB2|PP755596.1|A/cattle/Texas/24-008749-003/2024(H5N1)	307	426
PB2|PP755596.1|A/cattle/Texas/24-008749-003/2024(H5N1)	308	180
PB2|PP755596.1|A/cattle/Texas/24-008749-003/2024(H5N1)	309	179
PB2|PP755596.1|A/cattle/Texas/24-008749-003/2024(H5N1)	310	182
PB2|PP755596.1|A/cattle/Texas/24-008749-003/2024(H5N1)	311	182
PB2|PP755596.1|A/cattle/Texas/24-008749-003/2024(H5N1)	312	184
PB2|PP755596.1|A/cattle/Texas/24-008749-003/2024(H5N1)	313	184
PB2|PP755596.1|A/cattle/Texas/24-008749-003/2024(H5N1)	314	183
PB2|PP755596.1|A/cattle/Texas/24-008749-003/2024(H5N1)	315	186
PB2|PP755596.1|A/cattle/Texas/24-008749-003/2024(H5N1)	316	179
PB2|PP755596.1|A/cattle/Texas/24-008749-003/2024(H5N1)	317	177
PB2|PP755596.1|A/cattle/Texas/24-008749-003/2024(H5N1)	318	177
PB2|PP755596.1|A/cattle/Texas/24-008749-003/2024(H5N1)	319	173
PB2|PP755596.1|A/cattle/Texas/24-008749-003/2024(H5N1)	320	174
PB2|PP755596.1|A/cattle/Texas/24-008749-003/2024(H5N1)	321	174
PB2|PP755596.1|A/cattle/Texas/24-008749-003/2024(H5N1)	322	174
PB2|PP755596.1|A/cattle/Texas/24-008749-003/2024(H5N1)	323	171
PB2|PP755596.1|A/cattle/Texas/24-008749-003/2024(H5N1)	324	168
PB2|PP755596.1|A/cattle/Texas/24-008749-003/2024(H5N1)	325	169
PB2|PP755596.1|A/cattle/Texas/24-008749-003/2024(H5N1)	326	170
PB2|PP755596.1|A/cattle/Texas/24-008749-003/2024(H5N1)	327	172
PB2|PP755596.1|A/cattle/Texas/24-008749-003/2024(H5N1)	328	171
PB2|PP755596.1|A/cattle/Texas/24-008749-003/2024(H5N1)	329	169
PB2|PP755596.1|A/cattle/Texas/24-008749-003/2024(H5N1)	330	167
PB2|PP755596.1|A/cattle/Texas/24-008749-003/2024(H5N1)	331	166
PB2|PP755596.1|A/cattle/Texas/24-008749-003/2024(H5N1)	332	175
PB2|PP755596.1|A/cattle/Texas/24-008749-003/2024(H5N1)	333	176
PB2|PP755596.1|A/cattle/Texas/24-008749-003/2024(H5N1)	334	174
PB2|PP755596.1|A/cattle/Texas/24-008749-003/2024(H5N1)	335	174
PB2|PP755596.1|A/cattle/Texas/24-008749-003/2024(H5N1)	336	173
PB2|PP755596.1|A/cattle/Texas/24-008749-003/2024(H5N1)	337	173
PB2|PP755596.1|A/cattle/Texas/24-008749-003/2024(H5N1)	338	173
PB2|PP755596.1|A/cattle/Texas/24-008749-003/2024(H5N1)	339	176
PB2|PP755596.1|A/cattle/Texas/24-008749-003/2024(H5N1)	340	176
PB2|PP755596.1|A/cattle/Texas/24-008749-003/2024(H5N1)	341	173
PB2|PP755596.1|A/cattle/Texas/24-008749-003/2024(H5N1)	342	173
PB2|PP755596.1|A/cattle/Texas/24-008749-003/2024(H5N1)	343	173
PB2|PP755596.1|A/cattle/Texas/24-008749-003/2024(H5N1)	344	173
PB2|PP755596.1|A/cattle/Texas/24-008749-003/2024(H5N1)	345	173
PB2|PP755596.1|A/cattle/Texas/24-008749-003/2024(H5N1)	346	172
PB2|PP755596.1|A/cattle/Texas/24-008749-003/2024(H5N1)	347	172
PB2|PP755596.1|A/cattle/Texas/24-008749-003/2024(H5N1)	348	129
PB2|PP755596.1|A/cattle/Texas/24-008749-003/2024(H5N1)	349	129
PB2|PP755596.1|A/cattle/Texas/24-008749-003/2024(H5N1)	350	128
PB2|PP755596.1|A/cattle/Texas/24-008749-003/2024(H5N1)	351	126
PB2|PP755596.1|A/cattle/Texas/24-008749-003/2024(H5N1)	352	126
PB2|PP755596.1|A/cattle/Texas/24-008749-003/2024(H5N1)	353	126
PB2|PP755596.1|A/cattle/Texas/24-008749-003/2024(H5N1)	354	126
PB2|PP755596.1|A/cattle/Texas/24-008749-003/2024(H5N1)	355	126
PB2|PP755596.1|A/cattle/Texas/24-008749-003/2024(H5N1)	356	124
PB2|PP755596.1|A/cattle/Texas/24-008749-003/2024(H5N1)	357	124
PB2|PP755596.1|A/cattle/Texas/24-008749-003/2024(H5N1)	358	124
PB2|PP755596.1|A/cattle/Texas/24-008749-003/2024(H5N1)	359	123
PB2|PP755596.1|A/cattle/Texas/24-008749-003/2024(H5N1)	360	124
PB2|PP755596.1|A/cattle/Texas/24-008749-003/2024(H5N1)	361	124
PB2|PP755596.1|A/cattle/Texas/24-008749-003/2024(H5N1)	362	123
PB2|PP755596.1|A/cattle/Texas/24-008749-003/2024(H5N1)	363	123
PB2|PP755596.1|A/cattle/Texas/24-008749-003/2024(H5N1)	364	123
PB2|PP755596.1|A/cattle/Texas/24-008749-003/2024(H5N1)	365	122
PB2|PP755596.1|A/cattle/Texas/24-008749-003/2024(H5N1)	366	122
PB2|PP755596.1|A/cattle/Texas/24-008749-003/2024(H5N1)	367	123
PB2|PP755596.1|A/cattle/Texas/24-008749-003/2024(H5N1)	368	112
PB2|PP755596.1|A/cattle/Texas/24-008749-003/2024(H5N1)	369	112
PB2|PP755596.1|A/cattle/Texas/24-008749-003/2024(H5N1)	370	112
PB2|PP755596.1|A/cattle/Texas/24-008749-003/2024(H5N1)	371	109
PB2|PP755596.1|A/cattle/Texas/24-008749-003/2024(H5N1)	372	111
PB2|PP755596.1|A/cattle/Texas/24-008749-003/2024(H5N1)	373	111
PB2|PP755596.1|A/cattle/Texas/24-008749-003/2024(H5N1)	374	111
PB2|PP755596.1|A/cattle/Texas/24-008749-003/2024(H5N1)	375	111
PB2|PP755596.1|A/cattle/Texas/24-008749-003/2024(H5N1)	376	111
PB2|PP755596.1|A/cattle/Texas/24-008749-003/2024(H5N1)	377	110
PB2|PP755596.1|A/cattle/Texas/24-008749-003/2024(H5N1)	378	110
PB2|PP755596.1|A/cattle/Texas/24-008749-003/2024(H5N1)	379	107
PB2|PP755596.1|A/cattle/Texas/24-008749-003/2024(H5N1)	380	105
PB2|PP755596.1|A/cattle/Texas/24-008749-003/2024(H5N1)	381	105
PB2|PP755596.1|A/cattle/Texas/24-008749-003/2024(H5N1)	382	105
PB2|PP755596.1|A/cattle/Texas/24-008749-003/2024(H5N1)	383	106
PB2|PP755596.1|A/cattle/Texas/24-008749-003/2024(H5N1)	384	106
PB2|PP755596.1|A/cattle/Texas/24-008749-003/2024(H5N1)	385	106
PB2|PP755596.1|A/cattle/Texas/24-008749-003/2024(H5N1)	386	107
PB2|PP755596.1|A/cattle/Texas/24-008749-003/2024(H5N1)	387	100
PB2|PP755596.1|A/cattle/Texas/24-008749-003/2024(H5N1)	388	95
PB2|PP755596.1|A/cattle/Texas/24-008749-003/2024(H5N1)	389	95
PB2|PP755596.1|A/cattle/Texas/24-008749-003/2024(H5N1)	390	92
PB2|PP755596.1|A/cattle/Texas/24-008749-003/2024(H5N1)	391	90
PB2|PP755596.1|A/cattle/Texas/24-008749-003/2024(H5N1)	392	94
PB2|PP755596.1|A/cattle/Texas/24-008749-003/2024(H5N1)	393	93
PB2|PP755596.1|A/cattle/Texas/24-008749-003/2024(H5N1)	394	93
PB2|PP755596.1|A/cattle/Texas/24-008749-003/2024(H5N1)	395	92
PB2|PP755596.1|A/cattle/Texas/24-008749-003/2024(H5N1)	396	90
PB2|PP755596.1|A/cattle/Texas/24-008749-003/2024(H5N1)	397	91
PB2|PP755596.1|A/cattle/Texas/24-008749-003/2024(H5N1)	398	91
PB2|PP755596.1|A/cattle/Texas/24-008749-003/2024(H5N1)	399	91
PB2|PP755596.1|A/cattle/Texas/24-008749-003/2024(H5N1)	400	91
PB2|PP755596.1|A/cattle/Texas/24-008749-003/2024(H5N1)	401	86
PB2|PP755596.1|A/cattle/Texas/24-008749-003/2024(H5N1)	402	87
PB2|PP755596.1|A/cattle/Texas/24-008749-003/2024(H5N1)	403	87
PB2|PP755596.1|A/cattle/Texas/24-008749-003/2024(H5N1)	404	87
PB2|PP755596.1|A/cattle/Texas/24-008749-003/2024(H5N1)	405	83
PB2|PP755596.1|A/cattle/Texas/24-008749-003/2024(H5N1)	406	82
PB2|PP755596.1|A/cattle/Texas/24-008749-003/2024(H5N1)	407	82
PB2|PP755596.1|A/cattle/Texas/24-008749-003/2024(H5N1)	408	84
PB2|PP755596.1|A/cattle/Texas/24-008749-003/2024(H5N1)	409	84
PB2|PP755596.1|A/cattle/Texas/24-008749-003/2024(H5N1)	410	82
PB2|PP755596.1|A/cattle/Texas/24-008749-003/2024(H5N1)	411	80
PB2|PP755596.1|A/cattle/Texas/24-008749-003/2024(H5N1)	412	80
PB2|PP755596.1|A/cattle/Texas/24-008749-003/2024(H5N1)	413	80
PB2|PP755596.1|A/cattle/Texas/24-008749-003/2024(H5N1)	414	81
PB2|PP755596.1|A/cattle/Texas/24-008749-003/2024(H5N1)	415	81
PB2|PP755596.1|A/cattle/Texas/24-008749-003/2024(H5N1)	416	81
PB2|PP755596.1|A/cattle/Texas/24-008749-003/2024(H5N1)	417	81
PB2|PP755596.1|A/cattle/Texas/24-008749-003/2024(H5N1)	418	82
PB2|PP755596.1|A/cattle/Texas/24-008749-003/2024(H5N1)	419	84
PB2|PP755596.1|A/cattle/Texas/24-008749-003/2024(H5N1)	420	84
PB2|PP755596.1|A/cattle/Texas/24-008749-003/2024(H5N1)	421	84
PB2|PP755596.1|A/cattle/Texas/24-008749-003/2024(H5N1)	422	84
PB2|PP755596.1|A/cattle/Texas/24-008749-003/2024(H5N1)	423	84
PB2|PP755596.1|A/cattle/Texas/24-008749-003/2024(H5N1)	424	84
PB2|PP755596.1|A/cattle/Texas/24-008749-003/2024(H5N1)	425	84
PB2|PP755596.1|A/cattle/Texas/24-008749-003/2024(H5N1)	426	85
PB2|PP755596.1|A/cattle/Texas/24-008749-003/2024(H5N1)	427	84
PB2|PP755596.1|A/cattle/Texas/24-008749-003/2024(H5N1)	428	84
PB2|PP755596.1|A/cattle/Texas/24-008749-003/2024(H5N1)	429	83
PB2|PP755596.1|A/cattle/Texas/24-008749-003/2024(H5N1)	430	84
PB2|PP755596.1|A/cattle/Texas/24-008749-003/2024(H5N1)	431	85
PB2|PP755596.1|A/cattle/Texas/24-008749-003/2024(H5N1)	432	85
PB2|PP755596.1|A/cattle/Texas/24-008749-003/2024(H5N1)	433	83
PB2|PP755596.1|A/cattle/Texas/24-008749-003/2024(H5N1)	434	82
PB2|PP755596.1|A/cattle/Texas/24-008749-003/2024(H5N1)	435	87
PB2|PP755596.1|A/cattle/Texas/24-008749-003/2024(H5N1)	436	87
PB2|PP755596.1|A/cattle/Texas/24-008749-003/2024(H5N1)	437	90
PB2|PP755596.1|A/cattle/Texas/24-008749-003/2024(H5N1)	438	91
PB2|PP755596.1|A/cattle/Texas/24-008749-003/2024(H5N1)	439	91
PB2|PP755596.1|A/cattle/Texas/24-008749-003/2024(H5N1)	440	91
PB2|PP755596.1|A/cattle/Texas/24-008749-003/2024(H5N1)	441	90
PB2|PP755596.1|A/cattle/Texas/24-008749-003/2024(H5N1)	442	90
PB2|PP755596.1|A/cattle/Texas/24-008749-003/2024(H5N1)	443	91
PB2|PP755596.1|A/cattle/Texas/24-008749-003/2024(H5N1)	444	89
PB2|PP755596.1|A/cattle/Texas/24-008749-003/2024(H5N1)	445	89
PB2|PP755596.1|A/cattle/Texas/24-008749-003/2024(H5N1)	446	84
PB2|PP755596.1|A/cattle/Texas/24-008749-003/2024(H5N1)	447	84
PB2|PP755596.1|A/cattle/Texas/24-008749-003/2024(H5N1)	448	84
PB2|PP755596.1|A/cattle/Texas/24-008749-003/2024(H5N1)	449	84
PB2|PP755596.1|A/cattle/Texas/24-008749-003/2024(H5N1)	450	84
PB2|PP755596.1|A/cattle/Texas/24-008749-003/2024(H5N1)	451	82
PB2|PP755596.1|A/cattle/Texas/24-008749-003/2024(H5N1)	452	87
PB2|PP755596.1|A/cattle/Texas/24-008749-003/2024(H5N1)	453	86
PB2|PP755596.1|A/cattle/Texas/24-008749-003/2024(H5N1)	454	86
PB2|PP755596.1|A/cattle/Texas/24-008749-003/2024(H5N1)	455	88
PB2|PP755596.1|A/cattle/Texas/24-008749-003/2024(H5N1)	456	86
PB2|PP755596.1|A/cattle/Texas/24-008749-003/2024(H5N1)	457	86
PB2|PP755596.1|A/cattle/Texas/24-008749-003/2024(H5N1)	458	87
PB2|PP755596.1|A/cattle/Texas/24-008749-003/2024(H5N1)	459	88
PB2|PP755596.1|A/cattle/Texas/24-008749-003/2024(H5N1)	460	87
PB2|PP755596.1|A/cattle/Texas/24-008749-003/2024(H5N1)	461	76
PB2|PP755596.1|A/cattle/Texas/24-008749-003/2024(H5N1)	462	76
PB2|PP755596.1|A/cattle/Texas/24-008749-003/2024(H5N1)	463	75
PB2|PP755596.1|A/cattle/Texas/24-008749-003/2024(H5N1)	464	76
PB2|PP755596.1|A/cattle/Texas/24-008749-003/2024(H5N1)	465	78
PB2|PP755596.1|A/cattle/Texas/24-008749-003/2024(H5N1)	466	75
PB2|PP755596.1|A/cattle/Texas/24-008749-003/2024(H5N1)	467	77
PB2|PP755596.1|A/cattle/Texas/24-008749-003/2024(H5N1)	468	78
PB2|PP755596.1|A/cattle/Texas/24-008749-003/2024(H5N1)	469	79
PB2|PP755596.1|A/cattle/Texas/24-008749-003/2024(H5N1)	470	79
PB2|PP755596.1|A/cattle/Texas/24-008749-003/2024(H5N1)	471	79
PB2|PP755596.1|A/cattle/Texas/24-008749-003/2024(H5N1)	472	79
PB2|PP755596.1|A/cattle/Texas/24-008749-003/2024(H5N1)	473	77
PB2|PP755596.1|A/cattle/Texas/24-008749-003/2024(H5N1)	474	77
PB2|PP755596.1|A/cattle/Texas/24-008749-003/2024(H5N1)	475	77
PB2|PP755596.1|A/cattle/Texas/24-008749-003/2024(H5N1)	476	77
PB2|PP755596.1|A/cattle/Texas/24-008749-003/2024(H5N1)	477	77
PB2|PP755596.1|A/cattle/Texas/24-008749-003/2024(H5N1)	478	75
PB2|PP755596.1|A/cattle/Texas/24-008749-003/2024(H5N1)	479	75
PB2|PP755596.1|A/cattle/Texas/24-008749-003/2024(H5N1)	480	77
PB2|PP755596.1|A/cattle/Texas/24-008749-003/2024(H5N1)	481	77
PB2|PP755596.1|A/cattle/Texas/24-008749-003/2024(H5N1)	482	79
PB2|PP755596.1|A/cattle/Texas/24-008749-003/2024(H5N1)	483	70
PB2|PP755596.1|A/cattle/Texas/24-008749-003/2024(H5N1)	484	69
PB2|PP755596.1|A/cattle/Texas/24-008749-003/2024(H5N1)	485	69
PB2|PP755596.1|A/cattle/Texas/24-008749-003/2024(H5N1)	486	69
PB2|PP755596.1|A/cattle/Texas/24-008749-003/2024(H5N1)	487	69
PB2|PP755596.1|A/cattle/Texas/24-008749-003/2024(H5N1)	488	69
PB2|PP755596.1|A/cattle/Texas/24-008749-003/2024(H5N1)	489	67
PB2|PP755596.1|A/cattle/Texas/24-008749-003/2024(H5N1)	490	67
PB2|PP755596.1|A/cattle/Texas/24-008749-003/2024(H5N1)	491	67
PB2|PP755596.1|A/cattle/Texas/24-008749-003/2024(H5N1)	492	67
PB2|PP755596.1|A/cattle/Texas/24-008749-003/2024(H5N1)	493	68
PB2|PP755596.1|A/cattle/Texas/24-008749-003/2024(H5N1)	494	68
PB2|PP755596.1|A/cattle/Texas/24-008749-003/2024(H5N1)	495	68
PB2|PP755596.1|A/cattle/Texas/24-008749-003/2024(H5N1)	496	68
PB2|PP755596.1|A/cattle/Texas/24-008749-003/2024(H5N1)	497	68
PB2|PP755596.1|A/cattle/Texas/24-008749-003/2024(H5N1)	498	68
PB2|PP755596.1|A/cattle/Texas/24-008749-003/2024(H5N1)	499	67
PB2|PP755596.1|A/cattle/Texas/24-008749-003/2024(H5N1)	500	67
PB2|PP755596.1|A/cattle/Texas/24-008749-003/2024(H5N1)	501	67
PB2|PP755596.1|A/cattle/Texas/24-008749-003/2024(H5N1)	502	67
PB2|PP755596.1|A/cattle/Texas/24-008749-003/2024(H5N1)	503	67
PB2|PP755596.1|A/cattle/Texas/24-008749-003/2024(H5N1)	504	67
PB2|PP755596.1|A/cattle/Texas/24-008749-003/2024(H5N1)	505	67
PB2|PP755596.1|A/cattle/Texas/24-008749-003/2024(H5N1)	506	67
PB2|PP755596.1|A/cattle/Texas/24-008749-003/2024(H5N1)	507	67
PB2|PP755596.1|A/cattle/Texas/24-008749-003/2024(H5N1)	508	67
PB2|PP755596.1|A/cattle/Texas/24-008749-003/2024(H5N1)	509	67
PB2|PP755596.1|A/cattle/Texas/24-008749-003/2024(H5N1)	510	67
PB2|PP755596.1|A/cattle/Texas/24-008749-003/2024(H5N1)	511	67
PB2|PP755596.1|A/cattle/Texas/24-008749-003/2024(H5N1)	512	71
PB2|PP755596.1|A/cattle/Texas/24-008749-003/2024(H5N1)	513	71
PB2|PP755596.1|A/cattle/Texas/24-008749-003/2024(H5N1)	514	71
PB2|PP755596.1|A/cattle/Texas/24-008749-003/2024(H5N1)	515	71
PB2|PP755596.1|A/cattle/Texas/24-008749-003/2024(H5N1)	516	71
PB2|PP755596.1|A/cattle/Texas/24-008749-003/2024(H5N1)	517	71
PB2|PP755596.1|A/cattle/Texas/24-008749-003/2024(H5N1)	518	72
PB2|PP755596.1|A/cattle/Texas/24-008749-003/2024(H5N1)	519	73
PB2|PP755596.1|A/cattle/Texas/24-008749-003/2024(H5N1)	520	73
PB2|PP755596.1|A/cattle/Texas/24-008749-003/2024(H5N1)	521	71
PB2|PP755596.1|A/cattle/Texas/24-008749-003/2024(H5N1)	522	71
PB2|PP755596.1|A/cattle/Texas/24-008749-003/2024(H5N1)	523	71
PB2|PP755596.1|A/cattle/Texas/24-008749-003/2024(H5N1)	524	71
PB2|PP755596.1|A/cattle/Texas/24-008749-003/2024(H5N1)	525	73
PB2|PP755596.1|A/cattle/Texas/24-008749-003/2024(H5N1)	526	74
PB2|PP755596.1|A/cattle/Texas/24-008749-003/2024(H5N1)	527	74
PB2|PP755596.1|A/cattle/Texas/24-008749-003/2024(H5N1)	528	75
PB2|PP755596.1|A/cattle/Texas/24-008749-003/2024(H5N1)	529	75
PB2|PP755596.1|A/cattle/Texas/24-008749-003/2024(H5N1)	530	74
PB2|PP755596.1|A/cattle/Texas/24-008749-003/2024(H5N1)	531	74
PB2|PP755596.1|A/cattle/Texas/24-008749-003/2024(H5N1)	532	74
PB2|PP755596.1|A/cattle/Texas/24-008749-003/2024(H5N1)	533	73
PB2|PP755596.1|A/cattle/Texas/24-008749-003/2024(H5N1)	534	73
PB2|PP755596.1|A/cattle/Texas/24-008749-003/2024(H5N1)	535	74
PB2|PP755596.1|A/cattle/Texas/24-008749-003/2024(H5N1)	536	73
PB2|PP755596.1|A/cattle/Texas/24-008749-003/2024(H5N1)	537	73
PB2|PP755596.1|A/cattle/Texas/24-008749-003/2024(H5N1)	538	70
PB2|PP755596.1|A/cattle/Texas/24-008749-003/2024(H5N1)	539	67
PB2|PP755596.1|A/cattle/Texas/24-008749-003/2024(H5N1)	540	66
PB2|PP755596.1|A/cattle/Texas/24-008749-003/2024(H5N1)	541	67
PB2|PP755596.1|A/cattle/Texas/24-008749-003/2024(H5N1)	542	65
PB2|PP755596.1|A/cattle/Texas/24-008749-003/2024(H5N1)	543	65
PB2|PP755596.1|A/cattle/Texas/24-008749-003/2024(H5N1)	544	65
PB2|PP755596.1|A/cattle/Texas/24-008749-003/2024(H5N1)	545	66
PB2|PP755596.1|A/cattle/Texas/24-008749-003/2024(H5N1)	546	66
PB2|PP755596.1|A/cattle/Texas/24-008749-003/2024(H5N1)	547	65
PB2|PP755596.1|A/cattle/Texas/24-008749-003/2024(H5N1)	548	64
PB2|PP755596.1|A/cattle/Texas/24-008749-003/2024(H5N1)	549	64
PB2|PP755596.1|A/cattle/Texas/24-008749-003/2024(H5N1)	550	67
PB2|PP755596.1|A/cattle/Texas/24-008749-003/2024(H5N1)	551	67
PB2|PP755596.1|A/cattle/Texas/24-008749-003/2024(H5N1)	552	67
PB2|PP755596.1|A/cattle/Texas/24-008749-003/2024(H5N1)	553	63
PB2|PP755596.1|A/cattle/Texas/24-008749-003/2024(H5N1)	554	63
PB2|PP755596.1|A/cattle/Texas/24-008749-003/2024(H5N1)	555	64
PB2|PP755596.1|A/cattle/Texas/24-008749-003/2024(H5N1)	556	64
PB2|PP755596.1|A/cattle/Texas/24-008749-003/2024(H5N1)	557	65
PB2|PP755596.1|A/cattle/Texas/24-008749-003/2024(H5N1)	558	63
PB2|PP755596.1|A/cattle/Texas/24-008749-003/2024(H5N1)	559	63
PB2|PP755596.1|A/cattle/Texas/24-008749-003/2024(H5N1)	560	63
PB2|PP755596.1|A/cattle/Texas/24-008749-003/2024(H5N1)	561	63
PB2|PP755596.1|A/cattle/Texas/24-008749-003/2024(H5N1)	562	64
PB2|PP755596.1|A/cattle/Texas/24-008749-003/2024(H5N1)	563	66
PB2|PP755596.1|A/cattle/Texas/24-008749-003/2024(H5N1)	564	66
PB2|PP755596.1|A/cattle/Texas/24-008749-003/2024(H5N1)	565	64
PB2|PP755596.1|A/cattle/Texas/24-008749-003/2024(H5N1)	566	64
PB2|PP755596.1|A/cattle/Texas/24-008749-003/2024(H5N1)	567	65
PB2|PP755596.1|A/cattle/Texas/24-008749-003/2024(H5N1)	568	65
PB2|PP755596.1|A/cattle/Texas/24-008749-003/2024(H5N1)	569	65
PB2|PP755596.1|A/cattle/Texas/24-008749-003/2024(H5N1)	570	63
PB2|PP755596.1|A/cattle/Texas/24-008749-003/2024(H5N1)	571	63
PB2|PP755596.1|A/cattle/Texas/24-008749-003/2024(H5N1)	572	64
PB2|PP755596.1|A/cattle/Texas/24-008749-003/2024(H5N1)	573	64
PB2|PP755596.1|A/cattle/Texas/24-008749-003/2024(H5N1)	574	64
PB2|PP755596.1|A/cattle/Texas/24-008749-003/2024(H5N1)	575	65
PB2|PP755596.1|A/cattle/Texas/24-008749-003/2024(H5N1)	576	64
PB2|PP755596.1|A/cattle/Texas/24-008749-003/2024(H5N1)	577	69
PB2|PP755596.1|A/cattle/Texas/24-008749-003/2024(H5N1)	578	69
PB2|PP755596.1|A/cattle/Texas/24-008749-003/2024(H5N1)	579	75
PB2|PP755596.1|A/cattle/Texas/24-008749-003/2024(H5N1)	580	75
PB2|PP755596.1|A/cattle/Texas/24-008749-003/2024(H5N1)	581	75
PB2|PP755596.1|A/cattle/Texas/24-008749-003/2024(H5N1)	582	74
PB2|PP755596.1|A/cattle/Texas/24-008749-003/2024(H5N1)	583	75
PB2|PP755596.1|A/cattle/Texas/24-008749-003/2024(H5N1)	584	77
PB2|PP755596.1|A/cattle/Texas/24-008749-003/2024(H5N1)	585	74
PB2|PP755596.1|A/cattle/Texas/24-008749-003/2024(H5N1)	586	69
PB2|PP755596.1|A/cattle/Texas/24-008749-003/2024(H5N1)	587	69
PB2|PP755596.1|A/cattle/Texas/24-008749-003/2024(H5N1)	588	70
PB2|PP755596.1|A/cattle/Texas/24-008749-003/2024(H5N1)	589	70
PB2|PP755596.1|A/cattle/Texas/24-008749-003/2024(H5N1)	590	70
PB2|PP755596.1|A/cattle/Texas/24-008749-003/2024(H5N1)	591	70
PB2|PP755596.1|A/cattle/Texas/24-008749-003/2024(H5N1)	592	70
PB2|PP755596.1|A/cattle/Texas/24-008749-003/2024(H5N1)	593	72
PB2|PP755596.1|A/cattle/Texas/24-008749-003/2024(H5N1)	594	71
PB2|PP755596.1|A/cattle/Texas/24-008749-003/2024(H5N1)	595	71
PB2|PP755596.1|A/cattle/Texas/24-008749-003/2024(H5N1)	596	71
PB2|PP755596.1|A/cattle/Texas/24-008749-003/2024(H5N1)	597	71
PB2|PP755596.1|A/cattle/Texas/24-008749-003/2024(H5N1)	598	79
PB2|PP755596.1|A/cattle/Texas/24-008749-003/2024(H5N1)	599	79
PB2|PP755596.1|A/cattle/Texas/24-008749-003/2024(H5N1)	600	78
PB2|PP755596.1|A/cattle/Texas/24-008749-003/2024(H5N1)	601	75
PB2|PP755596.1|A/cattle/Texas/24-008749-003/2024(H5N1)	602	75
PB2|PP755596.1|A/cattle/Texas/24-008749-003/2024(H5N1)	603	75
PB2|PP755596.1|A/cattle/Texas/24-008749-003/2024(H5N1)	604	75
PB2|PP755596.1|A/cattle/Texas/24-008749-003/2024(H5N1)	605	73
PB2|PP755596.1|A/cattle/Texas/24-008749-003/2024(H5N1)	606	72
PB2|PP755596.1|A/cattle/Texas/24-008749-003/2024(H5N1)	607	71
PB2|PP755596.1|A/cattle/Texas/24-008749-003/2024(H5N1)	608	70
PB2|PP755596.1|A/cattle/Texas/24-008749-003/2024(H5N1)	609	70
PB2|PP755596.1|A/cattle/Texas/24-008749-003/2024(H5N1)	610	70
PB2|PP755596.1|A/cattle/Texas/24-008749-003/2024(H5N1)	611	69
PB2|PP755596.1|A/cattle/Texas/24-008749-003/2024(H5N1)	612	69
PB2|PP755596.1|A/cattle/Texas/24-008749-003/2024(H5N1)	613	69
PB2|PP755596.1|A/cattle/Texas/24-008749-003/2024(H5N1)	614	69
PB2|PP755596.1|A/cattle/Texas/24-008749-003/2024(H5N1)	615	68
PB2|PP755596.1|A/cattle/Texas/24-008749-003/2024(H5N1)	616	65
PB2|PP755596.1|A/cattle/Texas/24-008749-003/2024(H5N1)	617	65
PB2|PP755596.1|A/cattle/Texas/24-008749-003/2024(H5N1)	618	63
PB2|PP755596.1|A/cattle/Texas/24-008749-003/2024(H5N1)	619	64
PB2|PP755596.1|A/cattle/Texas/24-008749-003/2024(H5N1)	620	64
PB2|PP755596.1|A/cattle/Texas/24-008749-003/2024(H5N1)	621	64
PB2|PP755596.1|A/cattle/Texas/24-008749-003/2024(H5N1)	622	64
PB2|PP755596.1|A/cattle/Texas/24-008749-003/2024(H5N1)	623	66
PB2|PP755596.1|A/cattle/Texas/24-008749-003/2024(H5N1)	624	66
PB2|PP755596.1|A/cattle/Texas/24-008749-003/2024(H5N1)	625	66
PB2|PP755596.1|A/cattle/Texas/24-008749-003/2024(H5N1)	626	66
PB2|PP755596.1|A/cattle/Texas/24-008749-003/2024(H5N1)	627	65
PB2|PP755596.1|A/cattle/Texas/24-008749-003/2024(H5N1)	628	67
PB2|PP755596.1|A/cattle/Texas/24-008749-003/2024(H5N1)	629	67
PB2|PP755596.1|A/cattle/Texas/24-008749-003/2024(H5N1)	630	67
PB2|PP755596.1|A/cattle/Texas/24-008749-003/2024(H5N1)	631	67
PB2|PP755596.1|A/cattle/Texas/24-008749-003/2024(H5N1)	632	64
PB2|PP755596.1|A/cattle/Texas/24-008749-003/2024(H5N1)	633	65
PB2|PP755596.1|A/cattle/Texas/24-008749-003/2024(H5N1)	634	61
PB2|PP755596.1|A/cattle/Texas/24-008749-003/2024(H5N1)	635	61
PB2|PP755596.1|A/cattle/Texas/24-008749-003/2024(H5N1)	636	61
PB2|PP755596.1|A/cattle/Texas/24-008749-003/2024(H5N1)	637	61
PB2|PP755596.1|A/cattle/Texas/24-008749-003/2024(H5N1)	638	61
PB2|PP755596.1|A/cattle/Texas/24-008749-003/2024(H5N1)	639	61
PB2|PP755596.1|A/cattle/Texas/24-008749-003/2024(H5N1)	640	61
PB2|PP755596.1|A/cattle/Texas/24-008749-003/2024(H5N1)	641	61
PB2|PP755596.1|A/cattle/Texas/24-008749-003/2024(H5N1)	642	61
PB2|PP755596.1|A/cattle/Texas/24-008749-003/2024(H5N1)	643	62
PB2|PP755596.1|A/cattle/Texas/24-008749-003/2024(H5N1)	644	61
PB2|PP755596.1|A/cattle/Texas/24-008749-003/2024(H5N1)	645	64
PB2|PP755596.1|A/cattle/Texas/24-008749-003/2024(H5N1)	646	64
PB2|PP755596.1|A/cattle/Texas/24-008749-003/2024(H5N1)	647	65
PB2|PP755596.1|A/cattle/Texas/24-008749-003/2024(H5N1)	648	65
PB2|PP755596.1|A/cattle/Texas/24-008749-003/2024(H5N1)	649	66
PB2|PP755596.1|A/cattle/Texas/24-008749-003/2024(H5N1)	650	66
PB2|PP755596.1|A/cattle/Texas/24-008749-003/2024(H5N1)	651	66
PB2|PP755596.1|A/cattle/Texas/24-008749-003/2024(H5N1)	652	66
PB2|PP755596.1|A/cattle/Texas/24-008749-003/2024(H5N1)	653	66
PB2|PP755596.1|A/cattle/Texas/24-008749-003/2024(H5N1)	654	67
PB2|PP755596.1|A/cattle/Texas/24-008749-003/2024(H5N1)	655	67
PB2|PP755596.1|A/cattle/Texas/24-008749-003/2024(H5N1)	656	67
PB2|PP755596.1|A/cattle/Texas/24-008749-003/2024(H5N1)	657	67
PB2|PP755596.1|A/cattle/Texas/24-008749-003/2024(H5N1)	658	67
PB2|PP755596.1|A/cattle/Texas/24-008749-003/2024(H5N1)	659	68
PB2|PP755596.1|A/cattle/Texas/24-008749-003/2024(H5N1)	660	68
PB2|PP755596.1|A/cattle/Texas/24-008749-003/2024(H5N1)	661	68
PB2|PP755596.1|A/cattle/Texas/24-008749-003/2024(H5N1)	662	65
PB2|PP755596.1|A/cattle/Texas/24-008749-003/2024(H5N1)	663	65
PB2|PP755596.1|A/cattle/Texas/24-008749-003/2024(H5N1)	664	67
PB2|PP755596.1|A/cattle/Texas/24-008749-003/2024(H5N1)	665	68
PB2|PP755596.1|A/cattle/Texas/24-008749-003/2024(H5N1)	666	68
PB2|PP755596.1|A/cattle/Texas/24-008749-003/2024(H5N1)	667	66
PB2|PP755596.1|A/cattle/Texas/24-008749-003/2024(H5N1)	668	66
PB2|PP755596.1|A/cattle/Texas/24-008749-003/2024(H5N1)	669	66
PB2|PP755596.1|A/cattle/Texas/24-008749-003/2024(H5N1)	670	66
PB2|PP755596.1|A/cattle/Texas/24-008749-003/2024(H5N1)	671	69
PB2|PP755596.1|A/cattle/Texas/24-008749-003/2024(H5N1)	672	69
PB2|PP755596.1|A/cattle/Texas/24-008749-003/2024(H5N1)	673	69
PB2|PP755596.1|A/cattle/Texas/24-008749-003/2024(H5N1)	674	69
PB2|PP755596.1|A/cattle/Texas/24-008749-003/2024(H5N1)	675	69
PB2|PP755596.1|A/cattle/Texas/24-008749-003/2024(H5N1)	676	67
PB2|PP755596.1|A/cattle/Texas/24-008749-003/2024(H5N1)	677	67
PB2|PP755596.1|A/cattle/Texas/24-008749-003/2024(H5N1)	678	69
PB2|PP755596.1|A/cattle/Texas/24-008749-003/2024(H5N1)	679	69
PB2|PP755596.1|A/cattle/Texas/24-008749-003/2024(H5N1)	680	69
PB2|PP755596.1|A/cattle/Texas/24-008749-003/2024(H5N1)	681	69
PB2|PP755596.1|A/cattle/Texas/24-008749-003/2024(H5N1)	682	69
PB2|PP755596.1|A/cattle/Texas/24-008749-003/2024(H5N1)	683	71
PB2|PP755596.1|A/cattle/Texas/24-008749-003/2024(H5N1)	684	71
PB2|PP755596.1|A/cattle/Texas/24-008749-003/2024(H5N1)	685	71
PB2|PP755596.1|A/cattle/Texas/24-008749-003/2024(H5N1)	686	70
PB2|PP755596.1|A/cattle/Texas/24-008749-003/2024(H5N1)	687	70
PB2|PP755596.1|A/cattle/Texas/24-008749-003/2024(H5N1)	688	70
PB2|PP755596.1|A/cattle/Texas/24-008749-003/2024(H5N1)	689	69
PB2|PP755596.1|A/cattle/Texas/24-008749-003/2024(H5N1)	690	69
PB2|PP755596.1|A/cattle/Texas/24-008749-003/2024(H5N1)	691	69
PB2|PP755596.1|A/cattle/Texas/24-008749-003/2024(H5N1)	692	68
PB2|PP755596.1|A/cattle/Texas/24-008749-003/2024(H5N1)	693	68
PB2|PP755596.1|A/cattle/Texas/24-008749-003/2024(H5N1)	694	66
PB2|PP755596.1|A/cattle/Texas/24-008749-003/2024(H5N1)	695	66
PB2|PP755596.1|A/cattle/Texas/24-008749-003/2024(H5N1)	696	69
PB2|PP755596.1|A/cattle/Texas/24-008749-003/2024(H5N1)	697	73
PB2|PP755596.1|A/cattle/Texas/24-008749-003/2024(H5N1)	698	73
PB2|PP755596.1|A/cattle/Texas/24-008749-003/2024(H5N1)	699	73
PB2|PP755596.1|A/cattle/Texas/24-008749-003/2024(H5N1)	700	70
PB2|PP755596.1|A/cattle/Texas/24-008749-003/2024(H5N1)	701	70
PB2|PP755596.1|A/cattle/Texas/24-008749-003/2024(H5N1)	702	70
PB2|PP755596.1|A/cattle/Texas/24-008749-003/2024(H5N1)	703	70
PB2|PP755596.1|A/cattle/Texas/24-008749-003/2024(H5N1)	704	70
PB2|PP755596.1|A/cattle/Texas/24-008749-003/2024(H5N1)	705	70
PB2|PP755596.1|A/cattle/Texas/24-008749-003/2024(H5N1)	706	70
PB2|PP755596.1|A/cattle/Texas/24-008749-003/2024(H5N1)	707	70
PB2|PP755596.1|A/cattle/Texas/24-008749-003/2024(H5N1)	708	71
PB2|PP755596.1|A/cattle/Texas/24-008749-003/2024(H5N1)	709	71
PB2|PP755596.1|A/cattle/Texas/24-008749-003/2024(H5N1)	710	71
PB2|PP755596.1|A/cattle/Texas/24-008749-003/2024(H5N1)	711	70
PB2|PP755596.1|A/cattle/Texas/24-008749-003/2024(H5N1)	712	70
PB2|PP755596.1|A/cattle/Texas/24-008749-003/2024(H5N1)	713	69
PB2|PP755596.1|A/cattle/Texas/24-008749-003/2024(H5N1)	714	69
PB2|PP755596.1|A/cattle/Texas/24-008749-003/2024(H5N1)	715	69
PB2|PP755596.1|A/cattle/Texas/24-008749-003/2024(H5N1)	716	70
PB2|PP755596.1|A/cattle/Texas/24-008749-003/2024(H5N1)	717	69
PB2|PP755596.1|A/cattle/Texas/24-008749-003/2024(H5N1)	718	69
PB2|PP755596.1|A/cattle/Texas/24-008749-003/2024(H5N1)	719	70
PB2|PP755596.1|A/cattle/Texas/24-008749-003/2024(H5N1)	720	70
PB2|PP755596.1|A/cattle/Texas/24-008749-003/2024(H5N1)	721	72
PB2|PP755596.1|A/cattle/Texas/24-008749-003/2024(H5N1)	722	72
PB2|PP755596.1|A/cattle/Texas/24-008749-003/2024(H5N1)	723	72
PB2|PP755596.1|A/cattle/Texas/24-008749-003/2024(H5N1)	724	74
PB2|PP755596.1|A/cattle/Texas/24-008749-003/2024(H5N1)	725	74
PB2|PP755596.1|A/cattle/Texas/24-008749-003/2024(H5N1)	726	75
PB2|PP755596.1|A/cattle/Texas/24-008749-003/2024(H5N1)	727	75
PB2|PP755596.1|A/cattle/Texas/24-008749-003/2024(H5N1)	728	70
PB2|PP755596.1|A/cattle/Texas/24-008749-003/2024(H5N1)	729	70
PB2|PP755596.1|A/cattle/Texas/24-008749-003/2024(H5N1)	730	69
PB2|PP755596.1|A/cattle/Texas/24-008749-003/2024(H5N1)	731	69
PB2|PP755596.1|A/cattle/Texas/24-008749-003/2024(H5N1)	732	69
PB2|PP755596.1|A/cattle/Texas/24-008749-003/2024(H5N1)	733	68
PB2|PP755596.1|A/cattle/Texas/24-008749-003/2024(H5N1)	734	69
PB2|PP755596.1|A/cattle/Texas/24-008749-003/2024(H5N1)	735	67
PB2|PP755596.1|A/cattle/Texas/24-008749-003/2024(H5N1)	736	68
PB2|PP755596.1|A/cattle/Texas/24-008749-003/2024(H5N1)	737	68
PB2|PP755596.1|A/cattle/Texas/24-008749-003/2024(H5N1)	738	67
PB2|PP755596.1|A/cattle/Texas/24-008749-003/2024(H5N1)	739	67
PB2|PP755596.1|A/cattle/Texas/24-008749-003/2024(H5N1)	740	67
PB2|PP755596.1|A/cattle/Texas/24-008749-003/2024(H5N1)	741	67
PB2|PP755596.1|A/cattle/Texas/24-008749-003/2024(H5N1)	742	67
PB2|PP755596.1|A/cattle/Texas/24-008749-003/2024(H5N1)	743	70
PB2|PP755596.1|A/cattle/Texas/24-008749-003/2024(H5N1)	744	68
PB2|PP755596.1|A/cattle/Texas/24-008749-003/2024(H5N1)	745	68
PB2|PP755596.1|A/cattle/Texas/24-008749-003/2024(H5N1)	746	68
PB2|PP755596.1|A/cattle/Texas/24-008749-003/2024(H5N1)	747	68
PB2|PP755596.1|A/cattle/Texas/24-008749-003/2024(H5N1)	748	68
PB2|PP755596.1|A/cattle/Texas/24-008749-003/2024(H5N1)	749	60
PB2|PP755596.1|A/cattle/Texas/24-008749-003/2024(H5N1)	750	60
PB2|PP755596.1|A/cattle/Texas/24-008749-003/2024(H5N1)	751	60
PB2|PP755596.1|A/cattle/Texas/24-008749-003/2024(H5N1)	752	60
PB2|PP755596.1|A/cattle/Texas/24-008749-003/2024(H5N1)	753	60
PB2|PP755596.1|A/cattle/Texas/24-008749-003/2024(H5N1)	754	60
PB2|PP755596.1|A/cattle/Texas/24-008749-003/2024(H5N1)	755	60
PB2|PP755596.1|A/cattle/Texas/24-008749-003/2024(H5N1)	756	60
PB2|PP755596.1|A/cattle/Texas/24-008749-003/2024(H5N1)	757	60
PB2|PP755596.1|A/cattle/Texas/24-008749-003/2024(H5N1)	758	59
PB2|PP755596.1|A/cattle/Texas/24-008749-003/2024(H5N1)	759	59
PB2|PP755596.1|A/cattle/Texas/24-008749-003/2024(H5N1)	760	59
PB2|PP755596.1|A/cattle/Texas/24-008749-003/2024(H5N1)	761	61
PB2|PP755596.1|A/cattle/Texas/24-008749-003/2024(H5N1)	762	61
PB2|PP755596.1|A/cattle/Texas/24-008749-003/2024(H5N1)	763	61
PB2|PP755596.1|A/cattle/Texas/24-008749-003/2024(H5N1)	764	61
PB2|PP755596.1|A/cattle/Texas/24-008749-003/2024(H5N1)	765	61
PB2|PP755596.1|A/cattle/Texas/24-008749-003/2024(H5N1)	766	62
PB2|PP755596.1|A/cattle/Texas/24-008749-003/2024(H5N1)	767	62
PB2|PP755596.1|A/cattle/Texas/24-008749-003/2024(H5N1)	768	63
PB2|PP755596.1|A/cattle/Texas/24-008749-003/2024(H5N1)	769	62
PB2|PP755596.1|A/cattle/Texas/24-008749-003/2024(H5N1)	770	62
PB2|PP755596.1|A/cattle/Texas/24-008749-003/2024(H5N1)	771	62
PB2|PP755596.1|A/cattle/Texas/24-008749-003/2024(H5N1)	772	63
PB2|PP755596.1|A/cattle/Texas/24-008749-003/2024(H5N1)	773	63
PB2|PP755596.1|A/cattle/Texas/24-008749-003/2024(H5N1)	774	62
PB2|PP755596.1|A/cattle/Texas/24-008749-003/2024(H5N1)	775	62
PB2|PP755596.1|A/cattle/Texas/24-008749-003/2024(H5N1)	776	62
PB2|PP755596.1|A/cattle/Texas/24-008749-003/2024(H5N1)	777	63
PB2|PP755596.1|A/cattle/Texas/24-008749-003/2024(H5N1)	778	63
PB2|PP755596.1|A/cattle/Texas/24-008749-003/2024(H5N1)	779	61
PB2|PP755596.1|A/cattle/Texas/24-008749-003/2024(H5N1)	780	61
PB2|PP755596.1|A/cattle/Texas/24-008749-003/2024(H5N1)	781	60
PB2|PP755596.1|A/cattle/Texas/24-008749-003/2024(H5N1)	782	59
PB2|PP755596.1|A/cattle/Texas/24-008749-003/2024(H5N1)	783	59
PB2|PP755596.1|A/cattle/Texas/24-008749-003/2024(H5N1)	784	59
PB2|PP755596.1|A/cattle/Texas/24-008749-003/2024(H5N1)	785	59
PB2|PP755596.1|A/cattle/Texas/24-008749-003/2024(H5N1)	786	59
PB2|PP755596.1|A/cattle/Texas/24-008749-003/2024(H5N1)	787	59
PB2|PP755596.1|A/cattle/Texas/24-008749-003/2024(H5N1)	788	61
PB2|PP755596.1|A/cattle/Texas/24-008749-003/2024(H5N1)	789	63
PB2|PP755596.1|A/cattle/Texas/24-008749-003/2024(H5N1)	790	63
PB2|PP755596.1|A/cattle/Texas/24-008749-003/2024(H5N1)	791	63
PB2|PP755596.1|A/cattle/Texas/24-008749-003/2024(H5N1)	792	65
PB2|PP755596.1|A/cattle/Texas/24-008749-003/2024(H5N1)	793	65
PB2|PP755596.1|A/cattle/Texas/24-008749-003/2024(H5N1)	794	64
PB2|PP755596.1|A/cattle/Texas/24-008749-003/2024(H5N1)	795	65
PB2|PP755596.1|A/cattle/Texas/24-008749-003/2024(H5N1)	796	62
PB2|PP755596.1|A/cattle/Texas/24-008749-003/2024(H5N1)	797	62
PB2|PP755596.1|A/cattle/Texas/24-008749-003/2024(H5N1)	798	61
PB2|PP755596.1|A/cattle/Texas/24-008749-003/2024(H5N1)	799	61
PB2|PP755596.1|A/cattle/Texas/24-008749-003/2024(H5N1)	800	61
PB2|PP755596.1|A/cattle/Texas/24-008749-003/2024(H5N1)	801	60
PB2|PP755596.1|A/cattle/Texas/24-008749-003/2024(H5N1)	802	60
PB2|PP755596.1|A/cattle/Texas/24-008749-003/2024(H5N1)	803	60
PB2|PP755596.1|A/cattle/Texas/24-008749-003/2024(H5N1)	804	62
PB2|PP755596.1|A/cattle/Texas/24-008749-003/2024(H5N1)	805	61
PB2|PP755596.1|A/cattle/Texas/24-008749-003/2024(H5N1)	806	63
PB2|PP755596.1|A/cattle/Texas/24-008749-003/2024(H5N1)	807	63
PB2|PP755596.1|A/cattle/Texas/24-008749-003/2024(H5N1)	808	63
PB2|PP755596.1|A/cattle/Texas/24-008749-003/2024(H5N1)	809	62
PB2|PP755596.1|A/cattle/Texas/24-008749-003/2024(H5N1)	810	62
PB2|PP755596.1|A/cattle/Texas/24-008749-003/2024(H5N1)	811	62
PB2|PP755596.1|A/cattle/Texas/24-008749-003/2024(H5N1)	812	63
PB2|PP755596.1|A/cattle/Texas/24-008749-003/2024(H5N1)	813	62
PB2|PP755596.1|A/cattle/Texas/24-008749-003/2024(H5N1)	814	62
PB2|PP755596.1|A/cattle/Texas/24-008749-003/2024(H5N1)	815	61
PB2|PP755596.1|A/cattle/Texas/24-008749-003/2024(H5N1)	816	61
PB2|PP755596.1|A/cattle/Texas/24-008749-003/2024(H5N1)	817	61
PB2|PP755596.1|A/cattle/Texas/24-008749-003/2024(H5N1)	818	61
PB2|PP755596.1|A/cattle/Texas/24-008749-003/2024(H5N1)	819	61
PB2|PP755596.1|A/cattle/Texas/24-008749-003/2024(H5N1)	820	61
PB2|PP755596.1|A/cattle/Texas/24-008749-003/2024(H5N1)	821	62
PB2|PP755596.1|A/cattle/Texas/24-008749-003/2024(H5N1)	822	58
PB2|PP755596.1|A/cattle/Texas/24-008749-003/2024(H5N1)	823	58
PB2|PP755596.1|A/cattle/Texas/24-008749-003/2024(H5N1)	824	60
PB2|PP755596.1|A/cattle/Texas/24-008749-003/2024(H5N1)	825	61
PB2|PP755596.1|A/cattle/Texas/24-008749-003/2024(H5N1)	826	61
PB2|PP755596.1|A/cattle/Texas/24-008749-003/2024(H5N1)	827	61
PB2|PP755596.1|A/cattle/Texas/24-008749-003/2024(H5N1)	828	60
PB2|PP755596.1|A/cattle/Texas/24-008749-003/2024(H5N1)	829	61
PB2|PP755596.1|A/cattle/Texas/24-008749-003/2024(H5N1)	830	60
PB2|PP755596.1|A/cattle/Texas/24-008749-003/2024(H5N1)	831	60
PB2|PP755596.1|A/cattle/Texas/24-008749-003/2024(H5N1)	832	60
PB2|PP755596.1|A/cattle/Texas/24-008749-003/2024(H5N1)	833	60
PB2|PP755596.1|A/cattle/Texas/24-008749-003/2024(H5N1)	834	59
PB2|PP755596.1|A/cattle/Texas/24-008749-003/2024(H5N1)	835	59
PB2|PP755596.1|A/cattle/Texas/24-008749-003/2024(H5N1)	836	60
PB2|PP755596.1|A/cattle/Texas/24-008749-003/2024(H5N1)	837	60
PB2|PP755596.1|A/cattle/Texas/24-008749-003/2024(H5N1)	838	67
PB2|PP755596.1|A/cattle/Texas/24-008749-003/2024(H5N1)	839	67
PB2|PP755596.1|A/cattle/Texas/24-008749-003/2024(H5N1)	840	67
PB2|PP755596.1|A/cattle/Texas/24-008749-003/2024(H5N1)	841	68
PB2|PP755596.1|A/cattle/Texas/24-008749-003/2024(H5N1)	842	68
PB2|PP755596.1|A/cattle/Texas/24-008749-003/2024(H5N1)	843	68
PB2|PP755596.1|A/cattle/Texas/24-008749-003/2024(H5N1)	844	68
PB2|PP755596.1|A/cattle/Texas/24-008749-003/2024(H5N1)	845	68
PB2|PP755596.1|A/cattle/Texas/24-008749-003/2024(H5N1)	846	68
PB2|PP755596.1|A/cattle/Texas/24-008749-003/2024(H5N1)	847	61
PB2|PP755596.1|A/cattle/Texas/24-008749-003/2024(H5N1)	848	62
PB2|PP755596.1|A/cattle/Texas/24-008749-003/2024(H5N1)	849	65
PB2|PP755596.1|A/cattle/Texas/24-008749-003/2024(H5N1)	850	65
PB2|PP755596.1|A/cattle/Texas/24-008749-003/2024(H5N1)	851	65
PB2|PP755596.1|A/cattle/Texas/24-008749-003/2024(H5N1)	852	65
PB2|PP755596.1|A/cattle/Texas/24-008749-003/2024(H5N1)	853	68
PB2|PP755596.1|A/cattle/Texas/24-008749-003/2024(H5N1)	854	68
PB2|PP755596.1|A/cattle/Texas/24-008749-003/2024(H5N1)	855	68
PB2|PP755596.1|A/cattle/Texas/24-008749-003/2024(H5N1)	856	68
PB2|PP755596.1|A/cattle/Texas/24-008749-003/2024(H5N1)	857	68
PB2|PP755596.1|A/cattle/Texas/24-008749-003/2024(H5N1)	858	69
PB2|PP755596.1|A/cattle/Texas/24-008749-003/2024(H5N1)	859	69
PB2|PP755596.1|A/cattle/Texas/24-008749-003/2024(H5N1)	860	69
PB2|PP755596.1|A/cattle/Texas/24-008749-003/2024(H5N1)	861	69
PB2|PP755596.1|A/cattle/Texas/24-008749-003/2024(H5N1)	862	75
PB2|PP755596.1|A/cattle/Texas/24-008749-003/2024(H5N1)	863	76
PB2|PP755596.1|A/cattle/Texas/24-008749-003/2024(H5N1)	864	75
PB2|PP755596.1|A/cattle/Texas/24-008749-003/2024(H5N1)	865	75
PB2|PP755596.1|A/cattle/Texas/24-008749-003/2024(H5N1)	866	75
PB2|PP755596.1|A/cattle/Texas/24-008749-003/2024(H5N1)	867	74
PB2|PP755596.1|A/cattle/Texas/24-008749-003/2024(H5N1)	868	74
PB2|PP755596.1|A/cattle/Texas/24-008749-003/2024(H5N1)	869	74
PB2|PP755596.1|A/cattle/Texas/24-008749-003/2024(H5N1)	870	73
PB2|PP755596.1|A/cattle/Texas/24-008749-003/2024(H5N1)	871	73
PB2|PP755596.1|A/cattle/Texas/24-008749-003/2024(H5N1)	872	71
PB2|PP755596.1|A/cattle/Texas/24-008749-003/2024(H5N1)	873	71
PB2|PP755596.1|A/cattle/Texas/24-008749-003/2024(H5N1)	874	71
PB2|PP755596.1|A/cattle/Texas/24-008749-003/2024(H5N1)	875	69
PB2|PP755596.1|A/cattle/Texas/24-008749-003/2024(H5N1)	876	69
PB2|PP755596.1|A/cattle/Texas/24-008749-003/2024(H5N1)	877	67
PB2|PP755596.1|A/cattle/Texas/24-008749-003/2024(H5N1)	878	68
PB2|PP755596.1|A/cattle/Texas/24-008749-003/2024(H5N1)	879	68
PB2|PP755596.1|A/cattle/Texas/24-008749-003/2024(H5N1)	880	69
PB2|PP755596.1|A/cattle/Texas/24-008749-003/2024(H5N1)	881	67
PB2|PP755596.1|A/cattle/Texas/24-008749-003/2024(H5N1)	882	68
PB2|PP755596.1|A/cattle/Texas/24-008749-003/2024(H5N1)	883	70
PB2|PP755596.1|A/cattle/Texas/24-008749-003/2024(H5N1)	884	70
PB2|PP755596.1|A/cattle/Texas/24-008749-003/2024(H5N1)	885	69
PB2|PP755596.1|A/cattle/Texas/24-008749-003/2024(H5N1)	886	69
PB2|PP755596.1|A/cattle/Texas/24-008749-003/2024(H5N1)	887	68
PB2|PP755596.1|A/cattle/Texas/24-008749-003/2024(H5N1)	888	68
PB2|PP755596.1|A/cattle/Texas/24-008749-003/2024(H5N1)	889	68
PB2|PP755596.1|A/cattle/Texas/24-008749-003/2024(H5N1)	890	70
PB2|PP755596.1|A/cattle/Texas/24-008749-003/2024(H5N1)	891	70
PB2|PP755596.1|A/cattle/Texas/24-008749-003/2024(H5N1)	892	70
PB2|PP755596.1|A/cattle/Texas/24-008749-003/2024(H5N1)	893	67
PB2|PP755596.1|A/cattle/Texas/24-008749-003/2024(H5N1)	894	67
PB2|PP755596.1|A/cattle/Texas/24-008749-003/2024(H5N1)	895	67
PB2|PP755596.1|A/cattle/Texas/24-008749-003/2024(H5N1)	896	67
PB2|PP755596.1|A/cattle/Texas/24-008749-003/2024(H5N1)	897	69
PB2|PP755596.1|A/cattle/Texas/24-008749-003/2024(H5N1)	898	69
PB2|PP755596.1|A/cattle/Texas/24-008749-003/2024(H5N1)	899	69
PB2|PP755596.1|A/cattle/Texas/24-008749-003/2024(H5N1)	900	72
PB2|PP755596.1|A/cattle/Texas/24-008749-003/2024(H5N1)	901	72
PB2|PP755596.1|A/cattle/Texas/24-008749-003/2024(H5N1)	902	73
PB2|PP755596.1|A/cattle/Texas/24-008749-003/2024(H5N1)	903	73
PB2|PP755596.1|A/cattle/Texas/24-008749-003/2024(H5N1)	904	74
PB2|PP755596.1|A/cattle/Texas/24-008749-003/2024(H5N1)	905	74
PB2|PP755596.1|A/cattle/Texas/24-008749-003/2024(H5N1)	906	74
PB2|PP755596.1|A/cattle/Texas/24-008749-003/2024(H5N1)	907	74
PB2|PP755596.1|A/cattle/Texas/24-008749-003/2024(H5N1)	908	74
PB2|PP755596.1|A/cattle/Texas/24-008749-003/2024(H5N1)	909	73
PB2|PP755596.1|A/cattle/Texas/24-008749-003/2024(H5N1)	910	73
PB2|PP755596.1|A/cattle/Texas/24-008749-003/2024(H5N1)	911	70
PB2|PP755596.1|A/cattle/Texas/24-008749-003/2024(H5N1)	912	70
PB2|PP755596.1|A/cattle/Texas/24-008749-003/2024(H5N1)	913	71
PB2|PP755596.1|A/cattle/Texas/24-008749-003/2024(H5N1)	914	73
PB2|PP755596.1|A/cattle/Texas/24-008749-003/2024(H5N1)	915	73
PB2|PP755596.1|A/cattle/Texas/24-008749-003/2024(H5N1)	916	73
PB2|PP755596.1|A/cattle/Texas/24-008749-003/2024(H5N1)	917	73
PB2|PP755596.1|A/cattle/Texas/24-008749-003/2024(H5N1)	918	73
PB2|PP755596.1|A/cattle/Texas/24-008749-003/2024(H5N1)	919	76
PB2|PP755596.1|A/cattle/Texas/24-008749-003/2024(H5N1)	920	77
PB2|PP755596.1|A/cattle/Texas/24-008749-003/2024(H5N1)	921	77
PB2|PP755596.1|A/cattle/Texas/24-008749-003/2024(H5N1)	922	77
PB2|PP755596.1|A/cattle/Texas/24-008749-003/2024(H5N1)	923	76
PB2|PP755596.1|A/cattle/Texas/24-008749-003/2024(H5N1)	924	76
PB2|PP755596.1|A/cattle/Texas/24-008749-003/2024(H5N1)	925	80
PB2|PP755596.1|A/cattle/Texas/24-008749-003/2024(H5N1)	926	80
PB2|PP755596.1|A/cattle/Texas/24-008749-003/2024(H5N1)	927	80
PB2|PP755596.1|A/cattle/Texas/24-008749-003/2024(H5N1)	928	79
PB2|PP755596.1|A/cattle/Texas/24-008749-003/2024(H5N1)	929	80
PB2|PP755596.1|A/cattle/Texas/24-008749-003/2024(H5N1)	930	81
PB2|PP755596.1|A/cattle/Texas/24-008749-003/2024(H5N1)	931	81
PB2|PP755596.1|A/cattle/Texas/24-008749-003/2024(H5N1)	932	81
PB2|PP755596.1|A/cattle/Texas/24-008749-003/2024(H5N1)	933	83
PB2|PP755596.1|A/cattle/Texas/24-008749-003/2024(H5N1)	934	83
PB2|PP755596.1|A/cattle/Texas/24-008749-003/2024(H5N1)	935	83
PB2|PP755596.1|A/cattle/Texas/24-008749-003/2024(H5N1)	936	83
PB2|PP755596.1|A/cattle/Texas/24-008749-003/2024(H5N1)	937	84
PB2|PP755596.1|A/cattle/Texas/24-008749-003/2024(H5N1)	938	84
PB2|PP755596.1|A/cattle/Texas/24-008749-003/2024(H5N1)	939	82
PB2|PP755596.1|A/cattle/Texas/24-008749-003/2024(H5N1)	940	81
PB2|PP755596.1|A/cattle/Texas/24-008749-003/2024(H5N1)	941	81
PB2|PP755596.1|A/cattle/Texas/24-008749-003/2024(H5N1)	942	80
PB2|PP755596.1|A/cattle/Texas/24-008749-003/2024(H5N1)	943	79
PB2|PP755596.1|A/cattle/Texas/24-008749-003/2024(H5N1)	944	80
PB2|PP755596.1|A/cattle/Texas/24-008749-003/2024(H5N1)	945	80
PB2|PP755596.1|A/cattle/Texas/24-008749-003/2024(H5N1)	946	80
PB2|PP755596.1|A/cattle/Texas/24-008749-003/2024(H5N1)	947	80
PB2|PP755596.1|A/cattle/Texas/24-008749-003/2024(H5N1)	948	80
PB2|PP755596.1|A/cattle/Texas/24-008749-003/2024(H5N1)	949	79
PB2|PP755596.1|A/cattle/Texas/24-008749-003/2024(H5N1)	950	79
PB2|PP755596.1|A/cattle/Texas/24-008749-003/2024(H5N1)	951	80
PB2|PP755596.1|A/cattle/Texas/24-008749-003/2024(H5N1)	952	80
PB2|PP755596.1|A/cattle/Texas/24-008749-003/2024(H5N1)	953	82
PB2|PP755596.1|A/cattle/Texas/24-008749-003/2024(H5N1)	954	82
PB2|PP755596.1|A/cattle/Texas/24-008749-003/2024(H5N1)	955	80
PB2|PP755596.1|A/cattle/Texas/24-008749-003/2024(H5N1)	956	80
PB2|PP755596.1|A/cattle/Texas/24-008749-003/2024(H5N1)	957	78
PB2|PP755596.1|A/cattle/Texas/24-008749-003/2024(H5N1)	958	78
PB2|PP755596.1|A/cattle/Texas/24-008749-003/2024(H5N1)	959	79
PB2|PP755596.1|A/cattle/Texas/24-008749-003/2024(H5N1)	960	80
PB2|PP755596.1|A/cattle/Texas/24-008749-003/2024(H5N1)	961	80
PB2|PP755596.1|A/cattle/Texas/24-008749-003/2024(H5N1)	962	77
PB2|PP755596.1|A/cattle/Texas/24-008749-003/2024(H5N1)	963	77
PB2|PP755596.1|A/cattle/Texas/24-008749-003/2024(H5N1)	964	78
PB2|PP755596.1|A/cattle/Texas/24-008749-003/2024(H5N1)	965	79
PB2|PP755596.1|A/cattle/Texas/24-008749-003/2024(H5N1)	966	79
PB2|PP755596.1|A/cattle/Texas/24-008749-003/2024(H5N1)	967	79
PB2|PP755596.1|A/cattle/Texas/24-008749-003/2024(H5N1)	968	79
PB2|PP755596.1|A/cattle/Texas/24-008749-003/2024(H5N1)	969	79
PB2|PP755596.1|A/cattle/Texas/24-008749-003/2024(H5N1)	970	79
PB2|PP755596.1|A/cattle/Texas/24-008749-003/2024(H5N1)	971	79
PB2|PP755596.1|A/cattle/Texas/24-008749-003/2024(H5N1)	972	80
PB2|PP755596.1|A/cattle/Texas/24-008749-003/2024(H5N1)	973	78
PB2|PP755596.1|A/cattle/Texas/24-008749-003/2024(H5N1)	974	78
PB2|PP755596.1|A/cattle/Texas/24-008749-003/2024(H5N1)	975	78
PB2|PP755596.1|A/cattle/Texas/24-008749-003/2024(H5N1)	976	77
PB2|PP755596.1|A/cattle/Texas/24-008749-003/2024(H5N1)	977	77
PB2|PP755596.1|A/cattle/Texas/24-008749-003/2024(H5N1)	978	76
PB2|PP755596.1|A/cattle/Texas/24-008749-003/2024(H5N1)	979	76
PB2|PP755596.1|A/cattle/Texas/24-008749-003/2024(H5N1)	980	75
PB2|PP755596.1|A/cattle/Texas/24-008749-003/2024(H5N1)	981	75
PB2|PP755596.1|A/cattle/Texas/24-008749-003/2024(H5N1)	982	75
PB2|PP755596.1|A/cattle/Texas/24-008749-003/2024(H5N1)	983	75
PB2|PP755596.1|A/cattle/Texas/24-008749-003/2024(H5N1)	984	74
PB2|PP755596.1|A/cattle/Texas/24-008749-003/2024(H5N1)	985	74
PB2|PP755596.1|A/cattle/Texas/24-008749-003/2024(H5N1)	986	75
PB2|PP755596.1|A/cattle/Texas/24-008749-003/2024(H5N1)	987	75
PB2|PP755596.1|A/cattle/Texas/24-008749-003/2024(H5N1)	988	75
PB2|PP755596.1|A/cattle/Texas/24-008749-003/2024(H5N1)	989	68
PB2|PP755596.1|A/cattle/Texas/24-008749-003/2024(H5N1)	990	68
PB2|PP755596.1|A/cattle/Texas/24-008749-003/2024(H5N1)	991	73
PB2|PP755596.1|A/cattle/Texas/24-008749-003/2024(H5N1)	992	72
PB2|PP755596.1|A/cattle/Texas/24-008749-003/2024(H5N1)	993	72
PB2|PP755596.1|A/cattle/Texas/24-008749-003/2024(H5N1)	994	71
PB2|PP755596.1|A/cattle/Texas/24-008749-003/2024(H5N1)	995	73
PB2|PP755596.1|A/cattle/Texas/24-008749-003/2024(H5N1)	996	73
PB2|PP755596.1|A/cattle/Texas/24-008749-003/2024(H5N1)	997	73
PB2|PP755596.1|A/cattle/Texas/24-008749-003/2024(H5N1)	998	74
PB2|PP755596.1|A/cattle/Texas/24-008749-003/2024(H5N1)	999	73
PB2|PP755596.1|A/cattle/Texas/24-008749-003/2024(H5N1)	1000	71
PB2|PP755596.1|A/cattle/Texas/24-008749-003/2024(H5N1)	1001	71
PB2|PP755596.1|A/cattle/Texas/24-008749-003/2024(H5N1)	1002	71
PB2|PP755596.1|A/cattle/Texas/24-008749-003/2024(H5N1)	1003	71
PB2|PP755596.1|A/cattle/Texas/24-008749-003/2024(H5N1)	1004	67
PB2|PP755596.1|A/cattle/Texas/24-008749-003/2024(H5N1)	1005	70
PB2|PP755596.1|A/cattle/Texas/24-008749-003/2024(H5N1)	1006	73
PB2|PP755596.1|A/cattle/Texas/24-008749-003/2024(H5N1)	1007	71
PB2|PP755596.1|A/cattle/Texas/24-008749-003/2024(H5N1)	1008	71
PB2|PP755596.1|A/cattle/Texas/24-008749-003/2024(H5N1)	1009	73
PB2|PP755596.1|A/cattle/Texas/24-008749-003/2024(H5N1)	1010	73
PB2|PP755596.1|A/cattle/Texas/24-008749-003/2024(H5N1)	1011	73
PB2|PP755596.1|A/cattle/Texas/24-008749-003/2024(H5N1)	1012	75
PB2|PP755596.1|A/cattle/Texas/24-008749-003/2024(H5N1)	1013	70
PB2|PP755596.1|A/cattle/Texas/24-008749-003/2024(H5N1)	1014	69
PB2|PP755596.1|A/cattle/Texas/24-008749-003/2024(H5N1)	1015	69
PB2|PP755596.1|A/cattle/Texas/24-008749-003/2024(H5N1)	1016	69
PB2|PP755596.1|A/cattle/Texas/24-008749-003/2024(H5N1)	1017	69
PB2|PP755596.1|A/cattle/Texas/24-008749-003/2024(H5N1)	1018	69
PB2|PP755596.1|A/cattle/Texas/24-008749-003/2024(H5N1)	1019	70
PB2|PP755596.1|A/cattle/Texas/24-008749-003/2024(H5N1)	1020	74
PB2|PP755596.1|A/cattle/Texas/24-008749-003/2024(H5N1)	1021	74
PB2|PP755596.1|A/cattle/Texas/24-008749-003/2024(H5N1)	1022	74
PB2|PP755596.1|A/cattle/Texas/24-008749-003/2024(H5N1)	1023	74
PB2|PP755596.1|A/cattle/Texas/24-008749-003/2024(H5N1)	1024	75
PB2|PP755596.1|A/cattle/Texas/24-008749-003/2024(H5N1)	1025	75
PB2|PP755596.1|A/cattle/Texas/24-008749-003/2024(H5N1)	1026	75
PB2|PP755596.1|A/cattle/Texas/24-008749-003/2024(H5N1)	1027	75
PB2|PP755596.1|A/cattle/Texas/24-008749-003/2024(H5N1)	1028	76
PB2|PP755596.1|A/cattle/Texas/24-008749-003/2024(H5N1)	1029	73
PB2|PP755596.1|A/cattle/Texas/24-008749-003/2024(H5N1)	1030	74
PB2|PP755596.1|A/cattle/Texas/24-008749-003/2024(H5N1)	1031	75
PB2|PP755596.1|A/cattle/Texas/24-008749-003/2024(H5N1)	1032	75
PB2|PP755596.1|A/cattle/Texas/24-008749-003/2024(H5N1)	1033	73
PB2|PP755596.1|A/cattle/Texas/24-008749-003/2024(H5N1)	1034	74
PB2|PP755596.1|A/cattle/Texas/24-008749-003/2024(H5N1)	1035	74
PB2|PP755596.1|A/cattle/Texas/24-008749-003/2024(H5N1)	1036	74
PB2|PP755596.1|A/cattle/Texas/24-008749-003/2024(H5N1)	1037	74
PB2|PP755596.1|A/cattle/Texas/24-008749-003/2024(H5N1)	1038	74
PB2|PP755596.1|A/cattle/Texas/24-008749-003/2024(H5N1)	1039	74
PB2|PP755596.1|A/cattle/Texas/24-008749-003/2024(H5N1)	1040	74
PB2|PP755596.1|A/cattle/Texas/24-008749-003/2024(H5N1)	1041	72
PB2|PP755596.1|A/cattle/Texas/24-008749-003/2024(H5N1)	1042	72
PB2|PP755596.1|A/cattle/Texas/24-008749-003/2024(H5N1)	1043	72
PB2|PP755596.1|A/cattle/Texas/24-008749-003/2024(H5N1)	1044	72
PB2|PP755596.1|A/cattle/Texas/24-008749-003/2024(H5N1)	1045	73
PB2|PP755596.1|A/cattle/Texas/24-008749-003/2024(H5N1)	1046	73
PB2|PP755596.1|A/cattle/Texas/24-008749-003/2024(H5N1)	1047	71
PB2|PP755596.1|A/cattle/Texas/24-008749-003/2024(H5N1)	1048	71
PB2|PP755596.1|A/cattle/Texas/24-008749-003/2024(H5N1)	1049	71
PB2|PP755596.1|A/cattle/Texas/24-008749-003/2024(H5N1)	1050	71
PB2|PP755596.1|A/cattle/Texas/24-008749-003/2024(H5N1)	1051	68
PB2|PP755596.1|A/cattle/Texas/24-008749-003/2024(H5N1)	1052	68
PB2|PP755596.1|A/cattle/Texas/24-008749-003/2024(H5N1)	1053	65
PB2|PP755596.1|A/cattle/Texas/24-008749-003/2024(H5N1)	1054	65
PB2|PP755596.1|A/cattle/Texas/24-008749-003/2024(H5N1)	1055	64
PB2|PP755596.1|A/cattle/Texas/24-008749-003/2024(H5N1)	1056	64
PB2|PP755596.1|A/cattle/Texas/24-008749-003/2024(H5N1)	1057	64
PB2|PP755596.1|A/cattle/Texas/24-008749-003/2024(H5N1)	1058	64
PB2|PP755596.1|A/cattle/Texas/24-008749-003/2024(H5N1)	1059	64
PB2|PP755596.1|A/cattle/Texas/24-008749-003/2024(H5N1)	1060	64
PB2|PP755596.1|A/cattle/Texas/24-008749-003/2024(H5N1)	1061	64
PB2|PP755596.1|A/cattle/Texas/24-008749-003/2024(H5N1)	1062	65
PB2|PP755596.1|A/cattle/Texas/24-008749-003/2024(H5N1)	1063	65
PB2|PP755596.1|A/cattle/Texas/24-008749-003/2024(H5N1)	1064	64
PB2|PP755596.1|A/cattle/Texas/24-008749-003/2024(H5N1)	1065	63
PB2|PP755596.1|A/cattle/Texas/24-008749-003/2024(H5N1)	1066	73
PB2|PP755596.1|A/cattle/Texas/24-008749-003/2024(H5N1)	1067	73
PB2|PP755596.1|A/cattle/Texas/24-008749-003/2024(H5N1)	1068	73
PB2|PP755596.1|A/cattle/Texas/24-008749-003/2024(H5N1)	1069	73
PB2|PP755596.1|A/cattle/Texas/24-008749-003/2024(H5N1)	1070	72
PB2|PP755596.1|A/cattle/Texas/24-008749-003/2024(H5N1)	1071	72
PB2|PP755596.1|A/cattle/Texas/24-008749-003/2024(H5N1)	1072	72
PB2|PP755596.1|A/cattle/Texas/24-008749-003/2024(H5N1)	1073	72
PB2|PP755596.1|A/cattle/Texas/24-008749-003/2024(H5N1)	1074	73
PB2|PP755596.1|A/cattle/Texas/24-008749-003/2024(H5N1)	1075	75
PB2|PP755596.1|A/cattle/Texas/24-008749-003/2024(H5N1)	1076	76
PB2|PP755596.1|A/cattle/Texas/24-008749-003/2024(H5N1)	1077	76
PB2|PP755596.1|A/cattle/Texas/24-008749-003/2024(H5N1)	1078	77
PB2|PP755596.1|A/cattle/Texas/24-008749-003/2024(H5N1)	1079	78
PB2|PP755596.1|A/cattle/Texas/24-008749-003/2024(H5N1)	1080	77
PB2|PP755596.1|A/cattle/Texas/24-008749-003/2024(H5N1)	1081	78
PB2|PP755596.1|A/cattle/Texas/24-008749-003/2024(H5N1)	1082	78
PB2|PP755596.1|A/cattle/Texas/24-008749-003/2024(H5N1)	1083	76
PB2|PP755596.1|A/cattle/Texas/24-008749-003/2024(H5N1)	1084	76
PB2|PP755596.1|A/cattle/Texas/24-008749-003/2024(H5N1)	1085	74
PB2|PP755596.1|A/cattle/Texas/24-008749-003/2024(H5N1)	1086	74
PB2|PP755596.1|A/cattle/Texas/24-008749-003/2024(H5N1)	1087	76
PB2|PP755596.1|A/cattle/Texas/24-008749-003/2024(H5N1)	1088	78
PB2|PP755596.1|A/cattle/Texas/24-008749-003/2024(H5N1)	1089	78
PB2|PP755596.1|A/cattle/Texas/24-008749-003/2024(H5N1)	1090	79
PB2|PP755596.1|A/cattle/Texas/24-008749-003/2024(H5N1)	1091	78
PB2|PP755596.1|A/cattle/Texas/24-008749-003/2024(H5N1)	1092	78
PB2|PP755596.1|A/cattle/Texas/24-008749-003/2024(H5N1)	1093	78
PB2|PP755596.1|A/cattle/Texas/24-008749-003/2024(H5N1)	1094	79
PB2|PP755596.1|A/cattle/Texas/24-008749-003/2024(H5N1)	1095	80
PB2|PP755596.1|A/cattle/Texas/24-008749-003/2024(H5N1)	1096	79
PB2|PP755596.1|A/cattle/Texas/24-008749-003/2024(H5N1)	1097	79
PB2|PP755596.1|A/cattle/Texas/24-008749-003/2024(H5N1)	1098	79
PB2|PP755596.1|A/cattle/Texas/24-008749-003/2024(H5N1)	1099	79
PB2|PP755596.1|A/cattle/Texas/24-008749-003/2024(H5N1)	1100	79
PB2|PP755596.1|A/cattle/Texas/24-008749-003/2024(H5N1)	1101	79
PB2|PP755596.1|A/cattle/Texas/24-008749-003/2024(H5N1)	1102	78
PB2|PP755596.1|A/cattle/Texas/24-008749-003/2024(H5N1)	1103	80
PB2|PP755596.1|A/cattle/Texas/24-008749-003/2024(H5N1)	1104	79
PB2|PP755596.1|A/cattle/Texas/24-008749-003/2024(H5N1)	1105	79
PB2|PP755596.1|A/cattle/Texas/24-008749-003/2024(H5N1)	1106	79
PB2|PP755596.1|A/cattle/Texas/24-008749-003/2024(H5N1)	1107	79
PB2|PP755596.1|A/cattle/Texas/24-008749-003/2024(H5N1)	1108	79
PB2|PP755596.1|A/cattle/Texas/24-008749-003/2024(H5N1)	1109	84
PB2|PP755596.1|A/cattle/Texas/24-008749-003/2024(H5N1)	1110	83
PB2|PP755596.1|A/cattle/Texas/24-008749-003/2024(H5N1)	1111	83
PB2|PP755596.1|A/cattle/Texas/24-008749-003/2024(H5N1)	1112	84
PB2|PP755596.1|A/cattle/Texas/24-008749-003/2024(H5N1)	1113	84
PB2|PP755596.1|A/cattle/Texas/24-008749-003/2024(H5N1)	1114	84
PB2|PP755596.1|A/cattle/Texas/24-008749-003/2024(H5N1)	1115	83
PB2|PP755596.1|A/cattle/Texas/24-008749-003/2024(H5N1)	1116	82
PB2|PP755596.1|A/cattle/Texas/24-008749-003/2024(H5N1)	1117	84
PB2|PP755596.1|A/cattle/Texas/24-008749-003/2024(H5N1)	1118	84
PB2|PP755596.1|A/cattle/Texas/24-008749-003/2024(H5N1)	1119	84
PB2|PP755596.1|A/cattle/Texas/24-008749-003/2024(H5N1)	1120	83
PB2|PP755596.1|A/cattle/Texas/24-008749-003/2024(H5N1)	1121	82
PB2|PP755596.1|A/cattle/Texas/24-008749-003/2024(H5N1)	1122	82
PB2|PP755596.1|A/cattle/Texas/24-008749-003/2024(H5N1)	1123	82
PB2|PP755596.1|A/cattle/Texas/24-008749-003/2024(H5N1)	1124	82
PB2|PP755596.1|A/cattle/Texas/24-008749-003/2024(H5N1)	1125	82
PB2|PP755596.1|A/cattle/Texas/24-008749-003/2024(H5N1)	1126	82
PB2|PP755596.1|A/cattle/Texas/24-008749-003/2024(H5N1)	1127	82
PB2|PP755596.1|A/cattle/Texas/24-008749-003/2024(H5N1)	1128	81
PB2|PP755596.1|A/cattle/Texas/24-008749-003/2024(H5N1)	1129	81
PB2|PP755596.1|A/cattle/Texas/24-008749-003/2024(H5N1)	1130	81
PB2|PP755596.1|A/cattle/Texas/24-008749-003/2024(H5N1)	1131	81
PB2|PP755596.1|A/cattle/Texas/24-008749-003/2024(H5N1)	1132	81
PB2|PP755596.1|A/cattle/Texas/24-008749-003/2024(H5N1)	1133	86
PB2|PP755596.1|A/cattle/Texas/24-008749-003/2024(H5N1)	1134	86
PB2|PP755596.1|A/cattle/Texas/24-008749-003/2024(H5N1)	1135	86
PB2|PP755596.1|A/cattle/Texas/24-008749-003/2024(H5N1)	1136	86
PB2|PP755596.1|A/cattle/Texas/24-008749-003/2024(H5N1)	1137	84
PB2|PP755596.1|A/cattle/Texas/24-008749-003/2024(H5N1)	1138	86
PB2|PP755596.1|A/cattle/Texas/24-008749-003/2024(H5N1)	1139	86
PB2|PP755596.1|A/cattle/Texas/24-008749-003/2024(H5N1)	1140	87
PB2|PP755596.1|A/cattle/Texas/24-008749-003/2024(H5N1)	1141	87
PB2|PP755596.1|A/cattle/Texas/24-008749-003/2024(H5N1)	1142	80
PB2|PP755596.1|A/cattle/Texas/24-008749-003/2024(H5N1)	1143	80
PB2|PP755596.1|A/cattle/Texas/24-008749-003/2024(H5N1)	1144	82
PB2|PP755596.1|A/cattle/Texas/24-008749-003/2024(H5N1)	1145	82
PB2|PP755596.1|A/cattle/Texas/24-008749-003/2024(H5N1)	1146	82
PB2|PP755596.1|A/cattle/Texas/24-008749-003/2024(H5N1)	1147	83
PB2|PP755596.1|A/cattle/Texas/24-008749-003/2024(H5N1)	1148	85
PB2|PP755596.1|A/cattle/Texas/24-008749-003/2024(H5N1)	1149	88
PB2|PP755596.1|A/cattle/Texas/24-008749-003/2024(H5N1)	1150	88
PB2|PP755596.1|A/cattle/Texas/24-008749-003/2024(H5N1)	1151	89
PB2|PP755596.1|A/cattle/Texas/24-008749-003/2024(H5N1)	1152	90
PB2|PP755596.1|A/cattle/Texas/24-008749-003/2024(H5N1)	1153	91
PB2|PP755596.1|A/cattle/Texas/24-008749-003/2024(H5N1)	1154	91
PB2|PP755596.1|A/cattle/Texas/24-008749-003/2024(H5N1)	1155	91
PB2|PP755596.1|A/cattle/Texas/24-008749-003/2024(H5N1)	1156	90
PB2|PP755596.1|A/cattle/Texas/24-008749-003/2024(H5N1)	1157	87
PB2|PP755596.1|A/cattle/Texas/24-008749-003/2024(H5N1)	1158	85
PB2|PP755596.1|A/cattle/Texas/24-008749-003/2024(H5N1)	1159	85
PB2|PP755596.1|A/cattle/Texas/24-008749-003/2024(H5N1)	1160	90
PB2|PP755596.1|A/cattle/Texas/24-008749-003/2024(H5N1)	1161	91
PB2|PP755596.1|A/cattle/Texas/24-008749-003/2024(H5N1)	1162	91
PB2|PP755596.1|A/cattle/Texas/24-008749-003/2024(H5N1)	1163	89
PB2|PP755596.1|A/cattle/Texas/24-008749-003/2024(H5N1)	1164	88
PB2|PP755596.1|A/cattle/Texas/24-008749-003/2024(H5N1)	1165	88
PB2|PP755596.1|A/cattle/Texas/24-008749-003/2024(H5N1)	1166	89
PB2|PP755596.1|A/cattle/Texas/24-008749-003/2024(H5N1)	1167	89
PB2|PP755596.1|A/cattle/Texas/24-008749-003/2024(H5N1)	1168	89
PB2|PP755596.1|A/cattle/Texas/24-008749-003/2024(H5N1)	1169	88
PB2|PP755596.1|A/cattle/Texas/24-008749-003/2024(H5N1)	1170	86
PB2|PP755596.1|A/cattle/Texas/24-008749-003/2024(H5N1)	1171	86
PB2|PP755596.1|A/cattle/Texas/24-008749-003/2024(H5N1)	1172	86
PB2|PP755596.1|A/cattle/Texas/24-008749-003/2024(H5N1)	1173	88
PB2|PP755596.1|A/cattle/Texas/24-008749-003/2024(H5N1)	1174	87
PB2|PP755596.1|A/cattle/Texas/24-008749-003/2024(H5N1)	1175	87
PB2|PP755596.1|A/cattle/Texas/24-008749-003/2024(H5N1)	1176	91
PB2|PP755596.1|A/cattle/Texas/24-008749-003/2024(H5N1)	1177	90
PB2|PP755596.1|A/cattle/Texas/24-008749-003/2024(H5N1)	1178	90
PB2|PP755596.1|A/cattle/Texas/24-008749-003/2024(H5N1)	1179	90
PB2|PP755596.1|A/cattle/Texas/24-008749-003/2024(H5N1)	1180	91
PB2|PP755596.1|A/cattle/Texas/24-008749-003/2024(H5N1)	1181	90
PB2|PP755596.1|A/cattle/Texas/24-008749-003/2024(H5N1)	1182	88
PB2|PP755596.1|A/cattle/Texas/24-008749-003/2024(H5N1)	1183	88
PB2|PP755596.1|A/cattle/Texas/24-008749-003/2024(H5N1)	1184	88
PB2|PP755596.1|A/cattle/Texas/24-008749-003/2024(H5N1)	1185	87
PB2|PP755596.1|A/cattle/Texas/24-008749-003/2024(H5N1)	1186	87
PB2|PP755596.1|A/cattle/Texas/24-008749-003/2024(H5N1)	1187	87
PB2|PP755596.1|A/cattle/Texas/24-008749-003/2024(H5N1)	1188	91
PB2|PP755596.1|A/cattle/Texas/24-008749-003/2024(H5N1)	1189	92
PB2|PP755596.1|A/cattle/Texas/24-008749-003/2024(H5N1)	1190	95
PB2|PP755596.1|A/cattle/Texas/24-008749-003/2024(H5N1)	1191	95
PB2|PP755596.1|A/cattle/Texas/24-008749-003/2024(H5N1)	1192	95
PB2|PP755596.1|A/cattle/Texas/24-008749-003/2024(H5N1)	1193	95
PB2|PP755596.1|A/cattle/Texas/24-008749-003/2024(H5N1)	1194	96
PB2|PP755596.1|A/cattle/Texas/24-008749-003/2024(H5N1)	1195	96
PB2|PP755596.1|A/cattle/Texas/24-008749-003/2024(H5N1)	1196	95
PB2|PP755596.1|A/cattle/Texas/24-008749-003/2024(H5N1)	1197	95
PB2|PP755596.1|A/cattle/Texas/24-008749-003/2024(H5N1)	1198	95
PB2|PP755596.1|A/cattle/Texas/24-008749-003/2024(H5N1)	1199	91
PB2|PP755596.1|A/cattle/Texas/24-008749-003/2024(H5N1)	1200	92
PB2|PP755596.1|A/cattle/Texas/24-008749-003/2024(H5N1)	1201	92
PB2|PP755596.1|A/cattle/Texas/24-008749-003/2024(H5N1)	1202	92
PB2|PP755596.1|A/cattle/Texas/24-008749-003/2024(H5N1)	1203	92
PB2|PP755596.1|A/cattle/Texas/24-008749-003/2024(H5N1)	1204	90
PB2|PP755596.1|A/cattle/Texas/24-008749-003/2024(H5N1)	1205	91
PB2|PP755596.1|A/cattle/Texas/24-008749-003/2024(H5N1)	1206	91
PB2|PP755596.1|A/cattle/Texas/24-008749-003/2024(H5N1)	1207	91
PB2|PP755596.1|A/cattle/Texas/24-008749-003/2024(H5N1)	1208	91
PB2|PP755596.1|A/cattle/Texas/24-008749-003/2024(H5N1)	1209	92
PB2|PP755596.1|A/cattle/Texas/24-008749-003/2024(H5N1)	1210	92
PB2|PP755596.1|A/cattle/Texas/24-008749-003/2024(H5N1)	1211	92
PB2|PP755596.1|A/cattle/Texas/24-008749-003/2024(H5N1)	1212	92
PB2|PP755596.1|A/cattle/Texas/24-008749-003/2024(H5N1)	1213	91
PB2|PP755596.1|A/cattle/Texas/24-008749-003/2024(H5N1)	1214	93
PB2|PP755596.1|A/cattle/Texas/24-008749-003/2024(H5N1)	1215	94
PB2|PP755596.1|A/cattle/Texas/24-008749-003/2024(H5N1)	1216	90
PB2|PP755596.1|A/cattle/Texas/24-008749-003/2024(H5N1)	1217	89
PB2|PP755596.1|A/cattle/Texas/24-008749-003/2024(H5N1)	1218	88
PB2|PP755596.1|A/cattle/Texas/24-008749-003/2024(H5N1)	1219	88
PB2|PP755596.1|A/cattle/Texas/24-008749-003/2024(H5N1)	1220	89
PB2|PP755596.1|A/cattle/Texas/24-008749-003/2024(H5N1)	1221	90
PB2|PP755596.1|A/cattle/Texas/24-008749-003/2024(H5N1)	1222	92
PB2|PP755596.1|A/cattle/Texas/24-008749-003/2024(H5N1)	1223	93
PB2|PP755596.1|A/cattle/Texas/24-008749-003/2024(H5N1)	1224	94
PB2|PP755596.1|A/cattle/Texas/24-008749-003/2024(H5N1)	1225	93
PB2|PP755596.1|A/cattle/Texas/24-008749-003/2024(H5N1)	1226	91
PB2|PP755596.1|A/cattle/Texas/24-008749-003/2024(H5N1)	1227	88
PB2|PP755596.1|A/cattle/Texas/24-008749-003/2024(H5N1)	1228	89
PB2|PP755596.1|A/cattle/Texas/24-008749-003/2024(H5N1)	1229	88
PB2|PP755596.1|A/cattle/Texas/24-008749-003/2024(H5N1)	1230	90
PB2|PP755596.1|A/cattle/Texas/24-008749-003/2024(H5N1)	1231	90
PB2|PP755596.1|A/cattle/Texas/24-008749-003/2024(H5N1)	1232	89
PB2|PP755596.1|A/cattle/Texas/24-008749-003/2024(H5N1)	1233	89
PB2|PP755596.1|A/cattle/Texas/24-008749-003/2024(H5N1)	1234	90
PB2|PP755596.1|A/cattle/Texas/24-008749-003/2024(H5N1)	1235	89
PB2|PP755596.1|A/cattle/Texas/24-008749-003/2024(H5N1)	1236	89
PB2|PP755596.1|A/cattle/Texas/24-008749-003/2024(H5N1)	1237	89
PB2|PP755596.1|A/cattle/Texas/24-008749-003/2024(H5N1)	1238	89
PB2|PP755596.1|A/cattle/Texas/24-008749-003/2024(H5N1)	1239	85
PB2|PP755596.1|A/cattle/Texas/24-008749-003/2024(H5N1)	1240	87
PB2|PP755596.1|A/cattle/Texas/24-008749-003/2024(H5N1)	1241	86
PB2|PP755596.1|A/cattle/Texas/24-008749-003/2024(H5N1)	1242	86
PB2|PP755596.1|A/cattle/Texas/24-008749-003/2024(H5N1)	1243	86
PB2|PP755596.1|A/cattle/Texas/24-008749-003/2024(H5N1)	1244	92
PB2|PP755596.1|A/cattle/Texas/24-008749-003/2024(H5N1)	1245	93
PB2|PP755596.1|A/cattle/Texas/24-008749-003/2024(H5N1)	1246	91
PB2|PP755596.1|A/cattle/Texas/24-008749-003/2024(H5N1)	1247	91
PB2|PP755596.1|A/cattle/Texas/24-008749-003/2024(H5N1)	1248	90
PB2|PP755596.1|A/cattle/Texas/24-008749-003/2024(H5N1)	1249	90
PB2|PP755596.1|A/cattle/Texas/24-008749-003/2024(H5N1)	1250	91
PB2|PP755596.1|A/cattle/Texas/24-008749-003/2024(H5N1)	1251	92
PB2|PP755596.1|A/cattle/Texas/24-008749-003/2024(H5N1)	1252	90
PB2|PP755596.1|A/cattle/Texas/24-008749-003/2024(H5N1)	1253	90
PB2|PP755596.1|A/cattle/Texas/24-008749-003/2024(H5N1)	1254	90
PB2|PP755596.1|A/cattle/Texas/24-008749-003/2024(H5N1)	1255	91
PB2|PP755596.1|A/cattle/Texas/24-008749-003/2024(H5N1)	1256	91
PB2|PP755596.1|A/cattle/Texas/24-008749-003/2024(H5N1)	1257	91
PB2|PP755596.1|A/cattle/Texas/24-008749-003/2024(H5N1)	1258	88
PB2|PP755596.1|A/cattle/Texas/24-008749-003/2024(H5N1)	1259	88
PB2|PP755596.1|A/cattle/Texas/24-008749-003/2024(H5N1)	1260	88
PB2|PP755596.1|A/cattle/Texas/24-008749-003/2024(H5N1)	1261	88
PB2|PP755596.1|A/cattle/Texas/24-008749-003/2024(H5N1)	1262	89
PB2|PP755596.1|A/cattle/Texas/24-008749-003/2024(H5N1)	1263	89
PB2|PP755596.1|A/cattle/Texas/24-008749-003/2024(H5N1)	1264	89
PB2|PP755596.1|A/cattle/Texas/24-008749-003/2024(H5N1)	1265	89
PB2|PP755596.1|A/cattle/Texas/24-008749-003/2024(H5N1)	1266	89
PB2|PP755596.1|A/cattle/Texas/24-008749-003/2024(H5N1)	1267	89
PB2|PP755596.1|A/cattle/Texas/24-008749-003/2024(H5N1)	1268	89
PB2|PP755596.1|A/cattle/Texas/24-008749-003/2024(H5N1)	1269	89
PB2|PP755596.1|A/cattle/Texas/24-008749-003/2024(H5N1)	1270	89
PB2|PP755596.1|A/cattle/Texas/24-008749-003/2024(H5N1)	1271	89
PB2|PP755596.1|A/cattle/Texas/24-008749-003/2024(H5N1)	1272	90
PB2|PP755596.1|A/cattle/Texas/24-008749-003/2024(H5N1)	1273	90
PB2|PP755596.1|A/cattle/Texas/24-008749-003/2024(H5N1)	1274	92
PB2|PP755596.1|A/cattle/Texas/24-008749-003/2024(H5N1)	1275	92
PB2|PP755596.1|A/cattle/Texas/24-008749-003/2024(H5N1)	1276	92
PB2|PP755596.1|A/cattle/Texas/24-008749-003/2024(H5N1)	1277	90
PB2|PP755596.1|A/cattle/Texas/24-008749-003/2024(H5N1)	1278	90
PB2|PP755596.1|A/cattle/Texas/24-008749-003/2024(H5N1)	1279	90
PB2|PP755596.1|A/cattle/Texas/24-008749-003/2024(H5N1)	1280	90
PB2|PP755596.1|A/cattle/Texas/24-008749-003/2024(H5N1)	1281	91
PB2|PP755596.1|A/cattle/Texas/24-008749-003/2024(H5N1)	1282	88
PB2|PP755596.1|A/cattle/Texas/24-008749-003/2024(H5N1)	1283	89
PB2|PP755596.1|A/cattle/Texas/24-008749-003/2024(H5N1)	1284	90
PB2|PP755596.1|A/cattle/Texas/24-008749-003/2024(H5N1)	1285	90
PB2|PP755596.1|A/cattle/Texas/24-008749-003/2024(H5N1)	1286	93
PB2|PP755596.1|A/cattle/Texas/24-008749-003/2024(H5N1)	1287	92
PB2|PP755596.1|A/cattle/Texas/24-008749-003/2024(H5N1)	1288	94
PB2|PP755596.1|A/cattle/Texas/24-008749-003/2024(H5N1)	1289	94
PB2|PP755596.1|A/cattle/Texas/24-008749-003/2024(H5N1)	1290	94
PB2|PP755596.1|A/cattle/Texas/24-008749-003/2024(H5N1)	1291	93
PB2|PP755596.1|A/cattle/Texas/24-008749-003/2024(H5N1)	1292	94
PB2|PP755596.1|A/cattle/Texas/24-008749-003/2024(H5N1)	1293	94
PB2|PP755596.1|A/cattle/Texas/24-008749-003/2024(H5N1)	1294	96
PB2|PP755596.1|A/cattle/Texas/24-008749-003/2024(H5N1)	1295	88
PB2|PP755596.1|A/cattle/Texas/24-008749-003/2024(H5N1)	1296	89
PB2|PP755596.1|A/cattle/Texas/24-008749-003/2024(H5N1)	1297	88
PB2|PP755596.1|A/cattle/Texas/24-008749-003/2024(H5N1)	1298	88
PB2|PP755596.1|A/cattle/Texas/24-008749-003/2024(H5N1)	1299	86
PB2|PP755596.1|A/cattle/Texas/24-008749-003/2024(H5N1)	1300	83
PB2|PP755596.1|A/cattle/Texas/24-008749-003/2024(H5N1)	1301	84
PB2|PP755596.1|A/cattle/Texas/24-008749-003/2024(H5N1)	1302	84
PB2|PP755596.1|A/cattle/Texas/24-008749-003/2024(H5N1)	1303	83
PB2|PP755596.1|A/cattle/Texas/24-008749-003/2024(H5N1)	1304	82
PB2|PP755596.1|A/cattle/Texas/24-008749-003/2024(H5N1)	1305	82
PB2|PP755596.1|A/cattle/Texas/24-008749-003/2024(H5N1)	1306	83
PB2|PP755596.1|A/cattle/Texas/24-008749-003/2024(H5N1)	1307	83
PB2|PP755596.1|A/cattle/Texas/24-008749-003/2024(H5N1)	1308	85
PB2|PP755596.1|A/cattle/Texas/24-008749-003/2024(H5N1)	1309	84
PB2|PP755596.1|A/cattle/Texas/24-008749-003/2024(H5N1)	1310	84
PB2|PP755596.1|A/cattle/Texas/24-008749-003/2024(H5N1)	1311	83
PB2|PP755596.1|A/cattle/Texas/24-008749-003/2024(H5N1)	1312	84
PB2|PP755596.1|A/cattle/Texas/24-008749-003/2024(H5N1)	1313	84
PB2|PP755596.1|A/cattle/Texas/24-008749-003/2024(H5N1)	1314	87
PB2|PP755596.1|A/cattle/Texas/24-008749-003/2024(H5N1)	1315	87
PB2|PP755596.1|A/cattle/Texas/24-008749-003/2024(H5N1)	1316	87
PB2|PP755596.1|A/cattle/Texas/24-008749-003/2024(H5N1)	1317	86
PB2|PP755596.1|A/cattle/Texas/24-008749-003/2024(H5N1)	1318	86
PB2|PP755596.1|A/cattle/Texas/24-008749-003/2024(H5N1)	1319	86
PB2|PP755596.1|A/cattle/Texas/24-008749-003/2024(H5N1)	1320	86
PB2|PP755596.1|A/cattle/Texas/24-008749-003/2024(H5N1)	1321	85
PB2|PP755596.1|A/cattle/Texas/24-008749-003/2024(H5N1)	1322	97
PB2|PP755596.1|A/cattle/Texas/24-008749-003/2024(H5N1)	1323	97
PB2|PP755596.1|A/cattle/Texas/24-008749-003/2024(H5N1)	1324	95
PB2|PP755596.1|A/cattle/Texas/24-008749-003/2024(H5N1)	1325	95
PB2|PP755596.1|A/cattle/Texas/24-008749-003/2024(H5N1)	1326	95
PB2|PP755596.1|A/cattle/Texas/24-008749-003/2024(H5N1)	1327	93
PB2|PP755596.1|A/cattle/Texas/24-008749-003/2024(H5N1)	1328	93
PB2|PP755596.1|A/cattle/Texas/24-008749-003/2024(H5N1)	1329	93
PB2|PP755596.1|A/cattle/Texas/24-008749-003/2024(H5N1)	1330	94
PB2|PP755596.1|A/cattle/Texas/24-008749-003/2024(H5N1)	1331	93
PB2|PP755596.1|A/cattle/Texas/24-008749-003/2024(H5N1)	1332	93
PB2|PP755596.1|A/cattle/Texas/24-008749-003/2024(H5N1)	1333	92
PB2|PP755596.1|A/cattle/Texas/24-008749-003/2024(H5N1)	1334	93
PB2|PP755596.1|A/cattle/Texas/24-008749-003/2024(H5N1)	1335	93
PB2|PP755596.1|A/cattle/Texas/24-008749-003/2024(H5N1)	1336	97
PB2|PP755596.1|A/cattle/Texas/24-008749-003/2024(H5N1)	1337	97
PB2|PP755596.1|A/cattle/Texas/24-008749-003/2024(H5N1)	1338	93
PB2|PP755596.1|A/cattle/Texas/24-008749-003/2024(H5N1)	1339	92
PB2|PP755596.1|A/cattle/Texas/24-008749-003/2024(H5N1)	1340	92
PB2|PP755596.1|A/cattle/Texas/24-008749-003/2024(H5N1)	1341	90
PB2|PP755596.1|A/cattle/Texas/24-008749-003/2024(H5N1)	1342	90
PB2|PP755596.1|A/cattle/Texas/24-008749-003/2024(H5N1)	1343	90
PB2|PP755596.1|A/cattle/Texas/24-008749-003/2024(H5N1)	1344	90
PB2|PP755596.1|A/cattle/Texas/24-008749-003/2024(H5N1)	1345	89
PB2|PP755596.1|A/cattle/Texas/24-008749-003/2024(H5N1)	1346	89
PB2|PP755596.1|A/cattle/Texas/24-008749-003/2024(H5N1)	1347	89
PB2|PP755596.1|A/cattle/Texas/24-008749-003/2024(H5N1)	1348	89
PB2|PP755596.1|A/cattle/Texas/24-008749-003/2024(H5N1)	1349	90
PB2|PP755596.1|A/cattle/Texas/24-008749-003/2024(H5N1)	1350	90
PB2|PP755596.1|A/cattle/Texas/24-008749-003/2024(H5N1)	1351	89
PB2|PP755596.1|A/cattle/Texas/24-008749-003/2024(H5N1)	1352	89
PB2|PP755596.1|A/cattle/Texas/24-008749-003/2024(H5N1)	1353	89
PB2|PP755596.1|A/cattle/Texas/24-008749-003/2024(H5N1)	1354	89
PB2|PP755596.1|A/cattle/Texas/24-008749-003/2024(H5N1)	1355	89
PB2|PP755596.1|A/cattle/Texas/24-008749-003/2024(H5N1)	1356	88
PB2|PP755596.1|A/cattle/Texas/24-008749-003/2024(H5N1)	1357	88
PB2|PP755596.1|A/cattle/Texas/24-008749-003/2024(H5N1)	1358	89
PB2|PP755596.1|A/cattle/Texas/24-008749-003/2024(H5N1)	1359	90
PB2|PP755596.1|A/cattle/Texas/24-008749-003/2024(H5N1)	1360	89
PB2|PP755596.1|A/cattle/Texas/24-008749-003/2024(H5N1)	1361	89
PB2|PP755596.1|A/cattle/Texas/24-008749-003/2024(H5N1)	1362	90
PB2|PP755596.1|A/cattle/Texas/24-008749-003/2024(H5N1)	1363	91
PB2|PP755596.1|A/cattle/Texas/24-008749-003/2024(H5N1)	1364	91
PB2|PP755596.1|A/cattle/Texas/24-008749-003/2024(H5N1)	1365	89
PB2|PP755596.1|A/cattle/Texas/24-008749-003/2024(H5N1)	1366	87
PB2|PP755596.1|A/cattle/Texas/24-008749-003/2024(H5N1)	1367	86
PB2|PP755596.1|A/cattle/Texas/24-008749-003/2024(H5N1)	1368	88
PB2|PP755596.1|A/cattle/Texas/24-008749-003/2024(H5N1)	1369	89
PB2|PP755596.1|A/cattle/Texas/24-008749-003/2024(H5N1)	1370	90
PB2|PP755596.1|A/cattle/Texas/24-008749-003/2024(H5N1)	1371	90
PB2|PP755596.1|A/cattle/Texas/24-008749-003/2024(H5N1)	1372	87
PB2|PP755596.1|A/cattle/Texas/24-008749-003/2024(H5N1)	1373	87
PB2|PP755596.1|A/cattle/Texas/24-008749-003/2024(H5N1)	1374	86
PB2|PP755596.1|A/cattle/Texas/24-008749-003/2024(H5N1)	1375	87
PB2|PP755596.1|A/cattle/Texas/24-008749-003/2024(H5N1)	1376	87
PB2|PP755596.1|A/cattle/Texas/24-008749-003/2024(H5N1)	1377	86
PB2|PP755596.1|A/cattle/Texas/24-008749-003/2024(H5N1)	1378	86
PB2|PP755596.1|A/cattle/Texas/24-008749-003/2024(H5N1)	1379	85
PB2|PP755596.1|A/cattle/Texas/24-008749-003/2024(H5N1)	1380	86
PB2|PP755596.1|A/cattle/Texas/24-008749-003/2024(H5N1)	1381	84
PB2|PP755596.1|A/cattle/Texas/24-008749-003/2024(H5N1)	1382	84
PB2|PP755596.1|A/cattle/Texas/24-008749-003/2024(H5N1)	1383	83
PB2|PP755596.1|A/cattle/Texas/24-008749-003/2024(H5N1)	1384	83
PB2|PP755596.1|A/cattle/Texas/24-008749-003/2024(H5N1)	1385	85
PB2|PP755596.1|A/cattle/Texas/24-008749-003/2024(H5N1)	1386	84
PB2|PP755596.1|A/cattle/Texas/24-008749-003/2024(H5N1)	1387	87
PB2|PP755596.1|A/cattle/Texas/24-008749-003/2024(H5N1)	1388	87
PB2|PP755596.1|A/cattle/Texas/24-008749-003/2024(H5N1)	1389	92
PB2|PP755596.1|A/cattle/Texas/24-008749-003/2024(H5N1)	1390	92
PB2|PP755596.1|A/cattle/Texas/24-008749-003/2024(H5N1)	1391	91
PB2|PP755596.1|A/cattle/Texas/24-008749-003/2024(H5N1)	1392	91
PB2|PP755596.1|A/cattle/Texas/24-008749-003/2024(H5N1)	1393	92
PB2|PP755596.1|A/cattle/Texas/24-008749-003/2024(H5N1)	1394	92
PB2|PP755596.1|A/cattle/Texas/24-008749-003/2024(H5N1)	1395	90
PB2|PP755596.1|A/cattle/Texas/24-008749-003/2024(H5N1)	1396	90
PB2|PP755596.1|A/cattle/Texas/24-008749-003/2024(H5N1)	1397	90
PB2|PP755596.1|A/cattle/Texas/24-008749-003/2024(H5N1)	1398	90
PB2|PP755596.1|A/cattle/Texas/24-008749-003/2024(H5N1)	1399	90
PB2|PP755596.1|A/cattle/Texas/24-008749-003/2024(H5N1)	1400	90
PB2|PP755596.1|A/cattle/Texas/24-008749-003/2024(H5N1)	1401	90
PB2|PP755596.1|A/cattle/Texas/24-008749-003/2024(H5N1)	1402	89
PB2|PP755596.1|A/cattle/Texas/24-008749-003/2024(H5N1)	1403	89
PB2|PP755596.1|A/cattle/Texas/24-008749-003/2024(H5N1)	1404	89
PB2|PP755596.1|A/cattle/Texas/24-008749-003/2024(H5N1)	1405	89
PB2|PP755596.1|A/cattle/Texas/24-008749-003/2024(H5N1)	1406	88
PB2|PP755596.1|A/cattle/Texas/24-008749-003/2024(H5N1)	1407	88
PB2|PP755596.1|A/cattle/Texas/24-008749-003/2024(H5N1)	1408	88
PB2|PP755596.1|A/cattle/Texas/24-008749-003/2024(H5N1)	1409	86
PB2|PP755596.1|A/cattle/Texas/24-008749-003/2024(H5N1)	1410	85
PB2|PP755596.1|A/cattle/Texas/24-008749-003/2024(H5N1)	1411	85
PB2|PP755596.1|A/cattle/Texas/24-008749-003/2024(H5N1)	1412	84
PB2|PP755596.1|A/cattle/Texas/24-008749-003/2024(H5N1)	1413	83
PB2|PP755596.1|A/cattle/Texas/24-008749-003/2024(H5N1)	1414	84
PB2|PP755596.1|A/cattle/Texas/24-008749-003/2024(H5N1)	1415	85
PB2|PP755596.1|A/cattle/Texas/24-008749-003/2024(H5N1)	1416	85
PB2|PP755596.1|A/cattle/Texas/24-008749-003/2024(H5N1)	1417	85
PB2|PP755596.1|A/cattle/Texas/24-008749-003/2024(H5N1)	1418	87
PB2|PP755596.1|A/cattle/Texas/24-008749-003/2024(H5N1)	1419	85
PB2|PP755596.1|A/cattle/Texas/24-008749-003/2024(H5N1)	1420	86
PB2|PP755596.1|A/cattle/Texas/24-008749-003/2024(H5N1)	1421	86
PB2|PP755596.1|A/cattle/Texas/24-008749-003/2024(H5N1)	1422	86
PB2|PP755596.1|A/cattle/Texas/24-008749-003/2024(H5N1)	1423	83
PB2|PP755596.1|A/cattle/Texas/24-008749-003/2024(H5N1)	1424	83
PB2|PP755596.1|A/cattle/Texas/24-008749-003/2024(H5N1)	1425	83
PB2|PP755596.1|A/cattle/Texas/24-008749-003/2024(H5N1)	1426	83
PB2|PP755596.1|A/cattle/Texas/24-008749-003/2024(H5N1)	1427	84
PB2|PP755596.1|A/cattle/Texas/24-008749-003/2024(H5N1)	1428	85
PB2|PP755596.1|A/cattle/Texas/24-008749-003/2024(H5N1)	1429	87
PB2|PP755596.1|A/cattle/Texas/24-008749-003/2024(H5N1)	1430	91
PB2|PP755596.1|A/cattle/Texas/24-008749-003/2024(H5N1)	1431	91
PB2|PP755596.1|A/cattle/Texas/24-008749-003/2024(H5N1)	1432	90
PB2|PP755596.1|A/cattle/Texas/24-008749-003/2024(H5N1)	1433	90
PB2|PP755596.1|A/cattle/Texas/24-008749-003/2024(H5N1)	1434	89
PB2|PP755596.1|A/cattle/Texas/24-008749-003/2024(H5N1)	1435	88
PB2|PP755596.1|A/cattle/Texas/24-008749-003/2024(H5N1)	1436	89
PB2|PP755596.1|A/cattle/Texas/24-008749-003/2024(H5N1)	1437	87
PB2|PP755596.1|A/cattle/Texas/24-008749-003/2024(H5N1)	1438	87
PB2|PP755596.1|A/cattle/Texas/24-008749-003/2024(H5N1)	1439	84
PB2|PP755596.1|A/cattle/Texas/24-008749-003/2024(H5N1)	1440	84
PB2|PP755596.1|A/cattle/Texas/24-008749-003/2024(H5N1)	1441	84
PB2|PP755596.1|A/cattle/Texas/24-008749-003/2024(H5N1)	1442	85
PB2|PP755596.1|A/cattle/Texas/24-008749-003/2024(H5N1)	1443	86
PB2|PP755596.1|A/cattle/Texas/24-008749-003/2024(H5N1)	1444	86
PB2|PP755596.1|A/cattle/Texas/24-008749-003/2024(H5N1)	1445	84
PB2|PP755596.1|A/cattle/Texas/24-008749-003/2024(H5N1)	1446	88
PB2|PP755596.1|A/cattle/Texas/24-008749-003/2024(H5N1)	1447	87
PB2|PP755596.1|A/cattle/Texas/24-008749-003/2024(H5N1)	1448	87
PB2|PP755596.1|A/cattle/Texas/24-008749-003/2024(H5N1)	1449	86
PB2|PP755596.1|A/cattle/Texas/24-008749-003/2024(H5N1)	1450	86
PB2|PP755596.1|A/cattle/Texas/24-008749-003/2024(H5N1)	1451	88
PB2|PP755596.1|A/cattle/Texas/24-008749-003/2024(H5N1)	1452	87
PB2|PP755596.1|A/cattle/Texas/24-008749-003/2024(H5N1)	1453	87
PB2|PP755596.1|A/cattle/Texas/24-008749-003/2024(H5N1)	1454	87
PB2|PP755596.1|A/cattle/Texas/24-008749-003/2024(H5N1)	1455	87
PB2|PP755596.1|A/cattle/Texas/24-008749-003/2024(H5N1)	1456	89
PB2|PP755596.1|A/cattle/Texas/24-008749-003/2024(H5N1)	1457	90
PB2|PP755596.1|A/cattle/Texas/24-008749-003/2024(H5N1)	1458	88
PB2|PP755596.1|A/cattle/Texas/24-008749-003/2024(H5N1)	1459	88
PB2|PP755596.1|A/cattle/Texas/24-008749-003/2024(H5N1)	1460	87
PB2|PP755596.1|A/cattle/Texas/24-008749-003/2024(H5N1)	1461	88
PB2|PP755596.1|A/cattle/Texas/24-008749-003/2024(H5N1)	1462	86
PB2|PP755596.1|A/cattle/Texas/24-008749-003/2024(H5N1)	1463	85
PB2|PP755596.1|A/cattle/Texas/24-008749-003/2024(H5N1)	1464	99
PB2|PP755596.1|A/cattle/Texas/24-008749-003/2024(H5N1)	1465	96
PB2|PP755596.1|A/cattle/Texas/24-008749-003/2024(H5N1)	1466	100
PB2|PP755596.1|A/cattle/Texas/24-008749-003/2024(H5N1)	1467	100
PB2|PP755596.1|A/cattle/Texas/24-008749-003/2024(H5N1)	1468	100
PB2|PP755596.1|A/cattle/Texas/24-008749-003/2024(H5N1)	1469	103
PB2|PP755596.1|A/cattle/Texas/24-008749-003/2024(H5N1)	1470	103
PB2|PP755596.1|A/cattle/Texas/24-008749-003/2024(H5N1)	1471	102
PB2|PP755596.1|A/cattle/Texas/24-008749-003/2024(H5N1)	1472	101
PB2|PP755596.1|A/cattle/Texas/24-008749-003/2024(H5N1)	1473	90
PB2|PP755596.1|A/cattle/Texas/24-008749-003/2024(H5N1)	1474	90
PB2|PP755596.1|A/cattle/Texas/24-008749-003/2024(H5N1)	1475	90
PB2|PP755596.1|A/cattle/Texas/24-008749-003/2024(H5N1)	1476	94
PB2|PP755596.1|A/cattle/Texas/24-008749-003/2024(H5N1)	1477	96
PB2|PP755596.1|A/cattle/Texas/24-008749-003/2024(H5N1)	1478	98
PB2|PP755596.1|A/cattle/Texas/24-008749-003/2024(H5N1)	1479	98
PB2|PP755596.1|A/cattle/Texas/24-008749-003/2024(H5N1)	1480	98
PB2|PP755596.1|A/cattle/Texas/24-008749-003/2024(H5N1)	1481	97
PB2|PP755596.1|A/cattle/Texas/24-008749-003/2024(H5N1)	1482	97
PB2|PP755596.1|A/cattle/Texas/24-008749-003/2024(H5N1)	1483	98
PB2|PP755596.1|A/cattle/Texas/24-008749-003/2024(H5N1)	1484	98
PB2|PP755596.1|A/cattle/Texas/24-008749-003/2024(H5N1)	1485	97
PB2|PP755596.1|A/cattle/Texas/24-008749-003/2024(H5N1)	1486	97
PB2|PP755596.1|A/cattle/Texas/24-008749-003/2024(H5N1)	1487	94
PB2|PP755596.1|A/cattle/Texas/24-008749-003/2024(H5N1)	1488	94
PB2|PP755596.1|A/cattle/Texas/24-008749-003/2024(H5N1)	1489	94
PB2|PP755596.1|A/cattle/Texas/24-008749-003/2024(H5N1)	1490	94
PB2|PP755596.1|A/cattle/Texas/24-008749-003/2024(H5N1)	1491	97
PB2|PP755596.1|A/cattle/Texas/24-008749-003/2024(H5N1)	1492	96
PB2|PP755596.1|A/cattle/Texas/24-008749-003/2024(H5N1)	1493	96
PB2|PP755596.1|A/cattle/Texas/24-008749-003/2024(H5N1)	1494	96
PB2|PP755596.1|A/cattle/Texas/24-008749-003/2024(H5N1)	1495	96
PB2|PP755596.1|A/cattle/Texas/24-008749-003/2024(H5N1)	1496	104
PB2|PP755596.1|A/cattle/Texas/24-008749-003/2024(H5N1)	1497	104
PB2|PP755596.1|A/cattle/Texas/24-008749-003/2024(H5N1)	1498	104
PB2|PP755596.1|A/cattle/Texas/24-008749-003/2024(H5N1)	1499	104
PB2|PP755596.1|A/cattle/Texas/24-008749-003/2024(H5N1)	1500	103
PB2|PP755596.1|A/cattle/Texas/24-008749-003/2024(H5N1)	1501	108
PB2|PP755596.1|A/cattle/Texas/24-008749-003/2024(H5N1)	1502	108
PB2|PP755596.1|A/cattle/Texas/24-008749-003/2024(H5N1)	1503	108
PB2|PP755596.1|A/cattle/Texas/24-008749-003/2024(H5N1)	1504	108
PB2|PP755596.1|A/cattle/Texas/24-008749-003/2024(H5N1)	1505	108
PB2|PP755596.1|A/cattle/Texas/24-008749-003/2024(H5N1)	1506	108
PB2|PP755596.1|A/cattle/Texas/24-008749-003/2024(H5N1)	1507	108
PB2|PP755596.1|A/cattle/Texas/24-008749-003/2024(H5N1)	1508	108
PB2|PP755596.1|A/cattle/Texas/24-008749-003/2024(H5N1)	1509	108
PB2|PP755596.1|A/cattle/Texas/24-008749-003/2024(H5N1)	1510	108
PB2|PP755596.1|A/cattle/Texas/24-008749-003/2024(H5N1)	1511	108
PB2|PP755596.1|A/cattle/Texas/24-008749-003/2024(H5N1)	1512	107
PB2|PP755596.1|A/cattle/Texas/24-008749-003/2024(H5N1)	1513	106
PB2|PP755596.1|A/cattle/Texas/24-008749-003/2024(H5N1)	1514	106
PB2|PP755596.1|A/cattle/Texas/24-008749-003/2024(H5N1)	1515	107
PB2|PP755596.1|A/cattle/Texas/24-008749-003/2024(H5N1)	1516	107
PB2|PP755596.1|A/cattle/Texas/24-008749-003/2024(H5N1)	1517	107
PB2|PP755596.1|A/cattle/Texas/24-008749-003/2024(H5N1)	1518	108
PB2|PP755596.1|A/cattle/Texas/24-008749-003/2024(H5N1)	1519	106
PB2|PP755596.1|A/cattle/Texas/24-008749-003/2024(H5N1)	1520	104
PB2|PP755596.1|A/cattle/Texas/24-008749-003/2024(H5N1)	1521	104
PB2|PP755596.1|A/cattle/Texas/24-008749-003/2024(H5N1)	1522	104
PB2|PP755596.1|A/cattle/Texas/24-008749-003/2024(H5N1)	1523	104
PB2|PP755596.1|A/cattle/Texas/24-008749-003/2024(H5N1)	1524	105
PB2|PP755596.1|A/cattle/Texas/24-008749-003/2024(H5N1)	1525	105
PB2|PP755596.1|A/cattle/Texas/24-008749-003/2024(H5N1)	1526	104
PB2|PP755596.1|A/cattle/Texas/24-008749-003/2024(H5N1)	1527	105
PB2|PP755596.1|A/cattle/Texas/24-008749-003/2024(H5N1)	1528	104
PB2|PP755596.1|A/cattle/Texas/24-008749-003/2024(H5N1)	1529	111
PB2|PP755596.1|A/cattle/Texas/24-008749-003/2024(H5N1)	1530	111
PB2|PP755596.1|A/cattle/Texas/24-008749-003/2024(H5N1)	1531	120
PB2|PP755596.1|A/cattle/Texas/24-008749-003/2024(H5N1)	1532	119
PB2|PP755596.1|A/cattle/Texas/24-008749-003/2024(H5N1)	1533	119
PB2|PP755596.1|A/cattle/Texas/24-008749-003/2024(H5N1)	1534	117
PB2|PP755596.1|A/cattle/Texas/24-008749-003/2024(H5N1)	1535	116
PB2|PP755596.1|A/cattle/Texas/24-008749-003/2024(H5N1)	1536	117
PB2|PP755596.1|A/cattle/Texas/24-008749-003/2024(H5N1)	1537	118
PB2|PP755596.1|A/cattle/Texas/24-008749-003/2024(H5N1)	1538	115
PB2|PP755596.1|A/cattle/Texas/24-008749-003/2024(H5N1)	1539	115
PB2|PP755596.1|A/cattle/Texas/24-008749-003/2024(H5N1)	1540	109
PB2|PP755596.1|A/cattle/Texas/24-008749-003/2024(H5N1)	1541	110
PB2|PP755596.1|A/cattle/Texas/24-008749-003/2024(H5N1)	1542	111
PB2|PP755596.1|A/cattle/Texas/24-008749-003/2024(H5N1)	1543	110
PB2|PP755596.1|A/cattle/Texas/24-008749-003/2024(H5N1)	1544	110
PB2|PP755596.1|A/cattle/Texas/24-008749-003/2024(H5N1)	1545	110
PB2|PP755596.1|A/cattle/Texas/24-008749-003/2024(H5N1)	1546	111
PB2|PP755596.1|A/cattle/Texas/24-008749-003/2024(H5N1)	1547	111
PB2|PP755596.1|A/cattle/Texas/24-008749-003/2024(H5N1)	1548	111
PB2|PP755596.1|A/cattle/Texas/24-008749-003/2024(H5N1)	1549	111
PB2|PP755596.1|A/cattle/Texas/24-008749-003/2024(H5N1)	1550	114
PB2|PP755596.1|A/cattle/Texas/24-008749-003/2024(H5N1)	1551	115
PB2|PP755596.1|A/cattle/Texas/24-008749-003/2024(H5N1)	1552	114
PB2|PP755596.1|A/cattle/Texas/24-008749-003/2024(H5N1)	1553	115
PB2|PP755596.1|A/cattle/Texas/24-008749-003/2024(H5N1)	1554	115
PB2|PP755596.1|A/cattle/Texas/24-008749-003/2024(H5N1)	1555	115
PB2|PP755596.1|A/cattle/Texas/24-008749-003/2024(H5N1)	1556	115
PB2|PP755596.1|A/cattle/Texas/24-008749-003/2024(H5N1)	1557	114
PB2|PP755596.1|A/cattle/Texas/24-008749-003/2024(H5N1)	1558	114
PB2|PP755596.1|A/cattle/Texas/24-008749-003/2024(H5N1)	1559	115
PB2|PP755596.1|A/cattle/Texas/24-008749-003/2024(H5N1)	1560	119
PB2|PP755596.1|A/cattle/Texas/24-008749-003/2024(H5N1)	1561	128
PB2|PP755596.1|A/cattle/Texas/24-008749-003/2024(H5N1)	1562	128
PB2|PP755596.1|A/cattle/Texas/24-008749-003/2024(H5N1)	1563	258
PB2|PP755596.1|A/cattle/Texas/24-008749-003/2024(H5N1)	1564	261
PB2|PP755596.1|A/cattle/Texas/24-008749-003/2024(H5N1)	1565	261
PB2|PP755596.1|A/cattle/Texas/24-008749-003/2024(H5N1)	1566	261
PB2|PP755596.1|A/cattle/Texas/24-008749-003/2024(H5N1)	1567	268
PB2|PP755596.1|A/cattle/Texas/24-008749-003/2024(H5N1)	1568	305
PB2|PP755596.1|A/cattle/Texas/24-008749-003/2024(H5N1)	1569	303
PB2|PP755596.1|A/cattle/Texas/24-008749-003/2024(H5N1)	1570	303
PB2|PP755596.1|A/cattle/Texas/24-008749-003/2024(H5N1)	1571	315
PB2|PP755596.1|A/cattle/Texas/24-008749-003/2024(H5N1)	1572	315
PB2|PP755596.1|A/cattle/Texas/24-008749-003/2024(H5N1)	1573	327
PB2|PP755596.1|A/cattle/Texas/24-008749-003/2024(H5N1)	1574	332
PB2|PP755596.1|A/cattle/Texas/24-008749-003/2024(H5N1)	1575	334
PB2|PP755596.1|A/cattle/Texas/24-008749-003/2024(H5N1)	1576	339
PB2|PP755596.1|A/cattle/Texas/24-008749-003/2024(H5N1)	1577	337
PB2|PP755596.1|A/cattle/Texas/24-008749-003/2024(H5N1)	1578	339
PB2|PP755596.1|A/cattle/Texas/24-008749-003/2024(H5N1)	1579	338
PB2|PP755596.1|A/cattle/Texas/24-008749-003/2024(H5N1)	1580	339
PB2|PP755596.1|A/cattle/Texas/24-008749-003/2024(H5N1)	1581	352
PB2|PP755596.1|A/cattle/Texas/24-008749-003/2024(H5N1)	1582	352
PB2|PP755596.1|A/cattle/Texas/24-008749-003/2024(H5N1)	1583	357
PB2|PP755596.1|A/cattle/Texas/24-008749-003/2024(H5N1)	1584	357
PB2|PP755596.1|A/cattle/Texas/24-008749-003/2024(H5N1)	1585	364
PB2|PP755596.1|A/cattle/Texas/24-008749-003/2024(H5N1)	1586	375
PB2|PP755596.1|A/cattle/Texas/24-008749-003/2024(H5N1)	1587	402
PB2|PP755596.1|A/cattle/Texas/24-008749-003/2024(H5N1)	1588	403
PB2|PP755596.1|A/cattle/Texas/24-008749-003/2024(H5N1)	1589	405
PB2|PP755596.1|A/cattle/Texas/24-008749-003/2024(H5N1)	1590	404
PB2|PP755596.1|A/cattle/Texas/24-008749-003/2024(H5N1)	1591	407
PB2|PP755596.1|A/cattle/Texas/24-008749-003/2024(H5N1)	1592	407
PB2|PP755596.1|A/cattle/Texas/24-008749-003/2024(H5N1)	1593	412
PB2|PP755596.1|A/cattle/Texas/24-008749-003/2024(H5N1)	1594	410
PB2|PP755596.1|A/cattle/Texas/24-008749-003/2024(H5N1)	1595	418
PB2|PP755596.1|A/cattle/Texas/24-008749-003/2024(H5N1)	1596	418
PB2|PP755596.1|A/cattle/Texas/24-008749-003/2024(H5N1)	1597	420
PB2|PP755596.1|A/cattle/Texas/24-008749-003/2024(H5N1)	1598	427
PB2|PP755596.1|A/cattle/Texas/24-008749-003/2024(H5N1)	1599	427
PB2|PP755596.1|A/cattle/Texas/24-008749-003/2024(H5N1)	1600	447
PB2|PP755596.1|A/cattle/Texas/24-008749-003/2024(H5N1)	1601	446
PB2|PP755596.1|A/cattle/Texas/24-008749-003/2024(H5N1)	1602	446
PB2|PP755596.1|A/cattle/Texas/24-008749-003/2024(H5N1)	1603	458
PB2|PP755596.1|A/cattle/Texas/24-008749-003/2024(H5N1)	1604	469
PB2|PP755596.1|A/cattle/Texas/24-008749-003/2024(H5N1)	1605	472
PB2|PP755596.1|A/cattle/Texas/24-008749-003/2024(H5N1)	1606	478
PB2|PP755596.1|A/cattle/Texas/24-008749-003/2024(H5N1)	1607	478
PB2|PP755596.1|A/cattle/Texas/24-008749-003/2024(H5N1)	1608	480
PB2|PP755596.1|A/cattle/Texas/24-008749-003/2024(H5N1)	1609	483
PB2|PP755596.1|A/cattle/Texas/24-008749-003/2024(H5N1)	1610	487
PB2|PP755596.1|A/cattle/Texas/24-008749-003/2024(H5N1)	1611	513
PB2|PP755596.1|A/cattle/Texas/24-008749-003/2024(H5N1)	1612	513
PB2|PP755596.1|A/cattle/Texas/24-008749-003/2024(H5N1)	1613	510
PB2|PP755596.1|A/cattle/Texas/24-008749-003/2024(H5N1)	1614	522
PB2|PP755596.1|A/cattle/Texas/24-008749-003/2024(H5N1)	1615	514
PB2|PP755596.1|A/cattle/Texas/24-008749-003/2024(H5N1)	1616	517
PB2|PP755596.1|A/cattle/Texas/24-008749-003/2024(H5N1)	1617	539
PB2|PP755596.1|A/cattle/Texas/24-008749-003/2024(H5N1)	1618	539
PB2|PP755596.1|A/cattle/Texas/24-008749-003/2024(H5N1)	1619	548
PB2|PP755596.1|A/cattle/Texas/24-008749-003/2024(H5N1)	1620	547
PB2|PP755596.1|A/cattle/Texas/24-008749-003/2024(H5N1)	1621	550
PB2|PP755596.1|A/cattle/Texas/24-008749-003/2024(H5N1)	1622	590
PB2|PP755596.1|A/cattle/Texas/24-008749-003/2024(H5N1)	1623	586
PB2|PP755596.1|A/cattle/Texas/24-008749-003/2024(H5N1)	1624	587
PB2|PP755596.1|A/cattle/Texas/24-008749-003/2024(H5N1)	1625	584
PB2|PP755596.1|A/cattle/Texas/24-008749-003/2024(H5N1)	1626	630
PB2|PP755596.1|A/cattle/Texas/24-008749-003/2024(H5N1)	1627	641
PB2|PP755596.1|A/cattle/Texas/24-008749-003/2024(H5N1)	1628	649
PB2|PP755596.1|A/cattle/Texas/24-008749-003/2024(H5N1)	1629	651
PB2|PP755596.1|A/cattle/Texas/24-008749-003/2024(H5N1)	1630	652
PB2|PP755596.1|A/cattle/Texas/24-008749-003/2024(H5N1)	1631	655
PB2|PP755596.1|A/cattle/Texas/24-008749-003/2024(H5N1)	1632	657
PB2|PP755596.1|A/cattle/Texas/24-008749-003/2024(H5N1)	1633	714
PB2|PP755596.1|A/cattle/Texas/24-008749-003/2024(H5N1)	1634	717
PB2|PP755596.1|A/cattle/Texas/24-008749-003/2024(H5N1)	1635	717
PB2|PP755596.1|A/cattle/Texas/24-008749-003/2024(H5N1)	1636	717
PB2|PP755596.1|A/cattle/Texas/24-008749-003/2024(H5N1)	1637	716
PB2|PP755596.1|A/cattle/Texas/24-008749-003/2024(H5N1)	1638	794
PB2|PP755596.1|A/cattle/Texas/24-008749-003/2024(H5N1)	1639	799
PB2|PP755596.1|A/cattle/Texas/24-008749-003/2024(H5N1)	1640	802
PB2|PP755596.1|A/cattle/Texas/24-008749-003/2024(H5N1)	1641	804
PB2|PP755596.1|A/cattle/Texas/24-008749-003/2024(H5N1)	1642	789
PB2|PP755596.1|A/cattle/Texas/24-008749-003/2024(H5N1)	1643	844
PB2|PP755596.1|A/cattle/Texas/24-008749-003/2024(H5N1)	1644	844
PB2|PP755596.1|A/cattle/Texas/24-008749-003/2024(H5N1)	1645	853
PB2|PP755596.1|A/cattle/Texas/24-008749-003/2024(H5N1)	1646	858
PB2|PP755596.1|A/cattle/Texas/24-008749-003/2024(H5N1)	1647	840
PB2|PP755596.1|A/cattle/Texas/24-008749-003/2024(H5N1)	1648	849
PB2|PP755596.1|A/cattle/Texas/24-008749-003/2024(H5N1)	1649	850
PB2|PP755596.1|A/cattle/Texas/24-008749-003/2024(H5N1)	1650	854
PB2|PP755596.1|A/cattle/Texas/24-008749-003/2024(H5N1)	1651	854
PB2|PP755596.1|A/cattle/Texas/24-008749-003/2024(H5N1)	1652	840
PB2|PP755596.1|A/cattle/Texas/24-008749-003/2024(H5N1)	1653	852
PB2|PP755596.1|A/cattle/Texas/24-008749-003/2024(H5N1)	1654	871
PB2|PP755596.1|A/cattle/Texas/24-008749-003/2024(H5N1)	1655	871
PB2|PP755596.1|A/cattle/Texas/24-008749-003/2024(H5N1)	1656	877
PB2|PP755596.1|A/cattle/Texas/24-008749-003/2024(H5N1)	1657	877
PB2|PP755596.1|A/cattle/Texas/24-008749-003/2024(H5N1)	1658	877
PB2|PP755596.1|A/cattle/Texas/24-008749-003/2024(H5N1)	1659	878
PB2|PP755596.1|A/cattle/Texas/24-008749-003/2024(H5N1)	1660	889
PB2|PP755596.1|A/cattle/Texas/24-008749-003/2024(H5N1)	1661	889
PB2|PP755596.1|A/cattle/Texas/24-008749-003/2024(H5N1)	1662	887
PB2|PP755596.1|A/cattle/Texas/24-008749-003/2024(H5N1)	1663	887
PB2|PP755596.1|A/cattle/Texas/24-008749-003/2024(H5N1)	1664	887
PB2|PP755596.1|A/cattle/Texas/24-008749-003/2024(H5N1)	1665	886
PB2|PP755596.1|A/cattle/Texas/24-008749-003/2024(H5N1)	1666	889
PB2|PP755596.1|A/cattle/Texas/24-008749-003/2024(H5N1)	1667	889
PB2|PP755596.1|A/cattle/Texas/24-008749-003/2024(H5N1)	1668	898
PB2|PP755596.1|A/cattle/Texas/24-008749-003/2024(H5N1)	1669	898
PB2|PP755596.1|A/cattle/Texas/24-008749-003/2024(H5N1)	1670	899
PB2|PP755596.1|A/cattle/Texas/24-008749-003/2024(H5N1)	1671	899
PB2|PP755596.1|A/cattle/Texas/24-008749-003/2024(H5N1)	1672	901
PB2|PP755596.1|A/cattle/Texas/24-008749-003/2024(H5N1)	1673	903
PB2|PP755596.1|A/cattle/Texas/24-008749-003/2024(H5N1)	1674	909
PB2|PP755596.1|A/cattle/Texas/24-008749-003/2024(H5N1)	1675	908
PB2|PP755596.1|A/cattle/Texas/24-008749-003/2024(H5N1)	1676	910
PB2|PP755596.1|A/cattle/Texas/24-008749-003/2024(H5N1)	1677	904
PB2|PP755596.1|A/cattle/Texas/24-008749-003/2024(H5N1)	1678	909
PB2|PP755596.1|A/cattle/Texas/24-008749-003/2024(H5N1)	1679	911
PB2|PP755596.1|A/cattle/Texas/24-008749-003/2024(H5N1)	1680	911
PB2|PP755596.1|A/cattle/Texas/24-008749-003/2024(H5N1)	1681	912
PB2|PP755596.1|A/cattle/Texas/24-008749-003/2024(H5N1)	1682	905
PB2|PP755596.1|A/cattle/Texas/24-008749-003/2024(H5N1)	1683	909
PB2|PP755596.1|A/cattle/Texas/24-008749-003/2024(H5N1)	1684	913
PB2|PP755596.1|A/cattle/Texas/24-008749-003/2024(H5N1)	1685	944
PB2|PP755596.1|A/cattle/Texas/24-008749-003/2024(H5N1)	1686	943
PB2|PP755596.1|A/cattle/Texas/24-008749-003/2024(H5N1)	1687	938
PB2|PP755596.1|A/cattle/Texas/24-008749-003/2024(H5N1)	1688	938
PB2|PP755596.1|A/cattle/Texas/24-008749-003/2024(H5N1)	1689	938
PB2|PP755596.1|A/cattle/Texas/24-008749-003/2024(H5N1)	1690	945
PB2|PP755596.1|A/cattle/Texas/24-008749-003/2024(H5N1)	1691	969
PB2|PP755596.1|A/cattle/Texas/24-008749-003/2024(H5N1)	1692	970
PB2|PP755596.1|A/cattle/Texas/24-008749-003/2024(H5N1)	1693	970
PB2|PP755596.1|A/cattle/Texas/24-008749-003/2024(H5N1)	1694	977
PB2|PP755596.1|A/cattle/Texas/24-008749-003/2024(H5N1)	1695	997
PB2|PP755596.1|A/cattle/Texas/24-008749-003/2024(H5N1)	1696	1001
PB2|PP755596.1|A/cattle/Texas/24-008749-003/2024(H5N1)	1697	1001
PB2|PP755596.1|A/cattle/Texas/24-008749-003/2024(H5N1)	1698	1001
PB2|PP755596.1|A/cattle/Texas/24-008749-003/2024(H5N1)	1699	1008
PB2|PP755596.1|A/cattle/Texas/24-008749-003/2024(H5N1)	1700	1012
PB2|PP755596.1|A/cattle/Texas/24-008749-003/2024(H5N1)	1701	1016
PB2|PP755596.1|A/cattle/Texas/24-008749-003/2024(H5N1)	1702	1025
PB2|PP755596.1|A/cattle/Texas/24-008749-003/2024(H5N1)	1703	1033
PB2|PP755596.1|A/cattle/Texas/24-008749-003/2024(H5N1)	1704	1034
PB2|PP755596.1|A/cattle/Texas/24-008749-003/2024(H5N1)	1705	1032
PB2|PP755596.1|A/cattle/Texas/24-008749-003/2024(H5N1)	1706	1015
PB2|PP755596.1|A/cattle/Texas/24-008749-003/2024(H5N1)	1707	1015
PB2|PP755596.1|A/cattle/Texas/24-008749-003/2024(H5N1)	1708	1003
PB2|PP755596.1|A/cattle/Texas/24-008749-003/2024(H5N1)	1709	1000
PB2|PP755596.1|A/cattle/Texas/24-008749-003/2024(H5N1)	1710	1017
PB2|PP755596.1|A/cattle/Texas/24-008749-003/2024(H5N1)	1711	1034
PB2|PP755596.1|A/cattle/Texas/24-008749-003/2024(H5N1)	1712	1027
PB2|PP755596.1|A/cattle/Texas/24-008749-003/2024(H5N1)	1713	1063
PB2|PP755596.1|A/cattle/Texas/24-008749-003/2024(H5N1)	1714	1047
PB2|PP755596.1|A/cattle/Texas/24-008749-003/2024(H5N1)	1715	1050
PB2|PP755596.1|A/cattle/Texas/24-008749-003/2024(H5N1)	1716	1053
PB2|PP755596.1|A/cattle/Texas/24-008749-003/2024(H5N1)	1717	1048
PB2|PP755596.1|A/cattle/Texas/24-008749-003/2024(H5N1)	1718	1053
PB2|PP755596.1|A/cattle/Texas/24-008749-003/2024(H5N1)	1719	1017
PB2|PP755596.1|A/cattle/Texas/24-008749-003/2024(H5N1)	1720	1021
PB2|PP755596.1|A/cattle/Texas/24-008749-003/2024(H5N1)	1721	1021
PB2|PP755596.1|A/cattle/Texas/24-008749-003/2024(H5N1)	1722	1012
PB2|PP755596.1|A/cattle/Texas/24-008749-003/2024(H5N1)	1723	1016
PB2|PP755596.1|A/cattle/Texas/24-008749-003/2024(H5N1)	1724	1008
PB2|PP755596.1|A/cattle/Texas/24-008749-003/2024(H5N1)	1725	1007
PB2|PP755596.1|A/cattle/Texas/24-008749-003/2024(H5N1)	1726	1009
PB2|PP755596.1|A/cattle/Texas/24-008749-003/2024(H5N1)	1727	1005
PB2|PP755596.1|A/cattle/Texas/24-008749-003/2024(H5N1)	1728	1010
PB2|PP755596.1|A/cattle/Texas/24-008749-003/2024(H5N1)	1729	1008
PB2|PP755596.1|A/cattle/Texas/24-008749-003/2024(H5N1)	1730	1005
PB2|PP755596.1|A/cattle/Texas/24-008749-003/2024(H5N1)	1731	991
PB2|PP755596.1|A/cattle/Texas/24-008749-003/2024(H5N1)	1732	995
PB2|PP755596.1|A/cattle/Texas/24-008749-003/2024(H5N1)	1733	1011
PB2|PP755596.1|A/cattle/Texas/24-008749-003/2024(H5N1)	1734	1008
PB2|PP755596.1|A/cattle/Texas/24-008749-003/2024(H5N1)	1735	1003
PB2|PP755596.1|A/cattle/Texas/24-008749-003/2024(H5N1)	1736	990
PB2|PP755596.1|A/cattle/Texas/24-008749-003/2024(H5N1)	1737	1018
PB2|PP755596.1|A/cattle/Texas/24-008749-003/2024(H5N1)	1738	997
PB2|PP755596.1|A/cattle/Texas/24-008749-003/2024(H5N1)	1739	997
PB2|PP755596.1|A/cattle/Texas/24-008749-003/2024(H5N1)	1740	995
PB2|PP755596.1|A/cattle/Texas/24-008749-003/2024(H5N1)	1741	994
PB2|PP755596.1|A/cattle/Texas/24-008749-003/2024(H5N1)	1742	1001
PB2|PP755596.1|A/cattle/Texas/24-008749-003/2024(H5N1)	1743	1001
PB2|PP755596.1|A/cattle/Texas/24-008749-003/2024(H5N1)	1744	1018
PB2|PP755596.1|A/cattle/Texas/24-008749-003/2024(H5N1)	1745	1048
PB2|PP755596.1|A/cattle/Texas/24-008749-003/2024(H5N1)	1746	1039
PB2|PP755596.1|A/cattle/Texas/24-008749-003/2024(H5N1)	1747	1034
PB2|PP755596.1|A/cattle/Texas/24-008749-003/2024(H5N1)	1748	1034
PB2|PP755596.1|A/cattle/Texas/24-008749-003/2024(H5N1)	1749	1034
PB2|PP755596.1|A/cattle/Texas/24-008749-003/2024(H5N1)	1750	1038
PB2|PP755596.1|A/cattle/Texas/24-008749-003/2024(H5N1)	1751	1042
PB2|PP755596.1|A/cattle/Texas/24-008749-003/2024(H5N1)	1752	1093
PB2|PP755596.1|A/cattle/Texas/24-008749-003/2024(H5N1)	1753	1090
PB2|PP755596.1|A/cattle/Texas/24-008749-003/2024(H5N1)	1754	1061
PB2|PP755596.1|A/cattle/Texas/24-008749-003/2024(H5N1)	1755	1061
PB2|PP755596.1|A/cattle/Texas/24-008749-003/2024(H5N1)	1756	1073
PB2|PP755596.1|A/cattle/Texas/24-008749-003/2024(H5N1)	1757	1066
PB2|PP755596.1|A/cattle/Texas/24-008749-003/2024(H5N1)	1758	1066
PB2|PP755596.1|A/cattle/Texas/24-008749-003/2024(H5N1)	1759	1064
PB2|PP755596.1|A/cattle/Texas/24-008749-003/2024(H5N1)	1760	1063
PB2|PP755596.1|A/cattle/Texas/24-008749-003/2024(H5N1)	1761	1055
PB2|PP755596.1|A/cattle/Texas/24-008749-003/2024(H5N1)	1762	1057
PB2|PP755596.1|A/cattle/Texas/24-008749-003/2024(H5N1)	1763	1074
PB2|PP755596.1|A/cattle/Texas/24-008749-003/2024(H5N1)	1764	1062
PB2|PP755596.1|A/cattle/Texas/24-008749-003/2024(H5N1)	1765	1062
PB2|PP755596.1|A/cattle/Texas/24-008749-003/2024(H5N1)	1766	1069
PB2|PP755596.1|A/cattle/Texas/24-008749-003/2024(H5N1)	1767	1069
PB2|PP755596.1|A/cattle/Texas/24-008749-003/2024(H5N1)	1768	1166
PB2|PP755596.1|A/cattle/Texas/24-008749-003/2024(H5N1)	1769	1175
PB2|PP755596.1|A/cattle/Texas/24-008749-003/2024(H5N1)	1770	1171
PB2|PP755596.1|A/cattle/Texas/24-008749-003/2024(H5N1)	1771	1169
PB2|PP755596.1|A/cattle/Texas/24-008749-003/2024(H5N1)	1772	1173
PB2|PP755596.1|A/cattle/Texas/24-008749-003/2024(H5N1)	1773	1174
PB2|PP755596.1|A/cattle/Texas/24-008749-003/2024(H5N1)	1774	1181
PB2|PP755596.1|A/cattle/Texas/24-008749-003/2024(H5N1)	1775	1179
PB2|PP755596.1|A/cattle/Texas/24-008749-003/2024(H5N1)	1776	1189
PB2|PP755596.1|A/cattle/Texas/24-008749-003/2024(H5N1)	1777	1129
PB2|PP755596.1|A/cattle/Texas/24-008749-003/2024(H5N1)	1778	1120
PB2|PP755596.1|A/cattle/Texas/24-008749-003/2024(H5N1)	1779	1119
PB2|PP755596.1|A/cattle/Texas/24-008749-003/2024(H5N1)	1780	1136
PB2|PP755596.1|A/cattle/Texas/24-008749-003/2024(H5N1)	1781	1137
PB2|PP755596.1|A/cattle/Texas/24-008749-003/2024(H5N1)	1782	1148
PB2|PP755596.1|A/cattle/Texas/24-008749-003/2024(H5N1)	1783	1173
PB2|PP755596.1|A/cattle/Texas/24-008749-003/2024(H5N1)	1784	1133
PB2|PP755596.1|A/cattle/Texas/24-008749-003/2024(H5N1)	1785	1142
PB2|PP755596.1|A/cattle/Texas/24-008749-003/2024(H5N1)	1786	1142
PB2|PP755596.1|A/cattle/Texas/24-008749-003/2024(H5N1)	1787	1142
PB2|PP755596.1|A/cattle/Texas/24-008749-003/2024(H5N1)	1788	1143
PB2|PP755596.1|A/cattle/Texas/24-008749-003/2024(H5N1)	1789	1083
PB2|PP755596.1|A/cattle/Texas/24-008749-003/2024(H5N1)	1790	1100
PB2|PP755596.1|A/cattle/Texas/24-008749-003/2024(H5N1)	1791	1100
PB2|PP755596.1|A/cattle/Texas/24-008749-003/2024(H5N1)	1792	1120
PB2|PP755596.1|A/cattle/Texas/24-008749-003/2024(H5N1)	1793	1084
PB2|PP755596.1|A/cattle/Texas/24-008749-003/2024(H5N1)	1794	1083
PB2|PP755596.1|A/cattle/Texas/24-008749-003/2024(H5N1)	1795	1102
PB2|PP755596.1|A/cattle/Texas/24-008749-003/2024(H5N1)	1796	1099
PB2|PP755596.1|A/cattle/Texas/24-008749-003/2024(H5N1)	1797	1113
PB2|PP755596.1|A/cattle/Texas/24-008749-003/2024(H5N1)	1798	1113
PB2|PP755596.1|A/cattle/Texas/24-008749-003/2024(H5N1)	1799	1110
PB2|PP755596.1|A/cattle/Texas/24-008749-003/2024(H5N1)	1800	1111
PB2|PP755596.1|A/cattle/Texas/24-008749-003/2024(H5N1)	1801	1111
PB2|PP755596.1|A/cattle/Texas/24-008749-003/2024(H5N1)	1802	1104
PB2|PP755596.1|A/cattle/Texas/24-008749-003/2024(H5N1)	1803	1112
PB2|PP755596.1|A/cattle/Texas/24-008749-003/2024(H5N1)	1804	1122
PB2|PP755596.1|A/cattle/Texas/24-008749-003/2024(H5N1)	1805	1111
PB2|PP755596.1|A/cattle/Texas/24-008749-003/2024(H5N1)	1806	1107
PB2|PP755596.1|A/cattle/Texas/24-008749-003/2024(H5N1)	1807	1108
PB2|PP755596.1|A/cattle/Texas/24-008749-003/2024(H5N1)	1808	1125
PB2|PP755596.1|A/cattle/Texas/24-008749-003/2024(H5N1)	1809	1125
PB2|PP755596.1|A/cattle/Texas/24-008749-003/2024(H5N1)	1810	1116
PB2|PP755596.1|A/cattle/Texas/24-008749-003/2024(H5N1)	1811	1121
PB2|PP755596.1|A/cattle/Texas/24-008749-003/2024(H5N1)	1812	1134
PB2|PP755596.1|A/cattle/Texas/24-008749-003/2024(H5N1)	1813	1134
PB2|PP755596.1|A/cattle/Texas/24-008749-003/2024(H5N1)	1814	1154
PB2|PP755596.1|A/cattle/Texas/24-008749-003/2024(H5N1)	1815	1157
PB2|PP755596.1|A/cattle/Texas/24-008749-003/2024(H5N1)	1816	1168
PB2|PP755596.1|A/cattle/Texas/24-008749-003/2024(H5N1)	1817	1174
PB2|PP755596.1|A/cattle/Texas/24-008749-003/2024(H5N1)	1818	1192
PB2|PP755596.1|A/cattle/Texas/24-008749-003/2024(H5N1)	1819	1186
PB2|PP755596.1|A/cattle/Texas/24-008749-003/2024(H5N1)	1820	1184
PB2|PP755596.1|A/cattle/Texas/24-008749-003/2024(H5N1)	1821	1194
PB2|PP755596.1|A/cattle/Texas/24-008749-003/2024(H5N1)	1822	1203
PB2|PP755596.1|A/cattle/Texas/24-008749-003/2024(H5N1)	1823	1207
PB2|PP755596.1|A/cattle/Texas/24-008749-003/2024(H5N1)	1824	1214
PB2|PP755596.1|A/cattle/Texas/24-008749-003/2024(H5N1)	1825	1209
PB2|PP755596.1|A/cattle/Texas/24-008749-003/2024(H5N1)	1826	1220
PB2|PP755596.1|A/cattle/Texas/24-008749-003/2024(H5N1)	1827	1273
PB2|PP755596.1|A/cattle/Texas/24-008749-003/2024(H5N1)	1828	1279
PB2|PP755596.1|A/cattle/Texas/24-008749-003/2024(H5N1)	1829	1272
PB2|PP755596.1|A/cattle/Texas/24-008749-003/2024(H5N1)	1830	1272
PB2|PP755596.1|A/cattle/Texas/24-008749-003/2024(H5N1)	1831	1274
PB2|PP755596.1|A/cattle/Texas/24-008749-003/2024(H5N1)	1832	1306
PB2|PP755596.1|A/cattle/Texas/24-008749-003/2024(H5N1)	1833	1305
PB2|PP755596.1|A/cattle/Texas/24-008749-003/2024(H5N1)	1834	1301
PB2|PP755596.1|A/cattle/Texas/24-008749-003/2024(H5N1)	1835	1308
PB2|PP755596.1|A/cattle/Texas/24-008749-003/2024(H5N1)	1836	1277
PB2|PP755596.1|A/cattle/Texas/24-008749-003/2024(H5N1)	1837	1380
PB2|PP755596.1|A/cattle/Texas/24-008749-003/2024(H5N1)	1838	1380
PB2|PP755596.1|A/cattle/Texas/24-008749-003/2024(H5N1)	1839	1410
PB2|PP755596.1|A/cattle/Texas/24-008749-003/2024(H5N1)	1840	1410
PB2|PP755596.1|A/cattle/Texas/24-008749-003/2024(H5N1)	1841	1399
PB2|PP755596.1|A/cattle/Texas/24-008749-003/2024(H5N1)	1842	1384
PB2|PP755596.1|A/cattle/Texas/24-008749-003/2024(H5N1)	1843	1403
PB2|PP755596.1|A/cattle/Texas/24-008749-003/2024(H5N1)	1844	1417
PB2|PP755596.1|A/cattle/Texas/24-008749-003/2024(H5N1)	1845	1410
PB2|PP755596.1|A/cattle/Texas/24-008749-003/2024(H5N1)	1846	1388
PB2|PP755596.1|A/cattle/Texas/24-008749-003/2024(H5N1)	1847	1389
PB2|PP755596.1|A/cattle/Texas/24-008749-003/2024(H5N1)	1848	1389
PB2|PP755596.1|A/cattle/Texas/24-008749-003/2024(H5N1)	1849	1408
PB2|PP755596.1|A/cattle/Texas/24-008749-003/2024(H5N1)	1850	1412
PB2|PP755596.1|A/cattle/Texas/24-008749-003/2024(H5N1)	1851	1398
PB2|PP755596.1|A/cattle/Texas/24-008749-003/2024(H5N1)	1852	1399
PB2|PP755596.1|A/cattle/Texas/24-008749-003/2024(H5N1)	1853	1377
PB2|PP755596.1|A/cattle/Texas/24-008749-003/2024(H5N1)	1854	1377
PB2|PP755596.1|A/cattle/Texas/24-008749-003/2024(H5N1)	1855	1374
PB2|PP755596.1|A/cattle/Texas/24-008749-003/2024(H5N1)	1856	1374
PB2|PP755596.1|A/cattle/Texas/24-008749-003/2024(H5N1)	1857	1404
PB2|PP755596.1|A/cattle/Texas/24-008749-003/2024(H5N1)	1858	1370
PB2|PP755596.1|A/cattle/Texas/24-008749-003/2024(H5N1)	1859	1378
PB2|PP755596.1|A/cattle/Texas/24-008749-003/2024(H5N1)	1860	1368
PB2|PP755596.1|A/cattle/Texas/24-008749-003/2024(H5N1)	1861	1345
PB2|PP755596.1|A/cattle/Texas/24-008749-003/2024(H5N1)	1862	1348
PB2|PP755596.1|A/cattle/Texas/24-008749-003/2024(H5N1)	1863	1346
PB2|PP755596.1|A/cattle/Texas/24-008749-003/2024(H5N1)	1864	1309
PB2|PP755596.1|A/cattle/Texas/24-008749-003/2024(H5N1)	1865	1314
PB2|PP755596.1|A/cattle/Texas/24-008749-003/2024(H5N1)	1866	1302
PB2|PP755596.1|A/cattle/Texas/24-008749-003/2024(H5N1)	1867	1301
PB2|PP755596.1|A/cattle/Texas/24-008749-003/2024(H5N1)	1868	1300
PB2|PP755596.1|A/cattle/Texas/24-008749-003/2024(H5N1)	1869	1299
PB2|PP755596.1|A/cattle/Texas/24-008749-003/2024(H5N1)	1870	1305
PB2|PP755596.1|A/cattle/Texas/24-008749-003/2024(H5N1)	1871	1298
PB2|PP755596.1|A/cattle/Texas/24-008749-003/2024(H5N1)	1872	1298
PB2|PP755596.1|A/cattle/Texas/24-008749-003/2024(H5N1)	1873	1314
PB2|PP755596.1|A/cattle/Texas/24-008749-003/2024(H5N1)	1874	1313
PB2|PP755596.1|A/cattle/Texas/24-008749-003/2024(H5N1)	1875	1317
PB2|PP755596.1|A/cattle/Texas/24-008749-003/2024(H5N1)	1876	1316
PB2|PP755596.1|A/cattle/Texas/24-008749-003/2024(H5N1)	1877	1325
PB2|PP755596.1|A/cattle/Texas/24-008749-003/2024(H5N1)	1878	1325
PB2|PP755596.1|A/cattle/Texas/24-008749-003/2024(H5N1)	1879	1347
PB2|PP755596.1|A/cattle/Texas/24-008749-003/2024(H5N1)	1880	1343
PB2|PP755596.1|A/cattle/Texas/24-008749-003/2024(H5N1)	1881	1348
PB2|PP755596.1|A/cattle/Texas/24-008749-003/2024(H5N1)	1882	1344
PB2|PP755596.1|A/cattle/Texas/24-008749-003/2024(H5N1)	1883	1335
PB2|PP755596.1|A/cattle/Texas/24-008749-003/2024(H5N1)	1884	1346
PB2|PP755596.1|A/cattle/Texas/24-008749-003/2024(H5N1)	1885	1346
PB2|PP755596.1|A/cattle/Texas/24-008749-003/2024(H5N1)	1886	1362
PB2|PP755596.1|A/cattle/Texas/24-008749-003/2024(H5N1)	1887	1364
PB2|PP755596.1|A/cattle/Texas/24-008749-003/2024(H5N1)	1888	1324
PB2|PP755596.1|A/cattle/Texas/24-008749-003/2024(H5N1)	1889	1325
PB2|PP755596.1|A/cattle/Texas/24-008749-003/2024(H5N1)	1890	1325
PB2|PP755596.1|A/cattle/Texas/24-008749-003/2024(H5N1)	1891	1369
PB2|PP755596.1|A/cattle/Texas/24-008749-003/2024(H5N1)	1892	1391
PB2|PP755596.1|A/cattle/Texas/24-008749-003/2024(H5N1)	1893	1378
PB2|PP755596.1|A/cattle/Texas/24-008749-003/2024(H5N1)	1894	1384
PB2|PP755596.1|A/cattle/Texas/24-008749-003/2024(H5N1)	1895	1368
PB2|PP755596.1|A/cattle/Texas/24-008749-003/2024(H5N1)	1896	1362
PB2|PP755596.1|A/cattle/Texas/24-008749-003/2024(H5N1)	1897	1362
PB2|PP755596.1|A/cattle/Texas/24-008749-003/2024(H5N1)	1898	1366
PB2|PP755596.1|A/cattle/Texas/24-008749-003/2024(H5N1)	1899	1367
PB2|PP755596.1|A/cattle/Texas/24-008749-003/2024(H5N1)	1900	1344
PB2|PP755596.1|A/cattle/Texas/24-008749-003/2024(H5N1)	1901	1350
PB2|PP755596.1|A/cattle/Texas/24-008749-003/2024(H5N1)	1902	1308
PB2|PP755596.1|A/cattle/Texas/24-008749-003/2024(H5N1)	1903	1306
PB2|PP755596.1|A/cattle/Texas/24-008749-003/2024(H5N1)	1904	1315
PB2|PP755596.1|A/cattle/Texas/24-008749-003/2024(H5N1)	1905	1309
PB2|PP755596.1|A/cattle/Texas/24-008749-003/2024(H5N1)	1906	1317
PB2|PP755596.1|A/cattle/Texas/24-008749-003/2024(H5N1)	1907	1301
PB2|PP755596.1|A/cattle/Texas/24-008749-003/2024(H5N1)	1908	1304
PB2|PP755596.1|A/cattle/Texas/24-008749-003/2024(H5N1)	1909	1315
PB2|PP755596.1|A/cattle/Texas/24-008749-003/2024(H5N1)	1910	1322
PB2|PP755596.1|A/cattle/Texas/24-008749-003/2024(H5N1)	1911	1330
PB2|PP755596.1|A/cattle/Texas/24-008749-003/2024(H5N1)	1912	1336
PB2|PP755596.1|A/cattle/Texas/24-008749-003/2024(H5N1)	1913	1329
PB2|PP755596.1|A/cattle/Texas/24-008749-003/2024(H5N1)	1914	1341
PB2|PP755596.1|A/cattle/Texas/24-008749-003/2024(H5N1)	1915	1343
PB2|PP755596.1|A/cattle/Texas/24-008749-003/2024(H5N1)	1916	1353
PB2|PP755596.1|A/cattle/Texas/24-008749-003/2024(H5N1)	1917	1370
PB2|PP755596.1|A/cattle/Texas/24-008749-003/2024(H5N1)	1918	1370
PB2|PP755596.1|A/cattle/Texas/24-008749-003/2024(H5N1)	1919	1478
PB2|PP755596.1|A/cattle/Texas/24-008749-003/2024(H5N1)	1920	1496
PB2|PP755596.1|A/cattle/Texas/24-008749-003/2024(H5N1)	1921	1501
PB2|PP755596.1|A/cattle/Texas/24-008749-003/2024(H5N1)	1922	2073
PB2|PP755596.1|A/cattle/Texas/24-008749-003/2024(H5N1)	1923	2076
PB2|PP755596.1|A/cattle/Texas/24-008749-003/2024(H5N1)	1924	2055
PB2|PP755596.1|A/cattle/Texas/24-008749-003/2024(H5N1)	1925	2141
PB2|PP755596.1|A/cattle/Texas/24-008749-003/2024(H5N1)	1926	2171
PB2|PP755596.1|A/cattle/Texas/24-008749-003/2024(H5N1)	1927	2171
PB2|PP755596.1|A/cattle/Texas/24-008749-003/2024(H5N1)	1928	2168
PB2|PP755596.1|A/cattle/Texas/24-008749-003/2024(H5N1)	1929	2164
PB2|PP755596.1|A/cattle/Texas/24-008749-003/2024(H5N1)	1930	2207
PB2|PP755596.1|A/cattle/Texas/24-008749-003/2024(H5N1)	1931	2195
PB2|PP755596.1|A/cattle/Texas/24-008749-003/2024(H5N1)	1932	2195
PB2|PP755596.1|A/cattle/Texas/24-008749-003/2024(H5N1)	1933	2192
PB2|PP755596.1|A/cattle/Texas/24-008749-003/2024(H5N1)	1934	2178
PB2|PP755596.1|A/cattle/Texas/24-008749-003/2024(H5N1)	1935	2180
PB2|PP755596.1|A/cattle/Texas/24-008749-003/2024(H5N1)	1936	2179
PB2|PP755596.1|A/cattle/Texas/24-008749-003/2024(H5N1)	1937	2207
PB2|PP755596.1|A/cattle/Texas/24-008749-003/2024(H5N1)	1938	2210
PB2|PP755596.1|A/cattle/Texas/24-008749-003/2024(H5N1)	1939	2200
PB2|PP755596.1|A/cattle/Texas/24-008749-003/2024(H5N1)	1940	2199
PB2|PP755596.1|A/cattle/Texas/24-008749-003/2024(H5N1)	1941	2191
PB2|PP755596.1|A/cattle/Texas/24-008749-003/2024(H5N1)	1942	2185
PB2|PP755596.1|A/cattle/Texas/24-008749-003/2024(H5N1)	1943	2160
PB2|PP755596.1|A/cattle/Texas/24-008749-003/2024(H5N1)	1944	2216
PB2|PP755596.1|A/cattle/Texas/24-008749-003/2024(H5N1)	1945	2220
PB2|PP755596.1|A/cattle/Texas/24-008749-003/2024(H5N1)	1946	2238
PB2|PP755596.1|A/cattle/Texas/24-008749-003/2024(H5N1)	1947	2245
PB2|PP755596.1|A/cattle/Texas/24-008749-003/2024(H5N1)	1948	2229
PB2|PP755596.1|A/cattle/Texas/24-008749-003/2024(H5N1)	1949	2233
PB2|PP755596.1|A/cattle/Texas/24-008749-003/2024(H5N1)	1950	2249
PB2|PP755596.1|A/cattle/Texas/24-008749-003/2024(H5N1)	1951	2249
PB2|PP755596.1|A/cattle/Texas/24-008749-003/2024(H5N1)	1952	2251
PB2|PP755596.1|A/cattle/Texas/24-008749-003/2024(H5N1)	1953	2248
PB2|PP755596.1|A/cattle/Texas/24-008749-003/2024(H5N1)	1954	2238
PB2|PP755596.1|A/cattle/Texas/24-008749-003/2024(H5N1)	1955	2291
PB2|PP755596.1|A/cattle/Texas/24-008749-003/2024(H5N1)	1956	2319
PB2|PP755596.1|A/cattle/Texas/24-008749-003/2024(H5N1)	1957	2321
PB2|PP755596.1|A/cattle/Texas/24-008749-003/2024(H5N1)	1958	2329
PB2|PP755596.1|A/cattle/Texas/24-008749-003/2024(H5N1)	1959	2328
PB2|PP755596.1|A/cattle/Texas/24-008749-003/2024(H5N1)	1960	2334
PB2|PP755596.1|A/cattle/Texas/24-008749-003/2024(H5N1)	1961	2324
PB2|PP755596.1|A/cattle/Texas/24-008749-003/2024(H5N1)	1962	2307
PB2|PP755596.1|A/cattle/Texas/24-008749-003/2024(H5N1)	1963	2336
PB2|PP755596.1|A/cattle/Texas/24-008749-003/2024(H5N1)	1964	2339
PB2|PP755596.1|A/cattle/Texas/24-008749-003/2024(H5N1)	1965	2382
PB2|PP755596.1|A/cattle/Texas/24-008749-003/2024(H5N1)	1966	2423
PB2|PP755596.1|A/cattle/Texas/24-008749-003/2024(H5N1)	1967	2442
PB2|PP755596.1|A/cattle/Texas/24-008749-003/2024(H5N1)	1968	2392
PB2|PP755596.1|A/cattle/Texas/24-008749-003/2024(H5N1)	1969	2391
PB2|PP755596.1|A/cattle/Texas/24-008749-003/2024(H5N1)	1970	2411
PB2|PP755596.1|A/cattle/Texas/24-008749-003/2024(H5N1)	1971	2407
PB2|PP755596.1|A/cattle/Texas/24-008749-003/2024(H5N1)	1972	2658
PB2|PP755596.1|A/cattle/Texas/24-008749-003/2024(H5N1)	1973	2654
PB2|PP755596.1|A/cattle/Texas/24-008749-003/2024(H5N1)	1974	2682
PB2|PP755596.1|A/cattle/Texas/24-008749-003/2024(H5N1)	1975	2680
PB2|PP755596.1|A/cattle/Texas/24-008749-003/2024(H5N1)	1976	2671
PB2|PP755596.1|A/cattle/Texas/24-008749-003/2024(H5N1)	1977	2667
PB2|PP755596.1|A/cattle/Texas/24-008749-003/2024(H5N1)	1978	2655
PB2|PP755596.1|A/cattle/Texas/24-008749-003/2024(H5N1)	1979	2643
PB2|PP755596.1|A/cattle/Texas/24-008749-003/2024(H5N1)	1980	2654
PB2|PP755596.1|A/cattle/Texas/24-008749-003/2024(H5N1)	1981	2706
PB2|PP755596.1|A/cattle/Texas/24-008749-003/2024(H5N1)	1982	2697
PB2|PP755596.1|A/cattle/Texas/24-008749-003/2024(H5N1)	1983	2650
PB2|PP755596.1|A/cattle/Texas/24-008749-003/2024(H5N1)	1984	2696
PB2|PP755596.1|A/cattle/Texas/24-008749-003/2024(H5N1)	1985	2699
PB2|PP755596.1|A/cattle/Texas/24-008749-003/2024(H5N1)	1986	2686
PB2|PP755596.1|A/cattle/Texas/24-008749-003/2024(H5N1)	1987	2767
PB2|PP755596.1|A/cattle/Texas/24-008749-003/2024(H5N1)	1988	2683
PB2|PP755596.1|A/cattle/Texas/24-008749-003/2024(H5N1)	1989	2691
PB2|PP755596.1|A/cattle/Texas/24-008749-003/2024(H5N1)	1990	2648
PB2|PP755596.1|A/cattle/Texas/24-008749-003/2024(H5N1)	1991	2699
PB2|PP755596.1|A/cattle/Texas/24-008749-003/2024(H5N1)	1992	2688
PB2|PP755596.1|A/cattle/Texas/24-008749-003/2024(H5N1)	1993	2676
PB2|PP755596.1|A/cattle/Texas/24-008749-003/2024(H5N1)	1994	2696
PB2|PP755596.1|A/cattle/Texas/24-008749-003/2024(H5N1)	1995	2698
PB2|PP755596.1|A/cattle/Texas/24-008749-003/2024(H5N1)	1996	2697
PB2|PP755596.1|A/cattle/Texas/24-008749-003/2024(H5N1)	1997	2669
PB2|PP755596.1|A/cattle/Texas/24-008749-003/2024(H5N1)	1998	2660
PB2|PP755596.1|A/cattle/Texas/24-008749-003/2024(H5N1)	1999	2711
PB2|PP755596.1|A/cattle/Texas/24-008749-003/2024(H5N1)	2000	2691
PB2|PP755596.1|A/cattle/Texas/24-008749-003/2024(H5N1)	2001	2680
PB2|PP755596.1|A/cattle/Texas/24-008749-003/2024(H5N1)	2002	2664
PB2|PP755596.1|A/cattle/Texas/24-008749-003/2024(H5N1)	2003	2658
PB2|PP755596.1|A/cattle/Texas/24-008749-003/2024(H5N1)	2004	2656
PB2|PP755596.1|A/cattle/Texas/24-008749-003/2024(H5N1)	2005	3125
PB2|PP755596.1|A/cattle/Texas/24-008749-003/2024(H5N1)	2006	3136
PB2|PP755596.1|A/cattle/Texas/24-008749-003/2024(H5N1)	2007	3158
PB2|PP755596.1|A/cattle/Texas/24-008749-003/2024(H5N1)	2008	3123
PB2|PP755596.1|A/cattle/Texas/24-008749-003/2024(H5N1)	2009	3111
PB2|PP755596.1|A/cattle/Texas/24-008749-003/2024(H5N1)	2010	3104
PB2|PP755596.1|A/cattle/Texas/24-008749-003/2024(H5N1)	2011	3091
PB2|PP755596.1|A/cattle/Texas/24-008749-003/2024(H5N1)	2012	3107
PB2|PP755596.1|A/cattle/Texas/24-008749-003/2024(H5N1)	2013	3109
PB2|PP755596.1|A/cattle/Texas/24-008749-003/2024(H5N1)	2014	3141
PB2|PP755596.1|A/cattle/Texas/24-008749-003/2024(H5N1)	2015	3148
PB2|PP755596.1|A/cattle/Texas/24-008749-003/2024(H5N1)	2016	3144
PB2|PP755596.1|A/cattle/Texas/24-008749-003/2024(H5N1)	2017	3173
PB2|PP755596.1|A/cattle/Texas/24-008749-003/2024(H5N1)	2018	3221
PB2|PP755596.1|A/cattle/Texas/24-008749-003/2024(H5N1)	2019	3635
PB2|PP755596.1|A/cattle/Texas/24-008749-003/2024(H5N1)	2020	3651
PB2|PP755596.1|A/cattle/Texas/24-008749-003/2024(H5N1)	2021	3752
PB2|PP755596.1|A/cattle/Texas/24-008749-003/2024(H5N1)	2022	3752
PB2|PP755596.1|A/cattle/Texas/24-008749-003/2024(H5N1)	2023	3770
PB2|PP755596.1|A/cattle/Texas/24-008749-003/2024(H5N1)	2024	3730
PB2|PP755596.1|A/cattle/Texas/24-008749-003/2024(H5N1)	2025	3736
PB2|PP755596.1|A/cattle/Texas/24-008749-003/2024(H5N1)	2026	3753
PB2|PP755596.1|A/cattle/Texas/24-008749-003/2024(H5N1)	2027	3775
PB2|PP755596.1|A/cattle/Texas/24-008749-003/2024(H5N1)	2028	3801
PB2|PP755596.1|A/cattle/Texas/24-008749-003/2024(H5N1)	2029	3792
PB2|PP755596.1|A/cattle/Texas/24-008749-003/2024(H5N1)	2030	3777
PB2|PP755596.1|A/cattle/Texas/24-008749-003/2024(H5N1)	2031	3777
PB2|PP755596.1|A/cattle/Texas/24-008749-003/2024(H5N1)	2032	3773
PB2|PP755596.1|A/cattle/Texas/24-008749-003/2024(H5N1)	2033	3859
PB2|PP755596.1|A/cattle/Texas/24-008749-003/2024(H5N1)	2034	3836
PB2|PP755596.1|A/cattle/Texas/24-008749-003/2024(H5N1)	2035	3826
PB2|PP755596.1|A/cattle/Texas/24-008749-003/2024(H5N1)	2036	3789
PB2|PP755596.1|A/cattle/Texas/24-008749-003/2024(H5N1)	2037	3785
PB2|PP755596.1|A/cattle/Texas/24-008749-003/2024(H5N1)	2038	3849
PB2|PP755596.1|A/cattle/Texas/24-008749-003/2024(H5N1)	2039	3934
PB2|PP755596.1|A/cattle/Texas/24-008749-003/2024(H5N1)	2040	3936
PB2|PP755596.1|A/cattle/Texas/24-008749-003/2024(H5N1)	2041	3926
PB2|PP755596.1|A/cattle/Texas/24-008749-003/2024(H5N1)	2042	3890
PB2|PP755596.1|A/cattle/Texas/24-008749-003/2024(H5N1)	2043	3896
PB2|PP755596.1|A/cattle/Texas/24-008749-003/2024(H5N1)	2044	3903
PB2|PP755596.1|A/cattle/Texas/24-008749-003/2024(H5N1)	2045	3969
PB2|PP755596.1|A/cattle/Texas/24-008749-003/2024(H5N1)	2046	4048
PB2|PP755596.1|A/cattle/Texas/24-008749-003/2024(H5N1)	2047	4037
PB2|PP755596.1|A/cattle/Texas/24-008749-003/2024(H5N1)	2048	4051
PB2|PP755596.1|A/cattle/Texas/24-008749-003/2024(H5N1)	2049	4053
PB2|PP755596.1|A/cattle/Texas/24-008749-003/2024(H5N1)	2050	4080
PB2|PP755596.1|A/cattle/Texas/24-008749-003/2024(H5N1)	2051	4112
PB2|PP755596.1|A/cattle/Texas/24-008749-003/2024(H5N1)	2052	4159
PB2|PP755596.1|A/cattle/Texas/24-008749-003/2024(H5N1)	2053	4203
PB2|PP755596.1|A/cattle/Texas/24-008749-003/2024(H5N1)	2054	4243
PB2|PP755596.1|A/cattle/Texas/24-008749-003/2024(H5N1)	2055	4239
PB2|PP755596.1|A/cattle/Texas/24-008749-003/2024(H5N1)	2056	4226
PB2|PP755596.1|A/cattle/Texas/24-008749-003/2024(H5N1)	2057	4240
PB2|PP755596.1|A/cattle/Texas/24-008749-003/2024(H5N1)	2058	4249
PB2|PP755596.1|A/cattle/Texas/24-008749-003/2024(H5N1)	2059	4248
PB2|PP755596.1|A/cattle/Texas/24-008749-003/2024(H5N1)	2060	4232
PB2|PP755596.1|A/cattle/Texas/24-008749-003/2024(H5N1)	2061	4351
PB2|PP755596.1|A/cattle/Texas/24-008749-003/2024(H5N1)	2062	4300
PB2|PP755596.1|A/cattle/Texas/24-008749-003/2024(H5N1)	2063	4268
PB2|PP755596.1|A/cattle/Texas/24-008749-003/2024(H5N1)	2064	4799
PB2|PP755596.1|A/cattle/Texas/24-008749-003/2024(H5N1)	2065	4795
PB2|PP755596.1|A/cattle/Texas/24-008749-003/2024(H5N1)	2066	4773
PB2|PP755596.1|A/cattle/Texas/24-008749-003/2024(H5N1)	2067	5222
PB2|PP755596.1|A/cattle/Texas/24-008749-003/2024(H5N1)	2068	5281
PB2|PP755596.1|A/cattle/Texas/24-008749-003/2024(H5N1)	2069	5289
PB2|PP755596.1|A/cattle/Texas/24-008749-003/2024(H5N1)	2070	5298
PB2|PP755596.1|A/cattle/Texas/24-008749-003/2024(H5N1)	2071	5299
PB2|PP755596.1|A/cattle/Texas/24-008749-003/2024(H5N1)	2072	5280
PB2|PP755596.1|A/cattle/Texas/24-008749-003/2024(H5N1)	2073	5257
PB2|PP755596.1|A/cattle/Texas/24-008749-003/2024(H5N1)	2074	5251
PB2|PP755596.1|A/cattle/Texas/24-008749-003/2024(H5N1)	2075	5235
PB2|PP755596.1|A/cattle/Texas/24-008749-003/2024(H5N1)	2076	5265
PB2|PP755596.1|A/cattle/Texas/24-008749-003/2024(H5N1)	2077	5258
PB2|PP755596.1|A/cattle/Texas/24-008749-003/2024(H5N1)	2078	5276
PB2|PP755596.1|A/cattle/Texas/24-008749-003/2024(H5N1)	2079	5351
PB2|PP755596.1|A/cattle/Texas/24-008749-003/2024(H5N1)	2080	5763
PB2|PP755596.1|A/cattle/Texas/24-008749-003/2024(H5N1)	2081	5728
PB2|PP755596.1|A/cattle/Texas/24-008749-003/2024(H5N1)	2082	5740
PB2|PP755596.1|A/cattle/Texas/24-008749-003/2024(H5N1)	2083	5693
PB2|PP755596.1|A/cattle/Texas/24-008749-003/2024(H5N1)	2084	5708
PB2|PP755596.1|A/cattle/Texas/24-008749-003/2024(H5N1)	2085	5714
PB2|PP755596.1|A/cattle/Texas/24-008749-003/2024(H5N1)	2086	5988
PB2|PP755596.1|A/cattle/Texas/24-008749-003/2024(H5N1)	2087	5984
PB2|PP755596.1|A/cattle/Texas/24-008749-003/2024(H5N1)	2088	6147
PB2|PP755596.1|A/cattle/Texas/24-008749-003/2024(H5N1)	2089	6141
PB2|PP755596.1|A/cattle/Texas/24-008749-003/2024(H5N1)	2090	6137
PB2|PP755596.1|A/cattle/Texas/24-008749-003/2024(H5N1)	2091	6160
PB2|PP755596.1|A/cattle/Texas/24-008749-003/2024(H5N1)	2092	6164
PB2|PP755596.1|A/cattle/Texas/24-008749-003/2024(H5N1)	2093	6574
PB2|PP755596.1|A/cattle/Texas/24-008749-003/2024(H5N1)	2094	6503
PB2|PP755596.1|A/cattle/Texas/24-008749-003/2024(H5N1)	2095	6493
PB2|PP755596.1|A/cattle/Texas/24-008749-003/2024(H5N1)	2096	6675
PB2|PP755596.1|A/cattle/Texas/24-008749-003/2024(H5N1)	2097	6674
PB2|PP755596.1|A/cattle/Texas/24-008749-003/2024(H5N1)	2098	6829
PB2|PP755596.1|A/cattle/Texas/24-008749-003/2024(H5N1)	2099	12703
PB2|PP755596.1|A/cattle/Texas/24-008749-003/2024(H5N1)	2100	12703
PB2|PP755596.1|A/cattle/Texas/24-008749-003/2024(H5N1)	2101	12904
PB2|PP755596.1|A/cattle/Texas/24-008749-003/2024(H5N1)	2102	12916
PB2|PP755596.1|A/cattle/Texas/24-008749-003/2024(H5N1)	2103	12937
PB2|PP755596.1|A/cattle/Texas/24-008749-003/2024(H5N1)	2104	12948
PB2|PP755596.1|A/cattle/Texas/24-008749-003/2024(H5N1)	2105	12946
PB2|PP755596.1|A/cattle/Texas/24-008749-003/2024(H5N1)	2106	13047
PB2|PP755596.1|A/cattle/Texas/24-008749-003/2024(H5N1)	2107	13123
PB2|PP755596.1|A/cattle/Texas/24-008749-003/2024(H5N1)	2108	13161
PB2|PP755596.1|A/cattle/Texas/24-008749-003/2024(H5N1)	2109	13555
PB2|PP755596.1|A/cattle/Texas/24-008749-003/2024(H5N1)	2110	13549
PB2|PP755596.1|A/cattle/Texas/24-008749-003/2024(H5N1)	2111	17130
PB2|PP755596.1|A/cattle/Texas/24-008749-003/2024(H5N1)	2112	19296
PB2|PP755596.1|A/cattle/Texas/24-008749-003/2024(H5N1)	2113	19353
PB2|PP755596.1|A/cattle/Texas/24-008749-003/2024(H5N1)	2114	19991
PB2|PP755596.1|A/cattle/Texas/24-008749-003/2024(H5N1)	2115	19940
PB2|PP755596.1|A/cattle/Texas/24-008749-003/2024(H5N1)	2116	20146
PB2|PP755596.1|A/cattle/Texas/24-008749-003/2024(H5N1)	2117	20114
PB2|PP755596.1|A/cattle/Texas/24-008749-003/2024(H5N1)	2118	20007
PB2|PP755596.1|A/cattle/Texas/24-008749-003/2024(H5N1)	2119	20246
PB2|PP755596.1|A/cattle/Texas/24-008749-003/2024(H5N1)	2120	20229
PB2|PP755596.1|A/cattle/Texas/24-008749-003/2024(H5N1)	2121	20240
PB2|PP755596.1|A/cattle/Texas/24-008749-003/2024(H5N1)	2122	20171
PB2|PP755596.1|A/cattle/Texas/24-008749-003/2024(H5N1)	2123	19689
PB2|PP755596.1|A/cattle/Texas/24-008749-003/2024(H5N1)	2124	19827
PB2|PP755596.1|A/cattle/Texas/24-008749-003/2024(H5N1)	2125	19842
PB2|PP755596.1|A/cattle/Texas/24-008749-003/2024(H5N1)	2126	19973
PB2|PP755596.1|A/cattle/Texas/24-008749-003/2024(H5N1)	2127	20241
PB2|PP755596.1|A/cattle/Texas/24-008749-003/2024(H5N1)	2128	20491
PB2|PP755596.1|A/cattle/Texas/24-008749-003/2024(H5N1)	2129	20681
PB2|PP755596.1|A/cattle/Texas/24-008749-003/2024(H5N1)	2130	20920
PB2|PP755596.1|A/cattle/Texas/24-008749-003/2024(H5N1)	2131	20961
PB2|PP755596.1|A/cattle/Texas/24-008749-003/2024(H5N1)	2132	21776
PB2|PP755596.1|A/cattle/Texas/24-008749-003/2024(H5N1)	2133	21875
PB2|PP755596.1|A/cattle/Texas/24-008749-003/2024(H5N1)	2134	21979
PB2|PP755596.1|A/cattle/Texas/24-008749-003/2024(H5N1)	2135	21860
PB2|PP755596.1|A/cattle/Texas/24-008749-003/2024(H5N1)	2136	21905
PB2|PP755596.1|A/cattle/Texas/24-008749-003/2024(H5N1)	2137	21911
PB2|PP755596.1|A/cattle/Texas/24-008749-003/2024(H5N1)	2138	22476
PB2|PP755596.1|A/cattle/Texas/24-008749-003/2024(H5N1)	2139	22569
PB2|PP755596.1|A/cattle/Texas/24-008749-003/2024(H5N1)	2140	22537
PB2|PP755596.1|A/cattle/Texas/24-008749-003/2024(H5N1)	2141	22541
PB2|PP755596.1|A/cattle/Texas/24-008749-003/2024(H5N1)	2142	22671
PB2|PP755596.1|A/cattle/Texas/24-008749-003/2024(H5N1)	2143	22574
PB2|PP755596.1|A/cattle/Texas/24-008749-003/2024(H5N1)	2144	22556
PB2|PP755596.1|A/cattle/Texas/24-008749-003/2024(H5N1)	2145	22489
PB2|PP755596.1|A/cattle/Texas/24-008749-003/2024(H5N1)	2146	21882
PB2|PP755596.1|A/cattle/Texas/24-008749-003/2024(H5N1)	2147	21884
PB2|PP755596.1|A/cattle/Texas/24-008749-003/2024(H5N1)	2148	22748
PB2|PP755596.1|A/cattle/Texas/24-008749-003/2024(H5N1)	2149	23029
PB2|PP755596.1|A/cattle/Texas/24-008749-003/2024(H5N1)	2150	23090
PB2|PP755596.1|A/cattle/Texas/24-008749-003/2024(H5N1)	2151	23092
PB2|PP755596.1|A/cattle/Texas/24-008749-003/2024(H5N1)	2152	23077
PB2|PP755596.1|A/cattle/Texas/24-008749-003/2024(H5N1)	2153	22057
PB2|PP755596.1|A/cattle/Texas/24-008749-003/2024(H5N1)	2154	21723
PB2|PP755596.1|A/cattle/Texas/24-008749-003/2024(H5N1)	2155	21805
PB2|PP755596.1|A/cattle/Texas/24-008749-003/2024(H5N1)	2156	22030
PB2|PP755596.1|A/cattle/Texas/24-008749-003/2024(H5N1)	2157	21904
PB2|PP755596.1|A/cattle/Texas/24-008749-003/2024(H5N1)	2158	21935
PB2|PP755596.1|A/cattle/Texas/24-008749-003/2024(H5N1)	2159	21937
PB2|PP755596.1|A/cattle/Texas/24-008749-003/2024(H5N1)	2160	21947
PB2|PP755596.1|A/cattle/Texas/24-008749-003/2024(H5N1)	2161	22630
PB2|PP755596.1|A/cattle/Texas/24-008749-003/2024(H5N1)	2162	22700
PB2|PP755596.1|A/cattle/Texas/24-008749-003/2024(H5N1)	2163	22694
PB2|PP755596.1|A/cattle/Texas/24-008749-003/2024(H5N1)	2164	26719
PB2|PP755596.1|A/cattle/Texas/24-008749-003/2024(H5N1)	2165	27055
PB2|PP755596.1|A/cattle/Texas/24-008749-003/2024(H5N1)	2166	27022
PB2|PP755596.1|A/cattle/Texas/24-008749-003/2024(H5N1)	2167	26978
PB2|PP755596.1|A/cattle/Texas/24-008749-003/2024(H5N1)	2168	27314
PB2|PP755596.1|A/cattle/Texas/24-008749-003/2024(H5N1)	2169	26844
PB2|PP755596.1|A/cattle/Texas/24-008749-003/2024(H5N1)	2170	26881
PB2|PP755596.1|A/cattle/Texas/24-008749-003/2024(H5N1)	2171	26453
PB2|PP755596.1|A/cattle/Texas/24-008749-003/2024(H5N1)	2172	26308
PB2|PP755596.1|A/cattle/Texas/24-008749-003/2024(H5N1)	2173	26072
PB2|PP755596.1|A/cattle/Texas/24-008749-003/2024(H5N1)	2174	25997
PB2|PP755596.1|A/cattle/Texas/24-008749-003/2024(H5N1)	2175	26077
PB2|PP755596.1|A/cattle/Texas/24-008749-003/2024(H5N1)	2176	26022
PB2|PP755596.1|A/cattle/Texas/24-008749-003/2024(H5N1)	2177	25924
PB2|PP755596.1|A/cattle/Texas/24-008749-003/2024(H5N1)	2178	25832
PB2|PP755596.1|A/cattle/Texas/24-008749-003/2024(H5N1)	2179	25719
PB2|PP755596.1|A/cattle/Texas/24-008749-003/2024(H5N1)	2180	25654
PB2|PP755596.1|A/cattle/Texas/24-008749-003/2024(H5N1)	2181	25576
PB2|PP755596.1|A/cattle/Texas/24-008749-003/2024(H5N1)	2182	25603
PB2|PP755596.1|A/cattle/Texas/24-008749-003/2024(H5N1)	2183	25566
PB2|PP755596.1|A/cattle/Texas/24-008749-003/2024(H5N1)	2184	25401
PB2|PP755596.1|A/cattle/Texas/24-008749-003/2024(H5N1)	2185	25362
PB2|PP755596.1|A/cattle/Texas/24-008749-003/2024(H5N1)	2186	25386
PB2|PP755596.1|A/cattle/Texas/24-008749-003/2024(H5N1)	2187	25340
PB2|PP755596.1|A/cattle/Texas/24-008749-003/2024(H5N1)	2188	24790
PB2|PP755596.1|A/cattle/Texas/24-008749-003/2024(H5N1)	2189	24696
PB2|PP755596.1|A/cattle/Texas/24-008749-003/2024(H5N1)	2190	24510
PB2|PP755596.1|A/cattle/Texas/24-008749-003/2024(H5N1)	2191	24486
PB2|PP755596.1|A/cattle/Texas/24-008749-003/2024(H5N1)	2192	24470
PB2|PP755596.1|A/cattle/Texas/24-008749-003/2024(H5N1)	2193	24203
PB2|PP755596.1|A/cattle/Texas/24-008749-003/2024(H5N1)	2194	24297
PB2|PP755596.1|A/cattle/Texas/24-008749-003/2024(H5N1)	2195	23861
PB2|PP755596.1|A/cattle/Texas/24-008749-003/2024(H5N1)	2196	23729
PB2|PP755596.1|A/cattle/Texas/24-008749-003/2024(H5N1)	2197	23226
PB2|PP755596.1|A/cattle/Texas/24-008749-003/2024(H5N1)	2198	23055
PB2|PP755596.1|A/cattle/Texas/24-008749-003/2024(H5N1)	2199	22993
PB2|PP755596.1|A/cattle/Texas/24-008749-003/2024(H5N1)	2200	22914
PB2|PP755596.1|A/cattle/Texas/24-008749-003/2024(H5N1)	2201	22759
PB2|PP755596.1|A/cattle/Texas/24-008749-003/2024(H5N1)	2202	22628
PB2|PP755596.1|A/cattle/Texas/24-008749-003/2024(H5N1)	2203	22485
PB2|PP755596.1|A/cattle/Texas/24-008749-003/2024(H5N1)	2204	22320
PB2|PP755596.1|A/cattle/Texas/24-008749-003/2024(H5N1)	2205	22119
PB2|PP755596.1|A/cattle/Texas/24-008749-003/2024(H5N1)	2206	22045
PB2|PP755596.1|A/cattle/Texas/24-008749-003/2024(H5N1)	2207	21988
PB2|PP755596.1|A/cattle/Texas/24-008749-003/2024(H5N1)	2208	21941
PB2|PP755596.1|A/cattle/Texas/24-008749-003/2024(H5N1)	2209	21798
PB2|PP755596.1|A/cattle/Texas/24-008749-003/2024(H5N1)	2210	21803
PB2|PP755596.1|A/cattle/Texas/24-008749-003/2024(H5N1)	2211	21759
PB2|PP755596.1|A/cattle/Texas/24-008749-003/2024(H5N1)	2212	21679
PB2|PP755596.1|A/cattle/Texas/24-008749-003/2024(H5N1)	2213	21629
PB2|PP755596.1|A/cattle/Texas/24-008749-003/2024(H5N1)	2214	21585
PB2|PP755596.1|A/cattle/Texas/24-008749-003/2024(H5N1)	2215	21552
PB2|PP755596.1|A/cattle/Texas/24-008749-003/2024(H5N1)	2216	21536
PB2|PP755596.1|A/cattle/Texas/24-008749-003/2024(H5N1)	2217	21518
PB2|PP755596.1|A/cattle/Texas/24-008749-003/2024(H5N1)	2218	21468
PB2|PP755596.1|A/cattle/Texas/24-008749-003/2024(H5N1)	2219	21249
PB2|PP755596.1|A/cattle/Texas/24-008749-003/2024(H5N1)	2220	21219
PB2|PP755596.1|A/cattle/Texas/24-008749-003/2024(H5N1)	2221	21142
PB2|PP755596.1|A/cattle/Texas/24-008749-003/2024(H5N1)	2222	21328
PB2|PP755596.1|A/cattle/Texas/24-008749-003/2024(H5N1)	2223	21318
PB2|PP755596.1|A/cattle/Texas/24-008749-003/2024(H5N1)	2224	21316
PB2|PP755596.1|A/cattle/Texas/24-008749-003/2024(H5N1)	2225	21309
PB2|PP755596.1|A/cattle/Texas/24-008749-003/2024(H5N1)	2226	20931
PB2|PP755596.1|A/cattle/Texas/24-008749-003/2024(H5N1)	2227	20905
PB2|PP755596.1|A/cattle/Texas/24-008749-003/2024(H5N1)	2228	20853
PB2|PP755596.1|A/cattle/Texas/24-008749-003/2024(H5N1)	2229	20424
PB2|PP755596.1|A/cattle/Texas/24-008749-003/2024(H5N1)	2230	20464
PB2|PP755596.1|A/cattle/Texas/24-008749-003/2024(H5N1)	2231	18600
PB2|PP755596.1|A/cattle/Texas/24-008749-003/2024(H5N1)	2232	18598
PB2|PP755596.1|A/cattle/Texas/24-008749-003/2024(H5N1)	2233	18362
PB2|PP755596.1|A/cattle/Texas/24-008749-003/2024(H5N1)	2234	18231
PB2|PP755596.1|A/cattle/Texas/24-008749-003/2024(H5N1)	2235	18165
PB2|PP755596.1|A/cattle/Texas/24-008749-003/2024(H5N1)	2236	18166
PB2|PP755596.1|A/cattle/Texas/24-008749-003/2024(H5N1)	2237	17891
PB2|PP755596.1|A/cattle/Texas/24-008749-003/2024(H5N1)	2238	17916
PB2|PP755596.1|A/cattle/Texas/24-008749-003/2024(H5N1)	2239	17076
PB2|PP755596.1|A/cattle/Texas/24-008749-003/2024(H5N1)	2240	17073
PB2|PP755596.1|A/cattle/Texas/24-008749-003/2024(H5N1)	2241	17031
PB2|PP755596.1|A/cattle/Texas/24-008749-003/2024(H5N1)	2242	17004
PB2|PP755596.1|A/cattle/Texas/24-008749-003/2024(H5N1)	2243	16920
PB2|PP755596.1|A/cattle/Texas/24-008749-003/2024(H5N1)	2244	16913
PB2|PP755596.1|A/cattle/Texas/24-008749-003/2024(H5N1)	2245	16884
PB2|PP755596.1|A/cattle/Texas/24-008749-003/2024(H5N1)	2246	16840
PB2|PP755596.1|A/cattle/Texas/24-008749-003/2024(H5N1)	2247	16091
PB2|PP755596.1|A/cattle/Texas/24-008749-003/2024(H5N1)	2248	16064
PB2|PP755596.1|A/cattle/Texas/24-008749-003/2024(H5N1)	2249	15355
PB2|PP755596.1|A/cattle/Texas/24-008749-003/2024(H5N1)	2250	15362
PB2|PP755596.1|A/cattle/Texas/24-008749-003/2024(H5N1)	2251	15341
PB2|PP755596.1|A/cattle/Texas/24-008749-003/2024(H5N1)	2252	15326
PB2|PP755596.1|A/cattle/Texas/24-008749-003/2024(H5N1)	2253	15272
PB2|PP755596.1|A/cattle/Texas/24-008749-003/2024(H5N1)	2254	15238
PB2|PP755596.1|A/cattle/Texas/24-008749-003/2024(H5N1)	2255	15235
PB2|PP755596.1|A/cattle/Texas/24-008749-003/2024(H5N1)	2256	15209
PB2|PP755596.1|A/cattle/Texas/24-008749-003/2024(H5N1)	2257	15094
PB2|PP755596.1|A/cattle/Texas/24-008749-003/2024(H5N1)	2258	15043
PB2|PP755596.1|A/cattle/Texas/24-008749-003/2024(H5N1)	2259	14748
PB2|PP755596.1|A/cattle/Texas/24-008749-003/2024(H5N1)	2260	14659
PB2|PP755596.1|A/cattle/Texas/24-008749-003/2024(H5N1)	2261	14618
PB2|PP755596.1|A/cattle/Texas/24-008749-003/2024(H5N1)	2262	14599
PB2|PP755596.1|A/cattle/Texas/24-008749-003/2024(H5N1)	2263	14570
PB2|PP755596.1|A/cattle/Texas/24-008749-003/2024(H5N1)	2264	14388
PB2|PP755596.1|A/cattle/Texas/24-008749-003/2024(H5N1)	2265	13886
PB2|PP755596.1|A/cattle/Texas/24-008749-003/2024(H5N1)	2266	13885
PB2|PP755596.1|A/cattle/Texas/24-008749-003/2024(H5N1)	2267	13526
PB2|PP755596.1|A/cattle/Texas/24-008749-003/2024(H5N1)	2268	13519
PB2|PP755596.1|A/cattle/Texas/24-008749-003/2024(H5N1)	2269	13477
PB2|PP755596.1|A/cattle/Texas/24-008749-003/2024(H5N1)	2270	13285
PB2|PP755596.1|A/cattle/Texas/24-008749-003/2024(H5N1)	2271	13270
PB2|PP755596.1|A/cattle/Texas/24-008749-003/2024(H5N1)	2272	13240
PB2|PP755596.1|A/cattle/Texas/24-008749-003/2024(H5N1)	2273	13220
PB2|PP755596.1|A/cattle/Texas/24-008749-003/2024(H5N1)	2274	13136
PB2|PP755596.1|A/cattle/Texas/24-008749-003/2024(H5N1)	2275	13130
PB2|PP755596.1|A/cattle/Texas/24-008749-003/2024(H5N1)	2276	13123
PB2|PP755596.1|A/cattle/Texas/24-008749-003/2024(H5N1)	2277	12935
PB2|PP755596.1|A/cattle/Texas/24-008749-003/2024(H5N1)	2278	12644
PB2|PP755596.1|A/cattle/Texas/24-008749-003/2024(H5N1)	2279	12101
PB2|PP755596.1|A/cattle/Texas/24-008749-003/2024(H5N1)	2280	11946
