PB1|PP755595.1|A/cattle/Texas/24-008749-003/2024(H5N1)	1	211
PB1|PP755595.1|A/cattle/Texas/24-008749-003/2024(H5N1)	2	211
PB1|PP755595.1|A/cattle/Texas/24-008749-003/2024(H5N1)	3	211
PB1|PP755595.1|A/cattle/Texas/24-008749-003/2024(H5N1)	4	212
PB1|PP755595.1|A/cattle/Texas/24-008749-003/2024(H5N1)	5	221
PB1|PP755595.1|A/cattle/Texas/24-008749-003/2024(H5N1)	6	227
PB1|PP755595.1|A/cattle/Texas/24-008749-003/2024(H5N1)	7	228
PB1|PP755595.1|A/cattle/Texas/24-008749-003/2024(H5N1)	8	228
PB1|PP755595.1|A/cattle/Texas/24-008749-003/2024(H5N1)	9	237
PB1|PP755595.1|A/cattle/Texas/24-008749-003/2024(H5N1)	10	240
PB1|PP755595.1|A/cattle/Texas/24-008749-003/2024(H5N1)	11	241
PB1|PP755595.1|A/cattle/Texas/24-008749-003/2024(H5N1)	12	241
PB1|PP755595.1|A/cattle/Texas/24-008749-003/2024(H5N1)	13	242
PB1|PP755595.1|A/cattle/Texas/24-008749-003/2024(H5N1)	14	242
PB1|PP755595.1|A/cattle/Texas/24-008749-003/2024(H5N1)	15	245
PB1|PP755595.1|A/cattle/Texas/24-008749-003/2024(H5N1)	16	253
PB1|PP755595.1|A/cattle/Texas/24-008749-003/2024(H5N1)	17	253
PB1|PP755595.1|A/cattle/Texas/24-008749-003/2024(H5N1)	18	253
PB1|PP755595.1|A/cattle/Texas/24-008749-003/2024(H5N1)	19	258
PB1|PP755595.1|A/cattle/Texas/24-008749-003/2024(H5N1)	20	258
PB1|PP755595.1|A/cattle/Texas/24-008749-003/2024(H5N1)	21	258
PB1|PP755595.1|A/cattle/Texas/24-008749-003/2024(H5N1)	22	259
PB1|PP755595.1|A/cattle/Texas/24-008749-003/2024(H5N1)	23	259
PB1|PP755595.1|A/cattle/Texas/24-008749-003/2024(H5N1)	24	258
PB1|PP755595.1|A/cattle/Texas/24-008749-003/2024(H5N1)	25	261
PB1|PP755595.1|A/cattle/Texas/24-008749-003/2024(H5N1)	26	265
PB1|PP755595.1|A/cattle/Texas/24-008749-003/2024(H5N1)	27	266
PB1|PP755595.1|A/cattle/Texas/24-008749-003/2024(H5N1)	28	266
PB1|PP755595.1|A/cattle/Texas/24-008749-003/2024(H5N1)	29	268
PB1|PP755595.1|A/cattle/Texas/24-008749-003/2024(H5N1)	30	241
PB1|PP755595.1|A/cattle/Texas/24-008749-003/2024(H5N1)	31	230
PB1|PP755595.1|A/cattle/Texas/24-008749-003/2024(H5N1)	32	242
PB1|PP755595.1|A/cattle/Texas/24-008749-003/2024(H5N1)	33	242
PB1|PP755595.1|A/cattle/Texas/24-008749-003/2024(H5N1)	34	275
PB1|PP755595.1|A/cattle/Texas/24-008749-003/2024(H5N1)	35	280
PB1|PP755595.1|A/cattle/Texas/24-008749-003/2024(H5N1)	36	280
PB1|PP755595.1|A/cattle/Texas/24-008749-003/2024(H5N1)	37	280
PB1|PP755595.1|A/cattle/Texas/24-008749-003/2024(H5N1)	38	280
PB1|PP755595.1|A/cattle/Texas/24-008749-003/2024(H5N1)	39	280
PB1|PP755595.1|A/cattle/Texas/24-008749-003/2024(H5N1)	40	282
PB1|PP755595.1|A/cattle/Texas/24-008749-003/2024(H5N1)	41	282
PB1|PP755595.1|A/cattle/Texas/24-008749-003/2024(H5N1)	42	282
PB1|PP755595.1|A/cattle/Texas/24-008749-003/2024(H5N1)	43	282
PB1|PP755595.1|A/cattle/Texas/24-008749-003/2024(H5N1)	44	282
PB1|PP755595.1|A/cattle/Texas/24-008749-003/2024(H5N1)	45	282
PB1|PP755595.1|A/cattle/Texas/24-008749-003/2024(H5N1)	46	283
PB1|PP755595.1|A/cattle/Texas/24-008749-003/2024(H5N1)	47	288
PB1|PP755595.1|A/cattle/Texas/24-008749-003/2024(H5N1)	48	300
PB1|PP755595.1|A/cattle/Texas/24-008749-003/2024(H5N1)	49	306
PB1|PP755595.1|A/cattle/Texas/24-008749-003/2024(H5N1)	50	307
PB1|PP755595.1|A/cattle/Texas/24-008749-003/2024(H5N1)	51	309
PB1|PP755595.1|A/cattle/Texas/24-008749-003/2024(H5N1)	52	310
PB1|PP755595.1|A/cattle/Texas/24-008749-003/2024(H5N1)	53	310
PB1|PP755595.1|A/cattle/Texas/24-008749-003/2024(H5N1)	54	319
PB1|PP755595.1|A/cattle/Texas/24-008749-003/2024(H5N1)	55	319
PB1|PP755595.1|A/cattle/Texas/24-008749-003/2024(H5N1)	56	324
PB1|PP755595.1|A/cattle/Texas/24-008749-003/2024(H5N1)	57	327
PB1|PP755595.1|A/cattle/Texas/24-008749-003/2024(H5N1)	58	327
PB1|PP755595.1|A/cattle/Texas/24-008749-003/2024(H5N1)	59	335
PB1|PP755595.1|A/cattle/Texas/24-008749-003/2024(H5N1)	60	337
PB1|PP755595.1|A/cattle/Texas/24-008749-003/2024(H5N1)	61	342
PB1|PP755595.1|A/cattle/Texas/24-008749-003/2024(H5N1)	62	343
PB1|PP755595.1|A/cattle/Texas/24-008749-003/2024(H5N1)	63	341
PB1|PP755595.1|A/cattle/Texas/24-008749-003/2024(H5N1)	64	356
PB1|PP755595.1|A/cattle/Texas/24-008749-003/2024(H5N1)	65	357
PB1|PP755595.1|A/cattle/Texas/24-008749-003/2024(H5N1)	66	398
PB1|PP755595.1|A/cattle/Texas/24-008749-003/2024(H5N1)	67	398
PB1|PP755595.1|A/cattle/Texas/24-008749-003/2024(H5N1)	68	398
PB1|PP755595.1|A/cattle/Texas/24-008749-003/2024(H5N1)	69	403
PB1|PP755595.1|A/cattle/Texas/24-008749-003/2024(H5N1)	70	404
PB1|PP755595.1|A/cattle/Texas/24-008749-003/2024(H5N1)	71	416
PB1|PP755595.1|A/cattle/Texas/24-008749-003/2024(H5N1)	72	418
PB1|PP755595.1|A/cattle/Texas/24-008749-003/2024(H5N1)	73	423
PB1|PP755595.1|A/cattle/Texas/24-008749-003/2024(H5N1)	74	425
PB1|PP755595.1|A/cattle/Texas/24-008749-003/2024(H5N1)	75	423
PB1|PP755595.1|A/cattle/Texas/24-008749-003/2024(H5N1)	76	427
PB1|PP755595.1|A/cattle/Texas/24-008749-003/2024(H5N1)	77	430
PB1|PP755595.1|A/cattle/Texas/24-008749-003/2024(H5N1)	78	425
PB1|PP755595.1|A/cattle/Texas/24-008749-003/2024(H5N1)	79	425
PB1|PP755595.1|A/cattle/Texas/24-008749-003/2024(H5N1)	80	430
PB1|PP755595.1|A/cattle/Texas/24-008749-003/2024(H5N1)	81	438
PB1|PP755595.1|A/cattle/Texas/24-008749-003/2024(H5N1)	82	456
PB1|PP755595.1|A/cattle/Texas/24-008749-003/2024(H5N1)	83	456
PB1|PP755595.1|A/cattle/Texas/24-008749-003/2024(H5N1)	84	458
PB1|PP755595.1|A/cattle/Texas/24-008749-003/2024(H5N1)	85	485
PB1|PP755595.1|A/cattle/Texas/24-008749-003/2024(H5N1)	86	487
PB1|PP755595.1|A/cattle/Texas/24-008749-003/2024(H5N1)	87	488
PB1|PP755595.1|A/cattle/Texas/24-008749-003/2024(H5N1)	88	488
PB1|PP755595.1|A/cattle/Texas/24-008749-003/2024(H5N1)	89	488
PB1|PP755595.1|A/cattle/Texas/24-008749-003/2024(H5N1)	90	489
PB1|PP755595.1|A/cattle/Texas/24-008749-003/2024(H5N1)	91	489
PB1|PP755595.1|A/cattle/Texas/24-008749-003/2024(H5N1)	92	493
PB1|PP755595.1|A/cattle/Texas/24-008749-003/2024(H5N1)	93	500
PB1|PP755595.1|A/cattle/Texas/24-008749-003/2024(H5N1)	94	497
PB1|PP755595.1|A/cattle/Texas/24-008749-003/2024(H5N1)	95	499
PB1|PP755595.1|A/cattle/Texas/24-008749-003/2024(H5N1)	96	503
PB1|PP755595.1|A/cattle/Texas/24-008749-003/2024(H5N1)	97	503
PB1|PP755595.1|A/cattle/Texas/24-008749-003/2024(H5N1)	98	509
PB1|PP755595.1|A/cattle/Texas/24-008749-003/2024(H5N1)	99	512
PB1|PP755595.1|A/cattle/Texas/24-008749-003/2024(H5N1)	100	512
PB1|PP755595.1|A/cattle/Texas/24-008749-003/2024(H5N1)	101	510
PB1|PP755595.1|A/cattle/Texas/24-008749-003/2024(H5N1)	102	505
PB1|PP755595.1|A/cattle/Texas/24-008749-003/2024(H5N1)	103	509
PB1|PP755595.1|A/cattle/Texas/24-008749-003/2024(H5N1)	104	533
PB1|PP755595.1|A/cattle/Texas/24-008749-003/2024(H5N1)	105	535
PB1|PP755595.1|A/cattle/Texas/24-008749-003/2024(H5N1)	106	535
PB1|PP755595.1|A/cattle/Texas/24-008749-003/2024(H5N1)	107	536
PB1|PP755595.1|A/cattle/Texas/24-008749-003/2024(H5N1)	108	537
PB1|PP755595.1|A/cattle/Texas/24-008749-003/2024(H5N1)	109	563
PB1|PP755595.1|A/cattle/Texas/24-008749-003/2024(H5N1)	110	568
PB1|PP755595.1|A/cattle/Texas/24-008749-003/2024(H5N1)	111	572
PB1|PP755595.1|A/cattle/Texas/24-008749-003/2024(H5N1)	112	559
PB1|PP755595.1|A/cattle/Texas/24-008749-003/2024(H5N1)	113	547
PB1|PP755595.1|A/cattle/Texas/24-008749-003/2024(H5N1)	114	540
PB1|PP755595.1|A/cattle/Texas/24-008749-003/2024(H5N1)	115	545
PB1|PP755595.1|A/cattle/Texas/24-008749-003/2024(H5N1)	116	547
PB1|PP755595.1|A/cattle/Texas/24-008749-003/2024(H5N1)	117	545
PB1|PP755595.1|A/cattle/Texas/24-008749-003/2024(H5N1)	118	542
PB1|PP755595.1|A/cattle/Texas/24-008749-003/2024(H5N1)	119	545
PB1|PP755595.1|A/cattle/Texas/24-008749-003/2024(H5N1)	120	546
PB1|PP755595.1|A/cattle/Texas/24-008749-003/2024(H5N1)	121	472
PB1|PP755595.1|A/cattle/Texas/24-008749-003/2024(H5N1)	122	459
PB1|PP755595.1|A/cattle/Texas/24-008749-003/2024(H5N1)	123	456
PB1|PP755595.1|A/cattle/Texas/24-008749-003/2024(H5N1)	124	456
PB1|PP755595.1|A/cattle/Texas/24-008749-003/2024(H5N1)	125	459
PB1|PP755595.1|A/cattle/Texas/24-008749-003/2024(H5N1)	126	460
PB1|PP755595.1|A/cattle/Texas/24-008749-003/2024(H5N1)	127	420
PB1|PP755595.1|A/cattle/Texas/24-008749-003/2024(H5N1)	128	408
PB1|PP755595.1|A/cattle/Texas/24-008749-003/2024(H5N1)	129	407
PB1|PP755595.1|A/cattle/Texas/24-008749-003/2024(H5N1)	130	415
PB1|PP755595.1|A/cattle/Texas/24-008749-003/2024(H5N1)	131	410
PB1|PP755595.1|A/cattle/Texas/24-008749-003/2024(H5N1)	132	406
PB1|PP755595.1|A/cattle/Texas/24-008749-003/2024(H5N1)	133	406
PB1|PP755595.1|A/cattle/Texas/24-008749-003/2024(H5N1)	134	413
PB1|PP755595.1|A/cattle/Texas/24-008749-003/2024(H5N1)	135	405
PB1|PP755595.1|A/cattle/Texas/24-008749-003/2024(H5N1)	136	407
PB1|PP755595.1|A/cattle/Texas/24-008749-003/2024(H5N1)	137	397
PB1|PP755595.1|A/cattle/Texas/24-008749-003/2024(H5N1)	138	396
PB1|PP755595.1|A/cattle/Texas/24-008749-003/2024(H5N1)	139	401
PB1|PP755595.1|A/cattle/Texas/24-008749-003/2024(H5N1)	140	403
PB1|PP755595.1|A/cattle/Texas/24-008749-003/2024(H5N1)	141	405
PB1|PP755595.1|A/cattle/Texas/24-008749-003/2024(H5N1)	142	405
PB1|PP755595.1|A/cattle/Texas/24-008749-003/2024(H5N1)	143	404
PB1|PP755595.1|A/cattle/Texas/24-008749-003/2024(H5N1)	144	394
PB1|PP755595.1|A/cattle/Texas/24-008749-003/2024(H5N1)	145	390
PB1|PP755595.1|A/cattle/Texas/24-008749-003/2024(H5N1)	146	388
PB1|PP755595.1|A/cattle/Texas/24-008749-003/2024(H5N1)	147	390
PB1|PP755595.1|A/cattle/Texas/24-008749-003/2024(H5N1)	148	385
PB1|PP755595.1|A/cattle/Texas/24-008749-003/2024(H5N1)	149	384
PB1|PP755595.1|A/cattle/Texas/24-008749-003/2024(H5N1)	150	362
PB1|PP755595.1|A/cattle/Texas/24-008749-003/2024(H5N1)	151	363
PB1|PP755595.1|A/cattle/Texas/24-008749-003/2024(H5N1)	152	367
PB1|PP755595.1|A/cattle/Texas/24-008749-003/2024(H5N1)	153	365
PB1|PP755595.1|A/cattle/Texas/24-008749-003/2024(H5N1)	154	364
PB1|PP755595.1|A/cattle/Texas/24-008749-003/2024(H5N1)	155	358
PB1|PP755595.1|A/cattle/Texas/24-008749-003/2024(H5N1)	156	335
PB1|PP755595.1|A/cattle/Texas/24-008749-003/2024(H5N1)	157	337
PB1|PP755595.1|A/cattle/Texas/24-008749-003/2024(H5N1)	158	320
PB1|PP755595.1|A/cattle/Texas/24-008749-003/2024(H5N1)	159	305
PB1|PP755595.1|A/cattle/Texas/24-008749-003/2024(H5N1)	160	302
PB1|PP755595.1|A/cattle/Texas/24-008749-003/2024(H5N1)	161	300
PB1|PP755595.1|A/cattle/Texas/24-008749-003/2024(H5N1)	162	299
PB1|PP755595.1|A/cattle/Texas/24-008749-003/2024(H5N1)	163	300
PB1|PP755595.1|A/cattle/Texas/24-008749-003/2024(H5N1)	164	299
PB1|PP755595.1|A/cattle/Texas/24-008749-003/2024(H5N1)	165	293
PB1|PP755595.1|A/cattle/Texas/24-008749-003/2024(H5N1)	166	277
PB1|PP755595.1|A/cattle/Texas/24-008749-003/2024(H5N1)	167	275
PB1|PP755595.1|A/cattle/Texas/24-008749-003/2024(H5N1)	168	275
PB1|PP755595.1|A/cattle/Texas/24-008749-003/2024(H5N1)	169	275
PB1|PP755595.1|A/cattle/Texas/24-008749-003/2024(H5N1)	170	274
PB1|PP755595.1|A/cattle/Texas/24-008749-003/2024(H5N1)	171	274
PB1|PP755595.1|A/cattle/Texas/24-008749-003/2024(H5N1)	172	273
PB1|PP755595.1|A/cattle/Texas/24-008749-003/2024(H5N1)	173	273
PB1|PP755595.1|A/cattle/Texas/24-008749-003/2024(H5N1)	174	270
PB1|PP755595.1|A/cattle/Texas/24-008749-003/2024(H5N1)	175	271
PB1|PP755595.1|A/cattle/Texas/24-008749-003/2024(H5N1)	176	269
PB1|PP755595.1|A/cattle/Texas/24-008749-003/2024(H5N1)	177	269
PB1|PP755595.1|A/cattle/Texas/24-008749-003/2024(H5N1)	178	272
PB1|PP755595.1|A/cattle/Texas/24-008749-003/2024(H5N1)	179	273
PB1|PP755595.1|A/cattle/Texas/24-008749-003/2024(H5N1)	180	274
PB1|PP755595.1|A/cattle/Texas/24-008749-003/2024(H5N1)	181	275
PB1|PP755595.1|A/cattle/Texas/24-008749-003/2024(H5N1)	182	273
PB1|PP755595.1|A/cattle/Texas/24-008749-003/2024(H5N1)	183	262
PB1|PP755595.1|A/cattle/Texas/24-008749-003/2024(H5N1)	184	261
PB1|PP755595.1|A/cattle/Texas/24-008749-003/2024(H5N1)	185	262
PB1|PP755595.1|A/cattle/Texas/24-008749-003/2024(H5N1)	186	258
PB1|PP755595.1|A/cattle/Texas/24-008749-003/2024(H5N1)	187	260
PB1|PP755595.1|A/cattle/Texas/24-008749-003/2024(H5N1)	188	261
PB1|PP755595.1|A/cattle/Texas/24-008749-003/2024(H5N1)	189	261
PB1|PP755595.1|A/cattle/Texas/24-008749-003/2024(H5N1)	190	265
PB1|PP755595.1|A/cattle/Texas/24-008749-003/2024(H5N1)	191	265
PB1|PP755595.1|A/cattle/Texas/24-008749-003/2024(H5N1)	192	265
PB1|PP755595.1|A/cattle/Texas/24-008749-003/2024(H5N1)	193	265
PB1|PP755595.1|A/cattle/Texas/24-008749-003/2024(H5N1)	194	266
PB1|PP755595.1|A/cattle/Texas/24-008749-003/2024(H5N1)	195	267
PB1|PP755595.1|A/cattle/Texas/24-008749-003/2024(H5N1)	196	267
PB1|PP755595.1|A/cattle/Texas/24-008749-003/2024(H5N1)	197	266
PB1|PP755595.1|A/cattle/Texas/24-008749-003/2024(H5N1)	198	267
PB1|PP755595.1|A/cattle/Texas/24-008749-003/2024(H5N1)	199	258
PB1|PP755595.1|A/cattle/Texas/24-008749-003/2024(H5N1)	200	255
PB1|PP755595.1|A/cattle/Texas/24-008749-003/2024(H5N1)	201	256
PB1|PP755595.1|A/cattle/Texas/24-008749-003/2024(H5N1)	202	255
PB1|PP755595.1|A/cattle/Texas/24-008749-003/2024(H5N1)	203	256
PB1|PP755595.1|A/cattle/Texas/24-008749-003/2024(H5N1)	204	255
PB1|PP755595.1|A/cattle/Texas/24-008749-003/2024(H5N1)	205	256
PB1|PP755595.1|A/cattle/Texas/24-008749-003/2024(H5N1)	206	258
PB1|PP755595.1|A/cattle/Texas/24-008749-003/2024(H5N1)	207	258
PB1|PP755595.1|A/cattle/Texas/24-008749-003/2024(H5N1)	208	241
PB1|PP755595.1|A/cattle/Texas/24-008749-003/2024(H5N1)	209	123
PB1|PP755595.1|A/cattle/Texas/24-008749-003/2024(H5N1)	210	110
PB1|PP755595.1|A/cattle/Texas/24-008749-003/2024(H5N1)	211	110
PB1|PP755595.1|A/cattle/Texas/24-008749-003/2024(H5N1)	212	95
PB1|PP755595.1|A/cattle/Texas/24-008749-003/2024(H5N1)	213	95
PB1|PP755595.1|A/cattle/Texas/24-008749-003/2024(H5N1)	214	94
PB1|PP755595.1|A/cattle/Texas/24-008749-003/2024(H5N1)	215	91
PB1|PP755595.1|A/cattle/Texas/24-008749-003/2024(H5N1)	216	89
PB1|PP755595.1|A/cattle/Texas/24-008749-003/2024(H5N1)	217	84
PB1|PP755595.1|A/cattle/Texas/24-008749-003/2024(H5N1)	218	61
PB1|PP755595.1|A/cattle/Texas/24-008749-003/2024(H5N1)	219	61
PB1|PP755595.1|A/cattle/Texas/24-008749-003/2024(H5N1)	220	48
PB1|PP755595.1|A/cattle/Texas/24-008749-003/2024(H5N1)	221	47
PB1|PP755595.1|A/cattle/Texas/24-008749-003/2024(H5N1)	222	70
PB1|PP755595.1|A/cattle/Texas/24-008749-003/2024(H5N1)	223	70
PB1|PP755595.1|A/cattle/Texas/24-008749-003/2024(H5N1)	224	71
PB1|PP755595.1|A/cattle/Texas/24-008749-003/2024(H5N1)	225	72
PB1|PP755595.1|A/cattle/Texas/24-008749-003/2024(H5N1)	226	78
PB1|PP755595.1|A/cattle/Texas/24-008749-003/2024(H5N1)	227	79
PB1|PP755595.1|A/cattle/Texas/24-008749-003/2024(H5N1)	228	79
PB1|PP755595.1|A/cattle/Texas/24-008749-003/2024(H5N1)	229	79
PB1|PP755595.1|A/cattle/Texas/24-008749-003/2024(H5N1)	230	79
PB1|PP755595.1|A/cattle/Texas/24-008749-003/2024(H5N1)	231	79
PB1|PP755595.1|A/cattle/Texas/24-008749-003/2024(H5N1)	232	79
PB1|PP755595.1|A/cattle/Texas/24-008749-003/2024(H5N1)	233	80
PB1|PP755595.1|A/cattle/Texas/24-008749-003/2024(H5N1)	234	82
PB1|PP755595.1|A/cattle/Texas/24-008749-003/2024(H5N1)	235	82
PB1|PP755595.1|A/cattle/Texas/24-008749-003/2024(H5N1)	236	82
PB1|PP755595.1|A/cattle/Texas/24-008749-003/2024(H5N1)	237	84
PB1|PP755595.1|A/cattle/Texas/24-008749-003/2024(H5N1)	238	84
PB1|PP755595.1|A/cattle/Texas/24-008749-003/2024(H5N1)	239	84
PB1|PP755595.1|A/cattle/Texas/24-008749-003/2024(H5N1)	240	87
PB1|PP755595.1|A/cattle/Texas/24-008749-003/2024(H5N1)	241	89
PB1|PP755595.1|A/cattle/Texas/24-008749-003/2024(H5N1)	242	89
PB1|PP755595.1|A/cattle/Texas/24-008749-003/2024(H5N1)	243	89
PB1|PP755595.1|A/cattle/Texas/24-008749-003/2024(H5N1)	244	89
PB1|PP755595.1|A/cattle/Texas/24-008749-003/2024(H5N1)	245	86
PB1|PP755595.1|A/cattle/Texas/24-008749-003/2024(H5N1)	246	84
PB1|PP755595.1|A/cattle/Texas/24-008749-003/2024(H5N1)	247	86
PB1|PP755595.1|A/cattle/Texas/24-008749-003/2024(H5N1)	248	86
PB1|PP755595.1|A/cattle/Texas/24-008749-003/2024(H5N1)	249	86
PB1|PP755595.1|A/cattle/Texas/24-008749-003/2024(H5N1)	250	86
PB1|PP755595.1|A/cattle/Texas/24-008749-003/2024(H5N1)	251	86
PB1|PP755595.1|A/cattle/Texas/24-008749-003/2024(H5N1)	252	90
PB1|PP755595.1|A/cattle/Texas/24-008749-003/2024(H5N1)	253	90
PB1|PP755595.1|A/cattle/Texas/24-008749-003/2024(H5N1)	254	84
PB1|PP755595.1|A/cattle/Texas/24-008749-003/2024(H5N1)	255	84
PB1|PP755595.1|A/cattle/Texas/24-008749-003/2024(H5N1)	256	85
PB1|PP755595.1|A/cattle/Texas/24-008749-003/2024(H5N1)	257	88
PB1|PP755595.1|A/cattle/Texas/24-008749-003/2024(H5N1)	258	86
PB1|PP755595.1|A/cattle/Texas/24-008749-003/2024(H5N1)	259	85
PB1|PP755595.1|A/cattle/Texas/24-008749-003/2024(H5N1)	260	86
PB1|PP755595.1|A/cattle/Texas/24-008749-003/2024(H5N1)	261	86
PB1|PP755595.1|A/cattle/Texas/24-008749-003/2024(H5N1)	262	86
PB1|PP755595.1|A/cattle/Texas/24-008749-003/2024(H5N1)	263	86
PB1|PP755595.1|A/cattle/Texas/24-008749-003/2024(H5N1)	264	85
PB1|PP755595.1|A/cattle/Texas/24-008749-003/2024(H5N1)	265	82
PB1|PP755595.1|A/cattle/Texas/24-008749-003/2024(H5N1)	266	82
PB1|PP755595.1|A/cattle/Texas/24-008749-003/2024(H5N1)	267	80
PB1|PP755595.1|A/cattle/Texas/24-008749-003/2024(H5N1)	268	79
PB1|PP755595.1|A/cattle/Texas/24-008749-003/2024(H5N1)	269	76
PB1|PP755595.1|A/cattle/Texas/24-008749-003/2024(H5N1)	270	76
PB1|PP755595.1|A/cattle/Texas/24-008749-003/2024(H5N1)	271	75
PB1|PP755595.1|A/cattle/Texas/24-008749-003/2024(H5N1)	272	74
PB1|PP755595.1|A/cattle/Texas/24-008749-003/2024(H5N1)	273	74
PB1|PP755595.1|A/cattle/Texas/24-008749-003/2024(H5N1)	274	74
PB1|PP755595.1|A/cattle/Texas/24-008749-003/2024(H5N1)	275	74
PB1|PP755595.1|A/cattle/Texas/24-008749-003/2024(H5N1)	276	73
PB1|PP755595.1|A/cattle/Texas/24-008749-003/2024(H5N1)	277	48
PB1|PP755595.1|A/cattle/Texas/24-008749-003/2024(H5N1)	278	50
PB1|PP755595.1|A/cattle/Texas/24-008749-003/2024(H5N1)	279	50
PB1|PP755595.1|A/cattle/Texas/24-008749-003/2024(H5N1)	280	50
PB1|PP755595.1|A/cattle/Texas/24-008749-003/2024(H5N1)	281	52
PB1|PP755595.1|A/cattle/Texas/24-008749-003/2024(H5N1)	282	56
PB1|PP755595.1|A/cattle/Texas/24-008749-003/2024(H5N1)	283	54
PB1|PP755595.1|A/cattle/Texas/24-008749-003/2024(H5N1)	284	54
PB1|PP755595.1|A/cattle/Texas/24-008749-003/2024(H5N1)	285	54
PB1|PP755595.1|A/cattle/Texas/24-008749-003/2024(H5N1)	286	54
PB1|PP755595.1|A/cattle/Texas/24-008749-003/2024(H5N1)	287	58
PB1|PP755595.1|A/cattle/Texas/24-008749-003/2024(H5N1)	288	58
PB1|PP755595.1|A/cattle/Texas/24-008749-003/2024(H5N1)	289	58
PB1|PP755595.1|A/cattle/Texas/24-008749-003/2024(H5N1)	290	58
PB1|PP755595.1|A/cattle/Texas/24-008749-003/2024(H5N1)	291	59
PB1|PP755595.1|A/cattle/Texas/24-008749-003/2024(H5N1)	292	59
PB1|PP755595.1|A/cattle/Texas/24-008749-003/2024(H5N1)	293	59
PB1|PP755595.1|A/cattle/Texas/24-008749-003/2024(H5N1)	294	59
PB1|PP755595.1|A/cattle/Texas/24-008749-003/2024(H5N1)	295	61
PB1|PP755595.1|A/cattle/Texas/24-008749-003/2024(H5N1)	296	61
PB1|PP755595.1|A/cattle/Texas/24-008749-003/2024(H5N1)	297	52
PB1|PP755595.1|A/cattle/Texas/24-008749-003/2024(H5N1)	298	52
PB1|PP755595.1|A/cattle/Texas/24-008749-003/2024(H5N1)	299	52
PB1|PP755595.1|A/cattle/Texas/24-008749-003/2024(H5N1)	300	52
PB1|PP755595.1|A/cattle/Texas/24-008749-003/2024(H5N1)	301	52
PB1|PP755595.1|A/cattle/Texas/24-008749-003/2024(H5N1)	302	52
PB1|PP755595.1|A/cattle/Texas/24-008749-003/2024(H5N1)	303	53
PB1|PP755595.1|A/cattle/Texas/24-008749-003/2024(H5N1)	304	53
PB1|PP755595.1|A/cattle/Texas/24-008749-003/2024(H5N1)	305	53
PB1|PP755595.1|A/cattle/Texas/24-008749-003/2024(H5N1)	306	54
PB1|PP755595.1|A/cattle/Texas/24-008749-003/2024(H5N1)	307	55
PB1|PP755595.1|A/cattle/Texas/24-008749-003/2024(H5N1)	308	55
PB1|PP755595.1|A/cattle/Texas/24-008749-003/2024(H5N1)	309	55
PB1|PP755595.1|A/cattle/Texas/24-008749-003/2024(H5N1)	310	55
PB1|PP755595.1|A/cattle/Texas/24-008749-003/2024(H5N1)	311	55
PB1|PP755595.1|A/cattle/Texas/24-008749-003/2024(H5N1)	312	55
PB1|PP755595.1|A/cattle/Texas/24-008749-003/2024(H5N1)	313	55
PB1|PP755595.1|A/cattle/Texas/24-008749-003/2024(H5N1)	314	55
PB1|PP755595.1|A/cattle/Texas/24-008749-003/2024(H5N1)	315	55
PB1|PP755595.1|A/cattle/Texas/24-008749-003/2024(H5N1)	316	55
PB1|PP755595.1|A/cattle/Texas/24-008749-003/2024(H5N1)	317	55
PB1|PP755595.1|A/cattle/Texas/24-008749-003/2024(H5N1)	318	55
PB1|PP755595.1|A/cattle/Texas/24-008749-003/2024(H5N1)	319	59
PB1|PP755595.1|A/cattle/Texas/24-008749-003/2024(H5N1)	320	59
PB1|PP755595.1|A/cattle/Texas/24-008749-003/2024(H5N1)	321	59
PB1|PP755595.1|A/cattle/Texas/24-008749-003/2024(H5N1)	322	59
PB1|PP755595.1|A/cattle/Texas/24-008749-003/2024(H5N1)	323	59
PB1|PP755595.1|A/cattle/Texas/24-008749-003/2024(H5N1)	324	59
PB1|PP755595.1|A/cattle/Texas/24-008749-003/2024(H5N1)	325	59
PB1|PP755595.1|A/cattle/Texas/24-008749-003/2024(H5N1)	326	58
PB1|PP755595.1|A/cattle/Texas/24-008749-003/2024(H5N1)	327	59
PB1|PP755595.1|A/cattle/Texas/24-008749-003/2024(H5N1)	328	59
PB1|PP755595.1|A/cattle/Texas/24-008749-003/2024(H5N1)	329	57
PB1|PP755595.1|A/cattle/Texas/24-008749-003/2024(H5N1)	330	55
PB1|PP755595.1|A/cattle/Texas/24-008749-003/2024(H5N1)	331	55
PB1|PP755595.1|A/cattle/Texas/24-008749-003/2024(H5N1)	332	55
PB1|PP755595.1|A/cattle/Texas/24-008749-003/2024(H5N1)	333	55
PB1|PP755595.1|A/cattle/Texas/24-008749-003/2024(H5N1)	334	56
PB1|PP755595.1|A/cattle/Texas/24-008749-003/2024(H5N1)	335	56
PB1|PP755595.1|A/cattle/Texas/24-008749-003/2024(H5N1)	336	55
PB1|PP755595.1|A/cattle/Texas/24-008749-003/2024(H5N1)	337	55
PB1|PP755595.1|A/cattle/Texas/24-008749-003/2024(H5N1)	338	55
PB1|PP755595.1|A/cattle/Texas/24-008749-003/2024(H5N1)	339	54
PB1|PP755595.1|A/cattle/Texas/24-008749-003/2024(H5N1)	340	54
PB1|PP755595.1|A/cattle/Texas/24-008749-003/2024(H5N1)	341	49
PB1|PP755595.1|A/cattle/Texas/24-008749-003/2024(H5N1)	342	49
PB1|PP755595.1|A/cattle/Texas/24-008749-003/2024(H5N1)	343	49
PB1|PP755595.1|A/cattle/Texas/24-008749-003/2024(H5N1)	344	49
PB1|PP755595.1|A/cattle/Texas/24-008749-003/2024(H5N1)	345	49
PB1|PP755595.1|A/cattle/Texas/24-008749-003/2024(H5N1)	346	48
PB1|PP755595.1|A/cattle/Texas/24-008749-003/2024(H5N1)	347	48
PB1|PP755595.1|A/cattle/Texas/24-008749-003/2024(H5N1)	348	48
PB1|PP755595.1|A/cattle/Texas/24-008749-003/2024(H5N1)	349	48
PB1|PP755595.1|A/cattle/Texas/24-008749-003/2024(H5N1)	350	48
PB1|PP755595.1|A/cattle/Texas/24-008749-003/2024(H5N1)	351	48
PB1|PP755595.1|A/cattle/Texas/24-008749-003/2024(H5N1)	352	47
PB1|PP755595.1|A/cattle/Texas/24-008749-003/2024(H5N1)	353	48
PB1|PP755595.1|A/cattle/Texas/24-008749-003/2024(H5N1)	354	47
PB1|PP755595.1|A/cattle/Texas/24-008749-003/2024(H5N1)	355	47
PB1|PP755595.1|A/cattle/Texas/24-008749-003/2024(H5N1)	356	44
PB1|PP755595.1|A/cattle/Texas/24-008749-003/2024(H5N1)	357	44
PB1|PP755595.1|A/cattle/Texas/24-008749-003/2024(H5N1)	358	44
PB1|PP755595.1|A/cattle/Texas/24-008749-003/2024(H5N1)	359	44
PB1|PP755595.1|A/cattle/Texas/24-008749-003/2024(H5N1)	360	44
PB1|PP755595.1|A/cattle/Texas/24-008749-003/2024(H5N1)	361	44
PB1|PP755595.1|A/cattle/Texas/24-008749-003/2024(H5N1)	362	44
PB1|PP755595.1|A/cattle/Texas/24-008749-003/2024(H5N1)	363	44
PB1|PP755595.1|A/cattle/Texas/24-008749-003/2024(H5N1)	364	44
PB1|PP755595.1|A/cattle/Texas/24-008749-003/2024(H5N1)	365	44
PB1|PP755595.1|A/cattle/Texas/24-008749-003/2024(H5N1)	366	44
PB1|PP755595.1|A/cattle/Texas/24-008749-003/2024(H5N1)	367	46
PB1|PP755595.1|A/cattle/Texas/24-008749-003/2024(H5N1)	368	46
PB1|PP755595.1|A/cattle/Texas/24-008749-003/2024(H5N1)	369	46
PB1|PP755595.1|A/cattle/Texas/24-008749-003/2024(H5N1)	370	45
PB1|PP755595.1|A/cattle/Texas/24-008749-003/2024(H5N1)	371	45
PB1|PP755595.1|A/cattle/Texas/24-008749-003/2024(H5N1)	372	45
PB1|PP755595.1|A/cattle/Texas/24-008749-003/2024(H5N1)	373	45
PB1|PP755595.1|A/cattle/Texas/24-008749-003/2024(H5N1)	374	45
PB1|PP755595.1|A/cattle/Texas/24-008749-003/2024(H5N1)	375	44
PB1|PP755595.1|A/cattle/Texas/24-008749-003/2024(H5N1)	376	40
PB1|PP755595.1|A/cattle/Texas/24-008749-003/2024(H5N1)	377	40
PB1|PP755595.1|A/cattle/Texas/24-008749-003/2024(H5N1)	378	39
PB1|PP755595.1|A/cattle/Texas/24-008749-003/2024(H5N1)	379	40
PB1|PP755595.1|A/cattle/Texas/24-008749-003/2024(H5N1)	380	40
PB1|PP755595.1|A/cattle/Texas/24-008749-003/2024(H5N1)	381	40
PB1|PP755595.1|A/cattle/Texas/24-008749-003/2024(H5N1)	382	40
PB1|PP755595.1|A/cattle/Texas/24-008749-003/2024(H5N1)	383	39
PB1|PP755595.1|A/cattle/Texas/24-008749-003/2024(H5N1)	384	39
PB1|PP755595.1|A/cattle/Texas/24-008749-003/2024(H5N1)	385	43
PB1|PP755595.1|A/cattle/Texas/24-008749-003/2024(H5N1)	386	43
PB1|PP755595.1|A/cattle/Texas/24-008749-003/2024(H5N1)	387	44
PB1|PP755595.1|A/cattle/Texas/24-008749-003/2024(H5N1)	388	43
PB1|PP755595.1|A/cattle/Texas/24-008749-003/2024(H5N1)	389	43
PB1|PP755595.1|A/cattle/Texas/24-008749-003/2024(H5N1)	390	43
PB1|PP755595.1|A/cattle/Texas/24-008749-003/2024(H5N1)	391	41
PB1|PP755595.1|A/cattle/Texas/24-008749-003/2024(H5N1)	392	41
PB1|PP755595.1|A/cattle/Texas/24-008749-003/2024(H5N1)	393	42
PB1|PP755595.1|A/cattle/Texas/24-008749-003/2024(H5N1)	394	43
PB1|PP755595.1|A/cattle/Texas/24-008749-003/2024(H5N1)	395	43
PB1|PP755595.1|A/cattle/Texas/24-008749-003/2024(H5N1)	396	43
PB1|PP755595.1|A/cattle/Texas/24-008749-003/2024(H5N1)	397	43
PB1|PP755595.1|A/cattle/Texas/24-008749-003/2024(H5N1)	398	41
PB1|PP755595.1|A/cattle/Texas/24-008749-003/2024(H5N1)	399	40
PB1|PP755595.1|A/cattle/Texas/24-008749-003/2024(H5N1)	400	40
PB1|PP755595.1|A/cattle/Texas/24-008749-003/2024(H5N1)	401	39
PB1|PP755595.1|A/cattle/Texas/24-008749-003/2024(H5N1)	402	38
PB1|PP755595.1|A/cattle/Texas/24-008749-003/2024(H5N1)	403	37
PB1|PP755595.1|A/cattle/Texas/24-008749-003/2024(H5N1)	404	37
PB1|PP755595.1|A/cattle/Texas/24-008749-003/2024(H5N1)	405	37
PB1|PP755595.1|A/cattle/Texas/24-008749-003/2024(H5N1)	406	39
PB1|PP755595.1|A/cattle/Texas/24-008749-003/2024(H5N1)	407	38
PB1|PP755595.1|A/cattle/Texas/24-008749-003/2024(H5N1)	408	38
PB1|PP755595.1|A/cattle/Texas/24-008749-003/2024(H5N1)	409	38
PB1|PP755595.1|A/cattle/Texas/24-008749-003/2024(H5N1)	410	38
PB1|PP755595.1|A/cattle/Texas/24-008749-003/2024(H5N1)	411	38
PB1|PP755595.1|A/cattle/Texas/24-008749-003/2024(H5N1)	412	38
PB1|PP755595.1|A/cattle/Texas/24-008749-003/2024(H5N1)	413	38
PB1|PP755595.1|A/cattle/Texas/24-008749-003/2024(H5N1)	414	38
PB1|PP755595.1|A/cattle/Texas/24-008749-003/2024(H5N1)	415	38
PB1|PP755595.1|A/cattle/Texas/24-008749-003/2024(H5N1)	416	38
PB1|PP755595.1|A/cattle/Texas/24-008749-003/2024(H5N1)	417	38
PB1|PP755595.1|A/cattle/Texas/24-008749-003/2024(H5N1)	418	38
PB1|PP755595.1|A/cattle/Texas/24-008749-003/2024(H5N1)	419	39
PB1|PP755595.1|A/cattle/Texas/24-008749-003/2024(H5N1)	420	39
PB1|PP755595.1|A/cattle/Texas/24-008749-003/2024(H5N1)	421	39
PB1|PP755595.1|A/cattle/Texas/24-008749-003/2024(H5N1)	422	39
PB1|PP755595.1|A/cattle/Texas/24-008749-003/2024(H5N1)	423	38
PB1|PP755595.1|A/cattle/Texas/24-008749-003/2024(H5N1)	424	39
PB1|PP755595.1|A/cattle/Texas/24-008749-003/2024(H5N1)	425	40
PB1|PP755595.1|A/cattle/Texas/24-008749-003/2024(H5N1)	426	40
PB1|PP755595.1|A/cattle/Texas/24-008749-003/2024(H5N1)	427	42
PB1|PP755595.1|A/cattle/Texas/24-008749-003/2024(H5N1)	428	41
PB1|PP755595.1|A/cattle/Texas/24-008749-003/2024(H5N1)	429	44
PB1|PP755595.1|A/cattle/Texas/24-008749-003/2024(H5N1)	430	44
PB1|PP755595.1|A/cattle/Texas/24-008749-003/2024(H5N1)	431	42
PB1|PP755595.1|A/cattle/Texas/24-008749-003/2024(H5N1)	432	42
PB1|PP755595.1|A/cattle/Texas/24-008749-003/2024(H5N1)	433	38
PB1|PP755595.1|A/cattle/Texas/24-008749-003/2024(H5N1)	434	38
PB1|PP755595.1|A/cattle/Texas/24-008749-003/2024(H5N1)	435	38
PB1|PP755595.1|A/cattle/Texas/24-008749-003/2024(H5N1)	436	38
PB1|PP755595.1|A/cattle/Texas/24-008749-003/2024(H5N1)	437	41
PB1|PP755595.1|A/cattle/Texas/24-008749-003/2024(H5N1)	438	35
PB1|PP755595.1|A/cattle/Texas/24-008749-003/2024(H5N1)	439	35
PB1|PP755595.1|A/cattle/Texas/24-008749-003/2024(H5N1)	440	35
PB1|PP755595.1|A/cattle/Texas/24-008749-003/2024(H5N1)	441	36
PB1|PP755595.1|A/cattle/Texas/24-008749-003/2024(H5N1)	442	35
PB1|PP755595.1|A/cattle/Texas/24-008749-003/2024(H5N1)	443	35
PB1|PP755595.1|A/cattle/Texas/24-008749-003/2024(H5N1)	444	35
PB1|PP755595.1|A/cattle/Texas/24-008749-003/2024(H5N1)	445	35
PB1|PP755595.1|A/cattle/Texas/24-008749-003/2024(H5N1)	446	35
PB1|PP755595.1|A/cattle/Texas/24-008749-003/2024(H5N1)	447	34
PB1|PP755595.1|A/cattle/Texas/24-008749-003/2024(H5N1)	448	34
PB1|PP755595.1|A/cattle/Texas/24-008749-003/2024(H5N1)	449	34
PB1|PP755595.1|A/cattle/Texas/24-008749-003/2024(H5N1)	450	34
PB1|PP755595.1|A/cattle/Texas/24-008749-003/2024(H5N1)	451	34
PB1|PP755595.1|A/cattle/Texas/24-008749-003/2024(H5N1)	452	34
PB1|PP755595.1|A/cattle/Texas/24-008749-003/2024(H5N1)	453	33
PB1|PP755595.1|A/cattle/Texas/24-008749-003/2024(H5N1)	454	33
PB1|PP755595.1|A/cattle/Texas/24-008749-003/2024(H5N1)	455	33
PB1|PP755595.1|A/cattle/Texas/24-008749-003/2024(H5N1)	456	33
PB1|PP755595.1|A/cattle/Texas/24-008749-003/2024(H5N1)	457	32
PB1|PP755595.1|A/cattle/Texas/24-008749-003/2024(H5N1)	458	31
PB1|PP755595.1|A/cattle/Texas/24-008749-003/2024(H5N1)	459	31
PB1|PP755595.1|A/cattle/Texas/24-008749-003/2024(H5N1)	460	31
PB1|PP755595.1|A/cattle/Texas/24-008749-003/2024(H5N1)	461	32
PB1|PP755595.1|A/cattle/Texas/24-008749-003/2024(H5N1)	462	34
PB1|PP755595.1|A/cattle/Texas/24-008749-003/2024(H5N1)	463	34
PB1|PP755595.1|A/cattle/Texas/24-008749-003/2024(H5N1)	464	34
PB1|PP755595.1|A/cattle/Texas/24-008749-003/2024(H5N1)	465	34
PB1|PP755595.1|A/cattle/Texas/24-008749-003/2024(H5N1)	466	34
PB1|PP755595.1|A/cattle/Texas/24-008749-003/2024(H5N1)	467	34
PB1|PP755595.1|A/cattle/Texas/24-008749-003/2024(H5N1)	468	34
PB1|PP755595.1|A/cattle/Texas/24-008749-003/2024(H5N1)	469	34
PB1|PP755595.1|A/cattle/Texas/24-008749-003/2024(H5N1)	470	31
PB1|PP755595.1|A/cattle/Texas/24-008749-003/2024(H5N1)	471	33
PB1|PP755595.1|A/cattle/Texas/24-008749-003/2024(H5N1)	472	33
PB1|PP755595.1|A/cattle/Texas/24-008749-003/2024(H5N1)	473	33
PB1|PP755595.1|A/cattle/Texas/24-008749-003/2024(H5N1)	474	33
PB1|PP755595.1|A/cattle/Texas/24-008749-003/2024(H5N1)	475	33
PB1|PP755595.1|A/cattle/Texas/24-008749-003/2024(H5N1)	476	33
PB1|PP755595.1|A/cattle/Texas/24-008749-003/2024(H5N1)	477	33
PB1|PP755595.1|A/cattle/Texas/24-008749-003/2024(H5N1)	478	32
PB1|PP755595.1|A/cattle/Texas/24-008749-003/2024(H5N1)	479	32
PB1|PP755595.1|A/cattle/Texas/24-008749-003/2024(H5N1)	480	32
PB1|PP755595.1|A/cattle/Texas/24-008749-003/2024(H5N1)	481	32
PB1|PP755595.1|A/cattle/Texas/24-008749-003/2024(H5N1)	482	33
PB1|PP755595.1|A/cattle/Texas/24-008749-003/2024(H5N1)	483	33
PB1|PP755595.1|A/cattle/Texas/24-008749-003/2024(H5N1)	484	32
PB1|PP755595.1|A/cattle/Texas/24-008749-003/2024(H5N1)	485	33
PB1|PP755595.1|A/cattle/Texas/24-008749-003/2024(H5N1)	486	34
PB1|PP755595.1|A/cattle/Texas/24-008749-003/2024(H5N1)	487	34
PB1|PP755595.1|A/cattle/Texas/24-008749-003/2024(H5N1)	488	34
PB1|PP755595.1|A/cattle/Texas/24-008749-003/2024(H5N1)	489	34
PB1|PP755595.1|A/cattle/Texas/24-008749-003/2024(H5N1)	490	34
PB1|PP755595.1|A/cattle/Texas/24-008749-003/2024(H5N1)	491	34
PB1|PP755595.1|A/cattle/Texas/24-008749-003/2024(H5N1)	492	34
PB1|PP755595.1|A/cattle/Texas/24-008749-003/2024(H5N1)	493	34
PB1|PP755595.1|A/cattle/Texas/24-008749-003/2024(H5N1)	494	34
PB1|PP755595.1|A/cattle/Texas/24-008749-003/2024(H5N1)	495	34
PB1|PP755595.1|A/cattle/Texas/24-008749-003/2024(H5N1)	496	34
PB1|PP755595.1|A/cattle/Texas/24-008749-003/2024(H5N1)	497	35
PB1|PP755595.1|A/cattle/Texas/24-008749-003/2024(H5N1)	498	36
PB1|PP755595.1|A/cattle/Texas/24-008749-003/2024(H5N1)	499	36
PB1|PP755595.1|A/cattle/Texas/24-008749-003/2024(H5N1)	500	36
PB1|PP755595.1|A/cattle/Texas/24-008749-003/2024(H5N1)	501	36
PB1|PP755595.1|A/cattle/Texas/24-008749-003/2024(H5N1)	502	36
PB1|PP755595.1|A/cattle/Texas/24-008749-003/2024(H5N1)	503	36
PB1|PP755595.1|A/cattle/Texas/24-008749-003/2024(H5N1)	504	35
PB1|PP755595.1|A/cattle/Texas/24-008749-003/2024(H5N1)	505	35
PB1|PP755595.1|A/cattle/Texas/24-008749-003/2024(H5N1)	506	35
PB1|PP755595.1|A/cattle/Texas/24-008749-003/2024(H5N1)	507	35
PB1|PP755595.1|A/cattle/Texas/24-008749-003/2024(H5N1)	508	35
PB1|PP755595.1|A/cattle/Texas/24-008749-003/2024(H5N1)	509	36
PB1|PP755595.1|A/cattle/Texas/24-008749-003/2024(H5N1)	510	36
PB1|PP755595.1|A/cattle/Texas/24-008749-003/2024(H5N1)	511	36
PB1|PP755595.1|A/cattle/Texas/24-008749-003/2024(H5N1)	512	36
PB1|PP755595.1|A/cattle/Texas/24-008749-003/2024(H5N1)	513	36
PB1|PP755595.1|A/cattle/Texas/24-008749-003/2024(H5N1)	514	36
PB1|PP755595.1|A/cattle/Texas/24-008749-003/2024(H5N1)	515	36
PB1|PP755595.1|A/cattle/Texas/24-008749-003/2024(H5N1)	516	36
PB1|PP755595.1|A/cattle/Texas/24-008749-003/2024(H5N1)	517	35
PB1|PP755595.1|A/cattle/Texas/24-008749-003/2024(H5N1)	518	34
PB1|PP755595.1|A/cattle/Texas/24-008749-003/2024(H5N1)	519	34
PB1|PP755595.1|A/cattle/Texas/24-008749-003/2024(H5N1)	520	37
PB1|PP755595.1|A/cattle/Texas/24-008749-003/2024(H5N1)	521	37
PB1|PP755595.1|A/cattle/Texas/24-008749-003/2024(H5N1)	522	37
PB1|PP755595.1|A/cattle/Texas/24-008749-003/2024(H5N1)	523	37
PB1|PP755595.1|A/cattle/Texas/24-008749-003/2024(H5N1)	524	37
PB1|PP755595.1|A/cattle/Texas/24-008749-003/2024(H5N1)	525	37
PB1|PP755595.1|A/cattle/Texas/24-008749-003/2024(H5N1)	526	39
PB1|PP755595.1|A/cattle/Texas/24-008749-003/2024(H5N1)	527	39
PB1|PP755595.1|A/cattle/Texas/24-008749-003/2024(H5N1)	528	39
PB1|PP755595.1|A/cattle/Texas/24-008749-003/2024(H5N1)	529	39
PB1|PP755595.1|A/cattle/Texas/24-008749-003/2024(H5N1)	530	38
PB1|PP755595.1|A/cattle/Texas/24-008749-003/2024(H5N1)	531	37
PB1|PP755595.1|A/cattle/Texas/24-008749-003/2024(H5N1)	532	34
PB1|PP755595.1|A/cattle/Texas/24-008749-003/2024(H5N1)	533	34
PB1|PP755595.1|A/cattle/Texas/24-008749-003/2024(H5N1)	534	33
PB1|PP755595.1|A/cattle/Texas/24-008749-003/2024(H5N1)	535	34
PB1|PP755595.1|A/cattle/Texas/24-008749-003/2024(H5N1)	536	34
PB1|PP755595.1|A/cattle/Texas/24-008749-003/2024(H5N1)	537	34
PB1|PP755595.1|A/cattle/Texas/24-008749-003/2024(H5N1)	538	34
PB1|PP755595.1|A/cattle/Texas/24-008749-003/2024(H5N1)	539	34
PB1|PP755595.1|A/cattle/Texas/24-008749-003/2024(H5N1)	540	35
PB1|PP755595.1|A/cattle/Texas/24-008749-003/2024(H5N1)	541	35
PB1|PP755595.1|A/cattle/Texas/24-008749-003/2024(H5N1)	542	35
PB1|PP755595.1|A/cattle/Texas/24-008749-003/2024(H5N1)	543	34
PB1|PP755595.1|A/cattle/Texas/24-008749-003/2024(H5N1)	544	34
PB1|PP755595.1|A/cattle/Texas/24-008749-003/2024(H5N1)	545	33
PB1|PP755595.1|A/cattle/Texas/24-008749-003/2024(H5N1)	546	33
PB1|PP755595.1|A/cattle/Texas/24-008749-003/2024(H5N1)	547	33
PB1|PP755595.1|A/cattle/Texas/24-008749-003/2024(H5N1)	548	34
PB1|PP755595.1|A/cattle/Texas/24-008749-003/2024(H5N1)	549	34
PB1|PP755595.1|A/cattle/Texas/24-008749-003/2024(H5N1)	550	34
PB1|PP755595.1|A/cattle/Texas/24-008749-003/2024(H5N1)	551	34
PB1|PP755595.1|A/cattle/Texas/24-008749-003/2024(H5N1)	552	32
PB1|PP755595.1|A/cattle/Texas/24-008749-003/2024(H5N1)	553	32
PB1|PP755595.1|A/cattle/Texas/24-008749-003/2024(H5N1)	554	32
PB1|PP755595.1|A/cattle/Texas/24-008749-003/2024(H5N1)	555	32
PB1|PP755595.1|A/cattle/Texas/24-008749-003/2024(H5N1)	556	32
PB1|PP755595.1|A/cattle/Texas/24-008749-003/2024(H5N1)	557	32
PB1|PP755595.1|A/cattle/Texas/24-008749-003/2024(H5N1)	558	32
PB1|PP755595.1|A/cattle/Texas/24-008749-003/2024(H5N1)	559	32
PB1|PP755595.1|A/cattle/Texas/24-008749-003/2024(H5N1)	560	32
PB1|PP755595.1|A/cattle/Texas/24-008749-003/2024(H5N1)	561	32
PB1|PP755595.1|A/cattle/Texas/24-008749-003/2024(H5N1)	562	32
PB1|PP755595.1|A/cattle/Texas/24-008749-003/2024(H5N1)	563	32
PB1|PP755595.1|A/cattle/Texas/24-008749-003/2024(H5N1)	564	32
PB1|PP755595.1|A/cattle/Texas/24-008749-003/2024(H5N1)	565	32
PB1|PP755595.1|A/cattle/Texas/24-008749-003/2024(H5N1)	566	32
PB1|PP755595.1|A/cattle/Texas/24-008749-003/2024(H5N1)	567	32
PB1|PP755595.1|A/cattle/Texas/24-008749-003/2024(H5N1)	568	32
PB1|PP755595.1|A/cattle/Texas/24-008749-003/2024(H5N1)	569	34
PB1|PP755595.1|A/cattle/Texas/24-008749-003/2024(H5N1)	570	33
PB1|PP755595.1|A/cattle/Texas/24-008749-003/2024(H5N1)	571	35
PB1|PP755595.1|A/cattle/Texas/24-008749-003/2024(H5N1)	572	34
PB1|PP755595.1|A/cattle/Texas/24-008749-003/2024(H5N1)	573	34
PB1|PP755595.1|A/cattle/Texas/24-008749-003/2024(H5N1)	574	34
PB1|PP755595.1|A/cattle/Texas/24-008749-003/2024(H5N1)	575	33
PB1|PP755595.1|A/cattle/Texas/24-008749-003/2024(H5N1)	576	34
PB1|PP755595.1|A/cattle/Texas/24-008749-003/2024(H5N1)	577	34
PB1|PP755595.1|A/cattle/Texas/24-008749-003/2024(H5N1)	578	32
PB1|PP755595.1|A/cattle/Texas/24-008749-003/2024(H5N1)	579	31
PB1|PP755595.1|A/cattle/Texas/24-008749-003/2024(H5N1)	580	32
PB1|PP755595.1|A/cattle/Texas/24-008749-003/2024(H5N1)	581	32
PB1|PP755595.1|A/cattle/Texas/24-008749-003/2024(H5N1)	582	32
PB1|PP755595.1|A/cattle/Texas/24-008749-003/2024(H5N1)	583	33
PB1|PP755595.1|A/cattle/Texas/24-008749-003/2024(H5N1)	584	33
PB1|PP755595.1|A/cattle/Texas/24-008749-003/2024(H5N1)	585	33
PB1|PP755595.1|A/cattle/Texas/24-008749-003/2024(H5N1)	586	33
PB1|PP755595.1|A/cattle/Texas/24-008749-003/2024(H5N1)	587	31
PB1|PP755595.1|A/cattle/Texas/24-008749-003/2024(H5N1)	588	30
PB1|PP755595.1|A/cattle/Texas/24-008749-003/2024(H5N1)	589	30
PB1|PP755595.1|A/cattle/Texas/24-008749-003/2024(H5N1)	590	30
PB1|PP755595.1|A/cattle/Texas/24-008749-003/2024(H5N1)	591	30
PB1|PP755595.1|A/cattle/Texas/24-008749-003/2024(H5N1)	592	30
PB1|PP755595.1|A/cattle/Texas/24-008749-003/2024(H5N1)	593	30
PB1|PP755595.1|A/cattle/Texas/24-008749-003/2024(H5N1)	594	30
PB1|PP755595.1|A/cattle/Texas/24-008749-003/2024(H5N1)	595	30
PB1|PP755595.1|A/cattle/Texas/24-008749-003/2024(H5N1)	596	30
PB1|PP755595.1|A/cattle/Texas/24-008749-003/2024(H5N1)	597	31
PB1|PP755595.1|A/cattle/Texas/24-008749-003/2024(H5N1)	598	32
PB1|PP755595.1|A/cattle/Texas/24-008749-003/2024(H5N1)	599	32
PB1|PP755595.1|A/cattle/Texas/24-008749-003/2024(H5N1)	600	32
PB1|PP755595.1|A/cattle/Texas/24-008749-003/2024(H5N1)	601	33
PB1|PP755595.1|A/cattle/Texas/24-008749-003/2024(H5N1)	602	33
PB1|PP755595.1|A/cattle/Texas/24-008749-003/2024(H5N1)	603	33
PB1|PP755595.1|A/cattle/Texas/24-008749-003/2024(H5N1)	604	33
PB1|PP755595.1|A/cattle/Texas/24-008749-003/2024(H5N1)	605	33
PB1|PP755595.1|A/cattle/Texas/24-008749-003/2024(H5N1)	606	33
PB1|PP755595.1|A/cattle/Texas/24-008749-003/2024(H5N1)	607	32
PB1|PP755595.1|A/cattle/Texas/24-008749-003/2024(H5N1)	608	32
PB1|PP755595.1|A/cattle/Texas/24-008749-003/2024(H5N1)	609	32
PB1|PP755595.1|A/cattle/Texas/24-008749-003/2024(H5N1)	610	34
PB1|PP755595.1|A/cattle/Texas/24-008749-003/2024(H5N1)	611	34
PB1|PP755595.1|A/cattle/Texas/24-008749-003/2024(H5N1)	612	32
PB1|PP755595.1|A/cattle/Texas/24-008749-003/2024(H5N1)	613	33
PB1|PP755595.1|A/cattle/Texas/24-008749-003/2024(H5N1)	614	33
PB1|PP755595.1|A/cattle/Texas/24-008749-003/2024(H5N1)	615	33
PB1|PP755595.1|A/cattle/Texas/24-008749-003/2024(H5N1)	616	33
PB1|PP755595.1|A/cattle/Texas/24-008749-003/2024(H5N1)	617	32
PB1|PP755595.1|A/cattle/Texas/24-008749-003/2024(H5N1)	618	32
PB1|PP755595.1|A/cattle/Texas/24-008749-003/2024(H5N1)	619	32
PB1|PP755595.1|A/cattle/Texas/24-008749-003/2024(H5N1)	620	32
PB1|PP755595.1|A/cattle/Texas/24-008749-003/2024(H5N1)	621	32
PB1|PP755595.1|A/cattle/Texas/24-008749-003/2024(H5N1)	622	31
PB1|PP755595.1|A/cattle/Texas/24-008749-003/2024(H5N1)	623	31
PB1|PP755595.1|A/cattle/Texas/24-008749-003/2024(H5N1)	624	32
PB1|PP755595.1|A/cattle/Texas/24-008749-003/2024(H5N1)	625	32
PB1|PP755595.1|A/cattle/Texas/24-008749-003/2024(H5N1)	626	32
PB1|PP755595.1|A/cattle/Texas/24-008749-003/2024(H5N1)	627	32
PB1|PP755595.1|A/cattle/Texas/24-008749-003/2024(H5N1)	628	32
PB1|PP755595.1|A/cattle/Texas/24-008749-003/2024(H5N1)	629	32
PB1|PP755595.1|A/cattle/Texas/24-008749-003/2024(H5N1)	630	32
PB1|PP755595.1|A/cattle/Texas/24-008749-003/2024(H5N1)	631	31
PB1|PP755595.1|A/cattle/Texas/24-008749-003/2024(H5N1)	632	31
PB1|PP755595.1|A/cattle/Texas/24-008749-003/2024(H5N1)	633	31
PB1|PP755595.1|A/cattle/Texas/24-008749-003/2024(H5N1)	634	31
PB1|PP755595.1|A/cattle/Texas/24-008749-003/2024(H5N1)	635	31
PB1|PP755595.1|A/cattle/Texas/24-008749-003/2024(H5N1)	636	31
PB1|PP755595.1|A/cattle/Texas/24-008749-003/2024(H5N1)	637	30
PB1|PP755595.1|A/cattle/Texas/24-008749-003/2024(H5N1)	638	30
PB1|PP755595.1|A/cattle/Texas/24-008749-003/2024(H5N1)	639	30
PB1|PP755595.1|A/cattle/Texas/24-008749-003/2024(H5N1)	640	30
PB1|PP755595.1|A/cattle/Texas/24-008749-003/2024(H5N1)	641	30
PB1|PP755595.1|A/cattle/Texas/24-008749-003/2024(H5N1)	642	30
PB1|PP755595.1|A/cattle/Texas/24-008749-003/2024(H5N1)	643	31
PB1|PP755595.1|A/cattle/Texas/24-008749-003/2024(H5N1)	644	31
PB1|PP755595.1|A/cattle/Texas/24-008749-003/2024(H5N1)	645	32
PB1|PP755595.1|A/cattle/Texas/24-008749-003/2024(H5N1)	646	32
PB1|PP755595.1|A/cattle/Texas/24-008749-003/2024(H5N1)	647	32
PB1|PP755595.1|A/cattle/Texas/24-008749-003/2024(H5N1)	648	31
PB1|PP755595.1|A/cattle/Texas/24-008749-003/2024(H5N1)	649	30
PB1|PP755595.1|A/cattle/Texas/24-008749-003/2024(H5N1)	650	30
PB1|PP755595.1|A/cattle/Texas/24-008749-003/2024(H5N1)	651	30
PB1|PP755595.1|A/cattle/Texas/24-008749-003/2024(H5N1)	652	30
PB1|PP755595.1|A/cattle/Texas/24-008749-003/2024(H5N1)	653	30
PB1|PP755595.1|A/cattle/Texas/24-008749-003/2024(H5N1)	654	30
PB1|PP755595.1|A/cattle/Texas/24-008749-003/2024(H5N1)	655	30
PB1|PP755595.1|A/cattle/Texas/24-008749-003/2024(H5N1)	656	30
PB1|PP755595.1|A/cattle/Texas/24-008749-003/2024(H5N1)	657	30
PB1|PP755595.1|A/cattle/Texas/24-008749-003/2024(H5N1)	658	30
PB1|PP755595.1|A/cattle/Texas/24-008749-003/2024(H5N1)	659	30
PB1|PP755595.1|A/cattle/Texas/24-008749-003/2024(H5N1)	660	29
PB1|PP755595.1|A/cattle/Texas/24-008749-003/2024(H5N1)	661	29
PB1|PP755595.1|A/cattle/Texas/24-008749-003/2024(H5N1)	662	29
PB1|PP755595.1|A/cattle/Texas/24-008749-003/2024(H5N1)	663	29
PB1|PP755595.1|A/cattle/Texas/24-008749-003/2024(H5N1)	664	29
PB1|PP755595.1|A/cattle/Texas/24-008749-003/2024(H5N1)	665	29
PB1|PP755595.1|A/cattle/Texas/24-008749-003/2024(H5N1)	666	29
PB1|PP755595.1|A/cattle/Texas/24-008749-003/2024(H5N1)	667	31
PB1|PP755595.1|A/cattle/Texas/24-008749-003/2024(H5N1)	668	31
PB1|PP755595.1|A/cattle/Texas/24-008749-003/2024(H5N1)	669	31
PB1|PP755595.1|A/cattle/Texas/24-008749-003/2024(H5N1)	670	31
PB1|PP755595.1|A/cattle/Texas/24-008749-003/2024(H5N1)	671	28
PB1|PP755595.1|A/cattle/Texas/24-008749-003/2024(H5N1)	672	28
PB1|PP755595.1|A/cattle/Texas/24-008749-003/2024(H5N1)	673	29
PB1|PP755595.1|A/cattle/Texas/24-008749-003/2024(H5N1)	674	29
PB1|PP755595.1|A/cattle/Texas/24-008749-003/2024(H5N1)	675	29
PB1|PP755595.1|A/cattle/Texas/24-008749-003/2024(H5N1)	676	28
PB1|PP755595.1|A/cattle/Texas/24-008749-003/2024(H5N1)	677	29
PB1|PP755595.1|A/cattle/Texas/24-008749-003/2024(H5N1)	678	27
PB1|PP755595.1|A/cattle/Texas/24-008749-003/2024(H5N1)	679	27
PB1|PP755595.1|A/cattle/Texas/24-008749-003/2024(H5N1)	680	27
PB1|PP755595.1|A/cattle/Texas/24-008749-003/2024(H5N1)	681	27
PB1|PP755595.1|A/cattle/Texas/24-008749-003/2024(H5N1)	682	27
PB1|PP755595.1|A/cattle/Texas/24-008749-003/2024(H5N1)	683	27
PB1|PP755595.1|A/cattle/Texas/24-008749-003/2024(H5N1)	684	26
PB1|PP755595.1|A/cattle/Texas/24-008749-003/2024(H5N1)	685	26
PB1|PP755595.1|A/cattle/Texas/24-008749-003/2024(H5N1)	686	26
PB1|PP755595.1|A/cattle/Texas/24-008749-003/2024(H5N1)	687	26
PB1|PP755595.1|A/cattle/Texas/24-008749-003/2024(H5N1)	688	26
PB1|PP755595.1|A/cattle/Texas/24-008749-003/2024(H5N1)	689	27
PB1|PP755595.1|A/cattle/Texas/24-008749-003/2024(H5N1)	690	27
PB1|PP755595.1|A/cattle/Texas/24-008749-003/2024(H5N1)	691	26
PB1|PP755595.1|A/cattle/Texas/24-008749-003/2024(H5N1)	692	26
PB1|PP755595.1|A/cattle/Texas/24-008749-003/2024(H5N1)	693	26
PB1|PP755595.1|A/cattle/Texas/24-008749-003/2024(H5N1)	694	26
PB1|PP755595.1|A/cattle/Texas/24-008749-003/2024(H5N1)	695	26
PB1|PP755595.1|A/cattle/Texas/24-008749-003/2024(H5N1)	696	26
PB1|PP755595.1|A/cattle/Texas/24-008749-003/2024(H5N1)	697	26
PB1|PP755595.1|A/cattle/Texas/24-008749-003/2024(H5N1)	698	26
PB1|PP755595.1|A/cattle/Texas/24-008749-003/2024(H5N1)	699	27
PB1|PP755595.1|A/cattle/Texas/24-008749-003/2024(H5N1)	700	27
PB1|PP755595.1|A/cattle/Texas/24-008749-003/2024(H5N1)	701	27
PB1|PP755595.1|A/cattle/Texas/24-008749-003/2024(H5N1)	702	27
PB1|PP755595.1|A/cattle/Texas/24-008749-003/2024(H5N1)	703	27
PB1|PP755595.1|A/cattle/Texas/24-008749-003/2024(H5N1)	704	28
PB1|PP755595.1|A/cattle/Texas/24-008749-003/2024(H5N1)	705	28
PB1|PP755595.1|A/cattle/Texas/24-008749-003/2024(H5N1)	706	28
PB1|PP755595.1|A/cattle/Texas/24-008749-003/2024(H5N1)	707	28
PB1|PP755595.1|A/cattle/Texas/24-008749-003/2024(H5N1)	708	28
PB1|PP755595.1|A/cattle/Texas/24-008749-003/2024(H5N1)	709	28
PB1|PP755595.1|A/cattle/Texas/24-008749-003/2024(H5N1)	710	29
PB1|PP755595.1|A/cattle/Texas/24-008749-003/2024(H5N1)	711	29
PB1|PP755595.1|A/cattle/Texas/24-008749-003/2024(H5N1)	712	29
PB1|PP755595.1|A/cattle/Texas/24-008749-003/2024(H5N1)	713	29
PB1|PP755595.1|A/cattle/Texas/24-008749-003/2024(H5N1)	714	27
PB1|PP755595.1|A/cattle/Texas/24-008749-003/2024(H5N1)	715	27
PB1|PP755595.1|A/cattle/Texas/24-008749-003/2024(H5N1)	716	30
PB1|PP755595.1|A/cattle/Texas/24-008749-003/2024(H5N1)	717	30
PB1|PP755595.1|A/cattle/Texas/24-008749-003/2024(H5N1)	718	30
PB1|PP755595.1|A/cattle/Texas/24-008749-003/2024(H5N1)	719	30
PB1|PP755595.1|A/cattle/Texas/24-008749-003/2024(H5N1)	720	30
PB1|PP755595.1|A/cattle/Texas/24-008749-003/2024(H5N1)	721	30
PB1|PP755595.1|A/cattle/Texas/24-008749-003/2024(H5N1)	722	31
PB1|PP755595.1|A/cattle/Texas/24-008749-003/2024(H5N1)	723	31
PB1|PP755595.1|A/cattle/Texas/24-008749-003/2024(H5N1)	724	31
PB1|PP755595.1|A/cattle/Texas/24-008749-003/2024(H5N1)	725	31
PB1|PP755595.1|A/cattle/Texas/24-008749-003/2024(H5N1)	726	30
PB1|PP755595.1|A/cattle/Texas/24-008749-003/2024(H5N1)	727	30
PB1|PP755595.1|A/cattle/Texas/24-008749-003/2024(H5N1)	728	31
PB1|PP755595.1|A/cattle/Texas/24-008749-003/2024(H5N1)	729	31
PB1|PP755595.1|A/cattle/Texas/24-008749-003/2024(H5N1)	730	32
PB1|PP755595.1|A/cattle/Texas/24-008749-003/2024(H5N1)	731	31
PB1|PP755595.1|A/cattle/Texas/24-008749-003/2024(H5N1)	732	31
PB1|PP755595.1|A/cattle/Texas/24-008749-003/2024(H5N1)	733	31
PB1|PP755595.1|A/cattle/Texas/24-008749-003/2024(H5N1)	734	31
PB1|PP755595.1|A/cattle/Texas/24-008749-003/2024(H5N1)	735	31
PB1|PP755595.1|A/cattle/Texas/24-008749-003/2024(H5N1)	736	32
PB1|PP755595.1|A/cattle/Texas/24-008749-003/2024(H5N1)	737	32
PB1|PP755595.1|A/cattle/Texas/24-008749-003/2024(H5N1)	738	32
PB1|PP755595.1|A/cattle/Texas/24-008749-003/2024(H5N1)	739	32
PB1|PP755595.1|A/cattle/Texas/24-008749-003/2024(H5N1)	740	32
PB1|PP755595.1|A/cattle/Texas/24-008749-003/2024(H5N1)	741	32
PB1|PP755595.1|A/cattle/Texas/24-008749-003/2024(H5N1)	742	31
PB1|PP755595.1|A/cattle/Texas/24-008749-003/2024(H5N1)	743	31
PB1|PP755595.1|A/cattle/Texas/24-008749-003/2024(H5N1)	744	31
PB1|PP755595.1|A/cattle/Texas/24-008749-003/2024(H5N1)	745	31
PB1|PP755595.1|A/cattle/Texas/24-008749-003/2024(H5N1)	746	31
PB1|PP755595.1|A/cattle/Texas/24-008749-003/2024(H5N1)	747	32
PB1|PP755595.1|A/cattle/Texas/24-008749-003/2024(H5N1)	748	31
PB1|PP755595.1|A/cattle/Texas/24-008749-003/2024(H5N1)	749	30
PB1|PP755595.1|A/cattle/Texas/24-008749-003/2024(H5N1)	750	30
PB1|PP755595.1|A/cattle/Texas/24-008749-003/2024(H5N1)	751	31
PB1|PP755595.1|A/cattle/Texas/24-008749-003/2024(H5N1)	752	30
PB1|PP755595.1|A/cattle/Texas/24-008749-003/2024(H5N1)	753	30
PB1|PP755595.1|A/cattle/Texas/24-008749-003/2024(H5N1)	754	30
PB1|PP755595.1|A/cattle/Texas/24-008749-003/2024(H5N1)	755	32
PB1|PP755595.1|A/cattle/Texas/24-008749-003/2024(H5N1)	756	32
PB1|PP755595.1|A/cattle/Texas/24-008749-003/2024(H5N1)	757	32
PB1|PP755595.1|A/cattle/Texas/24-008749-003/2024(H5N1)	758	32
PB1|PP755595.1|A/cattle/Texas/24-008749-003/2024(H5N1)	759	32
PB1|PP755595.1|A/cattle/Texas/24-008749-003/2024(H5N1)	760	30
PB1|PP755595.1|A/cattle/Texas/24-008749-003/2024(H5N1)	761	30
PB1|PP755595.1|A/cattle/Texas/24-008749-003/2024(H5N1)	762	30
PB1|PP755595.1|A/cattle/Texas/24-008749-003/2024(H5N1)	763	30
PB1|PP755595.1|A/cattle/Texas/24-008749-003/2024(H5N1)	764	31
PB1|PP755595.1|A/cattle/Texas/24-008749-003/2024(H5N1)	765	31
PB1|PP755595.1|A/cattle/Texas/24-008749-003/2024(H5N1)	766	31
PB1|PP755595.1|A/cattle/Texas/24-008749-003/2024(H5N1)	767	31
PB1|PP755595.1|A/cattle/Texas/24-008749-003/2024(H5N1)	768	32
PB1|PP755595.1|A/cattle/Texas/24-008749-003/2024(H5N1)	769	32
PB1|PP755595.1|A/cattle/Texas/24-008749-003/2024(H5N1)	770	32
PB1|PP755595.1|A/cattle/Texas/24-008749-003/2024(H5N1)	771	33
PB1|PP755595.1|A/cattle/Texas/24-008749-003/2024(H5N1)	772	32
PB1|PP755595.1|A/cattle/Texas/24-008749-003/2024(H5N1)	773	32
PB1|PP755595.1|A/cattle/Texas/24-008749-003/2024(H5N1)	774	32
PB1|PP755595.1|A/cattle/Texas/24-008749-003/2024(H5N1)	775	31
PB1|PP755595.1|A/cattle/Texas/24-008749-003/2024(H5N1)	776	33
PB1|PP755595.1|A/cattle/Texas/24-008749-003/2024(H5N1)	777	33
PB1|PP755595.1|A/cattle/Texas/24-008749-003/2024(H5N1)	778	33
PB1|PP755595.1|A/cattle/Texas/24-008749-003/2024(H5N1)	779	33
PB1|PP755595.1|A/cattle/Texas/24-008749-003/2024(H5N1)	780	33
PB1|PP755595.1|A/cattle/Texas/24-008749-003/2024(H5N1)	781	33
PB1|PP755595.1|A/cattle/Texas/24-008749-003/2024(H5N1)	782	33
PB1|PP755595.1|A/cattle/Texas/24-008749-003/2024(H5N1)	783	33
PB1|PP755595.1|A/cattle/Texas/24-008749-003/2024(H5N1)	784	33
PB1|PP755595.1|A/cattle/Texas/24-008749-003/2024(H5N1)	785	33
PB1|PP755595.1|A/cattle/Texas/24-008749-003/2024(H5N1)	786	33
PB1|PP755595.1|A/cattle/Texas/24-008749-003/2024(H5N1)	787	33
PB1|PP755595.1|A/cattle/Texas/24-008749-003/2024(H5N1)	788	33
PB1|PP755595.1|A/cattle/Texas/24-008749-003/2024(H5N1)	789	33
PB1|PP755595.1|A/cattle/Texas/24-008749-003/2024(H5N1)	790	33
PB1|PP755595.1|A/cattle/Texas/24-008749-003/2024(H5N1)	791	33
PB1|PP755595.1|A/cattle/Texas/24-008749-003/2024(H5N1)	792	33
PB1|PP755595.1|A/cattle/Texas/24-008749-003/2024(H5N1)	793	33
PB1|PP755595.1|A/cattle/Texas/24-008749-003/2024(H5N1)	794	33
PB1|PP755595.1|A/cattle/Texas/24-008749-003/2024(H5N1)	795	34
PB1|PP755595.1|A/cattle/Texas/24-008749-003/2024(H5N1)	796	33
PB1|PP755595.1|A/cattle/Texas/24-008749-003/2024(H5N1)	797	33
PB1|PP755595.1|A/cattle/Texas/24-008749-003/2024(H5N1)	798	33
PB1|PP755595.1|A/cattle/Texas/24-008749-003/2024(H5N1)	799	33
PB1|PP755595.1|A/cattle/Texas/24-008749-003/2024(H5N1)	800	34
PB1|PP755595.1|A/cattle/Texas/24-008749-003/2024(H5N1)	801	34
PB1|PP755595.1|A/cattle/Texas/24-008749-003/2024(H5N1)	802	34
PB1|PP755595.1|A/cattle/Texas/24-008749-003/2024(H5N1)	803	37
PB1|PP755595.1|A/cattle/Texas/24-008749-003/2024(H5N1)	804	38
PB1|PP755595.1|A/cattle/Texas/24-008749-003/2024(H5N1)	805	38
PB1|PP755595.1|A/cattle/Texas/24-008749-003/2024(H5N1)	806	38
PB1|PP755595.1|A/cattle/Texas/24-008749-003/2024(H5N1)	807	38
PB1|PP755595.1|A/cattle/Texas/24-008749-003/2024(H5N1)	808	38
PB1|PP755595.1|A/cattle/Texas/24-008749-003/2024(H5N1)	809	38
PB1|PP755595.1|A/cattle/Texas/24-008749-003/2024(H5N1)	810	38
PB1|PP755595.1|A/cattle/Texas/24-008749-003/2024(H5N1)	811	39
PB1|PP755595.1|A/cattle/Texas/24-008749-003/2024(H5N1)	812	39
PB1|PP755595.1|A/cattle/Texas/24-008749-003/2024(H5N1)	813	39
PB1|PP755595.1|A/cattle/Texas/24-008749-003/2024(H5N1)	814	40
PB1|PP755595.1|A/cattle/Texas/24-008749-003/2024(H5N1)	815	40
PB1|PP755595.1|A/cattle/Texas/24-008749-003/2024(H5N1)	816	40
PB1|PP755595.1|A/cattle/Texas/24-008749-003/2024(H5N1)	817	43
PB1|PP755595.1|A/cattle/Texas/24-008749-003/2024(H5N1)	818	41
PB1|PP755595.1|A/cattle/Texas/24-008749-003/2024(H5N1)	819	41
PB1|PP755595.1|A/cattle/Texas/24-008749-003/2024(H5N1)	820	41
PB1|PP755595.1|A/cattle/Texas/24-008749-003/2024(H5N1)	821	41
PB1|PP755595.1|A/cattle/Texas/24-008749-003/2024(H5N1)	822	41
PB1|PP755595.1|A/cattle/Texas/24-008749-003/2024(H5N1)	823	40
PB1|PP755595.1|A/cattle/Texas/24-008749-003/2024(H5N1)	824	40
PB1|PP755595.1|A/cattle/Texas/24-008749-003/2024(H5N1)	825	41
PB1|PP755595.1|A/cattle/Texas/24-008749-003/2024(H5N1)	826	42
PB1|PP755595.1|A/cattle/Texas/24-008749-003/2024(H5N1)	827	45
PB1|PP755595.1|A/cattle/Texas/24-008749-003/2024(H5N1)	828	43
PB1|PP755595.1|A/cattle/Texas/24-008749-003/2024(H5N1)	829	43
PB1|PP755595.1|A/cattle/Texas/24-008749-003/2024(H5N1)	830	43
PB1|PP755595.1|A/cattle/Texas/24-008749-003/2024(H5N1)	831	43
PB1|PP755595.1|A/cattle/Texas/24-008749-003/2024(H5N1)	832	43
PB1|PP755595.1|A/cattle/Texas/24-008749-003/2024(H5N1)	833	43
PB1|PP755595.1|A/cattle/Texas/24-008749-003/2024(H5N1)	834	43
PB1|PP755595.1|A/cattle/Texas/24-008749-003/2024(H5N1)	835	44
PB1|PP755595.1|A/cattle/Texas/24-008749-003/2024(H5N1)	836	45
PB1|PP755595.1|A/cattle/Texas/24-008749-003/2024(H5N1)	837	45
PB1|PP755595.1|A/cattle/Texas/24-008749-003/2024(H5N1)	838	50
PB1|PP755595.1|A/cattle/Texas/24-008749-003/2024(H5N1)	839	51
PB1|PP755595.1|A/cattle/Texas/24-008749-003/2024(H5N1)	840	51
PB1|PP755595.1|A/cattle/Texas/24-008749-003/2024(H5N1)	841	51
PB1|PP755595.1|A/cattle/Texas/24-008749-003/2024(H5N1)	842	51
PB1|PP755595.1|A/cattle/Texas/24-008749-003/2024(H5N1)	843	51
PB1|PP755595.1|A/cattle/Texas/24-008749-003/2024(H5N1)	844	51
PB1|PP755595.1|A/cattle/Texas/24-008749-003/2024(H5N1)	845	51
PB1|PP755595.1|A/cattle/Texas/24-008749-003/2024(H5N1)	846	54
PB1|PP755595.1|A/cattle/Texas/24-008749-003/2024(H5N1)	847	55
PB1|PP755595.1|A/cattle/Texas/24-008749-003/2024(H5N1)	848	55
PB1|PP755595.1|A/cattle/Texas/24-008749-003/2024(H5N1)	849	56
PB1|PP755595.1|A/cattle/Texas/24-008749-003/2024(H5N1)	850	54
PB1|PP755595.1|A/cattle/Texas/24-008749-003/2024(H5N1)	851	55
PB1|PP755595.1|A/cattle/Texas/24-008749-003/2024(H5N1)	852	55
PB1|PP755595.1|A/cattle/Texas/24-008749-003/2024(H5N1)	853	55
PB1|PP755595.1|A/cattle/Texas/24-008749-003/2024(H5N1)	854	57
PB1|PP755595.1|A/cattle/Texas/24-008749-003/2024(H5N1)	855	56
PB1|PP755595.1|A/cattle/Texas/24-008749-003/2024(H5N1)	856	56
PB1|PP755595.1|A/cattle/Texas/24-008749-003/2024(H5N1)	857	56
PB1|PP755595.1|A/cattle/Texas/24-008749-003/2024(H5N1)	858	56
PB1|PP755595.1|A/cattle/Texas/24-008749-003/2024(H5N1)	859	56
PB1|PP755595.1|A/cattle/Texas/24-008749-003/2024(H5N1)	860	57
PB1|PP755595.1|A/cattle/Texas/24-008749-003/2024(H5N1)	861	56
PB1|PP755595.1|A/cattle/Texas/24-008749-003/2024(H5N1)	862	56
PB1|PP755595.1|A/cattle/Texas/24-008749-003/2024(H5N1)	863	56
PB1|PP755595.1|A/cattle/Texas/24-008749-003/2024(H5N1)	864	56
PB1|PP755595.1|A/cattle/Texas/24-008749-003/2024(H5N1)	865	56
PB1|PP755595.1|A/cattle/Texas/24-008749-003/2024(H5N1)	866	56
PB1|PP755595.1|A/cattle/Texas/24-008749-003/2024(H5N1)	867	53
PB1|PP755595.1|A/cattle/Texas/24-008749-003/2024(H5N1)	868	53
PB1|PP755595.1|A/cattle/Texas/24-008749-003/2024(H5N1)	869	53
PB1|PP755595.1|A/cattle/Texas/24-008749-003/2024(H5N1)	870	53
PB1|PP755595.1|A/cattle/Texas/24-008749-003/2024(H5N1)	871	53
PB1|PP755595.1|A/cattle/Texas/24-008749-003/2024(H5N1)	872	51
PB1|PP755595.1|A/cattle/Texas/24-008749-003/2024(H5N1)	873	51
PB1|PP755595.1|A/cattle/Texas/24-008749-003/2024(H5N1)	874	51
PB1|PP755595.1|A/cattle/Texas/24-008749-003/2024(H5N1)	875	51
PB1|PP755595.1|A/cattle/Texas/24-008749-003/2024(H5N1)	876	51
PB1|PP755595.1|A/cattle/Texas/24-008749-003/2024(H5N1)	877	51
PB1|PP755595.1|A/cattle/Texas/24-008749-003/2024(H5N1)	878	50
PB1|PP755595.1|A/cattle/Texas/24-008749-003/2024(H5N1)	879	50
PB1|PP755595.1|A/cattle/Texas/24-008749-003/2024(H5N1)	880	50
PB1|PP755595.1|A/cattle/Texas/24-008749-003/2024(H5N1)	881	48
PB1|PP755595.1|A/cattle/Texas/24-008749-003/2024(H5N1)	882	48
PB1|PP755595.1|A/cattle/Texas/24-008749-003/2024(H5N1)	883	49
PB1|PP755595.1|A/cattle/Texas/24-008749-003/2024(H5N1)	884	51
PB1|PP755595.1|A/cattle/Texas/24-008749-003/2024(H5N1)	885	51
PB1|PP755595.1|A/cattle/Texas/24-008749-003/2024(H5N1)	886	51
PB1|PP755595.1|A/cattle/Texas/24-008749-003/2024(H5N1)	887	50
PB1|PP755595.1|A/cattle/Texas/24-008749-003/2024(H5N1)	888	49
PB1|PP755595.1|A/cattle/Texas/24-008749-003/2024(H5N1)	889	49
PB1|PP755595.1|A/cattle/Texas/24-008749-003/2024(H5N1)	890	49
PB1|PP755595.1|A/cattle/Texas/24-008749-003/2024(H5N1)	891	49
PB1|PP755595.1|A/cattle/Texas/24-008749-003/2024(H5N1)	892	49
PB1|PP755595.1|A/cattle/Texas/24-008749-003/2024(H5N1)	893	49
PB1|PP755595.1|A/cattle/Texas/24-008749-003/2024(H5N1)	894	49
PB1|PP755595.1|A/cattle/Texas/24-008749-003/2024(H5N1)	895	49
PB1|PP755595.1|A/cattle/Texas/24-008749-003/2024(H5N1)	896	49
PB1|PP755595.1|A/cattle/Texas/24-008749-003/2024(H5N1)	897	48
PB1|PP755595.1|A/cattle/Texas/24-008749-003/2024(H5N1)	898	50
PB1|PP755595.1|A/cattle/Texas/24-008749-003/2024(H5N1)	899	50
PB1|PP755595.1|A/cattle/Texas/24-008749-003/2024(H5N1)	900	50
PB1|PP755595.1|A/cattle/Texas/24-008749-003/2024(H5N1)	901	50
PB1|PP755595.1|A/cattle/Texas/24-008749-003/2024(H5N1)	902	50
PB1|PP755595.1|A/cattle/Texas/24-008749-003/2024(H5N1)	903	50
PB1|PP755595.1|A/cattle/Texas/24-008749-003/2024(H5N1)	904	50
PB1|PP755595.1|A/cattle/Texas/24-008749-003/2024(H5N1)	905	49
PB1|PP755595.1|A/cattle/Texas/24-008749-003/2024(H5N1)	906	51
PB1|PP755595.1|A/cattle/Texas/24-008749-003/2024(H5N1)	907	51
PB1|PP755595.1|A/cattle/Texas/24-008749-003/2024(H5N1)	908	51
PB1|PP755595.1|A/cattle/Texas/24-008749-003/2024(H5N1)	909	49
PB1|PP755595.1|A/cattle/Texas/24-008749-003/2024(H5N1)	910	50
PB1|PP755595.1|A/cattle/Texas/24-008749-003/2024(H5N1)	911	52
PB1|PP755595.1|A/cattle/Texas/24-008749-003/2024(H5N1)	912	54
PB1|PP755595.1|A/cattle/Texas/24-008749-003/2024(H5N1)	913	54
PB1|PP755595.1|A/cattle/Texas/24-008749-003/2024(H5N1)	914	52
PB1|PP755595.1|A/cattle/Texas/24-008749-003/2024(H5N1)	915	52
PB1|PP755595.1|A/cattle/Texas/24-008749-003/2024(H5N1)	916	52
PB1|PP755595.1|A/cattle/Texas/24-008749-003/2024(H5N1)	917	52
PB1|PP755595.1|A/cattle/Texas/24-008749-003/2024(H5N1)	918	52
PB1|PP755595.1|A/cattle/Texas/24-008749-003/2024(H5N1)	919	52
PB1|PP755595.1|A/cattle/Texas/24-008749-003/2024(H5N1)	920	52
PB1|PP755595.1|A/cattle/Texas/24-008749-003/2024(H5N1)	921	52
PB1|PP755595.1|A/cattle/Texas/24-008749-003/2024(H5N1)	922	55
PB1|PP755595.1|A/cattle/Texas/24-008749-003/2024(H5N1)	923	55
PB1|PP755595.1|A/cattle/Texas/24-008749-003/2024(H5N1)	924	55
PB1|PP755595.1|A/cattle/Texas/24-008749-003/2024(H5N1)	925	55
PB1|PP755595.1|A/cattle/Texas/24-008749-003/2024(H5N1)	926	55
PB1|PP755595.1|A/cattle/Texas/24-008749-003/2024(H5N1)	927	53
PB1|PP755595.1|A/cattle/Texas/24-008749-003/2024(H5N1)	928	53
PB1|PP755595.1|A/cattle/Texas/24-008749-003/2024(H5N1)	929	53
PB1|PP755595.1|A/cattle/Texas/24-008749-003/2024(H5N1)	930	53
PB1|PP755595.1|A/cattle/Texas/24-008749-003/2024(H5N1)	931	54
PB1|PP755595.1|A/cattle/Texas/24-008749-003/2024(H5N1)	932	54
PB1|PP755595.1|A/cattle/Texas/24-008749-003/2024(H5N1)	933	54
PB1|PP755595.1|A/cattle/Texas/24-008749-003/2024(H5N1)	934	54
PB1|PP755595.1|A/cattle/Texas/24-008749-003/2024(H5N1)	935	54
PB1|PP755595.1|A/cattle/Texas/24-008749-003/2024(H5N1)	936	53
PB1|PP755595.1|A/cattle/Texas/24-008749-003/2024(H5N1)	937	53
PB1|PP755595.1|A/cattle/Texas/24-008749-003/2024(H5N1)	938	53
PB1|PP755595.1|A/cattle/Texas/24-008749-003/2024(H5N1)	939	53
PB1|PP755595.1|A/cattle/Texas/24-008749-003/2024(H5N1)	940	53
PB1|PP755595.1|A/cattle/Texas/24-008749-003/2024(H5N1)	941	54
PB1|PP755595.1|A/cattle/Texas/24-008749-003/2024(H5N1)	942	54
PB1|PP755595.1|A/cattle/Texas/24-008749-003/2024(H5N1)	943	56
PB1|PP755595.1|A/cattle/Texas/24-008749-003/2024(H5N1)	944	54
PB1|PP755595.1|A/cattle/Texas/24-008749-003/2024(H5N1)	945	54
PB1|PP755595.1|A/cattle/Texas/24-008749-003/2024(H5N1)	946	54
PB1|PP755595.1|A/cattle/Texas/24-008749-003/2024(H5N1)	947	54
PB1|PP755595.1|A/cattle/Texas/24-008749-003/2024(H5N1)	948	59
PB1|PP755595.1|A/cattle/Texas/24-008749-003/2024(H5N1)	949	60
PB1|PP755595.1|A/cattle/Texas/24-008749-003/2024(H5N1)	950	59
PB1|PP755595.1|A/cattle/Texas/24-008749-003/2024(H5N1)	951	59
PB1|PP755595.1|A/cattle/Texas/24-008749-003/2024(H5N1)	952	60
PB1|PP755595.1|A/cattle/Texas/24-008749-003/2024(H5N1)	953	60
PB1|PP755595.1|A/cattle/Texas/24-008749-003/2024(H5N1)	954	57
PB1|PP755595.1|A/cattle/Texas/24-008749-003/2024(H5N1)	955	57
PB1|PP755595.1|A/cattle/Texas/24-008749-003/2024(H5N1)	956	58
PB1|PP755595.1|A/cattle/Texas/24-008749-003/2024(H5N1)	957	58
PB1|PP755595.1|A/cattle/Texas/24-008749-003/2024(H5N1)	958	58
PB1|PP755595.1|A/cattle/Texas/24-008749-003/2024(H5N1)	959	58
PB1|PP755595.1|A/cattle/Texas/24-008749-003/2024(H5N1)	960	58
PB1|PP755595.1|A/cattle/Texas/24-008749-003/2024(H5N1)	961	58
PB1|PP755595.1|A/cattle/Texas/24-008749-003/2024(H5N1)	962	58
PB1|PP755595.1|A/cattle/Texas/24-008749-003/2024(H5N1)	963	58
PB1|PP755595.1|A/cattle/Texas/24-008749-003/2024(H5N1)	964	58
PB1|PP755595.1|A/cattle/Texas/24-008749-003/2024(H5N1)	965	58
PB1|PP755595.1|A/cattle/Texas/24-008749-003/2024(H5N1)	966	58
PB1|PP755595.1|A/cattle/Texas/24-008749-003/2024(H5N1)	967	58
PB1|PP755595.1|A/cattle/Texas/24-008749-003/2024(H5N1)	968	57
PB1|PP755595.1|A/cattle/Texas/24-008749-003/2024(H5N1)	969	57
PB1|PP755595.1|A/cattle/Texas/24-008749-003/2024(H5N1)	970	57
PB1|PP755595.1|A/cattle/Texas/24-008749-003/2024(H5N1)	971	56
PB1|PP755595.1|A/cattle/Texas/24-008749-003/2024(H5N1)	972	56
PB1|PP755595.1|A/cattle/Texas/24-008749-003/2024(H5N1)	973	56
PB1|PP755595.1|A/cattle/Texas/24-008749-003/2024(H5N1)	974	56
PB1|PP755595.1|A/cattle/Texas/24-008749-003/2024(H5N1)	975	55
PB1|PP755595.1|A/cattle/Texas/24-008749-003/2024(H5N1)	976	55
PB1|PP755595.1|A/cattle/Texas/24-008749-003/2024(H5N1)	977	52
PB1|PP755595.1|A/cattle/Texas/24-008749-003/2024(H5N1)	978	51
PB1|PP755595.1|A/cattle/Texas/24-008749-003/2024(H5N1)	979	51
PB1|PP755595.1|A/cattle/Texas/24-008749-003/2024(H5N1)	980	51
PB1|PP755595.1|A/cattle/Texas/24-008749-003/2024(H5N1)	981	51
PB1|PP755595.1|A/cattle/Texas/24-008749-003/2024(H5N1)	982	52
PB1|PP755595.1|A/cattle/Texas/24-008749-003/2024(H5N1)	983	52
PB1|PP755595.1|A/cattle/Texas/24-008749-003/2024(H5N1)	984	51
PB1|PP755595.1|A/cattle/Texas/24-008749-003/2024(H5N1)	985	52
PB1|PP755595.1|A/cattle/Texas/24-008749-003/2024(H5N1)	986	52
PB1|PP755595.1|A/cattle/Texas/24-008749-003/2024(H5N1)	987	51
PB1|PP755595.1|A/cattle/Texas/24-008749-003/2024(H5N1)	988	46
PB1|PP755595.1|A/cattle/Texas/24-008749-003/2024(H5N1)	989	46
PB1|PP755595.1|A/cattle/Texas/24-008749-003/2024(H5N1)	990	46
PB1|PP755595.1|A/cattle/Texas/24-008749-003/2024(H5N1)	991	46
PB1|PP755595.1|A/cattle/Texas/24-008749-003/2024(H5N1)	992	47
PB1|PP755595.1|A/cattle/Texas/24-008749-003/2024(H5N1)	993	47
PB1|PP755595.1|A/cattle/Texas/24-008749-003/2024(H5N1)	994	47
PB1|PP755595.1|A/cattle/Texas/24-008749-003/2024(H5N1)	995	47
PB1|PP755595.1|A/cattle/Texas/24-008749-003/2024(H5N1)	996	51
PB1|PP755595.1|A/cattle/Texas/24-008749-003/2024(H5N1)	997	46
PB1|PP755595.1|A/cattle/Texas/24-008749-003/2024(H5N1)	998	46
PB1|PP755595.1|A/cattle/Texas/24-008749-003/2024(H5N1)	999	46
PB1|PP755595.1|A/cattle/Texas/24-008749-003/2024(H5N1)	1000	46
PB1|PP755595.1|A/cattle/Texas/24-008749-003/2024(H5N1)	1001	46
PB1|PP755595.1|A/cattle/Texas/24-008749-003/2024(H5N1)	1002	45
PB1|PP755595.1|A/cattle/Texas/24-008749-003/2024(H5N1)	1003	45
PB1|PP755595.1|A/cattle/Texas/24-008749-003/2024(H5N1)	1004	46
PB1|PP755595.1|A/cattle/Texas/24-008749-003/2024(H5N1)	1005	44
PB1|PP755595.1|A/cattle/Texas/24-008749-003/2024(H5N1)	1006	45
PB1|PP755595.1|A/cattle/Texas/24-008749-003/2024(H5N1)	1007	45
PB1|PP755595.1|A/cattle/Texas/24-008749-003/2024(H5N1)	1008	48
PB1|PP755595.1|A/cattle/Texas/24-008749-003/2024(H5N1)	1009	48
PB1|PP755595.1|A/cattle/Texas/24-008749-003/2024(H5N1)	1010	48
PB1|PP755595.1|A/cattle/Texas/24-008749-003/2024(H5N1)	1011	47
PB1|PP755595.1|A/cattle/Texas/24-008749-003/2024(H5N1)	1012	47
PB1|PP755595.1|A/cattle/Texas/24-008749-003/2024(H5N1)	1013	52
PB1|PP755595.1|A/cattle/Texas/24-008749-003/2024(H5N1)	1014	52
PB1|PP755595.1|A/cattle/Texas/24-008749-003/2024(H5N1)	1015	52
PB1|PP755595.1|A/cattle/Texas/24-008749-003/2024(H5N1)	1016	52
PB1|PP755595.1|A/cattle/Texas/24-008749-003/2024(H5N1)	1017	52
PB1|PP755595.1|A/cattle/Texas/24-008749-003/2024(H5N1)	1018	53
PB1|PP755595.1|A/cattle/Texas/24-008749-003/2024(H5N1)	1019	53
PB1|PP755595.1|A/cattle/Texas/24-008749-003/2024(H5N1)	1020	53
PB1|PP755595.1|A/cattle/Texas/24-008749-003/2024(H5N1)	1021	54
PB1|PP755595.1|A/cattle/Texas/24-008749-003/2024(H5N1)	1022	53
PB1|PP755595.1|A/cattle/Texas/24-008749-003/2024(H5N1)	1023	53
PB1|PP755595.1|A/cattle/Texas/24-008749-003/2024(H5N1)	1024	53
PB1|PP755595.1|A/cattle/Texas/24-008749-003/2024(H5N1)	1025	53
PB1|PP755595.1|A/cattle/Texas/24-008749-003/2024(H5N1)	1026	53
PB1|PP755595.1|A/cattle/Texas/24-008749-003/2024(H5N1)	1027	53
PB1|PP755595.1|A/cattle/Texas/24-008749-003/2024(H5N1)	1028	53
PB1|PP755595.1|A/cattle/Texas/24-008749-003/2024(H5N1)	1029	53
PB1|PP755595.1|A/cattle/Texas/24-008749-003/2024(H5N1)	1030	53
PB1|PP755595.1|A/cattle/Texas/24-008749-003/2024(H5N1)	1031	54
PB1|PP755595.1|A/cattle/Texas/24-008749-003/2024(H5N1)	1032	53
PB1|PP755595.1|A/cattle/Texas/24-008749-003/2024(H5N1)	1033	53
PB1|PP755595.1|A/cattle/Texas/24-008749-003/2024(H5N1)	1034	51
PB1|PP755595.1|A/cattle/Texas/24-008749-003/2024(H5N1)	1035	51
PB1|PP755595.1|A/cattle/Texas/24-008749-003/2024(H5N1)	1036	51
PB1|PP755595.1|A/cattle/Texas/24-008749-003/2024(H5N1)	1037	51
PB1|PP755595.1|A/cattle/Texas/24-008749-003/2024(H5N1)	1038	51
PB1|PP755595.1|A/cattle/Texas/24-008749-003/2024(H5N1)	1039	51
PB1|PP755595.1|A/cattle/Texas/24-008749-003/2024(H5N1)	1040	51
PB1|PP755595.1|A/cattle/Texas/24-008749-003/2024(H5N1)	1041	55
PB1|PP755595.1|A/cattle/Texas/24-008749-003/2024(H5N1)	1042	56
PB1|PP755595.1|A/cattle/Texas/24-008749-003/2024(H5N1)	1043	56
PB1|PP755595.1|A/cattle/Texas/24-008749-003/2024(H5N1)	1044	56
PB1|PP755595.1|A/cattle/Texas/24-008749-003/2024(H5N1)	1045	56
PB1|PP755595.1|A/cattle/Texas/24-008749-003/2024(H5N1)	1046	56
PB1|PP755595.1|A/cattle/Texas/24-008749-003/2024(H5N1)	1047	56
PB1|PP755595.1|A/cattle/Texas/24-008749-003/2024(H5N1)	1048	56
PB1|PP755595.1|A/cattle/Texas/24-008749-003/2024(H5N1)	1049	55
PB1|PP755595.1|A/cattle/Texas/24-008749-003/2024(H5N1)	1050	59
PB1|PP755595.1|A/cattle/Texas/24-008749-003/2024(H5N1)	1051	60
PB1|PP755595.1|A/cattle/Texas/24-008749-003/2024(H5N1)	1052	60
PB1|PP755595.1|A/cattle/Texas/24-008749-003/2024(H5N1)	1053	60
PB1|PP755595.1|A/cattle/Texas/24-008749-003/2024(H5N1)	1054	60
PB1|PP755595.1|A/cattle/Texas/24-008749-003/2024(H5N1)	1055	66
PB1|PP755595.1|A/cattle/Texas/24-008749-003/2024(H5N1)	1056	67
PB1|PP755595.1|A/cattle/Texas/24-008749-003/2024(H5N1)	1057	64
PB1|PP755595.1|A/cattle/Texas/24-008749-003/2024(H5N1)	1058	62
PB1|PP755595.1|A/cattle/Texas/24-008749-003/2024(H5N1)	1059	62
PB1|PP755595.1|A/cattle/Texas/24-008749-003/2024(H5N1)	1060	65
PB1|PP755595.1|A/cattle/Texas/24-008749-003/2024(H5N1)	1061	66
PB1|PP755595.1|A/cattle/Texas/24-008749-003/2024(H5N1)	1062	66
PB1|PP755595.1|A/cattle/Texas/24-008749-003/2024(H5N1)	1063	64
PB1|PP755595.1|A/cattle/Texas/24-008749-003/2024(H5N1)	1064	65
PB1|PP755595.1|A/cattle/Texas/24-008749-003/2024(H5N1)	1065	65
PB1|PP755595.1|A/cattle/Texas/24-008749-003/2024(H5N1)	1066	65
PB1|PP755595.1|A/cattle/Texas/24-008749-003/2024(H5N1)	1067	65
PB1|PP755595.1|A/cattle/Texas/24-008749-003/2024(H5N1)	1068	65
PB1|PP755595.1|A/cattle/Texas/24-008749-003/2024(H5N1)	1069	63
PB1|PP755595.1|A/cattle/Texas/24-008749-003/2024(H5N1)	1070	63
PB1|PP755595.1|A/cattle/Texas/24-008749-003/2024(H5N1)	1071	63
PB1|PP755595.1|A/cattle/Texas/24-008749-003/2024(H5N1)	1072	63
PB1|PP755595.1|A/cattle/Texas/24-008749-003/2024(H5N1)	1073	63
PB1|PP755595.1|A/cattle/Texas/24-008749-003/2024(H5N1)	1074	63
PB1|PP755595.1|A/cattle/Texas/24-008749-003/2024(H5N1)	1075	63
PB1|PP755595.1|A/cattle/Texas/24-008749-003/2024(H5N1)	1076	63
PB1|PP755595.1|A/cattle/Texas/24-008749-003/2024(H5N1)	1077	66
PB1|PP755595.1|A/cattle/Texas/24-008749-003/2024(H5N1)	1078	66
PB1|PP755595.1|A/cattle/Texas/24-008749-003/2024(H5N1)	1079	66
PB1|PP755595.1|A/cattle/Texas/24-008749-003/2024(H5N1)	1080	66
PB1|PP755595.1|A/cattle/Texas/24-008749-003/2024(H5N1)	1081	67
PB1|PP755595.1|A/cattle/Texas/24-008749-003/2024(H5N1)	1082	66
PB1|PP755595.1|A/cattle/Texas/24-008749-003/2024(H5N1)	1083	66
PB1|PP755595.1|A/cattle/Texas/24-008749-003/2024(H5N1)	1084	65
PB1|PP755595.1|A/cattle/Texas/24-008749-003/2024(H5N1)	1085	65
PB1|PP755595.1|A/cattle/Texas/24-008749-003/2024(H5N1)	1086	65
PB1|PP755595.1|A/cattle/Texas/24-008749-003/2024(H5N1)	1087	66
PB1|PP755595.1|A/cattle/Texas/24-008749-003/2024(H5N1)	1088	66
PB1|PP755595.1|A/cattle/Texas/24-008749-003/2024(H5N1)	1089	67
PB1|PP755595.1|A/cattle/Texas/24-008749-003/2024(H5N1)	1090	66
PB1|PP755595.1|A/cattle/Texas/24-008749-003/2024(H5N1)	1091	67
PB1|PP755595.1|A/cattle/Texas/24-008749-003/2024(H5N1)	1092	67
PB1|PP755595.1|A/cattle/Texas/24-008749-003/2024(H5N1)	1093	67
PB1|PP755595.1|A/cattle/Texas/24-008749-003/2024(H5N1)	1094	66
PB1|PP755595.1|A/cattle/Texas/24-008749-003/2024(H5N1)	1095	66
PB1|PP755595.1|A/cattle/Texas/24-008749-003/2024(H5N1)	1096	66
PB1|PP755595.1|A/cattle/Texas/24-008749-003/2024(H5N1)	1097	66
PB1|PP755595.1|A/cattle/Texas/24-008749-003/2024(H5N1)	1098	61
PB1|PP755595.1|A/cattle/Texas/24-008749-003/2024(H5N1)	1099	61
PB1|PP755595.1|A/cattle/Texas/24-008749-003/2024(H5N1)	1100	60
PB1|PP755595.1|A/cattle/Texas/24-008749-003/2024(H5N1)	1101	60
PB1|PP755595.1|A/cattle/Texas/24-008749-003/2024(H5N1)	1102	60
PB1|PP755595.1|A/cattle/Texas/24-008749-003/2024(H5N1)	1103	59
PB1|PP755595.1|A/cattle/Texas/24-008749-003/2024(H5N1)	1104	59
PB1|PP755595.1|A/cattle/Texas/24-008749-003/2024(H5N1)	1105	60
PB1|PP755595.1|A/cattle/Texas/24-008749-003/2024(H5N1)	1106	59
PB1|PP755595.1|A/cattle/Texas/24-008749-003/2024(H5N1)	1107	58
PB1|PP755595.1|A/cattle/Texas/24-008749-003/2024(H5N1)	1108	58
PB1|PP755595.1|A/cattle/Texas/24-008749-003/2024(H5N1)	1109	58
PB1|PP755595.1|A/cattle/Texas/24-008749-003/2024(H5N1)	1110	58
PB1|PP755595.1|A/cattle/Texas/24-008749-003/2024(H5N1)	1111	58
PB1|PP755595.1|A/cattle/Texas/24-008749-003/2024(H5N1)	1112	60
PB1|PP755595.1|A/cattle/Texas/24-008749-003/2024(H5N1)	1113	61
PB1|PP755595.1|A/cattle/Texas/24-008749-003/2024(H5N1)	1114	61
PB1|PP755595.1|A/cattle/Texas/24-008749-003/2024(H5N1)	1115	61
PB1|PP755595.1|A/cattle/Texas/24-008749-003/2024(H5N1)	1116	61
PB1|PP755595.1|A/cattle/Texas/24-008749-003/2024(H5N1)	1117	59
PB1|PP755595.1|A/cattle/Texas/24-008749-003/2024(H5N1)	1118	59
PB1|PP755595.1|A/cattle/Texas/24-008749-003/2024(H5N1)	1119	59
PB1|PP755595.1|A/cattle/Texas/24-008749-003/2024(H5N1)	1120	59
PB1|PP755595.1|A/cattle/Texas/24-008749-003/2024(H5N1)	1121	59
PB1|PP755595.1|A/cattle/Texas/24-008749-003/2024(H5N1)	1122	59
PB1|PP755595.1|A/cattle/Texas/24-008749-003/2024(H5N1)	1123	59
PB1|PP755595.1|A/cattle/Texas/24-008749-003/2024(H5N1)	1124	59
PB1|PP755595.1|A/cattle/Texas/24-008749-003/2024(H5N1)	1125	59
PB1|PP755595.1|A/cattle/Texas/24-008749-003/2024(H5N1)	1126	62
PB1|PP755595.1|A/cattle/Texas/24-008749-003/2024(H5N1)	1127	62
PB1|PP755595.1|A/cattle/Texas/24-008749-003/2024(H5N1)	1128	61
PB1|PP755595.1|A/cattle/Texas/24-008749-003/2024(H5N1)	1129	63
PB1|PP755595.1|A/cattle/Texas/24-008749-003/2024(H5N1)	1130	63
PB1|PP755595.1|A/cattle/Texas/24-008749-003/2024(H5N1)	1131	63
PB1|PP755595.1|A/cattle/Texas/24-008749-003/2024(H5N1)	1132	63
PB1|PP755595.1|A/cattle/Texas/24-008749-003/2024(H5N1)	1133	62
PB1|PP755595.1|A/cattle/Texas/24-008749-003/2024(H5N1)	1134	65
PB1|PP755595.1|A/cattle/Texas/24-008749-003/2024(H5N1)	1135	65
PB1|PP755595.1|A/cattle/Texas/24-008749-003/2024(H5N1)	1136	65
PB1|PP755595.1|A/cattle/Texas/24-008749-003/2024(H5N1)	1137	69
PB1|PP755595.1|A/cattle/Texas/24-008749-003/2024(H5N1)	1138	69
PB1|PP755595.1|A/cattle/Texas/24-008749-003/2024(H5N1)	1139	71
PB1|PP755595.1|A/cattle/Texas/24-008749-003/2024(H5N1)	1140	71
PB1|PP755595.1|A/cattle/Texas/24-008749-003/2024(H5N1)	1141	69
PB1|PP755595.1|A/cattle/Texas/24-008749-003/2024(H5N1)	1142	69
PB1|PP755595.1|A/cattle/Texas/24-008749-003/2024(H5N1)	1143	68
PB1|PP755595.1|A/cattle/Texas/24-008749-003/2024(H5N1)	1144	68
PB1|PP755595.1|A/cattle/Texas/24-008749-003/2024(H5N1)	1145	73
PB1|PP755595.1|A/cattle/Texas/24-008749-003/2024(H5N1)	1146	74
PB1|PP755595.1|A/cattle/Texas/24-008749-003/2024(H5N1)	1147	70
PB1|PP755595.1|A/cattle/Texas/24-008749-003/2024(H5N1)	1148	70
PB1|PP755595.1|A/cattle/Texas/24-008749-003/2024(H5N1)	1149	70
PB1|PP755595.1|A/cattle/Texas/24-008749-003/2024(H5N1)	1150	70
PB1|PP755595.1|A/cattle/Texas/24-008749-003/2024(H5N1)	1151	73
PB1|PP755595.1|A/cattle/Texas/24-008749-003/2024(H5N1)	1152	73
PB1|PP755595.1|A/cattle/Texas/24-008749-003/2024(H5N1)	1153	73
PB1|PP755595.1|A/cattle/Texas/24-008749-003/2024(H5N1)	1154	73
PB1|PP755595.1|A/cattle/Texas/24-008749-003/2024(H5N1)	1155	72
PB1|PP755595.1|A/cattle/Texas/24-008749-003/2024(H5N1)	1156	75
PB1|PP755595.1|A/cattle/Texas/24-008749-003/2024(H5N1)	1157	74
PB1|PP755595.1|A/cattle/Texas/24-008749-003/2024(H5N1)	1158	75
PB1|PP755595.1|A/cattle/Texas/24-008749-003/2024(H5N1)	1159	72
PB1|PP755595.1|A/cattle/Texas/24-008749-003/2024(H5N1)	1160	72
PB1|PP755595.1|A/cattle/Texas/24-008749-003/2024(H5N1)	1161	72
PB1|PP755595.1|A/cattle/Texas/24-008749-003/2024(H5N1)	1162	73
PB1|PP755595.1|A/cattle/Texas/24-008749-003/2024(H5N1)	1163	73
PB1|PP755595.1|A/cattle/Texas/24-008749-003/2024(H5N1)	1164	68
PB1|PP755595.1|A/cattle/Texas/24-008749-003/2024(H5N1)	1165	68
PB1|PP755595.1|A/cattle/Texas/24-008749-003/2024(H5N1)	1166	68
PB1|PP755595.1|A/cattle/Texas/24-008749-003/2024(H5N1)	1167	68
PB1|PP755595.1|A/cattle/Texas/24-008749-003/2024(H5N1)	1168	68
PB1|PP755595.1|A/cattle/Texas/24-008749-003/2024(H5N1)	1169	67
PB1|PP755595.1|A/cattle/Texas/24-008749-003/2024(H5N1)	1170	67
PB1|PP755595.1|A/cattle/Texas/24-008749-003/2024(H5N1)	1171	67
PB1|PP755595.1|A/cattle/Texas/24-008749-003/2024(H5N1)	1172	66
PB1|PP755595.1|A/cattle/Texas/24-008749-003/2024(H5N1)	1173	66
PB1|PP755595.1|A/cattle/Texas/24-008749-003/2024(H5N1)	1174	66
PB1|PP755595.1|A/cattle/Texas/24-008749-003/2024(H5N1)	1175	66
PB1|PP755595.1|A/cattle/Texas/24-008749-003/2024(H5N1)	1176	66
PB1|PP755595.1|A/cattle/Texas/24-008749-003/2024(H5N1)	1177	66
PB1|PP755595.1|A/cattle/Texas/24-008749-003/2024(H5N1)	1178	67
PB1|PP755595.1|A/cattle/Texas/24-008749-003/2024(H5N1)	1179	67
PB1|PP755595.1|A/cattle/Texas/24-008749-003/2024(H5N1)	1180	68
PB1|PP755595.1|A/cattle/Texas/24-008749-003/2024(H5N1)	1181	70
PB1|PP755595.1|A/cattle/Texas/24-008749-003/2024(H5N1)	1182	69
PB1|PP755595.1|A/cattle/Texas/24-008749-003/2024(H5N1)	1183	70
PB1|PP755595.1|A/cattle/Texas/24-008749-003/2024(H5N1)	1184	70
PB1|PP755595.1|A/cattle/Texas/24-008749-003/2024(H5N1)	1185	70
PB1|PP755595.1|A/cattle/Texas/24-008749-003/2024(H5N1)	1186	70
PB1|PP755595.1|A/cattle/Texas/24-008749-003/2024(H5N1)	1187	70
PB1|PP755595.1|A/cattle/Texas/24-008749-003/2024(H5N1)	1188	70
PB1|PP755595.1|A/cattle/Texas/24-008749-003/2024(H5N1)	1189	70
PB1|PP755595.1|A/cattle/Texas/24-008749-003/2024(H5N1)	1190	70
PB1|PP755595.1|A/cattle/Texas/24-008749-003/2024(H5N1)	1191	77
PB1|PP755595.1|A/cattle/Texas/24-008749-003/2024(H5N1)	1192	73
PB1|PP755595.1|A/cattle/Texas/24-008749-003/2024(H5N1)	1193	72
PB1|PP755595.1|A/cattle/Texas/24-008749-003/2024(H5N1)	1194	73
PB1|PP755595.1|A/cattle/Texas/24-008749-003/2024(H5N1)	1195	73
PB1|PP755595.1|A/cattle/Texas/24-008749-003/2024(H5N1)	1196	73
PB1|PP755595.1|A/cattle/Texas/24-008749-003/2024(H5N1)	1197	73
PB1|PP755595.1|A/cattle/Texas/24-008749-003/2024(H5N1)	1198	73
PB1|PP755595.1|A/cattle/Texas/24-008749-003/2024(H5N1)	1199	72
PB1|PP755595.1|A/cattle/Texas/24-008749-003/2024(H5N1)	1200	68
PB1|PP755595.1|A/cattle/Texas/24-008749-003/2024(H5N1)	1201	74
PB1|PP755595.1|A/cattle/Texas/24-008749-003/2024(H5N1)	1202	73
PB1|PP755595.1|A/cattle/Texas/24-008749-003/2024(H5N1)	1203	72
PB1|PP755595.1|A/cattle/Texas/24-008749-003/2024(H5N1)	1204	71
PB1|PP755595.1|A/cattle/Texas/24-008749-003/2024(H5N1)	1205	67
PB1|PP755595.1|A/cattle/Texas/24-008749-003/2024(H5N1)	1206	66
PB1|PP755595.1|A/cattle/Texas/24-008749-003/2024(H5N1)	1207	66
PB1|PP755595.1|A/cattle/Texas/24-008749-003/2024(H5N1)	1208	66
PB1|PP755595.1|A/cattle/Texas/24-008749-003/2024(H5N1)	1209	66
PB1|PP755595.1|A/cattle/Texas/24-008749-003/2024(H5N1)	1210	65
PB1|PP755595.1|A/cattle/Texas/24-008749-003/2024(H5N1)	1211	63
PB1|PP755595.1|A/cattle/Texas/24-008749-003/2024(H5N1)	1212	64
PB1|PP755595.1|A/cattle/Texas/24-008749-003/2024(H5N1)	1213	64
PB1|PP755595.1|A/cattle/Texas/24-008749-003/2024(H5N1)	1214	65
PB1|PP755595.1|A/cattle/Texas/24-008749-003/2024(H5N1)	1215	64
PB1|PP755595.1|A/cattle/Texas/24-008749-003/2024(H5N1)	1216	65
PB1|PP755595.1|A/cattle/Texas/24-008749-003/2024(H5N1)	1217	66
PB1|PP755595.1|A/cattle/Texas/24-008749-003/2024(H5N1)	1218	66
PB1|PP755595.1|A/cattle/Texas/24-008749-003/2024(H5N1)	1219	65
PB1|PP755595.1|A/cattle/Texas/24-008749-003/2024(H5N1)	1220	65
PB1|PP755595.1|A/cattle/Texas/24-008749-003/2024(H5N1)	1221	66
PB1|PP755595.1|A/cattle/Texas/24-008749-003/2024(H5N1)	1222	66
PB1|PP755595.1|A/cattle/Texas/24-008749-003/2024(H5N1)	1223	66
PB1|PP755595.1|A/cattle/Texas/24-008749-003/2024(H5N1)	1224	66
PB1|PP755595.1|A/cattle/Texas/24-008749-003/2024(H5N1)	1225	66
PB1|PP755595.1|A/cattle/Texas/24-008749-003/2024(H5N1)	1226	63
PB1|PP755595.1|A/cattle/Texas/24-008749-003/2024(H5N1)	1227	63
PB1|PP755595.1|A/cattle/Texas/24-008749-003/2024(H5N1)	1228	63
PB1|PP755595.1|A/cattle/Texas/24-008749-003/2024(H5N1)	1229	63
PB1|PP755595.1|A/cattle/Texas/24-008749-003/2024(H5N1)	1230	62
PB1|PP755595.1|A/cattle/Texas/24-008749-003/2024(H5N1)	1231	63
PB1|PP755595.1|A/cattle/Texas/24-008749-003/2024(H5N1)	1232	64
PB1|PP755595.1|A/cattle/Texas/24-008749-003/2024(H5N1)	1233	66
PB1|PP755595.1|A/cattle/Texas/24-008749-003/2024(H5N1)	1234	69
PB1|PP755595.1|A/cattle/Texas/24-008749-003/2024(H5N1)	1235	69
PB1|PP755595.1|A/cattle/Texas/24-008749-003/2024(H5N1)	1236	69
PB1|PP755595.1|A/cattle/Texas/24-008749-003/2024(H5N1)	1237	69
PB1|PP755595.1|A/cattle/Texas/24-008749-003/2024(H5N1)	1238	69
PB1|PP755595.1|A/cattle/Texas/24-008749-003/2024(H5N1)	1239	69
PB1|PP755595.1|A/cattle/Texas/24-008749-003/2024(H5N1)	1240	69
PB1|PP755595.1|A/cattle/Texas/24-008749-003/2024(H5N1)	1241	69
PB1|PP755595.1|A/cattle/Texas/24-008749-003/2024(H5N1)	1242	71
PB1|PP755595.1|A/cattle/Texas/24-008749-003/2024(H5N1)	1243	71
PB1|PP755595.1|A/cattle/Texas/24-008749-003/2024(H5N1)	1244	71
PB1|PP755595.1|A/cattle/Texas/24-008749-003/2024(H5N1)	1245	70
PB1|PP755595.1|A/cattle/Texas/24-008749-003/2024(H5N1)	1246	70
PB1|PP755595.1|A/cattle/Texas/24-008749-003/2024(H5N1)	1247	75
PB1|PP755595.1|A/cattle/Texas/24-008749-003/2024(H5N1)	1248	75
PB1|PP755595.1|A/cattle/Texas/24-008749-003/2024(H5N1)	1249	75
PB1|PP755595.1|A/cattle/Texas/24-008749-003/2024(H5N1)	1250	76
PB1|PP755595.1|A/cattle/Texas/24-008749-003/2024(H5N1)	1251	76
PB1|PP755595.1|A/cattle/Texas/24-008749-003/2024(H5N1)	1252	81
PB1|PP755595.1|A/cattle/Texas/24-008749-003/2024(H5N1)	1253	81
PB1|PP755595.1|A/cattle/Texas/24-008749-003/2024(H5N1)	1254	81
PB1|PP755595.1|A/cattle/Texas/24-008749-003/2024(H5N1)	1255	81
PB1|PP755595.1|A/cattle/Texas/24-008749-003/2024(H5N1)	1256	81
PB1|PP755595.1|A/cattle/Texas/24-008749-003/2024(H5N1)	1257	81
PB1|PP755595.1|A/cattle/Texas/24-008749-003/2024(H5N1)	1258	83
PB1|PP755595.1|A/cattle/Texas/24-008749-003/2024(H5N1)	1259	83
PB1|PP755595.1|A/cattle/Texas/24-008749-003/2024(H5N1)	1260	82
PB1|PP755595.1|A/cattle/Texas/24-008749-003/2024(H5N1)	1261	82
PB1|PP755595.1|A/cattle/Texas/24-008749-003/2024(H5N1)	1262	81
PB1|PP755595.1|A/cattle/Texas/24-008749-003/2024(H5N1)	1263	81
PB1|PP755595.1|A/cattle/Texas/24-008749-003/2024(H5N1)	1264	83
PB1|PP755595.1|A/cattle/Texas/24-008749-003/2024(H5N1)	1265	83
PB1|PP755595.1|A/cattle/Texas/24-008749-003/2024(H5N1)	1266	83
PB1|PP755595.1|A/cattle/Texas/24-008749-003/2024(H5N1)	1267	83
PB1|PP755595.1|A/cattle/Texas/24-008749-003/2024(H5N1)	1268	83
PB1|PP755595.1|A/cattle/Texas/24-008749-003/2024(H5N1)	1269	83
PB1|PP755595.1|A/cattle/Texas/24-008749-003/2024(H5N1)	1270	83
PB1|PP755595.1|A/cattle/Texas/24-008749-003/2024(H5N1)	1271	83
PB1|PP755595.1|A/cattle/Texas/24-008749-003/2024(H5N1)	1272	83
PB1|PP755595.1|A/cattle/Texas/24-008749-003/2024(H5N1)	1273	83
PB1|PP755595.1|A/cattle/Texas/24-008749-003/2024(H5N1)	1274	84
PB1|PP755595.1|A/cattle/Texas/24-008749-003/2024(H5N1)	1275	84
PB1|PP755595.1|A/cattle/Texas/24-008749-003/2024(H5N1)	1276	84
PB1|PP755595.1|A/cattle/Texas/24-008749-003/2024(H5N1)	1277	81
PB1|PP755595.1|A/cattle/Texas/24-008749-003/2024(H5N1)	1278	81
PB1|PP755595.1|A/cattle/Texas/24-008749-003/2024(H5N1)	1279	83
PB1|PP755595.1|A/cattle/Texas/24-008749-003/2024(H5N1)	1280	88
PB1|PP755595.1|A/cattle/Texas/24-008749-003/2024(H5N1)	1281	88
PB1|PP755595.1|A/cattle/Texas/24-008749-003/2024(H5N1)	1282	88
PB1|PP755595.1|A/cattle/Texas/24-008749-003/2024(H5N1)	1283	88
PB1|PP755595.1|A/cattle/Texas/24-008749-003/2024(H5N1)	1284	88
PB1|PP755595.1|A/cattle/Texas/24-008749-003/2024(H5N1)	1285	85
PB1|PP755595.1|A/cattle/Texas/24-008749-003/2024(H5N1)	1286	85
PB1|PP755595.1|A/cattle/Texas/24-008749-003/2024(H5N1)	1287	85
PB1|PP755595.1|A/cattle/Texas/24-008749-003/2024(H5N1)	1288	81
PB1|PP755595.1|A/cattle/Texas/24-008749-003/2024(H5N1)	1289	81
PB1|PP755595.1|A/cattle/Texas/24-008749-003/2024(H5N1)	1290	79
PB1|PP755595.1|A/cattle/Texas/24-008749-003/2024(H5N1)	1291	80
PB1|PP755595.1|A/cattle/Texas/24-008749-003/2024(H5N1)	1292	81
PB1|PP755595.1|A/cattle/Texas/24-008749-003/2024(H5N1)	1293	82
PB1|PP755595.1|A/cattle/Texas/24-008749-003/2024(H5N1)	1294	82
PB1|PP755595.1|A/cattle/Texas/24-008749-003/2024(H5N1)	1295	82
PB1|PP755595.1|A/cattle/Texas/24-008749-003/2024(H5N1)	1296	77
PB1|PP755595.1|A/cattle/Texas/24-008749-003/2024(H5N1)	1297	76
PB1|PP755595.1|A/cattle/Texas/24-008749-003/2024(H5N1)	1298	76
PB1|PP755595.1|A/cattle/Texas/24-008749-003/2024(H5N1)	1299	77
PB1|PP755595.1|A/cattle/Texas/24-008749-003/2024(H5N1)	1300	88
PB1|PP755595.1|A/cattle/Texas/24-008749-003/2024(H5N1)	1301	93
PB1|PP755595.1|A/cattle/Texas/24-008749-003/2024(H5N1)	1302	90
PB1|PP755595.1|A/cattle/Texas/24-008749-003/2024(H5N1)	1303	93
PB1|PP755595.1|A/cattle/Texas/24-008749-003/2024(H5N1)	1304	93
PB1|PP755595.1|A/cattle/Texas/24-008749-003/2024(H5N1)	1305	93
PB1|PP755595.1|A/cattle/Texas/24-008749-003/2024(H5N1)	1306	95
PB1|PP755595.1|A/cattle/Texas/24-008749-003/2024(H5N1)	1307	92
PB1|PP755595.1|A/cattle/Texas/24-008749-003/2024(H5N1)	1308	94
PB1|PP755595.1|A/cattle/Texas/24-008749-003/2024(H5N1)	1309	93
PB1|PP755595.1|A/cattle/Texas/24-008749-003/2024(H5N1)	1310	94
PB1|PP755595.1|A/cattle/Texas/24-008749-003/2024(H5N1)	1311	97
PB1|PP755595.1|A/cattle/Texas/24-008749-003/2024(H5N1)	1312	96
PB1|PP755595.1|A/cattle/Texas/24-008749-003/2024(H5N1)	1313	96
PB1|PP755595.1|A/cattle/Texas/24-008749-003/2024(H5N1)	1314	96
PB1|PP755595.1|A/cattle/Texas/24-008749-003/2024(H5N1)	1315	96
PB1|PP755595.1|A/cattle/Texas/24-008749-003/2024(H5N1)	1316	97
PB1|PP755595.1|A/cattle/Texas/24-008749-003/2024(H5N1)	1317	97
PB1|PP755595.1|A/cattle/Texas/24-008749-003/2024(H5N1)	1318	97
PB1|PP755595.1|A/cattle/Texas/24-008749-003/2024(H5N1)	1319	98
PB1|PP755595.1|A/cattle/Texas/24-008749-003/2024(H5N1)	1320	98
PB1|PP755595.1|A/cattle/Texas/24-008749-003/2024(H5N1)	1321	103
PB1|PP755595.1|A/cattle/Texas/24-008749-003/2024(H5N1)	1322	103
PB1|PP755595.1|A/cattle/Texas/24-008749-003/2024(H5N1)	1323	102
PB1|PP755595.1|A/cattle/Texas/24-008749-003/2024(H5N1)	1324	102
PB1|PP755595.1|A/cattle/Texas/24-008749-003/2024(H5N1)	1325	102
PB1|PP755595.1|A/cattle/Texas/24-008749-003/2024(H5N1)	1326	102
PB1|PP755595.1|A/cattle/Texas/24-008749-003/2024(H5N1)	1327	102
PB1|PP755595.1|A/cattle/Texas/24-008749-003/2024(H5N1)	1328	102
PB1|PP755595.1|A/cattle/Texas/24-008749-003/2024(H5N1)	1329	102
PB1|PP755595.1|A/cattle/Texas/24-008749-003/2024(H5N1)	1330	101
PB1|PP755595.1|A/cattle/Texas/24-008749-003/2024(H5N1)	1331	100
PB1|PP755595.1|A/cattle/Texas/24-008749-003/2024(H5N1)	1332	98
PB1|PP755595.1|A/cattle/Texas/24-008749-003/2024(H5N1)	1333	98
PB1|PP755595.1|A/cattle/Texas/24-008749-003/2024(H5N1)	1334	98
PB1|PP755595.1|A/cattle/Texas/24-008749-003/2024(H5N1)	1335	98
PB1|PP755595.1|A/cattle/Texas/24-008749-003/2024(H5N1)	1336	98
PB1|PP755595.1|A/cattle/Texas/24-008749-003/2024(H5N1)	1337	98
PB1|PP755595.1|A/cattle/Texas/24-008749-003/2024(H5N1)	1338	98
PB1|PP755595.1|A/cattle/Texas/24-008749-003/2024(H5N1)	1339	99
PB1|PP755595.1|A/cattle/Texas/24-008749-003/2024(H5N1)	1340	99
PB1|PP755595.1|A/cattle/Texas/24-008749-003/2024(H5N1)	1341	99
PB1|PP755595.1|A/cattle/Texas/24-008749-003/2024(H5N1)	1342	92
PB1|PP755595.1|A/cattle/Texas/24-008749-003/2024(H5N1)	1343	91
PB1|PP755595.1|A/cattle/Texas/24-008749-003/2024(H5N1)	1344	91
PB1|PP755595.1|A/cattle/Texas/24-008749-003/2024(H5N1)	1345	93
PB1|PP755595.1|A/cattle/Texas/24-008749-003/2024(H5N1)	1346	93
PB1|PP755595.1|A/cattle/Texas/24-008749-003/2024(H5N1)	1347	95
PB1|PP755595.1|A/cattle/Texas/24-008749-003/2024(H5N1)	1348	95
PB1|PP755595.1|A/cattle/Texas/24-008749-003/2024(H5N1)	1349	95
PB1|PP755595.1|A/cattle/Texas/24-008749-003/2024(H5N1)	1350	95
PB1|PP755595.1|A/cattle/Texas/24-008749-003/2024(H5N1)	1351	95
PB1|PP755595.1|A/cattle/Texas/24-008749-003/2024(H5N1)	1352	90
PB1|PP755595.1|A/cattle/Texas/24-008749-003/2024(H5N1)	1353	90
PB1|PP755595.1|A/cattle/Texas/24-008749-003/2024(H5N1)	1354	89
PB1|PP755595.1|A/cattle/Texas/24-008749-003/2024(H5N1)	1355	89
PB1|PP755595.1|A/cattle/Texas/24-008749-003/2024(H5N1)	1356	88
PB1|PP755595.1|A/cattle/Texas/24-008749-003/2024(H5N1)	1357	88
PB1|PP755595.1|A/cattle/Texas/24-008749-003/2024(H5N1)	1358	89
PB1|PP755595.1|A/cattle/Texas/24-008749-003/2024(H5N1)	1359	89
PB1|PP755595.1|A/cattle/Texas/24-008749-003/2024(H5N1)	1360	89
PB1|PP755595.1|A/cattle/Texas/24-008749-003/2024(H5N1)	1361	87
PB1|PP755595.1|A/cattle/Texas/24-008749-003/2024(H5N1)	1362	87
PB1|PP755595.1|A/cattle/Texas/24-008749-003/2024(H5N1)	1363	87
PB1|PP755595.1|A/cattle/Texas/24-008749-003/2024(H5N1)	1364	88
PB1|PP755595.1|A/cattle/Texas/24-008749-003/2024(H5N1)	1365	87
PB1|PP755595.1|A/cattle/Texas/24-008749-003/2024(H5N1)	1366	86
PB1|PP755595.1|A/cattle/Texas/24-008749-003/2024(H5N1)	1367	86
PB1|PP755595.1|A/cattle/Texas/24-008749-003/2024(H5N1)	1368	85
PB1|PP755595.1|A/cattle/Texas/24-008749-003/2024(H5N1)	1369	85
PB1|PP755595.1|A/cattle/Texas/24-008749-003/2024(H5N1)	1370	86
PB1|PP755595.1|A/cattle/Texas/24-008749-003/2024(H5N1)	1371	86
PB1|PP755595.1|A/cattle/Texas/24-008749-003/2024(H5N1)	1372	86
PB1|PP755595.1|A/cattle/Texas/24-008749-003/2024(H5N1)	1373	86
PB1|PP755595.1|A/cattle/Texas/24-008749-003/2024(H5N1)	1374	86
PB1|PP755595.1|A/cattle/Texas/24-008749-003/2024(H5N1)	1375	88
PB1|PP755595.1|A/cattle/Texas/24-008749-003/2024(H5N1)	1376	88
PB1|PP755595.1|A/cattle/Texas/24-008749-003/2024(H5N1)	1377	90
PB1|PP755595.1|A/cattle/Texas/24-008749-003/2024(H5N1)	1378	90
PB1|PP755595.1|A/cattle/Texas/24-008749-003/2024(H5N1)	1379	154
PB1|PP755595.1|A/cattle/Texas/24-008749-003/2024(H5N1)	1380	158
PB1|PP755595.1|A/cattle/Texas/24-008749-003/2024(H5N1)	1381	158
PB1|PP755595.1|A/cattle/Texas/24-008749-003/2024(H5N1)	1382	162
PB1|PP755595.1|A/cattle/Texas/24-008749-003/2024(H5N1)	1383	160
PB1|PP755595.1|A/cattle/Texas/24-008749-003/2024(H5N1)	1384	192
PB1|PP755595.1|A/cattle/Texas/24-008749-003/2024(H5N1)	1385	194
PB1|PP755595.1|A/cattle/Texas/24-008749-003/2024(H5N1)	1386	195
PB1|PP755595.1|A/cattle/Texas/24-008749-003/2024(H5N1)	1387	196
PB1|PP755595.1|A/cattle/Texas/24-008749-003/2024(H5N1)	1388	195
PB1|PP755595.1|A/cattle/Texas/24-008749-003/2024(H5N1)	1389	195
PB1|PP755595.1|A/cattle/Texas/24-008749-003/2024(H5N1)	1390	195
PB1|PP755595.1|A/cattle/Texas/24-008749-003/2024(H5N1)	1391	194
PB1|PP755595.1|A/cattle/Texas/24-008749-003/2024(H5N1)	1392	191
PB1|PP755595.1|A/cattle/Texas/24-008749-003/2024(H5N1)	1393	189
PB1|PP755595.1|A/cattle/Texas/24-008749-003/2024(H5N1)	1394	192
PB1|PP755595.1|A/cattle/Texas/24-008749-003/2024(H5N1)	1395	216
PB1|PP755595.1|A/cattle/Texas/24-008749-003/2024(H5N1)	1396	216
PB1|PP755595.1|A/cattle/Texas/24-008749-003/2024(H5N1)	1397	217
PB1|PP755595.1|A/cattle/Texas/24-008749-003/2024(H5N1)	1398	237
PB1|PP755595.1|A/cattle/Texas/24-008749-003/2024(H5N1)	1399	237
PB1|PP755595.1|A/cattle/Texas/24-008749-003/2024(H5N1)	1400	248
PB1|PP755595.1|A/cattle/Texas/24-008749-003/2024(H5N1)	1401	247
PB1|PP755595.1|A/cattle/Texas/24-008749-003/2024(H5N1)	1402	247
PB1|PP755595.1|A/cattle/Texas/24-008749-003/2024(H5N1)	1403	244
PB1|PP755595.1|A/cattle/Texas/24-008749-003/2024(H5N1)	1404	244
PB1|PP755595.1|A/cattle/Texas/24-008749-003/2024(H5N1)	1405	245
PB1|PP755595.1|A/cattle/Texas/24-008749-003/2024(H5N1)	1406	259
PB1|PP755595.1|A/cattle/Texas/24-008749-003/2024(H5N1)	1407	257
PB1|PP755595.1|A/cattle/Texas/24-008749-003/2024(H5N1)	1408	254
PB1|PP755595.1|A/cattle/Texas/24-008749-003/2024(H5N1)	1409	254
PB1|PP755595.1|A/cattle/Texas/24-008749-003/2024(H5N1)	1410	256
PB1|PP755595.1|A/cattle/Texas/24-008749-003/2024(H5N1)	1411	256
PB1|PP755595.1|A/cattle/Texas/24-008749-003/2024(H5N1)	1412	256
PB1|PP755595.1|A/cattle/Texas/24-008749-003/2024(H5N1)	1413	256
PB1|PP755595.1|A/cattle/Texas/24-008749-003/2024(H5N1)	1414	258
PB1|PP755595.1|A/cattle/Texas/24-008749-003/2024(H5N1)	1415	255
PB1|PP755595.1|A/cattle/Texas/24-008749-003/2024(H5N1)	1416	258
PB1|PP755595.1|A/cattle/Texas/24-008749-003/2024(H5N1)	1417	258
PB1|PP755595.1|A/cattle/Texas/24-008749-003/2024(H5N1)	1418	260
PB1|PP755595.1|A/cattle/Texas/24-008749-003/2024(H5N1)	1419	260
PB1|PP755595.1|A/cattle/Texas/24-008749-003/2024(H5N1)	1420	260
PB1|PP755595.1|A/cattle/Texas/24-008749-003/2024(H5N1)	1421	272
PB1|PP755595.1|A/cattle/Texas/24-008749-003/2024(H5N1)	1422	277
PB1|PP755595.1|A/cattle/Texas/24-008749-003/2024(H5N1)	1423	278
PB1|PP755595.1|A/cattle/Texas/24-008749-003/2024(H5N1)	1424	278
PB1|PP755595.1|A/cattle/Texas/24-008749-003/2024(H5N1)	1425	278
PB1|PP755595.1|A/cattle/Texas/24-008749-003/2024(H5N1)	1426	278
PB1|PP755595.1|A/cattle/Texas/24-008749-003/2024(H5N1)	1427	278
PB1|PP755595.1|A/cattle/Texas/24-008749-003/2024(H5N1)	1428	278
PB1|PP755595.1|A/cattle/Texas/24-008749-003/2024(H5N1)	1429	279
PB1|PP755595.1|A/cattle/Texas/24-008749-003/2024(H5N1)	1430	270
PB1|PP755595.1|A/cattle/Texas/24-008749-003/2024(H5N1)	1431	272
PB1|PP755595.1|A/cattle/Texas/24-008749-003/2024(H5N1)	1432	275
PB1|PP755595.1|A/cattle/Texas/24-008749-003/2024(H5N1)	1433	276
PB1|PP755595.1|A/cattle/Texas/24-008749-003/2024(H5N1)	1434	276
PB1|PP755595.1|A/cattle/Texas/24-008749-003/2024(H5N1)	1435	281
PB1|PP755595.1|A/cattle/Texas/24-008749-003/2024(H5N1)	1436	285
PB1|PP755595.1|A/cattle/Texas/24-008749-003/2024(H5N1)	1437	288
PB1|PP755595.1|A/cattle/Texas/24-008749-003/2024(H5N1)	1438	288
PB1|PP755595.1|A/cattle/Texas/24-008749-003/2024(H5N1)	1439	288
PB1|PP755595.1|A/cattle/Texas/24-008749-003/2024(H5N1)	1440	288
PB1|PP755595.1|A/cattle/Texas/24-008749-003/2024(H5N1)	1441	294
PB1|PP755595.1|A/cattle/Texas/24-008749-003/2024(H5N1)	1442	294
PB1|PP755595.1|A/cattle/Texas/24-008749-003/2024(H5N1)	1443	309
PB1|PP755595.1|A/cattle/Texas/24-008749-003/2024(H5N1)	1444	309
PB1|PP755595.1|A/cattle/Texas/24-008749-003/2024(H5N1)	1445	310
PB1|PP755595.1|A/cattle/Texas/24-008749-003/2024(H5N1)	1446	309
PB1|PP755595.1|A/cattle/Texas/24-008749-003/2024(H5N1)	1447	315
PB1|PP755595.1|A/cattle/Texas/24-008749-003/2024(H5N1)	1448	318
PB1|PP755595.1|A/cattle/Texas/24-008749-003/2024(H5N1)	1449	317
PB1|PP755595.1|A/cattle/Texas/24-008749-003/2024(H5N1)	1450	317
PB1|PP755595.1|A/cattle/Texas/24-008749-003/2024(H5N1)	1451	309
PB1|PP755595.1|A/cattle/Texas/24-008749-003/2024(H5N1)	1452	313
PB1|PP755595.1|A/cattle/Texas/24-008749-003/2024(H5N1)	1453	315
PB1|PP755595.1|A/cattle/Texas/24-008749-003/2024(H5N1)	1454	313
PB1|PP755595.1|A/cattle/Texas/24-008749-003/2024(H5N1)	1455	313
PB1|PP755595.1|A/cattle/Texas/24-008749-003/2024(H5N1)	1456	313
PB1|PP755595.1|A/cattle/Texas/24-008749-003/2024(H5N1)	1457	318
PB1|PP755595.1|A/cattle/Texas/24-008749-003/2024(H5N1)	1458	321
PB1|PP755595.1|A/cattle/Texas/24-008749-003/2024(H5N1)	1459	321
PB1|PP755595.1|A/cattle/Texas/24-008749-003/2024(H5N1)	1460	320
PB1|PP755595.1|A/cattle/Texas/24-008749-003/2024(H5N1)	1461	317
PB1|PP755595.1|A/cattle/Texas/24-008749-003/2024(H5N1)	1462	319
PB1|PP755595.1|A/cattle/Texas/24-008749-003/2024(H5N1)	1463	328
PB1|PP755595.1|A/cattle/Texas/24-008749-003/2024(H5N1)	1464	329
PB1|PP755595.1|A/cattle/Texas/24-008749-003/2024(H5N1)	1465	335
PB1|PP755595.1|A/cattle/Texas/24-008749-003/2024(H5N1)	1466	346
PB1|PP755595.1|A/cattle/Texas/24-008749-003/2024(H5N1)	1467	343
PB1|PP755595.1|A/cattle/Texas/24-008749-003/2024(H5N1)	1468	344
PB1|PP755595.1|A/cattle/Texas/24-008749-003/2024(H5N1)	1469	344
PB1|PP755595.1|A/cattle/Texas/24-008749-003/2024(H5N1)	1470	346
PB1|PP755595.1|A/cattle/Texas/24-008749-003/2024(H5N1)	1471	348
PB1|PP755595.1|A/cattle/Texas/24-008749-003/2024(H5N1)	1472	350
PB1|PP755595.1|A/cattle/Texas/24-008749-003/2024(H5N1)	1473	351
PB1|PP755595.1|A/cattle/Texas/24-008749-003/2024(H5N1)	1474	351
PB1|PP755595.1|A/cattle/Texas/24-008749-003/2024(H5N1)	1475	351
PB1|PP755595.1|A/cattle/Texas/24-008749-003/2024(H5N1)	1476	351
PB1|PP755595.1|A/cattle/Texas/24-008749-003/2024(H5N1)	1477	351
PB1|PP755595.1|A/cattle/Texas/24-008749-003/2024(H5N1)	1478	351
PB1|PP755595.1|A/cattle/Texas/24-008749-003/2024(H5N1)	1479	351
PB1|PP755595.1|A/cattle/Texas/24-008749-003/2024(H5N1)	1480	351
PB1|PP755595.1|A/cattle/Texas/24-008749-003/2024(H5N1)	1481	352
PB1|PP755595.1|A/cattle/Texas/24-008749-003/2024(H5N1)	1482	355
PB1|PP755595.1|A/cattle/Texas/24-008749-003/2024(H5N1)	1483	355
PB1|PP755595.1|A/cattle/Texas/24-008749-003/2024(H5N1)	1484	355
PB1|PP755595.1|A/cattle/Texas/24-008749-003/2024(H5N1)	1485	355
PB1|PP755595.1|A/cattle/Texas/24-008749-003/2024(H5N1)	1486	357
PB1|PP755595.1|A/cattle/Texas/24-008749-003/2024(H5N1)	1487	357
PB1|PP755595.1|A/cattle/Texas/24-008749-003/2024(H5N1)	1488	376
PB1|PP755595.1|A/cattle/Texas/24-008749-003/2024(H5N1)	1489	387
PB1|PP755595.1|A/cattle/Texas/24-008749-003/2024(H5N1)	1490	397
PB1|PP755595.1|A/cattle/Texas/24-008749-003/2024(H5N1)	1491	397
PB1|PP755595.1|A/cattle/Texas/24-008749-003/2024(H5N1)	1492	398
PB1|PP755595.1|A/cattle/Texas/24-008749-003/2024(H5N1)	1493	403
PB1|PP755595.1|A/cattle/Texas/24-008749-003/2024(H5N1)	1494	403
PB1|PP755595.1|A/cattle/Texas/24-008749-003/2024(H5N1)	1495	403
PB1|PP755595.1|A/cattle/Texas/24-008749-003/2024(H5N1)	1496	403
PB1|PP755595.1|A/cattle/Texas/24-008749-003/2024(H5N1)	1497	401
PB1|PP755595.1|A/cattle/Texas/24-008749-003/2024(H5N1)	1498	402
PB1|PP755595.1|A/cattle/Texas/24-008749-003/2024(H5N1)	1499	419
PB1|PP755595.1|A/cattle/Texas/24-008749-003/2024(H5N1)	1500	421
PB1|PP755595.1|A/cattle/Texas/24-008749-003/2024(H5N1)	1501	424
PB1|PP755595.1|A/cattle/Texas/24-008749-003/2024(H5N1)	1502	424
PB1|PP755595.1|A/cattle/Texas/24-008749-003/2024(H5N1)	1503	423
PB1|PP755595.1|A/cattle/Texas/24-008749-003/2024(H5N1)	1504	424
PB1|PP755595.1|A/cattle/Texas/24-008749-003/2024(H5N1)	1505	425
PB1|PP755595.1|A/cattle/Texas/24-008749-003/2024(H5N1)	1506	425
PB1|PP755595.1|A/cattle/Texas/24-008749-003/2024(H5N1)	1507	425
PB1|PP755595.1|A/cattle/Texas/24-008749-003/2024(H5N1)	1508	425
PB1|PP755595.1|A/cattle/Texas/24-008749-003/2024(H5N1)	1509	424
PB1|PP755595.1|A/cattle/Texas/24-008749-003/2024(H5N1)	1510	424
PB1|PP755595.1|A/cattle/Texas/24-008749-003/2024(H5N1)	1511	425
PB1|PP755595.1|A/cattle/Texas/24-008749-003/2024(H5N1)	1512	433
PB1|PP755595.1|A/cattle/Texas/24-008749-003/2024(H5N1)	1513	431
PB1|PP755595.1|A/cattle/Texas/24-008749-003/2024(H5N1)	1514	432
PB1|PP755595.1|A/cattle/Texas/24-008749-003/2024(H5N1)	1515	432
PB1|PP755595.1|A/cattle/Texas/24-008749-003/2024(H5N1)	1516	432
PB1|PP755595.1|A/cattle/Texas/24-008749-003/2024(H5N1)	1517	440
PB1|PP755595.1|A/cattle/Texas/24-008749-003/2024(H5N1)	1518	455
PB1|PP755595.1|A/cattle/Texas/24-008749-003/2024(H5N1)	1519	453
PB1|PP755595.1|A/cattle/Texas/24-008749-003/2024(H5N1)	1520	453
PB1|PP755595.1|A/cattle/Texas/24-008749-003/2024(H5N1)	1521	449
PB1|PP755595.1|A/cattle/Texas/24-008749-003/2024(H5N1)	1522	463
PB1|PP755595.1|A/cattle/Texas/24-008749-003/2024(H5N1)	1523	463
PB1|PP755595.1|A/cattle/Texas/24-008749-003/2024(H5N1)	1524	432
PB1|PP755595.1|A/cattle/Texas/24-008749-003/2024(H5N1)	1525	428
PB1|PP755595.1|A/cattle/Texas/24-008749-003/2024(H5N1)	1526	426
PB1|PP755595.1|A/cattle/Texas/24-008749-003/2024(H5N1)	1527	432
PB1|PP755595.1|A/cattle/Texas/24-008749-003/2024(H5N1)	1528	438
PB1|PP755595.1|A/cattle/Texas/24-008749-003/2024(H5N1)	1529	435
PB1|PP755595.1|A/cattle/Texas/24-008749-003/2024(H5N1)	1530	431
PB1|PP755595.1|A/cattle/Texas/24-008749-003/2024(H5N1)	1531	426
PB1|PP755595.1|A/cattle/Texas/24-008749-003/2024(H5N1)	1532	456
PB1|PP755595.1|A/cattle/Texas/24-008749-003/2024(H5N1)	1533	434
PB1|PP755595.1|A/cattle/Texas/24-008749-003/2024(H5N1)	1534	433
PB1|PP755595.1|A/cattle/Texas/24-008749-003/2024(H5N1)	1535	434
PB1|PP755595.1|A/cattle/Texas/24-008749-003/2024(H5N1)	1536	434
PB1|PP755595.1|A/cattle/Texas/24-008749-003/2024(H5N1)	1537	435
PB1|PP755595.1|A/cattle/Texas/24-008749-003/2024(H5N1)	1538	438
PB1|PP755595.1|A/cattle/Texas/24-008749-003/2024(H5N1)	1539	447
PB1|PP755595.1|A/cattle/Texas/24-008749-003/2024(H5N1)	1540	447
PB1|PP755595.1|A/cattle/Texas/24-008749-003/2024(H5N1)	1541	445
PB1|PP755595.1|A/cattle/Texas/24-008749-003/2024(H5N1)	1542	462
PB1|PP755595.1|A/cattle/Texas/24-008749-003/2024(H5N1)	1543	467
PB1|PP755595.1|A/cattle/Texas/24-008749-003/2024(H5N1)	1544	450
PB1|PP755595.1|A/cattle/Texas/24-008749-003/2024(H5N1)	1545	449
PB1|PP755595.1|A/cattle/Texas/24-008749-003/2024(H5N1)	1546	449
PB1|PP755595.1|A/cattle/Texas/24-008749-003/2024(H5N1)	1547	450
PB1|PP755595.1|A/cattle/Texas/24-008749-003/2024(H5N1)	1548	455
PB1|PP755595.1|A/cattle/Texas/24-008749-003/2024(H5N1)	1549	434
PB1|PP755595.1|A/cattle/Texas/24-008749-003/2024(H5N1)	1550	435
PB1|PP755595.1|A/cattle/Texas/24-008749-003/2024(H5N1)	1551	420
PB1|PP755595.1|A/cattle/Texas/24-008749-003/2024(H5N1)	1552	418
PB1|PP755595.1|A/cattle/Texas/24-008749-003/2024(H5N1)	1553	419
PB1|PP755595.1|A/cattle/Texas/24-008749-003/2024(H5N1)	1554	417
PB1|PP755595.1|A/cattle/Texas/24-008749-003/2024(H5N1)	1555	417
PB1|PP755595.1|A/cattle/Texas/24-008749-003/2024(H5N1)	1556	420
PB1|PP755595.1|A/cattle/Texas/24-008749-003/2024(H5N1)	1557	411
PB1|PP755595.1|A/cattle/Texas/24-008749-003/2024(H5N1)	1558	411
PB1|PP755595.1|A/cattle/Texas/24-008749-003/2024(H5N1)	1559	417
PB1|PP755595.1|A/cattle/Texas/24-008749-003/2024(H5N1)	1560	416
PB1|PP755595.1|A/cattle/Texas/24-008749-003/2024(H5N1)	1561	418
PB1|PP755595.1|A/cattle/Texas/24-008749-003/2024(H5N1)	1562	418
PB1|PP755595.1|A/cattle/Texas/24-008749-003/2024(H5N1)	1563	418
PB1|PP755595.1|A/cattle/Texas/24-008749-003/2024(H5N1)	1564	423
PB1|PP755595.1|A/cattle/Texas/24-008749-003/2024(H5N1)	1565	423
PB1|PP755595.1|A/cattle/Texas/24-008749-003/2024(H5N1)	1566	428
PB1|PP755595.1|A/cattle/Texas/24-008749-003/2024(H5N1)	1567	428
PB1|PP755595.1|A/cattle/Texas/24-008749-003/2024(H5N1)	1568	424
PB1|PP755595.1|A/cattle/Texas/24-008749-003/2024(H5N1)	1569	426
PB1|PP755595.1|A/cattle/Texas/24-008749-003/2024(H5N1)	1570	426
PB1|PP755595.1|A/cattle/Texas/24-008749-003/2024(H5N1)	1571	432
PB1|PP755595.1|A/cattle/Texas/24-008749-003/2024(H5N1)	1572	425
PB1|PP755595.1|A/cattle/Texas/24-008749-003/2024(H5N1)	1573	418
PB1|PP755595.1|A/cattle/Texas/24-008749-003/2024(H5N1)	1574	418
PB1|PP755595.1|A/cattle/Texas/24-008749-003/2024(H5N1)	1575	418
PB1|PP755595.1|A/cattle/Texas/24-008749-003/2024(H5N1)	1576	419
PB1|PP755595.1|A/cattle/Texas/24-008749-003/2024(H5N1)	1577	433
PB1|PP755595.1|A/cattle/Texas/24-008749-003/2024(H5N1)	1578	433
PB1|PP755595.1|A/cattle/Texas/24-008749-003/2024(H5N1)	1579	433
PB1|PP755595.1|A/cattle/Texas/24-008749-003/2024(H5N1)	1580	430
PB1|PP755595.1|A/cattle/Texas/24-008749-003/2024(H5N1)	1581	433
PB1|PP755595.1|A/cattle/Texas/24-008749-003/2024(H5N1)	1582	431
PB1|PP755595.1|A/cattle/Texas/24-008749-003/2024(H5N1)	1583	441
PB1|PP755595.1|A/cattle/Texas/24-008749-003/2024(H5N1)	1584	441
PB1|PP755595.1|A/cattle/Texas/24-008749-003/2024(H5N1)	1585	447
PB1|PP755595.1|A/cattle/Texas/24-008749-003/2024(H5N1)	1586	468
PB1|PP755595.1|A/cattle/Texas/24-008749-003/2024(H5N1)	1587	467
PB1|PP755595.1|A/cattle/Texas/24-008749-003/2024(H5N1)	1588	467
PB1|PP755595.1|A/cattle/Texas/24-008749-003/2024(H5N1)	1589	468
PB1|PP755595.1|A/cattle/Texas/24-008749-003/2024(H5N1)	1590	469
PB1|PP755595.1|A/cattle/Texas/24-008749-003/2024(H5N1)	1591	470
PB1|PP755595.1|A/cattle/Texas/24-008749-003/2024(H5N1)	1592	460
PB1|PP755595.1|A/cattle/Texas/24-008749-003/2024(H5N1)	1593	463
PB1|PP755595.1|A/cattle/Texas/24-008749-003/2024(H5N1)	1594	451
PB1|PP755595.1|A/cattle/Texas/24-008749-003/2024(H5N1)	1595	452
PB1|PP755595.1|A/cattle/Texas/24-008749-003/2024(H5N1)	1596	452
PB1|PP755595.1|A/cattle/Texas/24-008749-003/2024(H5N1)	1597	452
PB1|PP755595.1|A/cattle/Texas/24-008749-003/2024(H5N1)	1598	446
PB1|PP755595.1|A/cattle/Texas/24-008749-003/2024(H5N1)	1599	454
PB1|PP755595.1|A/cattle/Texas/24-008749-003/2024(H5N1)	1600	454
PB1|PP755595.1|A/cattle/Texas/24-008749-003/2024(H5N1)	1601	454
PB1|PP755595.1|A/cattle/Texas/24-008749-003/2024(H5N1)	1602	457
PB1|PP755595.1|A/cattle/Texas/24-008749-003/2024(H5N1)	1603	445
PB1|PP755595.1|A/cattle/Texas/24-008749-003/2024(H5N1)	1604	443
PB1|PP755595.1|A/cattle/Texas/24-008749-003/2024(H5N1)	1605	443
PB1|PP755595.1|A/cattle/Texas/24-008749-003/2024(H5N1)	1606	443
PB1|PP755595.1|A/cattle/Texas/24-008749-003/2024(H5N1)	1607	454
PB1|PP755595.1|A/cattle/Texas/24-008749-003/2024(H5N1)	1608	447
PB1|PP755595.1|A/cattle/Texas/24-008749-003/2024(H5N1)	1609	445
PB1|PP755595.1|A/cattle/Texas/24-008749-003/2024(H5N1)	1610	445
PB1|PP755595.1|A/cattle/Texas/24-008749-003/2024(H5N1)	1611	444
PB1|PP755595.1|A/cattle/Texas/24-008749-003/2024(H5N1)	1612	445
PB1|PP755595.1|A/cattle/Texas/24-008749-003/2024(H5N1)	1613	444
PB1|PP755595.1|A/cattle/Texas/24-008749-003/2024(H5N1)	1614	439
PB1|PP755595.1|A/cattle/Texas/24-008749-003/2024(H5N1)	1615	429
PB1|PP755595.1|A/cattle/Texas/24-008749-003/2024(H5N1)	1616	426
PB1|PP755595.1|A/cattle/Texas/24-008749-003/2024(H5N1)	1617	426
PB1|PP755595.1|A/cattle/Texas/24-008749-003/2024(H5N1)	1618	426
PB1|PP755595.1|A/cattle/Texas/24-008749-003/2024(H5N1)	1619	427
PB1|PP755595.1|A/cattle/Texas/24-008749-003/2024(H5N1)	1620	435
PB1|PP755595.1|A/cattle/Texas/24-008749-003/2024(H5N1)	1621	431
PB1|PP755595.1|A/cattle/Texas/24-008749-003/2024(H5N1)	1622	427
PB1|PP755595.1|A/cattle/Texas/24-008749-003/2024(H5N1)	1623	424
PB1|PP755595.1|A/cattle/Texas/24-008749-003/2024(H5N1)	1624	426
PB1|PP755595.1|A/cattle/Texas/24-008749-003/2024(H5N1)	1625	430
PB1|PP755595.1|A/cattle/Texas/24-008749-003/2024(H5N1)	1626	432
PB1|PP755595.1|A/cattle/Texas/24-008749-003/2024(H5N1)	1627	432
PB1|PP755595.1|A/cattle/Texas/24-008749-003/2024(H5N1)	1628	432
PB1|PP755595.1|A/cattle/Texas/24-008749-003/2024(H5N1)	1629	432
PB1|PP755595.1|A/cattle/Texas/24-008749-003/2024(H5N1)	1630	485
PB1|PP755595.1|A/cattle/Texas/24-008749-003/2024(H5N1)	1631	502
PB1|PP755595.1|A/cattle/Texas/24-008749-003/2024(H5N1)	1632	505
PB1|PP755595.1|A/cattle/Texas/24-008749-003/2024(H5N1)	1633	508
PB1|PP755595.1|A/cattle/Texas/24-008749-003/2024(H5N1)	1634	506
PB1|PP755595.1|A/cattle/Texas/24-008749-003/2024(H5N1)	1635	506
PB1|PP755595.1|A/cattle/Texas/24-008749-003/2024(H5N1)	1636	506
PB1|PP755595.1|A/cattle/Texas/24-008749-003/2024(H5N1)	1637	505
PB1|PP755595.1|A/cattle/Texas/24-008749-003/2024(H5N1)	1638	503
PB1|PP755595.1|A/cattle/Texas/24-008749-003/2024(H5N1)	1639	485
PB1|PP755595.1|A/cattle/Texas/24-008749-003/2024(H5N1)	1640	482
PB1|PP755595.1|A/cattle/Texas/24-008749-003/2024(H5N1)	1641	473
PB1|PP755595.1|A/cattle/Texas/24-008749-003/2024(H5N1)	1642	475
PB1|PP755595.1|A/cattle/Texas/24-008749-003/2024(H5N1)	1643	474
PB1|PP755595.1|A/cattle/Texas/24-008749-003/2024(H5N1)	1644	473
PB1|PP755595.1|A/cattle/Texas/24-008749-003/2024(H5N1)	1645	475
PB1|PP755595.1|A/cattle/Texas/24-008749-003/2024(H5N1)	1646	475
PB1|PP755595.1|A/cattle/Texas/24-008749-003/2024(H5N1)	1647	476
PB1|PP755595.1|A/cattle/Texas/24-008749-003/2024(H5N1)	1648	483
PB1|PP755595.1|A/cattle/Texas/24-008749-003/2024(H5N1)	1649	470
PB1|PP755595.1|A/cattle/Texas/24-008749-003/2024(H5N1)	1650	479
PB1|PP755595.1|A/cattle/Texas/24-008749-003/2024(H5N1)	1651	477
PB1|PP755595.1|A/cattle/Texas/24-008749-003/2024(H5N1)	1652	484
PB1|PP755595.1|A/cattle/Texas/24-008749-003/2024(H5N1)	1653	487
PB1|PP755595.1|A/cattle/Texas/24-008749-003/2024(H5N1)	1654	491
PB1|PP755595.1|A/cattle/Texas/24-008749-003/2024(H5N1)	1655	492
PB1|PP755595.1|A/cattle/Texas/24-008749-003/2024(H5N1)	1656	490
PB1|PP755595.1|A/cattle/Texas/24-008749-003/2024(H5N1)	1657	490
PB1|PP755595.1|A/cattle/Texas/24-008749-003/2024(H5N1)	1658	490
PB1|PP755595.1|A/cattle/Texas/24-008749-003/2024(H5N1)	1659	502
PB1|PP755595.1|A/cattle/Texas/24-008749-003/2024(H5N1)	1660	506
PB1|PP755595.1|A/cattle/Texas/24-008749-003/2024(H5N1)	1661	506
PB1|PP755595.1|A/cattle/Texas/24-008749-003/2024(H5N1)	1662	504
PB1|PP755595.1|A/cattle/Texas/24-008749-003/2024(H5N1)	1663	496
PB1|PP755595.1|A/cattle/Texas/24-008749-003/2024(H5N1)	1664	500
PB1|PP755595.1|A/cattle/Texas/24-008749-003/2024(H5N1)	1665	514
PB1|PP755595.1|A/cattle/Texas/24-008749-003/2024(H5N1)	1666	511
PB1|PP755595.1|A/cattle/Texas/24-008749-003/2024(H5N1)	1667	512
PB1|PP755595.1|A/cattle/Texas/24-008749-003/2024(H5N1)	1668	492
PB1|PP755595.1|A/cattle/Texas/24-008749-003/2024(H5N1)	1669	498
PB1|PP755595.1|A/cattle/Texas/24-008749-003/2024(H5N1)	1670	500
PB1|PP755595.1|A/cattle/Texas/24-008749-003/2024(H5N1)	1671	502
PB1|PP755595.1|A/cattle/Texas/24-008749-003/2024(H5N1)	1672	501
PB1|PP755595.1|A/cattle/Texas/24-008749-003/2024(H5N1)	1673	490
PB1|PP755595.1|A/cattle/Texas/24-008749-003/2024(H5N1)	1674	476
PB1|PP755595.1|A/cattle/Texas/24-008749-003/2024(H5N1)	1675	477
PB1|PP755595.1|A/cattle/Texas/24-008749-003/2024(H5N1)	1676	473
PB1|PP755595.1|A/cattle/Texas/24-008749-003/2024(H5N1)	1677	472
PB1|PP755595.1|A/cattle/Texas/24-008749-003/2024(H5N1)	1678	468
PB1|PP755595.1|A/cattle/Texas/24-008749-003/2024(H5N1)	1679	458
PB1|PP755595.1|A/cattle/Texas/24-008749-003/2024(H5N1)	1680	397
PB1|PP755595.1|A/cattle/Texas/24-008749-003/2024(H5N1)	1681	397
PB1|PP755595.1|A/cattle/Texas/24-008749-003/2024(H5N1)	1682	393
PB1|PP755595.1|A/cattle/Texas/24-008749-003/2024(H5N1)	1683	365
PB1|PP755595.1|A/cattle/Texas/24-008749-003/2024(H5N1)	1684	365
PB1|PP755595.1|A/cattle/Texas/24-008749-003/2024(H5N1)	1685	365
PB1|PP755595.1|A/cattle/Texas/24-008749-003/2024(H5N1)	1686	365
PB1|PP755595.1|A/cattle/Texas/24-008749-003/2024(H5N1)	1687	367
PB1|PP755595.1|A/cattle/Texas/24-008749-003/2024(H5N1)	1688	367
PB1|PP755595.1|A/cattle/Texas/24-008749-003/2024(H5N1)	1689	367
PB1|PP755595.1|A/cattle/Texas/24-008749-003/2024(H5N1)	1690	367
PB1|PP755595.1|A/cattle/Texas/24-008749-003/2024(H5N1)	1691	367
PB1|PP755595.1|A/cattle/Texas/24-008749-003/2024(H5N1)	1692	367
PB1|PP755595.1|A/cattle/Texas/24-008749-003/2024(H5N1)	1693	413
PB1|PP755595.1|A/cattle/Texas/24-008749-003/2024(H5N1)	1694	413
PB1|PP755595.1|A/cattle/Texas/24-008749-003/2024(H5N1)	1695	418
PB1|PP755595.1|A/cattle/Texas/24-008749-003/2024(H5N1)	1696	418
PB1|PP755595.1|A/cattle/Texas/24-008749-003/2024(H5N1)	1697	424
PB1|PP755595.1|A/cattle/Texas/24-008749-003/2024(H5N1)	1698	424
PB1|PP755595.1|A/cattle/Texas/24-008749-003/2024(H5N1)	1699	424
PB1|PP755595.1|A/cattle/Texas/24-008749-003/2024(H5N1)	1700	427
PB1|PP755595.1|A/cattle/Texas/24-008749-003/2024(H5N1)	1701	430
PB1|PP755595.1|A/cattle/Texas/24-008749-003/2024(H5N1)	1702	429
PB1|PP755595.1|A/cattle/Texas/24-008749-003/2024(H5N1)	1703	431
PB1|PP755595.1|A/cattle/Texas/24-008749-003/2024(H5N1)	1704	430
PB1|PP755595.1|A/cattle/Texas/24-008749-003/2024(H5N1)	1705	431
PB1|PP755595.1|A/cattle/Texas/24-008749-003/2024(H5N1)	1706	428
PB1|PP755595.1|A/cattle/Texas/24-008749-003/2024(H5N1)	1707	427
PB1|PP755595.1|A/cattle/Texas/24-008749-003/2024(H5N1)	1708	432
PB1|PP755595.1|A/cattle/Texas/24-008749-003/2024(H5N1)	1709	433
PB1|PP755595.1|A/cattle/Texas/24-008749-003/2024(H5N1)	1710	432
PB1|PP755595.1|A/cattle/Texas/24-008749-003/2024(H5N1)	1711	429
PB1|PP755595.1|A/cattle/Texas/24-008749-003/2024(H5N1)	1712	429
PB1|PP755595.1|A/cattle/Texas/24-008749-003/2024(H5N1)	1713	429
PB1|PP755595.1|A/cattle/Texas/24-008749-003/2024(H5N1)	1714	429
PB1|PP755595.1|A/cattle/Texas/24-008749-003/2024(H5N1)	1715	424
PB1|PP755595.1|A/cattle/Texas/24-008749-003/2024(H5N1)	1716	425
PB1|PP755595.1|A/cattle/Texas/24-008749-003/2024(H5N1)	1717	418
PB1|PP755595.1|A/cattle/Texas/24-008749-003/2024(H5N1)	1718	418
PB1|PP755595.1|A/cattle/Texas/24-008749-003/2024(H5N1)	1719	418
PB1|PP755595.1|A/cattle/Texas/24-008749-003/2024(H5N1)	1720	416
PB1|PP755595.1|A/cattle/Texas/24-008749-003/2024(H5N1)	1721	415
PB1|PP755595.1|A/cattle/Texas/24-008749-003/2024(H5N1)	1722	407
PB1|PP755595.1|A/cattle/Texas/24-008749-003/2024(H5N1)	1723	407
PB1|PP755595.1|A/cattle/Texas/24-008749-003/2024(H5N1)	1724	407
PB1|PP755595.1|A/cattle/Texas/24-008749-003/2024(H5N1)	1725	374
PB1|PP755595.1|A/cattle/Texas/24-008749-003/2024(H5N1)	1726	362
PB1|PP755595.1|A/cattle/Texas/24-008749-003/2024(H5N1)	1727	361
PB1|PP755595.1|A/cattle/Texas/24-008749-003/2024(H5N1)	1728	361
PB1|PP755595.1|A/cattle/Texas/24-008749-003/2024(H5N1)	1729	363
PB1|PP755595.1|A/cattle/Texas/24-008749-003/2024(H5N1)	1730	363
PB1|PP755595.1|A/cattle/Texas/24-008749-003/2024(H5N1)	1731	363
PB1|PP755595.1|A/cattle/Texas/24-008749-003/2024(H5N1)	1732	380
PB1|PP755595.1|A/cattle/Texas/24-008749-003/2024(H5N1)	1733	362
PB1|PP755595.1|A/cattle/Texas/24-008749-003/2024(H5N1)	1734	358
PB1|PP755595.1|A/cattle/Texas/24-008749-003/2024(H5N1)	1735	358
PB1|PP755595.1|A/cattle/Texas/24-008749-003/2024(H5N1)	1736	364
PB1|PP755595.1|A/cattle/Texas/24-008749-003/2024(H5N1)	1737	365
PB1|PP755595.1|A/cattle/Texas/24-008749-003/2024(H5N1)	1738	444
PB1|PP755595.1|A/cattle/Texas/24-008749-003/2024(H5N1)	1739	445
PB1|PP755595.1|A/cattle/Texas/24-008749-003/2024(H5N1)	1740	445
PB1|PP755595.1|A/cattle/Texas/24-008749-003/2024(H5N1)	1741	450
PB1|PP755595.1|A/cattle/Texas/24-008749-003/2024(H5N1)	1742	453
PB1|PP755595.1|A/cattle/Texas/24-008749-003/2024(H5N1)	1743	453
PB1|PP755595.1|A/cattle/Texas/24-008749-003/2024(H5N1)	1744	453
PB1|PP755595.1|A/cattle/Texas/24-008749-003/2024(H5N1)	1745	453
PB1|PP755595.1|A/cattle/Texas/24-008749-003/2024(H5N1)	1746	454
PB1|PP755595.1|A/cattle/Texas/24-008749-003/2024(H5N1)	1747	453
PB1|PP755595.1|A/cattle/Texas/24-008749-003/2024(H5N1)	1748	453
PB1|PP755595.1|A/cattle/Texas/24-008749-003/2024(H5N1)	1749	453
PB1|PP755595.1|A/cattle/Texas/24-008749-003/2024(H5N1)	1750	440
PB1|PP755595.1|A/cattle/Texas/24-008749-003/2024(H5N1)	1751	441
PB1|PP755595.1|A/cattle/Texas/24-008749-003/2024(H5N1)	1752	438
PB1|PP755595.1|A/cattle/Texas/24-008749-003/2024(H5N1)	1753	439
PB1|PP755595.1|A/cattle/Texas/24-008749-003/2024(H5N1)	1754	444
PB1|PP755595.1|A/cattle/Texas/24-008749-003/2024(H5N1)	1755	440
PB1|PP755595.1|A/cattle/Texas/24-008749-003/2024(H5N1)	1756	444
PB1|PP755595.1|A/cattle/Texas/24-008749-003/2024(H5N1)	1757	447
PB1|PP755595.1|A/cattle/Texas/24-008749-003/2024(H5N1)	1758	436
PB1|PP755595.1|A/cattle/Texas/24-008749-003/2024(H5N1)	1759	435
PB1|PP755595.1|A/cattle/Texas/24-008749-003/2024(H5N1)	1760	443
PB1|PP755595.1|A/cattle/Texas/24-008749-003/2024(H5N1)	1761	442
PB1|PP755595.1|A/cattle/Texas/24-008749-003/2024(H5N1)	1762	449
PB1|PP755595.1|A/cattle/Texas/24-008749-003/2024(H5N1)	1763	452
PB1|PP755595.1|A/cattle/Texas/24-008749-003/2024(H5N1)	1764	466
PB1|PP755595.1|A/cattle/Texas/24-008749-003/2024(H5N1)	1765	476
PB1|PP755595.1|A/cattle/Texas/24-008749-003/2024(H5N1)	1766	476
PB1|PP755595.1|A/cattle/Texas/24-008749-003/2024(H5N1)	1767	478
PB1|PP755595.1|A/cattle/Texas/24-008749-003/2024(H5N1)	1768	477
PB1|PP755595.1|A/cattle/Texas/24-008749-003/2024(H5N1)	1769	475
PB1|PP755595.1|A/cattle/Texas/24-008749-003/2024(H5N1)	1770	478
PB1|PP755595.1|A/cattle/Texas/24-008749-003/2024(H5N1)	1771	474
PB1|PP755595.1|A/cattle/Texas/24-008749-003/2024(H5N1)	1772	478
PB1|PP755595.1|A/cattle/Texas/24-008749-003/2024(H5N1)	1773	483
PB1|PP755595.1|A/cattle/Texas/24-008749-003/2024(H5N1)	1774	482
PB1|PP755595.1|A/cattle/Texas/24-008749-003/2024(H5N1)	1775	488
PB1|PP755595.1|A/cattle/Texas/24-008749-003/2024(H5N1)	1776	485
PB1|PP755595.1|A/cattle/Texas/24-008749-003/2024(H5N1)	1777	483
PB1|PP755595.1|A/cattle/Texas/24-008749-003/2024(H5N1)	1778	493
PB1|PP755595.1|A/cattle/Texas/24-008749-003/2024(H5N1)	1779	488
PB1|PP755595.1|A/cattle/Texas/24-008749-003/2024(H5N1)	1780	485
PB1|PP755595.1|A/cattle/Texas/24-008749-003/2024(H5N1)	1781	448
PB1|PP755595.1|A/cattle/Texas/24-008749-003/2024(H5N1)	1782	440
PB1|PP755595.1|A/cattle/Texas/24-008749-003/2024(H5N1)	1783	443
PB1|PP755595.1|A/cattle/Texas/24-008749-003/2024(H5N1)	1784	465
PB1|PP755595.1|A/cattle/Texas/24-008749-003/2024(H5N1)	1785	475
PB1|PP755595.1|A/cattle/Texas/24-008749-003/2024(H5N1)	1786	475
PB1|PP755595.1|A/cattle/Texas/24-008749-003/2024(H5N1)	1787	474
PB1|PP755595.1|A/cattle/Texas/24-008749-003/2024(H5N1)	1788	474
PB1|PP755595.1|A/cattle/Texas/24-008749-003/2024(H5N1)	1789	482
PB1|PP755595.1|A/cattle/Texas/24-008749-003/2024(H5N1)	1790	488
PB1|PP755595.1|A/cattle/Texas/24-008749-003/2024(H5N1)	1791	483
PB1|PP755595.1|A/cattle/Texas/24-008749-003/2024(H5N1)	1792	489
PB1|PP755595.1|A/cattle/Texas/24-008749-003/2024(H5N1)	1793	485
PB1|PP755595.1|A/cattle/Texas/24-008749-003/2024(H5N1)	1794	493
PB1|PP755595.1|A/cattle/Texas/24-008749-003/2024(H5N1)	1795	493
PB1|PP755595.1|A/cattle/Texas/24-008749-003/2024(H5N1)	1796	493
PB1|PP755595.1|A/cattle/Texas/24-008749-003/2024(H5N1)	1797	493
PB1|PP755595.1|A/cattle/Texas/24-008749-003/2024(H5N1)	1798	483
PB1|PP755595.1|A/cattle/Texas/24-008749-003/2024(H5N1)	1799	481
PB1|PP755595.1|A/cattle/Texas/24-008749-003/2024(H5N1)	1800	484
PB1|PP755595.1|A/cattle/Texas/24-008749-003/2024(H5N1)	1801	482
PB1|PP755595.1|A/cattle/Texas/24-008749-003/2024(H5N1)	1802	482
PB1|PP755595.1|A/cattle/Texas/24-008749-003/2024(H5N1)	1803	473
PB1|PP755595.1|A/cattle/Texas/24-008749-003/2024(H5N1)	1804	471
PB1|PP755595.1|A/cattle/Texas/24-008749-003/2024(H5N1)	1805	466
PB1|PP755595.1|A/cattle/Texas/24-008749-003/2024(H5N1)	1806	471
PB1|PP755595.1|A/cattle/Texas/24-008749-003/2024(H5N1)	1807	488
PB1|PP755595.1|A/cattle/Texas/24-008749-003/2024(H5N1)	1808	488
PB1|PP755595.1|A/cattle/Texas/24-008749-003/2024(H5N1)	1809	491
PB1|PP755595.1|A/cattle/Texas/24-008749-003/2024(H5N1)	1810	475
PB1|PP755595.1|A/cattle/Texas/24-008749-003/2024(H5N1)	1811	481
PB1|PP755595.1|A/cattle/Texas/24-008749-003/2024(H5N1)	1812	483
PB1|PP755595.1|A/cattle/Texas/24-008749-003/2024(H5N1)	1813	483
PB1|PP755595.1|A/cattle/Texas/24-008749-003/2024(H5N1)	1814	484
PB1|PP755595.1|A/cattle/Texas/24-008749-003/2024(H5N1)	1815	469
PB1|PP755595.1|A/cattle/Texas/24-008749-003/2024(H5N1)	1816	468
PB1|PP755595.1|A/cattle/Texas/24-008749-003/2024(H5N1)	1817	487
PB1|PP755595.1|A/cattle/Texas/24-008749-003/2024(H5N1)	1818	488
PB1|PP755595.1|A/cattle/Texas/24-008749-003/2024(H5N1)	1819	495
PB1|PP755595.1|A/cattle/Texas/24-008749-003/2024(H5N1)	1820	488
PB1|PP755595.1|A/cattle/Texas/24-008749-003/2024(H5N1)	1821	488
PB1|PP755595.1|A/cattle/Texas/24-008749-003/2024(H5N1)	1822	487
PB1|PP755595.1|A/cattle/Texas/24-008749-003/2024(H5N1)	1823	488
PB1|PP755595.1|A/cattle/Texas/24-008749-003/2024(H5N1)	1824	486
PB1|PP755595.1|A/cattle/Texas/24-008749-003/2024(H5N1)	1825	486
PB1|PP755595.1|A/cattle/Texas/24-008749-003/2024(H5N1)	1826	497
PB1|PP755595.1|A/cattle/Texas/24-008749-003/2024(H5N1)	1827	495
PB1|PP755595.1|A/cattle/Texas/24-008749-003/2024(H5N1)	1828	493
PB1|PP755595.1|A/cattle/Texas/24-008749-003/2024(H5N1)	1829	500
PB1|PP755595.1|A/cattle/Texas/24-008749-003/2024(H5N1)	1830	489
PB1|PP755595.1|A/cattle/Texas/24-008749-003/2024(H5N1)	1831	493
PB1|PP755595.1|A/cattle/Texas/24-008749-003/2024(H5N1)	1832	493
PB1|PP755595.1|A/cattle/Texas/24-008749-003/2024(H5N1)	1833	488
PB1|PP755595.1|A/cattle/Texas/24-008749-003/2024(H5N1)	1834	487
PB1|PP755595.1|A/cattle/Texas/24-008749-003/2024(H5N1)	1835	488
PB1|PP755595.1|A/cattle/Texas/24-008749-003/2024(H5N1)	1836	488
PB1|PP755595.1|A/cattle/Texas/24-008749-003/2024(H5N1)	1837	488
PB1|PP755595.1|A/cattle/Texas/24-008749-003/2024(H5N1)	1838	475
PB1|PP755595.1|A/cattle/Texas/24-008749-003/2024(H5N1)	1839	476
PB1|PP755595.1|A/cattle/Texas/24-008749-003/2024(H5N1)	1840	476
PB1|PP755595.1|A/cattle/Texas/24-008749-003/2024(H5N1)	1841	481
PB1|PP755595.1|A/cattle/Texas/24-008749-003/2024(H5N1)	1842	486
PB1|PP755595.1|A/cattle/Texas/24-008749-003/2024(H5N1)	1843	486
PB1|PP755595.1|A/cattle/Texas/24-008749-003/2024(H5N1)	1844	487
PB1|PP755595.1|A/cattle/Texas/24-008749-003/2024(H5N1)	1845	491
PB1|PP755595.1|A/cattle/Texas/24-008749-003/2024(H5N1)	1846	489
PB1|PP755595.1|A/cattle/Texas/24-008749-003/2024(H5N1)	1847	488
PB1|PP755595.1|A/cattle/Texas/24-008749-003/2024(H5N1)	1848	485
PB1|PP755595.1|A/cattle/Texas/24-008749-003/2024(H5N1)	1849	492
PB1|PP755595.1|A/cattle/Texas/24-008749-003/2024(H5N1)	1850	508
PB1|PP755595.1|A/cattle/Texas/24-008749-003/2024(H5N1)	1851	501
PB1|PP755595.1|A/cattle/Texas/24-008749-003/2024(H5N1)	1852	501
PB1|PP755595.1|A/cattle/Texas/24-008749-003/2024(H5N1)	1853	505
PB1|PP755595.1|A/cattle/Texas/24-008749-003/2024(H5N1)	1854	505
PB1|PP755595.1|A/cattle/Texas/24-008749-003/2024(H5N1)	1855	514
PB1|PP755595.1|A/cattle/Texas/24-008749-003/2024(H5N1)	1856	515
PB1|PP755595.1|A/cattle/Texas/24-008749-003/2024(H5N1)	1857	526
PB1|PP755595.1|A/cattle/Texas/24-008749-003/2024(H5N1)	1858	517
PB1|PP755595.1|A/cattle/Texas/24-008749-003/2024(H5N1)	1859	518
PB1|PP755595.1|A/cattle/Texas/24-008749-003/2024(H5N1)	1860	519
PB1|PP755595.1|A/cattle/Texas/24-008749-003/2024(H5N1)	1861	521
PB1|PP755595.1|A/cattle/Texas/24-008749-003/2024(H5N1)	1862	522
PB1|PP755595.1|A/cattle/Texas/24-008749-003/2024(H5N1)	1863	524
PB1|PP755595.1|A/cattle/Texas/24-008749-003/2024(H5N1)	1864	519
PB1|PP755595.1|A/cattle/Texas/24-008749-003/2024(H5N1)	1865	519
PB1|PP755595.1|A/cattle/Texas/24-008749-003/2024(H5N1)	1866	509
PB1|PP755595.1|A/cattle/Texas/24-008749-003/2024(H5N1)	1867	509
PB1|PP755595.1|A/cattle/Texas/24-008749-003/2024(H5N1)	1868	510
PB1|PP755595.1|A/cattle/Texas/24-008749-003/2024(H5N1)	1869	520
PB1|PP755595.1|A/cattle/Texas/24-008749-003/2024(H5N1)	1870	524
PB1|PP755595.1|A/cattle/Texas/24-008749-003/2024(H5N1)	1871	521
PB1|PP755595.1|A/cattle/Texas/24-008749-003/2024(H5N1)	1872	542
PB1|PP755595.1|A/cattle/Texas/24-008749-003/2024(H5N1)	1873	549
PB1|PP755595.1|A/cattle/Texas/24-008749-003/2024(H5N1)	1874	553
PB1|PP755595.1|A/cattle/Texas/24-008749-003/2024(H5N1)	1875	538
PB1|PP755595.1|A/cattle/Texas/24-008749-003/2024(H5N1)	1876	538
PB1|PP755595.1|A/cattle/Texas/24-008749-003/2024(H5N1)	1877	526
PB1|PP755595.1|A/cattle/Texas/24-008749-003/2024(H5N1)	1878	527
PB1|PP755595.1|A/cattle/Texas/24-008749-003/2024(H5N1)	1879	535
PB1|PP755595.1|A/cattle/Texas/24-008749-003/2024(H5N1)	1880	545
PB1|PP755595.1|A/cattle/Texas/24-008749-003/2024(H5N1)	1881	535
PB1|PP755595.1|A/cattle/Texas/24-008749-003/2024(H5N1)	1882	535
PB1|PP755595.1|A/cattle/Texas/24-008749-003/2024(H5N1)	1883	535
PB1|PP755595.1|A/cattle/Texas/24-008749-003/2024(H5N1)	1884	530
PB1|PP755595.1|A/cattle/Texas/24-008749-003/2024(H5N1)	1885	533
PB1|PP755595.1|A/cattle/Texas/24-008749-003/2024(H5N1)	1886	536
PB1|PP755595.1|A/cattle/Texas/24-008749-003/2024(H5N1)	1887	528
PB1|PP755595.1|A/cattle/Texas/24-008749-003/2024(H5N1)	1888	523
PB1|PP755595.1|A/cattle/Texas/24-008749-003/2024(H5N1)	1889	519
PB1|PP755595.1|A/cattle/Texas/24-008749-003/2024(H5N1)	1890	526
PB1|PP755595.1|A/cattle/Texas/24-008749-003/2024(H5N1)	1891	528
PB1|PP755595.1|A/cattle/Texas/24-008749-003/2024(H5N1)	1892	523
PB1|PP755595.1|A/cattle/Texas/24-008749-003/2024(H5N1)	1893	519
PB1|PP755595.1|A/cattle/Texas/24-008749-003/2024(H5N1)	1894	519
PB1|PP755595.1|A/cattle/Texas/24-008749-003/2024(H5N1)	1895	518
PB1|PP755595.1|A/cattle/Texas/24-008749-003/2024(H5N1)	1896	518
PB1|PP755595.1|A/cattle/Texas/24-008749-003/2024(H5N1)	1897	518
PB1|PP755595.1|A/cattle/Texas/24-008749-003/2024(H5N1)	1898	524
PB1|PP755595.1|A/cattle/Texas/24-008749-003/2024(H5N1)	1899	531
PB1|PP755595.1|A/cattle/Texas/24-008749-003/2024(H5N1)	1900	537
PB1|PP755595.1|A/cattle/Texas/24-008749-003/2024(H5N1)	1901	537
PB1|PP755595.1|A/cattle/Texas/24-008749-003/2024(H5N1)	1902	532
PB1|PP755595.1|A/cattle/Texas/24-008749-003/2024(H5N1)	1903	533
PB1|PP755595.1|A/cattle/Texas/24-008749-003/2024(H5N1)	1904	532
PB1|PP755595.1|A/cattle/Texas/24-008749-003/2024(H5N1)	1905	532
PB1|PP755595.1|A/cattle/Texas/24-008749-003/2024(H5N1)	1906	552
PB1|PP755595.1|A/cattle/Texas/24-008749-003/2024(H5N1)	1907	547
PB1|PP755595.1|A/cattle/Texas/24-008749-003/2024(H5N1)	1908	549
PB1|PP755595.1|A/cattle/Texas/24-008749-003/2024(H5N1)	1909	561
PB1|PP755595.1|A/cattle/Texas/24-008749-003/2024(H5N1)	1910	562
PB1|PP755595.1|A/cattle/Texas/24-008749-003/2024(H5N1)	1911	559
PB1|PP755595.1|A/cattle/Texas/24-008749-003/2024(H5N1)	1912	561
PB1|PP755595.1|A/cattle/Texas/24-008749-003/2024(H5N1)	1913	553
PB1|PP755595.1|A/cattle/Texas/24-008749-003/2024(H5N1)	1914	555
PB1|PP755595.1|A/cattle/Texas/24-008749-003/2024(H5N1)	1915	550
PB1|PP755595.1|A/cattle/Texas/24-008749-003/2024(H5N1)	1916	538
PB1|PP755595.1|A/cattle/Texas/24-008749-003/2024(H5N1)	1917	533
PB1|PP755595.1|A/cattle/Texas/24-008749-003/2024(H5N1)	1918	536
PB1|PP755595.1|A/cattle/Texas/24-008749-003/2024(H5N1)	1919	538
PB1|PP755595.1|A/cattle/Texas/24-008749-003/2024(H5N1)	1920	551
PB1|PP755595.1|A/cattle/Texas/24-008749-003/2024(H5N1)	1921	548
PB1|PP755595.1|A/cattle/Texas/24-008749-003/2024(H5N1)	1922	545
PB1|PP755595.1|A/cattle/Texas/24-008749-003/2024(H5N1)	1923	541
PB1|PP755595.1|A/cattle/Texas/24-008749-003/2024(H5N1)	1924	536
PB1|PP755595.1|A/cattle/Texas/24-008749-003/2024(H5N1)	1925	558
PB1|PP755595.1|A/cattle/Texas/24-008749-003/2024(H5N1)	1926	552
PB1|PP755595.1|A/cattle/Texas/24-008749-003/2024(H5N1)	1927	557
PB1|PP755595.1|A/cattle/Texas/24-008749-003/2024(H5N1)	1928	557
PB1|PP755595.1|A/cattle/Texas/24-008749-003/2024(H5N1)	1929	548
PB1|PP755595.1|A/cattle/Texas/24-008749-003/2024(H5N1)	1930	551
PB1|PP755595.1|A/cattle/Texas/24-008749-003/2024(H5N1)	1931	552
PB1|PP755595.1|A/cattle/Texas/24-008749-003/2024(H5N1)	1932	563
PB1|PP755595.1|A/cattle/Texas/24-008749-003/2024(H5N1)	1933	563
PB1|PP755595.1|A/cattle/Texas/24-008749-003/2024(H5N1)	1934	534
PB1|PP755595.1|A/cattle/Texas/24-008749-003/2024(H5N1)	1935	529
PB1|PP755595.1|A/cattle/Texas/24-008749-003/2024(H5N1)	1936	519
PB1|PP755595.1|A/cattle/Texas/24-008749-003/2024(H5N1)	1937	521
PB1|PP755595.1|A/cattle/Texas/24-008749-003/2024(H5N1)	1938	521
PB1|PP755595.1|A/cattle/Texas/24-008749-003/2024(H5N1)	1939	515
PB1|PP755595.1|A/cattle/Texas/24-008749-003/2024(H5N1)	1940	514
PB1|PP755595.1|A/cattle/Texas/24-008749-003/2024(H5N1)	1941	509
PB1|PP755595.1|A/cattle/Texas/24-008749-003/2024(H5N1)	1942	518
PB1|PP755595.1|A/cattle/Texas/24-008749-003/2024(H5N1)	1943	509
PB1|PP755595.1|A/cattle/Texas/24-008749-003/2024(H5N1)	1944	508
PB1|PP755595.1|A/cattle/Texas/24-008749-003/2024(H5N1)	1945	507
PB1|PP755595.1|A/cattle/Texas/24-008749-003/2024(H5N1)	1946	507
PB1|PP755595.1|A/cattle/Texas/24-008749-003/2024(H5N1)	1947	510
PB1|PP755595.1|A/cattle/Texas/24-008749-003/2024(H5N1)	1948	510
PB1|PP755595.1|A/cattle/Texas/24-008749-003/2024(H5N1)	1949	521
PB1|PP755595.1|A/cattle/Texas/24-008749-003/2024(H5N1)	1950	518
PB1|PP755595.1|A/cattle/Texas/24-008749-003/2024(H5N1)	1951	513
PB1|PP755595.1|A/cattle/Texas/24-008749-003/2024(H5N1)	1952	508
PB1|PP755595.1|A/cattle/Texas/24-008749-003/2024(H5N1)	1953	513
PB1|PP755595.1|A/cattle/Texas/24-008749-003/2024(H5N1)	1954	525
PB1|PP755595.1|A/cattle/Texas/24-008749-003/2024(H5N1)	1955	528
PB1|PP755595.1|A/cattle/Texas/24-008749-003/2024(H5N1)	1956	524
PB1|PP755595.1|A/cattle/Texas/24-008749-003/2024(H5N1)	1957	523
PB1|PP755595.1|A/cattle/Texas/24-008749-003/2024(H5N1)	1958	510
PB1|PP755595.1|A/cattle/Texas/24-008749-003/2024(H5N1)	1959	514
PB1|PP755595.1|A/cattle/Texas/24-008749-003/2024(H5N1)	1960	516
PB1|PP755595.1|A/cattle/Texas/24-008749-003/2024(H5N1)	1961	520
PB1|PP755595.1|A/cattle/Texas/24-008749-003/2024(H5N1)	1962	515
PB1|PP755595.1|A/cattle/Texas/24-008749-003/2024(H5N1)	1963	521
PB1|PP755595.1|A/cattle/Texas/24-008749-003/2024(H5N1)	1964	527
PB1|PP755595.1|A/cattle/Texas/24-008749-003/2024(H5N1)	1965	532
PB1|PP755595.1|A/cattle/Texas/24-008749-003/2024(H5N1)	1966	571
PB1|PP755595.1|A/cattle/Texas/24-008749-003/2024(H5N1)	1967	576
PB1|PP755595.1|A/cattle/Texas/24-008749-003/2024(H5N1)	1968	589
PB1|PP755595.1|A/cattle/Texas/24-008749-003/2024(H5N1)	1969	588
PB1|PP755595.1|A/cattle/Texas/24-008749-003/2024(H5N1)	1970	585
PB1|PP755595.1|A/cattle/Texas/24-008749-003/2024(H5N1)	1971	586
PB1|PP755595.1|A/cattle/Texas/24-008749-003/2024(H5N1)	1972	591
PB1|PP755595.1|A/cattle/Texas/24-008749-003/2024(H5N1)	1973	615
PB1|PP755595.1|A/cattle/Texas/24-008749-003/2024(H5N1)	1974	613
PB1|PP755595.1|A/cattle/Texas/24-008749-003/2024(H5N1)	1975	626
PB1|PP755595.1|A/cattle/Texas/24-008749-003/2024(H5N1)	1976	621
PB1|PP755595.1|A/cattle/Texas/24-008749-003/2024(H5N1)	1977	636
PB1|PP755595.1|A/cattle/Texas/24-008749-003/2024(H5N1)	1978	640
PB1|PP755595.1|A/cattle/Texas/24-008749-003/2024(H5N1)	1979	637
PB1|PP755595.1|A/cattle/Texas/24-008749-003/2024(H5N1)	1980	645
PB1|PP755595.1|A/cattle/Texas/24-008749-003/2024(H5N1)	1981	645
PB1|PP755595.1|A/cattle/Texas/24-008749-003/2024(H5N1)	1982	646
PB1|PP755595.1|A/cattle/Texas/24-008749-003/2024(H5N1)	1983	646
PB1|PP755595.1|A/cattle/Texas/24-008749-003/2024(H5N1)	1984	644
PB1|PP755595.1|A/cattle/Texas/24-008749-003/2024(H5N1)	1985	645
PB1|PP755595.1|A/cattle/Texas/24-008749-003/2024(H5N1)	1986	644
PB1|PP755595.1|A/cattle/Texas/24-008749-003/2024(H5N1)	1987	645
PB1|PP755595.1|A/cattle/Texas/24-008749-003/2024(H5N1)	1988	645
PB1|PP755595.1|A/cattle/Texas/24-008749-003/2024(H5N1)	1989	642
PB1|PP755595.1|A/cattle/Texas/24-008749-003/2024(H5N1)	1990	648
PB1|PP755595.1|A/cattle/Texas/24-008749-003/2024(H5N1)	1991	646
PB1|PP755595.1|A/cattle/Texas/24-008749-003/2024(H5N1)	1992	678
PB1|PP755595.1|A/cattle/Texas/24-008749-003/2024(H5N1)	1993	679
PB1|PP755595.1|A/cattle/Texas/24-008749-003/2024(H5N1)	1994	679
PB1|PP755595.1|A/cattle/Texas/24-008749-003/2024(H5N1)	1995	675
PB1|PP755595.1|A/cattle/Texas/24-008749-003/2024(H5N1)	1996	685
PB1|PP755595.1|A/cattle/Texas/24-008749-003/2024(H5N1)	1997	698
PB1|PP755595.1|A/cattle/Texas/24-008749-003/2024(H5N1)	1998	703
PB1|PP755595.1|A/cattle/Texas/24-008749-003/2024(H5N1)	1999	705
PB1|PP755595.1|A/cattle/Texas/24-008749-003/2024(H5N1)	2000	708
PB1|PP755595.1|A/cattle/Texas/24-008749-003/2024(H5N1)	2001	718
PB1|PP755595.1|A/cattle/Texas/24-008749-003/2024(H5N1)	2002	732
PB1|PP755595.1|A/cattle/Texas/24-008749-003/2024(H5N1)	2003	727
PB1|PP755595.1|A/cattle/Texas/24-008749-003/2024(H5N1)	2004	727
PB1|PP755595.1|A/cattle/Texas/24-008749-003/2024(H5N1)	2005	727
PB1|PP755595.1|A/cattle/Texas/24-008749-003/2024(H5N1)	2006	717
PB1|PP755595.1|A/cattle/Texas/24-008749-003/2024(H5N1)	2007	718
PB1|PP755595.1|A/cattle/Texas/24-008749-003/2024(H5N1)	2008	719
PB1|PP755595.1|A/cattle/Texas/24-008749-003/2024(H5N1)	2009	719
PB1|PP755595.1|A/cattle/Texas/24-008749-003/2024(H5N1)	2010	726
PB1|PP755595.1|A/cattle/Texas/24-008749-003/2024(H5N1)	2011	726
PB1|PP755595.1|A/cattle/Texas/24-008749-003/2024(H5N1)	2012	738
PB1|PP755595.1|A/cattle/Texas/24-008749-003/2024(H5N1)	2013	733
PB1|PP755595.1|A/cattle/Texas/24-008749-003/2024(H5N1)	2014	737
PB1|PP755595.1|A/cattle/Texas/24-008749-003/2024(H5N1)	2015	748
PB1|PP755595.1|A/cattle/Texas/24-008749-003/2024(H5N1)	2016	749
PB1|PP755595.1|A/cattle/Texas/24-008749-003/2024(H5N1)	2017	749
PB1|PP755595.1|A/cattle/Texas/24-008749-003/2024(H5N1)	2018	747
PB1|PP755595.1|A/cattle/Texas/24-008749-003/2024(H5N1)	2019	734
PB1|PP755595.1|A/cattle/Texas/24-008749-003/2024(H5N1)	2020	761
PB1|PP755595.1|A/cattle/Texas/24-008749-003/2024(H5N1)	2021	765
PB1|PP755595.1|A/cattle/Texas/24-008749-003/2024(H5N1)	2022	784
PB1|PP755595.1|A/cattle/Texas/24-008749-003/2024(H5N1)	2023	757
PB1|PP755595.1|A/cattle/Texas/24-008749-003/2024(H5N1)	2024	752
PB1|PP755595.1|A/cattle/Texas/24-008749-003/2024(H5N1)	2025	753
PB1|PP755595.1|A/cattle/Texas/24-008749-003/2024(H5N1)	2026	761
PB1|PP755595.1|A/cattle/Texas/24-008749-003/2024(H5N1)	2027	770
PB1|PP755595.1|A/cattle/Texas/24-008749-003/2024(H5N1)	2028	770
PB1|PP755595.1|A/cattle/Texas/24-008749-003/2024(H5N1)	2029	746
PB1|PP755595.1|A/cattle/Texas/24-008749-003/2024(H5N1)	2030	741
PB1|PP755595.1|A/cattle/Texas/24-008749-003/2024(H5N1)	2031	729
PB1|PP755595.1|A/cattle/Texas/24-008749-003/2024(H5N1)	2032	732
PB1|PP755595.1|A/cattle/Texas/24-008749-003/2024(H5N1)	2033	733
PB1|PP755595.1|A/cattle/Texas/24-008749-003/2024(H5N1)	2034	737
PB1|PP755595.1|A/cattle/Texas/24-008749-003/2024(H5N1)	2035	737
PB1|PP755595.1|A/cattle/Texas/24-008749-003/2024(H5N1)	2036	730
PB1|PP755595.1|A/cattle/Texas/24-008749-003/2024(H5N1)	2037	732
PB1|PP755595.1|A/cattle/Texas/24-008749-003/2024(H5N1)	2038	732
PB1|PP755595.1|A/cattle/Texas/24-008749-003/2024(H5N1)	2039	739
PB1|PP755595.1|A/cattle/Texas/24-008749-003/2024(H5N1)	2040	739
PB1|PP755595.1|A/cattle/Texas/24-008749-003/2024(H5N1)	2041	725
PB1|PP755595.1|A/cattle/Texas/24-008749-003/2024(H5N1)	2042	764
PB1|PP755595.1|A/cattle/Texas/24-008749-003/2024(H5N1)	2043	771
PB1|PP755595.1|A/cattle/Texas/24-008749-003/2024(H5N1)	2044	770
PB1|PP755595.1|A/cattle/Texas/24-008749-003/2024(H5N1)	2045	773
PB1|PP755595.1|A/cattle/Texas/24-008749-003/2024(H5N1)	2046	783
PB1|PP755595.1|A/cattle/Texas/24-008749-003/2024(H5N1)	2047	776
PB1|PP755595.1|A/cattle/Texas/24-008749-003/2024(H5N1)	2048	765
PB1|PP755595.1|A/cattle/Texas/24-008749-003/2024(H5N1)	2049	765
PB1|PP755595.1|A/cattle/Texas/24-008749-003/2024(H5N1)	2050	767
PB1|PP755595.1|A/cattle/Texas/24-008749-003/2024(H5N1)	2051	790
PB1|PP755595.1|A/cattle/Texas/24-008749-003/2024(H5N1)	2052	789
PB1|PP755595.1|A/cattle/Texas/24-008749-003/2024(H5N1)	2053	782
PB1|PP755595.1|A/cattle/Texas/24-008749-003/2024(H5N1)	2054	786
PB1|PP755595.1|A/cattle/Texas/24-008749-003/2024(H5N1)	2055	780
PB1|PP755595.1|A/cattle/Texas/24-008749-003/2024(H5N1)	2056	788
PB1|PP755595.1|A/cattle/Texas/24-008749-003/2024(H5N1)	2057	771
PB1|PP755595.1|A/cattle/Texas/24-008749-003/2024(H5N1)	2058	776
PB1|PP755595.1|A/cattle/Texas/24-008749-003/2024(H5N1)	2059	775
PB1|PP755595.1|A/cattle/Texas/24-008749-003/2024(H5N1)	2060	763
PB1|PP755595.1|A/cattle/Texas/24-008749-003/2024(H5N1)	2061	763
PB1|PP755595.1|A/cattle/Texas/24-008749-003/2024(H5N1)	2062	839
PB1|PP755595.1|A/cattle/Texas/24-008749-003/2024(H5N1)	2063	837
PB1|PP755595.1|A/cattle/Texas/24-008749-003/2024(H5N1)	2064	835
PB1|PP755595.1|A/cattle/Texas/24-008749-003/2024(H5N1)	2065	822
PB1|PP755595.1|A/cattle/Texas/24-008749-003/2024(H5N1)	2066	820
PB1|PP755595.1|A/cattle/Texas/24-008749-003/2024(H5N1)	2067	823
PB1|PP755595.1|A/cattle/Texas/24-008749-003/2024(H5N1)	2068	820
PB1|PP755595.1|A/cattle/Texas/24-008749-003/2024(H5N1)	2069	839
PB1|PP755595.1|A/cattle/Texas/24-008749-003/2024(H5N1)	2070	835
PB1|PP755595.1|A/cattle/Texas/24-008749-003/2024(H5N1)	2071	823
PB1|PP755595.1|A/cattle/Texas/24-008749-003/2024(H5N1)	2072	823
PB1|PP755595.1|A/cattle/Texas/24-008749-003/2024(H5N1)	2073	825
PB1|PP755595.1|A/cattle/Texas/24-008749-003/2024(H5N1)	2074	830
PB1|PP755595.1|A/cattle/Texas/24-008749-003/2024(H5N1)	2075	828
PB1|PP755595.1|A/cattle/Texas/24-008749-003/2024(H5N1)	2076	798
PB1|PP755595.1|A/cattle/Texas/24-008749-003/2024(H5N1)	2077	882
PB1|PP755595.1|A/cattle/Texas/24-008749-003/2024(H5N1)	2078	914
PB1|PP755595.1|A/cattle/Texas/24-008749-003/2024(H5N1)	2079	915
PB1|PP755595.1|A/cattle/Texas/24-008749-003/2024(H5N1)	2080	916
PB1|PP755595.1|A/cattle/Texas/24-008749-003/2024(H5N1)	2081	915
PB1|PP755595.1|A/cattle/Texas/24-008749-003/2024(H5N1)	2082	913
PB1|PP755595.1|A/cattle/Texas/24-008749-003/2024(H5N1)	2083	906
PB1|PP755595.1|A/cattle/Texas/24-008749-003/2024(H5N1)	2084	906
PB1|PP755595.1|A/cattle/Texas/24-008749-003/2024(H5N1)	2085	904
PB1|PP755595.1|A/cattle/Texas/24-008749-003/2024(H5N1)	2086	908
PB1|PP755595.1|A/cattle/Texas/24-008749-003/2024(H5N1)	2087	922
PB1|PP755595.1|A/cattle/Texas/24-008749-003/2024(H5N1)	2088	942
PB1|PP755595.1|A/cattle/Texas/24-008749-003/2024(H5N1)	2089	963
PB1|PP755595.1|A/cattle/Texas/24-008749-003/2024(H5N1)	2090	961
PB1|PP755595.1|A/cattle/Texas/24-008749-003/2024(H5N1)	2091	960
PB1|PP755595.1|A/cattle/Texas/24-008749-003/2024(H5N1)	2092	958
PB1|PP755595.1|A/cattle/Texas/24-008749-003/2024(H5N1)	2093	973
PB1|PP755595.1|A/cattle/Texas/24-008749-003/2024(H5N1)	2094	973
PB1|PP755595.1|A/cattle/Texas/24-008749-003/2024(H5N1)	2095	970
PB1|PP755595.1|A/cattle/Texas/24-008749-003/2024(H5N1)	2096	978
PB1|PP755595.1|A/cattle/Texas/24-008749-003/2024(H5N1)	2097	980
PB1|PP755595.1|A/cattle/Texas/24-008749-003/2024(H5N1)	2098	981
PB1|PP755595.1|A/cattle/Texas/24-008749-003/2024(H5N1)	2099	990
PB1|PP755595.1|A/cattle/Texas/24-008749-003/2024(H5N1)	2100	972
PB1|PP755595.1|A/cattle/Texas/24-008749-003/2024(H5N1)	2101	972
PB1|PP755595.1|A/cattle/Texas/24-008749-003/2024(H5N1)	2102	965
PB1|PP755595.1|A/cattle/Texas/24-008749-003/2024(H5N1)	2103	962
PB1|PP755595.1|A/cattle/Texas/24-008749-003/2024(H5N1)	2104	962
PB1|PP755595.1|A/cattle/Texas/24-008749-003/2024(H5N1)	2105	949
PB1|PP755595.1|A/cattle/Texas/24-008749-003/2024(H5N1)	2106	1018
PB1|PP755595.1|A/cattle/Texas/24-008749-003/2024(H5N1)	2107	1019
PB1|PP755595.1|A/cattle/Texas/24-008749-003/2024(H5N1)	2108	1025
PB1|PP755595.1|A/cattle/Texas/24-008749-003/2024(H5N1)	2109	1036
PB1|PP755595.1|A/cattle/Texas/24-008749-003/2024(H5N1)	2110	1059
PB1|PP755595.1|A/cattle/Texas/24-008749-003/2024(H5N1)	2111	1053
PB1|PP755595.1|A/cattle/Texas/24-008749-003/2024(H5N1)	2112	1064
PB1|PP755595.1|A/cattle/Texas/24-008749-003/2024(H5N1)	2113	1071
PB1|PP755595.1|A/cattle/Texas/24-008749-003/2024(H5N1)	2114	1069
PB1|PP755595.1|A/cattle/Texas/24-008749-003/2024(H5N1)	2115	1064
PB1|PP755595.1|A/cattle/Texas/24-008749-003/2024(H5N1)	2116	1033
PB1|PP755595.1|A/cattle/Texas/24-008749-003/2024(H5N1)	2117	1009
PB1|PP755595.1|A/cattle/Texas/24-008749-003/2024(H5N1)	2118	1036
PB1|PP755595.1|A/cattle/Texas/24-008749-003/2024(H5N1)	2119	994
PB1|PP755595.1|A/cattle/Texas/24-008749-003/2024(H5N1)	2120	992
PB1|PP755595.1|A/cattle/Texas/24-008749-003/2024(H5N1)	2121	984
PB1|PP755595.1|A/cattle/Texas/24-008749-003/2024(H5N1)	2122	986
PB1|PP755595.1|A/cattle/Texas/24-008749-003/2024(H5N1)	2123	985
PB1|PP755595.1|A/cattle/Texas/24-008749-003/2024(H5N1)	2124	979
PB1|PP755595.1|A/cattle/Texas/24-008749-003/2024(H5N1)	2125	985
PB1|PP755595.1|A/cattle/Texas/24-008749-003/2024(H5N1)	2126	1013
PB1|PP755595.1|A/cattle/Texas/24-008749-003/2024(H5N1)	2127	1027
PB1|PP755595.1|A/cattle/Texas/24-008749-003/2024(H5N1)	2128	1024
PB1|PP755595.1|A/cattle/Texas/24-008749-003/2024(H5N1)	2129	1019
PB1|PP755595.1|A/cattle/Texas/24-008749-003/2024(H5N1)	2130	1015
PB1|PP755595.1|A/cattle/Texas/24-008749-003/2024(H5N1)	2131	1011
PB1|PP755595.1|A/cattle/Texas/24-008749-003/2024(H5N1)	2132	1010
PB1|PP755595.1|A/cattle/Texas/24-008749-003/2024(H5N1)	2133	1011
PB1|PP755595.1|A/cattle/Texas/24-008749-003/2024(H5N1)	2134	1026
PB1|PP755595.1|A/cattle/Texas/24-008749-003/2024(H5N1)	2135	1036
PB1|PP755595.1|A/cattle/Texas/24-008749-003/2024(H5N1)	2136	1048
PB1|PP755595.1|A/cattle/Texas/24-008749-003/2024(H5N1)	2137	1054
PB1|PP755595.1|A/cattle/Texas/24-008749-003/2024(H5N1)	2138	1056
PB1|PP755595.1|A/cattle/Texas/24-008749-003/2024(H5N1)	2139	1073
PB1|PP755595.1|A/cattle/Texas/24-008749-003/2024(H5N1)	2140	1119
PB1|PP755595.1|A/cattle/Texas/24-008749-003/2024(H5N1)	2141	1113
PB1|PP755595.1|A/cattle/Texas/24-008749-003/2024(H5N1)	2142	1108
PB1|PP755595.1|A/cattle/Texas/24-008749-003/2024(H5N1)	2143	1096
PB1|PP755595.1|A/cattle/Texas/24-008749-003/2024(H5N1)	2144	1090
PB1|PP755595.1|A/cattle/Texas/24-008749-003/2024(H5N1)	2145	1086
PB1|PP755595.1|A/cattle/Texas/24-008749-003/2024(H5N1)	2146	1084
PB1|PP755595.1|A/cattle/Texas/24-008749-003/2024(H5N1)	2147	1078
PB1|PP755595.1|A/cattle/Texas/24-008749-003/2024(H5N1)	2148	1080
PB1|PP755595.1|A/cattle/Texas/24-008749-003/2024(H5N1)	2149	1071
PB1|PP755595.1|A/cattle/Texas/24-008749-003/2024(H5N1)	2150	1061
PB1|PP755595.1|A/cattle/Texas/24-008749-003/2024(H5N1)	2151	1052
PB1|PP755595.1|A/cattle/Texas/24-008749-003/2024(H5N1)	2152	1015
PB1|PP755595.1|A/cattle/Texas/24-008749-003/2024(H5N1)	2153	1003
PB1|PP755595.1|A/cattle/Texas/24-008749-003/2024(H5N1)	2154	1015
PB1|PP755595.1|A/cattle/Texas/24-008749-003/2024(H5N1)	2155	1011
PB1|PP755595.1|A/cattle/Texas/24-008749-003/2024(H5N1)	2156	1010
PB1|PP755595.1|A/cattle/Texas/24-008749-003/2024(H5N1)	2157	998
PB1|PP755595.1|A/cattle/Texas/24-008749-003/2024(H5N1)	2158	992
PB1|PP755595.1|A/cattle/Texas/24-008749-003/2024(H5N1)	2159	980
PB1|PP755595.1|A/cattle/Texas/24-008749-003/2024(H5N1)	2160	978
PB1|PP755595.1|A/cattle/Texas/24-008749-003/2024(H5N1)	2161	976
PB1|PP755595.1|A/cattle/Texas/24-008749-003/2024(H5N1)	2162	976
PB1|PP755595.1|A/cattle/Texas/24-008749-003/2024(H5N1)	2163	980
PB1|PP755595.1|A/cattle/Texas/24-008749-003/2024(H5N1)	2164	982
PB1|PP755595.1|A/cattle/Texas/24-008749-003/2024(H5N1)	2165	978
PB1|PP755595.1|A/cattle/Texas/24-008749-003/2024(H5N1)	2166	1089
PB1|PP755595.1|A/cattle/Texas/24-008749-003/2024(H5N1)	2167	1116
PB1|PP755595.1|A/cattle/Texas/24-008749-003/2024(H5N1)	2168	1120
PB1|PP755595.1|A/cattle/Texas/24-008749-003/2024(H5N1)	2169	1156
PB1|PP755595.1|A/cattle/Texas/24-008749-003/2024(H5N1)	2170	1157
PB1|PP755595.1|A/cattle/Texas/24-008749-003/2024(H5N1)	2171	1170
PB1|PP755595.1|A/cattle/Texas/24-008749-003/2024(H5N1)	2172	1158
PB1|PP755595.1|A/cattle/Texas/24-008749-003/2024(H5N1)	2173	1138
PB1|PP755595.1|A/cattle/Texas/24-008749-003/2024(H5N1)	2174	1144
PB1|PP755595.1|A/cattle/Texas/24-008749-003/2024(H5N1)	2175	1139
PB1|PP755595.1|A/cattle/Texas/24-008749-003/2024(H5N1)	2176	1136
PB1|PP755595.1|A/cattle/Texas/24-008749-003/2024(H5N1)	2177	1109
PB1|PP755595.1|A/cattle/Texas/24-008749-003/2024(H5N1)	2178	1106
PB1|PP755595.1|A/cattle/Texas/24-008749-003/2024(H5N1)	2179	1105
PB1|PP755595.1|A/cattle/Texas/24-008749-003/2024(H5N1)	2180	1105
PB1|PP755595.1|A/cattle/Texas/24-008749-003/2024(H5N1)	2181	1113
PB1|PP755595.1|A/cattle/Texas/24-008749-003/2024(H5N1)	2182	1110
PB1|PP755595.1|A/cattle/Texas/24-008749-003/2024(H5N1)	2183	1095
PB1|PP755595.1|A/cattle/Texas/24-008749-003/2024(H5N1)	2184	1090
PB1|PP755595.1|A/cattle/Texas/24-008749-003/2024(H5N1)	2185	1085
PB1|PP755595.1|A/cattle/Texas/24-008749-003/2024(H5N1)	2186	1085
PB1|PP755595.1|A/cattle/Texas/24-008749-003/2024(H5N1)	2187	1088
PB1|PP755595.1|A/cattle/Texas/24-008749-003/2024(H5N1)	2188	1083
PB1|PP755595.1|A/cattle/Texas/24-008749-003/2024(H5N1)	2189	1083
PB1|PP755595.1|A/cattle/Texas/24-008749-003/2024(H5N1)	2190	1079
PB1|PP755595.1|A/cattle/Texas/24-008749-003/2024(H5N1)	2191	1079
PB1|PP755595.1|A/cattle/Texas/24-008749-003/2024(H5N1)	2192	1080
PB1|PP755595.1|A/cattle/Texas/24-008749-003/2024(H5N1)	2193	1078
PB1|PP755595.1|A/cattle/Texas/24-008749-003/2024(H5N1)	2194	1077
PB1|PP755595.1|A/cattle/Texas/24-008749-003/2024(H5N1)	2195	1065
PB1|PP755595.1|A/cattle/Texas/24-008749-003/2024(H5N1)	2196	1059
PB1|PP755595.1|A/cattle/Texas/24-008749-003/2024(H5N1)	2197	1060
PB1|PP755595.1|A/cattle/Texas/24-008749-003/2024(H5N1)	2198	1060
PB1|PP755595.1|A/cattle/Texas/24-008749-003/2024(H5N1)	2199	1060
PB1|PP755595.1|A/cattle/Texas/24-008749-003/2024(H5N1)	2200	1056
PB1|PP755595.1|A/cattle/Texas/24-008749-003/2024(H5N1)	2201	1026
PB1|PP755595.1|A/cattle/Texas/24-008749-003/2024(H5N1)	2202	1048
PB1|PP755595.1|A/cattle/Texas/24-008749-003/2024(H5N1)	2203	1048
PB1|PP755595.1|A/cattle/Texas/24-008749-003/2024(H5N1)	2204	1046
PB1|PP755595.1|A/cattle/Texas/24-008749-003/2024(H5N1)	2205	1045
PB1|PP755595.1|A/cattle/Texas/24-008749-003/2024(H5N1)	2206	1042
PB1|PP755595.1|A/cattle/Texas/24-008749-003/2024(H5N1)	2207	1033
PB1|PP755595.1|A/cattle/Texas/24-008749-003/2024(H5N1)	2208	1033
PB1|PP755595.1|A/cattle/Texas/24-008749-003/2024(H5N1)	2209	1033
PB1|PP755595.1|A/cattle/Texas/24-008749-003/2024(H5N1)	2210	1017
PB1|PP755595.1|A/cattle/Texas/24-008749-003/2024(H5N1)	2211	922
PB1|PP755595.1|A/cattle/Texas/24-008749-003/2024(H5N1)	2212	919
PB1|PP755595.1|A/cattle/Texas/24-008749-003/2024(H5N1)	2213	915
PB1|PP755595.1|A/cattle/Texas/24-008749-003/2024(H5N1)	2214	917
PB1|PP755595.1|A/cattle/Texas/24-008749-003/2024(H5N1)	2215	918
PB1|PP755595.1|A/cattle/Texas/24-008749-003/2024(H5N1)	2216	913
PB1|PP755595.1|A/cattle/Texas/24-008749-003/2024(H5N1)	2217	911
PB1|PP755595.1|A/cattle/Texas/24-008749-003/2024(H5N1)	2218	904
PB1|PP755595.1|A/cattle/Texas/24-008749-003/2024(H5N1)	2219	901
PB1|PP755595.1|A/cattle/Texas/24-008749-003/2024(H5N1)	2220	899
PB1|PP755595.1|A/cattle/Texas/24-008749-003/2024(H5N1)	2221	897
PB1|PP755595.1|A/cattle/Texas/24-008749-003/2024(H5N1)	2222	893
PB1|PP755595.1|A/cattle/Texas/24-008749-003/2024(H5N1)	2223	886
PB1|PP755595.1|A/cattle/Texas/24-008749-003/2024(H5N1)	2224	885
PB1|PP755595.1|A/cattle/Texas/24-008749-003/2024(H5N1)	2225	862
PB1|PP755595.1|A/cattle/Texas/24-008749-003/2024(H5N1)	2226	861
PB1|PP755595.1|A/cattle/Texas/24-008749-003/2024(H5N1)	2227	861
PB1|PP755595.1|A/cattle/Texas/24-008749-003/2024(H5N1)	2228	859
PB1|PP755595.1|A/cattle/Texas/24-008749-003/2024(H5N1)	2229	858
PB1|PP755595.1|A/cattle/Texas/24-008749-003/2024(H5N1)	2230	858
PB1|PP755595.1|A/cattle/Texas/24-008749-003/2024(H5N1)	2231	857
PB1|PP755595.1|A/cattle/Texas/24-008749-003/2024(H5N1)	2232	855
PB1|PP755595.1|A/cattle/Texas/24-008749-003/2024(H5N1)	2233	855
PB1|PP755595.1|A/cattle/Texas/24-008749-003/2024(H5N1)	2234	854
PB1|PP755595.1|A/cattle/Texas/24-008749-003/2024(H5N1)	2235	845
PB1|PP755595.1|A/cattle/Texas/24-008749-003/2024(H5N1)	2236	842
PB1|PP755595.1|A/cattle/Texas/24-008749-003/2024(H5N1)	2237	840
PB1|PP755595.1|A/cattle/Texas/24-008749-003/2024(H5N1)	2238	822
PB1|PP755595.1|A/cattle/Texas/24-008749-003/2024(H5N1)	2239	795
PB1|PP755595.1|A/cattle/Texas/24-008749-003/2024(H5N1)	2240	796
PB1|PP755595.1|A/cattle/Texas/24-008749-003/2024(H5N1)	2241	795
PB1|PP755595.1|A/cattle/Texas/24-008749-003/2024(H5N1)	2242	795
PB1|PP755595.1|A/cattle/Texas/24-008749-003/2024(H5N1)	2243	795
PB1|PP755595.1|A/cattle/Texas/24-008749-003/2024(H5N1)	2244	772
PB1|PP755595.1|A/cattle/Texas/24-008749-003/2024(H5N1)	2245	770
PB1|PP755595.1|A/cattle/Texas/24-008749-003/2024(H5N1)	2246	770
PB1|PP755595.1|A/cattle/Texas/24-008749-003/2024(H5N1)	2247	756
PB1|PP755595.1|A/cattle/Texas/24-008749-003/2024(H5N1)	2248	755
PB1|PP755595.1|A/cattle/Texas/24-008749-003/2024(H5N1)	2249	740
PB1|PP755595.1|A/cattle/Texas/24-008749-003/2024(H5N1)	2250	730
PB1|PP755595.1|A/cattle/Texas/24-008749-003/2024(H5N1)	2251	726
PB1|PP755595.1|A/cattle/Texas/24-008749-003/2024(H5N1)	2252	726
PB1|PP755595.1|A/cattle/Texas/24-008749-003/2024(H5N1)	2253	726
PB1|PP755595.1|A/cattle/Texas/24-008749-003/2024(H5N1)	2254	726
PB1|PP755595.1|A/cattle/Texas/24-008749-003/2024(H5N1)	2255	641
PB1|PP755595.1|A/cattle/Texas/24-008749-003/2024(H5N1)	2256	641
PB1|PP755595.1|A/cattle/Texas/24-008749-003/2024(H5N1)	2257	614
PB1|PP755595.1|A/cattle/Texas/24-008749-003/2024(H5N1)	2258	608
PB1|PP755595.1|A/cattle/Texas/24-008749-003/2024(H5N1)	2259	608
PB1|PP755595.1|A/cattle/Texas/24-008749-003/2024(H5N1)	2260	597
PB1|PP755595.1|A/cattle/Texas/24-008749-003/2024(H5N1)	2261	577
PB1|PP755595.1|A/cattle/Texas/24-008749-003/2024(H5N1)	2262	577
PB1|PP755595.1|A/cattle/Texas/24-008749-003/2024(H5N1)	2263	573
PB1|PP755595.1|A/cattle/Texas/24-008749-003/2024(H5N1)	2264	562
PB1|PP755595.1|A/cattle/Texas/24-008749-003/2024(H5N1)	2265	511
PB1|PP755595.1|A/cattle/Texas/24-008749-003/2024(H5N1)	2266	509
PB1|PP755595.1|A/cattle/Texas/24-008749-003/2024(H5N1)	2267	509
PB1|PP755595.1|A/cattle/Texas/24-008749-003/2024(H5N1)	2268	507
PB1|PP755595.1|A/cattle/Texas/24-008749-003/2024(H5N1)	2269	506
PB1|PP755595.1|A/cattle/Texas/24-008749-003/2024(H5N1)	2270	504
PB1|PP755595.1|A/cattle/Texas/24-008749-003/2024(H5N1)	2271	504
PB1|PP755595.1|A/cattle/Texas/24-008749-003/2024(H5N1)	2272	496
PB1|PP755595.1|A/cattle/Texas/24-008749-003/2024(H5N1)	2273	489
PB1|PP755595.1|A/cattle/Texas/24-008749-003/2024(H5N1)	2274	488
