PB2|PP755596.1|A/cattle/Texas/24-008749-003/2024(H5N1)	1	81
PB2|PP755596.1|A/cattle/Texas/24-008749-003/2024(H5N1)	2	81
PB2|PP755596.1|A/cattle/Texas/24-008749-003/2024(H5N1)	3	86
PB2|PP755596.1|A/cattle/Texas/24-008749-003/2024(H5N1)	4	86
PB2|PP755596.1|A/cattle/Texas/24-008749-003/2024(H5N1)	5	86
PB2|PP755596.1|A/cattle/Texas/24-008749-003/2024(H5N1)	6	86
PB2|PP755596.1|A/cattle/Texas/24-008749-003/2024(H5N1)	7	87
PB2|PP755596.1|A/cattle/Texas/24-008749-003/2024(H5N1)	8	93
PB2|PP755596.1|A/cattle/Texas/24-008749-003/2024(H5N1)	9	93
PB2|PP755596.1|A/cattle/Texas/24-008749-003/2024(H5N1)	10	93
PB2|PP755596.1|A/cattle/Texas/24-008749-003/2024(H5N1)	11	94
PB2|PP755596.1|A/cattle/Texas/24-008749-003/2024(H5N1)	12	94
PB2|PP755596.1|A/cattle/Texas/24-008749-003/2024(H5N1)	13	94
PB2|PP755596.1|A/cattle/Texas/24-008749-003/2024(H5N1)	14	94
PB2|PP755596.1|A/cattle/Texas/24-008749-003/2024(H5N1)	15	94
PB2|PP755596.1|A/cattle/Texas/24-008749-003/2024(H5N1)	16	97
PB2|PP755596.1|A/cattle/Texas/24-008749-003/2024(H5N1)	17	98
PB2|PP755596.1|A/cattle/Texas/24-008749-003/2024(H5N1)	18	98
PB2|PP755596.1|A/cattle/Texas/24-008749-003/2024(H5N1)	19	98
PB2|PP755596.1|A/cattle/Texas/24-008749-003/2024(H5N1)	20	98
PB2|PP755596.1|A/cattle/Texas/24-008749-003/2024(H5N1)	21	98
PB2|PP755596.1|A/cattle/Texas/24-008749-003/2024(H5N1)	22	98
PB2|PP755596.1|A/cattle/Texas/24-008749-003/2024(H5N1)	23	100
PB2|PP755596.1|A/cattle/Texas/24-008749-003/2024(H5N1)	24	101
PB2|PP755596.1|A/cattle/Texas/24-008749-003/2024(H5N1)	25	107
PB2|PP755596.1|A/cattle/Texas/24-008749-003/2024(H5N1)	26	108
PB2|PP755596.1|A/cattle/Texas/24-008749-003/2024(H5N1)	27	108
PB2|PP755596.1|A/cattle/Texas/24-008749-003/2024(H5N1)	28	108
PB2|PP755596.1|A/cattle/Texas/24-008749-003/2024(H5N1)	29	108
PB2|PP755596.1|A/cattle/Texas/24-008749-003/2024(H5N1)	30	108
PB2|PP755596.1|A/cattle/Texas/24-008749-003/2024(H5N1)	31	111
PB2|PP755596.1|A/cattle/Texas/24-008749-003/2024(H5N1)	32	111
PB2|PP755596.1|A/cattle/Texas/24-008749-003/2024(H5N1)	33	113
PB2|PP755596.1|A/cattle/Texas/24-008749-003/2024(H5N1)	34	113
PB2|PP755596.1|A/cattle/Texas/24-008749-003/2024(H5N1)	35	113
PB2|PP755596.1|A/cattle/Texas/24-008749-003/2024(H5N1)	36	113
PB2|PP755596.1|A/cattle/Texas/24-008749-003/2024(H5N1)	37	113
PB2|PP755596.1|A/cattle/Texas/24-008749-003/2024(H5N1)	38	114
PB2|PP755596.1|A/cattle/Texas/24-008749-003/2024(H5N1)	39	116
PB2|PP755596.1|A/cattle/Texas/24-008749-003/2024(H5N1)	40	116
PB2|PP755596.1|A/cattle/Texas/24-008749-003/2024(H5N1)	41	116
PB2|PP755596.1|A/cattle/Texas/24-008749-003/2024(H5N1)	42	116
PB2|PP755596.1|A/cattle/Texas/24-008749-003/2024(H5N1)	43	118
PB2|PP755596.1|A/cattle/Texas/24-008749-003/2024(H5N1)	44	118
PB2|PP755596.1|A/cattle/Texas/24-008749-003/2024(H5N1)	45	118
PB2|PP755596.1|A/cattle/Texas/24-008749-003/2024(H5N1)	46	118
PB2|PP755596.1|A/cattle/Texas/24-008749-003/2024(H5N1)	47	119
PB2|PP755596.1|A/cattle/Texas/24-008749-003/2024(H5N1)	48	119
PB2|PP755596.1|A/cattle/Texas/24-008749-003/2024(H5N1)	49	119
PB2|PP755596.1|A/cattle/Texas/24-008749-003/2024(H5N1)	50	120
PB2|PP755596.1|A/cattle/Texas/24-008749-003/2024(H5N1)	51	120
PB2|PP755596.1|A/cattle/Texas/24-008749-003/2024(H5N1)	52	120
PB2|PP755596.1|A/cattle/Texas/24-008749-003/2024(H5N1)	53	120
PB2|PP755596.1|A/cattle/Texas/24-008749-003/2024(H5N1)	54	124
PB2|PP755596.1|A/cattle/Texas/24-008749-003/2024(H5N1)	55	130
PB2|PP755596.1|A/cattle/Texas/24-008749-003/2024(H5N1)	56	132
PB2|PP755596.1|A/cattle/Texas/24-008749-003/2024(H5N1)	57	132
PB2|PP755596.1|A/cattle/Texas/24-008749-003/2024(H5N1)	58	132
PB2|PP755596.1|A/cattle/Texas/24-008749-003/2024(H5N1)	59	132
PB2|PP755596.1|A/cattle/Texas/24-008749-003/2024(H5N1)	60	141
PB2|PP755596.1|A/cattle/Texas/24-008749-003/2024(H5N1)	61	143
PB2|PP755596.1|A/cattle/Texas/24-008749-003/2024(H5N1)	62	143
PB2|PP755596.1|A/cattle/Texas/24-008749-003/2024(H5N1)	63	143
PB2|PP755596.1|A/cattle/Texas/24-008749-003/2024(H5N1)	64	143
PB2|PP755596.1|A/cattle/Texas/24-008749-003/2024(H5N1)	65	143
PB2|PP755596.1|A/cattle/Texas/24-008749-003/2024(H5N1)	66	148
PB2|PP755596.1|A/cattle/Texas/24-008749-003/2024(H5N1)	67	150
PB2|PP755596.1|A/cattle/Texas/24-008749-003/2024(H5N1)	68	155
PB2|PP755596.1|A/cattle/Texas/24-008749-003/2024(H5N1)	69	155
PB2|PP755596.1|A/cattle/Texas/24-008749-003/2024(H5N1)	70	157
PB2|PP755596.1|A/cattle/Texas/24-008749-003/2024(H5N1)	71	169
PB2|PP755596.1|A/cattle/Texas/24-008749-003/2024(H5N1)	72	170
PB2|PP755596.1|A/cattle/Texas/24-008749-003/2024(H5N1)	73	175
PB2|PP755596.1|A/cattle/Texas/24-008749-003/2024(H5N1)	74	175
PB2|PP755596.1|A/cattle/Texas/24-008749-003/2024(H5N1)	75	175
PB2|PP755596.1|A/cattle/Texas/24-008749-003/2024(H5N1)	76	175
PB2|PP755596.1|A/cattle/Texas/24-008749-003/2024(H5N1)	77	175
PB2|PP755596.1|A/cattle/Texas/24-008749-003/2024(H5N1)	78	176
PB2|PP755596.1|A/cattle/Texas/24-008749-003/2024(H5N1)	79	177
PB2|PP755596.1|A/cattle/Texas/24-008749-003/2024(H5N1)	80	178
PB2|PP755596.1|A/cattle/Texas/24-008749-003/2024(H5N1)	81	178
PB2|PP755596.1|A/cattle/Texas/24-008749-003/2024(H5N1)	82	176
PB2|PP755596.1|A/cattle/Texas/24-008749-003/2024(H5N1)	83	176
PB2|PP755596.1|A/cattle/Texas/24-008749-003/2024(H5N1)	84	177
PB2|PP755596.1|A/cattle/Texas/24-008749-003/2024(H5N1)	85	180
PB2|PP755596.1|A/cattle/Texas/24-008749-003/2024(H5N1)	86	180
PB2|PP755596.1|A/cattle/Texas/24-008749-003/2024(H5N1)	87	179
PB2|PP755596.1|A/cattle/Texas/24-008749-003/2024(H5N1)	88	179
PB2|PP755596.1|A/cattle/Texas/24-008749-003/2024(H5N1)	89	179
PB2|PP755596.1|A/cattle/Texas/24-008749-003/2024(H5N1)	90	181
PB2|PP755596.1|A/cattle/Texas/24-008749-003/2024(H5N1)	91	182
PB2|PP755596.1|A/cattle/Texas/24-008749-003/2024(H5N1)	92	182
PB2|PP755596.1|A/cattle/Texas/24-008749-003/2024(H5N1)	93	182
PB2|PP755596.1|A/cattle/Texas/24-008749-003/2024(H5N1)	94	182
PB2|PP755596.1|A/cattle/Texas/24-008749-003/2024(H5N1)	95	182
PB2|PP755596.1|A/cattle/Texas/24-008749-003/2024(H5N1)	96	181
PB2|PP755596.1|A/cattle/Texas/24-008749-003/2024(H5N1)	97	187
PB2|PP755596.1|A/cattle/Texas/24-008749-003/2024(H5N1)	98	187
PB2|PP755596.1|A/cattle/Texas/24-008749-003/2024(H5N1)	99	188
PB2|PP755596.1|A/cattle/Texas/24-008749-003/2024(H5N1)	100	188
PB2|PP755596.1|A/cattle/Texas/24-008749-003/2024(H5N1)	101	188
PB2|PP755596.1|A/cattle/Texas/24-008749-003/2024(H5N1)	102	188
PB2|PP755596.1|A/cattle/Texas/24-008749-003/2024(H5N1)	103	188
PB2|PP755596.1|A/cattle/Texas/24-008749-003/2024(H5N1)	104	188
PB2|PP755596.1|A/cattle/Texas/24-008749-003/2024(H5N1)	105	139
PB2|PP755596.1|A/cattle/Texas/24-008749-003/2024(H5N1)	106	139
PB2|PP755596.1|A/cattle/Texas/24-008749-003/2024(H5N1)	107	139
PB2|PP755596.1|A/cattle/Texas/24-008749-003/2024(H5N1)	108	137
PB2|PP755596.1|A/cattle/Texas/24-008749-003/2024(H5N1)	109	137
PB2|PP755596.1|A/cattle/Texas/24-008749-003/2024(H5N1)	110	137
PB2|PP755596.1|A/cattle/Texas/24-008749-003/2024(H5N1)	111	137
PB2|PP755596.1|A/cattle/Texas/24-008749-003/2024(H5N1)	112	149
PB2|PP755596.1|A/cattle/Texas/24-008749-003/2024(H5N1)	113	150
PB2|PP755596.1|A/cattle/Texas/24-008749-003/2024(H5N1)	114	153
PB2|PP755596.1|A/cattle/Texas/24-008749-003/2024(H5N1)	115	163
PB2|PP755596.1|A/cattle/Texas/24-008749-003/2024(H5N1)	116	163
PB2|PP755596.1|A/cattle/Texas/24-008749-003/2024(H5N1)	117	163
PB2|PP755596.1|A/cattle/Texas/24-008749-003/2024(H5N1)	118	173
PB2|PP755596.1|A/cattle/Texas/24-008749-003/2024(H5N1)	119	176
PB2|PP755596.1|A/cattle/Texas/24-008749-003/2024(H5N1)	120	179
PB2|PP755596.1|A/cattle/Texas/24-008749-003/2024(H5N1)	121	183
PB2|PP755596.1|A/cattle/Texas/24-008749-003/2024(H5N1)	122	183
PB2|PP755596.1|A/cattle/Texas/24-008749-003/2024(H5N1)	123	183
PB2|PP755596.1|A/cattle/Texas/24-008749-003/2024(H5N1)	124	184
PB2|PP755596.1|A/cattle/Texas/24-008749-003/2024(H5N1)	125	188
PB2|PP755596.1|A/cattle/Texas/24-008749-003/2024(H5N1)	126	182
PB2|PP755596.1|A/cattle/Texas/24-008749-003/2024(H5N1)	127	182
PB2|PP755596.1|A/cattle/Texas/24-008749-003/2024(H5N1)	128	182
PB2|PP755596.1|A/cattle/Texas/24-008749-003/2024(H5N1)	129	182
PB2|PP755596.1|A/cattle/Texas/24-008749-003/2024(H5N1)	130	183
PB2|PP755596.1|A/cattle/Texas/24-008749-003/2024(H5N1)	131	187
PB2|PP755596.1|A/cattle/Texas/24-008749-003/2024(H5N1)	132	187
PB2|PP755596.1|A/cattle/Texas/24-008749-003/2024(H5N1)	133	175
PB2|PP755596.1|A/cattle/Texas/24-008749-003/2024(H5N1)	134	175
PB2|PP755596.1|A/cattle/Texas/24-008749-003/2024(H5N1)	135	175
PB2|PP755596.1|A/cattle/Texas/24-008749-003/2024(H5N1)	136	174
PB2|PP755596.1|A/cattle/Texas/24-008749-003/2024(H5N1)	137	180
PB2|PP755596.1|A/cattle/Texas/24-008749-003/2024(H5N1)	138	181
PB2|PP755596.1|A/cattle/Texas/24-008749-003/2024(H5N1)	139	191
PB2|PP755596.1|A/cattle/Texas/24-008749-003/2024(H5N1)	140	194
PB2|PP755596.1|A/cattle/Texas/24-008749-003/2024(H5N1)	141	196
PB2|PP755596.1|A/cattle/Texas/24-008749-003/2024(H5N1)	142	199
PB2|PP755596.1|A/cattle/Texas/24-008749-003/2024(H5N1)	143	197
PB2|PP755596.1|A/cattle/Texas/24-008749-003/2024(H5N1)	144	197
PB2|PP755596.1|A/cattle/Texas/24-008749-003/2024(H5N1)	145	193
PB2|PP755596.1|A/cattle/Texas/24-008749-003/2024(H5N1)	146	190
PB2|PP755596.1|A/cattle/Texas/24-008749-003/2024(H5N1)	147	193
PB2|PP755596.1|A/cattle/Texas/24-008749-003/2024(H5N1)	148	192
PB2|PP755596.1|A/cattle/Texas/24-008749-003/2024(H5N1)	149	192
PB2|PP755596.1|A/cattle/Texas/24-008749-003/2024(H5N1)	150	190
PB2|PP755596.1|A/cattle/Texas/24-008749-003/2024(H5N1)	151	191
PB2|PP755596.1|A/cattle/Texas/24-008749-003/2024(H5N1)	152	191
PB2|PP755596.1|A/cattle/Texas/24-008749-003/2024(H5N1)	153	191
PB2|PP755596.1|A/cattle/Texas/24-008749-003/2024(H5N1)	154	191
PB2|PP755596.1|A/cattle/Texas/24-008749-003/2024(H5N1)	155	193
PB2|PP755596.1|A/cattle/Texas/24-008749-003/2024(H5N1)	156	192
PB2|PP755596.1|A/cattle/Texas/24-008749-003/2024(H5N1)	157	192
PB2|PP755596.1|A/cattle/Texas/24-008749-003/2024(H5N1)	158	192
PB2|PP755596.1|A/cattle/Texas/24-008749-003/2024(H5N1)	159	189
PB2|PP755596.1|A/cattle/Texas/24-008749-003/2024(H5N1)	160	193
PB2|PP755596.1|A/cattle/Texas/24-008749-003/2024(H5N1)	161	195
PB2|PP755596.1|A/cattle/Texas/24-008749-003/2024(H5N1)	162	194
PB2|PP755596.1|A/cattle/Texas/24-008749-003/2024(H5N1)	163	196
PB2|PP755596.1|A/cattle/Texas/24-008749-003/2024(H5N1)	164	197
PB2|PP755596.1|A/cattle/Texas/24-008749-003/2024(H5N1)	165	196
PB2|PP755596.1|A/cattle/Texas/24-008749-003/2024(H5N1)	166	198
PB2|PP755596.1|A/cattle/Texas/24-008749-003/2024(H5N1)	167	198
PB2|PP755596.1|A/cattle/Texas/24-008749-003/2024(H5N1)	168	197
PB2|PP755596.1|A/cattle/Texas/24-008749-003/2024(H5N1)	169	195
PB2|PP755596.1|A/cattle/Texas/24-008749-003/2024(H5N1)	170	195
PB2|PP755596.1|A/cattle/Texas/24-008749-003/2024(H5N1)	171	196
PB2|PP755596.1|A/cattle/Texas/24-008749-003/2024(H5N1)	172	196
PB2|PP755596.1|A/cattle/Texas/24-008749-003/2024(H5N1)	173	199
PB2|PP755596.1|A/cattle/Texas/24-008749-003/2024(H5N1)	174	198
PB2|PP755596.1|A/cattle/Texas/24-008749-003/2024(H5N1)	175	203
PB2|PP755596.1|A/cattle/Texas/24-008749-003/2024(H5N1)	176	211
PB2|PP755596.1|A/cattle/Texas/24-008749-003/2024(H5N1)	177	208
PB2|PP755596.1|A/cattle/Texas/24-008749-003/2024(H5N1)	178	208
PB2|PP755596.1|A/cattle/Texas/24-008749-003/2024(H5N1)	179	211
PB2|PP755596.1|A/cattle/Texas/24-008749-003/2024(H5N1)	180	214
PB2|PP755596.1|A/cattle/Texas/24-008749-003/2024(H5N1)	181	214
PB2|PP755596.1|A/cattle/Texas/24-008749-003/2024(H5N1)	182	207
PB2|PP755596.1|A/cattle/Texas/24-008749-003/2024(H5N1)	183	207
PB2|PP755596.1|A/cattle/Texas/24-008749-003/2024(H5N1)	184	206
PB2|PP755596.1|A/cattle/Texas/24-008749-003/2024(H5N1)	185	206
PB2|PP755596.1|A/cattle/Texas/24-008749-003/2024(H5N1)	186	207
PB2|PP755596.1|A/cattle/Texas/24-008749-003/2024(H5N1)	187	207
PB2|PP755596.1|A/cattle/Texas/24-008749-003/2024(H5N1)	188	211
PB2|PP755596.1|A/cattle/Texas/24-008749-003/2024(H5N1)	189	210
PB2|PP755596.1|A/cattle/Texas/24-008749-003/2024(H5N1)	190	225
PB2|PP755596.1|A/cattle/Texas/24-008749-003/2024(H5N1)	191	225
PB2|PP755596.1|A/cattle/Texas/24-008749-003/2024(H5N1)	192	226
PB2|PP755596.1|A/cattle/Texas/24-008749-003/2024(H5N1)	193	229
PB2|PP755596.1|A/cattle/Texas/24-008749-003/2024(H5N1)	194	227
PB2|PP755596.1|A/cattle/Texas/24-008749-003/2024(H5N1)	195	227
PB2|PP755596.1|A/cattle/Texas/24-008749-003/2024(H5N1)	196	227
PB2|PP755596.1|A/cattle/Texas/24-008749-003/2024(H5N1)	197	228
PB2|PP755596.1|A/cattle/Texas/24-008749-003/2024(H5N1)	198	227
PB2|PP755596.1|A/cattle/Texas/24-008749-003/2024(H5N1)	199	228
PB2|PP755596.1|A/cattle/Texas/24-008749-003/2024(H5N1)	200	232
PB2|PP755596.1|A/cattle/Texas/24-008749-003/2024(H5N1)	201	232
PB2|PP755596.1|A/cattle/Texas/24-008749-003/2024(H5N1)	202	232
PB2|PP755596.1|A/cattle/Texas/24-008749-003/2024(H5N1)	203	225
PB2|PP755596.1|A/cattle/Texas/24-008749-003/2024(H5N1)	204	224
PB2|PP755596.1|A/cattle/Texas/24-008749-003/2024(H5N1)	205	223
PB2|PP755596.1|A/cattle/Texas/24-008749-003/2024(H5N1)	206	222
PB2|PP755596.1|A/cattle/Texas/24-008749-003/2024(H5N1)	207	223
PB2|PP755596.1|A/cattle/Texas/24-008749-003/2024(H5N1)	208	224
PB2|PP755596.1|A/cattle/Texas/24-008749-003/2024(H5N1)	209	230
PB2|PP755596.1|A/cattle/Texas/24-008749-003/2024(H5N1)	210	233
PB2|PP755596.1|A/cattle/Texas/24-008749-003/2024(H5N1)	211	224
PB2|PP755596.1|A/cattle/Texas/24-008749-003/2024(H5N1)	212	222
PB2|PP755596.1|A/cattle/Texas/24-008749-003/2024(H5N1)	213	222
PB2|PP755596.1|A/cattle/Texas/24-008749-003/2024(H5N1)	214	225
PB2|PP755596.1|A/cattle/Texas/24-008749-003/2024(H5N1)	215	227
PB2|PP755596.1|A/cattle/Texas/24-008749-003/2024(H5N1)	216	225
PB2|PP755596.1|A/cattle/Texas/24-008749-003/2024(H5N1)	217	220
PB2|PP755596.1|A/cattle/Texas/24-008749-003/2024(H5N1)	218	220
PB2|PP755596.1|A/cattle/Texas/24-008749-003/2024(H5N1)	219	217
PB2|PP755596.1|A/cattle/Texas/24-008749-003/2024(H5N1)	220	222
PB2|PP755596.1|A/cattle/Texas/24-008749-003/2024(H5N1)	221	222
PB2|PP755596.1|A/cattle/Texas/24-008749-003/2024(H5N1)	222	210
PB2|PP755596.1|A/cattle/Texas/24-008749-003/2024(H5N1)	223	204
PB2|PP755596.1|A/cattle/Texas/24-008749-003/2024(H5N1)	224	204
PB2|PP755596.1|A/cattle/Texas/24-008749-003/2024(H5N1)	225	204
PB2|PP755596.1|A/cattle/Texas/24-008749-003/2024(H5N1)	226	205
PB2|PP755596.1|A/cattle/Texas/24-008749-003/2024(H5N1)	227	205
PB2|PP755596.1|A/cattle/Texas/24-008749-003/2024(H5N1)	228	205
PB2|PP755596.1|A/cattle/Texas/24-008749-003/2024(H5N1)	229	210
PB2|PP755596.1|A/cattle/Texas/24-008749-003/2024(H5N1)	230	210
PB2|PP755596.1|A/cattle/Texas/24-008749-003/2024(H5N1)	231	214
PB2|PP755596.1|A/cattle/Texas/24-008749-003/2024(H5N1)	232	214
PB2|PP755596.1|A/cattle/Texas/24-008749-003/2024(H5N1)	233	214
PB2|PP755596.1|A/cattle/Texas/24-008749-003/2024(H5N1)	234	214
PB2|PP755596.1|A/cattle/Texas/24-008749-003/2024(H5N1)	235	211
PB2|PP755596.1|A/cattle/Texas/24-008749-003/2024(H5N1)	236	210
PB2|PP755596.1|A/cattle/Texas/24-008749-003/2024(H5N1)	237	210
PB2|PP755596.1|A/cattle/Texas/24-008749-003/2024(H5N1)	238	206
PB2|PP755596.1|A/cattle/Texas/24-008749-003/2024(H5N1)	239	207
PB2|PP755596.1|A/cattle/Texas/24-008749-003/2024(H5N1)	240	207
PB2|PP755596.1|A/cattle/Texas/24-008749-003/2024(H5N1)	241	206
PB2|PP755596.1|A/cattle/Texas/24-008749-003/2024(H5N1)	242	205
PB2|PP755596.1|A/cattle/Texas/24-008749-003/2024(H5N1)	243	213
PB2|PP755596.1|A/cattle/Texas/24-008749-003/2024(H5N1)	244	215
PB2|PP755596.1|A/cattle/Texas/24-008749-003/2024(H5N1)	245	226
PB2|PP755596.1|A/cattle/Texas/24-008749-003/2024(H5N1)	246	226
PB2|PP755596.1|A/cattle/Texas/24-008749-003/2024(H5N1)	247	227
PB2|PP755596.1|A/cattle/Texas/24-008749-003/2024(H5N1)	248	226
PB2|PP755596.1|A/cattle/Texas/24-008749-003/2024(H5N1)	249	228
PB2|PP755596.1|A/cattle/Texas/24-008749-003/2024(H5N1)	250	227
PB2|PP755596.1|A/cattle/Texas/24-008749-003/2024(H5N1)	251	235
PB2|PP755596.1|A/cattle/Texas/24-008749-003/2024(H5N1)	252	242
PB2|PP755596.1|A/cattle/Texas/24-008749-003/2024(H5N1)	253	248
PB2|PP755596.1|A/cattle/Texas/24-008749-003/2024(H5N1)	254	249
PB2|PP755596.1|A/cattle/Texas/24-008749-003/2024(H5N1)	255	243
PB2|PP755596.1|A/cattle/Texas/24-008749-003/2024(H5N1)	256	249
PB2|PP755596.1|A/cattle/Texas/24-008749-003/2024(H5N1)	257	247
PB2|PP755596.1|A/cattle/Texas/24-008749-003/2024(H5N1)	258	247
PB2|PP755596.1|A/cattle/Texas/24-008749-003/2024(H5N1)	259	254
PB2|PP755596.1|A/cattle/Texas/24-008749-003/2024(H5N1)	260	260
PB2|PP755596.1|A/cattle/Texas/24-008749-003/2024(H5N1)	261	259
PB2|PP755596.1|A/cattle/Texas/24-008749-003/2024(H5N1)	262	243
PB2|PP755596.1|A/cattle/Texas/24-008749-003/2024(H5N1)	263	241
PB2|PP755596.1|A/cattle/Texas/24-008749-003/2024(H5N1)	264	240
PB2|PP755596.1|A/cattle/Texas/24-008749-003/2024(H5N1)	265	240
PB2|PP755596.1|A/cattle/Texas/24-008749-003/2024(H5N1)	266	240
PB2|PP755596.1|A/cattle/Texas/24-008749-003/2024(H5N1)	267	240
PB2|PP755596.1|A/cattle/Texas/24-008749-003/2024(H5N1)	268	239
PB2|PP755596.1|A/cattle/Texas/24-008749-003/2024(H5N1)	269	229
PB2|PP755596.1|A/cattle/Texas/24-008749-003/2024(H5N1)	270	234
PB2|PP755596.1|A/cattle/Texas/24-008749-003/2024(H5N1)	271	242
PB2|PP755596.1|A/cattle/Texas/24-008749-003/2024(H5N1)	272	241
PB2|PP755596.1|A/cattle/Texas/24-008749-003/2024(H5N1)	273	241
PB2|PP755596.1|A/cattle/Texas/24-008749-003/2024(H5N1)	274	240
PB2|PP755596.1|A/cattle/Texas/24-008749-003/2024(H5N1)	275	237
PB2|PP755596.1|A/cattle/Texas/24-008749-003/2024(H5N1)	276	240
PB2|PP755596.1|A/cattle/Texas/24-008749-003/2024(H5N1)	277	259
PB2|PP755596.1|A/cattle/Texas/24-008749-003/2024(H5N1)	278	259
PB2|PP755596.1|A/cattle/Texas/24-008749-003/2024(H5N1)	279	258
PB2|PP755596.1|A/cattle/Texas/24-008749-003/2024(H5N1)	280	252
PB2|PP755596.1|A/cattle/Texas/24-008749-003/2024(H5N1)	281	253
PB2|PP755596.1|A/cattle/Texas/24-008749-003/2024(H5N1)	282	255
PB2|PP755596.1|A/cattle/Texas/24-008749-003/2024(H5N1)	283	255
PB2|PP755596.1|A/cattle/Texas/24-008749-003/2024(H5N1)	284	254
PB2|PP755596.1|A/cattle/Texas/24-008749-003/2024(H5N1)	285	249
PB2|PP755596.1|A/cattle/Texas/24-008749-003/2024(H5N1)	286	249
PB2|PP755596.1|A/cattle/Texas/24-008749-003/2024(H5N1)	287	246
PB2|PP755596.1|A/cattle/Texas/24-008749-003/2024(H5N1)	288	246
PB2|PP755596.1|A/cattle/Texas/24-008749-003/2024(H5N1)	289	247
PB2|PP755596.1|A/cattle/Texas/24-008749-003/2024(H5N1)	290	247
PB2|PP755596.1|A/cattle/Texas/24-008749-003/2024(H5N1)	291	245
PB2|PP755596.1|A/cattle/Texas/24-008749-003/2024(H5N1)	292	243
PB2|PP755596.1|A/cattle/Texas/24-008749-003/2024(H5N1)	293	242
PB2|PP755596.1|A/cattle/Texas/24-008749-003/2024(H5N1)	294	251
PB2|PP755596.1|A/cattle/Texas/24-008749-003/2024(H5N1)	295	254
PB2|PP755596.1|A/cattle/Texas/24-008749-003/2024(H5N1)	296	254
PB2|PP755596.1|A/cattle/Texas/24-008749-003/2024(H5N1)	297	257
PB2|PP755596.1|A/cattle/Texas/24-008749-003/2024(H5N1)	298	254
PB2|PP755596.1|A/cattle/Texas/24-008749-003/2024(H5N1)	299	254
PB2|PP755596.1|A/cattle/Texas/24-008749-003/2024(H5N1)	300	254
PB2|PP755596.1|A/cattle/Texas/24-008749-003/2024(H5N1)	301	253
PB2|PP755596.1|A/cattle/Texas/24-008749-003/2024(H5N1)	302	256
PB2|PP755596.1|A/cattle/Texas/24-008749-003/2024(H5N1)	303	258
PB2|PP755596.1|A/cattle/Texas/24-008749-003/2024(H5N1)	304	259
PB2|PP755596.1|A/cattle/Texas/24-008749-003/2024(H5N1)	305	261
PB2|PP755596.1|A/cattle/Texas/24-008749-003/2024(H5N1)	306	259
PB2|PP755596.1|A/cattle/Texas/24-008749-003/2024(H5N1)	307	259
PB2|PP755596.1|A/cattle/Texas/24-008749-003/2024(H5N1)	308	261
PB2|PP755596.1|A/cattle/Texas/24-008749-003/2024(H5N1)	309	261
PB2|PP755596.1|A/cattle/Texas/24-008749-003/2024(H5N1)	310	266
PB2|PP755596.1|A/cattle/Texas/24-008749-003/2024(H5N1)	311	262
PB2|PP755596.1|A/cattle/Texas/24-008749-003/2024(H5N1)	312	269
PB2|PP755596.1|A/cattle/Texas/24-008749-003/2024(H5N1)	313	269
PB2|PP755596.1|A/cattle/Texas/24-008749-003/2024(H5N1)	314	272
PB2|PP755596.1|A/cattle/Texas/24-008749-003/2024(H5N1)	315	276
PB2|PP755596.1|A/cattle/Texas/24-008749-003/2024(H5N1)	316	276
PB2|PP755596.1|A/cattle/Texas/24-008749-003/2024(H5N1)	317	280
PB2|PP755596.1|A/cattle/Texas/24-008749-003/2024(H5N1)	318	280
PB2|PP755596.1|A/cattle/Texas/24-008749-003/2024(H5N1)	319	278
PB2|PP755596.1|A/cattle/Texas/24-008749-003/2024(H5N1)	320	281
PB2|PP755596.1|A/cattle/Texas/24-008749-003/2024(H5N1)	321	282
PB2|PP755596.1|A/cattle/Texas/24-008749-003/2024(H5N1)	322	280
PB2|PP755596.1|A/cattle/Texas/24-008749-003/2024(H5N1)	323	279
PB2|PP755596.1|A/cattle/Texas/24-008749-003/2024(H5N1)	324	270
PB2|PP755596.1|A/cattle/Texas/24-008749-003/2024(H5N1)	325	275
PB2|PP755596.1|A/cattle/Texas/24-008749-003/2024(H5N1)	326	271
PB2|PP755596.1|A/cattle/Texas/24-008749-003/2024(H5N1)	327	275
PB2|PP755596.1|A/cattle/Texas/24-008749-003/2024(H5N1)	328	275
PB2|PP755596.1|A/cattle/Texas/24-008749-003/2024(H5N1)	329	268
PB2|PP755596.1|A/cattle/Texas/24-008749-003/2024(H5N1)	330	265
PB2|PP755596.1|A/cattle/Texas/24-008749-003/2024(H5N1)	331	265
PB2|PP755596.1|A/cattle/Texas/24-008749-003/2024(H5N1)	332	285
PB2|PP755596.1|A/cattle/Texas/24-008749-003/2024(H5N1)	333	288
PB2|PP755596.1|A/cattle/Texas/24-008749-003/2024(H5N1)	334	288
PB2|PP755596.1|A/cattle/Texas/24-008749-003/2024(H5N1)	335	288
PB2|PP755596.1|A/cattle/Texas/24-008749-003/2024(H5N1)	336	287
PB2|PP755596.1|A/cattle/Texas/24-008749-003/2024(H5N1)	337	287
PB2|PP755596.1|A/cattle/Texas/24-008749-003/2024(H5N1)	338	287
PB2|PP755596.1|A/cattle/Texas/24-008749-003/2024(H5N1)	339	295
PB2|PP755596.1|A/cattle/Texas/24-008749-003/2024(H5N1)	340	306
PB2|PP755596.1|A/cattle/Texas/24-008749-003/2024(H5N1)	341	291
PB2|PP755596.1|A/cattle/Texas/24-008749-003/2024(H5N1)	342	296
PB2|PP755596.1|A/cattle/Texas/24-008749-003/2024(H5N1)	343	297
PB2|PP755596.1|A/cattle/Texas/24-008749-003/2024(H5N1)	344	294
PB2|PP755596.1|A/cattle/Texas/24-008749-003/2024(H5N1)	345	294
PB2|PP755596.1|A/cattle/Texas/24-008749-003/2024(H5N1)	346	295
PB2|PP755596.1|A/cattle/Texas/24-008749-003/2024(H5N1)	347	297
PB2|PP755596.1|A/cattle/Texas/24-008749-003/2024(H5N1)	348	296
PB2|PP755596.1|A/cattle/Texas/24-008749-003/2024(H5N1)	349	296
PB2|PP755596.1|A/cattle/Texas/24-008749-003/2024(H5N1)	350	295
PB2|PP755596.1|A/cattle/Texas/24-008749-003/2024(H5N1)	351	290
PB2|PP755596.1|A/cattle/Texas/24-008749-003/2024(H5N1)	352	290
PB2|PP755596.1|A/cattle/Texas/24-008749-003/2024(H5N1)	353	290
PB2|PP755596.1|A/cattle/Texas/24-008749-003/2024(H5N1)	354	290
PB2|PP755596.1|A/cattle/Texas/24-008749-003/2024(H5N1)	355	290
PB2|PP755596.1|A/cattle/Texas/24-008749-003/2024(H5N1)	356	290
PB2|PP755596.1|A/cattle/Texas/24-008749-003/2024(H5N1)	357	289
PB2|PP755596.1|A/cattle/Texas/24-008749-003/2024(H5N1)	358	289
PB2|PP755596.1|A/cattle/Texas/24-008749-003/2024(H5N1)	359	289
PB2|PP755596.1|A/cattle/Texas/24-008749-003/2024(H5N1)	360	283
PB2|PP755596.1|A/cattle/Texas/24-008749-003/2024(H5N1)	361	284
PB2|PP755596.1|A/cattle/Texas/24-008749-003/2024(H5N1)	362	284
PB2|PP755596.1|A/cattle/Texas/24-008749-003/2024(H5N1)	363	284
PB2|PP755596.1|A/cattle/Texas/24-008749-003/2024(H5N1)	364	285
PB2|PP755596.1|A/cattle/Texas/24-008749-003/2024(H5N1)	365	282
PB2|PP755596.1|A/cattle/Texas/24-008749-003/2024(H5N1)	366	280
PB2|PP755596.1|A/cattle/Texas/24-008749-003/2024(H5N1)	367	280
PB2|PP755596.1|A/cattle/Texas/24-008749-003/2024(H5N1)	368	280
PB2|PP755596.1|A/cattle/Texas/24-008749-003/2024(H5N1)	369	281
PB2|PP755596.1|A/cattle/Texas/24-008749-003/2024(H5N1)	370	281
PB2|PP755596.1|A/cattle/Texas/24-008749-003/2024(H5N1)	371	283
PB2|PP755596.1|A/cattle/Texas/24-008749-003/2024(H5N1)	372	289
PB2|PP755596.1|A/cattle/Texas/24-008749-003/2024(H5N1)	373	289
PB2|PP755596.1|A/cattle/Texas/24-008749-003/2024(H5N1)	374	289
PB2|PP755596.1|A/cattle/Texas/24-008749-003/2024(H5N1)	375	289
PB2|PP755596.1|A/cattle/Texas/24-008749-003/2024(H5N1)	376	295
PB2|PP755596.1|A/cattle/Texas/24-008749-003/2024(H5N1)	377	295
PB2|PP755596.1|A/cattle/Texas/24-008749-003/2024(H5N1)	378	296
PB2|PP755596.1|A/cattle/Texas/24-008749-003/2024(H5N1)	379	300
PB2|PP755596.1|A/cattle/Texas/24-008749-003/2024(H5N1)	380	295
PB2|PP755596.1|A/cattle/Texas/24-008749-003/2024(H5N1)	381	294
PB2|PP755596.1|A/cattle/Texas/24-008749-003/2024(H5N1)	382	290
PB2|PP755596.1|A/cattle/Texas/24-008749-003/2024(H5N1)	383	292
PB2|PP755596.1|A/cattle/Texas/24-008749-003/2024(H5N1)	384	292
PB2|PP755596.1|A/cattle/Texas/24-008749-003/2024(H5N1)	385	296
PB2|PP755596.1|A/cattle/Texas/24-008749-003/2024(H5N1)	386	311
PB2|PP755596.1|A/cattle/Texas/24-008749-003/2024(H5N1)	387	317
PB2|PP755596.1|A/cattle/Texas/24-008749-003/2024(H5N1)	388	317
PB2|PP755596.1|A/cattle/Texas/24-008749-003/2024(H5N1)	389	317
PB2|PP755596.1|A/cattle/Texas/24-008749-003/2024(H5N1)	390	316
PB2|PP755596.1|A/cattle/Texas/24-008749-003/2024(H5N1)	391	317
PB2|PP755596.1|A/cattle/Texas/24-008749-003/2024(H5N1)	392	346
PB2|PP755596.1|A/cattle/Texas/24-008749-003/2024(H5N1)	393	345
PB2|PP755596.1|A/cattle/Texas/24-008749-003/2024(H5N1)	394	341
PB2|PP755596.1|A/cattle/Texas/24-008749-003/2024(H5N1)	395	336
PB2|PP755596.1|A/cattle/Texas/24-008749-003/2024(H5N1)	396	325
PB2|PP755596.1|A/cattle/Texas/24-008749-003/2024(H5N1)	397	327
PB2|PP755596.1|A/cattle/Texas/24-008749-003/2024(H5N1)	398	327
PB2|PP755596.1|A/cattle/Texas/24-008749-003/2024(H5N1)	399	333
PB2|PP755596.1|A/cattle/Texas/24-008749-003/2024(H5N1)	400	331
PB2|PP755596.1|A/cattle/Texas/24-008749-003/2024(H5N1)	401	320
PB2|PP755596.1|A/cattle/Texas/24-008749-003/2024(H5N1)	402	315
PB2|PP755596.1|A/cattle/Texas/24-008749-003/2024(H5N1)	403	304
PB2|PP755596.1|A/cattle/Texas/24-008749-003/2024(H5N1)	404	305
PB2|PP755596.1|A/cattle/Texas/24-008749-003/2024(H5N1)	405	304
PB2|PP755596.1|A/cattle/Texas/24-008749-003/2024(H5N1)	406	298
PB2|PP755596.1|A/cattle/Texas/24-008749-003/2024(H5N1)	407	298
PB2|PP755596.1|A/cattle/Texas/24-008749-003/2024(H5N1)	408	300
PB2|PP755596.1|A/cattle/Texas/24-008749-003/2024(H5N1)	409	303
PB2|PP755596.1|A/cattle/Texas/24-008749-003/2024(H5N1)	410	300
PB2|PP755596.1|A/cattle/Texas/24-008749-003/2024(H5N1)	411	292
PB2|PP755596.1|A/cattle/Texas/24-008749-003/2024(H5N1)	412	296
PB2|PP755596.1|A/cattle/Texas/24-008749-003/2024(H5N1)	413	296
PB2|PP755596.1|A/cattle/Texas/24-008749-003/2024(H5N1)	414	295
PB2|PP755596.1|A/cattle/Texas/24-008749-003/2024(H5N1)	415	295
PB2|PP755596.1|A/cattle/Texas/24-008749-003/2024(H5N1)	416	295
PB2|PP755596.1|A/cattle/Texas/24-008749-003/2024(H5N1)	417	293
PB2|PP755596.1|A/cattle/Texas/24-008749-003/2024(H5N1)	418	292
PB2|PP755596.1|A/cattle/Texas/24-008749-003/2024(H5N1)	419	294
PB2|PP755596.1|A/cattle/Texas/24-008749-003/2024(H5N1)	420	294
PB2|PP755596.1|A/cattle/Texas/24-008749-003/2024(H5N1)	421	291
PB2|PP755596.1|A/cattle/Texas/24-008749-003/2024(H5N1)	422	284
PB2|PP755596.1|A/cattle/Texas/24-008749-003/2024(H5N1)	423	283
PB2|PP755596.1|A/cattle/Texas/24-008749-003/2024(H5N1)	424	283
PB2|PP755596.1|A/cattle/Texas/24-008749-003/2024(H5N1)	425	288
PB2|PP755596.1|A/cattle/Texas/24-008749-003/2024(H5N1)	426	292
PB2|PP755596.1|A/cattle/Texas/24-008749-003/2024(H5N1)	427	272
PB2|PP755596.1|A/cattle/Texas/24-008749-003/2024(H5N1)	428	269
PB2|PP755596.1|A/cattle/Texas/24-008749-003/2024(H5N1)	429	269
PB2|PP755596.1|A/cattle/Texas/24-008749-003/2024(H5N1)	430	270
PB2|PP755596.1|A/cattle/Texas/24-008749-003/2024(H5N1)	431	270
PB2|PP755596.1|A/cattle/Texas/24-008749-003/2024(H5N1)	432	269
PB2|PP755596.1|A/cattle/Texas/24-008749-003/2024(H5N1)	433	266
PB2|PP755596.1|A/cattle/Texas/24-008749-003/2024(H5N1)	434	264
PB2|PP755596.1|A/cattle/Texas/24-008749-003/2024(H5N1)	435	266
PB2|PP755596.1|A/cattle/Texas/24-008749-003/2024(H5N1)	436	272
PB2|PP755596.1|A/cattle/Texas/24-008749-003/2024(H5N1)	437	280
PB2|PP755596.1|A/cattle/Texas/24-008749-003/2024(H5N1)	438	281
PB2|PP755596.1|A/cattle/Texas/24-008749-003/2024(H5N1)	439	281
PB2|PP755596.1|A/cattle/Texas/24-008749-003/2024(H5N1)	440	282
PB2|PP755596.1|A/cattle/Texas/24-008749-003/2024(H5N1)	441	282
PB2|PP755596.1|A/cattle/Texas/24-008749-003/2024(H5N1)	442	284
PB2|PP755596.1|A/cattle/Texas/24-008749-003/2024(H5N1)	443	284
PB2|PP755596.1|A/cattle/Texas/24-008749-003/2024(H5N1)	444	279
PB2|PP755596.1|A/cattle/Texas/24-008749-003/2024(H5N1)	445	278
PB2|PP755596.1|A/cattle/Texas/24-008749-003/2024(H5N1)	446	276
PB2|PP755596.1|A/cattle/Texas/24-008749-003/2024(H5N1)	447	277
PB2|PP755596.1|A/cattle/Texas/24-008749-003/2024(H5N1)	448	280
PB2|PP755596.1|A/cattle/Texas/24-008749-003/2024(H5N1)	449	280
PB2|PP755596.1|A/cattle/Texas/24-008749-003/2024(H5N1)	450	280
PB2|PP755596.1|A/cattle/Texas/24-008749-003/2024(H5N1)	451	280
PB2|PP755596.1|A/cattle/Texas/24-008749-003/2024(H5N1)	452	298
PB2|PP755596.1|A/cattle/Texas/24-008749-003/2024(H5N1)	453	295
PB2|PP755596.1|A/cattle/Texas/24-008749-003/2024(H5N1)	454	295
PB2|PP755596.1|A/cattle/Texas/24-008749-003/2024(H5N1)	455	294
PB2|PP755596.1|A/cattle/Texas/24-008749-003/2024(H5N1)	456	299
PB2|PP755596.1|A/cattle/Texas/24-008749-003/2024(H5N1)	457	299
PB2|PP755596.1|A/cattle/Texas/24-008749-003/2024(H5N1)	458	306
PB2|PP755596.1|A/cattle/Texas/24-008749-003/2024(H5N1)	459	310
PB2|PP755596.1|A/cattle/Texas/24-008749-003/2024(H5N1)	460	310
PB2|PP755596.1|A/cattle/Texas/24-008749-003/2024(H5N1)	461	303
PB2|PP755596.1|A/cattle/Texas/24-008749-003/2024(H5N1)	462	303
PB2|PP755596.1|A/cattle/Texas/24-008749-003/2024(H5N1)	463	290
PB2|PP755596.1|A/cattle/Texas/24-008749-003/2024(H5N1)	464	300
PB2|PP755596.1|A/cattle/Texas/24-008749-003/2024(H5N1)	465	303
PB2|PP755596.1|A/cattle/Texas/24-008749-003/2024(H5N1)	466	305
PB2|PP755596.1|A/cattle/Texas/24-008749-003/2024(H5N1)	467	301
PB2|PP755596.1|A/cattle/Texas/24-008749-003/2024(H5N1)	468	304
PB2|PP755596.1|A/cattle/Texas/24-008749-003/2024(H5N1)	469	306
PB2|PP755596.1|A/cattle/Texas/24-008749-003/2024(H5N1)	470	306
PB2|PP755596.1|A/cattle/Texas/24-008749-003/2024(H5N1)	471	303
PB2|PP755596.1|A/cattle/Texas/24-008749-003/2024(H5N1)	472	303
PB2|PP755596.1|A/cattle/Texas/24-008749-003/2024(H5N1)	473	299
PB2|PP755596.1|A/cattle/Texas/24-008749-003/2024(H5N1)	474	299
PB2|PP755596.1|A/cattle/Texas/24-008749-003/2024(H5N1)	475	299
PB2|PP755596.1|A/cattle/Texas/24-008749-003/2024(H5N1)	476	294
PB2|PP755596.1|A/cattle/Texas/24-008749-003/2024(H5N1)	477	289
PB2|PP755596.1|A/cattle/Texas/24-008749-003/2024(H5N1)	478	287
PB2|PP755596.1|A/cattle/Texas/24-008749-003/2024(H5N1)	479	287
PB2|PP755596.1|A/cattle/Texas/24-008749-003/2024(H5N1)	480	287
PB2|PP755596.1|A/cattle/Texas/24-008749-003/2024(H5N1)	481	293
PB2|PP755596.1|A/cattle/Texas/24-008749-003/2024(H5N1)	482	303
PB2|PP755596.1|A/cattle/Texas/24-008749-003/2024(H5N1)	483	284
PB2|PP755596.1|A/cattle/Texas/24-008749-003/2024(H5N1)	484	293
PB2|PP755596.1|A/cattle/Texas/24-008749-003/2024(H5N1)	485	293
PB2|PP755596.1|A/cattle/Texas/24-008749-003/2024(H5N1)	486	299
PB2|PP755596.1|A/cattle/Texas/24-008749-003/2024(H5N1)	487	304
PB2|PP755596.1|A/cattle/Texas/24-008749-003/2024(H5N1)	488	311
PB2|PP755596.1|A/cattle/Texas/24-008749-003/2024(H5N1)	489	297
PB2|PP755596.1|A/cattle/Texas/24-008749-003/2024(H5N1)	490	289
PB2|PP755596.1|A/cattle/Texas/24-008749-003/2024(H5N1)	491	288
PB2|PP755596.1|A/cattle/Texas/24-008749-003/2024(H5N1)	492	289
PB2|PP755596.1|A/cattle/Texas/24-008749-003/2024(H5N1)	493	289
PB2|PP755596.1|A/cattle/Texas/24-008749-003/2024(H5N1)	494	288
PB2|PP755596.1|A/cattle/Texas/24-008749-003/2024(H5N1)	495	289
PB2|PP755596.1|A/cattle/Texas/24-008749-003/2024(H5N1)	496	291
PB2|PP755596.1|A/cattle/Texas/24-008749-003/2024(H5N1)	497	290
PB2|PP755596.1|A/cattle/Texas/24-008749-003/2024(H5N1)	498	293
PB2|PP755596.1|A/cattle/Texas/24-008749-003/2024(H5N1)	499	293
PB2|PP755596.1|A/cattle/Texas/24-008749-003/2024(H5N1)	500	303
PB2|PP755596.1|A/cattle/Texas/24-008749-003/2024(H5N1)	501	305
PB2|PP755596.1|A/cattle/Texas/24-008749-003/2024(H5N1)	502	304
PB2|PP755596.1|A/cattle/Texas/24-008749-003/2024(H5N1)	503	304
PB2|PP755596.1|A/cattle/Texas/24-008749-003/2024(H5N1)	504	304
PB2|PP755596.1|A/cattle/Texas/24-008749-003/2024(H5N1)	505	308
PB2|PP755596.1|A/cattle/Texas/24-008749-003/2024(H5N1)	506	311
PB2|PP755596.1|A/cattle/Texas/24-008749-003/2024(H5N1)	507	311
PB2|PP755596.1|A/cattle/Texas/24-008749-003/2024(H5N1)	508	311
PB2|PP755596.1|A/cattle/Texas/24-008749-003/2024(H5N1)	509	311
PB2|PP755596.1|A/cattle/Texas/24-008749-003/2024(H5N1)	510	313
PB2|PP755596.1|A/cattle/Texas/24-008749-003/2024(H5N1)	511	313
PB2|PP755596.1|A/cattle/Texas/24-008749-003/2024(H5N1)	512	314
PB2|PP755596.1|A/cattle/Texas/24-008749-003/2024(H5N1)	513	315
PB2|PP755596.1|A/cattle/Texas/24-008749-003/2024(H5N1)	514	316
PB2|PP755596.1|A/cattle/Texas/24-008749-003/2024(H5N1)	515	315
PB2|PP755596.1|A/cattle/Texas/24-008749-003/2024(H5N1)	516	315
PB2|PP755596.1|A/cattle/Texas/24-008749-003/2024(H5N1)	517	315
PB2|PP755596.1|A/cattle/Texas/24-008749-003/2024(H5N1)	518	317
PB2|PP755596.1|A/cattle/Texas/24-008749-003/2024(H5N1)	519	318
PB2|PP755596.1|A/cattle/Texas/24-008749-003/2024(H5N1)	520	317
PB2|PP755596.1|A/cattle/Texas/24-008749-003/2024(H5N1)	521	318
PB2|PP755596.1|A/cattle/Texas/24-008749-003/2024(H5N1)	522	320
PB2|PP755596.1|A/cattle/Texas/24-008749-003/2024(H5N1)	523	316
PB2|PP755596.1|A/cattle/Texas/24-008749-003/2024(H5N1)	524	327
PB2|PP755596.1|A/cattle/Texas/24-008749-003/2024(H5N1)	525	336
PB2|PP755596.1|A/cattle/Texas/24-008749-003/2024(H5N1)	526	342
PB2|PP755596.1|A/cattle/Texas/24-008749-003/2024(H5N1)	527	338
PB2|PP755596.1|A/cattle/Texas/24-008749-003/2024(H5N1)	528	337
PB2|PP755596.1|A/cattle/Texas/24-008749-003/2024(H5N1)	529	335
PB2|PP755596.1|A/cattle/Texas/24-008749-003/2024(H5N1)	530	330
PB2|PP755596.1|A/cattle/Texas/24-008749-003/2024(H5N1)	531	330
PB2|PP755596.1|A/cattle/Texas/24-008749-003/2024(H5N1)	532	335
PB2|PP755596.1|A/cattle/Texas/24-008749-003/2024(H5N1)	533	334
PB2|PP755596.1|A/cattle/Texas/24-008749-003/2024(H5N1)	534	334
PB2|PP755596.1|A/cattle/Texas/24-008749-003/2024(H5N1)	535	341
PB2|PP755596.1|A/cattle/Texas/24-008749-003/2024(H5N1)	536	324
PB2|PP755596.1|A/cattle/Texas/24-008749-003/2024(H5N1)	537	324
PB2|PP755596.1|A/cattle/Texas/24-008749-003/2024(H5N1)	538	321
PB2|PP755596.1|A/cattle/Texas/24-008749-003/2024(H5N1)	539	321
PB2|PP755596.1|A/cattle/Texas/24-008749-003/2024(H5N1)	540	319
PB2|PP755596.1|A/cattle/Texas/24-008749-003/2024(H5N1)	541	326
PB2|PP755596.1|A/cattle/Texas/24-008749-003/2024(H5N1)	542	299
PB2|PP755596.1|A/cattle/Texas/24-008749-003/2024(H5N1)	543	300
PB2|PP755596.1|A/cattle/Texas/24-008749-003/2024(H5N1)	544	302
PB2|PP755596.1|A/cattle/Texas/24-008749-003/2024(H5N1)	545	302
PB2|PP755596.1|A/cattle/Texas/24-008749-003/2024(H5N1)	546	303
PB2|PP755596.1|A/cattle/Texas/24-008749-003/2024(H5N1)	547	303
PB2|PP755596.1|A/cattle/Texas/24-008749-003/2024(H5N1)	548	301
PB2|PP755596.1|A/cattle/Texas/24-008749-003/2024(H5N1)	549	304
PB2|PP755596.1|A/cattle/Texas/24-008749-003/2024(H5N1)	550	302
PB2|PP755596.1|A/cattle/Texas/24-008749-003/2024(H5N1)	551	302
PB2|PP755596.1|A/cattle/Texas/24-008749-003/2024(H5N1)	552	299
PB2|PP755596.1|A/cattle/Texas/24-008749-003/2024(H5N1)	553	298
PB2|PP755596.1|A/cattle/Texas/24-008749-003/2024(H5N1)	554	308
PB2|PP755596.1|A/cattle/Texas/24-008749-003/2024(H5N1)	555	311
PB2|PP755596.1|A/cattle/Texas/24-008749-003/2024(H5N1)	556	312
PB2|PP755596.1|A/cattle/Texas/24-008749-003/2024(H5N1)	557	312
PB2|PP755596.1|A/cattle/Texas/24-008749-003/2024(H5N1)	558	310
PB2|PP755596.1|A/cattle/Texas/24-008749-003/2024(H5N1)	559	310
PB2|PP755596.1|A/cattle/Texas/24-008749-003/2024(H5N1)	560	306
PB2|PP755596.1|A/cattle/Texas/24-008749-003/2024(H5N1)	561	309
PB2|PP755596.1|A/cattle/Texas/24-008749-003/2024(H5N1)	562	311
PB2|PP755596.1|A/cattle/Texas/24-008749-003/2024(H5N1)	563	307
PB2|PP755596.1|A/cattle/Texas/24-008749-003/2024(H5N1)	564	307
PB2|PP755596.1|A/cattle/Texas/24-008749-003/2024(H5N1)	565	307
PB2|PP755596.1|A/cattle/Texas/24-008749-003/2024(H5N1)	566	307
PB2|PP755596.1|A/cattle/Texas/24-008749-003/2024(H5N1)	567	307
PB2|PP755596.1|A/cattle/Texas/24-008749-003/2024(H5N1)	568	313
PB2|PP755596.1|A/cattle/Texas/24-008749-003/2024(H5N1)	569	313
PB2|PP755596.1|A/cattle/Texas/24-008749-003/2024(H5N1)	570	307
PB2|PP755596.1|A/cattle/Texas/24-008749-003/2024(H5N1)	571	310
PB2|PP755596.1|A/cattle/Texas/24-008749-003/2024(H5N1)	572	310
PB2|PP755596.1|A/cattle/Texas/24-008749-003/2024(H5N1)	573	306
PB2|PP755596.1|A/cattle/Texas/24-008749-003/2024(H5N1)	574	309
PB2|PP755596.1|A/cattle/Texas/24-008749-003/2024(H5N1)	575	312
PB2|PP755596.1|A/cattle/Texas/24-008749-003/2024(H5N1)	576	305
PB2|PP755596.1|A/cattle/Texas/24-008749-003/2024(H5N1)	577	316
PB2|PP755596.1|A/cattle/Texas/24-008749-003/2024(H5N1)	578	316
PB2|PP755596.1|A/cattle/Texas/24-008749-003/2024(H5N1)	579	326
PB2|PP755596.1|A/cattle/Texas/24-008749-003/2024(H5N1)	580	325
PB2|PP755596.1|A/cattle/Texas/24-008749-003/2024(H5N1)	581	325
PB2|PP755596.1|A/cattle/Texas/24-008749-003/2024(H5N1)	582	320
PB2|PP755596.1|A/cattle/Texas/24-008749-003/2024(H5N1)	583	325
PB2|PP755596.1|A/cattle/Texas/24-008749-003/2024(H5N1)	584	356
PB2|PP755596.1|A/cattle/Texas/24-008749-003/2024(H5N1)	585	357
PB2|PP755596.1|A/cattle/Texas/24-008749-003/2024(H5N1)	586	357
PB2|PP755596.1|A/cattle/Texas/24-008749-003/2024(H5N1)	587	357
PB2|PP755596.1|A/cattle/Texas/24-008749-003/2024(H5N1)	588	349
PB2|PP755596.1|A/cattle/Texas/24-008749-003/2024(H5N1)	589	349
PB2|PP755596.1|A/cattle/Texas/24-008749-003/2024(H5N1)	590	350
PB2|PP755596.1|A/cattle/Texas/24-008749-003/2024(H5N1)	591	348
PB2|PP755596.1|A/cattle/Texas/24-008749-003/2024(H5N1)	592	351
PB2|PP755596.1|A/cattle/Texas/24-008749-003/2024(H5N1)	593	348
PB2|PP755596.1|A/cattle/Texas/24-008749-003/2024(H5N1)	594	347
PB2|PP755596.1|A/cattle/Texas/24-008749-003/2024(H5N1)	595	347
PB2|PP755596.1|A/cattle/Texas/24-008749-003/2024(H5N1)	596	349
PB2|PP755596.1|A/cattle/Texas/24-008749-003/2024(H5N1)	597	348
PB2|PP755596.1|A/cattle/Texas/24-008749-003/2024(H5N1)	598	355
PB2|PP755596.1|A/cattle/Texas/24-008749-003/2024(H5N1)	599	362
PB2|PP755596.1|A/cattle/Texas/24-008749-003/2024(H5N1)	600	377
PB2|PP755596.1|A/cattle/Texas/24-008749-003/2024(H5N1)	601	361
PB2|PP755596.1|A/cattle/Texas/24-008749-003/2024(H5N1)	602	361
PB2|PP755596.1|A/cattle/Texas/24-008749-003/2024(H5N1)	603	360
PB2|PP755596.1|A/cattle/Texas/24-008749-003/2024(H5N1)	604	362
PB2|PP755596.1|A/cattle/Texas/24-008749-003/2024(H5N1)	605	357
PB2|PP755596.1|A/cattle/Texas/24-008749-003/2024(H5N1)	606	359
PB2|PP755596.1|A/cattle/Texas/24-008749-003/2024(H5N1)	607	368
PB2|PP755596.1|A/cattle/Texas/24-008749-003/2024(H5N1)	608	372
PB2|PP755596.1|A/cattle/Texas/24-008749-003/2024(H5N1)	609	364
PB2|PP755596.1|A/cattle/Texas/24-008749-003/2024(H5N1)	610	357
PB2|PP755596.1|A/cattle/Texas/24-008749-003/2024(H5N1)	611	358
PB2|PP755596.1|A/cattle/Texas/24-008749-003/2024(H5N1)	612	358
PB2|PP755596.1|A/cattle/Texas/24-008749-003/2024(H5N1)	613	358
PB2|PP755596.1|A/cattle/Texas/24-008749-003/2024(H5N1)	614	360
PB2|PP755596.1|A/cattle/Texas/24-008749-003/2024(H5N1)	615	350
PB2|PP755596.1|A/cattle/Texas/24-008749-003/2024(H5N1)	616	343
PB2|PP755596.1|A/cattle/Texas/24-008749-003/2024(H5N1)	617	340
PB2|PP755596.1|A/cattle/Texas/24-008749-003/2024(H5N1)	618	342
PB2|PP755596.1|A/cattle/Texas/24-008749-003/2024(H5N1)	619	346
PB2|PP755596.1|A/cattle/Texas/24-008749-003/2024(H5N1)	620	343
PB2|PP755596.1|A/cattle/Texas/24-008749-003/2024(H5N1)	621	345
PB2|PP755596.1|A/cattle/Texas/24-008749-003/2024(H5N1)	622	348
PB2|PP755596.1|A/cattle/Texas/24-008749-003/2024(H5N1)	623	348
PB2|PP755596.1|A/cattle/Texas/24-008749-003/2024(H5N1)	624	348
PB2|PP755596.1|A/cattle/Texas/24-008749-003/2024(H5N1)	625	348
PB2|PP755596.1|A/cattle/Texas/24-008749-003/2024(H5N1)	626	345
PB2|PP755596.1|A/cattle/Texas/24-008749-003/2024(H5N1)	627	341
PB2|PP755596.1|A/cattle/Texas/24-008749-003/2024(H5N1)	628	342
PB2|PP755596.1|A/cattle/Texas/24-008749-003/2024(H5N1)	629	338
PB2|PP755596.1|A/cattle/Texas/24-008749-003/2024(H5N1)	630	338
PB2|PP755596.1|A/cattle/Texas/24-008749-003/2024(H5N1)	631	334
PB2|PP755596.1|A/cattle/Texas/24-008749-003/2024(H5N1)	632	325
PB2|PP755596.1|A/cattle/Texas/24-008749-003/2024(H5N1)	633	317
PB2|PP755596.1|A/cattle/Texas/24-008749-003/2024(H5N1)	634	322
PB2|PP755596.1|A/cattle/Texas/24-008749-003/2024(H5N1)	635	323
PB2|PP755596.1|A/cattle/Texas/24-008749-003/2024(H5N1)	636	326
PB2|PP755596.1|A/cattle/Texas/24-008749-003/2024(H5N1)	637	320
PB2|PP755596.1|A/cattle/Texas/24-008749-003/2024(H5N1)	638	320
PB2|PP755596.1|A/cattle/Texas/24-008749-003/2024(H5N1)	639	311
PB2|PP755596.1|A/cattle/Texas/24-008749-003/2024(H5N1)	640	311
PB2|PP755596.1|A/cattle/Texas/24-008749-003/2024(H5N1)	641	317
PB2|PP755596.1|A/cattle/Texas/24-008749-003/2024(H5N1)	642	317
PB2|PP755596.1|A/cattle/Texas/24-008749-003/2024(H5N1)	643	317
PB2|PP755596.1|A/cattle/Texas/24-008749-003/2024(H5N1)	644	314
PB2|PP755596.1|A/cattle/Texas/24-008749-003/2024(H5N1)	645	316
PB2|PP755596.1|A/cattle/Texas/24-008749-003/2024(H5N1)	646	314
PB2|PP755596.1|A/cattle/Texas/24-008749-003/2024(H5N1)	647	321
PB2|PP755596.1|A/cattle/Texas/24-008749-003/2024(H5N1)	648	322
PB2|PP755596.1|A/cattle/Texas/24-008749-003/2024(H5N1)	649	318
PB2|PP755596.1|A/cattle/Texas/24-008749-003/2024(H5N1)	650	305
PB2|PP755596.1|A/cattle/Texas/24-008749-003/2024(H5N1)	651	305
PB2|PP755596.1|A/cattle/Texas/24-008749-003/2024(H5N1)	652	304
PB2|PP755596.1|A/cattle/Texas/24-008749-003/2024(H5N1)	653	304
PB2|PP755596.1|A/cattle/Texas/24-008749-003/2024(H5N1)	654	312
PB2|PP755596.1|A/cattle/Texas/24-008749-003/2024(H5N1)	655	312
PB2|PP755596.1|A/cattle/Texas/24-008749-003/2024(H5N1)	656	307
PB2|PP755596.1|A/cattle/Texas/24-008749-003/2024(H5N1)	657	305
PB2|PP755596.1|A/cattle/Texas/24-008749-003/2024(H5N1)	658	305
PB2|PP755596.1|A/cattle/Texas/24-008749-003/2024(H5N1)	659	305
PB2|PP755596.1|A/cattle/Texas/24-008749-003/2024(H5N1)	660	305
PB2|PP755596.1|A/cattle/Texas/24-008749-003/2024(H5N1)	661	303
PB2|PP755596.1|A/cattle/Texas/24-008749-003/2024(H5N1)	662	302
PB2|PP755596.1|A/cattle/Texas/24-008749-003/2024(H5N1)	663	300
PB2|PP755596.1|A/cattle/Texas/24-008749-003/2024(H5N1)	664	301
PB2|PP755596.1|A/cattle/Texas/24-008749-003/2024(H5N1)	665	309
PB2|PP755596.1|A/cattle/Texas/24-008749-003/2024(H5N1)	666	312
PB2|PP755596.1|A/cattle/Texas/24-008749-003/2024(H5N1)	667	317
PB2|PP755596.1|A/cattle/Texas/24-008749-003/2024(H5N1)	668	317
PB2|PP755596.1|A/cattle/Texas/24-008749-003/2024(H5N1)	669	306
PB2|PP755596.1|A/cattle/Texas/24-008749-003/2024(H5N1)	670	306
PB2|PP755596.1|A/cattle/Texas/24-008749-003/2024(H5N1)	671	308
PB2|PP755596.1|A/cattle/Texas/24-008749-003/2024(H5N1)	672	312
PB2|PP755596.1|A/cattle/Texas/24-008749-003/2024(H5N1)	673	310
PB2|PP755596.1|A/cattle/Texas/24-008749-003/2024(H5N1)	674	310
PB2|PP755596.1|A/cattle/Texas/24-008749-003/2024(H5N1)	675	305
PB2|PP755596.1|A/cattle/Texas/24-008749-003/2024(H5N1)	676	300
PB2|PP755596.1|A/cattle/Texas/24-008749-003/2024(H5N1)	677	299
PB2|PP755596.1|A/cattle/Texas/24-008749-003/2024(H5N1)	678	297
PB2|PP755596.1|A/cattle/Texas/24-008749-003/2024(H5N1)	679	303
PB2|PP755596.1|A/cattle/Texas/24-008749-003/2024(H5N1)	680	303
PB2|PP755596.1|A/cattle/Texas/24-008749-003/2024(H5N1)	681	306
PB2|PP755596.1|A/cattle/Texas/24-008749-003/2024(H5N1)	682	306
PB2|PP755596.1|A/cattle/Texas/24-008749-003/2024(H5N1)	683	314
PB2|PP755596.1|A/cattle/Texas/24-008749-003/2024(H5N1)	684	314
PB2|PP755596.1|A/cattle/Texas/24-008749-003/2024(H5N1)	685	314
PB2|PP755596.1|A/cattle/Texas/24-008749-003/2024(H5N1)	686	310
PB2|PP755596.1|A/cattle/Texas/24-008749-003/2024(H5N1)	687	309
PB2|PP755596.1|A/cattle/Texas/24-008749-003/2024(H5N1)	688	310
PB2|PP755596.1|A/cattle/Texas/24-008749-003/2024(H5N1)	689	308
PB2|PP755596.1|A/cattle/Texas/24-008749-003/2024(H5N1)	690	307
PB2|PP755596.1|A/cattle/Texas/24-008749-003/2024(H5N1)	691	309
PB2|PP755596.1|A/cattle/Texas/24-008749-003/2024(H5N1)	692	303
PB2|PP755596.1|A/cattle/Texas/24-008749-003/2024(H5N1)	693	302
PB2|PP755596.1|A/cattle/Texas/24-008749-003/2024(H5N1)	694	306
PB2|PP755596.1|A/cattle/Texas/24-008749-003/2024(H5N1)	695	305
PB2|PP755596.1|A/cattle/Texas/24-008749-003/2024(H5N1)	696	309
PB2|PP755596.1|A/cattle/Texas/24-008749-003/2024(H5N1)	697	313
PB2|PP755596.1|A/cattle/Texas/24-008749-003/2024(H5N1)	698	313
PB2|PP755596.1|A/cattle/Texas/24-008749-003/2024(H5N1)	699	315
PB2|PP755596.1|A/cattle/Texas/24-008749-003/2024(H5N1)	700	310
PB2|PP755596.1|A/cattle/Texas/24-008749-003/2024(H5N1)	701	311
PB2|PP755596.1|A/cattle/Texas/24-008749-003/2024(H5N1)	702	311
PB2|PP755596.1|A/cattle/Texas/24-008749-003/2024(H5N1)	703	315
PB2|PP755596.1|A/cattle/Texas/24-008749-003/2024(H5N1)	704	309
PB2|PP755596.1|A/cattle/Texas/24-008749-003/2024(H5N1)	705	308
PB2|PP755596.1|A/cattle/Texas/24-008749-003/2024(H5N1)	706	305
PB2|PP755596.1|A/cattle/Texas/24-008749-003/2024(H5N1)	707	306
PB2|PP755596.1|A/cattle/Texas/24-008749-003/2024(H5N1)	708	317
PB2|PP755596.1|A/cattle/Texas/24-008749-003/2024(H5N1)	709	331
PB2|PP755596.1|A/cattle/Texas/24-008749-003/2024(H5N1)	710	333
PB2|PP755596.1|A/cattle/Texas/24-008749-003/2024(H5N1)	711	331
PB2|PP755596.1|A/cattle/Texas/24-008749-003/2024(H5N1)	712	325
PB2|PP755596.1|A/cattle/Texas/24-008749-003/2024(H5N1)	713	326
PB2|PP755596.1|A/cattle/Texas/24-008749-003/2024(H5N1)	714	326
PB2|PP755596.1|A/cattle/Texas/24-008749-003/2024(H5N1)	715	331
PB2|PP755596.1|A/cattle/Texas/24-008749-003/2024(H5N1)	716	336
PB2|PP755596.1|A/cattle/Texas/24-008749-003/2024(H5N1)	717	338
PB2|PP755596.1|A/cattle/Texas/24-008749-003/2024(H5N1)	718	333
PB2|PP755596.1|A/cattle/Texas/24-008749-003/2024(H5N1)	719	331
PB2|PP755596.1|A/cattle/Texas/24-008749-003/2024(H5N1)	720	332
PB2|PP755596.1|A/cattle/Texas/24-008749-003/2024(H5N1)	721	339
PB2|PP755596.1|A/cattle/Texas/24-008749-003/2024(H5N1)	722	336
PB2|PP755596.1|A/cattle/Texas/24-008749-003/2024(H5N1)	723	336
PB2|PP755596.1|A/cattle/Texas/24-008749-003/2024(H5N1)	724	334
PB2|PP755596.1|A/cattle/Texas/24-008749-003/2024(H5N1)	725	331
PB2|PP755596.1|A/cattle/Texas/24-008749-003/2024(H5N1)	726	351
PB2|PP755596.1|A/cattle/Texas/24-008749-003/2024(H5N1)	727	352
PB2|PP755596.1|A/cattle/Texas/24-008749-003/2024(H5N1)	728	349
PB2|PP755596.1|A/cattle/Texas/24-008749-003/2024(H5N1)	729	352
PB2|PP755596.1|A/cattle/Texas/24-008749-003/2024(H5N1)	730	344
PB2|PP755596.1|A/cattle/Texas/24-008749-003/2024(H5N1)	731	344
PB2|PP755596.1|A/cattle/Texas/24-008749-003/2024(H5N1)	732	346
PB2|PP755596.1|A/cattle/Texas/24-008749-003/2024(H5N1)	733	343
PB2|PP755596.1|A/cattle/Texas/24-008749-003/2024(H5N1)	734	345
PB2|PP755596.1|A/cattle/Texas/24-008749-003/2024(H5N1)	735	310
PB2|PP755596.1|A/cattle/Texas/24-008749-003/2024(H5N1)	736	315
PB2|PP755596.1|A/cattle/Texas/24-008749-003/2024(H5N1)	737	312
PB2|PP755596.1|A/cattle/Texas/24-008749-003/2024(H5N1)	738	310
PB2|PP755596.1|A/cattle/Texas/24-008749-003/2024(H5N1)	739	311
PB2|PP755596.1|A/cattle/Texas/24-008749-003/2024(H5N1)	740	314
PB2|PP755596.1|A/cattle/Texas/24-008749-003/2024(H5N1)	741	313
PB2|PP755596.1|A/cattle/Texas/24-008749-003/2024(H5N1)	742	313
PB2|PP755596.1|A/cattle/Texas/24-008749-003/2024(H5N1)	743	311
PB2|PP755596.1|A/cattle/Texas/24-008749-003/2024(H5N1)	744	311
PB2|PP755596.1|A/cattle/Texas/24-008749-003/2024(H5N1)	745	312
PB2|PP755596.1|A/cattle/Texas/24-008749-003/2024(H5N1)	746	313
PB2|PP755596.1|A/cattle/Texas/24-008749-003/2024(H5N1)	747	313
PB2|PP755596.1|A/cattle/Texas/24-008749-003/2024(H5N1)	748	313
PB2|PP755596.1|A/cattle/Texas/24-008749-003/2024(H5N1)	749	302
PB2|PP755596.1|A/cattle/Texas/24-008749-003/2024(H5N1)	750	295
PB2|PP755596.1|A/cattle/Texas/24-008749-003/2024(H5N1)	751	290
PB2|PP755596.1|A/cattle/Texas/24-008749-003/2024(H5N1)	752	290
PB2|PP755596.1|A/cattle/Texas/24-008749-003/2024(H5N1)	753	290
PB2|PP755596.1|A/cattle/Texas/24-008749-003/2024(H5N1)	754	288
PB2|PP755596.1|A/cattle/Texas/24-008749-003/2024(H5N1)	755	292
PB2|PP755596.1|A/cattle/Texas/24-008749-003/2024(H5N1)	756	292
PB2|PP755596.1|A/cattle/Texas/24-008749-003/2024(H5N1)	757	292
PB2|PP755596.1|A/cattle/Texas/24-008749-003/2024(H5N1)	758	281
PB2|PP755596.1|A/cattle/Texas/24-008749-003/2024(H5N1)	759	276
PB2|PP755596.1|A/cattle/Texas/24-008749-003/2024(H5N1)	760	279
PB2|PP755596.1|A/cattle/Texas/24-008749-003/2024(H5N1)	761	279
PB2|PP755596.1|A/cattle/Texas/24-008749-003/2024(H5N1)	762	278
PB2|PP755596.1|A/cattle/Texas/24-008749-003/2024(H5N1)	763	278
PB2|PP755596.1|A/cattle/Texas/24-008749-003/2024(H5N1)	764	276
PB2|PP755596.1|A/cattle/Texas/24-008749-003/2024(H5N1)	765	274
PB2|PP755596.1|A/cattle/Texas/24-008749-003/2024(H5N1)	766	287
PB2|PP755596.1|A/cattle/Texas/24-008749-003/2024(H5N1)	767	289
PB2|PP755596.1|A/cattle/Texas/24-008749-003/2024(H5N1)	768	292
PB2|PP755596.1|A/cattle/Texas/24-008749-003/2024(H5N1)	769	292
PB2|PP755596.1|A/cattle/Texas/24-008749-003/2024(H5N1)	770	283
PB2|PP755596.1|A/cattle/Texas/24-008749-003/2024(H5N1)	771	286
PB2|PP755596.1|A/cattle/Texas/24-008749-003/2024(H5N1)	772	294
PB2|PP755596.1|A/cattle/Texas/24-008749-003/2024(H5N1)	773	294
PB2|PP755596.1|A/cattle/Texas/24-008749-003/2024(H5N1)	774	293
PB2|PP755596.1|A/cattle/Texas/24-008749-003/2024(H5N1)	775	295
PB2|PP755596.1|A/cattle/Texas/24-008749-003/2024(H5N1)	776	296
PB2|PP755596.1|A/cattle/Texas/24-008749-003/2024(H5N1)	777	298
PB2|PP755596.1|A/cattle/Texas/24-008749-003/2024(H5N1)	778	308
PB2|PP755596.1|A/cattle/Texas/24-008749-003/2024(H5N1)	779	307
PB2|PP755596.1|A/cattle/Texas/24-008749-003/2024(H5N1)	780	302
PB2|PP755596.1|A/cattle/Texas/24-008749-003/2024(H5N1)	781	302
PB2|PP755596.1|A/cattle/Texas/24-008749-003/2024(H5N1)	782	302
PB2|PP755596.1|A/cattle/Texas/24-008749-003/2024(H5N1)	783	311
PB2|PP755596.1|A/cattle/Texas/24-008749-003/2024(H5N1)	784	312
PB2|PP755596.1|A/cattle/Texas/24-008749-003/2024(H5N1)	785	312
PB2|PP755596.1|A/cattle/Texas/24-008749-003/2024(H5N1)	786	311
PB2|PP755596.1|A/cattle/Texas/24-008749-003/2024(H5N1)	787	317
PB2|PP755596.1|A/cattle/Texas/24-008749-003/2024(H5N1)	788	320
PB2|PP755596.1|A/cattle/Texas/24-008749-003/2024(H5N1)	789	320
PB2|PP755596.1|A/cattle/Texas/24-008749-003/2024(H5N1)	790	320
PB2|PP755596.1|A/cattle/Texas/24-008749-003/2024(H5N1)	791	321
PB2|PP755596.1|A/cattle/Texas/24-008749-003/2024(H5N1)	792	315
PB2|PP755596.1|A/cattle/Texas/24-008749-003/2024(H5N1)	793	319
PB2|PP755596.1|A/cattle/Texas/24-008749-003/2024(H5N1)	794	318
PB2|PP755596.1|A/cattle/Texas/24-008749-003/2024(H5N1)	795	317
PB2|PP755596.1|A/cattle/Texas/24-008749-003/2024(H5N1)	796	313
PB2|PP755596.1|A/cattle/Texas/24-008749-003/2024(H5N1)	797	314
PB2|PP755596.1|A/cattle/Texas/24-008749-003/2024(H5N1)	798	317
PB2|PP755596.1|A/cattle/Texas/24-008749-003/2024(H5N1)	799	318
PB2|PP755596.1|A/cattle/Texas/24-008749-003/2024(H5N1)	800	320
PB2|PP755596.1|A/cattle/Texas/24-008749-003/2024(H5N1)	801	319
PB2|PP755596.1|A/cattle/Texas/24-008749-003/2024(H5N1)	802	319
PB2|PP755596.1|A/cattle/Texas/24-008749-003/2024(H5N1)	803	320
PB2|PP755596.1|A/cattle/Texas/24-008749-003/2024(H5N1)	804	333
PB2|PP755596.1|A/cattle/Texas/24-008749-003/2024(H5N1)	805	325
PB2|PP755596.1|A/cattle/Texas/24-008749-003/2024(H5N1)	806	330
PB2|PP755596.1|A/cattle/Texas/24-008749-003/2024(H5N1)	807	331
PB2|PP755596.1|A/cattle/Texas/24-008749-003/2024(H5N1)	808	335
PB2|PP755596.1|A/cattle/Texas/24-008749-003/2024(H5N1)	809	337
PB2|PP755596.1|A/cattle/Texas/24-008749-003/2024(H5N1)	810	338
PB2|PP755596.1|A/cattle/Texas/24-008749-003/2024(H5N1)	811	338
PB2|PP755596.1|A/cattle/Texas/24-008749-003/2024(H5N1)	812	338
PB2|PP755596.1|A/cattle/Texas/24-008749-003/2024(H5N1)	813	337
PB2|PP755596.1|A/cattle/Texas/24-008749-003/2024(H5N1)	814	347
PB2|PP755596.1|A/cattle/Texas/24-008749-003/2024(H5N1)	815	339
PB2|PP755596.1|A/cattle/Texas/24-008749-003/2024(H5N1)	816	340
PB2|PP755596.1|A/cattle/Texas/24-008749-003/2024(H5N1)	817	338
PB2|PP755596.1|A/cattle/Texas/24-008749-003/2024(H5N1)	818	341
PB2|PP755596.1|A/cattle/Texas/24-008749-003/2024(H5N1)	819	341
PB2|PP755596.1|A/cattle/Texas/24-008749-003/2024(H5N1)	820	340
PB2|PP755596.1|A/cattle/Texas/24-008749-003/2024(H5N1)	821	338
PB2|PP755596.1|A/cattle/Texas/24-008749-003/2024(H5N1)	822	327
PB2|PP755596.1|A/cattle/Texas/24-008749-003/2024(H5N1)	823	327
PB2|PP755596.1|A/cattle/Texas/24-008749-003/2024(H5N1)	824	333
PB2|PP755596.1|A/cattle/Texas/24-008749-003/2024(H5N1)	825	337
PB2|PP755596.1|A/cattle/Texas/24-008749-003/2024(H5N1)	826	336
PB2|PP755596.1|A/cattle/Texas/24-008749-003/2024(H5N1)	827	336
PB2|PP755596.1|A/cattle/Texas/24-008749-003/2024(H5N1)	828	335
PB2|PP755596.1|A/cattle/Texas/24-008749-003/2024(H5N1)	829	337
PB2|PP755596.1|A/cattle/Texas/24-008749-003/2024(H5N1)	830	337
PB2|PP755596.1|A/cattle/Texas/24-008749-003/2024(H5N1)	831	337
PB2|PP755596.1|A/cattle/Texas/24-008749-003/2024(H5N1)	832	334
PB2|PP755596.1|A/cattle/Texas/24-008749-003/2024(H5N1)	833	326
PB2|PP755596.1|A/cattle/Texas/24-008749-003/2024(H5N1)	834	327
PB2|PP755596.1|A/cattle/Texas/24-008749-003/2024(H5N1)	835	326
PB2|PP755596.1|A/cattle/Texas/24-008749-003/2024(H5N1)	836	327
PB2|PP755596.1|A/cattle/Texas/24-008749-003/2024(H5N1)	837	329
PB2|PP755596.1|A/cattle/Texas/24-008749-003/2024(H5N1)	838	331
PB2|PP755596.1|A/cattle/Texas/24-008749-003/2024(H5N1)	839	332
PB2|PP755596.1|A/cattle/Texas/24-008749-003/2024(H5N1)	840	332
PB2|PP755596.1|A/cattle/Texas/24-008749-003/2024(H5N1)	841	332
PB2|PP755596.1|A/cattle/Texas/24-008749-003/2024(H5N1)	842	329
PB2|PP755596.1|A/cattle/Texas/24-008749-003/2024(H5N1)	843	329
PB2|PP755596.1|A/cattle/Texas/24-008749-003/2024(H5N1)	844	329
PB2|PP755596.1|A/cattle/Texas/24-008749-003/2024(H5N1)	845	327
PB2|PP755596.1|A/cattle/Texas/24-008749-003/2024(H5N1)	846	327
PB2|PP755596.1|A/cattle/Texas/24-008749-003/2024(H5N1)	847	318
PB2|PP755596.1|A/cattle/Texas/24-008749-003/2024(H5N1)	848	313
PB2|PP755596.1|A/cattle/Texas/24-008749-003/2024(H5N1)	849	325
PB2|PP755596.1|A/cattle/Texas/24-008749-003/2024(H5N1)	850	323
PB2|PP755596.1|A/cattle/Texas/24-008749-003/2024(H5N1)	851	323
PB2|PP755596.1|A/cattle/Texas/24-008749-003/2024(H5N1)	852	322
PB2|PP755596.1|A/cattle/Texas/24-008749-003/2024(H5N1)	853	324
PB2|PP755596.1|A/cattle/Texas/24-008749-003/2024(H5N1)	854	323
PB2|PP755596.1|A/cattle/Texas/24-008749-003/2024(H5N1)	855	323
PB2|PP755596.1|A/cattle/Texas/24-008749-003/2024(H5N1)	856	319
PB2|PP755596.1|A/cattle/Texas/24-008749-003/2024(H5N1)	857	335
PB2|PP755596.1|A/cattle/Texas/24-008749-003/2024(H5N1)	858	317
PB2|PP755596.1|A/cattle/Texas/24-008749-003/2024(H5N1)	859	310
PB2|PP755596.1|A/cattle/Texas/24-008749-003/2024(H5N1)	860	310
PB2|PP755596.1|A/cattle/Texas/24-008749-003/2024(H5N1)	861	310
PB2|PP755596.1|A/cattle/Texas/24-008749-003/2024(H5N1)	862	320
PB2|PP755596.1|A/cattle/Texas/24-008749-003/2024(H5N1)	863	319
PB2|PP755596.1|A/cattle/Texas/24-008749-003/2024(H5N1)	864	319
PB2|PP755596.1|A/cattle/Texas/24-008749-003/2024(H5N1)	865	319
PB2|PP755596.1|A/cattle/Texas/24-008749-003/2024(H5N1)	866	314
PB2|PP755596.1|A/cattle/Texas/24-008749-003/2024(H5N1)	867	307
PB2|PP755596.1|A/cattle/Texas/24-008749-003/2024(H5N1)	868	306
PB2|PP755596.1|A/cattle/Texas/24-008749-003/2024(H5N1)	869	304
PB2|PP755596.1|A/cattle/Texas/24-008749-003/2024(H5N1)	870	304
PB2|PP755596.1|A/cattle/Texas/24-008749-003/2024(H5N1)	871	310
PB2|PP755596.1|A/cattle/Texas/24-008749-003/2024(H5N1)	872	310
PB2|PP755596.1|A/cattle/Texas/24-008749-003/2024(H5N1)	873	308
PB2|PP755596.1|A/cattle/Texas/24-008749-003/2024(H5N1)	874	309
PB2|PP755596.1|A/cattle/Texas/24-008749-003/2024(H5N1)	875	307
PB2|PP755596.1|A/cattle/Texas/24-008749-003/2024(H5N1)	876	308
PB2|PP755596.1|A/cattle/Texas/24-008749-003/2024(H5N1)	877	291
PB2|PP755596.1|A/cattle/Texas/24-008749-003/2024(H5N1)	878	296
PB2|PP755596.1|A/cattle/Texas/24-008749-003/2024(H5N1)	879	295
PB2|PP755596.1|A/cattle/Texas/24-008749-003/2024(H5N1)	880	299
PB2|PP755596.1|A/cattle/Texas/24-008749-003/2024(H5N1)	881	297
PB2|PP755596.1|A/cattle/Texas/24-008749-003/2024(H5N1)	882	299
PB2|PP755596.1|A/cattle/Texas/24-008749-003/2024(H5N1)	883	298
PB2|PP755596.1|A/cattle/Texas/24-008749-003/2024(H5N1)	884	298
PB2|PP755596.1|A/cattle/Texas/24-008749-003/2024(H5N1)	885	296
PB2|PP755596.1|A/cattle/Texas/24-008749-003/2024(H5N1)	886	296
PB2|PP755596.1|A/cattle/Texas/24-008749-003/2024(H5N1)	887	290
PB2|PP755596.1|A/cattle/Texas/24-008749-003/2024(H5N1)	888	293
PB2|PP755596.1|A/cattle/Texas/24-008749-003/2024(H5N1)	889	292
PB2|PP755596.1|A/cattle/Texas/24-008749-003/2024(H5N1)	890	294
PB2|PP755596.1|A/cattle/Texas/24-008749-003/2024(H5N1)	891	293
PB2|PP755596.1|A/cattle/Texas/24-008749-003/2024(H5N1)	892	293
PB2|PP755596.1|A/cattle/Texas/24-008749-003/2024(H5N1)	893	292
PB2|PP755596.1|A/cattle/Texas/24-008749-003/2024(H5N1)	894	292
PB2|PP755596.1|A/cattle/Texas/24-008749-003/2024(H5N1)	895	294
PB2|PP755596.1|A/cattle/Texas/24-008749-003/2024(H5N1)	896	293
PB2|PP755596.1|A/cattle/Texas/24-008749-003/2024(H5N1)	897	293
PB2|PP755596.1|A/cattle/Texas/24-008749-003/2024(H5N1)	898	292
PB2|PP755596.1|A/cattle/Texas/24-008749-003/2024(H5N1)	899	291
PB2|PP755596.1|A/cattle/Texas/24-008749-003/2024(H5N1)	900	292
PB2|PP755596.1|A/cattle/Texas/24-008749-003/2024(H5N1)	901	292
PB2|PP755596.1|A/cattle/Texas/24-008749-003/2024(H5N1)	902	302
PB2|PP755596.1|A/cattle/Texas/24-008749-003/2024(H5N1)	903	302
PB2|PP755596.1|A/cattle/Texas/24-008749-003/2024(H5N1)	904	302
PB2|PP755596.1|A/cattle/Texas/24-008749-003/2024(H5N1)	905	303
PB2|PP755596.1|A/cattle/Texas/24-008749-003/2024(H5N1)	906	303
PB2|PP755596.1|A/cattle/Texas/24-008749-003/2024(H5N1)	907	301
PB2|PP755596.1|A/cattle/Texas/24-008749-003/2024(H5N1)	908	300
PB2|PP755596.1|A/cattle/Texas/24-008749-003/2024(H5N1)	909	299
PB2|PP755596.1|A/cattle/Texas/24-008749-003/2024(H5N1)	910	300
PB2|PP755596.1|A/cattle/Texas/24-008749-003/2024(H5N1)	911	293
PB2|PP755596.1|A/cattle/Texas/24-008749-003/2024(H5N1)	912	305
PB2|PP755596.1|A/cattle/Texas/24-008749-003/2024(H5N1)	913	305
PB2|PP755596.1|A/cattle/Texas/24-008749-003/2024(H5N1)	914	301
PB2|PP755596.1|A/cattle/Texas/24-008749-003/2024(H5N1)	915	301
PB2|PP755596.1|A/cattle/Texas/24-008749-003/2024(H5N1)	916	298
PB2|PP755596.1|A/cattle/Texas/24-008749-003/2024(H5N1)	917	297
PB2|PP755596.1|A/cattle/Texas/24-008749-003/2024(H5N1)	918	297
PB2|PP755596.1|A/cattle/Texas/24-008749-003/2024(H5N1)	919	304
PB2|PP755596.1|A/cattle/Texas/24-008749-003/2024(H5N1)	920	307
PB2|PP755596.1|A/cattle/Texas/24-008749-003/2024(H5N1)	921	302
PB2|PP755596.1|A/cattle/Texas/24-008749-003/2024(H5N1)	922	300
PB2|PP755596.1|A/cattle/Texas/24-008749-003/2024(H5N1)	923	301
PB2|PP755596.1|A/cattle/Texas/24-008749-003/2024(H5N1)	924	301
PB2|PP755596.1|A/cattle/Texas/24-008749-003/2024(H5N1)	925	320
PB2|PP755596.1|A/cattle/Texas/24-008749-003/2024(H5N1)	926	321
PB2|PP755596.1|A/cattle/Texas/24-008749-003/2024(H5N1)	927	325
PB2|PP755596.1|A/cattle/Texas/24-008749-003/2024(H5N1)	928	315
PB2|PP755596.1|A/cattle/Texas/24-008749-003/2024(H5N1)	929	313
PB2|PP755596.1|A/cattle/Texas/24-008749-003/2024(H5N1)	930	320
PB2|PP755596.1|A/cattle/Texas/24-008749-003/2024(H5N1)	931	321
PB2|PP755596.1|A/cattle/Texas/24-008749-003/2024(H5N1)	932	320
PB2|PP755596.1|A/cattle/Texas/24-008749-003/2024(H5N1)	933	321
PB2|PP755596.1|A/cattle/Texas/24-008749-003/2024(H5N1)	934	319
PB2|PP755596.1|A/cattle/Texas/24-008749-003/2024(H5N1)	935	321
PB2|PP755596.1|A/cattle/Texas/24-008749-003/2024(H5N1)	936	319
PB2|PP755596.1|A/cattle/Texas/24-008749-003/2024(H5N1)	937	324
PB2|PP755596.1|A/cattle/Texas/24-008749-003/2024(H5N1)	938	321
PB2|PP755596.1|A/cattle/Texas/24-008749-003/2024(H5N1)	939	318
PB2|PP755596.1|A/cattle/Texas/24-008749-003/2024(H5N1)	940	320
PB2|PP755596.1|A/cattle/Texas/24-008749-003/2024(H5N1)	941	319
PB2|PP755596.1|A/cattle/Texas/24-008749-003/2024(H5N1)	942	319
PB2|PP755596.1|A/cattle/Texas/24-008749-003/2024(H5N1)	943	319
PB2|PP755596.1|A/cattle/Texas/24-008749-003/2024(H5N1)	944	317
PB2|PP755596.1|A/cattle/Texas/24-008749-003/2024(H5N1)	945	317
PB2|PP755596.1|A/cattle/Texas/24-008749-003/2024(H5N1)	946	329
PB2|PP755596.1|A/cattle/Texas/24-008749-003/2024(H5N1)	947	328
PB2|PP755596.1|A/cattle/Texas/24-008749-003/2024(H5N1)	948	327
PB2|PP755596.1|A/cattle/Texas/24-008749-003/2024(H5N1)	949	321
PB2|PP755596.1|A/cattle/Texas/24-008749-003/2024(H5N1)	950	320
PB2|PP755596.1|A/cattle/Texas/24-008749-003/2024(H5N1)	951	321
PB2|PP755596.1|A/cattle/Texas/24-008749-003/2024(H5N1)	952	321
PB2|PP755596.1|A/cattle/Texas/24-008749-003/2024(H5N1)	953	331
PB2|PP755596.1|A/cattle/Texas/24-008749-003/2024(H5N1)	954	338
PB2|PP755596.1|A/cattle/Texas/24-008749-003/2024(H5N1)	955	328
PB2|PP755596.1|A/cattle/Texas/24-008749-003/2024(H5N1)	956	327
PB2|PP755596.1|A/cattle/Texas/24-008749-003/2024(H5N1)	957	322
PB2|PP755596.1|A/cattle/Texas/24-008749-003/2024(H5N1)	958	322
PB2|PP755596.1|A/cattle/Texas/24-008749-003/2024(H5N1)	959	318
PB2|PP755596.1|A/cattle/Texas/24-008749-003/2024(H5N1)	960	316
PB2|PP755596.1|A/cattle/Texas/24-008749-003/2024(H5N1)	961	316
PB2|PP755596.1|A/cattle/Texas/24-008749-003/2024(H5N1)	962	325
PB2|PP755596.1|A/cattle/Texas/24-008749-003/2024(H5N1)	963	322
PB2|PP755596.1|A/cattle/Texas/24-008749-003/2024(H5N1)	964	331
PB2|PP755596.1|A/cattle/Texas/24-008749-003/2024(H5N1)	965	321
PB2|PP755596.1|A/cattle/Texas/24-008749-003/2024(H5N1)	966	323
PB2|PP755596.1|A/cattle/Texas/24-008749-003/2024(H5N1)	967	324
PB2|PP755596.1|A/cattle/Texas/24-008749-003/2024(H5N1)	968	323
PB2|PP755596.1|A/cattle/Texas/24-008749-003/2024(H5N1)	969	316
PB2|PP755596.1|A/cattle/Texas/24-008749-003/2024(H5N1)	970	316
PB2|PP755596.1|A/cattle/Texas/24-008749-003/2024(H5N1)	971	319
PB2|PP755596.1|A/cattle/Texas/24-008749-003/2024(H5N1)	972	319
PB2|PP755596.1|A/cattle/Texas/24-008749-003/2024(H5N1)	973	312
PB2|PP755596.1|A/cattle/Texas/24-008749-003/2024(H5N1)	974	312
PB2|PP755596.1|A/cattle/Texas/24-008749-003/2024(H5N1)	975	313
PB2|PP755596.1|A/cattle/Texas/24-008749-003/2024(H5N1)	976	307
PB2|PP755596.1|A/cattle/Texas/24-008749-003/2024(H5N1)	977	307
PB2|PP755596.1|A/cattle/Texas/24-008749-003/2024(H5N1)	978	304
PB2|PP755596.1|A/cattle/Texas/24-008749-003/2024(H5N1)	979	306
PB2|PP755596.1|A/cattle/Texas/24-008749-003/2024(H5N1)	980	300
PB2|PP755596.1|A/cattle/Texas/24-008749-003/2024(H5N1)	981	301
PB2|PP755596.1|A/cattle/Texas/24-008749-003/2024(H5N1)	982	301
PB2|PP755596.1|A/cattle/Texas/24-008749-003/2024(H5N1)	983	301
PB2|PP755596.1|A/cattle/Texas/24-008749-003/2024(H5N1)	984	302
PB2|PP755596.1|A/cattle/Texas/24-008749-003/2024(H5N1)	985	305
PB2|PP755596.1|A/cattle/Texas/24-008749-003/2024(H5N1)	986	303
PB2|PP755596.1|A/cattle/Texas/24-008749-003/2024(H5N1)	987	302
PB2|PP755596.1|A/cattle/Texas/24-008749-003/2024(H5N1)	988	299
PB2|PP755596.1|A/cattle/Texas/24-008749-003/2024(H5N1)	989	296
PB2|PP755596.1|A/cattle/Texas/24-008749-003/2024(H5N1)	990	296
PB2|PP755596.1|A/cattle/Texas/24-008749-003/2024(H5N1)	991	302
PB2|PP755596.1|A/cattle/Texas/24-008749-003/2024(H5N1)	992	302
PB2|PP755596.1|A/cattle/Texas/24-008749-003/2024(H5N1)	993	302
PB2|PP755596.1|A/cattle/Texas/24-008749-003/2024(H5N1)	994	303
PB2|PP755596.1|A/cattle/Texas/24-008749-003/2024(H5N1)	995	308
PB2|PP755596.1|A/cattle/Texas/24-008749-003/2024(H5N1)	996	307
PB2|PP755596.1|A/cattle/Texas/24-008749-003/2024(H5N1)	997	311
PB2|PP755596.1|A/cattle/Texas/24-008749-003/2024(H5N1)	998	312
PB2|PP755596.1|A/cattle/Texas/24-008749-003/2024(H5N1)	999	312
PB2|PP755596.1|A/cattle/Texas/24-008749-003/2024(H5N1)	1000	300
PB2|PP755596.1|A/cattle/Texas/24-008749-003/2024(H5N1)	1001	301
PB2|PP755596.1|A/cattle/Texas/24-008749-003/2024(H5N1)	1002	302
PB2|PP755596.1|A/cattle/Texas/24-008749-003/2024(H5N1)	1003	302
PB2|PP755596.1|A/cattle/Texas/24-008749-003/2024(H5N1)	1004	295
PB2|PP755596.1|A/cattle/Texas/24-008749-003/2024(H5N1)	1005	293
PB2|PP755596.1|A/cattle/Texas/24-008749-003/2024(H5N1)	1006	310
PB2|PP755596.1|A/cattle/Texas/24-008749-003/2024(H5N1)	1007	294
PB2|PP755596.1|A/cattle/Texas/24-008749-003/2024(H5N1)	1008	294
PB2|PP755596.1|A/cattle/Texas/24-008749-003/2024(H5N1)	1009	293
PB2|PP755596.1|A/cattle/Texas/24-008749-003/2024(H5N1)	1010	293
PB2|PP755596.1|A/cattle/Texas/24-008749-003/2024(H5N1)	1011	292
PB2|PP755596.1|A/cattle/Texas/24-008749-003/2024(H5N1)	1012	305
PB2|PP755596.1|A/cattle/Texas/24-008749-003/2024(H5N1)	1013	297
PB2|PP755596.1|A/cattle/Texas/24-008749-003/2024(H5N1)	1014	296
PB2|PP755596.1|A/cattle/Texas/24-008749-003/2024(H5N1)	1015	296
PB2|PP755596.1|A/cattle/Texas/24-008749-003/2024(H5N1)	1016	299
PB2|PP755596.1|A/cattle/Texas/24-008749-003/2024(H5N1)	1017	299
PB2|PP755596.1|A/cattle/Texas/24-008749-003/2024(H5N1)	1018	299
PB2|PP755596.1|A/cattle/Texas/24-008749-003/2024(H5N1)	1019	301
PB2|PP755596.1|A/cattle/Texas/24-008749-003/2024(H5N1)	1020	320
PB2|PP755596.1|A/cattle/Texas/24-008749-003/2024(H5N1)	1021	319
PB2|PP755596.1|A/cattle/Texas/24-008749-003/2024(H5N1)	1022	316
PB2|PP755596.1|A/cattle/Texas/24-008749-003/2024(H5N1)	1023	309
PB2|PP755596.1|A/cattle/Texas/24-008749-003/2024(H5N1)	1024	312
PB2|PP755596.1|A/cattle/Texas/24-008749-003/2024(H5N1)	1025	317
PB2|PP755596.1|A/cattle/Texas/24-008749-003/2024(H5N1)	1026	317
PB2|PP755596.1|A/cattle/Texas/24-008749-003/2024(H5N1)	1027	316
PB2|PP755596.1|A/cattle/Texas/24-008749-003/2024(H5N1)	1028	315
PB2|PP755596.1|A/cattle/Texas/24-008749-003/2024(H5N1)	1029	309
PB2|PP755596.1|A/cattle/Texas/24-008749-003/2024(H5N1)	1030	310
PB2|PP755596.1|A/cattle/Texas/24-008749-003/2024(H5N1)	1031	305
PB2|PP755596.1|A/cattle/Texas/24-008749-003/2024(H5N1)	1032	311
PB2|PP755596.1|A/cattle/Texas/24-008749-003/2024(H5N1)	1033	309
PB2|PP755596.1|A/cattle/Texas/24-008749-003/2024(H5N1)	1034	314
PB2|PP755596.1|A/cattle/Texas/24-008749-003/2024(H5N1)	1035	314
PB2|PP755596.1|A/cattle/Texas/24-008749-003/2024(H5N1)	1036	314
PB2|PP755596.1|A/cattle/Texas/24-008749-003/2024(H5N1)	1037	316
PB2|PP755596.1|A/cattle/Texas/24-008749-003/2024(H5N1)	1038	316
PB2|PP755596.1|A/cattle/Texas/24-008749-003/2024(H5N1)	1039	311
PB2|PP755596.1|A/cattle/Texas/24-008749-003/2024(H5N1)	1040	311
PB2|PP755596.1|A/cattle/Texas/24-008749-003/2024(H5N1)	1041	309
PB2|PP755596.1|A/cattle/Texas/24-008749-003/2024(H5N1)	1042	308
PB2|PP755596.1|A/cattle/Texas/24-008749-003/2024(H5N1)	1043	312
PB2|PP755596.1|A/cattle/Texas/24-008749-003/2024(H5N1)	1044	328
PB2|PP755596.1|A/cattle/Texas/24-008749-003/2024(H5N1)	1045	328
PB2|PP755596.1|A/cattle/Texas/24-008749-003/2024(H5N1)	1046	326
PB2|PP755596.1|A/cattle/Texas/24-008749-003/2024(H5N1)	1047	326
PB2|PP755596.1|A/cattle/Texas/24-008749-003/2024(H5N1)	1048	332
PB2|PP755596.1|A/cattle/Texas/24-008749-003/2024(H5N1)	1049	332
PB2|PP755596.1|A/cattle/Texas/24-008749-003/2024(H5N1)	1050	332
PB2|PP755596.1|A/cattle/Texas/24-008749-003/2024(H5N1)	1051	331
PB2|PP755596.1|A/cattle/Texas/24-008749-003/2024(H5N1)	1052	330
PB2|PP755596.1|A/cattle/Texas/24-008749-003/2024(H5N1)	1053	325
PB2|PP755596.1|A/cattle/Texas/24-008749-003/2024(H5N1)	1054	325
PB2|PP755596.1|A/cattle/Texas/24-008749-003/2024(H5N1)	1055	325
PB2|PP755596.1|A/cattle/Texas/24-008749-003/2024(H5N1)	1056	324
PB2|PP755596.1|A/cattle/Texas/24-008749-003/2024(H5N1)	1057	324
PB2|PP755596.1|A/cattle/Texas/24-008749-003/2024(H5N1)	1058	325
PB2|PP755596.1|A/cattle/Texas/24-008749-003/2024(H5N1)	1059	329
PB2|PP755596.1|A/cattle/Texas/24-008749-003/2024(H5N1)	1060	327
PB2|PP755596.1|A/cattle/Texas/24-008749-003/2024(H5N1)	1061	326
PB2|PP755596.1|A/cattle/Texas/24-008749-003/2024(H5N1)	1062	329
PB2|PP755596.1|A/cattle/Texas/24-008749-003/2024(H5N1)	1063	320
PB2|PP755596.1|A/cattle/Texas/24-008749-003/2024(H5N1)	1064	323
PB2|PP755596.1|A/cattle/Texas/24-008749-003/2024(H5N1)	1065	324
PB2|PP755596.1|A/cattle/Texas/24-008749-003/2024(H5N1)	1066	333
PB2|PP755596.1|A/cattle/Texas/24-008749-003/2024(H5N1)	1067	339
PB2|PP755596.1|A/cattle/Texas/24-008749-003/2024(H5N1)	1068	342
PB2|PP755596.1|A/cattle/Texas/24-008749-003/2024(H5N1)	1069	344
PB2|PP755596.1|A/cattle/Texas/24-008749-003/2024(H5N1)	1070	342
PB2|PP755596.1|A/cattle/Texas/24-008749-003/2024(H5N1)	1071	342
PB2|PP755596.1|A/cattle/Texas/24-008749-003/2024(H5N1)	1072	340
PB2|PP755596.1|A/cattle/Texas/24-008749-003/2024(H5N1)	1073	341
PB2|PP755596.1|A/cattle/Texas/24-008749-003/2024(H5N1)	1074	343
PB2|PP755596.1|A/cattle/Texas/24-008749-003/2024(H5N1)	1075	363
PB2|PP755596.1|A/cattle/Texas/24-008749-003/2024(H5N1)	1076	364
PB2|PP755596.1|A/cattle/Texas/24-008749-003/2024(H5N1)	1077	363
PB2|PP755596.1|A/cattle/Texas/24-008749-003/2024(H5N1)	1078	351
PB2|PP755596.1|A/cattle/Texas/24-008749-003/2024(H5N1)	1079	357
PB2|PP755596.1|A/cattle/Texas/24-008749-003/2024(H5N1)	1080	357
PB2|PP755596.1|A/cattle/Texas/24-008749-003/2024(H5N1)	1081	357
PB2|PP755596.1|A/cattle/Texas/24-008749-003/2024(H5N1)	1082	358
PB2|PP755596.1|A/cattle/Texas/24-008749-003/2024(H5N1)	1083	351
PB2|PP755596.1|A/cattle/Texas/24-008749-003/2024(H5N1)	1084	351
PB2|PP755596.1|A/cattle/Texas/24-008749-003/2024(H5N1)	1085	343
PB2|PP755596.1|A/cattle/Texas/24-008749-003/2024(H5N1)	1086	354
PB2|PP755596.1|A/cattle/Texas/24-008749-003/2024(H5N1)	1087	358
PB2|PP755596.1|A/cattle/Texas/24-008749-003/2024(H5N1)	1088	374
PB2|PP755596.1|A/cattle/Texas/24-008749-003/2024(H5N1)	1089	375
PB2|PP755596.1|A/cattle/Texas/24-008749-003/2024(H5N1)	1090	376
PB2|PP755596.1|A/cattle/Texas/24-008749-003/2024(H5N1)	1091	373
PB2|PP755596.1|A/cattle/Texas/24-008749-003/2024(H5N1)	1092	374
PB2|PP755596.1|A/cattle/Texas/24-008749-003/2024(H5N1)	1093	375
PB2|PP755596.1|A/cattle/Texas/24-008749-003/2024(H5N1)	1094	375
PB2|PP755596.1|A/cattle/Texas/24-008749-003/2024(H5N1)	1095	377
PB2|PP755596.1|A/cattle/Texas/24-008749-003/2024(H5N1)	1096	379
PB2|PP755596.1|A/cattle/Texas/24-008749-003/2024(H5N1)	1097	371
PB2|PP755596.1|A/cattle/Texas/24-008749-003/2024(H5N1)	1098	374
PB2|PP755596.1|A/cattle/Texas/24-008749-003/2024(H5N1)	1099	373
PB2|PP755596.1|A/cattle/Texas/24-008749-003/2024(H5N1)	1100	375
PB2|PP755596.1|A/cattle/Texas/24-008749-003/2024(H5N1)	1101	375
PB2|PP755596.1|A/cattle/Texas/24-008749-003/2024(H5N1)	1102	374
PB2|PP755596.1|A/cattle/Texas/24-008749-003/2024(H5N1)	1103	374
PB2|PP755596.1|A/cattle/Texas/24-008749-003/2024(H5N1)	1104	363
PB2|PP755596.1|A/cattle/Texas/24-008749-003/2024(H5N1)	1105	355
PB2|PP755596.1|A/cattle/Texas/24-008749-003/2024(H5N1)	1106	356
PB2|PP755596.1|A/cattle/Texas/24-008749-003/2024(H5N1)	1107	355
PB2|PP755596.1|A/cattle/Texas/24-008749-003/2024(H5N1)	1108	356
PB2|PP755596.1|A/cattle/Texas/24-008749-003/2024(H5N1)	1109	358
PB2|PP755596.1|A/cattle/Texas/24-008749-003/2024(H5N1)	1110	358
PB2|PP755596.1|A/cattle/Texas/24-008749-003/2024(H5N1)	1111	358
PB2|PP755596.1|A/cattle/Texas/24-008749-003/2024(H5N1)	1112	350
PB2|PP755596.1|A/cattle/Texas/24-008749-003/2024(H5N1)	1113	348
PB2|PP755596.1|A/cattle/Texas/24-008749-003/2024(H5N1)	1114	353
PB2|PP755596.1|A/cattle/Texas/24-008749-003/2024(H5N1)	1115	345
PB2|PP755596.1|A/cattle/Texas/24-008749-003/2024(H5N1)	1116	345
PB2|PP755596.1|A/cattle/Texas/24-008749-003/2024(H5N1)	1117	350
PB2|PP755596.1|A/cattle/Texas/24-008749-003/2024(H5N1)	1118	349
PB2|PP755596.1|A/cattle/Texas/24-008749-003/2024(H5N1)	1119	351
PB2|PP755596.1|A/cattle/Texas/24-008749-003/2024(H5N1)	1120	348
PB2|PP755596.1|A/cattle/Texas/24-008749-003/2024(H5N1)	1121	347
PB2|PP755596.1|A/cattle/Texas/24-008749-003/2024(H5N1)	1122	351
PB2|PP755596.1|A/cattle/Texas/24-008749-003/2024(H5N1)	1123	350
PB2|PP755596.1|A/cattle/Texas/24-008749-003/2024(H5N1)	1124	350
PB2|PP755596.1|A/cattle/Texas/24-008749-003/2024(H5N1)	1125	350
PB2|PP755596.1|A/cattle/Texas/24-008749-003/2024(H5N1)	1126	348
PB2|PP755596.1|A/cattle/Texas/24-008749-003/2024(H5N1)	1127	346
PB2|PP755596.1|A/cattle/Texas/24-008749-003/2024(H5N1)	1128	348
PB2|PP755596.1|A/cattle/Texas/24-008749-003/2024(H5N1)	1129	349
PB2|PP755596.1|A/cattle/Texas/24-008749-003/2024(H5N1)	1130	348
PB2|PP755596.1|A/cattle/Texas/24-008749-003/2024(H5N1)	1131	354
PB2|PP755596.1|A/cattle/Texas/24-008749-003/2024(H5N1)	1132	359
PB2|PP755596.1|A/cattle/Texas/24-008749-003/2024(H5N1)	1133	364
PB2|PP755596.1|A/cattle/Texas/24-008749-003/2024(H5N1)	1134	363
PB2|PP755596.1|A/cattle/Texas/24-008749-003/2024(H5N1)	1135	363
PB2|PP755596.1|A/cattle/Texas/24-008749-003/2024(H5N1)	1136	363
PB2|PP755596.1|A/cattle/Texas/24-008749-003/2024(H5N1)	1137	363
PB2|PP755596.1|A/cattle/Texas/24-008749-003/2024(H5N1)	1138	369
PB2|PP755596.1|A/cattle/Texas/24-008749-003/2024(H5N1)	1139	370
PB2|PP755596.1|A/cattle/Texas/24-008749-003/2024(H5N1)	1140	378
PB2|PP755596.1|A/cattle/Texas/24-008749-003/2024(H5N1)	1141	377
PB2|PP755596.1|A/cattle/Texas/24-008749-003/2024(H5N1)	1142	369
PB2|PP755596.1|A/cattle/Texas/24-008749-003/2024(H5N1)	1143	370
PB2|PP755596.1|A/cattle/Texas/24-008749-003/2024(H5N1)	1144	376
PB2|PP755596.1|A/cattle/Texas/24-008749-003/2024(H5N1)	1145	375
PB2|PP755596.1|A/cattle/Texas/24-008749-003/2024(H5N1)	1146	372
PB2|PP755596.1|A/cattle/Texas/24-008749-003/2024(H5N1)	1147	370
PB2|PP755596.1|A/cattle/Texas/24-008749-003/2024(H5N1)	1148	374
PB2|PP755596.1|A/cattle/Texas/24-008749-003/2024(H5N1)	1149	377
PB2|PP755596.1|A/cattle/Texas/24-008749-003/2024(H5N1)	1150	379
PB2|PP755596.1|A/cattle/Texas/24-008749-003/2024(H5N1)	1151	381
PB2|PP755596.1|A/cattle/Texas/24-008749-003/2024(H5N1)	1152	381
PB2|PP755596.1|A/cattle/Texas/24-008749-003/2024(H5N1)	1153	381
PB2|PP755596.1|A/cattle/Texas/24-008749-003/2024(H5N1)	1154	381
PB2|PP755596.1|A/cattle/Texas/24-008749-003/2024(H5N1)	1155	382
PB2|PP755596.1|A/cattle/Texas/24-008749-003/2024(H5N1)	1156	384
PB2|PP755596.1|A/cattle/Texas/24-008749-003/2024(H5N1)	1157	371
PB2|PP755596.1|A/cattle/Texas/24-008749-003/2024(H5N1)	1158	373
PB2|PP755596.1|A/cattle/Texas/24-008749-003/2024(H5N1)	1159	373
PB2|PP755596.1|A/cattle/Texas/24-008749-003/2024(H5N1)	1160	378
PB2|PP755596.1|A/cattle/Texas/24-008749-003/2024(H5N1)	1161	383
PB2|PP755596.1|A/cattle/Texas/24-008749-003/2024(H5N1)	1162	383
PB2|PP755596.1|A/cattle/Texas/24-008749-003/2024(H5N1)	1163	373
PB2|PP755596.1|A/cattle/Texas/24-008749-003/2024(H5N1)	1164	371
PB2|PP755596.1|A/cattle/Texas/24-008749-003/2024(H5N1)	1165	371
PB2|PP755596.1|A/cattle/Texas/24-008749-003/2024(H5N1)	1166	371
PB2|PP755596.1|A/cattle/Texas/24-008749-003/2024(H5N1)	1167	349
PB2|PP755596.1|A/cattle/Texas/24-008749-003/2024(H5N1)	1168	349
PB2|PP755596.1|A/cattle/Texas/24-008749-003/2024(H5N1)	1169	336
PB2|PP755596.1|A/cattle/Texas/24-008749-003/2024(H5N1)	1170	333
PB2|PP755596.1|A/cattle/Texas/24-008749-003/2024(H5N1)	1171	333
PB2|PP755596.1|A/cattle/Texas/24-008749-003/2024(H5N1)	1172	334
PB2|PP755596.1|A/cattle/Texas/24-008749-003/2024(H5N1)	1173	340
PB2|PP755596.1|A/cattle/Texas/24-008749-003/2024(H5N1)	1174	354
PB2|PP755596.1|A/cattle/Texas/24-008749-003/2024(H5N1)	1175	354
PB2|PP755596.1|A/cattle/Texas/24-008749-003/2024(H5N1)	1176	360
PB2|PP755596.1|A/cattle/Texas/24-008749-003/2024(H5N1)	1177	360
PB2|PP755596.1|A/cattle/Texas/24-008749-003/2024(H5N1)	1178	361
PB2|PP755596.1|A/cattle/Texas/24-008749-003/2024(H5N1)	1179	361
PB2|PP755596.1|A/cattle/Texas/24-008749-003/2024(H5N1)	1180	366
PB2|PP755596.1|A/cattle/Texas/24-008749-003/2024(H5N1)	1181	364
PB2|PP755596.1|A/cattle/Texas/24-008749-003/2024(H5N1)	1182	363
PB2|PP755596.1|A/cattle/Texas/24-008749-003/2024(H5N1)	1183	356
PB2|PP755596.1|A/cattle/Texas/24-008749-003/2024(H5N1)	1184	362
PB2|PP755596.1|A/cattle/Texas/24-008749-003/2024(H5N1)	1185	359
PB2|PP755596.1|A/cattle/Texas/24-008749-003/2024(H5N1)	1186	359
PB2|PP755596.1|A/cattle/Texas/24-008749-003/2024(H5N1)	1187	358
PB2|PP755596.1|A/cattle/Texas/24-008749-003/2024(H5N1)	1188	358
PB2|PP755596.1|A/cattle/Texas/24-008749-003/2024(H5N1)	1189	358
PB2|PP755596.1|A/cattle/Texas/24-008749-003/2024(H5N1)	1190	368
PB2|PP755596.1|A/cattle/Texas/24-008749-003/2024(H5N1)	1191	367
PB2|PP755596.1|A/cattle/Texas/24-008749-003/2024(H5N1)	1192	368
PB2|PP755596.1|A/cattle/Texas/24-008749-003/2024(H5N1)	1193	369
PB2|PP755596.1|A/cattle/Texas/24-008749-003/2024(H5N1)	1194	367
PB2|PP755596.1|A/cattle/Texas/24-008749-003/2024(H5N1)	1195	355
PB2|PP755596.1|A/cattle/Texas/24-008749-003/2024(H5N1)	1196	355
PB2|PP755596.1|A/cattle/Texas/24-008749-003/2024(H5N1)	1197	352
PB2|PP755596.1|A/cattle/Texas/24-008749-003/2024(H5N1)	1198	352
PB2|PP755596.1|A/cattle/Texas/24-008749-003/2024(H5N1)	1199	346
PB2|PP755596.1|A/cattle/Texas/24-008749-003/2024(H5N1)	1200	349
PB2|PP755596.1|A/cattle/Texas/24-008749-003/2024(H5N1)	1201	350
PB2|PP755596.1|A/cattle/Texas/24-008749-003/2024(H5N1)	1202	349
PB2|PP755596.1|A/cattle/Texas/24-008749-003/2024(H5N1)	1203	349
PB2|PP755596.1|A/cattle/Texas/24-008749-003/2024(H5N1)	1204	353
PB2|PP755596.1|A/cattle/Texas/24-008749-003/2024(H5N1)	1205	356
PB2|PP755596.1|A/cattle/Texas/24-008749-003/2024(H5N1)	1206	357
PB2|PP755596.1|A/cattle/Texas/24-008749-003/2024(H5N1)	1207	359
PB2|PP755596.1|A/cattle/Texas/24-008749-003/2024(H5N1)	1208	363
PB2|PP755596.1|A/cattle/Texas/24-008749-003/2024(H5N1)	1209	364
PB2|PP755596.1|A/cattle/Texas/24-008749-003/2024(H5N1)	1210	361
PB2|PP755596.1|A/cattle/Texas/24-008749-003/2024(H5N1)	1211	363
PB2|PP755596.1|A/cattle/Texas/24-008749-003/2024(H5N1)	1212	361
PB2|PP755596.1|A/cattle/Texas/24-008749-003/2024(H5N1)	1213	358
PB2|PP755596.1|A/cattle/Texas/24-008749-003/2024(H5N1)	1214	358
PB2|PP755596.1|A/cattle/Texas/24-008749-003/2024(H5N1)	1215	369
PB2|PP755596.1|A/cattle/Texas/24-008749-003/2024(H5N1)	1216	374
PB2|PP755596.1|A/cattle/Texas/24-008749-003/2024(H5N1)	1217	373
PB2|PP755596.1|A/cattle/Texas/24-008749-003/2024(H5N1)	1218	368
PB2|PP755596.1|A/cattle/Texas/24-008749-003/2024(H5N1)	1219	365
PB2|PP755596.1|A/cattle/Texas/24-008749-003/2024(H5N1)	1220	355
PB2|PP755596.1|A/cattle/Texas/24-008749-003/2024(H5N1)	1221	358
PB2|PP755596.1|A/cattle/Texas/24-008749-003/2024(H5N1)	1222	363
PB2|PP755596.1|A/cattle/Texas/24-008749-003/2024(H5N1)	1223	358
PB2|PP755596.1|A/cattle/Texas/24-008749-003/2024(H5N1)	1224	352
PB2|PP755596.1|A/cattle/Texas/24-008749-003/2024(H5N1)	1225	327
PB2|PP755596.1|A/cattle/Texas/24-008749-003/2024(H5N1)	1226	330
PB2|PP755596.1|A/cattle/Texas/24-008749-003/2024(H5N1)	1227	330
PB2|PP755596.1|A/cattle/Texas/24-008749-003/2024(H5N1)	1228	330
PB2|PP755596.1|A/cattle/Texas/24-008749-003/2024(H5N1)	1229	329
PB2|PP755596.1|A/cattle/Texas/24-008749-003/2024(H5N1)	1230	345
PB2|PP755596.1|A/cattle/Texas/24-008749-003/2024(H5N1)	1231	345
PB2|PP755596.1|A/cattle/Texas/24-008749-003/2024(H5N1)	1232	342
PB2|PP755596.1|A/cattle/Texas/24-008749-003/2024(H5N1)	1233	337
PB2|PP755596.1|A/cattle/Texas/24-008749-003/2024(H5N1)	1234	341
PB2|PP755596.1|A/cattle/Texas/24-008749-003/2024(H5N1)	1235	340
PB2|PP755596.1|A/cattle/Texas/24-008749-003/2024(H5N1)	1236	341
PB2|PP755596.1|A/cattle/Texas/24-008749-003/2024(H5N1)	1237	328
PB2|PP755596.1|A/cattle/Texas/24-008749-003/2024(H5N1)	1238	324
PB2|PP755596.1|A/cattle/Texas/24-008749-003/2024(H5N1)	1239	306
PB2|PP755596.1|A/cattle/Texas/24-008749-003/2024(H5N1)	1240	317
PB2|PP755596.1|A/cattle/Texas/24-008749-003/2024(H5N1)	1241	339
PB2|PP755596.1|A/cattle/Texas/24-008749-003/2024(H5N1)	1242	341
PB2|PP755596.1|A/cattle/Texas/24-008749-003/2024(H5N1)	1243	344
PB2|PP755596.1|A/cattle/Texas/24-008749-003/2024(H5N1)	1244	346
PB2|PP755596.1|A/cattle/Texas/24-008749-003/2024(H5N1)	1245	348
PB2|PP755596.1|A/cattle/Texas/24-008749-003/2024(H5N1)	1246	345
PB2|PP755596.1|A/cattle/Texas/24-008749-003/2024(H5N1)	1247	343
PB2|PP755596.1|A/cattle/Texas/24-008749-003/2024(H5N1)	1248	338
PB2|PP755596.1|A/cattle/Texas/24-008749-003/2024(H5N1)	1249	341
PB2|PP755596.1|A/cattle/Texas/24-008749-003/2024(H5N1)	1250	346
PB2|PP755596.1|A/cattle/Texas/24-008749-003/2024(H5N1)	1251	343
PB2|PP755596.1|A/cattle/Texas/24-008749-003/2024(H5N1)	1252	343
PB2|PP755596.1|A/cattle/Texas/24-008749-003/2024(H5N1)	1253	341
PB2|PP755596.1|A/cattle/Texas/24-008749-003/2024(H5N1)	1254	343
PB2|PP755596.1|A/cattle/Texas/24-008749-003/2024(H5N1)	1255	348
PB2|PP755596.1|A/cattle/Texas/24-008749-003/2024(H5N1)	1256	348
PB2|PP755596.1|A/cattle/Texas/24-008749-003/2024(H5N1)	1257	347
PB2|PP755596.1|A/cattle/Texas/24-008749-003/2024(H5N1)	1258	345
PB2|PP755596.1|A/cattle/Texas/24-008749-003/2024(H5N1)	1259	344
PB2|PP755596.1|A/cattle/Texas/24-008749-003/2024(H5N1)	1260	346
PB2|PP755596.1|A/cattle/Texas/24-008749-003/2024(H5N1)	1261	346
PB2|PP755596.1|A/cattle/Texas/24-008749-003/2024(H5N1)	1262	353
PB2|PP755596.1|A/cattle/Texas/24-008749-003/2024(H5N1)	1263	352
PB2|PP755596.1|A/cattle/Texas/24-008749-003/2024(H5N1)	1264	352
PB2|PP755596.1|A/cattle/Texas/24-008749-003/2024(H5N1)	1265	347
PB2|PP755596.1|A/cattle/Texas/24-008749-003/2024(H5N1)	1266	347
PB2|PP755596.1|A/cattle/Texas/24-008749-003/2024(H5N1)	1267	347
PB2|PP755596.1|A/cattle/Texas/24-008749-003/2024(H5N1)	1268	345
PB2|PP755596.1|A/cattle/Texas/24-008749-003/2024(H5N1)	1269	350
PB2|PP755596.1|A/cattle/Texas/24-008749-003/2024(H5N1)	1270	349
PB2|PP755596.1|A/cattle/Texas/24-008749-003/2024(H5N1)	1271	348
PB2|PP755596.1|A/cattle/Texas/24-008749-003/2024(H5N1)	1272	346
PB2|PP755596.1|A/cattle/Texas/24-008749-003/2024(H5N1)	1273	344
PB2|PP755596.1|A/cattle/Texas/24-008749-003/2024(H5N1)	1274	344
PB2|PP755596.1|A/cattle/Texas/24-008749-003/2024(H5N1)	1275	326
PB2|PP755596.1|A/cattle/Texas/24-008749-003/2024(H5N1)	1276	326
PB2|PP755596.1|A/cattle/Texas/24-008749-003/2024(H5N1)	1277	323
PB2|PP755596.1|A/cattle/Texas/24-008749-003/2024(H5N1)	1278	323
PB2|PP755596.1|A/cattle/Texas/24-008749-003/2024(H5N1)	1279	320
PB2|PP755596.1|A/cattle/Texas/24-008749-003/2024(H5N1)	1280	333
PB2|PP755596.1|A/cattle/Texas/24-008749-003/2024(H5N1)	1281	336
PB2|PP755596.1|A/cattle/Texas/24-008749-003/2024(H5N1)	1282	324
PB2|PP755596.1|A/cattle/Texas/24-008749-003/2024(H5N1)	1283	319
PB2|PP755596.1|A/cattle/Texas/24-008749-003/2024(H5N1)	1284	312
PB2|PP755596.1|A/cattle/Texas/24-008749-003/2024(H5N1)	1285	313
PB2|PP755596.1|A/cattle/Texas/24-008749-003/2024(H5N1)	1286	321
PB2|PP755596.1|A/cattle/Texas/24-008749-003/2024(H5N1)	1287	321
PB2|PP755596.1|A/cattle/Texas/24-008749-003/2024(H5N1)	1288	344
PB2|PP755596.1|A/cattle/Texas/24-008749-003/2024(H5N1)	1289	344
PB2|PP755596.1|A/cattle/Texas/24-008749-003/2024(H5N1)	1290	344
PB2|PP755596.1|A/cattle/Texas/24-008749-003/2024(H5N1)	1291	349
PB2|PP755596.1|A/cattle/Texas/24-008749-003/2024(H5N1)	1292	350
PB2|PP755596.1|A/cattle/Texas/24-008749-003/2024(H5N1)	1293	350
PB2|PP755596.1|A/cattle/Texas/24-008749-003/2024(H5N1)	1294	353
PB2|PP755596.1|A/cattle/Texas/24-008749-003/2024(H5N1)	1295	347
PB2|PP755596.1|A/cattle/Texas/24-008749-003/2024(H5N1)	1296	347
PB2|PP755596.1|A/cattle/Texas/24-008749-003/2024(H5N1)	1297	344
PB2|PP755596.1|A/cattle/Texas/24-008749-003/2024(H5N1)	1298	343
PB2|PP755596.1|A/cattle/Texas/24-008749-003/2024(H5N1)	1299	336
PB2|PP755596.1|A/cattle/Texas/24-008749-003/2024(H5N1)	1300	334
PB2|PP755596.1|A/cattle/Texas/24-008749-003/2024(H5N1)	1301	334
PB2|PP755596.1|A/cattle/Texas/24-008749-003/2024(H5N1)	1302	341
PB2|PP755596.1|A/cattle/Texas/24-008749-003/2024(H5N1)	1303	339
PB2|PP755596.1|A/cattle/Texas/24-008749-003/2024(H5N1)	1304	341
PB2|PP755596.1|A/cattle/Texas/24-008749-003/2024(H5N1)	1305	341
PB2|PP755596.1|A/cattle/Texas/24-008749-003/2024(H5N1)	1306	340
PB2|PP755596.1|A/cattle/Texas/24-008749-003/2024(H5N1)	1307	338
PB2|PP755596.1|A/cattle/Texas/24-008749-003/2024(H5N1)	1308	331
PB2|PP755596.1|A/cattle/Texas/24-008749-003/2024(H5N1)	1309	328
PB2|PP755596.1|A/cattle/Texas/24-008749-003/2024(H5N1)	1310	328
PB2|PP755596.1|A/cattle/Texas/24-008749-003/2024(H5N1)	1311	317
PB2|PP755596.1|A/cattle/Texas/24-008749-003/2024(H5N1)	1312	318
PB2|PP755596.1|A/cattle/Texas/24-008749-003/2024(H5N1)	1313	317
PB2|PP755596.1|A/cattle/Texas/24-008749-003/2024(H5N1)	1314	325
PB2|PP755596.1|A/cattle/Texas/24-008749-003/2024(H5N1)	1315	325
PB2|PP755596.1|A/cattle/Texas/24-008749-003/2024(H5N1)	1316	325
PB2|PP755596.1|A/cattle/Texas/24-008749-003/2024(H5N1)	1317	322
PB2|PP755596.1|A/cattle/Texas/24-008749-003/2024(H5N1)	1318	321
PB2|PP755596.1|A/cattle/Texas/24-008749-003/2024(H5N1)	1319	321
PB2|PP755596.1|A/cattle/Texas/24-008749-003/2024(H5N1)	1320	320
PB2|PP755596.1|A/cattle/Texas/24-008749-003/2024(H5N1)	1321	317
PB2|PP755596.1|A/cattle/Texas/24-008749-003/2024(H5N1)	1322	361
PB2|PP755596.1|A/cattle/Texas/24-008749-003/2024(H5N1)	1323	361
PB2|PP755596.1|A/cattle/Texas/24-008749-003/2024(H5N1)	1324	355
PB2|PP755596.1|A/cattle/Texas/24-008749-003/2024(H5N1)	1325	357
PB2|PP755596.1|A/cattle/Texas/24-008749-003/2024(H5N1)	1326	357
PB2|PP755596.1|A/cattle/Texas/24-008749-003/2024(H5N1)	1327	362
PB2|PP755596.1|A/cattle/Texas/24-008749-003/2024(H5N1)	1328	362
PB2|PP755596.1|A/cattle/Texas/24-008749-003/2024(H5N1)	1329	362
PB2|PP755596.1|A/cattle/Texas/24-008749-003/2024(H5N1)	1330	362
PB2|PP755596.1|A/cattle/Texas/24-008749-003/2024(H5N1)	1331	355
PB2|PP755596.1|A/cattle/Texas/24-008749-003/2024(H5N1)	1332	355
PB2|PP755596.1|A/cattle/Texas/24-008749-003/2024(H5N1)	1333	359
PB2|PP755596.1|A/cattle/Texas/24-008749-003/2024(H5N1)	1334	352
PB2|PP755596.1|A/cattle/Texas/24-008749-003/2024(H5N1)	1335	352
PB2|PP755596.1|A/cattle/Texas/24-008749-003/2024(H5N1)	1336	354
PB2|PP755596.1|A/cattle/Texas/24-008749-003/2024(H5N1)	1337	354
PB2|PP755596.1|A/cattle/Texas/24-008749-003/2024(H5N1)	1338	354
PB2|PP755596.1|A/cattle/Texas/24-008749-003/2024(H5N1)	1339	354
PB2|PP755596.1|A/cattle/Texas/24-008749-003/2024(H5N1)	1340	357
PB2|PP755596.1|A/cattle/Texas/24-008749-003/2024(H5N1)	1341	358
PB2|PP755596.1|A/cattle/Texas/24-008749-003/2024(H5N1)	1342	358
PB2|PP755596.1|A/cattle/Texas/24-008749-003/2024(H5N1)	1343	360
PB2|PP755596.1|A/cattle/Texas/24-008749-003/2024(H5N1)	1344	359
PB2|PP755596.1|A/cattle/Texas/24-008749-003/2024(H5N1)	1345	358
PB2|PP755596.1|A/cattle/Texas/24-008749-003/2024(H5N1)	1346	357
PB2|PP755596.1|A/cattle/Texas/24-008749-003/2024(H5N1)	1347	357
PB2|PP755596.1|A/cattle/Texas/24-008749-003/2024(H5N1)	1348	357
PB2|PP755596.1|A/cattle/Texas/24-008749-003/2024(H5N1)	1349	359
PB2|PP755596.1|A/cattle/Texas/24-008749-003/2024(H5N1)	1350	358
PB2|PP755596.1|A/cattle/Texas/24-008749-003/2024(H5N1)	1351	360
PB2|PP755596.1|A/cattle/Texas/24-008749-003/2024(H5N1)	1352	359
PB2|PP755596.1|A/cattle/Texas/24-008749-003/2024(H5N1)	1353	358
PB2|PP755596.1|A/cattle/Texas/24-008749-003/2024(H5N1)	1354	358
PB2|PP755596.1|A/cattle/Texas/24-008749-003/2024(H5N1)	1355	354
PB2|PP755596.1|A/cattle/Texas/24-008749-003/2024(H5N1)	1356	351
PB2|PP755596.1|A/cattle/Texas/24-008749-003/2024(H5N1)	1357	362
PB2|PP755596.1|A/cattle/Texas/24-008749-003/2024(H5N1)	1358	360
PB2|PP755596.1|A/cattle/Texas/24-008749-003/2024(H5N1)	1359	362
PB2|PP755596.1|A/cattle/Texas/24-008749-003/2024(H5N1)	1360	362
PB2|PP755596.1|A/cattle/Texas/24-008749-003/2024(H5N1)	1361	361
PB2|PP755596.1|A/cattle/Texas/24-008749-003/2024(H5N1)	1362	359
PB2|PP755596.1|A/cattle/Texas/24-008749-003/2024(H5N1)	1363	359
PB2|PP755596.1|A/cattle/Texas/24-008749-003/2024(H5N1)	1364	359
PB2|PP755596.1|A/cattle/Texas/24-008749-003/2024(H5N1)	1365	356
PB2|PP755596.1|A/cattle/Texas/24-008749-003/2024(H5N1)	1366	344
PB2|PP755596.1|A/cattle/Texas/24-008749-003/2024(H5N1)	1367	329
PB2|PP755596.1|A/cattle/Texas/24-008749-003/2024(H5N1)	1368	339
PB2|PP755596.1|A/cattle/Texas/24-008749-003/2024(H5N1)	1369	342
PB2|PP755596.1|A/cattle/Texas/24-008749-003/2024(H5N1)	1370	340
PB2|PP755596.1|A/cattle/Texas/24-008749-003/2024(H5N1)	1371	340
PB2|PP755596.1|A/cattle/Texas/24-008749-003/2024(H5N1)	1372	332
PB2|PP755596.1|A/cattle/Texas/24-008749-003/2024(H5N1)	1373	331
PB2|PP755596.1|A/cattle/Texas/24-008749-003/2024(H5N1)	1374	331
PB2|PP755596.1|A/cattle/Texas/24-008749-003/2024(H5N1)	1375	326
PB2|PP755596.1|A/cattle/Texas/24-008749-003/2024(H5N1)	1376	327
PB2|PP755596.1|A/cattle/Texas/24-008749-003/2024(H5N1)	1377	323
PB2|PP755596.1|A/cattle/Texas/24-008749-003/2024(H5N1)	1378	323
PB2|PP755596.1|A/cattle/Texas/24-008749-003/2024(H5N1)	1379	323
PB2|PP755596.1|A/cattle/Texas/24-008749-003/2024(H5N1)	1380	327
PB2|PP755596.1|A/cattle/Texas/24-008749-003/2024(H5N1)	1381	310
PB2|PP755596.1|A/cattle/Texas/24-008749-003/2024(H5N1)	1382	311
PB2|PP755596.1|A/cattle/Texas/24-008749-003/2024(H5N1)	1383	311
PB2|PP755596.1|A/cattle/Texas/24-008749-003/2024(H5N1)	1384	312
PB2|PP755596.1|A/cattle/Texas/24-008749-003/2024(H5N1)	1385	311
PB2|PP755596.1|A/cattle/Texas/24-008749-003/2024(H5N1)	1386	312
PB2|PP755596.1|A/cattle/Texas/24-008749-003/2024(H5N1)	1387	313
PB2|PP755596.1|A/cattle/Texas/24-008749-003/2024(H5N1)	1388	313
PB2|PP755596.1|A/cattle/Texas/24-008749-003/2024(H5N1)	1389	308
PB2|PP755596.1|A/cattle/Texas/24-008749-003/2024(H5N1)	1390	299
PB2|PP755596.1|A/cattle/Texas/24-008749-003/2024(H5N1)	1391	288
PB2|PP755596.1|A/cattle/Texas/24-008749-003/2024(H5N1)	1392	296
PB2|PP755596.1|A/cattle/Texas/24-008749-003/2024(H5N1)	1393	299
PB2|PP755596.1|A/cattle/Texas/24-008749-003/2024(H5N1)	1394	298
PB2|PP755596.1|A/cattle/Texas/24-008749-003/2024(H5N1)	1395	296
PB2|PP755596.1|A/cattle/Texas/24-008749-003/2024(H5N1)	1396	296
PB2|PP755596.1|A/cattle/Texas/24-008749-003/2024(H5N1)	1397	298
PB2|PP755596.1|A/cattle/Texas/24-008749-003/2024(H5N1)	1398	298
PB2|PP755596.1|A/cattle/Texas/24-008749-003/2024(H5N1)	1399	301
PB2|PP755596.1|A/cattle/Texas/24-008749-003/2024(H5N1)	1400	291
PB2|PP755596.1|A/cattle/Texas/24-008749-003/2024(H5N1)	1401	290
PB2|PP755596.1|A/cattle/Texas/24-008749-003/2024(H5N1)	1402	299
PB2|PP755596.1|A/cattle/Texas/24-008749-003/2024(H5N1)	1403	299
PB2|PP755596.1|A/cattle/Texas/24-008749-003/2024(H5N1)	1404	308
PB2|PP755596.1|A/cattle/Texas/24-008749-003/2024(H5N1)	1405	306
PB2|PP755596.1|A/cattle/Texas/24-008749-003/2024(H5N1)	1406	306
PB2|PP755596.1|A/cattle/Texas/24-008749-003/2024(H5N1)	1407	307
PB2|PP755596.1|A/cattle/Texas/24-008749-003/2024(H5N1)	1408	307
PB2|PP755596.1|A/cattle/Texas/24-008749-003/2024(H5N1)	1409	319
PB2|PP755596.1|A/cattle/Texas/24-008749-003/2024(H5N1)	1410	319
PB2|PP755596.1|A/cattle/Texas/24-008749-003/2024(H5N1)	1411	320
PB2|PP755596.1|A/cattle/Texas/24-008749-003/2024(H5N1)	1412	319
PB2|PP755596.1|A/cattle/Texas/24-008749-003/2024(H5N1)	1413	312
PB2|PP755596.1|A/cattle/Texas/24-008749-003/2024(H5N1)	1414	314
PB2|PP755596.1|A/cattle/Texas/24-008749-003/2024(H5N1)	1415	314
PB2|PP755596.1|A/cattle/Texas/24-008749-003/2024(H5N1)	1416	314
PB2|PP755596.1|A/cattle/Texas/24-008749-003/2024(H5N1)	1417	314
PB2|PP755596.1|A/cattle/Texas/24-008749-003/2024(H5N1)	1418	310
PB2|PP755596.1|A/cattle/Texas/24-008749-003/2024(H5N1)	1419	305
PB2|PP755596.1|A/cattle/Texas/24-008749-003/2024(H5N1)	1420	307
PB2|PP755596.1|A/cattle/Texas/24-008749-003/2024(H5N1)	1421	310
PB2|PP755596.1|A/cattle/Texas/24-008749-003/2024(H5N1)	1422	310
PB2|PP755596.1|A/cattle/Texas/24-008749-003/2024(H5N1)	1423	310
PB2|PP755596.1|A/cattle/Texas/24-008749-003/2024(H5N1)	1424	306
PB2|PP755596.1|A/cattle/Texas/24-008749-003/2024(H5N1)	1425	300
PB2|PP755596.1|A/cattle/Texas/24-008749-003/2024(H5N1)	1426	294
PB2|PP755596.1|A/cattle/Texas/24-008749-003/2024(H5N1)	1427	298
PB2|PP755596.1|A/cattle/Texas/24-008749-003/2024(H5N1)	1428	304
PB2|PP755596.1|A/cattle/Texas/24-008749-003/2024(H5N1)	1429	304
PB2|PP755596.1|A/cattle/Texas/24-008749-003/2024(H5N1)	1430	312
PB2|PP755596.1|A/cattle/Texas/24-008749-003/2024(H5N1)	1431	304
PB2|PP755596.1|A/cattle/Texas/24-008749-003/2024(H5N1)	1432	301
PB2|PP755596.1|A/cattle/Texas/24-008749-003/2024(H5N1)	1433	302
PB2|PP755596.1|A/cattle/Texas/24-008749-003/2024(H5N1)	1434	302
PB2|PP755596.1|A/cattle/Texas/24-008749-003/2024(H5N1)	1435	302
PB2|PP755596.1|A/cattle/Texas/24-008749-003/2024(H5N1)	1436	306
PB2|PP755596.1|A/cattle/Texas/24-008749-003/2024(H5N1)	1437	298
PB2|PP755596.1|A/cattle/Texas/24-008749-003/2024(H5N1)	1438	298
PB2|PP755596.1|A/cattle/Texas/24-008749-003/2024(H5N1)	1439	290
PB2|PP755596.1|A/cattle/Texas/24-008749-003/2024(H5N1)	1440	290
PB2|PP755596.1|A/cattle/Texas/24-008749-003/2024(H5N1)	1441	292
PB2|PP755596.1|A/cattle/Texas/24-008749-003/2024(H5N1)	1442	287
PB2|PP755596.1|A/cattle/Texas/24-008749-003/2024(H5N1)	1443	289
PB2|PP755596.1|A/cattle/Texas/24-008749-003/2024(H5N1)	1444	289
PB2|PP755596.1|A/cattle/Texas/24-008749-003/2024(H5N1)	1445	285
PB2|PP755596.1|A/cattle/Texas/24-008749-003/2024(H5N1)	1446	285
PB2|PP755596.1|A/cattle/Texas/24-008749-003/2024(H5N1)	1447	288
PB2|PP755596.1|A/cattle/Texas/24-008749-003/2024(H5N1)	1448	288
PB2|PP755596.1|A/cattle/Texas/24-008749-003/2024(H5N1)	1449	288
PB2|PP755596.1|A/cattle/Texas/24-008749-003/2024(H5N1)	1450	286
PB2|PP755596.1|A/cattle/Texas/24-008749-003/2024(H5N1)	1451	288
PB2|PP755596.1|A/cattle/Texas/24-008749-003/2024(H5N1)	1452	288
PB2|PP755596.1|A/cattle/Texas/24-008749-003/2024(H5N1)	1453	286
PB2|PP755596.1|A/cattle/Texas/24-008749-003/2024(H5N1)	1454	286
PB2|PP755596.1|A/cattle/Texas/24-008749-003/2024(H5N1)	1455	284
PB2|PP755596.1|A/cattle/Texas/24-008749-003/2024(H5N1)	1456	289
PB2|PP755596.1|A/cattle/Texas/24-008749-003/2024(H5N1)	1457	290
PB2|PP755596.1|A/cattle/Texas/24-008749-003/2024(H5N1)	1458	290
PB2|PP755596.1|A/cattle/Texas/24-008749-003/2024(H5N1)	1459	294
PB2|PP755596.1|A/cattle/Texas/24-008749-003/2024(H5N1)	1460	294
PB2|PP755596.1|A/cattle/Texas/24-008749-003/2024(H5N1)	1461	297
PB2|PP755596.1|A/cattle/Texas/24-008749-003/2024(H5N1)	1462	296
PB2|PP755596.1|A/cattle/Texas/24-008749-003/2024(H5N1)	1463	297
PB2|PP755596.1|A/cattle/Texas/24-008749-003/2024(H5N1)	1464	340
PB2|PP755596.1|A/cattle/Texas/24-008749-003/2024(H5N1)	1465	328
PB2|PP755596.1|A/cattle/Texas/24-008749-003/2024(H5N1)	1466	332
PB2|PP755596.1|A/cattle/Texas/24-008749-003/2024(H5N1)	1467	334
PB2|PP755596.1|A/cattle/Texas/24-008749-003/2024(H5N1)	1468	332
PB2|PP755596.1|A/cattle/Texas/24-008749-003/2024(H5N1)	1469	338
PB2|PP755596.1|A/cattle/Texas/24-008749-003/2024(H5N1)	1470	338
PB2|PP755596.1|A/cattle/Texas/24-008749-003/2024(H5N1)	1471	339
PB2|PP755596.1|A/cattle/Texas/24-008749-003/2024(H5N1)	1472	338
PB2|PP755596.1|A/cattle/Texas/24-008749-003/2024(H5N1)	1473	292
PB2|PP755596.1|A/cattle/Texas/24-008749-003/2024(H5N1)	1474	294
PB2|PP755596.1|A/cattle/Texas/24-008749-003/2024(H5N1)	1475	296
PB2|PP755596.1|A/cattle/Texas/24-008749-003/2024(H5N1)	1476	295
PB2|PP755596.1|A/cattle/Texas/24-008749-003/2024(H5N1)	1477	298
PB2|PP755596.1|A/cattle/Texas/24-008749-003/2024(H5N1)	1478	301
PB2|PP755596.1|A/cattle/Texas/24-008749-003/2024(H5N1)	1479	302
PB2|PP755596.1|A/cattle/Texas/24-008749-003/2024(H5N1)	1480	302
PB2|PP755596.1|A/cattle/Texas/24-008749-003/2024(H5N1)	1481	308
PB2|PP755596.1|A/cattle/Texas/24-008749-003/2024(H5N1)	1482	308
PB2|PP755596.1|A/cattle/Texas/24-008749-003/2024(H5N1)	1483	319
PB2|PP755596.1|A/cattle/Texas/24-008749-003/2024(H5N1)	1484	315
PB2|PP755596.1|A/cattle/Texas/24-008749-003/2024(H5N1)	1485	316
PB2|PP755596.1|A/cattle/Texas/24-008749-003/2024(H5N1)	1486	316
PB2|PP755596.1|A/cattle/Texas/24-008749-003/2024(H5N1)	1487	335
PB2|PP755596.1|A/cattle/Texas/24-008749-003/2024(H5N1)	1488	335
PB2|PP755596.1|A/cattle/Texas/24-008749-003/2024(H5N1)	1489	335
PB2|PP755596.1|A/cattle/Texas/24-008749-003/2024(H5N1)	1490	335
PB2|PP755596.1|A/cattle/Texas/24-008749-003/2024(H5N1)	1491	343
PB2|PP755596.1|A/cattle/Texas/24-008749-003/2024(H5N1)	1492	337
PB2|PP755596.1|A/cattle/Texas/24-008749-003/2024(H5N1)	1493	337
PB2|PP755596.1|A/cattle/Texas/24-008749-003/2024(H5N1)	1494	330
PB2|PP755596.1|A/cattle/Texas/24-008749-003/2024(H5N1)	1495	330
PB2|PP755596.1|A/cattle/Texas/24-008749-003/2024(H5N1)	1496	348
PB2|PP755596.1|A/cattle/Texas/24-008749-003/2024(H5N1)	1497	347
PB2|PP755596.1|A/cattle/Texas/24-008749-003/2024(H5N1)	1498	347
PB2|PP755596.1|A/cattle/Texas/24-008749-003/2024(H5N1)	1499	347
PB2|PP755596.1|A/cattle/Texas/24-008749-003/2024(H5N1)	1500	348
PB2|PP755596.1|A/cattle/Texas/24-008749-003/2024(H5N1)	1501	364
PB2|PP755596.1|A/cattle/Texas/24-008749-003/2024(H5N1)	1502	359
PB2|PP755596.1|A/cattle/Texas/24-008749-003/2024(H5N1)	1503	362
PB2|PP755596.1|A/cattle/Texas/24-008749-003/2024(H5N1)	1504	367
PB2|PP755596.1|A/cattle/Texas/24-008749-003/2024(H5N1)	1505	367
PB2|PP755596.1|A/cattle/Texas/24-008749-003/2024(H5N1)	1506	367
PB2|PP755596.1|A/cattle/Texas/24-008749-003/2024(H5N1)	1507	367
PB2|PP755596.1|A/cattle/Texas/24-008749-003/2024(H5N1)	1508	357
PB2|PP755596.1|A/cattle/Texas/24-008749-003/2024(H5N1)	1509	355
PB2|PP755596.1|A/cattle/Texas/24-008749-003/2024(H5N1)	1510	357
PB2|PP755596.1|A/cattle/Texas/24-008749-003/2024(H5N1)	1511	358
PB2|PP755596.1|A/cattle/Texas/24-008749-003/2024(H5N1)	1512	359
PB2|PP755596.1|A/cattle/Texas/24-008749-003/2024(H5N1)	1513	359
PB2|PP755596.1|A/cattle/Texas/24-008749-003/2024(H5N1)	1514	359
PB2|PP755596.1|A/cattle/Texas/24-008749-003/2024(H5N1)	1515	359
PB2|PP755596.1|A/cattle/Texas/24-008749-003/2024(H5N1)	1516	359
PB2|PP755596.1|A/cattle/Texas/24-008749-003/2024(H5N1)	1517	360
PB2|PP755596.1|A/cattle/Texas/24-008749-003/2024(H5N1)	1518	366
PB2|PP755596.1|A/cattle/Texas/24-008749-003/2024(H5N1)	1519	359
PB2|PP755596.1|A/cattle/Texas/24-008749-003/2024(H5N1)	1520	359
PB2|PP755596.1|A/cattle/Texas/24-008749-003/2024(H5N1)	1521	359
PB2|PP755596.1|A/cattle/Texas/24-008749-003/2024(H5N1)	1522	360
PB2|PP755596.1|A/cattle/Texas/24-008749-003/2024(H5N1)	1523	360
PB2|PP755596.1|A/cattle/Texas/24-008749-003/2024(H5N1)	1524	362
PB2|PP755596.1|A/cattle/Texas/24-008749-003/2024(H5N1)	1525	361
PB2|PP755596.1|A/cattle/Texas/24-008749-003/2024(H5N1)	1526	363
PB2|PP755596.1|A/cattle/Texas/24-008749-003/2024(H5N1)	1527	363
PB2|PP755596.1|A/cattle/Texas/24-008749-003/2024(H5N1)	1528	365
PB2|PP755596.1|A/cattle/Texas/24-008749-003/2024(H5N1)	1529	369
PB2|PP755596.1|A/cattle/Texas/24-008749-003/2024(H5N1)	1530	364
PB2|PP755596.1|A/cattle/Texas/24-008749-003/2024(H5N1)	1531	376
PB2|PP755596.1|A/cattle/Texas/24-008749-003/2024(H5N1)	1532	376
PB2|PP755596.1|A/cattle/Texas/24-008749-003/2024(H5N1)	1533	373
PB2|PP755596.1|A/cattle/Texas/24-008749-003/2024(H5N1)	1534	369
PB2|PP755596.1|A/cattle/Texas/24-008749-003/2024(H5N1)	1535	369
PB2|PP755596.1|A/cattle/Texas/24-008749-003/2024(H5N1)	1536	373
PB2|PP755596.1|A/cattle/Texas/24-008749-003/2024(H5N1)	1537	372
PB2|PP755596.1|A/cattle/Texas/24-008749-003/2024(H5N1)	1538	368
PB2|PP755596.1|A/cattle/Texas/24-008749-003/2024(H5N1)	1539	368
PB2|PP755596.1|A/cattle/Texas/24-008749-003/2024(H5N1)	1540	357
PB2|PP755596.1|A/cattle/Texas/24-008749-003/2024(H5N1)	1541	358
PB2|PP755596.1|A/cattle/Texas/24-008749-003/2024(H5N1)	1542	358
PB2|PP755596.1|A/cattle/Texas/24-008749-003/2024(H5N1)	1543	349
PB2|PP755596.1|A/cattle/Texas/24-008749-003/2024(H5N1)	1544	349
PB2|PP755596.1|A/cattle/Texas/24-008749-003/2024(H5N1)	1545	345
PB2|PP755596.1|A/cattle/Texas/24-008749-003/2024(H5N1)	1546	353
PB2|PP755596.1|A/cattle/Texas/24-008749-003/2024(H5N1)	1547	353
PB2|PP755596.1|A/cattle/Texas/24-008749-003/2024(H5N1)	1548	352
PB2|PP755596.1|A/cattle/Texas/24-008749-003/2024(H5N1)	1549	352
PB2|PP755596.1|A/cattle/Texas/24-008749-003/2024(H5N1)	1550	356
PB2|PP755596.1|A/cattle/Texas/24-008749-003/2024(H5N1)	1551	357
PB2|PP755596.1|A/cattle/Texas/24-008749-003/2024(H5N1)	1552	357
PB2|PP755596.1|A/cattle/Texas/24-008749-003/2024(H5N1)	1553	351
PB2|PP755596.1|A/cattle/Texas/24-008749-003/2024(H5N1)	1554	348
PB2|PP755596.1|A/cattle/Texas/24-008749-003/2024(H5N1)	1555	344
PB2|PP755596.1|A/cattle/Texas/24-008749-003/2024(H5N1)	1556	347
PB2|PP755596.1|A/cattle/Texas/24-008749-003/2024(H5N1)	1557	348
PB2|PP755596.1|A/cattle/Texas/24-008749-003/2024(H5N1)	1558	348
PB2|PP755596.1|A/cattle/Texas/24-008749-003/2024(H5N1)	1559	348
PB2|PP755596.1|A/cattle/Texas/24-008749-003/2024(H5N1)	1560	335
PB2|PP755596.1|A/cattle/Texas/24-008749-003/2024(H5N1)	1561	351
PB2|PP755596.1|A/cattle/Texas/24-008749-003/2024(H5N1)	1562	351
PB2|PP755596.1|A/cattle/Texas/24-008749-003/2024(H5N1)	1563	356
PB2|PP755596.1|A/cattle/Texas/24-008749-003/2024(H5N1)	1564	358
PB2|PP755596.1|A/cattle/Texas/24-008749-003/2024(H5N1)	1565	357
PB2|PP755596.1|A/cattle/Texas/24-008749-003/2024(H5N1)	1566	357
PB2|PP755596.1|A/cattle/Texas/24-008749-003/2024(H5N1)	1567	359
PB2|PP755596.1|A/cattle/Texas/24-008749-003/2024(H5N1)	1568	377
PB2|PP755596.1|A/cattle/Texas/24-008749-003/2024(H5N1)	1569	378
PB2|PP755596.1|A/cattle/Texas/24-008749-003/2024(H5N1)	1570	378
PB2|PP755596.1|A/cattle/Texas/24-008749-003/2024(H5N1)	1571	378
PB2|PP755596.1|A/cattle/Texas/24-008749-003/2024(H5N1)	1572	377
PB2|PP755596.1|A/cattle/Texas/24-008749-003/2024(H5N1)	1573	380
PB2|PP755596.1|A/cattle/Texas/24-008749-003/2024(H5N1)	1574	384
PB2|PP755596.1|A/cattle/Texas/24-008749-003/2024(H5N1)	1575	389
PB2|PP755596.1|A/cattle/Texas/24-008749-003/2024(H5N1)	1576	389
PB2|PP755596.1|A/cattle/Texas/24-008749-003/2024(H5N1)	1577	386
PB2|PP755596.1|A/cattle/Texas/24-008749-003/2024(H5N1)	1578	382
PB2|PP755596.1|A/cattle/Texas/24-008749-003/2024(H5N1)	1579	376
PB2|PP755596.1|A/cattle/Texas/24-008749-003/2024(H5N1)	1580	372
PB2|PP755596.1|A/cattle/Texas/24-008749-003/2024(H5N1)	1581	372
PB2|PP755596.1|A/cattle/Texas/24-008749-003/2024(H5N1)	1582	368
PB2|PP755596.1|A/cattle/Texas/24-008749-003/2024(H5N1)	1583	370
PB2|PP755596.1|A/cattle/Texas/24-008749-003/2024(H5N1)	1584	373
PB2|PP755596.1|A/cattle/Texas/24-008749-003/2024(H5N1)	1585	375
PB2|PP755596.1|A/cattle/Texas/24-008749-003/2024(H5N1)	1586	375
PB2|PP755596.1|A/cattle/Texas/24-008749-003/2024(H5N1)	1587	373
PB2|PP755596.1|A/cattle/Texas/24-008749-003/2024(H5N1)	1588	373
PB2|PP755596.1|A/cattle/Texas/24-008749-003/2024(H5N1)	1589	376
PB2|PP755596.1|A/cattle/Texas/24-008749-003/2024(H5N1)	1590	374
PB2|PP755596.1|A/cattle/Texas/24-008749-003/2024(H5N1)	1591	376
PB2|PP755596.1|A/cattle/Texas/24-008749-003/2024(H5N1)	1592	375
PB2|PP755596.1|A/cattle/Texas/24-008749-003/2024(H5N1)	1593	376
PB2|PP755596.1|A/cattle/Texas/24-008749-003/2024(H5N1)	1594	376
PB2|PP755596.1|A/cattle/Texas/24-008749-003/2024(H5N1)	1595	378
PB2|PP755596.1|A/cattle/Texas/24-008749-003/2024(H5N1)	1596	376
PB2|PP755596.1|A/cattle/Texas/24-008749-003/2024(H5N1)	1597	375
PB2|PP755596.1|A/cattle/Texas/24-008749-003/2024(H5N1)	1598	375
PB2|PP755596.1|A/cattle/Texas/24-008749-003/2024(H5N1)	1599	375
PB2|PP755596.1|A/cattle/Texas/24-008749-003/2024(H5N1)	1600	385
PB2|PP755596.1|A/cattle/Texas/24-008749-003/2024(H5N1)	1601	381
PB2|PP755596.1|A/cattle/Texas/24-008749-003/2024(H5N1)	1602	381
PB2|PP755596.1|A/cattle/Texas/24-008749-003/2024(H5N1)	1603	383
PB2|PP755596.1|A/cattle/Texas/24-008749-003/2024(H5N1)	1604	382
PB2|PP755596.1|A/cattle/Texas/24-008749-003/2024(H5N1)	1605	383
PB2|PP755596.1|A/cattle/Texas/24-008749-003/2024(H5N1)	1606	383
PB2|PP755596.1|A/cattle/Texas/24-008749-003/2024(H5N1)	1607	381
PB2|PP755596.1|A/cattle/Texas/24-008749-003/2024(H5N1)	1608	383
PB2|PP755596.1|A/cattle/Texas/24-008749-003/2024(H5N1)	1609	385
PB2|PP755596.1|A/cattle/Texas/24-008749-003/2024(H5N1)	1610	380
PB2|PP755596.1|A/cattle/Texas/24-008749-003/2024(H5N1)	1611	403
PB2|PP755596.1|A/cattle/Texas/24-008749-003/2024(H5N1)	1612	398
PB2|PP755596.1|A/cattle/Texas/24-008749-003/2024(H5N1)	1613	398
PB2|PP755596.1|A/cattle/Texas/24-008749-003/2024(H5N1)	1614	395
PB2|PP755596.1|A/cattle/Texas/24-008749-003/2024(H5N1)	1615	358
PB2|PP755596.1|A/cattle/Texas/24-008749-003/2024(H5N1)	1616	360
PB2|PP755596.1|A/cattle/Texas/24-008749-003/2024(H5N1)	1617	359
PB2|PP755596.1|A/cattle/Texas/24-008749-003/2024(H5N1)	1618	359
PB2|PP755596.1|A/cattle/Texas/24-008749-003/2024(H5N1)	1619	364
PB2|PP755596.1|A/cattle/Texas/24-008749-003/2024(H5N1)	1620	358
PB2|PP755596.1|A/cattle/Texas/24-008749-003/2024(H5N1)	1621	361
PB2|PP755596.1|A/cattle/Texas/24-008749-003/2024(H5N1)	1622	380
PB2|PP755596.1|A/cattle/Texas/24-008749-003/2024(H5N1)	1623	378
PB2|PP755596.1|A/cattle/Texas/24-008749-003/2024(H5N1)	1624	378
PB2|PP755596.1|A/cattle/Texas/24-008749-003/2024(H5N1)	1625	377
PB2|PP755596.1|A/cattle/Texas/24-008749-003/2024(H5N1)	1626	408
PB2|PP755596.1|A/cattle/Texas/24-008749-003/2024(H5N1)	1627	415
PB2|PP755596.1|A/cattle/Texas/24-008749-003/2024(H5N1)	1628	417
PB2|PP755596.1|A/cattle/Texas/24-008749-003/2024(H5N1)	1629	406
PB2|PP755596.1|A/cattle/Texas/24-008749-003/2024(H5N1)	1630	405
PB2|PP755596.1|A/cattle/Texas/24-008749-003/2024(H5N1)	1631	405
PB2|PP755596.1|A/cattle/Texas/24-008749-003/2024(H5N1)	1632	405
PB2|PP755596.1|A/cattle/Texas/24-008749-003/2024(H5N1)	1633	425
PB2|PP755596.1|A/cattle/Texas/24-008749-003/2024(H5N1)	1634	415
PB2|PP755596.1|A/cattle/Texas/24-008749-003/2024(H5N1)	1635	415
PB2|PP755596.1|A/cattle/Texas/24-008749-003/2024(H5N1)	1636	394
PB2|PP755596.1|A/cattle/Texas/24-008749-003/2024(H5N1)	1637	388
PB2|PP755596.1|A/cattle/Texas/24-008749-003/2024(H5N1)	1638	419
PB2|PP755596.1|A/cattle/Texas/24-008749-003/2024(H5N1)	1639	420
PB2|PP755596.1|A/cattle/Texas/24-008749-003/2024(H5N1)	1640	420
PB2|PP755596.1|A/cattle/Texas/24-008749-003/2024(H5N1)	1641	422
PB2|PP755596.1|A/cattle/Texas/24-008749-003/2024(H5N1)	1642	411
PB2|PP755596.1|A/cattle/Texas/24-008749-003/2024(H5N1)	1643	442
PB2|PP755596.1|A/cattle/Texas/24-008749-003/2024(H5N1)	1644	442
PB2|PP755596.1|A/cattle/Texas/24-008749-003/2024(H5N1)	1645	448
PB2|PP755596.1|A/cattle/Texas/24-008749-003/2024(H5N1)	1646	449
PB2|PP755596.1|A/cattle/Texas/24-008749-003/2024(H5N1)	1647	427
PB2|PP755596.1|A/cattle/Texas/24-008749-003/2024(H5N1)	1648	429
PB2|PP755596.1|A/cattle/Texas/24-008749-003/2024(H5N1)	1649	430
PB2|PP755596.1|A/cattle/Texas/24-008749-003/2024(H5N1)	1650	433
PB2|PP755596.1|A/cattle/Texas/24-008749-003/2024(H5N1)	1651	429
PB2|PP755596.1|A/cattle/Texas/24-008749-003/2024(H5N1)	1652	413
PB2|PP755596.1|A/cattle/Texas/24-008749-003/2024(H5N1)	1653	413
PB2|PP755596.1|A/cattle/Texas/24-008749-003/2024(H5N1)	1654	426
PB2|PP755596.1|A/cattle/Texas/24-008749-003/2024(H5N1)	1655	423
PB2|PP755596.1|A/cattle/Texas/24-008749-003/2024(H5N1)	1656	427
PB2|PP755596.1|A/cattle/Texas/24-008749-003/2024(H5N1)	1657	427
PB2|PP755596.1|A/cattle/Texas/24-008749-003/2024(H5N1)	1658	427
PB2|PP755596.1|A/cattle/Texas/24-008749-003/2024(H5N1)	1659	426
PB2|PP755596.1|A/cattle/Texas/24-008749-003/2024(H5N1)	1660	429
PB2|PP755596.1|A/cattle/Texas/24-008749-003/2024(H5N1)	1661	423
PB2|PP755596.1|A/cattle/Texas/24-008749-003/2024(H5N1)	1662	422
PB2|PP755596.1|A/cattle/Texas/24-008749-003/2024(H5N1)	1663	421
PB2|PP755596.1|A/cattle/Texas/24-008749-003/2024(H5N1)	1664	422
PB2|PP755596.1|A/cattle/Texas/24-008749-003/2024(H5N1)	1665	427
PB2|PP755596.1|A/cattle/Texas/24-008749-003/2024(H5N1)	1666	435
PB2|PP755596.1|A/cattle/Texas/24-008749-003/2024(H5N1)	1667	435
PB2|PP755596.1|A/cattle/Texas/24-008749-003/2024(H5N1)	1668	439
PB2|PP755596.1|A/cattle/Texas/24-008749-003/2024(H5N1)	1669	433
PB2|PP755596.1|A/cattle/Texas/24-008749-003/2024(H5N1)	1670	433
PB2|PP755596.1|A/cattle/Texas/24-008749-003/2024(H5N1)	1671	433
PB2|PP755596.1|A/cattle/Texas/24-008749-003/2024(H5N1)	1672	434
PB2|PP755596.1|A/cattle/Texas/24-008749-003/2024(H5N1)	1673	433
PB2|PP755596.1|A/cattle/Texas/24-008749-003/2024(H5N1)	1674	434
PB2|PP755596.1|A/cattle/Texas/24-008749-003/2024(H5N1)	1675	432
PB2|PP755596.1|A/cattle/Texas/24-008749-003/2024(H5N1)	1676	434
PB2|PP755596.1|A/cattle/Texas/24-008749-003/2024(H5N1)	1677	432
PB2|PP755596.1|A/cattle/Texas/24-008749-003/2024(H5N1)	1678	435
PB2|PP755596.1|A/cattle/Texas/24-008749-003/2024(H5N1)	1679	435
PB2|PP755596.1|A/cattle/Texas/24-008749-003/2024(H5N1)	1680	435
PB2|PP755596.1|A/cattle/Texas/24-008749-003/2024(H5N1)	1681	435
PB2|PP755596.1|A/cattle/Texas/24-008749-003/2024(H5N1)	1682	422
PB2|PP755596.1|A/cattle/Texas/24-008749-003/2024(H5N1)	1683	424
PB2|PP755596.1|A/cattle/Texas/24-008749-003/2024(H5N1)	1684	425
PB2|PP755596.1|A/cattle/Texas/24-008749-003/2024(H5N1)	1685	438
PB2|PP755596.1|A/cattle/Texas/24-008749-003/2024(H5N1)	1686	438
PB2|PP755596.1|A/cattle/Texas/24-008749-003/2024(H5N1)	1687	433
PB2|PP755596.1|A/cattle/Texas/24-008749-003/2024(H5N1)	1688	433
PB2|PP755596.1|A/cattle/Texas/24-008749-003/2024(H5N1)	1689	435
PB2|PP755596.1|A/cattle/Texas/24-008749-003/2024(H5N1)	1690	440
PB2|PP755596.1|A/cattle/Texas/24-008749-003/2024(H5N1)	1691	453
PB2|PP755596.1|A/cattle/Texas/24-008749-003/2024(H5N1)	1692	449
PB2|PP755596.1|A/cattle/Texas/24-008749-003/2024(H5N1)	1693	453
PB2|PP755596.1|A/cattle/Texas/24-008749-003/2024(H5N1)	1694	453
PB2|PP755596.1|A/cattle/Texas/24-008749-003/2024(H5N1)	1695	453
PB2|PP755596.1|A/cattle/Texas/24-008749-003/2024(H5N1)	1696	446
PB2|PP755596.1|A/cattle/Texas/24-008749-003/2024(H5N1)	1697	446
PB2|PP755596.1|A/cattle/Texas/24-008749-003/2024(H5N1)	1698	457
PB2|PP755596.1|A/cattle/Texas/24-008749-003/2024(H5N1)	1699	466
PB2|PP755596.1|A/cattle/Texas/24-008749-003/2024(H5N1)	1700	456
PB2|PP755596.1|A/cattle/Texas/24-008749-003/2024(H5N1)	1701	457
PB2|PP755596.1|A/cattle/Texas/24-008749-003/2024(H5N1)	1702	454
PB2|PP755596.1|A/cattle/Texas/24-008749-003/2024(H5N1)	1703	466
PB2|PP755596.1|A/cattle/Texas/24-008749-003/2024(H5N1)	1704	468
PB2|PP755596.1|A/cattle/Texas/24-008749-003/2024(H5N1)	1705	468
PB2|PP755596.1|A/cattle/Texas/24-008749-003/2024(H5N1)	1706	464
PB2|PP755596.1|A/cattle/Texas/24-008749-003/2024(H5N1)	1707	459
PB2|PP755596.1|A/cattle/Texas/24-008749-003/2024(H5N1)	1708	464
PB2|PP755596.1|A/cattle/Texas/24-008749-003/2024(H5N1)	1709	464
PB2|PP755596.1|A/cattle/Texas/24-008749-003/2024(H5N1)	1710	466
PB2|PP755596.1|A/cattle/Texas/24-008749-003/2024(H5N1)	1711	468
PB2|PP755596.1|A/cattle/Texas/24-008749-003/2024(H5N1)	1712	452
PB2|PP755596.1|A/cattle/Texas/24-008749-003/2024(H5N1)	1713	455
PB2|PP755596.1|A/cattle/Texas/24-008749-003/2024(H5N1)	1714	451
PB2|PP755596.1|A/cattle/Texas/24-008749-003/2024(H5N1)	1715	451
PB2|PP755596.1|A/cattle/Texas/24-008749-003/2024(H5N1)	1716	452
PB2|PP755596.1|A/cattle/Texas/24-008749-003/2024(H5N1)	1717	439
PB2|PP755596.1|A/cattle/Texas/24-008749-003/2024(H5N1)	1718	437
PB2|PP755596.1|A/cattle/Texas/24-008749-003/2024(H5N1)	1719	428
PB2|PP755596.1|A/cattle/Texas/24-008749-003/2024(H5N1)	1720	427
PB2|PP755596.1|A/cattle/Texas/24-008749-003/2024(H5N1)	1721	426
PB2|PP755596.1|A/cattle/Texas/24-008749-003/2024(H5N1)	1722	424
PB2|PP755596.1|A/cattle/Texas/24-008749-003/2024(H5N1)	1723	425
PB2|PP755596.1|A/cattle/Texas/24-008749-003/2024(H5N1)	1724	421
PB2|PP755596.1|A/cattle/Texas/24-008749-003/2024(H5N1)	1725	420
PB2|PP755596.1|A/cattle/Texas/24-008749-003/2024(H5N1)	1726	415
PB2|PP755596.1|A/cattle/Texas/24-008749-003/2024(H5N1)	1727	416
PB2|PP755596.1|A/cattle/Texas/24-008749-003/2024(H5N1)	1728	417
PB2|PP755596.1|A/cattle/Texas/24-008749-003/2024(H5N1)	1729	417
PB2|PP755596.1|A/cattle/Texas/24-008749-003/2024(H5N1)	1730	417
PB2|PP755596.1|A/cattle/Texas/24-008749-003/2024(H5N1)	1731	416
PB2|PP755596.1|A/cattle/Texas/24-008749-003/2024(H5N1)	1732	418
PB2|PP755596.1|A/cattle/Texas/24-008749-003/2024(H5N1)	1733	419
PB2|PP755596.1|A/cattle/Texas/24-008749-003/2024(H5N1)	1734	417
PB2|PP755596.1|A/cattle/Texas/24-008749-003/2024(H5N1)	1735	410
PB2|PP755596.1|A/cattle/Texas/24-008749-003/2024(H5N1)	1736	410
PB2|PP755596.1|A/cattle/Texas/24-008749-003/2024(H5N1)	1737	413
PB2|PP755596.1|A/cattle/Texas/24-008749-003/2024(H5N1)	1738	414
PB2|PP755596.1|A/cattle/Texas/24-008749-003/2024(H5N1)	1739	414
PB2|PP755596.1|A/cattle/Texas/24-008749-003/2024(H5N1)	1740	411
PB2|PP755596.1|A/cattle/Texas/24-008749-003/2024(H5N1)	1741	412
PB2|PP755596.1|A/cattle/Texas/24-008749-003/2024(H5N1)	1742	410
PB2|PP755596.1|A/cattle/Texas/24-008749-003/2024(H5N1)	1743	410
PB2|PP755596.1|A/cattle/Texas/24-008749-003/2024(H5N1)	1744	414
PB2|PP755596.1|A/cattle/Texas/24-008749-003/2024(H5N1)	1745	410
PB2|PP755596.1|A/cattle/Texas/24-008749-003/2024(H5N1)	1746	410
PB2|PP755596.1|A/cattle/Texas/24-008749-003/2024(H5N1)	1747	409
PB2|PP755596.1|A/cattle/Texas/24-008749-003/2024(H5N1)	1748	411
PB2|PP755596.1|A/cattle/Texas/24-008749-003/2024(H5N1)	1749	412
PB2|PP755596.1|A/cattle/Texas/24-008749-003/2024(H5N1)	1750	419
PB2|PP755596.1|A/cattle/Texas/24-008749-003/2024(H5N1)	1751	415
PB2|PP755596.1|A/cattle/Texas/24-008749-003/2024(H5N1)	1752	445
PB2|PP755596.1|A/cattle/Texas/24-008749-003/2024(H5N1)	1753	443
PB2|PP755596.1|A/cattle/Texas/24-008749-003/2024(H5N1)	1754	454
PB2|PP755596.1|A/cattle/Texas/24-008749-003/2024(H5N1)	1755	455
PB2|PP755596.1|A/cattle/Texas/24-008749-003/2024(H5N1)	1756	458
PB2|PP755596.1|A/cattle/Texas/24-008749-003/2024(H5N1)	1757	458
PB2|PP755596.1|A/cattle/Texas/24-008749-003/2024(H5N1)	1758	459
PB2|PP755596.1|A/cattle/Texas/24-008749-003/2024(H5N1)	1759	457
PB2|PP755596.1|A/cattle/Texas/24-008749-003/2024(H5N1)	1760	450
PB2|PP755596.1|A/cattle/Texas/24-008749-003/2024(H5N1)	1761	428
PB2|PP755596.1|A/cattle/Texas/24-008749-003/2024(H5N1)	1762	426
PB2|PP755596.1|A/cattle/Texas/24-008749-003/2024(H5N1)	1763	434
PB2|PP755596.1|A/cattle/Texas/24-008749-003/2024(H5N1)	1764	434
PB2|PP755596.1|A/cattle/Texas/24-008749-003/2024(H5N1)	1765	433
PB2|PP755596.1|A/cattle/Texas/24-008749-003/2024(H5N1)	1766	434
PB2|PP755596.1|A/cattle/Texas/24-008749-003/2024(H5N1)	1767	434
PB2|PP755596.1|A/cattle/Texas/24-008749-003/2024(H5N1)	1768	492
PB2|PP755596.1|A/cattle/Texas/24-008749-003/2024(H5N1)	1769	502
PB2|PP755596.1|A/cattle/Texas/24-008749-003/2024(H5N1)	1770	502
PB2|PP755596.1|A/cattle/Texas/24-008749-003/2024(H5N1)	1771	500
PB2|PP755596.1|A/cattle/Texas/24-008749-003/2024(H5N1)	1772	509
PB2|PP755596.1|A/cattle/Texas/24-008749-003/2024(H5N1)	1773	517
PB2|PP755596.1|A/cattle/Texas/24-008749-003/2024(H5N1)	1774	526
PB2|PP755596.1|A/cattle/Texas/24-008749-003/2024(H5N1)	1775	524
PB2|PP755596.1|A/cattle/Texas/24-008749-003/2024(H5N1)	1776	532
PB2|PP755596.1|A/cattle/Texas/24-008749-003/2024(H5N1)	1777	491
PB2|PP755596.1|A/cattle/Texas/24-008749-003/2024(H5N1)	1778	487
PB2|PP755596.1|A/cattle/Texas/24-008749-003/2024(H5N1)	1779	490
PB2|PP755596.1|A/cattle/Texas/24-008749-003/2024(H5N1)	1780	498
PB2|PP755596.1|A/cattle/Texas/24-008749-003/2024(H5N1)	1781	498
PB2|PP755596.1|A/cattle/Texas/24-008749-003/2024(H5N1)	1782	496
PB2|PP755596.1|A/cattle/Texas/24-008749-003/2024(H5N1)	1783	500
PB2|PP755596.1|A/cattle/Texas/24-008749-003/2024(H5N1)	1784	482
PB2|PP755596.1|A/cattle/Texas/24-008749-003/2024(H5N1)	1785	484
PB2|PP755596.1|A/cattle/Texas/24-008749-003/2024(H5N1)	1786	484
PB2|PP755596.1|A/cattle/Texas/24-008749-003/2024(H5N1)	1787	488
PB2|PP755596.1|A/cattle/Texas/24-008749-003/2024(H5N1)	1788	488
PB2|PP755596.1|A/cattle/Texas/24-008749-003/2024(H5N1)	1789	465
PB2|PP755596.1|A/cattle/Texas/24-008749-003/2024(H5N1)	1790	471
PB2|PP755596.1|A/cattle/Texas/24-008749-003/2024(H5N1)	1791	473
PB2|PP755596.1|A/cattle/Texas/24-008749-003/2024(H5N1)	1792	480
PB2|PP755596.1|A/cattle/Texas/24-008749-003/2024(H5N1)	1793	469
PB2|PP755596.1|A/cattle/Texas/24-008749-003/2024(H5N1)	1794	469
PB2|PP755596.1|A/cattle/Texas/24-008749-003/2024(H5N1)	1795	486
PB2|PP755596.1|A/cattle/Texas/24-008749-003/2024(H5N1)	1796	483
PB2|PP755596.1|A/cattle/Texas/24-008749-003/2024(H5N1)	1797	488
PB2|PP755596.1|A/cattle/Texas/24-008749-003/2024(H5N1)	1798	488
PB2|PP755596.1|A/cattle/Texas/24-008749-003/2024(H5N1)	1799	486
PB2|PP755596.1|A/cattle/Texas/24-008749-003/2024(H5N1)	1800	485
PB2|PP755596.1|A/cattle/Texas/24-008749-003/2024(H5N1)	1801	485
PB2|PP755596.1|A/cattle/Texas/24-008749-003/2024(H5N1)	1802	475
PB2|PP755596.1|A/cattle/Texas/24-008749-003/2024(H5N1)	1803	477
PB2|PP755596.1|A/cattle/Texas/24-008749-003/2024(H5N1)	1804	493
PB2|PP755596.1|A/cattle/Texas/24-008749-003/2024(H5N1)	1805	493
PB2|PP755596.1|A/cattle/Texas/24-008749-003/2024(H5N1)	1806	490
PB2|PP755596.1|A/cattle/Texas/24-008749-003/2024(H5N1)	1807	490
PB2|PP755596.1|A/cattle/Texas/24-008749-003/2024(H5N1)	1808	498
PB2|PP755596.1|A/cattle/Texas/24-008749-003/2024(H5N1)	1809	498
PB2|PP755596.1|A/cattle/Texas/24-008749-003/2024(H5N1)	1810	500
PB2|PP755596.1|A/cattle/Texas/24-008749-003/2024(H5N1)	1811	501
PB2|PP755596.1|A/cattle/Texas/24-008749-003/2024(H5N1)	1812	502
PB2|PP755596.1|A/cattle/Texas/24-008749-003/2024(H5N1)	1813	502
PB2|PP755596.1|A/cattle/Texas/24-008749-003/2024(H5N1)	1814	503
PB2|PP755596.1|A/cattle/Texas/24-008749-003/2024(H5N1)	1815	499
PB2|PP755596.1|A/cattle/Texas/24-008749-003/2024(H5N1)	1816	500
PB2|PP755596.1|A/cattle/Texas/24-008749-003/2024(H5N1)	1817	492
PB2|PP755596.1|A/cattle/Texas/24-008749-003/2024(H5N1)	1818	504
PB2|PP755596.1|A/cattle/Texas/24-008749-003/2024(H5N1)	1819	499
PB2|PP755596.1|A/cattle/Texas/24-008749-003/2024(H5N1)	1820	496
PB2|PP755596.1|A/cattle/Texas/24-008749-003/2024(H5N1)	1821	498
PB2|PP755596.1|A/cattle/Texas/24-008749-003/2024(H5N1)	1822	497
PB2|PP755596.1|A/cattle/Texas/24-008749-003/2024(H5N1)	1823	500
PB2|PP755596.1|A/cattle/Texas/24-008749-003/2024(H5N1)	1824	500
PB2|PP755596.1|A/cattle/Texas/24-008749-003/2024(H5N1)	1825	501
PB2|PP755596.1|A/cattle/Texas/24-008749-003/2024(H5N1)	1826	502
PB2|PP755596.1|A/cattle/Texas/24-008749-003/2024(H5N1)	1827	513
PB2|PP755596.1|A/cattle/Texas/24-008749-003/2024(H5N1)	1828	513
PB2|PP755596.1|A/cattle/Texas/24-008749-003/2024(H5N1)	1829	510
PB2|PP755596.1|A/cattle/Texas/24-008749-003/2024(H5N1)	1830	510
PB2|PP755596.1|A/cattle/Texas/24-008749-003/2024(H5N1)	1831	510
PB2|PP755596.1|A/cattle/Texas/24-008749-003/2024(H5N1)	1832	517
PB2|PP755596.1|A/cattle/Texas/24-008749-003/2024(H5N1)	1833	517
PB2|PP755596.1|A/cattle/Texas/24-008749-003/2024(H5N1)	1834	515
PB2|PP755596.1|A/cattle/Texas/24-008749-003/2024(H5N1)	1835	516
PB2|PP755596.1|A/cattle/Texas/24-008749-003/2024(H5N1)	1836	502
PB2|PP755596.1|A/cattle/Texas/24-008749-003/2024(H5N1)	1837	512
PB2|PP755596.1|A/cattle/Texas/24-008749-003/2024(H5N1)	1838	512
PB2|PP755596.1|A/cattle/Texas/24-008749-003/2024(H5N1)	1839	520
PB2|PP755596.1|A/cattle/Texas/24-008749-003/2024(H5N1)	1840	519
PB2|PP755596.1|A/cattle/Texas/24-008749-003/2024(H5N1)	1841	514
PB2|PP755596.1|A/cattle/Texas/24-008749-003/2024(H5N1)	1842	504
PB2|PP755596.1|A/cattle/Texas/24-008749-003/2024(H5N1)	1843	510
PB2|PP755596.1|A/cattle/Texas/24-008749-003/2024(H5N1)	1844	508
PB2|PP755596.1|A/cattle/Texas/24-008749-003/2024(H5N1)	1845	507
PB2|PP755596.1|A/cattle/Texas/24-008749-003/2024(H5N1)	1846	495
PB2|PP755596.1|A/cattle/Texas/24-008749-003/2024(H5N1)	1847	500
PB2|PP755596.1|A/cattle/Texas/24-008749-003/2024(H5N1)	1848	500
PB2|PP755596.1|A/cattle/Texas/24-008749-003/2024(H5N1)	1849	505
PB2|PP755596.1|A/cattle/Texas/24-008749-003/2024(H5N1)	1850	508
PB2|PP755596.1|A/cattle/Texas/24-008749-003/2024(H5N1)	1851	507
PB2|PP755596.1|A/cattle/Texas/24-008749-003/2024(H5N1)	1852	501
PB2|PP755596.1|A/cattle/Texas/24-008749-003/2024(H5N1)	1853	500
PB2|PP755596.1|A/cattle/Texas/24-008749-003/2024(H5N1)	1854	494
PB2|PP755596.1|A/cattle/Texas/24-008749-003/2024(H5N1)	1855	493
PB2|PP755596.1|A/cattle/Texas/24-008749-003/2024(H5N1)	1856	493
PB2|PP755596.1|A/cattle/Texas/24-008749-003/2024(H5N1)	1857	500
PB2|PP755596.1|A/cattle/Texas/24-008749-003/2024(H5N1)	1858	495
PB2|PP755596.1|A/cattle/Texas/24-008749-003/2024(H5N1)	1859	497
PB2|PP755596.1|A/cattle/Texas/24-008749-003/2024(H5N1)	1860	498
PB2|PP755596.1|A/cattle/Texas/24-008749-003/2024(H5N1)	1861	495
PB2|PP755596.1|A/cattle/Texas/24-008749-003/2024(H5N1)	1862	498
PB2|PP755596.1|A/cattle/Texas/24-008749-003/2024(H5N1)	1863	496
PB2|PP755596.1|A/cattle/Texas/24-008749-003/2024(H5N1)	1864	494
PB2|PP755596.1|A/cattle/Texas/24-008749-003/2024(H5N1)	1865	502
PB2|PP755596.1|A/cattle/Texas/24-008749-003/2024(H5N1)	1866	502
PB2|PP755596.1|A/cattle/Texas/24-008749-003/2024(H5N1)	1867	502
PB2|PP755596.1|A/cattle/Texas/24-008749-003/2024(H5N1)	1868	507
PB2|PP755596.1|A/cattle/Texas/24-008749-003/2024(H5N1)	1869	506
PB2|PP755596.1|A/cattle/Texas/24-008749-003/2024(H5N1)	1870	508
PB2|PP755596.1|A/cattle/Texas/24-008749-003/2024(H5N1)	1871	508
PB2|PP755596.1|A/cattle/Texas/24-008749-003/2024(H5N1)	1872	508
PB2|PP755596.1|A/cattle/Texas/24-008749-003/2024(H5N1)	1873	516
PB2|PP755596.1|A/cattle/Texas/24-008749-003/2024(H5N1)	1874	516
PB2|PP755596.1|A/cattle/Texas/24-008749-003/2024(H5N1)	1875	522
PB2|PP755596.1|A/cattle/Texas/24-008749-003/2024(H5N1)	1876	523
PB2|PP755596.1|A/cattle/Texas/24-008749-003/2024(H5N1)	1877	527
PB2|PP755596.1|A/cattle/Texas/24-008749-003/2024(H5N1)	1878	526
PB2|PP755596.1|A/cattle/Texas/24-008749-003/2024(H5N1)	1879	528
PB2|PP755596.1|A/cattle/Texas/24-008749-003/2024(H5N1)	1880	528
PB2|PP755596.1|A/cattle/Texas/24-008749-003/2024(H5N1)	1881	529
PB2|PP755596.1|A/cattle/Texas/24-008749-003/2024(H5N1)	1882	530
PB2|PP755596.1|A/cattle/Texas/24-008749-003/2024(H5N1)	1883	536
PB2|PP755596.1|A/cattle/Texas/24-008749-003/2024(H5N1)	1884	541
PB2|PP755596.1|A/cattle/Texas/24-008749-003/2024(H5N1)	1885	541
PB2|PP755596.1|A/cattle/Texas/24-008749-003/2024(H5N1)	1886	551
PB2|PP755596.1|A/cattle/Texas/24-008749-003/2024(H5N1)	1887	551
PB2|PP755596.1|A/cattle/Texas/24-008749-003/2024(H5N1)	1888	548
PB2|PP755596.1|A/cattle/Texas/24-008749-003/2024(H5N1)	1889	546
PB2|PP755596.1|A/cattle/Texas/24-008749-003/2024(H5N1)	1890	517
PB2|PP755596.1|A/cattle/Texas/24-008749-003/2024(H5N1)	1891	535
PB2|PP755596.1|A/cattle/Texas/24-008749-003/2024(H5N1)	1892	535
PB2|PP755596.1|A/cattle/Texas/24-008749-003/2024(H5N1)	1893	535
PB2|PP755596.1|A/cattle/Texas/24-008749-003/2024(H5N1)	1894	544
PB2|PP755596.1|A/cattle/Texas/24-008749-003/2024(H5N1)	1895	544
PB2|PP755596.1|A/cattle/Texas/24-008749-003/2024(H5N1)	1896	559
PB2|PP755596.1|A/cattle/Texas/24-008749-003/2024(H5N1)	1897	576
PB2|PP755596.1|A/cattle/Texas/24-008749-003/2024(H5N1)	1898	581
PB2|PP755596.1|A/cattle/Texas/24-008749-003/2024(H5N1)	1899	582
PB2|PP755596.1|A/cattle/Texas/24-008749-003/2024(H5N1)	1900	582
PB2|PP755596.1|A/cattle/Texas/24-008749-003/2024(H5N1)	1901	595
PB2|PP755596.1|A/cattle/Texas/24-008749-003/2024(H5N1)	1902	575
PB2|PP755596.1|A/cattle/Texas/24-008749-003/2024(H5N1)	1903	572
PB2|PP755596.1|A/cattle/Texas/24-008749-003/2024(H5N1)	1904	577
PB2|PP755596.1|A/cattle/Texas/24-008749-003/2024(H5N1)	1905	567
PB2|PP755596.1|A/cattle/Texas/24-008749-003/2024(H5N1)	1906	577
PB2|PP755596.1|A/cattle/Texas/24-008749-003/2024(H5N1)	1907	574
PB2|PP755596.1|A/cattle/Texas/24-008749-003/2024(H5N1)	1908	576
PB2|PP755596.1|A/cattle/Texas/24-008749-003/2024(H5N1)	1909	591
PB2|PP755596.1|A/cattle/Texas/24-008749-003/2024(H5N1)	1910	587
PB2|PP755596.1|A/cattle/Texas/24-008749-003/2024(H5N1)	1911	590
PB2|PP755596.1|A/cattle/Texas/24-008749-003/2024(H5N1)	1912	594
PB2|PP755596.1|A/cattle/Texas/24-008749-003/2024(H5N1)	1913	591
PB2|PP755596.1|A/cattle/Texas/24-008749-003/2024(H5N1)	1914	596
PB2|PP755596.1|A/cattle/Texas/24-008749-003/2024(H5N1)	1915	597
PB2|PP755596.1|A/cattle/Texas/24-008749-003/2024(H5N1)	1916	607
PB2|PP755596.1|A/cattle/Texas/24-008749-003/2024(H5N1)	1917	604
PB2|PP755596.1|A/cattle/Texas/24-008749-003/2024(H5N1)	1918	604
PB2|PP755596.1|A/cattle/Texas/24-008749-003/2024(H5N1)	1919	553
PB2|PP755596.1|A/cattle/Texas/24-008749-003/2024(H5N1)	1920	547
PB2|PP755596.1|A/cattle/Texas/24-008749-003/2024(H5N1)	1921	541
PB2|PP755596.1|A/cattle/Texas/24-008749-003/2024(H5N1)	1922	540
PB2|PP755596.1|A/cattle/Texas/24-008749-003/2024(H5N1)	1923	529
PB2|PP755596.1|A/cattle/Texas/24-008749-003/2024(H5N1)	1924	517
PB2|PP755596.1|A/cattle/Texas/24-008749-003/2024(H5N1)	1925	514
PB2|PP755596.1|A/cattle/Texas/24-008749-003/2024(H5N1)	1926	521
PB2|PP755596.1|A/cattle/Texas/24-008749-003/2024(H5N1)	1927	514
PB2|PP755596.1|A/cattle/Texas/24-008749-003/2024(H5N1)	1928	507
PB2|PP755596.1|A/cattle/Texas/24-008749-003/2024(H5N1)	1929	498
PB2|PP755596.1|A/cattle/Texas/24-008749-003/2024(H5N1)	1930	504
PB2|PP755596.1|A/cattle/Texas/24-008749-003/2024(H5N1)	1931	495
PB2|PP755596.1|A/cattle/Texas/24-008749-003/2024(H5N1)	1932	497
PB2|PP755596.1|A/cattle/Texas/24-008749-003/2024(H5N1)	1933	501
PB2|PP755596.1|A/cattle/Texas/24-008749-003/2024(H5N1)	1934	510
PB2|PP755596.1|A/cattle/Texas/24-008749-003/2024(H5N1)	1935	510
PB2|PP755596.1|A/cattle/Texas/24-008749-003/2024(H5N1)	1936	507
PB2|PP755596.1|A/cattle/Texas/24-008749-003/2024(H5N1)	1937	521
PB2|PP755596.1|A/cattle/Texas/24-008749-003/2024(H5N1)	1938	517
PB2|PP755596.1|A/cattle/Texas/24-008749-003/2024(H5N1)	1939	516
PB2|PP755596.1|A/cattle/Texas/24-008749-003/2024(H5N1)	1940	517
PB2|PP755596.1|A/cattle/Texas/24-008749-003/2024(H5N1)	1941	510
PB2|PP755596.1|A/cattle/Texas/24-008749-003/2024(H5N1)	1942	500
PB2|PP755596.1|A/cattle/Texas/24-008749-003/2024(H5N1)	1943	489
PB2|PP755596.1|A/cattle/Texas/24-008749-003/2024(H5N1)	1944	503
PB2|PP755596.1|A/cattle/Texas/24-008749-003/2024(H5N1)	1945	503
PB2|PP755596.1|A/cattle/Texas/24-008749-003/2024(H5N1)	1946	485
PB2|PP755596.1|A/cattle/Texas/24-008749-003/2024(H5N1)	1947	485
PB2|PP755596.1|A/cattle/Texas/24-008749-003/2024(H5N1)	1948	480
PB2|PP755596.1|A/cattle/Texas/24-008749-003/2024(H5N1)	1949	480
PB2|PP755596.1|A/cattle/Texas/24-008749-003/2024(H5N1)	1950	480
PB2|PP755596.1|A/cattle/Texas/24-008749-003/2024(H5N1)	1951	479
PB2|PP755596.1|A/cattle/Texas/24-008749-003/2024(H5N1)	1952	476
PB2|PP755596.1|A/cattle/Texas/24-008749-003/2024(H5N1)	1953	454
PB2|PP755596.1|A/cattle/Texas/24-008749-003/2024(H5N1)	1954	451
PB2|PP755596.1|A/cattle/Texas/24-008749-003/2024(H5N1)	1955	452
PB2|PP755596.1|A/cattle/Texas/24-008749-003/2024(H5N1)	1956	452
PB2|PP755596.1|A/cattle/Texas/24-008749-003/2024(H5N1)	1957	449
PB2|PP755596.1|A/cattle/Texas/24-008749-003/2024(H5N1)	1958	446
PB2|PP755596.1|A/cattle/Texas/24-008749-003/2024(H5N1)	1959	441
PB2|PP755596.1|A/cattle/Texas/24-008749-003/2024(H5N1)	1960	439
PB2|PP755596.1|A/cattle/Texas/24-008749-003/2024(H5N1)	1961	436
PB2|PP755596.1|A/cattle/Texas/24-008749-003/2024(H5N1)	1962	434
PB2|PP755596.1|A/cattle/Texas/24-008749-003/2024(H5N1)	1963	440
PB2|PP755596.1|A/cattle/Texas/24-008749-003/2024(H5N1)	1964	439
PB2|PP755596.1|A/cattle/Texas/24-008749-003/2024(H5N1)	1965	427
PB2|PP755596.1|A/cattle/Texas/24-008749-003/2024(H5N1)	1966	428
PB2|PP755596.1|A/cattle/Texas/24-008749-003/2024(H5N1)	1967	434
PB2|PP755596.1|A/cattle/Texas/24-008749-003/2024(H5N1)	1968	434
PB2|PP755596.1|A/cattle/Texas/24-008749-003/2024(H5N1)	1969	454
PB2|PP755596.1|A/cattle/Texas/24-008749-003/2024(H5N1)	1970	454
PB2|PP755596.1|A/cattle/Texas/24-008749-003/2024(H5N1)	1971	454
PB2|PP755596.1|A/cattle/Texas/24-008749-003/2024(H5N1)	1972	509
PB2|PP755596.1|A/cattle/Texas/24-008749-003/2024(H5N1)	1973	506
PB2|PP755596.1|A/cattle/Texas/24-008749-003/2024(H5N1)	1974	509
PB2|PP755596.1|A/cattle/Texas/24-008749-003/2024(H5N1)	1975	509
PB2|PP755596.1|A/cattle/Texas/24-008749-003/2024(H5N1)	1976	507
PB2|PP755596.1|A/cattle/Texas/24-008749-003/2024(H5N1)	1977	510
PB2|PP755596.1|A/cattle/Texas/24-008749-003/2024(H5N1)	1978	509
PB2|PP755596.1|A/cattle/Texas/24-008749-003/2024(H5N1)	1979	509
PB2|PP755596.1|A/cattle/Texas/24-008749-003/2024(H5N1)	1980	509
PB2|PP755596.1|A/cattle/Texas/24-008749-003/2024(H5N1)	1981	515
PB2|PP755596.1|A/cattle/Texas/24-008749-003/2024(H5N1)	1982	521
PB2|PP755596.1|A/cattle/Texas/24-008749-003/2024(H5N1)	1983	518
PB2|PP755596.1|A/cattle/Texas/24-008749-003/2024(H5N1)	1984	519
PB2|PP755596.1|A/cattle/Texas/24-008749-003/2024(H5N1)	1985	517
PB2|PP755596.1|A/cattle/Texas/24-008749-003/2024(H5N1)	1986	517
PB2|PP755596.1|A/cattle/Texas/24-008749-003/2024(H5N1)	1987	526
PB2|PP755596.1|A/cattle/Texas/24-008749-003/2024(H5N1)	1988	516
PB2|PP755596.1|A/cattle/Texas/24-008749-003/2024(H5N1)	1989	520
PB2|PP755596.1|A/cattle/Texas/24-008749-003/2024(H5N1)	1990	512
PB2|PP755596.1|A/cattle/Texas/24-008749-003/2024(H5N1)	1991	522
PB2|PP755596.1|A/cattle/Texas/24-008749-003/2024(H5N1)	1992	526
PB2|PP755596.1|A/cattle/Texas/24-008749-003/2024(H5N1)	1993	522
PB2|PP755596.1|A/cattle/Texas/24-008749-003/2024(H5N1)	1994	524
PB2|PP755596.1|A/cattle/Texas/24-008749-003/2024(H5N1)	1995	524
PB2|PP755596.1|A/cattle/Texas/24-008749-003/2024(H5N1)	1996	524
PB2|PP755596.1|A/cattle/Texas/24-008749-003/2024(H5N1)	1997	523
PB2|PP755596.1|A/cattle/Texas/24-008749-003/2024(H5N1)	1998	518
PB2|PP755596.1|A/cattle/Texas/24-008749-003/2024(H5N1)	1999	525
PB2|PP755596.1|A/cattle/Texas/24-008749-003/2024(H5N1)	2000	522
PB2|PP755596.1|A/cattle/Texas/24-008749-003/2024(H5N1)	2001	519
PB2|PP755596.1|A/cattle/Texas/24-008749-003/2024(H5N1)	2002	528
PB2|PP755596.1|A/cattle/Texas/24-008749-003/2024(H5N1)	2003	524
PB2|PP755596.1|A/cattle/Texas/24-008749-003/2024(H5N1)	2004	527
PB2|PP755596.1|A/cattle/Texas/24-008749-003/2024(H5N1)	2005	527
PB2|PP755596.1|A/cattle/Texas/24-008749-003/2024(H5N1)	2006	529
PB2|PP755596.1|A/cattle/Texas/24-008749-003/2024(H5N1)	2007	531
PB2|PP755596.1|A/cattle/Texas/24-008749-003/2024(H5N1)	2008	523
PB2|PP755596.1|A/cattle/Texas/24-008749-003/2024(H5N1)	2009	523
PB2|PP755596.1|A/cattle/Texas/24-008749-003/2024(H5N1)	2010	528
PB2|PP755596.1|A/cattle/Texas/24-008749-003/2024(H5N1)	2011	527
PB2|PP755596.1|A/cattle/Texas/24-008749-003/2024(H5N1)	2012	536
PB2|PP755596.1|A/cattle/Texas/24-008749-003/2024(H5N1)	2013	532
PB2|PP755596.1|A/cattle/Texas/24-008749-003/2024(H5N1)	2014	538
PB2|PP755596.1|A/cattle/Texas/24-008749-003/2024(H5N1)	2015	541
PB2|PP755596.1|A/cattle/Texas/24-008749-003/2024(H5N1)	2016	538
PB2|PP755596.1|A/cattle/Texas/24-008749-003/2024(H5N1)	2017	543
PB2|PP755596.1|A/cattle/Texas/24-008749-003/2024(H5N1)	2018	548
PB2|PP755596.1|A/cattle/Texas/24-008749-003/2024(H5N1)	2019	546
PB2|PP755596.1|A/cattle/Texas/24-008749-003/2024(H5N1)	2020	549
PB2|PP755596.1|A/cattle/Texas/24-008749-003/2024(H5N1)	2021	547
PB2|PP755596.1|A/cattle/Texas/24-008749-003/2024(H5N1)	2022	547
PB2|PP755596.1|A/cattle/Texas/24-008749-003/2024(H5N1)	2023	550
PB2|PP755596.1|A/cattle/Texas/24-008749-003/2024(H5N1)	2024	541
PB2|PP755596.1|A/cattle/Texas/24-008749-003/2024(H5N1)	2025	543
PB2|PP755596.1|A/cattle/Texas/24-008749-003/2024(H5N1)	2026	540
PB2|PP755596.1|A/cattle/Texas/24-008749-003/2024(H5N1)	2027	542
PB2|PP755596.1|A/cattle/Texas/24-008749-003/2024(H5N1)	2028	542
PB2|PP755596.1|A/cattle/Texas/24-008749-003/2024(H5N1)	2029	540
PB2|PP755596.1|A/cattle/Texas/24-008749-003/2024(H5N1)	2030	539
PB2|PP755596.1|A/cattle/Texas/24-008749-003/2024(H5N1)	2031	539
PB2|PP755596.1|A/cattle/Texas/24-008749-003/2024(H5N1)	2032	542
PB2|PP755596.1|A/cattle/Texas/24-008749-003/2024(H5N1)	2033	554
PB2|PP755596.1|A/cattle/Texas/24-008749-003/2024(H5N1)	2034	547
PB2|PP755596.1|A/cattle/Texas/24-008749-003/2024(H5N1)	2035	542
PB2|PP755596.1|A/cattle/Texas/24-008749-003/2024(H5N1)	2036	534
PB2|PP755596.1|A/cattle/Texas/24-008749-003/2024(H5N1)	2037	534
PB2|PP755596.1|A/cattle/Texas/24-008749-003/2024(H5N1)	2038	542
PB2|PP755596.1|A/cattle/Texas/24-008749-003/2024(H5N1)	2039	555
PB2|PP755596.1|A/cattle/Texas/24-008749-003/2024(H5N1)	2040	554
PB2|PP755596.1|A/cattle/Texas/24-008749-003/2024(H5N1)	2041	552
PB2|PP755596.1|A/cattle/Texas/24-008749-003/2024(H5N1)	2042	534
PB2|PP755596.1|A/cattle/Texas/24-008749-003/2024(H5N1)	2043	537
PB2|PP755596.1|A/cattle/Texas/24-008749-003/2024(H5N1)	2044	538
PB2|PP755596.1|A/cattle/Texas/24-008749-003/2024(H5N1)	2045	536
PB2|PP755596.1|A/cattle/Texas/24-008749-003/2024(H5N1)	2046	537
PB2|PP755596.1|A/cattle/Texas/24-008749-003/2024(H5N1)	2047	525
PB2|PP755596.1|A/cattle/Texas/24-008749-003/2024(H5N1)	2048	522
PB2|PP755596.1|A/cattle/Texas/24-008749-003/2024(H5N1)	2049	523
PB2|PP755596.1|A/cattle/Texas/24-008749-003/2024(H5N1)	2050	528
PB2|PP755596.1|A/cattle/Texas/24-008749-003/2024(H5N1)	2051	524
PB2|PP755596.1|A/cattle/Texas/24-008749-003/2024(H5N1)	2052	520
PB2|PP755596.1|A/cattle/Texas/24-008749-003/2024(H5N1)	2053	525
PB2|PP755596.1|A/cattle/Texas/24-008749-003/2024(H5N1)	2054	525
PB2|PP755596.1|A/cattle/Texas/24-008749-003/2024(H5N1)	2055	520
PB2|PP755596.1|A/cattle/Texas/24-008749-003/2024(H5N1)	2056	521
PB2|PP755596.1|A/cattle/Texas/24-008749-003/2024(H5N1)	2057	509
PB2|PP755596.1|A/cattle/Texas/24-008749-003/2024(H5N1)	2058	513
PB2|PP755596.1|A/cattle/Texas/24-008749-003/2024(H5N1)	2059	512
PB2|PP755596.1|A/cattle/Texas/24-008749-003/2024(H5N1)	2060	494
PB2|PP755596.1|A/cattle/Texas/24-008749-003/2024(H5N1)	2061	493
PB2|PP755596.1|A/cattle/Texas/24-008749-003/2024(H5N1)	2062	481
PB2|PP755596.1|A/cattle/Texas/24-008749-003/2024(H5N1)	2063	473
PB2|PP755596.1|A/cattle/Texas/24-008749-003/2024(H5N1)	2064	470
PB2|PP755596.1|A/cattle/Texas/24-008749-003/2024(H5N1)	2065	470
PB2|PP755596.1|A/cattle/Texas/24-008749-003/2024(H5N1)	2066	466
PB2|PP755596.1|A/cattle/Texas/24-008749-003/2024(H5N1)	2067	466
PB2|PP755596.1|A/cattle/Texas/24-008749-003/2024(H5N1)	2068	481
PB2|PP755596.1|A/cattle/Texas/24-008749-003/2024(H5N1)	2069	478
PB2|PP755596.1|A/cattle/Texas/24-008749-003/2024(H5N1)	2070	478
PB2|PP755596.1|A/cattle/Texas/24-008749-003/2024(H5N1)	2071	478
PB2|PP755596.1|A/cattle/Texas/24-008749-003/2024(H5N1)	2072	477
PB2|PP755596.1|A/cattle/Texas/24-008749-003/2024(H5N1)	2073	476
PB2|PP755596.1|A/cattle/Texas/24-008749-003/2024(H5N1)	2074	474
PB2|PP755596.1|A/cattle/Texas/24-008749-003/2024(H5N1)	2075	474
PB2|PP755596.1|A/cattle/Texas/24-008749-003/2024(H5N1)	2076	478
PB2|PP755596.1|A/cattle/Texas/24-008749-003/2024(H5N1)	2077	469
PB2|PP755596.1|A/cattle/Texas/24-008749-003/2024(H5N1)	2078	469
PB2|PP755596.1|A/cattle/Texas/24-008749-003/2024(H5N1)	2079	474
PB2|PP755596.1|A/cattle/Texas/24-008749-003/2024(H5N1)	2080	512
PB2|PP755596.1|A/cattle/Texas/24-008749-003/2024(H5N1)	2081	507
PB2|PP755596.1|A/cattle/Texas/24-008749-003/2024(H5N1)	2082	513
PB2|PP755596.1|A/cattle/Texas/24-008749-003/2024(H5N1)	2083	506
PB2|PP755596.1|A/cattle/Texas/24-008749-003/2024(H5N1)	2084	501
PB2|PP755596.1|A/cattle/Texas/24-008749-003/2024(H5N1)	2085	501
PB2|PP755596.1|A/cattle/Texas/24-008749-003/2024(H5N1)	2086	505
PB2|PP755596.1|A/cattle/Texas/24-008749-003/2024(H5N1)	2087	505
PB2|PP755596.1|A/cattle/Texas/24-008749-003/2024(H5N1)	2088	501
PB2|PP755596.1|A/cattle/Texas/24-008749-003/2024(H5N1)	2089	501
PB2|PP755596.1|A/cattle/Texas/24-008749-003/2024(H5N1)	2090	500
PB2|PP755596.1|A/cattle/Texas/24-008749-003/2024(H5N1)	2091	499
PB2|PP755596.1|A/cattle/Texas/24-008749-003/2024(H5N1)	2092	497
PB2|PP755596.1|A/cattle/Texas/24-008749-003/2024(H5N1)	2093	498
PB2|PP755596.1|A/cattle/Texas/24-008749-003/2024(H5N1)	2094	487
PB2|PP755596.1|A/cattle/Texas/24-008749-003/2024(H5N1)	2095	483
PB2|PP755596.1|A/cattle/Texas/24-008749-003/2024(H5N1)	2096	495
PB2|PP755596.1|A/cattle/Texas/24-008749-003/2024(H5N1)	2097	495
PB2|PP755596.1|A/cattle/Texas/24-008749-003/2024(H5N1)	2098	497
PB2|PP755596.1|A/cattle/Texas/24-008749-003/2024(H5N1)	2099	508
PB2|PP755596.1|A/cattle/Texas/24-008749-003/2024(H5N1)	2100	509
PB2|PP755596.1|A/cattle/Texas/24-008749-003/2024(H5N1)	2101	509
PB2|PP755596.1|A/cattle/Texas/24-008749-003/2024(H5N1)	2102	510
PB2|PP755596.1|A/cattle/Texas/24-008749-003/2024(H5N1)	2103	512
PB2|PP755596.1|A/cattle/Texas/24-008749-003/2024(H5N1)	2104	512
PB2|PP755596.1|A/cattle/Texas/24-008749-003/2024(H5N1)	2105	512
PB2|PP755596.1|A/cattle/Texas/24-008749-003/2024(H5N1)	2106	516
PB2|PP755596.1|A/cattle/Texas/24-008749-003/2024(H5N1)	2107	516
PB2|PP755596.1|A/cattle/Texas/24-008749-003/2024(H5N1)	2108	516
PB2|PP755596.1|A/cattle/Texas/24-008749-003/2024(H5N1)	2109	523
PB2|PP755596.1|A/cattle/Texas/24-008749-003/2024(H5N1)	2110	521
PB2|PP755596.1|A/cattle/Texas/24-008749-003/2024(H5N1)	2111	520
PB2|PP755596.1|A/cattle/Texas/24-008749-003/2024(H5N1)	2112	519
PB2|PP755596.1|A/cattle/Texas/24-008749-003/2024(H5N1)	2113	519
PB2|PP755596.1|A/cattle/Texas/24-008749-003/2024(H5N1)	2114	527
PB2|PP755596.1|A/cattle/Texas/24-008749-003/2024(H5N1)	2115	524
PB2|PP755596.1|A/cattle/Texas/24-008749-003/2024(H5N1)	2116	525
PB2|PP755596.1|A/cattle/Texas/24-008749-003/2024(H5N1)	2117	522
PB2|PP755596.1|A/cattle/Texas/24-008749-003/2024(H5N1)	2118	511
PB2|PP755596.1|A/cattle/Texas/24-008749-003/2024(H5N1)	2119	520
PB2|PP755596.1|A/cattle/Texas/24-008749-003/2024(H5N1)	2120	525
PB2|PP755596.1|A/cattle/Texas/24-008749-003/2024(H5N1)	2121	526
PB2|PP755596.1|A/cattle/Texas/24-008749-003/2024(H5N1)	2122	525
PB2|PP755596.1|A/cattle/Texas/24-008749-003/2024(H5N1)	2123	458
PB2|PP755596.1|A/cattle/Texas/24-008749-003/2024(H5N1)	2124	469
PB2|PP755596.1|A/cattle/Texas/24-008749-003/2024(H5N1)	2125	468
PB2|PP755596.1|A/cattle/Texas/24-008749-003/2024(H5N1)	2126	468
PB2|PP755596.1|A/cattle/Texas/24-008749-003/2024(H5N1)	2127	472
PB2|PP755596.1|A/cattle/Texas/24-008749-003/2024(H5N1)	2128	464
PB2|PP755596.1|A/cattle/Texas/24-008749-003/2024(H5N1)	2129	464
PB2|PP755596.1|A/cattle/Texas/24-008749-003/2024(H5N1)	2130	470
PB2|PP755596.1|A/cattle/Texas/24-008749-003/2024(H5N1)	2131	466
PB2|PP755596.1|A/cattle/Texas/24-008749-003/2024(H5N1)	2132	468
PB2|PP755596.1|A/cattle/Texas/24-008749-003/2024(H5N1)	2133	467
PB2|PP755596.1|A/cattle/Texas/24-008749-003/2024(H5N1)	2134	468
PB2|PP755596.1|A/cattle/Texas/24-008749-003/2024(H5N1)	2135	462
PB2|PP755596.1|A/cattle/Texas/24-008749-003/2024(H5N1)	2136	464
PB2|PP755596.1|A/cattle/Texas/24-008749-003/2024(H5N1)	2137	464
PB2|PP755596.1|A/cattle/Texas/24-008749-003/2024(H5N1)	2138	461
PB2|PP755596.1|A/cattle/Texas/24-008749-003/2024(H5N1)	2139	459
PB2|PP755596.1|A/cattle/Texas/24-008749-003/2024(H5N1)	2140	456
PB2|PP755596.1|A/cattle/Texas/24-008749-003/2024(H5N1)	2141	456
PB2|PP755596.1|A/cattle/Texas/24-008749-003/2024(H5N1)	2142	444
PB2|PP755596.1|A/cattle/Texas/24-008749-003/2024(H5N1)	2143	438
PB2|PP755596.1|A/cattle/Texas/24-008749-003/2024(H5N1)	2144	438
PB2|PP755596.1|A/cattle/Texas/24-008749-003/2024(H5N1)	2145	432
PB2|PP755596.1|A/cattle/Texas/24-008749-003/2024(H5N1)	2146	428
PB2|PP755596.1|A/cattle/Texas/24-008749-003/2024(H5N1)	2147	426
PB2|PP755596.1|A/cattle/Texas/24-008749-003/2024(H5N1)	2148	438
PB2|PP755596.1|A/cattle/Texas/24-008749-003/2024(H5N1)	2149	450
PB2|PP755596.1|A/cattle/Texas/24-008749-003/2024(H5N1)	2150	450
PB2|PP755596.1|A/cattle/Texas/24-008749-003/2024(H5N1)	2151	450
PB2|PP755596.1|A/cattle/Texas/24-008749-003/2024(H5N1)	2152	450
PB2|PP755596.1|A/cattle/Texas/24-008749-003/2024(H5N1)	2153	438
PB2|PP755596.1|A/cattle/Texas/24-008749-003/2024(H5N1)	2154	445
PB2|PP755596.1|A/cattle/Texas/24-008749-003/2024(H5N1)	2155	448
PB2|PP755596.1|A/cattle/Texas/24-008749-003/2024(H5N1)	2156	447
PB2|PP755596.1|A/cattle/Texas/24-008749-003/2024(H5N1)	2157	444
PB2|PP755596.1|A/cattle/Texas/24-008749-003/2024(H5N1)	2158	444
PB2|PP755596.1|A/cattle/Texas/24-008749-003/2024(H5N1)	2159	438
PB2|PP755596.1|A/cattle/Texas/24-008749-003/2024(H5N1)	2160	438
PB2|PP755596.1|A/cattle/Texas/24-008749-003/2024(H5N1)	2161	439
PB2|PP755596.1|A/cattle/Texas/24-008749-003/2024(H5N1)	2162	439
PB2|PP755596.1|A/cattle/Texas/24-008749-003/2024(H5N1)	2163	432
PB2|PP755596.1|A/cattle/Texas/24-008749-003/2024(H5N1)	2164	435
PB2|PP755596.1|A/cattle/Texas/24-008749-003/2024(H5N1)	2165	526
PB2|PP755596.1|A/cattle/Texas/24-008749-003/2024(H5N1)	2166	526
PB2|PP755596.1|A/cattle/Texas/24-008749-003/2024(H5N1)	2167	523
PB2|PP755596.1|A/cattle/Texas/24-008749-003/2024(H5N1)	2168	524
PB2|PP755596.1|A/cattle/Texas/24-008749-003/2024(H5N1)	2169	523
PB2|PP755596.1|A/cattle/Texas/24-008749-003/2024(H5N1)	2170	521
PB2|PP755596.1|A/cattle/Texas/24-008749-003/2024(H5N1)	2171	518
PB2|PP755596.1|A/cattle/Texas/24-008749-003/2024(H5N1)	2172	516
PB2|PP755596.1|A/cattle/Texas/24-008749-003/2024(H5N1)	2173	516
PB2|PP755596.1|A/cattle/Texas/24-008749-003/2024(H5N1)	2174	514
PB2|PP755596.1|A/cattle/Texas/24-008749-003/2024(H5N1)	2175	518
PB2|PP755596.1|A/cattle/Texas/24-008749-003/2024(H5N1)	2176	514
PB2|PP755596.1|A/cattle/Texas/24-008749-003/2024(H5N1)	2177	513
PB2|PP755596.1|A/cattle/Texas/24-008749-003/2024(H5N1)	2178	512
PB2|PP755596.1|A/cattle/Texas/24-008749-003/2024(H5N1)	2179	508
PB2|PP755596.1|A/cattle/Texas/24-008749-003/2024(H5N1)	2180	506
PB2|PP755596.1|A/cattle/Texas/24-008749-003/2024(H5N1)	2181	506
PB2|PP755596.1|A/cattle/Texas/24-008749-003/2024(H5N1)	2182	509
PB2|PP755596.1|A/cattle/Texas/24-008749-003/2024(H5N1)	2183	507
PB2|PP755596.1|A/cattle/Texas/24-008749-003/2024(H5N1)	2184	497
PB2|PP755596.1|A/cattle/Texas/24-008749-003/2024(H5N1)	2185	501
PB2|PP755596.1|A/cattle/Texas/24-008749-003/2024(H5N1)	2186	502
PB2|PP755596.1|A/cattle/Texas/24-008749-003/2024(H5N1)	2187	502
PB2|PP755596.1|A/cattle/Texas/24-008749-003/2024(H5N1)	2188	501
PB2|PP755596.1|A/cattle/Texas/24-008749-003/2024(H5N1)	2189	496
PB2|PP755596.1|A/cattle/Texas/24-008749-003/2024(H5N1)	2190	492
PB2|PP755596.1|A/cattle/Texas/24-008749-003/2024(H5N1)	2191	492
PB2|PP755596.1|A/cattle/Texas/24-008749-003/2024(H5N1)	2192	490
PB2|PP755596.1|A/cattle/Texas/24-008749-003/2024(H5N1)	2193	488
PB2|PP755596.1|A/cattle/Texas/24-008749-003/2024(H5N1)	2194	486
PB2|PP755596.1|A/cattle/Texas/24-008749-003/2024(H5N1)	2195	471
PB2|PP755596.1|A/cattle/Texas/24-008749-003/2024(H5N1)	2196	471
PB2|PP755596.1|A/cattle/Texas/24-008749-003/2024(H5N1)	2197	455
PB2|PP755596.1|A/cattle/Texas/24-008749-003/2024(H5N1)	2198	453
PB2|PP755596.1|A/cattle/Texas/24-008749-003/2024(H5N1)	2199	450
PB2|PP755596.1|A/cattle/Texas/24-008749-003/2024(H5N1)	2200	449
PB2|PP755596.1|A/cattle/Texas/24-008749-003/2024(H5N1)	2201	448
PB2|PP755596.1|A/cattle/Texas/24-008749-003/2024(H5N1)	2202	442
PB2|PP755596.1|A/cattle/Texas/24-008749-003/2024(H5N1)	2203	442
PB2|PP755596.1|A/cattle/Texas/24-008749-003/2024(H5N1)	2204	434
PB2|PP755596.1|A/cattle/Texas/24-008749-003/2024(H5N1)	2205	430
PB2|PP755596.1|A/cattle/Texas/24-008749-003/2024(H5N1)	2206	429
PB2|PP755596.1|A/cattle/Texas/24-008749-003/2024(H5N1)	2207	428
PB2|PP755596.1|A/cattle/Texas/24-008749-003/2024(H5N1)	2208	428
PB2|PP755596.1|A/cattle/Texas/24-008749-003/2024(H5N1)	2209	423
PB2|PP755596.1|A/cattle/Texas/24-008749-003/2024(H5N1)	2210	423
PB2|PP755596.1|A/cattle/Texas/24-008749-003/2024(H5N1)	2211	422
PB2|PP755596.1|A/cattle/Texas/24-008749-003/2024(H5N1)	2212	422
PB2|PP755596.1|A/cattle/Texas/24-008749-003/2024(H5N1)	2213	422
PB2|PP755596.1|A/cattle/Texas/24-008749-003/2024(H5N1)	2214	421
PB2|PP755596.1|A/cattle/Texas/24-008749-003/2024(H5N1)	2215	420
PB2|PP755596.1|A/cattle/Texas/24-008749-003/2024(H5N1)	2216	418
PB2|PP755596.1|A/cattle/Texas/24-008749-003/2024(H5N1)	2217	420
PB2|PP755596.1|A/cattle/Texas/24-008749-003/2024(H5N1)	2218	420
PB2|PP755596.1|A/cattle/Texas/24-008749-003/2024(H5N1)	2219	415
PB2|PP755596.1|A/cattle/Texas/24-008749-003/2024(H5N1)	2220	417
PB2|PP755596.1|A/cattle/Texas/24-008749-003/2024(H5N1)	2221	416
PB2|PP755596.1|A/cattle/Texas/24-008749-003/2024(H5N1)	2222	424
PB2|PP755596.1|A/cattle/Texas/24-008749-003/2024(H5N1)	2223	424
PB2|PP755596.1|A/cattle/Texas/24-008749-003/2024(H5N1)	2224	424
PB2|PP755596.1|A/cattle/Texas/24-008749-003/2024(H5N1)	2225	424
PB2|PP755596.1|A/cattle/Texas/24-008749-003/2024(H5N1)	2226	417
PB2|PP755596.1|A/cattle/Texas/24-008749-003/2024(H5N1)	2227	417
PB2|PP755596.1|A/cattle/Texas/24-008749-003/2024(H5N1)	2228	413
PB2|PP755596.1|A/cattle/Texas/24-008749-003/2024(H5N1)	2229	404
PB2|PP755596.1|A/cattle/Texas/24-008749-003/2024(H5N1)	2230	406
PB2|PP755596.1|A/cattle/Texas/24-008749-003/2024(H5N1)	2231	364
PB2|PP755596.1|A/cattle/Texas/24-008749-003/2024(H5N1)	2232	362
PB2|PP755596.1|A/cattle/Texas/24-008749-003/2024(H5N1)	2233	354
PB2|PP755596.1|A/cattle/Texas/24-008749-003/2024(H5N1)	2234	354
PB2|PP755596.1|A/cattle/Texas/24-008749-003/2024(H5N1)	2235	354
PB2|PP755596.1|A/cattle/Texas/24-008749-003/2024(H5N1)	2236	354
PB2|PP755596.1|A/cattle/Texas/24-008749-003/2024(H5N1)	2237	347
PB2|PP755596.1|A/cattle/Texas/24-008749-003/2024(H5N1)	2238	347
PB2|PP755596.1|A/cattle/Texas/24-008749-003/2024(H5N1)	2239	333
PB2|PP755596.1|A/cattle/Texas/24-008749-003/2024(H5N1)	2240	335
PB2|PP755596.1|A/cattle/Texas/24-008749-003/2024(H5N1)	2241	335
PB2|PP755596.1|A/cattle/Texas/24-008749-003/2024(H5N1)	2242	333
PB2|PP755596.1|A/cattle/Texas/24-008749-003/2024(H5N1)	2243	329
PB2|PP755596.1|A/cattle/Texas/24-008749-003/2024(H5N1)	2244	329
PB2|PP755596.1|A/cattle/Texas/24-008749-003/2024(H5N1)	2245	329
PB2|PP755596.1|A/cattle/Texas/24-008749-003/2024(H5N1)	2246	327
PB2|PP755596.1|A/cattle/Texas/24-008749-003/2024(H5N1)	2247	306
PB2|PP755596.1|A/cattle/Texas/24-008749-003/2024(H5N1)	2248	306
PB2|PP755596.1|A/cattle/Texas/24-008749-003/2024(H5N1)	2249	289
PB2|PP755596.1|A/cattle/Texas/24-008749-003/2024(H5N1)	2250	289
PB2|PP755596.1|A/cattle/Texas/24-008749-003/2024(H5N1)	2251	288
PB2|PP755596.1|A/cattle/Texas/24-008749-003/2024(H5N1)	2252	287
PB2|PP755596.1|A/cattle/Texas/24-008749-003/2024(H5N1)	2253	284
PB2|PP755596.1|A/cattle/Texas/24-008749-003/2024(H5N1)	2254	284
PB2|PP755596.1|A/cattle/Texas/24-008749-003/2024(H5N1)	2255	284
PB2|PP755596.1|A/cattle/Texas/24-008749-003/2024(H5N1)	2256	284
PB2|PP755596.1|A/cattle/Texas/24-008749-003/2024(H5N1)	2257	281
PB2|PP755596.1|A/cattle/Texas/24-008749-003/2024(H5N1)	2258	287
PB2|PP755596.1|A/cattle/Texas/24-008749-003/2024(H5N1)	2259	286
PB2|PP755596.1|A/cattle/Texas/24-008749-003/2024(H5N1)	2260	278
PB2|PP755596.1|A/cattle/Texas/24-008749-003/2024(H5N1)	2261	277
PB2|PP755596.1|A/cattle/Texas/24-008749-003/2024(H5N1)	2262	277
PB2|PP755596.1|A/cattle/Texas/24-008749-003/2024(H5N1)	2263	277
PB2|PP755596.1|A/cattle/Texas/24-008749-003/2024(H5N1)	2264	277
PB2|PP755596.1|A/cattle/Texas/24-008749-003/2024(H5N1)	2265	267
PB2|PP755596.1|A/cattle/Texas/24-008749-003/2024(H5N1)	2266	267
PB2|PP755596.1|A/cattle/Texas/24-008749-003/2024(H5N1)	2267	254
PB2|PP755596.1|A/cattle/Texas/24-008749-003/2024(H5N1)	2268	250
PB2|PP755596.1|A/cattle/Texas/24-008749-003/2024(H5N1)	2269	250
PB2|PP755596.1|A/cattle/Texas/24-008749-003/2024(H5N1)	2270	242
PB2|PP755596.1|A/cattle/Texas/24-008749-003/2024(H5N1)	2271	242
PB2|PP755596.1|A/cattle/Texas/24-008749-003/2024(H5N1)	2272	242
PB2|PP755596.1|A/cattle/Texas/24-008749-003/2024(H5N1)	2273	241
PB2|PP755596.1|A/cattle/Texas/24-008749-003/2024(H5N1)	2274	231
PB2|PP755596.1|A/cattle/Texas/24-008749-003/2024(H5N1)	2275	229
PB2|PP755596.1|A/cattle/Texas/24-008749-003/2024(H5N1)	2276	229
PB2|PP755596.1|A/cattle/Texas/24-008749-003/2024(H5N1)	2277	228
PB2|PP755596.1|A/cattle/Texas/24-008749-003/2024(H5N1)	2278	222
PB2|PP755596.1|A/cattle/Texas/24-008749-003/2024(H5N1)	2279	211
PB2|PP755596.1|A/cattle/Texas/24-008749-003/2024(H5N1)	2280	210
