PA|PP755594.1|A/cattle/Texas/24-008749-003/2024(H5N1)	1	414
PA|PP755594.1|A/cattle/Texas/24-008749-003/2024(H5N1)	2	416
PA|PP755594.1|A/cattle/Texas/24-008749-003/2024(H5N1)	3	433
PA|PP755594.1|A/cattle/Texas/24-008749-003/2024(H5N1)	4	549
PA|PP755594.1|A/cattle/Texas/24-008749-003/2024(H5N1)	5	549
PA|PP755594.1|A/cattle/Texas/24-008749-003/2024(H5N1)	6	555
PA|PP755594.1|A/cattle/Texas/24-008749-003/2024(H5N1)	7	588
PA|PP755594.1|A/cattle/Texas/24-008749-003/2024(H5N1)	8	664
PA|PP755594.1|A/cattle/Texas/24-008749-003/2024(H5N1)	9	798
PA|PP755594.1|A/cattle/Texas/24-008749-003/2024(H5N1)	10	803
PA|PP755594.1|A/cattle/Texas/24-008749-003/2024(H5N1)	11	1166
PA|PP755594.1|A/cattle/Texas/24-008749-003/2024(H5N1)	12	1166
PA|PP755594.1|A/cattle/Texas/24-008749-003/2024(H5N1)	13	1573
PA|PP755594.1|A/cattle/Texas/24-008749-003/2024(H5N1)	14	1576
PA|PP755594.1|A/cattle/Texas/24-008749-003/2024(H5N1)	15	1586
PA|PP755594.1|A/cattle/Texas/24-008749-003/2024(H5N1)	16	1864
PA|PP755594.1|A/cattle/Texas/24-008749-003/2024(H5N1)	17	1870
PA|PP755594.1|A/cattle/Texas/24-008749-003/2024(H5N1)	18	2235
PA|PP755594.1|A/cattle/Texas/24-008749-003/2024(H5N1)	19	2356
PA|PP755594.1|A/cattle/Texas/24-008749-003/2024(H5N1)	20	2360
PA|PP755594.1|A/cattle/Texas/24-008749-003/2024(H5N1)	21	2513
PA|PP755594.1|A/cattle/Texas/24-008749-003/2024(H5N1)	22	2630
PA|PP755594.1|A/cattle/Texas/24-008749-003/2024(H5N1)	23	3368
PA|PP755594.1|A/cattle/Texas/24-008749-003/2024(H5N1)	24	3763
PA|PP755594.1|A/cattle/Texas/24-008749-003/2024(H5N1)	25	3774
PA|PP755594.1|A/cattle/Texas/24-008749-003/2024(H5N1)	26	3788
PA|PP755594.1|A/cattle/Texas/24-008749-003/2024(H5N1)	27	3799
PA|PP755594.1|A/cattle/Texas/24-008749-003/2024(H5N1)	28	3851
PA|PP755594.1|A/cattle/Texas/24-008749-003/2024(H5N1)	29	4583
PA|PP755594.1|A/cattle/Texas/24-008749-003/2024(H5N1)	30	4636
PA|PP755594.1|A/cattle/Texas/24-008749-003/2024(H5N1)	31	4641
PA|PP755594.1|A/cattle/Texas/24-008749-003/2024(H5N1)	32	4663
PA|PP755594.1|A/cattle/Texas/24-008749-003/2024(H5N1)	33	4741
PA|PP755594.1|A/cattle/Texas/24-008749-003/2024(H5N1)	34	4780
PA|PP755594.1|A/cattle/Texas/24-008749-003/2024(H5N1)	35	4942
PA|PP755594.1|A/cattle/Texas/24-008749-003/2024(H5N1)	36	4967
PA|PP755594.1|A/cattle/Texas/24-008749-003/2024(H5N1)	37	5070
PA|PP755594.1|A/cattle/Texas/24-008749-003/2024(H5N1)	38	5188
PA|PP755594.1|A/cattle/Texas/24-008749-003/2024(H5N1)	39	5221
PA|PP755594.1|A/cattle/Texas/24-008749-003/2024(H5N1)	40	5238
PA|PP755594.1|A/cattle/Texas/24-008749-003/2024(H5N1)	41	5315
PA|PP755594.1|A/cattle/Texas/24-008749-003/2024(H5N1)	42	5333
PA|PP755594.1|A/cattle/Texas/24-008749-003/2024(H5N1)	43	5288
PA|PP755594.1|A/cattle/Texas/24-008749-003/2024(H5N1)	44	5536
PA|PP755594.1|A/cattle/Texas/24-008749-003/2024(H5N1)	45	5539
PA|PP755594.1|A/cattle/Texas/24-008749-003/2024(H5N1)	46	5579
PA|PP755594.1|A/cattle/Texas/24-008749-003/2024(H5N1)	47	5590
PA|PP755594.1|A/cattle/Texas/24-008749-003/2024(H5N1)	48	5654
PA|PP755594.1|A/cattle/Texas/24-008749-003/2024(H5N1)	49	5674
PA|PP755594.1|A/cattle/Texas/24-008749-003/2024(H5N1)	50	5725
PA|PP755594.1|A/cattle/Texas/24-008749-003/2024(H5N1)	51	5769
PA|PP755594.1|A/cattle/Texas/24-008749-003/2024(H5N1)	52	5797
PA|PP755594.1|A/cattle/Texas/24-008749-003/2024(H5N1)	53	5810
PA|PP755594.1|A/cattle/Texas/24-008749-003/2024(H5N1)	54	5826
PA|PP755594.1|A/cattle/Texas/24-008749-003/2024(H5N1)	55	5830
PA|PP755594.1|A/cattle/Texas/24-008749-003/2024(H5N1)	56	5855
PA|PP755594.1|A/cattle/Texas/24-008749-003/2024(H5N1)	57	5874
PA|PP755594.1|A/cattle/Texas/24-008749-003/2024(H5N1)	58	5984
PA|PP755594.1|A/cattle/Texas/24-008749-003/2024(H5N1)	59	6209
PA|PP755594.1|A/cattle/Texas/24-008749-003/2024(H5N1)	60	6213
PA|PP755594.1|A/cattle/Texas/24-008749-003/2024(H5N1)	61	6310
PA|PP755594.1|A/cattle/Texas/24-008749-003/2024(H5N1)	62	6331
PA|PP755594.1|A/cattle/Texas/24-008749-003/2024(H5N1)	63	6416
PA|PP755594.1|A/cattle/Texas/24-008749-003/2024(H5N1)	64	6509
PA|PP755594.1|A/cattle/Texas/24-008749-003/2024(H5N1)	65	6524
PA|PP755594.1|A/cattle/Texas/24-008749-003/2024(H5N1)	66	6530
PA|PP755594.1|A/cattle/Texas/24-008749-003/2024(H5N1)	67	6757
PA|PP755594.1|A/cattle/Texas/24-008749-003/2024(H5N1)	68	6971
PA|PP755594.1|A/cattle/Texas/24-008749-003/2024(H5N1)	69	7370
PA|PP755594.1|A/cattle/Texas/24-008749-003/2024(H5N1)	70	7420
PA|PP755594.1|A/cattle/Texas/24-008749-003/2024(H5N1)	71	7443
PA|PP755594.1|A/cattle/Texas/24-008749-003/2024(H5N1)	72	7875
PA|PP755594.1|A/cattle/Texas/24-008749-003/2024(H5N1)	73	7888
PA|PP755594.1|A/cattle/Texas/24-008749-003/2024(H5N1)	74	8018
PA|PP755594.1|A/cattle/Texas/24-008749-003/2024(H5N1)	75	8024
PA|PP755594.1|A/cattle/Texas/24-008749-003/2024(H5N1)	76	8009
PA|PP755594.1|A/cattle/Texas/24-008749-003/2024(H5N1)	77	8018
PA|PP755594.1|A/cattle/Texas/24-008749-003/2024(H5N1)	78	7931
PA|PP755594.1|A/cattle/Texas/24-008749-003/2024(H5N1)	79	7964
PA|PP755594.1|A/cattle/Texas/24-008749-003/2024(H5N1)	80	7998
PA|PP755594.1|A/cattle/Texas/24-008749-003/2024(H5N1)	81	8070
PA|PP755594.1|A/cattle/Texas/24-008749-003/2024(H5N1)	82	8332
PA|PP755594.1|A/cattle/Texas/24-008749-003/2024(H5N1)	83	8477
PA|PP755594.1|A/cattle/Texas/24-008749-003/2024(H5N1)	84	8476
PA|PP755594.1|A/cattle/Texas/24-008749-003/2024(H5N1)	85	8475
PA|PP755594.1|A/cattle/Texas/24-008749-003/2024(H5N1)	86	8485
PA|PP755594.1|A/cattle/Texas/24-008749-003/2024(H5N1)	87	8589
PA|PP755594.1|A/cattle/Texas/24-008749-003/2024(H5N1)	88	8663
PA|PP755594.1|A/cattle/Texas/24-008749-003/2024(H5N1)	89	8677
PA|PP755594.1|A/cattle/Texas/24-008749-003/2024(H5N1)	90	8667
PA|PP755594.1|A/cattle/Texas/24-008749-003/2024(H5N1)	91	8668
PA|PP755594.1|A/cattle/Texas/24-008749-003/2024(H5N1)	92	8704
PA|PP755594.1|A/cattle/Texas/24-008749-003/2024(H5N1)	93	8707
PA|PP755594.1|A/cattle/Texas/24-008749-003/2024(H5N1)	94	9755
PA|PP755594.1|A/cattle/Texas/24-008749-003/2024(H5N1)	95	9915
PA|PP755594.1|A/cattle/Texas/24-008749-003/2024(H5N1)	96	9929
PA|PP755594.1|A/cattle/Texas/24-008749-003/2024(H5N1)	97	10100
PA|PP755594.1|A/cattle/Texas/24-008749-003/2024(H5N1)	98	10106
PA|PP755594.1|A/cattle/Texas/24-008749-003/2024(H5N1)	99	10412
PA|PP755594.1|A/cattle/Texas/24-008749-003/2024(H5N1)	100	10388
PA|PP755594.1|A/cattle/Texas/24-008749-003/2024(H5N1)	101	10396
PA|PP755594.1|A/cattle/Texas/24-008749-003/2024(H5N1)	102	10395
PA|PP755594.1|A/cattle/Texas/24-008749-003/2024(H5N1)	103	10386
PA|PP755594.1|A/cattle/Texas/24-008749-003/2024(H5N1)	104	10370
PA|PP755594.1|A/cattle/Texas/24-008749-003/2024(H5N1)	105	10328
PA|PP755594.1|A/cattle/Texas/24-008749-003/2024(H5N1)	106	10323
PA|PP755594.1|A/cattle/Texas/24-008749-003/2024(H5N1)	107	10359
PA|PP755594.1|A/cattle/Texas/24-008749-003/2024(H5N1)	108	10347
PA|PP755594.1|A/cattle/Texas/24-008749-003/2024(H5N1)	109	10370
PA|PP755594.1|A/cattle/Texas/24-008749-003/2024(H5N1)	110	10414
PA|PP755594.1|A/cattle/Texas/24-008749-003/2024(H5N1)	111	10466
PA|PP755594.1|A/cattle/Texas/24-008749-003/2024(H5N1)	112	10562
PA|PP755594.1|A/cattle/Texas/24-008749-003/2024(H5N1)	113	10616
PA|PP755594.1|A/cattle/Texas/24-008749-003/2024(H5N1)	114	10896
PA|PP755594.1|A/cattle/Texas/24-008749-003/2024(H5N1)	115	10928
PA|PP755594.1|A/cattle/Texas/24-008749-003/2024(H5N1)	116	10927
PA|PP755594.1|A/cattle/Texas/24-008749-003/2024(H5N1)	117	11016
PA|PP755594.1|A/cattle/Texas/24-008749-003/2024(H5N1)	118	11021
PA|PP755594.1|A/cattle/Texas/24-008749-003/2024(H5N1)	119	11021
PA|PP755594.1|A/cattle/Texas/24-008749-003/2024(H5N1)	120	10982
PA|PP755594.1|A/cattle/Texas/24-008749-003/2024(H5N1)	121	11291
PA|PP755594.1|A/cattle/Texas/24-008749-003/2024(H5N1)	122	11254
PA|PP755594.1|A/cattle/Texas/24-008749-003/2024(H5N1)	123	11410
PA|PP755594.1|A/cattle/Texas/24-008749-003/2024(H5N1)	124	11258
PA|PP755594.1|A/cattle/Texas/24-008749-003/2024(H5N1)	125	11264
PA|PP755594.1|A/cattle/Texas/24-008749-003/2024(H5N1)	126	11258
PA|PP755594.1|A/cattle/Texas/24-008749-003/2024(H5N1)	127	11271
PA|PP755594.1|A/cattle/Texas/24-008749-003/2024(H5N1)	128	11320
PA|PP755594.1|A/cattle/Texas/24-008749-003/2024(H5N1)	129	11335
PA|PP755594.1|A/cattle/Texas/24-008749-003/2024(H5N1)	130	11183
PA|PP755594.1|A/cattle/Texas/24-008749-003/2024(H5N1)	131	11167
PA|PP755594.1|A/cattle/Texas/24-008749-003/2024(H5N1)	132	11129
PA|PP755594.1|A/cattle/Texas/24-008749-003/2024(H5N1)	133	10966
PA|PP755594.1|A/cattle/Texas/24-008749-003/2024(H5N1)	134	11261
PA|PP755594.1|A/cattle/Texas/24-008749-003/2024(H5N1)	135	11267
PA|PP755594.1|A/cattle/Texas/24-008749-003/2024(H5N1)	136	11301
PA|PP755594.1|A/cattle/Texas/24-008749-003/2024(H5N1)	137	11303
PA|PP755594.1|A/cattle/Texas/24-008749-003/2024(H5N1)	138	11612
PA|PP755594.1|A/cattle/Texas/24-008749-003/2024(H5N1)	139	11679
PA|PP755594.1|A/cattle/Texas/24-008749-003/2024(H5N1)	140	11695
PA|PP755594.1|A/cattle/Texas/24-008749-003/2024(H5N1)	141	12356
PA|PP755594.1|A/cattle/Texas/24-008749-003/2024(H5N1)	142	12350
PA|PP755594.1|A/cattle/Texas/24-008749-003/2024(H5N1)	143	12383
PA|PP755594.1|A/cattle/Texas/24-008749-003/2024(H5N1)	144	12367
PA|PP755594.1|A/cattle/Texas/24-008749-003/2024(H5N1)	145	12384
PA|PP755594.1|A/cattle/Texas/24-008749-003/2024(H5N1)	146	12404
PA|PP755594.1|A/cattle/Texas/24-008749-003/2024(H5N1)	147	12410
PA|PP755594.1|A/cattle/Texas/24-008749-003/2024(H5N1)	148	12723
PA|PP755594.1|A/cattle/Texas/24-008749-003/2024(H5N1)	149	12733
PA|PP755594.1|A/cattle/Texas/24-008749-003/2024(H5N1)	150	12673
PA|PP755594.1|A/cattle/Texas/24-008749-003/2024(H5N1)	151	12680
PA|PP755594.1|A/cattle/Texas/24-008749-003/2024(H5N1)	152	12663
PA|PP755594.1|A/cattle/Texas/24-008749-003/2024(H5N1)	153	12899
PA|PP755594.1|A/cattle/Texas/24-008749-003/2024(H5N1)	154	12912
PA|PP755594.1|A/cattle/Texas/24-008749-003/2024(H5N1)	155	12928
PA|PP755594.1|A/cattle/Texas/24-008749-003/2024(H5N1)	156	12933
PA|PP755594.1|A/cattle/Texas/24-008749-003/2024(H5N1)	157	12877
PA|PP755594.1|A/cattle/Texas/24-008749-003/2024(H5N1)	158	12952
PA|PP755594.1|A/cattle/Texas/24-008749-003/2024(H5N1)	159	12908
PA|PP755594.1|A/cattle/Texas/24-008749-003/2024(H5N1)	160	12891
PA|PP755594.1|A/cattle/Texas/24-008749-003/2024(H5N1)	161	12887
PA|PP755594.1|A/cattle/Texas/24-008749-003/2024(H5N1)	162	12596
PA|PP755594.1|A/cattle/Texas/24-008749-003/2024(H5N1)	163	12657
PA|PP755594.1|A/cattle/Texas/24-008749-003/2024(H5N1)	164	12355
PA|PP755594.1|A/cattle/Texas/24-008749-003/2024(H5N1)	165	12426
PA|PP755594.1|A/cattle/Texas/24-008749-003/2024(H5N1)	166	12456
PA|PP755594.1|A/cattle/Texas/24-008749-003/2024(H5N1)	167	12418
PA|PP755594.1|A/cattle/Texas/24-008749-003/2024(H5N1)	168	12426
PA|PP755594.1|A/cattle/Texas/24-008749-003/2024(H5N1)	169	12087
PA|PP755594.1|A/cattle/Texas/24-008749-003/2024(H5N1)	170	12087
PA|PP755594.1|A/cattle/Texas/24-008749-003/2024(H5N1)	171	12268
PA|PP755594.1|A/cattle/Texas/24-008749-003/2024(H5N1)	172	12159
PA|PP755594.1|A/cattle/Texas/24-008749-003/2024(H5N1)	173	12094
PA|PP755594.1|A/cattle/Texas/24-008749-003/2024(H5N1)	174	11188
PA|PP755594.1|A/cattle/Texas/24-008749-003/2024(H5N1)	175	11360
PA|PP755594.1|A/cattle/Texas/24-008749-003/2024(H5N1)	176	11431
PA|PP755594.1|A/cattle/Texas/24-008749-003/2024(H5N1)	177	11542
PA|PP755594.1|A/cattle/Texas/24-008749-003/2024(H5N1)	178	11536
PA|PP755594.1|A/cattle/Texas/24-008749-003/2024(H5N1)	179	11024
PA|PP755594.1|A/cattle/Texas/24-008749-003/2024(H5N1)	180	10933
PA|PP755594.1|A/cattle/Texas/24-008749-003/2024(H5N1)	181	10921
PA|PP755594.1|A/cattle/Texas/24-008749-003/2024(H5N1)	182	11034
PA|PP755594.1|A/cattle/Texas/24-008749-003/2024(H5N1)	183	11029
PA|PP755594.1|A/cattle/Texas/24-008749-003/2024(H5N1)	184	10950
PA|PP755594.1|A/cattle/Texas/24-008749-003/2024(H5N1)	185	11180
PA|PP755594.1|A/cattle/Texas/24-008749-003/2024(H5N1)	186	11056
PA|PP755594.1|A/cattle/Texas/24-008749-003/2024(H5N1)	187	11108
PA|PP755594.1|A/cattle/Texas/24-008749-003/2024(H5N1)	188	11080
PA|PP755594.1|A/cattle/Texas/24-008749-003/2024(H5N1)	189	11001
PA|PP755594.1|A/cattle/Texas/24-008749-003/2024(H5N1)	190	11034
PA|PP755594.1|A/cattle/Texas/24-008749-003/2024(H5N1)	191	11086
PA|PP755594.1|A/cattle/Texas/24-008749-003/2024(H5N1)	192	11109
PA|PP755594.1|A/cattle/Texas/24-008749-003/2024(H5N1)	193	11080
PA|PP755594.1|A/cattle/Texas/24-008749-003/2024(H5N1)	194	10718
PA|PP755594.1|A/cattle/Texas/24-008749-003/2024(H5N1)	195	10753
PA|PP755594.1|A/cattle/Texas/24-008749-003/2024(H5N1)	196	10697
PA|PP755594.1|A/cattle/Texas/24-008749-003/2024(H5N1)	197	10697
PA|PP755594.1|A/cattle/Texas/24-008749-003/2024(H5N1)	198	10703
PA|PP755594.1|A/cattle/Texas/24-008749-003/2024(H5N1)	199	10616
PA|PP755594.1|A/cattle/Texas/24-008749-003/2024(H5N1)	200	10798
PA|PP755594.1|A/cattle/Texas/24-008749-003/2024(H5N1)	201	10819
PA|PP755594.1|A/cattle/Texas/24-008749-003/2024(H5N1)	202	10792
PA|PP755594.1|A/cattle/Texas/24-008749-003/2024(H5N1)	203	10785
PA|PP755594.1|A/cattle/Texas/24-008749-003/2024(H5N1)	204	10771
PA|PP755594.1|A/cattle/Texas/24-008749-003/2024(H5N1)	205	10797
PA|PP755594.1|A/cattle/Texas/24-008749-003/2024(H5N1)	206	10838
PA|PP755594.1|A/cattle/Texas/24-008749-003/2024(H5N1)	207	10823
PA|PP755594.1|A/cattle/Texas/24-008749-003/2024(H5N1)	208	10915
PA|PP755594.1|A/cattle/Texas/24-008749-003/2024(H5N1)	209	10725
PA|PP755594.1|A/cattle/Texas/24-008749-003/2024(H5N1)	210	10568
PA|PP755594.1|A/cattle/Texas/24-008749-003/2024(H5N1)	211	10561
PA|PP755594.1|A/cattle/Texas/24-008749-003/2024(H5N1)	212	10481
PA|PP755594.1|A/cattle/Texas/24-008749-003/2024(H5N1)	213	10592
PA|PP755594.1|A/cattle/Texas/24-008749-003/2024(H5N1)	214	10609
PA|PP755594.1|A/cattle/Texas/24-008749-003/2024(H5N1)	215	10559
PA|PP755594.1|A/cattle/Texas/24-008749-003/2024(H5N1)	216	10554
PA|PP755594.1|A/cattle/Texas/24-008749-003/2024(H5N1)	217	10284
PA|PP755594.1|A/cattle/Texas/24-008749-003/2024(H5N1)	218	10148
PA|PP755594.1|A/cattle/Texas/24-008749-003/2024(H5N1)	219	10154
PA|PP755594.1|A/cattle/Texas/24-008749-003/2024(H5N1)	220	9966
PA|PP755594.1|A/cattle/Texas/24-008749-003/2024(H5N1)	221	9938
PA|PP755594.1|A/cattle/Texas/24-008749-003/2024(H5N1)	222	9933
PA|PP755594.1|A/cattle/Texas/24-008749-003/2024(H5N1)	223	9283
PA|PP755594.1|A/cattle/Texas/24-008749-003/2024(H5N1)	224	9334
PA|PP755594.1|A/cattle/Texas/24-008749-003/2024(H5N1)	225	9333
PA|PP755594.1|A/cattle/Texas/24-008749-003/2024(H5N1)	226	9511
PA|PP755594.1|A/cattle/Texas/24-008749-003/2024(H5N1)	227	9538
PA|PP755594.1|A/cattle/Texas/24-008749-003/2024(H5N1)	228	9502
PA|PP755594.1|A/cattle/Texas/24-008749-003/2024(H5N1)	229	9516
PA|PP755594.1|A/cattle/Texas/24-008749-003/2024(H5N1)	230	9470
PA|PP755594.1|A/cattle/Texas/24-008749-003/2024(H5N1)	231	9466
PA|PP755594.1|A/cattle/Texas/24-008749-003/2024(H5N1)	232	9421
PA|PP755594.1|A/cattle/Texas/24-008749-003/2024(H5N1)	233	9011
PA|PP755594.1|A/cattle/Texas/24-008749-003/2024(H5N1)	234	8780
PA|PP755594.1|A/cattle/Texas/24-008749-003/2024(H5N1)	235	8878
PA|PP755594.1|A/cattle/Texas/24-008749-003/2024(H5N1)	236	8886
PA|PP755594.1|A/cattle/Texas/24-008749-003/2024(H5N1)	237	8886
PA|PP755594.1|A/cattle/Texas/24-008749-003/2024(H5N1)	238	8799
PA|PP755594.1|A/cattle/Texas/24-008749-003/2024(H5N1)	239	8694
PA|PP755594.1|A/cattle/Texas/24-008749-003/2024(H5N1)	240	8677
PA|PP755594.1|A/cattle/Texas/24-008749-003/2024(H5N1)	241	8806
PA|PP755594.1|A/cattle/Texas/24-008749-003/2024(H5N1)	242	8784
PA|PP755594.1|A/cattle/Texas/24-008749-003/2024(H5N1)	243	8767
PA|PP755594.1|A/cattle/Texas/24-008749-003/2024(H5N1)	244	7202
PA|PP755594.1|A/cattle/Texas/24-008749-003/2024(H5N1)	245	7200
PA|PP755594.1|A/cattle/Texas/24-008749-003/2024(H5N1)	246	6982
PA|PP755594.1|A/cattle/Texas/24-008749-003/2024(H5N1)	247	6969
PA|PP755594.1|A/cattle/Texas/24-008749-003/2024(H5N1)	248	6739
PA|PP755594.1|A/cattle/Texas/24-008749-003/2024(H5N1)	249	6751
PA|PP755594.1|A/cattle/Texas/24-008749-003/2024(H5N1)	250	6109
PA|PP755594.1|A/cattle/Texas/24-008749-003/2024(H5N1)	251	6105
PA|PP755594.1|A/cattle/Texas/24-008749-003/2024(H5N1)	252	6100
PA|PP755594.1|A/cattle/Texas/24-008749-003/2024(H5N1)	253	6113
PA|PP755594.1|A/cattle/Texas/24-008749-003/2024(H5N1)	254	6112
PA|PP755594.1|A/cattle/Texas/24-008749-003/2024(H5N1)	255	6089
PA|PP755594.1|A/cattle/Texas/24-008749-003/2024(H5N1)	256	6083
PA|PP755594.1|A/cattle/Texas/24-008749-003/2024(H5N1)	257	6045
PA|PP755594.1|A/cattle/Texas/24-008749-003/2024(H5N1)	258	6290
PA|PP755594.1|A/cattle/Texas/24-008749-003/2024(H5N1)	259	6293
PA|PP755594.1|A/cattle/Texas/24-008749-003/2024(H5N1)	260	6220
PA|PP755594.1|A/cattle/Texas/24-008749-003/2024(H5N1)	261	6188
PA|PP755594.1|A/cattle/Texas/24-008749-003/2024(H5N1)	262	6124
PA|PP755594.1|A/cattle/Texas/24-008749-003/2024(H5N1)	263	6188
PA|PP755594.1|A/cattle/Texas/24-008749-003/2024(H5N1)	264	6200
PA|PP755594.1|A/cattle/Texas/24-008749-003/2024(H5N1)	265	6170
PA|PP755594.1|A/cattle/Texas/24-008749-003/2024(H5N1)	266	6167
PA|PP755594.1|A/cattle/Texas/24-008749-003/2024(H5N1)	267	5390
PA|PP755594.1|A/cattle/Texas/24-008749-003/2024(H5N1)	268	5604
PA|PP755594.1|A/cattle/Texas/24-008749-003/2024(H5N1)	269	5516
PA|PP755594.1|A/cattle/Texas/24-008749-003/2024(H5N1)	270	5631
PA|PP755594.1|A/cattle/Texas/24-008749-003/2024(H5N1)	271	5644
PA|PP755594.1|A/cattle/Texas/24-008749-003/2024(H5N1)	272	5381
PA|PP755594.1|A/cattle/Texas/24-008749-003/2024(H5N1)	273	5395
PA|PP755594.1|A/cattle/Texas/24-008749-003/2024(H5N1)	274	5364
PA|PP755594.1|A/cattle/Texas/24-008749-003/2024(H5N1)	275	5371
PA|PP755594.1|A/cattle/Texas/24-008749-003/2024(H5N1)	276	5371
PA|PP755594.1|A/cattle/Texas/24-008749-003/2024(H5N1)	277	5101
PA|PP755594.1|A/cattle/Texas/24-008749-003/2024(H5N1)	278	5151
PA|PP755594.1|A/cattle/Texas/24-008749-003/2024(H5N1)	279	5040
PA|PP755594.1|A/cattle/Texas/24-008749-003/2024(H5N1)	280	5044
PA|PP755594.1|A/cattle/Texas/24-008749-003/2024(H5N1)	281	5035
PA|PP755594.1|A/cattle/Texas/24-008749-003/2024(H5N1)	282	4963
PA|PP755594.1|A/cattle/Texas/24-008749-003/2024(H5N1)	283	4959
PA|PP755594.1|A/cattle/Texas/24-008749-003/2024(H5N1)	284	4956
PA|PP755594.1|A/cattle/Texas/24-008749-003/2024(H5N1)	285	5012
PA|PP755594.1|A/cattle/Texas/24-008749-003/2024(H5N1)	286	4987
PA|PP755594.1|A/cattle/Texas/24-008749-003/2024(H5N1)	287	4985
PA|PP755594.1|A/cattle/Texas/24-008749-003/2024(H5N1)	288	4909
PA|PP755594.1|A/cattle/Texas/24-008749-003/2024(H5N1)	289	4869
PA|PP755594.1|A/cattle/Texas/24-008749-003/2024(H5N1)	290	4881
PA|PP755594.1|A/cattle/Texas/24-008749-003/2024(H5N1)	291	4582
PA|PP755594.1|A/cattle/Texas/24-008749-003/2024(H5N1)	292	4580
PA|PP755594.1|A/cattle/Texas/24-008749-003/2024(H5N1)	293	4537
PA|PP755594.1|A/cattle/Texas/24-008749-003/2024(H5N1)	294	4501
PA|PP755594.1|A/cattle/Texas/24-008749-003/2024(H5N1)	295	4509
PA|PP755594.1|A/cattle/Texas/24-008749-003/2024(H5N1)	296	4463
PA|PP755594.1|A/cattle/Texas/24-008749-003/2024(H5N1)	297	4416
PA|PP755594.1|A/cattle/Texas/24-008749-003/2024(H5N1)	298	4408
PA|PP755594.1|A/cattle/Texas/24-008749-003/2024(H5N1)	299	4268
PA|PP755594.1|A/cattle/Texas/24-008749-003/2024(H5N1)	300	4275
PA|PP755594.1|A/cattle/Texas/24-008749-003/2024(H5N1)	301	4275
PA|PP755594.1|A/cattle/Texas/24-008749-003/2024(H5N1)	302	4278
PA|PP755594.1|A/cattle/Texas/24-008749-003/2024(H5N1)	303	4273
PA|PP755594.1|A/cattle/Texas/24-008749-003/2024(H5N1)	304	4175
PA|PP755594.1|A/cattle/Texas/24-008749-003/2024(H5N1)	305	4158
PA|PP755594.1|A/cattle/Texas/24-008749-003/2024(H5N1)	306	4169
PA|PP755594.1|A/cattle/Texas/24-008749-003/2024(H5N1)	307	4169
PA|PP755594.1|A/cattle/Texas/24-008749-003/2024(H5N1)	308	4135
PA|PP755594.1|A/cattle/Texas/24-008749-003/2024(H5N1)	309	4128
PA|PP755594.1|A/cattle/Texas/24-008749-003/2024(H5N1)	310	4133
PA|PP755594.1|A/cattle/Texas/24-008749-003/2024(H5N1)	311	4111
PA|PP755594.1|A/cattle/Texas/24-008749-003/2024(H5N1)	312	4120
PA|PP755594.1|A/cattle/Texas/24-008749-003/2024(H5N1)	313	4122
PA|PP755594.1|A/cattle/Texas/24-008749-003/2024(H5N1)	314	4103
PA|PP755594.1|A/cattle/Texas/24-008749-003/2024(H5N1)	315	4075
PA|PP755594.1|A/cattle/Texas/24-008749-003/2024(H5N1)	316	3958
PA|PP755594.1|A/cattle/Texas/24-008749-003/2024(H5N1)	317	3738
PA|PP755594.1|A/cattle/Texas/24-008749-003/2024(H5N1)	318	3729
PA|PP755594.1|A/cattle/Texas/24-008749-003/2024(H5N1)	319	3694
PA|PP755594.1|A/cattle/Texas/24-008749-003/2024(H5N1)	320	3639
PA|PP755594.1|A/cattle/Texas/24-008749-003/2024(H5N1)	321	3595
PA|PP755594.1|A/cattle/Texas/24-008749-003/2024(H5N1)	322	5023
PA|PP755594.1|A/cattle/Texas/24-008749-003/2024(H5N1)	323	5070
PA|PP755594.1|A/cattle/Texas/24-008749-003/2024(H5N1)	324	5072
PA|PP755594.1|A/cattle/Texas/24-008749-003/2024(H5N1)	325	5510
PA|PP755594.1|A/cattle/Texas/24-008749-003/2024(H5N1)	326	5452
PA|PP755594.1|A/cattle/Texas/24-008749-003/2024(H5N1)	327	5955
PA|PP755594.1|A/cattle/Texas/24-008749-003/2024(H5N1)	328	5981
PA|PP755594.1|A/cattle/Texas/24-008749-003/2024(H5N1)	329	6016
PA|PP755594.1|A/cattle/Texas/24-008749-003/2024(H5N1)	330	6791
PA|PP755594.1|A/cattle/Texas/24-008749-003/2024(H5N1)	331	6857
PA|PP755594.1|A/cattle/Texas/24-008749-003/2024(H5N1)	332	9628
PA|PP755594.1|A/cattle/Texas/24-008749-003/2024(H5N1)	333	10168
PA|PP755594.1|A/cattle/Texas/24-008749-003/2024(H5N1)	334	10139
PA|PP755594.1|A/cattle/Texas/24-008749-003/2024(H5N1)	335	10302
PA|PP755594.1|A/cattle/Texas/24-008749-003/2024(H5N1)	336	10295
PA|PP755594.1|A/cattle/Texas/24-008749-003/2024(H5N1)	337	10841
PA|PP755594.1|A/cattle/Texas/24-008749-003/2024(H5N1)	338	10914
PA|PP755594.1|A/cattle/Texas/24-008749-003/2024(H5N1)	339	11349
PA|PP755594.1|A/cattle/Texas/24-008749-003/2024(H5N1)	340	11689
PA|PP755594.1|A/cattle/Texas/24-008749-003/2024(H5N1)	341	11344
PA|PP755594.1|A/cattle/Texas/24-008749-003/2024(H5N1)	342	12164
PA|PP755594.1|A/cattle/Texas/24-008749-003/2024(H5N1)	343	12344
PA|PP755594.1|A/cattle/Texas/24-008749-003/2024(H5N1)	344	12321
PA|PP755594.1|A/cattle/Texas/24-008749-003/2024(H5N1)	345	12339
PA|PP755594.1|A/cattle/Texas/24-008749-003/2024(H5N1)	346	12214
PA|PP755594.1|A/cattle/Texas/24-008749-003/2024(H5N1)	347	12492
PA|PP755594.1|A/cattle/Texas/24-008749-003/2024(H5N1)	348	12809
PA|PP755594.1|A/cattle/Texas/24-008749-003/2024(H5N1)	349	12748
PA|PP755594.1|A/cattle/Texas/24-008749-003/2024(H5N1)	350	12735
PA|PP755594.1|A/cattle/Texas/24-008749-003/2024(H5N1)	351	12812
PA|PP755594.1|A/cattle/Texas/24-008749-003/2024(H5N1)	352	12799
PA|PP755594.1|A/cattle/Texas/24-008749-003/2024(H5N1)	353	12891
PA|PP755594.1|A/cattle/Texas/24-008749-003/2024(H5N1)	354	12882
PA|PP755594.1|A/cattle/Texas/24-008749-003/2024(H5N1)	355	12900
PA|PP755594.1|A/cattle/Texas/24-008749-003/2024(H5N1)	356	13286
PA|PP755594.1|A/cattle/Texas/24-008749-003/2024(H5N1)	357	13487
PA|PP755594.1|A/cattle/Texas/24-008749-003/2024(H5N1)	358	13486
PA|PP755594.1|A/cattle/Texas/24-008749-003/2024(H5N1)	359	13477
PA|PP755594.1|A/cattle/Texas/24-008749-003/2024(H5N1)	360	13398
PA|PP755594.1|A/cattle/Texas/24-008749-003/2024(H5N1)	361	13504
PA|PP755594.1|A/cattle/Texas/24-008749-003/2024(H5N1)	362	13882
PA|PP755594.1|A/cattle/Texas/24-008749-003/2024(H5N1)	363	13884
PA|PP755594.1|A/cattle/Texas/24-008749-003/2024(H5N1)	364	13899
PA|PP755594.1|A/cattle/Texas/24-008749-003/2024(H5N1)	365	13790
PA|PP755594.1|A/cattle/Texas/24-008749-003/2024(H5N1)	366	13699
PA|PP755594.1|A/cattle/Texas/24-008749-003/2024(H5N1)	367	13749
PA|PP755594.1|A/cattle/Texas/24-008749-003/2024(H5N1)	368	14053
PA|PP755594.1|A/cattle/Texas/24-008749-003/2024(H5N1)	369	14096
PA|PP755594.1|A/cattle/Texas/24-008749-003/2024(H5N1)	370	14146
PA|PP755594.1|A/cattle/Texas/24-008749-003/2024(H5N1)	371	13959
PA|PP755594.1|A/cattle/Texas/24-008749-003/2024(H5N1)	372	13976
PA|PP755594.1|A/cattle/Texas/24-008749-003/2024(H5N1)	373	13973
PA|PP755594.1|A/cattle/Texas/24-008749-003/2024(H5N1)	374	14421
PA|PP755594.1|A/cattle/Texas/24-008749-003/2024(H5N1)	375	14662
PA|PP755594.1|A/cattle/Texas/24-008749-003/2024(H5N1)	376	14706
PA|PP755594.1|A/cattle/Texas/24-008749-003/2024(H5N1)	377	14283
PA|PP755594.1|A/cattle/Texas/24-008749-003/2024(H5N1)	378	14404
PA|PP755594.1|A/cattle/Texas/24-008749-003/2024(H5N1)	379	14948
PA|PP755594.1|A/cattle/Texas/24-008749-003/2024(H5N1)	380	15038
PA|PP755594.1|A/cattle/Texas/24-008749-003/2024(H5N1)	381	15097
PA|PP755594.1|A/cattle/Texas/24-008749-003/2024(H5N1)	382	15891
PA|PP755594.1|A/cattle/Texas/24-008749-003/2024(H5N1)	383	16704
PA|PP755594.1|A/cattle/Texas/24-008749-003/2024(H5N1)	384	17218
PA|PP755594.1|A/cattle/Texas/24-008749-003/2024(H5N1)	385	17202
PA|PP755594.1|A/cattle/Texas/24-008749-003/2024(H5N1)	386	17228
PA|PP755594.1|A/cattle/Texas/24-008749-003/2024(H5N1)	387	17309
PA|PP755594.1|A/cattle/Texas/24-008749-003/2024(H5N1)	388	18442
PA|PP755594.1|A/cattle/Texas/24-008749-003/2024(H5N1)	389	18465
PA|PP755594.1|A/cattle/Texas/24-008749-003/2024(H5N1)	390	18523
PA|PP755594.1|A/cattle/Texas/24-008749-003/2024(H5N1)	391	18441
PA|PP755594.1|A/cattle/Texas/24-008749-003/2024(H5N1)	392	18570
PA|PP755594.1|A/cattle/Texas/24-008749-003/2024(H5N1)	393	18528
PA|PP755594.1|A/cattle/Texas/24-008749-003/2024(H5N1)	394	18806
PA|PP755594.1|A/cattle/Texas/24-008749-003/2024(H5N1)	395	18808
PA|PP755594.1|A/cattle/Texas/24-008749-003/2024(H5N1)	396	18823
PA|PP755594.1|A/cattle/Texas/24-008749-003/2024(H5N1)	397	18887
PA|PP755594.1|A/cattle/Texas/24-008749-003/2024(H5N1)	398	18889
PA|PP755594.1|A/cattle/Texas/24-008749-003/2024(H5N1)	399	19161
PA|PP755594.1|A/cattle/Texas/24-008749-003/2024(H5N1)	400	19159
PA|PP755594.1|A/cattle/Texas/24-008749-003/2024(H5N1)	401	19140
PA|PP755594.1|A/cattle/Texas/24-008749-003/2024(H5N1)	402	19149
PA|PP755594.1|A/cattle/Texas/24-008749-003/2024(H5N1)	403	19166
PA|PP755594.1|A/cattle/Texas/24-008749-003/2024(H5N1)	404	20009
PA|PP755594.1|A/cattle/Texas/24-008749-003/2024(H5N1)	405	20028
PA|PP755594.1|A/cattle/Texas/24-008749-003/2024(H5N1)	406	20029
PA|PP755594.1|A/cattle/Texas/24-008749-003/2024(H5N1)	407	20368
PA|PP755594.1|A/cattle/Texas/24-008749-003/2024(H5N1)	408	20347
PA|PP755594.1|A/cattle/Texas/24-008749-003/2024(H5N1)	409	22426
PA|PP755594.1|A/cattle/Texas/24-008749-003/2024(H5N1)	410	22474
PA|PP755594.1|A/cattle/Texas/24-008749-003/2024(H5N1)	411	22782
PA|PP755594.1|A/cattle/Texas/24-008749-003/2024(H5N1)	412	22817
PA|PP755594.1|A/cattle/Texas/24-008749-003/2024(H5N1)	413	22835
PA|PP755594.1|A/cattle/Texas/24-008749-003/2024(H5N1)	414	24109
PA|PP755594.1|A/cattle/Texas/24-008749-003/2024(H5N1)	415	24506
PA|PP755594.1|A/cattle/Texas/24-008749-003/2024(H5N1)	416	24523
PA|PP755594.1|A/cattle/Texas/24-008749-003/2024(H5N1)	417	24540
PA|PP755594.1|A/cattle/Texas/24-008749-003/2024(H5N1)	418	24545
PA|PP755594.1|A/cattle/Texas/24-008749-003/2024(H5N1)	419	24450
PA|PP755594.1|A/cattle/Texas/24-008749-003/2024(H5N1)	420	24365
PA|PP755594.1|A/cattle/Texas/24-008749-003/2024(H5N1)	421	24430
PA|PP755594.1|A/cattle/Texas/24-008749-003/2024(H5N1)	422	24429
PA|PP755594.1|A/cattle/Texas/24-008749-003/2024(H5N1)	423	24457
PA|PP755594.1|A/cattle/Texas/24-008749-003/2024(H5N1)	424	24444
PA|PP755594.1|A/cattle/Texas/24-008749-003/2024(H5N1)	425	24486
PA|PP755594.1|A/cattle/Texas/24-008749-003/2024(H5N1)	426	24490
PA|PP755594.1|A/cattle/Texas/24-008749-003/2024(H5N1)	427	24506
PA|PP755594.1|A/cattle/Texas/24-008749-003/2024(H5N1)	428	24693
PA|PP755594.1|A/cattle/Texas/24-008749-003/2024(H5N1)	429	24689
PA|PP755594.1|A/cattle/Texas/24-008749-003/2024(H5N1)	430	24826
PA|PP755594.1|A/cattle/Texas/24-008749-003/2024(H5N1)	431	24799
PA|PP755594.1|A/cattle/Texas/24-008749-003/2024(H5N1)	432	24872
PA|PP755594.1|A/cattle/Texas/24-008749-003/2024(H5N1)	433	24939
PA|PP755594.1|A/cattle/Texas/24-008749-003/2024(H5N1)	434	24935
PA|PP755594.1|A/cattle/Texas/24-008749-003/2024(H5N1)	435	24932
PA|PP755594.1|A/cattle/Texas/24-008749-003/2024(H5N1)	436	25156
PA|PP755594.1|A/cattle/Texas/24-008749-003/2024(H5N1)	437	25035
PA|PP755594.1|A/cattle/Texas/24-008749-003/2024(H5N1)	438	25071
PA|PP755594.1|A/cattle/Texas/24-008749-003/2024(H5N1)	439	25001
PA|PP755594.1|A/cattle/Texas/24-008749-003/2024(H5N1)	440	25011
PA|PP755594.1|A/cattle/Texas/24-008749-003/2024(H5N1)	441	24966
PA|PP755594.1|A/cattle/Texas/24-008749-003/2024(H5N1)	442	25081
PA|PP755594.1|A/cattle/Texas/24-008749-003/2024(H5N1)	443	25040
PA|PP755594.1|A/cattle/Texas/24-008749-003/2024(H5N1)	444	25093
PA|PP755594.1|A/cattle/Texas/24-008749-003/2024(H5N1)	445	24922
PA|PP755594.1|A/cattle/Texas/24-008749-003/2024(H5N1)	446	24932
PA|PP755594.1|A/cattle/Texas/24-008749-003/2024(H5N1)	447	24918
PA|PP755594.1|A/cattle/Texas/24-008749-003/2024(H5N1)	448	24916
PA|PP755594.1|A/cattle/Texas/24-008749-003/2024(H5N1)	449	24943
PA|PP755594.1|A/cattle/Texas/24-008749-003/2024(H5N1)	450	24947
PA|PP755594.1|A/cattle/Texas/24-008749-003/2024(H5N1)	451	24743
PA|PP755594.1|A/cattle/Texas/24-008749-003/2024(H5N1)	452	24778
PA|PP755594.1|A/cattle/Texas/24-008749-003/2024(H5N1)	453	24698
PA|PP755594.1|A/cattle/Texas/24-008749-003/2024(H5N1)	454	24790
PA|PP755594.1|A/cattle/Texas/24-008749-003/2024(H5N1)	455	24800
PA|PP755594.1|A/cattle/Texas/24-008749-003/2024(H5N1)	456	24729
PA|PP755594.1|A/cattle/Texas/24-008749-003/2024(H5N1)	457	24726
PA|PP755594.1|A/cattle/Texas/24-008749-003/2024(H5N1)	458	24690
PA|PP755594.1|A/cattle/Texas/24-008749-003/2024(H5N1)	459	24769
PA|PP755594.1|A/cattle/Texas/24-008749-003/2024(H5N1)	460	24806
PA|PP755594.1|A/cattle/Texas/24-008749-003/2024(H5N1)	461	24684
PA|PP755594.1|A/cattle/Texas/24-008749-003/2024(H5N1)	462	24693
PA|PP755594.1|A/cattle/Texas/24-008749-003/2024(H5N1)	463	24588
PA|PP755594.1|A/cattle/Texas/24-008749-003/2024(H5N1)	464	24518
PA|PP755594.1|A/cattle/Texas/24-008749-003/2024(H5N1)	465	24511
PA|PP755594.1|A/cattle/Texas/24-008749-003/2024(H5N1)	466	24488
PA|PP755594.1|A/cattle/Texas/24-008749-003/2024(H5N1)	467	24454
PA|PP755594.1|A/cattle/Texas/24-008749-003/2024(H5N1)	468	24380
PA|PP755594.1|A/cattle/Texas/24-008749-003/2024(H5N1)	469	24287
PA|PP755594.1|A/cattle/Texas/24-008749-003/2024(H5N1)	470	24286
PA|PP755594.1|A/cattle/Texas/24-008749-003/2024(H5N1)	471	24264
PA|PP755594.1|A/cattle/Texas/24-008749-003/2024(H5N1)	472	24246
PA|PP755594.1|A/cattle/Texas/24-008749-003/2024(H5N1)	473	23149
PA|PP755594.1|A/cattle/Texas/24-008749-003/2024(H5N1)	474	23075
PA|PP755594.1|A/cattle/Texas/24-008749-003/2024(H5N1)	475	23062
PA|PP755594.1|A/cattle/Texas/24-008749-003/2024(H5N1)	476	22633
PA|PP755594.1|A/cattle/Texas/24-008749-003/2024(H5N1)	477	22665
PA|PP755594.1|A/cattle/Texas/24-008749-003/2024(H5N1)	478	22455
PA|PP755594.1|A/cattle/Texas/24-008749-003/2024(H5N1)	479	22364
PA|PP755594.1|A/cattle/Texas/24-008749-003/2024(H5N1)	480	21715
PA|PP755594.1|A/cattle/Texas/24-008749-003/2024(H5N1)	481	21689
PA|PP755594.1|A/cattle/Texas/24-008749-003/2024(H5N1)	482	21619
PA|PP755594.1|A/cattle/Texas/24-008749-003/2024(H5N1)	483	18961
PA|PP755594.1|A/cattle/Texas/24-008749-003/2024(H5N1)	484	18899
PA|PP755594.1|A/cattle/Texas/24-008749-003/2024(H5N1)	485	18811
PA|PP755594.1|A/cattle/Texas/24-008749-003/2024(H5N1)	486	18501
PA|PP755594.1|A/cattle/Texas/24-008749-003/2024(H5N1)	487	17429
PA|PP755594.1|A/cattle/Texas/24-008749-003/2024(H5N1)	488	17409
PA|PP755594.1|A/cattle/Texas/24-008749-003/2024(H5N1)	489	17178
PA|PP755594.1|A/cattle/Texas/24-008749-003/2024(H5N1)	490	17210
PA|PP755594.1|A/cattle/Texas/24-008749-003/2024(H5N1)	491	16906
PA|PP755594.1|A/cattle/Texas/24-008749-003/2024(H5N1)	492	16882
PA|PP755594.1|A/cattle/Texas/24-008749-003/2024(H5N1)	493	16498
PA|PP755594.1|A/cattle/Texas/24-008749-003/2024(H5N1)	494	16142
PA|PP755594.1|A/cattle/Texas/24-008749-003/2024(H5N1)	495	16316
PA|PP755594.1|A/cattle/Texas/24-008749-003/2024(H5N1)	496	16329
PA|PP755594.1|A/cattle/Texas/24-008749-003/2024(H5N1)	497	16063
PA|PP755594.1|A/cattle/Texas/24-008749-003/2024(H5N1)	498	16640
PA|PP755594.1|A/cattle/Texas/24-008749-003/2024(H5N1)	499	16418
PA|PP755594.1|A/cattle/Texas/24-008749-003/2024(H5N1)	500	16430
PA|PP755594.1|A/cattle/Texas/24-008749-003/2024(H5N1)	501	16379
PA|PP755594.1|A/cattle/Texas/24-008749-003/2024(H5N1)	502	15967
PA|PP755594.1|A/cattle/Texas/24-008749-003/2024(H5N1)	503	16416
PA|PP755594.1|A/cattle/Texas/24-008749-003/2024(H5N1)	504	16289
PA|PP755594.1|A/cattle/Texas/24-008749-003/2024(H5N1)	505	16292
PA|PP755594.1|A/cattle/Texas/24-008749-003/2024(H5N1)	506	16212
PA|PP755594.1|A/cattle/Texas/24-008749-003/2024(H5N1)	507	15720
PA|PP755594.1|A/cattle/Texas/24-008749-003/2024(H5N1)	508	15583
PA|PP755594.1|A/cattle/Texas/24-008749-003/2024(H5N1)	509	15660
PA|PP755594.1|A/cattle/Texas/24-008749-003/2024(H5N1)	510	15724
PA|PP755594.1|A/cattle/Texas/24-008749-003/2024(H5N1)	511	15897
PA|PP755594.1|A/cattle/Texas/24-008749-003/2024(H5N1)	512	15564
PA|PP755594.1|A/cattle/Texas/24-008749-003/2024(H5N1)	513	15411
PA|PP755594.1|A/cattle/Texas/24-008749-003/2024(H5N1)	514	15421
PA|PP755594.1|A/cattle/Texas/24-008749-003/2024(H5N1)	515	15768
PA|PP755594.1|A/cattle/Texas/24-008749-003/2024(H5N1)	516	15867
PA|PP755594.1|A/cattle/Texas/24-008749-003/2024(H5N1)	517	15874
PA|PP755594.1|A/cattle/Texas/24-008749-003/2024(H5N1)	518	15698
PA|PP755594.1|A/cattle/Texas/24-008749-003/2024(H5N1)	519	15601
PA|PP755594.1|A/cattle/Texas/24-008749-003/2024(H5N1)	520	15430
PA|PP755594.1|A/cattle/Texas/24-008749-003/2024(H5N1)	521	15453
PA|PP755594.1|A/cattle/Texas/24-008749-003/2024(H5N1)	522	15478
PA|PP755594.1|A/cattle/Texas/24-008749-003/2024(H5N1)	523	15170
PA|PP755594.1|A/cattle/Texas/24-008749-003/2024(H5N1)	524	14778
PA|PP755594.1|A/cattle/Texas/24-008749-003/2024(H5N1)	525	15368
PA|PP755594.1|A/cattle/Texas/24-008749-003/2024(H5N1)	526	15416
PA|PP755594.1|A/cattle/Texas/24-008749-003/2024(H5N1)	527	15413
PA|PP755594.1|A/cattle/Texas/24-008749-003/2024(H5N1)	528	15314
PA|PP755594.1|A/cattle/Texas/24-008749-003/2024(H5N1)	529	15228
PA|PP755594.1|A/cattle/Texas/24-008749-003/2024(H5N1)	530	15751
PA|PP755594.1|A/cattle/Texas/24-008749-003/2024(H5N1)	531	15694
PA|PP755594.1|A/cattle/Texas/24-008749-003/2024(H5N1)	532	15629
PA|PP755594.1|A/cattle/Texas/24-008749-003/2024(H5N1)	533	15147
PA|PP755594.1|A/cattle/Texas/24-008749-003/2024(H5N1)	534	14053
PA|PP755594.1|A/cattle/Texas/24-008749-003/2024(H5N1)	535	13797
PA|PP755594.1|A/cattle/Texas/24-008749-003/2024(H5N1)	536	13915
PA|PP755594.1|A/cattle/Texas/24-008749-003/2024(H5N1)	537	13872
PA|PP755594.1|A/cattle/Texas/24-008749-003/2024(H5N1)	538	13825
PA|PP755594.1|A/cattle/Texas/24-008749-003/2024(H5N1)	539	12292
PA|PP755594.1|A/cattle/Texas/24-008749-003/2024(H5N1)	540	12287
PA|PP755594.1|A/cattle/Texas/24-008749-003/2024(H5N1)	541	12361
PA|PP755594.1|A/cattle/Texas/24-008749-003/2024(H5N1)	542	12533
PA|PP755594.1|A/cattle/Texas/24-008749-003/2024(H5N1)	543	12537
PA|PP755594.1|A/cattle/Texas/24-008749-003/2024(H5N1)	544	12486
PA|PP755594.1|A/cattle/Texas/24-008749-003/2024(H5N1)	545	12146
PA|PP755594.1|A/cattle/Texas/24-008749-003/2024(H5N1)	546	12391
PA|PP755594.1|A/cattle/Texas/24-008749-003/2024(H5N1)	547	12376
PA|PP755594.1|A/cattle/Texas/24-008749-003/2024(H5N1)	548	12340
PA|PP755594.1|A/cattle/Texas/24-008749-003/2024(H5N1)	549	12451
PA|PP755594.1|A/cattle/Texas/24-008749-003/2024(H5N1)	550	12032
PA|PP755594.1|A/cattle/Texas/24-008749-003/2024(H5N1)	551	12610
PA|PP755594.1|A/cattle/Texas/24-008749-003/2024(H5N1)	552	12830
PA|PP755594.1|A/cattle/Texas/24-008749-003/2024(H5N1)	553	12777
PA|PP755594.1|A/cattle/Texas/24-008749-003/2024(H5N1)	554	12776
PA|PP755594.1|A/cattle/Texas/24-008749-003/2024(H5N1)	555	11871
PA|PP755594.1|A/cattle/Texas/24-008749-003/2024(H5N1)	556	12202
PA|PP755594.1|A/cattle/Texas/24-008749-003/2024(H5N1)	557	12470
PA|PP755594.1|A/cattle/Texas/24-008749-003/2024(H5N1)	558	12097
PA|PP755594.1|A/cattle/Texas/24-008749-003/2024(H5N1)	559	12162
PA|PP755594.1|A/cattle/Texas/24-008749-003/2024(H5N1)	560	9185
PA|PP755594.1|A/cattle/Texas/24-008749-003/2024(H5N1)	561	9314
PA|PP755594.1|A/cattle/Texas/24-008749-003/2024(H5N1)	562	9659
PA|PP755594.1|A/cattle/Texas/24-008749-003/2024(H5N1)	563	9638
PA|PP755594.1|A/cattle/Texas/24-008749-003/2024(H5N1)	564	9681
PA|PP755594.1|A/cattle/Texas/24-008749-003/2024(H5N1)	565	7941
PA|PP755594.1|A/cattle/Texas/24-008749-003/2024(H5N1)	566	7351
PA|PP755594.1|A/cattle/Texas/24-008749-003/2024(H5N1)	567	7355
PA|PP755594.1|A/cattle/Texas/24-008749-003/2024(H5N1)	568	7343
PA|PP755594.1|A/cattle/Texas/24-008749-003/2024(H5N1)	569	7511
PA|PP755594.1|A/cattle/Texas/24-008749-003/2024(H5N1)	570	7514
PA|PP755594.1|A/cattle/Texas/24-008749-003/2024(H5N1)	571	7511
PA|PP755594.1|A/cattle/Texas/24-008749-003/2024(H5N1)	572	7540
PA|PP755594.1|A/cattle/Texas/24-008749-003/2024(H5N1)	573	7554
PA|PP755594.1|A/cattle/Texas/24-008749-003/2024(H5N1)	574	7576
PA|PP755594.1|A/cattle/Texas/24-008749-003/2024(H5N1)	575	7581
PA|PP755594.1|A/cattle/Texas/24-008749-003/2024(H5N1)	576	7797
PA|PP755594.1|A/cattle/Texas/24-008749-003/2024(H5N1)	577	8568
PA|PP755594.1|A/cattle/Texas/24-008749-003/2024(H5N1)	578	8558
PA|PP755594.1|A/cattle/Texas/24-008749-003/2024(H5N1)	579	8681
PA|PP755594.1|A/cattle/Texas/24-008749-003/2024(H5N1)	580	9114
PA|PP755594.1|A/cattle/Texas/24-008749-003/2024(H5N1)	581	9192
PA|PP755594.1|A/cattle/Texas/24-008749-003/2024(H5N1)	582	9393
PA|PP755594.1|A/cattle/Texas/24-008749-003/2024(H5N1)	583	9397
PA|PP755594.1|A/cattle/Texas/24-008749-003/2024(H5N1)	584	9403
PA|PP755594.1|A/cattle/Texas/24-008749-003/2024(H5N1)	585	9407
PA|PP755594.1|A/cattle/Texas/24-008749-003/2024(H5N1)	586	9440
PA|PP755594.1|A/cattle/Texas/24-008749-003/2024(H5N1)	587	9469
PA|PP755594.1|A/cattle/Texas/24-008749-003/2024(H5N1)	588	9528
PA|PP755594.1|A/cattle/Texas/24-008749-003/2024(H5N1)	589	9594
PA|PP755594.1|A/cattle/Texas/24-008749-003/2024(H5N1)	590	9603
PA|PP755594.1|A/cattle/Texas/24-008749-003/2024(H5N1)	591	9602
PA|PP755594.1|A/cattle/Texas/24-008749-003/2024(H5N1)	592	9602
PA|PP755594.1|A/cattle/Texas/24-008749-003/2024(H5N1)	593	9596
PA|PP755594.1|A/cattle/Texas/24-008749-003/2024(H5N1)	594	9604
PA|PP755594.1|A/cattle/Texas/24-008749-003/2024(H5N1)	595	9616
PA|PP755594.1|A/cattle/Texas/24-008749-003/2024(H5N1)	596	9618
PA|PP755594.1|A/cattle/Texas/24-008749-003/2024(H5N1)	597	9629
PA|PP755594.1|A/cattle/Texas/24-008749-003/2024(H5N1)	598	9591
PA|PP755594.1|A/cattle/Texas/24-008749-003/2024(H5N1)	599	9623
PA|PP755594.1|A/cattle/Texas/24-008749-003/2024(H5N1)	600	9617
PA|PP755594.1|A/cattle/Texas/24-008749-003/2024(H5N1)	601	9663
PA|PP755594.1|A/cattle/Texas/24-008749-003/2024(H5N1)	602	9671
PA|PP755594.1|A/cattle/Texas/24-008749-003/2024(H5N1)	603	9659
PA|PP755594.1|A/cattle/Texas/24-008749-003/2024(H5N1)	604	9667
PA|PP755594.1|A/cattle/Texas/24-008749-003/2024(H5N1)	605	9662
PA|PP755594.1|A/cattle/Texas/24-008749-003/2024(H5N1)	606	9644
PA|PP755594.1|A/cattle/Texas/24-008749-003/2024(H5N1)	607	9644
PA|PP755594.1|A/cattle/Texas/24-008749-003/2024(H5N1)	608	9617
PA|PP755594.1|A/cattle/Texas/24-008749-003/2024(H5N1)	609	9617
PA|PP755594.1|A/cattle/Texas/24-008749-003/2024(H5N1)	610	9603
PA|PP755594.1|A/cattle/Texas/24-008749-003/2024(H5N1)	611	9623
PA|PP755594.1|A/cattle/Texas/24-008749-003/2024(H5N1)	612	9626
PA|PP755594.1|A/cattle/Texas/24-008749-003/2024(H5N1)	613	9612
PA|PP755594.1|A/cattle/Texas/24-008749-003/2024(H5N1)	614	9612
PA|PP755594.1|A/cattle/Texas/24-008749-003/2024(H5N1)	615	9612
PA|PP755594.1|A/cattle/Texas/24-008749-003/2024(H5N1)	616	9612
PA|PP755594.1|A/cattle/Texas/24-008749-003/2024(H5N1)	617	9616
PA|PP755594.1|A/cattle/Texas/24-008749-003/2024(H5N1)	618	9616
PA|PP755594.1|A/cattle/Texas/24-008749-003/2024(H5N1)	619	9616
PA|PP755594.1|A/cattle/Texas/24-008749-003/2024(H5N1)	620	9607
PA|PP755594.1|A/cattle/Texas/24-008749-003/2024(H5N1)	621	9704
PA|PP755594.1|A/cattle/Texas/24-008749-003/2024(H5N1)	622	9700
PA|PP755594.1|A/cattle/Texas/24-008749-003/2024(H5N1)	623	9729
PA|PP755594.1|A/cattle/Texas/24-008749-003/2024(H5N1)	624	9727
PA|PP755594.1|A/cattle/Texas/24-008749-003/2024(H5N1)	625	9741
PA|PP755594.1|A/cattle/Texas/24-008749-003/2024(H5N1)	626	9747
PA|PP755594.1|A/cattle/Texas/24-008749-003/2024(H5N1)	627	9745
PA|PP755594.1|A/cattle/Texas/24-008749-003/2024(H5N1)	628	9772
PA|PP755594.1|A/cattle/Texas/24-008749-003/2024(H5N1)	629	9767
PA|PP755594.1|A/cattle/Texas/24-008749-003/2024(H5N1)	630	9636
PA|PP755594.1|A/cattle/Texas/24-008749-003/2024(H5N1)	631	9644
PA|PP755594.1|A/cattle/Texas/24-008749-003/2024(H5N1)	632	9596
PA|PP755594.1|A/cattle/Texas/24-008749-003/2024(H5N1)	633	9622
PA|PP755594.1|A/cattle/Texas/24-008749-003/2024(H5N1)	634	9607
PA|PP755594.1|A/cattle/Texas/24-008749-003/2024(H5N1)	635	9597
PA|PP755594.1|A/cattle/Texas/24-008749-003/2024(H5N1)	636	9596
PA|PP755594.1|A/cattle/Texas/24-008749-003/2024(H5N1)	637	9533
PA|PP755594.1|A/cattle/Texas/24-008749-003/2024(H5N1)	638	9567
PA|PP755594.1|A/cattle/Texas/24-008749-003/2024(H5N1)	639	9579
PA|PP755594.1|A/cattle/Texas/24-008749-003/2024(H5N1)	640	9570
PA|PP755594.1|A/cattle/Texas/24-008749-003/2024(H5N1)	641	9532
PA|PP755594.1|A/cattle/Texas/24-008749-003/2024(H5N1)	642	9461
PA|PP755594.1|A/cattle/Texas/24-008749-003/2024(H5N1)	643	9465
PA|PP755594.1|A/cattle/Texas/24-008749-003/2024(H5N1)	644	9356
PA|PP755594.1|A/cattle/Texas/24-008749-003/2024(H5N1)	645	9216
PA|PP755594.1|A/cattle/Texas/24-008749-003/2024(H5N1)	646	9244
PA|PP755594.1|A/cattle/Texas/24-008749-003/2024(H5N1)	647	9140
PA|PP755594.1|A/cattle/Texas/24-008749-003/2024(H5N1)	648	8708
PA|PP755594.1|A/cattle/Texas/24-008749-003/2024(H5N1)	649	8689
PA|PP755594.1|A/cattle/Texas/24-008749-003/2024(H5N1)	650	8682
PA|PP755594.1|A/cattle/Texas/24-008749-003/2024(H5N1)	651	8696
PA|PP755594.1|A/cattle/Texas/24-008749-003/2024(H5N1)	652	8688
PA|PP755594.1|A/cattle/Texas/24-008749-003/2024(H5N1)	653	8715
PA|PP755594.1|A/cattle/Texas/24-008749-003/2024(H5N1)	654	8406
PA|PP755594.1|A/cattle/Texas/24-008749-003/2024(H5N1)	655	8315
PA|PP755594.1|A/cattle/Texas/24-008749-003/2024(H5N1)	656	8297
PA|PP755594.1|A/cattle/Texas/24-008749-003/2024(H5N1)	657	8176
PA|PP755594.1|A/cattle/Texas/24-008749-003/2024(H5N1)	658	8212
PA|PP755594.1|A/cattle/Texas/24-008749-003/2024(H5N1)	659	8147
PA|PP755594.1|A/cattle/Texas/24-008749-003/2024(H5N1)	660	8028
PA|PP755594.1|A/cattle/Texas/24-008749-003/2024(H5N1)	661	7904
PA|PP755594.1|A/cattle/Texas/24-008749-003/2024(H5N1)	662	7796
PA|PP755594.1|A/cattle/Texas/24-008749-003/2024(H5N1)	663	7797
PA|PP755594.1|A/cattle/Texas/24-008749-003/2024(H5N1)	664	7862
PA|PP755594.1|A/cattle/Texas/24-008749-003/2024(H5N1)	665	7864
PA|PP755594.1|A/cattle/Texas/24-008749-003/2024(H5N1)	666	7882
PA|PP755594.1|A/cattle/Texas/24-008749-003/2024(H5N1)	667	7649
PA|PP755594.1|A/cattle/Texas/24-008749-003/2024(H5N1)	668	9348
PA|PP755594.1|A/cattle/Texas/24-008749-003/2024(H5N1)	669	9653
PA|PP755594.1|A/cattle/Texas/24-008749-003/2024(H5N1)	670	9646
PA|PP755594.1|A/cattle/Texas/24-008749-003/2024(H5N1)	671	9639
PA|PP755594.1|A/cattle/Texas/24-008749-003/2024(H5N1)	672	9606
PA|PP755594.1|A/cattle/Texas/24-008749-003/2024(H5N1)	673	9532
PA|PP755594.1|A/cattle/Texas/24-008749-003/2024(H5N1)	674	9906
PA|PP755594.1|A/cattle/Texas/24-008749-003/2024(H5N1)	675	9577
PA|PP755594.1|A/cattle/Texas/24-008749-003/2024(H5N1)	676	9895
PA|PP755594.1|A/cattle/Texas/24-008749-003/2024(H5N1)	677	9789
PA|PP755594.1|A/cattle/Texas/24-008749-003/2024(H5N1)	678	9754
PA|PP755594.1|A/cattle/Texas/24-008749-003/2024(H5N1)	679	9775
PA|PP755594.1|A/cattle/Texas/24-008749-003/2024(H5N1)	680	9957
PA|PP755594.1|A/cattle/Texas/24-008749-003/2024(H5N1)	681	9530
PA|PP755594.1|A/cattle/Texas/24-008749-003/2024(H5N1)	682	9559
PA|PP755594.1|A/cattle/Texas/24-008749-003/2024(H5N1)	683	9731
PA|PP755594.1|A/cattle/Texas/24-008749-003/2024(H5N1)	684	11455
PA|PP755594.1|A/cattle/Texas/24-008749-003/2024(H5N1)	685	11593
PA|PP755594.1|A/cattle/Texas/24-008749-003/2024(H5N1)	686	11604
PA|PP755594.1|A/cattle/Texas/24-008749-003/2024(H5N1)	687	11551
PA|PP755594.1|A/cattle/Texas/24-008749-003/2024(H5N1)	688	11548
PA|PP755594.1|A/cattle/Texas/24-008749-003/2024(H5N1)	689	11712
PA|PP755594.1|A/cattle/Texas/24-008749-003/2024(H5N1)	690	11791
PA|PP755594.1|A/cattle/Texas/24-008749-003/2024(H5N1)	691	12503
PA|PP755594.1|A/cattle/Texas/24-008749-003/2024(H5N1)	692	12543
PA|PP755594.1|A/cattle/Texas/24-008749-003/2024(H5N1)	693	12410
PA|PP755594.1|A/cattle/Texas/24-008749-003/2024(H5N1)	694	12585
PA|PP755594.1|A/cattle/Texas/24-008749-003/2024(H5N1)	695	13416
PA|PP755594.1|A/cattle/Texas/24-008749-003/2024(H5N1)	696	13449
PA|PP755594.1|A/cattle/Texas/24-008749-003/2024(H5N1)	697	13460
PA|PP755594.1|A/cattle/Texas/24-008749-003/2024(H5N1)	698	13421
PA|PP755594.1|A/cattle/Texas/24-008749-003/2024(H5N1)	699	13642
PA|PP755594.1|A/cattle/Texas/24-008749-003/2024(H5N1)	700	13385
PA|PP755594.1|A/cattle/Texas/24-008749-003/2024(H5N1)	701	13377
PA|PP755594.1|A/cattle/Texas/24-008749-003/2024(H5N1)	702	13031
PA|PP755594.1|A/cattle/Texas/24-008749-003/2024(H5N1)	703	12964
PA|PP755594.1|A/cattle/Texas/24-008749-003/2024(H5N1)	704	13739
PA|PP755594.1|A/cattle/Texas/24-008749-003/2024(H5N1)	705	13752
PA|PP755594.1|A/cattle/Texas/24-008749-003/2024(H5N1)	706	13756
PA|PP755594.1|A/cattle/Texas/24-008749-003/2024(H5N1)	707	13647
PA|PP755594.1|A/cattle/Texas/24-008749-003/2024(H5N1)	708	13444
PA|PP755594.1|A/cattle/Texas/24-008749-003/2024(H5N1)	709	13486
PA|PP755594.1|A/cattle/Texas/24-008749-003/2024(H5N1)	710	13532
PA|PP755594.1|A/cattle/Texas/24-008749-003/2024(H5N1)	711	13545
PA|PP755594.1|A/cattle/Texas/24-008749-003/2024(H5N1)	712	13633
PA|PP755594.1|A/cattle/Texas/24-008749-003/2024(H5N1)	713	13067
PA|PP755594.1|A/cattle/Texas/24-008749-003/2024(H5N1)	714	13118
PA|PP755594.1|A/cattle/Texas/24-008749-003/2024(H5N1)	715	13093
PA|PP755594.1|A/cattle/Texas/24-008749-003/2024(H5N1)	716	13089
PA|PP755594.1|A/cattle/Texas/24-008749-003/2024(H5N1)	717	13378
PA|PP755594.1|A/cattle/Texas/24-008749-003/2024(H5N1)	718	13341
PA|PP755594.1|A/cattle/Texas/24-008749-003/2024(H5N1)	719	15538
PA|PP755594.1|A/cattle/Texas/24-008749-003/2024(H5N1)	720	15585
PA|PP755594.1|A/cattle/Texas/24-008749-003/2024(H5N1)	721	15520
PA|PP755594.1|A/cattle/Texas/24-008749-003/2024(H5N1)	722	15977
PA|PP755594.1|A/cattle/Texas/24-008749-003/2024(H5N1)	723	16048
PA|PP755594.1|A/cattle/Texas/24-008749-003/2024(H5N1)	724	16160
PA|PP755594.1|A/cattle/Texas/24-008749-003/2024(H5N1)	725	16248
PA|PP755594.1|A/cattle/Texas/24-008749-003/2024(H5N1)	726	15976
PA|PP755594.1|A/cattle/Texas/24-008749-003/2024(H5N1)	727	16013
PA|PP755594.1|A/cattle/Texas/24-008749-003/2024(H5N1)	728	14962
PA|PP755594.1|A/cattle/Texas/24-008749-003/2024(H5N1)	729	15346
PA|PP755594.1|A/cattle/Texas/24-008749-003/2024(H5N1)	730	15392
PA|PP755594.1|A/cattle/Texas/24-008749-003/2024(H5N1)	731	14915
PA|PP755594.1|A/cattle/Texas/24-008749-003/2024(H5N1)	732	14865
PA|PP755594.1|A/cattle/Texas/24-008749-003/2024(H5N1)	733	14883
PA|PP755594.1|A/cattle/Texas/24-008749-003/2024(H5N1)	734	15226
PA|PP755594.1|A/cattle/Texas/24-008749-003/2024(H5N1)	735	15346
PA|PP755594.1|A/cattle/Texas/24-008749-003/2024(H5N1)	736	15388
PA|PP755594.1|A/cattle/Texas/24-008749-003/2024(H5N1)	737	15349
PA|PP755594.1|A/cattle/Texas/24-008749-003/2024(H5N1)	738	15325
PA|PP755594.1|A/cattle/Texas/24-008749-003/2024(H5N1)	739	15459
PA|PP755594.1|A/cattle/Texas/24-008749-003/2024(H5N1)	740	16603
PA|PP755594.1|A/cattle/Texas/24-008749-003/2024(H5N1)	741	16607
PA|PP755594.1|A/cattle/Texas/24-008749-003/2024(H5N1)	742	16784
PA|PP755594.1|A/cattle/Texas/24-008749-003/2024(H5N1)	743	16762
PA|PP755594.1|A/cattle/Texas/24-008749-003/2024(H5N1)	744	17560
PA|PP755594.1|A/cattle/Texas/24-008749-003/2024(H5N1)	745	17983
PA|PP755594.1|A/cattle/Texas/24-008749-003/2024(H5N1)	746	18309
PA|PP755594.1|A/cattle/Texas/24-008749-003/2024(H5N1)	747	18366
PA|PP755594.1|A/cattle/Texas/24-008749-003/2024(H5N1)	748	19018
PA|PP755594.1|A/cattle/Texas/24-008749-003/2024(H5N1)	749	19120
PA|PP755594.1|A/cattle/Texas/24-008749-003/2024(H5N1)	750	19215
PA|PP755594.1|A/cattle/Texas/24-008749-003/2024(H5N1)	751	19274
PA|PP755594.1|A/cattle/Texas/24-008749-003/2024(H5N1)	752	19328
PA|PP755594.1|A/cattle/Texas/24-008749-003/2024(H5N1)	753	19324
PA|PP755594.1|A/cattle/Texas/24-008749-003/2024(H5N1)	754	19399
PA|PP755594.1|A/cattle/Texas/24-008749-003/2024(H5N1)	755	19344
PA|PP755594.1|A/cattle/Texas/24-008749-003/2024(H5N1)	756	19381
PA|PP755594.1|A/cattle/Texas/24-008749-003/2024(H5N1)	757	19410
PA|PP755594.1|A/cattle/Texas/24-008749-003/2024(H5N1)	758	19393
PA|PP755594.1|A/cattle/Texas/24-008749-003/2024(H5N1)	759	19394
PA|PP755594.1|A/cattle/Texas/24-008749-003/2024(H5N1)	760	19408
PA|PP755594.1|A/cattle/Texas/24-008749-003/2024(H5N1)	761	19420
PA|PP755594.1|A/cattle/Texas/24-008749-003/2024(H5N1)	762	19881
PA|PP755594.1|A/cattle/Texas/24-008749-003/2024(H5N1)	763	19860
PA|PP755594.1|A/cattle/Texas/24-008749-003/2024(H5N1)	764	19898
PA|PP755594.1|A/cattle/Texas/24-008749-003/2024(H5N1)	765	19882
PA|PP755594.1|A/cattle/Texas/24-008749-003/2024(H5N1)	766	19876
PA|PP755594.1|A/cattle/Texas/24-008749-003/2024(H5N1)	767	20031
PA|PP755594.1|A/cattle/Texas/24-008749-003/2024(H5N1)	768	20059
PA|PP755594.1|A/cattle/Texas/24-008749-003/2024(H5N1)	769	20073
PA|PP755594.1|A/cattle/Texas/24-008749-003/2024(H5N1)	770	20099
PA|PP755594.1|A/cattle/Texas/24-008749-003/2024(H5N1)	771	19862
PA|PP755594.1|A/cattle/Texas/24-008749-003/2024(H5N1)	772	19860
PA|PP755594.1|A/cattle/Texas/24-008749-003/2024(H5N1)	773	19857
PA|PP755594.1|A/cattle/Texas/24-008749-003/2024(H5N1)	774	19856
PA|PP755594.1|A/cattle/Texas/24-008749-003/2024(H5N1)	775	19858
PA|PP755594.1|A/cattle/Texas/24-008749-003/2024(H5N1)	776	19789
PA|PP755594.1|A/cattle/Texas/24-008749-003/2024(H5N1)	777	19794
PA|PP755594.1|A/cattle/Texas/24-008749-003/2024(H5N1)	778	19907
PA|PP755594.1|A/cattle/Texas/24-008749-003/2024(H5N1)	779	19909
PA|PP755594.1|A/cattle/Texas/24-008749-003/2024(H5N1)	780	20047
PA|PP755594.1|A/cattle/Texas/24-008749-003/2024(H5N1)	781	20043
PA|PP755594.1|A/cattle/Texas/24-008749-003/2024(H5N1)	782	20035
PA|PP755594.1|A/cattle/Texas/24-008749-003/2024(H5N1)	783	20080
PA|PP755594.1|A/cattle/Texas/24-008749-003/2024(H5N1)	784	20075
PA|PP755594.1|A/cattle/Texas/24-008749-003/2024(H5N1)	785	20297
PA|PP755594.1|A/cattle/Texas/24-008749-003/2024(H5N1)	786	20345
PA|PP755594.1|A/cattle/Texas/24-008749-003/2024(H5N1)	787	20227
PA|PP755594.1|A/cattle/Texas/24-008749-003/2024(H5N1)	788	20275
PA|PP755594.1|A/cattle/Texas/24-008749-003/2024(H5N1)	789	20133
PA|PP755594.1|A/cattle/Texas/24-008749-003/2024(H5N1)	790	20201
PA|PP755594.1|A/cattle/Texas/24-008749-003/2024(H5N1)	791	20371
PA|PP755594.1|A/cattle/Texas/24-008749-003/2024(H5N1)	792	20350
PA|PP755594.1|A/cattle/Texas/24-008749-003/2024(H5N1)	793	20353
PA|PP755594.1|A/cattle/Texas/24-008749-003/2024(H5N1)	794	20072
PA|PP755594.1|A/cattle/Texas/24-008749-003/2024(H5N1)	795	20039
PA|PP755594.1|A/cattle/Texas/24-008749-003/2024(H5N1)	796	20064
PA|PP755594.1|A/cattle/Texas/24-008749-003/2024(H5N1)	797	19930
PA|PP755594.1|A/cattle/Texas/24-008749-003/2024(H5N1)	798	19938
PA|PP755594.1|A/cattle/Texas/24-008749-003/2024(H5N1)	799	19879
PA|PP755594.1|A/cattle/Texas/24-008749-003/2024(H5N1)	800	19837
PA|PP755594.1|A/cattle/Texas/24-008749-003/2024(H5N1)	801	19816
PA|PP755594.1|A/cattle/Texas/24-008749-003/2024(H5N1)	802	19829
PA|PP755594.1|A/cattle/Texas/24-008749-003/2024(H5N1)	803	19829
PA|PP755594.1|A/cattle/Texas/24-008749-003/2024(H5N1)	804	19938
PA|PP755594.1|A/cattle/Texas/24-008749-003/2024(H5N1)	805	19900
PA|PP755594.1|A/cattle/Texas/24-008749-003/2024(H5N1)	806	19951
PA|PP755594.1|A/cattle/Texas/24-008749-003/2024(H5N1)	807	19937
PA|PP755594.1|A/cattle/Texas/24-008749-003/2024(H5N1)	808	19933
PA|PP755594.1|A/cattle/Texas/24-008749-003/2024(H5N1)	809	19562
PA|PP755594.1|A/cattle/Texas/24-008749-003/2024(H5N1)	810	19542
PA|PP755594.1|A/cattle/Texas/24-008749-003/2024(H5N1)	811	19562
PA|PP755594.1|A/cattle/Texas/24-008749-003/2024(H5N1)	812	19520
PA|PP755594.1|A/cattle/Texas/24-008749-003/2024(H5N1)	813	19308
PA|PP755594.1|A/cattle/Texas/24-008749-003/2024(H5N1)	814	19332
PA|PP755594.1|A/cattle/Texas/24-008749-003/2024(H5N1)	815	19209
PA|PP755594.1|A/cattle/Texas/24-008749-003/2024(H5N1)	816	19196
PA|PP755594.1|A/cattle/Texas/24-008749-003/2024(H5N1)	817	19151
PA|PP755594.1|A/cattle/Texas/24-008749-003/2024(H5N1)	818	19143
PA|PP755594.1|A/cattle/Texas/24-008749-003/2024(H5N1)	819	18037
PA|PP755594.1|A/cattle/Texas/24-008749-003/2024(H5N1)	820	17695
PA|PP755594.1|A/cattle/Texas/24-008749-003/2024(H5N1)	821	17678
PA|PP755594.1|A/cattle/Texas/24-008749-003/2024(H5N1)	822	18590
PA|PP755594.1|A/cattle/Texas/24-008749-003/2024(H5N1)	823	18745
PA|PP755594.1|A/cattle/Texas/24-008749-003/2024(H5N1)	824	18510
PA|PP755594.1|A/cattle/Texas/24-008749-003/2024(H5N1)	825	18241
PA|PP755594.1|A/cattle/Texas/24-008749-003/2024(H5N1)	826	18136
PA|PP755594.1|A/cattle/Texas/24-008749-003/2024(H5N1)	827	18670
PA|PP755594.1|A/cattle/Texas/24-008749-003/2024(H5N1)	828	18565
PA|PP755594.1|A/cattle/Texas/24-008749-003/2024(H5N1)	829	18577
PA|PP755594.1|A/cattle/Texas/24-008749-003/2024(H5N1)	830	18556
PA|PP755594.1|A/cattle/Texas/24-008749-003/2024(H5N1)	831	17492
PA|PP755594.1|A/cattle/Texas/24-008749-003/2024(H5N1)	832	17480
PA|PP755594.1|A/cattle/Texas/24-008749-003/2024(H5N1)	833	17383
PA|PP755594.1|A/cattle/Texas/24-008749-003/2024(H5N1)	834	17255
PA|PP755594.1|A/cattle/Texas/24-008749-003/2024(H5N1)	835	16276
PA|PP755594.1|A/cattle/Texas/24-008749-003/2024(H5N1)	836	15591
PA|PP755594.1|A/cattle/Texas/24-008749-003/2024(H5N1)	837	15661
PA|PP755594.1|A/cattle/Texas/24-008749-003/2024(H5N1)	838	15617
PA|PP755594.1|A/cattle/Texas/24-008749-003/2024(H5N1)	839	15530
PA|PP755594.1|A/cattle/Texas/24-008749-003/2024(H5N1)	840	15530
PA|PP755594.1|A/cattle/Texas/24-008749-003/2024(H5N1)	841	15504
PA|PP755594.1|A/cattle/Texas/24-008749-003/2024(H5N1)	842	15104
PA|PP755594.1|A/cattle/Texas/24-008749-003/2024(H5N1)	843	15070
PA|PP755594.1|A/cattle/Texas/24-008749-003/2024(H5N1)	844	15041
PA|PP755594.1|A/cattle/Texas/24-008749-003/2024(H5N1)	845	14902
PA|PP755594.1|A/cattle/Texas/24-008749-003/2024(H5N1)	846	14311
PA|PP755594.1|A/cattle/Texas/24-008749-003/2024(H5N1)	847	14276
PA|PP755594.1|A/cattle/Texas/24-008749-003/2024(H5N1)	848	14288
PA|PP755594.1|A/cattle/Texas/24-008749-003/2024(H5N1)	849	14306
PA|PP755594.1|A/cattle/Texas/24-008749-003/2024(H5N1)	850	14141
PA|PP755594.1|A/cattle/Texas/24-008749-003/2024(H5N1)	851	14162
PA|PP755594.1|A/cattle/Texas/24-008749-003/2024(H5N1)	852	14133
PA|PP755594.1|A/cattle/Texas/24-008749-003/2024(H5N1)	853	14165
PA|PP755594.1|A/cattle/Texas/24-008749-003/2024(H5N1)	854	14158
PA|PP755594.1|A/cattle/Texas/24-008749-003/2024(H5N1)	855	13513
PA|PP755594.1|A/cattle/Texas/24-008749-003/2024(H5N1)	856	13525
PA|PP755594.1|A/cattle/Texas/24-008749-003/2024(H5N1)	857	13441
PA|PP755594.1|A/cattle/Texas/24-008749-003/2024(H5N1)	858	13397
PA|PP755594.1|A/cattle/Texas/24-008749-003/2024(H5N1)	859	13389
PA|PP755594.1|A/cattle/Texas/24-008749-003/2024(H5N1)	860	13883
PA|PP755594.1|A/cattle/Texas/24-008749-003/2024(H5N1)	861	13845
PA|PP755594.1|A/cattle/Texas/24-008749-003/2024(H5N1)	862	13799
PA|PP755594.1|A/cattle/Texas/24-008749-003/2024(H5N1)	863	13714
PA|PP755594.1|A/cattle/Texas/24-008749-003/2024(H5N1)	864	13711
PA|PP755594.1|A/cattle/Texas/24-008749-003/2024(H5N1)	865	13713
PA|PP755594.1|A/cattle/Texas/24-008749-003/2024(H5N1)	866	13712
PA|PP755594.1|A/cattle/Texas/24-008749-003/2024(H5N1)	867	13774
PA|PP755594.1|A/cattle/Texas/24-008749-003/2024(H5N1)	868	13715
PA|PP755594.1|A/cattle/Texas/24-008749-003/2024(H5N1)	869	11246
PA|PP755594.1|A/cattle/Texas/24-008749-003/2024(H5N1)	870	10913
PA|PP755594.1|A/cattle/Texas/24-008749-003/2024(H5N1)	871	10716
PA|PP755594.1|A/cattle/Texas/24-008749-003/2024(H5N1)	872	10727
PA|PP755594.1|A/cattle/Texas/24-008749-003/2024(H5N1)	873	10537
PA|PP755594.1|A/cattle/Texas/24-008749-003/2024(H5N1)	874	10421
PA|PP755594.1|A/cattle/Texas/24-008749-003/2024(H5N1)	875	10446
PA|PP755594.1|A/cattle/Texas/24-008749-003/2024(H5N1)	876	10279
PA|PP755594.1|A/cattle/Texas/24-008749-003/2024(H5N1)	877	10282
PA|PP755594.1|A/cattle/Texas/24-008749-003/2024(H5N1)	878	10315
PA|PP755594.1|A/cattle/Texas/24-008749-003/2024(H5N1)	879	10242
PA|PP755594.1|A/cattle/Texas/24-008749-003/2024(H5N1)	880	10127
PA|PP755594.1|A/cattle/Texas/24-008749-003/2024(H5N1)	881	10003
PA|PP755594.1|A/cattle/Texas/24-008749-003/2024(H5N1)	882	10091
PA|PP755594.1|A/cattle/Texas/24-008749-003/2024(H5N1)	883	9952
PA|PP755594.1|A/cattle/Texas/24-008749-003/2024(H5N1)	884	9337
PA|PP755594.1|A/cattle/Texas/24-008749-003/2024(H5N1)	885	9230
PA|PP755594.1|A/cattle/Texas/24-008749-003/2024(H5N1)	886	9219
PA|PP755594.1|A/cattle/Texas/24-008749-003/2024(H5N1)	887	9254
PA|PP755594.1|A/cattle/Texas/24-008749-003/2024(H5N1)	888	9234
PA|PP755594.1|A/cattle/Texas/24-008749-003/2024(H5N1)	889	9248
PA|PP755594.1|A/cattle/Texas/24-008749-003/2024(H5N1)	890	9359
PA|PP755594.1|A/cattle/Texas/24-008749-003/2024(H5N1)	891	8017
PA|PP755594.1|A/cattle/Texas/24-008749-003/2024(H5N1)	892	8016
PA|PP755594.1|A/cattle/Texas/24-008749-003/2024(H5N1)	893	7758
PA|PP755594.1|A/cattle/Texas/24-008749-003/2024(H5N1)	894	7750
PA|PP755594.1|A/cattle/Texas/24-008749-003/2024(H5N1)	895	6493
PA|PP755594.1|A/cattle/Texas/24-008749-003/2024(H5N1)	896	5802
PA|PP755594.1|A/cattle/Texas/24-008749-003/2024(H5N1)	897	5755
PA|PP755594.1|A/cattle/Texas/24-008749-003/2024(H5N1)	898	5609
PA|PP755594.1|A/cattle/Texas/24-008749-003/2024(H5N1)	899	4663
PA|PP755594.1|A/cattle/Texas/24-008749-003/2024(H5N1)	900	4834
PA|PP755594.1|A/cattle/Texas/24-008749-003/2024(H5N1)	901	4807
PA|PP755594.1|A/cattle/Texas/24-008749-003/2024(H5N1)	902	5005
PA|PP755594.1|A/cattle/Texas/24-008749-003/2024(H5N1)	903	4940
PA|PP755594.1|A/cattle/Texas/24-008749-003/2024(H5N1)	904	4965
PA|PP755594.1|A/cattle/Texas/24-008749-003/2024(H5N1)	905	4974
PA|PP755594.1|A/cattle/Texas/24-008749-003/2024(H5N1)	906	4974
PA|PP755594.1|A/cattle/Texas/24-008749-003/2024(H5N1)	907	5133
PA|PP755594.1|A/cattle/Texas/24-008749-003/2024(H5N1)	908	5134
PA|PP755594.1|A/cattle/Texas/24-008749-003/2024(H5N1)	909	5130
PA|PP755594.1|A/cattle/Texas/24-008749-003/2024(H5N1)	910	5124
PA|PP755594.1|A/cattle/Texas/24-008749-003/2024(H5N1)	911	5081
PA|PP755594.1|A/cattle/Texas/24-008749-003/2024(H5N1)	912	5220
PA|PP755594.1|A/cattle/Texas/24-008749-003/2024(H5N1)	913	5218
PA|PP755594.1|A/cattle/Texas/24-008749-003/2024(H5N1)	914	5220
PA|PP755594.1|A/cattle/Texas/24-008749-003/2024(H5N1)	915	5222
PA|PP755594.1|A/cattle/Texas/24-008749-003/2024(H5N1)	916	5151
PA|PP755594.1|A/cattle/Texas/24-008749-003/2024(H5N1)	917	5185
PA|PP755594.1|A/cattle/Texas/24-008749-003/2024(H5N1)	918	5164
PA|PP755594.1|A/cattle/Texas/24-008749-003/2024(H5N1)	919	5168
PA|PP755594.1|A/cattle/Texas/24-008749-003/2024(H5N1)	920	5172
PA|PP755594.1|A/cattle/Texas/24-008749-003/2024(H5N1)	921	5110
PA|PP755594.1|A/cattle/Texas/24-008749-003/2024(H5N1)	922	5121
PA|PP755594.1|A/cattle/Texas/24-008749-003/2024(H5N1)	923	5122
PA|PP755594.1|A/cattle/Texas/24-008749-003/2024(H5N1)	924	5125
PA|PP755594.1|A/cattle/Texas/24-008749-003/2024(H5N1)	925	5124
PA|PP755594.1|A/cattle/Texas/24-008749-003/2024(H5N1)	926	5114
PA|PP755594.1|A/cattle/Texas/24-008749-003/2024(H5N1)	927	5120
PA|PP755594.1|A/cattle/Texas/24-008749-003/2024(H5N1)	928	5124
PA|PP755594.1|A/cattle/Texas/24-008749-003/2024(H5N1)	929	5120
PA|PP755594.1|A/cattle/Texas/24-008749-003/2024(H5N1)	930	5110
PA|PP755594.1|A/cattle/Texas/24-008749-003/2024(H5N1)	931	5101
PA|PP755594.1|A/cattle/Texas/24-008749-003/2024(H5N1)	932	5104
PA|PP755594.1|A/cattle/Texas/24-008749-003/2024(H5N1)	933	5103
PA|PP755594.1|A/cattle/Texas/24-008749-003/2024(H5N1)	934	5111
PA|PP755594.1|A/cattle/Texas/24-008749-003/2024(H5N1)	935	5111
PA|PP755594.1|A/cattle/Texas/24-008749-003/2024(H5N1)	936	5092
PA|PP755594.1|A/cattle/Texas/24-008749-003/2024(H5N1)	937	5094
PA|PP755594.1|A/cattle/Texas/24-008749-003/2024(H5N1)	938	5113
PA|PP755594.1|A/cattle/Texas/24-008749-003/2024(H5N1)	939	5101
PA|PP755594.1|A/cattle/Texas/24-008749-003/2024(H5N1)	940	5102
PA|PP755594.1|A/cattle/Texas/24-008749-003/2024(H5N1)	941	5106
PA|PP755594.1|A/cattle/Texas/24-008749-003/2024(H5N1)	942	5097
PA|PP755594.1|A/cattle/Texas/24-008749-003/2024(H5N1)	943	5106
PA|PP755594.1|A/cattle/Texas/24-008749-003/2024(H5N1)	944	5101
PA|PP755594.1|A/cattle/Texas/24-008749-003/2024(H5N1)	945	5094
PA|PP755594.1|A/cattle/Texas/24-008749-003/2024(H5N1)	946	5093
PA|PP755594.1|A/cattle/Texas/24-008749-003/2024(H5N1)	947	5098
PA|PP755594.1|A/cattle/Texas/24-008749-003/2024(H5N1)	948	5077
PA|PP755594.1|A/cattle/Texas/24-008749-003/2024(H5N1)	949	5074
PA|PP755594.1|A/cattle/Texas/24-008749-003/2024(H5N1)	950	5087
PA|PP755594.1|A/cattle/Texas/24-008749-003/2024(H5N1)	951	5090
PA|PP755594.1|A/cattle/Texas/24-008749-003/2024(H5N1)	952	5122
PA|PP755594.1|A/cattle/Texas/24-008749-003/2024(H5N1)	953	5122
PA|PP755594.1|A/cattle/Texas/24-008749-003/2024(H5N1)	954	5123
PA|PP755594.1|A/cattle/Texas/24-008749-003/2024(H5N1)	955	5167
PA|PP755594.1|A/cattle/Texas/24-008749-003/2024(H5N1)	956	5142
PA|PP755594.1|A/cattle/Texas/24-008749-003/2024(H5N1)	957	5204
PA|PP755594.1|A/cattle/Texas/24-008749-003/2024(H5N1)	958	5232
PA|PP755594.1|A/cattle/Texas/24-008749-003/2024(H5N1)	959	5196
PA|PP755594.1|A/cattle/Texas/24-008749-003/2024(H5N1)	960	5199
PA|PP755594.1|A/cattle/Texas/24-008749-003/2024(H5N1)	961	5188
PA|PP755594.1|A/cattle/Texas/24-008749-003/2024(H5N1)	962	5204
PA|PP755594.1|A/cattle/Texas/24-008749-003/2024(H5N1)	963	5179
PA|PP755594.1|A/cattle/Texas/24-008749-003/2024(H5N1)	964	5146
PA|PP755594.1|A/cattle/Texas/24-008749-003/2024(H5N1)	965	5211
PA|PP755594.1|A/cattle/Texas/24-008749-003/2024(H5N1)	966	5152
PA|PP755594.1|A/cattle/Texas/24-008749-003/2024(H5N1)	967	5152
PA|PP755594.1|A/cattle/Texas/24-008749-003/2024(H5N1)	968	5111
PA|PP755594.1|A/cattle/Texas/24-008749-003/2024(H5N1)	969	5140
PA|PP755594.1|A/cattle/Texas/24-008749-003/2024(H5N1)	970	5111
PA|PP755594.1|A/cattle/Texas/24-008749-003/2024(H5N1)	971	5084
PA|PP755594.1|A/cattle/Texas/24-008749-003/2024(H5N1)	972	5091
PA|PP755594.1|A/cattle/Texas/24-008749-003/2024(H5N1)	973	4615
PA|PP755594.1|A/cattle/Texas/24-008749-003/2024(H5N1)	974	4404
PA|PP755594.1|A/cattle/Texas/24-008749-003/2024(H5N1)	975	4404
PA|PP755594.1|A/cattle/Texas/24-008749-003/2024(H5N1)	976	4414
PA|PP755594.1|A/cattle/Texas/24-008749-003/2024(H5N1)	977	4415
PA|PP755594.1|A/cattle/Texas/24-008749-003/2024(H5N1)	978	4185
PA|PP755594.1|A/cattle/Texas/24-008749-003/2024(H5N1)	979	4187
PA|PP755594.1|A/cattle/Texas/24-008749-003/2024(H5N1)	980	4180
PA|PP755594.1|A/cattle/Texas/24-008749-003/2024(H5N1)	981	4123
PA|PP755594.1|A/cattle/Texas/24-008749-003/2024(H5N1)	982	4177
PA|PP755594.1|A/cattle/Texas/24-008749-003/2024(H5N1)	983	4178
PA|PP755594.1|A/cattle/Texas/24-008749-003/2024(H5N1)	984	4266
PA|PP755594.1|A/cattle/Texas/24-008749-003/2024(H5N1)	985	5547
PA|PP755594.1|A/cattle/Texas/24-008749-003/2024(H5N1)	986	6344
PA|PP755594.1|A/cattle/Texas/24-008749-003/2024(H5N1)	987	6400
PA|PP755594.1|A/cattle/Texas/24-008749-003/2024(H5N1)	988	6400
PA|PP755594.1|A/cattle/Texas/24-008749-003/2024(H5N1)	989	6400
PA|PP755594.1|A/cattle/Texas/24-008749-003/2024(H5N1)	990	6433
PA|PP755594.1|A/cattle/Texas/24-008749-003/2024(H5N1)	991	6479
PA|PP755594.1|A/cattle/Texas/24-008749-003/2024(H5N1)	992	6886
PA|PP755594.1|A/cattle/Texas/24-008749-003/2024(H5N1)	993	8347
PA|PP755594.1|A/cattle/Texas/24-008749-003/2024(H5N1)	994	8330
PA|PP755594.1|A/cattle/Texas/24-008749-003/2024(H5N1)	995	8495
PA|PP755594.1|A/cattle/Texas/24-008749-003/2024(H5N1)	996	8490
PA|PP755594.1|A/cattle/Texas/24-008749-003/2024(H5N1)	997	8976
PA|PP755594.1|A/cattle/Texas/24-008749-003/2024(H5N1)	998	9020
PA|PP755594.1|A/cattle/Texas/24-008749-003/2024(H5N1)	999	9040
PA|PP755594.1|A/cattle/Texas/24-008749-003/2024(H5N1)	1000	9027
PA|PP755594.1|A/cattle/Texas/24-008749-003/2024(H5N1)	1001	8999
PA|PP755594.1|A/cattle/Texas/24-008749-003/2024(H5N1)	1002	9151
PA|PP755594.1|A/cattle/Texas/24-008749-003/2024(H5N1)	1003	9188
PA|PP755594.1|A/cattle/Texas/24-008749-003/2024(H5N1)	1004	9171
PA|PP755594.1|A/cattle/Texas/24-008749-003/2024(H5N1)	1005	9214
PA|PP755594.1|A/cattle/Texas/24-008749-003/2024(H5N1)	1006	9161
PA|PP755594.1|A/cattle/Texas/24-008749-003/2024(H5N1)	1007	9295
PA|PP755594.1|A/cattle/Texas/24-008749-003/2024(H5N1)	1008	9566
PA|PP755594.1|A/cattle/Texas/24-008749-003/2024(H5N1)	1009	9796
PA|PP755594.1|A/cattle/Texas/24-008749-003/2024(H5N1)	1010	9933
PA|PP755594.1|A/cattle/Texas/24-008749-003/2024(H5N1)	1011	9857
PA|PP755594.1|A/cattle/Texas/24-008749-003/2024(H5N1)	1012	9840
PA|PP755594.1|A/cattle/Texas/24-008749-003/2024(H5N1)	1013	9926
PA|PP755594.1|A/cattle/Texas/24-008749-003/2024(H5N1)	1014	9965
PA|PP755594.1|A/cattle/Texas/24-008749-003/2024(H5N1)	1015	10176
PA|PP755594.1|A/cattle/Texas/24-008749-003/2024(H5N1)	1016	10222
PA|PP755594.1|A/cattle/Texas/24-008749-003/2024(H5N1)	1017	10192
PA|PP755594.1|A/cattle/Texas/24-008749-003/2024(H5N1)	1018	10110
PA|PP755594.1|A/cattle/Texas/24-008749-003/2024(H5N1)	1019	10035
PA|PP755594.1|A/cattle/Texas/24-008749-003/2024(H5N1)	1020	10278
PA|PP755594.1|A/cattle/Texas/24-008749-003/2024(H5N1)	1021	10307
PA|PP755594.1|A/cattle/Texas/24-008749-003/2024(H5N1)	1022	10277
PA|PP755594.1|A/cattle/Texas/24-008749-003/2024(H5N1)	1023	10293
PA|PP755594.1|A/cattle/Texas/24-008749-003/2024(H5N1)	1024	11708
PA|PP755594.1|A/cattle/Texas/24-008749-003/2024(H5N1)	1025	11752
PA|PP755594.1|A/cattle/Texas/24-008749-003/2024(H5N1)	1026	11901
PA|PP755594.1|A/cattle/Texas/24-008749-003/2024(H5N1)	1027	11849
PA|PP755594.1|A/cattle/Texas/24-008749-003/2024(H5N1)	1028	11857
PA|PP755594.1|A/cattle/Texas/24-008749-003/2024(H5N1)	1029	11746
PA|PP755594.1|A/cattle/Texas/24-008749-003/2024(H5N1)	1030	11839
PA|PP755594.1|A/cattle/Texas/24-008749-003/2024(H5N1)	1031	11917
PA|PP755594.1|A/cattle/Texas/24-008749-003/2024(H5N1)	1032	12413
PA|PP755594.1|A/cattle/Texas/24-008749-003/2024(H5N1)	1033	13151
PA|PP755594.1|A/cattle/Texas/24-008749-003/2024(H5N1)	1034	13543
PA|PP755594.1|A/cattle/Texas/24-008749-003/2024(H5N1)	1035	13466
PA|PP755594.1|A/cattle/Texas/24-008749-003/2024(H5N1)	1036	13447
PA|PP755594.1|A/cattle/Texas/24-008749-003/2024(H5N1)	1037	13502
PA|PP755594.1|A/cattle/Texas/24-008749-003/2024(H5N1)	1038	13486
PA|PP755594.1|A/cattle/Texas/24-008749-003/2024(H5N1)	1039	13482
PA|PP755594.1|A/cattle/Texas/24-008749-003/2024(H5N1)	1040	13400
PA|PP755594.1|A/cattle/Texas/24-008749-003/2024(H5N1)	1041	13366
PA|PP755594.1|A/cattle/Texas/24-008749-003/2024(H5N1)	1042	12748
PA|PP755594.1|A/cattle/Texas/24-008749-003/2024(H5N1)	1043	12890
PA|PP755594.1|A/cattle/Texas/24-008749-003/2024(H5N1)	1044	12888
PA|PP755594.1|A/cattle/Texas/24-008749-003/2024(H5N1)	1045	12910
PA|PP755594.1|A/cattle/Texas/24-008749-003/2024(H5N1)	1046	12918
PA|PP755594.1|A/cattle/Texas/24-008749-003/2024(H5N1)	1047	12996
PA|PP755594.1|A/cattle/Texas/24-008749-003/2024(H5N1)	1048	13042
PA|PP755594.1|A/cattle/Texas/24-008749-003/2024(H5N1)	1049	13048
PA|PP755594.1|A/cattle/Texas/24-008749-003/2024(H5N1)	1050	13051
PA|PP755594.1|A/cattle/Texas/24-008749-003/2024(H5N1)	1051	12996
PA|PP755594.1|A/cattle/Texas/24-008749-003/2024(H5N1)	1052	12877
PA|PP755594.1|A/cattle/Texas/24-008749-003/2024(H5N1)	1053	12855
PA|PP755594.1|A/cattle/Texas/24-008749-003/2024(H5N1)	1054	13038
PA|PP755594.1|A/cattle/Texas/24-008749-003/2024(H5N1)	1055	13017
PA|PP755594.1|A/cattle/Texas/24-008749-003/2024(H5N1)	1056	13057
PA|PP755594.1|A/cattle/Texas/24-008749-003/2024(H5N1)	1057	14032
PA|PP755594.1|A/cattle/Texas/24-008749-003/2024(H5N1)	1058	14007
PA|PP755594.1|A/cattle/Texas/24-008749-003/2024(H5N1)	1059	14006
PA|PP755594.1|A/cattle/Texas/24-008749-003/2024(H5N1)	1060	14070
PA|PP755594.1|A/cattle/Texas/24-008749-003/2024(H5N1)	1061	14111
PA|PP755594.1|A/cattle/Texas/24-008749-003/2024(H5N1)	1062	14138
PA|PP755594.1|A/cattle/Texas/24-008749-003/2024(H5N1)	1063	14116
PA|PP755594.1|A/cattle/Texas/24-008749-003/2024(H5N1)	1064	14121
PA|PP755594.1|A/cattle/Texas/24-008749-003/2024(H5N1)	1065	14330
PA|PP755594.1|A/cattle/Texas/24-008749-003/2024(H5N1)	1066	14345
PA|PP755594.1|A/cattle/Texas/24-008749-003/2024(H5N1)	1067	14414
PA|PP755594.1|A/cattle/Texas/24-008749-003/2024(H5N1)	1068	14418
PA|PP755594.1|A/cattle/Texas/24-008749-003/2024(H5N1)	1069	14441
PA|PP755594.1|A/cattle/Texas/24-008749-003/2024(H5N1)	1070	14476
PA|PP755594.1|A/cattle/Texas/24-008749-003/2024(H5N1)	1071	14479
PA|PP755594.1|A/cattle/Texas/24-008749-003/2024(H5N1)	1072	15154
PA|PP755594.1|A/cattle/Texas/24-008749-003/2024(H5N1)	1073	15151
PA|PP755594.1|A/cattle/Texas/24-008749-003/2024(H5N1)	1074	15205
PA|PP755594.1|A/cattle/Texas/24-008749-003/2024(H5N1)	1075	15269
PA|PP755594.1|A/cattle/Texas/24-008749-003/2024(H5N1)	1076	15295
PA|PP755594.1|A/cattle/Texas/24-008749-003/2024(H5N1)	1077	15328
PA|PP755594.1|A/cattle/Texas/24-008749-003/2024(H5N1)	1078	15327
PA|PP755594.1|A/cattle/Texas/24-008749-003/2024(H5N1)	1079	15334
PA|PP755594.1|A/cattle/Texas/24-008749-003/2024(H5N1)	1080	15525
PA|PP755594.1|A/cattle/Texas/24-008749-003/2024(H5N1)	1081	15526
PA|PP755594.1|A/cattle/Texas/24-008749-003/2024(H5N1)	1082	15527
PA|PP755594.1|A/cattle/Texas/24-008749-003/2024(H5N1)	1083	15536
PA|PP755594.1|A/cattle/Texas/24-008749-003/2024(H5N1)	1084	15515
PA|PP755594.1|A/cattle/Texas/24-008749-003/2024(H5N1)	1085	15583
PA|PP755594.1|A/cattle/Texas/24-008749-003/2024(H5N1)	1086	15574
PA|PP755594.1|A/cattle/Texas/24-008749-003/2024(H5N1)	1087	15566
PA|PP755594.1|A/cattle/Texas/24-008749-003/2024(H5N1)	1088	15573
PA|PP755594.1|A/cattle/Texas/24-008749-003/2024(H5N1)	1089	15454
PA|PP755594.1|A/cattle/Texas/24-008749-003/2024(H5N1)	1090	15476
PA|PP755594.1|A/cattle/Texas/24-008749-003/2024(H5N1)	1091	15481
PA|PP755594.1|A/cattle/Texas/24-008749-003/2024(H5N1)	1092	15493
PA|PP755594.1|A/cattle/Texas/24-008749-003/2024(H5N1)	1093	15651
PA|PP755594.1|A/cattle/Texas/24-008749-003/2024(H5N1)	1094	15610
PA|PP755594.1|A/cattle/Texas/24-008749-003/2024(H5N1)	1095	15642
PA|PP755594.1|A/cattle/Texas/24-008749-003/2024(H5N1)	1096	15646
PA|PP755594.1|A/cattle/Texas/24-008749-003/2024(H5N1)	1097	15644
PA|PP755594.1|A/cattle/Texas/24-008749-003/2024(H5N1)	1098	15691
PA|PP755594.1|A/cattle/Texas/24-008749-003/2024(H5N1)	1099	15649
PA|PP755594.1|A/cattle/Texas/24-008749-003/2024(H5N1)	1100	15727
PA|PP755594.1|A/cattle/Texas/24-008749-003/2024(H5N1)	1101	15729
PA|PP755594.1|A/cattle/Texas/24-008749-003/2024(H5N1)	1102	15540
PA|PP755594.1|A/cattle/Texas/24-008749-003/2024(H5N1)	1103	15546
PA|PP755594.1|A/cattle/Texas/24-008749-003/2024(H5N1)	1104	15526
PA|PP755594.1|A/cattle/Texas/24-008749-003/2024(H5N1)	1105	15527
PA|PP755594.1|A/cattle/Texas/24-008749-003/2024(H5N1)	1106	15553
PA|PP755594.1|A/cattle/Texas/24-008749-003/2024(H5N1)	1107	15515
PA|PP755594.1|A/cattle/Texas/24-008749-003/2024(H5N1)	1108	15555
PA|PP755594.1|A/cattle/Texas/24-008749-003/2024(H5N1)	1109	15483
PA|PP755594.1|A/cattle/Texas/24-008749-003/2024(H5N1)	1110	15487
PA|PP755594.1|A/cattle/Texas/24-008749-003/2024(H5N1)	1111	15709
PA|PP755594.1|A/cattle/Texas/24-008749-003/2024(H5N1)	1112	15704
PA|PP755594.1|A/cattle/Texas/24-008749-003/2024(H5N1)	1113	15659
PA|PP755594.1|A/cattle/Texas/24-008749-003/2024(H5N1)	1114	15666
PA|PP755594.1|A/cattle/Texas/24-008749-003/2024(H5N1)	1115	15566
PA|PP755594.1|A/cattle/Texas/24-008749-003/2024(H5N1)	1116	15657
PA|PP755594.1|A/cattle/Texas/24-008749-003/2024(H5N1)	1117	15530
PA|PP755594.1|A/cattle/Texas/24-008749-003/2024(H5N1)	1118	15525
PA|PP755594.1|A/cattle/Texas/24-008749-003/2024(H5N1)	1119	15510
PA|PP755594.1|A/cattle/Texas/24-008749-003/2024(H5N1)	1120	15105
PA|PP755594.1|A/cattle/Texas/24-008749-003/2024(H5N1)	1121	15061
PA|PP755594.1|A/cattle/Texas/24-008749-003/2024(H5N1)	1122	15045
PA|PP755594.1|A/cattle/Texas/24-008749-003/2024(H5N1)	1123	15029
PA|PP755594.1|A/cattle/Texas/24-008749-003/2024(H5N1)	1124	15032
PA|PP755594.1|A/cattle/Texas/24-008749-003/2024(H5N1)	1125	14726
PA|PP755594.1|A/cattle/Texas/24-008749-003/2024(H5N1)	1126	14708
PA|PP755594.1|A/cattle/Texas/24-008749-003/2024(H5N1)	1127	14708
PA|PP755594.1|A/cattle/Texas/24-008749-003/2024(H5N1)	1128	14700
PA|PP755594.1|A/cattle/Texas/24-008749-003/2024(H5N1)	1129	14703
PA|PP755594.1|A/cattle/Texas/24-008749-003/2024(H5N1)	1130	14688
PA|PP755594.1|A/cattle/Texas/24-008749-003/2024(H5N1)	1131	14696
PA|PP755594.1|A/cattle/Texas/24-008749-003/2024(H5N1)	1132	14655
PA|PP755594.1|A/cattle/Texas/24-008749-003/2024(H5N1)	1133	14646
PA|PP755594.1|A/cattle/Texas/24-008749-003/2024(H5N1)	1134	14637
PA|PP755594.1|A/cattle/Texas/24-008749-003/2024(H5N1)	1135	14590
PA|PP755594.1|A/cattle/Texas/24-008749-003/2024(H5N1)	1136	13620
PA|PP755594.1|A/cattle/Texas/24-008749-003/2024(H5N1)	1137	13001
PA|PP755594.1|A/cattle/Texas/24-008749-003/2024(H5N1)	1138	12906
PA|PP755594.1|A/cattle/Texas/24-008749-003/2024(H5N1)	1139	12963
PA|PP755594.1|A/cattle/Texas/24-008749-003/2024(H5N1)	1140	12936
PA|PP755594.1|A/cattle/Texas/24-008749-003/2024(H5N1)	1141	12859
PA|PP755594.1|A/cattle/Texas/24-008749-003/2024(H5N1)	1142	12843
PA|PP755594.1|A/cattle/Texas/24-008749-003/2024(H5N1)	1143	12553
PA|PP755594.1|A/cattle/Texas/24-008749-003/2024(H5N1)	1144	11445
PA|PP755594.1|A/cattle/Texas/24-008749-003/2024(H5N1)	1145	11361
PA|PP755594.1|A/cattle/Texas/24-008749-003/2024(H5N1)	1146	11178
PA|PP755594.1|A/cattle/Texas/24-008749-003/2024(H5N1)	1147	11137
PA|PP755594.1|A/cattle/Texas/24-008749-003/2024(H5N1)	1148	10640
PA|PP755594.1|A/cattle/Texas/24-008749-003/2024(H5N1)	1149	10634
PA|PP755594.1|A/cattle/Texas/24-008749-003/2024(H5N1)	1150	10603
PA|PP755594.1|A/cattle/Texas/24-008749-003/2024(H5N1)	1151	10675
PA|PP755594.1|A/cattle/Texas/24-008749-003/2024(H5N1)	1152	10488
PA|PP755594.1|A/cattle/Texas/24-008749-003/2024(H5N1)	1153	10475
PA|PP755594.1|A/cattle/Texas/24-008749-003/2024(H5N1)	1154	10409
PA|PP755594.1|A/cattle/Texas/24-008749-003/2024(H5N1)	1155	10339
PA|PP755594.1|A/cattle/Texas/24-008749-003/2024(H5N1)	1156	10334
PA|PP755594.1|A/cattle/Texas/24-008749-003/2024(H5N1)	1157	10319
PA|PP755594.1|A/cattle/Texas/24-008749-003/2024(H5N1)	1158	10040
PA|PP755594.1|A/cattle/Texas/24-008749-003/2024(H5N1)	1159	9866
PA|PP755594.1|A/cattle/Texas/24-008749-003/2024(H5N1)	1160	9351
PA|PP755594.1|A/cattle/Texas/24-008749-003/2024(H5N1)	1161	9228
PA|PP755594.1|A/cattle/Texas/24-008749-003/2024(H5N1)	1162	9237
PA|PP755594.1|A/cattle/Texas/24-008749-003/2024(H5N1)	1163	9260
PA|PP755594.1|A/cattle/Texas/24-008749-003/2024(H5N1)	1164	9191
PA|PP755594.1|A/cattle/Texas/24-008749-003/2024(H5N1)	1165	9141
PA|PP755594.1|A/cattle/Texas/24-008749-003/2024(H5N1)	1166	19090
PA|PP755594.1|A/cattle/Texas/24-008749-003/2024(H5N1)	1167	19107
PA|PP755594.1|A/cattle/Texas/24-008749-003/2024(H5N1)	1168	19194
PA|PP755594.1|A/cattle/Texas/24-008749-003/2024(H5N1)	1169	19399
PA|PP755594.1|A/cattle/Texas/24-008749-003/2024(H5N1)	1170	19424
PA|PP755594.1|A/cattle/Texas/24-008749-003/2024(H5N1)	1171	19454
PA|PP755594.1|A/cattle/Texas/24-008749-003/2024(H5N1)	1172	19478
PA|PP755594.1|A/cattle/Texas/24-008749-003/2024(H5N1)	1173	19487
PA|PP755594.1|A/cattle/Texas/24-008749-003/2024(H5N1)	1174	21390
PA|PP755594.1|A/cattle/Texas/24-008749-003/2024(H5N1)	1175	19277
PA|PP755594.1|A/cattle/Texas/24-008749-003/2024(H5N1)	1176	20997
PA|PP755594.1|A/cattle/Texas/24-008749-003/2024(H5N1)	1177	21184
PA|PP755594.1|A/cattle/Texas/24-008749-003/2024(H5N1)	1178	21217
PA|PP755594.1|A/cattle/Texas/24-008749-003/2024(H5N1)	1179	21426
PA|PP755594.1|A/cattle/Texas/24-008749-003/2024(H5N1)	1180	21388
PA|PP755594.1|A/cattle/Texas/24-008749-003/2024(H5N1)	1181	21449
PA|PP755594.1|A/cattle/Texas/24-008749-003/2024(H5N1)	1182	21409
PA|PP755594.1|A/cattle/Texas/24-008749-003/2024(H5N1)	1183	20740
PA|PP755594.1|A/cattle/Texas/24-008749-003/2024(H5N1)	1184	20633
PA|PP755594.1|A/cattle/Texas/24-008749-003/2024(H5N1)	1185	20534
PA|PP755594.1|A/cattle/Texas/24-008749-003/2024(H5N1)	1186	20573
PA|PP755594.1|A/cattle/Texas/24-008749-003/2024(H5N1)	1187	20676
PA|PP755594.1|A/cattle/Texas/24-008749-003/2024(H5N1)	1188	20651
PA|PP755594.1|A/cattle/Texas/24-008749-003/2024(H5N1)	1189	20770
PA|PP755594.1|A/cattle/Texas/24-008749-003/2024(H5N1)	1190	21211
PA|PP755594.1|A/cattle/Texas/24-008749-003/2024(H5N1)	1191	21243
PA|PP755594.1|A/cattle/Texas/24-008749-003/2024(H5N1)	1192	21634
PA|PP755594.1|A/cattle/Texas/24-008749-003/2024(H5N1)	1193	21555
PA|PP755594.1|A/cattle/Texas/24-008749-003/2024(H5N1)	1194	21460
PA|PP755594.1|A/cattle/Texas/24-008749-003/2024(H5N1)	1195	21682
PA|PP755594.1|A/cattle/Texas/24-008749-003/2024(H5N1)	1196	21769
PA|PP755594.1|A/cattle/Texas/24-008749-003/2024(H5N1)	1197	23256
PA|PP755594.1|A/cattle/Texas/24-008749-003/2024(H5N1)	1198	23343
PA|PP755594.1|A/cattle/Texas/24-008749-003/2024(H5N1)	1199	23370
PA|PP755594.1|A/cattle/Texas/24-008749-003/2024(H5N1)	1200	23409
PA|PP755594.1|A/cattle/Texas/24-008749-003/2024(H5N1)	1201	23168
PA|PP755594.1|A/cattle/Texas/24-008749-003/2024(H5N1)	1202	23314
PA|PP755594.1|A/cattle/Texas/24-008749-003/2024(H5N1)	1203	23828
PA|PP755594.1|A/cattle/Texas/24-008749-003/2024(H5N1)	1204	23860
PA|PP755594.1|A/cattle/Texas/24-008749-003/2024(H5N1)	1205	23876
PA|PP755594.1|A/cattle/Texas/24-008749-003/2024(H5N1)	1206	22658
PA|PP755594.1|A/cattle/Texas/24-008749-003/2024(H5N1)	1207	22845
PA|PP755594.1|A/cattle/Texas/24-008749-003/2024(H5N1)	1208	22880
PA|PP755594.1|A/cattle/Texas/24-008749-003/2024(H5N1)	1209	22899
PA|PP755594.1|A/cattle/Texas/24-008749-003/2024(H5N1)	1210	22908
PA|PP755594.1|A/cattle/Texas/24-008749-003/2024(H5N1)	1211	23434
PA|PP755594.1|A/cattle/Texas/24-008749-003/2024(H5N1)	1212	23411
PA|PP755594.1|A/cattle/Texas/24-008749-003/2024(H5N1)	1213	23366
PA|PP755594.1|A/cattle/Texas/24-008749-003/2024(H5N1)	1214	23839
PA|PP755594.1|A/cattle/Texas/24-008749-003/2024(H5N1)	1215	24204
PA|PP755594.1|A/cattle/Texas/24-008749-003/2024(H5N1)	1216	23882
PA|PP755594.1|A/cattle/Texas/24-008749-003/2024(H5N1)	1217	24024
PA|PP755594.1|A/cattle/Texas/24-008749-003/2024(H5N1)	1218	24200
PA|PP755594.1|A/cattle/Texas/24-008749-003/2024(H5N1)	1219	24457
PA|PP755594.1|A/cattle/Texas/24-008749-003/2024(H5N1)	1220	24478
PA|PP755594.1|A/cattle/Texas/24-008749-003/2024(H5N1)	1221	24480
PA|PP755594.1|A/cattle/Texas/24-008749-003/2024(H5N1)	1222	24470
PA|PP755594.1|A/cattle/Texas/24-008749-003/2024(H5N1)	1223	23352
PA|PP755594.1|A/cattle/Texas/24-008749-003/2024(H5N1)	1224	23519
PA|PP755594.1|A/cattle/Texas/24-008749-003/2024(H5N1)	1225	24551
PA|PP755594.1|A/cattle/Texas/24-008749-003/2024(H5N1)	1226	24545
PA|PP755594.1|A/cattle/Texas/24-008749-003/2024(H5N1)	1227	24843
PA|PP755594.1|A/cattle/Texas/24-008749-003/2024(H5N1)	1228	25448
PA|PP755594.1|A/cattle/Texas/24-008749-003/2024(H5N1)	1229	25870
PA|PP755594.1|A/cattle/Texas/24-008749-003/2024(H5N1)	1230	26076
PA|PP755594.1|A/cattle/Texas/24-008749-003/2024(H5N1)	1231	26371
PA|PP755594.1|A/cattle/Texas/24-008749-003/2024(H5N1)	1232	26405
PA|PP755594.1|A/cattle/Texas/24-008749-003/2024(H5N1)	1233	26993
PA|PP755594.1|A/cattle/Texas/24-008749-003/2024(H5N1)	1234	27032
PA|PP755594.1|A/cattle/Texas/24-008749-003/2024(H5N1)	1235	27565
PA|PP755594.1|A/cattle/Texas/24-008749-003/2024(H5N1)	1236	27579
PA|PP755594.1|A/cattle/Texas/24-008749-003/2024(H5N1)	1237	27637
PA|PP755594.1|A/cattle/Texas/24-008749-003/2024(H5N1)	1238	27690
PA|PP755594.1|A/cattle/Texas/24-008749-003/2024(H5N1)	1239	27872
PA|PP755594.1|A/cattle/Texas/24-008749-003/2024(H5N1)	1240	28002
PA|PP755594.1|A/cattle/Texas/24-008749-003/2024(H5N1)	1241	28231
PA|PP755594.1|A/cattle/Texas/24-008749-003/2024(H5N1)	1242	29695
PA|PP755594.1|A/cattle/Texas/24-008749-003/2024(H5N1)	1243	30649
PA|PP755594.1|A/cattle/Texas/24-008749-003/2024(H5N1)	1244	30669
PA|PP755594.1|A/cattle/Texas/24-008749-003/2024(H5N1)	1245	32450
PA|PP755594.1|A/cattle/Texas/24-008749-003/2024(H5N1)	1246	32470
PA|PP755594.1|A/cattle/Texas/24-008749-003/2024(H5N1)	1247	32646
PA|PP755594.1|A/cattle/Texas/24-008749-003/2024(H5N1)	1248	33891
PA|PP755594.1|A/cattle/Texas/24-008749-003/2024(H5N1)	1249	33962
PA|PP755594.1|A/cattle/Texas/24-008749-003/2024(H5N1)	1250	35137
PA|PP755594.1|A/cattle/Texas/24-008749-003/2024(H5N1)	1251	35223
PA|PP755594.1|A/cattle/Texas/24-008749-003/2024(H5N1)	1252	35221
PA|PP755594.1|A/cattle/Texas/24-008749-003/2024(H5N1)	1253	35224
PA|PP755594.1|A/cattle/Texas/24-008749-003/2024(H5N1)	1254	35202
PA|PP755594.1|A/cattle/Texas/24-008749-003/2024(H5N1)	1255	35327
PA|PP755594.1|A/cattle/Texas/24-008749-003/2024(H5N1)	1256	35362
PA|PP755594.1|A/cattle/Texas/24-008749-003/2024(H5N1)	1257	35362
PA|PP755594.1|A/cattle/Texas/24-008749-003/2024(H5N1)	1258	35364
PA|PP755594.1|A/cattle/Texas/24-008749-003/2024(H5N1)	1259	35358
PA|PP755594.1|A/cattle/Texas/24-008749-003/2024(H5N1)	1260	35457
PA|PP755594.1|A/cattle/Texas/24-008749-003/2024(H5N1)	1261	35483
PA|PP755594.1|A/cattle/Texas/24-008749-003/2024(H5N1)	1262	35468
PA|PP755594.1|A/cattle/Texas/24-008749-003/2024(H5N1)	1263	35468
PA|PP755594.1|A/cattle/Texas/24-008749-003/2024(H5N1)	1264	35407
PA|PP755594.1|A/cattle/Texas/24-008749-003/2024(H5N1)	1265	35550
PA|PP755594.1|A/cattle/Texas/24-008749-003/2024(H5N1)	1266	35601
PA|PP755594.1|A/cattle/Texas/24-008749-003/2024(H5N1)	1267	35593
PA|PP755594.1|A/cattle/Texas/24-008749-003/2024(H5N1)	1268	35593
PA|PP755594.1|A/cattle/Texas/24-008749-003/2024(H5N1)	1269	35526
PA|PP755594.1|A/cattle/Texas/24-008749-003/2024(H5N1)	1270	35605
PA|PP755594.1|A/cattle/Texas/24-008749-003/2024(H5N1)	1271	35663
PA|PP755594.1|A/cattle/Texas/24-008749-003/2024(H5N1)	1272	35665
PA|PP755594.1|A/cattle/Texas/24-008749-003/2024(H5N1)	1273	35666
PA|PP755594.1|A/cattle/Texas/24-008749-003/2024(H5N1)	1274	35572
PA|PP755594.1|A/cattle/Texas/24-008749-003/2024(H5N1)	1275	35594
PA|PP755594.1|A/cattle/Texas/24-008749-003/2024(H5N1)	1276	35618
PA|PP755594.1|A/cattle/Texas/24-008749-003/2024(H5N1)	1277	35630
PA|PP755594.1|A/cattle/Texas/24-008749-003/2024(H5N1)	1278	35633
PA|PP755594.1|A/cattle/Texas/24-008749-003/2024(H5N1)	1279	35631
PA|PP755594.1|A/cattle/Texas/24-008749-003/2024(H5N1)	1280	35719
PA|PP755594.1|A/cattle/Texas/24-008749-003/2024(H5N1)	1281	35869
PA|PP755594.1|A/cattle/Texas/24-008749-003/2024(H5N1)	1282	35867
PA|PP755594.1|A/cattle/Texas/24-008749-003/2024(H5N1)	1283	35873
PA|PP755594.1|A/cattle/Texas/24-008749-003/2024(H5N1)	1284	35836
PA|PP755594.1|A/cattle/Texas/24-008749-003/2024(H5N1)	1285	36302
PA|PP755594.1|A/cattle/Texas/24-008749-003/2024(H5N1)	1286	36333
PA|PP755594.1|A/cattle/Texas/24-008749-003/2024(H5N1)	1287	36368
PA|PP755594.1|A/cattle/Texas/24-008749-003/2024(H5N1)	1288	36362
PA|PP755594.1|A/cattle/Texas/24-008749-003/2024(H5N1)	1289	36076
PA|PP755594.1|A/cattle/Texas/24-008749-003/2024(H5N1)	1290	35960
PA|PP755594.1|A/cattle/Texas/24-008749-003/2024(H5N1)	1291	35973
PA|PP755594.1|A/cattle/Texas/24-008749-003/2024(H5N1)	1292	36177
PA|PP755594.1|A/cattle/Texas/24-008749-003/2024(H5N1)	1293	36202
PA|PP755594.1|A/cattle/Texas/24-008749-003/2024(H5N1)	1294	35549
PA|PP755594.1|A/cattle/Texas/24-008749-003/2024(H5N1)	1295	35543
PA|PP755594.1|A/cattle/Texas/24-008749-003/2024(H5N1)	1296	35501
PA|PP755594.1|A/cattle/Texas/24-008749-003/2024(H5N1)	1297	35540
PA|PP755594.1|A/cattle/Texas/24-008749-003/2024(H5N1)	1298	35556
PA|PP755594.1|A/cattle/Texas/24-008749-003/2024(H5N1)	1299	35528
PA|PP755594.1|A/cattle/Texas/24-008749-003/2024(H5N1)	1300	35521
PA|PP755594.1|A/cattle/Texas/24-008749-003/2024(H5N1)	1301	35001
PA|PP755594.1|A/cattle/Texas/24-008749-003/2024(H5N1)	1302	34965
PA|PP755594.1|A/cattle/Texas/24-008749-003/2024(H5N1)	1303	35134
PA|PP755594.1|A/cattle/Texas/24-008749-003/2024(H5N1)	1304	35136
PA|PP755594.1|A/cattle/Texas/24-008749-003/2024(H5N1)	1305	35095
PA|PP755594.1|A/cattle/Texas/24-008749-003/2024(H5N1)	1306	35029
PA|PP755594.1|A/cattle/Texas/24-008749-003/2024(H5N1)	1307	35003
PA|PP755594.1|A/cattle/Texas/24-008749-003/2024(H5N1)	1308	35003
PA|PP755594.1|A/cattle/Texas/24-008749-003/2024(H5N1)	1309	35043
PA|PP755594.1|A/cattle/Texas/24-008749-003/2024(H5N1)	1310	35004
PA|PP755594.1|A/cattle/Texas/24-008749-003/2024(H5N1)	1311	35122
PA|PP755594.1|A/cattle/Texas/24-008749-003/2024(H5N1)	1312	34541
PA|PP755594.1|A/cattle/Texas/24-008749-003/2024(H5N1)	1313	34579
PA|PP755594.1|A/cattle/Texas/24-008749-003/2024(H5N1)	1314	34559
PA|PP755594.1|A/cattle/Texas/24-008749-003/2024(H5N1)	1315	34543
PA|PP755594.1|A/cattle/Texas/24-008749-003/2024(H5N1)	1316	26569
PA|PP755594.1|A/cattle/Texas/24-008749-003/2024(H5N1)	1317	26555
PA|PP755594.1|A/cattle/Texas/24-008749-003/2024(H5N1)	1318	26451
PA|PP755594.1|A/cattle/Texas/24-008749-003/2024(H5N1)	1319	26399
PA|PP755594.1|A/cattle/Texas/24-008749-003/2024(H5N1)	1320	25891
PA|PP755594.1|A/cattle/Texas/24-008749-003/2024(H5N1)	1321	25882
PA|PP755594.1|A/cattle/Texas/24-008749-003/2024(H5N1)	1322	25670
PA|PP755594.1|A/cattle/Texas/24-008749-003/2024(H5N1)	1323	25658
PA|PP755594.1|A/cattle/Texas/24-008749-003/2024(H5N1)	1324	25628
PA|PP755594.1|A/cattle/Texas/24-008749-003/2024(H5N1)	1325	24240
PA|PP755594.1|A/cattle/Texas/24-008749-003/2024(H5N1)	1326	24248
PA|PP755594.1|A/cattle/Texas/24-008749-003/2024(H5N1)	1327	22746
PA|PP755594.1|A/cattle/Texas/24-008749-003/2024(H5N1)	1328	22630
PA|PP755594.1|A/cattle/Texas/24-008749-003/2024(H5N1)	1329	22629
PA|PP755594.1|A/cattle/Texas/24-008749-003/2024(H5N1)	1330	22453
PA|PP755594.1|A/cattle/Texas/24-008749-003/2024(H5N1)	1331	22454
PA|PP755594.1|A/cattle/Texas/24-008749-003/2024(H5N1)	1332	22586
PA|PP755594.1|A/cattle/Texas/24-008749-003/2024(H5N1)	1333	22312
PA|PP755594.1|A/cattle/Texas/24-008749-003/2024(H5N1)	1334	23246
PA|PP755594.1|A/cattle/Texas/24-008749-003/2024(H5N1)	1335	23074
PA|PP755594.1|A/cattle/Texas/24-008749-003/2024(H5N1)	1336	22957
PA|PP755594.1|A/cattle/Texas/24-008749-003/2024(H5N1)	1337	23001
PA|PP755594.1|A/cattle/Texas/24-008749-003/2024(H5N1)	1338	22880
PA|PP755594.1|A/cattle/Texas/24-008749-003/2024(H5N1)	1339	22786
PA|PP755594.1|A/cattle/Texas/24-008749-003/2024(H5N1)	1340	22983
PA|PP755594.1|A/cattle/Texas/24-008749-003/2024(H5N1)	1341	22407
PA|PP755594.1|A/cattle/Texas/24-008749-003/2024(H5N1)	1342	22556
PA|PP755594.1|A/cattle/Texas/24-008749-003/2024(H5N1)	1343	22173
PA|PP755594.1|A/cattle/Texas/24-008749-003/2024(H5N1)	1344	22185
PA|PP755594.1|A/cattle/Texas/24-008749-003/2024(H5N1)	1345	23232
PA|PP755594.1|A/cattle/Texas/24-008749-003/2024(H5N1)	1346	23257
PA|PP755594.1|A/cattle/Texas/24-008749-003/2024(H5N1)	1347	23489
PA|PP755594.1|A/cattle/Texas/24-008749-003/2024(H5N1)	1348	22486
PA|PP755594.1|A/cattle/Texas/24-008749-003/2024(H5N1)	1349	22369
PA|PP755594.1|A/cattle/Texas/24-008749-003/2024(H5N1)	1350	22455
PA|PP755594.1|A/cattle/Texas/24-008749-003/2024(H5N1)	1351	23021
PA|PP755594.1|A/cattle/Texas/24-008749-003/2024(H5N1)	1352	22939
PA|PP755594.1|A/cattle/Texas/24-008749-003/2024(H5N1)	1353	23224
PA|PP755594.1|A/cattle/Texas/24-008749-003/2024(H5N1)	1354	22551
PA|PP755594.1|A/cattle/Texas/24-008749-003/2024(H5N1)	1355	22230
PA|PP755594.1|A/cattle/Texas/24-008749-003/2024(H5N1)	1356	22531
PA|PP755594.1|A/cattle/Texas/24-008749-003/2024(H5N1)	1357	22349
PA|PP755594.1|A/cattle/Texas/24-008749-003/2024(H5N1)	1358	22267
PA|PP755594.1|A/cattle/Texas/24-008749-003/2024(H5N1)	1359	22192
PA|PP755594.1|A/cattle/Texas/24-008749-003/2024(H5N1)	1360	21397
PA|PP755594.1|A/cattle/Texas/24-008749-003/2024(H5N1)	1361	21501
PA|PP755594.1|A/cattle/Texas/24-008749-003/2024(H5N1)	1362	21342
PA|PP755594.1|A/cattle/Texas/24-008749-003/2024(H5N1)	1363	21417
PA|PP755594.1|A/cattle/Texas/24-008749-003/2024(H5N1)	1364	21299
PA|PP755594.1|A/cattle/Texas/24-008749-003/2024(H5N1)	1365	20895
PA|PP755594.1|A/cattle/Texas/24-008749-003/2024(H5N1)	1366	21407
PA|PP755594.1|A/cattle/Texas/24-008749-003/2024(H5N1)	1367	21354
PA|PP755594.1|A/cattle/Texas/24-008749-003/2024(H5N1)	1368	21304
PA|PP755594.1|A/cattle/Texas/24-008749-003/2024(H5N1)	1369	21463
PA|PP755594.1|A/cattle/Texas/24-008749-003/2024(H5N1)	1370	21229
PA|PP755594.1|A/cattle/Texas/24-008749-003/2024(H5N1)	1371	21411
PA|PP755594.1|A/cattle/Texas/24-008749-003/2024(H5N1)	1372	21365
PA|PP755594.1|A/cattle/Texas/24-008749-003/2024(H5N1)	1373	21178
PA|PP755594.1|A/cattle/Texas/24-008749-003/2024(H5N1)	1374	21163
PA|PP755594.1|A/cattle/Texas/24-008749-003/2024(H5N1)	1375	20061
PA|PP755594.1|A/cattle/Texas/24-008749-003/2024(H5N1)	1376	20091
PA|PP755594.1|A/cattle/Texas/24-008749-003/2024(H5N1)	1377	19984
PA|PP755594.1|A/cattle/Texas/24-008749-003/2024(H5N1)	1378	19871
PA|PP755594.1|A/cattle/Texas/24-008749-003/2024(H5N1)	1379	19445
PA|PP755594.1|A/cattle/Texas/24-008749-003/2024(H5N1)	1380	19086
PA|PP755594.1|A/cattle/Texas/24-008749-003/2024(H5N1)	1381	18989
PA|PP755594.1|A/cattle/Texas/24-008749-003/2024(H5N1)	1382	18652
PA|PP755594.1|A/cattle/Texas/24-008749-003/2024(H5N1)	1383	18644
PA|PP755594.1|A/cattle/Texas/24-008749-003/2024(H5N1)	1384	18564
PA|PP755594.1|A/cattle/Texas/24-008749-003/2024(H5N1)	1385	18940
PA|PP755594.1|A/cattle/Texas/24-008749-003/2024(H5N1)	1386	18320
PA|PP755594.1|A/cattle/Texas/24-008749-003/2024(H5N1)	1387	18609
PA|PP755594.1|A/cattle/Texas/24-008749-003/2024(H5N1)	1388	18560
PA|PP755594.1|A/cattle/Texas/24-008749-003/2024(H5N1)	1389	18563
PA|PP755594.1|A/cattle/Texas/24-008749-003/2024(H5N1)	1390	18659
PA|PP755594.1|A/cattle/Texas/24-008749-003/2024(H5N1)	1391	18502
PA|PP755594.1|A/cattle/Texas/24-008749-003/2024(H5N1)	1392	19265
PA|PP755594.1|A/cattle/Texas/24-008749-003/2024(H5N1)	1393	17234
PA|PP755594.1|A/cattle/Texas/24-008749-003/2024(H5N1)	1394	16418
PA|PP755594.1|A/cattle/Texas/24-008749-003/2024(H5N1)	1395	15637
PA|PP755594.1|A/cattle/Texas/24-008749-003/2024(H5N1)	1396	14234
PA|PP755594.1|A/cattle/Texas/24-008749-003/2024(H5N1)	1397	14413
PA|PP755594.1|A/cattle/Texas/24-008749-003/2024(H5N1)	1398	14311
PA|PP755594.1|A/cattle/Texas/24-008749-003/2024(H5N1)	1399	12501
PA|PP755594.1|A/cattle/Texas/24-008749-003/2024(H5N1)	1400	12530
PA|PP755594.1|A/cattle/Texas/24-008749-003/2024(H5N1)	1401	10773
PA|PP755594.1|A/cattle/Texas/24-008749-003/2024(H5N1)	1402	11768
PA|PP755594.1|A/cattle/Texas/24-008749-003/2024(H5N1)	1403	12264
PA|PP755594.1|A/cattle/Texas/24-008749-003/2024(H5N1)	1404	12341
PA|PP755594.1|A/cattle/Texas/24-008749-003/2024(H5N1)	1405	12482
PA|PP755594.1|A/cattle/Texas/24-008749-003/2024(H5N1)	1406	12456
PA|PP755594.1|A/cattle/Texas/24-008749-003/2024(H5N1)	1407	13975
PA|PP755594.1|A/cattle/Texas/24-008749-003/2024(H5N1)	1408	14000
PA|PP755594.1|A/cattle/Texas/24-008749-003/2024(H5N1)	1409	14409
PA|PP755594.1|A/cattle/Texas/24-008749-003/2024(H5N1)	1410	14788
PA|PP755594.1|A/cattle/Texas/24-008749-003/2024(H5N1)	1411	14739
PA|PP755594.1|A/cattle/Texas/24-008749-003/2024(H5N1)	1412	14751
PA|PP755594.1|A/cattle/Texas/24-008749-003/2024(H5N1)	1413	14847
PA|PP755594.1|A/cattle/Texas/24-008749-003/2024(H5N1)	1414	14817
PA|PP755594.1|A/cattle/Texas/24-008749-003/2024(H5N1)	1415	15469
PA|PP755594.1|A/cattle/Texas/24-008749-003/2024(H5N1)	1416	15616
PA|PP755594.1|A/cattle/Texas/24-008749-003/2024(H5N1)	1417	15635
PA|PP755594.1|A/cattle/Texas/24-008749-003/2024(H5N1)	1418	15660
PA|PP755594.1|A/cattle/Texas/24-008749-003/2024(H5N1)	1419	15772
PA|PP755594.1|A/cattle/Texas/24-008749-003/2024(H5N1)	1420	15691
PA|PP755594.1|A/cattle/Texas/24-008749-003/2024(H5N1)	1421	15934
PA|PP755594.1|A/cattle/Texas/24-008749-003/2024(H5N1)	1422	16026
PA|PP755594.1|A/cattle/Texas/24-008749-003/2024(H5N1)	1423	16029
PA|PP755594.1|A/cattle/Texas/24-008749-003/2024(H5N1)	1424	16741
PA|PP755594.1|A/cattle/Texas/24-008749-003/2024(H5N1)	1425	16688
PA|PP755594.1|A/cattle/Texas/24-008749-003/2024(H5N1)	1426	17109
PA|PP755594.1|A/cattle/Texas/24-008749-003/2024(H5N1)	1427	17723
PA|PP755594.1|A/cattle/Texas/24-008749-003/2024(H5N1)	1428	17968
PA|PP755594.1|A/cattle/Texas/24-008749-003/2024(H5N1)	1429	18056
PA|PP755594.1|A/cattle/Texas/24-008749-003/2024(H5N1)	1430	17991
PA|PP755594.1|A/cattle/Texas/24-008749-003/2024(H5N1)	1431	18016
PA|PP755594.1|A/cattle/Texas/24-008749-003/2024(H5N1)	1432	18051
PA|PP755594.1|A/cattle/Texas/24-008749-003/2024(H5N1)	1433	18080
PA|PP755594.1|A/cattle/Texas/24-008749-003/2024(H5N1)	1434	18065
PA|PP755594.1|A/cattle/Texas/24-008749-003/2024(H5N1)	1435	17861
PA|PP755594.1|A/cattle/Texas/24-008749-003/2024(H5N1)	1436	17898
PA|PP755594.1|A/cattle/Texas/24-008749-003/2024(H5N1)	1437	18043
PA|PP755594.1|A/cattle/Texas/24-008749-003/2024(H5N1)	1438	18051
PA|PP755594.1|A/cattle/Texas/24-008749-003/2024(H5N1)	1439	18054
PA|PP755594.1|A/cattle/Texas/24-008749-003/2024(H5N1)	1440	18042
PA|PP755594.1|A/cattle/Texas/24-008749-003/2024(H5N1)	1441	18054
PA|PP755594.1|A/cattle/Texas/24-008749-003/2024(H5N1)	1442	18070
PA|PP755594.1|A/cattle/Texas/24-008749-003/2024(H5N1)	1443	18081
PA|PP755594.1|A/cattle/Texas/24-008749-003/2024(H5N1)	1444	18082
PA|PP755594.1|A/cattle/Texas/24-008749-003/2024(H5N1)	1445	18061
PA|PP755594.1|A/cattle/Texas/24-008749-003/2024(H5N1)	1446	18029
PA|PP755594.1|A/cattle/Texas/24-008749-003/2024(H5N1)	1447	18028
PA|PP755594.1|A/cattle/Texas/24-008749-003/2024(H5N1)	1448	18025
PA|PP755594.1|A/cattle/Texas/24-008749-003/2024(H5N1)	1449	18023
PA|PP755594.1|A/cattle/Texas/24-008749-003/2024(H5N1)	1450	18044
PA|PP755594.1|A/cattle/Texas/24-008749-003/2024(H5N1)	1451	18039
PA|PP755594.1|A/cattle/Texas/24-008749-003/2024(H5N1)	1452	18078
PA|PP755594.1|A/cattle/Texas/24-008749-003/2024(H5N1)	1453	18090
PA|PP755594.1|A/cattle/Texas/24-008749-003/2024(H5N1)	1454	18119
PA|PP755594.1|A/cattle/Texas/24-008749-003/2024(H5N1)	1455	18146
PA|PP755594.1|A/cattle/Texas/24-008749-003/2024(H5N1)	1456	18189
PA|PP755594.1|A/cattle/Texas/24-008749-003/2024(H5N1)	1457	18206
PA|PP755594.1|A/cattle/Texas/24-008749-003/2024(H5N1)	1458	18210
PA|PP755594.1|A/cattle/Texas/24-008749-003/2024(H5N1)	1459	18299
PA|PP755594.1|A/cattle/Texas/24-008749-003/2024(H5N1)	1460	18305
PA|PP755594.1|A/cattle/Texas/24-008749-003/2024(H5N1)	1461	18250
PA|PP755594.1|A/cattle/Texas/24-008749-003/2024(H5N1)	1462	18241
PA|PP755594.1|A/cattle/Texas/24-008749-003/2024(H5N1)	1463	18221
PA|PP755594.1|A/cattle/Texas/24-008749-003/2024(H5N1)	1464	18428
PA|PP755594.1|A/cattle/Texas/24-008749-003/2024(H5N1)	1465	18401
PA|PP755594.1|A/cattle/Texas/24-008749-003/2024(H5N1)	1466	18393
PA|PP755594.1|A/cattle/Texas/24-008749-003/2024(H5N1)	1467	18388
PA|PP755594.1|A/cattle/Texas/24-008749-003/2024(H5N1)	1468	18244
PA|PP755594.1|A/cattle/Texas/24-008749-003/2024(H5N1)	1469	18354
PA|PP755594.1|A/cattle/Texas/24-008749-003/2024(H5N1)	1470	18366
PA|PP755594.1|A/cattle/Texas/24-008749-003/2024(H5N1)	1471	18380
PA|PP755594.1|A/cattle/Texas/24-008749-003/2024(H5N1)	1472	18401
PA|PP755594.1|A/cattle/Texas/24-008749-003/2024(H5N1)	1473	18073
PA|PP755594.1|A/cattle/Texas/24-008749-003/2024(H5N1)	1474	18092
PA|PP755594.1|A/cattle/Texas/24-008749-003/2024(H5N1)	1475	18102
PA|PP755594.1|A/cattle/Texas/24-008749-003/2024(H5N1)	1476	18101
PA|PP755594.1|A/cattle/Texas/24-008749-003/2024(H5N1)	1477	18117
PA|PP755594.1|A/cattle/Texas/24-008749-003/2024(H5N1)	1478	17907
PA|PP755594.1|A/cattle/Texas/24-008749-003/2024(H5N1)	1479	17872
PA|PP755594.1|A/cattle/Texas/24-008749-003/2024(H5N1)	1480	17844
PA|PP755594.1|A/cattle/Texas/24-008749-003/2024(H5N1)	1481	17827
PA|PP755594.1|A/cattle/Texas/24-008749-003/2024(H5N1)	1482	17817
PA|PP755594.1|A/cattle/Texas/24-008749-003/2024(H5N1)	1483	17651
PA|PP755594.1|A/cattle/Texas/24-008749-003/2024(H5N1)	1484	17655
PA|PP755594.1|A/cattle/Texas/24-008749-003/2024(H5N1)	1485	17058
PA|PP755594.1|A/cattle/Texas/24-008749-003/2024(H5N1)	1486	17008
PA|PP755594.1|A/cattle/Texas/24-008749-003/2024(H5N1)	1487	16977
PA|PP755594.1|A/cattle/Texas/24-008749-003/2024(H5N1)	1488	16936
PA|PP755594.1|A/cattle/Texas/24-008749-003/2024(H5N1)	1489	16798
PA|PP755594.1|A/cattle/Texas/24-008749-003/2024(H5N1)	1490	16921
PA|PP755594.1|A/cattle/Texas/24-008749-003/2024(H5N1)	1491	16731
PA|PP755594.1|A/cattle/Texas/24-008749-003/2024(H5N1)	1492	16744
PA|PP755594.1|A/cattle/Texas/24-008749-003/2024(H5N1)	1493	16694
PA|PP755594.1|A/cattle/Texas/24-008749-003/2024(H5N1)	1494	16642
PA|PP755594.1|A/cattle/Texas/24-008749-003/2024(H5N1)	1495	18354
PA|PP755594.1|A/cattle/Texas/24-008749-003/2024(H5N1)	1496	17804
PA|PP755594.1|A/cattle/Texas/24-008749-003/2024(H5N1)	1497	17797
PA|PP755594.1|A/cattle/Texas/24-008749-003/2024(H5N1)	1498	17398
PA|PP755594.1|A/cattle/Texas/24-008749-003/2024(H5N1)	1499	16902
PA|PP755594.1|A/cattle/Texas/24-008749-003/2024(H5N1)	1500	17792
PA|PP755594.1|A/cattle/Texas/24-008749-003/2024(H5N1)	1501	17805
PA|PP755594.1|A/cattle/Texas/24-008749-003/2024(H5N1)	1502	17852
PA|PP755594.1|A/cattle/Texas/24-008749-003/2024(H5N1)	1503	18020
PA|PP755594.1|A/cattle/Texas/24-008749-003/2024(H5N1)	1504	17531
PA|PP755594.1|A/cattle/Texas/24-008749-003/2024(H5N1)	1505	17589
PA|PP755594.1|A/cattle/Texas/24-008749-003/2024(H5N1)	1506	17640
PA|PP755594.1|A/cattle/Texas/24-008749-003/2024(H5N1)	1507	17355
PA|PP755594.1|A/cattle/Texas/24-008749-003/2024(H5N1)	1508	17355
PA|PP755594.1|A/cattle/Texas/24-008749-003/2024(H5N1)	1509	17244
PA|PP755594.1|A/cattle/Texas/24-008749-003/2024(H5N1)	1510	17160
PA|PP755594.1|A/cattle/Texas/24-008749-003/2024(H5N1)	1511	17368
PA|PP755594.1|A/cattle/Texas/24-008749-003/2024(H5N1)	1512	17302
PA|PP755594.1|A/cattle/Texas/24-008749-003/2024(H5N1)	1513	17582
PA|PP755594.1|A/cattle/Texas/24-008749-003/2024(H5N1)	1514	17481
PA|PP755594.1|A/cattle/Texas/24-008749-003/2024(H5N1)	1515	17597
PA|PP755594.1|A/cattle/Texas/24-008749-003/2024(H5N1)	1516	17627
PA|PP755594.1|A/cattle/Texas/24-008749-003/2024(H5N1)	1517	17327
PA|PP755594.1|A/cattle/Texas/24-008749-003/2024(H5N1)	1518	17194
PA|PP755594.1|A/cattle/Texas/24-008749-003/2024(H5N1)	1519	17333
PA|PP755594.1|A/cattle/Texas/24-008749-003/2024(H5N1)	1520	17216
PA|PP755594.1|A/cattle/Texas/24-008749-003/2024(H5N1)	1521	17228
PA|PP755594.1|A/cattle/Texas/24-008749-003/2024(H5N1)	1522	16982
PA|PP755594.1|A/cattle/Texas/24-008749-003/2024(H5N1)	1523	17140
PA|PP755594.1|A/cattle/Texas/24-008749-003/2024(H5N1)	1524	17126
PA|PP755594.1|A/cattle/Texas/24-008749-003/2024(H5N1)	1525	17129
PA|PP755594.1|A/cattle/Texas/24-008749-003/2024(H5N1)	1526	17052
PA|PP755594.1|A/cattle/Texas/24-008749-003/2024(H5N1)	1527	17249
PA|PP755594.1|A/cattle/Texas/24-008749-003/2024(H5N1)	1528	17371
PA|PP755594.1|A/cattle/Texas/24-008749-003/2024(H5N1)	1529	17352
PA|PP755594.1|A/cattle/Texas/24-008749-003/2024(H5N1)	1530	17382
PA|PP755594.1|A/cattle/Texas/24-008749-003/2024(H5N1)	1531	17358
PA|PP755594.1|A/cattle/Texas/24-008749-003/2024(H5N1)	1532	17144
PA|PP755594.1|A/cattle/Texas/24-008749-003/2024(H5N1)	1533	17148
PA|PP755594.1|A/cattle/Texas/24-008749-003/2024(H5N1)	1534	17081
PA|PP755594.1|A/cattle/Texas/24-008749-003/2024(H5N1)	1535	16878
PA|PP755594.1|A/cattle/Texas/24-008749-003/2024(H5N1)	1536	17017
PA|PP755594.1|A/cattle/Texas/24-008749-003/2024(H5N1)	1537	16626
PA|PP755594.1|A/cattle/Texas/24-008749-003/2024(H5N1)	1538	16461
PA|PP755594.1|A/cattle/Texas/24-008749-003/2024(H5N1)	1539	16558
PA|PP755594.1|A/cattle/Texas/24-008749-003/2024(H5N1)	1540	16507
PA|PP755594.1|A/cattle/Texas/24-008749-003/2024(H5N1)	1541	16740
PA|PP755594.1|A/cattle/Texas/24-008749-003/2024(H5N1)	1542	16287
PA|PP755594.1|A/cattle/Texas/24-008749-003/2024(H5N1)	1543	16339
PA|PP755594.1|A/cattle/Texas/24-008749-003/2024(H5N1)	1544	16379
PA|PP755594.1|A/cattle/Texas/24-008749-003/2024(H5N1)	1545	15710
PA|PP755594.1|A/cattle/Texas/24-008749-003/2024(H5N1)	1546	15695
PA|PP755594.1|A/cattle/Texas/24-008749-003/2024(H5N1)	1547	15824
PA|PP755594.1|A/cattle/Texas/24-008749-003/2024(H5N1)	1548	15648
PA|PP755594.1|A/cattle/Texas/24-008749-003/2024(H5N1)	1549	16059
PA|PP755594.1|A/cattle/Texas/24-008749-003/2024(H5N1)	1550	15434
PA|PP755594.1|A/cattle/Texas/24-008749-003/2024(H5N1)	1551	15425
PA|PP755594.1|A/cattle/Texas/24-008749-003/2024(H5N1)	1552	15503
PA|PP755594.1|A/cattle/Texas/24-008749-003/2024(H5N1)	1553	14923
PA|PP755594.1|A/cattle/Texas/24-008749-003/2024(H5N1)	1554	14914
PA|PP755594.1|A/cattle/Texas/24-008749-003/2024(H5N1)	1555	14885
PA|PP755594.1|A/cattle/Texas/24-008749-003/2024(H5N1)	1556	14902
PA|PP755594.1|A/cattle/Texas/24-008749-003/2024(H5N1)	1557	14874
PA|PP755594.1|A/cattle/Texas/24-008749-003/2024(H5N1)	1558	13253
PA|PP755594.1|A/cattle/Texas/24-008749-003/2024(H5N1)	1559	13293
PA|PP755594.1|A/cattle/Texas/24-008749-003/2024(H5N1)	1560	12665
PA|PP755594.1|A/cattle/Texas/24-008749-003/2024(H5N1)	1561	12590
PA|PP755594.1|A/cattle/Texas/24-008749-003/2024(H5N1)	1562	12554
PA|PP755594.1|A/cattle/Texas/24-008749-003/2024(H5N1)	1563	12553
PA|PP755594.1|A/cattle/Texas/24-008749-003/2024(H5N1)	1564	12425
PA|PP755594.1|A/cattle/Texas/24-008749-003/2024(H5N1)	1565	12378
PA|PP755594.1|A/cattle/Texas/24-008749-003/2024(H5N1)	1566	11576
PA|PP755594.1|A/cattle/Texas/24-008749-003/2024(H5N1)	1567	11592
PA|PP755594.1|A/cattle/Texas/24-008749-003/2024(H5N1)	1568	11591
PA|PP755594.1|A/cattle/Texas/24-008749-003/2024(H5N1)	1569	11592
PA|PP755594.1|A/cattle/Texas/24-008749-003/2024(H5N1)	1570	11783
PA|PP755594.1|A/cattle/Texas/24-008749-003/2024(H5N1)	1571	11778
PA|PP755594.1|A/cattle/Texas/24-008749-003/2024(H5N1)	1572	11712
PA|PP755594.1|A/cattle/Texas/24-008749-003/2024(H5N1)	1573	11636
PA|PP755594.1|A/cattle/Texas/24-008749-003/2024(H5N1)	1574	10744
PA|PP755594.1|A/cattle/Texas/24-008749-003/2024(H5N1)	1575	11109
PA|PP755594.1|A/cattle/Texas/24-008749-003/2024(H5N1)	1576	10538
PA|PP755594.1|A/cattle/Texas/24-008749-003/2024(H5N1)	1577	10643
PA|PP755594.1|A/cattle/Texas/24-008749-003/2024(H5N1)	1578	10425
PA|PP755594.1|A/cattle/Texas/24-008749-003/2024(H5N1)	1579	10198
PA|PP755594.1|A/cattle/Texas/24-008749-003/2024(H5N1)	1580	10197
PA|PP755594.1|A/cattle/Texas/24-008749-003/2024(H5N1)	1581	10275
PA|PP755594.1|A/cattle/Texas/24-008749-003/2024(H5N1)	1582	10290
PA|PP755594.1|A/cattle/Texas/24-008749-003/2024(H5N1)	1583	10555
PA|PP755594.1|A/cattle/Texas/24-008749-003/2024(H5N1)	1584	10475
PA|PP755594.1|A/cattle/Texas/24-008749-003/2024(H5N1)	1585	10500
PA|PP755594.1|A/cattle/Texas/24-008749-003/2024(H5N1)	1586	10478
PA|PP755594.1|A/cattle/Texas/24-008749-003/2024(H5N1)	1587	10549
PA|PP755594.1|A/cattle/Texas/24-008749-003/2024(H5N1)	1588	10735
PA|PP755594.1|A/cattle/Texas/24-008749-003/2024(H5N1)	1589	11025
PA|PP755594.1|A/cattle/Texas/24-008749-003/2024(H5N1)	1590	11019
PA|PP755594.1|A/cattle/Texas/24-008749-003/2024(H5N1)	1591	11123
PA|PP755594.1|A/cattle/Texas/24-008749-003/2024(H5N1)	1592	11464
PA|PP755594.1|A/cattle/Texas/24-008749-003/2024(H5N1)	1593	11484
PA|PP755594.1|A/cattle/Texas/24-008749-003/2024(H5N1)	1594	11470
PA|PP755594.1|A/cattle/Texas/24-008749-003/2024(H5N1)	1595	11467
PA|PP755594.1|A/cattle/Texas/24-008749-003/2024(H5N1)	1596	11425
PA|PP755594.1|A/cattle/Texas/24-008749-003/2024(H5N1)	1597	11557
PA|PP755594.1|A/cattle/Texas/24-008749-003/2024(H5N1)	1598	11585
PA|PP755594.1|A/cattle/Texas/24-008749-003/2024(H5N1)	1599	11585
PA|PP755594.1|A/cattle/Texas/24-008749-003/2024(H5N1)	1600	11628
PA|PP755594.1|A/cattle/Texas/24-008749-003/2024(H5N1)	1601	11460
PA|PP755594.1|A/cattle/Texas/24-008749-003/2024(H5N1)	1602	11463
PA|PP755594.1|A/cattle/Texas/24-008749-003/2024(H5N1)	1603	11461
PA|PP755594.1|A/cattle/Texas/24-008749-003/2024(H5N1)	1604	11461
PA|PP755594.1|A/cattle/Texas/24-008749-003/2024(H5N1)	1605	11506
PA|PP755594.1|A/cattle/Texas/24-008749-003/2024(H5N1)	1606	11429
PA|PP755594.1|A/cattle/Texas/24-008749-003/2024(H5N1)	1607	11474
PA|PP755594.1|A/cattle/Texas/24-008749-003/2024(H5N1)	1608	11467
PA|PP755594.1|A/cattle/Texas/24-008749-003/2024(H5N1)	1609	11460
PA|PP755594.1|A/cattle/Texas/24-008749-003/2024(H5N1)	1610	11474
PA|PP755594.1|A/cattle/Texas/24-008749-003/2024(H5N1)	1611	11473
PA|PP755594.1|A/cattle/Texas/24-008749-003/2024(H5N1)	1612	11571
PA|PP755594.1|A/cattle/Texas/24-008749-003/2024(H5N1)	1613	11575
PA|PP755594.1|A/cattle/Texas/24-008749-003/2024(H5N1)	1614	11554
PA|PP755594.1|A/cattle/Texas/24-008749-003/2024(H5N1)	1615	11544
PA|PP755594.1|A/cattle/Texas/24-008749-003/2024(H5N1)	1616	11497
PA|PP755594.1|A/cattle/Texas/24-008749-003/2024(H5N1)	1617	11548
PA|PP755594.1|A/cattle/Texas/24-008749-003/2024(H5N1)	1618	11534
PA|PP755594.1|A/cattle/Texas/24-008749-003/2024(H5N1)	1619	11513
PA|PP755594.1|A/cattle/Texas/24-008749-003/2024(H5N1)	1620	11493
PA|PP755594.1|A/cattle/Texas/24-008749-003/2024(H5N1)	1621	11354
PA|PP755594.1|A/cattle/Texas/24-008749-003/2024(H5N1)	1622	11399
PA|PP755594.1|A/cattle/Texas/24-008749-003/2024(H5N1)	1623	11373
PA|PP755594.1|A/cattle/Texas/24-008749-003/2024(H5N1)	1624	11456
PA|PP755594.1|A/cattle/Texas/24-008749-003/2024(H5N1)	1625	11434
PA|PP755594.1|A/cattle/Texas/24-008749-003/2024(H5N1)	1626	11342
PA|PP755594.1|A/cattle/Texas/24-008749-003/2024(H5N1)	1627	11331
PA|PP755594.1|A/cattle/Texas/24-008749-003/2024(H5N1)	1628	11315
PA|PP755594.1|A/cattle/Texas/24-008749-003/2024(H5N1)	1629	11314
PA|PP755594.1|A/cattle/Texas/24-008749-003/2024(H5N1)	1630	11316
PA|PP755594.1|A/cattle/Texas/24-008749-003/2024(H5N1)	1631	11278
PA|PP755594.1|A/cattle/Texas/24-008749-003/2024(H5N1)	1632	11305
PA|PP755594.1|A/cattle/Texas/24-008749-003/2024(H5N1)	1633	11147
PA|PP755594.1|A/cattle/Texas/24-008749-003/2024(H5N1)	1634	11141
PA|PP755594.1|A/cattle/Texas/24-008749-003/2024(H5N1)	1635	11112
PA|PP755594.1|A/cattle/Texas/24-008749-003/2024(H5N1)	1636	11117
PA|PP755594.1|A/cattle/Texas/24-008749-003/2024(H5N1)	1637	11120
PA|PP755594.1|A/cattle/Texas/24-008749-003/2024(H5N1)	1638	11110
PA|PP755594.1|A/cattle/Texas/24-008749-003/2024(H5N1)	1639	11136
PA|PP755594.1|A/cattle/Texas/24-008749-003/2024(H5N1)	1640	11047
PA|PP755594.1|A/cattle/Texas/24-008749-003/2024(H5N1)	1641	10996
PA|PP755594.1|A/cattle/Texas/24-008749-003/2024(H5N1)	1642	10969
PA|PP755594.1|A/cattle/Texas/24-008749-003/2024(H5N1)	1643	10939
PA|PP755594.1|A/cattle/Texas/24-008749-003/2024(H5N1)	1644	10931
PA|PP755594.1|A/cattle/Texas/24-008749-003/2024(H5N1)	1645	9821
PA|PP755594.1|A/cattle/Texas/24-008749-003/2024(H5N1)	1646	9761
PA|PP755594.1|A/cattle/Texas/24-008749-003/2024(H5N1)	1647	9848
PA|PP755594.1|A/cattle/Texas/24-008749-003/2024(H5N1)	1648	9596
PA|PP755594.1|A/cattle/Texas/24-008749-003/2024(H5N1)	1649	9580
PA|PP755594.1|A/cattle/Texas/24-008749-003/2024(H5N1)	1650	9627
PA|PP755594.1|A/cattle/Texas/24-008749-003/2024(H5N1)	1651	9073
PA|PP755594.1|A/cattle/Texas/24-008749-003/2024(H5N1)	1652	9341
PA|PP755594.1|A/cattle/Texas/24-008749-003/2024(H5N1)	1653	10522
PA|PP755594.1|A/cattle/Texas/24-008749-003/2024(H5N1)	1654	10089
PA|PP755594.1|A/cattle/Texas/24-008749-003/2024(H5N1)	1655	10800
PA|PP755594.1|A/cattle/Texas/24-008749-003/2024(H5N1)	1656	10594
PA|PP755594.1|A/cattle/Texas/24-008749-003/2024(H5N1)	1657	14007
PA|PP755594.1|A/cattle/Texas/24-008749-003/2024(H5N1)	1658	14288
PA|PP755594.1|A/cattle/Texas/24-008749-003/2024(H5N1)	1659	14281
PA|PP755594.1|A/cattle/Texas/24-008749-003/2024(H5N1)	1660	14241
PA|PP755594.1|A/cattle/Texas/24-008749-003/2024(H5N1)	1661	14213
PA|PP755594.1|A/cattle/Texas/24-008749-003/2024(H5N1)	1662	14145
PA|PP755594.1|A/cattle/Texas/24-008749-003/2024(H5N1)	1663	14503
PA|PP755594.1|A/cattle/Texas/24-008749-003/2024(H5N1)	1664	15148
PA|PP755594.1|A/cattle/Texas/24-008749-003/2024(H5N1)	1665	15146
PA|PP755594.1|A/cattle/Texas/24-008749-003/2024(H5N1)	1666	14795
PA|PP755594.1|A/cattle/Texas/24-008749-003/2024(H5N1)	1667	14789
PA|PP755594.1|A/cattle/Texas/24-008749-003/2024(H5N1)	1668	14810
PA|PP755594.1|A/cattle/Texas/24-008749-003/2024(H5N1)	1669	16754
PA|PP755594.1|A/cattle/Texas/24-008749-003/2024(H5N1)	1670	16956
PA|PP755594.1|A/cattle/Texas/24-008749-003/2024(H5N1)	1671	17364
PA|PP755594.1|A/cattle/Texas/24-008749-003/2024(H5N1)	1672	17302
PA|PP755594.1|A/cattle/Texas/24-008749-003/2024(H5N1)	1673	17337
PA|PP755594.1|A/cattle/Texas/24-008749-003/2024(H5N1)	1674	17273
PA|PP755594.1|A/cattle/Texas/24-008749-003/2024(H5N1)	1675	17333
PA|PP755594.1|A/cattle/Texas/24-008749-003/2024(H5N1)	1676	17734
PA|PP755594.1|A/cattle/Texas/24-008749-003/2024(H5N1)	1677	17822
PA|PP755594.1|A/cattle/Texas/24-008749-003/2024(H5N1)	1678	17371
PA|PP755594.1|A/cattle/Texas/24-008749-003/2024(H5N1)	1679	17815
PA|PP755594.1|A/cattle/Texas/24-008749-003/2024(H5N1)	1680	17689
PA|PP755594.1|A/cattle/Texas/24-008749-003/2024(H5N1)	1681	18299
PA|PP755594.1|A/cattle/Texas/24-008749-003/2024(H5N1)	1682	18346
PA|PP755594.1|A/cattle/Texas/24-008749-003/2024(H5N1)	1683	18765
PA|PP755594.1|A/cattle/Texas/24-008749-003/2024(H5N1)	1684	18856
PA|PP755594.1|A/cattle/Texas/24-008749-003/2024(H5N1)	1685	19017
PA|PP755594.1|A/cattle/Texas/24-008749-003/2024(H5N1)	1686	18985
PA|PP755594.1|A/cattle/Texas/24-008749-003/2024(H5N1)	1687	19138
PA|PP755594.1|A/cattle/Texas/24-008749-003/2024(H5N1)	1688	19046
PA|PP755594.1|A/cattle/Texas/24-008749-003/2024(H5N1)	1689	19471
PA|PP755594.1|A/cattle/Texas/24-008749-003/2024(H5N1)	1690	19213
PA|PP755594.1|A/cattle/Texas/24-008749-003/2024(H5N1)	1691	19290
PA|PP755594.1|A/cattle/Texas/24-008749-003/2024(H5N1)	1692	19184
PA|PP755594.1|A/cattle/Texas/24-008749-003/2024(H5N1)	1693	19361
PA|PP755594.1|A/cattle/Texas/24-008749-003/2024(H5N1)	1694	19166
PA|PP755594.1|A/cattle/Texas/24-008749-003/2024(H5N1)	1695	19148
PA|PP755594.1|A/cattle/Texas/24-008749-003/2024(H5N1)	1696	19030
PA|PP755594.1|A/cattle/Texas/24-008749-003/2024(H5N1)	1697	19074
PA|PP755594.1|A/cattle/Texas/24-008749-003/2024(H5N1)	1698	18916
PA|PP755594.1|A/cattle/Texas/24-008749-003/2024(H5N1)	1699	18933
PA|PP755594.1|A/cattle/Texas/24-008749-003/2024(H5N1)	1700	19003
PA|PP755594.1|A/cattle/Texas/24-008749-003/2024(H5N1)	1701	18989
PA|PP755594.1|A/cattle/Texas/24-008749-003/2024(H5N1)	1702	18967
PA|PP755594.1|A/cattle/Texas/24-008749-003/2024(H5N1)	1703	19147
PA|PP755594.1|A/cattle/Texas/24-008749-003/2024(H5N1)	1704	19235
PA|PP755594.1|A/cattle/Texas/24-008749-003/2024(H5N1)	1705	19238
PA|PP755594.1|A/cattle/Texas/24-008749-003/2024(H5N1)	1706	19302
PA|PP755594.1|A/cattle/Texas/24-008749-003/2024(H5N1)	1707	19207
PA|PP755594.1|A/cattle/Texas/24-008749-003/2024(H5N1)	1708	19273
PA|PP755594.1|A/cattle/Texas/24-008749-003/2024(H5N1)	1709	19337
PA|PP755594.1|A/cattle/Texas/24-008749-003/2024(H5N1)	1710	19211
PA|PP755594.1|A/cattle/Texas/24-008749-003/2024(H5N1)	1711	19318
PA|PP755594.1|A/cattle/Texas/24-008749-003/2024(H5N1)	1712	19317
PA|PP755594.1|A/cattle/Texas/24-008749-003/2024(H5N1)	1713	19325
PA|PP755594.1|A/cattle/Texas/24-008749-003/2024(H5N1)	1714	19332
PA|PP755594.1|A/cattle/Texas/24-008749-003/2024(H5N1)	1715	19268
PA|PP755594.1|A/cattle/Texas/24-008749-003/2024(H5N1)	1716	19299
PA|PP755594.1|A/cattle/Texas/24-008749-003/2024(H5N1)	1717	19673
PA|PP755594.1|A/cattle/Texas/24-008749-003/2024(H5N1)	1718	19657
PA|PP755594.1|A/cattle/Texas/24-008749-003/2024(H5N1)	1719	19934
PA|PP755594.1|A/cattle/Texas/24-008749-003/2024(H5N1)	1720	19836
PA|PP755594.1|A/cattle/Texas/24-008749-003/2024(H5N1)	1721	19942
PA|PP755594.1|A/cattle/Texas/24-008749-003/2024(H5N1)	1722	19950
PA|PP755594.1|A/cattle/Texas/24-008749-003/2024(H5N1)	1723	20024
PA|PP755594.1|A/cattle/Texas/24-008749-003/2024(H5N1)	1724	20048
PA|PP755594.1|A/cattle/Texas/24-008749-003/2024(H5N1)	1725	20038
PA|PP755594.1|A/cattle/Texas/24-008749-003/2024(H5N1)	1726	20151
PA|PP755594.1|A/cattle/Texas/24-008749-003/2024(H5N1)	1727	20162
PA|PP755594.1|A/cattle/Texas/24-008749-003/2024(H5N1)	1728	20176
PA|PP755594.1|A/cattle/Texas/24-008749-003/2024(H5N1)	1729	20270
PA|PP755594.1|A/cattle/Texas/24-008749-003/2024(H5N1)	1730	20041
PA|PP755594.1|A/cattle/Texas/24-008749-003/2024(H5N1)	1731	21417
PA|PP755594.1|A/cattle/Texas/24-008749-003/2024(H5N1)	1732	21732
PA|PP755594.1|A/cattle/Texas/24-008749-003/2024(H5N1)	1733	22346
PA|PP755594.1|A/cattle/Texas/24-008749-003/2024(H5N1)	1734	21909
PA|PP755594.1|A/cattle/Texas/24-008749-003/2024(H5N1)	1735	22019
PA|PP755594.1|A/cattle/Texas/24-008749-003/2024(H5N1)	1736	22025
PA|PP755594.1|A/cattle/Texas/24-008749-003/2024(H5N1)	1737	22024
PA|PP755594.1|A/cattle/Texas/24-008749-003/2024(H5N1)	1738	23414
PA|PP755594.1|A/cattle/Texas/24-008749-003/2024(H5N1)	1739	24332
PA|PP755594.1|A/cattle/Texas/24-008749-003/2024(H5N1)	1740	23872
PA|PP755594.1|A/cattle/Texas/24-008749-003/2024(H5N1)	1741	24693
PA|PP755594.1|A/cattle/Texas/24-008749-003/2024(H5N1)	1742	24662
PA|PP755594.1|A/cattle/Texas/24-008749-003/2024(H5N1)	1743	24684
PA|PP755594.1|A/cattle/Texas/24-008749-003/2024(H5N1)	1744	26292
PA|PP755594.1|A/cattle/Texas/24-008749-003/2024(H5N1)	1745	26616
PA|PP755594.1|A/cattle/Texas/24-008749-003/2024(H5N1)	1746	26868
PA|PP755594.1|A/cattle/Texas/24-008749-003/2024(H5N1)	1747	26599
PA|PP755594.1|A/cattle/Texas/24-008749-003/2024(H5N1)	1748	26603
PA|PP755594.1|A/cattle/Texas/24-008749-003/2024(H5N1)	1749	26935
PA|PP755594.1|A/cattle/Texas/24-008749-003/2024(H5N1)	1750	27117
PA|PP755594.1|A/cattle/Texas/24-008749-003/2024(H5N1)	1751	27812
PA|PP755594.1|A/cattle/Texas/24-008749-003/2024(H5N1)	1752	27855
PA|PP755594.1|A/cattle/Texas/24-008749-003/2024(H5N1)	1753	27953
PA|PP755594.1|A/cattle/Texas/24-008749-003/2024(H5N1)	1754	27900
PA|PP755594.1|A/cattle/Texas/24-008749-003/2024(H5N1)	1755	27956
PA|PP755594.1|A/cattle/Texas/24-008749-003/2024(H5N1)	1756	28571
PA|PP755594.1|A/cattle/Texas/24-008749-003/2024(H5N1)	1757	28569
PA|PP755594.1|A/cattle/Texas/24-008749-003/2024(H5N1)	1758	28559
PA|PP755594.1|A/cattle/Texas/24-008749-003/2024(H5N1)	1759	28560
PA|PP755594.1|A/cattle/Texas/24-008749-003/2024(H5N1)	1760	28225
PA|PP755594.1|A/cattle/Texas/24-008749-003/2024(H5N1)	1761	28232
PA|PP755594.1|A/cattle/Texas/24-008749-003/2024(H5N1)	1762	28170
PA|PP755594.1|A/cattle/Texas/24-008749-003/2024(H5N1)	1763	28444
PA|PP755594.1|A/cattle/Texas/24-008749-003/2024(H5N1)	1764	28450
PA|PP755594.1|A/cattle/Texas/24-008749-003/2024(H5N1)	1765	28119
PA|PP755594.1|A/cattle/Texas/24-008749-003/2024(H5N1)	1766	28123
PA|PP755594.1|A/cattle/Texas/24-008749-003/2024(H5N1)	1767	28135
PA|PP755594.1|A/cattle/Texas/24-008749-003/2024(H5N1)	1768	28136
PA|PP755594.1|A/cattle/Texas/24-008749-003/2024(H5N1)	1769	28134
PA|PP755594.1|A/cattle/Texas/24-008749-003/2024(H5N1)	1770	28133
PA|PP755594.1|A/cattle/Texas/24-008749-003/2024(H5N1)	1771	28147
PA|PP755594.1|A/cattle/Texas/24-008749-003/2024(H5N1)	1772	27936
PA|PP755594.1|A/cattle/Texas/24-008749-003/2024(H5N1)	1773	27955
PA|PP755594.1|A/cattle/Texas/24-008749-003/2024(H5N1)	1774	27914
PA|PP755594.1|A/cattle/Texas/24-008749-003/2024(H5N1)	1775	27908
PA|PP755594.1|A/cattle/Texas/24-008749-003/2024(H5N1)	1776	27899
PA|PP755594.1|A/cattle/Texas/24-008749-003/2024(H5N1)	1777	27883
PA|PP755594.1|A/cattle/Texas/24-008749-003/2024(H5N1)	1778	27858
PA|PP755594.1|A/cattle/Texas/24-008749-003/2024(H5N1)	1779	27883
PA|PP755594.1|A/cattle/Texas/24-008749-003/2024(H5N1)	1780	27874
PA|PP755594.1|A/cattle/Texas/24-008749-003/2024(H5N1)	1781	28050
PA|PP755594.1|A/cattle/Texas/24-008749-003/2024(H5N1)	1782	28031
PA|PP755594.1|A/cattle/Texas/24-008749-003/2024(H5N1)	1783	28002
PA|PP755594.1|A/cattle/Texas/24-008749-003/2024(H5N1)	1784	27975
PA|PP755594.1|A/cattle/Texas/24-008749-003/2024(H5N1)	1785	28100
PA|PP755594.1|A/cattle/Texas/24-008749-003/2024(H5N1)	1786	28133
PA|PP755594.1|A/cattle/Texas/24-008749-003/2024(H5N1)	1787	28140
PA|PP755594.1|A/cattle/Texas/24-008749-003/2024(H5N1)	1788	28086
PA|PP755594.1|A/cattle/Texas/24-008749-003/2024(H5N1)	1789	28072
PA|PP755594.1|A/cattle/Texas/24-008749-003/2024(H5N1)	1790	27758
PA|PP755594.1|A/cattle/Texas/24-008749-003/2024(H5N1)	1791	27787
PA|PP755594.1|A/cattle/Texas/24-008749-003/2024(H5N1)	1792	27818
PA|PP755594.1|A/cattle/Texas/24-008749-003/2024(H5N1)	1793	27813
PA|PP755594.1|A/cattle/Texas/24-008749-003/2024(H5N1)	1794	27510
PA|PP755594.1|A/cattle/Texas/24-008749-003/2024(H5N1)	1795	27419
PA|PP755594.1|A/cattle/Texas/24-008749-003/2024(H5N1)	1796	27416
PA|PP755594.1|A/cattle/Texas/24-008749-003/2024(H5N1)	1797	27582
PA|PP755594.1|A/cattle/Texas/24-008749-003/2024(H5N1)	1798	27555
PA|PP755594.1|A/cattle/Texas/24-008749-003/2024(H5N1)	1799	27562
PA|PP755594.1|A/cattle/Texas/24-008749-003/2024(H5N1)	1800	27446
PA|PP755594.1|A/cattle/Texas/24-008749-003/2024(H5N1)	1801	27445
PA|PP755594.1|A/cattle/Texas/24-008749-003/2024(H5N1)	1802	26126
PA|PP755594.1|A/cattle/Texas/24-008749-003/2024(H5N1)	1803	26101
PA|PP755594.1|A/cattle/Texas/24-008749-003/2024(H5N1)	1804	27813
PA|PP755594.1|A/cattle/Texas/24-008749-003/2024(H5N1)	1805	27833
PA|PP755594.1|A/cattle/Texas/24-008749-003/2024(H5N1)	1806	27819
PA|PP755594.1|A/cattle/Texas/24-008749-003/2024(H5N1)	1807	27831
PA|PP755594.1|A/cattle/Texas/24-008749-003/2024(H5N1)	1808	25436
PA|PP755594.1|A/cattle/Texas/24-008749-003/2024(H5N1)	1809	25307
PA|PP755594.1|A/cattle/Texas/24-008749-003/2024(H5N1)	1810	27778
PA|PP755594.1|A/cattle/Texas/24-008749-003/2024(H5N1)	1811	27753
PA|PP755594.1|A/cattle/Texas/24-008749-003/2024(H5N1)	1812	27857
PA|PP755594.1|A/cattle/Texas/24-008749-003/2024(H5N1)	1813	27438
PA|PP755594.1|A/cattle/Texas/24-008749-003/2024(H5N1)	1814	27184
PA|PP755594.1|A/cattle/Texas/24-008749-003/2024(H5N1)	1815	27776
PA|PP755594.1|A/cattle/Texas/24-008749-003/2024(H5N1)	1816	28081
PA|PP755594.1|A/cattle/Texas/24-008749-003/2024(H5N1)	1817	28020
PA|PP755594.1|A/cattle/Texas/24-008749-003/2024(H5N1)	1818	27976
PA|PP755594.1|A/cattle/Texas/24-008749-003/2024(H5N1)	1819	27243
PA|PP755594.1|A/cattle/Texas/24-008749-003/2024(H5N1)	1820	26340
PA|PP755594.1|A/cattle/Texas/24-008749-003/2024(H5N1)	1821	26942
PA|PP755594.1|A/cattle/Texas/24-008749-003/2024(H5N1)	1822	26743
PA|PP755594.1|A/cattle/Texas/24-008749-003/2024(H5N1)	1823	26785
PA|PP755594.1|A/cattle/Texas/24-008749-003/2024(H5N1)	1824	26382
PA|PP755594.1|A/cattle/Texas/24-008749-003/2024(H5N1)	1825	26353
PA|PP755594.1|A/cattle/Texas/24-008749-003/2024(H5N1)	1826	26352
PA|PP755594.1|A/cattle/Texas/24-008749-003/2024(H5N1)	1827	26079
PA|PP755594.1|A/cattle/Texas/24-008749-003/2024(H5N1)	1828	26117
PA|PP755594.1|A/cattle/Texas/24-008749-003/2024(H5N1)	1829	26202
PA|PP755594.1|A/cattle/Texas/24-008749-003/2024(H5N1)	1830	25673
PA|PP755594.1|A/cattle/Texas/24-008749-003/2024(H5N1)	1831	25683
PA|PP755594.1|A/cattle/Texas/24-008749-003/2024(H5N1)	1832	25247
PA|PP755594.1|A/cattle/Texas/24-008749-003/2024(H5N1)	1833	24950
PA|PP755594.1|A/cattle/Texas/24-008749-003/2024(H5N1)	1834	24918
PA|PP755594.1|A/cattle/Texas/24-008749-003/2024(H5N1)	1835	24917
PA|PP755594.1|A/cattle/Texas/24-008749-003/2024(H5N1)	1836	24735
PA|PP755594.1|A/cattle/Texas/24-008749-003/2024(H5N1)	1837	24652
PA|PP755594.1|A/cattle/Texas/24-008749-003/2024(H5N1)	1838	24509
PA|PP755594.1|A/cattle/Texas/24-008749-003/2024(H5N1)	1839	24591
PA|PP755594.1|A/cattle/Texas/24-008749-003/2024(H5N1)	1840	24312
PA|PP755594.1|A/cattle/Texas/24-008749-003/2024(H5N1)	1841	24321
PA|PP755594.1|A/cattle/Texas/24-008749-003/2024(H5N1)	1842	24229
PA|PP755594.1|A/cattle/Texas/24-008749-003/2024(H5N1)	1843	24197
PA|PP755594.1|A/cattle/Texas/24-008749-003/2024(H5N1)	1844	24281
PA|PP755594.1|A/cattle/Texas/24-008749-003/2024(H5N1)	1845	24464
PA|PP755594.1|A/cattle/Texas/24-008749-003/2024(H5N1)	1846	24609
PA|PP755594.1|A/cattle/Texas/24-008749-003/2024(H5N1)	1847	24600
PA|PP755594.1|A/cattle/Texas/24-008749-003/2024(H5N1)	1848	24513
PA|PP755594.1|A/cattle/Texas/24-008749-003/2024(H5N1)	1849	24484
PA|PP755594.1|A/cattle/Texas/24-008749-003/2024(H5N1)	1850	24501
PA|PP755594.1|A/cattle/Texas/24-008749-003/2024(H5N1)	1851	24421
PA|PP755594.1|A/cattle/Texas/24-008749-003/2024(H5N1)	1852	24337
PA|PP755594.1|A/cattle/Texas/24-008749-003/2024(H5N1)	1853	24152
PA|PP755594.1|A/cattle/Texas/24-008749-003/2024(H5N1)	1854	23961
PA|PP755594.1|A/cattle/Texas/24-008749-003/2024(H5N1)	1855	23821
PA|PP755594.1|A/cattle/Texas/24-008749-003/2024(H5N1)	1856	23825
PA|PP755594.1|A/cattle/Texas/24-008749-003/2024(H5N1)	1857	23960
PA|PP755594.1|A/cattle/Texas/24-008749-003/2024(H5N1)	1858	24069
PA|PP755594.1|A/cattle/Texas/24-008749-003/2024(H5N1)	1859	23946
PA|PP755594.1|A/cattle/Texas/24-008749-003/2024(H5N1)	1860	23793
PA|PP755594.1|A/cattle/Texas/24-008749-003/2024(H5N1)	1861	23971
PA|PP755594.1|A/cattle/Texas/24-008749-003/2024(H5N1)	1862	23952
PA|PP755594.1|A/cattle/Texas/24-008749-003/2024(H5N1)	1863	24146
PA|PP755594.1|A/cattle/Texas/24-008749-003/2024(H5N1)	1864	24161
PA|PP755594.1|A/cattle/Texas/24-008749-003/2024(H5N1)	1865	24435
PA|PP755594.1|A/cattle/Texas/24-008749-003/2024(H5N1)	1866	24142
PA|PP755594.1|A/cattle/Texas/24-008749-003/2024(H5N1)	1867	24217
PA|PP755594.1|A/cattle/Texas/24-008749-003/2024(H5N1)	1868	23977
PA|PP755594.1|A/cattle/Texas/24-008749-003/2024(H5N1)	1869	23989
PA|PP755594.1|A/cattle/Texas/24-008749-003/2024(H5N1)	1870	23723
PA|PP755594.1|A/cattle/Texas/24-008749-003/2024(H5N1)	1871	23537
PA|PP755594.1|A/cattle/Texas/24-008749-003/2024(H5N1)	1872	25061
PA|PP755594.1|A/cattle/Texas/24-008749-003/2024(H5N1)	1873	25314
PA|PP755594.1|A/cattle/Texas/24-008749-003/2024(H5N1)	1874	25282
PA|PP755594.1|A/cattle/Texas/24-008749-003/2024(H5N1)	1875	25174
PA|PP755594.1|A/cattle/Texas/24-008749-003/2024(H5N1)	1876	24877
PA|PP755594.1|A/cattle/Texas/24-008749-003/2024(H5N1)	1877	24976
PA|PP755594.1|A/cattle/Texas/24-008749-003/2024(H5N1)	1878	24943
PA|PP755594.1|A/cattle/Texas/24-008749-003/2024(H5N1)	1879	25122
PA|PP755594.1|A/cattle/Texas/24-008749-003/2024(H5N1)	1880	25237
PA|PP755594.1|A/cattle/Texas/24-008749-003/2024(H5N1)	1881	23434
PA|PP755594.1|A/cattle/Texas/24-008749-003/2024(H5N1)	1882	22919
PA|PP755594.1|A/cattle/Texas/24-008749-003/2024(H5N1)	1883	23858
PA|PP755594.1|A/cattle/Texas/24-008749-003/2024(H5N1)	1884	23826
PA|PP755594.1|A/cattle/Texas/24-008749-003/2024(H5N1)	1885	24178
PA|PP755594.1|A/cattle/Texas/24-008749-003/2024(H5N1)	1886	23991
PA|PP755594.1|A/cattle/Texas/24-008749-003/2024(H5N1)	1887	24046
PA|PP755594.1|A/cattle/Texas/24-008749-003/2024(H5N1)	1888	23035
PA|PP755594.1|A/cattle/Texas/24-008749-003/2024(H5N1)	1889	21450
PA|PP755594.1|A/cattle/Texas/24-008749-003/2024(H5N1)	1890	20701
PA|PP755594.1|A/cattle/Texas/24-008749-003/2024(H5N1)	1891	20086
PA|PP755594.1|A/cattle/Texas/24-008749-003/2024(H5N1)	1892	20444
PA|PP755594.1|A/cattle/Texas/24-008749-003/2024(H5N1)	1893	20433
PA|PP755594.1|A/cattle/Texas/24-008749-003/2024(H5N1)	1894	18032
PA|PP755594.1|A/cattle/Texas/24-008749-003/2024(H5N1)	1895	18095
PA|PP755594.1|A/cattle/Texas/24-008749-003/2024(H5N1)	1896	17822
PA|PP755594.1|A/cattle/Texas/24-008749-003/2024(H5N1)	1897	17933
PA|PP755594.1|A/cattle/Texas/24-008749-003/2024(H5N1)	1898	17951
PA|PP755594.1|A/cattle/Texas/24-008749-003/2024(H5N1)	1899	17504
PA|PP755594.1|A/cattle/Texas/24-008749-003/2024(H5N1)	1900	17481
PA|PP755594.1|A/cattle/Texas/24-008749-003/2024(H5N1)	1901	17142
PA|PP755594.1|A/cattle/Texas/24-008749-003/2024(H5N1)	1902	17136
PA|PP755594.1|A/cattle/Texas/24-008749-003/2024(H5N1)	1903	17155
PA|PP755594.1|A/cattle/Texas/24-008749-003/2024(H5N1)	1904	17106
PA|PP755594.1|A/cattle/Texas/24-008749-003/2024(H5N1)	1905	17177
PA|PP755594.1|A/cattle/Texas/24-008749-003/2024(H5N1)	1906	17362
PA|PP755594.1|A/cattle/Texas/24-008749-003/2024(H5N1)	1907	17285
PA|PP755594.1|A/cattle/Texas/24-008749-003/2024(H5N1)	1908	17590
PA|PP755594.1|A/cattle/Texas/24-008749-003/2024(H5N1)	1909	17578
PA|PP755594.1|A/cattle/Texas/24-008749-003/2024(H5N1)	1910	17607
PA|PP755594.1|A/cattle/Texas/24-008749-003/2024(H5N1)	1911	17606
PA|PP755594.1|A/cattle/Texas/24-008749-003/2024(H5N1)	1912	17587
PA|PP755594.1|A/cattle/Texas/24-008749-003/2024(H5N1)	1913	17684
PA|PP755594.1|A/cattle/Texas/24-008749-003/2024(H5N1)	1914	17641
PA|PP755594.1|A/cattle/Texas/24-008749-003/2024(H5N1)	1915	17537
PA|PP755594.1|A/cattle/Texas/24-008749-003/2024(H5N1)	1916	17547
PA|PP755594.1|A/cattle/Texas/24-008749-003/2024(H5N1)	1917	17287
PA|PP755594.1|A/cattle/Texas/24-008749-003/2024(H5N1)	1918	17311
PA|PP755594.1|A/cattle/Texas/24-008749-003/2024(H5N1)	1919	17308
PA|PP755594.1|A/cattle/Texas/24-008749-003/2024(H5N1)	1920	17316
PA|PP755594.1|A/cattle/Texas/24-008749-003/2024(H5N1)	1921	17324
PA|PP755594.1|A/cattle/Texas/24-008749-003/2024(H5N1)	1922	17254
PA|PP755594.1|A/cattle/Texas/24-008749-003/2024(H5N1)	1923	17319
PA|PP755594.1|A/cattle/Texas/24-008749-003/2024(H5N1)	1924	17315
PA|PP755594.1|A/cattle/Texas/24-008749-003/2024(H5N1)	1925	17324
PA|PP755594.1|A/cattle/Texas/24-008749-003/2024(H5N1)	1926	17319
PA|PP755594.1|A/cattle/Texas/24-008749-003/2024(H5N1)	1927	17314
PA|PP755594.1|A/cattle/Texas/24-008749-003/2024(H5N1)	1928	17378
PA|PP755594.1|A/cattle/Texas/24-008749-003/2024(H5N1)	1929	17423
PA|PP755594.1|A/cattle/Texas/24-008749-003/2024(H5N1)	1930	17410
PA|PP755594.1|A/cattle/Texas/24-008749-003/2024(H5N1)	1931	17402
PA|PP755594.1|A/cattle/Texas/24-008749-003/2024(H5N1)	1932	17323
PA|PP755594.1|A/cattle/Texas/24-008749-003/2024(H5N1)	1933	17491
PA|PP755594.1|A/cattle/Texas/24-008749-003/2024(H5N1)	1934	17489
PA|PP755594.1|A/cattle/Texas/24-008749-003/2024(H5N1)	1935	17558
PA|PP755594.1|A/cattle/Texas/24-008749-003/2024(H5N1)	1936	17547
PA|PP755594.1|A/cattle/Texas/24-008749-003/2024(H5N1)	1937	17446
PA|PP755594.1|A/cattle/Texas/24-008749-003/2024(H5N1)	1938	17441
PA|PP755594.1|A/cattle/Texas/24-008749-003/2024(H5N1)	1939	17379
PA|PP755594.1|A/cattle/Texas/24-008749-003/2024(H5N1)	1940	17379
PA|PP755594.1|A/cattle/Texas/24-008749-003/2024(H5N1)	1941	17377
PA|PP755594.1|A/cattle/Texas/24-008749-003/2024(H5N1)	1942	17144
PA|PP755594.1|A/cattle/Texas/24-008749-003/2024(H5N1)	1943	17401
PA|PP755594.1|A/cattle/Texas/24-008749-003/2024(H5N1)	1944	17314
PA|PP755594.1|A/cattle/Texas/24-008749-003/2024(H5N1)	1945	17331
PA|PP755594.1|A/cattle/Texas/24-008749-003/2024(H5N1)	1946	17322
PA|PP755594.1|A/cattle/Texas/24-008749-003/2024(H5N1)	1947	17410
PA|PP755594.1|A/cattle/Texas/24-008749-003/2024(H5N1)	1948	17315
PA|PP755594.1|A/cattle/Texas/24-008749-003/2024(H5N1)	1949	17291
PA|PP755594.1|A/cattle/Texas/24-008749-003/2024(H5N1)	1950	17250
PA|PP755594.1|A/cattle/Texas/24-008749-003/2024(H5N1)	1951	17236
PA|PP755594.1|A/cattle/Texas/24-008749-003/2024(H5N1)	1952	16668
PA|PP755594.1|A/cattle/Texas/24-008749-003/2024(H5N1)	1953	16467
PA|PP755594.1|A/cattle/Texas/24-008749-003/2024(H5N1)	1954	16444
PA|PP755594.1|A/cattle/Texas/24-008749-003/2024(H5N1)	1955	16008
PA|PP755594.1|A/cattle/Texas/24-008749-003/2024(H5N1)	1956	16352
PA|PP755594.1|A/cattle/Texas/24-008749-003/2024(H5N1)	1957	18276
PA|PP755594.1|A/cattle/Texas/24-008749-003/2024(H5N1)	1958	18167
PA|PP755594.1|A/cattle/Texas/24-008749-003/2024(H5N1)	1959	18127
PA|PP755594.1|A/cattle/Texas/24-008749-003/2024(H5N1)	1960	17044
PA|PP755594.1|A/cattle/Texas/24-008749-003/2024(H5N1)	1961	17059
PA|PP755594.1|A/cattle/Texas/24-008749-003/2024(H5N1)	1962	17610
PA|PP755594.1|A/cattle/Texas/24-008749-003/2024(H5N1)	1963	18281
PA|PP755594.1|A/cattle/Texas/24-008749-003/2024(H5N1)	1964	18240
PA|PP755594.1|A/cattle/Texas/24-008749-003/2024(H5N1)	1965	17560
PA|PP755594.1|A/cattle/Texas/24-008749-003/2024(H5N1)	1966	17425
PA|PP755594.1|A/cattle/Texas/24-008749-003/2024(H5N1)	1967	17366
PA|PP755594.1|A/cattle/Texas/24-008749-003/2024(H5N1)	1968	17481
PA|PP755594.1|A/cattle/Texas/24-008749-003/2024(H5N1)	1969	17492
PA|PP755594.1|A/cattle/Texas/24-008749-003/2024(H5N1)	1970	17679
PA|PP755594.1|A/cattle/Texas/24-008749-003/2024(H5N1)	1971	20373
PA|PP755594.1|A/cattle/Texas/24-008749-003/2024(H5N1)	1972	19944
PA|PP755594.1|A/cattle/Texas/24-008749-003/2024(H5N1)	1973	20109
PA|PP755594.1|A/cattle/Texas/24-008749-003/2024(H5N1)	1974	20071
PA|PP755594.1|A/cattle/Texas/24-008749-003/2024(H5N1)	1975	20139
PA|PP755594.1|A/cattle/Texas/24-008749-003/2024(H5N1)	1976	20599
PA|PP755594.1|A/cattle/Texas/24-008749-003/2024(H5N1)	1977	20563
PA|PP755594.1|A/cattle/Texas/24-008749-003/2024(H5N1)	1978	20624
PA|PP755594.1|A/cattle/Texas/24-008749-003/2024(H5N1)	1979	20829
PA|PP755594.1|A/cattle/Texas/24-008749-003/2024(H5N1)	1980	19835
PA|PP755594.1|A/cattle/Texas/24-008749-003/2024(H5N1)	1981	19940
PA|PP755594.1|A/cattle/Texas/24-008749-003/2024(H5N1)	1982	19963
PA|PP755594.1|A/cattle/Texas/24-008749-003/2024(H5N1)	1983	20036
PA|PP755594.1|A/cattle/Texas/24-008749-003/2024(H5N1)	1984	20029
PA|PP755594.1|A/cattle/Texas/24-008749-003/2024(H5N1)	1985	20029
PA|PP755594.1|A/cattle/Texas/24-008749-003/2024(H5N1)	1986	20060
PA|PP755594.1|A/cattle/Texas/24-008749-003/2024(H5N1)	1987	20099
PA|PP755594.1|A/cattle/Texas/24-008749-003/2024(H5N1)	1988	20172
PA|PP755594.1|A/cattle/Texas/24-008749-003/2024(H5N1)	1989	20363
PA|PP755594.1|A/cattle/Texas/24-008749-003/2024(H5N1)	1990	20314
PA|PP755594.1|A/cattle/Texas/24-008749-003/2024(H5N1)	1991	20386
PA|PP755594.1|A/cattle/Texas/24-008749-003/2024(H5N1)	1992	20378
PA|PP755594.1|A/cattle/Texas/24-008749-003/2024(H5N1)	1993	20598
PA|PP755594.1|A/cattle/Texas/24-008749-003/2024(H5N1)	1994	20570
PA|PP755594.1|A/cattle/Texas/24-008749-003/2024(H5N1)	1995	20558
PA|PP755594.1|A/cattle/Texas/24-008749-003/2024(H5N1)	1996	20423
PA|PP755594.1|A/cattle/Texas/24-008749-003/2024(H5N1)	1997	20359
PA|PP755594.1|A/cattle/Texas/24-008749-003/2024(H5N1)	1998	20427
PA|PP755594.1|A/cattle/Texas/24-008749-003/2024(H5N1)	1999	20560
PA|PP755594.1|A/cattle/Texas/24-008749-003/2024(H5N1)	2000	20826
PA|PP755594.1|A/cattle/Texas/24-008749-003/2024(H5N1)	2001	21046
PA|PP755594.1|A/cattle/Texas/24-008749-003/2024(H5N1)	2002	21110
PA|PP755594.1|A/cattle/Texas/24-008749-003/2024(H5N1)	2003	21324
PA|PP755594.1|A/cattle/Texas/24-008749-003/2024(H5N1)	2004	21398
PA|PP755594.1|A/cattle/Texas/24-008749-003/2024(H5N1)	2005	22159
PA|PP755594.1|A/cattle/Texas/24-008749-003/2024(H5N1)	2006	22160
PA|PP755594.1|A/cattle/Texas/24-008749-003/2024(H5N1)	2007	22141
PA|PP755594.1|A/cattle/Texas/24-008749-003/2024(H5N1)	2008	22078
PA|PP755594.1|A/cattle/Texas/24-008749-003/2024(H5N1)	2009	21768
PA|PP755594.1|A/cattle/Texas/24-008749-003/2024(H5N1)	2010	21847
PA|PP755594.1|A/cattle/Texas/24-008749-003/2024(H5N1)	2011	22081
PA|PP755594.1|A/cattle/Texas/24-008749-003/2024(H5N1)	2012	22079
PA|PP755594.1|A/cattle/Texas/24-008749-003/2024(H5N1)	2013	22103
PA|PP755594.1|A/cattle/Texas/24-008749-003/2024(H5N1)	2014	23106
PA|PP755594.1|A/cattle/Texas/24-008749-003/2024(H5N1)	2015	22561
PA|PP755594.1|A/cattle/Texas/24-008749-003/2024(H5N1)	2016	22587
PA|PP755594.1|A/cattle/Texas/24-008749-003/2024(H5N1)	2017	22587
PA|PP755594.1|A/cattle/Texas/24-008749-003/2024(H5N1)	2018	22606
PA|PP755594.1|A/cattle/Texas/24-008749-003/2024(H5N1)	2019	22923
PA|PP755594.1|A/cattle/Texas/24-008749-003/2024(H5N1)	2020	22963
PA|PP755594.1|A/cattle/Texas/24-008749-003/2024(H5N1)	2021	22775
PA|PP755594.1|A/cattle/Texas/24-008749-003/2024(H5N1)	2022	22577
PA|PP755594.1|A/cattle/Texas/24-008749-003/2024(H5N1)	2023	20956
PA|PP755594.1|A/cattle/Texas/24-008749-003/2024(H5N1)	2024	21662
PA|PP755594.1|A/cattle/Texas/24-008749-003/2024(H5N1)	2025	21852
PA|PP755594.1|A/cattle/Texas/24-008749-003/2024(H5N1)	2026	21844
PA|PP755594.1|A/cattle/Texas/24-008749-003/2024(H5N1)	2027	21617
PA|PP755594.1|A/cattle/Texas/24-008749-003/2024(H5N1)	2028	21497
PA|PP755594.1|A/cattle/Texas/24-008749-003/2024(H5N1)	2029	21743
PA|PP755594.1|A/cattle/Texas/24-008749-003/2024(H5N1)	2030	21800
PA|PP755594.1|A/cattle/Texas/24-008749-003/2024(H5N1)	2031	21947
PA|PP755594.1|A/cattle/Texas/24-008749-003/2024(H5N1)	2032	22937
PA|PP755594.1|A/cattle/Texas/24-008749-003/2024(H5N1)	2033	20934
PA|PP755594.1|A/cattle/Texas/24-008749-003/2024(H5N1)	2034	21077
PA|PP755594.1|A/cattle/Texas/24-008749-003/2024(H5N1)	2035	21084
PA|PP755594.1|A/cattle/Texas/24-008749-003/2024(H5N1)	2036	21140
PA|PP755594.1|A/cattle/Texas/24-008749-003/2024(H5N1)	2037	21337
PA|PP755594.1|A/cattle/Texas/24-008749-003/2024(H5N1)	2038	21339
PA|PP755594.1|A/cattle/Texas/24-008749-003/2024(H5N1)	2039	21493
PA|PP755594.1|A/cattle/Texas/24-008749-003/2024(H5N1)	2040	20730
PA|PP755594.1|A/cattle/Texas/24-008749-003/2024(H5N1)	2041	20375
PA|PP755594.1|A/cattle/Texas/24-008749-003/2024(H5N1)	2042	21542
PA|PP755594.1|A/cattle/Texas/24-008749-003/2024(H5N1)	2043	21549
PA|PP755594.1|A/cattle/Texas/24-008749-003/2024(H5N1)	2044	21536
PA|PP755594.1|A/cattle/Texas/24-008749-003/2024(H5N1)	2045	21827
PA|PP755594.1|A/cattle/Texas/24-008749-003/2024(H5N1)	2046	21829
PA|PP755594.1|A/cattle/Texas/24-008749-003/2024(H5N1)	2047	21990
PA|PP755594.1|A/cattle/Texas/24-008749-003/2024(H5N1)	2048	21964
PA|PP755594.1|A/cattle/Texas/24-008749-003/2024(H5N1)	2049	22024
PA|PP755594.1|A/cattle/Texas/24-008749-003/2024(H5N1)	2050	21951
PA|PP755594.1|A/cattle/Texas/24-008749-003/2024(H5N1)	2051	22056
PA|PP755594.1|A/cattle/Texas/24-008749-003/2024(H5N1)	2052	22115
PA|PP755594.1|A/cattle/Texas/24-008749-003/2024(H5N1)	2053	22586
PA|PP755594.1|A/cattle/Texas/24-008749-003/2024(H5N1)	2054	22566
PA|PP755594.1|A/cattle/Texas/24-008749-003/2024(H5N1)	2055	22796
PA|PP755594.1|A/cattle/Texas/24-008749-003/2024(H5N1)	2056	22852
PA|PP755594.1|A/cattle/Texas/24-008749-003/2024(H5N1)	2057	22854
PA|PP755594.1|A/cattle/Texas/24-008749-003/2024(H5N1)	2058	24913
PA|PP755594.1|A/cattle/Texas/24-008749-003/2024(H5N1)	2059	24988
PA|PP755594.1|A/cattle/Texas/24-008749-003/2024(H5N1)	2060	25203
PA|PP755594.1|A/cattle/Texas/24-008749-003/2024(H5N1)	2061	25209
PA|PP755594.1|A/cattle/Texas/24-008749-003/2024(H5N1)	2062	25032
PA|PP755594.1|A/cattle/Texas/24-008749-003/2024(H5N1)	2063	25079
PA|PP755594.1|A/cattle/Texas/24-008749-003/2024(H5N1)	2064	25018
PA|PP755594.1|A/cattle/Texas/24-008749-003/2024(H5N1)	2065	25042
PA|PP755594.1|A/cattle/Texas/24-008749-003/2024(H5N1)	2066	25343
PA|PP755594.1|A/cattle/Texas/24-008749-003/2024(H5N1)	2067	25050
PA|PP755594.1|A/cattle/Texas/24-008749-003/2024(H5N1)	2068	25723
PA|PP755594.1|A/cattle/Texas/24-008749-003/2024(H5N1)	2069	25716
PA|PP755594.1|A/cattle/Texas/24-008749-003/2024(H5N1)	2070	25717
PA|PP755594.1|A/cattle/Texas/24-008749-003/2024(H5N1)	2071	25774
PA|PP755594.1|A/cattle/Texas/24-008749-003/2024(H5N1)	2072	25736
PA|PP755594.1|A/cattle/Texas/24-008749-003/2024(H5N1)	2073	25754
PA|PP755594.1|A/cattle/Texas/24-008749-003/2024(H5N1)	2074	25754
PA|PP755594.1|A/cattle/Texas/24-008749-003/2024(H5N1)	2075	25544
PA|PP755594.1|A/cattle/Texas/24-008749-003/2024(H5N1)	2076	25794
PA|PP755594.1|A/cattle/Texas/24-008749-003/2024(H5N1)	2077	25379
PA|PP755594.1|A/cattle/Texas/24-008749-003/2024(H5N1)	2078	25382
PA|PP755594.1|A/cattle/Texas/24-008749-003/2024(H5N1)	2079	25419
PA|PP755594.1|A/cattle/Texas/24-008749-003/2024(H5N1)	2080	25395
PA|PP755594.1|A/cattle/Texas/24-008749-003/2024(H5N1)	2081	25365
PA|PP755594.1|A/cattle/Texas/24-008749-003/2024(H5N1)	2082	25481
PA|PP755594.1|A/cattle/Texas/24-008749-003/2024(H5N1)	2083	25493
PA|PP755594.1|A/cattle/Texas/24-008749-003/2024(H5N1)	2084	25484
PA|PP755594.1|A/cattle/Texas/24-008749-003/2024(H5N1)	2085	25276
PA|PP755594.1|A/cattle/Texas/24-008749-003/2024(H5N1)	2086	25278
PA|PP755594.1|A/cattle/Texas/24-008749-003/2024(H5N1)	2087	25265
PA|PP755594.1|A/cattle/Texas/24-008749-003/2024(H5N1)	2088	25243
PA|PP755594.1|A/cattle/Texas/24-008749-003/2024(H5N1)	2089	25235
PA|PP755594.1|A/cattle/Texas/24-008749-003/2024(H5N1)	2090	25294
PA|PP755594.1|A/cattle/Texas/24-008749-003/2024(H5N1)	2091	25152
PA|PP755594.1|A/cattle/Texas/24-008749-003/2024(H5N1)	2092	25153
PA|PP755594.1|A/cattle/Texas/24-008749-003/2024(H5N1)	2093	25121
PA|PP755594.1|A/cattle/Texas/24-008749-003/2024(H5N1)	2094	25108
PA|PP755594.1|A/cattle/Texas/24-008749-003/2024(H5N1)	2095	25087
PA|PP755594.1|A/cattle/Texas/24-008749-003/2024(H5N1)	2096	25152
PA|PP755594.1|A/cattle/Texas/24-008749-003/2024(H5N1)	2097	25163
PA|PP755594.1|A/cattle/Texas/24-008749-003/2024(H5N1)	2098	25222
PA|PP755594.1|A/cattle/Texas/24-008749-003/2024(H5N1)	2099	25118
PA|PP755594.1|A/cattle/Texas/24-008749-003/2024(H5N1)	2100	24868
PA|PP755594.1|A/cattle/Texas/24-008749-003/2024(H5N1)	2101	24844
PA|PP755594.1|A/cattle/Texas/24-008749-003/2024(H5N1)	2102	24817
PA|PP755594.1|A/cattle/Texas/24-008749-003/2024(H5N1)	2103	24748
PA|PP755594.1|A/cattle/Texas/24-008749-003/2024(H5N1)	2104	24342
PA|PP755594.1|A/cattle/Texas/24-008749-003/2024(H5N1)	2105	24234
PA|PP755594.1|A/cattle/Texas/24-008749-003/2024(H5N1)	2106	24217
PA|PP755594.1|A/cattle/Texas/24-008749-003/2024(H5N1)	2107	23463
PA|PP755594.1|A/cattle/Texas/24-008749-003/2024(H5N1)	2108	22290
PA|PP755594.1|A/cattle/Texas/24-008749-003/2024(H5N1)	2109	22267
PA|PP755594.1|A/cattle/Texas/24-008749-003/2024(H5N1)	2110	22274
PA|PP755594.1|A/cattle/Texas/24-008749-003/2024(H5N1)	2111	22078
PA|PP755594.1|A/cattle/Texas/24-008749-003/2024(H5N1)	2112	21729
PA|PP755594.1|A/cattle/Texas/24-008749-003/2024(H5N1)	2113	21428
PA|PP755594.1|A/cattle/Texas/24-008749-003/2024(H5N1)	2114	20914
PA|PP755594.1|A/cattle/Texas/24-008749-003/2024(H5N1)	2115	20895
PA|PP755594.1|A/cattle/Texas/24-008749-003/2024(H5N1)	2116	20921
PA|PP755594.1|A/cattle/Texas/24-008749-003/2024(H5N1)	2117	20755
PA|PP755594.1|A/cattle/Texas/24-008749-003/2024(H5N1)	2118	20836
PA|PP755594.1|A/cattle/Texas/24-008749-003/2024(H5N1)	2119	20738
PA|PP755594.1|A/cattle/Texas/24-008749-003/2024(H5N1)	2120	20687
PA|PP755594.1|A/cattle/Texas/24-008749-003/2024(H5N1)	2121	18403
PA|PP755594.1|A/cattle/Texas/24-008749-003/2024(H5N1)	2122	18281
PA|PP755594.1|A/cattle/Texas/24-008749-003/2024(H5N1)	2123	18282
PA|PP755594.1|A/cattle/Texas/24-008749-003/2024(H5N1)	2124	18145
PA|PP755594.1|A/cattle/Texas/24-008749-003/2024(H5N1)	2125	18068
PA|PP755594.1|A/cattle/Texas/24-008749-003/2024(H5N1)	2126	17807
PA|PP755594.1|A/cattle/Texas/24-008749-003/2024(H5N1)	2127	17334
PA|PP755594.1|A/cattle/Texas/24-008749-003/2024(H5N1)	2128	17331
PA|PP755594.1|A/cattle/Texas/24-008749-003/2024(H5N1)	2129	17359
PA|PP755594.1|A/cattle/Texas/24-008749-003/2024(H5N1)	2130	17389
PA|PP755594.1|A/cattle/Texas/24-008749-003/2024(H5N1)	2131	17298
PA|PP755594.1|A/cattle/Texas/24-008749-003/2024(H5N1)	2132	17186
PA|PP755594.1|A/cattle/Texas/24-008749-003/2024(H5N1)	2133	17129
PA|PP755594.1|A/cattle/Texas/24-008749-003/2024(H5N1)	2134	17104
PA|PP755594.1|A/cattle/Texas/24-008749-003/2024(H5N1)	2135	17046
PA|PP755594.1|A/cattle/Texas/24-008749-003/2024(H5N1)	2136	16941
PA|PP755594.1|A/cattle/Texas/24-008749-003/2024(H5N1)	2137	16850
PA|PP755594.1|A/cattle/Texas/24-008749-003/2024(H5N1)	2138	16703
PA|PP755594.1|A/cattle/Texas/24-008749-003/2024(H5N1)	2139	16456
PA|PP755594.1|A/cattle/Texas/24-008749-003/2024(H5N1)	2140	16429
PA|PP755594.1|A/cattle/Texas/24-008749-003/2024(H5N1)	2141	16394
PA|PP755594.1|A/cattle/Texas/24-008749-003/2024(H5N1)	2142	16301
PA|PP755594.1|A/cattle/Texas/24-008749-003/2024(H5N1)	2143	16233
PA|PP755594.1|A/cattle/Texas/24-008749-003/2024(H5N1)	2144	15752
PA|PP755594.1|A/cattle/Texas/24-008749-003/2024(H5N1)	2145	15742
PA|PP755594.1|A/cattle/Texas/24-008749-003/2024(H5N1)	2146	15681
PA|PP755594.1|A/cattle/Texas/24-008749-003/2024(H5N1)	2147	15631
PA|PP755594.1|A/cattle/Texas/24-008749-003/2024(H5N1)	2148	15570
PA|PP755594.1|A/cattle/Texas/24-008749-003/2024(H5N1)	2149	15448
PA|PP755594.1|A/cattle/Texas/24-008749-003/2024(H5N1)	2150	15111
PA|PP755594.1|A/cattle/Texas/24-008749-003/2024(H5N1)	2151	14952
