HA|PP755589.1|A/cattle/Texas/24-008749-003/2024(H5N1)	1	0
HA|PP755589.1|A/cattle/Texas/24-008749-003/2024(H5N1)	2	0
HA|PP755589.1|A/cattle/Texas/24-008749-003/2024(H5N1)	3	0
HA|PP755589.1|A/cattle/Texas/24-008749-003/2024(H5N1)	4	0
HA|PP755589.1|A/cattle/Texas/24-008749-003/2024(H5N1)	5	0
HA|PP755589.1|A/cattle/Texas/24-008749-003/2024(H5N1)	6	0
HA|PP755589.1|A/cattle/Texas/24-008749-003/2024(H5N1)	7	0
HA|PP755589.1|A/cattle/Texas/24-008749-003/2024(H5N1)	8	0
HA|PP755589.1|A/cattle/Texas/24-008749-003/2024(H5N1)	9	0
HA|PP755589.1|A/cattle/Texas/24-008749-003/2024(H5N1)	10	0
HA|PP755589.1|A/cattle/Texas/24-008749-003/2024(H5N1)	11	0
HA|PP755589.1|A/cattle/Texas/24-008749-003/2024(H5N1)	12	0
HA|PP755589.1|A/cattle/Texas/24-008749-003/2024(H5N1)	13	0
HA|PP755589.1|A/cattle/Texas/24-008749-003/2024(H5N1)	14	0
HA|PP755589.1|A/cattle/Texas/24-008749-003/2024(H5N1)	15	0
HA|PP755589.1|A/cattle/Texas/24-008749-003/2024(H5N1)	16	0
HA|PP755589.1|A/cattle/Texas/24-008749-003/2024(H5N1)	17	0
HA|PP755589.1|A/cattle/Texas/24-008749-003/2024(H5N1)	18	0
HA|PP755589.1|A/cattle/Texas/24-008749-003/2024(H5N1)	19	0
HA|PP755589.1|A/cattle/Texas/24-008749-003/2024(H5N1)	20	0
HA|PP755589.1|A/cattle/Texas/24-008749-003/2024(H5N1)	21	0
HA|PP755589.1|A/cattle/Texas/24-008749-003/2024(H5N1)	22	0
HA|PP755589.1|A/cattle/Texas/24-008749-003/2024(H5N1)	23	0
HA|PP755589.1|A/cattle/Texas/24-008749-003/2024(H5N1)	24	0
HA|PP755589.1|A/cattle/Texas/24-008749-003/2024(H5N1)	25	0
HA|PP755589.1|A/cattle/Texas/24-008749-003/2024(H5N1)	26	0
HA|PP755589.1|A/cattle/Texas/24-008749-003/2024(H5N1)	27	0
HA|PP755589.1|A/cattle/Texas/24-008749-003/2024(H5N1)	28	0
HA|PP755589.1|A/cattle/Texas/24-008749-003/2024(H5N1)	29	0
HA|PP755589.1|A/cattle/Texas/24-008749-003/2024(H5N1)	30	0
HA|PP755589.1|A/cattle/Texas/24-008749-003/2024(H5N1)	31	0
HA|PP755589.1|A/cattle/Texas/24-008749-003/2024(H5N1)	32	0
HA|PP755589.1|A/cattle/Texas/24-008749-003/2024(H5N1)	33	0
HA|PP755589.1|A/cattle/Texas/24-008749-003/2024(H5N1)	34	1
HA|PP755589.1|A/cattle/Texas/24-008749-003/2024(H5N1)	35	1
HA|PP755589.1|A/cattle/Texas/24-008749-003/2024(H5N1)	36	1
HA|PP755589.1|A/cattle/Texas/24-008749-003/2024(H5N1)	37	1
HA|PP755589.1|A/cattle/Texas/24-008749-003/2024(H5N1)	38	1
HA|PP755589.1|A/cattle/Texas/24-008749-003/2024(H5N1)	39	100
HA|PP755589.1|A/cattle/Texas/24-008749-003/2024(H5N1)	40	100
HA|PP755589.1|A/cattle/Texas/24-008749-003/2024(H5N1)	41	100
HA|PP755589.1|A/cattle/Texas/24-008749-003/2024(H5N1)	42	100
HA|PP755589.1|A/cattle/Texas/24-008749-003/2024(H5N1)	43	114
HA|PP755589.1|A/cattle/Texas/24-008749-003/2024(H5N1)	44	115
HA|PP755589.1|A/cattle/Texas/24-008749-003/2024(H5N1)	45	115
HA|PP755589.1|A/cattle/Texas/24-008749-003/2024(H5N1)	46	115
HA|PP755589.1|A/cattle/Texas/24-008749-003/2024(H5N1)	47	125
HA|PP755589.1|A/cattle/Texas/24-008749-003/2024(H5N1)	48	126
HA|PP755589.1|A/cattle/Texas/24-008749-003/2024(H5N1)	49	131
HA|PP755589.1|A/cattle/Texas/24-008749-003/2024(H5N1)	50	131
HA|PP755589.1|A/cattle/Texas/24-008749-003/2024(H5N1)	51	131
HA|PP755589.1|A/cattle/Texas/24-008749-003/2024(H5N1)	52	145
HA|PP755589.1|A/cattle/Texas/24-008749-003/2024(H5N1)	53	145
HA|PP755589.1|A/cattle/Texas/24-008749-003/2024(H5N1)	54	167
HA|PP755589.1|A/cattle/Texas/24-008749-003/2024(H5N1)	55	1211
HA|PP755589.1|A/cattle/Texas/24-008749-003/2024(H5N1)	56	1212
HA|PP755589.1|A/cattle/Texas/24-008749-003/2024(H5N1)	57	1216
HA|PP755589.1|A/cattle/Texas/24-008749-003/2024(H5N1)	58	1223
HA|PP755589.1|A/cattle/Texas/24-008749-003/2024(H5N1)	59	1228
HA|PP755589.1|A/cattle/Texas/24-008749-003/2024(H5N1)	60	1231
HA|PP755589.1|A/cattle/Texas/24-008749-003/2024(H5N1)	61	1231
HA|PP755589.1|A/cattle/Texas/24-008749-003/2024(H5N1)	62	1237
HA|PP755589.1|A/cattle/Texas/24-008749-003/2024(H5N1)	63	1239
HA|PP755589.1|A/cattle/Texas/24-008749-003/2024(H5N1)	64	1274
HA|PP755589.1|A/cattle/Texas/24-008749-003/2024(H5N1)	65	1278
HA|PP755589.1|A/cattle/Texas/24-008749-003/2024(H5N1)	66	1293
HA|PP755589.1|A/cattle/Texas/24-008749-003/2024(H5N1)	67	1295
HA|PP755589.1|A/cattle/Texas/24-008749-003/2024(H5N1)	68	1307
HA|PP755589.1|A/cattle/Texas/24-008749-003/2024(H5N1)	69	1323
HA|PP755589.1|A/cattle/Texas/24-008749-003/2024(H5N1)	70	1325
HA|PP755589.1|A/cattle/Texas/24-008749-003/2024(H5N1)	71	1335
HA|PP755589.1|A/cattle/Texas/24-008749-003/2024(H5N1)	72	1336
HA|PP755589.1|A/cattle/Texas/24-008749-003/2024(H5N1)	73	1337
HA|PP755589.1|A/cattle/Texas/24-008749-003/2024(H5N1)	74	1367
HA|PP755589.1|A/cattle/Texas/24-008749-003/2024(H5N1)	75	1376
HA|PP755589.1|A/cattle/Texas/24-008749-003/2024(H5N1)	76	1376
HA|PP755589.1|A/cattle/Texas/24-008749-003/2024(H5N1)	77	1375
HA|PP755589.1|A/cattle/Texas/24-008749-003/2024(H5N1)	78	1375
HA|PP755589.1|A/cattle/Texas/24-008749-003/2024(H5N1)	79	1375
HA|PP755589.1|A/cattle/Texas/24-008749-003/2024(H5N1)	80	1375
HA|PP755589.1|A/cattle/Texas/24-008749-003/2024(H5N1)	81	1375
HA|PP755589.1|A/cattle/Texas/24-008749-003/2024(H5N1)	82	1375
HA|PP755589.1|A/cattle/Texas/24-008749-003/2024(H5N1)	83	1375
HA|PP755589.1|A/cattle/Texas/24-008749-003/2024(H5N1)	84	1370
HA|PP755589.1|A/cattle/Texas/24-008749-003/2024(H5N1)	85	1370
HA|PP755589.1|A/cattle/Texas/24-008749-003/2024(H5N1)	86	1370
HA|PP755589.1|A/cattle/Texas/24-008749-003/2024(H5N1)	87	1360
HA|PP755589.1|A/cattle/Texas/24-008749-003/2024(H5N1)	88	1360
HA|PP755589.1|A/cattle/Texas/24-008749-003/2024(H5N1)	89	1356
HA|PP755589.1|A/cattle/Texas/24-008749-003/2024(H5N1)	90	1356
HA|PP755589.1|A/cattle/Texas/24-008749-003/2024(H5N1)	91	1356
HA|PP755589.1|A/cattle/Texas/24-008749-003/2024(H5N1)	92	1356
HA|PP755589.1|A/cattle/Texas/24-008749-003/2024(H5N1)	93	1356
HA|PP755589.1|A/cattle/Texas/24-008749-003/2024(H5N1)	94	1355
HA|PP755589.1|A/cattle/Texas/24-008749-003/2024(H5N1)	95	1348
HA|PP755589.1|A/cattle/Texas/24-008749-003/2024(H5N1)	96	1346
HA|PP755589.1|A/cattle/Texas/24-008749-003/2024(H5N1)	97	1346
HA|PP755589.1|A/cattle/Texas/24-008749-003/2024(H5N1)	98	1343
HA|PP755589.1|A/cattle/Texas/24-008749-003/2024(H5N1)	99	10
HA|PP755589.1|A/cattle/Texas/24-008749-003/2024(H5N1)	100	10
HA|PP755589.1|A/cattle/Texas/24-008749-003/2024(H5N1)	101	10
HA|PP755589.1|A/cattle/Texas/24-008749-003/2024(H5N1)	102	2
HA|PP755589.1|A/cattle/Texas/24-008749-003/2024(H5N1)	103	2
HA|PP755589.1|A/cattle/Texas/24-008749-003/2024(H5N1)	104	2
HA|PP755589.1|A/cattle/Texas/24-008749-003/2024(H5N1)	105	2
HA|PP755589.1|A/cattle/Texas/24-008749-003/2024(H5N1)	106	2
HA|PP755589.1|A/cattle/Texas/24-008749-003/2024(H5N1)	107	2
HA|PP755589.1|A/cattle/Texas/24-008749-003/2024(H5N1)	108	2
HA|PP755589.1|A/cattle/Texas/24-008749-003/2024(H5N1)	109	2
HA|PP755589.1|A/cattle/Texas/24-008749-003/2024(H5N1)	110	0
HA|PP755589.1|A/cattle/Texas/24-008749-003/2024(H5N1)	111	0
HA|PP755589.1|A/cattle/Texas/24-008749-003/2024(H5N1)	112	0
HA|PP755589.1|A/cattle/Texas/24-008749-003/2024(H5N1)	113	0
HA|PP755589.1|A/cattle/Texas/24-008749-003/2024(H5N1)	114	0
HA|PP755589.1|A/cattle/Texas/24-008749-003/2024(H5N1)	115	0
HA|PP755589.1|A/cattle/Texas/24-008749-003/2024(H5N1)	116	0
HA|PP755589.1|A/cattle/Texas/24-008749-003/2024(H5N1)	117	0
HA|PP755589.1|A/cattle/Texas/24-008749-003/2024(H5N1)	118	0
HA|PP755589.1|A/cattle/Texas/24-008749-003/2024(H5N1)	119	0
HA|PP755589.1|A/cattle/Texas/24-008749-003/2024(H5N1)	120	0
HA|PP755589.1|A/cattle/Texas/24-008749-003/2024(H5N1)	121	0
HA|PP755589.1|A/cattle/Texas/24-008749-003/2024(H5N1)	122	0
HA|PP755589.1|A/cattle/Texas/24-008749-003/2024(H5N1)	123	0
HA|PP755589.1|A/cattle/Texas/24-008749-003/2024(H5N1)	124	0
HA|PP755589.1|A/cattle/Texas/24-008749-003/2024(H5N1)	125	0
HA|PP755589.1|A/cattle/Texas/24-008749-003/2024(H5N1)	126	0
HA|PP755589.1|A/cattle/Texas/24-008749-003/2024(H5N1)	127	0
HA|PP755589.1|A/cattle/Texas/24-008749-003/2024(H5N1)	128	0
HA|PP755589.1|A/cattle/Texas/24-008749-003/2024(H5N1)	129	0
HA|PP755589.1|A/cattle/Texas/24-008749-003/2024(H5N1)	130	0
HA|PP755589.1|A/cattle/Texas/24-008749-003/2024(H5N1)	131	0
HA|PP755589.1|A/cattle/Texas/24-008749-003/2024(H5N1)	132	0
HA|PP755589.1|A/cattle/Texas/24-008749-003/2024(H5N1)	133	0
HA|PP755589.1|A/cattle/Texas/24-008749-003/2024(H5N1)	134	0
HA|PP755589.1|A/cattle/Texas/24-008749-003/2024(H5N1)	135	0
HA|PP755589.1|A/cattle/Texas/24-008749-003/2024(H5N1)	136	0
HA|PP755589.1|A/cattle/Texas/24-008749-003/2024(H5N1)	137	0
HA|PP755589.1|A/cattle/Texas/24-008749-003/2024(H5N1)	138	0
HA|PP755589.1|A/cattle/Texas/24-008749-003/2024(H5N1)	139	0
HA|PP755589.1|A/cattle/Texas/24-008749-003/2024(H5N1)	140	0
HA|PP755589.1|A/cattle/Texas/24-008749-003/2024(H5N1)	141	0
HA|PP755589.1|A/cattle/Texas/24-008749-003/2024(H5N1)	142	0
HA|PP755589.1|A/cattle/Texas/24-008749-003/2024(H5N1)	143	0
HA|PP755589.1|A/cattle/Texas/24-008749-003/2024(H5N1)	144	0
HA|PP755589.1|A/cattle/Texas/24-008749-003/2024(H5N1)	145	0
HA|PP755589.1|A/cattle/Texas/24-008749-003/2024(H5N1)	146	0
HA|PP755589.1|A/cattle/Texas/24-008749-003/2024(H5N1)	147	0
HA|PP755589.1|A/cattle/Texas/24-008749-003/2024(H5N1)	148	0
HA|PP755589.1|A/cattle/Texas/24-008749-003/2024(H5N1)	149	0
HA|PP755589.1|A/cattle/Texas/24-008749-003/2024(H5N1)	150	0
HA|PP755589.1|A/cattle/Texas/24-008749-003/2024(H5N1)	151	0
HA|PP755589.1|A/cattle/Texas/24-008749-003/2024(H5N1)	152	0
HA|PP755589.1|A/cattle/Texas/24-008749-003/2024(H5N1)	153	0
HA|PP755589.1|A/cattle/Texas/24-008749-003/2024(H5N1)	154	0
HA|PP755589.1|A/cattle/Texas/24-008749-003/2024(H5N1)	155	0
HA|PP755589.1|A/cattle/Texas/24-008749-003/2024(H5N1)	156	0
HA|PP755589.1|A/cattle/Texas/24-008749-003/2024(H5N1)	157	0
HA|PP755589.1|A/cattle/Texas/24-008749-003/2024(H5N1)	158	0
HA|PP755589.1|A/cattle/Texas/24-008749-003/2024(H5N1)	159	0
HA|PP755589.1|A/cattle/Texas/24-008749-003/2024(H5N1)	160	0
HA|PP755589.1|A/cattle/Texas/24-008749-003/2024(H5N1)	161	0
HA|PP755589.1|A/cattle/Texas/24-008749-003/2024(H5N1)	162	0
HA|PP755589.1|A/cattle/Texas/24-008749-003/2024(H5N1)	163	0
HA|PP755589.1|A/cattle/Texas/24-008749-003/2024(H5N1)	164	0
HA|PP755589.1|A/cattle/Texas/24-008749-003/2024(H5N1)	165	0
HA|PP755589.1|A/cattle/Texas/24-008749-003/2024(H5N1)	166	0
HA|PP755589.1|A/cattle/Texas/24-008749-003/2024(H5N1)	167	0
HA|PP755589.1|A/cattle/Texas/24-008749-003/2024(H5N1)	168	0
HA|PP755589.1|A/cattle/Texas/24-008749-003/2024(H5N1)	169	0
HA|PP755589.1|A/cattle/Texas/24-008749-003/2024(H5N1)	170	0
HA|PP755589.1|A/cattle/Texas/24-008749-003/2024(H5N1)	171	0
HA|PP755589.1|A/cattle/Texas/24-008749-003/2024(H5N1)	172	0
HA|PP755589.1|A/cattle/Texas/24-008749-003/2024(H5N1)	173	0
HA|PP755589.1|A/cattle/Texas/24-008749-003/2024(H5N1)	174	0
HA|PP755589.1|A/cattle/Texas/24-008749-003/2024(H5N1)	175	0
HA|PP755589.1|A/cattle/Texas/24-008749-003/2024(H5N1)	176	0
HA|PP755589.1|A/cattle/Texas/24-008749-003/2024(H5N1)	177	0
HA|PP755589.1|A/cattle/Texas/24-008749-003/2024(H5N1)	178	0
HA|PP755589.1|A/cattle/Texas/24-008749-003/2024(H5N1)	179	0
HA|PP755589.1|A/cattle/Texas/24-008749-003/2024(H5N1)	180	0
HA|PP755589.1|A/cattle/Texas/24-008749-003/2024(H5N1)	181	0
HA|PP755589.1|A/cattle/Texas/24-008749-003/2024(H5N1)	182	0
HA|PP755589.1|A/cattle/Texas/24-008749-003/2024(H5N1)	183	0
HA|PP755589.1|A/cattle/Texas/24-008749-003/2024(H5N1)	184	0
HA|PP755589.1|A/cattle/Texas/24-008749-003/2024(H5N1)	185	0
HA|PP755589.1|A/cattle/Texas/24-008749-003/2024(H5N1)	186	0
HA|PP755589.1|A/cattle/Texas/24-008749-003/2024(H5N1)	187	0
HA|PP755589.1|A/cattle/Texas/24-008749-003/2024(H5N1)	188	0
HA|PP755589.1|A/cattle/Texas/24-008749-003/2024(H5N1)	189	0
HA|PP755589.1|A/cattle/Texas/24-008749-003/2024(H5N1)	190	0
HA|PP755589.1|A/cattle/Texas/24-008749-003/2024(H5N1)	191	0
HA|PP755589.1|A/cattle/Texas/24-008749-003/2024(H5N1)	192	0
HA|PP755589.1|A/cattle/Texas/24-008749-003/2024(H5N1)	193	0
HA|PP755589.1|A/cattle/Texas/24-008749-003/2024(H5N1)	194	0
HA|PP755589.1|A/cattle/Texas/24-008749-003/2024(H5N1)	195	0
HA|PP755589.1|A/cattle/Texas/24-008749-003/2024(H5N1)	196	0
HA|PP755589.1|A/cattle/Texas/24-008749-003/2024(H5N1)	197	0
HA|PP755589.1|A/cattle/Texas/24-008749-003/2024(H5N1)	198	0
HA|PP755589.1|A/cattle/Texas/24-008749-003/2024(H5N1)	199	11
HA|PP755589.1|A/cattle/Texas/24-008749-003/2024(H5N1)	200	11
HA|PP755589.1|A/cattle/Texas/24-008749-003/2024(H5N1)	201	11
HA|PP755589.1|A/cattle/Texas/24-008749-003/2024(H5N1)	202	11
HA|PP755589.1|A/cattle/Texas/24-008749-003/2024(H5N1)	203	11
HA|PP755589.1|A/cattle/Texas/24-008749-003/2024(H5N1)	204	12
HA|PP755589.1|A/cattle/Texas/24-008749-003/2024(H5N1)	205	1176
HA|PP755589.1|A/cattle/Texas/24-008749-003/2024(H5N1)	206	1176
HA|PP755589.1|A/cattle/Texas/24-008749-003/2024(H5N1)	207	1197
HA|PP755589.1|A/cattle/Texas/24-008749-003/2024(H5N1)	208	1206
HA|PP755589.1|A/cattle/Texas/24-008749-003/2024(H5N1)	209	1210
HA|PP755589.1|A/cattle/Texas/24-008749-003/2024(H5N1)	210	1217
HA|PP755589.1|A/cattle/Texas/24-008749-003/2024(H5N1)	211	1225
HA|PP755589.1|A/cattle/Texas/24-008749-003/2024(H5N1)	212	1225
HA|PP755589.1|A/cattle/Texas/24-008749-003/2024(H5N1)	213	1225
HA|PP755589.1|A/cattle/Texas/24-008749-003/2024(H5N1)	214	1226
HA|PP755589.1|A/cattle/Texas/24-008749-003/2024(H5N1)	215	1226
HA|PP755589.1|A/cattle/Texas/24-008749-003/2024(H5N1)	216	1252
HA|PP755589.1|A/cattle/Texas/24-008749-003/2024(H5N1)	217	1252
HA|PP755589.1|A/cattle/Texas/24-008749-003/2024(H5N1)	218	1255
HA|PP755589.1|A/cattle/Texas/24-008749-003/2024(H5N1)	219	1255
HA|PP755589.1|A/cattle/Texas/24-008749-003/2024(H5N1)	220	1255
HA|PP755589.1|A/cattle/Texas/24-008749-003/2024(H5N1)	221	1255
HA|PP755589.1|A/cattle/Texas/24-008749-003/2024(H5N1)	222	1255
HA|PP755589.1|A/cattle/Texas/24-008749-003/2024(H5N1)	223	1255
HA|PP755589.1|A/cattle/Texas/24-008749-003/2024(H5N1)	224	1255
HA|PP755589.1|A/cattle/Texas/24-008749-003/2024(H5N1)	225	1255
HA|PP755589.1|A/cattle/Texas/24-008749-003/2024(H5N1)	226	1255
HA|PP755589.1|A/cattle/Texas/24-008749-003/2024(H5N1)	227	1255
HA|PP755589.1|A/cattle/Texas/24-008749-003/2024(H5N1)	228	1255
HA|PP755589.1|A/cattle/Texas/24-008749-003/2024(H5N1)	229	1216
HA|PP755589.1|A/cattle/Texas/24-008749-003/2024(H5N1)	230	1207
HA|PP755589.1|A/cattle/Texas/24-008749-003/2024(H5N1)	231	1205
HA|PP755589.1|A/cattle/Texas/24-008749-003/2024(H5N1)	232	1200
HA|PP755589.1|A/cattle/Texas/24-008749-003/2024(H5N1)	233	1200
HA|PP755589.1|A/cattle/Texas/24-008749-003/2024(H5N1)	234	1200
HA|PP755589.1|A/cattle/Texas/24-008749-003/2024(H5N1)	235	1200
HA|PP755589.1|A/cattle/Texas/24-008749-003/2024(H5N1)	236	1200
HA|PP755589.1|A/cattle/Texas/24-008749-003/2024(H5N1)	237	1200
HA|PP755589.1|A/cattle/Texas/24-008749-003/2024(H5N1)	238	1195
HA|PP755589.1|A/cattle/Texas/24-008749-003/2024(H5N1)	239	1182
HA|PP755589.1|A/cattle/Texas/24-008749-003/2024(H5N1)	240	1181
HA|PP755589.1|A/cattle/Texas/24-008749-003/2024(H5N1)	241	1174
HA|PP755589.1|A/cattle/Texas/24-008749-003/2024(H5N1)	242	1173
HA|PP755589.1|A/cattle/Texas/24-008749-003/2024(H5N1)	243	1169
HA|PP755589.1|A/cattle/Texas/24-008749-003/2024(H5N1)	244	1141
HA|PP755589.1|A/cattle/Texas/24-008749-003/2024(H5N1)	245	1140
HA|PP755589.1|A/cattle/Texas/24-008749-003/2024(H5N1)	246	1140
HA|PP755589.1|A/cattle/Texas/24-008749-003/2024(H5N1)	247	1138
HA|PP755589.1|A/cattle/Texas/24-008749-003/2024(H5N1)	248	1090
HA|PP755589.1|A/cattle/Texas/24-008749-003/2024(H5N1)	249	208
HA|PP755589.1|A/cattle/Texas/24-008749-003/2024(H5N1)	250	208
HA|PP755589.1|A/cattle/Texas/24-008749-003/2024(H5N1)	251	208
HA|PP755589.1|A/cattle/Texas/24-008749-003/2024(H5N1)	252	202
HA|PP755589.1|A/cattle/Texas/24-008749-003/2024(H5N1)	253	201
HA|PP755589.1|A/cattle/Texas/24-008749-003/2024(H5N1)	254	201
HA|PP755589.1|A/cattle/Texas/24-008749-003/2024(H5N1)	255	200
HA|PP755589.1|A/cattle/Texas/24-008749-003/2024(H5N1)	256	199
HA|PP755589.1|A/cattle/Texas/24-008749-003/2024(H5N1)	257	190
HA|PP755589.1|A/cattle/Texas/24-008749-003/2024(H5N1)	258	190
HA|PP755589.1|A/cattle/Texas/24-008749-003/2024(H5N1)	259	187
HA|PP755589.1|A/cattle/Texas/24-008749-003/2024(H5N1)	260	186
HA|PP755589.1|A/cattle/Texas/24-008749-003/2024(H5N1)	261	186
HA|PP755589.1|A/cattle/Texas/24-008749-003/2024(H5N1)	262	186
HA|PP755589.1|A/cattle/Texas/24-008749-003/2024(H5N1)	263	186
HA|PP755589.1|A/cattle/Texas/24-008749-003/2024(H5N1)	264	186
HA|PP755589.1|A/cattle/Texas/24-008749-003/2024(H5N1)	265	186
HA|PP755589.1|A/cattle/Texas/24-008749-003/2024(H5N1)	266	186
HA|PP755589.1|A/cattle/Texas/24-008749-003/2024(H5N1)	267	186
HA|PP755589.1|A/cattle/Texas/24-008749-003/2024(H5N1)	268	186
HA|PP755589.1|A/cattle/Texas/24-008749-003/2024(H5N1)	269	186
HA|PP755589.1|A/cattle/Texas/24-008749-003/2024(H5N1)	270	186
HA|PP755589.1|A/cattle/Texas/24-008749-003/2024(H5N1)	271	186
HA|PP755589.1|A/cattle/Texas/24-008749-003/2024(H5N1)	272	186
HA|PP755589.1|A/cattle/Texas/24-008749-003/2024(H5N1)	273	186
HA|PP755589.1|A/cattle/Texas/24-008749-003/2024(H5N1)	274	186
HA|PP755589.1|A/cattle/Texas/24-008749-003/2024(H5N1)	275	186
HA|PP755589.1|A/cattle/Texas/24-008749-003/2024(H5N1)	276	186
HA|PP755589.1|A/cattle/Texas/24-008749-003/2024(H5N1)	277	186
HA|PP755589.1|A/cattle/Texas/24-008749-003/2024(H5N1)	278	186
HA|PP755589.1|A/cattle/Texas/24-008749-003/2024(H5N1)	279	186
HA|PP755589.1|A/cattle/Texas/24-008749-003/2024(H5N1)	280	186
HA|PP755589.1|A/cattle/Texas/24-008749-003/2024(H5N1)	281	186
HA|PP755589.1|A/cattle/Texas/24-008749-003/2024(H5N1)	282	186
HA|PP755589.1|A/cattle/Texas/24-008749-003/2024(H5N1)	283	186
HA|PP755589.1|A/cattle/Texas/24-008749-003/2024(H5N1)	284	186
HA|PP755589.1|A/cattle/Texas/24-008749-003/2024(H5N1)	285	2
HA|PP755589.1|A/cattle/Texas/24-008749-003/2024(H5N1)	286	2
HA|PP755589.1|A/cattle/Texas/24-008749-003/2024(H5N1)	287	2
HA|PP755589.1|A/cattle/Texas/24-008749-003/2024(H5N1)	288	2
HA|PP755589.1|A/cattle/Texas/24-008749-003/2024(H5N1)	289	2
HA|PP755589.1|A/cattle/Texas/24-008749-003/2024(H5N1)	290	2
HA|PP755589.1|A/cattle/Texas/24-008749-003/2024(H5N1)	291	0
HA|PP755589.1|A/cattle/Texas/24-008749-003/2024(H5N1)	292	0
HA|PP755589.1|A/cattle/Texas/24-008749-003/2024(H5N1)	293	0
HA|PP755589.1|A/cattle/Texas/24-008749-003/2024(H5N1)	294	0
HA|PP755589.1|A/cattle/Texas/24-008749-003/2024(H5N1)	295	0
HA|PP755589.1|A/cattle/Texas/24-008749-003/2024(H5N1)	296	0
HA|PP755589.1|A/cattle/Texas/24-008749-003/2024(H5N1)	297	2
HA|PP755589.1|A/cattle/Texas/24-008749-003/2024(H5N1)	298	2
HA|PP755589.1|A/cattle/Texas/24-008749-003/2024(H5N1)	299	2
HA|PP755589.1|A/cattle/Texas/24-008749-003/2024(H5N1)	300	2
HA|PP755589.1|A/cattle/Texas/24-008749-003/2024(H5N1)	301	2
HA|PP755589.1|A/cattle/Texas/24-008749-003/2024(H5N1)	302	2
HA|PP755589.1|A/cattle/Texas/24-008749-003/2024(H5N1)	303	2
HA|PP755589.1|A/cattle/Texas/24-008749-003/2024(H5N1)	304	2
HA|PP755589.1|A/cattle/Texas/24-008749-003/2024(H5N1)	305	2
HA|PP755589.1|A/cattle/Texas/24-008749-003/2024(H5N1)	306	2
HA|PP755589.1|A/cattle/Texas/24-008749-003/2024(H5N1)	307	2
HA|PP755589.1|A/cattle/Texas/24-008749-003/2024(H5N1)	308	2
HA|PP755589.1|A/cattle/Texas/24-008749-003/2024(H5N1)	309	2
HA|PP755589.1|A/cattle/Texas/24-008749-003/2024(H5N1)	310	2
HA|PP755589.1|A/cattle/Texas/24-008749-003/2024(H5N1)	311	2
HA|PP755589.1|A/cattle/Texas/24-008749-003/2024(H5N1)	312	2
HA|PP755589.1|A/cattle/Texas/24-008749-003/2024(H5N1)	313	2
HA|PP755589.1|A/cattle/Texas/24-008749-003/2024(H5N1)	314	2
HA|PP755589.1|A/cattle/Texas/24-008749-003/2024(H5N1)	315	2
HA|PP755589.1|A/cattle/Texas/24-008749-003/2024(H5N1)	316	2
HA|PP755589.1|A/cattle/Texas/24-008749-003/2024(H5N1)	317	2
HA|PP755589.1|A/cattle/Texas/24-008749-003/2024(H5N1)	318	2
HA|PP755589.1|A/cattle/Texas/24-008749-003/2024(H5N1)	319	2
HA|PP755589.1|A/cattle/Texas/24-008749-003/2024(H5N1)	320	2
HA|PP755589.1|A/cattle/Texas/24-008749-003/2024(H5N1)	321	2
HA|PP755589.1|A/cattle/Texas/24-008749-003/2024(H5N1)	322	2
HA|PP755589.1|A/cattle/Texas/24-008749-003/2024(H5N1)	323	2
HA|PP755589.1|A/cattle/Texas/24-008749-003/2024(H5N1)	324	2
HA|PP755589.1|A/cattle/Texas/24-008749-003/2024(H5N1)	325	2
HA|PP755589.1|A/cattle/Texas/24-008749-003/2024(H5N1)	326	2
HA|PP755589.1|A/cattle/Texas/24-008749-003/2024(H5N1)	327	2
HA|PP755589.1|A/cattle/Texas/24-008749-003/2024(H5N1)	328	2
HA|PP755589.1|A/cattle/Texas/24-008749-003/2024(H5N1)	329	2
HA|PP755589.1|A/cattle/Texas/24-008749-003/2024(H5N1)	330	2
HA|PP755589.1|A/cattle/Texas/24-008749-003/2024(H5N1)	331	2
HA|PP755589.1|A/cattle/Texas/24-008749-003/2024(H5N1)	332	3
HA|PP755589.1|A/cattle/Texas/24-008749-003/2024(H5N1)	333	3
HA|PP755589.1|A/cattle/Texas/24-008749-003/2024(H5N1)	334	3
HA|PP755589.1|A/cattle/Texas/24-008749-003/2024(H5N1)	335	3
HA|PP755589.1|A/cattle/Texas/24-008749-003/2024(H5N1)	336	3
HA|PP755589.1|A/cattle/Texas/24-008749-003/2024(H5N1)	337	3
HA|PP755589.1|A/cattle/Texas/24-008749-003/2024(H5N1)	338	3
HA|PP755589.1|A/cattle/Texas/24-008749-003/2024(H5N1)	339	3
HA|PP755589.1|A/cattle/Texas/24-008749-003/2024(H5N1)	340	3
HA|PP755589.1|A/cattle/Texas/24-008749-003/2024(H5N1)	341	3
HA|PP755589.1|A/cattle/Texas/24-008749-003/2024(H5N1)	342	3
HA|PP755589.1|A/cattle/Texas/24-008749-003/2024(H5N1)	343	3
HA|PP755589.1|A/cattle/Texas/24-008749-003/2024(H5N1)	344	3
HA|PP755589.1|A/cattle/Texas/24-008749-003/2024(H5N1)	345	3
HA|PP755589.1|A/cattle/Texas/24-008749-003/2024(H5N1)	346	3
HA|PP755589.1|A/cattle/Texas/24-008749-003/2024(H5N1)	347	3
HA|PP755589.1|A/cattle/Texas/24-008749-003/2024(H5N1)	348	3
HA|PP755589.1|A/cattle/Texas/24-008749-003/2024(H5N1)	349	3
HA|PP755589.1|A/cattle/Texas/24-008749-003/2024(H5N1)	350	3
HA|PP755589.1|A/cattle/Texas/24-008749-003/2024(H5N1)	351	3
HA|PP755589.1|A/cattle/Texas/24-008749-003/2024(H5N1)	352	3
HA|PP755589.1|A/cattle/Texas/24-008749-003/2024(H5N1)	353	3
HA|PP755589.1|A/cattle/Texas/24-008749-003/2024(H5N1)	354	0
HA|PP755589.1|A/cattle/Texas/24-008749-003/2024(H5N1)	355	0
HA|PP755589.1|A/cattle/Texas/24-008749-003/2024(H5N1)	356	0
HA|PP755589.1|A/cattle/Texas/24-008749-003/2024(H5N1)	357	0
HA|PP755589.1|A/cattle/Texas/24-008749-003/2024(H5N1)	358	0
HA|PP755589.1|A/cattle/Texas/24-008749-003/2024(H5N1)	359	0
HA|PP755589.1|A/cattle/Texas/24-008749-003/2024(H5N1)	360	0
HA|PP755589.1|A/cattle/Texas/24-008749-003/2024(H5N1)	361	0
HA|PP755589.1|A/cattle/Texas/24-008749-003/2024(H5N1)	362	0
HA|PP755589.1|A/cattle/Texas/24-008749-003/2024(H5N1)	363	0
HA|PP755589.1|A/cattle/Texas/24-008749-003/2024(H5N1)	364	0
HA|PP755589.1|A/cattle/Texas/24-008749-003/2024(H5N1)	365	0
HA|PP755589.1|A/cattle/Texas/24-008749-003/2024(H5N1)	366	0
HA|PP755589.1|A/cattle/Texas/24-008749-003/2024(H5N1)	367	0
HA|PP755589.1|A/cattle/Texas/24-008749-003/2024(H5N1)	368	0
HA|PP755589.1|A/cattle/Texas/24-008749-003/2024(H5N1)	369	0
HA|PP755589.1|A/cattle/Texas/24-008749-003/2024(H5N1)	370	0
HA|PP755589.1|A/cattle/Texas/24-008749-003/2024(H5N1)	371	0
HA|PP755589.1|A/cattle/Texas/24-008749-003/2024(H5N1)	372	0
HA|PP755589.1|A/cattle/Texas/24-008749-003/2024(H5N1)	373	0
HA|PP755589.1|A/cattle/Texas/24-008749-003/2024(H5N1)	374	0
HA|PP755589.1|A/cattle/Texas/24-008749-003/2024(H5N1)	375	0
HA|PP755589.1|A/cattle/Texas/24-008749-003/2024(H5N1)	376	0
HA|PP755589.1|A/cattle/Texas/24-008749-003/2024(H5N1)	377	0
HA|PP755589.1|A/cattle/Texas/24-008749-003/2024(H5N1)	378	0
HA|PP755589.1|A/cattle/Texas/24-008749-003/2024(H5N1)	379	0
HA|PP755589.1|A/cattle/Texas/24-008749-003/2024(H5N1)	380	0
HA|PP755589.1|A/cattle/Texas/24-008749-003/2024(H5N1)	381	0
HA|PP755589.1|A/cattle/Texas/24-008749-003/2024(H5N1)	382	0
HA|PP755589.1|A/cattle/Texas/24-008749-003/2024(H5N1)	383	0
HA|PP755589.1|A/cattle/Texas/24-008749-003/2024(H5N1)	384	0
HA|PP755589.1|A/cattle/Texas/24-008749-003/2024(H5N1)	385	0
HA|PP755589.1|A/cattle/Texas/24-008749-003/2024(H5N1)	386	0
HA|PP755589.1|A/cattle/Texas/24-008749-003/2024(H5N1)	387	0
HA|PP755589.1|A/cattle/Texas/24-008749-003/2024(H5N1)	388	0
HA|PP755589.1|A/cattle/Texas/24-008749-003/2024(H5N1)	389	0
HA|PP755589.1|A/cattle/Texas/24-008749-003/2024(H5N1)	390	0
HA|PP755589.1|A/cattle/Texas/24-008749-003/2024(H5N1)	391	0
HA|PP755589.1|A/cattle/Texas/24-008749-003/2024(H5N1)	392	0
HA|PP755589.1|A/cattle/Texas/24-008749-003/2024(H5N1)	393	0
HA|PP755589.1|A/cattle/Texas/24-008749-003/2024(H5N1)	394	0
HA|PP755589.1|A/cattle/Texas/24-008749-003/2024(H5N1)	395	0
HA|PP755589.1|A/cattle/Texas/24-008749-003/2024(H5N1)	396	0
HA|PP755589.1|A/cattle/Texas/24-008749-003/2024(H5N1)	397	0
HA|PP755589.1|A/cattle/Texas/24-008749-003/2024(H5N1)	398	0
HA|PP755589.1|A/cattle/Texas/24-008749-003/2024(H5N1)	399	0
HA|PP755589.1|A/cattle/Texas/24-008749-003/2024(H5N1)	400	0
HA|PP755589.1|A/cattle/Texas/24-008749-003/2024(H5N1)	401	0
HA|PP755589.1|A/cattle/Texas/24-008749-003/2024(H5N1)	402	0
HA|PP755589.1|A/cattle/Texas/24-008749-003/2024(H5N1)	403	0
HA|PP755589.1|A/cattle/Texas/24-008749-003/2024(H5N1)	404	0
HA|PP755589.1|A/cattle/Texas/24-008749-003/2024(H5N1)	405	0
HA|PP755589.1|A/cattle/Texas/24-008749-003/2024(H5N1)	406	0
HA|PP755589.1|A/cattle/Texas/24-008749-003/2024(H5N1)	407	0
HA|PP755589.1|A/cattle/Texas/24-008749-003/2024(H5N1)	408	0
HA|PP755589.1|A/cattle/Texas/24-008749-003/2024(H5N1)	409	0
HA|PP755589.1|A/cattle/Texas/24-008749-003/2024(H5N1)	410	0
HA|PP755589.1|A/cattle/Texas/24-008749-003/2024(H5N1)	411	0
HA|PP755589.1|A/cattle/Texas/24-008749-003/2024(H5N1)	412	0
HA|PP755589.1|A/cattle/Texas/24-008749-003/2024(H5N1)	413	0
HA|PP755589.1|A/cattle/Texas/24-008749-003/2024(H5N1)	414	0
HA|PP755589.1|A/cattle/Texas/24-008749-003/2024(H5N1)	415	0
HA|PP755589.1|A/cattle/Texas/24-008749-003/2024(H5N1)	416	0
HA|PP755589.1|A/cattle/Texas/24-008749-003/2024(H5N1)	417	0
HA|PP755589.1|A/cattle/Texas/24-008749-003/2024(H5N1)	418	0
HA|PP755589.1|A/cattle/Texas/24-008749-003/2024(H5N1)	419	0
HA|PP755589.1|A/cattle/Texas/24-008749-003/2024(H5N1)	420	0
HA|PP755589.1|A/cattle/Texas/24-008749-003/2024(H5N1)	421	0
HA|PP755589.1|A/cattle/Texas/24-008749-003/2024(H5N1)	422	0
HA|PP755589.1|A/cattle/Texas/24-008749-003/2024(H5N1)	423	0
HA|PP755589.1|A/cattle/Texas/24-008749-003/2024(H5N1)	424	0
HA|PP755589.1|A/cattle/Texas/24-008749-003/2024(H5N1)	425	0
HA|PP755589.1|A/cattle/Texas/24-008749-003/2024(H5N1)	426	0
HA|PP755589.1|A/cattle/Texas/24-008749-003/2024(H5N1)	427	0
HA|PP755589.1|A/cattle/Texas/24-008749-003/2024(H5N1)	428	0
HA|PP755589.1|A/cattle/Texas/24-008749-003/2024(H5N1)	429	0
HA|PP755589.1|A/cattle/Texas/24-008749-003/2024(H5N1)	430	0
HA|PP755589.1|A/cattle/Texas/24-008749-003/2024(H5N1)	431	0
HA|PP755589.1|A/cattle/Texas/24-008749-003/2024(H5N1)	432	0
HA|PP755589.1|A/cattle/Texas/24-008749-003/2024(H5N1)	433	0
HA|PP755589.1|A/cattle/Texas/24-008749-003/2024(H5N1)	434	0
HA|PP755589.1|A/cattle/Texas/24-008749-003/2024(H5N1)	435	0
HA|PP755589.1|A/cattle/Texas/24-008749-003/2024(H5N1)	436	0
HA|PP755589.1|A/cattle/Texas/24-008749-003/2024(H5N1)	437	0
HA|PP755589.1|A/cattle/Texas/24-008749-003/2024(H5N1)	438	0
HA|PP755589.1|A/cattle/Texas/24-008749-003/2024(H5N1)	439	0
HA|PP755589.1|A/cattle/Texas/24-008749-003/2024(H5N1)	440	0
HA|PP755589.1|A/cattle/Texas/24-008749-003/2024(H5N1)	441	0
HA|PP755589.1|A/cattle/Texas/24-008749-003/2024(H5N1)	442	0
HA|PP755589.1|A/cattle/Texas/24-008749-003/2024(H5N1)	443	0
HA|PP755589.1|A/cattle/Texas/24-008749-003/2024(H5N1)	444	0
HA|PP755589.1|A/cattle/Texas/24-008749-003/2024(H5N1)	445	0
HA|PP755589.1|A/cattle/Texas/24-008749-003/2024(H5N1)	446	0
HA|PP755589.1|A/cattle/Texas/24-008749-003/2024(H5N1)	447	0
HA|PP755589.1|A/cattle/Texas/24-008749-003/2024(H5N1)	448	0
HA|PP755589.1|A/cattle/Texas/24-008749-003/2024(H5N1)	449	0
HA|PP755589.1|A/cattle/Texas/24-008749-003/2024(H5N1)	450	0
HA|PP755589.1|A/cattle/Texas/24-008749-003/2024(H5N1)	451	0
HA|PP755589.1|A/cattle/Texas/24-008749-003/2024(H5N1)	452	0
HA|PP755589.1|A/cattle/Texas/24-008749-003/2024(H5N1)	453	0
HA|PP755589.1|A/cattle/Texas/24-008749-003/2024(H5N1)	454	0
HA|PP755589.1|A/cattle/Texas/24-008749-003/2024(H5N1)	455	0
HA|PP755589.1|A/cattle/Texas/24-008749-003/2024(H5N1)	456	0
HA|PP755589.1|A/cattle/Texas/24-008749-003/2024(H5N1)	457	0
HA|PP755589.1|A/cattle/Texas/24-008749-003/2024(H5N1)	458	0
HA|PP755589.1|A/cattle/Texas/24-008749-003/2024(H5N1)	459	0
HA|PP755589.1|A/cattle/Texas/24-008749-003/2024(H5N1)	460	0
HA|PP755589.1|A/cattle/Texas/24-008749-003/2024(H5N1)	461	0
HA|PP755589.1|A/cattle/Texas/24-008749-003/2024(H5N1)	462	0
HA|PP755589.1|A/cattle/Texas/24-008749-003/2024(H5N1)	463	0
HA|PP755589.1|A/cattle/Texas/24-008749-003/2024(H5N1)	464	0
HA|PP755589.1|A/cattle/Texas/24-008749-003/2024(H5N1)	465	0
HA|PP755589.1|A/cattle/Texas/24-008749-003/2024(H5N1)	466	0
HA|PP755589.1|A/cattle/Texas/24-008749-003/2024(H5N1)	467	0
HA|PP755589.1|A/cattle/Texas/24-008749-003/2024(H5N1)	468	0
HA|PP755589.1|A/cattle/Texas/24-008749-003/2024(H5N1)	469	0
HA|PP755589.1|A/cattle/Texas/24-008749-003/2024(H5N1)	470	0
HA|PP755589.1|A/cattle/Texas/24-008749-003/2024(H5N1)	471	0
HA|PP755589.1|A/cattle/Texas/24-008749-003/2024(H5N1)	472	231
HA|PP755589.1|A/cattle/Texas/24-008749-003/2024(H5N1)	473	231
HA|PP755589.1|A/cattle/Texas/24-008749-003/2024(H5N1)	474	231
HA|PP755589.1|A/cattle/Texas/24-008749-003/2024(H5N1)	475	231
HA|PP755589.1|A/cattle/Texas/24-008749-003/2024(H5N1)	476	231
HA|PP755589.1|A/cattle/Texas/24-008749-003/2024(H5N1)	477	231
HA|PP755589.1|A/cattle/Texas/24-008749-003/2024(H5N1)	478	231
HA|PP755589.1|A/cattle/Texas/24-008749-003/2024(H5N1)	479	231
HA|PP755589.1|A/cattle/Texas/24-008749-003/2024(H5N1)	480	231
HA|PP755589.1|A/cattle/Texas/24-008749-003/2024(H5N1)	481	231
HA|PP755589.1|A/cattle/Texas/24-008749-003/2024(H5N1)	482	231
HA|PP755589.1|A/cattle/Texas/24-008749-003/2024(H5N1)	483	231
HA|PP755589.1|A/cattle/Texas/24-008749-003/2024(H5N1)	484	231
HA|PP755589.1|A/cattle/Texas/24-008749-003/2024(H5N1)	485	231
HA|PP755589.1|A/cattle/Texas/24-008749-003/2024(H5N1)	486	231
HA|PP755589.1|A/cattle/Texas/24-008749-003/2024(H5N1)	487	231
HA|PP755589.1|A/cattle/Texas/24-008749-003/2024(H5N1)	488	231
HA|PP755589.1|A/cattle/Texas/24-008749-003/2024(H5N1)	489	231
HA|PP755589.1|A/cattle/Texas/24-008749-003/2024(H5N1)	490	231
HA|PP755589.1|A/cattle/Texas/24-008749-003/2024(H5N1)	491	231
HA|PP755589.1|A/cattle/Texas/24-008749-003/2024(H5N1)	492	231
HA|PP755589.1|A/cattle/Texas/24-008749-003/2024(H5N1)	493	231
HA|PP755589.1|A/cattle/Texas/24-008749-003/2024(H5N1)	494	231
HA|PP755589.1|A/cattle/Texas/24-008749-003/2024(H5N1)	495	231
HA|PP755589.1|A/cattle/Texas/24-008749-003/2024(H5N1)	496	1
HA|PP755589.1|A/cattle/Texas/24-008749-003/2024(H5N1)	497	0
HA|PP755589.1|A/cattle/Texas/24-008749-003/2024(H5N1)	498	0
HA|PP755589.1|A/cattle/Texas/24-008749-003/2024(H5N1)	499	0
HA|PP755589.1|A/cattle/Texas/24-008749-003/2024(H5N1)	500	0
HA|PP755589.1|A/cattle/Texas/24-008749-003/2024(H5N1)	501	0
HA|PP755589.1|A/cattle/Texas/24-008749-003/2024(H5N1)	502	0
HA|PP755589.1|A/cattle/Texas/24-008749-003/2024(H5N1)	503	0
HA|PP755589.1|A/cattle/Texas/24-008749-003/2024(H5N1)	504	0
HA|PP755589.1|A/cattle/Texas/24-008749-003/2024(H5N1)	505	0
HA|PP755589.1|A/cattle/Texas/24-008749-003/2024(H5N1)	506	0
HA|PP755589.1|A/cattle/Texas/24-008749-003/2024(H5N1)	507	0
HA|PP755589.1|A/cattle/Texas/24-008749-003/2024(H5N1)	508	0
HA|PP755589.1|A/cattle/Texas/24-008749-003/2024(H5N1)	509	0
HA|PP755589.1|A/cattle/Texas/24-008749-003/2024(H5N1)	510	0
HA|PP755589.1|A/cattle/Texas/24-008749-003/2024(H5N1)	511	0
HA|PP755589.1|A/cattle/Texas/24-008749-003/2024(H5N1)	512	1
HA|PP755589.1|A/cattle/Texas/24-008749-003/2024(H5N1)	513	1
HA|PP755589.1|A/cattle/Texas/24-008749-003/2024(H5N1)	514	1
HA|PP755589.1|A/cattle/Texas/24-008749-003/2024(H5N1)	515	1
HA|PP755589.1|A/cattle/Texas/24-008749-003/2024(H5N1)	516	1
HA|PP755589.1|A/cattle/Texas/24-008749-003/2024(H5N1)	517	2
HA|PP755589.1|A/cattle/Texas/24-008749-003/2024(H5N1)	518	2
HA|PP755589.1|A/cattle/Texas/24-008749-003/2024(H5N1)	519	2
HA|PP755589.1|A/cattle/Texas/24-008749-003/2024(H5N1)	520	2
HA|PP755589.1|A/cattle/Texas/24-008749-003/2024(H5N1)	521	2
HA|PP755589.1|A/cattle/Texas/24-008749-003/2024(H5N1)	522	2
HA|PP755589.1|A/cattle/Texas/24-008749-003/2024(H5N1)	523	2
HA|PP755589.1|A/cattle/Texas/24-008749-003/2024(H5N1)	524	2
HA|PP755589.1|A/cattle/Texas/24-008749-003/2024(H5N1)	525	2
HA|PP755589.1|A/cattle/Texas/24-008749-003/2024(H5N1)	526	2
HA|PP755589.1|A/cattle/Texas/24-008749-003/2024(H5N1)	527	2
HA|PP755589.1|A/cattle/Texas/24-008749-003/2024(H5N1)	528	2
HA|PP755589.1|A/cattle/Texas/24-008749-003/2024(H5N1)	529	2
HA|PP755589.1|A/cattle/Texas/24-008749-003/2024(H5N1)	530	2
HA|PP755589.1|A/cattle/Texas/24-008749-003/2024(H5N1)	531	2
HA|PP755589.1|A/cattle/Texas/24-008749-003/2024(H5N1)	532	2
HA|PP755589.1|A/cattle/Texas/24-008749-003/2024(H5N1)	533	1
HA|PP755589.1|A/cattle/Texas/24-008749-003/2024(H5N1)	534	1
HA|PP755589.1|A/cattle/Texas/24-008749-003/2024(H5N1)	535	1
HA|PP755589.1|A/cattle/Texas/24-008749-003/2024(H5N1)	536	1
HA|PP755589.1|A/cattle/Texas/24-008749-003/2024(H5N1)	537	1
HA|PP755589.1|A/cattle/Texas/24-008749-003/2024(H5N1)	538	1
HA|PP755589.1|A/cattle/Texas/24-008749-003/2024(H5N1)	539	1
HA|PP755589.1|A/cattle/Texas/24-008749-003/2024(H5N1)	540	1
HA|PP755589.1|A/cattle/Texas/24-008749-003/2024(H5N1)	541	1
HA|PP755589.1|A/cattle/Texas/24-008749-003/2024(H5N1)	542	1
HA|PP755589.1|A/cattle/Texas/24-008749-003/2024(H5N1)	543	1
HA|PP755589.1|A/cattle/Texas/24-008749-003/2024(H5N1)	544	1
HA|PP755589.1|A/cattle/Texas/24-008749-003/2024(H5N1)	545	1
HA|PP755589.1|A/cattle/Texas/24-008749-003/2024(H5N1)	546	0
HA|PP755589.1|A/cattle/Texas/24-008749-003/2024(H5N1)	547	0
HA|PP755589.1|A/cattle/Texas/24-008749-003/2024(H5N1)	548	0
HA|PP755589.1|A/cattle/Texas/24-008749-003/2024(H5N1)	549	0
HA|PP755589.1|A/cattle/Texas/24-008749-003/2024(H5N1)	550	0
HA|PP755589.1|A/cattle/Texas/24-008749-003/2024(H5N1)	551	0
HA|PP755589.1|A/cattle/Texas/24-008749-003/2024(H5N1)	552	0
HA|PP755589.1|A/cattle/Texas/24-008749-003/2024(H5N1)	553	0
HA|PP755589.1|A/cattle/Texas/24-008749-003/2024(H5N1)	554	0
HA|PP755589.1|A/cattle/Texas/24-008749-003/2024(H5N1)	555	0
HA|PP755589.1|A/cattle/Texas/24-008749-003/2024(H5N1)	556	0
HA|PP755589.1|A/cattle/Texas/24-008749-003/2024(H5N1)	557	0
HA|PP755589.1|A/cattle/Texas/24-008749-003/2024(H5N1)	558	0
HA|PP755589.1|A/cattle/Texas/24-008749-003/2024(H5N1)	559	0
HA|PP755589.1|A/cattle/Texas/24-008749-003/2024(H5N1)	560	0
HA|PP755589.1|A/cattle/Texas/24-008749-003/2024(H5N1)	561	0
HA|PP755589.1|A/cattle/Texas/24-008749-003/2024(H5N1)	562	0
HA|PP755589.1|A/cattle/Texas/24-008749-003/2024(H5N1)	563	0
HA|PP755589.1|A/cattle/Texas/24-008749-003/2024(H5N1)	564	0
HA|PP755589.1|A/cattle/Texas/24-008749-003/2024(H5N1)	565	0
HA|PP755589.1|A/cattle/Texas/24-008749-003/2024(H5N1)	566	0
HA|PP755589.1|A/cattle/Texas/24-008749-003/2024(H5N1)	567	0
HA|PP755589.1|A/cattle/Texas/24-008749-003/2024(H5N1)	568	0
HA|PP755589.1|A/cattle/Texas/24-008749-003/2024(H5N1)	569	0
HA|PP755589.1|A/cattle/Texas/24-008749-003/2024(H5N1)	570	0
HA|PP755589.1|A/cattle/Texas/24-008749-003/2024(H5N1)	571	0
HA|PP755589.1|A/cattle/Texas/24-008749-003/2024(H5N1)	572	0
HA|PP755589.1|A/cattle/Texas/24-008749-003/2024(H5N1)	573	0
HA|PP755589.1|A/cattle/Texas/24-008749-003/2024(H5N1)	574	0
HA|PP755589.1|A/cattle/Texas/24-008749-003/2024(H5N1)	575	0
HA|PP755589.1|A/cattle/Texas/24-008749-003/2024(H5N1)	576	0
HA|PP755589.1|A/cattle/Texas/24-008749-003/2024(H5N1)	577	0
HA|PP755589.1|A/cattle/Texas/24-008749-003/2024(H5N1)	578	0
HA|PP755589.1|A/cattle/Texas/24-008749-003/2024(H5N1)	579	0
HA|PP755589.1|A/cattle/Texas/24-008749-003/2024(H5N1)	580	0
HA|PP755589.1|A/cattle/Texas/24-008749-003/2024(H5N1)	581	0
HA|PP755589.1|A/cattle/Texas/24-008749-003/2024(H5N1)	582	0
HA|PP755589.1|A/cattle/Texas/24-008749-003/2024(H5N1)	583	0
HA|PP755589.1|A/cattle/Texas/24-008749-003/2024(H5N1)	584	0
HA|PP755589.1|A/cattle/Texas/24-008749-003/2024(H5N1)	585	0
HA|PP755589.1|A/cattle/Texas/24-008749-003/2024(H5N1)	586	0
HA|PP755589.1|A/cattle/Texas/24-008749-003/2024(H5N1)	587	0
HA|PP755589.1|A/cattle/Texas/24-008749-003/2024(H5N1)	588	0
HA|PP755589.1|A/cattle/Texas/24-008749-003/2024(H5N1)	589	0
HA|PP755589.1|A/cattle/Texas/24-008749-003/2024(H5N1)	590	0
HA|PP755589.1|A/cattle/Texas/24-008749-003/2024(H5N1)	591	0
HA|PP755589.1|A/cattle/Texas/24-008749-003/2024(H5N1)	592	0
HA|PP755589.1|A/cattle/Texas/24-008749-003/2024(H5N1)	593	0
HA|PP755589.1|A/cattle/Texas/24-008749-003/2024(H5N1)	594	0
HA|PP755589.1|A/cattle/Texas/24-008749-003/2024(H5N1)	595	0
HA|PP755589.1|A/cattle/Texas/24-008749-003/2024(H5N1)	596	0
HA|PP755589.1|A/cattle/Texas/24-008749-003/2024(H5N1)	597	0
HA|PP755589.1|A/cattle/Texas/24-008749-003/2024(H5N1)	598	0
HA|PP755589.1|A/cattle/Texas/24-008749-003/2024(H5N1)	599	0
HA|PP755589.1|A/cattle/Texas/24-008749-003/2024(H5N1)	600	0
HA|PP755589.1|A/cattle/Texas/24-008749-003/2024(H5N1)	601	0
HA|PP755589.1|A/cattle/Texas/24-008749-003/2024(H5N1)	602	0
HA|PP755589.1|A/cattle/Texas/24-008749-003/2024(H5N1)	603	0
HA|PP755589.1|A/cattle/Texas/24-008749-003/2024(H5N1)	604	0
HA|PP755589.1|A/cattle/Texas/24-008749-003/2024(H5N1)	605	0
HA|PP755589.1|A/cattle/Texas/24-008749-003/2024(H5N1)	606	0
HA|PP755589.1|A/cattle/Texas/24-008749-003/2024(H5N1)	607	0
HA|PP755589.1|A/cattle/Texas/24-008749-003/2024(H5N1)	608	0
HA|PP755589.1|A/cattle/Texas/24-008749-003/2024(H5N1)	609	0
HA|PP755589.1|A/cattle/Texas/24-008749-003/2024(H5N1)	610	0
HA|PP755589.1|A/cattle/Texas/24-008749-003/2024(H5N1)	611	0
HA|PP755589.1|A/cattle/Texas/24-008749-003/2024(H5N1)	612	0
HA|PP755589.1|A/cattle/Texas/24-008749-003/2024(H5N1)	613	0
HA|PP755589.1|A/cattle/Texas/24-008749-003/2024(H5N1)	614	0
HA|PP755589.1|A/cattle/Texas/24-008749-003/2024(H5N1)	615	0
HA|PP755589.1|A/cattle/Texas/24-008749-003/2024(H5N1)	616	0
HA|PP755589.1|A/cattle/Texas/24-008749-003/2024(H5N1)	617	0
HA|PP755589.1|A/cattle/Texas/24-008749-003/2024(H5N1)	618	0
HA|PP755589.1|A/cattle/Texas/24-008749-003/2024(H5N1)	619	0
HA|PP755589.1|A/cattle/Texas/24-008749-003/2024(H5N1)	620	0
HA|PP755589.1|A/cattle/Texas/24-008749-003/2024(H5N1)	621	0
HA|PP755589.1|A/cattle/Texas/24-008749-003/2024(H5N1)	622	0
HA|PP755589.1|A/cattle/Texas/24-008749-003/2024(H5N1)	623	0
HA|PP755589.1|A/cattle/Texas/24-008749-003/2024(H5N1)	624	0
HA|PP755589.1|A/cattle/Texas/24-008749-003/2024(H5N1)	625	0
HA|PP755589.1|A/cattle/Texas/24-008749-003/2024(H5N1)	626	0
HA|PP755589.1|A/cattle/Texas/24-008749-003/2024(H5N1)	627	0
HA|PP755589.1|A/cattle/Texas/24-008749-003/2024(H5N1)	628	0
HA|PP755589.1|A/cattle/Texas/24-008749-003/2024(H5N1)	629	0
HA|PP755589.1|A/cattle/Texas/24-008749-003/2024(H5N1)	630	0
HA|PP755589.1|A/cattle/Texas/24-008749-003/2024(H5N1)	631	0
HA|PP755589.1|A/cattle/Texas/24-008749-003/2024(H5N1)	632	0
HA|PP755589.1|A/cattle/Texas/24-008749-003/2024(H5N1)	633	0
HA|PP755589.1|A/cattle/Texas/24-008749-003/2024(H5N1)	634	0
HA|PP755589.1|A/cattle/Texas/24-008749-003/2024(H5N1)	635	0
HA|PP755589.1|A/cattle/Texas/24-008749-003/2024(H5N1)	636	0
HA|PP755589.1|A/cattle/Texas/24-008749-003/2024(H5N1)	637	0
HA|PP755589.1|A/cattle/Texas/24-008749-003/2024(H5N1)	638	0
HA|PP755589.1|A/cattle/Texas/24-008749-003/2024(H5N1)	639	0
HA|PP755589.1|A/cattle/Texas/24-008749-003/2024(H5N1)	640	0
HA|PP755589.1|A/cattle/Texas/24-008749-003/2024(H5N1)	641	0
HA|PP755589.1|A/cattle/Texas/24-008749-003/2024(H5N1)	642	0
HA|PP755589.1|A/cattle/Texas/24-008749-003/2024(H5N1)	643	0
HA|PP755589.1|A/cattle/Texas/24-008749-003/2024(H5N1)	644	0
HA|PP755589.1|A/cattle/Texas/24-008749-003/2024(H5N1)	645	0
HA|PP755589.1|A/cattle/Texas/24-008749-003/2024(H5N1)	646	0
HA|PP755589.1|A/cattle/Texas/24-008749-003/2024(H5N1)	647	0
HA|PP755589.1|A/cattle/Texas/24-008749-003/2024(H5N1)	648	0
HA|PP755589.1|A/cattle/Texas/24-008749-003/2024(H5N1)	649	0
HA|PP755589.1|A/cattle/Texas/24-008749-003/2024(H5N1)	650	0
HA|PP755589.1|A/cattle/Texas/24-008749-003/2024(H5N1)	651	0
HA|PP755589.1|A/cattle/Texas/24-008749-003/2024(H5N1)	652	0
HA|PP755589.1|A/cattle/Texas/24-008749-003/2024(H5N1)	653	0
HA|PP755589.1|A/cattle/Texas/24-008749-003/2024(H5N1)	654	0
HA|PP755589.1|A/cattle/Texas/24-008749-003/2024(H5N1)	655	0
HA|PP755589.1|A/cattle/Texas/24-008749-003/2024(H5N1)	656	0
HA|PP755589.1|A/cattle/Texas/24-008749-003/2024(H5N1)	657	0
HA|PP755589.1|A/cattle/Texas/24-008749-003/2024(H5N1)	658	0
HA|PP755589.1|A/cattle/Texas/24-008749-003/2024(H5N1)	659	0
HA|PP755589.1|A/cattle/Texas/24-008749-003/2024(H5N1)	660	0
HA|PP755589.1|A/cattle/Texas/24-008749-003/2024(H5N1)	661	0
HA|PP755589.1|A/cattle/Texas/24-008749-003/2024(H5N1)	662	0
HA|PP755589.1|A/cattle/Texas/24-008749-003/2024(H5N1)	663	0
HA|PP755589.1|A/cattle/Texas/24-008749-003/2024(H5N1)	664	0
HA|PP755589.1|A/cattle/Texas/24-008749-003/2024(H5N1)	665	0
HA|PP755589.1|A/cattle/Texas/24-008749-003/2024(H5N1)	666	0
HA|PP755589.1|A/cattle/Texas/24-008749-003/2024(H5N1)	667	0
HA|PP755589.1|A/cattle/Texas/24-008749-003/2024(H5N1)	668	0
HA|PP755589.1|A/cattle/Texas/24-008749-003/2024(H5N1)	669	0
HA|PP755589.1|A/cattle/Texas/24-008749-003/2024(H5N1)	670	0
HA|PP755589.1|A/cattle/Texas/24-008749-003/2024(H5N1)	671	0
HA|PP755589.1|A/cattle/Texas/24-008749-003/2024(H5N1)	672	0
HA|PP755589.1|A/cattle/Texas/24-008749-003/2024(H5N1)	673	0
HA|PP755589.1|A/cattle/Texas/24-008749-003/2024(H5N1)	674	0
HA|PP755589.1|A/cattle/Texas/24-008749-003/2024(H5N1)	675	0
HA|PP755589.1|A/cattle/Texas/24-008749-003/2024(H5N1)	676	0
HA|PP755589.1|A/cattle/Texas/24-008749-003/2024(H5N1)	677	0
HA|PP755589.1|A/cattle/Texas/24-008749-003/2024(H5N1)	678	0
HA|PP755589.1|A/cattle/Texas/24-008749-003/2024(H5N1)	679	0
HA|PP755589.1|A/cattle/Texas/24-008749-003/2024(H5N1)	680	0
HA|PP755589.1|A/cattle/Texas/24-008749-003/2024(H5N1)	681	0
HA|PP755589.1|A/cattle/Texas/24-008749-003/2024(H5N1)	682	0
HA|PP755589.1|A/cattle/Texas/24-008749-003/2024(H5N1)	683	43
HA|PP755589.1|A/cattle/Texas/24-008749-003/2024(H5N1)	684	43
HA|PP755589.1|A/cattle/Texas/24-008749-003/2024(H5N1)	685	43
HA|PP755589.1|A/cattle/Texas/24-008749-003/2024(H5N1)	686	43
HA|PP755589.1|A/cattle/Texas/24-008749-003/2024(H5N1)	687	43
HA|PP755589.1|A/cattle/Texas/24-008749-003/2024(H5N1)	688	43
HA|PP755589.1|A/cattle/Texas/24-008749-003/2024(H5N1)	689	43
HA|PP755589.1|A/cattle/Texas/24-008749-003/2024(H5N1)	690	43
HA|PP755589.1|A/cattle/Texas/24-008749-003/2024(H5N1)	691	43
HA|PP755589.1|A/cattle/Texas/24-008749-003/2024(H5N1)	692	43
HA|PP755589.1|A/cattle/Texas/24-008749-003/2024(H5N1)	693	43
HA|PP755589.1|A/cattle/Texas/24-008749-003/2024(H5N1)	694	43
HA|PP755589.1|A/cattle/Texas/24-008749-003/2024(H5N1)	695	43
HA|PP755589.1|A/cattle/Texas/24-008749-003/2024(H5N1)	696	43
HA|PP755589.1|A/cattle/Texas/24-008749-003/2024(H5N1)	697	43
HA|PP755589.1|A/cattle/Texas/24-008749-003/2024(H5N1)	698	43
HA|PP755589.1|A/cattle/Texas/24-008749-003/2024(H5N1)	699	43
HA|PP755589.1|A/cattle/Texas/24-008749-003/2024(H5N1)	700	43
HA|PP755589.1|A/cattle/Texas/24-008749-003/2024(H5N1)	701	51
HA|PP755589.1|A/cattle/Texas/24-008749-003/2024(H5N1)	702	51
HA|PP755589.1|A/cattle/Texas/24-008749-003/2024(H5N1)	703	53
HA|PP755589.1|A/cattle/Texas/24-008749-003/2024(H5N1)	704	53
HA|PP755589.1|A/cattle/Texas/24-008749-003/2024(H5N1)	705	53
HA|PP755589.1|A/cattle/Texas/24-008749-003/2024(H5N1)	706	53
HA|PP755589.1|A/cattle/Texas/24-008749-003/2024(H5N1)	707	53
HA|PP755589.1|A/cattle/Texas/24-008749-003/2024(H5N1)	708	54
HA|PP755589.1|A/cattle/Texas/24-008749-003/2024(H5N1)	709	54
HA|PP755589.1|A/cattle/Texas/24-008749-003/2024(H5N1)	710	54
HA|PP755589.1|A/cattle/Texas/24-008749-003/2024(H5N1)	711	54
HA|PP755589.1|A/cattle/Texas/24-008749-003/2024(H5N1)	712	54
HA|PP755589.1|A/cattle/Texas/24-008749-003/2024(H5N1)	713	54
HA|PP755589.1|A/cattle/Texas/24-008749-003/2024(H5N1)	714	54
HA|PP755589.1|A/cattle/Texas/24-008749-003/2024(H5N1)	715	54
HA|PP755589.1|A/cattle/Texas/24-008749-003/2024(H5N1)	716	54
HA|PP755589.1|A/cattle/Texas/24-008749-003/2024(H5N1)	717	54
HA|PP755589.1|A/cattle/Texas/24-008749-003/2024(H5N1)	718	54
HA|PP755589.1|A/cattle/Texas/24-008749-003/2024(H5N1)	719	54
HA|PP755589.1|A/cattle/Texas/24-008749-003/2024(H5N1)	720	54
HA|PP755589.1|A/cattle/Texas/24-008749-003/2024(H5N1)	721	54
HA|PP755589.1|A/cattle/Texas/24-008749-003/2024(H5N1)	722	54
HA|PP755589.1|A/cattle/Texas/24-008749-003/2024(H5N1)	723	54
HA|PP755589.1|A/cattle/Texas/24-008749-003/2024(H5N1)	724	54
HA|PP755589.1|A/cattle/Texas/24-008749-003/2024(H5N1)	725	54
HA|PP755589.1|A/cattle/Texas/24-008749-003/2024(H5N1)	726	54
HA|PP755589.1|A/cattle/Texas/24-008749-003/2024(H5N1)	727	54
HA|PP755589.1|A/cattle/Texas/24-008749-003/2024(H5N1)	728	54
HA|PP755589.1|A/cattle/Texas/24-008749-003/2024(H5N1)	729	48
HA|PP755589.1|A/cattle/Texas/24-008749-003/2024(H5N1)	730	48
HA|PP755589.1|A/cattle/Texas/24-008749-003/2024(H5N1)	731	48
HA|PP755589.1|A/cattle/Texas/24-008749-003/2024(H5N1)	732	48
HA|PP755589.1|A/cattle/Texas/24-008749-003/2024(H5N1)	733	48
HA|PP755589.1|A/cattle/Texas/24-008749-003/2024(H5N1)	734	48
HA|PP755589.1|A/cattle/Texas/24-008749-003/2024(H5N1)	735	48
HA|PP755589.1|A/cattle/Texas/24-008749-003/2024(H5N1)	736	48
HA|PP755589.1|A/cattle/Texas/24-008749-003/2024(H5N1)	737	48
HA|PP755589.1|A/cattle/Texas/24-008749-003/2024(H5N1)	738	48
HA|PP755589.1|A/cattle/Texas/24-008749-003/2024(H5N1)	739	48
HA|PP755589.1|A/cattle/Texas/24-008749-003/2024(H5N1)	740	48
HA|PP755589.1|A/cattle/Texas/24-008749-003/2024(H5N1)	741	47
HA|PP755589.1|A/cattle/Texas/24-008749-003/2024(H5N1)	742	46
HA|PP755589.1|A/cattle/Texas/24-008749-003/2024(H5N1)	743	46
HA|PP755589.1|A/cattle/Texas/24-008749-003/2024(H5N1)	744	0
HA|PP755589.1|A/cattle/Texas/24-008749-003/2024(H5N1)	745	0
HA|PP755589.1|A/cattle/Texas/24-008749-003/2024(H5N1)	746	0
HA|PP755589.1|A/cattle/Texas/24-008749-003/2024(H5N1)	747	0
HA|PP755589.1|A/cattle/Texas/24-008749-003/2024(H5N1)	748	0
HA|PP755589.1|A/cattle/Texas/24-008749-003/2024(H5N1)	749	0
HA|PP755589.1|A/cattle/Texas/24-008749-003/2024(H5N1)	750	0
HA|PP755589.1|A/cattle/Texas/24-008749-003/2024(H5N1)	751	0
HA|PP755589.1|A/cattle/Texas/24-008749-003/2024(H5N1)	752	0
HA|PP755589.1|A/cattle/Texas/24-008749-003/2024(H5N1)	753	0
HA|PP755589.1|A/cattle/Texas/24-008749-003/2024(H5N1)	754	0
HA|PP755589.1|A/cattle/Texas/24-008749-003/2024(H5N1)	755	0
HA|PP755589.1|A/cattle/Texas/24-008749-003/2024(H5N1)	756	0
HA|PP755589.1|A/cattle/Texas/24-008749-003/2024(H5N1)	757	0
HA|PP755589.1|A/cattle/Texas/24-008749-003/2024(H5N1)	758	0
HA|PP755589.1|A/cattle/Texas/24-008749-003/2024(H5N1)	759	0
HA|PP755589.1|A/cattle/Texas/24-008749-003/2024(H5N1)	760	0
HA|PP755589.1|A/cattle/Texas/24-008749-003/2024(H5N1)	761	0
HA|PP755589.1|A/cattle/Texas/24-008749-003/2024(H5N1)	762	0
HA|PP755589.1|A/cattle/Texas/24-008749-003/2024(H5N1)	763	0
HA|PP755589.1|A/cattle/Texas/24-008749-003/2024(H5N1)	764	0
HA|PP755589.1|A/cattle/Texas/24-008749-003/2024(H5N1)	765	0
HA|PP755589.1|A/cattle/Texas/24-008749-003/2024(H5N1)	766	0
HA|PP755589.1|A/cattle/Texas/24-008749-003/2024(H5N1)	767	0
HA|PP755589.1|A/cattle/Texas/24-008749-003/2024(H5N1)	768	0
HA|PP755589.1|A/cattle/Texas/24-008749-003/2024(H5N1)	769	0
HA|PP755589.1|A/cattle/Texas/24-008749-003/2024(H5N1)	770	0
HA|PP755589.1|A/cattle/Texas/24-008749-003/2024(H5N1)	771	0
HA|PP755589.1|A/cattle/Texas/24-008749-003/2024(H5N1)	772	0
HA|PP755589.1|A/cattle/Texas/24-008749-003/2024(H5N1)	773	0
HA|PP755589.1|A/cattle/Texas/24-008749-003/2024(H5N1)	774	0
HA|PP755589.1|A/cattle/Texas/24-008749-003/2024(H5N1)	775	0
HA|PP755589.1|A/cattle/Texas/24-008749-003/2024(H5N1)	776	0
HA|PP755589.1|A/cattle/Texas/24-008749-003/2024(H5N1)	777	0
HA|PP755589.1|A/cattle/Texas/24-008749-003/2024(H5N1)	778	0
HA|PP755589.1|A/cattle/Texas/24-008749-003/2024(H5N1)	779	0
HA|PP755589.1|A/cattle/Texas/24-008749-003/2024(H5N1)	780	0
HA|PP755589.1|A/cattle/Texas/24-008749-003/2024(H5N1)	781	0
HA|PP755589.1|A/cattle/Texas/24-008749-003/2024(H5N1)	782	0
HA|PP755589.1|A/cattle/Texas/24-008749-003/2024(H5N1)	783	0
HA|PP755589.1|A/cattle/Texas/24-008749-003/2024(H5N1)	784	0
HA|PP755589.1|A/cattle/Texas/24-008749-003/2024(H5N1)	785	0
HA|PP755589.1|A/cattle/Texas/24-008749-003/2024(H5N1)	786	0
HA|PP755589.1|A/cattle/Texas/24-008749-003/2024(H5N1)	787	0
HA|PP755589.1|A/cattle/Texas/24-008749-003/2024(H5N1)	788	0
HA|PP755589.1|A/cattle/Texas/24-008749-003/2024(H5N1)	789	0
HA|PP755589.1|A/cattle/Texas/24-008749-003/2024(H5N1)	790	0
HA|PP755589.1|A/cattle/Texas/24-008749-003/2024(H5N1)	791	0
HA|PP755589.1|A/cattle/Texas/24-008749-003/2024(H5N1)	792	0
HA|PP755589.1|A/cattle/Texas/24-008749-003/2024(H5N1)	793	0
HA|PP755589.1|A/cattle/Texas/24-008749-003/2024(H5N1)	794	0
HA|PP755589.1|A/cattle/Texas/24-008749-003/2024(H5N1)	795	0
HA|PP755589.1|A/cattle/Texas/24-008749-003/2024(H5N1)	796	0
HA|PP755589.1|A/cattle/Texas/24-008749-003/2024(H5N1)	797	0
HA|PP755589.1|A/cattle/Texas/24-008749-003/2024(H5N1)	798	0
HA|PP755589.1|A/cattle/Texas/24-008749-003/2024(H5N1)	799	0
HA|PP755589.1|A/cattle/Texas/24-008749-003/2024(H5N1)	800	0
HA|PP755589.1|A/cattle/Texas/24-008749-003/2024(H5N1)	801	0
HA|PP755589.1|A/cattle/Texas/24-008749-003/2024(H5N1)	802	0
HA|PP755589.1|A/cattle/Texas/24-008749-003/2024(H5N1)	803	0
HA|PP755589.1|A/cattle/Texas/24-008749-003/2024(H5N1)	804	0
HA|PP755589.1|A/cattle/Texas/24-008749-003/2024(H5N1)	805	0
HA|PP755589.1|A/cattle/Texas/24-008749-003/2024(H5N1)	806	0
HA|PP755589.1|A/cattle/Texas/24-008749-003/2024(H5N1)	807	0
HA|PP755589.1|A/cattle/Texas/24-008749-003/2024(H5N1)	808	0
HA|PP755589.1|A/cattle/Texas/24-008749-003/2024(H5N1)	809	0
HA|PP755589.1|A/cattle/Texas/24-008749-003/2024(H5N1)	810	0
HA|PP755589.1|A/cattle/Texas/24-008749-003/2024(H5N1)	811	0
HA|PP755589.1|A/cattle/Texas/24-008749-003/2024(H5N1)	812	0
HA|PP755589.1|A/cattle/Texas/24-008749-003/2024(H5N1)	813	0
HA|PP755589.1|A/cattle/Texas/24-008749-003/2024(H5N1)	814	0
HA|PP755589.1|A/cattle/Texas/24-008749-003/2024(H5N1)	815	0
HA|PP755589.1|A/cattle/Texas/24-008749-003/2024(H5N1)	816	0
HA|PP755589.1|A/cattle/Texas/24-008749-003/2024(H5N1)	817	0
HA|PP755589.1|A/cattle/Texas/24-008749-003/2024(H5N1)	818	0
HA|PP755589.1|A/cattle/Texas/24-008749-003/2024(H5N1)	819	0
HA|PP755589.1|A/cattle/Texas/24-008749-003/2024(H5N1)	820	0
HA|PP755589.1|A/cattle/Texas/24-008749-003/2024(H5N1)	821	0
HA|PP755589.1|A/cattle/Texas/24-008749-003/2024(H5N1)	822	0
HA|PP755589.1|A/cattle/Texas/24-008749-003/2024(H5N1)	823	0
HA|PP755589.1|A/cattle/Texas/24-008749-003/2024(H5N1)	824	0
HA|PP755589.1|A/cattle/Texas/24-008749-003/2024(H5N1)	825	0
HA|PP755589.1|A/cattle/Texas/24-008749-003/2024(H5N1)	826	0
HA|PP755589.1|A/cattle/Texas/24-008749-003/2024(H5N1)	827	0
HA|PP755589.1|A/cattle/Texas/24-008749-003/2024(H5N1)	828	0
HA|PP755589.1|A/cattle/Texas/24-008749-003/2024(H5N1)	829	0
HA|PP755589.1|A/cattle/Texas/24-008749-003/2024(H5N1)	830	0
HA|PP755589.1|A/cattle/Texas/24-008749-003/2024(H5N1)	831	0
HA|PP755589.1|A/cattle/Texas/24-008749-003/2024(H5N1)	832	0
HA|PP755589.1|A/cattle/Texas/24-008749-003/2024(H5N1)	833	0
HA|PP755589.1|A/cattle/Texas/24-008749-003/2024(H5N1)	834	0
HA|PP755589.1|A/cattle/Texas/24-008749-003/2024(H5N1)	835	0
HA|PP755589.1|A/cattle/Texas/24-008749-003/2024(H5N1)	836	0
HA|PP755589.1|A/cattle/Texas/24-008749-003/2024(H5N1)	837	0
HA|PP755589.1|A/cattle/Texas/24-008749-003/2024(H5N1)	838	0
HA|PP755589.1|A/cattle/Texas/24-008749-003/2024(H5N1)	839	0
HA|PP755589.1|A/cattle/Texas/24-008749-003/2024(H5N1)	840	0
HA|PP755589.1|A/cattle/Texas/24-008749-003/2024(H5N1)	841	0
HA|PP755589.1|A/cattle/Texas/24-008749-003/2024(H5N1)	842	0
HA|PP755589.1|A/cattle/Texas/24-008749-003/2024(H5N1)	843	0
HA|PP755589.1|A/cattle/Texas/24-008749-003/2024(H5N1)	844	0
HA|PP755589.1|A/cattle/Texas/24-008749-003/2024(H5N1)	845	0
HA|PP755589.1|A/cattle/Texas/24-008749-003/2024(H5N1)	846	0
HA|PP755589.1|A/cattle/Texas/24-008749-003/2024(H5N1)	847	0
HA|PP755589.1|A/cattle/Texas/24-008749-003/2024(H5N1)	848	0
HA|PP755589.1|A/cattle/Texas/24-008749-003/2024(H5N1)	849	0
HA|PP755589.1|A/cattle/Texas/24-008749-003/2024(H5N1)	850	0
HA|PP755589.1|A/cattle/Texas/24-008749-003/2024(H5N1)	851	0
HA|PP755589.1|A/cattle/Texas/24-008749-003/2024(H5N1)	852	0
HA|PP755589.1|A/cattle/Texas/24-008749-003/2024(H5N1)	853	0
HA|PP755589.1|A/cattle/Texas/24-008749-003/2024(H5N1)	854	0
HA|PP755589.1|A/cattle/Texas/24-008749-003/2024(H5N1)	855	0
HA|PP755589.1|A/cattle/Texas/24-008749-003/2024(H5N1)	856	0
HA|PP755589.1|A/cattle/Texas/24-008749-003/2024(H5N1)	857	0
HA|PP755589.1|A/cattle/Texas/24-008749-003/2024(H5N1)	858	0
HA|PP755589.1|A/cattle/Texas/24-008749-003/2024(H5N1)	859	0
HA|PP755589.1|A/cattle/Texas/24-008749-003/2024(H5N1)	860	0
HA|PP755589.1|A/cattle/Texas/24-008749-003/2024(H5N1)	861	0
HA|PP755589.1|A/cattle/Texas/24-008749-003/2024(H5N1)	862	0
HA|PP755589.1|A/cattle/Texas/24-008749-003/2024(H5N1)	863	0
HA|PP755589.1|A/cattle/Texas/24-008749-003/2024(H5N1)	864	0
HA|PP755589.1|A/cattle/Texas/24-008749-003/2024(H5N1)	865	0
HA|PP755589.1|A/cattle/Texas/24-008749-003/2024(H5N1)	866	0
HA|PP755589.1|A/cattle/Texas/24-008749-003/2024(H5N1)	867	0
HA|PP755589.1|A/cattle/Texas/24-008749-003/2024(H5N1)	868	0
HA|PP755589.1|A/cattle/Texas/24-008749-003/2024(H5N1)	869	0
HA|PP755589.1|A/cattle/Texas/24-008749-003/2024(H5N1)	870	0
HA|PP755589.1|A/cattle/Texas/24-008749-003/2024(H5N1)	871	0
HA|PP755589.1|A/cattle/Texas/24-008749-003/2024(H5N1)	872	159
HA|PP755589.1|A/cattle/Texas/24-008749-003/2024(H5N1)	873	163
HA|PP755589.1|A/cattle/Texas/24-008749-003/2024(H5N1)	874	163
HA|PP755589.1|A/cattle/Texas/24-008749-003/2024(H5N1)	875	163
HA|PP755589.1|A/cattle/Texas/24-008749-003/2024(H5N1)	876	163
HA|PP755589.1|A/cattle/Texas/24-008749-003/2024(H5N1)	877	163
HA|PP755589.1|A/cattle/Texas/24-008749-003/2024(H5N1)	878	163
HA|PP755589.1|A/cattle/Texas/24-008749-003/2024(H5N1)	879	163
HA|PP755589.1|A/cattle/Texas/24-008749-003/2024(H5N1)	880	163
HA|PP755589.1|A/cattle/Texas/24-008749-003/2024(H5N1)	881	163
HA|PP755589.1|A/cattle/Texas/24-008749-003/2024(H5N1)	882	163
HA|PP755589.1|A/cattle/Texas/24-008749-003/2024(H5N1)	883	163
HA|PP755589.1|A/cattle/Texas/24-008749-003/2024(H5N1)	884	163
HA|PP755589.1|A/cattle/Texas/24-008749-003/2024(H5N1)	885	163
HA|PP755589.1|A/cattle/Texas/24-008749-003/2024(H5N1)	886	163
HA|PP755589.1|A/cattle/Texas/24-008749-003/2024(H5N1)	887	163
HA|PP755589.1|A/cattle/Texas/24-008749-003/2024(H5N1)	888	163
HA|PP755589.1|A/cattle/Texas/24-008749-003/2024(H5N1)	889	163
HA|PP755589.1|A/cattle/Texas/24-008749-003/2024(H5N1)	890	163
HA|PP755589.1|A/cattle/Texas/24-008749-003/2024(H5N1)	891	163
HA|PP755589.1|A/cattle/Texas/24-008749-003/2024(H5N1)	892	163
HA|PP755589.1|A/cattle/Texas/24-008749-003/2024(H5N1)	893	163
HA|PP755589.1|A/cattle/Texas/24-008749-003/2024(H5N1)	894	163
HA|PP755589.1|A/cattle/Texas/24-008749-003/2024(H5N1)	895	163
HA|PP755589.1|A/cattle/Texas/24-008749-003/2024(H5N1)	896	163
HA|PP755589.1|A/cattle/Texas/24-008749-003/2024(H5N1)	897	163
HA|PP755589.1|A/cattle/Texas/24-008749-003/2024(H5N1)	898	163
HA|PP755589.1|A/cattle/Texas/24-008749-003/2024(H5N1)	899	163
HA|PP755589.1|A/cattle/Texas/24-008749-003/2024(H5N1)	900	163
HA|PP755589.1|A/cattle/Texas/24-008749-003/2024(H5N1)	901	163
HA|PP755589.1|A/cattle/Texas/24-008749-003/2024(H5N1)	902	163
HA|PP755589.1|A/cattle/Texas/24-008749-003/2024(H5N1)	903	163
HA|PP755589.1|A/cattle/Texas/24-008749-003/2024(H5N1)	904	163
HA|PP755589.1|A/cattle/Texas/24-008749-003/2024(H5N1)	905	163
HA|PP755589.1|A/cattle/Texas/24-008749-003/2024(H5N1)	906	163
HA|PP755589.1|A/cattle/Texas/24-008749-003/2024(H5N1)	907	163
HA|PP755589.1|A/cattle/Texas/24-008749-003/2024(H5N1)	908	163
HA|PP755589.1|A/cattle/Texas/24-008749-003/2024(H5N1)	909	163
HA|PP755589.1|A/cattle/Texas/24-008749-003/2024(H5N1)	910	163
HA|PP755589.1|A/cattle/Texas/24-008749-003/2024(H5N1)	911	163
HA|PP755589.1|A/cattle/Texas/24-008749-003/2024(H5N1)	912	163
HA|PP755589.1|A/cattle/Texas/24-008749-003/2024(H5N1)	913	163
HA|PP755589.1|A/cattle/Texas/24-008749-003/2024(H5N1)	914	163
HA|PP755589.1|A/cattle/Texas/24-008749-003/2024(H5N1)	915	163
HA|PP755589.1|A/cattle/Texas/24-008749-003/2024(H5N1)	916	163
HA|PP755589.1|A/cattle/Texas/24-008749-003/2024(H5N1)	917	163
HA|PP755589.1|A/cattle/Texas/24-008749-003/2024(H5N1)	918	163
HA|PP755589.1|A/cattle/Texas/24-008749-003/2024(H5N1)	919	163
HA|PP755589.1|A/cattle/Texas/24-008749-003/2024(H5N1)	920	163
HA|PP755589.1|A/cattle/Texas/24-008749-003/2024(H5N1)	921	163
HA|PP755589.1|A/cattle/Texas/24-008749-003/2024(H5N1)	922	163
HA|PP755589.1|A/cattle/Texas/24-008749-003/2024(H5N1)	923	163
HA|PP755589.1|A/cattle/Texas/24-008749-003/2024(H5N1)	924	163
HA|PP755589.1|A/cattle/Texas/24-008749-003/2024(H5N1)	925	163
HA|PP755589.1|A/cattle/Texas/24-008749-003/2024(H5N1)	926	163
HA|PP755589.1|A/cattle/Texas/24-008749-003/2024(H5N1)	927	163
HA|PP755589.1|A/cattle/Texas/24-008749-003/2024(H5N1)	928	163
HA|PP755589.1|A/cattle/Texas/24-008749-003/2024(H5N1)	929	163
HA|PP755589.1|A/cattle/Texas/24-008749-003/2024(H5N1)	930	163
HA|PP755589.1|A/cattle/Texas/24-008749-003/2024(H5N1)	931	163
HA|PP755589.1|A/cattle/Texas/24-008749-003/2024(H5N1)	932	163
HA|PP755589.1|A/cattle/Texas/24-008749-003/2024(H5N1)	933	163
HA|PP755589.1|A/cattle/Texas/24-008749-003/2024(H5N1)	934	163
HA|PP755589.1|A/cattle/Texas/24-008749-003/2024(H5N1)	935	163
HA|PP755589.1|A/cattle/Texas/24-008749-003/2024(H5N1)	936	163
HA|PP755589.1|A/cattle/Texas/24-008749-003/2024(H5N1)	937	163
HA|PP755589.1|A/cattle/Texas/24-008749-003/2024(H5N1)	938	163
HA|PP755589.1|A/cattle/Texas/24-008749-003/2024(H5N1)	939	163
HA|PP755589.1|A/cattle/Texas/24-008749-003/2024(H5N1)	940	163
HA|PP755589.1|A/cattle/Texas/24-008749-003/2024(H5N1)	941	163
HA|PP755589.1|A/cattle/Texas/24-008749-003/2024(H5N1)	942	163
HA|PP755589.1|A/cattle/Texas/24-008749-003/2024(H5N1)	943	163
HA|PP755589.1|A/cattle/Texas/24-008749-003/2024(H5N1)	944	163
HA|PP755589.1|A/cattle/Texas/24-008749-003/2024(H5N1)	945	163
HA|PP755589.1|A/cattle/Texas/24-008749-003/2024(H5N1)	946	163
HA|PP755589.1|A/cattle/Texas/24-008749-003/2024(H5N1)	947	163
HA|PP755589.1|A/cattle/Texas/24-008749-003/2024(H5N1)	948	163
HA|PP755589.1|A/cattle/Texas/24-008749-003/2024(H5N1)	949	163
HA|PP755589.1|A/cattle/Texas/24-008749-003/2024(H5N1)	950	163
HA|PP755589.1|A/cattle/Texas/24-008749-003/2024(H5N1)	951	145
HA|PP755589.1|A/cattle/Texas/24-008749-003/2024(H5N1)	952	145
HA|PP755589.1|A/cattle/Texas/24-008749-003/2024(H5N1)	953	145
HA|PP755589.1|A/cattle/Texas/24-008749-003/2024(H5N1)	954	145
HA|PP755589.1|A/cattle/Texas/24-008749-003/2024(H5N1)	955	145
HA|PP755589.1|A/cattle/Texas/24-008749-003/2024(H5N1)	956	145
HA|PP755589.1|A/cattle/Texas/24-008749-003/2024(H5N1)	957	0
HA|PP755589.1|A/cattle/Texas/24-008749-003/2024(H5N1)	958	0
HA|PP755589.1|A/cattle/Texas/24-008749-003/2024(H5N1)	959	0
HA|PP755589.1|A/cattle/Texas/24-008749-003/2024(H5N1)	960	0
HA|PP755589.1|A/cattle/Texas/24-008749-003/2024(H5N1)	961	0
HA|PP755589.1|A/cattle/Texas/24-008749-003/2024(H5N1)	962	0
HA|PP755589.1|A/cattle/Texas/24-008749-003/2024(H5N1)	963	0
HA|PP755589.1|A/cattle/Texas/24-008749-003/2024(H5N1)	964	0
HA|PP755589.1|A/cattle/Texas/24-008749-003/2024(H5N1)	965	0
HA|PP755589.1|A/cattle/Texas/24-008749-003/2024(H5N1)	966	0
HA|PP755589.1|A/cattle/Texas/24-008749-003/2024(H5N1)	967	0
HA|PP755589.1|A/cattle/Texas/24-008749-003/2024(H5N1)	968	0
HA|PP755589.1|A/cattle/Texas/24-008749-003/2024(H5N1)	969	0
HA|PP755589.1|A/cattle/Texas/24-008749-003/2024(H5N1)	970	0
HA|PP755589.1|A/cattle/Texas/24-008749-003/2024(H5N1)	971	0
HA|PP755589.1|A/cattle/Texas/24-008749-003/2024(H5N1)	972	0
HA|PP755589.1|A/cattle/Texas/24-008749-003/2024(H5N1)	973	0
HA|PP755589.1|A/cattle/Texas/24-008749-003/2024(H5N1)	974	0
HA|PP755589.1|A/cattle/Texas/24-008749-003/2024(H5N1)	975	0
HA|PP755589.1|A/cattle/Texas/24-008749-003/2024(H5N1)	976	0
HA|PP755589.1|A/cattle/Texas/24-008749-003/2024(H5N1)	977	0
HA|PP755589.1|A/cattle/Texas/24-008749-003/2024(H5N1)	978	0
HA|PP755589.1|A/cattle/Texas/24-008749-003/2024(H5N1)	979	0
HA|PP755589.1|A/cattle/Texas/24-008749-003/2024(H5N1)	980	0
HA|PP755589.1|A/cattle/Texas/24-008749-003/2024(H5N1)	981	0
HA|PP755589.1|A/cattle/Texas/24-008749-003/2024(H5N1)	982	0
HA|PP755589.1|A/cattle/Texas/24-008749-003/2024(H5N1)	983	0
HA|PP755589.1|A/cattle/Texas/24-008749-003/2024(H5N1)	984	0
HA|PP755589.1|A/cattle/Texas/24-008749-003/2024(H5N1)	985	0
HA|PP755589.1|A/cattle/Texas/24-008749-003/2024(H5N1)	986	0
HA|PP755589.1|A/cattle/Texas/24-008749-003/2024(H5N1)	987	0
HA|PP755589.1|A/cattle/Texas/24-008749-003/2024(H5N1)	988	0
HA|PP755589.1|A/cattle/Texas/24-008749-003/2024(H5N1)	989	0
HA|PP755589.1|A/cattle/Texas/24-008749-003/2024(H5N1)	990	0
HA|PP755589.1|A/cattle/Texas/24-008749-003/2024(H5N1)	991	0
HA|PP755589.1|A/cattle/Texas/24-008749-003/2024(H5N1)	992	0
HA|PP755589.1|A/cattle/Texas/24-008749-003/2024(H5N1)	993	0
HA|PP755589.1|A/cattle/Texas/24-008749-003/2024(H5N1)	994	0
HA|PP755589.1|A/cattle/Texas/24-008749-003/2024(H5N1)	995	0
HA|PP755589.1|A/cattle/Texas/24-008749-003/2024(H5N1)	996	0
HA|PP755589.1|A/cattle/Texas/24-008749-003/2024(H5N1)	997	0
HA|PP755589.1|A/cattle/Texas/24-008749-003/2024(H5N1)	998	0
HA|PP755589.1|A/cattle/Texas/24-008749-003/2024(H5N1)	999	0
HA|PP755589.1|A/cattle/Texas/24-008749-003/2024(H5N1)	1000	0
HA|PP755589.1|A/cattle/Texas/24-008749-003/2024(H5N1)	1001	0
HA|PP755589.1|A/cattle/Texas/24-008749-003/2024(H5N1)	1002	0
HA|PP755589.1|A/cattle/Texas/24-008749-003/2024(H5N1)	1003	0
HA|PP755589.1|A/cattle/Texas/24-008749-003/2024(H5N1)	1004	0
HA|PP755589.1|A/cattle/Texas/24-008749-003/2024(H5N1)	1005	0
HA|PP755589.1|A/cattle/Texas/24-008749-003/2024(H5N1)	1006	0
HA|PP755589.1|A/cattle/Texas/24-008749-003/2024(H5N1)	1007	0
HA|PP755589.1|A/cattle/Texas/24-008749-003/2024(H5N1)	1008	0
HA|PP755589.1|A/cattle/Texas/24-008749-003/2024(H5N1)	1009	0
HA|PP755589.1|A/cattle/Texas/24-008749-003/2024(H5N1)	1010	0
HA|PP755589.1|A/cattle/Texas/24-008749-003/2024(H5N1)	1011	0
HA|PP755589.1|A/cattle/Texas/24-008749-003/2024(H5N1)	1012	0
HA|PP755589.1|A/cattle/Texas/24-008749-003/2024(H5N1)	1013	0
HA|PP755589.1|A/cattle/Texas/24-008749-003/2024(H5N1)	1014	0
HA|PP755589.1|A/cattle/Texas/24-008749-003/2024(H5N1)	1015	0
HA|PP755589.1|A/cattle/Texas/24-008749-003/2024(H5N1)	1016	0
HA|PP755589.1|A/cattle/Texas/24-008749-003/2024(H5N1)	1017	0
HA|PP755589.1|A/cattle/Texas/24-008749-003/2024(H5N1)	1018	0
HA|PP755589.1|A/cattle/Texas/24-008749-003/2024(H5N1)	1019	0
HA|PP755589.1|A/cattle/Texas/24-008749-003/2024(H5N1)	1020	0
HA|PP755589.1|A/cattle/Texas/24-008749-003/2024(H5N1)	1021	0
HA|PP755589.1|A/cattle/Texas/24-008749-003/2024(H5N1)	1022	0
HA|PP755589.1|A/cattle/Texas/24-008749-003/2024(H5N1)	1023	0
HA|PP755589.1|A/cattle/Texas/24-008749-003/2024(H5N1)	1024	0
HA|PP755589.1|A/cattle/Texas/24-008749-003/2024(H5N1)	1025	0
HA|PP755589.1|A/cattle/Texas/24-008749-003/2024(H5N1)	1026	0
HA|PP755589.1|A/cattle/Texas/24-008749-003/2024(H5N1)	1027	5
HA|PP755589.1|A/cattle/Texas/24-008749-003/2024(H5N1)	1028	8
HA|PP755589.1|A/cattle/Texas/24-008749-003/2024(H5N1)	1029	10
HA|PP755589.1|A/cattle/Texas/24-008749-003/2024(H5N1)	1030	12
HA|PP755589.1|A/cattle/Texas/24-008749-003/2024(H5N1)	1031	12
HA|PP755589.1|A/cattle/Texas/24-008749-003/2024(H5N1)	1032	21
HA|PP755589.1|A/cattle/Texas/24-008749-003/2024(H5N1)	1033	21
HA|PP755589.1|A/cattle/Texas/24-008749-003/2024(H5N1)	1034	21
HA|PP755589.1|A/cattle/Texas/24-008749-003/2024(H5N1)	1035	30
HA|PP755589.1|A/cattle/Texas/24-008749-003/2024(H5N1)	1036	30
HA|PP755589.1|A/cattle/Texas/24-008749-003/2024(H5N1)	1037	30
HA|PP755589.1|A/cattle/Texas/24-008749-003/2024(H5N1)	1038	30
HA|PP755589.1|A/cattle/Texas/24-008749-003/2024(H5N1)	1039	60
HA|PP755589.1|A/cattle/Texas/24-008749-003/2024(H5N1)	1040	63
HA|PP755589.1|A/cattle/Texas/24-008749-003/2024(H5N1)	1041	65
HA|PP755589.1|A/cattle/Texas/24-008749-003/2024(H5N1)	1042	68
HA|PP755589.1|A/cattle/Texas/24-008749-003/2024(H5N1)	1043	68
HA|PP755589.1|A/cattle/Texas/24-008749-003/2024(H5N1)	1044	68
HA|PP755589.1|A/cattle/Texas/24-008749-003/2024(H5N1)	1045	68
HA|PP755589.1|A/cattle/Texas/24-008749-003/2024(H5N1)	1046	68
HA|PP755589.1|A/cattle/Texas/24-008749-003/2024(H5N1)	1047	83
HA|PP755589.1|A/cattle/Texas/24-008749-003/2024(H5N1)	1048	99
HA|PP755589.1|A/cattle/Texas/24-008749-003/2024(H5N1)	1049	108
HA|PP755589.1|A/cattle/Texas/24-008749-003/2024(H5N1)	1050	110
HA|PP755589.1|A/cattle/Texas/24-008749-003/2024(H5N1)	1051	878
HA|PP755589.1|A/cattle/Texas/24-008749-003/2024(H5N1)	1052	894
HA|PP755589.1|A/cattle/Texas/24-008749-003/2024(H5N1)	1053	898
HA|PP755589.1|A/cattle/Texas/24-008749-003/2024(H5N1)	1054	908
HA|PP755589.1|A/cattle/Texas/24-008749-003/2024(H5N1)	1055	908
HA|PP755589.1|A/cattle/Texas/24-008749-003/2024(H5N1)	1056	908
HA|PP755589.1|A/cattle/Texas/24-008749-003/2024(H5N1)	1057	1174
HA|PP755589.1|A/cattle/Texas/24-008749-003/2024(H5N1)	1058	1176
HA|PP755589.1|A/cattle/Texas/24-008749-003/2024(H5N1)	1059	1176
HA|PP755589.1|A/cattle/Texas/24-008749-003/2024(H5N1)	1060	1191
HA|PP755589.1|A/cattle/Texas/24-008749-003/2024(H5N1)	1061	1197
HA|PP755589.1|A/cattle/Texas/24-008749-003/2024(H5N1)	1062	1259
HA|PP755589.1|A/cattle/Texas/24-008749-003/2024(H5N1)	1063	1630
HA|PP755589.1|A/cattle/Texas/24-008749-003/2024(H5N1)	1064	1635
HA|PP755589.1|A/cattle/Texas/24-008749-003/2024(H5N1)	1065	1639
HA|PP755589.1|A/cattle/Texas/24-008749-003/2024(H5N1)	1066	1666
HA|PP755589.1|A/cattle/Texas/24-008749-003/2024(H5N1)	1067	1668
HA|PP755589.1|A/cattle/Texas/24-008749-003/2024(H5N1)	1068	1679
HA|PP755589.1|A/cattle/Texas/24-008749-003/2024(H5N1)	1069	1705
HA|PP755589.1|A/cattle/Texas/24-008749-003/2024(H5N1)	1070	1733
HA|PP755589.1|A/cattle/Texas/24-008749-003/2024(H5N1)	1071	1734
HA|PP755589.1|A/cattle/Texas/24-008749-003/2024(H5N1)	1072	1752
HA|PP755589.1|A/cattle/Texas/24-008749-003/2024(H5N1)	1073	1755
HA|PP755589.1|A/cattle/Texas/24-008749-003/2024(H5N1)	1074	1772
HA|PP755589.1|A/cattle/Texas/24-008749-003/2024(H5N1)	1075	1801
HA|PP755589.1|A/cattle/Texas/24-008749-003/2024(H5N1)	1076	1850
HA|PP755589.1|A/cattle/Texas/24-008749-003/2024(H5N1)	1077	1856
HA|PP755589.1|A/cattle/Texas/24-008749-003/2024(H5N1)	1078	1863
HA|PP755589.1|A/cattle/Texas/24-008749-003/2024(H5N1)	1079	1875
HA|PP755589.1|A/cattle/Texas/24-008749-003/2024(H5N1)	1080	1816
HA|PP755589.1|A/cattle/Texas/24-008749-003/2024(H5N1)	1081	1849
HA|PP755589.1|A/cattle/Texas/24-008749-003/2024(H5N1)	1082	1914
HA|PP755589.1|A/cattle/Texas/24-008749-003/2024(H5N1)	1083	1904
HA|PP755589.1|A/cattle/Texas/24-008749-003/2024(H5N1)	1084	1977
HA|PP755589.1|A/cattle/Texas/24-008749-003/2024(H5N1)	1085	1980
HA|PP755589.1|A/cattle/Texas/24-008749-003/2024(H5N1)	1086	2012
HA|PP755589.1|A/cattle/Texas/24-008749-003/2024(H5N1)	1087	2135
HA|PP755589.1|A/cattle/Texas/24-008749-003/2024(H5N1)	1088	2142
HA|PP755589.1|A/cattle/Texas/24-008749-003/2024(H5N1)	1089	2143
HA|PP755589.1|A/cattle/Texas/24-008749-003/2024(H5N1)	1090	2150
HA|PP755589.1|A/cattle/Texas/24-008749-003/2024(H5N1)	1091	2158
HA|PP755589.1|A/cattle/Texas/24-008749-003/2024(H5N1)	1092	2166
HA|PP755589.1|A/cattle/Texas/24-008749-003/2024(H5N1)	1093	2164
HA|PP755589.1|A/cattle/Texas/24-008749-003/2024(H5N1)	1094	2149
HA|PP755589.1|A/cattle/Texas/24-008749-003/2024(H5N1)	1095	2124
HA|PP755589.1|A/cattle/Texas/24-008749-003/2024(H5N1)	1096	2131
HA|PP755589.1|A/cattle/Texas/24-008749-003/2024(H5N1)	1097	2140
HA|PP755589.1|A/cattle/Texas/24-008749-003/2024(H5N1)	1098	2140
HA|PP755589.1|A/cattle/Texas/24-008749-003/2024(H5N1)	1099	2140
HA|PP755589.1|A/cattle/Texas/24-008749-003/2024(H5N1)	1100	2140
HA|PP755589.1|A/cattle/Texas/24-008749-003/2024(H5N1)	1101	2015
HA|PP755589.1|A/cattle/Texas/24-008749-003/2024(H5N1)	1102	2021
HA|PP755589.1|A/cattle/Texas/24-008749-003/2024(H5N1)	1103	2021
HA|PP755589.1|A/cattle/Texas/24-008749-003/2024(H5N1)	1104	2021
HA|PP755589.1|A/cattle/Texas/24-008749-003/2024(H5N1)	1105	2039
HA|PP755589.1|A/cattle/Texas/24-008749-003/2024(H5N1)	1106	2039
HA|PP755589.1|A/cattle/Texas/24-008749-003/2024(H5N1)	1107	2050
HA|PP755589.1|A/cattle/Texas/24-008749-003/2024(H5N1)	1108	2609
HA|PP755589.1|A/cattle/Texas/24-008749-003/2024(H5N1)	1109	2610
HA|PP755589.1|A/cattle/Texas/24-008749-003/2024(H5N1)	1110	2708
HA|PP755589.1|A/cattle/Texas/24-008749-003/2024(H5N1)	1111	2708
HA|PP755589.1|A/cattle/Texas/24-008749-003/2024(H5N1)	1112	2723
HA|PP755589.1|A/cattle/Texas/24-008749-003/2024(H5N1)	1113	2728
HA|PP755589.1|A/cattle/Texas/24-008749-003/2024(H5N1)	1114	2731
HA|PP755589.1|A/cattle/Texas/24-008749-003/2024(H5N1)	1115	2799
HA|PP755589.1|A/cattle/Texas/24-008749-003/2024(H5N1)	1116	2801
HA|PP755589.1|A/cattle/Texas/24-008749-003/2024(H5N1)	1117	2836
HA|PP755589.1|A/cattle/Texas/24-008749-003/2024(H5N1)	1118	2823
HA|PP755589.1|A/cattle/Texas/24-008749-003/2024(H5N1)	1119	2818
HA|PP755589.1|A/cattle/Texas/24-008749-003/2024(H5N1)	1120	2996
HA|PP755589.1|A/cattle/Texas/24-008749-003/2024(H5N1)	1121	3030
HA|PP755589.1|A/cattle/Texas/24-008749-003/2024(H5N1)	1122	3133
HA|PP755589.1|A/cattle/Texas/24-008749-003/2024(H5N1)	1123	3150
HA|PP755589.1|A/cattle/Texas/24-008749-003/2024(H5N1)	1124	3152
HA|PP755589.1|A/cattle/Texas/24-008749-003/2024(H5N1)	1125	3152
HA|PP755589.1|A/cattle/Texas/24-008749-003/2024(H5N1)	1126	3152
HA|PP755589.1|A/cattle/Texas/24-008749-003/2024(H5N1)	1127	3152
HA|PP755589.1|A/cattle/Texas/24-008749-003/2024(H5N1)	1128	3149
HA|PP755589.1|A/cattle/Texas/24-008749-003/2024(H5N1)	1129	3110
HA|PP755589.1|A/cattle/Texas/24-008749-003/2024(H5N1)	1130	3113
HA|PP755589.1|A/cattle/Texas/24-008749-003/2024(H5N1)	1131	3106
HA|PP755589.1|A/cattle/Texas/24-008749-003/2024(H5N1)	1132	3105
HA|PP755589.1|A/cattle/Texas/24-008749-003/2024(H5N1)	1133	3104
HA|PP755589.1|A/cattle/Texas/24-008749-003/2024(H5N1)	1134	3067
HA|PP755589.1|A/cattle/Texas/24-008749-003/2024(H5N1)	1135	3061
HA|PP755589.1|A/cattle/Texas/24-008749-003/2024(H5N1)	1136	3008
HA|PP755589.1|A/cattle/Texas/24-008749-003/2024(H5N1)	1137	2998
HA|PP755589.1|A/cattle/Texas/24-008749-003/2024(H5N1)	1138	3153
HA|PP755589.1|A/cattle/Texas/24-008749-003/2024(H5N1)	1139	3199
HA|PP755589.1|A/cattle/Texas/24-008749-003/2024(H5N1)	1140	3160
HA|PP755589.1|A/cattle/Texas/24-008749-003/2024(H5N1)	1141	3159
HA|PP755589.1|A/cattle/Texas/24-008749-003/2024(H5N1)	1142	3158
HA|PP755589.1|A/cattle/Texas/24-008749-003/2024(H5N1)	1143	3155
HA|PP755589.1|A/cattle/Texas/24-008749-003/2024(H5N1)	1144	3257
HA|PP755589.1|A/cattle/Texas/24-008749-003/2024(H5N1)	1145	3248
HA|PP755589.1|A/cattle/Texas/24-008749-003/2024(H5N1)	1146	3248
HA|PP755589.1|A/cattle/Texas/24-008749-003/2024(H5N1)	1147	3233
HA|PP755589.1|A/cattle/Texas/24-008749-003/2024(H5N1)	1148	3233
HA|PP755589.1|A/cattle/Texas/24-008749-003/2024(H5N1)	1149	3210
HA|PP755589.1|A/cattle/Texas/24-008749-003/2024(H5N1)	1150	3210
HA|PP755589.1|A/cattle/Texas/24-008749-003/2024(H5N1)	1151	3209
HA|PP755589.1|A/cattle/Texas/24-008749-003/2024(H5N1)	1152	3209
HA|PP755589.1|A/cattle/Texas/24-008749-003/2024(H5N1)	1153	3193
HA|PP755589.1|A/cattle/Texas/24-008749-003/2024(H5N1)	1154	3147
HA|PP755589.1|A/cattle/Texas/24-008749-003/2024(H5N1)	1155	3117
HA|PP755589.1|A/cattle/Texas/24-008749-003/2024(H5N1)	1156	3117
HA|PP755589.1|A/cattle/Texas/24-008749-003/2024(H5N1)	1157	3114
HA|PP755589.1|A/cattle/Texas/24-008749-003/2024(H5N1)	1158	3111
HA|PP755589.1|A/cattle/Texas/24-008749-003/2024(H5N1)	1159	3108
HA|PP755589.1|A/cattle/Texas/24-008749-003/2024(H5N1)	1160	3093
HA|PP755589.1|A/cattle/Texas/24-008749-003/2024(H5N1)	1161	2498
HA|PP755589.1|A/cattle/Texas/24-008749-003/2024(H5N1)	1162	2498
HA|PP755589.1|A/cattle/Texas/24-008749-003/2024(H5N1)	1163	2498
HA|PP755589.1|A/cattle/Texas/24-008749-003/2024(H5N1)	1164	2477
HA|PP755589.1|A/cattle/Texas/24-008749-003/2024(H5N1)	1165	2471
HA|PP755589.1|A/cattle/Texas/24-008749-003/2024(H5N1)	1166	2471
HA|PP755589.1|A/cattle/Texas/24-008749-003/2024(H5N1)	1167	2464
HA|PP755589.1|A/cattle/Texas/24-008749-003/2024(H5N1)	1168	2461
HA|PP755589.1|A/cattle/Texas/24-008749-003/2024(H5N1)	1169	2458
HA|PP755589.1|A/cattle/Texas/24-008749-003/2024(H5N1)	1170	2454
HA|PP755589.1|A/cattle/Texas/24-008749-003/2024(H5N1)	1171	2454
HA|PP755589.1|A/cattle/Texas/24-008749-003/2024(H5N1)	1172	2454
HA|PP755589.1|A/cattle/Texas/24-008749-003/2024(H5N1)	1173	2454
HA|PP755589.1|A/cattle/Texas/24-008749-003/2024(H5N1)	1174	2454
HA|PP755589.1|A/cattle/Texas/24-008749-003/2024(H5N1)	1175	2454
HA|PP755589.1|A/cattle/Texas/24-008749-003/2024(H5N1)	1176	2454
HA|PP755589.1|A/cattle/Texas/24-008749-003/2024(H5N1)	1177	2454
HA|PP755589.1|A/cattle/Texas/24-008749-003/2024(H5N1)	1178	2455
HA|PP755589.1|A/cattle/Texas/24-008749-003/2024(H5N1)	1179	2599
HA|PP755589.1|A/cattle/Texas/24-008749-003/2024(H5N1)	1180	2610
HA|PP755589.1|A/cattle/Texas/24-008749-003/2024(H5N1)	1181	2921
HA|PP755589.1|A/cattle/Texas/24-008749-003/2024(H5N1)	1182	2933
HA|PP755589.1|A/cattle/Texas/24-008749-003/2024(H5N1)	1183	3000
HA|PP755589.1|A/cattle/Texas/24-008749-003/2024(H5N1)	1184	3012
HA|PP755589.1|A/cattle/Texas/24-008749-003/2024(H5N1)	1185	3012
HA|PP755589.1|A/cattle/Texas/24-008749-003/2024(H5N1)	1186	3012
HA|PP755589.1|A/cattle/Texas/24-008749-003/2024(H5N1)	1187	3012
HA|PP755589.1|A/cattle/Texas/24-008749-003/2024(H5N1)	1188	3012
HA|PP755589.1|A/cattle/Texas/24-008749-003/2024(H5N1)	1189	3022
HA|PP755589.1|A/cattle/Texas/24-008749-003/2024(H5N1)	1190	3022
HA|PP755589.1|A/cattle/Texas/24-008749-003/2024(H5N1)	1191	3022
HA|PP755589.1|A/cattle/Texas/24-008749-003/2024(H5N1)	1192	3046
HA|PP755589.1|A/cattle/Texas/24-008749-003/2024(H5N1)	1193	3118
HA|PP755589.1|A/cattle/Texas/24-008749-003/2024(H5N1)	1194	3151
HA|PP755589.1|A/cattle/Texas/24-008749-003/2024(H5N1)	1195	8811
HA|PP755589.1|A/cattle/Texas/24-008749-003/2024(H5N1)	1196	8882
HA|PP755589.1|A/cattle/Texas/24-008749-003/2024(H5N1)	1197	8886
HA|PP755589.1|A/cattle/Texas/24-008749-003/2024(H5N1)	1198	8990
HA|PP755589.1|A/cattle/Texas/24-008749-003/2024(H5N1)	1199	8995
HA|PP755589.1|A/cattle/Texas/24-008749-003/2024(H5N1)	1200	9040
HA|PP755589.1|A/cattle/Texas/24-008749-003/2024(H5N1)	1201	9040
HA|PP755589.1|A/cattle/Texas/24-008749-003/2024(H5N1)	1202	9050
HA|PP755589.1|A/cattle/Texas/24-008749-003/2024(H5N1)	1203	9053
HA|PP755589.1|A/cattle/Texas/24-008749-003/2024(H5N1)	1204	9088
HA|PP755589.1|A/cattle/Texas/24-008749-003/2024(H5N1)	1205	9176
HA|PP755589.1|A/cattle/Texas/24-008749-003/2024(H5N1)	1206	9176
HA|PP755589.1|A/cattle/Texas/24-008749-003/2024(H5N1)	1207	9165
HA|PP755589.1|A/cattle/Texas/24-008749-003/2024(H5N1)	1208	8921
HA|PP755589.1|A/cattle/Texas/24-008749-003/2024(H5N1)	1209	8868
HA|PP755589.1|A/cattle/Texas/24-008749-003/2024(H5N1)	1210	8863
HA|PP755589.1|A/cattle/Texas/24-008749-003/2024(H5N1)	1211	8851
HA|PP755589.1|A/cattle/Texas/24-008749-003/2024(H5N1)	1212	8845
HA|PP755589.1|A/cattle/Texas/24-008749-003/2024(H5N1)	1213	8783
HA|PP755589.1|A/cattle/Texas/24-008749-003/2024(H5N1)	1214	8779
HA|PP755589.1|A/cattle/Texas/24-008749-003/2024(H5N1)	1215	8771
HA|PP755589.1|A/cattle/Texas/24-008749-003/2024(H5N1)	1216	8770
HA|PP755589.1|A/cattle/Texas/24-008749-003/2024(H5N1)	1217	8736
HA|PP755589.1|A/cattle/Texas/24-008749-003/2024(H5N1)	1218	8683
HA|PP755589.1|A/cattle/Texas/24-008749-003/2024(H5N1)	1219	8672
HA|PP755589.1|A/cattle/Texas/24-008749-003/2024(H5N1)	1220	8660
HA|PP755589.1|A/cattle/Texas/24-008749-003/2024(H5N1)	1221	8621
HA|PP755589.1|A/cattle/Texas/24-008749-003/2024(H5N1)	1222	8609
HA|PP755589.1|A/cattle/Texas/24-008749-003/2024(H5N1)	1223	8574
HA|PP755589.1|A/cattle/Texas/24-008749-003/2024(H5N1)	1224	239
HA|PP755589.1|A/cattle/Texas/24-008749-003/2024(H5N1)	1225	228
HA|PP755589.1|A/cattle/Texas/24-008749-003/2024(H5N1)	1226	179
HA|PP755589.1|A/cattle/Texas/24-008749-003/2024(H5N1)	1227	129
HA|PP755589.1|A/cattle/Texas/24-008749-003/2024(H5N1)	1228	129
HA|PP755589.1|A/cattle/Texas/24-008749-003/2024(H5N1)	1229	129
HA|PP755589.1|A/cattle/Texas/24-008749-003/2024(H5N1)	1230	28
HA|PP755589.1|A/cattle/Texas/24-008749-003/2024(H5N1)	1231	28
HA|PP755589.1|A/cattle/Texas/24-008749-003/2024(H5N1)	1232	28
HA|PP755589.1|A/cattle/Texas/24-008749-003/2024(H5N1)	1233	27
HA|PP755589.1|A/cattle/Texas/24-008749-003/2024(H5N1)	1234	27
HA|PP755589.1|A/cattle/Texas/24-008749-003/2024(H5N1)	1235	24
HA|PP755589.1|A/cattle/Texas/24-008749-003/2024(H5N1)	1236	4
HA|PP755589.1|A/cattle/Texas/24-008749-003/2024(H5N1)	1237	2
HA|PP755589.1|A/cattle/Texas/24-008749-003/2024(H5N1)	1238	2
HA|PP755589.1|A/cattle/Texas/24-008749-003/2024(H5N1)	1239	2
HA|PP755589.1|A/cattle/Texas/24-008749-003/2024(H5N1)	1240	2
HA|PP755589.1|A/cattle/Texas/24-008749-003/2024(H5N1)	1241	2
HA|PP755589.1|A/cattle/Texas/24-008749-003/2024(H5N1)	1242	2
HA|PP755589.1|A/cattle/Texas/24-008749-003/2024(H5N1)	1243	2
HA|PP755589.1|A/cattle/Texas/24-008749-003/2024(H5N1)	1244	2
HA|PP755589.1|A/cattle/Texas/24-008749-003/2024(H5N1)	1245	2
HA|PP755589.1|A/cattle/Texas/24-008749-003/2024(H5N1)	1246	2
HA|PP755589.1|A/cattle/Texas/24-008749-003/2024(H5N1)	1247	2
HA|PP755589.1|A/cattle/Texas/24-008749-003/2024(H5N1)	1248	2
HA|PP755589.1|A/cattle/Texas/24-008749-003/2024(H5N1)	1249	2
HA|PP755589.1|A/cattle/Texas/24-008749-003/2024(H5N1)	1250	2
HA|PP755589.1|A/cattle/Texas/24-008749-003/2024(H5N1)	1251	2
HA|PP755589.1|A/cattle/Texas/24-008749-003/2024(H5N1)	1252	2
HA|PP755589.1|A/cattle/Texas/24-008749-003/2024(H5N1)	1253	2
HA|PP755589.1|A/cattle/Texas/24-008749-003/2024(H5N1)	1254	81
HA|PP755589.1|A/cattle/Texas/24-008749-003/2024(H5N1)	1255	2635
HA|PP755589.1|A/cattle/Texas/24-008749-003/2024(H5N1)	1256	2688
HA|PP755589.1|A/cattle/Texas/24-008749-003/2024(H5N1)	1257	2867
HA|PP755589.1|A/cattle/Texas/24-008749-003/2024(H5N1)	1258	2867
HA|PP755589.1|A/cattle/Texas/24-008749-003/2024(H5N1)	1259	3066
HA|PP755589.1|A/cattle/Texas/24-008749-003/2024(H5N1)	1260	3083
HA|PP755589.1|A/cattle/Texas/24-008749-003/2024(H5N1)	1261	3083
HA|PP755589.1|A/cattle/Texas/24-008749-003/2024(H5N1)	1262	3083
HA|PP755589.1|A/cattle/Texas/24-008749-003/2024(H5N1)	1263	3083
HA|PP755589.1|A/cattle/Texas/24-008749-003/2024(H5N1)	1264	3136
HA|PP755589.1|A/cattle/Texas/24-008749-003/2024(H5N1)	1265	3191
HA|PP755589.1|A/cattle/Texas/24-008749-003/2024(H5N1)	1266	3191
HA|PP755589.1|A/cattle/Texas/24-008749-003/2024(H5N1)	1267	3191
HA|PP755589.1|A/cattle/Texas/24-008749-003/2024(H5N1)	1268	3192
HA|PP755589.1|A/cattle/Texas/24-008749-003/2024(H5N1)	1269	3192
HA|PP755589.1|A/cattle/Texas/24-008749-003/2024(H5N1)	1270	3215
HA|PP755589.1|A/cattle/Texas/24-008749-003/2024(H5N1)	1271	3215
HA|PP755589.1|A/cattle/Texas/24-008749-003/2024(H5N1)	1272	3215
HA|PP755589.1|A/cattle/Texas/24-008749-003/2024(H5N1)	1273	3217
HA|PP755589.1|A/cattle/Texas/24-008749-003/2024(H5N1)	1274	3253
HA|PP755589.1|A/cattle/Texas/24-008749-003/2024(H5N1)	1275	3312
HA|PP755589.1|A/cattle/Texas/24-008749-003/2024(H5N1)	1276	3312
HA|PP755589.1|A/cattle/Texas/24-008749-003/2024(H5N1)	1277	3312
HA|PP755589.1|A/cattle/Texas/24-008749-003/2024(H5N1)	1278	3312
HA|PP755589.1|A/cattle/Texas/24-008749-003/2024(H5N1)	1279	3314
HA|PP755589.1|A/cattle/Texas/24-008749-003/2024(H5N1)	1280	3477
HA|PP755589.1|A/cattle/Texas/24-008749-003/2024(H5N1)	1281	4344
HA|PP755589.1|A/cattle/Texas/24-008749-003/2024(H5N1)	1282	4432
HA|PP755589.1|A/cattle/Texas/24-008749-003/2024(H5N1)	1283	4446
HA|PP755589.1|A/cattle/Texas/24-008749-003/2024(H5N1)	1284	4468
HA|PP755589.1|A/cattle/Texas/24-008749-003/2024(H5N1)	1285	4560
HA|PP755589.1|A/cattle/Texas/24-008749-003/2024(H5N1)	1286	4561
HA|PP755589.1|A/cattle/Texas/24-008749-003/2024(H5N1)	1287	4567
HA|PP755589.1|A/cattle/Texas/24-008749-003/2024(H5N1)	1288	4739
HA|PP755589.1|A/cattle/Texas/24-008749-003/2024(H5N1)	1289	4740
HA|PP755589.1|A/cattle/Texas/24-008749-003/2024(H5N1)	1290	4741
HA|PP755589.1|A/cattle/Texas/24-008749-003/2024(H5N1)	1291	4741
HA|PP755589.1|A/cattle/Texas/24-008749-003/2024(H5N1)	1292	4741
HA|PP755589.1|A/cattle/Texas/24-008749-003/2024(H5N1)	1293	4741
HA|PP755589.1|A/cattle/Texas/24-008749-003/2024(H5N1)	1294	4741
HA|PP755589.1|A/cattle/Texas/24-008749-003/2024(H5N1)	1295	4741
HA|PP755589.1|A/cattle/Texas/24-008749-003/2024(H5N1)	1296	4741
HA|PP755589.1|A/cattle/Texas/24-008749-003/2024(H5N1)	1297	4741
HA|PP755589.1|A/cattle/Texas/24-008749-003/2024(H5N1)	1298	4741
HA|PP755589.1|A/cattle/Texas/24-008749-003/2024(H5N1)	1299	4741
HA|PP755589.1|A/cattle/Texas/24-008749-003/2024(H5N1)	1300	4749
HA|PP755589.1|A/cattle/Texas/24-008749-003/2024(H5N1)	1301	5302
HA|PP755589.1|A/cattle/Texas/24-008749-003/2024(H5N1)	1302	5306
HA|PP755589.1|A/cattle/Texas/24-008749-003/2024(H5N1)	1303	5360
HA|PP755589.1|A/cattle/Texas/24-008749-003/2024(H5N1)	1304	5596
HA|PP755589.1|A/cattle/Texas/24-008749-003/2024(H5N1)	1305	5928
HA|PP755589.1|A/cattle/Texas/24-008749-003/2024(H5N1)	1306	6120
HA|PP755589.1|A/cattle/Texas/24-008749-003/2024(H5N1)	1307	6122
HA|PP755589.1|A/cattle/Texas/24-008749-003/2024(H5N1)	1308	6122
HA|PP755589.1|A/cattle/Texas/24-008749-003/2024(H5N1)	1309	6135
HA|PP755589.1|A/cattle/Texas/24-008749-003/2024(H5N1)	1310	6142
HA|PP755589.1|A/cattle/Texas/24-008749-003/2024(H5N1)	1311	6735
HA|PP755589.1|A/cattle/Texas/24-008749-003/2024(H5N1)	1312	6776
HA|PP755589.1|A/cattle/Texas/24-008749-003/2024(H5N1)	1313	6776
HA|PP755589.1|A/cattle/Texas/24-008749-003/2024(H5N1)	1314	6776
HA|PP755589.1|A/cattle/Texas/24-008749-003/2024(H5N1)	1315	6797
HA|PP755589.1|A/cattle/Texas/24-008749-003/2024(H5N1)	1316	6907
HA|PP755589.1|A/cattle/Texas/24-008749-003/2024(H5N1)	1317	6929
HA|PP755589.1|A/cattle/Texas/24-008749-003/2024(H5N1)	1318	7275
HA|PP755589.1|A/cattle/Texas/24-008749-003/2024(H5N1)	1319	7710
HA|PP755589.1|A/cattle/Texas/24-008749-003/2024(H5N1)	1320	7768
HA|PP755589.1|A/cattle/Texas/24-008749-003/2024(H5N1)	1321	7827
HA|PP755589.1|A/cattle/Texas/24-008749-003/2024(H5N1)	1322	7832
HA|PP755589.1|A/cattle/Texas/24-008749-003/2024(H5N1)	1323	7832
HA|PP755589.1|A/cattle/Texas/24-008749-003/2024(H5N1)	1324	7943
HA|PP755589.1|A/cattle/Texas/24-008749-003/2024(H5N1)	1325	8246
HA|PP755589.1|A/cattle/Texas/24-008749-003/2024(H5N1)	1326	8289
HA|PP755589.1|A/cattle/Texas/24-008749-003/2024(H5N1)	1327	8395
HA|PP755589.1|A/cattle/Texas/24-008749-003/2024(H5N1)	1328	8544
HA|PP755589.1|A/cattle/Texas/24-008749-003/2024(H5N1)	1329	8610
HA|PP755589.1|A/cattle/Texas/24-008749-003/2024(H5N1)	1330	8683
HA|PP755589.1|A/cattle/Texas/24-008749-003/2024(H5N1)	1331	8683
HA|PP755589.1|A/cattle/Texas/24-008749-003/2024(H5N1)	1332	8683
HA|PP755589.1|A/cattle/Texas/24-008749-003/2024(H5N1)	1333	8690
HA|PP755589.1|A/cattle/Texas/24-008749-003/2024(H5N1)	1334	8719
HA|PP755589.1|A/cattle/Texas/24-008749-003/2024(H5N1)	1335	8736
HA|PP755589.1|A/cattle/Texas/24-008749-003/2024(H5N1)	1336	8941
HA|PP755589.1|A/cattle/Texas/24-008749-003/2024(H5N1)	1337	9143
HA|PP755589.1|A/cattle/Texas/24-008749-003/2024(H5N1)	1338	9219
HA|PP755589.1|A/cattle/Texas/24-008749-003/2024(H5N1)	1339	9243
HA|PP755589.1|A/cattle/Texas/24-008749-003/2024(H5N1)	1340	9292
HA|PP755589.1|A/cattle/Texas/24-008749-003/2024(H5N1)	1341	9295
HA|PP755589.1|A/cattle/Texas/24-008749-003/2024(H5N1)	1342	9370
HA|PP755589.1|A/cattle/Texas/24-008749-003/2024(H5N1)	1343	9372
HA|PP755589.1|A/cattle/Texas/24-008749-003/2024(H5N1)	1344	9396
HA|PP755589.1|A/cattle/Texas/24-008749-003/2024(H5N1)	1345	9545
HA|PP755589.1|A/cattle/Texas/24-008749-003/2024(H5N1)	1346	9571
HA|PP755589.1|A/cattle/Texas/24-008749-003/2024(H5N1)	1347	9730
HA|PP755589.1|A/cattle/Texas/24-008749-003/2024(H5N1)	1348	9730
HA|PP755589.1|A/cattle/Texas/24-008749-003/2024(H5N1)	1349	9727
HA|PP755589.1|A/cattle/Texas/24-008749-003/2024(H5N1)	1350	9725
HA|PP755589.1|A/cattle/Texas/24-008749-003/2024(H5N1)	1351	9723
HA|PP755589.1|A/cattle/Texas/24-008749-003/2024(H5N1)	1352	9723
HA|PP755589.1|A/cattle/Texas/24-008749-003/2024(H5N1)	1353	8743
HA|PP755589.1|A/cattle/Texas/24-008749-003/2024(H5N1)	1354	8743
HA|PP755589.1|A/cattle/Texas/24-008749-003/2024(H5N1)	1355	8742
HA|PP755589.1|A/cattle/Texas/24-008749-003/2024(H5N1)	1356	8741
HA|PP755589.1|A/cattle/Texas/24-008749-003/2024(H5N1)	1357	8739
HA|PP755589.1|A/cattle/Texas/24-008749-003/2024(H5N1)	1358	8739
HA|PP755589.1|A/cattle/Texas/24-008749-003/2024(H5N1)	1359	8739
HA|PP755589.1|A/cattle/Texas/24-008749-003/2024(H5N1)	1360	8762
HA|PP755589.1|A/cattle/Texas/24-008749-003/2024(H5N1)	1361	8765
HA|PP755589.1|A/cattle/Texas/24-008749-003/2024(H5N1)	1362	8768
HA|PP755589.1|A/cattle/Texas/24-008749-003/2024(H5N1)	1363	8839
HA|PP755589.1|A/cattle/Texas/24-008749-003/2024(H5N1)	1364	8902
HA|PP755589.1|A/cattle/Texas/24-008749-003/2024(H5N1)	1365	8902
HA|PP755589.1|A/cattle/Texas/24-008749-003/2024(H5N1)	1366	8902
HA|PP755589.1|A/cattle/Texas/24-008749-003/2024(H5N1)	1367	8902
HA|PP755589.1|A/cattle/Texas/24-008749-003/2024(H5N1)	1368	8902
HA|PP755589.1|A/cattle/Texas/24-008749-003/2024(H5N1)	1369	8902
HA|PP755589.1|A/cattle/Texas/24-008749-003/2024(H5N1)	1370	8902
HA|PP755589.1|A/cattle/Texas/24-008749-003/2024(H5N1)	1371	8902
HA|PP755589.1|A/cattle/Texas/24-008749-003/2024(H5N1)	1372	8900
HA|PP755589.1|A/cattle/Texas/24-008749-003/2024(H5N1)	1373	8900
HA|PP755589.1|A/cattle/Texas/24-008749-003/2024(H5N1)	1374	8871
HA|PP755589.1|A/cattle/Texas/24-008749-003/2024(H5N1)	1375	8870
HA|PP755589.1|A/cattle/Texas/24-008749-003/2024(H5N1)	1376	8869
HA|PP755589.1|A/cattle/Texas/24-008749-003/2024(H5N1)	1377	8856
HA|PP755589.1|A/cattle/Texas/24-008749-003/2024(H5N1)	1378	8853
HA|PP755589.1|A/cattle/Texas/24-008749-003/2024(H5N1)	1379	8699
HA|PP755589.1|A/cattle/Texas/24-008749-003/2024(H5N1)	1380	8678
HA|PP755589.1|A/cattle/Texas/24-008749-003/2024(H5N1)	1381	8673
HA|PP755589.1|A/cattle/Texas/24-008749-003/2024(H5N1)	1382	8651
HA|PP755589.1|A/cattle/Texas/24-008749-003/2024(H5N1)	1383	8579
HA|PP755589.1|A/cattle/Texas/24-008749-003/2024(H5N1)	1384	8577
HA|PP755589.1|A/cattle/Texas/24-008749-003/2024(H5N1)	1385	8535
HA|PP755589.1|A/cattle/Texas/24-008749-003/2024(H5N1)	1386	8501
HA|PP755589.1|A/cattle/Texas/24-008749-003/2024(H5N1)	1387	8451
HA|PP755589.1|A/cattle/Texas/24-008749-003/2024(H5N1)	1388	8342
HA|PP755589.1|A/cattle/Texas/24-008749-003/2024(H5N1)	1389	998
HA|PP755589.1|A/cattle/Texas/24-008749-003/2024(H5N1)	1390	997
HA|PP755589.1|A/cattle/Texas/24-008749-003/2024(H5N1)	1391	713
HA|PP755589.1|A/cattle/Texas/24-008749-003/2024(H5N1)	1392	710
HA|PP755589.1|A/cattle/Texas/24-008749-003/2024(H5N1)	1393	710
HA|PP755589.1|A/cattle/Texas/24-008749-003/2024(H5N1)	1394	710
HA|PP755589.1|A/cattle/Texas/24-008749-003/2024(H5N1)	1395	591
HA|PP755589.1|A/cattle/Texas/24-008749-003/2024(H5N1)	1396	591
HA|PP755589.1|A/cattle/Texas/24-008749-003/2024(H5N1)	1397	591
HA|PP755589.1|A/cattle/Texas/24-008749-003/2024(H5N1)	1398	590
HA|PP755589.1|A/cattle/Texas/24-008749-003/2024(H5N1)	1399	590
HA|PP755589.1|A/cattle/Texas/24-008749-003/2024(H5N1)	1400	527
HA|PP755589.1|A/cattle/Texas/24-008749-003/2024(H5N1)	1401	405
HA|PP755589.1|A/cattle/Texas/24-008749-003/2024(H5N1)	1402	146
HA|PP755589.1|A/cattle/Texas/24-008749-003/2024(H5N1)	1403	146
HA|PP755589.1|A/cattle/Texas/24-008749-003/2024(H5N1)	1404	146
HA|PP755589.1|A/cattle/Texas/24-008749-003/2024(H5N1)	1405	70
HA|PP755589.1|A/cattle/Texas/24-008749-003/2024(H5N1)	1406	70
HA|PP755589.1|A/cattle/Texas/24-008749-003/2024(H5N1)	1407	70
HA|PP755589.1|A/cattle/Texas/24-008749-003/2024(H5N1)	1408	70
HA|PP755589.1|A/cattle/Texas/24-008749-003/2024(H5N1)	1409	70
HA|PP755589.1|A/cattle/Texas/24-008749-003/2024(H5N1)	1410	70
HA|PP755589.1|A/cattle/Texas/24-008749-003/2024(H5N1)	1411	70
HA|PP755589.1|A/cattle/Texas/24-008749-003/2024(H5N1)	1412	70
HA|PP755589.1|A/cattle/Texas/24-008749-003/2024(H5N1)	1413	70
HA|PP755589.1|A/cattle/Texas/24-008749-003/2024(H5N1)	1414	70
HA|PP755589.1|A/cattle/Texas/24-008749-003/2024(H5N1)	1415	70
HA|PP755589.1|A/cattle/Texas/24-008749-003/2024(H5N1)	1416	70
HA|PP755589.1|A/cattle/Texas/24-008749-003/2024(H5N1)	1417	70
HA|PP755589.1|A/cattle/Texas/24-008749-003/2024(H5N1)	1418	70
HA|PP755589.1|A/cattle/Texas/24-008749-003/2024(H5N1)	1419	70
HA|PP755589.1|A/cattle/Texas/24-008749-003/2024(H5N1)	1420	70
HA|PP755589.1|A/cattle/Texas/24-008749-003/2024(H5N1)	1421	70
HA|PP755589.1|A/cattle/Texas/24-008749-003/2024(H5N1)	1422	70
HA|PP755589.1|A/cattle/Texas/24-008749-003/2024(H5N1)	1423	70
HA|PP755589.1|A/cattle/Texas/24-008749-003/2024(H5N1)	1424	70
HA|PP755589.1|A/cattle/Texas/24-008749-003/2024(H5N1)	1425	70
HA|PP755589.1|A/cattle/Texas/24-008749-003/2024(H5N1)	1426	70
HA|PP755589.1|A/cattle/Texas/24-008749-003/2024(H5N1)	1427	70
HA|PP755589.1|A/cattle/Texas/24-008749-003/2024(H5N1)	1428	70
HA|PP755589.1|A/cattle/Texas/24-008749-003/2024(H5N1)	1429	71
HA|PP755589.1|A/cattle/Texas/24-008749-003/2024(H5N1)	1430	71
HA|PP755589.1|A/cattle/Texas/24-008749-003/2024(H5N1)	1431	71
HA|PP755589.1|A/cattle/Texas/24-008749-003/2024(H5N1)	1432	71
HA|PP755589.1|A/cattle/Texas/24-008749-003/2024(H5N1)	1433	76
HA|PP755589.1|A/cattle/Texas/24-008749-003/2024(H5N1)	1434	148
HA|PP755589.1|A/cattle/Texas/24-008749-003/2024(H5N1)	1435	148
HA|PP755589.1|A/cattle/Texas/24-008749-003/2024(H5N1)	1436	148
HA|PP755589.1|A/cattle/Texas/24-008749-003/2024(H5N1)	1437	148
HA|PP755589.1|A/cattle/Texas/24-008749-003/2024(H5N1)	1438	234
HA|PP755589.1|A/cattle/Texas/24-008749-003/2024(H5N1)	1439	248
HA|PP755589.1|A/cattle/Texas/24-008749-003/2024(H5N1)	1440	248
HA|PP755589.1|A/cattle/Texas/24-008749-003/2024(H5N1)	1441	248
HA|PP755589.1|A/cattle/Texas/24-008749-003/2024(H5N1)	1442	248
HA|PP755589.1|A/cattle/Texas/24-008749-003/2024(H5N1)	1443	248
HA|PP755589.1|A/cattle/Texas/24-008749-003/2024(H5N1)	1444	648
HA|PP755589.1|A/cattle/Texas/24-008749-003/2024(H5N1)	1445	649
HA|PP755589.1|A/cattle/Texas/24-008749-003/2024(H5N1)	1446	649
HA|PP755589.1|A/cattle/Texas/24-008749-003/2024(H5N1)	1447	666
HA|PP755589.1|A/cattle/Texas/24-008749-003/2024(H5N1)	1448	809
HA|PP755589.1|A/cattle/Texas/24-008749-003/2024(H5N1)	1449	809
HA|PP755589.1|A/cattle/Texas/24-008749-003/2024(H5N1)	1450	6557
HA|PP755589.1|A/cattle/Texas/24-008749-003/2024(H5N1)	1451	6561
HA|PP755589.1|A/cattle/Texas/24-008749-003/2024(H5N1)	1452	7022
HA|PP755589.1|A/cattle/Texas/24-008749-003/2024(H5N1)	1453	7055
HA|PP755589.1|A/cattle/Texas/24-008749-003/2024(H5N1)	1454	7056
HA|PP755589.1|A/cattle/Texas/24-008749-003/2024(H5N1)	1455	7157
HA|PP755589.1|A/cattle/Texas/24-008749-003/2024(H5N1)	1456	7185
HA|PP755589.1|A/cattle/Texas/24-008749-003/2024(H5N1)	1457	7243
HA|PP755589.1|A/cattle/Texas/24-008749-003/2024(H5N1)	1458	7355
HA|PP755589.1|A/cattle/Texas/24-008749-003/2024(H5N1)	1459	7382
HA|PP755589.1|A/cattle/Texas/24-008749-003/2024(H5N1)	1460	7729
HA|PP755589.1|A/cattle/Texas/24-008749-003/2024(H5N1)	1461	7767
HA|PP755589.1|A/cattle/Texas/24-008749-003/2024(H5N1)	1462	8029
HA|PP755589.1|A/cattle/Texas/24-008749-003/2024(H5N1)	1463	8037
HA|PP755589.1|A/cattle/Texas/24-008749-003/2024(H5N1)	1464	8228
HA|PP755589.1|A/cattle/Texas/24-008749-003/2024(H5N1)	1465	8303
HA|PP755589.1|A/cattle/Texas/24-008749-003/2024(H5N1)	1466	8331
HA|PP755589.1|A/cattle/Texas/24-008749-003/2024(H5N1)	1467	8439
HA|PP755589.1|A/cattle/Texas/24-008749-003/2024(H5N1)	1468	8468
HA|PP755589.1|A/cattle/Texas/24-008749-003/2024(H5N1)	1469	8483
HA|PP755589.1|A/cattle/Texas/24-008749-003/2024(H5N1)	1470	8601
HA|PP755589.1|A/cattle/Texas/24-008749-003/2024(H5N1)	1471	8643
HA|PP755589.1|A/cattle/Texas/24-008749-003/2024(H5N1)	1472	8713
HA|PP755589.1|A/cattle/Texas/24-008749-003/2024(H5N1)	1473	8722
HA|PP755589.1|A/cattle/Texas/24-008749-003/2024(H5N1)	1474	8737
HA|PP755589.1|A/cattle/Texas/24-008749-003/2024(H5N1)	1475	8739
HA|PP755589.1|A/cattle/Texas/24-008749-003/2024(H5N1)	1476	8772
HA|PP755589.1|A/cattle/Texas/24-008749-003/2024(H5N1)	1477	8884
HA|PP755589.1|A/cattle/Texas/24-008749-003/2024(H5N1)	1478	8890
HA|PP755589.1|A/cattle/Texas/24-008749-003/2024(H5N1)	1479	9164
HA|PP755589.1|A/cattle/Texas/24-008749-003/2024(H5N1)	1480	9662
HA|PP755589.1|A/cattle/Texas/24-008749-003/2024(H5N1)	1481	9681
HA|PP755589.1|A/cattle/Texas/24-008749-003/2024(H5N1)	1482	9684
HA|PP755589.1|A/cattle/Texas/24-008749-003/2024(H5N1)	1483	9686
HA|PP755589.1|A/cattle/Texas/24-008749-003/2024(H5N1)	1484	9689
HA|PP755589.1|A/cattle/Texas/24-008749-003/2024(H5N1)	1485	9697
HA|PP755589.1|A/cattle/Texas/24-008749-003/2024(H5N1)	1486	9696
HA|PP755589.1|A/cattle/Texas/24-008749-003/2024(H5N1)	1487	9697
HA|PP755589.1|A/cattle/Texas/24-008749-003/2024(H5N1)	1488	9727
HA|PP755589.1|A/cattle/Texas/24-008749-003/2024(H5N1)	1489	9725
HA|PP755589.1|A/cattle/Texas/24-008749-003/2024(H5N1)	1490	9746
HA|PP755589.1|A/cattle/Texas/24-008749-003/2024(H5N1)	1491	9746
HA|PP755589.1|A/cattle/Texas/24-008749-003/2024(H5N1)	1492	9749
HA|PP755589.1|A/cattle/Texas/24-008749-003/2024(H5N1)	1493	9748
HA|PP755589.1|A/cattle/Texas/24-008749-003/2024(H5N1)	1494	9747
HA|PP755589.1|A/cattle/Texas/24-008749-003/2024(H5N1)	1495	9744
HA|PP755589.1|A/cattle/Texas/24-008749-003/2024(H5N1)	1496	9741
HA|PP755589.1|A/cattle/Texas/24-008749-003/2024(H5N1)	1497	9741
HA|PP755589.1|A/cattle/Texas/24-008749-003/2024(H5N1)	1498	9740
HA|PP755589.1|A/cattle/Texas/24-008749-003/2024(H5N1)	1499	9738
HA|PP755589.1|A/cattle/Texas/24-008749-003/2024(H5N1)	1500	9412
HA|PP755589.1|A/cattle/Texas/24-008749-003/2024(H5N1)	1501	9411
HA|PP755589.1|A/cattle/Texas/24-008749-003/2024(H5N1)	1502	9371
HA|PP755589.1|A/cattle/Texas/24-008749-003/2024(H5N1)	1503	9296
HA|PP755589.1|A/cattle/Texas/24-008749-003/2024(H5N1)	1504	9296
HA|PP755589.1|A/cattle/Texas/24-008749-003/2024(H5N1)	1505	9294
HA|PP755589.1|A/cattle/Texas/24-008749-003/2024(H5N1)	1506	9232
HA|PP755589.1|A/cattle/Texas/24-008749-003/2024(H5N1)	1507	9228
HA|PP755589.1|A/cattle/Texas/24-008749-003/2024(H5N1)	1508	9144
HA|PP755589.1|A/cattle/Texas/24-008749-003/2024(H5N1)	1509	9118
HA|PP755589.1|A/cattle/Texas/24-008749-003/2024(H5N1)	1510	8418
HA|PP755589.1|A/cattle/Texas/24-008749-003/2024(H5N1)	1511	8401
HA|PP755589.1|A/cattle/Texas/24-008749-003/2024(H5N1)	1512	7994
HA|PP755589.1|A/cattle/Texas/24-008749-003/2024(H5N1)	1513	7976
HA|PP755589.1|A/cattle/Texas/24-008749-003/2024(H5N1)	1514	7943
HA|PP755589.1|A/cattle/Texas/24-008749-003/2024(H5N1)	1515	7911
HA|PP755589.1|A/cattle/Texas/24-008749-003/2024(H5N1)	1516	7912
HA|PP755589.1|A/cattle/Texas/24-008749-003/2024(H5N1)	1517	7912
HA|PP755589.1|A/cattle/Texas/24-008749-003/2024(H5N1)	1518	7912
HA|PP755589.1|A/cattle/Texas/24-008749-003/2024(H5N1)	1519	7913
HA|PP755589.1|A/cattle/Texas/24-008749-003/2024(H5N1)	1520	7913
HA|PP755589.1|A/cattle/Texas/24-008749-003/2024(H5N1)	1521	7913
HA|PP755589.1|A/cattle/Texas/24-008749-003/2024(H5N1)	1522	7913
HA|PP755589.1|A/cattle/Texas/24-008749-003/2024(H5N1)	1523	7913
HA|PP755589.1|A/cattle/Texas/24-008749-003/2024(H5N1)	1524	7838
HA|PP755589.1|A/cattle/Texas/24-008749-003/2024(H5N1)	1525	7837
HA|PP755589.1|A/cattle/Texas/24-008749-003/2024(H5N1)	1526	7837
HA|PP755589.1|A/cattle/Texas/24-008749-003/2024(H5N1)	1527	7742
HA|PP755589.1|A/cattle/Texas/24-008749-003/2024(H5N1)	1528	7739
HA|PP755589.1|A/cattle/Texas/24-008749-003/2024(H5N1)	1529	7359
HA|PP755589.1|A/cattle/Texas/24-008749-003/2024(H5N1)	1530	7345
HA|PP755589.1|A/cattle/Texas/24-008749-003/2024(H5N1)	1531	7298
HA|PP755589.1|A/cattle/Texas/24-008749-003/2024(H5N1)	1532	7295
HA|PP755589.1|A/cattle/Texas/24-008749-003/2024(H5N1)	1533	7294
HA|PP755589.1|A/cattle/Texas/24-008749-003/2024(H5N1)	1534	7269
HA|PP755589.1|A/cattle/Texas/24-008749-003/2024(H5N1)	1535	7243
HA|PP755589.1|A/cattle/Texas/24-008749-003/2024(H5N1)	1536	7218
HA|PP755589.1|A/cattle/Texas/24-008749-003/2024(H5N1)	1537	6940
HA|PP755589.1|A/cattle/Texas/24-008749-003/2024(H5N1)	1538	6761
HA|PP755589.1|A/cattle/Texas/24-008749-003/2024(H5N1)	1539	6078
HA|PP755589.1|A/cattle/Texas/24-008749-003/2024(H5N1)	1540	5960
HA|PP755589.1|A/cattle/Texas/24-008749-003/2024(H5N1)	1541	5957
HA|PP755589.1|A/cattle/Texas/24-008749-003/2024(H5N1)	1542	5902
HA|PP755589.1|A/cattle/Texas/24-008749-003/2024(H5N1)	1543	5901
HA|PP755589.1|A/cattle/Texas/24-008749-003/2024(H5N1)	1544	5901
HA|PP755589.1|A/cattle/Texas/24-008749-003/2024(H5N1)	1545	5878
HA|PP755589.1|A/cattle/Texas/24-008749-003/2024(H5N1)	1546	5878
HA|PP755589.1|A/cattle/Texas/24-008749-003/2024(H5N1)	1547	5878
HA|PP755589.1|A/cattle/Texas/24-008749-003/2024(H5N1)	1548	5878
HA|PP755589.1|A/cattle/Texas/24-008749-003/2024(H5N1)	1549	5877
HA|PP755589.1|A/cattle/Texas/24-008749-003/2024(H5N1)	1550	5725
HA|PP755589.1|A/cattle/Texas/24-008749-003/2024(H5N1)	1551	5724
HA|PP755589.1|A/cattle/Texas/24-008749-003/2024(H5N1)	1552	5724
HA|PP755589.1|A/cattle/Texas/24-008749-003/2024(H5N1)	1553	5642
HA|PP755589.1|A/cattle/Texas/24-008749-003/2024(H5N1)	1554	5557
HA|PP755589.1|A/cattle/Texas/24-008749-003/2024(H5N1)	1555	5527
HA|PP755589.1|A/cattle/Texas/24-008749-003/2024(H5N1)	1556	1361
HA|PP755589.1|A/cattle/Texas/24-008749-003/2024(H5N1)	1557	1356
HA|PP755589.1|A/cattle/Texas/24-008749-003/2024(H5N1)	1558	1356
HA|PP755589.1|A/cattle/Texas/24-008749-003/2024(H5N1)	1559	1356
HA|PP755589.1|A/cattle/Texas/24-008749-003/2024(H5N1)	1560	1356
HA|PP755589.1|A/cattle/Texas/24-008749-003/2024(H5N1)	1561	1356
HA|PP755589.1|A/cattle/Texas/24-008749-003/2024(H5N1)	1562	1285
HA|PP755589.1|A/cattle/Texas/24-008749-003/2024(H5N1)	1563	1263
HA|PP755589.1|A/cattle/Texas/24-008749-003/2024(H5N1)	1564	1263
HA|PP755589.1|A/cattle/Texas/24-008749-003/2024(H5N1)	1565	1263
HA|PP755589.1|A/cattle/Texas/24-008749-003/2024(H5N1)	1566	1263
HA|PP755589.1|A/cattle/Texas/24-008749-003/2024(H5N1)	1567	1240
HA|PP755589.1|A/cattle/Texas/24-008749-003/2024(H5N1)	1568	1207
HA|PP755589.1|A/cattle/Texas/24-008749-003/2024(H5N1)	1569	1202
HA|PP755589.1|A/cattle/Texas/24-008749-003/2024(H5N1)	1570	1202
HA|PP755589.1|A/cattle/Texas/24-008749-003/2024(H5N1)	1571	1202
HA|PP755589.1|A/cattle/Texas/24-008749-003/2024(H5N1)	1572	1124
HA|PP755589.1|A/cattle/Texas/24-008749-003/2024(H5N1)	1573	1091
HA|PP755589.1|A/cattle/Texas/24-008749-003/2024(H5N1)	1574	1015
HA|PP755589.1|A/cattle/Texas/24-008749-003/2024(H5N1)	1575	998
HA|PP755589.1|A/cattle/Texas/24-008749-003/2024(H5N1)	1576	994
HA|PP755589.1|A/cattle/Texas/24-008749-003/2024(H5N1)	1577	980
HA|PP755589.1|A/cattle/Texas/24-008749-003/2024(H5N1)	1578	969
HA|PP755589.1|A/cattle/Texas/24-008749-003/2024(H5N1)	1579	969
HA|PP755589.1|A/cattle/Texas/24-008749-003/2024(H5N1)	1580	969
HA|PP755589.1|A/cattle/Texas/24-008749-003/2024(H5N1)	1581	967
HA|PP755589.1|A/cattle/Texas/24-008749-003/2024(H5N1)	1582	967
HA|PP755589.1|A/cattle/Texas/24-008749-003/2024(H5N1)	1583	967
HA|PP755589.1|A/cattle/Texas/24-008749-003/2024(H5N1)	1584	967
HA|PP755589.1|A/cattle/Texas/24-008749-003/2024(H5N1)	1585	967
HA|PP755589.1|A/cattle/Texas/24-008749-003/2024(H5N1)	1586	967
HA|PP755589.1|A/cattle/Texas/24-008749-003/2024(H5N1)	1587	967
HA|PP755589.1|A/cattle/Texas/24-008749-003/2024(H5N1)	1588	2066
HA|PP755589.1|A/cattle/Texas/24-008749-003/2024(H5N1)	1589	2067
HA|PP755589.1|A/cattle/Texas/24-008749-003/2024(H5N1)	1590	2067
HA|PP755589.1|A/cattle/Texas/24-008749-003/2024(H5N1)	1591	2067
HA|PP755589.1|A/cattle/Texas/24-008749-003/2024(H5N1)	1592	2067
HA|PP755589.1|A/cattle/Texas/24-008749-003/2024(H5N1)	1593	2067
HA|PP755589.1|A/cattle/Texas/24-008749-003/2024(H5N1)	1594	2067
HA|PP755589.1|A/cattle/Texas/24-008749-003/2024(H5N1)	1595	2067
HA|PP755589.1|A/cattle/Texas/24-008749-003/2024(H5N1)	1596	2067
HA|PP755589.1|A/cattle/Texas/24-008749-003/2024(H5N1)	1597	2073
HA|PP755589.1|A/cattle/Texas/24-008749-003/2024(H5N1)	1598	2073
HA|PP755589.1|A/cattle/Texas/24-008749-003/2024(H5N1)	1599	2073
HA|PP755589.1|A/cattle/Texas/24-008749-003/2024(H5N1)	1600	2073
HA|PP755589.1|A/cattle/Texas/24-008749-003/2024(H5N1)	1601	2073
HA|PP755589.1|A/cattle/Texas/24-008749-003/2024(H5N1)	1602	2073
HA|PP755589.1|A/cattle/Texas/24-008749-003/2024(H5N1)	1603	2073
HA|PP755589.1|A/cattle/Texas/24-008749-003/2024(H5N1)	1604	2073
HA|PP755589.1|A/cattle/Texas/24-008749-003/2024(H5N1)	1605	2073
HA|PP755589.1|A/cattle/Texas/24-008749-003/2024(H5N1)	1606	2423
HA|PP755589.1|A/cattle/Texas/24-008749-003/2024(H5N1)	1607	2425
HA|PP755589.1|A/cattle/Texas/24-008749-003/2024(H5N1)	1608	2425
HA|PP755589.1|A/cattle/Texas/24-008749-003/2024(H5N1)	1609	2425
HA|PP755589.1|A/cattle/Texas/24-008749-003/2024(H5N1)	1610	2425
HA|PP755589.1|A/cattle/Texas/24-008749-003/2024(H5N1)	1611	2425
HA|PP755589.1|A/cattle/Texas/24-008749-003/2024(H5N1)	1612	2425
HA|PP755589.1|A/cattle/Texas/24-008749-003/2024(H5N1)	1613	2425
HA|PP755589.1|A/cattle/Texas/24-008749-003/2024(H5N1)	1614	2433
HA|PP755589.1|A/cattle/Texas/24-008749-003/2024(H5N1)	1615	2437
HA|PP755589.1|A/cattle/Texas/24-008749-003/2024(H5N1)	1616	2437
HA|PP755589.1|A/cattle/Texas/24-008749-003/2024(H5N1)	1617	2436
HA|PP755589.1|A/cattle/Texas/24-008749-003/2024(H5N1)	1618	2436
HA|PP755589.1|A/cattle/Texas/24-008749-003/2024(H5N1)	1619	2436
HA|PP755589.1|A/cattle/Texas/24-008749-003/2024(H5N1)	1620	2437
HA|PP755589.1|A/cattle/Texas/24-008749-003/2024(H5N1)	1621	2436
HA|PP755589.1|A/cattle/Texas/24-008749-003/2024(H5N1)	1622	2412
HA|PP755589.1|A/cattle/Texas/24-008749-003/2024(H5N1)	1623	2357
HA|PP755589.1|A/cattle/Texas/24-008749-003/2024(H5N1)	1624	2345
HA|PP755589.1|A/cattle/Texas/24-008749-003/2024(H5N1)	1625	2344
HA|PP755589.1|A/cattle/Texas/24-008749-003/2024(H5N1)	1626	2344
HA|PP755589.1|A/cattle/Texas/24-008749-003/2024(H5N1)	1627	2302
HA|PP755589.1|A/cattle/Texas/24-008749-003/2024(H5N1)	1628	2212
HA|PP755589.1|A/cattle/Texas/24-008749-003/2024(H5N1)	1629	2075
HA|PP755589.1|A/cattle/Texas/24-008749-003/2024(H5N1)	1630	1966
HA|PP755589.1|A/cattle/Texas/24-008749-003/2024(H5N1)	1631	1540
HA|PP755589.1|A/cattle/Texas/24-008749-003/2024(H5N1)	1632	1540
HA|PP755589.1|A/cattle/Texas/24-008749-003/2024(H5N1)	1633	1539
HA|PP755589.1|A/cattle/Texas/24-008749-003/2024(H5N1)	1634	1538
HA|PP755589.1|A/cattle/Texas/24-008749-003/2024(H5N1)	1635	1536
HA|PP755589.1|A/cattle/Texas/24-008749-003/2024(H5N1)	1636	1528
HA|PP755589.1|A/cattle/Texas/24-008749-003/2024(H5N1)	1637	1514
HA|PP755589.1|A/cattle/Texas/24-008749-003/2024(H5N1)	1638	1512
HA|PP755589.1|A/cattle/Texas/24-008749-003/2024(H5N1)	1639	1491
HA|PP755589.1|A/cattle/Texas/24-008749-003/2024(H5N1)	1640	1482
HA|PP755589.1|A/cattle/Texas/24-008749-003/2024(H5N1)	1641	1463
HA|PP755589.1|A/cattle/Texas/24-008749-003/2024(H5N1)	1642	1297
HA|PP755589.1|A/cattle/Texas/24-008749-003/2024(H5N1)	1643	1297
HA|PP755589.1|A/cattle/Texas/24-008749-003/2024(H5N1)	1644	1296
HA|PP755589.1|A/cattle/Texas/24-008749-003/2024(H5N1)	1645	1296
HA|PP755589.1|A/cattle/Texas/24-008749-003/2024(H5N1)	1646	1296
HA|PP755589.1|A/cattle/Texas/24-008749-003/2024(H5N1)	1647	1296
HA|PP755589.1|A/cattle/Texas/24-008749-003/2024(H5N1)	1648	1296
HA|PP755589.1|A/cattle/Texas/24-008749-003/2024(H5N1)	1649	1296
HA|PP755589.1|A/cattle/Texas/24-008749-003/2024(H5N1)	1650	1296
HA|PP755589.1|A/cattle/Texas/24-008749-003/2024(H5N1)	1651	1296
HA|PP755589.1|A/cattle/Texas/24-008749-003/2024(H5N1)	1652	1296
HA|PP755589.1|A/cattle/Texas/24-008749-003/2024(H5N1)	1653	1291
HA|PP755589.1|A/cattle/Texas/24-008749-003/2024(H5N1)	1654	1290
HA|PP755589.1|A/cattle/Texas/24-008749-003/2024(H5N1)	1655	1289
HA|PP755589.1|A/cattle/Texas/24-008749-003/2024(H5N1)	1656	1284
HA|PP755589.1|A/cattle/Texas/24-008749-003/2024(H5N1)	1657	1233
HA|PP755589.1|A/cattle/Texas/24-008749-003/2024(H5N1)	1658	1228
HA|PP755589.1|A/cattle/Texas/24-008749-003/2024(H5N1)	1659	1185
HA|PP755589.1|A/cattle/Texas/24-008749-003/2024(H5N1)	1660	1185
HA|PP755589.1|A/cattle/Texas/24-008749-003/2024(H5N1)	1661	1185
HA|PP755589.1|A/cattle/Texas/24-008749-003/2024(H5N1)	1662	1185
HA|PP755589.1|A/cattle/Texas/24-008749-003/2024(H5N1)	1663	1185
HA|PP755589.1|A/cattle/Texas/24-008749-003/2024(H5N1)	1664	1184
HA|PP755589.1|A/cattle/Texas/24-008749-003/2024(H5N1)	1665	1184
HA|PP755589.1|A/cattle/Texas/24-008749-003/2024(H5N1)	1666	1127
HA|PP755589.1|A/cattle/Texas/24-008749-003/2024(H5N1)	1667	1127
HA|PP755589.1|A/cattle/Texas/24-008749-003/2024(H5N1)	1668	1127
HA|PP755589.1|A/cattle/Texas/24-008749-003/2024(H5N1)	1669	1127
HA|PP755589.1|A/cattle/Texas/24-008749-003/2024(H5N1)	1670	1127
HA|PP755589.1|A/cattle/Texas/24-008749-003/2024(H5N1)	1671	1108
HA|PP755589.1|A/cattle/Texas/24-008749-003/2024(H5N1)	1672	1106
HA|PP755589.1|A/cattle/Texas/24-008749-003/2024(H5N1)	1673	1106
HA|PP755589.1|A/cattle/Texas/24-008749-003/2024(H5N1)	1674	1078
HA|PP755589.1|A/cattle/Texas/24-008749-003/2024(H5N1)	1675	1071
HA|PP755589.1|A/cattle/Texas/24-008749-003/2024(H5N1)	1676	1031
HA|PP755589.1|A/cattle/Texas/24-008749-003/2024(H5N1)	1677	560
HA|PP755589.1|A/cattle/Texas/24-008749-003/2024(H5N1)	1678	560
HA|PP755589.1|A/cattle/Texas/24-008749-003/2024(H5N1)	1679	559
HA|PP755589.1|A/cattle/Texas/24-008749-003/2024(H5N1)	1680	555
HA|PP755589.1|A/cattle/Texas/24-008749-003/2024(H5N1)	1681	555
HA|PP755589.1|A/cattle/Texas/24-008749-003/2024(H5N1)	1682	554
HA|PP755589.1|A/cattle/Texas/24-008749-003/2024(H5N1)	1683	552
HA|PP755589.1|A/cattle/Texas/24-008749-003/2024(H5N1)	1684	552
HA|PP755589.1|A/cattle/Texas/24-008749-003/2024(H5N1)	1685	552
HA|PP755589.1|A/cattle/Texas/24-008749-003/2024(H5N1)	1686	552
HA|PP755589.1|A/cattle/Texas/24-008749-003/2024(H5N1)	1687	552
HA|PP755589.1|A/cattle/Texas/24-008749-003/2024(H5N1)	1688	552
HA|PP755589.1|A/cattle/Texas/24-008749-003/2024(H5N1)	1689	552
HA|PP755589.1|A/cattle/Texas/24-008749-003/2024(H5N1)	1690	552
HA|PP755589.1|A/cattle/Texas/24-008749-003/2024(H5N1)	1691	552
HA|PP755589.1|A/cattle/Texas/24-008749-003/2024(H5N1)	1692	552
HA|PP755589.1|A/cattle/Texas/24-008749-003/2024(H5N1)	1693	552
HA|PP755589.1|A/cattle/Texas/24-008749-003/2024(H5N1)	1694	552
HA|PP755589.1|A/cattle/Texas/24-008749-003/2024(H5N1)	1695	551
HA|PP755589.1|A/cattle/Texas/24-008749-003/2024(H5N1)	1696	551
HA|PP755589.1|A/cattle/Texas/24-008749-003/2024(H5N1)	1697	551
HA|PP755589.1|A/cattle/Texas/24-008749-003/2024(H5N1)	1698	549
HA|PP755589.1|A/cattle/Texas/24-008749-003/2024(H5N1)	1699	548
HA|PP755589.1|A/cattle/Texas/24-008749-003/2024(H5N1)	1700	529
HA|PP755589.1|A/cattle/Texas/24-008749-003/2024(H5N1)	1701	0
HA|PP755589.1|A/cattle/Texas/24-008749-003/2024(H5N1)	1702	0
HA|PP755589.1|A/cattle/Texas/24-008749-003/2024(H5N1)	1703	0
HA|PP755589.1|A/cattle/Texas/24-008749-003/2024(H5N1)	1704	0
