PA|PP755594.1|A/cattle/Texas/24-008749-003/2024(H5N1)	1	10
PA|PP755594.1|A/cattle/Texas/24-008749-003/2024(H5N1)	2	186
PA|PP755594.1|A/cattle/Texas/24-008749-003/2024(H5N1)	3	497
PA|PP755594.1|A/cattle/Texas/24-008749-003/2024(H5N1)	4	524
PA|PP755594.1|A/cattle/Texas/24-008749-003/2024(H5N1)	5	538
PA|PP755594.1|A/cattle/Texas/24-008749-003/2024(H5N1)	6	544
PA|PP755594.1|A/cattle/Texas/24-008749-003/2024(H5N1)	7	571
PA|PP755594.1|A/cattle/Texas/24-008749-003/2024(H5N1)	8	619
PA|PP755594.1|A/cattle/Texas/24-008749-003/2024(H5N1)	9	711
PA|PP755594.1|A/cattle/Texas/24-008749-003/2024(H5N1)	10	711
PA|PP755594.1|A/cattle/Texas/24-008749-003/2024(H5N1)	11	958
PA|PP755594.1|A/cattle/Texas/24-008749-003/2024(H5N1)	12	960
PA|PP755594.1|A/cattle/Texas/24-008749-003/2024(H5N1)	13	1267
PA|PP755594.1|A/cattle/Texas/24-008749-003/2024(H5N1)	14	1267
PA|PP755594.1|A/cattle/Texas/24-008749-003/2024(H5N1)	15	1273
PA|PP755594.1|A/cattle/Texas/24-008749-003/2024(H5N1)	16	1474
PA|PP755594.1|A/cattle/Texas/24-008749-003/2024(H5N1)	17	1488
PA|PP755594.1|A/cattle/Texas/24-008749-003/2024(H5N1)	18	1727
PA|PP755594.1|A/cattle/Texas/24-008749-003/2024(H5N1)	19	1815
PA|PP755594.1|A/cattle/Texas/24-008749-003/2024(H5N1)	20	1815
PA|PP755594.1|A/cattle/Texas/24-008749-003/2024(H5N1)	21	2059
PA|PP755594.1|A/cattle/Texas/24-008749-003/2024(H5N1)	22	2145
PA|PP755594.1|A/cattle/Texas/24-008749-003/2024(H5N1)	23	2751
PA|PP755594.1|A/cattle/Texas/24-008749-003/2024(H5N1)	24	3028
PA|PP755594.1|A/cattle/Texas/24-008749-003/2024(H5N1)	25	2709
PA|PP755594.1|A/cattle/Texas/24-008749-003/2024(H5N1)	26	2504
PA|PP755594.1|A/cattle/Texas/24-008749-003/2024(H5N1)	27	2502
PA|PP755594.1|A/cattle/Texas/24-008749-003/2024(H5N1)	28	2536
PA|PP755594.1|A/cattle/Texas/24-008749-003/2024(H5N1)	29	2900
PA|PP755594.1|A/cattle/Texas/24-008749-003/2024(H5N1)	30	2925
PA|PP755594.1|A/cattle/Texas/24-008749-003/2024(H5N1)	31	2936
PA|PP755594.1|A/cattle/Texas/24-008749-003/2024(H5N1)	32	2957
PA|PP755594.1|A/cattle/Texas/24-008749-003/2024(H5N1)	33	2999
PA|PP755594.1|A/cattle/Texas/24-008749-003/2024(H5N1)	34	3015
PA|PP755594.1|A/cattle/Texas/24-008749-003/2024(H5N1)	35	3117
PA|PP755594.1|A/cattle/Texas/24-008749-003/2024(H5N1)	36	3136
PA|PP755594.1|A/cattle/Texas/24-008749-003/2024(H5N1)	37	3196
PA|PP755594.1|A/cattle/Texas/24-008749-003/2024(H5N1)	38	3241
PA|PP755594.1|A/cattle/Texas/24-008749-003/2024(H5N1)	39	3276
PA|PP755594.1|A/cattle/Texas/24-008749-003/2024(H5N1)	40	3284
PA|PP755594.1|A/cattle/Texas/24-008749-003/2024(H5N1)	41	3287
PA|PP755594.1|A/cattle/Texas/24-008749-003/2024(H5N1)	42	3288
PA|PP755594.1|A/cattle/Texas/24-008749-003/2024(H5N1)	43	3288
PA|PP755594.1|A/cattle/Texas/24-008749-003/2024(H5N1)	44	3342
PA|PP755594.1|A/cattle/Texas/24-008749-003/2024(H5N1)	45	3346
PA|PP755594.1|A/cattle/Texas/24-008749-003/2024(H5N1)	46	3359
PA|PP755594.1|A/cattle/Texas/24-008749-003/2024(H5N1)	47	3357
PA|PP755594.1|A/cattle/Texas/24-008749-003/2024(H5N1)	48	3372
PA|PP755594.1|A/cattle/Texas/24-008749-003/2024(H5N1)	49	3389
PA|PP755594.1|A/cattle/Texas/24-008749-003/2024(H5N1)	50	3418
PA|PP755594.1|A/cattle/Texas/24-008749-003/2024(H5N1)	51	3458
PA|PP755594.1|A/cattle/Texas/24-008749-003/2024(H5N1)	52	3469
PA|PP755594.1|A/cattle/Texas/24-008749-003/2024(H5N1)	53	3454
PA|PP755594.1|A/cattle/Texas/24-008749-003/2024(H5N1)	54	3466
PA|PP755594.1|A/cattle/Texas/24-008749-003/2024(H5N1)	55	3465
PA|PP755594.1|A/cattle/Texas/24-008749-003/2024(H5N1)	56	3472
PA|PP755594.1|A/cattle/Texas/24-008749-003/2024(H5N1)	57	3492
PA|PP755594.1|A/cattle/Texas/24-008749-003/2024(H5N1)	58	3501
PA|PP755594.1|A/cattle/Texas/24-008749-003/2024(H5N1)	59	3546
PA|PP755594.1|A/cattle/Texas/24-008749-003/2024(H5N1)	60	3519
PA|PP755594.1|A/cattle/Texas/24-008749-003/2024(H5N1)	61	3580
PA|PP755594.1|A/cattle/Texas/24-008749-003/2024(H5N1)	62	3588
PA|PP755594.1|A/cattle/Texas/24-008749-003/2024(H5N1)	63	3689
PA|PP755594.1|A/cattle/Texas/24-008749-003/2024(H5N1)	64	3736
PA|PP755594.1|A/cattle/Texas/24-008749-003/2024(H5N1)	65	3736
PA|PP755594.1|A/cattle/Texas/24-008749-003/2024(H5N1)	66	3742
PA|PP755594.1|A/cattle/Texas/24-008749-003/2024(H5N1)	67	3965
PA|PP755594.1|A/cattle/Texas/24-008749-003/2024(H5N1)	68	3972
PA|PP755594.1|A/cattle/Texas/24-008749-003/2024(H5N1)	69	4304
PA|PP755594.1|A/cattle/Texas/24-008749-003/2024(H5N1)	70	4273
PA|PP755594.1|A/cattle/Texas/24-008749-003/2024(H5N1)	71	4288
PA|PP755594.1|A/cattle/Texas/24-008749-003/2024(H5N1)	72	4257
PA|PP755594.1|A/cattle/Texas/24-008749-003/2024(H5N1)	73	4236
PA|PP755594.1|A/cattle/Texas/24-008749-003/2024(H5N1)	74	4361
PA|PP755594.1|A/cattle/Texas/24-008749-003/2024(H5N1)	75	4339
PA|PP755594.1|A/cattle/Texas/24-008749-003/2024(H5N1)	76	4219
PA|PP755594.1|A/cattle/Texas/24-008749-003/2024(H5N1)	77	4162
PA|PP755594.1|A/cattle/Texas/24-008749-003/2024(H5N1)	78	3931
PA|PP755594.1|A/cattle/Texas/24-008749-003/2024(H5N1)	79	3959
PA|PP755594.1|A/cattle/Texas/24-008749-003/2024(H5N1)	80	3942
PA|PP755594.1|A/cattle/Texas/24-008749-003/2024(H5N1)	81	4021
PA|PP755594.1|A/cattle/Texas/24-008749-003/2024(H5N1)	82	4036
PA|PP755594.1|A/cattle/Texas/24-008749-003/2024(H5N1)	83	3924
PA|PP755594.1|A/cattle/Texas/24-008749-003/2024(H5N1)	84	3928
PA|PP755594.1|A/cattle/Texas/24-008749-003/2024(H5N1)	85	3930
PA|PP755594.1|A/cattle/Texas/24-008749-003/2024(H5N1)	86	3932
PA|PP755594.1|A/cattle/Texas/24-008749-003/2024(H5N1)	87	3957
PA|PP755594.1|A/cattle/Texas/24-008749-003/2024(H5N1)	88	3902
PA|PP755594.1|A/cattle/Texas/24-008749-003/2024(H5N1)	89	3905
PA|PP755594.1|A/cattle/Texas/24-008749-003/2024(H5N1)	90	3856
PA|PP755594.1|A/cattle/Texas/24-008749-003/2024(H5N1)	91	3855
PA|PP755594.1|A/cattle/Texas/24-008749-003/2024(H5N1)	92	3855
PA|PP755594.1|A/cattle/Texas/24-008749-003/2024(H5N1)	93	3859
PA|PP755594.1|A/cattle/Texas/24-008749-003/2024(H5N1)	94	3896
PA|PP755594.1|A/cattle/Texas/24-008749-003/2024(H5N1)	95	3943
PA|PP755594.1|A/cattle/Texas/24-008749-003/2024(H5N1)	96	3947
PA|PP755594.1|A/cattle/Texas/24-008749-003/2024(H5N1)	97	3979
PA|PP755594.1|A/cattle/Texas/24-008749-003/2024(H5N1)	98	3983
PA|PP755594.1|A/cattle/Texas/24-008749-003/2024(H5N1)	99	4032
PA|PP755594.1|A/cattle/Texas/24-008749-003/2024(H5N1)	100	3993
PA|PP755594.1|A/cattle/Texas/24-008749-003/2024(H5N1)	101	3995
PA|PP755594.1|A/cattle/Texas/24-008749-003/2024(H5N1)	102	3997
PA|PP755594.1|A/cattle/Texas/24-008749-003/2024(H5N1)	103	3987
PA|PP755594.1|A/cattle/Texas/24-008749-003/2024(H5N1)	104	3935
PA|PP755594.1|A/cattle/Texas/24-008749-003/2024(H5N1)	105	3903
PA|PP755594.1|A/cattle/Texas/24-008749-003/2024(H5N1)	106	3878
PA|PP755594.1|A/cattle/Texas/24-008749-003/2024(H5N1)	107	3883
PA|PP755594.1|A/cattle/Texas/24-008749-003/2024(H5N1)	108	3857
PA|PP755594.1|A/cattle/Texas/24-008749-003/2024(H5N1)	109	3895
PA|PP755594.1|A/cattle/Texas/24-008749-003/2024(H5N1)	110	3989
PA|PP755594.1|A/cattle/Texas/24-008749-003/2024(H5N1)	111	4105
PA|PP755594.1|A/cattle/Texas/24-008749-003/2024(H5N1)	112	4262
PA|PP755594.1|A/cattle/Texas/24-008749-003/2024(H5N1)	113	4290
PA|PP755594.1|A/cattle/Texas/24-008749-003/2024(H5N1)	114	4665
PA|PP755594.1|A/cattle/Texas/24-008749-003/2024(H5N1)	115	4748
PA|PP755594.1|A/cattle/Texas/24-008749-003/2024(H5N1)	116	4756
PA|PP755594.1|A/cattle/Texas/24-008749-003/2024(H5N1)	117	4755
PA|PP755594.1|A/cattle/Texas/24-008749-003/2024(H5N1)	118	4707
PA|PP755594.1|A/cattle/Texas/24-008749-003/2024(H5N1)	119	4681
PA|PP755594.1|A/cattle/Texas/24-008749-003/2024(H5N1)	120	4470
PA|PP755594.1|A/cattle/Texas/24-008749-003/2024(H5N1)	121	4961
PA|PP755594.1|A/cattle/Texas/24-008749-003/2024(H5N1)	122	4792
PA|PP755594.1|A/cattle/Texas/24-008749-003/2024(H5N1)	123	5083
PA|PP755594.1|A/cattle/Texas/24-008749-003/2024(H5N1)	124	4622
PA|PP755594.1|A/cattle/Texas/24-008749-003/2024(H5N1)	125	4618
PA|PP755594.1|A/cattle/Texas/24-008749-003/2024(H5N1)	126	4607
PA|PP755594.1|A/cattle/Texas/24-008749-003/2024(H5N1)	127	4641
PA|PP755594.1|A/cattle/Texas/24-008749-003/2024(H5N1)	128	4615
PA|PP755594.1|A/cattle/Texas/24-008749-003/2024(H5N1)	129	4613
PA|PP755594.1|A/cattle/Texas/24-008749-003/2024(H5N1)	130	4211
PA|PP755594.1|A/cattle/Texas/24-008749-003/2024(H5N1)	131	4070
PA|PP755594.1|A/cattle/Texas/24-008749-003/2024(H5N1)	132	4053
PA|PP755594.1|A/cattle/Texas/24-008749-003/2024(H5N1)	133	3786
PA|PP755594.1|A/cattle/Texas/24-008749-003/2024(H5N1)	134	4526
PA|PP755594.1|A/cattle/Texas/24-008749-003/2024(H5N1)	135	4539
PA|PP755594.1|A/cattle/Texas/24-008749-003/2024(H5N1)	136	4652
PA|PP755594.1|A/cattle/Texas/24-008749-003/2024(H5N1)	137	4667
PA|PP755594.1|A/cattle/Texas/24-008749-003/2024(H5N1)	138	5470
PA|PP755594.1|A/cattle/Texas/24-008749-003/2024(H5N1)	139	5636
PA|PP755594.1|A/cattle/Texas/24-008749-003/2024(H5N1)	140	5666
PA|PP755594.1|A/cattle/Texas/24-008749-003/2024(H5N1)	141	7787
PA|PP755594.1|A/cattle/Texas/24-008749-003/2024(H5N1)	142	7811
PA|PP755594.1|A/cattle/Texas/24-008749-003/2024(H5N1)	143	8118
PA|PP755594.1|A/cattle/Texas/24-008749-003/2024(H5N1)	144	8135
PA|PP755594.1|A/cattle/Texas/24-008749-003/2024(H5N1)	145	8146
PA|PP755594.1|A/cattle/Texas/24-008749-003/2024(H5N1)	146	8188
PA|PP755594.1|A/cattle/Texas/24-008749-003/2024(H5N1)	147	8199
PA|PP755594.1|A/cattle/Texas/24-008749-003/2024(H5N1)	148	9007
PA|PP755594.1|A/cattle/Texas/24-008749-003/2024(H5N1)	149	9009
PA|PP755594.1|A/cattle/Texas/24-008749-003/2024(H5N1)	150	8960
PA|PP755594.1|A/cattle/Texas/24-008749-003/2024(H5N1)	151	8966
PA|PP755594.1|A/cattle/Texas/24-008749-003/2024(H5N1)	152	8992
PA|PP755594.1|A/cattle/Texas/24-008749-003/2024(H5N1)	153	9722
PA|PP755594.1|A/cattle/Texas/24-008749-003/2024(H5N1)	154	9737
PA|PP755594.1|A/cattle/Texas/24-008749-003/2024(H5N1)	155	9783
PA|PP755594.1|A/cattle/Texas/24-008749-003/2024(H5N1)	156	9831
PA|PP755594.1|A/cattle/Texas/24-008749-003/2024(H5N1)	157	9760
PA|PP755594.1|A/cattle/Texas/24-008749-003/2024(H5N1)	158	10266
PA|PP755594.1|A/cattle/Texas/24-008749-003/2024(H5N1)	159	10263
PA|PP755594.1|A/cattle/Texas/24-008749-003/2024(H5N1)	160	10550
PA|PP755594.1|A/cattle/Texas/24-008749-003/2024(H5N1)	161	10565
PA|PP755594.1|A/cattle/Texas/24-008749-003/2024(H5N1)	162	10507
PA|PP755594.1|A/cattle/Texas/24-008749-003/2024(H5N1)	163	10737
PA|PP755594.1|A/cattle/Texas/24-008749-003/2024(H5N1)	164	10724
PA|PP755594.1|A/cattle/Texas/24-008749-003/2024(H5N1)	165	11003
PA|PP755594.1|A/cattle/Texas/24-008749-003/2024(H5N1)	166	11170
PA|PP755594.1|A/cattle/Texas/24-008749-003/2024(H5N1)	167	11368
PA|PP755594.1|A/cattle/Texas/24-008749-003/2024(H5N1)	168	11367
PA|PP755594.1|A/cattle/Texas/24-008749-003/2024(H5N1)	169	11351
PA|PP755594.1|A/cattle/Texas/24-008749-003/2024(H5N1)	170	11374
PA|PP755594.1|A/cattle/Texas/24-008749-003/2024(H5N1)	171	12124
PA|PP755594.1|A/cattle/Texas/24-008749-003/2024(H5N1)	172	12127
PA|PP755594.1|A/cattle/Texas/24-008749-003/2024(H5N1)	173	12194
PA|PP755594.1|A/cattle/Texas/24-008749-003/2024(H5N1)	174	12113
PA|PP755594.1|A/cattle/Texas/24-008749-003/2024(H5N1)	175	12797
PA|PP755594.1|A/cattle/Texas/24-008749-003/2024(H5N1)	176	13122
PA|PP755594.1|A/cattle/Texas/24-008749-003/2024(H5N1)	177	13601
PA|PP755594.1|A/cattle/Texas/24-008749-003/2024(H5N1)	178	13611
PA|PP755594.1|A/cattle/Texas/24-008749-003/2024(H5N1)	179	13753
PA|PP755594.1|A/cattle/Texas/24-008749-003/2024(H5N1)	180	13628
PA|PP755594.1|A/cattle/Texas/24-008749-003/2024(H5N1)	181	13661
PA|PP755594.1|A/cattle/Texas/24-008749-003/2024(H5N1)	182	14387
PA|PP755594.1|A/cattle/Texas/24-008749-003/2024(H5N1)	183	14449
PA|PP755594.1|A/cattle/Texas/24-008749-003/2024(H5N1)	184	14481
PA|PP755594.1|A/cattle/Texas/24-008749-003/2024(H5N1)	185	15921
PA|PP755594.1|A/cattle/Texas/24-008749-003/2024(H5N1)	186	15808
PA|PP755594.1|A/cattle/Texas/24-008749-003/2024(H5N1)	187	16171
PA|PP755594.1|A/cattle/Texas/24-008749-003/2024(H5N1)	188	16117
PA|PP755594.1|A/cattle/Texas/24-008749-003/2024(H5N1)	189	16155
PA|PP755594.1|A/cattle/Texas/24-008749-003/2024(H5N1)	190	16537
PA|PP755594.1|A/cattle/Texas/24-008749-003/2024(H5N1)	191	16363
PA|PP755594.1|A/cattle/Texas/24-008749-003/2024(H5N1)	192	16438
PA|PP755594.1|A/cattle/Texas/24-008749-003/2024(H5N1)	193	16289
PA|PP755594.1|A/cattle/Texas/24-008749-003/2024(H5N1)	194	15798
PA|PP755594.1|A/cattle/Texas/24-008749-003/2024(H5N1)	195	15759
PA|PP755594.1|A/cattle/Texas/24-008749-003/2024(H5N1)	196	15681
PA|PP755594.1|A/cattle/Texas/24-008749-003/2024(H5N1)	197	15682
PA|PP755594.1|A/cattle/Texas/24-008749-003/2024(H5N1)	198	15645
PA|PP755594.1|A/cattle/Texas/24-008749-003/2024(H5N1)	199	15451
PA|PP755594.1|A/cattle/Texas/24-008749-003/2024(H5N1)	200	15909
PA|PP755594.1|A/cattle/Texas/24-008749-003/2024(H5N1)	201	16109
PA|PP755594.1|A/cattle/Texas/24-008749-003/2024(H5N1)	202	16201
PA|PP755594.1|A/cattle/Texas/24-008749-003/2024(H5N1)	203	16253
PA|PP755594.1|A/cattle/Texas/24-008749-003/2024(H5N1)	204	16240
PA|PP755594.1|A/cattle/Texas/24-008749-003/2024(H5N1)	205	16222
PA|PP755594.1|A/cattle/Texas/24-008749-003/2024(H5N1)	206	16391
PA|PP755594.1|A/cattle/Texas/24-008749-003/2024(H5N1)	207	16394
PA|PP755594.1|A/cattle/Texas/24-008749-003/2024(H5N1)	208	17032
PA|PP755594.1|A/cattle/Texas/24-008749-003/2024(H5N1)	209	16759
PA|PP755594.1|A/cattle/Texas/24-008749-003/2024(H5N1)	210	16482
PA|PP755594.1|A/cattle/Texas/24-008749-003/2024(H5N1)	211	16653
PA|PP755594.1|A/cattle/Texas/24-008749-003/2024(H5N1)	212	16603
PA|PP755594.1|A/cattle/Texas/24-008749-003/2024(H5N1)	213	17168
PA|PP755594.1|A/cattle/Texas/24-008749-003/2024(H5N1)	214	17227
PA|PP755594.1|A/cattle/Texas/24-008749-003/2024(H5N1)	215	17068
PA|PP755594.1|A/cattle/Texas/24-008749-003/2024(H5N1)	216	17075
PA|PP755594.1|A/cattle/Texas/24-008749-003/2024(H5N1)	217	16644
PA|PP755594.1|A/cattle/Texas/24-008749-003/2024(H5N1)	218	16584
PA|PP755594.1|A/cattle/Texas/24-008749-003/2024(H5N1)	219	16618
PA|PP755594.1|A/cattle/Texas/24-008749-003/2024(H5N1)	220	16454
PA|PP755594.1|A/cattle/Texas/24-008749-003/2024(H5N1)	221	16448
PA|PP755594.1|A/cattle/Texas/24-008749-003/2024(H5N1)	222	16463
PA|PP755594.1|A/cattle/Texas/24-008749-003/2024(H5N1)	223	15578
PA|PP755594.1|A/cattle/Texas/24-008749-003/2024(H5N1)	224	15838
PA|PP755594.1|A/cattle/Texas/24-008749-003/2024(H5N1)	225	15905
PA|PP755594.1|A/cattle/Texas/24-008749-003/2024(H5N1)	226	15887
PA|PP755594.1|A/cattle/Texas/24-008749-003/2024(H5N1)	227	15891
PA|PP755594.1|A/cattle/Texas/24-008749-003/2024(H5N1)	228	15842
PA|PP755594.1|A/cattle/Texas/24-008749-003/2024(H5N1)	229	15849
PA|PP755594.1|A/cattle/Texas/24-008749-003/2024(H5N1)	230	15808
PA|PP755594.1|A/cattle/Texas/24-008749-003/2024(H5N1)	231	15822
PA|PP755594.1|A/cattle/Texas/24-008749-003/2024(H5N1)	232	15787
PA|PP755594.1|A/cattle/Texas/24-008749-003/2024(H5N1)	233	15163
PA|PP755594.1|A/cattle/Texas/24-008749-003/2024(H5N1)	234	14852
PA|PP755594.1|A/cattle/Texas/24-008749-003/2024(H5N1)	235	15069
PA|PP755594.1|A/cattle/Texas/24-008749-003/2024(H5N1)	236	15094
PA|PP755594.1|A/cattle/Texas/24-008749-003/2024(H5N1)	237	15112
PA|PP755594.1|A/cattle/Texas/24-008749-003/2024(H5N1)	238	14956
PA|PP755594.1|A/cattle/Texas/24-008749-003/2024(H5N1)	239	14753
PA|PP755594.1|A/cattle/Texas/24-008749-003/2024(H5N1)	240	14709
PA|PP755594.1|A/cattle/Texas/24-008749-003/2024(H5N1)	241	14934
PA|PP755594.1|A/cattle/Texas/24-008749-003/2024(H5N1)	242	14932
PA|PP755594.1|A/cattle/Texas/24-008749-003/2024(H5N1)	243	14925
PA|PP755594.1|A/cattle/Texas/24-008749-003/2024(H5N1)	244	13158
PA|PP755594.1|A/cattle/Texas/24-008749-003/2024(H5N1)	245	13159
PA|PP755594.1|A/cattle/Texas/24-008749-003/2024(H5N1)	246	12965
PA|PP755594.1|A/cattle/Texas/24-008749-003/2024(H5N1)	247	12975
PA|PP755594.1|A/cattle/Texas/24-008749-003/2024(H5N1)	248	12693
PA|PP755594.1|A/cattle/Texas/24-008749-003/2024(H5N1)	249	12700
PA|PP755594.1|A/cattle/Texas/24-008749-003/2024(H5N1)	250	11459
PA|PP755594.1|A/cattle/Texas/24-008749-003/2024(H5N1)	251	11312
PA|PP755594.1|A/cattle/Texas/24-008749-003/2024(H5N1)	252	11242
PA|PP755594.1|A/cattle/Texas/24-008749-003/2024(H5N1)	253	11275
PA|PP755594.1|A/cattle/Texas/24-008749-003/2024(H5N1)	254	11269
PA|PP755594.1|A/cattle/Texas/24-008749-003/2024(H5N1)	255	11151
PA|PP755594.1|A/cattle/Texas/24-008749-003/2024(H5N1)	256	11076
PA|PP755594.1|A/cattle/Texas/24-008749-003/2024(H5N1)	257	11005
PA|PP755594.1|A/cattle/Texas/24-008749-003/2024(H5N1)	258	11528
PA|PP755594.1|A/cattle/Texas/24-008749-003/2024(H5N1)	259	11533
PA|PP755594.1|A/cattle/Texas/24-008749-003/2024(H5N1)	260	11174
PA|PP755594.1|A/cattle/Texas/24-008749-003/2024(H5N1)	261	11043
PA|PP755594.1|A/cattle/Texas/24-008749-003/2024(H5N1)	262	10615
PA|PP755594.1|A/cattle/Texas/24-008749-003/2024(H5N1)	263	10761
PA|PP755594.1|A/cattle/Texas/24-008749-003/2024(H5N1)	264	10753
PA|PP755594.1|A/cattle/Texas/24-008749-003/2024(H5N1)	265	10722
PA|PP755594.1|A/cattle/Texas/24-008749-003/2024(H5N1)	266	10728
PA|PP755594.1|A/cattle/Texas/24-008749-003/2024(H5N1)	267	4872
PA|PP755594.1|A/cattle/Texas/24-008749-003/2024(H5N1)	268	5226
PA|PP755594.1|A/cattle/Texas/24-008749-003/2024(H5N1)	269	4844
PA|PP755594.1|A/cattle/Texas/24-008749-003/2024(H5N1)	270	5078
PA|PP755594.1|A/cattle/Texas/24-008749-003/2024(H5N1)	271	5092
PA|PP755594.1|A/cattle/Texas/24-008749-003/2024(H5N1)	272	3628
PA|PP755594.1|A/cattle/Texas/24-008749-003/2024(H5N1)	273	3638
PA|PP755594.1|A/cattle/Texas/24-008749-003/2024(H5N1)	274	3586
PA|PP755594.1|A/cattle/Texas/24-008749-003/2024(H5N1)	275	3574
PA|PP755594.1|A/cattle/Texas/24-008749-003/2024(H5N1)	276	3575
PA|PP755594.1|A/cattle/Texas/24-008749-003/2024(H5N1)	277	3257
PA|PP755594.1|A/cattle/Texas/24-008749-003/2024(H5N1)	278	3339
PA|PP755594.1|A/cattle/Texas/24-008749-003/2024(H5N1)	279	3158
PA|PP755594.1|A/cattle/Texas/24-008749-003/2024(H5N1)	280	3208
PA|PP755594.1|A/cattle/Texas/24-008749-003/2024(H5N1)	281	3198
PA|PP755594.1|A/cattle/Texas/24-008749-003/2024(H5N1)	282	3265
PA|PP755594.1|A/cattle/Texas/24-008749-003/2024(H5N1)	283	3262
PA|PP755594.1|A/cattle/Texas/24-008749-003/2024(H5N1)	284	3260
PA|PP755594.1|A/cattle/Texas/24-008749-003/2024(H5N1)	285	3272
PA|PP755594.1|A/cattle/Texas/24-008749-003/2024(H5N1)	286	3239
PA|PP755594.1|A/cattle/Texas/24-008749-003/2024(H5N1)	287	3318
PA|PP755594.1|A/cattle/Texas/24-008749-003/2024(H5N1)	288	3369
PA|PP755594.1|A/cattle/Texas/24-008749-003/2024(H5N1)	289	3334
PA|PP755594.1|A/cattle/Texas/24-008749-003/2024(H5N1)	290	3387
PA|PP755594.1|A/cattle/Texas/24-008749-003/2024(H5N1)	291	3287
PA|PP755594.1|A/cattle/Texas/24-008749-003/2024(H5N1)	292	3286
PA|PP755594.1|A/cattle/Texas/24-008749-003/2024(H5N1)	293	3281
PA|PP755594.1|A/cattle/Texas/24-008749-003/2024(H5N1)	294	3234
PA|PP755594.1|A/cattle/Texas/24-008749-003/2024(H5N1)	295	3266
PA|PP755594.1|A/cattle/Texas/24-008749-003/2024(H5N1)	296	3171
PA|PP755594.1|A/cattle/Texas/24-008749-003/2024(H5N1)	297	3122
PA|PP755594.1|A/cattle/Texas/24-008749-003/2024(H5N1)	298	3129
PA|PP755594.1|A/cattle/Texas/24-008749-003/2024(H5N1)	299	3062
PA|PP755594.1|A/cattle/Texas/24-008749-003/2024(H5N1)	300	3059
PA|PP755594.1|A/cattle/Texas/24-008749-003/2024(H5N1)	301	3064
PA|PP755594.1|A/cattle/Texas/24-008749-003/2024(H5N1)	302	3064
PA|PP755594.1|A/cattle/Texas/24-008749-003/2024(H5N1)	303	3063
PA|PP755594.1|A/cattle/Texas/24-008749-003/2024(H5N1)	304	3027
PA|PP755594.1|A/cattle/Texas/24-008749-003/2024(H5N1)	305	2992
PA|PP755594.1|A/cattle/Texas/24-008749-003/2024(H5N1)	306	3035
PA|PP755594.1|A/cattle/Texas/24-008749-003/2024(H5N1)	307	3044
PA|PP755594.1|A/cattle/Texas/24-008749-003/2024(H5N1)	308	3030
PA|PP755594.1|A/cattle/Texas/24-008749-003/2024(H5N1)	309	2998
PA|PP755594.1|A/cattle/Texas/24-008749-003/2024(H5N1)	310	2979
PA|PP755594.1|A/cattle/Texas/24-008749-003/2024(H5N1)	311	2981
PA|PP755594.1|A/cattle/Texas/24-008749-003/2024(H5N1)	312	2992
PA|PP755594.1|A/cattle/Texas/24-008749-003/2024(H5N1)	313	2996
PA|PP755594.1|A/cattle/Texas/24-008749-003/2024(H5N1)	314	2984
PA|PP755594.1|A/cattle/Texas/24-008749-003/2024(H5N1)	315	2963
PA|PP755594.1|A/cattle/Texas/24-008749-003/2024(H5N1)	316	2888
PA|PP755594.1|A/cattle/Texas/24-008749-003/2024(H5N1)	317	2754
PA|PP755594.1|A/cattle/Texas/24-008749-003/2024(H5N1)	318	2753
PA|PP755594.1|A/cattle/Texas/24-008749-003/2024(H5N1)	319	2735
PA|PP755594.1|A/cattle/Texas/24-008749-003/2024(H5N1)	320	2720
PA|PP755594.1|A/cattle/Texas/24-008749-003/2024(H5N1)	321	2679
PA|PP755594.1|A/cattle/Texas/24-008749-003/2024(H5N1)	322	2993
PA|PP755594.1|A/cattle/Texas/24-008749-003/2024(H5N1)	323	3003
PA|PP755594.1|A/cattle/Texas/24-008749-003/2024(H5N1)	324	2979
PA|PP755594.1|A/cattle/Texas/24-008749-003/2024(H5N1)	325	3114
PA|PP755594.1|A/cattle/Texas/24-008749-003/2024(H5N1)	326	3060
PA|PP755594.1|A/cattle/Texas/24-008749-003/2024(H5N1)	327	3151
PA|PP755594.1|A/cattle/Texas/24-008749-003/2024(H5N1)	328	3162
PA|PP755594.1|A/cattle/Texas/24-008749-003/2024(H5N1)	329	3162
PA|PP755594.1|A/cattle/Texas/24-008749-003/2024(H5N1)	330	3328
PA|PP755594.1|A/cattle/Texas/24-008749-003/2024(H5N1)	331	3207
PA|PP755594.1|A/cattle/Texas/24-008749-003/2024(H5N1)	332	3702
PA|PP755594.1|A/cattle/Texas/24-008749-003/2024(H5N1)	333	3843
PA|PP755594.1|A/cattle/Texas/24-008749-003/2024(H5N1)	334	3797
PA|PP755594.1|A/cattle/Texas/24-008749-003/2024(H5N1)	335	3837
PA|PP755594.1|A/cattle/Texas/24-008749-003/2024(H5N1)	336	3820
PA|PP755594.1|A/cattle/Texas/24-008749-003/2024(H5N1)	337	3957
PA|PP755594.1|A/cattle/Texas/24-008749-003/2024(H5N1)	338	3982
PA|PP755594.1|A/cattle/Texas/24-008749-003/2024(H5N1)	339	4014
PA|PP755594.1|A/cattle/Texas/24-008749-003/2024(H5N1)	340	4099
PA|PP755594.1|A/cattle/Texas/24-008749-003/2024(H5N1)	341	3783
PA|PP755594.1|A/cattle/Texas/24-008749-003/2024(H5N1)	342	3899
PA|PP755594.1|A/cattle/Texas/24-008749-003/2024(H5N1)	343	3833
PA|PP755594.1|A/cattle/Texas/24-008749-003/2024(H5N1)	344	3815
PA|PP755594.1|A/cattle/Texas/24-008749-003/2024(H5N1)	345	3817
PA|PP755594.1|A/cattle/Texas/24-008749-003/2024(H5N1)	346	3608
PA|PP755594.1|A/cattle/Texas/24-008749-003/2024(H5N1)	347	3670
PA|PP755594.1|A/cattle/Texas/24-008749-003/2024(H5N1)	348	3678
PA|PP755594.1|A/cattle/Texas/24-008749-003/2024(H5N1)	349	3604
PA|PP755594.1|A/cattle/Texas/24-008749-003/2024(H5N1)	350	3586
PA|PP755594.1|A/cattle/Texas/24-008749-003/2024(H5N1)	351	3418
PA|PP755594.1|A/cattle/Texas/24-008749-003/2024(H5N1)	352	3408
PA|PP755594.1|A/cattle/Texas/24-008749-003/2024(H5N1)	353	3407
PA|PP755594.1|A/cattle/Texas/24-008749-003/2024(H5N1)	354	3393
PA|PP755594.1|A/cattle/Texas/24-008749-003/2024(H5N1)	355	3402
PA|PP755594.1|A/cattle/Texas/24-008749-003/2024(H5N1)	356	3353
PA|PP755594.1|A/cattle/Texas/24-008749-003/2024(H5N1)	357	3417
PA|PP755594.1|A/cattle/Texas/24-008749-003/2024(H5N1)	358	3419
PA|PP755594.1|A/cattle/Texas/24-008749-003/2024(H5N1)	359	3412
PA|PP755594.1|A/cattle/Texas/24-008749-003/2024(H5N1)	360	3358
PA|PP755594.1|A/cattle/Texas/24-008749-003/2024(H5N1)	361	3377
PA|PP755594.1|A/cattle/Texas/24-008749-003/2024(H5N1)	362	3448
PA|PP755594.1|A/cattle/Texas/24-008749-003/2024(H5N1)	363	3440
PA|PP755594.1|A/cattle/Texas/24-008749-003/2024(H5N1)	364	3454
PA|PP755594.1|A/cattle/Texas/24-008749-003/2024(H5N1)	365	3306
PA|PP755594.1|A/cattle/Texas/24-008749-003/2024(H5N1)	366	3122
PA|PP755594.1|A/cattle/Texas/24-008749-003/2024(H5N1)	367	3131
PA|PP755594.1|A/cattle/Texas/24-008749-003/2024(H5N1)	368	3190
PA|PP755594.1|A/cattle/Texas/24-008749-003/2024(H5N1)	369	3208
PA|PP755594.1|A/cattle/Texas/24-008749-003/2024(H5N1)	370	3094
PA|PP755594.1|A/cattle/Texas/24-008749-003/2024(H5N1)	371	2768
PA|PP755594.1|A/cattle/Texas/24-008749-003/2024(H5N1)	372	2761
PA|PP755594.1|A/cattle/Texas/24-008749-003/2024(H5N1)	373	2743
PA|PP755594.1|A/cattle/Texas/24-008749-003/2024(H5N1)	374	2871
PA|PP755594.1|A/cattle/Texas/24-008749-003/2024(H5N1)	375	2857
PA|PP755594.1|A/cattle/Texas/24-008749-003/2024(H5N1)	376	2778
PA|PP755594.1|A/cattle/Texas/24-008749-003/2024(H5N1)	377	2399
PA|PP755594.1|A/cattle/Texas/24-008749-003/2024(H5N1)	378	2406
PA|PP755594.1|A/cattle/Texas/24-008749-003/2024(H5N1)	379	2623
PA|PP755594.1|A/cattle/Texas/24-008749-003/2024(H5N1)	380	2625
PA|PP755594.1|A/cattle/Texas/24-008749-003/2024(H5N1)	381	2627
PA|PP755594.1|A/cattle/Texas/24-008749-003/2024(H5N1)	382	2926
PA|PP755594.1|A/cattle/Texas/24-008749-003/2024(H5N1)	383	2896
PA|PP755594.1|A/cattle/Texas/24-008749-003/2024(H5N1)	384	3039
PA|PP755594.1|A/cattle/Texas/24-008749-003/2024(H5N1)	385	3023
PA|PP755594.1|A/cattle/Texas/24-008749-003/2024(H5N1)	386	3019
PA|PP755594.1|A/cattle/Texas/24-008749-003/2024(H5N1)	387	3040
PA|PP755594.1|A/cattle/Texas/24-008749-003/2024(H5N1)	388	3027
PA|PP755594.1|A/cattle/Texas/24-008749-003/2024(H5N1)	389	3012
PA|PP755594.1|A/cattle/Texas/24-008749-003/2024(H5N1)	390	3042
PA|PP755594.1|A/cattle/Texas/24-008749-003/2024(H5N1)	391	2817
PA|PP755594.1|A/cattle/Texas/24-008749-003/2024(H5N1)	392	2854
PA|PP755594.1|A/cattle/Texas/24-008749-003/2024(H5N1)	393	2733
PA|PP755594.1|A/cattle/Texas/24-008749-003/2024(H5N1)	394	2732
PA|PP755594.1|A/cattle/Texas/24-008749-003/2024(H5N1)	395	2728
PA|PP755594.1|A/cattle/Texas/24-008749-003/2024(H5N1)	396	2718
PA|PP755594.1|A/cattle/Texas/24-008749-003/2024(H5N1)	397	2731
PA|PP755594.1|A/cattle/Texas/24-008749-003/2024(H5N1)	398	2729
PA|PP755594.1|A/cattle/Texas/24-008749-003/2024(H5N1)	399	2711
PA|PP755594.1|A/cattle/Texas/24-008749-003/2024(H5N1)	400	2709
PA|PP755594.1|A/cattle/Texas/24-008749-003/2024(H5N1)	401	2686
PA|PP755594.1|A/cattle/Texas/24-008749-003/2024(H5N1)	402	2696
PA|PP755594.1|A/cattle/Texas/24-008749-003/2024(H5N1)	403	2723
PA|PP755594.1|A/cattle/Texas/24-008749-003/2024(H5N1)	404	2738
PA|PP755594.1|A/cattle/Texas/24-008749-003/2024(H5N1)	405	2744
PA|PP755594.1|A/cattle/Texas/24-008749-003/2024(H5N1)	406	2712
PA|PP755594.1|A/cattle/Texas/24-008749-003/2024(H5N1)	407	2718
PA|PP755594.1|A/cattle/Texas/24-008749-003/2024(H5N1)	408	2685
PA|PP755594.1|A/cattle/Texas/24-008749-003/2024(H5N1)	409	2743
PA|PP755594.1|A/cattle/Texas/24-008749-003/2024(H5N1)	410	2751
PA|PP755594.1|A/cattle/Texas/24-008749-003/2024(H5N1)	411	2900
PA|PP755594.1|A/cattle/Texas/24-008749-003/2024(H5N1)	412	2886
PA|PP755594.1|A/cattle/Texas/24-008749-003/2024(H5N1)	413	2887
PA|PP755594.1|A/cattle/Texas/24-008749-003/2024(H5N1)	414	2880
PA|PP755594.1|A/cattle/Texas/24-008749-003/2024(H5N1)	415	2897
PA|PP755594.1|A/cattle/Texas/24-008749-003/2024(H5N1)	416	2913
PA|PP755594.1|A/cattle/Texas/24-008749-003/2024(H5N1)	417	2915
PA|PP755594.1|A/cattle/Texas/24-008749-003/2024(H5N1)	418	2913
PA|PP755594.1|A/cattle/Texas/24-008749-003/2024(H5N1)	419	2890
PA|PP755594.1|A/cattle/Texas/24-008749-003/2024(H5N1)	420	2721
PA|PP755594.1|A/cattle/Texas/24-008749-003/2024(H5N1)	421	2788
PA|PP755594.1|A/cattle/Texas/24-008749-003/2024(H5N1)	422	2790
PA|PP755594.1|A/cattle/Texas/24-008749-003/2024(H5N1)	423	2802
PA|PP755594.1|A/cattle/Texas/24-008749-003/2024(H5N1)	424	2790
PA|PP755594.1|A/cattle/Texas/24-008749-003/2024(H5N1)	425	2798
PA|PP755594.1|A/cattle/Texas/24-008749-003/2024(H5N1)	426	2804
PA|PP755594.1|A/cattle/Texas/24-008749-003/2024(H5N1)	427	2806
PA|PP755594.1|A/cattle/Texas/24-008749-003/2024(H5N1)	428	2938
PA|PP755594.1|A/cattle/Texas/24-008749-003/2024(H5N1)	429	2926
PA|PP755594.1|A/cattle/Texas/24-008749-003/2024(H5N1)	430	2991
PA|PP755594.1|A/cattle/Texas/24-008749-003/2024(H5N1)	431	2942
PA|PP755594.1|A/cattle/Texas/24-008749-003/2024(H5N1)	432	3006
PA|PP755594.1|A/cattle/Texas/24-008749-003/2024(H5N1)	433	3056
PA|PP755594.1|A/cattle/Texas/24-008749-003/2024(H5N1)	434	3055
PA|PP755594.1|A/cattle/Texas/24-008749-003/2024(H5N1)	435	3053
PA|PP755594.1|A/cattle/Texas/24-008749-003/2024(H5N1)	436	3192
PA|PP755594.1|A/cattle/Texas/24-008749-003/2024(H5N1)	437	3042
PA|PP755594.1|A/cattle/Texas/24-008749-003/2024(H5N1)	438	3054
PA|PP755594.1|A/cattle/Texas/24-008749-003/2024(H5N1)	439	3011
PA|PP755594.1|A/cattle/Texas/24-008749-003/2024(H5N1)	440	3017
PA|PP755594.1|A/cattle/Texas/24-008749-003/2024(H5N1)	441	2984
PA|PP755594.1|A/cattle/Texas/24-008749-003/2024(H5N1)	442	3110
PA|PP755594.1|A/cattle/Texas/24-008749-003/2024(H5N1)	443	3091
PA|PP755594.1|A/cattle/Texas/24-008749-003/2024(H5N1)	444	3148
PA|PP755594.1|A/cattle/Texas/24-008749-003/2024(H5N1)	445	2984
PA|PP755594.1|A/cattle/Texas/24-008749-003/2024(H5N1)	446	2989
PA|PP755594.1|A/cattle/Texas/24-008749-003/2024(H5N1)	447	2979
PA|PP755594.1|A/cattle/Texas/24-008749-003/2024(H5N1)	448	2983
PA|PP755594.1|A/cattle/Texas/24-008749-003/2024(H5N1)	449	2999
PA|PP755594.1|A/cattle/Texas/24-008749-003/2024(H5N1)	450	3010
PA|PP755594.1|A/cattle/Texas/24-008749-003/2024(H5N1)	451	2869
PA|PP755594.1|A/cattle/Texas/24-008749-003/2024(H5N1)	452	2951
PA|PP755594.1|A/cattle/Texas/24-008749-003/2024(H5N1)	453	2907
PA|PP755594.1|A/cattle/Texas/24-008749-003/2024(H5N1)	454	3068
PA|PP755594.1|A/cattle/Texas/24-008749-003/2024(H5N1)	455	3079
PA|PP755594.1|A/cattle/Texas/24-008749-003/2024(H5N1)	456	3050
PA|PP755594.1|A/cattle/Texas/24-008749-003/2024(H5N1)	457	3079
PA|PP755594.1|A/cattle/Texas/24-008749-003/2024(H5N1)	458	3058
PA|PP755594.1|A/cattle/Texas/24-008749-003/2024(H5N1)	459	3172
PA|PP755594.1|A/cattle/Texas/24-008749-003/2024(H5N1)	460	3233
PA|PP755594.1|A/cattle/Texas/24-008749-003/2024(H5N1)	461	3158
PA|PP755594.1|A/cattle/Texas/24-008749-003/2024(H5N1)	462	3164
PA|PP755594.1|A/cattle/Texas/24-008749-003/2024(H5N1)	463	3111
PA|PP755594.1|A/cattle/Texas/24-008749-003/2024(H5N1)	464	3063
PA|PP755594.1|A/cattle/Texas/24-008749-003/2024(H5N1)	465	3085
PA|PP755594.1|A/cattle/Texas/24-008749-003/2024(H5N1)	466	3074
PA|PP755594.1|A/cattle/Texas/24-008749-003/2024(H5N1)	467	3055
PA|PP755594.1|A/cattle/Texas/24-008749-003/2024(H5N1)	468	3064
PA|PP755594.1|A/cattle/Texas/24-008749-003/2024(H5N1)	469	3003
PA|PP755594.1|A/cattle/Texas/24-008749-003/2024(H5N1)	470	3023
PA|PP755594.1|A/cattle/Texas/24-008749-003/2024(H5N1)	471	3023
PA|PP755594.1|A/cattle/Texas/24-008749-003/2024(H5N1)	472	3036
PA|PP755594.1|A/cattle/Texas/24-008749-003/2024(H5N1)	473	3049
PA|PP755594.1|A/cattle/Texas/24-008749-003/2024(H5N1)	474	3053
PA|PP755594.1|A/cattle/Texas/24-008749-003/2024(H5N1)	475	3078
PA|PP755594.1|A/cattle/Texas/24-008749-003/2024(H5N1)	476	3058
PA|PP755594.1|A/cattle/Texas/24-008749-003/2024(H5N1)	477	3208
PA|PP755594.1|A/cattle/Texas/24-008749-003/2024(H5N1)	478	3457
PA|PP755594.1|A/cattle/Texas/24-008749-003/2024(H5N1)	479	3444
PA|PP755594.1|A/cattle/Texas/24-008749-003/2024(H5N1)	480	3530
PA|PP755594.1|A/cattle/Texas/24-008749-003/2024(H5N1)	481	3518
PA|PP755594.1|A/cattle/Texas/24-008749-003/2024(H5N1)	482	3492
PA|PP755594.1|A/cattle/Texas/24-008749-003/2024(H5N1)	483	3444
PA|PP755594.1|A/cattle/Texas/24-008749-003/2024(H5N1)	484	3426
PA|PP755594.1|A/cattle/Texas/24-008749-003/2024(H5N1)	485	3534
PA|PP755594.1|A/cattle/Texas/24-008749-003/2024(H5N1)	486	3455
PA|PP755594.1|A/cattle/Texas/24-008749-003/2024(H5N1)	487	3269
PA|PP755594.1|A/cattle/Texas/24-008749-003/2024(H5N1)	488	3304
PA|PP755594.1|A/cattle/Texas/24-008749-003/2024(H5N1)	489	3217
PA|PP755594.1|A/cattle/Texas/24-008749-003/2024(H5N1)	490	3318
PA|PP755594.1|A/cattle/Texas/24-008749-003/2024(H5N1)	491	3306
PA|PP755594.1|A/cattle/Texas/24-008749-003/2024(H5N1)	492	3296
PA|PP755594.1|A/cattle/Texas/24-008749-003/2024(H5N1)	493	3697
PA|PP755594.1|A/cattle/Texas/24-008749-003/2024(H5N1)	494	3572
PA|PP755594.1|A/cattle/Texas/24-008749-003/2024(H5N1)	495	4014
PA|PP755594.1|A/cattle/Texas/24-008749-003/2024(H5N1)	496	4050
PA|PP755594.1|A/cattle/Texas/24-008749-003/2024(H5N1)	497	3950
PA|PP755594.1|A/cattle/Texas/24-008749-003/2024(H5N1)	498	5051
PA|PP755594.1|A/cattle/Texas/24-008749-003/2024(H5N1)	499	4981
PA|PP755594.1|A/cattle/Texas/24-008749-003/2024(H5N1)	500	5015
PA|PP755594.1|A/cattle/Texas/24-008749-003/2024(H5N1)	501	5029
PA|PP755594.1|A/cattle/Texas/24-008749-003/2024(H5N1)	502	4909
PA|PP755594.1|A/cattle/Texas/24-008749-003/2024(H5N1)	503	5559
PA|PP755594.1|A/cattle/Texas/24-008749-003/2024(H5N1)	504	5512
PA|PP755594.1|A/cattle/Texas/24-008749-003/2024(H5N1)	505	5712
PA|PP755594.1|A/cattle/Texas/24-008749-003/2024(H5N1)	506	5723
PA|PP755594.1|A/cattle/Texas/24-008749-003/2024(H5N1)	507	5578
PA|PP755594.1|A/cattle/Texas/24-008749-003/2024(H5N1)	508	5574
PA|PP755594.1|A/cattle/Texas/24-008749-003/2024(H5N1)	509	5682
PA|PP755594.1|A/cattle/Texas/24-008749-003/2024(H5N1)	510	5765
PA|PP755594.1|A/cattle/Texas/24-008749-003/2024(H5N1)	511	5982
PA|PP755594.1|A/cattle/Texas/24-008749-003/2024(H5N1)	512	5894
PA|PP755594.1|A/cattle/Texas/24-008749-003/2024(H5N1)	513	5892
PA|PP755594.1|A/cattle/Texas/24-008749-003/2024(H5N1)	514	5897
PA|PP755594.1|A/cattle/Texas/24-008749-003/2024(H5N1)	515	6353
PA|PP755594.1|A/cattle/Texas/24-008749-003/2024(H5N1)	516	6387
PA|PP755594.1|A/cattle/Texas/24-008749-003/2024(H5N1)	517	6404
PA|PP755594.1|A/cattle/Texas/24-008749-003/2024(H5N1)	518	6409
PA|PP755594.1|A/cattle/Texas/24-008749-003/2024(H5N1)	519	6394
PA|PP755594.1|A/cattle/Texas/24-008749-003/2024(H5N1)	520	6401
PA|PP755594.1|A/cattle/Texas/24-008749-003/2024(H5N1)	521	6431
PA|PP755594.1|A/cattle/Texas/24-008749-003/2024(H5N1)	522	6459
PA|PP755594.1|A/cattle/Texas/24-008749-003/2024(H5N1)	523	6509
PA|PP755594.1|A/cattle/Texas/24-008749-003/2024(H5N1)	524	6405
PA|PP755594.1|A/cattle/Texas/24-008749-003/2024(H5N1)	525	7093
PA|PP755594.1|A/cattle/Texas/24-008749-003/2024(H5N1)	526	7097
PA|PP755594.1|A/cattle/Texas/24-008749-003/2024(H5N1)	527	7095
PA|PP755594.1|A/cattle/Texas/24-008749-003/2024(H5N1)	528	7104
PA|PP755594.1|A/cattle/Texas/24-008749-003/2024(H5N1)	529	7077
PA|PP755594.1|A/cattle/Texas/24-008749-003/2024(H5N1)	530	7932
PA|PP755594.1|A/cattle/Texas/24-008749-003/2024(H5N1)	531	7917
PA|PP755594.1|A/cattle/Texas/24-008749-003/2024(H5N1)	532	7897
PA|PP755594.1|A/cattle/Texas/24-008749-003/2024(H5N1)	533	7881
PA|PP755594.1|A/cattle/Texas/24-008749-003/2024(H5N1)	534	7462
PA|PP755594.1|A/cattle/Texas/24-008749-003/2024(H5N1)	535	7462
PA|PP755594.1|A/cattle/Texas/24-008749-003/2024(H5N1)	536	7651
PA|PP755594.1|A/cattle/Texas/24-008749-003/2024(H5N1)	537	7644
PA|PP755594.1|A/cattle/Texas/24-008749-003/2024(H5N1)	538	7648
PA|PP755594.1|A/cattle/Texas/24-008749-003/2024(H5N1)	539	7047
PA|PP755594.1|A/cattle/Texas/24-008749-003/2024(H5N1)	540	7057
PA|PP755594.1|A/cattle/Texas/24-008749-003/2024(H5N1)	541	7164
PA|PP755594.1|A/cattle/Texas/24-008749-003/2024(H5N1)	542	7184
PA|PP755594.1|A/cattle/Texas/24-008749-003/2024(H5N1)	543	7189
PA|PP755594.1|A/cattle/Texas/24-008749-003/2024(H5N1)	544	7180
PA|PP755594.1|A/cattle/Texas/24-008749-003/2024(H5N1)	545	7048
PA|PP755594.1|A/cattle/Texas/24-008749-003/2024(H5N1)	546	7407
PA|PP755594.1|A/cattle/Texas/24-008749-003/2024(H5N1)	547	7405
PA|PP755594.1|A/cattle/Texas/24-008749-003/2024(H5N1)	548	7477
PA|PP755594.1|A/cattle/Texas/24-008749-003/2024(H5N1)	549	7627
PA|PP755594.1|A/cattle/Texas/24-008749-003/2024(H5N1)	550	7474
PA|PP755594.1|A/cattle/Texas/24-008749-003/2024(H5N1)	551	8133
PA|PP755594.1|A/cattle/Texas/24-008749-003/2024(H5N1)	552	8155
PA|PP755594.1|A/cattle/Texas/24-008749-003/2024(H5N1)	553	8156
PA|PP755594.1|A/cattle/Texas/24-008749-003/2024(H5N1)	554	8159
PA|PP755594.1|A/cattle/Texas/24-008749-003/2024(H5N1)	555	7633
PA|PP755594.1|A/cattle/Texas/24-008749-003/2024(H5N1)	556	8113
PA|PP755594.1|A/cattle/Texas/24-008749-003/2024(H5N1)	557	8470
PA|PP755594.1|A/cattle/Texas/24-008749-003/2024(H5N1)	558	8206
PA|PP755594.1|A/cattle/Texas/24-008749-003/2024(H5N1)	559	8310
PA|PP755594.1|A/cattle/Texas/24-008749-003/2024(H5N1)	560	6964
PA|PP755594.1|A/cattle/Texas/24-008749-003/2024(H5N1)	561	7058
PA|PP755594.1|A/cattle/Texas/24-008749-003/2024(H5N1)	562	7088
PA|PP755594.1|A/cattle/Texas/24-008749-003/2024(H5N1)	563	7059
PA|PP755594.1|A/cattle/Texas/24-008749-003/2024(H5N1)	564	7148
PA|PP755594.1|A/cattle/Texas/24-008749-003/2024(H5N1)	565	6406
PA|PP755594.1|A/cattle/Texas/24-008749-003/2024(H5N1)	566	6018
PA|PP755594.1|A/cattle/Texas/24-008749-003/2024(H5N1)	567	6035
PA|PP755594.1|A/cattle/Texas/24-008749-003/2024(H5N1)	568	5954
PA|PP755594.1|A/cattle/Texas/24-008749-003/2024(H5N1)	569	6224
PA|PP755594.1|A/cattle/Texas/24-008749-003/2024(H5N1)	570	6186
PA|PP755594.1|A/cattle/Texas/24-008749-003/2024(H5N1)	571	6144
PA|PP755594.1|A/cattle/Texas/24-008749-003/2024(H5N1)	572	6091
PA|PP755594.1|A/cattle/Texas/24-008749-003/2024(H5N1)	573	5997
PA|PP755594.1|A/cattle/Texas/24-008749-003/2024(H5N1)	574	6036
PA|PP755594.1|A/cattle/Texas/24-008749-003/2024(H5N1)	575	6049
PA|PP755594.1|A/cattle/Texas/24-008749-003/2024(H5N1)	576	6063
PA|PP755594.1|A/cattle/Texas/24-008749-003/2024(H5N1)	577	6133
PA|PP755594.1|A/cattle/Texas/24-008749-003/2024(H5N1)	578	5915
PA|PP755594.1|A/cattle/Texas/24-008749-003/2024(H5N1)	579	6215
PA|PP755594.1|A/cattle/Texas/24-008749-003/2024(H5N1)	580	6288
PA|PP755594.1|A/cattle/Texas/24-008749-003/2024(H5N1)	581	6293
PA|PP755594.1|A/cattle/Texas/24-008749-003/2024(H5N1)	582	6312
PA|PP755594.1|A/cattle/Texas/24-008749-003/2024(H5N1)	583	6293
PA|PP755594.1|A/cattle/Texas/24-008749-003/2024(H5N1)	584	6294
PA|PP755594.1|A/cattle/Texas/24-008749-003/2024(H5N1)	585	6302
PA|PP755594.1|A/cattle/Texas/24-008749-003/2024(H5N1)	586	6287
PA|PP755594.1|A/cattle/Texas/24-008749-003/2024(H5N1)	587	6373
PA|PP755594.1|A/cattle/Texas/24-008749-003/2024(H5N1)	588	6125
PA|PP755594.1|A/cattle/Texas/24-008749-003/2024(H5N1)	589	6331
PA|PP755594.1|A/cattle/Texas/24-008749-003/2024(H5N1)	590	6351
PA|PP755594.1|A/cattle/Texas/24-008749-003/2024(H5N1)	591	6317
PA|PP755594.1|A/cattle/Texas/24-008749-003/2024(H5N1)	592	6316
PA|PP755594.1|A/cattle/Texas/24-008749-003/2024(H5N1)	593	6311
PA|PP755594.1|A/cattle/Texas/24-008749-003/2024(H5N1)	594	6363
PA|PP755594.1|A/cattle/Texas/24-008749-003/2024(H5N1)	595	6393
PA|PP755594.1|A/cattle/Texas/24-008749-003/2024(H5N1)	596	6345
PA|PP755594.1|A/cattle/Texas/24-008749-003/2024(H5N1)	597	6379
PA|PP755594.1|A/cattle/Texas/24-008749-003/2024(H5N1)	598	6118
PA|PP755594.1|A/cattle/Texas/24-008749-003/2024(H5N1)	599	6202
PA|PP755594.1|A/cattle/Texas/24-008749-003/2024(H5N1)	600	6181
PA|PP755594.1|A/cattle/Texas/24-008749-003/2024(H5N1)	601	6274
PA|PP755594.1|A/cattle/Texas/24-008749-003/2024(H5N1)	602	6278
PA|PP755594.1|A/cattle/Texas/24-008749-003/2024(H5N1)	603	6225
PA|PP755594.1|A/cattle/Texas/24-008749-003/2024(H5N1)	604	6304
PA|PP755594.1|A/cattle/Texas/24-008749-003/2024(H5N1)	605	6234
PA|PP755594.1|A/cattle/Texas/24-008749-003/2024(H5N1)	606	6199
PA|PP755594.1|A/cattle/Texas/24-008749-003/2024(H5N1)	607	6202
PA|PP755594.1|A/cattle/Texas/24-008749-003/2024(H5N1)	608	6050
PA|PP755594.1|A/cattle/Texas/24-008749-003/2024(H5N1)	609	6050
PA|PP755594.1|A/cattle/Texas/24-008749-003/2024(H5N1)	610	5931
PA|PP755594.1|A/cattle/Texas/24-008749-003/2024(H5N1)	611	6040
PA|PP755594.1|A/cattle/Texas/24-008749-003/2024(H5N1)	612	6050
PA|PP755594.1|A/cattle/Texas/24-008749-003/2024(H5N1)	613	5977
PA|PP755594.1|A/cattle/Texas/24-008749-003/2024(H5N1)	614	5977
PA|PP755594.1|A/cattle/Texas/24-008749-003/2024(H5N1)	615	5973
PA|PP755594.1|A/cattle/Texas/24-008749-003/2024(H5N1)	616	5975
PA|PP755594.1|A/cattle/Texas/24-008749-003/2024(H5N1)	617	5983
PA|PP755594.1|A/cattle/Texas/24-008749-003/2024(H5N1)	618	5987
PA|PP755594.1|A/cattle/Texas/24-008749-003/2024(H5N1)	619	5993
PA|PP755594.1|A/cattle/Texas/24-008749-003/2024(H5N1)	620	5915
PA|PP755594.1|A/cattle/Texas/24-008749-003/2024(H5N1)	621	6383
PA|PP755594.1|A/cattle/Texas/24-008749-003/2024(H5N1)	622	6367
PA|PP755594.1|A/cattle/Texas/24-008749-003/2024(H5N1)	623	6482
PA|PP755594.1|A/cattle/Texas/24-008749-003/2024(H5N1)	624	6480
PA|PP755594.1|A/cattle/Texas/24-008749-003/2024(H5N1)	625	6582
PA|PP755594.1|A/cattle/Texas/24-008749-003/2024(H5N1)	626	6620
PA|PP755594.1|A/cattle/Texas/24-008749-003/2024(H5N1)	627	6626
PA|PP755594.1|A/cattle/Texas/24-008749-003/2024(H5N1)	628	6887
PA|PP755594.1|A/cattle/Texas/24-008749-003/2024(H5N1)	629	6910
PA|PP755594.1|A/cattle/Texas/24-008749-003/2024(H5N1)	630	6382
PA|PP755594.1|A/cattle/Texas/24-008749-003/2024(H5N1)	631	6428
PA|PP755594.1|A/cattle/Texas/24-008749-003/2024(H5N1)	632	6431
PA|PP755594.1|A/cattle/Texas/24-008749-003/2024(H5N1)	633	6648
PA|PP755594.1|A/cattle/Texas/24-008749-003/2024(H5N1)	634	6571
PA|PP755594.1|A/cattle/Texas/24-008749-003/2024(H5N1)	635	6537
PA|PP755594.1|A/cattle/Texas/24-008749-003/2024(H5N1)	636	6535
PA|PP755594.1|A/cattle/Texas/24-008749-003/2024(H5N1)	637	6174
PA|PP755594.1|A/cattle/Texas/24-008749-003/2024(H5N1)	638	6484
PA|PP755594.1|A/cattle/Texas/24-008749-003/2024(H5N1)	639	6484
PA|PP755594.1|A/cattle/Texas/24-008749-003/2024(H5N1)	640	6448
PA|PP755594.1|A/cattle/Texas/24-008749-003/2024(H5N1)	641	6331
PA|PP755594.1|A/cattle/Texas/24-008749-003/2024(H5N1)	642	6107
PA|PP755594.1|A/cattle/Texas/24-008749-003/2024(H5N1)	643	6123
PA|PP755594.1|A/cattle/Texas/24-008749-003/2024(H5N1)	644	6115
PA|PP755594.1|A/cattle/Texas/24-008749-003/2024(H5N1)	645	6088
PA|PP755594.1|A/cattle/Texas/24-008749-003/2024(H5N1)	646	6338
PA|PP755594.1|A/cattle/Texas/24-008749-003/2024(H5N1)	647	6087
PA|PP755594.1|A/cattle/Texas/24-008749-003/2024(H5N1)	648	6289
PA|PP755594.1|A/cattle/Texas/24-008749-003/2024(H5N1)	649	6267
PA|PP755594.1|A/cattle/Texas/24-008749-003/2024(H5N1)	650	6295
PA|PP755594.1|A/cattle/Texas/24-008749-003/2024(H5N1)	651	6542
PA|PP755594.1|A/cattle/Texas/24-008749-003/2024(H5N1)	652	6522
PA|PP755594.1|A/cattle/Texas/24-008749-003/2024(H5N1)	653	6775
PA|PP755594.1|A/cattle/Texas/24-008749-003/2024(H5N1)	654	6746
PA|PP755594.1|A/cattle/Texas/24-008749-003/2024(H5N1)	655	6495
PA|PP755594.1|A/cattle/Texas/24-008749-003/2024(H5N1)	656	6495
PA|PP755594.1|A/cattle/Texas/24-008749-003/2024(H5N1)	657	6301
PA|PP755594.1|A/cattle/Texas/24-008749-003/2024(H5N1)	658	6534
PA|PP755594.1|A/cattle/Texas/24-008749-003/2024(H5N1)	659	6484
PA|PP755594.1|A/cattle/Texas/24-008749-003/2024(H5N1)	660	6270
PA|PP755594.1|A/cattle/Texas/24-008749-003/2024(H5N1)	661	6274
PA|PP755594.1|A/cattle/Texas/24-008749-003/2024(H5N1)	662	5946
PA|PP755594.1|A/cattle/Texas/24-008749-003/2024(H5N1)	663	5965
PA|PP755594.1|A/cattle/Texas/24-008749-003/2024(H5N1)	664	6106
PA|PP755594.1|A/cattle/Texas/24-008749-003/2024(H5N1)	665	6125
PA|PP755594.1|A/cattle/Texas/24-008749-003/2024(H5N1)	666	6565
PA|PP755594.1|A/cattle/Texas/24-008749-003/2024(H5N1)	667	6312
PA|PP755594.1|A/cattle/Texas/24-008749-003/2024(H5N1)	668	8370
PA|PP755594.1|A/cattle/Texas/24-008749-003/2024(H5N1)	669	8830
PA|PP755594.1|A/cattle/Texas/24-008749-003/2024(H5N1)	670	8816
PA|PP755594.1|A/cattle/Texas/24-008749-003/2024(H5N1)	671	8819
PA|PP755594.1|A/cattle/Texas/24-008749-003/2024(H5N1)	672	8783
PA|PP755594.1|A/cattle/Texas/24-008749-003/2024(H5N1)	673	8671
PA|PP755594.1|A/cattle/Texas/24-008749-003/2024(H5N1)	674	9157
PA|PP755594.1|A/cattle/Texas/24-008749-003/2024(H5N1)	675	9131
PA|PP755594.1|A/cattle/Texas/24-008749-003/2024(H5N1)	676	9469
PA|PP755594.1|A/cattle/Texas/24-008749-003/2024(H5N1)	677	9243
PA|PP755594.1|A/cattle/Texas/24-008749-003/2024(H5N1)	678	9211
PA|PP755594.1|A/cattle/Texas/24-008749-003/2024(H5N1)	679	9245
PA|PP755594.1|A/cattle/Texas/24-008749-003/2024(H5N1)	680	9253
PA|PP755594.1|A/cattle/Texas/24-008749-003/2024(H5N1)	681	9261
PA|PP755594.1|A/cattle/Texas/24-008749-003/2024(H5N1)	682	9269
PA|PP755594.1|A/cattle/Texas/24-008749-003/2024(H5N1)	683	9461
PA|PP755594.1|A/cattle/Texas/24-008749-003/2024(H5N1)	684	11066
PA|PP755594.1|A/cattle/Texas/24-008749-003/2024(H5N1)	685	11093
PA|PP755594.1|A/cattle/Texas/24-008749-003/2024(H5N1)	686	11111
PA|PP755594.1|A/cattle/Texas/24-008749-003/2024(H5N1)	687	11103
PA|PP755594.1|A/cattle/Texas/24-008749-003/2024(H5N1)	688	11091
PA|PP755594.1|A/cattle/Texas/24-008749-003/2024(H5N1)	689	11334
PA|PP755594.1|A/cattle/Texas/24-008749-003/2024(H5N1)	690	11376
PA|PP755594.1|A/cattle/Texas/24-008749-003/2024(H5N1)	691	12352
PA|PP755594.1|A/cattle/Texas/24-008749-003/2024(H5N1)	692	12384
PA|PP755594.1|A/cattle/Texas/24-008749-003/2024(H5N1)	693	12222
PA|PP755594.1|A/cattle/Texas/24-008749-003/2024(H5N1)	694	12503
PA|PP755594.1|A/cattle/Texas/24-008749-003/2024(H5N1)	695	13422
PA|PP755594.1|A/cattle/Texas/24-008749-003/2024(H5N1)	696	13456
PA|PP755594.1|A/cattle/Texas/24-008749-003/2024(H5N1)	697	13588
PA|PP755594.1|A/cattle/Texas/24-008749-003/2024(H5N1)	698	13550
PA|PP755594.1|A/cattle/Texas/24-008749-003/2024(H5N1)	699	13872
PA|PP755594.1|A/cattle/Texas/24-008749-003/2024(H5N1)	700	13653
PA|PP755594.1|A/cattle/Texas/24-008749-003/2024(H5N1)	701	13578
PA|PP755594.1|A/cattle/Texas/24-008749-003/2024(H5N1)	702	13455
PA|PP755594.1|A/cattle/Texas/24-008749-003/2024(H5N1)	703	13370
PA|PP755594.1|A/cattle/Texas/24-008749-003/2024(H5N1)	704	14249
PA|PP755594.1|A/cattle/Texas/24-008749-003/2024(H5N1)	705	14247
PA|PP755594.1|A/cattle/Texas/24-008749-003/2024(H5N1)	706	14167
PA|PP755594.1|A/cattle/Texas/24-008749-003/2024(H5N1)	707	14142
PA|PP755594.1|A/cattle/Texas/24-008749-003/2024(H5N1)	708	13918
PA|PP755594.1|A/cattle/Texas/24-008749-003/2024(H5N1)	709	13970
PA|PP755594.1|A/cattle/Texas/24-008749-003/2024(H5N1)	710	14005
PA|PP755594.1|A/cattle/Texas/24-008749-003/2024(H5N1)	711	14009
PA|PP755594.1|A/cattle/Texas/24-008749-003/2024(H5N1)	712	14150
PA|PP755594.1|A/cattle/Texas/24-008749-003/2024(H5N1)	713	13223
PA|PP755594.1|A/cattle/Texas/24-008749-003/2024(H5N1)	714	13288
PA|PP755594.1|A/cattle/Texas/24-008749-003/2024(H5N1)	715	13268
PA|PP755594.1|A/cattle/Texas/24-008749-003/2024(H5N1)	716	13266
PA|PP755594.1|A/cattle/Texas/24-008749-003/2024(H5N1)	717	13693
PA|PP755594.1|A/cattle/Texas/24-008749-003/2024(H5N1)	718	13593
PA|PP755594.1|A/cattle/Texas/24-008749-003/2024(H5N1)	719	14957
PA|PP755594.1|A/cattle/Texas/24-008749-003/2024(H5N1)	720	14952
PA|PP755594.1|A/cattle/Texas/24-008749-003/2024(H5N1)	721	14839
PA|PP755594.1|A/cattle/Texas/24-008749-003/2024(H5N1)	722	15626
PA|PP755594.1|A/cattle/Texas/24-008749-003/2024(H5N1)	723	15638
PA|PP755594.1|A/cattle/Texas/24-008749-003/2024(H5N1)	724	15847
PA|PP755594.1|A/cattle/Texas/24-008749-003/2024(H5N1)	725	15858
PA|PP755594.1|A/cattle/Texas/24-008749-003/2024(H5N1)	726	15423
PA|PP755594.1|A/cattle/Texas/24-008749-003/2024(H5N1)	727	15500
PA|PP755594.1|A/cattle/Texas/24-008749-003/2024(H5N1)	728	13813
PA|PP755594.1|A/cattle/Texas/24-008749-003/2024(H5N1)	729	14371
PA|PP755594.1|A/cattle/Texas/24-008749-003/2024(H5N1)	730	14345
PA|PP755594.1|A/cattle/Texas/24-008749-003/2024(H5N1)	731	13378
PA|PP755594.1|A/cattle/Texas/24-008749-003/2024(H5N1)	732	13204
PA|PP755594.1|A/cattle/Texas/24-008749-003/2024(H5N1)	733	12645
PA|PP755594.1|A/cattle/Texas/24-008749-003/2024(H5N1)	734	12759
PA|PP755594.1|A/cattle/Texas/24-008749-003/2024(H5N1)	735	12907
PA|PP755594.1|A/cattle/Texas/24-008749-003/2024(H5N1)	736	12659
PA|PP755594.1|A/cattle/Texas/24-008749-003/2024(H5N1)	737	12581
PA|PP755594.1|A/cattle/Texas/24-008749-003/2024(H5N1)	738	12195
PA|PP755594.1|A/cattle/Texas/24-008749-003/2024(H5N1)	739	12254
PA|PP755594.1|A/cattle/Texas/24-008749-003/2024(H5N1)	740	12355
PA|PP755594.1|A/cattle/Texas/24-008749-003/2024(H5N1)	741	12351
PA|PP755594.1|A/cattle/Texas/24-008749-003/2024(H5N1)	742	12358
PA|PP755594.1|A/cattle/Texas/24-008749-003/2024(H5N1)	743	12292
PA|PP755594.1|A/cattle/Texas/24-008749-003/2024(H5N1)	744	12272
PA|PP755594.1|A/cattle/Texas/24-008749-003/2024(H5N1)	745	12287
PA|PP755594.1|A/cattle/Texas/24-008749-003/2024(H5N1)	746	12948
PA|PP755594.1|A/cattle/Texas/24-008749-003/2024(H5N1)	747	13036
PA|PP755594.1|A/cattle/Texas/24-008749-003/2024(H5N1)	748	13027
PA|PP755594.1|A/cattle/Texas/24-008749-003/2024(H5N1)	749	13247
PA|PP755594.1|A/cattle/Texas/24-008749-003/2024(H5N1)	750	13207
PA|PP755594.1|A/cattle/Texas/24-008749-003/2024(H5N1)	751	13296
PA|PP755594.1|A/cattle/Texas/24-008749-003/2024(H5N1)	752	13303
PA|PP755594.1|A/cattle/Texas/24-008749-003/2024(H5N1)	753	13288
PA|PP755594.1|A/cattle/Texas/24-008749-003/2024(H5N1)	754	13564
PA|PP755594.1|A/cattle/Texas/24-008749-003/2024(H5N1)	755	13056
PA|PP755594.1|A/cattle/Texas/24-008749-003/2024(H5N1)	756	13092
PA|PP755594.1|A/cattle/Texas/24-008749-003/2024(H5N1)	757	13143
PA|PP755594.1|A/cattle/Texas/24-008749-003/2024(H5N1)	758	12968
PA|PP755594.1|A/cattle/Texas/24-008749-003/2024(H5N1)	759	12982
PA|PP755594.1|A/cattle/Texas/24-008749-003/2024(H5N1)	760	12919
PA|PP755594.1|A/cattle/Texas/24-008749-003/2024(H5N1)	761	12922
PA|PP755594.1|A/cattle/Texas/24-008749-003/2024(H5N1)	762	14161
PA|PP755594.1|A/cattle/Texas/24-008749-003/2024(H5N1)	763	13963
PA|PP755594.1|A/cattle/Texas/24-008749-003/2024(H5N1)	764	14126
PA|PP755594.1|A/cattle/Texas/24-008749-003/2024(H5N1)	765	14058
PA|PP755594.1|A/cattle/Texas/24-008749-003/2024(H5N1)	766	13993
PA|PP755594.1|A/cattle/Texas/24-008749-003/2024(H5N1)	767	14419
PA|PP755594.1|A/cattle/Texas/24-008749-003/2024(H5N1)	768	14439
PA|PP755594.1|A/cattle/Texas/24-008749-003/2024(H5N1)	769	14479
PA|PP755594.1|A/cattle/Texas/24-008749-003/2024(H5N1)	770	14478
PA|PP755594.1|A/cattle/Texas/24-008749-003/2024(H5N1)	771	13442
PA|PP755594.1|A/cattle/Texas/24-008749-003/2024(H5N1)	772	13456
PA|PP755594.1|A/cattle/Texas/24-008749-003/2024(H5N1)	773	13352
PA|PP755594.1|A/cattle/Texas/24-008749-003/2024(H5N1)	774	13360
PA|PP755594.1|A/cattle/Texas/24-008749-003/2024(H5N1)	775	13375
PA|PP755594.1|A/cattle/Texas/24-008749-003/2024(H5N1)	776	12987
PA|PP755594.1|A/cattle/Texas/24-008749-003/2024(H5N1)	777	12959
PA|PP755594.1|A/cattle/Texas/24-008749-003/2024(H5N1)	778	13467
PA|PP755594.1|A/cattle/Texas/24-008749-003/2024(H5N1)	779	13471
PA|PP755594.1|A/cattle/Texas/24-008749-003/2024(H5N1)	780	14035
PA|PP755594.1|A/cattle/Texas/24-008749-003/2024(H5N1)	781	14042
PA|PP755594.1|A/cattle/Texas/24-008749-003/2024(H5N1)	782	13966
PA|PP755594.1|A/cattle/Texas/24-008749-003/2024(H5N1)	783	14092
PA|PP755594.1|A/cattle/Texas/24-008749-003/2024(H5N1)	784	14076
PA|PP755594.1|A/cattle/Texas/24-008749-003/2024(H5N1)	785	15160
PA|PP755594.1|A/cattle/Texas/24-008749-003/2024(H5N1)	786	15288
PA|PP755594.1|A/cattle/Texas/24-008749-003/2024(H5N1)	787	14847
PA|PP755594.1|A/cattle/Texas/24-008749-003/2024(H5N1)	788	15102
PA|PP755594.1|A/cattle/Texas/24-008749-003/2024(H5N1)	789	14555
PA|PP755594.1|A/cattle/Texas/24-008749-003/2024(H5N1)	790	14842
PA|PP755594.1|A/cattle/Texas/24-008749-003/2024(H5N1)	791	15531
PA|PP755594.1|A/cattle/Texas/24-008749-003/2024(H5N1)	792	15475
PA|PP755594.1|A/cattle/Texas/24-008749-003/2024(H5N1)	793	15477
PA|PP755594.1|A/cattle/Texas/24-008749-003/2024(H5N1)	794	14534
PA|PP755594.1|A/cattle/Texas/24-008749-003/2024(H5N1)	795	14415
PA|PP755594.1|A/cattle/Texas/24-008749-003/2024(H5N1)	796	14508
PA|PP755594.1|A/cattle/Texas/24-008749-003/2024(H5N1)	797	14281
PA|PP755594.1|A/cattle/Texas/24-008749-003/2024(H5N1)	798	14344
PA|PP755594.1|A/cattle/Texas/24-008749-003/2024(H5N1)	799	14132
PA|PP755594.1|A/cattle/Texas/24-008749-003/2024(H5N1)	800	14459
PA|PP755594.1|A/cattle/Texas/24-008749-003/2024(H5N1)	801	14433
PA|PP755594.1|A/cattle/Texas/24-008749-003/2024(H5N1)	802	14489
PA|PP755594.1|A/cattle/Texas/24-008749-003/2024(H5N1)	803	14476
PA|PP755594.1|A/cattle/Texas/24-008749-003/2024(H5N1)	804	14982
PA|PP755594.1|A/cattle/Texas/24-008749-003/2024(H5N1)	805	14912
PA|PP755594.1|A/cattle/Texas/24-008749-003/2024(H5N1)	806	15194
PA|PP755594.1|A/cattle/Texas/24-008749-003/2024(H5N1)	807	15136
PA|PP755594.1|A/cattle/Texas/24-008749-003/2024(H5N1)	808	15041
PA|PP755594.1|A/cattle/Texas/24-008749-003/2024(H5N1)	809	14145
PA|PP755594.1|A/cattle/Texas/24-008749-003/2024(H5N1)	810	14231
PA|PP755594.1|A/cattle/Texas/24-008749-003/2024(H5N1)	811	14454
PA|PP755594.1|A/cattle/Texas/24-008749-003/2024(H5N1)	812	14440
PA|PP755594.1|A/cattle/Texas/24-008749-003/2024(H5N1)	813	13935
PA|PP755594.1|A/cattle/Texas/24-008749-003/2024(H5N1)	814	13968
PA|PP755594.1|A/cattle/Texas/24-008749-003/2024(H5N1)	815	13688
PA|PP755594.1|A/cattle/Texas/24-008749-003/2024(H5N1)	816	13667
PA|PP755594.1|A/cattle/Texas/24-008749-003/2024(H5N1)	817	13892
PA|PP755594.1|A/cattle/Texas/24-008749-003/2024(H5N1)	818	13969
PA|PP755594.1|A/cattle/Texas/24-008749-003/2024(H5N1)	819	14095
PA|PP755594.1|A/cattle/Texas/24-008749-003/2024(H5N1)	820	13896
PA|PP755594.1|A/cattle/Texas/24-008749-003/2024(H5N1)	821	13865
PA|PP755594.1|A/cattle/Texas/24-008749-003/2024(H5N1)	822	16209
PA|PP755594.1|A/cattle/Texas/24-008749-003/2024(H5N1)	823	16405
PA|PP755594.1|A/cattle/Texas/24-008749-003/2024(H5N1)	824	16476
PA|PP755594.1|A/cattle/Texas/24-008749-003/2024(H5N1)	825	16457
PA|PP755594.1|A/cattle/Texas/24-008749-003/2024(H5N1)	826	16322
PA|PP755594.1|A/cattle/Texas/24-008749-003/2024(H5N1)	827	17868
PA|PP755594.1|A/cattle/Texas/24-008749-003/2024(H5N1)	828	17586
PA|PP755594.1|A/cattle/Texas/24-008749-003/2024(H5N1)	829	17664
PA|PP755594.1|A/cattle/Texas/24-008749-003/2024(H5N1)	830	17661
PA|PP755594.1|A/cattle/Texas/24-008749-003/2024(H5N1)	831	15765
PA|PP755594.1|A/cattle/Texas/24-008749-003/2024(H5N1)	832	15768
PA|PP755594.1|A/cattle/Texas/24-008749-003/2024(H5N1)	833	15588
PA|PP755594.1|A/cattle/Texas/24-008749-003/2024(H5N1)	834	15618
PA|PP755594.1|A/cattle/Texas/24-008749-003/2024(H5N1)	835	15564
PA|PP755594.1|A/cattle/Texas/24-008749-003/2024(H5N1)	836	14251
PA|PP755594.1|A/cattle/Texas/24-008749-003/2024(H5N1)	837	14422
PA|PP755594.1|A/cattle/Texas/24-008749-003/2024(H5N1)	838	14376
PA|PP755594.1|A/cattle/Texas/24-008749-003/2024(H5N1)	839	14372
PA|PP755594.1|A/cattle/Texas/24-008749-003/2024(H5N1)	840	14373
PA|PP755594.1|A/cattle/Texas/24-008749-003/2024(H5N1)	841	14423
PA|PP755594.1|A/cattle/Texas/24-008749-003/2024(H5N1)	842	14426
PA|PP755594.1|A/cattle/Texas/24-008749-003/2024(H5N1)	843	14535
PA|PP755594.1|A/cattle/Texas/24-008749-003/2024(H5N1)	844	14513
PA|PP755594.1|A/cattle/Texas/24-008749-003/2024(H5N1)	845	14466
PA|PP755594.1|A/cattle/Texas/24-008749-003/2024(H5N1)	846	14268
PA|PP755594.1|A/cattle/Texas/24-008749-003/2024(H5N1)	847	14232
PA|PP755594.1|A/cattle/Texas/24-008749-003/2024(H5N1)	848	14243
PA|PP755594.1|A/cattle/Texas/24-008749-003/2024(H5N1)	849	14318
PA|PP755594.1|A/cattle/Texas/24-008749-003/2024(H5N1)	850	14268
PA|PP755594.1|A/cattle/Texas/24-008749-003/2024(H5N1)	851	14193
PA|PP755594.1|A/cattle/Texas/24-008749-003/2024(H5N1)	852	14181
PA|PP755594.1|A/cattle/Texas/24-008749-003/2024(H5N1)	853	14168
PA|PP755594.1|A/cattle/Texas/24-008749-003/2024(H5N1)	854	14218
PA|PP755594.1|A/cattle/Texas/24-008749-003/2024(H5N1)	855	14159
PA|PP755594.1|A/cattle/Texas/24-008749-003/2024(H5N1)	856	14185
PA|PP755594.1|A/cattle/Texas/24-008749-003/2024(H5N1)	857	14056
PA|PP755594.1|A/cattle/Texas/24-008749-003/2024(H5N1)	858	14004
PA|PP755594.1|A/cattle/Texas/24-008749-003/2024(H5N1)	859	14001
PA|PP755594.1|A/cattle/Texas/24-008749-003/2024(H5N1)	860	14777
PA|PP755594.1|A/cattle/Texas/24-008749-003/2024(H5N1)	861	14644
PA|PP755594.1|A/cattle/Texas/24-008749-003/2024(H5N1)	862	14653
PA|PP755594.1|A/cattle/Texas/24-008749-003/2024(H5N1)	863	14542
PA|PP755594.1|A/cattle/Texas/24-008749-003/2024(H5N1)	864	14547
PA|PP755594.1|A/cattle/Texas/24-008749-003/2024(H5N1)	865	14562
PA|PP755594.1|A/cattle/Texas/24-008749-003/2024(H5N1)	866	14538
PA|PP755594.1|A/cattle/Texas/24-008749-003/2024(H5N1)	867	14586
PA|PP755594.1|A/cattle/Texas/24-008749-003/2024(H5N1)	868	14551
PA|PP755594.1|A/cattle/Texas/24-008749-003/2024(H5N1)	869	11733
PA|PP755594.1|A/cattle/Texas/24-008749-003/2024(H5N1)	870	11703
PA|PP755594.1|A/cattle/Texas/24-008749-003/2024(H5N1)	871	11455
PA|PP755594.1|A/cattle/Texas/24-008749-003/2024(H5N1)	872	11473
PA|PP755594.1|A/cattle/Texas/24-008749-003/2024(H5N1)	873	11427
PA|PP755594.1|A/cattle/Texas/24-008749-003/2024(H5N1)	874	11231
PA|PP755594.1|A/cattle/Texas/24-008749-003/2024(H5N1)	875	11307
PA|PP755594.1|A/cattle/Texas/24-008749-003/2024(H5N1)	876	11007
PA|PP755594.1|A/cattle/Texas/24-008749-003/2024(H5N1)	877	11008
PA|PP755594.1|A/cattle/Texas/24-008749-003/2024(H5N1)	878	11003
PA|PP755594.1|A/cattle/Texas/24-008749-003/2024(H5N1)	879	10929
PA|PP755594.1|A/cattle/Texas/24-008749-003/2024(H5N1)	880	10930
PA|PP755594.1|A/cattle/Texas/24-008749-003/2024(H5N1)	881	10787
PA|PP755594.1|A/cattle/Texas/24-008749-003/2024(H5N1)	882	10870
PA|PP755594.1|A/cattle/Texas/24-008749-003/2024(H5N1)	883	10792
PA|PP755594.1|A/cattle/Texas/24-008749-003/2024(H5N1)	884	10114
PA|PP755594.1|A/cattle/Texas/24-008749-003/2024(H5N1)	885	9990
PA|PP755594.1|A/cattle/Texas/24-008749-003/2024(H5N1)	886	9981
PA|PP755594.1|A/cattle/Texas/24-008749-003/2024(H5N1)	887	10035
PA|PP755594.1|A/cattle/Texas/24-008749-003/2024(H5N1)	888	10388
PA|PP755594.1|A/cattle/Texas/24-008749-003/2024(H5N1)	889	10296
PA|PP755594.1|A/cattle/Texas/24-008749-003/2024(H5N1)	890	10126
PA|PP755594.1|A/cattle/Texas/24-008749-003/2024(H5N1)	891	7662
PA|PP755594.1|A/cattle/Texas/24-008749-003/2024(H5N1)	892	7649
PA|PP755594.1|A/cattle/Texas/24-008749-003/2024(H5N1)	893	7245
PA|PP755594.1|A/cattle/Texas/24-008749-003/2024(H5N1)	894	7223
PA|PP755594.1|A/cattle/Texas/24-008749-003/2024(H5N1)	895	5631
PA|PP755594.1|A/cattle/Texas/24-008749-003/2024(H5N1)	896	4624
PA|PP755594.1|A/cattle/Texas/24-008749-003/2024(H5N1)	897	4517
PA|PP755594.1|A/cattle/Texas/24-008749-003/2024(H5N1)	898	4206
PA|PP755594.1|A/cattle/Texas/24-008749-003/2024(H5N1)	899	3199
PA|PP755594.1|A/cattle/Texas/24-008749-003/2024(H5N1)	900	3326
PA|PP755594.1|A/cattle/Texas/24-008749-003/2024(H5N1)	901	3035
PA|PP755594.1|A/cattle/Texas/24-008749-003/2024(H5N1)	902	3154
PA|PP755594.1|A/cattle/Texas/24-008749-003/2024(H5N1)	903	2962
PA|PP755594.1|A/cattle/Texas/24-008749-003/2024(H5N1)	904	2911
PA|PP755594.1|A/cattle/Texas/24-008749-003/2024(H5N1)	905	2912
PA|PP755594.1|A/cattle/Texas/24-008749-003/2024(H5N1)	906	2904
PA|PP755594.1|A/cattle/Texas/24-008749-003/2024(H5N1)	907	3027
PA|PP755594.1|A/cattle/Texas/24-008749-003/2024(H5N1)	908	2857
PA|PP755594.1|A/cattle/Texas/24-008749-003/2024(H5N1)	909	2562
PA|PP755594.1|A/cattle/Texas/24-008749-003/2024(H5N1)	910	2526
PA|PP755594.1|A/cattle/Texas/24-008749-003/2024(H5N1)	911	2387
PA|PP755594.1|A/cattle/Texas/24-008749-003/2024(H5N1)	912	2579
PA|PP755594.1|A/cattle/Texas/24-008749-003/2024(H5N1)	913	2579
PA|PP755594.1|A/cattle/Texas/24-008749-003/2024(H5N1)	914	2581
PA|PP755594.1|A/cattle/Texas/24-008749-003/2024(H5N1)	915	2587
PA|PP755594.1|A/cattle/Texas/24-008749-003/2024(H5N1)	916	2354
PA|PP755594.1|A/cattle/Texas/24-008749-003/2024(H5N1)	917	2379
PA|PP755594.1|A/cattle/Texas/24-008749-003/2024(H5N1)	918	2330
PA|PP755594.1|A/cattle/Texas/24-008749-003/2024(H5N1)	919	2332
PA|PP755594.1|A/cattle/Texas/24-008749-003/2024(H5N1)	920	2342
PA|PP755594.1|A/cattle/Texas/24-008749-003/2024(H5N1)	921	2169
PA|PP755594.1|A/cattle/Texas/24-008749-003/2024(H5N1)	922	2199
PA|PP755594.1|A/cattle/Texas/24-008749-003/2024(H5N1)	923	2191
PA|PP755594.1|A/cattle/Texas/24-008749-003/2024(H5N1)	924	2199
PA|PP755594.1|A/cattle/Texas/24-008749-003/2024(H5N1)	925	2199
PA|PP755594.1|A/cattle/Texas/24-008749-003/2024(H5N1)	926	2156
PA|PP755594.1|A/cattle/Texas/24-008749-003/2024(H5N1)	927	2160
PA|PP755594.1|A/cattle/Texas/24-008749-003/2024(H5N1)	928	2170
PA|PP755594.1|A/cattle/Texas/24-008749-003/2024(H5N1)	929	2170
PA|PP755594.1|A/cattle/Texas/24-008749-003/2024(H5N1)	930	2177
PA|PP755594.1|A/cattle/Texas/24-008749-003/2024(H5N1)	931	2161
PA|PP755594.1|A/cattle/Texas/24-008749-003/2024(H5N1)	932	2163
PA|PP755594.1|A/cattle/Texas/24-008749-003/2024(H5N1)	933	2153
PA|PP755594.1|A/cattle/Texas/24-008749-003/2024(H5N1)	934	2161
PA|PP755594.1|A/cattle/Texas/24-008749-003/2024(H5N1)	935	2161
PA|PP755594.1|A/cattle/Texas/24-008749-003/2024(H5N1)	936	2167
PA|PP755594.1|A/cattle/Texas/24-008749-003/2024(H5N1)	937	2161
PA|PP755594.1|A/cattle/Texas/24-008749-003/2024(H5N1)	938	2163
PA|PP755594.1|A/cattle/Texas/24-008749-003/2024(H5N1)	939	2147
PA|PP755594.1|A/cattle/Texas/24-008749-003/2024(H5N1)	940	2144
PA|PP755594.1|A/cattle/Texas/24-008749-003/2024(H5N1)	941	2169
PA|PP755594.1|A/cattle/Texas/24-008749-003/2024(H5N1)	942	2170
PA|PP755594.1|A/cattle/Texas/24-008749-003/2024(H5N1)	943	2166
PA|PP755594.1|A/cattle/Texas/24-008749-003/2024(H5N1)	944	2163
PA|PP755594.1|A/cattle/Texas/24-008749-003/2024(H5N1)	945	2156
PA|PP755594.1|A/cattle/Texas/24-008749-003/2024(H5N1)	946	2157
PA|PP755594.1|A/cattle/Texas/24-008749-003/2024(H5N1)	947	2199
PA|PP755594.1|A/cattle/Texas/24-008749-003/2024(H5N1)	948	2197
PA|PP755594.1|A/cattle/Texas/24-008749-003/2024(H5N1)	949	2162
PA|PP755594.1|A/cattle/Texas/24-008749-003/2024(H5N1)	950	2203
PA|PP755594.1|A/cattle/Texas/24-008749-003/2024(H5N1)	951	2212
PA|PP755594.1|A/cattle/Texas/24-008749-003/2024(H5N1)	952	2227
PA|PP755594.1|A/cattle/Texas/24-008749-003/2024(H5N1)	953	2227
PA|PP755594.1|A/cattle/Texas/24-008749-003/2024(H5N1)	954	2229
PA|PP755594.1|A/cattle/Texas/24-008749-003/2024(H5N1)	955	2275
PA|PP755594.1|A/cattle/Texas/24-008749-003/2024(H5N1)	956	2231
PA|PP755594.1|A/cattle/Texas/24-008749-003/2024(H5N1)	957	2361
PA|PP755594.1|A/cattle/Texas/24-008749-003/2024(H5N1)	958	2361
PA|PP755594.1|A/cattle/Texas/24-008749-003/2024(H5N1)	959	2311
PA|PP755594.1|A/cattle/Texas/24-008749-003/2024(H5N1)	960	2313
PA|PP755594.1|A/cattle/Texas/24-008749-003/2024(H5N1)	961	2291
PA|PP755594.1|A/cattle/Texas/24-008749-003/2024(H5N1)	962	2335
PA|PP755594.1|A/cattle/Texas/24-008749-003/2024(H5N1)	963	2338
PA|PP755594.1|A/cattle/Texas/24-008749-003/2024(H5N1)	964	2256
PA|PP755594.1|A/cattle/Texas/24-008749-003/2024(H5N1)	965	2437
PA|PP755594.1|A/cattle/Texas/24-008749-003/2024(H5N1)	966	2249
PA|PP755594.1|A/cattle/Texas/24-008749-003/2024(H5N1)	967	2253
PA|PP755594.1|A/cattle/Texas/24-008749-003/2024(H5N1)	968	2250
PA|PP755594.1|A/cattle/Texas/24-008749-003/2024(H5N1)	969	2230
PA|PP755594.1|A/cattle/Texas/24-008749-003/2024(H5N1)	970	2229
PA|PP755594.1|A/cattle/Texas/24-008749-003/2024(H5N1)	971	2173
PA|PP755594.1|A/cattle/Texas/24-008749-003/2024(H5N1)	972	2190
PA|PP755594.1|A/cattle/Texas/24-008749-003/2024(H5N1)	973	2168
PA|PP755594.1|A/cattle/Texas/24-008749-003/2024(H5N1)	974	1930
PA|PP755594.1|A/cattle/Texas/24-008749-003/2024(H5N1)	975	1930
PA|PP755594.1|A/cattle/Texas/24-008749-003/2024(H5N1)	976	1953
PA|PP755594.1|A/cattle/Texas/24-008749-003/2024(H5N1)	977	1953
PA|PP755594.1|A/cattle/Texas/24-008749-003/2024(H5N1)	978	1953
PA|PP755594.1|A/cattle/Texas/24-008749-003/2024(H5N1)	979	1955
PA|PP755594.1|A/cattle/Texas/24-008749-003/2024(H5N1)	980	1953
PA|PP755594.1|A/cattle/Texas/24-008749-003/2024(H5N1)	981	1877
PA|PP755594.1|A/cattle/Texas/24-008749-003/2024(H5N1)	982	1949
PA|PP755594.1|A/cattle/Texas/24-008749-003/2024(H5N1)	983	1957
PA|PP755594.1|A/cattle/Texas/24-008749-003/2024(H5N1)	984	2071
PA|PP755594.1|A/cattle/Texas/24-008749-003/2024(H5N1)	985	3297
PA|PP755594.1|A/cattle/Texas/24-008749-003/2024(H5N1)	986	4069
PA|PP755594.1|A/cattle/Texas/24-008749-003/2024(H5N1)	987	4166
PA|PP755594.1|A/cattle/Texas/24-008749-003/2024(H5N1)	988	4166
PA|PP755594.1|A/cattle/Texas/24-008749-003/2024(H5N1)	989	4172
PA|PP755594.1|A/cattle/Texas/24-008749-003/2024(H5N1)	990	4198
PA|PP755594.1|A/cattle/Texas/24-008749-003/2024(H5N1)	991	4242
PA|PP755594.1|A/cattle/Texas/24-008749-003/2024(H5N1)	992	4788
PA|PP755594.1|A/cattle/Texas/24-008749-003/2024(H5N1)	993	6327
PA|PP755594.1|A/cattle/Texas/24-008749-003/2024(H5N1)	994	6306
PA|PP755594.1|A/cattle/Texas/24-008749-003/2024(H5N1)	995	6507
PA|PP755594.1|A/cattle/Texas/24-008749-003/2024(H5N1)	996	6513
PA|PP755594.1|A/cattle/Texas/24-008749-003/2024(H5N1)	997	6942
PA|PP755594.1|A/cattle/Texas/24-008749-003/2024(H5N1)	998	6984
PA|PP755594.1|A/cattle/Texas/24-008749-003/2024(H5N1)	999	7002
PA|PP755594.1|A/cattle/Texas/24-008749-003/2024(H5N1)	1000	6995
PA|PP755594.1|A/cattle/Texas/24-008749-003/2024(H5N1)	1001	6964
PA|PP755594.1|A/cattle/Texas/24-008749-003/2024(H5N1)	1002	7118
PA|PP755594.1|A/cattle/Texas/24-008749-003/2024(H5N1)	1003	7179
PA|PP755594.1|A/cattle/Texas/24-008749-003/2024(H5N1)	1004	7146
PA|PP755594.1|A/cattle/Texas/24-008749-003/2024(H5N1)	1005	7131
PA|PP755594.1|A/cattle/Texas/24-008749-003/2024(H5N1)	1006	7065
PA|PP755594.1|A/cattle/Texas/24-008749-003/2024(H5N1)	1007	7111
PA|PP755594.1|A/cattle/Texas/24-008749-003/2024(H5N1)	1008	7474
PA|PP755594.1|A/cattle/Texas/24-008749-003/2024(H5N1)	1009	7752
PA|PP755594.1|A/cattle/Texas/24-008749-003/2024(H5N1)	1010	7969
PA|PP755594.1|A/cattle/Texas/24-008749-003/2024(H5N1)	1011	7916
PA|PP755594.1|A/cattle/Texas/24-008749-003/2024(H5N1)	1012	7876
PA|PP755594.1|A/cattle/Texas/24-008749-003/2024(H5N1)	1013	7984
PA|PP755594.1|A/cattle/Texas/24-008749-003/2024(H5N1)	1014	8006
PA|PP755594.1|A/cattle/Texas/24-008749-003/2024(H5N1)	1015	8109
PA|PP755594.1|A/cattle/Texas/24-008749-003/2024(H5N1)	1016	8231
PA|PP755594.1|A/cattle/Texas/24-008749-003/2024(H5N1)	1017	8208
PA|PP755594.1|A/cattle/Texas/24-008749-003/2024(H5N1)	1018	8154
PA|PP755594.1|A/cattle/Texas/24-008749-003/2024(H5N1)	1019	8075
PA|PP755594.1|A/cattle/Texas/24-008749-003/2024(H5N1)	1020	8461
PA|PP755594.1|A/cattle/Texas/24-008749-003/2024(H5N1)	1021	8522
PA|PP755594.1|A/cattle/Texas/24-008749-003/2024(H5N1)	1022	8491
PA|PP755594.1|A/cattle/Texas/24-008749-003/2024(H5N1)	1023	8522
PA|PP755594.1|A/cattle/Texas/24-008749-003/2024(H5N1)	1024	8644
PA|PP755594.1|A/cattle/Texas/24-008749-003/2024(H5N1)	1025	8716
PA|PP755594.1|A/cattle/Texas/24-008749-003/2024(H5N1)	1026	9000
PA|PP755594.1|A/cattle/Texas/24-008749-003/2024(H5N1)	1027	9002
PA|PP755594.1|A/cattle/Texas/24-008749-003/2024(H5N1)	1028	9017
PA|PP755594.1|A/cattle/Texas/24-008749-003/2024(H5N1)	1029	8773
PA|PP755594.1|A/cattle/Texas/24-008749-003/2024(H5N1)	1030	8956
PA|PP755594.1|A/cattle/Texas/24-008749-003/2024(H5N1)	1031	9073
PA|PP755594.1|A/cattle/Texas/24-008749-003/2024(H5N1)	1032	9156
PA|PP755594.1|A/cattle/Texas/24-008749-003/2024(H5N1)	1033	10411
PA|PP755594.1|A/cattle/Texas/24-008749-003/2024(H5N1)	1034	10325
PA|PP755594.1|A/cattle/Texas/24-008749-003/2024(H5N1)	1035	10207
PA|PP755594.1|A/cattle/Texas/24-008749-003/2024(H5N1)	1036	10211
PA|PP755594.1|A/cattle/Texas/24-008749-003/2024(H5N1)	1037	10196
PA|PP755594.1|A/cattle/Texas/24-008749-003/2024(H5N1)	1038	10211
PA|PP755594.1|A/cattle/Texas/24-008749-003/2024(H5N1)	1039	10228
PA|PP755594.1|A/cattle/Texas/24-008749-003/2024(H5N1)	1040	10167
PA|PP755594.1|A/cattle/Texas/24-008749-003/2024(H5N1)	1041	10426
PA|PP755594.1|A/cattle/Texas/24-008749-003/2024(H5N1)	1042	9415
PA|PP755594.1|A/cattle/Texas/24-008749-003/2024(H5N1)	1043	9554
PA|PP755594.1|A/cattle/Texas/24-008749-003/2024(H5N1)	1044	9534
PA|PP755594.1|A/cattle/Texas/24-008749-003/2024(H5N1)	1045	9560
PA|PP755594.1|A/cattle/Texas/24-008749-003/2024(H5N1)	1046	9575
PA|PP755594.1|A/cattle/Texas/24-008749-003/2024(H5N1)	1047	9585
PA|PP755594.1|A/cattle/Texas/24-008749-003/2024(H5N1)	1048	9608
PA|PP755594.1|A/cattle/Texas/24-008749-003/2024(H5N1)	1049	9583
PA|PP755594.1|A/cattle/Texas/24-008749-003/2024(H5N1)	1050	9240
PA|PP755594.1|A/cattle/Texas/24-008749-003/2024(H5N1)	1051	9302
PA|PP755594.1|A/cattle/Texas/24-008749-003/2024(H5N1)	1052	9122
PA|PP755594.1|A/cattle/Texas/24-008749-003/2024(H5N1)	1053	9242
PA|PP755594.1|A/cattle/Texas/24-008749-003/2024(H5N1)	1054	9252
PA|PP755594.1|A/cattle/Texas/24-008749-003/2024(H5N1)	1055	9107
PA|PP755594.1|A/cattle/Texas/24-008749-003/2024(H5N1)	1056	9182
PA|PP755594.1|A/cattle/Texas/24-008749-003/2024(H5N1)	1057	9238
PA|PP755594.1|A/cattle/Texas/24-008749-003/2024(H5N1)	1058	9235
PA|PP755594.1|A/cattle/Texas/24-008749-003/2024(H5N1)	1059	9211
PA|PP755594.1|A/cattle/Texas/24-008749-003/2024(H5N1)	1060	9195
PA|PP755594.1|A/cattle/Texas/24-008749-003/2024(H5N1)	1061	9233
PA|PP755594.1|A/cattle/Texas/24-008749-003/2024(H5N1)	1062	9181
PA|PP755594.1|A/cattle/Texas/24-008749-003/2024(H5N1)	1063	9190
PA|PP755594.1|A/cattle/Texas/24-008749-003/2024(H5N1)	1064	9157
PA|PP755594.1|A/cattle/Texas/24-008749-003/2024(H5N1)	1065	9089
PA|PP755594.1|A/cattle/Texas/24-008749-003/2024(H5N1)	1066	9127
PA|PP755594.1|A/cattle/Texas/24-008749-003/2024(H5N1)	1067	9194
PA|PP755594.1|A/cattle/Texas/24-008749-003/2024(H5N1)	1068	9238
PA|PP755594.1|A/cattle/Texas/24-008749-003/2024(H5N1)	1069	9355
PA|PP755594.1|A/cattle/Texas/24-008749-003/2024(H5N1)	1070	9460
PA|PP755594.1|A/cattle/Texas/24-008749-003/2024(H5N1)	1071	9414
PA|PP755594.1|A/cattle/Texas/24-008749-003/2024(H5N1)	1072	9444
PA|PP755594.1|A/cattle/Texas/24-008749-003/2024(H5N1)	1073	9444
PA|PP755594.1|A/cattle/Texas/24-008749-003/2024(H5N1)	1074	9664
PA|PP755594.1|A/cattle/Texas/24-008749-003/2024(H5N1)	1075	9706
PA|PP755594.1|A/cattle/Texas/24-008749-003/2024(H5N1)	1076	9683
PA|PP755594.1|A/cattle/Texas/24-008749-003/2024(H5N1)	1077	9776
PA|PP755594.1|A/cattle/Texas/24-008749-003/2024(H5N1)	1078	9715
PA|PP755594.1|A/cattle/Texas/24-008749-003/2024(H5N1)	1079	9657
PA|PP755594.1|A/cattle/Texas/24-008749-003/2024(H5N1)	1080	10322
PA|PP755594.1|A/cattle/Texas/24-008749-003/2024(H5N1)	1081	10324
PA|PP755594.1|A/cattle/Texas/24-008749-003/2024(H5N1)	1082	10322
PA|PP755594.1|A/cattle/Texas/24-008749-003/2024(H5N1)	1083	10357
PA|PP755594.1|A/cattle/Texas/24-008749-003/2024(H5N1)	1084	10199
PA|PP755594.1|A/cattle/Texas/24-008749-003/2024(H5N1)	1085	10525
PA|PP755594.1|A/cattle/Texas/24-008749-003/2024(H5N1)	1086	10423
PA|PP755594.1|A/cattle/Texas/24-008749-003/2024(H5N1)	1087	10352
PA|PP755594.1|A/cattle/Texas/24-008749-003/2024(H5N1)	1088	10355
PA|PP755594.1|A/cattle/Texas/24-008749-003/2024(H5N1)	1089	9825
PA|PP755594.1|A/cattle/Texas/24-008749-003/2024(H5N1)	1090	10024
PA|PP755594.1|A/cattle/Texas/24-008749-003/2024(H5N1)	1091	10087
PA|PP755594.1|A/cattle/Texas/24-008749-003/2024(H5N1)	1092	10092
PA|PP755594.1|A/cattle/Texas/24-008749-003/2024(H5N1)	1093	10921
PA|PP755594.1|A/cattle/Texas/24-008749-003/2024(H5N1)	1094	10574
PA|PP755594.1|A/cattle/Texas/24-008749-003/2024(H5N1)	1095	10706
PA|PP755594.1|A/cattle/Texas/24-008749-003/2024(H5N1)	1096	10711
PA|PP755594.1|A/cattle/Texas/24-008749-003/2024(H5N1)	1097	10690
PA|PP755594.1|A/cattle/Texas/24-008749-003/2024(H5N1)	1098	10894
PA|PP755594.1|A/cattle/Texas/24-008749-003/2024(H5N1)	1099	10733
PA|PP755594.1|A/cattle/Texas/24-008749-003/2024(H5N1)	1100	11210
PA|PP755594.1|A/cattle/Texas/24-008749-003/2024(H5N1)	1101	11266
PA|PP755594.1|A/cattle/Texas/24-008749-003/2024(H5N1)	1102	10410
PA|PP755594.1|A/cattle/Texas/24-008749-003/2024(H5N1)	1103	10532
PA|PP755594.1|A/cattle/Texas/24-008749-003/2024(H5N1)	1104	10519
PA|PP755594.1|A/cattle/Texas/24-008749-003/2024(H5N1)	1105	10529
PA|PP755594.1|A/cattle/Texas/24-008749-003/2024(H5N1)	1106	10783
PA|PP755594.1|A/cattle/Texas/24-008749-003/2024(H5N1)	1107	10580
PA|PP755594.1|A/cattle/Texas/24-008749-003/2024(H5N1)	1108	11104
PA|PP755594.1|A/cattle/Texas/24-008749-003/2024(H5N1)	1109	10706
PA|PP755594.1|A/cattle/Texas/24-008749-003/2024(H5N1)	1110	10662
PA|PP755594.1|A/cattle/Texas/24-008749-003/2024(H5N1)	1111	11986
PA|PP755594.1|A/cattle/Texas/24-008749-003/2024(H5N1)	1112	12024
PA|PP755594.1|A/cattle/Texas/24-008749-003/2024(H5N1)	1113	11886
PA|PP755594.1|A/cattle/Texas/24-008749-003/2024(H5N1)	1114	11901
PA|PP755594.1|A/cattle/Texas/24-008749-003/2024(H5N1)	1115	11711
PA|PP755594.1|A/cattle/Texas/24-008749-003/2024(H5N1)	1116	12767
PA|PP755594.1|A/cattle/Texas/24-008749-003/2024(H5N1)	1117	12379
PA|PP755594.1|A/cattle/Texas/24-008749-003/2024(H5N1)	1118	12406
PA|PP755594.1|A/cattle/Texas/24-008749-003/2024(H5N1)	1119	12418
PA|PP755594.1|A/cattle/Texas/24-008749-003/2024(H5N1)	1120	11414
PA|PP755594.1|A/cattle/Texas/24-008749-003/2024(H5N1)	1121	11364
PA|PP755594.1|A/cattle/Texas/24-008749-003/2024(H5N1)	1122	11330
PA|PP755594.1|A/cattle/Texas/24-008749-003/2024(H5N1)	1123	11443
PA|PP755594.1|A/cattle/Texas/24-008749-003/2024(H5N1)	1124	11459
PA|PP755594.1|A/cattle/Texas/24-008749-003/2024(H5N1)	1125	10579
PA|PP755594.1|A/cattle/Texas/24-008749-003/2024(H5N1)	1126	10613
PA|PP755594.1|A/cattle/Texas/24-008749-003/2024(H5N1)	1127	10601
PA|PP755594.1|A/cattle/Texas/24-008749-003/2024(H5N1)	1128	10582
PA|PP755594.1|A/cattle/Texas/24-008749-003/2024(H5N1)	1129	10610
PA|PP755594.1|A/cattle/Texas/24-008749-003/2024(H5N1)	1130	10595
PA|PP755594.1|A/cattle/Texas/24-008749-003/2024(H5N1)	1131	10602
PA|PP755594.1|A/cattle/Texas/24-008749-003/2024(H5N1)	1132	10576
PA|PP755594.1|A/cattle/Texas/24-008749-003/2024(H5N1)	1133	10562
PA|PP755594.1|A/cattle/Texas/24-008749-003/2024(H5N1)	1134	10602
PA|PP755594.1|A/cattle/Texas/24-008749-003/2024(H5N1)	1135	10619
PA|PP755594.1|A/cattle/Texas/24-008749-003/2024(H5N1)	1136	10522
PA|PP755594.1|A/cattle/Texas/24-008749-003/2024(H5N1)	1137	10488
PA|PP755594.1|A/cattle/Texas/24-008749-003/2024(H5N1)	1138	10521
PA|PP755594.1|A/cattle/Texas/24-008749-003/2024(H5N1)	1139	10961
PA|PP755594.1|A/cattle/Texas/24-008749-003/2024(H5N1)	1140	11064
PA|PP755594.1|A/cattle/Texas/24-008749-003/2024(H5N1)	1141	10955
PA|PP755594.1|A/cattle/Texas/24-008749-003/2024(H5N1)	1142	10951
PA|PP755594.1|A/cattle/Texas/24-008749-003/2024(H5N1)	1143	10883
PA|PP755594.1|A/cattle/Texas/24-008749-003/2024(H5N1)	1144	10807
PA|PP755594.1|A/cattle/Texas/24-008749-003/2024(H5N1)	1145	10795
PA|PP755594.1|A/cattle/Texas/24-008749-003/2024(H5N1)	1146	10882
PA|PP755594.1|A/cattle/Texas/24-008749-003/2024(H5N1)	1147	10880
PA|PP755594.1|A/cattle/Texas/24-008749-003/2024(H5N1)	1148	10473
PA|PP755594.1|A/cattle/Texas/24-008749-003/2024(H5N1)	1149	10871
PA|PP755594.1|A/cattle/Texas/24-008749-003/2024(H5N1)	1150	10806
PA|PP755594.1|A/cattle/Texas/24-008749-003/2024(H5N1)	1151	11301
PA|PP755594.1|A/cattle/Texas/24-008749-003/2024(H5N1)	1152	11281
PA|PP755594.1|A/cattle/Texas/24-008749-003/2024(H5N1)	1153	11259
PA|PP755594.1|A/cattle/Texas/24-008749-003/2024(H5N1)	1154	11258
PA|PP755594.1|A/cattle/Texas/24-008749-003/2024(H5N1)	1155	11193
PA|PP755594.1|A/cattle/Texas/24-008749-003/2024(H5N1)	1156	11316
PA|PP755594.1|A/cattle/Texas/24-008749-003/2024(H5N1)	1157	11326
PA|PP755594.1|A/cattle/Texas/24-008749-003/2024(H5N1)	1158	10888
PA|PP755594.1|A/cattle/Texas/24-008749-003/2024(H5N1)	1159	10877
PA|PP755594.1|A/cattle/Texas/24-008749-003/2024(H5N1)	1160	10251
PA|PP755594.1|A/cattle/Texas/24-008749-003/2024(H5N1)	1161	10285
PA|PP755594.1|A/cattle/Texas/24-008749-003/2024(H5N1)	1162	10293
PA|PP755594.1|A/cattle/Texas/24-008749-003/2024(H5N1)	1163	10322
PA|PP755594.1|A/cattle/Texas/24-008749-003/2024(H5N1)	1164	10340
PA|PP755594.1|A/cattle/Texas/24-008749-003/2024(H5N1)	1165	10153
PA|PP755594.1|A/cattle/Texas/24-008749-003/2024(H5N1)	1166	17288
PA|PP755594.1|A/cattle/Texas/24-008749-003/2024(H5N1)	1167	17287
PA|PP755594.1|A/cattle/Texas/24-008749-003/2024(H5N1)	1168	17363
PA|PP755594.1|A/cattle/Texas/24-008749-003/2024(H5N1)	1169	17413
PA|PP755594.1|A/cattle/Texas/24-008749-003/2024(H5N1)	1170	17438
PA|PP755594.1|A/cattle/Texas/24-008749-003/2024(H5N1)	1171	17680
PA|PP755594.1|A/cattle/Texas/24-008749-003/2024(H5N1)	1172	17713
PA|PP755594.1|A/cattle/Texas/24-008749-003/2024(H5N1)	1173	17732
PA|PP755594.1|A/cattle/Texas/24-008749-003/2024(H5N1)	1174	19072
PA|PP755594.1|A/cattle/Texas/24-008749-003/2024(H5N1)	1175	16440
PA|PP755594.1|A/cattle/Texas/24-008749-003/2024(H5N1)	1176	17477
PA|PP755594.1|A/cattle/Texas/24-008749-003/2024(H5N1)	1177	17476
PA|PP755594.1|A/cattle/Texas/24-008749-003/2024(H5N1)	1178	17479
PA|PP755594.1|A/cattle/Texas/24-008749-003/2024(H5N1)	1179	17672
PA|PP755594.1|A/cattle/Texas/24-008749-003/2024(H5N1)	1180	17621
PA|PP755594.1|A/cattle/Texas/24-008749-003/2024(H5N1)	1181	17746
PA|PP755594.1|A/cattle/Texas/24-008749-003/2024(H5N1)	1182	17745
PA|PP755594.1|A/cattle/Texas/24-008749-003/2024(H5N1)	1183	16932
PA|PP755594.1|A/cattle/Texas/24-008749-003/2024(H5N1)	1184	16990
PA|PP755594.1|A/cattle/Texas/24-008749-003/2024(H5N1)	1185	16453
PA|PP755594.1|A/cattle/Texas/24-008749-003/2024(H5N1)	1186	16494
PA|PP755594.1|A/cattle/Texas/24-008749-003/2024(H5N1)	1187	16517
PA|PP755594.1|A/cattle/Texas/24-008749-003/2024(H5N1)	1188	16447
PA|PP755594.1|A/cattle/Texas/24-008749-003/2024(H5N1)	1189	16548
PA|PP755594.1|A/cattle/Texas/24-008749-003/2024(H5N1)	1190	16597
PA|PP755594.1|A/cattle/Texas/24-008749-003/2024(H5N1)	1191	16607
PA|PP755594.1|A/cattle/Texas/24-008749-003/2024(H5N1)	1192	16896
PA|PP755594.1|A/cattle/Texas/24-008749-003/2024(H5N1)	1193	16806
PA|PP755594.1|A/cattle/Texas/24-008749-003/2024(H5N1)	1194	16687
PA|PP755594.1|A/cattle/Texas/24-008749-003/2024(H5N1)	1195	16907
PA|PP755594.1|A/cattle/Texas/24-008749-003/2024(H5N1)	1196	16953
PA|PP755594.1|A/cattle/Texas/24-008749-003/2024(H5N1)	1197	18130
PA|PP755594.1|A/cattle/Texas/24-008749-003/2024(H5N1)	1198	18031
PA|PP755594.1|A/cattle/Texas/24-008749-003/2024(H5N1)	1199	17954
PA|PP755594.1|A/cattle/Texas/24-008749-003/2024(H5N1)	1200	17927
PA|PP755594.1|A/cattle/Texas/24-008749-003/2024(H5N1)	1201	17502
PA|PP755594.1|A/cattle/Texas/24-008749-003/2024(H5N1)	1202	17659
PA|PP755594.1|A/cattle/Texas/24-008749-003/2024(H5N1)	1203	17701
PA|PP755594.1|A/cattle/Texas/24-008749-003/2024(H5N1)	1204	17418
PA|PP755594.1|A/cattle/Texas/24-008749-003/2024(H5N1)	1205	17298
PA|PP755594.1|A/cattle/Texas/24-008749-003/2024(H5N1)	1206	14911
PA|PP755594.1|A/cattle/Texas/24-008749-003/2024(H5N1)	1207	15149
PA|PP755594.1|A/cattle/Texas/24-008749-003/2024(H5N1)	1208	14995
PA|PP755594.1|A/cattle/Texas/24-008749-003/2024(H5N1)	1209	15008
PA|PP755594.1|A/cattle/Texas/24-008749-003/2024(H5N1)	1210	14999
PA|PP755594.1|A/cattle/Texas/24-008749-003/2024(H5N1)	1211	14722
PA|PP755594.1|A/cattle/Texas/24-008749-003/2024(H5N1)	1212	14558
PA|PP755594.1|A/cattle/Texas/24-008749-003/2024(H5N1)	1213	14457
PA|PP755594.1|A/cattle/Texas/24-008749-003/2024(H5N1)	1214	15079
PA|PP755594.1|A/cattle/Texas/24-008749-003/2024(H5N1)	1215	15112
PA|PP755594.1|A/cattle/Texas/24-008749-003/2024(H5N1)	1216	14365
PA|PP755594.1|A/cattle/Texas/24-008749-003/2024(H5N1)	1217	14521
PA|PP755594.1|A/cattle/Texas/24-008749-003/2024(H5N1)	1218	14551
PA|PP755594.1|A/cattle/Texas/24-008749-003/2024(H5N1)	1219	14603
PA|PP755594.1|A/cattle/Texas/24-008749-003/2024(H5N1)	1220	14601
PA|PP755594.1|A/cattle/Texas/24-008749-003/2024(H5N1)	1221	14481
PA|PP755594.1|A/cattle/Texas/24-008749-003/2024(H5N1)	1222	14476
PA|PP755594.1|A/cattle/Texas/24-008749-003/2024(H5N1)	1223	12168
PA|PP755594.1|A/cattle/Texas/24-008749-003/2024(H5N1)	1224	12358
PA|PP755594.1|A/cattle/Texas/24-008749-003/2024(H5N1)	1225	12111
PA|PP755594.1|A/cattle/Texas/24-008749-003/2024(H5N1)	1226	12059
PA|PP755594.1|A/cattle/Texas/24-008749-003/2024(H5N1)	1227	11488
PA|PP755594.1|A/cattle/Texas/24-008749-003/2024(H5N1)	1228	12188
PA|PP755594.1|A/cattle/Texas/24-008749-003/2024(H5N1)	1229	12190
PA|PP755594.1|A/cattle/Texas/24-008749-003/2024(H5N1)	1230	12336
PA|PP755594.1|A/cattle/Texas/24-008749-003/2024(H5N1)	1231	12341
PA|PP755594.1|A/cattle/Texas/24-008749-003/2024(H5N1)	1232	12336
PA|PP755594.1|A/cattle/Texas/24-008749-003/2024(H5N1)	1233	12819
PA|PP755594.1|A/cattle/Texas/24-008749-003/2024(H5N1)	1234	12729
PA|PP755594.1|A/cattle/Texas/24-008749-003/2024(H5N1)	1235	12741
PA|PP755594.1|A/cattle/Texas/24-008749-003/2024(H5N1)	1236	12744
PA|PP755594.1|A/cattle/Texas/24-008749-003/2024(H5N1)	1237	11869
PA|PP755594.1|A/cattle/Texas/24-008749-003/2024(H5N1)	1238	11941
PA|PP755594.1|A/cattle/Texas/24-008749-003/2024(H5N1)	1239	12068
PA|PP755594.1|A/cattle/Texas/24-008749-003/2024(H5N1)	1240	12169
PA|PP755594.1|A/cattle/Texas/24-008749-003/2024(H5N1)	1241	12246
PA|PP755594.1|A/cattle/Texas/24-008749-003/2024(H5N1)	1242	11589
PA|PP755594.1|A/cattle/Texas/24-008749-003/2024(H5N1)	1243	11647
PA|PP755594.1|A/cattle/Texas/24-008749-003/2024(H5N1)	1244	11665
PA|PP755594.1|A/cattle/Texas/24-008749-003/2024(H5N1)	1245	11769
PA|PP755594.1|A/cattle/Texas/24-008749-003/2024(H5N1)	1246	11773
PA|PP755594.1|A/cattle/Texas/24-008749-003/2024(H5N1)	1247	11832
PA|PP755594.1|A/cattle/Texas/24-008749-003/2024(H5N1)	1248	11573
PA|PP755594.1|A/cattle/Texas/24-008749-003/2024(H5N1)	1249	11588
PA|PP755594.1|A/cattle/Texas/24-008749-003/2024(H5N1)	1250	11386
PA|PP755594.1|A/cattle/Texas/24-008749-003/2024(H5N1)	1251	11581
PA|PP755594.1|A/cattle/Texas/24-008749-003/2024(H5N1)	1252	11536
PA|PP755594.1|A/cattle/Texas/24-008749-003/2024(H5N1)	1253	11535
PA|PP755594.1|A/cattle/Texas/24-008749-003/2024(H5N1)	1254	11447
PA|PP755594.1|A/cattle/Texas/24-008749-003/2024(H5N1)	1255	11687
PA|PP755594.1|A/cattle/Texas/24-008749-003/2024(H5N1)	1256	11526
PA|PP755594.1|A/cattle/Texas/24-008749-003/2024(H5N1)	1257	11537
PA|PP755594.1|A/cattle/Texas/24-008749-003/2024(H5N1)	1258	11521
PA|PP755594.1|A/cattle/Texas/24-008749-003/2024(H5N1)	1259	11497
PA|PP755594.1|A/cattle/Texas/24-008749-003/2024(H5N1)	1260	11489
PA|PP755594.1|A/cattle/Texas/24-008749-003/2024(H5N1)	1261	11491
PA|PP755594.1|A/cattle/Texas/24-008749-003/2024(H5N1)	1262	11503
PA|PP755594.1|A/cattle/Texas/24-008749-003/2024(H5N1)	1263	11490
PA|PP755594.1|A/cattle/Texas/24-008749-003/2024(H5N1)	1264	11190
PA|PP755594.1|A/cattle/Texas/24-008749-003/2024(H5N1)	1265	11479
PA|PP755594.1|A/cattle/Texas/24-008749-003/2024(H5N1)	1266	11511
PA|PP755594.1|A/cattle/Texas/24-008749-003/2024(H5N1)	1267	11504
PA|PP755594.1|A/cattle/Texas/24-008749-003/2024(H5N1)	1268	11503
PA|PP755594.1|A/cattle/Texas/24-008749-003/2024(H5N1)	1269	11186
PA|PP755594.1|A/cattle/Texas/24-008749-003/2024(H5N1)	1270	11395
PA|PP755594.1|A/cattle/Texas/24-008749-003/2024(H5N1)	1271	11556
PA|PP755594.1|A/cattle/Texas/24-008749-003/2024(H5N1)	1272	11555
PA|PP755594.1|A/cattle/Texas/24-008749-003/2024(H5N1)	1273	11554
PA|PP755594.1|A/cattle/Texas/24-008749-003/2024(H5N1)	1274	11245
PA|PP755594.1|A/cattle/Texas/24-008749-003/2024(H5N1)	1275	11300
PA|PP755594.1|A/cattle/Texas/24-008749-003/2024(H5N1)	1276	11336
PA|PP755594.1|A/cattle/Texas/24-008749-003/2024(H5N1)	1277	11340
PA|PP755594.1|A/cattle/Texas/24-008749-003/2024(H5N1)	1278	11348
PA|PP755594.1|A/cattle/Texas/24-008749-003/2024(H5N1)	1279	11334
PA|PP755594.1|A/cattle/Texas/24-008749-003/2024(H5N1)	1280	11605
PA|PP755594.1|A/cattle/Texas/24-008749-003/2024(H5N1)	1281	12045
PA|PP755594.1|A/cattle/Texas/24-008749-003/2024(H5N1)	1282	12035
PA|PP755594.1|A/cattle/Texas/24-008749-003/2024(H5N1)	1283	12064
PA|PP755594.1|A/cattle/Texas/24-008749-003/2024(H5N1)	1284	11968
PA|PP755594.1|A/cattle/Texas/24-008749-003/2024(H5N1)	1285	13583
PA|PP755594.1|A/cattle/Texas/24-008749-003/2024(H5N1)	1286	13627
PA|PP755594.1|A/cattle/Texas/24-008749-003/2024(H5N1)	1287	13743
PA|PP755594.1|A/cattle/Texas/24-008749-003/2024(H5N1)	1288	13711
PA|PP755594.1|A/cattle/Texas/24-008749-003/2024(H5N1)	1289	12893
PA|PP755594.1|A/cattle/Texas/24-008749-003/2024(H5N1)	1290	12600
PA|PP755594.1|A/cattle/Texas/24-008749-003/2024(H5N1)	1291	12620
PA|PP755594.1|A/cattle/Texas/24-008749-003/2024(H5N1)	1292	13586
PA|PP755594.1|A/cattle/Texas/24-008749-003/2024(H5N1)	1293	13636
PA|PP755594.1|A/cattle/Texas/24-008749-003/2024(H5N1)	1294	12089
PA|PP755594.1|A/cattle/Texas/24-008749-003/2024(H5N1)	1295	12073
PA|PP755594.1|A/cattle/Texas/24-008749-003/2024(H5N1)	1296	11963
PA|PP755594.1|A/cattle/Texas/24-008749-003/2024(H5N1)	1297	12147
PA|PP755594.1|A/cattle/Texas/24-008749-003/2024(H5N1)	1298	12230
PA|PP755594.1|A/cattle/Texas/24-008749-003/2024(H5N1)	1299	12194
PA|PP755594.1|A/cattle/Texas/24-008749-003/2024(H5N1)	1300	12194
PA|PP755594.1|A/cattle/Texas/24-008749-003/2024(H5N1)	1301	11356
PA|PP755594.1|A/cattle/Texas/24-008749-003/2024(H5N1)	1302	11320
PA|PP755594.1|A/cattle/Texas/24-008749-003/2024(H5N1)	1303	12263
PA|PP755594.1|A/cattle/Texas/24-008749-003/2024(H5N1)	1304	12267
PA|PP755594.1|A/cattle/Texas/24-008749-003/2024(H5N1)	1305	12286
PA|PP755594.1|A/cattle/Texas/24-008749-003/2024(H5N1)	1306	12157
PA|PP755594.1|A/cattle/Texas/24-008749-003/2024(H5N1)	1307	12308
PA|PP755594.1|A/cattle/Texas/24-008749-003/2024(H5N1)	1308	12315
PA|PP755594.1|A/cattle/Texas/24-008749-003/2024(H5N1)	1309	12463
PA|PP755594.1|A/cattle/Texas/24-008749-003/2024(H5N1)	1310	12431
PA|PP755594.1|A/cattle/Texas/24-008749-003/2024(H5N1)	1311	13355
PA|PP755594.1|A/cattle/Texas/24-008749-003/2024(H5N1)	1312	12685
PA|PP755594.1|A/cattle/Texas/24-008749-003/2024(H5N1)	1313	12928
PA|PP755594.1|A/cattle/Texas/24-008749-003/2024(H5N1)	1314	12903
PA|PP755594.1|A/cattle/Texas/24-008749-003/2024(H5N1)	1315	12949
PA|PP755594.1|A/cattle/Texas/24-008749-003/2024(H5N1)	1316	12432
PA|PP755594.1|A/cattle/Texas/24-008749-003/2024(H5N1)	1317	12437
PA|PP755594.1|A/cattle/Texas/24-008749-003/2024(H5N1)	1318	12655
PA|PP755594.1|A/cattle/Texas/24-008749-003/2024(H5N1)	1319	12808
PA|PP755594.1|A/cattle/Texas/24-008749-003/2024(H5N1)	1320	12275
PA|PP755594.1|A/cattle/Texas/24-008749-003/2024(H5N1)	1321	12347
PA|PP755594.1|A/cattle/Texas/24-008749-003/2024(H5N1)	1322	12136
PA|PP755594.1|A/cattle/Texas/24-008749-003/2024(H5N1)	1323	12198
PA|PP755594.1|A/cattle/Texas/24-008749-003/2024(H5N1)	1324	12195
PA|PP755594.1|A/cattle/Texas/24-008749-003/2024(H5N1)	1325	12194
PA|PP755594.1|A/cattle/Texas/24-008749-003/2024(H5N1)	1326	12281
PA|PP755594.1|A/cattle/Texas/24-008749-003/2024(H5N1)	1327	12001
PA|PP755594.1|A/cattle/Texas/24-008749-003/2024(H5N1)	1328	11982
PA|PP755594.1|A/cattle/Texas/24-008749-003/2024(H5N1)	1329	12194
PA|PP755594.1|A/cattle/Texas/24-008749-003/2024(H5N1)	1330	12193
PA|PP755594.1|A/cattle/Texas/24-008749-003/2024(H5N1)	1331	12198
PA|PP755594.1|A/cattle/Texas/24-008749-003/2024(H5N1)	1332	12758
PA|PP755594.1|A/cattle/Texas/24-008749-003/2024(H5N1)	1333	12554
PA|PP755594.1|A/cattle/Texas/24-008749-003/2024(H5N1)	1334	13383
PA|PP755594.1|A/cattle/Texas/24-008749-003/2024(H5N1)	1335	13316
PA|PP755594.1|A/cattle/Texas/24-008749-003/2024(H5N1)	1336	13305
PA|PP755594.1|A/cattle/Texas/24-008749-003/2024(H5N1)	1337	13390
PA|PP755594.1|A/cattle/Texas/24-008749-003/2024(H5N1)	1338	13212
PA|PP755594.1|A/cattle/Texas/24-008749-003/2024(H5N1)	1339	13146
PA|PP755594.1|A/cattle/Texas/24-008749-003/2024(H5N1)	1340	13592
PA|PP755594.1|A/cattle/Texas/24-008749-003/2024(H5N1)	1341	13141
PA|PP755594.1|A/cattle/Texas/24-008749-003/2024(H5N1)	1342	13326
PA|PP755594.1|A/cattle/Texas/24-008749-003/2024(H5N1)	1343	13115
PA|PP755594.1|A/cattle/Texas/24-008749-003/2024(H5N1)	1344	13123
PA|PP755594.1|A/cattle/Texas/24-008749-003/2024(H5N1)	1345	14100
PA|PP755594.1|A/cattle/Texas/24-008749-003/2024(H5N1)	1346	14234
PA|PP755594.1|A/cattle/Texas/24-008749-003/2024(H5N1)	1347	14557
PA|PP755594.1|A/cattle/Texas/24-008749-003/2024(H5N1)	1348	14608
PA|PP755594.1|A/cattle/Texas/24-008749-003/2024(H5N1)	1349	14362
PA|PP755594.1|A/cattle/Texas/24-008749-003/2024(H5N1)	1350	14449
PA|PP755594.1|A/cattle/Texas/24-008749-003/2024(H5N1)	1351	14986
PA|PP755594.1|A/cattle/Texas/24-008749-003/2024(H5N1)	1352	14987
PA|PP755594.1|A/cattle/Texas/24-008749-003/2024(H5N1)	1353	15165
PA|PP755594.1|A/cattle/Texas/24-008749-003/2024(H5N1)	1354	14632
PA|PP755594.1|A/cattle/Texas/24-008749-003/2024(H5N1)	1355	14394
PA|PP755594.1|A/cattle/Texas/24-008749-003/2024(H5N1)	1356	14587
PA|PP755594.1|A/cattle/Texas/24-008749-003/2024(H5N1)	1357	14409
PA|PP755594.1|A/cattle/Texas/24-008749-003/2024(H5N1)	1358	14432
PA|PP755594.1|A/cattle/Texas/24-008749-003/2024(H5N1)	1359	14376
PA|PP755594.1|A/cattle/Texas/24-008749-003/2024(H5N1)	1360	13869
PA|PP755594.1|A/cattle/Texas/24-008749-003/2024(H5N1)	1361	13977
PA|PP755594.1|A/cattle/Texas/24-008749-003/2024(H5N1)	1362	13853
PA|PP755594.1|A/cattle/Texas/24-008749-003/2024(H5N1)	1363	13852
PA|PP755594.1|A/cattle/Texas/24-008749-003/2024(H5N1)	1364	13917
PA|PP755594.1|A/cattle/Texas/24-008749-003/2024(H5N1)	1365	13631
PA|PP755594.1|A/cattle/Texas/24-008749-003/2024(H5N1)	1366	13953
PA|PP755594.1|A/cattle/Texas/24-008749-003/2024(H5N1)	1367	14008
PA|PP755594.1|A/cattle/Texas/24-008749-003/2024(H5N1)	1368	13980
PA|PP755594.1|A/cattle/Texas/24-008749-003/2024(H5N1)	1369	14057
PA|PP755594.1|A/cattle/Texas/24-008749-003/2024(H5N1)	1370	13871
PA|PP755594.1|A/cattle/Texas/24-008749-003/2024(H5N1)	1371	13984
PA|PP755594.1|A/cattle/Texas/24-008749-003/2024(H5N1)	1372	13949
PA|PP755594.1|A/cattle/Texas/24-008749-003/2024(H5N1)	1373	13819
PA|PP755594.1|A/cattle/Texas/24-008749-003/2024(H5N1)	1374	13859
PA|PP755594.1|A/cattle/Texas/24-008749-003/2024(H5N1)	1375	13012
PA|PP755594.1|A/cattle/Texas/24-008749-003/2024(H5N1)	1376	13003
PA|PP755594.1|A/cattle/Texas/24-008749-003/2024(H5N1)	1377	12827
PA|PP755594.1|A/cattle/Texas/24-008749-003/2024(H5N1)	1378	12710
PA|PP755594.1|A/cattle/Texas/24-008749-003/2024(H5N1)	1379	12617
PA|PP755594.1|A/cattle/Texas/24-008749-003/2024(H5N1)	1380	12294
PA|PP755594.1|A/cattle/Texas/24-008749-003/2024(H5N1)	1381	12222
PA|PP755594.1|A/cattle/Texas/24-008749-003/2024(H5N1)	1382	11989
PA|PP755594.1|A/cattle/Texas/24-008749-003/2024(H5N1)	1383	11982
PA|PP755594.1|A/cattle/Texas/24-008749-003/2024(H5N1)	1384	11959
PA|PP755594.1|A/cattle/Texas/24-008749-003/2024(H5N1)	1385	12092
PA|PP755594.1|A/cattle/Texas/24-008749-003/2024(H5N1)	1386	11656
PA|PP755594.1|A/cattle/Texas/24-008749-003/2024(H5N1)	1387	11779
PA|PP755594.1|A/cattle/Texas/24-008749-003/2024(H5N1)	1388	11588
PA|PP755594.1|A/cattle/Texas/24-008749-003/2024(H5N1)	1389	11555
PA|PP755594.1|A/cattle/Texas/24-008749-003/2024(H5N1)	1390	11610
PA|PP755594.1|A/cattle/Texas/24-008749-003/2024(H5N1)	1391	11443
PA|PP755594.1|A/cattle/Texas/24-008749-003/2024(H5N1)	1392	11723
PA|PP755594.1|A/cattle/Texas/24-008749-003/2024(H5N1)	1393	10196
PA|PP755594.1|A/cattle/Texas/24-008749-003/2024(H5N1)	1394	9319
PA|PP755594.1|A/cattle/Texas/24-008749-003/2024(H5N1)	1395	8801
PA|PP755594.1|A/cattle/Texas/24-008749-003/2024(H5N1)	1396	7483
PA|PP755594.1|A/cattle/Texas/24-008749-003/2024(H5N1)	1397	7545
PA|PP755594.1|A/cattle/Texas/24-008749-003/2024(H5N1)	1398	7486
PA|PP755594.1|A/cattle/Texas/24-008749-003/2024(H5N1)	1399	5689
PA|PP755594.1|A/cattle/Texas/24-008749-003/2024(H5N1)	1400	5645
PA|PP755594.1|A/cattle/Texas/24-008749-003/2024(H5N1)	1401	3818
PA|PP755594.1|A/cattle/Texas/24-008749-003/2024(H5N1)	1402	4323
PA|PP755594.1|A/cattle/Texas/24-008749-003/2024(H5N1)	1403	4358
PA|PP755594.1|A/cattle/Texas/24-008749-003/2024(H5N1)	1404	4380
PA|PP755594.1|A/cattle/Texas/24-008749-003/2024(H5N1)	1405	4404
PA|PP755594.1|A/cattle/Texas/24-008749-003/2024(H5N1)	1406	4363
PA|PP755594.1|A/cattle/Texas/24-008749-003/2024(H5N1)	1407	4615
PA|PP755594.1|A/cattle/Texas/24-008749-003/2024(H5N1)	1408	4614
PA|PP755594.1|A/cattle/Texas/24-008749-003/2024(H5N1)	1409	4609
PA|PP755594.1|A/cattle/Texas/24-008749-003/2024(H5N1)	1410	4794
PA|PP755594.1|A/cattle/Texas/24-008749-003/2024(H5N1)	1411	4471
PA|PP755594.1|A/cattle/Texas/24-008749-003/2024(H5N1)	1412	4476
PA|PP755594.1|A/cattle/Texas/24-008749-003/2024(H5N1)	1413	4475
PA|PP755594.1|A/cattle/Texas/24-008749-003/2024(H5N1)	1414	4429
PA|PP755594.1|A/cattle/Texas/24-008749-003/2024(H5N1)	1415	4454
PA|PP755594.1|A/cattle/Texas/24-008749-003/2024(H5N1)	1416	4406
PA|PP755594.1|A/cattle/Texas/24-008749-003/2024(H5N1)	1417	4410
PA|PP755594.1|A/cattle/Texas/24-008749-003/2024(H5N1)	1418	4425
PA|PP755594.1|A/cattle/Texas/24-008749-003/2024(H5N1)	1419	4467
PA|PP755594.1|A/cattle/Texas/24-008749-003/2024(H5N1)	1420	4292
PA|PP755594.1|A/cattle/Texas/24-008749-003/2024(H5N1)	1421	4439
PA|PP755594.1|A/cattle/Texas/24-008749-003/2024(H5N1)	1422	4435
PA|PP755594.1|A/cattle/Texas/24-008749-003/2024(H5N1)	1423	4433
PA|PP755594.1|A/cattle/Texas/24-008749-003/2024(H5N1)	1424	4449
PA|PP755594.1|A/cattle/Texas/24-008749-003/2024(H5N1)	1425	4304
PA|PP755594.1|A/cattle/Texas/24-008749-003/2024(H5N1)	1426	4580
PA|PP755594.1|A/cattle/Texas/24-008749-003/2024(H5N1)	1427	4594
PA|PP755594.1|A/cattle/Texas/24-008749-003/2024(H5N1)	1428	4534
PA|PP755594.1|A/cattle/Texas/24-008749-003/2024(H5N1)	1429	4560
PA|PP755594.1|A/cattle/Texas/24-008749-003/2024(H5N1)	1430	4417
PA|PP755594.1|A/cattle/Texas/24-008749-003/2024(H5N1)	1431	4443
PA|PP755594.1|A/cattle/Texas/24-008749-003/2024(H5N1)	1432	4497
PA|PP755594.1|A/cattle/Texas/24-008749-003/2024(H5N1)	1433	4494
PA|PP755594.1|A/cattle/Texas/24-008749-003/2024(H5N1)	1434	4480
PA|PP755594.1|A/cattle/Texas/24-008749-003/2024(H5N1)	1435	4213
PA|PP755594.1|A/cattle/Texas/24-008749-003/2024(H5N1)	1436	4257
PA|PP755594.1|A/cattle/Texas/24-008749-003/2024(H5N1)	1437	4324
PA|PP755594.1|A/cattle/Texas/24-008749-003/2024(H5N1)	1438	4296
PA|PP755594.1|A/cattle/Texas/24-008749-003/2024(H5N1)	1439	4290
PA|PP755594.1|A/cattle/Texas/24-008749-003/2024(H5N1)	1440	4274
PA|PP755594.1|A/cattle/Texas/24-008749-003/2024(H5N1)	1441	4254
PA|PP755594.1|A/cattle/Texas/24-008749-003/2024(H5N1)	1442	4272
PA|PP755594.1|A/cattle/Texas/24-008749-003/2024(H5N1)	1443	4278
PA|PP755594.1|A/cattle/Texas/24-008749-003/2024(H5N1)	1444	4276
PA|PP755594.1|A/cattle/Texas/24-008749-003/2024(H5N1)	1445	4214
PA|PP755594.1|A/cattle/Texas/24-008749-003/2024(H5N1)	1446	4130
PA|PP755594.1|A/cattle/Texas/24-008749-003/2024(H5N1)	1447	4065
PA|PP755594.1|A/cattle/Texas/24-008749-003/2024(H5N1)	1448	4065
PA|PP755594.1|A/cattle/Texas/24-008749-003/2024(H5N1)	1449	4061
PA|PP755594.1|A/cattle/Texas/24-008749-003/2024(H5N1)	1450	4069
PA|PP755594.1|A/cattle/Texas/24-008749-003/2024(H5N1)	1451	4044
PA|PP755594.1|A/cattle/Texas/24-008749-003/2024(H5N1)	1452	4098
PA|PP755594.1|A/cattle/Texas/24-008749-003/2024(H5N1)	1453	4104
PA|PP755594.1|A/cattle/Texas/24-008749-003/2024(H5N1)	1454	4133
PA|PP755594.1|A/cattle/Texas/24-008749-003/2024(H5N1)	1455	4143
PA|PP755594.1|A/cattle/Texas/24-008749-003/2024(H5N1)	1456	4176
PA|PP755594.1|A/cattle/Texas/24-008749-003/2024(H5N1)	1457	4178
PA|PP755594.1|A/cattle/Texas/24-008749-003/2024(H5N1)	1458	4181
PA|PP755594.1|A/cattle/Texas/24-008749-003/2024(H5N1)	1459	4316
PA|PP755594.1|A/cattle/Texas/24-008749-003/2024(H5N1)	1460	4322
PA|PP755594.1|A/cattle/Texas/24-008749-003/2024(H5N1)	1461	4256
PA|PP755594.1|A/cattle/Texas/24-008749-003/2024(H5N1)	1462	4246
PA|PP755594.1|A/cattle/Texas/24-008749-003/2024(H5N1)	1463	4187
PA|PP755594.1|A/cattle/Texas/24-008749-003/2024(H5N1)	1464	4534
PA|PP755594.1|A/cattle/Texas/24-008749-003/2024(H5N1)	1465	4457
PA|PP755594.1|A/cattle/Texas/24-008749-003/2024(H5N1)	1466	4451
PA|PP755594.1|A/cattle/Texas/24-008749-003/2024(H5N1)	1467	4449
PA|PP755594.1|A/cattle/Texas/24-008749-003/2024(H5N1)	1468	4299
PA|PP755594.1|A/cattle/Texas/24-008749-003/2024(H5N1)	1469	4557
PA|PP755594.1|A/cattle/Texas/24-008749-003/2024(H5N1)	1470	4540
PA|PP755594.1|A/cattle/Texas/24-008749-003/2024(H5N1)	1471	4582
PA|PP755594.1|A/cattle/Texas/24-008749-003/2024(H5N1)	1472	4606
PA|PP755594.1|A/cattle/Texas/24-008749-003/2024(H5N1)	1473	4188
PA|PP755594.1|A/cattle/Texas/24-008749-003/2024(H5N1)	1474	4248
PA|PP755594.1|A/cattle/Texas/24-008749-003/2024(H5N1)	1475	4252
PA|PP755594.1|A/cattle/Texas/24-008749-003/2024(H5N1)	1476	4258
PA|PP755594.1|A/cattle/Texas/24-008749-003/2024(H5N1)	1477	4286
PA|PP755594.1|A/cattle/Texas/24-008749-003/2024(H5N1)	1478	4005
PA|PP755594.1|A/cattle/Texas/24-008749-003/2024(H5N1)	1479	3977
PA|PP755594.1|A/cattle/Texas/24-008749-003/2024(H5N1)	1480	4004
PA|PP755594.1|A/cattle/Texas/24-008749-003/2024(H5N1)	1481	4003
PA|PP755594.1|A/cattle/Texas/24-008749-003/2024(H5N1)	1482	3989
PA|PP755594.1|A/cattle/Texas/24-008749-003/2024(H5N1)	1483	3913
PA|PP755594.1|A/cattle/Texas/24-008749-003/2024(H5N1)	1484	3917
PA|PP755594.1|A/cattle/Texas/24-008749-003/2024(H5N1)	1485	3951
PA|PP755594.1|A/cattle/Texas/24-008749-003/2024(H5N1)	1486	3928
PA|PP755594.1|A/cattle/Texas/24-008749-003/2024(H5N1)	1487	3898
PA|PP755594.1|A/cattle/Texas/24-008749-003/2024(H5N1)	1488	3937
PA|PP755594.1|A/cattle/Texas/24-008749-003/2024(H5N1)	1489	3811
PA|PP755594.1|A/cattle/Texas/24-008749-003/2024(H5N1)	1490	4093
PA|PP755594.1|A/cattle/Texas/24-008749-003/2024(H5N1)	1491	4119
PA|PP755594.1|A/cattle/Texas/24-008749-003/2024(H5N1)	1492	4159
PA|PP755594.1|A/cattle/Texas/24-008749-003/2024(H5N1)	1493	4228
PA|PP755594.1|A/cattle/Texas/24-008749-003/2024(H5N1)	1494	4164
PA|PP755594.1|A/cattle/Texas/24-008749-003/2024(H5N1)	1495	6439
PA|PP755594.1|A/cattle/Texas/24-008749-003/2024(H5N1)	1496	6568
PA|PP755594.1|A/cattle/Texas/24-008749-003/2024(H5N1)	1497	6752
PA|PP755594.1|A/cattle/Texas/24-008749-003/2024(H5N1)	1498	7087
PA|PP755594.1|A/cattle/Texas/24-008749-003/2024(H5N1)	1499	6746
PA|PP755594.1|A/cattle/Texas/24-008749-003/2024(H5N1)	1500	8243
PA|PP755594.1|A/cattle/Texas/24-008749-003/2024(H5N1)	1501	8252
PA|PP755594.1|A/cattle/Texas/24-008749-003/2024(H5N1)	1502	8259
PA|PP755594.1|A/cattle/Texas/24-008749-003/2024(H5N1)	1503	8322
PA|PP755594.1|A/cattle/Texas/24-008749-003/2024(H5N1)	1504	8039
PA|PP755594.1|A/cattle/Texas/24-008749-003/2024(H5N1)	1505	8174
PA|PP755594.1|A/cattle/Texas/24-008749-003/2024(H5N1)	1506	8251
PA|PP755594.1|A/cattle/Texas/24-008749-003/2024(H5N1)	1507	8201
PA|PP755594.1|A/cattle/Texas/24-008749-003/2024(H5N1)	1508	8202
PA|PP755594.1|A/cattle/Texas/24-008749-003/2024(H5N1)	1509	8322
PA|PP755594.1|A/cattle/Texas/24-008749-003/2024(H5N1)	1510	8293
PA|PP755594.1|A/cattle/Texas/24-008749-003/2024(H5N1)	1511	8516
PA|PP755594.1|A/cattle/Texas/24-008749-003/2024(H5N1)	1512	8524
PA|PP755594.1|A/cattle/Texas/24-008749-003/2024(H5N1)	1513	8916
PA|PP755594.1|A/cattle/Texas/24-008749-003/2024(H5N1)	1514	8908
PA|PP755594.1|A/cattle/Texas/24-008749-003/2024(H5N1)	1515	8972
PA|PP755594.1|A/cattle/Texas/24-008749-003/2024(H5N1)	1516	8983
PA|PP755594.1|A/cattle/Texas/24-008749-003/2024(H5N1)	1517	9007
PA|PP755594.1|A/cattle/Texas/24-008749-003/2024(H5N1)	1518	9029
PA|PP755594.1|A/cattle/Texas/24-008749-003/2024(H5N1)	1519	9264
PA|PP755594.1|A/cattle/Texas/24-008749-003/2024(H5N1)	1520	9311
PA|PP755594.1|A/cattle/Texas/24-008749-003/2024(H5N1)	1521	9297
PA|PP755594.1|A/cattle/Texas/24-008749-003/2024(H5N1)	1522	9216
PA|PP755594.1|A/cattle/Texas/24-008749-003/2024(H5N1)	1523	9507
PA|PP755594.1|A/cattle/Texas/24-008749-003/2024(H5N1)	1524	9523
PA|PP755594.1|A/cattle/Texas/24-008749-003/2024(H5N1)	1525	9597
PA|PP755594.1|A/cattle/Texas/24-008749-003/2024(H5N1)	1526	9590
PA|PP755594.1|A/cattle/Texas/24-008749-003/2024(H5N1)	1527	9613
PA|PP755594.1|A/cattle/Texas/24-008749-003/2024(H5N1)	1528	10011
PA|PP755594.1|A/cattle/Texas/24-008749-003/2024(H5N1)	1529	9998
PA|PP755594.1|A/cattle/Texas/24-008749-003/2024(H5N1)	1530	10070
PA|PP755594.1|A/cattle/Texas/24-008749-003/2024(H5N1)	1531	10068
PA|PP755594.1|A/cattle/Texas/24-008749-003/2024(H5N1)	1532	9960
PA|PP755594.1|A/cattle/Texas/24-008749-003/2024(H5N1)	1533	10004
PA|PP755594.1|A/cattle/Texas/24-008749-003/2024(H5N1)	1534	9992
PA|PP755594.1|A/cattle/Texas/24-008749-003/2024(H5N1)	1535	9984
PA|PP755594.1|A/cattle/Texas/24-008749-003/2024(H5N1)	1536	10648
PA|PP755594.1|A/cattle/Texas/24-008749-003/2024(H5N1)	1537	10368
PA|PP755594.1|A/cattle/Texas/24-008749-003/2024(H5N1)	1538	10358
PA|PP755594.1|A/cattle/Texas/24-008749-003/2024(H5N1)	1539	10401
PA|PP755594.1|A/cattle/Texas/24-008749-003/2024(H5N1)	1540	10409
PA|PP755594.1|A/cattle/Texas/24-008749-003/2024(H5N1)	1541	10906
PA|PP755594.1|A/cattle/Texas/24-008749-003/2024(H5N1)	1542	10931
PA|PP755594.1|A/cattle/Texas/24-008749-003/2024(H5N1)	1543	10907
PA|PP755594.1|A/cattle/Texas/24-008749-003/2024(H5N1)	1544	10968
PA|PP755594.1|A/cattle/Texas/24-008749-003/2024(H5N1)	1545	10465
PA|PP755594.1|A/cattle/Texas/24-008749-003/2024(H5N1)	1546	10488
PA|PP755594.1|A/cattle/Texas/24-008749-003/2024(H5N1)	1547	10514
PA|PP755594.1|A/cattle/Texas/24-008749-003/2024(H5N1)	1548	10474
PA|PP755594.1|A/cattle/Texas/24-008749-003/2024(H5N1)	1549	11327
PA|PP755594.1|A/cattle/Texas/24-008749-003/2024(H5N1)	1550	10847
PA|PP755594.1|A/cattle/Texas/24-008749-003/2024(H5N1)	1551	11091
PA|PP755594.1|A/cattle/Texas/24-008749-003/2024(H5N1)	1552	11126
PA|PP755594.1|A/cattle/Texas/24-008749-003/2024(H5N1)	1553	10985
PA|PP755594.1|A/cattle/Texas/24-008749-003/2024(H5N1)	1554	10974
PA|PP755594.1|A/cattle/Texas/24-008749-003/2024(H5N1)	1555	11010
PA|PP755594.1|A/cattle/Texas/24-008749-003/2024(H5N1)	1556	11120
PA|PP755594.1|A/cattle/Texas/24-008749-003/2024(H5N1)	1557	11398
PA|PP755594.1|A/cattle/Texas/24-008749-003/2024(H5N1)	1558	10476
PA|PP755594.1|A/cattle/Texas/24-008749-003/2024(H5N1)	1559	10476
PA|PP755594.1|A/cattle/Texas/24-008749-003/2024(H5N1)	1560	10134
PA|PP755594.1|A/cattle/Texas/24-008749-003/2024(H5N1)	1561	10129
PA|PP755594.1|A/cattle/Texas/24-008749-003/2024(H5N1)	1562	10102
PA|PP755594.1|A/cattle/Texas/24-008749-003/2024(H5N1)	1563	10126
PA|PP755594.1|A/cattle/Texas/24-008749-003/2024(H5N1)	1564	10030
PA|PP755594.1|A/cattle/Texas/24-008749-003/2024(H5N1)	1565	10195
PA|PP755594.1|A/cattle/Texas/24-008749-003/2024(H5N1)	1566	9772
PA|PP755594.1|A/cattle/Texas/24-008749-003/2024(H5N1)	1567	9834
PA|PP755594.1|A/cattle/Texas/24-008749-003/2024(H5N1)	1568	9853
PA|PP755594.1|A/cattle/Texas/24-008749-003/2024(H5N1)	1569	9882
PA|PP755594.1|A/cattle/Texas/24-008749-003/2024(H5N1)	1570	10073
PA|PP755594.1|A/cattle/Texas/24-008749-003/2024(H5N1)	1571	10066
PA|PP755594.1|A/cattle/Texas/24-008749-003/2024(H5N1)	1572	10077
PA|PP755594.1|A/cattle/Texas/24-008749-003/2024(H5N1)	1573	10037
PA|PP755594.1|A/cattle/Texas/24-008749-003/2024(H5N1)	1574	9566
PA|PP755594.1|A/cattle/Texas/24-008749-003/2024(H5N1)	1575	10561
PA|PP755594.1|A/cattle/Texas/24-008749-003/2024(H5N1)	1576	10181
PA|PP755594.1|A/cattle/Texas/24-008749-003/2024(H5N1)	1577	10441
PA|PP755594.1|A/cattle/Texas/24-008749-003/2024(H5N1)	1578	10299
PA|PP755594.1|A/cattle/Texas/24-008749-003/2024(H5N1)	1579	10106
PA|PP755594.1|A/cattle/Texas/24-008749-003/2024(H5N1)	1580	10099
PA|PP755594.1|A/cattle/Texas/24-008749-003/2024(H5N1)	1581	10172
PA|PP755594.1|A/cattle/Texas/24-008749-003/2024(H5N1)	1582	10179
PA|PP755594.1|A/cattle/Texas/24-008749-003/2024(H5N1)	1583	10217
PA|PP755594.1|A/cattle/Texas/24-008749-003/2024(H5N1)	1584	9516
PA|PP755594.1|A/cattle/Texas/24-008749-003/2024(H5N1)	1585	9613
PA|PP755594.1|A/cattle/Texas/24-008749-003/2024(H5N1)	1586	9353
PA|PP755594.1|A/cattle/Texas/24-008749-003/2024(H5N1)	1587	9673
PA|PP755594.1|A/cattle/Texas/24-008749-003/2024(H5N1)	1588	9675
PA|PP755594.1|A/cattle/Texas/24-008749-003/2024(H5N1)	1589	9628
PA|PP755594.1|A/cattle/Texas/24-008749-003/2024(H5N1)	1590	9580
PA|PP755594.1|A/cattle/Texas/24-008749-003/2024(H5N1)	1591	9650
PA|PP755594.1|A/cattle/Texas/24-008749-003/2024(H5N1)	1592	10719
PA|PP755594.1|A/cattle/Texas/24-008749-003/2024(H5N1)	1593	10746
PA|PP755594.1|A/cattle/Texas/24-008749-003/2024(H5N1)	1594	10629
PA|PP755594.1|A/cattle/Texas/24-008749-003/2024(H5N1)	1595	10595
PA|PP755594.1|A/cattle/Texas/24-008749-003/2024(H5N1)	1596	10377
PA|PP755594.1|A/cattle/Texas/24-008749-003/2024(H5N1)	1597	10712
PA|PP755594.1|A/cattle/Texas/24-008749-003/2024(H5N1)	1598	10680
PA|PP755594.1|A/cattle/Texas/24-008749-003/2024(H5N1)	1599	10697
PA|PP755594.1|A/cattle/Texas/24-008749-003/2024(H5N1)	1600	10853
PA|PP755594.1|A/cattle/Texas/24-008749-003/2024(H5N1)	1601	9912
PA|PP755594.1|A/cattle/Texas/24-008749-003/2024(H5N1)	1602	9934
PA|PP755594.1|A/cattle/Texas/24-008749-003/2024(H5N1)	1603	9944
PA|PP755594.1|A/cattle/Texas/24-008749-003/2024(H5N1)	1604	9945
PA|PP755594.1|A/cattle/Texas/24-008749-003/2024(H5N1)	1605	10058
PA|PP755594.1|A/cattle/Texas/24-008749-003/2024(H5N1)	1606	9712
PA|PP755594.1|A/cattle/Texas/24-008749-003/2024(H5N1)	1607	9883
PA|PP755594.1|A/cattle/Texas/24-008749-003/2024(H5N1)	1608	9890
PA|PP755594.1|A/cattle/Texas/24-008749-003/2024(H5N1)	1609	9728
PA|PP755594.1|A/cattle/Texas/24-008749-003/2024(H5N1)	1610	9831
PA|PP755594.1|A/cattle/Texas/24-008749-003/2024(H5N1)	1611	9821
PA|PP755594.1|A/cattle/Texas/24-008749-003/2024(H5N1)	1612	10115
PA|PP755594.1|A/cattle/Texas/24-008749-003/2024(H5N1)	1613	10120
PA|PP755594.1|A/cattle/Texas/24-008749-003/2024(H5N1)	1614	10084
PA|PP755594.1|A/cattle/Texas/24-008749-003/2024(H5N1)	1615	10094
PA|PP755594.1|A/cattle/Texas/24-008749-003/2024(H5N1)	1616	9959
PA|PP755594.1|A/cattle/Texas/24-008749-003/2024(H5N1)	1617	10291
PA|PP755594.1|A/cattle/Texas/24-008749-003/2024(H5N1)	1618	10267
PA|PP755594.1|A/cattle/Texas/24-008749-003/2024(H5N1)	1619	10200
PA|PP755594.1|A/cattle/Texas/24-008749-003/2024(H5N1)	1620	10208
PA|PP755594.1|A/cattle/Texas/24-008749-003/2024(H5N1)	1621	9824
PA|PP755594.1|A/cattle/Texas/24-008749-003/2024(H5N1)	1622	10128
PA|PP755594.1|A/cattle/Texas/24-008749-003/2024(H5N1)	1623	10019
PA|PP755594.1|A/cattle/Texas/24-008749-003/2024(H5N1)	1624	10432
PA|PP755594.1|A/cattle/Texas/24-008749-003/2024(H5N1)	1625	10410
PA|PP755594.1|A/cattle/Texas/24-008749-003/2024(H5N1)	1626	10150
PA|PP755594.1|A/cattle/Texas/24-008749-003/2024(H5N1)	1627	10167
PA|PP755594.1|A/cattle/Texas/24-008749-003/2024(H5N1)	1628	10138
PA|PP755594.1|A/cattle/Texas/24-008749-003/2024(H5N1)	1629	10141
PA|PP755594.1|A/cattle/Texas/24-008749-003/2024(H5N1)	1630	10148
PA|PP755594.1|A/cattle/Texas/24-008749-003/2024(H5N1)	1631	10166
PA|PP755594.1|A/cattle/Texas/24-008749-003/2024(H5N1)	1632	10245
PA|PP755594.1|A/cattle/Texas/24-008749-003/2024(H5N1)	1633	9782
PA|PP755594.1|A/cattle/Texas/24-008749-003/2024(H5N1)	1634	9801
PA|PP755594.1|A/cattle/Texas/24-008749-003/2024(H5N1)	1635	9704
PA|PP755594.1|A/cattle/Texas/24-008749-003/2024(H5N1)	1636	9777
PA|PP755594.1|A/cattle/Texas/24-008749-003/2024(H5N1)	1637	9793
PA|PP755594.1|A/cattle/Texas/24-008749-003/2024(H5N1)	1638	9793
PA|PP755594.1|A/cattle/Texas/24-008749-003/2024(H5N1)	1639	9976
PA|PP755594.1|A/cattle/Texas/24-008749-003/2024(H5N1)	1640	9718
PA|PP755594.1|A/cattle/Texas/24-008749-003/2024(H5N1)	1641	9658
PA|PP755594.1|A/cattle/Texas/24-008749-003/2024(H5N1)	1642	9622
PA|PP755594.1|A/cattle/Texas/24-008749-003/2024(H5N1)	1643	9650
PA|PP755594.1|A/cattle/Texas/24-008749-003/2024(H5N1)	1644	9664
PA|PP755594.1|A/cattle/Texas/24-008749-003/2024(H5N1)	1645	10350
PA|PP755594.1|A/cattle/Texas/24-008749-003/2024(H5N1)	1646	10286
PA|PP755594.1|A/cattle/Texas/24-008749-003/2024(H5N1)	1647	10749
PA|PP755594.1|A/cattle/Texas/24-008749-003/2024(H5N1)	1648	10565
PA|PP755594.1|A/cattle/Texas/24-008749-003/2024(H5N1)	1649	10549
PA|PP755594.1|A/cattle/Texas/24-008749-003/2024(H5N1)	1650	10623
PA|PP755594.1|A/cattle/Texas/24-008749-003/2024(H5N1)	1651	10558
PA|PP755594.1|A/cattle/Texas/24-008749-003/2024(H5N1)	1652	10889
PA|PP755594.1|A/cattle/Texas/24-008749-003/2024(H5N1)	1653	11953
PA|PP755594.1|A/cattle/Texas/24-008749-003/2024(H5N1)	1654	10983
PA|PP755594.1|A/cattle/Texas/24-008749-003/2024(H5N1)	1655	11745
PA|PP755594.1|A/cattle/Texas/24-008749-003/2024(H5N1)	1656	11337
PA|PP755594.1|A/cattle/Texas/24-008749-003/2024(H5N1)	1657	13958
PA|PP755594.1|A/cattle/Texas/24-008749-003/2024(H5N1)	1658	14152
PA|PP755594.1|A/cattle/Texas/24-008749-003/2024(H5N1)	1659	14142
PA|PP755594.1|A/cattle/Texas/24-008749-003/2024(H5N1)	1660	14147
PA|PP755594.1|A/cattle/Texas/24-008749-003/2024(H5N1)	1661	14096
PA|PP755594.1|A/cattle/Texas/24-008749-003/2024(H5N1)	1662	13915
PA|PP755594.1|A/cattle/Texas/24-008749-003/2024(H5N1)	1663	14183
PA|PP755594.1|A/cattle/Texas/24-008749-003/2024(H5N1)	1664	14772
PA|PP755594.1|A/cattle/Texas/24-008749-003/2024(H5N1)	1665	14774
PA|PP755594.1|A/cattle/Texas/24-008749-003/2024(H5N1)	1666	14097
PA|PP755594.1|A/cattle/Texas/24-008749-003/2024(H5N1)	1667	14008
PA|PP755594.1|A/cattle/Texas/24-008749-003/2024(H5N1)	1668	14018
PA|PP755594.1|A/cattle/Texas/24-008749-003/2024(H5N1)	1669	15642
PA|PP755594.1|A/cattle/Texas/24-008749-003/2024(H5N1)	1670	15690
PA|PP755594.1|A/cattle/Texas/24-008749-003/2024(H5N1)	1671	15969
PA|PP755594.1|A/cattle/Texas/24-008749-003/2024(H5N1)	1672	15849
PA|PP755594.1|A/cattle/Texas/24-008749-003/2024(H5N1)	1673	15615
PA|PP755594.1|A/cattle/Texas/24-008749-003/2024(H5N1)	1674	15621
PA|PP755594.1|A/cattle/Texas/24-008749-003/2024(H5N1)	1675	15635
PA|PP755594.1|A/cattle/Texas/24-008749-003/2024(H5N1)	1676	15919
PA|PP755594.1|A/cattle/Texas/24-008749-003/2024(H5N1)	1677	15999
PA|PP755594.1|A/cattle/Texas/24-008749-003/2024(H5N1)	1678	15237
PA|PP755594.1|A/cattle/Texas/24-008749-003/2024(H5N1)	1679	15460
PA|PP755594.1|A/cattle/Texas/24-008749-003/2024(H5N1)	1680	15204
PA|PP755594.1|A/cattle/Texas/24-008749-003/2024(H5N1)	1681	15732
PA|PP755594.1|A/cattle/Texas/24-008749-003/2024(H5N1)	1682	15738
PA|PP755594.1|A/cattle/Texas/24-008749-003/2024(H5N1)	1683	16052
PA|PP755594.1|A/cattle/Texas/24-008749-003/2024(H5N1)	1684	16065
PA|PP755594.1|A/cattle/Texas/24-008749-003/2024(H5N1)	1685	16154
PA|PP755594.1|A/cattle/Texas/24-008749-003/2024(H5N1)	1686	16233
PA|PP755594.1|A/cattle/Texas/24-008749-003/2024(H5N1)	1687	16317
PA|PP755594.1|A/cattle/Texas/24-008749-003/2024(H5N1)	1688	16161
PA|PP755594.1|A/cattle/Texas/24-008749-003/2024(H5N1)	1689	16646
PA|PP755594.1|A/cattle/Texas/24-008749-003/2024(H5N1)	1690	16211
PA|PP755594.1|A/cattle/Texas/24-008749-003/2024(H5N1)	1691	16240
PA|PP755594.1|A/cattle/Texas/24-008749-003/2024(H5N1)	1692	16005
PA|PP755594.1|A/cattle/Texas/24-008749-003/2024(H5N1)	1693	16226
PA|PP755594.1|A/cattle/Texas/24-008749-003/2024(H5N1)	1694	15878
PA|PP755594.1|A/cattle/Texas/24-008749-003/2024(H5N1)	1695	15902
PA|PP755594.1|A/cattle/Texas/24-008749-003/2024(H5N1)	1696	15623
PA|PP755594.1|A/cattle/Texas/24-008749-003/2024(H5N1)	1697	15690
PA|PP755594.1|A/cattle/Texas/24-008749-003/2024(H5N1)	1698	15346
PA|PP755594.1|A/cattle/Texas/24-008749-003/2024(H5N1)	1699	15358
PA|PP755594.1|A/cattle/Texas/24-008749-003/2024(H5N1)	1700	15518
PA|PP755594.1|A/cattle/Texas/24-008749-003/2024(H5N1)	1701	15420
PA|PP755594.1|A/cattle/Texas/24-008749-003/2024(H5N1)	1702	15071
PA|PP755594.1|A/cattle/Texas/24-008749-003/2024(H5N1)	1703	15108
PA|PP755594.1|A/cattle/Texas/24-008749-003/2024(H5N1)	1704	15099
PA|PP755594.1|A/cattle/Texas/24-008749-003/2024(H5N1)	1705	15112
PA|PP755594.1|A/cattle/Texas/24-008749-003/2024(H5N1)	1706	15166
PA|PP755594.1|A/cattle/Texas/24-008749-003/2024(H5N1)	1707	14981
PA|PP755594.1|A/cattle/Texas/24-008749-003/2024(H5N1)	1708	14969
PA|PP755594.1|A/cattle/Texas/24-008749-003/2024(H5N1)	1709	14787
PA|PP755594.1|A/cattle/Texas/24-008749-003/2024(H5N1)	1710	14458
PA|PP755594.1|A/cattle/Texas/24-008749-003/2024(H5N1)	1711	14568
PA|PP755594.1|A/cattle/Texas/24-008749-003/2024(H5N1)	1712	14532
PA|PP755594.1|A/cattle/Texas/24-008749-003/2024(H5N1)	1713	14501
PA|PP755594.1|A/cattle/Texas/24-008749-003/2024(H5N1)	1714	14492
PA|PP755594.1|A/cattle/Texas/24-008749-003/2024(H5N1)	1715	14304
PA|PP755594.1|A/cattle/Texas/24-008749-003/2024(H5N1)	1716	14382
PA|PP755594.1|A/cattle/Texas/24-008749-003/2024(H5N1)	1717	14356
PA|PP755594.1|A/cattle/Texas/24-008749-003/2024(H5N1)	1718	14262
PA|PP755594.1|A/cattle/Texas/24-008749-003/2024(H5N1)	1719	14220
PA|PP755594.1|A/cattle/Texas/24-008749-003/2024(H5N1)	1720	13694
PA|PP755594.1|A/cattle/Texas/24-008749-003/2024(H5N1)	1721	13842
PA|PP755594.1|A/cattle/Texas/24-008749-003/2024(H5N1)	1722	13838
PA|PP755594.1|A/cattle/Texas/24-008749-003/2024(H5N1)	1723	13892
PA|PP755594.1|A/cattle/Texas/24-008749-003/2024(H5N1)	1724	13875
PA|PP755594.1|A/cattle/Texas/24-008749-003/2024(H5N1)	1725	13687
PA|PP755594.1|A/cattle/Texas/24-008749-003/2024(H5N1)	1726	13547
PA|PP755594.1|A/cattle/Texas/24-008749-003/2024(H5N1)	1727	13548
PA|PP755594.1|A/cattle/Texas/24-008749-003/2024(H5N1)	1728	13553
PA|PP755594.1|A/cattle/Texas/24-008749-003/2024(H5N1)	1729	13521
PA|PP755594.1|A/cattle/Texas/24-008749-003/2024(H5N1)	1730	12936
PA|PP755594.1|A/cattle/Texas/24-008749-003/2024(H5N1)	1731	13155
PA|PP755594.1|A/cattle/Texas/24-008749-003/2024(H5N1)	1732	12965
PA|PP755594.1|A/cattle/Texas/24-008749-003/2024(H5N1)	1733	13159
PA|PP755594.1|A/cattle/Texas/24-008749-003/2024(H5N1)	1734	12176
PA|PP755594.1|A/cattle/Texas/24-008749-003/2024(H5N1)	1735	12009
PA|PP755594.1|A/cattle/Texas/24-008749-003/2024(H5N1)	1736	11984
PA|PP755594.1|A/cattle/Texas/24-008749-003/2024(H5N1)	1737	11927
PA|PP755594.1|A/cattle/Texas/24-008749-003/2024(H5N1)	1738	12630
PA|PP755594.1|A/cattle/Texas/24-008749-003/2024(H5N1)	1739	11980
PA|PP755594.1|A/cattle/Texas/24-008749-003/2024(H5N1)	1740	10805
PA|PP755594.1|A/cattle/Texas/24-008749-003/2024(H5N1)	1741	10370
PA|PP755594.1|A/cattle/Texas/24-008749-003/2024(H5N1)	1742	10050
PA|PP755594.1|A/cattle/Texas/24-008749-003/2024(H5N1)	1743	10066
PA|PP755594.1|A/cattle/Texas/24-008749-003/2024(H5N1)	1744	10011
PA|PP755594.1|A/cattle/Texas/24-008749-003/2024(H5N1)	1745	10287
PA|PP755594.1|A/cattle/Texas/24-008749-003/2024(H5N1)	1746	10300
PA|PP755594.1|A/cattle/Texas/24-008749-003/2024(H5N1)	1747	9337
PA|PP755594.1|A/cattle/Texas/24-008749-003/2024(H5N1)	1748	9312
PA|PP755594.1|A/cattle/Texas/24-008749-003/2024(H5N1)	1749	9215
PA|PP755594.1|A/cattle/Texas/24-008749-003/2024(H5N1)	1750	9211
PA|PP755594.1|A/cattle/Texas/24-008749-003/2024(H5N1)	1751	10094
PA|PP755594.1|A/cattle/Texas/24-008749-003/2024(H5N1)	1752	10117
PA|PP755594.1|A/cattle/Texas/24-008749-003/2024(H5N1)	1753	10248
PA|PP755594.1|A/cattle/Texas/24-008749-003/2024(H5N1)	1754	9877
PA|PP755594.1|A/cattle/Texas/24-008749-003/2024(H5N1)	1755	10025
PA|PP755594.1|A/cattle/Texas/24-008749-003/2024(H5N1)	1756	10965
PA|PP755594.1|A/cattle/Texas/24-008749-003/2024(H5N1)	1757	10957
PA|PP755594.1|A/cattle/Texas/24-008749-003/2024(H5N1)	1758	10955
PA|PP755594.1|A/cattle/Texas/24-008749-003/2024(H5N1)	1759	10956
PA|PP755594.1|A/cattle/Texas/24-008749-003/2024(H5N1)	1760	9921
PA|PP755594.1|A/cattle/Texas/24-008749-003/2024(H5N1)	1761	9953
PA|PP755594.1|A/cattle/Texas/24-008749-003/2024(H5N1)	1762	9727
PA|PP755594.1|A/cattle/Texas/24-008749-003/2024(H5N1)	1763	10051
PA|PP755594.1|A/cattle/Texas/24-008749-003/2024(H5N1)	1764	9904
PA|PP755594.1|A/cattle/Texas/24-008749-003/2024(H5N1)	1765	8981
PA|PP755594.1|A/cattle/Texas/24-008749-003/2024(H5N1)	1766	8977
PA|PP755594.1|A/cattle/Texas/24-008749-003/2024(H5N1)	1767	8981
PA|PP755594.1|A/cattle/Texas/24-008749-003/2024(H5N1)	1768	9055
PA|PP755594.1|A/cattle/Texas/24-008749-003/2024(H5N1)	1769	9069
PA|PP755594.1|A/cattle/Texas/24-008749-003/2024(H5N1)	1770	9085
PA|PP755594.1|A/cattle/Texas/24-008749-003/2024(H5N1)	1771	9178
PA|PP755594.1|A/cattle/Texas/24-008749-003/2024(H5N1)	1772	8753
PA|PP755594.1|A/cattle/Texas/24-008749-003/2024(H5N1)	1773	8791
PA|PP755594.1|A/cattle/Texas/24-008749-003/2024(H5N1)	1774	8782
PA|PP755594.1|A/cattle/Texas/24-008749-003/2024(H5N1)	1775	8785
PA|PP755594.1|A/cattle/Texas/24-008749-003/2024(H5N1)	1776	8768
PA|PP755594.1|A/cattle/Texas/24-008749-003/2024(H5N1)	1777	8780
PA|PP755594.1|A/cattle/Texas/24-008749-003/2024(H5N1)	1778	8659
PA|PP755594.1|A/cattle/Texas/24-008749-003/2024(H5N1)	1779	9016
PA|PP755594.1|A/cattle/Texas/24-008749-003/2024(H5N1)	1780	8930
PA|PP755594.1|A/cattle/Texas/24-008749-003/2024(H5N1)	1781	9418
PA|PP755594.1|A/cattle/Texas/24-008749-003/2024(H5N1)	1782	9382
PA|PP755594.1|A/cattle/Texas/24-008749-003/2024(H5N1)	1783	9289
PA|PP755594.1|A/cattle/Texas/24-008749-003/2024(H5N1)	1784	9352
PA|PP755594.1|A/cattle/Texas/24-008749-003/2024(H5N1)	1785	9825
PA|PP755594.1|A/cattle/Texas/24-008749-003/2024(H5N1)	1786	9903
PA|PP755594.1|A/cattle/Texas/24-008749-003/2024(H5N1)	1787	9903
PA|PP755594.1|A/cattle/Texas/24-008749-003/2024(H5N1)	1788	9566
PA|PP755594.1|A/cattle/Texas/24-008749-003/2024(H5N1)	1789	9573
PA|PP755594.1|A/cattle/Texas/24-008749-003/2024(H5N1)	1790	9096
PA|PP755594.1|A/cattle/Texas/24-008749-003/2024(H5N1)	1791	9229
PA|PP755594.1|A/cattle/Texas/24-008749-003/2024(H5N1)	1792	9316
PA|PP755594.1|A/cattle/Texas/24-008749-003/2024(H5N1)	1793	9306
PA|PP755594.1|A/cattle/Texas/24-008749-003/2024(H5N1)	1794	8812
PA|PP755594.1|A/cattle/Texas/24-008749-003/2024(H5N1)	1795	8680
PA|PP755594.1|A/cattle/Texas/24-008749-003/2024(H5N1)	1796	8800
PA|PP755594.1|A/cattle/Texas/24-008749-003/2024(H5N1)	1797	9083
PA|PP755594.1|A/cattle/Texas/24-008749-003/2024(H5N1)	1798	9193
PA|PP755594.1|A/cattle/Texas/24-008749-003/2024(H5N1)	1799	9324
PA|PP755594.1|A/cattle/Texas/24-008749-003/2024(H5N1)	1800	9168
PA|PP755594.1|A/cattle/Texas/24-008749-003/2024(H5N1)	1801	9138
PA|PP755594.1|A/cattle/Texas/24-008749-003/2024(H5N1)	1802	9651
PA|PP755594.1|A/cattle/Texas/24-008749-003/2024(H5N1)	1803	9624
PA|PP755594.1|A/cattle/Texas/24-008749-003/2024(H5N1)	1804	12265
PA|PP755594.1|A/cattle/Texas/24-008749-003/2024(H5N1)	1805	12256
PA|PP755594.1|A/cattle/Texas/24-008749-003/2024(H5N1)	1806	12220
PA|PP755594.1|A/cattle/Texas/24-008749-003/2024(H5N1)	1807	12252
PA|PP755594.1|A/cattle/Texas/24-008749-003/2024(H5N1)	1808	12235
PA|PP755594.1|A/cattle/Texas/24-008749-003/2024(H5N1)	1809	12400
PA|PP755594.1|A/cattle/Texas/24-008749-003/2024(H5N1)	1810	16698
PA|PP755594.1|A/cattle/Texas/24-008749-003/2024(H5N1)	1811	16680
PA|PP755594.1|A/cattle/Texas/24-008749-003/2024(H5N1)	1812	16828
PA|PP755594.1|A/cattle/Texas/24-008749-003/2024(H5N1)	1813	16507
PA|PP755594.1|A/cattle/Texas/24-008749-003/2024(H5N1)	1814	16498
PA|PP755594.1|A/cattle/Texas/24-008749-003/2024(H5N1)	1815	18582
PA|PP755594.1|A/cattle/Texas/24-008749-003/2024(H5N1)	1816	18955
PA|PP755594.1|A/cattle/Texas/24-008749-003/2024(H5N1)	1817	18919
PA|PP755594.1|A/cattle/Texas/24-008749-003/2024(H5N1)	1818	18905
PA|PP755594.1|A/cattle/Texas/24-008749-003/2024(H5N1)	1819	17985
PA|PP755594.1|A/cattle/Texas/24-008749-003/2024(H5N1)	1820	18828
PA|PP755594.1|A/cattle/Texas/24-008749-003/2024(H5N1)	1821	19941
PA|PP755594.1|A/cattle/Texas/24-008749-003/2024(H5N1)	1822	20006
PA|PP755594.1|A/cattle/Texas/24-008749-003/2024(H5N1)	1823	20053
PA|PP755594.1|A/cattle/Texas/24-008749-003/2024(H5N1)	1824	19569
PA|PP755594.1|A/cattle/Texas/24-008749-003/2024(H5N1)	1825	19555
PA|PP755594.1|A/cattle/Texas/24-008749-003/2024(H5N1)	1826	19584
PA|PP755594.1|A/cattle/Texas/24-008749-003/2024(H5N1)	1827	19650
PA|PP755594.1|A/cattle/Texas/24-008749-003/2024(H5N1)	1828	19817
PA|PP755594.1|A/cattle/Texas/24-008749-003/2024(H5N1)	1829	19586
PA|PP755594.1|A/cattle/Texas/24-008749-003/2024(H5N1)	1830	19203
PA|PP755594.1|A/cattle/Texas/24-008749-003/2024(H5N1)	1831	19172
PA|PP755594.1|A/cattle/Texas/24-008749-003/2024(H5N1)	1832	19119
PA|PP755594.1|A/cattle/Texas/24-008749-003/2024(H5N1)	1833	19223
PA|PP755594.1|A/cattle/Texas/24-008749-003/2024(H5N1)	1834	19148
PA|PP755594.1|A/cattle/Texas/24-008749-003/2024(H5N1)	1835	19155
PA|PP755594.1|A/cattle/Texas/24-008749-003/2024(H5N1)	1836	19100
PA|PP755594.1|A/cattle/Texas/24-008749-003/2024(H5N1)	1837	19134
PA|PP755594.1|A/cattle/Texas/24-008749-003/2024(H5N1)	1838	19107
PA|PP755594.1|A/cattle/Texas/24-008749-003/2024(H5N1)	1839	19279
PA|PP755594.1|A/cattle/Texas/24-008749-003/2024(H5N1)	1840	19269
PA|PP755594.1|A/cattle/Texas/24-008749-003/2024(H5N1)	1841	19282
PA|PP755594.1|A/cattle/Texas/24-008749-003/2024(H5N1)	1842	19382
PA|PP755594.1|A/cattle/Texas/24-008749-003/2024(H5N1)	1843	19334
PA|PP755594.1|A/cattle/Texas/24-008749-003/2024(H5N1)	1844	19863
PA|PP755594.1|A/cattle/Texas/24-008749-003/2024(H5N1)	1845	20173
PA|PP755594.1|A/cattle/Texas/24-008749-003/2024(H5N1)	1846	20407
PA|PP755594.1|A/cattle/Texas/24-008749-003/2024(H5N1)	1847	20432
PA|PP755594.1|A/cattle/Texas/24-008749-003/2024(H5N1)	1848	20276
PA|PP755594.1|A/cattle/Texas/24-008749-003/2024(H5N1)	1849	20371
PA|PP755594.1|A/cattle/Texas/24-008749-003/2024(H5N1)	1850	20417
PA|PP755594.1|A/cattle/Texas/24-008749-003/2024(H5N1)	1851	20568
PA|PP755594.1|A/cattle/Texas/24-008749-003/2024(H5N1)	1852	20584
PA|PP755594.1|A/cattle/Texas/24-008749-003/2024(H5N1)	1853	20324
PA|PP755594.1|A/cattle/Texas/24-008749-003/2024(H5N1)	1854	20051
PA|PP755594.1|A/cattle/Texas/24-008749-003/2024(H5N1)	1855	19849
PA|PP755594.1|A/cattle/Texas/24-008749-003/2024(H5N1)	1856	19866
PA|PP755594.1|A/cattle/Texas/24-008749-003/2024(H5N1)	1857	20172
PA|PP755594.1|A/cattle/Texas/24-008749-003/2024(H5N1)	1858	20120
PA|PP755594.1|A/cattle/Texas/24-008749-003/2024(H5N1)	1859	20359
PA|PP755594.1|A/cattle/Texas/24-008749-003/2024(H5N1)	1860	20136
PA|PP755594.1|A/cattle/Texas/24-008749-003/2024(H5N1)	1861	20475
PA|PP755594.1|A/cattle/Texas/24-008749-003/2024(H5N1)	1862	20586
PA|PP755594.1|A/cattle/Texas/24-008749-003/2024(H5N1)	1863	20576
PA|PP755594.1|A/cattle/Texas/24-008749-003/2024(H5N1)	1864	20566
PA|PP755594.1|A/cattle/Texas/24-008749-003/2024(H5N1)	1865	20614
PA|PP755594.1|A/cattle/Texas/24-008749-003/2024(H5N1)	1866	20272
PA|PP755594.1|A/cattle/Texas/24-008749-003/2024(H5N1)	1867	20607
PA|PP755594.1|A/cattle/Texas/24-008749-003/2024(H5N1)	1868	20207
PA|PP755594.1|A/cattle/Texas/24-008749-003/2024(H5N1)	1869	20244
PA|PP755594.1|A/cattle/Texas/24-008749-003/2024(H5N1)	1870	19769
PA|PP755594.1|A/cattle/Texas/24-008749-003/2024(H5N1)	1871	19637
PA|PP755594.1|A/cattle/Texas/24-008749-003/2024(H5N1)	1872	20653
PA|PP755594.1|A/cattle/Texas/24-008749-003/2024(H5N1)	1873	21195
PA|PP755594.1|A/cattle/Texas/24-008749-003/2024(H5N1)	1874	21143
PA|PP755594.1|A/cattle/Texas/24-008749-003/2024(H5N1)	1875	21098
PA|PP755594.1|A/cattle/Texas/24-008749-003/2024(H5N1)	1876	20586
PA|PP755594.1|A/cattle/Texas/24-008749-003/2024(H5N1)	1877	20704
PA|PP755594.1|A/cattle/Texas/24-008749-003/2024(H5N1)	1878	20665
PA|PP755594.1|A/cattle/Texas/24-008749-003/2024(H5N1)	1879	21260
PA|PP755594.1|A/cattle/Texas/24-008749-003/2024(H5N1)	1880	21700
PA|PP755594.1|A/cattle/Texas/24-008749-003/2024(H5N1)	1881	20370
PA|PP755594.1|A/cattle/Texas/24-008749-003/2024(H5N1)	1882	20078
PA|PP755594.1|A/cattle/Texas/24-008749-003/2024(H5N1)	1883	19707
PA|PP755594.1|A/cattle/Texas/24-008749-003/2024(H5N1)	1884	19786
PA|PP755594.1|A/cattle/Texas/24-008749-003/2024(H5N1)	1885	20598
PA|PP755594.1|A/cattle/Texas/24-008749-003/2024(H5N1)	1886	20413
PA|PP755594.1|A/cattle/Texas/24-008749-003/2024(H5N1)	1887	20529
PA|PP755594.1|A/cattle/Texas/24-008749-003/2024(H5N1)	1888	19599
PA|PP755594.1|A/cattle/Texas/24-008749-003/2024(H5N1)	1889	18221
PA|PP755594.1|A/cattle/Texas/24-008749-003/2024(H5N1)	1890	17738
PA|PP755594.1|A/cattle/Texas/24-008749-003/2024(H5N1)	1891	17146
PA|PP755594.1|A/cattle/Texas/24-008749-003/2024(H5N1)	1892	17728
PA|PP755594.1|A/cattle/Texas/24-008749-003/2024(H5N1)	1893	17684
PA|PP755594.1|A/cattle/Texas/24-008749-003/2024(H5N1)	1894	15268
PA|PP755594.1|A/cattle/Texas/24-008749-003/2024(H5N1)	1895	15900
PA|PP755594.1|A/cattle/Texas/24-008749-003/2024(H5N1)	1896	15604
PA|PP755594.1|A/cattle/Texas/24-008749-003/2024(H5N1)	1897	15874
PA|PP755594.1|A/cattle/Texas/24-008749-003/2024(H5N1)	1898	15956
PA|PP755594.1|A/cattle/Texas/24-008749-003/2024(H5N1)	1899	15557
PA|PP755594.1|A/cattle/Texas/24-008749-003/2024(H5N1)	1900	15661
PA|PP755594.1|A/cattle/Texas/24-008749-003/2024(H5N1)	1901	15050
PA|PP755594.1|A/cattle/Texas/24-008749-003/2024(H5N1)	1902	15115
PA|PP755594.1|A/cattle/Texas/24-008749-003/2024(H5N1)	1903	15154
PA|PP755594.1|A/cattle/Texas/24-008749-003/2024(H5N1)	1904	14793
PA|PP755594.1|A/cattle/Texas/24-008749-003/2024(H5N1)	1905	14958
PA|PP755594.1|A/cattle/Texas/24-008749-003/2024(H5N1)	1906	15566
PA|PP755594.1|A/cattle/Texas/24-008749-003/2024(H5N1)	1907	15359
PA|PP755594.1|A/cattle/Texas/24-008749-003/2024(H5N1)	1908	16497
PA|PP755594.1|A/cattle/Texas/24-008749-003/2024(H5N1)	1909	16402
PA|PP755594.1|A/cattle/Texas/24-008749-003/2024(H5N1)	1910	16542
PA|PP755594.1|A/cattle/Texas/24-008749-003/2024(H5N1)	1911	16543
PA|PP755594.1|A/cattle/Texas/24-008749-003/2024(H5N1)	1912	16403
PA|PP755594.1|A/cattle/Texas/24-008749-003/2024(H5N1)	1913	16818
PA|PP755594.1|A/cattle/Texas/24-008749-003/2024(H5N1)	1914	16584
PA|PP755594.1|A/cattle/Texas/24-008749-003/2024(H5N1)	1915	16111
PA|PP755594.1|A/cattle/Texas/24-008749-003/2024(H5N1)	1916	16113
PA|PP755594.1|A/cattle/Texas/24-008749-003/2024(H5N1)	1917	15014
PA|PP755594.1|A/cattle/Texas/24-008749-003/2024(H5N1)	1918	15068
PA|PP755594.1|A/cattle/Texas/24-008749-003/2024(H5N1)	1919	14988
PA|PP755594.1|A/cattle/Texas/24-008749-003/2024(H5N1)	1920	15021
PA|PP755594.1|A/cattle/Texas/24-008749-003/2024(H5N1)	1921	15053
PA|PP755594.1|A/cattle/Texas/24-008749-003/2024(H5N1)	1922	14736
PA|PP755594.1|A/cattle/Texas/24-008749-003/2024(H5N1)	1923	15009
PA|PP755594.1|A/cattle/Texas/24-008749-003/2024(H5N1)	1924	15008
PA|PP755594.1|A/cattle/Texas/24-008749-003/2024(H5N1)	1925	15026
PA|PP755594.1|A/cattle/Texas/24-008749-003/2024(H5N1)	1926	15000
PA|PP755594.1|A/cattle/Texas/24-008749-003/2024(H5N1)	1927	14979
PA|PP755594.1|A/cattle/Texas/24-008749-003/2024(H5N1)	1928	15244
PA|PP755594.1|A/cattle/Texas/24-008749-003/2024(H5N1)	1929	15538
PA|PP755594.1|A/cattle/Texas/24-008749-003/2024(H5N1)	1930	15511
PA|PP755594.1|A/cattle/Texas/24-008749-003/2024(H5N1)	1931	15511
PA|PP755594.1|A/cattle/Texas/24-008749-003/2024(H5N1)	1932	15171
PA|PP755594.1|A/cattle/Texas/24-008749-003/2024(H5N1)	1933	15925
PA|PP755594.1|A/cattle/Texas/24-008749-003/2024(H5N1)	1934	15871
PA|PP755594.1|A/cattle/Texas/24-008749-003/2024(H5N1)	1935	16199
PA|PP755594.1|A/cattle/Texas/24-008749-003/2024(H5N1)	1936	16202
PA|PP755594.1|A/cattle/Texas/24-008749-003/2024(H5N1)	1937	15952
PA|PP755594.1|A/cattle/Texas/24-008749-003/2024(H5N1)	1938	15933
PA|PP755594.1|A/cattle/Texas/24-008749-003/2024(H5N1)	1939	15776
PA|PP755594.1|A/cattle/Texas/24-008749-003/2024(H5N1)	1940	15787
PA|PP755594.1|A/cattle/Texas/24-008749-003/2024(H5N1)	1941	15812
PA|PP755594.1|A/cattle/Texas/24-008749-003/2024(H5N1)	1942	15147
PA|PP755594.1|A/cattle/Texas/24-008749-003/2024(H5N1)	1943	17289
PA|PP755594.1|A/cattle/Texas/24-008749-003/2024(H5N1)	1944	17316
PA|PP755594.1|A/cattle/Texas/24-008749-003/2024(H5N1)	1945	17456
PA|PP755594.1|A/cattle/Texas/24-008749-003/2024(H5N1)	1946	17445
PA|PP755594.1|A/cattle/Texas/24-008749-003/2024(H5N1)	1947	18365
PA|PP755594.1|A/cattle/Texas/24-008749-003/2024(H5N1)	1948	18343
PA|PP755594.1|A/cattle/Texas/24-008749-003/2024(H5N1)	1949	18466
PA|PP755594.1|A/cattle/Texas/24-008749-003/2024(H5N1)	1950	18492
PA|PP755594.1|A/cattle/Texas/24-008749-003/2024(H5N1)	1951	18488
PA|PP755594.1|A/cattle/Texas/24-008749-003/2024(H5N1)	1952	16918
PA|PP755594.1|A/cattle/Texas/24-008749-003/2024(H5N1)	1953	16497
PA|PP755594.1|A/cattle/Texas/24-008749-003/2024(H5N1)	1954	16367
PA|PP755594.1|A/cattle/Texas/24-008749-003/2024(H5N1)	1955	16701
PA|PP755594.1|A/cattle/Texas/24-008749-003/2024(H5N1)	1956	16300
PA|PP755594.1|A/cattle/Texas/24-008749-003/2024(H5N1)	1957	18089
PA|PP755594.1|A/cattle/Texas/24-008749-003/2024(H5N1)	1958	17976
PA|PP755594.1|A/cattle/Texas/24-008749-003/2024(H5N1)	1959	17861
PA|PP755594.1|A/cattle/Texas/24-008749-003/2024(H5N1)	1960	18032
PA|PP755594.1|A/cattle/Texas/24-008749-003/2024(H5N1)	1961	17871
PA|PP755594.1|A/cattle/Texas/24-008749-003/2024(H5N1)	1962	18402
PA|PP755594.1|A/cattle/Texas/24-008749-003/2024(H5N1)	1963	19150
PA|PP755594.1|A/cattle/Texas/24-008749-003/2024(H5N1)	1964	19069
PA|PP755594.1|A/cattle/Texas/24-008749-003/2024(H5N1)	1965	18882
PA|PP755594.1|A/cattle/Texas/24-008749-003/2024(H5N1)	1966	18396
PA|PP755594.1|A/cattle/Texas/24-008749-003/2024(H5N1)	1967	18416
PA|PP755594.1|A/cattle/Texas/24-008749-003/2024(H5N1)	1968	18525
PA|PP755594.1|A/cattle/Texas/24-008749-003/2024(H5N1)	1969	18515
PA|PP755594.1|A/cattle/Texas/24-008749-003/2024(H5N1)	1970	18847
PA|PP755594.1|A/cattle/Texas/24-008749-003/2024(H5N1)	1971	22287
PA|PP755594.1|A/cattle/Texas/24-008749-003/2024(H5N1)	1972	21964
PA|PP755594.1|A/cattle/Texas/24-008749-003/2024(H5N1)	1973	22185
PA|PP755594.1|A/cattle/Texas/24-008749-003/2024(H5N1)	1974	22173
PA|PP755594.1|A/cattle/Texas/24-008749-003/2024(H5N1)	1975	22219
PA|PP755594.1|A/cattle/Texas/24-008749-003/2024(H5N1)	1976	22742
PA|PP755594.1|A/cattle/Texas/24-008749-003/2024(H5N1)	1977	22672
PA|PP755594.1|A/cattle/Texas/24-008749-003/2024(H5N1)	1978	22746
PA|PP755594.1|A/cattle/Texas/24-008749-003/2024(H5N1)	1979	22766
PA|PP755594.1|A/cattle/Texas/24-008749-003/2024(H5N1)	1980	20562
PA|PP755594.1|A/cattle/Texas/24-008749-003/2024(H5N1)	1981	20639
PA|PP755594.1|A/cattle/Texas/24-008749-003/2024(H5N1)	1982	20458
PA|PP755594.1|A/cattle/Texas/24-008749-003/2024(H5N1)	1983	20493
PA|PP755594.1|A/cattle/Texas/24-008749-003/2024(H5N1)	1984	20497
PA|PP755594.1|A/cattle/Texas/24-008749-003/2024(H5N1)	1985	20248
PA|PP755594.1|A/cattle/Texas/24-008749-003/2024(H5N1)	1986	20229
PA|PP755594.1|A/cattle/Texas/24-008749-003/2024(H5N1)	1987	20205
PA|PP755594.1|A/cattle/Texas/24-008749-003/2024(H5N1)	1988	20309
PA|PP755594.1|A/cattle/Texas/24-008749-003/2024(H5N1)	1989	20330
PA|PP755594.1|A/cattle/Texas/24-008749-003/2024(H5N1)	1990	20263
PA|PP755594.1|A/cattle/Texas/24-008749-003/2024(H5N1)	1991	20304
PA|PP755594.1|A/cattle/Texas/24-008749-003/2024(H5N1)	1992	20276
PA|PP755594.1|A/cattle/Texas/24-008749-003/2024(H5N1)	1993	20327
PA|PP755594.1|A/cattle/Texas/24-008749-003/2024(H5N1)	1994	20256
PA|PP755594.1|A/cattle/Texas/24-008749-003/2024(H5N1)	1995	20359
PA|PP755594.1|A/cattle/Texas/24-008749-003/2024(H5N1)	1996	20285
PA|PP755594.1|A/cattle/Texas/24-008749-003/2024(H5N1)	1997	20169
PA|PP755594.1|A/cattle/Texas/24-008749-003/2024(H5N1)	1998	20263
PA|PP755594.1|A/cattle/Texas/24-008749-003/2024(H5N1)	1999	20264
PA|PP755594.1|A/cattle/Texas/24-008749-003/2024(H5N1)	2000	20532
PA|PP755594.1|A/cattle/Texas/24-008749-003/2024(H5N1)	2001	20557
PA|PP755594.1|A/cattle/Texas/24-008749-003/2024(H5N1)	2002	20514
PA|PP755594.1|A/cattle/Texas/24-008749-003/2024(H5N1)	2003	20625
PA|PP755594.1|A/cattle/Texas/24-008749-003/2024(H5N1)	2004	20506
PA|PP755594.1|A/cattle/Texas/24-008749-003/2024(H5N1)	2005	21153
PA|PP755594.1|A/cattle/Texas/24-008749-003/2024(H5N1)	2006	21129
PA|PP755594.1|A/cattle/Texas/24-008749-003/2024(H5N1)	2007	21050
PA|PP755594.1|A/cattle/Texas/24-008749-003/2024(H5N1)	2008	21000
PA|PP755594.1|A/cattle/Texas/24-008749-003/2024(H5N1)	2009	20217
PA|PP755594.1|A/cattle/Texas/24-008749-003/2024(H5N1)	2010	20358
PA|PP755594.1|A/cattle/Texas/24-008749-003/2024(H5N1)	2011	20367
PA|PP755594.1|A/cattle/Texas/24-008749-003/2024(H5N1)	2012	20376
PA|PP755594.1|A/cattle/Texas/24-008749-003/2024(H5N1)	2013	20357
PA|PP755594.1|A/cattle/Texas/24-008749-003/2024(H5N1)	2014	20688
PA|PP755594.1|A/cattle/Texas/24-008749-003/2024(H5N1)	2015	19742
PA|PP755594.1|A/cattle/Texas/24-008749-003/2024(H5N1)	2016	19747
PA|PP755594.1|A/cattle/Texas/24-008749-003/2024(H5N1)	2017	19748
PA|PP755594.1|A/cattle/Texas/24-008749-003/2024(H5N1)	2018	19853
PA|PP755594.1|A/cattle/Texas/24-008749-003/2024(H5N1)	2019	19607
PA|PP755594.1|A/cattle/Texas/24-008749-003/2024(H5N1)	2020	19553
PA|PP755594.1|A/cattle/Texas/24-008749-003/2024(H5N1)	2021	19162
PA|PP755594.1|A/cattle/Texas/24-008749-003/2024(H5N1)	2022	19084
PA|PP755594.1|A/cattle/Texas/24-008749-003/2024(H5N1)	2023	15463
PA|PP755594.1|A/cattle/Texas/24-008749-003/2024(H5N1)	2024	16063
PA|PP755594.1|A/cattle/Texas/24-008749-003/2024(H5N1)	2025	16218
PA|PP755594.1|A/cattle/Texas/24-008749-003/2024(H5N1)	2026	16176
PA|PP755594.1|A/cattle/Texas/24-008749-003/2024(H5N1)	2027	15621
PA|PP755594.1|A/cattle/Texas/24-008749-003/2024(H5N1)	2028	15428
PA|PP755594.1|A/cattle/Texas/24-008749-003/2024(H5N1)	2029	15439
PA|PP755594.1|A/cattle/Texas/24-008749-003/2024(H5N1)	2030	15418
PA|PP755594.1|A/cattle/Texas/24-008749-003/2024(H5N1)	2031	15543
PA|PP755594.1|A/cattle/Texas/24-008749-003/2024(H5N1)	2032	15635
PA|PP755594.1|A/cattle/Texas/24-008749-003/2024(H5N1)	2033	11747
PA|PP755594.1|A/cattle/Texas/24-008749-003/2024(H5N1)	2034	10888
PA|PP755594.1|A/cattle/Texas/24-008749-003/2024(H5N1)	2035	10852
PA|PP755594.1|A/cattle/Texas/24-008749-003/2024(H5N1)	2036	10846
PA|PP755594.1|A/cattle/Texas/24-008749-003/2024(H5N1)	2037	10832
PA|PP755594.1|A/cattle/Texas/24-008749-003/2024(H5N1)	2038	10781
PA|PP755594.1|A/cattle/Texas/24-008749-003/2024(H5N1)	2039	10888
PA|PP755594.1|A/cattle/Texas/24-008749-003/2024(H5N1)	2040	9201
PA|PP755594.1|A/cattle/Texas/24-008749-003/2024(H5N1)	2041	8492
PA|PP755594.1|A/cattle/Texas/24-008749-003/2024(H5N1)	2042	8519
PA|PP755594.1|A/cattle/Texas/24-008749-003/2024(H5N1)	2043	8507
PA|PP755594.1|A/cattle/Texas/24-008749-003/2024(H5N1)	2044	8440
PA|PP755594.1|A/cattle/Texas/24-008749-003/2024(H5N1)	2045	8666
PA|PP755594.1|A/cattle/Texas/24-008749-003/2024(H5N1)	2046	8658
PA|PP755594.1|A/cattle/Texas/24-008749-003/2024(H5N1)	2047	8505
PA|PP755594.1|A/cattle/Texas/24-008749-003/2024(H5N1)	2048	8197
PA|PP755594.1|A/cattle/Texas/24-008749-003/2024(H5N1)	2049	8119
PA|PP755594.1|A/cattle/Texas/24-008749-003/2024(H5N1)	2050	8097
PA|PP755594.1|A/cattle/Texas/24-008749-003/2024(H5N1)	2051	8157
PA|PP755594.1|A/cattle/Texas/24-008749-003/2024(H5N1)	2052	8158
PA|PP755594.1|A/cattle/Texas/24-008749-003/2024(H5N1)	2053	8648
PA|PP755594.1|A/cattle/Texas/24-008749-003/2024(H5N1)	2054	8393
PA|PP755594.1|A/cattle/Texas/24-008749-003/2024(H5N1)	2055	8541
PA|PP755594.1|A/cattle/Texas/24-008749-003/2024(H5N1)	2056	8477
PA|PP755594.1|A/cattle/Texas/24-008749-003/2024(H5N1)	2057	8439
PA|PP755594.1|A/cattle/Texas/24-008749-003/2024(H5N1)	2058	9136
PA|PP755594.1|A/cattle/Texas/24-008749-003/2024(H5N1)	2059	9136
PA|PP755594.1|A/cattle/Texas/24-008749-003/2024(H5N1)	2060	9147
PA|PP755594.1|A/cattle/Texas/24-008749-003/2024(H5N1)	2061	9140
PA|PP755594.1|A/cattle/Texas/24-008749-003/2024(H5N1)	2062	8632
PA|PP755594.1|A/cattle/Texas/24-008749-003/2024(H5N1)	2063	8664
PA|PP755594.1|A/cattle/Texas/24-008749-003/2024(H5N1)	2064	8526
PA|PP755594.1|A/cattle/Texas/24-008749-003/2024(H5N1)	2065	8555
PA|PP755594.1|A/cattle/Texas/24-008749-003/2024(H5N1)	2066	8957
PA|PP755594.1|A/cattle/Texas/24-008749-003/2024(H5N1)	2067	8199
PA|PP755594.1|A/cattle/Texas/24-008749-003/2024(H5N1)	2068	9219
PA|PP755594.1|A/cattle/Texas/24-008749-003/2024(H5N1)	2069	9213
PA|PP755594.1|A/cattle/Texas/24-008749-003/2024(H5N1)	2070	9208
PA|PP755594.1|A/cattle/Texas/24-008749-003/2024(H5N1)	2071	9310
PA|PP755594.1|A/cattle/Texas/24-008749-003/2024(H5N1)	2072	9250
PA|PP755594.1|A/cattle/Texas/24-008749-003/2024(H5N1)	2073	9281
PA|PP755594.1|A/cattle/Texas/24-008749-003/2024(H5N1)	2074	9281
PA|PP755594.1|A/cattle/Texas/24-008749-003/2024(H5N1)	2075	8792
PA|PP755594.1|A/cattle/Texas/24-008749-003/2024(H5N1)	2076	9180
PA|PP755594.1|A/cattle/Texas/24-008749-003/2024(H5N1)	2077	8133
PA|PP755594.1|A/cattle/Texas/24-008749-003/2024(H5N1)	2078	8147
PA|PP755594.1|A/cattle/Texas/24-008749-003/2024(H5N1)	2079	8166
PA|PP755594.1|A/cattle/Texas/24-008749-003/2024(H5N1)	2080	8103
PA|PP755594.1|A/cattle/Texas/24-008749-003/2024(H5N1)	2081	8059
PA|PP755594.1|A/cattle/Texas/24-008749-003/2024(H5N1)	2082	8340
PA|PP755594.1|A/cattle/Texas/24-008749-003/2024(H5N1)	2083	8344
PA|PP755594.1|A/cattle/Texas/24-008749-003/2024(H5N1)	2084	8349
PA|PP755594.1|A/cattle/Texas/24-008749-003/2024(H5N1)	2085	8005
PA|PP755594.1|A/cattle/Texas/24-008749-003/2024(H5N1)	2086	8007
PA|PP755594.1|A/cattle/Texas/24-008749-003/2024(H5N1)	2087	8009
PA|PP755594.1|A/cattle/Texas/24-008749-003/2024(H5N1)	2088	7986
PA|PP755594.1|A/cattle/Texas/24-008749-003/2024(H5N1)	2089	7980
PA|PP755594.1|A/cattle/Texas/24-008749-003/2024(H5N1)	2090	8102
PA|PP755594.1|A/cattle/Texas/24-008749-003/2024(H5N1)	2091	7995
PA|PP755594.1|A/cattle/Texas/24-008749-003/2024(H5N1)	2092	8004
PA|PP755594.1|A/cattle/Texas/24-008749-003/2024(H5N1)	2093	8000
PA|PP755594.1|A/cattle/Texas/24-008749-003/2024(H5N1)	2094	7991
PA|PP755594.1|A/cattle/Texas/24-008749-003/2024(H5N1)	2095	7956
PA|PP755594.1|A/cattle/Texas/24-008749-003/2024(H5N1)	2096	8111
PA|PP755594.1|A/cattle/Texas/24-008749-003/2024(H5N1)	2097	8135
PA|PP755594.1|A/cattle/Texas/24-008749-003/2024(H5N1)	2098	8308
PA|PP755594.1|A/cattle/Texas/24-008749-003/2024(H5N1)	2099	8154
PA|PP755594.1|A/cattle/Texas/24-008749-003/2024(H5N1)	2100	7868
PA|PP755594.1|A/cattle/Texas/24-008749-003/2024(H5N1)	2101	7850
PA|PP755594.1|A/cattle/Texas/24-008749-003/2024(H5N1)	2102	7837
PA|PP755594.1|A/cattle/Texas/24-008749-003/2024(H5N1)	2103	8275
PA|PP755594.1|A/cattle/Texas/24-008749-003/2024(H5N1)	2104	8266
PA|PP755594.1|A/cattle/Texas/24-008749-003/2024(H5N1)	2105	8142
PA|PP755594.1|A/cattle/Texas/24-008749-003/2024(H5N1)	2106	8120
PA|PP755594.1|A/cattle/Texas/24-008749-003/2024(H5N1)	2107	7897
PA|PP755594.1|A/cattle/Texas/24-008749-003/2024(H5N1)	2108	7972
PA|PP755594.1|A/cattle/Texas/24-008749-003/2024(H5N1)	2109	7973
PA|PP755594.1|A/cattle/Texas/24-008749-003/2024(H5N1)	2110	7987
PA|PP755594.1|A/cattle/Texas/24-008749-003/2024(H5N1)	2111	7991
PA|PP755594.1|A/cattle/Texas/24-008749-003/2024(H5N1)	2112	7605
PA|PP755594.1|A/cattle/Texas/24-008749-003/2024(H5N1)	2113	7720
PA|PP755594.1|A/cattle/Texas/24-008749-003/2024(H5N1)	2114	7706
PA|PP755594.1|A/cattle/Texas/24-008749-003/2024(H5N1)	2115	7685
PA|PP755594.1|A/cattle/Texas/24-008749-003/2024(H5N1)	2116	7740
PA|PP755594.1|A/cattle/Texas/24-008749-003/2024(H5N1)	2117	7656
PA|PP755594.1|A/cattle/Texas/24-008749-003/2024(H5N1)	2118	8100
PA|PP755594.1|A/cattle/Texas/24-008749-003/2024(H5N1)	2119	8079
PA|PP755594.1|A/cattle/Texas/24-008749-003/2024(H5N1)	2120	8049
PA|PP755594.1|A/cattle/Texas/24-008749-003/2024(H5N1)	2121	7964
PA|PP755594.1|A/cattle/Texas/24-008749-003/2024(H5N1)	2122	7848
PA|PP755594.1|A/cattle/Texas/24-008749-003/2024(H5N1)	2123	7981
PA|PP755594.1|A/cattle/Texas/24-008749-003/2024(H5N1)	2124	8011
PA|PP755594.1|A/cattle/Texas/24-008749-003/2024(H5N1)	2125	7910
PA|PP755594.1|A/cattle/Texas/24-008749-003/2024(H5N1)	2126	7952
PA|PP755594.1|A/cattle/Texas/24-008749-003/2024(H5N1)	2127	7518
PA|PP755594.1|A/cattle/Texas/24-008749-003/2024(H5N1)	2128	7533
PA|PP755594.1|A/cattle/Texas/24-008749-003/2024(H5N1)	2129	7668
PA|PP755594.1|A/cattle/Texas/24-008749-003/2024(H5N1)	2130	7834
PA|PP755594.1|A/cattle/Texas/24-008749-003/2024(H5N1)	2131	7823
PA|PP755594.1|A/cattle/Texas/24-008749-003/2024(H5N1)	2132	7720
PA|PP755594.1|A/cattle/Texas/24-008749-003/2024(H5N1)	2133	7741
PA|PP755594.1|A/cattle/Texas/24-008749-003/2024(H5N1)	2134	7728
PA|PP755594.1|A/cattle/Texas/24-008749-003/2024(H5N1)	2135	7684
PA|PP755594.1|A/cattle/Texas/24-008749-003/2024(H5N1)	2136	7581
PA|PP755594.1|A/cattle/Texas/24-008749-003/2024(H5N1)	2137	7525
PA|PP755594.1|A/cattle/Texas/24-008749-003/2024(H5N1)	2138	7405
PA|PP755594.1|A/cattle/Texas/24-008749-003/2024(H5N1)	2139	7204
PA|PP755594.1|A/cattle/Texas/24-008749-003/2024(H5N1)	2140	7187
PA|PP755594.1|A/cattle/Texas/24-008749-003/2024(H5N1)	2141	7167
PA|PP755594.1|A/cattle/Texas/24-008749-003/2024(H5N1)	2142	7095
PA|PP755594.1|A/cattle/Texas/24-008749-003/2024(H5N1)	2143	7093
PA|PP755594.1|A/cattle/Texas/24-008749-003/2024(H5N1)	2144	6700
PA|PP755594.1|A/cattle/Texas/24-008749-003/2024(H5N1)	2145	6699
PA|PP755594.1|A/cattle/Texas/24-008749-003/2024(H5N1)	2146	6655
PA|PP755594.1|A/cattle/Texas/24-008749-003/2024(H5N1)	2147	6631
PA|PP755594.1|A/cattle/Texas/24-008749-003/2024(H5N1)	2148	6600
PA|PP755594.1|A/cattle/Texas/24-008749-003/2024(H5N1)	2149	6539
PA|PP755594.1|A/cattle/Texas/24-008749-003/2024(H5N1)	2150	6338
PA|PP755594.1|A/cattle/Texas/24-008749-003/2024(H5N1)	2151	6330
