PB2|PP755596.1|A/cattle/Texas/24-008749-003/2024(H5N1)	1	6361
PB2|PP755596.1|A/cattle/Texas/24-008749-003/2024(H5N1)	2	6374
PB2|PP755596.1|A/cattle/Texas/24-008749-003/2024(H5N1)	3	6455
PB2|PP755596.1|A/cattle/Texas/24-008749-003/2024(H5N1)	4	6471
PB2|PP755596.1|A/cattle/Texas/24-008749-003/2024(H5N1)	5	6499
PB2|PP755596.1|A/cattle/Texas/24-008749-003/2024(H5N1)	6	6537
PB2|PP755596.1|A/cattle/Texas/24-008749-003/2024(H5N1)	7	6554
PB2|PP755596.1|A/cattle/Texas/24-008749-003/2024(H5N1)	8	7149
PB2|PP755596.1|A/cattle/Texas/24-008749-003/2024(H5N1)	9	7171
PB2|PP755596.1|A/cattle/Texas/24-008749-003/2024(H5N1)	10	7193
PB2|PP755596.1|A/cattle/Texas/24-008749-003/2024(H5N1)	11	7309
PB2|PP755596.1|A/cattle/Texas/24-008749-003/2024(H5N1)	12	7325
PB2|PP755596.1|A/cattle/Texas/24-008749-003/2024(H5N1)	13	7372
PB2|PP755596.1|A/cattle/Texas/24-008749-003/2024(H5N1)	14	7377
PB2|PP755596.1|A/cattle/Texas/24-008749-003/2024(H5N1)	15	7384
PB2|PP755596.1|A/cattle/Texas/24-008749-003/2024(H5N1)	16	7501
PB2|PP755596.1|A/cattle/Texas/24-008749-003/2024(H5N1)	17	7542
PB2|PP755596.1|A/cattle/Texas/24-008749-003/2024(H5N1)	18	7567
PB2|PP755596.1|A/cattle/Texas/24-008749-003/2024(H5N1)	19	7582
PB2|PP755596.1|A/cattle/Texas/24-008749-003/2024(H5N1)	20	7587
PB2|PP755596.1|A/cattle/Texas/24-008749-003/2024(H5N1)	21	7630
PB2|PP755596.1|A/cattle/Texas/24-008749-003/2024(H5N1)	22	7653
PB2|PP755596.1|A/cattle/Texas/24-008749-003/2024(H5N1)	23	7687
PB2|PP755596.1|A/cattle/Texas/24-008749-003/2024(H5N1)	24	7716
PB2|PP755596.1|A/cattle/Texas/24-008749-003/2024(H5N1)	25	7894
PB2|PP755596.1|A/cattle/Texas/24-008749-003/2024(H5N1)	26	8225
PB2|PP755596.1|A/cattle/Texas/24-008749-003/2024(H5N1)	27	8231
PB2|PP755596.1|A/cattle/Texas/24-008749-003/2024(H5N1)	28	8264
PB2|PP755596.1|A/cattle/Texas/24-008749-003/2024(H5N1)	29	8279
PB2|PP755596.1|A/cattle/Texas/24-008749-003/2024(H5N1)	30	8309
PB2|PP755596.1|A/cattle/Texas/24-008749-003/2024(H5N1)	31	8377
PB2|PP755596.1|A/cattle/Texas/24-008749-003/2024(H5N1)	32	8392
PB2|PP755596.1|A/cattle/Texas/24-008749-003/2024(H5N1)	33	8415
PB2|PP755596.1|A/cattle/Texas/24-008749-003/2024(H5N1)	34	8471
PB2|PP755596.1|A/cattle/Texas/24-008749-003/2024(H5N1)	35	8458
PB2|PP755596.1|A/cattle/Texas/24-008749-003/2024(H5N1)	36	8459
PB2|PP755596.1|A/cattle/Texas/24-008749-003/2024(H5N1)	37	8472
PB2|PP755596.1|A/cattle/Texas/24-008749-003/2024(H5N1)	38	8472
PB2|PP755596.1|A/cattle/Texas/24-008749-003/2024(H5N1)	39	8772
PB2|PP755596.1|A/cattle/Texas/24-008749-003/2024(H5N1)	40	8848
PB2|PP755596.1|A/cattle/Texas/24-008749-003/2024(H5N1)	41	8866
PB2|PP755596.1|A/cattle/Texas/24-008749-003/2024(H5N1)	42	8871
PB2|PP755596.1|A/cattle/Texas/24-008749-003/2024(H5N1)	43	8906
PB2|PP755596.1|A/cattle/Texas/24-008749-003/2024(H5N1)	44	8912
PB2|PP755596.1|A/cattle/Texas/24-008749-003/2024(H5N1)	45	8948
PB2|PP755596.1|A/cattle/Texas/24-008749-003/2024(H5N1)	46	8983
PB2|PP755596.1|A/cattle/Texas/24-008749-003/2024(H5N1)	47	9055
PB2|PP755596.1|A/cattle/Texas/24-008749-003/2024(H5N1)	48	9056
PB2|PP755596.1|A/cattle/Texas/24-008749-003/2024(H5N1)	49	9247
PB2|PP755596.1|A/cattle/Texas/24-008749-003/2024(H5N1)	50	9265
PB2|PP755596.1|A/cattle/Texas/24-008749-003/2024(H5N1)	51	9311
PB2|PP755596.1|A/cattle/Texas/24-008749-003/2024(H5N1)	52	9312
PB2|PP755596.1|A/cattle/Texas/24-008749-003/2024(H5N1)	53	9385
PB2|PP755596.1|A/cattle/Texas/24-008749-003/2024(H5N1)	54	9391
PB2|PP755596.1|A/cattle/Texas/24-008749-003/2024(H5N1)	55	9727
PB2|PP755596.1|A/cattle/Texas/24-008749-003/2024(H5N1)	56	9762
PB2|PP755596.1|A/cattle/Texas/24-008749-003/2024(H5N1)	57	9787
PB2|PP755596.1|A/cattle/Texas/24-008749-003/2024(H5N1)	58	9814
PB2|PP755596.1|A/cattle/Texas/24-008749-003/2024(H5N1)	59	9812
PB2|PP755596.1|A/cattle/Texas/24-008749-003/2024(H5N1)	60	9960
PB2|PP755596.1|A/cattle/Texas/24-008749-003/2024(H5N1)	61	10036
PB2|PP755596.1|A/cattle/Texas/24-008749-003/2024(H5N1)	62	10086
PB2|PP755596.1|A/cattle/Texas/24-008749-003/2024(H5N1)	63	10106
PB2|PP755596.1|A/cattle/Texas/24-008749-003/2024(H5N1)	64	10100
PB2|PP755596.1|A/cattle/Texas/24-008749-003/2024(H5N1)	65	10128
PB2|PP755596.1|A/cattle/Texas/24-008749-003/2024(H5N1)	66	10195
PB2|PP755596.1|A/cattle/Texas/24-008749-003/2024(H5N1)	67	10214
PB2|PP755596.1|A/cattle/Texas/24-008749-003/2024(H5N1)	68	10302
PB2|PP755596.1|A/cattle/Texas/24-008749-003/2024(H5N1)	69	10294
PB2|PP755596.1|A/cattle/Texas/24-008749-003/2024(H5N1)	70	10314
PB2|PP755596.1|A/cattle/Texas/24-008749-003/2024(H5N1)	71	10477
PB2|PP755596.1|A/cattle/Texas/24-008749-003/2024(H5N1)	72	10492
PB2|PP755596.1|A/cattle/Texas/24-008749-003/2024(H5N1)	73	10711
PB2|PP755596.1|A/cattle/Texas/24-008749-003/2024(H5N1)	74	10740
PB2|PP755596.1|A/cattle/Texas/24-008749-003/2024(H5N1)	75	10759
PB2|PP755596.1|A/cattle/Texas/24-008749-003/2024(H5N1)	76	10776
PB2|PP755596.1|A/cattle/Texas/24-008749-003/2024(H5N1)	77	10804
PB2|PP755596.1|A/cattle/Texas/24-008749-003/2024(H5N1)	78	10929
PB2|PP755596.1|A/cattle/Texas/24-008749-003/2024(H5N1)	79	10960
PB2|PP755596.1|A/cattle/Texas/24-008749-003/2024(H5N1)	80	10963
PB2|PP755596.1|A/cattle/Texas/24-008749-003/2024(H5N1)	81	11029
PB2|PP755596.1|A/cattle/Texas/24-008749-003/2024(H5N1)	82	10935
PB2|PP755596.1|A/cattle/Texas/24-008749-003/2024(H5N1)	83	10953
PB2|PP755596.1|A/cattle/Texas/24-008749-003/2024(H5N1)	84	10975
PB2|PP755596.1|A/cattle/Texas/24-008749-003/2024(H5N1)	85	10997
PB2|PP755596.1|A/cattle/Texas/24-008749-003/2024(H5N1)	86	11034
PB2|PP755596.1|A/cattle/Texas/24-008749-003/2024(H5N1)	87	11044
PB2|PP755596.1|A/cattle/Texas/24-008749-003/2024(H5N1)	88	11117
PB2|PP755596.1|A/cattle/Texas/24-008749-003/2024(H5N1)	89	11163
PB2|PP755596.1|A/cattle/Texas/24-008749-003/2024(H5N1)	90	11204
PB2|PP755596.1|A/cattle/Texas/24-008749-003/2024(H5N1)	91	11361
PB2|PP755596.1|A/cattle/Texas/24-008749-003/2024(H5N1)	92	11396
PB2|PP755596.1|A/cattle/Texas/24-008749-003/2024(H5N1)	93	11397
PB2|PP755596.1|A/cattle/Texas/24-008749-003/2024(H5N1)	94	11397
PB2|PP755596.1|A/cattle/Texas/24-008749-003/2024(H5N1)	95	11340
PB2|PP755596.1|A/cattle/Texas/24-008749-003/2024(H5N1)	96	11409
PB2|PP755596.1|A/cattle/Texas/24-008749-003/2024(H5N1)	97	11503
PB2|PP755596.1|A/cattle/Texas/24-008749-003/2024(H5N1)	98	11489
PB2|PP755596.1|A/cattle/Texas/24-008749-003/2024(H5N1)	99	11639
PB2|PP755596.1|A/cattle/Texas/24-008749-003/2024(H5N1)	100	11596
PB2|PP755596.1|A/cattle/Texas/24-008749-003/2024(H5N1)	101	11609
PB2|PP755596.1|A/cattle/Texas/24-008749-003/2024(H5N1)	102	11645
PB2|PP755596.1|A/cattle/Texas/24-008749-003/2024(H5N1)	103	11639
PB2|PP755596.1|A/cattle/Texas/24-008749-003/2024(H5N1)	104	11772
PB2|PP755596.1|A/cattle/Texas/24-008749-003/2024(H5N1)	105	11776
PB2|PP755596.1|A/cattle/Texas/24-008749-003/2024(H5N1)	106	11779
PB2|PP755596.1|A/cattle/Texas/24-008749-003/2024(H5N1)	107	11758
PB2|PP755596.1|A/cattle/Texas/24-008749-003/2024(H5N1)	108	11672
PB2|PP755596.1|A/cattle/Texas/24-008749-003/2024(H5N1)	109	11632
PB2|PP755596.1|A/cattle/Texas/24-008749-003/2024(H5N1)	110	11502
PB2|PP755596.1|A/cattle/Texas/24-008749-003/2024(H5N1)	111	11500
PB2|PP755596.1|A/cattle/Texas/24-008749-003/2024(H5N1)	112	11496
PB2|PP755596.1|A/cattle/Texas/24-008749-003/2024(H5N1)	113	11645
PB2|PP755596.1|A/cattle/Texas/24-008749-003/2024(H5N1)	114	11631
PB2|PP755596.1|A/cattle/Texas/24-008749-003/2024(H5N1)	115	11640
PB2|PP755596.1|A/cattle/Texas/24-008749-003/2024(H5N1)	116	11644
PB2|PP755596.1|A/cattle/Texas/24-008749-003/2024(H5N1)	117	11629
PB2|PP755596.1|A/cattle/Texas/24-008749-003/2024(H5N1)	118	11666
PB2|PP755596.1|A/cattle/Texas/24-008749-003/2024(H5N1)	119	11708
PB2|PP755596.1|A/cattle/Texas/24-008749-003/2024(H5N1)	120	11682
PB2|PP755596.1|A/cattle/Texas/24-008749-003/2024(H5N1)	121	11663
PB2|PP755596.1|A/cattle/Texas/24-008749-003/2024(H5N1)	122	11428
PB2|PP755596.1|A/cattle/Texas/24-008749-003/2024(H5N1)	123	11088
PB2|PP755596.1|A/cattle/Texas/24-008749-003/2024(H5N1)	124	9131
PB2|PP755596.1|A/cattle/Texas/24-008749-003/2024(H5N1)	125	8300
PB2|PP755596.1|A/cattle/Texas/24-008749-003/2024(H5N1)	126	7554
PB2|PP755596.1|A/cattle/Texas/24-008749-003/2024(H5N1)	127	7538
PB2|PP755596.1|A/cattle/Texas/24-008749-003/2024(H5N1)	128	7534
PB2|PP755596.1|A/cattle/Texas/24-008749-003/2024(H5N1)	129	7223
PB2|PP755596.1|A/cattle/Texas/24-008749-003/2024(H5N1)	130	7259
PB2|PP755596.1|A/cattle/Texas/24-008749-003/2024(H5N1)	131	7281
PB2|PP755596.1|A/cattle/Texas/24-008749-003/2024(H5N1)	132	7290
PB2|PP755596.1|A/cattle/Texas/24-008749-003/2024(H5N1)	133	6919
PB2|PP755596.1|A/cattle/Texas/24-008749-003/2024(H5N1)	134	6940
PB2|PP755596.1|A/cattle/Texas/24-008749-003/2024(H5N1)	135	6936
PB2|PP755596.1|A/cattle/Texas/24-008749-003/2024(H5N1)	136	6933
PB2|PP755596.1|A/cattle/Texas/24-008749-003/2024(H5N1)	137	7021
PB2|PP755596.1|A/cattle/Texas/24-008749-003/2024(H5N1)	138	6680
PB2|PP755596.1|A/cattle/Texas/24-008749-003/2024(H5N1)	139	5386
PB2|PP755596.1|A/cattle/Texas/24-008749-003/2024(H5N1)	140	5036
PB2|PP755596.1|A/cattle/Texas/24-008749-003/2024(H5N1)	141	4922
PB2|PP755596.1|A/cattle/Texas/24-008749-003/2024(H5N1)	142	4104
PB2|PP755596.1|A/cattle/Texas/24-008749-003/2024(H5N1)	143	3950
PB2|PP755596.1|A/cattle/Texas/24-008749-003/2024(H5N1)	144	3570
PB2|PP755596.1|A/cattle/Texas/24-008749-003/2024(H5N1)	145	3487
PB2|PP755596.1|A/cattle/Texas/24-008749-003/2024(H5N1)	146	3484
PB2|PP755596.1|A/cattle/Texas/24-008749-003/2024(H5N1)	147	3481
PB2|PP755596.1|A/cattle/Texas/24-008749-003/2024(H5N1)	148	3452
PB2|PP755596.1|A/cattle/Texas/24-008749-003/2024(H5N1)	149	3445
PB2|PP755596.1|A/cattle/Texas/24-008749-003/2024(H5N1)	150	3415
PB2|PP755596.1|A/cattle/Texas/24-008749-003/2024(H5N1)	151	3413
PB2|PP755596.1|A/cattle/Texas/24-008749-003/2024(H5N1)	152	3397
PB2|PP755596.1|A/cattle/Texas/24-008749-003/2024(H5N1)	153	3394
PB2|PP755596.1|A/cattle/Texas/24-008749-003/2024(H5N1)	154	3352
PB2|PP755596.1|A/cattle/Texas/24-008749-003/2024(H5N1)	155	3274
PB2|PP755596.1|A/cattle/Texas/24-008749-003/2024(H5N1)	156	3204
PB2|PP755596.1|A/cattle/Texas/24-008749-003/2024(H5N1)	157	3194
PB2|PP755596.1|A/cattle/Texas/24-008749-003/2024(H5N1)	158	3169
PB2|PP755596.1|A/cattle/Texas/24-008749-003/2024(H5N1)	159	2953
PB2|PP755596.1|A/cattle/Texas/24-008749-003/2024(H5N1)	160	2859
PB2|PP755596.1|A/cattle/Texas/24-008749-003/2024(H5N1)	161	2855
PB2|PP755596.1|A/cattle/Texas/24-008749-003/2024(H5N1)	162	2817
PB2|PP755596.1|A/cattle/Texas/24-008749-003/2024(H5N1)	163	2775
PB2|PP755596.1|A/cattle/Texas/24-008749-003/2024(H5N1)	164	2715
PB2|PP755596.1|A/cattle/Texas/24-008749-003/2024(H5N1)	165	2691
PB2|PP755596.1|A/cattle/Texas/24-008749-003/2024(H5N1)	166	2651
PB2|PP755596.1|A/cattle/Texas/24-008749-003/2024(H5N1)	167	2547
PB2|PP755596.1|A/cattle/Texas/24-008749-003/2024(H5N1)	168	2533
PB2|PP755596.1|A/cattle/Texas/24-008749-003/2024(H5N1)	169	2536
PB2|PP755596.1|A/cattle/Texas/24-008749-003/2024(H5N1)	170	2538
PB2|PP755596.1|A/cattle/Texas/24-008749-003/2024(H5N1)	171	2477
PB2|PP755596.1|A/cattle/Texas/24-008749-003/2024(H5N1)	172	2404
PB2|PP755596.1|A/cattle/Texas/24-008749-003/2024(H5N1)	173	2453
PB2|PP755596.1|A/cattle/Texas/24-008749-003/2024(H5N1)	174	2448
PB2|PP755596.1|A/cattle/Texas/24-008749-003/2024(H5N1)	175	2436
PB2|PP755596.1|A/cattle/Texas/24-008749-003/2024(H5N1)	176	2352
PB2|PP755596.1|A/cattle/Texas/24-008749-003/2024(H5N1)	177	2352
PB2|PP755596.1|A/cattle/Texas/24-008749-003/2024(H5N1)	178	2327
PB2|PP755596.1|A/cattle/Texas/24-008749-003/2024(H5N1)	179	2328
PB2|PP755596.1|A/cattle/Texas/24-008749-003/2024(H5N1)	180	2327
PB2|PP755596.1|A/cattle/Texas/24-008749-003/2024(H5N1)	181	2314
PB2|PP755596.1|A/cattle/Texas/24-008749-003/2024(H5N1)	182	2307
PB2|PP755596.1|A/cattle/Texas/24-008749-003/2024(H5N1)	183	2305
PB2|PP755596.1|A/cattle/Texas/24-008749-003/2024(H5N1)	184	2267
PB2|PP755596.1|A/cattle/Texas/24-008749-003/2024(H5N1)	185	2245
PB2|PP755596.1|A/cattle/Texas/24-008749-003/2024(H5N1)	186	2153
PB2|PP755596.1|A/cattle/Texas/24-008749-003/2024(H5N1)	187	2117
PB2|PP755596.1|A/cattle/Texas/24-008749-003/2024(H5N1)	188	2113
PB2|PP755596.1|A/cattle/Texas/24-008749-003/2024(H5N1)	189	2077
PB2|PP755596.1|A/cattle/Texas/24-008749-003/2024(H5N1)	190	2025
PB2|PP755596.1|A/cattle/Texas/24-008749-003/2024(H5N1)	191	2016
PB2|PP755596.1|A/cattle/Texas/24-008749-003/2024(H5N1)	192	2006
PB2|PP755596.1|A/cattle/Texas/24-008749-003/2024(H5N1)	193	1993
PB2|PP755596.1|A/cattle/Texas/24-008749-003/2024(H5N1)	194	1997
PB2|PP755596.1|A/cattle/Texas/24-008749-003/2024(H5N1)	195	1984
PB2|PP755596.1|A/cattle/Texas/24-008749-003/2024(H5N1)	196	1933
PB2|PP755596.1|A/cattle/Texas/24-008749-003/2024(H5N1)	197	1926
PB2|PP755596.1|A/cattle/Texas/24-008749-003/2024(H5N1)	198	1911
PB2|PP755596.1|A/cattle/Texas/24-008749-003/2024(H5N1)	199	1916
PB2|PP755596.1|A/cattle/Texas/24-008749-003/2024(H5N1)	200	1904
PB2|PP755596.1|A/cattle/Texas/24-008749-003/2024(H5N1)	201	1908
PB2|PP755596.1|A/cattle/Texas/24-008749-003/2024(H5N1)	202	1916
PB2|PP755596.1|A/cattle/Texas/24-008749-003/2024(H5N1)	203	1861
PB2|PP755596.1|A/cattle/Texas/24-008749-003/2024(H5N1)	204	1850
PB2|PP755596.1|A/cattle/Texas/24-008749-003/2024(H5N1)	205	1530
PB2|PP755596.1|A/cattle/Texas/24-008749-003/2024(H5N1)	206	1371
PB2|PP755596.1|A/cattle/Texas/24-008749-003/2024(H5N1)	207	1345
PB2|PP755596.1|A/cattle/Texas/24-008749-003/2024(H5N1)	208	1332
PB2|PP755596.1|A/cattle/Texas/24-008749-003/2024(H5N1)	209	1329
PB2|PP755596.1|A/cattle/Texas/24-008749-003/2024(H5N1)	210	1277
PB2|PP755596.1|A/cattle/Texas/24-008749-003/2024(H5N1)	211	1258
PB2|PP755596.1|A/cattle/Texas/24-008749-003/2024(H5N1)	212	1245
PB2|PP755596.1|A/cattle/Texas/24-008749-003/2024(H5N1)	213	1244
PB2|PP755596.1|A/cattle/Texas/24-008749-003/2024(H5N1)	214	1318
PB2|PP755596.1|A/cattle/Texas/24-008749-003/2024(H5N1)	215	1309
PB2|PP755596.1|A/cattle/Texas/24-008749-003/2024(H5N1)	216	1245
PB2|PP755596.1|A/cattle/Texas/24-008749-003/2024(H5N1)	217	1187
PB2|PP755596.1|A/cattle/Texas/24-008749-003/2024(H5N1)	218	1186
PB2|PP755596.1|A/cattle/Texas/24-008749-003/2024(H5N1)	219	1162
PB2|PP755596.1|A/cattle/Texas/24-008749-003/2024(H5N1)	220	1175
PB2|PP755596.1|A/cattle/Texas/24-008749-003/2024(H5N1)	221	1175
PB2|PP755596.1|A/cattle/Texas/24-008749-003/2024(H5N1)	222	1157
PB2|PP755596.1|A/cattle/Texas/24-008749-003/2024(H5N1)	223	1123
PB2|PP755596.1|A/cattle/Texas/24-008749-003/2024(H5N1)	224	1121
PB2|PP755596.1|A/cattle/Texas/24-008749-003/2024(H5N1)	225	1121
PB2|PP755596.1|A/cattle/Texas/24-008749-003/2024(H5N1)	226	1126
PB2|PP755596.1|A/cattle/Texas/24-008749-003/2024(H5N1)	227	1128
PB2|PP755596.1|A/cattle/Texas/24-008749-003/2024(H5N1)	228	1121
PB2|PP755596.1|A/cattle/Texas/24-008749-003/2024(H5N1)	229	1121
PB2|PP755596.1|A/cattle/Texas/24-008749-003/2024(H5N1)	230	1110
PB2|PP755596.1|A/cattle/Texas/24-008749-003/2024(H5N1)	231	1116
PB2|PP755596.1|A/cattle/Texas/24-008749-003/2024(H5N1)	232	1121
PB2|PP755596.1|A/cattle/Texas/24-008749-003/2024(H5N1)	233	1121
PB2|PP755596.1|A/cattle/Texas/24-008749-003/2024(H5N1)	234	1127
PB2|PP755596.1|A/cattle/Texas/24-008749-003/2024(H5N1)	235	1101
PB2|PP755596.1|A/cattle/Texas/24-008749-003/2024(H5N1)	236	1057
PB2|PP755596.1|A/cattle/Texas/24-008749-003/2024(H5N1)	237	1065
PB2|PP755596.1|A/cattle/Texas/24-008749-003/2024(H5N1)	238	1066
PB2|PP755596.1|A/cattle/Texas/24-008749-003/2024(H5N1)	239	1071
PB2|PP755596.1|A/cattle/Texas/24-008749-003/2024(H5N1)	240	1063
PB2|PP755596.1|A/cattle/Texas/24-008749-003/2024(H5N1)	241	1069
PB2|PP755596.1|A/cattle/Texas/24-008749-003/2024(H5N1)	242	1056
PB2|PP755596.1|A/cattle/Texas/24-008749-003/2024(H5N1)	243	1039
PB2|PP755596.1|A/cattle/Texas/24-008749-003/2024(H5N1)	244	1040
PB2|PP755596.1|A/cattle/Texas/24-008749-003/2024(H5N1)	245	1048
PB2|PP755596.1|A/cattle/Texas/24-008749-003/2024(H5N1)	246	1034
PB2|PP755596.1|A/cattle/Texas/24-008749-003/2024(H5N1)	247	1020
PB2|PP755596.1|A/cattle/Texas/24-008749-003/2024(H5N1)	248	1003
PB2|PP755596.1|A/cattle/Texas/24-008749-003/2024(H5N1)	249	976
PB2|PP755596.1|A/cattle/Texas/24-008749-003/2024(H5N1)	250	943
PB2|PP755596.1|A/cattle/Texas/24-008749-003/2024(H5N1)	251	906
PB2|PP755596.1|A/cattle/Texas/24-008749-003/2024(H5N1)	252	880
PB2|PP755596.1|A/cattle/Texas/24-008749-003/2024(H5N1)	253	888
PB2|PP755596.1|A/cattle/Texas/24-008749-003/2024(H5N1)	254	884
PB2|PP755596.1|A/cattle/Texas/24-008749-003/2024(H5N1)	255	875
PB2|PP755596.1|A/cattle/Texas/24-008749-003/2024(H5N1)	256	875
PB2|PP755596.1|A/cattle/Texas/24-008749-003/2024(H5N1)	257	867
PB2|PP755596.1|A/cattle/Texas/24-008749-003/2024(H5N1)	258	854
PB2|PP755596.1|A/cattle/Texas/24-008749-003/2024(H5N1)	259	860
PB2|PP755596.1|A/cattle/Texas/24-008749-003/2024(H5N1)	260	868
PB2|PP755596.1|A/cattle/Texas/24-008749-003/2024(H5N1)	261	868
PB2|PP755596.1|A/cattle/Texas/24-008749-003/2024(H5N1)	262	795
PB2|PP755596.1|A/cattle/Texas/24-008749-003/2024(H5N1)	263	792
PB2|PP755596.1|A/cattle/Texas/24-008749-003/2024(H5N1)	264	784
PB2|PP755596.1|A/cattle/Texas/24-008749-003/2024(H5N1)	265	781
PB2|PP755596.1|A/cattle/Texas/24-008749-003/2024(H5N1)	266	770
PB2|PP755596.1|A/cattle/Texas/24-008749-003/2024(H5N1)	267	770
PB2|PP755596.1|A/cattle/Texas/24-008749-003/2024(H5N1)	268	752
PB2|PP755596.1|A/cattle/Texas/24-008749-003/2024(H5N1)	269	739
PB2|PP755596.1|A/cattle/Texas/24-008749-003/2024(H5N1)	270	746
PB2|PP755596.1|A/cattle/Texas/24-008749-003/2024(H5N1)	271	771
PB2|PP755596.1|A/cattle/Texas/24-008749-003/2024(H5N1)	272	772
PB2|PP755596.1|A/cattle/Texas/24-008749-003/2024(H5N1)	273	760
PB2|PP755596.1|A/cattle/Texas/24-008749-003/2024(H5N1)	274	758
PB2|PP755596.1|A/cattle/Texas/24-008749-003/2024(H5N1)	275	731
PB2|PP755596.1|A/cattle/Texas/24-008749-003/2024(H5N1)	276	739
PB2|PP755596.1|A/cattle/Texas/24-008749-003/2024(H5N1)	277	750
PB2|PP755596.1|A/cattle/Texas/24-008749-003/2024(H5N1)	278	748
PB2|PP755596.1|A/cattle/Texas/24-008749-003/2024(H5N1)	279	734
PB2|PP755596.1|A/cattle/Texas/24-008749-003/2024(H5N1)	280	669
PB2|PP755596.1|A/cattle/Texas/24-008749-003/2024(H5N1)	281	666
PB2|PP755596.1|A/cattle/Texas/24-008749-003/2024(H5N1)	282	666
PB2|PP755596.1|A/cattle/Texas/24-008749-003/2024(H5N1)	283	673
PB2|PP755596.1|A/cattle/Texas/24-008749-003/2024(H5N1)	284	636
PB2|PP755596.1|A/cattle/Texas/24-008749-003/2024(H5N1)	285	611
PB2|PP755596.1|A/cattle/Texas/24-008749-003/2024(H5N1)	286	608
PB2|PP755596.1|A/cattle/Texas/24-008749-003/2024(H5N1)	287	602
PB2|PP755596.1|A/cattle/Texas/24-008749-003/2024(H5N1)	288	601
PB2|PP755596.1|A/cattle/Texas/24-008749-003/2024(H5N1)	289	602
PB2|PP755596.1|A/cattle/Texas/24-008749-003/2024(H5N1)	290	601
PB2|PP755596.1|A/cattle/Texas/24-008749-003/2024(H5N1)	291	593
PB2|PP755596.1|A/cattle/Texas/24-008749-003/2024(H5N1)	292	579
PB2|PP755596.1|A/cattle/Texas/24-008749-003/2024(H5N1)	293	577
PB2|PP755596.1|A/cattle/Texas/24-008749-003/2024(H5N1)	294	560
PB2|PP755596.1|A/cattle/Texas/24-008749-003/2024(H5N1)	295	563
PB2|PP755596.1|A/cattle/Texas/24-008749-003/2024(H5N1)	296	558
PB2|PP755596.1|A/cattle/Texas/24-008749-003/2024(H5N1)	297	547
PB2|PP755596.1|A/cattle/Texas/24-008749-003/2024(H5N1)	298	525
PB2|PP755596.1|A/cattle/Texas/24-008749-003/2024(H5N1)	299	515
PB2|PP755596.1|A/cattle/Texas/24-008749-003/2024(H5N1)	300	520
PB2|PP755596.1|A/cattle/Texas/24-008749-003/2024(H5N1)	301	520
PB2|PP755596.1|A/cattle/Texas/24-008749-003/2024(H5N1)	302	521
PB2|PP755596.1|A/cattle/Texas/24-008749-003/2024(H5N1)	303	500
PB2|PP755596.1|A/cattle/Texas/24-008749-003/2024(H5N1)	304	501
PB2|PP755596.1|A/cattle/Texas/24-008749-003/2024(H5N1)	305	506
PB2|PP755596.1|A/cattle/Texas/24-008749-003/2024(H5N1)	306	506
PB2|PP755596.1|A/cattle/Texas/24-008749-003/2024(H5N1)	307	506
PB2|PP755596.1|A/cattle/Texas/24-008749-003/2024(H5N1)	308	505
PB2|PP755596.1|A/cattle/Texas/24-008749-003/2024(H5N1)	309	501
PB2|PP755596.1|A/cattle/Texas/24-008749-003/2024(H5N1)	310	503
PB2|PP755596.1|A/cattle/Texas/24-008749-003/2024(H5N1)	311	503
PB2|PP755596.1|A/cattle/Texas/24-008749-003/2024(H5N1)	312	508
PB2|PP755596.1|A/cattle/Texas/24-008749-003/2024(H5N1)	313	511
PB2|PP755596.1|A/cattle/Texas/24-008749-003/2024(H5N1)	314	514
PB2|PP755596.1|A/cattle/Texas/24-008749-003/2024(H5N1)	315	517
PB2|PP755596.1|A/cattle/Texas/24-008749-003/2024(H5N1)	316	515
PB2|PP755596.1|A/cattle/Texas/24-008749-003/2024(H5N1)	317	517
PB2|PP755596.1|A/cattle/Texas/24-008749-003/2024(H5N1)	318	519
PB2|PP755596.1|A/cattle/Texas/24-008749-003/2024(H5N1)	319	506
PB2|PP755596.1|A/cattle/Texas/24-008749-003/2024(H5N1)	320	510
PB2|PP755596.1|A/cattle/Texas/24-008749-003/2024(H5N1)	321	510
PB2|PP755596.1|A/cattle/Texas/24-008749-003/2024(H5N1)	322	509
PB2|PP755596.1|A/cattle/Texas/24-008749-003/2024(H5N1)	323	501
PB2|PP755596.1|A/cattle/Texas/24-008749-003/2024(H5N1)	324	496
PB2|PP755596.1|A/cattle/Texas/24-008749-003/2024(H5N1)	325	467
PB2|PP755596.1|A/cattle/Texas/24-008749-003/2024(H5N1)	326	466
PB2|PP755596.1|A/cattle/Texas/24-008749-003/2024(H5N1)	327	466
PB2|PP755596.1|A/cattle/Texas/24-008749-003/2024(H5N1)	328	466
PB2|PP755596.1|A/cattle/Texas/24-008749-003/2024(H5N1)	329	462
PB2|PP755596.1|A/cattle/Texas/24-008749-003/2024(H5N1)	330	461
PB2|PP755596.1|A/cattle/Texas/24-008749-003/2024(H5N1)	331	460
PB2|PP755596.1|A/cattle/Texas/24-008749-003/2024(H5N1)	332	479
PB2|PP755596.1|A/cattle/Texas/24-008749-003/2024(H5N1)	333	477
PB2|PP755596.1|A/cattle/Texas/24-008749-003/2024(H5N1)	334	467
PB2|PP755596.1|A/cattle/Texas/24-008749-003/2024(H5N1)	335	467
PB2|PP755596.1|A/cattle/Texas/24-008749-003/2024(H5N1)	336	467
PB2|PP755596.1|A/cattle/Texas/24-008749-003/2024(H5N1)	337	468
PB2|PP755596.1|A/cattle/Texas/24-008749-003/2024(H5N1)	338	469
PB2|PP755596.1|A/cattle/Texas/24-008749-003/2024(H5N1)	339	476
PB2|PP755596.1|A/cattle/Texas/24-008749-003/2024(H5N1)	340	488
PB2|PP755596.1|A/cattle/Texas/24-008749-003/2024(H5N1)	341	453
PB2|PP755596.1|A/cattle/Texas/24-008749-003/2024(H5N1)	342	454
PB2|PP755596.1|A/cattle/Texas/24-008749-003/2024(H5N1)	343	450
PB2|PP755596.1|A/cattle/Texas/24-008749-003/2024(H5N1)	344	445
PB2|PP755596.1|A/cattle/Texas/24-008749-003/2024(H5N1)	345	444
PB2|PP755596.1|A/cattle/Texas/24-008749-003/2024(H5N1)	346	443
PB2|PP755596.1|A/cattle/Texas/24-008749-003/2024(H5N1)	347	442
PB2|PP755596.1|A/cattle/Texas/24-008749-003/2024(H5N1)	348	434
PB2|PP755596.1|A/cattle/Texas/24-008749-003/2024(H5N1)	349	434
PB2|PP755596.1|A/cattle/Texas/24-008749-003/2024(H5N1)	350	433
PB2|PP755596.1|A/cattle/Texas/24-008749-003/2024(H5N1)	351	424
PB2|PP755596.1|A/cattle/Texas/24-008749-003/2024(H5N1)	352	423
PB2|PP755596.1|A/cattle/Texas/24-008749-003/2024(H5N1)	353	419
PB2|PP755596.1|A/cattle/Texas/24-008749-003/2024(H5N1)	354	419
PB2|PP755596.1|A/cattle/Texas/24-008749-003/2024(H5N1)	355	418
PB2|PP755596.1|A/cattle/Texas/24-008749-003/2024(H5N1)	356	419
PB2|PP755596.1|A/cattle/Texas/24-008749-003/2024(H5N1)	357	419
PB2|PP755596.1|A/cattle/Texas/24-008749-003/2024(H5N1)	358	419
PB2|PP755596.1|A/cattle/Texas/24-008749-003/2024(H5N1)	359	419
PB2|PP755596.1|A/cattle/Texas/24-008749-003/2024(H5N1)	360	398
PB2|PP755596.1|A/cattle/Texas/24-008749-003/2024(H5N1)	361	388
PB2|PP755596.1|A/cattle/Texas/24-008749-003/2024(H5N1)	362	387
PB2|PP755596.1|A/cattle/Texas/24-008749-003/2024(H5N1)	363	388
PB2|PP755596.1|A/cattle/Texas/24-008749-003/2024(H5N1)	364	393
PB2|PP755596.1|A/cattle/Texas/24-008749-003/2024(H5N1)	365	386
PB2|PP755596.1|A/cattle/Texas/24-008749-003/2024(H5N1)	366	375
PB2|PP755596.1|A/cattle/Texas/24-008749-003/2024(H5N1)	367	375
PB2|PP755596.1|A/cattle/Texas/24-008749-003/2024(H5N1)	368	364
PB2|PP755596.1|A/cattle/Texas/24-008749-003/2024(H5N1)	369	364
PB2|PP755596.1|A/cattle/Texas/24-008749-003/2024(H5N1)	370	363
PB2|PP755596.1|A/cattle/Texas/24-008749-003/2024(H5N1)	371	360
PB2|PP755596.1|A/cattle/Texas/24-008749-003/2024(H5N1)	372	362
PB2|PP755596.1|A/cattle/Texas/24-008749-003/2024(H5N1)	373	362
PB2|PP755596.1|A/cattle/Texas/24-008749-003/2024(H5N1)	374	362
PB2|PP755596.1|A/cattle/Texas/24-008749-003/2024(H5N1)	375	362
PB2|PP755596.1|A/cattle/Texas/24-008749-003/2024(H5N1)	376	363
PB2|PP755596.1|A/cattle/Texas/24-008749-003/2024(H5N1)	377	352
PB2|PP755596.1|A/cattle/Texas/24-008749-003/2024(H5N1)	378	350
PB2|PP755596.1|A/cattle/Texas/24-008749-003/2024(H5N1)	379	347
PB2|PP755596.1|A/cattle/Texas/24-008749-003/2024(H5N1)	380	344
PB2|PP755596.1|A/cattle/Texas/24-008749-003/2024(H5N1)	381	339
PB2|PP755596.1|A/cattle/Texas/24-008749-003/2024(H5N1)	382	338
PB2|PP755596.1|A/cattle/Texas/24-008749-003/2024(H5N1)	383	343
PB2|PP755596.1|A/cattle/Texas/24-008749-003/2024(H5N1)	384	344
PB2|PP755596.1|A/cattle/Texas/24-008749-003/2024(H5N1)	385	346
PB2|PP755596.1|A/cattle/Texas/24-008749-003/2024(H5N1)	386	353
PB2|PP755596.1|A/cattle/Texas/24-008749-003/2024(H5N1)	387	355
PB2|PP755596.1|A/cattle/Texas/24-008749-003/2024(H5N1)	388	351
PB2|PP755596.1|A/cattle/Texas/24-008749-003/2024(H5N1)	389	348
PB2|PP755596.1|A/cattle/Texas/24-008749-003/2024(H5N1)	390	349
PB2|PP755596.1|A/cattle/Texas/24-008749-003/2024(H5N1)	391	349
PB2|PP755596.1|A/cattle/Texas/24-008749-003/2024(H5N1)	392	373
PB2|PP755596.1|A/cattle/Texas/24-008749-003/2024(H5N1)	393	370
PB2|PP755596.1|A/cattle/Texas/24-008749-003/2024(H5N1)	394	378
PB2|PP755596.1|A/cattle/Texas/24-008749-003/2024(H5N1)	395	376
PB2|PP755596.1|A/cattle/Texas/24-008749-003/2024(H5N1)	396	373
PB2|PP755596.1|A/cattle/Texas/24-008749-003/2024(H5N1)	397	383
PB2|PP755596.1|A/cattle/Texas/24-008749-003/2024(H5N1)	398	384
PB2|PP755596.1|A/cattle/Texas/24-008749-003/2024(H5N1)	399	385
PB2|PP755596.1|A/cattle/Texas/24-008749-003/2024(H5N1)	400	382
PB2|PP755596.1|A/cattle/Texas/24-008749-003/2024(H5N1)	401	348
PB2|PP755596.1|A/cattle/Texas/24-008749-003/2024(H5N1)	402	348
PB2|PP755596.1|A/cattle/Texas/24-008749-003/2024(H5N1)	403	341
PB2|PP755596.1|A/cattle/Texas/24-008749-003/2024(H5N1)	404	342
PB2|PP755596.1|A/cattle/Texas/24-008749-003/2024(H5N1)	405	341
PB2|PP755596.1|A/cattle/Texas/24-008749-003/2024(H5N1)	406	339
PB2|PP755596.1|A/cattle/Texas/24-008749-003/2024(H5N1)	407	339
PB2|PP755596.1|A/cattle/Texas/24-008749-003/2024(H5N1)	408	343
PB2|PP755596.1|A/cattle/Texas/24-008749-003/2024(H5N1)	409	344
PB2|PP755596.1|A/cattle/Texas/24-008749-003/2024(H5N1)	410	341
PB2|PP755596.1|A/cattle/Texas/24-008749-003/2024(H5N1)	411	335
PB2|PP755596.1|A/cattle/Texas/24-008749-003/2024(H5N1)	412	335
PB2|PP755596.1|A/cattle/Texas/24-008749-003/2024(H5N1)	413	335
PB2|PP755596.1|A/cattle/Texas/24-008749-003/2024(H5N1)	414	337
PB2|PP755596.1|A/cattle/Texas/24-008749-003/2024(H5N1)	415	337
PB2|PP755596.1|A/cattle/Texas/24-008749-003/2024(H5N1)	416	339
PB2|PP755596.1|A/cattle/Texas/24-008749-003/2024(H5N1)	417	339
PB2|PP755596.1|A/cattle/Texas/24-008749-003/2024(H5N1)	418	340
PB2|PP755596.1|A/cattle/Texas/24-008749-003/2024(H5N1)	419	344
PB2|PP755596.1|A/cattle/Texas/24-008749-003/2024(H5N1)	420	344
PB2|PP755596.1|A/cattle/Texas/24-008749-003/2024(H5N1)	421	341
PB2|PP755596.1|A/cattle/Texas/24-008749-003/2024(H5N1)	422	324
PB2|PP755596.1|A/cattle/Texas/24-008749-003/2024(H5N1)	423	319
PB2|PP755596.1|A/cattle/Texas/24-008749-003/2024(H5N1)	424	319
PB2|PP755596.1|A/cattle/Texas/24-008749-003/2024(H5N1)	425	320
PB2|PP755596.1|A/cattle/Texas/24-008749-003/2024(H5N1)	426	328
PB2|PP755596.1|A/cattle/Texas/24-008749-003/2024(H5N1)	427	305
PB2|PP755596.1|A/cattle/Texas/24-008749-003/2024(H5N1)	428	304
PB2|PP755596.1|A/cattle/Texas/24-008749-003/2024(H5N1)	429	303
PB2|PP755596.1|A/cattle/Texas/24-008749-003/2024(H5N1)	430	304
PB2|PP755596.1|A/cattle/Texas/24-008749-003/2024(H5N1)	431	307
PB2|PP755596.1|A/cattle/Texas/24-008749-003/2024(H5N1)	432	307
PB2|PP755596.1|A/cattle/Texas/24-008749-003/2024(H5N1)	433	305
PB2|PP755596.1|A/cattle/Texas/24-008749-003/2024(H5N1)	434	303
PB2|PP755596.1|A/cattle/Texas/24-008749-003/2024(H5N1)	435	320
PB2|PP755596.1|A/cattle/Texas/24-008749-003/2024(H5N1)	436	320
PB2|PP755596.1|A/cattle/Texas/24-008749-003/2024(H5N1)	437	343
PB2|PP755596.1|A/cattle/Texas/24-008749-003/2024(H5N1)	438	341
PB2|PP755596.1|A/cattle/Texas/24-008749-003/2024(H5N1)	439	341
PB2|PP755596.1|A/cattle/Texas/24-008749-003/2024(H5N1)	440	341
PB2|PP755596.1|A/cattle/Texas/24-008749-003/2024(H5N1)	441	341
PB2|PP755596.1|A/cattle/Texas/24-008749-003/2024(H5N1)	442	343
PB2|PP755596.1|A/cattle/Texas/24-008749-003/2024(H5N1)	443	350
PB2|PP755596.1|A/cattle/Texas/24-008749-003/2024(H5N1)	444	348
PB2|PP755596.1|A/cattle/Texas/24-008749-003/2024(H5N1)	445	348
PB2|PP755596.1|A/cattle/Texas/24-008749-003/2024(H5N1)	446	331
PB2|PP755596.1|A/cattle/Texas/24-008749-003/2024(H5N1)	447	334
PB2|PP755596.1|A/cattle/Texas/24-008749-003/2024(H5N1)	448	331
PB2|PP755596.1|A/cattle/Texas/24-008749-003/2024(H5N1)	449	333
PB2|PP755596.1|A/cattle/Texas/24-008749-003/2024(H5N1)	450	328
PB2|PP755596.1|A/cattle/Texas/24-008749-003/2024(H5N1)	451	321
PB2|PP755596.1|A/cattle/Texas/24-008749-003/2024(H5N1)	452	350
PB2|PP755596.1|A/cattle/Texas/24-008749-003/2024(H5N1)	453	347
PB2|PP755596.1|A/cattle/Texas/24-008749-003/2024(H5N1)	454	348
PB2|PP755596.1|A/cattle/Texas/24-008749-003/2024(H5N1)	455	340
PB2|PP755596.1|A/cattle/Texas/24-008749-003/2024(H5N1)	456	342
PB2|PP755596.1|A/cattle/Texas/24-008749-003/2024(H5N1)	457	342
PB2|PP755596.1|A/cattle/Texas/24-008749-003/2024(H5N1)	458	350
PB2|PP755596.1|A/cattle/Texas/24-008749-003/2024(H5N1)	459	353
PB2|PP755596.1|A/cattle/Texas/24-008749-003/2024(H5N1)	460	353
PB2|PP755596.1|A/cattle/Texas/24-008749-003/2024(H5N1)	461	342
PB2|PP755596.1|A/cattle/Texas/24-008749-003/2024(H5N1)	462	342
PB2|PP755596.1|A/cattle/Texas/24-008749-003/2024(H5N1)	463	337
PB2|PP755596.1|A/cattle/Texas/24-008749-003/2024(H5N1)	464	342
PB2|PP755596.1|A/cattle/Texas/24-008749-003/2024(H5N1)	465	362
PB2|PP755596.1|A/cattle/Texas/24-008749-003/2024(H5N1)	466	358
PB2|PP755596.1|A/cattle/Texas/24-008749-003/2024(H5N1)	467	357
PB2|PP755596.1|A/cattle/Texas/24-008749-003/2024(H5N1)	468	356
PB2|PP755596.1|A/cattle/Texas/24-008749-003/2024(H5N1)	469	358
PB2|PP755596.1|A/cattle/Texas/24-008749-003/2024(H5N1)	470	360
PB2|PP755596.1|A/cattle/Texas/24-008749-003/2024(H5N1)	471	355
PB2|PP755596.1|A/cattle/Texas/24-008749-003/2024(H5N1)	472	358
PB2|PP755596.1|A/cattle/Texas/24-008749-003/2024(H5N1)	473	358
PB2|PP755596.1|A/cattle/Texas/24-008749-003/2024(H5N1)	474	357
PB2|PP755596.1|A/cattle/Texas/24-008749-003/2024(H5N1)	475	358
PB2|PP755596.1|A/cattle/Texas/24-008749-003/2024(H5N1)	476	352
PB2|PP755596.1|A/cattle/Texas/24-008749-003/2024(H5N1)	477	351
PB2|PP755596.1|A/cattle/Texas/24-008749-003/2024(H5N1)	478	356
PB2|PP755596.1|A/cattle/Texas/24-008749-003/2024(H5N1)	479	356
PB2|PP755596.1|A/cattle/Texas/24-008749-003/2024(H5N1)	480	365
PB2|PP755596.1|A/cattle/Texas/24-008749-003/2024(H5N1)	481	367
PB2|PP755596.1|A/cattle/Texas/24-008749-003/2024(H5N1)	482	378
PB2|PP755596.1|A/cattle/Texas/24-008749-003/2024(H5N1)	483	354
PB2|PP755596.1|A/cattle/Texas/24-008749-003/2024(H5N1)	484	354
PB2|PP755596.1|A/cattle/Texas/24-008749-003/2024(H5N1)	485	354
PB2|PP755596.1|A/cattle/Texas/24-008749-003/2024(H5N1)	486	353
PB2|PP755596.1|A/cattle/Texas/24-008749-003/2024(H5N1)	487	354
PB2|PP755596.1|A/cattle/Texas/24-008749-003/2024(H5N1)	488	355
PB2|PP755596.1|A/cattle/Texas/24-008749-003/2024(H5N1)	489	333
PB2|PP755596.1|A/cattle/Texas/24-008749-003/2024(H5N1)	490	332
PB2|PP755596.1|A/cattle/Texas/24-008749-003/2024(H5N1)	491	331
PB2|PP755596.1|A/cattle/Texas/24-008749-003/2024(H5N1)	492	330
PB2|PP755596.1|A/cattle/Texas/24-008749-003/2024(H5N1)	493	335
PB2|PP755596.1|A/cattle/Texas/24-008749-003/2024(H5N1)	494	337
PB2|PP755596.1|A/cattle/Texas/24-008749-003/2024(H5N1)	495	336
PB2|PP755596.1|A/cattle/Texas/24-008749-003/2024(H5N1)	496	335
PB2|PP755596.1|A/cattle/Texas/24-008749-003/2024(H5N1)	497	335
PB2|PP755596.1|A/cattle/Texas/24-008749-003/2024(H5N1)	498	337
PB2|PP755596.1|A/cattle/Texas/24-008749-003/2024(H5N1)	499	337
PB2|PP755596.1|A/cattle/Texas/24-008749-003/2024(H5N1)	500	341
PB2|PP755596.1|A/cattle/Texas/24-008749-003/2024(H5N1)	501	346
PB2|PP755596.1|A/cattle/Texas/24-008749-003/2024(H5N1)	502	346
PB2|PP755596.1|A/cattle/Texas/24-008749-003/2024(H5N1)	503	347
PB2|PP755596.1|A/cattle/Texas/24-008749-003/2024(H5N1)	504	352
PB2|PP755596.1|A/cattle/Texas/24-008749-003/2024(H5N1)	505	354
PB2|PP755596.1|A/cattle/Texas/24-008749-003/2024(H5N1)	506	354
PB2|PP755596.1|A/cattle/Texas/24-008749-003/2024(H5N1)	507	354
PB2|PP755596.1|A/cattle/Texas/24-008749-003/2024(H5N1)	508	355
PB2|PP755596.1|A/cattle/Texas/24-008749-003/2024(H5N1)	509	356
PB2|PP755596.1|A/cattle/Texas/24-008749-003/2024(H5N1)	510	356
PB2|PP755596.1|A/cattle/Texas/24-008749-003/2024(H5N1)	511	357
PB2|PP755596.1|A/cattle/Texas/24-008749-003/2024(H5N1)	512	362
PB2|PP755596.1|A/cattle/Texas/24-008749-003/2024(H5N1)	513	362
PB2|PP755596.1|A/cattle/Texas/24-008749-003/2024(H5N1)	514	364
PB2|PP755596.1|A/cattle/Texas/24-008749-003/2024(H5N1)	515	364
PB2|PP755596.1|A/cattle/Texas/24-008749-003/2024(H5N1)	516	364
PB2|PP755596.1|A/cattle/Texas/24-008749-003/2024(H5N1)	517	364
PB2|PP755596.1|A/cattle/Texas/24-008749-003/2024(H5N1)	518	365
PB2|PP755596.1|A/cattle/Texas/24-008749-003/2024(H5N1)	519	365
PB2|PP755596.1|A/cattle/Texas/24-008749-003/2024(H5N1)	520	366
PB2|PP755596.1|A/cattle/Texas/24-008749-003/2024(H5N1)	521	367
PB2|PP755596.1|A/cattle/Texas/24-008749-003/2024(H5N1)	522	366
PB2|PP755596.1|A/cattle/Texas/24-008749-003/2024(H5N1)	523	363
PB2|PP755596.1|A/cattle/Texas/24-008749-003/2024(H5N1)	524	366
PB2|PP755596.1|A/cattle/Texas/24-008749-003/2024(H5N1)	525	369
PB2|PP755596.1|A/cattle/Texas/24-008749-003/2024(H5N1)	526	372
PB2|PP755596.1|A/cattle/Texas/24-008749-003/2024(H5N1)	527	373
PB2|PP755596.1|A/cattle/Texas/24-008749-003/2024(H5N1)	528	374
PB2|PP755596.1|A/cattle/Texas/24-008749-003/2024(H5N1)	529	372
PB2|PP755596.1|A/cattle/Texas/24-008749-003/2024(H5N1)	530	376
PB2|PP755596.1|A/cattle/Texas/24-008749-003/2024(H5N1)	531	377
PB2|PP755596.1|A/cattle/Texas/24-008749-003/2024(H5N1)	532	377
PB2|PP755596.1|A/cattle/Texas/24-008749-003/2024(H5N1)	533	374
PB2|PP755596.1|A/cattle/Texas/24-008749-003/2024(H5N1)	534	374
PB2|PP755596.1|A/cattle/Texas/24-008749-003/2024(H5N1)	535	373
PB2|PP755596.1|A/cattle/Texas/24-008749-003/2024(H5N1)	536	369
PB2|PP755596.1|A/cattle/Texas/24-008749-003/2024(H5N1)	537	368
PB2|PP755596.1|A/cattle/Texas/24-008749-003/2024(H5N1)	538	370
PB2|PP755596.1|A/cattle/Texas/24-008749-003/2024(H5N1)	539	377
PB2|PP755596.1|A/cattle/Texas/24-008749-003/2024(H5N1)	540	378
PB2|PP755596.1|A/cattle/Texas/24-008749-003/2024(H5N1)	541	388
PB2|PP755596.1|A/cattle/Texas/24-008749-003/2024(H5N1)	542	364
PB2|PP755596.1|A/cattle/Texas/24-008749-003/2024(H5N1)	543	365
PB2|PP755596.1|A/cattle/Texas/24-008749-003/2024(H5N1)	544	359
PB2|PP755596.1|A/cattle/Texas/24-008749-003/2024(H5N1)	545	359
PB2|PP755596.1|A/cattle/Texas/24-008749-003/2024(H5N1)	546	362
PB2|PP755596.1|A/cattle/Texas/24-008749-003/2024(H5N1)	547	359
PB2|PP755596.1|A/cattle/Texas/24-008749-003/2024(H5N1)	548	351
PB2|PP755596.1|A/cattle/Texas/24-008749-003/2024(H5N1)	549	352
PB2|PP755596.1|A/cattle/Texas/24-008749-003/2024(H5N1)	550	352
PB2|PP755596.1|A/cattle/Texas/24-008749-003/2024(H5N1)	551	352
PB2|PP755596.1|A/cattle/Texas/24-008749-003/2024(H5N1)	552	352
PB2|PP755596.1|A/cattle/Texas/24-008749-003/2024(H5N1)	553	348
PB2|PP755596.1|A/cattle/Texas/24-008749-003/2024(H5N1)	554	352
PB2|PP755596.1|A/cattle/Texas/24-008749-003/2024(H5N1)	555	354
PB2|PP755596.1|A/cattle/Texas/24-008749-003/2024(H5N1)	556	362
PB2|PP755596.1|A/cattle/Texas/24-008749-003/2024(H5N1)	557	362
PB2|PP755596.1|A/cattle/Texas/24-008749-003/2024(H5N1)	558	358
PB2|PP755596.1|A/cattle/Texas/24-008749-003/2024(H5N1)	559	359
PB2|PP755596.1|A/cattle/Texas/24-008749-003/2024(H5N1)	560	357
PB2|PP755596.1|A/cattle/Texas/24-008749-003/2024(H5N1)	561	357
PB2|PP755596.1|A/cattle/Texas/24-008749-003/2024(H5N1)	562	358
PB2|PP755596.1|A/cattle/Texas/24-008749-003/2024(H5N1)	563	361
PB2|PP755596.1|A/cattle/Texas/24-008749-003/2024(H5N1)	564	361
PB2|PP755596.1|A/cattle/Texas/24-008749-003/2024(H5N1)	565	357
PB2|PP755596.1|A/cattle/Texas/24-008749-003/2024(H5N1)	566	355
PB2|PP755596.1|A/cattle/Texas/24-008749-003/2024(H5N1)	567	356
PB2|PP755596.1|A/cattle/Texas/24-008749-003/2024(H5N1)	568	366
PB2|PP755596.1|A/cattle/Texas/24-008749-003/2024(H5N1)	569	367
PB2|PP755596.1|A/cattle/Texas/24-008749-003/2024(H5N1)	570	363
PB2|PP755596.1|A/cattle/Texas/24-008749-003/2024(H5N1)	571	363
PB2|PP755596.1|A/cattle/Texas/24-008749-003/2024(H5N1)	572	362
PB2|PP755596.1|A/cattle/Texas/24-008749-003/2024(H5N1)	573	362
PB2|PP755596.1|A/cattle/Texas/24-008749-003/2024(H5N1)	574	365
PB2|PP755596.1|A/cattle/Texas/24-008749-003/2024(H5N1)	575	366
PB2|PP755596.1|A/cattle/Texas/24-008749-003/2024(H5N1)	576	360
PB2|PP755596.1|A/cattle/Texas/24-008749-003/2024(H5N1)	577	374
PB2|PP755596.1|A/cattle/Texas/24-008749-003/2024(H5N1)	578	374
PB2|PP755596.1|A/cattle/Texas/24-008749-003/2024(H5N1)	579	383
PB2|PP755596.1|A/cattle/Texas/24-008749-003/2024(H5N1)	580	383
PB2|PP755596.1|A/cattle/Texas/24-008749-003/2024(H5N1)	581	384
PB2|PP755596.1|A/cattle/Texas/24-008749-003/2024(H5N1)	582	379
PB2|PP755596.1|A/cattle/Texas/24-008749-003/2024(H5N1)	583	379
PB2|PP755596.1|A/cattle/Texas/24-008749-003/2024(H5N1)	584	389
PB2|PP755596.1|A/cattle/Texas/24-008749-003/2024(H5N1)	585	376
PB2|PP755596.1|A/cattle/Texas/24-008749-003/2024(H5N1)	586	361
PB2|PP755596.1|A/cattle/Texas/24-008749-003/2024(H5N1)	587	362
PB2|PP755596.1|A/cattle/Texas/24-008749-003/2024(H5N1)	588	369
PB2|PP755596.1|A/cattle/Texas/24-008749-003/2024(H5N1)	589	369
PB2|PP755596.1|A/cattle/Texas/24-008749-003/2024(H5N1)	590	369
PB2|PP755596.1|A/cattle/Texas/24-008749-003/2024(H5N1)	591	367
PB2|PP755596.1|A/cattle/Texas/24-008749-003/2024(H5N1)	592	369
PB2|PP755596.1|A/cattle/Texas/24-008749-003/2024(H5N1)	593	367
PB2|PP755596.1|A/cattle/Texas/24-008749-003/2024(H5N1)	594	358
PB2|PP755596.1|A/cattle/Texas/24-008749-003/2024(H5N1)	595	358
PB2|PP755596.1|A/cattle/Texas/24-008749-003/2024(H5N1)	596	358
PB2|PP755596.1|A/cattle/Texas/24-008749-003/2024(H5N1)	597	354
PB2|PP755596.1|A/cattle/Texas/24-008749-003/2024(H5N1)	598	358
PB2|PP755596.1|A/cattle/Texas/24-008749-003/2024(H5N1)	599	357
PB2|PP755596.1|A/cattle/Texas/24-008749-003/2024(H5N1)	600	364
PB2|PP755596.1|A/cattle/Texas/24-008749-003/2024(H5N1)	601	340
PB2|PP755596.1|A/cattle/Texas/24-008749-003/2024(H5N1)	602	342
PB2|PP755596.1|A/cattle/Texas/24-008749-003/2024(H5N1)	603	341
PB2|PP755596.1|A/cattle/Texas/24-008749-003/2024(H5N1)	604	343
PB2|PP755596.1|A/cattle/Texas/24-008749-003/2024(H5N1)	605	343
PB2|PP755596.1|A/cattle/Texas/24-008749-003/2024(H5N1)	606	344
PB2|PP755596.1|A/cattle/Texas/24-008749-003/2024(H5N1)	607	349
PB2|PP755596.1|A/cattle/Texas/24-008749-003/2024(H5N1)	608	345
PB2|PP755596.1|A/cattle/Texas/24-008749-003/2024(H5N1)	609	340
PB2|PP755596.1|A/cattle/Texas/24-008749-003/2024(H5N1)	610	333
PB2|PP755596.1|A/cattle/Texas/24-008749-003/2024(H5N1)	611	334
PB2|PP755596.1|A/cattle/Texas/24-008749-003/2024(H5N1)	612	334
PB2|PP755596.1|A/cattle/Texas/24-008749-003/2024(H5N1)	613	333
PB2|PP755596.1|A/cattle/Texas/24-008749-003/2024(H5N1)	614	337
PB2|PP755596.1|A/cattle/Texas/24-008749-003/2024(H5N1)	615	332
PB2|PP755596.1|A/cattle/Texas/24-008749-003/2024(H5N1)	616	317
PB2|PP755596.1|A/cattle/Texas/24-008749-003/2024(H5N1)	617	317
PB2|PP755596.1|A/cattle/Texas/24-008749-003/2024(H5N1)	618	317
PB2|PP755596.1|A/cattle/Texas/24-008749-003/2024(H5N1)	619	336
PB2|PP755596.1|A/cattle/Texas/24-008749-003/2024(H5N1)	620	335
PB2|PP755596.1|A/cattle/Texas/24-008749-003/2024(H5N1)	621	333
PB2|PP755596.1|A/cattle/Texas/24-008749-003/2024(H5N1)	622	334
PB2|PP755596.1|A/cattle/Texas/24-008749-003/2024(H5N1)	623	333
PB2|PP755596.1|A/cattle/Texas/24-008749-003/2024(H5N1)	624	335
PB2|PP755596.1|A/cattle/Texas/24-008749-003/2024(H5N1)	625	334
PB2|PP755596.1|A/cattle/Texas/24-008749-003/2024(H5N1)	626	333
PB2|PP755596.1|A/cattle/Texas/24-008749-003/2024(H5N1)	627	331
PB2|PP755596.1|A/cattle/Texas/24-008749-003/2024(H5N1)	628	333
PB2|PP755596.1|A/cattle/Texas/24-008749-003/2024(H5N1)	629	327
PB2|PP755596.1|A/cattle/Texas/24-008749-003/2024(H5N1)	630	327
PB2|PP755596.1|A/cattle/Texas/24-008749-003/2024(H5N1)	631	323
PB2|PP755596.1|A/cattle/Texas/24-008749-003/2024(H5N1)	632	314
PB2|PP755596.1|A/cattle/Texas/24-008749-003/2024(H5N1)	633	315
PB2|PP755596.1|A/cattle/Texas/24-008749-003/2024(H5N1)	634	315
PB2|PP755596.1|A/cattle/Texas/24-008749-003/2024(H5N1)	635	319
PB2|PP755596.1|A/cattle/Texas/24-008749-003/2024(H5N1)	636	327
PB2|PP755596.1|A/cattle/Texas/24-008749-003/2024(H5N1)	637	321
PB2|PP755596.1|A/cattle/Texas/24-008749-003/2024(H5N1)	638	317
PB2|PP755596.1|A/cattle/Texas/24-008749-003/2024(H5N1)	639	315
PB2|PP755596.1|A/cattle/Texas/24-008749-003/2024(H5N1)	640	319
PB2|PP755596.1|A/cattle/Texas/24-008749-003/2024(H5N1)	641	324
PB2|PP755596.1|A/cattle/Texas/24-008749-003/2024(H5N1)	642	321
PB2|PP755596.1|A/cattle/Texas/24-008749-003/2024(H5N1)	643	323
PB2|PP755596.1|A/cattle/Texas/24-008749-003/2024(H5N1)	644	317
PB2|PP755596.1|A/cattle/Texas/24-008749-003/2024(H5N1)	645	315
PB2|PP755596.1|A/cattle/Texas/24-008749-003/2024(H5N1)	646	319
PB2|PP755596.1|A/cattle/Texas/24-008749-003/2024(H5N1)	647	320
PB2|PP755596.1|A/cattle/Texas/24-008749-003/2024(H5N1)	648	325
PB2|PP755596.1|A/cattle/Texas/24-008749-003/2024(H5N1)	649	323
PB2|PP755596.1|A/cattle/Texas/24-008749-003/2024(H5N1)	650	326
PB2|PP755596.1|A/cattle/Texas/24-008749-003/2024(H5N1)	651	325
PB2|PP755596.1|A/cattle/Texas/24-008749-003/2024(H5N1)	652	320
PB2|PP755596.1|A/cattle/Texas/24-008749-003/2024(H5N1)	653	324
PB2|PP755596.1|A/cattle/Texas/24-008749-003/2024(H5N1)	654	331
PB2|PP755596.1|A/cattle/Texas/24-008749-003/2024(H5N1)	655	327
PB2|PP755596.1|A/cattle/Texas/24-008749-003/2024(H5N1)	656	325
PB2|PP755596.1|A/cattle/Texas/24-008749-003/2024(H5N1)	657	325
PB2|PP755596.1|A/cattle/Texas/24-008749-003/2024(H5N1)	658	326
PB2|PP755596.1|A/cattle/Texas/24-008749-003/2024(H5N1)	659	326
PB2|PP755596.1|A/cattle/Texas/24-008749-003/2024(H5N1)	660	326
PB2|PP755596.1|A/cattle/Texas/24-008749-003/2024(H5N1)	661	326
PB2|PP755596.1|A/cattle/Texas/24-008749-003/2024(H5N1)	662	326
PB2|PP755596.1|A/cattle/Texas/24-008749-003/2024(H5N1)	663	324
PB2|PP755596.1|A/cattle/Texas/24-008749-003/2024(H5N1)	664	322
PB2|PP755596.1|A/cattle/Texas/24-008749-003/2024(H5N1)	665	328
PB2|PP755596.1|A/cattle/Texas/24-008749-003/2024(H5N1)	666	328
PB2|PP755596.1|A/cattle/Texas/24-008749-003/2024(H5N1)	667	329
PB2|PP755596.1|A/cattle/Texas/24-008749-003/2024(H5N1)	668	332
PB2|PP755596.1|A/cattle/Texas/24-008749-003/2024(H5N1)	669	334
PB2|PP755596.1|A/cattle/Texas/24-008749-003/2024(H5N1)	670	332
PB2|PP755596.1|A/cattle/Texas/24-008749-003/2024(H5N1)	671	333
PB2|PP755596.1|A/cattle/Texas/24-008749-003/2024(H5N1)	672	333
PB2|PP755596.1|A/cattle/Texas/24-008749-003/2024(H5N1)	673	333
PB2|PP755596.1|A/cattle/Texas/24-008749-003/2024(H5N1)	674	329
PB2|PP755596.1|A/cattle/Texas/24-008749-003/2024(H5N1)	675	327
PB2|PP755596.1|A/cattle/Texas/24-008749-003/2024(H5N1)	676	326
PB2|PP755596.1|A/cattle/Texas/24-008749-003/2024(H5N1)	677	325
PB2|PP755596.1|A/cattle/Texas/24-008749-003/2024(H5N1)	678	331
PB2|PP755596.1|A/cattle/Texas/24-008749-003/2024(H5N1)	679	337
PB2|PP755596.1|A/cattle/Texas/24-008749-003/2024(H5N1)	680	338
PB2|PP755596.1|A/cattle/Texas/24-008749-003/2024(H5N1)	681	334
PB2|PP755596.1|A/cattle/Texas/24-008749-003/2024(H5N1)	682	334
PB2|PP755596.1|A/cattle/Texas/24-008749-003/2024(H5N1)	683	345
PB2|PP755596.1|A/cattle/Texas/24-008749-003/2024(H5N1)	684	345
PB2|PP755596.1|A/cattle/Texas/24-008749-003/2024(H5N1)	685	345
PB2|PP755596.1|A/cattle/Texas/24-008749-003/2024(H5N1)	686	344
PB2|PP755596.1|A/cattle/Texas/24-008749-003/2024(H5N1)	687	341
PB2|PP755596.1|A/cattle/Texas/24-008749-003/2024(H5N1)	688	339
PB2|PP755596.1|A/cattle/Texas/24-008749-003/2024(H5N1)	689	327
PB2|PP755596.1|A/cattle/Texas/24-008749-003/2024(H5N1)	690	327
PB2|PP755596.1|A/cattle/Texas/24-008749-003/2024(H5N1)	691	332
PB2|PP755596.1|A/cattle/Texas/24-008749-003/2024(H5N1)	692	323
PB2|PP755596.1|A/cattle/Texas/24-008749-003/2024(H5N1)	693	321
PB2|PP755596.1|A/cattle/Texas/24-008749-003/2024(H5N1)	694	319
PB2|PP755596.1|A/cattle/Texas/24-008749-003/2024(H5N1)	695	319
PB2|PP755596.1|A/cattle/Texas/24-008749-003/2024(H5N1)	696	326
PB2|PP755596.1|A/cattle/Texas/24-008749-003/2024(H5N1)	697	337
PB2|PP755596.1|A/cattle/Texas/24-008749-003/2024(H5N1)	698	338
PB2|PP755596.1|A/cattle/Texas/24-008749-003/2024(H5N1)	699	339
PB2|PP755596.1|A/cattle/Texas/24-008749-003/2024(H5N1)	700	336
PB2|PP755596.1|A/cattle/Texas/24-008749-003/2024(H5N1)	701	336
PB2|PP755596.1|A/cattle/Texas/24-008749-003/2024(H5N1)	702	339
PB2|PP755596.1|A/cattle/Texas/24-008749-003/2024(H5N1)	703	340
PB2|PP755596.1|A/cattle/Texas/24-008749-003/2024(H5N1)	704	339
PB2|PP755596.1|A/cattle/Texas/24-008749-003/2024(H5N1)	705	343
PB2|PP755596.1|A/cattle/Texas/24-008749-003/2024(H5N1)	706	342
PB2|PP755596.1|A/cattle/Texas/24-008749-003/2024(H5N1)	707	334
PB2|PP755596.1|A/cattle/Texas/24-008749-003/2024(H5N1)	708	342
PB2|PP755596.1|A/cattle/Texas/24-008749-003/2024(H5N1)	709	345
PB2|PP755596.1|A/cattle/Texas/24-008749-003/2024(H5N1)	710	346
PB2|PP755596.1|A/cattle/Texas/24-008749-003/2024(H5N1)	711	346
PB2|PP755596.1|A/cattle/Texas/24-008749-003/2024(H5N1)	712	343
PB2|PP755596.1|A/cattle/Texas/24-008749-003/2024(H5N1)	713	344
PB2|PP755596.1|A/cattle/Texas/24-008749-003/2024(H5N1)	714	344
PB2|PP755596.1|A/cattle/Texas/24-008749-003/2024(H5N1)	715	347
PB2|PP755596.1|A/cattle/Texas/24-008749-003/2024(H5N1)	716	347
PB2|PP755596.1|A/cattle/Texas/24-008749-003/2024(H5N1)	717	345
PB2|PP755596.1|A/cattle/Texas/24-008749-003/2024(H5N1)	718	340
PB2|PP755596.1|A/cattle/Texas/24-008749-003/2024(H5N1)	719	338
PB2|PP755596.1|A/cattle/Texas/24-008749-003/2024(H5N1)	720	336
PB2|PP755596.1|A/cattle/Texas/24-008749-003/2024(H5N1)	721	344
PB2|PP755596.1|A/cattle/Texas/24-008749-003/2024(H5N1)	722	345
PB2|PP755596.1|A/cattle/Texas/24-008749-003/2024(H5N1)	723	345
PB2|PP755596.1|A/cattle/Texas/24-008749-003/2024(H5N1)	724	346
PB2|PP755596.1|A/cattle/Texas/24-008749-003/2024(H5N1)	725	344
PB2|PP755596.1|A/cattle/Texas/24-008749-003/2024(H5N1)	726	377
PB2|PP755596.1|A/cattle/Texas/24-008749-003/2024(H5N1)	727	383
PB2|PP755596.1|A/cattle/Texas/24-008749-003/2024(H5N1)	728	375
PB2|PP755596.1|A/cattle/Texas/24-008749-003/2024(H5N1)	729	377
PB2|PP755596.1|A/cattle/Texas/24-008749-003/2024(H5N1)	730	376
PB2|PP755596.1|A/cattle/Texas/24-008749-003/2024(H5N1)	731	375
PB2|PP755596.1|A/cattle/Texas/24-008749-003/2024(H5N1)	732	374
PB2|PP755596.1|A/cattle/Texas/24-008749-003/2024(H5N1)	733	374
PB2|PP755596.1|A/cattle/Texas/24-008749-003/2024(H5N1)	734	376
PB2|PP755596.1|A/cattle/Texas/24-008749-003/2024(H5N1)	735	359
PB2|PP755596.1|A/cattle/Texas/24-008749-003/2024(H5N1)	736	359
PB2|PP755596.1|A/cattle/Texas/24-008749-003/2024(H5N1)	737	356
PB2|PP755596.1|A/cattle/Texas/24-008749-003/2024(H5N1)	738	349
PB2|PP755596.1|A/cattle/Texas/24-008749-003/2024(H5N1)	739	349
PB2|PP755596.1|A/cattle/Texas/24-008749-003/2024(H5N1)	740	353
PB2|PP755596.1|A/cattle/Texas/24-008749-003/2024(H5N1)	741	355
PB2|PP755596.1|A/cattle/Texas/24-008749-003/2024(H5N1)	742	355
PB2|PP755596.1|A/cattle/Texas/24-008749-003/2024(H5N1)	743	355
PB2|PP755596.1|A/cattle/Texas/24-008749-003/2024(H5N1)	744	354
PB2|PP755596.1|A/cattle/Texas/24-008749-003/2024(H5N1)	745	357
PB2|PP755596.1|A/cattle/Texas/24-008749-003/2024(H5N1)	746	357
PB2|PP755596.1|A/cattle/Texas/24-008749-003/2024(H5N1)	747	357
PB2|PP755596.1|A/cattle/Texas/24-008749-003/2024(H5N1)	748	359
PB2|PP755596.1|A/cattle/Texas/24-008749-003/2024(H5N1)	749	360
PB2|PP755596.1|A/cattle/Texas/24-008749-003/2024(H5N1)	750	359
PB2|PP755596.1|A/cattle/Texas/24-008749-003/2024(H5N1)	751	352
PB2|PP755596.1|A/cattle/Texas/24-008749-003/2024(H5N1)	752	350
PB2|PP755596.1|A/cattle/Texas/24-008749-003/2024(H5N1)	753	350
PB2|PP755596.1|A/cattle/Texas/24-008749-003/2024(H5N1)	754	350
PB2|PP755596.1|A/cattle/Texas/24-008749-003/2024(H5N1)	755	349
PB2|PP755596.1|A/cattle/Texas/24-008749-003/2024(H5N1)	756	346
PB2|PP755596.1|A/cattle/Texas/24-008749-003/2024(H5N1)	757	342
PB2|PP755596.1|A/cattle/Texas/24-008749-003/2024(H5N1)	758	338
PB2|PP755596.1|A/cattle/Texas/24-008749-003/2024(H5N1)	759	338
PB2|PP755596.1|A/cattle/Texas/24-008749-003/2024(H5N1)	760	339
PB2|PP755596.1|A/cattle/Texas/24-008749-003/2024(H5N1)	761	363
PB2|PP755596.1|A/cattle/Texas/24-008749-003/2024(H5N1)	762	362
PB2|PP755596.1|A/cattle/Texas/24-008749-003/2024(H5N1)	763	359
PB2|PP755596.1|A/cattle/Texas/24-008749-003/2024(H5N1)	764	358
PB2|PP755596.1|A/cattle/Texas/24-008749-003/2024(H5N1)	765	353
PB2|PP755596.1|A/cattle/Texas/24-008749-003/2024(H5N1)	766	376
PB2|PP755596.1|A/cattle/Texas/24-008749-003/2024(H5N1)	767	373
PB2|PP755596.1|A/cattle/Texas/24-008749-003/2024(H5N1)	768	383
PB2|PP755596.1|A/cattle/Texas/24-008749-003/2024(H5N1)	769	379
PB2|PP755596.1|A/cattle/Texas/24-008749-003/2024(H5N1)	770	360
PB2|PP755596.1|A/cattle/Texas/24-008749-003/2024(H5N1)	771	363
PB2|PP755596.1|A/cattle/Texas/24-008749-003/2024(H5N1)	772	374
PB2|PP755596.1|A/cattle/Texas/24-008749-003/2024(H5N1)	773	373
PB2|PP755596.1|A/cattle/Texas/24-008749-003/2024(H5N1)	774	373
PB2|PP755596.1|A/cattle/Texas/24-008749-003/2024(H5N1)	775	372
PB2|PP755596.1|A/cattle/Texas/24-008749-003/2024(H5N1)	776	372
PB2|PP755596.1|A/cattle/Texas/24-008749-003/2024(H5N1)	777	373
PB2|PP755596.1|A/cattle/Texas/24-008749-003/2024(H5N1)	778	379
PB2|PP755596.1|A/cattle/Texas/24-008749-003/2024(H5N1)	779	376
PB2|PP755596.1|A/cattle/Texas/24-008749-003/2024(H5N1)	780	372
PB2|PP755596.1|A/cattle/Texas/24-008749-003/2024(H5N1)	781	369
PB2|PP755596.1|A/cattle/Texas/24-008749-003/2024(H5N1)	782	369
PB2|PP755596.1|A/cattle/Texas/24-008749-003/2024(H5N1)	783	379
PB2|PP755596.1|A/cattle/Texas/24-008749-003/2024(H5N1)	784	378
PB2|PP755596.1|A/cattle/Texas/24-008749-003/2024(H5N1)	785	377
PB2|PP755596.1|A/cattle/Texas/24-008749-003/2024(H5N1)	786	374
PB2|PP755596.1|A/cattle/Texas/24-008749-003/2024(H5N1)	787	378
PB2|PP755596.1|A/cattle/Texas/24-008749-003/2024(H5N1)	788	383
PB2|PP755596.1|A/cattle/Texas/24-008749-003/2024(H5N1)	789	384
PB2|PP755596.1|A/cattle/Texas/24-008749-003/2024(H5N1)	790	384
PB2|PP755596.1|A/cattle/Texas/24-008749-003/2024(H5N1)	791	381
PB2|PP755596.1|A/cattle/Texas/24-008749-003/2024(H5N1)	792	386
PB2|PP755596.1|A/cattle/Texas/24-008749-003/2024(H5N1)	793	389
PB2|PP755596.1|A/cattle/Texas/24-008749-003/2024(H5N1)	794	387
PB2|PP755596.1|A/cattle/Texas/24-008749-003/2024(H5N1)	795	389
PB2|PP755596.1|A/cattle/Texas/24-008749-003/2024(H5N1)	796	395
PB2|PP755596.1|A/cattle/Texas/24-008749-003/2024(H5N1)	797	395
PB2|PP755596.1|A/cattle/Texas/24-008749-003/2024(H5N1)	798	394
PB2|PP755596.1|A/cattle/Texas/24-008749-003/2024(H5N1)	799	389
PB2|PP755596.1|A/cattle/Texas/24-008749-003/2024(H5N1)	800	394
PB2|PP755596.1|A/cattle/Texas/24-008749-003/2024(H5N1)	801	386
PB2|PP755596.1|A/cattle/Texas/24-008749-003/2024(H5N1)	802	386
PB2|PP755596.1|A/cattle/Texas/24-008749-003/2024(H5N1)	803	387
PB2|PP755596.1|A/cattle/Texas/24-008749-003/2024(H5N1)	804	391
PB2|PP755596.1|A/cattle/Texas/24-008749-003/2024(H5N1)	805	384
PB2|PP755596.1|A/cattle/Texas/24-008749-003/2024(H5N1)	806	389
PB2|PP755596.1|A/cattle/Texas/24-008749-003/2024(H5N1)	807	388
PB2|PP755596.1|A/cattle/Texas/24-008749-003/2024(H5N1)	808	389
PB2|PP755596.1|A/cattle/Texas/24-008749-003/2024(H5N1)	809	389
PB2|PP755596.1|A/cattle/Texas/24-008749-003/2024(H5N1)	810	389
PB2|PP755596.1|A/cattle/Texas/24-008749-003/2024(H5N1)	811	388
PB2|PP755596.1|A/cattle/Texas/24-008749-003/2024(H5N1)	812	392
PB2|PP755596.1|A/cattle/Texas/24-008749-003/2024(H5N1)	813	393
PB2|PP755596.1|A/cattle/Texas/24-008749-003/2024(H5N1)	814	396
PB2|PP755596.1|A/cattle/Texas/24-008749-003/2024(H5N1)	815	398
PB2|PP755596.1|A/cattle/Texas/24-008749-003/2024(H5N1)	816	397
PB2|PP755596.1|A/cattle/Texas/24-008749-003/2024(H5N1)	817	401
PB2|PP755596.1|A/cattle/Texas/24-008749-003/2024(H5N1)	818	400
PB2|PP755596.1|A/cattle/Texas/24-008749-003/2024(H5N1)	819	400
PB2|PP755596.1|A/cattle/Texas/24-008749-003/2024(H5N1)	820	398
PB2|PP755596.1|A/cattle/Texas/24-008749-003/2024(H5N1)	821	399
PB2|PP755596.1|A/cattle/Texas/24-008749-003/2024(H5N1)	822	392
PB2|PP755596.1|A/cattle/Texas/24-008749-003/2024(H5N1)	823	388
PB2|PP755596.1|A/cattle/Texas/24-008749-003/2024(H5N1)	824	392
PB2|PP755596.1|A/cattle/Texas/24-008749-003/2024(H5N1)	825	392
PB2|PP755596.1|A/cattle/Texas/24-008749-003/2024(H5N1)	826	392
PB2|PP755596.1|A/cattle/Texas/24-008749-003/2024(H5N1)	827	389
PB2|PP755596.1|A/cattle/Texas/24-008749-003/2024(H5N1)	828	382
PB2|PP755596.1|A/cattle/Texas/24-008749-003/2024(H5N1)	829	388
PB2|PP755596.1|A/cattle/Texas/24-008749-003/2024(H5N1)	830	383
PB2|PP755596.1|A/cattle/Texas/24-008749-003/2024(H5N1)	831	383
PB2|PP755596.1|A/cattle/Texas/24-008749-003/2024(H5N1)	832	383
PB2|PP755596.1|A/cattle/Texas/24-008749-003/2024(H5N1)	833	374
PB2|PP755596.1|A/cattle/Texas/24-008749-003/2024(H5N1)	834	371
PB2|PP755596.1|A/cattle/Texas/24-008749-003/2024(H5N1)	835	370
PB2|PP755596.1|A/cattle/Texas/24-008749-003/2024(H5N1)	836	373
PB2|PP755596.1|A/cattle/Texas/24-008749-003/2024(H5N1)	837	374
PB2|PP755596.1|A/cattle/Texas/24-008749-003/2024(H5N1)	838	398
PB2|PP755596.1|A/cattle/Texas/24-008749-003/2024(H5N1)	839	398
PB2|PP755596.1|A/cattle/Texas/24-008749-003/2024(H5N1)	840	401
PB2|PP755596.1|A/cattle/Texas/24-008749-003/2024(H5N1)	841	401
PB2|PP755596.1|A/cattle/Texas/24-008749-003/2024(H5N1)	842	394
PB2|PP755596.1|A/cattle/Texas/24-008749-003/2024(H5N1)	843	394
PB2|PP755596.1|A/cattle/Texas/24-008749-003/2024(H5N1)	844	394
PB2|PP755596.1|A/cattle/Texas/24-008749-003/2024(H5N1)	845	390
PB2|PP755596.1|A/cattle/Texas/24-008749-003/2024(H5N1)	846	390
PB2|PP755596.1|A/cattle/Texas/24-008749-003/2024(H5N1)	847	374
PB2|PP755596.1|A/cattle/Texas/24-008749-003/2024(H5N1)	848	371
PB2|PP755596.1|A/cattle/Texas/24-008749-003/2024(H5N1)	849	380
PB2|PP755596.1|A/cattle/Texas/24-008749-003/2024(H5N1)	850	380
PB2|PP755596.1|A/cattle/Texas/24-008749-003/2024(H5N1)	851	380
PB2|PP755596.1|A/cattle/Texas/24-008749-003/2024(H5N1)	852	377
PB2|PP755596.1|A/cattle/Texas/24-008749-003/2024(H5N1)	853	378
PB2|PP755596.1|A/cattle/Texas/24-008749-003/2024(H5N1)	854	377
PB2|PP755596.1|A/cattle/Texas/24-008749-003/2024(H5N1)	855	376
PB2|PP755596.1|A/cattle/Texas/24-008749-003/2024(H5N1)	856	368
PB2|PP755596.1|A/cattle/Texas/24-008749-003/2024(H5N1)	857	377
PB2|PP755596.1|A/cattle/Texas/24-008749-003/2024(H5N1)	858	375
PB2|PP755596.1|A/cattle/Texas/24-008749-003/2024(H5N1)	859	376
PB2|PP755596.1|A/cattle/Texas/24-008749-003/2024(H5N1)	860	375
PB2|PP755596.1|A/cattle/Texas/24-008749-003/2024(H5N1)	861	375
PB2|PP755596.1|A/cattle/Texas/24-008749-003/2024(H5N1)	862	375
PB2|PP755596.1|A/cattle/Texas/24-008749-003/2024(H5N1)	863	376
PB2|PP755596.1|A/cattle/Texas/24-008749-003/2024(H5N1)	864	379
PB2|PP755596.1|A/cattle/Texas/24-008749-003/2024(H5N1)	865	379
PB2|PP755596.1|A/cattle/Texas/24-008749-003/2024(H5N1)	866	376
PB2|PP755596.1|A/cattle/Texas/24-008749-003/2024(H5N1)	867	376
PB2|PP755596.1|A/cattle/Texas/24-008749-003/2024(H5N1)	868	376
PB2|PP755596.1|A/cattle/Texas/24-008749-003/2024(H5N1)	869	376
PB2|PP755596.1|A/cattle/Texas/24-008749-003/2024(H5N1)	870	377
PB2|PP755596.1|A/cattle/Texas/24-008749-003/2024(H5N1)	871	373
PB2|PP755596.1|A/cattle/Texas/24-008749-003/2024(H5N1)	872	375
PB2|PP755596.1|A/cattle/Texas/24-008749-003/2024(H5N1)	873	375
PB2|PP755596.1|A/cattle/Texas/24-008749-003/2024(H5N1)	874	375
PB2|PP755596.1|A/cattle/Texas/24-008749-003/2024(H5N1)	875	373
PB2|PP755596.1|A/cattle/Texas/24-008749-003/2024(H5N1)	876	372
PB2|PP755596.1|A/cattle/Texas/24-008749-003/2024(H5N1)	877	343
PB2|PP755596.1|A/cattle/Texas/24-008749-003/2024(H5N1)	878	342
PB2|PP755596.1|A/cattle/Texas/24-008749-003/2024(H5N1)	879	345
PB2|PP755596.1|A/cattle/Texas/24-008749-003/2024(H5N1)	880	347
PB2|PP755596.1|A/cattle/Texas/24-008749-003/2024(H5N1)	881	341
PB2|PP755596.1|A/cattle/Texas/24-008749-003/2024(H5N1)	882	342
PB2|PP755596.1|A/cattle/Texas/24-008749-003/2024(H5N1)	883	347
PB2|PP755596.1|A/cattle/Texas/24-008749-003/2024(H5N1)	884	349
PB2|PP755596.1|A/cattle/Texas/24-008749-003/2024(H5N1)	885	347
PB2|PP755596.1|A/cattle/Texas/24-008749-003/2024(H5N1)	886	347
PB2|PP755596.1|A/cattle/Texas/24-008749-003/2024(H5N1)	887	346
PB2|PP755596.1|A/cattle/Texas/24-008749-003/2024(H5N1)	888	347
PB2|PP755596.1|A/cattle/Texas/24-008749-003/2024(H5N1)	889	345
PB2|PP755596.1|A/cattle/Texas/24-008749-003/2024(H5N1)	890	352
PB2|PP755596.1|A/cattle/Texas/24-008749-003/2024(H5N1)	891	351
PB2|PP755596.1|A/cattle/Texas/24-008749-003/2024(H5N1)	892	350
PB2|PP755596.1|A/cattle/Texas/24-008749-003/2024(H5N1)	893	349
PB2|PP755596.1|A/cattle/Texas/24-008749-003/2024(H5N1)	894	350
PB2|PP755596.1|A/cattle/Texas/24-008749-003/2024(H5N1)	895	350
PB2|PP755596.1|A/cattle/Texas/24-008749-003/2024(H5N1)	896	348
PB2|PP755596.1|A/cattle/Texas/24-008749-003/2024(H5N1)	897	350
PB2|PP755596.1|A/cattle/Texas/24-008749-003/2024(H5N1)	898	348
PB2|PP755596.1|A/cattle/Texas/24-008749-003/2024(H5N1)	899	343
PB2|PP755596.1|A/cattle/Texas/24-008749-003/2024(H5N1)	900	343
PB2|PP755596.1|A/cattle/Texas/24-008749-003/2024(H5N1)	901	342
PB2|PP755596.1|A/cattle/Texas/24-008749-003/2024(H5N1)	902	360
PB2|PP755596.1|A/cattle/Texas/24-008749-003/2024(H5N1)	903	360
PB2|PP755596.1|A/cattle/Texas/24-008749-003/2024(H5N1)	904	361
PB2|PP755596.1|A/cattle/Texas/24-008749-003/2024(H5N1)	905	362
PB2|PP755596.1|A/cattle/Texas/24-008749-003/2024(H5N1)	906	362
PB2|PP755596.1|A/cattle/Texas/24-008749-003/2024(H5N1)	907	360
PB2|PP755596.1|A/cattle/Texas/24-008749-003/2024(H5N1)	908	361
PB2|PP755596.1|A/cattle/Texas/24-008749-003/2024(H5N1)	909	359
PB2|PP755596.1|A/cattle/Texas/24-008749-003/2024(H5N1)	910	364
PB2|PP755596.1|A/cattle/Texas/24-008749-003/2024(H5N1)	911	361
PB2|PP755596.1|A/cattle/Texas/24-008749-003/2024(H5N1)	912	339
PB2|PP755596.1|A/cattle/Texas/24-008749-003/2024(H5N1)	913	341
PB2|PP755596.1|A/cattle/Texas/24-008749-003/2024(H5N1)	914	341
PB2|PP755596.1|A/cattle/Texas/24-008749-003/2024(H5N1)	915	341
PB2|PP755596.1|A/cattle/Texas/24-008749-003/2024(H5N1)	916	321
PB2|PP755596.1|A/cattle/Texas/24-008749-003/2024(H5N1)	917	322
PB2|PP755596.1|A/cattle/Texas/24-008749-003/2024(H5N1)	918	321
PB2|PP755596.1|A/cattle/Texas/24-008749-003/2024(H5N1)	919	323
PB2|PP755596.1|A/cattle/Texas/24-008749-003/2024(H5N1)	920	324
PB2|PP755596.1|A/cattle/Texas/24-008749-003/2024(H5N1)	921	313
PB2|PP755596.1|A/cattle/Texas/24-008749-003/2024(H5N1)	922	313
PB2|PP755596.1|A/cattle/Texas/24-008749-003/2024(H5N1)	923	316
PB2|PP755596.1|A/cattle/Texas/24-008749-003/2024(H5N1)	924	319
PB2|PP755596.1|A/cattle/Texas/24-008749-003/2024(H5N1)	925	340
PB2|PP755596.1|A/cattle/Texas/24-008749-003/2024(H5N1)	926	341
PB2|PP755596.1|A/cattle/Texas/24-008749-003/2024(H5N1)	927	348
PB2|PP755596.1|A/cattle/Texas/24-008749-003/2024(H5N1)	928	342
PB2|PP755596.1|A/cattle/Texas/24-008749-003/2024(H5N1)	929	342
PB2|PP755596.1|A/cattle/Texas/24-008749-003/2024(H5N1)	930	346
PB2|PP755596.1|A/cattle/Texas/24-008749-003/2024(H5N1)	931	346
PB2|PP755596.1|A/cattle/Texas/24-008749-003/2024(H5N1)	932	346
PB2|PP755596.1|A/cattle/Texas/24-008749-003/2024(H5N1)	933	351
PB2|PP755596.1|A/cattle/Texas/24-008749-003/2024(H5N1)	934	375
PB2|PP755596.1|A/cattle/Texas/24-008749-003/2024(H5N1)	935	378
PB2|PP755596.1|A/cattle/Texas/24-008749-003/2024(H5N1)	936	375
PB2|PP755596.1|A/cattle/Texas/24-008749-003/2024(H5N1)	937	381
PB2|PP755596.1|A/cattle/Texas/24-008749-003/2024(H5N1)	938	377
PB2|PP755596.1|A/cattle/Texas/24-008749-003/2024(H5N1)	939	369
PB2|PP755596.1|A/cattle/Texas/24-008749-003/2024(H5N1)	940	370
PB2|PP755596.1|A/cattle/Texas/24-008749-003/2024(H5N1)	941	371
PB2|PP755596.1|A/cattle/Texas/24-008749-003/2024(H5N1)	942	371
PB2|PP755596.1|A/cattle/Texas/24-008749-003/2024(H5N1)	943	364
PB2|PP755596.1|A/cattle/Texas/24-008749-003/2024(H5N1)	944	364
PB2|PP755596.1|A/cattle/Texas/24-008749-003/2024(H5N1)	945	374
PB2|PP755596.1|A/cattle/Texas/24-008749-003/2024(H5N1)	946	389
PB2|PP755596.1|A/cattle/Texas/24-008749-003/2024(H5N1)	947	388
PB2|PP755596.1|A/cattle/Texas/24-008749-003/2024(H5N1)	948	389
PB2|PP755596.1|A/cattle/Texas/24-008749-003/2024(H5N1)	949	385
PB2|PP755596.1|A/cattle/Texas/24-008749-003/2024(H5N1)	950	384
PB2|PP755596.1|A/cattle/Texas/24-008749-003/2024(H5N1)	951	386
PB2|PP755596.1|A/cattle/Texas/24-008749-003/2024(H5N1)	952	386
PB2|PP755596.1|A/cattle/Texas/24-008749-003/2024(H5N1)	953	387
PB2|PP755596.1|A/cattle/Texas/24-008749-003/2024(H5N1)	954	385
PB2|PP755596.1|A/cattle/Texas/24-008749-003/2024(H5N1)	955	378
PB2|PP755596.1|A/cattle/Texas/24-008749-003/2024(H5N1)	956	372
PB2|PP755596.1|A/cattle/Texas/24-008749-003/2024(H5N1)	957	367
PB2|PP755596.1|A/cattle/Texas/24-008749-003/2024(H5N1)	958	368
PB2|PP755596.1|A/cattle/Texas/24-008749-003/2024(H5N1)	959	375
PB2|PP755596.1|A/cattle/Texas/24-008749-003/2024(H5N1)	960	376
PB2|PP755596.1|A/cattle/Texas/24-008749-003/2024(H5N1)	961	378
PB2|PP755596.1|A/cattle/Texas/24-008749-003/2024(H5N1)	962	376
PB2|PP755596.1|A/cattle/Texas/24-008749-003/2024(H5N1)	963	371
PB2|PP755596.1|A/cattle/Texas/24-008749-003/2024(H5N1)	964	369
PB2|PP755596.1|A/cattle/Texas/24-008749-003/2024(H5N1)	965	363
PB2|PP755596.1|A/cattle/Texas/24-008749-003/2024(H5N1)	966	368
PB2|PP755596.1|A/cattle/Texas/24-008749-003/2024(H5N1)	967	368
PB2|PP755596.1|A/cattle/Texas/24-008749-003/2024(H5N1)	968	363
PB2|PP755596.1|A/cattle/Texas/24-008749-003/2024(H5N1)	969	362
PB2|PP755596.1|A/cattle/Texas/24-008749-003/2024(H5N1)	970	362
PB2|PP755596.1|A/cattle/Texas/24-008749-003/2024(H5N1)	971	365
PB2|PP755596.1|A/cattle/Texas/24-008749-003/2024(H5N1)	972	365
PB2|PP755596.1|A/cattle/Texas/24-008749-003/2024(H5N1)	973	362
PB2|PP755596.1|A/cattle/Texas/24-008749-003/2024(H5N1)	974	366
PB2|PP755596.1|A/cattle/Texas/24-008749-003/2024(H5N1)	975	371
PB2|PP755596.1|A/cattle/Texas/24-008749-003/2024(H5N1)	976	369
PB2|PP755596.1|A/cattle/Texas/24-008749-003/2024(H5N1)	977	369
PB2|PP755596.1|A/cattle/Texas/24-008749-003/2024(H5N1)	978	370
PB2|PP755596.1|A/cattle/Texas/24-008749-003/2024(H5N1)	979	372
PB2|PP755596.1|A/cattle/Texas/24-008749-003/2024(H5N1)	980	367
PB2|PP755596.1|A/cattle/Texas/24-008749-003/2024(H5N1)	981	367
PB2|PP755596.1|A/cattle/Texas/24-008749-003/2024(H5N1)	982	366
PB2|PP755596.1|A/cattle/Texas/24-008749-003/2024(H5N1)	983	366
PB2|PP755596.1|A/cattle/Texas/24-008749-003/2024(H5N1)	984	366
PB2|PP755596.1|A/cattle/Texas/24-008749-003/2024(H5N1)	985	366
PB2|PP755596.1|A/cattle/Texas/24-008749-003/2024(H5N1)	986	363
PB2|PP755596.1|A/cattle/Texas/24-008749-003/2024(H5N1)	987	363
PB2|PP755596.1|A/cattle/Texas/24-008749-003/2024(H5N1)	988	363
PB2|PP755596.1|A/cattle/Texas/24-008749-003/2024(H5N1)	989	339
PB2|PP755596.1|A/cattle/Texas/24-008749-003/2024(H5N1)	990	339
PB2|PP755596.1|A/cattle/Texas/24-008749-003/2024(H5N1)	991	346
PB2|PP755596.1|A/cattle/Texas/24-008749-003/2024(H5N1)	992	346
PB2|PP755596.1|A/cattle/Texas/24-008749-003/2024(H5N1)	993	346
PB2|PP755596.1|A/cattle/Texas/24-008749-003/2024(H5N1)	994	346
PB2|PP755596.1|A/cattle/Texas/24-008749-003/2024(H5N1)	995	350
PB2|PP755596.1|A/cattle/Texas/24-008749-003/2024(H5N1)	996	349
PB2|PP755596.1|A/cattle/Texas/24-008749-003/2024(H5N1)	997	354
PB2|PP755596.1|A/cattle/Texas/24-008749-003/2024(H5N1)	998	358
PB2|PP755596.1|A/cattle/Texas/24-008749-003/2024(H5N1)	999	358
PB2|PP755596.1|A/cattle/Texas/24-008749-003/2024(H5N1)	1000	352
PB2|PP755596.1|A/cattle/Texas/24-008749-003/2024(H5N1)	1001	351
PB2|PP755596.1|A/cattle/Texas/24-008749-003/2024(H5N1)	1002	355
PB2|PP755596.1|A/cattle/Texas/24-008749-003/2024(H5N1)	1003	356
PB2|PP755596.1|A/cattle/Texas/24-008749-003/2024(H5N1)	1004	357
PB2|PP755596.1|A/cattle/Texas/24-008749-003/2024(H5N1)	1005	356
PB2|PP755596.1|A/cattle/Texas/24-008749-003/2024(H5N1)	1006	360
PB2|PP755596.1|A/cattle/Texas/24-008749-003/2024(H5N1)	1007	354
PB2|PP755596.1|A/cattle/Texas/24-008749-003/2024(H5N1)	1008	354
PB2|PP755596.1|A/cattle/Texas/24-008749-003/2024(H5N1)	1009	354
PB2|PP755596.1|A/cattle/Texas/24-008749-003/2024(H5N1)	1010	352
PB2|PP755596.1|A/cattle/Texas/24-008749-003/2024(H5N1)	1011	353
PB2|PP755596.1|A/cattle/Texas/24-008749-003/2024(H5N1)	1012	359
PB2|PP755596.1|A/cattle/Texas/24-008749-003/2024(H5N1)	1013	364
PB2|PP755596.1|A/cattle/Texas/24-008749-003/2024(H5N1)	1014	358
PB2|PP755596.1|A/cattle/Texas/24-008749-003/2024(H5N1)	1015	358
PB2|PP755596.1|A/cattle/Texas/24-008749-003/2024(H5N1)	1016	359
PB2|PP755596.1|A/cattle/Texas/24-008749-003/2024(H5N1)	1017	359
PB2|PP755596.1|A/cattle/Texas/24-008749-003/2024(H5N1)	1018	359
PB2|PP755596.1|A/cattle/Texas/24-008749-003/2024(H5N1)	1019	360
PB2|PP755596.1|A/cattle/Texas/24-008749-003/2024(H5N1)	1020	363
PB2|PP755596.1|A/cattle/Texas/24-008749-003/2024(H5N1)	1021	362
PB2|PP755596.1|A/cattle/Texas/24-008749-003/2024(H5N1)	1022	361
PB2|PP755596.1|A/cattle/Texas/24-008749-003/2024(H5N1)	1023	357
PB2|PP755596.1|A/cattle/Texas/24-008749-003/2024(H5N1)	1024	361
PB2|PP755596.1|A/cattle/Texas/24-008749-003/2024(H5N1)	1025	364
PB2|PP755596.1|A/cattle/Texas/24-008749-003/2024(H5N1)	1026	364
PB2|PP755596.1|A/cattle/Texas/24-008749-003/2024(H5N1)	1027	363
PB2|PP755596.1|A/cattle/Texas/24-008749-003/2024(H5N1)	1028	357
PB2|PP755596.1|A/cattle/Texas/24-008749-003/2024(H5N1)	1029	353
PB2|PP755596.1|A/cattle/Texas/24-008749-003/2024(H5N1)	1030	352
PB2|PP755596.1|A/cattle/Texas/24-008749-003/2024(H5N1)	1031	351
PB2|PP755596.1|A/cattle/Texas/24-008749-003/2024(H5N1)	1032	366
PB2|PP755596.1|A/cattle/Texas/24-008749-003/2024(H5N1)	1033	359
PB2|PP755596.1|A/cattle/Texas/24-008749-003/2024(H5N1)	1034	362
PB2|PP755596.1|A/cattle/Texas/24-008749-003/2024(H5N1)	1035	362
PB2|PP755596.1|A/cattle/Texas/24-008749-003/2024(H5N1)	1036	363
PB2|PP755596.1|A/cattle/Texas/24-008749-003/2024(H5N1)	1037	365
PB2|PP755596.1|A/cattle/Texas/24-008749-003/2024(H5N1)	1038	367
PB2|PP755596.1|A/cattle/Texas/24-008749-003/2024(H5N1)	1039	366
PB2|PP755596.1|A/cattle/Texas/24-008749-003/2024(H5N1)	1040	369
PB2|PP755596.1|A/cattle/Texas/24-008749-003/2024(H5N1)	1041	364
PB2|PP755596.1|A/cattle/Texas/24-008749-003/2024(H5N1)	1042	362
PB2|PP755596.1|A/cattle/Texas/24-008749-003/2024(H5N1)	1043	364
PB2|PP755596.1|A/cattle/Texas/24-008749-003/2024(H5N1)	1044	373
PB2|PP755596.1|A/cattle/Texas/24-008749-003/2024(H5N1)	1045	374
PB2|PP755596.1|A/cattle/Texas/24-008749-003/2024(H5N1)	1046	375
PB2|PP755596.1|A/cattle/Texas/24-008749-003/2024(H5N1)	1047	375
PB2|PP755596.1|A/cattle/Texas/24-008749-003/2024(H5N1)	1048	386
PB2|PP755596.1|A/cattle/Texas/24-008749-003/2024(H5N1)	1049	386
PB2|PP755596.1|A/cattle/Texas/24-008749-003/2024(H5N1)	1050	386
PB2|PP755596.1|A/cattle/Texas/24-008749-003/2024(H5N1)	1051	386
PB2|PP755596.1|A/cattle/Texas/24-008749-003/2024(H5N1)	1052	386
PB2|PP755596.1|A/cattle/Texas/24-008749-003/2024(H5N1)	1053	369
PB2|PP755596.1|A/cattle/Texas/24-008749-003/2024(H5N1)	1054	369
PB2|PP755596.1|A/cattle/Texas/24-008749-003/2024(H5N1)	1055	369
PB2|PP755596.1|A/cattle/Texas/24-008749-003/2024(H5N1)	1056	371
PB2|PP755596.1|A/cattle/Texas/24-008749-003/2024(H5N1)	1057	371
PB2|PP755596.1|A/cattle/Texas/24-008749-003/2024(H5N1)	1058	380
PB2|PP755596.1|A/cattle/Texas/24-008749-003/2024(H5N1)	1059	380
PB2|PP755596.1|A/cattle/Texas/24-008749-003/2024(H5N1)	1060	380
PB2|PP755596.1|A/cattle/Texas/24-008749-003/2024(H5N1)	1061	374
PB2|PP755596.1|A/cattle/Texas/24-008749-003/2024(H5N1)	1062	375
PB2|PP755596.1|A/cattle/Texas/24-008749-003/2024(H5N1)	1063	374
PB2|PP755596.1|A/cattle/Texas/24-008749-003/2024(H5N1)	1064	379
PB2|PP755596.1|A/cattle/Texas/24-008749-003/2024(H5N1)	1065	382
PB2|PP755596.1|A/cattle/Texas/24-008749-003/2024(H5N1)	1066	399
PB2|PP755596.1|A/cattle/Texas/24-008749-003/2024(H5N1)	1067	400
PB2|PP755596.1|A/cattle/Texas/24-008749-003/2024(H5N1)	1068	401
PB2|PP755596.1|A/cattle/Texas/24-008749-003/2024(H5N1)	1069	405
PB2|PP755596.1|A/cattle/Texas/24-008749-003/2024(H5N1)	1070	404
PB2|PP755596.1|A/cattle/Texas/24-008749-003/2024(H5N1)	1071	404
PB2|PP755596.1|A/cattle/Texas/24-008749-003/2024(H5N1)	1072	404
PB2|PP755596.1|A/cattle/Texas/24-008749-003/2024(H5N1)	1073	399
PB2|PP755596.1|A/cattle/Texas/24-008749-003/2024(H5N1)	1074	406
PB2|PP755596.1|A/cattle/Texas/24-008749-003/2024(H5N1)	1075	423
PB2|PP755596.1|A/cattle/Texas/24-008749-003/2024(H5N1)	1076	437
PB2|PP755596.1|A/cattle/Texas/24-008749-003/2024(H5N1)	1077	440
PB2|PP755596.1|A/cattle/Texas/24-008749-003/2024(H5N1)	1078	430
PB2|PP755596.1|A/cattle/Texas/24-008749-003/2024(H5N1)	1079	432
PB2|PP755596.1|A/cattle/Texas/24-008749-003/2024(H5N1)	1080	432
PB2|PP755596.1|A/cattle/Texas/24-008749-003/2024(H5N1)	1081	428
PB2|PP755596.1|A/cattle/Texas/24-008749-003/2024(H5N1)	1082	429
PB2|PP755596.1|A/cattle/Texas/24-008749-003/2024(H5N1)	1083	422
PB2|PP755596.1|A/cattle/Texas/24-008749-003/2024(H5N1)	1084	430
PB2|PP755596.1|A/cattle/Texas/24-008749-003/2024(H5N1)	1085	393
PB2|PP755596.1|A/cattle/Texas/24-008749-003/2024(H5N1)	1086	394
PB2|PP755596.1|A/cattle/Texas/24-008749-003/2024(H5N1)	1087	393
PB2|PP755596.1|A/cattle/Texas/24-008749-003/2024(H5N1)	1088	409
PB2|PP755596.1|A/cattle/Texas/24-008749-003/2024(H5N1)	1089	410
PB2|PP755596.1|A/cattle/Texas/24-008749-003/2024(H5N1)	1090	410
PB2|PP755596.1|A/cattle/Texas/24-008749-003/2024(H5N1)	1091	410
PB2|PP755596.1|A/cattle/Texas/24-008749-003/2024(H5N1)	1092	410
PB2|PP755596.1|A/cattle/Texas/24-008749-003/2024(H5N1)	1093	417
PB2|PP755596.1|A/cattle/Texas/24-008749-003/2024(H5N1)	1094	415
PB2|PP755596.1|A/cattle/Texas/24-008749-003/2024(H5N1)	1095	412
PB2|PP755596.1|A/cattle/Texas/24-008749-003/2024(H5N1)	1096	407
PB2|PP755596.1|A/cattle/Texas/24-008749-003/2024(H5N1)	1097	388
PB2|PP755596.1|A/cattle/Texas/24-008749-003/2024(H5N1)	1098	391
PB2|PP755596.1|A/cattle/Texas/24-008749-003/2024(H5N1)	1099	392
PB2|PP755596.1|A/cattle/Texas/24-008749-003/2024(H5N1)	1100	398
PB2|PP755596.1|A/cattle/Texas/24-008749-003/2024(H5N1)	1101	401
PB2|PP755596.1|A/cattle/Texas/24-008749-003/2024(H5N1)	1102	400
PB2|PP755596.1|A/cattle/Texas/24-008749-003/2024(H5N1)	1103	400
PB2|PP755596.1|A/cattle/Texas/24-008749-003/2024(H5N1)	1104	400
PB2|PP755596.1|A/cattle/Texas/24-008749-003/2024(H5N1)	1105	394
PB2|PP755596.1|A/cattle/Texas/24-008749-003/2024(H5N1)	1106	400
PB2|PP755596.1|A/cattle/Texas/24-008749-003/2024(H5N1)	1107	401
PB2|PP755596.1|A/cattle/Texas/24-008749-003/2024(H5N1)	1108	402
PB2|PP755596.1|A/cattle/Texas/24-008749-003/2024(H5N1)	1109	419
PB2|PP755596.1|A/cattle/Texas/24-008749-003/2024(H5N1)	1110	417
PB2|PP755596.1|A/cattle/Texas/24-008749-003/2024(H5N1)	1111	417
PB2|PP755596.1|A/cattle/Texas/24-008749-003/2024(H5N1)	1112	418
PB2|PP755596.1|A/cattle/Texas/24-008749-003/2024(H5N1)	1113	412
PB2|PP755596.1|A/cattle/Texas/24-008749-003/2024(H5N1)	1114	413
PB2|PP755596.1|A/cattle/Texas/24-008749-003/2024(H5N1)	1115	409
PB2|PP755596.1|A/cattle/Texas/24-008749-003/2024(H5N1)	1116	408
PB2|PP755596.1|A/cattle/Texas/24-008749-003/2024(H5N1)	1117	410
PB2|PP755596.1|A/cattle/Texas/24-008749-003/2024(H5N1)	1118	413
PB2|PP755596.1|A/cattle/Texas/24-008749-003/2024(H5N1)	1119	414
PB2|PP755596.1|A/cattle/Texas/24-008749-003/2024(H5N1)	1120	410
PB2|PP755596.1|A/cattle/Texas/24-008749-003/2024(H5N1)	1121	410
PB2|PP755596.1|A/cattle/Texas/24-008749-003/2024(H5N1)	1122	411
PB2|PP755596.1|A/cattle/Texas/24-008749-003/2024(H5N1)	1123	411
PB2|PP755596.1|A/cattle/Texas/24-008749-003/2024(H5N1)	1124	411
PB2|PP755596.1|A/cattle/Texas/24-008749-003/2024(H5N1)	1125	408
PB2|PP755596.1|A/cattle/Texas/24-008749-003/2024(H5N1)	1126	403
PB2|PP755596.1|A/cattle/Texas/24-008749-003/2024(H5N1)	1127	402
PB2|PP755596.1|A/cattle/Texas/24-008749-003/2024(H5N1)	1128	400
PB2|PP755596.1|A/cattle/Texas/24-008749-003/2024(H5N1)	1129	404
PB2|PP755596.1|A/cattle/Texas/24-008749-003/2024(H5N1)	1130	401
PB2|PP755596.1|A/cattle/Texas/24-008749-003/2024(H5N1)	1131	399
PB2|PP755596.1|A/cattle/Texas/24-008749-003/2024(H5N1)	1132	414
PB2|PP755596.1|A/cattle/Texas/24-008749-003/2024(H5N1)	1133	423
PB2|PP755596.1|A/cattle/Texas/24-008749-003/2024(H5N1)	1134	423
PB2|PP755596.1|A/cattle/Texas/24-008749-003/2024(H5N1)	1135	423
PB2|PP755596.1|A/cattle/Texas/24-008749-003/2024(H5N1)	1136	422
PB2|PP755596.1|A/cattle/Texas/24-008749-003/2024(H5N1)	1137	419
PB2|PP755596.1|A/cattle/Texas/24-008749-003/2024(H5N1)	1138	420
PB2|PP755596.1|A/cattle/Texas/24-008749-003/2024(H5N1)	1139	423
PB2|PP755596.1|A/cattle/Texas/24-008749-003/2024(H5N1)	1140	433
PB2|PP755596.1|A/cattle/Texas/24-008749-003/2024(H5N1)	1141	435
PB2|PP755596.1|A/cattle/Texas/24-008749-003/2024(H5N1)	1142	425
PB2|PP755596.1|A/cattle/Texas/24-008749-003/2024(H5N1)	1143	425
PB2|PP755596.1|A/cattle/Texas/24-008749-003/2024(H5N1)	1144	435
PB2|PP755596.1|A/cattle/Texas/24-008749-003/2024(H5N1)	1145	435
PB2|PP755596.1|A/cattle/Texas/24-008749-003/2024(H5N1)	1146	431
PB2|PP755596.1|A/cattle/Texas/24-008749-003/2024(H5N1)	1147	430
PB2|PP755596.1|A/cattle/Texas/24-008749-003/2024(H5N1)	1148	435
PB2|PP755596.1|A/cattle/Texas/24-008749-003/2024(H5N1)	1149	433
PB2|PP755596.1|A/cattle/Texas/24-008749-003/2024(H5N1)	1150	437
PB2|PP755596.1|A/cattle/Texas/24-008749-003/2024(H5N1)	1151	438
PB2|PP755596.1|A/cattle/Texas/24-008749-003/2024(H5N1)	1152	437
PB2|PP755596.1|A/cattle/Texas/24-008749-003/2024(H5N1)	1153	437
PB2|PP755596.1|A/cattle/Texas/24-008749-003/2024(H5N1)	1154	438
PB2|PP755596.1|A/cattle/Texas/24-008749-003/2024(H5N1)	1155	437
PB2|PP755596.1|A/cattle/Texas/24-008749-003/2024(H5N1)	1156	438
PB2|PP755596.1|A/cattle/Texas/24-008749-003/2024(H5N1)	1157	436
PB2|PP755596.1|A/cattle/Texas/24-008749-003/2024(H5N1)	1158	437
PB2|PP755596.1|A/cattle/Texas/24-008749-003/2024(H5N1)	1159	435
PB2|PP755596.1|A/cattle/Texas/24-008749-003/2024(H5N1)	1160	438
PB2|PP755596.1|A/cattle/Texas/24-008749-003/2024(H5N1)	1161	446
PB2|PP755596.1|A/cattle/Texas/24-008749-003/2024(H5N1)	1162	444
PB2|PP755596.1|A/cattle/Texas/24-008749-003/2024(H5N1)	1163	435
PB2|PP755596.1|A/cattle/Texas/24-008749-003/2024(H5N1)	1164	434
PB2|PP755596.1|A/cattle/Texas/24-008749-003/2024(H5N1)	1165	434
PB2|PP755596.1|A/cattle/Texas/24-008749-003/2024(H5N1)	1166	436
PB2|PP755596.1|A/cattle/Texas/24-008749-003/2024(H5N1)	1167	438
PB2|PP755596.1|A/cattle/Texas/24-008749-003/2024(H5N1)	1168	442
PB2|PP755596.1|A/cattle/Texas/24-008749-003/2024(H5N1)	1169	438
PB2|PP755596.1|A/cattle/Texas/24-008749-003/2024(H5N1)	1170	449
PB2|PP755596.1|A/cattle/Texas/24-008749-003/2024(H5N1)	1171	449
PB2|PP755596.1|A/cattle/Texas/24-008749-003/2024(H5N1)	1172	450
PB2|PP755596.1|A/cattle/Texas/24-008749-003/2024(H5N1)	1173	450
PB2|PP755596.1|A/cattle/Texas/24-008749-003/2024(H5N1)	1174	446
PB2|PP755596.1|A/cattle/Texas/24-008749-003/2024(H5N1)	1175	443
PB2|PP755596.1|A/cattle/Texas/24-008749-003/2024(H5N1)	1176	447
PB2|PP755596.1|A/cattle/Texas/24-008749-003/2024(H5N1)	1177	448
PB2|PP755596.1|A/cattle/Texas/24-008749-003/2024(H5N1)	1178	450
PB2|PP755596.1|A/cattle/Texas/24-008749-003/2024(H5N1)	1179	450
PB2|PP755596.1|A/cattle/Texas/24-008749-003/2024(H5N1)	1180	450
PB2|PP755596.1|A/cattle/Texas/24-008749-003/2024(H5N1)	1181	450
PB2|PP755596.1|A/cattle/Texas/24-008749-003/2024(H5N1)	1182	449
PB2|PP755596.1|A/cattle/Texas/24-008749-003/2024(H5N1)	1183	440
PB2|PP755596.1|A/cattle/Texas/24-008749-003/2024(H5N1)	1184	443
PB2|PP755596.1|A/cattle/Texas/24-008749-003/2024(H5N1)	1185	438
PB2|PP755596.1|A/cattle/Texas/24-008749-003/2024(H5N1)	1186	438
PB2|PP755596.1|A/cattle/Texas/24-008749-003/2024(H5N1)	1187	437
PB2|PP755596.1|A/cattle/Texas/24-008749-003/2024(H5N1)	1188	437
PB2|PP755596.1|A/cattle/Texas/24-008749-003/2024(H5N1)	1189	438
PB2|PP755596.1|A/cattle/Texas/24-008749-003/2024(H5N1)	1190	442
PB2|PP755596.1|A/cattle/Texas/24-008749-003/2024(H5N1)	1191	441
PB2|PP755596.1|A/cattle/Texas/24-008749-003/2024(H5N1)	1192	440
PB2|PP755596.1|A/cattle/Texas/24-008749-003/2024(H5N1)	1193	440
PB2|PP755596.1|A/cattle/Texas/24-008749-003/2024(H5N1)	1194	438
PB2|PP755596.1|A/cattle/Texas/24-008749-003/2024(H5N1)	1195	428
PB2|PP755596.1|A/cattle/Texas/24-008749-003/2024(H5N1)	1196	426
PB2|PP755596.1|A/cattle/Texas/24-008749-003/2024(H5N1)	1197	422
PB2|PP755596.1|A/cattle/Texas/24-008749-003/2024(H5N1)	1198	422
PB2|PP755596.1|A/cattle/Texas/24-008749-003/2024(H5N1)	1199	411
PB2|PP755596.1|A/cattle/Texas/24-008749-003/2024(H5N1)	1200	414
PB2|PP755596.1|A/cattle/Texas/24-008749-003/2024(H5N1)	1201	414
PB2|PP755596.1|A/cattle/Texas/24-008749-003/2024(H5N1)	1202	416
PB2|PP755596.1|A/cattle/Texas/24-008749-003/2024(H5N1)	1203	416
PB2|PP755596.1|A/cattle/Texas/24-008749-003/2024(H5N1)	1204	422
PB2|PP755596.1|A/cattle/Texas/24-008749-003/2024(H5N1)	1205	424
PB2|PP755596.1|A/cattle/Texas/24-008749-003/2024(H5N1)	1206	424
PB2|PP755596.1|A/cattle/Texas/24-008749-003/2024(H5N1)	1207	424
PB2|PP755596.1|A/cattle/Texas/24-008749-003/2024(H5N1)	1208	426
PB2|PP755596.1|A/cattle/Texas/24-008749-003/2024(H5N1)	1209	422
PB2|PP755596.1|A/cattle/Texas/24-008749-003/2024(H5N1)	1210	420
PB2|PP755596.1|A/cattle/Texas/24-008749-003/2024(H5N1)	1211	427
PB2|PP755596.1|A/cattle/Texas/24-008749-003/2024(H5N1)	1212	428
PB2|PP755596.1|A/cattle/Texas/24-008749-003/2024(H5N1)	1213	427
PB2|PP755596.1|A/cattle/Texas/24-008749-003/2024(H5N1)	1214	427
PB2|PP755596.1|A/cattle/Texas/24-008749-003/2024(H5N1)	1215	429
PB2|PP755596.1|A/cattle/Texas/24-008749-003/2024(H5N1)	1216	430
PB2|PP755596.1|A/cattle/Texas/24-008749-003/2024(H5N1)	1217	425
PB2|PP755596.1|A/cattle/Texas/24-008749-003/2024(H5N1)	1218	423
PB2|PP755596.1|A/cattle/Texas/24-008749-003/2024(H5N1)	1219	424
PB2|PP755596.1|A/cattle/Texas/24-008749-003/2024(H5N1)	1220	410
PB2|PP755596.1|A/cattle/Texas/24-008749-003/2024(H5N1)	1221	413
PB2|PP755596.1|A/cattle/Texas/24-008749-003/2024(H5N1)	1222	413
PB2|PP755596.1|A/cattle/Texas/24-008749-003/2024(H5N1)	1223	407
PB2|PP755596.1|A/cattle/Texas/24-008749-003/2024(H5N1)	1224	378
PB2|PP755596.1|A/cattle/Texas/24-008749-003/2024(H5N1)	1225	358
PB2|PP755596.1|A/cattle/Texas/24-008749-003/2024(H5N1)	1226	360
PB2|PP755596.1|A/cattle/Texas/24-008749-003/2024(H5N1)	1227	359
PB2|PP755596.1|A/cattle/Texas/24-008749-003/2024(H5N1)	1228	359
PB2|PP755596.1|A/cattle/Texas/24-008749-003/2024(H5N1)	1229	361
PB2|PP755596.1|A/cattle/Texas/24-008749-003/2024(H5N1)	1230	374
PB2|PP755596.1|A/cattle/Texas/24-008749-003/2024(H5N1)	1231	374
PB2|PP755596.1|A/cattle/Texas/24-008749-003/2024(H5N1)	1232	374
PB2|PP755596.1|A/cattle/Texas/24-008749-003/2024(H5N1)	1233	375
PB2|PP755596.1|A/cattle/Texas/24-008749-003/2024(H5N1)	1234	376
PB2|PP755596.1|A/cattle/Texas/24-008749-003/2024(H5N1)	1235	364
PB2|PP755596.1|A/cattle/Texas/24-008749-003/2024(H5N1)	1236	365
PB2|PP755596.1|A/cattle/Texas/24-008749-003/2024(H5N1)	1237	363
PB2|PP755596.1|A/cattle/Texas/24-008749-003/2024(H5N1)	1238	359
PB2|PP755596.1|A/cattle/Texas/24-008749-003/2024(H5N1)	1239	342
PB2|PP755596.1|A/cattle/Texas/24-008749-003/2024(H5N1)	1240	347
PB2|PP755596.1|A/cattle/Texas/24-008749-003/2024(H5N1)	1241	351
PB2|PP755596.1|A/cattle/Texas/24-008749-003/2024(H5N1)	1242	349
PB2|PP755596.1|A/cattle/Texas/24-008749-003/2024(H5N1)	1243	347
PB2|PP755596.1|A/cattle/Texas/24-008749-003/2024(H5N1)	1244	344
PB2|PP755596.1|A/cattle/Texas/24-008749-003/2024(H5N1)	1245	345
PB2|PP755596.1|A/cattle/Texas/24-008749-003/2024(H5N1)	1246	344
PB2|PP755596.1|A/cattle/Texas/24-008749-003/2024(H5N1)	1247	343
PB2|PP755596.1|A/cattle/Texas/24-008749-003/2024(H5N1)	1248	342
PB2|PP755596.1|A/cattle/Texas/24-008749-003/2024(H5N1)	1249	352
PB2|PP755596.1|A/cattle/Texas/24-008749-003/2024(H5N1)	1250	354
PB2|PP755596.1|A/cattle/Texas/24-008749-003/2024(H5N1)	1251	349
PB2|PP755596.1|A/cattle/Texas/24-008749-003/2024(H5N1)	1252	346
PB2|PP755596.1|A/cattle/Texas/24-008749-003/2024(H5N1)	1253	344
PB2|PP755596.1|A/cattle/Texas/24-008749-003/2024(H5N1)	1254	344
PB2|PP755596.1|A/cattle/Texas/24-008749-003/2024(H5N1)	1255	349
PB2|PP755596.1|A/cattle/Texas/24-008749-003/2024(H5N1)	1256	349
PB2|PP755596.1|A/cattle/Texas/24-008749-003/2024(H5N1)	1257	343
PB2|PP755596.1|A/cattle/Texas/24-008749-003/2024(H5N1)	1258	317
PB2|PP755596.1|A/cattle/Texas/24-008749-003/2024(H5N1)	1259	322
PB2|PP755596.1|A/cattle/Texas/24-008749-003/2024(H5N1)	1260	326
PB2|PP755596.1|A/cattle/Texas/24-008749-003/2024(H5N1)	1261	326
PB2|PP755596.1|A/cattle/Texas/24-008749-003/2024(H5N1)	1262	333
PB2|PP755596.1|A/cattle/Texas/24-008749-003/2024(H5N1)	1263	333
PB2|PP755596.1|A/cattle/Texas/24-008749-003/2024(H5N1)	1264	334
PB2|PP755596.1|A/cattle/Texas/24-008749-003/2024(H5N1)	1265	333
PB2|PP755596.1|A/cattle/Texas/24-008749-003/2024(H5N1)	1266	333
PB2|PP755596.1|A/cattle/Texas/24-008749-003/2024(H5N1)	1267	331
PB2|PP755596.1|A/cattle/Texas/24-008749-003/2024(H5N1)	1268	332
PB2|PP755596.1|A/cattle/Texas/24-008749-003/2024(H5N1)	1269	338
PB2|PP755596.1|A/cattle/Texas/24-008749-003/2024(H5N1)	1270	337
PB2|PP755596.1|A/cattle/Texas/24-008749-003/2024(H5N1)	1271	334
PB2|PP755596.1|A/cattle/Texas/24-008749-003/2024(H5N1)	1272	334
PB2|PP755596.1|A/cattle/Texas/24-008749-003/2024(H5N1)	1273	339
PB2|PP755596.1|A/cattle/Texas/24-008749-003/2024(H5N1)	1274	338
PB2|PP755596.1|A/cattle/Texas/24-008749-003/2024(H5N1)	1275	342
PB2|PP755596.1|A/cattle/Texas/24-008749-003/2024(H5N1)	1276	342
PB2|PP755596.1|A/cattle/Texas/24-008749-003/2024(H5N1)	1277	340
PB2|PP755596.1|A/cattle/Texas/24-008749-003/2024(H5N1)	1278	341
PB2|PP755596.1|A/cattle/Texas/24-008749-003/2024(H5N1)	1279	341
PB2|PP755596.1|A/cattle/Texas/24-008749-003/2024(H5N1)	1280	341
PB2|PP755596.1|A/cattle/Texas/24-008749-003/2024(H5N1)	1281	349
PB2|PP755596.1|A/cattle/Texas/24-008749-003/2024(H5N1)	1282	345
PB2|PP755596.1|A/cattle/Texas/24-008749-003/2024(H5N1)	1283	331
PB2|PP755596.1|A/cattle/Texas/24-008749-003/2024(H5N1)	1284	331
PB2|PP755596.1|A/cattle/Texas/24-008749-003/2024(H5N1)	1285	332
PB2|PP755596.1|A/cattle/Texas/24-008749-003/2024(H5N1)	1286	341
PB2|PP755596.1|A/cattle/Texas/24-008749-003/2024(H5N1)	1287	341
PB2|PP755596.1|A/cattle/Texas/24-008749-003/2024(H5N1)	1288	353
PB2|PP755596.1|A/cattle/Texas/24-008749-003/2024(H5N1)	1289	350
PB2|PP755596.1|A/cattle/Texas/24-008749-003/2024(H5N1)	1290	341
PB2|PP755596.1|A/cattle/Texas/24-008749-003/2024(H5N1)	1291	341
PB2|PP755596.1|A/cattle/Texas/24-008749-003/2024(H5N1)	1292	343
PB2|PP755596.1|A/cattle/Texas/24-008749-003/2024(H5N1)	1293	345
PB2|PP755596.1|A/cattle/Texas/24-008749-003/2024(H5N1)	1294	346
PB2|PP755596.1|A/cattle/Texas/24-008749-003/2024(H5N1)	1295	336
PB2|PP755596.1|A/cattle/Texas/24-008749-003/2024(H5N1)	1296	336
PB2|PP755596.1|A/cattle/Texas/24-008749-003/2024(H5N1)	1297	336
PB2|PP755596.1|A/cattle/Texas/24-008749-003/2024(H5N1)	1298	335
PB2|PP755596.1|A/cattle/Texas/24-008749-003/2024(H5N1)	1299	341
PB2|PP755596.1|A/cattle/Texas/24-008749-003/2024(H5N1)	1300	335
PB2|PP755596.1|A/cattle/Texas/24-008749-003/2024(H5N1)	1301	339
PB2|PP755596.1|A/cattle/Texas/24-008749-003/2024(H5N1)	1302	346
PB2|PP755596.1|A/cattle/Texas/24-008749-003/2024(H5N1)	1303	342
PB2|PP755596.1|A/cattle/Texas/24-008749-003/2024(H5N1)	1304	345
PB2|PP755596.1|A/cattle/Texas/24-008749-003/2024(H5N1)	1305	345
PB2|PP755596.1|A/cattle/Texas/24-008749-003/2024(H5N1)	1306	343
PB2|PP755596.1|A/cattle/Texas/24-008749-003/2024(H5N1)	1307	342
PB2|PP755596.1|A/cattle/Texas/24-008749-003/2024(H5N1)	1308	337
PB2|PP755596.1|A/cattle/Texas/24-008749-003/2024(H5N1)	1309	336
PB2|PP755596.1|A/cattle/Texas/24-008749-003/2024(H5N1)	1310	331
PB2|PP755596.1|A/cattle/Texas/24-008749-003/2024(H5N1)	1311	338
PB2|PP755596.1|A/cattle/Texas/24-008749-003/2024(H5N1)	1312	341
PB2|PP755596.1|A/cattle/Texas/24-008749-003/2024(H5N1)	1313	342
PB2|PP755596.1|A/cattle/Texas/24-008749-003/2024(H5N1)	1314	355
PB2|PP755596.1|A/cattle/Texas/24-008749-003/2024(H5N1)	1315	354
PB2|PP755596.1|A/cattle/Texas/24-008749-003/2024(H5N1)	1316	354
PB2|PP755596.1|A/cattle/Texas/24-008749-003/2024(H5N1)	1317	358
PB2|PP755596.1|A/cattle/Texas/24-008749-003/2024(H5N1)	1318	353
PB2|PP755596.1|A/cattle/Texas/24-008749-003/2024(H5N1)	1319	351
PB2|PP755596.1|A/cattle/Texas/24-008749-003/2024(H5N1)	1320	352
PB2|PP755596.1|A/cattle/Texas/24-008749-003/2024(H5N1)	1321	338
PB2|PP755596.1|A/cattle/Texas/24-008749-003/2024(H5N1)	1322	400
PB2|PP755596.1|A/cattle/Texas/24-008749-003/2024(H5N1)	1323	399
PB2|PP755596.1|A/cattle/Texas/24-008749-003/2024(H5N1)	1324	399
PB2|PP755596.1|A/cattle/Texas/24-008749-003/2024(H5N1)	1325	405
PB2|PP755596.1|A/cattle/Texas/24-008749-003/2024(H5N1)	1326	405
PB2|PP755596.1|A/cattle/Texas/24-008749-003/2024(H5N1)	1327	407
PB2|PP755596.1|A/cattle/Texas/24-008749-003/2024(H5N1)	1328	406
PB2|PP755596.1|A/cattle/Texas/24-008749-003/2024(H5N1)	1329	404
PB2|PP755596.1|A/cattle/Texas/24-008749-003/2024(H5N1)	1330	405
PB2|PP755596.1|A/cattle/Texas/24-008749-003/2024(H5N1)	1331	404
PB2|PP755596.1|A/cattle/Texas/24-008749-003/2024(H5N1)	1332	405
PB2|PP755596.1|A/cattle/Texas/24-008749-003/2024(H5N1)	1333	407
PB2|PP755596.1|A/cattle/Texas/24-008749-003/2024(H5N1)	1334	405
PB2|PP755596.1|A/cattle/Texas/24-008749-003/2024(H5N1)	1335	406
PB2|PP755596.1|A/cattle/Texas/24-008749-003/2024(H5N1)	1336	416
PB2|PP755596.1|A/cattle/Texas/24-008749-003/2024(H5N1)	1337	418
PB2|PP755596.1|A/cattle/Texas/24-008749-003/2024(H5N1)	1338	417
PB2|PP755596.1|A/cattle/Texas/24-008749-003/2024(H5N1)	1339	415
PB2|PP755596.1|A/cattle/Texas/24-008749-003/2024(H5N1)	1340	415
PB2|PP755596.1|A/cattle/Texas/24-008749-003/2024(H5N1)	1341	422
PB2|PP755596.1|A/cattle/Texas/24-008749-003/2024(H5N1)	1342	422
PB2|PP755596.1|A/cattle/Texas/24-008749-003/2024(H5N1)	1343	427
PB2|PP755596.1|A/cattle/Texas/24-008749-003/2024(H5N1)	1344	427
PB2|PP755596.1|A/cattle/Texas/24-008749-003/2024(H5N1)	1345	427
PB2|PP755596.1|A/cattle/Texas/24-008749-003/2024(H5N1)	1346	428
PB2|PP755596.1|A/cattle/Texas/24-008749-003/2024(H5N1)	1347	429
PB2|PP755596.1|A/cattle/Texas/24-008749-003/2024(H5N1)	1348	429
PB2|PP755596.1|A/cattle/Texas/24-008749-003/2024(H5N1)	1349	431
PB2|PP755596.1|A/cattle/Texas/24-008749-003/2024(H5N1)	1350	431
PB2|PP755596.1|A/cattle/Texas/24-008749-003/2024(H5N1)	1351	429
PB2|PP755596.1|A/cattle/Texas/24-008749-003/2024(H5N1)	1352	429
PB2|PP755596.1|A/cattle/Texas/24-008749-003/2024(H5N1)	1353	427
PB2|PP755596.1|A/cattle/Texas/24-008749-003/2024(H5N1)	1354	427
PB2|PP755596.1|A/cattle/Texas/24-008749-003/2024(H5N1)	1355	419
PB2|PP755596.1|A/cattle/Texas/24-008749-003/2024(H5N1)	1356	419
PB2|PP755596.1|A/cattle/Texas/24-008749-003/2024(H5N1)	1357	417
PB2|PP755596.1|A/cattle/Texas/24-008749-003/2024(H5N1)	1358	419
PB2|PP755596.1|A/cattle/Texas/24-008749-003/2024(H5N1)	1359	418
PB2|PP755596.1|A/cattle/Texas/24-008749-003/2024(H5N1)	1360	422
PB2|PP755596.1|A/cattle/Texas/24-008749-003/2024(H5N1)	1361	423
PB2|PP755596.1|A/cattle/Texas/24-008749-003/2024(H5N1)	1362	416
PB2|PP755596.1|A/cattle/Texas/24-008749-003/2024(H5N1)	1363	415
PB2|PP755596.1|A/cattle/Texas/24-008749-003/2024(H5N1)	1364	415
PB2|PP755596.1|A/cattle/Texas/24-008749-003/2024(H5N1)	1365	413
PB2|PP755596.1|A/cattle/Texas/24-008749-003/2024(H5N1)	1366	408
PB2|PP755596.1|A/cattle/Texas/24-008749-003/2024(H5N1)	1367	398
PB2|PP755596.1|A/cattle/Texas/24-008749-003/2024(H5N1)	1368	401
PB2|PP755596.1|A/cattle/Texas/24-008749-003/2024(H5N1)	1369	402
PB2|PP755596.1|A/cattle/Texas/24-008749-003/2024(H5N1)	1370	399
PB2|PP755596.1|A/cattle/Texas/24-008749-003/2024(H5N1)	1371	400
PB2|PP755596.1|A/cattle/Texas/24-008749-003/2024(H5N1)	1372	397
PB2|PP755596.1|A/cattle/Texas/24-008749-003/2024(H5N1)	1373	399
PB2|PP755596.1|A/cattle/Texas/24-008749-003/2024(H5N1)	1374	403
PB2|PP755596.1|A/cattle/Texas/24-008749-003/2024(H5N1)	1375	396
PB2|PP755596.1|A/cattle/Texas/24-008749-003/2024(H5N1)	1376	397
PB2|PP755596.1|A/cattle/Texas/24-008749-003/2024(H5N1)	1377	400
PB2|PP755596.1|A/cattle/Texas/24-008749-003/2024(H5N1)	1378	398
PB2|PP755596.1|A/cattle/Texas/24-008749-003/2024(H5N1)	1379	398
PB2|PP755596.1|A/cattle/Texas/24-008749-003/2024(H5N1)	1380	397
PB2|PP755596.1|A/cattle/Texas/24-008749-003/2024(H5N1)	1381	382
PB2|PP755596.1|A/cattle/Texas/24-008749-003/2024(H5N1)	1382	385
PB2|PP755596.1|A/cattle/Texas/24-008749-003/2024(H5N1)	1383	384
PB2|PP755596.1|A/cattle/Texas/24-008749-003/2024(H5N1)	1384	377
PB2|PP755596.1|A/cattle/Texas/24-008749-003/2024(H5N1)	1385	391
PB2|PP755596.1|A/cattle/Texas/24-008749-003/2024(H5N1)	1386	391
PB2|PP755596.1|A/cattle/Texas/24-008749-003/2024(H5N1)	1387	406
PB2|PP755596.1|A/cattle/Texas/24-008749-003/2024(H5N1)	1388	406
PB2|PP755596.1|A/cattle/Texas/24-008749-003/2024(H5N1)	1389	416
PB2|PP755596.1|A/cattle/Texas/24-008749-003/2024(H5N1)	1390	416
PB2|PP755596.1|A/cattle/Texas/24-008749-003/2024(H5N1)	1391	410
PB2|PP755596.1|A/cattle/Texas/24-008749-003/2024(H5N1)	1392	411
PB2|PP755596.1|A/cattle/Texas/24-008749-003/2024(H5N1)	1393	412
PB2|PP755596.1|A/cattle/Texas/24-008749-003/2024(H5N1)	1394	415
PB2|PP755596.1|A/cattle/Texas/24-008749-003/2024(H5N1)	1395	414
PB2|PP755596.1|A/cattle/Texas/24-008749-003/2024(H5N1)	1396	412
PB2|PP755596.1|A/cattle/Texas/24-008749-003/2024(H5N1)	1397	412
PB2|PP755596.1|A/cattle/Texas/24-008749-003/2024(H5N1)	1398	412
PB2|PP755596.1|A/cattle/Texas/24-008749-003/2024(H5N1)	1399	416
PB2|PP755596.1|A/cattle/Texas/24-008749-003/2024(H5N1)	1400	404
PB2|PP755596.1|A/cattle/Texas/24-008749-003/2024(H5N1)	1401	401
PB2|PP755596.1|A/cattle/Texas/24-008749-003/2024(H5N1)	1402	405
PB2|PP755596.1|A/cattle/Texas/24-008749-003/2024(H5N1)	1403	405
PB2|PP755596.1|A/cattle/Texas/24-008749-003/2024(H5N1)	1404	405
PB2|PP755596.1|A/cattle/Texas/24-008749-003/2024(H5N1)	1405	405
PB2|PP755596.1|A/cattle/Texas/24-008749-003/2024(H5N1)	1406	402
PB2|PP755596.1|A/cattle/Texas/24-008749-003/2024(H5N1)	1407	402
PB2|PP755596.1|A/cattle/Texas/24-008749-003/2024(H5N1)	1408	400
PB2|PP755596.1|A/cattle/Texas/24-008749-003/2024(H5N1)	1409	411
PB2|PP755596.1|A/cattle/Texas/24-008749-003/2024(H5N1)	1410	411
PB2|PP755596.1|A/cattle/Texas/24-008749-003/2024(H5N1)	1411	409
PB2|PP755596.1|A/cattle/Texas/24-008749-003/2024(H5N1)	1412	405
PB2|PP755596.1|A/cattle/Texas/24-008749-003/2024(H5N1)	1413	399
PB2|PP755596.1|A/cattle/Texas/24-008749-003/2024(H5N1)	1414	400
PB2|PP755596.1|A/cattle/Texas/24-008749-003/2024(H5N1)	1415	398
PB2|PP755596.1|A/cattle/Texas/24-008749-003/2024(H5N1)	1416	398
PB2|PP755596.1|A/cattle/Texas/24-008749-003/2024(H5N1)	1417	404
PB2|PP755596.1|A/cattle/Texas/24-008749-003/2024(H5N1)	1418	394
PB2|PP755596.1|A/cattle/Texas/24-008749-003/2024(H5N1)	1419	393
PB2|PP755596.1|A/cattle/Texas/24-008749-003/2024(H5N1)	1420	399
PB2|PP755596.1|A/cattle/Texas/24-008749-003/2024(H5N1)	1421	406
PB2|PP755596.1|A/cattle/Texas/24-008749-003/2024(H5N1)	1422	405
PB2|PP755596.1|A/cattle/Texas/24-008749-003/2024(H5N1)	1423	401
PB2|PP755596.1|A/cattle/Texas/24-008749-003/2024(H5N1)	1424	399
PB2|PP755596.1|A/cattle/Texas/24-008749-003/2024(H5N1)	1425	399
PB2|PP755596.1|A/cattle/Texas/24-008749-003/2024(H5N1)	1426	395
PB2|PP755596.1|A/cattle/Texas/24-008749-003/2024(H5N1)	1427	396
PB2|PP755596.1|A/cattle/Texas/24-008749-003/2024(H5N1)	1428	401
PB2|PP755596.1|A/cattle/Texas/24-008749-003/2024(H5N1)	1429	395
PB2|PP755596.1|A/cattle/Texas/24-008749-003/2024(H5N1)	1430	419
PB2|PP755596.1|A/cattle/Texas/24-008749-003/2024(H5N1)	1431	419
PB2|PP755596.1|A/cattle/Texas/24-008749-003/2024(H5N1)	1432	414
PB2|PP755596.1|A/cattle/Texas/24-008749-003/2024(H5N1)	1433	414
PB2|PP755596.1|A/cattle/Texas/24-008749-003/2024(H5N1)	1434	413
PB2|PP755596.1|A/cattle/Texas/24-008749-003/2024(H5N1)	1435	413
PB2|PP755596.1|A/cattle/Texas/24-008749-003/2024(H5N1)	1436	414
PB2|PP755596.1|A/cattle/Texas/24-008749-003/2024(H5N1)	1437	407
PB2|PP755596.1|A/cattle/Texas/24-008749-003/2024(H5N1)	1438	408
PB2|PP755596.1|A/cattle/Texas/24-008749-003/2024(H5N1)	1439	395
PB2|PP755596.1|A/cattle/Texas/24-008749-003/2024(H5N1)	1440	400
PB2|PP755596.1|A/cattle/Texas/24-008749-003/2024(H5N1)	1441	399
PB2|PP755596.1|A/cattle/Texas/24-008749-003/2024(H5N1)	1442	400
PB2|PP755596.1|A/cattle/Texas/24-008749-003/2024(H5N1)	1443	401
PB2|PP755596.1|A/cattle/Texas/24-008749-003/2024(H5N1)	1444	398
PB2|PP755596.1|A/cattle/Texas/24-008749-003/2024(H5N1)	1445	393
PB2|PP755596.1|A/cattle/Texas/24-008749-003/2024(H5N1)	1446	401
PB2|PP755596.1|A/cattle/Texas/24-008749-003/2024(H5N1)	1447	410
PB2|PP755596.1|A/cattle/Texas/24-008749-003/2024(H5N1)	1448	410
PB2|PP755596.1|A/cattle/Texas/24-008749-003/2024(H5N1)	1449	410
PB2|PP755596.1|A/cattle/Texas/24-008749-003/2024(H5N1)	1450	394
PB2|PP755596.1|A/cattle/Texas/24-008749-003/2024(H5N1)	1451	400
PB2|PP755596.1|A/cattle/Texas/24-008749-003/2024(H5N1)	1452	390
PB2|PP755596.1|A/cattle/Texas/24-008749-003/2024(H5N1)	1453	387
PB2|PP755596.1|A/cattle/Texas/24-008749-003/2024(H5N1)	1454	388
PB2|PP755596.1|A/cattle/Texas/24-008749-003/2024(H5N1)	1455	385
PB2|PP755596.1|A/cattle/Texas/24-008749-003/2024(H5N1)	1456	394
PB2|PP755596.1|A/cattle/Texas/24-008749-003/2024(H5N1)	1457	395
PB2|PP755596.1|A/cattle/Texas/24-008749-003/2024(H5N1)	1458	399
PB2|PP755596.1|A/cattle/Texas/24-008749-003/2024(H5N1)	1459	400
PB2|PP755596.1|A/cattle/Texas/24-008749-003/2024(H5N1)	1460	397
PB2|PP755596.1|A/cattle/Texas/24-008749-003/2024(H5N1)	1461	397
PB2|PP755596.1|A/cattle/Texas/24-008749-003/2024(H5N1)	1462	384
PB2|PP755596.1|A/cattle/Texas/24-008749-003/2024(H5N1)	1463	380
PB2|PP755596.1|A/cattle/Texas/24-008749-003/2024(H5N1)	1464	445
PB2|PP755596.1|A/cattle/Texas/24-008749-003/2024(H5N1)	1465	431
PB2|PP755596.1|A/cattle/Texas/24-008749-003/2024(H5N1)	1466	438
PB2|PP755596.1|A/cattle/Texas/24-008749-003/2024(H5N1)	1467	439
PB2|PP755596.1|A/cattle/Texas/24-008749-003/2024(H5N1)	1468	433
PB2|PP755596.1|A/cattle/Texas/24-008749-003/2024(H5N1)	1469	448
PB2|PP755596.1|A/cattle/Texas/24-008749-003/2024(H5N1)	1470	448
PB2|PP755596.1|A/cattle/Texas/24-008749-003/2024(H5N1)	1471	447
PB2|PP755596.1|A/cattle/Texas/24-008749-003/2024(H5N1)	1472	444
PB2|PP755596.1|A/cattle/Texas/24-008749-003/2024(H5N1)	1473	382
PB2|PP755596.1|A/cattle/Texas/24-008749-003/2024(H5N1)	1474	382
PB2|PP755596.1|A/cattle/Texas/24-008749-003/2024(H5N1)	1475	381
PB2|PP755596.1|A/cattle/Texas/24-008749-003/2024(H5N1)	1476	379
PB2|PP755596.1|A/cattle/Texas/24-008749-003/2024(H5N1)	1477	383
PB2|PP755596.1|A/cattle/Texas/24-008749-003/2024(H5N1)	1478	391
PB2|PP755596.1|A/cattle/Texas/24-008749-003/2024(H5N1)	1479	393
PB2|PP755596.1|A/cattle/Texas/24-008749-003/2024(H5N1)	1480	392
PB2|PP755596.1|A/cattle/Texas/24-008749-003/2024(H5N1)	1481	400
PB2|PP755596.1|A/cattle/Texas/24-008749-003/2024(H5N1)	1482	399
PB2|PP755596.1|A/cattle/Texas/24-008749-003/2024(H5N1)	1483	407
PB2|PP755596.1|A/cattle/Texas/24-008749-003/2024(H5N1)	1484	407
PB2|PP755596.1|A/cattle/Texas/24-008749-003/2024(H5N1)	1485	414
PB2|PP755596.1|A/cattle/Texas/24-008749-003/2024(H5N1)	1486	415
PB2|PP755596.1|A/cattle/Texas/24-008749-003/2024(H5N1)	1487	409
PB2|PP755596.1|A/cattle/Texas/24-008749-003/2024(H5N1)	1488	407
PB2|PP755596.1|A/cattle/Texas/24-008749-003/2024(H5N1)	1489	407
PB2|PP755596.1|A/cattle/Texas/24-008749-003/2024(H5N1)	1490	409
PB2|PP755596.1|A/cattle/Texas/24-008749-003/2024(H5N1)	1491	421
PB2|PP755596.1|A/cattle/Texas/24-008749-003/2024(H5N1)	1492	409
PB2|PP755596.1|A/cattle/Texas/24-008749-003/2024(H5N1)	1493	412
PB2|PP755596.1|A/cattle/Texas/24-008749-003/2024(H5N1)	1494	406
PB2|PP755596.1|A/cattle/Texas/24-008749-003/2024(H5N1)	1495	406
PB2|PP755596.1|A/cattle/Texas/24-008749-003/2024(H5N1)	1496	424
PB2|PP755596.1|A/cattle/Texas/24-008749-003/2024(H5N1)	1497	421
PB2|PP755596.1|A/cattle/Texas/24-008749-003/2024(H5N1)	1498	420
PB2|PP755596.1|A/cattle/Texas/24-008749-003/2024(H5N1)	1499	420
PB2|PP755596.1|A/cattle/Texas/24-008749-003/2024(H5N1)	1500	425
PB2|PP755596.1|A/cattle/Texas/24-008749-003/2024(H5N1)	1501	437
PB2|PP755596.1|A/cattle/Texas/24-008749-003/2024(H5N1)	1502	437
PB2|PP755596.1|A/cattle/Texas/24-008749-003/2024(H5N1)	1503	440
PB2|PP755596.1|A/cattle/Texas/24-008749-003/2024(H5N1)	1504	440
PB2|PP755596.1|A/cattle/Texas/24-008749-003/2024(H5N1)	1505	440
PB2|PP755596.1|A/cattle/Texas/24-008749-003/2024(H5N1)	1506	441
PB2|PP755596.1|A/cattle/Texas/24-008749-003/2024(H5N1)	1507	439
PB2|PP755596.1|A/cattle/Texas/24-008749-003/2024(H5N1)	1508	439
PB2|PP755596.1|A/cattle/Texas/24-008749-003/2024(H5N1)	1509	437
PB2|PP755596.1|A/cattle/Texas/24-008749-003/2024(H5N1)	1510	436
PB2|PP755596.1|A/cattle/Texas/24-008749-003/2024(H5N1)	1511	434
PB2|PP755596.1|A/cattle/Texas/24-008749-003/2024(H5N1)	1512	433
PB2|PP755596.1|A/cattle/Texas/24-008749-003/2024(H5N1)	1513	434
PB2|PP755596.1|A/cattle/Texas/24-008749-003/2024(H5N1)	1514	434
PB2|PP755596.1|A/cattle/Texas/24-008749-003/2024(H5N1)	1515	435
PB2|PP755596.1|A/cattle/Texas/24-008749-003/2024(H5N1)	1516	433
PB2|PP755596.1|A/cattle/Texas/24-008749-003/2024(H5N1)	1517	433
PB2|PP755596.1|A/cattle/Texas/24-008749-003/2024(H5N1)	1518	437
PB2|PP755596.1|A/cattle/Texas/24-008749-003/2024(H5N1)	1519	437
PB2|PP755596.1|A/cattle/Texas/24-008749-003/2024(H5N1)	1520	432
PB2|PP755596.1|A/cattle/Texas/24-008749-003/2024(H5N1)	1521	433
PB2|PP755596.1|A/cattle/Texas/24-008749-003/2024(H5N1)	1522	434
PB2|PP755596.1|A/cattle/Texas/24-008749-003/2024(H5N1)	1523	434
PB2|PP755596.1|A/cattle/Texas/24-008749-003/2024(H5N1)	1524	434
PB2|PP755596.1|A/cattle/Texas/24-008749-003/2024(H5N1)	1525	431
PB2|PP755596.1|A/cattle/Texas/24-008749-003/2024(H5N1)	1526	431
PB2|PP755596.1|A/cattle/Texas/24-008749-003/2024(H5N1)	1527	436
PB2|PP755596.1|A/cattle/Texas/24-008749-003/2024(H5N1)	1528	430
PB2|PP755596.1|A/cattle/Texas/24-008749-003/2024(H5N1)	1529	442
PB2|PP755596.1|A/cattle/Texas/24-008749-003/2024(H5N1)	1530	441
PB2|PP755596.1|A/cattle/Texas/24-008749-003/2024(H5N1)	1531	457
PB2|PP755596.1|A/cattle/Texas/24-008749-003/2024(H5N1)	1532	458
PB2|PP755596.1|A/cattle/Texas/24-008749-003/2024(H5N1)	1533	456
PB2|PP755596.1|A/cattle/Texas/24-008749-003/2024(H5N1)	1534	446
PB2|PP755596.1|A/cattle/Texas/24-008749-003/2024(H5N1)	1535	444
PB2|PP755596.1|A/cattle/Texas/24-008749-003/2024(H5N1)	1536	452
PB2|PP755596.1|A/cattle/Texas/24-008749-003/2024(H5N1)	1537	451
PB2|PP755596.1|A/cattle/Texas/24-008749-003/2024(H5N1)	1538	441
PB2|PP755596.1|A/cattle/Texas/24-008749-003/2024(H5N1)	1539	464
PB2|PP755596.1|A/cattle/Texas/24-008749-003/2024(H5N1)	1540	448
PB2|PP755596.1|A/cattle/Texas/24-008749-003/2024(H5N1)	1541	450
PB2|PP755596.1|A/cattle/Texas/24-008749-003/2024(H5N1)	1542	450
PB2|PP755596.1|A/cattle/Texas/24-008749-003/2024(H5N1)	1543	448
PB2|PP755596.1|A/cattle/Texas/24-008749-003/2024(H5N1)	1544	448
PB2|PP755596.1|A/cattle/Texas/24-008749-003/2024(H5N1)	1545	443
PB2|PP755596.1|A/cattle/Texas/24-008749-003/2024(H5N1)	1546	443
PB2|PP755596.1|A/cattle/Texas/24-008749-003/2024(H5N1)	1547	443
PB2|PP755596.1|A/cattle/Texas/24-008749-003/2024(H5N1)	1548	443
PB2|PP755596.1|A/cattle/Texas/24-008749-003/2024(H5N1)	1549	443
PB2|PP755596.1|A/cattle/Texas/24-008749-003/2024(H5N1)	1550	445
PB2|PP755596.1|A/cattle/Texas/24-008749-003/2024(H5N1)	1551	446
PB2|PP755596.1|A/cattle/Texas/24-008749-003/2024(H5N1)	1552	446
PB2|PP755596.1|A/cattle/Texas/24-008749-003/2024(H5N1)	1553	450
PB2|PP755596.1|A/cattle/Texas/24-008749-003/2024(H5N1)	1554	450
PB2|PP755596.1|A/cattle/Texas/24-008749-003/2024(H5N1)	1555	450
PB2|PP755596.1|A/cattle/Texas/24-008749-003/2024(H5N1)	1556	453
PB2|PP755596.1|A/cattle/Texas/24-008749-003/2024(H5N1)	1557	453
PB2|PP755596.1|A/cattle/Texas/24-008749-003/2024(H5N1)	1558	453
PB2|PP755596.1|A/cattle/Texas/24-008749-003/2024(H5N1)	1559	458
PB2|PP755596.1|A/cattle/Texas/24-008749-003/2024(H5N1)	1560	450
PB2|PP755596.1|A/cattle/Texas/24-008749-003/2024(H5N1)	1561	462
PB2|PP755596.1|A/cattle/Texas/24-008749-003/2024(H5N1)	1562	463
PB2|PP755596.1|A/cattle/Texas/24-008749-003/2024(H5N1)	1563	467
PB2|PP755596.1|A/cattle/Texas/24-008749-003/2024(H5N1)	1564	469
PB2|PP755596.1|A/cattle/Texas/24-008749-003/2024(H5N1)	1565	470
PB2|PP755596.1|A/cattle/Texas/24-008749-003/2024(H5N1)	1566	470
PB2|PP755596.1|A/cattle/Texas/24-008749-003/2024(H5N1)	1567	470
PB2|PP755596.1|A/cattle/Texas/24-008749-003/2024(H5N1)	1568	489
PB2|PP755596.1|A/cattle/Texas/24-008749-003/2024(H5N1)	1569	493
PB2|PP755596.1|A/cattle/Texas/24-008749-003/2024(H5N1)	1570	489
PB2|PP755596.1|A/cattle/Texas/24-008749-003/2024(H5N1)	1571	484
PB2|PP755596.1|A/cattle/Texas/24-008749-003/2024(H5N1)	1572	478
PB2|PP755596.1|A/cattle/Texas/24-008749-003/2024(H5N1)	1573	479
PB2|PP755596.1|A/cattle/Texas/24-008749-003/2024(H5N1)	1574	485
PB2|PP755596.1|A/cattle/Texas/24-008749-003/2024(H5N1)	1575	485
PB2|PP755596.1|A/cattle/Texas/24-008749-003/2024(H5N1)	1576	492
PB2|PP755596.1|A/cattle/Texas/24-008749-003/2024(H5N1)	1577	488
PB2|PP755596.1|A/cattle/Texas/24-008749-003/2024(H5N1)	1578	486
PB2|PP755596.1|A/cattle/Texas/24-008749-003/2024(H5N1)	1579	484
PB2|PP755596.1|A/cattle/Texas/24-008749-003/2024(H5N1)	1580	486
PB2|PP755596.1|A/cattle/Texas/24-008749-003/2024(H5N1)	1581	454
PB2|PP755596.1|A/cattle/Texas/24-008749-003/2024(H5N1)	1582	451
PB2|PP755596.1|A/cattle/Texas/24-008749-003/2024(H5N1)	1583	448
PB2|PP755596.1|A/cattle/Texas/24-008749-003/2024(H5N1)	1584	451
PB2|PP755596.1|A/cattle/Texas/24-008749-003/2024(H5N1)	1585	451
PB2|PP755596.1|A/cattle/Texas/24-008749-003/2024(H5N1)	1586	454
PB2|PP755596.1|A/cattle/Texas/24-008749-003/2024(H5N1)	1587	458
PB2|PP755596.1|A/cattle/Texas/24-008749-003/2024(H5N1)	1588	458
PB2|PP755596.1|A/cattle/Texas/24-008749-003/2024(H5N1)	1589	457
PB2|PP755596.1|A/cattle/Texas/24-008749-003/2024(H5N1)	1590	458
PB2|PP755596.1|A/cattle/Texas/24-008749-003/2024(H5N1)	1591	458
PB2|PP755596.1|A/cattle/Texas/24-008749-003/2024(H5N1)	1592	457
PB2|PP755596.1|A/cattle/Texas/24-008749-003/2024(H5N1)	1593	463
PB2|PP755596.1|A/cattle/Texas/24-008749-003/2024(H5N1)	1594	463
PB2|PP755596.1|A/cattle/Texas/24-008749-003/2024(H5N1)	1595	471
PB2|PP755596.1|A/cattle/Texas/24-008749-003/2024(H5N1)	1596	463
PB2|PP755596.1|A/cattle/Texas/24-008749-003/2024(H5N1)	1597	458
PB2|PP755596.1|A/cattle/Texas/24-008749-003/2024(H5N1)	1598	457
PB2|PP755596.1|A/cattle/Texas/24-008749-003/2024(H5N1)	1599	457
PB2|PP755596.1|A/cattle/Texas/24-008749-003/2024(H5N1)	1600	460
PB2|PP755596.1|A/cattle/Texas/24-008749-003/2024(H5N1)	1601	457
PB2|PP755596.1|A/cattle/Texas/24-008749-003/2024(H5N1)	1602	457
PB2|PP755596.1|A/cattle/Texas/24-008749-003/2024(H5N1)	1603	459
PB2|PP755596.1|A/cattle/Texas/24-008749-003/2024(H5N1)	1604	458
PB2|PP755596.1|A/cattle/Texas/24-008749-003/2024(H5N1)	1605	458
PB2|PP755596.1|A/cattle/Texas/24-008749-003/2024(H5N1)	1606	459
PB2|PP755596.1|A/cattle/Texas/24-008749-003/2024(H5N1)	1607	449
PB2|PP755596.1|A/cattle/Texas/24-008749-003/2024(H5N1)	1608	449
PB2|PP755596.1|A/cattle/Texas/24-008749-003/2024(H5N1)	1609	445
PB2|PP755596.1|A/cattle/Texas/24-008749-003/2024(H5N1)	1610	443
PB2|PP755596.1|A/cattle/Texas/24-008749-003/2024(H5N1)	1611	464
PB2|PP755596.1|A/cattle/Texas/24-008749-003/2024(H5N1)	1612	464
PB2|PP755596.1|A/cattle/Texas/24-008749-003/2024(H5N1)	1613	464
PB2|PP755596.1|A/cattle/Texas/24-008749-003/2024(H5N1)	1614	465
PB2|PP755596.1|A/cattle/Texas/24-008749-003/2024(H5N1)	1615	404
PB2|PP755596.1|A/cattle/Texas/24-008749-003/2024(H5N1)	1616	400
PB2|PP755596.1|A/cattle/Texas/24-008749-003/2024(H5N1)	1617	396
PB2|PP755596.1|A/cattle/Texas/24-008749-003/2024(H5N1)	1618	396
PB2|PP755596.1|A/cattle/Texas/24-008749-003/2024(H5N1)	1619	402
PB2|PP755596.1|A/cattle/Texas/24-008749-003/2024(H5N1)	1620	392
PB2|PP755596.1|A/cattle/Texas/24-008749-003/2024(H5N1)	1621	392
PB2|PP755596.1|A/cattle/Texas/24-008749-003/2024(H5N1)	1622	411
PB2|PP755596.1|A/cattle/Texas/24-008749-003/2024(H5N1)	1623	408
PB2|PP755596.1|A/cattle/Texas/24-008749-003/2024(H5N1)	1624	411
PB2|PP755596.1|A/cattle/Texas/24-008749-003/2024(H5N1)	1625	411
PB2|PP755596.1|A/cattle/Texas/24-008749-003/2024(H5N1)	1626	443
PB2|PP755596.1|A/cattle/Texas/24-008749-003/2024(H5N1)	1627	447
PB2|PP755596.1|A/cattle/Texas/24-008749-003/2024(H5N1)	1628	448
PB2|PP755596.1|A/cattle/Texas/24-008749-003/2024(H5N1)	1629	435
PB2|PP755596.1|A/cattle/Texas/24-008749-003/2024(H5N1)	1630	437
PB2|PP755596.1|A/cattle/Texas/24-008749-003/2024(H5N1)	1631	435
PB2|PP755596.1|A/cattle/Texas/24-008749-003/2024(H5N1)	1632	434
PB2|PP755596.1|A/cattle/Texas/24-008749-003/2024(H5N1)	1633	456
PB2|PP755596.1|A/cattle/Texas/24-008749-003/2024(H5N1)	1634	449
PB2|PP755596.1|A/cattle/Texas/24-008749-003/2024(H5N1)	1635	450
PB2|PP755596.1|A/cattle/Texas/24-008749-003/2024(H5N1)	1636	445
PB2|PP755596.1|A/cattle/Texas/24-008749-003/2024(H5N1)	1637	438
PB2|PP755596.1|A/cattle/Texas/24-008749-003/2024(H5N1)	1638	466
PB2|PP755596.1|A/cattle/Texas/24-008749-003/2024(H5N1)	1639	475
PB2|PP755596.1|A/cattle/Texas/24-008749-003/2024(H5N1)	1640	474
PB2|PP755596.1|A/cattle/Texas/24-008749-003/2024(H5N1)	1641	470
PB2|PP755596.1|A/cattle/Texas/24-008749-003/2024(H5N1)	1642	458
PB2|PP755596.1|A/cattle/Texas/24-008749-003/2024(H5N1)	1643	475
PB2|PP755596.1|A/cattle/Texas/24-008749-003/2024(H5N1)	1644	474
PB2|PP755596.1|A/cattle/Texas/24-008749-003/2024(H5N1)	1645	475
PB2|PP755596.1|A/cattle/Texas/24-008749-003/2024(H5N1)	1646	476
PB2|PP755596.1|A/cattle/Texas/24-008749-003/2024(H5N1)	1647	458
PB2|PP755596.1|A/cattle/Texas/24-008749-003/2024(H5N1)	1648	461
PB2|PP755596.1|A/cattle/Texas/24-008749-003/2024(H5N1)	1649	461
PB2|PP755596.1|A/cattle/Texas/24-008749-003/2024(H5N1)	1650	463
PB2|PP755596.1|A/cattle/Texas/24-008749-003/2024(H5N1)	1651	456
PB2|PP755596.1|A/cattle/Texas/24-008749-003/2024(H5N1)	1652	441
PB2|PP755596.1|A/cattle/Texas/24-008749-003/2024(H5N1)	1653	441
PB2|PP755596.1|A/cattle/Texas/24-008749-003/2024(H5N1)	1654	447
PB2|PP755596.1|A/cattle/Texas/24-008749-003/2024(H5N1)	1655	445
PB2|PP755596.1|A/cattle/Texas/24-008749-003/2024(H5N1)	1656	446
PB2|PP755596.1|A/cattle/Texas/24-008749-003/2024(H5N1)	1657	446
PB2|PP755596.1|A/cattle/Texas/24-008749-003/2024(H5N1)	1658	446
PB2|PP755596.1|A/cattle/Texas/24-008749-003/2024(H5N1)	1659	445
PB2|PP755596.1|A/cattle/Texas/24-008749-003/2024(H5N1)	1660	447
PB2|PP755596.1|A/cattle/Texas/24-008749-003/2024(H5N1)	1661	444
PB2|PP755596.1|A/cattle/Texas/24-008749-003/2024(H5N1)	1662	444
PB2|PP755596.1|A/cattle/Texas/24-008749-003/2024(H5N1)	1663	444
PB2|PP755596.1|A/cattle/Texas/24-008749-003/2024(H5N1)	1664	443
PB2|PP755596.1|A/cattle/Texas/24-008749-003/2024(H5N1)	1665	446
PB2|PP755596.1|A/cattle/Texas/24-008749-003/2024(H5N1)	1666	458
PB2|PP755596.1|A/cattle/Texas/24-008749-003/2024(H5N1)	1667	458
PB2|PP755596.1|A/cattle/Texas/24-008749-003/2024(H5N1)	1668	456
PB2|PP755596.1|A/cattle/Texas/24-008749-003/2024(H5N1)	1669	451
PB2|PP755596.1|A/cattle/Texas/24-008749-003/2024(H5N1)	1670	451
PB2|PP755596.1|A/cattle/Texas/24-008749-003/2024(H5N1)	1671	452
PB2|PP755596.1|A/cattle/Texas/24-008749-003/2024(H5N1)	1672	453
PB2|PP755596.1|A/cattle/Texas/24-008749-003/2024(H5N1)	1673	461
PB2|PP755596.1|A/cattle/Texas/24-008749-003/2024(H5N1)	1674	462
PB2|PP755596.1|A/cattle/Texas/24-008749-003/2024(H5N1)	1675	460
PB2|PP755596.1|A/cattle/Texas/24-008749-003/2024(H5N1)	1676	460
PB2|PP755596.1|A/cattle/Texas/24-008749-003/2024(H5N1)	1677	453
PB2|PP755596.1|A/cattle/Texas/24-008749-003/2024(H5N1)	1678	454
PB2|PP755596.1|A/cattle/Texas/24-008749-003/2024(H5N1)	1679	461
PB2|PP755596.1|A/cattle/Texas/24-008749-003/2024(H5N1)	1680	450
PB2|PP755596.1|A/cattle/Texas/24-008749-003/2024(H5N1)	1681	450
PB2|PP755596.1|A/cattle/Texas/24-008749-003/2024(H5N1)	1682	435
PB2|PP755596.1|A/cattle/Texas/24-008749-003/2024(H5N1)	1683	436
PB2|PP755596.1|A/cattle/Texas/24-008749-003/2024(H5N1)	1684	436
PB2|PP755596.1|A/cattle/Texas/24-008749-003/2024(H5N1)	1685	469
PB2|PP755596.1|A/cattle/Texas/24-008749-003/2024(H5N1)	1686	472
PB2|PP755596.1|A/cattle/Texas/24-008749-003/2024(H5N1)	1687	463
PB2|PP755596.1|A/cattle/Texas/24-008749-003/2024(H5N1)	1688	462
PB2|PP755596.1|A/cattle/Texas/24-008749-003/2024(H5N1)	1689	460
PB2|PP755596.1|A/cattle/Texas/24-008749-003/2024(H5N1)	1690	461
PB2|PP755596.1|A/cattle/Texas/24-008749-003/2024(H5N1)	1691	460
PB2|PP755596.1|A/cattle/Texas/24-008749-003/2024(H5N1)	1692	458
PB2|PP755596.1|A/cattle/Texas/24-008749-003/2024(H5N1)	1693	462
PB2|PP755596.1|A/cattle/Texas/24-008749-003/2024(H5N1)	1694	463
PB2|PP755596.1|A/cattle/Texas/24-008749-003/2024(H5N1)	1695	463
PB2|PP755596.1|A/cattle/Texas/24-008749-003/2024(H5N1)	1696	483
PB2|PP755596.1|A/cattle/Texas/24-008749-003/2024(H5N1)	1697	483
PB2|PP755596.1|A/cattle/Texas/24-008749-003/2024(H5N1)	1698	484
PB2|PP755596.1|A/cattle/Texas/24-008749-003/2024(H5N1)	1699	484
PB2|PP755596.1|A/cattle/Texas/24-008749-003/2024(H5N1)	1700	483
PB2|PP755596.1|A/cattle/Texas/24-008749-003/2024(H5N1)	1701	483
PB2|PP755596.1|A/cattle/Texas/24-008749-003/2024(H5N1)	1702	487
PB2|PP755596.1|A/cattle/Texas/24-008749-003/2024(H5N1)	1703	495
PB2|PP755596.1|A/cattle/Texas/24-008749-003/2024(H5N1)	1704	496
PB2|PP755596.1|A/cattle/Texas/24-008749-003/2024(H5N1)	1705	497
PB2|PP755596.1|A/cattle/Texas/24-008749-003/2024(H5N1)	1706	495
PB2|PP755596.1|A/cattle/Texas/24-008749-003/2024(H5N1)	1707	494
PB2|PP755596.1|A/cattle/Texas/24-008749-003/2024(H5N1)	1708	506
PB2|PP755596.1|A/cattle/Texas/24-008749-003/2024(H5N1)	1709	499
PB2|PP755596.1|A/cattle/Texas/24-008749-003/2024(H5N1)	1710	506
PB2|PP755596.1|A/cattle/Texas/24-008749-003/2024(H5N1)	1711	516
PB2|PP755596.1|A/cattle/Texas/24-008749-003/2024(H5N1)	1712	502
PB2|PP755596.1|A/cattle/Texas/24-008749-003/2024(H5N1)	1713	507
PB2|PP755596.1|A/cattle/Texas/24-008749-003/2024(H5N1)	1714	505
PB2|PP755596.1|A/cattle/Texas/24-008749-003/2024(H5N1)	1715	504
PB2|PP755596.1|A/cattle/Texas/24-008749-003/2024(H5N1)	1716	501
PB2|PP755596.1|A/cattle/Texas/24-008749-003/2024(H5N1)	1717	492
PB2|PP755596.1|A/cattle/Texas/24-008749-003/2024(H5N1)	1718	496
PB2|PP755596.1|A/cattle/Texas/24-008749-003/2024(H5N1)	1719	481
PB2|PP755596.1|A/cattle/Texas/24-008749-003/2024(H5N1)	1720	483
PB2|PP755596.1|A/cattle/Texas/24-008749-003/2024(H5N1)	1721	483
PB2|PP755596.1|A/cattle/Texas/24-008749-003/2024(H5N1)	1722	481
PB2|PP755596.1|A/cattle/Texas/24-008749-003/2024(H5N1)	1723	482
PB2|PP755596.1|A/cattle/Texas/24-008749-003/2024(H5N1)	1724	479
PB2|PP755596.1|A/cattle/Texas/24-008749-003/2024(H5N1)	1725	481
PB2|PP755596.1|A/cattle/Texas/24-008749-003/2024(H5N1)	1726	485
PB2|PP755596.1|A/cattle/Texas/24-008749-003/2024(H5N1)	1727	483
PB2|PP755596.1|A/cattle/Texas/24-008749-003/2024(H5N1)	1728	491
PB2|PP755596.1|A/cattle/Texas/24-008749-003/2024(H5N1)	1729	491
PB2|PP755596.1|A/cattle/Texas/24-008749-003/2024(H5N1)	1730	491
PB2|PP755596.1|A/cattle/Texas/24-008749-003/2024(H5N1)	1731	489
PB2|PP755596.1|A/cattle/Texas/24-008749-003/2024(H5N1)	1732	488
PB2|PP755596.1|A/cattle/Texas/24-008749-003/2024(H5N1)	1733	492
PB2|PP755596.1|A/cattle/Texas/24-008749-003/2024(H5N1)	1734	497
PB2|PP755596.1|A/cattle/Texas/24-008749-003/2024(H5N1)	1735	496
PB2|PP755596.1|A/cattle/Texas/24-008749-003/2024(H5N1)	1736	496
PB2|PP755596.1|A/cattle/Texas/24-008749-003/2024(H5N1)	1737	514
PB2|PP755596.1|A/cattle/Texas/24-008749-003/2024(H5N1)	1738	507
PB2|PP755596.1|A/cattle/Texas/24-008749-003/2024(H5N1)	1739	507
PB2|PP755596.1|A/cattle/Texas/24-008749-003/2024(H5N1)	1740	503
PB2|PP755596.1|A/cattle/Texas/24-008749-003/2024(H5N1)	1741	502
PB2|PP755596.1|A/cattle/Texas/24-008749-003/2024(H5N1)	1742	502
PB2|PP755596.1|A/cattle/Texas/24-008749-003/2024(H5N1)	1743	504
PB2|PP755596.1|A/cattle/Texas/24-008749-003/2024(H5N1)	1744	503
PB2|PP755596.1|A/cattle/Texas/24-008749-003/2024(H5N1)	1745	505
PB2|PP755596.1|A/cattle/Texas/24-008749-003/2024(H5N1)	1746	494
PB2|PP755596.1|A/cattle/Texas/24-008749-003/2024(H5N1)	1747	495
PB2|PP755596.1|A/cattle/Texas/24-008749-003/2024(H5N1)	1748	502
PB2|PP755596.1|A/cattle/Texas/24-008749-003/2024(H5N1)	1749	501
PB2|PP755596.1|A/cattle/Texas/24-008749-003/2024(H5N1)	1750	506
PB2|PP755596.1|A/cattle/Texas/24-008749-003/2024(H5N1)	1751	511
PB2|PP755596.1|A/cattle/Texas/24-008749-003/2024(H5N1)	1752	538
PB2|PP755596.1|A/cattle/Texas/24-008749-003/2024(H5N1)	1753	536
PB2|PP755596.1|A/cattle/Texas/24-008749-003/2024(H5N1)	1754	538
PB2|PP755596.1|A/cattle/Texas/24-008749-003/2024(H5N1)	1755	538
PB2|PP755596.1|A/cattle/Texas/24-008749-003/2024(H5N1)	1756	539
PB2|PP755596.1|A/cattle/Texas/24-008749-003/2024(H5N1)	1757	540
PB2|PP755596.1|A/cattle/Texas/24-008749-003/2024(H5N1)	1758	540
PB2|PP755596.1|A/cattle/Texas/24-008749-003/2024(H5N1)	1759	540
PB2|PP755596.1|A/cattle/Texas/24-008749-003/2024(H5N1)	1760	541
PB2|PP755596.1|A/cattle/Texas/24-008749-003/2024(H5N1)	1761	521
PB2|PP755596.1|A/cattle/Texas/24-008749-003/2024(H5N1)	1762	525
PB2|PP755596.1|A/cattle/Texas/24-008749-003/2024(H5N1)	1763	530
PB2|PP755596.1|A/cattle/Texas/24-008749-003/2024(H5N1)	1764	530
PB2|PP755596.1|A/cattle/Texas/24-008749-003/2024(H5N1)	1765	529
PB2|PP755596.1|A/cattle/Texas/24-008749-003/2024(H5N1)	1766	531
PB2|PP755596.1|A/cattle/Texas/24-008749-003/2024(H5N1)	1767	537
PB2|PP755596.1|A/cattle/Texas/24-008749-003/2024(H5N1)	1768	574
PB2|PP755596.1|A/cattle/Texas/24-008749-003/2024(H5N1)	1769	578
PB2|PP755596.1|A/cattle/Texas/24-008749-003/2024(H5N1)	1770	580
PB2|PP755596.1|A/cattle/Texas/24-008749-003/2024(H5N1)	1771	581
PB2|PP755596.1|A/cattle/Texas/24-008749-003/2024(H5N1)	1772	586
PB2|PP755596.1|A/cattle/Texas/24-008749-003/2024(H5N1)	1773	580
PB2|PP755596.1|A/cattle/Texas/24-008749-003/2024(H5N1)	1774	584
PB2|PP755596.1|A/cattle/Texas/24-008749-003/2024(H5N1)	1775	580
PB2|PP755596.1|A/cattle/Texas/24-008749-003/2024(H5N1)	1776	584
PB2|PP755596.1|A/cattle/Texas/24-008749-003/2024(H5N1)	1777	538
PB2|PP755596.1|A/cattle/Texas/24-008749-003/2024(H5N1)	1778	534
PB2|PP755596.1|A/cattle/Texas/24-008749-003/2024(H5N1)	1779	532
PB2|PP755596.1|A/cattle/Texas/24-008749-003/2024(H5N1)	1780	536
PB2|PP755596.1|A/cattle/Texas/24-008749-003/2024(H5N1)	1781	537
PB2|PP755596.1|A/cattle/Texas/24-008749-003/2024(H5N1)	1782	525
PB2|PP755596.1|A/cattle/Texas/24-008749-003/2024(H5N1)	1783	537
PB2|PP755596.1|A/cattle/Texas/24-008749-003/2024(H5N1)	1784	520
PB2|PP755596.1|A/cattle/Texas/24-008749-003/2024(H5N1)	1785	521
PB2|PP755596.1|A/cattle/Texas/24-008749-003/2024(H5N1)	1786	521
PB2|PP755596.1|A/cattle/Texas/24-008749-003/2024(H5N1)	1787	523
PB2|PP755596.1|A/cattle/Texas/24-008749-003/2024(H5N1)	1788	523
PB2|PP755596.1|A/cattle/Texas/24-008749-003/2024(H5N1)	1789	498
PB2|PP755596.1|A/cattle/Texas/24-008749-003/2024(H5N1)	1790	498
PB2|PP755596.1|A/cattle/Texas/24-008749-003/2024(H5N1)	1791	499
PB2|PP755596.1|A/cattle/Texas/24-008749-003/2024(H5N1)	1792	511
PB2|PP755596.1|A/cattle/Texas/24-008749-003/2024(H5N1)	1793	506
PB2|PP755596.1|A/cattle/Texas/24-008749-003/2024(H5N1)	1794	503
PB2|PP755596.1|A/cattle/Texas/24-008749-003/2024(H5N1)	1795	517
PB2|PP755596.1|A/cattle/Texas/24-008749-003/2024(H5N1)	1796	516
PB2|PP755596.1|A/cattle/Texas/24-008749-003/2024(H5N1)	1797	518
PB2|PP755596.1|A/cattle/Texas/24-008749-003/2024(H5N1)	1798	519
PB2|PP755596.1|A/cattle/Texas/24-008749-003/2024(H5N1)	1799	517
PB2|PP755596.1|A/cattle/Texas/24-008749-003/2024(H5N1)	1800	517
PB2|PP755596.1|A/cattle/Texas/24-008749-003/2024(H5N1)	1801	519
PB2|PP755596.1|A/cattle/Texas/24-008749-003/2024(H5N1)	1802	514
PB2|PP755596.1|A/cattle/Texas/24-008749-003/2024(H5N1)	1803	516
PB2|PP755596.1|A/cattle/Texas/24-008749-003/2024(H5N1)	1804	519
PB2|PP755596.1|A/cattle/Texas/24-008749-003/2024(H5N1)	1805	514
PB2|PP755596.1|A/cattle/Texas/24-008749-003/2024(H5N1)	1806	515
PB2|PP755596.1|A/cattle/Texas/24-008749-003/2024(H5N1)	1807	515
PB2|PP755596.1|A/cattle/Texas/24-008749-003/2024(H5N1)	1808	524
PB2|PP755596.1|A/cattle/Texas/24-008749-003/2024(H5N1)	1809	524
PB2|PP755596.1|A/cattle/Texas/24-008749-003/2024(H5N1)	1810	521
PB2|PP755596.1|A/cattle/Texas/24-008749-003/2024(H5N1)	1811	523
PB2|PP755596.1|A/cattle/Texas/24-008749-003/2024(H5N1)	1812	527
PB2|PP755596.1|A/cattle/Texas/24-008749-003/2024(H5N1)	1813	528
PB2|PP755596.1|A/cattle/Texas/24-008749-003/2024(H5N1)	1814	536
PB2|PP755596.1|A/cattle/Texas/24-008749-003/2024(H5N1)	1815	535
PB2|PP755596.1|A/cattle/Texas/24-008749-003/2024(H5N1)	1816	534
PB2|PP755596.1|A/cattle/Texas/24-008749-003/2024(H5N1)	1817	524
PB2|PP755596.1|A/cattle/Texas/24-008749-003/2024(H5N1)	1818	539
PB2|PP755596.1|A/cattle/Texas/24-008749-003/2024(H5N1)	1819	538
PB2|PP755596.1|A/cattle/Texas/24-008749-003/2024(H5N1)	1820	537
PB2|PP755596.1|A/cattle/Texas/24-008749-003/2024(H5N1)	1821	540
PB2|PP755596.1|A/cattle/Texas/24-008749-003/2024(H5N1)	1822	544
PB2|PP755596.1|A/cattle/Texas/24-008749-003/2024(H5N1)	1823	544
PB2|PP755596.1|A/cattle/Texas/24-008749-003/2024(H5N1)	1824	531
PB2|PP755596.1|A/cattle/Texas/24-008749-003/2024(H5N1)	1825	529
PB2|PP755596.1|A/cattle/Texas/24-008749-003/2024(H5N1)	1826	533
PB2|PP755596.1|A/cattle/Texas/24-008749-003/2024(H5N1)	1827	556
PB2|PP755596.1|A/cattle/Texas/24-008749-003/2024(H5N1)	1828	557
PB2|PP755596.1|A/cattle/Texas/24-008749-003/2024(H5N1)	1829	554
PB2|PP755596.1|A/cattle/Texas/24-008749-003/2024(H5N1)	1830	554
PB2|PP755596.1|A/cattle/Texas/24-008749-003/2024(H5N1)	1831	554
PB2|PP755596.1|A/cattle/Texas/24-008749-003/2024(H5N1)	1832	563
PB2|PP755596.1|A/cattle/Texas/24-008749-003/2024(H5N1)	1833	563
PB2|PP755596.1|A/cattle/Texas/24-008749-003/2024(H5N1)	1834	560
PB2|PP755596.1|A/cattle/Texas/24-008749-003/2024(H5N1)	1835	564
PB2|PP755596.1|A/cattle/Texas/24-008749-003/2024(H5N1)	1836	525
PB2|PP755596.1|A/cattle/Texas/24-008749-003/2024(H5N1)	1837	592
PB2|PP755596.1|A/cattle/Texas/24-008749-003/2024(H5N1)	1838	594
PB2|PP755596.1|A/cattle/Texas/24-008749-003/2024(H5N1)	1839	599
PB2|PP755596.1|A/cattle/Texas/24-008749-003/2024(H5N1)	1840	600
PB2|PP755596.1|A/cattle/Texas/24-008749-003/2024(H5N1)	1841	597
PB2|PP755596.1|A/cattle/Texas/24-008749-003/2024(H5N1)	1842	600
PB2|PP755596.1|A/cattle/Texas/24-008749-003/2024(H5N1)	1843	605
PB2|PP755596.1|A/cattle/Texas/24-008749-003/2024(H5N1)	1844	606
PB2|PP755596.1|A/cattle/Texas/24-008749-003/2024(H5N1)	1845	605
PB2|PP755596.1|A/cattle/Texas/24-008749-003/2024(H5N1)	1846	579
PB2|PP755596.1|A/cattle/Texas/24-008749-003/2024(H5N1)	1847	581
PB2|PP755596.1|A/cattle/Texas/24-008749-003/2024(H5N1)	1848	581
PB2|PP755596.1|A/cattle/Texas/24-008749-003/2024(H5N1)	1849	584
PB2|PP755596.1|A/cattle/Texas/24-008749-003/2024(H5N1)	1850	584
PB2|PP755596.1|A/cattle/Texas/24-008749-003/2024(H5N1)	1851	578
PB2|PP755596.1|A/cattle/Texas/24-008749-003/2024(H5N1)	1852	574
PB2|PP755596.1|A/cattle/Texas/24-008749-003/2024(H5N1)	1853	559
PB2|PP755596.1|A/cattle/Texas/24-008749-003/2024(H5N1)	1854	570
PB2|PP755596.1|A/cattle/Texas/24-008749-003/2024(H5N1)	1855	570
PB2|PP755596.1|A/cattle/Texas/24-008749-003/2024(H5N1)	1856	569
PB2|PP755596.1|A/cattle/Texas/24-008749-003/2024(H5N1)	1857	578
PB2|PP755596.1|A/cattle/Texas/24-008749-003/2024(H5N1)	1858	569
PB2|PP755596.1|A/cattle/Texas/24-008749-003/2024(H5N1)	1859	577
PB2|PP755596.1|A/cattle/Texas/24-008749-003/2024(H5N1)	1860	573
PB2|PP755596.1|A/cattle/Texas/24-008749-003/2024(H5N1)	1861	564
PB2|PP755596.1|A/cattle/Texas/24-008749-003/2024(H5N1)	1862	564
PB2|PP755596.1|A/cattle/Texas/24-008749-003/2024(H5N1)	1863	566
PB2|PP755596.1|A/cattle/Texas/24-008749-003/2024(H5N1)	1864	560
PB2|PP755596.1|A/cattle/Texas/24-008749-003/2024(H5N1)	1865	568
PB2|PP755596.1|A/cattle/Texas/24-008749-003/2024(H5N1)	1866	566
PB2|PP755596.1|A/cattle/Texas/24-008749-003/2024(H5N1)	1867	566
PB2|PP755596.1|A/cattle/Texas/24-008749-003/2024(H5N1)	1868	560
PB2|PP755596.1|A/cattle/Texas/24-008749-003/2024(H5N1)	1869	564
PB2|PP755596.1|A/cattle/Texas/24-008749-003/2024(H5N1)	1870	567
PB2|PP755596.1|A/cattle/Texas/24-008749-003/2024(H5N1)	1871	569
PB2|PP755596.1|A/cattle/Texas/24-008749-003/2024(H5N1)	1872	568
PB2|PP755596.1|A/cattle/Texas/24-008749-003/2024(H5N1)	1873	578
PB2|PP755596.1|A/cattle/Texas/24-008749-003/2024(H5N1)	1874	584
PB2|PP755596.1|A/cattle/Texas/24-008749-003/2024(H5N1)	1875	585
PB2|PP755596.1|A/cattle/Texas/24-008749-003/2024(H5N1)	1876	583
PB2|PP755596.1|A/cattle/Texas/24-008749-003/2024(H5N1)	1877	582
PB2|PP755596.1|A/cattle/Texas/24-008749-003/2024(H5N1)	1878	578
PB2|PP755596.1|A/cattle/Texas/24-008749-003/2024(H5N1)	1879	593
PB2|PP755596.1|A/cattle/Texas/24-008749-003/2024(H5N1)	1880	601
PB2|PP755596.1|A/cattle/Texas/24-008749-003/2024(H5N1)	1881	602
PB2|PP755596.1|A/cattle/Texas/24-008749-003/2024(H5N1)	1882	601
PB2|PP755596.1|A/cattle/Texas/24-008749-003/2024(H5N1)	1883	600
PB2|PP755596.1|A/cattle/Texas/24-008749-003/2024(H5N1)	1884	602
PB2|PP755596.1|A/cattle/Texas/24-008749-003/2024(H5N1)	1885	602
PB2|PP755596.1|A/cattle/Texas/24-008749-003/2024(H5N1)	1886	603
PB2|PP755596.1|A/cattle/Texas/24-008749-003/2024(H5N1)	1887	602
PB2|PP755596.1|A/cattle/Texas/24-008749-003/2024(H5N1)	1888	580
PB2|PP755596.1|A/cattle/Texas/24-008749-003/2024(H5N1)	1889	578
PB2|PP755596.1|A/cattle/Texas/24-008749-003/2024(H5N1)	1890	569
PB2|PP755596.1|A/cattle/Texas/24-008749-003/2024(H5N1)	1891	574
PB2|PP755596.1|A/cattle/Texas/24-008749-003/2024(H5N1)	1892	582
PB2|PP755596.1|A/cattle/Texas/24-008749-003/2024(H5N1)	1893	582
PB2|PP755596.1|A/cattle/Texas/24-008749-003/2024(H5N1)	1894	591
PB2|PP755596.1|A/cattle/Texas/24-008749-003/2024(H5N1)	1895	592
PB2|PP755596.1|A/cattle/Texas/24-008749-003/2024(H5N1)	1896	602
PB2|PP755596.1|A/cattle/Texas/24-008749-003/2024(H5N1)	1897	605
PB2|PP755596.1|A/cattle/Texas/24-008749-003/2024(H5N1)	1898	602
PB2|PP755596.1|A/cattle/Texas/24-008749-003/2024(H5N1)	1899	601
PB2|PP755596.1|A/cattle/Texas/24-008749-003/2024(H5N1)	1900	597
PB2|PP755596.1|A/cattle/Texas/24-008749-003/2024(H5N1)	1901	600
PB2|PP755596.1|A/cattle/Texas/24-008749-003/2024(H5N1)	1902	614
PB2|PP755596.1|A/cattle/Texas/24-008749-003/2024(H5N1)	1903	592
PB2|PP755596.1|A/cattle/Texas/24-008749-003/2024(H5N1)	1904	595
PB2|PP755596.1|A/cattle/Texas/24-008749-003/2024(H5N1)	1905	590
PB2|PP755596.1|A/cattle/Texas/24-008749-003/2024(H5N1)	1906	594
PB2|PP755596.1|A/cattle/Texas/24-008749-003/2024(H5N1)	1907	597
PB2|PP755596.1|A/cattle/Texas/24-008749-003/2024(H5N1)	1908	602
PB2|PP755596.1|A/cattle/Texas/24-008749-003/2024(H5N1)	1909	612
PB2|PP755596.1|A/cattle/Texas/24-008749-003/2024(H5N1)	1910	612
PB2|PP755596.1|A/cattle/Texas/24-008749-003/2024(H5N1)	1911	617
PB2|PP755596.1|A/cattle/Texas/24-008749-003/2024(H5N1)	1912	617
PB2|PP755596.1|A/cattle/Texas/24-008749-003/2024(H5N1)	1913	623
PB2|PP755596.1|A/cattle/Texas/24-008749-003/2024(H5N1)	1914	631
PB2|PP755596.1|A/cattle/Texas/24-008749-003/2024(H5N1)	1915	648
PB2|PP755596.1|A/cattle/Texas/24-008749-003/2024(H5N1)	1916	680
PB2|PP755596.1|A/cattle/Texas/24-008749-003/2024(H5N1)	1917	676
PB2|PP755596.1|A/cattle/Texas/24-008749-003/2024(H5N1)	1918	674
PB2|PP755596.1|A/cattle/Texas/24-008749-003/2024(H5N1)	1919	689
PB2|PP755596.1|A/cattle/Texas/24-008749-003/2024(H5N1)	1920	689
PB2|PP755596.1|A/cattle/Texas/24-008749-003/2024(H5N1)	1921	681
PB2|PP755596.1|A/cattle/Texas/24-008749-003/2024(H5N1)	1922	678
PB2|PP755596.1|A/cattle/Texas/24-008749-003/2024(H5N1)	1923	676
PB2|PP755596.1|A/cattle/Texas/24-008749-003/2024(H5N1)	1924	683
PB2|PP755596.1|A/cattle/Texas/24-008749-003/2024(H5N1)	1925	708
PB2|PP755596.1|A/cattle/Texas/24-008749-003/2024(H5N1)	1926	719
PB2|PP755596.1|A/cattle/Texas/24-008749-003/2024(H5N1)	1927	717
PB2|PP755596.1|A/cattle/Texas/24-008749-003/2024(H5N1)	1928	723
PB2|PP755596.1|A/cattle/Texas/24-008749-003/2024(H5N1)	1929	723
PB2|PP755596.1|A/cattle/Texas/24-008749-003/2024(H5N1)	1930	730
PB2|PP755596.1|A/cattle/Texas/24-008749-003/2024(H5N1)	1931	731
PB2|PP755596.1|A/cattle/Texas/24-008749-003/2024(H5N1)	1932	735
PB2|PP755596.1|A/cattle/Texas/24-008749-003/2024(H5N1)	1933	746
PB2|PP755596.1|A/cattle/Texas/24-008749-003/2024(H5N1)	1934	741
PB2|PP755596.1|A/cattle/Texas/24-008749-003/2024(H5N1)	1935	740
PB2|PP755596.1|A/cattle/Texas/24-008749-003/2024(H5N1)	1936	733
PB2|PP755596.1|A/cattle/Texas/24-008749-003/2024(H5N1)	1937	739
PB2|PP755596.1|A/cattle/Texas/24-008749-003/2024(H5N1)	1938	738
PB2|PP755596.1|A/cattle/Texas/24-008749-003/2024(H5N1)	1939	737
PB2|PP755596.1|A/cattle/Texas/24-008749-003/2024(H5N1)	1940	736
PB2|PP755596.1|A/cattle/Texas/24-008749-003/2024(H5N1)	1941	737
PB2|PP755596.1|A/cattle/Texas/24-008749-003/2024(H5N1)	1942	718
PB2|PP755596.1|A/cattle/Texas/24-008749-003/2024(H5N1)	1943	712
PB2|PP755596.1|A/cattle/Texas/24-008749-003/2024(H5N1)	1944	734
PB2|PP755596.1|A/cattle/Texas/24-008749-003/2024(H5N1)	1945	749
PB2|PP755596.1|A/cattle/Texas/24-008749-003/2024(H5N1)	1946	738
PB2|PP755596.1|A/cattle/Texas/24-008749-003/2024(H5N1)	1947	745
PB2|PP755596.1|A/cattle/Texas/24-008749-003/2024(H5N1)	1948	748
PB2|PP755596.1|A/cattle/Texas/24-008749-003/2024(H5N1)	1949	752
PB2|PP755596.1|A/cattle/Texas/24-008749-003/2024(H5N1)	1950	756
PB2|PP755596.1|A/cattle/Texas/24-008749-003/2024(H5N1)	1951	756
PB2|PP755596.1|A/cattle/Texas/24-008749-003/2024(H5N1)	1952	763
PB2|PP755596.1|A/cattle/Texas/24-008749-003/2024(H5N1)	1953	766
PB2|PP755596.1|A/cattle/Texas/24-008749-003/2024(H5N1)	1954	773
PB2|PP755596.1|A/cattle/Texas/24-008749-003/2024(H5N1)	1955	789
PB2|PP755596.1|A/cattle/Texas/24-008749-003/2024(H5N1)	1956	795
PB2|PP755596.1|A/cattle/Texas/24-008749-003/2024(H5N1)	1957	797
PB2|PP755596.1|A/cattle/Texas/24-008749-003/2024(H5N1)	1958	799
PB2|PP755596.1|A/cattle/Texas/24-008749-003/2024(H5N1)	1959	797
PB2|PP755596.1|A/cattle/Texas/24-008749-003/2024(H5N1)	1960	801
PB2|PP755596.1|A/cattle/Texas/24-008749-003/2024(H5N1)	1961	810
PB2|PP755596.1|A/cattle/Texas/24-008749-003/2024(H5N1)	1962	916
PB2|PP755596.1|A/cattle/Texas/24-008749-003/2024(H5N1)	1963	936
PB2|PP755596.1|A/cattle/Texas/24-008749-003/2024(H5N1)	1964	941
PB2|PP755596.1|A/cattle/Texas/24-008749-003/2024(H5N1)	1965	971
PB2|PP755596.1|A/cattle/Texas/24-008749-003/2024(H5N1)	1966	994
PB2|PP755596.1|A/cattle/Texas/24-008749-003/2024(H5N1)	1967	1048
PB2|PP755596.1|A/cattle/Texas/24-008749-003/2024(H5N1)	1968	1041
PB2|PP755596.1|A/cattle/Texas/24-008749-003/2024(H5N1)	1969	1040
PB2|PP755596.1|A/cattle/Texas/24-008749-003/2024(H5N1)	1970	1049
PB2|PP755596.1|A/cattle/Texas/24-008749-003/2024(H5N1)	1971	1061
PB2|PP755596.1|A/cattle/Texas/24-008749-003/2024(H5N1)	1972	1182
PB2|PP755596.1|A/cattle/Texas/24-008749-003/2024(H5N1)	1973	1188
PB2|PP755596.1|A/cattle/Texas/24-008749-003/2024(H5N1)	1974	1198
PB2|PP755596.1|A/cattle/Texas/24-008749-003/2024(H5N1)	1975	1198
PB2|PP755596.1|A/cattle/Texas/24-008749-003/2024(H5N1)	1976	1225
PB2|PP755596.1|A/cattle/Texas/24-008749-003/2024(H5N1)	1977	1225
PB2|PP755596.1|A/cattle/Texas/24-008749-003/2024(H5N1)	1978	1220
PB2|PP755596.1|A/cattle/Texas/24-008749-003/2024(H5N1)	1979	1222
PB2|PP755596.1|A/cattle/Texas/24-008749-003/2024(H5N1)	1980	1235
PB2|PP755596.1|A/cattle/Texas/24-008749-003/2024(H5N1)	1981	1250
PB2|PP755596.1|A/cattle/Texas/24-008749-003/2024(H5N1)	1982	1263
PB2|PP755596.1|A/cattle/Texas/24-008749-003/2024(H5N1)	1983	1259
PB2|PP755596.1|A/cattle/Texas/24-008749-003/2024(H5N1)	1984	1271
PB2|PP755596.1|A/cattle/Texas/24-008749-003/2024(H5N1)	1985	1269
PB2|PP755596.1|A/cattle/Texas/24-008749-003/2024(H5N1)	1986	1273
PB2|PP755596.1|A/cattle/Texas/24-008749-003/2024(H5N1)	1987	1486
PB2|PP755596.1|A/cattle/Texas/24-008749-003/2024(H5N1)	1988	1463
PB2|PP755596.1|A/cattle/Texas/24-008749-003/2024(H5N1)	1989	1573
PB2|PP755596.1|A/cattle/Texas/24-008749-003/2024(H5N1)	1990	1625
PB2|PP755596.1|A/cattle/Texas/24-008749-003/2024(H5N1)	1991	1647
PB2|PP755596.1|A/cattle/Texas/24-008749-003/2024(H5N1)	1992	1661
PB2|PP755596.1|A/cattle/Texas/24-008749-003/2024(H5N1)	1993	1662
PB2|PP755596.1|A/cattle/Texas/24-008749-003/2024(H5N1)	1994	1676
PB2|PP755596.1|A/cattle/Texas/24-008749-003/2024(H5N1)	1995	1669
PB2|PP755596.1|A/cattle/Texas/24-008749-003/2024(H5N1)	1996	1670
PB2|PP755596.1|A/cattle/Texas/24-008749-003/2024(H5N1)	1997	1677
PB2|PP755596.1|A/cattle/Texas/24-008749-003/2024(H5N1)	1998	1682
PB2|PP755596.1|A/cattle/Texas/24-008749-003/2024(H5N1)	1999	1711
PB2|PP755596.1|A/cattle/Texas/24-008749-003/2024(H5N1)	2000	1711
PB2|PP755596.1|A/cattle/Texas/24-008749-003/2024(H5N1)	2001	1720
PB2|PP755596.1|A/cattle/Texas/24-008749-003/2024(H5N1)	2002	1723
PB2|PP755596.1|A/cattle/Texas/24-008749-003/2024(H5N1)	2003	1732
PB2|PP755596.1|A/cattle/Texas/24-008749-003/2024(H5N1)	2004	1742
PB2|PP755596.1|A/cattle/Texas/24-008749-003/2024(H5N1)	2005	1754
PB2|PP755596.1|A/cattle/Texas/24-008749-003/2024(H5N1)	2006	1782
PB2|PP755596.1|A/cattle/Texas/24-008749-003/2024(H5N1)	2007	1807
PB2|PP755596.1|A/cattle/Texas/24-008749-003/2024(H5N1)	2008	1796
PB2|PP755596.1|A/cattle/Texas/24-008749-003/2024(H5N1)	2009	1805
PB2|PP755596.1|A/cattle/Texas/24-008749-003/2024(H5N1)	2010	1802
PB2|PP755596.1|A/cattle/Texas/24-008749-003/2024(H5N1)	2011	1832
PB2|PP755596.1|A/cattle/Texas/24-008749-003/2024(H5N1)	2012	1911
PB2|PP755596.1|A/cattle/Texas/24-008749-003/2024(H5N1)	2013	1914
PB2|PP755596.1|A/cattle/Texas/24-008749-003/2024(H5N1)	2014	1939
PB2|PP755596.1|A/cattle/Texas/24-008749-003/2024(H5N1)	2015	1942
PB2|PP755596.1|A/cattle/Texas/24-008749-003/2024(H5N1)	2016	1944
PB2|PP755596.1|A/cattle/Texas/24-008749-003/2024(H5N1)	2017	1953
PB2|PP755596.1|A/cattle/Texas/24-008749-003/2024(H5N1)	2018	1974
PB2|PP755596.1|A/cattle/Texas/24-008749-003/2024(H5N1)	2019	1944
PB2|PP755596.1|A/cattle/Texas/24-008749-003/2024(H5N1)	2020	1948
PB2|PP755596.1|A/cattle/Texas/24-008749-003/2024(H5N1)	2021	1986
PB2|PP755596.1|A/cattle/Texas/24-008749-003/2024(H5N1)	2022	1983
PB2|PP755596.1|A/cattle/Texas/24-008749-003/2024(H5N1)	2023	1999
PB2|PP755596.1|A/cattle/Texas/24-008749-003/2024(H5N1)	2024	1981
PB2|PP755596.1|A/cattle/Texas/24-008749-003/2024(H5N1)	2025	1978
PB2|PP755596.1|A/cattle/Texas/24-008749-003/2024(H5N1)	2026	1981
PB2|PP755596.1|A/cattle/Texas/24-008749-003/2024(H5N1)	2027	2095
PB2|PP755596.1|A/cattle/Texas/24-008749-003/2024(H5N1)	2028	2113
PB2|PP755596.1|A/cattle/Texas/24-008749-003/2024(H5N1)	2029	2149
PB2|PP755596.1|A/cattle/Texas/24-008749-003/2024(H5N1)	2030	2190
PB2|PP755596.1|A/cattle/Texas/24-008749-003/2024(H5N1)	2031	2199
PB2|PP755596.1|A/cattle/Texas/24-008749-003/2024(H5N1)	2032	2341
PB2|PP755596.1|A/cattle/Texas/24-008749-003/2024(H5N1)	2033	2378
PB2|PP755596.1|A/cattle/Texas/24-008749-003/2024(H5N1)	2034	2374
PB2|PP755596.1|A/cattle/Texas/24-008749-003/2024(H5N1)	2035	2367
PB2|PP755596.1|A/cattle/Texas/24-008749-003/2024(H5N1)	2036	2351
PB2|PP755596.1|A/cattle/Texas/24-008749-003/2024(H5N1)	2037	2350
PB2|PP755596.1|A/cattle/Texas/24-008749-003/2024(H5N1)	2038	2596
PB2|PP755596.1|A/cattle/Texas/24-008749-003/2024(H5N1)	2039	2638
PB2|PP755596.1|A/cattle/Texas/24-008749-003/2024(H5N1)	2040	2640
PB2|PP755596.1|A/cattle/Texas/24-008749-003/2024(H5N1)	2041	2662
PB2|PP755596.1|A/cattle/Texas/24-008749-003/2024(H5N1)	2042	2695
PB2|PP755596.1|A/cattle/Texas/24-008749-003/2024(H5N1)	2043	2701
PB2|PP755596.1|A/cattle/Texas/24-008749-003/2024(H5N1)	2044	2711
PB2|PP755596.1|A/cattle/Texas/24-008749-003/2024(H5N1)	2045	2742
PB2|PP755596.1|A/cattle/Texas/24-008749-003/2024(H5N1)	2046	2805
PB2|PP755596.1|A/cattle/Texas/24-008749-003/2024(H5N1)	2047	2798
PB2|PP755596.1|A/cattle/Texas/24-008749-003/2024(H5N1)	2048	2807
PB2|PP755596.1|A/cattle/Texas/24-008749-003/2024(H5N1)	2049	2811
PB2|PP755596.1|A/cattle/Texas/24-008749-003/2024(H5N1)	2050	2828
PB2|PP755596.1|A/cattle/Texas/24-008749-003/2024(H5N1)	2051	2882
PB2|PP755596.1|A/cattle/Texas/24-008749-003/2024(H5N1)	2052	2950
PB2|PP755596.1|A/cattle/Texas/24-008749-003/2024(H5N1)	2053	2970
PB2|PP755596.1|A/cattle/Texas/24-008749-003/2024(H5N1)	2054	2988
PB2|PP755596.1|A/cattle/Texas/24-008749-003/2024(H5N1)	2055	2993
PB2|PP755596.1|A/cattle/Texas/24-008749-003/2024(H5N1)	2056	2993
PB2|PP755596.1|A/cattle/Texas/24-008749-003/2024(H5N1)	2057	3004
PB2|PP755596.1|A/cattle/Texas/24-008749-003/2024(H5N1)	2058	2996
PB2|PP755596.1|A/cattle/Texas/24-008749-003/2024(H5N1)	2059	3098
PB2|PP755596.1|A/cattle/Texas/24-008749-003/2024(H5N1)	2060	3093
PB2|PP755596.1|A/cattle/Texas/24-008749-003/2024(H5N1)	2061	3171
PB2|PP755596.1|A/cattle/Texas/24-008749-003/2024(H5N1)	2062	3130
PB2|PP755596.1|A/cattle/Texas/24-008749-003/2024(H5N1)	2063	3109
PB2|PP755596.1|A/cattle/Texas/24-008749-003/2024(H5N1)	2064	3113
PB2|PP755596.1|A/cattle/Texas/24-008749-003/2024(H5N1)	2065	3118
PB2|PP755596.1|A/cattle/Texas/24-008749-003/2024(H5N1)	2066	3134
PB2|PP755596.1|A/cattle/Texas/24-008749-003/2024(H5N1)	2067	3218
PB2|PP755596.1|A/cattle/Texas/24-008749-003/2024(H5N1)	2068	3327
PB2|PP755596.1|A/cattle/Texas/24-008749-003/2024(H5N1)	2069	3318
PB2|PP755596.1|A/cattle/Texas/24-008749-003/2024(H5N1)	2070	3358
PB2|PP755596.1|A/cattle/Texas/24-008749-003/2024(H5N1)	2071	3365
PB2|PP755596.1|A/cattle/Texas/24-008749-003/2024(H5N1)	2072	3340
PB2|PP755596.1|A/cattle/Texas/24-008749-003/2024(H5N1)	2073	3338
PB2|PP755596.1|A/cattle/Texas/24-008749-003/2024(H5N1)	2074	3326
PB2|PP755596.1|A/cattle/Texas/24-008749-003/2024(H5N1)	2075	3303
PB2|PP755596.1|A/cattle/Texas/24-008749-003/2024(H5N1)	2076	3325
PB2|PP755596.1|A/cattle/Texas/24-008749-003/2024(H5N1)	2077	3326
PB2|PP755596.1|A/cattle/Texas/24-008749-003/2024(H5N1)	2078	3376
PB2|PP755596.1|A/cattle/Texas/24-008749-003/2024(H5N1)	2079	3409
PB2|PP755596.1|A/cattle/Texas/24-008749-003/2024(H5N1)	2080	3633
PB2|PP755596.1|A/cattle/Texas/24-008749-003/2024(H5N1)	2081	3646
PB2|PP755596.1|A/cattle/Texas/24-008749-003/2024(H5N1)	2082	3686
PB2|PP755596.1|A/cattle/Texas/24-008749-003/2024(H5N1)	2083	3659
PB2|PP755596.1|A/cattle/Texas/24-008749-003/2024(H5N1)	2084	3675
PB2|PP755596.1|A/cattle/Texas/24-008749-003/2024(H5N1)	2085	3670
PB2|PP755596.1|A/cattle/Texas/24-008749-003/2024(H5N1)	2086	3782
PB2|PP755596.1|A/cattle/Texas/24-008749-003/2024(H5N1)	2087	3775
PB2|PP755596.1|A/cattle/Texas/24-008749-003/2024(H5N1)	2088	3881
PB2|PP755596.1|A/cattle/Texas/24-008749-003/2024(H5N1)	2089	3871
PB2|PP755596.1|A/cattle/Texas/24-008749-003/2024(H5N1)	2090	3860
PB2|PP755596.1|A/cattle/Texas/24-008749-003/2024(H5N1)	2091	3880
PB2|PP755596.1|A/cattle/Texas/24-008749-003/2024(H5N1)	2092	4077
PB2|PP755596.1|A/cattle/Texas/24-008749-003/2024(H5N1)	2093	4161
PB2|PP755596.1|A/cattle/Texas/24-008749-003/2024(H5N1)	2094	4146
PB2|PP755596.1|A/cattle/Texas/24-008749-003/2024(H5N1)	2095	4170
PB2|PP755596.1|A/cattle/Texas/24-008749-003/2024(H5N1)	2096	4322
PB2|PP755596.1|A/cattle/Texas/24-008749-003/2024(H5N1)	2097	4317
PB2|PP755596.1|A/cattle/Texas/24-008749-003/2024(H5N1)	2098	4326
PB2|PP755596.1|A/cattle/Texas/24-008749-003/2024(H5N1)	2099	4481
PB2|PP755596.1|A/cattle/Texas/24-008749-003/2024(H5N1)	2100	4588
PB2|PP755596.1|A/cattle/Texas/24-008749-003/2024(H5N1)	2101	4589
PB2|PP755596.1|A/cattle/Texas/24-008749-003/2024(H5N1)	2102	4591
PB2|PP755596.1|A/cattle/Texas/24-008749-003/2024(H5N1)	2103	4575
PB2|PP755596.1|A/cattle/Texas/24-008749-003/2024(H5N1)	2104	4586
PB2|PP755596.1|A/cattle/Texas/24-008749-003/2024(H5N1)	2105	4583
PB2|PP755596.1|A/cattle/Texas/24-008749-003/2024(H5N1)	2106	4579
PB2|PP755596.1|A/cattle/Texas/24-008749-003/2024(H5N1)	2107	4697
PB2|PP755596.1|A/cattle/Texas/24-008749-003/2024(H5N1)	2108	4700
PB2|PP755596.1|A/cattle/Texas/24-008749-003/2024(H5N1)	2109	4775
PB2|PP755596.1|A/cattle/Texas/24-008749-003/2024(H5N1)	2110	4761
PB2|PP755596.1|A/cattle/Texas/24-008749-003/2024(H5N1)	2111	4856
PB2|PP755596.1|A/cattle/Texas/24-008749-003/2024(H5N1)	2112	5140
PB2|PP755596.1|A/cattle/Texas/24-008749-003/2024(H5N1)	2113	5500
PB2|PP755596.1|A/cattle/Texas/24-008749-003/2024(H5N1)	2114	5701
PB2|PP755596.1|A/cattle/Texas/24-008749-003/2024(H5N1)	2115	5633
PB2|PP755596.1|A/cattle/Texas/24-008749-003/2024(H5N1)	2116	5634
PB2|PP755596.1|A/cattle/Texas/24-008749-003/2024(H5N1)	2117	5665
PB2|PP755596.1|A/cattle/Texas/24-008749-003/2024(H5N1)	2118	5584
PB2|PP755596.1|A/cattle/Texas/24-008749-003/2024(H5N1)	2119	5739
PB2|PP755596.1|A/cattle/Texas/24-008749-003/2024(H5N1)	2120	5764
PB2|PP755596.1|A/cattle/Texas/24-008749-003/2024(H5N1)	2121	5809
PB2|PP755596.1|A/cattle/Texas/24-008749-003/2024(H5N1)	2122	5750
PB2|PP755596.1|A/cattle/Texas/24-008749-003/2024(H5N1)	2123	5520
PB2|PP755596.1|A/cattle/Texas/24-008749-003/2024(H5N1)	2124	5562
PB2|PP755596.1|A/cattle/Texas/24-008749-003/2024(H5N1)	2125	5572
PB2|PP755596.1|A/cattle/Texas/24-008749-003/2024(H5N1)	2126	5634
PB2|PP755596.1|A/cattle/Texas/24-008749-003/2024(H5N1)	2127	5759
PB2|PP755596.1|A/cattle/Texas/24-008749-003/2024(H5N1)	2128	6855
PB2|PP755596.1|A/cattle/Texas/24-008749-003/2024(H5N1)	2129	6964
PB2|PP755596.1|A/cattle/Texas/24-008749-003/2024(H5N1)	2130	7046
PB2|PP755596.1|A/cattle/Texas/24-008749-003/2024(H5N1)	2131	7251
PB2|PP755596.1|A/cattle/Texas/24-008749-003/2024(H5N1)	2132	7320
PB2|PP755596.1|A/cattle/Texas/24-008749-003/2024(H5N1)	2133	7363
PB2|PP755596.1|A/cattle/Texas/24-008749-003/2024(H5N1)	2134	7379
PB2|PP755596.1|A/cattle/Texas/24-008749-003/2024(H5N1)	2135	7375
PB2|PP755596.1|A/cattle/Texas/24-008749-003/2024(H5N1)	2136	7435
PB2|PP755596.1|A/cattle/Texas/24-008749-003/2024(H5N1)	2137	7470
PB2|PP755596.1|A/cattle/Texas/24-008749-003/2024(H5N1)	2138	7449
PB2|PP755596.1|A/cattle/Texas/24-008749-003/2024(H5N1)	2139	7496
PB2|PP755596.1|A/cattle/Texas/24-008749-003/2024(H5N1)	2140	7505
PB2|PP755596.1|A/cattle/Texas/24-008749-003/2024(H5N1)	2141	7496
PB2|PP755596.1|A/cattle/Texas/24-008749-003/2024(H5N1)	2142	7496
PB2|PP755596.1|A/cattle/Texas/24-008749-003/2024(H5N1)	2143	7536
PB2|PP755596.1|A/cattle/Texas/24-008749-003/2024(H5N1)	2144	7560
PB2|PP755596.1|A/cattle/Texas/24-008749-003/2024(H5N1)	2145	7532
PB2|PP755596.1|A/cattle/Texas/24-008749-003/2024(H5N1)	2146	7583
PB2|PP755596.1|A/cattle/Texas/24-008749-003/2024(H5N1)	2147	8065
PB2|PP755596.1|A/cattle/Texas/24-008749-003/2024(H5N1)	2148	8062
PB2|PP755596.1|A/cattle/Texas/24-008749-003/2024(H5N1)	2149	8341
PB2|PP755596.1|A/cattle/Texas/24-008749-003/2024(H5N1)	2150	8376
PB2|PP755596.1|A/cattle/Texas/24-008749-003/2024(H5N1)	2151	8379
PB2|PP755596.1|A/cattle/Texas/24-008749-003/2024(H5N1)	2152	8372
PB2|PP755596.1|A/cattle/Texas/24-008749-003/2024(H5N1)	2153	8303
PB2|PP755596.1|A/cattle/Texas/24-008749-003/2024(H5N1)	2154	8280
PB2|PP755596.1|A/cattle/Texas/24-008749-003/2024(H5N1)	2155	8393
PB2|PP755596.1|A/cattle/Texas/24-008749-003/2024(H5N1)	2156	8404
PB2|PP755596.1|A/cattle/Texas/24-008749-003/2024(H5N1)	2157	8381
PB2|PP755596.1|A/cattle/Texas/24-008749-003/2024(H5N1)	2158	8419
PB2|PP755596.1|A/cattle/Texas/24-008749-003/2024(H5N1)	2159	8485
PB2|PP755596.1|A/cattle/Texas/24-008749-003/2024(H5N1)	2160	8479
PB2|PP755596.1|A/cattle/Texas/24-008749-003/2024(H5N1)	2161	9096
PB2|PP755596.1|A/cattle/Texas/24-008749-003/2024(H5N1)	2162	9032
PB2|PP755596.1|A/cattle/Texas/24-008749-003/2024(H5N1)	2163	8971
PB2|PP755596.1|A/cattle/Texas/24-008749-003/2024(H5N1)	2164	10888
PB2|PP755596.1|A/cattle/Texas/24-008749-003/2024(H5N1)	2165	11097
PB2|PP755596.1|A/cattle/Texas/24-008749-003/2024(H5N1)	2166	11163
PB2|PP755596.1|A/cattle/Texas/24-008749-003/2024(H5N1)	2167	11189
PB2|PP755596.1|A/cattle/Texas/24-008749-003/2024(H5N1)	2168	11313
PB2|PP755596.1|A/cattle/Texas/24-008749-003/2024(H5N1)	2169	11273
PB2|PP755596.1|A/cattle/Texas/24-008749-003/2024(H5N1)	2170	11277
PB2|PP755596.1|A/cattle/Texas/24-008749-003/2024(H5N1)	2171	11155
PB2|PP755596.1|A/cattle/Texas/24-008749-003/2024(H5N1)	2172	11023
PB2|PP755596.1|A/cattle/Texas/24-008749-003/2024(H5N1)	2173	10918
PB2|PP755596.1|A/cattle/Texas/24-008749-003/2024(H5N1)	2174	10854
PB2|PP755596.1|A/cattle/Texas/24-008749-003/2024(H5N1)	2175	10854
PB2|PP755596.1|A/cattle/Texas/24-008749-003/2024(H5N1)	2176	11090
PB2|PP755596.1|A/cattle/Texas/24-008749-003/2024(H5N1)	2177	11078
PB2|PP755596.1|A/cattle/Texas/24-008749-003/2024(H5N1)	2178	11076
PB2|PP755596.1|A/cattle/Texas/24-008749-003/2024(H5N1)	2179	11044
PB2|PP755596.1|A/cattle/Texas/24-008749-003/2024(H5N1)	2180	11087
PB2|PP755596.1|A/cattle/Texas/24-008749-003/2024(H5N1)	2181	11095
PB2|PP755596.1|A/cattle/Texas/24-008749-003/2024(H5N1)	2182	11063
PB2|PP755596.1|A/cattle/Texas/24-008749-003/2024(H5N1)	2183	11051
PB2|PP755596.1|A/cattle/Texas/24-008749-003/2024(H5N1)	2184	10968
PB2|PP755596.1|A/cattle/Texas/24-008749-003/2024(H5N1)	2185	11026
PB2|PP755596.1|A/cattle/Texas/24-008749-003/2024(H5N1)	2186	9376
PB2|PP755596.1|A/cattle/Texas/24-008749-003/2024(H5N1)	2187	9394
PB2|PP755596.1|A/cattle/Texas/24-008749-003/2024(H5N1)	2188	10974
PB2|PP755596.1|A/cattle/Texas/24-008749-003/2024(H5N1)	2189	10881
PB2|PP755596.1|A/cattle/Texas/24-008749-003/2024(H5N1)	2190	10824
PB2|PP755596.1|A/cattle/Texas/24-008749-003/2024(H5N1)	2191	10832
PB2|PP755596.1|A/cattle/Texas/24-008749-003/2024(H5N1)	2192	10793
PB2|PP755596.1|A/cattle/Texas/24-008749-003/2024(H5N1)	2193	10782
PB2|PP755596.1|A/cattle/Texas/24-008749-003/2024(H5N1)	2194	10813
PB2|PP755596.1|A/cattle/Texas/24-008749-003/2024(H5N1)	2195	10436
PB2|PP755596.1|A/cattle/Texas/24-008749-003/2024(H5N1)	2196	10431
PB2|PP755596.1|A/cattle/Texas/24-008749-003/2024(H5N1)	2197	10203
PB2|PP755596.1|A/cattle/Texas/24-008749-003/2024(H5N1)	2198	10149
PB2|PP755596.1|A/cattle/Texas/24-008749-003/2024(H5N1)	2199	10143
PB2|PP755596.1|A/cattle/Texas/24-008749-003/2024(H5N1)	2200	10123
PB2|PP755596.1|A/cattle/Texas/24-008749-003/2024(H5N1)	2201	10050
PB2|PP755596.1|A/cattle/Texas/24-008749-003/2024(H5N1)	2202	10030
PB2|PP755596.1|A/cattle/Texas/24-008749-003/2024(H5N1)	2203	9889
PB2|PP755596.1|A/cattle/Texas/24-008749-003/2024(H5N1)	2204	9859
PB2|PP755596.1|A/cattle/Texas/24-008749-003/2024(H5N1)	2205	9827
PB2|PP755596.1|A/cattle/Texas/24-008749-003/2024(H5N1)	2206	9805
PB2|PP755596.1|A/cattle/Texas/24-008749-003/2024(H5N1)	2207	9781
PB2|PP755596.1|A/cattle/Texas/24-008749-003/2024(H5N1)	2208	9765
PB2|PP755596.1|A/cattle/Texas/24-008749-003/2024(H5N1)	2209	9731
PB2|PP755596.1|A/cattle/Texas/24-008749-003/2024(H5N1)	2210	9727
PB2|PP755596.1|A/cattle/Texas/24-008749-003/2024(H5N1)	2211	9715
PB2|PP755596.1|A/cattle/Texas/24-008749-003/2024(H5N1)	2212	9690
PB2|PP755596.1|A/cattle/Texas/24-008749-003/2024(H5N1)	2213	9666
PB2|PP755596.1|A/cattle/Texas/24-008749-003/2024(H5N1)	2214	9634
PB2|PP755596.1|A/cattle/Texas/24-008749-003/2024(H5N1)	2215	9580
PB2|PP755596.1|A/cattle/Texas/24-008749-003/2024(H5N1)	2216	9565
PB2|PP755596.1|A/cattle/Texas/24-008749-003/2024(H5N1)	2217	9560
PB2|PP755596.1|A/cattle/Texas/24-008749-003/2024(H5N1)	2218	9544
PB2|PP755596.1|A/cattle/Texas/24-008749-003/2024(H5N1)	2219	9456
PB2|PP755596.1|A/cattle/Texas/24-008749-003/2024(H5N1)	2220	9437
PB2|PP755596.1|A/cattle/Texas/24-008749-003/2024(H5N1)	2221	9405
PB2|PP755596.1|A/cattle/Texas/24-008749-003/2024(H5N1)	2222	9451
PB2|PP755596.1|A/cattle/Texas/24-008749-003/2024(H5N1)	2223	9446
PB2|PP755596.1|A/cattle/Texas/24-008749-003/2024(H5N1)	2224	9455
PB2|PP755596.1|A/cattle/Texas/24-008749-003/2024(H5N1)	2225	9447
PB2|PP755596.1|A/cattle/Texas/24-008749-003/2024(H5N1)	2226	9337
PB2|PP755596.1|A/cattle/Texas/24-008749-003/2024(H5N1)	2227	9334
PB2|PP755596.1|A/cattle/Texas/24-008749-003/2024(H5N1)	2228	9302
PB2|PP755596.1|A/cattle/Texas/24-008749-003/2024(H5N1)	2229	9128
PB2|PP755596.1|A/cattle/Texas/24-008749-003/2024(H5N1)	2230	9122
PB2|PP755596.1|A/cattle/Texas/24-008749-003/2024(H5N1)	2231	8333
PB2|PP755596.1|A/cattle/Texas/24-008749-003/2024(H5N1)	2232	8333
PB2|PP755596.1|A/cattle/Texas/24-008749-003/2024(H5N1)	2233	8209
PB2|PP755596.1|A/cattle/Texas/24-008749-003/2024(H5N1)	2234	8166
PB2|PP755596.1|A/cattle/Texas/24-008749-003/2024(H5N1)	2235	8133
PB2|PP755596.1|A/cattle/Texas/24-008749-003/2024(H5N1)	2236	8130
PB2|PP755596.1|A/cattle/Texas/24-008749-003/2024(H5N1)	2237	8029
PB2|PP755596.1|A/cattle/Texas/24-008749-003/2024(H5N1)	2238	8016
PB2|PP755596.1|A/cattle/Texas/24-008749-003/2024(H5N1)	2239	7660
PB2|PP755596.1|A/cattle/Texas/24-008749-003/2024(H5N1)	2240	7664
PB2|PP755596.1|A/cattle/Texas/24-008749-003/2024(H5N1)	2241	7627
PB2|PP755596.1|A/cattle/Texas/24-008749-003/2024(H5N1)	2242	7604
PB2|PP755596.1|A/cattle/Texas/24-008749-003/2024(H5N1)	2243	7572
PB2|PP755596.1|A/cattle/Texas/24-008749-003/2024(H5N1)	2244	7555
PB2|PP755596.1|A/cattle/Texas/24-008749-003/2024(H5N1)	2245	7536
PB2|PP755596.1|A/cattle/Texas/24-008749-003/2024(H5N1)	2246	7510
PB2|PP755596.1|A/cattle/Texas/24-008749-003/2024(H5N1)	2247	7118
PB2|PP755596.1|A/cattle/Texas/24-008749-003/2024(H5N1)	2248	7113
PB2|PP755596.1|A/cattle/Texas/24-008749-003/2024(H5N1)	2249	6780
PB2|PP755596.1|A/cattle/Texas/24-008749-003/2024(H5N1)	2250	6778
PB2|PP755596.1|A/cattle/Texas/24-008749-003/2024(H5N1)	2251	6777
PB2|PP755596.1|A/cattle/Texas/24-008749-003/2024(H5N1)	2252	6761
PB2|PP755596.1|A/cattle/Texas/24-008749-003/2024(H5N1)	2253	6734
PB2|PP755596.1|A/cattle/Texas/24-008749-003/2024(H5N1)	2254	6728
PB2|PP755596.1|A/cattle/Texas/24-008749-003/2024(H5N1)	2255	6724
PB2|PP755596.1|A/cattle/Texas/24-008749-003/2024(H5N1)	2256	6718
PB2|PP755596.1|A/cattle/Texas/24-008749-003/2024(H5N1)	2257	6698
PB2|PP755596.1|A/cattle/Texas/24-008749-003/2024(H5N1)	2258	6681
PB2|PP755596.1|A/cattle/Texas/24-008749-003/2024(H5N1)	2259	6589
PB2|PP755596.1|A/cattle/Texas/24-008749-003/2024(H5N1)	2260	6563
PB2|PP755596.1|A/cattle/Texas/24-008749-003/2024(H5N1)	2261	6530
PB2|PP755596.1|A/cattle/Texas/24-008749-003/2024(H5N1)	2262	6516
PB2|PP755596.1|A/cattle/Texas/24-008749-003/2024(H5N1)	2263	6495
PB2|PP755596.1|A/cattle/Texas/24-008749-003/2024(H5N1)	2264	6408
PB2|PP755596.1|A/cattle/Texas/24-008749-003/2024(H5N1)	2265	6323
PB2|PP755596.1|A/cattle/Texas/24-008749-003/2024(H5N1)	2266	6308
PB2|PP755596.1|A/cattle/Texas/24-008749-003/2024(H5N1)	2267	6165
PB2|PP755596.1|A/cattle/Texas/24-008749-003/2024(H5N1)	2268	6154
PB2|PP755596.1|A/cattle/Texas/24-008749-003/2024(H5N1)	2269	6142
PB2|PP755596.1|A/cattle/Texas/24-008749-003/2024(H5N1)	2270	6103
PB2|PP755596.1|A/cattle/Texas/24-008749-003/2024(H5N1)	2271	6083
PB2|PP755596.1|A/cattle/Texas/24-008749-003/2024(H5N1)	2272	6078
PB2|PP755596.1|A/cattle/Texas/24-008749-003/2024(H5N1)	2273	6069
PB2|PP755596.1|A/cattle/Texas/24-008749-003/2024(H5N1)	2274	6030
PB2|PP755596.1|A/cattle/Texas/24-008749-003/2024(H5N1)	2275	6026
PB2|PP755596.1|A/cattle/Texas/24-008749-003/2024(H5N1)	2276	6001
PB2|PP755596.1|A/cattle/Texas/24-008749-003/2024(H5N1)	2277	5921
PB2|PP755596.1|A/cattle/Texas/24-008749-003/2024(H5N1)	2278	5769
PB2|PP755596.1|A/cattle/Texas/24-008749-003/2024(H5N1)	2279	5556
PB2|PP755596.1|A/cattle/Texas/24-008749-003/2024(H5N1)	2280	5499
