PB1|PP755595.1|A/cattle/Texas/24-008749-003/2024(H5N1)	1	1583
PB1|PP755595.1|A/cattle/Texas/24-008749-003/2024(H5N1)	2	1588
PB1|PP755595.1|A/cattle/Texas/24-008749-003/2024(H5N1)	3	1601
PB1|PP755595.1|A/cattle/Texas/24-008749-003/2024(H5N1)	4	1620
PB1|PP755595.1|A/cattle/Texas/24-008749-003/2024(H5N1)	5	1684
PB1|PP755595.1|A/cattle/Texas/24-008749-003/2024(H5N1)	6	1708
PB1|PP755595.1|A/cattle/Texas/24-008749-003/2024(H5N1)	7	1709
PB1|PP755595.1|A/cattle/Texas/24-008749-003/2024(H5N1)	8	1710
PB1|PP755595.1|A/cattle/Texas/24-008749-003/2024(H5N1)	9	1741
PB1|PP755595.1|A/cattle/Texas/24-008749-003/2024(H5N1)	10	1743
PB1|PP755595.1|A/cattle/Texas/24-008749-003/2024(H5N1)	11	1752
PB1|PP755595.1|A/cattle/Texas/24-008749-003/2024(H5N1)	12	1754
PB1|PP755595.1|A/cattle/Texas/24-008749-003/2024(H5N1)	13	1757
PB1|PP755595.1|A/cattle/Texas/24-008749-003/2024(H5N1)	14	1766
PB1|PP755595.1|A/cattle/Texas/24-008749-003/2024(H5N1)	15	1781
PB1|PP755595.1|A/cattle/Texas/24-008749-003/2024(H5N1)	16	1832
PB1|PP755595.1|A/cattle/Texas/24-008749-003/2024(H5N1)	17	1834
PB1|PP755595.1|A/cattle/Texas/24-008749-003/2024(H5N1)	18	1834
PB1|PP755595.1|A/cattle/Texas/24-008749-003/2024(H5N1)	19	1848
PB1|PP755595.1|A/cattle/Texas/24-008749-003/2024(H5N1)	20	1848
PB1|PP755595.1|A/cattle/Texas/24-008749-003/2024(H5N1)	21	1850
PB1|PP755595.1|A/cattle/Texas/24-008749-003/2024(H5N1)	22	1854
PB1|PP755595.1|A/cattle/Texas/24-008749-003/2024(H5N1)	23	1854
PB1|PP755595.1|A/cattle/Texas/24-008749-003/2024(H5N1)	24	1857
PB1|PP755595.1|A/cattle/Texas/24-008749-003/2024(H5N1)	25	1857
PB1|PP755595.1|A/cattle/Texas/24-008749-003/2024(H5N1)	26	1926
PB1|PP755595.1|A/cattle/Texas/24-008749-003/2024(H5N1)	27	1926
PB1|PP755595.1|A/cattle/Texas/24-008749-003/2024(H5N1)	28	1929
PB1|PP755595.1|A/cattle/Texas/24-008749-003/2024(H5N1)	29	1930
PB1|PP755595.1|A/cattle/Texas/24-008749-003/2024(H5N1)	30	1934
PB1|PP755595.1|A/cattle/Texas/24-008749-003/2024(H5N1)	31	1935
PB1|PP755595.1|A/cattle/Texas/24-008749-003/2024(H5N1)	32	1941
PB1|PP755595.1|A/cattle/Texas/24-008749-003/2024(H5N1)	33	1850
PB1|PP755595.1|A/cattle/Texas/24-008749-003/2024(H5N1)	34	1875
PB1|PP755595.1|A/cattle/Texas/24-008749-003/2024(H5N1)	35	1886
PB1|PP755595.1|A/cattle/Texas/24-008749-003/2024(H5N1)	36	1877
PB1|PP755595.1|A/cattle/Texas/24-008749-003/2024(H5N1)	37	1878
PB1|PP755595.1|A/cattle/Texas/24-008749-003/2024(H5N1)	38	1881
PB1|PP755595.1|A/cattle/Texas/24-008749-003/2024(H5N1)	39	1980
PB1|PP755595.1|A/cattle/Texas/24-008749-003/2024(H5N1)	40	2072
PB1|PP755595.1|A/cattle/Texas/24-008749-003/2024(H5N1)	41	2085
PB1|PP755595.1|A/cattle/Texas/24-008749-003/2024(H5N1)	42	2085
PB1|PP755595.1|A/cattle/Texas/24-008749-003/2024(H5N1)	43	2113
PB1|PP755595.1|A/cattle/Texas/24-008749-003/2024(H5N1)	44	2113
PB1|PP755595.1|A/cattle/Texas/24-008749-003/2024(H5N1)	45	2119
PB1|PP755595.1|A/cattle/Texas/24-008749-003/2024(H5N1)	46	2121
PB1|PP755595.1|A/cattle/Texas/24-008749-003/2024(H5N1)	47	2152
PB1|PP755595.1|A/cattle/Texas/24-008749-003/2024(H5N1)	48	2232
PB1|PP755595.1|A/cattle/Texas/24-008749-003/2024(H5N1)	49	2306
PB1|PP755595.1|A/cattle/Texas/24-008749-003/2024(H5N1)	50	2318
PB1|PP755595.1|A/cattle/Texas/24-008749-003/2024(H5N1)	51	2344
PB1|PP755595.1|A/cattle/Texas/24-008749-003/2024(H5N1)	52	2348
PB1|PP755595.1|A/cattle/Texas/24-008749-003/2024(H5N1)	53	2371
PB1|PP755595.1|A/cattle/Texas/24-008749-003/2024(H5N1)	54	2449
PB1|PP755595.1|A/cattle/Texas/24-008749-003/2024(H5N1)	55	2451
PB1|PP755595.1|A/cattle/Texas/24-008749-003/2024(H5N1)	56	2527
PB1|PP755595.1|A/cattle/Texas/24-008749-003/2024(H5N1)	57	2530
PB1|PP755595.1|A/cattle/Texas/24-008749-003/2024(H5N1)	58	2557
PB1|PP755595.1|A/cattle/Texas/24-008749-003/2024(H5N1)	59	2629
PB1|PP755595.1|A/cattle/Texas/24-008749-003/2024(H5N1)	60	2638
PB1|PP755595.1|A/cattle/Texas/24-008749-003/2024(H5N1)	61	2647
PB1|PP755595.1|A/cattle/Texas/24-008749-003/2024(H5N1)	62	2667
PB1|PP755595.1|A/cattle/Texas/24-008749-003/2024(H5N1)	63	2675
PB1|PP755595.1|A/cattle/Texas/24-008749-003/2024(H5N1)	64	2714
PB1|PP755595.1|A/cattle/Texas/24-008749-003/2024(H5N1)	65	2714
PB1|PP755595.1|A/cattle/Texas/24-008749-003/2024(H5N1)	66	3063
PB1|PP755595.1|A/cattle/Texas/24-008749-003/2024(H5N1)	67	3064
PB1|PP755595.1|A/cattle/Texas/24-008749-003/2024(H5N1)	68	3064
PB1|PP755595.1|A/cattle/Texas/24-008749-003/2024(H5N1)	69	3064
PB1|PP755595.1|A/cattle/Texas/24-008749-003/2024(H5N1)	70	3102
PB1|PP755595.1|A/cattle/Texas/24-008749-003/2024(H5N1)	71	3228
PB1|PP755595.1|A/cattle/Texas/24-008749-003/2024(H5N1)	72	3265
PB1|PP755595.1|A/cattle/Texas/24-008749-003/2024(H5N1)	73	3297
PB1|PP755595.1|A/cattle/Texas/24-008749-003/2024(H5N1)	74	3339
PB1|PP755595.1|A/cattle/Texas/24-008749-003/2024(H5N1)	75	3360
PB1|PP755595.1|A/cattle/Texas/24-008749-003/2024(H5N1)	76	3383
PB1|PP755595.1|A/cattle/Texas/24-008749-003/2024(H5N1)	77	3405
PB1|PP755595.1|A/cattle/Texas/24-008749-003/2024(H5N1)	78	3433
PB1|PP755595.1|A/cattle/Texas/24-008749-003/2024(H5N1)	79	3434
PB1|PP755595.1|A/cattle/Texas/24-008749-003/2024(H5N1)	80	3464
PB1|PP755595.1|A/cattle/Texas/24-008749-003/2024(H5N1)	81	3483
PB1|PP755595.1|A/cattle/Texas/24-008749-003/2024(H5N1)	82	3662
PB1|PP755595.1|A/cattle/Texas/24-008749-003/2024(H5N1)	83	3683
PB1|PP755595.1|A/cattle/Texas/24-008749-003/2024(H5N1)	84	3694
PB1|PP755595.1|A/cattle/Texas/24-008749-003/2024(H5N1)	85	3854
PB1|PP755595.1|A/cattle/Texas/24-008749-003/2024(H5N1)	86	3860
PB1|PP755595.1|A/cattle/Texas/24-008749-003/2024(H5N1)	87	3868
PB1|PP755595.1|A/cattle/Texas/24-008749-003/2024(H5N1)	88	3870
PB1|PP755595.1|A/cattle/Texas/24-008749-003/2024(H5N1)	89	3870
PB1|PP755595.1|A/cattle/Texas/24-008749-003/2024(H5N1)	90	3875
PB1|PP755595.1|A/cattle/Texas/24-008749-003/2024(H5N1)	91	3875
PB1|PP755595.1|A/cattle/Texas/24-008749-003/2024(H5N1)	92	3950
PB1|PP755595.1|A/cattle/Texas/24-008749-003/2024(H5N1)	93	3987
PB1|PP755595.1|A/cattle/Texas/24-008749-003/2024(H5N1)	94	3957
PB1|PP755595.1|A/cattle/Texas/24-008749-003/2024(H5N1)	95	3968
PB1|PP755595.1|A/cattle/Texas/24-008749-003/2024(H5N1)	96	3971
PB1|PP755595.1|A/cattle/Texas/24-008749-003/2024(H5N1)	97	3973
PB1|PP755595.1|A/cattle/Texas/24-008749-003/2024(H5N1)	98	4032
PB1|PP755595.1|A/cattle/Texas/24-008749-003/2024(H5N1)	99	4036
PB1|PP755595.1|A/cattle/Texas/24-008749-003/2024(H5N1)	100	4036
PB1|PP755595.1|A/cattle/Texas/24-008749-003/2024(H5N1)	101	4018
PB1|PP755595.1|A/cattle/Texas/24-008749-003/2024(H5N1)	102	4002
PB1|PP755595.1|A/cattle/Texas/24-008749-003/2024(H5N1)	103	4002
PB1|PP755595.1|A/cattle/Texas/24-008749-003/2024(H5N1)	104	4002
PB1|PP755595.1|A/cattle/Texas/24-008749-003/2024(H5N1)	105	4000
PB1|PP755595.1|A/cattle/Texas/24-008749-003/2024(H5N1)	106	4194
PB1|PP755595.1|A/cattle/Texas/24-008749-003/2024(H5N1)	107	4210
PB1|PP755595.1|A/cattle/Texas/24-008749-003/2024(H5N1)	108	4177
PB1|PP755595.1|A/cattle/Texas/24-008749-003/2024(H5N1)	109	4178
PB1|PP755595.1|A/cattle/Texas/24-008749-003/2024(H5N1)	110	4179
PB1|PP755595.1|A/cattle/Texas/24-008749-003/2024(H5N1)	111	4173
PB1|PP755595.1|A/cattle/Texas/24-008749-003/2024(H5N1)	112	4168
PB1|PP755595.1|A/cattle/Texas/24-008749-003/2024(H5N1)	113	4153
PB1|PP755595.1|A/cattle/Texas/24-008749-003/2024(H5N1)	114	3922
PB1|PP755595.1|A/cattle/Texas/24-008749-003/2024(H5N1)	115	3922
PB1|PP755595.1|A/cattle/Texas/24-008749-003/2024(H5N1)	116	3923
PB1|PP755595.1|A/cattle/Texas/24-008749-003/2024(H5N1)	117	3883
PB1|PP755595.1|A/cattle/Texas/24-008749-003/2024(H5N1)	118	4277
PB1|PP755595.1|A/cattle/Texas/24-008749-003/2024(H5N1)	119	4282
PB1|PP755595.1|A/cattle/Texas/24-008749-003/2024(H5N1)	120	4306
PB1|PP755595.1|A/cattle/Texas/24-008749-003/2024(H5N1)	121	4311
PB1|PP755595.1|A/cattle/Texas/24-008749-003/2024(H5N1)	122	4340
PB1|PP755595.1|A/cattle/Texas/24-008749-003/2024(H5N1)	123	4339
PB1|PP755595.1|A/cattle/Texas/24-008749-003/2024(H5N1)	124	4319
PB1|PP755595.1|A/cattle/Texas/24-008749-003/2024(H5N1)	125	4303
PB1|PP755595.1|A/cattle/Texas/24-008749-003/2024(H5N1)	126	4297
PB1|PP755595.1|A/cattle/Texas/24-008749-003/2024(H5N1)	127	3679
PB1|PP755595.1|A/cattle/Texas/24-008749-003/2024(H5N1)	128	3574
PB1|PP755595.1|A/cattle/Texas/24-008749-003/2024(H5N1)	129	3453
PB1|PP755595.1|A/cattle/Texas/24-008749-003/2024(H5N1)	130	3640
PB1|PP755595.1|A/cattle/Texas/24-008749-003/2024(H5N1)	131	3645
PB1|PP755595.1|A/cattle/Texas/24-008749-003/2024(H5N1)	132	3630
PB1|PP755595.1|A/cattle/Texas/24-008749-003/2024(H5N1)	133	3625
PB1|PP755595.1|A/cattle/Texas/24-008749-003/2024(H5N1)	134	3663
PB1|PP755595.1|A/cattle/Texas/24-008749-003/2024(H5N1)	135	3653
PB1|PP755595.1|A/cattle/Texas/24-008749-003/2024(H5N1)	136	3645
PB1|PP755595.1|A/cattle/Texas/24-008749-003/2024(H5N1)	137	3590
PB1|PP755595.1|A/cattle/Texas/24-008749-003/2024(H5N1)	138	3566
PB1|PP755595.1|A/cattle/Texas/24-008749-003/2024(H5N1)	139	3875
PB1|PP755595.1|A/cattle/Texas/24-008749-003/2024(H5N1)	140	3871
PB1|PP755595.1|A/cattle/Texas/24-008749-003/2024(H5N1)	141	3932
PB1|PP755595.1|A/cattle/Texas/24-008749-003/2024(H5N1)	142	3882
PB1|PP755595.1|A/cattle/Texas/24-008749-003/2024(H5N1)	143	3863
PB1|PP755595.1|A/cattle/Texas/24-008749-003/2024(H5N1)	144	3806
PB1|PP755595.1|A/cattle/Texas/24-008749-003/2024(H5N1)	145	3792
PB1|PP755595.1|A/cattle/Texas/24-008749-003/2024(H5N1)	146	3772
PB1|PP755595.1|A/cattle/Texas/24-008749-003/2024(H5N1)	147	3737
PB1|PP755595.1|A/cattle/Texas/24-008749-003/2024(H5N1)	148	3689
PB1|PP755595.1|A/cattle/Texas/24-008749-003/2024(H5N1)	149	3661
PB1|PP755595.1|A/cattle/Texas/24-008749-003/2024(H5N1)	150	3647
PB1|PP755595.1|A/cattle/Texas/24-008749-003/2024(H5N1)	151	3647
PB1|PP755595.1|A/cattle/Texas/24-008749-003/2024(H5N1)	152	3628
PB1|PP755595.1|A/cattle/Texas/24-008749-003/2024(H5N1)	153	3574
PB1|PP755595.1|A/cattle/Texas/24-008749-003/2024(H5N1)	154	3548
PB1|PP755595.1|A/cattle/Texas/24-008749-003/2024(H5N1)	155	3578
PB1|PP755595.1|A/cattle/Texas/24-008749-003/2024(H5N1)	156	3534
PB1|PP755595.1|A/cattle/Texas/24-008749-003/2024(H5N1)	157	3597
PB1|PP755595.1|A/cattle/Texas/24-008749-003/2024(H5N1)	158	3614
PB1|PP755595.1|A/cattle/Texas/24-008749-003/2024(H5N1)	159	3616
PB1|PP755595.1|A/cattle/Texas/24-008749-003/2024(H5N1)	160	3943
PB1|PP755595.1|A/cattle/Texas/24-008749-003/2024(H5N1)	161	3943
PB1|PP755595.1|A/cattle/Texas/24-008749-003/2024(H5N1)	162	3954
PB1|PP755595.1|A/cattle/Texas/24-008749-003/2024(H5N1)	163	3955
PB1|PP755595.1|A/cattle/Texas/24-008749-003/2024(H5N1)	164	3963
PB1|PP755595.1|A/cattle/Texas/24-008749-003/2024(H5N1)	165	3958
PB1|PP755595.1|A/cattle/Texas/24-008749-003/2024(H5N1)	166	3944
PB1|PP755595.1|A/cattle/Texas/24-008749-003/2024(H5N1)	167	3949
PB1|PP755595.1|A/cattle/Texas/24-008749-003/2024(H5N1)	168	3950
PB1|PP755595.1|A/cattle/Texas/24-008749-003/2024(H5N1)	169	3961
PB1|PP755595.1|A/cattle/Texas/24-008749-003/2024(H5N1)	170	3970
PB1|PP755595.1|A/cattle/Texas/24-008749-003/2024(H5N1)	171	3971
PB1|PP755595.1|A/cattle/Texas/24-008749-003/2024(H5N1)	172	3973
PB1|PP755595.1|A/cattle/Texas/24-008749-003/2024(H5N1)	173	4013
PB1|PP755595.1|A/cattle/Texas/24-008749-003/2024(H5N1)	174	4029
PB1|PP755595.1|A/cattle/Texas/24-008749-003/2024(H5N1)	175	4024
PB1|PP755595.1|A/cattle/Texas/24-008749-003/2024(H5N1)	176	3977
PB1|PP755595.1|A/cattle/Texas/24-008749-003/2024(H5N1)	177	3970
PB1|PP755595.1|A/cattle/Texas/24-008749-003/2024(H5N1)	178	3973
PB1|PP755595.1|A/cattle/Texas/24-008749-003/2024(H5N1)	179	4010
PB1|PP755595.1|A/cattle/Texas/24-008749-003/2024(H5N1)	180	4047
PB1|PP755595.1|A/cattle/Texas/24-008749-003/2024(H5N1)	181	4044
PB1|PP755595.1|A/cattle/Texas/24-008749-003/2024(H5N1)	182	4072
PB1|PP755595.1|A/cattle/Texas/24-008749-003/2024(H5N1)	183	4063
PB1|PP755595.1|A/cattle/Texas/24-008749-003/2024(H5N1)	184	4054
PB1|PP755595.1|A/cattle/Texas/24-008749-003/2024(H5N1)	185	4072
PB1|PP755595.1|A/cattle/Texas/24-008749-003/2024(H5N1)	186	4067
PB1|PP755595.1|A/cattle/Texas/24-008749-003/2024(H5N1)	187	4065
PB1|PP755595.1|A/cattle/Texas/24-008749-003/2024(H5N1)	188	4129
PB1|PP755595.1|A/cattle/Texas/24-008749-003/2024(H5N1)	189	4136
PB1|PP755595.1|A/cattle/Texas/24-008749-003/2024(H5N1)	190	4306
PB1|PP755595.1|A/cattle/Texas/24-008749-003/2024(H5N1)	191	4294
PB1|PP755595.1|A/cattle/Texas/24-008749-003/2024(H5N1)	192	4294
PB1|PP755595.1|A/cattle/Texas/24-008749-003/2024(H5N1)	193	4324
PB1|PP755595.1|A/cattle/Texas/24-008749-003/2024(H5N1)	194	4309
PB1|PP755595.1|A/cattle/Texas/24-008749-003/2024(H5N1)	195	4373
PB1|PP755595.1|A/cattle/Texas/24-008749-003/2024(H5N1)	196	4370
PB1|PP755595.1|A/cattle/Texas/24-008749-003/2024(H5N1)	197	4363
PB1|PP755595.1|A/cattle/Texas/24-008749-003/2024(H5N1)	198	4367
PB1|PP755595.1|A/cattle/Texas/24-008749-003/2024(H5N1)	199	4264
PB1|PP755595.1|A/cattle/Texas/24-008749-003/2024(H5N1)	200	4202
PB1|PP755595.1|A/cattle/Texas/24-008749-003/2024(H5N1)	201	4185
PB1|PP755595.1|A/cattle/Texas/24-008749-003/2024(H5N1)	202	4166
PB1|PP755595.1|A/cattle/Texas/24-008749-003/2024(H5N1)	203	4243
PB1|PP755595.1|A/cattle/Texas/24-008749-003/2024(H5N1)	204	4221
PB1|PP755595.1|A/cattle/Texas/24-008749-003/2024(H5N1)	205	4170
PB1|PP755595.1|A/cattle/Texas/24-008749-003/2024(H5N1)	206	4168
PB1|PP755595.1|A/cattle/Texas/24-008749-003/2024(H5N1)	207	4099
PB1|PP755595.1|A/cattle/Texas/24-008749-003/2024(H5N1)	208	4099
PB1|PP755595.1|A/cattle/Texas/24-008749-003/2024(H5N1)	209	3998
PB1|PP755595.1|A/cattle/Texas/24-008749-003/2024(H5N1)	210	3944
PB1|PP755595.1|A/cattle/Texas/24-008749-003/2024(H5N1)	211	3941
PB1|PP755595.1|A/cattle/Texas/24-008749-003/2024(H5N1)	212	3924
PB1|PP755595.1|A/cattle/Texas/24-008749-003/2024(H5N1)	213	2974
PB1|PP755595.1|A/cattle/Texas/24-008749-003/2024(H5N1)	214	2939
PB1|PP755595.1|A/cattle/Texas/24-008749-003/2024(H5N1)	215	2938
PB1|PP755595.1|A/cattle/Texas/24-008749-003/2024(H5N1)	216	2936
PB1|PP755595.1|A/cattle/Texas/24-008749-003/2024(H5N1)	217	2666
PB1|PP755595.1|A/cattle/Texas/24-008749-003/2024(H5N1)	218	2666
PB1|PP755595.1|A/cattle/Texas/24-008749-003/2024(H5N1)	219	2666
PB1|PP755595.1|A/cattle/Texas/24-008749-003/2024(H5N1)	220	2666
PB1|PP755595.1|A/cattle/Texas/24-008749-003/2024(H5N1)	221	2666
PB1|PP755595.1|A/cattle/Texas/24-008749-003/2024(H5N1)	222	2666
PB1|PP755595.1|A/cattle/Texas/24-008749-003/2024(H5N1)	223	2666
PB1|PP755595.1|A/cattle/Texas/24-008749-003/2024(H5N1)	224	2662
PB1|PP755595.1|A/cattle/Texas/24-008749-003/2024(H5N1)	225	2632
PB1|PP755595.1|A/cattle/Texas/24-008749-003/2024(H5N1)	226	2632
PB1|PP755595.1|A/cattle/Texas/24-008749-003/2024(H5N1)	227	2632
PB1|PP755595.1|A/cattle/Texas/24-008749-003/2024(H5N1)	228	2632
PB1|PP755595.1|A/cattle/Texas/24-008749-003/2024(H5N1)	229	2641
PB1|PP755595.1|A/cattle/Texas/24-008749-003/2024(H5N1)	230	2641
PB1|PP755595.1|A/cattle/Texas/24-008749-003/2024(H5N1)	231	2641
PB1|PP755595.1|A/cattle/Texas/24-008749-003/2024(H5N1)	232	2646
PB1|PP755595.1|A/cattle/Texas/24-008749-003/2024(H5N1)	233	2662
PB1|PP755595.1|A/cattle/Texas/24-008749-003/2024(H5N1)	234	2730
PB1|PP755595.1|A/cattle/Texas/24-008749-003/2024(H5N1)	235	3741
PB1|PP755595.1|A/cattle/Texas/24-008749-003/2024(H5N1)	236	3743
PB1|PP755595.1|A/cattle/Texas/24-008749-003/2024(H5N1)	237	3767
PB1|PP755595.1|A/cattle/Texas/24-008749-003/2024(H5N1)	238	3768
PB1|PP755595.1|A/cattle/Texas/24-008749-003/2024(H5N1)	239	3777
PB1|PP755595.1|A/cattle/Texas/24-008749-003/2024(H5N1)	240	3959
PB1|PP755595.1|A/cattle/Texas/24-008749-003/2024(H5N1)	241	3963
PB1|PP755595.1|A/cattle/Texas/24-008749-003/2024(H5N1)	242	4148
PB1|PP755595.1|A/cattle/Texas/24-008749-003/2024(H5N1)	243	4150
PB1|PP755595.1|A/cattle/Texas/24-008749-003/2024(H5N1)	244	4157
PB1|PP755595.1|A/cattle/Texas/24-008749-003/2024(H5N1)	245	4180
PB1|PP755595.1|A/cattle/Texas/24-008749-003/2024(H5N1)	246	4265
PB1|PP755595.1|A/cattle/Texas/24-008749-003/2024(H5N1)	247	4295
PB1|PP755595.1|A/cattle/Texas/24-008749-003/2024(H5N1)	248	4295
PB1|PP755595.1|A/cattle/Texas/24-008749-003/2024(H5N1)	249	4295
PB1|PP755595.1|A/cattle/Texas/24-008749-003/2024(H5N1)	250	4295
PB1|PP755595.1|A/cattle/Texas/24-008749-003/2024(H5N1)	251	4295
PB1|PP755595.1|A/cattle/Texas/24-008749-003/2024(H5N1)	252	4295
PB1|PP755595.1|A/cattle/Texas/24-008749-003/2024(H5N1)	253	4295
PB1|PP755595.1|A/cattle/Texas/24-008749-003/2024(H5N1)	254	4246
PB1|PP755595.1|A/cattle/Texas/24-008749-003/2024(H5N1)	255	3565
PB1|PP755595.1|A/cattle/Texas/24-008749-003/2024(H5N1)	256	3565
PB1|PP755595.1|A/cattle/Texas/24-008749-003/2024(H5N1)	257	3565
PB1|PP755595.1|A/cattle/Texas/24-008749-003/2024(H5N1)	258	3563
PB1|PP755595.1|A/cattle/Texas/24-008749-003/2024(H5N1)	259	3563
PB1|PP755595.1|A/cattle/Texas/24-008749-003/2024(H5N1)	260	3563
PB1|PP755595.1|A/cattle/Texas/24-008749-003/2024(H5N1)	261	3563
PB1|PP755595.1|A/cattle/Texas/24-008749-003/2024(H5N1)	262	3563
PB1|PP755595.1|A/cattle/Texas/24-008749-003/2024(H5N1)	263	3563
PB1|PP755595.1|A/cattle/Texas/24-008749-003/2024(H5N1)	264	3563
PB1|PP755595.1|A/cattle/Texas/24-008749-003/2024(H5N1)	265	3563
PB1|PP755595.1|A/cattle/Texas/24-008749-003/2024(H5N1)	266	3571
PB1|PP755595.1|A/cattle/Texas/24-008749-003/2024(H5N1)	267	3574
PB1|PP755595.1|A/cattle/Texas/24-008749-003/2024(H5N1)	268	3954
PB1|PP755595.1|A/cattle/Texas/24-008749-003/2024(H5N1)	269	3983
PB1|PP755595.1|A/cattle/Texas/24-008749-003/2024(H5N1)	270	3999
PB1|PP755595.1|A/cattle/Texas/24-008749-003/2024(H5N1)	271	4008
PB1|PP755595.1|A/cattle/Texas/24-008749-003/2024(H5N1)	272	4047
PB1|PP755595.1|A/cattle/Texas/24-008749-003/2024(H5N1)	273	4052
PB1|PP755595.1|A/cattle/Texas/24-008749-003/2024(H5N1)	274	4055
PB1|PP755595.1|A/cattle/Texas/24-008749-003/2024(H5N1)	275	4061
PB1|PP755595.1|A/cattle/Texas/24-008749-003/2024(H5N1)	276	4089
PB1|PP755595.1|A/cattle/Texas/24-008749-003/2024(H5N1)	277	4094
PB1|PP755595.1|A/cattle/Texas/24-008749-003/2024(H5N1)	278	4143
PB1|PP755595.1|A/cattle/Texas/24-008749-003/2024(H5N1)	279	4143
PB1|PP755595.1|A/cattle/Texas/24-008749-003/2024(H5N1)	280	4143
PB1|PP755595.1|A/cattle/Texas/24-008749-003/2024(H5N1)	281	4251
PB1|PP755595.1|A/cattle/Texas/24-008749-003/2024(H5N1)	282	4240
PB1|PP755595.1|A/cattle/Texas/24-008749-003/2024(H5N1)	283	4197
PB1|PP755595.1|A/cattle/Texas/24-008749-003/2024(H5N1)	284	4195
PB1|PP755595.1|A/cattle/Texas/24-008749-003/2024(H5N1)	285	4174
PB1|PP755595.1|A/cattle/Texas/24-008749-003/2024(H5N1)	286	4174
PB1|PP755595.1|A/cattle/Texas/24-008749-003/2024(H5N1)	287	4163
PB1|PP755595.1|A/cattle/Texas/24-008749-003/2024(H5N1)	288	4064
PB1|PP755595.1|A/cattle/Texas/24-008749-003/2024(H5N1)	289	4062
PB1|PP755595.1|A/cattle/Texas/24-008749-003/2024(H5N1)	290	3739
PB1|PP755595.1|A/cattle/Texas/24-008749-003/2024(H5N1)	291	3738
PB1|PP755595.1|A/cattle/Texas/24-008749-003/2024(H5N1)	292	4369
PB1|PP755595.1|A/cattle/Texas/24-008749-003/2024(H5N1)	293	4369
PB1|PP755595.1|A/cattle/Texas/24-008749-003/2024(H5N1)	294	4329
PB1|PP755595.1|A/cattle/Texas/24-008749-003/2024(H5N1)	295	4280
PB1|PP755595.1|A/cattle/Texas/24-008749-003/2024(H5N1)	296	4280
PB1|PP755595.1|A/cattle/Texas/24-008749-003/2024(H5N1)	297	4221
PB1|PP755595.1|A/cattle/Texas/24-008749-003/2024(H5N1)	298	4637
PB1|PP755595.1|A/cattle/Texas/24-008749-003/2024(H5N1)	299	4615
PB1|PP755595.1|A/cattle/Texas/24-008749-003/2024(H5N1)	300	4394
PB1|PP755595.1|A/cattle/Texas/24-008749-003/2024(H5N1)	301	4393
PB1|PP755595.1|A/cattle/Texas/24-008749-003/2024(H5N1)	302	4361
PB1|PP755595.1|A/cattle/Texas/24-008749-003/2024(H5N1)	303	4359
PB1|PP755595.1|A/cattle/Texas/24-008749-003/2024(H5N1)	304	4431
PB1|PP755595.1|A/cattle/Texas/24-008749-003/2024(H5N1)	305	4427
PB1|PP755595.1|A/cattle/Texas/24-008749-003/2024(H5N1)	306	4389
PB1|PP755595.1|A/cattle/Texas/24-008749-003/2024(H5N1)	307	4378
PB1|PP755595.1|A/cattle/Texas/24-008749-003/2024(H5N1)	308	4387
PB1|PP755595.1|A/cattle/Texas/24-008749-003/2024(H5N1)	309	4401
PB1|PP755595.1|A/cattle/Texas/24-008749-003/2024(H5N1)	310	4398
PB1|PP755595.1|A/cattle/Texas/24-008749-003/2024(H5N1)	311	4427
PB1|PP755595.1|A/cattle/Texas/24-008749-003/2024(H5N1)	312	4427
PB1|PP755595.1|A/cattle/Texas/24-008749-003/2024(H5N1)	313	4420
PB1|PP755595.1|A/cattle/Texas/24-008749-003/2024(H5N1)	314	4422
PB1|PP755595.1|A/cattle/Texas/24-008749-003/2024(H5N1)	315	4464
PB1|PP755595.1|A/cattle/Texas/24-008749-003/2024(H5N1)	316	4458
PB1|PP755595.1|A/cattle/Texas/24-008749-003/2024(H5N1)	317	4493
PB1|PP755595.1|A/cattle/Texas/24-008749-003/2024(H5N1)	318	4481
PB1|PP755595.1|A/cattle/Texas/24-008749-003/2024(H5N1)	319	4764
PB1|PP755595.1|A/cattle/Texas/24-008749-003/2024(H5N1)	320	4773
PB1|PP755595.1|A/cattle/Texas/24-008749-003/2024(H5N1)	321	4794
PB1|PP755595.1|A/cattle/Texas/24-008749-003/2024(H5N1)	322	4792
PB1|PP755595.1|A/cattle/Texas/24-008749-003/2024(H5N1)	323	4790
PB1|PP755595.1|A/cattle/Texas/24-008749-003/2024(H5N1)	324	4731
PB1|PP755595.1|A/cattle/Texas/24-008749-003/2024(H5N1)	325	4712
PB1|PP755595.1|A/cattle/Texas/24-008749-003/2024(H5N1)	326	4720
PB1|PP755595.1|A/cattle/Texas/24-008749-003/2024(H5N1)	327	4726
PB1|PP755595.1|A/cattle/Texas/24-008749-003/2024(H5N1)	328	4742
PB1|PP755595.1|A/cattle/Texas/24-008749-003/2024(H5N1)	329	4777
PB1|PP755595.1|A/cattle/Texas/24-008749-003/2024(H5N1)	330	4744
PB1|PP755595.1|A/cattle/Texas/24-008749-003/2024(H5N1)	331	4718
PB1|PP755595.1|A/cattle/Texas/24-008749-003/2024(H5N1)	332	4720
PB1|PP755595.1|A/cattle/Texas/24-008749-003/2024(H5N1)	333	4696
PB1|PP755595.1|A/cattle/Texas/24-008749-003/2024(H5N1)	334	4751
PB1|PP755595.1|A/cattle/Texas/24-008749-003/2024(H5N1)	335	4744
PB1|PP755595.1|A/cattle/Texas/24-008749-003/2024(H5N1)	336	4711
PB1|PP755595.1|A/cattle/Texas/24-008749-003/2024(H5N1)	337	4715
PB1|PP755595.1|A/cattle/Texas/24-008749-003/2024(H5N1)	338	4693
PB1|PP755595.1|A/cattle/Texas/24-008749-003/2024(H5N1)	339	4663
PB1|PP755595.1|A/cattle/Texas/24-008749-003/2024(H5N1)	340	4648
PB1|PP755595.1|A/cattle/Texas/24-008749-003/2024(H5N1)	341	4444
PB1|PP755595.1|A/cattle/Texas/24-008749-003/2024(H5N1)	342	4444
PB1|PP755595.1|A/cattle/Texas/24-008749-003/2024(H5N1)	343	4428
PB1|PP755595.1|A/cattle/Texas/24-008749-003/2024(H5N1)	344	4422
PB1|PP755595.1|A/cattle/Texas/24-008749-003/2024(H5N1)	345	4481
PB1|PP755595.1|A/cattle/Texas/24-008749-003/2024(H5N1)	346	4646
PB1|PP755595.1|A/cattle/Texas/24-008749-003/2024(H5N1)	347	4657
PB1|PP755595.1|A/cattle/Texas/24-008749-003/2024(H5N1)	348	4667
PB1|PP755595.1|A/cattle/Texas/24-008749-003/2024(H5N1)	349	4657
PB1|PP755595.1|A/cattle/Texas/24-008749-003/2024(H5N1)	350	4622
PB1|PP755595.1|A/cattle/Texas/24-008749-003/2024(H5N1)	351	4629
PB1|PP755595.1|A/cattle/Texas/24-008749-003/2024(H5N1)	352	4658
PB1|PP755595.1|A/cattle/Texas/24-008749-003/2024(H5N1)	353	4683
PB1|PP755595.1|A/cattle/Texas/24-008749-003/2024(H5N1)	354	4597
PB1|PP755595.1|A/cattle/Texas/24-008749-003/2024(H5N1)	355	4591
PB1|PP755595.1|A/cattle/Texas/24-008749-003/2024(H5N1)	356	4513
PB1|PP755595.1|A/cattle/Texas/24-008749-003/2024(H5N1)	357	4509
PB1|PP755595.1|A/cattle/Texas/24-008749-003/2024(H5N1)	358	4505
PB1|PP755595.1|A/cattle/Texas/24-008749-003/2024(H5N1)	359	4489
PB1|PP755595.1|A/cattle/Texas/24-008749-003/2024(H5N1)	360	4488
PB1|PP755595.1|A/cattle/Texas/24-008749-003/2024(H5N1)	361	4426
PB1|PP755595.1|A/cattle/Texas/24-008749-003/2024(H5N1)	362	4421
PB1|PP755595.1|A/cattle/Texas/24-008749-003/2024(H5N1)	363	3234
PB1|PP755595.1|A/cattle/Texas/24-008749-003/2024(H5N1)	364	3132
PB1|PP755595.1|A/cattle/Texas/24-008749-003/2024(H5N1)	365	3132
PB1|PP755595.1|A/cattle/Texas/24-008749-003/2024(H5N1)	366	3132
PB1|PP755595.1|A/cattle/Texas/24-008749-003/2024(H5N1)	367	3147
PB1|PP755595.1|A/cattle/Texas/24-008749-003/2024(H5N1)	368	3180
PB1|PP755595.1|A/cattle/Texas/24-008749-003/2024(H5N1)	369	3180
PB1|PP755595.1|A/cattle/Texas/24-008749-003/2024(H5N1)	370	3182
PB1|PP755595.1|A/cattle/Texas/24-008749-003/2024(H5N1)	371	3209
PB1|PP755595.1|A/cattle/Texas/24-008749-003/2024(H5N1)	372	3210
PB1|PP755595.1|A/cattle/Texas/24-008749-003/2024(H5N1)	373	3217
PB1|PP755595.1|A/cattle/Texas/24-008749-003/2024(H5N1)	374	3217
PB1|PP755595.1|A/cattle/Texas/24-008749-003/2024(H5N1)	375	3217
PB1|PP755595.1|A/cattle/Texas/24-008749-003/2024(H5N1)	376	3291
PB1|PP755595.1|A/cattle/Texas/24-008749-003/2024(H5N1)	377	3292
PB1|PP755595.1|A/cattle/Texas/24-008749-003/2024(H5N1)	378	3297
PB1|PP755595.1|A/cattle/Texas/24-008749-003/2024(H5N1)	379	3891
PB1|PP755595.1|A/cattle/Texas/24-008749-003/2024(H5N1)	380	3893
PB1|PP755595.1|A/cattle/Texas/24-008749-003/2024(H5N1)	381	3927
PB1|PP755595.1|A/cattle/Texas/24-008749-003/2024(H5N1)	382	4092
PB1|PP755595.1|A/cattle/Texas/24-008749-003/2024(H5N1)	383	4110
PB1|PP755595.1|A/cattle/Texas/24-008749-003/2024(H5N1)	384	4110
PB1|PP755595.1|A/cattle/Texas/24-008749-003/2024(H5N1)	385	4121
PB1|PP755595.1|A/cattle/Texas/24-008749-003/2024(H5N1)	386	4145
PB1|PP755595.1|A/cattle/Texas/24-008749-003/2024(H5N1)	387	4189
PB1|PP755595.1|A/cattle/Texas/24-008749-003/2024(H5N1)	388	4191
PB1|PP755595.1|A/cattle/Texas/24-008749-003/2024(H5N1)	389	4201
PB1|PP755595.1|A/cattle/Texas/24-008749-003/2024(H5N1)	390	4204
PB1|PP755595.1|A/cattle/Texas/24-008749-003/2024(H5N1)	391	4204
PB1|PP755595.1|A/cattle/Texas/24-008749-003/2024(H5N1)	392	4205
PB1|PP755595.1|A/cattle/Texas/24-008749-003/2024(H5N1)	393	4209
PB1|PP755595.1|A/cattle/Texas/24-008749-003/2024(H5N1)	394	4247
PB1|PP755595.1|A/cattle/Texas/24-008749-003/2024(H5N1)	395	4278
PB1|PP755595.1|A/cattle/Texas/24-008749-003/2024(H5N1)	396	4260
PB1|PP755595.1|A/cattle/Texas/24-008749-003/2024(H5N1)	397	4183
PB1|PP755595.1|A/cattle/Texas/24-008749-003/2024(H5N1)	398	4151
PB1|PP755595.1|A/cattle/Texas/24-008749-003/2024(H5N1)	399	4133
PB1|PP755595.1|A/cattle/Texas/24-008749-003/2024(H5N1)	400	4132
PB1|PP755595.1|A/cattle/Texas/24-008749-003/2024(H5N1)	401	4095
PB1|PP755595.1|A/cattle/Texas/24-008749-003/2024(H5N1)	402	4090
PB1|PP755595.1|A/cattle/Texas/24-008749-003/2024(H5N1)	403	4019
PB1|PP755595.1|A/cattle/Texas/24-008749-003/2024(H5N1)	404	4018
PB1|PP755595.1|A/cattle/Texas/24-008749-003/2024(H5N1)	405	3982
PB1|PP755595.1|A/cattle/Texas/24-008749-003/2024(H5N1)	406	3978
PB1|PP755595.1|A/cattle/Texas/24-008749-003/2024(H5N1)	407	3946
PB1|PP755595.1|A/cattle/Texas/24-008749-003/2024(H5N1)	408	3792
PB1|PP755595.1|A/cattle/Texas/24-008749-003/2024(H5N1)	409	3783
PB1|PP755595.1|A/cattle/Texas/24-008749-003/2024(H5N1)	410	3753
PB1|PP755595.1|A/cattle/Texas/24-008749-003/2024(H5N1)	411	3750
PB1|PP755595.1|A/cattle/Texas/24-008749-003/2024(H5N1)	412	3750
PB1|PP755595.1|A/cattle/Texas/24-008749-003/2024(H5N1)	413	3750
PB1|PP755595.1|A/cattle/Texas/24-008749-003/2024(H5N1)	414	3726
PB1|PP755595.1|A/cattle/Texas/24-008749-003/2024(H5N1)	415	3749
PB1|PP755595.1|A/cattle/Texas/24-008749-003/2024(H5N1)	416	3749
PB1|PP755595.1|A/cattle/Texas/24-008749-003/2024(H5N1)	417	3749
PB1|PP755595.1|A/cattle/Texas/24-008749-003/2024(H5N1)	418	3749
PB1|PP755595.1|A/cattle/Texas/24-008749-003/2024(H5N1)	419	3739
PB1|PP755595.1|A/cattle/Texas/24-008749-003/2024(H5N1)	420	3738
PB1|PP755595.1|A/cattle/Texas/24-008749-003/2024(H5N1)	421	3738
PB1|PP755595.1|A/cattle/Texas/24-008749-003/2024(H5N1)	422	3738
PB1|PP755595.1|A/cattle/Texas/24-008749-003/2024(H5N1)	423	3738
PB1|PP755595.1|A/cattle/Texas/24-008749-003/2024(H5N1)	424	3733
PB1|PP755595.1|A/cattle/Texas/24-008749-003/2024(H5N1)	425	3724
PB1|PP755595.1|A/cattle/Texas/24-008749-003/2024(H5N1)	426	2434
PB1|PP755595.1|A/cattle/Texas/24-008749-003/2024(H5N1)	427	2432
PB1|PP755595.1|A/cattle/Texas/24-008749-003/2024(H5N1)	428	2432
PB1|PP755595.1|A/cattle/Texas/24-008749-003/2024(H5N1)	429	2432
PB1|PP755595.1|A/cattle/Texas/24-008749-003/2024(H5N1)	430	2513
PB1|PP755595.1|A/cattle/Texas/24-008749-003/2024(H5N1)	431	2513
PB1|PP755595.1|A/cattle/Texas/24-008749-003/2024(H5N1)	432	2513
PB1|PP755595.1|A/cattle/Texas/24-008749-003/2024(H5N1)	433	2548
PB1|PP755595.1|A/cattle/Texas/24-008749-003/2024(H5N1)	434	2925
PB1|PP755595.1|A/cattle/Texas/24-008749-003/2024(H5N1)	435	2949
PB1|PP755595.1|A/cattle/Texas/24-008749-003/2024(H5N1)	436	3756
PB1|PP755595.1|A/cattle/Texas/24-008749-003/2024(H5N1)	437	4245
PB1|PP755595.1|A/cattle/Texas/24-008749-003/2024(H5N1)	438	4247
PB1|PP755595.1|A/cattle/Texas/24-008749-003/2024(H5N1)	439	4289
PB1|PP755595.1|A/cattle/Texas/24-008749-003/2024(H5N1)	440	4292
PB1|PP755595.1|A/cattle/Texas/24-008749-003/2024(H5N1)	441	4296
PB1|PP755595.1|A/cattle/Texas/24-008749-003/2024(H5N1)	442	4315
PB1|PP755595.1|A/cattle/Texas/24-008749-003/2024(H5N1)	443	4317
PB1|PP755595.1|A/cattle/Texas/24-008749-003/2024(H5N1)	444	4334
PB1|PP755595.1|A/cattle/Texas/24-008749-003/2024(H5N1)	445	4357
PB1|PP755595.1|A/cattle/Texas/24-008749-003/2024(H5N1)	446	4368
PB1|PP755595.1|A/cattle/Texas/24-008749-003/2024(H5N1)	447	4418
PB1|PP755595.1|A/cattle/Texas/24-008749-003/2024(H5N1)	448	4427
PB1|PP755595.1|A/cattle/Texas/24-008749-003/2024(H5N1)	449	4441
PB1|PP755595.1|A/cattle/Texas/24-008749-003/2024(H5N1)	450	4441
PB1|PP755595.1|A/cattle/Texas/24-008749-003/2024(H5N1)	451	4454
PB1|PP755595.1|A/cattle/Texas/24-008749-003/2024(H5N1)	452	4476
PB1|PP755595.1|A/cattle/Texas/24-008749-003/2024(H5N1)	453	4468
PB1|PP755595.1|A/cattle/Texas/24-008749-003/2024(H5N1)	454	4475
PB1|PP755595.1|A/cattle/Texas/24-008749-003/2024(H5N1)	455	4471
PB1|PP755595.1|A/cattle/Texas/24-008749-003/2024(H5N1)	456	4365
PB1|PP755595.1|A/cattle/Texas/24-008749-003/2024(H5N1)	457	4358
PB1|PP755595.1|A/cattle/Texas/24-008749-003/2024(H5N1)	458	4356
PB1|PP755595.1|A/cattle/Texas/24-008749-003/2024(H5N1)	459	4385
PB1|PP755595.1|A/cattle/Texas/24-008749-003/2024(H5N1)	460	4349
PB1|PP755595.1|A/cattle/Texas/24-008749-003/2024(H5N1)	461	4609
PB1|PP755595.1|A/cattle/Texas/24-008749-003/2024(H5N1)	462	4640
PB1|PP755595.1|A/cattle/Texas/24-008749-003/2024(H5N1)	463	4648
PB1|PP755595.1|A/cattle/Texas/24-008749-003/2024(H5N1)	464	4663
PB1|PP755595.1|A/cattle/Texas/24-008749-003/2024(H5N1)	465	4661
PB1|PP755595.1|A/cattle/Texas/24-008749-003/2024(H5N1)	466	4677
PB1|PP755595.1|A/cattle/Texas/24-008749-003/2024(H5N1)	467	4664
PB1|PP755595.1|A/cattle/Texas/24-008749-003/2024(H5N1)	468	4626
PB1|PP755595.1|A/cattle/Texas/24-008749-003/2024(H5N1)	469	4636
PB1|PP755595.1|A/cattle/Texas/24-008749-003/2024(H5N1)	470	4492
PB1|PP755595.1|A/cattle/Texas/24-008749-003/2024(H5N1)	471	4488
PB1|PP755595.1|A/cattle/Texas/24-008749-003/2024(H5N1)	472	4480
PB1|PP755595.1|A/cattle/Texas/24-008749-003/2024(H5N1)	473	4478
PB1|PP755595.1|A/cattle/Texas/24-008749-003/2024(H5N1)	474	4482
PB1|PP755595.1|A/cattle/Texas/24-008749-003/2024(H5N1)	475	4528
PB1|PP755595.1|A/cattle/Texas/24-008749-003/2024(H5N1)	476	4526
PB1|PP755595.1|A/cattle/Texas/24-008749-003/2024(H5N1)	477	4517
PB1|PP755595.1|A/cattle/Texas/24-008749-003/2024(H5N1)	478	4499
PB1|PP755595.1|A/cattle/Texas/24-008749-003/2024(H5N1)	479	4435
PB1|PP755595.1|A/cattle/Texas/24-008749-003/2024(H5N1)	480	4320
PB1|PP755595.1|A/cattle/Texas/24-008749-003/2024(H5N1)	481	4320
PB1|PP755595.1|A/cattle/Texas/24-008749-003/2024(H5N1)	482	4311
PB1|PP755595.1|A/cattle/Texas/24-008749-003/2024(H5N1)	483	4309
PB1|PP755595.1|A/cattle/Texas/24-008749-003/2024(H5N1)	484	4308
PB1|PP755595.1|A/cattle/Texas/24-008749-003/2024(H5N1)	485	4487
PB1|PP755595.1|A/cattle/Texas/24-008749-003/2024(H5N1)	486	4525
PB1|PP755595.1|A/cattle/Texas/24-008749-003/2024(H5N1)	487	4653
PB1|PP755595.1|A/cattle/Texas/24-008749-003/2024(H5N1)	488	4656
PB1|PP755595.1|A/cattle/Texas/24-008749-003/2024(H5N1)	489	4676
PB1|PP755595.1|A/cattle/Texas/24-008749-003/2024(H5N1)	490	4745
PB1|PP755595.1|A/cattle/Texas/24-008749-003/2024(H5N1)	491	4745
PB1|PP755595.1|A/cattle/Texas/24-008749-003/2024(H5N1)	492	4751
PB1|PP755595.1|A/cattle/Texas/24-008749-003/2024(H5N1)	493	4765
PB1|PP755595.1|A/cattle/Texas/24-008749-003/2024(H5N1)	494	4630
PB1|PP755595.1|A/cattle/Texas/24-008749-003/2024(H5N1)	495	4648
PB1|PP755595.1|A/cattle/Texas/24-008749-003/2024(H5N1)	496	4553
PB1|PP755595.1|A/cattle/Texas/24-008749-003/2024(H5N1)	497	4591
PB1|PP755595.1|A/cattle/Texas/24-008749-003/2024(H5N1)	498	4633
PB1|PP755595.1|A/cattle/Texas/24-008749-003/2024(H5N1)	499	4602
PB1|PP755595.1|A/cattle/Texas/24-008749-003/2024(H5N1)	500	4607
PB1|PP755595.1|A/cattle/Texas/24-008749-003/2024(H5N1)	501	4628
PB1|PP755595.1|A/cattle/Texas/24-008749-003/2024(H5N1)	502	4620
PB1|PP755595.1|A/cattle/Texas/24-008749-003/2024(H5N1)	503	4597
PB1|PP755595.1|A/cattle/Texas/24-008749-003/2024(H5N1)	504	4605
PB1|PP755595.1|A/cattle/Texas/24-008749-003/2024(H5N1)	505	4708
PB1|PP755595.1|A/cattle/Texas/24-008749-003/2024(H5N1)	506	4691
PB1|PP755595.1|A/cattle/Texas/24-008749-003/2024(H5N1)	507	4621
PB1|PP755595.1|A/cattle/Texas/24-008749-003/2024(H5N1)	508	4669
PB1|PP755595.1|A/cattle/Texas/24-008749-003/2024(H5N1)	509	4763
PB1|PP755595.1|A/cattle/Texas/24-008749-003/2024(H5N1)	510	4780
PB1|PP755595.1|A/cattle/Texas/24-008749-003/2024(H5N1)	511	4796
PB1|PP755595.1|A/cattle/Texas/24-008749-003/2024(H5N1)	512	4783
PB1|PP755595.1|A/cattle/Texas/24-008749-003/2024(H5N1)	513	4686
PB1|PP755595.1|A/cattle/Texas/24-008749-003/2024(H5N1)	514	4625
PB1|PP755595.1|A/cattle/Texas/24-008749-003/2024(H5N1)	515	4694
PB1|PP755595.1|A/cattle/Texas/24-008749-003/2024(H5N1)	516	4670
PB1|PP755595.1|A/cattle/Texas/24-008749-003/2024(H5N1)	517	4584
PB1|PP755595.1|A/cattle/Texas/24-008749-003/2024(H5N1)	518	4614
PB1|PP755595.1|A/cattle/Texas/24-008749-003/2024(H5N1)	519	4585
PB1|PP755595.1|A/cattle/Texas/24-008749-003/2024(H5N1)	520	4700
PB1|PP755595.1|A/cattle/Texas/24-008749-003/2024(H5N1)	521	4700
PB1|PP755595.1|A/cattle/Texas/24-008749-003/2024(H5N1)	522	4732
PB1|PP755595.1|A/cattle/Texas/24-008749-003/2024(H5N1)	523	4754
PB1|PP755595.1|A/cattle/Texas/24-008749-003/2024(H5N1)	524	4734
PB1|PP755595.1|A/cattle/Texas/24-008749-003/2024(H5N1)	525	4765
PB1|PP755595.1|A/cattle/Texas/24-008749-003/2024(H5N1)	526	4782
PB1|PP755595.1|A/cattle/Texas/24-008749-003/2024(H5N1)	527	4787
PB1|PP755595.1|A/cattle/Texas/24-008749-003/2024(H5N1)	528	4785
PB1|PP755595.1|A/cattle/Texas/24-008749-003/2024(H5N1)	529	4795
PB1|PP755595.1|A/cattle/Texas/24-008749-003/2024(H5N1)	530	4943
PB1|PP755595.1|A/cattle/Texas/24-008749-003/2024(H5N1)	531	4867
PB1|PP755595.1|A/cattle/Texas/24-008749-003/2024(H5N1)	532	4846
PB1|PP755595.1|A/cattle/Texas/24-008749-003/2024(H5N1)	533	4769
PB1|PP755595.1|A/cattle/Texas/24-008749-003/2024(H5N1)	534	4754
PB1|PP755595.1|A/cattle/Texas/24-008749-003/2024(H5N1)	535	4762
PB1|PP755595.1|A/cattle/Texas/24-008749-003/2024(H5N1)	536	4755
PB1|PP755595.1|A/cattle/Texas/24-008749-003/2024(H5N1)	537	4769
PB1|PP755595.1|A/cattle/Texas/24-008749-003/2024(H5N1)	538	4737
PB1|PP755595.1|A/cattle/Texas/24-008749-003/2024(H5N1)	539	4771
PB1|PP755595.1|A/cattle/Texas/24-008749-003/2024(H5N1)	540	4775
PB1|PP755595.1|A/cattle/Texas/24-008749-003/2024(H5N1)	541	4793
PB1|PP755595.1|A/cattle/Texas/24-008749-003/2024(H5N1)	542	4890
PB1|PP755595.1|A/cattle/Texas/24-008749-003/2024(H5N1)	543	4892
PB1|PP755595.1|A/cattle/Texas/24-008749-003/2024(H5N1)	544	4900
PB1|PP755595.1|A/cattle/Texas/24-008749-003/2024(H5N1)	545	4871
PB1|PP755595.1|A/cattle/Texas/24-008749-003/2024(H5N1)	546	4830
PB1|PP755595.1|A/cattle/Texas/24-008749-003/2024(H5N1)	547	4851
PB1|PP755595.1|A/cattle/Texas/24-008749-003/2024(H5N1)	548	4886
PB1|PP755595.1|A/cattle/Texas/24-008749-003/2024(H5N1)	549	4887
PB1|PP755595.1|A/cattle/Texas/24-008749-003/2024(H5N1)	550	4920
PB1|PP755595.1|A/cattle/Texas/24-008749-003/2024(H5N1)	551	4852
PB1|PP755595.1|A/cattle/Texas/24-008749-003/2024(H5N1)	552	4879
PB1|PP755595.1|A/cattle/Texas/24-008749-003/2024(H5N1)	553	4878
PB1|PP755595.1|A/cattle/Texas/24-008749-003/2024(H5N1)	554	4877
PB1|PP755595.1|A/cattle/Texas/24-008749-003/2024(H5N1)	555	4840
PB1|PP755595.1|A/cattle/Texas/24-008749-003/2024(H5N1)	556	4826
PB1|PP755595.1|A/cattle/Texas/24-008749-003/2024(H5N1)	557	4805
PB1|PP755595.1|A/cattle/Texas/24-008749-003/2024(H5N1)	558	4533
PB1|PP755595.1|A/cattle/Texas/24-008749-003/2024(H5N1)	559	4535
PB1|PP755595.1|A/cattle/Texas/24-008749-003/2024(H5N1)	560	4535
PB1|PP755595.1|A/cattle/Texas/24-008749-003/2024(H5N1)	561	4515
PB1|PP755595.1|A/cattle/Texas/24-008749-003/2024(H5N1)	562	4574
PB1|PP755595.1|A/cattle/Texas/24-008749-003/2024(H5N1)	563	4587
PB1|PP755595.1|A/cattle/Texas/24-008749-003/2024(H5N1)	564	4621
PB1|PP755595.1|A/cattle/Texas/24-008749-003/2024(H5N1)	565	4675
PB1|PP755595.1|A/cattle/Texas/24-008749-003/2024(H5N1)	566	4692
PB1|PP755595.1|A/cattle/Texas/24-008749-003/2024(H5N1)	567	4694
PB1|PP755595.1|A/cattle/Texas/24-008749-003/2024(H5N1)	568	4694
PB1|PP755595.1|A/cattle/Texas/24-008749-003/2024(H5N1)	569	4885
PB1|PP755595.1|A/cattle/Texas/24-008749-003/2024(H5N1)	570	4821
PB1|PP755595.1|A/cattle/Texas/24-008749-003/2024(H5N1)	571	4915
PB1|PP755595.1|A/cattle/Texas/24-008749-003/2024(H5N1)	572	4890
PB1|PP755595.1|A/cattle/Texas/24-008749-003/2024(H5N1)	573	4851
PB1|PP755595.1|A/cattle/Texas/24-008749-003/2024(H5N1)	574	4856
PB1|PP755595.1|A/cattle/Texas/24-008749-003/2024(H5N1)	575	4826
PB1|PP755595.1|A/cattle/Texas/24-008749-003/2024(H5N1)	576	4930
PB1|PP755595.1|A/cattle/Texas/24-008749-003/2024(H5N1)	577	4976
PB1|PP755595.1|A/cattle/Texas/24-008749-003/2024(H5N1)	578	4980
PB1|PP755595.1|A/cattle/Texas/24-008749-003/2024(H5N1)	579	4923
PB1|PP755595.1|A/cattle/Texas/24-008749-003/2024(H5N1)	580	4909
PB1|PP755595.1|A/cattle/Texas/24-008749-003/2024(H5N1)	581	4939
PB1|PP755595.1|A/cattle/Texas/24-008749-003/2024(H5N1)	582	4935
PB1|PP755595.1|A/cattle/Texas/24-008749-003/2024(H5N1)	583	4934
PB1|PP755595.1|A/cattle/Texas/24-008749-003/2024(H5N1)	584	4899
PB1|PP755595.1|A/cattle/Texas/24-008749-003/2024(H5N1)	585	4560
PB1|PP755595.1|A/cattle/Texas/24-008749-003/2024(H5N1)	586	4675
PB1|PP755595.1|A/cattle/Texas/24-008749-003/2024(H5N1)	587	4435
PB1|PP755595.1|A/cattle/Texas/24-008749-003/2024(H5N1)	588	4253
PB1|PP755595.1|A/cattle/Texas/24-008749-003/2024(H5N1)	589	4261
PB1|PP755595.1|A/cattle/Texas/24-008749-003/2024(H5N1)	590	4230
PB1|PP755595.1|A/cattle/Texas/24-008749-003/2024(H5N1)	591	4236
PB1|PP755595.1|A/cattle/Texas/24-008749-003/2024(H5N1)	592	4292
PB1|PP755595.1|A/cattle/Texas/24-008749-003/2024(H5N1)	593	4276
PB1|PP755595.1|A/cattle/Texas/24-008749-003/2024(H5N1)	594	4308
PB1|PP755595.1|A/cattle/Texas/24-008749-003/2024(H5N1)	595	4297
PB1|PP755595.1|A/cattle/Texas/24-008749-003/2024(H5N1)	596	4287
PB1|PP755595.1|A/cattle/Texas/24-008749-003/2024(H5N1)	597	4286
PB1|PP755595.1|A/cattle/Texas/24-008749-003/2024(H5N1)	598	4244
PB1|PP755595.1|A/cattle/Texas/24-008749-003/2024(H5N1)	599	4234
PB1|PP755595.1|A/cattle/Texas/24-008749-003/2024(H5N1)	600	4214
PB1|PP755595.1|A/cattle/Texas/24-008749-003/2024(H5N1)	601	4210
PB1|PP755595.1|A/cattle/Texas/24-008749-003/2024(H5N1)	602	4164
PB1|PP755595.1|A/cattle/Texas/24-008749-003/2024(H5N1)	603	4152
PB1|PP755595.1|A/cattle/Texas/24-008749-003/2024(H5N1)	604	4143
PB1|PP755595.1|A/cattle/Texas/24-008749-003/2024(H5N1)	605	4116
PB1|PP755595.1|A/cattle/Texas/24-008749-003/2024(H5N1)	606	4111
PB1|PP755595.1|A/cattle/Texas/24-008749-003/2024(H5N1)	607	3575
PB1|PP755595.1|A/cattle/Texas/24-008749-003/2024(H5N1)	608	3573
PB1|PP755595.1|A/cattle/Texas/24-008749-003/2024(H5N1)	609	3572
PB1|PP755595.1|A/cattle/Texas/24-008749-003/2024(H5N1)	610	3572
PB1|PP755595.1|A/cattle/Texas/24-008749-003/2024(H5N1)	611	3571
PB1|PP755595.1|A/cattle/Texas/24-008749-003/2024(H5N1)	612	3571
PB1|PP755595.1|A/cattle/Texas/24-008749-003/2024(H5N1)	613	4132
PB1|PP755595.1|A/cattle/Texas/24-008749-003/2024(H5N1)	614	4140
PB1|PP755595.1|A/cattle/Texas/24-008749-003/2024(H5N1)	615	4144
PB1|PP755595.1|A/cattle/Texas/24-008749-003/2024(H5N1)	616	4144
PB1|PP755595.1|A/cattle/Texas/24-008749-003/2024(H5N1)	617	4144
PB1|PP755595.1|A/cattle/Texas/24-008749-003/2024(H5N1)	618	4132
PB1|PP755595.1|A/cattle/Texas/24-008749-003/2024(H5N1)	619	4129
PB1|PP755595.1|A/cattle/Texas/24-008749-003/2024(H5N1)	620	4086
PB1|PP755595.1|A/cattle/Texas/24-008749-003/2024(H5N1)	621	4114
PB1|PP755595.1|A/cattle/Texas/24-008749-003/2024(H5N1)	622	4148
PB1|PP755595.1|A/cattle/Texas/24-008749-003/2024(H5N1)	623	4148
PB1|PP755595.1|A/cattle/Texas/24-008749-003/2024(H5N1)	624	4150
PB1|PP755595.1|A/cattle/Texas/24-008749-003/2024(H5N1)	625	4147
PB1|PP755595.1|A/cattle/Texas/24-008749-003/2024(H5N1)	626	4107
PB1|PP755595.1|A/cattle/Texas/24-008749-003/2024(H5N1)	627	4105
PB1|PP755595.1|A/cattle/Texas/24-008749-003/2024(H5N1)	628	4093
PB1|PP755595.1|A/cattle/Texas/24-008749-003/2024(H5N1)	629	4061
PB1|PP755595.1|A/cattle/Texas/24-008749-003/2024(H5N1)	630	4059
PB1|PP755595.1|A/cattle/Texas/24-008749-003/2024(H5N1)	631	4032
PB1|PP755595.1|A/cattle/Texas/24-008749-003/2024(H5N1)	632	4029
PB1|PP755595.1|A/cattle/Texas/24-008749-003/2024(H5N1)	633	3870
PB1|PP755595.1|A/cattle/Texas/24-008749-003/2024(H5N1)	634	3712
PB1|PP755595.1|A/cattle/Texas/24-008749-003/2024(H5N1)	635	3712
PB1|PP755595.1|A/cattle/Texas/24-008749-003/2024(H5N1)	636	3712
PB1|PP755595.1|A/cattle/Texas/24-008749-003/2024(H5N1)	637	3712
PB1|PP755595.1|A/cattle/Texas/24-008749-003/2024(H5N1)	638	3712
PB1|PP755595.1|A/cattle/Texas/24-008749-003/2024(H5N1)	639	3703
PB1|PP755595.1|A/cattle/Texas/24-008749-003/2024(H5N1)	640	3695
PB1|PP755595.1|A/cattle/Texas/24-008749-003/2024(H5N1)	641	3618
PB1|PP755595.1|A/cattle/Texas/24-008749-003/2024(H5N1)	642	3615
PB1|PP755595.1|A/cattle/Texas/24-008749-003/2024(H5N1)	643	3615
PB1|PP755595.1|A/cattle/Texas/24-008749-003/2024(H5N1)	644	3602
PB1|PP755595.1|A/cattle/Texas/24-008749-003/2024(H5N1)	645	3560
PB1|PP755595.1|A/cattle/Texas/24-008749-003/2024(H5N1)	646	3529
PB1|PP755595.1|A/cattle/Texas/24-008749-003/2024(H5N1)	647	3527
PB1|PP755595.1|A/cattle/Texas/24-008749-003/2024(H5N1)	648	3422
PB1|PP755595.1|A/cattle/Texas/24-008749-003/2024(H5N1)	649	3413
PB1|PP755595.1|A/cattle/Texas/24-008749-003/2024(H5N1)	650	3404
PB1|PP755595.1|A/cattle/Texas/24-008749-003/2024(H5N1)	651	2912
PB1|PP755595.1|A/cattle/Texas/24-008749-003/2024(H5N1)	652	2912
PB1|PP755595.1|A/cattle/Texas/24-008749-003/2024(H5N1)	653	2912
PB1|PP755595.1|A/cattle/Texas/24-008749-003/2024(H5N1)	654	2912
PB1|PP755595.1|A/cattle/Texas/24-008749-003/2024(H5N1)	655	3489
PB1|PP755595.1|A/cattle/Texas/24-008749-003/2024(H5N1)	656	3502
PB1|PP755595.1|A/cattle/Texas/24-008749-003/2024(H5N1)	657	3508
PB1|PP755595.1|A/cattle/Texas/24-008749-003/2024(H5N1)	658	3511
PB1|PP755595.1|A/cattle/Texas/24-008749-003/2024(H5N1)	659	3527
PB1|PP755595.1|A/cattle/Texas/24-008749-003/2024(H5N1)	660	3527
PB1|PP755595.1|A/cattle/Texas/24-008749-003/2024(H5N1)	661	3527
PB1|PP755595.1|A/cattle/Texas/24-008749-003/2024(H5N1)	662	3504
PB1|PP755595.1|A/cattle/Texas/24-008749-003/2024(H5N1)	663	3494
PB1|PP755595.1|A/cattle/Texas/24-008749-003/2024(H5N1)	664	3415
PB1|PP755595.1|A/cattle/Texas/24-008749-003/2024(H5N1)	665	3651
PB1|PP755595.1|A/cattle/Texas/24-008749-003/2024(H5N1)	666	3657
PB1|PP755595.1|A/cattle/Texas/24-008749-003/2024(H5N1)	667	3730
PB1|PP755595.1|A/cattle/Texas/24-008749-003/2024(H5N1)	668	3709
PB1|PP755595.1|A/cattle/Texas/24-008749-003/2024(H5N1)	669	3704
PB1|PP755595.1|A/cattle/Texas/24-008749-003/2024(H5N1)	670	3664
PB1|PP755595.1|A/cattle/Texas/24-008749-003/2024(H5N1)	671	3533
PB1|PP755595.1|A/cattle/Texas/24-008749-003/2024(H5N1)	672	3536
PB1|PP755595.1|A/cattle/Texas/24-008749-003/2024(H5N1)	673	3499
PB1|PP755595.1|A/cattle/Texas/24-008749-003/2024(H5N1)	674	3498
PB1|PP755595.1|A/cattle/Texas/24-008749-003/2024(H5N1)	675	3485
PB1|PP755595.1|A/cattle/Texas/24-008749-003/2024(H5N1)	676	3722
PB1|PP755595.1|A/cattle/Texas/24-008749-003/2024(H5N1)	677	3716
PB1|PP755595.1|A/cattle/Texas/24-008749-003/2024(H5N1)	678	3657
PB1|PP755595.1|A/cattle/Texas/24-008749-003/2024(H5N1)	679	3657
PB1|PP755595.1|A/cattle/Texas/24-008749-003/2024(H5N1)	680	3645
PB1|PP755595.1|A/cattle/Texas/24-008749-003/2024(H5N1)	681	3496
PB1|PP755595.1|A/cattle/Texas/24-008749-003/2024(H5N1)	682	3509
PB1|PP755595.1|A/cattle/Texas/24-008749-003/2024(H5N1)	683	3512
PB1|PP755595.1|A/cattle/Texas/24-008749-003/2024(H5N1)	684	3509
PB1|PP755595.1|A/cattle/Texas/24-008749-003/2024(H5N1)	685	3507
PB1|PP755595.1|A/cattle/Texas/24-008749-003/2024(H5N1)	686	3499
PB1|PP755595.1|A/cattle/Texas/24-008749-003/2024(H5N1)	687	3498
PB1|PP755595.1|A/cattle/Texas/24-008749-003/2024(H5N1)	688	3467
PB1|PP755595.1|A/cattle/Texas/24-008749-003/2024(H5N1)	689	3450
PB1|PP755595.1|A/cattle/Texas/24-008749-003/2024(H5N1)	690	3402
PB1|PP755595.1|A/cattle/Texas/24-008749-003/2024(H5N1)	691	3395
PB1|PP755595.1|A/cattle/Texas/24-008749-003/2024(H5N1)	692	3290
PB1|PP755595.1|A/cattle/Texas/24-008749-003/2024(H5N1)	693	3290
PB1|PP755595.1|A/cattle/Texas/24-008749-003/2024(H5N1)	694	3439
PB1|PP755595.1|A/cattle/Texas/24-008749-003/2024(H5N1)	695	3487
PB1|PP755595.1|A/cattle/Texas/24-008749-003/2024(H5N1)	696	3477
PB1|PP755595.1|A/cattle/Texas/24-008749-003/2024(H5N1)	697	3473
PB1|PP755595.1|A/cattle/Texas/24-008749-003/2024(H5N1)	698	3444
PB1|PP755595.1|A/cattle/Texas/24-008749-003/2024(H5N1)	699	3409
PB1|PP755595.1|A/cattle/Texas/24-008749-003/2024(H5N1)	700	3406
PB1|PP755595.1|A/cattle/Texas/24-008749-003/2024(H5N1)	701	3372
PB1|PP755595.1|A/cattle/Texas/24-008749-003/2024(H5N1)	702	3353
PB1|PP755595.1|A/cattle/Texas/24-008749-003/2024(H5N1)	703	3336
PB1|PP755595.1|A/cattle/Texas/24-008749-003/2024(H5N1)	704	3335
PB1|PP755595.1|A/cattle/Texas/24-008749-003/2024(H5N1)	705	3329
PB1|PP755595.1|A/cattle/Texas/24-008749-003/2024(H5N1)	706	3326
PB1|PP755595.1|A/cattle/Texas/24-008749-003/2024(H5N1)	707	3310
PB1|PP755595.1|A/cattle/Texas/24-008749-003/2024(H5N1)	708	3300
PB1|PP755595.1|A/cattle/Texas/24-008749-003/2024(H5N1)	709	3275
PB1|PP755595.1|A/cattle/Texas/24-008749-003/2024(H5N1)	710	3271
PB1|PP755595.1|A/cattle/Texas/24-008749-003/2024(H5N1)	711	3266
PB1|PP755595.1|A/cattle/Texas/24-008749-003/2024(H5N1)	712	3220
PB1|PP755595.1|A/cattle/Texas/24-008749-003/2024(H5N1)	713	3211
PB1|PP755595.1|A/cattle/Texas/24-008749-003/2024(H5N1)	714	2859
PB1|PP755595.1|A/cattle/Texas/24-008749-003/2024(H5N1)	715	2794
PB1|PP755595.1|A/cattle/Texas/24-008749-003/2024(H5N1)	716	2794
PB1|PP755595.1|A/cattle/Texas/24-008749-003/2024(H5N1)	717	2795
PB1|PP755595.1|A/cattle/Texas/24-008749-003/2024(H5N1)	718	2795
PB1|PP755595.1|A/cattle/Texas/24-008749-003/2024(H5N1)	719	2794
PB1|PP755595.1|A/cattle/Texas/24-008749-003/2024(H5N1)	720	2790
PB1|PP755595.1|A/cattle/Texas/24-008749-003/2024(H5N1)	721	2969
PB1|PP755595.1|A/cattle/Texas/24-008749-003/2024(H5N1)	722	3031
PB1|PP755595.1|A/cattle/Texas/24-008749-003/2024(H5N1)	723	3046
PB1|PP755595.1|A/cattle/Texas/24-008749-003/2024(H5N1)	724	3050
PB1|PP755595.1|A/cattle/Texas/24-008749-003/2024(H5N1)	725	2998
PB1|PP755595.1|A/cattle/Texas/24-008749-003/2024(H5N1)	726	2976
PB1|PP755595.1|A/cattle/Texas/24-008749-003/2024(H5N1)	727	2907
PB1|PP755595.1|A/cattle/Texas/24-008749-003/2024(H5N1)	728	2907
PB1|PP755595.1|A/cattle/Texas/24-008749-003/2024(H5N1)	729	2906
PB1|PP755595.1|A/cattle/Texas/24-008749-003/2024(H5N1)	730	2840
PB1|PP755595.1|A/cattle/Texas/24-008749-003/2024(H5N1)	731	2736
PB1|PP755595.1|A/cattle/Texas/24-008749-003/2024(H5N1)	732	2200
PB1|PP755595.1|A/cattle/Texas/24-008749-003/2024(H5N1)	733	2197
PB1|PP755595.1|A/cattle/Texas/24-008749-003/2024(H5N1)	734	2186
PB1|PP755595.1|A/cattle/Texas/24-008749-003/2024(H5N1)	735	2182
PB1|PP755595.1|A/cattle/Texas/24-008749-003/2024(H5N1)	736	2182
PB1|PP755595.1|A/cattle/Texas/24-008749-003/2024(H5N1)	737	2182
PB1|PP755595.1|A/cattle/Texas/24-008749-003/2024(H5N1)	738	2177
PB1|PP755595.1|A/cattle/Texas/24-008749-003/2024(H5N1)	739	2173
PB1|PP755595.1|A/cattle/Texas/24-008749-003/2024(H5N1)	740	2173
PB1|PP755595.1|A/cattle/Texas/24-008749-003/2024(H5N1)	741	2173
PB1|PP755595.1|A/cattle/Texas/24-008749-003/2024(H5N1)	742	2175
PB1|PP755595.1|A/cattle/Texas/24-008749-003/2024(H5N1)	743	2175
PB1|PP755595.1|A/cattle/Texas/24-008749-003/2024(H5N1)	744	2175
PB1|PP755595.1|A/cattle/Texas/24-008749-003/2024(H5N1)	745	2786
PB1|PP755595.1|A/cattle/Texas/24-008749-003/2024(H5N1)	746	2788
PB1|PP755595.1|A/cattle/Texas/24-008749-003/2024(H5N1)	747	2788
PB1|PP755595.1|A/cattle/Texas/24-008749-003/2024(H5N1)	748	2788
PB1|PP755595.1|A/cattle/Texas/24-008749-003/2024(H5N1)	749	2789
PB1|PP755595.1|A/cattle/Texas/24-008749-003/2024(H5N1)	750	2788
PB1|PP755595.1|A/cattle/Texas/24-008749-003/2024(H5N1)	751	3018
PB1|PP755595.1|A/cattle/Texas/24-008749-003/2024(H5N1)	752	3050
PB1|PP755595.1|A/cattle/Texas/24-008749-003/2024(H5N1)	753	3064
PB1|PP755595.1|A/cattle/Texas/24-008749-003/2024(H5N1)	754	3069
PB1|PP755595.1|A/cattle/Texas/24-008749-003/2024(H5N1)	755	3078
PB1|PP755595.1|A/cattle/Texas/24-008749-003/2024(H5N1)	756	3081
PB1|PP755595.1|A/cattle/Texas/24-008749-003/2024(H5N1)	757	3081
PB1|PP755595.1|A/cattle/Texas/24-008749-003/2024(H5N1)	758	3065
PB1|PP755595.1|A/cattle/Texas/24-008749-003/2024(H5N1)	759	3001
PB1|PP755595.1|A/cattle/Texas/24-008749-003/2024(H5N1)	760	2818
PB1|PP755595.1|A/cattle/Texas/24-008749-003/2024(H5N1)	761	2817
PB1|PP755595.1|A/cattle/Texas/24-008749-003/2024(H5N1)	762	2794
PB1|PP755595.1|A/cattle/Texas/24-008749-003/2024(H5N1)	763	2781
PB1|PP755595.1|A/cattle/Texas/24-008749-003/2024(H5N1)	764	2776
PB1|PP755595.1|A/cattle/Texas/24-008749-003/2024(H5N1)	765	2752
PB1|PP755595.1|A/cattle/Texas/24-008749-003/2024(H5N1)	766	2752
PB1|PP755595.1|A/cattle/Texas/24-008749-003/2024(H5N1)	767	2752
PB1|PP755595.1|A/cattle/Texas/24-008749-003/2024(H5N1)	768	2752
PB1|PP755595.1|A/cattle/Texas/24-008749-003/2024(H5N1)	769	2752
PB1|PP755595.1|A/cattle/Texas/24-008749-003/2024(H5N1)	770	2752
PB1|PP755595.1|A/cattle/Texas/24-008749-003/2024(H5N1)	771	2747
PB1|PP755595.1|A/cattle/Texas/24-008749-003/2024(H5N1)	772	2604
PB1|PP755595.1|A/cattle/Texas/24-008749-003/2024(H5N1)	773	2608
PB1|PP755595.1|A/cattle/Texas/24-008749-003/2024(H5N1)	774	2610
PB1|PP755595.1|A/cattle/Texas/24-008749-003/2024(H5N1)	775	2920
PB1|PP755595.1|A/cattle/Texas/24-008749-003/2024(H5N1)	776	2955
PB1|PP755595.1|A/cattle/Texas/24-008749-003/2024(H5N1)	777	2963
PB1|PP755595.1|A/cattle/Texas/24-008749-003/2024(H5N1)	778	2966
PB1|PP755595.1|A/cattle/Texas/24-008749-003/2024(H5N1)	779	2974
PB1|PP755595.1|A/cattle/Texas/24-008749-003/2024(H5N1)	780	3015
PB1|PP755595.1|A/cattle/Texas/24-008749-003/2024(H5N1)	781	3015
PB1|PP755595.1|A/cattle/Texas/24-008749-003/2024(H5N1)	782	3015
PB1|PP755595.1|A/cattle/Texas/24-008749-003/2024(H5N1)	783	2860
PB1|PP755595.1|A/cattle/Texas/24-008749-003/2024(H5N1)	784	2855
PB1|PP755595.1|A/cattle/Texas/24-008749-003/2024(H5N1)	785	2843
PB1|PP755595.1|A/cattle/Texas/24-008749-003/2024(H5N1)	786	2733
PB1|PP755595.1|A/cattle/Texas/24-008749-003/2024(H5N1)	787	2764
PB1|PP755595.1|A/cattle/Texas/24-008749-003/2024(H5N1)	788	2766
PB1|PP755595.1|A/cattle/Texas/24-008749-003/2024(H5N1)	789	2766
PB1|PP755595.1|A/cattle/Texas/24-008749-003/2024(H5N1)	790	2766
PB1|PP755595.1|A/cattle/Texas/24-008749-003/2024(H5N1)	791	2766
PB1|PP755595.1|A/cattle/Texas/24-008749-003/2024(H5N1)	792	2700
PB1|PP755595.1|A/cattle/Texas/24-008749-003/2024(H5N1)	793	2788
PB1|PP755595.1|A/cattle/Texas/24-008749-003/2024(H5N1)	794	2808
PB1|PP755595.1|A/cattle/Texas/24-008749-003/2024(H5N1)	795	2810
PB1|PP755595.1|A/cattle/Texas/24-008749-003/2024(H5N1)	796	2817
PB1|PP755595.1|A/cattle/Texas/24-008749-003/2024(H5N1)	797	2817
PB1|PP755595.1|A/cattle/Texas/24-008749-003/2024(H5N1)	798	2800
PB1|PP755595.1|A/cattle/Texas/24-008749-003/2024(H5N1)	799	2800
PB1|PP755595.1|A/cattle/Texas/24-008749-003/2024(H5N1)	800	2799
PB1|PP755595.1|A/cattle/Texas/24-008749-003/2024(H5N1)	801	2683
PB1|PP755595.1|A/cattle/Texas/24-008749-003/2024(H5N1)	802	2715
PB1|PP755595.1|A/cattle/Texas/24-008749-003/2024(H5N1)	803	2807
PB1|PP755595.1|A/cattle/Texas/24-008749-003/2024(H5N1)	804	2835
PB1|PP755595.1|A/cattle/Texas/24-008749-003/2024(H5N1)	805	2853
PB1|PP755595.1|A/cattle/Texas/24-008749-003/2024(H5N1)	806	2858
PB1|PP755595.1|A/cattle/Texas/24-008749-003/2024(H5N1)	807	2857
PB1|PP755595.1|A/cattle/Texas/24-008749-003/2024(H5N1)	808	2888
PB1|PP755595.1|A/cattle/Texas/24-008749-003/2024(H5N1)	809	2886
PB1|PP755595.1|A/cattle/Texas/24-008749-003/2024(H5N1)	810	2875
PB1|PP755595.1|A/cattle/Texas/24-008749-003/2024(H5N1)	811	2819
PB1|PP755595.1|A/cattle/Texas/24-008749-003/2024(H5N1)	812	2715
PB1|PP755595.1|A/cattle/Texas/24-008749-003/2024(H5N1)	813	2696
PB1|PP755595.1|A/cattle/Texas/24-008749-003/2024(H5N1)	814	2668
PB1|PP755595.1|A/cattle/Texas/24-008749-003/2024(H5N1)	815	2779
PB1|PP755595.1|A/cattle/Texas/24-008749-003/2024(H5N1)	816	2657
PB1|PP755595.1|A/cattle/Texas/24-008749-003/2024(H5N1)	817	2767
PB1|PP755595.1|A/cattle/Texas/24-008749-003/2024(H5N1)	818	2776
PB1|PP755595.1|A/cattle/Texas/24-008749-003/2024(H5N1)	819	2780
PB1|PP755595.1|A/cattle/Texas/24-008749-003/2024(H5N1)	820	2780
PB1|PP755595.1|A/cattle/Texas/24-008749-003/2024(H5N1)	821	2886
PB1|PP755595.1|A/cattle/Texas/24-008749-003/2024(H5N1)	822	2828
PB1|PP755595.1|A/cattle/Texas/24-008749-003/2024(H5N1)	823	2725
PB1|PP755595.1|A/cattle/Texas/24-008749-003/2024(H5N1)	824	2798
PB1|PP755595.1|A/cattle/Texas/24-008749-003/2024(H5N1)	825	2784
PB1|PP755595.1|A/cattle/Texas/24-008749-003/2024(H5N1)	826	2855
PB1|PP755595.1|A/cattle/Texas/24-008749-003/2024(H5N1)	827	2876
PB1|PP755595.1|A/cattle/Texas/24-008749-003/2024(H5N1)	828	2879
PB1|PP755595.1|A/cattle/Texas/24-008749-003/2024(H5N1)	829	2899
PB1|PP755595.1|A/cattle/Texas/24-008749-003/2024(H5N1)	830	2901
PB1|PP755595.1|A/cattle/Texas/24-008749-003/2024(H5N1)	831	2855
PB1|PP755595.1|A/cattle/Texas/24-008749-003/2024(H5N1)	832	2975
PB1|PP755595.1|A/cattle/Texas/24-008749-003/2024(H5N1)	833	2975
PB1|PP755595.1|A/cattle/Texas/24-008749-003/2024(H5N1)	834	2985
PB1|PP755595.1|A/cattle/Texas/24-008749-003/2024(H5N1)	835	3022
PB1|PP755595.1|A/cattle/Texas/24-008749-003/2024(H5N1)	836	3050
PB1|PP755595.1|A/cattle/Texas/24-008749-003/2024(H5N1)	837	3045
PB1|PP755595.1|A/cattle/Texas/24-008749-003/2024(H5N1)	838	3033
PB1|PP755595.1|A/cattle/Texas/24-008749-003/2024(H5N1)	839	3004
PB1|PP755595.1|A/cattle/Texas/24-008749-003/2024(H5N1)	840	2809
PB1|PP755595.1|A/cattle/Texas/24-008749-003/2024(H5N1)	841	2827
PB1|PP755595.1|A/cattle/Texas/24-008749-003/2024(H5N1)	842	2827
PB1|PP755595.1|A/cattle/Texas/24-008749-003/2024(H5N1)	843	2827
PB1|PP755595.1|A/cattle/Texas/24-008749-003/2024(H5N1)	844	2827
PB1|PP755595.1|A/cattle/Texas/24-008749-003/2024(H5N1)	845	2828
PB1|PP755595.1|A/cattle/Texas/24-008749-003/2024(H5N1)	846	2904
PB1|PP755595.1|A/cattle/Texas/24-008749-003/2024(H5N1)	847	3143
PB1|PP755595.1|A/cattle/Texas/24-008749-003/2024(H5N1)	848	3167
PB1|PP755595.1|A/cattle/Texas/24-008749-003/2024(H5N1)	849	3180
PB1|PP755595.1|A/cattle/Texas/24-008749-003/2024(H5N1)	850	3188
PB1|PP755595.1|A/cattle/Texas/24-008749-003/2024(H5N1)	851	3189
PB1|PP755595.1|A/cattle/Texas/24-008749-003/2024(H5N1)	852	3194
PB1|PP755595.1|A/cattle/Texas/24-008749-003/2024(H5N1)	853	3206
PB1|PP755595.1|A/cattle/Texas/24-008749-003/2024(H5N1)	854	3446
PB1|PP755595.1|A/cattle/Texas/24-008749-003/2024(H5N1)	855	3449
PB1|PP755595.1|A/cattle/Texas/24-008749-003/2024(H5N1)	856	3447
PB1|PP755595.1|A/cattle/Texas/24-008749-003/2024(H5N1)	857	3416
PB1|PP755595.1|A/cattle/Texas/24-008749-003/2024(H5N1)	858	3422
PB1|PP755595.1|A/cattle/Texas/24-008749-003/2024(H5N1)	859	3417
PB1|PP755595.1|A/cattle/Texas/24-008749-003/2024(H5N1)	860	3461
PB1|PP755595.1|A/cattle/Texas/24-008749-003/2024(H5N1)	861	3489
PB1|PP755595.1|A/cattle/Texas/24-008749-003/2024(H5N1)	862	3485
PB1|PP755595.1|A/cattle/Texas/24-008749-003/2024(H5N1)	863	3491
PB1|PP755595.1|A/cattle/Texas/24-008749-003/2024(H5N1)	864	3621
PB1|PP755595.1|A/cattle/Texas/24-008749-003/2024(H5N1)	865	3637
PB1|PP755595.1|A/cattle/Texas/24-008749-003/2024(H5N1)	866	3678
PB1|PP755595.1|A/cattle/Texas/24-008749-003/2024(H5N1)	867	3681
PB1|PP755595.1|A/cattle/Texas/24-008749-003/2024(H5N1)	868	3681
PB1|PP755595.1|A/cattle/Texas/24-008749-003/2024(H5N1)	869	3696
PB1|PP755595.1|A/cattle/Texas/24-008749-003/2024(H5N1)	870	3733
PB1|PP755595.1|A/cattle/Texas/24-008749-003/2024(H5N1)	871	3879
PB1|PP755595.1|A/cattle/Texas/24-008749-003/2024(H5N1)	872	3820
PB1|PP755595.1|A/cattle/Texas/24-008749-003/2024(H5N1)	873	3813
PB1|PP755595.1|A/cattle/Texas/24-008749-003/2024(H5N1)	874	3806
PB1|PP755595.1|A/cattle/Texas/24-008749-003/2024(H5N1)	875	3801
PB1|PP755595.1|A/cattle/Texas/24-008749-003/2024(H5N1)	876	3492
PB1|PP755595.1|A/cattle/Texas/24-008749-003/2024(H5N1)	877	3600
PB1|PP755595.1|A/cattle/Texas/24-008749-003/2024(H5N1)	878	3636
PB1|PP755595.1|A/cattle/Texas/24-008749-003/2024(H5N1)	879	3847
PB1|PP755595.1|A/cattle/Texas/24-008749-003/2024(H5N1)	880	4161
PB1|PP755595.1|A/cattle/Texas/24-008749-003/2024(H5N1)	881	4167
PB1|PP755595.1|A/cattle/Texas/24-008749-003/2024(H5N1)	882	4195
PB1|PP755595.1|A/cattle/Texas/24-008749-003/2024(H5N1)	883	4214
PB1|PP755595.1|A/cattle/Texas/24-008749-003/2024(H5N1)	884	4640
PB1|PP755595.1|A/cattle/Texas/24-008749-003/2024(H5N1)	885	4641
PB1|PP755595.1|A/cattle/Texas/24-008749-003/2024(H5N1)	886	4677
PB1|PP755595.1|A/cattle/Texas/24-008749-003/2024(H5N1)	887	4679
PB1|PP755595.1|A/cattle/Texas/24-008749-003/2024(H5N1)	888	4679
PB1|PP755595.1|A/cattle/Texas/24-008749-003/2024(H5N1)	889	4821
PB1|PP755595.1|A/cattle/Texas/24-008749-003/2024(H5N1)	890	4833
PB1|PP755595.1|A/cattle/Texas/24-008749-003/2024(H5N1)	891	4852
PB1|PP755595.1|A/cattle/Texas/24-008749-003/2024(H5N1)	892	4750
PB1|PP755595.1|A/cattle/Texas/24-008749-003/2024(H5N1)	893	4588
PB1|PP755595.1|A/cattle/Texas/24-008749-003/2024(H5N1)	894	4672
PB1|PP755595.1|A/cattle/Texas/24-008749-003/2024(H5N1)	895	4664
PB1|PP755595.1|A/cattle/Texas/24-008749-003/2024(H5N1)	896	4716
PB1|PP755595.1|A/cattle/Texas/24-008749-003/2024(H5N1)	897	4505
PB1|PP755595.1|A/cattle/Texas/24-008749-003/2024(H5N1)	898	4508
PB1|PP755595.1|A/cattle/Texas/24-008749-003/2024(H5N1)	899	4509
PB1|PP755595.1|A/cattle/Texas/24-008749-003/2024(H5N1)	900	4518
PB1|PP755595.1|A/cattle/Texas/24-008749-003/2024(H5N1)	901	4521
PB1|PP755595.1|A/cattle/Texas/24-008749-003/2024(H5N1)	902	4566
PB1|PP755595.1|A/cattle/Texas/24-008749-003/2024(H5N1)	903	4535
PB1|PP755595.1|A/cattle/Texas/24-008749-003/2024(H5N1)	904	4524
PB1|PP755595.1|A/cattle/Texas/24-008749-003/2024(H5N1)	905	4509
PB1|PP755595.1|A/cattle/Texas/24-008749-003/2024(H5N1)	906	4172
PB1|PP755595.1|A/cattle/Texas/24-008749-003/2024(H5N1)	907	4202
PB1|PP755595.1|A/cattle/Texas/24-008749-003/2024(H5N1)	908	4236
PB1|PP755595.1|A/cattle/Texas/24-008749-003/2024(H5N1)	909	4237
PB1|PP755595.1|A/cattle/Texas/24-008749-003/2024(H5N1)	910	4317
PB1|PP755595.1|A/cattle/Texas/24-008749-003/2024(H5N1)	911	4327
PB1|PP755595.1|A/cattle/Texas/24-008749-003/2024(H5N1)	912	4494
PB1|PP755595.1|A/cattle/Texas/24-008749-003/2024(H5N1)	913	4518
PB1|PP755595.1|A/cattle/Texas/24-008749-003/2024(H5N1)	914	4575
PB1|PP755595.1|A/cattle/Texas/24-008749-003/2024(H5N1)	915	4578
PB1|PP755595.1|A/cattle/Texas/24-008749-003/2024(H5N1)	916	4588
PB1|PP755595.1|A/cattle/Texas/24-008749-003/2024(H5N1)	917	4615
PB1|PP755595.1|A/cattle/Texas/24-008749-003/2024(H5N1)	918	4911
PB1|PP755595.1|A/cattle/Texas/24-008749-003/2024(H5N1)	919	4915
PB1|PP755595.1|A/cattle/Texas/24-008749-003/2024(H5N1)	920	4958
PB1|PP755595.1|A/cattle/Texas/24-008749-003/2024(H5N1)	921	4960
PB1|PP755595.1|A/cattle/Texas/24-008749-003/2024(H5N1)	922	4972
PB1|PP755595.1|A/cattle/Texas/24-008749-003/2024(H5N1)	923	4990
PB1|PP755595.1|A/cattle/Texas/24-008749-003/2024(H5N1)	924	4997
PB1|PP755595.1|A/cattle/Texas/24-008749-003/2024(H5N1)	925	5004
PB1|PP755595.1|A/cattle/Texas/24-008749-003/2024(H5N1)	926	5008
PB1|PP755595.1|A/cattle/Texas/24-008749-003/2024(H5N1)	927	5051
PB1|PP755595.1|A/cattle/Texas/24-008749-003/2024(H5N1)	928	5051
PB1|PP755595.1|A/cattle/Texas/24-008749-003/2024(H5N1)	929	5052
PB1|PP755595.1|A/cattle/Texas/24-008749-003/2024(H5N1)	930	5057
PB1|PP755595.1|A/cattle/Texas/24-008749-003/2024(H5N1)	931	5018
PB1|PP755595.1|A/cattle/Texas/24-008749-003/2024(H5N1)	932	5012
PB1|PP755595.1|A/cattle/Texas/24-008749-003/2024(H5N1)	933	5010
PB1|PP755595.1|A/cattle/Texas/24-008749-003/2024(H5N1)	934	5005
PB1|PP755595.1|A/cattle/Texas/24-008749-003/2024(H5N1)	935	5003
PB1|PP755595.1|A/cattle/Texas/24-008749-003/2024(H5N1)	936	4698
PB1|PP755595.1|A/cattle/Texas/24-008749-003/2024(H5N1)	937	4698
PB1|PP755595.1|A/cattle/Texas/24-008749-003/2024(H5N1)	938	4698
PB1|PP755595.1|A/cattle/Texas/24-008749-003/2024(H5N1)	939	4695
PB1|PP755595.1|A/cattle/Texas/24-008749-003/2024(H5N1)	940	4749
PB1|PP755595.1|A/cattle/Texas/24-008749-003/2024(H5N1)	941	4756
PB1|PP755595.1|A/cattle/Texas/24-008749-003/2024(H5N1)	942	4756
PB1|PP755595.1|A/cattle/Texas/24-008749-003/2024(H5N1)	943	4795
PB1|PP755595.1|A/cattle/Texas/24-008749-003/2024(H5N1)	944	4800
PB1|PP755595.1|A/cattle/Texas/24-008749-003/2024(H5N1)	945	4832
PB1|PP755595.1|A/cattle/Texas/24-008749-003/2024(H5N1)	946	4842
PB1|PP755595.1|A/cattle/Texas/24-008749-003/2024(H5N1)	947	5089
PB1|PP755595.1|A/cattle/Texas/24-008749-003/2024(H5N1)	948	5158
PB1|PP755595.1|A/cattle/Texas/24-008749-003/2024(H5N1)	949	5160
PB1|PP755595.1|A/cattle/Texas/24-008749-003/2024(H5N1)	950	5160
PB1|PP755595.1|A/cattle/Texas/24-008749-003/2024(H5N1)	951	5197
PB1|PP755595.1|A/cattle/Texas/24-008749-003/2024(H5N1)	952	5207
PB1|PP755595.1|A/cattle/Texas/24-008749-003/2024(H5N1)	953	5229
PB1|PP755595.1|A/cattle/Texas/24-008749-003/2024(H5N1)	954	5229
PB1|PP755595.1|A/cattle/Texas/24-008749-003/2024(H5N1)	955	5297
PB1|PP755595.1|A/cattle/Texas/24-008749-003/2024(H5N1)	956	5328
PB1|PP755595.1|A/cattle/Texas/24-008749-003/2024(H5N1)	957	5345
PB1|PP755595.1|A/cattle/Texas/24-008749-003/2024(H5N1)	958	5355
PB1|PP755595.1|A/cattle/Texas/24-008749-003/2024(H5N1)	959	5330
PB1|PP755595.1|A/cattle/Texas/24-008749-003/2024(H5N1)	960	5323
PB1|PP755595.1|A/cattle/Texas/24-008749-003/2024(H5N1)	961	5344
PB1|PP755595.1|A/cattle/Texas/24-008749-003/2024(H5N1)	962	5408
PB1|PP755595.1|A/cattle/Texas/24-008749-003/2024(H5N1)	963	5473
PB1|PP755595.1|A/cattle/Texas/24-008749-003/2024(H5N1)	964	5491
PB1|PP755595.1|A/cattle/Texas/24-008749-003/2024(H5N1)	965	5491
PB1|PP755595.1|A/cattle/Texas/24-008749-003/2024(H5N1)	966	5365
PB1|PP755595.1|A/cattle/Texas/24-008749-003/2024(H5N1)	967	5360
PB1|PP755595.1|A/cattle/Texas/24-008749-003/2024(H5N1)	968	5298
PB1|PP755595.1|A/cattle/Texas/24-008749-003/2024(H5N1)	969	5297
PB1|PP755595.1|A/cattle/Texas/24-008749-003/2024(H5N1)	970	5291
PB1|PP755595.1|A/cattle/Texas/24-008749-003/2024(H5N1)	971	5180
PB1|PP755595.1|A/cattle/Texas/24-008749-003/2024(H5N1)	972	5010
PB1|PP755595.1|A/cattle/Texas/24-008749-003/2024(H5N1)	973	4877
PB1|PP755595.1|A/cattle/Texas/24-008749-003/2024(H5N1)	974	4863
PB1|PP755595.1|A/cattle/Texas/24-008749-003/2024(H5N1)	975	4825
PB1|PP755595.1|A/cattle/Texas/24-008749-003/2024(H5N1)	976	5043
PB1|PP755595.1|A/cattle/Texas/24-008749-003/2024(H5N1)	977	5043
PB1|PP755595.1|A/cattle/Texas/24-008749-003/2024(H5N1)	978	5025
PB1|PP755595.1|A/cattle/Texas/24-008749-003/2024(H5N1)	979	5022
PB1|PP755595.1|A/cattle/Texas/24-008749-003/2024(H5N1)	980	4996
PB1|PP755595.1|A/cattle/Texas/24-008749-003/2024(H5N1)	981	4876
PB1|PP755595.1|A/cattle/Texas/24-008749-003/2024(H5N1)	982	4970
PB1|PP755595.1|A/cattle/Texas/24-008749-003/2024(H5N1)	983	4985
PB1|PP755595.1|A/cattle/Texas/24-008749-003/2024(H5N1)	984	5058
PB1|PP755595.1|A/cattle/Texas/24-008749-003/2024(H5N1)	985	5054
PB1|PP755595.1|A/cattle/Texas/24-008749-003/2024(H5N1)	986	5048
PB1|PP755595.1|A/cattle/Texas/24-008749-003/2024(H5N1)	987	5035
PB1|PP755595.1|A/cattle/Texas/24-008749-003/2024(H5N1)	988	5064
PB1|PP755595.1|A/cattle/Texas/24-008749-003/2024(H5N1)	989	5048
PB1|PP755595.1|A/cattle/Texas/24-008749-003/2024(H5N1)	990	5011
PB1|PP755595.1|A/cattle/Texas/24-008749-003/2024(H5N1)	991	5024
PB1|PP755595.1|A/cattle/Texas/24-008749-003/2024(H5N1)	992	5021
PB1|PP755595.1|A/cattle/Texas/24-008749-003/2024(H5N1)	993	5021
PB1|PP755595.1|A/cattle/Texas/24-008749-003/2024(H5N1)	994	4988
PB1|PP755595.1|A/cattle/Texas/24-008749-003/2024(H5N1)	995	4957
PB1|PP755595.1|A/cattle/Texas/24-008749-003/2024(H5N1)	996	4956
PB1|PP755595.1|A/cattle/Texas/24-008749-003/2024(H5N1)	997	4828
PB1|PP755595.1|A/cattle/Texas/24-008749-003/2024(H5N1)	998	4828
PB1|PP755595.1|A/cattle/Texas/24-008749-003/2024(H5N1)	999	4771
PB1|PP755595.1|A/cattle/Texas/24-008749-003/2024(H5N1)	1000	4759
PB1|PP755595.1|A/cattle/Texas/24-008749-003/2024(H5N1)	1001	4754
PB1|PP755595.1|A/cattle/Texas/24-008749-003/2024(H5N1)	1002	4752
PB1|PP755595.1|A/cattle/Texas/24-008749-003/2024(H5N1)	1003	5043
PB1|PP755595.1|A/cattle/Texas/24-008749-003/2024(H5N1)	1004	5043
PB1|PP755595.1|A/cattle/Texas/24-008749-003/2024(H5N1)	1005	4786
PB1|PP755595.1|A/cattle/Texas/24-008749-003/2024(H5N1)	1006	4786
PB1|PP755595.1|A/cattle/Texas/24-008749-003/2024(H5N1)	1007	4784
PB1|PP755595.1|A/cattle/Texas/24-008749-003/2024(H5N1)	1008	4776
PB1|PP755595.1|A/cattle/Texas/24-008749-003/2024(H5N1)	1009	5003
PB1|PP755595.1|A/cattle/Texas/24-008749-003/2024(H5N1)	1010	4965
PB1|PP755595.1|A/cattle/Texas/24-008749-003/2024(H5N1)	1011	4922
PB1|PP755595.1|A/cattle/Texas/24-008749-003/2024(H5N1)	1012	4922
PB1|PP755595.1|A/cattle/Texas/24-008749-003/2024(H5N1)	1013	4920
PB1|PP755595.1|A/cattle/Texas/24-008749-003/2024(H5N1)	1014	4908
PB1|PP755595.1|A/cattle/Texas/24-008749-003/2024(H5N1)	1015	4866
PB1|PP755595.1|A/cattle/Texas/24-008749-003/2024(H5N1)	1016	4854
PB1|PP755595.1|A/cattle/Texas/24-008749-003/2024(H5N1)	1017	4811
PB1|PP755595.1|A/cattle/Texas/24-008749-003/2024(H5N1)	1018	4809
PB1|PP755595.1|A/cattle/Texas/24-008749-003/2024(H5N1)	1019	4809
PB1|PP755595.1|A/cattle/Texas/24-008749-003/2024(H5N1)	1020	4753
PB1|PP755595.1|A/cattle/Texas/24-008749-003/2024(H5N1)	1021	5096
PB1|PP755595.1|A/cattle/Texas/24-008749-003/2024(H5N1)	1022	5029
PB1|PP755595.1|A/cattle/Texas/24-008749-003/2024(H5N1)	1023	5027
PB1|PP755595.1|A/cattle/Texas/24-008749-003/2024(H5N1)	1024	5068
PB1|PP755595.1|A/cattle/Texas/24-008749-003/2024(H5N1)	1025	5072
PB1|PP755595.1|A/cattle/Texas/24-008749-003/2024(H5N1)	1026	5038
PB1|PP755595.1|A/cattle/Texas/24-008749-003/2024(H5N1)	1027	5012
PB1|PP755595.1|A/cattle/Texas/24-008749-003/2024(H5N1)	1028	4882
PB1|PP755595.1|A/cattle/Texas/24-008749-003/2024(H5N1)	1029	4855
PB1|PP755595.1|A/cattle/Texas/24-008749-003/2024(H5N1)	1030	4617
PB1|PP755595.1|A/cattle/Texas/24-008749-003/2024(H5N1)	1031	4375
PB1|PP755595.1|A/cattle/Texas/24-008749-003/2024(H5N1)	1032	4329
PB1|PP755595.1|A/cattle/Texas/24-008749-003/2024(H5N1)	1033	4278
PB1|PP755595.1|A/cattle/Texas/24-008749-003/2024(H5N1)	1034	3943
PB1|PP755595.1|A/cattle/Texas/24-008749-003/2024(H5N1)	1035	3937
PB1|PP755595.1|A/cattle/Texas/24-008749-003/2024(H5N1)	1036	3948
PB1|PP755595.1|A/cattle/Texas/24-008749-003/2024(H5N1)	1037	3927
PB1|PP755595.1|A/cattle/Texas/24-008749-003/2024(H5N1)	1038	3926
PB1|PP755595.1|A/cattle/Texas/24-008749-003/2024(H5N1)	1039	3917
PB1|PP755595.1|A/cattle/Texas/24-008749-003/2024(H5N1)	1040	3793
PB1|PP755595.1|A/cattle/Texas/24-008749-003/2024(H5N1)	1041	3789
PB1|PP755595.1|A/cattle/Texas/24-008749-003/2024(H5N1)	1042	3770
PB1|PP755595.1|A/cattle/Texas/24-008749-003/2024(H5N1)	1043	3766
PB1|PP755595.1|A/cattle/Texas/24-008749-003/2024(H5N1)	1044	3756
PB1|PP755595.1|A/cattle/Texas/24-008749-003/2024(H5N1)	1045	3676
PB1|PP755595.1|A/cattle/Texas/24-008749-003/2024(H5N1)	1046	3611
PB1|PP755595.1|A/cattle/Texas/24-008749-003/2024(H5N1)	1047	3196
PB1|PP755595.1|A/cattle/Texas/24-008749-003/2024(H5N1)	1048	3189
PB1|PP755595.1|A/cattle/Texas/24-008749-003/2024(H5N1)	1049	3186
PB1|PP755595.1|A/cattle/Texas/24-008749-003/2024(H5N1)	1050	3185
PB1|PP755595.1|A/cattle/Texas/24-008749-003/2024(H5N1)	1051	3173
PB1|PP755595.1|A/cattle/Texas/24-008749-003/2024(H5N1)	1052	3176
PB1|PP755595.1|A/cattle/Texas/24-008749-003/2024(H5N1)	1053	3135
PB1|PP755595.1|A/cattle/Texas/24-008749-003/2024(H5N1)	1054	3136
PB1|PP755595.1|A/cattle/Texas/24-008749-003/2024(H5N1)	1055	3137
PB1|PP755595.1|A/cattle/Texas/24-008749-003/2024(H5N1)	1056	3137
PB1|PP755595.1|A/cattle/Texas/24-008749-003/2024(H5N1)	1057	3365
PB1|PP755595.1|A/cattle/Texas/24-008749-003/2024(H5N1)	1058	3365
PB1|PP755595.1|A/cattle/Texas/24-008749-003/2024(H5N1)	1059	3365
PB1|PP755595.1|A/cattle/Texas/24-008749-003/2024(H5N1)	1060	3365
PB1|PP755595.1|A/cattle/Texas/24-008749-003/2024(H5N1)	1061	3367
PB1|PP755595.1|A/cattle/Texas/24-008749-003/2024(H5N1)	1062	3367
PB1|PP755595.1|A/cattle/Texas/24-008749-003/2024(H5N1)	1063	3704
PB1|PP755595.1|A/cattle/Texas/24-008749-003/2024(H5N1)	1064	3720
PB1|PP755595.1|A/cattle/Texas/24-008749-003/2024(H5N1)	1065	3723
PB1|PP755595.1|A/cattle/Texas/24-008749-003/2024(H5N1)	1066	3731
PB1|PP755595.1|A/cattle/Texas/24-008749-003/2024(H5N1)	1067	3732
PB1|PP755595.1|A/cattle/Texas/24-008749-003/2024(H5N1)	1068	3708
PB1|PP755595.1|A/cattle/Texas/24-008749-003/2024(H5N1)	1069	3428
PB1|PP755595.1|A/cattle/Texas/24-008749-003/2024(H5N1)	1070	3422
PB1|PP755595.1|A/cattle/Texas/24-008749-003/2024(H5N1)	1071	3383
PB1|PP755595.1|A/cattle/Texas/24-008749-003/2024(H5N1)	1072	3486
PB1|PP755595.1|A/cattle/Texas/24-008749-003/2024(H5N1)	1073	3485
PB1|PP755595.1|A/cattle/Texas/24-008749-003/2024(H5N1)	1074	3504
PB1|PP755595.1|A/cattle/Texas/24-008749-003/2024(H5N1)	1075	3506
PB1|PP755595.1|A/cattle/Texas/24-008749-003/2024(H5N1)	1076	3514
PB1|PP755595.1|A/cattle/Texas/24-008749-003/2024(H5N1)	1077	3470
PB1|PP755595.1|A/cattle/Texas/24-008749-003/2024(H5N1)	1078	3463
PB1|PP755595.1|A/cattle/Texas/24-008749-003/2024(H5N1)	1079	3463
PB1|PP755595.1|A/cattle/Texas/24-008749-003/2024(H5N1)	1080	3496
PB1|PP755595.1|A/cattle/Texas/24-008749-003/2024(H5N1)	1081	3519
PB1|PP755595.1|A/cattle/Texas/24-008749-003/2024(H5N1)	1082	3565
PB1|PP755595.1|A/cattle/Texas/24-008749-003/2024(H5N1)	1083	3506
PB1|PP755595.1|A/cattle/Texas/24-008749-003/2024(H5N1)	1084	3502
PB1|PP755595.1|A/cattle/Texas/24-008749-003/2024(H5N1)	1085	3466
PB1|PP755595.1|A/cattle/Texas/24-008749-003/2024(H5N1)	1086	3435
PB1|PP755595.1|A/cattle/Texas/24-008749-003/2024(H5N1)	1087	3423
PB1|PP755595.1|A/cattle/Texas/24-008749-003/2024(H5N1)	1088	3421
PB1|PP755595.1|A/cattle/Texas/24-008749-003/2024(H5N1)	1089	3413
PB1|PP755595.1|A/cattle/Texas/24-008749-003/2024(H5N1)	1090	3168
PB1|PP755595.1|A/cattle/Texas/24-008749-003/2024(H5N1)	1091	3113
PB1|PP755595.1|A/cattle/Texas/24-008749-003/2024(H5N1)	1092	3107
PB1|PP755595.1|A/cattle/Texas/24-008749-003/2024(H5N1)	1093	3135
PB1|PP755595.1|A/cattle/Texas/24-008749-003/2024(H5N1)	1094	3140
PB1|PP755595.1|A/cattle/Texas/24-008749-003/2024(H5N1)	1095	3166
PB1|PP755595.1|A/cattle/Texas/24-008749-003/2024(H5N1)	1096	3353
PB1|PP755595.1|A/cattle/Texas/24-008749-003/2024(H5N1)	1097	3523
PB1|PP755595.1|A/cattle/Texas/24-008749-003/2024(H5N1)	1098	3542
PB1|PP755595.1|A/cattle/Texas/24-008749-003/2024(H5N1)	1099	3591
PB1|PP755595.1|A/cattle/Texas/24-008749-003/2024(H5N1)	1100	3626
PB1|PP755595.1|A/cattle/Texas/24-008749-003/2024(H5N1)	1101	3629
PB1|PP755595.1|A/cattle/Texas/24-008749-003/2024(H5N1)	1102	3600
PB1|PP755595.1|A/cattle/Texas/24-008749-003/2024(H5N1)	1103	3634
PB1|PP755595.1|A/cattle/Texas/24-008749-003/2024(H5N1)	1104	3616
PB1|PP755595.1|A/cattle/Texas/24-008749-003/2024(H5N1)	1105	3620
PB1|PP755595.1|A/cattle/Texas/24-008749-003/2024(H5N1)	1106	3530
PB1|PP755595.1|A/cattle/Texas/24-008749-003/2024(H5N1)	1107	3455
PB1|PP755595.1|A/cattle/Texas/24-008749-003/2024(H5N1)	1108	3514
PB1|PP755595.1|A/cattle/Texas/24-008749-003/2024(H5N1)	1109	3516
PB1|PP755595.1|A/cattle/Texas/24-008749-003/2024(H5N1)	1110	3516
PB1|PP755595.1|A/cattle/Texas/24-008749-003/2024(H5N1)	1111	3516
PB1|PP755595.1|A/cattle/Texas/24-008749-003/2024(H5N1)	1112	3518
PB1|PP755595.1|A/cattle/Texas/24-008749-003/2024(H5N1)	1113	3451
PB1|PP755595.1|A/cattle/Texas/24-008749-003/2024(H5N1)	1114	3378
PB1|PP755595.1|A/cattle/Texas/24-008749-003/2024(H5N1)	1115	3306
PB1|PP755595.1|A/cattle/Texas/24-008749-003/2024(H5N1)	1116	3300
PB1|PP755595.1|A/cattle/Texas/24-008749-003/2024(H5N1)	1117	3201
PB1|PP755595.1|A/cattle/Texas/24-008749-003/2024(H5N1)	1118	3190
PB1|PP755595.1|A/cattle/Texas/24-008749-003/2024(H5N1)	1119	2299
PB1|PP755595.1|A/cattle/Texas/24-008749-003/2024(H5N1)	1120	2299
PB1|PP755595.1|A/cattle/Texas/24-008749-003/2024(H5N1)	1121	2299
PB1|PP755595.1|A/cattle/Texas/24-008749-003/2024(H5N1)	1122	2299
PB1|PP755595.1|A/cattle/Texas/24-008749-003/2024(H5N1)	1123	2299
PB1|PP755595.1|A/cattle/Texas/24-008749-003/2024(H5N1)	1124	2299
PB1|PP755595.1|A/cattle/Texas/24-008749-003/2024(H5N1)	1125	2299
PB1|PP755595.1|A/cattle/Texas/24-008749-003/2024(H5N1)	1126	2299
PB1|PP755595.1|A/cattle/Texas/24-008749-003/2024(H5N1)	1127	2300
PB1|PP755595.1|A/cattle/Texas/24-008749-003/2024(H5N1)	1128	2300
PB1|PP755595.1|A/cattle/Texas/24-008749-003/2024(H5N1)	1129	2300
PB1|PP755595.1|A/cattle/Texas/24-008749-003/2024(H5N1)	1130	2300
PB1|PP755595.1|A/cattle/Texas/24-008749-003/2024(H5N1)	1131	2213
PB1|PP755595.1|A/cattle/Texas/24-008749-003/2024(H5N1)	1132	2300
PB1|PP755595.1|A/cattle/Texas/24-008749-003/2024(H5N1)	1133	2301
PB1|PP755595.1|A/cattle/Texas/24-008749-003/2024(H5N1)	1134	2304
PB1|PP755595.1|A/cattle/Texas/24-008749-003/2024(H5N1)	1135	3547
PB1|PP755595.1|A/cattle/Texas/24-008749-003/2024(H5N1)	1136	3547
PB1|PP755595.1|A/cattle/Texas/24-008749-003/2024(H5N1)	1137	3561
PB1|PP755595.1|A/cattle/Texas/24-008749-003/2024(H5N1)	1138	3592
PB1|PP755595.1|A/cattle/Texas/24-008749-003/2024(H5N1)	1139	3620
PB1|PP755595.1|A/cattle/Texas/24-008749-003/2024(H5N1)	1140	3644
PB1|PP755595.1|A/cattle/Texas/24-008749-003/2024(H5N1)	1141	3650
PB1|PP755595.1|A/cattle/Texas/24-008749-003/2024(H5N1)	1142	3660
PB1|PP755595.1|A/cattle/Texas/24-008749-003/2024(H5N1)	1143	3671
PB1|PP755595.1|A/cattle/Texas/24-008749-003/2024(H5N1)	1144	3674
PB1|PP755595.1|A/cattle/Texas/24-008749-003/2024(H5N1)	1145	3688
PB1|PP755595.1|A/cattle/Texas/24-008749-003/2024(H5N1)	1146	3691
PB1|PP755595.1|A/cattle/Texas/24-008749-003/2024(H5N1)	1147	3731
PB1|PP755595.1|A/cattle/Texas/24-008749-003/2024(H5N1)	1148	3734
PB1|PP755595.1|A/cattle/Texas/24-008749-003/2024(H5N1)	1149	3746
PB1|PP755595.1|A/cattle/Texas/24-008749-003/2024(H5N1)	1150	3934
PB1|PP755595.1|A/cattle/Texas/24-008749-003/2024(H5N1)	1151	3982
PB1|PP755595.1|A/cattle/Texas/24-008749-003/2024(H5N1)	1152	4043
PB1|PP755595.1|A/cattle/Texas/24-008749-003/2024(H5N1)	1153	4052
PB1|PP755595.1|A/cattle/Texas/24-008749-003/2024(H5N1)	1154	4061
PB1|PP755595.1|A/cattle/Texas/24-008749-003/2024(H5N1)	1155	4057
PB1|PP755595.1|A/cattle/Texas/24-008749-003/2024(H5N1)	1156	4040
PB1|PP755595.1|A/cattle/Texas/24-008749-003/2024(H5N1)	1157	3912
PB1|PP755595.1|A/cattle/Texas/24-008749-003/2024(H5N1)	1158	3940
PB1|PP755595.1|A/cattle/Texas/24-008749-003/2024(H5N1)	1159	4067
PB1|PP755595.1|A/cattle/Texas/24-008749-003/2024(H5N1)	1160	4067
PB1|PP755595.1|A/cattle/Texas/24-008749-003/2024(H5N1)	1161	4069
PB1|PP755595.1|A/cattle/Texas/24-008749-003/2024(H5N1)	1162	4117
PB1|PP755595.1|A/cattle/Texas/24-008749-003/2024(H5N1)	1163	4130
PB1|PP755595.1|A/cattle/Texas/24-008749-003/2024(H5N1)	1164	4012
PB1|PP755595.1|A/cattle/Texas/24-008749-003/2024(H5N1)	1165	4009
PB1|PP755595.1|A/cattle/Texas/24-008749-003/2024(H5N1)	1166	4018
PB1|PP755595.1|A/cattle/Texas/24-008749-003/2024(H5N1)	1167	3465
PB1|PP755595.1|A/cattle/Texas/24-008749-003/2024(H5N1)	1168	3465
PB1|PP755595.1|A/cattle/Texas/24-008749-003/2024(H5N1)	1169	3465
PB1|PP755595.1|A/cattle/Texas/24-008749-003/2024(H5N1)	1170	3463
PB1|PP755595.1|A/cattle/Texas/24-008749-003/2024(H5N1)	1171	3480
PB1|PP755595.1|A/cattle/Texas/24-008749-003/2024(H5N1)	1172	3514
PB1|PP755595.1|A/cattle/Texas/24-008749-003/2024(H5N1)	1173	3572
PB1|PP755595.1|A/cattle/Texas/24-008749-003/2024(H5N1)	1174	4009
PB1|PP755595.1|A/cattle/Texas/24-008749-003/2024(H5N1)	1175	4011
PB1|PP755595.1|A/cattle/Texas/24-008749-003/2024(H5N1)	1176	4014
PB1|PP755595.1|A/cattle/Texas/24-008749-003/2024(H5N1)	1177	4018
PB1|PP755595.1|A/cattle/Texas/24-008749-003/2024(H5N1)	1178	4083
PB1|PP755595.1|A/cattle/Texas/24-008749-003/2024(H5N1)	1179	4117
PB1|PP755595.1|A/cattle/Texas/24-008749-003/2024(H5N1)	1180	4525
PB1|PP755595.1|A/cattle/Texas/24-008749-003/2024(H5N1)	1181	4563
PB1|PP755595.1|A/cattle/Texas/24-008749-003/2024(H5N1)	1182	4577
PB1|PP755595.1|A/cattle/Texas/24-008749-003/2024(H5N1)	1183	4823
PB1|PP755595.1|A/cattle/Texas/24-008749-003/2024(H5N1)	1184	4841
PB1|PP755595.1|A/cattle/Texas/24-008749-003/2024(H5N1)	1185	4935
PB1|PP755595.1|A/cattle/Texas/24-008749-003/2024(H5N1)	1186	5043
PB1|PP755595.1|A/cattle/Texas/24-008749-003/2024(H5N1)	1187	5045
PB1|PP755595.1|A/cattle/Texas/24-008749-003/2024(H5N1)	1188	5064
PB1|PP755595.1|A/cattle/Texas/24-008749-003/2024(H5N1)	1189	5081
PB1|PP755595.1|A/cattle/Texas/24-008749-003/2024(H5N1)	1190	5084
PB1|PP755595.1|A/cattle/Texas/24-008749-003/2024(H5N1)	1191	5167
PB1|PP755595.1|A/cattle/Texas/24-008749-003/2024(H5N1)	1192	5167
PB1|PP755595.1|A/cattle/Texas/24-008749-003/2024(H5N1)	1193	5154
PB1|PP755595.1|A/cattle/Texas/24-008749-003/2024(H5N1)	1194	5179
PB1|PP755595.1|A/cattle/Texas/24-008749-003/2024(H5N1)	1195	5180
PB1|PP755595.1|A/cattle/Texas/24-008749-003/2024(H5N1)	1196	5180
PB1|PP755595.1|A/cattle/Texas/24-008749-003/2024(H5N1)	1197	5016
PB1|PP755595.1|A/cattle/Texas/24-008749-003/2024(H5N1)	1198	5016
PB1|PP755595.1|A/cattle/Texas/24-008749-003/2024(H5N1)	1199	5027
PB1|PP755595.1|A/cattle/Texas/24-008749-003/2024(H5N1)	1200	5029
PB1|PP755595.1|A/cattle/Texas/24-008749-003/2024(H5N1)	1201	5446
PB1|PP755595.1|A/cattle/Texas/24-008749-003/2024(H5N1)	1202	5478
PB1|PP755595.1|A/cattle/Texas/24-008749-003/2024(H5N1)	1203	5528
PB1|PP755595.1|A/cattle/Texas/24-008749-003/2024(H5N1)	1204	5541
PB1|PP755595.1|A/cattle/Texas/24-008749-003/2024(H5N1)	1205	5669
PB1|PP755595.1|A/cattle/Texas/24-008749-003/2024(H5N1)	1206	5699
PB1|PP755595.1|A/cattle/Texas/24-008749-003/2024(H5N1)	1207	5732
PB1|PP755595.1|A/cattle/Texas/24-008749-003/2024(H5N1)	1208	5718
PB1|PP755595.1|A/cattle/Texas/24-008749-003/2024(H5N1)	1209	5320
PB1|PP755595.1|A/cattle/Texas/24-008749-003/2024(H5N1)	1210	5318
PB1|PP755595.1|A/cattle/Texas/24-008749-003/2024(H5N1)	1211	5551
PB1|PP755595.1|A/cattle/Texas/24-008749-003/2024(H5N1)	1212	5604
PB1|PP755595.1|A/cattle/Texas/24-008749-003/2024(H5N1)	1213	5645
PB1|PP755595.1|A/cattle/Texas/24-008749-003/2024(H5N1)	1214	5654
PB1|PP755595.1|A/cattle/Texas/24-008749-003/2024(H5N1)	1215	5664
PB1|PP755595.1|A/cattle/Texas/24-008749-003/2024(H5N1)	1216	5700
PB1|PP755595.1|A/cattle/Texas/24-008749-003/2024(H5N1)	1217	5733
PB1|PP755595.1|A/cattle/Texas/24-008749-003/2024(H5N1)	1218	5741
PB1|PP755595.1|A/cattle/Texas/24-008749-003/2024(H5N1)	1219	5752
PB1|PP755595.1|A/cattle/Texas/24-008749-003/2024(H5N1)	1220	5690
PB1|PP755595.1|A/cattle/Texas/24-008749-003/2024(H5N1)	1221	5728
PB1|PP755595.1|A/cattle/Texas/24-008749-003/2024(H5N1)	1222	5765
PB1|PP755595.1|A/cattle/Texas/24-008749-003/2024(H5N1)	1223	5786
PB1|PP755595.1|A/cattle/Texas/24-008749-003/2024(H5N1)	1224	5786
PB1|PP755595.1|A/cattle/Texas/24-008749-003/2024(H5N1)	1225	5742
PB1|PP755595.1|A/cattle/Texas/24-008749-003/2024(H5N1)	1226	5718
PB1|PP755595.1|A/cattle/Texas/24-008749-003/2024(H5N1)	1227	5714
PB1|PP755595.1|A/cattle/Texas/24-008749-003/2024(H5N1)	1228	5773
PB1|PP755595.1|A/cattle/Texas/24-008749-003/2024(H5N1)	1229	5795
PB1|PP755595.1|A/cattle/Texas/24-008749-003/2024(H5N1)	1230	5769
PB1|PP755595.1|A/cattle/Texas/24-008749-003/2024(H5N1)	1231	5784
PB1|PP755595.1|A/cattle/Texas/24-008749-003/2024(H5N1)	1232	5768
PB1|PP755595.1|A/cattle/Texas/24-008749-003/2024(H5N1)	1233	5832
PB1|PP755595.1|A/cattle/Texas/24-008749-003/2024(H5N1)	1234	5880
PB1|PP755595.1|A/cattle/Texas/24-008749-003/2024(H5N1)	1235	5987
PB1|PP755595.1|A/cattle/Texas/24-008749-003/2024(H5N1)	1236	5997
PB1|PP755595.1|A/cattle/Texas/24-008749-003/2024(H5N1)	1237	5956
PB1|PP755595.1|A/cattle/Texas/24-008749-003/2024(H5N1)	1238	5921
PB1|PP755595.1|A/cattle/Texas/24-008749-003/2024(H5N1)	1239	5912
PB1|PP755595.1|A/cattle/Texas/24-008749-003/2024(H5N1)	1240	5908
PB1|PP755595.1|A/cattle/Texas/24-008749-003/2024(H5N1)	1241	5898
PB1|PP755595.1|A/cattle/Texas/24-008749-003/2024(H5N1)	1242	5925
PB1|PP755595.1|A/cattle/Texas/24-008749-003/2024(H5N1)	1243	6028
PB1|PP755595.1|A/cattle/Texas/24-008749-003/2024(H5N1)	1244	5923
PB1|PP755595.1|A/cattle/Texas/24-008749-003/2024(H5N1)	1245	6002
PB1|PP755595.1|A/cattle/Texas/24-008749-003/2024(H5N1)	1246	6054
PB1|PP755595.1|A/cattle/Texas/24-008749-003/2024(H5N1)	1247	6324
PB1|PP755595.1|A/cattle/Texas/24-008749-003/2024(H5N1)	1248	6152
PB1|PP755595.1|A/cattle/Texas/24-008749-003/2024(H5N1)	1249	6088
PB1|PP755595.1|A/cattle/Texas/24-008749-003/2024(H5N1)	1250	6043
PB1|PP755595.1|A/cattle/Texas/24-008749-003/2024(H5N1)	1251	5911
PB1|PP755595.1|A/cattle/Texas/24-008749-003/2024(H5N1)	1252	5907
PB1|PP755595.1|A/cattle/Texas/24-008749-003/2024(H5N1)	1253	5905
PB1|PP755595.1|A/cattle/Texas/24-008749-003/2024(H5N1)	1254	4672
PB1|PP755595.1|A/cattle/Texas/24-008749-003/2024(H5N1)	1255	4668
PB1|PP755595.1|A/cattle/Texas/24-008749-003/2024(H5N1)	1256	4827
PB1|PP755595.1|A/cattle/Texas/24-008749-003/2024(H5N1)	1257	4830
PB1|PP755595.1|A/cattle/Texas/24-008749-003/2024(H5N1)	1258	5845
PB1|PP755595.1|A/cattle/Texas/24-008749-003/2024(H5N1)	1259	5868
PB1|PP755595.1|A/cattle/Texas/24-008749-003/2024(H5N1)	1260	5868
PB1|PP755595.1|A/cattle/Texas/24-008749-003/2024(H5N1)	1261	5887
PB1|PP755595.1|A/cattle/Texas/24-008749-003/2024(H5N1)	1262	5906
PB1|PP755595.1|A/cattle/Texas/24-008749-003/2024(H5N1)	1263	5906
PB1|PP755595.1|A/cattle/Texas/24-008749-003/2024(H5N1)	1264	5997
PB1|PP755595.1|A/cattle/Texas/24-008749-003/2024(H5N1)	1265	5982
PB1|PP755595.1|A/cattle/Texas/24-008749-003/2024(H5N1)	1266	5980
PB1|PP755595.1|A/cattle/Texas/24-008749-003/2024(H5N1)	1267	6016
PB1|PP755595.1|A/cattle/Texas/24-008749-003/2024(H5N1)	1268	6034
PB1|PP755595.1|A/cattle/Texas/24-008749-003/2024(H5N1)	1269	6098
PB1|PP755595.1|A/cattle/Texas/24-008749-003/2024(H5N1)	1270	6125
PB1|PP755595.1|A/cattle/Texas/24-008749-003/2024(H5N1)	1271	6126
PB1|PP755595.1|A/cattle/Texas/24-008749-003/2024(H5N1)	1272	6144
PB1|PP755595.1|A/cattle/Texas/24-008749-003/2024(H5N1)	1273	6146
PB1|PP755595.1|A/cattle/Texas/24-008749-003/2024(H5N1)	1274	6220
PB1|PP755595.1|A/cattle/Texas/24-008749-003/2024(H5N1)	1275	6217
PB1|PP755595.1|A/cattle/Texas/24-008749-003/2024(H5N1)	1276	6104
PB1|PP755595.1|A/cattle/Texas/24-008749-003/2024(H5N1)	1277	6074
PB1|PP755595.1|A/cattle/Texas/24-008749-003/2024(H5N1)	1278	6026
PB1|PP755595.1|A/cattle/Texas/24-008749-003/2024(H5N1)	1279	6046
PB1|PP755595.1|A/cattle/Texas/24-008749-003/2024(H5N1)	1280	6230
PB1|PP755595.1|A/cattle/Texas/24-008749-003/2024(H5N1)	1281	6183
PB1|PP755595.1|A/cattle/Texas/24-008749-003/2024(H5N1)	1282	6149
PB1|PP755595.1|A/cattle/Texas/24-008749-003/2024(H5N1)	1283	6153
PB1|PP755595.1|A/cattle/Texas/24-008749-003/2024(H5N1)	1284	6170
PB1|PP755595.1|A/cattle/Texas/24-008749-003/2024(H5N1)	1285	6183
PB1|PP755595.1|A/cattle/Texas/24-008749-003/2024(H5N1)	1286	6159
PB1|PP755595.1|A/cattle/Texas/24-008749-003/2024(H5N1)	1287	6227
PB1|PP755595.1|A/cattle/Texas/24-008749-003/2024(H5N1)	1288	6222
PB1|PP755595.1|A/cattle/Texas/24-008749-003/2024(H5N1)	1289	6193
PB1|PP755595.1|A/cattle/Texas/24-008749-003/2024(H5N1)	1290	6187
PB1|PP755595.1|A/cattle/Texas/24-008749-003/2024(H5N1)	1291	6187
PB1|PP755595.1|A/cattle/Texas/24-008749-003/2024(H5N1)	1292	6185
PB1|PP755595.1|A/cattle/Texas/24-008749-003/2024(H5N1)	1293	6249
PB1|PP755595.1|A/cattle/Texas/24-008749-003/2024(H5N1)	1294	6247
PB1|PP755595.1|A/cattle/Texas/24-008749-003/2024(H5N1)	1295	6277
PB1|PP755595.1|A/cattle/Texas/24-008749-003/2024(H5N1)	1296	6236
PB1|PP755595.1|A/cattle/Texas/24-008749-003/2024(H5N1)	1297	6228
PB1|PP755595.1|A/cattle/Texas/24-008749-003/2024(H5N1)	1298	6225
PB1|PP755595.1|A/cattle/Texas/24-008749-003/2024(H5N1)	1299	6225
PB1|PP755595.1|A/cattle/Texas/24-008749-003/2024(H5N1)	1300	6395
PB1|PP755595.1|A/cattle/Texas/24-008749-003/2024(H5N1)	1301	6565
PB1|PP755595.1|A/cattle/Texas/24-008749-003/2024(H5N1)	1302	6496
PB1|PP755595.1|A/cattle/Texas/24-008749-003/2024(H5N1)	1303	6534
PB1|PP755595.1|A/cattle/Texas/24-008749-003/2024(H5N1)	1304	6527
PB1|PP755595.1|A/cattle/Texas/24-008749-003/2024(H5N1)	1305	6566
PB1|PP755595.1|A/cattle/Texas/24-008749-003/2024(H5N1)	1306	6648
PB1|PP755595.1|A/cattle/Texas/24-008749-003/2024(H5N1)	1307	6635
PB1|PP755595.1|A/cattle/Texas/24-008749-003/2024(H5N1)	1308	6700
PB1|PP755595.1|A/cattle/Texas/24-008749-003/2024(H5N1)	1309	6513
PB1|PP755595.1|A/cattle/Texas/24-008749-003/2024(H5N1)	1310	6549
PB1|PP755595.1|A/cattle/Texas/24-008749-003/2024(H5N1)	1311	6581
PB1|PP755595.1|A/cattle/Texas/24-008749-003/2024(H5N1)	1312	6545
PB1|PP755595.1|A/cattle/Texas/24-008749-003/2024(H5N1)	1313	6552
PB1|PP755595.1|A/cattle/Texas/24-008749-003/2024(H5N1)	1314	6548
PB1|PP755595.1|A/cattle/Texas/24-008749-003/2024(H5N1)	1315	6565
PB1|PP755595.1|A/cattle/Texas/24-008749-003/2024(H5N1)	1316	6657
PB1|PP755595.1|A/cattle/Texas/24-008749-003/2024(H5N1)	1317	6578
PB1|PP755595.1|A/cattle/Texas/24-008749-003/2024(H5N1)	1318	6598
PB1|PP755595.1|A/cattle/Texas/24-008749-003/2024(H5N1)	1319	6550
PB1|PP755595.1|A/cattle/Texas/24-008749-003/2024(H5N1)	1320	6544
PB1|PP755595.1|A/cattle/Texas/24-008749-003/2024(H5N1)	1321	6757
PB1|PP755595.1|A/cattle/Texas/24-008749-003/2024(H5N1)	1322	6728
PB1|PP755595.1|A/cattle/Texas/24-008749-003/2024(H5N1)	1323	6680
PB1|PP755595.1|A/cattle/Texas/24-008749-003/2024(H5N1)	1324	6666
PB1|PP755595.1|A/cattle/Texas/24-008749-003/2024(H5N1)	1325	6647
PB1|PP755595.1|A/cattle/Texas/24-008749-003/2024(H5N1)	1326	6672
PB1|PP755595.1|A/cattle/Texas/24-008749-003/2024(H5N1)	1327	6671
PB1|PP755595.1|A/cattle/Texas/24-008749-003/2024(H5N1)	1328	6589
PB1|PP755595.1|A/cattle/Texas/24-008749-003/2024(H5N1)	1329	6564
PB1|PP755595.1|A/cattle/Texas/24-008749-003/2024(H5N1)	1330	6376
PB1|PP755595.1|A/cattle/Texas/24-008749-003/2024(H5N1)	1331	6165
PB1|PP755595.1|A/cattle/Texas/24-008749-003/2024(H5N1)	1332	6139
PB1|PP755595.1|A/cattle/Texas/24-008749-003/2024(H5N1)	1333	6139
PB1|PP755595.1|A/cattle/Texas/24-008749-003/2024(H5N1)	1334	6139
PB1|PP755595.1|A/cattle/Texas/24-008749-003/2024(H5N1)	1335	6122
PB1|PP755595.1|A/cattle/Texas/24-008749-003/2024(H5N1)	1336	6039
PB1|PP755595.1|A/cattle/Texas/24-008749-003/2024(H5N1)	1337	5930
PB1|PP755595.1|A/cattle/Texas/24-008749-003/2024(H5N1)	1338	4859
PB1|PP755595.1|A/cattle/Texas/24-008749-003/2024(H5N1)	1339	4840
PB1|PP755595.1|A/cattle/Texas/24-008749-003/2024(H5N1)	1340	4823
PB1|PP755595.1|A/cattle/Texas/24-008749-003/2024(H5N1)	1341	4740
PB1|PP755595.1|A/cattle/Texas/24-008749-003/2024(H5N1)	1342	4740
PB1|PP755595.1|A/cattle/Texas/24-008749-003/2024(H5N1)	1343	4740
PB1|PP755595.1|A/cattle/Texas/24-008749-003/2024(H5N1)	1344	4738
PB1|PP755595.1|A/cattle/Texas/24-008749-003/2024(H5N1)	1345	4782
PB1|PP755595.1|A/cattle/Texas/24-008749-003/2024(H5N1)	1346	4787
PB1|PP755595.1|A/cattle/Texas/24-008749-003/2024(H5N1)	1347	4908
PB1|PP755595.1|A/cattle/Texas/24-008749-003/2024(H5N1)	1348	4908
PB1|PP755595.1|A/cattle/Texas/24-008749-003/2024(H5N1)	1349	4908
PB1|PP755595.1|A/cattle/Texas/24-008749-003/2024(H5N1)	1350	4897
PB1|PP755595.1|A/cattle/Texas/24-008749-003/2024(H5N1)	1351	4970
PB1|PP755595.1|A/cattle/Texas/24-008749-003/2024(H5N1)	1352	5086
PB1|PP755595.1|A/cattle/Texas/24-008749-003/2024(H5N1)	1353	5086
PB1|PP755595.1|A/cattle/Texas/24-008749-003/2024(H5N1)	1354	5106
PB1|PP755595.1|A/cattle/Texas/24-008749-003/2024(H5N1)	1355	5109
PB1|PP755595.1|A/cattle/Texas/24-008749-003/2024(H5N1)	1356	5119
PB1|PP755595.1|A/cattle/Texas/24-008749-003/2024(H5N1)	1357	5139
PB1|PP755595.1|A/cattle/Texas/24-008749-003/2024(H5N1)	1358	5139
PB1|PP755595.1|A/cattle/Texas/24-008749-003/2024(H5N1)	1359	5118
PB1|PP755595.1|A/cattle/Texas/24-008749-003/2024(H5N1)	1360	5126
PB1|PP755595.1|A/cattle/Texas/24-008749-003/2024(H5N1)	1361	5126
PB1|PP755595.1|A/cattle/Texas/24-008749-003/2024(H5N1)	1362	5137
PB1|PP755595.1|A/cattle/Texas/24-008749-003/2024(H5N1)	1363	5637
PB1|PP755595.1|A/cattle/Texas/24-008749-003/2024(H5N1)	1364	5662
PB1|PP755595.1|A/cattle/Texas/24-008749-003/2024(H5N1)	1365	5702
PB1|PP755595.1|A/cattle/Texas/24-008749-003/2024(H5N1)	1366	5706
PB1|PP755595.1|A/cattle/Texas/24-008749-003/2024(H5N1)	1367	5709
PB1|PP755595.1|A/cattle/Texas/24-008749-003/2024(H5N1)	1368	5716
PB1|PP755595.1|A/cattle/Texas/24-008749-003/2024(H5N1)	1369	5722
PB1|PP755595.1|A/cattle/Texas/24-008749-003/2024(H5N1)	1370	5747
PB1|PP755595.1|A/cattle/Texas/24-008749-003/2024(H5N1)	1371	5774
PB1|PP755595.1|A/cattle/Texas/24-008749-003/2024(H5N1)	1372	5986
PB1|PP755595.1|A/cattle/Texas/24-008749-003/2024(H5N1)	1373	6044
PB1|PP755595.1|A/cattle/Texas/24-008749-003/2024(H5N1)	1374	6042
PB1|PP755595.1|A/cattle/Texas/24-008749-003/2024(H5N1)	1375	6354
PB1|PP755595.1|A/cattle/Texas/24-008749-003/2024(H5N1)	1376	6363
PB1|PP755595.1|A/cattle/Texas/24-008749-003/2024(H5N1)	1377	6376
PB1|PP755595.1|A/cattle/Texas/24-008749-003/2024(H5N1)	1378	6313
PB1|PP755595.1|A/cattle/Texas/24-008749-003/2024(H5N1)	1379	6394
PB1|PP755595.1|A/cattle/Texas/24-008749-003/2024(H5N1)	1380	6394
PB1|PP755595.1|A/cattle/Texas/24-008749-003/2024(H5N1)	1381	6395
PB1|PP755595.1|A/cattle/Texas/24-008749-003/2024(H5N1)	1382	6459
PB1|PP755595.1|A/cattle/Texas/24-008749-003/2024(H5N1)	1383	6434
PB1|PP755595.1|A/cattle/Texas/24-008749-003/2024(H5N1)	1384	6492
PB1|PP755595.1|A/cattle/Texas/24-008749-003/2024(H5N1)	1385	6508
PB1|PP755595.1|A/cattle/Texas/24-008749-003/2024(H5N1)	1386	6401
PB1|PP755595.1|A/cattle/Texas/24-008749-003/2024(H5N1)	1387	6382
PB1|PP755595.1|A/cattle/Texas/24-008749-003/2024(H5N1)	1388	6343
PB1|PP755595.1|A/cattle/Texas/24-008749-003/2024(H5N1)	1389	5498
PB1|PP755595.1|A/cattle/Texas/24-008749-003/2024(H5N1)	1390	5544
PB1|PP755595.1|A/cattle/Texas/24-008749-003/2024(H5N1)	1391	5494
PB1|PP755595.1|A/cattle/Texas/24-008749-003/2024(H5N1)	1392	5493
PB1|PP755595.1|A/cattle/Texas/24-008749-003/2024(H5N1)	1393	5507
PB1|PP755595.1|A/cattle/Texas/24-008749-003/2024(H5N1)	1394	5584
PB1|PP755595.1|A/cattle/Texas/24-008749-003/2024(H5N1)	1395	6144
PB1|PP755595.1|A/cattle/Texas/24-008749-003/2024(H5N1)	1396	6656
PB1|PP755595.1|A/cattle/Texas/24-008749-003/2024(H5N1)	1397	6662
PB1|PP755595.1|A/cattle/Texas/24-008749-003/2024(H5N1)	1398	6989
PB1|PP755595.1|A/cattle/Texas/24-008749-003/2024(H5N1)	1399	6997
PB1|PP755595.1|A/cattle/Texas/24-008749-003/2024(H5N1)	1400	7008
PB1|PP755595.1|A/cattle/Texas/24-008749-003/2024(H5N1)	1401	6980
PB1|PP755595.1|A/cattle/Texas/24-008749-003/2024(H5N1)	1402	6950
PB1|PP755595.1|A/cattle/Texas/24-008749-003/2024(H5N1)	1403	6488
PB1|PP755595.1|A/cattle/Texas/24-008749-003/2024(H5N1)	1404	6145
PB1|PP755595.1|A/cattle/Texas/24-008749-003/2024(H5N1)	1405	6183
PB1|PP755595.1|A/cattle/Texas/24-008749-003/2024(H5N1)	1406	6350
PB1|PP755595.1|A/cattle/Texas/24-008749-003/2024(H5N1)	1407	6185
PB1|PP755595.1|A/cattle/Texas/24-008749-003/2024(H5N1)	1408	6174
PB1|PP755595.1|A/cattle/Texas/24-008749-003/2024(H5N1)	1409	6201
PB1|PP755595.1|A/cattle/Texas/24-008749-003/2024(H5N1)	1410	6237
PB1|PP755595.1|A/cattle/Texas/24-008749-003/2024(H5N1)	1411	6236
PB1|PP755595.1|A/cattle/Texas/24-008749-003/2024(H5N1)	1412	6240
PB1|PP755595.1|A/cattle/Texas/24-008749-003/2024(H5N1)	1413	6218
PB1|PP755595.1|A/cattle/Texas/24-008749-003/2024(H5N1)	1414	6239
PB1|PP755595.1|A/cattle/Texas/24-008749-003/2024(H5N1)	1415	6135
PB1|PP755595.1|A/cattle/Texas/24-008749-003/2024(H5N1)	1416	6209
PB1|PP755595.1|A/cattle/Texas/24-008749-003/2024(H5N1)	1417	6217
PB1|PP755595.1|A/cattle/Texas/24-008749-003/2024(H5N1)	1418	6186
PB1|PP755595.1|A/cattle/Texas/24-008749-003/2024(H5N1)	1419	6109
PB1|PP755595.1|A/cattle/Texas/24-008749-003/2024(H5N1)	1420	6104
PB1|PP755595.1|A/cattle/Texas/24-008749-003/2024(H5N1)	1421	6404
PB1|PP755595.1|A/cattle/Texas/24-008749-003/2024(H5N1)	1422	6413
PB1|PP755595.1|A/cattle/Texas/24-008749-003/2024(H5N1)	1423	6646
PB1|PP755595.1|A/cattle/Texas/24-008749-003/2024(H5N1)	1424	6680
PB1|PP755595.1|A/cattle/Texas/24-008749-003/2024(H5N1)	1425	6628
PB1|PP755595.1|A/cattle/Texas/24-008749-003/2024(H5N1)	1426	6626
PB1|PP755595.1|A/cattle/Texas/24-008749-003/2024(H5N1)	1427	6668
PB1|PP755595.1|A/cattle/Texas/24-008749-003/2024(H5N1)	1428	6670
PB1|PP755595.1|A/cattle/Texas/24-008749-003/2024(H5N1)	1429	6766
PB1|PP755595.1|A/cattle/Texas/24-008749-003/2024(H5N1)	1430	6511
PB1|PP755595.1|A/cattle/Texas/24-008749-003/2024(H5N1)	1431	6508
PB1|PP755595.1|A/cattle/Texas/24-008749-003/2024(H5N1)	1432	6498
PB1|PP755595.1|A/cattle/Texas/24-008749-003/2024(H5N1)	1433	6521
PB1|PP755595.1|A/cattle/Texas/24-008749-003/2024(H5N1)	1434	6505
PB1|PP755595.1|A/cattle/Texas/24-008749-003/2024(H5N1)	1435	6748
PB1|PP755595.1|A/cattle/Texas/24-008749-003/2024(H5N1)	1436	6750
PB1|PP755595.1|A/cattle/Texas/24-008749-003/2024(H5N1)	1437	6772
PB1|PP755595.1|A/cattle/Texas/24-008749-003/2024(H5N1)	1438	6736
PB1|PP755595.1|A/cattle/Texas/24-008749-003/2024(H5N1)	1439	6735
PB1|PP755595.1|A/cattle/Texas/24-008749-003/2024(H5N1)	1440	6741
PB1|PP755595.1|A/cattle/Texas/24-008749-003/2024(H5N1)	1441	6772
PB1|PP755595.1|A/cattle/Texas/24-008749-003/2024(H5N1)	1442	6762
PB1|PP755595.1|A/cattle/Texas/24-008749-003/2024(H5N1)	1443	6963
PB1|PP755595.1|A/cattle/Texas/24-008749-003/2024(H5N1)	1444	6937
PB1|PP755595.1|A/cattle/Texas/24-008749-003/2024(H5N1)	1445	6941
PB1|PP755595.1|A/cattle/Texas/24-008749-003/2024(H5N1)	1446	7025
PB1|PP755595.1|A/cattle/Texas/24-008749-003/2024(H5N1)	1447	7076
PB1|PP755595.1|A/cattle/Texas/24-008749-003/2024(H5N1)	1448	7186
PB1|PP755595.1|A/cattle/Texas/24-008749-003/2024(H5N1)	1449	7180
PB1|PP755595.1|A/cattle/Texas/24-008749-003/2024(H5N1)	1450	7187
PB1|PP755595.1|A/cattle/Texas/24-008749-003/2024(H5N1)	1451	7076
PB1|PP755595.1|A/cattle/Texas/24-008749-003/2024(H5N1)	1452	6915
PB1|PP755595.1|A/cattle/Texas/24-008749-003/2024(H5N1)	1453	6939
PB1|PP755595.1|A/cattle/Texas/24-008749-003/2024(H5N1)	1454	6935
PB1|PP755595.1|A/cattle/Texas/24-008749-003/2024(H5N1)	1455	6913
PB1|PP755595.1|A/cattle/Texas/24-008749-003/2024(H5N1)	1456	6765
PB1|PP755595.1|A/cattle/Texas/24-008749-003/2024(H5N1)	1457	6740
PB1|PP755595.1|A/cattle/Texas/24-008749-003/2024(H5N1)	1458	6829
PB1|PP755595.1|A/cattle/Texas/24-008749-003/2024(H5N1)	1459	6826
PB1|PP755595.1|A/cattle/Texas/24-008749-003/2024(H5N1)	1460	6760
PB1|PP755595.1|A/cattle/Texas/24-008749-003/2024(H5N1)	1461	6730
PB1|PP755595.1|A/cattle/Texas/24-008749-003/2024(H5N1)	1462	6722
PB1|PP755595.1|A/cattle/Texas/24-008749-003/2024(H5N1)	1463	6849
PB1|PP755595.1|A/cattle/Texas/24-008749-003/2024(H5N1)	1464	6833
PB1|PP755595.1|A/cattle/Texas/24-008749-003/2024(H5N1)	1465	7092
PB1|PP755595.1|A/cattle/Texas/24-008749-003/2024(H5N1)	1466	7191
PB1|PP755595.1|A/cattle/Texas/24-008749-003/2024(H5N1)	1467	7130
PB1|PP755595.1|A/cattle/Texas/24-008749-003/2024(H5N1)	1468	7176
PB1|PP755595.1|A/cattle/Texas/24-008749-003/2024(H5N1)	1469	7155
PB1|PP755595.1|A/cattle/Texas/24-008749-003/2024(H5N1)	1470	7148
PB1|PP755595.1|A/cattle/Texas/24-008749-003/2024(H5N1)	1471	7140
PB1|PP755595.1|A/cattle/Texas/24-008749-003/2024(H5N1)	1472	7027
PB1|PP755595.1|A/cattle/Texas/24-008749-003/2024(H5N1)	1473	7048
PB1|PP755595.1|A/cattle/Texas/24-008749-003/2024(H5N1)	1474	7128
PB1|PP755595.1|A/cattle/Texas/24-008749-003/2024(H5N1)	1475	7117
PB1|PP755595.1|A/cattle/Texas/24-008749-003/2024(H5N1)	1476	7130
PB1|PP755595.1|A/cattle/Texas/24-008749-003/2024(H5N1)	1477	7118
PB1|PP755595.1|A/cattle/Texas/24-008749-003/2024(H5N1)	1478	7125
PB1|PP755595.1|A/cattle/Texas/24-008749-003/2024(H5N1)	1479	7125
PB1|PP755595.1|A/cattle/Texas/24-008749-003/2024(H5N1)	1480	7173
PB1|PP755595.1|A/cattle/Texas/24-008749-003/2024(H5N1)	1481	7190
PB1|PP755595.1|A/cattle/Texas/24-008749-003/2024(H5N1)	1482	7238
PB1|PP755595.1|A/cattle/Texas/24-008749-003/2024(H5N1)	1483	7255
PB1|PP755595.1|A/cattle/Texas/24-008749-003/2024(H5N1)	1484	7252
PB1|PP755595.1|A/cattle/Texas/24-008749-003/2024(H5N1)	1485	7252
PB1|PP755595.1|A/cattle/Texas/24-008749-003/2024(H5N1)	1486	7295
PB1|PP755595.1|A/cattle/Texas/24-008749-003/2024(H5N1)	1487	7273
PB1|PP755595.1|A/cattle/Texas/24-008749-003/2024(H5N1)	1488	7356
PB1|PP755595.1|A/cattle/Texas/24-008749-003/2024(H5N1)	1489	7327
PB1|PP755595.1|A/cattle/Texas/24-008749-003/2024(H5N1)	1490	7317
PB1|PP755595.1|A/cattle/Texas/24-008749-003/2024(H5N1)	1491	7341
PB1|PP755595.1|A/cattle/Texas/24-008749-003/2024(H5N1)	1492	7386
PB1|PP755595.1|A/cattle/Texas/24-008749-003/2024(H5N1)	1493	7428
PB1|PP755595.1|A/cattle/Texas/24-008749-003/2024(H5N1)	1494	7446
PB1|PP755595.1|A/cattle/Texas/24-008749-003/2024(H5N1)	1495	7442
PB1|PP755595.1|A/cattle/Texas/24-008749-003/2024(H5N1)	1496	7463
PB1|PP755595.1|A/cattle/Texas/24-008749-003/2024(H5N1)	1497	7459
PB1|PP755595.1|A/cattle/Texas/24-008749-003/2024(H5N1)	1498	7369
PB1|PP755595.1|A/cattle/Texas/24-008749-003/2024(H5N1)	1499	7542
PB1|PP755595.1|A/cattle/Texas/24-008749-003/2024(H5N1)	1500	7531
PB1|PP755595.1|A/cattle/Texas/24-008749-003/2024(H5N1)	1501	7514
PB1|PP755595.1|A/cattle/Texas/24-008749-003/2024(H5N1)	1502	7420
PB1|PP755595.1|A/cattle/Texas/24-008749-003/2024(H5N1)	1503	7334
PB1|PP755595.1|A/cattle/Texas/24-008749-003/2024(H5N1)	1504	7332
PB1|PP755595.1|A/cattle/Texas/24-008749-003/2024(H5N1)	1505	7304
PB1|PP755595.1|A/cattle/Texas/24-008749-003/2024(H5N1)	1506	6533
PB1|PP755595.1|A/cattle/Texas/24-008749-003/2024(H5N1)	1507	6568
PB1|PP755595.1|A/cattle/Texas/24-008749-003/2024(H5N1)	1508	6503
PB1|PP755595.1|A/cattle/Texas/24-008749-003/2024(H5N1)	1509	6491
PB1|PP755595.1|A/cattle/Texas/24-008749-003/2024(H5N1)	1510	6509
PB1|PP755595.1|A/cattle/Texas/24-008749-003/2024(H5N1)	1511	6537
PB1|PP755595.1|A/cattle/Texas/24-008749-003/2024(H5N1)	1512	6890
PB1|PP755595.1|A/cattle/Texas/24-008749-003/2024(H5N1)	1513	6962
PB1|PP755595.1|A/cattle/Texas/24-008749-003/2024(H5N1)	1514	7013
PB1|PP755595.1|A/cattle/Texas/24-008749-003/2024(H5N1)	1515	7021
PB1|PP755595.1|A/cattle/Texas/24-008749-003/2024(H5N1)	1516	7024
PB1|PP755595.1|A/cattle/Texas/24-008749-003/2024(H5N1)	1517	7446
PB1|PP755595.1|A/cattle/Texas/24-008749-003/2024(H5N1)	1518	7637
PB1|PP755595.1|A/cattle/Texas/24-008749-003/2024(H5N1)	1519	7653
PB1|PP755595.1|A/cattle/Texas/24-008749-003/2024(H5N1)	1520	7673
PB1|PP755595.1|A/cattle/Texas/24-008749-003/2024(H5N1)	1521	7674
PB1|PP755595.1|A/cattle/Texas/24-008749-003/2024(H5N1)	1522	7775
PB1|PP755595.1|A/cattle/Texas/24-008749-003/2024(H5N1)	1523	7724
PB1|PP755595.1|A/cattle/Texas/24-008749-003/2024(H5N1)	1524	7636
PB1|PP755595.1|A/cattle/Texas/24-008749-003/2024(H5N1)	1525	7854
PB1|PP755595.1|A/cattle/Texas/24-008749-003/2024(H5N1)	1526	7868
PB1|PP755595.1|A/cattle/Texas/24-008749-003/2024(H5N1)	1527	7962
PB1|PP755595.1|A/cattle/Texas/24-008749-003/2024(H5N1)	1528	8041
PB1|PP755595.1|A/cattle/Texas/24-008749-003/2024(H5N1)	1529	8076
PB1|PP755595.1|A/cattle/Texas/24-008749-003/2024(H5N1)	1530	8071
PB1|PP755595.1|A/cattle/Texas/24-008749-003/2024(H5N1)	1531	7952
PB1|PP755595.1|A/cattle/Texas/24-008749-003/2024(H5N1)	1532	8253
PB1|PP755595.1|A/cattle/Texas/24-008749-003/2024(H5N1)	1533	8096
PB1|PP755595.1|A/cattle/Texas/24-008749-003/2024(H5N1)	1534	8078
PB1|PP755595.1|A/cattle/Texas/24-008749-003/2024(H5N1)	1535	8079
PB1|PP755595.1|A/cattle/Texas/24-008749-003/2024(H5N1)	1536	8023
PB1|PP755595.1|A/cattle/Texas/24-008749-003/2024(H5N1)	1537	8022
PB1|PP755595.1|A/cattle/Texas/24-008749-003/2024(H5N1)	1538	7917
PB1|PP755595.1|A/cattle/Texas/24-008749-003/2024(H5N1)	1539	7994
PB1|PP755595.1|A/cattle/Texas/24-008749-003/2024(H5N1)	1540	7908
PB1|PP755595.1|A/cattle/Texas/24-008749-003/2024(H5N1)	1541	7835
PB1|PP755595.1|A/cattle/Texas/24-008749-003/2024(H5N1)	1542	7841
PB1|PP755595.1|A/cattle/Texas/24-008749-003/2024(H5N1)	1543	7845
PB1|PP755595.1|A/cattle/Texas/24-008749-003/2024(H5N1)	1544	7275
PB1|PP755595.1|A/cattle/Texas/24-008749-003/2024(H5N1)	1545	7262
PB1|PP755595.1|A/cattle/Texas/24-008749-003/2024(H5N1)	1546	7289
PB1|PP755595.1|A/cattle/Texas/24-008749-003/2024(H5N1)	1547	7354
PB1|PP755595.1|A/cattle/Texas/24-008749-003/2024(H5N1)	1548	7366
PB1|PP755595.1|A/cattle/Texas/24-008749-003/2024(H5N1)	1549	7169
PB1|PP755595.1|A/cattle/Texas/24-008749-003/2024(H5N1)	1550	7164
PB1|PP755595.1|A/cattle/Texas/24-008749-003/2024(H5N1)	1551	7206
PB1|PP755595.1|A/cattle/Texas/24-008749-003/2024(H5N1)	1552	7213
PB1|PP755595.1|A/cattle/Texas/24-008749-003/2024(H5N1)	1553	7230
PB1|PP755595.1|A/cattle/Texas/24-008749-003/2024(H5N1)	1554	7236
PB1|PP755595.1|A/cattle/Texas/24-008749-003/2024(H5N1)	1555	7207
PB1|PP755595.1|A/cattle/Texas/24-008749-003/2024(H5N1)	1556	7222
PB1|PP755595.1|A/cattle/Texas/24-008749-003/2024(H5N1)	1557	7079
PB1|PP755595.1|A/cattle/Texas/24-008749-003/2024(H5N1)	1558	7069
PB1|PP755595.1|A/cattle/Texas/24-008749-003/2024(H5N1)	1559	7038
PB1|PP755595.1|A/cattle/Texas/24-008749-003/2024(H5N1)	1560	6986
PB1|PP755595.1|A/cattle/Texas/24-008749-003/2024(H5N1)	1561	7095
PB1|PP755595.1|A/cattle/Texas/24-008749-003/2024(H5N1)	1562	7105
PB1|PP755595.1|A/cattle/Texas/24-008749-003/2024(H5N1)	1563	7111
PB1|PP755595.1|A/cattle/Texas/24-008749-003/2024(H5N1)	1564	7315
PB1|PP755595.1|A/cattle/Texas/24-008749-003/2024(H5N1)	1565	7335
PB1|PP755595.1|A/cattle/Texas/24-008749-003/2024(H5N1)	1566	7317
PB1|PP755595.1|A/cattle/Texas/24-008749-003/2024(H5N1)	1567	7337
PB1|PP755595.1|A/cattle/Texas/24-008749-003/2024(H5N1)	1568	7321
PB1|PP755595.1|A/cattle/Texas/24-008749-003/2024(H5N1)	1569	7355
PB1|PP755595.1|A/cattle/Texas/24-008749-003/2024(H5N1)	1570	7292
PB1|PP755595.1|A/cattle/Texas/24-008749-003/2024(H5N1)	1571	7405
PB1|PP755595.1|A/cattle/Texas/24-008749-003/2024(H5N1)	1572	7142
PB1|PP755595.1|A/cattle/Texas/24-008749-003/2024(H5N1)	1573	7074
PB1|PP755595.1|A/cattle/Texas/24-008749-003/2024(H5N1)	1574	7058
PB1|PP755595.1|A/cattle/Texas/24-008749-003/2024(H5N1)	1575	7013
PB1|PP755595.1|A/cattle/Texas/24-008749-003/2024(H5N1)	1576	7016
PB1|PP755595.1|A/cattle/Texas/24-008749-003/2024(H5N1)	1577	7008
PB1|PP755595.1|A/cattle/Texas/24-008749-003/2024(H5N1)	1578	6926
PB1|PP755595.1|A/cattle/Texas/24-008749-003/2024(H5N1)	1579	6924
PB1|PP755595.1|A/cattle/Texas/24-008749-003/2024(H5N1)	1580	6825
PB1|PP755595.1|A/cattle/Texas/24-008749-003/2024(H5N1)	1581	6834
PB1|PP755595.1|A/cattle/Texas/24-008749-003/2024(H5N1)	1582	7162
PB1|PP755595.1|A/cattle/Texas/24-008749-003/2024(H5N1)	1583	7190
PB1|PP755595.1|A/cattle/Texas/24-008749-003/2024(H5N1)	1584	7185
PB1|PP755595.1|A/cattle/Texas/24-008749-003/2024(H5N1)	1585	7236
PB1|PP755595.1|A/cattle/Texas/24-008749-003/2024(H5N1)	1586	7089
PB1|PP755595.1|A/cattle/Texas/24-008749-003/2024(H5N1)	1587	7155
PB1|PP755595.1|A/cattle/Texas/24-008749-003/2024(H5N1)	1588	7257
PB1|PP755595.1|A/cattle/Texas/24-008749-003/2024(H5N1)	1589	7249
PB1|PP755595.1|A/cattle/Texas/24-008749-003/2024(H5N1)	1590	7243
PB1|PP755595.1|A/cattle/Texas/24-008749-003/2024(H5N1)	1591	7269
PB1|PP755595.1|A/cattle/Texas/24-008749-003/2024(H5N1)	1592	7248
PB1|PP755595.1|A/cattle/Texas/24-008749-003/2024(H5N1)	1593	7312
PB1|PP755595.1|A/cattle/Texas/24-008749-003/2024(H5N1)	1594	7235
PB1|PP755595.1|A/cattle/Texas/24-008749-003/2024(H5N1)	1595	7242
PB1|PP755595.1|A/cattle/Texas/24-008749-003/2024(H5N1)	1596	7277
PB1|PP755595.1|A/cattle/Texas/24-008749-003/2024(H5N1)	1597	7147
PB1|PP755595.1|A/cattle/Texas/24-008749-003/2024(H5N1)	1598	7144
PB1|PP755595.1|A/cattle/Texas/24-008749-003/2024(H5N1)	1599	7419
PB1|PP755595.1|A/cattle/Texas/24-008749-003/2024(H5N1)	1600	7460
PB1|PP755595.1|A/cattle/Texas/24-008749-003/2024(H5N1)	1601	7482
PB1|PP755595.1|A/cattle/Texas/24-008749-003/2024(H5N1)	1602	7471
PB1|PP755595.1|A/cattle/Texas/24-008749-003/2024(H5N1)	1603	7444
PB1|PP755595.1|A/cattle/Texas/24-008749-003/2024(H5N1)	1604	7480
PB1|PP755595.1|A/cattle/Texas/24-008749-003/2024(H5N1)	1605	7445
PB1|PP755595.1|A/cattle/Texas/24-008749-003/2024(H5N1)	1606	7480
PB1|PP755595.1|A/cattle/Texas/24-008749-003/2024(H5N1)	1607	7572
PB1|PP755595.1|A/cattle/Texas/24-008749-003/2024(H5N1)	1608	7484
PB1|PP755595.1|A/cattle/Texas/24-008749-003/2024(H5N1)	1609	7493
PB1|PP755595.1|A/cattle/Texas/24-008749-003/2024(H5N1)	1610	7585
PB1|PP755595.1|A/cattle/Texas/24-008749-003/2024(H5N1)	1611	7557
PB1|PP755595.1|A/cattle/Texas/24-008749-003/2024(H5N1)	1612	7564
PB1|PP755595.1|A/cattle/Texas/24-008749-003/2024(H5N1)	1613	7654
PB1|PP755595.1|A/cattle/Texas/24-008749-003/2024(H5N1)	1614	7697
PB1|PP755595.1|A/cattle/Texas/24-008749-003/2024(H5N1)	1615	7763
PB1|PP755595.1|A/cattle/Texas/24-008749-003/2024(H5N1)	1616	7655
PB1|PP755595.1|A/cattle/Texas/24-008749-003/2024(H5N1)	1617	7618
PB1|PP755595.1|A/cattle/Texas/24-008749-003/2024(H5N1)	1618	7649
PB1|PP755595.1|A/cattle/Texas/24-008749-003/2024(H5N1)	1619	7646
PB1|PP755595.1|A/cattle/Texas/24-008749-003/2024(H5N1)	1620	7777
PB1|PP755595.1|A/cattle/Texas/24-008749-003/2024(H5N1)	1621	7780
PB1|PP755595.1|A/cattle/Texas/24-008749-003/2024(H5N1)	1622	7653
PB1|PP755595.1|A/cattle/Texas/24-008749-003/2024(H5N1)	1623	7511
PB1|PP755595.1|A/cattle/Texas/24-008749-003/2024(H5N1)	1624	7512
PB1|PP755595.1|A/cattle/Texas/24-008749-003/2024(H5N1)	1625	7672
PB1|PP755595.1|A/cattle/Texas/24-008749-003/2024(H5N1)	1626	7667
PB1|PP755595.1|A/cattle/Texas/24-008749-003/2024(H5N1)	1627	7648
PB1|PP755595.1|A/cattle/Texas/24-008749-003/2024(H5N1)	1628	7634
PB1|PP755595.1|A/cattle/Texas/24-008749-003/2024(H5N1)	1629	7575
PB1|PP755595.1|A/cattle/Texas/24-008749-003/2024(H5N1)	1630	7622
PB1|PP755595.1|A/cattle/Texas/24-008749-003/2024(H5N1)	1631	7681
PB1|PP755595.1|A/cattle/Texas/24-008749-003/2024(H5N1)	1632	7667
PB1|PP755595.1|A/cattle/Texas/24-008749-003/2024(H5N1)	1633	7610
PB1|PP755595.1|A/cattle/Texas/24-008749-003/2024(H5N1)	1634	7581
PB1|PP755595.1|A/cattle/Texas/24-008749-003/2024(H5N1)	1635	7579
PB1|PP755595.1|A/cattle/Texas/24-008749-003/2024(H5N1)	1636	7578
PB1|PP755595.1|A/cattle/Texas/24-008749-003/2024(H5N1)	1637	7536
PB1|PP755595.1|A/cattle/Texas/24-008749-003/2024(H5N1)	1638	7529
PB1|PP755595.1|A/cattle/Texas/24-008749-003/2024(H5N1)	1639	7415
PB1|PP755595.1|A/cattle/Texas/24-008749-003/2024(H5N1)	1640	7381
PB1|PP755595.1|A/cattle/Texas/24-008749-003/2024(H5N1)	1641	6981
PB1|PP755595.1|A/cattle/Texas/24-008749-003/2024(H5N1)	1642	6890
PB1|PP755595.1|A/cattle/Texas/24-008749-003/2024(H5N1)	1643	6864
PB1|PP755595.1|A/cattle/Texas/24-008749-003/2024(H5N1)	1644	6862
PB1|PP755595.1|A/cattle/Texas/24-008749-003/2024(H5N1)	1645	6864
PB1|PP755595.1|A/cattle/Texas/24-008749-003/2024(H5N1)	1646	6864
PB1|PP755595.1|A/cattle/Texas/24-008749-003/2024(H5N1)	1647	6848
PB1|PP755595.1|A/cattle/Texas/24-008749-003/2024(H5N1)	1648	7357
PB1|PP755595.1|A/cattle/Texas/24-008749-003/2024(H5N1)	1649	7367
PB1|PP755595.1|A/cattle/Texas/24-008749-003/2024(H5N1)	1650	7474
PB1|PP755595.1|A/cattle/Texas/24-008749-003/2024(H5N1)	1651	7474
PB1|PP755595.1|A/cattle/Texas/24-008749-003/2024(H5N1)	1652	7496
PB1|PP755595.1|A/cattle/Texas/24-008749-003/2024(H5N1)	1653	7507
PB1|PP755595.1|A/cattle/Texas/24-008749-003/2024(H5N1)	1654	7464
PB1|PP755595.1|A/cattle/Texas/24-008749-003/2024(H5N1)	1655	7460
PB1|PP755595.1|A/cattle/Texas/24-008749-003/2024(H5N1)	1656	7444
PB1|PP755595.1|A/cattle/Texas/24-008749-003/2024(H5N1)	1657	7420
PB1|PP755595.1|A/cattle/Texas/24-008749-003/2024(H5N1)	1658	7396
PB1|PP755595.1|A/cattle/Texas/24-008749-003/2024(H5N1)	1659	7376
PB1|PP755595.1|A/cattle/Texas/24-008749-003/2024(H5N1)	1660	7557
PB1|PP755595.1|A/cattle/Texas/24-008749-003/2024(H5N1)	1661	7577
PB1|PP755595.1|A/cattle/Texas/24-008749-003/2024(H5N1)	1662	7558
PB1|PP755595.1|A/cattle/Texas/24-008749-003/2024(H5N1)	1663	7182
PB1|PP755595.1|A/cattle/Texas/24-008749-003/2024(H5N1)	1664	7179
PB1|PP755595.1|A/cattle/Texas/24-008749-003/2024(H5N1)	1665	7126
PB1|PP755595.1|A/cattle/Texas/24-008749-003/2024(H5N1)	1666	7119
PB1|PP755595.1|A/cattle/Texas/24-008749-003/2024(H5N1)	1667	7114
PB1|PP755595.1|A/cattle/Texas/24-008749-003/2024(H5N1)	1668	6705
PB1|PP755595.1|A/cattle/Texas/24-008749-003/2024(H5N1)	1669	6501
PB1|PP755595.1|A/cattle/Texas/24-008749-003/2024(H5N1)	1670	6498
PB1|PP755595.1|A/cattle/Texas/24-008749-003/2024(H5N1)	1671	6482
PB1|PP755595.1|A/cattle/Texas/24-008749-003/2024(H5N1)	1672	6478
PB1|PP755595.1|A/cattle/Texas/24-008749-003/2024(H5N1)	1673	6356
PB1|PP755595.1|A/cattle/Texas/24-008749-003/2024(H5N1)	1674	5978
PB1|PP755595.1|A/cattle/Texas/24-008749-003/2024(H5N1)	1675	5976
PB1|PP755595.1|A/cattle/Texas/24-008749-003/2024(H5N1)	1676	5898
PB1|PP755595.1|A/cattle/Texas/24-008749-003/2024(H5N1)	1677	5811
PB1|PP755595.1|A/cattle/Texas/24-008749-003/2024(H5N1)	1678	6912
PB1|PP755595.1|A/cattle/Texas/24-008749-003/2024(H5N1)	1679	6912
PB1|PP755595.1|A/cattle/Texas/24-008749-003/2024(H5N1)	1680	6830
PB1|PP755595.1|A/cattle/Texas/24-008749-003/2024(H5N1)	1681	6819
PB1|PP755595.1|A/cattle/Texas/24-008749-003/2024(H5N1)	1682	6808
PB1|PP755595.1|A/cattle/Texas/24-008749-003/2024(H5N1)	1683	6540
PB1|PP755595.1|A/cattle/Texas/24-008749-003/2024(H5N1)	1684	6828
PB1|PP755595.1|A/cattle/Texas/24-008749-003/2024(H5N1)	1685	6827
PB1|PP755595.1|A/cattle/Texas/24-008749-003/2024(H5N1)	1686	6833
PB1|PP755595.1|A/cattle/Texas/24-008749-003/2024(H5N1)	1687	6834
PB1|PP755595.1|A/cattle/Texas/24-008749-003/2024(H5N1)	1688	6831
PB1|PP755595.1|A/cattle/Texas/24-008749-003/2024(H5N1)	1689	6737
PB1|PP755595.1|A/cattle/Texas/24-008749-003/2024(H5N1)	1690	6727
PB1|PP755595.1|A/cattle/Texas/24-008749-003/2024(H5N1)	1691	6705
PB1|PP755595.1|A/cattle/Texas/24-008749-003/2024(H5N1)	1692	6492
PB1|PP755595.1|A/cattle/Texas/24-008749-003/2024(H5N1)	1693	6736
PB1|PP755595.1|A/cattle/Texas/24-008749-003/2024(H5N1)	1694	6781
PB1|PP755595.1|A/cattle/Texas/24-008749-003/2024(H5N1)	1695	6787
PB1|PP755595.1|A/cattle/Texas/24-008749-003/2024(H5N1)	1696	6795
PB1|PP755595.1|A/cattle/Texas/24-008749-003/2024(H5N1)	1697	6744
PB1|PP755595.1|A/cattle/Texas/24-008749-003/2024(H5N1)	1698	6770
PB1|PP755595.1|A/cattle/Texas/24-008749-003/2024(H5N1)	1699	6761
PB1|PP755595.1|A/cattle/Texas/24-008749-003/2024(H5N1)	1700	6658
PB1|PP755595.1|A/cattle/Texas/24-008749-003/2024(H5N1)	1701	6678
PB1|PP755595.1|A/cattle/Texas/24-008749-003/2024(H5N1)	1702	6645
PB1|PP755595.1|A/cattle/Texas/24-008749-003/2024(H5N1)	1703	6651
PB1|PP755595.1|A/cattle/Texas/24-008749-003/2024(H5N1)	1704	6635
PB1|PP755595.1|A/cattle/Texas/24-008749-003/2024(H5N1)	1705	6636
PB1|PP755595.1|A/cattle/Texas/24-008749-003/2024(H5N1)	1706	6598
PB1|PP755595.1|A/cattle/Texas/24-008749-003/2024(H5N1)	1707	6589
PB1|PP755595.1|A/cattle/Texas/24-008749-003/2024(H5N1)	1708	6585
PB1|PP755595.1|A/cattle/Texas/24-008749-003/2024(H5N1)	1709	6536
PB1|PP755595.1|A/cattle/Texas/24-008749-003/2024(H5N1)	1710	6511
PB1|PP755595.1|A/cattle/Texas/24-008749-003/2024(H5N1)	1711	6560
PB1|PP755595.1|A/cattle/Texas/24-008749-003/2024(H5N1)	1712	6465
PB1|PP755595.1|A/cattle/Texas/24-008749-003/2024(H5N1)	1713	6465
PB1|PP755595.1|A/cattle/Texas/24-008749-003/2024(H5N1)	1714	6445
PB1|PP755595.1|A/cattle/Texas/24-008749-003/2024(H5N1)	1715	6313
PB1|PP755595.1|A/cattle/Texas/24-008749-003/2024(H5N1)	1716	6293
PB1|PP755595.1|A/cattle/Texas/24-008749-003/2024(H5N1)	1717	6532
PB1|PP755595.1|A/cattle/Texas/24-008749-003/2024(H5N1)	1718	6550
PB1|PP755595.1|A/cattle/Texas/24-008749-003/2024(H5N1)	1719	6520
PB1|PP755595.1|A/cattle/Texas/24-008749-003/2024(H5N1)	1720	6522
PB1|PP755595.1|A/cattle/Texas/24-008749-003/2024(H5N1)	1721	6532
PB1|PP755595.1|A/cattle/Texas/24-008749-003/2024(H5N1)	1722	6447
PB1|PP755595.1|A/cattle/Texas/24-008749-003/2024(H5N1)	1723	6441
PB1|PP755595.1|A/cattle/Texas/24-008749-003/2024(H5N1)	1724	6390
PB1|PP755595.1|A/cattle/Texas/24-008749-003/2024(H5N1)	1725	6388
PB1|PP755595.1|A/cattle/Texas/24-008749-003/2024(H5N1)	1726	6100
PB1|PP755595.1|A/cattle/Texas/24-008749-003/2024(H5N1)	1727	6061
PB1|PP755595.1|A/cattle/Texas/24-008749-003/2024(H5N1)	1728	6060
PB1|PP755595.1|A/cattle/Texas/24-008749-003/2024(H5N1)	1729	6058
PB1|PP755595.1|A/cattle/Texas/24-008749-003/2024(H5N1)	1730	6052
PB1|PP755595.1|A/cattle/Texas/24-008749-003/2024(H5N1)	1731	5888
PB1|PP755595.1|A/cattle/Texas/24-008749-003/2024(H5N1)	1732	5866
PB1|PP755595.1|A/cattle/Texas/24-008749-003/2024(H5N1)	1733	5833
PB1|PP755595.1|A/cattle/Texas/24-008749-003/2024(H5N1)	1734	5806
PB1|PP755595.1|A/cattle/Texas/24-008749-003/2024(H5N1)	1735	5592
PB1|PP755595.1|A/cattle/Texas/24-008749-003/2024(H5N1)	1736	5592
PB1|PP755595.1|A/cattle/Texas/24-008749-003/2024(H5N1)	1737	5556
PB1|PP755595.1|A/cattle/Texas/24-008749-003/2024(H5N1)	1738	6307
PB1|PP755595.1|A/cattle/Texas/24-008749-003/2024(H5N1)	1739	6312
PB1|PP755595.1|A/cattle/Texas/24-008749-003/2024(H5N1)	1740	6312
PB1|PP755595.1|A/cattle/Texas/24-008749-003/2024(H5N1)	1741	6312
PB1|PP755595.1|A/cattle/Texas/24-008749-003/2024(H5N1)	1742	6288
PB1|PP755595.1|A/cattle/Texas/24-008749-003/2024(H5N1)	1743	6217
PB1|PP755595.1|A/cattle/Texas/24-008749-003/2024(H5N1)	1744	6153
PB1|PP755595.1|A/cattle/Texas/24-008749-003/2024(H5N1)	1745	6055
PB1|PP755595.1|A/cattle/Texas/24-008749-003/2024(H5N1)	1746	6048
PB1|PP755595.1|A/cattle/Texas/24-008749-003/2024(H5N1)	1747	5977
PB1|PP755595.1|A/cattle/Texas/24-008749-003/2024(H5N1)	1748	5937
PB1|PP755595.1|A/cattle/Texas/24-008749-003/2024(H5N1)	1749	5912
PB1|PP755595.1|A/cattle/Texas/24-008749-003/2024(H5N1)	1750	5508
PB1|PP755595.1|A/cattle/Texas/24-008749-003/2024(H5N1)	1751	5508
PB1|PP755595.1|A/cattle/Texas/24-008749-003/2024(H5N1)	1752	5465
PB1|PP755595.1|A/cattle/Texas/24-008749-003/2024(H5N1)	1753	5422
PB1|PP755595.1|A/cattle/Texas/24-008749-003/2024(H5N1)	1754	5420
PB1|PP755595.1|A/cattle/Texas/24-008749-003/2024(H5N1)	1755	5357
PB1|PP755595.1|A/cattle/Texas/24-008749-003/2024(H5N1)	1756	5355
PB1|PP755595.1|A/cattle/Texas/24-008749-003/2024(H5N1)	1757	5332
PB1|PP755595.1|A/cattle/Texas/24-008749-003/2024(H5N1)	1758	4830
PB1|PP755595.1|A/cattle/Texas/24-008749-003/2024(H5N1)	1759	4788
PB1|PP755595.1|A/cattle/Texas/24-008749-003/2024(H5N1)	1760	5375
PB1|PP755595.1|A/cattle/Texas/24-008749-003/2024(H5N1)	1761	5375
PB1|PP755595.1|A/cattle/Texas/24-008749-003/2024(H5N1)	1762	5466
PB1|PP755595.1|A/cattle/Texas/24-008749-003/2024(H5N1)	1763	5530
PB1|PP755595.1|A/cattle/Texas/24-008749-003/2024(H5N1)	1764	5442
PB1|PP755595.1|A/cattle/Texas/24-008749-003/2024(H5N1)	1765	5272
PB1|PP755595.1|A/cattle/Texas/24-008749-003/2024(H5N1)	1766	5148
PB1|PP755595.1|A/cattle/Texas/24-008749-003/2024(H5N1)	1767	5137
PB1|PP755595.1|A/cattle/Texas/24-008749-003/2024(H5N1)	1768	5121
PB1|PP755595.1|A/cattle/Texas/24-008749-003/2024(H5N1)	1769	5118
PB1|PP755595.1|A/cattle/Texas/24-008749-003/2024(H5N1)	1770	5085
PB1|PP755595.1|A/cattle/Texas/24-008749-003/2024(H5N1)	1771	4965
PB1|PP755595.1|A/cattle/Texas/24-008749-003/2024(H5N1)	1772	4945
PB1|PP755595.1|A/cattle/Texas/24-008749-003/2024(H5N1)	1773	4937
PB1|PP755595.1|A/cattle/Texas/24-008749-003/2024(H5N1)	1774	5244
PB1|PP755595.1|A/cattle/Texas/24-008749-003/2024(H5N1)	1775	5252
PB1|PP755595.1|A/cattle/Texas/24-008749-003/2024(H5N1)	1776	5257
PB1|PP755595.1|A/cattle/Texas/24-008749-003/2024(H5N1)	1777	5263
PB1|PP755595.1|A/cattle/Texas/24-008749-003/2024(H5N1)	1778	5357
PB1|PP755595.1|A/cattle/Texas/24-008749-003/2024(H5N1)	1779	5345
PB1|PP755595.1|A/cattle/Texas/24-008749-003/2024(H5N1)	1780	5286
PB1|PP755595.1|A/cattle/Texas/24-008749-003/2024(H5N1)	1781	5237
PB1|PP755595.1|A/cattle/Texas/24-008749-003/2024(H5N1)	1782	5176
PB1|PP755595.1|A/cattle/Texas/24-008749-003/2024(H5N1)	1783	5173
PB1|PP755595.1|A/cattle/Texas/24-008749-003/2024(H5N1)	1784	5150
PB1|PP755595.1|A/cattle/Texas/24-008749-003/2024(H5N1)	1785	5106
PB1|PP755595.1|A/cattle/Texas/24-008749-003/2024(H5N1)	1786	5106
PB1|PP755595.1|A/cattle/Texas/24-008749-003/2024(H5N1)	1787	5106
PB1|PP755595.1|A/cattle/Texas/24-008749-003/2024(H5N1)	1788	5106
PB1|PP755595.1|A/cattle/Texas/24-008749-003/2024(H5N1)	1789	5106
PB1|PP755595.1|A/cattle/Texas/24-008749-003/2024(H5N1)	1790	5106
PB1|PP755595.1|A/cattle/Texas/24-008749-003/2024(H5N1)	1791	5053
PB1|PP755595.1|A/cattle/Texas/24-008749-003/2024(H5N1)	1792	5032
PB1|PP755595.1|A/cattle/Texas/24-008749-003/2024(H5N1)	1793	4906
PB1|PP755595.1|A/cattle/Texas/24-008749-003/2024(H5N1)	1794	4906
PB1|PP755595.1|A/cattle/Texas/24-008749-003/2024(H5N1)	1795	4900
PB1|PP755595.1|A/cattle/Texas/24-008749-003/2024(H5N1)	1796	4874
PB1|PP755595.1|A/cattle/Texas/24-008749-003/2024(H5N1)	1797	4871
PB1|PP755595.1|A/cattle/Texas/24-008749-003/2024(H5N1)	1798	4666
PB1|PP755595.1|A/cattle/Texas/24-008749-003/2024(H5N1)	1799	4650
PB1|PP755595.1|A/cattle/Texas/24-008749-003/2024(H5N1)	1800	1688
PB1|PP755595.1|A/cattle/Texas/24-008749-003/2024(H5N1)	1801	1688
PB1|PP755595.1|A/cattle/Texas/24-008749-003/2024(H5N1)	1802	1688
PB1|PP755595.1|A/cattle/Texas/24-008749-003/2024(H5N1)	1803	1688
PB1|PP755595.1|A/cattle/Texas/24-008749-003/2024(H5N1)	1804	1688
PB1|PP755595.1|A/cattle/Texas/24-008749-003/2024(H5N1)	1805	1688
PB1|PP755595.1|A/cattle/Texas/24-008749-003/2024(H5N1)	1806	1688
PB1|PP755595.1|A/cattle/Texas/24-008749-003/2024(H5N1)	1807	1689
PB1|PP755595.1|A/cattle/Texas/24-008749-003/2024(H5N1)	1808	1689
PB1|PP755595.1|A/cattle/Texas/24-008749-003/2024(H5N1)	1809	1689
PB1|PP755595.1|A/cattle/Texas/24-008749-003/2024(H5N1)	1810	1689
PB1|PP755595.1|A/cattle/Texas/24-008749-003/2024(H5N1)	1811	1689
PB1|PP755595.1|A/cattle/Texas/24-008749-003/2024(H5N1)	1812	1689
PB1|PP755595.1|A/cattle/Texas/24-008749-003/2024(H5N1)	1813	1689
PB1|PP755595.1|A/cattle/Texas/24-008749-003/2024(H5N1)	1814	1689
PB1|PP755595.1|A/cattle/Texas/24-008749-003/2024(H5N1)	1815	1688
PB1|PP755595.1|A/cattle/Texas/24-008749-003/2024(H5N1)	1816	1688
PB1|PP755595.1|A/cattle/Texas/24-008749-003/2024(H5N1)	1817	1688
PB1|PP755595.1|A/cattle/Texas/24-008749-003/2024(H5N1)	1818	1687
PB1|PP755595.1|A/cattle/Texas/24-008749-003/2024(H5N1)	1819	1687
PB1|PP755595.1|A/cattle/Texas/24-008749-003/2024(H5N1)	1820	1687
PB1|PP755595.1|A/cattle/Texas/24-008749-003/2024(H5N1)	1821	1687
PB1|PP755595.1|A/cattle/Texas/24-008749-003/2024(H5N1)	1822	1687
PB1|PP755595.1|A/cattle/Texas/24-008749-003/2024(H5N1)	1823	1687
PB1|PP755595.1|A/cattle/Texas/24-008749-003/2024(H5N1)	1824	1687
PB1|PP755595.1|A/cattle/Texas/24-008749-003/2024(H5N1)	1825	1960
PB1|PP755595.1|A/cattle/Texas/24-008749-003/2024(H5N1)	1826	1960
PB1|PP755595.1|A/cattle/Texas/24-008749-003/2024(H5N1)	1827	1960
PB1|PP755595.1|A/cattle/Texas/24-008749-003/2024(H5N1)	1828	1960
PB1|PP755595.1|A/cattle/Texas/24-008749-003/2024(H5N1)	1829	1960
PB1|PP755595.1|A/cattle/Texas/24-008749-003/2024(H5N1)	1830	1960
PB1|PP755595.1|A/cattle/Texas/24-008749-003/2024(H5N1)	1831	1960
PB1|PP755595.1|A/cattle/Texas/24-008749-003/2024(H5N1)	1832	1960
PB1|PP755595.1|A/cattle/Texas/24-008749-003/2024(H5N1)	1833	1960
PB1|PP755595.1|A/cattle/Texas/24-008749-003/2024(H5N1)	1834	1974
PB1|PP755595.1|A/cattle/Texas/24-008749-003/2024(H5N1)	1835	1997
PB1|PP755595.1|A/cattle/Texas/24-008749-003/2024(H5N1)	1836	1997
PB1|PP755595.1|A/cattle/Texas/24-008749-003/2024(H5N1)	1837	2037
PB1|PP755595.1|A/cattle/Texas/24-008749-003/2024(H5N1)	1838	2057
PB1|PP755595.1|A/cattle/Texas/24-008749-003/2024(H5N1)	1839	2076
PB1|PP755595.1|A/cattle/Texas/24-008749-003/2024(H5N1)	1840	2133
PB1|PP755595.1|A/cattle/Texas/24-008749-003/2024(H5N1)	1841	2133
PB1|PP755595.1|A/cattle/Texas/24-008749-003/2024(H5N1)	1842	2133
PB1|PP755595.1|A/cattle/Texas/24-008749-003/2024(H5N1)	1843	2191
PB1|PP755595.1|A/cattle/Texas/24-008749-003/2024(H5N1)	1844	2192
PB1|PP755595.1|A/cattle/Texas/24-008749-003/2024(H5N1)	1845	2232
PB1|PP755595.1|A/cattle/Texas/24-008749-003/2024(H5N1)	1846	5011
PB1|PP755595.1|A/cattle/Texas/24-008749-003/2024(H5N1)	1847	5021
PB1|PP755595.1|A/cattle/Texas/24-008749-003/2024(H5N1)	1848	5045
PB1|PP755595.1|A/cattle/Texas/24-008749-003/2024(H5N1)	1849	5190
PB1|PP755595.1|A/cattle/Texas/24-008749-003/2024(H5N1)	1850	5494
PB1|PP755595.1|A/cattle/Texas/24-008749-003/2024(H5N1)	1851	5496
PB1|PP755595.1|A/cattle/Texas/24-008749-003/2024(H5N1)	1852	5499
PB1|PP755595.1|A/cattle/Texas/24-008749-003/2024(H5N1)	1853	5642
PB1|PP755595.1|A/cattle/Texas/24-008749-003/2024(H5N1)	1854	5645
PB1|PP755595.1|A/cattle/Texas/24-008749-003/2024(H5N1)	1855	5704
PB1|PP755595.1|A/cattle/Texas/24-008749-003/2024(H5N1)	1856	5704
PB1|PP755595.1|A/cattle/Texas/24-008749-003/2024(H5N1)	1857	5702
PB1|PP755595.1|A/cattle/Texas/24-008749-003/2024(H5N1)	1858	5768
PB1|PP755595.1|A/cattle/Texas/24-008749-003/2024(H5N1)	1859	5772
PB1|PP755595.1|A/cattle/Texas/24-008749-003/2024(H5N1)	1860	5878
PB1|PP755595.1|A/cattle/Texas/24-008749-003/2024(H5N1)	1861	5880
PB1|PP755595.1|A/cattle/Texas/24-008749-003/2024(H5N1)	1862	5902
PB1|PP755595.1|A/cattle/Texas/24-008749-003/2024(H5N1)	1863	6002
PB1|PP755595.1|A/cattle/Texas/24-008749-003/2024(H5N1)	1864	6061
PB1|PP755595.1|A/cattle/Texas/24-008749-003/2024(H5N1)	1865	6061
PB1|PP755595.1|A/cattle/Texas/24-008749-003/2024(H5N1)	1866	6061
PB1|PP755595.1|A/cattle/Texas/24-008749-003/2024(H5N1)	1867	6074
PB1|PP755595.1|A/cattle/Texas/24-008749-003/2024(H5N1)	1868	6106
PB1|PP755595.1|A/cattle/Texas/24-008749-003/2024(H5N1)	1869	6170
PB1|PP755595.1|A/cattle/Texas/24-008749-003/2024(H5N1)	1870	6172
PB1|PP755595.1|A/cattle/Texas/24-008749-003/2024(H5N1)	1871	6172
PB1|PP755595.1|A/cattle/Texas/24-008749-003/2024(H5N1)	1872	6175
PB1|PP755595.1|A/cattle/Texas/24-008749-003/2024(H5N1)	1873	6260
PB1|PP755595.1|A/cattle/Texas/24-008749-003/2024(H5N1)	1874	6284
PB1|PP755595.1|A/cattle/Texas/24-008749-003/2024(H5N1)	1875	6293
PB1|PP755595.1|A/cattle/Texas/24-008749-003/2024(H5N1)	1876	6293
PB1|PP755595.1|A/cattle/Texas/24-008749-003/2024(H5N1)	1877	6293
PB1|PP755595.1|A/cattle/Texas/24-008749-003/2024(H5N1)	1878	6293
PB1|PP755595.1|A/cattle/Texas/24-008749-003/2024(H5N1)	1879	6294
PB1|PP755595.1|A/cattle/Texas/24-008749-003/2024(H5N1)	1880	6294
PB1|PP755595.1|A/cattle/Texas/24-008749-003/2024(H5N1)	1881	5307
PB1|PP755595.1|A/cattle/Texas/24-008749-003/2024(H5N1)	1882	5307
PB1|PP755595.1|A/cattle/Texas/24-008749-003/2024(H5N1)	1883	5334
PB1|PP755595.1|A/cattle/Texas/24-008749-003/2024(H5N1)	1884	5344
PB1|PP755595.1|A/cattle/Texas/24-008749-003/2024(H5N1)	1885	5407
PB1|PP755595.1|A/cattle/Texas/24-008749-003/2024(H5N1)	1886	5407
PB1|PP755595.1|A/cattle/Texas/24-008749-003/2024(H5N1)	1887	5406
PB1|PP755595.1|A/cattle/Texas/24-008749-003/2024(H5N1)	1888	5423
PB1|PP755595.1|A/cattle/Texas/24-008749-003/2024(H5N1)	1889	5430
PB1|PP755595.1|A/cattle/Texas/24-008749-003/2024(H5N1)	1890	5490
PB1|PP755595.1|A/cattle/Texas/24-008749-003/2024(H5N1)	1891	7107
PB1|PP755595.1|A/cattle/Texas/24-008749-003/2024(H5N1)	1892	7124
PB1|PP755595.1|A/cattle/Texas/24-008749-003/2024(H5N1)	1893	7127
PB1|PP755595.1|A/cattle/Texas/24-008749-003/2024(H5N1)	1894	7130
PB1|PP755595.1|A/cattle/Texas/24-008749-003/2024(H5N1)	1895	7165
PB1|PP755595.1|A/cattle/Texas/24-008749-003/2024(H5N1)	1896	7166
PB1|PP755595.1|A/cattle/Texas/24-008749-003/2024(H5N1)	1897	7176
PB1|PP755595.1|A/cattle/Texas/24-008749-003/2024(H5N1)	1898	7192
PB1|PP755595.1|A/cattle/Texas/24-008749-003/2024(H5N1)	1899	7228
PB1|PP755595.1|A/cattle/Texas/24-008749-003/2024(H5N1)	1900	7266
PB1|PP755595.1|A/cattle/Texas/24-008749-003/2024(H5N1)	1901	7269
PB1|PP755595.1|A/cattle/Texas/24-008749-003/2024(H5N1)	1902	7371
PB1|PP755595.1|A/cattle/Texas/24-008749-003/2024(H5N1)	1903	7378
PB1|PP755595.1|A/cattle/Texas/24-008749-003/2024(H5N1)	1904	7454
PB1|PP755595.1|A/cattle/Texas/24-008749-003/2024(H5N1)	1905	7454
PB1|PP755595.1|A/cattle/Texas/24-008749-003/2024(H5N1)	1906	7555
PB1|PP755595.1|A/cattle/Texas/24-008749-003/2024(H5N1)	1907	7557
PB1|PP755595.1|A/cattle/Texas/24-008749-003/2024(H5N1)	1908	7493
PB1|PP755595.1|A/cattle/Texas/24-008749-003/2024(H5N1)	1909	7470
PB1|PP755595.1|A/cattle/Texas/24-008749-003/2024(H5N1)	1910	7459
PB1|PP755595.1|A/cattle/Texas/24-008749-003/2024(H5N1)	1911	7202
PB1|PP755595.1|A/cattle/Texas/24-008749-003/2024(H5N1)	1912	7202
PB1|PP755595.1|A/cattle/Texas/24-008749-003/2024(H5N1)	1913	7217
PB1|PP755595.1|A/cattle/Texas/24-008749-003/2024(H5N1)	1914	7217
PB1|PP755595.1|A/cattle/Texas/24-008749-003/2024(H5N1)	1915	7217
PB1|PP755595.1|A/cattle/Texas/24-008749-003/2024(H5N1)	1916	7217
PB1|PP755595.1|A/cattle/Texas/24-008749-003/2024(H5N1)	1917	6876
PB1|PP755595.1|A/cattle/Texas/24-008749-003/2024(H5N1)	1918	6886
PB1|PP755595.1|A/cattle/Texas/24-008749-003/2024(H5N1)	1919	6886
PB1|PP755595.1|A/cattle/Texas/24-008749-003/2024(H5N1)	1920	6886
PB1|PP755595.1|A/cattle/Texas/24-008749-003/2024(H5N1)	1921	6895
PB1|PP755595.1|A/cattle/Texas/24-008749-003/2024(H5N1)	1922	6934
PB1|PP755595.1|A/cattle/Texas/24-008749-003/2024(H5N1)	1923	6940
PB1|PP755595.1|A/cattle/Texas/24-008749-003/2024(H5N1)	1924	7815
PB1|PP755595.1|A/cattle/Texas/24-008749-003/2024(H5N1)	1925	7990
PB1|PP755595.1|A/cattle/Texas/24-008749-003/2024(H5N1)	1926	8044
PB1|PP755595.1|A/cattle/Texas/24-008749-003/2024(H5N1)	1927	8081
PB1|PP755595.1|A/cattle/Texas/24-008749-003/2024(H5N1)	1928	8086
PB1|PP755595.1|A/cattle/Texas/24-008749-003/2024(H5N1)	1929	8100
PB1|PP755595.1|A/cattle/Texas/24-008749-003/2024(H5N1)	1930	8100
PB1|PP755595.1|A/cattle/Texas/24-008749-003/2024(H5N1)	1931	8100
PB1|PP755595.1|A/cattle/Texas/24-008749-003/2024(H5N1)	1932	8100
PB1|PP755595.1|A/cattle/Texas/24-008749-003/2024(H5N1)	1933	8100
PB1|PP755595.1|A/cattle/Texas/24-008749-003/2024(H5N1)	1934	8027
PB1|PP755595.1|A/cattle/Texas/24-008749-003/2024(H5N1)	1935	7972
PB1|PP755595.1|A/cattle/Texas/24-008749-003/2024(H5N1)	1936	7950
PB1|PP755595.1|A/cattle/Texas/24-008749-003/2024(H5N1)	1937	7943
PB1|PP755595.1|A/cattle/Texas/24-008749-003/2024(H5N1)	1938	7942
PB1|PP755595.1|A/cattle/Texas/24-008749-003/2024(H5N1)	1939	7680
PB1|PP755595.1|A/cattle/Texas/24-008749-003/2024(H5N1)	1940	7675
PB1|PP755595.1|A/cattle/Texas/24-008749-003/2024(H5N1)	1941	7600
PB1|PP755595.1|A/cattle/Texas/24-008749-003/2024(H5N1)	1942	7590
PB1|PP755595.1|A/cattle/Texas/24-008749-003/2024(H5N1)	1943	7470
PB1|PP755595.1|A/cattle/Texas/24-008749-003/2024(H5N1)	1944	6121
PB1|PP755595.1|A/cattle/Texas/24-008749-003/2024(H5N1)	1945	6103
PB1|PP755595.1|A/cattle/Texas/24-008749-003/2024(H5N1)	1946	6052
PB1|PP755595.1|A/cattle/Texas/24-008749-003/2024(H5N1)	1947	6050
PB1|PP755595.1|A/cattle/Texas/24-008749-003/2024(H5N1)	1948	6050
PB1|PP755595.1|A/cattle/Texas/24-008749-003/2024(H5N1)	1949	6050
PB1|PP755595.1|A/cattle/Texas/24-008749-003/2024(H5N1)	1950	5994
PB1|PP755595.1|A/cattle/Texas/24-008749-003/2024(H5N1)	1951	5993
PB1|PP755595.1|A/cattle/Texas/24-008749-003/2024(H5N1)	1952	5992
PB1|PP755595.1|A/cattle/Texas/24-008749-003/2024(H5N1)	1953	5992
PB1|PP755595.1|A/cattle/Texas/24-008749-003/2024(H5N1)	1954	5992
PB1|PP755595.1|A/cattle/Texas/24-008749-003/2024(H5N1)	1955	5990
PB1|PP755595.1|A/cattle/Texas/24-008749-003/2024(H5N1)	1956	5964
PB1|PP755595.1|A/cattle/Texas/24-008749-003/2024(H5N1)	1957	5965
PB1|PP755595.1|A/cattle/Texas/24-008749-003/2024(H5N1)	1958	5965
PB1|PP755595.1|A/cattle/Texas/24-008749-003/2024(H5N1)	1959	5964
PB1|PP755595.1|A/cattle/Texas/24-008749-003/2024(H5N1)	1960	5965
PB1|PP755595.1|A/cattle/Texas/24-008749-003/2024(H5N1)	1961	5965
PB1|PP755595.1|A/cattle/Texas/24-008749-003/2024(H5N1)	1962	5965
PB1|PP755595.1|A/cattle/Texas/24-008749-003/2024(H5N1)	1963	6264
PB1|PP755595.1|A/cattle/Texas/24-008749-003/2024(H5N1)	1964	6267
PB1|PP755595.1|A/cattle/Texas/24-008749-003/2024(H5N1)	1965	6277
PB1|PP755595.1|A/cattle/Texas/24-008749-003/2024(H5N1)	1966	6280
PB1|PP755595.1|A/cattle/Texas/24-008749-003/2024(H5N1)	1967	6280
PB1|PP755595.1|A/cattle/Texas/24-008749-003/2024(H5N1)	1968	6279
PB1|PP755595.1|A/cattle/Texas/24-008749-003/2024(H5N1)	1969	6279
PB1|PP755595.1|A/cattle/Texas/24-008749-003/2024(H5N1)	1970	6177
PB1|PP755595.1|A/cattle/Texas/24-008749-003/2024(H5N1)	1971	6169
PB1|PP755595.1|A/cattle/Texas/24-008749-003/2024(H5N1)	1972	6163
PB1|PP755595.1|A/cattle/Texas/24-008749-003/2024(H5N1)	1973	6160
PB1|PP755595.1|A/cattle/Texas/24-008749-003/2024(H5N1)	1974	6129
PB1|PP755595.1|A/cattle/Texas/24-008749-003/2024(H5N1)	1975	5758
PB1|PP755595.1|A/cattle/Texas/24-008749-003/2024(H5N1)	1976	5750
PB1|PP755595.1|A/cattle/Texas/24-008749-003/2024(H5N1)	1977	5605
PB1|PP755595.1|A/cattle/Texas/24-008749-003/2024(H5N1)	1978	5595
PB1|PP755595.1|A/cattle/Texas/24-008749-003/2024(H5N1)	1979	5564
PB1|PP755595.1|A/cattle/Texas/24-008749-003/2024(H5N1)	1980	5466
PB1|PP755595.1|A/cattle/Texas/24-008749-003/2024(H5N1)	1981	5459
PB1|PP755595.1|A/cattle/Texas/24-008749-003/2024(H5N1)	1982	5452
PB1|PP755595.1|A/cattle/Texas/24-008749-003/2024(H5N1)	1983	2518
PB1|PP755595.1|A/cattle/Texas/24-008749-003/2024(H5N1)	1984	2487
PB1|PP755595.1|A/cattle/Texas/24-008749-003/2024(H5N1)	1985	2448
PB1|PP755595.1|A/cattle/Texas/24-008749-003/2024(H5N1)	1986	2411
PB1|PP755595.1|A/cattle/Texas/24-008749-003/2024(H5N1)	1987	2411
PB1|PP755595.1|A/cattle/Texas/24-008749-003/2024(H5N1)	1988	2411
PB1|PP755595.1|A/cattle/Texas/24-008749-003/2024(H5N1)	1989	2407
PB1|PP755595.1|A/cattle/Texas/24-008749-003/2024(H5N1)	1990	2407
PB1|PP755595.1|A/cattle/Texas/24-008749-003/2024(H5N1)	1991	2407
PB1|PP755595.1|A/cattle/Texas/24-008749-003/2024(H5N1)	1992	2406
PB1|PP755595.1|A/cattle/Texas/24-008749-003/2024(H5N1)	1993	2406
PB1|PP755595.1|A/cattle/Texas/24-008749-003/2024(H5N1)	1994	2347
PB1|PP755595.1|A/cattle/Texas/24-008749-003/2024(H5N1)	1995	2346
PB1|PP755595.1|A/cattle/Texas/24-008749-003/2024(H5N1)	1996	2346
PB1|PP755595.1|A/cattle/Texas/24-008749-003/2024(H5N1)	1997	2346
PB1|PP755595.1|A/cattle/Texas/24-008749-003/2024(H5N1)	1998	2346
PB1|PP755595.1|A/cattle/Texas/24-008749-003/2024(H5N1)	1999	2198
PB1|PP755595.1|A/cattle/Texas/24-008749-003/2024(H5N1)	2000	2171
PB1|PP755595.1|A/cattle/Texas/24-008749-003/2024(H5N1)	2001	1843
PB1|PP755595.1|A/cattle/Texas/24-008749-003/2024(H5N1)	2002	1849
PB1|PP755595.1|A/cattle/Texas/24-008749-003/2024(H5N1)	2003	1848
PB1|PP755595.1|A/cattle/Texas/24-008749-003/2024(H5N1)	2004	1848
PB1|PP755595.1|A/cattle/Texas/24-008749-003/2024(H5N1)	2005	1848
PB1|PP755595.1|A/cattle/Texas/24-008749-003/2024(H5N1)	2006	1798
PB1|PP755595.1|A/cattle/Texas/24-008749-003/2024(H5N1)	2007	1795
PB1|PP755595.1|A/cattle/Texas/24-008749-003/2024(H5N1)	2008	1795
PB1|PP755595.1|A/cattle/Texas/24-008749-003/2024(H5N1)	2009	1741
PB1|PP755595.1|A/cattle/Texas/24-008749-003/2024(H5N1)	2010	1737
PB1|PP755595.1|A/cattle/Texas/24-008749-003/2024(H5N1)	2011	1619
PB1|PP755595.1|A/cattle/Texas/24-008749-003/2024(H5N1)	2012	1617
PB1|PP755595.1|A/cattle/Texas/24-008749-003/2024(H5N1)	2013	1596
PB1|PP755595.1|A/cattle/Texas/24-008749-003/2024(H5N1)	2014	1461
PB1|PP755595.1|A/cattle/Texas/24-008749-003/2024(H5N1)	2015	1461
PB1|PP755595.1|A/cattle/Texas/24-008749-003/2024(H5N1)	2016	1457
PB1|PP755595.1|A/cattle/Texas/24-008749-003/2024(H5N1)	2017	1457
PB1|PP755595.1|A/cattle/Texas/24-008749-003/2024(H5N1)	2018	1457
PB1|PP755595.1|A/cattle/Texas/24-008749-003/2024(H5N1)	2019	1387
PB1|PP755595.1|A/cattle/Texas/24-008749-003/2024(H5N1)	2020	1430
PB1|PP755595.1|A/cattle/Texas/24-008749-003/2024(H5N1)	2021	1431
PB1|PP755595.1|A/cattle/Texas/24-008749-003/2024(H5N1)	2022	1433
PB1|PP755595.1|A/cattle/Texas/24-008749-003/2024(H5N1)	2023	1434
PB1|PP755595.1|A/cattle/Texas/24-008749-003/2024(H5N1)	2024	1353
PB1|PP755595.1|A/cattle/Texas/24-008749-003/2024(H5N1)	2025	1349
PB1|PP755595.1|A/cattle/Texas/24-008749-003/2024(H5N1)	2026	1349
PB1|PP755595.1|A/cattle/Texas/24-008749-003/2024(H5N1)	2027	1349
PB1|PP755595.1|A/cattle/Texas/24-008749-003/2024(H5N1)	2028	1349
PB1|PP755595.1|A/cattle/Texas/24-008749-003/2024(H5N1)	2029	1323
PB1|PP755595.1|A/cattle/Texas/24-008749-003/2024(H5N1)	2030	1183
PB1|PP755595.1|A/cattle/Texas/24-008749-003/2024(H5N1)	2031	1016
PB1|PP755595.1|A/cattle/Texas/24-008749-003/2024(H5N1)	2032	1016
PB1|PP755595.1|A/cattle/Texas/24-008749-003/2024(H5N1)	2033	1017
PB1|PP755595.1|A/cattle/Texas/24-008749-003/2024(H5N1)	2034	988
PB1|PP755595.1|A/cattle/Texas/24-008749-003/2024(H5N1)	2035	1005
PB1|PP755595.1|A/cattle/Texas/24-008749-003/2024(H5N1)	2036	1005
PB1|PP755595.1|A/cattle/Texas/24-008749-003/2024(H5N1)	2037	1005
PB1|PP755595.1|A/cattle/Texas/24-008749-003/2024(H5N1)	2038	1005
PB1|PP755595.1|A/cattle/Texas/24-008749-003/2024(H5N1)	2039	989
PB1|PP755595.1|A/cattle/Texas/24-008749-003/2024(H5N1)	2040	982
PB1|PP755595.1|A/cattle/Texas/24-008749-003/2024(H5N1)	2041	915
PB1|PP755595.1|A/cattle/Texas/24-008749-003/2024(H5N1)	2042	740
PB1|PP755595.1|A/cattle/Texas/24-008749-003/2024(H5N1)	2043	724
PB1|PP755595.1|A/cattle/Texas/24-008749-003/2024(H5N1)	2044	721
PB1|PP755595.1|A/cattle/Texas/24-008749-003/2024(H5N1)	2045	754
PB1|PP755595.1|A/cattle/Texas/24-008749-003/2024(H5N1)	2046	754
PB1|PP755595.1|A/cattle/Texas/24-008749-003/2024(H5N1)	2047	772
PB1|PP755595.1|A/cattle/Texas/24-008749-003/2024(H5N1)	2048	772
PB1|PP755595.1|A/cattle/Texas/24-008749-003/2024(H5N1)	2049	781
PB1|PP755595.1|A/cattle/Texas/24-008749-003/2024(H5N1)	2050	787
PB1|PP755595.1|A/cattle/Texas/24-008749-003/2024(H5N1)	2051	788
PB1|PP755595.1|A/cattle/Texas/24-008749-003/2024(H5N1)	2052	788
PB1|PP755595.1|A/cattle/Texas/24-008749-003/2024(H5N1)	2053	843
PB1|PP755595.1|A/cattle/Texas/24-008749-003/2024(H5N1)	2054	857
PB1|PP755595.1|A/cattle/Texas/24-008749-003/2024(H5N1)	2055	876
PB1|PP755595.1|A/cattle/Texas/24-008749-003/2024(H5N1)	2056	5656
PB1|PP755595.1|A/cattle/Texas/24-008749-003/2024(H5N1)	2057	5659
PB1|PP755595.1|A/cattle/Texas/24-008749-003/2024(H5N1)	2058	5662
PB1|PP755595.1|A/cattle/Texas/24-008749-003/2024(H5N1)	2059	5781
PB1|PP755595.1|A/cattle/Texas/24-008749-003/2024(H5N1)	2060	5783
PB1|PP755595.1|A/cattle/Texas/24-008749-003/2024(H5N1)	2061	5937
PB1|PP755595.1|A/cattle/Texas/24-008749-003/2024(H5N1)	2062	6034
PB1|PP755595.1|A/cattle/Texas/24-008749-003/2024(H5N1)	2063	6037
PB1|PP755595.1|A/cattle/Texas/24-008749-003/2024(H5N1)	2064	6036
PB1|PP755595.1|A/cattle/Texas/24-008749-003/2024(H5N1)	2065	5895
PB1|PP755595.1|A/cattle/Texas/24-008749-003/2024(H5N1)	2066	5889
PB1|PP755595.1|A/cattle/Texas/24-008749-003/2024(H5N1)	2067	5868
PB1|PP755595.1|A/cattle/Texas/24-008749-003/2024(H5N1)	2068	5883
PB1|PP755595.1|A/cattle/Texas/24-008749-003/2024(H5N1)	2069	5880
PB1|PP755595.1|A/cattle/Texas/24-008749-003/2024(H5N1)	2070	5722
PB1|PP755595.1|A/cattle/Texas/24-008749-003/2024(H5N1)	2071	5731
PB1|PP755595.1|A/cattle/Texas/24-008749-003/2024(H5N1)	2072	5735
PB1|PP755595.1|A/cattle/Texas/24-008749-003/2024(H5N1)	2073	5794
PB1|PP755595.1|A/cattle/Texas/24-008749-003/2024(H5N1)	2074	6269
PB1|PP755595.1|A/cattle/Texas/24-008749-003/2024(H5N1)	2075	6297
PB1|PP755595.1|A/cattle/Texas/24-008749-003/2024(H5N1)	2076	6314
PB1|PP755595.1|A/cattle/Texas/24-008749-003/2024(H5N1)	2077	6327
PB1|PP755595.1|A/cattle/Texas/24-008749-003/2024(H5N1)	2078	6333
PB1|PP755595.1|A/cattle/Texas/24-008749-003/2024(H5N1)	2079	6343
PB1|PP755595.1|A/cattle/Texas/24-008749-003/2024(H5N1)	2080	6343
PB1|PP755595.1|A/cattle/Texas/24-008749-003/2024(H5N1)	2081	6372
PB1|PP755595.1|A/cattle/Texas/24-008749-003/2024(H5N1)	2082	6411
PB1|PP755595.1|A/cattle/Texas/24-008749-003/2024(H5N1)	2083	6449
PB1|PP755595.1|A/cattle/Texas/24-008749-003/2024(H5N1)	2084	6542
PB1|PP755595.1|A/cattle/Texas/24-008749-003/2024(H5N1)	2085	6594
PB1|PP755595.1|A/cattle/Texas/24-008749-003/2024(H5N1)	2086	6602
PB1|PP755595.1|A/cattle/Texas/24-008749-003/2024(H5N1)	2087	6602
PB1|PP755595.1|A/cattle/Texas/24-008749-003/2024(H5N1)	2088	6600
PB1|PP755595.1|A/cattle/Texas/24-008749-003/2024(H5N1)	2089	6606
PB1|PP755595.1|A/cattle/Texas/24-008749-003/2024(H5N1)	2090	6606
PB1|PP755595.1|A/cattle/Texas/24-008749-003/2024(H5N1)	2091	6610
PB1|PP755595.1|A/cattle/Texas/24-008749-003/2024(H5N1)	2092	6871
PB1|PP755595.1|A/cattle/Texas/24-008749-003/2024(H5N1)	2093	7033
PB1|PP755595.1|A/cattle/Texas/24-008749-003/2024(H5N1)	2094	7038
PB1|PP755595.1|A/cattle/Texas/24-008749-003/2024(H5N1)	2095	7070
PB1|PP755595.1|A/cattle/Texas/24-008749-003/2024(H5N1)	2096	7178
PB1|PP755595.1|A/cattle/Texas/24-008749-003/2024(H5N1)	2097	7218
PB1|PP755595.1|A/cattle/Texas/24-008749-003/2024(H5N1)	2098	7328
PB1|PP755595.1|A/cattle/Texas/24-008749-003/2024(H5N1)	2099	7348
PB1|PP755595.1|A/cattle/Texas/24-008749-003/2024(H5N1)	2100	7374
PB1|PP755595.1|A/cattle/Texas/24-008749-003/2024(H5N1)	2101	7381
PB1|PP755595.1|A/cattle/Texas/24-008749-003/2024(H5N1)	2102	7375
PB1|PP755595.1|A/cattle/Texas/24-008749-003/2024(H5N1)	2103	7116
PB1|PP755595.1|A/cattle/Texas/24-008749-003/2024(H5N1)	2104	7117
PB1|PP755595.1|A/cattle/Texas/24-008749-003/2024(H5N1)	2105	7157
PB1|PP755595.1|A/cattle/Texas/24-008749-003/2024(H5N1)	2106	7675
PB1|PP755595.1|A/cattle/Texas/24-008749-003/2024(H5N1)	2107	7861
PB1|PP755595.1|A/cattle/Texas/24-008749-003/2024(H5N1)	2108	7869
PB1|PP755595.1|A/cattle/Texas/24-008749-003/2024(H5N1)	2109	7981
PB1|PP755595.1|A/cattle/Texas/24-008749-003/2024(H5N1)	2110	8102
PB1|PP755595.1|A/cattle/Texas/24-008749-003/2024(H5N1)	2111	8106
PB1|PP755595.1|A/cattle/Texas/24-008749-003/2024(H5N1)	2112	8157
PB1|PP755595.1|A/cattle/Texas/24-008749-003/2024(H5N1)	2113	8184
PB1|PP755595.1|A/cattle/Texas/24-008749-003/2024(H5N1)	2114	8158
PB1|PP755595.1|A/cattle/Texas/24-008749-003/2024(H5N1)	2115	8172
PB1|PP755595.1|A/cattle/Texas/24-008749-003/2024(H5N1)	2116	8017
PB1|PP755595.1|A/cattle/Texas/24-008749-003/2024(H5N1)	2117	7872
PB1|PP755595.1|A/cattle/Texas/24-008749-003/2024(H5N1)	2118	7999
PB1|PP755595.1|A/cattle/Texas/24-008749-003/2024(H5N1)	2119	7820
PB1|PP755595.1|A/cattle/Texas/24-008749-003/2024(H5N1)	2120	7815
PB1|PP755595.1|A/cattle/Texas/24-008749-003/2024(H5N1)	2121	7634
PB1|PP755595.1|A/cattle/Texas/24-008749-003/2024(H5N1)	2122	7765
PB1|PP755595.1|A/cattle/Texas/24-008749-003/2024(H5N1)	2123	7779
PB1|PP755595.1|A/cattle/Texas/24-008749-003/2024(H5N1)	2124	7779
PB1|PP755595.1|A/cattle/Texas/24-008749-003/2024(H5N1)	2125	7807
PB1|PP755595.1|A/cattle/Texas/24-008749-003/2024(H5N1)	2126	7881
PB1|PP755595.1|A/cattle/Texas/24-008749-003/2024(H5N1)	2127	7889
PB1|PP755595.1|A/cattle/Texas/24-008749-003/2024(H5N1)	2128	7894
PB1|PP755595.1|A/cattle/Texas/24-008749-003/2024(H5N1)	2129	7901
PB1|PP755595.1|A/cattle/Texas/24-008749-003/2024(H5N1)	2130	7959
PB1|PP755595.1|A/cattle/Texas/24-008749-003/2024(H5N1)	2131	7971
PB1|PP755595.1|A/cattle/Texas/24-008749-003/2024(H5N1)	2132	7950
PB1|PP755595.1|A/cattle/Texas/24-008749-003/2024(H5N1)	2133	7918
PB1|PP755595.1|A/cattle/Texas/24-008749-003/2024(H5N1)	2134	8274
PB1|PP755595.1|A/cattle/Texas/24-008749-003/2024(H5N1)	2135	8092
PB1|PP755595.1|A/cattle/Texas/24-008749-003/2024(H5N1)	2136	8090
PB1|PP755595.1|A/cattle/Texas/24-008749-003/2024(H5N1)	2137	8082
PB1|PP755595.1|A/cattle/Texas/24-008749-003/2024(H5N1)	2138	8101
PB1|PP755595.1|A/cattle/Texas/24-008749-003/2024(H5N1)	2139	8087
PB1|PP755595.1|A/cattle/Texas/24-008749-003/2024(H5N1)	2140	8394
PB1|PP755595.1|A/cattle/Texas/24-008749-003/2024(H5N1)	2141	8346
PB1|PP755595.1|A/cattle/Texas/24-008749-003/2024(H5N1)	2142	8355
PB1|PP755595.1|A/cattle/Texas/24-008749-003/2024(H5N1)	2143	8177
PB1|PP755595.1|A/cattle/Texas/24-008749-003/2024(H5N1)	2144	8162
PB1|PP755595.1|A/cattle/Texas/24-008749-003/2024(H5N1)	2145	8128
PB1|PP755595.1|A/cattle/Texas/24-008749-003/2024(H5N1)	2146	8154
PB1|PP755595.1|A/cattle/Texas/24-008749-003/2024(H5N1)	2147	8078
PB1|PP755595.1|A/cattle/Texas/24-008749-003/2024(H5N1)	2148	8090
PB1|PP755595.1|A/cattle/Texas/24-008749-003/2024(H5N1)	2149	8114
PB1|PP755595.1|A/cattle/Texas/24-008749-003/2024(H5N1)	2150	8113
PB1|PP755595.1|A/cattle/Texas/24-008749-003/2024(H5N1)	2151	8019
PB1|PP755595.1|A/cattle/Texas/24-008749-003/2024(H5N1)	2152	7608
PB1|PP755595.1|A/cattle/Texas/24-008749-003/2024(H5N1)	2153	7531
PB1|PP755595.1|A/cattle/Texas/24-008749-003/2024(H5N1)	2154	7571
PB1|PP755595.1|A/cattle/Texas/24-008749-003/2024(H5N1)	2155	7590
PB1|PP755595.1|A/cattle/Texas/24-008749-003/2024(H5N1)	2156	7502
PB1|PP755595.1|A/cattle/Texas/24-008749-003/2024(H5N1)	2157	7506
PB1|PP755595.1|A/cattle/Texas/24-008749-003/2024(H5N1)	2158	7427
PB1|PP755595.1|A/cattle/Texas/24-008749-003/2024(H5N1)	2159	7354
PB1|PP755595.1|A/cattle/Texas/24-008749-003/2024(H5N1)	2160	7355
PB1|PP755595.1|A/cattle/Texas/24-008749-003/2024(H5N1)	2161	7307
PB1|PP755595.1|A/cattle/Texas/24-008749-003/2024(H5N1)	2162	7304
PB1|PP755595.1|A/cattle/Texas/24-008749-003/2024(H5N1)	2163	7357
PB1|PP755595.1|A/cattle/Texas/24-008749-003/2024(H5N1)	2164	7338
PB1|PP755595.1|A/cattle/Texas/24-008749-003/2024(H5N1)	2165	7244
PB1|PP755595.1|A/cattle/Texas/24-008749-003/2024(H5N1)	2166	7931
PB1|PP755595.1|A/cattle/Texas/24-008749-003/2024(H5N1)	2167	7994
PB1|PP755595.1|A/cattle/Texas/24-008749-003/2024(H5N1)	2168	7995
PB1|PP755595.1|A/cattle/Texas/24-008749-003/2024(H5N1)	2169	8244
PB1|PP755595.1|A/cattle/Texas/24-008749-003/2024(H5N1)	2170	8251
PB1|PP755595.1|A/cattle/Texas/24-008749-003/2024(H5N1)	2171	8351
PB1|PP755595.1|A/cattle/Texas/24-008749-003/2024(H5N1)	2172	8141
PB1|PP755595.1|A/cattle/Texas/24-008749-003/2024(H5N1)	2173	8099
PB1|PP755595.1|A/cattle/Texas/24-008749-003/2024(H5N1)	2174	7946
PB1|PP755595.1|A/cattle/Texas/24-008749-003/2024(H5N1)	2175	7946
PB1|PP755595.1|A/cattle/Texas/24-008749-003/2024(H5N1)	2176	7911
PB1|PP755595.1|A/cattle/Texas/24-008749-003/2024(H5N1)	2177	7836
PB1|PP755595.1|A/cattle/Texas/24-008749-003/2024(H5N1)	2178	7836
PB1|PP755595.1|A/cattle/Texas/24-008749-003/2024(H5N1)	2179	7841
PB1|PP755595.1|A/cattle/Texas/24-008749-003/2024(H5N1)	2180	7825
PB1|PP755595.1|A/cattle/Texas/24-008749-003/2024(H5N1)	2181	7828
PB1|PP755595.1|A/cattle/Texas/24-008749-003/2024(H5N1)	2182	7820
PB1|PP755595.1|A/cattle/Texas/24-008749-003/2024(H5N1)	2183	7753
PB1|PP755595.1|A/cattle/Texas/24-008749-003/2024(H5N1)	2184	7458
PB1|PP755595.1|A/cattle/Texas/24-008749-003/2024(H5N1)	2185	7492
PB1|PP755595.1|A/cattle/Texas/24-008749-003/2024(H5N1)	2186	7477
PB1|PP755595.1|A/cattle/Texas/24-008749-003/2024(H5N1)	2187	7465
PB1|PP755595.1|A/cattle/Texas/24-008749-003/2024(H5N1)	2188	7405
PB1|PP755595.1|A/cattle/Texas/24-008749-003/2024(H5N1)	2189	7400
PB1|PP755595.1|A/cattle/Texas/24-008749-003/2024(H5N1)	2190	7286
PB1|PP755595.1|A/cattle/Texas/24-008749-003/2024(H5N1)	2191	7292
PB1|PP755595.1|A/cattle/Texas/24-008749-003/2024(H5N1)	2192	7311
PB1|PP755595.1|A/cattle/Texas/24-008749-003/2024(H5N1)	2193	7287
PB1|PP755595.1|A/cattle/Texas/24-008749-003/2024(H5N1)	2194	7206
PB1|PP755595.1|A/cattle/Texas/24-008749-003/2024(H5N1)	2195	7118
PB1|PP755595.1|A/cattle/Texas/24-008749-003/2024(H5N1)	2196	7095
PB1|PP755595.1|A/cattle/Texas/24-008749-003/2024(H5N1)	2197	7096
PB1|PP755595.1|A/cattle/Texas/24-008749-003/2024(H5N1)	2198	7093
PB1|PP755595.1|A/cattle/Texas/24-008749-003/2024(H5N1)	2199	7091
PB1|PP755595.1|A/cattle/Texas/24-008749-003/2024(H5N1)	2200	6950
PB1|PP755595.1|A/cattle/Texas/24-008749-003/2024(H5N1)	2201	6850
PB1|PP755595.1|A/cattle/Texas/24-008749-003/2024(H5N1)	2202	6819
PB1|PP755595.1|A/cattle/Texas/24-008749-003/2024(H5N1)	2203	6800
PB1|PP755595.1|A/cattle/Texas/24-008749-003/2024(H5N1)	2204	6762
PB1|PP755595.1|A/cattle/Texas/24-008749-003/2024(H5N1)	2205	6750
PB1|PP755595.1|A/cattle/Texas/24-008749-003/2024(H5N1)	2206	6732
PB1|PP755595.1|A/cattle/Texas/24-008749-003/2024(H5N1)	2207	6646
PB1|PP755595.1|A/cattle/Texas/24-008749-003/2024(H5N1)	2208	6641
PB1|PP755595.1|A/cattle/Texas/24-008749-003/2024(H5N1)	2209	6663
PB1|PP755595.1|A/cattle/Texas/24-008749-003/2024(H5N1)	2210	6663
PB1|PP755595.1|A/cattle/Texas/24-008749-003/2024(H5N1)	2211	6575
PB1|PP755595.1|A/cattle/Texas/24-008749-003/2024(H5N1)	2212	6434
PB1|PP755595.1|A/cattle/Texas/24-008749-003/2024(H5N1)	2213	6425
PB1|PP755595.1|A/cattle/Texas/24-008749-003/2024(H5N1)	2214	6425
PB1|PP755595.1|A/cattle/Texas/24-008749-003/2024(H5N1)	2215	6443
PB1|PP755595.1|A/cattle/Texas/24-008749-003/2024(H5N1)	2216	6404
PB1|PP755595.1|A/cattle/Texas/24-008749-003/2024(H5N1)	2217	6357
PB1|PP755595.1|A/cattle/Texas/24-008749-003/2024(H5N1)	2218	6238
PB1|PP755595.1|A/cattle/Texas/24-008749-003/2024(H5N1)	2219	6226
PB1|PP755595.1|A/cattle/Texas/24-008749-003/2024(H5N1)	2220	6203
PB1|PP755595.1|A/cattle/Texas/24-008749-003/2024(H5N1)	2221	6228
PB1|PP755595.1|A/cattle/Texas/24-008749-003/2024(H5N1)	2222	6166
PB1|PP755595.1|A/cattle/Texas/24-008749-003/2024(H5N1)	2223	6162
PB1|PP755595.1|A/cattle/Texas/24-008749-003/2024(H5N1)	2224	6158
PB1|PP755595.1|A/cattle/Texas/24-008749-003/2024(H5N1)	2225	5961
PB1|PP755595.1|A/cattle/Texas/24-008749-003/2024(H5N1)	2226	5965
PB1|PP755595.1|A/cattle/Texas/24-008749-003/2024(H5N1)	2227	5950
PB1|PP755595.1|A/cattle/Texas/24-008749-003/2024(H5N1)	2228	5937
PB1|PP755595.1|A/cattle/Texas/24-008749-003/2024(H5N1)	2229	5924
PB1|PP755595.1|A/cattle/Texas/24-008749-003/2024(H5N1)	2230	5920
PB1|PP755595.1|A/cattle/Texas/24-008749-003/2024(H5N1)	2231	5927
PB1|PP755595.1|A/cattle/Texas/24-008749-003/2024(H5N1)	2232	5908
PB1|PP755595.1|A/cattle/Texas/24-008749-003/2024(H5N1)	2233	5901
PB1|PP755595.1|A/cattle/Texas/24-008749-003/2024(H5N1)	2234	5867
PB1|PP755595.1|A/cattle/Texas/24-008749-003/2024(H5N1)	2235	5779
PB1|PP755595.1|A/cattle/Texas/24-008749-003/2024(H5N1)	2236	5715
PB1|PP755595.1|A/cattle/Texas/24-008749-003/2024(H5N1)	2237	5703
PB1|PP755595.1|A/cattle/Texas/24-008749-003/2024(H5N1)	2238	5679
PB1|PP755595.1|A/cattle/Texas/24-008749-003/2024(H5N1)	2239	5472
PB1|PP755595.1|A/cattle/Texas/24-008749-003/2024(H5N1)	2240	5476
PB1|PP755595.1|A/cattle/Texas/24-008749-003/2024(H5N1)	2241	5468
PB1|PP755595.1|A/cattle/Texas/24-008749-003/2024(H5N1)	2242	5467
PB1|PP755595.1|A/cattle/Texas/24-008749-003/2024(H5N1)	2243	5467
PB1|PP755595.1|A/cattle/Texas/24-008749-003/2024(H5N1)	2244	5273
PB1|PP755595.1|A/cattle/Texas/24-008749-003/2024(H5N1)	2245	5267
PB1|PP755595.1|A/cattle/Texas/24-008749-003/2024(H5N1)	2246	5293
PB1|PP755595.1|A/cattle/Texas/24-008749-003/2024(H5N1)	2247	5163
PB1|PP755595.1|A/cattle/Texas/24-008749-003/2024(H5N1)	2248	5132
PB1|PP755595.1|A/cattle/Texas/24-008749-003/2024(H5N1)	2249	4995
PB1|PP755595.1|A/cattle/Texas/24-008749-003/2024(H5N1)	2250	4964
PB1|PP755595.1|A/cattle/Texas/24-008749-003/2024(H5N1)	2251	4941
PB1|PP755595.1|A/cattle/Texas/24-008749-003/2024(H5N1)	2252	4929
PB1|PP755595.1|A/cattle/Texas/24-008749-003/2024(H5N1)	2253	4917
PB1|PP755595.1|A/cattle/Texas/24-008749-003/2024(H5N1)	2254	4904
PB1|PP755595.1|A/cattle/Texas/24-008749-003/2024(H5N1)	2255	4316
PB1|PP755595.1|A/cattle/Texas/24-008749-003/2024(H5N1)	2256	4299
PB1|PP755595.1|A/cattle/Texas/24-008749-003/2024(H5N1)	2257	4180
PB1|PP755595.1|A/cattle/Texas/24-008749-003/2024(H5N1)	2258	4138
PB1|PP755595.1|A/cattle/Texas/24-008749-003/2024(H5N1)	2259	4136
PB1|PP755595.1|A/cattle/Texas/24-008749-003/2024(H5N1)	2260	4043
PB1|PP755595.1|A/cattle/Texas/24-008749-003/2024(H5N1)	2261	3964
PB1|PP755595.1|A/cattle/Texas/24-008749-003/2024(H5N1)	2262	3962
PB1|PP755595.1|A/cattle/Texas/24-008749-003/2024(H5N1)	2263	3916
PB1|PP755595.1|A/cattle/Texas/24-008749-003/2024(H5N1)	2264	3883
PB1|PP755595.1|A/cattle/Texas/24-008749-003/2024(H5N1)	2265	3724
PB1|PP755595.1|A/cattle/Texas/24-008749-003/2024(H5N1)	2266	3704
PB1|PP755595.1|A/cattle/Texas/24-008749-003/2024(H5N1)	2267	3702
PB1|PP755595.1|A/cattle/Texas/24-008749-003/2024(H5N1)	2268	126
PB1|PP755595.1|A/cattle/Texas/24-008749-003/2024(H5N1)	2269	125
PB1|PP755595.1|A/cattle/Texas/24-008749-003/2024(H5N1)	2270	119
PB1|PP755595.1|A/cattle/Texas/24-008749-003/2024(H5N1)	2271	116
PB1|PP755595.1|A/cattle/Texas/24-008749-003/2024(H5N1)	2272	105
PB1|PP755595.1|A/cattle/Texas/24-008749-003/2024(H5N1)	2273	105
PB1|PP755595.1|A/cattle/Texas/24-008749-003/2024(H5N1)	2274	95
