PB2|PP755596.1|A/cattle/Texas/24-008749-003/2024(H5N1)	1	185
PB2|PP755596.1|A/cattle/Texas/24-008749-003/2024(H5N1)	2	188
PB2|PP755596.1|A/cattle/Texas/24-008749-003/2024(H5N1)	3	192
PB2|PP755596.1|A/cattle/Texas/24-008749-003/2024(H5N1)	4	193
PB2|PP755596.1|A/cattle/Texas/24-008749-003/2024(H5N1)	5	195
PB2|PP755596.1|A/cattle/Texas/24-008749-003/2024(H5N1)	6	208
PB2|PP755596.1|A/cattle/Texas/24-008749-003/2024(H5N1)	7	224
PB2|PP755596.1|A/cattle/Texas/24-008749-003/2024(H5N1)	8	3499
PB2|PP755596.1|A/cattle/Texas/24-008749-003/2024(H5N1)	9	3579
PB2|PP755596.1|A/cattle/Texas/24-008749-003/2024(H5N1)	10	3932
PB2|PP755596.1|A/cattle/Texas/24-008749-003/2024(H5N1)	11	4931
PB2|PP755596.1|A/cattle/Texas/24-008749-003/2024(H5N1)	12	4957
PB2|PP755596.1|A/cattle/Texas/24-008749-003/2024(H5N1)	13	5361
PB2|PP755596.1|A/cattle/Texas/24-008749-003/2024(H5N1)	14	5401
PB2|PP755596.1|A/cattle/Texas/24-008749-003/2024(H5N1)	15	5463
PB2|PP755596.1|A/cattle/Texas/24-008749-003/2024(H5N1)	16	6701
PB2|PP755596.1|A/cattle/Texas/24-008749-003/2024(H5N1)	17	6900
PB2|PP755596.1|A/cattle/Texas/24-008749-003/2024(H5N1)	18	7040
PB2|PP755596.1|A/cattle/Texas/24-008749-003/2024(H5N1)	19	7115
PB2|PP755596.1|A/cattle/Texas/24-008749-003/2024(H5N1)	20	7139
PB2|PP755596.1|A/cattle/Texas/24-008749-003/2024(H5N1)	21	7501
PB2|PP755596.1|A/cattle/Texas/24-008749-003/2024(H5N1)	22	7507
PB2|PP755596.1|A/cattle/Texas/24-008749-003/2024(H5N1)	23	7622
PB2|PP755596.1|A/cattle/Texas/24-008749-003/2024(H5N1)	24	7673
PB2|PP755596.1|A/cattle/Texas/24-008749-003/2024(H5N1)	25	9803
PB2|PP755596.1|A/cattle/Texas/24-008749-003/2024(H5N1)	26	10854
PB2|PP755596.1|A/cattle/Texas/24-008749-003/2024(H5N1)	27	11002
PB2|PP755596.1|A/cattle/Texas/24-008749-003/2024(H5N1)	28	11147
PB2|PP755596.1|A/cattle/Texas/24-008749-003/2024(H5N1)	29	11245
PB2|PP755596.1|A/cattle/Texas/24-008749-003/2024(H5N1)	30	11306
PB2|PP755596.1|A/cattle/Texas/24-008749-003/2024(H5N1)	31	11900
PB2|PP755596.1|A/cattle/Texas/24-008749-003/2024(H5N1)	32	12196
PB2|PP755596.1|A/cattle/Texas/24-008749-003/2024(H5N1)	33	12417
PB2|PP755596.1|A/cattle/Texas/24-008749-003/2024(H5N1)	34	12780
PB2|PP755596.1|A/cattle/Texas/24-008749-003/2024(H5N1)	35	12821
PB2|PP755596.1|A/cattle/Texas/24-008749-003/2024(H5N1)	36	12828
PB2|PP755596.1|A/cattle/Texas/24-008749-003/2024(H5N1)	37	12919
PB2|PP755596.1|A/cattle/Texas/24-008749-003/2024(H5N1)	38	12939
PB2|PP755596.1|A/cattle/Texas/24-008749-003/2024(H5N1)	39	15152
PB2|PP755596.1|A/cattle/Texas/24-008749-003/2024(H5N1)	40	15359
PB2|PP755596.1|A/cattle/Texas/24-008749-003/2024(H5N1)	41	15406
PB2|PP755596.1|A/cattle/Texas/24-008749-003/2024(H5N1)	42	15413
PB2|PP755596.1|A/cattle/Texas/24-008749-003/2024(H5N1)	43	15504
PB2|PP755596.1|A/cattle/Texas/24-008749-003/2024(H5N1)	44	15546
PB2|PP755596.1|A/cattle/Texas/24-008749-003/2024(H5N1)	45	15586
PB2|PP755596.1|A/cattle/Texas/24-008749-003/2024(H5N1)	46	15691
PB2|PP755596.1|A/cattle/Texas/24-008749-003/2024(H5N1)	47	15963
PB2|PP755596.1|A/cattle/Texas/24-008749-003/2024(H5N1)	48	16057
PB2|PP755596.1|A/cattle/Texas/24-008749-003/2024(H5N1)	49	16996
PB2|PP755596.1|A/cattle/Texas/24-008749-003/2024(H5N1)	50	17055
PB2|PP755596.1|A/cattle/Texas/24-008749-003/2024(H5N1)	51	17262
PB2|PP755596.1|A/cattle/Texas/24-008749-003/2024(H5N1)	52	17265
PB2|PP755596.1|A/cattle/Texas/24-008749-003/2024(H5N1)	53	17315
PB2|PP755596.1|A/cattle/Texas/24-008749-003/2024(H5N1)	54	17428
PB2|PP755596.1|A/cattle/Texas/24-008749-003/2024(H5N1)	55	18667
PB2|PP755596.1|A/cattle/Texas/24-008749-003/2024(H5N1)	56	18784
PB2|PP755596.1|A/cattle/Texas/24-008749-003/2024(H5N1)	57	18808
PB2|PP755596.1|A/cattle/Texas/24-008749-003/2024(H5N1)	58	18960
PB2|PP755596.1|A/cattle/Texas/24-008749-003/2024(H5N1)	59	18979
PB2|PP755596.1|A/cattle/Texas/24-008749-003/2024(H5N1)	60	19758
PB2|PP755596.1|A/cattle/Texas/24-008749-003/2024(H5N1)	61	19978
PB2|PP755596.1|A/cattle/Texas/24-008749-003/2024(H5N1)	62	20156
PB2|PP755596.1|A/cattle/Texas/24-008749-003/2024(H5N1)	63	20180
PB2|PP755596.1|A/cattle/Texas/24-008749-003/2024(H5N1)	64	20129
PB2|PP755596.1|A/cattle/Texas/24-008749-003/2024(H5N1)	65	20287
PB2|PP755596.1|A/cattle/Texas/24-008749-003/2024(H5N1)	66	20563
PB2|PP755596.1|A/cattle/Texas/24-008749-003/2024(H5N1)	67	21001
PB2|PP755596.1|A/cattle/Texas/24-008749-003/2024(H5N1)	68	21561
PB2|PP755596.1|A/cattle/Texas/24-008749-003/2024(H5N1)	69	21546
PB2|PP755596.1|A/cattle/Texas/24-008749-003/2024(H5N1)	70	21615
PB2|PP755596.1|A/cattle/Texas/24-008749-003/2024(H5N1)	71	22270
PB2|PP755596.1|A/cattle/Texas/24-008749-003/2024(H5N1)	72	22821
PB2|PP755596.1|A/cattle/Texas/24-008749-003/2024(H5N1)	73	23814
PB2|PP755596.1|A/cattle/Texas/24-008749-003/2024(H5N1)	74	24346
PB2|PP755596.1|A/cattle/Texas/24-008749-003/2024(H5N1)	75	24366
PB2|PP755596.1|A/cattle/Texas/24-008749-003/2024(H5N1)	76	24393
PB2|PP755596.1|A/cattle/Texas/24-008749-003/2024(H5N1)	77	24521
PB2|PP755596.1|A/cattle/Texas/24-008749-003/2024(H5N1)	78	25553
PB2|PP755596.1|A/cattle/Texas/24-008749-003/2024(H5N1)	79	26861
PB2|PP755596.1|A/cattle/Texas/24-008749-003/2024(H5N1)	80	26851
PB2|PP755596.1|A/cattle/Texas/24-008749-003/2024(H5N1)	81	26984
PB2|PP755596.1|A/cattle/Texas/24-008749-003/2024(H5N1)	82	26882
PB2|PP755596.1|A/cattle/Texas/24-008749-003/2024(H5N1)	83	26908
PB2|PP755596.1|A/cattle/Texas/24-008749-003/2024(H5N1)	84	27074
PB2|PP755596.1|A/cattle/Texas/24-008749-003/2024(H5N1)	85	28312
PB2|PP755596.1|A/cattle/Texas/24-008749-003/2024(H5N1)	86	28770
PB2|PP755596.1|A/cattle/Texas/24-008749-003/2024(H5N1)	87	30336
PB2|PP755596.1|A/cattle/Texas/24-008749-003/2024(H5N1)	88	30356
PB2|PP755596.1|A/cattle/Texas/24-008749-003/2024(H5N1)	89	30551
PB2|PP755596.1|A/cattle/Texas/24-008749-003/2024(H5N1)	90	30594
PB2|PP755596.1|A/cattle/Texas/24-008749-003/2024(H5N1)	91	31214
PB2|PP755596.1|A/cattle/Texas/24-008749-003/2024(H5N1)	92	32439
PB2|PP755596.1|A/cattle/Texas/24-008749-003/2024(H5N1)	93	32504
PB2|PP755596.1|A/cattle/Texas/24-008749-003/2024(H5N1)	94	32551
PB2|PP755596.1|A/cattle/Texas/24-008749-003/2024(H5N1)	95	32558
PB2|PP755596.1|A/cattle/Texas/24-008749-003/2024(H5N1)	96	32832
PB2|PP755596.1|A/cattle/Texas/24-008749-003/2024(H5N1)	97	35661
PB2|PP755596.1|A/cattle/Texas/24-008749-003/2024(H5N1)	98	35644
PB2|PP755596.1|A/cattle/Texas/24-008749-003/2024(H5N1)	99	36450
PB2|PP755596.1|A/cattle/Texas/24-008749-003/2024(H5N1)	100	37009
PB2|PP755596.1|A/cattle/Texas/24-008749-003/2024(H5N1)	101	37256
PB2|PP755596.1|A/cattle/Texas/24-008749-003/2024(H5N1)	102	37411
PB2|PP755596.1|A/cattle/Texas/24-008749-003/2024(H5N1)	103	37430
PB2|PP755596.1|A/cattle/Texas/24-008749-003/2024(H5N1)	104	37974
PB2|PP755596.1|A/cattle/Texas/24-008749-003/2024(H5N1)	105	37898
PB2|PP755596.1|A/cattle/Texas/24-008749-003/2024(H5N1)	106	37935
PB2|PP755596.1|A/cattle/Texas/24-008749-003/2024(H5N1)	107	37969
PB2|PP755596.1|A/cattle/Texas/24-008749-003/2024(H5N1)	108	37776
PB2|PP755596.1|A/cattle/Texas/24-008749-003/2024(H5N1)	109	37785
PB2|PP755596.1|A/cattle/Texas/24-008749-003/2024(H5N1)	110	37813
PB2|PP755596.1|A/cattle/Texas/24-008749-003/2024(H5N1)	111	37862
PB2|PP755596.1|A/cattle/Texas/24-008749-003/2024(H5N1)	112	37861
PB2|PP755596.1|A/cattle/Texas/24-008749-003/2024(H5N1)	113	37913
PB2|PP755596.1|A/cattle/Texas/24-008749-003/2024(H5N1)	114	37918
PB2|PP755596.1|A/cattle/Texas/24-008749-003/2024(H5N1)	115	38063
PB2|PP755596.1|A/cattle/Texas/24-008749-003/2024(H5N1)	116	38043
PB2|PP755596.1|A/cattle/Texas/24-008749-003/2024(H5N1)	117	38036
PB2|PP755596.1|A/cattle/Texas/24-008749-003/2024(H5N1)	118	38489
PB2|PP755596.1|A/cattle/Texas/24-008749-003/2024(H5N1)	119	38556
PB2|PP755596.1|A/cattle/Texas/24-008749-003/2024(H5N1)	120	38671
PB2|PP755596.1|A/cattle/Texas/24-008749-003/2024(H5N1)	121	38703
PB2|PP755596.1|A/cattle/Texas/24-008749-003/2024(H5N1)	122	38620
PB2|PP755596.1|A/cattle/Texas/24-008749-003/2024(H5N1)	123	38655
PB2|PP755596.1|A/cattle/Texas/24-008749-003/2024(H5N1)	124	38600
PB2|PP755596.1|A/cattle/Texas/24-008749-003/2024(H5N1)	125	39154
PB2|PP755596.1|A/cattle/Texas/24-008749-003/2024(H5N1)	126	39258
PB2|PP755596.1|A/cattle/Texas/24-008749-003/2024(H5N1)	127	39021
PB2|PP755596.1|A/cattle/Texas/24-008749-003/2024(H5N1)	128	39073
PB2|PP755596.1|A/cattle/Texas/24-008749-003/2024(H5N1)	129	39128
PB2|PP755596.1|A/cattle/Texas/24-008749-003/2024(H5N1)	130	39177
PB2|PP755596.1|A/cattle/Texas/24-008749-003/2024(H5N1)	131	39226
PB2|PP755596.1|A/cattle/Texas/24-008749-003/2024(H5N1)	132	39234
PB2|PP755596.1|A/cattle/Texas/24-008749-003/2024(H5N1)	133	39264
PB2|PP755596.1|A/cattle/Texas/24-008749-003/2024(H5N1)	134	38950
PB2|PP755596.1|A/cattle/Texas/24-008749-003/2024(H5N1)	135	38985
PB2|PP755596.1|A/cattle/Texas/24-008749-003/2024(H5N1)	136	38881
PB2|PP755596.1|A/cattle/Texas/24-008749-003/2024(H5N1)	137	39193
PB2|PP755596.1|A/cattle/Texas/24-008749-003/2024(H5N1)	138	39273
PB2|PP755596.1|A/cattle/Texas/24-008749-003/2024(H5N1)	139	39253
PB2|PP755596.1|A/cattle/Texas/24-008749-003/2024(H5N1)	140	39346
PB2|PP755596.1|A/cattle/Texas/24-008749-003/2024(H5N1)	141	39472
PB2|PP755596.1|A/cattle/Texas/24-008749-003/2024(H5N1)	142	39609
PB2|PP755596.1|A/cattle/Texas/24-008749-003/2024(H5N1)	143	39602
PB2|PP755596.1|A/cattle/Texas/24-008749-003/2024(H5N1)	144	39627
PB2|PP755596.1|A/cattle/Texas/24-008749-003/2024(H5N1)	145	39593
PB2|PP755596.1|A/cattle/Texas/24-008749-003/2024(H5N1)	146	39346
PB2|PP755596.1|A/cattle/Texas/24-008749-003/2024(H5N1)	147	39417
PB2|PP755596.1|A/cattle/Texas/24-008749-003/2024(H5N1)	148	39437
PB2|PP755596.1|A/cattle/Texas/24-008749-003/2024(H5N1)	149	39426
PB2|PP755596.1|A/cattle/Texas/24-008749-003/2024(H5N1)	150	39294
PB2|PP755596.1|A/cattle/Texas/24-008749-003/2024(H5N1)	151	39161
PB2|PP755596.1|A/cattle/Texas/24-008749-003/2024(H5N1)	152	39189
PB2|PP755596.1|A/cattle/Texas/24-008749-003/2024(H5N1)	153	39183
PB2|PP755596.1|A/cattle/Texas/24-008749-003/2024(H5N1)	154	39278
PB2|PP755596.1|A/cattle/Texas/24-008749-003/2024(H5N1)	155	39323
PB2|PP755596.1|A/cattle/Texas/24-008749-003/2024(H5N1)	156	39149
PB2|PP755596.1|A/cattle/Texas/24-008749-003/2024(H5N1)	157	39176
PB2|PP755596.1|A/cattle/Texas/24-008749-003/2024(H5N1)	158	39169
PB2|PP755596.1|A/cattle/Texas/24-008749-003/2024(H5N1)	159	37069
PB2|PP755596.1|A/cattle/Texas/24-008749-003/2024(H5N1)	160	37062
PB2|PP755596.1|A/cattle/Texas/24-008749-003/2024(H5N1)	161	36822
PB2|PP755596.1|A/cattle/Texas/24-008749-003/2024(H5N1)	162	36045
PB2|PP755596.1|A/cattle/Texas/24-008749-003/2024(H5N1)	163	35932
PB2|PP755596.1|A/cattle/Texas/24-008749-003/2024(H5N1)	164	35691
PB2|PP755596.1|A/cattle/Texas/24-008749-003/2024(H5N1)	165	35689
PB2|PP755596.1|A/cattle/Texas/24-008749-003/2024(H5N1)	166	34645
PB2|PP755596.1|A/cattle/Texas/24-008749-003/2024(H5N1)	167	34604
PB2|PP755596.1|A/cattle/Texas/24-008749-003/2024(H5N1)	168	34397
PB2|PP755596.1|A/cattle/Texas/24-008749-003/2024(H5N1)	169	34315
PB2|PP755596.1|A/cattle/Texas/24-008749-003/2024(H5N1)	170	34522
PB2|PP755596.1|A/cattle/Texas/24-008749-003/2024(H5N1)	171	34224
PB2|PP755596.1|A/cattle/Texas/24-008749-003/2024(H5N1)	172	34409
PB2|PP755596.1|A/cattle/Texas/24-008749-003/2024(H5N1)	173	36668
PB2|PP755596.1|A/cattle/Texas/24-008749-003/2024(H5N1)	174	36601
PB2|PP755596.1|A/cattle/Texas/24-008749-003/2024(H5N1)	175	37784
PB2|PP755596.1|A/cattle/Texas/24-008749-003/2024(H5N1)	176	35783
PB2|PP755596.1|A/cattle/Texas/24-008749-003/2024(H5N1)	177	36168
PB2|PP755596.1|A/cattle/Texas/24-008749-003/2024(H5N1)	178	36503
PB2|PP755596.1|A/cattle/Texas/24-008749-003/2024(H5N1)	179	36539
PB2|PP755596.1|A/cattle/Texas/24-008749-003/2024(H5N1)	180	37416
PB2|PP755596.1|A/cattle/Texas/24-008749-003/2024(H5N1)	181	37426
PB2|PP755596.1|A/cattle/Texas/24-008749-003/2024(H5N1)	182	37256
PB2|PP755596.1|A/cattle/Texas/24-008749-003/2024(H5N1)	183	37252
PB2|PP755596.1|A/cattle/Texas/24-008749-003/2024(H5N1)	184	36763
PB2|PP755596.1|A/cattle/Texas/24-008749-003/2024(H5N1)	185	37177
PB2|PP755596.1|A/cattle/Texas/24-008749-003/2024(H5N1)	186	37242
PB2|PP755596.1|A/cattle/Texas/24-008749-003/2024(H5N1)	187	37172
PB2|PP755596.1|A/cattle/Texas/24-008749-003/2024(H5N1)	188	37717
PB2|PP755596.1|A/cattle/Texas/24-008749-003/2024(H5N1)	189	37571
PB2|PP755596.1|A/cattle/Texas/24-008749-003/2024(H5N1)	190	37133
PB2|PP755596.1|A/cattle/Texas/24-008749-003/2024(H5N1)	191	37127
PB2|PP755596.1|A/cattle/Texas/24-008749-003/2024(H5N1)	192	37221
PB2|PP755596.1|A/cattle/Texas/24-008749-003/2024(H5N1)	193	37738
PB2|PP755596.1|A/cattle/Texas/24-008749-003/2024(H5N1)	194	37653
PB2|PP755596.1|A/cattle/Texas/24-008749-003/2024(H5N1)	195	37817
PB2|PP755596.1|A/cattle/Texas/24-008749-003/2024(H5N1)	196	37813
PB2|PP755596.1|A/cattle/Texas/24-008749-003/2024(H5N1)	197	37747
PB2|PP755596.1|A/cattle/Texas/24-008749-003/2024(H5N1)	198	37660
PB2|PP755596.1|A/cattle/Texas/24-008749-003/2024(H5N1)	199	37471
PB2|PP755596.1|A/cattle/Texas/24-008749-003/2024(H5N1)	200	37238
PB2|PP755596.1|A/cattle/Texas/24-008749-003/2024(H5N1)	201	37344
PB2|PP755596.1|A/cattle/Texas/24-008749-003/2024(H5N1)	202	37633
PB2|PP755596.1|A/cattle/Texas/24-008749-003/2024(H5N1)	203	37047
PB2|PP755596.1|A/cattle/Texas/24-008749-003/2024(H5N1)	204	37057
PB2|PP755596.1|A/cattle/Texas/24-008749-003/2024(H5N1)	205	37107
PB2|PP755596.1|A/cattle/Texas/24-008749-003/2024(H5N1)	206	36862
PB2|PP755596.1|A/cattle/Texas/24-008749-003/2024(H5N1)	207	36766
PB2|PP755596.1|A/cattle/Texas/24-008749-003/2024(H5N1)	208	36775
PB2|PP755596.1|A/cattle/Texas/24-008749-003/2024(H5N1)	209	37286
PB2|PP755596.1|A/cattle/Texas/24-008749-003/2024(H5N1)	210	37772
PB2|PP755596.1|A/cattle/Texas/24-008749-003/2024(H5N1)	211	36936
PB2|PP755596.1|A/cattle/Texas/24-008749-003/2024(H5N1)	212	36806
PB2|PP755596.1|A/cattle/Texas/24-008749-003/2024(H5N1)	213	36663
PB2|PP755596.1|A/cattle/Texas/24-008749-003/2024(H5N1)	214	37399
PB2|PP755596.1|A/cattle/Texas/24-008749-003/2024(H5N1)	215	37671
PB2|PP755596.1|A/cattle/Texas/24-008749-003/2024(H5N1)	216	37579
PB2|PP755596.1|A/cattle/Texas/24-008749-003/2024(H5N1)	217	37422
PB2|PP755596.1|A/cattle/Texas/24-008749-003/2024(H5N1)	218	36674
PB2|PP755596.1|A/cattle/Texas/24-008749-003/2024(H5N1)	219	36147
PB2|PP755596.1|A/cattle/Texas/24-008749-003/2024(H5N1)	220	37489
PB2|PP755596.1|A/cattle/Texas/24-008749-003/2024(H5N1)	221	37863
PB2|PP755596.1|A/cattle/Texas/24-008749-003/2024(H5N1)	222	37624
PB2|PP755596.1|A/cattle/Texas/24-008749-003/2024(H5N1)	223	36240
PB2|PP755596.1|A/cattle/Texas/24-008749-003/2024(H5N1)	224	35517
PB2|PP755596.1|A/cattle/Texas/24-008749-003/2024(H5N1)	225	35537
PB2|PP755596.1|A/cattle/Texas/24-008749-003/2024(H5N1)	226	35985
PB2|PP755596.1|A/cattle/Texas/24-008749-003/2024(H5N1)	227	36223
PB2|PP755596.1|A/cattle/Texas/24-008749-003/2024(H5N1)	228	35964
PB2|PP755596.1|A/cattle/Texas/24-008749-003/2024(H5N1)	229	35860
PB2|PP755596.1|A/cattle/Texas/24-008749-003/2024(H5N1)	230	34102
PB2|PP755596.1|A/cattle/Texas/24-008749-003/2024(H5N1)	231	34299
PB2|PP755596.1|A/cattle/Texas/24-008749-003/2024(H5N1)	232	34232
PB2|PP755596.1|A/cattle/Texas/24-008749-003/2024(H5N1)	233	34411
PB2|PP755596.1|A/cattle/Texas/24-008749-003/2024(H5N1)	234	34707
PB2|PP755596.1|A/cattle/Texas/24-008749-003/2024(H5N1)	235	33608
PB2|PP755596.1|A/cattle/Texas/24-008749-003/2024(H5N1)	236	33684
PB2|PP755596.1|A/cattle/Texas/24-008749-003/2024(H5N1)	237	33301
PB2|PP755596.1|A/cattle/Texas/24-008749-003/2024(H5N1)	238	31099
PB2|PP755596.1|A/cattle/Texas/24-008749-003/2024(H5N1)	239	32023
PB2|PP755596.1|A/cattle/Texas/24-008749-003/2024(H5N1)	240	32005
PB2|PP755596.1|A/cattle/Texas/24-008749-003/2024(H5N1)	241	32075
PB2|PP755596.1|A/cattle/Texas/24-008749-003/2024(H5N1)	242	31856
PB2|PP755596.1|A/cattle/Texas/24-008749-003/2024(H5N1)	243	30684
PB2|PP755596.1|A/cattle/Texas/24-008749-003/2024(H5N1)	244	31438
PB2|PP755596.1|A/cattle/Texas/24-008749-003/2024(H5N1)	245	32833
PB2|PP755596.1|A/cattle/Texas/24-008749-003/2024(H5N1)	246	32694
PB2|PP755596.1|A/cattle/Texas/24-008749-003/2024(H5N1)	247	32651
PB2|PP755596.1|A/cattle/Texas/24-008749-003/2024(H5N1)	248	28954
PB2|PP755596.1|A/cattle/Texas/24-008749-003/2024(H5N1)	249	28356
PB2|PP755596.1|A/cattle/Texas/24-008749-003/2024(H5N1)	250	28597
PB2|PP755596.1|A/cattle/Texas/24-008749-003/2024(H5N1)	251	32045
PB2|PP755596.1|A/cattle/Texas/24-008749-003/2024(H5N1)	252	32841
PB2|PP755596.1|A/cattle/Texas/24-008749-003/2024(H5N1)	253	33230
PB2|PP755596.1|A/cattle/Texas/24-008749-003/2024(H5N1)	254	33619
PB2|PP755596.1|A/cattle/Texas/24-008749-003/2024(H5N1)	255	35112
PB2|PP755596.1|A/cattle/Texas/24-008749-003/2024(H5N1)	256	35142
PB2|PP755596.1|A/cattle/Texas/24-008749-003/2024(H5N1)	257	35160
PB2|PP755596.1|A/cattle/Texas/24-008749-003/2024(H5N1)	258	35118
PB2|PP755596.1|A/cattle/Texas/24-008749-003/2024(H5N1)	259	35455
PB2|PP755596.1|A/cattle/Texas/24-008749-003/2024(H5N1)	260	35571
PB2|PP755596.1|A/cattle/Texas/24-008749-003/2024(H5N1)	261	35578
PB2|PP755596.1|A/cattle/Texas/24-008749-003/2024(H5N1)	262	35444
PB2|PP755596.1|A/cattle/Texas/24-008749-003/2024(H5N1)	263	35670
PB2|PP755596.1|A/cattle/Texas/24-008749-003/2024(H5N1)	264	35785
PB2|PP755596.1|A/cattle/Texas/24-008749-003/2024(H5N1)	265	35802
PB2|PP755596.1|A/cattle/Texas/24-008749-003/2024(H5N1)	266	35777
PB2|PP755596.1|A/cattle/Texas/24-008749-003/2024(H5N1)	267	35881
PB2|PP755596.1|A/cattle/Texas/24-008749-003/2024(H5N1)	268	35775
PB2|PP755596.1|A/cattle/Texas/24-008749-003/2024(H5N1)	269	35756
PB2|PP755596.1|A/cattle/Texas/24-008749-003/2024(H5N1)	270	36064
PB2|PP755596.1|A/cattle/Texas/24-008749-003/2024(H5N1)	271	36926
PB2|PP755596.1|A/cattle/Texas/24-008749-003/2024(H5N1)	272	36882
PB2|PP755596.1|A/cattle/Texas/24-008749-003/2024(H5N1)	273	36874
PB2|PP755596.1|A/cattle/Texas/24-008749-003/2024(H5N1)	274	36839
PB2|PP755596.1|A/cattle/Texas/24-008749-003/2024(H5N1)	275	36758
PB2|PP755596.1|A/cattle/Texas/24-008749-003/2024(H5N1)	276	36914
PB2|PP755596.1|A/cattle/Texas/24-008749-003/2024(H5N1)	277	37319
PB2|PP755596.1|A/cattle/Texas/24-008749-003/2024(H5N1)	278	37320
PB2|PP755596.1|A/cattle/Texas/24-008749-003/2024(H5N1)	279	37221
PB2|PP755596.1|A/cattle/Texas/24-008749-003/2024(H5N1)	280	36709
PB2|PP755596.1|A/cattle/Texas/24-008749-003/2024(H5N1)	281	36666
PB2|PP755596.1|A/cattle/Texas/24-008749-003/2024(H5N1)	282	37271
PB2|PP755596.1|A/cattle/Texas/24-008749-003/2024(H5N1)	283	37355
PB2|PP755596.1|A/cattle/Texas/24-008749-003/2024(H5N1)	284	37439
PB2|PP755596.1|A/cattle/Texas/24-008749-003/2024(H5N1)	285	37308
PB2|PP755596.1|A/cattle/Texas/24-008749-003/2024(H5N1)	286	37129
PB2|PP755596.1|A/cattle/Texas/24-008749-003/2024(H5N1)	287	37099
PB2|PP755596.1|A/cattle/Texas/24-008749-003/2024(H5N1)	288	37050
PB2|PP755596.1|A/cattle/Texas/24-008749-003/2024(H5N1)	289	37225
PB2|PP755596.1|A/cattle/Texas/24-008749-003/2024(H5N1)	290	37226
PB2|PP755596.1|A/cattle/Texas/24-008749-003/2024(H5N1)	291	36776
PB2|PP755596.1|A/cattle/Texas/24-008749-003/2024(H5N1)	292	36739
PB2|PP755596.1|A/cattle/Texas/24-008749-003/2024(H5N1)	293	36578
PB2|PP755596.1|A/cattle/Texas/24-008749-003/2024(H5N1)	294	36725
PB2|PP755596.1|A/cattle/Texas/24-008749-003/2024(H5N1)	295	36763
PB2|PP755596.1|A/cattle/Texas/24-008749-003/2024(H5N1)	296	36915
PB2|PP755596.1|A/cattle/Texas/24-008749-003/2024(H5N1)	297	37062
PB2|PP755596.1|A/cattle/Texas/24-008749-003/2024(H5N1)	298	36993
PB2|PP755596.1|A/cattle/Texas/24-008749-003/2024(H5N1)	299	36982
PB2|PP755596.1|A/cattle/Texas/24-008749-003/2024(H5N1)	300	36988
PB2|PP755596.1|A/cattle/Texas/24-008749-003/2024(H5N1)	301	37083
PB2|PP755596.1|A/cattle/Texas/24-008749-003/2024(H5N1)	302	37296
PB2|PP755596.1|A/cattle/Texas/24-008749-003/2024(H5N1)	303	37252
PB2|PP755596.1|A/cattle/Texas/24-008749-003/2024(H5N1)	304	37153
PB2|PP755596.1|A/cattle/Texas/24-008749-003/2024(H5N1)	305	37143
PB2|PP755596.1|A/cattle/Texas/24-008749-003/2024(H5N1)	306	36684
PB2|PP755596.1|A/cattle/Texas/24-008749-003/2024(H5N1)	307	36739
PB2|PP755596.1|A/cattle/Texas/24-008749-003/2024(H5N1)	308	36783
PB2|PP755596.1|A/cattle/Texas/24-008749-003/2024(H5N1)	309	36780
PB2|PP755596.1|A/cattle/Texas/24-008749-003/2024(H5N1)	310	36797
PB2|PP755596.1|A/cattle/Texas/24-008749-003/2024(H5N1)	311	36497
PB2|PP755596.1|A/cattle/Texas/24-008749-003/2024(H5N1)	312	36468
PB2|PP755596.1|A/cattle/Texas/24-008749-003/2024(H5N1)	313	36476
PB2|PP755596.1|A/cattle/Texas/24-008749-003/2024(H5N1)	314	36542
PB2|PP755596.1|A/cattle/Texas/24-008749-003/2024(H5N1)	315	36655
PB2|PP755596.1|A/cattle/Texas/24-008749-003/2024(H5N1)	316	36647
PB2|PP755596.1|A/cattle/Texas/24-008749-003/2024(H5N1)	317	36555
PB2|PP755596.1|A/cattle/Texas/24-008749-003/2024(H5N1)	318	36590
PB2|PP755596.1|A/cattle/Texas/24-008749-003/2024(H5N1)	319	36345
PB2|PP755596.1|A/cattle/Texas/24-008749-003/2024(H5N1)	320	36544
PB2|PP755596.1|A/cattle/Texas/24-008749-003/2024(H5N1)	321	36363
PB2|PP755596.1|A/cattle/Texas/24-008749-003/2024(H5N1)	322	36385
PB2|PP755596.1|A/cattle/Texas/24-008749-003/2024(H5N1)	323	34601
PB2|PP755596.1|A/cattle/Texas/24-008749-003/2024(H5N1)	324	33827
PB2|PP755596.1|A/cattle/Texas/24-008749-003/2024(H5N1)	325	33845
PB2|PP755596.1|A/cattle/Texas/24-008749-003/2024(H5N1)	326	33004
PB2|PP755596.1|A/cattle/Texas/24-008749-003/2024(H5N1)	327	33074
PB2|PP755596.1|A/cattle/Texas/24-008749-003/2024(H5N1)	328	32554
PB2|PP755596.1|A/cattle/Texas/24-008749-003/2024(H5N1)	329	32107
PB2|PP755596.1|A/cattle/Texas/24-008749-003/2024(H5N1)	330	31829
PB2|PP755596.1|A/cattle/Texas/24-008749-003/2024(H5N1)	331	31752
PB2|PP755596.1|A/cattle/Texas/24-008749-003/2024(H5N1)	332	34785
PB2|PP755596.1|A/cattle/Texas/24-008749-003/2024(H5N1)	333	34466
PB2|PP755596.1|A/cattle/Texas/24-008749-003/2024(H5N1)	334	34250
PB2|PP755596.1|A/cattle/Texas/24-008749-003/2024(H5N1)	335	33958
PB2|PP755596.1|A/cattle/Texas/24-008749-003/2024(H5N1)	336	33792
PB2|PP755596.1|A/cattle/Texas/24-008749-003/2024(H5N1)	337	34063
PB2|PP755596.1|A/cattle/Texas/24-008749-003/2024(H5N1)	338	34103
PB2|PP755596.1|A/cattle/Texas/24-008749-003/2024(H5N1)	339	34759
PB2|PP755596.1|A/cattle/Texas/24-008749-003/2024(H5N1)	340	35019
PB2|PP755596.1|A/cattle/Texas/24-008749-003/2024(H5N1)	341	33048
PB2|PP755596.1|A/cattle/Texas/24-008749-003/2024(H5N1)	342	33232
PB2|PP755596.1|A/cattle/Texas/24-008749-003/2024(H5N1)	343	33174
PB2|PP755596.1|A/cattle/Texas/24-008749-003/2024(H5N1)	344	32875
PB2|PP755596.1|A/cattle/Texas/24-008749-003/2024(H5N1)	345	32771
PB2|PP755596.1|A/cattle/Texas/24-008749-003/2024(H5N1)	346	32666
PB2|PP755596.1|A/cattle/Texas/24-008749-003/2024(H5N1)	347	32770
PB2|PP755596.1|A/cattle/Texas/24-008749-003/2024(H5N1)	348	32302
PB2|PP755596.1|A/cattle/Texas/24-008749-003/2024(H5N1)	349	32280
PB2|PP755596.1|A/cattle/Texas/24-008749-003/2024(H5N1)	350	31955
PB2|PP755596.1|A/cattle/Texas/24-008749-003/2024(H5N1)	351	31645
PB2|PP755596.1|A/cattle/Texas/24-008749-003/2024(H5N1)	352	31646
PB2|PP755596.1|A/cattle/Texas/24-008749-003/2024(H5N1)	353	31310
PB2|PP755596.1|A/cattle/Texas/24-008749-003/2024(H5N1)	354	31231
PB2|PP755596.1|A/cattle/Texas/24-008749-003/2024(H5N1)	355	31241
PB2|PP755596.1|A/cattle/Texas/24-008749-003/2024(H5N1)	356	31189
PB2|PP755596.1|A/cattle/Texas/24-008749-003/2024(H5N1)	357	31167
PB2|PP755596.1|A/cattle/Texas/24-008749-003/2024(H5N1)	358	31168
PB2|PP755596.1|A/cattle/Texas/24-008749-003/2024(H5N1)	359	31132
PB2|PP755596.1|A/cattle/Texas/24-008749-003/2024(H5N1)	360	30702
PB2|PP755596.1|A/cattle/Texas/24-008749-003/2024(H5N1)	361	30360
PB2|PP755596.1|A/cattle/Texas/24-008749-003/2024(H5N1)	362	30351
PB2|PP755596.1|A/cattle/Texas/24-008749-003/2024(H5N1)	363	30339
PB2|PP755596.1|A/cattle/Texas/24-008749-003/2024(H5N1)	364	30434
PB2|PP755596.1|A/cattle/Texas/24-008749-003/2024(H5N1)	365	29996
PB2|PP755596.1|A/cattle/Texas/24-008749-003/2024(H5N1)	366	29860
PB2|PP755596.1|A/cattle/Texas/24-008749-003/2024(H5N1)	367	29845
PB2|PP755596.1|A/cattle/Texas/24-008749-003/2024(H5N1)	368	29886
PB2|PP755596.1|A/cattle/Texas/24-008749-003/2024(H5N1)	369	29890
PB2|PP755596.1|A/cattle/Texas/24-008749-003/2024(H5N1)	370	29782
PB2|PP755596.1|A/cattle/Texas/24-008749-003/2024(H5N1)	371	29049
PB2|PP755596.1|A/cattle/Texas/24-008749-003/2024(H5N1)	372	28943
PB2|PP755596.1|A/cattle/Texas/24-008749-003/2024(H5N1)	373	28678
PB2|PP755596.1|A/cattle/Texas/24-008749-003/2024(H5N1)	374	28593
PB2|PP755596.1|A/cattle/Texas/24-008749-003/2024(H5N1)	375	28592
PB2|PP755596.1|A/cattle/Texas/24-008749-003/2024(H5N1)	376	28616
PB2|PP755596.1|A/cattle/Texas/24-008749-003/2024(H5N1)	377	28385
PB2|PP755596.1|A/cattle/Texas/24-008749-003/2024(H5N1)	378	28248
PB2|PP755596.1|A/cattle/Texas/24-008749-003/2024(H5N1)	379	28251
PB2|PP755596.1|A/cattle/Texas/24-008749-003/2024(H5N1)	380	27560
PB2|PP755596.1|A/cattle/Texas/24-008749-003/2024(H5N1)	381	27380
PB2|PP755596.1|A/cattle/Texas/24-008749-003/2024(H5N1)	382	27030
PB2|PP755596.1|A/cattle/Texas/24-008749-003/2024(H5N1)	383	27151
PB2|PP755596.1|A/cattle/Texas/24-008749-003/2024(H5N1)	384	27068
PB2|PP755596.1|A/cattle/Texas/24-008749-003/2024(H5N1)	385	27150
PB2|PP755596.1|A/cattle/Texas/24-008749-003/2024(H5N1)	386	27269
PB2|PP755596.1|A/cattle/Texas/24-008749-003/2024(H5N1)	387	27145
PB2|PP755596.1|A/cattle/Texas/24-008749-003/2024(H5N1)	388	26887
PB2|PP755596.1|A/cattle/Texas/24-008749-003/2024(H5N1)	389	26921
PB2|PP755596.1|A/cattle/Texas/24-008749-003/2024(H5N1)	390	26269
PB2|PP755596.1|A/cattle/Texas/24-008749-003/2024(H5N1)	391	26230
PB2|PP755596.1|A/cattle/Texas/24-008749-003/2024(H5N1)	392	26956
PB2|PP755596.1|A/cattle/Texas/24-008749-003/2024(H5N1)	393	26929
PB2|PP755596.1|A/cattle/Texas/24-008749-003/2024(H5N1)	394	26224
PB2|PP755596.1|A/cattle/Texas/24-008749-003/2024(H5N1)	395	25099
PB2|PP755596.1|A/cattle/Texas/24-008749-003/2024(H5N1)	396	22600
PB2|PP755596.1|A/cattle/Texas/24-008749-003/2024(H5N1)	397	22921
PB2|PP755596.1|A/cattle/Texas/24-008749-003/2024(H5N1)	398	22934
PB2|PP755596.1|A/cattle/Texas/24-008749-003/2024(H5N1)	399	23018
PB2|PP755596.1|A/cattle/Texas/24-008749-003/2024(H5N1)	400	22941
PB2|PP755596.1|A/cattle/Texas/24-008749-003/2024(H5N1)	401	16787
PB2|PP755596.1|A/cattle/Texas/24-008749-003/2024(H5N1)	402	17082
PB2|PP755596.1|A/cattle/Texas/24-008749-003/2024(H5N1)	403	15175
PB2|PP755596.1|A/cattle/Texas/24-008749-003/2024(H5N1)	404	15013
PB2|PP755596.1|A/cattle/Texas/24-008749-003/2024(H5N1)	405	14955
PB2|PP755596.1|A/cattle/Texas/24-008749-003/2024(H5N1)	406	12390
PB2|PP755596.1|A/cattle/Texas/24-008749-003/2024(H5N1)	407	12380
PB2|PP755596.1|A/cattle/Texas/24-008749-003/2024(H5N1)	408	12745
PB2|PP755596.1|A/cattle/Texas/24-008749-003/2024(H5N1)	409	12915
PB2|PP755596.1|A/cattle/Texas/24-008749-003/2024(H5N1)	410	12903
PB2|PP755596.1|A/cattle/Texas/24-008749-003/2024(H5N1)	411	12993
PB2|PP755596.1|A/cattle/Texas/24-008749-003/2024(H5N1)	412	13373
PB2|PP755596.1|A/cattle/Texas/24-008749-003/2024(H5N1)	413	13364
PB2|PP755596.1|A/cattle/Texas/24-008749-003/2024(H5N1)	414	13388
PB2|PP755596.1|A/cattle/Texas/24-008749-003/2024(H5N1)	415	13410
PB2|PP755596.1|A/cattle/Texas/24-008749-003/2024(H5N1)	416	13408
PB2|PP755596.1|A/cattle/Texas/24-008749-003/2024(H5N1)	417	13500
PB2|PP755596.1|A/cattle/Texas/24-008749-003/2024(H5N1)	418	13507
PB2|PP755596.1|A/cattle/Texas/24-008749-003/2024(H5N1)	419	13600
PB2|PP755596.1|A/cattle/Texas/24-008749-003/2024(H5N1)	420	13613
PB2|PP755596.1|A/cattle/Texas/24-008749-003/2024(H5N1)	421	14300
PB2|PP755596.1|A/cattle/Texas/24-008749-003/2024(H5N1)	422	14254
PB2|PP755596.1|A/cattle/Texas/24-008749-003/2024(H5N1)	423	14255
PB2|PP755596.1|A/cattle/Texas/24-008749-003/2024(H5N1)	424	14262
PB2|PP755596.1|A/cattle/Texas/24-008749-003/2024(H5N1)	425	14311
PB2|PP755596.1|A/cattle/Texas/24-008749-003/2024(H5N1)	426	15089
PB2|PP755596.1|A/cattle/Texas/24-008749-003/2024(H5N1)	427	15133
PB2|PP755596.1|A/cattle/Texas/24-008749-003/2024(H5N1)	428	15082
PB2|PP755596.1|A/cattle/Texas/24-008749-003/2024(H5N1)	429	15091
PB2|PP755596.1|A/cattle/Texas/24-008749-003/2024(H5N1)	430	15119
PB2|PP755596.1|A/cattle/Texas/24-008749-003/2024(H5N1)	431	15166
PB2|PP755596.1|A/cattle/Texas/24-008749-003/2024(H5N1)	432	15195
PB2|PP755596.1|A/cattle/Texas/24-008749-003/2024(H5N1)	433	15117
PB2|PP755596.1|A/cattle/Texas/24-008749-003/2024(H5N1)	434	15068
PB2|PP755596.1|A/cattle/Texas/24-008749-003/2024(H5N1)	435	15062
PB2|PP755596.1|A/cattle/Texas/24-008749-003/2024(H5N1)	436	15065
PB2|PP755596.1|A/cattle/Texas/24-008749-003/2024(H5N1)	437	15493
PB2|PP755596.1|A/cattle/Texas/24-008749-003/2024(H5N1)	438	15501
PB2|PP755596.1|A/cattle/Texas/24-008749-003/2024(H5N1)	439	15495
PB2|PP755596.1|A/cattle/Texas/24-008749-003/2024(H5N1)	440	15457
PB2|PP755596.1|A/cattle/Texas/24-008749-003/2024(H5N1)	441	15429
PB2|PP755596.1|A/cattle/Texas/24-008749-003/2024(H5N1)	442	15505
PB2|PP755596.1|A/cattle/Texas/24-008749-003/2024(H5N1)	443	15575
PB2|PP755596.1|A/cattle/Texas/24-008749-003/2024(H5N1)	444	15549
PB2|PP755596.1|A/cattle/Texas/24-008749-003/2024(H5N1)	445	15548
PB2|PP755596.1|A/cattle/Texas/24-008749-003/2024(H5N1)	446	15023
PB2|PP755596.1|A/cattle/Texas/24-008749-003/2024(H5N1)	447	15059
PB2|PP755596.1|A/cattle/Texas/24-008749-003/2024(H5N1)	448	15053
PB2|PP755596.1|A/cattle/Texas/24-008749-003/2024(H5N1)	449	15060
PB2|PP755596.1|A/cattle/Texas/24-008749-003/2024(H5N1)	450	15051
PB2|PP755596.1|A/cattle/Texas/24-008749-003/2024(H5N1)	451	14994
PB2|PP755596.1|A/cattle/Texas/24-008749-003/2024(H5N1)	452	15156
PB2|PP755596.1|A/cattle/Texas/24-008749-003/2024(H5N1)	453	15130
PB2|PP755596.1|A/cattle/Texas/24-008749-003/2024(H5N1)	454	15157
PB2|PP755596.1|A/cattle/Texas/24-008749-003/2024(H5N1)	455	15156
PB2|PP755596.1|A/cattle/Texas/24-008749-003/2024(H5N1)	456	15067
PB2|PP755596.1|A/cattle/Texas/24-008749-003/2024(H5N1)	457	15081
PB2|PP755596.1|A/cattle/Texas/24-008749-003/2024(H5N1)	458	15072
PB2|PP755596.1|A/cattle/Texas/24-008749-003/2024(H5N1)	459	15115
PB2|PP755596.1|A/cattle/Texas/24-008749-003/2024(H5N1)	460	15114
PB2|PP755596.1|A/cattle/Texas/24-008749-003/2024(H5N1)	461	14692
PB2|PP755596.1|A/cattle/Texas/24-008749-003/2024(H5N1)	462	14688
PB2|PP755596.1|A/cattle/Texas/24-008749-003/2024(H5N1)	463	14517
PB2|PP755596.1|A/cattle/Texas/24-008749-003/2024(H5N1)	464	14555
PB2|PP755596.1|A/cattle/Texas/24-008749-003/2024(H5N1)	465	14552
PB2|PP755596.1|A/cattle/Texas/24-008749-003/2024(H5N1)	466	14497
PB2|PP755596.1|A/cattle/Texas/24-008749-003/2024(H5N1)	467	14498
PB2|PP755596.1|A/cattle/Texas/24-008749-003/2024(H5N1)	468	14408
PB2|PP755596.1|A/cattle/Texas/24-008749-003/2024(H5N1)	469	14396
PB2|PP755596.1|A/cattle/Texas/24-008749-003/2024(H5N1)	470	14404
PB2|PP755596.1|A/cattle/Texas/24-008749-003/2024(H5N1)	471	14373
PB2|PP755596.1|A/cattle/Texas/24-008749-003/2024(H5N1)	472	14391
PB2|PP755596.1|A/cattle/Texas/24-008749-003/2024(H5N1)	473	14239
PB2|PP755596.1|A/cattle/Texas/24-008749-003/2024(H5N1)	474	14238
PB2|PP755596.1|A/cattle/Texas/24-008749-003/2024(H5N1)	475	14254
PB2|PP755596.1|A/cattle/Texas/24-008749-003/2024(H5N1)	476	14183
PB2|PP755596.1|A/cattle/Texas/24-008749-003/2024(H5N1)	477	14176
PB2|PP755596.1|A/cattle/Texas/24-008749-003/2024(H5N1)	478	14127
PB2|PP755596.1|A/cattle/Texas/24-008749-003/2024(H5N1)	479	14099
PB2|PP755596.1|A/cattle/Texas/24-008749-003/2024(H5N1)	480	14178
PB2|PP755596.1|A/cattle/Texas/24-008749-003/2024(H5N1)	481	13916
PB2|PP755596.1|A/cattle/Texas/24-008749-003/2024(H5N1)	482	13937
PB2|PP755596.1|A/cattle/Texas/24-008749-003/2024(H5N1)	483	11942
PB2|PP755596.1|A/cattle/Texas/24-008749-003/2024(H5N1)	484	11880
PB2|PP755596.1|A/cattle/Texas/24-008749-003/2024(H5N1)	485	11868
PB2|PP755596.1|A/cattle/Texas/24-008749-003/2024(H5N1)	486	11868
PB2|PP755596.1|A/cattle/Texas/24-008749-003/2024(H5N1)	487	11868
PB2|PP755596.1|A/cattle/Texas/24-008749-003/2024(H5N1)	488	11682
PB2|PP755596.1|A/cattle/Texas/24-008749-003/2024(H5N1)	489	10556
PB2|PP755596.1|A/cattle/Texas/24-008749-003/2024(H5N1)	490	10511
PB2|PP755596.1|A/cattle/Texas/24-008749-003/2024(H5N1)	491	10312
PB2|PP755596.1|A/cattle/Texas/24-008749-003/2024(H5N1)	492	10314
PB2|PP755596.1|A/cattle/Texas/24-008749-003/2024(H5N1)	493	10187
PB2|PP755596.1|A/cattle/Texas/24-008749-003/2024(H5N1)	494	10152
PB2|PP755596.1|A/cattle/Texas/24-008749-003/2024(H5N1)	495	10131
PB2|PP755596.1|A/cattle/Texas/24-008749-003/2024(H5N1)	496	10103
PB2|PP755596.1|A/cattle/Texas/24-008749-003/2024(H5N1)	497	9981
PB2|PP755596.1|A/cattle/Texas/24-008749-003/2024(H5N1)	498	9865
PB2|PP755596.1|A/cattle/Texas/24-008749-003/2024(H5N1)	499	9858
PB2|PP755596.1|A/cattle/Texas/24-008749-003/2024(H5N1)	500	9804
PB2|PP755596.1|A/cattle/Texas/24-008749-003/2024(H5N1)	501	9800
PB2|PP755596.1|A/cattle/Texas/24-008749-003/2024(H5N1)	502	9676
PB2|PP755596.1|A/cattle/Texas/24-008749-003/2024(H5N1)	503	9678
PB2|PP755596.1|A/cattle/Texas/24-008749-003/2024(H5N1)	504	9660
PB2|PP755596.1|A/cattle/Texas/24-008749-003/2024(H5N1)	505	9654
PB2|PP755596.1|A/cattle/Texas/24-008749-003/2024(H5N1)	506	9632
PB2|PP755596.1|A/cattle/Texas/24-008749-003/2024(H5N1)	507	9616
PB2|PP755596.1|A/cattle/Texas/24-008749-003/2024(H5N1)	508	10027
PB2|PP755596.1|A/cattle/Texas/24-008749-003/2024(H5N1)	509	10157
PB2|PP755596.1|A/cattle/Texas/24-008749-003/2024(H5N1)	510	10348
PB2|PP755596.1|A/cattle/Texas/24-008749-003/2024(H5N1)	511	10648
PB2|PP755596.1|A/cattle/Texas/24-008749-003/2024(H5N1)	512	11772
PB2|PP755596.1|A/cattle/Texas/24-008749-003/2024(H5N1)	513	11830
PB2|PP755596.1|A/cattle/Texas/24-008749-003/2024(H5N1)	514	12630
PB2|PP755596.1|A/cattle/Texas/24-008749-003/2024(H5N1)	515	12464
PB2|PP755596.1|A/cattle/Texas/24-008749-003/2024(H5N1)	516	12752
PB2|PP755596.1|A/cattle/Texas/24-008749-003/2024(H5N1)	517	12904
PB2|PP755596.1|A/cattle/Texas/24-008749-003/2024(H5N1)	518	13225
PB2|PP755596.1|A/cattle/Texas/24-008749-003/2024(H5N1)	519	13583
PB2|PP755596.1|A/cattle/Texas/24-008749-003/2024(H5N1)	520	13771
PB2|PP755596.1|A/cattle/Texas/24-008749-003/2024(H5N1)	521	16096
PB2|PP755596.1|A/cattle/Texas/24-008749-003/2024(H5N1)	522	16172
PB2|PP755596.1|A/cattle/Texas/24-008749-003/2024(H5N1)	523	17010
PB2|PP755596.1|A/cattle/Texas/24-008749-003/2024(H5N1)	524	17957
PB2|PP755596.1|A/cattle/Texas/24-008749-003/2024(H5N1)	525	18004
PB2|PP755596.1|A/cattle/Texas/24-008749-003/2024(H5N1)	526	19178
PB2|PP755596.1|A/cattle/Texas/24-008749-003/2024(H5N1)	527	19280
PB2|PP755596.1|A/cattle/Texas/24-008749-003/2024(H5N1)	528	19288
PB2|PP755596.1|A/cattle/Texas/24-008749-003/2024(H5N1)	529	19241
PB2|PP755596.1|A/cattle/Texas/24-008749-003/2024(H5N1)	530	18668
PB2|PP755596.1|A/cattle/Texas/24-008749-003/2024(H5N1)	531	18833
PB2|PP755596.1|A/cattle/Texas/24-008749-003/2024(H5N1)	532	18621
PB2|PP755596.1|A/cattle/Texas/24-008749-003/2024(H5N1)	533	18720
PB2|PP755596.1|A/cattle/Texas/24-008749-003/2024(H5N1)	534	18754
PB2|PP755596.1|A/cattle/Texas/24-008749-003/2024(H5N1)	535	18466
PB2|PP755596.1|A/cattle/Texas/24-008749-003/2024(H5N1)	536	18393
PB2|PP755596.1|A/cattle/Texas/24-008749-003/2024(H5N1)	537	18485
PB2|PP755596.1|A/cattle/Texas/24-008749-003/2024(H5N1)	538	18865
PB2|PP755596.1|A/cattle/Texas/24-008749-003/2024(H5N1)	539	19064
PB2|PP755596.1|A/cattle/Texas/24-008749-003/2024(H5N1)	540	19038
PB2|PP755596.1|A/cattle/Texas/24-008749-003/2024(H5N1)	541	19546
PB2|PP755596.1|A/cattle/Texas/24-008749-003/2024(H5N1)	542	19211
PB2|PP755596.1|A/cattle/Texas/24-008749-003/2024(H5N1)	543	19273
PB2|PP755596.1|A/cattle/Texas/24-008749-003/2024(H5N1)	544	19715
PB2|PP755596.1|A/cattle/Texas/24-008749-003/2024(H5N1)	545	19708
PB2|PP755596.1|A/cattle/Texas/24-008749-003/2024(H5N1)	546	19844
PB2|PP755596.1|A/cattle/Texas/24-008749-003/2024(H5N1)	547	19724
PB2|PP755596.1|A/cattle/Texas/24-008749-003/2024(H5N1)	548	19557
PB2|PP755596.1|A/cattle/Texas/24-008749-003/2024(H5N1)	549	20123
PB2|PP755596.1|A/cattle/Texas/24-008749-003/2024(H5N1)	550	20161
PB2|PP755596.1|A/cattle/Texas/24-008749-003/2024(H5N1)	551	20448
PB2|PP755596.1|A/cattle/Texas/24-008749-003/2024(H5N1)	552	20332
PB2|PP755596.1|A/cattle/Texas/24-008749-003/2024(H5N1)	553	19906
PB2|PP755596.1|A/cattle/Texas/24-008749-003/2024(H5N1)	554	20324
PB2|PP755596.1|A/cattle/Texas/24-008749-003/2024(H5N1)	555	20575
PB2|PP755596.1|A/cattle/Texas/24-008749-003/2024(H5N1)	556	20899
PB2|PP755596.1|A/cattle/Texas/24-008749-003/2024(H5N1)	557	20922
PB2|PP755596.1|A/cattle/Texas/24-008749-003/2024(H5N1)	558	20559
PB2|PP755596.1|A/cattle/Texas/24-008749-003/2024(H5N1)	559	20614
PB2|PP755596.1|A/cattle/Texas/24-008749-003/2024(H5N1)	560	20316
PB2|PP755596.1|A/cattle/Texas/24-008749-003/2024(H5N1)	561	20784
PB2|PP755596.1|A/cattle/Texas/24-008749-003/2024(H5N1)	562	20933
PB2|PP755596.1|A/cattle/Texas/24-008749-003/2024(H5N1)	563	20537
PB2|PP755596.1|A/cattle/Texas/24-008749-003/2024(H5N1)	564	20586
PB2|PP755596.1|A/cattle/Texas/24-008749-003/2024(H5N1)	565	20582
PB2|PP755596.1|A/cattle/Texas/24-008749-003/2024(H5N1)	566	20698
PB2|PP755596.1|A/cattle/Texas/24-008749-003/2024(H5N1)	567	20856
PB2|PP755596.1|A/cattle/Texas/24-008749-003/2024(H5N1)	568	21121
PB2|PP755596.1|A/cattle/Texas/24-008749-003/2024(H5N1)	569	21188
PB2|PP755596.1|A/cattle/Texas/24-008749-003/2024(H5N1)	570	20314
PB2|PP755596.1|A/cattle/Texas/24-008749-003/2024(H5N1)	571	20483
PB2|PP755596.1|A/cattle/Texas/24-008749-003/2024(H5N1)	572	20545
PB2|PP755596.1|A/cattle/Texas/24-008749-003/2024(H5N1)	573	20479
PB2|PP755596.1|A/cattle/Texas/24-008749-003/2024(H5N1)	574	20774
PB2|PP755596.1|A/cattle/Texas/24-008749-003/2024(H5N1)	575	20273
PB2|PP755596.1|A/cattle/Texas/24-008749-003/2024(H5N1)	576	19854
PB2|PP755596.1|A/cattle/Texas/24-008749-003/2024(H5N1)	577	21834
PB2|PP755596.1|A/cattle/Texas/24-008749-003/2024(H5N1)	578	21622
PB2|PP755596.1|A/cattle/Texas/24-008749-003/2024(H5N1)	579	22566
PB2|PP755596.1|A/cattle/Texas/24-008749-003/2024(H5N1)	580	22480
PB2|PP755596.1|A/cattle/Texas/24-008749-003/2024(H5N1)	581	22494
PB2|PP755596.1|A/cattle/Texas/24-008749-003/2024(H5N1)	582	22655
PB2|PP755596.1|A/cattle/Texas/24-008749-003/2024(H5N1)	583	22989
PB2|PP755596.1|A/cattle/Texas/24-008749-003/2024(H5N1)	584	26280
PB2|PP755596.1|A/cattle/Texas/24-008749-003/2024(H5N1)	585	26623
PB2|PP755596.1|A/cattle/Texas/24-008749-003/2024(H5N1)	586	26804
PB2|PP755596.1|A/cattle/Texas/24-008749-003/2024(H5N1)	587	26880
PB2|PP755596.1|A/cattle/Texas/24-008749-003/2024(H5N1)	588	27912
PB2|PP755596.1|A/cattle/Texas/24-008749-003/2024(H5N1)	589	27928
PB2|PP755596.1|A/cattle/Texas/24-008749-003/2024(H5N1)	590	28095
PB2|PP755596.1|A/cattle/Texas/24-008749-003/2024(H5N1)	591	28145
PB2|PP755596.1|A/cattle/Texas/24-008749-003/2024(H5N1)	592	29167
PB2|PP755596.1|A/cattle/Texas/24-008749-003/2024(H5N1)	593	29356
PB2|PP755596.1|A/cattle/Texas/24-008749-003/2024(H5N1)	594	29459
PB2|PP755596.1|A/cattle/Texas/24-008749-003/2024(H5N1)	595	29465
PB2|PP755596.1|A/cattle/Texas/24-008749-003/2024(H5N1)	596	29682
PB2|PP755596.1|A/cattle/Texas/24-008749-003/2024(H5N1)	597	29687
PB2|PP755596.1|A/cattle/Texas/24-008749-003/2024(H5N1)	598	31012
PB2|PP755596.1|A/cattle/Texas/24-008749-003/2024(H5N1)	599	31160
PB2|PP755596.1|A/cattle/Texas/24-008749-003/2024(H5N1)	600	31947
PB2|PP755596.1|A/cattle/Texas/24-008749-003/2024(H5N1)	601	32018
PB2|PP755596.1|A/cattle/Texas/24-008749-003/2024(H5N1)	602	32036
PB2|PP755596.1|A/cattle/Texas/24-008749-003/2024(H5N1)	603	32068
PB2|PP755596.1|A/cattle/Texas/24-008749-003/2024(H5N1)	604	32138
PB2|PP755596.1|A/cattle/Texas/24-008749-003/2024(H5N1)	605	32275
PB2|PP755596.1|A/cattle/Texas/24-008749-003/2024(H5N1)	606	32415
PB2|PP755596.1|A/cattle/Texas/24-008749-003/2024(H5N1)	607	33057
PB2|PP755596.1|A/cattle/Texas/24-008749-003/2024(H5N1)	608	33134
PB2|PP755596.1|A/cattle/Texas/24-008749-003/2024(H5N1)	609	32985
PB2|PP755596.1|A/cattle/Texas/24-008749-003/2024(H5N1)	610	33061
PB2|PP755596.1|A/cattle/Texas/24-008749-003/2024(H5N1)	611	33132
PB2|PP755596.1|A/cattle/Texas/24-008749-003/2024(H5N1)	612	33225
PB2|PP755596.1|A/cattle/Texas/24-008749-003/2024(H5N1)	613	33219
PB2|PP755596.1|A/cattle/Texas/24-008749-003/2024(H5N1)	614	33161
PB2|PP755596.1|A/cattle/Texas/24-008749-003/2024(H5N1)	615	33173
PB2|PP755596.1|A/cattle/Texas/24-008749-003/2024(H5N1)	616	32934
PB2|PP755596.1|A/cattle/Texas/24-008749-003/2024(H5N1)	617	32973
PB2|PP755596.1|A/cattle/Texas/24-008749-003/2024(H5N1)	618	33118
PB2|PP755596.1|A/cattle/Texas/24-008749-003/2024(H5N1)	619	33174
PB2|PP755596.1|A/cattle/Texas/24-008749-003/2024(H5N1)	620	33161
PB2|PP755596.1|A/cattle/Texas/24-008749-003/2024(H5N1)	621	33174
PB2|PP755596.1|A/cattle/Texas/24-008749-003/2024(H5N1)	622	33193
PB2|PP755596.1|A/cattle/Texas/24-008749-003/2024(H5N1)	623	33671
PB2|PP755596.1|A/cattle/Texas/24-008749-003/2024(H5N1)	624	33668
PB2|PP755596.1|A/cattle/Texas/24-008749-003/2024(H5N1)	625	33632
PB2|PP755596.1|A/cattle/Texas/24-008749-003/2024(H5N1)	626	33692
PB2|PP755596.1|A/cattle/Texas/24-008749-003/2024(H5N1)	627	33571
PB2|PP755596.1|A/cattle/Texas/24-008749-003/2024(H5N1)	628	33712
PB2|PP755596.1|A/cattle/Texas/24-008749-003/2024(H5N1)	629	33708
PB2|PP755596.1|A/cattle/Texas/24-008749-003/2024(H5N1)	630	33665
PB2|PP755596.1|A/cattle/Texas/24-008749-003/2024(H5N1)	631	33672
PB2|PP755596.1|A/cattle/Texas/24-008749-003/2024(H5N1)	632	33278
PB2|PP755596.1|A/cattle/Texas/24-008749-003/2024(H5N1)	633	33314
PB2|PP755596.1|A/cattle/Texas/24-008749-003/2024(H5N1)	634	33337
PB2|PP755596.1|A/cattle/Texas/24-008749-003/2024(H5N1)	635	33254
PB2|PP755596.1|A/cattle/Texas/24-008749-003/2024(H5N1)	636	33321
PB2|PP755596.1|A/cattle/Texas/24-008749-003/2024(H5N1)	637	33200
PB2|PP755596.1|A/cattle/Texas/24-008749-003/2024(H5N1)	638	33197
PB2|PP755596.1|A/cattle/Texas/24-008749-003/2024(H5N1)	639	33216
PB2|PP755596.1|A/cattle/Texas/24-008749-003/2024(H5N1)	640	33212
PB2|PP755596.1|A/cattle/Texas/24-008749-003/2024(H5N1)	641	33560
PB2|PP755596.1|A/cattle/Texas/24-008749-003/2024(H5N1)	642	33543
PB2|PP755596.1|A/cattle/Texas/24-008749-003/2024(H5N1)	643	33560
PB2|PP755596.1|A/cattle/Texas/24-008749-003/2024(H5N1)	644	33511
PB2|PP755596.1|A/cattle/Texas/24-008749-003/2024(H5N1)	645	33449
PB2|PP755596.1|A/cattle/Texas/24-008749-003/2024(H5N1)	646	33492
PB2|PP755596.1|A/cattle/Texas/24-008749-003/2024(H5N1)	647	33535
PB2|PP755596.1|A/cattle/Texas/24-008749-003/2024(H5N1)	648	33623
PB2|PP755596.1|A/cattle/Texas/24-008749-003/2024(H5N1)	649	33567
PB2|PP755596.1|A/cattle/Texas/24-008749-003/2024(H5N1)	650	33179
PB2|PP755596.1|A/cattle/Texas/24-008749-003/2024(H5N1)	651	33198
PB2|PP755596.1|A/cattle/Texas/24-008749-003/2024(H5N1)	652	33064
PB2|PP755596.1|A/cattle/Texas/24-008749-003/2024(H5N1)	653	33101
PB2|PP755596.1|A/cattle/Texas/24-008749-003/2024(H5N1)	654	33134
PB2|PP755596.1|A/cattle/Texas/24-008749-003/2024(H5N1)	655	33073
PB2|PP755596.1|A/cattle/Texas/24-008749-003/2024(H5N1)	656	33035
PB2|PP755596.1|A/cattle/Texas/24-008749-003/2024(H5N1)	657	32834
PB2|PP755596.1|A/cattle/Texas/24-008749-003/2024(H5N1)	658	32851
PB2|PP755596.1|A/cattle/Texas/24-008749-003/2024(H5N1)	659	32504
PB2|PP755596.1|A/cattle/Texas/24-008749-003/2024(H5N1)	660	32312
PB2|PP755596.1|A/cattle/Texas/24-008749-003/2024(H5N1)	661	32157
PB2|PP755596.1|A/cattle/Texas/24-008749-003/2024(H5N1)	662	30278
PB2|PP755596.1|A/cattle/Texas/24-008749-003/2024(H5N1)	663	30243
PB2|PP755596.1|A/cattle/Texas/24-008749-003/2024(H5N1)	664	30268
PB2|PP755596.1|A/cattle/Texas/24-008749-003/2024(H5N1)	665	30254
PB2|PP755596.1|A/cattle/Texas/24-008749-003/2024(H5N1)	666	30222
PB2|PP755596.1|A/cattle/Texas/24-008749-003/2024(H5N1)	667	29992
PB2|PP755596.1|A/cattle/Texas/24-008749-003/2024(H5N1)	668	29848
PB2|PP755596.1|A/cattle/Texas/24-008749-003/2024(H5N1)	669	29674
PB2|PP755596.1|A/cattle/Texas/24-008749-003/2024(H5N1)	670	29379
PB2|PP755596.1|A/cattle/Texas/24-008749-003/2024(H5N1)	671	27159
PB2|PP755596.1|A/cattle/Texas/24-008749-003/2024(H5N1)	672	27146
PB2|PP755596.1|A/cattle/Texas/24-008749-003/2024(H5N1)	673	27063
PB2|PP755596.1|A/cattle/Texas/24-008749-003/2024(H5N1)	674	26243
PB2|PP755596.1|A/cattle/Texas/24-008749-003/2024(H5N1)	675	25457
PB2|PP755596.1|A/cattle/Texas/24-008749-003/2024(H5N1)	676	25277
PB2|PP755596.1|A/cattle/Texas/24-008749-003/2024(H5N1)	677	24446
PB2|PP755596.1|A/cattle/Texas/24-008749-003/2024(H5N1)	678	24175
PB2|PP755596.1|A/cattle/Texas/24-008749-003/2024(H5N1)	679	24202
PB2|PP755596.1|A/cattle/Texas/24-008749-003/2024(H5N1)	680	24160
PB2|PP755596.1|A/cattle/Texas/24-008749-003/2024(H5N1)	681	24038
PB2|PP755596.1|A/cattle/Texas/24-008749-003/2024(H5N1)	682	23991
PB2|PP755596.1|A/cattle/Texas/24-008749-003/2024(H5N1)	683	27685
PB2|PP755596.1|A/cattle/Texas/24-008749-003/2024(H5N1)	684	28409
PB2|PP755596.1|A/cattle/Texas/24-008749-003/2024(H5N1)	685	28424
PB2|PP755596.1|A/cattle/Texas/24-008749-003/2024(H5N1)	686	28521
PB2|PP755596.1|A/cattle/Texas/24-008749-003/2024(H5N1)	687	27896
PB2|PP755596.1|A/cattle/Texas/24-008749-003/2024(H5N1)	688	28049
PB2|PP755596.1|A/cattle/Texas/24-008749-003/2024(H5N1)	689	27558
PB2|PP755596.1|A/cattle/Texas/24-008749-003/2024(H5N1)	690	27553
PB2|PP755596.1|A/cattle/Texas/24-008749-003/2024(H5N1)	691	28809
PB2|PP755596.1|A/cattle/Texas/24-008749-003/2024(H5N1)	692	27782
PB2|PP755596.1|A/cattle/Texas/24-008749-003/2024(H5N1)	693	28084
PB2|PP755596.1|A/cattle/Texas/24-008749-003/2024(H5N1)	694	27670
PB2|PP755596.1|A/cattle/Texas/24-008749-003/2024(H5N1)	695	27621
PB2|PP755596.1|A/cattle/Texas/24-008749-003/2024(H5N1)	696	29944
PB2|PP755596.1|A/cattle/Texas/24-008749-003/2024(H5N1)	697	31001
PB2|PP755596.1|A/cattle/Texas/24-008749-003/2024(H5N1)	698	32539
PB2|PP755596.1|A/cattle/Texas/24-008749-003/2024(H5N1)	699	32569
PB2|PP755596.1|A/cattle/Texas/24-008749-003/2024(H5N1)	700	31943
PB2|PP755596.1|A/cattle/Texas/24-008749-003/2024(H5N1)	701	31939
PB2|PP755596.1|A/cattle/Texas/24-008749-003/2024(H5N1)	702	31760
PB2|PP755596.1|A/cattle/Texas/24-008749-003/2024(H5N1)	703	32726
PB2|PP755596.1|A/cattle/Texas/24-008749-003/2024(H5N1)	704	32697
PB2|PP755596.1|A/cattle/Texas/24-008749-003/2024(H5N1)	705	32467
PB2|PP755596.1|A/cattle/Texas/24-008749-003/2024(H5N1)	706	32250
PB2|PP755596.1|A/cattle/Texas/24-008749-003/2024(H5N1)	707	31679
PB2|PP755596.1|A/cattle/Texas/24-008749-003/2024(H5N1)	708	32514
PB2|PP755596.1|A/cattle/Texas/24-008749-003/2024(H5N1)	709	33044
PB2|PP755596.1|A/cattle/Texas/24-008749-003/2024(H5N1)	710	33303
PB2|PP755596.1|A/cattle/Texas/24-008749-003/2024(H5N1)	711	33327
PB2|PP755596.1|A/cattle/Texas/24-008749-003/2024(H5N1)	712	32857
PB2|PP755596.1|A/cattle/Texas/24-008749-003/2024(H5N1)	713	33028
PB2|PP755596.1|A/cattle/Texas/24-008749-003/2024(H5N1)	714	32971
PB2|PP755596.1|A/cattle/Texas/24-008749-003/2024(H5N1)	715	33205
PB2|PP755596.1|A/cattle/Texas/24-008749-003/2024(H5N1)	716	33612
PB2|PP755596.1|A/cattle/Texas/24-008749-003/2024(H5N1)	717	33371
PB2|PP755596.1|A/cattle/Texas/24-008749-003/2024(H5N1)	718	32883
PB2|PP755596.1|A/cattle/Texas/24-008749-003/2024(H5N1)	719	32838
PB2|PP755596.1|A/cattle/Texas/24-008749-003/2024(H5N1)	720	32822
PB2|PP755596.1|A/cattle/Texas/24-008749-003/2024(H5N1)	721	33980
PB2|PP755596.1|A/cattle/Texas/24-008749-003/2024(H5N1)	722	33712
PB2|PP755596.1|A/cattle/Texas/24-008749-003/2024(H5N1)	723	33729
PB2|PP755596.1|A/cattle/Texas/24-008749-003/2024(H5N1)	724	33993
PB2|PP755596.1|A/cattle/Texas/24-008749-003/2024(H5N1)	725	33625
PB2|PP755596.1|A/cattle/Texas/24-008749-003/2024(H5N1)	726	36777
PB2|PP755596.1|A/cattle/Texas/24-008749-003/2024(H5N1)	727	36861
PB2|PP755596.1|A/cattle/Texas/24-008749-003/2024(H5N1)	728	36029
PB2|PP755596.1|A/cattle/Texas/24-008749-003/2024(H5N1)	729	36945
PB2|PP755596.1|A/cattle/Texas/24-008749-003/2024(H5N1)	730	36958
PB2|PP755596.1|A/cattle/Texas/24-008749-003/2024(H5N1)	731	37085
PB2|PP755596.1|A/cattle/Texas/24-008749-003/2024(H5N1)	732	37088
PB2|PP755596.1|A/cattle/Texas/24-008749-003/2024(H5N1)	733	36598
PB2|PP755596.1|A/cattle/Texas/24-008749-003/2024(H5N1)	734	37279
PB2|PP755596.1|A/cattle/Texas/24-008749-003/2024(H5N1)	735	32077
PB2|PP755596.1|A/cattle/Texas/24-008749-003/2024(H5N1)	736	32786
PB2|PP755596.1|A/cattle/Texas/24-008749-003/2024(H5N1)	737	32227
PB2|PP755596.1|A/cattle/Texas/24-008749-003/2024(H5N1)	738	30901
PB2|PP755596.1|A/cattle/Texas/24-008749-003/2024(H5N1)	739	30959
PB2|PP755596.1|A/cattle/Texas/24-008749-003/2024(H5N1)	740	31282
PB2|PP755596.1|A/cattle/Texas/24-008749-003/2024(H5N1)	741	31423
PB2|PP755596.1|A/cattle/Texas/24-008749-003/2024(H5N1)	742	31446
PB2|PP755596.1|A/cattle/Texas/24-008749-003/2024(H5N1)	743	30311
PB2|PP755596.1|A/cattle/Texas/24-008749-003/2024(H5N1)	744	30074
PB2|PP755596.1|A/cattle/Texas/24-008749-003/2024(H5N1)	745	30075
PB2|PP755596.1|A/cattle/Texas/24-008749-003/2024(H5N1)	746	30118
PB2|PP755596.1|A/cattle/Texas/24-008749-003/2024(H5N1)	747	30167
PB2|PP755596.1|A/cattle/Texas/24-008749-003/2024(H5N1)	748	30276
PB2|PP755596.1|A/cattle/Texas/24-008749-003/2024(H5N1)	749	29442
PB2|PP755596.1|A/cattle/Texas/24-008749-003/2024(H5N1)	750	29467
PB2|PP755596.1|A/cattle/Texas/24-008749-003/2024(H5N1)	751	29183
PB2|PP755596.1|A/cattle/Texas/24-008749-003/2024(H5N1)	752	29133
PB2|PP755596.1|A/cattle/Texas/24-008749-003/2024(H5N1)	753	29198
PB2|PP755596.1|A/cattle/Texas/24-008749-003/2024(H5N1)	754	29065
PB2|PP755596.1|A/cattle/Texas/24-008749-003/2024(H5N1)	755	29371
PB2|PP755596.1|A/cattle/Texas/24-008749-003/2024(H5N1)	756	29649
PB2|PP755596.1|A/cattle/Texas/24-008749-003/2024(H5N1)	757	29625
PB2|PP755596.1|A/cattle/Texas/24-008749-003/2024(H5N1)	758	29754
PB2|PP755596.1|A/cattle/Texas/24-008749-003/2024(H5N1)	759	29754
PB2|PP755596.1|A/cattle/Texas/24-008749-003/2024(H5N1)	760	29884
PB2|PP755596.1|A/cattle/Texas/24-008749-003/2024(H5N1)	761	31803
PB2|PP755596.1|A/cattle/Texas/24-008749-003/2024(H5N1)	762	31819
PB2|PP755596.1|A/cattle/Texas/24-008749-003/2024(H5N1)	763	31932
PB2|PP755596.1|A/cattle/Texas/24-008749-003/2024(H5N1)	764	32004
PB2|PP755596.1|A/cattle/Texas/24-008749-003/2024(H5N1)	765	32004
PB2|PP755596.1|A/cattle/Texas/24-008749-003/2024(H5N1)	766	32723
PB2|PP755596.1|A/cattle/Texas/24-008749-003/2024(H5N1)	767	33341
PB2|PP755596.1|A/cattle/Texas/24-008749-003/2024(H5N1)	768	34126
PB2|PP755596.1|A/cattle/Texas/24-008749-003/2024(H5N1)	769	34101
PB2|PP755596.1|A/cattle/Texas/24-008749-003/2024(H5N1)	770	33815
PB2|PP755596.1|A/cattle/Texas/24-008749-003/2024(H5N1)	771	34152
PB2|PP755596.1|A/cattle/Texas/24-008749-003/2024(H5N1)	772	37446
PB2|PP755596.1|A/cattle/Texas/24-008749-003/2024(H5N1)	773	37512
PB2|PP755596.1|A/cattle/Texas/24-008749-003/2024(H5N1)	774	37806
PB2|PP755596.1|A/cattle/Texas/24-008749-003/2024(H5N1)	775	37723
PB2|PP755596.1|A/cattle/Texas/24-008749-003/2024(H5N1)	776	38076
PB2|PP755596.1|A/cattle/Texas/24-008749-003/2024(H5N1)	777	38171
PB2|PP755596.1|A/cattle/Texas/24-008749-003/2024(H5N1)	778	40407
PB2|PP755596.1|A/cattle/Texas/24-008749-003/2024(H5N1)	779	40417
PB2|PP755596.1|A/cattle/Texas/24-008749-003/2024(H5N1)	780	40346
PB2|PP755596.1|A/cattle/Texas/24-008749-003/2024(H5N1)	781	40267
PB2|PP755596.1|A/cattle/Texas/24-008749-003/2024(H5N1)	782	40268
PB2|PP755596.1|A/cattle/Texas/24-008749-003/2024(H5N1)	783	40298
PB2|PP755596.1|A/cattle/Texas/24-008749-003/2024(H5N1)	784	40323
PB2|PP755596.1|A/cattle/Texas/24-008749-003/2024(H5N1)	785	40322
PB2|PP755596.1|A/cattle/Texas/24-008749-003/2024(H5N1)	786	40277
PB2|PP755596.1|A/cattle/Texas/24-008749-003/2024(H5N1)	787	40406
PB2|PP755596.1|A/cattle/Texas/24-008749-003/2024(H5N1)	788	40431
PB2|PP755596.1|A/cattle/Texas/24-008749-003/2024(H5N1)	789	40548
PB2|PP755596.1|A/cattle/Texas/24-008749-003/2024(H5N1)	790	40537
PB2|PP755596.1|A/cattle/Texas/24-008749-003/2024(H5N1)	791	40843
PB2|PP755596.1|A/cattle/Texas/24-008749-003/2024(H5N1)	792	41036
PB2|PP755596.1|A/cattle/Texas/24-008749-003/2024(H5N1)	793	41083
PB2|PP755596.1|A/cattle/Texas/24-008749-003/2024(H5N1)	794	41106
PB2|PP755596.1|A/cattle/Texas/24-008749-003/2024(H5N1)	795	41114
PB2|PP755596.1|A/cattle/Texas/24-008749-003/2024(H5N1)	796	41276
PB2|PP755596.1|A/cattle/Texas/24-008749-003/2024(H5N1)	797	41274
PB2|PP755596.1|A/cattle/Texas/24-008749-003/2024(H5N1)	798	41278
PB2|PP755596.1|A/cattle/Texas/24-008749-003/2024(H5N1)	799	41294
PB2|PP755596.1|A/cattle/Texas/24-008749-003/2024(H5N1)	800	41071
PB2|PP755596.1|A/cattle/Texas/24-008749-003/2024(H5N1)	801	41179
PB2|PP755596.1|A/cattle/Texas/24-008749-003/2024(H5N1)	802	41168
PB2|PP755596.1|A/cattle/Texas/24-008749-003/2024(H5N1)	803	41241
PB2|PP755596.1|A/cattle/Texas/24-008749-003/2024(H5N1)	804	41248
PB2|PP755596.1|A/cattle/Texas/24-008749-003/2024(H5N1)	805	40978
PB2|PP755596.1|A/cattle/Texas/24-008749-003/2024(H5N1)	806	41145
PB2|PP755596.1|A/cattle/Texas/24-008749-003/2024(H5N1)	807	41043
PB2|PP755596.1|A/cattle/Texas/24-008749-003/2024(H5N1)	808	41060
PB2|PP755596.1|A/cattle/Texas/24-008749-003/2024(H5N1)	809	41051
PB2|PP755596.1|A/cattle/Texas/24-008749-003/2024(H5N1)	810	41008
PB2|PP755596.1|A/cattle/Texas/24-008749-003/2024(H5N1)	811	41018
PB2|PP755596.1|A/cattle/Texas/24-008749-003/2024(H5N1)	812	40979
PB2|PP755596.1|A/cattle/Texas/24-008749-003/2024(H5N1)	813	41364
PB2|PP755596.1|A/cattle/Texas/24-008749-003/2024(H5N1)	814	41425
PB2|PP755596.1|A/cattle/Texas/24-008749-003/2024(H5N1)	815	41183
PB2|PP755596.1|A/cattle/Texas/24-008749-003/2024(H5N1)	816	41214
PB2|PP755596.1|A/cattle/Texas/24-008749-003/2024(H5N1)	817	41169
PB2|PP755596.1|A/cattle/Texas/24-008749-003/2024(H5N1)	818	41291
PB2|PP755596.1|A/cattle/Texas/24-008749-003/2024(H5N1)	819	41292
PB2|PP755596.1|A/cattle/Texas/24-008749-003/2024(H5N1)	820	41305
PB2|PP755596.1|A/cattle/Texas/24-008749-003/2024(H5N1)	821	41289
PB2|PP755596.1|A/cattle/Texas/24-008749-003/2024(H5N1)	822	40431
PB2|PP755596.1|A/cattle/Texas/24-008749-003/2024(H5N1)	823	40416
PB2|PP755596.1|A/cattle/Texas/24-008749-003/2024(H5N1)	824	40453
PB2|PP755596.1|A/cattle/Texas/24-008749-003/2024(H5N1)	825	40671
PB2|PP755596.1|A/cattle/Texas/24-008749-003/2024(H5N1)	826	40609
PB2|PP755596.1|A/cattle/Texas/24-008749-003/2024(H5N1)	827	40250
PB2|PP755596.1|A/cattle/Texas/24-008749-003/2024(H5N1)	828	40195
PB2|PP755596.1|A/cattle/Texas/24-008749-003/2024(H5N1)	829	40190
PB2|PP755596.1|A/cattle/Texas/24-008749-003/2024(H5N1)	830	40181
PB2|PP755596.1|A/cattle/Texas/24-008749-003/2024(H5N1)	831	40174
PB2|PP755596.1|A/cattle/Texas/24-008749-003/2024(H5N1)	832	40120
PB2|PP755596.1|A/cattle/Texas/24-008749-003/2024(H5N1)	833	37628
PB2|PP755596.1|A/cattle/Texas/24-008749-003/2024(H5N1)	834	36821
PB2|PP755596.1|A/cattle/Texas/24-008749-003/2024(H5N1)	835	36129
PB2|PP755596.1|A/cattle/Texas/24-008749-003/2024(H5N1)	836	35866
PB2|PP755596.1|A/cattle/Texas/24-008749-003/2024(H5N1)	837	35803
PB2|PP755596.1|A/cattle/Texas/24-008749-003/2024(H5N1)	838	36002
PB2|PP755596.1|A/cattle/Texas/24-008749-003/2024(H5N1)	839	35990
PB2|PP755596.1|A/cattle/Texas/24-008749-003/2024(H5N1)	840	35993
PB2|PP755596.1|A/cattle/Texas/24-008749-003/2024(H5N1)	841	35924
PB2|PP755596.1|A/cattle/Texas/24-008749-003/2024(H5N1)	842	35036
PB2|PP755596.1|A/cattle/Texas/24-008749-003/2024(H5N1)	843	35034
PB2|PP755596.1|A/cattle/Texas/24-008749-003/2024(H5N1)	844	34652
PB2|PP755596.1|A/cattle/Texas/24-008749-003/2024(H5N1)	845	34366
PB2|PP755596.1|A/cattle/Texas/24-008749-003/2024(H5N1)	846	34366
PB2|PP755596.1|A/cattle/Texas/24-008749-003/2024(H5N1)	847	31061
PB2|PP755596.1|A/cattle/Texas/24-008749-003/2024(H5N1)	848	30442
PB2|PP755596.1|A/cattle/Texas/24-008749-003/2024(H5N1)	849	29512
PB2|PP755596.1|A/cattle/Texas/24-008749-003/2024(H5N1)	850	29421
PB2|PP755596.1|A/cattle/Texas/24-008749-003/2024(H5N1)	851	29420
PB2|PP755596.1|A/cattle/Texas/24-008749-003/2024(H5N1)	852	29348
PB2|PP755596.1|A/cattle/Texas/24-008749-003/2024(H5N1)	853	28736
PB2|PP755596.1|A/cattle/Texas/24-008749-003/2024(H5N1)	854	28652
PB2|PP755596.1|A/cattle/Texas/24-008749-003/2024(H5N1)	855	28499
PB2|PP755596.1|A/cattle/Texas/24-008749-003/2024(H5N1)	856	28099
PB2|PP755596.1|A/cattle/Texas/24-008749-003/2024(H5N1)	857	29209
PB2|PP755596.1|A/cattle/Texas/24-008749-003/2024(H5N1)	858	28005
PB2|PP755596.1|A/cattle/Texas/24-008749-003/2024(H5N1)	859	28991
PB2|PP755596.1|A/cattle/Texas/24-008749-003/2024(H5N1)	860	29148
PB2|PP755596.1|A/cattle/Texas/24-008749-003/2024(H5N1)	861	29081
PB2|PP755596.1|A/cattle/Texas/24-008749-003/2024(H5N1)	862	29997
PB2|PP755596.1|A/cattle/Texas/24-008749-003/2024(H5N1)	863	30030
PB2|PP755596.1|A/cattle/Texas/24-008749-003/2024(H5N1)	864	32325
PB2|PP755596.1|A/cattle/Texas/24-008749-003/2024(H5N1)	865	32328
PB2|PP755596.1|A/cattle/Texas/24-008749-003/2024(H5N1)	866	32023
PB2|PP755596.1|A/cattle/Texas/24-008749-003/2024(H5N1)	867	31761
PB2|PP755596.1|A/cattle/Texas/24-008749-003/2024(H5N1)	868	31853
PB2|PP755596.1|A/cattle/Texas/24-008749-003/2024(H5N1)	869	31851
PB2|PP755596.1|A/cattle/Texas/24-008749-003/2024(H5N1)	870	31770
PB2|PP755596.1|A/cattle/Texas/24-008749-003/2024(H5N1)	871	32750
PB2|PP755596.1|A/cattle/Texas/24-008749-003/2024(H5N1)	872	37404
PB2|PP755596.1|A/cattle/Texas/24-008749-003/2024(H5N1)	873	37067
PB2|PP755596.1|A/cattle/Texas/24-008749-003/2024(H5N1)	874	37088
PB2|PP755596.1|A/cattle/Texas/24-008749-003/2024(H5N1)	875	37007
PB2|PP755596.1|A/cattle/Texas/24-008749-003/2024(H5N1)	876	37141
PB2|PP755596.1|A/cattle/Texas/24-008749-003/2024(H5N1)	877	35193
PB2|PP755596.1|A/cattle/Texas/24-008749-003/2024(H5N1)	878	37230
PB2|PP755596.1|A/cattle/Texas/24-008749-003/2024(H5N1)	879	37725
PB2|PP755596.1|A/cattle/Texas/24-008749-003/2024(H5N1)	880	37296
PB2|PP755596.1|A/cattle/Texas/24-008749-003/2024(H5N1)	881	35858
PB2|PP755596.1|A/cattle/Texas/24-008749-003/2024(H5N1)	882	36383
PB2|PP755596.1|A/cattle/Texas/24-008749-003/2024(H5N1)	883	37266
PB2|PP755596.1|A/cattle/Texas/24-008749-003/2024(H5N1)	884	37259
PB2|PP755596.1|A/cattle/Texas/24-008749-003/2024(H5N1)	885	36889
PB2|PP755596.1|A/cattle/Texas/24-008749-003/2024(H5N1)	886	36888
PB2|PP755596.1|A/cattle/Texas/24-008749-003/2024(H5N1)	887	36236
PB2|PP755596.1|A/cattle/Texas/24-008749-003/2024(H5N1)	888	36335
PB2|PP755596.1|A/cattle/Texas/24-008749-003/2024(H5N1)	889	35979
PB2|PP755596.1|A/cattle/Texas/24-008749-003/2024(H5N1)	890	36380
PB2|PP755596.1|A/cattle/Texas/24-008749-003/2024(H5N1)	891	35915
PB2|PP755596.1|A/cattle/Texas/24-008749-003/2024(H5N1)	892	35869
PB2|PP755596.1|A/cattle/Texas/24-008749-003/2024(H5N1)	893	35381
PB2|PP755596.1|A/cattle/Texas/24-008749-003/2024(H5N1)	894	35334
PB2|PP755596.1|A/cattle/Texas/24-008749-003/2024(H5N1)	895	35415
PB2|PP755596.1|A/cattle/Texas/24-008749-003/2024(H5N1)	896	35229
PB2|PP755596.1|A/cattle/Texas/24-008749-003/2024(H5N1)	897	35479
PB2|PP755596.1|A/cattle/Texas/24-008749-003/2024(H5N1)	898	35385
PB2|PP755596.1|A/cattle/Texas/24-008749-003/2024(H5N1)	899	35140
PB2|PP755596.1|A/cattle/Texas/24-008749-003/2024(H5N1)	900	35184
PB2|PP755596.1|A/cattle/Texas/24-008749-003/2024(H5N1)	901	35088
PB2|PP755596.1|A/cattle/Texas/24-008749-003/2024(H5N1)	902	36320
PB2|PP755596.1|A/cattle/Texas/24-008749-003/2024(H5N1)	903	36265
PB2|PP755596.1|A/cattle/Texas/24-008749-003/2024(H5N1)	904	36303
PB2|PP755596.1|A/cattle/Texas/24-008749-003/2024(H5N1)	905	36280
PB2|PP755596.1|A/cattle/Texas/24-008749-003/2024(H5N1)	906	35877
PB2|PP755596.1|A/cattle/Texas/24-008749-003/2024(H5N1)	907	35807
PB2|PP755596.1|A/cattle/Texas/24-008749-003/2024(H5N1)	908	36218
PB2|PP755596.1|A/cattle/Texas/24-008749-003/2024(H5N1)	909	36085
PB2|PP755596.1|A/cattle/Texas/24-008749-003/2024(H5N1)	910	36236
PB2|PP755596.1|A/cattle/Texas/24-008749-003/2024(H5N1)	911	34894
PB2|PP755596.1|A/cattle/Texas/24-008749-003/2024(H5N1)	912	34599
PB2|PP755596.1|A/cattle/Texas/24-008749-003/2024(H5N1)	913	34995
PB2|PP755596.1|A/cattle/Texas/24-008749-003/2024(H5N1)	914	35171
PB2|PP755596.1|A/cattle/Texas/24-008749-003/2024(H5N1)	915	35176
PB2|PP755596.1|A/cattle/Texas/24-008749-003/2024(H5N1)	916	35084
PB2|PP755596.1|A/cattle/Texas/24-008749-003/2024(H5N1)	917	34405
PB2|PP755596.1|A/cattle/Texas/24-008749-003/2024(H5N1)	918	34400
PB2|PP755596.1|A/cattle/Texas/24-008749-003/2024(H5N1)	919	34672
PB2|PP755596.1|A/cattle/Texas/24-008749-003/2024(H5N1)	920	34922
PB2|PP755596.1|A/cattle/Texas/24-008749-003/2024(H5N1)	921	31763
PB2|PP755596.1|A/cattle/Texas/24-008749-003/2024(H5N1)	922	30764
PB2|PP755596.1|A/cattle/Texas/24-008749-003/2024(H5N1)	923	30969
PB2|PP755596.1|A/cattle/Texas/24-008749-003/2024(H5N1)	924	31095
PB2|PP755596.1|A/cattle/Texas/24-008749-003/2024(H5N1)	925	33456
PB2|PP755596.1|A/cattle/Texas/24-008749-003/2024(H5N1)	926	33635
PB2|PP755596.1|A/cattle/Texas/24-008749-003/2024(H5N1)	927	34494
PB2|PP755596.1|A/cattle/Texas/24-008749-003/2024(H5N1)	928	31377
PB2|PP755596.1|A/cattle/Texas/24-008749-003/2024(H5N1)	929	31395
PB2|PP755596.1|A/cattle/Texas/24-008749-003/2024(H5N1)	930	32496
PB2|PP755596.1|A/cattle/Texas/24-008749-003/2024(H5N1)	931	32506
PB2|PP755596.1|A/cattle/Texas/24-008749-003/2024(H5N1)	932	32516
PB2|PP755596.1|A/cattle/Texas/24-008749-003/2024(H5N1)	933	33632
PB2|PP755596.1|A/cattle/Texas/24-008749-003/2024(H5N1)	934	36042
PB2|PP755596.1|A/cattle/Texas/24-008749-003/2024(H5N1)	935	36399
PB2|PP755596.1|A/cattle/Texas/24-008749-003/2024(H5N1)	936	36380
PB2|PP755596.1|A/cattle/Texas/24-008749-003/2024(H5N1)	937	38318
PB2|PP755596.1|A/cattle/Texas/24-008749-003/2024(H5N1)	938	38542
PB2|PP755596.1|A/cattle/Texas/24-008749-003/2024(H5N1)	939	38335
PB2|PP755596.1|A/cattle/Texas/24-008749-003/2024(H5N1)	940	38913
PB2|PP755596.1|A/cattle/Texas/24-008749-003/2024(H5N1)	941	39185
PB2|PP755596.1|A/cattle/Texas/24-008749-003/2024(H5N1)	942	39590
PB2|PP755596.1|A/cattle/Texas/24-008749-003/2024(H5N1)	943	40056
PB2|PP755596.1|A/cattle/Texas/24-008749-003/2024(H5N1)	944	40989
PB2|PP755596.1|A/cattle/Texas/24-008749-003/2024(H5N1)	945	41151
PB2|PP755596.1|A/cattle/Texas/24-008749-003/2024(H5N1)	946	41889
PB2|PP755596.1|A/cattle/Texas/24-008749-003/2024(H5N1)	947	42596
PB2|PP755596.1|A/cattle/Texas/24-008749-003/2024(H5N1)	948	43116
PB2|PP755596.1|A/cattle/Texas/24-008749-003/2024(H5N1)	949	43530
PB2|PP755596.1|A/cattle/Texas/24-008749-003/2024(H5N1)	950	43531
PB2|PP755596.1|A/cattle/Texas/24-008749-003/2024(H5N1)	951	43614
PB2|PP755596.1|A/cattle/Texas/24-008749-003/2024(H5N1)	952	43810
PB2|PP755596.1|A/cattle/Texas/24-008749-003/2024(H5N1)	953	44465
PB2|PP755596.1|A/cattle/Texas/24-008749-003/2024(H5N1)	954	45663
PB2|PP755596.1|A/cattle/Texas/24-008749-003/2024(H5N1)	955	46266
PB2|PP755596.1|A/cattle/Texas/24-008749-003/2024(H5N1)	956	46291
PB2|PP755596.1|A/cattle/Texas/24-008749-003/2024(H5N1)	957	46290
PB2|PP755596.1|A/cattle/Texas/24-008749-003/2024(H5N1)	958	46378
PB2|PP755596.1|A/cattle/Texas/24-008749-003/2024(H5N1)	959	46482
PB2|PP755596.1|A/cattle/Texas/24-008749-003/2024(H5N1)	960	46661
PB2|PP755596.1|A/cattle/Texas/24-008749-003/2024(H5N1)	961	46580
PB2|PP755596.1|A/cattle/Texas/24-008749-003/2024(H5N1)	962	46397
PB2|PP755596.1|A/cattle/Texas/24-008749-003/2024(H5N1)	963	46191
PB2|PP755596.1|A/cattle/Texas/24-008749-003/2024(H5N1)	964	46349
PB2|PP755596.1|A/cattle/Texas/24-008749-003/2024(H5N1)	965	46324
PB2|PP755596.1|A/cattle/Texas/24-008749-003/2024(H5N1)	966	46576
PB2|PP755596.1|A/cattle/Texas/24-008749-003/2024(H5N1)	967	46533
PB2|PP755596.1|A/cattle/Texas/24-008749-003/2024(H5N1)	968	46492
PB2|PP755596.1|A/cattle/Texas/24-008749-003/2024(H5N1)	969	46476
PB2|PP755596.1|A/cattle/Texas/24-008749-003/2024(H5N1)	970	46471
PB2|PP755596.1|A/cattle/Texas/24-008749-003/2024(H5N1)	971	47099
PB2|PP755596.1|A/cattle/Texas/24-008749-003/2024(H5N1)	972	47105
PB2|PP755596.1|A/cattle/Texas/24-008749-003/2024(H5N1)	973	46984
PB2|PP755596.1|A/cattle/Texas/24-008749-003/2024(H5N1)	974	47023
PB2|PP755596.1|A/cattle/Texas/24-008749-003/2024(H5N1)	975	46788
PB2|PP755596.1|A/cattle/Texas/24-008749-003/2024(H5N1)	976	46783
PB2|PP755596.1|A/cattle/Texas/24-008749-003/2024(H5N1)	977	46794
PB2|PP755596.1|A/cattle/Texas/24-008749-003/2024(H5N1)	978	46766
PB2|PP755596.1|A/cattle/Texas/24-008749-003/2024(H5N1)	979	46768
PB2|PP755596.1|A/cattle/Texas/24-008749-003/2024(H5N1)	980	46332
PB2|PP755596.1|A/cattle/Texas/24-008749-003/2024(H5N1)	981	46331
PB2|PP755596.1|A/cattle/Texas/24-008749-003/2024(H5N1)	982	46320
PB2|PP755596.1|A/cattle/Texas/24-008749-003/2024(H5N1)	983	46294
PB2|PP755596.1|A/cattle/Texas/24-008749-003/2024(H5N1)	984	46288
PB2|PP755596.1|A/cattle/Texas/24-008749-003/2024(H5N1)	985	46228
PB2|PP755596.1|A/cattle/Texas/24-008749-003/2024(H5N1)	986	46305
PB2|PP755596.1|A/cattle/Texas/24-008749-003/2024(H5N1)	987	46267
PB2|PP755596.1|A/cattle/Texas/24-008749-003/2024(H5N1)	988	46245
PB2|PP755596.1|A/cattle/Texas/24-008749-003/2024(H5N1)	989	46164
PB2|PP755596.1|A/cattle/Texas/24-008749-003/2024(H5N1)	990	46150
PB2|PP755596.1|A/cattle/Texas/24-008749-003/2024(H5N1)	991	46134
PB2|PP755596.1|A/cattle/Texas/24-008749-003/2024(H5N1)	992	46161
PB2|PP755596.1|A/cattle/Texas/24-008749-003/2024(H5N1)	993	46140
PB2|PP755596.1|A/cattle/Texas/24-008749-003/2024(H5N1)	994	46101
PB2|PP755596.1|A/cattle/Texas/24-008749-003/2024(H5N1)	995	46179
PB2|PP755596.1|A/cattle/Texas/24-008749-003/2024(H5N1)	996	46082
PB2|PP755596.1|A/cattle/Texas/24-008749-003/2024(H5N1)	997	46091
PB2|PP755596.1|A/cattle/Texas/24-008749-003/2024(H5N1)	998	46143
PB2|PP755596.1|A/cattle/Texas/24-008749-003/2024(H5N1)	999	46118
PB2|PP755596.1|A/cattle/Texas/24-008749-003/2024(H5N1)	1000	46092
PB2|PP755596.1|A/cattle/Texas/24-008749-003/2024(H5N1)	1001	46141
PB2|PP755596.1|A/cattle/Texas/24-008749-003/2024(H5N1)	1002	46138
PB2|PP755596.1|A/cattle/Texas/24-008749-003/2024(H5N1)	1003	46126
PB2|PP755596.1|A/cattle/Texas/24-008749-003/2024(H5N1)	1004	45991
PB2|PP755596.1|A/cattle/Texas/24-008749-003/2024(H5N1)	1005	45966
PB2|PP755596.1|A/cattle/Texas/24-008749-003/2024(H5N1)	1006	45950
PB2|PP755596.1|A/cattle/Texas/24-008749-003/2024(H5N1)	1007	44950
PB2|PP755596.1|A/cattle/Texas/24-008749-003/2024(H5N1)	1008	44936
PB2|PP755596.1|A/cattle/Texas/24-008749-003/2024(H5N1)	1009	44852
PB2|PP755596.1|A/cattle/Texas/24-008749-003/2024(H5N1)	1010	43690
PB2|PP755596.1|A/cattle/Texas/24-008749-003/2024(H5N1)	1011	43537
PB2|PP755596.1|A/cattle/Texas/24-008749-003/2024(H5N1)	1012	43677
PB2|PP755596.1|A/cattle/Texas/24-008749-003/2024(H5N1)	1013	42864
PB2|PP755596.1|A/cattle/Texas/24-008749-003/2024(H5N1)	1014	40915
PB2|PP755596.1|A/cattle/Texas/24-008749-003/2024(H5N1)	1015	40851
PB2|PP755596.1|A/cattle/Texas/24-008749-003/2024(H5N1)	1016	40863
PB2|PP755596.1|A/cattle/Texas/24-008749-003/2024(H5N1)	1017	40793
PB2|PP755596.1|A/cattle/Texas/24-008749-003/2024(H5N1)	1018	40967
PB2|PP755596.1|A/cattle/Texas/24-008749-003/2024(H5N1)	1019	44184
PB2|PP755596.1|A/cattle/Texas/24-008749-003/2024(H5N1)	1020	44465
PB2|PP755596.1|A/cattle/Texas/24-008749-003/2024(H5N1)	1021	44703
PB2|PP755596.1|A/cattle/Texas/24-008749-003/2024(H5N1)	1022	44345
PB2|PP755596.1|A/cattle/Texas/24-008749-003/2024(H5N1)	1023	40474
PB2|PP755596.1|A/cattle/Texas/24-008749-003/2024(H5N1)	1024	41770
PB2|PP755596.1|A/cattle/Texas/24-008749-003/2024(H5N1)	1025	41796
PB2|PP755596.1|A/cattle/Texas/24-008749-003/2024(H5N1)	1026	41758
PB2|PP755596.1|A/cattle/Texas/24-008749-003/2024(H5N1)	1027	41994
PB2|PP755596.1|A/cattle/Texas/24-008749-003/2024(H5N1)	1028	41281
PB2|PP755596.1|A/cattle/Texas/24-008749-003/2024(H5N1)	1029	40142
PB2|PP755596.1|A/cattle/Texas/24-008749-003/2024(H5N1)	1030	40444
PB2|PP755596.1|A/cattle/Texas/24-008749-003/2024(H5N1)	1031	39954
PB2|PP755596.1|A/cattle/Texas/24-008749-003/2024(H5N1)	1032	41726
PB2|PP755596.1|A/cattle/Texas/24-008749-003/2024(H5N1)	1033	40649
PB2|PP755596.1|A/cattle/Texas/24-008749-003/2024(H5N1)	1034	40834
PB2|PP755596.1|A/cattle/Texas/24-008749-003/2024(H5N1)	1035	40881
PB2|PP755596.1|A/cattle/Texas/24-008749-003/2024(H5N1)	1036	40768
PB2|PP755596.1|A/cattle/Texas/24-008749-003/2024(H5N1)	1037	40830
PB2|PP755596.1|A/cattle/Texas/24-008749-003/2024(H5N1)	1038	40790
PB2|PP755596.1|A/cattle/Texas/24-008749-003/2024(H5N1)	1039	40727
PB2|PP755596.1|A/cattle/Texas/24-008749-003/2024(H5N1)	1040	40754
PB2|PP755596.1|A/cattle/Texas/24-008749-003/2024(H5N1)	1041	39986
PB2|PP755596.1|A/cattle/Texas/24-008749-003/2024(H5N1)	1042	39872
PB2|PP755596.1|A/cattle/Texas/24-008749-003/2024(H5N1)	1043	40280
PB2|PP755596.1|A/cattle/Texas/24-008749-003/2024(H5N1)	1044	43214
PB2|PP755596.1|A/cattle/Texas/24-008749-003/2024(H5N1)	1045	43356
PB2|PP755596.1|A/cattle/Texas/24-008749-003/2024(H5N1)	1046	43222
PB2|PP755596.1|A/cattle/Texas/24-008749-003/2024(H5N1)	1047	43200
PB2|PP755596.1|A/cattle/Texas/24-008749-003/2024(H5N1)	1048	43343
PB2|PP755596.1|A/cattle/Texas/24-008749-003/2024(H5N1)	1049	43336
PB2|PP755596.1|A/cattle/Texas/24-008749-003/2024(H5N1)	1050	43355
PB2|PP755596.1|A/cattle/Texas/24-008749-003/2024(H5N1)	1051	43354
PB2|PP755596.1|A/cattle/Texas/24-008749-003/2024(H5N1)	1052	43247
PB2|PP755596.1|A/cattle/Texas/24-008749-003/2024(H5N1)	1053	41613
PB2|PP755596.1|A/cattle/Texas/24-008749-003/2024(H5N1)	1054	41624
PB2|PP755596.1|A/cattle/Texas/24-008749-003/2024(H5N1)	1055	41559
PB2|PP755596.1|A/cattle/Texas/24-008749-003/2024(H5N1)	1056	41951
PB2|PP755596.1|A/cattle/Texas/24-008749-003/2024(H5N1)	1057	41996
PB2|PP755596.1|A/cattle/Texas/24-008749-003/2024(H5N1)	1058	42490
PB2|PP755596.1|A/cattle/Texas/24-008749-003/2024(H5N1)	1059	42280
PB2|PP755596.1|A/cattle/Texas/24-008749-003/2024(H5N1)	1060	42287
PB2|PP755596.1|A/cattle/Texas/24-008749-003/2024(H5N1)	1061	42310
PB2|PP755596.1|A/cattle/Texas/24-008749-003/2024(H5N1)	1062	42448
PB2|PP755596.1|A/cattle/Texas/24-008749-003/2024(H5N1)	1063	42305
PB2|PP755596.1|A/cattle/Texas/24-008749-003/2024(H5N1)	1064	42889
PB2|PP755596.1|A/cattle/Texas/24-008749-003/2024(H5N1)	1065	42673
PB2|PP755596.1|A/cattle/Texas/24-008749-003/2024(H5N1)	1066	43969
PB2|PP755596.1|A/cattle/Texas/24-008749-003/2024(H5N1)	1067	43949
PB2|PP755596.1|A/cattle/Texas/24-008749-003/2024(H5N1)	1068	44030
PB2|PP755596.1|A/cattle/Texas/24-008749-003/2024(H5N1)	1069	44684
PB2|PP755596.1|A/cattle/Texas/24-008749-003/2024(H5N1)	1070	44530
PB2|PP755596.1|A/cattle/Texas/24-008749-003/2024(H5N1)	1071	44487
PB2|PP755596.1|A/cattle/Texas/24-008749-003/2024(H5N1)	1072	44492
PB2|PP755596.1|A/cattle/Texas/24-008749-003/2024(H5N1)	1073	44164
PB2|PP755596.1|A/cattle/Texas/24-008749-003/2024(H5N1)	1074	44554
PB2|PP755596.1|A/cattle/Texas/24-008749-003/2024(H5N1)	1075	45219
PB2|PP755596.1|A/cattle/Texas/24-008749-003/2024(H5N1)	1076	45688
PB2|PP755596.1|A/cattle/Texas/24-008749-003/2024(H5N1)	1077	46613
PB2|PP755596.1|A/cattle/Texas/24-008749-003/2024(H5N1)	1078	44953
PB2|PP755596.1|A/cattle/Texas/24-008749-003/2024(H5N1)	1079	45506
PB2|PP755596.1|A/cattle/Texas/24-008749-003/2024(H5N1)	1080	45458
PB2|PP755596.1|A/cattle/Texas/24-008749-003/2024(H5N1)	1081	45001
PB2|PP755596.1|A/cattle/Texas/24-008749-003/2024(H5N1)	1082	45886
PB2|PP755596.1|A/cattle/Texas/24-008749-003/2024(H5N1)	1083	45282
PB2|PP755596.1|A/cattle/Texas/24-008749-003/2024(H5N1)	1084	44597
PB2|PP755596.1|A/cattle/Texas/24-008749-003/2024(H5N1)	1085	42019
PB2|PP755596.1|A/cattle/Texas/24-008749-003/2024(H5N1)	1086	42116
PB2|PP755596.1|A/cattle/Texas/24-008749-003/2024(H5N1)	1087	40595
PB2|PP755596.1|A/cattle/Texas/24-008749-003/2024(H5N1)	1088	42930
PB2|PP755596.1|A/cattle/Texas/24-008749-003/2024(H5N1)	1089	43181
PB2|PP755596.1|A/cattle/Texas/24-008749-003/2024(H5N1)	1090	43034
PB2|PP755596.1|A/cattle/Texas/24-008749-003/2024(H5N1)	1091	43172
PB2|PP755596.1|A/cattle/Texas/24-008749-003/2024(H5N1)	1092	43123
PB2|PP755596.1|A/cattle/Texas/24-008749-003/2024(H5N1)	1093	43030
PB2|PP755596.1|A/cattle/Texas/24-008749-003/2024(H5N1)	1094	42506
PB2|PP755596.1|A/cattle/Texas/24-008749-003/2024(H5N1)	1095	41561
PB2|PP755596.1|A/cattle/Texas/24-008749-003/2024(H5N1)	1096	41842
PB2|PP755596.1|A/cattle/Texas/24-008749-003/2024(H5N1)	1097	41392
PB2|PP755596.1|A/cattle/Texas/24-008749-003/2024(H5N1)	1098	42511
PB2|PP755596.1|A/cattle/Texas/24-008749-003/2024(H5N1)	1099	42473
PB2|PP755596.1|A/cattle/Texas/24-008749-003/2024(H5N1)	1100	41933
PB2|PP755596.1|A/cattle/Texas/24-008749-003/2024(H5N1)	1101	41954
PB2|PP755596.1|A/cattle/Texas/24-008749-003/2024(H5N1)	1102	41722
PB2|PP755596.1|A/cattle/Texas/24-008749-003/2024(H5N1)	1103	41831
PB2|PP755596.1|A/cattle/Texas/24-008749-003/2024(H5N1)	1104	41119
PB2|PP755596.1|A/cattle/Texas/24-008749-003/2024(H5N1)	1105	40160
PB2|PP755596.1|A/cattle/Texas/24-008749-003/2024(H5N1)	1106	40369
PB2|PP755596.1|A/cattle/Texas/24-008749-003/2024(H5N1)	1107	40342
PB2|PP755596.1|A/cattle/Texas/24-008749-003/2024(H5N1)	1108	40435
PB2|PP755596.1|A/cattle/Texas/24-008749-003/2024(H5N1)	1109	45100
PB2|PP755596.1|A/cattle/Texas/24-008749-003/2024(H5N1)	1110	45043
PB2|PP755596.1|A/cattle/Texas/24-008749-003/2024(H5N1)	1111	45093
PB2|PP755596.1|A/cattle/Texas/24-008749-003/2024(H5N1)	1112	45417
PB2|PP755596.1|A/cattle/Texas/24-008749-003/2024(H5N1)	1113	45444
PB2|PP755596.1|A/cattle/Texas/24-008749-003/2024(H5N1)	1114	45611
PB2|PP755596.1|A/cattle/Texas/24-008749-003/2024(H5N1)	1115	45325
PB2|PP755596.1|A/cattle/Texas/24-008749-003/2024(H5N1)	1116	45326
PB2|PP755596.1|A/cattle/Texas/24-008749-003/2024(H5N1)	1117	45574
PB2|PP755596.1|A/cattle/Texas/24-008749-003/2024(H5N1)	1118	45599
PB2|PP755596.1|A/cattle/Texas/24-008749-003/2024(H5N1)	1119	45702
PB2|PP755596.1|A/cattle/Texas/24-008749-003/2024(H5N1)	1120	45702
PB2|PP755596.1|A/cattle/Texas/24-008749-003/2024(H5N1)	1121	45632
PB2|PP755596.1|A/cattle/Texas/24-008749-003/2024(H5N1)	1122	45772
PB2|PP755596.1|A/cattle/Texas/24-008749-003/2024(H5N1)	1123	45756
PB2|PP755596.1|A/cattle/Texas/24-008749-003/2024(H5N1)	1124	45778
PB2|PP755596.1|A/cattle/Texas/24-008749-003/2024(H5N1)	1125	45793
PB2|PP755596.1|A/cattle/Texas/24-008749-003/2024(H5N1)	1126	45826
PB2|PP755596.1|A/cattle/Texas/24-008749-003/2024(H5N1)	1127	45834
PB2|PP755596.1|A/cattle/Texas/24-008749-003/2024(H5N1)	1128	45787
PB2|PP755596.1|A/cattle/Texas/24-008749-003/2024(H5N1)	1129	45834
PB2|PP755596.1|A/cattle/Texas/24-008749-003/2024(H5N1)	1130	45856
PB2|PP755596.1|A/cattle/Texas/24-008749-003/2024(H5N1)	1131	45748
PB2|PP755596.1|A/cattle/Texas/24-008749-003/2024(H5N1)	1132	45799
PB2|PP755596.1|A/cattle/Texas/24-008749-003/2024(H5N1)	1133	46178
PB2|PP755596.1|A/cattle/Texas/24-008749-003/2024(H5N1)	1134	46167
PB2|PP755596.1|A/cattle/Texas/24-008749-003/2024(H5N1)	1135	46131
PB2|PP755596.1|A/cattle/Texas/24-008749-003/2024(H5N1)	1136	46139
PB2|PP755596.1|A/cattle/Texas/24-008749-003/2024(H5N1)	1137	46115
PB2|PP755596.1|A/cattle/Texas/24-008749-003/2024(H5N1)	1138	46081
PB2|PP755596.1|A/cattle/Texas/24-008749-003/2024(H5N1)	1139	46283
PB2|PP755596.1|A/cattle/Texas/24-008749-003/2024(H5N1)	1140	46328
PB2|PP755596.1|A/cattle/Texas/24-008749-003/2024(H5N1)	1141	46318
PB2|PP755596.1|A/cattle/Texas/24-008749-003/2024(H5N1)	1142	46056
PB2|PP755596.1|A/cattle/Texas/24-008749-003/2024(H5N1)	1143	46140
PB2|PP755596.1|A/cattle/Texas/24-008749-003/2024(H5N1)	1144	46178
PB2|PP755596.1|A/cattle/Texas/24-008749-003/2024(H5N1)	1145	46151
PB2|PP755596.1|A/cattle/Texas/24-008749-003/2024(H5N1)	1146	46137
PB2|PP755596.1|A/cattle/Texas/24-008749-003/2024(H5N1)	1147	46153
PB2|PP755596.1|A/cattle/Texas/24-008749-003/2024(H5N1)	1148	46142
PB2|PP755596.1|A/cattle/Texas/24-008749-003/2024(H5N1)	1149	46405
PB2|PP755596.1|A/cattle/Texas/24-008749-003/2024(H5N1)	1150	46400
PB2|PP755596.1|A/cattle/Texas/24-008749-003/2024(H5N1)	1151	46406
PB2|PP755596.1|A/cattle/Texas/24-008749-003/2024(H5N1)	1152	46398
PB2|PP755596.1|A/cattle/Texas/24-008749-003/2024(H5N1)	1153	46401
PB2|PP755596.1|A/cattle/Texas/24-008749-003/2024(H5N1)	1154	46474
PB2|PP755596.1|A/cattle/Texas/24-008749-003/2024(H5N1)	1155	46488
PB2|PP755596.1|A/cattle/Texas/24-008749-003/2024(H5N1)	1156	46523
PB2|PP755596.1|A/cattle/Texas/24-008749-003/2024(H5N1)	1157	46069
PB2|PP755596.1|A/cattle/Texas/24-008749-003/2024(H5N1)	1158	45833
PB2|PP755596.1|A/cattle/Texas/24-008749-003/2024(H5N1)	1159	45804
PB2|PP755596.1|A/cattle/Texas/24-008749-003/2024(H5N1)	1160	45945
PB2|PP755596.1|A/cattle/Texas/24-008749-003/2024(H5N1)	1161	45896
PB2|PP755596.1|A/cattle/Texas/24-008749-003/2024(H5N1)	1162	45826
PB2|PP755596.1|A/cattle/Texas/24-008749-003/2024(H5N1)	1163	45711
PB2|PP755596.1|A/cattle/Texas/24-008749-003/2024(H5N1)	1164	45630
PB2|PP755596.1|A/cattle/Texas/24-008749-003/2024(H5N1)	1165	45597
PB2|PP755596.1|A/cattle/Texas/24-008749-003/2024(H5N1)	1166	45676
PB2|PP755596.1|A/cattle/Texas/24-008749-003/2024(H5N1)	1167	45622
PB2|PP755596.1|A/cattle/Texas/24-008749-003/2024(H5N1)	1168	45640
PB2|PP755596.1|A/cattle/Texas/24-008749-003/2024(H5N1)	1169	45185
PB2|PP755596.1|A/cattle/Texas/24-008749-003/2024(H5N1)	1170	42399
PB2|PP755596.1|A/cattle/Texas/24-008749-003/2024(H5N1)	1171	42389
PB2|PP755596.1|A/cattle/Texas/24-008749-003/2024(H5N1)	1172	41757
PB2|PP755596.1|A/cattle/Texas/24-008749-003/2024(H5N1)	1173	41109
PB2|PP755596.1|A/cattle/Texas/24-008749-003/2024(H5N1)	1174	39978
PB2|PP755596.1|A/cattle/Texas/24-008749-003/2024(H5N1)	1175	39687
PB2|PP755596.1|A/cattle/Texas/24-008749-003/2024(H5N1)	1176	39789
PB2|PP755596.1|A/cattle/Texas/24-008749-003/2024(H5N1)	1177	39534
PB2|PP755596.1|A/cattle/Texas/24-008749-003/2024(H5N1)	1178	39229
PB2|PP755596.1|A/cattle/Texas/24-008749-003/2024(H5N1)	1179	39209
PB2|PP755596.1|A/cattle/Texas/24-008749-003/2024(H5N1)	1180	38903
PB2|PP755596.1|A/cattle/Texas/24-008749-003/2024(H5N1)	1181	38551
PB2|PP755596.1|A/cattle/Texas/24-008749-003/2024(H5N1)	1182	38492
PB2|PP755596.1|A/cattle/Texas/24-008749-003/2024(H5N1)	1183	36964
PB2|PP755596.1|A/cattle/Texas/24-008749-003/2024(H5N1)	1184	36691
PB2|PP755596.1|A/cattle/Texas/24-008749-003/2024(H5N1)	1185	36063
PB2|PP755596.1|A/cattle/Texas/24-008749-003/2024(H5N1)	1186	36060
PB2|PP755596.1|A/cattle/Texas/24-008749-003/2024(H5N1)	1187	36002
PB2|PP755596.1|A/cattle/Texas/24-008749-003/2024(H5N1)	1188	35854
PB2|PP755596.1|A/cattle/Texas/24-008749-003/2024(H5N1)	1189	35851
PB2|PP755596.1|A/cattle/Texas/24-008749-003/2024(H5N1)	1190	36426
PB2|PP755596.1|A/cattle/Texas/24-008749-003/2024(H5N1)	1191	36371
PB2|PP755596.1|A/cattle/Texas/24-008749-003/2024(H5N1)	1192	36540
PB2|PP755596.1|A/cattle/Texas/24-008749-003/2024(H5N1)	1193	36573
PB2|PP755596.1|A/cattle/Texas/24-008749-003/2024(H5N1)	1194	36730
PB2|PP755596.1|A/cattle/Texas/24-008749-003/2024(H5N1)	1195	35779
PB2|PP755596.1|A/cattle/Texas/24-008749-003/2024(H5N1)	1196	35666
PB2|PP755596.1|A/cattle/Texas/24-008749-003/2024(H5N1)	1197	35235
PB2|PP755596.1|A/cattle/Texas/24-008749-003/2024(H5N1)	1198	35200
PB2|PP755596.1|A/cattle/Texas/24-008749-003/2024(H5N1)	1199	34787
PB2|PP755596.1|A/cattle/Texas/24-008749-003/2024(H5N1)	1200	35310
PB2|PP755596.1|A/cattle/Texas/24-008749-003/2024(H5N1)	1201	35949
PB2|PP755596.1|A/cattle/Texas/24-008749-003/2024(H5N1)	1202	36010
PB2|PP755596.1|A/cattle/Texas/24-008749-003/2024(H5N1)	1203	35929
PB2|PP755596.1|A/cattle/Texas/24-008749-003/2024(H5N1)	1204	36634
PB2|PP755596.1|A/cattle/Texas/24-008749-003/2024(H5N1)	1205	36984
PB2|PP755596.1|A/cattle/Texas/24-008749-003/2024(H5N1)	1206	37750
PB2|PP755596.1|A/cattle/Texas/24-008749-003/2024(H5N1)	1207	38275
PB2|PP755596.1|A/cattle/Texas/24-008749-003/2024(H5N1)	1208	38218
PB2|PP755596.1|A/cattle/Texas/24-008749-003/2024(H5N1)	1209	38633
PB2|PP755596.1|A/cattle/Texas/24-008749-003/2024(H5N1)	1210	38407
PB2|PP755596.1|A/cattle/Texas/24-008749-003/2024(H5N1)	1211	40065
PB2|PP755596.1|A/cattle/Texas/24-008749-003/2024(H5N1)	1212	40094
PB2|PP755596.1|A/cattle/Texas/24-008749-003/2024(H5N1)	1213	39849
PB2|PP755596.1|A/cattle/Texas/24-008749-003/2024(H5N1)	1214	41142
PB2|PP755596.1|A/cattle/Texas/24-008749-003/2024(H5N1)	1215	41054
PB2|PP755596.1|A/cattle/Texas/24-008749-003/2024(H5N1)	1216	43352
PB2|PP755596.1|A/cattle/Texas/24-008749-003/2024(H5N1)	1217	43177
PB2|PP755596.1|A/cattle/Texas/24-008749-003/2024(H5N1)	1218	42778
PB2|PP755596.1|A/cattle/Texas/24-008749-003/2024(H5N1)	1219	42839
PB2|PP755596.1|A/cattle/Texas/24-008749-003/2024(H5N1)	1220	41328
PB2|PP755596.1|A/cattle/Texas/24-008749-003/2024(H5N1)	1221	41905
PB2|PP755596.1|A/cattle/Texas/24-008749-003/2024(H5N1)	1222	41974
PB2|PP755596.1|A/cattle/Texas/24-008749-003/2024(H5N1)	1223	40645
PB2|PP755596.1|A/cattle/Texas/24-008749-003/2024(H5N1)	1224	40230
PB2|PP755596.1|A/cattle/Texas/24-008749-003/2024(H5N1)	1225	37922
PB2|PP755596.1|A/cattle/Texas/24-008749-003/2024(H5N1)	1226	38849
PB2|PP755596.1|A/cattle/Texas/24-008749-003/2024(H5N1)	1227	38490
PB2|PP755596.1|A/cattle/Texas/24-008749-003/2024(H5N1)	1228	38511
PB2|PP755596.1|A/cattle/Texas/24-008749-003/2024(H5N1)	1229	38914
PB2|PP755596.1|A/cattle/Texas/24-008749-003/2024(H5N1)	1230	40025
PB2|PP755596.1|A/cattle/Texas/24-008749-003/2024(H5N1)	1231	40154
PB2|PP755596.1|A/cattle/Texas/24-008749-003/2024(H5N1)	1232	40201
PB2|PP755596.1|A/cattle/Texas/24-008749-003/2024(H5N1)	1233	38984
PB2|PP755596.1|A/cattle/Texas/24-008749-003/2024(H5N1)	1234	39036
PB2|PP755596.1|A/cattle/Texas/24-008749-003/2024(H5N1)	1235	37910
PB2|PP755596.1|A/cattle/Texas/24-008749-003/2024(H5N1)	1236	37910
PB2|PP755596.1|A/cattle/Texas/24-008749-003/2024(H5N1)	1237	37702
PB2|PP755596.1|A/cattle/Texas/24-008749-003/2024(H5N1)	1238	37536
PB2|PP755596.1|A/cattle/Texas/24-008749-003/2024(H5N1)	1239	34614
PB2|PP755596.1|A/cattle/Texas/24-008749-003/2024(H5N1)	1240	35531
PB2|PP755596.1|A/cattle/Texas/24-008749-003/2024(H5N1)	1241	35861
PB2|PP755596.1|A/cattle/Texas/24-008749-003/2024(H5N1)	1242	35833
PB2|PP755596.1|A/cattle/Texas/24-008749-003/2024(H5N1)	1243	37009
PB2|PP755596.1|A/cattle/Texas/24-008749-003/2024(H5N1)	1244	36687
PB2|PP755596.1|A/cattle/Texas/24-008749-003/2024(H5N1)	1245	37494
PB2|PP755596.1|A/cattle/Texas/24-008749-003/2024(H5N1)	1246	37369
PB2|PP755596.1|A/cattle/Texas/24-008749-003/2024(H5N1)	1247	37392
PB2|PP755596.1|A/cattle/Texas/24-008749-003/2024(H5N1)	1248	37062
PB2|PP755596.1|A/cattle/Texas/24-008749-003/2024(H5N1)	1249	36353
PB2|PP755596.1|A/cattle/Texas/24-008749-003/2024(H5N1)	1250	37085
PB2|PP755596.1|A/cattle/Texas/24-008749-003/2024(H5N1)	1251	37371
PB2|PP755596.1|A/cattle/Texas/24-008749-003/2024(H5N1)	1252	37334
PB2|PP755596.1|A/cattle/Texas/24-008749-003/2024(H5N1)	1253	36954
PB2|PP755596.1|A/cattle/Texas/24-008749-003/2024(H5N1)	1254	37102
PB2|PP755596.1|A/cattle/Texas/24-008749-003/2024(H5N1)	1255	37611
PB2|PP755596.1|A/cattle/Texas/24-008749-003/2024(H5N1)	1256	37640
PB2|PP755596.1|A/cattle/Texas/24-008749-003/2024(H5N1)	1257	37872
PB2|PP755596.1|A/cattle/Texas/24-008749-003/2024(H5N1)	1258	32278
PB2|PP755596.1|A/cattle/Texas/24-008749-003/2024(H5N1)	1259	32748
PB2|PP755596.1|A/cattle/Texas/24-008749-003/2024(H5N1)	1260	32614
PB2|PP755596.1|A/cattle/Texas/24-008749-003/2024(H5N1)	1261	32635
PB2|PP755596.1|A/cattle/Texas/24-008749-003/2024(H5N1)	1262	33375
PB2|PP755596.1|A/cattle/Texas/24-008749-003/2024(H5N1)	1263	33256
PB2|PP755596.1|A/cattle/Texas/24-008749-003/2024(H5N1)	1264	33420
PB2|PP755596.1|A/cattle/Texas/24-008749-003/2024(H5N1)	1265	33426
PB2|PP755596.1|A/cattle/Texas/24-008749-003/2024(H5N1)	1266	33444
PB2|PP755596.1|A/cattle/Texas/24-008749-003/2024(H5N1)	1267	33412
PB2|PP755596.1|A/cattle/Texas/24-008749-003/2024(H5N1)	1268	33834
PB2|PP755596.1|A/cattle/Texas/24-008749-003/2024(H5N1)	1269	36267
PB2|PP755596.1|A/cattle/Texas/24-008749-003/2024(H5N1)	1270	37259
PB2|PP755596.1|A/cattle/Texas/24-008749-003/2024(H5N1)	1271	37280
PB2|PP755596.1|A/cattle/Texas/24-008749-003/2024(H5N1)	1272	37263
PB2|PP755596.1|A/cattle/Texas/24-008749-003/2024(H5N1)	1273	37635
PB2|PP755596.1|A/cattle/Texas/24-008749-003/2024(H5N1)	1274	37867
PB2|PP755596.1|A/cattle/Texas/24-008749-003/2024(H5N1)	1275	39441
PB2|PP755596.1|A/cattle/Texas/24-008749-003/2024(H5N1)	1276	39480
PB2|PP755596.1|A/cattle/Texas/24-008749-003/2024(H5N1)	1277	39398
PB2|PP755596.1|A/cattle/Texas/24-008749-003/2024(H5N1)	1278	39401
PB2|PP755596.1|A/cattle/Texas/24-008749-003/2024(H5N1)	1279	41613
PB2|PP755596.1|A/cattle/Texas/24-008749-003/2024(H5N1)	1280	41627
PB2|PP755596.1|A/cattle/Texas/24-008749-003/2024(H5N1)	1281	42720
PB2|PP755596.1|A/cattle/Texas/24-008749-003/2024(H5N1)	1282	42733
PB2|PP755596.1|A/cattle/Texas/24-008749-003/2024(H5N1)	1283	43136
PB2|PP755596.1|A/cattle/Texas/24-008749-003/2024(H5N1)	1284	43248
PB2|PP755596.1|A/cattle/Texas/24-008749-003/2024(H5N1)	1285	44867
PB2|PP755596.1|A/cattle/Texas/24-008749-003/2024(H5N1)	1286	46204
PB2|PP755596.1|A/cattle/Texas/24-008749-003/2024(H5N1)	1287	46219
PB2|PP755596.1|A/cattle/Texas/24-008749-003/2024(H5N1)	1288	46315
PB2|PP755596.1|A/cattle/Texas/24-008749-003/2024(H5N1)	1289	46432
PB2|PP755596.1|A/cattle/Texas/24-008749-003/2024(H5N1)	1290	46199
PB2|PP755596.1|A/cattle/Texas/24-008749-003/2024(H5N1)	1291	46252
PB2|PP755596.1|A/cattle/Texas/24-008749-003/2024(H5N1)	1292	46286
PB2|PP755596.1|A/cattle/Texas/24-008749-003/2024(H5N1)	1293	46404
PB2|PP755596.1|A/cattle/Texas/24-008749-003/2024(H5N1)	1294	46621
PB2|PP755596.1|A/cattle/Texas/24-008749-003/2024(H5N1)	1295	46456
PB2|PP755596.1|A/cattle/Texas/24-008749-003/2024(H5N1)	1296	46455
PB2|PP755596.1|A/cattle/Texas/24-008749-003/2024(H5N1)	1297	46460
PB2|PP755596.1|A/cattle/Texas/24-008749-003/2024(H5N1)	1298	46426
PB2|PP755596.1|A/cattle/Texas/24-008749-003/2024(H5N1)	1299	47088
PB2|PP755596.1|A/cattle/Texas/24-008749-003/2024(H5N1)	1300	47155
PB2|PP755596.1|A/cattle/Texas/24-008749-003/2024(H5N1)	1301	47401
PB2|PP755596.1|A/cattle/Texas/24-008749-003/2024(H5N1)	1302	47787
PB2|PP755596.1|A/cattle/Texas/24-008749-003/2024(H5N1)	1303	47673
PB2|PP755596.1|A/cattle/Texas/24-008749-003/2024(H5N1)	1304	47687
PB2|PP755596.1|A/cattle/Texas/24-008749-003/2024(H5N1)	1305	47677
PB2|PP755596.1|A/cattle/Texas/24-008749-003/2024(H5N1)	1306	47697
PB2|PP755596.1|A/cattle/Texas/24-008749-003/2024(H5N1)	1307	47703
PB2|PP755596.1|A/cattle/Texas/24-008749-003/2024(H5N1)	1308	47295
PB2|PP755596.1|A/cattle/Texas/24-008749-003/2024(H5N1)	1309	47266
PB2|PP755596.1|A/cattle/Texas/24-008749-003/2024(H5N1)	1310	47167
PB2|PP755596.1|A/cattle/Texas/24-008749-003/2024(H5N1)	1311	47656
PB2|PP755596.1|A/cattle/Texas/24-008749-003/2024(H5N1)	1312	47626
PB2|PP755596.1|A/cattle/Texas/24-008749-003/2024(H5N1)	1313	47645
PB2|PP755596.1|A/cattle/Texas/24-008749-003/2024(H5N1)	1314	47681
PB2|PP755596.1|A/cattle/Texas/24-008749-003/2024(H5N1)	1315	47661
PB2|PP755596.1|A/cattle/Texas/24-008749-003/2024(H5N1)	1316	47641
PB2|PP755596.1|A/cattle/Texas/24-008749-003/2024(H5N1)	1317	47675
PB2|PP755596.1|A/cattle/Texas/24-008749-003/2024(H5N1)	1318	47666
PB2|PP755596.1|A/cattle/Texas/24-008749-003/2024(H5N1)	1319	47656
PB2|PP755596.1|A/cattle/Texas/24-008749-003/2024(H5N1)	1320	47681
PB2|PP755596.1|A/cattle/Texas/24-008749-003/2024(H5N1)	1321	47038
PB2|PP755596.1|A/cattle/Texas/24-008749-003/2024(H5N1)	1322	47305
PB2|PP755596.1|A/cattle/Texas/24-008749-003/2024(H5N1)	1323	47281
PB2|PP755596.1|A/cattle/Texas/24-008749-003/2024(H5N1)	1324	47283
PB2|PP755596.1|A/cattle/Texas/24-008749-003/2024(H5N1)	1325	47369
PB2|PP755596.1|A/cattle/Texas/24-008749-003/2024(H5N1)	1326	47345
PB2|PP755596.1|A/cattle/Texas/24-008749-003/2024(H5N1)	1327	47292
PB2|PP755596.1|A/cattle/Texas/24-008749-003/2024(H5N1)	1328	47287
PB2|PP755596.1|A/cattle/Texas/24-008749-003/2024(H5N1)	1329	47228
PB2|PP755596.1|A/cattle/Texas/24-008749-003/2024(H5N1)	1330	47239
PB2|PP755596.1|A/cattle/Texas/24-008749-003/2024(H5N1)	1331	47084
PB2|PP755596.1|A/cattle/Texas/24-008749-003/2024(H5N1)	1332	47100
PB2|PP755596.1|A/cattle/Texas/24-008749-003/2024(H5N1)	1333	47078
PB2|PP755596.1|A/cattle/Texas/24-008749-003/2024(H5N1)	1334	46918
PB2|PP755596.1|A/cattle/Texas/24-008749-003/2024(H5N1)	1335	46961
PB2|PP755596.1|A/cattle/Texas/24-008749-003/2024(H5N1)	1336	47012
PB2|PP755596.1|A/cattle/Texas/24-008749-003/2024(H5N1)	1337	47027
PB2|PP755596.1|A/cattle/Texas/24-008749-003/2024(H5N1)	1338	47006
PB2|PP755596.1|A/cattle/Texas/24-008749-003/2024(H5N1)	1339	46954
PB2|PP755596.1|A/cattle/Texas/24-008749-003/2024(H5N1)	1340	46914
PB2|PP755596.1|A/cattle/Texas/24-008749-003/2024(H5N1)	1341	46493
PB2|PP755596.1|A/cattle/Texas/24-008749-003/2024(H5N1)	1342	46469
PB2|PP755596.1|A/cattle/Texas/24-008749-003/2024(H5N1)	1343	46327
PB2|PP755596.1|A/cattle/Texas/24-008749-003/2024(H5N1)	1344	46273
PB2|PP755596.1|A/cattle/Texas/24-008749-003/2024(H5N1)	1345	45861
PB2|PP755596.1|A/cattle/Texas/24-008749-003/2024(H5N1)	1346	44945
PB2|PP755596.1|A/cattle/Texas/24-008749-003/2024(H5N1)	1347	44930
PB2|PP755596.1|A/cattle/Texas/24-008749-003/2024(H5N1)	1348	44926
PB2|PP755596.1|A/cattle/Texas/24-008749-003/2024(H5N1)	1349	45046
PB2|PP755596.1|A/cattle/Texas/24-008749-003/2024(H5N1)	1350	44709
PB2|PP755596.1|A/cattle/Texas/24-008749-003/2024(H5N1)	1351	44336
PB2|PP755596.1|A/cattle/Texas/24-008749-003/2024(H5N1)	1352	43780
PB2|PP755596.1|A/cattle/Texas/24-008749-003/2024(H5N1)	1353	43625
PB2|PP755596.1|A/cattle/Texas/24-008749-003/2024(H5N1)	1354	43595
PB2|PP755596.1|A/cattle/Texas/24-008749-003/2024(H5N1)	1355	42683
PB2|PP755596.1|A/cattle/Texas/24-008749-003/2024(H5N1)	1356	42417
PB2|PP755596.1|A/cattle/Texas/24-008749-003/2024(H5N1)	1357	41164
PB2|PP755596.1|A/cattle/Texas/24-008749-003/2024(H5N1)	1358	40717
PB2|PP755596.1|A/cattle/Texas/24-008749-003/2024(H5N1)	1359	40102
PB2|PP755596.1|A/cattle/Texas/24-008749-003/2024(H5N1)	1360	39765
PB2|PP755596.1|A/cattle/Texas/24-008749-003/2024(H5N1)	1361	39786
PB2|PP755596.1|A/cattle/Texas/24-008749-003/2024(H5N1)	1362	38456
PB2|PP755596.1|A/cattle/Texas/24-008749-003/2024(H5N1)	1363	38297
PB2|PP755596.1|A/cattle/Texas/24-008749-003/2024(H5N1)	1364	38228
PB2|PP755596.1|A/cattle/Texas/24-008749-003/2024(H5N1)	1365	36651
PB2|PP755596.1|A/cattle/Texas/24-008749-003/2024(H5N1)	1366	35952
PB2|PP755596.1|A/cattle/Texas/24-008749-003/2024(H5N1)	1367	33840
PB2|PP755596.1|A/cattle/Texas/24-008749-003/2024(H5N1)	1368	33778
PB2|PP755596.1|A/cattle/Texas/24-008749-003/2024(H5N1)	1369	36085
PB2|PP755596.1|A/cattle/Texas/24-008749-003/2024(H5N1)	1370	35787
PB2|PP755596.1|A/cattle/Texas/24-008749-003/2024(H5N1)	1371	36465
PB2|PP755596.1|A/cattle/Texas/24-008749-003/2024(H5N1)	1372	35851
PB2|PP755596.1|A/cattle/Texas/24-008749-003/2024(H5N1)	1373	35745
PB2|PP755596.1|A/cattle/Texas/24-008749-003/2024(H5N1)	1374	36046
PB2|PP755596.1|A/cattle/Texas/24-008749-003/2024(H5N1)	1375	35704
PB2|PP755596.1|A/cattle/Texas/24-008749-003/2024(H5N1)	1376	35792
PB2|PP755596.1|A/cattle/Texas/24-008749-003/2024(H5N1)	1377	34928
PB2|PP755596.1|A/cattle/Texas/24-008749-003/2024(H5N1)	1378	34778
PB2|PP755596.1|A/cattle/Texas/24-008749-003/2024(H5N1)	1379	34620
PB2|PP755596.1|A/cattle/Texas/24-008749-003/2024(H5N1)	1380	35395
PB2|PP755596.1|A/cattle/Texas/24-008749-003/2024(H5N1)	1381	34249
PB2|PP755596.1|A/cattle/Texas/24-008749-003/2024(H5N1)	1382	34225
PB2|PP755596.1|A/cattle/Texas/24-008749-003/2024(H5N1)	1383	34060
PB2|PP755596.1|A/cattle/Texas/24-008749-003/2024(H5N1)	1384	33961
PB2|PP755596.1|A/cattle/Texas/24-008749-003/2024(H5N1)	1385	38031
PB2|PP755596.1|A/cattle/Texas/24-008749-003/2024(H5N1)	1386	37965
PB2|PP755596.1|A/cattle/Texas/24-008749-003/2024(H5N1)	1387	38555
PB2|PP755596.1|A/cattle/Texas/24-008749-003/2024(H5N1)	1388	38567
PB2|PP755596.1|A/cattle/Texas/24-008749-003/2024(H5N1)	1389	38812
PB2|PP755596.1|A/cattle/Texas/24-008749-003/2024(H5N1)	1390	38843
PB2|PP755596.1|A/cattle/Texas/24-008749-003/2024(H5N1)	1391	38524
PB2|PP755596.1|A/cattle/Texas/24-008749-003/2024(H5N1)	1392	38983
PB2|PP755596.1|A/cattle/Texas/24-008749-003/2024(H5N1)	1393	39296
PB2|PP755596.1|A/cattle/Texas/24-008749-003/2024(H5N1)	1394	37727
PB2|PP755596.1|A/cattle/Texas/24-008749-003/2024(H5N1)	1395	36590
PB2|PP755596.1|A/cattle/Texas/24-008749-003/2024(H5N1)	1396	36662
PB2|PP755596.1|A/cattle/Texas/24-008749-003/2024(H5N1)	1397	37130
PB2|PP755596.1|A/cattle/Texas/24-008749-003/2024(H5N1)	1398	37172
PB2|PP755596.1|A/cattle/Texas/24-008749-003/2024(H5N1)	1399	37047
PB2|PP755596.1|A/cattle/Texas/24-008749-003/2024(H5N1)	1400	35669
PB2|PP755596.1|A/cattle/Texas/24-008749-003/2024(H5N1)	1401	35845
PB2|PP755596.1|A/cattle/Texas/24-008749-003/2024(H5N1)	1402	35718
PB2|PP755596.1|A/cattle/Texas/24-008749-003/2024(H5N1)	1403	36041
PB2|PP755596.1|A/cattle/Texas/24-008749-003/2024(H5N1)	1404	36215
PB2|PP755596.1|A/cattle/Texas/24-008749-003/2024(H5N1)	1405	36114
PB2|PP755596.1|A/cattle/Texas/24-008749-003/2024(H5N1)	1406	35478
PB2|PP755596.1|A/cattle/Texas/24-008749-003/2024(H5N1)	1407	35386
PB2|PP755596.1|A/cattle/Texas/24-008749-003/2024(H5N1)	1408	35183
PB2|PP755596.1|A/cattle/Texas/24-008749-003/2024(H5N1)	1409	36370
PB2|PP755596.1|A/cattle/Texas/24-008749-003/2024(H5N1)	1410	35513
PB2|PP755596.1|A/cattle/Texas/24-008749-003/2024(H5N1)	1411	35584
PB2|PP755596.1|A/cattle/Texas/24-008749-003/2024(H5N1)	1412	35082
PB2|PP755596.1|A/cattle/Texas/24-008749-003/2024(H5N1)	1413	34778
PB2|PP755596.1|A/cattle/Texas/24-008749-003/2024(H5N1)	1414	34895
PB2|PP755596.1|A/cattle/Texas/24-008749-003/2024(H5N1)	1415	34920
PB2|PP755596.1|A/cattle/Texas/24-008749-003/2024(H5N1)	1416	35107
PB2|PP755596.1|A/cattle/Texas/24-008749-003/2024(H5N1)	1417	35434
PB2|PP755596.1|A/cattle/Texas/24-008749-003/2024(H5N1)	1418	32470
PB2|PP755596.1|A/cattle/Texas/24-008749-003/2024(H5N1)	1419	32407
PB2|PP755596.1|A/cattle/Texas/24-008749-003/2024(H5N1)	1420	31759
PB2|PP755596.1|A/cattle/Texas/24-008749-003/2024(H5N1)	1421	32166
PB2|PP755596.1|A/cattle/Texas/24-008749-003/2024(H5N1)	1422	32251
PB2|PP755596.1|A/cattle/Texas/24-008749-003/2024(H5N1)	1423	32275
PB2|PP755596.1|A/cattle/Texas/24-008749-003/2024(H5N1)	1424	31916
PB2|PP755596.1|A/cattle/Texas/24-008749-003/2024(H5N1)	1425	31753
PB2|PP755596.1|A/cattle/Texas/24-008749-003/2024(H5N1)	1426	29806
PB2|PP755596.1|A/cattle/Texas/24-008749-003/2024(H5N1)	1427	30238
PB2|PP755596.1|A/cattle/Texas/24-008749-003/2024(H5N1)	1428	30993
PB2|PP755596.1|A/cattle/Texas/24-008749-003/2024(H5N1)	1429	28535
PB2|PP755596.1|A/cattle/Texas/24-008749-003/2024(H5N1)	1430	30467
PB2|PP755596.1|A/cattle/Texas/24-008749-003/2024(H5N1)	1431	30272
PB2|PP755596.1|A/cattle/Texas/24-008749-003/2024(H5N1)	1432	30200
PB2|PP755596.1|A/cattle/Texas/24-008749-003/2024(H5N1)	1433	30186
PB2|PP755596.1|A/cattle/Texas/24-008749-003/2024(H5N1)	1434	29571
PB2|PP755596.1|A/cattle/Texas/24-008749-003/2024(H5N1)	1435	29491
PB2|PP755596.1|A/cattle/Texas/24-008749-003/2024(H5N1)	1436	27466
PB2|PP755596.1|A/cattle/Texas/24-008749-003/2024(H5N1)	1437	26454
PB2|PP755596.1|A/cattle/Texas/24-008749-003/2024(H5N1)	1438	26550
PB2|PP755596.1|A/cattle/Texas/24-008749-003/2024(H5N1)	1439	26494
PB2|PP755596.1|A/cattle/Texas/24-008749-003/2024(H5N1)	1440	26638
PB2|PP755596.1|A/cattle/Texas/24-008749-003/2024(H5N1)	1441	26647
PB2|PP755596.1|A/cattle/Texas/24-008749-003/2024(H5N1)	1442	26790
PB2|PP755596.1|A/cattle/Texas/24-008749-003/2024(H5N1)	1443	27310
PB2|PP755596.1|A/cattle/Texas/24-008749-003/2024(H5N1)	1444	27536
PB2|PP755596.1|A/cattle/Texas/24-008749-003/2024(H5N1)	1445	27542
PB2|PP755596.1|A/cattle/Texas/24-008749-003/2024(H5N1)	1446	27846
PB2|PP755596.1|A/cattle/Texas/24-008749-003/2024(H5N1)	1447	29880
PB2|PP755596.1|A/cattle/Texas/24-008749-003/2024(H5N1)	1448	29921
PB2|PP755596.1|A/cattle/Texas/24-008749-003/2024(H5N1)	1449	29934
PB2|PP755596.1|A/cattle/Texas/24-008749-003/2024(H5N1)	1450	30015
PB2|PP755596.1|A/cattle/Texas/24-008749-003/2024(H5N1)	1451	30456
PB2|PP755596.1|A/cattle/Texas/24-008749-003/2024(H5N1)	1452	30692
PB2|PP755596.1|A/cattle/Texas/24-008749-003/2024(H5N1)	1453	30745
PB2|PP755596.1|A/cattle/Texas/24-008749-003/2024(H5N1)	1454	31139
PB2|PP755596.1|A/cattle/Texas/24-008749-003/2024(H5N1)	1455	31057
PB2|PP755596.1|A/cattle/Texas/24-008749-003/2024(H5N1)	1456	31376
PB2|PP755596.1|A/cattle/Texas/24-008749-003/2024(H5N1)	1457	32045
PB2|PP755596.1|A/cattle/Texas/24-008749-003/2024(H5N1)	1458	33836
PB2|PP755596.1|A/cattle/Texas/24-008749-003/2024(H5N1)	1459	34058
PB2|PP755596.1|A/cattle/Texas/24-008749-003/2024(H5N1)	1460	34205
PB2|PP755596.1|A/cattle/Texas/24-008749-003/2024(H5N1)	1461	34766
PB2|PP755596.1|A/cattle/Texas/24-008749-003/2024(H5N1)	1462	35538
PB2|PP755596.1|A/cattle/Texas/24-008749-003/2024(H5N1)	1463	35854
PB2|PP755596.1|A/cattle/Texas/24-008749-003/2024(H5N1)	1464	39330
PB2|PP755596.1|A/cattle/Texas/24-008749-003/2024(H5N1)	1465	39199
PB2|PP755596.1|A/cattle/Texas/24-008749-003/2024(H5N1)	1466	39577
PB2|PP755596.1|A/cattle/Texas/24-008749-003/2024(H5N1)	1467	39592
PB2|PP755596.1|A/cattle/Texas/24-008749-003/2024(H5N1)	1468	39534
PB2|PP755596.1|A/cattle/Texas/24-008749-003/2024(H5N1)	1469	40205
PB2|PP755596.1|A/cattle/Texas/24-008749-003/2024(H5N1)	1470	40207
PB2|PP755596.1|A/cattle/Texas/24-008749-003/2024(H5N1)	1471	40219
PB2|PP755596.1|A/cattle/Texas/24-008749-003/2024(H5N1)	1472	40211
PB2|PP755596.1|A/cattle/Texas/24-008749-003/2024(H5N1)	1473	38958
PB2|PP755596.1|A/cattle/Texas/24-008749-003/2024(H5N1)	1474	39099
PB2|PP755596.1|A/cattle/Texas/24-008749-003/2024(H5N1)	1475	38992
PB2|PP755596.1|A/cattle/Texas/24-008749-003/2024(H5N1)	1476	39060
PB2|PP755596.1|A/cattle/Texas/24-008749-003/2024(H5N1)	1477	39049
PB2|PP755596.1|A/cattle/Texas/24-008749-003/2024(H5N1)	1478	39405
PB2|PP755596.1|A/cattle/Texas/24-008749-003/2024(H5N1)	1479	39588
PB2|PP755596.1|A/cattle/Texas/24-008749-003/2024(H5N1)	1480	39595
PB2|PP755596.1|A/cattle/Texas/24-008749-003/2024(H5N1)	1481	39660
PB2|PP755596.1|A/cattle/Texas/24-008749-003/2024(H5N1)	1482	39641
PB2|PP755596.1|A/cattle/Texas/24-008749-003/2024(H5N1)	1483	39822
PB2|PP755596.1|A/cattle/Texas/24-008749-003/2024(H5N1)	1484	39920
PB2|PP755596.1|A/cattle/Texas/24-008749-003/2024(H5N1)	1485	40084
PB2|PP755596.1|A/cattle/Texas/24-008749-003/2024(H5N1)	1486	40088
PB2|PP755596.1|A/cattle/Texas/24-008749-003/2024(H5N1)	1487	39612
PB2|PP755596.1|A/cattle/Texas/24-008749-003/2024(H5N1)	1488	39580
PB2|PP755596.1|A/cattle/Texas/24-008749-003/2024(H5N1)	1489	39566
PB2|PP755596.1|A/cattle/Texas/24-008749-003/2024(H5N1)	1490	39600
PB2|PP755596.1|A/cattle/Texas/24-008749-003/2024(H5N1)	1491	39632
PB2|PP755596.1|A/cattle/Texas/24-008749-003/2024(H5N1)	1492	39443
PB2|PP755596.1|A/cattle/Texas/24-008749-003/2024(H5N1)	1493	39415
PB2|PP755596.1|A/cattle/Texas/24-008749-003/2024(H5N1)	1494	39146
PB2|PP755596.1|A/cattle/Texas/24-008749-003/2024(H5N1)	1495	39146
PB2|PP755596.1|A/cattle/Texas/24-008749-003/2024(H5N1)	1496	39227
PB2|PP755596.1|A/cattle/Texas/24-008749-003/2024(H5N1)	1497	39227
PB2|PP755596.1|A/cattle/Texas/24-008749-003/2024(H5N1)	1498	39213
PB2|PP755596.1|A/cattle/Texas/24-008749-003/2024(H5N1)	1499	39175
PB2|PP755596.1|A/cattle/Texas/24-008749-003/2024(H5N1)	1500	39375
PB2|PP755596.1|A/cattle/Texas/24-008749-003/2024(H5N1)	1501	39411
PB2|PP755596.1|A/cattle/Texas/24-008749-003/2024(H5N1)	1502	39459
PB2|PP755596.1|A/cattle/Texas/24-008749-003/2024(H5N1)	1503	39455
PB2|PP755596.1|A/cattle/Texas/24-008749-003/2024(H5N1)	1504	39451
PB2|PP755596.1|A/cattle/Texas/24-008749-003/2024(H5N1)	1505	39444
PB2|PP755596.1|A/cattle/Texas/24-008749-003/2024(H5N1)	1506	39442
PB2|PP755596.1|A/cattle/Texas/24-008749-003/2024(H5N1)	1507	39430
PB2|PP755596.1|A/cattle/Texas/24-008749-003/2024(H5N1)	1508	39482
PB2|PP755596.1|A/cattle/Texas/24-008749-003/2024(H5N1)	1509	39147
PB2|PP755596.1|A/cattle/Texas/24-008749-003/2024(H5N1)	1510	39239
PB2|PP755596.1|A/cattle/Texas/24-008749-003/2024(H5N1)	1511	39190
PB2|PP755596.1|A/cattle/Texas/24-008749-003/2024(H5N1)	1512	39190
PB2|PP755596.1|A/cattle/Texas/24-008749-003/2024(H5N1)	1513	39187
PB2|PP755596.1|A/cattle/Texas/24-008749-003/2024(H5N1)	1514	39186
PB2|PP755596.1|A/cattle/Texas/24-008749-003/2024(H5N1)	1515	39229
PB2|PP755596.1|A/cattle/Texas/24-008749-003/2024(H5N1)	1516	39222
PB2|PP755596.1|A/cattle/Texas/24-008749-003/2024(H5N1)	1517	39187
PB2|PP755596.1|A/cattle/Texas/24-008749-003/2024(H5N1)	1518	38760
PB2|PP755596.1|A/cattle/Texas/24-008749-003/2024(H5N1)	1519	36948
PB2|PP755596.1|A/cattle/Texas/24-008749-003/2024(H5N1)	1520	36885
PB2|PP755596.1|A/cattle/Texas/24-008749-003/2024(H5N1)	1521	36808
PB2|PP755596.1|A/cattle/Texas/24-008749-003/2024(H5N1)	1522	36389
PB2|PP755596.1|A/cattle/Texas/24-008749-003/2024(H5N1)	1523	36315
PB2|PP755596.1|A/cattle/Texas/24-008749-003/2024(H5N1)	1524	36402
PB2|PP755596.1|A/cattle/Texas/24-008749-003/2024(H5N1)	1525	36065
PB2|PP755596.1|A/cattle/Texas/24-008749-003/2024(H5N1)	1526	35781
PB2|PP755596.1|A/cattle/Texas/24-008749-003/2024(H5N1)	1527	35653
PB2|PP755596.1|A/cattle/Texas/24-008749-003/2024(H5N1)	1528	35462
PB2|PP755596.1|A/cattle/Texas/24-008749-003/2024(H5N1)	1529	35720
PB2|PP755596.1|A/cattle/Texas/24-008749-003/2024(H5N1)	1530	34816
PB2|PP755596.1|A/cattle/Texas/24-008749-003/2024(H5N1)	1531	35111
PB2|PP755596.1|A/cattle/Texas/24-008749-003/2024(H5N1)	1532	34983
PB2|PP755596.1|A/cattle/Texas/24-008749-003/2024(H5N1)	1533	34637
PB2|PP755596.1|A/cattle/Texas/24-008749-003/2024(H5N1)	1534	31833
PB2|PP755596.1|A/cattle/Texas/24-008749-003/2024(H5N1)	1535	31685
PB2|PP755596.1|A/cattle/Texas/24-008749-003/2024(H5N1)	1536	31727
PB2|PP755596.1|A/cattle/Texas/24-008749-003/2024(H5N1)	1537	31058
PB2|PP755596.1|A/cattle/Texas/24-008749-003/2024(H5N1)	1538	29763
PB2|PP755596.1|A/cattle/Texas/24-008749-003/2024(H5N1)	1539	29759
PB2|PP755596.1|A/cattle/Texas/24-008749-003/2024(H5N1)	1540	27746
PB2|PP755596.1|A/cattle/Texas/24-008749-003/2024(H5N1)	1541	27691
PB2|PP755596.1|A/cattle/Texas/24-008749-003/2024(H5N1)	1542	27682
PB2|PP755596.1|A/cattle/Texas/24-008749-003/2024(H5N1)	1543	27140
PB2|PP755596.1|A/cattle/Texas/24-008749-003/2024(H5N1)	1544	27140
PB2|PP755596.1|A/cattle/Texas/24-008749-003/2024(H5N1)	1545	26520
PB2|PP755596.1|A/cattle/Texas/24-008749-003/2024(H5N1)	1546	28322
PB2|PP755596.1|A/cattle/Texas/24-008749-003/2024(H5N1)	1547	28259
PB2|PP755596.1|A/cattle/Texas/24-008749-003/2024(H5N1)	1548	27962
PB2|PP755596.1|A/cattle/Texas/24-008749-003/2024(H5N1)	1549	28539
PB2|PP755596.1|A/cattle/Texas/24-008749-003/2024(H5N1)	1550	28616
PB2|PP755596.1|A/cattle/Texas/24-008749-003/2024(H5N1)	1551	29574
PB2|PP755596.1|A/cattle/Texas/24-008749-003/2024(H5N1)	1552	29796
PB2|PP755596.1|A/cattle/Texas/24-008749-003/2024(H5N1)	1553	29666
PB2|PP755596.1|A/cattle/Texas/24-008749-003/2024(H5N1)	1554	30201
PB2|PP755596.1|A/cattle/Texas/24-008749-003/2024(H5N1)	1555	29934
PB2|PP755596.1|A/cattle/Texas/24-008749-003/2024(H5N1)	1556	31189
PB2|PP755596.1|A/cattle/Texas/24-008749-003/2024(H5N1)	1557	31196
PB2|PP755596.1|A/cattle/Texas/24-008749-003/2024(H5N1)	1558	31129
PB2|PP755596.1|A/cattle/Texas/24-008749-003/2024(H5N1)	1559	31636
PB2|PP755596.1|A/cattle/Texas/24-008749-003/2024(H5N1)	1560	31739
PB2|PP755596.1|A/cattle/Texas/24-008749-003/2024(H5N1)	1561	33611
PB2|PP755596.1|A/cattle/Texas/24-008749-003/2024(H5N1)	1562	34962
PB2|PP755596.1|A/cattle/Texas/24-008749-003/2024(H5N1)	1563	35308
PB2|PP755596.1|A/cattle/Texas/24-008749-003/2024(H5N1)	1564	35665
PB2|PP755596.1|A/cattle/Texas/24-008749-003/2024(H5N1)	1565	35447
PB2|PP755596.1|A/cattle/Texas/24-008749-003/2024(H5N1)	1566	35450
PB2|PP755596.1|A/cattle/Texas/24-008749-003/2024(H5N1)	1567	35583
PB2|PP755596.1|A/cattle/Texas/24-008749-003/2024(H5N1)	1568	38771
PB2|PP755596.1|A/cattle/Texas/24-008749-003/2024(H5N1)	1569	38707
PB2|PP755596.1|A/cattle/Texas/24-008749-003/2024(H5N1)	1570	38247
PB2|PP755596.1|A/cattle/Texas/24-008749-003/2024(H5N1)	1571	38135
PB2|PP755596.1|A/cattle/Texas/24-008749-003/2024(H5N1)	1572	37437
PB2|PP755596.1|A/cattle/Texas/24-008749-003/2024(H5N1)	1573	38020
PB2|PP755596.1|A/cattle/Texas/24-008749-003/2024(H5N1)	1574	38105
PB2|PP755596.1|A/cattle/Texas/24-008749-003/2024(H5N1)	1575	38831
PB2|PP755596.1|A/cattle/Texas/24-008749-003/2024(H5N1)	1576	38824
PB2|PP755596.1|A/cattle/Texas/24-008749-003/2024(H5N1)	1577	36940
PB2|PP755596.1|A/cattle/Texas/24-008749-003/2024(H5N1)	1578	36893
PB2|PP755596.1|A/cattle/Texas/24-008749-003/2024(H5N1)	1579	36767
PB2|PP755596.1|A/cattle/Texas/24-008749-003/2024(H5N1)	1580	36782
PB2|PP755596.1|A/cattle/Texas/24-008749-003/2024(H5N1)	1581	36126
PB2|PP755596.1|A/cattle/Texas/24-008749-003/2024(H5N1)	1582	35719
PB2|PP755596.1|A/cattle/Texas/24-008749-003/2024(H5N1)	1583	35757
PB2|PP755596.1|A/cattle/Texas/24-008749-003/2024(H5N1)	1584	35234
PB2|PP755596.1|A/cattle/Texas/24-008749-003/2024(H5N1)	1585	35401
PB2|PP755596.1|A/cattle/Texas/24-008749-003/2024(H5N1)	1586	35818
PB2|PP755596.1|A/cattle/Texas/24-008749-003/2024(H5N1)	1587	36962
PB2|PP755596.1|A/cattle/Texas/24-008749-003/2024(H5N1)	1588	37077
PB2|PP755596.1|A/cattle/Texas/24-008749-003/2024(H5N1)	1589	37474
PB2|PP755596.1|A/cattle/Texas/24-008749-003/2024(H5N1)	1590	37056
PB2|PP755596.1|A/cattle/Texas/24-008749-003/2024(H5N1)	1591	37211
PB2|PP755596.1|A/cattle/Texas/24-008749-003/2024(H5N1)	1592	37152
PB2|PP755596.1|A/cattle/Texas/24-008749-003/2024(H5N1)	1593	37288
PB2|PP755596.1|A/cattle/Texas/24-008749-003/2024(H5N1)	1594	37220
PB2|PP755596.1|A/cattle/Texas/24-008749-003/2024(H5N1)	1595	37506
PB2|PP755596.1|A/cattle/Texas/24-008749-003/2024(H5N1)	1596	35635
PB2|PP755596.1|A/cattle/Texas/24-008749-003/2024(H5N1)	1597	35263
PB2|PP755596.1|A/cattle/Texas/24-008749-003/2024(H5N1)	1598	34503
PB2|PP755596.1|A/cattle/Texas/24-008749-003/2024(H5N1)	1599	34442
PB2|PP755596.1|A/cattle/Texas/24-008749-003/2024(H5N1)	1600	35192
PB2|PP755596.1|A/cattle/Texas/24-008749-003/2024(H5N1)	1601	35083
PB2|PP755596.1|A/cattle/Texas/24-008749-003/2024(H5N1)	1602	34667
PB2|PP755596.1|A/cattle/Texas/24-008749-003/2024(H5N1)	1603	35051
PB2|PP755596.1|A/cattle/Texas/24-008749-003/2024(H5N1)	1604	35395
PB2|PP755596.1|A/cattle/Texas/24-008749-003/2024(H5N1)	1605	35035
PB2|PP755596.1|A/cattle/Texas/24-008749-003/2024(H5N1)	1606	34971
PB2|PP755596.1|A/cattle/Texas/24-008749-003/2024(H5N1)	1607	34256
PB2|PP755596.1|A/cattle/Texas/24-008749-003/2024(H5N1)	1608	34322
PB2|PP755596.1|A/cattle/Texas/24-008749-003/2024(H5N1)	1609	31319
PB2|PP755596.1|A/cattle/Texas/24-008749-003/2024(H5N1)	1610	30851
PB2|PP755596.1|A/cattle/Texas/24-008749-003/2024(H5N1)	1611	32494
PB2|PP755596.1|A/cattle/Texas/24-008749-003/2024(H5N1)	1612	31671
PB2|PP755596.1|A/cattle/Texas/24-008749-003/2024(H5N1)	1613	30152
PB2|PP755596.1|A/cattle/Texas/24-008749-003/2024(H5N1)	1614	30375
PB2|PP755596.1|A/cattle/Texas/24-008749-003/2024(H5N1)	1615	30170
PB2|PP755596.1|A/cattle/Texas/24-008749-003/2024(H5N1)	1616	30258
PB2|PP755596.1|A/cattle/Texas/24-008749-003/2024(H5N1)	1617	30678
PB2|PP755596.1|A/cattle/Texas/24-008749-003/2024(H5N1)	1618	30663
PB2|PP755596.1|A/cattle/Texas/24-008749-003/2024(H5N1)	1619	31119
PB2|PP755596.1|A/cattle/Texas/24-008749-003/2024(H5N1)	1620	31391
PB2|PP755596.1|A/cattle/Texas/24-008749-003/2024(H5N1)	1621	31664
PB2|PP755596.1|A/cattle/Texas/24-008749-003/2024(H5N1)	1622	35650
PB2|PP755596.1|A/cattle/Texas/24-008749-003/2024(H5N1)	1623	35571
PB2|PP755596.1|A/cattle/Texas/24-008749-003/2024(H5N1)	1624	35977
PB2|PP755596.1|A/cattle/Texas/24-008749-003/2024(H5N1)	1625	36001
PB2|PP755596.1|A/cattle/Texas/24-008749-003/2024(H5N1)	1626	41895
PB2|PP755596.1|A/cattle/Texas/24-008749-003/2024(H5N1)	1627	42452
PB2|PP755596.1|A/cattle/Texas/24-008749-003/2024(H5N1)	1628	42633
PB2|PP755596.1|A/cattle/Texas/24-008749-003/2024(H5N1)	1629	42607
PB2|PP755596.1|A/cattle/Texas/24-008749-003/2024(H5N1)	1630	43324
PB2|PP755596.1|A/cattle/Texas/24-008749-003/2024(H5N1)	1631	44390
PB2|PP755596.1|A/cattle/Texas/24-008749-003/2024(H5N1)	1632	44423
PB2|PP755596.1|A/cattle/Texas/24-008749-003/2024(H5N1)	1633	47185
PB2|PP755596.1|A/cattle/Texas/24-008749-003/2024(H5N1)	1634	47867
PB2|PP755596.1|A/cattle/Texas/24-008749-003/2024(H5N1)	1635	47897
PB2|PP755596.1|A/cattle/Texas/24-008749-003/2024(H5N1)	1636	48154
PB2|PP755596.1|A/cattle/Texas/24-008749-003/2024(H5N1)	1637	48147
PB2|PP755596.1|A/cattle/Texas/24-008749-003/2024(H5N1)	1638	50394
PB2|PP755596.1|A/cattle/Texas/24-008749-003/2024(H5N1)	1639	50922
PB2|PP755596.1|A/cattle/Texas/24-008749-003/2024(H5N1)	1640	50983
PB2|PP755596.1|A/cattle/Texas/24-008749-003/2024(H5N1)	1641	51005
PB2|PP755596.1|A/cattle/Texas/24-008749-003/2024(H5N1)	1642	50765
PB2|PP755596.1|A/cattle/Texas/24-008749-003/2024(H5N1)	1643	52465
PB2|PP755596.1|A/cattle/Texas/24-008749-003/2024(H5N1)	1644	52488
PB2|PP755596.1|A/cattle/Texas/24-008749-003/2024(H5N1)	1645	52872
PB2|PP755596.1|A/cattle/Texas/24-008749-003/2024(H5N1)	1646	52949
PB2|PP755596.1|A/cattle/Texas/24-008749-003/2024(H5N1)	1647	52429
PB2|PP755596.1|A/cattle/Texas/24-008749-003/2024(H5N1)	1648	52536
PB2|PP755596.1|A/cattle/Texas/24-008749-003/2024(H5N1)	1649	52539
PB2|PP755596.1|A/cattle/Texas/24-008749-003/2024(H5N1)	1650	52597
PB2|PP755596.1|A/cattle/Texas/24-008749-003/2024(H5N1)	1651	52592
PB2|PP755596.1|A/cattle/Texas/24-008749-003/2024(H5N1)	1652	52175
PB2|PP755596.1|A/cattle/Texas/24-008749-003/2024(H5N1)	1653	52357
PB2|PP755596.1|A/cattle/Texas/24-008749-003/2024(H5N1)	1654	52287
PB2|PP755596.1|A/cattle/Texas/24-008749-003/2024(H5N1)	1655	52310
PB2|PP755596.1|A/cattle/Texas/24-008749-003/2024(H5N1)	1656	52360
PB2|PP755596.1|A/cattle/Texas/24-008749-003/2024(H5N1)	1657	52338
PB2|PP755596.1|A/cattle/Texas/24-008749-003/2024(H5N1)	1658	52352
PB2|PP755596.1|A/cattle/Texas/24-008749-003/2024(H5N1)	1659	52334
PB2|PP755596.1|A/cattle/Texas/24-008749-003/2024(H5N1)	1660	52679
PB2|PP755596.1|A/cattle/Texas/24-008749-003/2024(H5N1)	1661	52672
PB2|PP755596.1|A/cattle/Texas/24-008749-003/2024(H5N1)	1662	52638
PB2|PP755596.1|A/cattle/Texas/24-008749-003/2024(H5N1)	1663	52594
PB2|PP755596.1|A/cattle/Texas/24-008749-003/2024(H5N1)	1664	52594
PB2|PP755596.1|A/cattle/Texas/24-008749-003/2024(H5N1)	1665	52593
PB2|PP755596.1|A/cattle/Texas/24-008749-003/2024(H5N1)	1666	52616
PB2|PP755596.1|A/cattle/Texas/24-008749-003/2024(H5N1)	1667	52618
PB2|PP755596.1|A/cattle/Texas/24-008749-003/2024(H5N1)	1668	52885
PB2|PP755596.1|A/cattle/Texas/24-008749-003/2024(H5N1)	1669	52711
PB2|PP755596.1|A/cattle/Texas/24-008749-003/2024(H5N1)	1670	52735
PB2|PP755596.1|A/cattle/Texas/24-008749-003/2024(H5N1)	1671	52751
PB2|PP755596.1|A/cattle/Texas/24-008749-003/2024(H5N1)	1672	52751
PB2|PP755596.1|A/cattle/Texas/24-008749-003/2024(H5N1)	1673	52746
PB2|PP755596.1|A/cattle/Texas/24-008749-003/2024(H5N1)	1674	52748
PB2|PP755596.1|A/cattle/Texas/24-008749-003/2024(H5N1)	1675	52729
PB2|PP755596.1|A/cattle/Texas/24-008749-003/2024(H5N1)	1676	52838
PB2|PP755596.1|A/cattle/Texas/24-008749-003/2024(H5N1)	1677	52657
PB2|PP755596.1|A/cattle/Texas/24-008749-003/2024(H5N1)	1678	52726
PB2|PP755596.1|A/cattle/Texas/24-008749-003/2024(H5N1)	1679	52703
PB2|PP755596.1|A/cattle/Texas/24-008749-003/2024(H5N1)	1680	52592
PB2|PP755596.1|A/cattle/Texas/24-008749-003/2024(H5N1)	1681	52628
PB2|PP755596.1|A/cattle/Texas/24-008749-003/2024(H5N1)	1682	52583
PB2|PP755596.1|A/cattle/Texas/24-008749-003/2024(H5N1)	1683	52586
PB2|PP755596.1|A/cattle/Texas/24-008749-003/2024(H5N1)	1684	52612
PB2|PP755596.1|A/cattle/Texas/24-008749-003/2024(H5N1)	1685	52533
PB2|PP755596.1|A/cattle/Texas/24-008749-003/2024(H5N1)	1686	52504
PB2|PP755596.1|A/cattle/Texas/24-008749-003/2024(H5N1)	1687	52460
PB2|PP755596.1|A/cattle/Texas/24-008749-003/2024(H5N1)	1688	52356
PB2|PP755596.1|A/cattle/Texas/24-008749-003/2024(H5N1)	1689	52365
PB2|PP755596.1|A/cattle/Texas/24-008749-003/2024(H5N1)	1690	52370
PB2|PP755596.1|A/cattle/Texas/24-008749-003/2024(H5N1)	1691	52677
PB2|PP755596.1|A/cattle/Texas/24-008749-003/2024(H5N1)	1692	52690
PB2|PP755596.1|A/cattle/Texas/24-008749-003/2024(H5N1)	1693	52733
PB2|PP755596.1|A/cattle/Texas/24-008749-003/2024(H5N1)	1694	52746
PB2|PP755596.1|A/cattle/Texas/24-008749-003/2024(H5N1)	1695	52754
PB2|PP755596.1|A/cattle/Texas/24-008749-003/2024(H5N1)	1696	51377
PB2|PP755596.1|A/cattle/Texas/24-008749-003/2024(H5N1)	1697	51290
PB2|PP755596.1|A/cattle/Texas/24-008749-003/2024(H5N1)	1698	51262
PB2|PP755596.1|A/cattle/Texas/24-008749-003/2024(H5N1)	1699	51251
PB2|PP755596.1|A/cattle/Texas/24-008749-003/2024(H5N1)	1700	50106
PB2|PP755596.1|A/cattle/Texas/24-008749-003/2024(H5N1)	1701	49163
PB2|PP755596.1|A/cattle/Texas/24-008749-003/2024(H5N1)	1702	48223
PB2|PP755596.1|A/cattle/Texas/24-008749-003/2024(H5N1)	1703	48388
PB2|PP755596.1|A/cattle/Texas/24-008749-003/2024(H5N1)	1704	47769
PB2|PP755596.1|A/cattle/Texas/24-008749-003/2024(H5N1)	1705	47667
PB2|PP755596.1|A/cattle/Texas/24-008749-003/2024(H5N1)	1706	46716
PB2|PP755596.1|A/cattle/Texas/24-008749-003/2024(H5N1)	1707	46544
PB2|PP755596.1|A/cattle/Texas/24-008749-003/2024(H5N1)	1708	46727
PB2|PP755596.1|A/cattle/Texas/24-008749-003/2024(H5N1)	1709	46536
PB2|PP755596.1|A/cattle/Texas/24-008749-003/2024(H5N1)	1710	45969
PB2|PP755596.1|A/cattle/Texas/24-008749-003/2024(H5N1)	1711	45184
PB2|PP755596.1|A/cattle/Texas/24-008749-003/2024(H5N1)	1712	43009
PB2|PP755596.1|A/cattle/Texas/24-008749-003/2024(H5N1)	1713	41938
PB2|PP755596.1|A/cattle/Texas/24-008749-003/2024(H5N1)	1714	41557
PB2|PP755596.1|A/cattle/Texas/24-008749-003/2024(H5N1)	1715	41255
PB2|PP755596.1|A/cattle/Texas/24-008749-003/2024(H5N1)	1716	41257
PB2|PP755596.1|A/cattle/Texas/24-008749-003/2024(H5N1)	1717	40508
PB2|PP755596.1|A/cattle/Texas/24-008749-003/2024(H5N1)	1718	40377
PB2|PP755596.1|A/cattle/Texas/24-008749-003/2024(H5N1)	1719	37639
PB2|PP755596.1|A/cattle/Texas/24-008749-003/2024(H5N1)	1720	37580
PB2|PP755596.1|A/cattle/Texas/24-008749-003/2024(H5N1)	1721	37459
PB2|PP755596.1|A/cattle/Texas/24-008749-003/2024(H5N1)	1722	36983
PB2|PP755596.1|A/cattle/Texas/24-008749-003/2024(H5N1)	1723	36925
PB2|PP755596.1|A/cattle/Texas/24-008749-003/2024(H5N1)	1724	36415
PB2|PP755596.1|A/cattle/Texas/24-008749-003/2024(H5N1)	1725	36302
PB2|PP755596.1|A/cattle/Texas/24-008749-003/2024(H5N1)	1726	36416
PB2|PP755596.1|A/cattle/Texas/24-008749-003/2024(H5N1)	1727	36347
PB2|PP755596.1|A/cattle/Texas/24-008749-003/2024(H5N1)	1728	38251
PB2|PP755596.1|A/cattle/Texas/24-008749-003/2024(H5N1)	1729	38092
PB2|PP755596.1|A/cattle/Texas/24-008749-003/2024(H5N1)	1730	38070
PB2|PP755596.1|A/cattle/Texas/24-008749-003/2024(H5N1)	1731	37576
PB2|PP755596.1|A/cattle/Texas/24-008749-003/2024(H5N1)	1732	37762
PB2|PP755596.1|A/cattle/Texas/24-008749-003/2024(H5N1)	1733	38592
PB2|PP755596.1|A/cattle/Texas/24-008749-003/2024(H5N1)	1734	38544
PB2|PP755596.1|A/cattle/Texas/24-008749-003/2024(H5N1)	1735	38691
PB2|PP755596.1|A/cattle/Texas/24-008749-003/2024(H5N1)	1736	38377
PB2|PP755596.1|A/cattle/Texas/24-008749-003/2024(H5N1)	1737	40607
PB2|PP755596.1|A/cattle/Texas/24-008749-003/2024(H5N1)	1738	40209
PB2|PP755596.1|A/cattle/Texas/24-008749-003/2024(H5N1)	1739	40223
PB2|PP755596.1|A/cattle/Texas/24-008749-003/2024(H5N1)	1740	39878
PB2|PP755596.1|A/cattle/Texas/24-008749-003/2024(H5N1)	1741	39839
PB2|PP755596.1|A/cattle/Texas/24-008749-003/2024(H5N1)	1742	39796
PB2|PP755596.1|A/cattle/Texas/24-008749-003/2024(H5N1)	1743	39962
PB2|PP755596.1|A/cattle/Texas/24-008749-003/2024(H5N1)	1744	40017
PB2|PP755596.1|A/cattle/Texas/24-008749-003/2024(H5N1)	1745	40520
PB2|PP755596.1|A/cattle/Texas/24-008749-003/2024(H5N1)	1746	39569
PB2|PP755596.1|A/cattle/Texas/24-008749-003/2024(H5N1)	1747	39382
PB2|PP755596.1|A/cattle/Texas/24-008749-003/2024(H5N1)	1748	39297
PB2|PP755596.1|A/cattle/Texas/24-008749-003/2024(H5N1)	1749	39548
PB2|PP755596.1|A/cattle/Texas/24-008749-003/2024(H5N1)	1750	39854
PB2|PP755596.1|A/cattle/Texas/24-008749-003/2024(H5N1)	1751	39432
PB2|PP755596.1|A/cattle/Texas/24-008749-003/2024(H5N1)	1752	42503
PB2|PP755596.1|A/cattle/Texas/24-008749-003/2024(H5N1)	1753	42275
PB2|PP755596.1|A/cattle/Texas/24-008749-003/2024(H5N1)	1754	41419
PB2|PP755596.1|A/cattle/Texas/24-008749-003/2024(H5N1)	1755	41413
PB2|PP755596.1|A/cattle/Texas/24-008749-003/2024(H5N1)	1756	41413
PB2|PP755596.1|A/cattle/Texas/24-008749-003/2024(H5N1)	1757	41371
PB2|PP755596.1|A/cattle/Texas/24-008749-003/2024(H5N1)	1758	41246
PB2|PP755596.1|A/cattle/Texas/24-008749-003/2024(H5N1)	1759	41089
PB2|PP755596.1|A/cattle/Texas/24-008749-003/2024(H5N1)	1760	40919
PB2|PP755596.1|A/cattle/Texas/24-008749-003/2024(H5N1)	1761	38426
PB2|PP755596.1|A/cattle/Texas/24-008749-003/2024(H5N1)	1762	39352
PB2|PP755596.1|A/cattle/Texas/24-008749-003/2024(H5N1)	1763	40966
PB2|PP755596.1|A/cattle/Texas/24-008749-003/2024(H5N1)	1764	40545
PB2|PP755596.1|A/cattle/Texas/24-008749-003/2024(H5N1)	1765	40440
PB2|PP755596.1|A/cattle/Texas/24-008749-003/2024(H5N1)	1766	40809
PB2|PP755596.1|A/cattle/Texas/24-008749-003/2024(H5N1)	1767	41060
PB2|PP755596.1|A/cattle/Texas/24-008749-003/2024(H5N1)	1768	44845
PB2|PP755596.1|A/cattle/Texas/24-008749-003/2024(H5N1)	1769	45406
PB2|PP755596.1|A/cattle/Texas/24-008749-003/2024(H5N1)	1770	45221
PB2|PP755596.1|A/cattle/Texas/24-008749-003/2024(H5N1)	1771	44765
PB2|PP755596.1|A/cattle/Texas/24-008749-003/2024(H5N1)	1772	41756
PB2|PP755596.1|A/cattle/Texas/24-008749-003/2024(H5N1)	1773	42100
PB2|PP755596.1|A/cattle/Texas/24-008749-003/2024(H5N1)	1774	42295
PB2|PP755596.1|A/cattle/Texas/24-008749-003/2024(H5N1)	1775	41691
PB2|PP755596.1|A/cattle/Texas/24-008749-003/2024(H5N1)	1776	41949
PB2|PP755596.1|A/cattle/Texas/24-008749-003/2024(H5N1)	1777	32523
PB2|PP755596.1|A/cattle/Texas/24-008749-003/2024(H5N1)	1778	32486
PB2|PP755596.1|A/cattle/Texas/24-008749-003/2024(H5N1)	1779	32177
PB2|PP755596.1|A/cattle/Texas/24-008749-003/2024(H5N1)	1780	32200
PB2|PP755596.1|A/cattle/Texas/24-008749-003/2024(H5N1)	1781	32191
PB2|PP755596.1|A/cattle/Texas/24-008749-003/2024(H5N1)	1782	30349
PB2|PP755596.1|A/cattle/Texas/24-008749-003/2024(H5N1)	1783	30485
PB2|PP755596.1|A/cattle/Texas/24-008749-003/2024(H5N1)	1784	30276
PB2|PP755596.1|A/cattle/Texas/24-008749-003/2024(H5N1)	1785	29834
PB2|PP755596.1|A/cattle/Texas/24-008749-003/2024(H5N1)	1786	29825
PB2|PP755596.1|A/cattle/Texas/24-008749-003/2024(H5N1)	1787	29457
PB2|PP755596.1|A/cattle/Texas/24-008749-003/2024(H5N1)	1788	29473
PB2|PP755596.1|A/cattle/Texas/24-008749-003/2024(H5N1)	1789	29429
PB2|PP755596.1|A/cattle/Texas/24-008749-003/2024(H5N1)	1790	29570
PB2|PP755596.1|A/cattle/Texas/24-008749-003/2024(H5N1)	1791	29676
PB2|PP755596.1|A/cattle/Texas/24-008749-003/2024(H5N1)	1792	30835
PB2|PP755596.1|A/cattle/Texas/24-008749-003/2024(H5N1)	1793	31204
PB2|PP755596.1|A/cattle/Texas/24-008749-003/2024(H5N1)	1794	31220
PB2|PP755596.1|A/cattle/Texas/24-008749-003/2024(H5N1)	1795	32227
PB2|PP755596.1|A/cattle/Texas/24-008749-003/2024(H5N1)	1796	32246
PB2|PP755596.1|A/cattle/Texas/24-008749-003/2024(H5N1)	1797	33031
PB2|PP755596.1|A/cattle/Texas/24-008749-003/2024(H5N1)	1798	33053
PB2|PP755596.1|A/cattle/Texas/24-008749-003/2024(H5N1)	1799	33763
PB2|PP755596.1|A/cattle/Texas/24-008749-003/2024(H5N1)	1800	33842
PB2|PP755596.1|A/cattle/Texas/24-008749-003/2024(H5N1)	1801	33864
PB2|PP755596.1|A/cattle/Texas/24-008749-003/2024(H5N1)	1802	33789
PB2|PP755596.1|A/cattle/Texas/24-008749-003/2024(H5N1)	1803	33825
PB2|PP755596.1|A/cattle/Texas/24-008749-003/2024(H5N1)	1804	34892
PB2|PP755596.1|A/cattle/Texas/24-008749-003/2024(H5N1)	1805	34854
PB2|PP755596.1|A/cattle/Texas/24-008749-003/2024(H5N1)	1806	34942
PB2|PP755596.1|A/cattle/Texas/24-008749-003/2024(H5N1)	1807	34999
PB2|PP755596.1|A/cattle/Texas/24-008749-003/2024(H5N1)	1808	36035
PB2|PP755596.1|A/cattle/Texas/24-008749-003/2024(H5N1)	1809	36040
PB2|PP755596.1|A/cattle/Texas/24-008749-003/2024(H5N1)	1810	36165
PB2|PP755596.1|A/cattle/Texas/24-008749-003/2024(H5N1)	1811	36224
PB2|PP755596.1|A/cattle/Texas/24-008749-003/2024(H5N1)	1812	36893
PB2|PP755596.1|A/cattle/Texas/24-008749-003/2024(H5N1)	1813	36909
PB2|PP755596.1|A/cattle/Texas/24-008749-003/2024(H5N1)	1814	40760
PB2|PP755596.1|A/cattle/Texas/24-008749-003/2024(H5N1)	1815	40938
PB2|PP755596.1|A/cattle/Texas/24-008749-003/2024(H5N1)	1816	41109
PB2|PP755596.1|A/cattle/Texas/24-008749-003/2024(H5N1)	1817	41110
PB2|PP755596.1|A/cattle/Texas/24-008749-003/2024(H5N1)	1818	41494
PB2|PP755596.1|A/cattle/Texas/24-008749-003/2024(H5N1)	1819	41500
PB2|PP755596.1|A/cattle/Texas/24-008749-003/2024(H5N1)	1820	41490
PB2|PP755596.1|A/cattle/Texas/24-008749-003/2024(H5N1)	1821	41494
PB2|PP755596.1|A/cattle/Texas/24-008749-003/2024(H5N1)	1822	41484
PB2|PP755596.1|A/cattle/Texas/24-008749-003/2024(H5N1)	1823	41563
PB2|PP755596.1|A/cattle/Texas/24-008749-003/2024(H5N1)	1824	41535
PB2|PP755596.1|A/cattle/Texas/24-008749-003/2024(H5N1)	1825	41610
PB2|PP755596.1|A/cattle/Texas/24-008749-003/2024(H5N1)	1826	41803
PB2|PP755596.1|A/cattle/Texas/24-008749-003/2024(H5N1)	1827	42337
PB2|PP755596.1|A/cattle/Texas/24-008749-003/2024(H5N1)	1828	42350
PB2|PP755596.1|A/cattle/Texas/24-008749-003/2024(H5N1)	1829	42355
PB2|PP755596.1|A/cattle/Texas/24-008749-003/2024(H5N1)	1830	42377
PB2|PP755596.1|A/cattle/Texas/24-008749-003/2024(H5N1)	1831	42383
PB2|PP755596.1|A/cattle/Texas/24-008749-003/2024(H5N1)	1832	42518
PB2|PP755596.1|A/cattle/Texas/24-008749-003/2024(H5N1)	1833	42515
PB2|PP755596.1|A/cattle/Texas/24-008749-003/2024(H5N1)	1834	42430
PB2|PP755596.1|A/cattle/Texas/24-008749-003/2024(H5N1)	1835	42646
PB2|PP755596.1|A/cattle/Texas/24-008749-003/2024(H5N1)	1836	42170
PB2|PP755596.1|A/cattle/Texas/24-008749-003/2024(H5N1)	1837	42859
PB2|PP755596.1|A/cattle/Texas/24-008749-003/2024(H5N1)	1838	42860
PB2|PP755596.1|A/cattle/Texas/24-008749-003/2024(H5N1)	1839	42867
PB2|PP755596.1|A/cattle/Texas/24-008749-003/2024(H5N1)	1840	42866
PB2|PP755596.1|A/cattle/Texas/24-008749-003/2024(H5N1)	1841	42760
PB2|PP755596.1|A/cattle/Texas/24-008749-003/2024(H5N1)	1842	42799
PB2|PP755596.1|A/cattle/Texas/24-008749-003/2024(H5N1)	1843	42811
PB2|PP755596.1|A/cattle/Texas/24-008749-003/2024(H5N1)	1844	42857
PB2|PP755596.1|A/cattle/Texas/24-008749-003/2024(H5N1)	1845	42816
PB2|PP755596.1|A/cattle/Texas/24-008749-003/2024(H5N1)	1846	42502
PB2|PP755596.1|A/cattle/Texas/24-008749-003/2024(H5N1)	1847	42500
PB2|PP755596.1|A/cattle/Texas/24-008749-003/2024(H5N1)	1848	42496
PB2|PP755596.1|A/cattle/Texas/24-008749-003/2024(H5N1)	1849	42525
PB2|PP755596.1|A/cattle/Texas/24-008749-003/2024(H5N1)	1850	42544
PB2|PP755596.1|A/cattle/Texas/24-008749-003/2024(H5N1)	1851	42522
PB2|PP755596.1|A/cattle/Texas/24-008749-003/2024(H5N1)	1852	42728
PB2|PP755596.1|A/cattle/Texas/24-008749-003/2024(H5N1)	1853	42505
PB2|PP755596.1|A/cattle/Texas/24-008749-003/2024(H5N1)	1854	42491
PB2|PP755596.1|A/cattle/Texas/24-008749-003/2024(H5N1)	1855	42479
PB2|PP755596.1|A/cattle/Texas/24-008749-003/2024(H5N1)	1856	42474
PB2|PP755596.1|A/cattle/Texas/24-008749-003/2024(H5N1)	1857	42581
PB2|PP755596.1|A/cattle/Texas/24-008749-003/2024(H5N1)	1858	42612
PB2|PP755596.1|A/cattle/Texas/24-008749-003/2024(H5N1)	1859	42658
PB2|PP755596.1|A/cattle/Texas/24-008749-003/2024(H5N1)	1860	42693
PB2|PP755596.1|A/cattle/Texas/24-008749-003/2024(H5N1)	1861	42337
PB2|PP755596.1|A/cattle/Texas/24-008749-003/2024(H5N1)	1862	42370
PB2|PP755596.1|A/cattle/Texas/24-008749-003/2024(H5N1)	1863	42349
PB2|PP755596.1|A/cattle/Texas/24-008749-003/2024(H5N1)	1864	42348
PB2|PP755596.1|A/cattle/Texas/24-008749-003/2024(H5N1)	1865	42460
PB2|PP755596.1|A/cattle/Texas/24-008749-003/2024(H5N1)	1866	42239
PB2|PP755596.1|A/cattle/Texas/24-008749-003/2024(H5N1)	1867	42245
PB2|PP755596.1|A/cattle/Texas/24-008749-003/2024(H5N1)	1868	42090
PB2|PP755596.1|A/cattle/Texas/24-008749-003/2024(H5N1)	1869	41947
PB2|PP755596.1|A/cattle/Texas/24-008749-003/2024(H5N1)	1870	41979
PB2|PP755596.1|A/cattle/Texas/24-008749-003/2024(H5N1)	1871	41908
PB2|PP755596.1|A/cattle/Texas/24-008749-003/2024(H5N1)	1872	41942
PB2|PP755596.1|A/cattle/Texas/24-008749-003/2024(H5N1)	1873	41907
PB2|PP755596.1|A/cattle/Texas/24-008749-003/2024(H5N1)	1874	41808
PB2|PP755596.1|A/cattle/Texas/24-008749-003/2024(H5N1)	1875	41801
PB2|PP755596.1|A/cattle/Texas/24-008749-003/2024(H5N1)	1876	41426
PB2|PP755596.1|A/cattle/Texas/24-008749-003/2024(H5N1)	1877	41235
PB2|PP755596.1|A/cattle/Texas/24-008749-003/2024(H5N1)	1878	41234
PB2|PP755596.1|A/cattle/Texas/24-008749-003/2024(H5N1)	1879	39981
PB2|PP755596.1|A/cattle/Texas/24-008749-003/2024(H5N1)	1880	39960
PB2|PP755596.1|A/cattle/Texas/24-008749-003/2024(H5N1)	1881	40000
PB2|PP755596.1|A/cattle/Texas/24-008749-003/2024(H5N1)	1882	39849
PB2|PP755596.1|A/cattle/Texas/24-008749-003/2024(H5N1)	1883	39678
PB2|PP755596.1|A/cattle/Texas/24-008749-003/2024(H5N1)	1884	39123
PB2|PP755596.1|A/cattle/Texas/24-008749-003/2024(H5N1)	1885	39054
PB2|PP755596.1|A/cattle/Texas/24-008749-003/2024(H5N1)	1886	38811
PB2|PP755596.1|A/cattle/Texas/24-008749-003/2024(H5N1)	1887	38797
PB2|PP755596.1|A/cattle/Texas/24-008749-003/2024(H5N1)	1888	36033
PB2|PP755596.1|A/cattle/Texas/24-008749-003/2024(H5N1)	1889	35682
PB2|PP755596.1|A/cattle/Texas/24-008749-003/2024(H5N1)	1890	35492
PB2|PP755596.1|A/cattle/Texas/24-008749-003/2024(H5N1)	1891	35221
PB2|PP755596.1|A/cattle/Texas/24-008749-003/2024(H5N1)	1892	34856
PB2|PP755596.1|A/cattle/Texas/24-008749-003/2024(H5N1)	1893	34804
PB2|PP755596.1|A/cattle/Texas/24-008749-003/2024(H5N1)	1894	34716
PB2|PP755596.1|A/cattle/Texas/24-008749-003/2024(H5N1)	1895	34576
PB2|PP755596.1|A/cattle/Texas/24-008749-003/2024(H5N1)	1896	34335
PB2|PP755596.1|A/cattle/Texas/24-008749-003/2024(H5N1)	1897	34296
PB2|PP755596.1|A/cattle/Texas/24-008749-003/2024(H5N1)	1898	35150
PB2|PP755596.1|A/cattle/Texas/24-008749-003/2024(H5N1)	1899	35171
PB2|PP755596.1|A/cattle/Texas/24-008749-003/2024(H5N1)	1900	34633
PB2|PP755596.1|A/cattle/Texas/24-008749-003/2024(H5N1)	1901	35655
PB2|PP755596.1|A/cattle/Texas/24-008749-003/2024(H5N1)	1902	34180
PB2|PP755596.1|A/cattle/Texas/24-008749-003/2024(H5N1)	1903	33898
PB2|PP755596.1|A/cattle/Texas/24-008749-003/2024(H5N1)	1904	36262
PB2|PP755596.1|A/cattle/Texas/24-008749-003/2024(H5N1)	1905	36070
PB2|PP755596.1|A/cattle/Texas/24-008749-003/2024(H5N1)	1906	36309
PB2|PP755596.1|A/cattle/Texas/24-008749-003/2024(H5N1)	1907	36053
PB2|PP755596.1|A/cattle/Texas/24-008749-003/2024(H5N1)	1908	37747
PB2|PP755596.1|A/cattle/Texas/24-008749-003/2024(H5N1)	1909	37885
PB2|PP755596.1|A/cattle/Texas/24-008749-003/2024(H5N1)	1910	37719
PB2|PP755596.1|A/cattle/Texas/24-008749-003/2024(H5N1)	1911	37634
PB2|PP755596.1|A/cattle/Texas/24-008749-003/2024(H5N1)	1912	38994
PB2|PP755596.1|A/cattle/Texas/24-008749-003/2024(H5N1)	1913	38494
PB2|PP755596.1|A/cattle/Texas/24-008749-003/2024(H5N1)	1914	40553
PB2|PP755596.1|A/cattle/Texas/24-008749-003/2024(H5N1)	1915	40581
PB2|PP755596.1|A/cattle/Texas/24-008749-003/2024(H5N1)	1916	41051
PB2|PP755596.1|A/cattle/Texas/24-008749-003/2024(H5N1)	1917	40897
PB2|PP755596.1|A/cattle/Texas/24-008749-003/2024(H5N1)	1918	40917
PB2|PP755596.1|A/cattle/Texas/24-008749-003/2024(H5N1)	1919	37760
PB2|PP755596.1|A/cattle/Texas/24-008749-003/2024(H5N1)	1920	37714
PB2|PP755596.1|A/cattle/Texas/24-008749-003/2024(H5N1)	1921	37223
PB2|PP755596.1|A/cattle/Texas/24-008749-003/2024(H5N1)	1922	37249
PB2|PP755596.1|A/cattle/Texas/24-008749-003/2024(H5N1)	1923	36714
PB2|PP755596.1|A/cattle/Texas/24-008749-003/2024(H5N1)	1924	39560
PB2|PP755596.1|A/cattle/Texas/24-008749-003/2024(H5N1)	1925	42776
PB2|PP755596.1|A/cattle/Texas/24-008749-003/2024(H5N1)	1926	43038
PB2|PP755596.1|A/cattle/Texas/24-008749-003/2024(H5N1)	1927	43096
PB2|PP755596.1|A/cattle/Texas/24-008749-003/2024(H5N1)	1928	43036
PB2|PP755596.1|A/cattle/Texas/24-008749-003/2024(H5N1)	1929	42965
PB2|PP755596.1|A/cattle/Texas/24-008749-003/2024(H5N1)	1930	44316
PB2|PP755596.1|A/cattle/Texas/24-008749-003/2024(H5N1)	1931	44302
PB2|PP755596.1|A/cattle/Texas/24-008749-003/2024(H5N1)	1932	44237
PB2|PP755596.1|A/cattle/Texas/24-008749-003/2024(H5N1)	1933	44148
PB2|PP755596.1|A/cattle/Texas/24-008749-003/2024(H5N1)	1934	43115
PB2|PP755596.1|A/cattle/Texas/24-008749-003/2024(H5N1)	1935	43182
PB2|PP755596.1|A/cattle/Texas/24-008749-003/2024(H5N1)	1936	42941
PB2|PP755596.1|A/cattle/Texas/24-008749-003/2024(H5N1)	1937	43363
PB2|PP755596.1|A/cattle/Texas/24-008749-003/2024(H5N1)	1938	43341
PB2|PP755596.1|A/cattle/Texas/24-008749-003/2024(H5N1)	1939	42676
PB2|PP755596.1|A/cattle/Texas/24-008749-003/2024(H5N1)	1940	42672
PB2|PP755596.1|A/cattle/Texas/24-008749-003/2024(H5N1)	1941	43026
PB2|PP755596.1|A/cattle/Texas/24-008749-003/2024(H5N1)	1942	42963
PB2|PP755596.1|A/cattle/Texas/24-008749-003/2024(H5N1)	1943	41409
PB2|PP755596.1|A/cattle/Texas/24-008749-003/2024(H5N1)	1944	42104
PB2|PP755596.1|A/cattle/Texas/24-008749-003/2024(H5N1)	1945	42117
PB2|PP755596.1|A/cattle/Texas/24-008749-003/2024(H5N1)	1946	41232
PB2|PP755596.1|A/cattle/Texas/24-008749-003/2024(H5N1)	1947	41194
PB2|PP755596.1|A/cattle/Texas/24-008749-003/2024(H5N1)	1948	40363
PB2|PP755596.1|A/cattle/Texas/24-008749-003/2024(H5N1)	1949	40414
PB2|PP755596.1|A/cattle/Texas/24-008749-003/2024(H5N1)	1950	39808
PB2|PP755596.1|A/cattle/Texas/24-008749-003/2024(H5N1)	1951	39749
PB2|PP755596.1|A/cattle/Texas/24-008749-003/2024(H5N1)	1952	39773
PB2|PP755596.1|A/cattle/Texas/24-008749-003/2024(H5N1)	1953	39034
PB2|PP755596.1|A/cattle/Texas/24-008749-003/2024(H5N1)	1954	38667
PB2|PP755596.1|A/cattle/Texas/24-008749-003/2024(H5N1)	1955	39964
PB2|PP755596.1|A/cattle/Texas/24-008749-003/2024(H5N1)	1956	40381
PB2|PP755596.1|A/cattle/Texas/24-008749-003/2024(H5N1)	1957	40419
PB2|PP755596.1|A/cattle/Texas/24-008749-003/2024(H5N1)	1958	40841
PB2|PP755596.1|A/cattle/Texas/24-008749-003/2024(H5N1)	1959	40173
PB2|PP755596.1|A/cattle/Texas/24-008749-003/2024(H5N1)	1960	40661
PB2|PP755596.1|A/cattle/Texas/24-008749-003/2024(H5N1)	1961	40555
PB2|PP755596.1|A/cattle/Texas/24-008749-003/2024(H5N1)	1962	39537
PB2|PP755596.1|A/cattle/Texas/24-008749-003/2024(H5N1)	1963	40103
PB2|PP755596.1|A/cattle/Texas/24-008749-003/2024(H5N1)	1964	35416
PB2|PP755596.1|A/cattle/Texas/24-008749-003/2024(H5N1)	1965	36417
PB2|PP755596.1|A/cattle/Texas/24-008749-003/2024(H5N1)	1966	37083
PB2|PP755596.1|A/cattle/Texas/24-008749-003/2024(H5N1)	1967	37443
PB2|PP755596.1|A/cattle/Texas/24-008749-003/2024(H5N1)	1968	37709
PB2|PP755596.1|A/cattle/Texas/24-008749-003/2024(H5N1)	1969	37751
PB2|PP755596.1|A/cattle/Texas/24-008749-003/2024(H5N1)	1970	38197
PB2|PP755596.1|A/cattle/Texas/24-008749-003/2024(H5N1)	1971	38212
PB2|PP755596.1|A/cattle/Texas/24-008749-003/2024(H5N1)	1972	44816
PB2|PP755596.1|A/cattle/Texas/24-008749-003/2024(H5N1)	1973	44927
PB2|PP755596.1|A/cattle/Texas/24-008749-003/2024(H5N1)	1974	45320
PB2|PP755596.1|A/cattle/Texas/24-008749-003/2024(H5N1)	1975	45337
PB2|PP755596.1|A/cattle/Texas/24-008749-003/2024(H5N1)	1976	45379
PB2|PP755596.1|A/cattle/Texas/24-008749-003/2024(H5N1)	1977	47249
PB2|PP755596.1|A/cattle/Texas/24-008749-003/2024(H5N1)	1978	47234
PB2|PP755596.1|A/cattle/Texas/24-008749-003/2024(H5N1)	1979	47245
PB2|PP755596.1|A/cattle/Texas/24-008749-003/2024(H5N1)	1980	47387
PB2|PP755596.1|A/cattle/Texas/24-008749-003/2024(H5N1)	1981	47967
PB2|PP755596.1|A/cattle/Texas/24-008749-003/2024(H5N1)	1982	49544
PB2|PP755596.1|A/cattle/Texas/24-008749-003/2024(H5N1)	1983	49563
PB2|PP755596.1|A/cattle/Texas/24-008749-003/2024(H5N1)	1984	50726
PB2|PP755596.1|A/cattle/Texas/24-008749-003/2024(H5N1)	1985	50982
PB2|PP755596.1|A/cattle/Texas/24-008749-003/2024(H5N1)	1986	51002
PB2|PP755596.1|A/cattle/Texas/24-008749-003/2024(H5N1)	1987	52723
PB2|PP755596.1|A/cattle/Texas/24-008749-003/2024(H5N1)	1988	52624
PB2|PP755596.1|A/cattle/Texas/24-008749-003/2024(H5N1)	1989	52725
PB2|PP755596.1|A/cattle/Texas/24-008749-003/2024(H5N1)	1990	52710
PB2|PP755596.1|A/cattle/Texas/24-008749-003/2024(H5N1)	1991	53461
PB2|PP755596.1|A/cattle/Texas/24-008749-003/2024(H5N1)	1992	53624
PB2|PP755596.1|A/cattle/Texas/24-008749-003/2024(H5N1)	1993	53659
PB2|PP755596.1|A/cattle/Texas/24-008749-003/2024(H5N1)	1994	53760
PB2|PP755596.1|A/cattle/Texas/24-008749-003/2024(H5N1)	1995	53791
PB2|PP755596.1|A/cattle/Texas/24-008749-003/2024(H5N1)	1996	53779
PB2|PP755596.1|A/cattle/Texas/24-008749-003/2024(H5N1)	1997	53919
PB2|PP755596.1|A/cattle/Texas/24-008749-003/2024(H5N1)	1998	53885
PB2|PP755596.1|A/cattle/Texas/24-008749-003/2024(H5N1)	1999	55110
PB2|PP755596.1|A/cattle/Texas/24-008749-003/2024(H5N1)	2000	55243
PB2|PP755596.1|A/cattle/Texas/24-008749-003/2024(H5N1)	2001	55579
PB2|PP755596.1|A/cattle/Texas/24-008749-003/2024(H5N1)	2002	55742
PB2|PP755596.1|A/cattle/Texas/24-008749-003/2024(H5N1)	2003	55734
PB2|PP755596.1|A/cattle/Texas/24-008749-003/2024(H5N1)	2004	56127
PB2|PP755596.1|A/cattle/Texas/24-008749-003/2024(H5N1)	2005	56114
PB2|PP755596.1|A/cattle/Texas/24-008749-003/2024(H5N1)	2006	57054
PB2|PP755596.1|A/cattle/Texas/24-008749-003/2024(H5N1)	2007	57155
PB2|PP755596.1|A/cattle/Texas/24-008749-003/2024(H5N1)	2008	56765
PB2|PP755596.1|A/cattle/Texas/24-008749-003/2024(H5N1)	2009	56758
PB2|PP755596.1|A/cattle/Texas/24-008749-003/2024(H5N1)	2010	56920
PB2|PP755596.1|A/cattle/Texas/24-008749-003/2024(H5N1)	2011	56992
PB2|PP755596.1|A/cattle/Texas/24-008749-003/2024(H5N1)	2012	57412
PB2|PP755596.1|A/cattle/Texas/24-008749-003/2024(H5N1)	2013	57430
PB2|PP755596.1|A/cattle/Texas/24-008749-003/2024(H5N1)	2014	57451
PB2|PP755596.1|A/cattle/Texas/24-008749-003/2024(H5N1)	2015	57573
PB2|PP755596.1|A/cattle/Texas/24-008749-003/2024(H5N1)	2016	57440
PB2|PP755596.1|A/cattle/Texas/24-008749-003/2024(H5N1)	2017	57568
PB2|PP755596.1|A/cattle/Texas/24-008749-003/2024(H5N1)	2018	57740
PB2|PP755596.1|A/cattle/Texas/24-008749-003/2024(H5N1)	2019	57686
PB2|PP755596.1|A/cattle/Texas/24-008749-003/2024(H5N1)	2020	57775
PB2|PP755596.1|A/cattle/Texas/24-008749-003/2024(H5N1)	2021	58170
PB2|PP755596.1|A/cattle/Texas/24-008749-003/2024(H5N1)	2022	58154
PB2|PP755596.1|A/cattle/Texas/24-008749-003/2024(H5N1)	2023	58227
PB2|PP755596.1|A/cattle/Texas/24-008749-003/2024(H5N1)	2024	58105
PB2|PP755596.1|A/cattle/Texas/24-008749-003/2024(H5N1)	2025	58141
PB2|PP755596.1|A/cattle/Texas/24-008749-003/2024(H5N1)	2026	58116
PB2|PP755596.1|A/cattle/Texas/24-008749-003/2024(H5N1)	2027	58187
PB2|PP755596.1|A/cattle/Texas/24-008749-003/2024(H5N1)	2028	58325
PB2|PP755596.1|A/cattle/Texas/24-008749-003/2024(H5N1)	2029	58252
PB2|PP755596.1|A/cattle/Texas/24-008749-003/2024(H5N1)	2030	58285
PB2|PP755596.1|A/cattle/Texas/24-008749-003/2024(H5N1)	2031	58293
PB2|PP755596.1|A/cattle/Texas/24-008749-003/2024(H5N1)	2032	58567
PB2|PP755596.1|A/cattle/Texas/24-008749-003/2024(H5N1)	2033	59806
PB2|PP755596.1|A/cattle/Texas/24-008749-003/2024(H5N1)	2034	59736
PB2|PP755596.1|A/cattle/Texas/24-008749-003/2024(H5N1)	2035	59928
PB2|PP755596.1|A/cattle/Texas/24-008749-003/2024(H5N1)	2036	59989
PB2|PP755596.1|A/cattle/Texas/24-008749-003/2024(H5N1)	2037	60156
PB2|PP755596.1|A/cattle/Texas/24-008749-003/2024(H5N1)	2038	62380
PB2|PP755596.1|A/cattle/Texas/24-008749-003/2024(H5N1)	2039	62784
PB2|PP755596.1|A/cattle/Texas/24-008749-003/2024(H5N1)	2040	63005
PB2|PP755596.1|A/cattle/Texas/24-008749-003/2024(H5N1)	2041	62942
PB2|PP755596.1|A/cattle/Texas/24-008749-003/2024(H5N1)	2042	62591
PB2|PP755596.1|A/cattle/Texas/24-008749-003/2024(H5N1)	2043	63287
PB2|PP755596.1|A/cattle/Texas/24-008749-003/2024(H5N1)	2044	63927
PB2|PP755596.1|A/cattle/Texas/24-008749-003/2024(H5N1)	2045	64342
PB2|PP755596.1|A/cattle/Texas/24-008749-003/2024(H5N1)	2046	64639
PB2|PP755596.1|A/cattle/Texas/24-008749-003/2024(H5N1)	2047	64293
PB2|PP755596.1|A/cattle/Texas/24-008749-003/2024(H5N1)	2048	65938
PB2|PP755596.1|A/cattle/Texas/24-008749-003/2024(H5N1)	2049	65925
PB2|PP755596.1|A/cattle/Texas/24-008749-003/2024(H5N1)	2050	67343
PB2|PP755596.1|A/cattle/Texas/24-008749-003/2024(H5N1)	2051	66572
PB2|PP755596.1|A/cattle/Texas/24-008749-003/2024(H5N1)	2052	66862
PB2|PP755596.1|A/cattle/Texas/24-008749-003/2024(H5N1)	2053	68784
PB2|PP755596.1|A/cattle/Texas/24-008749-003/2024(H5N1)	2054	69144
PB2|PP755596.1|A/cattle/Texas/24-008749-003/2024(H5N1)	2055	67550
PB2|PP755596.1|A/cattle/Texas/24-008749-003/2024(H5N1)	2056	67703
PB2|PP755596.1|A/cattle/Texas/24-008749-003/2024(H5N1)	2057	67068
PB2|PP755596.1|A/cattle/Texas/24-008749-003/2024(H5N1)	2058	67468
PB2|PP755596.1|A/cattle/Texas/24-008749-003/2024(H5N1)	2059	66225
PB2|PP755596.1|A/cattle/Texas/24-008749-003/2024(H5N1)	2060	66120
PB2|PP755596.1|A/cattle/Texas/24-008749-003/2024(H5N1)	2061	64960
PB2|PP755596.1|A/cattle/Texas/24-008749-003/2024(H5N1)	2062	64204
PB2|PP755596.1|A/cattle/Texas/24-008749-003/2024(H5N1)	2063	62232
PB2|PP755596.1|A/cattle/Texas/24-008749-003/2024(H5N1)	2064	62017
PB2|PP755596.1|A/cattle/Texas/24-008749-003/2024(H5N1)	2065	61706
PB2|PP755596.1|A/cattle/Texas/24-008749-003/2024(H5N1)	2066	61025
PB2|PP755596.1|A/cattle/Texas/24-008749-003/2024(H5N1)	2067	60864
PB2|PP755596.1|A/cattle/Texas/24-008749-003/2024(H5N1)	2068	63814
PB2|PP755596.1|A/cattle/Texas/24-008749-003/2024(H5N1)	2069	63665
PB2|PP755596.1|A/cattle/Texas/24-008749-003/2024(H5N1)	2070	64029
PB2|PP755596.1|A/cattle/Texas/24-008749-003/2024(H5N1)	2071	63969
PB2|PP755596.1|A/cattle/Texas/24-008749-003/2024(H5N1)	2072	63857
PB2|PP755596.1|A/cattle/Texas/24-008749-003/2024(H5N1)	2073	63304
PB2|PP755596.1|A/cattle/Texas/24-008749-003/2024(H5N1)	2074	63013
PB2|PP755596.1|A/cattle/Texas/24-008749-003/2024(H5N1)	2075	60334
PB2|PP755596.1|A/cattle/Texas/24-008749-003/2024(H5N1)	2076	58361
PB2|PP755596.1|A/cattle/Texas/24-008749-003/2024(H5N1)	2077	58106
PB2|PP755596.1|A/cattle/Texas/24-008749-003/2024(H5N1)	2078	57975
PB2|PP755596.1|A/cattle/Texas/24-008749-003/2024(H5N1)	2079	58551
PB2|PP755596.1|A/cattle/Texas/24-008749-003/2024(H5N1)	2080	61321
PB2|PP755596.1|A/cattle/Texas/24-008749-003/2024(H5N1)	2081	60548
PB2|PP755596.1|A/cattle/Texas/24-008749-003/2024(H5N1)	2082	61050
PB2|PP755596.1|A/cattle/Texas/24-008749-003/2024(H5N1)	2083	60318
PB2|PP755596.1|A/cattle/Texas/24-008749-003/2024(H5N1)	2084	60042
PB2|PP755596.1|A/cattle/Texas/24-008749-003/2024(H5N1)	2085	60113
PB2|PP755596.1|A/cattle/Texas/24-008749-003/2024(H5N1)	2086	60436
PB2|PP755596.1|A/cattle/Texas/24-008749-003/2024(H5N1)	2087	60367
PB2|PP755596.1|A/cattle/Texas/24-008749-003/2024(H5N1)	2088	61732
PB2|PP755596.1|A/cattle/Texas/24-008749-003/2024(H5N1)	2089	61714
PB2|PP755596.1|A/cattle/Texas/24-008749-003/2024(H5N1)	2090	61293
PB2|PP755596.1|A/cattle/Texas/24-008749-003/2024(H5N1)	2091	61365
PB2|PP755596.1|A/cattle/Texas/24-008749-003/2024(H5N1)	2092	61112
PB2|PP755596.1|A/cattle/Texas/24-008749-003/2024(H5N1)	2093	61217
PB2|PP755596.1|A/cattle/Texas/24-008749-003/2024(H5N1)	2094	60712
PB2|PP755596.1|A/cattle/Texas/24-008749-003/2024(H5N1)	2095	60565
PB2|PP755596.1|A/cattle/Texas/24-008749-003/2024(H5N1)	2096	62490
PB2|PP755596.1|A/cattle/Texas/24-008749-003/2024(H5N1)	2097	62494
PB2|PP755596.1|A/cattle/Texas/24-008749-003/2024(H5N1)	2098	62971
PB2|PP755596.1|A/cattle/Texas/24-008749-003/2024(H5N1)	2099	64646
PB2|PP755596.1|A/cattle/Texas/24-008749-003/2024(H5N1)	2100	64803
PB2|PP755596.1|A/cattle/Texas/24-008749-003/2024(H5N1)	2101	64962
PB2|PP755596.1|A/cattle/Texas/24-008749-003/2024(H5N1)	2102	65005
PB2|PP755596.1|A/cattle/Texas/24-008749-003/2024(H5N1)	2103	65197
PB2|PP755596.1|A/cattle/Texas/24-008749-003/2024(H5N1)	2104	65057
PB2|PP755596.1|A/cattle/Texas/24-008749-003/2024(H5N1)	2105	65008
PB2|PP755596.1|A/cattle/Texas/24-008749-003/2024(H5N1)	2106	64143
PB2|PP755596.1|A/cattle/Texas/24-008749-003/2024(H5N1)	2107	64161
PB2|PP755596.1|A/cattle/Texas/24-008749-003/2024(H5N1)	2108	64341
PB2|PP755596.1|A/cattle/Texas/24-008749-003/2024(H5N1)	2109	64810
PB2|PP755596.1|A/cattle/Texas/24-008749-003/2024(H5N1)	2110	64446
PB2|PP755596.1|A/cattle/Texas/24-008749-003/2024(H5N1)	2111	64018
PB2|PP755596.1|A/cattle/Texas/24-008749-003/2024(H5N1)	2112	63625
PB2|PP755596.1|A/cattle/Texas/24-008749-003/2024(H5N1)	2113	63846
PB2|PP755596.1|A/cattle/Texas/24-008749-003/2024(H5N1)	2114	69005
PB2|PP755596.1|A/cattle/Texas/24-008749-003/2024(H5N1)	2115	67990
PB2|PP755596.1|A/cattle/Texas/24-008749-003/2024(H5N1)	2116	67842
PB2|PP755596.1|A/cattle/Texas/24-008749-003/2024(H5N1)	2117	67419
PB2|PP755596.1|A/cattle/Texas/24-008749-003/2024(H5N1)	2118	66570
PB2|PP755596.1|A/cattle/Texas/24-008749-003/2024(H5N1)	2119	67617
PB2|PP755596.1|A/cattle/Texas/24-008749-003/2024(H5N1)	2120	67415
PB2|PP755596.1|A/cattle/Texas/24-008749-003/2024(H5N1)	2121	67381
PB2|PP755596.1|A/cattle/Texas/24-008749-003/2024(H5N1)	2122	67222
PB2|PP755596.1|A/cattle/Texas/24-008749-003/2024(H5N1)	2123	58109
PB2|PP755596.1|A/cattle/Texas/24-008749-003/2024(H5N1)	2124	58930
PB2|PP755596.1|A/cattle/Texas/24-008749-003/2024(H5N1)	2125	58831
PB2|PP755596.1|A/cattle/Texas/24-008749-003/2024(H5N1)	2126	59193
PB2|PP755596.1|A/cattle/Texas/24-008749-003/2024(H5N1)	2127	59405
PB2|PP755596.1|A/cattle/Texas/24-008749-003/2024(H5N1)	2128	57200
PB2|PP755596.1|A/cattle/Texas/24-008749-003/2024(H5N1)	2129	58462
PB2|PP755596.1|A/cattle/Texas/24-008749-003/2024(H5N1)	2130	58518
PB2|PP755596.1|A/cattle/Texas/24-008749-003/2024(H5N1)	2131	58267
PB2|PP755596.1|A/cattle/Texas/24-008749-003/2024(H5N1)	2132	58381
PB2|PP755596.1|A/cattle/Texas/24-008749-003/2024(H5N1)	2133	56841
PB2|PP755596.1|A/cattle/Texas/24-008749-003/2024(H5N1)	2134	57002
PB2|PP755596.1|A/cattle/Texas/24-008749-003/2024(H5N1)	2135	55628
PB2|PP755596.1|A/cattle/Texas/24-008749-003/2024(H5N1)	2136	55690
PB2|PP755596.1|A/cattle/Texas/24-008749-003/2024(H5N1)	2137	55739
PB2|PP755596.1|A/cattle/Texas/24-008749-003/2024(H5N1)	2138	58294
PB2|PP755596.1|A/cattle/Texas/24-008749-003/2024(H5N1)	2139	59130
PB2|PP755596.1|A/cattle/Texas/24-008749-003/2024(H5N1)	2140	59099
PB2|PP755596.1|A/cattle/Texas/24-008749-003/2024(H5N1)	2141	59255
PB2|PP755596.1|A/cattle/Texas/24-008749-003/2024(H5N1)	2142	59064
PB2|PP755596.1|A/cattle/Texas/24-008749-003/2024(H5N1)	2143	59052
PB2|PP755596.1|A/cattle/Texas/24-008749-003/2024(H5N1)	2144	59178
PB2|PP755596.1|A/cattle/Texas/24-008749-003/2024(H5N1)	2145	59046
PB2|PP755596.1|A/cattle/Texas/24-008749-003/2024(H5N1)	2146	59039
PB2|PP755596.1|A/cattle/Texas/24-008749-003/2024(H5N1)	2147	59034
PB2|PP755596.1|A/cattle/Texas/24-008749-003/2024(H5N1)	2148	58827
PB2|PP755596.1|A/cattle/Texas/24-008749-003/2024(H5N1)	2149	59531
PB2|PP755596.1|A/cattle/Texas/24-008749-003/2024(H5N1)	2150	59004
PB2|PP755596.1|A/cattle/Texas/24-008749-003/2024(H5N1)	2151	58888
PB2|PP755596.1|A/cattle/Texas/24-008749-003/2024(H5N1)	2152	58761
PB2|PP755596.1|A/cattle/Texas/24-008749-003/2024(H5N1)	2153	58771
PB2|PP755596.1|A/cattle/Texas/24-008749-003/2024(H5N1)	2154	58907
PB2|PP755596.1|A/cattle/Texas/24-008749-003/2024(H5N1)	2155	58909
PB2|PP755596.1|A/cattle/Texas/24-008749-003/2024(H5N1)	2156	58951
PB2|PP755596.1|A/cattle/Texas/24-008749-003/2024(H5N1)	2157	58300
PB2|PP755596.1|A/cattle/Texas/24-008749-003/2024(H5N1)	2158	58400
PB2|PP755596.1|A/cattle/Texas/24-008749-003/2024(H5N1)	2159	58408
PB2|PP755596.1|A/cattle/Texas/24-008749-003/2024(H5N1)	2160	58431
PB2|PP755596.1|A/cattle/Texas/24-008749-003/2024(H5N1)	2161	59294
PB2|PP755596.1|A/cattle/Texas/24-008749-003/2024(H5N1)	2162	59239
PB2|PP755596.1|A/cattle/Texas/24-008749-003/2024(H5N1)	2163	59227
PB2|PP755596.1|A/cattle/Texas/24-008749-003/2024(H5N1)	2164	60025
PB2|PP755596.1|A/cattle/Texas/24-008749-003/2024(H5N1)	2165	59891
PB2|PP755596.1|A/cattle/Texas/24-008749-003/2024(H5N1)	2166	59740
PB2|PP755596.1|A/cattle/Texas/24-008749-003/2024(H5N1)	2167	59348
PB2|PP755596.1|A/cattle/Texas/24-008749-003/2024(H5N1)	2168	59324
PB2|PP755596.1|A/cattle/Texas/24-008749-003/2024(H5N1)	2169	59196
PB2|PP755596.1|A/cattle/Texas/24-008749-003/2024(H5N1)	2170	59379
PB2|PP755596.1|A/cattle/Texas/24-008749-003/2024(H5N1)	2171	58534
PB2|PP755596.1|A/cattle/Texas/24-008749-003/2024(H5N1)	2172	58105
PB2|PP755596.1|A/cattle/Texas/24-008749-003/2024(H5N1)	2173	58079
PB2|PP755596.1|A/cattle/Texas/24-008749-003/2024(H5N1)	2174	57888
PB2|PP755596.1|A/cattle/Texas/24-008749-003/2024(H5N1)	2175	57848
PB2|PP755596.1|A/cattle/Texas/24-008749-003/2024(H5N1)	2176	57728
PB2|PP755596.1|A/cattle/Texas/24-008749-003/2024(H5N1)	2177	57710
PB2|PP755596.1|A/cattle/Texas/24-008749-003/2024(H5N1)	2178	57594
PB2|PP755596.1|A/cattle/Texas/24-008749-003/2024(H5N1)	2179	57510
PB2|PP755596.1|A/cattle/Texas/24-008749-003/2024(H5N1)	2180	57228
PB2|PP755596.1|A/cattle/Texas/24-008749-003/2024(H5N1)	2181	57158
PB2|PP755596.1|A/cattle/Texas/24-008749-003/2024(H5N1)	2182	56959
PB2|PP755596.1|A/cattle/Texas/24-008749-003/2024(H5N1)	2183	56878
PB2|PP755596.1|A/cattle/Texas/24-008749-003/2024(H5N1)	2184	56126
PB2|PP755596.1|A/cattle/Texas/24-008749-003/2024(H5N1)	2185	56161
PB2|PP755596.1|A/cattle/Texas/24-008749-003/2024(H5N1)	2186	56182
PB2|PP755596.1|A/cattle/Texas/24-008749-003/2024(H5N1)	2187	56100
PB2|PP755596.1|A/cattle/Texas/24-008749-003/2024(H5N1)	2188	55741
PB2|PP755596.1|A/cattle/Texas/24-008749-003/2024(H5N1)	2189	54181
PB2|PP755596.1|A/cattle/Texas/24-008749-003/2024(H5N1)	2190	53858
PB2|PP755596.1|A/cattle/Texas/24-008749-003/2024(H5N1)	2191	53772
PB2|PP755596.1|A/cattle/Texas/24-008749-003/2024(H5N1)	2192	53778
PB2|PP755596.1|A/cattle/Texas/24-008749-003/2024(H5N1)	2193	53765
PB2|PP755596.1|A/cattle/Texas/24-008749-003/2024(H5N1)	2194	53478
PB2|PP755596.1|A/cattle/Texas/24-008749-003/2024(H5N1)	2195	52375
PB2|PP755596.1|A/cattle/Texas/24-008749-003/2024(H5N1)	2196	52316
PB2|PP755596.1|A/cattle/Texas/24-008749-003/2024(H5N1)	2197	51337
PB2|PP755596.1|A/cattle/Texas/24-008749-003/2024(H5N1)	2198	51176
PB2|PP755596.1|A/cattle/Texas/24-008749-003/2024(H5N1)	2199	49712
PB2|PP755596.1|A/cattle/Texas/24-008749-003/2024(H5N1)	2200	49655
PB2|PP755596.1|A/cattle/Texas/24-008749-003/2024(H5N1)	2201	48306
PB2|PP755596.1|A/cattle/Texas/24-008749-003/2024(H5N1)	2202	47777
PB2|PP755596.1|A/cattle/Texas/24-008749-003/2024(H5N1)	2203	46826
PB2|PP755596.1|A/cattle/Texas/24-008749-003/2024(H5N1)	2204	45491
PB2|PP755596.1|A/cattle/Texas/24-008749-003/2024(H5N1)	2205	45210
PB2|PP755596.1|A/cattle/Texas/24-008749-003/2024(H5N1)	2206	45127
PB2|PP755596.1|A/cattle/Texas/24-008749-003/2024(H5N1)	2207	45001
PB2|PP755596.1|A/cattle/Texas/24-008749-003/2024(H5N1)	2208	44917
PB2|PP755596.1|A/cattle/Texas/24-008749-003/2024(H5N1)	2209	44500
PB2|PP755596.1|A/cattle/Texas/24-008749-003/2024(H5N1)	2210	44506
PB2|PP755596.1|A/cattle/Texas/24-008749-003/2024(H5N1)	2211	44193
PB2|PP755596.1|A/cattle/Texas/24-008749-003/2024(H5N1)	2212	44046
PB2|PP755596.1|A/cattle/Texas/24-008749-003/2024(H5N1)	2213	44045
PB2|PP755596.1|A/cattle/Texas/24-008749-003/2024(H5N1)	2214	43676
PB2|PP755596.1|A/cattle/Texas/24-008749-003/2024(H5N1)	2215	43562
PB2|PP755596.1|A/cattle/Texas/24-008749-003/2024(H5N1)	2216	43520
PB2|PP755596.1|A/cattle/Texas/24-008749-003/2024(H5N1)	2217	43550
PB2|PP755596.1|A/cattle/Texas/24-008749-003/2024(H5N1)	2218	43497
PB2|PP755596.1|A/cattle/Texas/24-008749-003/2024(H5N1)	2219	41445
PB2|PP755596.1|A/cattle/Texas/24-008749-003/2024(H5N1)	2220	41256
PB2|PP755596.1|A/cattle/Texas/24-008749-003/2024(H5N1)	2221	41085
PB2|PP755596.1|A/cattle/Texas/24-008749-003/2024(H5N1)	2222	41269
PB2|PP755596.1|A/cattle/Texas/24-008749-003/2024(H5N1)	2223	41221
PB2|PP755596.1|A/cattle/Texas/24-008749-003/2024(H5N1)	2224	41143
PB2|PP755596.1|A/cattle/Texas/24-008749-003/2024(H5N1)	2225	41129
PB2|PP755596.1|A/cattle/Texas/24-008749-003/2024(H5N1)	2226	40491
PB2|PP755596.1|A/cattle/Texas/24-008749-003/2024(H5N1)	2227	40435
PB2|PP755596.1|A/cattle/Texas/24-008749-003/2024(H5N1)	2228	40075
PB2|PP755596.1|A/cattle/Texas/24-008749-003/2024(H5N1)	2229	38945
PB2|PP755596.1|A/cattle/Texas/24-008749-003/2024(H5N1)	2230	38854
PB2|PP755596.1|A/cattle/Texas/24-008749-003/2024(H5N1)	2231	34297
PB2|PP755596.1|A/cattle/Texas/24-008749-003/2024(H5N1)	2232	34275
PB2|PP755596.1|A/cattle/Texas/24-008749-003/2024(H5N1)	2233	33374
PB2|PP755596.1|A/cattle/Texas/24-008749-003/2024(H5N1)	2234	33202
PB2|PP755596.1|A/cattle/Texas/24-008749-003/2024(H5N1)	2235	33071
PB2|PP755596.1|A/cattle/Texas/24-008749-003/2024(H5N1)	2236	33048
PB2|PP755596.1|A/cattle/Texas/24-008749-003/2024(H5N1)	2237	32199
PB2|PP755596.1|A/cattle/Texas/24-008749-003/2024(H5N1)	2238	32251
PB2|PP755596.1|A/cattle/Texas/24-008749-003/2024(H5N1)	2239	29615
PB2|PP755596.1|A/cattle/Texas/24-008749-003/2024(H5N1)	2240	29695
PB2|PP755596.1|A/cattle/Texas/24-008749-003/2024(H5N1)	2241	29563
PB2|PP755596.1|A/cattle/Texas/24-008749-003/2024(H5N1)	2242	29490
PB2|PP755596.1|A/cattle/Texas/24-008749-003/2024(H5N1)	2243	29250
PB2|PP755596.1|A/cattle/Texas/24-008749-003/2024(H5N1)	2244	29243
PB2|PP755596.1|A/cattle/Texas/24-008749-003/2024(H5N1)	2245	29179
PB2|PP755596.1|A/cattle/Texas/24-008749-003/2024(H5N1)	2246	29128
PB2|PP755596.1|A/cattle/Texas/24-008749-003/2024(H5N1)	2247	25789
PB2|PP755596.1|A/cattle/Texas/24-008749-003/2024(H5N1)	2248	25787
PB2|PP755596.1|A/cattle/Texas/24-008749-003/2024(H5N1)	2249	22598
PB2|PP755596.1|A/cattle/Texas/24-008749-003/2024(H5N1)	2250	22577
PB2|PP755596.1|A/cattle/Texas/24-008749-003/2024(H5N1)	2251	22441
PB2|PP755596.1|A/cattle/Texas/24-008749-003/2024(H5N1)	2252	22299
PB2|PP755596.1|A/cattle/Texas/24-008749-003/2024(H5N1)	2253	22040
PB2|PP755596.1|A/cattle/Texas/24-008749-003/2024(H5N1)	2254	21916
PB2|PP755596.1|A/cattle/Texas/24-008749-003/2024(H5N1)	2255	21895
PB2|PP755596.1|A/cattle/Texas/24-008749-003/2024(H5N1)	2256	21878
PB2|PP755596.1|A/cattle/Texas/24-008749-003/2024(H5N1)	2257	21748
PB2|PP755596.1|A/cattle/Texas/24-008749-003/2024(H5N1)	2258	21523
PB2|PP755596.1|A/cattle/Texas/24-008749-003/2024(H5N1)	2259	20143
PB2|PP755596.1|A/cattle/Texas/24-008749-003/2024(H5N1)	2260	19948
PB2|PP755596.1|A/cattle/Texas/24-008749-003/2024(H5N1)	2261	19824
PB2|PP755596.1|A/cattle/Texas/24-008749-003/2024(H5N1)	2262	19807
PB2|PP755596.1|A/cattle/Texas/24-008749-003/2024(H5N1)	2263	19730
PB2|PP755596.1|A/cattle/Texas/24-008749-003/2024(H5N1)	2264	18535
PB2|PP755596.1|A/cattle/Texas/24-008749-003/2024(H5N1)	2265	16998
PB2|PP755596.1|A/cattle/Texas/24-008749-003/2024(H5N1)	2266	16947
PB2|PP755596.1|A/cattle/Texas/24-008749-003/2024(H5N1)	2267	15722
PB2|PP755596.1|A/cattle/Texas/24-008749-003/2024(H5N1)	2268	15684
PB2|PP755596.1|A/cattle/Texas/24-008749-003/2024(H5N1)	2269	15630
PB2|PP755596.1|A/cattle/Texas/24-008749-003/2024(H5N1)	2270	15191
PB2|PP755596.1|A/cattle/Texas/24-008749-003/2024(H5N1)	2271	15161
PB2|PP755596.1|A/cattle/Texas/24-008749-003/2024(H5N1)	2272	15136
PB2|PP755596.1|A/cattle/Texas/24-008749-003/2024(H5N1)	2273	15090
PB2|PP755596.1|A/cattle/Texas/24-008749-003/2024(H5N1)	2274	14846
PB2|PP755596.1|A/cattle/Texas/24-008749-003/2024(H5N1)	2275	14839
PB2|PP755596.1|A/cattle/Texas/24-008749-003/2024(H5N1)	2276	14817
PB2|PP755596.1|A/cattle/Texas/24-008749-003/2024(H5N1)	2277	14536
PB2|PP755596.1|A/cattle/Texas/24-008749-003/2024(H5N1)	2278	14233
PB2|PP755596.1|A/cattle/Texas/24-008749-003/2024(H5N1)	2279	13489
PB2|PP755596.1|A/cattle/Texas/24-008749-003/2024(H5N1)	2280	13059
