PB1|PP755595.1|A/cattle/Texas/24-008749-003/2024(H5N1)	1	153
PB1|PP755595.1|A/cattle/Texas/24-008749-003/2024(H5N1)	2	153
PB1|PP755595.1|A/cattle/Texas/24-008749-003/2024(H5N1)	3	154
PB1|PP755595.1|A/cattle/Texas/24-008749-003/2024(H5N1)	4	154
PB1|PP755595.1|A/cattle/Texas/24-008749-003/2024(H5N1)	5	156
PB1|PP755595.1|A/cattle/Texas/24-008749-003/2024(H5N1)	6	159
PB1|PP755595.1|A/cattle/Texas/24-008749-003/2024(H5N1)	7	160
PB1|PP755595.1|A/cattle/Texas/24-008749-003/2024(H5N1)	8	160
PB1|PP755595.1|A/cattle/Texas/24-008749-003/2024(H5N1)	9	161
PB1|PP755595.1|A/cattle/Texas/24-008749-003/2024(H5N1)	10	163
PB1|PP755595.1|A/cattle/Texas/24-008749-003/2024(H5N1)	11	164
PB1|PP755595.1|A/cattle/Texas/24-008749-003/2024(H5N1)	12	164
PB1|PP755595.1|A/cattle/Texas/24-008749-003/2024(H5N1)	13	166
PB1|PP755595.1|A/cattle/Texas/24-008749-003/2024(H5N1)	14	166
PB1|PP755595.1|A/cattle/Texas/24-008749-003/2024(H5N1)	15	178
PB1|PP755595.1|A/cattle/Texas/24-008749-003/2024(H5N1)	16	207
PB1|PP755595.1|A/cattle/Texas/24-008749-003/2024(H5N1)	17	207
PB1|PP755595.1|A/cattle/Texas/24-008749-003/2024(H5N1)	18	207
PB1|PP755595.1|A/cattle/Texas/24-008749-003/2024(H5N1)	19	207
PB1|PP755595.1|A/cattle/Texas/24-008749-003/2024(H5N1)	20	207
PB1|PP755595.1|A/cattle/Texas/24-008749-003/2024(H5N1)	21	207
PB1|PP755595.1|A/cattle/Texas/24-008749-003/2024(H5N1)	22	207
PB1|PP755595.1|A/cattle/Texas/24-008749-003/2024(H5N1)	23	207
PB1|PP755595.1|A/cattle/Texas/24-008749-003/2024(H5N1)	24	210
PB1|PP755595.1|A/cattle/Texas/24-008749-003/2024(H5N1)	25	202
PB1|PP755595.1|A/cattle/Texas/24-008749-003/2024(H5N1)	26	205
PB1|PP755595.1|A/cattle/Texas/24-008749-003/2024(H5N1)	27	205
PB1|PP755595.1|A/cattle/Texas/24-008749-003/2024(H5N1)	28	205
PB1|PP755595.1|A/cattle/Texas/24-008749-003/2024(H5N1)	29	205
PB1|PP755595.1|A/cattle/Texas/24-008749-003/2024(H5N1)	30	206
PB1|PP755595.1|A/cattle/Texas/24-008749-003/2024(H5N1)	31	206
PB1|PP755595.1|A/cattle/Texas/24-008749-003/2024(H5N1)	32	206
PB1|PP755595.1|A/cattle/Texas/24-008749-003/2024(H5N1)	33	202
PB1|PP755595.1|A/cattle/Texas/24-008749-003/2024(H5N1)	34	203
PB1|PP755595.1|A/cattle/Texas/24-008749-003/2024(H5N1)	35	204
PB1|PP755595.1|A/cattle/Texas/24-008749-003/2024(H5N1)	36	204
PB1|PP755595.1|A/cattle/Texas/24-008749-003/2024(H5N1)	37	204
PB1|PP755595.1|A/cattle/Texas/24-008749-003/2024(H5N1)	38	206
PB1|PP755595.1|A/cattle/Texas/24-008749-003/2024(H5N1)	39	206
PB1|PP755595.1|A/cattle/Texas/24-008749-003/2024(H5N1)	40	207
PB1|PP755595.1|A/cattle/Texas/24-008749-003/2024(H5N1)	41	207
PB1|PP755595.1|A/cattle/Texas/24-008749-003/2024(H5N1)	42	209
PB1|PP755595.1|A/cattle/Texas/24-008749-003/2024(H5N1)	43	213
PB1|PP755595.1|A/cattle/Texas/24-008749-003/2024(H5N1)	44	216
PB1|PP755595.1|A/cattle/Texas/24-008749-003/2024(H5N1)	45	216
PB1|PP755595.1|A/cattle/Texas/24-008749-003/2024(H5N1)	46	217
PB1|PP755595.1|A/cattle/Texas/24-008749-003/2024(H5N1)	47	217
PB1|PP755595.1|A/cattle/Texas/24-008749-003/2024(H5N1)	48	221
PB1|PP755595.1|A/cattle/Texas/24-008749-003/2024(H5N1)	49	223
PB1|PP755595.1|A/cattle/Texas/24-008749-003/2024(H5N1)	50	223
PB1|PP755595.1|A/cattle/Texas/24-008749-003/2024(H5N1)	51	226
PB1|PP755595.1|A/cattle/Texas/24-008749-003/2024(H5N1)	52	226
PB1|PP755595.1|A/cattle/Texas/24-008749-003/2024(H5N1)	53	228
PB1|PP755595.1|A/cattle/Texas/24-008749-003/2024(H5N1)	54	232
PB1|PP755595.1|A/cattle/Texas/24-008749-003/2024(H5N1)	55	232
PB1|PP755595.1|A/cattle/Texas/24-008749-003/2024(H5N1)	56	235
PB1|PP755595.1|A/cattle/Texas/24-008749-003/2024(H5N1)	57	238
PB1|PP755595.1|A/cattle/Texas/24-008749-003/2024(H5N1)	58	239
PB1|PP755595.1|A/cattle/Texas/24-008749-003/2024(H5N1)	59	259
PB1|PP755595.1|A/cattle/Texas/24-008749-003/2024(H5N1)	60	260
PB1|PP755595.1|A/cattle/Texas/24-008749-003/2024(H5N1)	61	264
PB1|PP755595.1|A/cattle/Texas/24-008749-003/2024(H5N1)	62	264
PB1|PP755595.1|A/cattle/Texas/24-008749-003/2024(H5N1)	63	262
PB1|PP755595.1|A/cattle/Texas/24-008749-003/2024(H5N1)	64	264
PB1|PP755595.1|A/cattle/Texas/24-008749-003/2024(H5N1)	65	268
PB1|PP755595.1|A/cattle/Texas/24-008749-003/2024(H5N1)	66	277
PB1|PP755595.1|A/cattle/Texas/24-008749-003/2024(H5N1)	67	280
PB1|PP755595.1|A/cattle/Texas/24-008749-003/2024(H5N1)	68	276
PB1|PP755595.1|A/cattle/Texas/24-008749-003/2024(H5N1)	69	278
PB1|PP755595.1|A/cattle/Texas/24-008749-003/2024(H5N1)	70	276
PB1|PP755595.1|A/cattle/Texas/24-008749-003/2024(H5N1)	71	285
PB1|PP755595.1|A/cattle/Texas/24-008749-003/2024(H5N1)	72	286
PB1|PP755595.1|A/cattle/Texas/24-008749-003/2024(H5N1)	73	291
PB1|PP755595.1|A/cattle/Texas/24-008749-003/2024(H5N1)	74	295
PB1|PP755595.1|A/cattle/Texas/24-008749-003/2024(H5N1)	75	283
PB1|PP755595.1|A/cattle/Texas/24-008749-003/2024(H5N1)	76	284
PB1|PP755595.1|A/cattle/Texas/24-008749-003/2024(H5N1)	77	284
PB1|PP755595.1|A/cattle/Texas/24-008749-003/2024(H5N1)	78	279
PB1|PP755595.1|A/cattle/Texas/24-008749-003/2024(H5N1)	79	280
PB1|PP755595.1|A/cattle/Texas/24-008749-003/2024(H5N1)	80	276
PB1|PP755595.1|A/cattle/Texas/24-008749-003/2024(H5N1)	81	279
PB1|PP755595.1|A/cattle/Texas/24-008749-003/2024(H5N1)	82	290
PB1|PP755595.1|A/cattle/Texas/24-008749-003/2024(H5N1)	83	290
PB1|PP755595.1|A/cattle/Texas/24-008749-003/2024(H5N1)	84	290
PB1|PP755595.1|A/cattle/Texas/24-008749-003/2024(H5N1)	85	301
PB1|PP755595.1|A/cattle/Texas/24-008749-003/2024(H5N1)	86	304
PB1|PP755595.1|A/cattle/Texas/24-008749-003/2024(H5N1)	87	306
PB1|PP755595.1|A/cattle/Texas/24-008749-003/2024(H5N1)	88	307
PB1|PP755595.1|A/cattle/Texas/24-008749-003/2024(H5N1)	89	307
PB1|PP755595.1|A/cattle/Texas/24-008749-003/2024(H5N1)	90	309
PB1|PP755595.1|A/cattle/Texas/24-008749-003/2024(H5N1)	91	300
PB1|PP755595.1|A/cattle/Texas/24-008749-003/2024(H5N1)	92	312
PB1|PP755595.1|A/cattle/Texas/24-008749-003/2024(H5N1)	93	316
PB1|PP755595.1|A/cattle/Texas/24-008749-003/2024(H5N1)	94	315
PB1|PP755595.1|A/cattle/Texas/24-008749-003/2024(H5N1)	95	315
PB1|PP755595.1|A/cattle/Texas/24-008749-003/2024(H5N1)	96	315
PB1|PP755595.1|A/cattle/Texas/24-008749-003/2024(H5N1)	97	318
PB1|PP755595.1|A/cattle/Texas/24-008749-003/2024(H5N1)	98	327
PB1|PP755595.1|A/cattle/Texas/24-008749-003/2024(H5N1)	99	325
PB1|PP755595.1|A/cattle/Texas/24-008749-003/2024(H5N1)	100	333
PB1|PP755595.1|A/cattle/Texas/24-008749-003/2024(H5N1)	101	331
PB1|PP755595.1|A/cattle/Texas/24-008749-003/2024(H5N1)	102	326
PB1|PP755595.1|A/cattle/Texas/24-008749-003/2024(H5N1)	103	337
PB1|PP755595.1|A/cattle/Texas/24-008749-003/2024(H5N1)	104	341
PB1|PP755595.1|A/cattle/Texas/24-008749-003/2024(H5N1)	105	341
PB1|PP755595.1|A/cattle/Texas/24-008749-003/2024(H5N1)	106	343
PB1|PP755595.1|A/cattle/Texas/24-008749-003/2024(H5N1)	107	346
PB1|PP755595.1|A/cattle/Texas/24-008749-003/2024(H5N1)	108	342
PB1|PP755595.1|A/cattle/Texas/24-008749-003/2024(H5N1)	109	378
PB1|PP755595.1|A/cattle/Texas/24-008749-003/2024(H5N1)	110	378
PB1|PP755595.1|A/cattle/Texas/24-008749-003/2024(H5N1)	111	376
PB1|PP755595.1|A/cattle/Texas/24-008749-003/2024(H5N1)	112	372
PB1|PP755595.1|A/cattle/Texas/24-008749-003/2024(H5N1)	113	374
PB1|PP755595.1|A/cattle/Texas/24-008749-003/2024(H5N1)	114	377
PB1|PP755595.1|A/cattle/Texas/24-008749-003/2024(H5N1)	115	384
PB1|PP755595.1|A/cattle/Texas/24-008749-003/2024(H5N1)	116	386
PB1|PP755595.1|A/cattle/Texas/24-008749-003/2024(H5N1)	117	386
PB1|PP755595.1|A/cattle/Texas/24-008749-003/2024(H5N1)	118	359
PB1|PP755595.1|A/cattle/Texas/24-008749-003/2024(H5N1)	119	360
PB1|PP755595.1|A/cattle/Texas/24-008749-003/2024(H5N1)	120	359
PB1|PP755595.1|A/cattle/Texas/24-008749-003/2024(H5N1)	121	360
PB1|PP755595.1|A/cattle/Texas/24-008749-003/2024(H5N1)	122	362
PB1|PP755595.1|A/cattle/Texas/24-008749-003/2024(H5N1)	123	363
PB1|PP755595.1|A/cattle/Texas/24-008749-003/2024(H5N1)	124	347
PB1|PP755595.1|A/cattle/Texas/24-008749-003/2024(H5N1)	125	362
PB1|PP755595.1|A/cattle/Texas/24-008749-003/2024(H5N1)	126	360
PB1|PP755595.1|A/cattle/Texas/24-008749-003/2024(H5N1)	127	335
PB1|PP755595.1|A/cattle/Texas/24-008749-003/2024(H5N1)	128	332
PB1|PP755595.1|A/cattle/Texas/24-008749-003/2024(H5N1)	129	334
PB1|PP755595.1|A/cattle/Texas/24-008749-003/2024(H5N1)	130	333
PB1|PP755595.1|A/cattle/Texas/24-008749-003/2024(H5N1)	131	334
PB1|PP755595.1|A/cattle/Texas/24-008749-003/2024(H5N1)	132	334
PB1|PP755595.1|A/cattle/Texas/24-008749-003/2024(H5N1)	133	333
PB1|PP755595.1|A/cattle/Texas/24-008749-003/2024(H5N1)	134	339
PB1|PP755595.1|A/cattle/Texas/24-008749-003/2024(H5N1)	135	336
PB1|PP755595.1|A/cattle/Texas/24-008749-003/2024(H5N1)	136	335
PB1|PP755595.1|A/cattle/Texas/24-008749-003/2024(H5N1)	137	335
PB1|PP755595.1|A/cattle/Texas/24-008749-003/2024(H5N1)	138	330
PB1|PP755595.1|A/cattle/Texas/24-008749-003/2024(H5N1)	139	337
PB1|PP755595.1|A/cattle/Texas/24-008749-003/2024(H5N1)	140	337
PB1|PP755595.1|A/cattle/Texas/24-008749-003/2024(H5N1)	141	338
PB1|PP755595.1|A/cattle/Texas/24-008749-003/2024(H5N1)	142	338
PB1|PP755595.1|A/cattle/Texas/24-008749-003/2024(H5N1)	143	334
PB1|PP755595.1|A/cattle/Texas/24-008749-003/2024(H5N1)	144	332
PB1|PP755595.1|A/cattle/Texas/24-008749-003/2024(H5N1)	145	330
PB1|PP755595.1|A/cattle/Texas/24-008749-003/2024(H5N1)	146	328
PB1|PP755595.1|A/cattle/Texas/24-008749-003/2024(H5N1)	147	327
PB1|PP755595.1|A/cattle/Texas/24-008749-003/2024(H5N1)	148	322
PB1|PP755595.1|A/cattle/Texas/24-008749-003/2024(H5N1)	149	323
PB1|PP755595.1|A/cattle/Texas/24-008749-003/2024(H5N1)	150	316
PB1|PP755595.1|A/cattle/Texas/24-008749-003/2024(H5N1)	151	317
PB1|PP755595.1|A/cattle/Texas/24-008749-003/2024(H5N1)	152	315
PB1|PP755595.1|A/cattle/Texas/24-008749-003/2024(H5N1)	153	317
PB1|PP755595.1|A/cattle/Texas/24-008749-003/2024(H5N1)	154	317
PB1|PP755595.1|A/cattle/Texas/24-008749-003/2024(H5N1)	155	315
PB1|PP755595.1|A/cattle/Texas/24-008749-003/2024(H5N1)	156	316
PB1|PP755595.1|A/cattle/Texas/24-008749-003/2024(H5N1)	157	317
PB1|PP755595.1|A/cattle/Texas/24-008749-003/2024(H5N1)	158	316
PB1|PP755595.1|A/cattle/Texas/24-008749-003/2024(H5N1)	159	285
PB1|PP755595.1|A/cattle/Texas/24-008749-003/2024(H5N1)	160	284
PB1|PP755595.1|A/cattle/Texas/24-008749-003/2024(H5N1)	161	284
PB1|PP755595.1|A/cattle/Texas/24-008749-003/2024(H5N1)	162	282
PB1|PP755595.1|A/cattle/Texas/24-008749-003/2024(H5N1)	163	280
PB1|PP755595.1|A/cattle/Texas/24-008749-003/2024(H5N1)	164	283
PB1|PP755595.1|A/cattle/Texas/24-008749-003/2024(H5N1)	165	284
PB1|PP755595.1|A/cattle/Texas/24-008749-003/2024(H5N1)	166	285
PB1|PP755595.1|A/cattle/Texas/24-008749-003/2024(H5N1)	167	270
PB1|PP755595.1|A/cattle/Texas/24-008749-003/2024(H5N1)	168	270
PB1|PP755595.1|A/cattle/Texas/24-008749-003/2024(H5N1)	169	270
PB1|PP755595.1|A/cattle/Texas/24-008749-003/2024(H5N1)	170	270
PB1|PP755595.1|A/cattle/Texas/24-008749-003/2024(H5N1)	171	271
PB1|PP755595.1|A/cattle/Texas/24-008749-003/2024(H5N1)	172	272
PB1|PP755595.1|A/cattle/Texas/24-008749-003/2024(H5N1)	173	273
PB1|PP755595.1|A/cattle/Texas/24-008749-003/2024(H5N1)	174	280
PB1|PP755595.1|A/cattle/Texas/24-008749-003/2024(H5N1)	175	279
PB1|PP755595.1|A/cattle/Texas/24-008749-003/2024(H5N1)	176	279
PB1|PP755595.1|A/cattle/Texas/24-008749-003/2024(H5N1)	177	277
PB1|PP755595.1|A/cattle/Texas/24-008749-003/2024(H5N1)	178	280
PB1|PP755595.1|A/cattle/Texas/24-008749-003/2024(H5N1)	179	280
PB1|PP755595.1|A/cattle/Texas/24-008749-003/2024(H5N1)	180	281
PB1|PP755595.1|A/cattle/Texas/24-008749-003/2024(H5N1)	181	281
PB1|PP755595.1|A/cattle/Texas/24-008749-003/2024(H5N1)	182	281
PB1|PP755595.1|A/cattle/Texas/24-008749-003/2024(H5N1)	183	280
PB1|PP755595.1|A/cattle/Texas/24-008749-003/2024(H5N1)	184	281
PB1|PP755595.1|A/cattle/Texas/24-008749-003/2024(H5N1)	185	283
PB1|PP755595.1|A/cattle/Texas/24-008749-003/2024(H5N1)	186	282
PB1|PP755595.1|A/cattle/Texas/24-008749-003/2024(H5N1)	187	285
PB1|PP755595.1|A/cattle/Texas/24-008749-003/2024(H5N1)	188	288
PB1|PP755595.1|A/cattle/Texas/24-008749-003/2024(H5N1)	189	286
PB1|PP755595.1|A/cattle/Texas/24-008749-003/2024(H5N1)	190	261
PB1|PP755595.1|A/cattle/Texas/24-008749-003/2024(H5N1)	191	259
PB1|PP755595.1|A/cattle/Texas/24-008749-003/2024(H5N1)	192	259
PB1|PP755595.1|A/cattle/Texas/24-008749-003/2024(H5N1)	193	260
PB1|PP755595.1|A/cattle/Texas/24-008749-003/2024(H5N1)	194	256
PB1|PP755595.1|A/cattle/Texas/24-008749-003/2024(H5N1)	195	263
PB1|PP755595.1|A/cattle/Texas/24-008749-003/2024(H5N1)	196	265
PB1|PP755595.1|A/cattle/Texas/24-008749-003/2024(H5N1)	197	262
PB1|PP755595.1|A/cattle/Texas/24-008749-003/2024(H5N1)	198	262
PB1|PP755595.1|A/cattle/Texas/24-008749-003/2024(H5N1)	199	251
PB1|PP755595.1|A/cattle/Texas/24-008749-003/2024(H5N1)	200	251
PB1|PP755595.1|A/cattle/Texas/24-008749-003/2024(H5N1)	201	251
PB1|PP755595.1|A/cattle/Texas/24-008749-003/2024(H5N1)	202	250
PB1|PP755595.1|A/cattle/Texas/24-008749-003/2024(H5N1)	203	250
PB1|PP755595.1|A/cattle/Texas/24-008749-003/2024(H5N1)	204	247
PB1|PP755595.1|A/cattle/Texas/24-008749-003/2024(H5N1)	205	249
PB1|PP755595.1|A/cattle/Texas/24-008749-003/2024(H5N1)	206	248
PB1|PP755595.1|A/cattle/Texas/24-008749-003/2024(H5N1)	207	249
PB1|PP755595.1|A/cattle/Texas/24-008749-003/2024(H5N1)	208	249
PB1|PP755595.1|A/cattle/Texas/24-008749-003/2024(H5N1)	209	244
PB1|PP755595.1|A/cattle/Texas/24-008749-003/2024(H5N1)	210	237
PB1|PP755595.1|A/cattle/Texas/24-008749-003/2024(H5N1)	211	243
PB1|PP755595.1|A/cattle/Texas/24-008749-003/2024(H5N1)	212	246
PB1|PP755595.1|A/cattle/Texas/24-008749-003/2024(H5N1)	213	252
PB1|PP755595.1|A/cattle/Texas/24-008749-003/2024(H5N1)	214	254
PB1|PP755595.1|A/cattle/Texas/24-008749-003/2024(H5N1)	215	255
PB1|PP755595.1|A/cattle/Texas/24-008749-003/2024(H5N1)	216	249
PB1|PP755595.1|A/cattle/Texas/24-008749-003/2024(H5N1)	217	247
PB1|PP755595.1|A/cattle/Texas/24-008749-003/2024(H5N1)	218	249
PB1|PP755595.1|A/cattle/Texas/24-008749-003/2024(H5N1)	219	251
PB1|PP755595.1|A/cattle/Texas/24-008749-003/2024(H5N1)	220	259
PB1|PP755595.1|A/cattle/Texas/24-008749-003/2024(H5N1)	221	259
PB1|PP755595.1|A/cattle/Texas/24-008749-003/2024(H5N1)	222	253
PB1|PP755595.1|A/cattle/Texas/24-008749-003/2024(H5N1)	223	254
PB1|PP755595.1|A/cattle/Texas/24-008749-003/2024(H5N1)	224	253
PB1|PP755595.1|A/cattle/Texas/24-008749-003/2024(H5N1)	225	257
PB1|PP755595.1|A/cattle/Texas/24-008749-003/2024(H5N1)	226	257
PB1|PP755595.1|A/cattle/Texas/24-008749-003/2024(H5N1)	227	257
PB1|PP755595.1|A/cattle/Texas/24-008749-003/2024(H5N1)	228	264
PB1|PP755595.1|A/cattle/Texas/24-008749-003/2024(H5N1)	229	260
PB1|PP755595.1|A/cattle/Texas/24-008749-003/2024(H5N1)	230	259
PB1|PP755595.1|A/cattle/Texas/24-008749-003/2024(H5N1)	231	259
PB1|PP755595.1|A/cattle/Texas/24-008749-003/2024(H5N1)	232	258
PB1|PP755595.1|A/cattle/Texas/24-008749-003/2024(H5N1)	233	249
PB1|PP755595.1|A/cattle/Texas/24-008749-003/2024(H5N1)	234	250
PB1|PP755595.1|A/cattle/Texas/24-008749-003/2024(H5N1)	235	250
PB1|PP755595.1|A/cattle/Texas/24-008749-003/2024(H5N1)	236	245
PB1|PP755595.1|A/cattle/Texas/24-008749-003/2024(H5N1)	237	243
PB1|PP755595.1|A/cattle/Texas/24-008749-003/2024(H5N1)	238	243
PB1|PP755595.1|A/cattle/Texas/24-008749-003/2024(H5N1)	239	246
PB1|PP755595.1|A/cattle/Texas/24-008749-003/2024(H5N1)	240	246
PB1|PP755595.1|A/cattle/Texas/24-008749-003/2024(H5N1)	241	244
PB1|PP755595.1|A/cattle/Texas/24-008749-003/2024(H5N1)	242	246
PB1|PP755595.1|A/cattle/Texas/24-008749-003/2024(H5N1)	243	240
PB1|PP755595.1|A/cattle/Texas/24-008749-003/2024(H5N1)	244	237
PB1|PP755595.1|A/cattle/Texas/24-008749-003/2024(H5N1)	245	240
PB1|PP755595.1|A/cattle/Texas/24-008749-003/2024(H5N1)	246	237
PB1|PP755595.1|A/cattle/Texas/24-008749-003/2024(H5N1)	247	239
PB1|PP755595.1|A/cattle/Texas/24-008749-003/2024(H5N1)	248	238
PB1|PP755595.1|A/cattle/Texas/24-008749-003/2024(H5N1)	249	235
PB1|PP755595.1|A/cattle/Texas/24-008749-003/2024(H5N1)	250	237
PB1|PP755595.1|A/cattle/Texas/24-008749-003/2024(H5N1)	251	228
PB1|PP755595.1|A/cattle/Texas/24-008749-003/2024(H5N1)	252	229
PB1|PP755595.1|A/cattle/Texas/24-008749-003/2024(H5N1)	253	229
PB1|PP755595.1|A/cattle/Texas/24-008749-003/2024(H5N1)	254	225
PB1|PP755595.1|A/cattle/Texas/24-008749-003/2024(H5N1)	255	224
PB1|PP755595.1|A/cattle/Texas/24-008749-003/2024(H5N1)	256	226
PB1|PP755595.1|A/cattle/Texas/24-008749-003/2024(H5N1)	257	226
PB1|PP755595.1|A/cattle/Texas/24-008749-003/2024(H5N1)	258	224
PB1|PP755595.1|A/cattle/Texas/24-008749-003/2024(H5N1)	259	219
PB1|PP755595.1|A/cattle/Texas/24-008749-003/2024(H5N1)	260	195
PB1|PP755595.1|A/cattle/Texas/24-008749-003/2024(H5N1)	261	193
PB1|PP755595.1|A/cattle/Texas/24-008749-003/2024(H5N1)	262	190
PB1|PP755595.1|A/cattle/Texas/24-008749-003/2024(H5N1)	263	190
PB1|PP755595.1|A/cattle/Texas/24-008749-003/2024(H5N1)	264	191
PB1|PP755595.1|A/cattle/Texas/24-008749-003/2024(H5N1)	265	187
PB1|PP755595.1|A/cattle/Texas/24-008749-003/2024(H5N1)	266	184
PB1|PP755595.1|A/cattle/Texas/24-008749-003/2024(H5N1)	267	184
PB1|PP755595.1|A/cattle/Texas/24-008749-003/2024(H5N1)	268	184
PB1|PP755595.1|A/cattle/Texas/24-008749-003/2024(H5N1)	269	184
PB1|PP755595.1|A/cattle/Texas/24-008749-003/2024(H5N1)	270	186
PB1|PP755595.1|A/cattle/Texas/24-008749-003/2024(H5N1)	271	187
PB1|PP755595.1|A/cattle/Texas/24-008749-003/2024(H5N1)	272	189
PB1|PP755595.1|A/cattle/Texas/24-008749-003/2024(H5N1)	273	186
PB1|PP755595.1|A/cattle/Texas/24-008749-003/2024(H5N1)	274	186
PB1|PP755595.1|A/cattle/Texas/24-008749-003/2024(H5N1)	275	186
PB1|PP755595.1|A/cattle/Texas/24-008749-003/2024(H5N1)	276	179
PB1|PP755595.1|A/cattle/Texas/24-008749-003/2024(H5N1)	277	180
PB1|PP755595.1|A/cattle/Texas/24-008749-003/2024(H5N1)	278	178
PB1|PP755595.1|A/cattle/Texas/24-008749-003/2024(H5N1)	279	174
PB1|PP755595.1|A/cattle/Texas/24-008749-003/2024(H5N1)	280	169
PB1|PP755595.1|A/cattle/Texas/24-008749-003/2024(H5N1)	281	175
PB1|PP755595.1|A/cattle/Texas/24-008749-003/2024(H5N1)	282	179
PB1|PP755595.1|A/cattle/Texas/24-008749-003/2024(H5N1)	283	179
PB1|PP755595.1|A/cattle/Texas/24-008749-003/2024(H5N1)	284	179
PB1|PP755595.1|A/cattle/Texas/24-008749-003/2024(H5N1)	285	178
PB1|PP755595.1|A/cattle/Texas/24-008749-003/2024(H5N1)	286	184
PB1|PP755595.1|A/cattle/Texas/24-008749-003/2024(H5N1)	287	203
PB1|PP755595.1|A/cattle/Texas/24-008749-003/2024(H5N1)	288	203
PB1|PP755595.1|A/cattle/Texas/24-008749-003/2024(H5N1)	289	204
PB1|PP755595.1|A/cattle/Texas/24-008749-003/2024(H5N1)	290	199
PB1|PP755595.1|A/cattle/Texas/24-008749-003/2024(H5N1)	291	204
PB1|PP755595.1|A/cattle/Texas/24-008749-003/2024(H5N1)	292	216
PB1|PP755595.1|A/cattle/Texas/24-008749-003/2024(H5N1)	293	216
PB1|PP755595.1|A/cattle/Texas/24-008749-003/2024(H5N1)	294	218
PB1|PP755595.1|A/cattle/Texas/24-008749-003/2024(H5N1)	295	228
PB1|PP755595.1|A/cattle/Texas/24-008749-003/2024(H5N1)	296	230
PB1|PP755595.1|A/cattle/Texas/24-008749-003/2024(H5N1)	297	232
PB1|PP755595.1|A/cattle/Texas/24-008749-003/2024(H5N1)	298	231
PB1|PP755595.1|A/cattle/Texas/24-008749-003/2024(H5N1)	299	231
PB1|PP755595.1|A/cattle/Texas/24-008749-003/2024(H5N1)	300	230
PB1|PP755595.1|A/cattle/Texas/24-008749-003/2024(H5N1)	301	230
PB1|PP755595.1|A/cattle/Texas/24-008749-003/2024(H5N1)	302	231
PB1|PP755595.1|A/cattle/Texas/24-008749-003/2024(H5N1)	303	231
PB1|PP755595.1|A/cattle/Texas/24-008749-003/2024(H5N1)	304	232
PB1|PP755595.1|A/cattle/Texas/24-008749-003/2024(H5N1)	305	230
PB1|PP755595.1|A/cattle/Texas/24-008749-003/2024(H5N1)	306	233
PB1|PP755595.1|A/cattle/Texas/24-008749-003/2024(H5N1)	307	233
PB1|PP755595.1|A/cattle/Texas/24-008749-003/2024(H5N1)	308	232
PB1|PP755595.1|A/cattle/Texas/24-008749-003/2024(H5N1)	309	230
PB1|PP755595.1|A/cattle/Texas/24-008749-003/2024(H5N1)	310	229
PB1|PP755595.1|A/cattle/Texas/24-008749-003/2024(H5N1)	311	230
PB1|PP755595.1|A/cattle/Texas/24-008749-003/2024(H5N1)	312	230
PB1|PP755595.1|A/cattle/Texas/24-008749-003/2024(H5N1)	313	230
PB1|PP755595.1|A/cattle/Texas/24-008749-003/2024(H5N1)	314	231
PB1|PP755595.1|A/cattle/Texas/24-008749-003/2024(H5N1)	315	229
PB1|PP755595.1|A/cattle/Texas/24-008749-003/2024(H5N1)	316	229
PB1|PP755595.1|A/cattle/Texas/24-008749-003/2024(H5N1)	317	229
PB1|PP755595.1|A/cattle/Texas/24-008749-003/2024(H5N1)	318	229
PB1|PP755595.1|A/cattle/Texas/24-008749-003/2024(H5N1)	319	247
PB1|PP755595.1|A/cattle/Texas/24-008749-003/2024(H5N1)	320	249
PB1|PP755595.1|A/cattle/Texas/24-008749-003/2024(H5N1)	321	251
PB1|PP755595.1|A/cattle/Texas/24-008749-003/2024(H5N1)	322	251
PB1|PP755595.1|A/cattle/Texas/24-008749-003/2024(H5N1)	323	250
PB1|PP755595.1|A/cattle/Texas/24-008749-003/2024(H5N1)	324	249
PB1|PP755595.1|A/cattle/Texas/24-008749-003/2024(H5N1)	325	247
PB1|PP755595.1|A/cattle/Texas/24-008749-003/2024(H5N1)	326	247
PB1|PP755595.1|A/cattle/Texas/24-008749-003/2024(H5N1)	327	247
PB1|PP755595.1|A/cattle/Texas/24-008749-003/2024(H5N1)	328	247
PB1|PP755595.1|A/cattle/Texas/24-008749-003/2024(H5N1)	329	246
PB1|PP755595.1|A/cattle/Texas/24-008749-003/2024(H5N1)	330	246
PB1|PP755595.1|A/cattle/Texas/24-008749-003/2024(H5N1)	331	245
PB1|PP755595.1|A/cattle/Texas/24-008749-003/2024(H5N1)	332	243
PB1|PP755595.1|A/cattle/Texas/24-008749-003/2024(H5N1)	333	243
PB1|PP755595.1|A/cattle/Texas/24-008749-003/2024(H5N1)	334	243
PB1|PP755595.1|A/cattle/Texas/24-008749-003/2024(H5N1)	335	243
PB1|PP755595.1|A/cattle/Texas/24-008749-003/2024(H5N1)	336	242
PB1|PP755595.1|A/cattle/Texas/24-008749-003/2024(H5N1)	337	242
PB1|PP755595.1|A/cattle/Texas/24-008749-003/2024(H5N1)	338	240
PB1|PP755595.1|A/cattle/Texas/24-008749-003/2024(H5N1)	339	232
PB1|PP755595.1|A/cattle/Texas/24-008749-003/2024(H5N1)	340	233
PB1|PP755595.1|A/cattle/Texas/24-008749-003/2024(H5N1)	341	222
PB1|PP755595.1|A/cattle/Texas/24-008749-003/2024(H5N1)	342	222
PB1|PP755595.1|A/cattle/Texas/24-008749-003/2024(H5N1)	343	227
PB1|PP755595.1|A/cattle/Texas/24-008749-003/2024(H5N1)	344	225
PB1|PP755595.1|A/cattle/Texas/24-008749-003/2024(H5N1)	345	226
PB1|PP755595.1|A/cattle/Texas/24-008749-003/2024(H5N1)	346	223
PB1|PP755595.1|A/cattle/Texas/24-008749-003/2024(H5N1)	347	220
PB1|PP755595.1|A/cattle/Texas/24-008749-003/2024(H5N1)	348	220
PB1|PP755595.1|A/cattle/Texas/24-008749-003/2024(H5N1)	349	221
PB1|PP755595.1|A/cattle/Texas/24-008749-003/2024(H5N1)	350	221
PB1|PP755595.1|A/cattle/Texas/24-008749-003/2024(H5N1)	351	220
PB1|PP755595.1|A/cattle/Texas/24-008749-003/2024(H5N1)	352	220
PB1|PP755595.1|A/cattle/Texas/24-008749-003/2024(H5N1)	353	219
PB1|PP755595.1|A/cattle/Texas/24-008749-003/2024(H5N1)	354	218
PB1|PP755595.1|A/cattle/Texas/24-008749-003/2024(H5N1)	355	219
PB1|PP755595.1|A/cattle/Texas/24-008749-003/2024(H5N1)	356	218
PB1|PP755595.1|A/cattle/Texas/24-008749-003/2024(H5N1)	357	220
PB1|PP755595.1|A/cattle/Texas/24-008749-003/2024(H5N1)	358	219
PB1|PP755595.1|A/cattle/Texas/24-008749-003/2024(H5N1)	359	218
PB1|PP755595.1|A/cattle/Texas/24-008749-003/2024(H5N1)	360	218
PB1|PP755595.1|A/cattle/Texas/24-008749-003/2024(H5N1)	361	217
PB1|PP755595.1|A/cattle/Texas/24-008749-003/2024(H5N1)	362	215
PB1|PP755595.1|A/cattle/Texas/24-008749-003/2024(H5N1)	363	212
PB1|PP755595.1|A/cattle/Texas/24-008749-003/2024(H5N1)	364	205
PB1|PP755595.1|A/cattle/Texas/24-008749-003/2024(H5N1)	365	202
PB1|PP755595.1|A/cattle/Texas/24-008749-003/2024(H5N1)	366	205
PB1|PP755595.1|A/cattle/Texas/24-008749-003/2024(H5N1)	367	209
PB1|PP755595.1|A/cattle/Texas/24-008749-003/2024(H5N1)	368	211
PB1|PP755595.1|A/cattle/Texas/24-008749-003/2024(H5N1)	369	211
PB1|PP755595.1|A/cattle/Texas/24-008749-003/2024(H5N1)	370	209
PB1|PP755595.1|A/cattle/Texas/24-008749-003/2024(H5N1)	371	195
PB1|PP755595.1|A/cattle/Texas/24-008749-003/2024(H5N1)	372	195
PB1|PP755595.1|A/cattle/Texas/24-008749-003/2024(H5N1)	373	195
PB1|PP755595.1|A/cattle/Texas/24-008749-003/2024(H5N1)	374	197
PB1|PP755595.1|A/cattle/Texas/24-008749-003/2024(H5N1)	375	201
PB1|PP755595.1|A/cattle/Texas/24-008749-003/2024(H5N1)	376	194
PB1|PP755595.1|A/cattle/Texas/24-008749-003/2024(H5N1)	377	195
PB1|PP755595.1|A/cattle/Texas/24-008749-003/2024(H5N1)	378	195
PB1|PP755595.1|A/cattle/Texas/24-008749-003/2024(H5N1)	379	191
PB1|PP755595.1|A/cattle/Texas/24-008749-003/2024(H5N1)	380	191
PB1|PP755595.1|A/cattle/Texas/24-008749-003/2024(H5N1)	381	198
PB1|PP755595.1|A/cattle/Texas/24-008749-003/2024(H5N1)	382	201
PB1|PP755595.1|A/cattle/Texas/24-008749-003/2024(H5N1)	383	201
PB1|PP755595.1|A/cattle/Texas/24-008749-003/2024(H5N1)	384	200
PB1|PP755595.1|A/cattle/Texas/24-008749-003/2024(H5N1)	385	199
PB1|PP755595.1|A/cattle/Texas/24-008749-003/2024(H5N1)	386	199
PB1|PP755595.1|A/cattle/Texas/24-008749-003/2024(H5N1)	387	200
PB1|PP755595.1|A/cattle/Texas/24-008749-003/2024(H5N1)	388	199
PB1|PP755595.1|A/cattle/Texas/24-008749-003/2024(H5N1)	389	199
PB1|PP755595.1|A/cattle/Texas/24-008749-003/2024(H5N1)	390	196
PB1|PP755595.1|A/cattle/Texas/24-008749-003/2024(H5N1)	391	196
PB1|PP755595.1|A/cattle/Texas/24-008749-003/2024(H5N1)	392	194
PB1|PP755595.1|A/cattle/Texas/24-008749-003/2024(H5N1)	393	192
PB1|PP755595.1|A/cattle/Texas/24-008749-003/2024(H5N1)	394	194
PB1|PP755595.1|A/cattle/Texas/24-008749-003/2024(H5N1)	395	194
PB1|PP755595.1|A/cattle/Texas/24-008749-003/2024(H5N1)	396	192
PB1|PP755595.1|A/cattle/Texas/24-008749-003/2024(H5N1)	397	192
PB1|PP755595.1|A/cattle/Texas/24-008749-003/2024(H5N1)	398	190
PB1|PP755595.1|A/cattle/Texas/24-008749-003/2024(H5N1)	399	189
PB1|PP755595.1|A/cattle/Texas/24-008749-003/2024(H5N1)	400	189
PB1|PP755595.1|A/cattle/Texas/24-008749-003/2024(H5N1)	401	188
PB1|PP755595.1|A/cattle/Texas/24-008749-003/2024(H5N1)	402	188
PB1|PP755595.1|A/cattle/Texas/24-008749-003/2024(H5N1)	403	186
PB1|PP755595.1|A/cattle/Texas/24-008749-003/2024(H5N1)	404	187
PB1|PP755595.1|A/cattle/Texas/24-008749-003/2024(H5N1)	405	186
PB1|PP755595.1|A/cattle/Texas/24-008749-003/2024(H5N1)	406	185
PB1|PP755595.1|A/cattle/Texas/24-008749-003/2024(H5N1)	407	184
PB1|PP755595.1|A/cattle/Texas/24-008749-003/2024(H5N1)	408	183
PB1|PP755595.1|A/cattle/Texas/24-008749-003/2024(H5N1)	409	183
PB1|PP755595.1|A/cattle/Texas/24-008749-003/2024(H5N1)	410	184
PB1|PP755595.1|A/cattle/Texas/24-008749-003/2024(H5N1)	411	184
PB1|PP755595.1|A/cattle/Texas/24-008749-003/2024(H5N1)	412	184
PB1|PP755595.1|A/cattle/Texas/24-008749-003/2024(H5N1)	413	183
PB1|PP755595.1|A/cattle/Texas/24-008749-003/2024(H5N1)	414	183
PB1|PP755595.1|A/cattle/Texas/24-008749-003/2024(H5N1)	415	183
PB1|PP755595.1|A/cattle/Texas/24-008749-003/2024(H5N1)	416	184
PB1|PP755595.1|A/cattle/Texas/24-008749-003/2024(H5N1)	417	184
PB1|PP755595.1|A/cattle/Texas/24-008749-003/2024(H5N1)	418	187
PB1|PP755595.1|A/cattle/Texas/24-008749-003/2024(H5N1)	419	191
PB1|PP755595.1|A/cattle/Texas/24-008749-003/2024(H5N1)	420	191
PB1|PP755595.1|A/cattle/Texas/24-008749-003/2024(H5N1)	421	189
PB1|PP755595.1|A/cattle/Texas/24-008749-003/2024(H5N1)	422	187
PB1|PP755595.1|A/cattle/Texas/24-008749-003/2024(H5N1)	423	184
PB1|PP755595.1|A/cattle/Texas/24-008749-003/2024(H5N1)	424	192
PB1|PP755595.1|A/cattle/Texas/24-008749-003/2024(H5N1)	425	192
PB1|PP755595.1|A/cattle/Texas/24-008749-003/2024(H5N1)	426	192
PB1|PP755595.1|A/cattle/Texas/24-008749-003/2024(H5N1)	427	192
PB1|PP755595.1|A/cattle/Texas/24-008749-003/2024(H5N1)	428	191
PB1|PP755595.1|A/cattle/Texas/24-008749-003/2024(H5N1)	429	211
PB1|PP755595.1|A/cattle/Texas/24-008749-003/2024(H5N1)	430	212
PB1|PP755595.1|A/cattle/Texas/24-008749-003/2024(H5N1)	431	212
PB1|PP755595.1|A/cattle/Texas/24-008749-003/2024(H5N1)	432	208
PB1|PP755595.1|A/cattle/Texas/24-008749-003/2024(H5N1)	433	204
PB1|PP755595.1|A/cattle/Texas/24-008749-003/2024(H5N1)	434	215
PB1|PP755595.1|A/cattle/Texas/24-008749-003/2024(H5N1)	435	215
PB1|PP755595.1|A/cattle/Texas/24-008749-003/2024(H5N1)	436	216
PB1|PP755595.1|A/cattle/Texas/24-008749-003/2024(H5N1)	437	219
PB1|PP755595.1|A/cattle/Texas/24-008749-003/2024(H5N1)	438	195
PB1|PP755595.1|A/cattle/Texas/24-008749-003/2024(H5N1)	439	195
PB1|PP755595.1|A/cattle/Texas/24-008749-003/2024(H5N1)	440	196
PB1|PP755595.1|A/cattle/Texas/24-008749-003/2024(H5N1)	441	196
PB1|PP755595.1|A/cattle/Texas/24-008749-003/2024(H5N1)	442	196
PB1|PP755595.1|A/cattle/Texas/24-008749-003/2024(H5N1)	443	180
PB1|PP755595.1|A/cattle/Texas/24-008749-003/2024(H5N1)	444	180
PB1|PP755595.1|A/cattle/Texas/24-008749-003/2024(H5N1)	445	180
PB1|PP755595.1|A/cattle/Texas/24-008749-003/2024(H5N1)	446	165
PB1|PP755595.1|A/cattle/Texas/24-008749-003/2024(H5N1)	447	166
PB1|PP755595.1|A/cattle/Texas/24-008749-003/2024(H5N1)	448	165
PB1|PP755595.1|A/cattle/Texas/24-008749-003/2024(H5N1)	449	168
PB1|PP755595.1|A/cattle/Texas/24-008749-003/2024(H5N1)	450	168
PB1|PP755595.1|A/cattle/Texas/24-008749-003/2024(H5N1)	451	166
PB1|PP755595.1|A/cattle/Texas/24-008749-003/2024(H5N1)	452	166
PB1|PP755595.1|A/cattle/Texas/24-008749-003/2024(H5N1)	453	167
PB1|PP755595.1|A/cattle/Texas/24-008749-003/2024(H5N1)	454	170
PB1|PP755595.1|A/cattle/Texas/24-008749-003/2024(H5N1)	455	170
PB1|PP755595.1|A/cattle/Texas/24-008749-003/2024(H5N1)	456	169
PB1|PP755595.1|A/cattle/Texas/24-008749-003/2024(H5N1)	457	168
PB1|PP755595.1|A/cattle/Texas/24-008749-003/2024(H5N1)	458	167
PB1|PP755595.1|A/cattle/Texas/24-008749-003/2024(H5N1)	459	168
PB1|PP755595.1|A/cattle/Texas/24-008749-003/2024(H5N1)	460	174
PB1|PP755595.1|A/cattle/Texas/24-008749-003/2024(H5N1)	461	182
PB1|PP755595.1|A/cattle/Texas/24-008749-003/2024(H5N1)	462	182
PB1|PP755595.1|A/cattle/Texas/24-008749-003/2024(H5N1)	463	183
PB1|PP755595.1|A/cattle/Texas/24-008749-003/2024(H5N1)	464	185
PB1|PP755595.1|A/cattle/Texas/24-008749-003/2024(H5N1)	465	185
PB1|PP755595.1|A/cattle/Texas/24-008749-003/2024(H5N1)	466	185
PB1|PP755595.1|A/cattle/Texas/24-008749-003/2024(H5N1)	467	185
PB1|PP755595.1|A/cattle/Texas/24-008749-003/2024(H5N1)	468	184
PB1|PP755595.1|A/cattle/Texas/24-008749-003/2024(H5N1)	469	186
PB1|PP755595.1|A/cattle/Texas/24-008749-003/2024(H5N1)	470	162
PB1|PP755595.1|A/cattle/Texas/24-008749-003/2024(H5N1)	471	160
PB1|PP755595.1|A/cattle/Texas/24-008749-003/2024(H5N1)	472	154
PB1|PP755595.1|A/cattle/Texas/24-008749-003/2024(H5N1)	473	154
PB1|PP755595.1|A/cattle/Texas/24-008749-003/2024(H5N1)	474	154
PB1|PP755595.1|A/cattle/Texas/24-008749-003/2024(H5N1)	475	155
PB1|PP755595.1|A/cattle/Texas/24-008749-003/2024(H5N1)	476	152
PB1|PP755595.1|A/cattle/Texas/24-008749-003/2024(H5N1)	477	152
PB1|PP755595.1|A/cattle/Texas/24-008749-003/2024(H5N1)	478	152
PB1|PP755595.1|A/cattle/Texas/24-008749-003/2024(H5N1)	479	154
PB1|PP755595.1|A/cattle/Texas/24-008749-003/2024(H5N1)	480	154
PB1|PP755595.1|A/cattle/Texas/24-008749-003/2024(H5N1)	481	154
PB1|PP755595.1|A/cattle/Texas/24-008749-003/2024(H5N1)	482	154
PB1|PP755595.1|A/cattle/Texas/24-008749-003/2024(H5N1)	483	156
PB1|PP755595.1|A/cattle/Texas/24-008749-003/2024(H5N1)	484	154
PB1|PP755595.1|A/cattle/Texas/24-008749-003/2024(H5N1)	485	165
PB1|PP755595.1|A/cattle/Texas/24-008749-003/2024(H5N1)	486	165
PB1|PP755595.1|A/cattle/Texas/24-008749-003/2024(H5N1)	487	165
PB1|PP755595.1|A/cattle/Texas/24-008749-003/2024(H5N1)	488	165
PB1|PP755595.1|A/cattle/Texas/24-008749-003/2024(H5N1)	489	167
PB1|PP755595.1|A/cattle/Texas/24-008749-003/2024(H5N1)	490	167
PB1|PP755595.1|A/cattle/Texas/24-008749-003/2024(H5N1)	491	167
PB1|PP755595.1|A/cattle/Texas/24-008749-003/2024(H5N1)	492	167
PB1|PP755595.1|A/cattle/Texas/24-008749-003/2024(H5N1)	493	168
PB1|PP755595.1|A/cattle/Texas/24-008749-003/2024(H5N1)	494	158
PB1|PP755595.1|A/cattle/Texas/24-008749-003/2024(H5N1)	495	159
PB1|PP755595.1|A/cattle/Texas/24-008749-003/2024(H5N1)	496	158
PB1|PP755595.1|A/cattle/Texas/24-008749-003/2024(H5N1)	497	158
PB1|PP755595.1|A/cattle/Texas/24-008749-003/2024(H5N1)	498	163
PB1|PP755595.1|A/cattle/Texas/24-008749-003/2024(H5N1)	499	163
PB1|PP755595.1|A/cattle/Texas/24-008749-003/2024(H5N1)	500	162
PB1|PP755595.1|A/cattle/Texas/24-008749-003/2024(H5N1)	501	162
PB1|PP755595.1|A/cattle/Texas/24-008749-003/2024(H5N1)	502	162
PB1|PP755595.1|A/cattle/Texas/24-008749-003/2024(H5N1)	503	167
PB1|PP755595.1|A/cattle/Texas/24-008749-003/2024(H5N1)	504	168
PB1|PP755595.1|A/cattle/Texas/24-008749-003/2024(H5N1)	505	173
PB1|PP755595.1|A/cattle/Texas/24-008749-003/2024(H5N1)	506	174
PB1|PP755595.1|A/cattle/Texas/24-008749-003/2024(H5N1)	507	168
PB1|PP755595.1|A/cattle/Texas/24-008749-003/2024(H5N1)	508	169
PB1|PP755595.1|A/cattle/Texas/24-008749-003/2024(H5N1)	509	171
PB1|PP755595.1|A/cattle/Texas/24-008749-003/2024(H5N1)	510	172
PB1|PP755595.1|A/cattle/Texas/24-008749-003/2024(H5N1)	511	174
PB1|PP755595.1|A/cattle/Texas/24-008749-003/2024(H5N1)	512	177
PB1|PP755595.1|A/cattle/Texas/24-008749-003/2024(H5N1)	513	174
PB1|PP755595.1|A/cattle/Texas/24-008749-003/2024(H5N1)	514	173
PB1|PP755595.1|A/cattle/Texas/24-008749-003/2024(H5N1)	515	173
PB1|PP755595.1|A/cattle/Texas/24-008749-003/2024(H5N1)	516	175
PB1|PP755595.1|A/cattle/Texas/24-008749-003/2024(H5N1)	517	175
PB1|PP755595.1|A/cattle/Texas/24-008749-003/2024(H5N1)	518	177
PB1|PP755595.1|A/cattle/Texas/24-008749-003/2024(H5N1)	519	173
PB1|PP755595.1|A/cattle/Texas/24-008749-003/2024(H5N1)	520	182
PB1|PP755595.1|A/cattle/Texas/24-008749-003/2024(H5N1)	521	182
PB1|PP755595.1|A/cattle/Texas/24-008749-003/2024(H5N1)	522	184
PB1|PP755595.1|A/cattle/Texas/24-008749-003/2024(H5N1)	523	182
PB1|PP755595.1|A/cattle/Texas/24-008749-003/2024(H5N1)	524	182
PB1|PP755595.1|A/cattle/Texas/24-008749-003/2024(H5N1)	525	185
PB1|PP755595.1|A/cattle/Texas/24-008749-003/2024(H5N1)	526	182
PB1|PP755595.1|A/cattle/Texas/24-008749-003/2024(H5N1)	527	187
PB1|PP755595.1|A/cattle/Texas/24-008749-003/2024(H5N1)	528	186
PB1|PP755595.1|A/cattle/Texas/24-008749-003/2024(H5N1)	529	188
PB1|PP755595.1|A/cattle/Texas/24-008749-003/2024(H5N1)	530	187
PB1|PP755595.1|A/cattle/Texas/24-008749-003/2024(H5N1)	531	185
PB1|PP755595.1|A/cattle/Texas/24-008749-003/2024(H5N1)	532	182
PB1|PP755595.1|A/cattle/Texas/24-008749-003/2024(H5N1)	533	179
PB1|PP755595.1|A/cattle/Texas/24-008749-003/2024(H5N1)	534	179
PB1|PP755595.1|A/cattle/Texas/24-008749-003/2024(H5N1)	535	180
PB1|PP755595.1|A/cattle/Texas/24-008749-003/2024(H5N1)	536	180
PB1|PP755595.1|A/cattle/Texas/24-008749-003/2024(H5N1)	537	180
PB1|PP755595.1|A/cattle/Texas/24-008749-003/2024(H5N1)	538	180
PB1|PP755595.1|A/cattle/Texas/24-008749-003/2024(H5N1)	539	181
PB1|PP755595.1|A/cattle/Texas/24-008749-003/2024(H5N1)	540	179
PB1|PP755595.1|A/cattle/Texas/24-008749-003/2024(H5N1)	541	179
PB1|PP755595.1|A/cattle/Texas/24-008749-003/2024(H5N1)	542	181
PB1|PP755595.1|A/cattle/Texas/24-008749-003/2024(H5N1)	543	181
PB1|PP755595.1|A/cattle/Texas/24-008749-003/2024(H5N1)	544	181
PB1|PP755595.1|A/cattle/Texas/24-008749-003/2024(H5N1)	545	180
PB1|PP755595.1|A/cattle/Texas/24-008749-003/2024(H5N1)	546	174
PB1|PP755595.1|A/cattle/Texas/24-008749-003/2024(H5N1)	547	174
PB1|PP755595.1|A/cattle/Texas/24-008749-003/2024(H5N1)	548	173
PB1|PP755595.1|A/cattle/Texas/24-008749-003/2024(H5N1)	549	172
PB1|PP755595.1|A/cattle/Texas/24-008749-003/2024(H5N1)	550	171
PB1|PP755595.1|A/cattle/Texas/24-008749-003/2024(H5N1)	551	165
PB1|PP755595.1|A/cattle/Texas/24-008749-003/2024(H5N1)	552	165
PB1|PP755595.1|A/cattle/Texas/24-008749-003/2024(H5N1)	553	163
PB1|PP755595.1|A/cattle/Texas/24-008749-003/2024(H5N1)	554	163
PB1|PP755595.1|A/cattle/Texas/24-008749-003/2024(H5N1)	555	162
PB1|PP755595.1|A/cattle/Texas/24-008749-003/2024(H5N1)	556	163
PB1|PP755595.1|A/cattle/Texas/24-008749-003/2024(H5N1)	557	163
PB1|PP755595.1|A/cattle/Texas/24-008749-003/2024(H5N1)	558	163
PB1|PP755595.1|A/cattle/Texas/24-008749-003/2024(H5N1)	559	163
PB1|PP755595.1|A/cattle/Texas/24-008749-003/2024(H5N1)	560	164
PB1|PP755595.1|A/cattle/Texas/24-008749-003/2024(H5N1)	561	165
PB1|PP755595.1|A/cattle/Texas/24-008749-003/2024(H5N1)	562	165
PB1|PP755595.1|A/cattle/Texas/24-008749-003/2024(H5N1)	563	167
PB1|PP755595.1|A/cattle/Texas/24-008749-003/2024(H5N1)	564	167
PB1|PP755595.1|A/cattle/Texas/24-008749-003/2024(H5N1)	565	167
PB1|PP755595.1|A/cattle/Texas/24-008749-003/2024(H5N1)	566	167
PB1|PP755595.1|A/cattle/Texas/24-008749-003/2024(H5N1)	567	167
PB1|PP755595.1|A/cattle/Texas/24-008749-003/2024(H5N1)	568	167
PB1|PP755595.1|A/cattle/Texas/24-008749-003/2024(H5N1)	569	170
PB1|PP755595.1|A/cattle/Texas/24-008749-003/2024(H5N1)	570	159
PB1|PP755595.1|A/cattle/Texas/24-008749-003/2024(H5N1)	571	164
PB1|PP755595.1|A/cattle/Texas/24-008749-003/2024(H5N1)	572	164
PB1|PP755595.1|A/cattle/Texas/24-008749-003/2024(H5N1)	573	164
PB1|PP755595.1|A/cattle/Texas/24-008749-003/2024(H5N1)	574	164
PB1|PP755595.1|A/cattle/Texas/24-008749-003/2024(H5N1)	575	160
PB1|PP755595.1|A/cattle/Texas/24-008749-003/2024(H5N1)	576	155
PB1|PP755595.1|A/cattle/Texas/24-008749-003/2024(H5N1)	577	156
PB1|PP755595.1|A/cattle/Texas/24-008749-003/2024(H5N1)	578	156
PB1|PP755595.1|A/cattle/Texas/24-008749-003/2024(H5N1)	579	166
PB1|PP755595.1|A/cattle/Texas/24-008749-003/2024(H5N1)	580	148
PB1|PP755595.1|A/cattle/Texas/24-008749-003/2024(H5N1)	581	146
PB1|PP755595.1|A/cattle/Texas/24-008749-003/2024(H5N1)	582	146
PB1|PP755595.1|A/cattle/Texas/24-008749-003/2024(H5N1)	583	146
PB1|PP755595.1|A/cattle/Texas/24-008749-003/2024(H5N1)	584	145
PB1|PP755595.1|A/cattle/Texas/24-008749-003/2024(H5N1)	585	142
PB1|PP755595.1|A/cattle/Texas/24-008749-003/2024(H5N1)	586	142
PB1|PP755595.1|A/cattle/Texas/24-008749-003/2024(H5N1)	587	142
PB1|PP755595.1|A/cattle/Texas/24-008749-003/2024(H5N1)	588	134
PB1|PP755595.1|A/cattle/Texas/24-008749-003/2024(H5N1)	589	132
PB1|PP755595.1|A/cattle/Texas/24-008749-003/2024(H5N1)	590	132
PB1|PP755595.1|A/cattle/Texas/24-008749-003/2024(H5N1)	591	134
PB1|PP755595.1|A/cattle/Texas/24-008749-003/2024(H5N1)	592	134
PB1|PP755595.1|A/cattle/Texas/24-008749-003/2024(H5N1)	593	133
PB1|PP755595.1|A/cattle/Texas/24-008749-003/2024(H5N1)	594	132
PB1|PP755595.1|A/cattle/Texas/24-008749-003/2024(H5N1)	595	132
PB1|PP755595.1|A/cattle/Texas/24-008749-003/2024(H5N1)	596	136
PB1|PP755595.1|A/cattle/Texas/24-008749-003/2024(H5N1)	597	136
PB1|PP755595.1|A/cattle/Texas/24-008749-003/2024(H5N1)	598	136
PB1|PP755595.1|A/cattle/Texas/24-008749-003/2024(H5N1)	599	135
PB1|PP755595.1|A/cattle/Texas/24-008749-003/2024(H5N1)	600	136
PB1|PP755595.1|A/cattle/Texas/24-008749-003/2024(H5N1)	601	135
PB1|PP755595.1|A/cattle/Texas/24-008749-003/2024(H5N1)	602	140
PB1|PP755595.1|A/cattle/Texas/24-008749-003/2024(H5N1)	603	140
PB1|PP755595.1|A/cattle/Texas/24-008749-003/2024(H5N1)	604	140
PB1|PP755595.1|A/cattle/Texas/24-008749-003/2024(H5N1)	605	135
PB1|PP755595.1|A/cattle/Texas/24-008749-003/2024(H5N1)	606	140
PB1|PP755595.1|A/cattle/Texas/24-008749-003/2024(H5N1)	607	140
PB1|PP755595.1|A/cattle/Texas/24-008749-003/2024(H5N1)	608	140
PB1|PP755595.1|A/cattle/Texas/24-008749-003/2024(H5N1)	609	143
PB1|PP755595.1|A/cattle/Texas/24-008749-003/2024(H5N1)	610	142
PB1|PP755595.1|A/cattle/Texas/24-008749-003/2024(H5N1)	611	139
PB1|PP755595.1|A/cattle/Texas/24-008749-003/2024(H5N1)	612	133
PB1|PP755595.1|A/cattle/Texas/24-008749-003/2024(H5N1)	613	133
PB1|PP755595.1|A/cattle/Texas/24-008749-003/2024(H5N1)	614	133
PB1|PP755595.1|A/cattle/Texas/24-008749-003/2024(H5N1)	615	130
PB1|PP755595.1|A/cattle/Texas/24-008749-003/2024(H5N1)	616	132
PB1|PP755595.1|A/cattle/Texas/24-008749-003/2024(H5N1)	617	132
PB1|PP755595.1|A/cattle/Texas/24-008749-003/2024(H5N1)	618	130
PB1|PP755595.1|A/cattle/Texas/24-008749-003/2024(H5N1)	619	130
PB1|PP755595.1|A/cattle/Texas/24-008749-003/2024(H5N1)	620	130
PB1|PP755595.1|A/cattle/Texas/24-008749-003/2024(H5N1)	621	130
PB1|PP755595.1|A/cattle/Texas/24-008749-003/2024(H5N1)	622	130
PB1|PP755595.1|A/cattle/Texas/24-008749-003/2024(H5N1)	623	130
PB1|PP755595.1|A/cattle/Texas/24-008749-003/2024(H5N1)	624	130
PB1|PP755595.1|A/cattle/Texas/24-008749-003/2024(H5N1)	625	132
PB1|PP755595.1|A/cattle/Texas/24-008749-003/2024(H5N1)	626	131
PB1|PP755595.1|A/cattle/Texas/24-008749-003/2024(H5N1)	627	132
PB1|PP755595.1|A/cattle/Texas/24-008749-003/2024(H5N1)	628	134
PB1|PP755595.1|A/cattle/Texas/24-008749-003/2024(H5N1)	629	134
PB1|PP755595.1|A/cattle/Texas/24-008749-003/2024(H5N1)	630	134
PB1|PP755595.1|A/cattle/Texas/24-008749-003/2024(H5N1)	631	136
PB1|PP755595.1|A/cattle/Texas/24-008749-003/2024(H5N1)	632	140
PB1|PP755595.1|A/cattle/Texas/24-008749-003/2024(H5N1)	633	141
PB1|PP755595.1|A/cattle/Texas/24-008749-003/2024(H5N1)	634	140
PB1|PP755595.1|A/cattle/Texas/24-008749-003/2024(H5N1)	635	140
PB1|PP755595.1|A/cattle/Texas/24-008749-003/2024(H5N1)	636	137
PB1|PP755595.1|A/cattle/Texas/24-008749-003/2024(H5N1)	637	140
PB1|PP755595.1|A/cattle/Texas/24-008749-003/2024(H5N1)	638	141
PB1|PP755595.1|A/cattle/Texas/24-008749-003/2024(H5N1)	639	144
PB1|PP755595.1|A/cattle/Texas/24-008749-003/2024(H5N1)	640	140
PB1|PP755595.1|A/cattle/Texas/24-008749-003/2024(H5N1)	641	139
PB1|PP755595.1|A/cattle/Texas/24-008749-003/2024(H5N1)	642	139
PB1|PP755595.1|A/cattle/Texas/24-008749-003/2024(H5N1)	643	140
PB1|PP755595.1|A/cattle/Texas/24-008749-003/2024(H5N1)	644	140
PB1|PP755595.1|A/cattle/Texas/24-008749-003/2024(H5N1)	645	140
PB1|PP755595.1|A/cattle/Texas/24-008749-003/2024(H5N1)	646	138
PB1|PP755595.1|A/cattle/Texas/24-008749-003/2024(H5N1)	647	138
PB1|PP755595.1|A/cattle/Texas/24-008749-003/2024(H5N1)	648	136
PB1|PP755595.1|A/cattle/Texas/24-008749-003/2024(H5N1)	649	134
PB1|PP755595.1|A/cattle/Texas/24-008749-003/2024(H5N1)	650	134
PB1|PP755595.1|A/cattle/Texas/24-008749-003/2024(H5N1)	651	136
PB1|PP755595.1|A/cattle/Texas/24-008749-003/2024(H5N1)	652	139
PB1|PP755595.1|A/cattle/Texas/24-008749-003/2024(H5N1)	653	135
PB1|PP755595.1|A/cattle/Texas/24-008749-003/2024(H5N1)	654	142
PB1|PP755595.1|A/cattle/Texas/24-008749-003/2024(H5N1)	655	141
PB1|PP755595.1|A/cattle/Texas/24-008749-003/2024(H5N1)	656	139
PB1|PP755595.1|A/cattle/Texas/24-008749-003/2024(H5N1)	657	139
PB1|PP755595.1|A/cattle/Texas/24-008749-003/2024(H5N1)	658	139
PB1|PP755595.1|A/cattle/Texas/24-008749-003/2024(H5N1)	659	145
PB1|PP755595.1|A/cattle/Texas/24-008749-003/2024(H5N1)	660	143
PB1|PP755595.1|A/cattle/Texas/24-008749-003/2024(H5N1)	661	143
PB1|PP755595.1|A/cattle/Texas/24-008749-003/2024(H5N1)	662	145
PB1|PP755595.1|A/cattle/Texas/24-008749-003/2024(H5N1)	663	142
PB1|PP755595.1|A/cattle/Texas/24-008749-003/2024(H5N1)	664	142
PB1|PP755595.1|A/cattle/Texas/24-008749-003/2024(H5N1)	665	142
PB1|PP755595.1|A/cattle/Texas/24-008749-003/2024(H5N1)	666	142
PB1|PP755595.1|A/cattle/Texas/24-008749-003/2024(H5N1)	667	147
PB1|PP755595.1|A/cattle/Texas/24-008749-003/2024(H5N1)	668	149
PB1|PP755595.1|A/cattle/Texas/24-008749-003/2024(H5N1)	669	145
PB1|PP755595.1|A/cattle/Texas/24-008749-003/2024(H5N1)	670	145
PB1|PP755595.1|A/cattle/Texas/24-008749-003/2024(H5N1)	671	132
PB1|PP755595.1|A/cattle/Texas/24-008749-003/2024(H5N1)	672	135
PB1|PP755595.1|A/cattle/Texas/24-008749-003/2024(H5N1)	673	136
PB1|PP755595.1|A/cattle/Texas/24-008749-003/2024(H5N1)	674	136
PB1|PP755595.1|A/cattle/Texas/24-008749-003/2024(H5N1)	675	138
PB1|PP755595.1|A/cattle/Texas/24-008749-003/2024(H5N1)	676	135
PB1|PP755595.1|A/cattle/Texas/24-008749-003/2024(H5N1)	677	135
PB1|PP755595.1|A/cattle/Texas/24-008749-003/2024(H5N1)	678	131
PB1|PP755595.1|A/cattle/Texas/24-008749-003/2024(H5N1)	679	131
PB1|PP755595.1|A/cattle/Texas/24-008749-003/2024(H5N1)	680	129
PB1|PP755595.1|A/cattle/Texas/24-008749-003/2024(H5N1)	681	127
PB1|PP755595.1|A/cattle/Texas/24-008749-003/2024(H5N1)	682	127
PB1|PP755595.1|A/cattle/Texas/24-008749-003/2024(H5N1)	683	127
PB1|PP755595.1|A/cattle/Texas/24-008749-003/2024(H5N1)	684	125
PB1|PP755595.1|A/cattle/Texas/24-008749-003/2024(H5N1)	685	126
PB1|PP755595.1|A/cattle/Texas/24-008749-003/2024(H5N1)	686	123
PB1|PP755595.1|A/cattle/Texas/24-008749-003/2024(H5N1)	687	123
PB1|PP755595.1|A/cattle/Texas/24-008749-003/2024(H5N1)	688	123
PB1|PP755595.1|A/cattle/Texas/24-008749-003/2024(H5N1)	689	121
PB1|PP755595.1|A/cattle/Texas/24-008749-003/2024(H5N1)	690	120
PB1|PP755595.1|A/cattle/Texas/24-008749-003/2024(H5N1)	691	120
PB1|PP755595.1|A/cattle/Texas/24-008749-003/2024(H5N1)	692	120
PB1|PP755595.1|A/cattle/Texas/24-008749-003/2024(H5N1)	693	120
PB1|PP755595.1|A/cattle/Texas/24-008749-003/2024(H5N1)	694	121
PB1|PP755595.1|A/cattle/Texas/24-008749-003/2024(H5N1)	695	123
PB1|PP755595.1|A/cattle/Texas/24-008749-003/2024(H5N1)	696	123
PB1|PP755595.1|A/cattle/Texas/24-008749-003/2024(H5N1)	697	123
PB1|PP755595.1|A/cattle/Texas/24-008749-003/2024(H5N1)	698	123
PB1|PP755595.1|A/cattle/Texas/24-008749-003/2024(H5N1)	699	123
PB1|PP755595.1|A/cattle/Texas/24-008749-003/2024(H5N1)	700	123
PB1|PP755595.1|A/cattle/Texas/24-008749-003/2024(H5N1)	701	123
PB1|PP755595.1|A/cattle/Texas/24-008749-003/2024(H5N1)	702	123
PB1|PP755595.1|A/cattle/Texas/24-008749-003/2024(H5N1)	703	123
PB1|PP755595.1|A/cattle/Texas/24-008749-003/2024(H5N1)	704	124
PB1|PP755595.1|A/cattle/Texas/24-008749-003/2024(H5N1)	705	124
PB1|PP755595.1|A/cattle/Texas/24-008749-003/2024(H5N1)	706	124
PB1|PP755595.1|A/cattle/Texas/24-008749-003/2024(H5N1)	707	123
PB1|PP755595.1|A/cattle/Texas/24-008749-003/2024(H5N1)	708	129
PB1|PP755595.1|A/cattle/Texas/24-008749-003/2024(H5N1)	709	129
PB1|PP755595.1|A/cattle/Texas/24-008749-003/2024(H5N1)	710	129
PB1|PP755595.1|A/cattle/Texas/24-008749-003/2024(H5N1)	711	130
PB1|PP755595.1|A/cattle/Texas/24-008749-003/2024(H5N1)	712	126
PB1|PP755595.1|A/cattle/Texas/24-008749-003/2024(H5N1)	713	127
PB1|PP755595.1|A/cattle/Texas/24-008749-003/2024(H5N1)	714	125
PB1|PP755595.1|A/cattle/Texas/24-008749-003/2024(H5N1)	715	126
PB1|PP755595.1|A/cattle/Texas/24-008749-003/2024(H5N1)	716	126
PB1|PP755595.1|A/cattle/Texas/24-008749-003/2024(H5N1)	717	122
PB1|PP755595.1|A/cattle/Texas/24-008749-003/2024(H5N1)	718	122
PB1|PP755595.1|A/cattle/Texas/24-008749-003/2024(H5N1)	719	123
PB1|PP755595.1|A/cattle/Texas/24-008749-003/2024(H5N1)	720	123
PB1|PP755595.1|A/cattle/Texas/24-008749-003/2024(H5N1)	721	123
PB1|PP755595.1|A/cattle/Texas/24-008749-003/2024(H5N1)	722	123
PB1|PP755595.1|A/cattle/Texas/24-008749-003/2024(H5N1)	723	123
PB1|PP755595.1|A/cattle/Texas/24-008749-003/2024(H5N1)	724	125
PB1|PP755595.1|A/cattle/Texas/24-008749-003/2024(H5N1)	725	123
PB1|PP755595.1|A/cattle/Texas/24-008749-003/2024(H5N1)	726	120
PB1|PP755595.1|A/cattle/Texas/24-008749-003/2024(H5N1)	727	120
PB1|PP755595.1|A/cattle/Texas/24-008749-003/2024(H5N1)	728	119
PB1|PP755595.1|A/cattle/Texas/24-008749-003/2024(H5N1)	729	119
PB1|PP755595.1|A/cattle/Texas/24-008749-003/2024(H5N1)	730	116
PB1|PP755595.1|A/cattle/Texas/24-008749-003/2024(H5N1)	731	116
PB1|PP755595.1|A/cattle/Texas/24-008749-003/2024(H5N1)	732	116
PB1|PP755595.1|A/cattle/Texas/24-008749-003/2024(H5N1)	733	114
PB1|PP755595.1|A/cattle/Texas/24-008749-003/2024(H5N1)	734	114
PB1|PP755595.1|A/cattle/Texas/24-008749-003/2024(H5N1)	735	114
PB1|PP755595.1|A/cattle/Texas/24-008749-003/2024(H5N1)	736	117
PB1|PP755595.1|A/cattle/Texas/24-008749-003/2024(H5N1)	737	117
PB1|PP755595.1|A/cattle/Texas/24-008749-003/2024(H5N1)	738	116
PB1|PP755595.1|A/cattle/Texas/24-008749-003/2024(H5N1)	739	116
PB1|PP755595.1|A/cattle/Texas/24-008749-003/2024(H5N1)	740	116
PB1|PP755595.1|A/cattle/Texas/24-008749-003/2024(H5N1)	741	117
PB1|PP755595.1|A/cattle/Texas/24-008749-003/2024(H5N1)	742	122
PB1|PP755595.1|A/cattle/Texas/24-008749-003/2024(H5N1)	743	122
PB1|PP755595.1|A/cattle/Texas/24-008749-003/2024(H5N1)	744	123
PB1|PP755595.1|A/cattle/Texas/24-008749-003/2024(H5N1)	745	119
PB1|PP755595.1|A/cattle/Texas/24-008749-003/2024(H5N1)	746	119
PB1|PP755595.1|A/cattle/Texas/24-008749-003/2024(H5N1)	747	117
PB1|PP755595.1|A/cattle/Texas/24-008749-003/2024(H5N1)	748	120
PB1|PP755595.1|A/cattle/Texas/24-008749-003/2024(H5N1)	749	123
PB1|PP755595.1|A/cattle/Texas/24-008749-003/2024(H5N1)	750	129
PB1|PP755595.1|A/cattle/Texas/24-008749-003/2024(H5N1)	751	124
PB1|PP755595.1|A/cattle/Texas/24-008749-003/2024(H5N1)	752	125
PB1|PP755595.1|A/cattle/Texas/24-008749-003/2024(H5N1)	753	121
PB1|PP755595.1|A/cattle/Texas/24-008749-003/2024(H5N1)	754	123
PB1|PP755595.1|A/cattle/Texas/24-008749-003/2024(H5N1)	755	123
PB1|PP755595.1|A/cattle/Texas/24-008749-003/2024(H5N1)	756	124
PB1|PP755595.1|A/cattle/Texas/24-008749-003/2024(H5N1)	757	119
PB1|PP755595.1|A/cattle/Texas/24-008749-003/2024(H5N1)	758	118
PB1|PP755595.1|A/cattle/Texas/24-008749-003/2024(H5N1)	759	118
PB1|PP755595.1|A/cattle/Texas/24-008749-003/2024(H5N1)	760	113
PB1|PP755595.1|A/cattle/Texas/24-008749-003/2024(H5N1)	761	114
PB1|PP755595.1|A/cattle/Texas/24-008749-003/2024(H5N1)	762	114
PB1|PP755595.1|A/cattle/Texas/24-008749-003/2024(H5N1)	763	119
PB1|PP755595.1|A/cattle/Texas/24-008749-003/2024(H5N1)	764	119
PB1|PP755595.1|A/cattle/Texas/24-008749-003/2024(H5N1)	765	119
PB1|PP755595.1|A/cattle/Texas/24-008749-003/2024(H5N1)	766	121
PB1|PP755595.1|A/cattle/Texas/24-008749-003/2024(H5N1)	767	121
PB1|PP755595.1|A/cattle/Texas/24-008749-003/2024(H5N1)	768	124
PB1|PP755595.1|A/cattle/Texas/24-008749-003/2024(H5N1)	769	124
PB1|PP755595.1|A/cattle/Texas/24-008749-003/2024(H5N1)	770	130
PB1|PP755595.1|A/cattle/Texas/24-008749-003/2024(H5N1)	771	128
PB1|PP755595.1|A/cattle/Texas/24-008749-003/2024(H5N1)	772	127
PB1|PP755595.1|A/cattle/Texas/24-008749-003/2024(H5N1)	773	127
PB1|PP755595.1|A/cattle/Texas/24-008749-003/2024(H5N1)	774	130
PB1|PP755595.1|A/cattle/Texas/24-008749-003/2024(H5N1)	775	135
PB1|PP755595.1|A/cattle/Texas/24-008749-003/2024(H5N1)	776	133
PB1|PP755595.1|A/cattle/Texas/24-008749-003/2024(H5N1)	777	133
PB1|PP755595.1|A/cattle/Texas/24-008749-003/2024(H5N1)	778	132
PB1|PP755595.1|A/cattle/Texas/24-008749-003/2024(H5N1)	779	131
PB1|PP755595.1|A/cattle/Texas/24-008749-003/2024(H5N1)	780	131
PB1|PP755595.1|A/cattle/Texas/24-008749-003/2024(H5N1)	781	131
PB1|PP755595.1|A/cattle/Texas/24-008749-003/2024(H5N1)	782	131
PB1|PP755595.1|A/cattle/Texas/24-008749-003/2024(H5N1)	783	130
PB1|PP755595.1|A/cattle/Texas/24-008749-003/2024(H5N1)	784	129
PB1|PP755595.1|A/cattle/Texas/24-008749-003/2024(H5N1)	785	128
PB1|PP755595.1|A/cattle/Texas/24-008749-003/2024(H5N1)	786	128
PB1|PP755595.1|A/cattle/Texas/24-008749-003/2024(H5N1)	787	128
PB1|PP755595.1|A/cattle/Texas/24-008749-003/2024(H5N1)	788	127
PB1|PP755595.1|A/cattle/Texas/24-008749-003/2024(H5N1)	789	125
PB1|PP755595.1|A/cattle/Texas/24-008749-003/2024(H5N1)	790	122
PB1|PP755595.1|A/cattle/Texas/24-008749-003/2024(H5N1)	791	124
PB1|PP755595.1|A/cattle/Texas/24-008749-003/2024(H5N1)	792	124
PB1|PP755595.1|A/cattle/Texas/24-008749-003/2024(H5N1)	793	124
PB1|PP755595.1|A/cattle/Texas/24-008749-003/2024(H5N1)	794	127
PB1|PP755595.1|A/cattle/Texas/24-008749-003/2024(H5N1)	795	126
PB1|PP755595.1|A/cattle/Texas/24-008749-003/2024(H5N1)	796	127
PB1|PP755595.1|A/cattle/Texas/24-008749-003/2024(H5N1)	797	127
PB1|PP755595.1|A/cattle/Texas/24-008749-003/2024(H5N1)	798	127
PB1|PP755595.1|A/cattle/Texas/24-008749-003/2024(H5N1)	799	127
PB1|PP755595.1|A/cattle/Texas/24-008749-003/2024(H5N1)	800	126
PB1|PP755595.1|A/cattle/Texas/24-008749-003/2024(H5N1)	801	125
PB1|PP755595.1|A/cattle/Texas/24-008749-003/2024(H5N1)	802	125
PB1|PP755595.1|A/cattle/Texas/24-008749-003/2024(H5N1)	803	126
PB1|PP755595.1|A/cattle/Texas/24-008749-003/2024(H5N1)	804	127
PB1|PP755595.1|A/cattle/Texas/24-008749-003/2024(H5N1)	805	126
PB1|PP755595.1|A/cattle/Texas/24-008749-003/2024(H5N1)	806	128
PB1|PP755595.1|A/cattle/Texas/24-008749-003/2024(H5N1)	807	128
PB1|PP755595.1|A/cattle/Texas/24-008749-003/2024(H5N1)	808	128
PB1|PP755595.1|A/cattle/Texas/24-008749-003/2024(H5N1)	809	128
PB1|PP755595.1|A/cattle/Texas/24-008749-003/2024(H5N1)	810	125
PB1|PP755595.1|A/cattle/Texas/24-008749-003/2024(H5N1)	811	126
PB1|PP755595.1|A/cattle/Texas/24-008749-003/2024(H5N1)	812	126
PB1|PP755595.1|A/cattle/Texas/24-008749-003/2024(H5N1)	813	131
PB1|PP755595.1|A/cattle/Texas/24-008749-003/2024(H5N1)	814	131
PB1|PP755595.1|A/cattle/Texas/24-008749-003/2024(H5N1)	815	132
PB1|PP755595.1|A/cattle/Texas/24-008749-003/2024(H5N1)	816	132
PB1|PP755595.1|A/cattle/Texas/24-008749-003/2024(H5N1)	817	136
PB1|PP755595.1|A/cattle/Texas/24-008749-003/2024(H5N1)	818	130
PB1|PP755595.1|A/cattle/Texas/24-008749-003/2024(H5N1)	819	128
PB1|PP755595.1|A/cattle/Texas/24-008749-003/2024(H5N1)	820	130
PB1|PP755595.1|A/cattle/Texas/24-008749-003/2024(H5N1)	821	130
PB1|PP755595.1|A/cattle/Texas/24-008749-003/2024(H5N1)	822	129
PB1|PP755595.1|A/cattle/Texas/24-008749-003/2024(H5N1)	823	126
PB1|PP755595.1|A/cattle/Texas/24-008749-003/2024(H5N1)	824	126
PB1|PP755595.1|A/cattle/Texas/24-008749-003/2024(H5N1)	825	125
PB1|PP755595.1|A/cattle/Texas/24-008749-003/2024(H5N1)	826	119
PB1|PP755595.1|A/cattle/Texas/24-008749-003/2024(H5N1)	827	123
PB1|PP755595.1|A/cattle/Texas/24-008749-003/2024(H5N1)	828	123
PB1|PP755595.1|A/cattle/Texas/24-008749-003/2024(H5N1)	829	124
PB1|PP755595.1|A/cattle/Texas/24-008749-003/2024(H5N1)	830	124
PB1|PP755595.1|A/cattle/Texas/24-008749-003/2024(H5N1)	831	124
PB1|PP755595.1|A/cattle/Texas/24-008749-003/2024(H5N1)	832	125
PB1|PP755595.1|A/cattle/Texas/24-008749-003/2024(H5N1)	833	125
PB1|PP755595.1|A/cattle/Texas/24-008749-003/2024(H5N1)	834	125
PB1|PP755595.1|A/cattle/Texas/24-008749-003/2024(H5N1)	835	125
PB1|PP755595.1|A/cattle/Texas/24-008749-003/2024(H5N1)	836	122
PB1|PP755595.1|A/cattle/Texas/24-008749-003/2024(H5N1)	837	123
PB1|PP755595.1|A/cattle/Texas/24-008749-003/2024(H5N1)	838	123
PB1|PP755595.1|A/cattle/Texas/24-008749-003/2024(H5N1)	839	125
PB1|PP755595.1|A/cattle/Texas/24-008749-003/2024(H5N1)	840	125
PB1|PP755595.1|A/cattle/Texas/24-008749-003/2024(H5N1)	841	125
PB1|PP755595.1|A/cattle/Texas/24-008749-003/2024(H5N1)	842	125
PB1|PP755595.1|A/cattle/Texas/24-008749-003/2024(H5N1)	843	125
PB1|PP755595.1|A/cattle/Texas/24-008749-003/2024(H5N1)	844	127
PB1|PP755595.1|A/cattle/Texas/24-008749-003/2024(H5N1)	845	126
PB1|PP755595.1|A/cattle/Texas/24-008749-003/2024(H5N1)	846	130
PB1|PP755595.1|A/cattle/Texas/24-008749-003/2024(H5N1)	847	130
PB1|PP755595.1|A/cattle/Texas/24-008749-003/2024(H5N1)	848	130
PB1|PP755595.1|A/cattle/Texas/24-008749-003/2024(H5N1)	849	130
PB1|PP755595.1|A/cattle/Texas/24-008749-003/2024(H5N1)	850	130
PB1|PP755595.1|A/cattle/Texas/24-008749-003/2024(H5N1)	851	130
PB1|PP755595.1|A/cattle/Texas/24-008749-003/2024(H5N1)	852	130
PB1|PP755595.1|A/cattle/Texas/24-008749-003/2024(H5N1)	853	130
PB1|PP755595.1|A/cattle/Texas/24-008749-003/2024(H5N1)	854	136
PB1|PP755595.1|A/cattle/Texas/24-008749-003/2024(H5N1)	855	132
PB1|PP755595.1|A/cattle/Texas/24-008749-003/2024(H5N1)	856	133
PB1|PP755595.1|A/cattle/Texas/24-008749-003/2024(H5N1)	857	132
PB1|PP755595.1|A/cattle/Texas/24-008749-003/2024(H5N1)	858	132
PB1|PP755595.1|A/cattle/Texas/24-008749-003/2024(H5N1)	859	136
PB1|PP755595.1|A/cattle/Texas/24-008749-003/2024(H5N1)	860	136
PB1|PP755595.1|A/cattle/Texas/24-008749-003/2024(H5N1)	861	136
PB1|PP755595.1|A/cattle/Texas/24-008749-003/2024(H5N1)	862	134
PB1|PP755595.1|A/cattle/Texas/24-008749-003/2024(H5N1)	863	134
PB1|PP755595.1|A/cattle/Texas/24-008749-003/2024(H5N1)	864	143
PB1|PP755595.1|A/cattle/Texas/24-008749-003/2024(H5N1)	865	143
PB1|PP755595.1|A/cattle/Texas/24-008749-003/2024(H5N1)	866	143
PB1|PP755595.1|A/cattle/Texas/24-008749-003/2024(H5N1)	867	142
PB1|PP755595.1|A/cattle/Texas/24-008749-003/2024(H5N1)	868	142
PB1|PP755595.1|A/cattle/Texas/24-008749-003/2024(H5N1)	869	142
PB1|PP755595.1|A/cattle/Texas/24-008749-003/2024(H5N1)	870	141
PB1|PP755595.1|A/cattle/Texas/24-008749-003/2024(H5N1)	871	142
PB1|PP755595.1|A/cattle/Texas/24-008749-003/2024(H5N1)	872	142
PB1|PP755595.1|A/cattle/Texas/24-008749-003/2024(H5N1)	873	137
PB1|PP755595.1|A/cattle/Texas/24-008749-003/2024(H5N1)	874	138
PB1|PP755595.1|A/cattle/Texas/24-008749-003/2024(H5N1)	875	136
PB1|PP755595.1|A/cattle/Texas/24-008749-003/2024(H5N1)	876	136
PB1|PP755595.1|A/cattle/Texas/24-008749-003/2024(H5N1)	877	138
PB1|PP755595.1|A/cattle/Texas/24-008749-003/2024(H5N1)	878	137
PB1|PP755595.1|A/cattle/Texas/24-008749-003/2024(H5N1)	879	150
PB1|PP755595.1|A/cattle/Texas/24-008749-003/2024(H5N1)	880	153
PB1|PP755595.1|A/cattle/Texas/24-008749-003/2024(H5N1)	881	152
PB1|PP755595.1|A/cattle/Texas/24-008749-003/2024(H5N1)	882	152
PB1|PP755595.1|A/cattle/Texas/24-008749-003/2024(H5N1)	883	152
PB1|PP755595.1|A/cattle/Texas/24-008749-003/2024(H5N1)	884	157
PB1|PP755595.1|A/cattle/Texas/24-008749-003/2024(H5N1)	885	159
PB1|PP755595.1|A/cattle/Texas/24-008749-003/2024(H5N1)	886	159
PB1|PP755595.1|A/cattle/Texas/24-008749-003/2024(H5N1)	887	158
PB1|PP755595.1|A/cattle/Texas/24-008749-003/2024(H5N1)	888	158
PB1|PP755595.1|A/cattle/Texas/24-008749-003/2024(H5N1)	889	159
PB1|PP755595.1|A/cattle/Texas/24-008749-003/2024(H5N1)	890	159
PB1|PP755595.1|A/cattle/Texas/24-008749-003/2024(H5N1)	891	159
PB1|PP755595.1|A/cattle/Texas/24-008749-003/2024(H5N1)	892	158
PB1|PP755595.1|A/cattle/Texas/24-008749-003/2024(H5N1)	893	147
PB1|PP755595.1|A/cattle/Texas/24-008749-003/2024(H5N1)	894	153
PB1|PP755595.1|A/cattle/Texas/24-008749-003/2024(H5N1)	895	152
PB1|PP755595.1|A/cattle/Texas/24-008749-003/2024(H5N1)	896	151
PB1|PP755595.1|A/cattle/Texas/24-008749-003/2024(H5N1)	897	151
PB1|PP755595.1|A/cattle/Texas/24-008749-003/2024(H5N1)	898	150
PB1|PP755595.1|A/cattle/Texas/24-008749-003/2024(H5N1)	899	149
PB1|PP755595.1|A/cattle/Texas/24-008749-003/2024(H5N1)	900	145
PB1|PP755595.1|A/cattle/Texas/24-008749-003/2024(H5N1)	901	141
PB1|PP755595.1|A/cattle/Texas/24-008749-003/2024(H5N1)	902	140
PB1|PP755595.1|A/cattle/Texas/24-008749-003/2024(H5N1)	903	136
PB1|PP755595.1|A/cattle/Texas/24-008749-003/2024(H5N1)	904	136
PB1|PP755595.1|A/cattle/Texas/24-008749-003/2024(H5N1)	905	135
PB1|PP755595.1|A/cattle/Texas/24-008749-003/2024(H5N1)	906	135
PB1|PP755595.1|A/cattle/Texas/24-008749-003/2024(H5N1)	907	136
PB1|PP755595.1|A/cattle/Texas/24-008749-003/2024(H5N1)	908	141
PB1|PP755595.1|A/cattle/Texas/24-008749-003/2024(H5N1)	909	142
PB1|PP755595.1|A/cattle/Texas/24-008749-003/2024(H5N1)	910	144
PB1|PP755595.1|A/cattle/Texas/24-008749-003/2024(H5N1)	911	145
PB1|PP755595.1|A/cattle/Texas/24-008749-003/2024(H5N1)	912	147
PB1|PP755595.1|A/cattle/Texas/24-008749-003/2024(H5N1)	913	146
PB1|PP755595.1|A/cattle/Texas/24-008749-003/2024(H5N1)	914	145
PB1|PP755595.1|A/cattle/Texas/24-008749-003/2024(H5N1)	915	145
PB1|PP755595.1|A/cattle/Texas/24-008749-003/2024(H5N1)	916	144
PB1|PP755595.1|A/cattle/Texas/24-008749-003/2024(H5N1)	917	153
PB1|PP755595.1|A/cattle/Texas/24-008749-003/2024(H5N1)	918	161
PB1|PP755595.1|A/cattle/Texas/24-008749-003/2024(H5N1)	919	158
PB1|PP755595.1|A/cattle/Texas/24-008749-003/2024(H5N1)	920	158
PB1|PP755595.1|A/cattle/Texas/24-008749-003/2024(H5N1)	921	152
PB1|PP755595.1|A/cattle/Texas/24-008749-003/2024(H5N1)	922	155
PB1|PP755595.1|A/cattle/Texas/24-008749-003/2024(H5N1)	923	155
PB1|PP755595.1|A/cattle/Texas/24-008749-003/2024(H5N1)	924	155
PB1|PP755595.1|A/cattle/Texas/24-008749-003/2024(H5N1)	925	154
PB1|PP755595.1|A/cattle/Texas/24-008749-003/2024(H5N1)	926	150
PB1|PP755595.1|A/cattle/Texas/24-008749-003/2024(H5N1)	927	150
PB1|PP755595.1|A/cattle/Texas/24-008749-003/2024(H5N1)	928	151
PB1|PP755595.1|A/cattle/Texas/24-008749-003/2024(H5N1)	929	147
PB1|PP755595.1|A/cattle/Texas/24-008749-003/2024(H5N1)	930	147
PB1|PP755595.1|A/cattle/Texas/24-008749-003/2024(H5N1)	931	145
PB1|PP755595.1|A/cattle/Texas/24-008749-003/2024(H5N1)	932	147
PB1|PP755595.1|A/cattle/Texas/24-008749-003/2024(H5N1)	933	146
PB1|PP755595.1|A/cattle/Texas/24-008749-003/2024(H5N1)	934	145
PB1|PP755595.1|A/cattle/Texas/24-008749-003/2024(H5N1)	935	145
PB1|PP755595.1|A/cattle/Texas/24-008749-003/2024(H5N1)	936	144
PB1|PP755595.1|A/cattle/Texas/24-008749-003/2024(H5N1)	937	144
PB1|PP755595.1|A/cattle/Texas/24-008749-003/2024(H5N1)	938	144
PB1|PP755595.1|A/cattle/Texas/24-008749-003/2024(H5N1)	939	144
PB1|PP755595.1|A/cattle/Texas/24-008749-003/2024(H5N1)	940	145
PB1|PP755595.1|A/cattle/Texas/24-008749-003/2024(H5N1)	941	147
PB1|PP755595.1|A/cattle/Texas/24-008749-003/2024(H5N1)	942	148
PB1|PP755595.1|A/cattle/Texas/24-008749-003/2024(H5N1)	943	150
PB1|PP755595.1|A/cattle/Texas/24-008749-003/2024(H5N1)	944	150
PB1|PP755595.1|A/cattle/Texas/24-008749-003/2024(H5N1)	945	146
PB1|PP755595.1|A/cattle/Texas/24-008749-003/2024(H5N1)	946	147
PB1|PP755595.1|A/cattle/Texas/24-008749-003/2024(H5N1)	947	150
PB1|PP755595.1|A/cattle/Texas/24-008749-003/2024(H5N1)	948	150
PB1|PP755595.1|A/cattle/Texas/24-008749-003/2024(H5N1)	949	150
PB1|PP755595.1|A/cattle/Texas/24-008749-003/2024(H5N1)	950	149
PB1|PP755595.1|A/cattle/Texas/24-008749-003/2024(H5N1)	951	150
PB1|PP755595.1|A/cattle/Texas/24-008749-003/2024(H5N1)	952	150
PB1|PP755595.1|A/cattle/Texas/24-008749-003/2024(H5N1)	953	150
PB1|PP755595.1|A/cattle/Texas/24-008749-003/2024(H5N1)	954	146
PB1|PP755595.1|A/cattle/Texas/24-008749-003/2024(H5N1)	955	144
PB1|PP755595.1|A/cattle/Texas/24-008749-003/2024(H5N1)	956	144
PB1|PP755595.1|A/cattle/Texas/24-008749-003/2024(H5N1)	957	146
PB1|PP755595.1|A/cattle/Texas/24-008749-003/2024(H5N1)	958	146
PB1|PP755595.1|A/cattle/Texas/24-008749-003/2024(H5N1)	959	146
PB1|PP755595.1|A/cattle/Texas/24-008749-003/2024(H5N1)	960	146
PB1|PP755595.1|A/cattle/Texas/24-008749-003/2024(H5N1)	961	148
PB1|PP755595.1|A/cattle/Texas/24-008749-003/2024(H5N1)	962	149
PB1|PP755595.1|A/cattle/Texas/24-008749-003/2024(H5N1)	963	149
PB1|PP755595.1|A/cattle/Texas/24-008749-003/2024(H5N1)	964	149
PB1|PP755595.1|A/cattle/Texas/24-008749-003/2024(H5N1)	965	149
PB1|PP755595.1|A/cattle/Texas/24-008749-003/2024(H5N1)	966	150
PB1|PP755595.1|A/cattle/Texas/24-008749-003/2024(H5N1)	967	150
PB1|PP755595.1|A/cattle/Texas/24-008749-003/2024(H5N1)	968	152
PB1|PP755595.1|A/cattle/Texas/24-008749-003/2024(H5N1)	969	154
PB1|PP755595.1|A/cattle/Texas/24-008749-003/2024(H5N1)	970	152
PB1|PP755595.1|A/cattle/Texas/24-008749-003/2024(H5N1)	971	151
PB1|PP755595.1|A/cattle/Texas/24-008749-003/2024(H5N1)	972	151
PB1|PP755595.1|A/cattle/Texas/24-008749-003/2024(H5N1)	973	149
PB1|PP755595.1|A/cattle/Texas/24-008749-003/2024(H5N1)	974	149
PB1|PP755595.1|A/cattle/Texas/24-008749-003/2024(H5N1)	975	151
PB1|PP755595.1|A/cattle/Texas/24-008749-003/2024(H5N1)	976	151
PB1|PP755595.1|A/cattle/Texas/24-008749-003/2024(H5N1)	977	151
PB1|PP755595.1|A/cattle/Texas/24-008749-003/2024(H5N1)	978	144
PB1|PP755595.1|A/cattle/Texas/24-008749-003/2024(H5N1)	979	144
PB1|PP755595.1|A/cattle/Texas/24-008749-003/2024(H5N1)	980	143
PB1|PP755595.1|A/cattle/Texas/24-008749-003/2024(H5N1)	981	145
PB1|PP755595.1|A/cattle/Texas/24-008749-003/2024(H5N1)	982	146
PB1|PP755595.1|A/cattle/Texas/24-008749-003/2024(H5N1)	983	145
PB1|PP755595.1|A/cattle/Texas/24-008749-003/2024(H5N1)	984	145
PB1|PP755595.1|A/cattle/Texas/24-008749-003/2024(H5N1)	985	145
PB1|PP755595.1|A/cattle/Texas/24-008749-003/2024(H5N1)	986	146
PB1|PP755595.1|A/cattle/Texas/24-008749-003/2024(H5N1)	987	147
PB1|PP755595.1|A/cattle/Texas/24-008749-003/2024(H5N1)	988	148
PB1|PP755595.1|A/cattle/Texas/24-008749-003/2024(H5N1)	989	148
PB1|PP755595.1|A/cattle/Texas/24-008749-003/2024(H5N1)	990	146
PB1|PP755595.1|A/cattle/Texas/24-008749-003/2024(H5N1)	991	147
PB1|PP755595.1|A/cattle/Texas/24-008749-003/2024(H5N1)	992	148
PB1|PP755595.1|A/cattle/Texas/24-008749-003/2024(H5N1)	993	147
PB1|PP755595.1|A/cattle/Texas/24-008749-003/2024(H5N1)	994	147
PB1|PP755595.1|A/cattle/Texas/24-008749-003/2024(H5N1)	995	149
PB1|PP755595.1|A/cattle/Texas/24-008749-003/2024(H5N1)	996	160
PB1|PP755595.1|A/cattle/Texas/24-008749-003/2024(H5N1)	997	159
PB1|PP755595.1|A/cattle/Texas/24-008749-003/2024(H5N1)	998	159
PB1|PP755595.1|A/cattle/Texas/24-008749-003/2024(H5N1)	999	161
PB1|PP755595.1|A/cattle/Texas/24-008749-003/2024(H5N1)	1000	161
PB1|PP755595.1|A/cattle/Texas/24-008749-003/2024(H5N1)	1001	171
PB1|PP755595.1|A/cattle/Texas/24-008749-003/2024(H5N1)	1002	172
PB1|PP755595.1|A/cattle/Texas/24-008749-003/2024(H5N1)	1003	170
PB1|PP755595.1|A/cattle/Texas/24-008749-003/2024(H5N1)	1004	170
PB1|PP755595.1|A/cattle/Texas/24-008749-003/2024(H5N1)	1005	164
PB1|PP755595.1|A/cattle/Texas/24-008749-003/2024(H5N1)	1006	177
PB1|PP755595.1|A/cattle/Texas/24-008749-003/2024(H5N1)	1007	176
PB1|PP755595.1|A/cattle/Texas/24-008749-003/2024(H5N1)	1008	176
PB1|PP755595.1|A/cattle/Texas/24-008749-003/2024(H5N1)	1009	176
PB1|PP755595.1|A/cattle/Texas/24-008749-003/2024(H5N1)	1010	170
PB1|PP755595.1|A/cattle/Texas/24-008749-003/2024(H5N1)	1011	171
PB1|PP755595.1|A/cattle/Texas/24-008749-003/2024(H5N1)	1012	169
PB1|PP755595.1|A/cattle/Texas/24-008749-003/2024(H5N1)	1013	171
PB1|PP755595.1|A/cattle/Texas/24-008749-003/2024(H5N1)	1014	171
PB1|PP755595.1|A/cattle/Texas/24-008749-003/2024(H5N1)	1015	154
PB1|PP755595.1|A/cattle/Texas/24-008749-003/2024(H5N1)	1016	159
PB1|PP755595.1|A/cattle/Texas/24-008749-003/2024(H5N1)	1017	159
PB1|PP755595.1|A/cattle/Texas/24-008749-003/2024(H5N1)	1018	159
PB1|PP755595.1|A/cattle/Texas/24-008749-003/2024(H5N1)	1019	159
PB1|PP755595.1|A/cattle/Texas/24-008749-003/2024(H5N1)	1020	160
PB1|PP755595.1|A/cattle/Texas/24-008749-003/2024(H5N1)	1021	181
PB1|PP755595.1|A/cattle/Texas/24-008749-003/2024(H5N1)	1022	178
PB1|PP755595.1|A/cattle/Texas/24-008749-003/2024(H5N1)	1023	178
PB1|PP755595.1|A/cattle/Texas/24-008749-003/2024(H5N1)	1024	178
PB1|PP755595.1|A/cattle/Texas/24-008749-003/2024(H5N1)	1025	178
PB1|PP755595.1|A/cattle/Texas/24-008749-003/2024(H5N1)	1026	179
PB1|PP755595.1|A/cattle/Texas/24-008749-003/2024(H5N1)	1027	179
PB1|PP755595.1|A/cattle/Texas/24-008749-003/2024(H5N1)	1028	177
PB1|PP755595.1|A/cattle/Texas/24-008749-003/2024(H5N1)	1029	178
PB1|PP755595.1|A/cattle/Texas/24-008749-003/2024(H5N1)	1030	168
PB1|PP755595.1|A/cattle/Texas/24-008749-003/2024(H5N1)	1031	174
PB1|PP755595.1|A/cattle/Texas/24-008749-003/2024(H5N1)	1032	174
PB1|PP755595.1|A/cattle/Texas/24-008749-003/2024(H5N1)	1033	173
PB1|PP755595.1|A/cattle/Texas/24-008749-003/2024(H5N1)	1034	173
PB1|PP755595.1|A/cattle/Texas/24-008749-003/2024(H5N1)	1035	168
PB1|PP755595.1|A/cattle/Texas/24-008749-003/2024(H5N1)	1036	168
PB1|PP755595.1|A/cattle/Texas/24-008749-003/2024(H5N1)	1037	168
PB1|PP755595.1|A/cattle/Texas/24-008749-003/2024(H5N1)	1038	167
PB1|PP755595.1|A/cattle/Texas/24-008749-003/2024(H5N1)	1039	167
PB1|PP755595.1|A/cattle/Texas/24-008749-003/2024(H5N1)	1040	167
PB1|PP755595.1|A/cattle/Texas/24-008749-003/2024(H5N1)	1041	167
PB1|PP755595.1|A/cattle/Texas/24-008749-003/2024(H5N1)	1042	173
PB1|PP755595.1|A/cattle/Texas/24-008749-003/2024(H5N1)	1043	173
PB1|PP755595.1|A/cattle/Texas/24-008749-003/2024(H5N1)	1044	175
PB1|PP755595.1|A/cattle/Texas/24-008749-003/2024(H5N1)	1045	173
PB1|PP755595.1|A/cattle/Texas/24-008749-003/2024(H5N1)	1046	173
PB1|PP755595.1|A/cattle/Texas/24-008749-003/2024(H5N1)	1047	173
PB1|PP755595.1|A/cattle/Texas/24-008749-003/2024(H5N1)	1048	173
PB1|PP755595.1|A/cattle/Texas/24-008749-003/2024(H5N1)	1049	179
PB1|PP755595.1|A/cattle/Texas/24-008749-003/2024(H5N1)	1050	179
PB1|PP755595.1|A/cattle/Texas/24-008749-003/2024(H5N1)	1051	179
PB1|PP755595.1|A/cattle/Texas/24-008749-003/2024(H5N1)	1052	179
PB1|PP755595.1|A/cattle/Texas/24-008749-003/2024(H5N1)	1053	182
PB1|PP755595.1|A/cattle/Texas/24-008749-003/2024(H5N1)	1054	182
PB1|PP755595.1|A/cattle/Texas/24-008749-003/2024(H5N1)	1055	182
PB1|PP755595.1|A/cattle/Texas/24-008749-003/2024(H5N1)	1056	181
PB1|PP755595.1|A/cattle/Texas/24-008749-003/2024(H5N1)	1057	178
PB1|PP755595.1|A/cattle/Texas/24-008749-003/2024(H5N1)	1058	175
PB1|PP755595.1|A/cattle/Texas/24-008749-003/2024(H5N1)	1059	177
PB1|PP755595.1|A/cattle/Texas/24-008749-003/2024(H5N1)	1060	184
PB1|PP755595.1|A/cattle/Texas/24-008749-003/2024(H5N1)	1061	184
PB1|PP755595.1|A/cattle/Texas/24-008749-003/2024(H5N1)	1062	181
PB1|PP755595.1|A/cattle/Texas/24-008749-003/2024(H5N1)	1063	181
PB1|PP755595.1|A/cattle/Texas/24-008749-003/2024(H5N1)	1064	182
PB1|PP755595.1|A/cattle/Texas/24-008749-003/2024(H5N1)	1065	184
PB1|PP755595.1|A/cattle/Texas/24-008749-003/2024(H5N1)	1066	184
PB1|PP755595.1|A/cattle/Texas/24-008749-003/2024(H5N1)	1067	184
PB1|PP755595.1|A/cattle/Texas/24-008749-003/2024(H5N1)	1068	179
PB1|PP755595.1|A/cattle/Texas/24-008749-003/2024(H5N1)	1069	171
PB1|PP755595.1|A/cattle/Texas/24-008749-003/2024(H5N1)	1070	171
PB1|PP755595.1|A/cattle/Texas/24-008749-003/2024(H5N1)	1071	168
PB1|PP755595.1|A/cattle/Texas/24-008749-003/2024(H5N1)	1072	171
PB1|PP755595.1|A/cattle/Texas/24-008749-003/2024(H5N1)	1073	171
PB1|PP755595.1|A/cattle/Texas/24-008749-003/2024(H5N1)	1074	175
PB1|PP755595.1|A/cattle/Texas/24-008749-003/2024(H5N1)	1075	175
PB1|PP755595.1|A/cattle/Texas/24-008749-003/2024(H5N1)	1076	175
PB1|PP755595.1|A/cattle/Texas/24-008749-003/2024(H5N1)	1077	172
PB1|PP755595.1|A/cattle/Texas/24-008749-003/2024(H5N1)	1078	172
PB1|PP755595.1|A/cattle/Texas/24-008749-003/2024(H5N1)	1079	173
PB1|PP755595.1|A/cattle/Texas/24-008749-003/2024(H5N1)	1080	174
PB1|PP755595.1|A/cattle/Texas/24-008749-003/2024(H5N1)	1081	174
PB1|PP755595.1|A/cattle/Texas/24-008749-003/2024(H5N1)	1082	177
PB1|PP755595.1|A/cattle/Texas/24-008749-003/2024(H5N1)	1083	174
PB1|PP755595.1|A/cattle/Texas/24-008749-003/2024(H5N1)	1084	173
PB1|PP755595.1|A/cattle/Texas/24-008749-003/2024(H5N1)	1085	171
PB1|PP755595.1|A/cattle/Texas/24-008749-003/2024(H5N1)	1086	172
PB1|PP755595.1|A/cattle/Texas/24-008749-003/2024(H5N1)	1087	171
PB1|PP755595.1|A/cattle/Texas/24-008749-003/2024(H5N1)	1088	171
PB1|PP755595.1|A/cattle/Texas/24-008749-003/2024(H5N1)	1089	174
PB1|PP755595.1|A/cattle/Texas/24-008749-003/2024(H5N1)	1090	173
PB1|PP755595.1|A/cattle/Texas/24-008749-003/2024(H5N1)	1091	169
PB1|PP755595.1|A/cattle/Texas/24-008749-003/2024(H5N1)	1092	166
PB1|PP755595.1|A/cattle/Texas/24-008749-003/2024(H5N1)	1093	166
PB1|PP755595.1|A/cattle/Texas/24-008749-003/2024(H5N1)	1094	166
PB1|PP755595.1|A/cattle/Texas/24-008749-003/2024(H5N1)	1095	166
PB1|PP755595.1|A/cattle/Texas/24-008749-003/2024(H5N1)	1096	165
PB1|PP755595.1|A/cattle/Texas/24-008749-003/2024(H5N1)	1097	171
PB1|PP755595.1|A/cattle/Texas/24-008749-003/2024(H5N1)	1098	168
PB1|PP755595.1|A/cattle/Texas/24-008749-003/2024(H5N1)	1099	168
PB1|PP755595.1|A/cattle/Texas/24-008749-003/2024(H5N1)	1100	174
PB1|PP755595.1|A/cattle/Texas/24-008749-003/2024(H5N1)	1101	174
PB1|PP755595.1|A/cattle/Texas/24-008749-003/2024(H5N1)	1102	173
PB1|PP755595.1|A/cattle/Texas/24-008749-003/2024(H5N1)	1103	178
PB1|PP755595.1|A/cattle/Texas/24-008749-003/2024(H5N1)	1104	178
PB1|PP755595.1|A/cattle/Texas/24-008749-003/2024(H5N1)	1105	190
PB1|PP755595.1|A/cattle/Texas/24-008749-003/2024(H5N1)	1106	190
PB1|PP755595.1|A/cattle/Texas/24-008749-003/2024(H5N1)	1107	190
PB1|PP755595.1|A/cattle/Texas/24-008749-003/2024(H5N1)	1108	186
PB1|PP755595.1|A/cattle/Texas/24-008749-003/2024(H5N1)	1109	186
PB1|PP755595.1|A/cattle/Texas/24-008749-003/2024(H5N1)	1110	186
PB1|PP755595.1|A/cattle/Texas/24-008749-003/2024(H5N1)	1111	189
PB1|PP755595.1|A/cattle/Texas/24-008749-003/2024(H5N1)	1112	188
PB1|PP755595.1|A/cattle/Texas/24-008749-003/2024(H5N1)	1113	188
PB1|PP755595.1|A/cattle/Texas/24-008749-003/2024(H5N1)	1114	188
PB1|PP755595.1|A/cattle/Texas/24-008749-003/2024(H5N1)	1115	188
PB1|PP755595.1|A/cattle/Texas/24-008749-003/2024(H5N1)	1116	188
PB1|PP755595.1|A/cattle/Texas/24-008749-003/2024(H5N1)	1117	186
PB1|PP755595.1|A/cattle/Texas/24-008749-003/2024(H5N1)	1118	186
PB1|PP755595.1|A/cattle/Texas/24-008749-003/2024(H5N1)	1119	187
PB1|PP755595.1|A/cattle/Texas/24-008749-003/2024(H5N1)	1120	185
PB1|PP755595.1|A/cattle/Texas/24-008749-003/2024(H5N1)	1121	185
PB1|PP755595.1|A/cattle/Texas/24-008749-003/2024(H5N1)	1122	184
PB1|PP755595.1|A/cattle/Texas/24-008749-003/2024(H5N1)	1123	184
PB1|PP755595.1|A/cattle/Texas/24-008749-003/2024(H5N1)	1124	185
PB1|PP755595.1|A/cattle/Texas/24-008749-003/2024(H5N1)	1125	185
PB1|PP755595.1|A/cattle/Texas/24-008749-003/2024(H5N1)	1126	182
PB1|PP755595.1|A/cattle/Texas/24-008749-003/2024(H5N1)	1127	182
PB1|PP755595.1|A/cattle/Texas/24-008749-003/2024(H5N1)	1128	179
PB1|PP755595.1|A/cattle/Texas/24-008749-003/2024(H5N1)	1129	185
PB1|PP755595.1|A/cattle/Texas/24-008749-003/2024(H5N1)	1130	185
PB1|PP755595.1|A/cattle/Texas/24-008749-003/2024(H5N1)	1131	185
PB1|PP755595.1|A/cattle/Texas/24-008749-003/2024(H5N1)	1132	183
PB1|PP755595.1|A/cattle/Texas/24-008749-003/2024(H5N1)	1133	181
PB1|PP755595.1|A/cattle/Texas/24-008749-003/2024(H5N1)	1134	181
PB1|PP755595.1|A/cattle/Texas/24-008749-003/2024(H5N1)	1135	181
PB1|PP755595.1|A/cattle/Texas/24-008749-003/2024(H5N1)	1136	181
PB1|PP755595.1|A/cattle/Texas/24-008749-003/2024(H5N1)	1137	182
PB1|PP755595.1|A/cattle/Texas/24-008749-003/2024(H5N1)	1138	182
PB1|PP755595.1|A/cattle/Texas/24-008749-003/2024(H5N1)	1139	183
PB1|PP755595.1|A/cattle/Texas/24-008749-003/2024(H5N1)	1140	183
PB1|PP755595.1|A/cattle/Texas/24-008749-003/2024(H5N1)	1141	183
PB1|PP755595.1|A/cattle/Texas/24-008749-003/2024(H5N1)	1142	182
PB1|PP755595.1|A/cattle/Texas/24-008749-003/2024(H5N1)	1143	181
PB1|PP755595.1|A/cattle/Texas/24-008749-003/2024(H5N1)	1144	181
PB1|PP755595.1|A/cattle/Texas/24-008749-003/2024(H5N1)	1145	182
PB1|PP755595.1|A/cattle/Texas/24-008749-003/2024(H5N1)	1146	181
PB1|PP755595.1|A/cattle/Texas/24-008749-003/2024(H5N1)	1147	173
PB1|PP755595.1|A/cattle/Texas/24-008749-003/2024(H5N1)	1148	169
PB1|PP755595.1|A/cattle/Texas/24-008749-003/2024(H5N1)	1149	173
PB1|PP755595.1|A/cattle/Texas/24-008749-003/2024(H5N1)	1150	173
PB1|PP755595.1|A/cattle/Texas/24-008749-003/2024(H5N1)	1151	175
PB1|PP755595.1|A/cattle/Texas/24-008749-003/2024(H5N1)	1152	170
PB1|PP755595.1|A/cattle/Texas/24-008749-003/2024(H5N1)	1153	171
PB1|PP755595.1|A/cattle/Texas/24-008749-003/2024(H5N1)	1154	171
PB1|PP755595.1|A/cattle/Texas/24-008749-003/2024(H5N1)	1155	173
PB1|PP755595.1|A/cattle/Texas/24-008749-003/2024(H5N1)	1156	174
PB1|PP755595.1|A/cattle/Texas/24-008749-003/2024(H5N1)	1157	166
PB1|PP755595.1|A/cattle/Texas/24-008749-003/2024(H5N1)	1158	168
PB1|PP755595.1|A/cattle/Texas/24-008749-003/2024(H5N1)	1159	162
PB1|PP755595.1|A/cattle/Texas/24-008749-003/2024(H5N1)	1160	162
PB1|PP755595.1|A/cattle/Texas/24-008749-003/2024(H5N1)	1161	162
PB1|PP755595.1|A/cattle/Texas/24-008749-003/2024(H5N1)	1162	162
PB1|PP755595.1|A/cattle/Texas/24-008749-003/2024(H5N1)	1163	171
PB1|PP755595.1|A/cattle/Texas/24-008749-003/2024(H5N1)	1164	171
PB1|PP755595.1|A/cattle/Texas/24-008749-003/2024(H5N1)	1165	171
PB1|PP755595.1|A/cattle/Texas/24-008749-003/2024(H5N1)	1166	174
PB1|PP755595.1|A/cattle/Texas/24-008749-003/2024(H5N1)	1167	173
PB1|PP755595.1|A/cattle/Texas/24-008749-003/2024(H5N1)	1168	173
PB1|PP755595.1|A/cattle/Texas/24-008749-003/2024(H5N1)	1169	171
PB1|PP755595.1|A/cattle/Texas/24-008749-003/2024(H5N1)	1170	172
PB1|PP755595.1|A/cattle/Texas/24-008749-003/2024(H5N1)	1171	171
PB1|PP755595.1|A/cattle/Texas/24-008749-003/2024(H5N1)	1172	153
PB1|PP755595.1|A/cattle/Texas/24-008749-003/2024(H5N1)	1173	158
PB1|PP755595.1|A/cattle/Texas/24-008749-003/2024(H5N1)	1174	158
PB1|PP755595.1|A/cattle/Texas/24-008749-003/2024(H5N1)	1175	158
PB1|PP755595.1|A/cattle/Texas/24-008749-003/2024(H5N1)	1176	162
PB1|PP755595.1|A/cattle/Texas/24-008749-003/2024(H5N1)	1177	162
PB1|PP755595.1|A/cattle/Texas/24-008749-003/2024(H5N1)	1178	166
PB1|PP755595.1|A/cattle/Texas/24-008749-003/2024(H5N1)	1179	167
PB1|PP755595.1|A/cattle/Texas/24-008749-003/2024(H5N1)	1180	166
PB1|PP755595.1|A/cattle/Texas/24-008749-003/2024(H5N1)	1181	166
PB1|PP755595.1|A/cattle/Texas/24-008749-003/2024(H5N1)	1182	155
PB1|PP755595.1|A/cattle/Texas/24-008749-003/2024(H5N1)	1183	157
PB1|PP755595.1|A/cattle/Texas/24-008749-003/2024(H5N1)	1184	157
PB1|PP755595.1|A/cattle/Texas/24-008749-003/2024(H5N1)	1185	156
PB1|PP755595.1|A/cattle/Texas/24-008749-003/2024(H5N1)	1186	157
PB1|PP755595.1|A/cattle/Texas/24-008749-003/2024(H5N1)	1187	157
PB1|PP755595.1|A/cattle/Texas/24-008749-003/2024(H5N1)	1188	160
PB1|PP755595.1|A/cattle/Texas/24-008749-003/2024(H5N1)	1189	160
PB1|PP755595.1|A/cattle/Texas/24-008749-003/2024(H5N1)	1190	160
PB1|PP755595.1|A/cattle/Texas/24-008749-003/2024(H5N1)	1191	164
PB1|PP755595.1|A/cattle/Texas/24-008749-003/2024(H5N1)	1192	164
PB1|PP755595.1|A/cattle/Texas/24-008749-003/2024(H5N1)	1193	156
PB1|PP755595.1|A/cattle/Texas/24-008749-003/2024(H5N1)	1194	156
PB1|PP755595.1|A/cattle/Texas/24-008749-003/2024(H5N1)	1195	157
PB1|PP755595.1|A/cattle/Texas/24-008749-003/2024(H5N1)	1196	157
PB1|PP755595.1|A/cattle/Texas/24-008749-003/2024(H5N1)	1197	157
PB1|PP755595.1|A/cattle/Texas/24-008749-003/2024(H5N1)	1198	157
PB1|PP755595.1|A/cattle/Texas/24-008749-003/2024(H5N1)	1199	157
PB1|PP755595.1|A/cattle/Texas/24-008749-003/2024(H5N1)	1200	154
PB1|PP755595.1|A/cattle/Texas/24-008749-003/2024(H5N1)	1201	155
PB1|PP755595.1|A/cattle/Texas/24-008749-003/2024(H5N1)	1202	155
PB1|PP755595.1|A/cattle/Texas/24-008749-003/2024(H5N1)	1203	155
PB1|PP755595.1|A/cattle/Texas/24-008749-003/2024(H5N1)	1204	153
PB1|PP755595.1|A/cattle/Texas/24-008749-003/2024(H5N1)	1205	165
PB1|PP755595.1|A/cattle/Texas/24-008749-003/2024(H5N1)	1206	163
PB1|PP755595.1|A/cattle/Texas/24-008749-003/2024(H5N1)	1207	163
PB1|PP755595.1|A/cattle/Texas/24-008749-003/2024(H5N1)	1208	163
PB1|PP755595.1|A/cattle/Texas/24-008749-003/2024(H5N1)	1209	161
PB1|PP755595.1|A/cattle/Texas/24-008749-003/2024(H5N1)	1210	160
PB1|PP755595.1|A/cattle/Texas/24-008749-003/2024(H5N1)	1211	160
PB1|PP755595.1|A/cattle/Texas/24-008749-003/2024(H5N1)	1212	160
PB1|PP755595.1|A/cattle/Texas/24-008749-003/2024(H5N1)	1213	160
PB1|PP755595.1|A/cattle/Texas/24-008749-003/2024(H5N1)	1214	158
PB1|PP755595.1|A/cattle/Texas/24-008749-003/2024(H5N1)	1215	157
PB1|PP755595.1|A/cattle/Texas/24-008749-003/2024(H5N1)	1216	164
PB1|PP755595.1|A/cattle/Texas/24-008749-003/2024(H5N1)	1217	165
PB1|PP755595.1|A/cattle/Texas/24-008749-003/2024(H5N1)	1218	164
PB1|PP755595.1|A/cattle/Texas/24-008749-003/2024(H5N1)	1219	164
PB1|PP755595.1|A/cattle/Texas/24-008749-003/2024(H5N1)	1220	162
PB1|PP755595.1|A/cattle/Texas/24-008749-003/2024(H5N1)	1221	163
PB1|PP755595.1|A/cattle/Texas/24-008749-003/2024(H5N1)	1222	163
PB1|PP755595.1|A/cattle/Texas/24-008749-003/2024(H5N1)	1223	165
PB1|PP755595.1|A/cattle/Texas/24-008749-003/2024(H5N1)	1224	165
PB1|PP755595.1|A/cattle/Texas/24-008749-003/2024(H5N1)	1225	162
PB1|PP755595.1|A/cattle/Texas/24-008749-003/2024(H5N1)	1226	160
PB1|PP755595.1|A/cattle/Texas/24-008749-003/2024(H5N1)	1227	162
PB1|PP755595.1|A/cattle/Texas/24-008749-003/2024(H5N1)	1228	165
PB1|PP755595.1|A/cattle/Texas/24-008749-003/2024(H5N1)	1229	165
PB1|PP755595.1|A/cattle/Texas/24-008749-003/2024(H5N1)	1230	163
PB1|PP755595.1|A/cattle/Texas/24-008749-003/2024(H5N1)	1231	164
PB1|PP755595.1|A/cattle/Texas/24-008749-003/2024(H5N1)	1232	165
PB1|PP755595.1|A/cattle/Texas/24-008749-003/2024(H5N1)	1233	165
PB1|PP755595.1|A/cattle/Texas/24-008749-003/2024(H5N1)	1234	165
PB1|PP755595.1|A/cattle/Texas/24-008749-003/2024(H5N1)	1235	165
PB1|PP755595.1|A/cattle/Texas/24-008749-003/2024(H5N1)	1236	166
PB1|PP755595.1|A/cattle/Texas/24-008749-003/2024(H5N1)	1237	163
PB1|PP755595.1|A/cattle/Texas/24-008749-003/2024(H5N1)	1238	163
PB1|PP755595.1|A/cattle/Texas/24-008749-003/2024(H5N1)	1239	163
PB1|PP755595.1|A/cattle/Texas/24-008749-003/2024(H5N1)	1240	163
PB1|PP755595.1|A/cattle/Texas/24-008749-003/2024(H5N1)	1241	163
PB1|PP755595.1|A/cattle/Texas/24-008749-003/2024(H5N1)	1242	182
PB1|PP755595.1|A/cattle/Texas/24-008749-003/2024(H5N1)	1243	183
PB1|PP755595.1|A/cattle/Texas/24-008749-003/2024(H5N1)	1244	183
PB1|PP755595.1|A/cattle/Texas/24-008749-003/2024(H5N1)	1245	189
PB1|PP755595.1|A/cattle/Texas/24-008749-003/2024(H5N1)	1246	189
PB1|PP755595.1|A/cattle/Texas/24-008749-003/2024(H5N1)	1247	204
PB1|PP755595.1|A/cattle/Texas/24-008749-003/2024(H5N1)	1248	202
PB1|PP755595.1|A/cattle/Texas/24-008749-003/2024(H5N1)	1249	202
PB1|PP755595.1|A/cattle/Texas/24-008749-003/2024(H5N1)	1250	202
PB1|PP755595.1|A/cattle/Texas/24-008749-003/2024(H5N1)	1251	198
PB1|PP755595.1|A/cattle/Texas/24-008749-003/2024(H5N1)	1252	205
PB1|PP755595.1|A/cattle/Texas/24-008749-003/2024(H5N1)	1253	205
PB1|PP755595.1|A/cattle/Texas/24-008749-003/2024(H5N1)	1254	198
PB1|PP755595.1|A/cattle/Texas/24-008749-003/2024(H5N1)	1255	199
PB1|PP755595.1|A/cattle/Texas/24-008749-003/2024(H5N1)	1256	188
PB1|PP755595.1|A/cattle/Texas/24-008749-003/2024(H5N1)	1257	189
PB1|PP755595.1|A/cattle/Texas/24-008749-003/2024(H5N1)	1258	189
PB1|PP755595.1|A/cattle/Texas/24-008749-003/2024(H5N1)	1259	189
PB1|PP755595.1|A/cattle/Texas/24-008749-003/2024(H5N1)	1260	187
PB1|PP755595.1|A/cattle/Texas/24-008749-003/2024(H5N1)	1261	187
PB1|PP755595.1|A/cattle/Texas/24-008749-003/2024(H5N1)	1262	178
PB1|PP755595.1|A/cattle/Texas/24-008749-003/2024(H5N1)	1263	177
PB1|PP755595.1|A/cattle/Texas/24-008749-003/2024(H5N1)	1264	178
PB1|PP755595.1|A/cattle/Texas/24-008749-003/2024(H5N1)	1265	177
PB1|PP755595.1|A/cattle/Texas/24-008749-003/2024(H5N1)	1266	177
PB1|PP755595.1|A/cattle/Texas/24-008749-003/2024(H5N1)	1267	177
PB1|PP755595.1|A/cattle/Texas/24-008749-003/2024(H5N1)	1268	179
PB1|PP755595.1|A/cattle/Texas/24-008749-003/2024(H5N1)	1269	179
PB1|PP755595.1|A/cattle/Texas/24-008749-003/2024(H5N1)	1270	179
PB1|PP755595.1|A/cattle/Texas/24-008749-003/2024(H5N1)	1271	177
PB1|PP755595.1|A/cattle/Texas/24-008749-003/2024(H5N1)	1272	178
PB1|PP755595.1|A/cattle/Texas/24-008749-003/2024(H5N1)	1273	178
PB1|PP755595.1|A/cattle/Texas/24-008749-003/2024(H5N1)	1274	179
PB1|PP755595.1|A/cattle/Texas/24-008749-003/2024(H5N1)	1275	180
PB1|PP755595.1|A/cattle/Texas/24-008749-003/2024(H5N1)	1276	180
PB1|PP755595.1|A/cattle/Texas/24-008749-003/2024(H5N1)	1277	180
PB1|PP755595.1|A/cattle/Texas/24-008749-003/2024(H5N1)	1278	181
PB1|PP755595.1|A/cattle/Texas/24-008749-003/2024(H5N1)	1279	183
PB1|PP755595.1|A/cattle/Texas/24-008749-003/2024(H5N1)	1280	179
PB1|PP755595.1|A/cattle/Texas/24-008749-003/2024(H5N1)	1281	178
PB1|PP755595.1|A/cattle/Texas/24-008749-003/2024(H5N1)	1282	178
PB1|PP755595.1|A/cattle/Texas/24-008749-003/2024(H5N1)	1283	176
PB1|PP755595.1|A/cattle/Texas/24-008749-003/2024(H5N1)	1284	176
PB1|PP755595.1|A/cattle/Texas/24-008749-003/2024(H5N1)	1285	176
PB1|PP755595.1|A/cattle/Texas/24-008749-003/2024(H5N1)	1286	177
PB1|PP755595.1|A/cattle/Texas/24-008749-003/2024(H5N1)	1287	181
PB1|PP755595.1|A/cattle/Texas/24-008749-003/2024(H5N1)	1288	180
PB1|PP755595.1|A/cattle/Texas/24-008749-003/2024(H5N1)	1289	179
PB1|PP755595.1|A/cattle/Texas/24-008749-003/2024(H5N1)	1290	181
PB1|PP755595.1|A/cattle/Texas/24-008749-003/2024(H5N1)	1291	181
PB1|PP755595.1|A/cattle/Texas/24-008749-003/2024(H5N1)	1292	181
PB1|PP755595.1|A/cattle/Texas/24-008749-003/2024(H5N1)	1293	181
PB1|PP755595.1|A/cattle/Texas/24-008749-003/2024(H5N1)	1294	181
PB1|PP755595.1|A/cattle/Texas/24-008749-003/2024(H5N1)	1295	181
PB1|PP755595.1|A/cattle/Texas/24-008749-003/2024(H5N1)	1296	180
PB1|PP755595.1|A/cattle/Texas/24-008749-003/2024(H5N1)	1297	180
PB1|PP755595.1|A/cattle/Texas/24-008749-003/2024(H5N1)	1298	179
PB1|PP755595.1|A/cattle/Texas/24-008749-003/2024(H5N1)	1299	179
PB1|PP755595.1|A/cattle/Texas/24-008749-003/2024(H5N1)	1300	181
PB1|PP755595.1|A/cattle/Texas/24-008749-003/2024(H5N1)	1301	181
PB1|PP755595.1|A/cattle/Texas/24-008749-003/2024(H5N1)	1302	178
PB1|PP755595.1|A/cattle/Texas/24-008749-003/2024(H5N1)	1303	190
PB1|PP755595.1|A/cattle/Texas/24-008749-003/2024(H5N1)	1304	189
PB1|PP755595.1|A/cattle/Texas/24-008749-003/2024(H5N1)	1305	198
PB1|PP755595.1|A/cattle/Texas/24-008749-003/2024(H5N1)	1306	198
PB1|PP755595.1|A/cattle/Texas/24-008749-003/2024(H5N1)	1307	198
PB1|PP755595.1|A/cattle/Texas/24-008749-003/2024(H5N1)	1308	199
PB1|PP755595.1|A/cattle/Texas/24-008749-003/2024(H5N1)	1309	198
PB1|PP755595.1|A/cattle/Texas/24-008749-003/2024(H5N1)	1310	199
PB1|PP755595.1|A/cattle/Texas/24-008749-003/2024(H5N1)	1311	200
PB1|PP755595.1|A/cattle/Texas/24-008749-003/2024(H5N1)	1312	199
PB1|PP755595.1|A/cattle/Texas/24-008749-003/2024(H5N1)	1313	200
PB1|PP755595.1|A/cattle/Texas/24-008749-003/2024(H5N1)	1314	190
PB1|PP755595.1|A/cattle/Texas/24-008749-003/2024(H5N1)	1315	194
PB1|PP755595.1|A/cattle/Texas/24-008749-003/2024(H5N1)	1316	195
PB1|PP755595.1|A/cattle/Texas/24-008749-003/2024(H5N1)	1317	188
PB1|PP755595.1|A/cattle/Texas/24-008749-003/2024(H5N1)	1318	197
PB1|PP755595.1|A/cattle/Texas/24-008749-003/2024(H5N1)	1319	197
PB1|PP755595.1|A/cattle/Texas/24-008749-003/2024(H5N1)	1320	197
PB1|PP755595.1|A/cattle/Texas/24-008749-003/2024(H5N1)	1321	197
PB1|PP755595.1|A/cattle/Texas/24-008749-003/2024(H5N1)	1322	197
PB1|PP755595.1|A/cattle/Texas/24-008749-003/2024(H5N1)	1323	200
PB1|PP755595.1|A/cattle/Texas/24-008749-003/2024(H5N1)	1324	198
PB1|PP755595.1|A/cattle/Texas/24-008749-003/2024(H5N1)	1325	196
PB1|PP755595.1|A/cattle/Texas/24-008749-003/2024(H5N1)	1326	197
PB1|PP755595.1|A/cattle/Texas/24-008749-003/2024(H5N1)	1327	194
PB1|PP755595.1|A/cattle/Texas/24-008749-003/2024(H5N1)	1328	192
PB1|PP755595.1|A/cattle/Texas/24-008749-003/2024(H5N1)	1329	188
PB1|PP755595.1|A/cattle/Texas/24-008749-003/2024(H5N1)	1330	187
PB1|PP755595.1|A/cattle/Texas/24-008749-003/2024(H5N1)	1331	187
PB1|PP755595.1|A/cattle/Texas/24-008749-003/2024(H5N1)	1332	186
PB1|PP755595.1|A/cattle/Texas/24-008749-003/2024(H5N1)	1333	186
PB1|PP755595.1|A/cattle/Texas/24-008749-003/2024(H5N1)	1334	185
PB1|PP755595.1|A/cattle/Texas/24-008749-003/2024(H5N1)	1335	185
PB1|PP755595.1|A/cattle/Texas/24-008749-003/2024(H5N1)	1336	185
PB1|PP755595.1|A/cattle/Texas/24-008749-003/2024(H5N1)	1337	189
PB1|PP755595.1|A/cattle/Texas/24-008749-003/2024(H5N1)	1338	191
PB1|PP755595.1|A/cattle/Texas/24-008749-003/2024(H5N1)	1339	184
PB1|PP755595.1|A/cattle/Texas/24-008749-003/2024(H5N1)	1340	184
PB1|PP755595.1|A/cattle/Texas/24-008749-003/2024(H5N1)	1341	184
PB1|PP755595.1|A/cattle/Texas/24-008749-003/2024(H5N1)	1342	183
PB1|PP755595.1|A/cattle/Texas/24-008749-003/2024(H5N1)	1343	182
PB1|PP755595.1|A/cattle/Texas/24-008749-003/2024(H5N1)	1344	182
PB1|PP755595.1|A/cattle/Texas/24-008749-003/2024(H5N1)	1345	183
PB1|PP755595.1|A/cattle/Texas/24-008749-003/2024(H5N1)	1346	181
PB1|PP755595.1|A/cattle/Texas/24-008749-003/2024(H5N1)	1347	190
PB1|PP755595.1|A/cattle/Texas/24-008749-003/2024(H5N1)	1348	189
PB1|PP755595.1|A/cattle/Texas/24-008749-003/2024(H5N1)	1349	190
PB1|PP755595.1|A/cattle/Texas/24-008749-003/2024(H5N1)	1350	190
PB1|PP755595.1|A/cattle/Texas/24-008749-003/2024(H5N1)	1351	191
PB1|PP755595.1|A/cattle/Texas/24-008749-003/2024(H5N1)	1352	193
PB1|PP755595.1|A/cattle/Texas/24-008749-003/2024(H5N1)	1353	193
PB1|PP755595.1|A/cattle/Texas/24-008749-003/2024(H5N1)	1354	191
PB1|PP755595.1|A/cattle/Texas/24-008749-003/2024(H5N1)	1355	190
PB1|PP755595.1|A/cattle/Texas/24-008749-003/2024(H5N1)	1356	180
PB1|PP755595.1|A/cattle/Texas/24-008749-003/2024(H5N1)	1357	182
PB1|PP755595.1|A/cattle/Texas/24-008749-003/2024(H5N1)	1358	183
PB1|PP755595.1|A/cattle/Texas/24-008749-003/2024(H5N1)	1359	184
PB1|PP755595.1|A/cattle/Texas/24-008749-003/2024(H5N1)	1360	185
PB1|PP755595.1|A/cattle/Texas/24-008749-003/2024(H5N1)	1361	185
PB1|PP755595.1|A/cattle/Texas/24-008749-003/2024(H5N1)	1362	181
PB1|PP755595.1|A/cattle/Texas/24-008749-003/2024(H5N1)	1363	181
PB1|PP755595.1|A/cattle/Texas/24-008749-003/2024(H5N1)	1364	181
PB1|PP755595.1|A/cattle/Texas/24-008749-003/2024(H5N1)	1365	183
PB1|PP755595.1|A/cattle/Texas/24-008749-003/2024(H5N1)	1366	184
PB1|PP755595.1|A/cattle/Texas/24-008749-003/2024(H5N1)	1367	177
PB1|PP755595.1|A/cattle/Texas/24-008749-003/2024(H5N1)	1368	174
PB1|PP755595.1|A/cattle/Texas/24-008749-003/2024(H5N1)	1369	174
PB1|PP755595.1|A/cattle/Texas/24-008749-003/2024(H5N1)	1370	176
PB1|PP755595.1|A/cattle/Texas/24-008749-003/2024(H5N1)	1371	176
PB1|PP755595.1|A/cattle/Texas/24-008749-003/2024(H5N1)	1372	173
PB1|PP755595.1|A/cattle/Texas/24-008749-003/2024(H5N1)	1373	173
PB1|PP755595.1|A/cattle/Texas/24-008749-003/2024(H5N1)	1374	171
PB1|PP755595.1|A/cattle/Texas/24-008749-003/2024(H5N1)	1375	180
PB1|PP755595.1|A/cattle/Texas/24-008749-003/2024(H5N1)	1376	180
PB1|PP755595.1|A/cattle/Texas/24-008749-003/2024(H5N1)	1377	180
PB1|PP755595.1|A/cattle/Texas/24-008749-003/2024(H5N1)	1378	179
PB1|PP755595.1|A/cattle/Texas/24-008749-003/2024(H5N1)	1379	188
PB1|PP755595.1|A/cattle/Texas/24-008749-003/2024(H5N1)	1380	190
PB1|PP755595.1|A/cattle/Texas/24-008749-003/2024(H5N1)	1381	190
PB1|PP755595.1|A/cattle/Texas/24-008749-003/2024(H5N1)	1382	188
PB1|PP755595.1|A/cattle/Texas/24-008749-003/2024(H5N1)	1383	186
PB1|PP755595.1|A/cattle/Texas/24-008749-003/2024(H5N1)	1384	200
PB1|PP755595.1|A/cattle/Texas/24-008749-003/2024(H5N1)	1385	200
PB1|PP755595.1|A/cattle/Texas/24-008749-003/2024(H5N1)	1386	200
PB1|PP755595.1|A/cattle/Texas/24-008749-003/2024(H5N1)	1387	201
PB1|PP755595.1|A/cattle/Texas/24-008749-003/2024(H5N1)	1388	199
PB1|PP755595.1|A/cattle/Texas/24-008749-003/2024(H5N1)	1389	197
PB1|PP755595.1|A/cattle/Texas/24-008749-003/2024(H5N1)	1390	211
PB1|PP755595.1|A/cattle/Texas/24-008749-003/2024(H5N1)	1391	210
PB1|PP755595.1|A/cattle/Texas/24-008749-003/2024(H5N1)	1392	210
PB1|PP755595.1|A/cattle/Texas/24-008749-003/2024(H5N1)	1393	185
PB1|PP755595.1|A/cattle/Texas/24-008749-003/2024(H5N1)	1394	187
PB1|PP755595.1|A/cattle/Texas/24-008749-003/2024(H5N1)	1395	191
PB1|PP755595.1|A/cattle/Texas/24-008749-003/2024(H5N1)	1396	187
PB1|PP755595.1|A/cattle/Texas/24-008749-003/2024(H5N1)	1397	187
PB1|PP755595.1|A/cattle/Texas/24-008749-003/2024(H5N1)	1398	194
PB1|PP755595.1|A/cattle/Texas/24-008749-003/2024(H5N1)	1399	193
PB1|PP755595.1|A/cattle/Texas/24-008749-003/2024(H5N1)	1400	194
PB1|PP755595.1|A/cattle/Texas/24-008749-003/2024(H5N1)	1401	194
PB1|PP755595.1|A/cattle/Texas/24-008749-003/2024(H5N1)	1402	193
PB1|PP755595.1|A/cattle/Texas/24-008749-003/2024(H5N1)	1403	189
PB1|PP755595.1|A/cattle/Texas/24-008749-003/2024(H5N1)	1404	188
PB1|PP755595.1|A/cattle/Texas/24-008749-003/2024(H5N1)	1405	188
PB1|PP755595.1|A/cattle/Texas/24-008749-003/2024(H5N1)	1406	191
PB1|PP755595.1|A/cattle/Texas/24-008749-003/2024(H5N1)	1407	185
PB1|PP755595.1|A/cattle/Texas/24-008749-003/2024(H5N1)	1408	184
PB1|PP755595.1|A/cattle/Texas/24-008749-003/2024(H5N1)	1409	186
PB1|PP755595.1|A/cattle/Texas/24-008749-003/2024(H5N1)	1410	183
PB1|PP755595.1|A/cattle/Texas/24-008749-003/2024(H5N1)	1411	183
PB1|PP755595.1|A/cattle/Texas/24-008749-003/2024(H5N1)	1412	183
PB1|PP755595.1|A/cattle/Texas/24-008749-003/2024(H5N1)	1413	184
PB1|PP755595.1|A/cattle/Texas/24-008749-003/2024(H5N1)	1414	185
PB1|PP755595.1|A/cattle/Texas/24-008749-003/2024(H5N1)	1415	184
PB1|PP755595.1|A/cattle/Texas/24-008749-003/2024(H5N1)	1416	185
PB1|PP755595.1|A/cattle/Texas/24-008749-003/2024(H5N1)	1417	190
PB1|PP755595.1|A/cattle/Texas/24-008749-003/2024(H5N1)	1418	190
PB1|PP755595.1|A/cattle/Texas/24-008749-003/2024(H5N1)	1419	188
PB1|PP755595.1|A/cattle/Texas/24-008749-003/2024(H5N1)	1420	190
PB1|PP755595.1|A/cattle/Texas/24-008749-003/2024(H5N1)	1421	195
PB1|PP755595.1|A/cattle/Texas/24-008749-003/2024(H5N1)	1422	196
PB1|PP755595.1|A/cattle/Texas/24-008749-003/2024(H5N1)	1423	196
PB1|PP755595.1|A/cattle/Texas/24-008749-003/2024(H5N1)	1424	198
PB1|PP755595.1|A/cattle/Texas/24-008749-003/2024(H5N1)	1425	199
PB1|PP755595.1|A/cattle/Texas/24-008749-003/2024(H5N1)	1426	197
PB1|PP755595.1|A/cattle/Texas/24-008749-003/2024(H5N1)	1427	199
PB1|PP755595.1|A/cattle/Texas/24-008749-003/2024(H5N1)	1428	199
PB1|PP755595.1|A/cattle/Texas/24-008749-003/2024(H5N1)	1429	203
PB1|PP755595.1|A/cattle/Texas/24-008749-003/2024(H5N1)	1430	199
PB1|PP755595.1|A/cattle/Texas/24-008749-003/2024(H5N1)	1431	200
PB1|PP755595.1|A/cattle/Texas/24-008749-003/2024(H5N1)	1432	201
PB1|PP755595.1|A/cattle/Texas/24-008749-003/2024(H5N1)	1433	201
PB1|PP755595.1|A/cattle/Texas/24-008749-003/2024(H5N1)	1434	200
PB1|PP755595.1|A/cattle/Texas/24-008749-003/2024(H5N1)	1435	213
PB1|PP755595.1|A/cattle/Texas/24-008749-003/2024(H5N1)	1436	213
PB1|PP755595.1|A/cattle/Texas/24-008749-003/2024(H5N1)	1437	214
PB1|PP755595.1|A/cattle/Texas/24-008749-003/2024(H5N1)	1438	214
PB1|PP755595.1|A/cattle/Texas/24-008749-003/2024(H5N1)	1439	214
PB1|PP755595.1|A/cattle/Texas/24-008749-003/2024(H5N1)	1440	214
PB1|PP755595.1|A/cattle/Texas/24-008749-003/2024(H5N1)	1441	210
PB1|PP755595.1|A/cattle/Texas/24-008749-003/2024(H5N1)	1442	210
PB1|PP755595.1|A/cattle/Texas/24-008749-003/2024(H5N1)	1443	218
PB1|PP755595.1|A/cattle/Texas/24-008749-003/2024(H5N1)	1444	218
PB1|PP755595.1|A/cattle/Texas/24-008749-003/2024(H5N1)	1445	220
PB1|PP755595.1|A/cattle/Texas/24-008749-003/2024(H5N1)	1446	222
PB1|PP755595.1|A/cattle/Texas/24-008749-003/2024(H5N1)	1447	239
PB1|PP755595.1|A/cattle/Texas/24-008749-003/2024(H5N1)	1448	239
PB1|PP755595.1|A/cattle/Texas/24-008749-003/2024(H5N1)	1449	238
PB1|PP755595.1|A/cattle/Texas/24-008749-003/2024(H5N1)	1450	243
PB1|PP755595.1|A/cattle/Texas/24-008749-003/2024(H5N1)	1451	242
PB1|PP755595.1|A/cattle/Texas/24-008749-003/2024(H5N1)	1452	242
PB1|PP755595.1|A/cattle/Texas/24-008749-003/2024(H5N1)	1453	242
PB1|PP755595.1|A/cattle/Texas/24-008749-003/2024(H5N1)	1454	237
PB1|PP755595.1|A/cattle/Texas/24-008749-003/2024(H5N1)	1455	238
PB1|PP755595.1|A/cattle/Texas/24-008749-003/2024(H5N1)	1456	225
PB1|PP755595.1|A/cattle/Texas/24-008749-003/2024(H5N1)	1457	237
PB1|PP755595.1|A/cattle/Texas/24-008749-003/2024(H5N1)	1458	239
PB1|PP755595.1|A/cattle/Texas/24-008749-003/2024(H5N1)	1459	238
PB1|PP755595.1|A/cattle/Texas/24-008749-003/2024(H5N1)	1460	242
PB1|PP755595.1|A/cattle/Texas/24-008749-003/2024(H5N1)	1461	237
PB1|PP755595.1|A/cattle/Texas/24-008749-003/2024(H5N1)	1462	236
PB1|PP755595.1|A/cattle/Texas/24-008749-003/2024(H5N1)	1463	237
PB1|PP755595.1|A/cattle/Texas/24-008749-003/2024(H5N1)	1464	232
PB1|PP755595.1|A/cattle/Texas/24-008749-003/2024(H5N1)	1465	238
PB1|PP755595.1|A/cattle/Texas/24-008749-003/2024(H5N1)	1466	239
PB1|PP755595.1|A/cattle/Texas/24-008749-003/2024(H5N1)	1467	236
PB1|PP755595.1|A/cattle/Texas/24-008749-003/2024(H5N1)	1468	234
PB1|PP755595.1|A/cattle/Texas/24-008749-003/2024(H5N1)	1469	232
PB1|PP755595.1|A/cattle/Texas/24-008749-003/2024(H5N1)	1470	233
PB1|PP755595.1|A/cattle/Texas/24-008749-003/2024(H5N1)	1471	233
PB1|PP755595.1|A/cattle/Texas/24-008749-003/2024(H5N1)	1472	231
PB1|PP755595.1|A/cattle/Texas/24-008749-003/2024(H5N1)	1473	231
PB1|PP755595.1|A/cattle/Texas/24-008749-003/2024(H5N1)	1474	230
PB1|PP755595.1|A/cattle/Texas/24-008749-003/2024(H5N1)	1475	226
PB1|PP755595.1|A/cattle/Texas/24-008749-003/2024(H5N1)	1476	226
PB1|PP755595.1|A/cattle/Texas/24-008749-003/2024(H5N1)	1477	228
PB1|PP755595.1|A/cattle/Texas/24-008749-003/2024(H5N1)	1478	229
PB1|PP755595.1|A/cattle/Texas/24-008749-003/2024(H5N1)	1479	229
PB1|PP755595.1|A/cattle/Texas/24-008749-003/2024(H5N1)	1480	229
PB1|PP755595.1|A/cattle/Texas/24-008749-003/2024(H5N1)	1481	228
PB1|PP755595.1|A/cattle/Texas/24-008749-003/2024(H5N1)	1482	231
PB1|PP755595.1|A/cattle/Texas/24-008749-003/2024(H5N1)	1483	232
PB1|PP755595.1|A/cattle/Texas/24-008749-003/2024(H5N1)	1484	232
PB1|PP755595.1|A/cattle/Texas/24-008749-003/2024(H5N1)	1485	232
PB1|PP755595.1|A/cattle/Texas/24-008749-003/2024(H5N1)	1486	233
PB1|PP755595.1|A/cattle/Texas/24-008749-003/2024(H5N1)	1487	234
PB1|PP755595.1|A/cattle/Texas/24-008749-003/2024(H5N1)	1488	232
PB1|PP755595.1|A/cattle/Texas/24-008749-003/2024(H5N1)	1489	234
PB1|PP755595.1|A/cattle/Texas/24-008749-003/2024(H5N1)	1490	232
PB1|PP755595.1|A/cattle/Texas/24-008749-003/2024(H5N1)	1491	232
PB1|PP755595.1|A/cattle/Texas/24-008749-003/2024(H5N1)	1492	234
PB1|PP755595.1|A/cattle/Texas/24-008749-003/2024(H5N1)	1493	236
PB1|PP755595.1|A/cattle/Texas/24-008749-003/2024(H5N1)	1494	237
PB1|PP755595.1|A/cattle/Texas/24-008749-003/2024(H5N1)	1495	239
PB1|PP755595.1|A/cattle/Texas/24-008749-003/2024(H5N1)	1496	238
PB1|PP755595.1|A/cattle/Texas/24-008749-003/2024(H5N1)	1497	245
PB1|PP755595.1|A/cattle/Texas/24-008749-003/2024(H5N1)	1498	244
PB1|PP755595.1|A/cattle/Texas/24-008749-003/2024(H5N1)	1499	246
PB1|PP755595.1|A/cattle/Texas/24-008749-003/2024(H5N1)	1500	245
PB1|PP755595.1|A/cattle/Texas/24-008749-003/2024(H5N1)	1501	245
PB1|PP755595.1|A/cattle/Texas/24-008749-003/2024(H5N1)	1502	244
PB1|PP755595.1|A/cattle/Texas/24-008749-003/2024(H5N1)	1503	242
PB1|PP755595.1|A/cattle/Texas/24-008749-003/2024(H5N1)	1504	242
PB1|PP755595.1|A/cattle/Texas/24-008749-003/2024(H5N1)	1505	242
PB1|PP755595.1|A/cattle/Texas/24-008749-003/2024(H5N1)	1506	243
PB1|PP755595.1|A/cattle/Texas/24-008749-003/2024(H5N1)	1507	243
PB1|PP755595.1|A/cattle/Texas/24-008749-003/2024(H5N1)	1508	243
PB1|PP755595.1|A/cattle/Texas/24-008749-003/2024(H5N1)	1509	241
PB1|PP755595.1|A/cattle/Texas/24-008749-003/2024(H5N1)	1510	242
PB1|PP755595.1|A/cattle/Texas/24-008749-003/2024(H5N1)	1511	242
PB1|PP755595.1|A/cattle/Texas/24-008749-003/2024(H5N1)	1512	242
PB1|PP755595.1|A/cattle/Texas/24-008749-003/2024(H5N1)	1513	242
PB1|PP755595.1|A/cattle/Texas/24-008749-003/2024(H5N1)	1514	242
PB1|PP755595.1|A/cattle/Texas/24-008749-003/2024(H5N1)	1515	241
PB1|PP755595.1|A/cattle/Texas/24-008749-003/2024(H5N1)	1516	238
PB1|PP755595.1|A/cattle/Texas/24-008749-003/2024(H5N1)	1517	247
PB1|PP755595.1|A/cattle/Texas/24-008749-003/2024(H5N1)	1518	249
PB1|PP755595.1|A/cattle/Texas/24-008749-003/2024(H5N1)	1519	249
PB1|PP755595.1|A/cattle/Texas/24-008749-003/2024(H5N1)	1520	249
PB1|PP755595.1|A/cattle/Texas/24-008749-003/2024(H5N1)	1521	252
PB1|PP755595.1|A/cattle/Texas/24-008749-003/2024(H5N1)	1522	263
PB1|PP755595.1|A/cattle/Texas/24-008749-003/2024(H5N1)	1523	277
PB1|PP755595.1|A/cattle/Texas/24-008749-003/2024(H5N1)	1524	271
PB1|PP755595.1|A/cattle/Texas/24-008749-003/2024(H5N1)	1525	273
PB1|PP755595.1|A/cattle/Texas/24-008749-003/2024(H5N1)	1526	263
PB1|PP755595.1|A/cattle/Texas/24-008749-003/2024(H5N1)	1527	265
PB1|PP755595.1|A/cattle/Texas/24-008749-003/2024(H5N1)	1528	265
PB1|PP755595.1|A/cattle/Texas/24-008749-003/2024(H5N1)	1529	267
PB1|PP755595.1|A/cattle/Texas/24-008749-003/2024(H5N1)	1530	266
PB1|PP755595.1|A/cattle/Texas/24-008749-003/2024(H5N1)	1531	258
PB1|PP755595.1|A/cattle/Texas/24-008749-003/2024(H5N1)	1532	263
PB1|PP755595.1|A/cattle/Texas/24-008749-003/2024(H5N1)	1533	264
PB1|PP755595.1|A/cattle/Texas/24-008749-003/2024(H5N1)	1534	264
PB1|PP755595.1|A/cattle/Texas/24-008749-003/2024(H5N1)	1535	248
PB1|PP755595.1|A/cattle/Texas/24-008749-003/2024(H5N1)	1536	248
PB1|PP755595.1|A/cattle/Texas/24-008749-003/2024(H5N1)	1537	248
PB1|PP755595.1|A/cattle/Texas/24-008749-003/2024(H5N1)	1538	248
PB1|PP755595.1|A/cattle/Texas/24-008749-003/2024(H5N1)	1539	246
PB1|PP755595.1|A/cattle/Texas/24-008749-003/2024(H5N1)	1540	247
PB1|PP755595.1|A/cattle/Texas/24-008749-003/2024(H5N1)	1541	239
PB1|PP755595.1|A/cattle/Texas/24-008749-003/2024(H5N1)	1542	239
PB1|PP755595.1|A/cattle/Texas/24-008749-003/2024(H5N1)	1543	241
PB1|PP755595.1|A/cattle/Texas/24-008749-003/2024(H5N1)	1544	241
PB1|PP755595.1|A/cattle/Texas/24-008749-003/2024(H5N1)	1545	238
PB1|PP755595.1|A/cattle/Texas/24-008749-003/2024(H5N1)	1546	234
PB1|PP755595.1|A/cattle/Texas/24-008749-003/2024(H5N1)	1547	235
PB1|PP755595.1|A/cattle/Texas/24-008749-003/2024(H5N1)	1548	235
PB1|PP755595.1|A/cattle/Texas/24-008749-003/2024(H5N1)	1549	230
PB1|PP755595.1|A/cattle/Texas/24-008749-003/2024(H5N1)	1550	230
PB1|PP755595.1|A/cattle/Texas/24-008749-003/2024(H5N1)	1551	234
PB1|PP755595.1|A/cattle/Texas/24-008749-003/2024(H5N1)	1552	234
PB1|PP755595.1|A/cattle/Texas/24-008749-003/2024(H5N1)	1553	234
PB1|PP755595.1|A/cattle/Texas/24-008749-003/2024(H5N1)	1554	234
PB1|PP755595.1|A/cattle/Texas/24-008749-003/2024(H5N1)	1555	237
PB1|PP755595.1|A/cattle/Texas/24-008749-003/2024(H5N1)	1556	236
PB1|PP755595.1|A/cattle/Texas/24-008749-003/2024(H5N1)	1557	233
PB1|PP755595.1|A/cattle/Texas/24-008749-003/2024(H5N1)	1558	235
PB1|PP755595.1|A/cattle/Texas/24-008749-003/2024(H5N1)	1559	237
PB1|PP755595.1|A/cattle/Texas/24-008749-003/2024(H5N1)	1560	233
PB1|PP755595.1|A/cattle/Texas/24-008749-003/2024(H5N1)	1561	236
PB1|PP755595.1|A/cattle/Texas/24-008749-003/2024(H5N1)	1562	236
PB1|PP755595.1|A/cattle/Texas/24-008749-003/2024(H5N1)	1563	237
PB1|PP755595.1|A/cattle/Texas/24-008749-003/2024(H5N1)	1564	240
PB1|PP755595.1|A/cattle/Texas/24-008749-003/2024(H5N1)	1565	236
PB1|PP755595.1|A/cattle/Texas/24-008749-003/2024(H5N1)	1566	236
PB1|PP755595.1|A/cattle/Texas/24-008749-003/2024(H5N1)	1567	238
PB1|PP755595.1|A/cattle/Texas/24-008749-003/2024(H5N1)	1568	234
PB1|PP755595.1|A/cattle/Texas/24-008749-003/2024(H5N1)	1569	237
PB1|PP755595.1|A/cattle/Texas/24-008749-003/2024(H5N1)	1570	235
PB1|PP755595.1|A/cattle/Texas/24-008749-003/2024(H5N1)	1571	249
PB1|PP755595.1|A/cattle/Texas/24-008749-003/2024(H5N1)	1572	245
PB1|PP755595.1|A/cattle/Texas/24-008749-003/2024(H5N1)	1573	243
PB1|PP755595.1|A/cattle/Texas/24-008749-003/2024(H5N1)	1574	242
PB1|PP755595.1|A/cattle/Texas/24-008749-003/2024(H5N1)	1575	240
PB1|PP755595.1|A/cattle/Texas/24-008749-003/2024(H5N1)	1576	247
PB1|PP755595.1|A/cattle/Texas/24-008749-003/2024(H5N1)	1577	256
PB1|PP755595.1|A/cattle/Texas/24-008749-003/2024(H5N1)	1578	254
PB1|PP755595.1|A/cattle/Texas/24-008749-003/2024(H5N1)	1579	254
PB1|PP755595.1|A/cattle/Texas/24-008749-003/2024(H5N1)	1580	246
PB1|PP755595.1|A/cattle/Texas/24-008749-003/2024(H5N1)	1581	246
PB1|PP755595.1|A/cattle/Texas/24-008749-003/2024(H5N1)	1582	246
PB1|PP755595.1|A/cattle/Texas/24-008749-003/2024(H5N1)	1583	248
PB1|PP755595.1|A/cattle/Texas/24-008749-003/2024(H5N1)	1584	247
PB1|PP755595.1|A/cattle/Texas/24-008749-003/2024(H5N1)	1585	249
PB1|PP755595.1|A/cattle/Texas/24-008749-003/2024(H5N1)	1586	226
PB1|PP755595.1|A/cattle/Texas/24-008749-003/2024(H5N1)	1587	229
PB1|PP755595.1|A/cattle/Texas/24-008749-003/2024(H5N1)	1588	229
PB1|PP755595.1|A/cattle/Texas/24-008749-003/2024(H5N1)	1589	229
PB1|PP755595.1|A/cattle/Texas/24-008749-003/2024(H5N1)	1590	229
PB1|PP755595.1|A/cattle/Texas/24-008749-003/2024(H5N1)	1591	229
PB1|PP755595.1|A/cattle/Texas/24-008749-003/2024(H5N1)	1592	230
PB1|PP755595.1|A/cattle/Texas/24-008749-003/2024(H5N1)	1593	232
PB1|PP755595.1|A/cattle/Texas/24-008749-003/2024(H5N1)	1594	222
PB1|PP755595.1|A/cattle/Texas/24-008749-003/2024(H5N1)	1595	223
PB1|PP755595.1|A/cattle/Texas/24-008749-003/2024(H5N1)	1596	226
PB1|PP755595.1|A/cattle/Texas/24-008749-003/2024(H5N1)	1597	225
PB1|PP755595.1|A/cattle/Texas/24-008749-003/2024(H5N1)	1598	219
PB1|PP755595.1|A/cattle/Texas/24-008749-003/2024(H5N1)	1599	223
PB1|PP755595.1|A/cattle/Texas/24-008749-003/2024(H5N1)	1600	223
PB1|PP755595.1|A/cattle/Texas/24-008749-003/2024(H5N1)	1601	220
PB1|PP755595.1|A/cattle/Texas/24-008749-003/2024(H5N1)	1602	220
PB1|PP755595.1|A/cattle/Texas/24-008749-003/2024(H5N1)	1603	214
PB1|PP755595.1|A/cattle/Texas/24-008749-003/2024(H5N1)	1604	214
PB1|PP755595.1|A/cattle/Texas/24-008749-003/2024(H5N1)	1605	215
PB1|PP755595.1|A/cattle/Texas/24-008749-003/2024(H5N1)	1606	214
PB1|PP755595.1|A/cattle/Texas/24-008749-003/2024(H5N1)	1607	222
PB1|PP755595.1|A/cattle/Texas/24-008749-003/2024(H5N1)	1608	214
PB1|PP755595.1|A/cattle/Texas/24-008749-003/2024(H5N1)	1609	213
PB1|PP755595.1|A/cattle/Texas/24-008749-003/2024(H5N1)	1610	215
PB1|PP755595.1|A/cattle/Texas/24-008749-003/2024(H5N1)	1611	212
PB1|PP755595.1|A/cattle/Texas/24-008749-003/2024(H5N1)	1612	213
PB1|PP755595.1|A/cattle/Texas/24-008749-003/2024(H5N1)	1613	215
PB1|PP755595.1|A/cattle/Texas/24-008749-003/2024(H5N1)	1614	219
PB1|PP755595.1|A/cattle/Texas/24-008749-003/2024(H5N1)	1615	223
PB1|PP755595.1|A/cattle/Texas/24-008749-003/2024(H5N1)	1616	215
PB1|PP755595.1|A/cattle/Texas/24-008749-003/2024(H5N1)	1617	212
PB1|PP755595.1|A/cattle/Texas/24-008749-003/2024(H5N1)	1618	213
PB1|PP755595.1|A/cattle/Texas/24-008749-003/2024(H5N1)	1619	214
PB1|PP755595.1|A/cattle/Texas/24-008749-003/2024(H5N1)	1620	214
PB1|PP755595.1|A/cattle/Texas/24-008749-003/2024(H5N1)	1621	211
PB1|PP755595.1|A/cattle/Texas/24-008749-003/2024(H5N1)	1622	208
PB1|PP755595.1|A/cattle/Texas/24-008749-003/2024(H5N1)	1623	209
PB1|PP755595.1|A/cattle/Texas/24-008749-003/2024(H5N1)	1624	216
PB1|PP755595.1|A/cattle/Texas/24-008749-003/2024(H5N1)	1625	216
PB1|PP755595.1|A/cattle/Texas/24-008749-003/2024(H5N1)	1626	215
PB1|PP755595.1|A/cattle/Texas/24-008749-003/2024(H5N1)	1627	215
PB1|PP755595.1|A/cattle/Texas/24-008749-003/2024(H5N1)	1628	218
PB1|PP755595.1|A/cattle/Texas/24-008749-003/2024(H5N1)	1629	218
PB1|PP755595.1|A/cattle/Texas/24-008749-003/2024(H5N1)	1630	227
PB1|PP755595.1|A/cattle/Texas/24-008749-003/2024(H5N1)	1631	230
PB1|PP755595.1|A/cattle/Texas/24-008749-003/2024(H5N1)	1632	230
PB1|PP755595.1|A/cattle/Texas/24-008749-003/2024(H5N1)	1633	231
PB1|PP755595.1|A/cattle/Texas/24-008749-003/2024(H5N1)	1634	228
PB1|PP755595.1|A/cattle/Texas/24-008749-003/2024(H5N1)	1635	230
PB1|PP755595.1|A/cattle/Texas/24-008749-003/2024(H5N1)	1636	230
PB1|PP755595.1|A/cattle/Texas/24-008749-003/2024(H5N1)	1637	232
PB1|PP755595.1|A/cattle/Texas/24-008749-003/2024(H5N1)	1638	233
PB1|PP755595.1|A/cattle/Texas/24-008749-003/2024(H5N1)	1639	234
PB1|PP755595.1|A/cattle/Texas/24-008749-003/2024(H5N1)	1640	240
PB1|PP755595.1|A/cattle/Texas/24-008749-003/2024(H5N1)	1641	242
PB1|PP755595.1|A/cattle/Texas/24-008749-003/2024(H5N1)	1642	255
PB1|PP755595.1|A/cattle/Texas/24-008749-003/2024(H5N1)	1643	255
PB1|PP755595.1|A/cattle/Texas/24-008749-003/2024(H5N1)	1644	252
PB1|PP755595.1|A/cattle/Texas/24-008749-003/2024(H5N1)	1645	252
PB1|PP755595.1|A/cattle/Texas/24-008749-003/2024(H5N1)	1646	249
PB1|PP755595.1|A/cattle/Texas/24-008749-003/2024(H5N1)	1647	261
PB1|PP755595.1|A/cattle/Texas/24-008749-003/2024(H5N1)	1648	254
PB1|PP755595.1|A/cattle/Texas/24-008749-003/2024(H5N1)	1649	249
PB1|PP755595.1|A/cattle/Texas/24-008749-003/2024(H5N1)	1650	248
PB1|PP755595.1|A/cattle/Texas/24-008749-003/2024(H5N1)	1651	248
PB1|PP755595.1|A/cattle/Texas/24-008749-003/2024(H5N1)	1652	248
PB1|PP755595.1|A/cattle/Texas/24-008749-003/2024(H5N1)	1653	249
PB1|PP755595.1|A/cattle/Texas/24-008749-003/2024(H5N1)	1654	249
PB1|PP755595.1|A/cattle/Texas/24-008749-003/2024(H5N1)	1655	249
PB1|PP755595.1|A/cattle/Texas/24-008749-003/2024(H5N1)	1656	249
PB1|PP755595.1|A/cattle/Texas/24-008749-003/2024(H5N1)	1657	248
PB1|PP755595.1|A/cattle/Texas/24-008749-003/2024(H5N1)	1658	248
PB1|PP755595.1|A/cattle/Texas/24-008749-003/2024(H5N1)	1659	254
PB1|PP755595.1|A/cattle/Texas/24-008749-003/2024(H5N1)	1660	255
PB1|PP755595.1|A/cattle/Texas/24-008749-003/2024(H5N1)	1661	254
PB1|PP755595.1|A/cattle/Texas/24-008749-003/2024(H5N1)	1662	254
PB1|PP755595.1|A/cattle/Texas/24-008749-003/2024(H5N1)	1663	254
PB1|PP755595.1|A/cattle/Texas/24-008749-003/2024(H5N1)	1664	255
PB1|PP755595.1|A/cattle/Texas/24-008749-003/2024(H5N1)	1665	270
PB1|PP755595.1|A/cattle/Texas/24-008749-003/2024(H5N1)	1666	271
PB1|PP755595.1|A/cattle/Texas/24-008749-003/2024(H5N1)	1667	272
PB1|PP755595.1|A/cattle/Texas/24-008749-003/2024(H5N1)	1668	255
PB1|PP755595.1|A/cattle/Texas/24-008749-003/2024(H5N1)	1669	255
PB1|PP755595.1|A/cattle/Texas/24-008749-003/2024(H5N1)	1670	254
PB1|PP755595.1|A/cattle/Texas/24-008749-003/2024(H5N1)	1671	256
PB1|PP755595.1|A/cattle/Texas/24-008749-003/2024(H5N1)	1672	256
PB1|PP755595.1|A/cattle/Texas/24-008749-003/2024(H5N1)	1673	252
PB1|PP755595.1|A/cattle/Texas/24-008749-003/2024(H5N1)	1674	240
PB1|PP755595.1|A/cattle/Texas/24-008749-003/2024(H5N1)	1675	243
PB1|PP755595.1|A/cattle/Texas/24-008749-003/2024(H5N1)	1676	241
PB1|PP755595.1|A/cattle/Texas/24-008749-003/2024(H5N1)	1677	243
PB1|PP755595.1|A/cattle/Texas/24-008749-003/2024(H5N1)	1678	242
PB1|PP755595.1|A/cattle/Texas/24-008749-003/2024(H5N1)	1679	243
PB1|PP755595.1|A/cattle/Texas/24-008749-003/2024(H5N1)	1680	241
PB1|PP755595.1|A/cattle/Texas/24-008749-003/2024(H5N1)	1681	241
PB1|PP755595.1|A/cattle/Texas/24-008749-003/2024(H5N1)	1682	240
PB1|PP755595.1|A/cattle/Texas/24-008749-003/2024(H5N1)	1683	239
PB1|PP755595.1|A/cattle/Texas/24-008749-003/2024(H5N1)	1684	237
PB1|PP755595.1|A/cattle/Texas/24-008749-003/2024(H5N1)	1685	237
PB1|PP755595.1|A/cattle/Texas/24-008749-003/2024(H5N1)	1686	238
PB1|PP755595.1|A/cattle/Texas/24-008749-003/2024(H5N1)	1687	237
PB1|PP755595.1|A/cattle/Texas/24-008749-003/2024(H5N1)	1688	238
PB1|PP755595.1|A/cattle/Texas/24-008749-003/2024(H5N1)	1689	237
PB1|PP755595.1|A/cattle/Texas/24-008749-003/2024(H5N1)	1690	241
PB1|PP755595.1|A/cattle/Texas/24-008749-003/2024(H5N1)	1691	240
PB1|PP755595.1|A/cattle/Texas/24-008749-003/2024(H5N1)	1692	234
PB1|PP755595.1|A/cattle/Texas/24-008749-003/2024(H5N1)	1693	234
PB1|PP755595.1|A/cattle/Texas/24-008749-003/2024(H5N1)	1694	234
PB1|PP755595.1|A/cattle/Texas/24-008749-003/2024(H5N1)	1695	233
PB1|PP755595.1|A/cattle/Texas/24-008749-003/2024(H5N1)	1696	232
PB1|PP755595.1|A/cattle/Texas/24-008749-003/2024(H5N1)	1697	232
PB1|PP755595.1|A/cattle/Texas/24-008749-003/2024(H5N1)	1698	230
PB1|PP755595.1|A/cattle/Texas/24-008749-003/2024(H5N1)	1699	231
PB1|PP755595.1|A/cattle/Texas/24-008749-003/2024(H5N1)	1700	228
PB1|PP755595.1|A/cattle/Texas/24-008749-003/2024(H5N1)	1701	228
PB1|PP755595.1|A/cattle/Texas/24-008749-003/2024(H5N1)	1702	225
PB1|PP755595.1|A/cattle/Texas/24-008749-003/2024(H5N1)	1703	226
PB1|PP755595.1|A/cattle/Texas/24-008749-003/2024(H5N1)	1704	226
PB1|PP755595.1|A/cattle/Texas/24-008749-003/2024(H5N1)	1705	226
PB1|PP755595.1|A/cattle/Texas/24-008749-003/2024(H5N1)	1706	223
PB1|PP755595.1|A/cattle/Texas/24-008749-003/2024(H5N1)	1707	224
PB1|PP755595.1|A/cattle/Texas/24-008749-003/2024(H5N1)	1708	225
PB1|PP755595.1|A/cattle/Texas/24-008749-003/2024(H5N1)	1709	224
PB1|PP755595.1|A/cattle/Texas/24-008749-003/2024(H5N1)	1710	221
PB1|PP755595.1|A/cattle/Texas/24-008749-003/2024(H5N1)	1711	221
PB1|PP755595.1|A/cattle/Texas/24-008749-003/2024(H5N1)	1712	219
PB1|PP755595.1|A/cattle/Texas/24-008749-003/2024(H5N1)	1713	224
PB1|PP755595.1|A/cattle/Texas/24-008749-003/2024(H5N1)	1714	223
PB1|PP755595.1|A/cattle/Texas/24-008749-003/2024(H5N1)	1715	231
PB1|PP755595.1|A/cattle/Texas/24-008749-003/2024(H5N1)	1716	231
PB1|PP755595.1|A/cattle/Texas/24-008749-003/2024(H5N1)	1717	228
PB1|PP755595.1|A/cattle/Texas/24-008749-003/2024(H5N1)	1718	229
PB1|PP755595.1|A/cattle/Texas/24-008749-003/2024(H5N1)	1719	227
PB1|PP755595.1|A/cattle/Texas/24-008749-003/2024(H5N1)	1720	226
PB1|PP755595.1|A/cattle/Texas/24-008749-003/2024(H5N1)	1721	229
PB1|PP755595.1|A/cattle/Texas/24-008749-003/2024(H5N1)	1722	219
PB1|PP755595.1|A/cattle/Texas/24-008749-003/2024(H5N1)	1723	220
PB1|PP755595.1|A/cattle/Texas/24-008749-003/2024(H5N1)	1724	216
PB1|PP755595.1|A/cattle/Texas/24-008749-003/2024(H5N1)	1725	217
PB1|PP755595.1|A/cattle/Texas/24-008749-003/2024(H5N1)	1726	217
PB1|PP755595.1|A/cattle/Texas/24-008749-003/2024(H5N1)	1727	215
PB1|PP755595.1|A/cattle/Texas/24-008749-003/2024(H5N1)	1728	214
PB1|PP755595.1|A/cattle/Texas/24-008749-003/2024(H5N1)	1729	215
PB1|PP755595.1|A/cattle/Texas/24-008749-003/2024(H5N1)	1730	219
PB1|PP755595.1|A/cattle/Texas/24-008749-003/2024(H5N1)	1731	219
PB1|PP755595.1|A/cattle/Texas/24-008749-003/2024(H5N1)	1732	221
PB1|PP755595.1|A/cattle/Texas/24-008749-003/2024(H5N1)	1733	224
PB1|PP755595.1|A/cattle/Texas/24-008749-003/2024(H5N1)	1734	225
PB1|PP755595.1|A/cattle/Texas/24-008749-003/2024(H5N1)	1735	225
PB1|PP755595.1|A/cattle/Texas/24-008749-003/2024(H5N1)	1736	222
PB1|PP755595.1|A/cattle/Texas/24-008749-003/2024(H5N1)	1737	222
PB1|PP755595.1|A/cattle/Texas/24-008749-003/2024(H5N1)	1738	224
PB1|PP755595.1|A/cattle/Texas/24-008749-003/2024(H5N1)	1739	223
PB1|PP755595.1|A/cattle/Texas/24-008749-003/2024(H5N1)	1740	226
PB1|PP755595.1|A/cattle/Texas/24-008749-003/2024(H5N1)	1741	238
PB1|PP755595.1|A/cattle/Texas/24-008749-003/2024(H5N1)	1742	240
PB1|PP755595.1|A/cattle/Texas/24-008749-003/2024(H5N1)	1743	238
PB1|PP755595.1|A/cattle/Texas/24-008749-003/2024(H5N1)	1744	236
PB1|PP755595.1|A/cattle/Texas/24-008749-003/2024(H5N1)	1745	236
PB1|PP755595.1|A/cattle/Texas/24-008749-003/2024(H5N1)	1746	235
PB1|PP755595.1|A/cattle/Texas/24-008749-003/2024(H5N1)	1747	232
PB1|PP755595.1|A/cattle/Texas/24-008749-003/2024(H5N1)	1748	232
PB1|PP755595.1|A/cattle/Texas/24-008749-003/2024(H5N1)	1749	229
PB1|PP755595.1|A/cattle/Texas/24-008749-003/2024(H5N1)	1750	220
PB1|PP755595.1|A/cattle/Texas/24-008749-003/2024(H5N1)	1751	215
PB1|PP755595.1|A/cattle/Texas/24-008749-003/2024(H5N1)	1752	215
PB1|PP755595.1|A/cattle/Texas/24-008749-003/2024(H5N1)	1753	214
PB1|PP755595.1|A/cattle/Texas/24-008749-003/2024(H5N1)	1754	214
PB1|PP755595.1|A/cattle/Texas/24-008749-003/2024(H5N1)	1755	214
PB1|PP755595.1|A/cattle/Texas/24-008749-003/2024(H5N1)	1756	214
PB1|PP755595.1|A/cattle/Texas/24-008749-003/2024(H5N1)	1757	219
PB1|PP755595.1|A/cattle/Texas/24-008749-003/2024(H5N1)	1758	212
PB1|PP755595.1|A/cattle/Texas/24-008749-003/2024(H5N1)	1759	211
PB1|PP755595.1|A/cattle/Texas/24-008749-003/2024(H5N1)	1760	212
PB1|PP755595.1|A/cattle/Texas/24-008749-003/2024(H5N1)	1761	208
PB1|PP755595.1|A/cattle/Texas/24-008749-003/2024(H5N1)	1762	209
PB1|PP755595.1|A/cattle/Texas/24-008749-003/2024(H5N1)	1763	208
PB1|PP755595.1|A/cattle/Texas/24-008749-003/2024(H5N1)	1764	215
PB1|PP755595.1|A/cattle/Texas/24-008749-003/2024(H5N1)	1765	215
PB1|PP755595.1|A/cattle/Texas/24-008749-003/2024(H5N1)	1766	206
PB1|PP755595.1|A/cattle/Texas/24-008749-003/2024(H5N1)	1767	206
PB1|PP755595.1|A/cattle/Texas/24-008749-003/2024(H5N1)	1768	206
PB1|PP755595.1|A/cattle/Texas/24-008749-003/2024(H5N1)	1769	206
PB1|PP755595.1|A/cattle/Texas/24-008749-003/2024(H5N1)	1770	212
PB1|PP755595.1|A/cattle/Texas/24-008749-003/2024(H5N1)	1771	215
PB1|PP755595.1|A/cattle/Texas/24-008749-003/2024(H5N1)	1772	215
PB1|PP755595.1|A/cattle/Texas/24-008749-003/2024(H5N1)	1773	221
PB1|PP755595.1|A/cattle/Texas/24-008749-003/2024(H5N1)	1774	218
PB1|PP755595.1|A/cattle/Texas/24-008749-003/2024(H5N1)	1775	213
PB1|PP755595.1|A/cattle/Texas/24-008749-003/2024(H5N1)	1776	213
PB1|PP755595.1|A/cattle/Texas/24-008749-003/2024(H5N1)	1777	213
PB1|PP755595.1|A/cattle/Texas/24-008749-003/2024(H5N1)	1778	218
PB1|PP755595.1|A/cattle/Texas/24-008749-003/2024(H5N1)	1779	218
PB1|PP755595.1|A/cattle/Texas/24-008749-003/2024(H5N1)	1780	215
PB1|PP755595.1|A/cattle/Texas/24-008749-003/2024(H5N1)	1781	210
PB1|PP755595.1|A/cattle/Texas/24-008749-003/2024(H5N1)	1782	207
PB1|PP755595.1|A/cattle/Texas/24-008749-003/2024(H5N1)	1783	215
PB1|PP755595.1|A/cattle/Texas/24-008749-003/2024(H5N1)	1784	213
PB1|PP755595.1|A/cattle/Texas/24-008749-003/2024(H5N1)	1785	216
PB1|PP755595.1|A/cattle/Texas/24-008749-003/2024(H5N1)	1786	214
PB1|PP755595.1|A/cattle/Texas/24-008749-003/2024(H5N1)	1787	214
PB1|PP755595.1|A/cattle/Texas/24-008749-003/2024(H5N1)	1788	215
PB1|PP755595.1|A/cattle/Texas/24-008749-003/2024(H5N1)	1789	233
PB1|PP755595.1|A/cattle/Texas/24-008749-003/2024(H5N1)	1790	239
PB1|PP755595.1|A/cattle/Texas/24-008749-003/2024(H5N1)	1791	242
PB1|PP755595.1|A/cattle/Texas/24-008749-003/2024(H5N1)	1792	244
PB1|PP755595.1|A/cattle/Texas/24-008749-003/2024(H5N1)	1793	227
PB1|PP755595.1|A/cattle/Texas/24-008749-003/2024(H5N1)	1794	227
PB1|PP755595.1|A/cattle/Texas/24-008749-003/2024(H5N1)	1795	227
PB1|PP755595.1|A/cattle/Texas/24-008749-003/2024(H5N1)	1796	228
PB1|PP755595.1|A/cattle/Texas/24-008749-003/2024(H5N1)	1797	228
PB1|PP755595.1|A/cattle/Texas/24-008749-003/2024(H5N1)	1798	211
PB1|PP755595.1|A/cattle/Texas/24-008749-003/2024(H5N1)	1799	211
PB1|PP755595.1|A/cattle/Texas/24-008749-003/2024(H5N1)	1800	212
PB1|PP755595.1|A/cattle/Texas/24-008749-003/2024(H5N1)	1801	214
PB1|PP755595.1|A/cattle/Texas/24-008749-003/2024(H5N1)	1802	212
PB1|PP755595.1|A/cattle/Texas/24-008749-003/2024(H5N1)	1803	212
PB1|PP755595.1|A/cattle/Texas/24-008749-003/2024(H5N1)	1804	211
PB1|PP755595.1|A/cattle/Texas/24-008749-003/2024(H5N1)	1805	210
PB1|PP755595.1|A/cattle/Texas/24-008749-003/2024(H5N1)	1806	211
PB1|PP755595.1|A/cattle/Texas/24-008749-003/2024(H5N1)	1807	212
PB1|PP755595.1|A/cattle/Texas/24-008749-003/2024(H5N1)	1808	212
PB1|PP755595.1|A/cattle/Texas/24-008749-003/2024(H5N1)	1809	213
PB1|PP755595.1|A/cattle/Texas/24-008749-003/2024(H5N1)	1810	208
PB1|PP755595.1|A/cattle/Texas/24-008749-003/2024(H5N1)	1811	214
PB1|PP755595.1|A/cattle/Texas/24-008749-003/2024(H5N1)	1812	216
PB1|PP755595.1|A/cattle/Texas/24-008749-003/2024(H5N1)	1813	217
PB1|PP755595.1|A/cattle/Texas/24-008749-003/2024(H5N1)	1814	217
PB1|PP755595.1|A/cattle/Texas/24-008749-003/2024(H5N1)	1815	218
PB1|PP755595.1|A/cattle/Texas/24-008749-003/2024(H5N1)	1816	209
PB1|PP755595.1|A/cattle/Texas/24-008749-003/2024(H5N1)	1817	213
PB1|PP755595.1|A/cattle/Texas/24-008749-003/2024(H5N1)	1818	213
PB1|PP755595.1|A/cattle/Texas/24-008749-003/2024(H5N1)	1819	221
PB1|PP755595.1|A/cattle/Texas/24-008749-003/2024(H5N1)	1820	220
PB1|PP755595.1|A/cattle/Texas/24-008749-003/2024(H5N1)	1821	219
PB1|PP755595.1|A/cattle/Texas/24-008749-003/2024(H5N1)	1822	217
PB1|PP755595.1|A/cattle/Texas/24-008749-003/2024(H5N1)	1823	217
PB1|PP755595.1|A/cattle/Texas/24-008749-003/2024(H5N1)	1824	219
PB1|PP755595.1|A/cattle/Texas/24-008749-003/2024(H5N1)	1825	218
PB1|PP755595.1|A/cattle/Texas/24-008749-003/2024(H5N1)	1826	218
PB1|PP755595.1|A/cattle/Texas/24-008749-003/2024(H5N1)	1827	219
PB1|PP755595.1|A/cattle/Texas/24-008749-003/2024(H5N1)	1828	217
PB1|PP755595.1|A/cattle/Texas/24-008749-003/2024(H5N1)	1829	223
PB1|PP755595.1|A/cattle/Texas/24-008749-003/2024(H5N1)	1830	223
PB1|PP755595.1|A/cattle/Texas/24-008749-003/2024(H5N1)	1831	222
PB1|PP755595.1|A/cattle/Texas/24-008749-003/2024(H5N1)	1832	223
PB1|PP755595.1|A/cattle/Texas/24-008749-003/2024(H5N1)	1833	222
PB1|PP755595.1|A/cattle/Texas/24-008749-003/2024(H5N1)	1834	222
PB1|PP755595.1|A/cattle/Texas/24-008749-003/2024(H5N1)	1835	224
PB1|PP755595.1|A/cattle/Texas/24-008749-003/2024(H5N1)	1836	225
PB1|PP755595.1|A/cattle/Texas/24-008749-003/2024(H5N1)	1837	222
PB1|PP755595.1|A/cattle/Texas/24-008749-003/2024(H5N1)	1838	223
PB1|PP755595.1|A/cattle/Texas/24-008749-003/2024(H5N1)	1839	221
PB1|PP755595.1|A/cattle/Texas/24-008749-003/2024(H5N1)	1840	223
PB1|PP755595.1|A/cattle/Texas/24-008749-003/2024(H5N1)	1841	222
PB1|PP755595.1|A/cattle/Texas/24-008749-003/2024(H5N1)	1842	226
PB1|PP755595.1|A/cattle/Texas/24-008749-003/2024(H5N1)	1843	230
PB1|PP755595.1|A/cattle/Texas/24-008749-003/2024(H5N1)	1844	231
PB1|PP755595.1|A/cattle/Texas/24-008749-003/2024(H5N1)	1845	236
PB1|PP755595.1|A/cattle/Texas/24-008749-003/2024(H5N1)	1846	236
PB1|PP755595.1|A/cattle/Texas/24-008749-003/2024(H5N1)	1847	236
PB1|PP755595.1|A/cattle/Texas/24-008749-003/2024(H5N1)	1848	239
PB1|PP755595.1|A/cattle/Texas/24-008749-003/2024(H5N1)	1849	242
PB1|PP755595.1|A/cattle/Texas/24-008749-003/2024(H5N1)	1850	252
PB1|PP755595.1|A/cattle/Texas/24-008749-003/2024(H5N1)	1851	252
PB1|PP755595.1|A/cattle/Texas/24-008749-003/2024(H5N1)	1852	253
PB1|PP755595.1|A/cattle/Texas/24-008749-003/2024(H5N1)	1853	253
PB1|PP755595.1|A/cattle/Texas/24-008749-003/2024(H5N1)	1854	252
PB1|PP755595.1|A/cattle/Texas/24-008749-003/2024(H5N1)	1855	252
PB1|PP755595.1|A/cattle/Texas/24-008749-003/2024(H5N1)	1856	252
PB1|PP755595.1|A/cattle/Texas/24-008749-003/2024(H5N1)	1857	255
PB1|PP755595.1|A/cattle/Texas/24-008749-003/2024(H5N1)	1858	256
PB1|PP755595.1|A/cattle/Texas/24-008749-003/2024(H5N1)	1859	263
PB1|PP755595.1|A/cattle/Texas/24-008749-003/2024(H5N1)	1860	267
PB1|PP755595.1|A/cattle/Texas/24-008749-003/2024(H5N1)	1861	269
PB1|PP755595.1|A/cattle/Texas/24-008749-003/2024(H5N1)	1862	266
PB1|PP755595.1|A/cattle/Texas/24-008749-003/2024(H5N1)	1863	272
PB1|PP755595.1|A/cattle/Texas/24-008749-003/2024(H5N1)	1864	269
PB1|PP755595.1|A/cattle/Texas/24-008749-003/2024(H5N1)	1865	269
PB1|PP755595.1|A/cattle/Texas/24-008749-003/2024(H5N1)	1866	258
PB1|PP755595.1|A/cattle/Texas/24-008749-003/2024(H5N1)	1867	260
PB1|PP755595.1|A/cattle/Texas/24-008749-003/2024(H5N1)	1868	261
PB1|PP755595.1|A/cattle/Texas/24-008749-003/2024(H5N1)	1869	262
PB1|PP755595.1|A/cattle/Texas/24-008749-003/2024(H5N1)	1870	262
PB1|PP755595.1|A/cattle/Texas/24-008749-003/2024(H5N1)	1871	262
PB1|PP755595.1|A/cattle/Texas/24-008749-003/2024(H5N1)	1872	264
PB1|PP755595.1|A/cattle/Texas/24-008749-003/2024(H5N1)	1873	270
PB1|PP755595.1|A/cattle/Texas/24-008749-003/2024(H5N1)	1874	272
PB1|PP755595.1|A/cattle/Texas/24-008749-003/2024(H5N1)	1875	272
PB1|PP755595.1|A/cattle/Texas/24-008749-003/2024(H5N1)	1876	273
PB1|PP755595.1|A/cattle/Texas/24-008749-003/2024(H5N1)	1877	273
PB1|PP755595.1|A/cattle/Texas/24-008749-003/2024(H5N1)	1878	272
PB1|PP755595.1|A/cattle/Texas/24-008749-003/2024(H5N1)	1879	271
PB1|PP755595.1|A/cattle/Texas/24-008749-003/2024(H5N1)	1880	281
PB1|PP755595.1|A/cattle/Texas/24-008749-003/2024(H5N1)	1881	278
PB1|PP755595.1|A/cattle/Texas/24-008749-003/2024(H5N1)	1882	277
PB1|PP755595.1|A/cattle/Texas/24-008749-003/2024(H5N1)	1883	275
PB1|PP755595.1|A/cattle/Texas/24-008749-003/2024(H5N1)	1884	277
PB1|PP755595.1|A/cattle/Texas/24-008749-003/2024(H5N1)	1885	277
PB1|PP755595.1|A/cattle/Texas/24-008749-003/2024(H5N1)	1886	277
PB1|PP755595.1|A/cattle/Texas/24-008749-003/2024(H5N1)	1887	277
PB1|PP755595.1|A/cattle/Texas/24-008749-003/2024(H5N1)	1888	278
PB1|PP755595.1|A/cattle/Texas/24-008749-003/2024(H5N1)	1889	277
PB1|PP755595.1|A/cattle/Texas/24-008749-003/2024(H5N1)	1890	278
PB1|PP755595.1|A/cattle/Texas/24-008749-003/2024(H5N1)	1891	280
PB1|PP755595.1|A/cattle/Texas/24-008749-003/2024(H5N1)	1892	273
PB1|PP755595.1|A/cattle/Texas/24-008749-003/2024(H5N1)	1893	271
PB1|PP755595.1|A/cattle/Texas/24-008749-003/2024(H5N1)	1894	271
PB1|PP755595.1|A/cattle/Texas/24-008749-003/2024(H5N1)	1895	271
PB1|PP755595.1|A/cattle/Texas/24-008749-003/2024(H5N1)	1896	272
PB1|PP755595.1|A/cattle/Texas/24-008749-003/2024(H5N1)	1897	274
PB1|PP755595.1|A/cattle/Texas/24-008749-003/2024(H5N1)	1898	273
PB1|PP755595.1|A/cattle/Texas/24-008749-003/2024(H5N1)	1899	273
PB1|PP755595.1|A/cattle/Texas/24-008749-003/2024(H5N1)	1900	273
PB1|PP755595.1|A/cattle/Texas/24-008749-003/2024(H5N1)	1901	274
PB1|PP755595.1|A/cattle/Texas/24-008749-003/2024(H5N1)	1902	275
PB1|PP755595.1|A/cattle/Texas/24-008749-003/2024(H5N1)	1903	274
PB1|PP755595.1|A/cattle/Texas/24-008749-003/2024(H5N1)	1904	279
PB1|PP755595.1|A/cattle/Texas/24-008749-003/2024(H5N1)	1905	279
PB1|PP755595.1|A/cattle/Texas/24-008749-003/2024(H5N1)	1906	298
PB1|PP755595.1|A/cattle/Texas/24-008749-003/2024(H5N1)	1907	298
PB1|PP755595.1|A/cattle/Texas/24-008749-003/2024(H5N1)	1908	294
PB1|PP755595.1|A/cattle/Texas/24-008749-003/2024(H5N1)	1909	294
PB1|PP755595.1|A/cattle/Texas/24-008749-003/2024(H5N1)	1910	295
PB1|PP755595.1|A/cattle/Texas/24-008749-003/2024(H5N1)	1911	293
PB1|PP755595.1|A/cattle/Texas/24-008749-003/2024(H5N1)	1912	296
PB1|PP755595.1|A/cattle/Texas/24-008749-003/2024(H5N1)	1913	292
PB1|PP755595.1|A/cattle/Texas/24-008749-003/2024(H5N1)	1914	300
PB1|PP755595.1|A/cattle/Texas/24-008749-003/2024(H5N1)	1915	296
PB1|PP755595.1|A/cattle/Texas/24-008749-003/2024(H5N1)	1916	295
PB1|PP755595.1|A/cattle/Texas/24-008749-003/2024(H5N1)	1917	295
PB1|PP755595.1|A/cattle/Texas/24-008749-003/2024(H5N1)	1918	301
PB1|PP755595.1|A/cattle/Texas/24-008749-003/2024(H5N1)	1919	302
PB1|PP755595.1|A/cattle/Texas/24-008749-003/2024(H5N1)	1920	303
PB1|PP755595.1|A/cattle/Texas/24-008749-003/2024(H5N1)	1921	304
PB1|PP755595.1|A/cattle/Texas/24-008749-003/2024(H5N1)	1922	302
PB1|PP755595.1|A/cattle/Texas/24-008749-003/2024(H5N1)	1923	305
PB1|PP755595.1|A/cattle/Texas/24-008749-003/2024(H5N1)	1924	298
PB1|PP755595.1|A/cattle/Texas/24-008749-003/2024(H5N1)	1925	310
PB1|PP755595.1|A/cattle/Texas/24-008749-003/2024(H5N1)	1926	309
PB1|PP755595.1|A/cattle/Texas/24-008749-003/2024(H5N1)	1927	314
PB1|PP755595.1|A/cattle/Texas/24-008749-003/2024(H5N1)	1928	315
PB1|PP755595.1|A/cattle/Texas/24-008749-003/2024(H5N1)	1929	303
PB1|PP755595.1|A/cattle/Texas/24-008749-003/2024(H5N1)	1930	305
PB1|PP755595.1|A/cattle/Texas/24-008749-003/2024(H5N1)	1931	304
PB1|PP755595.1|A/cattle/Texas/24-008749-003/2024(H5N1)	1932	311
PB1|PP755595.1|A/cattle/Texas/24-008749-003/2024(H5N1)	1933	312
PB1|PP755595.1|A/cattle/Texas/24-008749-003/2024(H5N1)	1934	296
PB1|PP755595.1|A/cattle/Texas/24-008749-003/2024(H5N1)	1935	295
PB1|PP755595.1|A/cattle/Texas/24-008749-003/2024(H5N1)	1936	293
PB1|PP755595.1|A/cattle/Texas/24-008749-003/2024(H5N1)	1937	294
PB1|PP755595.1|A/cattle/Texas/24-008749-003/2024(H5N1)	1938	294
PB1|PP755595.1|A/cattle/Texas/24-008749-003/2024(H5N1)	1939	292
PB1|PP755595.1|A/cattle/Texas/24-008749-003/2024(H5N1)	1940	274
PB1|PP755595.1|A/cattle/Texas/24-008749-003/2024(H5N1)	1941	269
PB1|PP755595.1|A/cattle/Texas/24-008749-003/2024(H5N1)	1942	273
PB1|PP755595.1|A/cattle/Texas/24-008749-003/2024(H5N1)	1943	273
PB1|PP755595.1|A/cattle/Texas/24-008749-003/2024(H5N1)	1944	275
PB1|PP755595.1|A/cattle/Texas/24-008749-003/2024(H5N1)	1945	316
PB1|PP755595.1|A/cattle/Texas/24-008749-003/2024(H5N1)	1946	312
PB1|PP755595.1|A/cattle/Texas/24-008749-003/2024(H5N1)	1947	314
PB1|PP755595.1|A/cattle/Texas/24-008749-003/2024(H5N1)	1948	313
PB1|PP755595.1|A/cattle/Texas/24-008749-003/2024(H5N1)	1949	319
PB1|PP755595.1|A/cattle/Texas/24-008749-003/2024(H5N1)	1950	319
PB1|PP755595.1|A/cattle/Texas/24-008749-003/2024(H5N1)	1951	319
PB1|PP755595.1|A/cattle/Texas/24-008749-003/2024(H5N1)	1952	317
PB1|PP755595.1|A/cattle/Texas/24-008749-003/2024(H5N1)	1953	331
PB1|PP755595.1|A/cattle/Texas/24-008749-003/2024(H5N1)	1954	347
PB1|PP755595.1|A/cattle/Texas/24-008749-003/2024(H5N1)	1955	347
PB1|PP755595.1|A/cattle/Texas/24-008749-003/2024(H5N1)	1956	347
PB1|PP755595.1|A/cattle/Texas/24-008749-003/2024(H5N1)	1957	347
PB1|PP755595.1|A/cattle/Texas/24-008749-003/2024(H5N1)	1958	351
PB1|PP755595.1|A/cattle/Texas/24-008749-003/2024(H5N1)	1959	359
PB1|PP755595.1|A/cattle/Texas/24-008749-003/2024(H5N1)	1960	357
PB1|PP755595.1|A/cattle/Texas/24-008749-003/2024(H5N1)	1961	364
PB1|PP755595.1|A/cattle/Texas/24-008749-003/2024(H5N1)	1962	355
PB1|PP755595.1|A/cattle/Texas/24-008749-003/2024(H5N1)	1963	354
PB1|PP755595.1|A/cattle/Texas/24-008749-003/2024(H5N1)	1964	354
PB1|PP755595.1|A/cattle/Texas/24-008749-003/2024(H5N1)	1965	356
PB1|PP755595.1|A/cattle/Texas/24-008749-003/2024(H5N1)	1966	362
PB1|PP755595.1|A/cattle/Texas/24-008749-003/2024(H5N1)	1967	362
PB1|PP755595.1|A/cattle/Texas/24-008749-003/2024(H5N1)	1968	384
PB1|PP755595.1|A/cattle/Texas/24-008749-003/2024(H5N1)	1969	382
PB1|PP755595.1|A/cattle/Texas/24-008749-003/2024(H5N1)	1970	379
PB1|PP755595.1|A/cattle/Texas/24-008749-003/2024(H5N1)	1971	379
PB1|PP755595.1|A/cattle/Texas/24-008749-003/2024(H5N1)	1972	380
PB1|PP755595.1|A/cattle/Texas/24-008749-003/2024(H5N1)	1973	384
PB1|PP755595.1|A/cattle/Texas/24-008749-003/2024(H5N1)	1974	383
PB1|PP755595.1|A/cattle/Texas/24-008749-003/2024(H5N1)	1975	378
PB1|PP755595.1|A/cattle/Texas/24-008749-003/2024(H5N1)	1976	381
PB1|PP755595.1|A/cattle/Texas/24-008749-003/2024(H5N1)	1977	370
PB1|PP755595.1|A/cattle/Texas/24-008749-003/2024(H5N1)	1978	374
PB1|PP755595.1|A/cattle/Texas/24-008749-003/2024(H5N1)	1979	374
PB1|PP755595.1|A/cattle/Texas/24-008749-003/2024(H5N1)	1980	371
PB1|PP755595.1|A/cattle/Texas/24-008749-003/2024(H5N1)	1981	370
PB1|PP755595.1|A/cattle/Texas/24-008749-003/2024(H5N1)	1982	370
PB1|PP755595.1|A/cattle/Texas/24-008749-003/2024(H5N1)	1983	368
PB1|PP755595.1|A/cattle/Texas/24-008749-003/2024(H5N1)	1984	366
PB1|PP755595.1|A/cattle/Texas/24-008749-003/2024(H5N1)	1985	366
PB1|PP755595.1|A/cattle/Texas/24-008749-003/2024(H5N1)	1986	369
PB1|PP755595.1|A/cattle/Texas/24-008749-003/2024(H5N1)	1987	375
PB1|PP755595.1|A/cattle/Texas/24-008749-003/2024(H5N1)	1988	375
PB1|PP755595.1|A/cattle/Texas/24-008749-003/2024(H5N1)	1989	371
PB1|PP755595.1|A/cattle/Texas/24-008749-003/2024(H5N1)	1990	374
PB1|PP755595.1|A/cattle/Texas/24-008749-003/2024(H5N1)	1991	371
PB1|PP755595.1|A/cattle/Texas/24-008749-003/2024(H5N1)	1992	399
PB1|PP755595.1|A/cattle/Texas/24-008749-003/2024(H5N1)	1993	397
PB1|PP755595.1|A/cattle/Texas/24-008749-003/2024(H5N1)	1994	393
PB1|PP755595.1|A/cattle/Texas/24-008749-003/2024(H5N1)	1995	390
PB1|PP755595.1|A/cattle/Texas/24-008749-003/2024(H5N1)	1996	387
PB1|PP755595.1|A/cattle/Texas/24-008749-003/2024(H5N1)	1997	387
PB1|PP755595.1|A/cattle/Texas/24-008749-003/2024(H5N1)	1998	390
PB1|PP755595.1|A/cattle/Texas/24-008749-003/2024(H5N1)	1999	392
PB1|PP755595.1|A/cattle/Texas/24-008749-003/2024(H5N1)	2000	394
PB1|PP755595.1|A/cattle/Texas/24-008749-003/2024(H5N1)	2001	386
PB1|PP755595.1|A/cattle/Texas/24-008749-003/2024(H5N1)	2002	389
PB1|PP755595.1|A/cattle/Texas/24-008749-003/2024(H5N1)	2003	388
PB1|PP755595.1|A/cattle/Texas/24-008749-003/2024(H5N1)	2004	388
PB1|PP755595.1|A/cattle/Texas/24-008749-003/2024(H5N1)	2005	390
PB1|PP755595.1|A/cattle/Texas/24-008749-003/2024(H5N1)	2006	391
PB1|PP755595.1|A/cattle/Texas/24-008749-003/2024(H5N1)	2007	391
PB1|PP755595.1|A/cattle/Texas/24-008749-003/2024(H5N1)	2008	389
PB1|PP755595.1|A/cattle/Texas/24-008749-003/2024(H5N1)	2009	387
PB1|PP755595.1|A/cattle/Texas/24-008749-003/2024(H5N1)	2010	384
PB1|PP755595.1|A/cattle/Texas/24-008749-003/2024(H5N1)	2011	376
PB1|PP755595.1|A/cattle/Texas/24-008749-003/2024(H5N1)	2012	382
PB1|PP755595.1|A/cattle/Texas/24-008749-003/2024(H5N1)	2013	382
PB1|PP755595.1|A/cattle/Texas/24-008749-003/2024(H5N1)	2014	379
PB1|PP755595.1|A/cattle/Texas/24-008749-003/2024(H5N1)	2015	393
PB1|PP755595.1|A/cattle/Texas/24-008749-003/2024(H5N1)	2016	395
PB1|PP755595.1|A/cattle/Texas/24-008749-003/2024(H5N1)	2017	394
PB1|PP755595.1|A/cattle/Texas/24-008749-003/2024(H5N1)	2018	394
PB1|PP755595.1|A/cattle/Texas/24-008749-003/2024(H5N1)	2019	392
PB1|PP755595.1|A/cattle/Texas/24-008749-003/2024(H5N1)	2020	362
PB1|PP755595.1|A/cattle/Texas/24-008749-003/2024(H5N1)	2021	363
PB1|PP755595.1|A/cattle/Texas/24-008749-003/2024(H5N1)	2022	366
PB1|PP755595.1|A/cattle/Texas/24-008749-003/2024(H5N1)	2023	367
PB1|PP755595.1|A/cattle/Texas/24-008749-003/2024(H5N1)	2024	357
PB1|PP755595.1|A/cattle/Texas/24-008749-003/2024(H5N1)	2025	360
PB1|PP755595.1|A/cattle/Texas/24-008749-003/2024(H5N1)	2026	399
PB1|PP755595.1|A/cattle/Texas/24-008749-003/2024(H5N1)	2027	402
PB1|PP755595.1|A/cattle/Texas/24-008749-003/2024(H5N1)	2028	402
PB1|PP755595.1|A/cattle/Texas/24-008749-003/2024(H5N1)	2029	394
PB1|PP755595.1|A/cattle/Texas/24-008749-003/2024(H5N1)	2030	393
PB1|PP755595.1|A/cattle/Texas/24-008749-003/2024(H5N1)	2031	379
PB1|PP755595.1|A/cattle/Texas/24-008749-003/2024(H5N1)	2032	384
PB1|PP755595.1|A/cattle/Texas/24-008749-003/2024(H5N1)	2033	385
PB1|PP755595.1|A/cattle/Texas/24-008749-003/2024(H5N1)	2034	388
PB1|PP755595.1|A/cattle/Texas/24-008749-003/2024(H5N1)	2035	381
PB1|PP755595.1|A/cattle/Texas/24-008749-003/2024(H5N1)	2036	379
PB1|PP755595.1|A/cattle/Texas/24-008749-003/2024(H5N1)	2037	379
PB1|PP755595.1|A/cattle/Texas/24-008749-003/2024(H5N1)	2038	379
PB1|PP755595.1|A/cattle/Texas/24-008749-003/2024(H5N1)	2039	383
PB1|PP755595.1|A/cattle/Texas/24-008749-003/2024(H5N1)	2040	383
PB1|PP755595.1|A/cattle/Texas/24-008749-003/2024(H5N1)	2041	378
PB1|PP755595.1|A/cattle/Texas/24-008749-003/2024(H5N1)	2042	376
PB1|PP755595.1|A/cattle/Texas/24-008749-003/2024(H5N1)	2043	442
PB1|PP755595.1|A/cattle/Texas/24-008749-003/2024(H5N1)	2044	446
PB1|PP755595.1|A/cattle/Texas/24-008749-003/2024(H5N1)	2045	452
PB1|PP755595.1|A/cattle/Texas/24-008749-003/2024(H5N1)	2046	453
PB1|PP755595.1|A/cattle/Texas/24-008749-003/2024(H5N1)	2047	452
PB1|PP755595.1|A/cattle/Texas/24-008749-003/2024(H5N1)	2048	449
PB1|PP755595.1|A/cattle/Texas/24-008749-003/2024(H5N1)	2049	448
PB1|PP755595.1|A/cattle/Texas/24-008749-003/2024(H5N1)	2050	456
PB1|PP755595.1|A/cattle/Texas/24-008749-003/2024(H5N1)	2051	460
PB1|PP755595.1|A/cattle/Texas/24-008749-003/2024(H5N1)	2052	459
PB1|PP755595.1|A/cattle/Texas/24-008749-003/2024(H5N1)	2053	458
PB1|PP755595.1|A/cattle/Texas/24-008749-003/2024(H5N1)	2054	458
PB1|PP755595.1|A/cattle/Texas/24-008749-003/2024(H5N1)	2055	453
PB1|PP755595.1|A/cattle/Texas/24-008749-003/2024(H5N1)	2056	461
PB1|PP755595.1|A/cattle/Texas/24-008749-003/2024(H5N1)	2057	445
PB1|PP755595.1|A/cattle/Texas/24-008749-003/2024(H5N1)	2058	445
PB1|PP755595.1|A/cattle/Texas/24-008749-003/2024(H5N1)	2059	447
PB1|PP755595.1|A/cattle/Texas/24-008749-003/2024(H5N1)	2060	464
PB1|PP755595.1|A/cattle/Texas/24-008749-003/2024(H5N1)	2061	468
PB1|PP755595.1|A/cattle/Texas/24-008749-003/2024(H5N1)	2062	468
PB1|PP755595.1|A/cattle/Texas/24-008749-003/2024(H5N1)	2063	465
PB1|PP755595.1|A/cattle/Texas/24-008749-003/2024(H5N1)	2064	468
PB1|PP755595.1|A/cattle/Texas/24-008749-003/2024(H5N1)	2065	459
PB1|PP755595.1|A/cattle/Texas/24-008749-003/2024(H5N1)	2066	461
PB1|PP755595.1|A/cattle/Texas/24-008749-003/2024(H5N1)	2067	461
PB1|PP755595.1|A/cattle/Texas/24-008749-003/2024(H5N1)	2068	464
PB1|PP755595.1|A/cattle/Texas/24-008749-003/2024(H5N1)	2069	464
PB1|PP755595.1|A/cattle/Texas/24-008749-003/2024(H5N1)	2070	462
PB1|PP755595.1|A/cattle/Texas/24-008749-003/2024(H5N1)	2071	460
PB1|PP755595.1|A/cattle/Texas/24-008749-003/2024(H5N1)	2072	460
PB1|PP755595.1|A/cattle/Texas/24-008749-003/2024(H5N1)	2073	463
PB1|PP755595.1|A/cattle/Texas/24-008749-003/2024(H5N1)	2074	460
PB1|PP755595.1|A/cattle/Texas/24-008749-003/2024(H5N1)	2075	456
PB1|PP755595.1|A/cattle/Texas/24-008749-003/2024(H5N1)	2076	448
PB1|PP755595.1|A/cattle/Texas/24-008749-003/2024(H5N1)	2077	443
PB1|PP755595.1|A/cattle/Texas/24-008749-003/2024(H5N1)	2078	440
PB1|PP755595.1|A/cattle/Texas/24-008749-003/2024(H5N1)	2079	441
PB1|PP755595.1|A/cattle/Texas/24-008749-003/2024(H5N1)	2080	439
PB1|PP755595.1|A/cattle/Texas/24-008749-003/2024(H5N1)	2081	439
PB1|PP755595.1|A/cattle/Texas/24-008749-003/2024(H5N1)	2082	436
PB1|PP755595.1|A/cattle/Texas/24-008749-003/2024(H5N1)	2083	432
PB1|PP755595.1|A/cattle/Texas/24-008749-003/2024(H5N1)	2084	436
PB1|PP755595.1|A/cattle/Texas/24-008749-003/2024(H5N1)	2085	439
PB1|PP755595.1|A/cattle/Texas/24-008749-003/2024(H5N1)	2086	438
PB1|PP755595.1|A/cattle/Texas/24-008749-003/2024(H5N1)	2087	447
PB1|PP755595.1|A/cattle/Texas/24-008749-003/2024(H5N1)	2088	461
PB1|PP755595.1|A/cattle/Texas/24-008749-003/2024(H5N1)	2089	462
PB1|PP755595.1|A/cattle/Texas/24-008749-003/2024(H5N1)	2090	463
PB1|PP755595.1|A/cattle/Texas/24-008749-003/2024(H5N1)	2091	463
PB1|PP755595.1|A/cattle/Texas/24-008749-003/2024(H5N1)	2092	462
PB1|PP755595.1|A/cattle/Texas/24-008749-003/2024(H5N1)	2093	468
PB1|PP755595.1|A/cattle/Texas/24-008749-003/2024(H5N1)	2094	468
PB1|PP755595.1|A/cattle/Texas/24-008749-003/2024(H5N1)	2095	468
PB1|PP755595.1|A/cattle/Texas/24-008749-003/2024(H5N1)	2096	471
PB1|PP755595.1|A/cattle/Texas/24-008749-003/2024(H5N1)	2097	479
PB1|PP755595.1|A/cattle/Texas/24-008749-003/2024(H5N1)	2098	481
PB1|PP755595.1|A/cattle/Texas/24-008749-003/2024(H5N1)	2099	482
PB1|PP755595.1|A/cattle/Texas/24-008749-003/2024(H5N1)	2100	482
PB1|PP755595.1|A/cattle/Texas/24-008749-003/2024(H5N1)	2101	482
PB1|PP755595.1|A/cattle/Texas/24-008749-003/2024(H5N1)	2102	482
PB1|PP755595.1|A/cattle/Texas/24-008749-003/2024(H5N1)	2103	486
PB1|PP755595.1|A/cattle/Texas/24-008749-003/2024(H5N1)	2104	494
PB1|PP755595.1|A/cattle/Texas/24-008749-003/2024(H5N1)	2105	488
PB1|PP755595.1|A/cattle/Texas/24-008749-003/2024(H5N1)	2106	489
PB1|PP755595.1|A/cattle/Texas/24-008749-003/2024(H5N1)	2107	491
PB1|PP755595.1|A/cattle/Texas/24-008749-003/2024(H5N1)	2108	506
PB1|PP755595.1|A/cattle/Texas/24-008749-003/2024(H5N1)	2109	498
PB1|PP755595.1|A/cattle/Texas/24-008749-003/2024(H5N1)	2110	510
PB1|PP755595.1|A/cattle/Texas/24-008749-003/2024(H5N1)	2111	512
PB1|PP755595.1|A/cattle/Texas/24-008749-003/2024(H5N1)	2112	517
PB1|PP755595.1|A/cattle/Texas/24-008749-003/2024(H5N1)	2113	518
PB1|PP755595.1|A/cattle/Texas/24-008749-003/2024(H5N1)	2114	519
PB1|PP755595.1|A/cattle/Texas/24-008749-003/2024(H5N1)	2115	530
PB1|PP755595.1|A/cattle/Texas/24-008749-003/2024(H5N1)	2116	521
PB1|PP755595.1|A/cattle/Texas/24-008749-003/2024(H5N1)	2117	510
PB1|PP755595.1|A/cattle/Texas/24-008749-003/2024(H5N1)	2118	509
PB1|PP755595.1|A/cattle/Texas/24-008749-003/2024(H5N1)	2119	481
PB1|PP755595.1|A/cattle/Texas/24-008749-003/2024(H5N1)	2120	481
PB1|PP755595.1|A/cattle/Texas/24-008749-003/2024(H5N1)	2121	482
PB1|PP755595.1|A/cattle/Texas/24-008749-003/2024(H5N1)	2122	481
PB1|PP755595.1|A/cattle/Texas/24-008749-003/2024(H5N1)	2123	480
PB1|PP755595.1|A/cattle/Texas/24-008749-003/2024(H5N1)	2124	483
PB1|PP755595.1|A/cattle/Texas/24-008749-003/2024(H5N1)	2125	484
PB1|PP755595.1|A/cattle/Texas/24-008749-003/2024(H5N1)	2126	486
PB1|PP755595.1|A/cattle/Texas/24-008749-003/2024(H5N1)	2127	480
PB1|PP755595.1|A/cattle/Texas/24-008749-003/2024(H5N1)	2128	480
PB1|PP755595.1|A/cattle/Texas/24-008749-003/2024(H5N1)	2129	480
PB1|PP755595.1|A/cattle/Texas/24-008749-003/2024(H5N1)	2130	483
PB1|PP755595.1|A/cattle/Texas/24-008749-003/2024(H5N1)	2131	487
PB1|PP755595.1|A/cattle/Texas/24-008749-003/2024(H5N1)	2132	486
PB1|PP755595.1|A/cattle/Texas/24-008749-003/2024(H5N1)	2133	486
PB1|PP755595.1|A/cattle/Texas/24-008749-003/2024(H5N1)	2134	494
PB1|PP755595.1|A/cattle/Texas/24-008749-003/2024(H5N1)	2135	491
PB1|PP755595.1|A/cattle/Texas/24-008749-003/2024(H5N1)	2136	493
PB1|PP755595.1|A/cattle/Texas/24-008749-003/2024(H5N1)	2137	492
PB1|PP755595.1|A/cattle/Texas/24-008749-003/2024(H5N1)	2138	503
PB1|PP755595.1|A/cattle/Texas/24-008749-003/2024(H5N1)	2139	506
PB1|PP755595.1|A/cattle/Texas/24-008749-003/2024(H5N1)	2140	518
PB1|PP755595.1|A/cattle/Texas/24-008749-003/2024(H5N1)	2141	521
PB1|PP755595.1|A/cattle/Texas/24-008749-003/2024(H5N1)	2142	534
PB1|PP755595.1|A/cattle/Texas/24-008749-003/2024(H5N1)	2143	534
PB1|PP755595.1|A/cattle/Texas/24-008749-003/2024(H5N1)	2144	532
PB1|PP755595.1|A/cattle/Texas/24-008749-003/2024(H5N1)	2145	532
PB1|PP755595.1|A/cattle/Texas/24-008749-003/2024(H5N1)	2146	533
PB1|PP755595.1|A/cattle/Texas/24-008749-003/2024(H5N1)	2147	524
PB1|PP755595.1|A/cattle/Texas/24-008749-003/2024(H5N1)	2148	526
PB1|PP755595.1|A/cattle/Texas/24-008749-003/2024(H5N1)	2149	524
PB1|PP755595.1|A/cattle/Texas/24-008749-003/2024(H5N1)	2150	521
PB1|PP755595.1|A/cattle/Texas/24-008749-003/2024(H5N1)	2151	516
PB1|PP755595.1|A/cattle/Texas/24-008749-003/2024(H5N1)	2152	490
PB1|PP755595.1|A/cattle/Texas/24-008749-003/2024(H5N1)	2153	490
PB1|PP755595.1|A/cattle/Texas/24-008749-003/2024(H5N1)	2154	500
PB1|PP755595.1|A/cattle/Texas/24-008749-003/2024(H5N1)	2155	502
PB1|PP755595.1|A/cattle/Texas/24-008749-003/2024(H5N1)	2156	500
PB1|PP755595.1|A/cattle/Texas/24-008749-003/2024(H5N1)	2157	491
PB1|PP755595.1|A/cattle/Texas/24-008749-003/2024(H5N1)	2158	494
PB1|PP755595.1|A/cattle/Texas/24-008749-003/2024(H5N1)	2159	493
PB1|PP755595.1|A/cattle/Texas/24-008749-003/2024(H5N1)	2160	492
PB1|PP755595.1|A/cattle/Texas/24-008749-003/2024(H5N1)	2161	490
PB1|PP755595.1|A/cattle/Texas/24-008749-003/2024(H5N1)	2162	491
PB1|PP755595.1|A/cattle/Texas/24-008749-003/2024(H5N1)	2163	487
PB1|PP755595.1|A/cattle/Texas/24-008749-003/2024(H5N1)	2164	488
PB1|PP755595.1|A/cattle/Texas/24-008749-003/2024(H5N1)	2165	491
PB1|PP755595.1|A/cattle/Texas/24-008749-003/2024(H5N1)	2166	507
PB1|PP755595.1|A/cattle/Texas/24-008749-003/2024(H5N1)	2167	514
PB1|PP755595.1|A/cattle/Texas/24-008749-003/2024(H5N1)	2168	532
PB1|PP755595.1|A/cattle/Texas/24-008749-003/2024(H5N1)	2169	534
PB1|PP755595.1|A/cattle/Texas/24-008749-003/2024(H5N1)	2170	539
PB1|PP755595.1|A/cattle/Texas/24-008749-003/2024(H5N1)	2171	536
PB1|PP755595.1|A/cattle/Texas/24-008749-003/2024(H5N1)	2172	527
PB1|PP755595.1|A/cattle/Texas/24-008749-003/2024(H5N1)	2173	523
PB1|PP755595.1|A/cattle/Texas/24-008749-003/2024(H5N1)	2174	521
PB1|PP755595.1|A/cattle/Texas/24-008749-003/2024(H5N1)	2175	521
PB1|PP755595.1|A/cattle/Texas/24-008749-003/2024(H5N1)	2176	519
PB1|PP755595.1|A/cattle/Texas/24-008749-003/2024(H5N1)	2177	518
PB1|PP755595.1|A/cattle/Texas/24-008749-003/2024(H5N1)	2178	514
PB1|PP755595.1|A/cattle/Texas/24-008749-003/2024(H5N1)	2179	516
PB1|PP755595.1|A/cattle/Texas/24-008749-003/2024(H5N1)	2180	517
PB1|PP755595.1|A/cattle/Texas/24-008749-003/2024(H5N1)	2181	520
PB1|PP755595.1|A/cattle/Texas/24-008749-003/2024(H5N1)	2182	520
PB1|PP755595.1|A/cattle/Texas/24-008749-003/2024(H5N1)	2183	516
PB1|PP755595.1|A/cattle/Texas/24-008749-003/2024(H5N1)	2184	515
PB1|PP755595.1|A/cattle/Texas/24-008749-003/2024(H5N1)	2185	515
PB1|PP755595.1|A/cattle/Texas/24-008749-003/2024(H5N1)	2186	515
PB1|PP755595.1|A/cattle/Texas/24-008749-003/2024(H5N1)	2187	517
PB1|PP755595.1|A/cattle/Texas/24-008749-003/2024(H5N1)	2188	511
PB1|PP755595.1|A/cattle/Texas/24-008749-003/2024(H5N1)	2189	501
PB1|PP755595.1|A/cattle/Texas/24-008749-003/2024(H5N1)	2190	496
PB1|PP755595.1|A/cattle/Texas/24-008749-003/2024(H5N1)	2191	499
PB1|PP755595.1|A/cattle/Texas/24-008749-003/2024(H5N1)	2192	501
PB1|PP755595.1|A/cattle/Texas/24-008749-003/2024(H5N1)	2193	501
PB1|PP755595.1|A/cattle/Texas/24-008749-003/2024(H5N1)	2194	500
PB1|PP755595.1|A/cattle/Texas/24-008749-003/2024(H5N1)	2195	500
PB1|PP755595.1|A/cattle/Texas/24-008749-003/2024(H5N1)	2196	489
PB1|PP755595.1|A/cattle/Texas/24-008749-003/2024(H5N1)	2197	491
PB1|PP755595.1|A/cattle/Texas/24-008749-003/2024(H5N1)	2198	491
PB1|PP755595.1|A/cattle/Texas/24-008749-003/2024(H5N1)	2199	491
PB1|PP755595.1|A/cattle/Texas/24-008749-003/2024(H5N1)	2200	491
PB1|PP755595.1|A/cattle/Texas/24-008749-003/2024(H5N1)	2201	493
PB1|PP755595.1|A/cattle/Texas/24-008749-003/2024(H5N1)	2202	501
PB1|PP755595.1|A/cattle/Texas/24-008749-003/2024(H5N1)	2203	501
PB1|PP755595.1|A/cattle/Texas/24-008749-003/2024(H5N1)	2204	501
PB1|PP755595.1|A/cattle/Texas/24-008749-003/2024(H5N1)	2205	501
PB1|PP755595.1|A/cattle/Texas/24-008749-003/2024(H5N1)	2206	501
PB1|PP755595.1|A/cattle/Texas/24-008749-003/2024(H5N1)	2207	491
PB1|PP755595.1|A/cattle/Texas/24-008749-003/2024(H5N1)	2208	491
PB1|PP755595.1|A/cattle/Texas/24-008749-003/2024(H5N1)	2209	493
PB1|PP755595.1|A/cattle/Texas/24-008749-003/2024(H5N1)	2210	489
PB1|PP755595.1|A/cattle/Texas/24-008749-003/2024(H5N1)	2211	457
PB1|PP755595.1|A/cattle/Texas/24-008749-003/2024(H5N1)	2212	454
PB1|PP755595.1|A/cattle/Texas/24-008749-003/2024(H5N1)	2213	459
PB1|PP755595.1|A/cattle/Texas/24-008749-003/2024(H5N1)	2214	456
PB1|PP755595.1|A/cattle/Texas/24-008749-003/2024(H5N1)	2215	461
PB1|PP755595.1|A/cattle/Texas/24-008749-003/2024(H5N1)	2216	452
PB1|PP755595.1|A/cattle/Texas/24-008749-003/2024(H5N1)	2217	453
PB1|PP755595.1|A/cattle/Texas/24-008749-003/2024(H5N1)	2218	448
PB1|PP755595.1|A/cattle/Texas/24-008749-003/2024(H5N1)	2219	448
PB1|PP755595.1|A/cattle/Texas/24-008749-003/2024(H5N1)	2220	446
PB1|PP755595.1|A/cattle/Texas/24-008749-003/2024(H5N1)	2221	446
PB1|PP755595.1|A/cattle/Texas/24-008749-003/2024(H5N1)	2222	446
PB1|PP755595.1|A/cattle/Texas/24-008749-003/2024(H5N1)	2223	442
PB1|PP755595.1|A/cattle/Texas/24-008749-003/2024(H5N1)	2224	438
PB1|PP755595.1|A/cattle/Texas/24-008749-003/2024(H5N1)	2225	423
PB1|PP755595.1|A/cattle/Texas/24-008749-003/2024(H5N1)	2226	427
PB1|PP755595.1|A/cattle/Texas/24-008749-003/2024(H5N1)	2227	429
PB1|PP755595.1|A/cattle/Texas/24-008749-003/2024(H5N1)	2228	428
PB1|PP755595.1|A/cattle/Texas/24-008749-003/2024(H5N1)	2229	433
PB1|PP755595.1|A/cattle/Texas/24-008749-003/2024(H5N1)	2230	434
PB1|PP755595.1|A/cattle/Texas/24-008749-003/2024(H5N1)	2231	432
PB1|PP755595.1|A/cattle/Texas/24-008749-003/2024(H5N1)	2232	340
PB1|PP755595.1|A/cattle/Texas/24-008749-003/2024(H5N1)	2233	428
PB1|PP755595.1|A/cattle/Texas/24-008749-003/2024(H5N1)	2234	427
PB1|PP755595.1|A/cattle/Texas/24-008749-003/2024(H5N1)	2235	423
PB1|PP755595.1|A/cattle/Texas/24-008749-003/2024(H5N1)	2236	416
PB1|PP755595.1|A/cattle/Texas/24-008749-003/2024(H5N1)	2237	414
PB1|PP755595.1|A/cattle/Texas/24-008749-003/2024(H5N1)	2238	416
PB1|PP755595.1|A/cattle/Texas/24-008749-003/2024(H5N1)	2239	377
PB1|PP755595.1|A/cattle/Texas/24-008749-003/2024(H5N1)	2240	377
PB1|PP755595.1|A/cattle/Texas/24-008749-003/2024(H5N1)	2241	377
PB1|PP755595.1|A/cattle/Texas/24-008749-003/2024(H5N1)	2242	375
PB1|PP755595.1|A/cattle/Texas/24-008749-003/2024(H5N1)	2243	374
PB1|PP755595.1|A/cattle/Texas/24-008749-003/2024(H5N1)	2244	359
PB1|PP755595.1|A/cattle/Texas/24-008749-003/2024(H5N1)	2245	350
PB1|PP755595.1|A/cattle/Texas/24-008749-003/2024(H5N1)	2246	356
PB1|PP755595.1|A/cattle/Texas/24-008749-003/2024(H5N1)	2247	350
PB1|PP755595.1|A/cattle/Texas/24-008749-003/2024(H5N1)	2248	347
PB1|PP755595.1|A/cattle/Texas/24-008749-003/2024(H5N1)	2249	343
PB1|PP755595.1|A/cattle/Texas/24-008749-003/2024(H5N1)	2250	342
PB1|PP755595.1|A/cattle/Texas/24-008749-003/2024(H5N1)	2251	343
PB1|PP755595.1|A/cattle/Texas/24-008749-003/2024(H5N1)	2252	341
PB1|PP755595.1|A/cattle/Texas/24-008749-003/2024(H5N1)	2253	342
PB1|PP755595.1|A/cattle/Texas/24-008749-003/2024(H5N1)	2254	343
PB1|PP755595.1|A/cattle/Texas/24-008749-003/2024(H5N1)	2255	304
PB1|PP755595.1|A/cattle/Texas/24-008749-003/2024(H5N1)	2256	310
PB1|PP755595.1|A/cattle/Texas/24-008749-003/2024(H5N1)	2257	308
PB1|PP755595.1|A/cattle/Texas/24-008749-003/2024(H5N1)	2258	304
PB1|PP755595.1|A/cattle/Texas/24-008749-003/2024(H5N1)	2259	301
PB1|PP755595.1|A/cattle/Texas/24-008749-003/2024(H5N1)	2260	300
PB1|PP755595.1|A/cattle/Texas/24-008749-003/2024(H5N1)	2261	295
PB1|PP755595.1|A/cattle/Texas/24-008749-003/2024(H5N1)	2262	294
PB1|PP755595.1|A/cattle/Texas/24-008749-003/2024(H5N1)	2263	287
PB1|PP755595.1|A/cattle/Texas/24-008749-003/2024(H5N1)	2264	284
PB1|PP755595.1|A/cattle/Texas/24-008749-003/2024(H5N1)	2265	268
PB1|PP755595.1|A/cattle/Texas/24-008749-003/2024(H5N1)	2266	266
PB1|PP755595.1|A/cattle/Texas/24-008749-003/2024(H5N1)	2267	264
PB1|PP755595.1|A/cattle/Texas/24-008749-003/2024(H5N1)	2268	264
PB1|PP755595.1|A/cattle/Texas/24-008749-003/2024(H5N1)	2269	263
PB1|PP755595.1|A/cattle/Texas/24-008749-003/2024(H5N1)	2270	258
PB1|PP755595.1|A/cattle/Texas/24-008749-003/2024(H5N1)	2271	255
PB1|PP755595.1|A/cattle/Texas/24-008749-003/2024(H5N1)	2272	250
PB1|PP755595.1|A/cattle/Texas/24-008749-003/2024(H5N1)	2273	246
PB1|PP755595.1|A/cattle/Texas/24-008749-003/2024(H5N1)	2274	245
