HA|PP755589.1|A/cattle/Texas/24-008749-003/2024(H5N1)	1	66
HA|PP755589.1|A/cattle/Texas/24-008749-003/2024(H5N1)	2	72
HA|PP755589.1|A/cattle/Texas/24-008749-003/2024(H5N1)	3	76
HA|PP755589.1|A/cattle/Texas/24-008749-003/2024(H5N1)	4	76
HA|PP755589.1|A/cattle/Texas/24-008749-003/2024(H5N1)	5	76
HA|PP755589.1|A/cattle/Texas/24-008749-003/2024(H5N1)	6	76
HA|PP755589.1|A/cattle/Texas/24-008749-003/2024(H5N1)	7	76
HA|PP755589.1|A/cattle/Texas/24-008749-003/2024(H5N1)	8	233
HA|PP755589.1|A/cattle/Texas/24-008749-003/2024(H5N1)	9	247
HA|PP755589.1|A/cattle/Texas/24-008749-003/2024(H5N1)	10	247
HA|PP755589.1|A/cattle/Texas/24-008749-003/2024(H5N1)	11	321
HA|PP755589.1|A/cattle/Texas/24-008749-003/2024(H5N1)	12	329
HA|PP755589.1|A/cattle/Texas/24-008749-003/2024(H5N1)	13	460
HA|PP755589.1|A/cattle/Texas/24-008749-003/2024(H5N1)	14	460
HA|PP755589.1|A/cattle/Texas/24-008749-003/2024(H5N1)	15	460
HA|PP755589.1|A/cattle/Texas/24-008749-003/2024(H5N1)	16	460
HA|PP755589.1|A/cattle/Texas/24-008749-003/2024(H5N1)	17	460
HA|PP755589.1|A/cattle/Texas/24-008749-003/2024(H5N1)	18	476
HA|PP755589.1|A/cattle/Texas/24-008749-003/2024(H5N1)	19	476
HA|PP755589.1|A/cattle/Texas/24-008749-003/2024(H5N1)	20	474
HA|PP755589.1|A/cattle/Texas/24-008749-003/2024(H5N1)	21	480
HA|PP755589.1|A/cattle/Texas/24-008749-003/2024(H5N1)	22	484
HA|PP755589.1|A/cattle/Texas/24-008749-003/2024(H5N1)	23	502
HA|PP755589.1|A/cattle/Texas/24-008749-003/2024(H5N1)	24	502
HA|PP755589.1|A/cattle/Texas/24-008749-003/2024(H5N1)	25	502
HA|PP755589.1|A/cattle/Texas/24-008749-003/2024(H5N1)	26	502
HA|PP755589.1|A/cattle/Texas/24-008749-003/2024(H5N1)	27	502
HA|PP755589.1|A/cattle/Texas/24-008749-003/2024(H5N1)	28	512
HA|PP755589.1|A/cattle/Texas/24-008749-003/2024(H5N1)	29	536
HA|PP755589.1|A/cattle/Texas/24-008749-003/2024(H5N1)	30	552
HA|PP755589.1|A/cattle/Texas/24-008749-003/2024(H5N1)	31	552
HA|PP755589.1|A/cattle/Texas/24-008749-003/2024(H5N1)	32	550
HA|PP755589.1|A/cattle/Texas/24-008749-003/2024(H5N1)	33	550
HA|PP755589.1|A/cattle/Texas/24-008749-003/2024(H5N1)	34	550
HA|PP755589.1|A/cattle/Texas/24-008749-003/2024(H5N1)	35	558
HA|PP755589.1|A/cattle/Texas/24-008749-003/2024(H5N1)	36	558
HA|PP755589.1|A/cattle/Texas/24-008749-003/2024(H5N1)	37	558
HA|PP755589.1|A/cattle/Texas/24-008749-003/2024(H5N1)	38	558
HA|PP755589.1|A/cattle/Texas/24-008749-003/2024(H5N1)	39	604
HA|PP755589.1|A/cattle/Texas/24-008749-003/2024(H5N1)	40	614
HA|PP755589.1|A/cattle/Texas/24-008749-003/2024(H5N1)	41	614
HA|PP755589.1|A/cattle/Texas/24-008749-003/2024(H5N1)	42	614
HA|PP755589.1|A/cattle/Texas/24-008749-003/2024(H5N1)	43	614
HA|PP755589.1|A/cattle/Texas/24-008749-003/2024(H5N1)	44	620
HA|PP755589.1|A/cattle/Texas/24-008749-003/2024(H5N1)	45	620
HA|PP755589.1|A/cattle/Texas/24-008749-003/2024(H5N1)	46	620
HA|PP755589.1|A/cattle/Texas/24-008749-003/2024(H5N1)	47	624
HA|PP755589.1|A/cattle/Texas/24-008749-003/2024(H5N1)	48	624
HA|PP755589.1|A/cattle/Texas/24-008749-003/2024(H5N1)	49	624
HA|PP755589.1|A/cattle/Texas/24-008749-003/2024(H5N1)	50	624
HA|PP755589.1|A/cattle/Texas/24-008749-003/2024(H5N1)	51	624
HA|PP755589.1|A/cattle/Texas/24-008749-003/2024(H5N1)	52	624
HA|PP755589.1|A/cattle/Texas/24-008749-003/2024(H5N1)	53	620
HA|PP755589.1|A/cattle/Texas/24-008749-003/2024(H5N1)	54	654
HA|PP755589.1|A/cattle/Texas/24-008749-003/2024(H5N1)	55	655
HA|PP755589.1|A/cattle/Texas/24-008749-003/2024(H5N1)	56	653
HA|PP755589.1|A/cattle/Texas/24-008749-003/2024(H5N1)	57	654
HA|PP755589.1|A/cattle/Texas/24-008749-003/2024(H5N1)	58	654
HA|PP755589.1|A/cattle/Texas/24-008749-003/2024(H5N1)	59	662
HA|PP755589.1|A/cattle/Texas/24-008749-003/2024(H5N1)	60	662
HA|PP755589.1|A/cattle/Texas/24-008749-003/2024(H5N1)	61	662
HA|PP755589.1|A/cattle/Texas/24-008749-003/2024(H5N1)	62	664
HA|PP755589.1|A/cattle/Texas/24-008749-003/2024(H5N1)	63	656
HA|PP755589.1|A/cattle/Texas/24-008749-003/2024(H5N1)	64	678
HA|PP755589.1|A/cattle/Texas/24-008749-003/2024(H5N1)	65	678
HA|PP755589.1|A/cattle/Texas/24-008749-003/2024(H5N1)	66	674
HA|PP755589.1|A/cattle/Texas/24-008749-003/2024(H5N1)	67	674
HA|PP755589.1|A/cattle/Texas/24-008749-003/2024(H5N1)	68	674
HA|PP755589.1|A/cattle/Texas/24-008749-003/2024(H5N1)	69	688
HA|PP755589.1|A/cattle/Texas/24-008749-003/2024(H5N1)	70	688
HA|PP755589.1|A/cattle/Texas/24-008749-003/2024(H5N1)	71	689
HA|PP755589.1|A/cattle/Texas/24-008749-003/2024(H5N1)	72	689
HA|PP755589.1|A/cattle/Texas/24-008749-003/2024(H5N1)	73	689
HA|PP755589.1|A/cattle/Texas/24-008749-003/2024(H5N1)	74	689
HA|PP755589.1|A/cattle/Texas/24-008749-003/2024(H5N1)	75	689
HA|PP755589.1|A/cattle/Texas/24-008749-003/2024(H5N1)	76	691
HA|PP755589.1|A/cattle/Texas/24-008749-003/2024(H5N1)	77	691
HA|PP755589.1|A/cattle/Texas/24-008749-003/2024(H5N1)	78	715
HA|PP755589.1|A/cattle/Texas/24-008749-003/2024(H5N1)	79	713
HA|PP755589.1|A/cattle/Texas/24-008749-003/2024(H5N1)	80	717
HA|PP755589.1|A/cattle/Texas/24-008749-003/2024(H5N1)	81	717
HA|PP755589.1|A/cattle/Texas/24-008749-003/2024(H5N1)	82	717
HA|PP755589.1|A/cattle/Texas/24-008749-003/2024(H5N1)	83	721
HA|PP755589.1|A/cattle/Texas/24-008749-003/2024(H5N1)	84	721
HA|PP755589.1|A/cattle/Texas/24-008749-003/2024(H5N1)	85	721
HA|PP755589.1|A/cattle/Texas/24-008749-003/2024(H5N1)	86	721
HA|PP755589.1|A/cattle/Texas/24-008749-003/2024(H5N1)	87	709
HA|PP755589.1|A/cattle/Texas/24-008749-003/2024(H5N1)	88	717
HA|PP755589.1|A/cattle/Texas/24-008749-003/2024(H5N1)	89	715
HA|PP755589.1|A/cattle/Texas/24-008749-003/2024(H5N1)	90	715
HA|PP755589.1|A/cattle/Texas/24-008749-003/2024(H5N1)	91	715
HA|PP755589.1|A/cattle/Texas/24-008749-003/2024(H5N1)	92	715
HA|PP755589.1|A/cattle/Texas/24-008749-003/2024(H5N1)	93	721
HA|PP755589.1|A/cattle/Texas/24-008749-003/2024(H5N1)	94	721
HA|PP755589.1|A/cattle/Texas/24-008749-003/2024(H5N1)	95	721
HA|PP755589.1|A/cattle/Texas/24-008749-003/2024(H5N1)	96	723
HA|PP755589.1|A/cattle/Texas/24-008749-003/2024(H5N1)	97	719
HA|PP755589.1|A/cattle/Texas/24-008749-003/2024(H5N1)	98	719
HA|PP755589.1|A/cattle/Texas/24-008749-003/2024(H5N1)	99	721
HA|PP755589.1|A/cattle/Texas/24-008749-003/2024(H5N1)	100	721
HA|PP755589.1|A/cattle/Texas/24-008749-003/2024(H5N1)	101	729
HA|PP755589.1|A/cattle/Texas/24-008749-003/2024(H5N1)	102	727
HA|PP755589.1|A/cattle/Texas/24-008749-003/2024(H5N1)	103	727
HA|PP755589.1|A/cattle/Texas/24-008749-003/2024(H5N1)	104	727
HA|PP755589.1|A/cattle/Texas/24-008749-003/2024(H5N1)	105	727
HA|PP755589.1|A/cattle/Texas/24-008749-003/2024(H5N1)	106	733
HA|PP755589.1|A/cattle/Texas/24-008749-003/2024(H5N1)	107	733
HA|PP755589.1|A/cattle/Texas/24-008749-003/2024(H5N1)	108	733
HA|PP755589.1|A/cattle/Texas/24-008749-003/2024(H5N1)	109	735
HA|PP755589.1|A/cattle/Texas/24-008749-003/2024(H5N1)	110	729
HA|PP755589.1|A/cattle/Texas/24-008749-003/2024(H5N1)	111	729
HA|PP755589.1|A/cattle/Texas/24-008749-003/2024(H5N1)	112	729
HA|PP755589.1|A/cattle/Texas/24-008749-003/2024(H5N1)	113	729
HA|PP755589.1|A/cattle/Texas/24-008749-003/2024(H5N1)	114	731
HA|PP755589.1|A/cattle/Texas/24-008749-003/2024(H5N1)	115	723
HA|PP755589.1|A/cattle/Texas/24-008749-003/2024(H5N1)	116	721
HA|PP755589.1|A/cattle/Texas/24-008749-003/2024(H5N1)	117	723
HA|PP755589.1|A/cattle/Texas/24-008749-003/2024(H5N1)	118	721
HA|PP755589.1|A/cattle/Texas/24-008749-003/2024(H5N1)	119	721
HA|PP755589.1|A/cattle/Texas/24-008749-003/2024(H5N1)	120	721
HA|PP755589.1|A/cattle/Texas/24-008749-003/2024(H5N1)	121	721
HA|PP755589.1|A/cattle/Texas/24-008749-003/2024(H5N1)	122	765
HA|PP755589.1|A/cattle/Texas/24-008749-003/2024(H5N1)	123	765
HA|PP755589.1|A/cattle/Texas/24-008749-003/2024(H5N1)	124	767
HA|PP755589.1|A/cattle/Texas/24-008749-003/2024(H5N1)	125	765
HA|PP755589.1|A/cattle/Texas/24-008749-003/2024(H5N1)	126	763
HA|PP755589.1|A/cattle/Texas/24-008749-003/2024(H5N1)	127	763
HA|PP755589.1|A/cattle/Texas/24-008749-003/2024(H5N1)	128	764
HA|PP755589.1|A/cattle/Texas/24-008749-003/2024(H5N1)	129	764
HA|PP755589.1|A/cattle/Texas/24-008749-003/2024(H5N1)	130	764
HA|PP755589.1|A/cattle/Texas/24-008749-003/2024(H5N1)	131	723
HA|PP755589.1|A/cattle/Texas/24-008749-003/2024(H5N1)	132	723
HA|PP755589.1|A/cattle/Texas/24-008749-003/2024(H5N1)	133	735
HA|PP755589.1|A/cattle/Texas/24-008749-003/2024(H5N1)	134	731
HA|PP755589.1|A/cattle/Texas/24-008749-003/2024(H5N1)	135	731
HA|PP755589.1|A/cattle/Texas/24-008749-003/2024(H5N1)	136	727
HA|PP755589.1|A/cattle/Texas/24-008749-003/2024(H5N1)	137	721
HA|PP755589.1|A/cattle/Texas/24-008749-003/2024(H5N1)	138	721
HA|PP755589.1|A/cattle/Texas/24-008749-003/2024(H5N1)	139	721
HA|PP755589.1|A/cattle/Texas/24-008749-003/2024(H5N1)	140	721
HA|PP755589.1|A/cattle/Texas/24-008749-003/2024(H5N1)	141	721
HA|PP755589.1|A/cattle/Texas/24-008749-003/2024(H5N1)	142	691
HA|PP755589.1|A/cattle/Texas/24-008749-003/2024(H5N1)	143	693
HA|PP755589.1|A/cattle/Texas/24-008749-003/2024(H5N1)	144	693
HA|PP755589.1|A/cattle/Texas/24-008749-003/2024(H5N1)	145	697
HA|PP755589.1|A/cattle/Texas/24-008749-003/2024(H5N1)	146	695
HA|PP755589.1|A/cattle/Texas/24-008749-003/2024(H5N1)	147	687
HA|PP755589.1|A/cattle/Texas/24-008749-003/2024(H5N1)	148	681
HA|PP755589.1|A/cattle/Texas/24-008749-003/2024(H5N1)	149	677
HA|PP755589.1|A/cattle/Texas/24-008749-003/2024(H5N1)	150	679
HA|PP755589.1|A/cattle/Texas/24-008749-003/2024(H5N1)	151	675
HA|PP755589.1|A/cattle/Texas/24-008749-003/2024(H5N1)	152	673
HA|PP755589.1|A/cattle/Texas/24-008749-003/2024(H5N1)	153	673
HA|PP755589.1|A/cattle/Texas/24-008749-003/2024(H5N1)	154	671
HA|PP755589.1|A/cattle/Texas/24-008749-003/2024(H5N1)	155	671
HA|PP755589.1|A/cattle/Texas/24-008749-003/2024(H5N1)	156	657
HA|PP755589.1|A/cattle/Texas/24-008749-003/2024(H5N1)	157	657
HA|PP755589.1|A/cattle/Texas/24-008749-003/2024(H5N1)	158	657
HA|PP755589.1|A/cattle/Texas/24-008749-003/2024(H5N1)	159	659
HA|PP755589.1|A/cattle/Texas/24-008749-003/2024(H5N1)	160	657
HA|PP755589.1|A/cattle/Texas/24-008749-003/2024(H5N1)	161	669
HA|PP755589.1|A/cattle/Texas/24-008749-003/2024(H5N1)	162	667
HA|PP755589.1|A/cattle/Texas/24-008749-003/2024(H5N1)	163	667
HA|PP755589.1|A/cattle/Texas/24-008749-003/2024(H5N1)	164	667
HA|PP755589.1|A/cattle/Texas/24-008749-003/2024(H5N1)	165	667
HA|PP755589.1|A/cattle/Texas/24-008749-003/2024(H5N1)	166	667
HA|PP755589.1|A/cattle/Texas/24-008749-003/2024(H5N1)	167	667
HA|PP755589.1|A/cattle/Texas/24-008749-003/2024(H5N1)	168	669
HA|PP755589.1|A/cattle/Texas/24-008749-003/2024(H5N1)	169	669
HA|PP755589.1|A/cattle/Texas/24-008749-003/2024(H5N1)	170	641
HA|PP755589.1|A/cattle/Texas/24-008749-003/2024(H5N1)	171	643
HA|PP755589.1|A/cattle/Texas/24-008749-003/2024(H5N1)	172	641
HA|PP755589.1|A/cattle/Texas/24-008749-003/2024(H5N1)	173	641
HA|PP755589.1|A/cattle/Texas/24-008749-003/2024(H5N1)	174	641
HA|PP755589.1|A/cattle/Texas/24-008749-003/2024(H5N1)	175	639
HA|PP755589.1|A/cattle/Texas/24-008749-003/2024(H5N1)	176	641
HA|PP755589.1|A/cattle/Texas/24-008749-003/2024(H5N1)	177	635
HA|PP755589.1|A/cattle/Texas/24-008749-003/2024(H5N1)	178	635
HA|PP755589.1|A/cattle/Texas/24-008749-003/2024(H5N1)	179	633
HA|PP755589.1|A/cattle/Texas/24-008749-003/2024(H5N1)	180	633
HA|PP755589.1|A/cattle/Texas/24-008749-003/2024(H5N1)	181	633
HA|PP755589.1|A/cattle/Texas/24-008749-003/2024(H5N1)	182	633
HA|PP755589.1|A/cattle/Texas/24-008749-003/2024(H5N1)	183	633
HA|PP755589.1|A/cattle/Texas/24-008749-003/2024(H5N1)	184	631
HA|PP755589.1|A/cattle/Texas/24-008749-003/2024(H5N1)	185	607
HA|PP755589.1|A/cattle/Texas/24-008749-003/2024(H5N1)	186	605
HA|PP755589.1|A/cattle/Texas/24-008749-003/2024(H5N1)	187	605
HA|PP755589.1|A/cattle/Texas/24-008749-003/2024(H5N1)	188	605
HA|PP755589.1|A/cattle/Texas/24-008749-003/2024(H5N1)	189	595
HA|PP755589.1|A/cattle/Texas/24-008749-003/2024(H5N1)	190	599
HA|PP755589.1|A/cattle/Texas/24-008749-003/2024(H5N1)	191	601
HA|PP755589.1|A/cattle/Texas/24-008749-003/2024(H5N1)	192	604
HA|PP755589.1|A/cattle/Texas/24-008749-003/2024(H5N1)	193	602
HA|PP755589.1|A/cattle/Texas/24-008749-003/2024(H5N1)	194	590
HA|PP755589.1|A/cattle/Texas/24-008749-003/2024(H5N1)	195	581
HA|PP755589.1|A/cattle/Texas/24-008749-003/2024(H5N1)	196	581
HA|PP755589.1|A/cattle/Texas/24-008749-003/2024(H5N1)	197	579
HA|PP755589.1|A/cattle/Texas/24-008749-003/2024(H5N1)	198	599
HA|PP755589.1|A/cattle/Texas/24-008749-003/2024(H5N1)	199	600
HA|PP755589.1|A/cattle/Texas/24-008749-003/2024(H5N1)	200	632
HA|PP755589.1|A/cattle/Texas/24-008749-003/2024(H5N1)	201	627
HA|PP755589.1|A/cattle/Texas/24-008749-003/2024(H5N1)	202	627
HA|PP755589.1|A/cattle/Texas/24-008749-003/2024(H5N1)	203	619
HA|PP755589.1|A/cattle/Texas/24-008749-003/2024(H5N1)	204	619
HA|PP755589.1|A/cattle/Texas/24-008749-003/2024(H5N1)	205	619
HA|PP755589.1|A/cattle/Texas/24-008749-003/2024(H5N1)	206	617
HA|PP755589.1|A/cattle/Texas/24-008749-003/2024(H5N1)	207	653
HA|PP755589.1|A/cattle/Texas/24-008749-003/2024(H5N1)	208	651
HA|PP755589.1|A/cattle/Texas/24-008749-003/2024(H5N1)	209	561
HA|PP755589.1|A/cattle/Texas/24-008749-003/2024(H5N1)	210	597
HA|PP755589.1|A/cattle/Texas/24-008749-003/2024(H5N1)	211	573
HA|PP755589.1|A/cattle/Texas/24-008749-003/2024(H5N1)	212	589
HA|PP755589.1|A/cattle/Texas/24-008749-003/2024(H5N1)	213	598
HA|PP755589.1|A/cattle/Texas/24-008749-003/2024(H5N1)	214	598
HA|PP755589.1|A/cattle/Texas/24-008749-003/2024(H5N1)	215	620
HA|PP755589.1|A/cattle/Texas/24-008749-003/2024(H5N1)	216	586
HA|PP755589.1|A/cattle/Texas/24-008749-003/2024(H5N1)	217	598
HA|PP755589.1|A/cattle/Texas/24-008749-003/2024(H5N1)	218	601
HA|PP755589.1|A/cattle/Texas/24-008749-003/2024(H5N1)	219	575
HA|PP755589.1|A/cattle/Texas/24-008749-003/2024(H5N1)	220	577
HA|PP755589.1|A/cattle/Texas/24-008749-003/2024(H5N1)	221	573
HA|PP755589.1|A/cattle/Texas/24-008749-003/2024(H5N1)	222	557
HA|PP755589.1|A/cattle/Texas/24-008749-003/2024(H5N1)	223	567
HA|PP755589.1|A/cattle/Texas/24-008749-003/2024(H5N1)	224	478
HA|PP755589.1|A/cattle/Texas/24-008749-003/2024(H5N1)	225	476
HA|PP755589.1|A/cattle/Texas/24-008749-003/2024(H5N1)	226	453
HA|PP755589.1|A/cattle/Texas/24-008749-003/2024(H5N1)	227	440
HA|PP755589.1|A/cattle/Texas/24-008749-003/2024(H5N1)	228	436
HA|PP755589.1|A/cattle/Texas/24-008749-003/2024(H5N1)	229	428
HA|PP755589.1|A/cattle/Texas/24-008749-003/2024(H5N1)	230	420
HA|PP755589.1|A/cattle/Texas/24-008749-003/2024(H5N1)	231	418
HA|PP755589.1|A/cattle/Texas/24-008749-003/2024(H5N1)	232	402
HA|PP755589.1|A/cattle/Texas/24-008749-003/2024(H5N1)	233	402
HA|PP755589.1|A/cattle/Texas/24-008749-003/2024(H5N1)	234	401
HA|PP755589.1|A/cattle/Texas/24-008749-003/2024(H5N1)	235	401
HA|PP755589.1|A/cattle/Texas/24-008749-003/2024(H5N1)	236	401
HA|PP755589.1|A/cattle/Texas/24-008749-003/2024(H5N1)	237	395
HA|PP755589.1|A/cattle/Texas/24-008749-003/2024(H5N1)	238	403
HA|PP755589.1|A/cattle/Texas/24-008749-003/2024(H5N1)	239	409
HA|PP755589.1|A/cattle/Texas/24-008749-003/2024(H5N1)	240	419
HA|PP755589.1|A/cattle/Texas/24-008749-003/2024(H5N1)	241	411
HA|PP755589.1|A/cattle/Texas/24-008749-003/2024(H5N1)	242	411
HA|PP755589.1|A/cattle/Texas/24-008749-003/2024(H5N1)	243	371
HA|PP755589.1|A/cattle/Texas/24-008749-003/2024(H5N1)	244	371
HA|PP755589.1|A/cattle/Texas/24-008749-003/2024(H5N1)	245	363
HA|PP755589.1|A/cattle/Texas/24-008749-003/2024(H5N1)	246	362
HA|PP755589.1|A/cattle/Texas/24-008749-003/2024(H5N1)	247	338
HA|PP755589.1|A/cattle/Texas/24-008749-003/2024(H5N1)	248	330
HA|PP755589.1|A/cattle/Texas/24-008749-003/2024(H5N1)	249	285
HA|PP755589.1|A/cattle/Texas/24-008749-003/2024(H5N1)	250	277
HA|PP755589.1|A/cattle/Texas/24-008749-003/2024(H5N1)	251	277
HA|PP755589.1|A/cattle/Texas/24-008749-003/2024(H5N1)	252	275
HA|PP755589.1|A/cattle/Texas/24-008749-003/2024(H5N1)	253	264
HA|PP755589.1|A/cattle/Texas/24-008749-003/2024(H5N1)	254	262
HA|PP755589.1|A/cattle/Texas/24-008749-003/2024(H5N1)	255	256
HA|PP755589.1|A/cattle/Texas/24-008749-003/2024(H5N1)	256	256
HA|PP755589.1|A/cattle/Texas/24-008749-003/2024(H5N1)	257	256
HA|PP755589.1|A/cattle/Texas/24-008749-003/2024(H5N1)	258	260
HA|PP755589.1|A/cattle/Texas/24-008749-003/2024(H5N1)	259	260
HA|PP755589.1|A/cattle/Texas/24-008749-003/2024(H5N1)	260	260
HA|PP755589.1|A/cattle/Texas/24-008749-003/2024(H5N1)	261	260
HA|PP755589.1|A/cattle/Texas/24-008749-003/2024(H5N1)	262	252
HA|PP755589.1|A/cattle/Texas/24-008749-003/2024(H5N1)	263	254
HA|PP755589.1|A/cattle/Texas/24-008749-003/2024(H5N1)	264	248
HA|PP755589.1|A/cattle/Texas/24-008749-003/2024(H5N1)	265	252
HA|PP755589.1|A/cattle/Texas/24-008749-003/2024(H5N1)	266	252
HA|PP755589.1|A/cattle/Texas/24-008749-003/2024(H5N1)	267	252
HA|PP755589.1|A/cattle/Texas/24-008749-003/2024(H5N1)	268	254
HA|PP755589.1|A/cattle/Texas/24-008749-003/2024(H5N1)	269	254
HA|PP755589.1|A/cattle/Texas/24-008749-003/2024(H5N1)	270	254
HA|PP755589.1|A/cattle/Texas/24-008749-003/2024(H5N1)	271	256
HA|PP755589.1|A/cattle/Texas/24-008749-003/2024(H5N1)	272	256
HA|PP755589.1|A/cattle/Texas/24-008749-003/2024(H5N1)	273	256
HA|PP755589.1|A/cattle/Texas/24-008749-003/2024(H5N1)	274	254
HA|PP755589.1|A/cattle/Texas/24-008749-003/2024(H5N1)	275	254
HA|PP755589.1|A/cattle/Texas/24-008749-003/2024(H5N1)	276	278
HA|PP755589.1|A/cattle/Texas/24-008749-003/2024(H5N1)	277	276
HA|PP755589.1|A/cattle/Texas/24-008749-003/2024(H5N1)	278	284
HA|PP755589.1|A/cattle/Texas/24-008749-003/2024(H5N1)	279	284
HA|PP755589.1|A/cattle/Texas/24-008749-003/2024(H5N1)	280	284
HA|PP755589.1|A/cattle/Texas/24-008749-003/2024(H5N1)	281	292
HA|PP755589.1|A/cattle/Texas/24-008749-003/2024(H5N1)	282	292
HA|PP755589.1|A/cattle/Texas/24-008749-003/2024(H5N1)	283	292
HA|PP755589.1|A/cattle/Texas/24-008749-003/2024(H5N1)	284	292
HA|PP755589.1|A/cattle/Texas/24-008749-003/2024(H5N1)	285	282
HA|PP755589.1|A/cattle/Texas/24-008749-003/2024(H5N1)	286	281
HA|PP755589.1|A/cattle/Texas/24-008749-003/2024(H5N1)	287	281
HA|PP755589.1|A/cattle/Texas/24-008749-003/2024(H5N1)	288	281
HA|PP755589.1|A/cattle/Texas/24-008749-003/2024(H5N1)	289	283
HA|PP755589.1|A/cattle/Texas/24-008749-003/2024(H5N1)	290	279
HA|PP755589.1|A/cattle/Texas/24-008749-003/2024(H5N1)	291	279
HA|PP755589.1|A/cattle/Texas/24-008749-003/2024(H5N1)	292	279
HA|PP755589.1|A/cattle/Texas/24-008749-003/2024(H5N1)	293	279
HA|PP755589.1|A/cattle/Texas/24-008749-003/2024(H5N1)	294	291
HA|PP755589.1|A/cattle/Texas/24-008749-003/2024(H5N1)	295	291
HA|PP755589.1|A/cattle/Texas/24-008749-003/2024(H5N1)	296	291
HA|PP755589.1|A/cattle/Texas/24-008749-003/2024(H5N1)	297	291
HA|PP755589.1|A/cattle/Texas/24-008749-003/2024(H5N1)	298	292
HA|PP755589.1|A/cattle/Texas/24-008749-003/2024(H5N1)	299	292
HA|PP755589.1|A/cattle/Texas/24-008749-003/2024(H5N1)	300	291
HA|PP755589.1|A/cattle/Texas/24-008749-003/2024(H5N1)	301	291
HA|PP755589.1|A/cattle/Texas/24-008749-003/2024(H5N1)	302	291
HA|PP755589.1|A/cattle/Texas/24-008749-003/2024(H5N1)	303	282
HA|PP755589.1|A/cattle/Texas/24-008749-003/2024(H5N1)	304	282
HA|PP755589.1|A/cattle/Texas/24-008749-003/2024(H5N1)	305	282
HA|PP755589.1|A/cattle/Texas/24-008749-003/2024(H5N1)	306	282
HA|PP755589.1|A/cattle/Texas/24-008749-003/2024(H5N1)	307	278
HA|PP755589.1|A/cattle/Texas/24-008749-003/2024(H5N1)	308	278
HA|PP755589.1|A/cattle/Texas/24-008749-003/2024(H5N1)	309	278
HA|PP755589.1|A/cattle/Texas/24-008749-003/2024(H5N1)	310	282
HA|PP755589.1|A/cattle/Texas/24-008749-003/2024(H5N1)	311	282
HA|PP755589.1|A/cattle/Texas/24-008749-003/2024(H5N1)	312	282
HA|PP755589.1|A/cattle/Texas/24-008749-003/2024(H5N1)	313	282
HA|PP755589.1|A/cattle/Texas/24-008749-003/2024(H5N1)	314	282
HA|PP755589.1|A/cattle/Texas/24-008749-003/2024(H5N1)	315	290
HA|PP755589.1|A/cattle/Texas/24-008749-003/2024(H5N1)	316	290
HA|PP755589.1|A/cattle/Texas/24-008749-003/2024(H5N1)	317	292
HA|PP755589.1|A/cattle/Texas/24-008749-003/2024(H5N1)	318	292
HA|PP755589.1|A/cattle/Texas/24-008749-003/2024(H5N1)	319	292
HA|PP755589.1|A/cattle/Texas/24-008749-003/2024(H5N1)	320	300
HA|PP755589.1|A/cattle/Texas/24-008749-003/2024(H5N1)	321	300
HA|PP755589.1|A/cattle/Texas/24-008749-003/2024(H5N1)	322	300
HA|PP755589.1|A/cattle/Texas/24-008749-003/2024(H5N1)	323	300
HA|PP755589.1|A/cattle/Texas/24-008749-003/2024(H5N1)	324	294
HA|PP755589.1|A/cattle/Texas/24-008749-003/2024(H5N1)	325	294
HA|PP755589.1|A/cattle/Texas/24-008749-003/2024(H5N1)	326	288
HA|PP755589.1|A/cattle/Texas/24-008749-003/2024(H5N1)	327	288
HA|PP755589.1|A/cattle/Texas/24-008749-003/2024(H5N1)	328	286
HA|PP755589.1|A/cattle/Texas/24-008749-003/2024(H5N1)	329	286
HA|PP755589.1|A/cattle/Texas/24-008749-003/2024(H5N1)	330	286
HA|PP755589.1|A/cattle/Texas/24-008749-003/2024(H5N1)	331	286
HA|PP755589.1|A/cattle/Texas/24-008749-003/2024(H5N1)	332	286
HA|PP755589.1|A/cattle/Texas/24-008749-003/2024(H5N1)	333	286
HA|PP755589.1|A/cattle/Texas/24-008749-003/2024(H5N1)	334	282
HA|PP755589.1|A/cattle/Texas/24-008749-003/2024(H5N1)	335	282
HA|PP755589.1|A/cattle/Texas/24-008749-003/2024(H5N1)	336	282
HA|PP755589.1|A/cattle/Texas/24-008749-003/2024(H5N1)	337	282
HA|PP755589.1|A/cattle/Texas/24-008749-003/2024(H5N1)	338	278
HA|PP755589.1|A/cattle/Texas/24-008749-003/2024(H5N1)	339	278
HA|PP755589.1|A/cattle/Texas/24-008749-003/2024(H5N1)	340	272
HA|PP755589.1|A/cattle/Texas/24-008749-003/2024(H5N1)	341	272
HA|PP755589.1|A/cattle/Texas/24-008749-003/2024(H5N1)	342	270
HA|PP755589.1|A/cattle/Texas/24-008749-003/2024(H5N1)	343	270
HA|PP755589.1|A/cattle/Texas/24-008749-003/2024(H5N1)	344	270
HA|PP755589.1|A/cattle/Texas/24-008749-003/2024(H5N1)	345	270
HA|PP755589.1|A/cattle/Texas/24-008749-003/2024(H5N1)	346	270
HA|PP755589.1|A/cattle/Texas/24-008749-003/2024(H5N1)	347	270
HA|PP755589.1|A/cattle/Texas/24-008749-003/2024(H5N1)	348	270
HA|PP755589.1|A/cattle/Texas/24-008749-003/2024(H5N1)	349	272
HA|PP755589.1|A/cattle/Texas/24-008749-003/2024(H5N1)	350	270
HA|PP755589.1|A/cattle/Texas/24-008749-003/2024(H5N1)	351	270
HA|PP755589.1|A/cattle/Texas/24-008749-003/2024(H5N1)	352	270
HA|PP755589.1|A/cattle/Texas/24-008749-003/2024(H5N1)	353	270
HA|PP755589.1|A/cattle/Texas/24-008749-003/2024(H5N1)	354	270
HA|PP755589.1|A/cattle/Texas/24-008749-003/2024(H5N1)	355	266
HA|PP755589.1|A/cattle/Texas/24-008749-003/2024(H5N1)	356	266
HA|PP755589.1|A/cattle/Texas/24-008749-003/2024(H5N1)	357	266
HA|PP755589.1|A/cattle/Texas/24-008749-003/2024(H5N1)	358	270
HA|PP755589.1|A/cattle/Texas/24-008749-003/2024(H5N1)	359	276
HA|PP755589.1|A/cattle/Texas/24-008749-003/2024(H5N1)	360	372
HA|PP755589.1|A/cattle/Texas/24-008749-003/2024(H5N1)	361	373
HA|PP755589.1|A/cattle/Texas/24-008749-003/2024(H5N1)	362	368
HA|PP755589.1|A/cattle/Texas/24-008749-003/2024(H5N1)	363	814
HA|PP755589.1|A/cattle/Texas/24-008749-003/2024(H5N1)	364	814
HA|PP755589.1|A/cattle/Texas/24-008749-003/2024(H5N1)	365	836
HA|PP755589.1|A/cattle/Texas/24-008749-003/2024(H5N1)	366	840
HA|PP755589.1|A/cattle/Texas/24-008749-003/2024(H5N1)	367	834
HA|PP755589.1|A/cattle/Texas/24-008749-003/2024(H5N1)	368	2099
HA|PP755589.1|A/cattle/Texas/24-008749-003/2024(H5N1)	369	2101
HA|PP755589.1|A/cattle/Texas/24-008749-003/2024(H5N1)	370	2133
HA|PP755589.1|A/cattle/Texas/24-008749-003/2024(H5N1)	371	2133
HA|PP755589.1|A/cattle/Texas/24-008749-003/2024(H5N1)	372	2161
HA|PP755589.1|A/cattle/Texas/24-008749-003/2024(H5N1)	373	2164
HA|PP755589.1|A/cattle/Texas/24-008749-003/2024(H5N1)	374	2168
HA|PP755589.1|A/cattle/Texas/24-008749-003/2024(H5N1)	375	2171
HA|PP755589.1|A/cattle/Texas/24-008749-003/2024(H5N1)	376	2181
HA|PP755589.1|A/cattle/Texas/24-008749-003/2024(H5N1)	377	2221
HA|PP755589.1|A/cattle/Texas/24-008749-003/2024(H5N1)	378	2230
HA|PP755589.1|A/cattle/Texas/24-008749-003/2024(H5N1)	379	2232
HA|PP755589.1|A/cattle/Texas/24-008749-003/2024(H5N1)	380	2233
HA|PP755589.1|A/cattle/Texas/24-008749-003/2024(H5N1)	381	2233
HA|PP755589.1|A/cattle/Texas/24-008749-003/2024(H5N1)	382	2245
HA|PP755589.1|A/cattle/Texas/24-008749-003/2024(H5N1)	383	2245
HA|PP755589.1|A/cattle/Texas/24-008749-003/2024(H5N1)	384	2247
HA|PP755589.1|A/cattle/Texas/24-008749-003/2024(H5N1)	385	2241
HA|PP755589.1|A/cattle/Texas/24-008749-003/2024(H5N1)	386	2259
HA|PP755589.1|A/cattle/Texas/24-008749-003/2024(H5N1)	387	2556
HA|PP755589.1|A/cattle/Texas/24-008749-003/2024(H5N1)	388	2945
HA|PP755589.1|A/cattle/Texas/24-008749-003/2024(H5N1)	389	2947
HA|PP755589.1|A/cattle/Texas/24-008749-003/2024(H5N1)	390	2945
HA|PP755589.1|A/cattle/Texas/24-008749-003/2024(H5N1)	391	2947
HA|PP755589.1|A/cattle/Texas/24-008749-003/2024(H5N1)	392	2948
HA|PP755589.1|A/cattle/Texas/24-008749-003/2024(H5N1)	393	3076
HA|PP755589.1|A/cattle/Texas/24-008749-003/2024(H5N1)	394	3080
HA|PP755589.1|A/cattle/Texas/24-008749-003/2024(H5N1)	395	3082
HA|PP755589.1|A/cattle/Texas/24-008749-003/2024(H5N1)	396	3054
HA|PP755589.1|A/cattle/Texas/24-008749-003/2024(H5N1)	397	3224
HA|PP755589.1|A/cattle/Texas/24-008749-003/2024(H5N1)	398	3328
HA|PP755589.1|A/cattle/Texas/24-008749-003/2024(H5N1)	399	3411
HA|PP755589.1|A/cattle/Texas/24-008749-003/2024(H5N1)	400	3435
HA|PP755589.1|A/cattle/Texas/24-008749-003/2024(H5N1)	401	3433
HA|PP755589.1|A/cattle/Texas/24-008749-003/2024(H5N1)	402	3497
HA|PP755589.1|A/cattle/Texas/24-008749-003/2024(H5N1)	403	3493
HA|PP755589.1|A/cattle/Texas/24-008749-003/2024(H5N1)	404	3497
HA|PP755589.1|A/cattle/Texas/24-008749-003/2024(H5N1)	405	3521
HA|PP755589.1|A/cattle/Texas/24-008749-003/2024(H5N1)	406	3492
HA|PP755589.1|A/cattle/Texas/24-008749-003/2024(H5N1)	407	3530
HA|PP755589.1|A/cattle/Texas/24-008749-003/2024(H5N1)	408	3553
HA|PP755589.1|A/cattle/Texas/24-008749-003/2024(H5N1)	409	3547
HA|PP755589.1|A/cattle/Texas/24-008749-003/2024(H5N1)	410	3547
HA|PP755589.1|A/cattle/Texas/24-008749-003/2024(H5N1)	411	3535
HA|PP755589.1|A/cattle/Texas/24-008749-003/2024(H5N1)	412	3535
HA|PP755589.1|A/cattle/Texas/24-008749-003/2024(H5N1)	413	3584
HA|PP755589.1|A/cattle/Texas/24-008749-003/2024(H5N1)	414	3584
HA|PP755589.1|A/cattle/Texas/24-008749-003/2024(H5N1)	415	3584
HA|PP755589.1|A/cattle/Texas/24-008749-003/2024(H5N1)	416	3570
HA|PP755589.1|A/cattle/Texas/24-008749-003/2024(H5N1)	417	3537
HA|PP755589.1|A/cattle/Texas/24-008749-003/2024(H5N1)	418	3583
HA|PP755589.1|A/cattle/Texas/24-008749-003/2024(H5N1)	419	3619
HA|PP755589.1|A/cattle/Texas/24-008749-003/2024(H5N1)	420	3651
HA|PP755589.1|A/cattle/Texas/24-008749-003/2024(H5N1)	421	3653
HA|PP755589.1|A/cattle/Texas/24-008749-003/2024(H5N1)	422	3637
HA|PP755589.1|A/cattle/Texas/24-008749-003/2024(H5N1)	423	3627
HA|PP755589.1|A/cattle/Texas/24-008749-003/2024(H5N1)	424	3631
HA|PP755589.1|A/cattle/Texas/24-008749-003/2024(H5N1)	425	3679
HA|PP755589.1|A/cattle/Texas/24-008749-003/2024(H5N1)	426	3682
HA|PP755589.1|A/cattle/Texas/24-008749-003/2024(H5N1)	427	3680
HA|PP755589.1|A/cattle/Texas/24-008749-003/2024(H5N1)	428	3791
HA|PP755589.1|A/cattle/Texas/24-008749-003/2024(H5N1)	429	3763
HA|PP755589.1|A/cattle/Texas/24-008749-003/2024(H5N1)	430	3853
HA|PP755589.1|A/cattle/Texas/24-008749-003/2024(H5N1)	431	4013
HA|PP755589.1|A/cattle/Texas/24-008749-003/2024(H5N1)	432	4011
HA|PP755589.1|A/cattle/Texas/24-008749-003/2024(H5N1)	433	4155
HA|PP755589.1|A/cattle/Texas/24-008749-003/2024(H5N1)	434	4139
HA|PP755589.1|A/cattle/Texas/24-008749-003/2024(H5N1)	435	4163
HA|PP755589.1|A/cattle/Texas/24-008749-003/2024(H5N1)	436	4198
HA|PP755589.1|A/cattle/Texas/24-008749-003/2024(H5N1)	437	4231
HA|PP755589.1|A/cattle/Texas/24-008749-003/2024(H5N1)	438	4282
HA|PP755589.1|A/cattle/Texas/24-008749-003/2024(H5N1)	439	4276
HA|PP755589.1|A/cattle/Texas/24-008749-003/2024(H5N1)	440	4265
HA|PP755589.1|A/cattle/Texas/24-008749-003/2024(H5N1)	441	4294
HA|PP755589.1|A/cattle/Texas/24-008749-003/2024(H5N1)	442	4290
HA|PP755589.1|A/cattle/Texas/24-008749-003/2024(H5N1)	443	4296
HA|PP755589.1|A/cattle/Texas/24-008749-003/2024(H5N1)	444	4294
HA|PP755589.1|A/cattle/Texas/24-008749-003/2024(H5N1)	445	4282
HA|PP755589.1|A/cattle/Texas/24-008749-003/2024(H5N1)	446	4342
HA|PP755589.1|A/cattle/Texas/24-008749-003/2024(H5N1)	447	4352
HA|PP755589.1|A/cattle/Texas/24-008749-003/2024(H5N1)	448	4368
HA|PP755589.1|A/cattle/Texas/24-008749-003/2024(H5N1)	449	4366
HA|PP755589.1|A/cattle/Texas/24-008749-003/2024(H5N1)	450	4350
HA|PP755589.1|A/cattle/Texas/24-008749-003/2024(H5N1)	451	4398
HA|PP755589.1|A/cattle/Texas/24-008749-003/2024(H5N1)	452	4685
HA|PP755589.1|A/cattle/Texas/24-008749-003/2024(H5N1)	453	4687
HA|PP755589.1|A/cattle/Texas/24-008749-003/2024(H5N1)	454	4697
HA|PP755589.1|A/cattle/Texas/24-008749-003/2024(H5N1)	455	4674
HA|PP755589.1|A/cattle/Texas/24-008749-003/2024(H5N1)	456	4804
HA|PP755589.1|A/cattle/Texas/24-008749-003/2024(H5N1)	457	4841
HA|PP755589.1|A/cattle/Texas/24-008749-003/2024(H5N1)	458	4845
HA|PP755589.1|A/cattle/Texas/24-008749-003/2024(H5N1)	459	4879
HA|PP755589.1|A/cattle/Texas/24-008749-003/2024(H5N1)	460	4869
HA|PP755589.1|A/cattle/Texas/24-008749-003/2024(H5N1)	461	4833
HA|PP755589.1|A/cattle/Texas/24-008749-003/2024(H5N1)	462	4849
HA|PP755589.1|A/cattle/Texas/24-008749-003/2024(H5N1)	463	4858
HA|PP755589.1|A/cattle/Texas/24-008749-003/2024(H5N1)	464	4858
HA|PP755589.1|A/cattle/Texas/24-008749-003/2024(H5N1)	465	4806
HA|PP755589.1|A/cattle/Texas/24-008749-003/2024(H5N1)	466	4808
HA|PP755589.1|A/cattle/Texas/24-008749-003/2024(H5N1)	467	4807
HA|PP755589.1|A/cattle/Texas/24-008749-003/2024(H5N1)	468	4789
HA|PP755589.1|A/cattle/Texas/24-008749-003/2024(H5N1)	469	4805
HA|PP755589.1|A/cattle/Texas/24-008749-003/2024(H5N1)	470	4769
HA|PP755589.1|A/cattle/Texas/24-008749-003/2024(H5N1)	471	4768
HA|PP755589.1|A/cattle/Texas/24-008749-003/2024(H5N1)	472	4753
HA|PP755589.1|A/cattle/Texas/24-008749-003/2024(H5N1)	473	4755
HA|PP755589.1|A/cattle/Texas/24-008749-003/2024(H5N1)	474	4753
HA|PP755589.1|A/cattle/Texas/24-008749-003/2024(H5N1)	475	4735
HA|PP755589.1|A/cattle/Texas/24-008749-003/2024(H5N1)	476	4736
HA|PP755589.1|A/cattle/Texas/24-008749-003/2024(H5N1)	477	4736
HA|PP755589.1|A/cattle/Texas/24-008749-003/2024(H5N1)	478	4722
HA|PP755589.1|A/cattle/Texas/24-008749-003/2024(H5N1)	479	4726
HA|PP755589.1|A/cattle/Texas/24-008749-003/2024(H5N1)	480	4728
HA|PP755589.1|A/cattle/Texas/24-008749-003/2024(H5N1)	481	4724
HA|PP755589.1|A/cattle/Texas/24-008749-003/2024(H5N1)	482	4751
HA|PP755589.1|A/cattle/Texas/24-008749-003/2024(H5N1)	483	4753
HA|PP755589.1|A/cattle/Texas/24-008749-003/2024(H5N1)	484	4771
HA|PP755589.1|A/cattle/Texas/24-008749-003/2024(H5N1)	485	4778
HA|PP755589.1|A/cattle/Texas/24-008749-003/2024(H5N1)	486	4778
HA|PP755589.1|A/cattle/Texas/24-008749-003/2024(H5N1)	487	4819
HA|PP755589.1|A/cattle/Texas/24-008749-003/2024(H5N1)	488	4833
HA|PP755589.1|A/cattle/Texas/24-008749-003/2024(H5N1)	489	4866
HA|PP755589.1|A/cattle/Texas/24-008749-003/2024(H5N1)	490	4873
HA|PP755589.1|A/cattle/Texas/24-008749-003/2024(H5N1)	491	4833
HA|PP755589.1|A/cattle/Texas/24-008749-003/2024(H5N1)	492	4833
HA|PP755589.1|A/cattle/Texas/24-008749-003/2024(H5N1)	493	4822
HA|PP755589.1|A/cattle/Texas/24-008749-003/2024(H5N1)	494	4816
HA|PP755589.1|A/cattle/Texas/24-008749-003/2024(H5N1)	495	4814
HA|PP755589.1|A/cattle/Texas/24-008749-003/2024(H5N1)	496	4772
HA|PP755589.1|A/cattle/Texas/24-008749-003/2024(H5N1)	497	4752
HA|PP755589.1|A/cattle/Texas/24-008749-003/2024(H5N1)	498	4720
HA|PP755589.1|A/cattle/Texas/24-008749-003/2024(H5N1)	499	4732
HA|PP755589.1|A/cattle/Texas/24-008749-003/2024(H5N1)	500	4732
HA|PP755589.1|A/cattle/Texas/24-008749-003/2024(H5N1)	501	4732
HA|PP755589.1|A/cattle/Texas/24-008749-003/2024(H5N1)	502	4721
HA|PP755589.1|A/cattle/Texas/24-008749-003/2024(H5N1)	503	4714
HA|PP755589.1|A/cattle/Texas/24-008749-003/2024(H5N1)	504	4714
HA|PP755589.1|A/cattle/Texas/24-008749-003/2024(H5N1)	505	4714
HA|PP755589.1|A/cattle/Texas/24-008749-003/2024(H5N1)	506	4713
HA|PP755589.1|A/cattle/Texas/24-008749-003/2024(H5N1)	507	4728
HA|PP755589.1|A/cattle/Texas/24-008749-003/2024(H5N1)	508	4714
HA|PP755589.1|A/cattle/Texas/24-008749-003/2024(H5N1)	509	4714
HA|PP755589.1|A/cattle/Texas/24-008749-003/2024(H5N1)	510	4716
HA|PP755589.1|A/cattle/Texas/24-008749-003/2024(H5N1)	511	4716
HA|PP755589.1|A/cattle/Texas/24-008749-003/2024(H5N1)	512	4784
HA|PP755589.1|A/cattle/Texas/24-008749-003/2024(H5N1)	513	4782
HA|PP755589.1|A/cattle/Texas/24-008749-003/2024(H5N1)	514	4784
HA|PP755589.1|A/cattle/Texas/24-008749-003/2024(H5N1)	515	4782
HA|PP755589.1|A/cattle/Texas/24-008749-003/2024(H5N1)	516	4865
HA|PP755589.1|A/cattle/Texas/24-008749-003/2024(H5N1)	517	4865
HA|PP755589.1|A/cattle/Texas/24-008749-003/2024(H5N1)	518	4883
HA|PP755589.1|A/cattle/Texas/24-008749-003/2024(H5N1)	519	5103
HA|PP755589.1|A/cattle/Texas/24-008749-003/2024(H5N1)	520	5090
HA|PP755589.1|A/cattle/Texas/24-008749-003/2024(H5N1)	521	5089
HA|PP755589.1|A/cattle/Texas/24-008749-003/2024(H5N1)	522	5055
HA|PP755589.1|A/cattle/Texas/24-008749-003/2024(H5N1)	523	5191
HA|PP755589.1|A/cattle/Texas/24-008749-003/2024(H5N1)	524	5878
HA|PP755589.1|A/cattle/Texas/24-008749-003/2024(H5N1)	525	5850
HA|PP755589.1|A/cattle/Texas/24-008749-003/2024(H5N1)	526	5912
HA|PP755589.1|A/cattle/Texas/24-008749-003/2024(H5N1)	527	5908
HA|PP755589.1|A/cattle/Texas/24-008749-003/2024(H5N1)	528	5873
HA|PP755589.1|A/cattle/Texas/24-008749-003/2024(H5N1)	529	5901
HA|PP755589.1|A/cattle/Texas/24-008749-003/2024(H5N1)	530	5975
HA|PP755589.1|A/cattle/Texas/24-008749-003/2024(H5N1)	531	6015
HA|PP755589.1|A/cattle/Texas/24-008749-003/2024(H5N1)	532	6002
HA|PP755589.1|A/cattle/Texas/24-008749-003/2024(H5N1)	533	5880
HA|PP755589.1|A/cattle/Texas/24-008749-003/2024(H5N1)	534	5886
HA|PP755589.1|A/cattle/Texas/24-008749-003/2024(H5N1)	535	6173
HA|PP755589.1|A/cattle/Texas/24-008749-003/2024(H5N1)	536	6253
HA|PP755589.1|A/cattle/Texas/24-008749-003/2024(H5N1)	537	6302
HA|PP755589.1|A/cattle/Texas/24-008749-003/2024(H5N1)	538	6294
HA|PP755589.1|A/cattle/Texas/24-008749-003/2024(H5N1)	539	6329
HA|PP755589.1|A/cattle/Texas/24-008749-003/2024(H5N1)	540	7311
HA|PP755589.1|A/cattle/Texas/24-008749-003/2024(H5N1)	541	7311
HA|PP755589.1|A/cattle/Texas/24-008749-003/2024(H5N1)	542	7341
HA|PP755589.1|A/cattle/Texas/24-008749-003/2024(H5N1)	543	7341
HA|PP755589.1|A/cattle/Texas/24-008749-003/2024(H5N1)	544	7249
HA|PP755589.1|A/cattle/Texas/24-008749-003/2024(H5N1)	545	7287
HA|PP755589.1|A/cattle/Texas/24-008749-003/2024(H5N1)	546	7297
HA|PP755589.1|A/cattle/Texas/24-008749-003/2024(H5N1)	547	7299
HA|PP755589.1|A/cattle/Texas/24-008749-003/2024(H5N1)	548	7299
HA|PP755589.1|A/cattle/Texas/24-008749-003/2024(H5N1)	549	6871
HA|PP755589.1|A/cattle/Texas/24-008749-003/2024(H5N1)	550	6884
HA|PP755589.1|A/cattle/Texas/24-008749-003/2024(H5N1)	551	6888
HA|PP755589.1|A/cattle/Texas/24-008749-003/2024(H5N1)	552	6890
HA|PP755589.1|A/cattle/Texas/24-008749-003/2024(H5N1)	553	6892
HA|PP755589.1|A/cattle/Texas/24-008749-003/2024(H5N1)	554	6882
HA|PP755589.1|A/cattle/Texas/24-008749-003/2024(H5N1)	555	6886
HA|PP755589.1|A/cattle/Texas/24-008749-003/2024(H5N1)	556	6890
HA|PP755589.1|A/cattle/Texas/24-008749-003/2024(H5N1)	557	6884
HA|PP755589.1|A/cattle/Texas/24-008749-003/2024(H5N1)	558	6882
HA|PP755589.1|A/cattle/Texas/24-008749-003/2024(H5N1)	559	6960
HA|PP755589.1|A/cattle/Texas/24-008749-003/2024(H5N1)	560	6946
HA|PP755589.1|A/cattle/Texas/24-008749-003/2024(H5N1)	561	7103
HA|PP755589.1|A/cattle/Texas/24-008749-003/2024(H5N1)	562	7232
HA|PP755589.1|A/cattle/Texas/24-008749-003/2024(H5N1)	563	7401
HA|PP755589.1|A/cattle/Texas/24-008749-003/2024(H5N1)	564	7529
HA|PP755589.1|A/cattle/Texas/24-008749-003/2024(H5N1)	565	7532
HA|PP755589.1|A/cattle/Texas/24-008749-003/2024(H5N1)	566	7535
HA|PP755589.1|A/cattle/Texas/24-008749-003/2024(H5N1)	567	7537
HA|PP755589.1|A/cattle/Texas/24-008749-003/2024(H5N1)	568	7539
HA|PP755589.1|A/cattle/Texas/24-008749-003/2024(H5N1)	569	7539
HA|PP755589.1|A/cattle/Texas/24-008749-003/2024(H5N1)	570	7472
HA|PP755589.1|A/cattle/Texas/24-008749-003/2024(H5N1)	571	7556
HA|PP755589.1|A/cattle/Texas/24-008749-003/2024(H5N1)	572	7127
HA|PP755589.1|A/cattle/Texas/24-008749-003/2024(H5N1)	573	7334
HA|PP755589.1|A/cattle/Texas/24-008749-003/2024(H5N1)	574	7196
HA|PP755589.1|A/cattle/Texas/24-008749-003/2024(H5N1)	575	7206
HA|PP755589.1|A/cattle/Texas/24-008749-003/2024(H5N1)	576	7215
HA|PP755589.1|A/cattle/Texas/24-008749-003/2024(H5N1)	577	7112
HA|PP755589.1|A/cattle/Texas/24-008749-003/2024(H5N1)	578	7234
HA|PP755589.1|A/cattle/Texas/24-008749-003/2024(H5N1)	579	7158
HA|PP755589.1|A/cattle/Texas/24-008749-003/2024(H5N1)	580	7012
HA|PP755589.1|A/cattle/Texas/24-008749-003/2024(H5N1)	581	7002
HA|PP755589.1|A/cattle/Texas/24-008749-003/2024(H5N1)	582	6490
HA|PP755589.1|A/cattle/Texas/24-008749-003/2024(H5N1)	583	6489
HA|PP755589.1|A/cattle/Texas/24-008749-003/2024(H5N1)	584	6461
HA|PP755589.1|A/cattle/Texas/24-008749-003/2024(H5N1)	585	6513
HA|PP755589.1|A/cattle/Texas/24-008749-003/2024(H5N1)	586	6541
HA|PP755589.1|A/cattle/Texas/24-008749-003/2024(H5N1)	587	6315
HA|PP755589.1|A/cattle/Texas/24-008749-003/2024(H5N1)	588	6399
HA|PP755589.1|A/cattle/Texas/24-008749-003/2024(H5N1)	589	6377
HA|PP755589.1|A/cattle/Texas/24-008749-003/2024(H5N1)	590	6374
HA|PP755589.1|A/cattle/Texas/24-008749-003/2024(H5N1)	591	6402
HA|PP755589.1|A/cattle/Texas/24-008749-003/2024(H5N1)	592	6307
HA|PP755589.1|A/cattle/Texas/24-008749-003/2024(H5N1)	593	6343
HA|PP755589.1|A/cattle/Texas/24-008749-003/2024(H5N1)	594	6375
HA|PP755589.1|A/cattle/Texas/24-008749-003/2024(H5N1)	595	6192
HA|PP755589.1|A/cattle/Texas/24-008749-003/2024(H5N1)	596	6343
HA|PP755589.1|A/cattle/Texas/24-008749-003/2024(H5N1)	597	6065
HA|PP755589.1|A/cattle/Texas/24-008749-003/2024(H5N1)	598	6081
HA|PP755589.1|A/cattle/Texas/24-008749-003/2024(H5N1)	599	6088
HA|PP755589.1|A/cattle/Texas/24-008749-003/2024(H5N1)	600	5834
HA|PP755589.1|A/cattle/Texas/24-008749-003/2024(H5N1)	601	5852
HA|PP755589.1|A/cattle/Texas/24-008749-003/2024(H5N1)	602	5824
HA|PP755589.1|A/cattle/Texas/24-008749-003/2024(H5N1)	603	5612
HA|PP755589.1|A/cattle/Texas/24-008749-003/2024(H5N1)	604	5650
HA|PP755589.1|A/cattle/Texas/24-008749-003/2024(H5N1)	605	4862
HA|PP755589.1|A/cattle/Texas/24-008749-003/2024(H5N1)	606	4876
HA|PP755589.1|A/cattle/Texas/24-008749-003/2024(H5N1)	607	4860
HA|PP755589.1|A/cattle/Texas/24-008749-003/2024(H5N1)	608	4896
HA|PP755589.1|A/cattle/Texas/24-008749-003/2024(H5N1)	609	4939
HA|PP755589.1|A/cattle/Texas/24-008749-003/2024(H5N1)	610	4931
HA|PP755589.1|A/cattle/Texas/24-008749-003/2024(H5N1)	611	4934
HA|PP755589.1|A/cattle/Texas/24-008749-003/2024(H5N1)	612	4917
HA|PP755589.1|A/cattle/Texas/24-008749-003/2024(H5N1)	613	4913
HA|PP755589.1|A/cattle/Texas/24-008749-003/2024(H5N1)	614	4913
HA|PP755589.1|A/cattle/Texas/24-008749-003/2024(H5N1)	615	4919
HA|PP755589.1|A/cattle/Texas/24-008749-003/2024(H5N1)	616	4923
HA|PP755589.1|A/cattle/Texas/24-008749-003/2024(H5N1)	617	4893
HA|PP755589.1|A/cattle/Texas/24-008749-003/2024(H5N1)	618	4898
HA|PP755589.1|A/cattle/Texas/24-008749-003/2024(H5N1)	619	4898
HA|PP755589.1|A/cattle/Texas/24-008749-003/2024(H5N1)	620	4914
HA|PP755589.1|A/cattle/Texas/24-008749-003/2024(H5N1)	621	4920
HA|PP755589.1|A/cattle/Texas/24-008749-003/2024(H5N1)	622	4902
HA|PP755589.1|A/cattle/Texas/24-008749-003/2024(H5N1)	623	4910
HA|PP755589.1|A/cattle/Texas/24-008749-003/2024(H5N1)	624	4906
HA|PP755589.1|A/cattle/Texas/24-008749-003/2024(H5N1)	625	4914
HA|PP755589.1|A/cattle/Texas/24-008749-003/2024(H5N1)	626	4924
HA|PP755589.1|A/cattle/Texas/24-008749-003/2024(H5N1)	627	4950
HA|PP755589.1|A/cattle/Texas/24-008749-003/2024(H5N1)	628	4936
HA|PP755589.1|A/cattle/Texas/24-008749-003/2024(H5N1)	629	4927
HA|PP755589.1|A/cattle/Texas/24-008749-003/2024(H5N1)	630	4929
HA|PP755589.1|A/cattle/Texas/24-008749-003/2024(H5N1)	631	4955
HA|PP755589.1|A/cattle/Texas/24-008749-003/2024(H5N1)	632	4955
HA|PP755589.1|A/cattle/Texas/24-008749-003/2024(H5N1)	633	4981
HA|PP755589.1|A/cattle/Texas/24-008749-003/2024(H5N1)	634	4983
HA|PP755589.1|A/cattle/Texas/24-008749-003/2024(H5N1)	635	5019
HA|PP755589.1|A/cattle/Texas/24-008749-003/2024(H5N1)	636	5011
HA|PP755589.1|A/cattle/Texas/24-008749-003/2024(H5N1)	637	4989
HA|PP755589.1|A/cattle/Texas/24-008749-003/2024(H5N1)	638	5009
HA|PP755589.1|A/cattle/Texas/24-008749-003/2024(H5N1)	639	5025
HA|PP755589.1|A/cattle/Texas/24-008749-003/2024(H5N1)	640	5007
HA|PP755589.1|A/cattle/Texas/24-008749-003/2024(H5N1)	641	5011
HA|PP755589.1|A/cattle/Texas/24-008749-003/2024(H5N1)	642	4989
HA|PP755589.1|A/cattle/Texas/24-008749-003/2024(H5N1)	643	4985
HA|PP755589.1|A/cattle/Texas/24-008749-003/2024(H5N1)	644	4963
HA|PP755589.1|A/cattle/Texas/24-008749-003/2024(H5N1)	645	4947
HA|PP755589.1|A/cattle/Texas/24-008749-003/2024(H5N1)	646	4951
HA|PP755589.1|A/cattle/Texas/24-008749-003/2024(H5N1)	647	4911
HA|PP755589.1|A/cattle/Texas/24-008749-003/2024(H5N1)	648	4891
HA|PP755589.1|A/cattle/Texas/24-008749-003/2024(H5N1)	649	4893
HA|PP755589.1|A/cattle/Texas/24-008749-003/2024(H5N1)	650	4884
HA|PP755589.1|A/cattle/Texas/24-008749-003/2024(H5N1)	651	4888
HA|PP755589.1|A/cattle/Texas/24-008749-003/2024(H5N1)	652	4884
HA|PP755589.1|A/cattle/Texas/24-008749-003/2024(H5N1)	653	4878
HA|PP755589.1|A/cattle/Texas/24-008749-003/2024(H5N1)	654	4868
HA|PP755589.1|A/cattle/Texas/24-008749-003/2024(H5N1)	655	4868
HA|PP755589.1|A/cattle/Texas/24-008749-003/2024(H5N1)	656	4861
HA|PP755589.1|A/cattle/Texas/24-008749-003/2024(H5N1)	657	4854
HA|PP755589.1|A/cattle/Texas/24-008749-003/2024(H5N1)	658	4874
HA|PP755589.1|A/cattle/Texas/24-008749-003/2024(H5N1)	659	4912
HA|PP755589.1|A/cattle/Texas/24-008749-003/2024(H5N1)	660	4889
HA|PP755589.1|A/cattle/Texas/24-008749-003/2024(H5N1)	661	4881
HA|PP755589.1|A/cattle/Texas/24-008749-003/2024(H5N1)	662	4879
HA|PP755589.1|A/cattle/Texas/24-008749-003/2024(H5N1)	663	4877
HA|PP755589.1|A/cattle/Texas/24-008749-003/2024(H5N1)	664	4907
HA|PP755589.1|A/cattle/Texas/24-008749-003/2024(H5N1)	665	4909
HA|PP755589.1|A/cattle/Texas/24-008749-003/2024(H5N1)	666	4921
HA|PP755589.1|A/cattle/Texas/24-008749-003/2024(H5N1)	667	4883
HA|PP755589.1|A/cattle/Texas/24-008749-003/2024(H5N1)	668	4757
HA|PP755589.1|A/cattle/Texas/24-008749-003/2024(H5N1)	669	4767
HA|PP755589.1|A/cattle/Texas/24-008749-003/2024(H5N1)	670	4761
HA|PP755589.1|A/cattle/Texas/24-008749-003/2024(H5N1)	671	4811
HA|PP755589.1|A/cattle/Texas/24-008749-003/2024(H5N1)	672	4811
HA|PP755589.1|A/cattle/Texas/24-008749-003/2024(H5N1)	673	4697
HA|PP755589.1|A/cattle/Texas/24-008749-003/2024(H5N1)	674	4699
HA|PP755589.1|A/cattle/Texas/24-008749-003/2024(H5N1)	675	4664
HA|PP755589.1|A/cattle/Texas/24-008749-003/2024(H5N1)	676	4665
HA|PP755589.1|A/cattle/Texas/24-008749-003/2024(H5N1)	677	4668
HA|PP755589.1|A/cattle/Texas/24-008749-003/2024(H5N1)	678	4645
HA|PP755589.1|A/cattle/Texas/24-008749-003/2024(H5N1)	679	4645
HA|PP755589.1|A/cattle/Texas/24-008749-003/2024(H5N1)	680	4451
HA|PP755589.1|A/cattle/Texas/24-008749-003/2024(H5N1)	681	4431
HA|PP755589.1|A/cattle/Texas/24-008749-003/2024(H5N1)	682	4451
HA|PP755589.1|A/cattle/Texas/24-008749-003/2024(H5N1)	683	4451
HA|PP755589.1|A/cattle/Texas/24-008749-003/2024(H5N1)	684	4451
HA|PP755589.1|A/cattle/Texas/24-008749-003/2024(H5N1)	685	4439
HA|PP755589.1|A/cattle/Texas/24-008749-003/2024(H5N1)	686	4443
HA|PP755589.1|A/cattle/Texas/24-008749-003/2024(H5N1)	687	4455
HA|PP755589.1|A/cattle/Texas/24-008749-003/2024(H5N1)	688	4482
HA|PP755589.1|A/cattle/Texas/24-008749-003/2024(H5N1)	689	4487
HA|PP755589.1|A/cattle/Texas/24-008749-003/2024(H5N1)	690	4477
HA|PP755589.1|A/cattle/Texas/24-008749-003/2024(H5N1)	691	4509
HA|PP755589.1|A/cattle/Texas/24-008749-003/2024(H5N1)	692	4507
HA|PP755589.1|A/cattle/Texas/24-008749-003/2024(H5N1)	693	4500
HA|PP755589.1|A/cattle/Texas/24-008749-003/2024(H5N1)	694	4520
HA|PP755589.1|A/cattle/Texas/24-008749-003/2024(H5N1)	695	4712
HA|PP755589.1|A/cattle/Texas/24-008749-003/2024(H5N1)	696	4981
HA|PP755589.1|A/cattle/Texas/24-008749-003/2024(H5N1)	697	5007
HA|PP755589.1|A/cattle/Texas/24-008749-003/2024(H5N1)	698	4907
HA|PP755589.1|A/cattle/Texas/24-008749-003/2024(H5N1)	699	4929
HA|PP755589.1|A/cattle/Texas/24-008749-003/2024(H5N1)	700	4984
HA|PP755589.1|A/cattle/Texas/24-008749-003/2024(H5N1)	701	5042
HA|PP755589.1|A/cattle/Texas/24-008749-003/2024(H5N1)	702	5083
HA|PP755589.1|A/cattle/Texas/24-008749-003/2024(H5N1)	703	5285
HA|PP755589.1|A/cattle/Texas/24-008749-003/2024(H5N1)	704	5291
HA|PP755589.1|A/cattle/Texas/24-008749-003/2024(H5N1)	705	5237
HA|PP755589.1|A/cattle/Texas/24-008749-003/2024(H5N1)	706	5209
HA|PP755589.1|A/cattle/Texas/24-008749-003/2024(H5N1)	707	5217
HA|PP755589.1|A/cattle/Texas/24-008749-003/2024(H5N1)	708	5232
HA|PP755589.1|A/cattle/Texas/24-008749-003/2024(H5N1)	709	5222
HA|PP755589.1|A/cattle/Texas/24-008749-003/2024(H5N1)	710	5247
HA|PP755589.1|A/cattle/Texas/24-008749-003/2024(H5N1)	711	5235
HA|PP755589.1|A/cattle/Texas/24-008749-003/2024(H5N1)	712	5185
HA|PP755589.1|A/cattle/Texas/24-008749-003/2024(H5N1)	713	5123
HA|PP755589.1|A/cattle/Texas/24-008749-003/2024(H5N1)	714	5678
HA|PP755589.1|A/cattle/Texas/24-008749-003/2024(H5N1)	715	5694
HA|PP755589.1|A/cattle/Texas/24-008749-003/2024(H5N1)	716	5791
HA|PP755589.1|A/cattle/Texas/24-008749-003/2024(H5N1)	717	5774
HA|PP755589.1|A/cattle/Texas/24-008749-003/2024(H5N1)	718	5752
HA|PP755589.1|A/cattle/Texas/24-008749-003/2024(H5N1)	719	5834
HA|PP755589.1|A/cattle/Texas/24-008749-003/2024(H5N1)	720	5830
HA|PP755589.1|A/cattle/Texas/24-008749-003/2024(H5N1)	721	5891
HA|PP755589.1|A/cattle/Texas/24-008749-003/2024(H5N1)	722	5964
HA|PP755589.1|A/cattle/Texas/24-008749-003/2024(H5N1)	723	5609
HA|PP755589.1|A/cattle/Texas/24-008749-003/2024(H5N1)	724	5604
HA|PP755589.1|A/cattle/Texas/24-008749-003/2024(H5N1)	725	5532
HA|PP755589.1|A/cattle/Texas/24-008749-003/2024(H5N1)	726	5534
HA|PP755589.1|A/cattle/Texas/24-008749-003/2024(H5N1)	727	5689
HA|PP755589.1|A/cattle/Texas/24-008749-003/2024(H5N1)	728	5616
HA|PP755589.1|A/cattle/Texas/24-008749-003/2024(H5N1)	729	5621
HA|PP755589.1|A/cattle/Texas/24-008749-003/2024(H5N1)	730	5539
HA|PP755589.1|A/cattle/Texas/24-008749-003/2024(H5N1)	731	5474
HA|PP755589.1|A/cattle/Texas/24-008749-003/2024(H5N1)	732	6208
HA|PP755589.1|A/cattle/Texas/24-008749-003/2024(H5N1)	733	6192
HA|PP755589.1|A/cattle/Texas/24-008749-003/2024(H5N1)	734	6194
HA|PP755589.1|A/cattle/Texas/24-008749-003/2024(H5N1)	735	6196
HA|PP755589.1|A/cattle/Texas/24-008749-003/2024(H5N1)	736	6006
HA|PP755589.1|A/cattle/Texas/24-008749-003/2024(H5N1)	737	6041
HA|PP755589.1|A/cattle/Texas/24-008749-003/2024(H5N1)	738	6039
HA|PP755589.1|A/cattle/Texas/24-008749-003/2024(H5N1)	739	6037
HA|PP755589.1|A/cattle/Texas/24-008749-003/2024(H5N1)	740	6039
HA|PP755589.1|A/cattle/Texas/24-008749-003/2024(H5N1)	741	4803
HA|PP755589.1|A/cattle/Texas/24-008749-003/2024(H5N1)	742	4930
HA|PP755589.1|A/cattle/Texas/24-008749-003/2024(H5N1)	743	5084
HA|PP755589.1|A/cattle/Texas/24-008749-003/2024(H5N1)	744	5280
HA|PP755589.1|A/cattle/Texas/24-008749-003/2024(H5N1)	745	5277
HA|PP755589.1|A/cattle/Texas/24-008749-003/2024(H5N1)	746	5201
HA|PP755589.1|A/cattle/Texas/24-008749-003/2024(H5N1)	747	5201
HA|PP755589.1|A/cattle/Texas/24-008749-003/2024(H5N1)	748	5219
HA|PP755589.1|A/cattle/Texas/24-008749-003/2024(H5N1)	749	5239
HA|PP755589.1|A/cattle/Texas/24-008749-003/2024(H5N1)	750	5249
HA|PP755589.1|A/cattle/Texas/24-008749-003/2024(H5N1)	751	5259
HA|PP755589.1|A/cattle/Texas/24-008749-003/2024(H5N1)	752	4605
HA|PP755589.1|A/cattle/Texas/24-008749-003/2024(H5N1)	753	4089
HA|PP755589.1|A/cattle/Texas/24-008749-003/2024(H5N1)	754	4097
HA|PP755589.1|A/cattle/Texas/24-008749-003/2024(H5N1)	755	4097
HA|PP755589.1|A/cattle/Texas/24-008749-003/2024(H5N1)	756	4098
HA|PP755589.1|A/cattle/Texas/24-008749-003/2024(H5N1)	757	4027
HA|PP755589.1|A/cattle/Texas/24-008749-003/2024(H5N1)	758	4256
HA|PP755589.1|A/cattle/Texas/24-008749-003/2024(H5N1)	759	4234
HA|PP755589.1|A/cattle/Texas/24-008749-003/2024(H5N1)	760	4184
HA|PP755589.1|A/cattle/Texas/24-008749-003/2024(H5N1)	761	4152
HA|PP755589.1|A/cattle/Texas/24-008749-003/2024(H5N1)	762	3996
HA|PP755589.1|A/cattle/Texas/24-008749-003/2024(H5N1)	763	4014
HA|PP755589.1|A/cattle/Texas/24-008749-003/2024(H5N1)	764	4016
HA|PP755589.1|A/cattle/Texas/24-008749-003/2024(H5N1)	765	4026
HA|PP755589.1|A/cattle/Texas/24-008749-003/2024(H5N1)	766	4033
HA|PP755589.1|A/cattle/Texas/24-008749-003/2024(H5N1)	767	4011
HA|PP755589.1|A/cattle/Texas/24-008749-003/2024(H5N1)	768	4028
HA|PP755589.1|A/cattle/Texas/24-008749-003/2024(H5N1)	769	4038
HA|PP755589.1|A/cattle/Texas/24-008749-003/2024(H5N1)	770	4038
HA|PP755589.1|A/cattle/Texas/24-008749-003/2024(H5N1)	771	4038
HA|PP755589.1|A/cattle/Texas/24-008749-003/2024(H5N1)	772	4034
HA|PP755589.1|A/cattle/Texas/24-008749-003/2024(H5N1)	773	4034
HA|PP755589.1|A/cattle/Texas/24-008749-003/2024(H5N1)	774	4036
HA|PP755589.1|A/cattle/Texas/24-008749-003/2024(H5N1)	775	4040
HA|PP755589.1|A/cattle/Texas/24-008749-003/2024(H5N1)	776	4049
HA|PP755589.1|A/cattle/Texas/24-008749-003/2024(H5N1)	777	4046
HA|PP755589.1|A/cattle/Texas/24-008749-003/2024(H5N1)	778	4046
HA|PP755589.1|A/cattle/Texas/24-008749-003/2024(H5N1)	779	4048
HA|PP755589.1|A/cattle/Texas/24-008749-003/2024(H5N1)	780	4052
HA|PP755589.1|A/cattle/Texas/24-008749-003/2024(H5N1)	781	4056
HA|PP755589.1|A/cattle/Texas/24-008749-003/2024(H5N1)	782	4059
HA|PP755589.1|A/cattle/Texas/24-008749-003/2024(H5N1)	783	4060
HA|PP755589.1|A/cattle/Texas/24-008749-003/2024(H5N1)	784	4062
HA|PP755589.1|A/cattle/Texas/24-008749-003/2024(H5N1)	785	4064
HA|PP755589.1|A/cattle/Texas/24-008749-003/2024(H5N1)	786	4072
HA|PP755589.1|A/cattle/Texas/24-008749-003/2024(H5N1)	787	4072
HA|PP755589.1|A/cattle/Texas/24-008749-003/2024(H5N1)	788	4076
HA|PP755589.1|A/cattle/Texas/24-008749-003/2024(H5N1)	789	4076
HA|PP755589.1|A/cattle/Texas/24-008749-003/2024(H5N1)	790	4076
HA|PP755589.1|A/cattle/Texas/24-008749-003/2024(H5N1)	791	4076
HA|PP755589.1|A/cattle/Texas/24-008749-003/2024(H5N1)	792	4076
HA|PP755589.1|A/cattle/Texas/24-008749-003/2024(H5N1)	793	4198
HA|PP755589.1|A/cattle/Texas/24-008749-003/2024(H5N1)	794	4247
HA|PP755589.1|A/cattle/Texas/24-008749-003/2024(H5N1)	795	4245
HA|PP755589.1|A/cattle/Texas/24-008749-003/2024(H5N1)	796	4273
HA|PP755589.1|A/cattle/Texas/24-008749-003/2024(H5N1)	797	4273
HA|PP755589.1|A/cattle/Texas/24-008749-003/2024(H5N1)	798	4299
HA|PP755589.1|A/cattle/Texas/24-008749-003/2024(H5N1)	799	4355
HA|PP755589.1|A/cattle/Texas/24-008749-003/2024(H5N1)	800	4355
HA|PP755589.1|A/cattle/Texas/24-008749-003/2024(H5N1)	801	4357
HA|PP755589.1|A/cattle/Texas/24-008749-003/2024(H5N1)	802	4294
HA|PP755589.1|A/cattle/Texas/24-008749-003/2024(H5N1)	803	4277
HA|PP755589.1|A/cattle/Texas/24-008749-003/2024(H5N1)	804	4277
HA|PP755589.1|A/cattle/Texas/24-008749-003/2024(H5N1)	805	4265
HA|PP755589.1|A/cattle/Texas/24-008749-003/2024(H5N1)	806	4264
HA|PP755589.1|A/cattle/Texas/24-008749-003/2024(H5N1)	807	4266
HA|PP755589.1|A/cattle/Texas/24-008749-003/2024(H5N1)	808	4222
HA|PP755589.1|A/cattle/Texas/24-008749-003/2024(H5N1)	809	4221
HA|PP755589.1|A/cattle/Texas/24-008749-003/2024(H5N1)	810	4227
HA|PP755589.1|A/cattle/Texas/24-008749-003/2024(H5N1)	811	4223
HA|PP755589.1|A/cattle/Texas/24-008749-003/2024(H5N1)	812	4223
HA|PP755589.1|A/cattle/Texas/24-008749-003/2024(H5N1)	813	4223
HA|PP755589.1|A/cattle/Texas/24-008749-003/2024(H5N1)	814	4227
HA|PP755589.1|A/cattle/Texas/24-008749-003/2024(H5N1)	815	4230
HA|PP755589.1|A/cattle/Texas/24-008749-003/2024(H5N1)	816	4219
HA|PP755589.1|A/cattle/Texas/24-008749-003/2024(H5N1)	817	4227
HA|PP755589.1|A/cattle/Texas/24-008749-003/2024(H5N1)	818	4221
HA|PP755589.1|A/cattle/Texas/24-008749-003/2024(H5N1)	819	4217
HA|PP755589.1|A/cattle/Texas/24-008749-003/2024(H5N1)	820	4220
HA|PP755589.1|A/cattle/Texas/24-008749-003/2024(H5N1)	821	4224
HA|PP755589.1|A/cattle/Texas/24-008749-003/2024(H5N1)	822	4240
HA|PP755589.1|A/cattle/Texas/24-008749-003/2024(H5N1)	823	4234
HA|PP755589.1|A/cattle/Texas/24-008749-003/2024(H5N1)	824	4236
HA|PP755589.1|A/cattle/Texas/24-008749-003/2024(H5N1)	825	4234
HA|PP755589.1|A/cattle/Texas/24-008749-003/2024(H5N1)	826	4229
HA|PP755589.1|A/cattle/Texas/24-008749-003/2024(H5N1)	827	4228
HA|PP755589.1|A/cattle/Texas/24-008749-003/2024(H5N1)	828	4238
HA|PP755589.1|A/cattle/Texas/24-008749-003/2024(H5N1)	829	4234
HA|PP755589.1|A/cattle/Texas/24-008749-003/2024(H5N1)	830	4224
HA|PP755589.1|A/cattle/Texas/24-008749-003/2024(H5N1)	831	4230
HA|PP755589.1|A/cattle/Texas/24-008749-003/2024(H5N1)	832	4182
HA|PP755589.1|A/cattle/Texas/24-008749-003/2024(H5N1)	833	4186
HA|PP755589.1|A/cattle/Texas/24-008749-003/2024(H5N1)	834	4184
HA|PP755589.1|A/cattle/Texas/24-008749-003/2024(H5N1)	835	4183
HA|PP755589.1|A/cattle/Texas/24-008749-003/2024(H5N1)	836	4184
HA|PP755589.1|A/cattle/Texas/24-008749-003/2024(H5N1)	837	4158
HA|PP755589.1|A/cattle/Texas/24-008749-003/2024(H5N1)	838	4191
HA|PP755589.1|A/cattle/Texas/24-008749-003/2024(H5N1)	839	4187
HA|PP755589.1|A/cattle/Texas/24-008749-003/2024(H5N1)	840	4159
HA|PP755589.1|A/cattle/Texas/24-008749-003/2024(H5N1)	841	4157
HA|PP755589.1|A/cattle/Texas/24-008749-003/2024(H5N1)	842	4129
HA|PP755589.1|A/cattle/Texas/24-008749-003/2024(H5N1)	843	4135
HA|PP755589.1|A/cattle/Texas/24-008749-003/2024(H5N1)	844	4131
HA|PP755589.1|A/cattle/Texas/24-008749-003/2024(H5N1)	845	4137
HA|PP755589.1|A/cattle/Texas/24-008749-003/2024(H5N1)	846	4137
HA|PP755589.1|A/cattle/Texas/24-008749-003/2024(H5N1)	847	4089
HA|PP755589.1|A/cattle/Texas/24-008749-003/2024(H5N1)	848	4111
HA|PP755589.1|A/cattle/Texas/24-008749-003/2024(H5N1)	849	4114
HA|PP755589.1|A/cattle/Texas/24-008749-003/2024(H5N1)	850	4177
HA|PP755589.1|A/cattle/Texas/24-008749-003/2024(H5N1)	851	4768
HA|PP755589.1|A/cattle/Texas/24-008749-003/2024(H5N1)	852	4770
HA|PP755589.1|A/cattle/Texas/24-008749-003/2024(H5N1)	853	5143
HA|PP755589.1|A/cattle/Texas/24-008749-003/2024(H5N1)	854	5143
HA|PP755589.1|A/cattle/Texas/24-008749-003/2024(H5N1)	855	5443
HA|PP755589.1|A/cattle/Texas/24-008749-003/2024(H5N1)	856	8313
HA|PP755589.1|A/cattle/Texas/24-008749-003/2024(H5N1)	857	8701
HA|PP755589.1|A/cattle/Texas/24-008749-003/2024(H5N1)	858	8745
HA|PP755589.1|A/cattle/Texas/24-008749-003/2024(H5N1)	859	8726
HA|PP755589.1|A/cattle/Texas/24-008749-003/2024(H5N1)	860	8672
HA|PP755589.1|A/cattle/Texas/24-008749-003/2024(H5N1)	861	8681
HA|PP755589.1|A/cattle/Texas/24-008749-003/2024(H5N1)	862	8909
HA|PP755589.1|A/cattle/Texas/24-008749-003/2024(H5N1)	863	8954
HA|PP755589.1|A/cattle/Texas/24-008749-003/2024(H5N1)	864	8933
HA|PP755589.1|A/cattle/Texas/24-008749-003/2024(H5N1)	865	8573
HA|PP755589.1|A/cattle/Texas/24-008749-003/2024(H5N1)	866	8443
HA|PP755589.1|A/cattle/Texas/24-008749-003/2024(H5N1)	867	9030
HA|PP755589.1|A/cattle/Texas/24-008749-003/2024(H5N1)	868	9035
HA|PP755589.1|A/cattle/Texas/24-008749-003/2024(H5N1)	869	9037
HA|PP755589.1|A/cattle/Texas/24-008749-003/2024(H5N1)	870	9036
HA|PP755589.1|A/cattle/Texas/24-008749-003/2024(H5N1)	871	8987
HA|PP755589.1|A/cattle/Texas/24-008749-003/2024(H5N1)	872	9000
HA|PP755589.1|A/cattle/Texas/24-008749-003/2024(H5N1)	873	9195
HA|PP755589.1|A/cattle/Texas/24-008749-003/2024(H5N1)	874	9287
HA|PP755589.1|A/cattle/Texas/24-008749-003/2024(H5N1)	875	9372
HA|PP755589.1|A/cattle/Texas/24-008749-003/2024(H5N1)	876	9217
HA|PP755589.1|A/cattle/Texas/24-008749-003/2024(H5N1)	877	9215
HA|PP755589.1|A/cattle/Texas/24-008749-003/2024(H5N1)	878	9210
HA|PP755589.1|A/cattle/Texas/24-008749-003/2024(H5N1)	879	9252
HA|PP755589.1|A/cattle/Texas/24-008749-003/2024(H5N1)	880	9489
HA|PP755589.1|A/cattle/Texas/24-008749-003/2024(H5N1)	881	9640
HA|PP755589.1|A/cattle/Texas/24-008749-003/2024(H5N1)	882	9572
HA|PP755589.1|A/cattle/Texas/24-008749-003/2024(H5N1)	883	9539
HA|PP755589.1|A/cattle/Texas/24-008749-003/2024(H5N1)	884	9510
HA|PP755589.1|A/cattle/Texas/24-008749-003/2024(H5N1)	885	9576
HA|PP755589.1|A/cattle/Texas/24-008749-003/2024(H5N1)	886	9645
HA|PP755589.1|A/cattle/Texas/24-008749-003/2024(H5N1)	887	10256
HA|PP755589.1|A/cattle/Texas/24-008749-003/2024(H5N1)	888	10282
HA|PP755589.1|A/cattle/Texas/24-008749-003/2024(H5N1)	889	10202
HA|PP755589.1|A/cattle/Texas/24-008749-003/2024(H5N1)	890	10320
HA|PP755589.1|A/cattle/Texas/24-008749-003/2024(H5N1)	891	10301
HA|PP755589.1|A/cattle/Texas/24-008749-003/2024(H5N1)	892	10305
HA|PP755589.1|A/cattle/Texas/24-008749-003/2024(H5N1)	893	10303
HA|PP755589.1|A/cattle/Texas/24-008749-003/2024(H5N1)	894	10261
HA|PP755589.1|A/cattle/Texas/24-008749-003/2024(H5N1)	895	10231
HA|PP755589.1|A/cattle/Texas/24-008749-003/2024(H5N1)	896	10020
HA|PP755589.1|A/cattle/Texas/24-008749-003/2024(H5N1)	897	9893
HA|PP755589.1|A/cattle/Texas/24-008749-003/2024(H5N1)	898	9892
HA|PP755589.1|A/cattle/Texas/24-008749-003/2024(H5N1)	899	9787
HA|PP755589.1|A/cattle/Texas/24-008749-003/2024(H5N1)	900	9805
HA|PP755589.1|A/cattle/Texas/24-008749-003/2024(H5N1)	901	9824
HA|PP755589.1|A/cattle/Texas/24-008749-003/2024(H5N1)	902	9823
HA|PP755589.1|A/cattle/Texas/24-008749-003/2024(H5N1)	903	9993
HA|PP755589.1|A/cattle/Texas/24-008749-003/2024(H5N1)	904	9997
HA|PP755589.1|A/cattle/Texas/24-008749-003/2024(H5N1)	905	10075
HA|PP755589.1|A/cattle/Texas/24-008749-003/2024(H5N1)	906	10086
HA|PP755589.1|A/cattle/Texas/24-008749-003/2024(H5N1)	907	10073
HA|PP755589.1|A/cattle/Texas/24-008749-003/2024(H5N1)	908	10149
HA|PP755589.1|A/cattle/Texas/24-008749-003/2024(H5N1)	909	10151
HA|PP755589.1|A/cattle/Texas/24-008749-003/2024(H5N1)	910	10126
HA|PP755589.1|A/cattle/Texas/24-008749-003/2024(H5N1)	911	10130
HA|PP755589.1|A/cattle/Texas/24-008749-003/2024(H5N1)	912	9919
HA|PP755589.1|A/cattle/Texas/24-008749-003/2024(H5N1)	913	9919
HA|PP755589.1|A/cattle/Texas/24-008749-003/2024(H5N1)	914	9777
HA|PP755589.1|A/cattle/Texas/24-008749-003/2024(H5N1)	915	9804
HA|PP755589.1|A/cattle/Texas/24-008749-003/2024(H5N1)	916	9894
HA|PP755589.1|A/cattle/Texas/24-008749-003/2024(H5N1)	917	9778
HA|PP755589.1|A/cattle/Texas/24-008749-003/2024(H5N1)	918	9768
HA|PP755589.1|A/cattle/Texas/24-008749-003/2024(H5N1)	919	9809
HA|PP755589.1|A/cattle/Texas/24-008749-003/2024(H5N1)	920	9791
HA|PP755589.1|A/cattle/Texas/24-008749-003/2024(H5N1)	921	9908
HA|PP755589.1|A/cattle/Texas/24-008749-003/2024(H5N1)	922	9886
HA|PP755589.1|A/cattle/Texas/24-008749-003/2024(H5N1)	923	9870
HA|PP755589.1|A/cattle/Texas/24-008749-003/2024(H5N1)	924	9910
HA|PP755589.1|A/cattle/Texas/24-008749-003/2024(H5N1)	925	9681
HA|PP755589.1|A/cattle/Texas/24-008749-003/2024(H5N1)	926	10399
HA|PP755589.1|A/cattle/Texas/24-008749-003/2024(H5N1)	927	10490
HA|PP755589.1|A/cattle/Texas/24-008749-003/2024(H5N1)	928	10387
HA|PP755589.1|A/cattle/Texas/24-008749-003/2024(H5N1)	929	10491
HA|PP755589.1|A/cattle/Texas/24-008749-003/2024(H5N1)	930	10167
HA|PP755589.1|A/cattle/Texas/24-008749-003/2024(H5N1)	931	10204
HA|PP755589.1|A/cattle/Texas/24-008749-003/2024(H5N1)	932	10140
HA|PP755589.1|A/cattle/Texas/24-008749-003/2024(H5N1)	933	9938
HA|PP755589.1|A/cattle/Texas/24-008749-003/2024(H5N1)	934	10004
HA|PP755589.1|A/cattle/Texas/24-008749-003/2024(H5N1)	935	9111
HA|PP755589.1|A/cattle/Texas/24-008749-003/2024(H5N1)	936	8998
HA|PP755589.1|A/cattle/Texas/24-008749-003/2024(H5N1)	937	9014
HA|PP755589.1|A/cattle/Texas/24-008749-003/2024(H5N1)	938	8990
HA|PP755589.1|A/cattle/Texas/24-008749-003/2024(H5N1)	939	9030
HA|PP755589.1|A/cattle/Texas/24-008749-003/2024(H5N1)	940	9022
HA|PP755589.1|A/cattle/Texas/24-008749-003/2024(H5N1)	941	9559
HA|PP755589.1|A/cattle/Texas/24-008749-003/2024(H5N1)	942	9541
HA|PP755589.1|A/cattle/Texas/24-008749-003/2024(H5N1)	943	9566
HA|PP755589.1|A/cattle/Texas/24-008749-003/2024(H5N1)	944	9561
HA|PP755589.1|A/cattle/Texas/24-008749-003/2024(H5N1)	945	9533
HA|PP755589.1|A/cattle/Texas/24-008749-003/2024(H5N1)	946	9565
HA|PP755589.1|A/cattle/Texas/24-008749-003/2024(H5N1)	947	9582
HA|PP755589.1|A/cattle/Texas/24-008749-003/2024(H5N1)	948	9587
HA|PP755589.1|A/cattle/Texas/24-008749-003/2024(H5N1)	949	9593
HA|PP755589.1|A/cattle/Texas/24-008749-003/2024(H5N1)	950	9332
HA|PP755589.1|A/cattle/Texas/24-008749-003/2024(H5N1)	951	9330
HA|PP755589.1|A/cattle/Texas/24-008749-003/2024(H5N1)	952	9290
HA|PP755589.1|A/cattle/Texas/24-008749-003/2024(H5N1)	953	9359
HA|PP755589.1|A/cattle/Texas/24-008749-003/2024(H5N1)	954	9414
HA|PP755589.1|A/cattle/Texas/24-008749-003/2024(H5N1)	955	9409
HA|PP755589.1|A/cattle/Texas/24-008749-003/2024(H5N1)	956	9418
HA|PP755589.1|A/cattle/Texas/24-008749-003/2024(H5N1)	957	9398
HA|PP755589.1|A/cattle/Texas/24-008749-003/2024(H5N1)	958	9280
HA|PP755589.1|A/cattle/Texas/24-008749-003/2024(H5N1)	959	9440
HA|PP755589.1|A/cattle/Texas/24-008749-003/2024(H5N1)	960	9441
HA|PP755589.1|A/cattle/Texas/24-008749-003/2024(H5N1)	961	9422
HA|PP755589.1|A/cattle/Texas/24-008749-003/2024(H5N1)	962	9382
HA|PP755589.1|A/cattle/Texas/24-008749-003/2024(H5N1)	963	9327
HA|PP755589.1|A/cattle/Texas/24-008749-003/2024(H5N1)	964	9322
HA|PP755589.1|A/cattle/Texas/24-008749-003/2024(H5N1)	965	9316
HA|PP755589.1|A/cattle/Texas/24-008749-003/2024(H5N1)	966	9315
HA|PP755589.1|A/cattle/Texas/24-008749-003/2024(H5N1)	967	9293
HA|PP755589.1|A/cattle/Texas/24-008749-003/2024(H5N1)	968	9301
HA|PP755589.1|A/cattle/Texas/24-008749-003/2024(H5N1)	969	9301
HA|PP755589.1|A/cattle/Texas/24-008749-003/2024(H5N1)	970	9303
HA|PP755589.1|A/cattle/Texas/24-008749-003/2024(H5N1)	971	9307
HA|PP755589.1|A/cattle/Texas/24-008749-003/2024(H5N1)	972	9293
HA|PP755589.1|A/cattle/Texas/24-008749-003/2024(H5N1)	973	9297
HA|PP755589.1|A/cattle/Texas/24-008749-003/2024(H5N1)	974	9297
HA|PP755589.1|A/cattle/Texas/24-008749-003/2024(H5N1)	975	9302
HA|PP755589.1|A/cattle/Texas/24-008749-003/2024(H5N1)	976	9319
HA|PP755589.1|A/cattle/Texas/24-008749-003/2024(H5N1)	977	9383
HA|PP755589.1|A/cattle/Texas/24-008749-003/2024(H5N1)	978	9383
HA|PP755589.1|A/cattle/Texas/24-008749-003/2024(H5N1)	979	9383
HA|PP755589.1|A/cattle/Texas/24-008749-003/2024(H5N1)	980	9363
HA|PP755589.1|A/cattle/Texas/24-008749-003/2024(H5N1)	981	9361
HA|PP755589.1|A/cattle/Texas/24-008749-003/2024(H5N1)	982	9385
HA|PP755589.1|A/cattle/Texas/24-008749-003/2024(H5N1)	983	9383
HA|PP755589.1|A/cattle/Texas/24-008749-003/2024(H5N1)	984	9426
HA|PP755589.1|A/cattle/Texas/24-008749-003/2024(H5N1)	985	9360
HA|PP755589.1|A/cattle/Texas/24-008749-003/2024(H5N1)	986	9255
HA|PP755589.1|A/cattle/Texas/24-008749-003/2024(H5N1)	987	9253
HA|PP755589.1|A/cattle/Texas/24-008749-003/2024(H5N1)	988	9252
HA|PP755589.1|A/cattle/Texas/24-008749-003/2024(H5N1)	989	9284
HA|PP755589.1|A/cattle/Texas/24-008749-003/2024(H5N1)	990	9276
HA|PP755589.1|A/cattle/Texas/24-008749-003/2024(H5N1)	991	9218
HA|PP755589.1|A/cattle/Texas/24-008749-003/2024(H5N1)	992	9218
HA|PP755589.1|A/cattle/Texas/24-008749-003/2024(H5N1)	993	9083
HA|PP755589.1|A/cattle/Texas/24-008749-003/2024(H5N1)	994	9092
HA|PP755589.1|A/cattle/Texas/24-008749-003/2024(H5N1)	995	9088
HA|PP755589.1|A/cattle/Texas/24-008749-003/2024(H5N1)	996	9157
HA|PP755589.1|A/cattle/Texas/24-008749-003/2024(H5N1)	997	9160
HA|PP755589.1|A/cattle/Texas/24-008749-003/2024(H5N1)	998	9088
HA|PP755589.1|A/cattle/Texas/24-008749-003/2024(H5N1)	999	9121
HA|PP755589.1|A/cattle/Texas/24-008749-003/2024(H5N1)	1000	9115
HA|PP755589.1|A/cattle/Texas/24-008749-003/2024(H5N1)	1001	9214
HA|PP755589.1|A/cattle/Texas/24-008749-003/2024(H5N1)	1002	9233
HA|PP755589.1|A/cattle/Texas/24-008749-003/2024(H5N1)	1003	9187
HA|PP755589.1|A/cattle/Texas/24-008749-003/2024(H5N1)	1004	9192
HA|PP755589.1|A/cattle/Texas/24-008749-003/2024(H5N1)	1005	9072
HA|PP755589.1|A/cattle/Texas/24-008749-003/2024(H5N1)	1006	9065
HA|PP755589.1|A/cattle/Texas/24-008749-003/2024(H5N1)	1007	9062
HA|PP755589.1|A/cattle/Texas/24-008749-003/2024(H5N1)	1008	9029
HA|PP755589.1|A/cattle/Texas/24-008749-003/2024(H5N1)	1009	9037
HA|PP755589.1|A/cattle/Texas/24-008749-003/2024(H5N1)	1010	8877
HA|PP755589.1|A/cattle/Texas/24-008749-003/2024(H5N1)	1011	8755
HA|PP755589.1|A/cattle/Texas/24-008749-003/2024(H5N1)	1012	8757
HA|PP755589.1|A/cattle/Texas/24-008749-003/2024(H5N1)	1013	8727
HA|PP755589.1|A/cattle/Texas/24-008749-003/2024(H5N1)	1014	8728
HA|PP755589.1|A/cattle/Texas/24-008749-003/2024(H5N1)	1015	8741
HA|PP755589.1|A/cattle/Texas/24-008749-003/2024(H5N1)	1016	8745
HA|PP755589.1|A/cattle/Texas/24-008749-003/2024(H5N1)	1017	8719
HA|PP755589.1|A/cattle/Texas/24-008749-003/2024(H5N1)	1018	8723
HA|PP755589.1|A/cattle/Texas/24-008749-003/2024(H5N1)	1019	8656
HA|PP755589.1|A/cattle/Texas/24-008749-003/2024(H5N1)	1020	8660
HA|PP755589.1|A/cattle/Texas/24-008749-003/2024(H5N1)	1021	8659
HA|PP755589.1|A/cattle/Texas/24-008749-003/2024(H5N1)	1022	8649
HA|PP755589.1|A/cattle/Texas/24-008749-003/2024(H5N1)	1023	8655
HA|PP755589.1|A/cattle/Texas/24-008749-003/2024(H5N1)	1024	8581
HA|PP755589.1|A/cattle/Texas/24-008749-003/2024(H5N1)	1025	8587
HA|PP755589.1|A/cattle/Texas/24-008749-003/2024(H5N1)	1026	8539
HA|PP755589.1|A/cattle/Texas/24-008749-003/2024(H5N1)	1027	8486
HA|PP755589.1|A/cattle/Texas/24-008749-003/2024(H5N1)	1028	8591
HA|PP755589.1|A/cattle/Texas/24-008749-003/2024(H5N1)	1029	8521
HA|PP755589.1|A/cattle/Texas/24-008749-003/2024(H5N1)	1030	8558
HA|PP755589.1|A/cattle/Texas/24-008749-003/2024(H5N1)	1031	8568
HA|PP755589.1|A/cattle/Texas/24-008749-003/2024(H5N1)	1032	8552
HA|PP755589.1|A/cattle/Texas/24-008749-003/2024(H5N1)	1033	8545
HA|PP755589.1|A/cattle/Texas/24-008749-003/2024(H5N1)	1034	8549
HA|PP755589.1|A/cattle/Texas/24-008749-003/2024(H5N1)	1035	8456
HA|PP755589.1|A/cattle/Texas/24-008749-003/2024(H5N1)	1036	8540
HA|PP755589.1|A/cattle/Texas/24-008749-003/2024(H5N1)	1037	8504
HA|PP755589.1|A/cattle/Texas/24-008749-003/2024(H5N1)	1038	8468
HA|PP755589.1|A/cattle/Texas/24-008749-003/2024(H5N1)	1039	8492
HA|PP755589.1|A/cattle/Texas/24-008749-003/2024(H5N1)	1040	8469
HA|PP755589.1|A/cattle/Texas/24-008749-003/2024(H5N1)	1041	8663
HA|PP755589.1|A/cattle/Texas/24-008749-003/2024(H5N1)	1042	8678
HA|PP755589.1|A/cattle/Texas/24-008749-003/2024(H5N1)	1043	8666
HA|PP755589.1|A/cattle/Texas/24-008749-003/2024(H5N1)	1044	8663
HA|PP755589.1|A/cattle/Texas/24-008749-003/2024(H5N1)	1045	8591
HA|PP755589.1|A/cattle/Texas/24-008749-003/2024(H5N1)	1046	8591
HA|PP755589.1|A/cattle/Texas/24-008749-003/2024(H5N1)	1047	8609
HA|PP755589.1|A/cattle/Texas/24-008749-003/2024(H5N1)	1048	8601
HA|PP755589.1|A/cattle/Texas/24-008749-003/2024(H5N1)	1049	8513
HA|PP755589.1|A/cattle/Texas/24-008749-003/2024(H5N1)	1050	8401
HA|PP755589.1|A/cattle/Texas/24-008749-003/2024(H5N1)	1051	8465
HA|PP755589.1|A/cattle/Texas/24-008749-003/2024(H5N1)	1052	8486
HA|PP755589.1|A/cattle/Texas/24-008749-003/2024(H5N1)	1053	8481
HA|PP755589.1|A/cattle/Texas/24-008749-003/2024(H5N1)	1054	8492
HA|PP755589.1|A/cattle/Texas/24-008749-003/2024(H5N1)	1055	8480
HA|PP755589.1|A/cattle/Texas/24-008749-003/2024(H5N1)	1056	8377
HA|PP755589.1|A/cattle/Texas/24-008749-003/2024(H5N1)	1057	8548
HA|PP755589.1|A/cattle/Texas/24-008749-003/2024(H5N1)	1058	8809
HA|PP755589.1|A/cattle/Texas/24-008749-003/2024(H5N1)	1059	8839
HA|PP755589.1|A/cattle/Texas/24-008749-003/2024(H5N1)	1060	8522
HA|PP755589.1|A/cattle/Texas/24-008749-003/2024(H5N1)	1061	8448
HA|PP755589.1|A/cattle/Texas/24-008749-003/2024(H5N1)	1062	8471
HA|PP755589.1|A/cattle/Texas/24-008749-003/2024(H5N1)	1063	8453
HA|PP755589.1|A/cattle/Texas/24-008749-003/2024(H5N1)	1064	8453
HA|PP755589.1|A/cattle/Texas/24-008749-003/2024(H5N1)	1065	8447
HA|PP755589.1|A/cattle/Texas/24-008749-003/2024(H5N1)	1066	8461
HA|PP755589.1|A/cattle/Texas/24-008749-003/2024(H5N1)	1067	4963
HA|PP755589.1|A/cattle/Texas/24-008749-003/2024(H5N1)	1068	4894
HA|PP755589.1|A/cattle/Texas/24-008749-003/2024(H5N1)	1069	4850
HA|PP755589.1|A/cattle/Texas/24-008749-003/2024(H5N1)	1070	4865
HA|PP755589.1|A/cattle/Texas/24-008749-003/2024(H5N1)	1071	4751
HA|PP755589.1|A/cattle/Texas/24-008749-003/2024(H5N1)	1072	4684
HA|PP755589.1|A/cattle/Texas/24-008749-003/2024(H5N1)	1073	4666
HA|PP755589.1|A/cattle/Texas/24-008749-003/2024(H5N1)	1074	4640
HA|PP755589.1|A/cattle/Texas/24-008749-003/2024(H5N1)	1075	4502
HA|PP755589.1|A/cattle/Texas/24-008749-003/2024(H5N1)	1076	4468
HA|PP755589.1|A/cattle/Texas/24-008749-003/2024(H5N1)	1077	4416
HA|PP755589.1|A/cattle/Texas/24-008749-003/2024(H5N1)	1078	4394
HA|PP755589.1|A/cattle/Texas/24-008749-003/2024(H5N1)	1079	4048
HA|PP755589.1|A/cattle/Texas/24-008749-003/2024(H5N1)	1080	4080
HA|PP755589.1|A/cattle/Texas/24-008749-003/2024(H5N1)	1081	3583
HA|PP755589.1|A/cattle/Texas/24-008749-003/2024(H5N1)	1082	3605
HA|PP755589.1|A/cattle/Texas/24-008749-003/2024(H5N1)	1083	3573
HA|PP755589.1|A/cattle/Texas/24-008749-003/2024(H5N1)	1084	3499
HA|PP755589.1|A/cattle/Texas/24-008749-003/2024(H5N1)	1085	3287
HA|PP755589.1|A/cattle/Texas/24-008749-003/2024(H5N1)	1086	3149
HA|PP755589.1|A/cattle/Texas/24-008749-003/2024(H5N1)	1087	3197
HA|PP755589.1|A/cattle/Texas/24-008749-003/2024(H5N1)	1088	3170
HA|PP755589.1|A/cattle/Texas/24-008749-003/2024(H5N1)	1089	2708
HA|PP755589.1|A/cattle/Texas/24-008749-003/2024(H5N1)	1090	2612
HA|PP755589.1|A/cattle/Texas/24-008749-003/2024(H5N1)	1091	2011
HA|PP755589.1|A/cattle/Texas/24-008749-003/2024(H5N1)	1092	2018
HA|PP755589.1|A/cattle/Texas/24-008749-003/2024(H5N1)	1093	1885
HA|PP755589.1|A/cattle/Texas/24-008749-003/2024(H5N1)	1094	1782
HA|PP755589.1|A/cattle/Texas/24-008749-003/2024(H5N1)	1095	1484
HA|PP755589.1|A/cattle/Texas/24-008749-003/2024(H5N1)	1096	1369
HA|PP755589.1|A/cattle/Texas/24-008749-003/2024(H5N1)	1097	1395
HA|PP755589.1|A/cattle/Texas/24-008749-003/2024(H5N1)	1098	1416
HA|PP755589.1|A/cattle/Texas/24-008749-003/2024(H5N1)	1099	1420
HA|PP755589.1|A/cattle/Texas/24-008749-003/2024(H5N1)	1100	1420
HA|PP755589.1|A/cattle/Texas/24-008749-003/2024(H5N1)	1101	1419
HA|PP755589.1|A/cattle/Texas/24-008749-003/2024(H5N1)	1102	1479
HA|PP755589.1|A/cattle/Texas/24-008749-003/2024(H5N1)	1103	1493
HA|PP755589.1|A/cattle/Texas/24-008749-003/2024(H5N1)	1104	1493
HA|PP755589.1|A/cattle/Texas/24-008749-003/2024(H5N1)	1105	1492
HA|PP755589.1|A/cattle/Texas/24-008749-003/2024(H5N1)	1106	1490
HA|PP755589.1|A/cattle/Texas/24-008749-003/2024(H5N1)	1107	1510
HA|PP755589.1|A/cattle/Texas/24-008749-003/2024(H5N1)	1108	1524
HA|PP755589.1|A/cattle/Texas/24-008749-003/2024(H5N1)	1109	1524
HA|PP755589.1|A/cattle/Texas/24-008749-003/2024(H5N1)	1110	1560
HA|PP755589.1|A/cattle/Texas/24-008749-003/2024(H5N1)	1111	1554
HA|PP755589.1|A/cattle/Texas/24-008749-003/2024(H5N1)	1112	1552
HA|PP755589.1|A/cattle/Texas/24-008749-003/2024(H5N1)	1113	1552
HA|PP755589.1|A/cattle/Texas/24-008749-003/2024(H5N1)	1114	1552
HA|PP755589.1|A/cattle/Texas/24-008749-003/2024(H5N1)	1115	1578
HA|PP755589.1|A/cattle/Texas/24-008749-003/2024(H5N1)	1116	1576
HA|PP755589.1|A/cattle/Texas/24-008749-003/2024(H5N1)	1117	1572
HA|PP755589.1|A/cattle/Texas/24-008749-003/2024(H5N1)	1118	1574
HA|PP755589.1|A/cattle/Texas/24-008749-003/2024(H5N1)	1119	1553
HA|PP755589.1|A/cattle/Texas/24-008749-003/2024(H5N1)	1120	1619
HA|PP755589.1|A/cattle/Texas/24-008749-003/2024(H5N1)	1121	1615
HA|PP755589.1|A/cattle/Texas/24-008749-003/2024(H5N1)	1122	1637
HA|PP755589.1|A/cattle/Texas/24-008749-003/2024(H5N1)	1123	1637
HA|PP755589.1|A/cattle/Texas/24-008749-003/2024(H5N1)	1124	1627
HA|PP755589.1|A/cattle/Texas/24-008749-003/2024(H5N1)	1125	1649
HA|PP755589.1|A/cattle/Texas/24-008749-003/2024(H5N1)	1126	1649
HA|PP755589.1|A/cattle/Texas/24-008749-003/2024(H5N1)	1127	1661
HA|PP755589.1|A/cattle/Texas/24-008749-003/2024(H5N1)	1128	1669
HA|PP755589.1|A/cattle/Texas/24-008749-003/2024(H5N1)	1129	1645
HA|PP755589.1|A/cattle/Texas/24-008749-003/2024(H5N1)	1130	1665
HA|PP755589.1|A/cattle/Texas/24-008749-003/2024(H5N1)	1131	1664
HA|PP755589.1|A/cattle/Texas/24-008749-003/2024(H5N1)	1132	1678
HA|PP755589.1|A/cattle/Texas/24-008749-003/2024(H5N1)	1133	1690
HA|PP755589.1|A/cattle/Texas/24-008749-003/2024(H5N1)	1134	1686
HA|PP755589.1|A/cattle/Texas/24-008749-003/2024(H5N1)	1135	1682
HA|PP755589.1|A/cattle/Texas/24-008749-003/2024(H5N1)	1136	1671
HA|PP755589.1|A/cattle/Texas/24-008749-003/2024(H5N1)	1137	1665
HA|PP755589.1|A/cattle/Texas/24-008749-003/2024(H5N1)	1138	1675
HA|PP755589.1|A/cattle/Texas/24-008749-003/2024(H5N1)	1139	1676
HA|PP755589.1|A/cattle/Texas/24-008749-003/2024(H5N1)	1140	1641
HA|PP755589.1|A/cattle/Texas/24-008749-003/2024(H5N1)	1141	1653
HA|PP755589.1|A/cattle/Texas/24-008749-003/2024(H5N1)	1142	1639
HA|PP755589.1|A/cattle/Texas/24-008749-003/2024(H5N1)	1143	1639
HA|PP755589.1|A/cattle/Texas/24-008749-003/2024(H5N1)	1144	1645
HA|PP755589.1|A/cattle/Texas/24-008749-003/2024(H5N1)	1145	1647
HA|PP755589.1|A/cattle/Texas/24-008749-003/2024(H5N1)	1146	1661
HA|PP755589.1|A/cattle/Texas/24-008749-003/2024(H5N1)	1147	1657
HA|PP755589.1|A/cattle/Texas/24-008749-003/2024(H5N1)	1148	1655
HA|PP755589.1|A/cattle/Texas/24-008749-003/2024(H5N1)	1149	1653
HA|PP755589.1|A/cattle/Texas/24-008749-003/2024(H5N1)	1150	1661
HA|PP755589.1|A/cattle/Texas/24-008749-003/2024(H5N1)	1151	1663
HA|PP755589.1|A/cattle/Texas/24-008749-003/2024(H5N1)	1152	1663
HA|PP755589.1|A/cattle/Texas/24-008749-003/2024(H5N1)	1153	1661
HA|PP755589.1|A/cattle/Texas/24-008749-003/2024(H5N1)	1154	1659
HA|PP755589.1|A/cattle/Texas/24-008749-003/2024(H5N1)	1155	1653
HA|PP755589.1|A/cattle/Texas/24-008749-003/2024(H5N1)	1156	1653
HA|PP755589.1|A/cattle/Texas/24-008749-003/2024(H5N1)	1157	1666
HA|PP755589.1|A/cattle/Texas/24-008749-003/2024(H5N1)	1158	1668
HA|PP755589.1|A/cattle/Texas/24-008749-003/2024(H5N1)	1159	1662
HA|PP755589.1|A/cattle/Texas/24-008749-003/2024(H5N1)	1160	1660
HA|PP755589.1|A/cattle/Texas/24-008749-003/2024(H5N1)	1161	1662
HA|PP755589.1|A/cattle/Texas/24-008749-003/2024(H5N1)	1162	1662
HA|PP755589.1|A/cattle/Texas/24-008749-003/2024(H5N1)	1163	1668
HA|PP755589.1|A/cattle/Texas/24-008749-003/2024(H5N1)	1164	1672
HA|PP755589.1|A/cattle/Texas/24-008749-003/2024(H5N1)	1165	1684
HA|PP755589.1|A/cattle/Texas/24-008749-003/2024(H5N1)	1166	1678
HA|PP755589.1|A/cattle/Texas/24-008749-003/2024(H5N1)	1167	1672
HA|PP755589.1|A/cattle/Texas/24-008749-003/2024(H5N1)	1168	1671
HA|PP755589.1|A/cattle/Texas/24-008749-003/2024(H5N1)	1169	1689
HA|PP755589.1|A/cattle/Texas/24-008749-003/2024(H5N1)	1170	1689
HA|PP755589.1|A/cattle/Texas/24-008749-003/2024(H5N1)	1171	1689
HA|PP755589.1|A/cattle/Texas/24-008749-003/2024(H5N1)	1172	1677
HA|PP755589.1|A/cattle/Texas/24-008749-003/2024(H5N1)	1173	1669
HA|PP755589.1|A/cattle/Texas/24-008749-003/2024(H5N1)	1174	1651
HA|PP755589.1|A/cattle/Texas/24-008749-003/2024(H5N1)	1175	1665
HA|PP755589.1|A/cattle/Texas/24-008749-003/2024(H5N1)	1176	1665
HA|PP755589.1|A/cattle/Texas/24-008749-003/2024(H5N1)	1177	1671
HA|PP755589.1|A/cattle/Texas/24-008749-003/2024(H5N1)	1178	1649
HA|PP755589.1|A/cattle/Texas/24-008749-003/2024(H5N1)	1179	1639
HA|PP755589.1|A/cattle/Texas/24-008749-003/2024(H5N1)	1180	1637
HA|PP755589.1|A/cattle/Texas/24-008749-003/2024(H5N1)	1181	1649
HA|PP755589.1|A/cattle/Texas/24-008749-003/2024(H5N1)	1182	1649
HA|PP755589.1|A/cattle/Texas/24-008749-003/2024(H5N1)	1183	1646
HA|PP755589.1|A/cattle/Texas/24-008749-003/2024(H5N1)	1184	1642
HA|PP755589.1|A/cattle/Texas/24-008749-003/2024(H5N1)	1185	1642
HA|PP755589.1|A/cattle/Texas/24-008749-003/2024(H5N1)	1186	1624
HA|PP755589.1|A/cattle/Texas/24-008749-003/2024(H5N1)	1187	1624
HA|PP755589.1|A/cattle/Texas/24-008749-003/2024(H5N1)	1188	1628
HA|PP755589.1|A/cattle/Texas/24-008749-003/2024(H5N1)	1189	1626
HA|PP755589.1|A/cattle/Texas/24-008749-003/2024(H5N1)	1190	1592
HA|PP755589.1|A/cattle/Texas/24-008749-003/2024(H5N1)	1191	1578
HA|PP755589.1|A/cattle/Texas/24-008749-003/2024(H5N1)	1192	1570
HA|PP755589.1|A/cattle/Texas/24-008749-003/2024(H5N1)	1193	1588
HA|PP755589.1|A/cattle/Texas/24-008749-003/2024(H5N1)	1194	1588
HA|PP755589.1|A/cattle/Texas/24-008749-003/2024(H5N1)	1195	1580
HA|PP755589.1|A/cattle/Texas/24-008749-003/2024(H5N1)	1196	1584
HA|PP755589.1|A/cattle/Texas/24-008749-003/2024(H5N1)	1197	1521
HA|PP755589.1|A/cattle/Texas/24-008749-003/2024(H5N1)	1198	1545
HA|PP755589.1|A/cattle/Texas/24-008749-003/2024(H5N1)	1199	1545
HA|PP755589.1|A/cattle/Texas/24-008749-003/2024(H5N1)	1200	1562
HA|PP755589.1|A/cattle/Texas/24-008749-003/2024(H5N1)	1201	1558
HA|PP755589.1|A/cattle/Texas/24-008749-003/2024(H5N1)	1202	1526
HA|PP755589.1|A/cattle/Texas/24-008749-003/2024(H5N1)	1203	1516
HA|PP755589.1|A/cattle/Texas/24-008749-003/2024(H5N1)	1204	1526
HA|PP755589.1|A/cattle/Texas/24-008749-003/2024(H5N1)	1205	1522
HA|PP755589.1|A/cattle/Texas/24-008749-003/2024(H5N1)	1206	1534
HA|PP755589.1|A/cattle/Texas/24-008749-003/2024(H5N1)	1207	1509
HA|PP755589.1|A/cattle/Texas/24-008749-003/2024(H5N1)	1208	1519
HA|PP755589.1|A/cattle/Texas/24-008749-003/2024(H5N1)	1209	1550
HA|PP755589.1|A/cattle/Texas/24-008749-003/2024(H5N1)	1210	1556
HA|PP755589.1|A/cattle/Texas/24-008749-003/2024(H5N1)	1211	1558
HA|PP755589.1|A/cattle/Texas/24-008749-003/2024(H5N1)	1212	1560
HA|PP755589.1|A/cattle/Texas/24-008749-003/2024(H5N1)	1213	1554
HA|PP755589.1|A/cattle/Texas/24-008749-003/2024(H5N1)	1214	1563
HA|PP755589.1|A/cattle/Texas/24-008749-003/2024(H5N1)	1215	1572
HA|PP755589.1|A/cattle/Texas/24-008749-003/2024(H5N1)	1216	1574
HA|PP755589.1|A/cattle/Texas/24-008749-003/2024(H5N1)	1217	1622
HA|PP755589.1|A/cattle/Texas/24-008749-003/2024(H5N1)	1218	1577
HA|PP755589.1|A/cattle/Texas/24-008749-003/2024(H5N1)	1219	1587
HA|PP755589.1|A/cattle/Texas/24-008749-003/2024(H5N1)	1220	1585
HA|PP755589.1|A/cattle/Texas/24-008749-003/2024(H5N1)	1221	1637
HA|PP755589.1|A/cattle/Texas/24-008749-003/2024(H5N1)	1222	1638
HA|PP755589.1|A/cattle/Texas/24-008749-003/2024(H5N1)	1223	1638
HA|PP755589.1|A/cattle/Texas/24-008749-003/2024(H5N1)	1224	1628
HA|PP755589.1|A/cattle/Texas/24-008749-003/2024(H5N1)	1225	1633
HA|PP755589.1|A/cattle/Texas/24-008749-003/2024(H5N1)	1226	1598
HA|PP755589.1|A/cattle/Texas/24-008749-003/2024(H5N1)	1227	1598
HA|PP755589.1|A/cattle/Texas/24-008749-003/2024(H5N1)	1228	1588
HA|PP755589.1|A/cattle/Texas/24-008749-003/2024(H5N1)	1229	1581
HA|PP755589.1|A/cattle/Texas/24-008749-003/2024(H5N1)	1230	1513
HA|PP755589.1|A/cattle/Texas/24-008749-003/2024(H5N1)	1231	1599
HA|PP755589.1|A/cattle/Texas/24-008749-003/2024(H5N1)	1232	1601
HA|PP755589.1|A/cattle/Texas/24-008749-003/2024(H5N1)	1233	1601
HA|PP755589.1|A/cattle/Texas/24-008749-003/2024(H5N1)	1234	1609
HA|PP755589.1|A/cattle/Texas/24-008749-003/2024(H5N1)	1235	1611
HA|PP755589.1|A/cattle/Texas/24-008749-003/2024(H5N1)	1236	1609
HA|PP755589.1|A/cattle/Texas/24-008749-003/2024(H5N1)	1237	1609
HA|PP755589.1|A/cattle/Texas/24-008749-003/2024(H5N1)	1238	1609
HA|PP755589.1|A/cattle/Texas/24-008749-003/2024(H5N1)	1239	1605
HA|PP755589.1|A/cattle/Texas/24-008749-003/2024(H5N1)	1240	1635
HA|PP755589.1|A/cattle/Texas/24-008749-003/2024(H5N1)	1241	1445
HA|PP755589.1|A/cattle/Texas/24-008749-003/2024(H5N1)	1242	1466
HA|PP755589.1|A/cattle/Texas/24-008749-003/2024(H5N1)	1243	1458
HA|PP755589.1|A/cattle/Texas/24-008749-003/2024(H5N1)	1244	1442
HA|PP755589.1|A/cattle/Texas/24-008749-003/2024(H5N1)	1245	1444
HA|PP755589.1|A/cattle/Texas/24-008749-003/2024(H5N1)	1246	1443
HA|PP755589.1|A/cattle/Texas/24-008749-003/2024(H5N1)	1247	1443
HA|PP755589.1|A/cattle/Texas/24-008749-003/2024(H5N1)	1248	1443
HA|PP755589.1|A/cattle/Texas/24-008749-003/2024(H5N1)	1249	1376
HA|PP755589.1|A/cattle/Texas/24-008749-003/2024(H5N1)	1250	1392
HA|PP755589.1|A/cattle/Texas/24-008749-003/2024(H5N1)	1251	1368
HA|PP755589.1|A/cattle/Texas/24-008749-003/2024(H5N1)	1252	1329
HA|PP755589.1|A/cattle/Texas/24-008749-003/2024(H5N1)	1253	1371
HA|PP755589.1|A/cattle/Texas/24-008749-003/2024(H5N1)	1254	1357
HA|PP755589.1|A/cattle/Texas/24-008749-003/2024(H5N1)	1255	1357
HA|PP755589.1|A/cattle/Texas/24-008749-003/2024(H5N1)	1256	1355
HA|PP755589.1|A/cattle/Texas/24-008749-003/2024(H5N1)	1257	1359
HA|PP755589.1|A/cattle/Texas/24-008749-003/2024(H5N1)	1258	1341
HA|PP755589.1|A/cattle/Texas/24-008749-003/2024(H5N1)	1259	1234
HA|PP755589.1|A/cattle/Texas/24-008749-003/2024(H5N1)	1260	1221
HA|PP755589.1|A/cattle/Texas/24-008749-003/2024(H5N1)	1261	1071
HA|PP755589.1|A/cattle/Texas/24-008749-003/2024(H5N1)	1262	1143
HA|PP755589.1|A/cattle/Texas/24-008749-003/2024(H5N1)	1263	1149
HA|PP755589.1|A/cattle/Texas/24-008749-003/2024(H5N1)	1264	1118
HA|PP755589.1|A/cattle/Texas/24-008749-003/2024(H5N1)	1265	1116
HA|PP755589.1|A/cattle/Texas/24-008749-003/2024(H5N1)	1266	1072
HA|PP755589.1|A/cattle/Texas/24-008749-003/2024(H5N1)	1267	1080
HA|PP755589.1|A/cattle/Texas/24-008749-003/2024(H5N1)	1268	979
HA|PP755589.1|A/cattle/Texas/24-008749-003/2024(H5N1)	1269	989
HA|PP755589.1|A/cattle/Texas/24-008749-003/2024(H5N1)	1270	917
HA|PP755589.1|A/cattle/Texas/24-008749-003/2024(H5N1)	1271	761
HA|PP755589.1|A/cattle/Texas/24-008749-003/2024(H5N1)	1272	740
HA|PP755589.1|A/cattle/Texas/24-008749-003/2024(H5N1)	1273	710
HA|PP755589.1|A/cattle/Texas/24-008749-003/2024(H5N1)	1274	708
HA|PP755589.1|A/cattle/Texas/24-008749-003/2024(H5N1)	1275	720
HA|PP755589.1|A/cattle/Texas/24-008749-003/2024(H5N1)	1276	717
HA|PP755589.1|A/cattle/Texas/24-008749-003/2024(H5N1)	1277	717
HA|PP755589.1|A/cattle/Texas/24-008749-003/2024(H5N1)	1278	721
HA|PP755589.1|A/cattle/Texas/24-008749-003/2024(H5N1)	1279	718
HA|PP755589.1|A/cattle/Texas/24-008749-003/2024(H5N1)	1280	728
HA|PP755589.1|A/cattle/Texas/24-008749-003/2024(H5N1)	1281	736
HA|PP755589.1|A/cattle/Texas/24-008749-003/2024(H5N1)	1282	736
HA|PP755589.1|A/cattle/Texas/24-008749-003/2024(H5N1)	1283	736
HA|PP755589.1|A/cattle/Texas/24-008749-003/2024(H5N1)	1284	738
HA|PP755589.1|A/cattle/Texas/24-008749-003/2024(H5N1)	1285	750
HA|PP755589.1|A/cattle/Texas/24-008749-003/2024(H5N1)	1286	752
HA|PP755589.1|A/cattle/Texas/24-008749-003/2024(H5N1)	1287	752
HA|PP755589.1|A/cattle/Texas/24-008749-003/2024(H5N1)	1288	755
HA|PP755589.1|A/cattle/Texas/24-008749-003/2024(H5N1)	1289	755
HA|PP755589.1|A/cattle/Texas/24-008749-003/2024(H5N1)	1290	755
HA|PP755589.1|A/cattle/Texas/24-008749-003/2024(H5N1)	1291	755
HA|PP755589.1|A/cattle/Texas/24-008749-003/2024(H5N1)	1292	753
HA|PP755589.1|A/cattle/Texas/24-008749-003/2024(H5N1)	1293	753
HA|PP755589.1|A/cattle/Texas/24-008749-003/2024(H5N1)	1294	749
HA|PP755589.1|A/cattle/Texas/24-008749-003/2024(H5N1)	1295	756
HA|PP755589.1|A/cattle/Texas/24-008749-003/2024(H5N1)	1296	758
HA|PP755589.1|A/cattle/Texas/24-008749-003/2024(H5N1)	1297	774
HA|PP755589.1|A/cattle/Texas/24-008749-003/2024(H5N1)	1298	806
HA|PP755589.1|A/cattle/Texas/24-008749-003/2024(H5N1)	1299	819
HA|PP755589.1|A/cattle/Texas/24-008749-003/2024(H5N1)	1300	825
HA|PP755589.1|A/cattle/Texas/24-008749-003/2024(H5N1)	1301	839
HA|PP755589.1|A/cattle/Texas/24-008749-003/2024(H5N1)	1302	839
HA|PP755589.1|A/cattle/Texas/24-008749-003/2024(H5N1)	1303	841
HA|PP755589.1|A/cattle/Texas/24-008749-003/2024(H5N1)	1304	839
HA|PP755589.1|A/cattle/Texas/24-008749-003/2024(H5N1)	1305	857
HA|PP755589.1|A/cattle/Texas/24-008749-003/2024(H5N1)	1306	864
HA|PP755589.1|A/cattle/Texas/24-008749-003/2024(H5N1)	1307	858
HA|PP755589.1|A/cattle/Texas/24-008749-003/2024(H5N1)	1308	860
HA|PP755589.1|A/cattle/Texas/24-008749-003/2024(H5N1)	1309	860
HA|PP755589.1|A/cattle/Texas/24-008749-003/2024(H5N1)	1310	872
HA|PP755589.1|A/cattle/Texas/24-008749-003/2024(H5N1)	1311	886
HA|PP755589.1|A/cattle/Texas/24-008749-003/2024(H5N1)	1312	886
HA|PP755589.1|A/cattle/Texas/24-008749-003/2024(H5N1)	1313	888
HA|PP755589.1|A/cattle/Texas/24-008749-003/2024(H5N1)	1314	930
HA|PP755589.1|A/cattle/Texas/24-008749-003/2024(H5N1)	1315	932
HA|PP755589.1|A/cattle/Texas/24-008749-003/2024(H5N1)	1316	932
HA|PP755589.1|A/cattle/Texas/24-008749-003/2024(H5N1)	1317	932
HA|PP755589.1|A/cattle/Texas/24-008749-003/2024(H5N1)	1318	932
HA|PP755589.1|A/cattle/Texas/24-008749-003/2024(H5N1)	1319	940
HA|PP755589.1|A/cattle/Texas/24-008749-003/2024(H5N1)	1320	936
HA|PP755589.1|A/cattle/Texas/24-008749-003/2024(H5N1)	1321	938
HA|PP755589.1|A/cattle/Texas/24-008749-003/2024(H5N1)	1322	938
HA|PP755589.1|A/cattle/Texas/24-008749-003/2024(H5N1)	1323	922
HA|PP755589.1|A/cattle/Texas/24-008749-003/2024(H5N1)	1324	922
HA|PP755589.1|A/cattle/Texas/24-008749-003/2024(H5N1)	1325	922
HA|PP755589.1|A/cattle/Texas/24-008749-003/2024(H5N1)	1326	928
HA|PP755589.1|A/cattle/Texas/24-008749-003/2024(H5N1)	1327	942
HA|PP755589.1|A/cattle/Texas/24-008749-003/2024(H5N1)	1328	942
HA|PP755589.1|A/cattle/Texas/24-008749-003/2024(H5N1)	1329	942
HA|PP755589.1|A/cattle/Texas/24-008749-003/2024(H5N1)	1330	942
HA|PP755589.1|A/cattle/Texas/24-008749-003/2024(H5N1)	1331	942
HA|PP755589.1|A/cattle/Texas/24-008749-003/2024(H5N1)	1332	942
HA|PP755589.1|A/cattle/Texas/24-008749-003/2024(H5N1)	1333	942
HA|PP755589.1|A/cattle/Texas/24-008749-003/2024(H5N1)	1334	940
HA|PP755589.1|A/cattle/Texas/24-008749-003/2024(H5N1)	1335	938
HA|PP755589.1|A/cattle/Texas/24-008749-003/2024(H5N1)	1336	936
HA|PP755589.1|A/cattle/Texas/24-008749-003/2024(H5N1)	1337	936
HA|PP755589.1|A/cattle/Texas/24-008749-003/2024(H5N1)	1338	938
HA|PP755589.1|A/cattle/Texas/24-008749-003/2024(H5N1)	1339	938
HA|PP755589.1|A/cattle/Texas/24-008749-003/2024(H5N1)	1340	938
HA|PP755589.1|A/cattle/Texas/24-008749-003/2024(H5N1)	1341	938
HA|PP755589.1|A/cattle/Texas/24-008749-003/2024(H5N1)	1342	940
HA|PP755589.1|A/cattle/Texas/24-008749-003/2024(H5N1)	1343	938
HA|PP755589.1|A/cattle/Texas/24-008749-003/2024(H5N1)	1344	938
HA|PP755589.1|A/cattle/Texas/24-008749-003/2024(H5N1)	1345	950
HA|PP755589.1|A/cattle/Texas/24-008749-003/2024(H5N1)	1346	949
HA|PP755589.1|A/cattle/Texas/24-008749-003/2024(H5N1)	1347	951
HA|PP755589.1|A/cattle/Texas/24-008749-003/2024(H5N1)	1348	951
HA|PP755589.1|A/cattle/Texas/24-008749-003/2024(H5N1)	1349	949
HA|PP755589.1|A/cattle/Texas/24-008749-003/2024(H5N1)	1350	949
HA|PP755589.1|A/cattle/Texas/24-008749-003/2024(H5N1)	1351	945
HA|PP755589.1|A/cattle/Texas/24-008749-003/2024(H5N1)	1352	953
HA|PP755589.1|A/cattle/Texas/24-008749-003/2024(H5N1)	1353	955
HA|PP755589.1|A/cattle/Texas/24-008749-003/2024(H5N1)	1354	951
HA|PP755589.1|A/cattle/Texas/24-008749-003/2024(H5N1)	1355	969
HA|PP755589.1|A/cattle/Texas/24-008749-003/2024(H5N1)	1356	963
HA|PP755589.1|A/cattle/Texas/24-008749-003/2024(H5N1)	1357	965
HA|PP755589.1|A/cattle/Texas/24-008749-003/2024(H5N1)	1358	965
HA|PP755589.1|A/cattle/Texas/24-008749-003/2024(H5N1)	1359	967
HA|PP755589.1|A/cattle/Texas/24-008749-003/2024(H5N1)	1360	967
HA|PP755589.1|A/cattle/Texas/24-008749-003/2024(H5N1)	1361	963
HA|PP755589.1|A/cattle/Texas/24-008749-003/2024(H5N1)	1362	959
HA|PP755589.1|A/cattle/Texas/24-008749-003/2024(H5N1)	1363	951
HA|PP755589.1|A/cattle/Texas/24-008749-003/2024(H5N1)	1364	929
HA|PP755589.1|A/cattle/Texas/24-008749-003/2024(H5N1)	1365	929
HA|PP755589.1|A/cattle/Texas/24-008749-003/2024(H5N1)	1366	923
HA|PP755589.1|A/cattle/Texas/24-008749-003/2024(H5N1)	1367	921
HA|PP755589.1|A/cattle/Texas/24-008749-003/2024(H5N1)	1368	919
HA|PP755589.1|A/cattle/Texas/24-008749-003/2024(H5N1)	1369	919
HA|PP755589.1|A/cattle/Texas/24-008749-003/2024(H5N1)	1370	919
HA|PP755589.1|A/cattle/Texas/24-008749-003/2024(H5N1)	1371	917
HA|PP755589.1|A/cattle/Texas/24-008749-003/2024(H5N1)	1372	917
HA|PP755589.1|A/cattle/Texas/24-008749-003/2024(H5N1)	1373	917
HA|PP755589.1|A/cattle/Texas/24-008749-003/2024(H5N1)	1374	917
HA|PP755589.1|A/cattle/Texas/24-008749-003/2024(H5N1)	1375	917
HA|PP755589.1|A/cattle/Texas/24-008749-003/2024(H5N1)	1376	919
HA|PP755589.1|A/cattle/Texas/24-008749-003/2024(H5N1)	1377	919
HA|PP755589.1|A/cattle/Texas/24-008749-003/2024(H5N1)	1378	929
HA|PP755589.1|A/cattle/Texas/24-008749-003/2024(H5N1)	1379	921
HA|PP755589.1|A/cattle/Texas/24-008749-003/2024(H5N1)	1380	919
HA|PP755589.1|A/cattle/Texas/24-008749-003/2024(H5N1)	1381	915
HA|PP755589.1|A/cattle/Texas/24-008749-003/2024(H5N1)	1382	915
HA|PP755589.1|A/cattle/Texas/24-008749-003/2024(H5N1)	1383	922
HA|PP755589.1|A/cattle/Texas/24-008749-003/2024(H5N1)	1384	924
HA|PP755589.1|A/cattle/Texas/24-008749-003/2024(H5N1)	1385	940
HA|PP755589.1|A/cattle/Texas/24-008749-003/2024(H5N1)	1386	1254
HA|PP755589.1|A/cattle/Texas/24-008749-003/2024(H5N1)	1387	1450
HA|PP755589.1|A/cattle/Texas/24-008749-003/2024(H5N1)	1388	1365
HA|PP755589.1|A/cattle/Texas/24-008749-003/2024(H5N1)	1389	1365
HA|PP755589.1|A/cattle/Texas/24-008749-003/2024(H5N1)	1390	1366
HA|PP755589.1|A/cattle/Texas/24-008749-003/2024(H5N1)	1391	1371
HA|PP755589.1|A/cattle/Texas/24-008749-003/2024(H5N1)	1392	1393
HA|PP755589.1|A/cattle/Texas/24-008749-003/2024(H5N1)	1393	1404
HA|PP755589.1|A/cattle/Texas/24-008749-003/2024(H5N1)	1394	1410
HA|PP755589.1|A/cattle/Texas/24-008749-003/2024(H5N1)	1395	1410
HA|PP755589.1|A/cattle/Texas/24-008749-003/2024(H5N1)	1396	1373
HA|PP755589.1|A/cattle/Texas/24-008749-003/2024(H5N1)	1397	1399
HA|PP755589.1|A/cattle/Texas/24-008749-003/2024(H5N1)	1398	1513
HA|PP755589.1|A/cattle/Texas/24-008749-003/2024(H5N1)	1399	1613
HA|PP755589.1|A/cattle/Texas/24-008749-003/2024(H5N1)	1400	1615
HA|PP755589.1|A/cattle/Texas/24-008749-003/2024(H5N1)	1401	1613
HA|PP755589.1|A/cattle/Texas/24-008749-003/2024(H5N1)	1402	1621
HA|PP755589.1|A/cattle/Texas/24-008749-003/2024(H5N1)	1403	2039
HA|PP755589.1|A/cattle/Texas/24-008749-003/2024(H5N1)	1404	2039
HA|PP755589.1|A/cattle/Texas/24-008749-003/2024(H5N1)	1405	2079
HA|PP755589.1|A/cattle/Texas/24-008749-003/2024(H5N1)	1406	2075
HA|PP755589.1|A/cattle/Texas/24-008749-003/2024(H5N1)	1407	2071
HA|PP755589.1|A/cattle/Texas/24-008749-003/2024(H5N1)	1408	2084
HA|PP755589.1|A/cattle/Texas/24-008749-003/2024(H5N1)	1409	2056
HA|PP755589.1|A/cattle/Texas/24-008749-003/2024(H5N1)	1410	2607
HA|PP755589.1|A/cattle/Texas/24-008749-003/2024(H5N1)	1411	2613
HA|PP755589.1|A/cattle/Texas/24-008749-003/2024(H5N1)	1412	2524
HA|PP755589.1|A/cattle/Texas/24-008749-003/2024(H5N1)	1413	2524
HA|PP755589.1|A/cattle/Texas/24-008749-003/2024(H5N1)	1414	2517
HA|PP755589.1|A/cattle/Texas/24-008749-003/2024(H5N1)	1415	2548
HA|PP755589.1|A/cattle/Texas/24-008749-003/2024(H5N1)	1416	2743
HA|PP755589.1|A/cattle/Texas/24-008749-003/2024(H5N1)	1417	2743
HA|PP755589.1|A/cattle/Texas/24-008749-003/2024(H5N1)	1418	2737
HA|PP755589.1|A/cattle/Texas/24-008749-003/2024(H5N1)	1419	2667
HA|PP755589.1|A/cattle/Texas/24-008749-003/2024(H5N1)	1420	2647
HA|PP755589.1|A/cattle/Texas/24-008749-003/2024(H5N1)	1421	3070
HA|PP755589.1|A/cattle/Texas/24-008749-003/2024(H5N1)	1422	3075
HA|PP755589.1|A/cattle/Texas/24-008749-003/2024(H5N1)	1423	3091
HA|PP755589.1|A/cattle/Texas/24-008749-003/2024(H5N1)	1424	3091
HA|PP755589.1|A/cattle/Texas/24-008749-003/2024(H5N1)	1425	3034
HA|PP755589.1|A/cattle/Texas/24-008749-003/2024(H5N1)	1426	3043
HA|PP755589.1|A/cattle/Texas/24-008749-003/2024(H5N1)	1427	3043
HA|PP755589.1|A/cattle/Texas/24-008749-003/2024(H5N1)	1428	3092
HA|PP755589.1|A/cattle/Texas/24-008749-003/2024(H5N1)	1429	3176
HA|PP755589.1|A/cattle/Texas/24-008749-003/2024(H5N1)	1430	3042
HA|PP755589.1|A/cattle/Texas/24-008749-003/2024(H5N1)	1431	3054
HA|PP755589.1|A/cattle/Texas/24-008749-003/2024(H5N1)	1432	3058
HA|PP755589.1|A/cattle/Texas/24-008749-003/2024(H5N1)	1433	3041
HA|PP755589.1|A/cattle/Texas/24-008749-003/2024(H5N1)	1434	3240
HA|PP755589.1|A/cattle/Texas/24-008749-003/2024(H5N1)	1435	3284
HA|PP755589.1|A/cattle/Texas/24-008749-003/2024(H5N1)	1436	3286
HA|PP755589.1|A/cattle/Texas/24-008749-003/2024(H5N1)	1437	3264
HA|PP755589.1|A/cattle/Texas/24-008749-003/2024(H5N1)	1438	3176
HA|PP755589.1|A/cattle/Texas/24-008749-003/2024(H5N1)	1439	3178
HA|PP755589.1|A/cattle/Texas/24-008749-003/2024(H5N1)	1440	3191
HA|PP755589.1|A/cattle/Texas/24-008749-003/2024(H5N1)	1441	3191
HA|PP755589.1|A/cattle/Texas/24-008749-003/2024(H5N1)	1442	3193
HA|PP755589.1|A/cattle/Texas/24-008749-003/2024(H5N1)	1443	3067
HA|PP755589.1|A/cattle/Texas/24-008749-003/2024(H5N1)	1444	3005
HA|PP755589.1|A/cattle/Texas/24-008749-003/2024(H5N1)	1445	3038
HA|PP755589.1|A/cattle/Texas/24-008749-003/2024(H5N1)	1446	3032
HA|PP755589.1|A/cattle/Texas/24-008749-003/2024(H5N1)	1447	3040
HA|PP755589.1|A/cattle/Texas/24-008749-003/2024(H5N1)	1448	3042
HA|PP755589.1|A/cattle/Texas/24-008749-003/2024(H5N1)	1449	3031
HA|PP755589.1|A/cattle/Texas/24-008749-003/2024(H5N1)	1450	3047
HA|PP755589.1|A/cattle/Texas/24-008749-003/2024(H5N1)	1451	3046
HA|PP755589.1|A/cattle/Texas/24-008749-003/2024(H5N1)	1452	3048
HA|PP755589.1|A/cattle/Texas/24-008749-003/2024(H5N1)	1453	3064
HA|PP755589.1|A/cattle/Texas/24-008749-003/2024(H5N1)	1454	3057
HA|PP755589.1|A/cattle/Texas/24-008749-003/2024(H5N1)	1455	3065
HA|PP755589.1|A/cattle/Texas/24-008749-003/2024(H5N1)	1456	3064
HA|PP755589.1|A/cattle/Texas/24-008749-003/2024(H5N1)	1457	3080
HA|PP755589.1|A/cattle/Texas/24-008749-003/2024(H5N1)	1458	3112
HA|PP755589.1|A/cattle/Texas/24-008749-003/2024(H5N1)	1459	3112
HA|PP755589.1|A/cattle/Texas/24-008749-003/2024(H5N1)	1460	3110
HA|PP755589.1|A/cattle/Texas/24-008749-003/2024(H5N1)	1461	3120
HA|PP755589.1|A/cattle/Texas/24-008749-003/2024(H5N1)	1462	3118
HA|PP755589.1|A/cattle/Texas/24-008749-003/2024(H5N1)	1463	3120
HA|PP755589.1|A/cattle/Texas/24-008749-003/2024(H5N1)	1464	3136
HA|PP755589.1|A/cattle/Texas/24-008749-003/2024(H5N1)	1465	3145
HA|PP755589.1|A/cattle/Texas/24-008749-003/2024(H5N1)	1466	3165
HA|PP755589.1|A/cattle/Texas/24-008749-003/2024(H5N1)	1467	3157
HA|PP755589.1|A/cattle/Texas/24-008749-003/2024(H5N1)	1468	3173
HA|PP755589.1|A/cattle/Texas/24-008749-003/2024(H5N1)	1469	3173
HA|PP755589.1|A/cattle/Texas/24-008749-003/2024(H5N1)	1470	3175
HA|PP755589.1|A/cattle/Texas/24-008749-003/2024(H5N1)	1471	3183
HA|PP755589.1|A/cattle/Texas/24-008749-003/2024(H5N1)	1472	3183
HA|PP755589.1|A/cattle/Texas/24-008749-003/2024(H5N1)	1473	3185
HA|PP755589.1|A/cattle/Texas/24-008749-003/2024(H5N1)	1474	3189
HA|PP755589.1|A/cattle/Texas/24-008749-003/2024(H5N1)	1475	3169
HA|PP755589.1|A/cattle/Texas/24-008749-003/2024(H5N1)	1476	3185
HA|PP755589.1|A/cattle/Texas/24-008749-003/2024(H5N1)	1477	3226
HA|PP755589.1|A/cattle/Texas/24-008749-003/2024(H5N1)	1478	3235
HA|PP755589.1|A/cattle/Texas/24-008749-003/2024(H5N1)	1479	3255
HA|PP755589.1|A/cattle/Texas/24-008749-003/2024(H5N1)	1480	3247
HA|PP755589.1|A/cattle/Texas/24-008749-003/2024(H5N1)	1481	3247
HA|PP755589.1|A/cattle/Texas/24-008749-003/2024(H5N1)	1482	3247
HA|PP755589.1|A/cattle/Texas/24-008749-003/2024(H5N1)	1483	3249
HA|PP755589.1|A/cattle/Texas/24-008749-003/2024(H5N1)	1484	3239
HA|PP755589.1|A/cattle/Texas/24-008749-003/2024(H5N1)	1485	3239
HA|PP755589.1|A/cattle/Texas/24-008749-003/2024(H5N1)	1486	3215
HA|PP755589.1|A/cattle/Texas/24-008749-003/2024(H5N1)	1487	3320
HA|PP755589.1|A/cattle/Texas/24-008749-003/2024(H5N1)	1488	3294
HA|PP755589.1|A/cattle/Texas/24-008749-003/2024(H5N1)	1489	3371
HA|PP755589.1|A/cattle/Texas/24-008749-003/2024(H5N1)	1490	3371
HA|PP755589.1|A/cattle/Texas/24-008749-003/2024(H5N1)	1491	3400
HA|PP755589.1|A/cattle/Texas/24-008749-003/2024(H5N1)	1492	3404
HA|PP755589.1|A/cattle/Texas/24-008749-003/2024(H5N1)	1493	3557
HA|PP755589.1|A/cattle/Texas/24-008749-003/2024(H5N1)	1494	3575
HA|PP755589.1|A/cattle/Texas/24-008749-003/2024(H5N1)	1495	3577
HA|PP755589.1|A/cattle/Texas/24-008749-003/2024(H5N1)	1496	3520
HA|PP755589.1|A/cattle/Texas/24-008749-003/2024(H5N1)	1497	3520
HA|PP755589.1|A/cattle/Texas/24-008749-003/2024(H5N1)	1498	3508
HA|PP755589.1|A/cattle/Texas/24-008749-003/2024(H5N1)	1499	3554
HA|PP755589.1|A/cattle/Texas/24-008749-003/2024(H5N1)	1500	3560
HA|PP755589.1|A/cattle/Texas/24-008749-003/2024(H5N1)	1501	3707
HA|PP755589.1|A/cattle/Texas/24-008749-003/2024(H5N1)	1502	3737
HA|PP755589.1|A/cattle/Texas/24-008749-003/2024(H5N1)	1503	3761
HA|PP755589.1|A/cattle/Texas/24-008749-003/2024(H5N1)	1504	3813
HA|PP755589.1|A/cattle/Texas/24-008749-003/2024(H5N1)	1505	3816
HA|PP755589.1|A/cattle/Texas/24-008749-003/2024(H5N1)	1506	4214
HA|PP755589.1|A/cattle/Texas/24-008749-003/2024(H5N1)	1507	4216
HA|PP755589.1|A/cattle/Texas/24-008749-003/2024(H5N1)	1508	4238
HA|PP755589.1|A/cattle/Texas/24-008749-003/2024(H5N1)	1509	4242
HA|PP755589.1|A/cattle/Texas/24-008749-003/2024(H5N1)	1510	4193
HA|PP755589.1|A/cattle/Texas/24-008749-003/2024(H5N1)	1511	4267
HA|PP755589.1|A/cattle/Texas/24-008749-003/2024(H5N1)	1512	4283
HA|PP755589.1|A/cattle/Texas/24-008749-003/2024(H5N1)	1513	4346
HA|PP755589.1|A/cattle/Texas/24-008749-003/2024(H5N1)	1514	4340
HA|PP755589.1|A/cattle/Texas/24-008749-003/2024(H5N1)	1515	4201
HA|PP755589.1|A/cattle/Texas/24-008749-003/2024(H5N1)	1516	4221
HA|PP755589.1|A/cattle/Texas/24-008749-003/2024(H5N1)	1517	4207
HA|PP755589.1|A/cattle/Texas/24-008749-003/2024(H5N1)	1518	4457
HA|PP755589.1|A/cattle/Texas/24-008749-003/2024(H5N1)	1519	4453
HA|PP755589.1|A/cattle/Texas/24-008749-003/2024(H5N1)	1520	4519
HA|PP755589.1|A/cattle/Texas/24-008749-003/2024(H5N1)	1521	4511
HA|PP755589.1|A/cattle/Texas/24-008749-003/2024(H5N1)	1522	4457
HA|PP755589.1|A/cattle/Texas/24-008749-003/2024(H5N1)	1523	4463
HA|PP755589.1|A/cattle/Texas/24-008749-003/2024(H5N1)	1524	4448
HA|PP755589.1|A/cattle/Texas/24-008749-003/2024(H5N1)	1525	4476
HA|PP755589.1|A/cattle/Texas/24-008749-003/2024(H5N1)	1526	4476
HA|PP755589.1|A/cattle/Texas/24-008749-003/2024(H5N1)	1527	4363
HA|PP755589.1|A/cattle/Texas/24-008749-003/2024(H5N1)	1528	4365
HA|PP755589.1|A/cattle/Texas/24-008749-003/2024(H5N1)	1529	4325
HA|PP755589.1|A/cattle/Texas/24-008749-003/2024(H5N1)	1530	4327
HA|PP755589.1|A/cattle/Texas/24-008749-003/2024(H5N1)	1531	4327
HA|PP755589.1|A/cattle/Texas/24-008749-003/2024(H5N1)	1532	4325
HA|PP755589.1|A/cattle/Texas/24-008749-003/2024(H5N1)	1533	4323
HA|PP755589.1|A/cattle/Texas/24-008749-003/2024(H5N1)	1534	4327
HA|PP755589.1|A/cattle/Texas/24-008749-003/2024(H5N1)	1535	4351
HA|PP755589.1|A/cattle/Texas/24-008749-003/2024(H5N1)	1536	4378
HA|PP755589.1|A/cattle/Texas/24-008749-003/2024(H5N1)	1537	4376
HA|PP755589.1|A/cattle/Texas/24-008749-003/2024(H5N1)	1538	4364
HA|PP755589.1|A/cattle/Texas/24-008749-003/2024(H5N1)	1539	4362
HA|PP755589.1|A/cattle/Texas/24-008749-003/2024(H5N1)	1540	4363
HA|PP755589.1|A/cattle/Texas/24-008749-003/2024(H5N1)	1541	4365
HA|PP755589.1|A/cattle/Texas/24-008749-003/2024(H5N1)	1542	4365
HA|PP755589.1|A/cattle/Texas/24-008749-003/2024(H5N1)	1543	4333
HA|PP755589.1|A/cattle/Texas/24-008749-003/2024(H5N1)	1544	4353
HA|PP755589.1|A/cattle/Texas/24-008749-003/2024(H5N1)	1545	4289
HA|PP755589.1|A/cattle/Texas/24-008749-003/2024(H5N1)	1546	4299
HA|PP755589.1|A/cattle/Texas/24-008749-003/2024(H5N1)	1547	4299
HA|PP755589.1|A/cattle/Texas/24-008749-003/2024(H5N1)	1548	4298
HA|PP755589.1|A/cattle/Texas/24-008749-003/2024(H5N1)	1549	4409
HA|PP755589.1|A/cattle/Texas/24-008749-003/2024(H5N1)	1550	4403
HA|PP755589.1|A/cattle/Texas/24-008749-003/2024(H5N1)	1551	4418
HA|PP755589.1|A/cattle/Texas/24-008749-003/2024(H5N1)	1552	4418
HA|PP755589.1|A/cattle/Texas/24-008749-003/2024(H5N1)	1553	4390
HA|PP755589.1|A/cattle/Texas/24-008749-003/2024(H5N1)	1554	4389
HA|PP755589.1|A/cattle/Texas/24-008749-003/2024(H5N1)	1555	4373
HA|PP755589.1|A/cattle/Texas/24-008749-003/2024(H5N1)	1556	4378
HA|PP755589.1|A/cattle/Texas/24-008749-003/2024(H5N1)	1557	4376
HA|PP755589.1|A/cattle/Texas/24-008749-003/2024(H5N1)	1558	4176
HA|PP755589.1|A/cattle/Texas/24-008749-003/2024(H5N1)	1559	4182
HA|PP755589.1|A/cattle/Texas/24-008749-003/2024(H5N1)	1560	4147
HA|PP755589.1|A/cattle/Texas/24-008749-003/2024(H5N1)	1561	4157
HA|PP755589.1|A/cattle/Texas/24-008749-003/2024(H5N1)	1562	4153
HA|PP755589.1|A/cattle/Texas/24-008749-003/2024(H5N1)	1563	4153
HA|PP755589.1|A/cattle/Texas/24-008749-003/2024(H5N1)	1564	4157
HA|PP755589.1|A/cattle/Texas/24-008749-003/2024(H5N1)	1565	4163
HA|PP755589.1|A/cattle/Texas/24-008749-003/2024(H5N1)	1566	4185
HA|PP755589.1|A/cattle/Texas/24-008749-003/2024(H5N1)	1567	4185
HA|PP755589.1|A/cattle/Texas/24-008749-003/2024(H5N1)	1568	4161
HA|PP755589.1|A/cattle/Texas/24-008749-003/2024(H5N1)	1569	4135
HA|PP755589.1|A/cattle/Texas/24-008749-003/2024(H5N1)	1570	4125
HA|PP755589.1|A/cattle/Texas/24-008749-003/2024(H5N1)	1571	4125
HA|PP755589.1|A/cattle/Texas/24-008749-003/2024(H5N1)	1572	4125
HA|PP755589.1|A/cattle/Texas/24-008749-003/2024(H5N1)	1573	4085
HA|PP755589.1|A/cattle/Texas/24-008749-003/2024(H5N1)	1574	4119
HA|PP755589.1|A/cattle/Texas/24-008749-003/2024(H5N1)	1575	4087
HA|PP755589.1|A/cattle/Texas/24-008749-003/2024(H5N1)	1576	4101
HA|PP755589.1|A/cattle/Texas/24-008749-003/2024(H5N1)	1577	4101
HA|PP755589.1|A/cattle/Texas/24-008749-003/2024(H5N1)	1578	4093
HA|PP755589.1|A/cattle/Texas/24-008749-003/2024(H5N1)	1579	4091
HA|PP755589.1|A/cattle/Texas/24-008749-003/2024(H5N1)	1580	4121
HA|PP755589.1|A/cattle/Texas/24-008749-003/2024(H5N1)	1581	4108
HA|PP755589.1|A/cattle/Texas/24-008749-003/2024(H5N1)	1582	4108
HA|PP755589.1|A/cattle/Texas/24-008749-003/2024(H5N1)	1583	4017
HA|PP755589.1|A/cattle/Texas/24-008749-003/2024(H5N1)	1584	3609
HA|PP755589.1|A/cattle/Texas/24-008749-003/2024(H5N1)	1585	3549
HA|PP755589.1|A/cattle/Texas/24-008749-003/2024(H5N1)	1586	3573
HA|PP755589.1|A/cattle/Texas/24-008749-003/2024(H5N1)	1587	3573
HA|PP755589.1|A/cattle/Texas/24-008749-003/2024(H5N1)	1588	3569
HA|PP755589.1|A/cattle/Texas/24-008749-003/2024(H5N1)	1589	3341
HA|PP755589.1|A/cattle/Texas/24-008749-003/2024(H5N1)	1590	3325
HA|PP755589.1|A/cattle/Texas/24-008749-003/2024(H5N1)	1591	3326
HA|PP755589.1|A/cattle/Texas/24-008749-003/2024(H5N1)	1592	3318
HA|PP755589.1|A/cattle/Texas/24-008749-003/2024(H5N1)	1593	3278
HA|PP755589.1|A/cattle/Texas/24-008749-003/2024(H5N1)	1594	3277
HA|PP755589.1|A/cattle/Texas/24-008749-003/2024(H5N1)	1595	2653
HA|PP755589.1|A/cattle/Texas/24-008749-003/2024(H5N1)	1596	2655
HA|PP755589.1|A/cattle/Texas/24-008749-003/2024(H5N1)	1597	2649
HA|PP755589.1|A/cattle/Texas/24-008749-003/2024(H5N1)	1598	2649
HA|PP755589.1|A/cattle/Texas/24-008749-003/2024(H5N1)	1599	2643
HA|PP755589.1|A/cattle/Texas/24-008749-003/2024(H5N1)	1600	2621
HA|PP755589.1|A/cattle/Texas/24-008749-003/2024(H5N1)	1601	2615
HA|PP755589.1|A/cattle/Texas/24-008749-003/2024(H5N1)	1602	2609
HA|PP755589.1|A/cattle/Texas/24-008749-003/2024(H5N1)	1603	2475
HA|PP755589.1|A/cattle/Texas/24-008749-003/2024(H5N1)	1604	2477
HA|PP755589.1|A/cattle/Texas/24-008749-003/2024(H5N1)	1605	2451
HA|PP755589.1|A/cattle/Texas/24-008749-003/2024(H5N1)	1606	2407
HA|PP755589.1|A/cattle/Texas/24-008749-003/2024(H5N1)	1607	2405
HA|PP755589.1|A/cattle/Texas/24-008749-003/2024(H5N1)	1608	2363
HA|PP755589.1|A/cattle/Texas/24-008749-003/2024(H5N1)	1609	2355
HA|PP755589.1|A/cattle/Texas/24-008749-003/2024(H5N1)	1610	2355
HA|PP755589.1|A/cattle/Texas/24-008749-003/2024(H5N1)	1611	2041
HA|PP755589.1|A/cattle/Texas/24-008749-003/2024(H5N1)	1612	2047
HA|PP755589.1|A/cattle/Texas/24-008749-003/2024(H5N1)	1613	1838
HA|PP755589.1|A/cattle/Texas/24-008749-003/2024(H5N1)	1614	1833
HA|PP755589.1|A/cattle/Texas/24-008749-003/2024(H5N1)	1615	1835
HA|PP755589.1|A/cattle/Texas/24-008749-003/2024(H5N1)	1616	1790
HA|PP755589.1|A/cattle/Texas/24-008749-003/2024(H5N1)	1617	1792
HA|PP755589.1|A/cattle/Texas/24-008749-003/2024(H5N1)	1618	1743
HA|PP755589.1|A/cattle/Texas/24-008749-003/2024(H5N1)	1619	1725
HA|PP755589.1|A/cattle/Texas/24-008749-003/2024(H5N1)	1620	1713
HA|PP755589.1|A/cattle/Texas/24-008749-003/2024(H5N1)	1621	1711
HA|PP755589.1|A/cattle/Texas/24-008749-003/2024(H5N1)	1622	1755
HA|PP755589.1|A/cattle/Texas/24-008749-003/2024(H5N1)	1623	1752
HA|PP755589.1|A/cattle/Texas/24-008749-003/2024(H5N1)	1624	1752
HA|PP755589.1|A/cattle/Texas/24-008749-003/2024(H5N1)	1625	1752
HA|PP755589.1|A/cattle/Texas/24-008749-003/2024(H5N1)	1626	1752
HA|PP755589.1|A/cattle/Texas/24-008749-003/2024(H5N1)	1627	1758
HA|PP755589.1|A/cattle/Texas/24-008749-003/2024(H5N1)	1628	1748
HA|PP755589.1|A/cattle/Texas/24-008749-003/2024(H5N1)	1629	1744
HA|PP755589.1|A/cattle/Texas/24-008749-003/2024(H5N1)	1630	1744
HA|PP755589.1|A/cattle/Texas/24-008749-003/2024(H5N1)	1631	1682
HA|PP755589.1|A/cattle/Texas/24-008749-003/2024(H5N1)	1632	1694
HA|PP755589.1|A/cattle/Texas/24-008749-003/2024(H5N1)	1633	1694
HA|PP755589.1|A/cattle/Texas/24-008749-003/2024(H5N1)	1634	1694
HA|PP755589.1|A/cattle/Texas/24-008749-003/2024(H5N1)	1635	1692
HA|PP755589.1|A/cattle/Texas/24-008749-003/2024(H5N1)	1636	1682
HA|PP755589.1|A/cattle/Texas/24-008749-003/2024(H5N1)	1637	1682
HA|PP755589.1|A/cattle/Texas/24-008749-003/2024(H5N1)	1638	1701
HA|PP755589.1|A/cattle/Texas/24-008749-003/2024(H5N1)	1639	1699
HA|PP755589.1|A/cattle/Texas/24-008749-003/2024(H5N1)	1640	1699
HA|PP755589.1|A/cattle/Texas/24-008749-003/2024(H5N1)	1641	1693
HA|PP755589.1|A/cattle/Texas/24-008749-003/2024(H5N1)	1642	1689
HA|PP755589.1|A/cattle/Texas/24-008749-003/2024(H5N1)	1643	1693
HA|PP755589.1|A/cattle/Texas/24-008749-003/2024(H5N1)	1644	1693
HA|PP755589.1|A/cattle/Texas/24-008749-003/2024(H5N1)	1645	1692
HA|PP755589.1|A/cattle/Texas/24-008749-003/2024(H5N1)	1646	1692
HA|PP755589.1|A/cattle/Texas/24-008749-003/2024(H5N1)	1647	1638
HA|PP755589.1|A/cattle/Texas/24-008749-003/2024(H5N1)	1648	1658
HA|PP755589.1|A/cattle/Texas/24-008749-003/2024(H5N1)	1649	1660
HA|PP755589.1|A/cattle/Texas/24-008749-003/2024(H5N1)	1650	1660
HA|PP755589.1|A/cattle/Texas/24-008749-003/2024(H5N1)	1651	1660
HA|PP755589.1|A/cattle/Texas/24-008749-003/2024(H5N1)	1652	1656
HA|PP755589.1|A/cattle/Texas/24-008749-003/2024(H5N1)	1653	1680
HA|PP755589.1|A/cattle/Texas/24-008749-003/2024(H5N1)	1654	1680
HA|PP755589.1|A/cattle/Texas/24-008749-003/2024(H5N1)	1655	1696
HA|PP755589.1|A/cattle/Texas/24-008749-003/2024(H5N1)	1656	1694
HA|PP755589.1|A/cattle/Texas/24-008749-003/2024(H5N1)	1657	1650
HA|PP755589.1|A/cattle/Texas/24-008749-003/2024(H5N1)	1658	1640
HA|PP755589.1|A/cattle/Texas/24-008749-003/2024(H5N1)	1659	1640
HA|PP755589.1|A/cattle/Texas/24-008749-003/2024(H5N1)	1660	1640
HA|PP755589.1|A/cattle/Texas/24-008749-003/2024(H5N1)	1661	1638
HA|PP755589.1|A/cattle/Texas/24-008749-003/2024(H5N1)	1662	1588
HA|PP755589.1|A/cattle/Texas/24-008749-003/2024(H5N1)	1663	1560
HA|PP755589.1|A/cattle/Texas/24-008749-003/2024(H5N1)	1664	1532
HA|PP755589.1|A/cattle/Texas/24-008749-003/2024(H5N1)	1665	1538
HA|PP755589.1|A/cattle/Texas/24-008749-003/2024(H5N1)	1666	1492
HA|PP755589.1|A/cattle/Texas/24-008749-003/2024(H5N1)	1667	1506
HA|PP755589.1|A/cattle/Texas/24-008749-003/2024(H5N1)	1668	1512
HA|PP755589.1|A/cattle/Texas/24-008749-003/2024(H5N1)	1669	1512
HA|PP755589.1|A/cattle/Texas/24-008749-003/2024(H5N1)	1670	1520
HA|PP755589.1|A/cattle/Texas/24-008749-003/2024(H5N1)	1671	1500
HA|PP755589.1|A/cattle/Texas/24-008749-003/2024(H5N1)	1672	1501
HA|PP755589.1|A/cattle/Texas/24-008749-003/2024(H5N1)	1673	1501
HA|PP755589.1|A/cattle/Texas/24-008749-003/2024(H5N1)	1674	1477
HA|PP755589.1|A/cattle/Texas/24-008749-003/2024(H5N1)	1675	1475
HA|PP755589.1|A/cattle/Texas/24-008749-003/2024(H5N1)	1676	1411
HA|PP755589.1|A/cattle/Texas/24-008749-003/2024(H5N1)	1677	1391
HA|PP755589.1|A/cattle/Texas/24-008749-003/2024(H5N1)	1678	1391
HA|PP755589.1|A/cattle/Texas/24-008749-003/2024(H5N1)	1679	1341
HA|PP755589.1|A/cattle/Texas/24-008749-003/2024(H5N1)	1680	1341
HA|PP755589.1|A/cattle/Texas/24-008749-003/2024(H5N1)	1681	1343
HA|PP755589.1|A/cattle/Texas/24-008749-003/2024(H5N1)	1682	1343
HA|PP755589.1|A/cattle/Texas/24-008749-003/2024(H5N1)	1683	1343
HA|PP755589.1|A/cattle/Texas/24-008749-003/2024(H5N1)	1684	1343
HA|PP755589.1|A/cattle/Texas/24-008749-003/2024(H5N1)	1685	1271
HA|PP755589.1|A/cattle/Texas/24-008749-003/2024(H5N1)	1686	1269
HA|PP755589.1|A/cattle/Texas/24-008749-003/2024(H5N1)	1687	1259
HA|PP755589.1|A/cattle/Texas/24-008749-003/2024(H5N1)	1688	1259
HA|PP755589.1|A/cattle/Texas/24-008749-003/2024(H5N1)	1689	1259
HA|PP755589.1|A/cattle/Texas/24-008749-003/2024(H5N1)	1690	1197
HA|PP755589.1|A/cattle/Texas/24-008749-003/2024(H5N1)	1691	1197
HA|PP755589.1|A/cattle/Texas/24-008749-003/2024(H5N1)	1692	1195
HA|PP755589.1|A/cattle/Texas/24-008749-003/2024(H5N1)	1693	1195
HA|PP755589.1|A/cattle/Texas/24-008749-003/2024(H5N1)	1694	1195
HA|PP755589.1|A/cattle/Texas/24-008749-003/2024(H5N1)	1695	1177
HA|PP755589.1|A/cattle/Texas/24-008749-003/2024(H5N1)	1696	1176
HA|PP755589.1|A/cattle/Texas/24-008749-003/2024(H5N1)	1697	1174
HA|PP755589.1|A/cattle/Texas/24-008749-003/2024(H5N1)	1698	1172
HA|PP755589.1|A/cattle/Texas/24-008749-003/2024(H5N1)	1699	1172
HA|PP755589.1|A/cattle/Texas/24-008749-003/2024(H5N1)	1700	1158
HA|PP755589.1|A/cattle/Texas/24-008749-003/2024(H5N1)	1701	1141
HA|PP755589.1|A/cattle/Texas/24-008749-003/2024(H5N1)	1702	1139
HA|PP755589.1|A/cattle/Texas/24-008749-003/2024(H5N1)	1703	1139
HA|PP755589.1|A/cattle/Texas/24-008749-003/2024(H5N1)	1704	1138
