PB1|PP755595.1|A/cattle/Texas/24-008749-003/2024(H5N1)	1	1241
PB1|PP755595.1|A/cattle/Texas/24-008749-003/2024(H5N1)	2	1247
PB1|PP755595.1|A/cattle/Texas/24-008749-003/2024(H5N1)	3	1254
PB1|PP755595.1|A/cattle/Texas/24-008749-003/2024(H5N1)	4	1269
PB1|PP755595.1|A/cattle/Texas/24-008749-003/2024(H5N1)	5	1297
PB1|PP755595.1|A/cattle/Texas/24-008749-003/2024(H5N1)	6	1318
PB1|PP755595.1|A/cattle/Texas/24-008749-003/2024(H5N1)	7	1320
PB1|PP755595.1|A/cattle/Texas/24-008749-003/2024(H5N1)	8	1322
PB1|PP755595.1|A/cattle/Texas/24-008749-003/2024(H5N1)	9	1349
PB1|PP755595.1|A/cattle/Texas/24-008749-003/2024(H5N1)	10	1353
PB1|PP755595.1|A/cattle/Texas/24-008749-003/2024(H5N1)	11	1359
PB1|PP755595.1|A/cattle/Texas/24-008749-003/2024(H5N1)	12	1364
PB1|PP755595.1|A/cattle/Texas/24-008749-003/2024(H5N1)	13	1371
PB1|PP755595.1|A/cattle/Texas/24-008749-003/2024(H5N1)	14	1387
PB1|PP755595.1|A/cattle/Texas/24-008749-003/2024(H5N1)	15	1397
PB1|PP755595.1|A/cattle/Texas/24-008749-003/2024(H5N1)	16	1430
PB1|PP755595.1|A/cattle/Texas/24-008749-003/2024(H5N1)	17	1436
PB1|PP755595.1|A/cattle/Texas/24-008749-003/2024(H5N1)	18	1436
PB1|PP755595.1|A/cattle/Texas/24-008749-003/2024(H5N1)	19	1444
PB1|PP755595.1|A/cattle/Texas/24-008749-003/2024(H5N1)	20	1449
PB1|PP755595.1|A/cattle/Texas/24-008749-003/2024(H5N1)	21	1449
PB1|PP755595.1|A/cattle/Texas/24-008749-003/2024(H5N1)	22	1450
PB1|PP755595.1|A/cattle/Texas/24-008749-003/2024(H5N1)	23	1452
PB1|PP755595.1|A/cattle/Texas/24-008749-003/2024(H5N1)	24	1454
PB1|PP755595.1|A/cattle/Texas/24-008749-003/2024(H5N1)	25	1459
PB1|PP755595.1|A/cattle/Texas/24-008749-003/2024(H5N1)	26	1509
PB1|PP755595.1|A/cattle/Texas/24-008749-003/2024(H5N1)	27	1511
PB1|PP755595.1|A/cattle/Texas/24-008749-003/2024(H5N1)	28	1515
PB1|PP755595.1|A/cattle/Texas/24-008749-003/2024(H5N1)	29	1519
PB1|PP755595.1|A/cattle/Texas/24-008749-003/2024(H5N1)	30	1521
PB1|PP755595.1|A/cattle/Texas/24-008749-003/2024(H5N1)	31	1523
PB1|PP755595.1|A/cattle/Texas/24-008749-003/2024(H5N1)	32	1532
PB1|PP755595.1|A/cattle/Texas/24-008749-003/2024(H5N1)	33	1534
PB1|PP755595.1|A/cattle/Texas/24-008749-003/2024(H5N1)	34	1567
PB1|PP755595.1|A/cattle/Texas/24-008749-003/2024(H5N1)	35	1535
PB1|PP755595.1|A/cattle/Texas/24-008749-003/2024(H5N1)	36	1532
PB1|PP755595.1|A/cattle/Texas/24-008749-003/2024(H5N1)	37	1577
PB1|PP755595.1|A/cattle/Texas/24-008749-003/2024(H5N1)	38	1578
PB1|PP755595.1|A/cattle/Texas/24-008749-003/2024(H5N1)	39	1579
PB1|PP755595.1|A/cattle/Texas/24-008749-003/2024(H5N1)	40	1640
PB1|PP755595.1|A/cattle/Texas/24-008749-003/2024(H5N1)	41	1665
PB1|PP755595.1|A/cattle/Texas/24-008749-003/2024(H5N1)	42	1671
PB1|PP755595.1|A/cattle/Texas/24-008749-003/2024(H5N1)	43	1682
PB1|PP755595.1|A/cattle/Texas/24-008749-003/2024(H5N1)	44	1684
PB1|PP755595.1|A/cattle/Texas/24-008749-003/2024(H5N1)	45	1686
PB1|PP755595.1|A/cattle/Texas/24-008749-003/2024(H5N1)	46	1692
PB1|PP755595.1|A/cattle/Texas/24-008749-003/2024(H5N1)	47	1755
PB1|PP755595.1|A/cattle/Texas/24-008749-003/2024(H5N1)	48	1816
PB1|PP755595.1|A/cattle/Texas/24-008749-003/2024(H5N1)	49	1859
PB1|PP755595.1|A/cattle/Texas/24-008749-003/2024(H5N1)	50	1865
PB1|PP755595.1|A/cattle/Texas/24-008749-003/2024(H5N1)	51	1887
PB1|PP755595.1|A/cattle/Texas/24-008749-003/2024(H5N1)	52	1896
PB1|PP755595.1|A/cattle/Texas/24-008749-003/2024(H5N1)	53	1920
PB1|PP755595.1|A/cattle/Texas/24-008749-003/2024(H5N1)	54	1978
PB1|PP755595.1|A/cattle/Texas/24-008749-003/2024(H5N1)	55	1978
PB1|PP755595.1|A/cattle/Texas/24-008749-003/2024(H5N1)	56	2033
PB1|PP755595.1|A/cattle/Texas/24-008749-003/2024(H5N1)	57	2040
PB1|PP755595.1|A/cattle/Texas/24-008749-003/2024(H5N1)	58	2067
PB1|PP755595.1|A/cattle/Texas/24-008749-003/2024(H5N1)	59	2096
PB1|PP755595.1|A/cattle/Texas/24-008749-003/2024(H5N1)	60	2099
PB1|PP755595.1|A/cattle/Texas/24-008749-003/2024(H5N1)	61	2114
PB1|PP755595.1|A/cattle/Texas/24-008749-003/2024(H5N1)	62	2123
PB1|PP755595.1|A/cattle/Texas/24-008749-003/2024(H5N1)	63	2151
PB1|PP755595.1|A/cattle/Texas/24-008749-003/2024(H5N1)	64	2177
PB1|PP755595.1|A/cattle/Texas/24-008749-003/2024(H5N1)	65	2182
PB1|PP755595.1|A/cattle/Texas/24-008749-003/2024(H5N1)	66	2413
PB1|PP755595.1|A/cattle/Texas/24-008749-003/2024(H5N1)	67	2416
PB1|PP755595.1|A/cattle/Texas/24-008749-003/2024(H5N1)	68	2416
PB1|PP755595.1|A/cattle/Texas/24-008749-003/2024(H5N1)	69	2416
PB1|PP755595.1|A/cattle/Texas/24-008749-003/2024(H5N1)	70	2431
PB1|PP755595.1|A/cattle/Texas/24-008749-003/2024(H5N1)	71	2499
PB1|PP755595.1|A/cattle/Texas/24-008749-003/2024(H5N1)	72	2527
PB1|PP755595.1|A/cattle/Texas/24-008749-003/2024(H5N1)	73	2553
PB1|PP755595.1|A/cattle/Texas/24-008749-003/2024(H5N1)	74	2582
PB1|PP755595.1|A/cattle/Texas/24-008749-003/2024(H5N1)	75	2606
PB1|PP755595.1|A/cattle/Texas/24-008749-003/2024(H5N1)	76	2635
PB1|PP755595.1|A/cattle/Texas/24-008749-003/2024(H5N1)	77	2645
PB1|PP755595.1|A/cattle/Texas/24-008749-003/2024(H5N1)	78	2663
PB1|PP755595.1|A/cattle/Texas/24-008749-003/2024(H5N1)	79	2670
PB1|PP755595.1|A/cattle/Texas/24-008749-003/2024(H5N1)	80	2697
PB1|PP755595.1|A/cattle/Texas/24-008749-003/2024(H5N1)	81	2710
PB1|PP755595.1|A/cattle/Texas/24-008749-003/2024(H5N1)	82	2844
PB1|PP755595.1|A/cattle/Texas/24-008749-003/2024(H5N1)	83	2855
PB1|PP755595.1|A/cattle/Texas/24-008749-003/2024(H5N1)	84	2859
PB1|PP755595.1|A/cattle/Texas/24-008749-003/2024(H5N1)	85	2956
PB1|PP755595.1|A/cattle/Texas/24-008749-003/2024(H5N1)	86	2964
PB1|PP755595.1|A/cattle/Texas/24-008749-003/2024(H5N1)	87	2972
PB1|PP755595.1|A/cattle/Texas/24-008749-003/2024(H5N1)	88	2974
PB1|PP755595.1|A/cattle/Texas/24-008749-003/2024(H5N1)	89	2974
PB1|PP755595.1|A/cattle/Texas/24-008749-003/2024(H5N1)	90	2977
PB1|PP755595.1|A/cattle/Texas/24-008749-003/2024(H5N1)	91	2977
PB1|PP755595.1|A/cattle/Texas/24-008749-003/2024(H5N1)	92	3010
PB1|PP755595.1|A/cattle/Texas/24-008749-003/2024(H5N1)	93	3032
PB1|PP755595.1|A/cattle/Texas/24-008749-003/2024(H5N1)	94	3023
PB1|PP755595.1|A/cattle/Texas/24-008749-003/2024(H5N1)	95	3030
PB1|PP755595.1|A/cattle/Texas/24-008749-003/2024(H5N1)	96	3034
PB1|PP755595.1|A/cattle/Texas/24-008749-003/2024(H5N1)	97	3036
PB1|PP755595.1|A/cattle/Texas/24-008749-003/2024(H5N1)	98	3057
PB1|PP755595.1|A/cattle/Texas/24-008749-003/2024(H5N1)	99	3057
PB1|PP755595.1|A/cattle/Texas/24-008749-003/2024(H5N1)	100	3010
PB1|PP755595.1|A/cattle/Texas/24-008749-003/2024(H5N1)	101	2996
PB1|PP755595.1|A/cattle/Texas/24-008749-003/2024(H5N1)	102	2966
PB1|PP755595.1|A/cattle/Texas/24-008749-003/2024(H5N1)	103	2966
PB1|PP755595.1|A/cattle/Texas/24-008749-003/2024(H5N1)	104	2958
PB1|PP755595.1|A/cattle/Texas/24-008749-003/2024(H5N1)	105	2952
PB1|PP755595.1|A/cattle/Texas/24-008749-003/2024(H5N1)	106	3040
PB1|PP755595.1|A/cattle/Texas/24-008749-003/2024(H5N1)	107	3046
PB1|PP755595.1|A/cattle/Texas/24-008749-003/2024(H5N1)	108	3032
PB1|PP755595.1|A/cattle/Texas/24-008749-003/2024(H5N1)	109	3032
PB1|PP755595.1|A/cattle/Texas/24-008749-003/2024(H5N1)	110	3028
PB1|PP755595.1|A/cattle/Texas/24-008749-003/2024(H5N1)	111	3028
PB1|PP755595.1|A/cattle/Texas/24-008749-003/2024(H5N1)	112	3016
PB1|PP755595.1|A/cattle/Texas/24-008749-003/2024(H5N1)	113	2997
PB1|PP755595.1|A/cattle/Texas/24-008749-003/2024(H5N1)	114	2870
PB1|PP755595.1|A/cattle/Texas/24-008749-003/2024(H5N1)	115	2866
PB1|PP755595.1|A/cattle/Texas/24-008749-003/2024(H5N1)	116	2866
PB1|PP755595.1|A/cattle/Texas/24-008749-003/2024(H5N1)	117	2814
PB1|PP755595.1|A/cattle/Texas/24-008749-003/2024(H5N1)	118	3019
PB1|PP755595.1|A/cattle/Texas/24-008749-003/2024(H5N1)	119	3025
PB1|PP755595.1|A/cattle/Texas/24-008749-003/2024(H5N1)	120	3036
PB1|PP755595.1|A/cattle/Texas/24-008749-003/2024(H5N1)	121	3040
PB1|PP755595.1|A/cattle/Texas/24-008749-003/2024(H5N1)	122	3044
PB1|PP755595.1|A/cattle/Texas/24-008749-003/2024(H5N1)	123	3042
PB1|PP755595.1|A/cattle/Texas/24-008749-003/2024(H5N1)	124	3026
PB1|PP755595.1|A/cattle/Texas/24-008749-003/2024(H5N1)	125	3007
PB1|PP755595.1|A/cattle/Texas/24-008749-003/2024(H5N1)	126	2993
PB1|PP755595.1|A/cattle/Texas/24-008749-003/2024(H5N1)	127	2554
PB1|PP755595.1|A/cattle/Texas/24-008749-003/2024(H5N1)	128	2470
PB1|PP755595.1|A/cattle/Texas/24-008749-003/2024(H5N1)	129	2353
PB1|PP755595.1|A/cattle/Texas/24-008749-003/2024(H5N1)	130	2442
PB1|PP755595.1|A/cattle/Texas/24-008749-003/2024(H5N1)	131	2438
PB1|PP755595.1|A/cattle/Texas/24-008749-003/2024(H5N1)	132	2420
PB1|PP755595.1|A/cattle/Texas/24-008749-003/2024(H5N1)	133	2417
PB1|PP755595.1|A/cattle/Texas/24-008749-003/2024(H5N1)	134	2424
PB1|PP755595.1|A/cattle/Texas/24-008749-003/2024(H5N1)	135	2404
PB1|PP755595.1|A/cattle/Texas/24-008749-003/2024(H5N1)	136	2383
PB1|PP755595.1|A/cattle/Texas/24-008749-003/2024(H5N1)	137	2339
PB1|PP755595.1|A/cattle/Texas/24-008749-003/2024(H5N1)	138	2317
PB1|PP755595.1|A/cattle/Texas/24-008749-003/2024(H5N1)	139	2460
PB1|PP755595.1|A/cattle/Texas/24-008749-003/2024(H5N1)	140	2453
PB1|PP755595.1|A/cattle/Texas/24-008749-003/2024(H5N1)	141	2485
PB1|PP755595.1|A/cattle/Texas/24-008749-003/2024(H5N1)	142	2469
PB1|PP755595.1|A/cattle/Texas/24-008749-003/2024(H5N1)	143	2450
PB1|PP755595.1|A/cattle/Texas/24-008749-003/2024(H5N1)	144	2406
PB1|PP755595.1|A/cattle/Texas/24-008749-003/2024(H5N1)	145	2405
PB1|PP755595.1|A/cattle/Texas/24-008749-003/2024(H5N1)	146	2389
PB1|PP755595.1|A/cattle/Texas/24-008749-003/2024(H5N1)	147	2346
PB1|PP755595.1|A/cattle/Texas/24-008749-003/2024(H5N1)	148	2293
PB1|PP755595.1|A/cattle/Texas/24-008749-003/2024(H5N1)	149	2285
PB1|PP755595.1|A/cattle/Texas/24-008749-003/2024(H5N1)	150	2268
PB1|PP755595.1|A/cattle/Texas/24-008749-003/2024(H5N1)	151	2267
PB1|PP755595.1|A/cattle/Texas/24-008749-003/2024(H5N1)	152	2254
PB1|PP755595.1|A/cattle/Texas/24-008749-003/2024(H5N1)	153	2141
PB1|PP755595.1|A/cattle/Texas/24-008749-003/2024(H5N1)	154	2135
PB1|PP755595.1|A/cattle/Texas/24-008749-003/2024(H5N1)	155	2152
PB1|PP755595.1|A/cattle/Texas/24-008749-003/2024(H5N1)	156	2138
PB1|PP755595.1|A/cattle/Texas/24-008749-003/2024(H5N1)	157	2161
PB1|PP755595.1|A/cattle/Texas/24-008749-003/2024(H5N1)	158	2165
PB1|PP755595.1|A/cattle/Texas/24-008749-003/2024(H5N1)	159	2166
PB1|PP755595.1|A/cattle/Texas/24-008749-003/2024(H5N1)	160	2379
PB1|PP755595.1|A/cattle/Texas/24-008749-003/2024(H5N1)	161	2381
PB1|PP755595.1|A/cattle/Texas/24-008749-003/2024(H5N1)	162	2387
PB1|PP755595.1|A/cattle/Texas/24-008749-003/2024(H5N1)	163	2389
PB1|PP755595.1|A/cattle/Texas/24-008749-003/2024(H5N1)	164	2396
PB1|PP755595.1|A/cattle/Texas/24-008749-003/2024(H5N1)	165	2384
PB1|PP755595.1|A/cattle/Texas/24-008749-003/2024(H5N1)	166	2380
PB1|PP755595.1|A/cattle/Texas/24-008749-003/2024(H5N1)	167	2376
PB1|PP755595.1|A/cattle/Texas/24-008749-003/2024(H5N1)	168	2376
PB1|PP755595.1|A/cattle/Texas/24-008749-003/2024(H5N1)	169	2385
PB1|PP755595.1|A/cattle/Texas/24-008749-003/2024(H5N1)	170	2393
PB1|PP755595.1|A/cattle/Texas/24-008749-003/2024(H5N1)	171	2386
PB1|PP755595.1|A/cattle/Texas/24-008749-003/2024(H5N1)	172	2390
PB1|PP755595.1|A/cattle/Texas/24-008749-003/2024(H5N1)	173	2420
PB1|PP755595.1|A/cattle/Texas/24-008749-003/2024(H5N1)	174	2427
PB1|PP755595.1|A/cattle/Texas/24-008749-003/2024(H5N1)	175	2424
PB1|PP755595.1|A/cattle/Texas/24-008749-003/2024(H5N1)	176	2404
PB1|PP755595.1|A/cattle/Texas/24-008749-003/2024(H5N1)	177	2394
PB1|PP755595.1|A/cattle/Texas/24-008749-003/2024(H5N1)	178	2395
PB1|PP755595.1|A/cattle/Texas/24-008749-003/2024(H5N1)	179	2412
PB1|PP755595.1|A/cattle/Texas/24-008749-003/2024(H5N1)	180	2435
PB1|PP755595.1|A/cattle/Texas/24-008749-003/2024(H5N1)	181	2430
PB1|PP755595.1|A/cattle/Texas/24-008749-003/2024(H5N1)	182	2431
PB1|PP755595.1|A/cattle/Texas/24-008749-003/2024(H5N1)	183	2424
PB1|PP755595.1|A/cattle/Texas/24-008749-003/2024(H5N1)	184	2425
PB1|PP755595.1|A/cattle/Texas/24-008749-003/2024(H5N1)	185	2421
PB1|PP755595.1|A/cattle/Texas/24-008749-003/2024(H5N1)	186	2403
PB1|PP755595.1|A/cattle/Texas/24-008749-003/2024(H5N1)	187	2400
PB1|PP755595.1|A/cattle/Texas/24-008749-003/2024(H5N1)	188	2435
PB1|PP755595.1|A/cattle/Texas/24-008749-003/2024(H5N1)	189	2422
PB1|PP755595.1|A/cattle/Texas/24-008749-003/2024(H5N1)	190	2495
PB1|PP755595.1|A/cattle/Texas/24-008749-003/2024(H5N1)	191	2483
PB1|PP755595.1|A/cattle/Texas/24-008749-003/2024(H5N1)	192	2482
PB1|PP755595.1|A/cattle/Texas/24-008749-003/2024(H5N1)	193	2511
PB1|PP755595.1|A/cattle/Texas/24-008749-003/2024(H5N1)	194	2498
PB1|PP755595.1|A/cattle/Texas/24-008749-003/2024(H5N1)	195	2493
PB1|PP755595.1|A/cattle/Texas/24-008749-003/2024(H5N1)	196	2472
PB1|PP755595.1|A/cattle/Texas/24-008749-003/2024(H5N1)	197	2463
PB1|PP755595.1|A/cattle/Texas/24-008749-003/2024(H5N1)	198	2450
PB1|PP755595.1|A/cattle/Texas/24-008749-003/2024(H5N1)	199	2391
PB1|PP755595.1|A/cattle/Texas/24-008749-003/2024(H5N1)	200	2360
PB1|PP755595.1|A/cattle/Texas/24-008749-003/2024(H5N1)	201	2174
PB1|PP755595.1|A/cattle/Texas/24-008749-003/2024(H5N1)	202	2153
PB1|PP755595.1|A/cattle/Texas/24-008749-003/2024(H5N1)	203	2153
PB1|PP755595.1|A/cattle/Texas/24-008749-003/2024(H5N1)	204	2128
PB1|PP755595.1|A/cattle/Texas/24-008749-003/2024(H5N1)	205	2088
PB1|PP755595.1|A/cattle/Texas/24-008749-003/2024(H5N1)	206	2086
PB1|PP755595.1|A/cattle/Texas/24-008749-003/2024(H5N1)	207	2054
PB1|PP755595.1|A/cattle/Texas/24-008749-003/2024(H5N1)	208	2055
PB1|PP755595.1|A/cattle/Texas/24-008749-003/2024(H5N1)	209	2032
PB1|PP755595.1|A/cattle/Texas/24-008749-003/2024(H5N1)	210	2014
PB1|PP755595.1|A/cattle/Texas/24-008749-003/2024(H5N1)	211	2013
PB1|PP755595.1|A/cattle/Texas/24-008749-003/2024(H5N1)	212	2003
PB1|PP755595.1|A/cattle/Texas/24-008749-003/2024(H5N1)	213	1439
PB1|PP755595.1|A/cattle/Texas/24-008749-003/2024(H5N1)	214	1397
PB1|PP755595.1|A/cattle/Texas/24-008749-003/2024(H5N1)	215	1397
PB1|PP755595.1|A/cattle/Texas/24-008749-003/2024(H5N1)	216	1396
PB1|PP755595.1|A/cattle/Texas/24-008749-003/2024(H5N1)	217	1236
PB1|PP755595.1|A/cattle/Texas/24-008749-003/2024(H5N1)	218	1236
PB1|PP755595.1|A/cattle/Texas/24-008749-003/2024(H5N1)	219	1235
PB1|PP755595.1|A/cattle/Texas/24-008749-003/2024(H5N1)	220	1235
PB1|PP755595.1|A/cattle/Texas/24-008749-003/2024(H5N1)	221	1235
PB1|PP755595.1|A/cattle/Texas/24-008749-003/2024(H5N1)	222	1235
PB1|PP755595.1|A/cattle/Texas/24-008749-003/2024(H5N1)	223	1235
PB1|PP755595.1|A/cattle/Texas/24-008749-003/2024(H5N1)	224	1234
PB1|PP755595.1|A/cattle/Texas/24-008749-003/2024(H5N1)	225	1216
PB1|PP755595.1|A/cattle/Texas/24-008749-003/2024(H5N1)	226	1217
PB1|PP755595.1|A/cattle/Texas/24-008749-003/2024(H5N1)	227	1217
PB1|PP755595.1|A/cattle/Texas/24-008749-003/2024(H5N1)	228	1217
PB1|PP755595.1|A/cattle/Texas/24-008749-003/2024(H5N1)	229	1221
PB1|PP755595.1|A/cattle/Texas/24-008749-003/2024(H5N1)	230	1221
PB1|PP755595.1|A/cattle/Texas/24-008749-003/2024(H5N1)	231	1221
PB1|PP755595.1|A/cattle/Texas/24-008749-003/2024(H5N1)	232	1225
PB1|PP755595.1|A/cattle/Texas/24-008749-003/2024(H5N1)	233	1228
PB1|PP755595.1|A/cattle/Texas/24-008749-003/2024(H5N1)	234	1249
PB1|PP755595.1|A/cattle/Texas/24-008749-003/2024(H5N1)	235	1849
PB1|PP755595.1|A/cattle/Texas/24-008749-003/2024(H5N1)	236	1857
PB1|PP755595.1|A/cattle/Texas/24-008749-003/2024(H5N1)	237	1861
PB1|PP755595.1|A/cattle/Texas/24-008749-003/2024(H5N1)	238	1866
PB1|PP755595.1|A/cattle/Texas/24-008749-003/2024(H5N1)	239	1867
PB1|PP755595.1|A/cattle/Texas/24-008749-003/2024(H5N1)	240	1933
PB1|PP755595.1|A/cattle/Texas/24-008749-003/2024(H5N1)	241	1943
PB1|PP755595.1|A/cattle/Texas/24-008749-003/2024(H5N1)	242	2035
PB1|PP755595.1|A/cattle/Texas/24-008749-003/2024(H5N1)	243	2035
PB1|PP755595.1|A/cattle/Texas/24-008749-003/2024(H5N1)	244	2035
PB1|PP755595.1|A/cattle/Texas/24-008749-003/2024(H5N1)	245	2047
PB1|PP755595.1|A/cattle/Texas/24-008749-003/2024(H5N1)	246	2089
PB1|PP755595.1|A/cattle/Texas/24-008749-003/2024(H5N1)	247	2100
PB1|PP755595.1|A/cattle/Texas/24-008749-003/2024(H5N1)	248	2101
PB1|PP755595.1|A/cattle/Texas/24-008749-003/2024(H5N1)	249	2101
PB1|PP755595.1|A/cattle/Texas/24-008749-003/2024(H5N1)	250	2101
PB1|PP755595.1|A/cattle/Texas/24-008749-003/2024(H5N1)	251	2101
PB1|PP755595.1|A/cattle/Texas/24-008749-003/2024(H5N1)	252	2101
PB1|PP755595.1|A/cattle/Texas/24-008749-003/2024(H5N1)	253	2101
PB1|PP755595.1|A/cattle/Texas/24-008749-003/2024(H5N1)	254	2084
PB1|PP755595.1|A/cattle/Texas/24-008749-003/2024(H5N1)	255	1767
PB1|PP755595.1|A/cattle/Texas/24-008749-003/2024(H5N1)	256	1767
PB1|PP755595.1|A/cattle/Texas/24-008749-003/2024(H5N1)	257	1767
PB1|PP755595.1|A/cattle/Texas/24-008749-003/2024(H5N1)	258	1767
PB1|PP755595.1|A/cattle/Texas/24-008749-003/2024(H5N1)	259	1767
PB1|PP755595.1|A/cattle/Texas/24-008749-003/2024(H5N1)	260	1767
PB1|PP755595.1|A/cattle/Texas/24-008749-003/2024(H5N1)	261	1767
PB1|PP755595.1|A/cattle/Texas/24-008749-003/2024(H5N1)	262	1767
PB1|PP755595.1|A/cattle/Texas/24-008749-003/2024(H5N1)	263	1767
PB1|PP755595.1|A/cattle/Texas/24-008749-003/2024(H5N1)	264	1767
PB1|PP755595.1|A/cattle/Texas/24-008749-003/2024(H5N1)	265	1767
PB1|PP755595.1|A/cattle/Texas/24-008749-003/2024(H5N1)	266	1774
PB1|PP755595.1|A/cattle/Texas/24-008749-003/2024(H5N1)	267	1775
PB1|PP755595.1|A/cattle/Texas/24-008749-003/2024(H5N1)	268	2015
PB1|PP755595.1|A/cattle/Texas/24-008749-003/2024(H5N1)	269	2038
PB1|PP755595.1|A/cattle/Texas/24-008749-003/2024(H5N1)	270	2042
PB1|PP755595.1|A/cattle/Texas/24-008749-003/2024(H5N1)	271	2045
PB1|PP755595.1|A/cattle/Texas/24-008749-003/2024(H5N1)	272	2070
PB1|PP755595.1|A/cattle/Texas/24-008749-003/2024(H5N1)	273	2071
PB1|PP755595.1|A/cattle/Texas/24-008749-003/2024(H5N1)	274	2071
PB1|PP755595.1|A/cattle/Texas/24-008749-003/2024(H5N1)	275	2071
PB1|PP755595.1|A/cattle/Texas/24-008749-003/2024(H5N1)	276	2078
PB1|PP755595.1|A/cattle/Texas/24-008749-003/2024(H5N1)	277	2085
PB1|PP755595.1|A/cattle/Texas/24-008749-003/2024(H5N1)	278	2101
PB1|PP755595.1|A/cattle/Texas/24-008749-003/2024(H5N1)	279	2101
PB1|PP755595.1|A/cattle/Texas/24-008749-003/2024(H5N1)	280	2102
PB1|PP755595.1|A/cattle/Texas/24-008749-003/2024(H5N1)	281	2122
PB1|PP755595.1|A/cattle/Texas/24-008749-003/2024(H5N1)	282	2116
PB1|PP755595.1|A/cattle/Texas/24-008749-003/2024(H5N1)	283	2104
PB1|PP755595.1|A/cattle/Texas/24-008749-003/2024(H5N1)	284	2100
PB1|PP755595.1|A/cattle/Texas/24-008749-003/2024(H5N1)	285	2088
PB1|PP755595.1|A/cattle/Texas/24-008749-003/2024(H5N1)	286	2083
PB1|PP755595.1|A/cattle/Texas/24-008749-003/2024(H5N1)	287	2078
PB1|PP755595.1|A/cattle/Texas/24-008749-003/2024(H5N1)	288	1996
PB1|PP755595.1|A/cattle/Texas/24-008749-003/2024(H5N1)	289	1995
PB1|PP755595.1|A/cattle/Texas/24-008749-003/2024(H5N1)	290	1844
PB1|PP755595.1|A/cattle/Texas/24-008749-003/2024(H5N1)	291	1844
PB1|PP755595.1|A/cattle/Texas/24-008749-003/2024(H5N1)	292	2098
PB1|PP755595.1|A/cattle/Texas/24-008749-003/2024(H5N1)	293	2098
PB1|PP755595.1|A/cattle/Texas/24-008749-003/2024(H5N1)	294	2082
PB1|PP755595.1|A/cattle/Texas/24-008749-003/2024(H5N1)	295	2061
PB1|PP755595.1|A/cattle/Texas/24-008749-003/2024(H5N1)	296	2060
PB1|PP755595.1|A/cattle/Texas/24-008749-003/2024(H5N1)	297	2043
PB1|PP755595.1|A/cattle/Texas/24-008749-003/2024(H5N1)	298	2185
PB1|PP755595.1|A/cattle/Texas/24-008749-003/2024(H5N1)	299	2178
PB1|PP755595.1|A/cattle/Texas/24-008749-003/2024(H5N1)	300	2061
PB1|PP755595.1|A/cattle/Texas/24-008749-003/2024(H5N1)	301	2061
PB1|PP755595.1|A/cattle/Texas/24-008749-003/2024(H5N1)	302	2042
PB1|PP755595.1|A/cattle/Texas/24-008749-003/2024(H5N1)	303	2040
PB1|PP755595.1|A/cattle/Texas/24-008749-003/2024(H5N1)	304	2092
PB1|PP755595.1|A/cattle/Texas/24-008749-003/2024(H5N1)	305	2096
PB1|PP755595.1|A/cattle/Texas/24-008749-003/2024(H5N1)	306	2082
PB1|PP755595.1|A/cattle/Texas/24-008749-003/2024(H5N1)	307	2078
PB1|PP755595.1|A/cattle/Texas/24-008749-003/2024(H5N1)	308	2081
PB1|PP755595.1|A/cattle/Texas/24-008749-003/2024(H5N1)	309	2087
PB1|PP755595.1|A/cattle/Texas/24-008749-003/2024(H5N1)	310	2087
PB1|PP755595.1|A/cattle/Texas/24-008749-003/2024(H5N1)	311	2092
PB1|PP755595.1|A/cattle/Texas/24-008749-003/2024(H5N1)	312	2092
PB1|PP755595.1|A/cattle/Texas/24-008749-003/2024(H5N1)	313	2087
PB1|PP755595.1|A/cattle/Texas/24-008749-003/2024(H5N1)	314	2082
PB1|PP755595.1|A/cattle/Texas/24-008749-003/2024(H5N1)	315	2097
PB1|PP755595.1|A/cattle/Texas/24-008749-003/2024(H5N1)	316	2089
PB1|PP755595.1|A/cattle/Texas/24-008749-003/2024(H5N1)	317	2097
PB1|PP755595.1|A/cattle/Texas/24-008749-003/2024(H5N1)	318	1698
PB1|PP755595.1|A/cattle/Texas/24-008749-003/2024(H5N1)	319	1795
PB1|PP755595.1|A/cattle/Texas/24-008749-003/2024(H5N1)	320	1800
PB1|PP755595.1|A/cattle/Texas/24-008749-003/2024(H5N1)	321	1803
PB1|PP755595.1|A/cattle/Texas/24-008749-003/2024(H5N1)	322	1805
PB1|PP755595.1|A/cattle/Texas/24-008749-003/2024(H5N1)	323	1802
PB1|PP755595.1|A/cattle/Texas/24-008749-003/2024(H5N1)	324	1773
PB1|PP755595.1|A/cattle/Texas/24-008749-003/2024(H5N1)	325	1765
PB1|PP755595.1|A/cattle/Texas/24-008749-003/2024(H5N1)	326	1765
PB1|PP755595.1|A/cattle/Texas/24-008749-003/2024(H5N1)	327	1767
PB1|PP755595.1|A/cattle/Texas/24-008749-003/2024(H5N1)	328	1770
PB1|PP755595.1|A/cattle/Texas/24-008749-003/2024(H5N1)	329	1776
PB1|PP755595.1|A/cattle/Texas/24-008749-003/2024(H5N1)	330	1763
PB1|PP755595.1|A/cattle/Texas/24-008749-003/2024(H5N1)	331	1758
PB1|PP755595.1|A/cattle/Texas/24-008749-003/2024(H5N1)	332	1760
PB1|PP755595.1|A/cattle/Texas/24-008749-003/2024(H5N1)	333	1759
PB1|PP755595.1|A/cattle/Texas/24-008749-003/2024(H5N1)	334	1775
PB1|PP755595.1|A/cattle/Texas/24-008749-003/2024(H5N1)	335	1767
PB1|PP755595.1|A/cattle/Texas/24-008749-003/2024(H5N1)	336	1759
PB1|PP755595.1|A/cattle/Texas/24-008749-003/2024(H5N1)	337	1758
PB1|PP755595.1|A/cattle/Texas/24-008749-003/2024(H5N1)	338	1728
PB1|PP755595.1|A/cattle/Texas/24-008749-003/2024(H5N1)	339	1706
PB1|PP755595.1|A/cattle/Texas/24-008749-003/2024(H5N1)	340	1707
PB1|PP755595.1|A/cattle/Texas/24-008749-003/2024(H5N1)	341	1619
PB1|PP755595.1|A/cattle/Texas/24-008749-003/2024(H5N1)	342	1618
PB1|PP755595.1|A/cattle/Texas/24-008749-003/2024(H5N1)	343	1610
PB1|PP755595.1|A/cattle/Texas/24-008749-003/2024(H5N1)	344	1606
PB1|PP755595.1|A/cattle/Texas/24-008749-003/2024(H5N1)	345	1622
PB1|PP755595.1|A/cattle/Texas/24-008749-003/2024(H5N1)	346	1644
PB1|PP755595.1|A/cattle/Texas/24-008749-003/2024(H5N1)	347	1657
PB1|PP755595.1|A/cattle/Texas/24-008749-003/2024(H5N1)	348	1657
PB1|PP755595.1|A/cattle/Texas/24-008749-003/2024(H5N1)	349	1655
PB1|PP755595.1|A/cattle/Texas/24-008749-003/2024(H5N1)	350	1637
PB1|PP755595.1|A/cattle/Texas/24-008749-003/2024(H5N1)	351	1641
PB1|PP755595.1|A/cattle/Texas/24-008749-003/2024(H5N1)	352	1654
PB1|PP755595.1|A/cattle/Texas/24-008749-003/2024(H5N1)	353	1660
PB1|PP755595.1|A/cattle/Texas/24-008749-003/2024(H5N1)	354	1623
PB1|PP755595.1|A/cattle/Texas/24-008749-003/2024(H5N1)	355	1622
PB1|PP755595.1|A/cattle/Texas/24-008749-003/2024(H5N1)	356	1567
PB1|PP755595.1|A/cattle/Texas/24-008749-003/2024(H5N1)	357	1566
PB1|PP755595.1|A/cattle/Texas/24-008749-003/2024(H5N1)	358	1525
PB1|PP755595.1|A/cattle/Texas/24-008749-003/2024(H5N1)	359	1519
PB1|PP755595.1|A/cattle/Texas/24-008749-003/2024(H5N1)	360	1517
PB1|PP755595.1|A/cattle/Texas/24-008749-003/2024(H5N1)	361	1493
PB1|PP755595.1|A/cattle/Texas/24-008749-003/2024(H5N1)	362	1489
PB1|PP755595.1|A/cattle/Texas/24-008749-003/2024(H5N1)	363	1110
PB1|PP755595.1|A/cattle/Texas/24-008749-003/2024(H5N1)	364	1073
PB1|PP755595.1|A/cattle/Texas/24-008749-003/2024(H5N1)	365	1073
PB1|PP755595.1|A/cattle/Texas/24-008749-003/2024(H5N1)	366	1074
PB1|PP755595.1|A/cattle/Texas/24-008749-003/2024(H5N1)	367	1079
PB1|PP755595.1|A/cattle/Texas/24-008749-003/2024(H5N1)	368	1086
PB1|PP755595.1|A/cattle/Texas/24-008749-003/2024(H5N1)	369	1086
PB1|PP755595.1|A/cattle/Texas/24-008749-003/2024(H5N1)	370	1087
PB1|PP755595.1|A/cattle/Texas/24-008749-003/2024(H5N1)	371	1095
PB1|PP755595.1|A/cattle/Texas/24-008749-003/2024(H5N1)	372	1095
PB1|PP755595.1|A/cattle/Texas/24-008749-003/2024(H5N1)	373	1095
PB1|PP755595.1|A/cattle/Texas/24-008749-003/2024(H5N1)	374	1095
PB1|PP755595.1|A/cattle/Texas/24-008749-003/2024(H5N1)	375	1095
PB1|PP755595.1|A/cattle/Texas/24-008749-003/2024(H5N1)	376	1121
PB1|PP755595.1|A/cattle/Texas/24-008749-003/2024(H5N1)	377	1121
PB1|PP755595.1|A/cattle/Texas/24-008749-003/2024(H5N1)	378	1124
PB1|PP755595.1|A/cattle/Texas/24-008749-003/2024(H5N1)	379	1325
PB1|PP755595.1|A/cattle/Texas/24-008749-003/2024(H5N1)	380	1325
PB1|PP755595.1|A/cattle/Texas/24-008749-003/2024(H5N1)	381	1332
PB1|PP755595.1|A/cattle/Texas/24-008749-003/2024(H5N1)	382	1397
PB1|PP755595.1|A/cattle/Texas/24-008749-003/2024(H5N1)	383	1401
PB1|PP755595.1|A/cattle/Texas/24-008749-003/2024(H5N1)	384	1401
PB1|PP755595.1|A/cattle/Texas/24-008749-003/2024(H5N1)	385	1405
PB1|PP755595.1|A/cattle/Texas/24-008749-003/2024(H5N1)	386	1410
PB1|PP755595.1|A/cattle/Texas/24-008749-003/2024(H5N1)	387	1419
PB1|PP755595.1|A/cattle/Texas/24-008749-003/2024(H5N1)	388	1424
PB1|PP755595.1|A/cattle/Texas/24-008749-003/2024(H5N1)	389	1425
PB1|PP755595.1|A/cattle/Texas/24-008749-003/2024(H5N1)	390	1426
PB1|PP755595.1|A/cattle/Texas/24-008749-003/2024(H5N1)	391	1424
PB1|PP755595.1|A/cattle/Texas/24-008749-003/2024(H5N1)	392	1424
PB1|PP755595.1|A/cattle/Texas/24-008749-003/2024(H5N1)	393	1424
PB1|PP755595.1|A/cattle/Texas/24-008749-003/2024(H5N1)	394	1431
PB1|PP755595.1|A/cattle/Texas/24-008749-003/2024(H5N1)	395	1436
PB1|PP755595.1|A/cattle/Texas/24-008749-003/2024(H5N1)	396	1429
PB1|PP755595.1|A/cattle/Texas/24-008749-003/2024(H5N1)	397	1406
PB1|PP755595.1|A/cattle/Texas/24-008749-003/2024(H5N1)	398	1398
PB1|PP755595.1|A/cattle/Texas/24-008749-003/2024(H5N1)	399	1391
PB1|PP755595.1|A/cattle/Texas/24-008749-003/2024(H5N1)	400	1390
PB1|PP755595.1|A/cattle/Texas/24-008749-003/2024(H5N1)	401	1380
PB1|PP755595.1|A/cattle/Texas/24-008749-003/2024(H5N1)	402	1379
PB1|PP755595.1|A/cattle/Texas/24-008749-003/2024(H5N1)	403	1364
PB1|PP755595.1|A/cattle/Texas/24-008749-003/2024(H5N1)	404	1364
PB1|PP755595.1|A/cattle/Texas/24-008749-003/2024(H5N1)	405	1353
PB1|PP755595.1|A/cattle/Texas/24-008749-003/2024(H5N1)	406	1353
PB1|PP755595.1|A/cattle/Texas/24-008749-003/2024(H5N1)	407	1336
PB1|PP755595.1|A/cattle/Texas/24-008749-003/2024(H5N1)	408	1277
PB1|PP755595.1|A/cattle/Texas/24-008749-003/2024(H5N1)	409	1276
PB1|PP755595.1|A/cattle/Texas/24-008749-003/2024(H5N1)	410	1270
PB1|PP755595.1|A/cattle/Texas/24-008749-003/2024(H5N1)	411	1268
PB1|PP755595.1|A/cattle/Texas/24-008749-003/2024(H5N1)	412	1268
PB1|PP755595.1|A/cattle/Texas/24-008749-003/2024(H5N1)	413	1268
PB1|PP755595.1|A/cattle/Texas/24-008749-003/2024(H5N1)	414	1260
PB1|PP755595.1|A/cattle/Texas/24-008749-003/2024(H5N1)	415	1266
PB1|PP755595.1|A/cattle/Texas/24-008749-003/2024(H5N1)	416	1266
PB1|PP755595.1|A/cattle/Texas/24-008749-003/2024(H5N1)	417	1266
PB1|PP755595.1|A/cattle/Texas/24-008749-003/2024(H5N1)	418	1266
PB1|PP755595.1|A/cattle/Texas/24-008749-003/2024(H5N1)	419	1262
PB1|PP755595.1|A/cattle/Texas/24-008749-003/2024(H5N1)	420	1260
PB1|PP755595.1|A/cattle/Texas/24-008749-003/2024(H5N1)	421	1260
PB1|PP755595.1|A/cattle/Texas/24-008749-003/2024(H5N1)	422	1260
PB1|PP755595.1|A/cattle/Texas/24-008749-003/2024(H5N1)	423	1260
PB1|PP755595.1|A/cattle/Texas/24-008749-003/2024(H5N1)	424	1260
PB1|PP755595.1|A/cattle/Texas/24-008749-003/2024(H5N1)	425	1260
PB1|PP755595.1|A/cattle/Texas/24-008749-003/2024(H5N1)	426	767
PB1|PP755595.1|A/cattle/Texas/24-008749-003/2024(H5N1)	427	764
PB1|PP755595.1|A/cattle/Texas/24-008749-003/2024(H5N1)	428	764
PB1|PP755595.1|A/cattle/Texas/24-008749-003/2024(H5N1)	429	764
PB1|PP755595.1|A/cattle/Texas/24-008749-003/2024(H5N1)	430	798
PB1|PP755595.1|A/cattle/Texas/24-008749-003/2024(H5N1)	431	798
PB1|PP755595.1|A/cattle/Texas/24-008749-003/2024(H5N1)	432	798
PB1|PP755595.1|A/cattle/Texas/24-008749-003/2024(H5N1)	433	811
PB1|PP755595.1|A/cattle/Texas/24-008749-003/2024(H5N1)	434	933
PB1|PP755595.1|A/cattle/Texas/24-008749-003/2024(H5N1)	435	941
PB1|PP755595.1|A/cattle/Texas/24-008749-003/2024(H5N1)	436	1258
PB1|PP755595.1|A/cattle/Texas/24-008749-003/2024(H5N1)	437	1425
PB1|PP755595.1|A/cattle/Texas/24-008749-003/2024(H5N1)	438	1426
PB1|PP755595.1|A/cattle/Texas/24-008749-003/2024(H5N1)	439	1437
PB1|PP755595.1|A/cattle/Texas/24-008749-003/2024(H5N1)	440	1439
PB1|PP755595.1|A/cattle/Texas/24-008749-003/2024(H5N1)	441	1439
PB1|PP755595.1|A/cattle/Texas/24-008749-003/2024(H5N1)	442	1443
PB1|PP755595.1|A/cattle/Texas/24-008749-003/2024(H5N1)	443	1443
PB1|PP755595.1|A/cattle/Texas/24-008749-003/2024(H5N1)	444	1452
PB1|PP755595.1|A/cattle/Texas/24-008749-003/2024(H5N1)	445	1461
PB1|PP755595.1|A/cattle/Texas/24-008749-003/2024(H5N1)	446	1470
PB1|PP755595.1|A/cattle/Texas/24-008749-003/2024(H5N1)	447	1489
PB1|PP755595.1|A/cattle/Texas/24-008749-003/2024(H5N1)	448	1496
PB1|PP755595.1|A/cattle/Texas/24-008749-003/2024(H5N1)	449	1501
PB1|PP755595.1|A/cattle/Texas/24-008749-003/2024(H5N1)	450	1501
PB1|PP755595.1|A/cattle/Texas/24-008749-003/2024(H5N1)	451	1503
PB1|PP755595.1|A/cattle/Texas/24-008749-003/2024(H5N1)	452	1508
PB1|PP755595.1|A/cattle/Texas/24-008749-003/2024(H5N1)	453	1508
PB1|PP755595.1|A/cattle/Texas/24-008749-003/2024(H5N1)	454	1511
PB1|PP755595.1|A/cattle/Texas/24-008749-003/2024(H5N1)	455	1511
PB1|PP755595.1|A/cattle/Texas/24-008749-003/2024(H5N1)	456	1460
PB1|PP755595.1|A/cattle/Texas/24-008749-003/2024(H5N1)	457	1457
PB1|PP755595.1|A/cattle/Texas/24-008749-003/2024(H5N1)	458	1456
PB1|PP755595.1|A/cattle/Texas/24-008749-003/2024(H5N1)	459	1472
PB1|PP755595.1|A/cattle/Texas/24-008749-003/2024(H5N1)	460	1464
PB1|PP755595.1|A/cattle/Texas/24-008749-003/2024(H5N1)	461	1563
PB1|PP755595.1|A/cattle/Texas/24-008749-003/2024(H5N1)	462	1572
PB1|PP755595.1|A/cattle/Texas/24-008749-003/2024(H5N1)	463	1577
PB1|PP755595.1|A/cattle/Texas/24-008749-003/2024(H5N1)	464	1581
PB1|PP755595.1|A/cattle/Texas/24-008749-003/2024(H5N1)	465	1578
PB1|PP755595.1|A/cattle/Texas/24-008749-003/2024(H5N1)	466	1587
PB1|PP755595.1|A/cattle/Texas/24-008749-003/2024(H5N1)	467	1582
PB1|PP755595.1|A/cattle/Texas/24-008749-003/2024(H5N1)	468	1573
PB1|PP755595.1|A/cattle/Texas/24-008749-003/2024(H5N1)	469	1578
PB1|PP755595.1|A/cattle/Texas/24-008749-003/2024(H5N1)	470	1538
PB1|PP755595.1|A/cattle/Texas/24-008749-003/2024(H5N1)	471	1534
PB1|PP755595.1|A/cattle/Texas/24-008749-003/2024(H5N1)	472	1534
PB1|PP755595.1|A/cattle/Texas/24-008749-003/2024(H5N1)	473	1532
PB1|PP755595.1|A/cattle/Texas/24-008749-003/2024(H5N1)	474	1533
PB1|PP755595.1|A/cattle/Texas/24-008749-003/2024(H5N1)	475	1545
PB1|PP755595.1|A/cattle/Texas/24-008749-003/2024(H5N1)	476	1540
PB1|PP755595.1|A/cattle/Texas/24-008749-003/2024(H5N1)	477	1538
PB1|PP755595.1|A/cattle/Texas/24-008749-003/2024(H5N1)	478	1532
PB1|PP755595.1|A/cattle/Texas/24-008749-003/2024(H5N1)	479	1515
PB1|PP755595.1|A/cattle/Texas/24-008749-003/2024(H5N1)	480	1489
PB1|PP755595.1|A/cattle/Texas/24-008749-003/2024(H5N1)	481	1489
PB1|PP755595.1|A/cattle/Texas/24-008749-003/2024(H5N1)	482	1480
PB1|PP755595.1|A/cattle/Texas/24-008749-003/2024(H5N1)	483	1479
PB1|PP755595.1|A/cattle/Texas/24-008749-003/2024(H5N1)	484	1479
PB1|PP755595.1|A/cattle/Texas/24-008749-003/2024(H5N1)	485	1519
PB1|PP755595.1|A/cattle/Texas/24-008749-003/2024(H5N1)	486	1541
PB1|PP755595.1|A/cattle/Texas/24-008749-003/2024(H5N1)	487	1605
PB1|PP755595.1|A/cattle/Texas/24-008749-003/2024(H5N1)	488	1605
PB1|PP755595.1|A/cattle/Texas/24-008749-003/2024(H5N1)	489	1620
PB1|PP755595.1|A/cattle/Texas/24-008749-003/2024(H5N1)	490	1639
PB1|PP755595.1|A/cattle/Texas/24-008749-003/2024(H5N1)	491	1637
PB1|PP755595.1|A/cattle/Texas/24-008749-003/2024(H5N1)	492	1637
PB1|PP755595.1|A/cattle/Texas/24-008749-003/2024(H5N1)	493	1641
PB1|PP755595.1|A/cattle/Texas/24-008749-003/2024(H5N1)	494	1611
PB1|PP755595.1|A/cattle/Texas/24-008749-003/2024(H5N1)	495	1623
PB1|PP755595.1|A/cattle/Texas/24-008749-003/2024(H5N1)	496	1593
PB1|PP755595.1|A/cattle/Texas/24-008749-003/2024(H5N1)	497	1605
PB1|PP755595.1|A/cattle/Texas/24-008749-003/2024(H5N1)	498	1618
PB1|PP755595.1|A/cattle/Texas/24-008749-003/2024(H5N1)	499	1616
PB1|PP755595.1|A/cattle/Texas/24-008749-003/2024(H5N1)	500	1612
PB1|PP755595.1|A/cattle/Texas/24-008749-003/2024(H5N1)	501	1625
PB1|PP755595.1|A/cattle/Texas/24-008749-003/2024(H5N1)	502	1618
PB1|PP755595.1|A/cattle/Texas/24-008749-003/2024(H5N1)	503	1605
PB1|PP755595.1|A/cattle/Texas/24-008749-003/2024(H5N1)	504	1605
PB1|PP755595.1|A/cattle/Texas/24-008749-003/2024(H5N1)	505	1644
PB1|PP755595.1|A/cattle/Texas/24-008749-003/2024(H5N1)	506	1646
PB1|PP755595.1|A/cattle/Texas/24-008749-003/2024(H5N1)	507	1621
PB1|PP755595.1|A/cattle/Texas/24-008749-003/2024(H5N1)	508	1641
PB1|PP755595.1|A/cattle/Texas/24-008749-003/2024(H5N1)	509	1675
PB1|PP755595.1|A/cattle/Texas/24-008749-003/2024(H5N1)	510	1688
PB1|PP755595.1|A/cattle/Texas/24-008749-003/2024(H5N1)	511	1713
PB1|PP755595.1|A/cattle/Texas/24-008749-003/2024(H5N1)	512	1713
PB1|PP755595.1|A/cattle/Texas/24-008749-003/2024(H5N1)	513	1676
PB1|PP755595.1|A/cattle/Texas/24-008749-003/2024(H5N1)	514	1640
PB1|PP755595.1|A/cattle/Texas/24-008749-003/2024(H5N1)	515	1664
PB1|PP755595.1|A/cattle/Texas/24-008749-003/2024(H5N1)	516	1658
PB1|PP755595.1|A/cattle/Texas/24-008749-003/2024(H5N1)	517	1634
PB1|PP755595.1|A/cattle/Texas/24-008749-003/2024(H5N1)	518	1646
PB1|PP755595.1|A/cattle/Texas/24-008749-003/2024(H5N1)	519	1640
PB1|PP755595.1|A/cattle/Texas/24-008749-003/2024(H5N1)	520	1691
PB1|PP755595.1|A/cattle/Texas/24-008749-003/2024(H5N1)	521	1689
PB1|PP755595.1|A/cattle/Texas/24-008749-003/2024(H5N1)	522	1698
PB1|PP755595.1|A/cattle/Texas/24-008749-003/2024(H5N1)	523	1702
PB1|PP755595.1|A/cattle/Texas/24-008749-003/2024(H5N1)	524	1695
PB1|PP755595.1|A/cattle/Texas/24-008749-003/2024(H5N1)	525	1710
PB1|PP755595.1|A/cattle/Texas/24-008749-003/2024(H5N1)	526	1709
PB1|PP755595.1|A/cattle/Texas/24-008749-003/2024(H5N1)	527	1703
PB1|PP755595.1|A/cattle/Texas/24-008749-003/2024(H5N1)	528	1702
PB1|PP755595.1|A/cattle/Texas/24-008749-003/2024(H5N1)	529	1704
PB1|PP755595.1|A/cattle/Texas/24-008749-003/2024(H5N1)	530	1782
PB1|PP755595.1|A/cattle/Texas/24-008749-003/2024(H5N1)	531	1757
PB1|PP755595.1|A/cattle/Texas/24-008749-003/2024(H5N1)	532	1754
PB1|PP755595.1|A/cattle/Texas/24-008749-003/2024(H5N1)	533	1720
PB1|PP755595.1|A/cattle/Texas/24-008749-003/2024(H5N1)	534	1717
PB1|PP755595.1|A/cattle/Texas/24-008749-003/2024(H5N1)	535	1720
PB1|PP755595.1|A/cattle/Texas/24-008749-003/2024(H5N1)	536	1719
PB1|PP755595.1|A/cattle/Texas/24-008749-003/2024(H5N1)	537	1726
PB1|PP755595.1|A/cattle/Texas/24-008749-003/2024(H5N1)	538	1723
PB1|PP755595.1|A/cattle/Texas/24-008749-003/2024(H5N1)	539	1735
PB1|PP755595.1|A/cattle/Texas/24-008749-003/2024(H5N1)	540	1737
PB1|PP755595.1|A/cattle/Texas/24-008749-003/2024(H5N1)	541	1747
PB1|PP755595.1|A/cattle/Texas/24-008749-003/2024(H5N1)	542	1787
PB1|PP755595.1|A/cattle/Texas/24-008749-003/2024(H5N1)	543	1786
PB1|PP755595.1|A/cattle/Texas/24-008749-003/2024(H5N1)	544	1786
PB1|PP755595.1|A/cattle/Texas/24-008749-003/2024(H5N1)	545	1781
PB1|PP755595.1|A/cattle/Texas/24-008749-003/2024(H5N1)	546	1775
PB1|PP755595.1|A/cattle/Texas/24-008749-003/2024(H5N1)	547	1777
PB1|PP755595.1|A/cattle/Texas/24-008749-003/2024(H5N1)	548	1787
PB1|PP755595.1|A/cattle/Texas/24-008749-003/2024(H5N1)	549	1780
PB1|PP755595.1|A/cattle/Texas/24-008749-003/2024(H5N1)	550	1790
PB1|PP755595.1|A/cattle/Texas/24-008749-003/2024(H5N1)	551	1768
PB1|PP755595.1|A/cattle/Texas/24-008749-003/2024(H5N1)	552	1779
PB1|PP755595.1|A/cattle/Texas/24-008749-003/2024(H5N1)	553	1779
PB1|PP755595.1|A/cattle/Texas/24-008749-003/2024(H5N1)	554	1778
PB1|PP755595.1|A/cattle/Texas/24-008749-003/2024(H5N1)	555	1761
PB1|PP755595.1|A/cattle/Texas/24-008749-003/2024(H5N1)	556	1754
PB1|PP755595.1|A/cattle/Texas/24-008749-003/2024(H5N1)	557	1744
PB1|PP755595.1|A/cattle/Texas/24-008749-003/2024(H5N1)	558	1635
PB1|PP755595.1|A/cattle/Texas/24-008749-003/2024(H5N1)	559	1624
PB1|PP755595.1|A/cattle/Texas/24-008749-003/2024(H5N1)	560	1624
PB1|PP755595.1|A/cattle/Texas/24-008749-003/2024(H5N1)	561	1610
PB1|PP755595.1|A/cattle/Texas/24-008749-003/2024(H5N1)	562	1618
PB1|PP755595.1|A/cattle/Texas/24-008749-003/2024(H5N1)	563	1620
PB1|PP755595.1|A/cattle/Texas/24-008749-003/2024(H5N1)	564	1628
PB1|PP755595.1|A/cattle/Texas/24-008749-003/2024(H5N1)	565	1657
PB1|PP755595.1|A/cattle/Texas/24-008749-003/2024(H5N1)	566	1661
PB1|PP755595.1|A/cattle/Texas/24-008749-003/2024(H5N1)	567	1663
PB1|PP755595.1|A/cattle/Texas/24-008749-003/2024(H5N1)	568	1663
PB1|PP755595.1|A/cattle/Texas/24-008749-003/2024(H5N1)	569	1723
PB1|PP755595.1|A/cattle/Texas/24-008749-003/2024(H5N1)	570	1698
PB1|PP755595.1|A/cattle/Texas/24-008749-003/2024(H5N1)	571	1731
PB1|PP755595.1|A/cattle/Texas/24-008749-003/2024(H5N1)	572	1729
PB1|PP755595.1|A/cattle/Texas/24-008749-003/2024(H5N1)	573	1721
PB1|PP755595.1|A/cattle/Texas/24-008749-003/2024(H5N1)	574	1724
PB1|PP755595.1|A/cattle/Texas/24-008749-003/2024(H5N1)	575	1721
PB1|PP755595.1|A/cattle/Texas/24-008749-003/2024(H5N1)	576	1753
PB1|PP755595.1|A/cattle/Texas/24-008749-003/2024(H5N1)	577	1766
PB1|PP755595.1|A/cattle/Texas/24-008749-003/2024(H5N1)	578	1769
PB1|PP755595.1|A/cattle/Texas/24-008749-003/2024(H5N1)	579	1739
PB1|PP755595.1|A/cattle/Texas/24-008749-003/2024(H5N1)	580	1741
PB1|PP755595.1|A/cattle/Texas/24-008749-003/2024(H5N1)	581	1750
PB1|PP755595.1|A/cattle/Texas/24-008749-003/2024(H5N1)	582	1749
PB1|PP755595.1|A/cattle/Texas/24-008749-003/2024(H5N1)	583	1749
PB1|PP755595.1|A/cattle/Texas/24-008749-003/2024(H5N1)	584	1735
PB1|PP755595.1|A/cattle/Texas/24-008749-003/2024(H5N1)	585	1623
PB1|PP755595.1|A/cattle/Texas/24-008749-003/2024(H5N1)	586	1674
PB1|PP755595.1|A/cattle/Texas/24-008749-003/2024(H5N1)	587	1577
PB1|PP755595.1|A/cattle/Texas/24-008749-003/2024(H5N1)	588	1525
PB1|PP755595.1|A/cattle/Texas/24-008749-003/2024(H5N1)	589	1528
PB1|PP755595.1|A/cattle/Texas/24-008749-003/2024(H5N1)	590	1521
PB1|PP755595.1|A/cattle/Texas/24-008749-003/2024(H5N1)	591	1522
PB1|PP755595.1|A/cattle/Texas/24-008749-003/2024(H5N1)	592	1536
PB1|PP755595.1|A/cattle/Texas/24-008749-003/2024(H5N1)	593	1535
PB1|PP755595.1|A/cattle/Texas/24-008749-003/2024(H5N1)	594	1542
PB1|PP755595.1|A/cattle/Texas/24-008749-003/2024(H5N1)	595	1536
PB1|PP755595.1|A/cattle/Texas/24-008749-003/2024(H5N1)	596	1529
PB1|PP755595.1|A/cattle/Texas/24-008749-003/2024(H5N1)	597	1527
PB1|PP755595.1|A/cattle/Texas/24-008749-003/2024(H5N1)	598	1508
PB1|PP755595.1|A/cattle/Texas/24-008749-003/2024(H5N1)	599	1499
PB1|PP755595.1|A/cattle/Texas/24-008749-003/2024(H5N1)	600	1493
PB1|PP755595.1|A/cattle/Texas/24-008749-003/2024(H5N1)	601	1492
PB1|PP755595.1|A/cattle/Texas/24-008749-003/2024(H5N1)	602	1474
PB1|PP755595.1|A/cattle/Texas/24-008749-003/2024(H5N1)	603	1472
PB1|PP755595.1|A/cattle/Texas/24-008749-003/2024(H5N1)	604	1465
PB1|PP755595.1|A/cattle/Texas/24-008749-003/2024(H5N1)	605	1461
PB1|PP755595.1|A/cattle/Texas/24-008749-003/2024(H5N1)	606	1457
PB1|PP755595.1|A/cattle/Texas/24-008749-003/2024(H5N1)	607	1261
PB1|PP755595.1|A/cattle/Texas/24-008749-003/2024(H5N1)	608	1260
PB1|PP755595.1|A/cattle/Texas/24-008749-003/2024(H5N1)	609	1259
PB1|PP755595.1|A/cattle/Texas/24-008749-003/2024(H5N1)	610	1261
PB1|PP755595.1|A/cattle/Texas/24-008749-003/2024(H5N1)	611	1261
PB1|PP755595.1|A/cattle/Texas/24-008749-003/2024(H5N1)	612	1261
PB1|PP755595.1|A/cattle/Texas/24-008749-003/2024(H5N1)	613	1407
PB1|PP755595.1|A/cattle/Texas/24-008749-003/2024(H5N1)	614	1407
PB1|PP755595.1|A/cattle/Texas/24-008749-003/2024(H5N1)	615	1409
PB1|PP755595.1|A/cattle/Texas/24-008749-003/2024(H5N1)	616	1409
PB1|PP755595.1|A/cattle/Texas/24-008749-003/2024(H5N1)	617	1409
PB1|PP755595.1|A/cattle/Texas/24-008749-003/2024(H5N1)	618	1404
PB1|PP755595.1|A/cattle/Texas/24-008749-003/2024(H5N1)	619	1400
PB1|PP755595.1|A/cattle/Texas/24-008749-003/2024(H5N1)	620	1386
PB1|PP755595.1|A/cattle/Texas/24-008749-003/2024(H5N1)	621	1400
PB1|PP755595.1|A/cattle/Texas/24-008749-003/2024(H5N1)	622	1414
PB1|PP755595.1|A/cattle/Texas/24-008749-003/2024(H5N1)	623	1412
PB1|PP755595.1|A/cattle/Texas/24-008749-003/2024(H5N1)	624	1413
PB1|PP755595.1|A/cattle/Texas/24-008749-003/2024(H5N1)	625	1412
PB1|PP755595.1|A/cattle/Texas/24-008749-003/2024(H5N1)	626	1399
PB1|PP755595.1|A/cattle/Texas/24-008749-003/2024(H5N1)	627	1399
PB1|PP755595.1|A/cattle/Texas/24-008749-003/2024(H5N1)	628	1394
PB1|PP755595.1|A/cattle/Texas/24-008749-003/2024(H5N1)	629	1380
PB1|PP755595.1|A/cattle/Texas/24-008749-003/2024(H5N1)	630	1378
PB1|PP755595.1|A/cattle/Texas/24-008749-003/2024(H5N1)	631	1370
PB1|PP755595.1|A/cattle/Texas/24-008749-003/2024(H5N1)	632	1368
PB1|PP755595.1|A/cattle/Texas/24-008749-003/2024(H5N1)	633	1284
PB1|PP755595.1|A/cattle/Texas/24-008749-003/2024(H5N1)	634	1249
PB1|PP755595.1|A/cattle/Texas/24-008749-003/2024(H5N1)	635	1249
PB1|PP755595.1|A/cattle/Texas/24-008749-003/2024(H5N1)	636	1249
PB1|PP755595.1|A/cattle/Texas/24-008749-003/2024(H5N1)	637	1249
PB1|PP755595.1|A/cattle/Texas/24-008749-003/2024(H5N1)	638	1249
PB1|PP755595.1|A/cattle/Texas/24-008749-003/2024(H5N1)	639	1243
PB1|PP755595.1|A/cattle/Texas/24-008749-003/2024(H5N1)	640	1236
PB1|PP755595.1|A/cattle/Texas/24-008749-003/2024(H5N1)	641	1222
PB1|PP755595.1|A/cattle/Texas/24-008749-003/2024(H5N1)	642	1222
PB1|PP755595.1|A/cattle/Texas/24-008749-003/2024(H5N1)	643	1222
PB1|PP755595.1|A/cattle/Texas/24-008749-003/2024(H5N1)	644	1220
PB1|PP755595.1|A/cattle/Texas/24-008749-003/2024(H5N1)	645	1204
PB1|PP755595.1|A/cattle/Texas/24-008749-003/2024(H5N1)	646	1191
PB1|PP755595.1|A/cattle/Texas/24-008749-003/2024(H5N1)	647	1191
PB1|PP755595.1|A/cattle/Texas/24-008749-003/2024(H5N1)	648	1162
PB1|PP755595.1|A/cattle/Texas/24-008749-003/2024(H5N1)	649	1159
PB1|PP755595.1|A/cattle/Texas/24-008749-003/2024(H5N1)	650	1154
PB1|PP755595.1|A/cattle/Texas/24-008749-003/2024(H5N1)	651	959
PB1|PP755595.1|A/cattle/Texas/24-008749-003/2024(H5N1)	652	958
PB1|PP755595.1|A/cattle/Texas/24-008749-003/2024(H5N1)	653	958
PB1|PP755595.1|A/cattle/Texas/24-008749-003/2024(H5N1)	654	958
PB1|PP755595.1|A/cattle/Texas/24-008749-003/2024(H5N1)	655	1110
PB1|PP755595.1|A/cattle/Texas/24-008749-003/2024(H5N1)	656	1114
PB1|PP755595.1|A/cattle/Texas/24-008749-003/2024(H5N1)	657	1115
PB1|PP755595.1|A/cattle/Texas/24-008749-003/2024(H5N1)	658	1125
PB1|PP755595.1|A/cattle/Texas/24-008749-003/2024(H5N1)	659	1132
PB1|PP755595.1|A/cattle/Texas/24-008749-003/2024(H5N1)	660	1131
PB1|PP755595.1|A/cattle/Texas/24-008749-003/2024(H5N1)	661	1131
PB1|PP755595.1|A/cattle/Texas/24-008749-003/2024(H5N1)	662	1127
PB1|PP755595.1|A/cattle/Texas/24-008749-003/2024(H5N1)	663	1122
PB1|PP755595.1|A/cattle/Texas/24-008749-003/2024(H5N1)	664	1096
PB1|PP755595.1|A/cattle/Texas/24-008749-003/2024(H5N1)	665	1168
PB1|PP755595.1|A/cattle/Texas/24-008749-003/2024(H5N1)	666	1171
PB1|PP755595.1|A/cattle/Texas/24-008749-003/2024(H5N1)	667	1185
PB1|PP755595.1|A/cattle/Texas/24-008749-003/2024(H5N1)	668	1182
PB1|PP755595.1|A/cattle/Texas/24-008749-003/2024(H5N1)	669	1180
PB1|PP755595.1|A/cattle/Texas/24-008749-003/2024(H5N1)	670	1168
PB1|PP755595.1|A/cattle/Texas/24-008749-003/2024(H5N1)	671	1115
PB1|PP755595.1|A/cattle/Texas/24-008749-003/2024(H5N1)	672	1118
PB1|PP755595.1|A/cattle/Texas/24-008749-003/2024(H5N1)	673	1109
PB1|PP755595.1|A/cattle/Texas/24-008749-003/2024(H5N1)	674	1109
PB1|PP755595.1|A/cattle/Texas/24-008749-003/2024(H5N1)	675	1107
PB1|PP755595.1|A/cattle/Texas/24-008749-003/2024(H5N1)	676	1161
PB1|PP755595.1|A/cattle/Texas/24-008749-003/2024(H5N1)	677	1164
PB1|PP755595.1|A/cattle/Texas/24-008749-003/2024(H5N1)	678	1150
PB1|PP755595.1|A/cattle/Texas/24-008749-003/2024(H5N1)	679	1154
PB1|PP755595.1|A/cattle/Texas/24-008749-003/2024(H5N1)	680	1146
PB1|PP755595.1|A/cattle/Texas/24-008749-003/2024(H5N1)	681	1076
PB1|PP755595.1|A/cattle/Texas/24-008749-003/2024(H5N1)	682	1083
PB1|PP755595.1|A/cattle/Texas/24-008749-003/2024(H5N1)	683	1077
PB1|PP755595.1|A/cattle/Texas/24-008749-003/2024(H5N1)	684	1076
PB1|PP755595.1|A/cattle/Texas/24-008749-003/2024(H5N1)	685	1074
PB1|PP755595.1|A/cattle/Texas/24-008749-003/2024(H5N1)	686	1070
PB1|PP755595.1|A/cattle/Texas/24-008749-003/2024(H5N1)	687	1070
PB1|PP755595.1|A/cattle/Texas/24-008749-003/2024(H5N1)	688	1061
PB1|PP755595.1|A/cattle/Texas/24-008749-003/2024(H5N1)	689	1056
PB1|PP755595.1|A/cattle/Texas/24-008749-003/2024(H5N1)	690	1038
PB1|PP755595.1|A/cattle/Texas/24-008749-003/2024(H5N1)	691	1038
PB1|PP755595.1|A/cattle/Texas/24-008749-003/2024(H5N1)	692	998
PB1|PP755595.1|A/cattle/Texas/24-008749-003/2024(H5N1)	693	990
PB1|PP755595.1|A/cattle/Texas/24-008749-003/2024(H5N1)	694	1027
PB1|PP755595.1|A/cattle/Texas/24-008749-003/2024(H5N1)	695	1038
PB1|PP755595.1|A/cattle/Texas/24-008749-003/2024(H5N1)	696	1036
PB1|PP755595.1|A/cattle/Texas/24-008749-003/2024(H5N1)	697	1034
PB1|PP755595.1|A/cattle/Texas/24-008749-003/2024(H5N1)	698	1029
PB1|PP755595.1|A/cattle/Texas/24-008749-003/2024(H5N1)	699	1018
PB1|PP755595.1|A/cattle/Texas/24-008749-003/2024(H5N1)	700	1016
PB1|PP755595.1|A/cattle/Texas/24-008749-003/2024(H5N1)	701	1006
PB1|PP755595.1|A/cattle/Texas/24-008749-003/2024(H5N1)	702	995
PB1|PP755595.1|A/cattle/Texas/24-008749-003/2024(H5N1)	703	989
PB1|PP755595.1|A/cattle/Texas/24-008749-003/2024(H5N1)	704	989
PB1|PP755595.1|A/cattle/Texas/24-008749-003/2024(H5N1)	705	988
PB1|PP755595.1|A/cattle/Texas/24-008749-003/2024(H5N1)	706	988
PB1|PP755595.1|A/cattle/Texas/24-008749-003/2024(H5N1)	707	985
PB1|PP755595.1|A/cattle/Texas/24-008749-003/2024(H5N1)	708	976
PB1|PP755595.1|A/cattle/Texas/24-008749-003/2024(H5N1)	709	974
PB1|PP755595.1|A/cattle/Texas/24-008749-003/2024(H5N1)	710	974
PB1|PP755595.1|A/cattle/Texas/24-008749-003/2024(H5N1)	711	974
PB1|PP755595.1|A/cattle/Texas/24-008749-003/2024(H5N1)	712	968
PB1|PP755595.1|A/cattle/Texas/24-008749-003/2024(H5N1)	713	965
PB1|PP755595.1|A/cattle/Texas/24-008749-003/2024(H5N1)	714	867
PB1|PP755595.1|A/cattle/Texas/24-008749-003/2024(H5N1)	715	839
PB1|PP755595.1|A/cattle/Texas/24-008749-003/2024(H5N1)	716	839
PB1|PP755595.1|A/cattle/Texas/24-008749-003/2024(H5N1)	717	839
PB1|PP755595.1|A/cattle/Texas/24-008749-003/2024(H5N1)	718	839
PB1|PP755595.1|A/cattle/Texas/24-008749-003/2024(H5N1)	719	839
PB1|PP755595.1|A/cattle/Texas/24-008749-003/2024(H5N1)	720	839
PB1|PP755595.1|A/cattle/Texas/24-008749-003/2024(H5N1)	721	888
PB1|PP755595.1|A/cattle/Texas/24-008749-003/2024(H5N1)	722	913
PB1|PP755595.1|A/cattle/Texas/24-008749-003/2024(H5N1)	723	914
PB1|PP755595.1|A/cattle/Texas/24-008749-003/2024(H5N1)	724	914
PB1|PP755595.1|A/cattle/Texas/24-008749-003/2024(H5N1)	725	888
PB1|PP755595.1|A/cattle/Texas/24-008749-003/2024(H5N1)	726	885
PB1|PP755595.1|A/cattle/Texas/24-008749-003/2024(H5N1)	727	862
PB1|PP755595.1|A/cattle/Texas/24-008749-003/2024(H5N1)	728	863
PB1|PP755595.1|A/cattle/Texas/24-008749-003/2024(H5N1)	729	862
PB1|PP755595.1|A/cattle/Texas/24-008749-003/2024(H5N1)	730	837
PB1|PP755595.1|A/cattle/Texas/24-008749-003/2024(H5N1)	731	793
PB1|PP755595.1|A/cattle/Texas/24-008749-003/2024(H5N1)	732	608
PB1|PP755595.1|A/cattle/Texas/24-008749-003/2024(H5N1)	733	608
PB1|PP755595.1|A/cattle/Texas/24-008749-003/2024(H5N1)	734	607
PB1|PP755595.1|A/cattle/Texas/24-008749-003/2024(H5N1)	735	607
PB1|PP755595.1|A/cattle/Texas/24-008749-003/2024(H5N1)	736	608
PB1|PP755595.1|A/cattle/Texas/24-008749-003/2024(H5N1)	737	608
PB1|PP755595.1|A/cattle/Texas/24-008749-003/2024(H5N1)	738	607
PB1|PP755595.1|A/cattle/Texas/24-008749-003/2024(H5N1)	739	606
PB1|PP755595.1|A/cattle/Texas/24-008749-003/2024(H5N1)	740	606
PB1|PP755595.1|A/cattle/Texas/24-008749-003/2024(H5N1)	741	606
PB1|PP755595.1|A/cattle/Texas/24-008749-003/2024(H5N1)	742	606
PB1|PP755595.1|A/cattle/Texas/24-008749-003/2024(H5N1)	743	606
PB1|PP755595.1|A/cattle/Texas/24-008749-003/2024(H5N1)	744	606
PB1|PP755595.1|A/cattle/Texas/24-008749-003/2024(H5N1)	745	788
PB1|PP755595.1|A/cattle/Texas/24-008749-003/2024(H5N1)	746	789
PB1|PP755595.1|A/cattle/Texas/24-008749-003/2024(H5N1)	747	789
PB1|PP755595.1|A/cattle/Texas/24-008749-003/2024(H5N1)	748	790
PB1|PP755595.1|A/cattle/Texas/24-008749-003/2024(H5N1)	749	790
PB1|PP755595.1|A/cattle/Texas/24-008749-003/2024(H5N1)	750	790
PB1|PP755595.1|A/cattle/Texas/24-008749-003/2024(H5N1)	751	858
PB1|PP755595.1|A/cattle/Texas/24-008749-003/2024(H5N1)	752	869
PB1|PP755595.1|A/cattle/Texas/24-008749-003/2024(H5N1)	753	871
PB1|PP755595.1|A/cattle/Texas/24-008749-003/2024(H5N1)	754	877
PB1|PP755595.1|A/cattle/Texas/24-008749-003/2024(H5N1)	755	885
PB1|PP755595.1|A/cattle/Texas/24-008749-003/2024(H5N1)	756	886
PB1|PP755595.1|A/cattle/Texas/24-008749-003/2024(H5N1)	757	887
PB1|PP755595.1|A/cattle/Texas/24-008749-003/2024(H5N1)	758	889
PB1|PP755595.1|A/cattle/Texas/24-008749-003/2024(H5N1)	759	880
PB1|PP755595.1|A/cattle/Texas/24-008749-003/2024(H5N1)	760	833
PB1|PP755595.1|A/cattle/Texas/24-008749-003/2024(H5N1)	761	833
PB1|PP755595.1|A/cattle/Texas/24-008749-003/2024(H5N1)	762	821
PB1|PP755595.1|A/cattle/Texas/24-008749-003/2024(H5N1)	763	819
PB1|PP755595.1|A/cattle/Texas/24-008749-003/2024(H5N1)	764	818
PB1|PP755595.1|A/cattle/Texas/24-008749-003/2024(H5N1)	765	811
PB1|PP755595.1|A/cattle/Texas/24-008749-003/2024(H5N1)	766	811
PB1|PP755595.1|A/cattle/Texas/24-008749-003/2024(H5N1)	767	811
PB1|PP755595.1|A/cattle/Texas/24-008749-003/2024(H5N1)	768	811
PB1|PP755595.1|A/cattle/Texas/24-008749-003/2024(H5N1)	769	812
PB1|PP755595.1|A/cattle/Texas/24-008749-003/2024(H5N1)	770	812
PB1|PP755595.1|A/cattle/Texas/24-008749-003/2024(H5N1)	771	809
PB1|PP755595.1|A/cattle/Texas/24-008749-003/2024(H5N1)	772	773
PB1|PP755595.1|A/cattle/Texas/24-008749-003/2024(H5N1)	773	775
PB1|PP755595.1|A/cattle/Texas/24-008749-003/2024(H5N1)	774	779
PB1|PP755595.1|A/cattle/Texas/24-008749-003/2024(H5N1)	775	897
PB1|PP755595.1|A/cattle/Texas/24-008749-003/2024(H5N1)	776	904
PB1|PP755595.1|A/cattle/Texas/24-008749-003/2024(H5N1)	777	907
PB1|PP755595.1|A/cattle/Texas/24-008749-003/2024(H5N1)	778	908
PB1|PP755595.1|A/cattle/Texas/24-008749-003/2024(H5N1)	779	909
PB1|PP755595.1|A/cattle/Texas/24-008749-003/2024(H5N1)	780	925
PB1|PP755595.1|A/cattle/Texas/24-008749-003/2024(H5N1)	781	925
PB1|PP755595.1|A/cattle/Texas/24-008749-003/2024(H5N1)	782	925
PB1|PP755595.1|A/cattle/Texas/24-008749-003/2024(H5N1)	783	870
PB1|PP755595.1|A/cattle/Texas/24-008749-003/2024(H5N1)	784	870
PB1|PP755595.1|A/cattle/Texas/24-008749-003/2024(H5N1)	785	869
PB1|PP755595.1|A/cattle/Texas/24-008749-003/2024(H5N1)	786	847
PB1|PP755595.1|A/cattle/Texas/24-008749-003/2024(H5N1)	787	854
PB1|PP755595.1|A/cattle/Texas/24-008749-003/2024(H5N1)	788	854
PB1|PP755595.1|A/cattle/Texas/24-008749-003/2024(H5N1)	789	854
PB1|PP755595.1|A/cattle/Texas/24-008749-003/2024(H5N1)	790	854
PB1|PP755595.1|A/cattle/Texas/24-008749-003/2024(H5N1)	791	854
PB1|PP755595.1|A/cattle/Texas/24-008749-003/2024(H5N1)	792	834
PB1|PP755595.1|A/cattle/Texas/24-008749-003/2024(H5N1)	793	857
PB1|PP755595.1|A/cattle/Texas/24-008749-003/2024(H5N1)	794	865
PB1|PP755595.1|A/cattle/Texas/24-008749-003/2024(H5N1)	795	866
PB1|PP755595.1|A/cattle/Texas/24-008749-003/2024(H5N1)	796	870
PB1|PP755595.1|A/cattle/Texas/24-008749-003/2024(H5N1)	797	870
PB1|PP755595.1|A/cattle/Texas/24-008749-003/2024(H5N1)	798	867
PB1|PP755595.1|A/cattle/Texas/24-008749-003/2024(H5N1)	799	866
PB1|PP755595.1|A/cattle/Texas/24-008749-003/2024(H5N1)	800	864
PB1|PP755595.1|A/cattle/Texas/24-008749-003/2024(H5N1)	801	823
PB1|PP755595.1|A/cattle/Texas/24-008749-003/2024(H5N1)	802	832
PB1|PP755595.1|A/cattle/Texas/24-008749-003/2024(H5N1)	803	864
PB1|PP755595.1|A/cattle/Texas/24-008749-003/2024(H5N1)	804	876
PB1|PP755595.1|A/cattle/Texas/24-008749-003/2024(H5N1)	805	877
PB1|PP755595.1|A/cattle/Texas/24-008749-003/2024(H5N1)	806	878
PB1|PP755595.1|A/cattle/Texas/24-008749-003/2024(H5N1)	807	876
PB1|PP755595.1|A/cattle/Texas/24-008749-003/2024(H5N1)	808	881
PB1|PP755595.1|A/cattle/Texas/24-008749-003/2024(H5N1)	809	881
PB1|PP755595.1|A/cattle/Texas/24-008749-003/2024(H5N1)	810	876
PB1|PP755595.1|A/cattle/Texas/24-008749-003/2024(H5N1)	811	860
PB1|PP755595.1|A/cattle/Texas/24-008749-003/2024(H5N1)	812	821
PB1|PP755595.1|A/cattle/Texas/24-008749-003/2024(H5N1)	813	817
PB1|PP755595.1|A/cattle/Texas/24-008749-003/2024(H5N1)	814	812
PB1|PP755595.1|A/cattle/Texas/24-008749-003/2024(H5N1)	815	811
PB1|PP755595.1|A/cattle/Texas/24-008749-003/2024(H5N1)	816	782
PB1|PP755595.1|A/cattle/Texas/24-008749-003/2024(H5N1)	817	825
PB1|PP755595.1|A/cattle/Texas/24-008749-003/2024(H5N1)	818	825
PB1|PP755595.1|A/cattle/Texas/24-008749-003/2024(H5N1)	819	828
PB1|PP755595.1|A/cattle/Texas/24-008749-003/2024(H5N1)	820	828
PB1|PP755595.1|A/cattle/Texas/24-008749-003/2024(H5N1)	821	855
PB1|PP755595.1|A/cattle/Texas/24-008749-003/2024(H5N1)	822	840
PB1|PP755595.1|A/cattle/Texas/24-008749-003/2024(H5N1)	823	819
PB1|PP755595.1|A/cattle/Texas/24-008749-003/2024(H5N1)	824	833
PB1|PP755595.1|A/cattle/Texas/24-008749-003/2024(H5N1)	825	832
PB1|PP755595.1|A/cattle/Texas/24-008749-003/2024(H5N1)	826	847
PB1|PP755595.1|A/cattle/Texas/24-008749-003/2024(H5N1)	827	858
PB1|PP755595.1|A/cattle/Texas/24-008749-003/2024(H5N1)	828	860
PB1|PP755595.1|A/cattle/Texas/24-008749-003/2024(H5N1)	829	864
PB1|PP755595.1|A/cattle/Texas/24-008749-003/2024(H5N1)	830	868
PB1|PP755595.1|A/cattle/Texas/24-008749-003/2024(H5N1)	831	855
PB1|PP755595.1|A/cattle/Texas/24-008749-003/2024(H5N1)	832	898
PB1|PP755595.1|A/cattle/Texas/24-008749-003/2024(H5N1)	833	898
PB1|PP755595.1|A/cattle/Texas/24-008749-003/2024(H5N1)	834	900
PB1|PP755595.1|A/cattle/Texas/24-008749-003/2024(H5N1)	835	913
PB1|PP755595.1|A/cattle/Texas/24-008749-003/2024(H5N1)	836	925
PB1|PP755595.1|A/cattle/Texas/24-008749-003/2024(H5N1)	837	917
PB1|PP755595.1|A/cattle/Texas/24-008749-003/2024(H5N1)	838	916
PB1|PP755595.1|A/cattle/Texas/24-008749-003/2024(H5N1)	839	916
PB1|PP755595.1|A/cattle/Texas/24-008749-003/2024(H5N1)	840	859
PB1|PP755595.1|A/cattle/Texas/24-008749-003/2024(H5N1)	841	864
PB1|PP755595.1|A/cattle/Texas/24-008749-003/2024(H5N1)	842	864
PB1|PP755595.1|A/cattle/Texas/24-008749-003/2024(H5N1)	843	864
PB1|PP755595.1|A/cattle/Texas/24-008749-003/2024(H5N1)	844	864
PB1|PP755595.1|A/cattle/Texas/24-008749-003/2024(H5N1)	845	865
PB1|PP755595.1|A/cattle/Texas/24-008749-003/2024(H5N1)	846	886
PB1|PP755595.1|A/cattle/Texas/24-008749-003/2024(H5N1)	847	959
PB1|PP755595.1|A/cattle/Texas/24-008749-003/2024(H5N1)	848	959
PB1|PP755595.1|A/cattle/Texas/24-008749-003/2024(H5N1)	849	966
PB1|PP755595.1|A/cattle/Texas/24-008749-003/2024(H5N1)	850	966
PB1|PP755595.1|A/cattle/Texas/24-008749-003/2024(H5N1)	851	965
PB1|PP755595.1|A/cattle/Texas/24-008749-003/2024(H5N1)	852	967
PB1|PP755595.1|A/cattle/Texas/24-008749-003/2024(H5N1)	853	970
PB1|PP755595.1|A/cattle/Texas/24-008749-003/2024(H5N1)	854	1056
PB1|PP755595.1|A/cattle/Texas/24-008749-003/2024(H5N1)	855	1055
PB1|PP755595.1|A/cattle/Texas/24-008749-003/2024(H5N1)	856	1058
PB1|PP755595.1|A/cattle/Texas/24-008749-003/2024(H5N1)	857	1058
PB1|PP755595.1|A/cattle/Texas/24-008749-003/2024(H5N1)	858	1060
PB1|PP755595.1|A/cattle/Texas/24-008749-003/2024(H5N1)	859	1060
PB1|PP755595.1|A/cattle/Texas/24-008749-003/2024(H5N1)	860	1068
PB1|PP755595.1|A/cattle/Texas/24-008749-003/2024(H5N1)	861	1073
PB1|PP755595.1|A/cattle/Texas/24-008749-003/2024(H5N1)	862	1070
PB1|PP755595.1|A/cattle/Texas/24-008749-003/2024(H5N1)	863	1073
PB1|PP755595.1|A/cattle/Texas/24-008749-003/2024(H5N1)	864	1117
PB1|PP755595.1|A/cattle/Texas/24-008749-003/2024(H5N1)	865	1125
PB1|PP755595.1|A/cattle/Texas/24-008749-003/2024(H5N1)	866	1135
PB1|PP755595.1|A/cattle/Texas/24-008749-003/2024(H5N1)	867	1135
PB1|PP755595.1|A/cattle/Texas/24-008749-003/2024(H5N1)	868	1135
PB1|PP755595.1|A/cattle/Texas/24-008749-003/2024(H5N1)	869	1138
PB1|PP755595.1|A/cattle/Texas/24-008749-003/2024(H5N1)	870	1158
PB1|PP755595.1|A/cattle/Texas/24-008749-003/2024(H5N1)	871	1205
PB1|PP755595.1|A/cattle/Texas/24-008749-003/2024(H5N1)	872	1184
PB1|PP755595.1|A/cattle/Texas/24-008749-003/2024(H5N1)	873	1182
PB1|PP755595.1|A/cattle/Texas/24-008749-003/2024(H5N1)	874	1182
PB1|PP755595.1|A/cattle/Texas/24-008749-003/2024(H5N1)	875	1182
PB1|PP755595.1|A/cattle/Texas/24-008749-003/2024(H5N1)	876	1101
PB1|PP755595.1|A/cattle/Texas/24-008749-003/2024(H5N1)	877	1138
PB1|PP755595.1|A/cattle/Texas/24-008749-003/2024(H5N1)	878	1154
PB1|PP755595.1|A/cattle/Texas/24-008749-003/2024(H5N1)	879	1205
PB1|PP755595.1|A/cattle/Texas/24-008749-003/2024(H5N1)	880	1299
PB1|PP755595.1|A/cattle/Texas/24-008749-003/2024(H5N1)	881	1299
PB1|PP755595.1|A/cattle/Texas/24-008749-003/2024(H5N1)	882	1301
PB1|PP755595.1|A/cattle/Texas/24-008749-003/2024(H5N1)	883	1311
PB1|PP755595.1|A/cattle/Texas/24-008749-003/2024(H5N1)	884	1444
PB1|PP755595.1|A/cattle/Texas/24-008749-003/2024(H5N1)	885	1444
PB1|PP755595.1|A/cattle/Texas/24-008749-003/2024(H5N1)	886	1464
PB1|PP755595.1|A/cattle/Texas/24-008749-003/2024(H5N1)	887	1464
PB1|PP755595.1|A/cattle/Texas/24-008749-003/2024(H5N1)	888	1464
PB1|PP755595.1|A/cattle/Texas/24-008749-003/2024(H5N1)	889	1502
PB1|PP755595.1|A/cattle/Texas/24-008749-003/2024(H5N1)	890	1504
PB1|PP755595.1|A/cattle/Texas/24-008749-003/2024(H5N1)	891	1519
PB1|PP755595.1|A/cattle/Texas/24-008749-003/2024(H5N1)	892	1484
PB1|PP755595.1|A/cattle/Texas/24-008749-003/2024(H5N1)	893	1431
PB1|PP755595.1|A/cattle/Texas/24-008749-003/2024(H5N1)	894	1458
PB1|PP755595.1|A/cattle/Texas/24-008749-003/2024(H5N1)	895	1457
PB1|PP755595.1|A/cattle/Texas/24-008749-003/2024(H5N1)	896	1478
PB1|PP755595.1|A/cattle/Texas/24-008749-003/2024(H5N1)	897	1418
PB1|PP755595.1|A/cattle/Texas/24-008749-003/2024(H5N1)	898	1421
PB1|PP755595.1|A/cattle/Texas/24-008749-003/2024(H5N1)	899	1425
PB1|PP755595.1|A/cattle/Texas/24-008749-003/2024(H5N1)	900	1430
PB1|PP755595.1|A/cattle/Texas/24-008749-003/2024(H5N1)	901	1430
PB1|PP755595.1|A/cattle/Texas/24-008749-003/2024(H5N1)	902	1434
PB1|PP755595.1|A/cattle/Texas/24-008749-003/2024(H5N1)	903	1423
PB1|PP755595.1|A/cattle/Texas/24-008749-003/2024(H5N1)	904	1422
PB1|PP755595.1|A/cattle/Texas/24-008749-003/2024(H5N1)	905	1406
PB1|PP755595.1|A/cattle/Texas/24-008749-003/2024(H5N1)	906	1284
PB1|PP755595.1|A/cattle/Texas/24-008749-003/2024(H5N1)	907	1295
PB1|PP755595.1|A/cattle/Texas/24-008749-003/2024(H5N1)	908	1302
PB1|PP755595.1|A/cattle/Texas/24-008749-003/2024(H5N1)	909	1302
PB1|PP755595.1|A/cattle/Texas/24-008749-003/2024(H5N1)	910	1332
PB1|PP755595.1|A/cattle/Texas/24-008749-003/2024(H5N1)	911	1333
PB1|PP755595.1|A/cattle/Texas/24-008749-003/2024(H5N1)	912	1397
PB1|PP755595.1|A/cattle/Texas/24-008749-003/2024(H5N1)	913	1403
PB1|PP755595.1|A/cattle/Texas/24-008749-003/2024(H5N1)	914	1424
PB1|PP755595.1|A/cattle/Texas/24-008749-003/2024(H5N1)	915	1426
PB1|PP755595.1|A/cattle/Texas/24-008749-003/2024(H5N1)	916	1433
PB1|PP755595.1|A/cattle/Texas/24-008749-003/2024(H5N1)	917	1443
PB1|PP755595.1|A/cattle/Texas/24-008749-003/2024(H5N1)	918	1526
PB1|PP755595.1|A/cattle/Texas/24-008749-003/2024(H5N1)	919	1531
PB1|PP755595.1|A/cattle/Texas/24-008749-003/2024(H5N1)	920	1549
PB1|PP755595.1|A/cattle/Texas/24-008749-003/2024(H5N1)	921	1551
PB1|PP755595.1|A/cattle/Texas/24-008749-003/2024(H5N1)	922	1552
PB1|PP755595.1|A/cattle/Texas/24-008749-003/2024(H5N1)	923	1560
PB1|PP755595.1|A/cattle/Texas/24-008749-003/2024(H5N1)	924	1562
PB1|PP755595.1|A/cattle/Texas/24-008749-003/2024(H5N1)	925	1561
PB1|PP755595.1|A/cattle/Texas/24-008749-003/2024(H5N1)	926	1562
PB1|PP755595.1|A/cattle/Texas/24-008749-003/2024(H5N1)	927	1598
PB1|PP755595.1|A/cattle/Texas/24-008749-003/2024(H5N1)	928	1601
PB1|PP755595.1|A/cattle/Texas/24-008749-003/2024(H5N1)	929	1601
PB1|PP755595.1|A/cattle/Texas/24-008749-003/2024(H5N1)	930	1600
PB1|PP755595.1|A/cattle/Texas/24-008749-003/2024(H5N1)	931	1583
PB1|PP755595.1|A/cattle/Texas/24-008749-003/2024(H5N1)	932	1583
PB1|PP755595.1|A/cattle/Texas/24-008749-003/2024(H5N1)	933	1581
PB1|PP755595.1|A/cattle/Texas/24-008749-003/2024(H5N1)	934	1579
PB1|PP755595.1|A/cattle/Texas/24-008749-003/2024(H5N1)	935	1579
PB1|PP755595.1|A/cattle/Texas/24-008749-003/2024(H5N1)	936	1478
PB1|PP755595.1|A/cattle/Texas/24-008749-003/2024(H5N1)	937	1478
PB1|PP755595.1|A/cattle/Texas/24-008749-003/2024(H5N1)	938	1478
PB1|PP755595.1|A/cattle/Texas/24-008749-003/2024(H5N1)	939	1477
PB1|PP755595.1|A/cattle/Texas/24-008749-003/2024(H5N1)	940	1478
PB1|PP755595.1|A/cattle/Texas/24-008749-003/2024(H5N1)	941	1478
PB1|PP755595.1|A/cattle/Texas/24-008749-003/2024(H5N1)	942	1478
PB1|PP755595.1|A/cattle/Texas/24-008749-003/2024(H5N1)	943	1486
PB1|PP755595.1|A/cattle/Texas/24-008749-003/2024(H5N1)	944	1488
PB1|PP755595.1|A/cattle/Texas/24-008749-003/2024(H5N1)	945	1488
PB1|PP755595.1|A/cattle/Texas/24-008749-003/2024(H5N1)	946	1488
PB1|PP755595.1|A/cattle/Texas/24-008749-003/2024(H5N1)	947	1491
PB1|PP755595.1|A/cattle/Texas/24-008749-003/2024(H5N1)	948	1504
PB1|PP755595.1|A/cattle/Texas/24-008749-003/2024(H5N1)	949	1504
PB1|PP755595.1|A/cattle/Texas/24-008749-003/2024(H5N1)	950	1645
PB1|PP755595.1|A/cattle/Texas/24-008749-003/2024(H5N1)	951	1658
PB1|PP755595.1|A/cattle/Texas/24-008749-003/2024(H5N1)	952	1663
PB1|PP755595.1|A/cattle/Texas/24-008749-003/2024(H5N1)	953	1678
PB1|PP755595.1|A/cattle/Texas/24-008749-003/2024(H5N1)	954	1679
PB1|PP755595.1|A/cattle/Texas/24-008749-003/2024(H5N1)	955	1702
PB1|PP755595.1|A/cattle/Texas/24-008749-003/2024(H5N1)	956	1712
PB1|PP755595.1|A/cattle/Texas/24-008749-003/2024(H5N1)	957	1722
PB1|PP755595.1|A/cattle/Texas/24-008749-003/2024(H5N1)	958	1724
PB1|PP755595.1|A/cattle/Texas/24-008749-003/2024(H5N1)	959	1726
PB1|PP755595.1|A/cattle/Texas/24-008749-003/2024(H5N1)	960	1726
PB1|PP755595.1|A/cattle/Texas/24-008749-003/2024(H5N1)	961	1730
PB1|PP755595.1|A/cattle/Texas/24-008749-003/2024(H5N1)	962	1757
PB1|PP755595.1|A/cattle/Texas/24-008749-003/2024(H5N1)	963	1772
PB1|PP755595.1|A/cattle/Texas/24-008749-003/2024(H5N1)	964	1773
PB1|PP755595.1|A/cattle/Texas/24-008749-003/2024(H5N1)	965	1776
PB1|PP755595.1|A/cattle/Texas/24-008749-003/2024(H5N1)	966	1754
PB1|PP755595.1|A/cattle/Texas/24-008749-003/2024(H5N1)	967	1753
PB1|PP755595.1|A/cattle/Texas/24-008749-003/2024(H5N1)	968	1743
PB1|PP755595.1|A/cattle/Texas/24-008749-003/2024(H5N1)	969	1741
PB1|PP755595.1|A/cattle/Texas/24-008749-003/2024(H5N1)	970	1737
PB1|PP755595.1|A/cattle/Texas/24-008749-003/2024(H5N1)	971	1700
PB1|PP755595.1|A/cattle/Texas/24-008749-003/2024(H5N1)	972	1636
PB1|PP755595.1|A/cattle/Texas/24-008749-003/2024(H5N1)	973	1593
PB1|PP755595.1|A/cattle/Texas/24-008749-003/2024(H5N1)	974	1585
PB1|PP755595.1|A/cattle/Texas/24-008749-003/2024(H5N1)	975	1575
PB1|PP755595.1|A/cattle/Texas/24-008749-003/2024(H5N1)	976	1638
PB1|PP755595.1|A/cattle/Texas/24-008749-003/2024(H5N1)	977	1638
PB1|PP755595.1|A/cattle/Texas/24-008749-003/2024(H5N1)	978	1630
PB1|PP755595.1|A/cattle/Texas/24-008749-003/2024(H5N1)	979	1627
PB1|PP755595.1|A/cattle/Texas/24-008749-003/2024(H5N1)	980	1621
PB1|PP755595.1|A/cattle/Texas/24-008749-003/2024(H5N1)	981	1577
PB1|PP755595.1|A/cattle/Texas/24-008749-003/2024(H5N1)	982	1609
PB1|PP755595.1|A/cattle/Texas/24-008749-003/2024(H5N1)	983	1611
PB1|PP755595.1|A/cattle/Texas/24-008749-003/2024(H5N1)	984	1668
PB1|PP755595.1|A/cattle/Texas/24-008749-003/2024(H5N1)	985	1665
PB1|PP755595.1|A/cattle/Texas/24-008749-003/2024(H5N1)	986	1666
PB1|PP755595.1|A/cattle/Texas/24-008749-003/2024(H5N1)	987	1660
PB1|PP755595.1|A/cattle/Texas/24-008749-003/2024(H5N1)	988	1689
PB1|PP755595.1|A/cattle/Texas/24-008749-003/2024(H5N1)	989	1685
PB1|PP755595.1|A/cattle/Texas/24-008749-003/2024(H5N1)	990	1675
PB1|PP755595.1|A/cattle/Texas/24-008749-003/2024(H5N1)	991	1681
PB1|PP755595.1|A/cattle/Texas/24-008749-003/2024(H5N1)	992	1682
PB1|PP755595.1|A/cattle/Texas/24-008749-003/2024(H5N1)	993	1682
PB1|PP755595.1|A/cattle/Texas/24-008749-003/2024(H5N1)	994	1676
PB1|PP755595.1|A/cattle/Texas/24-008749-003/2024(H5N1)	995	1662
PB1|PP755595.1|A/cattle/Texas/24-008749-003/2024(H5N1)	996	1660
PB1|PP755595.1|A/cattle/Texas/24-008749-003/2024(H5N1)	997	1619
PB1|PP755595.1|A/cattle/Texas/24-008749-003/2024(H5N1)	998	1616
PB1|PP755595.1|A/cattle/Texas/24-008749-003/2024(H5N1)	999	1597
PB1|PP755595.1|A/cattle/Texas/24-008749-003/2024(H5N1)	1000	1591
PB1|PP755595.1|A/cattle/Texas/24-008749-003/2024(H5N1)	1001	1591
PB1|PP755595.1|A/cattle/Texas/24-008749-003/2024(H5N1)	1002	1591
PB1|PP755595.1|A/cattle/Texas/24-008749-003/2024(H5N1)	1003	1682
PB1|PP755595.1|A/cattle/Texas/24-008749-003/2024(H5N1)	1004	1682
PB1|PP755595.1|A/cattle/Texas/24-008749-003/2024(H5N1)	1005	1590
PB1|PP755595.1|A/cattle/Texas/24-008749-003/2024(H5N1)	1006	1590
PB1|PP755595.1|A/cattle/Texas/24-008749-003/2024(H5N1)	1007	1588
PB1|PP755595.1|A/cattle/Texas/24-008749-003/2024(H5N1)	1008	1589
PB1|PP755595.1|A/cattle/Texas/24-008749-003/2024(H5N1)	1009	1647
PB1|PP755595.1|A/cattle/Texas/24-008749-003/2024(H5N1)	1010	1641
PB1|PP755595.1|A/cattle/Texas/24-008749-003/2024(H5N1)	1011	1633
PB1|PP755595.1|A/cattle/Texas/24-008749-003/2024(H5N1)	1012	1633
PB1|PP755595.1|A/cattle/Texas/24-008749-003/2024(H5N1)	1013	1633
PB1|PP755595.1|A/cattle/Texas/24-008749-003/2024(H5N1)	1014	1629
PB1|PP755595.1|A/cattle/Texas/24-008749-003/2024(H5N1)	1015	1630
PB1|PP755595.1|A/cattle/Texas/24-008749-003/2024(H5N1)	1016	1627
PB1|PP755595.1|A/cattle/Texas/24-008749-003/2024(H5N1)	1017	1617
PB1|PP755595.1|A/cattle/Texas/24-008749-003/2024(H5N1)	1018	1617
PB1|PP755595.1|A/cattle/Texas/24-008749-003/2024(H5N1)	1019	1617
PB1|PP755595.1|A/cattle/Texas/24-008749-003/2024(H5N1)	1020	1593
PB1|PP755595.1|A/cattle/Texas/24-008749-003/2024(H5N1)	1021	1689
PB1|PP755595.1|A/cattle/Texas/24-008749-003/2024(H5N1)	1022	1671
PB1|PP755595.1|A/cattle/Texas/24-008749-003/2024(H5N1)	1023	1676
PB1|PP755595.1|A/cattle/Texas/24-008749-003/2024(H5N1)	1024	1686
PB1|PP755595.1|A/cattle/Texas/24-008749-003/2024(H5N1)	1025	1687
PB1|PP755595.1|A/cattle/Texas/24-008749-003/2024(H5N1)	1026	1678
PB1|PP755595.1|A/cattle/Texas/24-008749-003/2024(H5N1)	1027	1670
PB1|PP755595.1|A/cattle/Texas/24-008749-003/2024(H5N1)	1028	1630
PB1|PP755595.1|A/cattle/Texas/24-008749-003/2024(H5N1)	1029	1620
PB1|PP755595.1|A/cattle/Texas/24-008749-003/2024(H5N1)	1030	1565
PB1|PP755595.1|A/cattle/Texas/24-008749-003/2024(H5N1)	1031	1495
PB1|PP755595.1|A/cattle/Texas/24-008749-003/2024(H5N1)	1032	1489
PB1|PP755595.1|A/cattle/Texas/24-008749-003/2024(H5N1)	1033	1470
PB1|PP755595.1|A/cattle/Texas/24-008749-003/2024(H5N1)	1034	1369
PB1|PP755595.1|A/cattle/Texas/24-008749-003/2024(H5N1)	1035	1359
PB1|PP755595.1|A/cattle/Texas/24-008749-003/2024(H5N1)	1036	1379
PB1|PP755595.1|A/cattle/Texas/24-008749-003/2024(H5N1)	1037	1367
PB1|PP755595.1|A/cattle/Texas/24-008749-003/2024(H5N1)	1038	1366
PB1|PP755595.1|A/cattle/Texas/24-008749-003/2024(H5N1)	1039	1365
PB1|PP755595.1|A/cattle/Texas/24-008749-003/2024(H5N1)	1040	1334
PB1|PP755595.1|A/cattle/Texas/24-008749-003/2024(H5N1)	1041	1334
PB1|PP755595.1|A/cattle/Texas/24-008749-003/2024(H5N1)	1042	1322
PB1|PP755595.1|A/cattle/Texas/24-008749-003/2024(H5N1)	1043	1320
PB1|PP755595.1|A/cattle/Texas/24-008749-003/2024(H5N1)	1044	1317
PB1|PP755595.1|A/cattle/Texas/24-008749-003/2024(H5N1)	1045	1289
PB1|PP755595.1|A/cattle/Texas/24-008749-003/2024(H5N1)	1046	1263
PB1|PP755595.1|A/cattle/Texas/24-008749-003/2024(H5N1)	1047	1103
PB1|PP755595.1|A/cattle/Texas/24-008749-003/2024(H5N1)	1048	1101
PB1|PP755595.1|A/cattle/Texas/24-008749-003/2024(H5N1)	1049	1101
PB1|PP755595.1|A/cattle/Texas/24-008749-003/2024(H5N1)	1050	1097
PB1|PP755595.1|A/cattle/Texas/24-008749-003/2024(H5N1)	1051	1093
PB1|PP755595.1|A/cattle/Texas/24-008749-003/2024(H5N1)	1052	1093
PB1|PP755595.1|A/cattle/Texas/24-008749-003/2024(H5N1)	1053	1083
PB1|PP755595.1|A/cattle/Texas/24-008749-003/2024(H5N1)	1054	1083
PB1|PP755595.1|A/cattle/Texas/24-008749-003/2024(H5N1)	1055	1083
PB1|PP755595.1|A/cattle/Texas/24-008749-003/2024(H5N1)	1056	1083
PB1|PP755595.1|A/cattle/Texas/24-008749-003/2024(H5N1)	1057	1231
PB1|PP755595.1|A/cattle/Texas/24-008749-003/2024(H5N1)	1058	1231
PB1|PP755595.1|A/cattle/Texas/24-008749-003/2024(H5N1)	1059	1231
PB1|PP755595.1|A/cattle/Texas/24-008749-003/2024(H5N1)	1060	1231
PB1|PP755595.1|A/cattle/Texas/24-008749-003/2024(H5N1)	1061	1232
PB1|PP755595.1|A/cattle/Texas/24-008749-003/2024(H5N1)	1062	1232
PB1|PP755595.1|A/cattle/Texas/24-008749-003/2024(H5N1)	1063	1368
PB1|PP755595.1|A/cattle/Texas/24-008749-003/2024(H5N1)	1064	1374
PB1|PP755595.1|A/cattle/Texas/24-008749-003/2024(H5N1)	1065	1374
PB1|PP755595.1|A/cattle/Texas/24-008749-003/2024(H5N1)	1066	1379
PB1|PP755595.1|A/cattle/Texas/24-008749-003/2024(H5N1)	1067	1379
PB1|PP755595.1|A/cattle/Texas/24-008749-003/2024(H5N1)	1068	1368
PB1|PP755595.1|A/cattle/Texas/24-008749-003/2024(H5N1)	1069	1287
PB1|PP755595.1|A/cattle/Texas/24-008749-003/2024(H5N1)	1070	1282
PB1|PP755595.1|A/cattle/Texas/24-008749-003/2024(H5N1)	1071	1261
PB1|PP755595.1|A/cattle/Texas/24-008749-003/2024(H5N1)	1072	1323
PB1|PP755595.1|A/cattle/Texas/24-008749-003/2024(H5N1)	1073	1328
PB1|PP755595.1|A/cattle/Texas/24-008749-003/2024(H5N1)	1074	1320
PB1|PP755595.1|A/cattle/Texas/24-008749-003/2024(H5N1)	1075	1319
PB1|PP755595.1|A/cattle/Texas/24-008749-003/2024(H5N1)	1076	1317
PB1|PP755595.1|A/cattle/Texas/24-008749-003/2024(H5N1)	1077	1278
PB1|PP755595.1|A/cattle/Texas/24-008749-003/2024(H5N1)	1078	1271
PB1|PP755595.1|A/cattle/Texas/24-008749-003/2024(H5N1)	1079	1283
PB1|PP755595.1|A/cattle/Texas/24-008749-003/2024(H5N1)	1080	1293
PB1|PP755595.1|A/cattle/Texas/24-008749-003/2024(H5N1)	1081	1296
PB1|PP755595.1|A/cattle/Texas/24-008749-003/2024(H5N1)	1082	1304
PB1|PP755595.1|A/cattle/Texas/24-008749-003/2024(H5N1)	1083	1277
PB1|PP755595.1|A/cattle/Texas/24-008749-003/2024(H5N1)	1084	1273
PB1|PP755595.1|A/cattle/Texas/24-008749-003/2024(H5N1)	1085	1264
PB1|PP755595.1|A/cattle/Texas/24-008749-003/2024(H5N1)	1086	1259
PB1|PP755595.1|A/cattle/Texas/24-008749-003/2024(H5N1)	1087	1255
PB1|PP755595.1|A/cattle/Texas/24-008749-003/2024(H5N1)	1088	1255
PB1|PP755595.1|A/cattle/Texas/24-008749-003/2024(H5N1)	1089	1255
PB1|PP755595.1|A/cattle/Texas/24-008749-003/2024(H5N1)	1090	1181
PB1|PP755595.1|A/cattle/Texas/24-008749-003/2024(H5N1)	1091	1170
PB1|PP755595.1|A/cattle/Texas/24-008749-003/2024(H5N1)	1092	1158
PB1|PP755595.1|A/cattle/Texas/24-008749-003/2024(H5N1)	1093	1177
PB1|PP755595.1|A/cattle/Texas/24-008749-003/2024(H5N1)	1094	1178
PB1|PP755595.1|A/cattle/Texas/24-008749-003/2024(H5N1)	1095	1184
PB1|PP755595.1|A/cattle/Texas/24-008749-003/2024(H5N1)	1096	1303
PB1|PP755595.1|A/cattle/Texas/24-008749-003/2024(H5N1)	1097	1358
PB1|PP755595.1|A/cattle/Texas/24-008749-003/2024(H5N1)	1098	1378
PB1|PP755595.1|A/cattle/Texas/24-008749-003/2024(H5N1)	1099	1385
PB1|PP755595.1|A/cattle/Texas/24-008749-003/2024(H5N1)	1100	1423
PB1|PP755595.1|A/cattle/Texas/24-008749-003/2024(H5N1)	1101	1428
PB1|PP755595.1|A/cattle/Texas/24-008749-003/2024(H5N1)	1102	1418
PB1|PP755595.1|A/cattle/Texas/24-008749-003/2024(H5N1)	1103	1445
PB1|PP755595.1|A/cattle/Texas/24-008749-003/2024(H5N1)	1104	1440
PB1|PP755595.1|A/cattle/Texas/24-008749-003/2024(H5N1)	1105	1440
PB1|PP755595.1|A/cattle/Texas/24-008749-003/2024(H5N1)	1106	1411
PB1|PP755595.1|A/cattle/Texas/24-008749-003/2024(H5N1)	1107	1394
PB1|PP755595.1|A/cattle/Texas/24-008749-003/2024(H5N1)	1108	1410
PB1|PP755595.1|A/cattle/Texas/24-008749-003/2024(H5N1)	1109	1415
PB1|PP755595.1|A/cattle/Texas/24-008749-003/2024(H5N1)	1110	1415
PB1|PP755595.1|A/cattle/Texas/24-008749-003/2024(H5N1)	1111	1415
PB1|PP755595.1|A/cattle/Texas/24-008749-003/2024(H5N1)	1112	1415
PB1|PP755595.1|A/cattle/Texas/24-008749-003/2024(H5N1)	1113	1390
PB1|PP755595.1|A/cattle/Texas/24-008749-003/2024(H5N1)	1114	1374
PB1|PP755595.1|A/cattle/Texas/24-008749-003/2024(H5N1)	1115	1359
PB1|PP755595.1|A/cattle/Texas/24-008749-003/2024(H5N1)	1116	1355
PB1|PP755595.1|A/cattle/Texas/24-008749-003/2024(H5N1)	1117	1339
PB1|PP755595.1|A/cattle/Texas/24-008749-003/2024(H5N1)	1118	1335
PB1|PP755595.1|A/cattle/Texas/24-008749-003/2024(H5N1)	1119	1017
PB1|PP755595.1|A/cattle/Texas/24-008749-003/2024(H5N1)	1120	1017
PB1|PP755595.1|A/cattle/Texas/24-008749-003/2024(H5N1)	1121	1017
PB1|PP755595.1|A/cattle/Texas/24-008749-003/2024(H5N1)	1122	1017
PB1|PP755595.1|A/cattle/Texas/24-008749-003/2024(H5N1)	1123	1017
PB1|PP755595.1|A/cattle/Texas/24-008749-003/2024(H5N1)	1124	1017
PB1|PP755595.1|A/cattle/Texas/24-008749-003/2024(H5N1)	1125	1017
PB1|PP755595.1|A/cattle/Texas/24-008749-003/2024(H5N1)	1126	1017
PB1|PP755595.1|A/cattle/Texas/24-008749-003/2024(H5N1)	1127	1017
PB1|PP755595.1|A/cattle/Texas/24-008749-003/2024(H5N1)	1128	1017
PB1|PP755595.1|A/cattle/Texas/24-008749-003/2024(H5N1)	1129	1017
PB1|PP755595.1|A/cattle/Texas/24-008749-003/2024(H5N1)	1130	1017
PB1|PP755595.1|A/cattle/Texas/24-008749-003/2024(H5N1)	1131	1015
PB1|PP755595.1|A/cattle/Texas/24-008749-003/2024(H5N1)	1132	1017
PB1|PP755595.1|A/cattle/Texas/24-008749-003/2024(H5N1)	1133	1018
PB1|PP755595.1|A/cattle/Texas/24-008749-003/2024(H5N1)	1134	1019
PB1|PP755595.1|A/cattle/Texas/24-008749-003/2024(H5N1)	1135	1506
PB1|PP755595.1|A/cattle/Texas/24-008749-003/2024(H5N1)	1136	1508
PB1|PP755595.1|A/cattle/Texas/24-008749-003/2024(H5N1)	1137	1513
PB1|PP755595.1|A/cattle/Texas/24-008749-003/2024(H5N1)	1138	1520
PB1|PP755595.1|A/cattle/Texas/24-008749-003/2024(H5N1)	1139	1529
PB1|PP755595.1|A/cattle/Texas/24-008749-003/2024(H5N1)	1140	1533
PB1|PP755595.1|A/cattle/Texas/24-008749-003/2024(H5N1)	1141	1534
PB1|PP755595.1|A/cattle/Texas/24-008749-003/2024(H5N1)	1142	1537
PB1|PP755595.1|A/cattle/Texas/24-008749-003/2024(H5N1)	1143	1549
PB1|PP755595.1|A/cattle/Texas/24-008749-003/2024(H5N1)	1144	1550
PB1|PP755595.1|A/cattle/Texas/24-008749-003/2024(H5N1)	1145	1555
PB1|PP755595.1|A/cattle/Texas/24-008749-003/2024(H5N1)	1146	1557
PB1|PP755595.1|A/cattle/Texas/24-008749-003/2024(H5N1)	1147	1561
PB1|PP755595.1|A/cattle/Texas/24-008749-003/2024(H5N1)	1148	1564
PB1|PP755595.1|A/cattle/Texas/24-008749-003/2024(H5N1)	1149	1569
PB1|PP755595.1|A/cattle/Texas/24-008749-003/2024(H5N1)	1150	1570
PB1|PP755595.1|A/cattle/Texas/24-008749-003/2024(H5N1)	1151	1595
PB1|PP755595.1|A/cattle/Texas/24-008749-003/2024(H5N1)	1152	1600
PB1|PP755595.1|A/cattle/Texas/24-008749-003/2024(H5N1)	1153	1606
PB1|PP755595.1|A/cattle/Texas/24-008749-003/2024(H5N1)	1154	1610
PB1|PP755595.1|A/cattle/Texas/24-008749-003/2024(H5N1)	1155	1610
PB1|PP755595.1|A/cattle/Texas/24-008749-003/2024(H5N1)	1156	1606
PB1|PP755595.1|A/cattle/Texas/24-008749-003/2024(H5N1)	1157	1571
PB1|PP755595.1|A/cattle/Texas/24-008749-003/2024(H5N1)	1158	1622
PB1|PP755595.1|A/cattle/Texas/24-008749-003/2024(H5N1)	1159	1626
PB1|PP755595.1|A/cattle/Texas/24-008749-003/2024(H5N1)	1160	1627
PB1|PP755595.1|A/cattle/Texas/24-008749-003/2024(H5N1)	1161	1627
PB1|PP755595.1|A/cattle/Texas/24-008749-003/2024(H5N1)	1162	1633
PB1|PP755595.1|A/cattle/Texas/24-008749-003/2024(H5N1)	1163	1635
PB1|PP755595.1|A/cattle/Texas/24-008749-003/2024(H5N1)	1164	1590
PB1|PP755595.1|A/cattle/Texas/24-008749-003/2024(H5N1)	1165	1589
PB1|PP755595.1|A/cattle/Texas/24-008749-003/2024(H5N1)	1166	1587
PB1|PP755595.1|A/cattle/Texas/24-008749-003/2024(H5N1)	1167	1381
PB1|PP755595.1|A/cattle/Texas/24-008749-003/2024(H5N1)	1168	1380
PB1|PP755595.1|A/cattle/Texas/24-008749-003/2024(H5N1)	1169	1381
PB1|PP755595.1|A/cattle/Texas/24-008749-003/2024(H5N1)	1170	1381
PB1|PP755595.1|A/cattle/Texas/24-008749-003/2024(H5N1)	1171	1392
PB1|PP755595.1|A/cattle/Texas/24-008749-003/2024(H5N1)	1172	1407
PB1|PP755595.1|A/cattle/Texas/24-008749-003/2024(H5N1)	1173	1419
PB1|PP755595.1|A/cattle/Texas/24-008749-003/2024(H5N1)	1174	1481
PB1|PP755595.1|A/cattle/Texas/24-008749-003/2024(H5N1)	1175	1481
PB1|PP755595.1|A/cattle/Texas/24-008749-003/2024(H5N1)	1176	1485
PB1|PP755595.1|A/cattle/Texas/24-008749-003/2024(H5N1)	1177	1485
PB1|PP755595.1|A/cattle/Texas/24-008749-003/2024(H5N1)	1178	1503
PB1|PP755595.1|A/cattle/Texas/24-008749-003/2024(H5N1)	1179	1513
PB1|PP755595.1|A/cattle/Texas/24-008749-003/2024(H5N1)	1180	1578
PB1|PP755595.1|A/cattle/Texas/24-008749-003/2024(H5N1)	1181	1587
PB1|PP755595.1|A/cattle/Texas/24-008749-003/2024(H5N1)	1182	1592
PB1|PP755595.1|A/cattle/Texas/24-008749-003/2024(H5N1)	1183	1673
PB1|PP755595.1|A/cattle/Texas/24-008749-003/2024(H5N1)	1184	1681
PB1|PP755595.1|A/cattle/Texas/24-008749-003/2024(H5N1)	1185	1712
PB1|PP755595.1|A/cattle/Texas/24-008749-003/2024(H5N1)	1186	1743
PB1|PP755595.1|A/cattle/Texas/24-008749-003/2024(H5N1)	1187	1746
PB1|PP755595.1|A/cattle/Texas/24-008749-003/2024(H5N1)	1188	1758
PB1|PP755595.1|A/cattle/Texas/24-008749-003/2024(H5N1)	1189	1767
PB1|PP755595.1|A/cattle/Texas/24-008749-003/2024(H5N1)	1190	1769
PB1|PP755595.1|A/cattle/Texas/24-008749-003/2024(H5N1)	1191	1797
PB1|PP755595.1|A/cattle/Texas/24-008749-003/2024(H5N1)	1192	1797
PB1|PP755595.1|A/cattle/Texas/24-008749-003/2024(H5N1)	1193	1755
PB1|PP755595.1|A/cattle/Texas/24-008749-003/2024(H5N1)	1194	1750
PB1|PP755595.1|A/cattle/Texas/24-008749-003/2024(H5N1)	1195	1750
PB1|PP755595.1|A/cattle/Texas/24-008749-003/2024(H5N1)	1196	1750
PB1|PP755595.1|A/cattle/Texas/24-008749-003/2024(H5N1)	1197	1666
PB1|PP755595.1|A/cattle/Texas/24-008749-003/2024(H5N1)	1198	1666
PB1|PP755595.1|A/cattle/Texas/24-008749-003/2024(H5N1)	1199	1672
PB1|PP755595.1|A/cattle/Texas/24-008749-003/2024(H5N1)	1200	1672
PB1|PP755595.1|A/cattle/Texas/24-008749-003/2024(H5N1)	1201	1789
PB1|PP755595.1|A/cattle/Texas/24-008749-003/2024(H5N1)	1202	1797
PB1|PP755595.1|A/cattle/Texas/24-008749-003/2024(H5N1)	1203	1812
PB1|PP755595.1|A/cattle/Texas/24-008749-003/2024(H5N1)	1204	1814
PB1|PP755595.1|A/cattle/Texas/24-008749-003/2024(H5N1)	1205	1857
PB1|PP755595.1|A/cattle/Texas/24-008749-003/2024(H5N1)	1206	1873
PB1|PP755595.1|A/cattle/Texas/24-008749-003/2024(H5N1)	1207	1880
PB1|PP755595.1|A/cattle/Texas/24-008749-003/2024(H5N1)	1208	1880
PB1|PP755595.1|A/cattle/Texas/24-008749-003/2024(H5N1)	1209	1729
PB1|PP755595.1|A/cattle/Texas/24-008749-003/2024(H5N1)	1210	1728
PB1|PP755595.1|A/cattle/Texas/24-008749-003/2024(H5N1)	1211	1815
PB1|PP755595.1|A/cattle/Texas/24-008749-003/2024(H5N1)	1212	1832
PB1|PP755595.1|A/cattle/Texas/24-008749-003/2024(H5N1)	1213	1848
PB1|PP755595.1|A/cattle/Texas/24-008749-003/2024(H5N1)	1214	1853
PB1|PP755595.1|A/cattle/Texas/24-008749-003/2024(H5N1)	1215	1855
PB1|PP755595.1|A/cattle/Texas/24-008749-003/2024(H5N1)	1216	1871
PB1|PP755595.1|A/cattle/Texas/24-008749-003/2024(H5N1)	1217	1885
PB1|PP755595.1|A/cattle/Texas/24-008749-003/2024(H5N1)	1218	1887
PB1|PP755595.1|A/cattle/Texas/24-008749-003/2024(H5N1)	1219	1891
PB1|PP755595.1|A/cattle/Texas/24-008749-003/2024(H5N1)	1220	1872
PB1|PP755595.1|A/cattle/Texas/24-008749-003/2024(H5N1)	1221	1878
PB1|PP755595.1|A/cattle/Texas/24-008749-003/2024(H5N1)	1222	1898
PB1|PP755595.1|A/cattle/Texas/24-008749-003/2024(H5N1)	1223	1899
PB1|PP755595.1|A/cattle/Texas/24-008749-003/2024(H5N1)	1224	1900
PB1|PP755595.1|A/cattle/Texas/24-008749-003/2024(H5N1)	1225	1901
PB1|PP755595.1|A/cattle/Texas/24-008749-003/2024(H5N1)	1226	1898
PB1|PP755595.1|A/cattle/Texas/24-008749-003/2024(H5N1)	1227	1896
PB1|PP755595.1|A/cattle/Texas/24-008749-003/2024(H5N1)	1228	1918
PB1|PP755595.1|A/cattle/Texas/24-008749-003/2024(H5N1)	1229	1921
PB1|PP755595.1|A/cattle/Texas/24-008749-003/2024(H5N1)	1230	1912
PB1|PP755595.1|A/cattle/Texas/24-008749-003/2024(H5N1)	1231	1916
PB1|PP755595.1|A/cattle/Texas/24-008749-003/2024(H5N1)	1232	1919
PB1|PP755595.1|A/cattle/Texas/24-008749-003/2024(H5N1)	1233	1953
PB1|PP755595.1|A/cattle/Texas/24-008749-003/2024(H5N1)	1234	1966
PB1|PP755595.1|A/cattle/Texas/24-008749-003/2024(H5N1)	1235	1995
PB1|PP755595.1|A/cattle/Texas/24-008749-003/2024(H5N1)	1236	1996
PB1|PP755595.1|A/cattle/Texas/24-008749-003/2024(H5N1)	1237	1978
PB1|PP755595.1|A/cattle/Texas/24-008749-003/2024(H5N1)	1238	1962
PB1|PP755595.1|A/cattle/Texas/24-008749-003/2024(H5N1)	1239	1956
PB1|PP755595.1|A/cattle/Texas/24-008749-003/2024(H5N1)	1240	1963
PB1|PP755595.1|A/cattle/Texas/24-008749-003/2024(H5N1)	1241	1961
PB1|PP755595.1|A/cattle/Texas/24-008749-003/2024(H5N1)	1242	1974
PB1|PP755595.1|A/cattle/Texas/24-008749-003/2024(H5N1)	1243	2006
PB1|PP755595.1|A/cattle/Texas/24-008749-003/2024(H5N1)	1244	1986
PB1|PP755595.1|A/cattle/Texas/24-008749-003/2024(H5N1)	1245	2010
PB1|PP755595.1|A/cattle/Texas/24-008749-003/2024(H5N1)	1246	2027
PB1|PP755595.1|A/cattle/Texas/24-008749-003/2024(H5N1)	1247	2119
PB1|PP755595.1|A/cattle/Texas/24-008749-003/2024(H5N1)	1248	2064
PB1|PP755595.1|A/cattle/Texas/24-008749-003/2024(H5N1)	1249	2042
PB1|PP755595.1|A/cattle/Texas/24-008749-003/2024(H5N1)	1250	2034
PB1|PP755595.1|A/cattle/Texas/24-008749-003/2024(H5N1)	1251	1993
PB1|PP755595.1|A/cattle/Texas/24-008749-003/2024(H5N1)	1252	1987
PB1|PP755595.1|A/cattle/Texas/24-008749-003/2024(H5N1)	1253	1981
PB1|PP755595.1|A/cattle/Texas/24-008749-003/2024(H5N1)	1254	1553
PB1|PP755595.1|A/cattle/Texas/24-008749-003/2024(H5N1)	1255	1550
PB1|PP755595.1|A/cattle/Texas/24-008749-003/2024(H5N1)	1256	1599
PB1|PP755595.1|A/cattle/Texas/24-008749-003/2024(H5N1)	1257	1599
PB1|PP755595.1|A/cattle/Texas/24-008749-003/2024(H5N1)	1258	1928
PB1|PP755595.1|A/cattle/Texas/24-008749-003/2024(H5N1)	1259	1943
PB1|PP755595.1|A/cattle/Texas/24-008749-003/2024(H5N1)	1260	1943
PB1|PP755595.1|A/cattle/Texas/24-008749-003/2024(H5N1)	1261	1945
PB1|PP755595.1|A/cattle/Texas/24-008749-003/2024(H5N1)	1262	1955
PB1|PP755595.1|A/cattle/Texas/24-008749-003/2024(H5N1)	1263	1955
PB1|PP755595.1|A/cattle/Texas/24-008749-003/2024(H5N1)	1264	1986
PB1|PP755595.1|A/cattle/Texas/24-008749-003/2024(H5N1)	1265	1981
PB1|PP755595.1|A/cattle/Texas/24-008749-003/2024(H5N1)	1266	1979
PB1|PP755595.1|A/cattle/Texas/24-008749-003/2024(H5N1)	1267	1984
PB1|PP755595.1|A/cattle/Texas/24-008749-003/2024(H5N1)	1268	1993
PB1|PP755595.1|A/cattle/Texas/24-008749-003/2024(H5N1)	1269	2010
PB1|PP755595.1|A/cattle/Texas/24-008749-003/2024(H5N1)	1270	2024
PB1|PP755595.1|A/cattle/Texas/24-008749-003/2024(H5N1)	1271	2025
PB1|PP755595.1|A/cattle/Texas/24-008749-003/2024(H5N1)	1272	2030
PB1|PP755595.1|A/cattle/Texas/24-008749-003/2024(H5N1)	1273	2033
PB1|PP755595.1|A/cattle/Texas/24-008749-003/2024(H5N1)	1274	2061
PB1|PP755595.1|A/cattle/Texas/24-008749-003/2024(H5N1)	1275	2064
PB1|PP755595.1|A/cattle/Texas/24-008749-003/2024(H5N1)	1276	2013
PB1|PP755595.1|A/cattle/Texas/24-008749-003/2024(H5N1)	1277	2005
PB1|PP755595.1|A/cattle/Texas/24-008749-003/2024(H5N1)	1278	1998
PB1|PP755595.1|A/cattle/Texas/24-008749-003/2024(H5N1)	1279	2010
PB1|PP755595.1|A/cattle/Texas/24-008749-003/2024(H5N1)	1280	2063
PB1|PP755595.1|A/cattle/Texas/24-008749-003/2024(H5N1)	1281	2051
PB1|PP755595.1|A/cattle/Texas/24-008749-003/2024(H5N1)	1282	2054
PB1|PP755595.1|A/cattle/Texas/24-008749-003/2024(H5N1)	1283	2053
PB1|PP755595.1|A/cattle/Texas/24-008749-003/2024(H5N1)	1284	2056
PB1|PP755595.1|A/cattle/Texas/24-008749-003/2024(H5N1)	1285	2057
PB1|PP755595.1|A/cattle/Texas/24-008749-003/2024(H5N1)	1286	2048
PB1|PP755595.1|A/cattle/Texas/24-008749-003/2024(H5N1)	1287	2065
PB1|PP755595.1|A/cattle/Texas/24-008749-003/2024(H5N1)	1288	2065
PB1|PP755595.1|A/cattle/Texas/24-008749-003/2024(H5N1)	1289	2055
PB1|PP755595.1|A/cattle/Texas/24-008749-003/2024(H5N1)	1290	2051
PB1|PP755595.1|A/cattle/Texas/24-008749-003/2024(H5N1)	1291	2055
PB1|PP755595.1|A/cattle/Texas/24-008749-003/2024(H5N1)	1292	2058
PB1|PP755595.1|A/cattle/Texas/24-008749-003/2024(H5N1)	1293	2067
PB1|PP755595.1|A/cattle/Texas/24-008749-003/2024(H5N1)	1294	2064
PB1|PP755595.1|A/cattle/Texas/24-008749-003/2024(H5N1)	1295	2077
PB1|PP755595.1|A/cattle/Texas/24-008749-003/2024(H5N1)	1296	2069
PB1|PP755595.1|A/cattle/Texas/24-008749-003/2024(H5N1)	1297	2065
PB1|PP755595.1|A/cattle/Texas/24-008749-003/2024(H5N1)	1298	2063
PB1|PP755595.1|A/cattle/Texas/24-008749-003/2024(H5N1)	1299	2061
PB1|PP755595.1|A/cattle/Texas/24-008749-003/2024(H5N1)	1300	2124
PB1|PP755595.1|A/cattle/Texas/24-008749-003/2024(H5N1)	1301	2166
PB1|PP755595.1|A/cattle/Texas/24-008749-003/2024(H5N1)	1302	2140
PB1|PP755595.1|A/cattle/Texas/24-008749-003/2024(H5N1)	1303	2149
PB1|PP755595.1|A/cattle/Texas/24-008749-003/2024(H5N1)	1304	2144
PB1|PP755595.1|A/cattle/Texas/24-008749-003/2024(H5N1)	1305	2157
PB1|PP755595.1|A/cattle/Texas/24-008749-003/2024(H5N1)	1306	2183
PB1|PP755595.1|A/cattle/Texas/24-008749-003/2024(H5N1)	1307	2187
PB1|PP755595.1|A/cattle/Texas/24-008749-003/2024(H5N1)	1308	2215
PB1|PP755595.1|A/cattle/Texas/24-008749-003/2024(H5N1)	1309	2130
PB1|PP755595.1|A/cattle/Texas/24-008749-003/2024(H5N1)	1310	2145
PB1|PP755595.1|A/cattle/Texas/24-008749-003/2024(H5N1)	1311	2159
PB1|PP755595.1|A/cattle/Texas/24-008749-003/2024(H5N1)	1312	2158
PB1|PP755595.1|A/cattle/Texas/24-008749-003/2024(H5N1)	1313	2181
PB1|PP755595.1|A/cattle/Texas/24-008749-003/2024(H5N1)	1314	2186
PB1|PP755595.1|A/cattle/Texas/24-008749-003/2024(H5N1)	1315	2192
PB1|PP755595.1|A/cattle/Texas/24-008749-003/2024(H5N1)	1316	2223
PB1|PP755595.1|A/cattle/Texas/24-008749-003/2024(H5N1)	1317	2185
PB1|PP755595.1|A/cattle/Texas/24-008749-003/2024(H5N1)	1318	2187
PB1|PP755595.1|A/cattle/Texas/24-008749-003/2024(H5N1)	1319	2181
PB1|PP755595.1|A/cattle/Texas/24-008749-003/2024(H5N1)	1320	2183
PB1|PP755595.1|A/cattle/Texas/24-008749-003/2024(H5N1)	1321	2251
PB1|PP755595.1|A/cattle/Texas/24-008749-003/2024(H5N1)	1322	2238
PB1|PP755595.1|A/cattle/Texas/24-008749-003/2024(H5N1)	1323	2210
PB1|PP755595.1|A/cattle/Texas/24-008749-003/2024(H5N1)	1324	2213
PB1|PP755595.1|A/cattle/Texas/24-008749-003/2024(H5N1)	1325	2210
PB1|PP755595.1|A/cattle/Texas/24-008749-003/2024(H5N1)	1326	2221
PB1|PP755595.1|A/cattle/Texas/24-008749-003/2024(H5N1)	1327	2217
PB1|PP755595.1|A/cattle/Texas/24-008749-003/2024(H5N1)	1328	2196
PB1|PP755595.1|A/cattle/Texas/24-008749-003/2024(H5N1)	1329	2179
PB1|PP755595.1|A/cattle/Texas/24-008749-003/2024(H5N1)	1330	2118
PB1|PP755595.1|A/cattle/Texas/24-008749-003/2024(H5N1)	1331	2041
PB1|PP755595.1|A/cattle/Texas/24-008749-003/2024(H5N1)	1332	2031
PB1|PP755595.1|A/cattle/Texas/24-008749-003/2024(H5N1)	1333	2031
PB1|PP755595.1|A/cattle/Texas/24-008749-003/2024(H5N1)	1334	2031
PB1|PP755595.1|A/cattle/Texas/24-008749-003/2024(H5N1)	1335	2025
PB1|PP755595.1|A/cattle/Texas/24-008749-003/2024(H5N1)	1336	2000
PB1|PP755595.1|A/cattle/Texas/24-008749-003/2024(H5N1)	1337	1969
PB1|PP755595.1|A/cattle/Texas/24-008749-003/2024(H5N1)	1338	1631
PB1|PP755595.1|A/cattle/Texas/24-008749-003/2024(H5N1)	1339	1615
PB1|PP755595.1|A/cattle/Texas/24-008749-003/2024(H5N1)	1340	1607
PB1|PP755595.1|A/cattle/Texas/24-008749-003/2024(H5N1)	1341	1585
PB1|PP755595.1|A/cattle/Texas/24-008749-003/2024(H5N1)	1342	1585
PB1|PP755595.1|A/cattle/Texas/24-008749-003/2024(H5N1)	1343	1585
PB1|PP755595.1|A/cattle/Texas/24-008749-003/2024(H5N1)	1344	1585
PB1|PP755595.1|A/cattle/Texas/24-008749-003/2024(H5N1)	1345	1601
PB1|PP755595.1|A/cattle/Texas/24-008749-003/2024(H5N1)	1346	1601
PB1|PP755595.1|A/cattle/Texas/24-008749-003/2024(H5N1)	1347	1642
PB1|PP755595.1|A/cattle/Texas/24-008749-003/2024(H5N1)	1348	1642
PB1|PP755595.1|A/cattle/Texas/24-008749-003/2024(H5N1)	1349	1643
PB1|PP755595.1|A/cattle/Texas/24-008749-003/2024(H5N1)	1350	1638
PB1|PP755595.1|A/cattle/Texas/24-008749-003/2024(H5N1)	1351	1660
PB1|PP755595.1|A/cattle/Texas/24-008749-003/2024(H5N1)	1352	1698
PB1|PP755595.1|A/cattle/Texas/24-008749-003/2024(H5N1)	1353	1698
PB1|PP755595.1|A/cattle/Texas/24-008749-003/2024(H5N1)	1354	1704
PB1|PP755595.1|A/cattle/Texas/24-008749-003/2024(H5N1)	1355	1705
PB1|PP755595.1|A/cattle/Texas/24-008749-003/2024(H5N1)	1356	1706
PB1|PP755595.1|A/cattle/Texas/24-008749-003/2024(H5N1)	1357	1710
PB1|PP755595.1|A/cattle/Texas/24-008749-003/2024(H5N1)	1358	1710
PB1|PP755595.1|A/cattle/Texas/24-008749-003/2024(H5N1)	1359	1707
PB1|PP755595.1|A/cattle/Texas/24-008749-003/2024(H5N1)	1360	1708
PB1|PP755595.1|A/cattle/Texas/24-008749-003/2024(H5N1)	1361	1708
PB1|PP755595.1|A/cattle/Texas/24-008749-003/2024(H5N1)	1362	1708
PB1|PP755595.1|A/cattle/Texas/24-008749-003/2024(H5N1)	1363	1859
PB1|PP755595.1|A/cattle/Texas/24-008749-003/2024(H5N1)	1364	1862
PB1|PP755595.1|A/cattle/Texas/24-008749-003/2024(H5N1)	1365	1876
PB1|PP755595.1|A/cattle/Texas/24-008749-003/2024(H5N1)	1366	1882
PB1|PP755595.1|A/cattle/Texas/24-008749-003/2024(H5N1)	1367	1882
PB1|PP755595.1|A/cattle/Texas/24-008749-003/2024(H5N1)	1368	1888
PB1|PP755595.1|A/cattle/Texas/24-008749-003/2024(H5N1)	1369	1890
PB1|PP755595.1|A/cattle/Texas/24-008749-003/2024(H5N1)	1370	1898
PB1|PP755595.1|A/cattle/Texas/24-008749-003/2024(H5N1)	1371	1905
PB1|PP755595.1|A/cattle/Texas/24-008749-003/2024(H5N1)	1372	1983
PB1|PP755595.1|A/cattle/Texas/24-008749-003/2024(H5N1)	1373	2013
PB1|PP755595.1|A/cattle/Texas/24-008749-003/2024(H5N1)	1374	2006
PB1|PP755595.1|A/cattle/Texas/24-008749-003/2024(H5N1)	1375	2125
PB1|PP755595.1|A/cattle/Texas/24-008749-003/2024(H5N1)	1376	2125
PB1|PP755595.1|A/cattle/Texas/24-008749-003/2024(H5N1)	1377	2130
PB1|PP755595.1|A/cattle/Texas/24-008749-003/2024(H5N1)	1378	2106
PB1|PP755595.1|A/cattle/Texas/24-008749-003/2024(H5N1)	1379	2170
PB1|PP755595.1|A/cattle/Texas/24-008749-003/2024(H5N1)	1380	2167
PB1|PP755595.1|A/cattle/Texas/24-008749-003/2024(H5N1)	1381	2167
PB1|PP755595.1|A/cattle/Texas/24-008749-003/2024(H5N1)	1382	2199
PB1|PP755595.1|A/cattle/Texas/24-008749-003/2024(H5N1)	1383	2186
PB1|PP755595.1|A/cattle/Texas/24-008749-003/2024(H5N1)	1384	2209
PB1|PP755595.1|A/cattle/Texas/24-008749-003/2024(H5N1)	1385	2219
PB1|PP755595.1|A/cattle/Texas/24-008749-003/2024(H5N1)	1386	2184
PB1|PP755595.1|A/cattle/Texas/24-008749-003/2024(H5N1)	1387	2178
PB1|PP755595.1|A/cattle/Texas/24-008749-003/2024(H5N1)	1388	2160
PB1|PP755595.1|A/cattle/Texas/24-008749-003/2024(H5N1)	1389	1870
PB1|PP755595.1|A/cattle/Texas/24-008749-003/2024(H5N1)	1390	1884
PB1|PP755595.1|A/cattle/Texas/24-008749-003/2024(H5N1)	1391	1866
PB1|PP755595.1|A/cattle/Texas/24-008749-003/2024(H5N1)	1392	1866
PB1|PP755595.1|A/cattle/Texas/24-008749-003/2024(H5N1)	1393	1878
PB1|PP755595.1|A/cattle/Texas/24-008749-003/2024(H5N1)	1394	1906
PB1|PP755595.1|A/cattle/Texas/24-008749-003/2024(H5N1)	1395	2135
PB1|PP755595.1|A/cattle/Texas/24-008749-003/2024(H5N1)	1396	2314
PB1|PP755595.1|A/cattle/Texas/24-008749-003/2024(H5N1)	1397	2318
PB1|PP755595.1|A/cattle/Texas/24-008749-003/2024(H5N1)	1398	2429
PB1|PP755595.1|A/cattle/Texas/24-008749-003/2024(H5N1)	1399	2431
PB1|PP755595.1|A/cattle/Texas/24-008749-003/2024(H5N1)	1400	2433
PB1|PP755595.1|A/cattle/Texas/24-008749-003/2024(H5N1)	1401	2429
PB1|PP755595.1|A/cattle/Texas/24-008749-003/2024(H5N1)	1402	2422
PB1|PP755595.1|A/cattle/Texas/24-008749-003/2024(H5N1)	1403	2290
PB1|PP755595.1|A/cattle/Texas/24-008749-003/2024(H5N1)	1404	2169
PB1|PP755595.1|A/cattle/Texas/24-008749-003/2024(H5N1)	1405	2183
PB1|PP755595.1|A/cattle/Texas/24-008749-003/2024(H5N1)	1406	2264
PB1|PP755595.1|A/cattle/Texas/24-008749-003/2024(H5N1)	1407	2214
PB1|PP755595.1|A/cattle/Texas/24-008749-003/2024(H5N1)	1408	2204
PB1|PP755595.1|A/cattle/Texas/24-008749-003/2024(H5N1)	1409	2221
PB1|PP755595.1|A/cattle/Texas/24-008749-003/2024(H5N1)	1410	2237
PB1|PP755595.1|A/cattle/Texas/24-008749-003/2024(H5N1)	1411	2237
PB1|PP755595.1|A/cattle/Texas/24-008749-003/2024(H5N1)	1412	2238
PB1|PP755595.1|A/cattle/Texas/24-008749-003/2024(H5N1)	1413	2225
PB1|PP755595.1|A/cattle/Texas/24-008749-003/2024(H5N1)	1414	2228
PB1|PP755595.1|A/cattle/Texas/24-008749-003/2024(H5N1)	1415	2191
PB1|PP755595.1|A/cattle/Texas/24-008749-003/2024(H5N1)	1416	2214
PB1|PP755595.1|A/cattle/Texas/24-008749-003/2024(H5N1)	1417	2216
PB1|PP755595.1|A/cattle/Texas/24-008749-003/2024(H5N1)	1418	2213
PB1|PP755595.1|A/cattle/Texas/24-008749-003/2024(H5N1)	1419	2187
PB1|PP755595.1|A/cattle/Texas/24-008749-003/2024(H5N1)	1420	2185
PB1|PP755595.1|A/cattle/Texas/24-008749-003/2024(H5N1)	1421	2289
PB1|PP755595.1|A/cattle/Texas/24-008749-003/2024(H5N1)	1422	2292
PB1|PP755595.1|A/cattle/Texas/24-008749-003/2024(H5N1)	1423	2399
PB1|PP755595.1|A/cattle/Texas/24-008749-003/2024(H5N1)	1424	2431
PB1|PP755595.1|A/cattle/Texas/24-008749-003/2024(H5N1)	1425	2417
PB1|PP755595.1|A/cattle/Texas/24-008749-003/2024(H5N1)	1426	2423
PB1|PP755595.1|A/cattle/Texas/24-008749-003/2024(H5N1)	1427	2446
PB1|PP755595.1|A/cattle/Texas/24-008749-003/2024(H5N1)	1428	2448
PB1|PP755595.1|A/cattle/Texas/24-008749-003/2024(H5N1)	1429	2467
PB1|PP755595.1|A/cattle/Texas/24-008749-003/2024(H5N1)	1430	2404
PB1|PP755595.1|A/cattle/Texas/24-008749-003/2024(H5N1)	1431	2405
PB1|PP755595.1|A/cattle/Texas/24-008749-003/2024(H5N1)	1432	2398
PB1|PP755595.1|A/cattle/Texas/24-008749-003/2024(H5N1)	1433	2407
PB1|PP755595.1|A/cattle/Texas/24-008749-003/2024(H5N1)	1434	2401
PB1|PP755595.1|A/cattle/Texas/24-008749-003/2024(H5N1)	1435	2499
PB1|PP755595.1|A/cattle/Texas/24-008749-003/2024(H5N1)	1436	2504
PB1|PP755595.1|A/cattle/Texas/24-008749-003/2024(H5N1)	1437	2507
PB1|PP755595.1|A/cattle/Texas/24-008749-003/2024(H5N1)	1438	2495
PB1|PP755595.1|A/cattle/Texas/24-008749-003/2024(H5N1)	1439	2490
PB1|PP755595.1|A/cattle/Texas/24-008749-003/2024(H5N1)	1440	2492
PB1|PP755595.1|A/cattle/Texas/24-008749-003/2024(H5N1)	1441	2503
PB1|PP755595.1|A/cattle/Texas/24-008749-003/2024(H5N1)	1442	2495
PB1|PP755595.1|A/cattle/Texas/24-008749-003/2024(H5N1)	1443	2576
PB1|PP755595.1|A/cattle/Texas/24-008749-003/2024(H5N1)	1444	2580
PB1|PP755595.1|A/cattle/Texas/24-008749-003/2024(H5N1)	1445	2579
PB1|PP755595.1|A/cattle/Texas/24-008749-003/2024(H5N1)	1446	2593
PB1|PP755595.1|A/cattle/Texas/24-008749-003/2024(H5N1)	1447	2610
PB1|PP755595.1|A/cattle/Texas/24-008749-003/2024(H5N1)	1448	2657
PB1|PP755595.1|A/cattle/Texas/24-008749-003/2024(H5N1)	1449	2653
PB1|PP755595.1|A/cattle/Texas/24-008749-003/2024(H5N1)	1450	2655
PB1|PP755595.1|A/cattle/Texas/24-008749-003/2024(H5N1)	1451	2615
PB1|PP755595.1|A/cattle/Texas/24-008749-003/2024(H5N1)	1452	2589
PB1|PP755595.1|A/cattle/Texas/24-008749-003/2024(H5N1)	1453	2605
PB1|PP755595.1|A/cattle/Texas/24-008749-003/2024(H5N1)	1454	2602
PB1|PP755595.1|A/cattle/Texas/24-008749-003/2024(H5N1)	1455	2595
PB1|PP755595.1|A/cattle/Texas/24-008749-003/2024(H5N1)	1456	2540
PB1|PP755595.1|A/cattle/Texas/24-008749-003/2024(H5N1)	1457	2536
PB1|PP755595.1|A/cattle/Texas/24-008749-003/2024(H5N1)	1458	2562
PB1|PP755595.1|A/cattle/Texas/24-008749-003/2024(H5N1)	1459	2558
PB1|PP755595.1|A/cattle/Texas/24-008749-003/2024(H5N1)	1460	2538
PB1|PP755595.1|A/cattle/Texas/24-008749-003/2024(H5N1)	1461	2529
PB1|PP755595.1|A/cattle/Texas/24-008749-003/2024(H5N1)	1462	2526
PB1|PP755595.1|A/cattle/Texas/24-008749-003/2024(H5N1)	1463	2568
PB1|PP755595.1|A/cattle/Texas/24-008749-003/2024(H5N1)	1464	2553
PB1|PP755595.1|A/cattle/Texas/24-008749-003/2024(H5N1)	1465	2676
PB1|PP755595.1|A/cattle/Texas/24-008749-003/2024(H5N1)	1466	2714
PB1|PP755595.1|A/cattle/Texas/24-008749-003/2024(H5N1)	1467	2691
PB1|PP755595.1|A/cattle/Texas/24-008749-003/2024(H5N1)	1468	2710
PB1|PP755595.1|A/cattle/Texas/24-008749-003/2024(H5N1)	1469	2700
PB1|PP755595.1|A/cattle/Texas/24-008749-003/2024(H5N1)	1470	2693
PB1|PP755595.1|A/cattle/Texas/24-008749-003/2024(H5N1)	1471	2690
PB1|PP755595.1|A/cattle/Texas/24-008749-003/2024(H5N1)	1472	2646
PB1|PP755595.1|A/cattle/Texas/24-008749-003/2024(H5N1)	1473	2647
PB1|PP755595.1|A/cattle/Texas/24-008749-003/2024(H5N1)	1474	2684
PB1|PP755595.1|A/cattle/Texas/24-008749-003/2024(H5N1)	1475	2684
PB1|PP755595.1|A/cattle/Texas/24-008749-003/2024(H5N1)	1476	2692
PB1|PP755595.1|A/cattle/Texas/24-008749-003/2024(H5N1)	1477	2695
PB1|PP755595.1|A/cattle/Texas/24-008749-003/2024(H5N1)	1478	2702
PB1|PP755595.1|A/cattle/Texas/24-008749-003/2024(H5N1)	1479	2702
PB1|PP755595.1|A/cattle/Texas/24-008749-003/2024(H5N1)	1480	2725
PB1|PP755595.1|A/cattle/Texas/24-008749-003/2024(H5N1)	1481	2722
PB1|PP755595.1|A/cattle/Texas/24-008749-003/2024(H5N1)	1482	2741
PB1|PP755595.1|A/cattle/Texas/24-008749-003/2024(H5N1)	1483	2748
PB1|PP755595.1|A/cattle/Texas/24-008749-003/2024(H5N1)	1484	2749
PB1|PP755595.1|A/cattle/Texas/24-008749-003/2024(H5N1)	1485	2752
PB1|PP755595.1|A/cattle/Texas/24-008749-003/2024(H5N1)	1486	2770
PB1|PP755595.1|A/cattle/Texas/24-008749-003/2024(H5N1)	1487	2770
PB1|PP755595.1|A/cattle/Texas/24-008749-003/2024(H5N1)	1488	2801
PB1|PP755595.1|A/cattle/Texas/24-008749-003/2024(H5N1)	1489	2799
PB1|PP755595.1|A/cattle/Texas/24-008749-003/2024(H5N1)	1490	2798
PB1|PP755595.1|A/cattle/Texas/24-008749-003/2024(H5N1)	1491	2806
PB1|PP755595.1|A/cattle/Texas/24-008749-003/2024(H5N1)	1492	2815
PB1|PP755595.1|A/cattle/Texas/24-008749-003/2024(H5N1)	1493	2824
PB1|PP755595.1|A/cattle/Texas/24-008749-003/2024(H5N1)	1494	2833
PB1|PP755595.1|A/cattle/Texas/24-008749-003/2024(H5N1)	1495	2842
PB1|PP755595.1|A/cattle/Texas/24-008749-003/2024(H5N1)	1496	2848
PB1|PP755595.1|A/cattle/Texas/24-008749-003/2024(H5N1)	1497	2850
PB1|PP755595.1|A/cattle/Texas/24-008749-003/2024(H5N1)	1498	2816
PB1|PP755595.1|A/cattle/Texas/24-008749-003/2024(H5N1)	1499	2886
PB1|PP755595.1|A/cattle/Texas/24-008749-003/2024(H5N1)	1500	2889
PB1|PP755595.1|A/cattle/Texas/24-008749-003/2024(H5N1)	1501	2885
PB1|PP755595.1|A/cattle/Texas/24-008749-003/2024(H5N1)	1502	2859
PB1|PP755595.1|A/cattle/Texas/24-008749-003/2024(H5N1)	1503	2826
PB1|PP755595.1|A/cattle/Texas/24-008749-003/2024(H5N1)	1504	2825
PB1|PP755595.1|A/cattle/Texas/24-008749-003/2024(H5N1)	1505	2818
PB1|PP755595.1|A/cattle/Texas/24-008749-003/2024(H5N1)	1506	2518
PB1|PP755595.1|A/cattle/Texas/24-008749-003/2024(H5N1)	1507	2533
PB1|PP755595.1|A/cattle/Texas/24-008749-003/2024(H5N1)	1508	2511
PB1|PP755595.1|A/cattle/Texas/24-008749-003/2024(H5N1)	1509	2506
PB1|PP755595.1|A/cattle/Texas/24-008749-003/2024(H5N1)	1510	2516
PB1|PP755595.1|A/cattle/Texas/24-008749-003/2024(H5N1)	1511	2524
PB1|PP755595.1|A/cattle/Texas/24-008749-003/2024(H5N1)	1512	2654
PB1|PP755595.1|A/cattle/Texas/24-008749-003/2024(H5N1)	1513	2694
PB1|PP755595.1|A/cattle/Texas/24-008749-003/2024(H5N1)	1514	2710
PB1|PP755595.1|A/cattle/Texas/24-008749-003/2024(H5N1)	1515	2712
PB1|PP755595.1|A/cattle/Texas/24-008749-003/2024(H5N1)	1516	2712
PB1|PP755595.1|A/cattle/Texas/24-008749-003/2024(H5N1)	1517	2856
PB1|PP755595.1|A/cattle/Texas/24-008749-003/2024(H5N1)	1518	2927
PB1|PP755595.1|A/cattle/Texas/24-008749-003/2024(H5N1)	1519	2939
PB1|PP755595.1|A/cattle/Texas/24-008749-003/2024(H5N1)	1520	2941
PB1|PP755595.1|A/cattle/Texas/24-008749-003/2024(H5N1)	1521	2942
PB1|PP755595.1|A/cattle/Texas/24-008749-003/2024(H5N1)	1522	2990
PB1|PP755595.1|A/cattle/Texas/24-008749-003/2024(H5N1)	1523	2956
PB1|PP755595.1|A/cattle/Texas/24-008749-003/2024(H5N1)	1524	2920
PB1|PP755595.1|A/cattle/Texas/24-008749-003/2024(H5N1)	1525	2979
PB1|PP755595.1|A/cattle/Texas/24-008749-003/2024(H5N1)	1526	2987
PB1|PP755595.1|A/cattle/Texas/24-008749-003/2024(H5N1)	1527	3033
PB1|PP755595.1|A/cattle/Texas/24-008749-003/2024(H5N1)	1528	3081
PB1|PP755595.1|A/cattle/Texas/24-008749-003/2024(H5N1)	1529	3089
PB1|PP755595.1|A/cattle/Texas/24-008749-003/2024(H5N1)	1530	3085
PB1|PP755595.1|A/cattle/Texas/24-008749-003/2024(H5N1)	1531	3042
PB1|PP755595.1|A/cattle/Texas/24-008749-003/2024(H5N1)	1532	3168
PB1|PP755595.1|A/cattle/Texas/24-008749-003/2024(H5N1)	1533	3114
PB1|PP755595.1|A/cattle/Texas/24-008749-003/2024(H5N1)	1534	3114
PB1|PP755595.1|A/cattle/Texas/24-008749-003/2024(H5N1)	1535	3115
PB1|PP755595.1|A/cattle/Texas/24-008749-003/2024(H5N1)	1536	3088
PB1|PP755595.1|A/cattle/Texas/24-008749-003/2024(H5N1)	1537	3090
PB1|PP755595.1|A/cattle/Texas/24-008749-003/2024(H5N1)	1538	3052
PB1|PP755595.1|A/cattle/Texas/24-008749-003/2024(H5N1)	1539	3108
PB1|PP755595.1|A/cattle/Texas/24-008749-003/2024(H5N1)	1540	3079
PB1|PP755595.1|A/cattle/Texas/24-008749-003/2024(H5N1)	1541	3064
PB1|PP755595.1|A/cattle/Texas/24-008749-003/2024(H5N1)	1542	3073
PB1|PP755595.1|A/cattle/Texas/24-008749-003/2024(H5N1)	1543	3075
PB1|PP755595.1|A/cattle/Texas/24-008749-003/2024(H5N1)	1544	2842
PB1|PP755595.1|A/cattle/Texas/24-008749-003/2024(H5N1)	1545	2831
PB1|PP755595.1|A/cattle/Texas/24-008749-003/2024(H5N1)	1546	2839
PB1|PP755595.1|A/cattle/Texas/24-008749-003/2024(H5N1)	1547	2865
PB1|PP755595.1|A/cattle/Texas/24-008749-003/2024(H5N1)	1548	2863
PB1|PP755595.1|A/cattle/Texas/24-008749-003/2024(H5N1)	1549	2786
PB1|PP755595.1|A/cattle/Texas/24-008749-003/2024(H5N1)	1550	2785
PB1|PP755595.1|A/cattle/Texas/24-008749-003/2024(H5N1)	1551	2803
PB1|PP755595.1|A/cattle/Texas/24-008749-003/2024(H5N1)	1552	2805
PB1|PP755595.1|A/cattle/Texas/24-008749-003/2024(H5N1)	1553	2808
PB1|PP755595.1|A/cattle/Texas/24-008749-003/2024(H5N1)	1554	2807
PB1|PP755595.1|A/cattle/Texas/24-008749-003/2024(H5N1)	1555	2797
PB1|PP755595.1|A/cattle/Texas/24-008749-003/2024(H5N1)	1556	2805
PB1|PP755595.1|A/cattle/Texas/24-008749-003/2024(H5N1)	1557	2728
PB1|PP755595.1|A/cattle/Texas/24-008749-003/2024(H5N1)	1558	2722
PB1|PP755595.1|A/cattle/Texas/24-008749-003/2024(H5N1)	1559	2703
PB1|PP755595.1|A/cattle/Texas/24-008749-003/2024(H5N1)	1560	2674
PB1|PP755595.1|A/cattle/Texas/24-008749-003/2024(H5N1)	1561	2708
PB1|PP755595.1|A/cattle/Texas/24-008749-003/2024(H5N1)	1562	2716
PB1|PP755595.1|A/cattle/Texas/24-008749-003/2024(H5N1)	1563	2723
PB1|PP755595.1|A/cattle/Texas/24-008749-003/2024(H5N1)	1564	2795
PB1|PP755595.1|A/cattle/Texas/24-008749-003/2024(H5N1)	1565	2804
PB1|PP755595.1|A/cattle/Texas/24-008749-003/2024(H5N1)	1566	2808
PB1|PP755595.1|A/cattle/Texas/24-008749-003/2024(H5N1)	1567	2811
PB1|PP755595.1|A/cattle/Texas/24-008749-003/2024(H5N1)	1568	2801
PB1|PP755595.1|A/cattle/Texas/24-008749-003/2024(H5N1)	1569	2815
PB1|PP755595.1|A/cattle/Texas/24-008749-003/2024(H5N1)	1570	2789
PB1|PP755595.1|A/cattle/Texas/24-008749-003/2024(H5N1)	1571	2833
PB1|PP755595.1|A/cattle/Texas/24-008749-003/2024(H5N1)	1572	2744
PB1|PP755595.1|A/cattle/Texas/24-008749-003/2024(H5N1)	1573	2718
PB1|PP755595.1|A/cattle/Texas/24-008749-003/2024(H5N1)	1574	2705
PB1|PP755595.1|A/cattle/Texas/24-008749-003/2024(H5N1)	1575	2671
PB1|PP755595.1|A/cattle/Texas/24-008749-003/2024(H5N1)	1576	2672
PB1|PP755595.1|A/cattle/Texas/24-008749-003/2024(H5N1)	1577	2663
PB1|PP755595.1|A/cattle/Texas/24-008749-003/2024(H5N1)	1578	2617
PB1|PP755595.1|A/cattle/Texas/24-008749-003/2024(H5N1)	1579	2615
PB1|PP755595.1|A/cattle/Texas/24-008749-003/2024(H5N1)	1580	2592
PB1|PP755595.1|A/cattle/Texas/24-008749-003/2024(H5N1)	1581	2589
PB1|PP755595.1|A/cattle/Texas/24-008749-003/2024(H5N1)	1582	2711
PB1|PP755595.1|A/cattle/Texas/24-008749-003/2024(H5N1)	1583	2718
PB1|PP755595.1|A/cattle/Texas/24-008749-003/2024(H5N1)	1584	2721
PB1|PP755595.1|A/cattle/Texas/24-008749-003/2024(H5N1)	1585	2746
PB1|PP755595.1|A/cattle/Texas/24-008749-003/2024(H5N1)	1586	2743
PB1|PP755595.1|A/cattle/Texas/24-008749-003/2024(H5N1)	1587	2772
PB1|PP755595.1|A/cattle/Texas/24-008749-003/2024(H5N1)	1588	2815
PB1|PP755595.1|A/cattle/Texas/24-008749-003/2024(H5N1)	1589	2810
PB1|PP755595.1|A/cattle/Texas/24-008749-003/2024(H5N1)	1590	2812
PB1|PP755595.1|A/cattle/Texas/24-008749-003/2024(H5N1)	1591	2825
PB1|PP755595.1|A/cattle/Texas/24-008749-003/2024(H5N1)	1592	2819
PB1|PP755595.1|A/cattle/Texas/24-008749-003/2024(H5N1)	1593	2842
PB1|PP755595.1|A/cattle/Texas/24-008749-003/2024(H5N1)	1594	2814
PB1|PP755595.1|A/cattle/Texas/24-008749-003/2024(H5N1)	1595	2813
PB1|PP755595.1|A/cattle/Texas/24-008749-003/2024(H5N1)	1596	2820
PB1|PP755595.1|A/cattle/Texas/24-008749-003/2024(H5N1)	1597	2780
PB1|PP755595.1|A/cattle/Texas/24-008749-003/2024(H5N1)	1598	2779
PB1|PP755595.1|A/cattle/Texas/24-008749-003/2024(H5N1)	1599	2847
PB1|PP755595.1|A/cattle/Texas/24-008749-003/2024(H5N1)	1600	2860
PB1|PP755595.1|A/cattle/Texas/24-008749-003/2024(H5N1)	1601	2863
PB1|PP755595.1|A/cattle/Texas/24-008749-003/2024(H5N1)	1602	2857
PB1|PP755595.1|A/cattle/Texas/24-008749-003/2024(H5N1)	1603	2836
PB1|PP755595.1|A/cattle/Texas/24-008749-003/2024(H5N1)	1604	2828
PB1|PP755595.1|A/cattle/Texas/24-008749-003/2024(H5N1)	1605	2813
PB1|PP755595.1|A/cattle/Texas/24-008749-003/2024(H5N1)	1606	2820
PB1|PP755595.1|A/cattle/Texas/24-008749-003/2024(H5N1)	1607	2847
PB1|PP755595.1|A/cattle/Texas/24-008749-003/2024(H5N1)	1608	2817
PB1|PP755595.1|A/cattle/Texas/24-008749-003/2024(H5N1)	1609	2829
PB1|PP755595.1|A/cattle/Texas/24-008749-003/2024(H5N1)	1610	2866
PB1|PP755595.1|A/cattle/Texas/24-008749-003/2024(H5N1)	1611	2847
PB1|PP755595.1|A/cattle/Texas/24-008749-003/2024(H5N1)	1612	2849
PB1|PP755595.1|A/cattle/Texas/24-008749-003/2024(H5N1)	1613	2877
PB1|PP755595.1|A/cattle/Texas/24-008749-003/2024(H5N1)	1614	2895
PB1|PP755595.1|A/cattle/Texas/24-008749-003/2024(H5N1)	1615	2927
PB1|PP755595.1|A/cattle/Texas/24-008749-003/2024(H5N1)	1616	2870
PB1|PP755595.1|A/cattle/Texas/24-008749-003/2024(H5N1)	1617	2863
PB1|PP755595.1|A/cattle/Texas/24-008749-003/2024(H5N1)	1618	2867
PB1|PP755595.1|A/cattle/Texas/24-008749-003/2024(H5N1)	1619	2871
PB1|PP755595.1|A/cattle/Texas/24-008749-003/2024(H5N1)	1620	2915
PB1|PP755595.1|A/cattle/Texas/24-008749-003/2024(H5N1)	1621	2914
PB1|PP755595.1|A/cattle/Texas/24-008749-003/2024(H5N1)	1622	2870
PB1|PP755595.1|A/cattle/Texas/24-008749-003/2024(H5N1)	1623	2820
PB1|PP755595.1|A/cattle/Texas/24-008749-003/2024(H5N1)	1624	2824
PB1|PP755595.1|A/cattle/Texas/24-008749-003/2024(H5N1)	1625	2886
PB1|PP755595.1|A/cattle/Texas/24-008749-003/2024(H5N1)	1626	2886
PB1|PP755595.1|A/cattle/Texas/24-008749-003/2024(H5N1)	1627	2872
PB1|PP755595.1|A/cattle/Texas/24-008749-003/2024(H5N1)	1628	2859
PB1|PP755595.1|A/cattle/Texas/24-008749-003/2024(H5N1)	1629	2839
PB1|PP755595.1|A/cattle/Texas/24-008749-003/2024(H5N1)	1630	2857
PB1|PP755595.1|A/cattle/Texas/24-008749-003/2024(H5N1)	1631	2870
PB1|PP755595.1|A/cattle/Texas/24-008749-003/2024(H5N1)	1632	2863
PB1|PP755595.1|A/cattle/Texas/24-008749-003/2024(H5N1)	1633	2844
PB1|PP755595.1|A/cattle/Texas/24-008749-003/2024(H5N1)	1634	2836
PB1|PP755595.1|A/cattle/Texas/24-008749-003/2024(H5N1)	1635	2834
PB1|PP755595.1|A/cattle/Texas/24-008749-003/2024(H5N1)	1636	2834
PB1|PP755595.1|A/cattle/Texas/24-008749-003/2024(H5N1)	1637	2813
PB1|PP755595.1|A/cattle/Texas/24-008749-003/2024(H5N1)	1638	2809
PB1|PP755595.1|A/cattle/Texas/24-008749-003/2024(H5N1)	1639	2769
PB1|PP755595.1|A/cattle/Texas/24-008749-003/2024(H5N1)	1640	2753
PB1|PP755595.1|A/cattle/Texas/24-008749-003/2024(H5N1)	1641	2598
PB1|PP755595.1|A/cattle/Texas/24-008749-003/2024(H5N1)	1642	2573
PB1|PP755595.1|A/cattle/Texas/24-008749-003/2024(H5N1)	1643	2563
PB1|PP755595.1|A/cattle/Texas/24-008749-003/2024(H5N1)	1644	2563
PB1|PP755595.1|A/cattle/Texas/24-008749-003/2024(H5N1)	1645	2564
PB1|PP755595.1|A/cattle/Texas/24-008749-003/2024(H5N1)	1646	2564
PB1|PP755595.1|A/cattle/Texas/24-008749-003/2024(H5N1)	1647	2556
PB1|PP755595.1|A/cattle/Texas/24-008749-003/2024(H5N1)	1648	2727
PB1|PP755595.1|A/cattle/Texas/24-008749-003/2024(H5N1)	1649	2729
PB1|PP755595.1|A/cattle/Texas/24-008749-003/2024(H5N1)	1650	2765
PB1|PP755595.1|A/cattle/Texas/24-008749-003/2024(H5N1)	1651	2768
PB1|PP755595.1|A/cattle/Texas/24-008749-003/2024(H5N1)	1652	2769
PB1|PP755595.1|A/cattle/Texas/24-008749-003/2024(H5N1)	1653	2771
PB1|PP755595.1|A/cattle/Texas/24-008749-003/2024(H5N1)	1654	2757
PB1|PP755595.1|A/cattle/Texas/24-008749-003/2024(H5N1)	1655	2755
PB1|PP755595.1|A/cattle/Texas/24-008749-003/2024(H5N1)	1656	2747
PB1|PP755595.1|A/cattle/Texas/24-008749-003/2024(H5N1)	1657	2740
PB1|PP755595.1|A/cattle/Texas/24-008749-003/2024(H5N1)	1658	2727
PB1|PP755595.1|A/cattle/Texas/24-008749-003/2024(H5N1)	1659	2702
PB1|PP755595.1|A/cattle/Texas/24-008749-003/2024(H5N1)	1660	2743
PB1|PP755595.1|A/cattle/Texas/24-008749-003/2024(H5N1)	1661	2744
PB1|PP755595.1|A/cattle/Texas/24-008749-003/2024(H5N1)	1662	2737
PB1|PP755595.1|A/cattle/Texas/24-008749-003/2024(H5N1)	1663	2613
PB1|PP755595.1|A/cattle/Texas/24-008749-003/2024(H5N1)	1664	2612
PB1|PP755595.1|A/cattle/Texas/24-008749-003/2024(H5N1)	1665	2598
PB1|PP755595.1|A/cattle/Texas/24-008749-003/2024(H5N1)	1666	2591
PB1|PP755595.1|A/cattle/Texas/24-008749-003/2024(H5N1)	1667	2590
PB1|PP755595.1|A/cattle/Texas/24-008749-003/2024(H5N1)	1668	2451
PB1|PP755595.1|A/cattle/Texas/24-008749-003/2024(H5N1)	1669	2381
PB1|PP755595.1|A/cattle/Texas/24-008749-003/2024(H5N1)	1670	2380
PB1|PP755595.1|A/cattle/Texas/24-008749-003/2024(H5N1)	1671	2376
PB1|PP755595.1|A/cattle/Texas/24-008749-003/2024(H5N1)	1672	2375
PB1|PP755595.1|A/cattle/Texas/24-008749-003/2024(H5N1)	1673	2319
PB1|PP755595.1|A/cattle/Texas/24-008749-003/2024(H5N1)	1674	2166
PB1|PP755595.1|A/cattle/Texas/24-008749-003/2024(H5N1)	1675	2167
PB1|PP755595.1|A/cattle/Texas/24-008749-003/2024(H5N1)	1676	2144
PB1|PP755595.1|A/cattle/Texas/24-008749-003/2024(H5N1)	1677	2104
PB1|PP755595.1|A/cattle/Texas/24-008749-003/2024(H5N1)	1678	2435
PB1|PP755595.1|A/cattle/Texas/24-008749-003/2024(H5N1)	1679	2434
PB1|PP755595.1|A/cattle/Texas/24-008749-003/2024(H5N1)	1680	2400
PB1|PP755595.1|A/cattle/Texas/24-008749-003/2024(H5N1)	1681	2397
PB1|PP755595.1|A/cattle/Texas/24-008749-003/2024(H5N1)	1682	2390
PB1|PP755595.1|A/cattle/Texas/24-008749-003/2024(H5N1)	1683	2278
PB1|PP755595.1|A/cattle/Texas/24-008749-003/2024(H5N1)	1684	2365
PB1|PP755595.1|A/cattle/Texas/24-008749-003/2024(H5N1)	1685	2363
PB1|PP755595.1|A/cattle/Texas/24-008749-003/2024(H5N1)	1686	2363
PB1|PP755595.1|A/cattle/Texas/24-008749-003/2024(H5N1)	1687	2364
PB1|PP755595.1|A/cattle/Texas/24-008749-003/2024(H5N1)	1688	2361
PB1|PP755595.1|A/cattle/Texas/24-008749-003/2024(H5N1)	1689	2299
PB1|PP755595.1|A/cattle/Texas/24-008749-003/2024(H5N1)	1690	2295
PB1|PP755595.1|A/cattle/Texas/24-008749-003/2024(H5N1)	1691	2293
PB1|PP755595.1|A/cattle/Texas/24-008749-003/2024(H5N1)	1692	2195
PB1|PP755595.1|A/cattle/Texas/24-008749-003/2024(H5N1)	1693	2269
PB1|PP755595.1|A/cattle/Texas/24-008749-003/2024(H5N1)	1694	2271
PB1|PP755595.1|A/cattle/Texas/24-008749-003/2024(H5N1)	1695	2273
PB1|PP755595.1|A/cattle/Texas/24-008749-003/2024(H5N1)	1696	2274
PB1|PP755595.1|A/cattle/Texas/24-008749-003/2024(H5N1)	1697	2248
PB1|PP755595.1|A/cattle/Texas/24-008749-003/2024(H5N1)	1698	2252
PB1|PP755595.1|A/cattle/Texas/24-008749-003/2024(H5N1)	1699	2250
PB1|PP755595.1|A/cattle/Texas/24-008749-003/2024(H5N1)	1700	2222
PB1|PP755595.1|A/cattle/Texas/24-008749-003/2024(H5N1)	1701	2221
PB1|PP755595.1|A/cattle/Texas/24-008749-003/2024(H5N1)	1702	2203
PB1|PP755595.1|A/cattle/Texas/24-008749-003/2024(H5N1)	1703	2207
PB1|PP755595.1|A/cattle/Texas/24-008749-003/2024(H5N1)	1704	2201
PB1|PP755595.1|A/cattle/Texas/24-008749-003/2024(H5N1)	1705	2199
PB1|PP755595.1|A/cattle/Texas/24-008749-003/2024(H5N1)	1706	2189
PB1|PP755595.1|A/cattle/Texas/24-008749-003/2024(H5N1)	1707	2186
PB1|PP755595.1|A/cattle/Texas/24-008749-003/2024(H5N1)	1708	2185
PB1|PP755595.1|A/cattle/Texas/24-008749-003/2024(H5N1)	1709	2165
PB1|PP755595.1|A/cattle/Texas/24-008749-003/2024(H5N1)	1710	2159
PB1|PP755595.1|A/cattle/Texas/24-008749-003/2024(H5N1)	1711	2186
PB1|PP755595.1|A/cattle/Texas/24-008749-003/2024(H5N1)	1712	2154
PB1|PP755595.1|A/cattle/Texas/24-008749-003/2024(H5N1)	1713	2153
PB1|PP755595.1|A/cattle/Texas/24-008749-003/2024(H5N1)	1714	2144
PB1|PP755595.1|A/cattle/Texas/24-008749-003/2024(H5N1)	1715	2104
PB1|PP755595.1|A/cattle/Texas/24-008749-003/2024(H5N1)	1716	2094
PB1|PP755595.1|A/cattle/Texas/24-008749-003/2024(H5N1)	1717	2174
PB1|PP755595.1|A/cattle/Texas/24-008749-003/2024(H5N1)	1718	2179
PB1|PP755595.1|A/cattle/Texas/24-008749-003/2024(H5N1)	1719	2175
PB1|PP755595.1|A/cattle/Texas/24-008749-003/2024(H5N1)	1720	2175
PB1|PP755595.1|A/cattle/Texas/24-008749-003/2024(H5N1)	1721	2178
PB1|PP755595.1|A/cattle/Texas/24-008749-003/2024(H5N1)	1722	2143
PB1|PP755595.1|A/cattle/Texas/24-008749-003/2024(H5N1)	1723	2143
PB1|PP755595.1|A/cattle/Texas/24-008749-003/2024(H5N1)	1724	2128
PB1|PP755595.1|A/cattle/Texas/24-008749-003/2024(H5N1)	1725	2128
PB1|PP755595.1|A/cattle/Texas/24-008749-003/2024(H5N1)	1726	2025
PB1|PP755595.1|A/cattle/Texas/24-008749-003/2024(H5N1)	1727	2007
PB1|PP755595.1|A/cattle/Texas/24-008749-003/2024(H5N1)	1728	2003
PB1|PP755595.1|A/cattle/Texas/24-008749-003/2024(H5N1)	1729	2002
PB1|PP755595.1|A/cattle/Texas/24-008749-003/2024(H5N1)	1730	2000
PB1|PP755595.1|A/cattle/Texas/24-008749-003/2024(H5N1)	1731	1882
PB1|PP755595.1|A/cattle/Texas/24-008749-003/2024(H5N1)	1732	1874
PB1|PP755595.1|A/cattle/Texas/24-008749-003/2024(H5N1)	1733	1861
PB1|PP755595.1|A/cattle/Texas/24-008749-003/2024(H5N1)	1734	1857
PB1|PP755595.1|A/cattle/Texas/24-008749-003/2024(H5N1)	1735	1776
PB1|PP755595.1|A/cattle/Texas/24-008749-003/2024(H5N1)	1736	1776
PB1|PP755595.1|A/cattle/Texas/24-008749-003/2024(H5N1)	1737	1746
PB1|PP755595.1|A/cattle/Texas/24-008749-003/2024(H5N1)	1738	1970
PB1|PP755595.1|A/cattle/Texas/24-008749-003/2024(H5N1)	1739	1970
PB1|PP755595.1|A/cattle/Texas/24-008749-003/2024(H5N1)	1740	1970
PB1|PP755595.1|A/cattle/Texas/24-008749-003/2024(H5N1)	1741	1970
PB1|PP755595.1|A/cattle/Texas/24-008749-003/2024(H5N1)	1742	1963
PB1|PP755595.1|A/cattle/Texas/24-008749-003/2024(H5N1)	1743	1944
PB1|PP755595.1|A/cattle/Texas/24-008749-003/2024(H5N1)	1744	1920
PB1|PP755595.1|A/cattle/Texas/24-008749-003/2024(H5N1)	1745	1877
PB1|PP755595.1|A/cattle/Texas/24-008749-003/2024(H5N1)	1746	1877
PB1|PP755595.1|A/cattle/Texas/24-008749-003/2024(H5N1)	1747	1857
PB1|PP755595.1|A/cattle/Texas/24-008749-003/2024(H5N1)	1748	1845
PB1|PP755595.1|A/cattle/Texas/24-008749-003/2024(H5N1)	1749	1842
PB1|PP755595.1|A/cattle/Texas/24-008749-003/2024(H5N1)	1750	1721
PB1|PP755595.1|A/cattle/Texas/24-008749-003/2024(H5N1)	1751	1721
PB1|PP755595.1|A/cattle/Texas/24-008749-003/2024(H5N1)	1752	1710
PB1|PP755595.1|A/cattle/Texas/24-008749-003/2024(H5N1)	1753	1702
PB1|PP755595.1|A/cattle/Texas/24-008749-003/2024(H5N1)	1754	1701
PB1|PP755595.1|A/cattle/Texas/24-008749-003/2024(H5N1)	1755	1690
PB1|PP755595.1|A/cattle/Texas/24-008749-003/2024(H5N1)	1756	1690
PB1|PP755595.1|A/cattle/Texas/24-008749-003/2024(H5N1)	1757	1683
PB1|PP755595.1|A/cattle/Texas/24-008749-003/2024(H5N1)	1758	1496
PB1|PP755595.1|A/cattle/Texas/24-008749-003/2024(H5N1)	1759	1481
PB1|PP755595.1|A/cattle/Texas/24-008749-003/2024(H5N1)	1760	1663
PB1|PP755595.1|A/cattle/Texas/24-008749-003/2024(H5N1)	1761	1663
PB1|PP755595.1|A/cattle/Texas/24-008749-003/2024(H5N1)	1762	1685
PB1|PP755595.1|A/cattle/Texas/24-008749-003/2024(H5N1)	1763	1700
PB1|PP755595.1|A/cattle/Texas/24-008749-003/2024(H5N1)	1764	1671
PB1|PP755595.1|A/cattle/Texas/24-008749-003/2024(H5N1)	1765	1622
PB1|PP755595.1|A/cattle/Texas/24-008749-003/2024(H5N1)	1766	1566
PB1|PP755595.1|A/cattle/Texas/24-008749-003/2024(H5N1)	1767	1565
PB1|PP755595.1|A/cattle/Texas/24-008749-003/2024(H5N1)	1768	1558
PB1|PP755595.1|A/cattle/Texas/24-008749-003/2024(H5N1)	1769	1557
PB1|PP755595.1|A/cattle/Texas/24-008749-003/2024(H5N1)	1770	1542
PB1|PP755595.1|A/cattle/Texas/24-008749-003/2024(H5N1)	1771	1506
PB1|PP755595.1|A/cattle/Texas/24-008749-003/2024(H5N1)	1772	1497
PB1|PP755595.1|A/cattle/Texas/24-008749-003/2024(H5N1)	1773	1497
PB1|PP755595.1|A/cattle/Texas/24-008749-003/2024(H5N1)	1774	1598
PB1|PP755595.1|A/cattle/Texas/24-008749-003/2024(H5N1)	1775	1603
PB1|PP755595.1|A/cattle/Texas/24-008749-003/2024(H5N1)	1776	1609
PB1|PP755595.1|A/cattle/Texas/24-008749-003/2024(H5N1)	1777	1612
PB1|PP755595.1|A/cattle/Texas/24-008749-003/2024(H5N1)	1778	1641
PB1|PP755595.1|A/cattle/Texas/24-008749-003/2024(H5N1)	1779	1637
PB1|PP755595.1|A/cattle/Texas/24-008749-003/2024(H5N1)	1780	1619
PB1|PP755595.1|A/cattle/Texas/24-008749-003/2024(H5N1)	1781	1601
PB1|PP755595.1|A/cattle/Texas/24-008749-003/2024(H5N1)	1782	1586
PB1|PP755595.1|A/cattle/Texas/24-008749-003/2024(H5N1)	1783	1584
PB1|PP755595.1|A/cattle/Texas/24-008749-003/2024(H5N1)	1784	1575
PB1|PP755595.1|A/cattle/Texas/24-008749-003/2024(H5N1)	1785	1551
PB1|PP755595.1|A/cattle/Texas/24-008749-003/2024(H5N1)	1786	1551
PB1|PP755595.1|A/cattle/Texas/24-008749-003/2024(H5N1)	1787	1551
PB1|PP755595.1|A/cattle/Texas/24-008749-003/2024(H5N1)	1788	1551
PB1|PP755595.1|A/cattle/Texas/24-008749-003/2024(H5N1)	1789	1551
PB1|PP755595.1|A/cattle/Texas/24-008749-003/2024(H5N1)	1790	1551
PB1|PP755595.1|A/cattle/Texas/24-008749-003/2024(H5N1)	1791	1533
PB1|PP755595.1|A/cattle/Texas/24-008749-003/2024(H5N1)	1792	1526
PB1|PP755595.1|A/cattle/Texas/24-008749-003/2024(H5N1)	1793	1499
PB1|PP755595.1|A/cattle/Texas/24-008749-003/2024(H5N1)	1794	1499
PB1|PP755595.1|A/cattle/Texas/24-008749-003/2024(H5N1)	1795	1498
PB1|PP755595.1|A/cattle/Texas/24-008749-003/2024(H5N1)	1796	1490
PB1|PP755595.1|A/cattle/Texas/24-008749-003/2024(H5N1)	1797	1490
PB1|PP755595.1|A/cattle/Texas/24-008749-003/2024(H5N1)	1798	1410
PB1|PP755595.1|A/cattle/Texas/24-008749-003/2024(H5N1)	1799	1403
PB1|PP755595.1|A/cattle/Texas/24-008749-003/2024(H5N1)	1800	179
PB1|PP755595.1|A/cattle/Texas/24-008749-003/2024(H5N1)	1801	179
PB1|PP755595.1|A/cattle/Texas/24-008749-003/2024(H5N1)	1802	179
PB1|PP755595.1|A/cattle/Texas/24-008749-003/2024(H5N1)	1803	179
PB1|PP755595.1|A/cattle/Texas/24-008749-003/2024(H5N1)	1804	179
PB1|PP755595.1|A/cattle/Texas/24-008749-003/2024(H5N1)	1805	179
PB1|PP755595.1|A/cattle/Texas/24-008749-003/2024(H5N1)	1806	179
PB1|PP755595.1|A/cattle/Texas/24-008749-003/2024(H5N1)	1807	179
PB1|PP755595.1|A/cattle/Texas/24-008749-003/2024(H5N1)	1808	179
PB1|PP755595.1|A/cattle/Texas/24-008749-003/2024(H5N1)	1809	179
PB1|PP755595.1|A/cattle/Texas/24-008749-003/2024(H5N1)	1810	179
PB1|PP755595.1|A/cattle/Texas/24-008749-003/2024(H5N1)	1811	179
PB1|PP755595.1|A/cattle/Texas/24-008749-003/2024(H5N1)	1812	178
PB1|PP755595.1|A/cattle/Texas/24-008749-003/2024(H5N1)	1813	178
PB1|PP755595.1|A/cattle/Texas/24-008749-003/2024(H5N1)	1814	178
PB1|PP755595.1|A/cattle/Texas/24-008749-003/2024(H5N1)	1815	177
PB1|PP755595.1|A/cattle/Texas/24-008749-003/2024(H5N1)	1816	176
PB1|PP755595.1|A/cattle/Texas/24-008749-003/2024(H5N1)	1817	176
PB1|PP755595.1|A/cattle/Texas/24-008749-003/2024(H5N1)	1818	173
PB1|PP755595.1|A/cattle/Texas/24-008749-003/2024(H5N1)	1819	173
PB1|PP755595.1|A/cattle/Texas/24-008749-003/2024(H5N1)	1820	173
PB1|PP755595.1|A/cattle/Texas/24-008749-003/2024(H5N1)	1821	171
PB1|PP755595.1|A/cattle/Texas/24-008749-003/2024(H5N1)	1822	171
PB1|PP755595.1|A/cattle/Texas/24-008749-003/2024(H5N1)	1823	171
PB1|PP755595.1|A/cattle/Texas/24-008749-003/2024(H5N1)	1824	171
PB1|PP755595.1|A/cattle/Texas/24-008749-003/2024(H5N1)	1825	241
PB1|PP755595.1|A/cattle/Texas/24-008749-003/2024(H5N1)	1826	241
PB1|PP755595.1|A/cattle/Texas/24-008749-003/2024(H5N1)	1827	241
PB1|PP755595.1|A/cattle/Texas/24-008749-003/2024(H5N1)	1828	241
PB1|PP755595.1|A/cattle/Texas/24-008749-003/2024(H5N1)	1829	242
PB1|PP755595.1|A/cattle/Texas/24-008749-003/2024(H5N1)	1830	242
PB1|PP755595.1|A/cattle/Texas/24-008749-003/2024(H5N1)	1831	242
PB1|PP755595.1|A/cattle/Texas/24-008749-003/2024(H5N1)	1832	242
PB1|PP755595.1|A/cattle/Texas/24-008749-003/2024(H5N1)	1833	242
PB1|PP755595.1|A/cattle/Texas/24-008749-003/2024(H5N1)	1834	243
PB1|PP755595.1|A/cattle/Texas/24-008749-003/2024(H5N1)	1835	266
PB1|PP755595.1|A/cattle/Texas/24-008749-003/2024(H5N1)	1836	266
PB1|PP755595.1|A/cattle/Texas/24-008749-003/2024(H5N1)	1837	270
PB1|PP755595.1|A/cattle/Texas/24-008749-003/2024(H5N1)	1838	270
PB1|PP755595.1|A/cattle/Texas/24-008749-003/2024(H5N1)	1839	275
PB1|PP755595.1|A/cattle/Texas/24-008749-003/2024(H5N1)	1840	297
PB1|PP755595.1|A/cattle/Texas/24-008749-003/2024(H5N1)	1841	297
PB1|PP755595.1|A/cattle/Texas/24-008749-003/2024(H5N1)	1842	297
PB1|PP755595.1|A/cattle/Texas/24-008749-003/2024(H5N1)	1843	314
PB1|PP755595.1|A/cattle/Texas/24-008749-003/2024(H5N1)	1844	314
PB1|PP755595.1|A/cattle/Texas/24-008749-003/2024(H5N1)	1845	323
PB1|PP755595.1|A/cattle/Texas/24-008749-003/2024(H5N1)	1846	330
PB1|PP755595.1|A/cattle/Texas/24-008749-003/2024(H5N1)	1847	330
PB1|PP755595.1|A/cattle/Texas/24-008749-003/2024(H5N1)	1848	348
PB1|PP755595.1|A/cattle/Texas/24-008749-003/2024(H5N1)	1849	390
PB1|PP755595.1|A/cattle/Texas/24-008749-003/2024(H5N1)	1850	483
PB1|PP755595.1|A/cattle/Texas/24-008749-003/2024(H5N1)	1851	483
PB1|PP755595.1|A/cattle/Texas/24-008749-003/2024(H5N1)	1852	483
PB1|PP755595.1|A/cattle/Texas/24-008749-003/2024(H5N1)	1853	486
PB1|PP755595.1|A/cattle/Texas/24-008749-003/2024(H5N1)	1854	486
PB1|PP755595.1|A/cattle/Texas/24-008749-003/2024(H5N1)	1855	486
PB1|PP755595.1|A/cattle/Texas/24-008749-003/2024(H5N1)	1856	482
PB1|PP755595.1|A/cattle/Texas/24-008749-003/2024(H5N1)	1857	482
PB1|PP755595.1|A/cattle/Texas/24-008749-003/2024(H5N1)	1858	527
PB1|PP755595.1|A/cattle/Texas/24-008749-003/2024(H5N1)	1859	528
PB1|PP755595.1|A/cattle/Texas/24-008749-003/2024(H5N1)	1860	546
PB1|PP755595.1|A/cattle/Texas/24-008749-003/2024(H5N1)	1861	551
PB1|PP755595.1|A/cattle/Texas/24-008749-003/2024(H5N1)	1862	564
PB1|PP755595.1|A/cattle/Texas/24-008749-003/2024(H5N1)	1863	599
PB1|PP755595.1|A/cattle/Texas/24-008749-003/2024(H5N1)	1864	623
PB1|PP755595.1|A/cattle/Texas/24-008749-003/2024(H5N1)	1865	624
PB1|PP755595.1|A/cattle/Texas/24-008749-003/2024(H5N1)	1866	624
PB1|PP755595.1|A/cattle/Texas/24-008749-003/2024(H5N1)	1867	629
PB1|PP755595.1|A/cattle/Texas/24-008749-003/2024(H5N1)	1868	636
PB1|PP755595.1|A/cattle/Texas/24-008749-003/2024(H5N1)	1869	666
PB1|PP755595.1|A/cattle/Texas/24-008749-003/2024(H5N1)	1870	670
PB1|PP755595.1|A/cattle/Texas/24-008749-003/2024(H5N1)	1871	670
PB1|PP755595.1|A/cattle/Texas/24-008749-003/2024(H5N1)	1872	671
PB1|PP755595.1|A/cattle/Texas/24-008749-003/2024(H5N1)	1873	708
PB1|PP755595.1|A/cattle/Texas/24-008749-003/2024(H5N1)	1874	713
PB1|PP755595.1|A/cattle/Texas/24-008749-003/2024(H5N1)	1875	718
PB1|PP755595.1|A/cattle/Texas/24-008749-003/2024(H5N1)	1876	718
PB1|PP755595.1|A/cattle/Texas/24-008749-003/2024(H5N1)	1877	718
PB1|PP755595.1|A/cattle/Texas/24-008749-003/2024(H5N1)	1878	718
PB1|PP755595.1|A/cattle/Texas/24-008749-003/2024(H5N1)	1879	718
PB1|PP755595.1|A/cattle/Texas/24-008749-003/2024(H5N1)	1880	718
PB1|PP755595.1|A/cattle/Texas/24-008749-003/2024(H5N1)	1881	718
PB1|PP755595.1|A/cattle/Texas/24-008749-003/2024(H5N1)	1882	718
PB1|PP755595.1|A/cattle/Texas/24-008749-003/2024(H5N1)	1883	727
PB1|PP755595.1|A/cattle/Texas/24-008749-003/2024(H5N1)	1884	727
PB1|PP755595.1|A/cattle/Texas/24-008749-003/2024(H5N1)	1885	743
PB1|PP755595.1|A/cattle/Texas/24-008749-003/2024(H5N1)	1886	743
PB1|PP755595.1|A/cattle/Texas/24-008749-003/2024(H5N1)	1887	743
PB1|PP755595.1|A/cattle/Texas/24-008749-003/2024(H5N1)	1888	749
PB1|PP755595.1|A/cattle/Texas/24-008749-003/2024(H5N1)	1889	754
PB1|PP755595.1|A/cattle/Texas/24-008749-003/2024(H5N1)	1890	779
PB1|PP755595.1|A/cattle/Texas/24-008749-003/2024(H5N1)	1891	2394
PB1|PP755595.1|A/cattle/Texas/24-008749-003/2024(H5N1)	1892	2401
PB1|PP755595.1|A/cattle/Texas/24-008749-003/2024(H5N1)	1893	2401
PB1|PP755595.1|A/cattle/Texas/24-008749-003/2024(H5N1)	1894	2403
PB1|PP755595.1|A/cattle/Texas/24-008749-003/2024(H5N1)	1895	2411
PB1|PP755595.1|A/cattle/Texas/24-008749-003/2024(H5N1)	1896	2412
PB1|PP755595.1|A/cattle/Texas/24-008749-003/2024(H5N1)	1897	2432
PB1|PP755595.1|A/cattle/Texas/24-008749-003/2024(H5N1)	1898	2443
PB1|PP755595.1|A/cattle/Texas/24-008749-003/2024(H5N1)	1899	2453
PB1|PP755595.1|A/cattle/Texas/24-008749-003/2024(H5N1)	1900	2466
PB1|PP755595.1|A/cattle/Texas/24-008749-003/2024(H5N1)	1901	2474
PB1|PP755595.1|A/cattle/Texas/24-008749-003/2024(H5N1)	1902	2504
PB1|PP755595.1|A/cattle/Texas/24-008749-003/2024(H5N1)	1903	2506
PB1|PP755595.1|A/cattle/Texas/24-008749-003/2024(H5N1)	1904	2529
PB1|PP755595.1|A/cattle/Texas/24-008749-003/2024(H5N1)	1905	2529
PB1|PP755595.1|A/cattle/Texas/24-008749-003/2024(H5N1)	1906	2561
PB1|PP755595.1|A/cattle/Texas/24-008749-003/2024(H5N1)	1907	2564
PB1|PP755595.1|A/cattle/Texas/24-008749-003/2024(H5N1)	1908	2570
PB1|PP755595.1|A/cattle/Texas/24-008749-003/2024(H5N1)	1909	2570
PB1|PP755595.1|A/cattle/Texas/24-008749-003/2024(H5N1)	1910	2570
PB1|PP755595.1|A/cattle/Texas/24-008749-003/2024(H5N1)	1911	2505
PB1|PP755595.1|A/cattle/Texas/24-008749-003/2024(H5N1)	1912	2505
PB1|PP755595.1|A/cattle/Texas/24-008749-003/2024(H5N1)	1913	2510
PB1|PP755595.1|A/cattle/Texas/24-008749-003/2024(H5N1)	1914	2510
PB1|PP755595.1|A/cattle/Texas/24-008749-003/2024(H5N1)	1915	2510
PB1|PP755595.1|A/cattle/Texas/24-008749-003/2024(H5N1)	1916	2510
PB1|PP755595.1|A/cattle/Texas/24-008749-003/2024(H5N1)	1917	2408
PB1|PP755595.1|A/cattle/Texas/24-008749-003/2024(H5N1)	1918	2425
PB1|PP755595.1|A/cattle/Texas/24-008749-003/2024(H5N1)	1919	2426
PB1|PP755595.1|A/cattle/Texas/24-008749-003/2024(H5N1)	1920	2426
PB1|PP755595.1|A/cattle/Texas/24-008749-003/2024(H5N1)	1921	2428
PB1|PP755595.1|A/cattle/Texas/24-008749-003/2024(H5N1)	1922	2438
PB1|PP755595.1|A/cattle/Texas/24-008749-003/2024(H5N1)	1923	2441
PB1|PP755595.1|A/cattle/Texas/24-008749-003/2024(H5N1)	1924	2739
PB1|PP755595.1|A/cattle/Texas/24-008749-003/2024(H5N1)	1925	2788
PB1|PP755595.1|A/cattle/Texas/24-008749-003/2024(H5N1)	1926	2798
PB1|PP755595.1|A/cattle/Texas/24-008749-003/2024(H5N1)	1927	2808
PB1|PP755595.1|A/cattle/Texas/24-008749-003/2024(H5N1)	1928	2809
PB1|PP755595.1|A/cattle/Texas/24-008749-003/2024(H5N1)	1929	2813
PB1|PP755595.1|A/cattle/Texas/24-008749-003/2024(H5N1)	1930	2813
PB1|PP755595.1|A/cattle/Texas/24-008749-003/2024(H5N1)	1931	2813
PB1|PP755595.1|A/cattle/Texas/24-008749-003/2024(H5N1)	1932	2814
PB1|PP755595.1|A/cattle/Texas/24-008749-003/2024(H5N1)	1933	2814
PB1|PP755595.1|A/cattle/Texas/24-008749-003/2024(H5N1)	1934	2814
PB1|PP755595.1|A/cattle/Texas/24-008749-003/2024(H5N1)	1935	2803
PB1|PP755595.1|A/cattle/Texas/24-008749-003/2024(H5N1)	1936	2792
PB1|PP755595.1|A/cattle/Texas/24-008749-003/2024(H5N1)	1937	2792
PB1|PP755595.1|A/cattle/Texas/24-008749-003/2024(H5N1)	1938	2792
PB1|PP755595.1|A/cattle/Texas/24-008749-003/2024(H5N1)	1939	2721
PB1|PP755595.1|A/cattle/Texas/24-008749-003/2024(H5N1)	1940	2718
PB1|PP755595.1|A/cattle/Texas/24-008749-003/2024(H5N1)	1941	2701
PB1|PP755595.1|A/cattle/Texas/24-008749-003/2024(H5N1)	1942	2697
PB1|PP755595.1|A/cattle/Texas/24-008749-003/2024(H5N1)	1943	2642
PB1|PP755595.1|A/cattle/Texas/24-008749-003/2024(H5N1)	1944	2155
PB1|PP755595.1|A/cattle/Texas/24-008749-003/2024(H5N1)	1945	2149
PB1|PP755595.1|A/cattle/Texas/24-008749-003/2024(H5N1)	1946	2128
PB1|PP755595.1|A/cattle/Texas/24-008749-003/2024(H5N1)	1947	2126
PB1|PP755595.1|A/cattle/Texas/24-008749-003/2024(H5N1)	1948	2126
PB1|PP755595.1|A/cattle/Texas/24-008749-003/2024(H5N1)	1949	2126
PB1|PP755595.1|A/cattle/Texas/24-008749-003/2024(H5N1)	1950	2114
PB1|PP755595.1|A/cattle/Texas/24-008749-003/2024(H5N1)	1951	2114
PB1|PP755595.1|A/cattle/Texas/24-008749-003/2024(H5N1)	1952	2114
PB1|PP755595.1|A/cattle/Texas/24-008749-003/2024(H5N1)	1953	2114
PB1|PP755595.1|A/cattle/Texas/24-008749-003/2024(H5N1)	1954	2114
PB1|PP755595.1|A/cattle/Texas/24-008749-003/2024(H5N1)	1955	2112
PB1|PP755595.1|A/cattle/Texas/24-008749-003/2024(H5N1)	1956	2105
PB1|PP755595.1|A/cattle/Texas/24-008749-003/2024(H5N1)	1957	2105
PB1|PP755595.1|A/cattle/Texas/24-008749-003/2024(H5N1)	1958	2105
PB1|PP755595.1|A/cattle/Texas/24-008749-003/2024(H5N1)	1959	2105
PB1|PP755595.1|A/cattle/Texas/24-008749-003/2024(H5N1)	1960	2105
PB1|PP755595.1|A/cattle/Texas/24-008749-003/2024(H5N1)	1961	2105
PB1|PP755595.1|A/cattle/Texas/24-008749-003/2024(H5N1)	1962	2105
PB1|PP755595.1|A/cattle/Texas/24-008749-003/2024(H5N1)	1963	2189
PB1|PP755595.1|A/cattle/Texas/24-008749-003/2024(H5N1)	1964	2189
PB1|PP755595.1|A/cattle/Texas/24-008749-003/2024(H5N1)	1965	2193
PB1|PP755595.1|A/cattle/Texas/24-008749-003/2024(H5N1)	1966	2198
PB1|PP755595.1|A/cattle/Texas/24-008749-003/2024(H5N1)	1967	2198
PB1|PP755595.1|A/cattle/Texas/24-008749-003/2024(H5N1)	1968	2198
PB1|PP755595.1|A/cattle/Texas/24-008749-003/2024(H5N1)	1969	2198
PB1|PP755595.1|A/cattle/Texas/24-008749-003/2024(H5N1)	1970	2160
PB1|PP755595.1|A/cattle/Texas/24-008749-003/2024(H5N1)	1971	2159
PB1|PP755595.1|A/cattle/Texas/24-008749-003/2024(H5N1)	1972	2158
PB1|PP755595.1|A/cattle/Texas/24-008749-003/2024(H5N1)	1973	2151
PB1|PP755595.1|A/cattle/Texas/24-008749-003/2024(H5N1)	1974	2143
PB1|PP755595.1|A/cattle/Texas/24-008749-003/2024(H5N1)	1975	2044
PB1|PP755595.1|A/cattle/Texas/24-008749-003/2024(H5N1)	1976	2038
PB1|PP755595.1|A/cattle/Texas/24-008749-003/2024(H5N1)	1977	1985
PB1|PP755595.1|A/cattle/Texas/24-008749-003/2024(H5N1)	1978	1983
PB1|PP755595.1|A/cattle/Texas/24-008749-003/2024(H5N1)	1979	1977
PB1|PP755595.1|A/cattle/Texas/24-008749-003/2024(H5N1)	1980	1941
PB1|PP755595.1|A/cattle/Texas/24-008749-003/2024(H5N1)	1981	1940
PB1|PP755595.1|A/cattle/Texas/24-008749-003/2024(H5N1)	1982	1939
PB1|PP755595.1|A/cattle/Texas/24-008749-003/2024(H5N1)	1983	922
PB1|PP755595.1|A/cattle/Texas/24-008749-003/2024(H5N1)	1984	912
PB1|PP755595.1|A/cattle/Texas/24-008749-003/2024(H5N1)	1985	883
PB1|PP755595.1|A/cattle/Texas/24-008749-003/2024(H5N1)	1986	875
PB1|PP755595.1|A/cattle/Texas/24-008749-003/2024(H5N1)	1987	875
PB1|PP755595.1|A/cattle/Texas/24-008749-003/2024(H5N1)	1988	875
PB1|PP755595.1|A/cattle/Texas/24-008749-003/2024(H5N1)	1989	872
PB1|PP755595.1|A/cattle/Texas/24-008749-003/2024(H5N1)	1990	872
PB1|PP755595.1|A/cattle/Texas/24-008749-003/2024(H5N1)	1991	872
PB1|PP755595.1|A/cattle/Texas/24-008749-003/2024(H5N1)	1992	872
PB1|PP755595.1|A/cattle/Texas/24-008749-003/2024(H5N1)	1993	872
PB1|PP755595.1|A/cattle/Texas/24-008749-003/2024(H5N1)	1994	855
PB1|PP755595.1|A/cattle/Texas/24-008749-003/2024(H5N1)	1995	855
PB1|PP755595.1|A/cattle/Texas/24-008749-003/2024(H5N1)	1996	855
PB1|PP755595.1|A/cattle/Texas/24-008749-003/2024(H5N1)	1997	855
PB1|PP755595.1|A/cattle/Texas/24-008749-003/2024(H5N1)	1998	855
PB1|PP755595.1|A/cattle/Texas/24-008749-003/2024(H5N1)	1999	782
PB1|PP755595.1|A/cattle/Texas/24-008749-003/2024(H5N1)	2000	780
PB1|PP755595.1|A/cattle/Texas/24-008749-003/2024(H5N1)	2001	678
PB1|PP755595.1|A/cattle/Texas/24-008749-003/2024(H5N1)	2002	678
PB1|PP755595.1|A/cattle/Texas/24-008749-003/2024(H5N1)	2003	678
PB1|PP755595.1|A/cattle/Texas/24-008749-003/2024(H5N1)	2004	677
PB1|PP755595.1|A/cattle/Texas/24-008749-003/2024(H5N1)	2005	677
PB1|PP755595.1|A/cattle/Texas/24-008749-003/2024(H5N1)	2006	641
PB1|PP755595.1|A/cattle/Texas/24-008749-003/2024(H5N1)	2007	640
PB1|PP755595.1|A/cattle/Texas/24-008749-003/2024(H5N1)	2008	640
PB1|PP755595.1|A/cattle/Texas/24-008749-003/2024(H5N1)	2009	602
PB1|PP755595.1|A/cattle/Texas/24-008749-003/2024(H5N1)	2010	601
PB1|PP755595.1|A/cattle/Texas/24-008749-003/2024(H5N1)	2011	578
PB1|PP755595.1|A/cattle/Texas/24-008749-003/2024(H5N1)	2012	578
PB1|PP755595.1|A/cattle/Texas/24-008749-003/2024(H5N1)	2013	557
PB1|PP755595.1|A/cattle/Texas/24-008749-003/2024(H5N1)	2014	499
PB1|PP755595.1|A/cattle/Texas/24-008749-003/2024(H5N1)	2015	499
PB1|PP755595.1|A/cattle/Texas/24-008749-003/2024(H5N1)	2016	492
PB1|PP755595.1|A/cattle/Texas/24-008749-003/2024(H5N1)	2017	492
PB1|PP755595.1|A/cattle/Texas/24-008749-003/2024(H5N1)	2018	492
PB1|PP755595.1|A/cattle/Texas/24-008749-003/2024(H5N1)	2019	462
PB1|PP755595.1|A/cattle/Texas/24-008749-003/2024(H5N1)	2020	464
PB1|PP755595.1|A/cattle/Texas/24-008749-003/2024(H5N1)	2021	464
PB1|PP755595.1|A/cattle/Texas/24-008749-003/2024(H5N1)	2022	464
PB1|PP755595.1|A/cattle/Texas/24-008749-003/2024(H5N1)	2023	464
PB1|PP755595.1|A/cattle/Texas/24-008749-003/2024(H5N1)	2024	426
PB1|PP755595.1|A/cattle/Texas/24-008749-003/2024(H5N1)	2025	423
PB1|PP755595.1|A/cattle/Texas/24-008749-003/2024(H5N1)	2026	423
PB1|PP755595.1|A/cattle/Texas/24-008749-003/2024(H5N1)	2027	423
PB1|PP755595.1|A/cattle/Texas/24-008749-003/2024(H5N1)	2028	423
PB1|PP755595.1|A/cattle/Texas/24-008749-003/2024(H5N1)	2029	408
PB1|PP755595.1|A/cattle/Texas/24-008749-003/2024(H5N1)	2030	355
PB1|PP755595.1|A/cattle/Texas/24-008749-003/2024(H5N1)	2031	293
PB1|PP755595.1|A/cattle/Texas/24-008749-003/2024(H5N1)	2032	293
PB1|PP755595.1|A/cattle/Texas/24-008749-003/2024(H5N1)	2033	293
PB1|PP755595.1|A/cattle/Texas/24-008749-003/2024(H5N1)	2034	287
PB1|PP755595.1|A/cattle/Texas/24-008749-003/2024(H5N1)	2035	287
PB1|PP755595.1|A/cattle/Texas/24-008749-003/2024(H5N1)	2036	286
PB1|PP755595.1|A/cattle/Texas/24-008749-003/2024(H5N1)	2037	286
PB1|PP755595.1|A/cattle/Texas/24-008749-003/2024(H5N1)	2038	286
PB1|PP755595.1|A/cattle/Texas/24-008749-003/2024(H5N1)	2039	285
PB1|PP755595.1|A/cattle/Texas/24-008749-003/2024(H5N1)	2040	282
PB1|PP755595.1|A/cattle/Texas/24-008749-003/2024(H5N1)	2041	261
PB1|PP755595.1|A/cattle/Texas/24-008749-003/2024(H5N1)	2042	201
PB1|PP755595.1|A/cattle/Texas/24-008749-003/2024(H5N1)	2043	193
PB1|PP755595.1|A/cattle/Texas/24-008749-003/2024(H5N1)	2044	193
PB1|PP755595.1|A/cattle/Texas/24-008749-003/2024(H5N1)	2045	196
PB1|PP755595.1|A/cattle/Texas/24-008749-003/2024(H5N1)	2046	196
PB1|PP755595.1|A/cattle/Texas/24-008749-003/2024(H5N1)	2047	200
PB1|PP755595.1|A/cattle/Texas/24-008749-003/2024(H5N1)	2048	200
PB1|PP755595.1|A/cattle/Texas/24-008749-003/2024(H5N1)	2049	200
PB1|PP755595.1|A/cattle/Texas/24-008749-003/2024(H5N1)	2050	200
PB1|PP755595.1|A/cattle/Texas/24-008749-003/2024(H5N1)	2051	199
PB1|PP755595.1|A/cattle/Texas/24-008749-003/2024(H5N1)	2052	199
PB1|PP755595.1|A/cattle/Texas/24-008749-003/2024(H5N1)	2053	200
PB1|PP755595.1|A/cattle/Texas/24-008749-003/2024(H5N1)	2054	202
PB1|PP755595.1|A/cattle/Texas/24-008749-003/2024(H5N1)	2055	203
PB1|PP755595.1|A/cattle/Texas/24-008749-003/2024(H5N1)	2056	1711
PB1|PP755595.1|A/cattle/Texas/24-008749-003/2024(H5N1)	2057	1713
PB1|PP755595.1|A/cattle/Texas/24-008749-003/2024(H5N1)	2058	1716
PB1|PP755595.1|A/cattle/Texas/24-008749-003/2024(H5N1)	2059	1716
PB1|PP755595.1|A/cattle/Texas/24-008749-003/2024(H5N1)	2060	1716
PB1|PP755595.1|A/cattle/Texas/24-008749-003/2024(H5N1)	2061	1716
PB1|PP755595.1|A/cattle/Texas/24-008749-003/2024(H5N1)	2062	1716
PB1|PP755595.1|A/cattle/Texas/24-008749-003/2024(H5N1)	2063	1716
PB1|PP755595.1|A/cattle/Texas/24-008749-003/2024(H5N1)	2064	1716
PB1|PP755595.1|A/cattle/Texas/24-008749-003/2024(H5N1)	2065	1684
PB1|PP755595.1|A/cattle/Texas/24-008749-003/2024(H5N1)	2066	1680
PB1|PP755595.1|A/cattle/Texas/24-008749-003/2024(H5N1)	2067	1673
PB1|PP755595.1|A/cattle/Texas/24-008749-003/2024(H5N1)	2068	1673
PB1|PP755595.1|A/cattle/Texas/24-008749-003/2024(H5N1)	2069	1672
PB1|PP755595.1|A/cattle/Texas/24-008749-003/2024(H5N1)	2070	1620
PB1|PP755595.1|A/cattle/Texas/24-008749-003/2024(H5N1)	2071	1620
PB1|PP755595.1|A/cattle/Texas/24-008749-003/2024(H5N1)	2072	1620
PB1|PP755595.1|A/cattle/Texas/24-008749-003/2024(H5N1)	2073	1619
PB1|PP755595.1|A/cattle/Texas/24-008749-003/2024(H5N1)	2074	1911
PB1|PP755595.1|A/cattle/Texas/24-008749-003/2024(H5N1)	2075	1929
PB1|PP755595.1|A/cattle/Texas/24-008749-003/2024(H5N1)	2076	1942
PB1|PP755595.1|A/cattle/Texas/24-008749-003/2024(H5N1)	2077	1942
PB1|PP755595.1|A/cattle/Texas/24-008749-003/2024(H5N1)	2078	1942
PB1|PP755595.1|A/cattle/Texas/24-008749-003/2024(H5N1)	2079	1942
PB1|PP755595.1|A/cattle/Texas/24-008749-003/2024(H5N1)	2080	1942
PB1|PP755595.1|A/cattle/Texas/24-008749-003/2024(H5N1)	2081	1942
PB1|PP755595.1|A/cattle/Texas/24-008749-003/2024(H5N1)	2082	1942
PB1|PP755595.1|A/cattle/Texas/24-008749-003/2024(H5N1)	2083	1957
PB1|PP755595.1|A/cattle/Texas/24-008749-003/2024(H5N1)	2084	2011
PB1|PP755595.1|A/cattle/Texas/24-008749-003/2024(H5N1)	2085	2039
PB1|PP755595.1|A/cattle/Texas/24-008749-003/2024(H5N1)	2086	2044
PB1|PP755595.1|A/cattle/Texas/24-008749-003/2024(H5N1)	2087	2044
PB1|PP755595.1|A/cattle/Texas/24-008749-003/2024(H5N1)	2088	2045
PB1|PP755595.1|A/cattle/Texas/24-008749-003/2024(H5N1)	2089	2048
PB1|PP755595.1|A/cattle/Texas/24-008749-003/2024(H5N1)	2090	2050
PB1|PP755595.1|A/cattle/Texas/24-008749-003/2024(H5N1)	2091	2050
PB1|PP755595.1|A/cattle/Texas/24-008749-003/2024(H5N1)	2092	2272
PB1|PP755595.1|A/cattle/Texas/24-008749-003/2024(H5N1)	2093	2375
PB1|PP755595.1|A/cattle/Texas/24-008749-003/2024(H5N1)	2094	2381
PB1|PP755595.1|A/cattle/Texas/24-008749-003/2024(H5N1)	2095	2392
PB1|PP755595.1|A/cattle/Texas/24-008749-003/2024(H5N1)	2096	2443
PB1|PP755595.1|A/cattle/Texas/24-008749-003/2024(H5N1)	2097	2460
PB1|PP755595.1|A/cattle/Texas/24-008749-003/2024(H5N1)	2098	2526
PB1|PP755595.1|A/cattle/Texas/24-008749-003/2024(H5N1)	2099	2548
PB1|PP755595.1|A/cattle/Texas/24-008749-003/2024(H5N1)	2100	2557
PB1|PP755595.1|A/cattle/Texas/24-008749-003/2024(H5N1)	2101	2560
PB1|PP755595.1|A/cattle/Texas/24-008749-003/2024(H5N1)	2102	2554
PB1|PP755595.1|A/cattle/Texas/24-008749-003/2024(H5N1)	2103	2484
PB1|PP755595.1|A/cattle/Texas/24-008749-003/2024(H5N1)	2104	2484
PB1|PP755595.1|A/cattle/Texas/24-008749-003/2024(H5N1)	2105	2501
PB1|PP755595.1|A/cattle/Texas/24-008749-003/2024(H5N1)	2106	2831
PB1|PP755595.1|A/cattle/Texas/24-008749-003/2024(H5N1)	2107	3008
PB1|PP755595.1|A/cattle/Texas/24-008749-003/2024(H5N1)	2108	3015
PB1|PP755595.1|A/cattle/Texas/24-008749-003/2024(H5N1)	2109	3076
PB1|PP755595.1|A/cattle/Texas/24-008749-003/2024(H5N1)	2110	3150
PB1|PP755595.1|A/cattle/Texas/24-008749-003/2024(H5N1)	2111	3158
PB1|PP755595.1|A/cattle/Texas/24-008749-003/2024(H5N1)	2112	3204
PB1|PP755595.1|A/cattle/Texas/24-008749-003/2024(H5N1)	2113	3222
PB1|PP755595.1|A/cattle/Texas/24-008749-003/2024(H5N1)	2114	3217
PB1|PP755595.1|A/cattle/Texas/24-008749-003/2024(H5N1)	2115	3235
PB1|PP755595.1|A/cattle/Texas/24-008749-003/2024(H5N1)	2116	3163
PB1|PP755595.1|A/cattle/Texas/24-008749-003/2024(H5N1)	2117	3128
PB1|PP755595.1|A/cattle/Texas/24-008749-003/2024(H5N1)	2118	3201
PB1|PP755595.1|A/cattle/Texas/24-008749-003/2024(H5N1)	2119	3152
PB1|PP755595.1|A/cattle/Texas/24-008749-003/2024(H5N1)	2120	3147
PB1|PP755595.1|A/cattle/Texas/24-008749-003/2024(H5N1)	2121	3084
PB1|PP755595.1|A/cattle/Texas/24-008749-003/2024(H5N1)	2122	3157
PB1|PP755595.1|A/cattle/Texas/24-008749-003/2024(H5N1)	2123	3164
PB1|PP755595.1|A/cattle/Texas/24-008749-003/2024(H5N1)	2124	3162
PB1|PP755595.1|A/cattle/Texas/24-008749-003/2024(H5N1)	2125	3231
PB1|PP755595.1|A/cattle/Texas/24-008749-003/2024(H5N1)	2126	3261
PB1|PP755595.1|A/cattle/Texas/24-008749-003/2024(H5N1)	2127	3269
PB1|PP755595.1|A/cattle/Texas/24-008749-003/2024(H5N1)	2128	3276
PB1|PP755595.1|A/cattle/Texas/24-008749-003/2024(H5N1)	2129	3282
PB1|PP755595.1|A/cattle/Texas/24-008749-003/2024(H5N1)	2130	3315
PB1|PP755595.1|A/cattle/Texas/24-008749-003/2024(H5N1)	2131	3321
PB1|PP755595.1|A/cattle/Texas/24-008749-003/2024(H5N1)	2132	3306
PB1|PP755595.1|A/cattle/Texas/24-008749-003/2024(H5N1)	2133	3295
PB1|PP755595.1|A/cattle/Texas/24-008749-003/2024(H5N1)	2134	3505
PB1|PP755595.1|A/cattle/Texas/24-008749-003/2024(H5N1)	2135	3445
PB1|PP755595.1|A/cattle/Texas/24-008749-003/2024(H5N1)	2136	3443
PB1|PP755595.1|A/cattle/Texas/24-008749-003/2024(H5N1)	2137	3437
PB1|PP755595.1|A/cattle/Texas/24-008749-003/2024(H5N1)	2138	3488
PB1|PP755595.1|A/cattle/Texas/24-008749-003/2024(H5N1)	2139	3356
PB1|PP755595.1|A/cattle/Texas/24-008749-003/2024(H5N1)	2140	3584
PB1|PP755595.1|A/cattle/Texas/24-008749-003/2024(H5N1)	2141	3586
PB1|PP755595.1|A/cattle/Texas/24-008749-003/2024(H5N1)	2142	3627
PB1|PP755595.1|A/cattle/Texas/24-008749-003/2024(H5N1)	2143	3667
PB1|PP755595.1|A/cattle/Texas/24-008749-003/2024(H5N1)	2144	3672
PB1|PP755595.1|A/cattle/Texas/24-008749-003/2024(H5N1)	2145	3656
PB1|PP755595.1|A/cattle/Texas/24-008749-003/2024(H5N1)	2146	3668
PB1|PP755595.1|A/cattle/Texas/24-008749-003/2024(H5N1)	2147	3648
PB1|PP755595.1|A/cattle/Texas/24-008749-003/2024(H5N1)	2148	3684
PB1|PP755595.1|A/cattle/Texas/24-008749-003/2024(H5N1)	2149	3674
PB1|PP755595.1|A/cattle/Texas/24-008749-003/2024(H5N1)	2150	3687
PB1|PP755595.1|A/cattle/Texas/24-008749-003/2024(H5N1)	2151	3661
PB1|PP755595.1|A/cattle/Texas/24-008749-003/2024(H5N1)	2152	3661
PB1|PP755595.1|A/cattle/Texas/24-008749-003/2024(H5N1)	2153	3629
PB1|PP755595.1|A/cattle/Texas/24-008749-003/2024(H5N1)	2154	3665
PB1|PP755595.1|A/cattle/Texas/24-008749-003/2024(H5N1)	2155	3681
PB1|PP755595.1|A/cattle/Texas/24-008749-003/2024(H5N1)	2156	3709
PB1|PP755595.1|A/cattle/Texas/24-008749-003/2024(H5N1)	2157	3632
PB1|PP755595.1|A/cattle/Texas/24-008749-003/2024(H5N1)	2158	3639
PB1|PP755595.1|A/cattle/Texas/24-008749-003/2024(H5N1)	2159	3659
PB1|PP755595.1|A/cattle/Texas/24-008749-003/2024(H5N1)	2160	3663
PB1|PP755595.1|A/cattle/Texas/24-008749-003/2024(H5N1)	2161	3663
PB1|PP755595.1|A/cattle/Texas/24-008749-003/2024(H5N1)	2162	3664
PB1|PP755595.1|A/cattle/Texas/24-008749-003/2024(H5N1)	2163	3727
PB1|PP755595.1|A/cattle/Texas/24-008749-003/2024(H5N1)	2164	3735
PB1|PP755595.1|A/cattle/Texas/24-008749-003/2024(H5N1)	2165	3704
PB1|PP755595.1|A/cattle/Texas/24-008749-003/2024(H5N1)	2166	4252
PB1|PP755595.1|A/cattle/Texas/24-008749-003/2024(H5N1)	2167	4368
PB1|PP755595.1|A/cattle/Texas/24-008749-003/2024(H5N1)	2168	4374
PB1|PP755595.1|A/cattle/Texas/24-008749-003/2024(H5N1)	2169	4543
PB1|PP755595.1|A/cattle/Texas/24-008749-003/2024(H5N1)	2170	4548
PB1|PP755595.1|A/cattle/Texas/24-008749-003/2024(H5N1)	2171	4631
PB1|PP755595.1|A/cattle/Texas/24-008749-003/2024(H5N1)	2172	4380
PB1|PP755595.1|A/cattle/Texas/24-008749-003/2024(H5N1)	2173	4381
PB1|PP755595.1|A/cattle/Texas/24-008749-003/2024(H5N1)	2174	4385
PB1|PP755595.1|A/cattle/Texas/24-008749-003/2024(H5N1)	2175	4384
PB1|PP755595.1|A/cattle/Texas/24-008749-003/2024(H5N1)	2176	4386
PB1|PP755595.1|A/cattle/Texas/24-008749-003/2024(H5N1)	2177	4387
PB1|PP755595.1|A/cattle/Texas/24-008749-003/2024(H5N1)	2178	4387
PB1|PP755595.1|A/cattle/Texas/24-008749-003/2024(H5N1)	2179	4406
PB1|PP755595.1|A/cattle/Texas/24-008749-003/2024(H5N1)	2180	4404
PB1|PP755595.1|A/cattle/Texas/24-008749-003/2024(H5N1)	2181	4269
PB1|PP755595.1|A/cattle/Texas/24-008749-003/2024(H5N1)	2182	4270
PB1|PP755595.1|A/cattle/Texas/24-008749-003/2024(H5N1)	2183	4270
PB1|PP755595.1|A/cattle/Texas/24-008749-003/2024(H5N1)	2184	4269
PB1|PP755595.1|A/cattle/Texas/24-008749-003/2024(H5N1)	2185	4277
PB1|PP755595.1|A/cattle/Texas/24-008749-003/2024(H5N1)	2186	4283
PB1|PP755595.1|A/cattle/Texas/24-008749-003/2024(H5N1)	2187	4238
PB1|PP755595.1|A/cattle/Texas/24-008749-003/2024(H5N1)	2188	4245
PB1|PP755595.1|A/cattle/Texas/24-008749-003/2024(H5N1)	2189	4246
PB1|PP755595.1|A/cattle/Texas/24-008749-003/2024(H5N1)	2190	4246
PB1|PP755595.1|A/cattle/Texas/24-008749-003/2024(H5N1)	2191	4248
PB1|PP755595.1|A/cattle/Texas/24-008749-003/2024(H5N1)	2192	4282
PB1|PP755595.1|A/cattle/Texas/24-008749-003/2024(H5N1)	2193	4276
PB1|PP755595.1|A/cattle/Texas/24-008749-003/2024(H5N1)	2194	4268
PB1|PP755595.1|A/cattle/Texas/24-008749-003/2024(H5N1)	2195	4206
PB1|PP755595.1|A/cattle/Texas/24-008749-003/2024(H5N1)	2196	4204
PB1|PP755595.1|A/cattle/Texas/24-008749-003/2024(H5N1)	2197	4203
PB1|PP755595.1|A/cattle/Texas/24-008749-003/2024(H5N1)	2198	4200
PB1|PP755595.1|A/cattle/Texas/24-008749-003/2024(H5N1)	2199	4194
PB1|PP755595.1|A/cattle/Texas/24-008749-003/2024(H5N1)	2200	3832
PB1|PP755595.1|A/cattle/Texas/24-008749-003/2024(H5N1)	2201	3834
PB1|PP755595.1|A/cattle/Texas/24-008749-003/2024(H5N1)	2202	3851
PB1|PP755595.1|A/cattle/Texas/24-008749-003/2024(H5N1)	2203	3851
PB1|PP755595.1|A/cattle/Texas/24-008749-003/2024(H5N1)	2204	3851
PB1|PP755595.1|A/cattle/Texas/24-008749-003/2024(H5N1)	2205	3850
PB1|PP755595.1|A/cattle/Texas/24-008749-003/2024(H5N1)	2206	3850
PB1|PP755595.1|A/cattle/Texas/24-008749-003/2024(H5N1)	2207	3853
PB1|PP755595.1|A/cattle/Texas/24-008749-003/2024(H5N1)	2208	3848
PB1|PP755595.1|A/cattle/Texas/24-008749-003/2024(H5N1)	2209	3884
PB1|PP755595.1|A/cattle/Texas/24-008749-003/2024(H5N1)	2210	3886
PB1|PP755595.1|A/cattle/Texas/24-008749-003/2024(H5N1)	2211	3896
PB1|PP755595.1|A/cattle/Texas/24-008749-003/2024(H5N1)	2212	3894
PB1|PP755595.1|A/cattle/Texas/24-008749-003/2024(H5N1)	2213	3892
PB1|PP755595.1|A/cattle/Texas/24-008749-003/2024(H5N1)	2214	3889
PB1|PP755595.1|A/cattle/Texas/24-008749-003/2024(H5N1)	2215	3911
PB1|PP755595.1|A/cattle/Texas/24-008749-003/2024(H5N1)	2216	3921
PB1|PP755595.1|A/cattle/Texas/24-008749-003/2024(H5N1)	2217	3928
PB1|PP755595.1|A/cattle/Texas/24-008749-003/2024(H5N1)	2218	3930
PB1|PP755595.1|A/cattle/Texas/24-008749-003/2024(H5N1)	2219	3933
PB1|PP755595.1|A/cattle/Texas/24-008749-003/2024(H5N1)	2220	3936
PB1|PP755595.1|A/cattle/Texas/24-008749-003/2024(H5N1)	2221	3931
PB1|PP755595.1|A/cattle/Texas/24-008749-003/2024(H5N1)	2222	3900
PB1|PP755595.1|A/cattle/Texas/24-008749-003/2024(H5N1)	2223	3897
PB1|PP755595.1|A/cattle/Texas/24-008749-003/2024(H5N1)	2224	3897
PB1|PP755595.1|A/cattle/Texas/24-008749-003/2024(H5N1)	2225	3886
PB1|PP755595.1|A/cattle/Texas/24-008749-003/2024(H5N1)	2226	3884
PB1|PP755595.1|A/cattle/Texas/24-008749-003/2024(H5N1)	2227	3877
PB1|PP755595.1|A/cattle/Texas/24-008749-003/2024(H5N1)	2228	3877
PB1|PP755595.1|A/cattle/Texas/24-008749-003/2024(H5N1)	2229	3878
PB1|PP755595.1|A/cattle/Texas/24-008749-003/2024(H5N1)	2230	3897
PB1|PP755595.1|A/cattle/Texas/24-008749-003/2024(H5N1)	2231	3900
PB1|PP755595.1|A/cattle/Texas/24-008749-003/2024(H5N1)	2232	3884
PB1|PP755595.1|A/cattle/Texas/24-008749-003/2024(H5N1)	2233	3886
PB1|PP755595.1|A/cattle/Texas/24-008749-003/2024(H5N1)	2234	3871
PB1|PP755595.1|A/cattle/Texas/24-008749-003/2024(H5N1)	2235	3814
PB1|PP755595.1|A/cattle/Texas/24-008749-003/2024(H5N1)	2236	3772
PB1|PP755595.1|A/cattle/Texas/24-008749-003/2024(H5N1)	2237	3764
PB1|PP755595.1|A/cattle/Texas/24-008749-003/2024(H5N1)	2238	3747
PB1|PP755595.1|A/cattle/Texas/24-008749-003/2024(H5N1)	2239	3636
PB1|PP755595.1|A/cattle/Texas/24-008749-003/2024(H5N1)	2240	3640
PB1|PP755595.1|A/cattle/Texas/24-008749-003/2024(H5N1)	2241	3636
PB1|PP755595.1|A/cattle/Texas/24-008749-003/2024(H5N1)	2242	3635
PB1|PP755595.1|A/cattle/Texas/24-008749-003/2024(H5N1)	2243	3629
PB1|PP755595.1|A/cattle/Texas/24-008749-003/2024(H5N1)	2244	3497
PB1|PP755595.1|A/cattle/Texas/24-008749-003/2024(H5N1)	2245	3496
PB1|PP755595.1|A/cattle/Texas/24-008749-003/2024(H5N1)	2246	3509
PB1|PP755595.1|A/cattle/Texas/24-008749-003/2024(H5N1)	2247	3436
PB1|PP755595.1|A/cattle/Texas/24-008749-003/2024(H5N1)	2248	3421
PB1|PP755595.1|A/cattle/Texas/24-008749-003/2024(H5N1)	2249	3331
PB1|PP755595.1|A/cattle/Texas/24-008749-003/2024(H5N1)	2250	3302
PB1|PP755595.1|A/cattle/Texas/24-008749-003/2024(H5N1)	2251	3290
PB1|PP755595.1|A/cattle/Texas/24-008749-003/2024(H5N1)	2252	3286
PB1|PP755595.1|A/cattle/Texas/24-008749-003/2024(H5N1)	2253	3281
PB1|PP755595.1|A/cattle/Texas/24-008749-003/2024(H5N1)	2254	3266
PB1|PP755595.1|A/cattle/Texas/24-008749-003/2024(H5N1)	2255	2871
PB1|PP755595.1|A/cattle/Texas/24-008749-003/2024(H5N1)	2256	2856
PB1|PP755595.1|A/cattle/Texas/24-008749-003/2024(H5N1)	2257	2723
PB1|PP755595.1|A/cattle/Texas/24-008749-003/2024(H5N1)	2258	2687
PB1|PP755595.1|A/cattle/Texas/24-008749-003/2024(H5N1)	2259	2687
PB1|PP755595.1|A/cattle/Texas/24-008749-003/2024(H5N1)	2260	2635
PB1|PP755595.1|A/cattle/Texas/24-008749-003/2024(H5N1)	2261	2582
PB1|PP755595.1|A/cattle/Texas/24-008749-003/2024(H5N1)	2262	2580
PB1|PP755595.1|A/cattle/Texas/24-008749-003/2024(H5N1)	2263	2521
PB1|PP755595.1|A/cattle/Texas/24-008749-003/2024(H5N1)	2264	2495
PB1|PP755595.1|A/cattle/Texas/24-008749-003/2024(H5N1)	2265	2384
PB1|PP755595.1|A/cattle/Texas/24-008749-003/2024(H5N1)	2266	2358
PB1|PP755595.1|A/cattle/Texas/24-008749-003/2024(H5N1)	2267	2352
PB1|PP755595.1|A/cattle/Texas/24-008749-003/2024(H5N1)	2268	45
PB1|PP755595.1|A/cattle/Texas/24-008749-003/2024(H5N1)	2269	45
PB1|PP755595.1|A/cattle/Texas/24-008749-003/2024(H5N1)	2270	42
PB1|PP755595.1|A/cattle/Texas/24-008749-003/2024(H5N1)	2271	39
PB1|PP755595.1|A/cattle/Texas/24-008749-003/2024(H5N1)	2272	35
PB1|PP755595.1|A/cattle/Texas/24-008749-003/2024(H5N1)	2273	35
PB1|PP755595.1|A/cattle/Texas/24-008749-003/2024(H5N1)	2274	29
