PB2|PP755596.1|A/cattle/Texas/24-008749-003/2024(H5N1)	1	39310
PB2|PP755596.1|A/cattle/Texas/24-008749-003/2024(H5N1)	2	39411
PB2|PP755596.1|A/cattle/Texas/24-008749-003/2024(H5N1)	3	39938
PB2|PP755596.1|A/cattle/Texas/24-008749-003/2024(H5N1)	4	40026
PB2|PP755596.1|A/cattle/Texas/24-008749-003/2024(H5N1)	5	40177
PB2|PP755596.1|A/cattle/Texas/24-008749-003/2024(H5N1)	6	40379
PB2|PP755596.1|A/cattle/Texas/24-008749-003/2024(H5N1)	7	40512
PB2|PP755596.1|A/cattle/Texas/24-008749-003/2024(H5N1)	8	44157
PB2|PP755596.1|A/cattle/Texas/24-008749-003/2024(H5N1)	9	44319
PB2|PP755596.1|A/cattle/Texas/24-008749-003/2024(H5N1)	10	44512
PB2|PP755596.1|A/cattle/Texas/24-008749-003/2024(H5N1)	11	45235
PB2|PP755596.1|A/cattle/Texas/24-008749-003/2024(H5N1)	12	45331
PB2|PP755596.1|A/cattle/Texas/24-008749-003/2024(H5N1)	13	45600
PB2|PP755596.1|A/cattle/Texas/24-008749-003/2024(H5N1)	14	45650
PB2|PP755596.1|A/cattle/Texas/24-008749-003/2024(H5N1)	15	45715
PB2|PP755596.1|A/cattle/Texas/24-008749-003/2024(H5N1)	16	46528
PB2|PP755596.1|A/cattle/Texas/24-008749-003/2024(H5N1)	17	46864
PB2|PP755596.1|A/cattle/Texas/24-008749-003/2024(H5N1)	18	47023
PB2|PP755596.1|A/cattle/Texas/24-008749-003/2024(H5N1)	19	47162
PB2|PP755596.1|A/cattle/Texas/24-008749-003/2024(H5N1)	20	47188
PB2|PP755596.1|A/cattle/Texas/24-008749-003/2024(H5N1)	21	47571
PB2|PP755596.1|A/cattle/Texas/24-008749-003/2024(H5N1)	22	47649
PB2|PP755596.1|A/cattle/Texas/24-008749-003/2024(H5N1)	23	47781
PB2|PP755596.1|A/cattle/Texas/24-008749-003/2024(H5N1)	24	48053
PB2|PP755596.1|A/cattle/Texas/24-008749-003/2024(H5N1)	25	50397
PB2|PP755596.1|A/cattle/Texas/24-008749-003/2024(H5N1)	26	51711
PB2|PP755596.1|A/cattle/Texas/24-008749-003/2024(H5N1)	27	51839
PB2|PP755596.1|A/cattle/Texas/24-008749-003/2024(H5N1)	28	52041
PB2|PP755596.1|A/cattle/Texas/24-008749-003/2024(H5N1)	29	52208
PB2|PP755596.1|A/cattle/Texas/24-008749-003/2024(H5N1)	30	52467
PB2|PP755596.1|A/cattle/Texas/24-008749-003/2024(H5N1)	31	53192
PB2|PP755596.1|A/cattle/Texas/24-008749-003/2024(H5N1)	32	53625
PB2|PP755596.1|A/cattle/Texas/24-008749-003/2024(H5N1)	33	54004
PB2|PP755596.1|A/cattle/Texas/24-008749-003/2024(H5N1)	34	54458
PB2|PP755596.1|A/cattle/Texas/24-008749-003/2024(H5N1)	35	54531
PB2|PP755596.1|A/cattle/Texas/24-008749-003/2024(H5N1)	36	54534
PB2|PP755596.1|A/cattle/Texas/24-008749-003/2024(H5N1)	37	54631
PB2|PP755596.1|A/cattle/Texas/24-008749-003/2024(H5N1)	38	54615
PB2|PP755596.1|A/cattle/Texas/24-008749-003/2024(H5N1)	39	57629
PB2|PP755596.1|A/cattle/Texas/24-008749-003/2024(H5N1)	40	58341
PB2|PP755596.1|A/cattle/Texas/24-008749-003/2024(H5N1)	41	58500
PB2|PP755596.1|A/cattle/Texas/24-008749-003/2024(H5N1)	42	58590
PB2|PP755596.1|A/cattle/Texas/24-008749-003/2024(H5N1)	43	58716
PB2|PP755596.1|A/cattle/Texas/24-008749-003/2024(H5N1)	44	58795
PB2|PP755596.1|A/cattle/Texas/24-008749-003/2024(H5N1)	45	59080
PB2|PP755596.1|A/cattle/Texas/24-008749-003/2024(H5N1)	46	59198
PB2|PP755596.1|A/cattle/Texas/24-008749-003/2024(H5N1)	47	59768
PB2|PP755596.1|A/cattle/Texas/24-008749-003/2024(H5N1)	48	59642
PB2|PP755596.1|A/cattle/Texas/24-008749-003/2024(H5N1)	49	60949
PB2|PP755596.1|A/cattle/Texas/24-008749-003/2024(H5N1)	50	61048
PB2|PP755596.1|A/cattle/Texas/24-008749-003/2024(H5N1)	51	61437
PB2|PP755596.1|A/cattle/Texas/24-008749-003/2024(H5N1)	52	61445
PB2|PP755596.1|A/cattle/Texas/24-008749-003/2024(H5N1)	53	61606
PB2|PP755596.1|A/cattle/Texas/24-008749-003/2024(H5N1)	54	61699
PB2|PP755596.1|A/cattle/Texas/24-008749-003/2024(H5N1)	55	64203
PB2|PP755596.1|A/cattle/Texas/24-008749-003/2024(H5N1)	56	64295
PB2|PP755596.1|A/cattle/Texas/24-008749-003/2024(H5N1)	57	64470
PB2|PP755596.1|A/cattle/Texas/24-008749-003/2024(H5N1)	58	64592
PB2|PP755596.1|A/cattle/Texas/24-008749-003/2024(H5N1)	59	64597
PB2|PP755596.1|A/cattle/Texas/24-008749-003/2024(H5N1)	60	65406
PB2|PP755596.1|A/cattle/Texas/24-008749-003/2024(H5N1)	61	65888
PB2|PP755596.1|A/cattle/Texas/24-008749-003/2024(H5N1)	62	66241
PB2|PP755596.1|A/cattle/Texas/24-008749-003/2024(H5N1)	63	66379
PB2|PP755596.1|A/cattle/Texas/24-008749-003/2024(H5N1)	64	66204
PB2|PP755596.1|A/cattle/Texas/24-008749-003/2024(H5N1)	65	66579
PB2|PP755596.1|A/cattle/Texas/24-008749-003/2024(H5N1)	66	67168
PB2|PP755596.1|A/cattle/Texas/24-008749-003/2024(H5N1)	67	67332
PB2|PP755596.1|A/cattle/Texas/24-008749-003/2024(H5N1)	68	67937
PB2|PP755596.1|A/cattle/Texas/24-008749-003/2024(H5N1)	69	67935
PB2|PP755596.1|A/cattle/Texas/24-008749-003/2024(H5N1)	70	68202
PB2|PP755596.1|A/cattle/Texas/24-008749-003/2024(H5N1)	71	69547
PB2|PP755596.1|A/cattle/Texas/24-008749-003/2024(H5N1)	72	69726
PB2|PP755596.1|A/cattle/Texas/24-008749-003/2024(H5N1)	73	71339
PB2|PP755596.1|A/cattle/Texas/24-008749-003/2024(H5N1)	74	70184
PB2|PP755596.1|A/cattle/Texas/24-008749-003/2024(H5N1)	75	70281
PB2|PP755596.1|A/cattle/Texas/24-008749-003/2024(H5N1)	76	70319
PB2|PP755596.1|A/cattle/Texas/24-008749-003/2024(H5N1)	77	70465
PB2|PP755596.1|A/cattle/Texas/24-008749-003/2024(H5N1)	78	71257
PB2|PP755596.1|A/cattle/Texas/24-008749-003/2024(H5N1)	79	71477
PB2|PP755596.1|A/cattle/Texas/24-008749-003/2024(H5N1)	80	71273
PB2|PP755596.1|A/cattle/Texas/24-008749-003/2024(H5N1)	81	71584
PB2|PP755596.1|A/cattle/Texas/24-008749-003/2024(H5N1)	82	71073
PB2|PP755596.1|A/cattle/Texas/24-008749-003/2024(H5N1)	83	70587
PB2|PP755596.1|A/cattle/Texas/24-008749-003/2024(H5N1)	84	70767
PB2|PP755596.1|A/cattle/Texas/24-008749-003/2024(H5N1)	85	72183
PB2|PP755596.1|A/cattle/Texas/24-008749-003/2024(H5N1)	86	72371
PB2|PP755596.1|A/cattle/Texas/24-008749-003/2024(H5N1)	87	72237
PB2|PP755596.1|A/cattle/Texas/24-008749-003/2024(H5N1)	88	72388
PB2|PP755596.1|A/cattle/Texas/24-008749-003/2024(H5N1)	89	72856
PB2|PP755596.1|A/cattle/Texas/24-008749-003/2024(H5N1)	90	72808
PB2|PP755596.1|A/cattle/Texas/24-008749-003/2024(H5N1)	91	73352
PB2|PP755596.1|A/cattle/Texas/24-008749-003/2024(H5N1)	92	73366
PB2|PP755596.1|A/cattle/Texas/24-008749-003/2024(H5N1)	93	73472
PB2|PP755596.1|A/cattle/Texas/24-008749-003/2024(H5N1)	94	73482
PB2|PP755596.1|A/cattle/Texas/24-008749-003/2024(H5N1)	95	73616
PB2|PP755596.1|A/cattle/Texas/24-008749-003/2024(H5N1)	96	74063
PB2|PP755596.1|A/cattle/Texas/24-008749-003/2024(H5N1)	97	74575
PB2|PP755596.1|A/cattle/Texas/24-008749-003/2024(H5N1)	98	74152
PB2|PP755596.1|A/cattle/Texas/24-008749-003/2024(H5N1)	99	75015
PB2|PP755596.1|A/cattle/Texas/24-008749-003/2024(H5N1)	100	75005
PB2|PP755596.1|A/cattle/Texas/24-008749-003/2024(H5N1)	101	74741
PB2|PP755596.1|A/cattle/Texas/24-008749-003/2024(H5N1)	102	74388
PB2|PP755596.1|A/cattle/Texas/24-008749-003/2024(H5N1)	103	74619
PB2|PP755596.1|A/cattle/Texas/24-008749-003/2024(H5N1)	104	75830
PB2|PP755596.1|A/cattle/Texas/24-008749-003/2024(H5N1)	105	75749
PB2|PP755596.1|A/cattle/Texas/24-008749-003/2024(H5N1)	106	75957
PB2|PP755596.1|A/cattle/Texas/24-008749-003/2024(H5N1)	107	75675
PB2|PP755596.1|A/cattle/Texas/24-008749-003/2024(H5N1)	108	75116
PB2|PP755596.1|A/cattle/Texas/24-008749-003/2024(H5N1)	109	74199
PB2|PP755596.1|A/cattle/Texas/24-008749-003/2024(H5N1)	110	74536
PB2|PP755596.1|A/cattle/Texas/24-008749-003/2024(H5N1)	111	74542
PB2|PP755596.1|A/cattle/Texas/24-008749-003/2024(H5N1)	112	74050
PB2|PP755596.1|A/cattle/Texas/24-008749-003/2024(H5N1)	113	73921
PB2|PP755596.1|A/cattle/Texas/24-008749-003/2024(H5N1)	114	73254
PB2|PP755596.1|A/cattle/Texas/24-008749-003/2024(H5N1)	115	73476
PB2|PP755596.1|A/cattle/Texas/24-008749-003/2024(H5N1)	116	73539
PB2|PP755596.1|A/cattle/Texas/24-008749-003/2024(H5N1)	117	73594
PB2|PP755596.1|A/cattle/Texas/24-008749-003/2024(H5N1)	118	74401
PB2|PP755596.1|A/cattle/Texas/24-008749-003/2024(H5N1)	119	74876
PB2|PP755596.1|A/cattle/Texas/24-008749-003/2024(H5N1)	120	74929
PB2|PP755596.1|A/cattle/Texas/24-008749-003/2024(H5N1)	121	74671
PB2|PP755596.1|A/cattle/Texas/24-008749-003/2024(H5N1)	122	74084
PB2|PP755596.1|A/cattle/Texas/24-008749-003/2024(H5N1)	123	72107
PB2|PP755596.1|A/cattle/Texas/24-008749-003/2024(H5N1)	124	61598
PB2|PP755596.1|A/cattle/Texas/24-008749-003/2024(H5N1)	125	55266
PB2|PP755596.1|A/cattle/Texas/24-008749-003/2024(H5N1)	126	51628
PB2|PP755596.1|A/cattle/Texas/24-008749-003/2024(H5N1)	127	51338
PB2|PP755596.1|A/cattle/Texas/24-008749-003/2024(H5N1)	128	51129
PB2|PP755596.1|A/cattle/Texas/24-008749-003/2024(H5N1)	129	51054
PB2|PP755596.1|A/cattle/Texas/24-008749-003/2024(H5N1)	130	51046
PB2|PP755596.1|A/cattle/Texas/24-008749-003/2024(H5N1)	131	50708
PB2|PP755596.1|A/cattle/Texas/24-008749-003/2024(H5N1)	132	49832
PB2|PP755596.1|A/cattle/Texas/24-008749-003/2024(H5N1)	133	47797
PB2|PP755596.1|A/cattle/Texas/24-008749-003/2024(H5N1)	134	47136
PB2|PP755596.1|A/cattle/Texas/24-008749-003/2024(H5N1)	135	46953
PB2|PP755596.1|A/cattle/Texas/24-008749-003/2024(H5N1)	136	46716
PB2|PP755596.1|A/cattle/Texas/24-008749-003/2024(H5N1)	137	46922
PB2|PP755596.1|A/cattle/Texas/24-008749-003/2024(H5N1)	138	45077
PB2|PP755596.1|A/cattle/Texas/24-008749-003/2024(H5N1)	139	45075
PB2|PP755596.1|A/cattle/Texas/24-008749-003/2024(H5N1)	140	43220
PB2|PP755596.1|A/cattle/Texas/24-008749-003/2024(H5N1)	141	43293
PB2|PP755596.1|A/cattle/Texas/24-008749-003/2024(H5N1)	142	43475
PB2|PP755596.1|A/cattle/Texas/24-008749-003/2024(H5N1)	143	42950
PB2|PP755596.1|A/cattle/Texas/24-008749-003/2024(H5N1)	144	42487
PB2|PP755596.1|A/cattle/Texas/24-008749-003/2024(H5N1)	145	41149
PB2|PP755596.1|A/cattle/Texas/24-008749-003/2024(H5N1)	146	38173
PB2|PP755596.1|A/cattle/Texas/24-008749-003/2024(H5N1)	147	36817
PB2|PP755596.1|A/cattle/Texas/24-008749-003/2024(H5N1)	148	36061
PB2|PP755596.1|A/cattle/Texas/24-008749-003/2024(H5N1)	149	35581
PB2|PP755596.1|A/cattle/Texas/24-008749-003/2024(H5N1)	150	34864
PB2|PP755596.1|A/cattle/Texas/24-008749-003/2024(H5N1)	151	34166
PB2|PP755596.1|A/cattle/Texas/24-008749-003/2024(H5N1)	152	34107
PB2|PP755596.1|A/cattle/Texas/24-008749-003/2024(H5N1)	153	33886
PB2|PP755596.1|A/cattle/Texas/24-008749-003/2024(H5N1)	154	33581
PB2|PP755596.1|A/cattle/Texas/24-008749-003/2024(H5N1)	155	33285
PB2|PP755596.1|A/cattle/Texas/24-008749-003/2024(H5N1)	156	33001
PB2|PP755596.1|A/cattle/Texas/24-008749-003/2024(H5N1)	157	32549
PB2|PP755596.1|A/cattle/Texas/24-008749-003/2024(H5N1)	158	32026
PB2|PP755596.1|A/cattle/Texas/24-008749-003/2024(H5N1)	159	30706
PB2|PP755596.1|A/cattle/Texas/24-008749-003/2024(H5N1)	160	29033
PB2|PP755596.1|A/cattle/Texas/24-008749-003/2024(H5N1)	161	28364
PB2|PP755596.1|A/cattle/Texas/24-008749-003/2024(H5N1)	162	27418
PB2|PP755596.1|A/cattle/Texas/24-008749-003/2024(H5N1)	163	27307
PB2|PP755596.1|A/cattle/Texas/24-008749-003/2024(H5N1)	164	26766
PB2|PP755596.1|A/cattle/Texas/24-008749-003/2024(H5N1)	165	25544
PB2|PP755596.1|A/cattle/Texas/24-008749-003/2024(H5N1)	166	25259
PB2|PP755596.1|A/cattle/Texas/24-008749-003/2024(H5N1)	167	25288
PB2|PP755596.1|A/cattle/Texas/24-008749-003/2024(H5N1)	168	25282
PB2|PP755596.1|A/cattle/Texas/24-008749-003/2024(H5N1)	169	25340
PB2|PP755596.1|A/cattle/Texas/24-008749-003/2024(H5N1)	170	25376
PB2|PP755596.1|A/cattle/Texas/24-008749-003/2024(H5N1)	171	25270
PB2|PP755596.1|A/cattle/Texas/24-008749-003/2024(H5N1)	172	24235
PB2|PP755596.1|A/cattle/Texas/24-008749-003/2024(H5N1)	173	24965
PB2|PP755596.1|A/cattle/Texas/24-008749-003/2024(H5N1)	174	24777
PB2|PP755596.1|A/cattle/Texas/24-008749-003/2024(H5N1)	175	24852
PB2|PP755596.1|A/cattle/Texas/24-008749-003/2024(H5N1)	176	24074
PB2|PP755596.1|A/cattle/Texas/24-008749-003/2024(H5N1)	177	24033
PB2|PP755596.1|A/cattle/Texas/24-008749-003/2024(H5N1)	178	23938
PB2|PP755596.1|A/cattle/Texas/24-008749-003/2024(H5N1)	179	23756
PB2|PP755596.1|A/cattle/Texas/24-008749-003/2024(H5N1)	180	23775
PB2|PP755596.1|A/cattle/Texas/24-008749-003/2024(H5N1)	181	23665
PB2|PP755596.1|A/cattle/Texas/24-008749-003/2024(H5N1)	182	23315
PB2|PP755596.1|A/cattle/Texas/24-008749-003/2024(H5N1)	183	22763
PB2|PP755596.1|A/cattle/Texas/24-008749-003/2024(H5N1)	184	22378
PB2|PP755596.1|A/cattle/Texas/24-008749-003/2024(H5N1)	185	22298
PB2|PP755596.1|A/cattle/Texas/24-008749-003/2024(H5N1)	186	22187
PB2|PP755596.1|A/cattle/Texas/24-008749-003/2024(H5N1)	187	20691
PB2|PP755596.1|A/cattle/Texas/24-008749-003/2024(H5N1)	188	20494
PB2|PP755596.1|A/cattle/Texas/24-008749-003/2024(H5N1)	189	20060
PB2|PP755596.1|A/cattle/Texas/24-008749-003/2024(H5N1)	190	18973
PB2|PP755596.1|A/cattle/Texas/24-008749-003/2024(H5N1)	191	18956
PB2|PP755596.1|A/cattle/Texas/24-008749-003/2024(H5N1)	192	18569
PB2|PP755596.1|A/cattle/Texas/24-008749-003/2024(H5N1)	193	18333
PB2|PP755596.1|A/cattle/Texas/24-008749-003/2024(H5N1)	194	18143
PB2|PP755596.1|A/cattle/Texas/24-008749-003/2024(H5N1)	195	17951
PB2|PP755596.1|A/cattle/Texas/24-008749-003/2024(H5N1)	196	17708
PB2|PP755596.1|A/cattle/Texas/24-008749-003/2024(H5N1)	197	17587
PB2|PP755596.1|A/cattle/Texas/24-008749-003/2024(H5N1)	198	16738
PB2|PP755596.1|A/cattle/Texas/24-008749-003/2024(H5N1)	199	15936
PB2|PP755596.1|A/cattle/Texas/24-008749-003/2024(H5N1)	200	15500
PB2|PP755596.1|A/cattle/Texas/24-008749-003/2024(H5N1)	201	15483
PB2|PP755596.1|A/cattle/Texas/24-008749-003/2024(H5N1)	202	15449
PB2|PP755596.1|A/cattle/Texas/24-008749-003/2024(H5N1)	203	14895
PB2|PP755596.1|A/cattle/Texas/24-008749-003/2024(H5N1)	204	14890
PB2|PP755596.1|A/cattle/Texas/24-008749-003/2024(H5N1)	205	13117
PB2|PP755596.1|A/cattle/Texas/24-008749-003/2024(H5N1)	206	12126
PB2|PP755596.1|A/cattle/Texas/24-008749-003/2024(H5N1)	207	11426
PB2|PP755596.1|A/cattle/Texas/24-008749-003/2024(H5N1)	208	11356
PB2|PP755596.1|A/cattle/Texas/24-008749-003/2024(H5N1)	209	11383
PB2|PP755596.1|A/cattle/Texas/24-008749-003/2024(H5N1)	210	11480
PB2|PP755596.1|A/cattle/Texas/24-008749-003/2024(H5N1)	211	11279
PB2|PP755596.1|A/cattle/Texas/24-008749-003/2024(H5N1)	212	10605
PB2|PP755596.1|A/cattle/Texas/24-008749-003/2024(H5N1)	213	10446
PB2|PP755596.1|A/cattle/Texas/24-008749-003/2024(H5N1)	214	10287
PB2|PP755596.1|A/cattle/Texas/24-008749-003/2024(H5N1)	215	9977
PB2|PP755596.1|A/cattle/Texas/24-008749-003/2024(H5N1)	216	9909
PB2|PP755596.1|A/cattle/Texas/24-008749-003/2024(H5N1)	217	9900
PB2|PP755596.1|A/cattle/Texas/24-008749-003/2024(H5N1)	218	9930
PB2|PP755596.1|A/cattle/Texas/24-008749-003/2024(H5N1)	219	9833
PB2|PP755596.1|A/cattle/Texas/24-008749-003/2024(H5N1)	220	9877
PB2|PP755596.1|A/cattle/Texas/24-008749-003/2024(H5N1)	221	9964
PB2|PP755596.1|A/cattle/Texas/24-008749-003/2024(H5N1)	222	9799
PB2|PP755596.1|A/cattle/Texas/24-008749-003/2024(H5N1)	223	9542
PB2|PP755596.1|A/cattle/Texas/24-008749-003/2024(H5N1)	224	9513
PB2|PP755596.1|A/cattle/Texas/24-008749-003/2024(H5N1)	225	8762
PB2|PP755596.1|A/cattle/Texas/24-008749-003/2024(H5N1)	226	8746
PB2|PP755596.1|A/cattle/Texas/24-008749-003/2024(H5N1)	227	8725
PB2|PP755596.1|A/cattle/Texas/24-008749-003/2024(H5N1)	228	8539
PB2|PP755596.1|A/cattle/Texas/24-008749-003/2024(H5N1)	229	8496
PB2|PP755596.1|A/cattle/Texas/24-008749-003/2024(H5N1)	230	8363
PB2|PP755596.1|A/cattle/Texas/24-008749-003/2024(H5N1)	231	8240
PB2|PP755596.1|A/cattle/Texas/24-008749-003/2024(H5N1)	232	7431
PB2|PP755596.1|A/cattle/Texas/24-008749-003/2024(H5N1)	233	7427
PB2|PP755596.1|A/cattle/Texas/24-008749-003/2024(H5N1)	234	7447
PB2|PP755596.1|A/cattle/Texas/24-008749-003/2024(H5N1)	235	7370
PB2|PP755596.1|A/cattle/Texas/24-008749-003/2024(H5N1)	236	7245
PB2|PP755596.1|A/cattle/Texas/24-008749-003/2024(H5N1)	237	7294
PB2|PP755596.1|A/cattle/Texas/24-008749-003/2024(H5N1)	238	7242
PB2|PP755596.1|A/cattle/Texas/24-008749-003/2024(H5N1)	239	7232
PB2|PP755596.1|A/cattle/Texas/24-008749-003/2024(H5N1)	240	7193
PB2|PP755596.1|A/cattle/Texas/24-008749-003/2024(H5N1)	241	7171
PB2|PP755596.1|A/cattle/Texas/24-008749-003/2024(H5N1)	242	7039
PB2|PP755596.1|A/cattle/Texas/24-008749-003/2024(H5N1)	243	6999
PB2|PP755596.1|A/cattle/Texas/24-008749-003/2024(H5N1)	244	6958
PB2|PP755596.1|A/cattle/Texas/24-008749-003/2024(H5N1)	245	6951
PB2|PP755596.1|A/cattle/Texas/24-008749-003/2024(H5N1)	246	6935
PB2|PP755596.1|A/cattle/Texas/24-008749-003/2024(H5N1)	247	6866
PB2|PP755596.1|A/cattle/Texas/24-008749-003/2024(H5N1)	248	6774
PB2|PP755596.1|A/cattle/Texas/24-008749-003/2024(H5N1)	249	6741
PB2|PP755596.1|A/cattle/Texas/24-008749-003/2024(H5N1)	250	6400
PB2|PP755596.1|A/cattle/Texas/24-008749-003/2024(H5N1)	251	5567
PB2|PP755596.1|A/cattle/Texas/24-008749-003/2024(H5N1)	252	5172
PB2|PP755596.1|A/cattle/Texas/24-008749-003/2024(H5N1)	253	5229
PB2|PP755596.1|A/cattle/Texas/24-008749-003/2024(H5N1)	254	5238
PB2|PP755596.1|A/cattle/Texas/24-008749-003/2024(H5N1)	255	5099
PB2|PP755596.1|A/cattle/Texas/24-008749-003/2024(H5N1)	256	5100
PB2|PP755596.1|A/cattle/Texas/24-008749-003/2024(H5N1)	257	5080
PB2|PP755596.1|A/cattle/Texas/24-008749-003/2024(H5N1)	258	5057
PB2|PP755596.1|A/cattle/Texas/24-008749-003/2024(H5N1)	259	5064
PB2|PP755596.1|A/cattle/Texas/24-008749-003/2024(H5N1)	260	4829
PB2|PP755596.1|A/cattle/Texas/24-008749-003/2024(H5N1)	261	4664
PB2|PP755596.1|A/cattle/Texas/24-008749-003/2024(H5N1)	262	3912
PB2|PP755596.1|A/cattle/Texas/24-008749-003/2024(H5N1)	263	3870
PB2|PP755596.1|A/cattle/Texas/24-008749-003/2024(H5N1)	264	3824
PB2|PP755596.1|A/cattle/Texas/24-008749-003/2024(H5N1)	265	3828
PB2|PP755596.1|A/cattle/Texas/24-008749-003/2024(H5N1)	266	3824
PB2|PP755596.1|A/cattle/Texas/24-008749-003/2024(H5N1)	267	3822
PB2|PP755596.1|A/cattle/Texas/24-008749-003/2024(H5N1)	268	3703
PB2|PP755596.1|A/cattle/Texas/24-008749-003/2024(H5N1)	269	3354
PB2|PP755596.1|A/cattle/Texas/24-008749-003/2024(H5N1)	270	3333
PB2|PP755596.1|A/cattle/Texas/24-008749-003/2024(H5N1)	271	3315
PB2|PP755596.1|A/cattle/Texas/24-008749-003/2024(H5N1)	272	3259
PB2|PP755596.1|A/cattle/Texas/24-008749-003/2024(H5N1)	273	3033
PB2|PP755596.1|A/cattle/Texas/24-008749-003/2024(H5N1)	274	2896
PB2|PP755596.1|A/cattle/Texas/24-008749-003/2024(H5N1)	275	2816
PB2|PP755596.1|A/cattle/Texas/24-008749-003/2024(H5N1)	276	2827
PB2|PP755596.1|A/cattle/Texas/24-008749-003/2024(H5N1)	277	2895
PB2|PP755596.1|A/cattle/Texas/24-008749-003/2024(H5N1)	278	2898
PB2|PP755596.1|A/cattle/Texas/24-008749-003/2024(H5N1)	279	2878
PB2|PP755596.1|A/cattle/Texas/24-008749-003/2024(H5N1)	280	2795
PB2|PP755596.1|A/cattle/Texas/24-008749-003/2024(H5N1)	281	2777
PB2|PP755596.1|A/cattle/Texas/24-008749-003/2024(H5N1)	282	2776
PB2|PP755596.1|A/cattle/Texas/24-008749-003/2024(H5N1)	283	2741
PB2|PP755596.1|A/cattle/Texas/24-008749-003/2024(H5N1)	284	2565
PB2|PP755596.1|A/cattle/Texas/24-008749-003/2024(H5N1)	285	2495
PB2|PP755596.1|A/cattle/Texas/24-008749-003/2024(H5N1)	286	2486
PB2|PP755596.1|A/cattle/Texas/24-008749-003/2024(H5N1)	287	2306
PB2|PP755596.1|A/cattle/Texas/24-008749-003/2024(H5N1)	288	2276
PB2|PP755596.1|A/cattle/Texas/24-008749-003/2024(H5N1)	289	2247
PB2|PP755596.1|A/cattle/Texas/24-008749-003/2024(H5N1)	290	2159
PB2|PP755596.1|A/cattle/Texas/24-008749-003/2024(H5N1)	291	2140
PB2|PP755596.1|A/cattle/Texas/24-008749-003/2024(H5N1)	292	2132
PB2|PP755596.1|A/cattle/Texas/24-008749-003/2024(H5N1)	293	1976
PB2|PP755596.1|A/cattle/Texas/24-008749-003/2024(H5N1)	294	1865
PB2|PP755596.1|A/cattle/Texas/24-008749-003/2024(H5N1)	295	1852
PB2|PP755596.1|A/cattle/Texas/24-008749-003/2024(H5N1)	296	1818
PB2|PP755596.1|A/cattle/Texas/24-008749-003/2024(H5N1)	297	1800
PB2|PP755596.1|A/cattle/Texas/24-008749-003/2024(H5N1)	298	1663
PB2|PP755596.1|A/cattle/Texas/24-008749-003/2024(H5N1)	299	1488
PB2|PP755596.1|A/cattle/Texas/24-008749-003/2024(H5N1)	300	1349
PB2|PP755596.1|A/cattle/Texas/24-008749-003/2024(H5N1)	301	1341
PB2|PP755596.1|A/cattle/Texas/24-008749-003/2024(H5N1)	302	1327
PB2|PP755596.1|A/cattle/Texas/24-008749-003/2024(H5N1)	303	1316
PB2|PP755596.1|A/cattle/Texas/24-008749-003/2024(H5N1)	304	1243
PB2|PP755596.1|A/cattle/Texas/24-008749-003/2024(H5N1)	305	1204
PB2|PP755596.1|A/cattle/Texas/24-008749-003/2024(H5N1)	306	1184
PB2|PP755596.1|A/cattle/Texas/24-008749-003/2024(H5N1)	307	1166
PB2|PP755596.1|A/cattle/Texas/24-008749-003/2024(H5N1)	308	1132
PB2|PP755596.1|A/cattle/Texas/24-008749-003/2024(H5N1)	309	1095
PB2|PP755596.1|A/cattle/Texas/24-008749-003/2024(H5N1)	310	1024
PB2|PP755596.1|A/cattle/Texas/24-008749-003/2024(H5N1)	311	1022
PB2|PP755596.1|A/cattle/Texas/24-008749-003/2024(H5N1)	312	990
PB2|PP755596.1|A/cattle/Texas/24-008749-003/2024(H5N1)	313	988
PB2|PP755596.1|A/cattle/Texas/24-008749-003/2024(H5N1)	314	949
PB2|PP755596.1|A/cattle/Texas/24-008749-003/2024(H5N1)	315	951
PB2|PP755596.1|A/cattle/Texas/24-008749-003/2024(H5N1)	316	927
PB2|PP755596.1|A/cattle/Texas/24-008749-003/2024(H5N1)	317	920
PB2|PP755596.1|A/cattle/Texas/24-008749-003/2024(H5N1)	318	912
PB2|PP755596.1|A/cattle/Texas/24-008749-003/2024(H5N1)	319	896
PB2|PP755596.1|A/cattle/Texas/24-008749-003/2024(H5N1)	320	886
PB2|PP755596.1|A/cattle/Texas/24-008749-003/2024(H5N1)	321	872
PB2|PP755596.1|A/cattle/Texas/24-008749-003/2024(H5N1)	322	871
PB2|PP755596.1|A/cattle/Texas/24-008749-003/2024(H5N1)	323	825
PB2|PP755596.1|A/cattle/Texas/24-008749-003/2024(H5N1)	324	701
PB2|PP755596.1|A/cattle/Texas/24-008749-003/2024(H5N1)	325	704
PB2|PP755596.1|A/cattle/Texas/24-008749-003/2024(H5N1)	326	727
PB2|PP755596.1|A/cattle/Texas/24-008749-003/2024(H5N1)	327	730
PB2|PP755596.1|A/cattle/Texas/24-008749-003/2024(H5N1)	328	741
PB2|PP755596.1|A/cattle/Texas/24-008749-003/2024(H5N1)	329	774
PB2|PP755596.1|A/cattle/Texas/24-008749-003/2024(H5N1)	330	768
PB2|PP755596.1|A/cattle/Texas/24-008749-003/2024(H5N1)	331	766
PB2|PP755596.1|A/cattle/Texas/24-008749-003/2024(H5N1)	332	775
PB2|PP755596.1|A/cattle/Texas/24-008749-003/2024(H5N1)	333	776
PB2|PP755596.1|A/cattle/Texas/24-008749-003/2024(H5N1)	334	769
PB2|PP755596.1|A/cattle/Texas/24-008749-003/2024(H5N1)	335	769
PB2|PP755596.1|A/cattle/Texas/24-008749-003/2024(H5N1)	336	744
PB2|PP755596.1|A/cattle/Texas/24-008749-003/2024(H5N1)	337	734
PB2|PP755596.1|A/cattle/Texas/24-008749-003/2024(H5N1)	338	713
PB2|PP755596.1|A/cattle/Texas/24-008749-003/2024(H5N1)	339	746
PB2|PP755596.1|A/cattle/Texas/24-008749-003/2024(H5N1)	340	733
PB2|PP755596.1|A/cattle/Texas/24-008749-003/2024(H5N1)	341	714
PB2|PP755596.1|A/cattle/Texas/24-008749-003/2024(H5N1)	342	674
PB2|PP755596.1|A/cattle/Texas/24-008749-003/2024(H5N1)	343	643
PB2|PP755596.1|A/cattle/Texas/24-008749-003/2024(H5N1)	344	645
PB2|PP755596.1|A/cattle/Texas/24-008749-003/2024(H5N1)	345	627
PB2|PP755596.1|A/cattle/Texas/24-008749-003/2024(H5N1)	346	617
PB2|PP755596.1|A/cattle/Texas/24-008749-003/2024(H5N1)	347	615
PB2|PP755596.1|A/cattle/Texas/24-008749-003/2024(H5N1)	348	578
PB2|PP755596.1|A/cattle/Texas/24-008749-003/2024(H5N1)	349	583
PB2|PP755596.1|A/cattle/Texas/24-008749-003/2024(H5N1)	350	573
PB2|PP755596.1|A/cattle/Texas/24-008749-003/2024(H5N1)	351	516
PB2|PP755596.1|A/cattle/Texas/24-008749-003/2024(H5N1)	352	513
PB2|PP755596.1|A/cattle/Texas/24-008749-003/2024(H5N1)	353	513
PB2|PP755596.1|A/cattle/Texas/24-008749-003/2024(H5N1)	354	520
PB2|PP755596.1|A/cattle/Texas/24-008749-003/2024(H5N1)	355	521
PB2|PP755596.1|A/cattle/Texas/24-008749-003/2024(H5N1)	356	522
PB2|PP755596.1|A/cattle/Texas/24-008749-003/2024(H5N1)	357	522
PB2|PP755596.1|A/cattle/Texas/24-008749-003/2024(H5N1)	358	599
PB2|PP755596.1|A/cattle/Texas/24-008749-003/2024(H5N1)	359	589
PB2|PP755596.1|A/cattle/Texas/24-008749-003/2024(H5N1)	360	560
PB2|PP755596.1|A/cattle/Texas/24-008749-003/2024(H5N1)	361	555
PB2|PP755596.1|A/cattle/Texas/24-008749-003/2024(H5N1)	362	551
PB2|PP755596.1|A/cattle/Texas/24-008749-003/2024(H5N1)	363	550
PB2|PP755596.1|A/cattle/Texas/24-008749-003/2024(H5N1)	364	544
PB2|PP755596.1|A/cattle/Texas/24-008749-003/2024(H5N1)	365	535
PB2|PP755596.1|A/cattle/Texas/24-008749-003/2024(H5N1)	366	531
PB2|PP755596.1|A/cattle/Texas/24-008749-003/2024(H5N1)	367	531
PB2|PP755596.1|A/cattle/Texas/24-008749-003/2024(H5N1)	368	530
PB2|PP755596.1|A/cattle/Texas/24-008749-003/2024(H5N1)	369	530
PB2|PP755596.1|A/cattle/Texas/24-008749-003/2024(H5N1)	370	530
PB2|PP755596.1|A/cattle/Texas/24-008749-003/2024(H5N1)	371	533
PB2|PP755596.1|A/cattle/Texas/24-008749-003/2024(H5N1)	372	539
PB2|PP755596.1|A/cattle/Texas/24-008749-003/2024(H5N1)	373	533
PB2|PP755596.1|A/cattle/Texas/24-008749-003/2024(H5N1)	374	533
PB2|PP755596.1|A/cattle/Texas/24-008749-003/2024(H5N1)	375	532
PB2|PP755596.1|A/cattle/Texas/24-008749-003/2024(H5N1)	376	534
PB2|PP755596.1|A/cattle/Texas/24-008749-003/2024(H5N1)	377	534
PB2|PP755596.1|A/cattle/Texas/24-008749-003/2024(H5N1)	378	533
PB2|PP755596.1|A/cattle/Texas/24-008749-003/2024(H5N1)	379	531
PB2|PP755596.1|A/cattle/Texas/24-008749-003/2024(H5N1)	380	529
PB2|PP755596.1|A/cattle/Texas/24-008749-003/2024(H5N1)	381	526
PB2|PP755596.1|A/cattle/Texas/24-008749-003/2024(H5N1)	382	526
PB2|PP755596.1|A/cattle/Texas/24-008749-003/2024(H5N1)	383	507
PB2|PP755596.1|A/cattle/Texas/24-008749-003/2024(H5N1)	384	487
PB2|PP755596.1|A/cattle/Texas/24-008749-003/2024(H5N1)	385	489
PB2|PP755596.1|A/cattle/Texas/24-008749-003/2024(H5N1)	386	487
PB2|PP755596.1|A/cattle/Texas/24-008749-003/2024(H5N1)	387	487
PB2|PP755596.1|A/cattle/Texas/24-008749-003/2024(H5N1)	388	446
PB2|PP755596.1|A/cattle/Texas/24-008749-003/2024(H5N1)	389	440
PB2|PP755596.1|A/cattle/Texas/24-008749-003/2024(H5N1)	390	435
PB2|PP755596.1|A/cattle/Texas/24-008749-003/2024(H5N1)	391	432
PB2|PP755596.1|A/cattle/Texas/24-008749-003/2024(H5N1)	392	432
PB2|PP755596.1|A/cattle/Texas/24-008749-003/2024(H5N1)	393	427
PB2|PP755596.1|A/cattle/Texas/24-008749-003/2024(H5N1)	394	430
PB2|PP755596.1|A/cattle/Texas/24-008749-003/2024(H5N1)	395	426
PB2|PP755596.1|A/cattle/Texas/24-008749-003/2024(H5N1)	396	414
PB2|PP755596.1|A/cattle/Texas/24-008749-003/2024(H5N1)	397	431
PB2|PP755596.1|A/cattle/Texas/24-008749-003/2024(H5N1)	398	430
PB2|PP755596.1|A/cattle/Texas/24-008749-003/2024(H5N1)	399	424
PB2|PP755596.1|A/cattle/Texas/24-008749-003/2024(H5N1)	400	353
PB2|PP755596.1|A/cattle/Texas/24-008749-003/2024(H5N1)	401	334
PB2|PP755596.1|A/cattle/Texas/24-008749-003/2024(H5N1)	402	334
PB2|PP755596.1|A/cattle/Texas/24-008749-003/2024(H5N1)	403	326
PB2|PP755596.1|A/cattle/Texas/24-008749-003/2024(H5N1)	404	325
PB2|PP755596.1|A/cattle/Texas/24-008749-003/2024(H5N1)	405	323
PB2|PP755596.1|A/cattle/Texas/24-008749-003/2024(H5N1)	406	317
PB2|PP755596.1|A/cattle/Texas/24-008749-003/2024(H5N1)	407	309
PB2|PP755596.1|A/cattle/Texas/24-008749-003/2024(H5N1)	408	283
PB2|PP755596.1|A/cattle/Texas/24-008749-003/2024(H5N1)	409	276
PB2|PP755596.1|A/cattle/Texas/24-008749-003/2024(H5N1)	410	269
PB2|PP755596.1|A/cattle/Texas/24-008749-003/2024(H5N1)	411	269
PB2|PP755596.1|A/cattle/Texas/24-008749-003/2024(H5N1)	412	269
PB2|PP755596.1|A/cattle/Texas/24-008749-003/2024(H5N1)	413	267
PB2|PP755596.1|A/cattle/Texas/24-008749-003/2024(H5N1)	414	263
PB2|PP755596.1|A/cattle/Texas/24-008749-003/2024(H5N1)	415	264
PB2|PP755596.1|A/cattle/Texas/24-008749-003/2024(H5N1)	416	265
PB2|PP755596.1|A/cattle/Texas/24-008749-003/2024(H5N1)	417	265
PB2|PP755596.1|A/cattle/Texas/24-008749-003/2024(H5N1)	418	264
PB2|PP755596.1|A/cattle/Texas/24-008749-003/2024(H5N1)	419	266
PB2|PP755596.1|A/cattle/Texas/24-008749-003/2024(H5N1)	420	266
PB2|PP755596.1|A/cattle/Texas/24-008749-003/2024(H5N1)	421	267
PB2|PP755596.1|A/cattle/Texas/24-008749-003/2024(H5N1)	422	261
PB2|PP755596.1|A/cattle/Texas/24-008749-003/2024(H5N1)	423	259
PB2|PP755596.1|A/cattle/Texas/24-008749-003/2024(H5N1)	424	260
PB2|PP755596.1|A/cattle/Texas/24-008749-003/2024(H5N1)	425	258
PB2|PP755596.1|A/cattle/Texas/24-008749-003/2024(H5N1)	426	265
PB2|PP755596.1|A/cattle/Texas/24-008749-003/2024(H5N1)	427	257
PB2|PP755596.1|A/cattle/Texas/24-008749-003/2024(H5N1)	428	253
PB2|PP755596.1|A/cattle/Texas/24-008749-003/2024(H5N1)	429	254
PB2|PP755596.1|A/cattle/Texas/24-008749-003/2024(H5N1)	430	255
PB2|PP755596.1|A/cattle/Texas/24-008749-003/2024(H5N1)	431	256
PB2|PP755596.1|A/cattle/Texas/24-008749-003/2024(H5N1)	432	252
PB2|PP755596.1|A/cattle/Texas/24-008749-003/2024(H5N1)	433	249
PB2|PP755596.1|A/cattle/Texas/24-008749-003/2024(H5N1)	434	253
PB2|PP755596.1|A/cattle/Texas/24-008749-003/2024(H5N1)	435	254
PB2|PP755596.1|A/cattle/Texas/24-008749-003/2024(H5N1)	436	234
PB2|PP755596.1|A/cattle/Texas/24-008749-003/2024(H5N1)	437	245
PB2|PP755596.1|A/cattle/Texas/24-008749-003/2024(H5N1)	438	244
PB2|PP755596.1|A/cattle/Texas/24-008749-003/2024(H5N1)	439	244
PB2|PP755596.1|A/cattle/Texas/24-008749-003/2024(H5N1)	440	241
PB2|PP755596.1|A/cattle/Texas/24-008749-003/2024(H5N1)	441	238
PB2|PP755596.1|A/cattle/Texas/24-008749-003/2024(H5N1)	442	237
PB2|PP755596.1|A/cattle/Texas/24-008749-003/2024(H5N1)	443	230
PB2|PP755596.1|A/cattle/Texas/24-008749-003/2024(H5N1)	444	223
PB2|PP755596.1|A/cattle/Texas/24-008749-003/2024(H5N1)	445	223
PB2|PP755596.1|A/cattle/Texas/24-008749-003/2024(H5N1)	446	212
PB2|PP755596.1|A/cattle/Texas/24-008749-003/2024(H5N1)	447	217
PB2|PP755596.1|A/cattle/Texas/24-008749-003/2024(H5N1)	448	213
PB2|PP755596.1|A/cattle/Texas/24-008749-003/2024(H5N1)	449	213
PB2|PP755596.1|A/cattle/Texas/24-008749-003/2024(H5N1)	450	213
PB2|PP755596.1|A/cattle/Texas/24-008749-003/2024(H5N1)	451	212
PB2|PP755596.1|A/cattle/Texas/24-008749-003/2024(H5N1)	452	219
PB2|PP755596.1|A/cattle/Texas/24-008749-003/2024(H5N1)	453	219
PB2|PP755596.1|A/cattle/Texas/24-008749-003/2024(H5N1)	454	220
PB2|PP755596.1|A/cattle/Texas/24-008749-003/2024(H5N1)	455	218
PB2|PP755596.1|A/cattle/Texas/24-008749-003/2024(H5N1)	456	216
PB2|PP755596.1|A/cattle/Texas/24-008749-003/2024(H5N1)	457	217
PB2|PP755596.1|A/cattle/Texas/24-008749-003/2024(H5N1)	458	218
PB2|PP755596.1|A/cattle/Texas/24-008749-003/2024(H5N1)	459	217
PB2|PP755596.1|A/cattle/Texas/24-008749-003/2024(H5N1)	460	211
PB2|PP755596.1|A/cattle/Texas/24-008749-003/2024(H5N1)	461	209
PB2|PP755596.1|A/cattle/Texas/24-008749-003/2024(H5N1)	462	209
PB2|PP755596.1|A/cattle/Texas/24-008749-003/2024(H5N1)	463	207
PB2|PP755596.1|A/cattle/Texas/24-008749-003/2024(H5N1)	464	214
PB2|PP755596.1|A/cattle/Texas/24-008749-003/2024(H5N1)	465	214
PB2|PP755596.1|A/cattle/Texas/24-008749-003/2024(H5N1)	466	213
PB2|PP755596.1|A/cattle/Texas/24-008749-003/2024(H5N1)	467	214
PB2|PP755596.1|A/cattle/Texas/24-008749-003/2024(H5N1)	468	210
PB2|PP755596.1|A/cattle/Texas/24-008749-003/2024(H5N1)	469	210
PB2|PP755596.1|A/cattle/Texas/24-008749-003/2024(H5N1)	470	210
PB2|PP755596.1|A/cattle/Texas/24-008749-003/2024(H5N1)	471	210
PB2|PP755596.1|A/cattle/Texas/24-008749-003/2024(H5N1)	472	212
PB2|PP755596.1|A/cattle/Texas/24-008749-003/2024(H5N1)	473	202
PB2|PP755596.1|A/cattle/Texas/24-008749-003/2024(H5N1)	474	202
PB2|PP755596.1|A/cattle/Texas/24-008749-003/2024(H5N1)	475	203
PB2|PP755596.1|A/cattle/Texas/24-008749-003/2024(H5N1)	476	202
PB2|PP755596.1|A/cattle/Texas/24-008749-003/2024(H5N1)	477	202
PB2|PP755596.1|A/cattle/Texas/24-008749-003/2024(H5N1)	478	199
PB2|PP755596.1|A/cattle/Texas/24-008749-003/2024(H5N1)	479	198
PB2|PP755596.1|A/cattle/Texas/24-008749-003/2024(H5N1)	480	201
PB2|PP755596.1|A/cattle/Texas/24-008749-003/2024(H5N1)	481	204
PB2|PP755596.1|A/cattle/Texas/24-008749-003/2024(H5N1)	482	205
PB2|PP755596.1|A/cattle/Texas/24-008749-003/2024(H5N1)	483	199
PB2|PP755596.1|A/cattle/Texas/24-008749-003/2024(H5N1)	484	199
PB2|PP755596.1|A/cattle/Texas/24-008749-003/2024(H5N1)	485	200
PB2|PP755596.1|A/cattle/Texas/24-008749-003/2024(H5N1)	486	200
PB2|PP755596.1|A/cattle/Texas/24-008749-003/2024(H5N1)	487	184
PB2|PP755596.1|A/cattle/Texas/24-008749-003/2024(H5N1)	488	184
PB2|PP755596.1|A/cattle/Texas/24-008749-003/2024(H5N1)	489	165
PB2|PP755596.1|A/cattle/Texas/24-008749-003/2024(H5N1)	490	165
PB2|PP755596.1|A/cattle/Texas/24-008749-003/2024(H5N1)	491	161
PB2|PP755596.1|A/cattle/Texas/24-008749-003/2024(H5N1)	492	161
PB2|PP755596.1|A/cattle/Texas/24-008749-003/2024(H5N1)	493	161
PB2|PP755596.1|A/cattle/Texas/24-008749-003/2024(H5N1)	494	154
PB2|PP755596.1|A/cattle/Texas/24-008749-003/2024(H5N1)	495	154
PB2|PP755596.1|A/cattle/Texas/24-008749-003/2024(H5N1)	496	154
PB2|PP755596.1|A/cattle/Texas/24-008749-003/2024(H5N1)	497	156
PB2|PP755596.1|A/cattle/Texas/24-008749-003/2024(H5N1)	498	157
PB2|PP755596.1|A/cattle/Texas/24-008749-003/2024(H5N1)	499	157
PB2|PP755596.1|A/cattle/Texas/24-008749-003/2024(H5N1)	500	158
PB2|PP755596.1|A/cattle/Texas/24-008749-003/2024(H5N1)	501	155
PB2|PP755596.1|A/cattle/Texas/24-008749-003/2024(H5N1)	502	155
PB2|PP755596.1|A/cattle/Texas/24-008749-003/2024(H5N1)	503	155
PB2|PP755596.1|A/cattle/Texas/24-008749-003/2024(H5N1)	504	155
PB2|PP755596.1|A/cattle/Texas/24-008749-003/2024(H5N1)	505	156
PB2|PP755596.1|A/cattle/Texas/24-008749-003/2024(H5N1)	506	156
PB2|PP755596.1|A/cattle/Texas/24-008749-003/2024(H5N1)	507	156
PB2|PP755596.1|A/cattle/Texas/24-008749-003/2024(H5N1)	508	156
PB2|PP755596.1|A/cattle/Texas/24-008749-003/2024(H5N1)	509	157
PB2|PP755596.1|A/cattle/Texas/24-008749-003/2024(H5N1)	510	157
PB2|PP755596.1|A/cattle/Texas/24-008749-003/2024(H5N1)	511	157
PB2|PP755596.1|A/cattle/Texas/24-008749-003/2024(H5N1)	512	162
PB2|PP755596.1|A/cattle/Texas/24-008749-003/2024(H5N1)	513	162
PB2|PP755596.1|A/cattle/Texas/24-008749-003/2024(H5N1)	514	162
PB2|PP755596.1|A/cattle/Texas/24-008749-003/2024(H5N1)	515	161
PB2|PP755596.1|A/cattle/Texas/24-008749-003/2024(H5N1)	516	154
PB2|PP755596.1|A/cattle/Texas/24-008749-003/2024(H5N1)	517	154
PB2|PP755596.1|A/cattle/Texas/24-008749-003/2024(H5N1)	518	153
PB2|PP755596.1|A/cattle/Texas/24-008749-003/2024(H5N1)	519	152
PB2|PP755596.1|A/cattle/Texas/24-008749-003/2024(H5N1)	520	152
PB2|PP755596.1|A/cattle/Texas/24-008749-003/2024(H5N1)	521	145
PB2|PP755596.1|A/cattle/Texas/24-008749-003/2024(H5N1)	522	145
PB2|PP755596.1|A/cattle/Texas/24-008749-003/2024(H5N1)	523	140
PB2|PP755596.1|A/cattle/Texas/24-008749-003/2024(H5N1)	524	135
PB2|PP755596.1|A/cattle/Texas/24-008749-003/2024(H5N1)	525	132
PB2|PP755596.1|A/cattle/Texas/24-008749-003/2024(H5N1)	526	132
PB2|PP755596.1|A/cattle/Texas/24-008749-003/2024(H5N1)	527	130
PB2|PP755596.1|A/cattle/Texas/24-008749-003/2024(H5N1)	528	126
PB2|PP755596.1|A/cattle/Texas/24-008749-003/2024(H5N1)	529	113
PB2|PP755596.1|A/cattle/Texas/24-008749-003/2024(H5N1)	530	111
PB2|PP755596.1|A/cattle/Texas/24-008749-003/2024(H5N1)	531	111
PB2|PP755596.1|A/cattle/Texas/24-008749-003/2024(H5N1)	532	111
PB2|PP755596.1|A/cattle/Texas/24-008749-003/2024(H5N1)	533	111
PB2|PP755596.1|A/cattle/Texas/24-008749-003/2024(H5N1)	534	110
PB2|PP755596.1|A/cattle/Texas/24-008749-003/2024(H5N1)	535	108
PB2|PP755596.1|A/cattle/Texas/24-008749-003/2024(H5N1)	536	106
PB2|PP755596.1|A/cattle/Texas/24-008749-003/2024(H5N1)	537	105
PB2|PP755596.1|A/cattle/Texas/24-008749-003/2024(H5N1)	538	106
PB2|PP755596.1|A/cattle/Texas/24-008749-003/2024(H5N1)	539	115
PB2|PP755596.1|A/cattle/Texas/24-008749-003/2024(H5N1)	540	115
PB2|PP755596.1|A/cattle/Texas/24-008749-003/2024(H5N1)	541	123
PB2|PP755596.1|A/cattle/Texas/24-008749-003/2024(H5N1)	542	123
PB2|PP755596.1|A/cattle/Texas/24-008749-003/2024(H5N1)	543	123
PB2|PP755596.1|A/cattle/Texas/24-008749-003/2024(H5N1)	544	126
PB2|PP755596.1|A/cattle/Texas/24-008749-003/2024(H5N1)	545	126
PB2|PP755596.1|A/cattle/Texas/24-008749-003/2024(H5N1)	546	127
PB2|PP755596.1|A/cattle/Texas/24-008749-003/2024(H5N1)	547	126
PB2|PP755596.1|A/cattle/Texas/24-008749-003/2024(H5N1)	548	123
PB2|PP755596.1|A/cattle/Texas/24-008749-003/2024(H5N1)	549	126
PB2|PP755596.1|A/cattle/Texas/24-008749-003/2024(H5N1)	550	126
PB2|PP755596.1|A/cattle/Texas/24-008749-003/2024(H5N1)	551	125
PB2|PP755596.1|A/cattle/Texas/24-008749-003/2024(H5N1)	552	113
PB2|PP755596.1|A/cattle/Texas/24-008749-003/2024(H5N1)	553	110
PB2|PP755596.1|A/cattle/Texas/24-008749-003/2024(H5N1)	554	113
PB2|PP755596.1|A/cattle/Texas/24-008749-003/2024(H5N1)	555	112
PB2|PP755596.1|A/cattle/Texas/24-008749-003/2024(H5N1)	556	113
PB2|PP755596.1|A/cattle/Texas/24-008749-003/2024(H5N1)	557	113
PB2|PP755596.1|A/cattle/Texas/24-008749-003/2024(H5N1)	558	113
PB2|PP755596.1|A/cattle/Texas/24-008749-003/2024(H5N1)	559	113
PB2|PP755596.1|A/cattle/Texas/24-008749-003/2024(H5N1)	560	113
PB2|PP755596.1|A/cattle/Texas/24-008749-003/2024(H5N1)	561	113
PB2|PP755596.1|A/cattle/Texas/24-008749-003/2024(H5N1)	562	113
PB2|PP755596.1|A/cattle/Texas/24-008749-003/2024(H5N1)	563	112
PB2|PP755596.1|A/cattle/Texas/24-008749-003/2024(H5N1)	564	110
PB2|PP755596.1|A/cattle/Texas/24-008749-003/2024(H5N1)	565	110
PB2|PP755596.1|A/cattle/Texas/24-008749-003/2024(H5N1)	566	109
PB2|PP755596.1|A/cattle/Texas/24-008749-003/2024(H5N1)	567	109
PB2|PP755596.1|A/cattle/Texas/24-008749-003/2024(H5N1)	568	113
PB2|PP755596.1|A/cattle/Texas/24-008749-003/2024(H5N1)	569	112
PB2|PP755596.1|A/cattle/Texas/24-008749-003/2024(H5N1)	570	109
PB2|PP755596.1|A/cattle/Texas/24-008749-003/2024(H5N1)	571	111
PB2|PP755596.1|A/cattle/Texas/24-008749-003/2024(H5N1)	572	111
PB2|PP755596.1|A/cattle/Texas/24-008749-003/2024(H5N1)	573	111
PB2|PP755596.1|A/cattle/Texas/24-008749-003/2024(H5N1)	574	112
PB2|PP755596.1|A/cattle/Texas/24-008749-003/2024(H5N1)	575	113
PB2|PP755596.1|A/cattle/Texas/24-008749-003/2024(H5N1)	576	111
PB2|PP755596.1|A/cattle/Texas/24-008749-003/2024(H5N1)	577	112
PB2|PP755596.1|A/cattle/Texas/24-008749-003/2024(H5N1)	578	112
PB2|PP755596.1|A/cattle/Texas/24-008749-003/2024(H5N1)	579	112
PB2|PP755596.1|A/cattle/Texas/24-008749-003/2024(H5N1)	580	110
PB2|PP755596.1|A/cattle/Texas/24-008749-003/2024(H5N1)	581	110
PB2|PP755596.1|A/cattle/Texas/24-008749-003/2024(H5N1)	582	112
PB2|PP755596.1|A/cattle/Texas/24-008749-003/2024(H5N1)	583	114
PB2|PP755596.1|A/cattle/Texas/24-008749-003/2024(H5N1)	584	112
PB2|PP755596.1|A/cattle/Texas/24-008749-003/2024(H5N1)	585	104
PB2|PP755596.1|A/cattle/Texas/24-008749-003/2024(H5N1)	586	104
PB2|PP755596.1|A/cattle/Texas/24-008749-003/2024(H5N1)	587	104
PB2|PP755596.1|A/cattle/Texas/24-008749-003/2024(H5N1)	588	106
PB2|PP755596.1|A/cattle/Texas/24-008749-003/2024(H5N1)	589	106
PB2|PP755596.1|A/cattle/Texas/24-008749-003/2024(H5N1)	590	106
PB2|PP755596.1|A/cattle/Texas/24-008749-003/2024(H5N1)	591	108
PB2|PP755596.1|A/cattle/Texas/24-008749-003/2024(H5N1)	592	367
PB2|PP755596.1|A/cattle/Texas/24-008749-003/2024(H5N1)	593	365
PB2|PP755596.1|A/cattle/Texas/24-008749-003/2024(H5N1)	594	369
PB2|PP755596.1|A/cattle/Texas/24-008749-003/2024(H5N1)	595	369
PB2|PP755596.1|A/cattle/Texas/24-008749-003/2024(H5N1)	596	373
PB2|PP755596.1|A/cattle/Texas/24-008749-003/2024(H5N1)	597	369
PB2|PP755596.1|A/cattle/Texas/24-008749-003/2024(H5N1)	598	373
PB2|PP755596.1|A/cattle/Texas/24-008749-003/2024(H5N1)	599	378
PB2|PP755596.1|A/cattle/Texas/24-008749-003/2024(H5N1)	600	384
PB2|PP755596.1|A/cattle/Texas/24-008749-003/2024(H5N1)	601	378
PB2|PP755596.1|A/cattle/Texas/24-008749-003/2024(H5N1)	602	379
PB2|PP755596.1|A/cattle/Texas/24-008749-003/2024(H5N1)	603	380
PB2|PP755596.1|A/cattle/Texas/24-008749-003/2024(H5N1)	604	384
PB2|PP755596.1|A/cattle/Texas/24-008749-003/2024(H5N1)	605	382
PB2|PP755596.1|A/cattle/Texas/24-008749-003/2024(H5N1)	606	382
PB2|PP755596.1|A/cattle/Texas/24-008749-003/2024(H5N1)	607	387
PB2|PP755596.1|A/cattle/Texas/24-008749-003/2024(H5N1)	608	388
PB2|PP755596.1|A/cattle/Texas/24-008749-003/2024(H5N1)	609	392
PB2|PP755596.1|A/cattle/Texas/24-008749-003/2024(H5N1)	610	394
PB2|PP755596.1|A/cattle/Texas/24-008749-003/2024(H5N1)	611	394
PB2|PP755596.1|A/cattle/Texas/24-008749-003/2024(H5N1)	612	394
PB2|PP755596.1|A/cattle/Texas/24-008749-003/2024(H5N1)	613	394
PB2|PP755596.1|A/cattle/Texas/24-008749-003/2024(H5N1)	614	397
PB2|PP755596.1|A/cattle/Texas/24-008749-003/2024(H5N1)	615	390
PB2|PP755596.1|A/cattle/Texas/24-008749-003/2024(H5N1)	616	388
PB2|PP755596.1|A/cattle/Texas/24-008749-003/2024(H5N1)	617	389
PB2|PP755596.1|A/cattle/Texas/24-008749-003/2024(H5N1)	618	389
PB2|PP755596.1|A/cattle/Texas/24-008749-003/2024(H5N1)	619	390
PB2|PP755596.1|A/cattle/Texas/24-008749-003/2024(H5N1)	620	391
PB2|PP755596.1|A/cattle/Texas/24-008749-003/2024(H5N1)	621	390
PB2|PP755596.1|A/cattle/Texas/24-008749-003/2024(H5N1)	622	392
PB2|PP755596.1|A/cattle/Texas/24-008749-003/2024(H5N1)	623	399
PB2|PP755596.1|A/cattle/Texas/24-008749-003/2024(H5N1)	624	405
PB2|PP755596.1|A/cattle/Texas/24-008749-003/2024(H5N1)	625	405
PB2|PP755596.1|A/cattle/Texas/24-008749-003/2024(H5N1)	626	392
PB2|PP755596.1|A/cattle/Texas/24-008749-003/2024(H5N1)	627	394
PB2|PP755596.1|A/cattle/Texas/24-008749-003/2024(H5N1)	628	395
PB2|PP755596.1|A/cattle/Texas/24-008749-003/2024(H5N1)	629	396
PB2|PP755596.1|A/cattle/Texas/24-008749-003/2024(H5N1)	630	394
PB2|PP755596.1|A/cattle/Texas/24-008749-003/2024(H5N1)	631	388
PB2|PP755596.1|A/cattle/Texas/24-008749-003/2024(H5N1)	632	384
PB2|PP755596.1|A/cattle/Texas/24-008749-003/2024(H5N1)	633	386
PB2|PP755596.1|A/cattle/Texas/24-008749-003/2024(H5N1)	634	391
PB2|PP755596.1|A/cattle/Texas/24-008749-003/2024(H5N1)	635	392
PB2|PP755596.1|A/cattle/Texas/24-008749-003/2024(H5N1)	636	386
PB2|PP755596.1|A/cattle/Texas/24-008749-003/2024(H5N1)	637	384
PB2|PP755596.1|A/cattle/Texas/24-008749-003/2024(H5N1)	638	384
PB2|PP755596.1|A/cattle/Texas/24-008749-003/2024(H5N1)	639	381
PB2|PP755596.1|A/cattle/Texas/24-008749-003/2024(H5N1)	640	385
PB2|PP755596.1|A/cattle/Texas/24-008749-003/2024(H5N1)	641	388
PB2|PP755596.1|A/cattle/Texas/24-008749-003/2024(H5N1)	642	377
PB2|PP755596.1|A/cattle/Texas/24-008749-003/2024(H5N1)	643	377
PB2|PP755596.1|A/cattle/Texas/24-008749-003/2024(H5N1)	644	380
PB2|PP755596.1|A/cattle/Texas/24-008749-003/2024(H5N1)	645	383
PB2|PP755596.1|A/cattle/Texas/24-008749-003/2024(H5N1)	646	384
PB2|PP755596.1|A/cattle/Texas/24-008749-003/2024(H5N1)	647	382
PB2|PP755596.1|A/cattle/Texas/24-008749-003/2024(H5N1)	648	383
PB2|PP755596.1|A/cattle/Texas/24-008749-003/2024(H5N1)	649	385
PB2|PP755596.1|A/cattle/Texas/24-008749-003/2024(H5N1)	650	380
PB2|PP755596.1|A/cattle/Texas/24-008749-003/2024(H5N1)	651	380
PB2|PP755596.1|A/cattle/Texas/24-008749-003/2024(H5N1)	652	374
PB2|PP755596.1|A/cattle/Texas/24-008749-003/2024(H5N1)	653	374
PB2|PP755596.1|A/cattle/Texas/24-008749-003/2024(H5N1)	654	378
PB2|PP755596.1|A/cattle/Texas/24-008749-003/2024(H5N1)	655	378
PB2|PP755596.1|A/cattle/Texas/24-008749-003/2024(H5N1)	656	374
PB2|PP755596.1|A/cattle/Texas/24-008749-003/2024(H5N1)	657	370
PB2|PP755596.1|A/cattle/Texas/24-008749-003/2024(H5N1)	658	360
PB2|PP755596.1|A/cattle/Texas/24-008749-003/2024(H5N1)	659	383
PB2|PP755596.1|A/cattle/Texas/24-008749-003/2024(H5N1)	660	375
PB2|PP755596.1|A/cattle/Texas/24-008749-003/2024(H5N1)	661	375
PB2|PP755596.1|A/cattle/Texas/24-008749-003/2024(H5N1)	662	369
PB2|PP755596.1|A/cattle/Texas/24-008749-003/2024(H5N1)	663	366
PB2|PP755596.1|A/cattle/Texas/24-008749-003/2024(H5N1)	664	366
PB2|PP755596.1|A/cattle/Texas/24-008749-003/2024(H5N1)	665	375
PB2|PP755596.1|A/cattle/Texas/24-008749-003/2024(H5N1)	666	375
PB2|PP755596.1|A/cattle/Texas/24-008749-003/2024(H5N1)	667	373
PB2|PP755596.1|A/cattle/Texas/24-008749-003/2024(H5N1)	668	372
PB2|PP755596.1|A/cattle/Texas/24-008749-003/2024(H5N1)	669	377
PB2|PP755596.1|A/cattle/Texas/24-008749-003/2024(H5N1)	670	378
PB2|PP755596.1|A/cattle/Texas/24-008749-003/2024(H5N1)	671	372
PB2|PP755596.1|A/cattle/Texas/24-008749-003/2024(H5N1)	672	373
PB2|PP755596.1|A/cattle/Texas/24-008749-003/2024(H5N1)	673	372
PB2|PP755596.1|A/cattle/Texas/24-008749-003/2024(H5N1)	674	376
PB2|PP755596.1|A/cattle/Texas/24-008749-003/2024(H5N1)	675	375
PB2|PP755596.1|A/cattle/Texas/24-008749-003/2024(H5N1)	676	375
PB2|PP755596.1|A/cattle/Texas/24-008749-003/2024(H5N1)	677	378
PB2|PP755596.1|A/cattle/Texas/24-008749-003/2024(H5N1)	678	375
PB2|PP755596.1|A/cattle/Texas/24-008749-003/2024(H5N1)	679	375
PB2|PP755596.1|A/cattle/Texas/24-008749-003/2024(H5N1)	680	377
PB2|PP755596.1|A/cattle/Texas/24-008749-003/2024(H5N1)	681	373
PB2|PP755596.1|A/cattle/Texas/24-008749-003/2024(H5N1)	682	370
PB2|PP755596.1|A/cattle/Texas/24-008749-003/2024(H5N1)	683	378
PB2|PP755596.1|A/cattle/Texas/24-008749-003/2024(H5N1)	684	375
PB2|PP755596.1|A/cattle/Texas/24-008749-003/2024(H5N1)	685	375
PB2|PP755596.1|A/cattle/Texas/24-008749-003/2024(H5N1)	686	367
PB2|PP755596.1|A/cattle/Texas/24-008749-003/2024(H5N1)	687	362
PB2|PP755596.1|A/cattle/Texas/24-008749-003/2024(H5N1)	688	356
PB2|PP755596.1|A/cattle/Texas/24-008749-003/2024(H5N1)	689	353
PB2|PP755596.1|A/cattle/Texas/24-008749-003/2024(H5N1)	690	353
PB2|PP755596.1|A/cattle/Texas/24-008749-003/2024(H5N1)	691	341
PB2|PP755596.1|A/cattle/Texas/24-008749-003/2024(H5N1)	692	339
PB2|PP755596.1|A/cattle/Texas/24-008749-003/2024(H5N1)	693	336
PB2|PP755596.1|A/cattle/Texas/24-008749-003/2024(H5N1)	694	331
PB2|PP755596.1|A/cattle/Texas/24-008749-003/2024(H5N1)	695	331
PB2|PP755596.1|A/cattle/Texas/24-008749-003/2024(H5N1)	696	333
PB2|PP755596.1|A/cattle/Texas/24-008749-003/2024(H5N1)	697	332
PB2|PP755596.1|A/cattle/Texas/24-008749-003/2024(H5N1)	698	333
PB2|PP755596.1|A/cattle/Texas/24-008749-003/2024(H5N1)	699	333
PB2|PP755596.1|A/cattle/Texas/24-008749-003/2024(H5N1)	700	326
PB2|PP755596.1|A/cattle/Texas/24-008749-003/2024(H5N1)	701	325
PB2|PP755596.1|A/cattle/Texas/24-008749-003/2024(H5N1)	702	324
PB2|PP755596.1|A/cattle/Texas/24-008749-003/2024(H5N1)	703	324
PB2|PP755596.1|A/cattle/Texas/24-008749-003/2024(H5N1)	704	317
PB2|PP755596.1|A/cattle/Texas/24-008749-003/2024(H5N1)	705	313
PB2|PP755596.1|A/cattle/Texas/24-008749-003/2024(H5N1)	706	312
PB2|PP755596.1|A/cattle/Texas/24-008749-003/2024(H5N1)	707	309
PB2|PP755596.1|A/cattle/Texas/24-008749-003/2024(H5N1)	708	312
PB2|PP755596.1|A/cattle/Texas/24-008749-003/2024(H5N1)	709	314
PB2|PP755596.1|A/cattle/Texas/24-008749-003/2024(H5N1)	710	328
PB2|PP755596.1|A/cattle/Texas/24-008749-003/2024(H5N1)	711	322
PB2|PP755596.1|A/cattle/Texas/24-008749-003/2024(H5N1)	712	315
PB2|PP755596.1|A/cattle/Texas/24-008749-003/2024(H5N1)	713	100
PB2|PP755596.1|A/cattle/Texas/24-008749-003/2024(H5N1)	714	95
PB2|PP755596.1|A/cattle/Texas/24-008749-003/2024(H5N1)	715	96
PB2|PP755596.1|A/cattle/Texas/24-008749-003/2024(H5N1)	716	99
PB2|PP755596.1|A/cattle/Texas/24-008749-003/2024(H5N1)	717	99
PB2|PP755596.1|A/cattle/Texas/24-008749-003/2024(H5N1)	718	97
PB2|PP755596.1|A/cattle/Texas/24-008749-003/2024(H5N1)	719	97
PB2|PP755596.1|A/cattle/Texas/24-008749-003/2024(H5N1)	720	98
PB2|PP755596.1|A/cattle/Texas/24-008749-003/2024(H5N1)	721	99
PB2|PP755596.1|A/cattle/Texas/24-008749-003/2024(H5N1)	722	99
PB2|PP755596.1|A/cattle/Texas/24-008749-003/2024(H5N1)	723	96
PB2|PP755596.1|A/cattle/Texas/24-008749-003/2024(H5N1)	724	95
PB2|PP755596.1|A/cattle/Texas/24-008749-003/2024(H5N1)	725	95
PB2|PP755596.1|A/cattle/Texas/24-008749-003/2024(H5N1)	726	95
PB2|PP755596.1|A/cattle/Texas/24-008749-003/2024(H5N1)	727	95
PB2|PP755596.1|A/cattle/Texas/24-008749-003/2024(H5N1)	728	95
PB2|PP755596.1|A/cattle/Texas/24-008749-003/2024(H5N1)	729	97
PB2|PP755596.1|A/cattle/Texas/24-008749-003/2024(H5N1)	730	97
PB2|PP755596.1|A/cattle/Texas/24-008749-003/2024(H5N1)	731	97
PB2|PP755596.1|A/cattle/Texas/24-008749-003/2024(H5N1)	732	97
PB2|PP755596.1|A/cattle/Texas/24-008749-003/2024(H5N1)	733	98
PB2|PP755596.1|A/cattle/Texas/24-008749-003/2024(H5N1)	734	99
PB2|PP755596.1|A/cattle/Texas/24-008749-003/2024(H5N1)	735	97
PB2|PP755596.1|A/cattle/Texas/24-008749-003/2024(H5N1)	736	98
PB2|PP755596.1|A/cattle/Texas/24-008749-003/2024(H5N1)	737	96
PB2|PP755596.1|A/cattle/Texas/24-008749-003/2024(H5N1)	738	94
PB2|PP755596.1|A/cattle/Texas/24-008749-003/2024(H5N1)	739	95
PB2|PP755596.1|A/cattle/Texas/24-008749-003/2024(H5N1)	740	95
PB2|PP755596.1|A/cattle/Texas/24-008749-003/2024(H5N1)	741	97
PB2|PP755596.1|A/cattle/Texas/24-008749-003/2024(H5N1)	742	97
PB2|PP755596.1|A/cattle/Texas/24-008749-003/2024(H5N1)	743	96
PB2|PP755596.1|A/cattle/Texas/24-008749-003/2024(H5N1)	744	95
PB2|PP755596.1|A/cattle/Texas/24-008749-003/2024(H5N1)	745	95
PB2|PP755596.1|A/cattle/Texas/24-008749-003/2024(H5N1)	746	95
PB2|PP755596.1|A/cattle/Texas/24-008749-003/2024(H5N1)	747	95
PB2|PP755596.1|A/cattle/Texas/24-008749-003/2024(H5N1)	748	95
PB2|PP755596.1|A/cattle/Texas/24-008749-003/2024(H5N1)	749	95
PB2|PP755596.1|A/cattle/Texas/24-008749-003/2024(H5N1)	750	95
PB2|PP755596.1|A/cattle/Texas/24-008749-003/2024(H5N1)	751	91
PB2|PP755596.1|A/cattle/Texas/24-008749-003/2024(H5N1)	752	91
PB2|PP755596.1|A/cattle/Texas/24-008749-003/2024(H5N1)	753	91
PB2|PP755596.1|A/cattle/Texas/24-008749-003/2024(H5N1)	754	84
PB2|PP755596.1|A/cattle/Texas/24-008749-003/2024(H5N1)	755	86
PB2|PP755596.1|A/cattle/Texas/24-008749-003/2024(H5N1)	756	86
PB2|PP755596.1|A/cattle/Texas/24-008749-003/2024(H5N1)	757	86
PB2|PP755596.1|A/cattle/Texas/24-008749-003/2024(H5N1)	758	85
PB2|PP755596.1|A/cattle/Texas/24-008749-003/2024(H5N1)	759	85
PB2|PP755596.1|A/cattle/Texas/24-008749-003/2024(H5N1)	760	86
PB2|PP755596.1|A/cattle/Texas/24-008749-003/2024(H5N1)	761	86
PB2|PP755596.1|A/cattle/Texas/24-008749-003/2024(H5N1)	762	86
PB2|PP755596.1|A/cattle/Texas/24-008749-003/2024(H5N1)	763	86
PB2|PP755596.1|A/cattle/Texas/24-008749-003/2024(H5N1)	764	85
PB2|PP755596.1|A/cattle/Texas/24-008749-003/2024(H5N1)	765	84
PB2|PP755596.1|A/cattle/Texas/24-008749-003/2024(H5N1)	766	86
PB2|PP755596.1|A/cattle/Texas/24-008749-003/2024(H5N1)	767	86
PB2|PP755596.1|A/cattle/Texas/24-008749-003/2024(H5N1)	768	89
PB2|PP755596.1|A/cattle/Texas/24-008749-003/2024(H5N1)	769	89
PB2|PP755596.1|A/cattle/Texas/24-008749-003/2024(H5N1)	770	88
PB2|PP755596.1|A/cattle/Texas/24-008749-003/2024(H5N1)	771	85
PB2|PP755596.1|A/cattle/Texas/24-008749-003/2024(H5N1)	772	85
PB2|PP755596.1|A/cattle/Texas/24-008749-003/2024(H5N1)	773	87
PB2|PP755596.1|A/cattle/Texas/24-008749-003/2024(H5N1)	774	82
PB2|PP755596.1|A/cattle/Texas/24-008749-003/2024(H5N1)	775	81
PB2|PP755596.1|A/cattle/Texas/24-008749-003/2024(H5N1)	776	81
PB2|PP755596.1|A/cattle/Texas/24-008749-003/2024(H5N1)	777	76
PB2|PP755596.1|A/cattle/Texas/24-008749-003/2024(H5N1)	778	76
PB2|PP755596.1|A/cattle/Texas/24-008749-003/2024(H5N1)	779	75
PB2|PP755596.1|A/cattle/Texas/24-008749-003/2024(H5N1)	780	75
PB2|PP755596.1|A/cattle/Texas/24-008749-003/2024(H5N1)	781	75
PB2|PP755596.1|A/cattle/Texas/24-008749-003/2024(H5N1)	782	75
PB2|PP755596.1|A/cattle/Texas/24-008749-003/2024(H5N1)	783	78
PB2|PP755596.1|A/cattle/Texas/24-008749-003/2024(H5N1)	784	78
PB2|PP755596.1|A/cattle/Texas/24-008749-003/2024(H5N1)	785	78
PB2|PP755596.1|A/cattle/Texas/24-008749-003/2024(H5N1)	786	77
PB2|PP755596.1|A/cattle/Texas/24-008749-003/2024(H5N1)	787	80
PB2|PP755596.1|A/cattle/Texas/24-008749-003/2024(H5N1)	788	81
PB2|PP755596.1|A/cattle/Texas/24-008749-003/2024(H5N1)	789	82
PB2|PP755596.1|A/cattle/Texas/24-008749-003/2024(H5N1)	790	83
PB2|PP755596.1|A/cattle/Texas/24-008749-003/2024(H5N1)	791	83
PB2|PP755596.1|A/cattle/Texas/24-008749-003/2024(H5N1)	792	84
PB2|PP755596.1|A/cattle/Texas/24-008749-003/2024(H5N1)	793	84
PB2|PP755596.1|A/cattle/Texas/24-008749-003/2024(H5N1)	794	83
PB2|PP755596.1|A/cattle/Texas/24-008749-003/2024(H5N1)	795	85
PB2|PP755596.1|A/cattle/Texas/24-008749-003/2024(H5N1)	796	87
PB2|PP755596.1|A/cattle/Texas/24-008749-003/2024(H5N1)	797	87
PB2|PP755596.1|A/cattle/Texas/24-008749-003/2024(H5N1)	798	85
PB2|PP755596.1|A/cattle/Texas/24-008749-003/2024(H5N1)	799	85
PB2|PP755596.1|A/cattle/Texas/24-008749-003/2024(H5N1)	800	85
PB2|PP755596.1|A/cattle/Texas/24-008749-003/2024(H5N1)	801	85
PB2|PP755596.1|A/cattle/Texas/24-008749-003/2024(H5N1)	802	85
PB2|PP755596.1|A/cattle/Texas/24-008749-003/2024(H5N1)	803	86
PB2|PP755596.1|A/cattle/Texas/24-008749-003/2024(H5N1)	804	93
PB2|PP755596.1|A/cattle/Texas/24-008749-003/2024(H5N1)	805	93
PB2|PP755596.1|A/cattle/Texas/24-008749-003/2024(H5N1)	806	94
PB2|PP755596.1|A/cattle/Texas/24-008749-003/2024(H5N1)	807	93
PB2|PP755596.1|A/cattle/Texas/24-008749-003/2024(H5N1)	808	77
PB2|PP755596.1|A/cattle/Texas/24-008749-003/2024(H5N1)	809	81
PB2|PP755596.1|A/cattle/Texas/24-008749-003/2024(H5N1)	810	80
PB2|PP755596.1|A/cattle/Texas/24-008749-003/2024(H5N1)	811	80
PB2|PP755596.1|A/cattle/Texas/24-008749-003/2024(H5N1)	812	77
PB2|PP755596.1|A/cattle/Texas/24-008749-003/2024(H5N1)	813	80
PB2|PP755596.1|A/cattle/Texas/24-008749-003/2024(H5N1)	814	81
PB2|PP755596.1|A/cattle/Texas/24-008749-003/2024(H5N1)	815	81
PB2|PP755596.1|A/cattle/Texas/24-008749-003/2024(H5N1)	816	86
PB2|PP755596.1|A/cattle/Texas/24-008749-003/2024(H5N1)	817	86
PB2|PP755596.1|A/cattle/Texas/24-008749-003/2024(H5N1)	818	86
PB2|PP755596.1|A/cattle/Texas/24-008749-003/2024(H5N1)	819	86
PB2|PP755596.1|A/cattle/Texas/24-008749-003/2024(H5N1)	820	84
PB2|PP755596.1|A/cattle/Texas/24-008749-003/2024(H5N1)	821	84
PB2|PP755596.1|A/cattle/Texas/24-008749-003/2024(H5N1)	822	80
PB2|PP755596.1|A/cattle/Texas/24-008749-003/2024(H5N1)	823	80
PB2|PP755596.1|A/cattle/Texas/24-008749-003/2024(H5N1)	824	79
PB2|PP755596.1|A/cattle/Texas/24-008749-003/2024(H5N1)	825	83
PB2|PP755596.1|A/cattle/Texas/24-008749-003/2024(H5N1)	826	83
PB2|PP755596.1|A/cattle/Texas/24-008749-003/2024(H5N1)	827	81
PB2|PP755596.1|A/cattle/Texas/24-008749-003/2024(H5N1)	828	76
PB2|PP755596.1|A/cattle/Texas/24-008749-003/2024(H5N1)	829	77
PB2|PP755596.1|A/cattle/Texas/24-008749-003/2024(H5N1)	830	77
PB2|PP755596.1|A/cattle/Texas/24-008749-003/2024(H5N1)	831	77
PB2|PP755596.1|A/cattle/Texas/24-008749-003/2024(H5N1)	832	77
PB2|PP755596.1|A/cattle/Texas/24-008749-003/2024(H5N1)	833	79
PB2|PP755596.1|A/cattle/Texas/24-008749-003/2024(H5N1)	834	77
PB2|PP755596.1|A/cattle/Texas/24-008749-003/2024(H5N1)	835	77
PB2|PP755596.1|A/cattle/Texas/24-008749-003/2024(H5N1)	836	77
PB2|PP755596.1|A/cattle/Texas/24-008749-003/2024(H5N1)	837	77
PB2|PP755596.1|A/cattle/Texas/24-008749-003/2024(H5N1)	838	82
PB2|PP755596.1|A/cattle/Texas/24-008749-003/2024(H5N1)	839	82
PB2|PP755596.1|A/cattle/Texas/24-008749-003/2024(H5N1)	840	82
PB2|PP755596.1|A/cattle/Texas/24-008749-003/2024(H5N1)	841	82
PB2|PP755596.1|A/cattle/Texas/24-008749-003/2024(H5N1)	842	82
PB2|PP755596.1|A/cattle/Texas/24-008749-003/2024(H5N1)	843	82
PB2|PP755596.1|A/cattle/Texas/24-008749-003/2024(H5N1)	844	82
PB2|PP755596.1|A/cattle/Texas/24-008749-003/2024(H5N1)	845	81
PB2|PP755596.1|A/cattle/Texas/24-008749-003/2024(H5N1)	846	81
PB2|PP755596.1|A/cattle/Texas/24-008749-003/2024(H5N1)	847	72
PB2|PP755596.1|A/cattle/Texas/24-008749-003/2024(H5N1)	848	72
PB2|PP755596.1|A/cattle/Texas/24-008749-003/2024(H5N1)	849	73
PB2|PP755596.1|A/cattle/Texas/24-008749-003/2024(H5N1)	850	73
PB2|PP755596.1|A/cattle/Texas/24-008749-003/2024(H5N1)	851	73
PB2|PP755596.1|A/cattle/Texas/24-008749-003/2024(H5N1)	852	73
PB2|PP755596.1|A/cattle/Texas/24-008749-003/2024(H5N1)	853	74
PB2|PP755596.1|A/cattle/Texas/24-008749-003/2024(H5N1)	854	74
PB2|PP755596.1|A/cattle/Texas/24-008749-003/2024(H5N1)	855	73
PB2|PP755596.1|A/cattle/Texas/24-008749-003/2024(H5N1)	856	73
PB2|PP755596.1|A/cattle/Texas/24-008749-003/2024(H5N1)	857	68
PB2|PP755596.1|A/cattle/Texas/24-008749-003/2024(H5N1)	858	69
PB2|PP755596.1|A/cattle/Texas/24-008749-003/2024(H5N1)	859	69
PB2|PP755596.1|A/cattle/Texas/24-008749-003/2024(H5N1)	860	69
PB2|PP755596.1|A/cattle/Texas/24-008749-003/2024(H5N1)	861	69
PB2|PP755596.1|A/cattle/Texas/24-008749-003/2024(H5N1)	862	72
PB2|PP755596.1|A/cattle/Texas/24-008749-003/2024(H5N1)	863	72
PB2|PP755596.1|A/cattle/Texas/24-008749-003/2024(H5N1)	864	72
PB2|PP755596.1|A/cattle/Texas/24-008749-003/2024(H5N1)	865	71
PB2|PP755596.1|A/cattle/Texas/24-008749-003/2024(H5N1)	866	70
PB2|PP755596.1|A/cattle/Texas/24-008749-003/2024(H5N1)	867	71
PB2|PP755596.1|A/cattle/Texas/24-008749-003/2024(H5N1)	868	71
PB2|PP755596.1|A/cattle/Texas/24-008749-003/2024(H5N1)	869	71
PB2|PP755596.1|A/cattle/Texas/24-008749-003/2024(H5N1)	870	71
PB2|PP755596.1|A/cattle/Texas/24-008749-003/2024(H5N1)	871	71
PB2|PP755596.1|A/cattle/Texas/24-008749-003/2024(H5N1)	872	73
PB2|PP755596.1|A/cattle/Texas/24-008749-003/2024(H5N1)	873	73
PB2|PP755596.1|A/cattle/Texas/24-008749-003/2024(H5N1)	874	71
PB2|PP755596.1|A/cattle/Texas/24-008749-003/2024(H5N1)	875	71
PB2|PP755596.1|A/cattle/Texas/24-008749-003/2024(H5N1)	876	71
PB2|PP755596.1|A/cattle/Texas/24-008749-003/2024(H5N1)	877	70
PB2|PP755596.1|A/cattle/Texas/24-008749-003/2024(H5N1)	878	71
PB2|PP755596.1|A/cattle/Texas/24-008749-003/2024(H5N1)	879	72
PB2|PP755596.1|A/cattle/Texas/24-008749-003/2024(H5N1)	880	71
PB2|PP755596.1|A/cattle/Texas/24-008749-003/2024(H5N1)	881	71
PB2|PP755596.1|A/cattle/Texas/24-008749-003/2024(H5N1)	882	71
PB2|PP755596.1|A/cattle/Texas/24-008749-003/2024(H5N1)	883	72
PB2|PP755596.1|A/cattle/Texas/24-008749-003/2024(H5N1)	884	72
PB2|PP755596.1|A/cattle/Texas/24-008749-003/2024(H5N1)	885	72
PB2|PP755596.1|A/cattle/Texas/24-008749-003/2024(H5N1)	886	73
PB2|PP755596.1|A/cattle/Texas/24-008749-003/2024(H5N1)	887	73
PB2|PP755596.1|A/cattle/Texas/24-008749-003/2024(H5N1)	888	73
PB2|PP755596.1|A/cattle/Texas/24-008749-003/2024(H5N1)	889	73
PB2|PP755596.1|A/cattle/Texas/24-008749-003/2024(H5N1)	890	78
PB2|PP755596.1|A/cattle/Texas/24-008749-003/2024(H5N1)	891	76
PB2|PP755596.1|A/cattle/Texas/24-008749-003/2024(H5N1)	892	78
PB2|PP755596.1|A/cattle/Texas/24-008749-003/2024(H5N1)	893	78
PB2|PP755596.1|A/cattle/Texas/24-008749-003/2024(H5N1)	894	78
PB2|PP755596.1|A/cattle/Texas/24-008749-003/2024(H5N1)	895	80
PB2|PP755596.1|A/cattle/Texas/24-008749-003/2024(H5N1)	896	80
PB2|PP755596.1|A/cattle/Texas/24-008749-003/2024(H5N1)	897	80
PB2|PP755596.1|A/cattle/Texas/24-008749-003/2024(H5N1)	898	81
PB2|PP755596.1|A/cattle/Texas/24-008749-003/2024(H5N1)	899	81
PB2|PP755596.1|A/cattle/Texas/24-008749-003/2024(H5N1)	900	81
PB2|PP755596.1|A/cattle/Texas/24-008749-003/2024(H5N1)	901	82
PB2|PP755596.1|A/cattle/Texas/24-008749-003/2024(H5N1)	902	85
PB2|PP755596.1|A/cattle/Texas/24-008749-003/2024(H5N1)	903	85
PB2|PP755596.1|A/cattle/Texas/24-008749-003/2024(H5N1)	904	85
PB2|PP755596.1|A/cattle/Texas/24-008749-003/2024(H5N1)	905	85
PB2|PP755596.1|A/cattle/Texas/24-008749-003/2024(H5N1)	906	83
PB2|PP755596.1|A/cattle/Texas/24-008749-003/2024(H5N1)	907	82
PB2|PP755596.1|A/cattle/Texas/24-008749-003/2024(H5N1)	908	81
PB2|PP755596.1|A/cattle/Texas/24-008749-003/2024(H5N1)	909	81
PB2|PP755596.1|A/cattle/Texas/24-008749-003/2024(H5N1)	910	82
PB2|PP755596.1|A/cattle/Texas/24-008749-003/2024(H5N1)	911	81
PB2|PP755596.1|A/cattle/Texas/24-008749-003/2024(H5N1)	912	81
PB2|PP755596.1|A/cattle/Texas/24-008749-003/2024(H5N1)	913	81
PB2|PP755596.1|A/cattle/Texas/24-008749-003/2024(H5N1)	914	81
PB2|PP755596.1|A/cattle/Texas/24-008749-003/2024(H5N1)	915	81
PB2|PP755596.1|A/cattle/Texas/24-008749-003/2024(H5N1)	916	82
PB2|PP755596.1|A/cattle/Texas/24-008749-003/2024(H5N1)	917	82
PB2|PP755596.1|A/cattle/Texas/24-008749-003/2024(H5N1)	918	82
PB2|PP755596.1|A/cattle/Texas/24-008749-003/2024(H5N1)	919	85
PB2|PP755596.1|A/cattle/Texas/24-008749-003/2024(H5N1)	920	85
PB2|PP755596.1|A/cattle/Texas/24-008749-003/2024(H5N1)	921	85
PB2|PP755596.1|A/cattle/Texas/24-008749-003/2024(H5N1)	922	85
PB2|PP755596.1|A/cattle/Texas/24-008749-003/2024(H5N1)	923	85
PB2|PP755596.1|A/cattle/Texas/24-008749-003/2024(H5N1)	924	83
PB2|PP755596.1|A/cattle/Texas/24-008749-003/2024(H5N1)	925	88
PB2|PP755596.1|A/cattle/Texas/24-008749-003/2024(H5N1)	926	89
PB2|PP755596.1|A/cattle/Texas/24-008749-003/2024(H5N1)	927	89
PB2|PP755596.1|A/cattle/Texas/24-008749-003/2024(H5N1)	928	88
PB2|PP755596.1|A/cattle/Texas/24-008749-003/2024(H5N1)	929	86
PB2|PP755596.1|A/cattle/Texas/24-008749-003/2024(H5N1)	930	88
PB2|PP755596.1|A/cattle/Texas/24-008749-003/2024(H5N1)	931	88
PB2|PP755596.1|A/cattle/Texas/24-008749-003/2024(H5N1)	932	88
PB2|PP755596.1|A/cattle/Texas/24-008749-003/2024(H5N1)	933	90
PB2|PP755596.1|A/cattle/Texas/24-008749-003/2024(H5N1)	934	87
PB2|PP755596.1|A/cattle/Texas/24-008749-003/2024(H5N1)	935	87
PB2|PP755596.1|A/cattle/Texas/24-008749-003/2024(H5N1)	936	86
PB2|PP755596.1|A/cattle/Texas/24-008749-003/2024(H5N1)	937	86
PB2|PP755596.1|A/cattle/Texas/24-008749-003/2024(H5N1)	938	81
PB2|PP755596.1|A/cattle/Texas/24-008749-003/2024(H5N1)	939	81
PB2|PP755596.1|A/cattle/Texas/24-008749-003/2024(H5N1)	940	81
PB2|PP755596.1|A/cattle/Texas/24-008749-003/2024(H5N1)	941	80
PB2|PP755596.1|A/cattle/Texas/24-008749-003/2024(H5N1)	942	80
PB2|PP755596.1|A/cattle/Texas/24-008749-003/2024(H5N1)	943	79
PB2|PP755596.1|A/cattle/Texas/24-008749-003/2024(H5N1)	944	79
PB2|PP755596.1|A/cattle/Texas/24-008749-003/2024(H5N1)	945	79
PB2|PP755596.1|A/cattle/Texas/24-008749-003/2024(H5N1)	946	78
PB2|PP755596.1|A/cattle/Texas/24-008749-003/2024(H5N1)	947	76
PB2|PP755596.1|A/cattle/Texas/24-008749-003/2024(H5N1)	948	77
PB2|PP755596.1|A/cattle/Texas/24-008749-003/2024(H5N1)	949	90
PB2|PP755596.1|A/cattle/Texas/24-008749-003/2024(H5N1)	950	90
PB2|PP755596.1|A/cattle/Texas/24-008749-003/2024(H5N1)	951	91
PB2|PP755596.1|A/cattle/Texas/24-008749-003/2024(H5N1)	952	91
PB2|PP755596.1|A/cattle/Texas/24-008749-003/2024(H5N1)	953	94
PB2|PP755596.1|A/cattle/Texas/24-008749-003/2024(H5N1)	954	93
PB2|PP755596.1|A/cattle/Texas/24-008749-003/2024(H5N1)	955	92
PB2|PP755596.1|A/cattle/Texas/24-008749-003/2024(H5N1)	956	92
PB2|PP755596.1|A/cattle/Texas/24-008749-003/2024(H5N1)	957	92
PB2|PP755596.1|A/cattle/Texas/24-008749-003/2024(H5N1)	958	92
PB2|PP755596.1|A/cattle/Texas/24-008749-003/2024(H5N1)	959	93
PB2|PP755596.1|A/cattle/Texas/24-008749-003/2024(H5N1)	960	93
PB2|PP755596.1|A/cattle/Texas/24-008749-003/2024(H5N1)	961	94
PB2|PP755596.1|A/cattle/Texas/24-008749-003/2024(H5N1)	962	93
PB2|PP755596.1|A/cattle/Texas/24-008749-003/2024(H5N1)	963	93
PB2|PP755596.1|A/cattle/Texas/24-008749-003/2024(H5N1)	964	90
PB2|PP755596.1|A/cattle/Texas/24-008749-003/2024(H5N1)	965	89
PB2|PP755596.1|A/cattle/Texas/24-008749-003/2024(H5N1)	966	89
PB2|PP755596.1|A/cattle/Texas/24-008749-003/2024(H5N1)	967	89
PB2|PP755596.1|A/cattle/Texas/24-008749-003/2024(H5N1)	968	89
PB2|PP755596.1|A/cattle/Texas/24-008749-003/2024(H5N1)	969	89
PB2|PP755596.1|A/cattle/Texas/24-008749-003/2024(H5N1)	970	89
PB2|PP755596.1|A/cattle/Texas/24-008749-003/2024(H5N1)	971	90
PB2|PP755596.1|A/cattle/Texas/24-008749-003/2024(H5N1)	972	90
PB2|PP755596.1|A/cattle/Texas/24-008749-003/2024(H5N1)	973	87
PB2|PP755596.1|A/cattle/Texas/24-008749-003/2024(H5N1)	974	87
PB2|PP755596.1|A/cattle/Texas/24-008749-003/2024(H5N1)	975	87
PB2|PP755596.1|A/cattle/Texas/24-008749-003/2024(H5N1)	976	85
PB2|PP755596.1|A/cattle/Texas/24-008749-003/2024(H5N1)	977	85
PB2|PP755596.1|A/cattle/Texas/24-008749-003/2024(H5N1)	978	85
PB2|PP755596.1|A/cattle/Texas/24-008749-003/2024(H5N1)	979	87
PB2|PP755596.1|A/cattle/Texas/24-008749-003/2024(H5N1)	980	85
PB2|PP755596.1|A/cattle/Texas/24-008749-003/2024(H5N1)	981	85
PB2|PP755596.1|A/cattle/Texas/24-008749-003/2024(H5N1)	982	85
PB2|PP755596.1|A/cattle/Texas/24-008749-003/2024(H5N1)	983	83
PB2|PP755596.1|A/cattle/Texas/24-008749-003/2024(H5N1)	984	85
PB2|PP755596.1|A/cattle/Texas/24-008749-003/2024(H5N1)	985	85
PB2|PP755596.1|A/cattle/Texas/24-008749-003/2024(H5N1)	986	85
PB2|PP755596.1|A/cattle/Texas/24-008749-003/2024(H5N1)	987	85
PB2|PP755596.1|A/cattle/Texas/24-008749-003/2024(H5N1)	988	85
PB2|PP755596.1|A/cattle/Texas/24-008749-003/2024(H5N1)	989	80
PB2|PP755596.1|A/cattle/Texas/24-008749-003/2024(H5N1)	990	80
PB2|PP755596.1|A/cattle/Texas/24-008749-003/2024(H5N1)	991	84
PB2|PP755596.1|A/cattle/Texas/24-008749-003/2024(H5N1)	992	71
PB2|PP755596.1|A/cattle/Texas/24-008749-003/2024(H5N1)	993	71
PB2|PP755596.1|A/cattle/Texas/24-008749-003/2024(H5N1)	994	71
PB2|PP755596.1|A/cattle/Texas/24-008749-003/2024(H5N1)	995	72
PB2|PP755596.1|A/cattle/Texas/24-008749-003/2024(H5N1)	996	72
PB2|PP755596.1|A/cattle/Texas/24-008749-003/2024(H5N1)	997	72
PB2|PP755596.1|A/cattle/Texas/24-008749-003/2024(H5N1)	998	73
PB2|PP755596.1|A/cattle/Texas/24-008749-003/2024(H5N1)	999	73
PB2|PP755596.1|A/cattle/Texas/24-008749-003/2024(H5N1)	1000	71
PB2|PP755596.1|A/cattle/Texas/24-008749-003/2024(H5N1)	1001	72
PB2|PP755596.1|A/cattle/Texas/24-008749-003/2024(H5N1)	1002	72
PB2|PP755596.1|A/cattle/Texas/24-008749-003/2024(H5N1)	1003	72
PB2|PP755596.1|A/cattle/Texas/24-008749-003/2024(H5N1)	1004	71
PB2|PP755596.1|A/cattle/Texas/24-008749-003/2024(H5N1)	1005	73
PB2|PP755596.1|A/cattle/Texas/24-008749-003/2024(H5N1)	1006	74
PB2|PP755596.1|A/cattle/Texas/24-008749-003/2024(H5N1)	1007	72
PB2|PP755596.1|A/cattle/Texas/24-008749-003/2024(H5N1)	1008	72
PB2|PP755596.1|A/cattle/Texas/24-008749-003/2024(H5N1)	1009	72
PB2|PP755596.1|A/cattle/Texas/24-008749-003/2024(H5N1)	1010	72
PB2|PP755596.1|A/cattle/Texas/24-008749-003/2024(H5N1)	1011	73
PB2|PP755596.1|A/cattle/Texas/24-008749-003/2024(H5N1)	1012	76
PB2|PP755596.1|A/cattle/Texas/24-008749-003/2024(H5N1)	1013	72
PB2|PP755596.1|A/cattle/Texas/24-008749-003/2024(H5N1)	1014	72
PB2|PP755596.1|A/cattle/Texas/24-008749-003/2024(H5N1)	1015	72
PB2|PP755596.1|A/cattle/Texas/24-008749-003/2024(H5N1)	1016	72
PB2|PP755596.1|A/cattle/Texas/24-008749-003/2024(H5N1)	1017	72
PB2|PP755596.1|A/cattle/Texas/24-008749-003/2024(H5N1)	1018	71
PB2|PP755596.1|A/cattle/Texas/24-008749-003/2024(H5N1)	1019	71
PB2|PP755596.1|A/cattle/Texas/24-008749-003/2024(H5N1)	1020	71
PB2|PP755596.1|A/cattle/Texas/24-008749-003/2024(H5N1)	1021	69
PB2|PP755596.1|A/cattle/Texas/24-008749-003/2024(H5N1)	1022	70
PB2|PP755596.1|A/cattle/Texas/24-008749-003/2024(H5N1)	1023	69
PB2|PP755596.1|A/cattle/Texas/24-008749-003/2024(H5N1)	1024	71
PB2|PP755596.1|A/cattle/Texas/24-008749-003/2024(H5N1)	1025	70
PB2|PP755596.1|A/cattle/Texas/24-008749-003/2024(H5N1)	1026	69
PB2|PP755596.1|A/cattle/Texas/24-008749-003/2024(H5N1)	1027	69
PB2|PP755596.1|A/cattle/Texas/24-008749-003/2024(H5N1)	1028	69
PB2|PP755596.1|A/cattle/Texas/24-008749-003/2024(H5N1)	1029	65
PB2|PP755596.1|A/cattle/Texas/24-008749-003/2024(H5N1)	1030	65
PB2|PP755596.1|A/cattle/Texas/24-008749-003/2024(H5N1)	1031	64
PB2|PP755596.1|A/cattle/Texas/24-008749-003/2024(H5N1)	1032	65
PB2|PP755596.1|A/cattle/Texas/24-008749-003/2024(H5N1)	1033	65
PB2|PP755596.1|A/cattle/Texas/24-008749-003/2024(H5N1)	1034	67
PB2|PP755596.1|A/cattle/Texas/24-008749-003/2024(H5N1)	1035	67
PB2|PP755596.1|A/cattle/Texas/24-008749-003/2024(H5N1)	1036	67
PB2|PP755596.1|A/cattle/Texas/24-008749-003/2024(H5N1)	1037	66
PB2|PP755596.1|A/cattle/Texas/24-008749-003/2024(H5N1)	1038	66
PB2|PP755596.1|A/cattle/Texas/24-008749-003/2024(H5N1)	1039	67
PB2|PP755596.1|A/cattle/Texas/24-008749-003/2024(H5N1)	1040	67
PB2|PP755596.1|A/cattle/Texas/24-008749-003/2024(H5N1)	1041	61
PB2|PP755596.1|A/cattle/Texas/24-008749-003/2024(H5N1)	1042	61
PB2|PP755596.1|A/cattle/Texas/24-008749-003/2024(H5N1)	1043	60
PB2|PP755596.1|A/cattle/Texas/24-008749-003/2024(H5N1)	1044	63
PB2|PP755596.1|A/cattle/Texas/24-008749-003/2024(H5N1)	1045	63
PB2|PP755596.1|A/cattle/Texas/24-008749-003/2024(H5N1)	1046	61
PB2|PP755596.1|A/cattle/Texas/24-008749-003/2024(H5N1)	1047	61
PB2|PP755596.1|A/cattle/Texas/24-008749-003/2024(H5N1)	1048	62
PB2|PP755596.1|A/cattle/Texas/24-008749-003/2024(H5N1)	1049	62
PB2|PP755596.1|A/cattle/Texas/24-008749-003/2024(H5N1)	1050	62
PB2|PP755596.1|A/cattle/Texas/24-008749-003/2024(H5N1)	1051	62
PB2|PP755596.1|A/cattle/Texas/24-008749-003/2024(H5N1)	1052	61
PB2|PP755596.1|A/cattle/Texas/24-008749-003/2024(H5N1)	1053	59
PB2|PP755596.1|A/cattle/Texas/24-008749-003/2024(H5N1)	1054	59
PB2|PP755596.1|A/cattle/Texas/24-008749-003/2024(H5N1)	1055	59
PB2|PP755596.1|A/cattle/Texas/24-008749-003/2024(H5N1)	1056	59
PB2|PP755596.1|A/cattle/Texas/24-008749-003/2024(H5N1)	1057	59
PB2|PP755596.1|A/cattle/Texas/24-008749-003/2024(H5N1)	1058	62
PB2|PP755596.1|A/cattle/Texas/24-008749-003/2024(H5N1)	1059	62
PB2|PP755596.1|A/cattle/Texas/24-008749-003/2024(H5N1)	1060	62
PB2|PP755596.1|A/cattle/Texas/24-008749-003/2024(H5N1)	1061	61
PB2|PP755596.1|A/cattle/Texas/24-008749-003/2024(H5N1)	1062	61
PB2|PP755596.1|A/cattle/Texas/24-008749-003/2024(H5N1)	1063	61
PB2|PP755596.1|A/cattle/Texas/24-008749-003/2024(H5N1)	1064	61
PB2|PP755596.1|A/cattle/Texas/24-008749-003/2024(H5N1)	1065	61
PB2|PP755596.1|A/cattle/Texas/24-008749-003/2024(H5N1)	1066	59
PB2|PP755596.1|A/cattle/Texas/24-008749-003/2024(H5N1)	1067	57
PB2|PP755596.1|A/cattle/Texas/24-008749-003/2024(H5N1)	1068	58
PB2|PP755596.1|A/cattle/Texas/24-008749-003/2024(H5N1)	1069	62
PB2|PP755596.1|A/cattle/Texas/24-008749-003/2024(H5N1)	1070	63
PB2|PP755596.1|A/cattle/Texas/24-008749-003/2024(H5N1)	1071	63
PB2|PP755596.1|A/cattle/Texas/24-008749-003/2024(H5N1)	1072	63
PB2|PP755596.1|A/cattle/Texas/24-008749-003/2024(H5N1)	1073	63
PB2|PP755596.1|A/cattle/Texas/24-008749-003/2024(H5N1)	1074	63
PB2|PP755596.1|A/cattle/Texas/24-008749-003/2024(H5N1)	1075	66
PB2|PP755596.1|A/cattle/Texas/24-008749-003/2024(H5N1)	1076	61
PB2|PP755596.1|A/cattle/Texas/24-008749-003/2024(H5N1)	1077	62
PB2|PP755596.1|A/cattle/Texas/24-008749-003/2024(H5N1)	1078	62
PB2|PP755596.1|A/cattle/Texas/24-008749-003/2024(H5N1)	1079	61
PB2|PP755596.1|A/cattle/Texas/24-008749-003/2024(H5N1)	1080	61
PB2|PP755596.1|A/cattle/Texas/24-008749-003/2024(H5N1)	1081	59
PB2|PP755596.1|A/cattle/Texas/24-008749-003/2024(H5N1)	1082	59
PB2|PP755596.1|A/cattle/Texas/24-008749-003/2024(H5N1)	1083	58
PB2|PP755596.1|A/cattle/Texas/24-008749-003/2024(H5N1)	1084	58
PB2|PP755596.1|A/cattle/Texas/24-008749-003/2024(H5N1)	1085	56
PB2|PP755596.1|A/cattle/Texas/24-008749-003/2024(H5N1)	1086	56
PB2|PP755596.1|A/cattle/Texas/24-008749-003/2024(H5N1)	1087	62
PB2|PP755596.1|A/cattle/Texas/24-008749-003/2024(H5N1)	1088	63
PB2|PP755596.1|A/cattle/Texas/24-008749-003/2024(H5N1)	1089	66
PB2|PP755596.1|A/cattle/Texas/24-008749-003/2024(H5N1)	1090	66
PB2|PP755596.1|A/cattle/Texas/24-008749-003/2024(H5N1)	1091	66
PB2|PP755596.1|A/cattle/Texas/24-008749-003/2024(H5N1)	1092	66
PB2|PP755596.1|A/cattle/Texas/24-008749-003/2024(H5N1)	1093	66
PB2|PP755596.1|A/cattle/Texas/24-008749-003/2024(H5N1)	1094	66
PB2|PP755596.1|A/cattle/Texas/24-008749-003/2024(H5N1)	1095	66
PB2|PP755596.1|A/cattle/Texas/24-008749-003/2024(H5N1)	1096	66
PB2|PP755596.1|A/cattle/Texas/24-008749-003/2024(H5N1)	1097	69
PB2|PP755596.1|A/cattle/Texas/24-008749-003/2024(H5N1)	1098	70
PB2|PP755596.1|A/cattle/Texas/24-008749-003/2024(H5N1)	1099	70
PB2|PP755596.1|A/cattle/Texas/24-008749-003/2024(H5N1)	1100	71
PB2|PP755596.1|A/cattle/Texas/24-008749-003/2024(H5N1)	1101	71
PB2|PP755596.1|A/cattle/Texas/24-008749-003/2024(H5N1)	1102	70
PB2|PP755596.1|A/cattle/Texas/24-008749-003/2024(H5N1)	1103	70
PB2|PP755596.1|A/cattle/Texas/24-008749-003/2024(H5N1)	1104	67
PB2|PP755596.1|A/cattle/Texas/24-008749-003/2024(H5N1)	1105	67
PB2|PP755596.1|A/cattle/Texas/24-008749-003/2024(H5N1)	1106	68
PB2|PP755596.1|A/cattle/Texas/24-008749-003/2024(H5N1)	1107	68
PB2|PP755596.1|A/cattle/Texas/24-008749-003/2024(H5N1)	1108	69
PB2|PP755596.1|A/cattle/Texas/24-008749-003/2024(H5N1)	1109	68
PB2|PP755596.1|A/cattle/Texas/24-008749-003/2024(H5N1)	1110	67
PB2|PP755596.1|A/cattle/Texas/24-008749-003/2024(H5N1)	1111	67
PB2|PP755596.1|A/cattle/Texas/24-008749-003/2024(H5N1)	1112	67
PB2|PP755596.1|A/cattle/Texas/24-008749-003/2024(H5N1)	1113	68
PB2|PP755596.1|A/cattle/Texas/24-008749-003/2024(H5N1)	1114	68
PB2|PP755596.1|A/cattle/Texas/24-008749-003/2024(H5N1)	1115	68
PB2|PP755596.1|A/cattle/Texas/24-008749-003/2024(H5N1)	1116	68
PB2|PP755596.1|A/cattle/Texas/24-008749-003/2024(H5N1)	1117	72
PB2|PP755596.1|A/cattle/Texas/24-008749-003/2024(H5N1)	1118	72
PB2|PP755596.1|A/cattle/Texas/24-008749-003/2024(H5N1)	1119	72
PB2|PP755596.1|A/cattle/Texas/24-008749-003/2024(H5N1)	1120	71
PB2|PP755596.1|A/cattle/Texas/24-008749-003/2024(H5N1)	1121	71
PB2|PP755596.1|A/cattle/Texas/24-008749-003/2024(H5N1)	1122	71
PB2|PP755596.1|A/cattle/Texas/24-008749-003/2024(H5N1)	1123	71
PB2|PP755596.1|A/cattle/Texas/24-008749-003/2024(H5N1)	1124	71
PB2|PP755596.1|A/cattle/Texas/24-008749-003/2024(H5N1)	1125	71
PB2|PP755596.1|A/cattle/Texas/24-008749-003/2024(H5N1)	1126	72
PB2|PP755596.1|A/cattle/Texas/24-008749-003/2024(H5N1)	1127	72
PB2|PP755596.1|A/cattle/Texas/24-008749-003/2024(H5N1)	1128	72
PB2|PP755596.1|A/cattle/Texas/24-008749-003/2024(H5N1)	1129	72
PB2|PP755596.1|A/cattle/Texas/24-008749-003/2024(H5N1)	1130	72
PB2|PP755596.1|A/cattle/Texas/24-008749-003/2024(H5N1)	1131	72
PB2|PP755596.1|A/cattle/Texas/24-008749-003/2024(H5N1)	1132	75
PB2|PP755596.1|A/cattle/Texas/24-008749-003/2024(H5N1)	1133	77
PB2|PP755596.1|A/cattle/Texas/24-008749-003/2024(H5N1)	1134	76
PB2|PP755596.1|A/cattle/Texas/24-008749-003/2024(H5N1)	1135	75
PB2|PP755596.1|A/cattle/Texas/24-008749-003/2024(H5N1)	1136	75
PB2|PP755596.1|A/cattle/Texas/24-008749-003/2024(H5N1)	1137	75
PB2|PP755596.1|A/cattle/Texas/24-008749-003/2024(H5N1)	1138	75
PB2|PP755596.1|A/cattle/Texas/24-008749-003/2024(H5N1)	1139	75
PB2|PP755596.1|A/cattle/Texas/24-008749-003/2024(H5N1)	1140	76
PB2|PP755596.1|A/cattle/Texas/24-008749-003/2024(H5N1)	1141	76
PB2|PP755596.1|A/cattle/Texas/24-008749-003/2024(H5N1)	1142	72
PB2|PP755596.1|A/cattle/Texas/24-008749-003/2024(H5N1)	1143	75
PB2|PP755596.1|A/cattle/Texas/24-008749-003/2024(H5N1)	1144	77
PB2|PP755596.1|A/cattle/Texas/24-008749-003/2024(H5N1)	1145	77
PB2|PP755596.1|A/cattle/Texas/24-008749-003/2024(H5N1)	1146	76
PB2|PP755596.1|A/cattle/Texas/24-008749-003/2024(H5N1)	1147	76
PB2|PP755596.1|A/cattle/Texas/24-008749-003/2024(H5N1)	1148	81
PB2|PP755596.1|A/cattle/Texas/24-008749-003/2024(H5N1)	1149	80
PB2|PP755596.1|A/cattle/Texas/24-008749-003/2024(H5N1)	1150	80
PB2|PP755596.1|A/cattle/Texas/24-008749-003/2024(H5N1)	1151	80
PB2|PP755596.1|A/cattle/Texas/24-008749-003/2024(H5N1)	1152	79
PB2|PP755596.1|A/cattle/Texas/24-008749-003/2024(H5N1)	1153	82
PB2|PP755596.1|A/cattle/Texas/24-008749-003/2024(H5N1)	1154	82
PB2|PP755596.1|A/cattle/Texas/24-008749-003/2024(H5N1)	1155	80
PB2|PP755596.1|A/cattle/Texas/24-008749-003/2024(H5N1)	1156	80
PB2|PP755596.1|A/cattle/Texas/24-008749-003/2024(H5N1)	1157	83
PB2|PP755596.1|A/cattle/Texas/24-008749-003/2024(H5N1)	1158	84
PB2|PP755596.1|A/cattle/Texas/24-008749-003/2024(H5N1)	1159	84
PB2|PP755596.1|A/cattle/Texas/24-008749-003/2024(H5N1)	1160	84
PB2|PP755596.1|A/cattle/Texas/24-008749-003/2024(H5N1)	1161	84
PB2|PP755596.1|A/cattle/Texas/24-008749-003/2024(H5N1)	1162	82
PB2|PP755596.1|A/cattle/Texas/24-008749-003/2024(H5N1)	1163	79
PB2|PP755596.1|A/cattle/Texas/24-008749-003/2024(H5N1)	1164	79
PB2|PP755596.1|A/cattle/Texas/24-008749-003/2024(H5N1)	1165	79
PB2|PP755596.1|A/cattle/Texas/24-008749-003/2024(H5N1)	1166	80
PB2|PP755596.1|A/cattle/Texas/24-008749-003/2024(H5N1)	1167	81
PB2|PP755596.1|A/cattle/Texas/24-008749-003/2024(H5N1)	1168	81
PB2|PP755596.1|A/cattle/Texas/24-008749-003/2024(H5N1)	1169	83
PB2|PP755596.1|A/cattle/Texas/24-008749-003/2024(H5N1)	1170	84
PB2|PP755596.1|A/cattle/Texas/24-008749-003/2024(H5N1)	1171	84
PB2|PP755596.1|A/cattle/Texas/24-008749-003/2024(H5N1)	1172	84
PB2|PP755596.1|A/cattle/Texas/24-008749-003/2024(H5N1)	1173	83
PB2|PP755596.1|A/cattle/Texas/24-008749-003/2024(H5N1)	1174	81
PB2|PP755596.1|A/cattle/Texas/24-008749-003/2024(H5N1)	1175	81
PB2|PP755596.1|A/cattle/Texas/24-008749-003/2024(H5N1)	1176	83
PB2|PP755596.1|A/cattle/Texas/24-008749-003/2024(H5N1)	1177	83
PB2|PP755596.1|A/cattle/Texas/24-008749-003/2024(H5N1)	1178	83
PB2|PP755596.1|A/cattle/Texas/24-008749-003/2024(H5N1)	1179	83
PB2|PP755596.1|A/cattle/Texas/24-008749-003/2024(H5N1)	1180	83
PB2|PP755596.1|A/cattle/Texas/24-008749-003/2024(H5N1)	1181	83
PB2|PP755596.1|A/cattle/Texas/24-008749-003/2024(H5N1)	1182	83
PB2|PP755596.1|A/cattle/Texas/24-008749-003/2024(H5N1)	1183	82
PB2|PP755596.1|A/cattle/Texas/24-008749-003/2024(H5N1)	1184	84
PB2|PP755596.1|A/cattle/Texas/24-008749-003/2024(H5N1)	1185	82
PB2|PP755596.1|A/cattle/Texas/24-008749-003/2024(H5N1)	1186	82
PB2|PP755596.1|A/cattle/Texas/24-008749-003/2024(H5N1)	1187	82
PB2|PP755596.1|A/cattle/Texas/24-008749-003/2024(H5N1)	1188	82
PB2|PP755596.1|A/cattle/Texas/24-008749-003/2024(H5N1)	1189	82
PB2|PP755596.1|A/cattle/Texas/24-008749-003/2024(H5N1)	1190	82
PB2|PP755596.1|A/cattle/Texas/24-008749-003/2024(H5N1)	1191	81
PB2|PP755596.1|A/cattle/Texas/24-008749-003/2024(H5N1)	1192	81
PB2|PP755596.1|A/cattle/Texas/24-008749-003/2024(H5N1)	1193	81
PB2|PP755596.1|A/cattle/Texas/24-008749-003/2024(H5N1)	1194	82
PB2|PP755596.1|A/cattle/Texas/24-008749-003/2024(H5N1)	1195	80
PB2|PP755596.1|A/cattle/Texas/24-008749-003/2024(H5N1)	1196	80
PB2|PP755596.1|A/cattle/Texas/24-008749-003/2024(H5N1)	1197	80
PB2|PP755596.1|A/cattle/Texas/24-008749-003/2024(H5N1)	1198	80
PB2|PP755596.1|A/cattle/Texas/24-008749-003/2024(H5N1)	1199	80
PB2|PP755596.1|A/cattle/Texas/24-008749-003/2024(H5N1)	1200	82
PB2|PP755596.1|A/cattle/Texas/24-008749-003/2024(H5N1)	1201	82
PB2|PP755596.1|A/cattle/Texas/24-008749-003/2024(H5N1)	1202	81
PB2|PP755596.1|A/cattle/Texas/24-008749-003/2024(H5N1)	1203	81
PB2|PP755596.1|A/cattle/Texas/24-008749-003/2024(H5N1)	1204	81
PB2|PP755596.1|A/cattle/Texas/24-008749-003/2024(H5N1)	1205	81
PB2|PP755596.1|A/cattle/Texas/24-008749-003/2024(H5N1)	1206	81
PB2|PP755596.1|A/cattle/Texas/24-008749-003/2024(H5N1)	1207	81
PB2|PP755596.1|A/cattle/Texas/24-008749-003/2024(H5N1)	1208	81
PB2|PP755596.1|A/cattle/Texas/24-008749-003/2024(H5N1)	1209	82
PB2|PP755596.1|A/cattle/Texas/24-008749-003/2024(H5N1)	1210	82
PB2|PP755596.1|A/cattle/Texas/24-008749-003/2024(H5N1)	1211	85
PB2|PP755596.1|A/cattle/Texas/24-008749-003/2024(H5N1)	1212	86
PB2|PP755596.1|A/cattle/Texas/24-008749-003/2024(H5N1)	1213	86
PB2|PP755596.1|A/cattle/Texas/24-008749-003/2024(H5N1)	1214	87
PB2|PP755596.1|A/cattle/Texas/24-008749-003/2024(H5N1)	1215	88
PB2|PP755596.1|A/cattle/Texas/24-008749-003/2024(H5N1)	1216	89
PB2|PP755596.1|A/cattle/Texas/24-008749-003/2024(H5N1)	1217	89
PB2|PP755596.1|A/cattle/Texas/24-008749-003/2024(H5N1)	1218	88
PB2|PP755596.1|A/cattle/Texas/24-008749-003/2024(H5N1)	1219	87
PB2|PP755596.1|A/cattle/Texas/24-008749-003/2024(H5N1)	1220	83
PB2|PP755596.1|A/cattle/Texas/24-008749-003/2024(H5N1)	1221	81
PB2|PP755596.1|A/cattle/Texas/24-008749-003/2024(H5N1)	1222	81
PB2|PP755596.1|A/cattle/Texas/24-008749-003/2024(H5N1)	1223	81
PB2|PP755596.1|A/cattle/Texas/24-008749-003/2024(H5N1)	1224	81
PB2|PP755596.1|A/cattle/Texas/24-008749-003/2024(H5N1)	1225	87
PB2|PP755596.1|A/cattle/Texas/24-008749-003/2024(H5N1)	1226	87
PB2|PP755596.1|A/cattle/Texas/24-008749-003/2024(H5N1)	1227	86
PB2|PP755596.1|A/cattle/Texas/24-008749-003/2024(H5N1)	1228	87
PB2|PP755596.1|A/cattle/Texas/24-008749-003/2024(H5N1)	1229	88
PB2|PP755596.1|A/cattle/Texas/24-008749-003/2024(H5N1)	1230	86
PB2|PP755596.1|A/cattle/Texas/24-008749-003/2024(H5N1)	1231	86
PB2|PP755596.1|A/cattle/Texas/24-008749-003/2024(H5N1)	1232	86
PB2|PP755596.1|A/cattle/Texas/24-008749-003/2024(H5N1)	1233	84
PB2|PP755596.1|A/cattle/Texas/24-008749-003/2024(H5N1)	1234	85
PB2|PP755596.1|A/cattle/Texas/24-008749-003/2024(H5N1)	1235	83
PB2|PP755596.1|A/cattle/Texas/24-008749-003/2024(H5N1)	1236	83
PB2|PP755596.1|A/cattle/Texas/24-008749-003/2024(H5N1)	1237	83
PB2|PP755596.1|A/cattle/Texas/24-008749-003/2024(H5N1)	1238	81
PB2|PP755596.1|A/cattle/Texas/24-008749-003/2024(H5N1)	1239	81
PB2|PP755596.1|A/cattle/Texas/24-008749-003/2024(H5N1)	1240	79
PB2|PP755596.1|A/cattle/Texas/24-008749-003/2024(H5N1)	1241	79
PB2|PP755596.1|A/cattle/Texas/24-008749-003/2024(H5N1)	1242	80
PB2|PP755596.1|A/cattle/Texas/24-008749-003/2024(H5N1)	1243	80
PB2|PP755596.1|A/cattle/Texas/24-008749-003/2024(H5N1)	1244	81
PB2|PP755596.1|A/cattle/Texas/24-008749-003/2024(H5N1)	1245	81
PB2|PP755596.1|A/cattle/Texas/24-008749-003/2024(H5N1)	1246	81
PB2|PP755596.1|A/cattle/Texas/24-008749-003/2024(H5N1)	1247	81
PB2|PP755596.1|A/cattle/Texas/24-008749-003/2024(H5N1)	1248	76
PB2|PP755596.1|A/cattle/Texas/24-008749-003/2024(H5N1)	1249	75
PB2|PP755596.1|A/cattle/Texas/24-008749-003/2024(H5N1)	1250	77
PB2|PP755596.1|A/cattle/Texas/24-008749-003/2024(H5N1)	1251	77
PB2|PP755596.1|A/cattle/Texas/24-008749-003/2024(H5N1)	1252	77
PB2|PP755596.1|A/cattle/Texas/24-008749-003/2024(H5N1)	1253	77
PB2|PP755596.1|A/cattle/Texas/24-008749-003/2024(H5N1)	1254	77
PB2|PP755596.1|A/cattle/Texas/24-008749-003/2024(H5N1)	1255	79
PB2|PP755596.1|A/cattle/Texas/24-008749-003/2024(H5N1)	1256	79
PB2|PP755596.1|A/cattle/Texas/24-008749-003/2024(H5N1)	1257	78
PB2|PP755596.1|A/cattle/Texas/24-008749-003/2024(H5N1)	1258	79
PB2|PP755596.1|A/cattle/Texas/24-008749-003/2024(H5N1)	1259	78
PB2|PP755596.1|A/cattle/Texas/24-008749-003/2024(H5N1)	1260	78
PB2|PP755596.1|A/cattle/Texas/24-008749-003/2024(H5N1)	1261	78
PB2|PP755596.1|A/cattle/Texas/24-008749-003/2024(H5N1)	1262	78
PB2|PP755596.1|A/cattle/Texas/24-008749-003/2024(H5N1)	1263	77
PB2|PP755596.1|A/cattle/Texas/24-008749-003/2024(H5N1)	1264	77
PB2|PP755596.1|A/cattle/Texas/24-008749-003/2024(H5N1)	1265	77
PB2|PP755596.1|A/cattle/Texas/24-008749-003/2024(H5N1)	1266	77
PB2|PP755596.1|A/cattle/Texas/24-008749-003/2024(H5N1)	1267	77
PB2|PP755596.1|A/cattle/Texas/24-008749-003/2024(H5N1)	1268	75
PB2|PP755596.1|A/cattle/Texas/24-008749-003/2024(H5N1)	1269	76
PB2|PP755596.1|A/cattle/Texas/24-008749-003/2024(H5N1)	1270	77
PB2|PP755596.1|A/cattle/Texas/24-008749-003/2024(H5N1)	1271	77
PB2|PP755596.1|A/cattle/Texas/24-008749-003/2024(H5N1)	1272	77
PB2|PP755596.1|A/cattle/Texas/24-008749-003/2024(H5N1)	1273	77
PB2|PP755596.1|A/cattle/Texas/24-008749-003/2024(H5N1)	1274	81
PB2|PP755596.1|A/cattle/Texas/24-008749-003/2024(H5N1)	1275	81
PB2|PP755596.1|A/cattle/Texas/24-008749-003/2024(H5N1)	1276	81
PB2|PP755596.1|A/cattle/Texas/24-008749-003/2024(H5N1)	1277	80
PB2|PP755596.1|A/cattle/Texas/24-008749-003/2024(H5N1)	1278	80
PB2|PP755596.1|A/cattle/Texas/24-008749-003/2024(H5N1)	1279	82
PB2|PP755596.1|A/cattle/Texas/24-008749-003/2024(H5N1)	1280	82
PB2|PP755596.1|A/cattle/Texas/24-008749-003/2024(H5N1)	1281	85
PB2|PP755596.1|A/cattle/Texas/24-008749-003/2024(H5N1)	1282	82
PB2|PP755596.1|A/cattle/Texas/24-008749-003/2024(H5N1)	1283	81
PB2|PP755596.1|A/cattle/Texas/24-008749-003/2024(H5N1)	1284	82
PB2|PP755596.1|A/cattle/Texas/24-008749-003/2024(H5N1)	1285	82
PB2|PP755596.1|A/cattle/Texas/24-008749-003/2024(H5N1)	1286	83
PB2|PP755596.1|A/cattle/Texas/24-008749-003/2024(H5N1)	1287	83
PB2|PP755596.1|A/cattle/Texas/24-008749-003/2024(H5N1)	1288	84
PB2|PP755596.1|A/cattle/Texas/24-008749-003/2024(H5N1)	1289	83
PB2|PP755596.1|A/cattle/Texas/24-008749-003/2024(H5N1)	1290	82
PB2|PP755596.1|A/cattle/Texas/24-008749-003/2024(H5N1)	1291	84
PB2|PP755596.1|A/cattle/Texas/24-008749-003/2024(H5N1)	1292	84
PB2|PP755596.1|A/cattle/Texas/24-008749-003/2024(H5N1)	1293	84
PB2|PP755596.1|A/cattle/Texas/24-008749-003/2024(H5N1)	1294	81
PB2|PP755596.1|A/cattle/Texas/24-008749-003/2024(H5N1)	1295	79
PB2|PP755596.1|A/cattle/Texas/24-008749-003/2024(H5N1)	1296	79
PB2|PP755596.1|A/cattle/Texas/24-008749-003/2024(H5N1)	1297	79
PB2|PP755596.1|A/cattle/Texas/24-008749-003/2024(H5N1)	1298	79
PB2|PP755596.1|A/cattle/Texas/24-008749-003/2024(H5N1)	1299	74
PB2|PP755596.1|A/cattle/Texas/24-008749-003/2024(H5N1)	1300	75
PB2|PP755596.1|A/cattle/Texas/24-008749-003/2024(H5N1)	1301	78
PB2|PP755596.1|A/cattle/Texas/24-008749-003/2024(H5N1)	1302	78
PB2|PP755596.1|A/cattle/Texas/24-008749-003/2024(H5N1)	1303	79
PB2|PP755596.1|A/cattle/Texas/24-008749-003/2024(H5N1)	1304	76
PB2|PP755596.1|A/cattle/Texas/24-008749-003/2024(H5N1)	1305	76
PB2|PP755596.1|A/cattle/Texas/24-008749-003/2024(H5N1)	1306	77
PB2|PP755596.1|A/cattle/Texas/24-008749-003/2024(H5N1)	1307	77
PB2|PP755596.1|A/cattle/Texas/24-008749-003/2024(H5N1)	1308	74
PB2|PP755596.1|A/cattle/Texas/24-008749-003/2024(H5N1)	1309	73
PB2|PP755596.1|A/cattle/Texas/24-008749-003/2024(H5N1)	1310	73
PB2|PP755596.1|A/cattle/Texas/24-008749-003/2024(H5N1)	1311	78
PB2|PP755596.1|A/cattle/Texas/24-008749-003/2024(H5N1)	1312	78
PB2|PP755596.1|A/cattle/Texas/24-008749-003/2024(H5N1)	1313	78
PB2|PP755596.1|A/cattle/Texas/24-008749-003/2024(H5N1)	1314	79
PB2|PP755596.1|A/cattle/Texas/24-008749-003/2024(H5N1)	1315	79
PB2|PP755596.1|A/cattle/Texas/24-008749-003/2024(H5N1)	1316	79
PB2|PP755596.1|A/cattle/Texas/24-008749-003/2024(H5N1)	1317	76
PB2|PP755596.1|A/cattle/Texas/24-008749-003/2024(H5N1)	1318	75
PB2|PP755596.1|A/cattle/Texas/24-008749-003/2024(H5N1)	1319	76
PB2|PP755596.1|A/cattle/Texas/24-008749-003/2024(H5N1)	1320	75
PB2|PP755596.1|A/cattle/Texas/24-008749-003/2024(H5N1)	1321	74
PB2|PP755596.1|A/cattle/Texas/24-008749-003/2024(H5N1)	1322	77
PB2|PP755596.1|A/cattle/Texas/24-008749-003/2024(H5N1)	1323	77
PB2|PP755596.1|A/cattle/Texas/24-008749-003/2024(H5N1)	1324	77
PB2|PP755596.1|A/cattle/Texas/24-008749-003/2024(H5N1)	1325	77
PB2|PP755596.1|A/cattle/Texas/24-008749-003/2024(H5N1)	1326	77
PB2|PP755596.1|A/cattle/Texas/24-008749-003/2024(H5N1)	1327	78
PB2|PP755596.1|A/cattle/Texas/24-008749-003/2024(H5N1)	1328	78
PB2|PP755596.1|A/cattle/Texas/24-008749-003/2024(H5N1)	1329	78
PB2|PP755596.1|A/cattle/Texas/24-008749-003/2024(H5N1)	1330	80
PB2|PP755596.1|A/cattle/Texas/24-008749-003/2024(H5N1)	1331	81
PB2|PP755596.1|A/cattle/Texas/24-008749-003/2024(H5N1)	1332	81
PB2|PP755596.1|A/cattle/Texas/24-008749-003/2024(H5N1)	1333	80
PB2|PP755596.1|A/cattle/Texas/24-008749-003/2024(H5N1)	1334	80
PB2|PP755596.1|A/cattle/Texas/24-008749-003/2024(H5N1)	1335	80
PB2|PP755596.1|A/cattle/Texas/24-008749-003/2024(H5N1)	1336	86
PB2|PP755596.1|A/cattle/Texas/24-008749-003/2024(H5N1)	1337	86
PB2|PP755596.1|A/cattle/Texas/24-008749-003/2024(H5N1)	1338	86
PB2|PP755596.1|A/cattle/Texas/24-008749-003/2024(H5N1)	1339	86
PB2|PP755596.1|A/cattle/Texas/24-008749-003/2024(H5N1)	1340	86
PB2|PP755596.1|A/cattle/Texas/24-008749-003/2024(H5N1)	1341	89
PB2|PP755596.1|A/cattle/Texas/24-008749-003/2024(H5N1)	1342	89
PB2|PP755596.1|A/cattle/Texas/24-008749-003/2024(H5N1)	1343	89
PB2|PP755596.1|A/cattle/Texas/24-008749-003/2024(H5N1)	1344	89
PB2|PP755596.1|A/cattle/Texas/24-008749-003/2024(H5N1)	1345	88
PB2|PP755596.1|A/cattle/Texas/24-008749-003/2024(H5N1)	1346	87
PB2|PP755596.1|A/cattle/Texas/24-008749-003/2024(H5N1)	1347	82
PB2|PP755596.1|A/cattle/Texas/24-008749-003/2024(H5N1)	1348	82
PB2|PP755596.1|A/cattle/Texas/24-008749-003/2024(H5N1)	1349	82
PB2|PP755596.1|A/cattle/Texas/24-008749-003/2024(H5N1)	1350	81
PB2|PP755596.1|A/cattle/Texas/24-008749-003/2024(H5N1)	1351	79
PB2|PP755596.1|A/cattle/Texas/24-008749-003/2024(H5N1)	1352	79
PB2|PP755596.1|A/cattle/Texas/24-008749-003/2024(H5N1)	1353	79
PB2|PP755596.1|A/cattle/Texas/24-008749-003/2024(H5N1)	1354	79
PB2|PP755596.1|A/cattle/Texas/24-008749-003/2024(H5N1)	1355	79
PB2|PP755596.1|A/cattle/Texas/24-008749-003/2024(H5N1)	1356	79
PB2|PP755596.1|A/cattle/Texas/24-008749-003/2024(H5N1)	1357	81
PB2|PP755596.1|A/cattle/Texas/24-008749-003/2024(H5N1)	1358	81
PB2|PP755596.1|A/cattle/Texas/24-008749-003/2024(H5N1)	1359	81
PB2|PP755596.1|A/cattle/Texas/24-008749-003/2024(H5N1)	1360	79
PB2|PP755596.1|A/cattle/Texas/24-008749-003/2024(H5N1)	1361	79
PB2|PP755596.1|A/cattle/Texas/24-008749-003/2024(H5N1)	1362	80
PB2|PP755596.1|A/cattle/Texas/24-008749-003/2024(H5N1)	1363	79
PB2|PP755596.1|A/cattle/Texas/24-008749-003/2024(H5N1)	1364	80
PB2|PP755596.1|A/cattle/Texas/24-008749-003/2024(H5N1)	1365	81
PB2|PP755596.1|A/cattle/Texas/24-008749-003/2024(H5N1)	1366	79
PB2|PP755596.1|A/cattle/Texas/24-008749-003/2024(H5N1)	1367	81
PB2|PP755596.1|A/cattle/Texas/24-008749-003/2024(H5N1)	1368	82
PB2|PP755596.1|A/cattle/Texas/24-008749-003/2024(H5N1)	1369	82
PB2|PP755596.1|A/cattle/Texas/24-008749-003/2024(H5N1)	1370	82
PB2|PP755596.1|A/cattle/Texas/24-008749-003/2024(H5N1)	1371	82
PB2|PP755596.1|A/cattle/Texas/24-008749-003/2024(H5N1)	1372	82
PB2|PP755596.1|A/cattle/Texas/24-008749-003/2024(H5N1)	1373	82
PB2|PP755596.1|A/cattle/Texas/24-008749-003/2024(H5N1)	1374	81
PB2|PP755596.1|A/cattle/Texas/24-008749-003/2024(H5N1)	1375	81
PB2|PP755596.1|A/cattle/Texas/24-008749-003/2024(H5N1)	1376	85
PB2|PP755596.1|A/cattle/Texas/24-008749-003/2024(H5N1)	1377	81
PB2|PP755596.1|A/cattle/Texas/24-008749-003/2024(H5N1)	1378	81
PB2|PP755596.1|A/cattle/Texas/24-008749-003/2024(H5N1)	1379	83
PB2|PP755596.1|A/cattle/Texas/24-008749-003/2024(H5N1)	1380	82
PB2|PP755596.1|A/cattle/Texas/24-008749-003/2024(H5N1)	1381	82
PB2|PP755596.1|A/cattle/Texas/24-008749-003/2024(H5N1)	1382	83
PB2|PP755596.1|A/cattle/Texas/24-008749-003/2024(H5N1)	1383	83
PB2|PP755596.1|A/cattle/Texas/24-008749-003/2024(H5N1)	1384	83
PB2|PP755596.1|A/cattle/Texas/24-008749-003/2024(H5N1)	1385	85
PB2|PP755596.1|A/cattle/Texas/24-008749-003/2024(H5N1)	1386	87
PB2|PP755596.1|A/cattle/Texas/24-008749-003/2024(H5N1)	1387	89
PB2|PP755596.1|A/cattle/Texas/24-008749-003/2024(H5N1)	1388	88
PB2|PP755596.1|A/cattle/Texas/24-008749-003/2024(H5N1)	1389	92
PB2|PP755596.1|A/cattle/Texas/24-008749-003/2024(H5N1)	1390	92
PB2|PP755596.1|A/cattle/Texas/24-008749-003/2024(H5N1)	1391	95
PB2|PP755596.1|A/cattle/Texas/24-008749-003/2024(H5N1)	1392	98
PB2|PP755596.1|A/cattle/Texas/24-008749-003/2024(H5N1)	1393	97
PB2|PP755596.1|A/cattle/Texas/24-008749-003/2024(H5N1)	1394	97
PB2|PP755596.1|A/cattle/Texas/24-008749-003/2024(H5N1)	1395	97
PB2|PP755596.1|A/cattle/Texas/24-008749-003/2024(H5N1)	1396	97
PB2|PP755596.1|A/cattle/Texas/24-008749-003/2024(H5N1)	1397	97
PB2|PP755596.1|A/cattle/Texas/24-008749-003/2024(H5N1)	1398	98
PB2|PP755596.1|A/cattle/Texas/24-008749-003/2024(H5N1)	1399	101
PB2|PP755596.1|A/cattle/Texas/24-008749-003/2024(H5N1)	1400	100
PB2|PP755596.1|A/cattle/Texas/24-008749-003/2024(H5N1)	1401	100
PB2|PP755596.1|A/cattle/Texas/24-008749-003/2024(H5N1)	1402	99
PB2|PP755596.1|A/cattle/Texas/24-008749-003/2024(H5N1)	1403	101
PB2|PP755596.1|A/cattle/Texas/24-008749-003/2024(H5N1)	1404	101
PB2|PP755596.1|A/cattle/Texas/24-008749-003/2024(H5N1)	1405	101
PB2|PP755596.1|A/cattle/Texas/24-008749-003/2024(H5N1)	1406	99
PB2|PP755596.1|A/cattle/Texas/24-008749-003/2024(H5N1)	1407	99
PB2|PP755596.1|A/cattle/Texas/24-008749-003/2024(H5N1)	1408	99
PB2|PP755596.1|A/cattle/Texas/24-008749-003/2024(H5N1)	1409	99
PB2|PP755596.1|A/cattle/Texas/24-008749-003/2024(H5N1)	1410	101
PB2|PP755596.1|A/cattle/Texas/24-008749-003/2024(H5N1)	1411	102
PB2|PP755596.1|A/cattle/Texas/24-008749-003/2024(H5N1)	1412	102
PB2|PP755596.1|A/cattle/Texas/24-008749-003/2024(H5N1)	1413	101
PB2|PP755596.1|A/cattle/Texas/24-008749-003/2024(H5N1)	1414	101
PB2|PP755596.1|A/cattle/Texas/24-008749-003/2024(H5N1)	1415	102
PB2|PP755596.1|A/cattle/Texas/24-008749-003/2024(H5N1)	1416	102
PB2|PP755596.1|A/cattle/Texas/24-008749-003/2024(H5N1)	1417	102
PB2|PP755596.1|A/cattle/Texas/24-008749-003/2024(H5N1)	1418	101
PB2|PP755596.1|A/cattle/Texas/24-008749-003/2024(H5N1)	1419	104
PB2|PP755596.1|A/cattle/Texas/24-008749-003/2024(H5N1)	1420	106
PB2|PP755596.1|A/cattle/Texas/24-008749-003/2024(H5N1)	1421	105
PB2|PP755596.1|A/cattle/Texas/24-008749-003/2024(H5N1)	1422	105
PB2|PP755596.1|A/cattle/Texas/24-008749-003/2024(H5N1)	1423	105
PB2|PP755596.1|A/cattle/Texas/24-008749-003/2024(H5N1)	1424	105
PB2|PP755596.1|A/cattle/Texas/24-008749-003/2024(H5N1)	1425	105
PB2|PP755596.1|A/cattle/Texas/24-008749-003/2024(H5N1)	1426	106
PB2|PP755596.1|A/cattle/Texas/24-008749-003/2024(H5N1)	1427	106
PB2|PP755596.1|A/cattle/Texas/24-008749-003/2024(H5N1)	1428	105
PB2|PP755596.1|A/cattle/Texas/24-008749-003/2024(H5N1)	1429	132
PB2|PP755596.1|A/cattle/Texas/24-008749-003/2024(H5N1)	1430	140
PB2|PP755596.1|A/cattle/Texas/24-008749-003/2024(H5N1)	1431	139
PB2|PP755596.1|A/cattle/Texas/24-008749-003/2024(H5N1)	1432	138
PB2|PP755596.1|A/cattle/Texas/24-008749-003/2024(H5N1)	1433	138
PB2|PP755596.1|A/cattle/Texas/24-008749-003/2024(H5N1)	1434	138
PB2|PP755596.1|A/cattle/Texas/24-008749-003/2024(H5N1)	1435	137
PB2|PP755596.1|A/cattle/Texas/24-008749-003/2024(H5N1)	1436	137
PB2|PP755596.1|A/cattle/Texas/24-008749-003/2024(H5N1)	1437	136
PB2|PP755596.1|A/cattle/Texas/24-008749-003/2024(H5N1)	1438	136
PB2|PP755596.1|A/cattle/Texas/24-008749-003/2024(H5N1)	1439	137
PB2|PP755596.1|A/cattle/Texas/24-008749-003/2024(H5N1)	1440	138
PB2|PP755596.1|A/cattle/Texas/24-008749-003/2024(H5N1)	1441	138
PB2|PP755596.1|A/cattle/Texas/24-008749-003/2024(H5N1)	1442	144
PB2|PP755596.1|A/cattle/Texas/24-008749-003/2024(H5N1)	1443	147
PB2|PP755596.1|A/cattle/Texas/24-008749-003/2024(H5N1)	1444	147
PB2|PP755596.1|A/cattle/Texas/24-008749-003/2024(H5N1)	1445	147
PB2|PP755596.1|A/cattle/Texas/24-008749-003/2024(H5N1)	1446	148
PB2|PP755596.1|A/cattle/Texas/24-008749-003/2024(H5N1)	1447	149
PB2|PP755596.1|A/cattle/Texas/24-008749-003/2024(H5N1)	1448	148
PB2|PP755596.1|A/cattle/Texas/24-008749-003/2024(H5N1)	1449	148
PB2|PP755596.1|A/cattle/Texas/24-008749-003/2024(H5N1)	1450	148
PB2|PP755596.1|A/cattle/Texas/24-008749-003/2024(H5N1)	1451	148
PB2|PP755596.1|A/cattle/Texas/24-008749-003/2024(H5N1)	1452	147
PB2|PP755596.1|A/cattle/Texas/24-008749-003/2024(H5N1)	1453	148
PB2|PP755596.1|A/cattle/Texas/24-008749-003/2024(H5N1)	1454	149
PB2|PP755596.1|A/cattle/Texas/24-008749-003/2024(H5N1)	1455	149
PB2|PP755596.1|A/cattle/Texas/24-008749-003/2024(H5N1)	1456	149
PB2|PP755596.1|A/cattle/Texas/24-008749-003/2024(H5N1)	1457	149
PB2|PP755596.1|A/cattle/Texas/24-008749-003/2024(H5N1)	1458	149
PB2|PP755596.1|A/cattle/Texas/24-008749-003/2024(H5N1)	1459	150
PB2|PP755596.1|A/cattle/Texas/24-008749-003/2024(H5N1)	1460	149
PB2|PP755596.1|A/cattle/Texas/24-008749-003/2024(H5N1)	1461	149
PB2|PP755596.1|A/cattle/Texas/24-008749-003/2024(H5N1)	1462	145
PB2|PP755596.1|A/cattle/Texas/24-008749-003/2024(H5N1)	1463	145
PB2|PP755596.1|A/cattle/Texas/24-008749-003/2024(H5N1)	1464	145
PB2|PP755596.1|A/cattle/Texas/24-008749-003/2024(H5N1)	1465	147
PB2|PP755596.1|A/cattle/Texas/24-008749-003/2024(H5N1)	1466	147
PB2|PP755596.1|A/cattle/Texas/24-008749-003/2024(H5N1)	1467	147
PB2|PP755596.1|A/cattle/Texas/24-008749-003/2024(H5N1)	1468	147
PB2|PP755596.1|A/cattle/Texas/24-008749-003/2024(H5N1)	1469	153
PB2|PP755596.1|A/cattle/Texas/24-008749-003/2024(H5N1)	1470	155
PB2|PP755596.1|A/cattle/Texas/24-008749-003/2024(H5N1)	1471	154
PB2|PP755596.1|A/cattle/Texas/24-008749-003/2024(H5N1)	1472	154
PB2|PP755596.1|A/cattle/Texas/24-008749-003/2024(H5N1)	1473	147
PB2|PP755596.1|A/cattle/Texas/24-008749-003/2024(H5N1)	1474	150
PB2|PP755596.1|A/cattle/Texas/24-008749-003/2024(H5N1)	1475	152
PB2|PP755596.1|A/cattle/Texas/24-008749-003/2024(H5N1)	1476	152
PB2|PP755596.1|A/cattle/Texas/24-008749-003/2024(H5N1)	1477	157
PB2|PP755596.1|A/cattle/Texas/24-008749-003/2024(H5N1)	1478	149
PB2|PP755596.1|A/cattle/Texas/24-008749-003/2024(H5N1)	1479	149
PB2|PP755596.1|A/cattle/Texas/24-008749-003/2024(H5N1)	1480	150
PB2|PP755596.1|A/cattle/Texas/24-008749-003/2024(H5N1)	1481	154
PB2|PP755596.1|A/cattle/Texas/24-008749-003/2024(H5N1)	1482	154
PB2|PP755596.1|A/cattle/Texas/24-008749-003/2024(H5N1)	1483	151
PB2|PP755596.1|A/cattle/Texas/24-008749-003/2024(H5N1)	1484	151
PB2|PP755596.1|A/cattle/Texas/24-008749-003/2024(H5N1)	1485	156
PB2|PP755596.1|A/cattle/Texas/24-008749-003/2024(H5N1)	1486	158
PB2|PP755596.1|A/cattle/Texas/24-008749-003/2024(H5N1)	1487	150
PB2|PP755596.1|A/cattle/Texas/24-008749-003/2024(H5N1)	1488	148
PB2|PP755596.1|A/cattle/Texas/24-008749-003/2024(H5N1)	1489	148
PB2|PP755596.1|A/cattle/Texas/24-008749-003/2024(H5N1)	1490	148
PB2|PP755596.1|A/cattle/Texas/24-008749-003/2024(H5N1)	1491	152
PB2|PP755596.1|A/cattle/Texas/24-008749-003/2024(H5N1)	1492	148
PB2|PP755596.1|A/cattle/Texas/24-008749-003/2024(H5N1)	1493	148
PB2|PP755596.1|A/cattle/Texas/24-008749-003/2024(H5N1)	1494	146
PB2|PP755596.1|A/cattle/Texas/24-008749-003/2024(H5N1)	1495	146
PB2|PP755596.1|A/cattle/Texas/24-008749-003/2024(H5N1)	1496	149
PB2|PP755596.1|A/cattle/Texas/24-008749-003/2024(H5N1)	1497	149
PB2|PP755596.1|A/cattle/Texas/24-008749-003/2024(H5N1)	1498	149
PB2|PP755596.1|A/cattle/Texas/24-008749-003/2024(H5N1)	1499	149
PB2|PP755596.1|A/cattle/Texas/24-008749-003/2024(H5N1)	1500	154
PB2|PP755596.1|A/cattle/Texas/24-008749-003/2024(H5N1)	1501	157
PB2|PP755596.1|A/cattle/Texas/24-008749-003/2024(H5N1)	1502	157
PB2|PP755596.1|A/cattle/Texas/24-008749-003/2024(H5N1)	1503	159
PB2|PP755596.1|A/cattle/Texas/24-008749-003/2024(H5N1)	1504	159
PB2|PP755596.1|A/cattle/Texas/24-008749-003/2024(H5N1)	1505	160
PB2|PP755596.1|A/cattle/Texas/24-008749-003/2024(H5N1)	1506	160
PB2|PP755596.1|A/cattle/Texas/24-008749-003/2024(H5N1)	1507	160
PB2|PP755596.1|A/cattle/Texas/24-008749-003/2024(H5N1)	1508	158
PB2|PP755596.1|A/cattle/Texas/24-008749-003/2024(H5N1)	1509	157
PB2|PP755596.1|A/cattle/Texas/24-008749-003/2024(H5N1)	1510	157
PB2|PP755596.1|A/cattle/Texas/24-008749-003/2024(H5N1)	1511	155
PB2|PP755596.1|A/cattle/Texas/24-008749-003/2024(H5N1)	1512	154
PB2|PP755596.1|A/cattle/Texas/24-008749-003/2024(H5N1)	1513	154
PB2|PP755596.1|A/cattle/Texas/24-008749-003/2024(H5N1)	1514	154
PB2|PP755596.1|A/cattle/Texas/24-008749-003/2024(H5N1)	1515	155
PB2|PP755596.1|A/cattle/Texas/24-008749-003/2024(H5N1)	1516	154
PB2|PP755596.1|A/cattle/Texas/24-008749-003/2024(H5N1)	1517	387
PB2|PP755596.1|A/cattle/Texas/24-008749-003/2024(H5N1)	1518	392
PB2|PP755596.1|A/cattle/Texas/24-008749-003/2024(H5N1)	1519	391
PB2|PP755596.1|A/cattle/Texas/24-008749-003/2024(H5N1)	1520	390
PB2|PP755596.1|A/cattle/Texas/24-008749-003/2024(H5N1)	1521	390
PB2|PP755596.1|A/cattle/Texas/24-008749-003/2024(H5N1)	1522	390
PB2|PP755596.1|A/cattle/Texas/24-008749-003/2024(H5N1)	1523	390
PB2|PP755596.1|A/cattle/Texas/24-008749-003/2024(H5N1)	1524	396
PB2|PP755596.1|A/cattle/Texas/24-008749-003/2024(H5N1)	1525	399
PB2|PP755596.1|A/cattle/Texas/24-008749-003/2024(H5N1)	1526	407
PB2|PP755596.1|A/cattle/Texas/24-008749-003/2024(H5N1)	1527	406
PB2|PP755596.1|A/cattle/Texas/24-008749-003/2024(H5N1)	1528	404
PB2|PP755596.1|A/cattle/Texas/24-008749-003/2024(H5N1)	1529	416
PB2|PP755596.1|A/cattle/Texas/24-008749-003/2024(H5N1)	1530	391
PB2|PP755596.1|A/cattle/Texas/24-008749-003/2024(H5N1)	1531	402
PB2|PP755596.1|A/cattle/Texas/24-008749-003/2024(H5N1)	1532	403
PB2|PP755596.1|A/cattle/Texas/24-008749-003/2024(H5N1)	1533	408
PB2|PP755596.1|A/cattle/Texas/24-008749-003/2024(H5N1)	1534	412
PB2|PP755596.1|A/cattle/Texas/24-008749-003/2024(H5N1)	1535	410
PB2|PP755596.1|A/cattle/Texas/24-008749-003/2024(H5N1)	1536	417
PB2|PP755596.1|A/cattle/Texas/24-008749-003/2024(H5N1)	1537	416
PB2|PP755596.1|A/cattle/Texas/24-008749-003/2024(H5N1)	1538	438
PB2|PP755596.1|A/cattle/Texas/24-008749-003/2024(H5N1)	1539	438
PB2|PP755596.1|A/cattle/Texas/24-008749-003/2024(H5N1)	1540	434
PB2|PP755596.1|A/cattle/Texas/24-008749-003/2024(H5N1)	1541	438
PB2|PP755596.1|A/cattle/Texas/24-008749-003/2024(H5N1)	1542	439
PB2|PP755596.1|A/cattle/Texas/24-008749-003/2024(H5N1)	1543	439
PB2|PP755596.1|A/cattle/Texas/24-008749-003/2024(H5N1)	1544	439
PB2|PP755596.1|A/cattle/Texas/24-008749-003/2024(H5N1)	1545	438
PB2|PP755596.1|A/cattle/Texas/24-008749-003/2024(H5N1)	1546	438
PB2|PP755596.1|A/cattle/Texas/24-008749-003/2024(H5N1)	1547	438
PB2|PP755596.1|A/cattle/Texas/24-008749-003/2024(H5N1)	1548	438
PB2|PP755596.1|A/cattle/Texas/24-008749-003/2024(H5N1)	1549	438
PB2|PP755596.1|A/cattle/Texas/24-008749-003/2024(H5N1)	1550	449
PB2|PP755596.1|A/cattle/Texas/24-008749-003/2024(H5N1)	1551	453
PB2|PP755596.1|A/cattle/Texas/24-008749-003/2024(H5N1)	1552	464
PB2|PP755596.1|A/cattle/Texas/24-008749-003/2024(H5N1)	1553	469
PB2|PP755596.1|A/cattle/Texas/24-008749-003/2024(H5N1)	1554	469
PB2|PP755596.1|A/cattle/Texas/24-008749-003/2024(H5N1)	1555	472
PB2|PP755596.1|A/cattle/Texas/24-008749-003/2024(H5N1)	1556	476
PB2|PP755596.1|A/cattle/Texas/24-008749-003/2024(H5N1)	1557	479
PB2|PP755596.1|A/cattle/Texas/24-008749-003/2024(H5N1)	1558	479
PB2|PP755596.1|A/cattle/Texas/24-008749-003/2024(H5N1)	1559	483
PB2|PP755596.1|A/cattle/Texas/24-008749-003/2024(H5N1)	1560	479
PB2|PP755596.1|A/cattle/Texas/24-008749-003/2024(H5N1)	1561	488
PB2|PP755596.1|A/cattle/Texas/24-008749-003/2024(H5N1)	1562	488
PB2|PP755596.1|A/cattle/Texas/24-008749-003/2024(H5N1)	1563	502
PB2|PP755596.1|A/cattle/Texas/24-008749-003/2024(H5N1)	1564	478
PB2|PP755596.1|A/cattle/Texas/24-008749-003/2024(H5N1)	1565	477
PB2|PP755596.1|A/cattle/Texas/24-008749-003/2024(H5N1)	1566	473
PB2|PP755596.1|A/cattle/Texas/24-008749-003/2024(H5N1)	1567	477
PB2|PP755596.1|A/cattle/Texas/24-008749-003/2024(H5N1)	1568	503
PB2|PP755596.1|A/cattle/Texas/24-008749-003/2024(H5N1)	1569	493
PB2|PP755596.1|A/cattle/Texas/24-008749-003/2024(H5N1)	1570	486
PB2|PP755596.1|A/cattle/Texas/24-008749-003/2024(H5N1)	1571	487
PB2|PP755596.1|A/cattle/Texas/24-008749-003/2024(H5N1)	1572	483
PB2|PP755596.1|A/cattle/Texas/24-008749-003/2024(H5N1)	1573	488
PB2|PP755596.1|A/cattle/Texas/24-008749-003/2024(H5N1)	1574	486
PB2|PP755596.1|A/cattle/Texas/24-008749-003/2024(H5N1)	1575	493
PB2|PP755596.1|A/cattle/Texas/24-008749-003/2024(H5N1)	1576	494
PB2|PP755596.1|A/cattle/Texas/24-008749-003/2024(H5N1)	1577	491
PB2|PP755596.1|A/cattle/Texas/24-008749-003/2024(H5N1)	1578	491
PB2|PP755596.1|A/cattle/Texas/24-008749-003/2024(H5N1)	1579	484
PB2|PP755596.1|A/cattle/Texas/24-008749-003/2024(H5N1)	1580	499
PB2|PP755596.1|A/cattle/Texas/24-008749-003/2024(H5N1)	1581	505
PB2|PP755596.1|A/cattle/Texas/24-008749-003/2024(H5N1)	1582	502
PB2|PP755596.1|A/cattle/Texas/24-008749-003/2024(H5N1)	1583	505
PB2|PP755596.1|A/cattle/Texas/24-008749-003/2024(H5N1)	1584	501
PB2|PP755596.1|A/cattle/Texas/24-008749-003/2024(H5N1)	1585	505
PB2|PP755596.1|A/cattle/Texas/24-008749-003/2024(H5N1)	1586	511
PB2|PP755596.1|A/cattle/Texas/24-008749-003/2024(H5N1)	1587	516
PB2|PP755596.1|A/cattle/Texas/24-008749-003/2024(H5N1)	1588	521
PB2|PP755596.1|A/cattle/Texas/24-008749-003/2024(H5N1)	1589	521
PB2|PP755596.1|A/cattle/Texas/24-008749-003/2024(H5N1)	1590	519
PB2|PP755596.1|A/cattle/Texas/24-008749-003/2024(H5N1)	1591	526
PB2|PP755596.1|A/cattle/Texas/24-008749-003/2024(H5N1)	1592	526
PB2|PP755596.1|A/cattle/Texas/24-008749-003/2024(H5N1)	1593	509
PB2|PP755596.1|A/cattle/Texas/24-008749-003/2024(H5N1)	1594	511
PB2|PP755596.1|A/cattle/Texas/24-008749-003/2024(H5N1)	1595	516
PB2|PP755596.1|A/cattle/Texas/24-008749-003/2024(H5N1)	1596	510
PB2|PP755596.1|A/cattle/Texas/24-008749-003/2024(H5N1)	1597	521
PB2|PP755596.1|A/cattle/Texas/24-008749-003/2024(H5N1)	1598	522
PB2|PP755596.1|A/cattle/Texas/24-008749-003/2024(H5N1)	1599	522
PB2|PP755596.1|A/cattle/Texas/24-008749-003/2024(H5N1)	1600	526
PB2|PP755596.1|A/cattle/Texas/24-008749-003/2024(H5N1)	1601	528
PB2|PP755596.1|A/cattle/Texas/24-008749-003/2024(H5N1)	1602	531
PB2|PP755596.1|A/cattle/Texas/24-008749-003/2024(H5N1)	1603	544
PB2|PP755596.1|A/cattle/Texas/24-008749-003/2024(H5N1)	1604	548
PB2|PP755596.1|A/cattle/Texas/24-008749-003/2024(H5N1)	1605	552
PB2|PP755596.1|A/cattle/Texas/24-008749-003/2024(H5N1)	1606	552
PB2|PP755596.1|A/cattle/Texas/24-008749-003/2024(H5N1)	1607	557
PB2|PP755596.1|A/cattle/Texas/24-008749-003/2024(H5N1)	1608	558
PB2|PP755596.1|A/cattle/Texas/24-008749-003/2024(H5N1)	1609	555
PB2|PP755596.1|A/cattle/Texas/24-008749-003/2024(H5N1)	1610	556
PB2|PP755596.1|A/cattle/Texas/24-008749-003/2024(H5N1)	1611	584
PB2|PP755596.1|A/cattle/Texas/24-008749-003/2024(H5N1)	1612	585
PB2|PP755596.1|A/cattle/Texas/24-008749-003/2024(H5N1)	1613	581
PB2|PP755596.1|A/cattle/Texas/24-008749-003/2024(H5N1)	1614	589
PB2|PP755596.1|A/cattle/Texas/24-008749-003/2024(H5N1)	1615	581
PB2|PP755596.1|A/cattle/Texas/24-008749-003/2024(H5N1)	1616	584
PB2|PP755596.1|A/cattle/Texas/24-008749-003/2024(H5N1)	1617	584
PB2|PP755596.1|A/cattle/Texas/24-008749-003/2024(H5N1)	1618	586
PB2|PP755596.1|A/cattle/Texas/24-008749-003/2024(H5N1)	1619	601
PB2|PP755596.1|A/cattle/Texas/24-008749-003/2024(H5N1)	1620	601
PB2|PP755596.1|A/cattle/Texas/24-008749-003/2024(H5N1)	1621	613
PB2|PP755596.1|A/cattle/Texas/24-008749-003/2024(H5N1)	1622	632
PB2|PP755596.1|A/cattle/Texas/24-008749-003/2024(H5N1)	1623	626
PB2|PP755596.1|A/cattle/Texas/24-008749-003/2024(H5N1)	1624	636
PB2|PP755596.1|A/cattle/Texas/24-008749-003/2024(H5N1)	1625	635
PB2|PP755596.1|A/cattle/Texas/24-008749-003/2024(H5N1)	1626	635
PB2|PP755596.1|A/cattle/Texas/24-008749-003/2024(H5N1)	1627	641
PB2|PP755596.1|A/cattle/Texas/24-008749-003/2024(H5N1)	1628	642
PB2|PP755596.1|A/cattle/Texas/24-008749-003/2024(H5N1)	1629	640
PB2|PP755596.1|A/cattle/Texas/24-008749-003/2024(H5N1)	1630	646
PB2|PP755596.1|A/cattle/Texas/24-008749-003/2024(H5N1)	1631	639
PB2|PP755596.1|A/cattle/Texas/24-008749-003/2024(H5N1)	1632	639
PB2|PP755596.1|A/cattle/Texas/24-008749-003/2024(H5N1)	1633	657
PB2|PP755596.1|A/cattle/Texas/24-008749-003/2024(H5N1)	1634	660
PB2|PP755596.1|A/cattle/Texas/24-008749-003/2024(H5N1)	1635	656
PB2|PP755596.1|A/cattle/Texas/24-008749-003/2024(H5N1)	1636	645
PB2|PP755596.1|A/cattle/Texas/24-008749-003/2024(H5N1)	1637	640
PB2|PP755596.1|A/cattle/Texas/24-008749-003/2024(H5N1)	1638	675
PB2|PP755596.1|A/cattle/Texas/24-008749-003/2024(H5N1)	1639	682
PB2|PP755596.1|A/cattle/Texas/24-008749-003/2024(H5N1)	1640	685
PB2|PP755596.1|A/cattle/Texas/24-008749-003/2024(H5N1)	1641	684
PB2|PP755596.1|A/cattle/Texas/24-008749-003/2024(H5N1)	1642	665
PB2|PP755596.1|A/cattle/Texas/24-008749-003/2024(H5N1)	1643	682
PB2|PP755596.1|A/cattle/Texas/24-008749-003/2024(H5N1)	1644	682
PB2|PP755596.1|A/cattle/Texas/24-008749-003/2024(H5N1)	1645	684
PB2|PP755596.1|A/cattle/Texas/24-008749-003/2024(H5N1)	1646	686
PB2|PP755596.1|A/cattle/Texas/24-008749-003/2024(H5N1)	1647	661
PB2|PP755596.1|A/cattle/Texas/24-008749-003/2024(H5N1)	1648	661
PB2|PP755596.1|A/cattle/Texas/24-008749-003/2024(H5N1)	1649	662
PB2|PP755596.1|A/cattle/Texas/24-008749-003/2024(H5N1)	1650	660
PB2|PP755596.1|A/cattle/Texas/24-008749-003/2024(H5N1)	1651	655
PB2|PP755596.1|A/cattle/Texas/24-008749-003/2024(H5N1)	1652	639
PB2|PP755596.1|A/cattle/Texas/24-008749-003/2024(H5N1)	1653	640
PB2|PP755596.1|A/cattle/Texas/24-008749-003/2024(H5N1)	1654	641
PB2|PP755596.1|A/cattle/Texas/24-008749-003/2024(H5N1)	1655	639
PB2|PP755596.1|A/cattle/Texas/24-008749-003/2024(H5N1)	1656	640
PB2|PP755596.1|A/cattle/Texas/24-008749-003/2024(H5N1)	1657	640
PB2|PP755596.1|A/cattle/Texas/24-008749-003/2024(H5N1)	1658	639
PB2|PP755596.1|A/cattle/Texas/24-008749-003/2024(H5N1)	1659	646
PB2|PP755596.1|A/cattle/Texas/24-008749-003/2024(H5N1)	1660	654
PB2|PP755596.1|A/cattle/Texas/24-008749-003/2024(H5N1)	1661	653
PB2|PP755596.1|A/cattle/Texas/24-008749-003/2024(H5N1)	1662	651
PB2|PP755596.1|A/cattle/Texas/24-008749-003/2024(H5N1)	1663	649
PB2|PP755596.1|A/cattle/Texas/24-008749-003/2024(H5N1)	1664	648
PB2|PP755596.1|A/cattle/Texas/24-008749-003/2024(H5N1)	1665	642
PB2|PP755596.1|A/cattle/Texas/24-008749-003/2024(H5N1)	1666	641
PB2|PP755596.1|A/cattle/Texas/24-008749-003/2024(H5N1)	1667	643
PB2|PP755596.1|A/cattle/Texas/24-008749-003/2024(H5N1)	1668	639
PB2|PP755596.1|A/cattle/Texas/24-008749-003/2024(H5N1)	1669	633
PB2|PP755596.1|A/cattle/Texas/24-008749-003/2024(H5N1)	1670	634
PB2|PP755596.1|A/cattle/Texas/24-008749-003/2024(H5N1)	1671	637
PB2|PP755596.1|A/cattle/Texas/24-008749-003/2024(H5N1)	1672	640
PB2|PP755596.1|A/cattle/Texas/24-008749-003/2024(H5N1)	1673	649
PB2|PP755596.1|A/cattle/Texas/24-008749-003/2024(H5N1)	1674	656
PB2|PP755596.1|A/cattle/Texas/24-008749-003/2024(H5N1)	1675	646
PB2|PP755596.1|A/cattle/Texas/24-008749-003/2024(H5N1)	1676	630
PB2|PP755596.1|A/cattle/Texas/24-008749-003/2024(H5N1)	1677	629
PB2|PP755596.1|A/cattle/Texas/24-008749-003/2024(H5N1)	1678	630
PB2|PP755596.1|A/cattle/Texas/24-008749-003/2024(H5N1)	1679	630
PB2|PP755596.1|A/cattle/Texas/24-008749-003/2024(H5N1)	1680	631
PB2|PP755596.1|A/cattle/Texas/24-008749-003/2024(H5N1)	1681	631
PB2|PP755596.1|A/cattle/Texas/24-008749-003/2024(H5N1)	1682	620
PB2|PP755596.1|A/cattle/Texas/24-008749-003/2024(H5N1)	1683	621
PB2|PP755596.1|A/cattle/Texas/24-008749-003/2024(H5N1)	1684	625
PB2|PP755596.1|A/cattle/Texas/24-008749-003/2024(H5N1)	1685	639
PB2|PP755596.1|A/cattle/Texas/24-008749-003/2024(H5N1)	1686	636
PB2|PP755596.1|A/cattle/Texas/24-008749-003/2024(H5N1)	1687	630
PB2|PP755596.1|A/cattle/Texas/24-008749-003/2024(H5N1)	1688	628
PB2|PP755596.1|A/cattle/Texas/24-008749-003/2024(H5N1)	1689	628
PB2|PP755596.1|A/cattle/Texas/24-008749-003/2024(H5N1)	1690	637
PB2|PP755596.1|A/cattle/Texas/24-008749-003/2024(H5N1)	1691	648
PB2|PP755596.1|A/cattle/Texas/24-008749-003/2024(H5N1)	1692	651
PB2|PP755596.1|A/cattle/Texas/24-008749-003/2024(H5N1)	1693	651
PB2|PP755596.1|A/cattle/Texas/24-008749-003/2024(H5N1)	1694	654
PB2|PP755596.1|A/cattle/Texas/24-008749-003/2024(H5N1)	1695	675
PB2|PP755596.1|A/cattle/Texas/24-008749-003/2024(H5N1)	1696	674
PB2|PP755596.1|A/cattle/Texas/24-008749-003/2024(H5N1)	1697	678
PB2|PP755596.1|A/cattle/Texas/24-008749-003/2024(H5N1)	1698	679
PB2|PP755596.1|A/cattle/Texas/24-008749-003/2024(H5N1)	1699	679
PB2|PP755596.1|A/cattle/Texas/24-008749-003/2024(H5N1)	1700	668
PB2|PP755596.1|A/cattle/Texas/24-008749-003/2024(H5N1)	1701	665
PB2|PP755596.1|A/cattle/Texas/24-008749-003/2024(H5N1)	1702	667
PB2|PP755596.1|A/cattle/Texas/24-008749-003/2024(H5N1)	1703	661
PB2|PP755596.1|A/cattle/Texas/24-008749-003/2024(H5N1)	1704	658
PB2|PP755596.1|A/cattle/Texas/24-008749-003/2024(H5N1)	1705	656
PB2|PP755596.1|A/cattle/Texas/24-008749-003/2024(H5N1)	1706	653
PB2|PP755596.1|A/cattle/Texas/24-008749-003/2024(H5N1)	1707	651
PB2|PP755596.1|A/cattle/Texas/24-008749-003/2024(H5N1)	1708	660
PB2|PP755596.1|A/cattle/Texas/24-008749-003/2024(H5N1)	1709	657
PB2|PP755596.1|A/cattle/Texas/24-008749-003/2024(H5N1)	1710	658
PB2|PP755596.1|A/cattle/Texas/24-008749-003/2024(H5N1)	1711	672
PB2|PP755596.1|A/cattle/Texas/24-008749-003/2024(H5N1)	1712	668
PB2|PP755596.1|A/cattle/Texas/24-008749-003/2024(H5N1)	1713	685
PB2|PP755596.1|A/cattle/Texas/24-008749-003/2024(H5N1)	1714	681
PB2|PP755596.1|A/cattle/Texas/24-008749-003/2024(H5N1)	1715	702
PB2|PP755596.1|A/cattle/Texas/24-008749-003/2024(H5N1)	1716	716
PB2|PP755596.1|A/cattle/Texas/24-008749-003/2024(H5N1)	1717	694
PB2|PP755596.1|A/cattle/Texas/24-008749-003/2024(H5N1)	1718	698
PB2|PP755596.1|A/cattle/Texas/24-008749-003/2024(H5N1)	1719	690
PB2|PP755596.1|A/cattle/Texas/24-008749-003/2024(H5N1)	1720	692
PB2|PP755596.1|A/cattle/Texas/24-008749-003/2024(H5N1)	1721	692
PB2|PP755596.1|A/cattle/Texas/24-008749-003/2024(H5N1)	1722	690
PB2|PP755596.1|A/cattle/Texas/24-008749-003/2024(H5N1)	1723	697
PB2|PP755596.1|A/cattle/Texas/24-008749-003/2024(H5N1)	1724	691
PB2|PP755596.1|A/cattle/Texas/24-008749-003/2024(H5N1)	1725	691
PB2|PP755596.1|A/cattle/Texas/24-008749-003/2024(H5N1)	1726	685
PB2|PP755596.1|A/cattle/Texas/24-008749-003/2024(H5N1)	1727	696
PB2|PP755596.1|A/cattle/Texas/24-008749-003/2024(H5N1)	1728	702
PB2|PP755596.1|A/cattle/Texas/24-008749-003/2024(H5N1)	1729	703
PB2|PP755596.1|A/cattle/Texas/24-008749-003/2024(H5N1)	1730	701
PB2|PP755596.1|A/cattle/Texas/24-008749-003/2024(H5N1)	1731	694
PB2|PP755596.1|A/cattle/Texas/24-008749-003/2024(H5N1)	1732	695
PB2|PP755596.1|A/cattle/Texas/24-008749-003/2024(H5N1)	1733	697
PB2|PP755596.1|A/cattle/Texas/24-008749-003/2024(H5N1)	1734	694
PB2|PP755596.1|A/cattle/Texas/24-008749-003/2024(H5N1)	1735	697
PB2|PP755596.1|A/cattle/Texas/24-008749-003/2024(H5N1)	1736	689
PB2|PP755596.1|A/cattle/Texas/24-008749-003/2024(H5N1)	1737	705
PB2|PP755596.1|A/cattle/Texas/24-008749-003/2024(H5N1)	1738	704
PB2|PP755596.1|A/cattle/Texas/24-008749-003/2024(H5N1)	1739	701
PB2|PP755596.1|A/cattle/Texas/24-008749-003/2024(H5N1)	1740	706
PB2|PP755596.1|A/cattle/Texas/24-008749-003/2024(H5N1)	1741	706
PB2|PP755596.1|A/cattle/Texas/24-008749-003/2024(H5N1)	1742	701
PB2|PP755596.1|A/cattle/Texas/24-008749-003/2024(H5N1)	1743	703
PB2|PP755596.1|A/cattle/Texas/24-008749-003/2024(H5N1)	1744	702
PB2|PP755596.1|A/cattle/Texas/24-008749-003/2024(H5N1)	1745	703
PB2|PP755596.1|A/cattle/Texas/24-008749-003/2024(H5N1)	1746	695
PB2|PP755596.1|A/cattle/Texas/24-008749-003/2024(H5N1)	1747	707
PB2|PP755596.1|A/cattle/Texas/24-008749-003/2024(H5N1)	1748	704
PB2|PP755596.1|A/cattle/Texas/24-008749-003/2024(H5N1)	1749	705
PB2|PP755596.1|A/cattle/Texas/24-008749-003/2024(H5N1)	1750	718
PB2|PP755596.1|A/cattle/Texas/24-008749-003/2024(H5N1)	1751	715
PB2|PP755596.1|A/cattle/Texas/24-008749-003/2024(H5N1)	1752	739
PB2|PP755596.1|A/cattle/Texas/24-008749-003/2024(H5N1)	1753	730
PB2|PP755596.1|A/cattle/Texas/24-008749-003/2024(H5N1)	1754	716
PB2|PP755596.1|A/cattle/Texas/24-008749-003/2024(H5N1)	1755	717
PB2|PP755596.1|A/cattle/Texas/24-008749-003/2024(H5N1)	1756	726
PB2|PP755596.1|A/cattle/Texas/24-008749-003/2024(H5N1)	1757	727
PB2|PP755596.1|A/cattle/Texas/24-008749-003/2024(H5N1)	1758	725
PB2|PP755596.1|A/cattle/Texas/24-008749-003/2024(H5N1)	1759	727
PB2|PP755596.1|A/cattle/Texas/24-008749-003/2024(H5N1)	1760	727
PB2|PP755596.1|A/cattle/Texas/24-008749-003/2024(H5N1)	1761	690
PB2|PP755596.1|A/cattle/Texas/24-008749-003/2024(H5N1)	1762	693
PB2|PP755596.1|A/cattle/Texas/24-008749-003/2024(H5N1)	1763	692
PB2|PP755596.1|A/cattle/Texas/24-008749-003/2024(H5N1)	1764	684
PB2|PP755596.1|A/cattle/Texas/24-008749-003/2024(H5N1)	1765	680
PB2|PP755596.1|A/cattle/Texas/24-008749-003/2024(H5N1)	1766	700
PB2|PP755596.1|A/cattle/Texas/24-008749-003/2024(H5N1)	1767	703
PB2|PP755596.1|A/cattle/Texas/24-008749-003/2024(H5N1)	1768	786
PB2|PP755596.1|A/cattle/Texas/24-008749-003/2024(H5N1)	1769	792
PB2|PP755596.1|A/cattle/Texas/24-008749-003/2024(H5N1)	1770	779
PB2|PP755596.1|A/cattle/Texas/24-008749-003/2024(H5N1)	1771	766
PB2|PP755596.1|A/cattle/Texas/24-008749-003/2024(H5N1)	1772	776
PB2|PP755596.1|A/cattle/Texas/24-008749-003/2024(H5N1)	1773	789
PB2|PP755596.1|A/cattle/Texas/24-008749-003/2024(H5N1)	1774	790
PB2|PP755596.1|A/cattle/Texas/24-008749-003/2024(H5N1)	1775	795
PB2|PP755596.1|A/cattle/Texas/24-008749-003/2024(H5N1)	1776	798
PB2|PP755596.1|A/cattle/Texas/24-008749-003/2024(H5N1)	1777	756
PB2|PP755596.1|A/cattle/Texas/24-008749-003/2024(H5N1)	1778	756
PB2|PP755596.1|A/cattle/Texas/24-008749-003/2024(H5N1)	1779	757
PB2|PP755596.1|A/cattle/Texas/24-008749-003/2024(H5N1)	1780	767
PB2|PP755596.1|A/cattle/Texas/24-008749-003/2024(H5N1)	1781	768
PB2|PP755596.1|A/cattle/Texas/24-008749-003/2024(H5N1)	1782	768
PB2|PP755596.1|A/cattle/Texas/24-008749-003/2024(H5N1)	1783	796
PB2|PP755596.1|A/cattle/Texas/24-008749-003/2024(H5N1)	1784	785
PB2|PP755596.1|A/cattle/Texas/24-008749-003/2024(H5N1)	1785	793
PB2|PP755596.1|A/cattle/Texas/24-008749-003/2024(H5N1)	1786	802
PB2|PP755596.1|A/cattle/Texas/24-008749-003/2024(H5N1)	1787	810
PB2|PP755596.1|A/cattle/Texas/24-008749-003/2024(H5N1)	1788	809
PB2|PP755596.1|A/cattle/Texas/24-008749-003/2024(H5N1)	1789	781
PB2|PP755596.1|A/cattle/Texas/24-008749-003/2024(H5N1)	1790	791
PB2|PP755596.1|A/cattle/Texas/24-008749-003/2024(H5N1)	1791	789
PB2|PP755596.1|A/cattle/Texas/24-008749-003/2024(H5N1)	1792	797
PB2|PP755596.1|A/cattle/Texas/24-008749-003/2024(H5N1)	1793	796
PB2|PP755596.1|A/cattle/Texas/24-008749-003/2024(H5N1)	1794	792
PB2|PP755596.1|A/cattle/Texas/24-008749-003/2024(H5N1)	1795	806
PB2|PP755596.1|A/cattle/Texas/24-008749-003/2024(H5N1)	1796	805
PB2|PP755596.1|A/cattle/Texas/24-008749-003/2024(H5N1)	1797	817
PB2|PP755596.1|A/cattle/Texas/24-008749-003/2024(H5N1)	1798	817
PB2|PP755596.1|A/cattle/Texas/24-008749-003/2024(H5N1)	1799	816
PB2|PP755596.1|A/cattle/Texas/24-008749-003/2024(H5N1)	1800	816
PB2|PP755596.1|A/cattle/Texas/24-008749-003/2024(H5N1)	1801	810
PB2|PP755596.1|A/cattle/Texas/24-008749-003/2024(H5N1)	1802	802
PB2|PP755596.1|A/cattle/Texas/24-008749-003/2024(H5N1)	1803	808
PB2|PP755596.1|A/cattle/Texas/24-008749-003/2024(H5N1)	1804	817
PB2|PP755596.1|A/cattle/Texas/24-008749-003/2024(H5N1)	1805	814
PB2|PP755596.1|A/cattle/Texas/24-008749-003/2024(H5N1)	1806	813
PB2|PP755596.1|A/cattle/Texas/24-008749-003/2024(H5N1)	1807	814
PB2|PP755596.1|A/cattle/Texas/24-008749-003/2024(H5N1)	1808	825
PB2|PP755596.1|A/cattle/Texas/24-008749-003/2024(H5N1)	1809	827
PB2|PP755596.1|A/cattle/Texas/24-008749-003/2024(H5N1)	1810	812
PB2|PP755596.1|A/cattle/Texas/24-008749-003/2024(H5N1)	1811	819
PB2|PP755596.1|A/cattle/Texas/24-008749-003/2024(H5N1)	1812	1083
PB2|PP755596.1|A/cattle/Texas/24-008749-003/2024(H5N1)	1813	1100
PB2|PP755596.1|A/cattle/Texas/24-008749-003/2024(H5N1)	1814	1124
PB2|PP755596.1|A/cattle/Texas/24-008749-003/2024(H5N1)	1815	1123
PB2|PP755596.1|A/cattle/Texas/24-008749-003/2024(H5N1)	1816	1132
PB2|PP755596.1|A/cattle/Texas/24-008749-003/2024(H5N1)	1817	1131
PB2|PP755596.1|A/cattle/Texas/24-008749-003/2024(H5N1)	1818	1131
PB2|PP755596.1|A/cattle/Texas/24-008749-003/2024(H5N1)	1819	1176
PB2|PP755596.1|A/cattle/Texas/24-008749-003/2024(H5N1)	1820	1173
PB2|PP755596.1|A/cattle/Texas/24-008749-003/2024(H5N1)	1821	1171
PB2|PP755596.1|A/cattle/Texas/24-008749-003/2024(H5N1)	1822	1168
PB2|PP755596.1|A/cattle/Texas/24-008749-003/2024(H5N1)	1823	1174
PB2|PP755596.1|A/cattle/Texas/24-008749-003/2024(H5N1)	1824	1170
PB2|PP755596.1|A/cattle/Texas/24-008749-003/2024(H5N1)	1825	1174
PB2|PP755596.1|A/cattle/Texas/24-008749-003/2024(H5N1)	1826	1173
PB2|PP755596.1|A/cattle/Texas/24-008749-003/2024(H5N1)	1827	1210
PB2|PP755596.1|A/cattle/Texas/24-008749-003/2024(H5N1)	1828	1212
PB2|PP755596.1|A/cattle/Texas/24-008749-003/2024(H5N1)	1829	1211
PB2|PP755596.1|A/cattle/Texas/24-008749-003/2024(H5N1)	1830	1213
PB2|PP755596.1|A/cattle/Texas/24-008749-003/2024(H5N1)	1831	1215
PB2|PP755596.1|A/cattle/Texas/24-008749-003/2024(H5N1)	1832	1256
PB2|PP755596.1|A/cattle/Texas/24-008749-003/2024(H5N1)	1833	1259
PB2|PP755596.1|A/cattle/Texas/24-008749-003/2024(H5N1)	1834	1255
PB2|PP755596.1|A/cattle/Texas/24-008749-003/2024(H5N1)	1835	1265
PB2|PP755596.1|A/cattle/Texas/24-008749-003/2024(H5N1)	1836	1232
PB2|PP755596.1|A/cattle/Texas/24-008749-003/2024(H5N1)	1837	1390
PB2|PP755596.1|A/cattle/Texas/24-008749-003/2024(H5N1)	1838	1509
PB2|PP755596.1|A/cattle/Texas/24-008749-003/2024(H5N1)	1839	1535
PB2|PP755596.1|A/cattle/Texas/24-008749-003/2024(H5N1)	1840	1521
PB2|PP755596.1|A/cattle/Texas/24-008749-003/2024(H5N1)	1841	1513
PB2|PP755596.1|A/cattle/Texas/24-008749-003/2024(H5N1)	1842	1509
PB2|PP755596.1|A/cattle/Texas/24-008749-003/2024(H5N1)	1843	1523
PB2|PP755596.1|A/cattle/Texas/24-008749-003/2024(H5N1)	1844	1579
PB2|PP755596.1|A/cattle/Texas/24-008749-003/2024(H5N1)	1845	1684
PB2|PP755596.1|A/cattle/Texas/24-008749-003/2024(H5N1)	1846	1662
PB2|PP755596.1|A/cattle/Texas/24-008749-003/2024(H5N1)	1847	1664
PB2|PP755596.1|A/cattle/Texas/24-008749-003/2024(H5N1)	1848	1671
PB2|PP755596.1|A/cattle/Texas/24-008749-003/2024(H5N1)	1849	1690
PB2|PP755596.1|A/cattle/Texas/24-008749-003/2024(H5N1)	1850	1703
PB2|PP755596.1|A/cattle/Texas/24-008749-003/2024(H5N1)	1851	1701
PB2|PP755596.1|A/cattle/Texas/24-008749-003/2024(H5N1)	1852	1719
PB2|PP755596.1|A/cattle/Texas/24-008749-003/2024(H5N1)	1853	1684
PB2|PP755596.1|A/cattle/Texas/24-008749-003/2024(H5N1)	1854	1681
PB2|PP755596.1|A/cattle/Texas/24-008749-003/2024(H5N1)	1855	1695
PB2|PP755596.1|A/cattle/Texas/24-008749-003/2024(H5N1)	1856	1697
PB2|PP755596.1|A/cattle/Texas/24-008749-003/2024(H5N1)	1857	1727
PB2|PP755596.1|A/cattle/Texas/24-008749-003/2024(H5N1)	1858	1720
PB2|PP755596.1|A/cattle/Texas/24-008749-003/2024(H5N1)	1859	1719
PB2|PP755596.1|A/cattle/Texas/24-008749-003/2024(H5N1)	1860	1718
PB2|PP755596.1|A/cattle/Texas/24-008749-003/2024(H5N1)	1861	1693
PB2|PP755596.1|A/cattle/Texas/24-008749-003/2024(H5N1)	1862	1695
PB2|PP755596.1|A/cattle/Texas/24-008749-003/2024(H5N1)	1863	1693
PB2|PP755596.1|A/cattle/Texas/24-008749-003/2024(H5N1)	1864	1674
PB2|PP755596.1|A/cattle/Texas/24-008749-003/2024(H5N1)	1865	1681
PB2|PP755596.1|A/cattle/Texas/24-008749-003/2024(H5N1)	1866	1668
PB2|PP755596.1|A/cattle/Texas/24-008749-003/2024(H5N1)	1867	1741
PB2|PP755596.1|A/cattle/Texas/24-008749-003/2024(H5N1)	1868	1744
PB2|PP755596.1|A/cattle/Texas/24-008749-003/2024(H5N1)	1869	1742
PB2|PP755596.1|A/cattle/Texas/24-008749-003/2024(H5N1)	1870	1753
PB2|PP755596.1|A/cattle/Texas/24-008749-003/2024(H5N1)	1871	1748
PB2|PP755596.1|A/cattle/Texas/24-008749-003/2024(H5N1)	1872	1743
PB2|PP755596.1|A/cattle/Texas/24-008749-003/2024(H5N1)	1873	1771
PB2|PP755596.1|A/cattle/Texas/24-008749-003/2024(H5N1)	1874	1767
PB2|PP755596.1|A/cattle/Texas/24-008749-003/2024(H5N1)	1875	1778
PB2|PP755596.1|A/cattle/Texas/24-008749-003/2024(H5N1)	1876	1780
PB2|PP755596.1|A/cattle/Texas/24-008749-003/2024(H5N1)	1877	1781
PB2|PP755596.1|A/cattle/Texas/24-008749-003/2024(H5N1)	1878	1804
PB2|PP755596.1|A/cattle/Texas/24-008749-003/2024(H5N1)	1879	1831
PB2|PP755596.1|A/cattle/Texas/24-008749-003/2024(H5N1)	1880	1841
PB2|PP755596.1|A/cattle/Texas/24-008749-003/2024(H5N1)	1881	1848
PB2|PP755596.1|A/cattle/Texas/24-008749-003/2024(H5N1)	1882	1855
PB2|PP755596.1|A/cattle/Texas/24-008749-003/2024(H5N1)	1883	1856
PB2|PP755596.1|A/cattle/Texas/24-008749-003/2024(H5N1)	1884	1865
PB2|PP755596.1|A/cattle/Texas/24-008749-003/2024(H5N1)	1885	1865
PB2|PP755596.1|A/cattle/Texas/24-008749-003/2024(H5N1)	1886	1889
PB2|PP755596.1|A/cattle/Texas/24-008749-003/2024(H5N1)	1887	1936
PB2|PP755596.1|A/cattle/Texas/24-008749-003/2024(H5N1)	1888	1896
PB2|PP755596.1|A/cattle/Texas/24-008749-003/2024(H5N1)	1889	1894
PB2|PP755596.1|A/cattle/Texas/24-008749-003/2024(H5N1)	1890	1901
PB2|PP755596.1|A/cattle/Texas/24-008749-003/2024(H5N1)	1891	1937
PB2|PP755596.1|A/cattle/Texas/24-008749-003/2024(H5N1)	1892	2065
PB2|PP755596.1|A/cattle/Texas/24-008749-003/2024(H5N1)	1893	2057
PB2|PP755596.1|A/cattle/Texas/24-008749-003/2024(H5N1)	1894	2066
PB2|PP755596.1|A/cattle/Texas/24-008749-003/2024(H5N1)	1895	2064
PB2|PP755596.1|A/cattle/Texas/24-008749-003/2024(H5N1)	1896	2099
PB2|PP755596.1|A/cattle/Texas/24-008749-003/2024(H5N1)	1897	2092
PB2|PP755596.1|A/cattle/Texas/24-008749-003/2024(H5N1)	1898	2022
PB2|PP755596.1|A/cattle/Texas/24-008749-003/2024(H5N1)	1899	2026
PB2|PP755596.1|A/cattle/Texas/24-008749-003/2024(H5N1)	1900	1984
PB2|PP755596.1|A/cattle/Texas/24-008749-003/2024(H5N1)	1901	2009
PB2|PP755596.1|A/cattle/Texas/24-008749-003/2024(H5N1)	1902	1989
PB2|PP755596.1|A/cattle/Texas/24-008749-003/2024(H5N1)	1903	1984
PB2|PP755596.1|A/cattle/Texas/24-008749-003/2024(H5N1)	1904	2018
PB2|PP755596.1|A/cattle/Texas/24-008749-003/2024(H5N1)	1905	1994
PB2|PP755596.1|A/cattle/Texas/24-008749-003/2024(H5N1)	1906	2059
PB2|PP755596.1|A/cattle/Texas/24-008749-003/2024(H5N1)	1907	2025
PB2|PP755596.1|A/cattle/Texas/24-008749-003/2024(H5N1)	1908	2031
PB2|PP755596.1|A/cattle/Texas/24-008749-003/2024(H5N1)	1909	1874
PB2|PP755596.1|A/cattle/Texas/24-008749-003/2024(H5N1)	1910	1909
PB2|PP755596.1|A/cattle/Texas/24-008749-003/2024(H5N1)	1911	1907
PB2|PP755596.1|A/cattle/Texas/24-008749-003/2024(H5N1)	1912	1993
PB2|PP755596.1|A/cattle/Texas/24-008749-003/2024(H5N1)	1913	2031
PB2|PP755596.1|A/cattle/Texas/24-008749-003/2024(H5N1)	1914	2078
PB2|PP755596.1|A/cattle/Texas/24-008749-003/2024(H5N1)	1915	2325
PB2|PP755596.1|A/cattle/Texas/24-008749-003/2024(H5N1)	1916	3082
PB2|PP755596.1|A/cattle/Texas/24-008749-003/2024(H5N1)	1917	3175
PB2|PP755596.1|A/cattle/Texas/24-008749-003/2024(H5N1)	1918	3470
PB2|PP755596.1|A/cattle/Texas/24-008749-003/2024(H5N1)	1919	3503
PB2|PP755596.1|A/cattle/Texas/24-008749-003/2024(H5N1)	1920	3587
PB2|PP755596.1|A/cattle/Texas/24-008749-003/2024(H5N1)	1921	3664
PB2|PP755596.1|A/cattle/Texas/24-008749-003/2024(H5N1)	1922	3814
PB2|PP755596.1|A/cattle/Texas/24-008749-003/2024(H5N1)	1923	4014
PB2|PP755596.1|A/cattle/Texas/24-008749-003/2024(H5N1)	1924	4247
PB2|PP755596.1|A/cattle/Texas/24-008749-003/2024(H5N1)	1925	4388
PB2|PP755596.1|A/cattle/Texas/24-008749-003/2024(H5N1)	1926	4459
PB2|PP755596.1|A/cattle/Texas/24-008749-003/2024(H5N1)	1927	4503
PB2|PP755596.1|A/cattle/Texas/24-008749-003/2024(H5N1)	1928	4505
PB2|PP755596.1|A/cattle/Texas/24-008749-003/2024(H5N1)	1929	4488
PB2|PP755596.1|A/cattle/Texas/24-008749-003/2024(H5N1)	1930	4878
PB2|PP755596.1|A/cattle/Texas/24-008749-003/2024(H5N1)	1931	5072
PB2|PP755596.1|A/cattle/Texas/24-008749-003/2024(H5N1)	1932	5078
PB2|PP755596.1|A/cattle/Texas/24-008749-003/2024(H5N1)	1933	5083
PB2|PP755596.1|A/cattle/Texas/24-008749-003/2024(H5N1)	1934	5080
PB2|PP755596.1|A/cattle/Texas/24-008749-003/2024(H5N1)	1935	5146
PB2|PP755596.1|A/cattle/Texas/24-008749-003/2024(H5N1)	1936	5153
PB2|PP755596.1|A/cattle/Texas/24-008749-003/2024(H5N1)	1937	5240
PB2|PP755596.1|A/cattle/Texas/24-008749-003/2024(H5N1)	1938	5246
PB2|PP755596.1|A/cattle/Texas/24-008749-003/2024(H5N1)	1939	5267
PB2|PP755596.1|A/cattle/Texas/24-008749-003/2024(H5N1)	1940	5299
PB2|PP755596.1|A/cattle/Texas/24-008749-003/2024(H5N1)	1941	5293
PB2|PP755596.1|A/cattle/Texas/24-008749-003/2024(H5N1)	1942	5272
PB2|PP755596.1|A/cattle/Texas/24-008749-003/2024(H5N1)	1943	5264
PB2|PP755596.1|A/cattle/Texas/24-008749-003/2024(H5N1)	1944	5175
PB2|PP755596.1|A/cattle/Texas/24-008749-003/2024(H5N1)	1945	5208
PB2|PP755596.1|A/cattle/Texas/24-008749-003/2024(H5N1)	1946	5875
PB2|PP755596.1|A/cattle/Texas/24-008749-003/2024(H5N1)	1947	6013
PB2|PP755596.1|A/cattle/Texas/24-008749-003/2024(H5N1)	1948	6015
PB2|PP755596.1|A/cattle/Texas/24-008749-003/2024(H5N1)	1949	6182
PB2|PP755596.1|A/cattle/Texas/24-008749-003/2024(H5N1)	1950	6344
PB2|PP755596.1|A/cattle/Texas/24-008749-003/2024(H5N1)	1951	6379
PB2|PP755596.1|A/cattle/Texas/24-008749-003/2024(H5N1)	1952	6451
PB2|PP755596.1|A/cattle/Texas/24-008749-003/2024(H5N1)	1953	6486
PB2|PP755596.1|A/cattle/Texas/24-008749-003/2024(H5N1)	1954	6552
PB2|PP755596.1|A/cattle/Texas/24-008749-003/2024(H5N1)	1955	6724
PB2|PP755596.1|A/cattle/Texas/24-008749-003/2024(H5N1)	1956	6738
PB2|PP755596.1|A/cattle/Texas/24-008749-003/2024(H5N1)	1957	6745
PB2|PP755596.1|A/cattle/Texas/24-008749-003/2024(H5N1)	1958	6792
PB2|PP755596.1|A/cattle/Texas/24-008749-003/2024(H5N1)	1959	6779
PB2|PP755596.1|A/cattle/Texas/24-008749-003/2024(H5N1)	1960	7009
PB2|PP755596.1|A/cattle/Texas/24-008749-003/2024(H5N1)	1961	7017
PB2|PP755596.1|A/cattle/Texas/24-008749-003/2024(H5N1)	1962	7014
PB2|PP755596.1|A/cattle/Texas/24-008749-003/2024(H5N1)	1963	7406
PB2|PP755596.1|A/cattle/Texas/24-008749-003/2024(H5N1)	1964	7561
PB2|PP755596.1|A/cattle/Texas/24-008749-003/2024(H5N1)	1965	7632
PB2|PP755596.1|A/cattle/Texas/24-008749-003/2024(H5N1)	1966	7697
PB2|PP755596.1|A/cattle/Texas/24-008749-003/2024(H5N1)	1967	7800
PB2|PP755596.1|A/cattle/Texas/24-008749-003/2024(H5N1)	1968	8011
PB2|PP755596.1|A/cattle/Texas/24-008749-003/2024(H5N1)	1969	8143
PB2|PP755596.1|A/cattle/Texas/24-008749-003/2024(H5N1)	1970	8264
PB2|PP755596.1|A/cattle/Texas/24-008749-003/2024(H5N1)	1971	8253
PB2|PP755596.1|A/cattle/Texas/24-008749-003/2024(H5N1)	1972	8913
PB2|PP755596.1|A/cattle/Texas/24-008749-003/2024(H5N1)	1973	9070
PB2|PP755596.1|A/cattle/Texas/24-008749-003/2024(H5N1)	1974	9151
PB2|PP755596.1|A/cattle/Texas/24-008749-003/2024(H5N1)	1975	9395
PB2|PP755596.1|A/cattle/Texas/24-008749-003/2024(H5N1)	1976	9408
PB2|PP755596.1|A/cattle/Texas/24-008749-003/2024(H5N1)	1977	9462
PB2|PP755596.1|A/cattle/Texas/24-008749-003/2024(H5N1)	1978	9567
PB2|PP755596.1|A/cattle/Texas/24-008749-003/2024(H5N1)	1979	9531
PB2|PP755596.1|A/cattle/Texas/24-008749-003/2024(H5N1)	1980	9538
PB2|PP755596.1|A/cattle/Texas/24-008749-003/2024(H5N1)	1981	9648
PB2|PP755596.1|A/cattle/Texas/24-008749-003/2024(H5N1)	1982	9671
PB2|PP755596.1|A/cattle/Texas/24-008749-003/2024(H5N1)	1983	9556
PB2|PP755596.1|A/cattle/Texas/24-008749-003/2024(H5N1)	1984	9623
PB2|PP755596.1|A/cattle/Texas/24-008749-003/2024(H5N1)	1985	9544
PB2|PP755596.1|A/cattle/Texas/24-008749-003/2024(H5N1)	1986	9668
PB2|PP755596.1|A/cattle/Texas/24-008749-003/2024(H5N1)	1987	10593
PB2|PP755596.1|A/cattle/Texas/24-008749-003/2024(H5N1)	1988	11021
PB2|PP755596.1|A/cattle/Texas/24-008749-003/2024(H5N1)	1989	11771
PB2|PP755596.1|A/cattle/Texas/24-008749-003/2024(H5N1)	1990	11783
PB2|PP755596.1|A/cattle/Texas/24-008749-003/2024(H5N1)	1991	11976
PB2|PP755596.1|A/cattle/Texas/24-008749-003/2024(H5N1)	1992	12102
PB2|PP755596.1|A/cattle/Texas/24-008749-003/2024(H5N1)	1993	12057
PB2|PP755596.1|A/cattle/Texas/24-008749-003/2024(H5N1)	1994	12103
PB2|PP755596.1|A/cattle/Texas/24-008749-003/2024(H5N1)	1995	12166
PB2|PP755596.1|A/cattle/Texas/24-008749-003/2024(H5N1)	1996	12166
PB2|PP755596.1|A/cattle/Texas/24-008749-003/2024(H5N1)	1997	12195
PB2|PP755596.1|A/cattle/Texas/24-008749-003/2024(H5N1)	1998	12233
PB2|PP755596.1|A/cattle/Texas/24-008749-003/2024(H5N1)	1999	13107
PB2|PP755596.1|A/cattle/Texas/24-008749-003/2024(H5N1)	2000	13154
PB2|PP755596.1|A/cattle/Texas/24-008749-003/2024(H5N1)	2001	13122
PB2|PP755596.1|A/cattle/Texas/24-008749-003/2024(H5N1)	2002	13329
PB2|PP755596.1|A/cattle/Texas/24-008749-003/2024(H5N1)	2003	13300
PB2|PP755596.1|A/cattle/Texas/24-008749-003/2024(H5N1)	2004	13158
PB2|PP755596.1|A/cattle/Texas/24-008749-003/2024(H5N1)	2005	13194
PB2|PP755596.1|A/cattle/Texas/24-008749-003/2024(H5N1)	2006	13361
PB2|PP755596.1|A/cattle/Texas/24-008749-003/2024(H5N1)	2007	13732
PB2|PP755596.1|A/cattle/Texas/24-008749-003/2024(H5N1)	2008	13718
PB2|PP755596.1|A/cattle/Texas/24-008749-003/2024(H5N1)	2009	13537
PB2|PP755596.1|A/cattle/Texas/24-008749-003/2024(H5N1)	2010	13503
PB2|PP755596.1|A/cattle/Texas/24-008749-003/2024(H5N1)	2011	13503
PB2|PP755596.1|A/cattle/Texas/24-008749-003/2024(H5N1)	2012	13675
PB2|PP755596.1|A/cattle/Texas/24-008749-003/2024(H5N1)	2013	13644
PB2|PP755596.1|A/cattle/Texas/24-008749-003/2024(H5N1)	2014	13874
PB2|PP755596.1|A/cattle/Texas/24-008749-003/2024(H5N1)	2015	13909
PB2|PP755596.1|A/cattle/Texas/24-008749-003/2024(H5N1)	2016	13921
PB2|PP755596.1|A/cattle/Texas/24-008749-003/2024(H5N1)	2017	14016
PB2|PP755596.1|A/cattle/Texas/24-008749-003/2024(H5N1)	2018	14195
PB2|PP755596.1|A/cattle/Texas/24-008749-003/2024(H5N1)	2019	14195
PB2|PP755596.1|A/cattle/Texas/24-008749-003/2024(H5N1)	2020	14189
PB2|PP755596.1|A/cattle/Texas/24-008749-003/2024(H5N1)	2021	14467
PB2|PP755596.1|A/cattle/Texas/24-008749-003/2024(H5N1)	2022	14473
PB2|PP755596.1|A/cattle/Texas/24-008749-003/2024(H5N1)	2023	14493
PB2|PP755596.1|A/cattle/Texas/24-008749-003/2024(H5N1)	2024	14380
PB2|PP755596.1|A/cattle/Texas/24-008749-003/2024(H5N1)	2025	14245
PB2|PP755596.1|A/cattle/Texas/24-008749-003/2024(H5N1)	2026	13472
PB2|PP755596.1|A/cattle/Texas/24-008749-003/2024(H5N1)	2027	13417
PB2|PP755596.1|A/cattle/Texas/24-008749-003/2024(H5N1)	2028	13719
PB2|PP755596.1|A/cattle/Texas/24-008749-003/2024(H5N1)	2029	15327
PB2|PP755596.1|A/cattle/Texas/24-008749-003/2024(H5N1)	2030	15365
PB2|PP755596.1|A/cattle/Texas/24-008749-003/2024(H5N1)	2031	15524
PB2|PP755596.1|A/cattle/Texas/24-008749-003/2024(H5N1)	2032	15476
PB2|PP755596.1|A/cattle/Texas/24-008749-003/2024(H5N1)	2033	15640
PB2|PP755596.1|A/cattle/Texas/24-008749-003/2024(H5N1)	2034	15650
PB2|PP755596.1|A/cattle/Texas/24-008749-003/2024(H5N1)	2035	17800
PB2|PP755596.1|A/cattle/Texas/24-008749-003/2024(H5N1)	2036	17816
PB2|PP755596.1|A/cattle/Texas/24-008749-003/2024(H5N1)	2037	17177
PB2|PP755596.1|A/cattle/Texas/24-008749-003/2024(H5N1)	2038	17554
PB2|PP755596.1|A/cattle/Texas/24-008749-003/2024(H5N1)	2039	18006
PB2|PP755596.1|A/cattle/Texas/24-008749-003/2024(H5N1)	2040	18214
PB2|PP755596.1|A/cattle/Texas/24-008749-003/2024(H5N1)	2041	18265
PB2|PP755596.1|A/cattle/Texas/24-008749-003/2024(H5N1)	2042	18599
PB2|PP755596.1|A/cattle/Texas/24-008749-003/2024(H5N1)	2043	18739
PB2|PP755596.1|A/cattle/Texas/24-008749-003/2024(H5N1)	2044	18893
PB2|PP755596.1|A/cattle/Texas/24-008749-003/2024(H5N1)	2045	19821
PB2|PP755596.1|A/cattle/Texas/24-008749-003/2024(H5N1)	2046	20475
PB2|PP755596.1|A/cattle/Texas/24-008749-003/2024(H5N1)	2047	20581
PB2|PP755596.1|A/cattle/Texas/24-008749-003/2024(H5N1)	2048	20677
PB2|PP755596.1|A/cattle/Texas/24-008749-003/2024(H5N1)	2049	21139
PB2|PP755596.1|A/cattle/Texas/24-008749-003/2024(H5N1)	2050	21448
PB2|PP755596.1|A/cattle/Texas/24-008749-003/2024(H5N1)	2051	21960
PB2|PP755596.1|A/cattle/Texas/24-008749-003/2024(H5N1)	2052	22357
PB2|PP755596.1|A/cattle/Texas/24-008749-003/2024(H5N1)	2053	22692
PB2|PP755596.1|A/cattle/Texas/24-008749-003/2024(H5N1)	2054	24483
PB2|PP755596.1|A/cattle/Texas/24-008749-003/2024(H5N1)	2055	24684
PB2|PP755596.1|A/cattle/Texas/24-008749-003/2024(H5N1)	2056	24727
PB2|PP755596.1|A/cattle/Texas/24-008749-003/2024(H5N1)	2057	24701
PB2|PP755596.1|A/cattle/Texas/24-008749-003/2024(H5N1)	2058	25117
PB2|PP755596.1|A/cattle/Texas/24-008749-003/2024(H5N1)	2059	26427
PB2|PP755596.1|A/cattle/Texas/24-008749-003/2024(H5N1)	2060	26809
PB2|PP755596.1|A/cattle/Texas/24-008749-003/2024(H5N1)	2061	28844
PB2|PP755596.1|A/cattle/Texas/24-008749-003/2024(H5N1)	2062	28609
PB2|PP755596.1|A/cattle/Texas/24-008749-003/2024(H5N1)	2063	28772
PB2|PP755596.1|A/cattle/Texas/24-008749-003/2024(H5N1)	2064	28702
PB2|PP755596.1|A/cattle/Texas/24-008749-003/2024(H5N1)	2065	28923
PB2|PP755596.1|A/cattle/Texas/24-008749-003/2024(H5N1)	2066	28942
PB2|PP755596.1|A/cattle/Texas/24-008749-003/2024(H5N1)	2067	29053
PB2|PP755596.1|A/cattle/Texas/24-008749-003/2024(H5N1)	2068	30442
PB2|PP755596.1|A/cattle/Texas/24-008749-003/2024(H5N1)	2069	30492
PB2|PP755596.1|A/cattle/Texas/24-008749-003/2024(H5N1)	2070	30570
PB2|PP755596.1|A/cattle/Texas/24-008749-003/2024(H5N1)	2071	30563
PB2|PP755596.1|A/cattle/Texas/24-008749-003/2024(H5N1)	2072	30876
PB2|PP755596.1|A/cattle/Texas/24-008749-003/2024(H5N1)	2073	31215
PB2|PP755596.1|A/cattle/Texas/24-008749-003/2024(H5N1)	2074	31237
PB2|PP755596.1|A/cattle/Texas/24-008749-003/2024(H5N1)	2075	31692
PB2|PP755596.1|A/cattle/Texas/24-008749-003/2024(H5N1)	2076	31920
PB2|PP755596.1|A/cattle/Texas/24-008749-003/2024(H5N1)	2077	31862
PB2|PP755596.1|A/cattle/Texas/24-008749-003/2024(H5N1)	2078	31942
PB2|PP755596.1|A/cattle/Texas/24-008749-003/2024(H5N1)	2079	32468
PB2|PP755596.1|A/cattle/Texas/24-008749-003/2024(H5N1)	2080	34337
PB2|PP755596.1|A/cattle/Texas/24-008749-003/2024(H5N1)	2081	34014
PB2|PP755596.1|A/cattle/Texas/24-008749-003/2024(H5N1)	2082	34225
PB2|PP755596.1|A/cattle/Texas/24-008749-003/2024(H5N1)	2083	37190
PB2|PP755596.1|A/cattle/Texas/24-008749-003/2024(H5N1)	2084	37372
PB2|PP755596.1|A/cattle/Texas/24-008749-003/2024(H5N1)	2085	37476
PB2|PP755596.1|A/cattle/Texas/24-008749-003/2024(H5N1)	2086	41148
PB2|PP755596.1|A/cattle/Texas/24-008749-003/2024(H5N1)	2087	41142
PB2|PP755596.1|A/cattle/Texas/24-008749-003/2024(H5N1)	2088	42092
PB2|PP755596.1|A/cattle/Texas/24-008749-003/2024(H5N1)	2089	41976
PB2|PP755596.1|A/cattle/Texas/24-008749-003/2024(H5N1)	2090	41902
PB2|PP755596.1|A/cattle/Texas/24-008749-003/2024(H5N1)	2091	41247
PB2|PP755596.1|A/cattle/Texas/24-008749-003/2024(H5N1)	2092	41621
PB2|PP755596.1|A/cattle/Texas/24-008749-003/2024(H5N1)	2093	42289
PB2|PP755596.1|A/cattle/Texas/24-008749-003/2024(H5N1)	2094	42316
PB2|PP755596.1|A/cattle/Texas/24-008749-003/2024(H5N1)	2095	42472
PB2|PP755596.1|A/cattle/Texas/24-008749-003/2024(H5N1)	2096	43824
PB2|PP755596.1|A/cattle/Texas/24-008749-003/2024(H5N1)	2097	43777
PB2|PP755596.1|A/cattle/Texas/24-008749-003/2024(H5N1)	2098	44291
PB2|PP755596.1|A/cattle/Texas/24-008749-003/2024(H5N1)	2099	45758
PB2|PP755596.1|A/cattle/Texas/24-008749-003/2024(H5N1)	2100	45850
PB2|PP755596.1|A/cattle/Texas/24-008749-003/2024(H5N1)	2101	47025
PB2|PP755596.1|A/cattle/Texas/24-008749-003/2024(H5N1)	2102	47554
PB2|PP755596.1|A/cattle/Texas/24-008749-003/2024(H5N1)	2103	47479
PB2|PP755596.1|A/cattle/Texas/24-008749-003/2024(H5N1)	2104	47506
PB2|PP755596.1|A/cattle/Texas/24-008749-003/2024(H5N1)	2105	47396
PB2|PP755596.1|A/cattle/Texas/24-008749-003/2024(H5N1)	2106	47330
PB2|PP755596.1|A/cattle/Texas/24-008749-003/2024(H5N1)	2107	48265
PB2|PP755596.1|A/cattle/Texas/24-008749-003/2024(H5N1)	2108	49065
PB2|PP755596.1|A/cattle/Texas/24-008749-003/2024(H5N1)	2109	49526
PB2|PP755596.1|A/cattle/Texas/24-008749-003/2024(H5N1)	2110	49516
PB2|PP755596.1|A/cattle/Texas/24-008749-003/2024(H5N1)	2111	51637
PB2|PP755596.1|A/cattle/Texas/24-008749-003/2024(H5N1)	2112	53035
PB2|PP755596.1|A/cattle/Texas/24-008749-003/2024(H5N1)	2113	53457
PB2|PP755596.1|A/cattle/Texas/24-008749-003/2024(H5N1)	2114	55794
PB2|PP755596.1|A/cattle/Texas/24-008749-003/2024(H5N1)	2115	55655
PB2|PP755596.1|A/cattle/Texas/24-008749-003/2024(H5N1)	2116	56051
PB2|PP755596.1|A/cattle/Texas/24-008749-003/2024(H5N1)	2117	55820
PB2|PP755596.1|A/cattle/Texas/24-008749-003/2024(H5N1)	2118	55547
PB2|PP755596.1|A/cattle/Texas/24-008749-003/2024(H5N1)	2119	57635
PB2|PP755596.1|A/cattle/Texas/24-008749-003/2024(H5N1)	2120	57585
PB2|PP755596.1|A/cattle/Texas/24-008749-003/2024(H5N1)	2121	60250
PB2|PP755596.1|A/cattle/Texas/24-008749-003/2024(H5N1)	2122	59711
PB2|PP755596.1|A/cattle/Texas/24-008749-003/2024(H5N1)	2123	56987
PB2|PP755596.1|A/cattle/Texas/24-008749-003/2024(H5N1)	2124	57389
PB2|PP755596.1|A/cattle/Texas/24-008749-003/2024(H5N1)	2125	57300
PB2|PP755596.1|A/cattle/Texas/24-008749-003/2024(H5N1)	2126	57724
PB2|PP755596.1|A/cattle/Texas/24-008749-003/2024(H5N1)	2127	58660
PB2|PP755596.1|A/cattle/Texas/24-008749-003/2024(H5N1)	2128	59254
PB2|PP755596.1|A/cattle/Texas/24-008749-003/2024(H5N1)	2129	59597
PB2|PP755596.1|A/cattle/Texas/24-008749-003/2024(H5N1)	2130	60769
PB2|PP755596.1|A/cattle/Texas/24-008749-003/2024(H5N1)	2131	61864
PB2|PP755596.1|A/cattle/Texas/24-008749-003/2024(H5N1)	2132	62167
PB2|PP755596.1|A/cattle/Texas/24-008749-003/2024(H5N1)	2133	62170
PB2|PP755596.1|A/cattle/Texas/24-008749-003/2024(H5N1)	2134	62312
PB2|PP755596.1|A/cattle/Texas/24-008749-003/2024(H5N1)	2135	61837
PB2|PP755596.1|A/cattle/Texas/24-008749-003/2024(H5N1)	2136	61806
PB2|PP755596.1|A/cattle/Texas/24-008749-003/2024(H5N1)	2137	61654
PB2|PP755596.1|A/cattle/Texas/24-008749-003/2024(H5N1)	2138	62755
PB2|PP755596.1|A/cattle/Texas/24-008749-003/2024(H5N1)	2139	62886
PB2|PP755596.1|A/cattle/Texas/24-008749-003/2024(H5N1)	2140	62671
PB2|PP755596.1|A/cattle/Texas/24-008749-003/2024(H5N1)	2141	62532
PB2|PP755596.1|A/cattle/Texas/24-008749-003/2024(H5N1)	2142	62586
PB2|PP755596.1|A/cattle/Texas/24-008749-003/2024(H5N1)	2143	62306
PB2|PP755596.1|A/cattle/Texas/24-008749-003/2024(H5N1)	2144	62186
PB2|PP755596.1|A/cattle/Texas/24-008749-003/2024(H5N1)	2145	61807
PB2|PP755596.1|A/cattle/Texas/24-008749-003/2024(H5N1)	2146	61023
PB2|PP755596.1|A/cattle/Texas/24-008749-003/2024(H5N1)	2147	61076
PB2|PP755596.1|A/cattle/Texas/24-008749-003/2024(H5N1)	2148	62749
PB2|PP755596.1|A/cattle/Texas/24-008749-003/2024(H5N1)	2149	65079
PB2|PP755596.1|A/cattle/Texas/24-008749-003/2024(H5N1)	2150	65511
PB2|PP755596.1|A/cattle/Texas/24-008749-003/2024(H5N1)	2151	65525
PB2|PP755596.1|A/cattle/Texas/24-008749-003/2024(H5N1)	2152	65529
PB2|PP755596.1|A/cattle/Texas/24-008749-003/2024(H5N1)	2153	64422
PB2|PP755596.1|A/cattle/Texas/24-008749-003/2024(H5N1)	2154	64528
PB2|PP755596.1|A/cattle/Texas/24-008749-003/2024(H5N1)	2155	64833
PB2|PP755596.1|A/cattle/Texas/24-008749-003/2024(H5N1)	2156	64796
PB2|PP755596.1|A/cattle/Texas/24-008749-003/2024(H5N1)	2157	64642
PB2|PP755596.1|A/cattle/Texas/24-008749-003/2024(H5N1)	2158	64702
PB2|PP755596.1|A/cattle/Texas/24-008749-003/2024(H5N1)	2159	64743
PB2|PP755596.1|A/cattle/Texas/24-008749-003/2024(H5N1)	2160	64914
PB2|PP755596.1|A/cattle/Texas/24-008749-003/2024(H5N1)	2161	66914
PB2|PP755596.1|A/cattle/Texas/24-008749-003/2024(H5N1)	2162	66914
PB2|PP755596.1|A/cattle/Texas/24-008749-003/2024(H5N1)	2163	66909
PB2|PP755596.1|A/cattle/Texas/24-008749-003/2024(H5N1)	2164	79750
PB2|PP755596.1|A/cattle/Texas/24-008749-003/2024(H5N1)	2165	81087
PB2|PP755596.1|A/cattle/Texas/24-008749-003/2024(H5N1)	2166	81093
PB2|PP755596.1|A/cattle/Texas/24-008749-003/2024(H5N1)	2167	81417
PB2|PP755596.1|A/cattle/Texas/24-008749-003/2024(H5N1)	2168	82528
PB2|PP755596.1|A/cattle/Texas/24-008749-003/2024(H5N1)	2169	82141
PB2|PP755596.1|A/cattle/Texas/24-008749-003/2024(H5N1)	2170	82313
PB2|PP755596.1|A/cattle/Texas/24-008749-003/2024(H5N1)	2171	80599
PB2|PP755596.1|A/cattle/Texas/24-008749-003/2024(H5N1)	2172	79692
PB2|PP755596.1|A/cattle/Texas/24-008749-003/2024(H5N1)	2173	79075
PB2|PP755596.1|A/cattle/Texas/24-008749-003/2024(H5N1)	2174	78949
PB2|PP755596.1|A/cattle/Texas/24-008749-003/2024(H5N1)	2175	78548
PB2|PP755596.1|A/cattle/Texas/24-008749-003/2024(H5N1)	2176	78745
PB2|PP755596.1|A/cattle/Texas/24-008749-003/2024(H5N1)	2177	78539
PB2|PP755596.1|A/cattle/Texas/24-008749-003/2024(H5N1)	2178	78989
PB2|PP755596.1|A/cattle/Texas/24-008749-003/2024(H5N1)	2179	78386
PB2|PP755596.1|A/cattle/Texas/24-008749-003/2024(H5N1)	2180	78163
PB2|PP755596.1|A/cattle/Texas/24-008749-003/2024(H5N1)	2181	77836
PB2|PP755596.1|A/cattle/Texas/24-008749-003/2024(H5N1)	2182	78139
PB2|PP755596.1|A/cattle/Texas/24-008749-003/2024(H5N1)	2183	78161
PB2|PP755596.1|A/cattle/Texas/24-008749-003/2024(H5N1)	2184	77667
PB2|PP755596.1|A/cattle/Texas/24-008749-003/2024(H5N1)	2185	77653
PB2|PP755596.1|A/cattle/Texas/24-008749-003/2024(H5N1)	2186	77729
PB2|PP755596.1|A/cattle/Texas/24-008749-003/2024(H5N1)	2187	77790
PB2|PP755596.1|A/cattle/Texas/24-008749-003/2024(H5N1)	2188	77682
PB2|PP755596.1|A/cattle/Texas/24-008749-003/2024(H5N1)	2189	78096
PB2|PP755596.1|A/cattle/Texas/24-008749-003/2024(H5N1)	2190	77716
PB2|PP755596.1|A/cattle/Texas/24-008749-003/2024(H5N1)	2191	77692
PB2|PP755596.1|A/cattle/Texas/24-008749-003/2024(H5N1)	2192	77533
PB2|PP755596.1|A/cattle/Texas/24-008749-003/2024(H5N1)	2193	76492
PB2|PP755596.1|A/cattle/Texas/24-008749-003/2024(H5N1)	2194	77371
PB2|PP755596.1|A/cattle/Texas/24-008749-003/2024(H5N1)	2195	76244
PB2|PP755596.1|A/cattle/Texas/24-008749-003/2024(H5N1)	2196	76174
PB2|PP755596.1|A/cattle/Texas/24-008749-003/2024(H5N1)	2197	74137
PB2|PP755596.1|A/cattle/Texas/24-008749-003/2024(H5N1)	2198	73104
PB2|PP755596.1|A/cattle/Texas/24-008749-003/2024(H5N1)	2199	72874
PB2|PP755596.1|A/cattle/Texas/24-008749-003/2024(H5N1)	2200	72693
PB2|PP755596.1|A/cattle/Texas/24-008749-003/2024(H5N1)	2201	72075
PB2|PP755596.1|A/cattle/Texas/24-008749-003/2024(H5N1)	2202	71948
PB2|PP755596.1|A/cattle/Texas/24-008749-003/2024(H5N1)	2203	70467
PB2|PP755596.1|A/cattle/Texas/24-008749-003/2024(H5N1)	2204	70013
PB2|PP755596.1|A/cattle/Texas/24-008749-003/2024(H5N1)	2205	69712
PB2|PP755596.1|A/cattle/Texas/24-008749-003/2024(H5N1)	2206	69541
PB2|PP755596.1|A/cattle/Texas/24-008749-003/2024(H5N1)	2207	69375
PB2|PP755596.1|A/cattle/Texas/24-008749-003/2024(H5N1)	2208	69179
PB2|PP755596.1|A/cattle/Texas/24-008749-003/2024(H5N1)	2209	68771
PB2|PP755596.1|A/cattle/Texas/24-008749-003/2024(H5N1)	2210	68751
PB2|PP755596.1|A/cattle/Texas/24-008749-003/2024(H5N1)	2211	68572
PB2|PP755596.1|A/cattle/Texas/24-008749-003/2024(H5N1)	2212	68406
PB2|PP755596.1|A/cattle/Texas/24-008749-003/2024(H5N1)	2213	68330
PB2|PP755596.1|A/cattle/Texas/24-008749-003/2024(H5N1)	2214	68159
PB2|PP755596.1|A/cattle/Texas/24-008749-003/2024(H5N1)	2215	67853
PB2|PP755596.1|A/cattle/Texas/24-008749-003/2024(H5N1)	2216	67792
PB2|PP755596.1|A/cattle/Texas/24-008749-003/2024(H5N1)	2217	67787
PB2|PP755596.1|A/cattle/Texas/24-008749-003/2024(H5N1)	2218	67594
PB2|PP755596.1|A/cattle/Texas/24-008749-003/2024(H5N1)	2219	66693
PB2|PP755596.1|A/cattle/Texas/24-008749-003/2024(H5N1)	2220	66510
PB2|PP755596.1|A/cattle/Texas/24-008749-003/2024(H5N1)	2221	66257
PB2|PP755596.1|A/cattle/Texas/24-008749-003/2024(H5N1)	2222	66759
PB2|PP755596.1|A/cattle/Texas/24-008749-003/2024(H5N1)	2223	66747
PB2|PP755596.1|A/cattle/Texas/24-008749-003/2024(H5N1)	2224	66767
PB2|PP755596.1|A/cattle/Texas/24-008749-003/2024(H5N1)	2225	66699
PB2|PP755596.1|A/cattle/Texas/24-008749-003/2024(H5N1)	2226	65769
PB2|PP755596.1|A/cattle/Texas/24-008749-003/2024(H5N1)	2227	65717
PB2|PP755596.1|A/cattle/Texas/24-008749-003/2024(H5N1)	2228	65508
PB2|PP755596.1|A/cattle/Texas/24-008749-003/2024(H5N1)	2229	64148
PB2|PP755596.1|A/cattle/Texas/24-008749-003/2024(H5N1)	2230	64077
PB2|PP755596.1|A/cattle/Texas/24-008749-003/2024(H5N1)	2231	58903
PB2|PP755596.1|A/cattle/Texas/24-008749-003/2024(H5N1)	2232	58887
PB2|PP755596.1|A/cattle/Texas/24-008749-003/2024(H5N1)	2233	57877
PB2|PP755596.1|A/cattle/Texas/24-008749-003/2024(H5N1)	2234	57536
PB2|PP755596.1|A/cattle/Texas/24-008749-003/2024(H5N1)	2235	57328
PB2|PP755596.1|A/cattle/Texas/24-008749-003/2024(H5N1)	2236	57327
PB2|PP755596.1|A/cattle/Texas/24-008749-003/2024(H5N1)	2237	56432
PB2|PP755596.1|A/cattle/Texas/24-008749-003/2024(H5N1)	2238	56607
PB2|PP755596.1|A/cattle/Texas/24-008749-003/2024(H5N1)	2239	54133
PB2|PP755596.1|A/cattle/Texas/24-008749-003/2024(H5N1)	2240	54270
PB2|PP755596.1|A/cattle/Texas/24-008749-003/2024(H5N1)	2241	54092
PB2|PP755596.1|A/cattle/Texas/24-008749-003/2024(H5N1)	2242	53963
PB2|PP755596.1|A/cattle/Texas/24-008749-003/2024(H5N1)	2243	53691
PB2|PP755596.1|A/cattle/Texas/24-008749-003/2024(H5N1)	2244	53670
PB2|PP755596.1|A/cattle/Texas/24-008749-003/2024(H5N1)	2245	53507
PB2|PP755596.1|A/cattle/Texas/24-008749-003/2024(H5N1)	2246	53375
PB2|PP755596.1|A/cattle/Texas/24-008749-003/2024(H5N1)	2247	50251
PB2|PP755596.1|A/cattle/Texas/24-008749-003/2024(H5N1)	2248	50189
PB2|PP755596.1|A/cattle/Texas/24-008749-003/2024(H5N1)	2249	47626
PB2|PP755596.1|A/cattle/Texas/24-008749-003/2024(H5N1)	2250	47651
PB2|PP755596.1|A/cattle/Texas/24-008749-003/2024(H5N1)	2251	47527
PB2|PP755596.1|A/cattle/Texas/24-008749-003/2024(H5N1)	2252	47368
PB2|PP755596.1|A/cattle/Texas/24-008749-003/2024(H5N1)	2253	47037
PB2|PP755596.1|A/cattle/Texas/24-008749-003/2024(H5N1)	2254	46946
PB2|PP755596.1|A/cattle/Texas/24-008749-003/2024(H5N1)	2255	46946
PB2|PP755596.1|A/cattle/Texas/24-008749-003/2024(H5N1)	2256	46880
PB2|PP755596.1|A/cattle/Texas/24-008749-003/2024(H5N1)	2257	46710
PB2|PP755596.1|A/cattle/Texas/24-008749-003/2024(H5N1)	2258	46572
PB2|PP755596.1|A/cattle/Texas/24-008749-003/2024(H5N1)	2259	45768
PB2|PP755596.1|A/cattle/Texas/24-008749-003/2024(H5N1)	2260	45621
PB2|PP755596.1|A/cattle/Texas/24-008749-003/2024(H5N1)	2261	45513
PB2|PP755596.1|A/cattle/Texas/24-008749-003/2024(H5N1)	2262	45468
PB2|PP755596.1|A/cattle/Texas/24-008749-003/2024(H5N1)	2263	45244
PB2|PP755596.1|A/cattle/Texas/24-008749-003/2024(H5N1)	2264	44432
PB2|PP755596.1|A/cattle/Texas/24-008749-003/2024(H5N1)	2265	43166
PB2|PP755596.1|A/cattle/Texas/24-008749-003/2024(H5N1)	2266	43077
PB2|PP755596.1|A/cattle/Texas/24-008749-003/2024(H5N1)	2267	41996
PB2|PP755596.1|A/cattle/Texas/24-008749-003/2024(H5N1)	2268	41922
PB2|PP755596.1|A/cattle/Texas/24-008749-003/2024(H5N1)	2269	41809
PB2|PP755596.1|A/cattle/Texas/24-008749-003/2024(H5N1)	2270	41305
PB2|PP755596.1|A/cattle/Texas/24-008749-003/2024(H5N1)	2271	41243
PB2|PP755596.1|A/cattle/Texas/24-008749-003/2024(H5N1)	2272	41152
PB2|PP755596.1|A/cattle/Texas/24-008749-003/2024(H5N1)	2273	41080
PB2|PP755596.1|A/cattle/Texas/24-008749-003/2024(H5N1)	2274	40857
PB2|PP755596.1|A/cattle/Texas/24-008749-003/2024(H5N1)	2275	40828
PB2|PP755596.1|A/cattle/Texas/24-008749-003/2024(H5N1)	2276	40783
PB2|PP755596.1|A/cattle/Texas/24-008749-003/2024(H5N1)	2277	40112
PB2|PP755596.1|A/cattle/Texas/24-008749-003/2024(H5N1)	2278	39129
PB2|PP755596.1|A/cattle/Texas/24-008749-003/2024(H5N1)	2279	37219
PB2|PP755596.1|A/cattle/Texas/24-008749-003/2024(H5N1)	2280	36899
