PA|PP755594.1|A/cattle/Texas/24-008749-003/2024(H5N1)	1	1445
PA|PP755594.1|A/cattle/Texas/24-008749-003/2024(H5N1)	2	1452
PA|PP755594.1|A/cattle/Texas/24-008749-003/2024(H5N1)	3	1467
PA|PP755594.1|A/cattle/Texas/24-008749-003/2024(H5N1)	4	1470
PA|PP755594.1|A/cattle/Texas/24-008749-003/2024(H5N1)	5	1474
PA|PP755594.1|A/cattle/Texas/24-008749-003/2024(H5N1)	6	1475
PA|PP755594.1|A/cattle/Texas/24-008749-003/2024(H5N1)	7	1493
PA|PP755594.1|A/cattle/Texas/24-008749-003/2024(H5N1)	8	1516
PA|PP755594.1|A/cattle/Texas/24-008749-003/2024(H5N1)	9	1520
PA|PP755594.1|A/cattle/Texas/24-008749-003/2024(H5N1)	10	1523
PA|PP755594.1|A/cattle/Texas/24-008749-003/2024(H5N1)	11	1535
PA|PP755594.1|A/cattle/Texas/24-008749-003/2024(H5N1)	12	1537
PA|PP755594.1|A/cattle/Texas/24-008749-003/2024(H5N1)	13	1554
PA|PP755594.1|A/cattle/Texas/24-008749-003/2024(H5N1)	14	1557
PA|PP755594.1|A/cattle/Texas/24-008749-003/2024(H5N1)	15	1558
PA|PP755594.1|A/cattle/Texas/24-008749-003/2024(H5N1)	16	1582
PA|PP755594.1|A/cattle/Texas/24-008749-003/2024(H5N1)	17	1582
PA|PP755594.1|A/cattle/Texas/24-008749-003/2024(H5N1)	18	1626
PA|PP755594.1|A/cattle/Texas/24-008749-003/2024(H5N1)	19	1633
PA|PP755594.1|A/cattle/Texas/24-008749-003/2024(H5N1)	20	1633
PA|PP755594.1|A/cattle/Texas/24-008749-003/2024(H5N1)	21	1633
PA|PP755594.1|A/cattle/Texas/24-008749-003/2024(H5N1)	22	1636
PA|PP755594.1|A/cattle/Texas/24-008749-003/2024(H5N1)	23	1637
PA|PP755594.1|A/cattle/Texas/24-008749-003/2024(H5N1)	24	1645
PA|PP755594.1|A/cattle/Texas/24-008749-003/2024(H5N1)	25	1647
PA|PP755594.1|A/cattle/Texas/24-008749-003/2024(H5N1)	26	1649
PA|PP755594.1|A/cattle/Texas/24-008749-003/2024(H5N1)	27	1652
PA|PP755594.1|A/cattle/Texas/24-008749-003/2024(H5N1)	28	1652
PA|PP755594.1|A/cattle/Texas/24-008749-003/2024(H5N1)	29	1656
PA|PP755594.1|A/cattle/Texas/24-008749-003/2024(H5N1)	30	1658
PA|PP755594.1|A/cattle/Texas/24-008749-003/2024(H5N1)	31	1658
PA|PP755594.1|A/cattle/Texas/24-008749-003/2024(H5N1)	32	1659
PA|PP755594.1|A/cattle/Texas/24-008749-003/2024(H5N1)	33	1653
PA|PP755594.1|A/cattle/Texas/24-008749-003/2024(H5N1)	34	1661
PA|PP755594.1|A/cattle/Texas/24-008749-003/2024(H5N1)	35	1661
PA|PP755594.1|A/cattle/Texas/24-008749-003/2024(H5N1)	36	1661
PA|PP755594.1|A/cattle/Texas/24-008749-003/2024(H5N1)	37	1659
PA|PP755594.1|A/cattle/Texas/24-008749-003/2024(H5N1)	38	1653
PA|PP755594.1|A/cattle/Texas/24-008749-003/2024(H5N1)	39	1653
PA|PP755594.1|A/cattle/Texas/24-008749-003/2024(H5N1)	40	1667
PA|PP755594.1|A/cattle/Texas/24-008749-003/2024(H5N1)	41	1673
PA|PP755594.1|A/cattle/Texas/24-008749-003/2024(H5N1)	42	1676
PA|PP755594.1|A/cattle/Texas/24-008749-003/2024(H5N1)	43	1676
PA|PP755594.1|A/cattle/Texas/24-008749-003/2024(H5N1)	44	1676
PA|PP755594.1|A/cattle/Texas/24-008749-003/2024(H5N1)	45	1676
PA|PP755594.1|A/cattle/Texas/24-008749-003/2024(H5N1)	46	1702
PA|PP755594.1|A/cattle/Texas/24-008749-003/2024(H5N1)	47	1707
PA|PP755594.1|A/cattle/Texas/24-008749-003/2024(H5N1)	48	1711
PA|PP755594.1|A/cattle/Texas/24-008749-003/2024(H5N1)	49	1711
PA|PP755594.1|A/cattle/Texas/24-008749-003/2024(H5N1)	50	1718
PA|PP755594.1|A/cattle/Texas/24-008749-003/2024(H5N1)	51	1718
PA|PP755594.1|A/cattle/Texas/24-008749-003/2024(H5N1)	52	1720
PA|PP755594.1|A/cattle/Texas/24-008749-003/2024(H5N1)	53	1715
PA|PP755594.1|A/cattle/Texas/24-008749-003/2024(H5N1)	54	1716
PA|PP755594.1|A/cattle/Texas/24-008749-003/2024(H5N1)	55	1716
PA|PP755594.1|A/cattle/Texas/24-008749-003/2024(H5N1)	56	1716
PA|PP755594.1|A/cattle/Texas/24-008749-003/2024(H5N1)	57	1716
PA|PP755594.1|A/cattle/Texas/24-008749-003/2024(H5N1)	58	1753
PA|PP755594.1|A/cattle/Texas/24-008749-003/2024(H5N1)	59	1760
PA|PP755594.1|A/cattle/Texas/24-008749-003/2024(H5N1)	60	1762
PA|PP755594.1|A/cattle/Texas/24-008749-003/2024(H5N1)	61	1765
PA|PP755594.1|A/cattle/Texas/24-008749-003/2024(H5N1)	62	1765
PA|PP755594.1|A/cattle/Texas/24-008749-003/2024(H5N1)	63	1766
PA|PP755594.1|A/cattle/Texas/24-008749-003/2024(H5N1)	64	1766
PA|PP755594.1|A/cattle/Texas/24-008749-003/2024(H5N1)	65	1766
PA|PP755594.1|A/cattle/Texas/24-008749-003/2024(H5N1)	66	1764
PA|PP755594.1|A/cattle/Texas/24-008749-003/2024(H5N1)	67	1781
PA|PP755594.1|A/cattle/Texas/24-008749-003/2024(H5N1)	68	1795
PA|PP755594.1|A/cattle/Texas/24-008749-003/2024(H5N1)	69	1809
PA|PP755594.1|A/cattle/Texas/24-008749-003/2024(H5N1)	70	1810
PA|PP755594.1|A/cattle/Texas/24-008749-003/2024(H5N1)	71	1812
PA|PP755594.1|A/cattle/Texas/24-008749-003/2024(H5N1)	72	1811
PA|PP755594.1|A/cattle/Texas/24-008749-003/2024(H5N1)	73	1811
PA|PP755594.1|A/cattle/Texas/24-008749-003/2024(H5N1)	74	1814
PA|PP755594.1|A/cattle/Texas/24-008749-003/2024(H5N1)	75	1812
PA|PP755594.1|A/cattle/Texas/24-008749-003/2024(H5N1)	76	1820
PA|PP755594.1|A/cattle/Texas/24-008749-003/2024(H5N1)	77	1831
PA|PP755594.1|A/cattle/Texas/24-008749-003/2024(H5N1)	78	1819
PA|PP755594.1|A/cattle/Texas/24-008749-003/2024(H5N1)	79	1819
PA|PP755594.1|A/cattle/Texas/24-008749-003/2024(H5N1)	80	1817
PA|PP755594.1|A/cattle/Texas/24-008749-003/2024(H5N1)	81	1817
PA|PP755594.1|A/cattle/Texas/24-008749-003/2024(H5N1)	82	1817
PA|PP755594.1|A/cattle/Texas/24-008749-003/2024(H5N1)	83	1817
PA|PP755594.1|A/cattle/Texas/24-008749-003/2024(H5N1)	84	1816
PA|PP755594.1|A/cattle/Texas/24-008749-003/2024(H5N1)	85	1843
PA|PP755594.1|A/cattle/Texas/24-008749-003/2024(H5N1)	86	1843
PA|PP755594.1|A/cattle/Texas/24-008749-003/2024(H5N1)	87	1843
PA|PP755594.1|A/cattle/Texas/24-008749-003/2024(H5N1)	88	1841
PA|PP755594.1|A/cattle/Texas/24-008749-003/2024(H5N1)	89	1839
PA|PP755594.1|A/cattle/Texas/24-008749-003/2024(H5N1)	90	1837
PA|PP755594.1|A/cattle/Texas/24-008749-003/2024(H5N1)	91	1868
PA|PP755594.1|A/cattle/Texas/24-008749-003/2024(H5N1)	92	1872
PA|PP755594.1|A/cattle/Texas/24-008749-003/2024(H5N1)	93	1873
PA|PP755594.1|A/cattle/Texas/24-008749-003/2024(H5N1)	94	1877
PA|PP755594.1|A/cattle/Texas/24-008749-003/2024(H5N1)	95	1882
PA|PP755594.1|A/cattle/Texas/24-008749-003/2024(H5N1)	96	1885
PA|PP755594.1|A/cattle/Texas/24-008749-003/2024(H5N1)	97	1889
PA|PP755594.1|A/cattle/Texas/24-008749-003/2024(H5N1)	98	1889
PA|PP755594.1|A/cattle/Texas/24-008749-003/2024(H5N1)	99	1891
PA|PP755594.1|A/cattle/Texas/24-008749-003/2024(H5N1)	100	1899
PA|PP755594.1|A/cattle/Texas/24-008749-003/2024(H5N1)	101	1908
PA|PP755594.1|A/cattle/Texas/24-008749-003/2024(H5N1)	102	1909
PA|PP755594.1|A/cattle/Texas/24-008749-003/2024(H5N1)	103	1923
PA|PP755594.1|A/cattle/Texas/24-008749-003/2024(H5N1)	104	1923
PA|PP755594.1|A/cattle/Texas/24-008749-003/2024(H5N1)	105	1921
PA|PP755594.1|A/cattle/Texas/24-008749-003/2024(H5N1)	106	1920
PA|PP755594.1|A/cattle/Texas/24-008749-003/2024(H5N1)	107	1919
PA|PP755594.1|A/cattle/Texas/24-008749-003/2024(H5N1)	108	1727
PA|PP755594.1|A/cattle/Texas/24-008749-003/2024(H5N1)	109	1740
PA|PP755594.1|A/cattle/Texas/24-008749-003/2024(H5N1)	110	1743
PA|PP755594.1|A/cattle/Texas/24-008749-003/2024(H5N1)	111	1743
PA|PP755594.1|A/cattle/Texas/24-008749-003/2024(H5N1)	112	1743
PA|PP755594.1|A/cattle/Texas/24-008749-003/2024(H5N1)	113	1744
PA|PP755594.1|A/cattle/Texas/24-008749-003/2024(H5N1)	114	1744
PA|PP755594.1|A/cattle/Texas/24-008749-003/2024(H5N1)	115	1744
PA|PP755594.1|A/cattle/Texas/24-008749-003/2024(H5N1)	116	1744
PA|PP755594.1|A/cattle/Texas/24-008749-003/2024(H5N1)	117	1744
PA|PP755594.1|A/cattle/Texas/24-008749-003/2024(H5N1)	118	1741
PA|PP755594.1|A/cattle/Texas/24-008749-003/2024(H5N1)	119	1738
PA|PP755594.1|A/cattle/Texas/24-008749-003/2024(H5N1)	120	1726
PA|PP755594.1|A/cattle/Texas/24-008749-003/2024(H5N1)	121	1719
PA|PP755594.1|A/cattle/Texas/24-008749-003/2024(H5N1)	122	1715
PA|PP755594.1|A/cattle/Texas/24-008749-003/2024(H5N1)	123	867
PA|PP755594.1|A/cattle/Texas/24-008749-003/2024(H5N1)	124	853
PA|PP755594.1|A/cattle/Texas/24-008749-003/2024(H5N1)	125	885
PA|PP755594.1|A/cattle/Texas/24-008749-003/2024(H5N1)	126	886
PA|PP755594.1|A/cattle/Texas/24-008749-003/2024(H5N1)	127	886
PA|PP755594.1|A/cattle/Texas/24-008749-003/2024(H5N1)	128	886
PA|PP755594.1|A/cattle/Texas/24-008749-003/2024(H5N1)	129	798
PA|PP755594.1|A/cattle/Texas/24-008749-003/2024(H5N1)	130	780
PA|PP755594.1|A/cattle/Texas/24-008749-003/2024(H5N1)	131	734
PA|PP755594.1|A/cattle/Texas/24-008749-003/2024(H5N1)	132	730
PA|PP755594.1|A/cattle/Texas/24-008749-003/2024(H5N1)	133	741
PA|PP755594.1|A/cattle/Texas/24-008749-003/2024(H5N1)	134	536
PA|PP755594.1|A/cattle/Texas/24-008749-003/2024(H5N1)	135	532
PA|PP755594.1|A/cattle/Texas/24-008749-003/2024(H5N1)	136	502
PA|PP755594.1|A/cattle/Texas/24-008749-003/2024(H5N1)	137	507
PA|PP755594.1|A/cattle/Texas/24-008749-003/2024(H5N1)	138	482
PA|PP755594.1|A/cattle/Texas/24-008749-003/2024(H5N1)	139	479
PA|PP755594.1|A/cattle/Texas/24-008749-003/2024(H5N1)	140	479
PA|PP755594.1|A/cattle/Texas/24-008749-003/2024(H5N1)	141	479
PA|PP755594.1|A/cattle/Texas/24-008749-003/2024(H5N1)	142	342
PA|PP755594.1|A/cattle/Texas/24-008749-003/2024(H5N1)	143	338
PA|PP755594.1|A/cattle/Texas/24-008749-003/2024(H5N1)	144	333
PA|PP755594.1|A/cattle/Texas/24-008749-003/2024(H5N1)	145	321
PA|PP755594.1|A/cattle/Texas/24-008749-003/2024(H5N1)	146	317
PA|PP755594.1|A/cattle/Texas/24-008749-003/2024(H5N1)	147	314
PA|PP755594.1|A/cattle/Texas/24-008749-003/2024(H5N1)	148	321
PA|PP755594.1|A/cattle/Texas/24-008749-003/2024(H5N1)	149	325
PA|PP755594.1|A/cattle/Texas/24-008749-003/2024(H5N1)	150	320
PA|PP755594.1|A/cattle/Texas/24-008749-003/2024(H5N1)	151	320
PA|PP755594.1|A/cattle/Texas/24-008749-003/2024(H5N1)	152	312
PA|PP755594.1|A/cattle/Texas/24-008749-003/2024(H5N1)	153	306
PA|PP755594.1|A/cattle/Texas/24-008749-003/2024(H5N1)	154	306
PA|PP755594.1|A/cattle/Texas/24-008749-003/2024(H5N1)	155	306
PA|PP755594.1|A/cattle/Texas/24-008749-003/2024(H5N1)	156	305
PA|PP755594.1|A/cattle/Texas/24-008749-003/2024(H5N1)	157	303
PA|PP755594.1|A/cattle/Texas/24-008749-003/2024(H5N1)	158	292
PA|PP755594.1|A/cattle/Texas/24-008749-003/2024(H5N1)	159	279
PA|PP755594.1|A/cattle/Texas/24-008749-003/2024(H5N1)	160	277
PA|PP755594.1|A/cattle/Texas/24-008749-003/2024(H5N1)	161	275
PA|PP755594.1|A/cattle/Texas/24-008749-003/2024(H5N1)	162	271
PA|PP755594.1|A/cattle/Texas/24-008749-003/2024(H5N1)	163	271
PA|PP755594.1|A/cattle/Texas/24-008749-003/2024(H5N1)	164	265
PA|PP755594.1|A/cattle/Texas/24-008749-003/2024(H5N1)	165	162
PA|PP755594.1|A/cattle/Texas/24-008749-003/2024(H5N1)	166	162
PA|PP755594.1|A/cattle/Texas/24-008749-003/2024(H5N1)	167	153
PA|PP755594.1|A/cattle/Texas/24-008749-003/2024(H5N1)	168	152
PA|PP755594.1|A/cattle/Texas/24-008749-003/2024(H5N1)	169	138
PA|PP755594.1|A/cattle/Texas/24-008749-003/2024(H5N1)	170	138
PA|PP755594.1|A/cattle/Texas/24-008749-003/2024(H5N1)	171	139
PA|PP755594.1|A/cattle/Texas/24-008749-003/2024(H5N1)	172	139
PA|PP755594.1|A/cattle/Texas/24-008749-003/2024(H5N1)	173	139
PA|PP755594.1|A/cattle/Texas/24-008749-003/2024(H5N1)	174	137
PA|PP755594.1|A/cattle/Texas/24-008749-003/2024(H5N1)	175	137
PA|PP755594.1|A/cattle/Texas/24-008749-003/2024(H5N1)	176	137
PA|PP755594.1|A/cattle/Texas/24-008749-003/2024(H5N1)	177	137
PA|PP755594.1|A/cattle/Texas/24-008749-003/2024(H5N1)	178	137
PA|PP755594.1|A/cattle/Texas/24-008749-003/2024(H5N1)	179	137
PA|PP755594.1|A/cattle/Texas/24-008749-003/2024(H5N1)	180	136
PA|PP755594.1|A/cattle/Texas/24-008749-003/2024(H5N1)	181	136
PA|PP755594.1|A/cattle/Texas/24-008749-003/2024(H5N1)	182	135
PA|PP755594.1|A/cattle/Texas/24-008749-003/2024(H5N1)	183	113
PA|PP755594.1|A/cattle/Texas/24-008749-003/2024(H5N1)	184	113
PA|PP755594.1|A/cattle/Texas/24-008749-003/2024(H5N1)	185	113
PA|PP755594.1|A/cattle/Texas/24-008749-003/2024(H5N1)	186	113
PA|PP755594.1|A/cattle/Texas/24-008749-003/2024(H5N1)	187	113
PA|PP755594.1|A/cattle/Texas/24-008749-003/2024(H5N1)	188	113
PA|PP755594.1|A/cattle/Texas/24-008749-003/2024(H5N1)	189	113
PA|PP755594.1|A/cattle/Texas/24-008749-003/2024(H5N1)	190	113
PA|PP755594.1|A/cattle/Texas/24-008749-003/2024(H5N1)	191	114
PA|PP755594.1|A/cattle/Texas/24-008749-003/2024(H5N1)	192	114
PA|PP755594.1|A/cattle/Texas/24-008749-003/2024(H5N1)	193	114
PA|PP755594.1|A/cattle/Texas/24-008749-003/2024(H5N1)	194	114
PA|PP755594.1|A/cattle/Texas/24-008749-003/2024(H5N1)	195	114
PA|PP755594.1|A/cattle/Texas/24-008749-003/2024(H5N1)	196	114
PA|PP755594.1|A/cattle/Texas/24-008749-003/2024(H5N1)	197	114
PA|PP755594.1|A/cattle/Texas/24-008749-003/2024(H5N1)	198	114
PA|PP755594.1|A/cattle/Texas/24-008749-003/2024(H5N1)	199	118
PA|PP755594.1|A/cattle/Texas/24-008749-003/2024(H5N1)	200	118
PA|PP755594.1|A/cattle/Texas/24-008749-003/2024(H5N1)	201	118
PA|PP755594.1|A/cattle/Texas/24-008749-003/2024(H5N1)	202	118
PA|PP755594.1|A/cattle/Texas/24-008749-003/2024(H5N1)	203	118
PA|PP755594.1|A/cattle/Texas/24-008749-003/2024(H5N1)	204	118
PA|PP755594.1|A/cattle/Texas/24-008749-003/2024(H5N1)	205	118
PA|PP755594.1|A/cattle/Texas/24-008749-003/2024(H5N1)	206	118
PA|PP755594.1|A/cattle/Texas/24-008749-003/2024(H5N1)	207	118
PA|PP755594.1|A/cattle/Texas/24-008749-003/2024(H5N1)	208	118
PA|PP755594.1|A/cattle/Texas/24-008749-003/2024(H5N1)	209	31
PA|PP755594.1|A/cattle/Texas/24-008749-003/2024(H5N1)	210	31
PA|PP755594.1|A/cattle/Texas/24-008749-003/2024(H5N1)	211	14
PA|PP755594.1|A/cattle/Texas/24-008749-003/2024(H5N1)	212	14
PA|PP755594.1|A/cattle/Texas/24-008749-003/2024(H5N1)	213	14
PA|PP755594.1|A/cattle/Texas/24-008749-003/2024(H5N1)	214	15
PA|PP755594.1|A/cattle/Texas/24-008749-003/2024(H5N1)	215	18
PA|PP755594.1|A/cattle/Texas/24-008749-003/2024(H5N1)	216	18
PA|PP755594.1|A/cattle/Texas/24-008749-003/2024(H5N1)	217	18
PA|PP755594.1|A/cattle/Texas/24-008749-003/2024(H5N1)	218	18
PA|PP755594.1|A/cattle/Texas/24-008749-003/2024(H5N1)	219	18
PA|PP755594.1|A/cattle/Texas/24-008749-003/2024(H5N1)	220	18
PA|PP755594.1|A/cattle/Texas/24-008749-003/2024(H5N1)	221	19
PA|PP755594.1|A/cattle/Texas/24-008749-003/2024(H5N1)	222	19
PA|PP755594.1|A/cattle/Texas/24-008749-003/2024(H5N1)	223	19
PA|PP755594.1|A/cattle/Texas/24-008749-003/2024(H5N1)	224	19
PA|PP755594.1|A/cattle/Texas/24-008749-003/2024(H5N1)	225	19
PA|PP755594.1|A/cattle/Texas/24-008749-003/2024(H5N1)	226	19
PA|PP755594.1|A/cattle/Texas/24-008749-003/2024(H5N1)	227	19
PA|PP755594.1|A/cattle/Texas/24-008749-003/2024(H5N1)	228	19
PA|PP755594.1|A/cattle/Texas/24-008749-003/2024(H5N1)	229	19
PA|PP755594.1|A/cattle/Texas/24-008749-003/2024(H5N1)	230	19
PA|PP755594.1|A/cattle/Texas/24-008749-003/2024(H5N1)	231	19
PA|PP755594.1|A/cattle/Texas/24-008749-003/2024(H5N1)	232	19
PA|PP755594.1|A/cattle/Texas/24-008749-003/2024(H5N1)	233	19
PA|PP755594.1|A/cattle/Texas/24-008749-003/2024(H5N1)	234	19
PA|PP755594.1|A/cattle/Texas/24-008749-003/2024(H5N1)	235	19
PA|PP755594.1|A/cattle/Texas/24-008749-003/2024(H5N1)	236	19
PA|PP755594.1|A/cattle/Texas/24-008749-003/2024(H5N1)	237	19
PA|PP755594.1|A/cattle/Texas/24-008749-003/2024(H5N1)	238	19
PA|PP755594.1|A/cattle/Texas/24-008749-003/2024(H5N1)	239	19
PA|PP755594.1|A/cattle/Texas/24-008749-003/2024(H5N1)	240	19
PA|PP755594.1|A/cattle/Texas/24-008749-003/2024(H5N1)	241	19
PA|PP755594.1|A/cattle/Texas/24-008749-003/2024(H5N1)	242	19
PA|PP755594.1|A/cattle/Texas/24-008749-003/2024(H5N1)	243	18
PA|PP755594.1|A/cattle/Texas/24-008749-003/2024(H5N1)	244	18
PA|PP755594.1|A/cattle/Texas/24-008749-003/2024(H5N1)	245	18
PA|PP755594.1|A/cattle/Texas/24-008749-003/2024(H5N1)	246	18
PA|PP755594.1|A/cattle/Texas/24-008749-003/2024(H5N1)	247	18
PA|PP755594.1|A/cattle/Texas/24-008749-003/2024(H5N1)	248	18
PA|PP755594.1|A/cattle/Texas/24-008749-003/2024(H5N1)	249	18
PA|PP755594.1|A/cattle/Texas/24-008749-003/2024(H5N1)	250	17
PA|PP755594.1|A/cattle/Texas/24-008749-003/2024(H5N1)	251	17
PA|PP755594.1|A/cattle/Texas/24-008749-003/2024(H5N1)	252	17
PA|PP755594.1|A/cattle/Texas/24-008749-003/2024(H5N1)	253	17
PA|PP755594.1|A/cattle/Texas/24-008749-003/2024(H5N1)	254	17
PA|PP755594.1|A/cattle/Texas/24-008749-003/2024(H5N1)	255	17
PA|PP755594.1|A/cattle/Texas/24-008749-003/2024(H5N1)	256	21
PA|PP755594.1|A/cattle/Texas/24-008749-003/2024(H5N1)	257	21
PA|PP755594.1|A/cattle/Texas/24-008749-003/2024(H5N1)	258	21
PA|PP755594.1|A/cattle/Texas/24-008749-003/2024(H5N1)	259	21
PA|PP755594.1|A/cattle/Texas/24-008749-003/2024(H5N1)	260	21
PA|PP755594.1|A/cattle/Texas/24-008749-003/2024(H5N1)	261	21
PA|PP755594.1|A/cattle/Texas/24-008749-003/2024(H5N1)	262	21
PA|PP755594.1|A/cattle/Texas/24-008749-003/2024(H5N1)	263	21
PA|PP755594.1|A/cattle/Texas/24-008749-003/2024(H5N1)	264	21
PA|PP755594.1|A/cattle/Texas/24-008749-003/2024(H5N1)	265	21
PA|PP755594.1|A/cattle/Texas/24-008749-003/2024(H5N1)	266	21
PA|PP755594.1|A/cattle/Texas/24-008749-003/2024(H5N1)	267	21
PA|PP755594.1|A/cattle/Texas/24-008749-003/2024(H5N1)	268	21
PA|PP755594.1|A/cattle/Texas/24-008749-003/2024(H5N1)	269	21
PA|PP755594.1|A/cattle/Texas/24-008749-003/2024(H5N1)	270	18
PA|PP755594.1|A/cattle/Texas/24-008749-003/2024(H5N1)	271	18
PA|PP755594.1|A/cattle/Texas/24-008749-003/2024(H5N1)	272	18
PA|PP755594.1|A/cattle/Texas/24-008749-003/2024(H5N1)	273	21
PA|PP755594.1|A/cattle/Texas/24-008749-003/2024(H5N1)	274	21
PA|PP755594.1|A/cattle/Texas/24-008749-003/2024(H5N1)	275	21
PA|PP755594.1|A/cattle/Texas/24-008749-003/2024(H5N1)	276	22
PA|PP755594.1|A/cattle/Texas/24-008749-003/2024(H5N1)	277	211
PA|PP755594.1|A/cattle/Texas/24-008749-003/2024(H5N1)	278	212
PA|PP755594.1|A/cattle/Texas/24-008749-003/2024(H5N1)	279	214
PA|PP755594.1|A/cattle/Texas/24-008749-003/2024(H5N1)	280	214
PA|PP755594.1|A/cattle/Texas/24-008749-003/2024(H5N1)	281	215
PA|PP755594.1|A/cattle/Texas/24-008749-003/2024(H5N1)	282	215
PA|PP755594.1|A/cattle/Texas/24-008749-003/2024(H5N1)	283	215
PA|PP755594.1|A/cattle/Texas/24-008749-003/2024(H5N1)	284	215
PA|PP755594.1|A/cattle/Texas/24-008749-003/2024(H5N1)	285	215
PA|PP755594.1|A/cattle/Texas/24-008749-003/2024(H5N1)	286	215
PA|PP755594.1|A/cattle/Texas/24-008749-003/2024(H5N1)	287	217
PA|PP755594.1|A/cattle/Texas/24-008749-003/2024(H5N1)	288	217
PA|PP755594.1|A/cattle/Texas/24-008749-003/2024(H5N1)	289	217
PA|PP755594.1|A/cattle/Texas/24-008749-003/2024(H5N1)	290	218
PA|PP755594.1|A/cattle/Texas/24-008749-003/2024(H5N1)	291	218
PA|PP755594.1|A/cattle/Texas/24-008749-003/2024(H5N1)	292	218
PA|PP755594.1|A/cattle/Texas/24-008749-003/2024(H5N1)	293	218
PA|PP755594.1|A/cattle/Texas/24-008749-003/2024(H5N1)	294	218
PA|PP755594.1|A/cattle/Texas/24-008749-003/2024(H5N1)	295	218
PA|PP755594.1|A/cattle/Texas/24-008749-003/2024(H5N1)	296	218
PA|PP755594.1|A/cattle/Texas/24-008749-003/2024(H5N1)	297	211
PA|PP755594.1|A/cattle/Texas/24-008749-003/2024(H5N1)	298	211
PA|PP755594.1|A/cattle/Texas/24-008749-003/2024(H5N1)	299	210
PA|PP755594.1|A/cattle/Texas/24-008749-003/2024(H5N1)	300	209
PA|PP755594.1|A/cattle/Texas/24-008749-003/2024(H5N1)	301	209
PA|PP755594.1|A/cattle/Texas/24-008749-003/2024(H5N1)	302	207
PA|PP755594.1|A/cattle/Texas/24-008749-003/2024(H5N1)	303	205
PA|PP755594.1|A/cattle/Texas/24-008749-003/2024(H5N1)	304	205
PA|PP755594.1|A/cattle/Texas/24-008749-003/2024(H5N1)	305	205
PA|PP755594.1|A/cattle/Texas/24-008749-003/2024(H5N1)	306	203
PA|PP755594.1|A/cattle/Texas/24-008749-003/2024(H5N1)	307	203
PA|PP755594.1|A/cattle/Texas/24-008749-003/2024(H5N1)	308	203
PA|PP755594.1|A/cattle/Texas/24-008749-003/2024(H5N1)	309	201
PA|PP755594.1|A/cattle/Texas/24-008749-003/2024(H5N1)	310	201
PA|PP755594.1|A/cattle/Texas/24-008749-003/2024(H5N1)	311	201
PA|PP755594.1|A/cattle/Texas/24-008749-003/2024(H5N1)	312	173
PA|PP755594.1|A/cattle/Texas/24-008749-003/2024(H5N1)	313	173
PA|PP755594.1|A/cattle/Texas/24-008749-003/2024(H5N1)	314	167
PA|PP755594.1|A/cattle/Texas/24-008749-003/2024(H5N1)	315	145
PA|PP755594.1|A/cattle/Texas/24-008749-003/2024(H5N1)	316	145
PA|PP755594.1|A/cattle/Texas/24-008749-003/2024(H5N1)	317	145
PA|PP755594.1|A/cattle/Texas/24-008749-003/2024(H5N1)	318	144
PA|PP755594.1|A/cattle/Texas/24-008749-003/2024(H5N1)	319	140
PA|PP755594.1|A/cattle/Texas/24-008749-003/2024(H5N1)	320	140
PA|PP755594.1|A/cattle/Texas/24-008749-003/2024(H5N1)	321	140
PA|PP755594.1|A/cattle/Texas/24-008749-003/2024(H5N1)	322	140
PA|PP755594.1|A/cattle/Texas/24-008749-003/2024(H5N1)	323	140
PA|PP755594.1|A/cattle/Texas/24-008749-003/2024(H5N1)	324	140
PA|PP755594.1|A/cattle/Texas/24-008749-003/2024(H5N1)	325	140
PA|PP755594.1|A/cattle/Texas/24-008749-003/2024(H5N1)	326	140
PA|PP755594.1|A/cattle/Texas/24-008749-003/2024(H5N1)	327	140
PA|PP755594.1|A/cattle/Texas/24-008749-003/2024(H5N1)	328	139
PA|PP755594.1|A/cattle/Texas/24-008749-003/2024(H5N1)	329	139
PA|PP755594.1|A/cattle/Texas/24-008749-003/2024(H5N1)	330	139
PA|PP755594.1|A/cattle/Texas/24-008749-003/2024(H5N1)	331	139
PA|PP755594.1|A/cattle/Texas/24-008749-003/2024(H5N1)	332	139
PA|PP755594.1|A/cattle/Texas/24-008749-003/2024(H5N1)	333	139
PA|PP755594.1|A/cattle/Texas/24-008749-003/2024(H5N1)	334	139
PA|PP755594.1|A/cattle/Texas/24-008749-003/2024(H5N1)	335	139
PA|PP755594.1|A/cattle/Texas/24-008749-003/2024(H5N1)	336	139
PA|PP755594.1|A/cattle/Texas/24-008749-003/2024(H5N1)	337	139
PA|PP755594.1|A/cattle/Texas/24-008749-003/2024(H5N1)	338	139
PA|PP755594.1|A/cattle/Texas/24-008749-003/2024(H5N1)	339	139
PA|PP755594.1|A/cattle/Texas/24-008749-003/2024(H5N1)	340	139
PA|PP755594.1|A/cattle/Texas/24-008749-003/2024(H5N1)	341	139
PA|PP755594.1|A/cattle/Texas/24-008749-003/2024(H5N1)	342	139
PA|PP755594.1|A/cattle/Texas/24-008749-003/2024(H5N1)	343	139
PA|PP755594.1|A/cattle/Texas/24-008749-003/2024(H5N1)	344	138
PA|PP755594.1|A/cattle/Texas/24-008749-003/2024(H5N1)	345	138
PA|PP755594.1|A/cattle/Texas/24-008749-003/2024(H5N1)	346	138
PA|PP755594.1|A/cattle/Texas/24-008749-003/2024(H5N1)	347	138
PA|PP755594.1|A/cattle/Texas/24-008749-003/2024(H5N1)	348	138
PA|PP755594.1|A/cattle/Texas/24-008749-003/2024(H5N1)	349	168
PA|PP755594.1|A/cattle/Texas/24-008749-003/2024(H5N1)	350	168
PA|PP755594.1|A/cattle/Texas/24-008749-003/2024(H5N1)	351	168
PA|PP755594.1|A/cattle/Texas/24-008749-003/2024(H5N1)	352	168
PA|PP755594.1|A/cattle/Texas/24-008749-003/2024(H5N1)	353	168
PA|PP755594.1|A/cattle/Texas/24-008749-003/2024(H5N1)	354	168
PA|PP755594.1|A/cattle/Texas/24-008749-003/2024(H5N1)	355	168
PA|PP755594.1|A/cattle/Texas/24-008749-003/2024(H5N1)	356	168
PA|PP755594.1|A/cattle/Texas/24-008749-003/2024(H5N1)	357	168
PA|PP755594.1|A/cattle/Texas/24-008749-003/2024(H5N1)	358	168
PA|PP755594.1|A/cattle/Texas/24-008749-003/2024(H5N1)	359	168
PA|PP755594.1|A/cattle/Texas/24-008749-003/2024(H5N1)	360	168
PA|PP755594.1|A/cattle/Texas/24-008749-003/2024(H5N1)	361	166
PA|PP755594.1|A/cattle/Texas/24-008749-003/2024(H5N1)	362	163
PA|PP755594.1|A/cattle/Texas/24-008749-003/2024(H5N1)	363	158
PA|PP755594.1|A/cattle/Texas/24-008749-003/2024(H5N1)	364	153
PA|PP755594.1|A/cattle/Texas/24-008749-003/2024(H5N1)	365	149
PA|PP755594.1|A/cattle/Texas/24-008749-003/2024(H5N1)	366	149
PA|PP755594.1|A/cattle/Texas/24-008749-003/2024(H5N1)	367	149
PA|PP755594.1|A/cattle/Texas/24-008749-003/2024(H5N1)	368	145
PA|PP755594.1|A/cattle/Texas/24-008749-003/2024(H5N1)	369	5
PA|PP755594.1|A/cattle/Texas/24-008749-003/2024(H5N1)	370	5
PA|PP755594.1|A/cattle/Texas/24-008749-003/2024(H5N1)	371	5
PA|PP755594.1|A/cattle/Texas/24-008749-003/2024(H5N1)	372	5
PA|PP755594.1|A/cattle/Texas/24-008749-003/2024(H5N1)	373	5
PA|PP755594.1|A/cattle/Texas/24-008749-003/2024(H5N1)	374	5
PA|PP755594.1|A/cattle/Texas/24-008749-003/2024(H5N1)	375	5
PA|PP755594.1|A/cattle/Texas/24-008749-003/2024(H5N1)	376	5
PA|PP755594.1|A/cattle/Texas/24-008749-003/2024(H5N1)	377	5
PA|PP755594.1|A/cattle/Texas/24-008749-003/2024(H5N1)	378	5
PA|PP755594.1|A/cattle/Texas/24-008749-003/2024(H5N1)	379	5
PA|PP755594.1|A/cattle/Texas/24-008749-003/2024(H5N1)	380	5
PA|PP755594.1|A/cattle/Texas/24-008749-003/2024(H5N1)	381	5
PA|PP755594.1|A/cattle/Texas/24-008749-003/2024(H5N1)	382	7
PA|PP755594.1|A/cattle/Texas/24-008749-003/2024(H5N1)	383	7
PA|PP755594.1|A/cattle/Texas/24-008749-003/2024(H5N1)	384	7
PA|PP755594.1|A/cattle/Texas/24-008749-003/2024(H5N1)	385	7
PA|PP755594.1|A/cattle/Texas/24-008749-003/2024(H5N1)	386	7
PA|PP755594.1|A/cattle/Texas/24-008749-003/2024(H5N1)	387	7
PA|PP755594.1|A/cattle/Texas/24-008749-003/2024(H5N1)	388	7
PA|PP755594.1|A/cattle/Texas/24-008749-003/2024(H5N1)	389	7
PA|PP755594.1|A/cattle/Texas/24-008749-003/2024(H5N1)	390	7
PA|PP755594.1|A/cattle/Texas/24-008749-003/2024(H5N1)	391	6
PA|PP755594.1|A/cattle/Texas/24-008749-003/2024(H5N1)	392	6
PA|PP755594.1|A/cattle/Texas/24-008749-003/2024(H5N1)	393	6
PA|PP755594.1|A/cattle/Texas/24-008749-003/2024(H5N1)	394	6
PA|PP755594.1|A/cattle/Texas/24-008749-003/2024(H5N1)	395	6
PA|PP755594.1|A/cattle/Texas/24-008749-003/2024(H5N1)	396	6
PA|PP755594.1|A/cattle/Texas/24-008749-003/2024(H5N1)	397	6
PA|PP755594.1|A/cattle/Texas/24-008749-003/2024(H5N1)	398	6
PA|PP755594.1|A/cattle/Texas/24-008749-003/2024(H5N1)	399	3
PA|PP755594.1|A/cattle/Texas/24-008749-003/2024(H5N1)	400	3
PA|PP755594.1|A/cattle/Texas/24-008749-003/2024(H5N1)	401	3
PA|PP755594.1|A/cattle/Texas/24-008749-003/2024(H5N1)	402	3
PA|PP755594.1|A/cattle/Texas/24-008749-003/2024(H5N1)	403	3
PA|PP755594.1|A/cattle/Texas/24-008749-003/2024(H5N1)	404	3
PA|PP755594.1|A/cattle/Texas/24-008749-003/2024(H5N1)	405	3
PA|PP755594.1|A/cattle/Texas/24-008749-003/2024(H5N1)	406	3
PA|PP755594.1|A/cattle/Texas/24-008749-003/2024(H5N1)	407	3
PA|PP755594.1|A/cattle/Texas/24-008749-003/2024(H5N1)	408	3
PA|PP755594.1|A/cattle/Texas/24-008749-003/2024(H5N1)	409	3
PA|PP755594.1|A/cattle/Texas/24-008749-003/2024(H5N1)	410	3
PA|PP755594.1|A/cattle/Texas/24-008749-003/2024(H5N1)	411	3
PA|PP755594.1|A/cattle/Texas/24-008749-003/2024(H5N1)	412	3
PA|PP755594.1|A/cattle/Texas/24-008749-003/2024(H5N1)	413	3
PA|PP755594.1|A/cattle/Texas/24-008749-003/2024(H5N1)	414	3
PA|PP755594.1|A/cattle/Texas/24-008749-003/2024(H5N1)	415	3
PA|PP755594.1|A/cattle/Texas/24-008749-003/2024(H5N1)	416	3
PA|PP755594.1|A/cattle/Texas/24-008749-003/2024(H5N1)	417	2
PA|PP755594.1|A/cattle/Texas/24-008749-003/2024(H5N1)	418	2
PA|PP755594.1|A/cattle/Texas/24-008749-003/2024(H5N1)	419	2
PA|PP755594.1|A/cattle/Texas/24-008749-003/2024(H5N1)	420	2
PA|PP755594.1|A/cattle/Texas/24-008749-003/2024(H5N1)	421	2
PA|PP755594.1|A/cattle/Texas/24-008749-003/2024(H5N1)	422	2
PA|PP755594.1|A/cattle/Texas/24-008749-003/2024(H5N1)	423	2
PA|PP755594.1|A/cattle/Texas/24-008749-003/2024(H5N1)	424	2
PA|PP755594.1|A/cattle/Texas/24-008749-003/2024(H5N1)	425	2
PA|PP755594.1|A/cattle/Texas/24-008749-003/2024(H5N1)	426	2
PA|PP755594.1|A/cattle/Texas/24-008749-003/2024(H5N1)	427	2
PA|PP755594.1|A/cattle/Texas/24-008749-003/2024(H5N1)	428	2
PA|PP755594.1|A/cattle/Texas/24-008749-003/2024(H5N1)	429	2
PA|PP755594.1|A/cattle/Texas/24-008749-003/2024(H5N1)	430	2
PA|PP755594.1|A/cattle/Texas/24-008749-003/2024(H5N1)	431	2
PA|PP755594.1|A/cattle/Texas/24-008749-003/2024(H5N1)	432	2
PA|PP755594.1|A/cattle/Texas/24-008749-003/2024(H5N1)	433	2
PA|PP755594.1|A/cattle/Texas/24-008749-003/2024(H5N1)	434	2
PA|PP755594.1|A/cattle/Texas/24-008749-003/2024(H5N1)	435	2
PA|PP755594.1|A/cattle/Texas/24-008749-003/2024(H5N1)	436	2
PA|PP755594.1|A/cattle/Texas/24-008749-003/2024(H5N1)	437	2
PA|PP755594.1|A/cattle/Texas/24-008749-003/2024(H5N1)	438	2
PA|PP755594.1|A/cattle/Texas/24-008749-003/2024(H5N1)	439	2
PA|PP755594.1|A/cattle/Texas/24-008749-003/2024(H5N1)	440	2
PA|PP755594.1|A/cattle/Texas/24-008749-003/2024(H5N1)	441	2
PA|PP755594.1|A/cattle/Texas/24-008749-003/2024(H5N1)	442	2
PA|PP755594.1|A/cattle/Texas/24-008749-003/2024(H5N1)	443	2
PA|PP755594.1|A/cattle/Texas/24-008749-003/2024(H5N1)	444	2
PA|PP755594.1|A/cattle/Texas/24-008749-003/2024(H5N1)	445	5
PA|PP755594.1|A/cattle/Texas/24-008749-003/2024(H5N1)	446	5
PA|PP755594.1|A/cattle/Texas/24-008749-003/2024(H5N1)	447	5
PA|PP755594.1|A/cattle/Texas/24-008749-003/2024(H5N1)	448	5
PA|PP755594.1|A/cattle/Texas/24-008749-003/2024(H5N1)	449	5
PA|PP755594.1|A/cattle/Texas/24-008749-003/2024(H5N1)	450	5
PA|PP755594.1|A/cattle/Texas/24-008749-003/2024(H5N1)	451	5
PA|PP755594.1|A/cattle/Texas/24-008749-003/2024(H5N1)	452	5
PA|PP755594.1|A/cattle/Texas/24-008749-003/2024(H5N1)	453	5
PA|PP755594.1|A/cattle/Texas/24-008749-003/2024(H5N1)	454	6
PA|PP755594.1|A/cattle/Texas/24-008749-003/2024(H5N1)	455	6
PA|PP755594.1|A/cattle/Texas/24-008749-003/2024(H5N1)	456	6
PA|PP755594.1|A/cattle/Texas/24-008749-003/2024(H5N1)	457	6
PA|PP755594.1|A/cattle/Texas/24-008749-003/2024(H5N1)	458	6
PA|PP755594.1|A/cattle/Texas/24-008749-003/2024(H5N1)	459	6
PA|PP755594.1|A/cattle/Texas/24-008749-003/2024(H5N1)	460	7
PA|PP755594.1|A/cattle/Texas/24-008749-003/2024(H5N1)	461	7
PA|PP755594.1|A/cattle/Texas/24-008749-003/2024(H5N1)	462	7
PA|PP755594.1|A/cattle/Texas/24-008749-003/2024(H5N1)	463	7
PA|PP755594.1|A/cattle/Texas/24-008749-003/2024(H5N1)	464	7
PA|PP755594.1|A/cattle/Texas/24-008749-003/2024(H5N1)	465	8
PA|PP755594.1|A/cattle/Texas/24-008749-003/2024(H5N1)	466	8
PA|PP755594.1|A/cattle/Texas/24-008749-003/2024(H5N1)	467	8
PA|PP755594.1|A/cattle/Texas/24-008749-003/2024(H5N1)	468	8
PA|PP755594.1|A/cattle/Texas/24-008749-003/2024(H5N1)	469	8
PA|PP755594.1|A/cattle/Texas/24-008749-003/2024(H5N1)	470	8
PA|PP755594.1|A/cattle/Texas/24-008749-003/2024(H5N1)	471	8
PA|PP755594.1|A/cattle/Texas/24-008749-003/2024(H5N1)	472	8
PA|PP755594.1|A/cattle/Texas/24-008749-003/2024(H5N1)	473	8
PA|PP755594.1|A/cattle/Texas/24-008749-003/2024(H5N1)	474	8
PA|PP755594.1|A/cattle/Texas/24-008749-003/2024(H5N1)	475	8
PA|PP755594.1|A/cattle/Texas/24-008749-003/2024(H5N1)	476	8
PA|PP755594.1|A/cattle/Texas/24-008749-003/2024(H5N1)	477	8
PA|PP755594.1|A/cattle/Texas/24-008749-003/2024(H5N1)	478	8
PA|PP755594.1|A/cattle/Texas/24-008749-003/2024(H5N1)	479	8
PA|PP755594.1|A/cattle/Texas/24-008749-003/2024(H5N1)	480	8
PA|PP755594.1|A/cattle/Texas/24-008749-003/2024(H5N1)	481	10
PA|PP755594.1|A/cattle/Texas/24-008749-003/2024(H5N1)	482	10
PA|PP755594.1|A/cattle/Texas/24-008749-003/2024(H5N1)	483	10
PA|PP755594.1|A/cattle/Texas/24-008749-003/2024(H5N1)	484	10
PA|PP755594.1|A/cattle/Texas/24-008749-003/2024(H5N1)	485	10
PA|PP755594.1|A/cattle/Texas/24-008749-003/2024(H5N1)	486	10
PA|PP755594.1|A/cattle/Texas/24-008749-003/2024(H5N1)	487	10
PA|PP755594.1|A/cattle/Texas/24-008749-003/2024(H5N1)	488	10
PA|PP755594.1|A/cattle/Texas/24-008749-003/2024(H5N1)	489	10
PA|PP755594.1|A/cattle/Texas/24-008749-003/2024(H5N1)	490	10
PA|PP755594.1|A/cattle/Texas/24-008749-003/2024(H5N1)	491	10
PA|PP755594.1|A/cattle/Texas/24-008749-003/2024(H5N1)	492	10
PA|PP755594.1|A/cattle/Texas/24-008749-003/2024(H5N1)	493	10
PA|PP755594.1|A/cattle/Texas/24-008749-003/2024(H5N1)	494	10
PA|PP755594.1|A/cattle/Texas/24-008749-003/2024(H5N1)	495	10
PA|PP755594.1|A/cattle/Texas/24-008749-003/2024(H5N1)	496	10
PA|PP755594.1|A/cattle/Texas/24-008749-003/2024(H5N1)	497	10
PA|PP755594.1|A/cattle/Texas/24-008749-003/2024(H5N1)	498	10
PA|PP755594.1|A/cattle/Texas/24-008749-003/2024(H5N1)	499	10
PA|PP755594.1|A/cattle/Texas/24-008749-003/2024(H5N1)	500	10
PA|PP755594.1|A/cattle/Texas/24-008749-003/2024(H5N1)	501	10
PA|PP755594.1|A/cattle/Texas/24-008749-003/2024(H5N1)	502	10
PA|PP755594.1|A/cattle/Texas/24-008749-003/2024(H5N1)	503	10
PA|PP755594.1|A/cattle/Texas/24-008749-003/2024(H5N1)	504	10
PA|PP755594.1|A/cattle/Texas/24-008749-003/2024(H5N1)	505	10
PA|PP755594.1|A/cattle/Texas/24-008749-003/2024(H5N1)	506	10
PA|PP755594.1|A/cattle/Texas/24-008749-003/2024(H5N1)	507	10
PA|PP755594.1|A/cattle/Texas/24-008749-003/2024(H5N1)	508	10
PA|PP755594.1|A/cattle/Texas/24-008749-003/2024(H5N1)	509	10
PA|PP755594.1|A/cattle/Texas/24-008749-003/2024(H5N1)	510	10
PA|PP755594.1|A/cattle/Texas/24-008749-003/2024(H5N1)	511	10
PA|PP755594.1|A/cattle/Texas/24-008749-003/2024(H5N1)	512	10
PA|PP755594.1|A/cattle/Texas/24-008749-003/2024(H5N1)	513	10
PA|PP755594.1|A/cattle/Texas/24-008749-003/2024(H5N1)	514	10
PA|PP755594.1|A/cattle/Texas/24-008749-003/2024(H5N1)	515	10
PA|PP755594.1|A/cattle/Texas/24-008749-003/2024(H5N1)	516	10
PA|PP755594.1|A/cattle/Texas/24-008749-003/2024(H5N1)	517	10
PA|PP755594.1|A/cattle/Texas/24-008749-003/2024(H5N1)	518	10
PA|PP755594.1|A/cattle/Texas/24-008749-003/2024(H5N1)	519	10
PA|PP755594.1|A/cattle/Texas/24-008749-003/2024(H5N1)	520	10
PA|PP755594.1|A/cattle/Texas/24-008749-003/2024(H5N1)	521	10
PA|PP755594.1|A/cattle/Texas/24-008749-003/2024(H5N1)	522	10
PA|PP755594.1|A/cattle/Texas/24-008749-003/2024(H5N1)	523	10
PA|PP755594.1|A/cattle/Texas/24-008749-003/2024(H5N1)	524	10
PA|PP755594.1|A/cattle/Texas/24-008749-003/2024(H5N1)	525	10
PA|PP755594.1|A/cattle/Texas/24-008749-003/2024(H5N1)	526	10
PA|PP755594.1|A/cattle/Texas/24-008749-003/2024(H5N1)	527	10
PA|PP755594.1|A/cattle/Texas/24-008749-003/2024(H5N1)	528	10
PA|PP755594.1|A/cattle/Texas/24-008749-003/2024(H5N1)	529	10
PA|PP755594.1|A/cattle/Texas/24-008749-003/2024(H5N1)	530	11
PA|PP755594.1|A/cattle/Texas/24-008749-003/2024(H5N1)	531	11
PA|PP755594.1|A/cattle/Texas/24-008749-003/2024(H5N1)	532	11
PA|PP755594.1|A/cattle/Texas/24-008749-003/2024(H5N1)	533	9
PA|PP755594.1|A/cattle/Texas/24-008749-003/2024(H5N1)	534	9
PA|PP755594.1|A/cattle/Texas/24-008749-003/2024(H5N1)	535	9
PA|PP755594.1|A/cattle/Texas/24-008749-003/2024(H5N1)	536	9
PA|PP755594.1|A/cattle/Texas/24-008749-003/2024(H5N1)	537	9
PA|PP755594.1|A/cattle/Texas/24-008749-003/2024(H5N1)	538	9
PA|PP755594.1|A/cattle/Texas/24-008749-003/2024(H5N1)	539	9
PA|PP755594.1|A/cattle/Texas/24-008749-003/2024(H5N1)	540	9
PA|PP755594.1|A/cattle/Texas/24-008749-003/2024(H5N1)	541	9
PA|PP755594.1|A/cattle/Texas/24-008749-003/2024(H5N1)	542	9
PA|PP755594.1|A/cattle/Texas/24-008749-003/2024(H5N1)	543	9
PA|PP755594.1|A/cattle/Texas/24-008749-003/2024(H5N1)	544	10
PA|PP755594.1|A/cattle/Texas/24-008749-003/2024(H5N1)	545	10
PA|PP755594.1|A/cattle/Texas/24-008749-003/2024(H5N1)	546	11
PA|PP755594.1|A/cattle/Texas/24-008749-003/2024(H5N1)	547	11
PA|PP755594.1|A/cattle/Texas/24-008749-003/2024(H5N1)	548	11
PA|PP755594.1|A/cattle/Texas/24-008749-003/2024(H5N1)	549	11
PA|PP755594.1|A/cattle/Texas/24-008749-003/2024(H5N1)	550	11
PA|PP755594.1|A/cattle/Texas/24-008749-003/2024(H5N1)	551	11
PA|PP755594.1|A/cattle/Texas/24-008749-003/2024(H5N1)	552	11
PA|PP755594.1|A/cattle/Texas/24-008749-003/2024(H5N1)	553	11
PA|PP755594.1|A/cattle/Texas/24-008749-003/2024(H5N1)	554	11
PA|PP755594.1|A/cattle/Texas/24-008749-003/2024(H5N1)	555	8
PA|PP755594.1|A/cattle/Texas/24-008749-003/2024(H5N1)	556	8
PA|PP755594.1|A/cattle/Texas/24-008749-003/2024(H5N1)	557	8
PA|PP755594.1|A/cattle/Texas/24-008749-003/2024(H5N1)	558	8
PA|PP755594.1|A/cattle/Texas/24-008749-003/2024(H5N1)	559	8
PA|PP755594.1|A/cattle/Texas/24-008749-003/2024(H5N1)	560	8
PA|PP755594.1|A/cattle/Texas/24-008749-003/2024(H5N1)	561	8
PA|PP755594.1|A/cattle/Texas/24-008749-003/2024(H5N1)	562	15
PA|PP755594.1|A/cattle/Texas/24-008749-003/2024(H5N1)	563	15
PA|PP755594.1|A/cattle/Texas/24-008749-003/2024(H5N1)	564	15
PA|PP755594.1|A/cattle/Texas/24-008749-003/2024(H5N1)	565	15
PA|PP755594.1|A/cattle/Texas/24-008749-003/2024(H5N1)	566	15
PA|PP755594.1|A/cattle/Texas/24-008749-003/2024(H5N1)	567	15
PA|PP755594.1|A/cattle/Texas/24-008749-003/2024(H5N1)	568	15
PA|PP755594.1|A/cattle/Texas/24-008749-003/2024(H5N1)	569	15
PA|PP755594.1|A/cattle/Texas/24-008749-003/2024(H5N1)	570	15
PA|PP755594.1|A/cattle/Texas/24-008749-003/2024(H5N1)	571	15
PA|PP755594.1|A/cattle/Texas/24-008749-003/2024(H5N1)	572	15
PA|PP755594.1|A/cattle/Texas/24-008749-003/2024(H5N1)	573	15
PA|PP755594.1|A/cattle/Texas/24-008749-003/2024(H5N1)	574	15
PA|PP755594.1|A/cattle/Texas/24-008749-003/2024(H5N1)	575	15
PA|PP755594.1|A/cattle/Texas/24-008749-003/2024(H5N1)	576	15
PA|PP755594.1|A/cattle/Texas/24-008749-003/2024(H5N1)	577	14
PA|PP755594.1|A/cattle/Texas/24-008749-003/2024(H5N1)	578	14
PA|PP755594.1|A/cattle/Texas/24-008749-003/2024(H5N1)	579	17
PA|PP755594.1|A/cattle/Texas/24-008749-003/2024(H5N1)	580	19
PA|PP755594.1|A/cattle/Texas/24-008749-003/2024(H5N1)	581	19
PA|PP755594.1|A/cattle/Texas/24-008749-003/2024(H5N1)	582	19
PA|PP755594.1|A/cattle/Texas/24-008749-003/2024(H5N1)	583	19
PA|PP755594.1|A/cattle/Texas/24-008749-003/2024(H5N1)	584	19
PA|PP755594.1|A/cattle/Texas/24-008749-003/2024(H5N1)	585	19
PA|PP755594.1|A/cattle/Texas/24-008749-003/2024(H5N1)	586	19
PA|PP755594.1|A/cattle/Texas/24-008749-003/2024(H5N1)	587	19
PA|PP755594.1|A/cattle/Texas/24-008749-003/2024(H5N1)	588	21
PA|PP755594.1|A/cattle/Texas/24-008749-003/2024(H5N1)	589	21
PA|PP755594.1|A/cattle/Texas/24-008749-003/2024(H5N1)	590	21
PA|PP755594.1|A/cattle/Texas/24-008749-003/2024(H5N1)	591	21
PA|PP755594.1|A/cattle/Texas/24-008749-003/2024(H5N1)	592	21
PA|PP755594.1|A/cattle/Texas/24-008749-003/2024(H5N1)	593	21
PA|PP755594.1|A/cattle/Texas/24-008749-003/2024(H5N1)	594	21
PA|PP755594.1|A/cattle/Texas/24-008749-003/2024(H5N1)	595	21
PA|PP755594.1|A/cattle/Texas/24-008749-003/2024(H5N1)	596	21
PA|PP755594.1|A/cattle/Texas/24-008749-003/2024(H5N1)	597	21
PA|PP755594.1|A/cattle/Texas/24-008749-003/2024(H5N1)	598	21
PA|PP755594.1|A/cattle/Texas/24-008749-003/2024(H5N1)	599	21
PA|PP755594.1|A/cattle/Texas/24-008749-003/2024(H5N1)	600	21
PA|PP755594.1|A/cattle/Texas/24-008749-003/2024(H5N1)	601	21
PA|PP755594.1|A/cattle/Texas/24-008749-003/2024(H5N1)	602	21
PA|PP755594.1|A/cattle/Texas/24-008749-003/2024(H5N1)	603	21
PA|PP755594.1|A/cattle/Texas/24-008749-003/2024(H5N1)	604	21
PA|PP755594.1|A/cattle/Texas/24-008749-003/2024(H5N1)	605	20
PA|PP755594.1|A/cattle/Texas/24-008749-003/2024(H5N1)	606	20
PA|PP755594.1|A/cattle/Texas/24-008749-003/2024(H5N1)	607	20
PA|PP755594.1|A/cattle/Texas/24-008749-003/2024(H5N1)	608	20
PA|PP755594.1|A/cattle/Texas/24-008749-003/2024(H5N1)	609	20
PA|PP755594.1|A/cattle/Texas/24-008749-003/2024(H5N1)	610	20
PA|PP755594.1|A/cattle/Texas/24-008749-003/2024(H5N1)	611	20
PA|PP755594.1|A/cattle/Texas/24-008749-003/2024(H5N1)	612	21
PA|PP755594.1|A/cattle/Texas/24-008749-003/2024(H5N1)	613	22
PA|PP755594.1|A/cattle/Texas/24-008749-003/2024(H5N1)	614	22
PA|PP755594.1|A/cattle/Texas/24-008749-003/2024(H5N1)	615	22
PA|PP755594.1|A/cattle/Texas/24-008749-003/2024(H5N1)	616	21
PA|PP755594.1|A/cattle/Texas/24-008749-003/2024(H5N1)	617	21
PA|PP755594.1|A/cattle/Texas/24-008749-003/2024(H5N1)	618	21
PA|PP755594.1|A/cattle/Texas/24-008749-003/2024(H5N1)	619	19
PA|PP755594.1|A/cattle/Texas/24-008749-003/2024(H5N1)	620	19
PA|PP755594.1|A/cattle/Texas/24-008749-003/2024(H5N1)	621	19
PA|PP755594.1|A/cattle/Texas/24-008749-003/2024(H5N1)	622	19
PA|PP755594.1|A/cattle/Texas/24-008749-003/2024(H5N1)	623	19
PA|PP755594.1|A/cattle/Texas/24-008749-003/2024(H5N1)	624	19
PA|PP755594.1|A/cattle/Texas/24-008749-003/2024(H5N1)	625	19
PA|PP755594.1|A/cattle/Texas/24-008749-003/2024(H5N1)	626	19
PA|PP755594.1|A/cattle/Texas/24-008749-003/2024(H5N1)	627	19
PA|PP755594.1|A/cattle/Texas/24-008749-003/2024(H5N1)	628	21
PA|PP755594.1|A/cattle/Texas/24-008749-003/2024(H5N1)	629	21
PA|PP755594.1|A/cattle/Texas/24-008749-003/2024(H5N1)	630	21
PA|PP755594.1|A/cattle/Texas/24-008749-003/2024(H5N1)	631	21
PA|PP755594.1|A/cattle/Texas/24-008749-003/2024(H5N1)	632	21
PA|PP755594.1|A/cattle/Texas/24-008749-003/2024(H5N1)	633	21
PA|PP755594.1|A/cattle/Texas/24-008749-003/2024(H5N1)	634	21
PA|PP755594.1|A/cattle/Texas/24-008749-003/2024(H5N1)	635	21
PA|PP755594.1|A/cattle/Texas/24-008749-003/2024(H5N1)	636	21
PA|PP755594.1|A/cattle/Texas/24-008749-003/2024(H5N1)	637	21
PA|PP755594.1|A/cattle/Texas/24-008749-003/2024(H5N1)	638	21
PA|PP755594.1|A/cattle/Texas/24-008749-003/2024(H5N1)	639	21
PA|PP755594.1|A/cattle/Texas/24-008749-003/2024(H5N1)	640	21
PA|PP755594.1|A/cattle/Texas/24-008749-003/2024(H5N1)	641	20
PA|PP755594.1|A/cattle/Texas/24-008749-003/2024(H5N1)	642	20
PA|PP755594.1|A/cattle/Texas/24-008749-003/2024(H5N1)	643	20
PA|PP755594.1|A/cattle/Texas/24-008749-003/2024(H5N1)	644	20
PA|PP755594.1|A/cattle/Texas/24-008749-003/2024(H5N1)	645	20
PA|PP755594.1|A/cattle/Texas/24-008749-003/2024(H5N1)	646	21
PA|PP755594.1|A/cattle/Texas/24-008749-003/2024(H5N1)	647	21
PA|PP755594.1|A/cattle/Texas/24-008749-003/2024(H5N1)	648	21
PA|PP755594.1|A/cattle/Texas/24-008749-003/2024(H5N1)	649	21
PA|PP755594.1|A/cattle/Texas/24-008749-003/2024(H5N1)	650	21
PA|PP755594.1|A/cattle/Texas/24-008749-003/2024(H5N1)	651	21
PA|PP755594.1|A/cattle/Texas/24-008749-003/2024(H5N1)	652	21
PA|PP755594.1|A/cattle/Texas/24-008749-003/2024(H5N1)	653	21
PA|PP755594.1|A/cattle/Texas/24-008749-003/2024(H5N1)	654	21
PA|PP755594.1|A/cattle/Texas/24-008749-003/2024(H5N1)	655	21
PA|PP755594.1|A/cattle/Texas/24-008749-003/2024(H5N1)	656	21
PA|PP755594.1|A/cattle/Texas/24-008749-003/2024(H5N1)	657	21
PA|PP755594.1|A/cattle/Texas/24-008749-003/2024(H5N1)	658	25
PA|PP755594.1|A/cattle/Texas/24-008749-003/2024(H5N1)	659	25
PA|PP755594.1|A/cattle/Texas/24-008749-003/2024(H5N1)	660	25
PA|PP755594.1|A/cattle/Texas/24-008749-003/2024(H5N1)	661	25
PA|PP755594.1|A/cattle/Texas/24-008749-003/2024(H5N1)	662	25
PA|PP755594.1|A/cattle/Texas/24-008749-003/2024(H5N1)	663	25
PA|PP755594.1|A/cattle/Texas/24-008749-003/2024(H5N1)	664	25
PA|PP755594.1|A/cattle/Texas/24-008749-003/2024(H5N1)	665	25
PA|PP755594.1|A/cattle/Texas/24-008749-003/2024(H5N1)	666	25
PA|PP755594.1|A/cattle/Texas/24-008749-003/2024(H5N1)	667	25
PA|PP755594.1|A/cattle/Texas/24-008749-003/2024(H5N1)	668	28
PA|PP755594.1|A/cattle/Texas/24-008749-003/2024(H5N1)	669	28
PA|PP755594.1|A/cattle/Texas/24-008749-003/2024(H5N1)	670	28
PA|PP755594.1|A/cattle/Texas/24-008749-003/2024(H5N1)	671	28
PA|PP755594.1|A/cattle/Texas/24-008749-003/2024(H5N1)	672	28
PA|PP755594.1|A/cattle/Texas/24-008749-003/2024(H5N1)	673	28
PA|PP755594.1|A/cattle/Texas/24-008749-003/2024(H5N1)	674	28
PA|PP755594.1|A/cattle/Texas/24-008749-003/2024(H5N1)	675	28
PA|PP755594.1|A/cattle/Texas/24-008749-003/2024(H5N1)	676	28
PA|PP755594.1|A/cattle/Texas/24-008749-003/2024(H5N1)	677	28
PA|PP755594.1|A/cattle/Texas/24-008749-003/2024(H5N1)	678	28
PA|PP755594.1|A/cattle/Texas/24-008749-003/2024(H5N1)	679	28
PA|PP755594.1|A/cattle/Texas/24-008749-003/2024(H5N1)	680	28
PA|PP755594.1|A/cattle/Texas/24-008749-003/2024(H5N1)	681	27
PA|PP755594.1|A/cattle/Texas/24-008749-003/2024(H5N1)	682	27
PA|PP755594.1|A/cattle/Texas/24-008749-003/2024(H5N1)	683	27
PA|PP755594.1|A/cattle/Texas/24-008749-003/2024(H5N1)	684	27
PA|PP755594.1|A/cattle/Texas/24-008749-003/2024(H5N1)	685	27
PA|PP755594.1|A/cattle/Texas/24-008749-003/2024(H5N1)	686	27
PA|PP755594.1|A/cattle/Texas/24-008749-003/2024(H5N1)	687	27
PA|PP755594.1|A/cattle/Texas/24-008749-003/2024(H5N1)	688	27
PA|PP755594.1|A/cattle/Texas/24-008749-003/2024(H5N1)	689	27
PA|PP755594.1|A/cattle/Texas/24-008749-003/2024(H5N1)	690	27
PA|PP755594.1|A/cattle/Texas/24-008749-003/2024(H5N1)	691	27
PA|PP755594.1|A/cattle/Texas/24-008749-003/2024(H5N1)	692	27
PA|PP755594.1|A/cattle/Texas/24-008749-003/2024(H5N1)	693	26
PA|PP755594.1|A/cattle/Texas/24-008749-003/2024(H5N1)	694	26
PA|PP755594.1|A/cattle/Texas/24-008749-003/2024(H5N1)	695	26
PA|PP755594.1|A/cattle/Texas/24-008749-003/2024(H5N1)	696	26
PA|PP755594.1|A/cattle/Texas/24-008749-003/2024(H5N1)	697	25
PA|PP755594.1|A/cattle/Texas/24-008749-003/2024(H5N1)	698	25
PA|PP755594.1|A/cattle/Texas/24-008749-003/2024(H5N1)	699	25
PA|PP755594.1|A/cattle/Texas/24-008749-003/2024(H5N1)	700	25
PA|PP755594.1|A/cattle/Texas/24-008749-003/2024(H5N1)	701	25
PA|PP755594.1|A/cattle/Texas/24-008749-003/2024(H5N1)	702	25
PA|PP755594.1|A/cattle/Texas/24-008749-003/2024(H5N1)	703	21
PA|PP755594.1|A/cattle/Texas/24-008749-003/2024(H5N1)	704	22
PA|PP755594.1|A/cattle/Texas/24-008749-003/2024(H5N1)	705	22
PA|PP755594.1|A/cattle/Texas/24-008749-003/2024(H5N1)	706	22
PA|PP755594.1|A/cattle/Texas/24-008749-003/2024(H5N1)	707	22
PA|PP755594.1|A/cattle/Texas/24-008749-003/2024(H5N1)	708	22
PA|PP755594.1|A/cattle/Texas/24-008749-003/2024(H5N1)	709	22
PA|PP755594.1|A/cattle/Texas/24-008749-003/2024(H5N1)	710	22
PA|PP755594.1|A/cattle/Texas/24-008749-003/2024(H5N1)	711	22
PA|PP755594.1|A/cattle/Texas/24-008749-003/2024(H5N1)	712	22
PA|PP755594.1|A/cattle/Texas/24-008749-003/2024(H5N1)	713	19
PA|PP755594.1|A/cattle/Texas/24-008749-003/2024(H5N1)	714	19
PA|PP755594.1|A/cattle/Texas/24-008749-003/2024(H5N1)	715	19
PA|PP755594.1|A/cattle/Texas/24-008749-003/2024(H5N1)	716	19
PA|PP755594.1|A/cattle/Texas/24-008749-003/2024(H5N1)	717	19
PA|PP755594.1|A/cattle/Texas/24-008749-003/2024(H5N1)	718	19
PA|PP755594.1|A/cattle/Texas/24-008749-003/2024(H5N1)	719	25
PA|PP755594.1|A/cattle/Texas/24-008749-003/2024(H5N1)	720	26
PA|PP755594.1|A/cattle/Texas/24-008749-003/2024(H5N1)	721	26
PA|PP755594.1|A/cattle/Texas/24-008749-003/2024(H5N1)	722	26
PA|PP755594.1|A/cattle/Texas/24-008749-003/2024(H5N1)	723	24
PA|PP755594.1|A/cattle/Texas/24-008749-003/2024(H5N1)	724	24
PA|PP755594.1|A/cattle/Texas/24-008749-003/2024(H5N1)	725	24
PA|PP755594.1|A/cattle/Texas/24-008749-003/2024(H5N1)	726	24
PA|PP755594.1|A/cattle/Texas/24-008749-003/2024(H5N1)	727	24
PA|PP755594.1|A/cattle/Texas/24-008749-003/2024(H5N1)	728	24
PA|PP755594.1|A/cattle/Texas/24-008749-003/2024(H5N1)	729	24
PA|PP755594.1|A/cattle/Texas/24-008749-003/2024(H5N1)	730	21
PA|PP755594.1|A/cattle/Texas/24-008749-003/2024(H5N1)	731	22
PA|PP755594.1|A/cattle/Texas/24-008749-003/2024(H5N1)	732	22
PA|PP755594.1|A/cattle/Texas/24-008749-003/2024(H5N1)	733	22
PA|PP755594.1|A/cattle/Texas/24-008749-003/2024(H5N1)	734	22
PA|PP755594.1|A/cattle/Texas/24-008749-003/2024(H5N1)	735	22
PA|PP755594.1|A/cattle/Texas/24-008749-003/2024(H5N1)	736	22
PA|PP755594.1|A/cattle/Texas/24-008749-003/2024(H5N1)	737	22
PA|PP755594.1|A/cattle/Texas/24-008749-003/2024(H5N1)	738	20
PA|PP755594.1|A/cattle/Texas/24-008749-003/2024(H5N1)	739	20
PA|PP755594.1|A/cattle/Texas/24-008749-003/2024(H5N1)	740	20
PA|PP755594.1|A/cattle/Texas/24-008749-003/2024(H5N1)	741	20
PA|PP755594.1|A/cattle/Texas/24-008749-003/2024(H5N1)	742	20
PA|PP755594.1|A/cattle/Texas/24-008749-003/2024(H5N1)	743	20
PA|PP755594.1|A/cattle/Texas/24-008749-003/2024(H5N1)	744	20
PA|PP755594.1|A/cattle/Texas/24-008749-003/2024(H5N1)	745	20
PA|PP755594.1|A/cattle/Texas/24-008749-003/2024(H5N1)	746	20
PA|PP755594.1|A/cattle/Texas/24-008749-003/2024(H5N1)	747	20
PA|PP755594.1|A/cattle/Texas/24-008749-003/2024(H5N1)	748	20
PA|PP755594.1|A/cattle/Texas/24-008749-003/2024(H5N1)	749	20
PA|PP755594.1|A/cattle/Texas/24-008749-003/2024(H5N1)	750	20
PA|PP755594.1|A/cattle/Texas/24-008749-003/2024(H5N1)	751	20
PA|PP755594.1|A/cattle/Texas/24-008749-003/2024(H5N1)	752	20
PA|PP755594.1|A/cattle/Texas/24-008749-003/2024(H5N1)	753	20
PA|PP755594.1|A/cattle/Texas/24-008749-003/2024(H5N1)	754	20
PA|PP755594.1|A/cattle/Texas/24-008749-003/2024(H5N1)	755	20
PA|PP755594.1|A/cattle/Texas/24-008749-003/2024(H5N1)	756	17
PA|PP755594.1|A/cattle/Texas/24-008749-003/2024(H5N1)	757	17
PA|PP755594.1|A/cattle/Texas/24-008749-003/2024(H5N1)	758	17
PA|PP755594.1|A/cattle/Texas/24-008749-003/2024(H5N1)	759	17
PA|PP755594.1|A/cattle/Texas/24-008749-003/2024(H5N1)	760	17
PA|PP755594.1|A/cattle/Texas/24-008749-003/2024(H5N1)	761	17
PA|PP755594.1|A/cattle/Texas/24-008749-003/2024(H5N1)	762	17
PA|PP755594.1|A/cattle/Texas/24-008749-003/2024(H5N1)	763	17
PA|PP755594.1|A/cattle/Texas/24-008749-003/2024(H5N1)	764	17
PA|PP755594.1|A/cattle/Texas/24-008749-003/2024(H5N1)	765	17
PA|PP755594.1|A/cattle/Texas/24-008749-003/2024(H5N1)	766	17
PA|PP755594.1|A/cattle/Texas/24-008749-003/2024(H5N1)	767	17
PA|PP755594.1|A/cattle/Texas/24-008749-003/2024(H5N1)	768	17
PA|PP755594.1|A/cattle/Texas/24-008749-003/2024(H5N1)	769	17
PA|PP755594.1|A/cattle/Texas/24-008749-003/2024(H5N1)	770	17
PA|PP755594.1|A/cattle/Texas/24-008749-003/2024(H5N1)	771	17
PA|PP755594.1|A/cattle/Texas/24-008749-003/2024(H5N1)	772	17
PA|PP755594.1|A/cattle/Texas/24-008749-003/2024(H5N1)	773	17
PA|PP755594.1|A/cattle/Texas/24-008749-003/2024(H5N1)	774	17
PA|PP755594.1|A/cattle/Texas/24-008749-003/2024(H5N1)	775	24
PA|PP755594.1|A/cattle/Texas/24-008749-003/2024(H5N1)	776	24
PA|PP755594.1|A/cattle/Texas/24-008749-003/2024(H5N1)	777	24
PA|PP755594.1|A/cattle/Texas/24-008749-003/2024(H5N1)	778	24
PA|PP755594.1|A/cattle/Texas/24-008749-003/2024(H5N1)	779	24
PA|PP755594.1|A/cattle/Texas/24-008749-003/2024(H5N1)	780	25
PA|PP755594.1|A/cattle/Texas/24-008749-003/2024(H5N1)	781	25
PA|PP755594.1|A/cattle/Texas/24-008749-003/2024(H5N1)	782	25
PA|PP755594.1|A/cattle/Texas/24-008749-003/2024(H5N1)	783	25
PA|PP755594.1|A/cattle/Texas/24-008749-003/2024(H5N1)	784	25
PA|PP755594.1|A/cattle/Texas/24-008749-003/2024(H5N1)	785	25
PA|PP755594.1|A/cattle/Texas/24-008749-003/2024(H5N1)	786	25
PA|PP755594.1|A/cattle/Texas/24-008749-003/2024(H5N1)	787	25
PA|PP755594.1|A/cattle/Texas/24-008749-003/2024(H5N1)	788	25
PA|PP755594.1|A/cattle/Texas/24-008749-003/2024(H5N1)	789	25
PA|PP755594.1|A/cattle/Texas/24-008749-003/2024(H5N1)	790	25
PA|PP755594.1|A/cattle/Texas/24-008749-003/2024(H5N1)	791	25
PA|PP755594.1|A/cattle/Texas/24-008749-003/2024(H5N1)	792	25
PA|PP755594.1|A/cattle/Texas/24-008749-003/2024(H5N1)	793	25
PA|PP755594.1|A/cattle/Texas/24-008749-003/2024(H5N1)	794	25
PA|PP755594.1|A/cattle/Texas/24-008749-003/2024(H5N1)	795	25
PA|PP755594.1|A/cattle/Texas/24-008749-003/2024(H5N1)	796	24
PA|PP755594.1|A/cattle/Texas/24-008749-003/2024(H5N1)	797	24
PA|PP755594.1|A/cattle/Texas/24-008749-003/2024(H5N1)	798	24
PA|PP755594.1|A/cattle/Texas/24-008749-003/2024(H5N1)	799	24
PA|PP755594.1|A/cattle/Texas/24-008749-003/2024(H5N1)	800	24
PA|PP755594.1|A/cattle/Texas/24-008749-003/2024(H5N1)	801	24
PA|PP755594.1|A/cattle/Texas/24-008749-003/2024(H5N1)	802	24
PA|PP755594.1|A/cattle/Texas/24-008749-003/2024(H5N1)	803	24
PA|PP755594.1|A/cattle/Texas/24-008749-003/2024(H5N1)	804	17
PA|PP755594.1|A/cattle/Texas/24-008749-003/2024(H5N1)	805	17
PA|PP755594.1|A/cattle/Texas/24-008749-003/2024(H5N1)	806	17
PA|PP755594.1|A/cattle/Texas/24-008749-003/2024(H5N1)	807	17
PA|PP755594.1|A/cattle/Texas/24-008749-003/2024(H5N1)	808	15
PA|PP755594.1|A/cattle/Texas/24-008749-003/2024(H5N1)	809	15
PA|PP755594.1|A/cattle/Texas/24-008749-003/2024(H5N1)	810	15
PA|PP755594.1|A/cattle/Texas/24-008749-003/2024(H5N1)	811	15
PA|PP755594.1|A/cattle/Texas/24-008749-003/2024(H5N1)	812	15
PA|PP755594.1|A/cattle/Texas/24-008749-003/2024(H5N1)	813	15
PA|PP755594.1|A/cattle/Texas/24-008749-003/2024(H5N1)	814	15
PA|PP755594.1|A/cattle/Texas/24-008749-003/2024(H5N1)	815	15
PA|PP755594.1|A/cattle/Texas/24-008749-003/2024(H5N1)	816	15
PA|PP755594.1|A/cattle/Texas/24-008749-003/2024(H5N1)	817	15
PA|PP755594.1|A/cattle/Texas/24-008749-003/2024(H5N1)	818	17
PA|PP755594.1|A/cattle/Texas/24-008749-003/2024(H5N1)	819	17
PA|PP755594.1|A/cattle/Texas/24-008749-003/2024(H5N1)	820	17
PA|PP755594.1|A/cattle/Texas/24-008749-003/2024(H5N1)	821	17
PA|PP755594.1|A/cattle/Texas/24-008749-003/2024(H5N1)	822	17
PA|PP755594.1|A/cattle/Texas/24-008749-003/2024(H5N1)	823	17
PA|PP755594.1|A/cattle/Texas/24-008749-003/2024(H5N1)	824	17
PA|PP755594.1|A/cattle/Texas/24-008749-003/2024(H5N1)	825	17
PA|PP755594.1|A/cattle/Texas/24-008749-003/2024(H5N1)	826	17
PA|PP755594.1|A/cattle/Texas/24-008749-003/2024(H5N1)	827	17
PA|PP755594.1|A/cattle/Texas/24-008749-003/2024(H5N1)	828	17
PA|PP755594.1|A/cattle/Texas/24-008749-003/2024(H5N1)	829	17
PA|PP755594.1|A/cattle/Texas/24-008749-003/2024(H5N1)	830	17
PA|PP755594.1|A/cattle/Texas/24-008749-003/2024(H5N1)	831	17
PA|PP755594.1|A/cattle/Texas/24-008749-003/2024(H5N1)	832	17
PA|PP755594.1|A/cattle/Texas/24-008749-003/2024(H5N1)	833	17
PA|PP755594.1|A/cattle/Texas/24-008749-003/2024(H5N1)	834	17
PA|PP755594.1|A/cattle/Texas/24-008749-003/2024(H5N1)	835	23
PA|PP755594.1|A/cattle/Texas/24-008749-003/2024(H5N1)	836	23
PA|PP755594.1|A/cattle/Texas/24-008749-003/2024(H5N1)	837	23
PA|PP755594.1|A/cattle/Texas/24-008749-003/2024(H5N1)	838	23
PA|PP755594.1|A/cattle/Texas/24-008749-003/2024(H5N1)	839	23
PA|PP755594.1|A/cattle/Texas/24-008749-003/2024(H5N1)	840	23
PA|PP755594.1|A/cattle/Texas/24-008749-003/2024(H5N1)	841	23
PA|PP755594.1|A/cattle/Texas/24-008749-003/2024(H5N1)	842	23
PA|PP755594.1|A/cattle/Texas/24-008749-003/2024(H5N1)	843	23
PA|PP755594.1|A/cattle/Texas/24-008749-003/2024(H5N1)	844	23
PA|PP755594.1|A/cattle/Texas/24-008749-003/2024(H5N1)	845	23
PA|PP755594.1|A/cattle/Texas/24-008749-003/2024(H5N1)	846	23
PA|PP755594.1|A/cattle/Texas/24-008749-003/2024(H5N1)	847	23
PA|PP755594.1|A/cattle/Texas/24-008749-003/2024(H5N1)	848	23
PA|PP755594.1|A/cattle/Texas/24-008749-003/2024(H5N1)	849	23
PA|PP755594.1|A/cattle/Texas/24-008749-003/2024(H5N1)	850	23
PA|PP755594.1|A/cattle/Texas/24-008749-003/2024(H5N1)	851	23
PA|PP755594.1|A/cattle/Texas/24-008749-003/2024(H5N1)	852	24
PA|PP755594.1|A/cattle/Texas/24-008749-003/2024(H5N1)	853	24
PA|PP755594.1|A/cattle/Texas/24-008749-003/2024(H5N1)	854	24
PA|PP755594.1|A/cattle/Texas/24-008749-003/2024(H5N1)	855	23
PA|PP755594.1|A/cattle/Texas/24-008749-003/2024(H5N1)	856	23
PA|PP755594.1|A/cattle/Texas/24-008749-003/2024(H5N1)	857	23
PA|PP755594.1|A/cattle/Texas/24-008749-003/2024(H5N1)	858	23
PA|PP755594.1|A/cattle/Texas/24-008749-003/2024(H5N1)	859	23
PA|PP755594.1|A/cattle/Texas/24-008749-003/2024(H5N1)	860	23
PA|PP755594.1|A/cattle/Texas/24-008749-003/2024(H5N1)	861	19
PA|PP755594.1|A/cattle/Texas/24-008749-003/2024(H5N1)	862	19
PA|PP755594.1|A/cattle/Texas/24-008749-003/2024(H5N1)	863	19
PA|PP755594.1|A/cattle/Texas/24-008749-003/2024(H5N1)	864	19
PA|PP755594.1|A/cattle/Texas/24-008749-003/2024(H5N1)	865	19
PA|PP755594.1|A/cattle/Texas/24-008749-003/2024(H5N1)	866	19
PA|PP755594.1|A/cattle/Texas/24-008749-003/2024(H5N1)	867	19
PA|PP755594.1|A/cattle/Texas/24-008749-003/2024(H5N1)	868	17
PA|PP755594.1|A/cattle/Texas/24-008749-003/2024(H5N1)	869	17
PA|PP755594.1|A/cattle/Texas/24-008749-003/2024(H5N1)	870	17
PA|PP755594.1|A/cattle/Texas/24-008749-003/2024(H5N1)	871	18
PA|PP755594.1|A/cattle/Texas/24-008749-003/2024(H5N1)	872	18
PA|PP755594.1|A/cattle/Texas/24-008749-003/2024(H5N1)	873	18
PA|PP755594.1|A/cattle/Texas/24-008749-003/2024(H5N1)	874	18
PA|PP755594.1|A/cattle/Texas/24-008749-003/2024(H5N1)	875	18
PA|PP755594.1|A/cattle/Texas/24-008749-003/2024(H5N1)	876	18
PA|PP755594.1|A/cattle/Texas/24-008749-003/2024(H5N1)	877	18
PA|PP755594.1|A/cattle/Texas/24-008749-003/2024(H5N1)	878	22
PA|PP755594.1|A/cattle/Texas/24-008749-003/2024(H5N1)	879	22
PA|PP755594.1|A/cattle/Texas/24-008749-003/2024(H5N1)	880	22
PA|PP755594.1|A/cattle/Texas/24-008749-003/2024(H5N1)	881	22
PA|PP755594.1|A/cattle/Texas/24-008749-003/2024(H5N1)	882	22
PA|PP755594.1|A/cattle/Texas/24-008749-003/2024(H5N1)	883	22
PA|PP755594.1|A/cattle/Texas/24-008749-003/2024(H5N1)	884	22
PA|PP755594.1|A/cattle/Texas/24-008749-003/2024(H5N1)	885	22
PA|PP755594.1|A/cattle/Texas/24-008749-003/2024(H5N1)	886	22
PA|PP755594.1|A/cattle/Texas/24-008749-003/2024(H5N1)	887	22
PA|PP755594.1|A/cattle/Texas/24-008749-003/2024(H5N1)	888	22
PA|PP755594.1|A/cattle/Texas/24-008749-003/2024(H5N1)	889	22
PA|PP755594.1|A/cattle/Texas/24-008749-003/2024(H5N1)	890	22
PA|PP755594.1|A/cattle/Texas/24-008749-003/2024(H5N1)	891	22
PA|PP755594.1|A/cattle/Texas/24-008749-003/2024(H5N1)	892	22
PA|PP755594.1|A/cattle/Texas/24-008749-003/2024(H5N1)	893	22
PA|PP755594.1|A/cattle/Texas/24-008749-003/2024(H5N1)	894	20
PA|PP755594.1|A/cattle/Texas/24-008749-003/2024(H5N1)	895	20
PA|PP755594.1|A/cattle/Texas/24-008749-003/2024(H5N1)	896	20
PA|PP755594.1|A/cattle/Texas/24-008749-003/2024(H5N1)	897	20
PA|PP755594.1|A/cattle/Texas/24-008749-003/2024(H5N1)	898	20
PA|PP755594.1|A/cattle/Texas/24-008749-003/2024(H5N1)	899	20
PA|PP755594.1|A/cattle/Texas/24-008749-003/2024(H5N1)	900	22
PA|PP755594.1|A/cattle/Texas/24-008749-003/2024(H5N1)	901	22
PA|PP755594.1|A/cattle/Texas/24-008749-003/2024(H5N1)	902	23
PA|PP755594.1|A/cattle/Texas/24-008749-003/2024(H5N1)	903	23
PA|PP755594.1|A/cattle/Texas/24-008749-003/2024(H5N1)	904	23
PA|PP755594.1|A/cattle/Texas/24-008749-003/2024(H5N1)	905	23
PA|PP755594.1|A/cattle/Texas/24-008749-003/2024(H5N1)	906	23
PA|PP755594.1|A/cattle/Texas/24-008749-003/2024(H5N1)	907	25
PA|PP755594.1|A/cattle/Texas/24-008749-003/2024(H5N1)	908	25
PA|PP755594.1|A/cattle/Texas/24-008749-003/2024(H5N1)	909	25
PA|PP755594.1|A/cattle/Texas/24-008749-003/2024(H5N1)	910	25
PA|PP755594.1|A/cattle/Texas/24-008749-003/2024(H5N1)	911	23
PA|PP755594.1|A/cattle/Texas/24-008749-003/2024(H5N1)	912	26
PA|PP755594.1|A/cattle/Texas/24-008749-003/2024(H5N1)	913	26
PA|PP755594.1|A/cattle/Texas/24-008749-003/2024(H5N1)	914	26
PA|PP755594.1|A/cattle/Texas/24-008749-003/2024(H5N1)	915	25
PA|PP755594.1|A/cattle/Texas/24-008749-003/2024(H5N1)	916	24
PA|PP755594.1|A/cattle/Texas/24-008749-003/2024(H5N1)	917	25
PA|PP755594.1|A/cattle/Texas/24-008749-003/2024(H5N1)	918	25
PA|PP755594.1|A/cattle/Texas/24-008749-003/2024(H5N1)	919	25
PA|PP755594.1|A/cattle/Texas/24-008749-003/2024(H5N1)	920	25
PA|PP755594.1|A/cattle/Texas/24-008749-003/2024(H5N1)	921	24
PA|PP755594.1|A/cattle/Texas/24-008749-003/2024(H5N1)	922	25
PA|PP755594.1|A/cattle/Texas/24-008749-003/2024(H5N1)	923	25
PA|PP755594.1|A/cattle/Texas/24-008749-003/2024(H5N1)	924	25
PA|PP755594.1|A/cattle/Texas/24-008749-003/2024(H5N1)	925	25
PA|PP755594.1|A/cattle/Texas/24-008749-003/2024(H5N1)	926	25
PA|PP755594.1|A/cattle/Texas/24-008749-003/2024(H5N1)	927	25
PA|PP755594.1|A/cattle/Texas/24-008749-003/2024(H5N1)	928	25
PA|PP755594.1|A/cattle/Texas/24-008749-003/2024(H5N1)	929	25
PA|PP755594.1|A/cattle/Texas/24-008749-003/2024(H5N1)	930	24
PA|PP755594.1|A/cattle/Texas/24-008749-003/2024(H5N1)	931	24
PA|PP755594.1|A/cattle/Texas/24-008749-003/2024(H5N1)	932	24
PA|PP755594.1|A/cattle/Texas/24-008749-003/2024(H5N1)	933	24
PA|PP755594.1|A/cattle/Texas/24-008749-003/2024(H5N1)	934	24
PA|PP755594.1|A/cattle/Texas/24-008749-003/2024(H5N1)	935	24
PA|PP755594.1|A/cattle/Texas/24-008749-003/2024(H5N1)	936	24
PA|PP755594.1|A/cattle/Texas/24-008749-003/2024(H5N1)	937	24
PA|PP755594.1|A/cattle/Texas/24-008749-003/2024(H5N1)	938	24
PA|PP755594.1|A/cattle/Texas/24-008749-003/2024(H5N1)	939	24
PA|PP755594.1|A/cattle/Texas/24-008749-003/2024(H5N1)	940	24
PA|PP755594.1|A/cattle/Texas/24-008749-003/2024(H5N1)	941	24
PA|PP755594.1|A/cattle/Texas/24-008749-003/2024(H5N1)	942	24
PA|PP755594.1|A/cattle/Texas/24-008749-003/2024(H5N1)	943	25
PA|PP755594.1|A/cattle/Texas/24-008749-003/2024(H5N1)	944	25
PA|PP755594.1|A/cattle/Texas/24-008749-003/2024(H5N1)	945	25
PA|PP755594.1|A/cattle/Texas/24-008749-003/2024(H5N1)	946	25
PA|PP755594.1|A/cattle/Texas/24-008749-003/2024(H5N1)	947	25
PA|PP755594.1|A/cattle/Texas/24-008749-003/2024(H5N1)	948	22
PA|PP755594.1|A/cattle/Texas/24-008749-003/2024(H5N1)	949	22
PA|PP755594.1|A/cattle/Texas/24-008749-003/2024(H5N1)	950	22
PA|PP755594.1|A/cattle/Texas/24-008749-003/2024(H5N1)	951	22
PA|PP755594.1|A/cattle/Texas/24-008749-003/2024(H5N1)	952	22
PA|PP755594.1|A/cattle/Texas/24-008749-003/2024(H5N1)	953	22
PA|PP755594.1|A/cattle/Texas/24-008749-003/2024(H5N1)	954	22
PA|PP755594.1|A/cattle/Texas/24-008749-003/2024(H5N1)	955	22
PA|PP755594.1|A/cattle/Texas/24-008749-003/2024(H5N1)	956	23
PA|PP755594.1|A/cattle/Texas/24-008749-003/2024(H5N1)	957	23
PA|PP755594.1|A/cattle/Texas/24-008749-003/2024(H5N1)	958	23
PA|PP755594.1|A/cattle/Texas/24-008749-003/2024(H5N1)	959	22
PA|PP755594.1|A/cattle/Texas/24-008749-003/2024(H5N1)	960	21
PA|PP755594.1|A/cattle/Texas/24-008749-003/2024(H5N1)	961	21
PA|PP755594.1|A/cattle/Texas/24-008749-003/2024(H5N1)	962	21
PA|PP755594.1|A/cattle/Texas/24-008749-003/2024(H5N1)	963	21
PA|PP755594.1|A/cattle/Texas/24-008749-003/2024(H5N1)	964	21
PA|PP755594.1|A/cattle/Texas/24-008749-003/2024(H5N1)	965	21
PA|PP755594.1|A/cattle/Texas/24-008749-003/2024(H5N1)	966	21
PA|PP755594.1|A/cattle/Texas/24-008749-003/2024(H5N1)	967	21
PA|PP755594.1|A/cattle/Texas/24-008749-003/2024(H5N1)	968	21
PA|PP755594.1|A/cattle/Texas/24-008749-003/2024(H5N1)	969	19
PA|PP755594.1|A/cattle/Texas/24-008749-003/2024(H5N1)	970	19
PA|PP755594.1|A/cattle/Texas/24-008749-003/2024(H5N1)	971	19
PA|PP755594.1|A/cattle/Texas/24-008749-003/2024(H5N1)	972	19
PA|PP755594.1|A/cattle/Texas/24-008749-003/2024(H5N1)	973	19
PA|PP755594.1|A/cattle/Texas/24-008749-003/2024(H5N1)	974	19
PA|PP755594.1|A/cattle/Texas/24-008749-003/2024(H5N1)	975	18
PA|PP755594.1|A/cattle/Texas/24-008749-003/2024(H5N1)	976	19
PA|PP755594.1|A/cattle/Texas/24-008749-003/2024(H5N1)	977	19
PA|PP755594.1|A/cattle/Texas/24-008749-003/2024(H5N1)	978	19
PA|PP755594.1|A/cattle/Texas/24-008749-003/2024(H5N1)	979	19
PA|PP755594.1|A/cattle/Texas/24-008749-003/2024(H5N1)	980	19
PA|PP755594.1|A/cattle/Texas/24-008749-003/2024(H5N1)	981	19
PA|PP755594.1|A/cattle/Texas/24-008749-003/2024(H5N1)	982	19
PA|PP755594.1|A/cattle/Texas/24-008749-003/2024(H5N1)	983	19
PA|PP755594.1|A/cattle/Texas/24-008749-003/2024(H5N1)	984	19
PA|PP755594.1|A/cattle/Texas/24-008749-003/2024(H5N1)	985	19
PA|PP755594.1|A/cattle/Texas/24-008749-003/2024(H5N1)	986	19
PA|PP755594.1|A/cattle/Texas/24-008749-003/2024(H5N1)	987	21
PA|PP755594.1|A/cattle/Texas/24-008749-003/2024(H5N1)	988	22
PA|PP755594.1|A/cattle/Texas/24-008749-003/2024(H5N1)	989	22
PA|PP755594.1|A/cattle/Texas/24-008749-003/2024(H5N1)	990	22
PA|PP755594.1|A/cattle/Texas/24-008749-003/2024(H5N1)	991	22
PA|PP755594.1|A/cattle/Texas/24-008749-003/2024(H5N1)	992	22
PA|PP755594.1|A/cattle/Texas/24-008749-003/2024(H5N1)	993	22
PA|PP755594.1|A/cattle/Texas/24-008749-003/2024(H5N1)	994	22
PA|PP755594.1|A/cattle/Texas/24-008749-003/2024(H5N1)	995	22
PA|PP755594.1|A/cattle/Texas/24-008749-003/2024(H5N1)	996	22
PA|PP755594.1|A/cattle/Texas/24-008749-003/2024(H5N1)	997	22
PA|PP755594.1|A/cattle/Texas/24-008749-003/2024(H5N1)	998	22
PA|PP755594.1|A/cattle/Texas/24-008749-003/2024(H5N1)	999	22
PA|PP755594.1|A/cattle/Texas/24-008749-003/2024(H5N1)	1000	22
PA|PP755594.1|A/cattle/Texas/24-008749-003/2024(H5N1)	1001	22
PA|PP755594.1|A/cattle/Texas/24-008749-003/2024(H5N1)	1002	22
PA|PP755594.1|A/cattle/Texas/24-008749-003/2024(H5N1)	1003	21
PA|PP755594.1|A/cattle/Texas/24-008749-003/2024(H5N1)	1004	21
PA|PP755594.1|A/cattle/Texas/24-008749-003/2024(H5N1)	1005	21
PA|PP755594.1|A/cattle/Texas/24-008749-003/2024(H5N1)	1006	21
PA|PP755594.1|A/cattle/Texas/24-008749-003/2024(H5N1)	1007	22
PA|PP755594.1|A/cattle/Texas/24-008749-003/2024(H5N1)	1008	22
PA|PP755594.1|A/cattle/Texas/24-008749-003/2024(H5N1)	1009	22
PA|PP755594.1|A/cattle/Texas/24-008749-003/2024(H5N1)	1010	22
PA|PP755594.1|A/cattle/Texas/24-008749-003/2024(H5N1)	1011	22
PA|PP755594.1|A/cattle/Texas/24-008749-003/2024(H5N1)	1012	22
PA|PP755594.1|A/cattle/Texas/24-008749-003/2024(H5N1)	1013	22
PA|PP755594.1|A/cattle/Texas/24-008749-003/2024(H5N1)	1014	22
PA|PP755594.1|A/cattle/Texas/24-008749-003/2024(H5N1)	1015	22
PA|PP755594.1|A/cattle/Texas/24-008749-003/2024(H5N1)	1016	22
PA|PP755594.1|A/cattle/Texas/24-008749-003/2024(H5N1)	1017	22
PA|PP755594.1|A/cattle/Texas/24-008749-003/2024(H5N1)	1018	22
PA|PP755594.1|A/cattle/Texas/24-008749-003/2024(H5N1)	1019	22
PA|PP755594.1|A/cattle/Texas/24-008749-003/2024(H5N1)	1020	22
PA|PP755594.1|A/cattle/Texas/24-008749-003/2024(H5N1)	1021	22
PA|PP755594.1|A/cattle/Texas/24-008749-003/2024(H5N1)	1022	22
PA|PP755594.1|A/cattle/Texas/24-008749-003/2024(H5N1)	1023	22
PA|PP755594.1|A/cattle/Texas/24-008749-003/2024(H5N1)	1024	10
PA|PP755594.1|A/cattle/Texas/24-008749-003/2024(H5N1)	1025	10
PA|PP755594.1|A/cattle/Texas/24-008749-003/2024(H5N1)	1026	10
PA|PP755594.1|A/cattle/Texas/24-008749-003/2024(H5N1)	1027	10
PA|PP755594.1|A/cattle/Texas/24-008749-003/2024(H5N1)	1028	10
PA|PP755594.1|A/cattle/Texas/24-008749-003/2024(H5N1)	1029	10
PA|PP755594.1|A/cattle/Texas/24-008749-003/2024(H5N1)	1030	10
PA|PP755594.1|A/cattle/Texas/24-008749-003/2024(H5N1)	1031	10
PA|PP755594.1|A/cattle/Texas/24-008749-003/2024(H5N1)	1032	10
PA|PP755594.1|A/cattle/Texas/24-008749-003/2024(H5N1)	1033	10
PA|PP755594.1|A/cattle/Texas/24-008749-003/2024(H5N1)	1034	10
PA|PP755594.1|A/cattle/Texas/24-008749-003/2024(H5N1)	1035	10
PA|PP755594.1|A/cattle/Texas/24-008749-003/2024(H5N1)	1036	10
PA|PP755594.1|A/cattle/Texas/24-008749-003/2024(H5N1)	1037	10
PA|PP755594.1|A/cattle/Texas/24-008749-003/2024(H5N1)	1038	10
PA|PP755594.1|A/cattle/Texas/24-008749-003/2024(H5N1)	1039	10
PA|PP755594.1|A/cattle/Texas/24-008749-003/2024(H5N1)	1040	10
PA|PP755594.1|A/cattle/Texas/24-008749-003/2024(H5N1)	1041	10
PA|PP755594.1|A/cattle/Texas/24-008749-003/2024(H5N1)	1042	20
PA|PP755594.1|A/cattle/Texas/24-008749-003/2024(H5N1)	1043	21
PA|PP755594.1|A/cattle/Texas/24-008749-003/2024(H5N1)	1044	21
PA|PP755594.1|A/cattle/Texas/24-008749-003/2024(H5N1)	1045	21
PA|PP755594.1|A/cattle/Texas/24-008749-003/2024(H5N1)	1046	21
PA|PP755594.1|A/cattle/Texas/24-008749-003/2024(H5N1)	1047	21
PA|PP755594.1|A/cattle/Texas/24-008749-003/2024(H5N1)	1048	21
PA|PP755594.1|A/cattle/Texas/24-008749-003/2024(H5N1)	1049	21
PA|PP755594.1|A/cattle/Texas/24-008749-003/2024(H5N1)	1050	21
PA|PP755594.1|A/cattle/Texas/24-008749-003/2024(H5N1)	1051	21
PA|PP755594.1|A/cattle/Texas/24-008749-003/2024(H5N1)	1052	21
PA|PP755594.1|A/cattle/Texas/24-008749-003/2024(H5N1)	1053	21
PA|PP755594.1|A/cattle/Texas/24-008749-003/2024(H5N1)	1054	21
PA|PP755594.1|A/cattle/Texas/24-008749-003/2024(H5N1)	1055	21
PA|PP755594.1|A/cattle/Texas/24-008749-003/2024(H5N1)	1056	21
PA|PP755594.1|A/cattle/Texas/24-008749-003/2024(H5N1)	1057	21
PA|PP755594.1|A/cattle/Texas/24-008749-003/2024(H5N1)	1058	21
PA|PP755594.1|A/cattle/Texas/24-008749-003/2024(H5N1)	1059	21
PA|PP755594.1|A/cattle/Texas/24-008749-003/2024(H5N1)	1060	21
PA|PP755594.1|A/cattle/Texas/24-008749-003/2024(H5N1)	1061	21
PA|PP755594.1|A/cattle/Texas/24-008749-003/2024(H5N1)	1062	21
PA|PP755594.1|A/cattle/Texas/24-008749-003/2024(H5N1)	1063	21
PA|PP755594.1|A/cattle/Texas/24-008749-003/2024(H5N1)	1064	21
PA|PP755594.1|A/cattle/Texas/24-008749-003/2024(H5N1)	1065	22
PA|PP755594.1|A/cattle/Texas/24-008749-003/2024(H5N1)	1066	22
PA|PP755594.1|A/cattle/Texas/24-008749-003/2024(H5N1)	1067	22
PA|PP755594.1|A/cattle/Texas/24-008749-003/2024(H5N1)	1068	21
PA|PP755594.1|A/cattle/Texas/24-008749-003/2024(H5N1)	1069	21
PA|PP755594.1|A/cattle/Texas/24-008749-003/2024(H5N1)	1070	21
PA|PP755594.1|A/cattle/Texas/24-008749-003/2024(H5N1)	1071	21
PA|PP755594.1|A/cattle/Texas/24-008749-003/2024(H5N1)	1072	21
PA|PP755594.1|A/cattle/Texas/24-008749-003/2024(H5N1)	1073	20
PA|PP755594.1|A/cattle/Texas/24-008749-003/2024(H5N1)	1074	20
PA|PP755594.1|A/cattle/Texas/24-008749-003/2024(H5N1)	1075	20
PA|PP755594.1|A/cattle/Texas/24-008749-003/2024(H5N1)	1076	20
PA|PP755594.1|A/cattle/Texas/24-008749-003/2024(H5N1)	1077	20
PA|PP755594.1|A/cattle/Texas/24-008749-003/2024(H5N1)	1078	20
PA|PP755594.1|A/cattle/Texas/24-008749-003/2024(H5N1)	1079	20
PA|PP755594.1|A/cattle/Texas/24-008749-003/2024(H5N1)	1080	20
PA|PP755594.1|A/cattle/Texas/24-008749-003/2024(H5N1)	1081	20
PA|PP755594.1|A/cattle/Texas/24-008749-003/2024(H5N1)	1082	20
PA|PP755594.1|A/cattle/Texas/24-008749-003/2024(H5N1)	1083	20
PA|PP755594.1|A/cattle/Texas/24-008749-003/2024(H5N1)	1084	20
PA|PP755594.1|A/cattle/Texas/24-008749-003/2024(H5N1)	1085	20
PA|PP755594.1|A/cattle/Texas/24-008749-003/2024(H5N1)	1086	20
PA|PP755594.1|A/cattle/Texas/24-008749-003/2024(H5N1)	1087	20
PA|PP755594.1|A/cattle/Texas/24-008749-003/2024(H5N1)	1088	20
PA|PP755594.1|A/cattle/Texas/24-008749-003/2024(H5N1)	1089	20
PA|PP755594.1|A/cattle/Texas/24-008749-003/2024(H5N1)	1090	20
PA|PP755594.1|A/cattle/Texas/24-008749-003/2024(H5N1)	1091	21
PA|PP755594.1|A/cattle/Texas/24-008749-003/2024(H5N1)	1092	22
PA|PP755594.1|A/cattle/Texas/24-008749-003/2024(H5N1)	1093	22
PA|PP755594.1|A/cattle/Texas/24-008749-003/2024(H5N1)	1094	21
PA|PP755594.1|A/cattle/Texas/24-008749-003/2024(H5N1)	1095	21
PA|PP755594.1|A/cattle/Texas/24-008749-003/2024(H5N1)	1096	21
PA|PP755594.1|A/cattle/Texas/24-008749-003/2024(H5N1)	1097	21
PA|PP755594.1|A/cattle/Texas/24-008749-003/2024(H5N1)	1098	21
PA|PP755594.1|A/cattle/Texas/24-008749-003/2024(H5N1)	1099	21
PA|PP755594.1|A/cattle/Texas/24-008749-003/2024(H5N1)	1100	21
PA|PP755594.1|A/cattle/Texas/24-008749-003/2024(H5N1)	1101	21
PA|PP755594.1|A/cattle/Texas/24-008749-003/2024(H5N1)	1102	22
PA|PP755594.1|A/cattle/Texas/24-008749-003/2024(H5N1)	1103	22
PA|PP755594.1|A/cattle/Texas/24-008749-003/2024(H5N1)	1104	22
PA|PP755594.1|A/cattle/Texas/24-008749-003/2024(H5N1)	1105	22
PA|PP755594.1|A/cattle/Texas/24-008749-003/2024(H5N1)	1106	22
PA|PP755594.1|A/cattle/Texas/24-008749-003/2024(H5N1)	1107	21
PA|PP755594.1|A/cattle/Texas/24-008749-003/2024(H5N1)	1108	21
PA|PP755594.1|A/cattle/Texas/24-008749-003/2024(H5N1)	1109	21
PA|PP755594.1|A/cattle/Texas/24-008749-003/2024(H5N1)	1110	21
PA|PP755594.1|A/cattle/Texas/24-008749-003/2024(H5N1)	1111	21
PA|PP755594.1|A/cattle/Texas/24-008749-003/2024(H5N1)	1112	21
PA|PP755594.1|A/cattle/Texas/24-008749-003/2024(H5N1)	1113	21
PA|PP755594.1|A/cattle/Texas/24-008749-003/2024(H5N1)	1114	21
PA|PP755594.1|A/cattle/Texas/24-008749-003/2024(H5N1)	1115	21
PA|PP755594.1|A/cattle/Texas/24-008749-003/2024(H5N1)	1116	20
PA|PP755594.1|A/cattle/Texas/24-008749-003/2024(H5N1)	1117	19
PA|PP755594.1|A/cattle/Texas/24-008749-003/2024(H5N1)	1118	19
PA|PP755594.1|A/cattle/Texas/24-008749-003/2024(H5N1)	1119	19
PA|PP755594.1|A/cattle/Texas/24-008749-003/2024(H5N1)	1120	19
PA|PP755594.1|A/cattle/Texas/24-008749-003/2024(H5N1)	1121	19
PA|PP755594.1|A/cattle/Texas/24-008749-003/2024(H5N1)	1122	19
PA|PP755594.1|A/cattle/Texas/24-008749-003/2024(H5N1)	1123	19
PA|PP755594.1|A/cattle/Texas/24-008749-003/2024(H5N1)	1124	20
PA|PP755594.1|A/cattle/Texas/24-008749-003/2024(H5N1)	1125	20
PA|PP755594.1|A/cattle/Texas/24-008749-003/2024(H5N1)	1126	20
PA|PP755594.1|A/cattle/Texas/24-008749-003/2024(H5N1)	1127	20
PA|PP755594.1|A/cattle/Texas/24-008749-003/2024(H5N1)	1128	20
PA|PP755594.1|A/cattle/Texas/24-008749-003/2024(H5N1)	1129	20
PA|PP755594.1|A/cattle/Texas/24-008749-003/2024(H5N1)	1130	20
PA|PP755594.1|A/cattle/Texas/24-008749-003/2024(H5N1)	1131	20
PA|PP755594.1|A/cattle/Texas/24-008749-003/2024(H5N1)	1132	20
PA|PP755594.1|A/cattle/Texas/24-008749-003/2024(H5N1)	1133	20
PA|PP755594.1|A/cattle/Texas/24-008749-003/2024(H5N1)	1134	20
PA|PP755594.1|A/cattle/Texas/24-008749-003/2024(H5N1)	1135	20
PA|PP755594.1|A/cattle/Texas/24-008749-003/2024(H5N1)	1136	20
PA|PP755594.1|A/cattle/Texas/24-008749-003/2024(H5N1)	1137	18
PA|PP755594.1|A/cattle/Texas/24-008749-003/2024(H5N1)	1138	18
PA|PP755594.1|A/cattle/Texas/24-008749-003/2024(H5N1)	1139	18
PA|PP755594.1|A/cattle/Texas/24-008749-003/2024(H5N1)	1140	18
PA|PP755594.1|A/cattle/Texas/24-008749-003/2024(H5N1)	1141	18
PA|PP755594.1|A/cattle/Texas/24-008749-003/2024(H5N1)	1142	18
PA|PP755594.1|A/cattle/Texas/24-008749-003/2024(H5N1)	1143	18
PA|PP755594.1|A/cattle/Texas/24-008749-003/2024(H5N1)	1144	18
PA|PP755594.1|A/cattle/Texas/24-008749-003/2024(H5N1)	1145	18
PA|PP755594.1|A/cattle/Texas/24-008749-003/2024(H5N1)	1146	18
PA|PP755594.1|A/cattle/Texas/24-008749-003/2024(H5N1)	1147	18
PA|PP755594.1|A/cattle/Texas/24-008749-003/2024(H5N1)	1148	18
PA|PP755594.1|A/cattle/Texas/24-008749-003/2024(H5N1)	1149	18
PA|PP755594.1|A/cattle/Texas/24-008749-003/2024(H5N1)	1150	18
PA|PP755594.1|A/cattle/Texas/24-008749-003/2024(H5N1)	1151	18
PA|PP755594.1|A/cattle/Texas/24-008749-003/2024(H5N1)	1152	18
PA|PP755594.1|A/cattle/Texas/24-008749-003/2024(H5N1)	1153	18
PA|PP755594.1|A/cattle/Texas/24-008749-003/2024(H5N1)	1154	18
PA|PP755594.1|A/cattle/Texas/24-008749-003/2024(H5N1)	1155	18
PA|PP755594.1|A/cattle/Texas/24-008749-003/2024(H5N1)	1156	18
PA|PP755594.1|A/cattle/Texas/24-008749-003/2024(H5N1)	1157	18
PA|PP755594.1|A/cattle/Texas/24-008749-003/2024(H5N1)	1158	17
PA|PP755594.1|A/cattle/Texas/24-008749-003/2024(H5N1)	1159	17
PA|PP755594.1|A/cattle/Texas/24-008749-003/2024(H5N1)	1160	16
PA|PP755594.1|A/cattle/Texas/24-008749-003/2024(H5N1)	1161	2
PA|PP755594.1|A/cattle/Texas/24-008749-003/2024(H5N1)	1162	2
PA|PP755594.1|A/cattle/Texas/24-008749-003/2024(H5N1)	1163	2
PA|PP755594.1|A/cattle/Texas/24-008749-003/2024(H5N1)	1164	2
PA|PP755594.1|A/cattle/Texas/24-008749-003/2024(H5N1)	1165	2
PA|PP755594.1|A/cattle/Texas/24-008749-003/2024(H5N1)	1166	2
PA|PP755594.1|A/cattle/Texas/24-008749-003/2024(H5N1)	1167	2
PA|PP755594.1|A/cattle/Texas/24-008749-003/2024(H5N1)	1168	2
PA|PP755594.1|A/cattle/Texas/24-008749-003/2024(H5N1)	1169	2
PA|PP755594.1|A/cattle/Texas/24-008749-003/2024(H5N1)	1170	2
PA|PP755594.1|A/cattle/Texas/24-008749-003/2024(H5N1)	1171	2
PA|PP755594.1|A/cattle/Texas/24-008749-003/2024(H5N1)	1172	2
PA|PP755594.1|A/cattle/Texas/24-008749-003/2024(H5N1)	1173	2
PA|PP755594.1|A/cattle/Texas/24-008749-003/2024(H5N1)	1174	2
PA|PP755594.1|A/cattle/Texas/24-008749-003/2024(H5N1)	1175	2
PA|PP755594.1|A/cattle/Texas/24-008749-003/2024(H5N1)	1176	2
PA|PP755594.1|A/cattle/Texas/24-008749-003/2024(H5N1)	1177	2
PA|PP755594.1|A/cattle/Texas/24-008749-003/2024(H5N1)	1178	2
PA|PP755594.1|A/cattle/Texas/24-008749-003/2024(H5N1)	1179	2
PA|PP755594.1|A/cattle/Texas/24-008749-003/2024(H5N1)	1180	2
PA|PP755594.1|A/cattle/Texas/24-008749-003/2024(H5N1)	1181	2
PA|PP755594.1|A/cattle/Texas/24-008749-003/2024(H5N1)	1182	2
PA|PP755594.1|A/cattle/Texas/24-008749-003/2024(H5N1)	1183	2
PA|PP755594.1|A/cattle/Texas/24-008749-003/2024(H5N1)	1184	2
PA|PP755594.1|A/cattle/Texas/24-008749-003/2024(H5N1)	1185	2
PA|PP755594.1|A/cattle/Texas/24-008749-003/2024(H5N1)	1186	2
PA|PP755594.1|A/cattle/Texas/24-008749-003/2024(H5N1)	1187	2
PA|PP755594.1|A/cattle/Texas/24-008749-003/2024(H5N1)	1188	2
PA|PP755594.1|A/cattle/Texas/24-008749-003/2024(H5N1)	1189	2
PA|PP755594.1|A/cattle/Texas/24-008749-003/2024(H5N1)	1190	2
PA|PP755594.1|A/cattle/Texas/24-008749-003/2024(H5N1)	1191	2
PA|PP755594.1|A/cattle/Texas/24-008749-003/2024(H5N1)	1192	2
PA|PP755594.1|A/cattle/Texas/24-008749-003/2024(H5N1)	1193	2
PA|PP755594.1|A/cattle/Texas/24-008749-003/2024(H5N1)	1194	2
PA|PP755594.1|A/cattle/Texas/24-008749-003/2024(H5N1)	1195	2
PA|PP755594.1|A/cattle/Texas/24-008749-003/2024(H5N1)	1196	2
PA|PP755594.1|A/cattle/Texas/24-008749-003/2024(H5N1)	1197	2
PA|PP755594.1|A/cattle/Texas/24-008749-003/2024(H5N1)	1198	2
PA|PP755594.1|A/cattle/Texas/24-008749-003/2024(H5N1)	1199	2
PA|PP755594.1|A/cattle/Texas/24-008749-003/2024(H5N1)	1200	2
PA|PP755594.1|A/cattle/Texas/24-008749-003/2024(H5N1)	1201	12
PA|PP755594.1|A/cattle/Texas/24-008749-003/2024(H5N1)	1202	12
PA|PP755594.1|A/cattle/Texas/24-008749-003/2024(H5N1)	1203	12
PA|PP755594.1|A/cattle/Texas/24-008749-003/2024(H5N1)	1204	12
PA|PP755594.1|A/cattle/Texas/24-008749-003/2024(H5N1)	1205	12
PA|PP755594.1|A/cattle/Texas/24-008749-003/2024(H5N1)	1206	12
PA|PP755594.1|A/cattle/Texas/24-008749-003/2024(H5N1)	1207	12
PA|PP755594.1|A/cattle/Texas/24-008749-003/2024(H5N1)	1208	12
PA|PP755594.1|A/cattle/Texas/24-008749-003/2024(H5N1)	1209	12
PA|PP755594.1|A/cattle/Texas/24-008749-003/2024(H5N1)	1210	12
PA|PP755594.1|A/cattle/Texas/24-008749-003/2024(H5N1)	1211	12
PA|PP755594.1|A/cattle/Texas/24-008749-003/2024(H5N1)	1212	12
PA|PP755594.1|A/cattle/Texas/24-008749-003/2024(H5N1)	1213	12
PA|PP755594.1|A/cattle/Texas/24-008749-003/2024(H5N1)	1214	12
PA|PP755594.1|A/cattle/Texas/24-008749-003/2024(H5N1)	1215	12
PA|PP755594.1|A/cattle/Texas/24-008749-003/2024(H5N1)	1216	12
PA|PP755594.1|A/cattle/Texas/24-008749-003/2024(H5N1)	1217	12
PA|PP755594.1|A/cattle/Texas/24-008749-003/2024(H5N1)	1218	12
PA|PP755594.1|A/cattle/Texas/24-008749-003/2024(H5N1)	1219	13
PA|PP755594.1|A/cattle/Texas/24-008749-003/2024(H5N1)	1220	13
PA|PP755594.1|A/cattle/Texas/24-008749-003/2024(H5N1)	1221	13
PA|PP755594.1|A/cattle/Texas/24-008749-003/2024(H5N1)	1222	13
PA|PP755594.1|A/cattle/Texas/24-008749-003/2024(H5N1)	1223	13
PA|PP755594.1|A/cattle/Texas/24-008749-003/2024(H5N1)	1224	13
PA|PP755594.1|A/cattle/Texas/24-008749-003/2024(H5N1)	1225	13
PA|PP755594.1|A/cattle/Texas/24-008749-003/2024(H5N1)	1226	13
PA|PP755594.1|A/cattle/Texas/24-008749-003/2024(H5N1)	1227	13
PA|PP755594.1|A/cattle/Texas/24-008749-003/2024(H5N1)	1228	13
PA|PP755594.1|A/cattle/Texas/24-008749-003/2024(H5N1)	1229	13
PA|PP755594.1|A/cattle/Texas/24-008749-003/2024(H5N1)	1230	13
PA|PP755594.1|A/cattle/Texas/24-008749-003/2024(H5N1)	1231	13
PA|PP755594.1|A/cattle/Texas/24-008749-003/2024(H5N1)	1232	13
PA|PP755594.1|A/cattle/Texas/24-008749-003/2024(H5N1)	1233	13
PA|PP755594.1|A/cattle/Texas/24-008749-003/2024(H5N1)	1234	13
PA|PP755594.1|A/cattle/Texas/24-008749-003/2024(H5N1)	1235	13
PA|PP755594.1|A/cattle/Texas/24-008749-003/2024(H5N1)	1236	13
PA|PP755594.1|A/cattle/Texas/24-008749-003/2024(H5N1)	1237	13
PA|PP755594.1|A/cattle/Texas/24-008749-003/2024(H5N1)	1238	13
PA|PP755594.1|A/cattle/Texas/24-008749-003/2024(H5N1)	1239	6
PA|PP755594.1|A/cattle/Texas/24-008749-003/2024(H5N1)	1240	6
PA|PP755594.1|A/cattle/Texas/24-008749-003/2024(H5N1)	1241	6
PA|PP755594.1|A/cattle/Texas/24-008749-003/2024(H5N1)	1242	4
PA|PP755594.1|A/cattle/Texas/24-008749-003/2024(H5N1)	1243	4
PA|PP755594.1|A/cattle/Texas/24-008749-003/2024(H5N1)	1244	4
PA|PP755594.1|A/cattle/Texas/24-008749-003/2024(H5N1)	1245	4
PA|PP755594.1|A/cattle/Texas/24-008749-003/2024(H5N1)	1246	4
PA|PP755594.1|A/cattle/Texas/24-008749-003/2024(H5N1)	1247	4
PA|PP755594.1|A/cattle/Texas/24-008749-003/2024(H5N1)	1248	4
PA|PP755594.1|A/cattle/Texas/24-008749-003/2024(H5N1)	1249	4
PA|PP755594.1|A/cattle/Texas/24-008749-003/2024(H5N1)	1250	4
PA|PP755594.1|A/cattle/Texas/24-008749-003/2024(H5N1)	1251	4
PA|PP755594.1|A/cattle/Texas/24-008749-003/2024(H5N1)	1252	4
PA|PP755594.1|A/cattle/Texas/24-008749-003/2024(H5N1)	1253	4
PA|PP755594.1|A/cattle/Texas/24-008749-003/2024(H5N1)	1254	4
PA|PP755594.1|A/cattle/Texas/24-008749-003/2024(H5N1)	1255	4
PA|PP755594.1|A/cattle/Texas/24-008749-003/2024(H5N1)	1256	4
PA|PP755594.1|A/cattle/Texas/24-008749-003/2024(H5N1)	1257	4
PA|PP755594.1|A/cattle/Texas/24-008749-003/2024(H5N1)	1258	4
PA|PP755594.1|A/cattle/Texas/24-008749-003/2024(H5N1)	1259	4
PA|PP755594.1|A/cattle/Texas/24-008749-003/2024(H5N1)	1260	4
PA|PP755594.1|A/cattle/Texas/24-008749-003/2024(H5N1)	1261	4
PA|PP755594.1|A/cattle/Texas/24-008749-003/2024(H5N1)	1262	4
PA|PP755594.1|A/cattle/Texas/24-008749-003/2024(H5N1)	1263	4
PA|PP755594.1|A/cattle/Texas/24-008749-003/2024(H5N1)	1264	4
PA|PP755594.1|A/cattle/Texas/24-008749-003/2024(H5N1)	1265	4
PA|PP755594.1|A/cattle/Texas/24-008749-003/2024(H5N1)	1266	4
PA|PP755594.1|A/cattle/Texas/24-008749-003/2024(H5N1)	1267	4
PA|PP755594.1|A/cattle/Texas/24-008749-003/2024(H5N1)	1268	4
PA|PP755594.1|A/cattle/Texas/24-008749-003/2024(H5N1)	1269	4
PA|PP755594.1|A/cattle/Texas/24-008749-003/2024(H5N1)	1270	4
PA|PP755594.1|A/cattle/Texas/24-008749-003/2024(H5N1)	1271	4
PA|PP755594.1|A/cattle/Texas/24-008749-003/2024(H5N1)	1272	4
PA|PP755594.1|A/cattle/Texas/24-008749-003/2024(H5N1)	1273	4
PA|PP755594.1|A/cattle/Texas/24-008749-003/2024(H5N1)	1274	4
PA|PP755594.1|A/cattle/Texas/24-008749-003/2024(H5N1)	1275	4
PA|PP755594.1|A/cattle/Texas/24-008749-003/2024(H5N1)	1276	4
PA|PP755594.1|A/cattle/Texas/24-008749-003/2024(H5N1)	1277	4
PA|PP755594.1|A/cattle/Texas/24-008749-003/2024(H5N1)	1278	4
PA|PP755594.1|A/cattle/Texas/24-008749-003/2024(H5N1)	1279	4
PA|PP755594.1|A/cattle/Texas/24-008749-003/2024(H5N1)	1280	4
PA|PP755594.1|A/cattle/Texas/24-008749-003/2024(H5N1)	1281	4
PA|PP755594.1|A/cattle/Texas/24-008749-003/2024(H5N1)	1282	4
PA|PP755594.1|A/cattle/Texas/24-008749-003/2024(H5N1)	1283	4
PA|PP755594.1|A/cattle/Texas/24-008749-003/2024(H5N1)	1284	4
PA|PP755594.1|A/cattle/Texas/24-008749-003/2024(H5N1)	1285	4
PA|PP755594.1|A/cattle/Texas/24-008749-003/2024(H5N1)	1286	4
PA|PP755594.1|A/cattle/Texas/24-008749-003/2024(H5N1)	1287	4
PA|PP755594.1|A/cattle/Texas/24-008749-003/2024(H5N1)	1288	4
PA|PP755594.1|A/cattle/Texas/24-008749-003/2024(H5N1)	1289	4
PA|PP755594.1|A/cattle/Texas/24-008749-003/2024(H5N1)	1290	4
PA|PP755594.1|A/cattle/Texas/24-008749-003/2024(H5N1)	1291	4
PA|PP755594.1|A/cattle/Texas/24-008749-003/2024(H5N1)	1292	4
PA|PP755594.1|A/cattle/Texas/24-008749-003/2024(H5N1)	1293	4
PA|PP755594.1|A/cattle/Texas/24-008749-003/2024(H5N1)	1294	4
PA|PP755594.1|A/cattle/Texas/24-008749-003/2024(H5N1)	1295	4
PA|PP755594.1|A/cattle/Texas/24-008749-003/2024(H5N1)	1296	4
PA|PP755594.1|A/cattle/Texas/24-008749-003/2024(H5N1)	1297	4
PA|PP755594.1|A/cattle/Texas/24-008749-003/2024(H5N1)	1298	4
PA|PP755594.1|A/cattle/Texas/24-008749-003/2024(H5N1)	1299	4
PA|PP755594.1|A/cattle/Texas/24-008749-003/2024(H5N1)	1300	4
PA|PP755594.1|A/cattle/Texas/24-008749-003/2024(H5N1)	1301	4
PA|PP755594.1|A/cattle/Texas/24-008749-003/2024(H5N1)	1302	4
PA|PP755594.1|A/cattle/Texas/24-008749-003/2024(H5N1)	1303	4
PA|PP755594.1|A/cattle/Texas/24-008749-003/2024(H5N1)	1304	4
PA|PP755594.1|A/cattle/Texas/24-008749-003/2024(H5N1)	1305	4
PA|PP755594.1|A/cattle/Texas/24-008749-003/2024(H5N1)	1306	4
PA|PP755594.1|A/cattle/Texas/24-008749-003/2024(H5N1)	1307	4
PA|PP755594.1|A/cattle/Texas/24-008749-003/2024(H5N1)	1308	4
PA|PP755594.1|A/cattle/Texas/24-008749-003/2024(H5N1)	1309	4
PA|PP755594.1|A/cattle/Texas/24-008749-003/2024(H5N1)	1310	4
PA|PP755594.1|A/cattle/Texas/24-008749-003/2024(H5N1)	1311	4
PA|PP755594.1|A/cattle/Texas/24-008749-003/2024(H5N1)	1312	4
PA|PP755594.1|A/cattle/Texas/24-008749-003/2024(H5N1)	1313	4
PA|PP755594.1|A/cattle/Texas/24-008749-003/2024(H5N1)	1314	4
PA|PP755594.1|A/cattle/Texas/24-008749-003/2024(H5N1)	1315	4
PA|PP755594.1|A/cattle/Texas/24-008749-003/2024(H5N1)	1316	4
PA|PP755594.1|A/cattle/Texas/24-008749-003/2024(H5N1)	1317	1
PA|PP755594.1|A/cattle/Texas/24-008749-003/2024(H5N1)	1318	1
PA|PP755594.1|A/cattle/Texas/24-008749-003/2024(H5N1)	1319	1
PA|PP755594.1|A/cattle/Texas/24-008749-003/2024(H5N1)	1320	1
PA|PP755594.1|A/cattle/Texas/24-008749-003/2024(H5N1)	1321	1
PA|PP755594.1|A/cattle/Texas/24-008749-003/2024(H5N1)	1322	1
PA|PP755594.1|A/cattle/Texas/24-008749-003/2024(H5N1)	1323	1
PA|PP755594.1|A/cattle/Texas/24-008749-003/2024(H5N1)	1324	1
PA|PP755594.1|A/cattle/Texas/24-008749-003/2024(H5N1)	1325	1
PA|PP755594.1|A/cattle/Texas/24-008749-003/2024(H5N1)	1326	1
PA|PP755594.1|A/cattle/Texas/24-008749-003/2024(H5N1)	1327	1
PA|PP755594.1|A/cattle/Texas/24-008749-003/2024(H5N1)	1328	1
PA|PP755594.1|A/cattle/Texas/24-008749-003/2024(H5N1)	1329	1
PA|PP755594.1|A/cattle/Texas/24-008749-003/2024(H5N1)	1330	1
PA|PP755594.1|A/cattle/Texas/24-008749-003/2024(H5N1)	1331	1
PA|PP755594.1|A/cattle/Texas/24-008749-003/2024(H5N1)	1332	1
PA|PP755594.1|A/cattle/Texas/24-008749-003/2024(H5N1)	1333	1
PA|PP755594.1|A/cattle/Texas/24-008749-003/2024(H5N1)	1334	1
PA|PP755594.1|A/cattle/Texas/24-008749-003/2024(H5N1)	1335	0
PA|PP755594.1|A/cattle/Texas/24-008749-003/2024(H5N1)	1336	0
PA|PP755594.1|A/cattle/Texas/24-008749-003/2024(H5N1)	1337	0
PA|PP755594.1|A/cattle/Texas/24-008749-003/2024(H5N1)	1338	0
PA|PP755594.1|A/cattle/Texas/24-008749-003/2024(H5N1)	1339	0
PA|PP755594.1|A/cattle/Texas/24-008749-003/2024(H5N1)	1340	0
PA|PP755594.1|A/cattle/Texas/24-008749-003/2024(H5N1)	1341	0
PA|PP755594.1|A/cattle/Texas/24-008749-003/2024(H5N1)	1342	0
PA|PP755594.1|A/cattle/Texas/24-008749-003/2024(H5N1)	1343	0
PA|PP755594.1|A/cattle/Texas/24-008749-003/2024(H5N1)	1344	0
PA|PP755594.1|A/cattle/Texas/24-008749-003/2024(H5N1)	1345	0
PA|PP755594.1|A/cattle/Texas/24-008749-003/2024(H5N1)	1346	0
PA|PP755594.1|A/cattle/Texas/24-008749-003/2024(H5N1)	1347	0
PA|PP755594.1|A/cattle/Texas/24-008749-003/2024(H5N1)	1348	0
PA|PP755594.1|A/cattle/Texas/24-008749-003/2024(H5N1)	1349	0
PA|PP755594.1|A/cattle/Texas/24-008749-003/2024(H5N1)	1350	0
PA|PP755594.1|A/cattle/Texas/24-008749-003/2024(H5N1)	1351	0
PA|PP755594.1|A/cattle/Texas/24-008749-003/2024(H5N1)	1352	0
PA|PP755594.1|A/cattle/Texas/24-008749-003/2024(H5N1)	1353	0
PA|PP755594.1|A/cattle/Texas/24-008749-003/2024(H5N1)	1354	0
PA|PP755594.1|A/cattle/Texas/24-008749-003/2024(H5N1)	1355	0
PA|PP755594.1|A/cattle/Texas/24-008749-003/2024(H5N1)	1356	0
PA|PP755594.1|A/cattle/Texas/24-008749-003/2024(H5N1)	1357	0
PA|PP755594.1|A/cattle/Texas/24-008749-003/2024(H5N1)	1358	0
PA|PP755594.1|A/cattle/Texas/24-008749-003/2024(H5N1)	1359	0
PA|PP755594.1|A/cattle/Texas/24-008749-003/2024(H5N1)	1360	0
PA|PP755594.1|A/cattle/Texas/24-008749-003/2024(H5N1)	1361	0
PA|PP755594.1|A/cattle/Texas/24-008749-003/2024(H5N1)	1362	0
PA|PP755594.1|A/cattle/Texas/24-008749-003/2024(H5N1)	1363	0
PA|PP755594.1|A/cattle/Texas/24-008749-003/2024(H5N1)	1364	0
PA|PP755594.1|A/cattle/Texas/24-008749-003/2024(H5N1)	1365	0
PA|PP755594.1|A/cattle/Texas/24-008749-003/2024(H5N1)	1366	0
PA|PP755594.1|A/cattle/Texas/24-008749-003/2024(H5N1)	1367	0
PA|PP755594.1|A/cattle/Texas/24-008749-003/2024(H5N1)	1368	0
PA|PP755594.1|A/cattle/Texas/24-008749-003/2024(H5N1)	1369	0
PA|PP755594.1|A/cattle/Texas/24-008749-003/2024(H5N1)	1370	0
PA|PP755594.1|A/cattle/Texas/24-008749-003/2024(H5N1)	1371	0
PA|PP755594.1|A/cattle/Texas/24-008749-003/2024(H5N1)	1372	0
PA|PP755594.1|A/cattle/Texas/24-008749-003/2024(H5N1)	1373	2
PA|PP755594.1|A/cattle/Texas/24-008749-003/2024(H5N1)	1374	2
PA|PP755594.1|A/cattle/Texas/24-008749-003/2024(H5N1)	1375	20
PA|PP755594.1|A/cattle/Texas/24-008749-003/2024(H5N1)	1376	20
PA|PP755594.1|A/cattle/Texas/24-008749-003/2024(H5N1)	1377	20
PA|PP755594.1|A/cattle/Texas/24-008749-003/2024(H5N1)	1378	20
PA|PP755594.1|A/cattle/Texas/24-008749-003/2024(H5N1)	1379	20
PA|PP755594.1|A/cattle/Texas/24-008749-003/2024(H5N1)	1380	22
PA|PP755594.1|A/cattle/Texas/24-008749-003/2024(H5N1)	1381	22
PA|PP755594.1|A/cattle/Texas/24-008749-003/2024(H5N1)	1382	22
PA|PP755594.1|A/cattle/Texas/24-008749-003/2024(H5N1)	1383	22
PA|PP755594.1|A/cattle/Texas/24-008749-003/2024(H5N1)	1384	23
PA|PP755594.1|A/cattle/Texas/24-008749-003/2024(H5N1)	1385	23
PA|PP755594.1|A/cattle/Texas/24-008749-003/2024(H5N1)	1386	23
PA|PP755594.1|A/cattle/Texas/24-008749-003/2024(H5N1)	1387	23
PA|PP755594.1|A/cattle/Texas/24-008749-003/2024(H5N1)	1388	23
PA|PP755594.1|A/cattle/Texas/24-008749-003/2024(H5N1)	1389	23
PA|PP755594.1|A/cattle/Texas/24-008749-003/2024(H5N1)	1390	23
PA|PP755594.1|A/cattle/Texas/24-008749-003/2024(H5N1)	1391	23
PA|PP755594.1|A/cattle/Texas/24-008749-003/2024(H5N1)	1392	23
PA|PP755594.1|A/cattle/Texas/24-008749-003/2024(H5N1)	1393	23
PA|PP755594.1|A/cattle/Texas/24-008749-003/2024(H5N1)	1394	23
PA|PP755594.1|A/cattle/Texas/24-008749-003/2024(H5N1)	1395	22
PA|PP755594.1|A/cattle/Texas/24-008749-003/2024(H5N1)	1396	22
PA|PP755594.1|A/cattle/Texas/24-008749-003/2024(H5N1)	1397	22
PA|PP755594.1|A/cattle/Texas/24-008749-003/2024(H5N1)	1398	21
PA|PP755594.1|A/cattle/Texas/24-008749-003/2024(H5N1)	1399	20
PA|PP755594.1|A/cattle/Texas/24-008749-003/2024(H5N1)	1400	20
PA|PP755594.1|A/cattle/Texas/24-008749-003/2024(H5N1)	1401	20
PA|PP755594.1|A/cattle/Texas/24-008749-003/2024(H5N1)	1402	20
PA|PP755594.1|A/cattle/Texas/24-008749-003/2024(H5N1)	1403	20
PA|PP755594.1|A/cattle/Texas/24-008749-003/2024(H5N1)	1404	6
PA|PP755594.1|A/cattle/Texas/24-008749-003/2024(H5N1)	1405	6
PA|PP755594.1|A/cattle/Texas/24-008749-003/2024(H5N1)	1406	6
PA|PP755594.1|A/cattle/Texas/24-008749-003/2024(H5N1)	1407	6
PA|PP755594.1|A/cattle/Texas/24-008749-003/2024(H5N1)	1408	6
PA|PP755594.1|A/cattle/Texas/24-008749-003/2024(H5N1)	1409	6
PA|PP755594.1|A/cattle/Texas/24-008749-003/2024(H5N1)	1410	6
PA|PP755594.1|A/cattle/Texas/24-008749-003/2024(H5N1)	1411	6
PA|PP755594.1|A/cattle/Texas/24-008749-003/2024(H5N1)	1412	6
PA|PP755594.1|A/cattle/Texas/24-008749-003/2024(H5N1)	1413	6
PA|PP755594.1|A/cattle/Texas/24-008749-003/2024(H5N1)	1414	6
PA|PP755594.1|A/cattle/Texas/24-008749-003/2024(H5N1)	1415	6
PA|PP755594.1|A/cattle/Texas/24-008749-003/2024(H5N1)	1416	6
PA|PP755594.1|A/cattle/Texas/24-008749-003/2024(H5N1)	1417	6
PA|PP755594.1|A/cattle/Texas/24-008749-003/2024(H5N1)	1418	6
PA|PP755594.1|A/cattle/Texas/24-008749-003/2024(H5N1)	1419	6
PA|PP755594.1|A/cattle/Texas/24-008749-003/2024(H5N1)	1420	6
PA|PP755594.1|A/cattle/Texas/24-008749-003/2024(H5N1)	1421	6
PA|PP755594.1|A/cattle/Texas/24-008749-003/2024(H5N1)	1422	6
PA|PP755594.1|A/cattle/Texas/24-008749-003/2024(H5N1)	1423	6
PA|PP755594.1|A/cattle/Texas/24-008749-003/2024(H5N1)	1424	6
PA|PP755594.1|A/cattle/Texas/24-008749-003/2024(H5N1)	1425	6
PA|PP755594.1|A/cattle/Texas/24-008749-003/2024(H5N1)	1426	6
PA|PP755594.1|A/cattle/Texas/24-008749-003/2024(H5N1)	1427	6
PA|PP755594.1|A/cattle/Texas/24-008749-003/2024(H5N1)	1428	6
PA|PP755594.1|A/cattle/Texas/24-008749-003/2024(H5N1)	1429	12
PA|PP755594.1|A/cattle/Texas/24-008749-003/2024(H5N1)	1430	12
PA|PP755594.1|A/cattle/Texas/24-008749-003/2024(H5N1)	1431	12
PA|PP755594.1|A/cattle/Texas/24-008749-003/2024(H5N1)	1432	12
PA|PP755594.1|A/cattle/Texas/24-008749-003/2024(H5N1)	1433	12
PA|PP755594.1|A/cattle/Texas/24-008749-003/2024(H5N1)	1434	12
PA|PP755594.1|A/cattle/Texas/24-008749-003/2024(H5N1)	1435	12
PA|PP755594.1|A/cattle/Texas/24-008749-003/2024(H5N1)	1436	12
PA|PP755594.1|A/cattle/Texas/24-008749-003/2024(H5N1)	1437	12
PA|PP755594.1|A/cattle/Texas/24-008749-003/2024(H5N1)	1438	12
PA|PP755594.1|A/cattle/Texas/24-008749-003/2024(H5N1)	1439	12
PA|PP755594.1|A/cattle/Texas/24-008749-003/2024(H5N1)	1440	12
PA|PP755594.1|A/cattle/Texas/24-008749-003/2024(H5N1)	1441	12
PA|PP755594.1|A/cattle/Texas/24-008749-003/2024(H5N1)	1442	12
PA|PP755594.1|A/cattle/Texas/24-008749-003/2024(H5N1)	1443	12
PA|PP755594.1|A/cattle/Texas/24-008749-003/2024(H5N1)	1444	12
PA|PP755594.1|A/cattle/Texas/24-008749-003/2024(H5N1)	1445	12
PA|PP755594.1|A/cattle/Texas/24-008749-003/2024(H5N1)	1446	12
PA|PP755594.1|A/cattle/Texas/24-008749-003/2024(H5N1)	1447	12
PA|PP755594.1|A/cattle/Texas/24-008749-003/2024(H5N1)	1448	12
PA|PP755594.1|A/cattle/Texas/24-008749-003/2024(H5N1)	1449	12
PA|PP755594.1|A/cattle/Texas/24-008749-003/2024(H5N1)	1450	14
PA|PP755594.1|A/cattle/Texas/24-008749-003/2024(H5N1)	1451	14
PA|PP755594.1|A/cattle/Texas/24-008749-003/2024(H5N1)	1452	14
PA|PP755594.1|A/cattle/Texas/24-008749-003/2024(H5N1)	1453	14
PA|PP755594.1|A/cattle/Texas/24-008749-003/2024(H5N1)	1454	14
PA|PP755594.1|A/cattle/Texas/24-008749-003/2024(H5N1)	1455	14
PA|PP755594.1|A/cattle/Texas/24-008749-003/2024(H5N1)	1456	14
PA|PP755594.1|A/cattle/Texas/24-008749-003/2024(H5N1)	1457	14
PA|PP755594.1|A/cattle/Texas/24-008749-003/2024(H5N1)	1458	14
PA|PP755594.1|A/cattle/Texas/24-008749-003/2024(H5N1)	1459	14
PA|PP755594.1|A/cattle/Texas/24-008749-003/2024(H5N1)	1460	14
PA|PP755594.1|A/cattle/Texas/24-008749-003/2024(H5N1)	1461	14
PA|PP755594.1|A/cattle/Texas/24-008749-003/2024(H5N1)	1462	14
PA|PP755594.1|A/cattle/Texas/24-008749-003/2024(H5N1)	1463	14
PA|PP755594.1|A/cattle/Texas/24-008749-003/2024(H5N1)	1464	14
PA|PP755594.1|A/cattle/Texas/24-008749-003/2024(H5N1)	1465	14
PA|PP755594.1|A/cattle/Texas/24-008749-003/2024(H5N1)	1466	14
PA|PP755594.1|A/cattle/Texas/24-008749-003/2024(H5N1)	1467	14
PA|PP755594.1|A/cattle/Texas/24-008749-003/2024(H5N1)	1468	14
PA|PP755594.1|A/cattle/Texas/24-008749-003/2024(H5N1)	1469	14
PA|PP755594.1|A/cattle/Texas/24-008749-003/2024(H5N1)	1470	14
PA|PP755594.1|A/cattle/Texas/24-008749-003/2024(H5N1)	1471	14
PA|PP755594.1|A/cattle/Texas/24-008749-003/2024(H5N1)	1472	14
PA|PP755594.1|A/cattle/Texas/24-008749-003/2024(H5N1)	1473	14
PA|PP755594.1|A/cattle/Texas/24-008749-003/2024(H5N1)	1474	14
PA|PP755594.1|A/cattle/Texas/24-008749-003/2024(H5N1)	1475	14
PA|PP755594.1|A/cattle/Texas/24-008749-003/2024(H5N1)	1476	14
PA|PP755594.1|A/cattle/Texas/24-008749-003/2024(H5N1)	1477	14
PA|PP755594.1|A/cattle/Texas/24-008749-003/2024(H5N1)	1478	14
PA|PP755594.1|A/cattle/Texas/24-008749-003/2024(H5N1)	1479	14
PA|PP755594.1|A/cattle/Texas/24-008749-003/2024(H5N1)	1480	14
PA|PP755594.1|A/cattle/Texas/24-008749-003/2024(H5N1)	1481	14
PA|PP755594.1|A/cattle/Texas/24-008749-003/2024(H5N1)	1482	14
PA|PP755594.1|A/cattle/Texas/24-008749-003/2024(H5N1)	1483	14
PA|PP755594.1|A/cattle/Texas/24-008749-003/2024(H5N1)	1484	14
PA|PP755594.1|A/cattle/Texas/24-008749-003/2024(H5N1)	1485	14
PA|PP755594.1|A/cattle/Texas/24-008749-003/2024(H5N1)	1486	14
PA|PP755594.1|A/cattle/Texas/24-008749-003/2024(H5N1)	1487	14
PA|PP755594.1|A/cattle/Texas/24-008749-003/2024(H5N1)	1488	14
PA|PP755594.1|A/cattle/Texas/24-008749-003/2024(H5N1)	1489	14
PA|PP755594.1|A/cattle/Texas/24-008749-003/2024(H5N1)	1490	14
PA|PP755594.1|A/cattle/Texas/24-008749-003/2024(H5N1)	1491	19
PA|PP755594.1|A/cattle/Texas/24-008749-003/2024(H5N1)	1492	19
PA|PP755594.1|A/cattle/Texas/24-008749-003/2024(H5N1)	1493	19
PA|PP755594.1|A/cattle/Texas/24-008749-003/2024(H5N1)	1494	19
PA|PP755594.1|A/cattle/Texas/24-008749-003/2024(H5N1)	1495	19
PA|PP755594.1|A/cattle/Texas/24-008749-003/2024(H5N1)	1496	20
PA|PP755594.1|A/cattle/Texas/24-008749-003/2024(H5N1)	1497	20
PA|PP755594.1|A/cattle/Texas/24-008749-003/2024(H5N1)	1498	20
PA|PP755594.1|A/cattle/Texas/24-008749-003/2024(H5N1)	1499	20
PA|PP755594.1|A/cattle/Texas/24-008749-003/2024(H5N1)	1500	20
PA|PP755594.1|A/cattle/Texas/24-008749-003/2024(H5N1)	1501	20
PA|PP755594.1|A/cattle/Texas/24-008749-003/2024(H5N1)	1502	20
PA|PP755594.1|A/cattle/Texas/24-008749-003/2024(H5N1)	1503	20
PA|PP755594.1|A/cattle/Texas/24-008749-003/2024(H5N1)	1504	20
PA|PP755594.1|A/cattle/Texas/24-008749-003/2024(H5N1)	1505	20
PA|PP755594.1|A/cattle/Texas/24-008749-003/2024(H5N1)	1506	20
PA|PP755594.1|A/cattle/Texas/24-008749-003/2024(H5N1)	1507	21
PA|PP755594.1|A/cattle/Texas/24-008749-003/2024(H5N1)	1508	21
PA|PP755594.1|A/cattle/Texas/24-008749-003/2024(H5N1)	1509	21
PA|PP755594.1|A/cattle/Texas/24-008749-003/2024(H5N1)	1510	21
PA|PP755594.1|A/cattle/Texas/24-008749-003/2024(H5N1)	1511	21
PA|PP755594.1|A/cattle/Texas/24-008749-003/2024(H5N1)	1512	21
PA|PP755594.1|A/cattle/Texas/24-008749-003/2024(H5N1)	1513	21
PA|PP755594.1|A/cattle/Texas/24-008749-003/2024(H5N1)	1514	21
PA|PP755594.1|A/cattle/Texas/24-008749-003/2024(H5N1)	1515	21
PA|PP755594.1|A/cattle/Texas/24-008749-003/2024(H5N1)	1516	21
PA|PP755594.1|A/cattle/Texas/24-008749-003/2024(H5N1)	1517	20
PA|PP755594.1|A/cattle/Texas/24-008749-003/2024(H5N1)	1518	20
PA|PP755594.1|A/cattle/Texas/24-008749-003/2024(H5N1)	1519	20
PA|PP755594.1|A/cattle/Texas/24-008749-003/2024(H5N1)	1520	20
PA|PP755594.1|A/cattle/Texas/24-008749-003/2024(H5N1)	1521	20
PA|PP755594.1|A/cattle/Texas/24-008749-003/2024(H5N1)	1522	18
PA|PP755594.1|A/cattle/Texas/24-008749-003/2024(H5N1)	1523	18
PA|PP755594.1|A/cattle/Texas/24-008749-003/2024(H5N1)	1524	16
PA|PP755594.1|A/cattle/Texas/24-008749-003/2024(H5N1)	1525	16
PA|PP755594.1|A/cattle/Texas/24-008749-003/2024(H5N1)	1526	16
PA|PP755594.1|A/cattle/Texas/24-008749-003/2024(H5N1)	1527	16
PA|PP755594.1|A/cattle/Texas/24-008749-003/2024(H5N1)	1528	17
PA|PP755594.1|A/cattle/Texas/24-008749-003/2024(H5N1)	1529	17
PA|PP755594.1|A/cattle/Texas/24-008749-003/2024(H5N1)	1530	17
PA|PP755594.1|A/cattle/Texas/24-008749-003/2024(H5N1)	1531	16
PA|PP755594.1|A/cattle/Texas/24-008749-003/2024(H5N1)	1532	16
PA|PP755594.1|A/cattle/Texas/24-008749-003/2024(H5N1)	1533	16
PA|PP755594.1|A/cattle/Texas/24-008749-003/2024(H5N1)	1534	16
PA|PP755594.1|A/cattle/Texas/24-008749-003/2024(H5N1)	1535	16
PA|PP755594.1|A/cattle/Texas/24-008749-003/2024(H5N1)	1536	16
PA|PP755594.1|A/cattle/Texas/24-008749-003/2024(H5N1)	1537	16
PA|PP755594.1|A/cattle/Texas/24-008749-003/2024(H5N1)	1538	16
PA|PP755594.1|A/cattle/Texas/24-008749-003/2024(H5N1)	1539	17
PA|PP755594.1|A/cattle/Texas/24-008749-003/2024(H5N1)	1540	17
PA|PP755594.1|A/cattle/Texas/24-008749-003/2024(H5N1)	1541	17
PA|PP755594.1|A/cattle/Texas/24-008749-003/2024(H5N1)	1542	12
PA|PP755594.1|A/cattle/Texas/24-008749-003/2024(H5N1)	1543	12
PA|PP755594.1|A/cattle/Texas/24-008749-003/2024(H5N1)	1544	12
PA|PP755594.1|A/cattle/Texas/24-008749-003/2024(H5N1)	1545	12
PA|PP755594.1|A/cattle/Texas/24-008749-003/2024(H5N1)	1546	12
PA|PP755594.1|A/cattle/Texas/24-008749-003/2024(H5N1)	1547	12
PA|PP755594.1|A/cattle/Texas/24-008749-003/2024(H5N1)	1548	12
PA|PP755594.1|A/cattle/Texas/24-008749-003/2024(H5N1)	1549	12
PA|PP755594.1|A/cattle/Texas/24-008749-003/2024(H5N1)	1550	12
PA|PP755594.1|A/cattle/Texas/24-008749-003/2024(H5N1)	1551	14
PA|PP755594.1|A/cattle/Texas/24-008749-003/2024(H5N1)	1552	14
PA|PP755594.1|A/cattle/Texas/24-008749-003/2024(H5N1)	1553	14
PA|PP755594.1|A/cattle/Texas/24-008749-003/2024(H5N1)	1554	14
PA|PP755594.1|A/cattle/Texas/24-008749-003/2024(H5N1)	1555	14
PA|PP755594.1|A/cattle/Texas/24-008749-003/2024(H5N1)	1556	14
PA|PP755594.1|A/cattle/Texas/24-008749-003/2024(H5N1)	1557	14
PA|PP755594.1|A/cattle/Texas/24-008749-003/2024(H5N1)	1558	14
PA|PP755594.1|A/cattle/Texas/24-008749-003/2024(H5N1)	1559	14
PA|PP755594.1|A/cattle/Texas/24-008749-003/2024(H5N1)	1560	14
PA|PP755594.1|A/cattle/Texas/24-008749-003/2024(H5N1)	1561	14
PA|PP755594.1|A/cattle/Texas/24-008749-003/2024(H5N1)	1562	14
PA|PP755594.1|A/cattle/Texas/24-008749-003/2024(H5N1)	1563	14
PA|PP755594.1|A/cattle/Texas/24-008749-003/2024(H5N1)	1564	14
PA|PP755594.1|A/cattle/Texas/24-008749-003/2024(H5N1)	1565	14
PA|PP755594.1|A/cattle/Texas/24-008749-003/2024(H5N1)	1566	14
PA|PP755594.1|A/cattle/Texas/24-008749-003/2024(H5N1)	1567	14
PA|PP755594.1|A/cattle/Texas/24-008749-003/2024(H5N1)	1568	14
PA|PP755594.1|A/cattle/Texas/24-008749-003/2024(H5N1)	1569	14
PA|PP755594.1|A/cattle/Texas/24-008749-003/2024(H5N1)	1570	14
PA|PP755594.1|A/cattle/Texas/24-008749-003/2024(H5N1)	1571	14
PA|PP755594.1|A/cattle/Texas/24-008749-003/2024(H5N1)	1572	11
PA|PP755594.1|A/cattle/Texas/24-008749-003/2024(H5N1)	1573	11
PA|PP755594.1|A/cattle/Texas/24-008749-003/2024(H5N1)	1574	11
PA|PP755594.1|A/cattle/Texas/24-008749-003/2024(H5N1)	1575	11
PA|PP755594.1|A/cattle/Texas/24-008749-003/2024(H5N1)	1576	11
PA|PP755594.1|A/cattle/Texas/24-008749-003/2024(H5N1)	1577	12
PA|PP755594.1|A/cattle/Texas/24-008749-003/2024(H5N1)	1578	12
PA|PP755594.1|A/cattle/Texas/24-008749-003/2024(H5N1)	1579	12
PA|PP755594.1|A/cattle/Texas/24-008749-003/2024(H5N1)	1580	12
PA|PP755594.1|A/cattle/Texas/24-008749-003/2024(H5N1)	1581	12
PA|PP755594.1|A/cattle/Texas/24-008749-003/2024(H5N1)	1582	12
PA|PP755594.1|A/cattle/Texas/24-008749-003/2024(H5N1)	1583	12
PA|PP755594.1|A/cattle/Texas/24-008749-003/2024(H5N1)	1584	12
PA|PP755594.1|A/cattle/Texas/24-008749-003/2024(H5N1)	1585	12
PA|PP755594.1|A/cattle/Texas/24-008749-003/2024(H5N1)	1586	12
PA|PP755594.1|A/cattle/Texas/24-008749-003/2024(H5N1)	1587	12
PA|PP755594.1|A/cattle/Texas/24-008749-003/2024(H5N1)	1588	13
PA|PP755594.1|A/cattle/Texas/24-008749-003/2024(H5N1)	1589	13
PA|PP755594.1|A/cattle/Texas/24-008749-003/2024(H5N1)	1590	13
PA|PP755594.1|A/cattle/Texas/24-008749-003/2024(H5N1)	1591	13
PA|PP755594.1|A/cattle/Texas/24-008749-003/2024(H5N1)	1592	15
PA|PP755594.1|A/cattle/Texas/24-008749-003/2024(H5N1)	1593	15
PA|PP755594.1|A/cattle/Texas/24-008749-003/2024(H5N1)	1594	15
PA|PP755594.1|A/cattle/Texas/24-008749-003/2024(H5N1)	1595	15
PA|PP755594.1|A/cattle/Texas/24-008749-003/2024(H5N1)	1596	15
PA|PP755594.1|A/cattle/Texas/24-008749-003/2024(H5N1)	1597	15
PA|PP755594.1|A/cattle/Texas/24-008749-003/2024(H5N1)	1598	16
PA|PP755594.1|A/cattle/Texas/24-008749-003/2024(H5N1)	1599	16
PA|PP755594.1|A/cattle/Texas/24-008749-003/2024(H5N1)	1600	18
PA|PP755594.1|A/cattle/Texas/24-008749-003/2024(H5N1)	1601	18
PA|PP755594.1|A/cattle/Texas/24-008749-003/2024(H5N1)	1602	18
PA|PP755594.1|A/cattle/Texas/24-008749-003/2024(H5N1)	1603	18
PA|PP755594.1|A/cattle/Texas/24-008749-003/2024(H5N1)	1604	18
PA|PP755594.1|A/cattle/Texas/24-008749-003/2024(H5N1)	1605	18
PA|PP755594.1|A/cattle/Texas/24-008749-003/2024(H5N1)	1606	18
PA|PP755594.1|A/cattle/Texas/24-008749-003/2024(H5N1)	1607	19
PA|PP755594.1|A/cattle/Texas/24-008749-003/2024(H5N1)	1608	19
PA|PP755594.1|A/cattle/Texas/24-008749-003/2024(H5N1)	1609	19
PA|PP755594.1|A/cattle/Texas/24-008749-003/2024(H5N1)	1610	19
PA|PP755594.1|A/cattle/Texas/24-008749-003/2024(H5N1)	1611	19
PA|PP755594.1|A/cattle/Texas/24-008749-003/2024(H5N1)	1612	19
PA|PP755594.1|A/cattle/Texas/24-008749-003/2024(H5N1)	1613	19
PA|PP755594.1|A/cattle/Texas/24-008749-003/2024(H5N1)	1614	18
PA|PP755594.1|A/cattle/Texas/24-008749-003/2024(H5N1)	1615	19
PA|PP755594.1|A/cattle/Texas/24-008749-003/2024(H5N1)	1616	19
PA|PP755594.1|A/cattle/Texas/24-008749-003/2024(H5N1)	1617	20
PA|PP755594.1|A/cattle/Texas/24-008749-003/2024(H5N1)	1618	20
PA|PP755594.1|A/cattle/Texas/24-008749-003/2024(H5N1)	1619	20
PA|PP755594.1|A/cattle/Texas/24-008749-003/2024(H5N1)	1620	20
PA|PP755594.1|A/cattle/Texas/24-008749-003/2024(H5N1)	1621	20
PA|PP755594.1|A/cattle/Texas/24-008749-003/2024(H5N1)	1622	20
PA|PP755594.1|A/cattle/Texas/24-008749-003/2024(H5N1)	1623	17
PA|PP755594.1|A/cattle/Texas/24-008749-003/2024(H5N1)	1624	17
PA|PP755594.1|A/cattle/Texas/24-008749-003/2024(H5N1)	1625	17
PA|PP755594.1|A/cattle/Texas/24-008749-003/2024(H5N1)	1626	17
PA|PP755594.1|A/cattle/Texas/24-008749-003/2024(H5N1)	1627	17
PA|PP755594.1|A/cattle/Texas/24-008749-003/2024(H5N1)	1628	17
PA|PP755594.1|A/cattle/Texas/24-008749-003/2024(H5N1)	1629	17
PA|PP755594.1|A/cattle/Texas/24-008749-003/2024(H5N1)	1630	17
PA|PP755594.1|A/cattle/Texas/24-008749-003/2024(H5N1)	1631	17
PA|PP755594.1|A/cattle/Texas/24-008749-003/2024(H5N1)	1632	17
PA|PP755594.1|A/cattle/Texas/24-008749-003/2024(H5N1)	1633	17
PA|PP755594.1|A/cattle/Texas/24-008749-003/2024(H5N1)	1634	17
PA|PP755594.1|A/cattle/Texas/24-008749-003/2024(H5N1)	1635	17
PA|PP755594.1|A/cattle/Texas/24-008749-003/2024(H5N1)	1636	17
PA|PP755594.1|A/cattle/Texas/24-008749-003/2024(H5N1)	1637	17
PA|PP755594.1|A/cattle/Texas/24-008749-003/2024(H5N1)	1638	17
PA|PP755594.1|A/cattle/Texas/24-008749-003/2024(H5N1)	1639	17
PA|PP755594.1|A/cattle/Texas/24-008749-003/2024(H5N1)	1640	16
PA|PP755594.1|A/cattle/Texas/24-008749-003/2024(H5N1)	1641	17
PA|PP755594.1|A/cattle/Texas/24-008749-003/2024(H5N1)	1642	17
PA|PP755594.1|A/cattle/Texas/24-008749-003/2024(H5N1)	1643	17
PA|PP755594.1|A/cattle/Texas/24-008749-003/2024(H5N1)	1644	17
PA|PP755594.1|A/cattle/Texas/24-008749-003/2024(H5N1)	1645	16
PA|PP755594.1|A/cattle/Texas/24-008749-003/2024(H5N1)	1646	16
PA|PP755594.1|A/cattle/Texas/24-008749-003/2024(H5N1)	1647	16
PA|PP755594.1|A/cattle/Texas/24-008749-003/2024(H5N1)	1648	14
PA|PP755594.1|A/cattle/Texas/24-008749-003/2024(H5N1)	1649	14
PA|PP755594.1|A/cattle/Texas/24-008749-003/2024(H5N1)	1650	14
PA|PP755594.1|A/cattle/Texas/24-008749-003/2024(H5N1)	1651	14
PA|PP755594.1|A/cattle/Texas/24-008749-003/2024(H5N1)	1652	14
PA|PP755594.1|A/cattle/Texas/24-008749-003/2024(H5N1)	1653	14
PA|PP755594.1|A/cattle/Texas/24-008749-003/2024(H5N1)	1654	17
PA|PP755594.1|A/cattle/Texas/24-008749-003/2024(H5N1)	1655	17
PA|PP755594.1|A/cattle/Texas/24-008749-003/2024(H5N1)	1656	19
PA|PP755594.1|A/cattle/Texas/24-008749-003/2024(H5N1)	1657	20
PA|PP755594.1|A/cattle/Texas/24-008749-003/2024(H5N1)	1658	20
PA|PP755594.1|A/cattle/Texas/24-008749-003/2024(H5N1)	1659	20
PA|PP755594.1|A/cattle/Texas/24-008749-003/2024(H5N1)	1660	20
PA|PP755594.1|A/cattle/Texas/24-008749-003/2024(H5N1)	1661	20
PA|PP755594.1|A/cattle/Texas/24-008749-003/2024(H5N1)	1662	20
PA|PP755594.1|A/cattle/Texas/24-008749-003/2024(H5N1)	1663	20
PA|PP755594.1|A/cattle/Texas/24-008749-003/2024(H5N1)	1664	20
PA|PP755594.1|A/cattle/Texas/24-008749-003/2024(H5N1)	1665	20
PA|PP755594.1|A/cattle/Texas/24-008749-003/2024(H5N1)	1666	20
PA|PP755594.1|A/cattle/Texas/24-008749-003/2024(H5N1)	1667	20
PA|PP755594.1|A/cattle/Texas/24-008749-003/2024(H5N1)	1668	20
PA|PP755594.1|A/cattle/Texas/24-008749-003/2024(H5N1)	1669	20
PA|PP755594.1|A/cattle/Texas/24-008749-003/2024(H5N1)	1670	20
PA|PP755594.1|A/cattle/Texas/24-008749-003/2024(H5N1)	1671	20
PA|PP755594.1|A/cattle/Texas/24-008749-003/2024(H5N1)	1672	20
PA|PP755594.1|A/cattle/Texas/24-008749-003/2024(H5N1)	1673	20
PA|PP755594.1|A/cattle/Texas/24-008749-003/2024(H5N1)	1674	20
PA|PP755594.1|A/cattle/Texas/24-008749-003/2024(H5N1)	1675	20
PA|PP755594.1|A/cattle/Texas/24-008749-003/2024(H5N1)	1676	20
PA|PP755594.1|A/cattle/Texas/24-008749-003/2024(H5N1)	1677	20
PA|PP755594.1|A/cattle/Texas/24-008749-003/2024(H5N1)	1678	21
PA|PP755594.1|A/cattle/Texas/24-008749-003/2024(H5N1)	1679	22
PA|PP755594.1|A/cattle/Texas/24-008749-003/2024(H5N1)	1680	22
PA|PP755594.1|A/cattle/Texas/24-008749-003/2024(H5N1)	1681	22
PA|PP755594.1|A/cattle/Texas/24-008749-003/2024(H5N1)	1682	22
PA|PP755594.1|A/cattle/Texas/24-008749-003/2024(H5N1)	1683	22
PA|PP755594.1|A/cattle/Texas/24-008749-003/2024(H5N1)	1684	22
PA|PP755594.1|A/cattle/Texas/24-008749-003/2024(H5N1)	1685	22
PA|PP755594.1|A/cattle/Texas/24-008749-003/2024(H5N1)	1686	22
PA|PP755594.1|A/cattle/Texas/24-008749-003/2024(H5N1)	1687	22
PA|PP755594.1|A/cattle/Texas/24-008749-003/2024(H5N1)	1688	22
PA|PP755594.1|A/cattle/Texas/24-008749-003/2024(H5N1)	1689	22
PA|PP755594.1|A/cattle/Texas/24-008749-003/2024(H5N1)	1690	21
PA|PP755594.1|A/cattle/Texas/24-008749-003/2024(H5N1)	1691	21
PA|PP755594.1|A/cattle/Texas/24-008749-003/2024(H5N1)	1692	21
PA|PP755594.1|A/cattle/Texas/24-008749-003/2024(H5N1)	1693	21
PA|PP755594.1|A/cattle/Texas/24-008749-003/2024(H5N1)	1694	21
PA|PP755594.1|A/cattle/Texas/24-008749-003/2024(H5N1)	1695	21
PA|PP755594.1|A/cattle/Texas/24-008749-003/2024(H5N1)	1696	21
PA|PP755594.1|A/cattle/Texas/24-008749-003/2024(H5N1)	1697	22
PA|PP755594.1|A/cattle/Texas/24-008749-003/2024(H5N1)	1698	22
PA|PP755594.1|A/cattle/Texas/24-008749-003/2024(H5N1)	1699	22
PA|PP755594.1|A/cattle/Texas/24-008749-003/2024(H5N1)	1700	21
PA|PP755594.1|A/cattle/Texas/24-008749-003/2024(H5N1)	1701	21
PA|PP755594.1|A/cattle/Texas/24-008749-003/2024(H5N1)	1702	21
PA|PP755594.1|A/cattle/Texas/24-008749-003/2024(H5N1)	1703	21
PA|PP755594.1|A/cattle/Texas/24-008749-003/2024(H5N1)	1704	21
PA|PP755594.1|A/cattle/Texas/24-008749-003/2024(H5N1)	1705	21
PA|PP755594.1|A/cattle/Texas/24-008749-003/2024(H5N1)	1706	21
PA|PP755594.1|A/cattle/Texas/24-008749-003/2024(H5N1)	1707	21
PA|PP755594.1|A/cattle/Texas/24-008749-003/2024(H5N1)	1708	21
PA|PP755594.1|A/cattle/Texas/24-008749-003/2024(H5N1)	1709	21
PA|PP755594.1|A/cattle/Texas/24-008749-003/2024(H5N1)	1710	21
PA|PP755594.1|A/cattle/Texas/24-008749-003/2024(H5N1)	1711	21
PA|PP755594.1|A/cattle/Texas/24-008749-003/2024(H5N1)	1712	21
PA|PP755594.1|A/cattle/Texas/24-008749-003/2024(H5N1)	1713	21
PA|PP755594.1|A/cattle/Texas/24-008749-003/2024(H5N1)	1714	21
PA|PP755594.1|A/cattle/Texas/24-008749-003/2024(H5N1)	1715	23
PA|PP755594.1|A/cattle/Texas/24-008749-003/2024(H5N1)	1716	23
PA|PP755594.1|A/cattle/Texas/24-008749-003/2024(H5N1)	1717	23
PA|PP755594.1|A/cattle/Texas/24-008749-003/2024(H5N1)	1718	23
PA|PP755594.1|A/cattle/Texas/24-008749-003/2024(H5N1)	1719	23
PA|PP755594.1|A/cattle/Texas/24-008749-003/2024(H5N1)	1720	23
PA|PP755594.1|A/cattle/Texas/24-008749-003/2024(H5N1)	1721	23
PA|PP755594.1|A/cattle/Texas/24-008749-003/2024(H5N1)	1722	23
PA|PP755594.1|A/cattle/Texas/24-008749-003/2024(H5N1)	1723	23
PA|PP755594.1|A/cattle/Texas/24-008749-003/2024(H5N1)	1724	23
PA|PP755594.1|A/cattle/Texas/24-008749-003/2024(H5N1)	1725	23
PA|PP755594.1|A/cattle/Texas/24-008749-003/2024(H5N1)	1726	23
PA|PP755594.1|A/cattle/Texas/24-008749-003/2024(H5N1)	1727	23
PA|PP755594.1|A/cattle/Texas/24-008749-003/2024(H5N1)	1728	22
PA|PP755594.1|A/cattle/Texas/24-008749-003/2024(H5N1)	1729	22
PA|PP755594.1|A/cattle/Texas/24-008749-003/2024(H5N1)	1730	23
PA|PP755594.1|A/cattle/Texas/24-008749-003/2024(H5N1)	1731	23
PA|PP755594.1|A/cattle/Texas/24-008749-003/2024(H5N1)	1732	23
PA|PP755594.1|A/cattle/Texas/24-008749-003/2024(H5N1)	1733	25
PA|PP755594.1|A/cattle/Texas/24-008749-003/2024(H5N1)	1734	25
PA|PP755594.1|A/cattle/Texas/24-008749-003/2024(H5N1)	1735	26
PA|PP755594.1|A/cattle/Texas/24-008749-003/2024(H5N1)	1736	26
PA|PP755594.1|A/cattle/Texas/24-008749-003/2024(H5N1)	1737	26
PA|PP755594.1|A/cattle/Texas/24-008749-003/2024(H5N1)	1738	26
PA|PP755594.1|A/cattle/Texas/24-008749-003/2024(H5N1)	1739	25
PA|PP755594.1|A/cattle/Texas/24-008749-003/2024(H5N1)	1740	26
PA|PP755594.1|A/cattle/Texas/24-008749-003/2024(H5N1)	1741	26
PA|PP755594.1|A/cattle/Texas/24-008749-003/2024(H5N1)	1742	26
PA|PP755594.1|A/cattle/Texas/24-008749-003/2024(H5N1)	1743	24
PA|PP755594.1|A/cattle/Texas/24-008749-003/2024(H5N1)	1744	24
PA|PP755594.1|A/cattle/Texas/24-008749-003/2024(H5N1)	1745	24
PA|PP755594.1|A/cattle/Texas/24-008749-003/2024(H5N1)	1746	24
PA|PP755594.1|A/cattle/Texas/24-008749-003/2024(H5N1)	1747	23
PA|PP755594.1|A/cattle/Texas/24-008749-003/2024(H5N1)	1748	23
PA|PP755594.1|A/cattle/Texas/24-008749-003/2024(H5N1)	1749	23
PA|PP755594.1|A/cattle/Texas/24-008749-003/2024(H5N1)	1750	24
PA|PP755594.1|A/cattle/Texas/24-008749-003/2024(H5N1)	1751	22
PA|PP755594.1|A/cattle/Texas/24-008749-003/2024(H5N1)	1752	22
PA|PP755594.1|A/cattle/Texas/24-008749-003/2024(H5N1)	1753	22
PA|PP755594.1|A/cattle/Texas/24-008749-003/2024(H5N1)	1754	22
PA|PP755594.1|A/cattle/Texas/24-008749-003/2024(H5N1)	1755	22
PA|PP755594.1|A/cattle/Texas/24-008749-003/2024(H5N1)	1756	21
PA|PP755594.1|A/cattle/Texas/24-008749-003/2024(H5N1)	1757	21
PA|PP755594.1|A/cattle/Texas/24-008749-003/2024(H5N1)	1758	21
PA|PP755594.1|A/cattle/Texas/24-008749-003/2024(H5N1)	1759	21
PA|PP755594.1|A/cattle/Texas/24-008749-003/2024(H5N1)	1760	21
PA|PP755594.1|A/cattle/Texas/24-008749-003/2024(H5N1)	1761	20
PA|PP755594.1|A/cattle/Texas/24-008749-003/2024(H5N1)	1762	20
PA|PP755594.1|A/cattle/Texas/24-008749-003/2024(H5N1)	1763	20
PA|PP755594.1|A/cattle/Texas/24-008749-003/2024(H5N1)	1764	20
PA|PP755594.1|A/cattle/Texas/24-008749-003/2024(H5N1)	1765	20
PA|PP755594.1|A/cattle/Texas/24-008749-003/2024(H5N1)	1766	20
PA|PP755594.1|A/cattle/Texas/24-008749-003/2024(H5N1)	1767	19
PA|PP755594.1|A/cattle/Texas/24-008749-003/2024(H5N1)	1768	22
PA|PP755594.1|A/cattle/Texas/24-008749-003/2024(H5N1)	1769	22
PA|PP755594.1|A/cattle/Texas/24-008749-003/2024(H5N1)	1770	22
PA|PP755594.1|A/cattle/Texas/24-008749-003/2024(H5N1)	1771	22
PA|PP755594.1|A/cattle/Texas/24-008749-003/2024(H5N1)	1772	22
PA|PP755594.1|A/cattle/Texas/24-008749-003/2024(H5N1)	1773	22
PA|PP755594.1|A/cattle/Texas/24-008749-003/2024(H5N1)	1774	22
PA|PP755594.1|A/cattle/Texas/24-008749-003/2024(H5N1)	1775	22
PA|PP755594.1|A/cattle/Texas/24-008749-003/2024(H5N1)	1776	22
PA|PP755594.1|A/cattle/Texas/24-008749-003/2024(H5N1)	1777	22
PA|PP755594.1|A/cattle/Texas/24-008749-003/2024(H5N1)	1778	22
PA|PP755594.1|A/cattle/Texas/24-008749-003/2024(H5N1)	1779	22
PA|PP755594.1|A/cattle/Texas/24-008749-003/2024(H5N1)	1780	22
PA|PP755594.1|A/cattle/Texas/24-008749-003/2024(H5N1)	1781	22
PA|PP755594.1|A/cattle/Texas/24-008749-003/2024(H5N1)	1782	22
PA|PP755594.1|A/cattle/Texas/24-008749-003/2024(H5N1)	1783	22
PA|PP755594.1|A/cattle/Texas/24-008749-003/2024(H5N1)	1784	22
PA|PP755594.1|A/cattle/Texas/24-008749-003/2024(H5N1)	1785	22
PA|PP755594.1|A/cattle/Texas/24-008749-003/2024(H5N1)	1786	22
PA|PP755594.1|A/cattle/Texas/24-008749-003/2024(H5N1)	1787	22
PA|PP755594.1|A/cattle/Texas/24-008749-003/2024(H5N1)	1788	22
PA|PP755594.1|A/cattle/Texas/24-008749-003/2024(H5N1)	1789	22
PA|PP755594.1|A/cattle/Texas/24-008749-003/2024(H5N1)	1790	22
PA|PP755594.1|A/cattle/Texas/24-008749-003/2024(H5N1)	1791	22
PA|PP755594.1|A/cattle/Texas/24-008749-003/2024(H5N1)	1792	21
PA|PP755594.1|A/cattle/Texas/24-008749-003/2024(H5N1)	1793	20
PA|PP755594.1|A/cattle/Texas/24-008749-003/2024(H5N1)	1794	20
PA|PP755594.1|A/cattle/Texas/24-008749-003/2024(H5N1)	1795	20
PA|PP755594.1|A/cattle/Texas/24-008749-003/2024(H5N1)	1796	20
PA|PP755594.1|A/cattle/Texas/24-008749-003/2024(H5N1)	1797	20
PA|PP755594.1|A/cattle/Texas/24-008749-003/2024(H5N1)	1798	18
PA|PP755594.1|A/cattle/Texas/24-008749-003/2024(H5N1)	1799	18
PA|PP755594.1|A/cattle/Texas/24-008749-003/2024(H5N1)	1800	18
PA|PP755594.1|A/cattle/Texas/24-008749-003/2024(H5N1)	1801	18
PA|PP755594.1|A/cattle/Texas/24-008749-003/2024(H5N1)	1802	18
PA|PP755594.1|A/cattle/Texas/24-008749-003/2024(H5N1)	1803	18
PA|PP755594.1|A/cattle/Texas/24-008749-003/2024(H5N1)	1804	19
PA|PP755594.1|A/cattle/Texas/24-008749-003/2024(H5N1)	1805	19
PA|PP755594.1|A/cattle/Texas/24-008749-003/2024(H5N1)	1806	19
PA|PP755594.1|A/cattle/Texas/24-008749-003/2024(H5N1)	1807	17
PA|PP755594.1|A/cattle/Texas/24-008749-003/2024(H5N1)	1808	16
PA|PP755594.1|A/cattle/Texas/24-008749-003/2024(H5N1)	1809	16
PA|PP755594.1|A/cattle/Texas/24-008749-003/2024(H5N1)	1810	16
PA|PP755594.1|A/cattle/Texas/24-008749-003/2024(H5N1)	1811	16
PA|PP755594.1|A/cattle/Texas/24-008749-003/2024(H5N1)	1812	16
PA|PP755594.1|A/cattle/Texas/24-008749-003/2024(H5N1)	1813	15
PA|PP755594.1|A/cattle/Texas/24-008749-003/2024(H5N1)	1814	15
PA|PP755594.1|A/cattle/Texas/24-008749-003/2024(H5N1)	1815	16
PA|PP755594.1|A/cattle/Texas/24-008749-003/2024(H5N1)	1816	16
PA|PP755594.1|A/cattle/Texas/24-008749-003/2024(H5N1)	1817	16
PA|PP755594.1|A/cattle/Texas/24-008749-003/2024(H5N1)	1818	16
PA|PP755594.1|A/cattle/Texas/24-008749-003/2024(H5N1)	1819	16
PA|PP755594.1|A/cattle/Texas/24-008749-003/2024(H5N1)	1820	16
PA|PP755594.1|A/cattle/Texas/24-008749-003/2024(H5N1)	1821	16
PA|PP755594.1|A/cattle/Texas/24-008749-003/2024(H5N1)	1822	16
PA|PP755594.1|A/cattle/Texas/24-008749-003/2024(H5N1)	1823	16
PA|PP755594.1|A/cattle/Texas/24-008749-003/2024(H5N1)	1824	16
PA|PP755594.1|A/cattle/Texas/24-008749-003/2024(H5N1)	1825	16
PA|PP755594.1|A/cattle/Texas/24-008749-003/2024(H5N1)	1826	16
PA|PP755594.1|A/cattle/Texas/24-008749-003/2024(H5N1)	1827	16
PA|PP755594.1|A/cattle/Texas/24-008749-003/2024(H5N1)	1828	86
PA|PP755594.1|A/cattle/Texas/24-008749-003/2024(H5N1)	1829	88
PA|PP755594.1|A/cattle/Texas/24-008749-003/2024(H5N1)	1830	87
PA|PP755594.1|A/cattle/Texas/24-008749-003/2024(H5N1)	1831	87
PA|PP755594.1|A/cattle/Texas/24-008749-003/2024(H5N1)	1832	87
PA|PP755594.1|A/cattle/Texas/24-008749-003/2024(H5N1)	1833	87
PA|PP755594.1|A/cattle/Texas/24-008749-003/2024(H5N1)	1834	87
PA|PP755594.1|A/cattle/Texas/24-008749-003/2024(H5N1)	1835	87
PA|PP755594.1|A/cattle/Texas/24-008749-003/2024(H5N1)	1836	87
PA|PP755594.1|A/cattle/Texas/24-008749-003/2024(H5N1)	1837	88
PA|PP755594.1|A/cattle/Texas/24-008749-003/2024(H5N1)	1838	88
PA|PP755594.1|A/cattle/Texas/24-008749-003/2024(H5N1)	1839	88
PA|PP755594.1|A/cattle/Texas/24-008749-003/2024(H5N1)	1840	88
PA|PP755594.1|A/cattle/Texas/24-008749-003/2024(H5N1)	1841	89
PA|PP755594.1|A/cattle/Texas/24-008749-003/2024(H5N1)	1842	89
PA|PP755594.1|A/cattle/Texas/24-008749-003/2024(H5N1)	1843	89
PA|PP755594.1|A/cattle/Texas/24-008749-003/2024(H5N1)	1844	89
PA|PP755594.1|A/cattle/Texas/24-008749-003/2024(H5N1)	1845	90
PA|PP755594.1|A/cattle/Texas/24-008749-003/2024(H5N1)	1846	90
PA|PP755594.1|A/cattle/Texas/24-008749-003/2024(H5N1)	1847	89
PA|PP755594.1|A/cattle/Texas/24-008749-003/2024(H5N1)	1848	89
PA|PP755594.1|A/cattle/Texas/24-008749-003/2024(H5N1)	1849	89
PA|PP755594.1|A/cattle/Texas/24-008749-003/2024(H5N1)	1850	89
PA|PP755594.1|A/cattle/Texas/24-008749-003/2024(H5N1)	1851	88
PA|PP755594.1|A/cattle/Texas/24-008749-003/2024(H5N1)	1852	90
PA|PP755594.1|A/cattle/Texas/24-008749-003/2024(H5N1)	1853	91
PA|PP755594.1|A/cattle/Texas/24-008749-003/2024(H5N1)	1854	92
PA|PP755594.1|A/cattle/Texas/24-008749-003/2024(H5N1)	1855	92
PA|PP755594.1|A/cattle/Texas/24-008749-003/2024(H5N1)	1856	92
PA|PP755594.1|A/cattle/Texas/24-008749-003/2024(H5N1)	1857	92
PA|PP755594.1|A/cattle/Texas/24-008749-003/2024(H5N1)	1858	92
PA|PP755594.1|A/cattle/Texas/24-008749-003/2024(H5N1)	1859	91
PA|PP755594.1|A/cattle/Texas/24-008749-003/2024(H5N1)	1860	89
PA|PP755594.1|A/cattle/Texas/24-008749-003/2024(H5N1)	1861	89
PA|PP755594.1|A/cattle/Texas/24-008749-003/2024(H5N1)	1862	89
PA|PP755594.1|A/cattle/Texas/24-008749-003/2024(H5N1)	1863	89
PA|PP755594.1|A/cattle/Texas/24-008749-003/2024(H5N1)	1864	89
PA|PP755594.1|A/cattle/Texas/24-008749-003/2024(H5N1)	1865	89
PA|PP755594.1|A/cattle/Texas/24-008749-003/2024(H5N1)	1866	85
PA|PP755594.1|A/cattle/Texas/24-008749-003/2024(H5N1)	1867	87
PA|PP755594.1|A/cattle/Texas/24-008749-003/2024(H5N1)	1868	90
PA|PP755594.1|A/cattle/Texas/24-008749-003/2024(H5N1)	1869	90
PA|PP755594.1|A/cattle/Texas/24-008749-003/2024(H5N1)	1870	90
PA|PP755594.1|A/cattle/Texas/24-008749-003/2024(H5N1)	1871	90
PA|PP755594.1|A/cattle/Texas/24-008749-003/2024(H5N1)	1872	90
PA|PP755594.1|A/cattle/Texas/24-008749-003/2024(H5N1)	1873	89
PA|PP755594.1|A/cattle/Texas/24-008749-003/2024(H5N1)	1874	89
PA|PP755594.1|A/cattle/Texas/24-008749-003/2024(H5N1)	1875	89
PA|PP755594.1|A/cattle/Texas/24-008749-003/2024(H5N1)	1876	89
PA|PP755594.1|A/cattle/Texas/24-008749-003/2024(H5N1)	1877	87
PA|PP755594.1|A/cattle/Texas/24-008749-003/2024(H5N1)	1878	19
PA|PP755594.1|A/cattle/Texas/24-008749-003/2024(H5N1)	1879	19
PA|PP755594.1|A/cattle/Texas/24-008749-003/2024(H5N1)	1880	19
PA|PP755594.1|A/cattle/Texas/24-008749-003/2024(H5N1)	1881	18
PA|PP755594.1|A/cattle/Texas/24-008749-003/2024(H5N1)	1882	18
PA|PP755594.1|A/cattle/Texas/24-008749-003/2024(H5N1)	1883	18
PA|PP755594.1|A/cattle/Texas/24-008749-003/2024(H5N1)	1884	16
PA|PP755594.1|A/cattle/Texas/24-008749-003/2024(H5N1)	1885	16
PA|PP755594.1|A/cattle/Texas/24-008749-003/2024(H5N1)	1886	16
PA|PP755594.1|A/cattle/Texas/24-008749-003/2024(H5N1)	1887	16
PA|PP755594.1|A/cattle/Texas/24-008749-003/2024(H5N1)	1888	16
PA|PP755594.1|A/cattle/Texas/24-008749-003/2024(H5N1)	1889	16
PA|PP755594.1|A/cattle/Texas/24-008749-003/2024(H5N1)	1890	16
PA|PP755594.1|A/cattle/Texas/24-008749-003/2024(H5N1)	1891	15
PA|PP755594.1|A/cattle/Texas/24-008749-003/2024(H5N1)	1892	15
PA|PP755594.1|A/cattle/Texas/24-008749-003/2024(H5N1)	1893	15
PA|PP755594.1|A/cattle/Texas/24-008749-003/2024(H5N1)	1894	15
PA|PP755594.1|A/cattle/Texas/24-008749-003/2024(H5N1)	1895	15
PA|PP755594.1|A/cattle/Texas/24-008749-003/2024(H5N1)	1896	15
PA|PP755594.1|A/cattle/Texas/24-008749-003/2024(H5N1)	1897	15
PA|PP755594.1|A/cattle/Texas/24-008749-003/2024(H5N1)	1898	15
PA|PP755594.1|A/cattle/Texas/24-008749-003/2024(H5N1)	1899	15
PA|PP755594.1|A/cattle/Texas/24-008749-003/2024(H5N1)	1900	15
PA|PP755594.1|A/cattle/Texas/24-008749-003/2024(H5N1)	1901	14
PA|PP755594.1|A/cattle/Texas/24-008749-003/2024(H5N1)	1902	14
PA|PP755594.1|A/cattle/Texas/24-008749-003/2024(H5N1)	1903	14
PA|PP755594.1|A/cattle/Texas/24-008749-003/2024(H5N1)	1904	14
PA|PP755594.1|A/cattle/Texas/24-008749-003/2024(H5N1)	1905	14
PA|PP755594.1|A/cattle/Texas/24-008749-003/2024(H5N1)	1906	15
PA|PP755594.1|A/cattle/Texas/24-008749-003/2024(H5N1)	1907	15
PA|PP755594.1|A/cattle/Texas/24-008749-003/2024(H5N1)	1908	15
PA|PP755594.1|A/cattle/Texas/24-008749-003/2024(H5N1)	1909	15
PA|PP755594.1|A/cattle/Texas/24-008749-003/2024(H5N1)	1910	15
PA|PP755594.1|A/cattle/Texas/24-008749-003/2024(H5N1)	1911	15
PA|PP755594.1|A/cattle/Texas/24-008749-003/2024(H5N1)	1912	15
PA|PP755594.1|A/cattle/Texas/24-008749-003/2024(H5N1)	1913	15
PA|PP755594.1|A/cattle/Texas/24-008749-003/2024(H5N1)	1914	13
PA|PP755594.1|A/cattle/Texas/24-008749-003/2024(H5N1)	1915	13
PA|PP755594.1|A/cattle/Texas/24-008749-003/2024(H5N1)	1916	13
PA|PP755594.1|A/cattle/Texas/24-008749-003/2024(H5N1)	1917	13
PA|PP755594.1|A/cattle/Texas/24-008749-003/2024(H5N1)	1918	16
PA|PP755594.1|A/cattle/Texas/24-008749-003/2024(H5N1)	1919	17
PA|PP755594.1|A/cattle/Texas/24-008749-003/2024(H5N1)	1920	17
PA|PP755594.1|A/cattle/Texas/24-008749-003/2024(H5N1)	1921	18
PA|PP755594.1|A/cattle/Texas/24-008749-003/2024(H5N1)	1922	18
PA|PP755594.1|A/cattle/Texas/24-008749-003/2024(H5N1)	1923	20
PA|PP755594.1|A/cattle/Texas/24-008749-003/2024(H5N1)	1924	623
PA|PP755594.1|A/cattle/Texas/24-008749-003/2024(H5N1)	1925	666
PA|PP755594.1|A/cattle/Texas/24-008749-003/2024(H5N1)	1926	707
PA|PP755594.1|A/cattle/Texas/24-008749-003/2024(H5N1)	1927	710
PA|PP755594.1|A/cattle/Texas/24-008749-003/2024(H5N1)	1928	713
PA|PP755594.1|A/cattle/Texas/24-008749-003/2024(H5N1)	1929	715
PA|PP755594.1|A/cattle/Texas/24-008749-003/2024(H5N1)	1930	718
PA|PP755594.1|A/cattle/Texas/24-008749-003/2024(H5N1)	1931	723
PA|PP755594.1|A/cattle/Texas/24-008749-003/2024(H5N1)	1932	725
PA|PP755594.1|A/cattle/Texas/24-008749-003/2024(H5N1)	1933	739
PA|PP755594.1|A/cattle/Texas/24-008749-003/2024(H5N1)	1934	769
PA|PP755594.1|A/cattle/Texas/24-008749-003/2024(H5N1)	1935	770
PA|PP755594.1|A/cattle/Texas/24-008749-003/2024(H5N1)	1936	934
PA|PP755594.1|A/cattle/Texas/24-008749-003/2024(H5N1)	1937	935
PA|PP755594.1|A/cattle/Texas/24-008749-003/2024(H5N1)	1938	935
PA|PP755594.1|A/cattle/Texas/24-008749-003/2024(H5N1)	1939	944
PA|PP755594.1|A/cattle/Texas/24-008749-003/2024(H5N1)	1940	944
PA|PP755594.1|A/cattle/Texas/24-008749-003/2024(H5N1)	1941	944
PA|PP755594.1|A/cattle/Texas/24-008749-003/2024(H5N1)	1942	944
PA|PP755594.1|A/cattle/Texas/24-008749-003/2024(H5N1)	1943	944
PA|PP755594.1|A/cattle/Texas/24-008749-003/2024(H5N1)	1944	944
PA|PP755594.1|A/cattle/Texas/24-008749-003/2024(H5N1)	1945	944
PA|PP755594.1|A/cattle/Texas/24-008749-003/2024(H5N1)	1946	945
PA|PP755594.1|A/cattle/Texas/24-008749-003/2024(H5N1)	1947	994
PA|PP755594.1|A/cattle/Texas/24-008749-003/2024(H5N1)	1948	1177
PA|PP755594.1|A/cattle/Texas/24-008749-003/2024(H5N1)	1949	1201
PA|PP755594.1|A/cattle/Texas/24-008749-003/2024(H5N1)	1950	1202
PA|PP755594.1|A/cattle/Texas/24-008749-003/2024(H5N1)	1951	1203
PA|PP755594.1|A/cattle/Texas/24-008749-003/2024(H5N1)	1952	1209
PA|PP755594.1|A/cattle/Texas/24-008749-003/2024(H5N1)	1953	1447
PA|PP755594.1|A/cattle/Texas/24-008749-003/2024(H5N1)	1954	1463
PA|PP755594.1|A/cattle/Texas/24-008749-003/2024(H5N1)	1955	1476
PA|PP755594.1|A/cattle/Texas/24-008749-003/2024(H5N1)	1956	1499
PA|PP755594.1|A/cattle/Texas/24-008749-003/2024(H5N1)	1957	1506
PA|PP755594.1|A/cattle/Texas/24-008749-003/2024(H5N1)	1958	1506
PA|PP755594.1|A/cattle/Texas/24-008749-003/2024(H5N1)	1959	1507
PA|PP755594.1|A/cattle/Texas/24-008749-003/2024(H5N1)	1960	1530
PA|PP755594.1|A/cattle/Texas/24-008749-003/2024(H5N1)	1961	1567
PA|PP755594.1|A/cattle/Texas/24-008749-003/2024(H5N1)	1962	1579
PA|PP755594.1|A/cattle/Texas/24-008749-003/2024(H5N1)	1963	1582
PA|PP755594.1|A/cattle/Texas/24-008749-003/2024(H5N1)	1964	1582
PA|PP755594.1|A/cattle/Texas/24-008749-003/2024(H5N1)	1965	1586
PA|PP755594.1|A/cattle/Texas/24-008749-003/2024(H5N1)	1966	1590
PA|PP755594.1|A/cattle/Texas/24-008749-003/2024(H5N1)	1967	1601
PA|PP755594.1|A/cattle/Texas/24-008749-003/2024(H5N1)	1968	1602
PA|PP755594.1|A/cattle/Texas/24-008749-003/2024(H5N1)	1969	1606
PA|PP755594.1|A/cattle/Texas/24-008749-003/2024(H5N1)	1970	1617
PA|PP755594.1|A/cattle/Texas/24-008749-003/2024(H5N1)	1971	1644
PA|PP755594.1|A/cattle/Texas/24-008749-003/2024(H5N1)	1972	1650
PA|PP755594.1|A/cattle/Texas/24-008749-003/2024(H5N1)	1973	1659
PA|PP755594.1|A/cattle/Texas/24-008749-003/2024(H5N1)	1974	1667
PA|PP755594.1|A/cattle/Texas/24-008749-003/2024(H5N1)	1975	1678
PA|PP755594.1|A/cattle/Texas/24-008749-003/2024(H5N1)	1976	1682
PA|PP755594.1|A/cattle/Texas/24-008749-003/2024(H5N1)	1977	1682
PA|PP755594.1|A/cattle/Texas/24-008749-003/2024(H5N1)	1978	1680
PA|PP755594.1|A/cattle/Texas/24-008749-003/2024(H5N1)	1979	1647
PA|PP755594.1|A/cattle/Texas/24-008749-003/2024(H5N1)	1980	1645
PA|PP755594.1|A/cattle/Texas/24-008749-003/2024(H5N1)	1981	1645
PA|PP755594.1|A/cattle/Texas/24-008749-003/2024(H5N1)	1982	1645
PA|PP755594.1|A/cattle/Texas/24-008749-003/2024(H5N1)	1983	1583
PA|PP755594.1|A/cattle/Texas/24-008749-003/2024(H5N1)	1984	1583
PA|PP755594.1|A/cattle/Texas/24-008749-003/2024(H5N1)	1985	1583
PA|PP755594.1|A/cattle/Texas/24-008749-003/2024(H5N1)	1986	1583
PA|PP755594.1|A/cattle/Texas/24-008749-003/2024(H5N1)	1987	1588
PA|PP755594.1|A/cattle/Texas/24-008749-003/2024(H5N1)	1988	1588
PA|PP755594.1|A/cattle/Texas/24-008749-003/2024(H5N1)	1989	1588
PA|PP755594.1|A/cattle/Texas/24-008749-003/2024(H5N1)	1990	1588
PA|PP755594.1|A/cattle/Texas/24-008749-003/2024(H5N1)	1991	1588
PA|PP755594.1|A/cattle/Texas/24-008749-003/2024(H5N1)	1992	1589
PA|PP755594.1|A/cattle/Texas/24-008749-003/2024(H5N1)	1993	1644
PA|PP755594.1|A/cattle/Texas/24-008749-003/2024(H5N1)	1994	1644
PA|PP755594.1|A/cattle/Texas/24-008749-003/2024(H5N1)	1995	1654
PA|PP755594.1|A/cattle/Texas/24-008749-003/2024(H5N1)	1996	1657
PA|PP755594.1|A/cattle/Texas/24-008749-003/2024(H5N1)	1997	1657
PA|PP755594.1|A/cattle/Texas/24-008749-003/2024(H5N1)	1998	1676
PA|PP755594.1|A/cattle/Texas/24-008749-003/2024(H5N1)	1999	2050
PA|PP755594.1|A/cattle/Texas/24-008749-003/2024(H5N1)	2000	2069
PA|PP755594.1|A/cattle/Texas/24-008749-003/2024(H5N1)	2001	2105
PA|PP755594.1|A/cattle/Texas/24-008749-003/2024(H5N1)	2002	2108
PA|PP755594.1|A/cattle/Texas/24-008749-003/2024(H5N1)	2003	2117
PA|PP755594.1|A/cattle/Texas/24-008749-003/2024(H5N1)	2004	2157
PA|PP755594.1|A/cattle/Texas/24-008749-003/2024(H5N1)	2005	2170
PA|PP755594.1|A/cattle/Texas/24-008749-003/2024(H5N1)	2006	2171
PA|PP755594.1|A/cattle/Texas/24-008749-003/2024(H5N1)	2007	2187
PA|PP755594.1|A/cattle/Texas/24-008749-003/2024(H5N1)	2008	2187
PA|PP755594.1|A/cattle/Texas/24-008749-003/2024(H5N1)	2009	2187
PA|PP755594.1|A/cattle/Texas/24-008749-003/2024(H5N1)	2010	2185
PA|PP755594.1|A/cattle/Texas/24-008749-003/2024(H5N1)	2011	2211
PA|PP755594.1|A/cattle/Texas/24-008749-003/2024(H5N1)	2012	2204
PA|PP755594.1|A/cattle/Texas/24-008749-003/2024(H5N1)	2013	2206
PA|PP755594.1|A/cattle/Texas/24-008749-003/2024(H5N1)	2014	2232
PA|PP755594.1|A/cattle/Texas/24-008749-003/2024(H5N1)	2015	2234
PA|PP755594.1|A/cattle/Texas/24-008749-003/2024(H5N1)	2016	2240
PA|PP755594.1|A/cattle/Texas/24-008749-003/2024(H5N1)	2017	2240
PA|PP755594.1|A/cattle/Texas/24-008749-003/2024(H5N1)	2018	2229
PA|PP755594.1|A/cattle/Texas/24-008749-003/2024(H5N1)	2019	2241
PA|PP755594.1|A/cattle/Texas/24-008749-003/2024(H5N1)	2020	2242
PA|PP755594.1|A/cattle/Texas/24-008749-003/2024(H5N1)	2021	2250
PA|PP755594.1|A/cattle/Texas/24-008749-003/2024(H5N1)	2022	2237
PA|PP755594.1|A/cattle/Texas/24-008749-003/2024(H5N1)	2023	2167
PA|PP755594.1|A/cattle/Texas/24-008749-003/2024(H5N1)	2024	2181
PA|PP755594.1|A/cattle/Texas/24-008749-003/2024(H5N1)	2025	2183
PA|PP755594.1|A/cattle/Texas/24-008749-003/2024(H5N1)	2026	2167
PA|PP755594.1|A/cattle/Texas/24-008749-003/2024(H5N1)	2027	2162
PA|PP755594.1|A/cattle/Texas/24-008749-003/2024(H5N1)	2028	2160
PA|PP755594.1|A/cattle/Texas/24-008749-003/2024(H5N1)	2029	2194
PA|PP755594.1|A/cattle/Texas/24-008749-003/2024(H5N1)	2030	2180
PA|PP755594.1|A/cattle/Texas/24-008749-003/2024(H5N1)	2031	2205
PA|PP755594.1|A/cattle/Texas/24-008749-003/2024(H5N1)	2032	2270
PA|PP755594.1|A/cattle/Texas/24-008749-003/2024(H5N1)	2033	2172
PA|PP755594.1|A/cattle/Texas/24-008749-003/2024(H5N1)	2034	2194
PA|PP755594.1|A/cattle/Texas/24-008749-003/2024(H5N1)	2035	2198
PA|PP755594.1|A/cattle/Texas/24-008749-003/2024(H5N1)	2036	2203
PA|PP755594.1|A/cattle/Texas/24-008749-003/2024(H5N1)	2037	2216
PA|PP755594.1|A/cattle/Texas/24-008749-003/2024(H5N1)	2038	2216
PA|PP755594.1|A/cattle/Texas/24-008749-003/2024(H5N1)	2039	2219
PA|PP755594.1|A/cattle/Texas/24-008749-003/2024(H5N1)	2040	2191
PA|PP755594.1|A/cattle/Texas/24-008749-003/2024(H5N1)	2041	2196
PA|PP755594.1|A/cattle/Texas/24-008749-003/2024(H5N1)	2042	2300
PA|PP755594.1|A/cattle/Texas/24-008749-003/2024(H5N1)	2043	2297
PA|PP755594.1|A/cattle/Texas/24-008749-003/2024(H5N1)	2044	2297
PA|PP755594.1|A/cattle/Texas/24-008749-003/2024(H5N1)	2045	2302
PA|PP755594.1|A/cattle/Texas/24-008749-003/2024(H5N1)	2046	2288
PA|PP755594.1|A/cattle/Texas/24-008749-003/2024(H5N1)	2047	2290
PA|PP755594.1|A/cattle/Texas/24-008749-003/2024(H5N1)	2048	2287
PA|PP755594.1|A/cattle/Texas/24-008749-003/2024(H5N1)	2049	2294
PA|PP755594.1|A/cattle/Texas/24-008749-003/2024(H5N1)	2050	1903
PA|PP755594.1|A/cattle/Texas/24-008749-003/2024(H5N1)	2051	2280
PA|PP755594.1|A/cattle/Texas/24-008749-003/2024(H5N1)	2052	2278
PA|PP755594.1|A/cattle/Texas/24-008749-003/2024(H5N1)	2053	2286
PA|PP755594.1|A/cattle/Texas/24-008749-003/2024(H5N1)	2054	2244
PA|PP755594.1|A/cattle/Texas/24-008749-003/2024(H5N1)	2055	2252
PA|PP755594.1|A/cattle/Texas/24-008749-003/2024(H5N1)	2056	2227
PA|PP755594.1|A/cattle/Texas/24-008749-003/2024(H5N1)	2057	2218
PA|PP755594.1|A/cattle/Texas/24-008749-003/2024(H5N1)	2058	2449
PA|PP755594.1|A/cattle/Texas/24-008749-003/2024(H5N1)	2059	2448
PA|PP755594.1|A/cattle/Texas/24-008749-003/2024(H5N1)	2060	2464
PA|PP755594.1|A/cattle/Texas/24-008749-003/2024(H5N1)	2061	2465
PA|PP755594.1|A/cattle/Texas/24-008749-003/2024(H5N1)	2062	2386
PA|PP755594.1|A/cattle/Texas/24-008749-003/2024(H5N1)	2063	2413
PA|PP755594.1|A/cattle/Texas/24-008749-003/2024(H5N1)	2064	2397
PA|PP755594.1|A/cattle/Texas/24-008749-003/2024(H5N1)	2065	2389
PA|PP755594.1|A/cattle/Texas/24-008749-003/2024(H5N1)	2066	2408
PA|PP755594.1|A/cattle/Texas/24-008749-003/2024(H5N1)	2067	2333
PA|PP755594.1|A/cattle/Texas/24-008749-003/2024(H5N1)	2068	2375
PA|PP755594.1|A/cattle/Texas/24-008749-003/2024(H5N1)	2069	2374
PA|PP755594.1|A/cattle/Texas/24-008749-003/2024(H5N1)	2070	2372
PA|PP755594.1|A/cattle/Texas/24-008749-003/2024(H5N1)	2071	2377
PA|PP755594.1|A/cattle/Texas/24-008749-003/2024(H5N1)	2072	2367
PA|PP755594.1|A/cattle/Texas/24-008749-003/2024(H5N1)	2073	2365
PA|PP755594.1|A/cattle/Texas/24-008749-003/2024(H5N1)	2074	2363
PA|PP755594.1|A/cattle/Texas/24-008749-003/2024(H5N1)	2075	2299
PA|PP755594.1|A/cattle/Texas/24-008749-003/2024(H5N1)	2076	2306
PA|PP755594.1|A/cattle/Texas/24-008749-003/2024(H5N1)	2077	2154
PA|PP755594.1|A/cattle/Texas/24-008749-003/2024(H5N1)	2078	2149
PA|PP755594.1|A/cattle/Texas/24-008749-003/2024(H5N1)	2079	2134
PA|PP755594.1|A/cattle/Texas/24-008749-003/2024(H5N1)	2080	2120
PA|PP755594.1|A/cattle/Texas/24-008749-003/2024(H5N1)	2081	2115
PA|PP755594.1|A/cattle/Texas/24-008749-003/2024(H5N1)	2082	2120
PA|PP755594.1|A/cattle/Texas/24-008749-003/2024(H5N1)	2083	2120
PA|PP755594.1|A/cattle/Texas/24-008749-003/2024(H5N1)	2084	2118
PA|PP755594.1|A/cattle/Texas/24-008749-003/2024(H5N1)	2085	2072
PA|PP755594.1|A/cattle/Texas/24-008749-003/2024(H5N1)	2086	2074
PA|PP755594.1|A/cattle/Texas/24-008749-003/2024(H5N1)	2087	2066
PA|PP755594.1|A/cattle/Texas/24-008749-003/2024(H5N1)	2088	2037
PA|PP755594.1|A/cattle/Texas/24-008749-003/2024(H5N1)	2089	2034
PA|PP755594.1|A/cattle/Texas/24-008749-003/2024(H5N1)	2090	2033
PA|PP755594.1|A/cattle/Texas/24-008749-003/2024(H5N1)	2091	2001
PA|PP755594.1|A/cattle/Texas/24-008749-003/2024(H5N1)	2092	1997
PA|PP755594.1|A/cattle/Texas/24-008749-003/2024(H5N1)	2093	1984
PA|PP755594.1|A/cattle/Texas/24-008749-003/2024(H5N1)	2094	1967
PA|PP755594.1|A/cattle/Texas/24-008749-003/2024(H5N1)	2095	1958
PA|PP755594.1|A/cattle/Texas/24-008749-003/2024(H5N1)	2096	1962
PA|PP755594.1|A/cattle/Texas/24-008749-003/2024(H5N1)	2097	1964
PA|PP755594.1|A/cattle/Texas/24-008749-003/2024(H5N1)	2098	1957
PA|PP755594.1|A/cattle/Texas/24-008749-003/2024(H5N1)	2099	1925
PA|PP755594.1|A/cattle/Texas/24-008749-003/2024(H5N1)	2100	1867
PA|PP755594.1|A/cattle/Texas/24-008749-003/2024(H5N1)	2101	1862
PA|PP755594.1|A/cattle/Texas/24-008749-003/2024(H5N1)	2102	1861
PA|PP755594.1|A/cattle/Texas/24-008749-003/2024(H5N1)	2103	1863
PA|PP755594.1|A/cattle/Texas/24-008749-003/2024(H5N1)	2104	1848
PA|PP755594.1|A/cattle/Texas/24-008749-003/2024(H5N1)	2105	1825
PA|PP755594.1|A/cattle/Texas/24-008749-003/2024(H5N1)	2106	1822
PA|PP755594.1|A/cattle/Texas/24-008749-003/2024(H5N1)	2107	1795
PA|PP755594.1|A/cattle/Texas/24-008749-003/2024(H5N1)	2108	1791
PA|PP755594.1|A/cattle/Texas/24-008749-003/2024(H5N1)	2109	1791
PA|PP755594.1|A/cattle/Texas/24-008749-003/2024(H5N1)	2110	1790
PA|PP755594.1|A/cattle/Texas/24-008749-003/2024(H5N1)	2111	1793
PA|PP755594.1|A/cattle/Texas/24-008749-003/2024(H5N1)	2112	1736
PA|PP755594.1|A/cattle/Texas/24-008749-003/2024(H5N1)	2113	1727
PA|PP755594.1|A/cattle/Texas/24-008749-003/2024(H5N1)	2114	1722
PA|PP755594.1|A/cattle/Texas/24-008749-003/2024(H5N1)	2115	1722
PA|PP755594.1|A/cattle/Texas/24-008749-003/2024(H5N1)	2116	1724
PA|PP755594.1|A/cattle/Texas/24-008749-003/2024(H5N1)	2117	1705
PA|PP755594.1|A/cattle/Texas/24-008749-003/2024(H5N1)	2118	1709
PA|PP755594.1|A/cattle/Texas/24-008749-003/2024(H5N1)	2119	1704
PA|PP755594.1|A/cattle/Texas/24-008749-003/2024(H5N1)	2120	1701
PA|PP755594.1|A/cattle/Texas/24-008749-003/2024(H5N1)	2121	1681
PA|PP755594.1|A/cattle/Texas/24-008749-003/2024(H5N1)	2122	1663
PA|PP755594.1|A/cattle/Texas/24-008749-003/2024(H5N1)	2123	1667
PA|PP755594.1|A/cattle/Texas/24-008749-003/2024(H5N1)	2124	1664
PA|PP755594.1|A/cattle/Texas/24-008749-003/2024(H5N1)	2125	1646
PA|PP755594.1|A/cattle/Texas/24-008749-003/2024(H5N1)	2126	1643
PA|PP755594.1|A/cattle/Texas/24-008749-003/2024(H5N1)	2127	1576
PA|PP755594.1|A/cattle/Texas/24-008749-003/2024(H5N1)	2128	1573
PA|PP755594.1|A/cattle/Texas/24-008749-003/2024(H5N1)	2129	1572
PA|PP755594.1|A/cattle/Texas/24-008749-003/2024(H5N1)	2130	1571
PA|PP755594.1|A/cattle/Texas/24-008749-003/2024(H5N1)	2131	1566
PA|PP755594.1|A/cattle/Texas/24-008749-003/2024(H5N1)	2132	1541
PA|PP755594.1|A/cattle/Texas/24-008749-003/2024(H5N1)	2133	1529
PA|PP755594.1|A/cattle/Texas/24-008749-003/2024(H5N1)	2134	1528
PA|PP755594.1|A/cattle/Texas/24-008749-003/2024(H5N1)	2135	1516
PA|PP755594.1|A/cattle/Texas/24-008749-003/2024(H5N1)	2136	1510
PA|PP755594.1|A/cattle/Texas/24-008749-003/2024(H5N1)	2137	1507
PA|PP755594.1|A/cattle/Texas/24-008749-003/2024(H5N1)	2138	1482
PA|PP755594.1|A/cattle/Texas/24-008749-003/2024(H5N1)	2139	1444
PA|PP755594.1|A/cattle/Texas/24-008749-003/2024(H5N1)	2140	1435
PA|PP755594.1|A/cattle/Texas/24-008749-003/2024(H5N1)	2141	1428
PA|PP755594.1|A/cattle/Texas/24-008749-003/2024(H5N1)	2142	1417
PA|PP755594.1|A/cattle/Texas/24-008749-003/2024(H5N1)	2143	1414
PA|PP755594.1|A/cattle/Texas/24-008749-003/2024(H5N1)	2144	1332
PA|PP755594.1|A/cattle/Texas/24-008749-003/2024(H5N1)	2145	1332
PA|PP755594.1|A/cattle/Texas/24-008749-003/2024(H5N1)	2146	1324
PA|PP755594.1|A/cattle/Texas/24-008749-003/2024(H5N1)	2147	1323
PA|PP755594.1|A/cattle/Texas/24-008749-003/2024(H5N1)	2148	1321
PA|PP755594.1|A/cattle/Texas/24-008749-003/2024(H5N1)	2149	1314
PA|PP755594.1|A/cattle/Texas/24-008749-003/2024(H5N1)	2150	1276
PA|PP755594.1|A/cattle/Texas/24-008749-003/2024(H5N1)	2151	1266
