PA|PP755594.1|A/cattle/Texas/24-008749-003/2024(H5N1)	1	4395
PA|PP755594.1|A/cattle/Texas/24-008749-003/2024(H5N1)	2	4402
PA|PP755594.1|A/cattle/Texas/24-008749-003/2024(H5N1)	3	4462
PA|PP755594.1|A/cattle/Texas/24-008749-003/2024(H5N1)	4	4469
PA|PP755594.1|A/cattle/Texas/24-008749-003/2024(H5N1)	5	4470
PA|PP755594.1|A/cattle/Texas/24-008749-003/2024(H5N1)	6	4471
PA|PP755594.1|A/cattle/Texas/24-008749-003/2024(H5N1)	7	4519
PA|PP755594.1|A/cattle/Texas/24-008749-003/2024(H5N1)	8	4569
PA|PP755594.1|A/cattle/Texas/24-008749-003/2024(H5N1)	9	4570
PA|PP755594.1|A/cattle/Texas/24-008749-003/2024(H5N1)	10	4597
PA|PP755594.1|A/cattle/Texas/24-008749-003/2024(H5N1)	11	4620
PA|PP755594.1|A/cattle/Texas/24-008749-003/2024(H5N1)	12	4620
PA|PP755594.1|A/cattle/Texas/24-008749-003/2024(H5N1)	13	4667
PA|PP755594.1|A/cattle/Texas/24-008749-003/2024(H5N1)	14	4670
PA|PP755594.1|A/cattle/Texas/24-008749-003/2024(H5N1)	15	4676
PA|PP755594.1|A/cattle/Texas/24-008749-003/2024(H5N1)	16	4767
PA|PP755594.1|A/cattle/Texas/24-008749-003/2024(H5N1)	17	4772
PA|PP755594.1|A/cattle/Texas/24-008749-003/2024(H5N1)	18	4900
PA|PP755594.1|A/cattle/Texas/24-008749-003/2024(H5N1)	19	4950
PA|PP755594.1|A/cattle/Texas/24-008749-003/2024(H5N1)	20	4950
PA|PP755594.1|A/cattle/Texas/24-008749-003/2024(H5N1)	21	4975
PA|PP755594.1|A/cattle/Texas/24-008749-003/2024(H5N1)	22	5001
PA|PP755594.1|A/cattle/Texas/24-008749-003/2024(H5N1)	23	5212
PA|PP755594.1|A/cattle/Texas/24-008749-003/2024(H5N1)	24	5419
PA|PP755594.1|A/cattle/Texas/24-008749-003/2024(H5N1)	25	5426
PA|PP755594.1|A/cattle/Texas/24-008749-003/2024(H5N1)	26	5429
PA|PP755594.1|A/cattle/Texas/24-008749-003/2024(H5N1)	27	5431
PA|PP755594.1|A/cattle/Texas/24-008749-003/2024(H5N1)	28	5461
PA|PP755594.1|A/cattle/Texas/24-008749-003/2024(H5N1)	29	5739
PA|PP755594.1|A/cattle/Texas/24-008749-003/2024(H5N1)	30	5755
PA|PP755594.1|A/cattle/Texas/24-008749-003/2024(H5N1)	31	5768
PA|PP755594.1|A/cattle/Texas/24-008749-003/2024(H5N1)	32	5767
PA|PP755594.1|A/cattle/Texas/24-008749-003/2024(H5N1)	33	5782
PA|PP755594.1|A/cattle/Texas/24-008749-003/2024(H5N1)	34	5786
PA|PP755594.1|A/cattle/Texas/24-008749-003/2024(H5N1)	35	5848
PA|PP755594.1|A/cattle/Texas/24-008749-003/2024(H5N1)	36	5851
PA|PP755594.1|A/cattle/Texas/24-008749-003/2024(H5N1)	37	5921
PA|PP755594.1|A/cattle/Texas/24-008749-003/2024(H5N1)	38	5958
PA|PP755594.1|A/cattle/Texas/24-008749-003/2024(H5N1)	39	5997
PA|PP755594.1|A/cattle/Texas/24-008749-003/2024(H5N1)	40	6000
PA|PP755594.1|A/cattle/Texas/24-008749-003/2024(H5N1)	41	6001
PA|PP755594.1|A/cattle/Texas/24-008749-003/2024(H5N1)	42	6013
PA|PP755594.1|A/cattle/Texas/24-008749-003/2024(H5N1)	43	6016
PA|PP755594.1|A/cattle/Texas/24-008749-003/2024(H5N1)	44	6048
PA|PP755594.1|A/cattle/Texas/24-008749-003/2024(H5N1)	45	6053
PA|PP755594.1|A/cattle/Texas/24-008749-003/2024(H5N1)	46	6069
PA|PP755594.1|A/cattle/Texas/24-008749-003/2024(H5N1)	47	6064
PA|PP755594.1|A/cattle/Texas/24-008749-003/2024(H5N1)	48	6070
PA|PP755594.1|A/cattle/Texas/24-008749-003/2024(H5N1)	49	6090
PA|PP755594.1|A/cattle/Texas/24-008749-003/2024(H5N1)	50	6117
PA|PP755594.1|A/cattle/Texas/24-008749-003/2024(H5N1)	51	6128
PA|PP755594.1|A/cattle/Texas/24-008749-003/2024(H5N1)	52	6139
PA|PP755594.1|A/cattle/Texas/24-008749-003/2024(H5N1)	53	6141
PA|PP755594.1|A/cattle/Texas/24-008749-003/2024(H5N1)	54	6151
PA|PP755594.1|A/cattle/Texas/24-008749-003/2024(H5N1)	55	6151
PA|PP755594.1|A/cattle/Texas/24-008749-003/2024(H5N1)	56	6165
PA|PP755594.1|A/cattle/Texas/24-008749-003/2024(H5N1)	57	6257
PA|PP755594.1|A/cattle/Texas/24-008749-003/2024(H5N1)	58	6256
PA|PP755594.1|A/cattle/Texas/24-008749-003/2024(H5N1)	59	6325
PA|PP755594.1|A/cattle/Texas/24-008749-003/2024(H5N1)	60	6331
PA|PP755594.1|A/cattle/Texas/24-008749-003/2024(H5N1)	61	6378
PA|PP755594.1|A/cattle/Texas/24-008749-003/2024(H5N1)	62	6400
PA|PP755594.1|A/cattle/Texas/24-008749-003/2024(H5N1)	63	6449
PA|PP755594.1|A/cattle/Texas/24-008749-003/2024(H5N1)	64	6482
PA|PP755594.1|A/cattle/Texas/24-008749-003/2024(H5N1)	65	6486
PA|PP755594.1|A/cattle/Texas/24-008749-003/2024(H5N1)	66	6493
PA|PP755594.1|A/cattle/Texas/24-008749-003/2024(H5N1)	67	6616
PA|PP755594.1|A/cattle/Texas/24-008749-003/2024(H5N1)	68	6646
PA|PP755594.1|A/cattle/Texas/24-008749-003/2024(H5N1)	69	6906
PA|PP755594.1|A/cattle/Texas/24-008749-003/2024(H5N1)	70	6996
PA|PP755594.1|A/cattle/Texas/24-008749-003/2024(H5N1)	71	7015
PA|PP755594.1|A/cattle/Texas/24-008749-003/2024(H5N1)	72	7038
PA|PP755594.1|A/cattle/Texas/24-008749-003/2024(H5N1)	73	7056
PA|PP755594.1|A/cattle/Texas/24-008749-003/2024(H5N1)	74	7084
PA|PP755594.1|A/cattle/Texas/24-008749-003/2024(H5N1)	75	7087
PA|PP755594.1|A/cattle/Texas/24-008749-003/2024(H5N1)	76	7085
PA|PP755594.1|A/cattle/Texas/24-008749-003/2024(H5N1)	77	7086
PA|PP755594.1|A/cattle/Texas/24-008749-003/2024(H5N1)	78	7054
PA|PP755594.1|A/cattle/Texas/24-008749-003/2024(H5N1)	79	7064
PA|PP755594.1|A/cattle/Texas/24-008749-003/2024(H5N1)	80	7069
PA|PP755594.1|A/cattle/Texas/24-008749-003/2024(H5N1)	81	7090
PA|PP755594.1|A/cattle/Texas/24-008749-003/2024(H5N1)	82	7101
PA|PP755594.1|A/cattle/Texas/24-008749-003/2024(H5N1)	83	7108
PA|PP755594.1|A/cattle/Texas/24-008749-003/2024(H5N1)	84	7109
PA|PP755594.1|A/cattle/Texas/24-008749-003/2024(H5N1)	85	7115
PA|PP755594.1|A/cattle/Texas/24-008749-003/2024(H5N1)	86	7114
PA|PP755594.1|A/cattle/Texas/24-008749-003/2024(H5N1)	87	7135
PA|PP755594.1|A/cattle/Texas/24-008749-003/2024(H5N1)	88	7138
PA|PP755594.1|A/cattle/Texas/24-008749-003/2024(H5N1)	89	7139
PA|PP755594.1|A/cattle/Texas/24-008749-003/2024(H5N1)	90	7135
PA|PP755594.1|A/cattle/Texas/24-008749-003/2024(H5N1)	91	7135
PA|PP755594.1|A/cattle/Texas/24-008749-003/2024(H5N1)	92	7163
PA|PP755594.1|A/cattle/Texas/24-008749-003/2024(H5N1)	93	7165
PA|PP755594.1|A/cattle/Texas/24-008749-003/2024(H5N1)	94	7245
PA|PP755594.1|A/cattle/Texas/24-008749-003/2024(H5N1)	95	7262
PA|PP755594.1|A/cattle/Texas/24-008749-003/2024(H5N1)	96	7265
PA|PP755594.1|A/cattle/Texas/24-008749-003/2024(H5N1)	97	7287
PA|PP755594.1|A/cattle/Texas/24-008749-003/2024(H5N1)	98	7289
PA|PP755594.1|A/cattle/Texas/24-008749-003/2024(H5N1)	99	7400
PA|PP755594.1|A/cattle/Texas/24-008749-003/2024(H5N1)	100	7424
PA|PP755594.1|A/cattle/Texas/24-008749-003/2024(H5N1)	101	7440
PA|PP755594.1|A/cattle/Texas/24-008749-003/2024(H5N1)	102	7445
PA|PP755594.1|A/cattle/Texas/24-008749-003/2024(H5N1)	103	7448
PA|PP755594.1|A/cattle/Texas/24-008749-003/2024(H5N1)	104	7447
PA|PP755594.1|A/cattle/Texas/24-008749-003/2024(H5N1)	105	7439
PA|PP755594.1|A/cattle/Texas/24-008749-003/2024(H5N1)	106	7431
PA|PP755594.1|A/cattle/Texas/24-008749-003/2024(H5N1)	107	7413
PA|PP755594.1|A/cattle/Texas/24-008749-003/2024(H5N1)	108	7409
PA|PP755594.1|A/cattle/Texas/24-008749-003/2024(H5N1)	109	7616
PA|PP755594.1|A/cattle/Texas/24-008749-003/2024(H5N1)	110	7769
PA|PP755594.1|A/cattle/Texas/24-008749-003/2024(H5N1)	111	7890
PA|PP755594.1|A/cattle/Texas/24-008749-003/2024(H5N1)	112	7924
PA|PP755594.1|A/cattle/Texas/24-008749-003/2024(H5N1)	113	7943
PA|PP755594.1|A/cattle/Texas/24-008749-003/2024(H5N1)	114	8089
PA|PP755594.1|A/cattle/Texas/24-008749-003/2024(H5N1)	115	8108
PA|PP755594.1|A/cattle/Texas/24-008749-003/2024(H5N1)	116	8139
PA|PP755594.1|A/cattle/Texas/24-008749-003/2024(H5N1)	117	8406
PA|PP755594.1|A/cattle/Texas/24-008749-003/2024(H5N1)	118	8396
PA|PP755594.1|A/cattle/Texas/24-008749-003/2024(H5N1)	119	8387
PA|PP755594.1|A/cattle/Texas/24-008749-003/2024(H5N1)	120	8350
PA|PP755594.1|A/cattle/Texas/24-008749-003/2024(H5N1)	121	8346
PA|PP755594.1|A/cattle/Texas/24-008749-003/2024(H5N1)	122	8310
PA|PP755594.1|A/cattle/Texas/24-008749-003/2024(H5N1)	123	8225
PA|PP755594.1|A/cattle/Texas/24-008749-003/2024(H5N1)	124	8152
PA|PP755594.1|A/cattle/Texas/24-008749-003/2024(H5N1)	125	8134
PA|PP755594.1|A/cattle/Texas/24-008749-003/2024(H5N1)	126	6628
PA|PP755594.1|A/cattle/Texas/24-008749-003/2024(H5N1)	127	5258
PA|PP755594.1|A/cattle/Texas/24-008749-003/2024(H5N1)	128	4886
PA|PP755594.1|A/cattle/Texas/24-008749-003/2024(H5N1)	129	4492
PA|PP755594.1|A/cattle/Texas/24-008749-003/2024(H5N1)	130	4491
PA|PP755594.1|A/cattle/Texas/24-008749-003/2024(H5N1)	131	4491
PA|PP755594.1|A/cattle/Texas/24-008749-003/2024(H5N1)	132	4466
PA|PP755594.1|A/cattle/Texas/24-008749-003/2024(H5N1)	133	6342
PA|PP755594.1|A/cattle/Texas/24-008749-003/2024(H5N1)	134	6410
PA|PP755594.1|A/cattle/Texas/24-008749-003/2024(H5N1)	135	6506
PA|PP755594.1|A/cattle/Texas/24-008749-003/2024(H5N1)	136	6708
PA|PP755594.1|A/cattle/Texas/24-008749-003/2024(H5N1)	137	6742
PA|PP755594.1|A/cattle/Texas/24-008749-003/2024(H5N1)	138	6664
PA|PP755594.1|A/cattle/Texas/24-008749-003/2024(H5N1)	139	6665
PA|PP755594.1|A/cattle/Texas/24-008749-003/2024(H5N1)	140	6726
PA|PP755594.1|A/cattle/Texas/24-008749-003/2024(H5N1)	141	6750
PA|PP755594.1|A/cattle/Texas/24-008749-003/2024(H5N1)	142	6730
PA|PP755594.1|A/cattle/Texas/24-008749-003/2024(H5N1)	143	6693
PA|PP755594.1|A/cattle/Texas/24-008749-003/2024(H5N1)	144	6632
PA|PP755594.1|A/cattle/Texas/24-008749-003/2024(H5N1)	145	6600
PA|PP755594.1|A/cattle/Texas/24-008749-003/2024(H5N1)	146	6596
PA|PP755594.1|A/cattle/Texas/24-008749-003/2024(H5N1)	147	6585
PA|PP755594.1|A/cattle/Texas/24-008749-003/2024(H5N1)	148	6709
PA|PP755594.1|A/cattle/Texas/24-008749-003/2024(H5N1)	149	6864
PA|PP755594.1|A/cattle/Texas/24-008749-003/2024(H5N1)	150	6813
PA|PP755594.1|A/cattle/Texas/24-008749-003/2024(H5N1)	151	6818
PA|PP755594.1|A/cattle/Texas/24-008749-003/2024(H5N1)	152	6750
PA|PP755594.1|A/cattle/Texas/24-008749-003/2024(H5N1)	153	6727
PA|PP755594.1|A/cattle/Texas/24-008749-003/2024(H5N1)	154	6730
PA|PP755594.1|A/cattle/Texas/24-008749-003/2024(H5N1)	155	6728
PA|PP755594.1|A/cattle/Texas/24-008749-003/2024(H5N1)	156	6728
PA|PP755594.1|A/cattle/Texas/24-008749-003/2024(H5N1)	157	6699
PA|PP755594.1|A/cattle/Texas/24-008749-003/2024(H5N1)	158	6656
PA|PP755594.1|A/cattle/Texas/24-008749-003/2024(H5N1)	159	6609
PA|PP755594.1|A/cattle/Texas/24-008749-003/2024(H5N1)	160	6668
PA|PP755594.1|A/cattle/Texas/24-008749-003/2024(H5N1)	161	6667
PA|PP755594.1|A/cattle/Texas/24-008749-003/2024(H5N1)	162	6648
PA|PP755594.1|A/cattle/Texas/24-008749-003/2024(H5N1)	163	6648
PA|PP755594.1|A/cattle/Texas/24-008749-003/2024(H5N1)	164	6601
PA|PP755594.1|A/cattle/Texas/24-008749-003/2024(H5N1)	165	6588
PA|PP755594.1|A/cattle/Texas/24-008749-003/2024(H5N1)	166	6680
PA|PP755594.1|A/cattle/Texas/24-008749-003/2024(H5N1)	167	6607
PA|PP755594.1|A/cattle/Texas/24-008749-003/2024(H5N1)	168	6605
PA|PP755594.1|A/cattle/Texas/24-008749-003/2024(H5N1)	169	6458
PA|PP755594.1|A/cattle/Texas/24-008749-003/2024(H5N1)	170	6452
PA|PP755594.1|A/cattle/Texas/24-008749-003/2024(H5N1)	171	6433
PA|PP755594.1|A/cattle/Texas/24-008749-003/2024(H5N1)	172	6407
PA|PP755594.1|A/cattle/Texas/24-008749-003/2024(H5N1)	173	6384
PA|PP755594.1|A/cattle/Texas/24-008749-003/2024(H5N1)	174	6152
PA|PP755594.1|A/cattle/Texas/24-008749-003/2024(H5N1)	175	5979
PA|PP755594.1|A/cattle/Texas/24-008749-003/2024(H5N1)	176	5971
PA|PP755594.1|A/cattle/Texas/24-008749-003/2024(H5N1)	177	5968
PA|PP755594.1|A/cattle/Texas/24-008749-003/2024(H5N1)	178	5966
PA|PP755594.1|A/cattle/Texas/24-008749-003/2024(H5N1)	179	5736
PA|PP755594.1|A/cattle/Texas/24-008749-003/2024(H5N1)	180	5696
PA|PP755594.1|A/cattle/Texas/24-008749-003/2024(H5N1)	181	5678
PA|PP755594.1|A/cattle/Texas/24-008749-003/2024(H5N1)	182	5663
PA|PP755594.1|A/cattle/Texas/24-008749-003/2024(H5N1)	183	5513
PA|PP755594.1|A/cattle/Texas/24-008749-003/2024(H5N1)	184	5493
PA|PP755594.1|A/cattle/Texas/24-008749-003/2024(H5N1)	185	5490
PA|PP755594.1|A/cattle/Texas/24-008749-003/2024(H5N1)	186	5414
PA|PP755594.1|A/cattle/Texas/24-008749-003/2024(H5N1)	187	5414
PA|PP755594.1|A/cattle/Texas/24-008749-003/2024(H5N1)	188	5414
PA|PP755594.1|A/cattle/Texas/24-008749-003/2024(H5N1)	189	5375
PA|PP755594.1|A/cattle/Texas/24-008749-003/2024(H5N1)	190	5866
PA|PP755594.1|A/cattle/Texas/24-008749-003/2024(H5N1)	191	6004
PA|PP755594.1|A/cattle/Texas/24-008749-003/2024(H5N1)	192	6004
PA|PP755594.1|A/cattle/Texas/24-008749-003/2024(H5N1)	193	6004
PA|PP755594.1|A/cattle/Texas/24-008749-003/2024(H5N1)	194	5968
PA|PP755594.1|A/cattle/Texas/24-008749-003/2024(H5N1)	195	5962
PA|PP755594.1|A/cattle/Texas/24-008749-003/2024(H5N1)	196	5958
PA|PP755594.1|A/cattle/Texas/24-008749-003/2024(H5N1)	197	5958
PA|PP755594.1|A/cattle/Texas/24-008749-003/2024(H5N1)	198	5955
PA|PP755594.1|A/cattle/Texas/24-008749-003/2024(H5N1)	199	5942
PA|PP755594.1|A/cattle/Texas/24-008749-003/2024(H5N1)	200	5915
PA|PP755594.1|A/cattle/Texas/24-008749-003/2024(H5N1)	201	5877
PA|PP755594.1|A/cattle/Texas/24-008749-003/2024(H5N1)	202	5870
PA|PP755594.1|A/cattle/Texas/24-008749-003/2024(H5N1)	203	5861
PA|PP755594.1|A/cattle/Texas/24-008749-003/2024(H5N1)	204	5859
PA|PP755594.1|A/cattle/Texas/24-008749-003/2024(H5N1)	205	5858
PA|PP755594.1|A/cattle/Texas/24-008749-003/2024(H5N1)	206	5858
PA|PP755594.1|A/cattle/Texas/24-008749-003/2024(H5N1)	207	5209
PA|PP755594.1|A/cattle/Texas/24-008749-003/2024(H5N1)	208	5208
PA|PP755594.1|A/cattle/Texas/24-008749-003/2024(H5N1)	209	5177
PA|PP755594.1|A/cattle/Texas/24-008749-003/2024(H5N1)	210	5138
PA|PP755594.1|A/cattle/Texas/24-008749-003/2024(H5N1)	211	5091
PA|PP755594.1|A/cattle/Texas/24-008749-003/2024(H5N1)	212	5088
PA|PP755594.1|A/cattle/Texas/24-008749-003/2024(H5N1)	213	5085
PA|PP755594.1|A/cattle/Texas/24-008749-003/2024(H5N1)	214	5092
PA|PP755594.1|A/cattle/Texas/24-008749-003/2024(H5N1)	215	5092
PA|PP755594.1|A/cattle/Texas/24-008749-003/2024(H5N1)	216	5092
PA|PP755594.1|A/cattle/Texas/24-008749-003/2024(H5N1)	217	5538
PA|PP755594.1|A/cattle/Texas/24-008749-003/2024(H5N1)	218	5542
PA|PP755594.1|A/cattle/Texas/24-008749-003/2024(H5N1)	219	5568
PA|PP755594.1|A/cattle/Texas/24-008749-003/2024(H5N1)	220	5606
PA|PP755594.1|A/cattle/Texas/24-008749-003/2024(H5N1)	221	5591
PA|PP755594.1|A/cattle/Texas/24-008749-003/2024(H5N1)	222	5627
PA|PP755594.1|A/cattle/Texas/24-008749-003/2024(H5N1)	223	5584
PA|PP755594.1|A/cattle/Texas/24-008749-003/2024(H5N1)	224	5601
PA|PP755594.1|A/cattle/Texas/24-008749-003/2024(H5N1)	225	5681
PA|PP755594.1|A/cattle/Texas/24-008749-003/2024(H5N1)	226	5746
PA|PP755594.1|A/cattle/Texas/24-008749-003/2024(H5N1)	227	5755
PA|PP755594.1|A/cattle/Texas/24-008749-003/2024(H5N1)	228	5749
PA|PP755594.1|A/cattle/Texas/24-008749-003/2024(H5N1)	229	5744
PA|PP755594.1|A/cattle/Texas/24-008749-003/2024(H5N1)	230	5830
PA|PP755594.1|A/cattle/Texas/24-008749-003/2024(H5N1)	231	5823
PA|PP755594.1|A/cattle/Texas/24-008749-003/2024(H5N1)	232	5843
PA|PP755594.1|A/cattle/Texas/24-008749-003/2024(H5N1)	233	5825
PA|PP755594.1|A/cattle/Texas/24-008749-003/2024(H5N1)	234	5838
PA|PP755594.1|A/cattle/Texas/24-008749-003/2024(H5N1)	235	5877
PA|PP755594.1|A/cattle/Texas/24-008749-003/2024(H5N1)	236	5948
PA|PP755594.1|A/cattle/Texas/24-008749-003/2024(H5N1)	237	6018
PA|PP755594.1|A/cattle/Texas/24-008749-003/2024(H5N1)	238	6042
PA|PP755594.1|A/cattle/Texas/24-008749-003/2024(H5N1)	239	6094
PA|PP755594.1|A/cattle/Texas/24-008749-003/2024(H5N1)	240	6096
PA|PP755594.1|A/cattle/Texas/24-008749-003/2024(H5N1)	241	6150
PA|PP755594.1|A/cattle/Texas/24-008749-003/2024(H5N1)	242	6515
PA|PP755594.1|A/cattle/Texas/24-008749-003/2024(H5N1)	243	6548
PA|PP755594.1|A/cattle/Texas/24-008749-003/2024(H5N1)	244	6528
PA|PP755594.1|A/cattle/Texas/24-008749-003/2024(H5N1)	245	6531
PA|PP755594.1|A/cattle/Texas/24-008749-003/2024(H5N1)	246	6515
PA|PP755594.1|A/cattle/Texas/24-008749-003/2024(H5N1)	247	6504
PA|PP755594.1|A/cattle/Texas/24-008749-003/2024(H5N1)	248	6479
PA|PP755594.1|A/cattle/Texas/24-008749-003/2024(H5N1)	249	6464
PA|PP755594.1|A/cattle/Texas/24-008749-003/2024(H5N1)	250	6361
PA|PP755594.1|A/cattle/Texas/24-008749-003/2024(H5N1)	251	6324
PA|PP755594.1|A/cattle/Texas/24-008749-003/2024(H5N1)	252	5151
PA|PP755594.1|A/cattle/Texas/24-008749-003/2024(H5N1)	253	5151
PA|PP755594.1|A/cattle/Texas/24-008749-003/2024(H5N1)	254	5170
PA|PP755594.1|A/cattle/Texas/24-008749-003/2024(H5N1)	255	5179
PA|PP755594.1|A/cattle/Texas/24-008749-003/2024(H5N1)	256	5700
PA|PP755594.1|A/cattle/Texas/24-008749-003/2024(H5N1)	257	5700
PA|PP755594.1|A/cattle/Texas/24-008749-003/2024(H5N1)	258	5985
PA|PP755594.1|A/cattle/Texas/24-008749-003/2024(H5N1)	259	5993
PA|PP755594.1|A/cattle/Texas/24-008749-003/2024(H5N1)	260	6005
PA|PP755594.1|A/cattle/Texas/24-008749-003/2024(H5N1)	261	6029
PA|PP755594.1|A/cattle/Texas/24-008749-003/2024(H5N1)	262	6032
PA|PP755594.1|A/cattle/Texas/24-008749-003/2024(H5N1)	263	6146
PA|PP755594.1|A/cattle/Texas/24-008749-003/2024(H5N1)	264	6156
PA|PP755594.1|A/cattle/Texas/24-008749-003/2024(H5N1)	265	6155
PA|PP755594.1|A/cattle/Texas/24-008749-003/2024(H5N1)	266	6197
PA|PP755594.1|A/cattle/Texas/24-008749-003/2024(H5N1)	267	6197
PA|PP755594.1|A/cattle/Texas/24-008749-003/2024(H5N1)	268	6753
PA|PP755594.1|A/cattle/Texas/24-008749-003/2024(H5N1)	269	6923
PA|PP755594.1|A/cattle/Texas/24-008749-003/2024(H5N1)	270	5945
PA|PP755594.1|A/cattle/Texas/24-008749-003/2024(H5N1)	271	5959
PA|PP755594.1|A/cattle/Texas/24-008749-003/2024(H5N1)	272	5952
PA|PP755594.1|A/cattle/Texas/24-008749-003/2024(H5N1)	273	5991
PA|PP755594.1|A/cattle/Texas/24-008749-003/2024(H5N1)	274	6017
PA|PP755594.1|A/cattle/Texas/24-008749-003/2024(H5N1)	275	6018
PA|PP755594.1|A/cattle/Texas/24-008749-003/2024(H5N1)	276	5330
PA|PP755594.1|A/cattle/Texas/24-008749-003/2024(H5N1)	277	5341
PA|PP755594.1|A/cattle/Texas/24-008749-003/2024(H5N1)	278	5704
PA|PP755594.1|A/cattle/Texas/24-008749-003/2024(H5N1)	279	5784
PA|PP755594.1|A/cattle/Texas/24-008749-003/2024(H5N1)	280	5841
PA|PP755594.1|A/cattle/Texas/24-008749-003/2024(H5N1)	281	5843
PA|PP755594.1|A/cattle/Texas/24-008749-003/2024(H5N1)	282	5457
PA|PP755594.1|A/cattle/Texas/24-008749-003/2024(H5N1)	283	5501
PA|PP755594.1|A/cattle/Texas/24-008749-003/2024(H5N1)	284	5504
PA|PP755594.1|A/cattle/Texas/24-008749-003/2024(H5N1)	285	5555
PA|PP755594.1|A/cattle/Texas/24-008749-003/2024(H5N1)	286	5574
PA|PP755594.1|A/cattle/Texas/24-008749-003/2024(H5N1)	287	5623
PA|PP755594.1|A/cattle/Texas/24-008749-003/2024(H5N1)	288	5529
PA|PP755594.1|A/cattle/Texas/24-008749-003/2024(H5N1)	289	5564
PA|PP755594.1|A/cattle/Texas/24-008749-003/2024(H5N1)	290	5695
PA|PP755594.1|A/cattle/Texas/24-008749-003/2024(H5N1)	291	5702
PA|PP755594.1|A/cattle/Texas/24-008749-003/2024(H5N1)	292	5704
PA|PP755594.1|A/cattle/Texas/24-008749-003/2024(H5N1)	293	5705
PA|PP755594.1|A/cattle/Texas/24-008749-003/2024(H5N1)	294	5680
PA|PP755594.1|A/cattle/Texas/24-008749-003/2024(H5N1)	295	5687
PA|PP755594.1|A/cattle/Texas/24-008749-003/2024(H5N1)	296	5717
PA|PP755594.1|A/cattle/Texas/24-008749-003/2024(H5N1)	297	5540
PA|PP755594.1|A/cattle/Texas/24-008749-003/2024(H5N1)	298	5599
PA|PP755594.1|A/cattle/Texas/24-008749-003/2024(H5N1)	299	5601
PA|PP755594.1|A/cattle/Texas/24-008749-003/2024(H5N1)	300	5608
PA|PP755594.1|A/cattle/Texas/24-008749-003/2024(H5N1)	301	5613
PA|PP755594.1|A/cattle/Texas/24-008749-003/2024(H5N1)	302	5618
PA|PP755594.1|A/cattle/Texas/24-008749-003/2024(H5N1)	303	5617
PA|PP755594.1|A/cattle/Texas/24-008749-003/2024(H5N1)	304	5603
PA|PP755594.1|A/cattle/Texas/24-008749-003/2024(H5N1)	305	5602
PA|PP755594.1|A/cattle/Texas/24-008749-003/2024(H5N1)	306	5532
PA|PP755594.1|A/cattle/Texas/24-008749-003/2024(H5N1)	307	5555
PA|PP755594.1|A/cattle/Texas/24-008749-003/2024(H5N1)	308	5562
PA|PP755594.1|A/cattle/Texas/24-008749-003/2024(H5N1)	309	5563
PA|PP755594.1|A/cattle/Texas/24-008749-003/2024(H5N1)	310	5618
PA|PP755594.1|A/cattle/Texas/24-008749-003/2024(H5N1)	311	5623
PA|PP755594.1|A/cattle/Texas/24-008749-003/2024(H5N1)	312	5678
PA|PP755594.1|A/cattle/Texas/24-008749-003/2024(H5N1)	313	5688
PA|PP755594.1|A/cattle/Texas/24-008749-003/2024(H5N1)	314	5685
PA|PP755594.1|A/cattle/Texas/24-008749-003/2024(H5N1)	315	5605
PA|PP755594.1|A/cattle/Texas/24-008749-003/2024(H5N1)	316	5624
PA|PP755594.1|A/cattle/Texas/24-008749-003/2024(H5N1)	317	5638
PA|PP755594.1|A/cattle/Texas/24-008749-003/2024(H5N1)	318	5668
PA|PP755594.1|A/cattle/Texas/24-008749-003/2024(H5N1)	319	5668
PA|PP755594.1|A/cattle/Texas/24-008749-003/2024(H5N1)	320	5669
PA|PP755594.1|A/cattle/Texas/24-008749-003/2024(H5N1)	321	5606
PA|PP755594.1|A/cattle/Texas/24-008749-003/2024(H5N1)	322	5714
PA|PP755594.1|A/cattle/Texas/24-008749-003/2024(H5N1)	323	5737
PA|PP755594.1|A/cattle/Texas/24-008749-003/2024(H5N1)	324	5746
PA|PP755594.1|A/cattle/Texas/24-008749-003/2024(H5N1)	325	5754
PA|PP755594.1|A/cattle/Texas/24-008749-003/2024(H5N1)	326	5841
PA|PP755594.1|A/cattle/Texas/24-008749-003/2024(H5N1)	327	5807
PA|PP755594.1|A/cattle/Texas/24-008749-003/2024(H5N1)	328	5751
PA|PP755594.1|A/cattle/Texas/24-008749-003/2024(H5N1)	329	5708
PA|PP755594.1|A/cattle/Texas/24-008749-003/2024(H5N1)	330	5322
PA|PP755594.1|A/cattle/Texas/24-008749-003/2024(H5N1)	331	5322
PA|PP755594.1|A/cattle/Texas/24-008749-003/2024(H5N1)	332	5590
PA|PP755594.1|A/cattle/Texas/24-008749-003/2024(H5N1)	333	5617
PA|PP755594.1|A/cattle/Texas/24-008749-003/2024(H5N1)	334	5623
PA|PP755594.1|A/cattle/Texas/24-008749-003/2024(H5N1)	335	5641
PA|PP755594.1|A/cattle/Texas/24-008749-003/2024(H5N1)	336	6063
PA|PP755594.1|A/cattle/Texas/24-008749-003/2024(H5N1)	337	6139
PA|PP755594.1|A/cattle/Texas/24-008749-003/2024(H5N1)	338	6273
PA|PP755594.1|A/cattle/Texas/24-008749-003/2024(H5N1)	339	6274
PA|PP755594.1|A/cattle/Texas/24-008749-003/2024(H5N1)	340	6329
PA|PP755594.1|A/cattle/Texas/24-008749-003/2024(H5N1)	341	6356
PA|PP755594.1|A/cattle/Texas/24-008749-003/2024(H5N1)	342	6371
PA|PP755594.1|A/cattle/Texas/24-008749-003/2024(H5N1)	343	6458
PA|PP755594.1|A/cattle/Texas/24-008749-003/2024(H5N1)	344	6458
PA|PP755594.1|A/cattle/Texas/24-008749-003/2024(H5N1)	345	6458
PA|PP755594.1|A/cattle/Texas/24-008749-003/2024(H5N1)	346	6326
PA|PP755594.1|A/cattle/Texas/24-008749-003/2024(H5N1)	347	6356
PA|PP755594.1|A/cattle/Texas/24-008749-003/2024(H5N1)	348	6382
PA|PP755594.1|A/cattle/Texas/24-008749-003/2024(H5N1)	349	6508
PA|PP755594.1|A/cattle/Texas/24-008749-003/2024(H5N1)	350	6515
PA|PP755594.1|A/cattle/Texas/24-008749-003/2024(H5N1)	351	6610
PA|PP755594.1|A/cattle/Texas/24-008749-003/2024(H5N1)	352	6627
PA|PP755594.1|A/cattle/Texas/24-008749-003/2024(H5N1)	353	6686
PA|PP755594.1|A/cattle/Texas/24-008749-003/2024(H5N1)	354	6689
PA|PP755594.1|A/cattle/Texas/24-008749-003/2024(H5N1)	355	6692
PA|PP755594.1|A/cattle/Texas/24-008749-003/2024(H5N1)	356	6741
PA|PP755594.1|A/cattle/Texas/24-008749-003/2024(H5N1)	357	6739
PA|PP755594.1|A/cattle/Texas/24-008749-003/2024(H5N1)	358	6780
PA|PP755594.1|A/cattle/Texas/24-008749-003/2024(H5N1)	359	6772
PA|PP755594.1|A/cattle/Texas/24-008749-003/2024(H5N1)	360	6761
PA|PP755594.1|A/cattle/Texas/24-008749-003/2024(H5N1)	361	6753
PA|PP755594.1|A/cattle/Texas/24-008749-003/2024(H5N1)	362	6664
PA|PP755594.1|A/cattle/Texas/24-008749-003/2024(H5N1)	363	6650
PA|PP755594.1|A/cattle/Texas/24-008749-003/2024(H5N1)	364	6627
PA|PP755594.1|A/cattle/Texas/24-008749-003/2024(H5N1)	365	6596
PA|PP755594.1|A/cattle/Texas/24-008749-003/2024(H5N1)	366	6554
PA|PP755594.1|A/cattle/Texas/24-008749-003/2024(H5N1)	367	6550
PA|PP755594.1|A/cattle/Texas/24-008749-003/2024(H5N1)	368	6509
PA|PP755594.1|A/cattle/Texas/24-008749-003/2024(H5N1)	369	4757
PA|PP755594.1|A/cattle/Texas/24-008749-003/2024(H5N1)	370	4736
PA|PP755594.1|A/cattle/Texas/24-008749-003/2024(H5N1)	371	4736
PA|PP755594.1|A/cattle/Texas/24-008749-003/2024(H5N1)	372	4754
PA|PP755594.1|A/cattle/Texas/24-008749-003/2024(H5N1)	373	4762
PA|PP755594.1|A/cattle/Texas/24-008749-003/2024(H5N1)	374	4791
PA|PP755594.1|A/cattle/Texas/24-008749-003/2024(H5N1)	375	4791
PA|PP755594.1|A/cattle/Texas/24-008749-003/2024(H5N1)	376	4807
PA|PP755594.1|A/cattle/Texas/24-008749-003/2024(H5N1)	377	4825
PA|PP755594.1|A/cattle/Texas/24-008749-003/2024(H5N1)	378	4882
PA|PP755594.1|A/cattle/Texas/24-008749-003/2024(H5N1)	379	5025
PA|PP755594.1|A/cattle/Texas/24-008749-003/2024(H5N1)	380	5020
PA|PP755594.1|A/cattle/Texas/24-008749-003/2024(H5N1)	381	5021
PA|PP755594.1|A/cattle/Texas/24-008749-003/2024(H5N1)	382	5220
PA|PP755594.1|A/cattle/Texas/24-008749-003/2024(H5N1)	383	5559
PA|PP755594.1|A/cattle/Texas/24-008749-003/2024(H5N1)	384	5595
PA|PP755594.1|A/cattle/Texas/24-008749-003/2024(H5N1)	385	6799
PA|PP755594.1|A/cattle/Texas/24-008749-003/2024(H5N1)	386	6812
PA|PP755594.1|A/cattle/Texas/24-008749-003/2024(H5N1)	387	6841
PA|PP755594.1|A/cattle/Texas/24-008749-003/2024(H5N1)	388	6905
PA|PP755594.1|A/cattle/Texas/24-008749-003/2024(H5N1)	389	6913
PA|PP755594.1|A/cattle/Texas/24-008749-003/2024(H5N1)	390	6931
PA|PP755594.1|A/cattle/Texas/24-008749-003/2024(H5N1)	391	6939
PA|PP755594.1|A/cattle/Texas/24-008749-003/2024(H5N1)	392	6986
PA|PP755594.1|A/cattle/Texas/24-008749-003/2024(H5N1)	393	7112
PA|PP755594.1|A/cattle/Texas/24-008749-003/2024(H5N1)	394	7305
PA|PP755594.1|A/cattle/Texas/24-008749-003/2024(H5N1)	395	7307
PA|PP755594.1|A/cattle/Texas/24-008749-003/2024(H5N1)	396	7298
PA|PP755594.1|A/cattle/Texas/24-008749-003/2024(H5N1)	397	7292
PA|PP755594.1|A/cattle/Texas/24-008749-003/2024(H5N1)	398	7289
PA|PP755594.1|A/cattle/Texas/24-008749-003/2024(H5N1)	399	7364
PA|PP755594.1|A/cattle/Texas/24-008749-003/2024(H5N1)	400	7340
PA|PP755594.1|A/cattle/Texas/24-008749-003/2024(H5N1)	401	7310
PA|PP755594.1|A/cattle/Texas/24-008749-003/2024(H5N1)	402	7258
PA|PP755594.1|A/cattle/Texas/24-008749-003/2024(H5N1)	403	7233
PA|PP755594.1|A/cattle/Texas/24-008749-003/2024(H5N1)	404	7392
PA|PP755594.1|A/cattle/Texas/24-008749-003/2024(H5N1)	405	7403
PA|PP755594.1|A/cattle/Texas/24-008749-003/2024(H5N1)	406	7388
PA|PP755594.1|A/cattle/Texas/24-008749-003/2024(H5N1)	407	7437
PA|PP755594.1|A/cattle/Texas/24-008749-003/2024(H5N1)	408	7350
PA|PP755594.1|A/cattle/Texas/24-008749-003/2024(H5N1)	409	7467
PA|PP755594.1|A/cattle/Texas/24-008749-003/2024(H5N1)	410	7465
PA|PP755594.1|A/cattle/Texas/24-008749-003/2024(H5N1)	411	7622
PA|PP755594.1|A/cattle/Texas/24-008749-003/2024(H5N1)	412	7604
PA|PP755594.1|A/cattle/Texas/24-008749-003/2024(H5N1)	413	7598
PA|PP755594.1|A/cattle/Texas/24-008749-003/2024(H5N1)	414	7528
PA|PP755594.1|A/cattle/Texas/24-008749-003/2024(H5N1)	415	7544
PA|PP755594.1|A/cattle/Texas/24-008749-003/2024(H5N1)	416	7530
PA|PP755594.1|A/cattle/Texas/24-008749-003/2024(H5N1)	417	7467
PA|PP755594.1|A/cattle/Texas/24-008749-003/2024(H5N1)	418	7508
PA|PP755594.1|A/cattle/Texas/24-008749-003/2024(H5N1)	419	6965
PA|PP755594.1|A/cattle/Texas/24-008749-003/2024(H5N1)	420	6830
PA|PP755594.1|A/cattle/Texas/24-008749-003/2024(H5N1)	421	6970
PA|PP755594.1|A/cattle/Texas/24-008749-003/2024(H5N1)	422	6994
PA|PP755594.1|A/cattle/Texas/24-008749-003/2024(H5N1)	423	7004
PA|PP755594.1|A/cattle/Texas/24-008749-003/2024(H5N1)	424	6978
PA|PP755594.1|A/cattle/Texas/24-008749-003/2024(H5N1)	425	6961
PA|PP755594.1|A/cattle/Texas/24-008749-003/2024(H5N1)	426	6898
PA|PP755594.1|A/cattle/Texas/24-008749-003/2024(H5N1)	427	7030
PA|PP755594.1|A/cattle/Texas/24-008749-003/2024(H5N1)	428	6746
PA|PP755594.1|A/cattle/Texas/24-008749-003/2024(H5N1)	429	6696
PA|PP755594.1|A/cattle/Texas/24-008749-003/2024(H5N1)	430	6668
PA|PP755594.1|A/cattle/Texas/24-008749-003/2024(H5N1)	431	6629
PA|PP755594.1|A/cattle/Texas/24-008749-003/2024(H5N1)	432	6534
PA|PP755594.1|A/cattle/Texas/24-008749-003/2024(H5N1)	433	6526
PA|PP755594.1|A/cattle/Texas/24-008749-003/2024(H5N1)	434	6528
PA|PP755594.1|A/cattle/Texas/24-008749-003/2024(H5N1)	435	6521
PA|PP755594.1|A/cattle/Texas/24-008749-003/2024(H5N1)	436	6461
PA|PP755594.1|A/cattle/Texas/24-008749-003/2024(H5N1)	437	6437
PA|PP755594.1|A/cattle/Texas/24-008749-003/2024(H5N1)	438	6309
PA|PP755594.1|A/cattle/Texas/24-008749-003/2024(H5N1)	439	6210
PA|PP755594.1|A/cattle/Texas/24-008749-003/2024(H5N1)	440	6191
PA|PP755594.1|A/cattle/Texas/24-008749-003/2024(H5N1)	441	6068
PA|PP755594.1|A/cattle/Texas/24-008749-003/2024(H5N1)	442	6080
PA|PP755594.1|A/cattle/Texas/24-008749-003/2024(H5N1)	443	6083
PA|PP755594.1|A/cattle/Texas/24-008749-003/2024(H5N1)	444	6062
PA|PP755594.1|A/cattle/Texas/24-008749-003/2024(H5N1)	445	6503
PA|PP755594.1|A/cattle/Texas/24-008749-003/2024(H5N1)	446	6505
PA|PP755594.1|A/cattle/Texas/24-008749-003/2024(H5N1)	447	6581
PA|PP755594.1|A/cattle/Texas/24-008749-003/2024(H5N1)	448	6584
PA|PP755594.1|A/cattle/Texas/24-008749-003/2024(H5N1)	449	6591
PA|PP755594.1|A/cattle/Texas/24-008749-003/2024(H5N1)	450	6599
PA|PP755594.1|A/cattle/Texas/24-008749-003/2024(H5N1)	451	6594
PA|PP755594.1|A/cattle/Texas/24-008749-003/2024(H5N1)	452	6631
PA|PP755594.1|A/cattle/Texas/24-008749-003/2024(H5N1)	453	6625
PA|PP755594.1|A/cattle/Texas/24-008749-003/2024(H5N1)	454	6625
PA|PP755594.1|A/cattle/Texas/24-008749-003/2024(H5N1)	455	6615
PA|PP755594.1|A/cattle/Texas/24-008749-003/2024(H5N1)	456	6524
PA|PP755594.1|A/cattle/Texas/24-008749-003/2024(H5N1)	457	6519
PA|PP755594.1|A/cattle/Texas/24-008749-003/2024(H5N1)	458	6507
PA|PP755594.1|A/cattle/Texas/24-008749-003/2024(H5N1)	459	6500
PA|PP755594.1|A/cattle/Texas/24-008749-003/2024(H5N1)	460	6540
PA|PP755594.1|A/cattle/Texas/24-008749-003/2024(H5N1)	461	6588
PA|PP755594.1|A/cattle/Texas/24-008749-003/2024(H5N1)	462	6605
PA|PP755594.1|A/cattle/Texas/24-008749-003/2024(H5N1)	463	6541
PA|PP755594.1|A/cattle/Texas/24-008749-003/2024(H5N1)	464	6510
PA|PP755594.1|A/cattle/Texas/24-008749-003/2024(H5N1)	465	6496
PA|PP755594.1|A/cattle/Texas/24-008749-003/2024(H5N1)	466	6489
PA|PP755594.1|A/cattle/Texas/24-008749-003/2024(H5N1)	467	6473
PA|PP755594.1|A/cattle/Texas/24-008749-003/2024(H5N1)	468	5873
PA|PP755594.1|A/cattle/Texas/24-008749-003/2024(H5N1)	469	5839
PA|PP755594.1|A/cattle/Texas/24-008749-003/2024(H5N1)	470	5830
PA|PP755594.1|A/cattle/Texas/24-008749-003/2024(H5N1)	471	5829
PA|PP755594.1|A/cattle/Texas/24-008749-003/2024(H5N1)	472	5866
PA|PP755594.1|A/cattle/Texas/24-008749-003/2024(H5N1)	473	5865
PA|PP755594.1|A/cattle/Texas/24-008749-003/2024(H5N1)	474	5842
PA|PP755594.1|A/cattle/Texas/24-008749-003/2024(H5N1)	475	5872
PA|PP755594.1|A/cattle/Texas/24-008749-003/2024(H5N1)	476	5877
PA|PP755594.1|A/cattle/Texas/24-008749-003/2024(H5N1)	477	5888
PA|PP755594.1|A/cattle/Texas/24-008749-003/2024(H5N1)	478	6845
PA|PP755594.1|A/cattle/Texas/24-008749-003/2024(H5N1)	479	6920
PA|PP755594.1|A/cattle/Texas/24-008749-003/2024(H5N1)	480	7066
PA|PP755594.1|A/cattle/Texas/24-008749-003/2024(H5N1)	481	7098
PA|PP755594.1|A/cattle/Texas/24-008749-003/2024(H5N1)	482	7116
PA|PP755594.1|A/cattle/Texas/24-008749-003/2024(H5N1)	483	7136
PA|PP755594.1|A/cattle/Texas/24-008749-003/2024(H5N1)	484	7118
PA|PP755594.1|A/cattle/Texas/24-008749-003/2024(H5N1)	485	7193
PA|PP755594.1|A/cattle/Texas/24-008749-003/2024(H5N1)	486	7291
PA|PP755594.1|A/cattle/Texas/24-008749-003/2024(H5N1)	487	6834
PA|PP755594.1|A/cattle/Texas/24-008749-003/2024(H5N1)	488	6806
PA|PP755594.1|A/cattle/Texas/24-008749-003/2024(H5N1)	489	6701
PA|PP755594.1|A/cattle/Texas/24-008749-003/2024(H5N1)	490	6718
PA|PP755594.1|A/cattle/Texas/24-008749-003/2024(H5N1)	491	6738
PA|PP755594.1|A/cattle/Texas/24-008749-003/2024(H5N1)	492	6736
PA|PP755594.1|A/cattle/Texas/24-008749-003/2024(H5N1)	493	6788
PA|PP755594.1|A/cattle/Texas/24-008749-003/2024(H5N1)	494	6699
PA|PP755594.1|A/cattle/Texas/24-008749-003/2024(H5N1)	495	6686
PA|PP755594.1|A/cattle/Texas/24-008749-003/2024(H5N1)	496	6683
PA|PP755594.1|A/cattle/Texas/24-008749-003/2024(H5N1)	497	6657
PA|PP755594.1|A/cattle/Texas/24-008749-003/2024(H5N1)	498	6147
PA|PP755594.1|A/cattle/Texas/24-008749-003/2024(H5N1)	499	6124
PA|PP755594.1|A/cattle/Texas/24-008749-003/2024(H5N1)	500	6124
PA|PP755594.1|A/cattle/Texas/24-008749-003/2024(H5N1)	501	6121
PA|PP755594.1|A/cattle/Texas/24-008749-003/2024(H5N1)	502	6121
PA|PP755594.1|A/cattle/Texas/24-008749-003/2024(H5N1)	503	6128
PA|PP755594.1|A/cattle/Texas/24-008749-003/2024(H5N1)	504	6072
PA|PP755594.1|A/cattle/Texas/24-008749-003/2024(H5N1)	505	6071
PA|PP755594.1|A/cattle/Texas/24-008749-003/2024(H5N1)	506	6030
PA|PP755594.1|A/cattle/Texas/24-008749-003/2024(H5N1)	507	6005
PA|PP755594.1|A/cattle/Texas/24-008749-003/2024(H5N1)	508	6006
PA|PP755594.1|A/cattle/Texas/24-008749-003/2024(H5N1)	509	5970
PA|PP755594.1|A/cattle/Texas/24-008749-003/2024(H5N1)	510	5968
PA|PP755594.1|A/cattle/Texas/24-008749-003/2024(H5N1)	511	6053
PA|PP755594.1|A/cattle/Texas/24-008749-003/2024(H5N1)	512	6053
PA|PP755594.1|A/cattle/Texas/24-008749-003/2024(H5N1)	513	6059
PA|PP755594.1|A/cattle/Texas/24-008749-003/2024(H5N1)	514	6587
PA|PP755594.1|A/cattle/Texas/24-008749-003/2024(H5N1)	515	6616
PA|PP755594.1|A/cattle/Texas/24-008749-003/2024(H5N1)	516	6670
PA|PP755594.1|A/cattle/Texas/24-008749-003/2024(H5N1)	517	6682
PA|PP755594.1|A/cattle/Texas/24-008749-003/2024(H5N1)	518	6692
PA|PP755594.1|A/cattle/Texas/24-008749-003/2024(H5N1)	519	6555
PA|PP755594.1|A/cattle/Texas/24-008749-003/2024(H5N1)	520	6262
PA|PP755594.1|A/cattle/Texas/24-008749-003/2024(H5N1)	521	6271
PA|PP755594.1|A/cattle/Texas/24-008749-003/2024(H5N1)	522	6191
PA|PP755594.1|A/cattle/Texas/24-008749-003/2024(H5N1)	523	6148
PA|PP755594.1|A/cattle/Texas/24-008749-003/2024(H5N1)	524	6115
PA|PP755594.1|A/cattle/Texas/24-008749-003/2024(H5N1)	525	4857
PA|PP755594.1|A/cattle/Texas/24-008749-003/2024(H5N1)	526	4961
PA|PP755594.1|A/cattle/Texas/24-008749-003/2024(H5N1)	527	4934
PA|PP755594.1|A/cattle/Texas/24-008749-003/2024(H5N1)	528	4931
PA|PP755594.1|A/cattle/Texas/24-008749-003/2024(H5N1)	529	4939
PA|PP755594.1|A/cattle/Texas/24-008749-003/2024(H5N1)	530	5006
PA|PP755594.1|A/cattle/Texas/24-008749-003/2024(H5N1)	531	4887
PA|PP755594.1|A/cattle/Texas/24-008749-003/2024(H5N1)	532	5374
PA|PP755594.1|A/cattle/Texas/24-008749-003/2024(H5N1)	533	5385
PA|PP755594.1|A/cattle/Texas/24-008749-003/2024(H5N1)	534	5411
PA|PP755594.1|A/cattle/Texas/24-008749-003/2024(H5N1)	535	5535
PA|PP755594.1|A/cattle/Texas/24-008749-003/2024(H5N1)	536	5729
PA|PP755594.1|A/cattle/Texas/24-008749-003/2024(H5N1)	537	5728
PA|PP755594.1|A/cattle/Texas/24-008749-003/2024(H5N1)	538	5747
PA|PP755594.1|A/cattle/Texas/24-008749-003/2024(H5N1)	539	5762
PA|PP755594.1|A/cattle/Texas/24-008749-003/2024(H5N1)	540	5768
PA|PP755594.1|A/cattle/Texas/24-008749-003/2024(H5N1)	541	5875
PA|PP755594.1|A/cattle/Texas/24-008749-003/2024(H5N1)	542	5883
PA|PP755594.1|A/cattle/Texas/24-008749-003/2024(H5N1)	543	5851
PA|PP755594.1|A/cattle/Texas/24-008749-003/2024(H5N1)	544	6017
PA|PP755594.1|A/cattle/Texas/24-008749-003/2024(H5N1)	545	6029
PA|PP755594.1|A/cattle/Texas/24-008749-003/2024(H5N1)	546	6252
PA|PP755594.1|A/cattle/Texas/24-008749-003/2024(H5N1)	547	6266
PA|PP755594.1|A/cattle/Texas/24-008749-003/2024(H5N1)	548	6296
PA|PP755594.1|A/cattle/Texas/24-008749-003/2024(H5N1)	549	6349
PA|PP755594.1|A/cattle/Texas/24-008749-003/2024(H5N1)	550	6259
PA|PP755594.1|A/cattle/Texas/24-008749-003/2024(H5N1)	551	6545
PA|PP755594.1|A/cattle/Texas/24-008749-003/2024(H5N1)	552	6534
PA|PP755594.1|A/cattle/Texas/24-008749-003/2024(H5N1)	553	6528
PA|PP755594.1|A/cattle/Texas/24-008749-003/2024(H5N1)	554	6503
PA|PP755594.1|A/cattle/Texas/24-008749-003/2024(H5N1)	555	6027
PA|PP755594.1|A/cattle/Texas/24-008749-003/2024(H5N1)	556	6059
PA|PP755594.1|A/cattle/Texas/24-008749-003/2024(H5N1)	557	6053
PA|PP755594.1|A/cattle/Texas/24-008749-003/2024(H5N1)	558	5994
PA|PP755594.1|A/cattle/Texas/24-008749-003/2024(H5N1)	559	6027
PA|PP755594.1|A/cattle/Texas/24-008749-003/2024(H5N1)	560	6026
PA|PP755594.1|A/cattle/Texas/24-008749-003/2024(H5N1)	561	5969
PA|PP755594.1|A/cattle/Texas/24-008749-003/2024(H5N1)	562	6611
PA|PP755594.1|A/cattle/Texas/24-008749-003/2024(H5N1)	563	6641
PA|PP755594.1|A/cattle/Texas/24-008749-003/2024(H5N1)	564	6658
PA|PP755594.1|A/cattle/Texas/24-008749-003/2024(H5N1)	565	6663
PA|PP755594.1|A/cattle/Texas/24-008749-003/2024(H5N1)	566	6644
PA|PP755594.1|A/cattle/Texas/24-008749-003/2024(H5N1)	567	6597
PA|PP755594.1|A/cattle/Texas/24-008749-003/2024(H5N1)	568	6520
PA|PP755594.1|A/cattle/Texas/24-008749-003/2024(H5N1)	569	6736
PA|PP755594.1|A/cattle/Texas/24-008749-003/2024(H5N1)	570	6680
PA|PP755594.1|A/cattle/Texas/24-008749-003/2024(H5N1)	571	6665
PA|PP755594.1|A/cattle/Texas/24-008749-003/2024(H5N1)	572	6656
PA|PP755594.1|A/cattle/Texas/24-008749-003/2024(H5N1)	573	6650
PA|PP755594.1|A/cattle/Texas/24-008749-003/2024(H5N1)	574	6653
PA|PP755594.1|A/cattle/Texas/24-008749-003/2024(H5N1)	575	6654
PA|PP755594.1|A/cattle/Texas/24-008749-003/2024(H5N1)	576	6722
PA|PP755594.1|A/cattle/Texas/24-008749-003/2024(H5N1)	577	6713
PA|PP755594.1|A/cattle/Texas/24-008749-003/2024(H5N1)	578	6550
PA|PP755594.1|A/cattle/Texas/24-008749-003/2024(H5N1)	579	6912
PA|PP755594.1|A/cattle/Texas/24-008749-003/2024(H5N1)	580	7264
PA|PP755594.1|A/cattle/Texas/24-008749-003/2024(H5N1)	581	7292
PA|PP755594.1|A/cattle/Texas/24-008749-003/2024(H5N1)	582	7277
PA|PP755594.1|A/cattle/Texas/24-008749-003/2024(H5N1)	583	7276
PA|PP755594.1|A/cattle/Texas/24-008749-003/2024(H5N1)	584	7282
PA|PP755594.1|A/cattle/Texas/24-008749-003/2024(H5N1)	585	7267
PA|PP755594.1|A/cattle/Texas/24-008749-003/2024(H5N1)	586	7265
PA|PP755594.1|A/cattle/Texas/24-008749-003/2024(H5N1)	587	7273
PA|PP755594.1|A/cattle/Texas/24-008749-003/2024(H5N1)	588	7042
PA|PP755594.1|A/cattle/Texas/24-008749-003/2024(H5N1)	589	7103
PA|PP755594.1|A/cattle/Texas/24-008749-003/2024(H5N1)	590	7113
PA|PP755594.1|A/cattle/Texas/24-008749-003/2024(H5N1)	591	7112
PA|PP755594.1|A/cattle/Texas/24-008749-003/2024(H5N1)	592	7107
PA|PP755594.1|A/cattle/Texas/24-008749-003/2024(H5N1)	593	7136
PA|PP755594.1|A/cattle/Texas/24-008749-003/2024(H5N1)	594	7145
PA|PP755594.1|A/cattle/Texas/24-008749-003/2024(H5N1)	595	7143
PA|PP755594.1|A/cattle/Texas/24-008749-003/2024(H5N1)	596	7163
PA|PP755594.1|A/cattle/Texas/24-008749-003/2024(H5N1)	597	7174
PA|PP755594.1|A/cattle/Texas/24-008749-003/2024(H5N1)	598	7118
PA|PP755594.1|A/cattle/Texas/24-008749-003/2024(H5N1)	599	7165
PA|PP755594.1|A/cattle/Texas/24-008749-003/2024(H5N1)	600	7167
PA|PP755594.1|A/cattle/Texas/24-008749-003/2024(H5N1)	601	7201
PA|PP755594.1|A/cattle/Texas/24-008749-003/2024(H5N1)	602	7204
PA|PP755594.1|A/cattle/Texas/24-008749-003/2024(H5N1)	603	7159
PA|PP755594.1|A/cattle/Texas/24-008749-003/2024(H5N1)	604	7173
PA|PP755594.1|A/cattle/Texas/24-008749-003/2024(H5N1)	605	7215
PA|PP755594.1|A/cattle/Texas/24-008749-003/2024(H5N1)	606	7188
PA|PP755594.1|A/cattle/Texas/24-008749-003/2024(H5N1)	607	7168
PA|PP755594.1|A/cattle/Texas/24-008749-003/2024(H5N1)	608	7149
PA|PP755594.1|A/cattle/Texas/24-008749-003/2024(H5N1)	609	7152
PA|PP755594.1|A/cattle/Texas/24-008749-003/2024(H5N1)	610	7094
PA|PP755594.1|A/cattle/Texas/24-008749-003/2024(H5N1)	611	7088
PA|PP755594.1|A/cattle/Texas/24-008749-003/2024(H5N1)	612	7130
PA|PP755594.1|A/cattle/Texas/24-008749-003/2024(H5N1)	613	7127
PA|PP755594.1|A/cattle/Texas/24-008749-003/2024(H5N1)	614	7158
PA|PP755594.1|A/cattle/Texas/24-008749-003/2024(H5N1)	615	7158
PA|PP755594.1|A/cattle/Texas/24-008749-003/2024(H5N1)	616	7134
PA|PP755594.1|A/cattle/Texas/24-008749-003/2024(H5N1)	617	7148
PA|PP755594.1|A/cattle/Texas/24-008749-003/2024(H5N1)	618	7126
PA|PP755594.1|A/cattle/Texas/24-008749-003/2024(H5N1)	619	7104
PA|PP755594.1|A/cattle/Texas/24-008749-003/2024(H5N1)	620	7069
PA|PP755594.1|A/cattle/Texas/24-008749-003/2024(H5N1)	621	7059
PA|PP755594.1|A/cattle/Texas/24-008749-003/2024(H5N1)	622	7061
PA|PP755594.1|A/cattle/Texas/24-008749-003/2024(H5N1)	623	7046
PA|PP755594.1|A/cattle/Texas/24-008749-003/2024(H5N1)	624	7046
PA|PP755594.1|A/cattle/Texas/24-008749-003/2024(H5N1)	625	7065
PA|PP755594.1|A/cattle/Texas/24-008749-003/2024(H5N1)	626	7086
PA|PP755594.1|A/cattle/Texas/24-008749-003/2024(H5N1)	627	7119
PA|PP755594.1|A/cattle/Texas/24-008749-003/2024(H5N1)	628	7241
PA|PP755594.1|A/cattle/Texas/24-008749-003/2024(H5N1)	629	6775
PA|PP755594.1|A/cattle/Texas/24-008749-003/2024(H5N1)	630	6592
PA|PP755594.1|A/cattle/Texas/24-008749-003/2024(H5N1)	631	6614
PA|PP755594.1|A/cattle/Texas/24-008749-003/2024(H5N1)	632	6603
PA|PP755594.1|A/cattle/Texas/24-008749-003/2024(H5N1)	633	6638
PA|PP755594.1|A/cattle/Texas/24-008749-003/2024(H5N1)	634	6616
PA|PP755594.1|A/cattle/Texas/24-008749-003/2024(H5N1)	635	6606
PA|PP755594.1|A/cattle/Texas/24-008749-003/2024(H5N1)	636	6534
PA|PP755594.1|A/cattle/Texas/24-008749-003/2024(H5N1)	637	6387
PA|PP755594.1|A/cattle/Texas/24-008749-003/2024(H5N1)	638	6392
PA|PP755594.1|A/cattle/Texas/24-008749-003/2024(H5N1)	639	6557
PA|PP755594.1|A/cattle/Texas/24-008749-003/2024(H5N1)	640	6520
PA|PP755594.1|A/cattle/Texas/24-008749-003/2024(H5N1)	641	6517
PA|PP755594.1|A/cattle/Texas/24-008749-003/2024(H5N1)	642	6436
PA|PP755594.1|A/cattle/Texas/24-008749-003/2024(H5N1)	643	6437
PA|PP755594.1|A/cattle/Texas/24-008749-003/2024(H5N1)	644	6642
PA|PP755594.1|A/cattle/Texas/24-008749-003/2024(H5N1)	645	6589
PA|PP755594.1|A/cattle/Texas/24-008749-003/2024(H5N1)	646	6668
PA|PP755594.1|A/cattle/Texas/24-008749-003/2024(H5N1)	647	6701
PA|PP755594.1|A/cattle/Texas/24-008749-003/2024(H5N1)	648	6765
PA|PP755594.1|A/cattle/Texas/24-008749-003/2024(H5N1)	649	6850
PA|PP755594.1|A/cattle/Texas/24-008749-003/2024(H5N1)	650	6870
PA|PP755594.1|A/cattle/Texas/24-008749-003/2024(H5N1)	651	6823
PA|PP755594.1|A/cattle/Texas/24-008749-003/2024(H5N1)	652	6825
PA|PP755594.1|A/cattle/Texas/24-008749-003/2024(H5N1)	653	6825
PA|PP755594.1|A/cattle/Texas/24-008749-003/2024(H5N1)	654	6805
PA|PP755594.1|A/cattle/Texas/24-008749-003/2024(H5N1)	655	6694
PA|PP755594.1|A/cattle/Texas/24-008749-003/2024(H5N1)	656	6757
PA|PP755594.1|A/cattle/Texas/24-008749-003/2024(H5N1)	657	6792
PA|PP755594.1|A/cattle/Texas/24-008749-003/2024(H5N1)	658	7170
PA|PP755594.1|A/cattle/Texas/24-008749-003/2024(H5N1)	659	7184
PA|PP755594.1|A/cattle/Texas/24-008749-003/2024(H5N1)	660	7191
PA|PP755594.1|A/cattle/Texas/24-008749-003/2024(H5N1)	661	7023
PA|PP755594.1|A/cattle/Texas/24-008749-003/2024(H5N1)	662	6962
PA|PP755594.1|A/cattle/Texas/24-008749-003/2024(H5N1)	663	6971
PA|PP755594.1|A/cattle/Texas/24-008749-003/2024(H5N1)	664	7007
PA|PP755594.1|A/cattle/Texas/24-008749-003/2024(H5N1)	665	7007
PA|PP755594.1|A/cattle/Texas/24-008749-003/2024(H5N1)	666	6992
PA|PP755594.1|A/cattle/Texas/24-008749-003/2024(H5N1)	667	6965
PA|PP755594.1|A/cattle/Texas/24-008749-003/2024(H5N1)	668	7084
PA|PP755594.1|A/cattle/Texas/24-008749-003/2024(H5N1)	669	7110
PA|PP755594.1|A/cattle/Texas/24-008749-003/2024(H5N1)	670	7097
PA|PP755594.1|A/cattle/Texas/24-008749-003/2024(H5N1)	671	7091
PA|PP755594.1|A/cattle/Texas/24-008749-003/2024(H5N1)	672	7082
PA|PP755594.1|A/cattle/Texas/24-008749-003/2024(H5N1)	673	7035
PA|PP755594.1|A/cattle/Texas/24-008749-003/2024(H5N1)	674	6975
PA|PP755594.1|A/cattle/Texas/24-008749-003/2024(H5N1)	675	6737
PA|PP755594.1|A/cattle/Texas/24-008749-003/2024(H5N1)	676	6790
PA|PP755594.1|A/cattle/Texas/24-008749-003/2024(H5N1)	677	6677
PA|PP755594.1|A/cattle/Texas/24-008749-003/2024(H5N1)	678	6654
PA|PP755594.1|A/cattle/Texas/24-008749-003/2024(H5N1)	679	6655
PA|PP755594.1|A/cattle/Texas/24-008749-003/2024(H5N1)	680	6944
PA|PP755594.1|A/cattle/Texas/24-008749-003/2024(H5N1)	681	6885
PA|PP755594.1|A/cattle/Texas/24-008749-003/2024(H5N1)	682	6918
PA|PP755594.1|A/cattle/Texas/24-008749-003/2024(H5N1)	683	6905
PA|PP755594.1|A/cattle/Texas/24-008749-003/2024(H5N1)	684	6931
PA|PP755594.1|A/cattle/Texas/24-008749-003/2024(H5N1)	685	7085
PA|PP755594.1|A/cattle/Texas/24-008749-003/2024(H5N1)	686	7090
PA|PP755594.1|A/cattle/Texas/24-008749-003/2024(H5N1)	687	6868
PA|PP755594.1|A/cattle/Texas/24-008749-003/2024(H5N1)	688	6862
PA|PP755594.1|A/cattle/Texas/24-008749-003/2024(H5N1)	689	6884
PA|PP755594.1|A/cattle/Texas/24-008749-003/2024(H5N1)	690	6878
PA|PP755594.1|A/cattle/Texas/24-008749-003/2024(H5N1)	691	6955
PA|PP755594.1|A/cattle/Texas/24-008749-003/2024(H5N1)	692	6857
PA|PP755594.1|A/cattle/Texas/24-008749-003/2024(H5N1)	693	6724
PA|PP755594.1|A/cattle/Texas/24-008749-003/2024(H5N1)	694	6746
PA|PP755594.1|A/cattle/Texas/24-008749-003/2024(H5N1)	695	6896
PA|PP755594.1|A/cattle/Texas/24-008749-003/2024(H5N1)	696	6902
PA|PP755594.1|A/cattle/Texas/24-008749-003/2024(H5N1)	697	6716
PA|PP755594.1|A/cattle/Texas/24-008749-003/2024(H5N1)	698	6687
PA|PP755594.1|A/cattle/Texas/24-008749-003/2024(H5N1)	699	6702
PA|PP755594.1|A/cattle/Texas/24-008749-003/2024(H5N1)	700	6539
PA|PP755594.1|A/cattle/Texas/24-008749-003/2024(H5N1)	701	6528
PA|PP755594.1|A/cattle/Texas/24-008749-003/2024(H5N1)	702	6215
PA|PP755594.1|A/cattle/Texas/24-008749-003/2024(H5N1)	703	6175
PA|PP755594.1|A/cattle/Texas/24-008749-003/2024(H5N1)	704	6244
PA|PP755594.1|A/cattle/Texas/24-008749-003/2024(H5N1)	705	6254
PA|PP755594.1|A/cattle/Texas/24-008749-003/2024(H5N1)	706	6222
PA|PP755594.1|A/cattle/Texas/24-008749-003/2024(H5N1)	707	6221
PA|PP755594.1|A/cattle/Texas/24-008749-003/2024(H5N1)	708	6125
PA|PP755594.1|A/cattle/Texas/24-008749-003/2024(H5N1)	709	6132
PA|PP755594.1|A/cattle/Texas/24-008749-003/2024(H5N1)	710	6126
PA|PP755594.1|A/cattle/Texas/24-008749-003/2024(H5N1)	711	6126
PA|PP755594.1|A/cattle/Texas/24-008749-003/2024(H5N1)	712	6082
PA|PP755594.1|A/cattle/Texas/24-008749-003/2024(H5N1)	713	5868
PA|PP755594.1|A/cattle/Texas/24-008749-003/2024(H5N1)	714	5878
PA|PP755594.1|A/cattle/Texas/24-008749-003/2024(H5N1)	715	5866
PA|PP755594.1|A/cattle/Texas/24-008749-003/2024(H5N1)	716	5865
PA|PP755594.1|A/cattle/Texas/24-008749-003/2024(H5N1)	717	5937
PA|PP755594.1|A/cattle/Texas/24-008749-003/2024(H5N1)	718	5921
PA|PP755594.1|A/cattle/Texas/24-008749-003/2024(H5N1)	719	6443
PA|PP755594.1|A/cattle/Texas/24-008749-003/2024(H5N1)	720	6246
PA|PP755594.1|A/cattle/Texas/24-008749-003/2024(H5N1)	721	6221
PA|PP755594.1|A/cattle/Texas/24-008749-003/2024(H5N1)	722	6319
PA|PP755594.1|A/cattle/Texas/24-008749-003/2024(H5N1)	723	6325
PA|PP755594.1|A/cattle/Texas/24-008749-003/2024(H5N1)	724	6353
PA|PP755594.1|A/cattle/Texas/24-008749-003/2024(H5N1)	725	6495
PA|PP755594.1|A/cattle/Texas/24-008749-003/2024(H5N1)	726	6422
PA|PP755594.1|A/cattle/Texas/24-008749-003/2024(H5N1)	727	6431
PA|PP755594.1|A/cattle/Texas/24-008749-003/2024(H5N1)	728	6200
PA|PP755594.1|A/cattle/Texas/24-008749-003/2024(H5N1)	729	6323
PA|PP755594.1|A/cattle/Texas/24-008749-003/2024(H5N1)	730	5980
PA|PP755594.1|A/cattle/Texas/24-008749-003/2024(H5N1)	731	6099
PA|PP755594.1|A/cattle/Texas/24-008749-003/2024(H5N1)	732	6098
PA|PP755594.1|A/cattle/Texas/24-008749-003/2024(H5N1)	733	6079
PA|PP755594.1|A/cattle/Texas/24-008749-003/2024(H5N1)	734	6089
PA|PP755594.1|A/cattle/Texas/24-008749-003/2024(H5N1)	735	6095
PA|PP755594.1|A/cattle/Texas/24-008749-003/2024(H5N1)	736	6102
PA|PP755594.1|A/cattle/Texas/24-008749-003/2024(H5N1)	737	6099
PA|PP755594.1|A/cattle/Texas/24-008749-003/2024(H5N1)	738	6016
PA|PP755594.1|A/cattle/Texas/24-008749-003/2024(H5N1)	739	6064
PA|PP755594.1|A/cattle/Texas/24-008749-003/2024(H5N1)	740	6146
PA|PP755594.1|A/cattle/Texas/24-008749-003/2024(H5N1)	741	6144
PA|PP755594.1|A/cattle/Texas/24-008749-003/2024(H5N1)	742	6171
PA|PP755594.1|A/cattle/Texas/24-008749-003/2024(H5N1)	743	6153
PA|PP755594.1|A/cattle/Texas/24-008749-003/2024(H5N1)	744	6193
PA|PP755594.1|A/cattle/Texas/24-008749-003/2024(H5N1)	745	6187
PA|PP755594.1|A/cattle/Texas/24-008749-003/2024(H5N1)	746	6166
PA|PP755594.1|A/cattle/Texas/24-008749-003/2024(H5N1)	747	6150
PA|PP755594.1|A/cattle/Texas/24-008749-003/2024(H5N1)	748	6122
PA|PP755594.1|A/cattle/Texas/24-008749-003/2024(H5N1)	749	6067
PA|PP755594.1|A/cattle/Texas/24-008749-003/2024(H5N1)	750	6059
PA|PP755594.1|A/cattle/Texas/24-008749-003/2024(H5N1)	751	6045
PA|PP755594.1|A/cattle/Texas/24-008749-003/2024(H5N1)	752	6005
PA|PP755594.1|A/cattle/Texas/24-008749-003/2024(H5N1)	753	6002
PA|PP755594.1|A/cattle/Texas/24-008749-003/2024(H5N1)	754	6000
PA|PP755594.1|A/cattle/Texas/24-008749-003/2024(H5N1)	755	5975
PA|PP755594.1|A/cattle/Texas/24-008749-003/2024(H5N1)	756	5582
PA|PP755594.1|A/cattle/Texas/24-008749-003/2024(H5N1)	757	5580
PA|PP755594.1|A/cattle/Texas/24-008749-003/2024(H5N1)	758	5564
PA|PP755594.1|A/cattle/Texas/24-008749-003/2024(H5N1)	759	5564
PA|PP755594.1|A/cattle/Texas/24-008749-003/2024(H5N1)	760	5784
PA|PP755594.1|A/cattle/Texas/24-008749-003/2024(H5N1)	761	5784
PA|PP755594.1|A/cattle/Texas/24-008749-003/2024(H5N1)	762	5750
PA|PP755594.1|A/cattle/Texas/24-008749-003/2024(H5N1)	763	5750
PA|PP755594.1|A/cattle/Texas/24-008749-003/2024(H5N1)	764	5754
PA|PP755594.1|A/cattle/Texas/24-008749-003/2024(H5N1)	765	6144
PA|PP755594.1|A/cattle/Texas/24-008749-003/2024(H5N1)	766	6589
PA|PP755594.1|A/cattle/Texas/24-008749-003/2024(H5N1)	767	6643
PA|PP755594.1|A/cattle/Texas/24-008749-003/2024(H5N1)	768	6718
PA|PP755594.1|A/cattle/Texas/24-008749-003/2024(H5N1)	769	6724
PA|PP755594.1|A/cattle/Texas/24-008749-003/2024(H5N1)	770	6968
PA|PP755594.1|A/cattle/Texas/24-008749-003/2024(H5N1)	771	6968
PA|PP755594.1|A/cattle/Texas/24-008749-003/2024(H5N1)	772	6943
PA|PP755594.1|A/cattle/Texas/24-008749-003/2024(H5N1)	773	6947
PA|PP755594.1|A/cattle/Texas/24-008749-003/2024(H5N1)	774	6921
PA|PP755594.1|A/cattle/Texas/24-008749-003/2024(H5N1)	775	6984
PA|PP755594.1|A/cattle/Texas/24-008749-003/2024(H5N1)	776	6984
PA|PP755594.1|A/cattle/Texas/24-008749-003/2024(H5N1)	777	6977
PA|PP755594.1|A/cattle/Texas/24-008749-003/2024(H5N1)	778	7067
PA|PP755594.1|A/cattle/Texas/24-008749-003/2024(H5N1)	779	6950
PA|PP755594.1|A/cattle/Texas/24-008749-003/2024(H5N1)	780	7003
PA|PP755594.1|A/cattle/Texas/24-008749-003/2024(H5N1)	781	6919
PA|PP755594.1|A/cattle/Texas/24-008749-003/2024(H5N1)	782	6913
PA|PP755594.1|A/cattle/Texas/24-008749-003/2024(H5N1)	783	6928
PA|PP755594.1|A/cattle/Texas/24-008749-003/2024(H5N1)	784	6926
PA|PP755594.1|A/cattle/Texas/24-008749-003/2024(H5N1)	785	7137
PA|PP755594.1|A/cattle/Texas/24-008749-003/2024(H5N1)	786	7159
PA|PP755594.1|A/cattle/Texas/24-008749-003/2024(H5N1)	787	7061
PA|PP755594.1|A/cattle/Texas/24-008749-003/2024(H5N1)	788	7109
PA|PP755594.1|A/cattle/Texas/24-008749-003/2024(H5N1)	789	7026
PA|PP755594.1|A/cattle/Texas/24-008749-003/2024(H5N1)	790	7089
PA|PP755594.1|A/cattle/Texas/24-008749-003/2024(H5N1)	791	7155
PA|PP755594.1|A/cattle/Texas/24-008749-003/2024(H5N1)	792	7146
PA|PP755594.1|A/cattle/Texas/24-008749-003/2024(H5N1)	793	7146
PA|PP755594.1|A/cattle/Texas/24-008749-003/2024(H5N1)	794	6893
PA|PP755594.1|A/cattle/Texas/24-008749-003/2024(H5N1)	795	6871
PA|PP755594.1|A/cattle/Texas/24-008749-003/2024(H5N1)	796	6841
PA|PP755594.1|A/cattle/Texas/24-008749-003/2024(H5N1)	797	6794
PA|PP755594.1|A/cattle/Texas/24-008749-003/2024(H5N1)	798	6828
PA|PP755594.1|A/cattle/Texas/24-008749-003/2024(H5N1)	799	6745
PA|PP755594.1|A/cattle/Texas/24-008749-003/2024(H5N1)	800	6612
PA|PP755594.1|A/cattle/Texas/24-008749-003/2024(H5N1)	801	6577
PA|PP755594.1|A/cattle/Texas/24-008749-003/2024(H5N1)	802	6498
PA|PP755594.1|A/cattle/Texas/24-008749-003/2024(H5N1)	803	6491
PA|PP755594.1|A/cattle/Texas/24-008749-003/2024(H5N1)	804	6465
PA|PP755594.1|A/cattle/Texas/24-008749-003/2024(H5N1)	805	6453
PA|PP755594.1|A/cattle/Texas/24-008749-003/2024(H5N1)	806	6445
PA|PP755594.1|A/cattle/Texas/24-008749-003/2024(H5N1)	807	6352
PA|PP755594.1|A/cattle/Texas/24-008749-003/2024(H5N1)	808	6306
PA|PP755594.1|A/cattle/Texas/24-008749-003/2024(H5N1)	809	6029
PA|PP755594.1|A/cattle/Texas/24-008749-003/2024(H5N1)	810	5162
PA|PP755594.1|A/cattle/Texas/24-008749-003/2024(H5N1)	811	5149
PA|PP755594.1|A/cattle/Texas/24-008749-003/2024(H5N1)	812	5145
PA|PP755594.1|A/cattle/Texas/24-008749-003/2024(H5N1)	813	5135
PA|PP755594.1|A/cattle/Texas/24-008749-003/2024(H5N1)	814	5181
PA|PP755594.1|A/cattle/Texas/24-008749-003/2024(H5N1)	815	5181
PA|PP755594.1|A/cattle/Texas/24-008749-003/2024(H5N1)	816	5180
PA|PP755594.1|A/cattle/Texas/24-008749-003/2024(H5N1)	817	5193
PA|PP755594.1|A/cattle/Texas/24-008749-003/2024(H5N1)	818	5213
PA|PP755594.1|A/cattle/Texas/24-008749-003/2024(H5N1)	819	5242
PA|PP755594.1|A/cattle/Texas/24-008749-003/2024(H5N1)	820	5242
PA|PP755594.1|A/cattle/Texas/24-008749-003/2024(H5N1)	821	5244
PA|PP755594.1|A/cattle/Texas/24-008749-003/2024(H5N1)	822	5235
PA|PP755594.1|A/cattle/Texas/24-008749-003/2024(H5N1)	823	5236
PA|PP755594.1|A/cattle/Texas/24-008749-003/2024(H5N1)	824	5204
PA|PP755594.1|A/cattle/Texas/24-008749-003/2024(H5N1)	825	5196
PA|PP755594.1|A/cattle/Texas/24-008749-003/2024(H5N1)	826	5181
PA|PP755594.1|A/cattle/Texas/24-008749-003/2024(H5N1)	827	5129
PA|PP755594.1|A/cattle/Texas/24-008749-003/2024(H5N1)	828	5105
PA|PP755594.1|A/cattle/Texas/24-008749-003/2024(H5N1)	829	5150
PA|PP755594.1|A/cattle/Texas/24-008749-003/2024(H5N1)	830	6110
PA|PP755594.1|A/cattle/Texas/24-008749-003/2024(H5N1)	831	6141
PA|PP755594.1|A/cattle/Texas/24-008749-003/2024(H5N1)	832	6144
PA|PP755594.1|A/cattle/Texas/24-008749-003/2024(H5N1)	833	6141
PA|PP755594.1|A/cattle/Texas/24-008749-003/2024(H5N1)	834	6143
PA|PP755594.1|A/cattle/Texas/24-008749-003/2024(H5N1)	835	6232
PA|PP755594.1|A/cattle/Texas/24-008749-003/2024(H5N1)	836	6054
PA|PP755594.1|A/cattle/Texas/24-008749-003/2024(H5N1)	837	6050
PA|PP755594.1|A/cattle/Texas/24-008749-003/2024(H5N1)	838	6050
PA|PP755594.1|A/cattle/Texas/24-008749-003/2024(H5N1)	839	6032
PA|PP755594.1|A/cattle/Texas/24-008749-003/2024(H5N1)	840	6032
PA|PP755594.1|A/cattle/Texas/24-008749-003/2024(H5N1)	841	6022
PA|PP755594.1|A/cattle/Texas/24-008749-003/2024(H5N1)	842	5947
PA|PP755594.1|A/cattle/Texas/24-008749-003/2024(H5N1)	843	5816
PA|PP755594.1|A/cattle/Texas/24-008749-003/2024(H5N1)	844	5797
PA|PP755594.1|A/cattle/Texas/24-008749-003/2024(H5N1)	845	5756
PA|PP755594.1|A/cattle/Texas/24-008749-003/2024(H5N1)	846	5615
PA|PP755594.1|A/cattle/Texas/24-008749-003/2024(H5N1)	847	5617
PA|PP755594.1|A/cattle/Texas/24-008749-003/2024(H5N1)	848	5624
PA|PP755594.1|A/cattle/Texas/24-008749-003/2024(H5N1)	849	5647
PA|PP755594.1|A/cattle/Texas/24-008749-003/2024(H5N1)	850	5657
PA|PP755594.1|A/cattle/Texas/24-008749-003/2024(H5N1)	851	5712
PA|PP755594.1|A/cattle/Texas/24-008749-003/2024(H5N1)	852	5712
PA|PP755594.1|A/cattle/Texas/24-008749-003/2024(H5N1)	853	5712
PA|PP755594.1|A/cattle/Texas/24-008749-003/2024(H5N1)	854	5708
PA|PP755594.1|A/cattle/Texas/24-008749-003/2024(H5N1)	855	5541
PA|PP755594.1|A/cattle/Texas/24-008749-003/2024(H5N1)	856	5523
PA|PP755594.1|A/cattle/Texas/24-008749-003/2024(H5N1)	857	5518
PA|PP755594.1|A/cattle/Texas/24-008749-003/2024(H5N1)	858	5489
PA|PP755594.1|A/cattle/Texas/24-008749-003/2024(H5N1)	859	5487
PA|PP755594.1|A/cattle/Texas/24-008749-003/2024(H5N1)	860	5470
PA|PP755594.1|A/cattle/Texas/24-008749-003/2024(H5N1)	861	5450
PA|PP755594.1|A/cattle/Texas/24-008749-003/2024(H5N1)	862	5418
PA|PP755594.1|A/cattle/Texas/24-008749-003/2024(H5N1)	863	5408
PA|PP755594.1|A/cattle/Texas/24-008749-003/2024(H5N1)	864	4283
PA|PP755594.1|A/cattle/Texas/24-008749-003/2024(H5N1)	865	4282
PA|PP755594.1|A/cattle/Texas/24-008749-003/2024(H5N1)	866	4280
PA|PP755594.1|A/cattle/Texas/24-008749-003/2024(H5N1)	867	4278
PA|PP755594.1|A/cattle/Texas/24-008749-003/2024(H5N1)	868	4034
PA|PP755594.1|A/cattle/Texas/24-008749-003/2024(H5N1)	869	4034
PA|PP755594.1|A/cattle/Texas/24-008749-003/2024(H5N1)	870	4032
PA|PP755594.1|A/cattle/Texas/24-008749-003/2024(H5N1)	871	4033
PA|PP755594.1|A/cattle/Texas/24-008749-003/2024(H5N1)	872	4035
PA|PP755594.1|A/cattle/Texas/24-008749-003/2024(H5N1)	873	4034
PA|PP755594.1|A/cattle/Texas/24-008749-003/2024(H5N1)	874	4081
PA|PP755594.1|A/cattle/Texas/24-008749-003/2024(H5N1)	875	4098
PA|PP755594.1|A/cattle/Texas/24-008749-003/2024(H5N1)	876	4100
PA|PP755594.1|A/cattle/Texas/24-008749-003/2024(H5N1)	877	5549
PA|PP755594.1|A/cattle/Texas/24-008749-003/2024(H5N1)	878	5653
PA|PP755594.1|A/cattle/Texas/24-008749-003/2024(H5N1)	879	5663
PA|PP755594.1|A/cattle/Texas/24-008749-003/2024(H5N1)	880	5686
PA|PP755594.1|A/cattle/Texas/24-008749-003/2024(H5N1)	881	5787
PA|PP755594.1|A/cattle/Texas/24-008749-003/2024(H5N1)	882	5968
PA|PP755594.1|A/cattle/Texas/24-008749-003/2024(H5N1)	883	6003
PA|PP755594.1|A/cattle/Texas/24-008749-003/2024(H5N1)	884	6023
PA|PP755594.1|A/cattle/Texas/24-008749-003/2024(H5N1)	885	6022
PA|PP755594.1|A/cattle/Texas/24-008749-003/2024(H5N1)	886	6066
PA|PP755594.1|A/cattle/Texas/24-008749-003/2024(H5N1)	887	6065
PA|PP755594.1|A/cattle/Texas/24-008749-003/2024(H5N1)	888	6235
PA|PP755594.1|A/cattle/Texas/24-008749-003/2024(H5N1)	889	6232
PA|PP755594.1|A/cattle/Texas/24-008749-003/2024(H5N1)	890	6204
PA|PP755594.1|A/cattle/Texas/24-008749-003/2024(H5N1)	891	6200
PA|PP755594.1|A/cattle/Texas/24-008749-003/2024(H5N1)	892	6202
PA|PP755594.1|A/cattle/Texas/24-008749-003/2024(H5N1)	893	6171
PA|PP755594.1|A/cattle/Texas/24-008749-003/2024(H5N1)	894	6039
PA|PP755594.1|A/cattle/Texas/24-008749-003/2024(H5N1)	895	6127
PA|PP755594.1|A/cattle/Texas/24-008749-003/2024(H5N1)	896	6125
PA|PP755594.1|A/cattle/Texas/24-008749-003/2024(H5N1)	897	6087
PA|PP755594.1|A/cattle/Texas/24-008749-003/2024(H5N1)	898	6120
PA|PP755594.1|A/cattle/Texas/24-008749-003/2024(H5N1)	899	6174
PA|PP755594.1|A/cattle/Texas/24-008749-003/2024(H5N1)	900	6207
PA|PP755594.1|A/cattle/Texas/24-008749-003/2024(H5N1)	901	6232
PA|PP755594.1|A/cattle/Texas/24-008749-003/2024(H5N1)	902	6480
PA|PP755594.1|A/cattle/Texas/24-008749-003/2024(H5N1)	903	6478
PA|PP755594.1|A/cattle/Texas/24-008749-003/2024(H5N1)	904	6514
PA|PP755594.1|A/cattle/Texas/24-008749-003/2024(H5N1)	905	6485
PA|PP755594.1|A/cattle/Texas/24-008749-003/2024(H5N1)	906	6466
PA|PP755594.1|A/cattle/Texas/24-008749-003/2024(H5N1)	907	6987
PA|PP755594.1|A/cattle/Texas/24-008749-003/2024(H5N1)	908	6958
PA|PP755594.1|A/cattle/Texas/24-008749-003/2024(H5N1)	909	6977
PA|PP755594.1|A/cattle/Texas/24-008749-003/2024(H5N1)	910	6989
PA|PP755594.1|A/cattle/Texas/24-008749-003/2024(H5N1)	911	6758
PA|PP755594.1|A/cattle/Texas/24-008749-003/2024(H5N1)	912	7099
PA|PP755594.1|A/cattle/Texas/24-008749-003/2024(H5N1)	913	7094
PA|PP755594.1|A/cattle/Texas/24-008749-003/2024(H5N1)	914	7106
PA|PP755594.1|A/cattle/Texas/24-008749-003/2024(H5N1)	915	7103
PA|PP755594.1|A/cattle/Texas/24-008749-003/2024(H5N1)	916	6691
PA|PP755594.1|A/cattle/Texas/24-008749-003/2024(H5N1)	917	6740
PA|PP755594.1|A/cattle/Texas/24-008749-003/2024(H5N1)	918	6648
PA|PP755594.1|A/cattle/Texas/24-008749-003/2024(H5N1)	919	6632
PA|PP755594.1|A/cattle/Texas/24-008749-003/2024(H5N1)	920	6636
PA|PP755594.1|A/cattle/Texas/24-008749-003/2024(H5N1)	921	6390
PA|PP755594.1|A/cattle/Texas/24-008749-003/2024(H5N1)	922	6406
PA|PP755594.1|A/cattle/Texas/24-008749-003/2024(H5N1)	923	6398
PA|PP755594.1|A/cattle/Texas/24-008749-003/2024(H5N1)	924	6395
PA|PP755594.1|A/cattle/Texas/24-008749-003/2024(H5N1)	925	6392
PA|PP755594.1|A/cattle/Texas/24-008749-003/2024(H5N1)	926	6342
PA|PP755594.1|A/cattle/Texas/24-008749-003/2024(H5N1)	927	6348
PA|PP755594.1|A/cattle/Texas/24-008749-003/2024(H5N1)	928	6349
PA|PP755594.1|A/cattle/Texas/24-008749-003/2024(H5N1)	929	6268
PA|PP755594.1|A/cattle/Texas/24-008749-003/2024(H5N1)	930	6235
PA|PP755594.1|A/cattle/Texas/24-008749-003/2024(H5N1)	931	6220
PA|PP755594.1|A/cattle/Texas/24-008749-003/2024(H5N1)	932	6213
PA|PP755594.1|A/cattle/Texas/24-008749-003/2024(H5N1)	933	6208
PA|PP755594.1|A/cattle/Texas/24-008749-003/2024(H5N1)	934	6201
PA|PP755594.1|A/cattle/Texas/24-008749-003/2024(H5N1)	935	6195
PA|PP755594.1|A/cattle/Texas/24-008749-003/2024(H5N1)	936	5997
PA|PP755594.1|A/cattle/Texas/24-008749-003/2024(H5N1)	937	5965
PA|PP755594.1|A/cattle/Texas/24-008749-003/2024(H5N1)	938	5919
PA|PP755594.1|A/cattle/Texas/24-008749-003/2024(H5N1)	939	5785
PA|PP755594.1|A/cattle/Texas/24-008749-003/2024(H5N1)	940	5905
PA|PP755594.1|A/cattle/Texas/24-008749-003/2024(H5N1)	941	5925
PA|PP755594.1|A/cattle/Texas/24-008749-003/2024(H5N1)	942	5854
PA|PP755594.1|A/cattle/Texas/24-008749-003/2024(H5N1)	943	5914
PA|PP755594.1|A/cattle/Texas/24-008749-003/2024(H5N1)	944	5910
PA|PP755594.1|A/cattle/Texas/24-008749-003/2024(H5N1)	945	5887
PA|PP755594.1|A/cattle/Texas/24-008749-003/2024(H5N1)	946	5884
PA|PP755594.1|A/cattle/Texas/24-008749-003/2024(H5N1)	947	5901
PA|PP755594.1|A/cattle/Texas/24-008749-003/2024(H5N1)	948	5900
PA|PP755594.1|A/cattle/Texas/24-008749-003/2024(H5N1)	949	5851
PA|PP755594.1|A/cattle/Texas/24-008749-003/2024(H5N1)	950	5849
PA|PP755594.1|A/cattle/Texas/24-008749-003/2024(H5N1)	951	5676
PA|PP755594.1|A/cattle/Texas/24-008749-003/2024(H5N1)	952	5819
PA|PP755594.1|A/cattle/Texas/24-008749-003/2024(H5N1)	953	5898
PA|PP755594.1|A/cattle/Texas/24-008749-003/2024(H5N1)	954	5898
PA|PP755594.1|A/cattle/Texas/24-008749-003/2024(H5N1)	955	5972
PA|PP755594.1|A/cattle/Texas/24-008749-003/2024(H5N1)	956	5907
PA|PP755594.1|A/cattle/Texas/24-008749-003/2024(H5N1)	957	6006
PA|PP755594.1|A/cattle/Texas/24-008749-003/2024(H5N1)	958	6148
PA|PP755594.1|A/cattle/Texas/24-008749-003/2024(H5N1)	959	6129
PA|PP755594.1|A/cattle/Texas/24-008749-003/2024(H5N1)	960	6107
PA|PP755594.1|A/cattle/Texas/24-008749-003/2024(H5N1)	961	6099
PA|PP755594.1|A/cattle/Texas/24-008749-003/2024(H5N1)	962	6184
PA|PP755594.1|A/cattle/Texas/24-008749-003/2024(H5N1)	963	6172
PA|PP755594.1|A/cattle/Texas/24-008749-003/2024(H5N1)	964	6113
PA|PP755594.1|A/cattle/Texas/24-008749-003/2024(H5N1)	965	6104
PA|PP755594.1|A/cattle/Texas/24-008749-003/2024(H5N1)	966	5882
PA|PP755594.1|A/cattle/Texas/24-008749-003/2024(H5N1)	967	5900
PA|PP755594.1|A/cattle/Texas/24-008749-003/2024(H5N1)	968	5888
PA|PP755594.1|A/cattle/Texas/24-008749-003/2024(H5N1)	969	5898
PA|PP755594.1|A/cattle/Texas/24-008749-003/2024(H5N1)	970	5978
PA|PP755594.1|A/cattle/Texas/24-008749-003/2024(H5N1)	971	6053
PA|PP755594.1|A/cattle/Texas/24-008749-003/2024(H5N1)	972	6056
PA|PP755594.1|A/cattle/Texas/24-008749-003/2024(H5N1)	973	5869
PA|PP755594.1|A/cattle/Texas/24-008749-003/2024(H5N1)	974	5888
PA|PP755594.1|A/cattle/Texas/24-008749-003/2024(H5N1)	975	5859
PA|PP755594.1|A/cattle/Texas/24-008749-003/2024(H5N1)	976	6026
PA|PP755594.1|A/cattle/Texas/24-008749-003/2024(H5N1)	977	6031
PA|PP755594.1|A/cattle/Texas/24-008749-003/2024(H5N1)	978	5940
PA|PP755594.1|A/cattle/Texas/24-008749-003/2024(H5N1)	979	5940
PA|PP755594.1|A/cattle/Texas/24-008749-003/2024(H5N1)	980	5891
PA|PP755594.1|A/cattle/Texas/24-008749-003/2024(H5N1)	981	5946
PA|PP755594.1|A/cattle/Texas/24-008749-003/2024(H5N1)	982	5951
PA|PP755594.1|A/cattle/Texas/24-008749-003/2024(H5N1)	983	5937
PA|PP755594.1|A/cattle/Texas/24-008749-003/2024(H5N1)	984	5908
PA|PP755594.1|A/cattle/Texas/24-008749-003/2024(H5N1)	985	5862
PA|PP755594.1|A/cattle/Texas/24-008749-003/2024(H5N1)	986	6048
PA|PP755594.1|A/cattle/Texas/24-008749-003/2024(H5N1)	987	6067
PA|PP755594.1|A/cattle/Texas/24-008749-003/2024(H5N1)	988	6120
PA|PP755594.1|A/cattle/Texas/24-008749-003/2024(H5N1)	989	6121
PA|PP755594.1|A/cattle/Texas/24-008749-003/2024(H5N1)	990	6156
PA|PP755594.1|A/cattle/Texas/24-008749-003/2024(H5N1)	991	6172
PA|PP755594.1|A/cattle/Texas/24-008749-003/2024(H5N1)	992	6185
PA|PP755594.1|A/cattle/Texas/24-008749-003/2024(H5N1)	993	6249
PA|PP755594.1|A/cattle/Texas/24-008749-003/2024(H5N1)	994	6197
PA|PP755594.1|A/cattle/Texas/24-008749-003/2024(H5N1)	995	6081
PA|PP755594.1|A/cattle/Texas/24-008749-003/2024(H5N1)	996	6068
PA|PP755594.1|A/cattle/Texas/24-008749-003/2024(H5N1)	997	6179
PA|PP755594.1|A/cattle/Texas/24-008749-003/2024(H5N1)	998	6216
PA|PP755594.1|A/cattle/Texas/24-008749-003/2024(H5N1)	999	6248
PA|PP755594.1|A/cattle/Texas/24-008749-003/2024(H5N1)	1000	6228
PA|PP755594.1|A/cattle/Texas/24-008749-003/2024(H5N1)	1001	6249
PA|PP755594.1|A/cattle/Texas/24-008749-003/2024(H5N1)	1002	6180
PA|PP755594.1|A/cattle/Texas/24-008749-003/2024(H5N1)	1003	6202
PA|PP755594.1|A/cattle/Texas/24-008749-003/2024(H5N1)	1004	6203
PA|PP755594.1|A/cattle/Texas/24-008749-003/2024(H5N1)	1005	6186
PA|PP755594.1|A/cattle/Texas/24-008749-003/2024(H5N1)	1006	6196
PA|PP755594.1|A/cattle/Texas/24-008749-003/2024(H5N1)	1007	6391
PA|PP755594.1|A/cattle/Texas/24-008749-003/2024(H5N1)	1008	6404
PA|PP755594.1|A/cattle/Texas/24-008749-003/2024(H5N1)	1009	6442
PA|PP755594.1|A/cattle/Texas/24-008749-003/2024(H5N1)	1010	6255
PA|PP755594.1|A/cattle/Texas/24-008749-003/2024(H5N1)	1011	6246
PA|PP755594.1|A/cattle/Texas/24-008749-003/2024(H5N1)	1012	6210
PA|PP755594.1|A/cattle/Texas/24-008749-003/2024(H5N1)	1013	6207
PA|PP755594.1|A/cattle/Texas/24-008749-003/2024(H5N1)	1014	6242
PA|PP755594.1|A/cattle/Texas/24-008749-003/2024(H5N1)	1015	6328
PA|PP755594.1|A/cattle/Texas/24-008749-003/2024(H5N1)	1016	6333
PA|PP755594.1|A/cattle/Texas/24-008749-003/2024(H5N1)	1017	6326
PA|PP755594.1|A/cattle/Texas/24-008749-003/2024(H5N1)	1018	6133
PA|PP755594.1|A/cattle/Texas/24-008749-003/2024(H5N1)	1019	6128
PA|PP755594.1|A/cattle/Texas/24-008749-003/2024(H5N1)	1020	5459
PA|PP755594.1|A/cattle/Texas/24-008749-003/2024(H5N1)	1021	5544
PA|PP755594.1|A/cattle/Texas/24-008749-003/2024(H5N1)	1022	5536
PA|PP755594.1|A/cattle/Texas/24-008749-003/2024(H5N1)	1023	5278
PA|PP755594.1|A/cattle/Texas/24-008749-003/2024(H5N1)	1024	5211
PA|PP755594.1|A/cattle/Texas/24-008749-003/2024(H5N1)	1025	5256
PA|PP755594.1|A/cattle/Texas/24-008749-003/2024(H5N1)	1026	5244
PA|PP755594.1|A/cattle/Texas/24-008749-003/2024(H5N1)	1027	5250
PA|PP755594.1|A/cattle/Texas/24-008749-003/2024(H5N1)	1028	5257
PA|PP755594.1|A/cattle/Texas/24-008749-003/2024(H5N1)	1029	5257
PA|PP755594.1|A/cattle/Texas/24-008749-003/2024(H5N1)	1030	5501
PA|PP755594.1|A/cattle/Texas/24-008749-003/2024(H5N1)	1031	5460
PA|PP755594.1|A/cattle/Texas/24-008749-003/2024(H5N1)	1032	5435
PA|PP755594.1|A/cattle/Texas/24-008749-003/2024(H5N1)	1033	5252
PA|PP755594.1|A/cattle/Texas/24-008749-003/2024(H5N1)	1034	5215
PA|PP755594.1|A/cattle/Texas/24-008749-003/2024(H5N1)	1035	5211
PA|PP755594.1|A/cattle/Texas/24-008749-003/2024(H5N1)	1036	5162
PA|PP755594.1|A/cattle/Texas/24-008749-003/2024(H5N1)	1037	5156
PA|PP755594.1|A/cattle/Texas/24-008749-003/2024(H5N1)	1038	5153
PA|PP755594.1|A/cattle/Texas/24-008749-003/2024(H5N1)	1039	5175
PA|PP755594.1|A/cattle/Texas/24-008749-003/2024(H5N1)	1040	5205
PA|PP755594.1|A/cattle/Texas/24-008749-003/2024(H5N1)	1041	5193
PA|PP755594.1|A/cattle/Texas/24-008749-003/2024(H5N1)	1042	6647
PA|PP755594.1|A/cattle/Texas/24-008749-003/2024(H5N1)	1043	6866
PA|PP755594.1|A/cattle/Texas/24-008749-003/2024(H5N1)	1044	6879
PA|PP755594.1|A/cattle/Texas/24-008749-003/2024(H5N1)	1045	6925
PA|PP755594.1|A/cattle/Texas/24-008749-003/2024(H5N1)	1046	6814
PA|PP755594.1|A/cattle/Texas/24-008749-003/2024(H5N1)	1047	6786
PA|PP755594.1|A/cattle/Texas/24-008749-003/2024(H5N1)	1048	6835
PA|PP755594.1|A/cattle/Texas/24-008749-003/2024(H5N1)	1049	6840
PA|PP755594.1|A/cattle/Texas/24-008749-003/2024(H5N1)	1050	6891
PA|PP755594.1|A/cattle/Texas/24-008749-003/2024(H5N1)	1051	6916
PA|PP755594.1|A/cattle/Texas/24-008749-003/2024(H5N1)	1052	6892
PA|PP755594.1|A/cattle/Texas/24-008749-003/2024(H5N1)	1053	6665
PA|PP755594.1|A/cattle/Texas/24-008749-003/2024(H5N1)	1054	6682
PA|PP755594.1|A/cattle/Texas/24-008749-003/2024(H5N1)	1055	6735
PA|PP755594.1|A/cattle/Texas/24-008749-003/2024(H5N1)	1056	6758
PA|PP755594.1|A/cattle/Texas/24-008749-003/2024(H5N1)	1057	6773
PA|PP755594.1|A/cattle/Texas/24-008749-003/2024(H5N1)	1058	6304
PA|PP755594.1|A/cattle/Texas/24-008749-003/2024(H5N1)	1059	6300
PA|PP755594.1|A/cattle/Texas/24-008749-003/2024(H5N1)	1060	6289
PA|PP755594.1|A/cattle/Texas/24-008749-003/2024(H5N1)	1061	6281
PA|PP755594.1|A/cattle/Texas/24-008749-003/2024(H5N1)	1062	6284
PA|PP755594.1|A/cattle/Texas/24-008749-003/2024(H5N1)	1063	5976
PA|PP755594.1|A/cattle/Texas/24-008749-003/2024(H5N1)	1064	5973
PA|PP755594.1|A/cattle/Texas/24-008749-003/2024(H5N1)	1065	5984
PA|PP755594.1|A/cattle/Texas/24-008749-003/2024(H5N1)	1066	5984
PA|PP755594.1|A/cattle/Texas/24-008749-003/2024(H5N1)	1067	6072
PA|PP755594.1|A/cattle/Texas/24-008749-003/2024(H5N1)	1068	6027
PA|PP755594.1|A/cattle/Texas/24-008749-003/2024(H5N1)	1069	6032
PA|PP755594.1|A/cattle/Texas/24-008749-003/2024(H5N1)	1070	6018
PA|PP755594.1|A/cattle/Texas/24-008749-003/2024(H5N1)	1071	5941
PA|PP755594.1|A/cattle/Texas/24-008749-003/2024(H5N1)	1072	5972
PA|PP755594.1|A/cattle/Texas/24-008749-003/2024(H5N1)	1073	5972
PA|PP755594.1|A/cattle/Texas/24-008749-003/2024(H5N1)	1074	5972
PA|PP755594.1|A/cattle/Texas/24-008749-003/2024(H5N1)	1075	5990
PA|PP755594.1|A/cattle/Texas/24-008749-003/2024(H5N1)	1076	6050
PA|PP755594.1|A/cattle/Texas/24-008749-003/2024(H5N1)	1077	6063
PA|PP755594.1|A/cattle/Texas/24-008749-003/2024(H5N1)	1078	6099
PA|PP755594.1|A/cattle/Texas/24-008749-003/2024(H5N1)	1079	6100
PA|PP755594.1|A/cattle/Texas/24-008749-003/2024(H5N1)	1080	6134
PA|PP755594.1|A/cattle/Texas/24-008749-003/2024(H5N1)	1081	6145
PA|PP755594.1|A/cattle/Texas/24-008749-003/2024(H5N1)	1082	6138
PA|PP755594.1|A/cattle/Texas/24-008749-003/2024(H5N1)	1083	6151
PA|PP755594.1|A/cattle/Texas/24-008749-003/2024(H5N1)	1084	6161
PA|PP755594.1|A/cattle/Texas/24-008749-003/2024(H5N1)	1085	6250
PA|PP755594.1|A/cattle/Texas/24-008749-003/2024(H5N1)	1086	6297
PA|PP755594.1|A/cattle/Texas/24-008749-003/2024(H5N1)	1087	6286
PA|PP755594.1|A/cattle/Texas/24-008749-003/2024(H5N1)	1088	6334
PA|PP755594.1|A/cattle/Texas/24-008749-003/2024(H5N1)	1089	6298
PA|PP755594.1|A/cattle/Texas/24-008749-003/2024(H5N1)	1090	6307
PA|PP755594.1|A/cattle/Texas/24-008749-003/2024(H5N1)	1091	6302
PA|PP755594.1|A/cattle/Texas/24-008749-003/2024(H5N1)	1092	6409
PA|PP755594.1|A/cattle/Texas/24-008749-003/2024(H5N1)	1093	6515
PA|PP755594.1|A/cattle/Texas/24-008749-003/2024(H5N1)	1094	6436
PA|PP755594.1|A/cattle/Texas/24-008749-003/2024(H5N1)	1095	6523
PA|PP755594.1|A/cattle/Texas/24-008749-003/2024(H5N1)	1096	6555
PA|PP755594.1|A/cattle/Texas/24-008749-003/2024(H5N1)	1097	6556
PA|PP755594.1|A/cattle/Texas/24-008749-003/2024(H5N1)	1098	6512
PA|PP755594.1|A/cattle/Texas/24-008749-003/2024(H5N1)	1099	6529
PA|PP755594.1|A/cattle/Texas/24-008749-003/2024(H5N1)	1100	6582
PA|PP755594.1|A/cattle/Texas/24-008749-003/2024(H5N1)	1101	6569
PA|PP755594.1|A/cattle/Texas/24-008749-003/2024(H5N1)	1102	6421
PA|PP755594.1|A/cattle/Texas/24-008749-003/2024(H5N1)	1103	6412
PA|PP755594.1|A/cattle/Texas/24-008749-003/2024(H5N1)	1104	6343
PA|PP755594.1|A/cattle/Texas/24-008749-003/2024(H5N1)	1105	6376
PA|PP755594.1|A/cattle/Texas/24-008749-003/2024(H5N1)	1106	6305
PA|PP755594.1|A/cattle/Texas/24-008749-003/2024(H5N1)	1107	6270
PA|PP755594.1|A/cattle/Texas/24-008749-003/2024(H5N1)	1108	6173
PA|PP755594.1|A/cattle/Texas/24-008749-003/2024(H5N1)	1109	6052
PA|PP755594.1|A/cattle/Texas/24-008749-003/2024(H5N1)	1110	6037
PA|PP755594.1|A/cattle/Texas/24-008749-003/2024(H5N1)	1111	6014
PA|PP755594.1|A/cattle/Texas/24-008749-003/2024(H5N1)	1112	6003
PA|PP755594.1|A/cattle/Texas/24-008749-003/2024(H5N1)	1113	5909
PA|PP755594.1|A/cattle/Texas/24-008749-003/2024(H5N1)	1114	5904
PA|PP755594.1|A/cattle/Texas/24-008749-003/2024(H5N1)	1115	5895
PA|PP755594.1|A/cattle/Texas/24-008749-003/2024(H5N1)	1116	5600
PA|PP755594.1|A/cattle/Texas/24-008749-003/2024(H5N1)	1117	5575
PA|PP755594.1|A/cattle/Texas/24-008749-003/2024(H5N1)	1118	5552
PA|PP755594.1|A/cattle/Texas/24-008749-003/2024(H5N1)	1119	5550
PA|PP755594.1|A/cattle/Texas/24-008749-003/2024(H5N1)	1120	5852
PA|PP755594.1|A/cattle/Texas/24-008749-003/2024(H5N1)	1121	5849
PA|PP755594.1|A/cattle/Texas/24-008749-003/2024(H5N1)	1122	5765
PA|PP755594.1|A/cattle/Texas/24-008749-003/2024(H5N1)	1123	5757
PA|PP755594.1|A/cattle/Texas/24-008749-003/2024(H5N1)	1124	5713
PA|PP755594.1|A/cattle/Texas/24-008749-003/2024(H5N1)	1125	5667
PA|PP755594.1|A/cattle/Texas/24-008749-003/2024(H5N1)	1126	5804
PA|PP755594.1|A/cattle/Texas/24-008749-003/2024(H5N1)	1127	5787
PA|PP755594.1|A/cattle/Texas/24-008749-003/2024(H5N1)	1128	5775
PA|PP755594.1|A/cattle/Texas/24-008749-003/2024(H5N1)	1129	5756
PA|PP755594.1|A/cattle/Texas/24-008749-003/2024(H5N1)	1130	5756
PA|PP755594.1|A/cattle/Texas/24-008749-003/2024(H5N1)	1131	5752
PA|PP755594.1|A/cattle/Texas/24-008749-003/2024(H5N1)	1132	5757
PA|PP755594.1|A/cattle/Texas/24-008749-003/2024(H5N1)	1133	5758
PA|PP755594.1|A/cattle/Texas/24-008749-003/2024(H5N1)	1134	5749
PA|PP755594.1|A/cattle/Texas/24-008749-003/2024(H5N1)	1135	5728
PA|PP755594.1|A/cattle/Texas/24-008749-003/2024(H5N1)	1136	5692
PA|PP755594.1|A/cattle/Texas/24-008749-003/2024(H5N1)	1137	5462
PA|PP755594.1|A/cattle/Texas/24-008749-003/2024(H5N1)	1138	5554
PA|PP755594.1|A/cattle/Texas/24-008749-003/2024(H5N1)	1139	5741
PA|PP755594.1|A/cattle/Texas/24-008749-003/2024(H5N1)	1140	5754
PA|PP755594.1|A/cattle/Texas/24-008749-003/2024(H5N1)	1141	5677
PA|PP755594.1|A/cattle/Texas/24-008749-003/2024(H5N1)	1142	5669
PA|PP755594.1|A/cattle/Texas/24-008749-003/2024(H5N1)	1143	5643
PA|PP755594.1|A/cattle/Texas/24-008749-003/2024(H5N1)	1144	5571
PA|PP755594.1|A/cattle/Texas/24-008749-003/2024(H5N1)	1145	5563
PA|PP755594.1|A/cattle/Texas/24-008749-003/2024(H5N1)	1146	5551
PA|PP755594.1|A/cattle/Texas/24-008749-003/2024(H5N1)	1147	5688
PA|PP755594.1|A/cattle/Texas/24-008749-003/2024(H5N1)	1148	5586
PA|PP755594.1|A/cattle/Texas/24-008749-003/2024(H5N1)	1149	5513
PA|PP755594.1|A/cattle/Texas/24-008749-003/2024(H5N1)	1150	5474
PA|PP755594.1|A/cattle/Texas/24-008749-003/2024(H5N1)	1151	5475
PA|PP755594.1|A/cattle/Texas/24-008749-003/2024(H5N1)	1152	5474
PA|PP755594.1|A/cattle/Texas/24-008749-003/2024(H5N1)	1153	5465
PA|PP755594.1|A/cattle/Texas/24-008749-003/2024(H5N1)	1154	5409
PA|PP755594.1|A/cattle/Texas/24-008749-003/2024(H5N1)	1155	5386
PA|PP755594.1|A/cattle/Texas/24-008749-003/2024(H5N1)	1156	5369
PA|PP755594.1|A/cattle/Texas/24-008749-003/2024(H5N1)	1157	5355
PA|PP755594.1|A/cattle/Texas/24-008749-003/2024(H5N1)	1158	5047
PA|PP755594.1|A/cattle/Texas/24-008749-003/2024(H5N1)	1159	5031
PA|PP755594.1|A/cattle/Texas/24-008749-003/2024(H5N1)	1160	4915
PA|PP755594.1|A/cattle/Texas/24-008749-003/2024(H5N1)	1161	4888
PA|PP755594.1|A/cattle/Texas/24-008749-003/2024(H5N1)	1162	4883
PA|PP755594.1|A/cattle/Texas/24-008749-003/2024(H5N1)	1163	4883
PA|PP755594.1|A/cattle/Texas/24-008749-003/2024(H5N1)	1164	4834
PA|PP755594.1|A/cattle/Texas/24-008749-003/2024(H5N1)	1165	4781
PA|PP755594.1|A/cattle/Texas/24-008749-003/2024(H5N1)	1166	4735
PA|PP755594.1|A/cattle/Texas/24-008749-003/2024(H5N1)	1167	4708
PA|PP755594.1|A/cattle/Texas/24-008749-003/2024(H5N1)	1168	3732
PA|PP755594.1|A/cattle/Texas/24-008749-003/2024(H5N1)	1169	3731
PA|PP755594.1|A/cattle/Texas/24-008749-003/2024(H5N1)	1170	3730
PA|PP755594.1|A/cattle/Texas/24-008749-003/2024(H5N1)	1171	3730
PA|PP755594.1|A/cattle/Texas/24-008749-003/2024(H5N1)	1172	3730
PA|PP755594.1|A/cattle/Texas/24-008749-003/2024(H5N1)	1173	3730
PA|PP755594.1|A/cattle/Texas/24-008749-003/2024(H5N1)	1174	4589
PA|PP755594.1|A/cattle/Texas/24-008749-003/2024(H5N1)	1175	4589
PA|PP755594.1|A/cattle/Texas/24-008749-003/2024(H5N1)	1176	4590
PA|PP755594.1|A/cattle/Texas/24-008749-003/2024(H5N1)	1177	4590
PA|PP755594.1|A/cattle/Texas/24-008749-003/2024(H5N1)	1178	4590
PA|PP755594.1|A/cattle/Texas/24-008749-003/2024(H5N1)	1179	4584
PA|PP755594.1|A/cattle/Texas/24-008749-003/2024(H5N1)	1180	4877
PA|PP755594.1|A/cattle/Texas/24-008749-003/2024(H5N1)	1181	4876
PA|PP755594.1|A/cattle/Texas/24-008749-003/2024(H5N1)	1182	4876
PA|PP755594.1|A/cattle/Texas/24-008749-003/2024(H5N1)	1183	4875
PA|PP755594.1|A/cattle/Texas/24-008749-003/2024(H5N1)	1184	4684
PA|PP755594.1|A/cattle/Texas/24-008749-003/2024(H5N1)	1185	4168
PA|PP755594.1|A/cattle/Texas/24-008749-003/2024(H5N1)	1186	4147
PA|PP755594.1|A/cattle/Texas/24-008749-003/2024(H5N1)	1187	4147
PA|PP755594.1|A/cattle/Texas/24-008749-003/2024(H5N1)	1188	4092
PA|PP755594.1|A/cattle/Texas/24-008749-003/2024(H5N1)	1189	4083
PA|PP755594.1|A/cattle/Texas/24-008749-003/2024(H5N1)	1190	4064
PA|PP755594.1|A/cattle/Texas/24-008749-003/2024(H5N1)	1191	4052
PA|PP755594.1|A/cattle/Texas/24-008749-003/2024(H5N1)	1192	4039
PA|PP755594.1|A/cattle/Texas/24-008749-003/2024(H5N1)	1193	4009
PA|PP755594.1|A/cattle/Texas/24-008749-003/2024(H5N1)	1194	3429
PA|PP755594.1|A/cattle/Texas/24-008749-003/2024(H5N1)	1195	3427
PA|PP755594.1|A/cattle/Texas/24-008749-003/2024(H5N1)	1196	3425
PA|PP755594.1|A/cattle/Texas/24-008749-003/2024(H5N1)	1197	3423
PA|PP755594.1|A/cattle/Texas/24-008749-003/2024(H5N1)	1198	3417
PA|PP755594.1|A/cattle/Texas/24-008749-003/2024(H5N1)	1199	3417
PA|PP755594.1|A/cattle/Texas/24-008749-003/2024(H5N1)	1200	3417
PA|PP755594.1|A/cattle/Texas/24-008749-003/2024(H5N1)	1201	3843
PA|PP755594.1|A/cattle/Texas/24-008749-003/2024(H5N1)	1202	3866
PA|PP755594.1|A/cattle/Texas/24-008749-003/2024(H5N1)	1203	3886
PA|PP755594.1|A/cattle/Texas/24-008749-003/2024(H5N1)	1204	3891
PA|PP755594.1|A/cattle/Texas/24-008749-003/2024(H5N1)	1205	3897
PA|PP755594.1|A/cattle/Texas/24-008749-003/2024(H5N1)	1206	3898
PA|PP755594.1|A/cattle/Texas/24-008749-003/2024(H5N1)	1207	3898
PA|PP755594.1|A/cattle/Texas/24-008749-003/2024(H5N1)	1208	3898
PA|PP755594.1|A/cattle/Texas/24-008749-003/2024(H5N1)	1209	3898
PA|PP755594.1|A/cattle/Texas/24-008749-003/2024(H5N1)	1210	3889
PA|PP755594.1|A/cattle/Texas/24-008749-003/2024(H5N1)	1211	3836
PA|PP755594.1|A/cattle/Texas/24-008749-003/2024(H5N1)	1212	3828
PA|PP755594.1|A/cattle/Texas/24-008749-003/2024(H5N1)	1213	3817
PA|PP755594.1|A/cattle/Texas/24-008749-003/2024(H5N1)	1214	3815
PA|PP755594.1|A/cattle/Texas/24-008749-003/2024(H5N1)	1215	3810
PA|PP755594.1|A/cattle/Texas/24-008749-003/2024(H5N1)	1216	3795
PA|PP755594.1|A/cattle/Texas/24-008749-003/2024(H5N1)	1217	3794
PA|PP755594.1|A/cattle/Texas/24-008749-003/2024(H5N1)	1218	3706
PA|PP755594.1|A/cattle/Texas/24-008749-003/2024(H5N1)	1219	3702
PA|PP755594.1|A/cattle/Texas/24-008749-003/2024(H5N1)	1220	3696
PA|PP755594.1|A/cattle/Texas/24-008749-003/2024(H5N1)	1221	3690
PA|PP755594.1|A/cattle/Texas/24-008749-003/2024(H5N1)	1222	3689
PA|PP755594.1|A/cattle/Texas/24-008749-003/2024(H5N1)	1223	3659
PA|PP755594.1|A/cattle/Texas/24-008749-003/2024(H5N1)	1224	3649
PA|PP755594.1|A/cattle/Texas/24-008749-003/2024(H5N1)	1225	3650
PA|PP755594.1|A/cattle/Texas/24-008749-003/2024(H5N1)	1226	3646
PA|PP755594.1|A/cattle/Texas/24-008749-003/2024(H5N1)	1227	3584
PA|PP755594.1|A/cattle/Texas/24-008749-003/2024(H5N1)	1228	3572
PA|PP755594.1|A/cattle/Texas/24-008749-003/2024(H5N1)	1229	3536
PA|PP755594.1|A/cattle/Texas/24-008749-003/2024(H5N1)	1230	3518
PA|PP755594.1|A/cattle/Texas/24-008749-003/2024(H5N1)	1231	3481
PA|PP755594.1|A/cattle/Texas/24-008749-003/2024(H5N1)	1232	3474
PA|PP755594.1|A/cattle/Texas/24-008749-003/2024(H5N1)	1233	3458
PA|PP755594.1|A/cattle/Texas/24-008749-003/2024(H5N1)	1234	3452
PA|PP755594.1|A/cattle/Texas/24-008749-003/2024(H5N1)	1235	3452
PA|PP755594.1|A/cattle/Texas/24-008749-003/2024(H5N1)	1236	3359
PA|PP755594.1|A/cattle/Texas/24-008749-003/2024(H5N1)	1237	3300
PA|PP755594.1|A/cattle/Texas/24-008749-003/2024(H5N1)	1238	3299
PA|PP755594.1|A/cattle/Texas/24-008749-003/2024(H5N1)	1239	1164
PA|PP755594.1|A/cattle/Texas/24-008749-003/2024(H5N1)	1240	1164
PA|PP755594.1|A/cattle/Texas/24-008749-003/2024(H5N1)	1241	1143
PA|PP755594.1|A/cattle/Texas/24-008749-003/2024(H5N1)	1242	1018
PA|PP755594.1|A/cattle/Texas/24-008749-003/2024(H5N1)	1243	1018
PA|PP755594.1|A/cattle/Texas/24-008749-003/2024(H5N1)	1244	1018
PA|PP755594.1|A/cattle/Texas/24-008749-003/2024(H5N1)	1245	1012
PA|PP755594.1|A/cattle/Texas/24-008749-003/2024(H5N1)	1246	1012
PA|PP755594.1|A/cattle/Texas/24-008749-003/2024(H5N1)	1247	1012
PA|PP755594.1|A/cattle/Texas/24-008749-003/2024(H5N1)	1248	1012
PA|PP755594.1|A/cattle/Texas/24-008749-003/2024(H5N1)	1249	1012
PA|PP755594.1|A/cattle/Texas/24-008749-003/2024(H5N1)	1250	1012
PA|PP755594.1|A/cattle/Texas/24-008749-003/2024(H5N1)	1251	1012
PA|PP755594.1|A/cattle/Texas/24-008749-003/2024(H5N1)	1252	1012
PA|PP755594.1|A/cattle/Texas/24-008749-003/2024(H5N1)	1253	1012
PA|PP755594.1|A/cattle/Texas/24-008749-003/2024(H5N1)	1254	1012
PA|PP755594.1|A/cattle/Texas/24-008749-003/2024(H5N1)	1255	1012
PA|PP755594.1|A/cattle/Texas/24-008749-003/2024(H5N1)	1256	1012
PA|PP755594.1|A/cattle/Texas/24-008749-003/2024(H5N1)	1257	1012
PA|PP755594.1|A/cattle/Texas/24-008749-003/2024(H5N1)	1258	1014
PA|PP755594.1|A/cattle/Texas/24-008749-003/2024(H5N1)	1259	1014
PA|PP755594.1|A/cattle/Texas/24-008749-003/2024(H5N1)	1260	1055
PA|PP755594.1|A/cattle/Texas/24-008749-003/2024(H5N1)	1261	1064
PA|PP755594.1|A/cattle/Texas/24-008749-003/2024(H5N1)	1262	1067
PA|PP755594.1|A/cattle/Texas/24-008749-003/2024(H5N1)	1263	1067
PA|PP755594.1|A/cattle/Texas/24-008749-003/2024(H5N1)	1264	1067
PA|PP755594.1|A/cattle/Texas/24-008749-003/2024(H5N1)	1265	1069
PA|PP755594.1|A/cattle/Texas/24-008749-003/2024(H5N1)	1266	1069
PA|PP755594.1|A/cattle/Texas/24-008749-003/2024(H5N1)	1267	1069
PA|PP755594.1|A/cattle/Texas/24-008749-003/2024(H5N1)	1268	1069
PA|PP755594.1|A/cattle/Texas/24-008749-003/2024(H5N1)	1269	1069
PA|PP755594.1|A/cattle/Texas/24-008749-003/2024(H5N1)	1270	1071
PA|PP755594.1|A/cattle/Texas/24-008749-003/2024(H5N1)	1271	1071
PA|PP755594.1|A/cattle/Texas/24-008749-003/2024(H5N1)	1272	1071
PA|PP755594.1|A/cattle/Texas/24-008749-003/2024(H5N1)	1273	1079
PA|PP755594.1|A/cattle/Texas/24-008749-003/2024(H5N1)	1274	1079
PA|PP755594.1|A/cattle/Texas/24-008749-003/2024(H5N1)	1275	1080
PA|PP755594.1|A/cattle/Texas/24-008749-003/2024(H5N1)	1276	2023
PA|PP755594.1|A/cattle/Texas/24-008749-003/2024(H5N1)	1277	2029
PA|PP755594.1|A/cattle/Texas/24-008749-003/2024(H5N1)	1278	2029
PA|PP755594.1|A/cattle/Texas/24-008749-003/2024(H5N1)	1279	2029
PA|PP755594.1|A/cattle/Texas/24-008749-003/2024(H5N1)	1280	2034
PA|PP755594.1|A/cattle/Texas/24-008749-003/2024(H5N1)	1281	2034
PA|PP755594.1|A/cattle/Texas/24-008749-003/2024(H5N1)	1282	2037
PA|PP755594.1|A/cattle/Texas/24-008749-003/2024(H5N1)	1283	2040
PA|PP755594.1|A/cattle/Texas/24-008749-003/2024(H5N1)	1284	2042
PA|PP755594.1|A/cattle/Texas/24-008749-003/2024(H5N1)	1285	2044
PA|PP755594.1|A/cattle/Texas/24-008749-003/2024(H5N1)	1286	2047
PA|PP755594.1|A/cattle/Texas/24-008749-003/2024(H5N1)	1287	2047
PA|PP755594.1|A/cattle/Texas/24-008749-003/2024(H5N1)	1288	2047
PA|PP755594.1|A/cattle/Texas/24-008749-003/2024(H5N1)	1289	2047
PA|PP755594.1|A/cattle/Texas/24-008749-003/2024(H5N1)	1290	2047
PA|PP755594.1|A/cattle/Texas/24-008749-003/2024(H5N1)	1291	2052
PA|PP755594.1|A/cattle/Texas/24-008749-003/2024(H5N1)	1292	2052
PA|PP755594.1|A/cattle/Texas/24-008749-003/2024(H5N1)	1293	2052
PA|PP755594.1|A/cattle/Texas/24-008749-003/2024(H5N1)	1294	2052
PA|PP755594.1|A/cattle/Texas/24-008749-003/2024(H5N1)	1295	2052
PA|PP755594.1|A/cattle/Texas/24-008749-003/2024(H5N1)	1296	2052
PA|PP755594.1|A/cattle/Texas/24-008749-003/2024(H5N1)	1297	2052
PA|PP755594.1|A/cattle/Texas/24-008749-003/2024(H5N1)	1298	2052
PA|PP755594.1|A/cattle/Texas/24-008749-003/2024(H5N1)	1299	2052
PA|PP755594.1|A/cattle/Texas/24-008749-003/2024(H5N1)	1300	2052
PA|PP755594.1|A/cattle/Texas/24-008749-003/2024(H5N1)	1301	2052
PA|PP755594.1|A/cattle/Texas/24-008749-003/2024(H5N1)	1302	2052
PA|PP755594.1|A/cattle/Texas/24-008749-003/2024(H5N1)	1303	2052
PA|PP755594.1|A/cattle/Texas/24-008749-003/2024(H5N1)	1304	2052
PA|PP755594.1|A/cattle/Texas/24-008749-003/2024(H5N1)	1305	2052
PA|PP755594.1|A/cattle/Texas/24-008749-003/2024(H5N1)	1306	2052
PA|PP755594.1|A/cattle/Texas/24-008749-003/2024(H5N1)	1307	2052
PA|PP755594.1|A/cattle/Texas/24-008749-003/2024(H5N1)	1308	2052
PA|PP755594.1|A/cattle/Texas/24-008749-003/2024(H5N1)	1309	2052
PA|PP755594.1|A/cattle/Texas/24-008749-003/2024(H5N1)	1310	2051
PA|PP755594.1|A/cattle/Texas/24-008749-003/2024(H5N1)	1311	2051
PA|PP755594.1|A/cattle/Texas/24-008749-003/2024(H5N1)	1312	2050
PA|PP755594.1|A/cattle/Texas/24-008749-003/2024(H5N1)	1313	2050
PA|PP755594.1|A/cattle/Texas/24-008749-003/2024(H5N1)	1314	2050
PA|PP755594.1|A/cattle/Texas/24-008749-003/2024(H5N1)	1315	2048
PA|PP755594.1|A/cattle/Texas/24-008749-003/2024(H5N1)	1316	1999
PA|PP755594.1|A/cattle/Texas/24-008749-003/2024(H5N1)	1317	413
PA|PP755594.1|A/cattle/Texas/24-008749-003/2024(H5N1)	1318	413
PA|PP755594.1|A/cattle/Texas/24-008749-003/2024(H5N1)	1319	413
PA|PP755594.1|A/cattle/Texas/24-008749-003/2024(H5N1)	1320	410
PA|PP755594.1|A/cattle/Texas/24-008749-003/2024(H5N1)	1321	410
PA|PP755594.1|A/cattle/Texas/24-008749-003/2024(H5N1)	1322	410
PA|PP755594.1|A/cattle/Texas/24-008749-003/2024(H5N1)	1323	410
PA|PP755594.1|A/cattle/Texas/24-008749-003/2024(H5N1)	1324	410
PA|PP755594.1|A/cattle/Texas/24-008749-003/2024(H5N1)	1325	410
PA|PP755594.1|A/cattle/Texas/24-008749-003/2024(H5N1)	1326	410
PA|PP755594.1|A/cattle/Texas/24-008749-003/2024(H5N1)	1327	410
PA|PP755594.1|A/cattle/Texas/24-008749-003/2024(H5N1)	1328	410
PA|PP755594.1|A/cattle/Texas/24-008749-003/2024(H5N1)	1329	410
PA|PP755594.1|A/cattle/Texas/24-008749-003/2024(H5N1)	1330	410
PA|PP755594.1|A/cattle/Texas/24-008749-003/2024(H5N1)	1331	410
PA|PP755594.1|A/cattle/Texas/24-008749-003/2024(H5N1)	1332	406
PA|PP755594.1|A/cattle/Texas/24-008749-003/2024(H5N1)	1333	405
PA|PP755594.1|A/cattle/Texas/24-008749-003/2024(H5N1)	1334	404
PA|PP755594.1|A/cattle/Texas/24-008749-003/2024(H5N1)	1335	209
PA|PP755594.1|A/cattle/Texas/24-008749-003/2024(H5N1)	1336	209
PA|PP755594.1|A/cattle/Texas/24-008749-003/2024(H5N1)	1337	209
PA|PP755594.1|A/cattle/Texas/24-008749-003/2024(H5N1)	1338	209
PA|PP755594.1|A/cattle/Texas/24-008749-003/2024(H5N1)	1339	209
PA|PP755594.1|A/cattle/Texas/24-008749-003/2024(H5N1)	1340	209
PA|PP755594.1|A/cattle/Texas/24-008749-003/2024(H5N1)	1341	209
PA|PP755594.1|A/cattle/Texas/24-008749-003/2024(H5N1)	1342	209
PA|PP755594.1|A/cattle/Texas/24-008749-003/2024(H5N1)	1343	209
PA|PP755594.1|A/cattle/Texas/24-008749-003/2024(H5N1)	1344	209
PA|PP755594.1|A/cattle/Texas/24-008749-003/2024(H5N1)	1345	209
PA|PP755594.1|A/cattle/Texas/24-008749-003/2024(H5N1)	1346	209
PA|PP755594.1|A/cattle/Texas/24-008749-003/2024(H5N1)	1347	209
PA|PP755594.1|A/cattle/Texas/24-008749-003/2024(H5N1)	1348	209
PA|PP755594.1|A/cattle/Texas/24-008749-003/2024(H5N1)	1349	209
PA|PP755594.1|A/cattle/Texas/24-008749-003/2024(H5N1)	1350	209
PA|PP755594.1|A/cattle/Texas/24-008749-003/2024(H5N1)	1351	209
PA|PP755594.1|A/cattle/Texas/24-008749-003/2024(H5N1)	1352	209
PA|PP755594.1|A/cattle/Texas/24-008749-003/2024(H5N1)	1353	209
PA|PP755594.1|A/cattle/Texas/24-008749-003/2024(H5N1)	1354	209
PA|PP755594.1|A/cattle/Texas/24-008749-003/2024(H5N1)	1355	209
PA|PP755594.1|A/cattle/Texas/24-008749-003/2024(H5N1)	1356	210
PA|PP755594.1|A/cattle/Texas/24-008749-003/2024(H5N1)	1357	210
PA|PP755594.1|A/cattle/Texas/24-008749-003/2024(H5N1)	1358	210
PA|PP755594.1|A/cattle/Texas/24-008749-003/2024(H5N1)	1359	210
PA|PP755594.1|A/cattle/Texas/24-008749-003/2024(H5N1)	1360	210
PA|PP755594.1|A/cattle/Texas/24-008749-003/2024(H5N1)	1361	210
PA|PP755594.1|A/cattle/Texas/24-008749-003/2024(H5N1)	1362	210
PA|PP755594.1|A/cattle/Texas/24-008749-003/2024(H5N1)	1363	210
PA|PP755594.1|A/cattle/Texas/24-008749-003/2024(H5N1)	1364	210
PA|PP755594.1|A/cattle/Texas/24-008749-003/2024(H5N1)	1365	210
PA|PP755594.1|A/cattle/Texas/24-008749-003/2024(H5N1)	1366	370
PA|PP755594.1|A/cattle/Texas/24-008749-003/2024(H5N1)	1367	370
PA|PP755594.1|A/cattle/Texas/24-008749-003/2024(H5N1)	1368	370
PA|PP755594.1|A/cattle/Texas/24-008749-003/2024(H5N1)	1369	447
PA|PP755594.1|A/cattle/Texas/24-008749-003/2024(H5N1)	1370	481
PA|PP755594.1|A/cattle/Texas/24-008749-003/2024(H5N1)	1371	649
PA|PP755594.1|A/cattle/Texas/24-008749-003/2024(H5N1)	1372	5679
PA|PP755594.1|A/cattle/Texas/24-008749-003/2024(H5N1)	1373	5802
PA|PP755594.1|A/cattle/Texas/24-008749-003/2024(H5N1)	1374	5818
PA|PP755594.1|A/cattle/Texas/24-008749-003/2024(H5N1)	1375	5828
PA|PP755594.1|A/cattle/Texas/24-008749-003/2024(H5N1)	1376	5911
PA|PP755594.1|A/cattle/Texas/24-008749-003/2024(H5N1)	1377	5978
PA|PP755594.1|A/cattle/Texas/24-008749-003/2024(H5N1)	1378	6013
PA|PP755594.1|A/cattle/Texas/24-008749-003/2024(H5N1)	1379	6019
PA|PP755594.1|A/cattle/Texas/24-008749-003/2024(H5N1)	1380	6025
PA|PP755594.1|A/cattle/Texas/24-008749-003/2024(H5N1)	1381	6084
PA|PP755594.1|A/cattle/Texas/24-008749-003/2024(H5N1)	1382	6103
PA|PP755594.1|A/cattle/Texas/24-008749-003/2024(H5N1)	1383	6119
PA|PP755594.1|A/cattle/Texas/24-008749-003/2024(H5N1)	1384	6264
PA|PP755594.1|A/cattle/Texas/24-008749-003/2024(H5N1)	1385	6454
PA|PP755594.1|A/cattle/Texas/24-008749-003/2024(H5N1)	1386	6454
PA|PP755594.1|A/cattle/Texas/24-008749-003/2024(H5N1)	1387	6455
PA|PP755594.1|A/cattle/Texas/24-008749-003/2024(H5N1)	1388	6455
PA|PP755594.1|A/cattle/Texas/24-008749-003/2024(H5N1)	1389	6455
PA|PP755594.1|A/cattle/Texas/24-008749-003/2024(H5N1)	1390	6455
PA|PP755594.1|A/cattle/Texas/24-008749-003/2024(H5N1)	1391	6414
PA|PP755594.1|A/cattle/Texas/24-008749-003/2024(H5N1)	1392	6399
PA|PP755594.1|A/cattle/Texas/24-008749-003/2024(H5N1)	1393	6274
PA|PP755594.1|A/cattle/Texas/24-008749-003/2024(H5N1)	1394	6153
PA|PP755594.1|A/cattle/Texas/24-008749-003/2024(H5N1)	1395	6119
PA|PP755594.1|A/cattle/Texas/24-008749-003/2024(H5N1)	1396	5994
PA|PP755594.1|A/cattle/Texas/24-008749-003/2024(H5N1)	1397	5948
PA|PP755594.1|A/cattle/Texas/24-008749-003/2024(H5N1)	1398	5935
PA|PP755594.1|A/cattle/Texas/24-008749-003/2024(H5N1)	1399	5868
PA|PP755594.1|A/cattle/Texas/24-008749-003/2024(H5N1)	1400	5864
PA|PP755594.1|A/cattle/Texas/24-008749-003/2024(H5N1)	1401	5707
PA|PP755594.1|A/cattle/Texas/24-008749-003/2024(H5N1)	1402	5698
PA|PP755594.1|A/cattle/Texas/24-008749-003/2024(H5N1)	1403	5694
PA|PP755594.1|A/cattle/Texas/24-008749-003/2024(H5N1)	1404	2222
PA|PP755594.1|A/cattle/Texas/24-008749-003/2024(H5N1)	1405	2216
PA|PP755594.1|A/cattle/Texas/24-008749-003/2024(H5N1)	1406	2217
PA|PP755594.1|A/cattle/Texas/24-008749-003/2024(H5N1)	1407	2221
PA|PP755594.1|A/cattle/Texas/24-008749-003/2024(H5N1)	1408	2221
PA|PP755594.1|A/cattle/Texas/24-008749-003/2024(H5N1)	1409	2221
PA|PP755594.1|A/cattle/Texas/24-008749-003/2024(H5N1)	1410	2221
PA|PP755594.1|A/cattle/Texas/24-008749-003/2024(H5N1)	1411	2222
PA|PP755594.1|A/cattle/Texas/24-008749-003/2024(H5N1)	1412	2222
PA|PP755594.1|A/cattle/Texas/24-008749-003/2024(H5N1)	1413	2222
PA|PP755594.1|A/cattle/Texas/24-008749-003/2024(H5N1)	1414	2222
PA|PP755594.1|A/cattle/Texas/24-008749-003/2024(H5N1)	1415	2222
PA|PP755594.1|A/cattle/Texas/24-008749-003/2024(H5N1)	1416	2222
PA|PP755594.1|A/cattle/Texas/24-008749-003/2024(H5N1)	1417	2222
PA|PP755594.1|A/cattle/Texas/24-008749-003/2024(H5N1)	1418	2222
PA|PP755594.1|A/cattle/Texas/24-008749-003/2024(H5N1)	1419	2222
PA|PP755594.1|A/cattle/Texas/24-008749-003/2024(H5N1)	1420	2222
PA|PP755594.1|A/cattle/Texas/24-008749-003/2024(H5N1)	1421	2222
PA|PP755594.1|A/cattle/Texas/24-008749-003/2024(H5N1)	1422	2222
PA|PP755594.1|A/cattle/Texas/24-008749-003/2024(H5N1)	1423	2222
PA|PP755594.1|A/cattle/Texas/24-008749-003/2024(H5N1)	1424	2222
PA|PP755594.1|A/cattle/Texas/24-008749-003/2024(H5N1)	1425	2222
PA|PP755594.1|A/cattle/Texas/24-008749-003/2024(H5N1)	1426	2222
PA|PP755594.1|A/cattle/Texas/24-008749-003/2024(H5N1)	1427	2222
PA|PP755594.1|A/cattle/Texas/24-008749-003/2024(H5N1)	1428	2222
PA|PP755594.1|A/cattle/Texas/24-008749-003/2024(H5N1)	1429	2980
PA|PP755594.1|A/cattle/Texas/24-008749-003/2024(H5N1)	1430	2980
PA|PP755594.1|A/cattle/Texas/24-008749-003/2024(H5N1)	1431	2980
PA|PP755594.1|A/cattle/Texas/24-008749-003/2024(H5N1)	1432	2980
PA|PP755594.1|A/cattle/Texas/24-008749-003/2024(H5N1)	1433	2980
PA|PP755594.1|A/cattle/Texas/24-008749-003/2024(H5N1)	1434	2980
PA|PP755594.1|A/cattle/Texas/24-008749-003/2024(H5N1)	1435	2980
PA|PP755594.1|A/cattle/Texas/24-008749-003/2024(H5N1)	1436	2980
PA|PP755594.1|A/cattle/Texas/24-008749-003/2024(H5N1)	1437	2980
PA|PP755594.1|A/cattle/Texas/24-008749-003/2024(H5N1)	1438	2980
PA|PP755594.1|A/cattle/Texas/24-008749-003/2024(H5N1)	1439	2980
PA|PP755594.1|A/cattle/Texas/24-008749-003/2024(H5N1)	1440	2980
PA|PP755594.1|A/cattle/Texas/24-008749-003/2024(H5N1)	1441	2981
PA|PP755594.1|A/cattle/Texas/24-008749-003/2024(H5N1)	1442	2981
PA|PP755594.1|A/cattle/Texas/24-008749-003/2024(H5N1)	1443	2981
PA|PP755594.1|A/cattle/Texas/24-008749-003/2024(H5N1)	1444	2981
PA|PP755594.1|A/cattle/Texas/24-008749-003/2024(H5N1)	1445	2985
PA|PP755594.1|A/cattle/Texas/24-008749-003/2024(H5N1)	1446	2985
PA|PP755594.1|A/cattle/Texas/24-008749-003/2024(H5N1)	1447	2985
PA|PP755594.1|A/cattle/Texas/24-008749-003/2024(H5N1)	1448	2985
PA|PP755594.1|A/cattle/Texas/24-008749-003/2024(H5N1)	1449	2985
PA|PP755594.1|A/cattle/Texas/24-008749-003/2024(H5N1)	1450	3556
PA|PP755594.1|A/cattle/Texas/24-008749-003/2024(H5N1)	1451	3559
PA|PP755594.1|A/cattle/Texas/24-008749-003/2024(H5N1)	1452	3568
PA|PP755594.1|A/cattle/Texas/24-008749-003/2024(H5N1)	1453	3579
PA|PP755594.1|A/cattle/Texas/24-008749-003/2024(H5N1)	1454	3591
PA|PP755594.1|A/cattle/Texas/24-008749-003/2024(H5N1)	1455	3591
PA|PP755594.1|A/cattle/Texas/24-008749-003/2024(H5N1)	1456	3592
PA|PP755594.1|A/cattle/Texas/24-008749-003/2024(H5N1)	1457	3592
PA|PP755594.1|A/cattle/Texas/24-008749-003/2024(H5N1)	1458	3592
PA|PP755594.1|A/cattle/Texas/24-008749-003/2024(H5N1)	1459	3592
PA|PP755594.1|A/cattle/Texas/24-008749-003/2024(H5N1)	1460	3592
PA|PP755594.1|A/cattle/Texas/24-008749-003/2024(H5N1)	1461	3592
PA|PP755594.1|A/cattle/Texas/24-008749-003/2024(H5N1)	1462	3592
PA|PP755594.1|A/cattle/Texas/24-008749-003/2024(H5N1)	1463	3592
PA|PP755594.1|A/cattle/Texas/24-008749-003/2024(H5N1)	1464	3592
PA|PP755594.1|A/cattle/Texas/24-008749-003/2024(H5N1)	1465	3748
PA|PP755594.1|A/cattle/Texas/24-008749-003/2024(H5N1)	1466	3751
PA|PP755594.1|A/cattle/Texas/24-008749-003/2024(H5N1)	1467	3752
PA|PP755594.1|A/cattle/Texas/24-008749-003/2024(H5N1)	1468	3752
PA|PP755594.1|A/cattle/Texas/24-008749-003/2024(H5N1)	1469	3752
PA|PP755594.1|A/cattle/Texas/24-008749-003/2024(H5N1)	1470	3753
PA|PP755594.1|A/cattle/Texas/24-008749-003/2024(H5N1)	1471	3752
PA|PP755594.1|A/cattle/Texas/24-008749-003/2024(H5N1)	1472	3753
PA|PP755594.1|A/cattle/Texas/24-008749-003/2024(H5N1)	1473	3752
PA|PP755594.1|A/cattle/Texas/24-008749-003/2024(H5N1)	1474	3985
PA|PP755594.1|A/cattle/Texas/24-008749-003/2024(H5N1)	1475	4147
PA|PP755594.1|A/cattle/Texas/24-008749-003/2024(H5N1)	1476	4147
PA|PP755594.1|A/cattle/Texas/24-008749-003/2024(H5N1)	1477	4146
PA|PP755594.1|A/cattle/Texas/24-008749-003/2024(H5N1)	1478	4144
PA|PP755594.1|A/cattle/Texas/24-008749-003/2024(H5N1)	1479	4142
PA|PP755594.1|A/cattle/Texas/24-008749-003/2024(H5N1)	1480	4083
PA|PP755594.1|A/cattle/Texas/24-008749-003/2024(H5N1)	1481	4061
PA|PP755594.1|A/cattle/Texas/24-008749-003/2024(H5N1)	1482	4050
PA|PP755594.1|A/cattle/Texas/24-008749-003/2024(H5N1)	1483	4029
PA|PP755594.1|A/cattle/Texas/24-008749-003/2024(H5N1)	1484	4029
PA|PP755594.1|A/cattle/Texas/24-008749-003/2024(H5N1)	1485	4025
PA|PP755594.1|A/cattle/Texas/24-008749-003/2024(H5N1)	1486	4023
PA|PP755594.1|A/cattle/Texas/24-008749-003/2024(H5N1)	1487	4023
PA|PP755594.1|A/cattle/Texas/24-008749-003/2024(H5N1)	1488	4023
PA|PP755594.1|A/cattle/Texas/24-008749-003/2024(H5N1)	1489	4023
PA|PP755594.1|A/cattle/Texas/24-008749-003/2024(H5N1)	1490	4023
PA|PP755594.1|A/cattle/Texas/24-008749-003/2024(H5N1)	1491	4257
PA|PP755594.1|A/cattle/Texas/24-008749-003/2024(H5N1)	1492	4279
PA|PP755594.1|A/cattle/Texas/24-008749-003/2024(H5N1)	1493	4281
PA|PP755594.1|A/cattle/Texas/24-008749-003/2024(H5N1)	1494	4293
PA|PP755594.1|A/cattle/Texas/24-008749-003/2024(H5N1)	1495	4352
PA|PP755594.1|A/cattle/Texas/24-008749-003/2024(H5N1)	1496	4342
PA|PP755594.1|A/cattle/Texas/24-008749-003/2024(H5N1)	1497	4363
PA|PP755594.1|A/cattle/Texas/24-008749-003/2024(H5N1)	1498	4239
PA|PP755594.1|A/cattle/Texas/24-008749-003/2024(H5N1)	1499	4144
PA|PP755594.1|A/cattle/Texas/24-008749-003/2024(H5N1)	1500	4189
PA|PP755594.1|A/cattle/Texas/24-008749-003/2024(H5N1)	1501	4202
PA|PP755594.1|A/cattle/Texas/24-008749-003/2024(H5N1)	1502	4199
PA|PP755594.1|A/cattle/Texas/24-008749-003/2024(H5N1)	1503	4194
PA|PP755594.1|A/cattle/Texas/24-008749-003/2024(H5N1)	1504	4098
PA|PP755594.1|A/cattle/Texas/24-008749-003/2024(H5N1)	1505	4074
PA|PP755594.1|A/cattle/Texas/24-008749-003/2024(H5N1)	1506	4053
PA|PP755594.1|A/cattle/Texas/24-008749-003/2024(H5N1)	1507	4071
PA|PP755594.1|A/cattle/Texas/24-008749-003/2024(H5N1)	1508	4069
PA|PP755594.1|A/cattle/Texas/24-008749-003/2024(H5N1)	1509	3987
PA|PP755594.1|A/cattle/Texas/24-008749-003/2024(H5N1)	1510	3980
PA|PP755594.1|A/cattle/Texas/24-008749-003/2024(H5N1)	1511	3977
PA|PP755594.1|A/cattle/Texas/24-008749-003/2024(H5N1)	1512	3770
PA|PP755594.1|A/cattle/Texas/24-008749-003/2024(H5N1)	1513	3885
PA|PP755594.1|A/cattle/Texas/24-008749-003/2024(H5N1)	1514	3790
PA|PP755594.1|A/cattle/Texas/24-008749-003/2024(H5N1)	1515	3655
PA|PP755594.1|A/cattle/Texas/24-008749-003/2024(H5N1)	1516	3656
PA|PP755594.1|A/cattle/Texas/24-008749-003/2024(H5N1)	1517	3506
PA|PP755594.1|A/cattle/Texas/24-008749-003/2024(H5N1)	1518	3497
PA|PP755594.1|A/cattle/Texas/24-008749-003/2024(H5N1)	1519	3645
PA|PP755594.1|A/cattle/Texas/24-008749-003/2024(H5N1)	1520	3570
PA|PP755594.1|A/cattle/Texas/24-008749-003/2024(H5N1)	1521	3581
PA|PP755594.1|A/cattle/Texas/24-008749-003/2024(H5N1)	1522	3408
PA|PP755594.1|A/cattle/Texas/24-008749-003/2024(H5N1)	1523	3408
PA|PP755594.1|A/cattle/Texas/24-008749-003/2024(H5N1)	1524	3302
PA|PP755594.1|A/cattle/Texas/24-008749-003/2024(H5N1)	1525	3292
PA|PP755594.1|A/cattle/Texas/24-008749-003/2024(H5N1)	1526	3200
PA|PP755594.1|A/cattle/Texas/24-008749-003/2024(H5N1)	1527	3149
PA|PP755594.1|A/cattle/Texas/24-008749-003/2024(H5N1)	1528	3300
PA|PP755594.1|A/cattle/Texas/24-008749-003/2024(H5N1)	1529	3339
PA|PP755594.1|A/cattle/Texas/24-008749-003/2024(H5N1)	1530	3341
PA|PP755594.1|A/cattle/Texas/24-008749-003/2024(H5N1)	1531	3337
PA|PP755594.1|A/cattle/Texas/24-008749-003/2024(H5N1)	1532	3280
PA|PP755594.1|A/cattle/Texas/24-008749-003/2024(H5N1)	1533	3266
PA|PP755594.1|A/cattle/Texas/24-008749-003/2024(H5N1)	1534	3249
PA|PP755594.1|A/cattle/Texas/24-008749-003/2024(H5N1)	1535	3246
PA|PP755594.1|A/cattle/Texas/24-008749-003/2024(H5N1)	1536	3244
PA|PP755594.1|A/cattle/Texas/24-008749-003/2024(H5N1)	1537	3199
PA|PP755594.1|A/cattle/Texas/24-008749-003/2024(H5N1)	1538	3168
PA|PP755594.1|A/cattle/Texas/24-008749-003/2024(H5N1)	1539	3092
PA|PP755594.1|A/cattle/Texas/24-008749-003/2024(H5N1)	1540	3092
PA|PP755594.1|A/cattle/Texas/24-008749-003/2024(H5N1)	1541	3093
PA|PP755594.1|A/cattle/Texas/24-008749-003/2024(H5N1)	1542	3092
PA|PP755594.1|A/cattle/Texas/24-008749-003/2024(H5N1)	1543	3092
PA|PP755594.1|A/cattle/Texas/24-008749-003/2024(H5N1)	1544	3092
PA|PP755594.1|A/cattle/Texas/24-008749-003/2024(H5N1)	1545	2848
PA|PP755594.1|A/cattle/Texas/24-008749-003/2024(H5N1)	1546	2848
PA|PP755594.1|A/cattle/Texas/24-008749-003/2024(H5N1)	1547	2849
PA|PP755594.1|A/cattle/Texas/24-008749-003/2024(H5N1)	1548	2849
PA|PP755594.1|A/cattle/Texas/24-008749-003/2024(H5N1)	1549	2849
PA|PP755594.1|A/cattle/Texas/24-008749-003/2024(H5N1)	1550	2848
PA|PP755594.1|A/cattle/Texas/24-008749-003/2024(H5N1)	1551	2581
PA|PP755594.1|A/cattle/Texas/24-008749-003/2024(H5N1)	1552	2581
PA|PP755594.1|A/cattle/Texas/24-008749-003/2024(H5N1)	1553	2580
PA|PP755594.1|A/cattle/Texas/24-008749-003/2024(H5N1)	1554	2579
PA|PP755594.1|A/cattle/Texas/24-008749-003/2024(H5N1)	1555	2580
PA|PP755594.1|A/cattle/Texas/24-008749-003/2024(H5N1)	1556	2580
PA|PP755594.1|A/cattle/Texas/24-008749-003/2024(H5N1)	1557	2580
PA|PP755594.1|A/cattle/Texas/24-008749-003/2024(H5N1)	1558	3433
PA|PP755594.1|A/cattle/Texas/24-008749-003/2024(H5N1)	1559	3445
PA|PP755594.1|A/cattle/Texas/24-008749-003/2024(H5N1)	1560	3469
PA|PP755594.1|A/cattle/Texas/24-008749-003/2024(H5N1)	1561	3473
PA|PP755594.1|A/cattle/Texas/24-008749-003/2024(H5N1)	1562	3480
PA|PP755594.1|A/cattle/Texas/24-008749-003/2024(H5N1)	1563	3483
PA|PP755594.1|A/cattle/Texas/24-008749-003/2024(H5N1)	1564	3484
PA|PP755594.1|A/cattle/Texas/24-008749-003/2024(H5N1)	1565	3501
PA|PP755594.1|A/cattle/Texas/24-008749-003/2024(H5N1)	1566	3501
PA|PP755594.1|A/cattle/Texas/24-008749-003/2024(H5N1)	1567	3503
PA|PP755594.1|A/cattle/Texas/24-008749-003/2024(H5N1)	1568	3506
PA|PP755594.1|A/cattle/Texas/24-008749-003/2024(H5N1)	1569	3505
PA|PP755594.1|A/cattle/Texas/24-008749-003/2024(H5N1)	1570	3505
PA|PP755594.1|A/cattle/Texas/24-008749-003/2024(H5N1)	1571	3505
PA|PP755594.1|A/cattle/Texas/24-008749-003/2024(H5N1)	1572	3502
PA|PP755594.1|A/cattle/Texas/24-008749-003/2024(H5N1)	1573	3493
PA|PP755594.1|A/cattle/Texas/24-008749-003/2024(H5N1)	1574	3475
PA|PP755594.1|A/cattle/Texas/24-008749-003/2024(H5N1)	1575	3393
PA|PP755594.1|A/cattle/Texas/24-008749-003/2024(H5N1)	1576	3393
PA|PP755594.1|A/cattle/Texas/24-008749-003/2024(H5N1)	1577	3393
PA|PP755594.1|A/cattle/Texas/24-008749-003/2024(H5N1)	1578	3393
PA|PP755594.1|A/cattle/Texas/24-008749-003/2024(H5N1)	1579	3393
PA|PP755594.1|A/cattle/Texas/24-008749-003/2024(H5N1)	1580	3393
PA|PP755594.1|A/cattle/Texas/24-008749-003/2024(H5N1)	1581	3343
PA|PP755594.1|A/cattle/Texas/24-008749-003/2024(H5N1)	1582	3343
PA|PP755594.1|A/cattle/Texas/24-008749-003/2024(H5N1)	1583	3343
PA|PP755594.1|A/cattle/Texas/24-008749-003/2024(H5N1)	1584	3343
PA|PP755594.1|A/cattle/Texas/24-008749-003/2024(H5N1)	1585	3343
PA|PP755594.1|A/cattle/Texas/24-008749-003/2024(H5N1)	1586	3343
PA|PP755594.1|A/cattle/Texas/24-008749-003/2024(H5N1)	1587	2675
PA|PP755594.1|A/cattle/Texas/24-008749-003/2024(H5N1)	1588	2675
PA|PP755594.1|A/cattle/Texas/24-008749-003/2024(H5N1)	1589	2675
PA|PP755594.1|A/cattle/Texas/24-008749-003/2024(H5N1)	1590	2675
PA|PP755594.1|A/cattle/Texas/24-008749-003/2024(H5N1)	1591	2675
PA|PP755594.1|A/cattle/Texas/24-008749-003/2024(H5N1)	1592	2677
PA|PP755594.1|A/cattle/Texas/24-008749-003/2024(H5N1)	1593	2680
PA|PP755594.1|A/cattle/Texas/24-008749-003/2024(H5N1)	1594	3518
PA|PP755594.1|A/cattle/Texas/24-008749-003/2024(H5N1)	1595	3518
PA|PP755594.1|A/cattle/Texas/24-008749-003/2024(H5N1)	1596	3518
PA|PP755594.1|A/cattle/Texas/24-008749-003/2024(H5N1)	1597	3518
PA|PP755594.1|A/cattle/Texas/24-008749-003/2024(H5N1)	1598	3519
PA|PP755594.1|A/cattle/Texas/24-008749-003/2024(H5N1)	1599	3519
PA|PP755594.1|A/cattle/Texas/24-008749-003/2024(H5N1)	1600	3632
PA|PP755594.1|A/cattle/Texas/24-008749-003/2024(H5N1)	1601	3633
PA|PP755594.1|A/cattle/Texas/24-008749-003/2024(H5N1)	1602	3633
PA|PP755594.1|A/cattle/Texas/24-008749-003/2024(H5N1)	1603	3635
PA|PP755594.1|A/cattle/Texas/24-008749-003/2024(H5N1)	1604	3636
PA|PP755594.1|A/cattle/Texas/24-008749-003/2024(H5N1)	1605	3636
PA|PP755594.1|A/cattle/Texas/24-008749-003/2024(H5N1)	1606	3731
PA|PP755594.1|A/cattle/Texas/24-008749-003/2024(H5N1)	1607	3747
PA|PP755594.1|A/cattle/Texas/24-008749-003/2024(H5N1)	1608	3748
PA|PP755594.1|A/cattle/Texas/24-008749-003/2024(H5N1)	1609	3778
PA|PP755594.1|A/cattle/Texas/24-008749-003/2024(H5N1)	1610	3778
PA|PP755594.1|A/cattle/Texas/24-008749-003/2024(H5N1)	1611	3778
PA|PP755594.1|A/cattle/Texas/24-008749-003/2024(H5N1)	1612	3778
PA|PP755594.1|A/cattle/Texas/24-008749-003/2024(H5N1)	1613	3770
PA|PP755594.1|A/cattle/Texas/24-008749-003/2024(H5N1)	1614	3716
PA|PP755594.1|A/cattle/Texas/24-008749-003/2024(H5N1)	1615	4029
PA|PP755594.1|A/cattle/Texas/24-008749-003/2024(H5N1)	1616	4042
PA|PP755594.1|A/cattle/Texas/24-008749-003/2024(H5N1)	1617	4244
PA|PP755594.1|A/cattle/Texas/24-008749-003/2024(H5N1)	1618	4245
PA|PP755594.1|A/cattle/Texas/24-008749-003/2024(H5N1)	1619	4259
PA|PP755594.1|A/cattle/Texas/24-008749-003/2024(H5N1)	1620	4221
PA|PP755594.1|A/cattle/Texas/24-008749-003/2024(H5N1)	1621	4155
PA|PP755594.1|A/cattle/Texas/24-008749-003/2024(H5N1)	1622	4209
PA|PP755594.1|A/cattle/Texas/24-008749-003/2024(H5N1)	1623	4150
PA|PP755594.1|A/cattle/Texas/24-008749-003/2024(H5N1)	1624	4176
PA|PP755594.1|A/cattle/Texas/24-008749-003/2024(H5N1)	1625	4173
PA|PP755594.1|A/cattle/Texas/24-008749-003/2024(H5N1)	1626	4024
PA|PP755594.1|A/cattle/Texas/24-008749-003/2024(H5N1)	1627	4031
PA|PP755594.1|A/cattle/Texas/24-008749-003/2024(H5N1)	1628	4018
PA|PP755594.1|A/cattle/Texas/24-008749-003/2024(H5N1)	1629	4018
PA|PP755594.1|A/cattle/Texas/24-008749-003/2024(H5N1)	1630	4018
PA|PP755594.1|A/cattle/Texas/24-008749-003/2024(H5N1)	1631	3981
PA|PP755594.1|A/cattle/Texas/24-008749-003/2024(H5N1)	1632	3898
PA|PP755594.1|A/cattle/Texas/24-008749-003/2024(H5N1)	1633	3959
PA|PP755594.1|A/cattle/Texas/24-008749-003/2024(H5N1)	1634	3973
PA|PP755594.1|A/cattle/Texas/24-008749-003/2024(H5N1)	1635	3974
PA|PP755594.1|A/cattle/Texas/24-008749-003/2024(H5N1)	1636	3989
PA|PP755594.1|A/cattle/Texas/24-008749-003/2024(H5N1)	1637	4029
PA|PP755594.1|A/cattle/Texas/24-008749-003/2024(H5N1)	1638	4057
PA|PP755594.1|A/cattle/Texas/24-008749-003/2024(H5N1)	1639	4090
PA|PP755594.1|A/cattle/Texas/24-008749-003/2024(H5N1)	1640	4171
PA|PP755594.1|A/cattle/Texas/24-008749-003/2024(H5N1)	1641	4119
PA|PP755594.1|A/cattle/Texas/24-008749-003/2024(H5N1)	1642	4125
PA|PP755594.1|A/cattle/Texas/24-008749-003/2024(H5N1)	1643	4228
PA|PP755594.1|A/cattle/Texas/24-008749-003/2024(H5N1)	1644	4237
PA|PP755594.1|A/cattle/Texas/24-008749-003/2024(H5N1)	1645	4384
PA|PP755594.1|A/cattle/Texas/24-008749-003/2024(H5N1)	1646	4375
PA|PP755594.1|A/cattle/Texas/24-008749-003/2024(H5N1)	1647	4413
PA|PP755594.1|A/cattle/Texas/24-008749-003/2024(H5N1)	1648	4280
PA|PP755594.1|A/cattle/Texas/24-008749-003/2024(H5N1)	1649	4276
PA|PP755594.1|A/cattle/Texas/24-008749-003/2024(H5N1)	1650	4105
PA|PP755594.1|A/cattle/Texas/24-008749-003/2024(H5N1)	1651	4236
PA|PP755594.1|A/cattle/Texas/24-008749-003/2024(H5N1)	1652	4239
PA|PP755594.1|A/cattle/Texas/24-008749-003/2024(H5N1)	1653	4320
PA|PP755594.1|A/cattle/Texas/24-008749-003/2024(H5N1)	1654	4324
PA|PP755594.1|A/cattle/Texas/24-008749-003/2024(H5N1)	1655	4389
PA|PP755594.1|A/cattle/Texas/24-008749-003/2024(H5N1)	1656	4278
PA|PP755594.1|A/cattle/Texas/24-008749-003/2024(H5N1)	1657	4368
PA|PP755594.1|A/cattle/Texas/24-008749-003/2024(H5N1)	1658	4592
PA|PP755594.1|A/cattle/Texas/24-008749-003/2024(H5N1)	1659	4592
PA|PP755594.1|A/cattle/Texas/24-008749-003/2024(H5N1)	1660	4629
PA|PP755594.1|A/cattle/Texas/24-008749-003/2024(H5N1)	1661	4631
PA|PP755594.1|A/cattle/Texas/24-008749-003/2024(H5N1)	1662	4600
PA|PP755594.1|A/cattle/Texas/24-008749-003/2024(H5N1)	1663	4623
PA|PP755594.1|A/cattle/Texas/24-008749-003/2024(H5N1)	1664	4813
PA|PP755594.1|A/cattle/Texas/24-008749-003/2024(H5N1)	1665	4807
PA|PP755594.1|A/cattle/Texas/24-008749-003/2024(H5N1)	1666	4794
PA|PP755594.1|A/cattle/Texas/24-008749-003/2024(H5N1)	1667	4715
PA|PP755594.1|A/cattle/Texas/24-008749-003/2024(H5N1)	1668	4729
PA|PP755594.1|A/cattle/Texas/24-008749-003/2024(H5N1)	1669	4763
PA|PP755594.1|A/cattle/Texas/24-008749-003/2024(H5N1)	1670	4885
PA|PP755594.1|A/cattle/Texas/24-008749-003/2024(H5N1)	1671	4996
PA|PP755594.1|A/cattle/Texas/24-008749-003/2024(H5N1)	1672	4990
PA|PP755594.1|A/cattle/Texas/24-008749-003/2024(H5N1)	1673	4720
PA|PP755594.1|A/cattle/Texas/24-008749-003/2024(H5N1)	1674	4720
PA|PP755594.1|A/cattle/Texas/24-008749-003/2024(H5N1)	1675	4752
PA|PP755594.1|A/cattle/Texas/24-008749-003/2024(H5N1)	1676	4763
PA|PP755594.1|A/cattle/Texas/24-008749-003/2024(H5N1)	1677	4768
PA|PP755594.1|A/cattle/Texas/24-008749-003/2024(H5N1)	1678	5165
PA|PP755594.1|A/cattle/Texas/24-008749-003/2024(H5N1)	1679	5175
PA|PP755594.1|A/cattle/Texas/24-008749-003/2024(H5N1)	1680	5180
PA|PP755594.1|A/cattle/Texas/24-008749-003/2024(H5N1)	1681	5260
PA|PP755594.1|A/cattle/Texas/24-008749-003/2024(H5N1)	1682	5263
PA|PP755594.1|A/cattle/Texas/24-008749-003/2024(H5N1)	1683	5384
PA|PP755594.1|A/cattle/Texas/24-008749-003/2024(H5N1)	1684	5404
PA|PP755594.1|A/cattle/Texas/24-008749-003/2024(H5N1)	1685	5394
PA|PP755594.1|A/cattle/Texas/24-008749-003/2024(H5N1)	1686	5319
PA|PP755594.1|A/cattle/Texas/24-008749-003/2024(H5N1)	1687	4720
PA|PP755594.1|A/cattle/Texas/24-008749-003/2024(H5N1)	1688	4726
PA|PP755594.1|A/cattle/Texas/24-008749-003/2024(H5N1)	1689	4739
PA|PP755594.1|A/cattle/Texas/24-008749-003/2024(H5N1)	1690	4974
PA|PP755594.1|A/cattle/Texas/24-008749-003/2024(H5N1)	1691	4985
PA|PP755594.1|A/cattle/Texas/24-008749-003/2024(H5N1)	1692	5059
PA|PP755594.1|A/cattle/Texas/24-008749-003/2024(H5N1)	1693	5074
PA|PP755594.1|A/cattle/Texas/24-008749-003/2024(H5N1)	1694	5074
PA|PP755594.1|A/cattle/Texas/24-008749-003/2024(H5N1)	1695	5076
PA|PP755594.1|A/cattle/Texas/24-008749-003/2024(H5N1)	1696	5078
PA|PP755594.1|A/cattle/Texas/24-008749-003/2024(H5N1)	1697	5123
PA|PP755594.1|A/cattle/Texas/24-008749-003/2024(H5N1)	1698	5159
PA|PP755594.1|A/cattle/Texas/24-008749-003/2024(H5N1)	1699	5166
PA|PP755594.1|A/cattle/Texas/24-008749-003/2024(H5N1)	1700	5255
PA|PP755594.1|A/cattle/Texas/24-008749-003/2024(H5N1)	1701	5200
PA|PP755594.1|A/cattle/Texas/24-008749-003/2024(H5N1)	1702	5352
PA|PP755594.1|A/cattle/Texas/24-008749-003/2024(H5N1)	1703	5352
PA|PP755594.1|A/cattle/Texas/24-008749-003/2024(H5N1)	1704	5402
PA|PP755594.1|A/cattle/Texas/24-008749-003/2024(H5N1)	1705	5406
PA|PP755594.1|A/cattle/Texas/24-008749-003/2024(H5N1)	1706	5406
PA|PP755594.1|A/cattle/Texas/24-008749-003/2024(H5N1)	1707	5394
PA|PP755594.1|A/cattle/Texas/24-008749-003/2024(H5N1)	1708	5390
PA|PP755594.1|A/cattle/Texas/24-008749-003/2024(H5N1)	1709	5409
PA|PP755594.1|A/cattle/Texas/24-008749-003/2024(H5N1)	1710	5421
PA|PP755594.1|A/cattle/Texas/24-008749-003/2024(H5N1)	1711	5448
PA|PP755594.1|A/cattle/Texas/24-008749-003/2024(H5N1)	1712	5455
PA|PP755594.1|A/cattle/Texas/24-008749-003/2024(H5N1)	1713	5456
PA|PP755594.1|A/cattle/Texas/24-008749-003/2024(H5N1)	1714	5467
PA|PP755594.1|A/cattle/Texas/24-008749-003/2024(H5N1)	1715	5511
PA|PP755594.1|A/cattle/Texas/24-008749-003/2024(H5N1)	1716	5426
PA|PP755594.1|A/cattle/Texas/24-008749-003/2024(H5N1)	1717	5514
PA|PP755594.1|A/cattle/Texas/24-008749-003/2024(H5N1)	1718	5518
PA|PP755594.1|A/cattle/Texas/24-008749-003/2024(H5N1)	1719	5564
PA|PP755594.1|A/cattle/Texas/24-008749-003/2024(H5N1)	1720	5580
PA|PP755594.1|A/cattle/Texas/24-008749-003/2024(H5N1)	1721	5587
PA|PP755594.1|A/cattle/Texas/24-008749-003/2024(H5N1)	1722	5597
PA|PP755594.1|A/cattle/Texas/24-008749-003/2024(H5N1)	1723	5615
PA|PP755594.1|A/cattle/Texas/24-008749-003/2024(H5N1)	1724	5634
PA|PP755594.1|A/cattle/Texas/24-008749-003/2024(H5N1)	1725	5706
PA|PP755594.1|A/cattle/Texas/24-008749-003/2024(H5N1)	1726	5759
PA|PP755594.1|A/cattle/Texas/24-008749-003/2024(H5N1)	1727	5762
PA|PP755594.1|A/cattle/Texas/24-008749-003/2024(H5N1)	1728	5755
PA|PP755594.1|A/cattle/Texas/24-008749-003/2024(H5N1)	1729	5757
PA|PP755594.1|A/cattle/Texas/24-008749-003/2024(H5N1)	1730	6037
PA|PP755594.1|A/cattle/Texas/24-008749-003/2024(H5N1)	1731	6432
PA|PP755594.1|A/cattle/Texas/24-008749-003/2024(H5N1)	1732	6470
PA|PP755594.1|A/cattle/Texas/24-008749-003/2024(H5N1)	1733	6696
PA|PP755594.1|A/cattle/Texas/24-008749-003/2024(H5N1)	1734	6404
PA|PP755594.1|A/cattle/Texas/24-008749-003/2024(H5N1)	1735	6481
PA|PP755594.1|A/cattle/Texas/24-008749-003/2024(H5N1)	1736	6490
PA|PP755594.1|A/cattle/Texas/24-008749-003/2024(H5N1)	1737	6499
PA|PP755594.1|A/cattle/Texas/24-008749-003/2024(H5N1)	1738	6644
PA|PP755594.1|A/cattle/Texas/24-008749-003/2024(H5N1)	1739	6820
PA|PP755594.1|A/cattle/Texas/24-008749-003/2024(H5N1)	1740	6871
PA|PP755594.1|A/cattle/Texas/24-008749-003/2024(H5N1)	1741	6939
PA|PP755594.1|A/cattle/Texas/24-008749-003/2024(H5N1)	1742	7008
PA|PP755594.1|A/cattle/Texas/24-008749-003/2024(H5N1)	1743	6732
PA|PP755594.1|A/cattle/Texas/24-008749-003/2024(H5N1)	1744	6759
PA|PP755594.1|A/cattle/Texas/24-008749-003/2024(H5N1)	1745	6824
PA|PP755594.1|A/cattle/Texas/24-008749-003/2024(H5N1)	1746	6870
PA|PP755594.1|A/cattle/Texas/24-008749-003/2024(H5N1)	1747	6811
PA|PP755594.1|A/cattle/Texas/24-008749-003/2024(H5N1)	1748	6812
PA|PP755594.1|A/cattle/Texas/24-008749-003/2024(H5N1)	1749	6623
PA|PP755594.1|A/cattle/Texas/24-008749-003/2024(H5N1)	1750	6637
PA|PP755594.1|A/cattle/Texas/24-008749-003/2024(H5N1)	1751	6776
PA|PP755594.1|A/cattle/Texas/24-008749-003/2024(H5N1)	1752	6777
PA|PP755594.1|A/cattle/Texas/24-008749-003/2024(H5N1)	1753	6917
PA|PP755594.1|A/cattle/Texas/24-008749-003/2024(H5N1)	1754	6919
PA|PP755594.1|A/cattle/Texas/24-008749-003/2024(H5N1)	1755	6994
PA|PP755594.1|A/cattle/Texas/24-008749-003/2024(H5N1)	1756	7111
PA|PP755594.1|A/cattle/Texas/24-008749-003/2024(H5N1)	1757	7111
PA|PP755594.1|A/cattle/Texas/24-008749-003/2024(H5N1)	1758	7130
PA|PP755594.1|A/cattle/Texas/24-008749-003/2024(H5N1)	1759	7130
PA|PP755594.1|A/cattle/Texas/24-008749-003/2024(H5N1)	1760	7105
PA|PP755594.1|A/cattle/Texas/24-008749-003/2024(H5N1)	1761	6490
PA|PP755594.1|A/cattle/Texas/24-008749-003/2024(H5N1)	1762	6492
PA|PP755594.1|A/cattle/Texas/24-008749-003/2024(H5N1)	1763	6775
PA|PP755594.1|A/cattle/Texas/24-008749-003/2024(H5N1)	1764	6886
PA|PP755594.1|A/cattle/Texas/24-008749-003/2024(H5N1)	1765	7005
PA|PP755594.1|A/cattle/Texas/24-008749-003/2024(H5N1)	1766	7444
PA|PP755594.1|A/cattle/Texas/24-008749-003/2024(H5N1)	1767	7447
PA|PP755594.1|A/cattle/Texas/24-008749-003/2024(H5N1)	1768	7451
PA|PP755594.1|A/cattle/Texas/24-008749-003/2024(H5N1)	1769	7460
PA|PP755594.1|A/cattle/Texas/24-008749-003/2024(H5N1)	1770	7483
PA|PP755594.1|A/cattle/Texas/24-008749-003/2024(H5N1)	1771	7652
PA|PP755594.1|A/cattle/Texas/24-008749-003/2024(H5N1)	1772	7654
PA|PP755594.1|A/cattle/Texas/24-008749-003/2024(H5N1)	1773	7668
PA|PP755594.1|A/cattle/Texas/24-008749-003/2024(H5N1)	1774	7702
PA|PP755594.1|A/cattle/Texas/24-008749-003/2024(H5N1)	1775	7716
PA|PP755594.1|A/cattle/Texas/24-008749-003/2024(H5N1)	1776	7810
PA|PP755594.1|A/cattle/Texas/24-008749-003/2024(H5N1)	1777	7821
PA|PP755594.1|A/cattle/Texas/24-008749-003/2024(H5N1)	1778	7812
PA|PP755594.1|A/cattle/Texas/24-008749-003/2024(H5N1)	1779	7896
PA|PP755594.1|A/cattle/Texas/24-008749-003/2024(H5N1)	1780	7896
PA|PP755594.1|A/cattle/Texas/24-008749-003/2024(H5N1)	1781	7987
PA|PP755594.1|A/cattle/Texas/24-008749-003/2024(H5N1)	1782	8013
PA|PP755594.1|A/cattle/Texas/24-008749-003/2024(H5N1)	1783	8009
PA|PP755594.1|A/cattle/Texas/24-008749-003/2024(H5N1)	1784	8016
PA|PP755594.1|A/cattle/Texas/24-008749-003/2024(H5N1)	1785	8130
PA|PP755594.1|A/cattle/Texas/24-008749-003/2024(H5N1)	1786	8165
PA|PP755594.1|A/cattle/Texas/24-008749-003/2024(H5N1)	1787	8148
PA|PP755594.1|A/cattle/Texas/24-008749-003/2024(H5N1)	1788	8152
PA|PP755594.1|A/cattle/Texas/24-008749-003/2024(H5N1)	1789	8149
PA|PP755594.1|A/cattle/Texas/24-008749-003/2024(H5N1)	1790	8022
PA|PP755594.1|A/cattle/Texas/24-008749-003/2024(H5N1)	1791	8025
PA|PP755594.1|A/cattle/Texas/24-008749-003/2024(H5N1)	1792	8238
PA|PP755594.1|A/cattle/Texas/24-008749-003/2024(H5N1)	1793	8282
PA|PP755594.1|A/cattle/Texas/24-008749-003/2024(H5N1)	1794	8181
PA|PP755594.1|A/cattle/Texas/24-008749-003/2024(H5N1)	1795	8159
PA|PP755594.1|A/cattle/Texas/24-008749-003/2024(H5N1)	1796	7975
PA|PP755594.1|A/cattle/Texas/24-008749-003/2024(H5N1)	1797	7987
PA|PP755594.1|A/cattle/Texas/24-008749-003/2024(H5N1)	1798	7940
PA|PP755594.1|A/cattle/Texas/24-008749-003/2024(H5N1)	1799	7945
PA|PP755594.1|A/cattle/Texas/24-008749-003/2024(H5N1)	1800	7931
PA|PP755594.1|A/cattle/Texas/24-008749-003/2024(H5N1)	1801	7960
PA|PP755594.1|A/cattle/Texas/24-008749-003/2024(H5N1)	1802	7966
PA|PP755594.1|A/cattle/Texas/24-008749-003/2024(H5N1)	1803	7964
PA|PP755594.1|A/cattle/Texas/24-008749-003/2024(H5N1)	1804	8112
PA|PP755594.1|A/cattle/Texas/24-008749-003/2024(H5N1)	1805	8190
PA|PP755594.1|A/cattle/Texas/24-008749-003/2024(H5N1)	1806	8190
PA|PP755594.1|A/cattle/Texas/24-008749-003/2024(H5N1)	1807	8193
PA|PP755594.1|A/cattle/Texas/24-008749-003/2024(H5N1)	1808	8103
PA|PP755594.1|A/cattle/Texas/24-008749-003/2024(H5N1)	1809	7890
PA|PP755594.1|A/cattle/Texas/24-008749-003/2024(H5N1)	1810	7976
PA|PP755594.1|A/cattle/Texas/24-008749-003/2024(H5N1)	1811	7995
PA|PP755594.1|A/cattle/Texas/24-008749-003/2024(H5N1)	1812	7997
PA|PP755594.1|A/cattle/Texas/24-008749-003/2024(H5N1)	1813	7783
PA|PP755594.1|A/cattle/Texas/24-008749-003/2024(H5N1)	1814	7753
PA|PP755594.1|A/cattle/Texas/24-008749-003/2024(H5N1)	1815	7698
PA|PP755594.1|A/cattle/Texas/24-008749-003/2024(H5N1)	1816	7693
PA|PP755594.1|A/cattle/Texas/24-008749-003/2024(H5N1)	1817	7676
PA|PP755594.1|A/cattle/Texas/24-008749-003/2024(H5N1)	1818	7642
PA|PP755594.1|A/cattle/Texas/24-008749-003/2024(H5N1)	1819	7521
PA|PP755594.1|A/cattle/Texas/24-008749-003/2024(H5N1)	1820	7425
PA|PP755594.1|A/cattle/Texas/24-008749-003/2024(H5N1)	1821	7404
PA|PP755594.1|A/cattle/Texas/24-008749-003/2024(H5N1)	1822	6860
PA|PP755594.1|A/cattle/Texas/24-008749-003/2024(H5N1)	1823	6859
PA|PP755594.1|A/cattle/Texas/24-008749-003/2024(H5N1)	1824	6707
PA|PP755594.1|A/cattle/Texas/24-008749-003/2024(H5N1)	1825	6707
PA|PP755594.1|A/cattle/Texas/24-008749-003/2024(H5N1)	1826	6707
PA|PP755594.1|A/cattle/Texas/24-008749-003/2024(H5N1)	1827	6707
PA|PP755594.1|A/cattle/Texas/24-008749-003/2024(H5N1)	1828	7164
PA|PP755594.1|A/cattle/Texas/24-008749-003/2024(H5N1)	1829	7303
PA|PP755594.1|A/cattle/Texas/24-008749-003/2024(H5N1)	1830	7308
PA|PP755594.1|A/cattle/Texas/24-008749-003/2024(H5N1)	1831	7315
PA|PP755594.1|A/cattle/Texas/24-008749-003/2024(H5N1)	1832	7315
PA|PP755594.1|A/cattle/Texas/24-008749-003/2024(H5N1)	1833	7182
PA|PP755594.1|A/cattle/Texas/24-008749-003/2024(H5N1)	1834	7159
PA|PP755594.1|A/cattle/Texas/24-008749-003/2024(H5N1)	1835	7158
PA|PP755594.1|A/cattle/Texas/24-008749-003/2024(H5N1)	1836	6970
PA|PP755594.1|A/cattle/Texas/24-008749-003/2024(H5N1)	1837	6997
PA|PP755594.1|A/cattle/Texas/24-008749-003/2024(H5N1)	1838	6992
PA|PP755594.1|A/cattle/Texas/24-008749-003/2024(H5N1)	1839	6989
PA|PP755594.1|A/cattle/Texas/24-008749-003/2024(H5N1)	1840	6976
PA|PP755594.1|A/cattle/Texas/24-008749-003/2024(H5N1)	1841	6976
PA|PP755594.1|A/cattle/Texas/24-008749-003/2024(H5N1)	1842	6913
PA|PP755594.1|A/cattle/Texas/24-008749-003/2024(H5N1)	1843	6896
PA|PP755594.1|A/cattle/Texas/24-008749-003/2024(H5N1)	1844	6884
PA|PP755594.1|A/cattle/Texas/24-008749-003/2024(H5N1)	1845	6884
PA|PP755594.1|A/cattle/Texas/24-008749-003/2024(H5N1)	1846	6882
PA|PP755594.1|A/cattle/Texas/24-008749-003/2024(H5N1)	1847	6839
PA|PP755594.1|A/cattle/Texas/24-008749-003/2024(H5N1)	1848	6826
PA|PP755594.1|A/cattle/Texas/24-008749-003/2024(H5N1)	1849	6775
PA|PP755594.1|A/cattle/Texas/24-008749-003/2024(H5N1)	1850	6766
PA|PP755594.1|A/cattle/Texas/24-008749-003/2024(H5N1)	1851	6547
PA|PP755594.1|A/cattle/Texas/24-008749-003/2024(H5N1)	1852	6542
PA|PP755594.1|A/cattle/Texas/24-008749-003/2024(H5N1)	1853	6375
PA|PP755594.1|A/cattle/Texas/24-008749-003/2024(H5N1)	1854	6375
PA|PP755594.1|A/cattle/Texas/24-008749-003/2024(H5N1)	1855	6375
PA|PP755594.1|A/cattle/Texas/24-008749-003/2024(H5N1)	1856	6375
PA|PP755594.1|A/cattle/Texas/24-008749-003/2024(H5N1)	1857	6373
PA|PP755594.1|A/cattle/Texas/24-008749-003/2024(H5N1)	1858	6367
PA|PP755594.1|A/cattle/Texas/24-008749-003/2024(H5N1)	1859	6362
PA|PP755594.1|A/cattle/Texas/24-008749-003/2024(H5N1)	1860	6283
PA|PP755594.1|A/cattle/Texas/24-008749-003/2024(H5N1)	1861	6283
PA|PP755594.1|A/cattle/Texas/24-008749-003/2024(H5N1)	1862	6269
PA|PP755594.1|A/cattle/Texas/24-008749-003/2024(H5N1)	1863	6260
PA|PP755594.1|A/cattle/Texas/24-008749-003/2024(H5N1)	1864	6259
PA|PP755594.1|A/cattle/Texas/24-008749-003/2024(H5N1)	1865	6246
PA|PP755594.1|A/cattle/Texas/24-008749-003/2024(H5N1)	1866	6197
PA|PP755594.1|A/cattle/Texas/24-008749-003/2024(H5N1)	1867	6190
PA|PP755594.1|A/cattle/Texas/24-008749-003/2024(H5N1)	1868	6118
PA|PP755594.1|A/cattle/Texas/24-008749-003/2024(H5N1)	1869	6116
PA|PP755594.1|A/cattle/Texas/24-008749-003/2024(H5N1)	1870	6059
PA|PP755594.1|A/cattle/Texas/24-008749-003/2024(H5N1)	1871	6038
PA|PP755594.1|A/cattle/Texas/24-008749-003/2024(H5N1)	1872	6035
PA|PP755594.1|A/cattle/Texas/24-008749-003/2024(H5N1)	1873	6014
PA|PP755594.1|A/cattle/Texas/24-008749-003/2024(H5N1)	1874	5999
PA|PP755594.1|A/cattle/Texas/24-008749-003/2024(H5N1)	1875	5909
PA|PP755594.1|A/cattle/Texas/24-008749-003/2024(H5N1)	1876	5826
PA|PP755594.1|A/cattle/Texas/24-008749-003/2024(H5N1)	1877	5821
PA|PP755594.1|A/cattle/Texas/24-008749-003/2024(H5N1)	1878	5810
PA|PP755594.1|A/cattle/Texas/24-008749-003/2024(H5N1)	1879	5787
PA|PP755594.1|A/cattle/Texas/24-008749-003/2024(H5N1)	1880	5785
PA|PP755594.1|A/cattle/Texas/24-008749-003/2024(H5N1)	1881	898
PA|PP755594.1|A/cattle/Texas/24-008749-003/2024(H5N1)	1882	793
PA|PP755594.1|A/cattle/Texas/24-008749-003/2024(H5N1)	1883	738
PA|PP755594.1|A/cattle/Texas/24-008749-003/2024(H5N1)	1884	496
PA|PP755594.1|A/cattle/Texas/24-008749-003/2024(H5N1)	1885	496
PA|PP755594.1|A/cattle/Texas/24-008749-003/2024(H5N1)	1886	496
PA|PP755594.1|A/cattle/Texas/24-008749-003/2024(H5N1)	1887	488
PA|PP755594.1|A/cattle/Texas/24-008749-003/2024(H5N1)	1888	488
PA|PP755594.1|A/cattle/Texas/24-008749-003/2024(H5N1)	1889	487
PA|PP755594.1|A/cattle/Texas/24-008749-003/2024(H5N1)	1890	487
PA|PP755594.1|A/cattle/Texas/24-008749-003/2024(H5N1)	1891	487
PA|PP755594.1|A/cattle/Texas/24-008749-003/2024(H5N1)	1892	485
PA|PP755594.1|A/cattle/Texas/24-008749-003/2024(H5N1)	1893	329
PA|PP755594.1|A/cattle/Texas/24-008749-003/2024(H5N1)	1894	329
PA|PP755594.1|A/cattle/Texas/24-008749-003/2024(H5N1)	1895	329
PA|PP755594.1|A/cattle/Texas/24-008749-003/2024(H5N1)	1896	329
PA|PP755594.1|A/cattle/Texas/24-008749-003/2024(H5N1)	1897	329
PA|PP755594.1|A/cattle/Texas/24-008749-003/2024(H5N1)	1898	329
PA|PP755594.1|A/cattle/Texas/24-008749-003/2024(H5N1)	1899	329
PA|PP755594.1|A/cattle/Texas/24-008749-003/2024(H5N1)	1900	328
PA|PP755594.1|A/cattle/Texas/24-008749-003/2024(H5N1)	1901	329
PA|PP755594.1|A/cattle/Texas/24-008749-003/2024(H5N1)	1902	179
PA|PP755594.1|A/cattle/Texas/24-008749-003/2024(H5N1)	1903	179
PA|PP755594.1|A/cattle/Texas/24-008749-003/2024(H5N1)	1904	179
PA|PP755594.1|A/cattle/Texas/24-008749-003/2024(H5N1)	1905	179
PA|PP755594.1|A/cattle/Texas/24-008749-003/2024(H5N1)	1906	179
PA|PP755594.1|A/cattle/Texas/24-008749-003/2024(H5N1)	1907	179
PA|PP755594.1|A/cattle/Texas/24-008749-003/2024(H5N1)	1908	179
PA|PP755594.1|A/cattle/Texas/24-008749-003/2024(H5N1)	1909	179
PA|PP755594.1|A/cattle/Texas/24-008749-003/2024(H5N1)	1910	179
PA|PP755594.1|A/cattle/Texas/24-008749-003/2024(H5N1)	1911	179
PA|PP755594.1|A/cattle/Texas/24-008749-003/2024(H5N1)	1912	179
PA|PP755594.1|A/cattle/Texas/24-008749-003/2024(H5N1)	1913	179
PA|PP755594.1|A/cattle/Texas/24-008749-003/2024(H5N1)	1914	170
PA|PP755594.1|A/cattle/Texas/24-008749-003/2024(H5N1)	1915	170
PA|PP755594.1|A/cattle/Texas/24-008749-003/2024(H5N1)	1916	170
PA|PP755594.1|A/cattle/Texas/24-008749-003/2024(H5N1)	1917	170
PA|PP755594.1|A/cattle/Texas/24-008749-003/2024(H5N1)	1918	170
PA|PP755594.1|A/cattle/Texas/24-008749-003/2024(H5N1)	1919	170
PA|PP755594.1|A/cattle/Texas/24-008749-003/2024(H5N1)	1920	170
PA|PP755594.1|A/cattle/Texas/24-008749-003/2024(H5N1)	1921	172
PA|PP755594.1|A/cattle/Texas/24-008749-003/2024(H5N1)	1922	172
PA|PP755594.1|A/cattle/Texas/24-008749-003/2024(H5N1)	1923	172
PA|PP755594.1|A/cattle/Texas/24-008749-003/2024(H5N1)	1924	172
PA|PP755594.1|A/cattle/Texas/24-008749-003/2024(H5N1)	1925	175
PA|PP755594.1|A/cattle/Texas/24-008749-003/2024(H5N1)	1926	180
PA|PP755594.1|A/cattle/Texas/24-008749-003/2024(H5N1)	1927	574
PA|PP755594.1|A/cattle/Texas/24-008749-003/2024(H5N1)	1928	574
PA|PP755594.1|A/cattle/Texas/24-008749-003/2024(H5N1)	1929	575
PA|PP755594.1|A/cattle/Texas/24-008749-003/2024(H5N1)	1930	598
PA|PP755594.1|A/cattle/Texas/24-008749-003/2024(H5N1)	1931	602
PA|PP755594.1|A/cattle/Texas/24-008749-003/2024(H5N1)	1932	607
PA|PP755594.1|A/cattle/Texas/24-008749-003/2024(H5N1)	1933	5226
PA|PP755594.1|A/cattle/Texas/24-008749-003/2024(H5N1)	1934	5357
PA|PP755594.1|A/cattle/Texas/24-008749-003/2024(H5N1)	1935	5428
PA|PP755594.1|A/cattle/Texas/24-008749-003/2024(H5N1)	1936	5452
PA|PP755594.1|A/cattle/Texas/24-008749-003/2024(H5N1)	1937	5470
PA|PP755594.1|A/cattle/Texas/24-008749-003/2024(H5N1)	1938	5480
PA|PP755594.1|A/cattle/Texas/24-008749-003/2024(H5N1)	1939	5482
PA|PP755594.1|A/cattle/Texas/24-008749-003/2024(H5N1)	1940	5484
PA|PP755594.1|A/cattle/Texas/24-008749-003/2024(H5N1)	1941	5490
PA|PP755594.1|A/cattle/Texas/24-008749-003/2024(H5N1)	1942	5498
PA|PP755594.1|A/cattle/Texas/24-008749-003/2024(H5N1)	1943	5499
PA|PP755594.1|A/cattle/Texas/24-008749-003/2024(H5N1)	1944	5499
PA|PP755594.1|A/cattle/Texas/24-008749-003/2024(H5N1)	1945	5499
PA|PP755594.1|A/cattle/Texas/24-008749-003/2024(H5N1)	1946	5502
PA|PP755594.1|A/cattle/Texas/24-008749-003/2024(H5N1)	1947	5587
PA|PP755594.1|A/cattle/Texas/24-008749-003/2024(H5N1)	1948	5987
PA|PP755594.1|A/cattle/Texas/24-008749-003/2024(H5N1)	1949	6133
PA|PP755594.1|A/cattle/Texas/24-008749-003/2024(H5N1)	1950	6148
PA|PP755594.1|A/cattle/Texas/24-008749-003/2024(H5N1)	1951	6150
PA|PP755594.1|A/cattle/Texas/24-008749-003/2024(H5N1)	1952	6212
PA|PP755594.1|A/cattle/Texas/24-008749-003/2024(H5N1)	1953	6213
PA|PP755594.1|A/cattle/Texas/24-008749-003/2024(H5N1)	1954	6257
PA|PP755594.1|A/cattle/Texas/24-008749-003/2024(H5N1)	1955	6296
PA|PP755594.1|A/cattle/Texas/24-008749-003/2024(H5N1)	1956	6368
PA|PP755594.1|A/cattle/Texas/24-008749-003/2024(H5N1)	1957	6408
PA|PP755594.1|A/cattle/Texas/24-008749-003/2024(H5N1)	1958	6408
PA|PP755594.1|A/cattle/Texas/24-008749-003/2024(H5N1)	1959	6409
PA|PP755594.1|A/cattle/Texas/24-008749-003/2024(H5N1)	1960	6446
PA|PP755594.1|A/cattle/Texas/24-008749-003/2024(H5N1)	1961	6583
PA|PP755594.1|A/cattle/Texas/24-008749-003/2024(H5N1)	1962	6605
PA|PP755594.1|A/cattle/Texas/24-008749-003/2024(H5N1)	1963	6646
PA|PP755594.1|A/cattle/Texas/24-008749-003/2024(H5N1)	1964	6653
PA|PP755594.1|A/cattle/Texas/24-008749-003/2024(H5N1)	1965	6655
PA|PP755594.1|A/cattle/Texas/24-008749-003/2024(H5N1)	1966	6757
PA|PP755594.1|A/cattle/Texas/24-008749-003/2024(H5N1)	1967	6807
PA|PP755594.1|A/cattle/Texas/24-008749-003/2024(H5N1)	1968	6823
PA|PP755594.1|A/cattle/Texas/24-008749-003/2024(H5N1)	1969	6831
PA|PP755594.1|A/cattle/Texas/24-008749-003/2024(H5N1)	1970	6859
PA|PP755594.1|A/cattle/Texas/24-008749-003/2024(H5N1)	1971	7016
PA|PP755594.1|A/cattle/Texas/24-008749-003/2024(H5N1)	1972	7050
PA|PP755594.1|A/cattle/Texas/24-008749-003/2024(H5N1)	1973	7065
PA|PP755594.1|A/cattle/Texas/24-008749-003/2024(H5N1)	1974	7094
PA|PP755594.1|A/cattle/Texas/24-008749-003/2024(H5N1)	1975	7099
PA|PP755594.1|A/cattle/Texas/24-008749-003/2024(H5N1)	1976	7116
PA|PP755594.1|A/cattle/Texas/24-008749-003/2024(H5N1)	1977	7108
PA|PP755594.1|A/cattle/Texas/24-008749-003/2024(H5N1)	1978	7110
PA|PP755594.1|A/cattle/Texas/24-008749-003/2024(H5N1)	1979	7103
PA|PP755594.1|A/cattle/Texas/24-008749-003/2024(H5N1)	1980	6946
PA|PP755594.1|A/cattle/Texas/24-008749-003/2024(H5N1)	1981	6946
PA|PP755594.1|A/cattle/Texas/24-008749-003/2024(H5N1)	1982	6937
PA|PP755594.1|A/cattle/Texas/24-008749-003/2024(H5N1)	1983	6388
PA|PP755594.1|A/cattle/Texas/24-008749-003/2024(H5N1)	1984	6388
PA|PP755594.1|A/cattle/Texas/24-008749-003/2024(H5N1)	1985	6388
PA|PP755594.1|A/cattle/Texas/24-008749-003/2024(H5N1)	1986	6388
PA|PP755594.1|A/cattle/Texas/24-008749-003/2024(H5N1)	1987	6398
PA|PP755594.1|A/cattle/Texas/24-008749-003/2024(H5N1)	1988	6398
PA|PP755594.1|A/cattle/Texas/24-008749-003/2024(H5N1)	1989	6398
PA|PP755594.1|A/cattle/Texas/24-008749-003/2024(H5N1)	1990	6398
PA|PP755594.1|A/cattle/Texas/24-008749-003/2024(H5N1)	1991	6398
PA|PP755594.1|A/cattle/Texas/24-008749-003/2024(H5N1)	1992	6398
PA|PP755594.1|A/cattle/Texas/24-008749-003/2024(H5N1)	1993	6589
PA|PP755594.1|A/cattle/Texas/24-008749-003/2024(H5N1)	1994	6589
PA|PP755594.1|A/cattle/Texas/24-008749-003/2024(H5N1)	1995	6623
PA|PP755594.1|A/cattle/Texas/24-008749-003/2024(H5N1)	1996	6640
PA|PP755594.1|A/cattle/Texas/24-008749-003/2024(H5N1)	1997	6648
PA|PP755594.1|A/cattle/Texas/24-008749-003/2024(H5N1)	1998	6689
PA|PP755594.1|A/cattle/Texas/24-008749-003/2024(H5N1)	1999	7323
PA|PP755594.1|A/cattle/Texas/24-008749-003/2024(H5N1)	2000	7370
PA|PP755594.1|A/cattle/Texas/24-008749-003/2024(H5N1)	2001	7503
PA|PP755594.1|A/cattle/Texas/24-008749-003/2024(H5N1)	2002	7569
PA|PP755594.1|A/cattle/Texas/24-008749-003/2024(H5N1)	2003	7648
PA|PP755594.1|A/cattle/Texas/24-008749-003/2024(H5N1)	2004	7712
PA|PP755594.1|A/cattle/Texas/24-008749-003/2024(H5N1)	2005	7777
PA|PP755594.1|A/cattle/Texas/24-008749-003/2024(H5N1)	2006	7779
PA|PP755594.1|A/cattle/Texas/24-008749-003/2024(H5N1)	2007	7792
PA|PP755594.1|A/cattle/Texas/24-008749-003/2024(H5N1)	2008	7793
PA|PP755594.1|A/cattle/Texas/24-008749-003/2024(H5N1)	2009	7739
PA|PP755594.1|A/cattle/Texas/24-008749-003/2024(H5N1)	2010	7674
PA|PP755594.1|A/cattle/Texas/24-008749-003/2024(H5N1)	2011	7774
PA|PP755594.1|A/cattle/Texas/24-008749-003/2024(H5N1)	2012	7705
PA|PP755594.1|A/cattle/Texas/24-008749-003/2024(H5N1)	2013	7723
PA|PP755594.1|A/cattle/Texas/24-008749-003/2024(H5N1)	2014	7782
PA|PP755594.1|A/cattle/Texas/24-008749-003/2024(H5N1)	2015	7730
PA|PP755594.1|A/cattle/Texas/24-008749-003/2024(H5N1)	2016	7749
PA|PP755594.1|A/cattle/Texas/24-008749-003/2024(H5N1)	2017	7741
PA|PP755594.1|A/cattle/Texas/24-008749-003/2024(H5N1)	2018	7732
PA|PP755594.1|A/cattle/Texas/24-008749-003/2024(H5N1)	2019	7843
PA|PP755594.1|A/cattle/Texas/24-008749-003/2024(H5N1)	2020	7863
PA|PP755594.1|A/cattle/Texas/24-008749-003/2024(H5N1)	2021	7853
PA|PP755594.1|A/cattle/Texas/24-008749-003/2024(H5N1)	2022	7620
PA|PP755594.1|A/cattle/Texas/24-008749-003/2024(H5N1)	2023	7392
PA|PP755594.1|A/cattle/Texas/24-008749-003/2024(H5N1)	2024	7456
PA|PP755594.1|A/cattle/Texas/24-008749-003/2024(H5N1)	2025	7476
PA|PP755594.1|A/cattle/Texas/24-008749-003/2024(H5N1)	2026	7473
PA|PP755594.1|A/cattle/Texas/24-008749-003/2024(H5N1)	2027	7441
PA|PP755594.1|A/cattle/Texas/24-008749-003/2024(H5N1)	2028	7425
PA|PP755594.1|A/cattle/Texas/24-008749-003/2024(H5N1)	2029	7529
PA|PP755594.1|A/cattle/Texas/24-008749-003/2024(H5N1)	2030	7556
PA|PP755594.1|A/cattle/Texas/24-008749-003/2024(H5N1)	2031	7447
PA|PP755594.1|A/cattle/Texas/24-008749-003/2024(H5N1)	2032	7695
PA|PP755594.1|A/cattle/Texas/24-008749-003/2024(H5N1)	2033	7353
PA|PP755594.1|A/cattle/Texas/24-008749-003/2024(H5N1)	2034	7495
PA|PP755594.1|A/cattle/Texas/24-008749-003/2024(H5N1)	2035	7498
PA|PP755594.1|A/cattle/Texas/24-008749-003/2024(H5N1)	2036	7519
PA|PP755594.1|A/cattle/Texas/24-008749-003/2024(H5N1)	2037	7575
PA|PP755594.1|A/cattle/Texas/24-008749-003/2024(H5N1)	2038	7572
PA|PP755594.1|A/cattle/Texas/24-008749-003/2024(H5N1)	2039	7592
PA|PP755594.1|A/cattle/Texas/24-008749-003/2024(H5N1)	2040	7474
PA|PP755594.1|A/cattle/Texas/24-008749-003/2024(H5N1)	2041	7439
PA|PP755594.1|A/cattle/Texas/24-008749-003/2024(H5N1)	2042	7791
PA|PP755594.1|A/cattle/Texas/24-008749-003/2024(H5N1)	2043	7774
PA|PP755594.1|A/cattle/Texas/24-008749-003/2024(H5N1)	2044	7768
PA|PP755594.1|A/cattle/Texas/24-008749-003/2024(H5N1)	2045	7793
PA|PP755594.1|A/cattle/Texas/24-008749-003/2024(H5N1)	2046	7785
PA|PP755594.1|A/cattle/Texas/24-008749-003/2024(H5N1)	2047	7771
PA|PP755594.1|A/cattle/Texas/24-008749-003/2024(H5N1)	2048	7751
PA|PP755594.1|A/cattle/Texas/24-008749-003/2024(H5N1)	2049	7778
PA|PP755594.1|A/cattle/Texas/24-008749-003/2024(H5N1)	2050	7675
PA|PP755594.1|A/cattle/Texas/24-008749-003/2024(H5N1)	2051	7737
PA|PP755594.1|A/cattle/Texas/24-008749-003/2024(H5N1)	2052	7434
PA|PP755594.1|A/cattle/Texas/24-008749-003/2024(H5N1)	2053	7517
PA|PP755594.1|A/cattle/Texas/24-008749-003/2024(H5N1)	2054	7524
PA|PP755594.1|A/cattle/Texas/24-008749-003/2024(H5N1)	2055	7562
PA|PP755594.1|A/cattle/Texas/24-008749-003/2024(H5N1)	2056	7598
PA|PP755594.1|A/cattle/Texas/24-008749-003/2024(H5N1)	2057	7613
PA|PP755594.1|A/cattle/Texas/24-008749-003/2024(H5N1)	2058	8403
PA|PP755594.1|A/cattle/Texas/24-008749-003/2024(H5N1)	2059	8088
PA|PP755594.1|A/cattle/Texas/24-008749-003/2024(H5N1)	2060	8174
PA|PP755594.1|A/cattle/Texas/24-008749-003/2024(H5N1)	2061	8156
PA|PP755594.1|A/cattle/Texas/24-008749-003/2024(H5N1)	2062	7840
PA|PP755594.1|A/cattle/Texas/24-008749-003/2024(H5N1)	2063	7891
PA|PP755594.1|A/cattle/Texas/24-008749-003/2024(H5N1)	2064	7805
PA|PP755594.1|A/cattle/Texas/24-008749-003/2024(H5N1)	2065	7800
PA|PP755594.1|A/cattle/Texas/24-008749-003/2024(H5N1)	2066	7821
PA|PP755594.1|A/cattle/Texas/24-008749-003/2024(H5N1)	2067	7590
PA|PP755594.1|A/cattle/Texas/24-008749-003/2024(H5N1)	2068	7663
PA|PP755594.1|A/cattle/Texas/24-008749-003/2024(H5N1)	2069	7600
PA|PP755594.1|A/cattle/Texas/24-008749-003/2024(H5N1)	2070	7600
PA|PP755594.1|A/cattle/Texas/24-008749-003/2024(H5N1)	2071	7610
PA|PP755594.1|A/cattle/Texas/24-008749-003/2024(H5N1)	2072	7589
PA|PP755594.1|A/cattle/Texas/24-008749-003/2024(H5N1)	2073	7591
PA|PP755594.1|A/cattle/Texas/24-008749-003/2024(H5N1)	2074	7536
PA|PP755594.1|A/cattle/Texas/24-008749-003/2024(H5N1)	2075	7374
PA|PP755594.1|A/cattle/Texas/24-008749-003/2024(H5N1)	2076	7395
PA|PP755594.1|A/cattle/Texas/24-008749-003/2024(H5N1)	2077	6910
PA|PP755594.1|A/cattle/Texas/24-008749-003/2024(H5N1)	2078	6907
PA|PP755594.1|A/cattle/Texas/24-008749-003/2024(H5N1)	2079	6889
PA|PP755594.1|A/cattle/Texas/24-008749-003/2024(H5N1)	2080	6854
PA|PP755594.1|A/cattle/Texas/24-008749-003/2024(H5N1)	2081	6839
PA|PP755594.1|A/cattle/Texas/24-008749-003/2024(H5N1)	2082	6857
PA|PP755594.1|A/cattle/Texas/24-008749-003/2024(H5N1)	2083	6857
PA|PP755594.1|A/cattle/Texas/24-008749-003/2024(H5N1)	2084	6797
PA|PP755594.1|A/cattle/Texas/24-008749-003/2024(H5N1)	2085	6661
PA|PP755594.1|A/cattle/Texas/24-008749-003/2024(H5N1)	2086	6594
PA|PP755594.1|A/cattle/Texas/24-008749-003/2024(H5N1)	2087	6589
PA|PP755594.1|A/cattle/Texas/24-008749-003/2024(H5N1)	2088	6580
PA|PP755594.1|A/cattle/Texas/24-008749-003/2024(H5N1)	2089	6585
PA|PP755594.1|A/cattle/Texas/24-008749-003/2024(H5N1)	2090	6584
PA|PP755594.1|A/cattle/Texas/24-008749-003/2024(H5N1)	2091	6478
PA|PP755594.1|A/cattle/Texas/24-008749-003/2024(H5N1)	2092	6464
PA|PP755594.1|A/cattle/Texas/24-008749-003/2024(H5N1)	2093	6308
PA|PP755594.1|A/cattle/Texas/24-008749-003/2024(H5N1)	2094	6257
PA|PP755594.1|A/cattle/Texas/24-008749-003/2024(H5N1)	2095	6250
PA|PP755594.1|A/cattle/Texas/24-008749-003/2024(H5N1)	2096	6251
PA|PP755594.1|A/cattle/Texas/24-008749-003/2024(H5N1)	2097	6257
PA|PP755594.1|A/cattle/Texas/24-008749-003/2024(H5N1)	2098	6192
PA|PP755594.1|A/cattle/Texas/24-008749-003/2024(H5N1)	2099	6155
PA|PP755594.1|A/cattle/Texas/24-008749-003/2024(H5N1)	2100	5993
PA|PP755594.1|A/cattle/Texas/24-008749-003/2024(H5N1)	2101	5990
PA|PP755594.1|A/cattle/Texas/24-008749-003/2024(H5N1)	2102	5986
PA|PP755594.1|A/cattle/Texas/24-008749-003/2024(H5N1)	2103	5966
PA|PP755594.1|A/cattle/Texas/24-008749-003/2024(H5N1)	2104	5920
PA|PP755594.1|A/cattle/Texas/24-008749-003/2024(H5N1)	2105	5880
PA|PP755594.1|A/cattle/Texas/24-008749-003/2024(H5N1)	2106	5871
PA|PP755594.1|A/cattle/Texas/24-008749-003/2024(H5N1)	2107	5800
PA|PP755594.1|A/cattle/Texas/24-008749-003/2024(H5N1)	2108	5782
PA|PP755594.1|A/cattle/Texas/24-008749-003/2024(H5N1)	2109	5783
PA|PP755594.1|A/cattle/Texas/24-008749-003/2024(H5N1)	2110	5782
PA|PP755594.1|A/cattle/Texas/24-008749-003/2024(H5N1)	2111	5766
PA|PP755594.1|A/cattle/Texas/24-008749-003/2024(H5N1)	2112	5604
PA|PP755594.1|A/cattle/Texas/24-008749-003/2024(H5N1)	2113	5590
PA|PP755594.1|A/cattle/Texas/24-008749-003/2024(H5N1)	2114	5545
PA|PP755594.1|A/cattle/Texas/24-008749-003/2024(H5N1)	2115	5538
PA|PP755594.1|A/cattle/Texas/24-008749-003/2024(H5N1)	2116	5539
PA|PP755594.1|A/cattle/Texas/24-008749-003/2024(H5N1)	2117	5485
PA|PP755594.1|A/cattle/Texas/24-008749-003/2024(H5N1)	2118	5501
PA|PP755594.1|A/cattle/Texas/24-008749-003/2024(H5N1)	2119	5486
PA|PP755594.1|A/cattle/Texas/24-008749-003/2024(H5N1)	2120	5468
PA|PP755594.1|A/cattle/Texas/24-008749-003/2024(H5N1)	2121	5349
PA|PP755594.1|A/cattle/Texas/24-008749-003/2024(H5N1)	2122	5302
PA|PP755594.1|A/cattle/Texas/24-008749-003/2024(H5N1)	2123	5305
PA|PP755594.1|A/cattle/Texas/24-008749-003/2024(H5N1)	2124	5293
PA|PP755594.1|A/cattle/Texas/24-008749-003/2024(H5N1)	2125	5252
PA|PP755594.1|A/cattle/Texas/24-008749-003/2024(H5N1)	2126	5230
PA|PP755594.1|A/cattle/Texas/24-008749-003/2024(H5N1)	2127	5008
PA|PP755594.1|A/cattle/Texas/24-008749-003/2024(H5N1)	2128	5003
PA|PP755594.1|A/cattle/Texas/24-008749-003/2024(H5N1)	2129	5007
PA|PP755594.1|A/cattle/Texas/24-008749-003/2024(H5N1)	2130	5008
PA|PP755594.1|A/cattle/Texas/24-008749-003/2024(H5N1)	2131	4987
PA|PP755594.1|A/cattle/Texas/24-008749-003/2024(H5N1)	2132	4955
PA|PP755594.1|A/cattle/Texas/24-008749-003/2024(H5N1)	2133	4932
PA|PP755594.1|A/cattle/Texas/24-008749-003/2024(H5N1)	2134	4919
PA|PP755594.1|A/cattle/Texas/24-008749-003/2024(H5N1)	2135	4887
PA|PP755594.1|A/cattle/Texas/24-008749-003/2024(H5N1)	2136	4846
PA|PP755594.1|A/cattle/Texas/24-008749-003/2024(H5N1)	2137	4830
PA|PP755594.1|A/cattle/Texas/24-008749-003/2024(H5N1)	2138	4773
PA|PP755594.1|A/cattle/Texas/24-008749-003/2024(H5N1)	2139	4697
PA|PP755594.1|A/cattle/Texas/24-008749-003/2024(H5N1)	2140	4695
PA|PP755594.1|A/cattle/Texas/24-008749-003/2024(H5N1)	2141	4680
PA|PP755594.1|A/cattle/Texas/24-008749-003/2024(H5N1)	2142	4641
PA|PP755594.1|A/cattle/Texas/24-008749-003/2024(H5N1)	2143	4608
PA|PP755594.1|A/cattle/Texas/24-008749-003/2024(H5N1)	2144	4436
PA|PP755594.1|A/cattle/Texas/24-008749-003/2024(H5N1)	2145	4433
PA|PP755594.1|A/cattle/Texas/24-008749-003/2024(H5N1)	2146	4407
PA|PP755594.1|A/cattle/Texas/24-008749-003/2024(H5N1)	2147	4402
PA|PP755594.1|A/cattle/Texas/24-008749-003/2024(H5N1)	2148	4394
PA|PP755594.1|A/cattle/Texas/24-008749-003/2024(H5N1)	2149	4362
PA|PP755594.1|A/cattle/Texas/24-008749-003/2024(H5N1)	2150	4251
PA|PP755594.1|A/cattle/Texas/24-008749-003/2024(H5N1)	2151	4217
