PA|PP755594.1|A/cattle/Texas/24-008749-003/2024(H5N1)	1	479
PA|PP755594.1|A/cattle/Texas/24-008749-003/2024(H5N1)	2	484
PA|PP755594.1|A/cattle/Texas/24-008749-003/2024(H5N1)	3	490
PA|PP755594.1|A/cattle/Texas/24-008749-003/2024(H5N1)	4	490
PA|PP755594.1|A/cattle/Texas/24-008749-003/2024(H5N1)	5	494
PA|PP755594.1|A/cattle/Texas/24-008749-003/2024(H5N1)	6	494
PA|PP755594.1|A/cattle/Texas/24-008749-003/2024(H5N1)	7	496
PA|PP755594.1|A/cattle/Texas/24-008749-003/2024(H5N1)	8	498
PA|PP755594.1|A/cattle/Texas/24-008749-003/2024(H5N1)	9	500
PA|PP755594.1|A/cattle/Texas/24-008749-003/2024(H5N1)	10	500
PA|PP755594.1|A/cattle/Texas/24-008749-003/2024(H5N1)	11	509
PA|PP755594.1|A/cattle/Texas/24-008749-003/2024(H5N1)	12	510
PA|PP755594.1|A/cattle/Texas/24-008749-003/2024(H5N1)	13	517
PA|PP755594.1|A/cattle/Texas/24-008749-003/2024(H5N1)	14	517
PA|PP755594.1|A/cattle/Texas/24-008749-003/2024(H5N1)	15	517
PA|PP755594.1|A/cattle/Texas/24-008749-003/2024(H5N1)	16	524
PA|PP755594.1|A/cattle/Texas/24-008749-003/2024(H5N1)	17	524
PA|PP755594.1|A/cattle/Texas/24-008749-003/2024(H5N1)	18	538
PA|PP755594.1|A/cattle/Texas/24-008749-003/2024(H5N1)	19	541
PA|PP755594.1|A/cattle/Texas/24-008749-003/2024(H5N1)	20	541
PA|PP755594.1|A/cattle/Texas/24-008749-003/2024(H5N1)	21	544
PA|PP755594.1|A/cattle/Texas/24-008749-003/2024(H5N1)	22	547
PA|PP755594.1|A/cattle/Texas/24-008749-003/2024(H5N1)	23	569
PA|PP755594.1|A/cattle/Texas/24-008749-003/2024(H5N1)	24	589
PA|PP755594.1|A/cattle/Texas/24-008749-003/2024(H5N1)	25	589
PA|PP755594.1|A/cattle/Texas/24-008749-003/2024(H5N1)	26	589
PA|PP755594.1|A/cattle/Texas/24-008749-003/2024(H5N1)	27	589
PA|PP755594.1|A/cattle/Texas/24-008749-003/2024(H5N1)	28	591
PA|PP755594.1|A/cattle/Texas/24-008749-003/2024(H5N1)	29	617
PA|PP755594.1|A/cattle/Texas/24-008749-003/2024(H5N1)	30	622
PA|PP755594.1|A/cattle/Texas/24-008749-003/2024(H5N1)	31	622
PA|PP755594.1|A/cattle/Texas/24-008749-003/2024(H5N1)	32	622
PA|PP755594.1|A/cattle/Texas/24-008749-003/2024(H5N1)	33	624
PA|PP755594.1|A/cattle/Texas/24-008749-003/2024(H5N1)	34	625
PA|PP755594.1|A/cattle/Texas/24-008749-003/2024(H5N1)	35	631
PA|PP755594.1|A/cattle/Texas/24-008749-003/2024(H5N1)	36	633
PA|PP755594.1|A/cattle/Texas/24-008749-003/2024(H5N1)	37	640
PA|PP755594.1|A/cattle/Texas/24-008749-003/2024(H5N1)	38	642
PA|PP755594.1|A/cattle/Texas/24-008749-003/2024(H5N1)	39	644
PA|PP755594.1|A/cattle/Texas/24-008749-003/2024(H5N1)	40	645
PA|PP755594.1|A/cattle/Texas/24-008749-003/2024(H5N1)	41	647
PA|PP755594.1|A/cattle/Texas/24-008749-003/2024(H5N1)	42	648
PA|PP755594.1|A/cattle/Texas/24-008749-003/2024(H5N1)	43	648
PA|PP755594.1|A/cattle/Texas/24-008749-003/2024(H5N1)	44	657
PA|PP755594.1|A/cattle/Texas/24-008749-003/2024(H5N1)	45	657
PA|PP755594.1|A/cattle/Texas/24-008749-003/2024(H5N1)	46	659
PA|PP755594.1|A/cattle/Texas/24-008749-003/2024(H5N1)	47	659
PA|PP755594.1|A/cattle/Texas/24-008749-003/2024(H5N1)	48	664
PA|PP755594.1|A/cattle/Texas/24-008749-003/2024(H5N1)	49	667
PA|PP755594.1|A/cattle/Texas/24-008749-003/2024(H5N1)	50	670
PA|PP755594.1|A/cattle/Texas/24-008749-003/2024(H5N1)	51	674
PA|PP755594.1|A/cattle/Texas/24-008749-003/2024(H5N1)	52	675
PA|PP755594.1|A/cattle/Texas/24-008749-003/2024(H5N1)	53	672
PA|PP755594.1|A/cattle/Texas/24-008749-003/2024(H5N1)	54	672
PA|PP755594.1|A/cattle/Texas/24-008749-003/2024(H5N1)	55	671
PA|PP755594.1|A/cattle/Texas/24-008749-003/2024(H5N1)	56	673
PA|PP755594.1|A/cattle/Texas/24-008749-003/2024(H5N1)	57	604
PA|PP755594.1|A/cattle/Texas/24-008749-003/2024(H5N1)	58	605
PA|PP755594.1|A/cattle/Texas/24-008749-003/2024(H5N1)	59	611
PA|PP755594.1|A/cattle/Texas/24-008749-003/2024(H5N1)	60	611
PA|PP755594.1|A/cattle/Texas/24-008749-003/2024(H5N1)	61	621
PA|PP755594.1|A/cattle/Texas/24-008749-003/2024(H5N1)	62	622
PA|PP755594.1|A/cattle/Texas/24-008749-003/2024(H5N1)	63	710
PA|PP755594.1|A/cattle/Texas/24-008749-003/2024(H5N1)	64	721
PA|PP755594.1|A/cattle/Texas/24-008749-003/2024(H5N1)	65	721
PA|PP755594.1|A/cattle/Texas/24-008749-003/2024(H5N1)	66	719
PA|PP755594.1|A/cattle/Texas/24-008749-003/2024(H5N1)	67	737
PA|PP755594.1|A/cattle/Texas/24-008749-003/2024(H5N1)	68	740
PA|PP755594.1|A/cattle/Texas/24-008749-003/2024(H5N1)	69	778
PA|PP755594.1|A/cattle/Texas/24-008749-003/2024(H5N1)	70	777
PA|PP755594.1|A/cattle/Texas/24-008749-003/2024(H5N1)	71	782
PA|PP755594.1|A/cattle/Texas/24-008749-003/2024(H5N1)	72	784
PA|PP755594.1|A/cattle/Texas/24-008749-003/2024(H5N1)	73	784
PA|PP755594.1|A/cattle/Texas/24-008749-003/2024(H5N1)	74	789
PA|PP755594.1|A/cattle/Texas/24-008749-003/2024(H5N1)	75	790
PA|PP755594.1|A/cattle/Texas/24-008749-003/2024(H5N1)	76	792
PA|PP755594.1|A/cattle/Texas/24-008749-003/2024(H5N1)	77	793
PA|PP755594.1|A/cattle/Texas/24-008749-003/2024(H5N1)	78	791
PA|PP755594.1|A/cattle/Texas/24-008749-003/2024(H5N1)	79	787
PA|PP755594.1|A/cattle/Texas/24-008749-003/2024(H5N1)	80	787
PA|PP755594.1|A/cattle/Texas/24-008749-003/2024(H5N1)	81	788
PA|PP755594.1|A/cattle/Texas/24-008749-003/2024(H5N1)	82	790
PA|PP755594.1|A/cattle/Texas/24-008749-003/2024(H5N1)	83	792
PA|PP755594.1|A/cattle/Texas/24-008749-003/2024(H5N1)	84	792
PA|PP755594.1|A/cattle/Texas/24-008749-003/2024(H5N1)	85	790
PA|PP755594.1|A/cattle/Texas/24-008749-003/2024(H5N1)	86	788
PA|PP755594.1|A/cattle/Texas/24-008749-003/2024(H5N1)	87	788
PA|PP755594.1|A/cattle/Texas/24-008749-003/2024(H5N1)	88	787
PA|PP755594.1|A/cattle/Texas/24-008749-003/2024(H5N1)	89	787
PA|PP755594.1|A/cattle/Texas/24-008749-003/2024(H5N1)	90	616
PA|PP755594.1|A/cattle/Texas/24-008749-003/2024(H5N1)	91	616
PA|PP755594.1|A/cattle/Texas/24-008749-003/2024(H5N1)	92	616
PA|PP755594.1|A/cattle/Texas/24-008749-003/2024(H5N1)	93	616
PA|PP755594.1|A/cattle/Texas/24-008749-003/2024(H5N1)	94	616
PA|PP755594.1|A/cattle/Texas/24-008749-003/2024(H5N1)	95	616
PA|PP755594.1|A/cattle/Texas/24-008749-003/2024(H5N1)	96	616
PA|PP755594.1|A/cattle/Texas/24-008749-003/2024(H5N1)	97	621
PA|PP755594.1|A/cattle/Texas/24-008749-003/2024(H5N1)	98	621
PA|PP755594.1|A/cattle/Texas/24-008749-003/2024(H5N1)	99	621
PA|PP755594.1|A/cattle/Texas/24-008749-003/2024(H5N1)	100	621
PA|PP755594.1|A/cattle/Texas/24-008749-003/2024(H5N1)	101	621
PA|PP755594.1|A/cattle/Texas/24-008749-003/2024(H5N1)	102	621
PA|PP755594.1|A/cattle/Texas/24-008749-003/2024(H5N1)	103	621
PA|PP755594.1|A/cattle/Texas/24-008749-003/2024(H5N1)	104	621
PA|PP755594.1|A/cattle/Texas/24-008749-003/2024(H5N1)	105	621
PA|PP755594.1|A/cattle/Texas/24-008749-003/2024(H5N1)	106	621
PA|PP755594.1|A/cattle/Texas/24-008749-003/2024(H5N1)	107	642
PA|PP755594.1|A/cattle/Texas/24-008749-003/2024(H5N1)	108	647
PA|PP755594.1|A/cattle/Texas/24-008749-003/2024(H5N1)	109	776
PA|PP755594.1|A/cattle/Texas/24-008749-003/2024(H5N1)	110	791
PA|PP755594.1|A/cattle/Texas/24-008749-003/2024(H5N1)	111	813
PA|PP755594.1|A/cattle/Texas/24-008749-003/2024(H5N1)	112	821
PA|PP755594.1|A/cattle/Texas/24-008749-003/2024(H5N1)	113	823
PA|PP755594.1|A/cattle/Texas/24-008749-003/2024(H5N1)	114	831
PA|PP755594.1|A/cattle/Texas/24-008749-003/2024(H5N1)	115	831
PA|PP755594.1|A/cattle/Texas/24-008749-003/2024(H5N1)	116	832
PA|PP755594.1|A/cattle/Texas/24-008749-003/2024(H5N1)	117	832
PA|PP755594.1|A/cattle/Texas/24-008749-003/2024(H5N1)	118	830
PA|PP755594.1|A/cattle/Texas/24-008749-003/2024(H5N1)	119	830
PA|PP755594.1|A/cattle/Texas/24-008749-003/2024(H5N1)	120	824
PA|PP755594.1|A/cattle/Texas/24-008749-003/2024(H5N1)	121	853
PA|PP755594.1|A/cattle/Texas/24-008749-003/2024(H5N1)	122	851
PA|PP755594.1|A/cattle/Texas/24-008749-003/2024(H5N1)	123	848
PA|PP755594.1|A/cattle/Texas/24-008749-003/2024(H5N1)	124	852
PA|PP755594.1|A/cattle/Texas/24-008749-003/2024(H5N1)	125	852
PA|PP755594.1|A/cattle/Texas/24-008749-003/2024(H5N1)	126	851
PA|PP755594.1|A/cattle/Texas/24-008749-003/2024(H5N1)	127	915
PA|PP755594.1|A/cattle/Texas/24-008749-003/2024(H5N1)	128	933
PA|PP755594.1|A/cattle/Texas/24-008749-003/2024(H5N1)	129	939
PA|PP755594.1|A/cattle/Texas/24-008749-003/2024(H5N1)	130	940
PA|PP755594.1|A/cattle/Texas/24-008749-003/2024(H5N1)	131	934
PA|PP755594.1|A/cattle/Texas/24-008749-003/2024(H5N1)	132	795
PA|PP755594.1|A/cattle/Texas/24-008749-003/2024(H5N1)	133	795
PA|PP755594.1|A/cattle/Texas/24-008749-003/2024(H5N1)	134	824
PA|PP755594.1|A/cattle/Texas/24-008749-003/2024(H5N1)	135	825
PA|PP755594.1|A/cattle/Texas/24-008749-003/2024(H5N1)	136	801
PA|PP755594.1|A/cattle/Texas/24-008749-003/2024(H5N1)	137	801
PA|PP755594.1|A/cattle/Texas/24-008749-003/2024(H5N1)	138	778
PA|PP755594.1|A/cattle/Texas/24-008749-003/2024(H5N1)	139	778
PA|PP755594.1|A/cattle/Texas/24-008749-003/2024(H5N1)	140	797
PA|PP755594.1|A/cattle/Texas/24-008749-003/2024(H5N1)	141	802
PA|PP755594.1|A/cattle/Texas/24-008749-003/2024(H5N1)	142	796
PA|PP755594.1|A/cattle/Texas/24-008749-003/2024(H5N1)	143	790
PA|PP755594.1|A/cattle/Texas/24-008749-003/2024(H5N1)	144	763
PA|PP755594.1|A/cattle/Texas/24-008749-003/2024(H5N1)	145	758
PA|PP755594.1|A/cattle/Texas/24-008749-003/2024(H5N1)	146	758
PA|PP755594.1|A/cattle/Texas/24-008749-003/2024(H5N1)	147	757
PA|PP755594.1|A/cattle/Texas/24-008749-003/2024(H5N1)	148	763
PA|PP755594.1|A/cattle/Texas/24-008749-003/2024(H5N1)	149	764
PA|PP755594.1|A/cattle/Texas/24-008749-003/2024(H5N1)	150	759
PA|PP755594.1|A/cattle/Texas/24-008749-003/2024(H5N1)	151	759
PA|PP755594.1|A/cattle/Texas/24-008749-003/2024(H5N1)	152	739
PA|PP755594.1|A/cattle/Texas/24-008749-003/2024(H5N1)	153	740
PA|PP755594.1|A/cattle/Texas/24-008749-003/2024(H5N1)	154	740
PA|PP755594.1|A/cattle/Texas/24-008749-003/2024(H5N1)	155	738
PA|PP755594.1|A/cattle/Texas/24-008749-003/2024(H5N1)	156	738
PA|PP755594.1|A/cattle/Texas/24-008749-003/2024(H5N1)	157	736
PA|PP755594.1|A/cattle/Texas/24-008749-003/2024(H5N1)	158	731
PA|PP755594.1|A/cattle/Texas/24-008749-003/2024(H5N1)	159	607
PA|PP755594.1|A/cattle/Texas/24-008749-003/2024(H5N1)	160	608
PA|PP755594.1|A/cattle/Texas/24-008749-003/2024(H5N1)	161	608
PA|PP755594.1|A/cattle/Texas/24-008749-003/2024(H5N1)	162	601
PA|PP755594.1|A/cattle/Texas/24-008749-003/2024(H5N1)	163	608
PA|PP755594.1|A/cattle/Texas/24-008749-003/2024(H5N1)	164	617
PA|PP755594.1|A/cattle/Texas/24-008749-003/2024(H5N1)	165	627
PA|PP755594.1|A/cattle/Texas/24-008749-003/2024(H5N1)	166	645
PA|PP755594.1|A/cattle/Texas/24-008749-003/2024(H5N1)	167	646
PA|PP755594.1|A/cattle/Texas/24-008749-003/2024(H5N1)	168	646
PA|PP755594.1|A/cattle/Texas/24-008749-003/2024(H5N1)	169	646
PA|PP755594.1|A/cattle/Texas/24-008749-003/2024(H5N1)	170	644
PA|PP755594.1|A/cattle/Texas/24-008749-003/2024(H5N1)	171	652
PA|PP755594.1|A/cattle/Texas/24-008749-003/2024(H5N1)	172	653
PA|PP755594.1|A/cattle/Texas/24-008749-003/2024(H5N1)	173	655
PA|PP755594.1|A/cattle/Texas/24-008749-003/2024(H5N1)	174	659
PA|PP755594.1|A/cattle/Texas/24-008749-003/2024(H5N1)	175	658
PA|PP755594.1|A/cattle/Texas/24-008749-003/2024(H5N1)	176	665
PA|PP755594.1|A/cattle/Texas/24-008749-003/2024(H5N1)	177	668
PA|PP755594.1|A/cattle/Texas/24-008749-003/2024(H5N1)	178	668
PA|PP755594.1|A/cattle/Texas/24-008749-003/2024(H5N1)	179	650
PA|PP755594.1|A/cattle/Texas/24-008749-003/2024(H5N1)	180	653
PA|PP755594.1|A/cattle/Texas/24-008749-003/2024(H5N1)	181	653
PA|PP755594.1|A/cattle/Texas/24-008749-003/2024(H5N1)	182	656
PA|PP755594.1|A/cattle/Texas/24-008749-003/2024(H5N1)	183	656
PA|PP755594.1|A/cattle/Texas/24-008749-003/2024(H5N1)	184	655
PA|PP755594.1|A/cattle/Texas/24-008749-003/2024(H5N1)	185	665
PA|PP755594.1|A/cattle/Texas/24-008749-003/2024(H5N1)	186	659
PA|PP755594.1|A/cattle/Texas/24-008749-003/2024(H5N1)	187	658
PA|PP755594.1|A/cattle/Texas/24-008749-003/2024(H5N1)	188	653
PA|PP755594.1|A/cattle/Texas/24-008749-003/2024(H5N1)	189	651
PA|PP755594.1|A/cattle/Texas/24-008749-003/2024(H5N1)	190	651
PA|PP755594.1|A/cattle/Texas/24-008749-003/2024(H5N1)	191	670
PA|PP755594.1|A/cattle/Texas/24-008749-003/2024(H5N1)	192	673
PA|PP755594.1|A/cattle/Texas/24-008749-003/2024(H5N1)	193	672
PA|PP755594.1|A/cattle/Texas/24-008749-003/2024(H5N1)	194	664
PA|PP755594.1|A/cattle/Texas/24-008749-003/2024(H5N1)	195	669
PA|PP755594.1|A/cattle/Texas/24-008749-003/2024(H5N1)	196	670
PA|PP755594.1|A/cattle/Texas/24-008749-003/2024(H5N1)	197	669
PA|PP755594.1|A/cattle/Texas/24-008749-003/2024(H5N1)	198	668
PA|PP755594.1|A/cattle/Texas/24-008749-003/2024(H5N1)	199	667
PA|PP755594.1|A/cattle/Texas/24-008749-003/2024(H5N1)	200	664
PA|PP755594.1|A/cattle/Texas/24-008749-003/2024(H5N1)	201	667
PA|PP755594.1|A/cattle/Texas/24-008749-003/2024(H5N1)	202	665
PA|PP755594.1|A/cattle/Texas/24-008749-003/2024(H5N1)	203	664
PA|PP755594.1|A/cattle/Texas/24-008749-003/2024(H5N1)	204	664
PA|PP755594.1|A/cattle/Texas/24-008749-003/2024(H5N1)	205	664
PA|PP755594.1|A/cattle/Texas/24-008749-003/2024(H5N1)	206	664
PA|PP755594.1|A/cattle/Texas/24-008749-003/2024(H5N1)	207	663
PA|PP755594.1|A/cattle/Texas/24-008749-003/2024(H5N1)	208	657
PA|PP755594.1|A/cattle/Texas/24-008749-003/2024(H5N1)	209	656
PA|PP755594.1|A/cattle/Texas/24-008749-003/2024(H5N1)	210	651
PA|PP755594.1|A/cattle/Texas/24-008749-003/2024(H5N1)	211	585
PA|PP755594.1|A/cattle/Texas/24-008749-003/2024(H5N1)	212	579
PA|PP755594.1|A/cattle/Texas/24-008749-003/2024(H5N1)	213	578
PA|PP755594.1|A/cattle/Texas/24-008749-003/2024(H5N1)	214	569
PA|PP755594.1|A/cattle/Texas/24-008749-003/2024(H5N1)	215	569
PA|PP755594.1|A/cattle/Texas/24-008749-003/2024(H5N1)	216	569
PA|PP755594.1|A/cattle/Texas/24-008749-003/2024(H5N1)	217	568
PA|PP755594.1|A/cattle/Texas/24-008749-003/2024(H5N1)	218	556
PA|PP755594.1|A/cattle/Texas/24-008749-003/2024(H5N1)	219	556
PA|PP755594.1|A/cattle/Texas/24-008749-003/2024(H5N1)	220	556
PA|PP755594.1|A/cattle/Texas/24-008749-003/2024(H5N1)	221	556
PA|PP755594.1|A/cattle/Texas/24-008749-003/2024(H5N1)	222	551
PA|PP755594.1|A/cattle/Texas/24-008749-003/2024(H5N1)	223	641
PA|PP755594.1|A/cattle/Texas/24-008749-003/2024(H5N1)	224	645
PA|PP755594.1|A/cattle/Texas/24-008749-003/2024(H5N1)	225	655
PA|PP755594.1|A/cattle/Texas/24-008749-003/2024(H5N1)	226	674
PA|PP755594.1|A/cattle/Texas/24-008749-003/2024(H5N1)	227	674
PA|PP755594.1|A/cattle/Texas/24-008749-003/2024(H5N1)	228	674
PA|PP755594.1|A/cattle/Texas/24-008749-003/2024(H5N1)	229	674
PA|PP755594.1|A/cattle/Texas/24-008749-003/2024(H5N1)	230	674
PA|PP755594.1|A/cattle/Texas/24-008749-003/2024(H5N1)	231	674
PA|PP755594.1|A/cattle/Texas/24-008749-003/2024(H5N1)	232	673
PA|PP755594.1|A/cattle/Texas/24-008749-003/2024(H5N1)	233	668
PA|PP755594.1|A/cattle/Texas/24-008749-003/2024(H5N1)	234	664
PA|PP755594.1|A/cattle/Texas/24-008749-003/2024(H5N1)	235	662
PA|PP755594.1|A/cattle/Texas/24-008749-003/2024(H5N1)	236	662
PA|PP755594.1|A/cattle/Texas/24-008749-003/2024(H5N1)	237	656
PA|PP755594.1|A/cattle/Texas/24-008749-003/2024(H5N1)	238	653
PA|PP755594.1|A/cattle/Texas/24-008749-003/2024(H5N1)	239	650
PA|PP755594.1|A/cattle/Texas/24-008749-003/2024(H5N1)	240	650
PA|PP755594.1|A/cattle/Texas/24-008749-003/2024(H5N1)	241	650
PA|PP755594.1|A/cattle/Texas/24-008749-003/2024(H5N1)	242	646
PA|PP755594.1|A/cattle/Texas/24-008749-003/2024(H5N1)	243	639
PA|PP755594.1|A/cattle/Texas/24-008749-003/2024(H5N1)	244	633
PA|PP755594.1|A/cattle/Texas/24-008749-003/2024(H5N1)	245	626
PA|PP755594.1|A/cattle/Texas/24-008749-003/2024(H5N1)	246	617
PA|PP755594.1|A/cattle/Texas/24-008749-003/2024(H5N1)	247	616
PA|PP755594.1|A/cattle/Texas/24-008749-003/2024(H5N1)	248	610
PA|PP755594.1|A/cattle/Texas/24-008749-003/2024(H5N1)	249	550
PA|PP755594.1|A/cattle/Texas/24-008749-003/2024(H5N1)	250	543
PA|PP755594.1|A/cattle/Texas/24-008749-003/2024(H5N1)	251	544
PA|PP755594.1|A/cattle/Texas/24-008749-003/2024(H5N1)	252	544
PA|PP755594.1|A/cattle/Texas/24-008749-003/2024(H5N1)	253	544
PA|PP755594.1|A/cattle/Texas/24-008749-003/2024(H5N1)	254	692
PA|PP755594.1|A/cattle/Texas/24-008749-003/2024(H5N1)	255	694
PA|PP755594.1|A/cattle/Texas/24-008749-003/2024(H5N1)	256	694
PA|PP755594.1|A/cattle/Texas/24-008749-003/2024(H5N1)	257	694
PA|PP755594.1|A/cattle/Texas/24-008749-003/2024(H5N1)	258	716
PA|PP755594.1|A/cattle/Texas/24-008749-003/2024(H5N1)	259	721
PA|PP755594.1|A/cattle/Texas/24-008749-003/2024(H5N1)	260	681
PA|PP755594.1|A/cattle/Texas/24-008749-003/2024(H5N1)	261	667
PA|PP755594.1|A/cattle/Texas/24-008749-003/2024(H5N1)	262	659
PA|PP755594.1|A/cattle/Texas/24-008749-003/2024(H5N1)	263	662
PA|PP755594.1|A/cattle/Texas/24-008749-003/2024(H5N1)	264	662
PA|PP755594.1|A/cattle/Texas/24-008749-003/2024(H5N1)	265	654
PA|PP755594.1|A/cattle/Texas/24-008749-003/2024(H5N1)	266	651
PA|PP755594.1|A/cattle/Texas/24-008749-003/2024(H5N1)	267	620
PA|PP755594.1|A/cattle/Texas/24-008749-003/2024(H5N1)	268	620
PA|PP755594.1|A/cattle/Texas/24-008749-003/2024(H5N1)	269	619
PA|PP755594.1|A/cattle/Texas/24-008749-003/2024(H5N1)	270	615
PA|PP755594.1|A/cattle/Texas/24-008749-003/2024(H5N1)	271	615
PA|PP755594.1|A/cattle/Texas/24-008749-003/2024(H5N1)	272	590
PA|PP755594.1|A/cattle/Texas/24-008749-003/2024(H5N1)	273	585
PA|PP755594.1|A/cattle/Texas/24-008749-003/2024(H5N1)	274	613
PA|PP755594.1|A/cattle/Texas/24-008749-003/2024(H5N1)	275	609
PA|PP755594.1|A/cattle/Texas/24-008749-003/2024(H5N1)	276	609
PA|PP755594.1|A/cattle/Texas/24-008749-003/2024(H5N1)	277	592
PA|PP755594.1|A/cattle/Texas/24-008749-003/2024(H5N1)	278	591
PA|PP755594.1|A/cattle/Texas/24-008749-003/2024(H5N1)	279	568
PA|PP755594.1|A/cattle/Texas/24-008749-003/2024(H5N1)	280	569
PA|PP755594.1|A/cattle/Texas/24-008749-003/2024(H5N1)	281	568
PA|PP755594.1|A/cattle/Texas/24-008749-003/2024(H5N1)	282	535
PA|PP755594.1|A/cattle/Texas/24-008749-003/2024(H5N1)	283	535
PA|PP755594.1|A/cattle/Texas/24-008749-003/2024(H5N1)	284	535
PA|PP755594.1|A/cattle/Texas/24-008749-003/2024(H5N1)	285	532
PA|PP755594.1|A/cattle/Texas/24-008749-003/2024(H5N1)	286	532
PA|PP755594.1|A/cattle/Texas/24-008749-003/2024(H5N1)	287	531
PA|PP755594.1|A/cattle/Texas/24-008749-003/2024(H5N1)	288	523
PA|PP755594.1|A/cattle/Texas/24-008749-003/2024(H5N1)	289	522
PA|PP755594.1|A/cattle/Texas/24-008749-003/2024(H5N1)	290	522
PA|PP755594.1|A/cattle/Texas/24-008749-003/2024(H5N1)	291	487
PA|PP755594.1|A/cattle/Texas/24-008749-003/2024(H5N1)	292	486
PA|PP755594.1|A/cattle/Texas/24-008749-003/2024(H5N1)	293	482
PA|PP755594.1|A/cattle/Texas/24-008749-003/2024(H5N1)	294	444
PA|PP755594.1|A/cattle/Texas/24-008749-003/2024(H5N1)	295	444
PA|PP755594.1|A/cattle/Texas/24-008749-003/2024(H5N1)	296	443
PA|PP755594.1|A/cattle/Texas/24-008749-003/2024(H5N1)	297	443
PA|PP755594.1|A/cattle/Texas/24-008749-003/2024(H5N1)	298	444
PA|PP755594.1|A/cattle/Texas/24-008749-003/2024(H5N1)	299	444
PA|PP755594.1|A/cattle/Texas/24-008749-003/2024(H5N1)	300	444
PA|PP755594.1|A/cattle/Texas/24-008749-003/2024(H5N1)	301	444
PA|PP755594.1|A/cattle/Texas/24-008749-003/2024(H5N1)	302	444
PA|PP755594.1|A/cattle/Texas/24-008749-003/2024(H5N1)	303	444
PA|PP755594.1|A/cattle/Texas/24-008749-003/2024(H5N1)	304	445
PA|PP755594.1|A/cattle/Texas/24-008749-003/2024(H5N1)	305	445
PA|PP755594.1|A/cattle/Texas/24-008749-003/2024(H5N1)	306	445
PA|PP755594.1|A/cattle/Texas/24-008749-003/2024(H5N1)	307	445
PA|PP755594.1|A/cattle/Texas/24-008749-003/2024(H5N1)	308	445
PA|PP755594.1|A/cattle/Texas/24-008749-003/2024(H5N1)	309	445
PA|PP755594.1|A/cattle/Texas/24-008749-003/2024(H5N1)	310	445
PA|PP755594.1|A/cattle/Texas/24-008749-003/2024(H5N1)	311	444
PA|PP755594.1|A/cattle/Texas/24-008749-003/2024(H5N1)	312	438
PA|PP755594.1|A/cattle/Texas/24-008749-003/2024(H5N1)	313	443
PA|PP755594.1|A/cattle/Texas/24-008749-003/2024(H5N1)	314	443
PA|PP755594.1|A/cattle/Texas/24-008749-003/2024(H5N1)	315	438
PA|PP755594.1|A/cattle/Texas/24-008749-003/2024(H5N1)	316	422
PA|PP755594.1|A/cattle/Texas/24-008749-003/2024(H5N1)	317	422
PA|PP755594.1|A/cattle/Texas/24-008749-003/2024(H5N1)	318	422
PA|PP755594.1|A/cattle/Texas/24-008749-003/2024(H5N1)	319	423
PA|PP755594.1|A/cattle/Texas/24-008749-003/2024(H5N1)	320	417
PA|PP755594.1|A/cattle/Texas/24-008749-003/2024(H5N1)	321	415
PA|PP755594.1|A/cattle/Texas/24-008749-003/2024(H5N1)	322	415
PA|PP755594.1|A/cattle/Texas/24-008749-003/2024(H5N1)	323	415
PA|PP755594.1|A/cattle/Texas/24-008749-003/2024(H5N1)	324	413
PA|PP755594.1|A/cattle/Texas/24-008749-003/2024(H5N1)	325	413
PA|PP755594.1|A/cattle/Texas/24-008749-003/2024(H5N1)	326	409
PA|PP755594.1|A/cattle/Texas/24-008749-003/2024(H5N1)	327	406
PA|PP755594.1|A/cattle/Texas/24-008749-003/2024(H5N1)	328	403
PA|PP755594.1|A/cattle/Texas/24-008749-003/2024(H5N1)	329	403
PA|PP755594.1|A/cattle/Texas/24-008749-003/2024(H5N1)	330	403
PA|PP755594.1|A/cattle/Texas/24-008749-003/2024(H5N1)	331	397
PA|PP755594.1|A/cattle/Texas/24-008749-003/2024(H5N1)	332	397
PA|PP755594.1|A/cattle/Texas/24-008749-003/2024(H5N1)	333	340
PA|PP755594.1|A/cattle/Texas/24-008749-003/2024(H5N1)	334	340
PA|PP755594.1|A/cattle/Texas/24-008749-003/2024(H5N1)	335	339
PA|PP755594.1|A/cattle/Texas/24-008749-003/2024(H5N1)	336	329
PA|PP755594.1|A/cattle/Texas/24-008749-003/2024(H5N1)	337	329
PA|PP755594.1|A/cattle/Texas/24-008749-003/2024(H5N1)	338	328
PA|PP755594.1|A/cattle/Texas/24-008749-003/2024(H5N1)	339	328
PA|PP755594.1|A/cattle/Texas/24-008749-003/2024(H5N1)	340	328
PA|PP755594.1|A/cattle/Texas/24-008749-003/2024(H5N1)	341	328
PA|PP755594.1|A/cattle/Texas/24-008749-003/2024(H5N1)	342	328
PA|PP755594.1|A/cattle/Texas/24-008749-003/2024(H5N1)	343	328
PA|PP755594.1|A/cattle/Texas/24-008749-003/2024(H5N1)	344	328
PA|PP755594.1|A/cattle/Texas/24-008749-003/2024(H5N1)	345	328
PA|PP755594.1|A/cattle/Texas/24-008749-003/2024(H5N1)	346	328
PA|PP755594.1|A/cattle/Texas/24-008749-003/2024(H5N1)	347	328
PA|PP755594.1|A/cattle/Texas/24-008749-003/2024(H5N1)	348	328
PA|PP755594.1|A/cattle/Texas/24-008749-003/2024(H5N1)	349	328
PA|PP755594.1|A/cattle/Texas/24-008749-003/2024(H5N1)	350	328
PA|PP755594.1|A/cattle/Texas/24-008749-003/2024(H5N1)	351	328
PA|PP755594.1|A/cattle/Texas/24-008749-003/2024(H5N1)	352	328
PA|PP755594.1|A/cattle/Texas/24-008749-003/2024(H5N1)	353	328
PA|PP755594.1|A/cattle/Texas/24-008749-003/2024(H5N1)	354	324
PA|PP755594.1|A/cattle/Texas/24-008749-003/2024(H5N1)	355	323
PA|PP755594.1|A/cattle/Texas/24-008749-003/2024(H5N1)	356	320
PA|PP755594.1|A/cattle/Texas/24-008749-003/2024(H5N1)	357	275
PA|PP755594.1|A/cattle/Texas/24-008749-003/2024(H5N1)	358	275
PA|PP755594.1|A/cattle/Texas/24-008749-003/2024(H5N1)	359	275
PA|PP755594.1|A/cattle/Texas/24-008749-003/2024(H5N1)	360	275
PA|PP755594.1|A/cattle/Texas/24-008749-003/2024(H5N1)	361	275
PA|PP755594.1|A/cattle/Texas/24-008749-003/2024(H5N1)	362	275
PA|PP755594.1|A/cattle/Texas/24-008749-003/2024(H5N1)	363	274
PA|PP755594.1|A/cattle/Texas/24-008749-003/2024(H5N1)	364	270
PA|PP755594.1|A/cattle/Texas/24-008749-003/2024(H5N1)	365	255
PA|PP755594.1|A/cattle/Texas/24-008749-003/2024(H5N1)	366	4
PA|PP755594.1|A/cattle/Texas/24-008749-003/2024(H5N1)	367	4
PA|PP755594.1|A/cattle/Texas/24-008749-003/2024(H5N1)	368	4
PA|PP755594.1|A/cattle/Texas/24-008749-003/2024(H5N1)	369	4
PA|PP755594.1|A/cattle/Texas/24-008749-003/2024(H5N1)	370	4
PA|PP755594.1|A/cattle/Texas/24-008749-003/2024(H5N1)	371	4
PA|PP755594.1|A/cattle/Texas/24-008749-003/2024(H5N1)	372	4
PA|PP755594.1|A/cattle/Texas/24-008749-003/2024(H5N1)	373	4
PA|PP755594.1|A/cattle/Texas/24-008749-003/2024(H5N1)	374	4
PA|PP755594.1|A/cattle/Texas/24-008749-003/2024(H5N1)	375	4
PA|PP755594.1|A/cattle/Texas/24-008749-003/2024(H5N1)	376	4
PA|PP755594.1|A/cattle/Texas/24-008749-003/2024(H5N1)	377	4
PA|PP755594.1|A/cattle/Texas/24-008749-003/2024(H5N1)	378	4
PA|PP755594.1|A/cattle/Texas/24-008749-003/2024(H5N1)	379	4
PA|PP755594.1|A/cattle/Texas/24-008749-003/2024(H5N1)	380	4
PA|PP755594.1|A/cattle/Texas/24-008749-003/2024(H5N1)	381	4
PA|PP755594.1|A/cattle/Texas/24-008749-003/2024(H5N1)	382	4
PA|PP755594.1|A/cattle/Texas/24-008749-003/2024(H5N1)	383	4
PA|PP755594.1|A/cattle/Texas/24-008749-003/2024(H5N1)	384	4
PA|PP755594.1|A/cattle/Texas/24-008749-003/2024(H5N1)	385	4
PA|PP755594.1|A/cattle/Texas/24-008749-003/2024(H5N1)	386	4
PA|PP755594.1|A/cattle/Texas/24-008749-003/2024(H5N1)	387	4
PA|PP755594.1|A/cattle/Texas/24-008749-003/2024(H5N1)	388	4
PA|PP755594.1|A/cattle/Texas/24-008749-003/2024(H5N1)	389	4
PA|PP755594.1|A/cattle/Texas/24-008749-003/2024(H5N1)	390	4
PA|PP755594.1|A/cattle/Texas/24-008749-003/2024(H5N1)	391	4
PA|PP755594.1|A/cattle/Texas/24-008749-003/2024(H5N1)	392	4
PA|PP755594.1|A/cattle/Texas/24-008749-003/2024(H5N1)	393	4
PA|PP755594.1|A/cattle/Texas/24-008749-003/2024(H5N1)	394	4
PA|PP755594.1|A/cattle/Texas/24-008749-003/2024(H5N1)	395	4
PA|PP755594.1|A/cattle/Texas/24-008749-003/2024(H5N1)	396	4
PA|PP755594.1|A/cattle/Texas/24-008749-003/2024(H5N1)	397	6
PA|PP755594.1|A/cattle/Texas/24-008749-003/2024(H5N1)	398	9
PA|PP755594.1|A/cattle/Texas/24-008749-003/2024(H5N1)	399	9
PA|PP755594.1|A/cattle/Texas/24-008749-003/2024(H5N1)	400	655
PA|PP755594.1|A/cattle/Texas/24-008749-003/2024(H5N1)	401	656
PA|PP755594.1|A/cattle/Texas/24-008749-003/2024(H5N1)	402	657
PA|PP755594.1|A/cattle/Texas/24-008749-003/2024(H5N1)	403	658
PA|PP755594.1|A/cattle/Texas/24-008749-003/2024(H5N1)	404	665
PA|PP755594.1|A/cattle/Texas/24-008749-003/2024(H5N1)	405	667
PA|PP755594.1|A/cattle/Texas/24-008749-003/2024(H5N1)	406	668
PA|PP755594.1|A/cattle/Texas/24-008749-003/2024(H5N1)	407	674
PA|PP755594.1|A/cattle/Texas/24-008749-003/2024(H5N1)	408	674
PA|PP755594.1|A/cattle/Texas/24-008749-003/2024(H5N1)	409	686
PA|PP755594.1|A/cattle/Texas/24-008749-003/2024(H5N1)	410	686
PA|PP755594.1|A/cattle/Texas/24-008749-003/2024(H5N1)	411	692
PA|PP755594.1|A/cattle/Texas/24-008749-003/2024(H5N1)	412	693
PA|PP755594.1|A/cattle/Texas/24-008749-003/2024(H5N1)	413	694
PA|PP755594.1|A/cattle/Texas/24-008749-003/2024(H5N1)	414	734
PA|PP755594.1|A/cattle/Texas/24-008749-003/2024(H5N1)	415	750
PA|PP755594.1|A/cattle/Texas/24-008749-003/2024(H5N1)	416	750
PA|PP755594.1|A/cattle/Texas/24-008749-003/2024(H5N1)	417	751
PA|PP755594.1|A/cattle/Texas/24-008749-003/2024(H5N1)	418	751
PA|PP755594.1|A/cattle/Texas/24-008749-003/2024(H5N1)	419	748
PA|PP755594.1|A/cattle/Texas/24-008749-003/2024(H5N1)	420	706
PA|PP755594.1|A/cattle/Texas/24-008749-003/2024(H5N1)	421	706
PA|PP755594.1|A/cattle/Texas/24-008749-003/2024(H5N1)	422	707
PA|PP755594.1|A/cattle/Texas/24-008749-003/2024(H5N1)	423	710
PA|PP755594.1|A/cattle/Texas/24-008749-003/2024(H5N1)	424	711
PA|PP755594.1|A/cattle/Texas/24-008749-003/2024(H5N1)	425	712
PA|PP755594.1|A/cattle/Texas/24-008749-003/2024(H5N1)	426	709
PA|PP755594.1|A/cattle/Texas/24-008749-003/2024(H5N1)	427	727
PA|PP755594.1|A/cattle/Texas/24-008749-003/2024(H5N1)	428	728
PA|PP755594.1|A/cattle/Texas/24-008749-003/2024(H5N1)	429	727
PA|PP755594.1|A/cattle/Texas/24-008749-003/2024(H5N1)	430	731
PA|PP755594.1|A/cattle/Texas/24-008749-003/2024(H5N1)	431	727
PA|PP755594.1|A/cattle/Texas/24-008749-003/2024(H5N1)	432	686
PA|PP755594.1|A/cattle/Texas/24-008749-003/2024(H5N1)	433	691
PA|PP755594.1|A/cattle/Texas/24-008749-003/2024(H5N1)	434	692
PA|PP755594.1|A/cattle/Texas/24-008749-003/2024(H5N1)	435	693
PA|PP755594.1|A/cattle/Texas/24-008749-003/2024(H5N1)	436	734
PA|PP755594.1|A/cattle/Texas/24-008749-003/2024(H5N1)	437	752
PA|PP755594.1|A/cattle/Texas/24-008749-003/2024(H5N1)	438	749
PA|PP755594.1|A/cattle/Texas/24-008749-003/2024(H5N1)	439	747
PA|PP755594.1|A/cattle/Texas/24-008749-003/2024(H5N1)	440	751
PA|PP755594.1|A/cattle/Texas/24-008749-003/2024(H5N1)	441	708
PA|PP755594.1|A/cattle/Texas/24-008749-003/2024(H5N1)	442	710
PA|PP755594.1|A/cattle/Texas/24-008749-003/2024(H5N1)	443	706
PA|PP755594.1|A/cattle/Texas/24-008749-003/2024(H5N1)	444	706
PA|PP755594.1|A/cattle/Texas/24-008749-003/2024(H5N1)	445	707
PA|PP755594.1|A/cattle/Texas/24-008749-003/2024(H5N1)	446	721
PA|PP755594.1|A/cattle/Texas/24-008749-003/2024(H5N1)	447	728
PA|PP755594.1|A/cattle/Texas/24-008749-003/2024(H5N1)	448	728
PA|PP755594.1|A/cattle/Texas/24-008749-003/2024(H5N1)	449	722
PA|PP755594.1|A/cattle/Texas/24-008749-003/2024(H5N1)	450	708
PA|PP755594.1|A/cattle/Texas/24-008749-003/2024(H5N1)	451	706
PA|PP755594.1|A/cattle/Texas/24-008749-003/2024(H5N1)	452	707
PA|PP755594.1|A/cattle/Texas/24-008749-003/2024(H5N1)	453	702
PA|PP755594.1|A/cattle/Texas/24-008749-003/2024(H5N1)	454	705
PA|PP755594.1|A/cattle/Texas/24-008749-003/2024(H5N1)	455	711
PA|PP755594.1|A/cattle/Texas/24-008749-003/2024(H5N1)	456	698
PA|PP755594.1|A/cattle/Texas/24-008749-003/2024(H5N1)	457	690
PA|PP755594.1|A/cattle/Texas/24-008749-003/2024(H5N1)	458	675
PA|PP755594.1|A/cattle/Texas/24-008749-003/2024(H5N1)	459	674
PA|PP755594.1|A/cattle/Texas/24-008749-003/2024(H5N1)	460	698
PA|PP755594.1|A/cattle/Texas/24-008749-003/2024(H5N1)	461	699
PA|PP755594.1|A/cattle/Texas/24-008749-003/2024(H5N1)	462	698
PA|PP755594.1|A/cattle/Texas/24-008749-003/2024(H5N1)	463	685
PA|PP755594.1|A/cattle/Texas/24-008749-003/2024(H5N1)	464	682
PA|PP755594.1|A/cattle/Texas/24-008749-003/2024(H5N1)	465	682
PA|PP755594.1|A/cattle/Texas/24-008749-003/2024(H5N1)	466	680
PA|PP755594.1|A/cattle/Texas/24-008749-003/2024(H5N1)	467	679
PA|PP755594.1|A/cattle/Texas/24-008749-003/2024(H5N1)	468	675
PA|PP755594.1|A/cattle/Texas/24-008749-003/2024(H5N1)	469	673
PA|PP755594.1|A/cattle/Texas/24-008749-003/2024(H5N1)	470	673
PA|PP755594.1|A/cattle/Texas/24-008749-003/2024(H5N1)	471	624
PA|PP755594.1|A/cattle/Texas/24-008749-003/2024(H5N1)	472	624
PA|PP755594.1|A/cattle/Texas/24-008749-003/2024(H5N1)	473	620
PA|PP755594.1|A/cattle/Texas/24-008749-003/2024(H5N1)	474	620
PA|PP755594.1|A/cattle/Texas/24-008749-003/2024(H5N1)	475	620
PA|PP755594.1|A/cattle/Texas/24-008749-003/2024(H5N1)	476	620
PA|PP755594.1|A/cattle/Texas/24-008749-003/2024(H5N1)	477	626
PA|PP755594.1|A/cattle/Texas/24-008749-003/2024(H5N1)	478	703
PA|PP755594.1|A/cattle/Texas/24-008749-003/2024(H5N1)	479	725
PA|PP755594.1|A/cattle/Texas/24-008749-003/2024(H5N1)	480	729
PA|PP755594.1|A/cattle/Texas/24-008749-003/2024(H5N1)	481	730
PA|PP755594.1|A/cattle/Texas/24-008749-003/2024(H5N1)	482	733
PA|PP755594.1|A/cattle/Texas/24-008749-003/2024(H5N1)	483	733
PA|PP755594.1|A/cattle/Texas/24-008749-003/2024(H5N1)	484	735
PA|PP755594.1|A/cattle/Texas/24-008749-003/2024(H5N1)	485	746
PA|PP755594.1|A/cattle/Texas/24-008749-003/2024(H5N1)	486	746
PA|PP755594.1|A/cattle/Texas/24-008749-003/2024(H5N1)	487	710
PA|PP755594.1|A/cattle/Texas/24-008749-003/2024(H5N1)	488	706
PA|PP755594.1|A/cattle/Texas/24-008749-003/2024(H5N1)	489	705
PA|PP755594.1|A/cattle/Texas/24-008749-003/2024(H5N1)	490	703
PA|PP755594.1|A/cattle/Texas/24-008749-003/2024(H5N1)	491	696
PA|PP755594.1|A/cattle/Texas/24-008749-003/2024(H5N1)	492	681
PA|PP755594.1|A/cattle/Texas/24-008749-003/2024(H5N1)	493	682
PA|PP755594.1|A/cattle/Texas/24-008749-003/2024(H5N1)	494	672
PA|PP755594.1|A/cattle/Texas/24-008749-003/2024(H5N1)	495	672
PA|PP755594.1|A/cattle/Texas/24-008749-003/2024(H5N1)	496	673
PA|PP755594.1|A/cattle/Texas/24-008749-003/2024(H5N1)	497	684
PA|PP755594.1|A/cattle/Texas/24-008749-003/2024(H5N1)	498	689
PA|PP755594.1|A/cattle/Texas/24-008749-003/2024(H5N1)	499	711
PA|PP755594.1|A/cattle/Texas/24-008749-003/2024(H5N1)	500	715
PA|PP755594.1|A/cattle/Texas/24-008749-003/2024(H5N1)	501	715
PA|PP755594.1|A/cattle/Texas/24-008749-003/2024(H5N1)	502	715
PA|PP755594.1|A/cattle/Texas/24-008749-003/2024(H5N1)	503	725
PA|PP755594.1|A/cattle/Texas/24-008749-003/2024(H5N1)	504	722
PA|PP755594.1|A/cattle/Texas/24-008749-003/2024(H5N1)	505	725
PA|PP755594.1|A/cattle/Texas/24-008749-003/2024(H5N1)	506	722
PA|PP755594.1|A/cattle/Texas/24-008749-003/2024(H5N1)	507	722
PA|PP755594.1|A/cattle/Texas/24-008749-003/2024(H5N1)	508	718
PA|PP755594.1|A/cattle/Texas/24-008749-003/2024(H5N1)	509	716
PA|PP755594.1|A/cattle/Texas/24-008749-003/2024(H5N1)	510	711
PA|PP755594.1|A/cattle/Texas/24-008749-003/2024(H5N1)	511	722
PA|PP755594.1|A/cattle/Texas/24-008749-003/2024(H5N1)	512	712
PA|PP755594.1|A/cattle/Texas/24-008749-003/2024(H5N1)	513	699
PA|PP755594.1|A/cattle/Texas/24-008749-003/2024(H5N1)	514	759
PA|PP755594.1|A/cattle/Texas/24-008749-003/2024(H5N1)	515	759
PA|PP755594.1|A/cattle/Texas/24-008749-003/2024(H5N1)	516	762
PA|PP755594.1|A/cattle/Texas/24-008749-003/2024(H5N1)	517	760
PA|PP755594.1|A/cattle/Texas/24-008749-003/2024(H5N1)	518	746
PA|PP755594.1|A/cattle/Texas/24-008749-003/2024(H5N1)	519	737
PA|PP755594.1|A/cattle/Texas/24-008749-003/2024(H5N1)	520	738
PA|PP755594.1|A/cattle/Texas/24-008749-003/2024(H5N1)	521	735
PA|PP755594.1|A/cattle/Texas/24-008749-003/2024(H5N1)	522	723
PA|PP755594.1|A/cattle/Texas/24-008749-003/2024(H5N1)	523	720
PA|PP755594.1|A/cattle/Texas/24-008749-003/2024(H5N1)	524	713
PA|PP755594.1|A/cattle/Texas/24-008749-003/2024(H5N1)	525	732
PA|PP755594.1|A/cattle/Texas/24-008749-003/2024(H5N1)	526	766
PA|PP755594.1|A/cattle/Texas/24-008749-003/2024(H5N1)	527	770
PA|PP755594.1|A/cattle/Texas/24-008749-003/2024(H5N1)	528	758
PA|PP755594.1|A/cattle/Texas/24-008749-003/2024(H5N1)	529	753
PA|PP755594.1|A/cattle/Texas/24-008749-003/2024(H5N1)	530	772
PA|PP755594.1|A/cattle/Texas/24-008749-003/2024(H5N1)	531	767
PA|PP755594.1|A/cattle/Texas/24-008749-003/2024(H5N1)	532	770
PA|PP755594.1|A/cattle/Texas/24-008749-003/2024(H5N1)	533	769
PA|PP755594.1|A/cattle/Texas/24-008749-003/2024(H5N1)	534	756
PA|PP755594.1|A/cattle/Texas/24-008749-003/2024(H5N1)	535	757
PA|PP755594.1|A/cattle/Texas/24-008749-003/2024(H5N1)	536	755
PA|PP755594.1|A/cattle/Texas/24-008749-003/2024(H5N1)	537	748
PA|PP755594.1|A/cattle/Texas/24-008749-003/2024(H5N1)	538	739
PA|PP755594.1|A/cattle/Texas/24-008749-003/2024(H5N1)	539	713
PA|PP755594.1|A/cattle/Texas/24-008749-003/2024(H5N1)	540	712
PA|PP755594.1|A/cattle/Texas/24-008749-003/2024(H5N1)	541	717
PA|PP755594.1|A/cattle/Texas/24-008749-003/2024(H5N1)	542	736
PA|PP755594.1|A/cattle/Texas/24-008749-003/2024(H5N1)	543	721
PA|PP755594.1|A/cattle/Texas/24-008749-003/2024(H5N1)	544	719
PA|PP755594.1|A/cattle/Texas/24-008749-003/2024(H5N1)	545	714
PA|PP755594.1|A/cattle/Texas/24-008749-003/2024(H5N1)	546	721
PA|PP755594.1|A/cattle/Texas/24-008749-003/2024(H5N1)	547	720
PA|PP755594.1|A/cattle/Texas/24-008749-003/2024(H5N1)	548	722
PA|PP755594.1|A/cattle/Texas/24-008749-003/2024(H5N1)	549	726
PA|PP755594.1|A/cattle/Texas/24-008749-003/2024(H5N1)	550	721
PA|PP755594.1|A/cattle/Texas/24-008749-003/2024(H5N1)	551	721
PA|PP755594.1|A/cattle/Texas/24-008749-003/2024(H5N1)	552	719
PA|PP755594.1|A/cattle/Texas/24-008749-003/2024(H5N1)	553	718
PA|PP755594.1|A/cattle/Texas/24-008749-003/2024(H5N1)	554	721
PA|PP755594.1|A/cattle/Texas/24-008749-003/2024(H5N1)	555	734
PA|PP755594.1|A/cattle/Texas/24-008749-003/2024(H5N1)	556	807
PA|PP755594.1|A/cattle/Texas/24-008749-003/2024(H5N1)	557	837
PA|PP755594.1|A/cattle/Texas/24-008749-003/2024(H5N1)	558	836
PA|PP755594.1|A/cattle/Texas/24-008749-003/2024(H5N1)	559	841
PA|PP755594.1|A/cattle/Texas/24-008749-003/2024(H5N1)	560	829
PA|PP755594.1|A/cattle/Texas/24-008749-003/2024(H5N1)	561	837
PA|PP755594.1|A/cattle/Texas/24-008749-003/2024(H5N1)	562	856
PA|PP755594.1|A/cattle/Texas/24-008749-003/2024(H5N1)	563	855
PA|PP755594.1|A/cattle/Texas/24-008749-003/2024(H5N1)	564	859
PA|PP755594.1|A/cattle/Texas/24-008749-003/2024(H5N1)	565	818
PA|PP755594.1|A/cattle/Texas/24-008749-003/2024(H5N1)	566	799
PA|PP755594.1|A/cattle/Texas/24-008749-003/2024(H5N1)	567	802
PA|PP755594.1|A/cattle/Texas/24-008749-003/2024(H5N1)	568	801
PA|PP755594.1|A/cattle/Texas/24-008749-003/2024(H5N1)	569	836
PA|PP755594.1|A/cattle/Texas/24-008749-003/2024(H5N1)	570	834
PA|PP755594.1|A/cattle/Texas/24-008749-003/2024(H5N1)	571	831
PA|PP755594.1|A/cattle/Texas/24-008749-003/2024(H5N1)	572	831
PA|PP755594.1|A/cattle/Texas/24-008749-003/2024(H5N1)	573	830
PA|PP755594.1|A/cattle/Texas/24-008749-003/2024(H5N1)	574	827
PA|PP755594.1|A/cattle/Texas/24-008749-003/2024(H5N1)	575	827
PA|PP755594.1|A/cattle/Texas/24-008749-003/2024(H5N1)	576	835
PA|PP755594.1|A/cattle/Texas/24-008749-003/2024(H5N1)	577	827
PA|PP755594.1|A/cattle/Texas/24-008749-003/2024(H5N1)	578	809
PA|PP755594.1|A/cattle/Texas/24-008749-003/2024(H5N1)	579	837
PA|PP755594.1|A/cattle/Texas/24-008749-003/2024(H5N1)	580	865
PA|PP755594.1|A/cattle/Texas/24-008749-003/2024(H5N1)	581	864
PA|PP755594.1|A/cattle/Texas/24-008749-003/2024(H5N1)	582	843
PA|PP755594.1|A/cattle/Texas/24-008749-003/2024(H5N1)	583	842
PA|PP755594.1|A/cattle/Texas/24-008749-003/2024(H5N1)	584	838
PA|PP755594.1|A/cattle/Texas/24-008749-003/2024(H5N1)	585	836
PA|PP755594.1|A/cattle/Texas/24-008749-003/2024(H5N1)	586	838
PA|PP755594.1|A/cattle/Texas/24-008749-003/2024(H5N1)	587	845
PA|PP755594.1|A/cattle/Texas/24-008749-003/2024(H5N1)	588	835
PA|PP755594.1|A/cattle/Texas/24-008749-003/2024(H5N1)	589	841
PA|PP755594.1|A/cattle/Texas/24-008749-003/2024(H5N1)	590	841
PA|PP755594.1|A/cattle/Texas/24-008749-003/2024(H5N1)	591	837
PA|PP755594.1|A/cattle/Texas/24-008749-003/2024(H5N1)	592	839
PA|PP755594.1|A/cattle/Texas/24-008749-003/2024(H5N1)	593	841
PA|PP755594.1|A/cattle/Texas/24-008749-003/2024(H5N1)	594	844
PA|PP755594.1|A/cattle/Texas/24-008749-003/2024(H5N1)	595	846
PA|PP755594.1|A/cattle/Texas/24-008749-003/2024(H5N1)	596	849
PA|PP755594.1|A/cattle/Texas/24-008749-003/2024(H5N1)	597	837
PA|PP755594.1|A/cattle/Texas/24-008749-003/2024(H5N1)	598	829
PA|PP755594.1|A/cattle/Texas/24-008749-003/2024(H5N1)	599	833
PA|PP755594.1|A/cattle/Texas/24-008749-003/2024(H5N1)	600	832
PA|PP755594.1|A/cattle/Texas/24-008749-003/2024(H5N1)	601	835
PA|PP755594.1|A/cattle/Texas/24-008749-003/2024(H5N1)	602	837
PA|PP755594.1|A/cattle/Texas/24-008749-003/2024(H5N1)	603	836
PA|PP755594.1|A/cattle/Texas/24-008749-003/2024(H5N1)	604	840
PA|PP755594.1|A/cattle/Texas/24-008749-003/2024(H5N1)	605	854
PA|PP755594.1|A/cattle/Texas/24-008749-003/2024(H5N1)	606	848
PA|PP755594.1|A/cattle/Texas/24-008749-003/2024(H5N1)	607	848
PA|PP755594.1|A/cattle/Texas/24-008749-003/2024(H5N1)	608	850
PA|PP755594.1|A/cattle/Texas/24-008749-003/2024(H5N1)	609	851
PA|PP755594.1|A/cattle/Texas/24-008749-003/2024(H5N1)	610	846
PA|PP755594.1|A/cattle/Texas/24-008749-003/2024(H5N1)	611	825
PA|PP755594.1|A/cattle/Texas/24-008749-003/2024(H5N1)	612	829
PA|PP755594.1|A/cattle/Texas/24-008749-003/2024(H5N1)	613	831
PA|PP755594.1|A/cattle/Texas/24-008749-003/2024(H5N1)	614	831
PA|PP755594.1|A/cattle/Texas/24-008749-003/2024(H5N1)	615	829
PA|PP755594.1|A/cattle/Texas/24-008749-003/2024(H5N1)	616	829
PA|PP755594.1|A/cattle/Texas/24-008749-003/2024(H5N1)	617	827
PA|PP755594.1|A/cattle/Texas/24-008749-003/2024(H5N1)	618	827
PA|PP755594.1|A/cattle/Texas/24-008749-003/2024(H5N1)	619	826
PA|PP755594.1|A/cattle/Texas/24-008749-003/2024(H5N1)	620	838
PA|PP755594.1|A/cattle/Texas/24-008749-003/2024(H5N1)	621	851
PA|PP755594.1|A/cattle/Texas/24-008749-003/2024(H5N1)	622	851
PA|PP755594.1|A/cattle/Texas/24-008749-003/2024(H5N1)	623	839
PA|PP755594.1|A/cattle/Texas/24-008749-003/2024(H5N1)	624	839
PA|PP755594.1|A/cattle/Texas/24-008749-003/2024(H5N1)	625	837
PA|PP755594.1|A/cattle/Texas/24-008749-003/2024(H5N1)	626	851
PA|PP755594.1|A/cattle/Texas/24-008749-003/2024(H5N1)	627	857
PA|PP755594.1|A/cattle/Texas/24-008749-003/2024(H5N1)	628	858
PA|PP755594.1|A/cattle/Texas/24-008749-003/2024(H5N1)	629	826
PA|PP755594.1|A/cattle/Texas/24-008749-003/2024(H5N1)	630	794
PA|PP755594.1|A/cattle/Texas/24-008749-003/2024(H5N1)	631	797
PA|PP755594.1|A/cattle/Texas/24-008749-003/2024(H5N1)	632	814
PA|PP755594.1|A/cattle/Texas/24-008749-003/2024(H5N1)	633	810
PA|PP755594.1|A/cattle/Texas/24-008749-003/2024(H5N1)	634	811
PA|PP755594.1|A/cattle/Texas/24-008749-003/2024(H5N1)	635	809
PA|PP755594.1|A/cattle/Texas/24-008749-003/2024(H5N1)	636	802
PA|PP755594.1|A/cattle/Texas/24-008749-003/2024(H5N1)	637	800
PA|PP755594.1|A/cattle/Texas/24-008749-003/2024(H5N1)	638	810
PA|PP755594.1|A/cattle/Texas/24-008749-003/2024(H5N1)	639	812
PA|PP755594.1|A/cattle/Texas/24-008749-003/2024(H5N1)	640	807
PA|PP755594.1|A/cattle/Texas/24-008749-003/2024(H5N1)	641	795
PA|PP755594.1|A/cattle/Texas/24-008749-003/2024(H5N1)	642	795
PA|PP755594.1|A/cattle/Texas/24-008749-003/2024(H5N1)	643	794
PA|PP755594.1|A/cattle/Texas/24-008749-003/2024(H5N1)	644	790
PA|PP755594.1|A/cattle/Texas/24-008749-003/2024(H5N1)	645	787
PA|PP755594.1|A/cattle/Texas/24-008749-003/2024(H5N1)	646	728
PA|PP755594.1|A/cattle/Texas/24-008749-003/2024(H5N1)	647	720
PA|PP755594.1|A/cattle/Texas/24-008749-003/2024(H5N1)	648	715
PA|PP755594.1|A/cattle/Texas/24-008749-003/2024(H5N1)	649	715
PA|PP755594.1|A/cattle/Texas/24-008749-003/2024(H5N1)	650	715
PA|PP755594.1|A/cattle/Texas/24-008749-003/2024(H5N1)	651	712
PA|PP755594.1|A/cattle/Texas/24-008749-003/2024(H5N1)	652	726
PA|PP755594.1|A/cattle/Texas/24-008749-003/2024(H5N1)	653	726
PA|PP755594.1|A/cattle/Texas/24-008749-003/2024(H5N1)	654	716
PA|PP755594.1|A/cattle/Texas/24-008749-003/2024(H5N1)	655	708
PA|PP755594.1|A/cattle/Texas/24-008749-003/2024(H5N1)	656	712
PA|PP755594.1|A/cattle/Texas/24-008749-003/2024(H5N1)	657	712
PA|PP755594.1|A/cattle/Texas/24-008749-003/2024(H5N1)	658	796
PA|PP755594.1|A/cattle/Texas/24-008749-003/2024(H5N1)	659	799
PA|PP755594.1|A/cattle/Texas/24-008749-003/2024(H5N1)	660	803
PA|PP755594.1|A/cattle/Texas/24-008749-003/2024(H5N1)	661	805
PA|PP755594.1|A/cattle/Texas/24-008749-003/2024(H5N1)	662	798
PA|PP755594.1|A/cattle/Texas/24-008749-003/2024(H5N1)	663	797
PA|PP755594.1|A/cattle/Texas/24-008749-003/2024(H5N1)	664	797
PA|PP755594.1|A/cattle/Texas/24-008749-003/2024(H5N1)	665	797
PA|PP755594.1|A/cattle/Texas/24-008749-003/2024(H5N1)	666	806
PA|PP755594.1|A/cattle/Texas/24-008749-003/2024(H5N1)	667	803
PA|PP755594.1|A/cattle/Texas/24-008749-003/2024(H5N1)	668	830
PA|PP755594.1|A/cattle/Texas/24-008749-003/2024(H5N1)	669	836
PA|PP755594.1|A/cattle/Texas/24-008749-003/2024(H5N1)	670	833
PA|PP755594.1|A/cattle/Texas/24-008749-003/2024(H5N1)	671	828
PA|PP755594.1|A/cattle/Texas/24-008749-003/2024(H5N1)	672	822
PA|PP755594.1|A/cattle/Texas/24-008749-003/2024(H5N1)	673	818
PA|PP755594.1|A/cattle/Texas/24-008749-003/2024(H5N1)	674	821
PA|PP755594.1|A/cattle/Texas/24-008749-003/2024(H5N1)	675	814
PA|PP755594.1|A/cattle/Texas/24-008749-003/2024(H5N1)	676	815
PA|PP755594.1|A/cattle/Texas/24-008749-003/2024(H5N1)	677	801
PA|PP755594.1|A/cattle/Texas/24-008749-003/2024(H5N1)	678	802
PA|PP755594.1|A/cattle/Texas/24-008749-003/2024(H5N1)	679	800
PA|PP755594.1|A/cattle/Texas/24-008749-003/2024(H5N1)	680	869
PA|PP755594.1|A/cattle/Texas/24-008749-003/2024(H5N1)	681	836
PA|PP755594.1|A/cattle/Texas/24-008749-003/2024(H5N1)	682	839
PA|PP755594.1|A/cattle/Texas/24-008749-003/2024(H5N1)	683	837
PA|PP755594.1|A/cattle/Texas/24-008749-003/2024(H5N1)	684	855
PA|PP755594.1|A/cattle/Texas/24-008749-003/2024(H5N1)	685	881
PA|PP755594.1|A/cattle/Texas/24-008749-003/2024(H5N1)	686	885
PA|PP755594.1|A/cattle/Texas/24-008749-003/2024(H5N1)	687	879
PA|PP755594.1|A/cattle/Texas/24-008749-003/2024(H5N1)	688	879
PA|PP755594.1|A/cattle/Texas/24-008749-003/2024(H5N1)	689	883
PA|PP755594.1|A/cattle/Texas/24-008749-003/2024(H5N1)	690	884
PA|PP755594.1|A/cattle/Texas/24-008749-003/2024(H5N1)	691	895
PA|PP755594.1|A/cattle/Texas/24-008749-003/2024(H5N1)	692	890
PA|PP755594.1|A/cattle/Texas/24-008749-003/2024(H5N1)	693	875
PA|PP755594.1|A/cattle/Texas/24-008749-003/2024(H5N1)	694	880
PA|PP755594.1|A/cattle/Texas/24-008749-003/2024(H5N1)	695	890
PA|PP755594.1|A/cattle/Texas/24-008749-003/2024(H5N1)	696	888
PA|PP755594.1|A/cattle/Texas/24-008749-003/2024(H5N1)	697	880
PA|PP755594.1|A/cattle/Texas/24-008749-003/2024(H5N1)	698	875
PA|PP755594.1|A/cattle/Texas/24-008749-003/2024(H5N1)	699	881
PA|PP755594.1|A/cattle/Texas/24-008749-003/2024(H5N1)	700	856
PA|PP755594.1|A/cattle/Texas/24-008749-003/2024(H5N1)	701	859
PA|PP755594.1|A/cattle/Texas/24-008749-003/2024(H5N1)	702	848
PA|PP755594.1|A/cattle/Texas/24-008749-003/2024(H5N1)	703	847
PA|PP755594.1|A/cattle/Texas/24-008749-003/2024(H5N1)	704	844
PA|PP755594.1|A/cattle/Texas/24-008749-003/2024(H5N1)	705	841
PA|PP755594.1|A/cattle/Texas/24-008749-003/2024(H5N1)	706	837
PA|PP755594.1|A/cattle/Texas/24-008749-003/2024(H5N1)	707	808
PA|PP755594.1|A/cattle/Texas/24-008749-003/2024(H5N1)	708	775
PA|PP755594.1|A/cattle/Texas/24-008749-003/2024(H5N1)	709	778
PA|PP755594.1|A/cattle/Texas/24-008749-003/2024(H5N1)	710	784
PA|PP755594.1|A/cattle/Texas/24-008749-003/2024(H5N1)	711	784
PA|PP755594.1|A/cattle/Texas/24-008749-003/2024(H5N1)	712	782
PA|PP755594.1|A/cattle/Texas/24-008749-003/2024(H5N1)	713	750
PA|PP755594.1|A/cattle/Texas/24-008749-003/2024(H5N1)	714	754
PA|PP755594.1|A/cattle/Texas/24-008749-003/2024(H5N1)	715	750
PA|PP755594.1|A/cattle/Texas/24-008749-003/2024(H5N1)	716	749
PA|PP755594.1|A/cattle/Texas/24-008749-003/2024(H5N1)	717	751
PA|PP755594.1|A/cattle/Texas/24-008749-003/2024(H5N1)	718	748
PA|PP755594.1|A/cattle/Texas/24-008749-003/2024(H5N1)	719	771
PA|PP755594.1|A/cattle/Texas/24-008749-003/2024(H5N1)	720	741
PA|PP755594.1|A/cattle/Texas/24-008749-003/2024(H5N1)	721	737
PA|PP755594.1|A/cattle/Texas/24-008749-003/2024(H5N1)	722	756
PA|PP755594.1|A/cattle/Texas/24-008749-003/2024(H5N1)	723	763
PA|PP755594.1|A/cattle/Texas/24-008749-003/2024(H5N1)	724	763
PA|PP755594.1|A/cattle/Texas/24-008749-003/2024(H5N1)	725	764
PA|PP755594.1|A/cattle/Texas/24-008749-003/2024(H5N1)	726	753
PA|PP755594.1|A/cattle/Texas/24-008749-003/2024(H5N1)	727	758
PA|PP755594.1|A/cattle/Texas/24-008749-003/2024(H5N1)	728	739
PA|PP755594.1|A/cattle/Texas/24-008749-003/2024(H5N1)	729	749
PA|PP755594.1|A/cattle/Texas/24-008749-003/2024(H5N1)	730	720
PA|PP755594.1|A/cattle/Texas/24-008749-003/2024(H5N1)	731	715
PA|PP755594.1|A/cattle/Texas/24-008749-003/2024(H5N1)	732	707
PA|PP755594.1|A/cattle/Texas/24-008749-003/2024(H5N1)	733	706
PA|PP755594.1|A/cattle/Texas/24-008749-003/2024(H5N1)	734	706
PA|PP755594.1|A/cattle/Texas/24-008749-003/2024(H5N1)	735	714
PA|PP755594.1|A/cattle/Texas/24-008749-003/2024(H5N1)	736	711
PA|PP755594.1|A/cattle/Texas/24-008749-003/2024(H5N1)	737	711
PA|PP755594.1|A/cattle/Texas/24-008749-003/2024(H5N1)	738	702
PA|PP755594.1|A/cattle/Texas/24-008749-003/2024(H5N1)	739	705
PA|PP755594.1|A/cattle/Texas/24-008749-003/2024(H5N1)	740	699
PA|PP755594.1|A/cattle/Texas/24-008749-003/2024(H5N1)	741	699
PA|PP755594.1|A/cattle/Texas/24-008749-003/2024(H5N1)	742	699
PA|PP755594.1|A/cattle/Texas/24-008749-003/2024(H5N1)	743	698
PA|PP755594.1|A/cattle/Texas/24-008749-003/2024(H5N1)	744	707
PA|PP755594.1|A/cattle/Texas/24-008749-003/2024(H5N1)	745	708
PA|PP755594.1|A/cattle/Texas/24-008749-003/2024(H5N1)	746	703
PA|PP755594.1|A/cattle/Texas/24-008749-003/2024(H5N1)	747	700
PA|PP755594.1|A/cattle/Texas/24-008749-003/2024(H5N1)	748	700
PA|PP755594.1|A/cattle/Texas/24-008749-003/2024(H5N1)	749	696
PA|PP755594.1|A/cattle/Texas/24-008749-003/2024(H5N1)	750	696
PA|PP755594.1|A/cattle/Texas/24-008749-003/2024(H5N1)	751	712
PA|PP755594.1|A/cattle/Texas/24-008749-003/2024(H5N1)	752	709
PA|PP755594.1|A/cattle/Texas/24-008749-003/2024(H5N1)	753	709
PA|PP755594.1|A/cattle/Texas/24-008749-003/2024(H5N1)	754	709
PA|PP755594.1|A/cattle/Texas/24-008749-003/2024(H5N1)	755	703
PA|PP755594.1|A/cattle/Texas/24-008749-003/2024(H5N1)	756	681
PA|PP755594.1|A/cattle/Texas/24-008749-003/2024(H5N1)	757	703
PA|PP755594.1|A/cattle/Texas/24-008749-003/2024(H5N1)	758	715
PA|PP755594.1|A/cattle/Texas/24-008749-003/2024(H5N1)	759	713
PA|PP755594.1|A/cattle/Texas/24-008749-003/2024(H5N1)	760	762
PA|PP755594.1|A/cattle/Texas/24-008749-003/2024(H5N1)	761	760
PA|PP755594.1|A/cattle/Texas/24-008749-003/2024(H5N1)	762	769
PA|PP755594.1|A/cattle/Texas/24-008749-003/2024(H5N1)	763	762
PA|PP755594.1|A/cattle/Texas/24-008749-003/2024(H5N1)	764	763
PA|PP755594.1|A/cattle/Texas/24-008749-003/2024(H5N1)	765	763
PA|PP755594.1|A/cattle/Texas/24-008749-003/2024(H5N1)	766	764
PA|PP755594.1|A/cattle/Texas/24-008749-003/2024(H5N1)	767	768
PA|PP755594.1|A/cattle/Texas/24-008749-003/2024(H5N1)	768	854
PA|PP755594.1|A/cattle/Texas/24-008749-003/2024(H5N1)	769	854
PA|PP755594.1|A/cattle/Texas/24-008749-003/2024(H5N1)	770	853
PA|PP755594.1|A/cattle/Texas/24-008749-003/2024(H5N1)	771	836
PA|PP755594.1|A/cattle/Texas/24-008749-003/2024(H5N1)	772	823
PA|PP755594.1|A/cattle/Texas/24-008749-003/2024(H5N1)	773	818
PA|PP755594.1|A/cattle/Texas/24-008749-003/2024(H5N1)	774	814
PA|PP755594.1|A/cattle/Texas/24-008749-003/2024(H5N1)	775	829
PA|PP755594.1|A/cattle/Texas/24-008749-003/2024(H5N1)	776	818
PA|PP755594.1|A/cattle/Texas/24-008749-003/2024(H5N1)	777	818
PA|PP755594.1|A/cattle/Texas/24-008749-003/2024(H5N1)	778	812
PA|PP755594.1|A/cattle/Texas/24-008749-003/2024(H5N1)	779	807
PA|PP755594.1|A/cattle/Texas/24-008749-003/2024(H5N1)	780	805
PA|PP755594.1|A/cattle/Texas/24-008749-003/2024(H5N1)	781	805
PA|PP755594.1|A/cattle/Texas/24-008749-003/2024(H5N1)	782	809
PA|PP755594.1|A/cattle/Texas/24-008749-003/2024(H5N1)	783	798
PA|PP755594.1|A/cattle/Texas/24-008749-003/2024(H5N1)	784	798
PA|PP755594.1|A/cattle/Texas/24-008749-003/2024(H5N1)	785	806
PA|PP755594.1|A/cattle/Texas/24-008749-003/2024(H5N1)	786	809
PA|PP755594.1|A/cattle/Texas/24-008749-003/2024(H5N1)	787	802
PA|PP755594.1|A/cattle/Texas/24-008749-003/2024(H5N1)	788	802
PA|PP755594.1|A/cattle/Texas/24-008749-003/2024(H5N1)	789	799
PA|PP755594.1|A/cattle/Texas/24-008749-003/2024(H5N1)	790	804
PA|PP755594.1|A/cattle/Texas/24-008749-003/2024(H5N1)	791	818
PA|PP755594.1|A/cattle/Texas/24-008749-003/2024(H5N1)	792	820
PA|PP755594.1|A/cattle/Texas/24-008749-003/2024(H5N1)	793	820
PA|PP755594.1|A/cattle/Texas/24-008749-003/2024(H5N1)	794	809
PA|PP755594.1|A/cattle/Texas/24-008749-003/2024(H5N1)	795	804
PA|PP755594.1|A/cattle/Texas/24-008749-003/2024(H5N1)	796	792
PA|PP755594.1|A/cattle/Texas/24-008749-003/2024(H5N1)	797	773
PA|PP755594.1|A/cattle/Texas/24-008749-003/2024(H5N1)	798	767
PA|PP755594.1|A/cattle/Texas/24-008749-003/2024(H5N1)	799	761
PA|PP755594.1|A/cattle/Texas/24-008749-003/2024(H5N1)	800	758
PA|PP755594.1|A/cattle/Texas/24-008749-003/2024(H5N1)	801	754
PA|PP755594.1|A/cattle/Texas/24-008749-003/2024(H5N1)	802	750
PA|PP755594.1|A/cattle/Texas/24-008749-003/2024(H5N1)	803	749
PA|PP755594.1|A/cattle/Texas/24-008749-003/2024(H5N1)	804	745
PA|PP755594.1|A/cattle/Texas/24-008749-003/2024(H5N1)	805	741
PA|PP755594.1|A/cattle/Texas/24-008749-003/2024(H5N1)	806	719
PA|PP755594.1|A/cattle/Texas/24-008749-003/2024(H5N1)	807	719
PA|PP755594.1|A/cattle/Texas/24-008749-003/2024(H5N1)	808	715
PA|PP755594.1|A/cattle/Texas/24-008749-003/2024(H5N1)	809	698
PA|PP755594.1|A/cattle/Texas/24-008749-003/2024(H5N1)	810	695
PA|PP755594.1|A/cattle/Texas/24-008749-003/2024(H5N1)	811	695
PA|PP755594.1|A/cattle/Texas/24-008749-003/2024(H5N1)	812	692
PA|PP755594.1|A/cattle/Texas/24-008749-003/2024(H5N1)	813	689
PA|PP755594.1|A/cattle/Texas/24-008749-003/2024(H5N1)	814	689
PA|PP755594.1|A/cattle/Texas/24-008749-003/2024(H5N1)	815	689
PA|PP755594.1|A/cattle/Texas/24-008749-003/2024(H5N1)	816	689
PA|PP755594.1|A/cattle/Texas/24-008749-003/2024(H5N1)	817	680
PA|PP755594.1|A/cattle/Texas/24-008749-003/2024(H5N1)	818	679
PA|PP755594.1|A/cattle/Texas/24-008749-003/2024(H5N1)	819	514
PA|PP755594.1|A/cattle/Texas/24-008749-003/2024(H5N1)	820	510
PA|PP755594.1|A/cattle/Texas/24-008749-003/2024(H5N1)	821	509
PA|PP755594.1|A/cattle/Texas/24-008749-003/2024(H5N1)	822	508
PA|PP755594.1|A/cattle/Texas/24-008749-003/2024(H5N1)	823	508
PA|PP755594.1|A/cattle/Texas/24-008749-003/2024(H5N1)	824	508
PA|PP755594.1|A/cattle/Texas/24-008749-003/2024(H5N1)	825	506
PA|PP755594.1|A/cattle/Texas/24-008749-003/2024(H5N1)	826	502
PA|PP755594.1|A/cattle/Texas/24-008749-003/2024(H5N1)	827	502
PA|PP755594.1|A/cattle/Texas/24-008749-003/2024(H5N1)	828	501
PA|PP755594.1|A/cattle/Texas/24-008749-003/2024(H5N1)	829	501
PA|PP755594.1|A/cattle/Texas/24-008749-003/2024(H5N1)	830	503
PA|PP755594.1|A/cattle/Texas/24-008749-003/2024(H5N1)	831	503
PA|PP755594.1|A/cattle/Texas/24-008749-003/2024(H5N1)	832	503
PA|PP755594.1|A/cattle/Texas/24-008749-003/2024(H5N1)	833	503
PA|PP755594.1|A/cattle/Texas/24-008749-003/2024(H5N1)	834	503
PA|PP755594.1|A/cattle/Texas/24-008749-003/2024(H5N1)	835	494
PA|PP755594.1|A/cattle/Texas/24-008749-003/2024(H5N1)	836	466
PA|PP755594.1|A/cattle/Texas/24-008749-003/2024(H5N1)	837	466
PA|PP755594.1|A/cattle/Texas/24-008749-003/2024(H5N1)	838	466
PA|PP755594.1|A/cattle/Texas/24-008749-003/2024(H5N1)	839	466
PA|PP755594.1|A/cattle/Texas/24-008749-003/2024(H5N1)	840	466
PA|PP755594.1|A/cattle/Texas/24-008749-003/2024(H5N1)	841	466
PA|PP755594.1|A/cattle/Texas/24-008749-003/2024(H5N1)	842	466
PA|PP755594.1|A/cattle/Texas/24-008749-003/2024(H5N1)	843	466
PA|PP755594.1|A/cattle/Texas/24-008749-003/2024(H5N1)	844	466
PA|PP755594.1|A/cattle/Texas/24-008749-003/2024(H5N1)	845	460
PA|PP755594.1|A/cattle/Texas/24-008749-003/2024(H5N1)	846	450
PA|PP755594.1|A/cattle/Texas/24-008749-003/2024(H5N1)	847	450
PA|PP755594.1|A/cattle/Texas/24-008749-003/2024(H5N1)	848	450
PA|PP755594.1|A/cattle/Texas/24-008749-003/2024(H5N1)	849	451
PA|PP755594.1|A/cattle/Texas/24-008749-003/2024(H5N1)	850	460
PA|PP755594.1|A/cattle/Texas/24-008749-003/2024(H5N1)	851	460
PA|PP755594.1|A/cattle/Texas/24-008749-003/2024(H5N1)	852	460
PA|PP755594.1|A/cattle/Texas/24-008749-003/2024(H5N1)	853	460
PA|PP755594.1|A/cattle/Texas/24-008749-003/2024(H5N1)	854	460
PA|PP755594.1|A/cattle/Texas/24-008749-003/2024(H5N1)	855	445
PA|PP755594.1|A/cattle/Texas/24-008749-003/2024(H5N1)	856	444
PA|PP755594.1|A/cattle/Texas/24-008749-003/2024(H5N1)	857	444
PA|PP755594.1|A/cattle/Texas/24-008749-003/2024(H5N1)	858	438
PA|PP755594.1|A/cattle/Texas/24-008749-003/2024(H5N1)	859	438
PA|PP755594.1|A/cattle/Texas/24-008749-003/2024(H5N1)	860	428
PA|PP755594.1|A/cattle/Texas/24-008749-003/2024(H5N1)	861	295
PA|PP755594.1|A/cattle/Texas/24-008749-003/2024(H5N1)	862	295
PA|PP755594.1|A/cattle/Texas/24-008749-003/2024(H5N1)	863	295
PA|PP755594.1|A/cattle/Texas/24-008749-003/2024(H5N1)	864	295
PA|PP755594.1|A/cattle/Texas/24-008749-003/2024(H5N1)	865	299
PA|PP755594.1|A/cattle/Texas/24-008749-003/2024(H5N1)	866	299
PA|PP755594.1|A/cattle/Texas/24-008749-003/2024(H5N1)	867	300
PA|PP755594.1|A/cattle/Texas/24-008749-003/2024(H5N1)	868	301
PA|PP755594.1|A/cattle/Texas/24-008749-003/2024(H5N1)	869	301
PA|PP755594.1|A/cattle/Texas/24-008749-003/2024(H5N1)	870	301
PA|PP755594.1|A/cattle/Texas/24-008749-003/2024(H5N1)	871	576
PA|PP755594.1|A/cattle/Texas/24-008749-003/2024(H5N1)	872	592
PA|PP755594.1|A/cattle/Texas/24-008749-003/2024(H5N1)	873	594
PA|PP755594.1|A/cattle/Texas/24-008749-003/2024(H5N1)	874	595
PA|PP755594.1|A/cattle/Texas/24-008749-003/2024(H5N1)	875	596
PA|PP755594.1|A/cattle/Texas/24-008749-003/2024(H5N1)	876	596
PA|PP755594.1|A/cattle/Texas/24-008749-003/2024(H5N1)	877	599
PA|PP755594.1|A/cattle/Texas/24-008749-003/2024(H5N1)	878	605
PA|PP755594.1|A/cattle/Texas/24-008749-003/2024(H5N1)	879	610
PA|PP755594.1|A/cattle/Texas/24-008749-003/2024(H5N1)	880	614
PA|PP755594.1|A/cattle/Texas/24-008749-003/2024(H5N1)	881	625
PA|PP755594.1|A/cattle/Texas/24-008749-003/2024(H5N1)	882	633
PA|PP755594.1|A/cattle/Texas/24-008749-003/2024(H5N1)	883	635
PA|PP755594.1|A/cattle/Texas/24-008749-003/2024(H5N1)	884	635
PA|PP755594.1|A/cattle/Texas/24-008749-003/2024(H5N1)	885	640
PA|PP755594.1|A/cattle/Texas/24-008749-003/2024(H5N1)	886	656
PA|PP755594.1|A/cattle/Texas/24-008749-003/2024(H5N1)	887	661
PA|PP755594.1|A/cattle/Texas/24-008749-003/2024(H5N1)	888	666
PA|PP755594.1|A/cattle/Texas/24-008749-003/2024(H5N1)	889	668
PA|PP755594.1|A/cattle/Texas/24-008749-003/2024(H5N1)	890	669
PA|PP755594.1|A/cattle/Texas/24-008749-003/2024(H5N1)	891	699
PA|PP755594.1|A/cattle/Texas/24-008749-003/2024(H5N1)	892	701
PA|PP755594.1|A/cattle/Texas/24-008749-003/2024(H5N1)	893	703
PA|PP755594.1|A/cattle/Texas/24-008749-003/2024(H5N1)	894	713
PA|PP755594.1|A/cattle/Texas/24-008749-003/2024(H5N1)	895	727
PA|PP755594.1|A/cattle/Texas/24-008749-003/2024(H5N1)	896	727
PA|PP755594.1|A/cattle/Texas/24-008749-003/2024(H5N1)	897	706
PA|PP755594.1|A/cattle/Texas/24-008749-003/2024(H5N1)	898	708
PA|PP755594.1|A/cattle/Texas/24-008749-003/2024(H5N1)	899	708
PA|PP755594.1|A/cattle/Texas/24-008749-003/2024(H5N1)	900	729
PA|PP755594.1|A/cattle/Texas/24-008749-003/2024(H5N1)	901	732
PA|PP755594.1|A/cattle/Texas/24-008749-003/2024(H5N1)	902	797
PA|PP755594.1|A/cattle/Texas/24-008749-003/2024(H5N1)	903	783
PA|PP755594.1|A/cattle/Texas/24-008749-003/2024(H5N1)	904	795
PA|PP755594.1|A/cattle/Texas/24-008749-003/2024(H5N1)	905	796
PA|PP755594.1|A/cattle/Texas/24-008749-003/2024(H5N1)	906	796
PA|PP755594.1|A/cattle/Texas/24-008749-003/2024(H5N1)	907	884
PA|PP755594.1|A/cattle/Texas/24-008749-003/2024(H5N1)	908	884
PA|PP755594.1|A/cattle/Texas/24-008749-003/2024(H5N1)	909	813
PA|PP755594.1|A/cattle/Texas/24-008749-003/2024(H5N1)	910	828
PA|PP755594.1|A/cattle/Texas/24-008749-003/2024(H5N1)	911	828
PA|PP755594.1|A/cattle/Texas/24-008749-003/2024(H5N1)	912	842
PA|PP755594.1|A/cattle/Texas/24-008749-003/2024(H5N1)	913	842
PA|PP755594.1|A/cattle/Texas/24-008749-003/2024(H5N1)	914	843
PA|PP755594.1|A/cattle/Texas/24-008749-003/2024(H5N1)	915	762
PA|PP755594.1|A/cattle/Texas/24-008749-003/2024(H5N1)	916	763
PA|PP755594.1|A/cattle/Texas/24-008749-003/2024(H5N1)	917	770
PA|PP755594.1|A/cattle/Texas/24-008749-003/2024(H5N1)	918	770
PA|PP755594.1|A/cattle/Texas/24-008749-003/2024(H5N1)	919	771
PA|PP755594.1|A/cattle/Texas/24-008749-003/2024(H5N1)	920	771
PA|PP755594.1|A/cattle/Texas/24-008749-003/2024(H5N1)	921	764
PA|PP755594.1|A/cattle/Texas/24-008749-003/2024(H5N1)	922	771
PA|PP755594.1|A/cattle/Texas/24-008749-003/2024(H5N1)	923	771
PA|PP755594.1|A/cattle/Texas/24-008749-003/2024(H5N1)	924	772
PA|PP755594.1|A/cattle/Texas/24-008749-003/2024(H5N1)	925	773
PA|PP755594.1|A/cattle/Texas/24-008749-003/2024(H5N1)	926	772
PA|PP755594.1|A/cattle/Texas/24-008749-003/2024(H5N1)	927	772
PA|PP755594.1|A/cattle/Texas/24-008749-003/2024(H5N1)	928	773
PA|PP755594.1|A/cattle/Texas/24-008749-003/2024(H5N1)	929	773
PA|PP755594.1|A/cattle/Texas/24-008749-003/2024(H5N1)	930	774
PA|PP755594.1|A/cattle/Texas/24-008749-003/2024(H5N1)	931	772
PA|PP755594.1|A/cattle/Texas/24-008749-003/2024(H5N1)	932	773
PA|PP755594.1|A/cattle/Texas/24-008749-003/2024(H5N1)	933	773
PA|PP755594.1|A/cattle/Texas/24-008749-003/2024(H5N1)	934	784
PA|PP755594.1|A/cattle/Texas/24-008749-003/2024(H5N1)	935	783
PA|PP755594.1|A/cattle/Texas/24-008749-003/2024(H5N1)	936	775
PA|PP755594.1|A/cattle/Texas/24-008749-003/2024(H5N1)	937	774
PA|PP755594.1|A/cattle/Texas/24-008749-003/2024(H5N1)	938	780
PA|PP755594.1|A/cattle/Texas/24-008749-003/2024(H5N1)	939	778
PA|PP755594.1|A/cattle/Texas/24-008749-003/2024(H5N1)	940	777
PA|PP755594.1|A/cattle/Texas/24-008749-003/2024(H5N1)	941	773
PA|PP755594.1|A/cattle/Texas/24-008749-003/2024(H5N1)	942	756
PA|PP755594.1|A/cattle/Texas/24-008749-003/2024(H5N1)	943	752
PA|PP755594.1|A/cattle/Texas/24-008749-003/2024(H5N1)	944	751
PA|PP755594.1|A/cattle/Texas/24-008749-003/2024(H5N1)	945	743
PA|PP755594.1|A/cattle/Texas/24-008749-003/2024(H5N1)	946	743
PA|PP755594.1|A/cattle/Texas/24-008749-003/2024(H5N1)	947	743
PA|PP755594.1|A/cattle/Texas/24-008749-003/2024(H5N1)	948	730
PA|PP755594.1|A/cattle/Texas/24-008749-003/2024(H5N1)	949	728
PA|PP755594.1|A/cattle/Texas/24-008749-003/2024(H5N1)	950	728
PA|PP755594.1|A/cattle/Texas/24-008749-003/2024(H5N1)	951	728
PA|PP755594.1|A/cattle/Texas/24-008749-003/2024(H5N1)	952	728
PA|PP755594.1|A/cattle/Texas/24-008749-003/2024(H5N1)	953	726
PA|PP755594.1|A/cattle/Texas/24-008749-003/2024(H5N1)	954	726
PA|PP755594.1|A/cattle/Texas/24-008749-003/2024(H5N1)	955	722
PA|PP755594.1|A/cattle/Texas/24-008749-003/2024(H5N1)	956	716
PA|PP755594.1|A/cattle/Texas/24-008749-003/2024(H5N1)	957	716
PA|PP755594.1|A/cattle/Texas/24-008749-003/2024(H5N1)	958	712
PA|PP755594.1|A/cattle/Texas/24-008749-003/2024(H5N1)	959	707
PA|PP755594.1|A/cattle/Texas/24-008749-003/2024(H5N1)	960	703
PA|PP755594.1|A/cattle/Texas/24-008749-003/2024(H5N1)	961	702
PA|PP755594.1|A/cattle/Texas/24-008749-003/2024(H5N1)	962	700
PA|PP755594.1|A/cattle/Texas/24-008749-003/2024(H5N1)	963	428
PA|PP755594.1|A/cattle/Texas/24-008749-003/2024(H5N1)	964	426
PA|PP755594.1|A/cattle/Texas/24-008749-003/2024(H5N1)	965	426
PA|PP755594.1|A/cattle/Texas/24-008749-003/2024(H5N1)	966	425
PA|PP755594.1|A/cattle/Texas/24-008749-003/2024(H5N1)	967	426
PA|PP755594.1|A/cattle/Texas/24-008749-003/2024(H5N1)	968	426
PA|PP755594.1|A/cattle/Texas/24-008749-003/2024(H5N1)	969	426
PA|PP755594.1|A/cattle/Texas/24-008749-003/2024(H5N1)	970	426
PA|PP755594.1|A/cattle/Texas/24-008749-003/2024(H5N1)	971	426
PA|PP755594.1|A/cattle/Texas/24-008749-003/2024(H5N1)	972	426
PA|PP755594.1|A/cattle/Texas/24-008749-003/2024(H5N1)	973	428
PA|PP755594.1|A/cattle/Texas/24-008749-003/2024(H5N1)	974	446
PA|PP755594.1|A/cattle/Texas/24-008749-003/2024(H5N1)	975	446
PA|PP755594.1|A/cattle/Texas/24-008749-003/2024(H5N1)	976	469
PA|PP755594.1|A/cattle/Texas/24-008749-003/2024(H5N1)	977	469
PA|PP755594.1|A/cattle/Texas/24-008749-003/2024(H5N1)	978	469
PA|PP755594.1|A/cattle/Texas/24-008749-003/2024(H5N1)	979	470
PA|PP755594.1|A/cattle/Texas/24-008749-003/2024(H5N1)	980	470
PA|PP755594.1|A/cattle/Texas/24-008749-003/2024(H5N1)	981	470
PA|PP755594.1|A/cattle/Texas/24-008749-003/2024(H5N1)	982	471
PA|PP755594.1|A/cattle/Texas/24-008749-003/2024(H5N1)	983	471
PA|PP755594.1|A/cattle/Texas/24-008749-003/2024(H5N1)	984	480
PA|PP755594.1|A/cattle/Texas/24-008749-003/2024(H5N1)	985	634
PA|PP755594.1|A/cattle/Texas/24-008749-003/2024(H5N1)	986	645
PA|PP755594.1|A/cattle/Texas/24-008749-003/2024(H5N1)	987	650
PA|PP755594.1|A/cattle/Texas/24-008749-003/2024(H5N1)	988	650
PA|PP755594.1|A/cattle/Texas/24-008749-003/2024(H5N1)	989	651
PA|PP755594.1|A/cattle/Texas/24-008749-003/2024(H5N1)	990	655
PA|PP755594.1|A/cattle/Texas/24-008749-003/2024(H5N1)	991	659
PA|PP755594.1|A/cattle/Texas/24-008749-003/2024(H5N1)	992	665
PA|PP755594.1|A/cattle/Texas/24-008749-003/2024(H5N1)	993	684
PA|PP755594.1|A/cattle/Texas/24-008749-003/2024(H5N1)	994	685
PA|PP755594.1|A/cattle/Texas/24-008749-003/2024(H5N1)	995	685
PA|PP755594.1|A/cattle/Texas/24-008749-003/2024(H5N1)	996	687
PA|PP755594.1|A/cattle/Texas/24-008749-003/2024(H5N1)	997	707
PA|PP755594.1|A/cattle/Texas/24-008749-003/2024(H5N1)	998	708
PA|PP755594.1|A/cattle/Texas/24-008749-003/2024(H5N1)	999	708
PA|PP755594.1|A/cattle/Texas/24-008749-003/2024(H5N1)	1000	708
PA|PP755594.1|A/cattle/Texas/24-008749-003/2024(H5N1)	1001	711
PA|PP755594.1|A/cattle/Texas/24-008749-003/2024(H5N1)	1002	714
PA|PP755594.1|A/cattle/Texas/24-008749-003/2024(H5N1)	1003	737
PA|PP755594.1|A/cattle/Texas/24-008749-003/2024(H5N1)	1004	743
PA|PP755594.1|A/cattle/Texas/24-008749-003/2024(H5N1)	1005	744
PA|PP755594.1|A/cattle/Texas/24-008749-003/2024(H5N1)	1006	750
PA|PP755594.1|A/cattle/Texas/24-008749-003/2024(H5N1)	1007	781
PA|PP755594.1|A/cattle/Texas/24-008749-003/2024(H5N1)	1008	782
PA|PP755594.1|A/cattle/Texas/24-008749-003/2024(H5N1)	1009	790
PA|PP755594.1|A/cattle/Texas/24-008749-003/2024(H5N1)	1010	805
PA|PP755594.1|A/cattle/Texas/24-008749-003/2024(H5N1)	1011	805
PA|PP755594.1|A/cattle/Texas/24-008749-003/2024(H5N1)	1012	805
PA|PP755594.1|A/cattle/Texas/24-008749-003/2024(H5N1)	1013	808
PA|PP755594.1|A/cattle/Texas/24-008749-003/2024(H5N1)	1014	816
PA|PP755594.1|A/cattle/Texas/24-008749-003/2024(H5N1)	1015	823
PA|PP755594.1|A/cattle/Texas/24-008749-003/2024(H5N1)	1016	823
PA|PP755594.1|A/cattle/Texas/24-008749-003/2024(H5N1)	1017	823
PA|PP755594.1|A/cattle/Texas/24-008749-003/2024(H5N1)	1018	816
PA|PP755594.1|A/cattle/Texas/24-008749-003/2024(H5N1)	1019	815
PA|PP755594.1|A/cattle/Texas/24-008749-003/2024(H5N1)	1020	818
PA|PP755594.1|A/cattle/Texas/24-008749-003/2024(H5N1)	1021	822
PA|PP755594.1|A/cattle/Texas/24-008749-003/2024(H5N1)	1022	826
PA|PP755594.1|A/cattle/Texas/24-008749-003/2024(H5N1)	1023	814
PA|PP755594.1|A/cattle/Texas/24-008749-003/2024(H5N1)	1024	835
PA|PP755594.1|A/cattle/Texas/24-008749-003/2024(H5N1)	1025	834
PA|PP755594.1|A/cattle/Texas/24-008749-003/2024(H5N1)	1026	831
PA|PP755594.1|A/cattle/Texas/24-008749-003/2024(H5N1)	1027	834
PA|PP755594.1|A/cattle/Texas/24-008749-003/2024(H5N1)	1028	836
PA|PP755594.1|A/cattle/Texas/24-008749-003/2024(H5N1)	1029	830
PA|PP755594.1|A/cattle/Texas/24-008749-003/2024(H5N1)	1030	830
PA|PP755594.1|A/cattle/Texas/24-008749-003/2024(H5N1)	1031	819
PA|PP755594.1|A/cattle/Texas/24-008749-003/2024(H5N1)	1032	836
PA|PP755594.1|A/cattle/Texas/24-008749-003/2024(H5N1)	1033	881
PA|PP755594.1|A/cattle/Texas/24-008749-003/2024(H5N1)	1034	938
PA|PP755594.1|A/cattle/Texas/24-008749-003/2024(H5N1)	1035	940
PA|PP755594.1|A/cattle/Texas/24-008749-003/2024(H5N1)	1036	929
PA|PP755594.1|A/cattle/Texas/24-008749-003/2024(H5N1)	1037	932
PA|PP755594.1|A/cattle/Texas/24-008749-003/2024(H5N1)	1038	928
PA|PP755594.1|A/cattle/Texas/24-008749-003/2024(H5N1)	1039	925
PA|PP755594.1|A/cattle/Texas/24-008749-003/2024(H5N1)	1040	927
PA|PP755594.1|A/cattle/Texas/24-008749-003/2024(H5N1)	1041	932
PA|PP755594.1|A/cattle/Texas/24-008749-003/2024(H5N1)	1042	880
PA|PP755594.1|A/cattle/Texas/24-008749-003/2024(H5N1)	1043	882
PA|PP755594.1|A/cattle/Texas/24-008749-003/2024(H5N1)	1044	882
PA|PP755594.1|A/cattle/Texas/24-008749-003/2024(H5N1)	1045	872
PA|PP755594.1|A/cattle/Texas/24-008749-003/2024(H5N1)	1046	859
PA|PP755594.1|A/cattle/Texas/24-008749-003/2024(H5N1)	1047	862
PA|PP755594.1|A/cattle/Texas/24-008749-003/2024(H5N1)	1048	863
PA|PP755594.1|A/cattle/Texas/24-008749-003/2024(H5N1)	1049	875
PA|PP755594.1|A/cattle/Texas/24-008749-003/2024(H5N1)	1050	873
PA|PP755594.1|A/cattle/Texas/24-008749-003/2024(H5N1)	1051	855
PA|PP755594.1|A/cattle/Texas/24-008749-003/2024(H5N1)	1052	856
PA|PP755594.1|A/cattle/Texas/24-008749-003/2024(H5N1)	1053	796
PA|PP755594.1|A/cattle/Texas/24-008749-003/2024(H5N1)	1054	796
PA|PP755594.1|A/cattle/Texas/24-008749-003/2024(H5N1)	1055	797
PA|PP755594.1|A/cattle/Texas/24-008749-003/2024(H5N1)	1056	797
PA|PP755594.1|A/cattle/Texas/24-008749-003/2024(H5N1)	1057	813
PA|PP755594.1|A/cattle/Texas/24-008749-003/2024(H5N1)	1058	732
PA|PP755594.1|A/cattle/Texas/24-008749-003/2024(H5N1)	1059	732
PA|PP755594.1|A/cattle/Texas/24-008749-003/2024(H5N1)	1060	730
PA|PP755594.1|A/cattle/Texas/24-008749-003/2024(H5N1)	1061	721
PA|PP755594.1|A/cattle/Texas/24-008749-003/2024(H5N1)	1062	708
PA|PP755594.1|A/cattle/Texas/24-008749-003/2024(H5N1)	1063	708
PA|PP755594.1|A/cattle/Texas/24-008749-003/2024(H5N1)	1064	709
PA|PP755594.1|A/cattle/Texas/24-008749-003/2024(H5N1)	1065	709
PA|PP755594.1|A/cattle/Texas/24-008749-003/2024(H5N1)	1066	709
PA|PP755594.1|A/cattle/Texas/24-008749-003/2024(H5N1)	1067	709
PA|PP755594.1|A/cattle/Texas/24-008749-003/2024(H5N1)	1068	695
PA|PP755594.1|A/cattle/Texas/24-008749-003/2024(H5N1)	1069	696
PA|PP755594.1|A/cattle/Texas/24-008749-003/2024(H5N1)	1070	695
PA|PP755594.1|A/cattle/Texas/24-008749-003/2024(H5N1)	1071	695
PA|PP755594.1|A/cattle/Texas/24-008749-003/2024(H5N1)	1072	766
PA|PP755594.1|A/cattle/Texas/24-008749-003/2024(H5N1)	1073	766
PA|PP755594.1|A/cattle/Texas/24-008749-003/2024(H5N1)	1074	776
PA|PP755594.1|A/cattle/Texas/24-008749-003/2024(H5N1)	1075	780
PA|PP755594.1|A/cattle/Texas/24-008749-003/2024(H5N1)	1076	790
PA|PP755594.1|A/cattle/Texas/24-008749-003/2024(H5N1)	1077	782
PA|PP755594.1|A/cattle/Texas/24-008749-003/2024(H5N1)	1078	782
PA|PP755594.1|A/cattle/Texas/24-008749-003/2024(H5N1)	1079	781
PA|PP755594.1|A/cattle/Texas/24-008749-003/2024(H5N1)	1080	797
PA|PP755594.1|A/cattle/Texas/24-008749-003/2024(H5N1)	1081	796
PA|PP755594.1|A/cattle/Texas/24-008749-003/2024(H5N1)	1082	794
PA|PP755594.1|A/cattle/Texas/24-008749-003/2024(H5N1)	1083	796
PA|PP755594.1|A/cattle/Texas/24-008749-003/2024(H5N1)	1084	793
PA|PP755594.1|A/cattle/Texas/24-008749-003/2024(H5N1)	1085	791
PA|PP755594.1|A/cattle/Texas/24-008749-003/2024(H5N1)	1086	790
PA|PP755594.1|A/cattle/Texas/24-008749-003/2024(H5N1)	1087	796
PA|PP755594.1|A/cattle/Texas/24-008749-003/2024(H5N1)	1088	796
PA|PP755594.1|A/cattle/Texas/24-008749-003/2024(H5N1)	1089	786
PA|PP755594.1|A/cattle/Texas/24-008749-003/2024(H5N1)	1090	787
PA|PP755594.1|A/cattle/Texas/24-008749-003/2024(H5N1)	1091	789
PA|PP755594.1|A/cattle/Texas/24-008749-003/2024(H5N1)	1092	804
PA|PP755594.1|A/cattle/Texas/24-008749-003/2024(H5N1)	1093	837
PA|PP755594.1|A/cattle/Texas/24-008749-003/2024(H5N1)	1094	832
PA|PP755594.1|A/cattle/Texas/24-008749-003/2024(H5N1)	1095	834
PA|PP755594.1|A/cattle/Texas/24-008749-003/2024(H5N1)	1096	838
PA|PP755594.1|A/cattle/Texas/24-008749-003/2024(H5N1)	1097	845
PA|PP755594.1|A/cattle/Texas/24-008749-003/2024(H5N1)	1098	831
PA|PP755594.1|A/cattle/Texas/24-008749-003/2024(H5N1)	1099	834
PA|PP755594.1|A/cattle/Texas/24-008749-003/2024(H5N1)	1100	839
PA|PP755594.1|A/cattle/Texas/24-008749-003/2024(H5N1)	1101	839
PA|PP755594.1|A/cattle/Texas/24-008749-003/2024(H5N1)	1102	820
PA|PP755594.1|A/cattle/Texas/24-008749-003/2024(H5N1)	1103	819
PA|PP755594.1|A/cattle/Texas/24-008749-003/2024(H5N1)	1104	823
PA|PP755594.1|A/cattle/Texas/24-008749-003/2024(H5N1)	1105	825
PA|PP755594.1|A/cattle/Texas/24-008749-003/2024(H5N1)	1106	830
PA|PP755594.1|A/cattle/Texas/24-008749-003/2024(H5N1)	1107	830
PA|PP755594.1|A/cattle/Texas/24-008749-003/2024(H5N1)	1108	830
PA|PP755594.1|A/cattle/Texas/24-008749-003/2024(H5N1)	1109	821
PA|PP755594.1|A/cattle/Texas/24-008749-003/2024(H5N1)	1110	820
PA|PP755594.1|A/cattle/Texas/24-008749-003/2024(H5N1)	1111	845
PA|PP755594.1|A/cattle/Texas/24-008749-003/2024(H5N1)	1112	843
PA|PP755594.1|A/cattle/Texas/24-008749-003/2024(H5N1)	1113	846
PA|PP755594.1|A/cattle/Texas/24-008749-003/2024(H5N1)	1114	846
PA|PP755594.1|A/cattle/Texas/24-008749-003/2024(H5N1)	1115	849
PA|PP755594.1|A/cattle/Texas/24-008749-003/2024(H5N1)	1116	879
PA|PP755594.1|A/cattle/Texas/24-008749-003/2024(H5N1)	1117	868
PA|PP755594.1|A/cattle/Texas/24-008749-003/2024(H5N1)	1118	878
PA|PP755594.1|A/cattle/Texas/24-008749-003/2024(H5N1)	1119	877
PA|PP755594.1|A/cattle/Texas/24-008749-003/2024(H5N1)	1120	849
PA|PP755594.1|A/cattle/Texas/24-008749-003/2024(H5N1)	1121	848
PA|PP755594.1|A/cattle/Texas/24-008749-003/2024(H5N1)	1122	848
PA|PP755594.1|A/cattle/Texas/24-008749-003/2024(H5N1)	1123	848
PA|PP755594.1|A/cattle/Texas/24-008749-003/2024(H5N1)	1124	845
PA|PP755594.1|A/cattle/Texas/24-008749-003/2024(H5N1)	1125	811
PA|PP755594.1|A/cattle/Texas/24-008749-003/2024(H5N1)	1126	799
PA|PP755594.1|A/cattle/Texas/24-008749-003/2024(H5N1)	1127	789
PA|PP755594.1|A/cattle/Texas/24-008749-003/2024(H5N1)	1128	789
PA|PP755594.1|A/cattle/Texas/24-008749-003/2024(H5N1)	1129	804
PA|PP755594.1|A/cattle/Texas/24-008749-003/2024(H5N1)	1130	804
PA|PP755594.1|A/cattle/Texas/24-008749-003/2024(H5N1)	1131	849
PA|PP755594.1|A/cattle/Texas/24-008749-003/2024(H5N1)	1132	852
PA|PP755594.1|A/cattle/Texas/24-008749-003/2024(H5N1)	1133	856
PA|PP755594.1|A/cattle/Texas/24-008749-003/2024(H5N1)	1134	857
PA|PP755594.1|A/cattle/Texas/24-008749-003/2024(H5N1)	1135	857
PA|PP755594.1|A/cattle/Texas/24-008749-003/2024(H5N1)	1136	848
PA|PP755594.1|A/cattle/Texas/24-008749-003/2024(H5N1)	1137	841
PA|PP755594.1|A/cattle/Texas/24-008749-003/2024(H5N1)	1138	837
PA|PP755594.1|A/cattle/Texas/24-008749-003/2024(H5N1)	1139	872
PA|PP755594.1|A/cattle/Texas/24-008749-003/2024(H5N1)	1140	871
PA|PP755594.1|A/cattle/Texas/24-008749-003/2024(H5N1)	1141	864
PA|PP755594.1|A/cattle/Texas/24-008749-003/2024(H5N1)	1142	865
PA|PP755594.1|A/cattle/Texas/24-008749-003/2024(H5N1)	1143	871
PA|PP755594.1|A/cattle/Texas/24-008749-003/2024(H5N1)	1144	853
PA|PP755594.1|A/cattle/Texas/24-008749-003/2024(H5N1)	1145	854
PA|PP755594.1|A/cattle/Texas/24-008749-003/2024(H5N1)	1146	856
PA|PP755594.1|A/cattle/Texas/24-008749-003/2024(H5N1)	1147	854
PA|PP755594.1|A/cattle/Texas/24-008749-003/2024(H5N1)	1148	831
PA|PP755594.1|A/cattle/Texas/24-008749-003/2024(H5N1)	1149	822
PA|PP755594.1|A/cattle/Texas/24-008749-003/2024(H5N1)	1150	818
PA|PP755594.1|A/cattle/Texas/24-008749-003/2024(H5N1)	1151	818
PA|PP755594.1|A/cattle/Texas/24-008749-003/2024(H5N1)	1152	816
PA|PP755594.1|A/cattle/Texas/24-008749-003/2024(H5N1)	1153	813
PA|PP755594.1|A/cattle/Texas/24-008749-003/2024(H5N1)	1154	801
PA|PP755594.1|A/cattle/Texas/24-008749-003/2024(H5N1)	1155	793
PA|PP755594.1|A/cattle/Texas/24-008749-003/2024(H5N1)	1156	792
PA|PP755594.1|A/cattle/Texas/24-008749-003/2024(H5N1)	1157	792
PA|PP755594.1|A/cattle/Texas/24-008749-003/2024(H5N1)	1158	753
PA|PP755594.1|A/cattle/Texas/24-008749-003/2024(H5N1)	1159	752
PA|PP755594.1|A/cattle/Texas/24-008749-003/2024(H5N1)	1160	731
PA|PP755594.1|A/cattle/Texas/24-008749-003/2024(H5N1)	1161	730
PA|PP755594.1|A/cattle/Texas/24-008749-003/2024(H5N1)	1162	729
PA|PP755594.1|A/cattle/Texas/24-008749-003/2024(H5N1)	1163	729
PA|PP755594.1|A/cattle/Texas/24-008749-003/2024(H5N1)	1164	719
PA|PP755594.1|A/cattle/Texas/24-008749-003/2024(H5N1)	1165	713
PA|PP755594.1|A/cattle/Texas/24-008749-003/2024(H5N1)	1166	709
PA|PP755594.1|A/cattle/Texas/24-008749-003/2024(H5N1)	1167	706
PA|PP755594.1|A/cattle/Texas/24-008749-003/2024(H5N1)	1168	705
PA|PP755594.1|A/cattle/Texas/24-008749-003/2024(H5N1)	1169	702
PA|PP755594.1|A/cattle/Texas/24-008749-003/2024(H5N1)	1170	702
PA|PP755594.1|A/cattle/Texas/24-008749-003/2024(H5N1)	1171	697
PA|PP755594.1|A/cattle/Texas/24-008749-003/2024(H5N1)	1172	693
PA|PP755594.1|A/cattle/Texas/24-008749-003/2024(H5N1)	1173	689
PA|PP755594.1|A/cattle/Texas/24-008749-003/2024(H5N1)	1174	689
PA|PP755594.1|A/cattle/Texas/24-008749-003/2024(H5N1)	1175	665
PA|PP755594.1|A/cattle/Texas/24-008749-003/2024(H5N1)	1176	665
PA|PP755594.1|A/cattle/Texas/24-008749-003/2024(H5N1)	1177	664
PA|PP755594.1|A/cattle/Texas/24-008749-003/2024(H5N1)	1178	661
PA|PP755594.1|A/cattle/Texas/24-008749-003/2024(H5N1)	1179	347
PA|PP755594.1|A/cattle/Texas/24-008749-003/2024(H5N1)	1180	347
PA|PP755594.1|A/cattle/Texas/24-008749-003/2024(H5N1)	1181	347
PA|PP755594.1|A/cattle/Texas/24-008749-003/2024(H5N1)	1182	347
PA|PP755594.1|A/cattle/Texas/24-008749-003/2024(H5N1)	1183	347
PA|PP755594.1|A/cattle/Texas/24-008749-003/2024(H5N1)	1184	347
PA|PP755594.1|A/cattle/Texas/24-008749-003/2024(H5N1)	1185	347
PA|PP755594.1|A/cattle/Texas/24-008749-003/2024(H5N1)	1186	347
PA|PP755594.1|A/cattle/Texas/24-008749-003/2024(H5N1)	1187	347
PA|PP755594.1|A/cattle/Texas/24-008749-003/2024(H5N1)	1188	347
PA|PP755594.1|A/cattle/Texas/24-008749-003/2024(H5N1)	1189	347
PA|PP755594.1|A/cattle/Texas/24-008749-003/2024(H5N1)	1190	347
PA|PP755594.1|A/cattle/Texas/24-008749-003/2024(H5N1)	1191	347
PA|PP755594.1|A/cattle/Texas/24-008749-003/2024(H5N1)	1192	569
PA|PP755594.1|A/cattle/Texas/24-008749-003/2024(H5N1)	1193	569
PA|PP755594.1|A/cattle/Texas/24-008749-003/2024(H5N1)	1194	569
PA|PP755594.1|A/cattle/Texas/24-008749-003/2024(H5N1)	1195	569
PA|PP755594.1|A/cattle/Texas/24-008749-003/2024(H5N1)	1196	569
PA|PP755594.1|A/cattle/Texas/24-008749-003/2024(H5N1)	1197	569
PA|PP755594.1|A/cattle/Texas/24-008749-003/2024(H5N1)	1198	569
PA|PP755594.1|A/cattle/Texas/24-008749-003/2024(H5N1)	1199	620
PA|PP755594.1|A/cattle/Texas/24-008749-003/2024(H5N1)	1200	624
PA|PP755594.1|A/cattle/Texas/24-008749-003/2024(H5N1)	1201	624
PA|PP755594.1|A/cattle/Texas/24-008749-003/2024(H5N1)	1202	624
PA|PP755594.1|A/cattle/Texas/24-008749-003/2024(H5N1)	1203	624
PA|PP755594.1|A/cattle/Texas/24-008749-003/2024(H5N1)	1204	624
PA|PP755594.1|A/cattle/Texas/24-008749-003/2024(H5N1)	1205	624
PA|PP755594.1|A/cattle/Texas/24-008749-003/2024(H5N1)	1206	624
PA|PP755594.1|A/cattle/Texas/24-008749-003/2024(H5N1)	1207	624
PA|PP755594.1|A/cattle/Texas/24-008749-003/2024(H5N1)	1208	624
PA|PP755594.1|A/cattle/Texas/24-008749-003/2024(H5N1)	1209	624
PA|PP755594.1|A/cattle/Texas/24-008749-003/2024(H5N1)	1210	624
PA|PP755594.1|A/cattle/Texas/24-008749-003/2024(H5N1)	1211	624
PA|PP755594.1|A/cattle/Texas/24-008749-003/2024(H5N1)	1212	624
PA|PP755594.1|A/cattle/Texas/24-008749-003/2024(H5N1)	1213	624
PA|PP755594.1|A/cattle/Texas/24-008749-003/2024(H5N1)	1214	624
PA|PP755594.1|A/cattle/Texas/24-008749-003/2024(H5N1)	1215	624
PA|PP755594.1|A/cattle/Texas/24-008749-003/2024(H5N1)	1216	679
PA|PP755594.1|A/cattle/Texas/24-008749-003/2024(H5N1)	1217	679
PA|PP755594.1|A/cattle/Texas/24-008749-003/2024(H5N1)	1218	679
PA|PP755594.1|A/cattle/Texas/24-008749-003/2024(H5N1)	1219	684
PA|PP755594.1|A/cattle/Texas/24-008749-003/2024(H5N1)	1220	684
PA|PP755594.1|A/cattle/Texas/24-008749-003/2024(H5N1)	1221	684
PA|PP755594.1|A/cattle/Texas/24-008749-003/2024(H5N1)	1222	684
PA|PP755594.1|A/cattle/Texas/24-008749-003/2024(H5N1)	1223	684
PA|PP755594.1|A/cattle/Texas/24-008749-003/2024(H5N1)	1224	687
PA|PP755594.1|A/cattle/Texas/24-008749-003/2024(H5N1)	1225	704
PA|PP755594.1|A/cattle/Texas/24-008749-003/2024(H5N1)	1226	704
PA|PP755594.1|A/cattle/Texas/24-008749-003/2024(H5N1)	1227	704
PA|PP755594.1|A/cattle/Texas/24-008749-003/2024(H5N1)	1228	704
PA|PP755594.1|A/cattle/Texas/24-008749-003/2024(H5N1)	1229	704
PA|PP755594.1|A/cattle/Texas/24-008749-003/2024(H5N1)	1230	704
PA|PP755594.1|A/cattle/Texas/24-008749-003/2024(H5N1)	1231	694
PA|PP755594.1|A/cattle/Texas/24-008749-003/2024(H5N1)	1232	692
PA|PP755594.1|A/cattle/Texas/24-008749-003/2024(H5N1)	1233	686
PA|PP755594.1|A/cattle/Texas/24-008749-003/2024(H5N1)	1234	685
PA|PP755594.1|A/cattle/Texas/24-008749-003/2024(H5N1)	1235	685
PA|PP755594.1|A/cattle/Texas/24-008749-003/2024(H5N1)	1236	676
PA|PP755594.1|A/cattle/Texas/24-008749-003/2024(H5N1)	1237	667
PA|PP755594.1|A/cattle/Texas/24-008749-003/2024(H5N1)	1238	667
PA|PP755594.1|A/cattle/Texas/24-008749-003/2024(H5N1)	1239	666
PA|PP755594.1|A/cattle/Texas/24-008749-003/2024(H5N1)	1240	666
PA|PP755594.1|A/cattle/Texas/24-008749-003/2024(H5N1)	1241	663
PA|PP755594.1|A/cattle/Texas/24-008749-003/2024(H5N1)	1242	644
PA|PP755594.1|A/cattle/Texas/24-008749-003/2024(H5N1)	1243	644
PA|PP755594.1|A/cattle/Texas/24-008749-003/2024(H5N1)	1244	621
PA|PP755594.1|A/cattle/Texas/24-008749-003/2024(H5N1)	1245	303
PA|PP755594.1|A/cattle/Texas/24-008749-003/2024(H5N1)	1246	301
PA|PP755594.1|A/cattle/Texas/24-008749-003/2024(H5N1)	1247	297
PA|PP755594.1|A/cattle/Texas/24-008749-003/2024(H5N1)	1248	289
PA|PP755594.1|A/cattle/Texas/24-008749-003/2024(H5N1)	1249	288
PA|PP755594.1|A/cattle/Texas/24-008749-003/2024(H5N1)	1250	288
PA|PP755594.1|A/cattle/Texas/24-008749-003/2024(H5N1)	1251	285
PA|PP755594.1|A/cattle/Texas/24-008749-003/2024(H5N1)	1252	282
PA|PP755594.1|A/cattle/Texas/24-008749-003/2024(H5N1)	1253	280
PA|PP755594.1|A/cattle/Texas/24-008749-003/2024(H5N1)	1254	274
PA|PP755594.1|A/cattle/Texas/24-008749-003/2024(H5N1)	1255	274
PA|PP755594.1|A/cattle/Texas/24-008749-003/2024(H5N1)	1256	274
PA|PP755594.1|A/cattle/Texas/24-008749-003/2024(H5N1)	1257	255
PA|PP755594.1|A/cattle/Texas/24-008749-003/2024(H5N1)	1258	255
PA|PP755594.1|A/cattle/Texas/24-008749-003/2024(H5N1)	1259	255
PA|PP755594.1|A/cattle/Texas/24-008749-003/2024(H5N1)	1260	255
PA|PP755594.1|A/cattle/Texas/24-008749-003/2024(H5N1)	1261	255
PA|PP755594.1|A/cattle/Texas/24-008749-003/2024(H5N1)	1262	255
PA|PP755594.1|A/cattle/Texas/24-008749-003/2024(H5N1)	1263	255
PA|PP755594.1|A/cattle/Texas/24-008749-003/2024(H5N1)	1264	256
PA|PP755594.1|A/cattle/Texas/24-008749-003/2024(H5N1)	1265	306
PA|PP755594.1|A/cattle/Texas/24-008749-003/2024(H5N1)	1266	323
PA|PP755594.1|A/cattle/Texas/24-008749-003/2024(H5N1)	1267	323
PA|PP755594.1|A/cattle/Texas/24-008749-003/2024(H5N1)	1268	323
PA|PP755594.1|A/cattle/Texas/24-008749-003/2024(H5N1)	1269	323
PA|PP755594.1|A/cattle/Texas/24-008749-003/2024(H5N1)	1270	336
PA|PP755594.1|A/cattle/Texas/24-008749-003/2024(H5N1)	1271	337
PA|PP755594.1|A/cattle/Texas/24-008749-003/2024(H5N1)	1272	337
PA|PP755594.1|A/cattle/Texas/24-008749-003/2024(H5N1)	1273	337
PA|PP755594.1|A/cattle/Texas/24-008749-003/2024(H5N1)	1274	337
PA|PP755594.1|A/cattle/Texas/24-008749-003/2024(H5N1)	1275	337
PA|PP755594.1|A/cattle/Texas/24-008749-003/2024(H5N1)	1276	337
PA|PP755594.1|A/cattle/Texas/24-008749-003/2024(H5N1)	1277	337
PA|PP755594.1|A/cattle/Texas/24-008749-003/2024(H5N1)	1278	337
PA|PP755594.1|A/cattle/Texas/24-008749-003/2024(H5N1)	1279	337
PA|PP755594.1|A/cattle/Texas/24-008749-003/2024(H5N1)	1280	356
PA|PP755594.1|A/cattle/Texas/24-008749-003/2024(H5N1)	1281	356
PA|PP755594.1|A/cattle/Texas/24-008749-003/2024(H5N1)	1282	589
PA|PP755594.1|A/cattle/Texas/24-008749-003/2024(H5N1)	1283	593
PA|PP755594.1|A/cattle/Texas/24-008749-003/2024(H5N1)	1284	597
PA|PP755594.1|A/cattle/Texas/24-008749-003/2024(H5N1)	1285	605
PA|PP755594.1|A/cattle/Texas/24-008749-003/2024(H5N1)	1286	640
PA|PP755594.1|A/cattle/Texas/24-008749-003/2024(H5N1)	1287	650
PA|PP755594.1|A/cattle/Texas/24-008749-003/2024(H5N1)	1288	653
PA|PP755594.1|A/cattle/Texas/24-008749-003/2024(H5N1)	1289	658
PA|PP755594.1|A/cattle/Texas/24-008749-003/2024(H5N1)	1290	658
PA|PP755594.1|A/cattle/Texas/24-008749-003/2024(H5N1)	1291	658
PA|PP755594.1|A/cattle/Texas/24-008749-003/2024(H5N1)	1292	687
PA|PP755594.1|A/cattle/Texas/24-008749-003/2024(H5N1)	1293	687
PA|PP755594.1|A/cattle/Texas/24-008749-003/2024(H5N1)	1294	687
PA|PP755594.1|A/cattle/Texas/24-008749-003/2024(H5N1)	1295	699
PA|PP755594.1|A/cattle/Texas/24-008749-003/2024(H5N1)	1296	701
PA|PP755594.1|A/cattle/Texas/24-008749-003/2024(H5N1)	1297	701
PA|PP755594.1|A/cattle/Texas/24-008749-003/2024(H5N1)	1298	703
PA|PP755594.1|A/cattle/Texas/24-008749-003/2024(H5N1)	1299	703
PA|PP755594.1|A/cattle/Texas/24-008749-003/2024(H5N1)	1300	703
PA|PP755594.1|A/cattle/Texas/24-008749-003/2024(H5N1)	1301	703
PA|PP755594.1|A/cattle/Texas/24-008749-003/2024(H5N1)	1302	703
PA|PP755594.1|A/cattle/Texas/24-008749-003/2024(H5N1)	1303	713
PA|PP755594.1|A/cattle/Texas/24-008749-003/2024(H5N1)	1304	713
PA|PP755594.1|A/cattle/Texas/24-008749-003/2024(H5N1)	1305	714
PA|PP755594.1|A/cattle/Texas/24-008749-003/2024(H5N1)	1306	719
PA|PP755594.1|A/cattle/Texas/24-008749-003/2024(H5N1)	1307	726
PA|PP755594.1|A/cattle/Texas/24-008749-003/2024(H5N1)	1308	728
PA|PP755594.1|A/cattle/Texas/24-008749-003/2024(H5N1)	1309	729
PA|PP755594.1|A/cattle/Texas/24-008749-003/2024(H5N1)	1310	730
PA|PP755594.1|A/cattle/Texas/24-008749-003/2024(H5N1)	1311	744
PA|PP755594.1|A/cattle/Texas/24-008749-003/2024(H5N1)	1312	744
PA|PP755594.1|A/cattle/Texas/24-008749-003/2024(H5N1)	1313	744
PA|PP755594.1|A/cattle/Texas/24-008749-003/2024(H5N1)	1314	744
PA|PP755594.1|A/cattle/Texas/24-008749-003/2024(H5N1)	1315	744
PA|PP755594.1|A/cattle/Texas/24-008749-003/2024(H5N1)	1316	725
PA|PP755594.1|A/cattle/Texas/24-008749-003/2024(H5N1)	1317	641
PA|PP755594.1|A/cattle/Texas/24-008749-003/2024(H5N1)	1318	641
PA|PP755594.1|A/cattle/Texas/24-008749-003/2024(H5N1)	1319	641
PA|PP755594.1|A/cattle/Texas/24-008749-003/2024(H5N1)	1320	641
PA|PP755594.1|A/cattle/Texas/24-008749-003/2024(H5N1)	1321	641
PA|PP755594.1|A/cattle/Texas/24-008749-003/2024(H5N1)	1322	691
PA|PP755594.1|A/cattle/Texas/24-008749-003/2024(H5N1)	1323	692
PA|PP755594.1|A/cattle/Texas/24-008749-003/2024(H5N1)	1324	693
PA|PP755594.1|A/cattle/Texas/24-008749-003/2024(H5N1)	1325	693
PA|PP755594.1|A/cattle/Texas/24-008749-003/2024(H5N1)	1326	695
PA|PP755594.1|A/cattle/Texas/24-008749-003/2024(H5N1)	1327	698
PA|PP755594.1|A/cattle/Texas/24-008749-003/2024(H5N1)	1328	699
PA|PP755594.1|A/cattle/Texas/24-008749-003/2024(H5N1)	1329	717
PA|PP755594.1|A/cattle/Texas/24-008749-003/2024(H5N1)	1330	724
PA|PP755594.1|A/cattle/Texas/24-008749-003/2024(H5N1)	1331	724
PA|PP755594.1|A/cattle/Texas/24-008749-003/2024(H5N1)	1332	726
PA|PP755594.1|A/cattle/Texas/24-008749-003/2024(H5N1)	1333	733
PA|PP755594.1|A/cattle/Texas/24-008749-003/2024(H5N1)	1334	733
PA|PP755594.1|A/cattle/Texas/24-008749-003/2024(H5N1)	1335	734
PA|PP755594.1|A/cattle/Texas/24-008749-003/2024(H5N1)	1336	734
PA|PP755594.1|A/cattle/Texas/24-008749-003/2024(H5N1)	1337	735
PA|PP755594.1|A/cattle/Texas/24-008749-003/2024(H5N1)	1338	734
PA|PP755594.1|A/cattle/Texas/24-008749-003/2024(H5N1)	1339	733
PA|PP755594.1|A/cattle/Texas/24-008749-003/2024(H5N1)	1340	750
PA|PP755594.1|A/cattle/Texas/24-008749-003/2024(H5N1)	1341	749
PA|PP755594.1|A/cattle/Texas/24-008749-003/2024(H5N1)	1342	741
PA|PP755594.1|A/cattle/Texas/24-008749-003/2024(H5N1)	1343	740
PA|PP755594.1|A/cattle/Texas/24-008749-003/2024(H5N1)	1344	670
PA|PP755594.1|A/cattle/Texas/24-008749-003/2024(H5N1)	1345	672
PA|PP755594.1|A/cattle/Texas/24-008749-003/2024(H5N1)	1346	672
PA|PP755594.1|A/cattle/Texas/24-008749-003/2024(H5N1)	1347	672
PA|PP755594.1|A/cattle/Texas/24-008749-003/2024(H5N1)	1348	676
PA|PP755594.1|A/cattle/Texas/24-008749-003/2024(H5N1)	1349	691
PA|PP755594.1|A/cattle/Texas/24-008749-003/2024(H5N1)	1350	701
PA|PP755594.1|A/cattle/Texas/24-008749-003/2024(H5N1)	1351	721
PA|PP755594.1|A/cattle/Texas/24-008749-003/2024(H5N1)	1352	721
PA|PP755594.1|A/cattle/Texas/24-008749-003/2024(H5N1)	1353	733
PA|PP755594.1|A/cattle/Texas/24-008749-003/2024(H5N1)	1354	740
PA|PP755594.1|A/cattle/Texas/24-008749-003/2024(H5N1)	1355	755
PA|PP755594.1|A/cattle/Texas/24-008749-003/2024(H5N1)	1356	782
PA|PP755594.1|A/cattle/Texas/24-008749-003/2024(H5N1)	1357	785
PA|PP755594.1|A/cattle/Texas/24-008749-003/2024(H5N1)	1358	785
PA|PP755594.1|A/cattle/Texas/24-008749-003/2024(H5N1)	1359	790
PA|PP755594.1|A/cattle/Texas/24-008749-003/2024(H5N1)	1360	783
PA|PP755594.1|A/cattle/Texas/24-008749-003/2024(H5N1)	1361	789
PA|PP755594.1|A/cattle/Texas/24-008749-003/2024(H5N1)	1362	788
PA|PP755594.1|A/cattle/Texas/24-008749-003/2024(H5N1)	1363	784
PA|PP755594.1|A/cattle/Texas/24-008749-003/2024(H5N1)	1364	777
PA|PP755594.1|A/cattle/Texas/24-008749-003/2024(H5N1)	1365	764
PA|PP755594.1|A/cattle/Texas/24-008749-003/2024(H5N1)	1366	787
PA|PP755594.1|A/cattle/Texas/24-008749-003/2024(H5N1)	1367	781
PA|PP755594.1|A/cattle/Texas/24-008749-003/2024(H5N1)	1368	782
PA|PP755594.1|A/cattle/Texas/24-008749-003/2024(H5N1)	1369	785
PA|PP755594.1|A/cattle/Texas/24-008749-003/2024(H5N1)	1370	785
PA|PP755594.1|A/cattle/Texas/24-008749-003/2024(H5N1)	1371	790
PA|PP755594.1|A/cattle/Texas/24-008749-003/2024(H5N1)	1372	788
PA|PP755594.1|A/cattle/Texas/24-008749-003/2024(H5N1)	1373	783
PA|PP755594.1|A/cattle/Texas/24-008749-003/2024(H5N1)	1374	796
PA|PP755594.1|A/cattle/Texas/24-008749-003/2024(H5N1)	1375	781
PA|PP755594.1|A/cattle/Texas/24-008749-003/2024(H5N1)	1376	784
PA|PP755594.1|A/cattle/Texas/24-008749-003/2024(H5N1)	1377	790
PA|PP755594.1|A/cattle/Texas/24-008749-003/2024(H5N1)	1378	792
PA|PP755594.1|A/cattle/Texas/24-008749-003/2024(H5N1)	1379	783
PA|PP755594.1|A/cattle/Texas/24-008749-003/2024(H5N1)	1380	783
PA|PP755594.1|A/cattle/Texas/24-008749-003/2024(H5N1)	1381	783
PA|PP755594.1|A/cattle/Texas/24-008749-003/2024(H5N1)	1382	782
PA|PP755594.1|A/cattle/Texas/24-008749-003/2024(H5N1)	1383	775
PA|PP755594.1|A/cattle/Texas/24-008749-003/2024(H5N1)	1384	758
PA|PP755594.1|A/cattle/Texas/24-008749-003/2024(H5N1)	1385	758
PA|PP755594.1|A/cattle/Texas/24-008749-003/2024(H5N1)	1386	752
PA|PP755594.1|A/cattle/Texas/24-008749-003/2024(H5N1)	1387	752
PA|PP755594.1|A/cattle/Texas/24-008749-003/2024(H5N1)	1388	753
PA|PP755594.1|A/cattle/Texas/24-008749-003/2024(H5N1)	1389	740
PA|PP755594.1|A/cattle/Texas/24-008749-003/2024(H5N1)	1390	743
PA|PP755594.1|A/cattle/Texas/24-008749-003/2024(H5N1)	1391	743
PA|PP755594.1|A/cattle/Texas/24-008749-003/2024(H5N1)	1392	742
PA|PP755594.1|A/cattle/Texas/24-008749-003/2024(H5N1)	1393	741
PA|PP755594.1|A/cattle/Texas/24-008749-003/2024(H5N1)	1394	741
PA|PP755594.1|A/cattle/Texas/24-008749-003/2024(H5N1)	1395	730
PA|PP755594.1|A/cattle/Texas/24-008749-003/2024(H5N1)	1396	725
PA|PP755594.1|A/cattle/Texas/24-008749-003/2024(H5N1)	1397	714
PA|PP755594.1|A/cattle/Texas/24-008749-003/2024(H5N1)	1398	707
PA|PP755594.1|A/cattle/Texas/24-008749-003/2024(H5N1)	1399	706
PA|PP755594.1|A/cattle/Texas/24-008749-003/2024(H5N1)	1400	706
PA|PP755594.1|A/cattle/Texas/24-008749-003/2024(H5N1)	1401	676
PA|PP755594.1|A/cattle/Texas/24-008749-003/2024(H5N1)	1402	673
PA|PP755594.1|A/cattle/Texas/24-008749-003/2024(H5N1)	1403	672
PA|PP755594.1|A/cattle/Texas/24-008749-003/2024(H5N1)	1404	525
PA|PP755594.1|A/cattle/Texas/24-008749-003/2024(H5N1)	1405	515
PA|PP755594.1|A/cattle/Texas/24-008749-003/2024(H5N1)	1406	485
PA|PP755594.1|A/cattle/Texas/24-008749-003/2024(H5N1)	1407	485
PA|PP755594.1|A/cattle/Texas/24-008749-003/2024(H5N1)	1408	485
PA|PP755594.1|A/cattle/Texas/24-008749-003/2024(H5N1)	1409	486
PA|PP755594.1|A/cattle/Texas/24-008749-003/2024(H5N1)	1410	487
PA|PP755594.1|A/cattle/Texas/24-008749-003/2024(H5N1)	1411	715
PA|PP755594.1|A/cattle/Texas/24-008749-003/2024(H5N1)	1412	715
PA|PP755594.1|A/cattle/Texas/24-008749-003/2024(H5N1)	1413	717
PA|PP755594.1|A/cattle/Texas/24-008749-003/2024(H5N1)	1414	717
PA|PP755594.1|A/cattle/Texas/24-008749-003/2024(H5N1)	1415	720
PA|PP755594.1|A/cattle/Texas/24-008749-003/2024(H5N1)	1416	728
PA|PP755594.1|A/cattle/Texas/24-008749-003/2024(H5N1)	1417	729
PA|PP755594.1|A/cattle/Texas/24-008749-003/2024(H5N1)	1418	729
PA|PP755594.1|A/cattle/Texas/24-008749-003/2024(H5N1)	1419	729
PA|PP755594.1|A/cattle/Texas/24-008749-003/2024(H5N1)	1420	730
PA|PP755594.1|A/cattle/Texas/24-008749-003/2024(H5N1)	1421	730
PA|PP755594.1|A/cattle/Texas/24-008749-003/2024(H5N1)	1422	731
PA|PP755594.1|A/cattle/Texas/24-008749-003/2024(H5N1)	1423	736
PA|PP755594.1|A/cattle/Texas/24-008749-003/2024(H5N1)	1424	746
PA|PP755594.1|A/cattle/Texas/24-008749-003/2024(H5N1)	1425	746
PA|PP755594.1|A/cattle/Texas/24-008749-003/2024(H5N1)	1426	774
PA|PP755594.1|A/cattle/Texas/24-008749-003/2024(H5N1)	1427	776
PA|PP755594.1|A/cattle/Texas/24-008749-003/2024(H5N1)	1428	776
PA|PP755594.1|A/cattle/Texas/24-008749-003/2024(H5N1)	1429	785
PA|PP755594.1|A/cattle/Texas/24-008749-003/2024(H5N1)	1430	788
PA|PP755594.1|A/cattle/Texas/24-008749-003/2024(H5N1)	1431	775
PA|PP755594.1|A/cattle/Texas/24-008749-003/2024(H5N1)	1432	780
PA|PP755594.1|A/cattle/Texas/24-008749-003/2024(H5N1)	1433	788
PA|PP755594.1|A/cattle/Texas/24-008749-003/2024(H5N1)	1434	784
PA|PP755594.1|A/cattle/Texas/24-008749-003/2024(H5N1)	1435	746
PA|PP755594.1|A/cattle/Texas/24-008749-003/2024(H5N1)	1436	739
PA|PP755594.1|A/cattle/Texas/24-008749-003/2024(H5N1)	1437	734
PA|PP755594.1|A/cattle/Texas/24-008749-003/2024(H5N1)	1438	732
PA|PP755594.1|A/cattle/Texas/24-008749-003/2024(H5N1)	1439	732
PA|PP755594.1|A/cattle/Texas/24-008749-003/2024(H5N1)	1440	727
PA|PP755594.1|A/cattle/Texas/24-008749-003/2024(H5N1)	1441	724
PA|PP755594.1|A/cattle/Texas/24-008749-003/2024(H5N1)	1442	721
PA|PP755594.1|A/cattle/Texas/24-008749-003/2024(H5N1)	1443	689
PA|PP755594.1|A/cattle/Texas/24-008749-003/2024(H5N1)	1444	688
PA|PP755594.1|A/cattle/Texas/24-008749-003/2024(H5N1)	1445	732
PA|PP755594.1|A/cattle/Texas/24-008749-003/2024(H5N1)	1446	732
PA|PP755594.1|A/cattle/Texas/24-008749-003/2024(H5N1)	1447	732
PA|PP755594.1|A/cattle/Texas/24-008749-003/2024(H5N1)	1448	739
PA|PP755594.1|A/cattle/Texas/24-008749-003/2024(H5N1)	1449	737
PA|PP755594.1|A/cattle/Texas/24-008749-003/2024(H5N1)	1450	758
PA|PP755594.1|A/cattle/Texas/24-008749-003/2024(H5N1)	1451	762
PA|PP755594.1|A/cattle/Texas/24-008749-003/2024(H5N1)	1452	759
PA|PP755594.1|A/cattle/Texas/24-008749-003/2024(H5N1)	1453	757
PA|PP755594.1|A/cattle/Texas/24-008749-003/2024(H5N1)	1454	749
PA|PP755594.1|A/cattle/Texas/24-008749-003/2024(H5N1)	1455	749
PA|PP755594.1|A/cattle/Texas/24-008749-003/2024(H5N1)	1456	748
PA|PP755594.1|A/cattle/Texas/24-008749-003/2024(H5N1)	1457	740
PA|PP755594.1|A/cattle/Texas/24-008749-003/2024(H5N1)	1458	738
PA|PP755594.1|A/cattle/Texas/24-008749-003/2024(H5N1)	1459	734
PA|PP755594.1|A/cattle/Texas/24-008749-003/2024(H5N1)	1460	732
PA|PP755594.1|A/cattle/Texas/24-008749-003/2024(H5N1)	1461	705
PA|PP755594.1|A/cattle/Texas/24-008749-003/2024(H5N1)	1462	705
PA|PP755594.1|A/cattle/Texas/24-008749-003/2024(H5N1)	1463	703
PA|PP755594.1|A/cattle/Texas/24-008749-003/2024(H5N1)	1464	694
PA|PP755594.1|A/cattle/Texas/24-008749-003/2024(H5N1)	1465	694
PA|PP755594.1|A/cattle/Texas/24-008749-003/2024(H5N1)	1466	694
PA|PP755594.1|A/cattle/Texas/24-008749-003/2024(H5N1)	1467	694
PA|PP755594.1|A/cattle/Texas/24-008749-003/2024(H5N1)	1468	679
PA|PP755594.1|A/cattle/Texas/24-008749-003/2024(H5N1)	1469	676
PA|PP755594.1|A/cattle/Texas/24-008749-003/2024(H5N1)	1470	668
PA|PP755594.1|A/cattle/Texas/24-008749-003/2024(H5N1)	1471	688
PA|PP755594.1|A/cattle/Texas/24-008749-003/2024(H5N1)	1472	706
PA|PP755594.1|A/cattle/Texas/24-008749-003/2024(H5N1)	1473	696
PA|PP755594.1|A/cattle/Texas/24-008749-003/2024(H5N1)	1474	1267
PA|PP755594.1|A/cattle/Texas/24-008749-003/2024(H5N1)	1475	1323
PA|PP755594.1|A/cattle/Texas/24-008749-003/2024(H5N1)	1476	1323
PA|PP755594.1|A/cattle/Texas/24-008749-003/2024(H5N1)	1477	1330
PA|PP755594.1|A/cattle/Texas/24-008749-003/2024(H5N1)	1478	1329
PA|PP755594.1|A/cattle/Texas/24-008749-003/2024(H5N1)	1479	1321
PA|PP755594.1|A/cattle/Texas/24-008749-003/2024(H5N1)	1480	1318
PA|PP755594.1|A/cattle/Texas/24-008749-003/2024(H5N1)	1481	1314
PA|PP755594.1|A/cattle/Texas/24-008749-003/2024(H5N1)	1482	1314
PA|PP755594.1|A/cattle/Texas/24-008749-003/2024(H5N1)	1483	1298
PA|PP755594.1|A/cattle/Texas/24-008749-003/2024(H5N1)	1484	1289
PA|PP755594.1|A/cattle/Texas/24-008749-003/2024(H5N1)	1485	1312
PA|PP755594.1|A/cattle/Texas/24-008749-003/2024(H5N1)	1486	1312
PA|PP755594.1|A/cattle/Texas/24-008749-003/2024(H5N1)	1487	1312
PA|PP755594.1|A/cattle/Texas/24-008749-003/2024(H5N1)	1488	1311
PA|PP755594.1|A/cattle/Texas/24-008749-003/2024(H5N1)	1489	1308
PA|PP755594.1|A/cattle/Texas/24-008749-003/2024(H5N1)	1490	1206
PA|PP755594.1|A/cattle/Texas/24-008749-003/2024(H5N1)	1491	1182
PA|PP755594.1|A/cattle/Texas/24-008749-003/2024(H5N1)	1492	1187
PA|PP755594.1|A/cattle/Texas/24-008749-003/2024(H5N1)	1493	1194
PA|PP755594.1|A/cattle/Texas/24-008749-003/2024(H5N1)	1494	1197
PA|PP755594.1|A/cattle/Texas/24-008749-003/2024(H5N1)	1495	1254
PA|PP755594.1|A/cattle/Texas/24-008749-003/2024(H5N1)	1496	1252
PA|PP755594.1|A/cattle/Texas/24-008749-003/2024(H5N1)	1497	1250
PA|PP755594.1|A/cattle/Texas/24-008749-003/2024(H5N1)	1498	1349
PA|PP755594.1|A/cattle/Texas/24-008749-003/2024(H5N1)	1499	1359
PA|PP755594.1|A/cattle/Texas/24-008749-003/2024(H5N1)	1500	1388
PA|PP755594.1|A/cattle/Texas/24-008749-003/2024(H5N1)	1501	1660
PA|PP755594.1|A/cattle/Texas/24-008749-003/2024(H5N1)	1502	1661
PA|PP755594.1|A/cattle/Texas/24-008749-003/2024(H5N1)	1503	1750
PA|PP755594.1|A/cattle/Texas/24-008749-003/2024(H5N1)	1504	1764
PA|PP755594.1|A/cattle/Texas/24-008749-003/2024(H5N1)	1505	1772
PA|PP755594.1|A/cattle/Texas/24-008749-003/2024(H5N1)	1506	1804
PA|PP755594.1|A/cattle/Texas/24-008749-003/2024(H5N1)	1507	1826
PA|PP755594.1|A/cattle/Texas/24-008749-003/2024(H5N1)	1508	1827
PA|PP755594.1|A/cattle/Texas/24-008749-003/2024(H5N1)	1509	1835
PA|PP755594.1|A/cattle/Texas/24-008749-003/2024(H5N1)	1510	1856
PA|PP755594.1|A/cattle/Texas/24-008749-003/2024(H5N1)	1511	1901
PA|PP755594.1|A/cattle/Texas/24-008749-003/2024(H5N1)	1512	1904
PA|PP755594.1|A/cattle/Texas/24-008749-003/2024(H5N1)	1513	1939
PA|PP755594.1|A/cattle/Texas/24-008749-003/2024(H5N1)	1514	1947
PA|PP755594.1|A/cattle/Texas/24-008749-003/2024(H5N1)	1515	2000
PA|PP755594.1|A/cattle/Texas/24-008749-003/2024(H5N1)	1516	2014
PA|PP755594.1|A/cattle/Texas/24-008749-003/2024(H5N1)	1517	2001
PA|PP755594.1|A/cattle/Texas/24-008749-003/2024(H5N1)	1518	2001
PA|PP755594.1|A/cattle/Texas/24-008749-003/2024(H5N1)	1519	2003
PA|PP755594.1|A/cattle/Texas/24-008749-003/2024(H5N1)	1520	2000
PA|PP755594.1|A/cattle/Texas/24-008749-003/2024(H5N1)	1521	2010
PA|PP755594.1|A/cattle/Texas/24-008749-003/2024(H5N1)	1522	2005
PA|PP755594.1|A/cattle/Texas/24-008749-003/2024(H5N1)	1523	2008
PA|PP755594.1|A/cattle/Texas/24-008749-003/2024(H5N1)	1524	2001
PA|PP755594.1|A/cattle/Texas/24-008749-003/2024(H5N1)	1525	1991
PA|PP755594.1|A/cattle/Texas/24-008749-003/2024(H5N1)	1526	1981
PA|PP755594.1|A/cattle/Texas/24-008749-003/2024(H5N1)	1527	2002
PA|PP755594.1|A/cattle/Texas/24-008749-003/2024(H5N1)	1528	2167
PA|PP755594.1|A/cattle/Texas/24-008749-003/2024(H5N1)	1529	2201
PA|PP755594.1|A/cattle/Texas/24-008749-003/2024(H5N1)	1530	2210
PA|PP755594.1|A/cattle/Texas/24-008749-003/2024(H5N1)	1531	2210
PA|PP755594.1|A/cattle/Texas/24-008749-003/2024(H5N1)	1532	2197
PA|PP755594.1|A/cattle/Texas/24-008749-003/2024(H5N1)	1533	2208
PA|PP755594.1|A/cattle/Texas/24-008749-003/2024(H5N1)	1534	2216
PA|PP755594.1|A/cattle/Texas/24-008749-003/2024(H5N1)	1535	2216
PA|PP755594.1|A/cattle/Texas/24-008749-003/2024(H5N1)	1536	2293
PA|PP755594.1|A/cattle/Texas/24-008749-003/2024(H5N1)	1537	2299
PA|PP755594.1|A/cattle/Texas/24-008749-003/2024(H5N1)	1538	2304
PA|PP755594.1|A/cattle/Texas/24-008749-003/2024(H5N1)	1539	2310
PA|PP755594.1|A/cattle/Texas/24-008749-003/2024(H5N1)	1540	2317
PA|PP755594.1|A/cattle/Texas/24-008749-003/2024(H5N1)	1541	2311
PA|PP755594.1|A/cattle/Texas/24-008749-003/2024(H5N1)	1542	2284
PA|PP755594.1|A/cattle/Texas/24-008749-003/2024(H5N1)	1543	2279
PA|PP755594.1|A/cattle/Texas/24-008749-003/2024(H5N1)	1544	2316
PA|PP755594.1|A/cattle/Texas/24-008749-003/2024(H5N1)	1545	2289
PA|PP755594.1|A/cattle/Texas/24-008749-003/2024(H5N1)	1546	2289
PA|PP755594.1|A/cattle/Texas/24-008749-003/2024(H5N1)	1547	2285
PA|PP755594.1|A/cattle/Texas/24-008749-003/2024(H5N1)	1548	2255
PA|PP755594.1|A/cattle/Texas/24-008749-003/2024(H5N1)	1549	2254
PA|PP755594.1|A/cattle/Texas/24-008749-003/2024(H5N1)	1550	2247
PA|PP755594.1|A/cattle/Texas/24-008749-003/2024(H5N1)	1551	1996
PA|PP755594.1|A/cattle/Texas/24-008749-003/2024(H5N1)	1552	1996
PA|PP755594.1|A/cattle/Texas/24-008749-003/2024(H5N1)	1553	1972
PA|PP755594.1|A/cattle/Texas/24-008749-003/2024(H5N1)	1554	1972
PA|PP755594.1|A/cattle/Texas/24-008749-003/2024(H5N1)	1555	1981
PA|PP755594.1|A/cattle/Texas/24-008749-003/2024(H5N1)	1556	1981
PA|PP755594.1|A/cattle/Texas/24-008749-003/2024(H5N1)	1557	1981
PA|PP755594.1|A/cattle/Texas/24-008749-003/2024(H5N1)	1558	1984
PA|PP755594.1|A/cattle/Texas/24-008749-003/2024(H5N1)	1559	1990
PA|PP755594.1|A/cattle/Texas/24-008749-003/2024(H5N1)	1560	1999
PA|PP755594.1|A/cattle/Texas/24-008749-003/2024(H5N1)	1561	1999
PA|PP755594.1|A/cattle/Texas/24-008749-003/2024(H5N1)	1562	1999
PA|PP755594.1|A/cattle/Texas/24-008749-003/2024(H5N1)	1563	1999
PA|PP755594.1|A/cattle/Texas/24-008749-003/2024(H5N1)	1564	2012
PA|PP755594.1|A/cattle/Texas/24-008749-003/2024(H5N1)	1565	2086
PA|PP755594.1|A/cattle/Texas/24-008749-003/2024(H5N1)	1566	2086
PA|PP755594.1|A/cattle/Texas/24-008749-003/2024(H5N1)	1567	2086
PA|PP755594.1|A/cattle/Texas/24-008749-003/2024(H5N1)	1568	2094
PA|PP755594.1|A/cattle/Texas/24-008749-003/2024(H5N1)	1569	2094
PA|PP755594.1|A/cattle/Texas/24-008749-003/2024(H5N1)	1570	2121
PA|PP755594.1|A/cattle/Texas/24-008749-003/2024(H5N1)	1571	2121
PA|PP755594.1|A/cattle/Texas/24-008749-003/2024(H5N1)	1572	2121
PA|PP755594.1|A/cattle/Texas/24-008749-003/2024(H5N1)	1573	2153
PA|PP755594.1|A/cattle/Texas/24-008749-003/2024(H5N1)	1574	2157
PA|PP755594.1|A/cattle/Texas/24-008749-003/2024(H5N1)	1575	2158
PA|PP755594.1|A/cattle/Texas/24-008749-003/2024(H5N1)	1576	2436
PA|PP755594.1|A/cattle/Texas/24-008749-003/2024(H5N1)	1577	2438
PA|PP755594.1|A/cattle/Texas/24-008749-003/2024(H5N1)	1578	2438
PA|PP755594.1|A/cattle/Texas/24-008749-003/2024(H5N1)	1579	2450
PA|PP755594.1|A/cattle/Texas/24-008749-003/2024(H5N1)	1580	2423
PA|PP755594.1|A/cattle/Texas/24-008749-003/2024(H5N1)	1581	2451
PA|PP755594.1|A/cattle/Texas/24-008749-003/2024(H5N1)	1582	2495
PA|PP755594.1|A/cattle/Texas/24-008749-003/2024(H5N1)	1583	2520
PA|PP755594.1|A/cattle/Texas/24-008749-003/2024(H5N1)	1584	2524
PA|PP755594.1|A/cattle/Texas/24-008749-003/2024(H5N1)	1585	2591
PA|PP755594.1|A/cattle/Texas/24-008749-003/2024(H5N1)	1586	2642
PA|PP755594.1|A/cattle/Texas/24-008749-003/2024(H5N1)	1587	2664
PA|PP755594.1|A/cattle/Texas/24-008749-003/2024(H5N1)	1588	2724
PA|PP755594.1|A/cattle/Texas/24-008749-003/2024(H5N1)	1589	2735
PA|PP755594.1|A/cattle/Texas/24-008749-003/2024(H5N1)	1590	2735
PA|PP755594.1|A/cattle/Texas/24-008749-003/2024(H5N1)	1591	2736
PA|PP755594.1|A/cattle/Texas/24-008749-003/2024(H5N1)	1592	2920
PA|PP755594.1|A/cattle/Texas/24-008749-003/2024(H5N1)	1593	2989
PA|PP755594.1|A/cattle/Texas/24-008749-003/2024(H5N1)	1594	3006
PA|PP755594.1|A/cattle/Texas/24-008749-003/2024(H5N1)	1595	3006
PA|PP755594.1|A/cattle/Texas/24-008749-003/2024(H5N1)	1596	3004
PA|PP755594.1|A/cattle/Texas/24-008749-003/2024(H5N1)	1597	3057
PA|PP755594.1|A/cattle/Texas/24-008749-003/2024(H5N1)	1598	3084
PA|PP755594.1|A/cattle/Texas/24-008749-003/2024(H5N1)	1599	3085
PA|PP755594.1|A/cattle/Texas/24-008749-003/2024(H5N1)	1600	3141
PA|PP755594.1|A/cattle/Texas/24-008749-003/2024(H5N1)	1601	3142
PA|PP755594.1|A/cattle/Texas/24-008749-003/2024(H5N1)	1602	3149
PA|PP755594.1|A/cattle/Texas/24-008749-003/2024(H5N1)	1603	3179
PA|PP755594.1|A/cattle/Texas/24-008749-003/2024(H5N1)	1604	3189
PA|PP755594.1|A/cattle/Texas/24-008749-003/2024(H5N1)	1605	3199
PA|PP755594.1|A/cattle/Texas/24-008749-003/2024(H5N1)	1606	3200
PA|PP755594.1|A/cattle/Texas/24-008749-003/2024(H5N1)	1607	3213
PA|PP755594.1|A/cattle/Texas/24-008749-003/2024(H5N1)	1608	3210
PA|PP755594.1|A/cattle/Texas/24-008749-003/2024(H5N1)	1609	3062
PA|PP755594.1|A/cattle/Texas/24-008749-003/2024(H5N1)	1610	3005
PA|PP755594.1|A/cattle/Texas/24-008749-003/2024(H5N1)	1611	2924
PA|PP755594.1|A/cattle/Texas/24-008749-003/2024(H5N1)	1612	2907
PA|PP755594.1|A/cattle/Texas/24-008749-003/2024(H5N1)	1613	2934
PA|PP755594.1|A/cattle/Texas/24-008749-003/2024(H5N1)	1614	2958
PA|PP755594.1|A/cattle/Texas/24-008749-003/2024(H5N1)	1615	2931
PA|PP755594.1|A/cattle/Texas/24-008749-003/2024(H5N1)	1616	2925
PA|PP755594.1|A/cattle/Texas/24-008749-003/2024(H5N1)	1617	2971
PA|PP755594.1|A/cattle/Texas/24-008749-003/2024(H5N1)	1618	2972
PA|PP755594.1|A/cattle/Texas/24-008749-003/2024(H5N1)	1619	2961
PA|PP755594.1|A/cattle/Texas/24-008749-003/2024(H5N1)	1620	2862
PA|PP755594.1|A/cattle/Texas/24-008749-003/2024(H5N1)	1621	2844
PA|PP755594.1|A/cattle/Texas/24-008749-003/2024(H5N1)	1622	2844
PA|PP755594.1|A/cattle/Texas/24-008749-003/2024(H5N1)	1623	2835
PA|PP755594.1|A/cattle/Texas/24-008749-003/2024(H5N1)	1624	2839
PA|PP755594.1|A/cattle/Texas/24-008749-003/2024(H5N1)	1625	2890
PA|PP755594.1|A/cattle/Texas/24-008749-003/2024(H5N1)	1626	2824
PA|PP755594.1|A/cattle/Texas/24-008749-003/2024(H5N1)	1627	2810
PA|PP755594.1|A/cattle/Texas/24-008749-003/2024(H5N1)	1628	2807
PA|PP755594.1|A/cattle/Texas/24-008749-003/2024(H5N1)	1629	2807
PA|PP755594.1|A/cattle/Texas/24-008749-003/2024(H5N1)	1630	2805
PA|PP755594.1|A/cattle/Texas/24-008749-003/2024(H5N1)	1631	2792
PA|PP755594.1|A/cattle/Texas/24-008749-003/2024(H5N1)	1632	2245
PA|PP755594.1|A/cattle/Texas/24-008749-003/2024(H5N1)	1633	2245
PA|PP755594.1|A/cattle/Texas/24-008749-003/2024(H5N1)	1634	2253
PA|PP755594.1|A/cattle/Texas/24-008749-003/2024(H5N1)	1635	2262
PA|PP755594.1|A/cattle/Texas/24-008749-003/2024(H5N1)	1636	2471
PA|PP755594.1|A/cattle/Texas/24-008749-003/2024(H5N1)	1637	2485
PA|PP755594.1|A/cattle/Texas/24-008749-003/2024(H5N1)	1638	2520
PA|PP755594.1|A/cattle/Texas/24-008749-003/2024(H5N1)	1639	2534
PA|PP755594.1|A/cattle/Texas/24-008749-003/2024(H5N1)	1640	2619
PA|PP755594.1|A/cattle/Texas/24-008749-003/2024(H5N1)	1641	2619
PA|PP755594.1|A/cattle/Texas/24-008749-003/2024(H5N1)	1642	2633
PA|PP755594.1|A/cattle/Texas/24-008749-003/2024(H5N1)	1643	2687
PA|PP755594.1|A/cattle/Texas/24-008749-003/2024(H5N1)	1644	2694
PA|PP755594.1|A/cattle/Texas/24-008749-003/2024(H5N1)	1645	2908
PA|PP755594.1|A/cattle/Texas/24-008749-003/2024(H5N1)	1646	2908
PA|PP755594.1|A/cattle/Texas/24-008749-003/2024(H5N1)	1647	2908
PA|PP755594.1|A/cattle/Texas/24-008749-003/2024(H5N1)	1648	2789
PA|PP755594.1|A/cattle/Texas/24-008749-003/2024(H5N1)	1649	2770
PA|PP755594.1|A/cattle/Texas/24-008749-003/2024(H5N1)	1650	2770
PA|PP755594.1|A/cattle/Texas/24-008749-003/2024(H5N1)	1651	2770
PA|PP755594.1|A/cattle/Texas/24-008749-003/2024(H5N1)	1652	3030
PA|PP755594.1|A/cattle/Texas/24-008749-003/2024(H5N1)	1653	3071
PA|PP755594.1|A/cattle/Texas/24-008749-003/2024(H5N1)	1654	3078
PA|PP755594.1|A/cattle/Texas/24-008749-003/2024(H5N1)	1655	3118
PA|PP755594.1|A/cattle/Texas/24-008749-003/2024(H5N1)	1656	3123
PA|PP755594.1|A/cattle/Texas/24-008749-003/2024(H5N1)	1657	3254
PA|PP755594.1|A/cattle/Texas/24-008749-003/2024(H5N1)	1658	3265
PA|PP755594.1|A/cattle/Texas/24-008749-003/2024(H5N1)	1659	3265
PA|PP755594.1|A/cattle/Texas/24-008749-003/2024(H5N1)	1660	3257
PA|PP755594.1|A/cattle/Texas/24-008749-003/2024(H5N1)	1661	3239
PA|PP755594.1|A/cattle/Texas/24-008749-003/2024(H5N1)	1662	3202
PA|PP755594.1|A/cattle/Texas/24-008749-003/2024(H5N1)	1663	3208
PA|PP755594.1|A/cattle/Texas/24-008749-003/2024(H5N1)	1664	3209
PA|PP755594.1|A/cattle/Texas/24-008749-003/2024(H5N1)	1665	3201
PA|PP755594.1|A/cattle/Texas/24-008749-003/2024(H5N1)	1666	3133
PA|PP755594.1|A/cattle/Texas/24-008749-003/2024(H5N1)	1667	3124
PA|PP755594.1|A/cattle/Texas/24-008749-003/2024(H5N1)	1668	3121
PA|PP755594.1|A/cattle/Texas/24-008749-003/2024(H5N1)	1669	3115
PA|PP755594.1|A/cattle/Texas/24-008749-003/2024(H5N1)	1670	3113
PA|PP755594.1|A/cattle/Texas/24-008749-003/2024(H5N1)	1671	3107
PA|PP755594.1|A/cattle/Texas/24-008749-003/2024(H5N1)	1672	3094
PA|PP755594.1|A/cattle/Texas/24-008749-003/2024(H5N1)	1673	2854
PA|PP755594.1|A/cattle/Texas/24-008749-003/2024(H5N1)	1674	2851
PA|PP755594.1|A/cattle/Texas/24-008749-003/2024(H5N1)	1675	2860
PA|PP755594.1|A/cattle/Texas/24-008749-003/2024(H5N1)	1676	2865
PA|PP755594.1|A/cattle/Texas/24-008749-003/2024(H5N1)	1677	2868
PA|PP755594.1|A/cattle/Texas/24-008749-003/2024(H5N1)	1678	3103
PA|PP755594.1|A/cattle/Texas/24-008749-003/2024(H5N1)	1679	3115
PA|PP755594.1|A/cattle/Texas/24-008749-003/2024(H5N1)	1680	3117
PA|PP755594.1|A/cattle/Texas/24-008749-003/2024(H5N1)	1681	3165
PA|PP755594.1|A/cattle/Texas/24-008749-003/2024(H5N1)	1682	3168
PA|PP755594.1|A/cattle/Texas/24-008749-003/2024(H5N1)	1683	3187
PA|PP755594.1|A/cattle/Texas/24-008749-003/2024(H5N1)	1684	3180
PA|PP755594.1|A/cattle/Texas/24-008749-003/2024(H5N1)	1685	3191
PA|PP755594.1|A/cattle/Texas/24-008749-003/2024(H5N1)	1686	3156
PA|PP755594.1|A/cattle/Texas/24-008749-003/2024(H5N1)	1687	3111
PA|PP755594.1|A/cattle/Texas/24-008749-003/2024(H5N1)	1688	3108
PA|PP755594.1|A/cattle/Texas/24-008749-003/2024(H5N1)	1689	3128
PA|PP755594.1|A/cattle/Texas/24-008749-003/2024(H5N1)	1690	3105
PA|PP755594.1|A/cattle/Texas/24-008749-003/2024(H5N1)	1691	3103
PA|PP755594.1|A/cattle/Texas/24-008749-003/2024(H5N1)	1692	3047
PA|PP755594.1|A/cattle/Texas/24-008749-003/2024(H5N1)	1693	3033
PA|PP755594.1|A/cattle/Texas/24-008749-003/2024(H5N1)	1694	3026
PA|PP755594.1|A/cattle/Texas/24-008749-003/2024(H5N1)	1695	2852
PA|PP755594.1|A/cattle/Texas/24-008749-003/2024(H5N1)	1696	2846
PA|PP755594.1|A/cattle/Texas/24-008749-003/2024(H5N1)	1697	2834
PA|PP755594.1|A/cattle/Texas/24-008749-003/2024(H5N1)	1698	2825
PA|PP755594.1|A/cattle/Texas/24-008749-003/2024(H5N1)	1699	2833
PA|PP755594.1|A/cattle/Texas/24-008749-003/2024(H5N1)	1700	2841
PA|PP755594.1|A/cattle/Texas/24-008749-003/2024(H5N1)	1701	2810
PA|PP755594.1|A/cattle/Texas/24-008749-003/2024(H5N1)	1702	2768
PA|PP755594.1|A/cattle/Texas/24-008749-003/2024(H5N1)	1703	2768
PA|PP755594.1|A/cattle/Texas/24-008749-003/2024(H5N1)	1704	2760
PA|PP755594.1|A/cattle/Texas/24-008749-003/2024(H5N1)	1705	2760
PA|PP755594.1|A/cattle/Texas/24-008749-003/2024(H5N1)	1706	2751
PA|PP755594.1|A/cattle/Texas/24-008749-003/2024(H5N1)	1707	2739
PA|PP755594.1|A/cattle/Texas/24-008749-003/2024(H5N1)	1708	2741
PA|PP755594.1|A/cattle/Texas/24-008749-003/2024(H5N1)	1709	2747
PA|PP755594.1|A/cattle/Texas/24-008749-003/2024(H5N1)	1710	2752
PA|PP755594.1|A/cattle/Texas/24-008749-003/2024(H5N1)	1711	3047
PA|PP755594.1|A/cattle/Texas/24-008749-003/2024(H5N1)	1712	3056
PA|PP755594.1|A/cattle/Texas/24-008749-003/2024(H5N1)	1713	3056
PA|PP755594.1|A/cattle/Texas/24-008749-003/2024(H5N1)	1714	3057
PA|PP755594.1|A/cattle/Texas/24-008749-003/2024(H5N1)	1715	3064
PA|PP755594.1|A/cattle/Texas/24-008749-003/2024(H5N1)	1716	3008
PA|PP755594.1|A/cattle/Texas/24-008749-003/2024(H5N1)	1717	3043
PA|PP755594.1|A/cattle/Texas/24-008749-003/2024(H5N1)	1718	3043
PA|PP755594.1|A/cattle/Texas/24-008749-003/2024(H5N1)	1719	3058
PA|PP755594.1|A/cattle/Texas/24-008749-003/2024(H5N1)	1720	3064
PA|PP755594.1|A/cattle/Texas/24-008749-003/2024(H5N1)	1721	3043
PA|PP755594.1|A/cattle/Texas/24-008749-003/2024(H5N1)	1722	3049
PA|PP755594.1|A/cattle/Texas/24-008749-003/2024(H5N1)	1723	3075
PA|PP755594.1|A/cattle/Texas/24-008749-003/2024(H5N1)	1724	3076
PA|PP755594.1|A/cattle/Texas/24-008749-003/2024(H5N1)	1725	3128
PA|PP755594.1|A/cattle/Texas/24-008749-003/2024(H5N1)	1726	3117
PA|PP755594.1|A/cattle/Texas/24-008749-003/2024(H5N1)	1727	3136
PA|PP755594.1|A/cattle/Texas/24-008749-003/2024(H5N1)	1728	3141
PA|PP755594.1|A/cattle/Texas/24-008749-003/2024(H5N1)	1729	3164
PA|PP755594.1|A/cattle/Texas/24-008749-003/2024(H5N1)	1730	3255
PA|PP755594.1|A/cattle/Texas/24-008749-003/2024(H5N1)	1731	3355
PA|PP755594.1|A/cattle/Texas/24-008749-003/2024(H5N1)	1732	3345
PA|PP755594.1|A/cattle/Texas/24-008749-003/2024(H5N1)	1733	3449
PA|PP755594.1|A/cattle/Texas/24-008749-003/2024(H5N1)	1734	3429
PA|PP755594.1|A/cattle/Texas/24-008749-003/2024(H5N1)	1735	3479
PA|PP755594.1|A/cattle/Texas/24-008749-003/2024(H5N1)	1736	3421
PA|PP755594.1|A/cattle/Texas/24-008749-003/2024(H5N1)	1737	3375
PA|PP755594.1|A/cattle/Texas/24-008749-003/2024(H5N1)	1738	3480
PA|PP755594.1|A/cattle/Texas/24-008749-003/2024(H5N1)	1739	3516
PA|PP755594.1|A/cattle/Texas/24-008749-003/2024(H5N1)	1740	3541
PA|PP755594.1|A/cattle/Texas/24-008749-003/2024(H5N1)	1741	3599
PA|PP755594.1|A/cattle/Texas/24-008749-003/2024(H5N1)	1742	3519
PA|PP755594.1|A/cattle/Texas/24-008749-003/2024(H5N1)	1743	3362
PA|PP755594.1|A/cattle/Texas/24-008749-003/2024(H5N1)	1744	3377
PA|PP755594.1|A/cattle/Texas/24-008749-003/2024(H5N1)	1745	3411
PA|PP755594.1|A/cattle/Texas/24-008749-003/2024(H5N1)	1746	3441
PA|PP755594.1|A/cattle/Texas/24-008749-003/2024(H5N1)	1747	3399
PA|PP755594.1|A/cattle/Texas/24-008749-003/2024(H5N1)	1748	3400
PA|PP755594.1|A/cattle/Texas/24-008749-003/2024(H5N1)	1749	3378
PA|PP755594.1|A/cattle/Texas/24-008749-003/2024(H5N1)	1750	3399
PA|PP755594.1|A/cattle/Texas/24-008749-003/2024(H5N1)	1751	3460
PA|PP755594.1|A/cattle/Texas/24-008749-003/2024(H5N1)	1752	3458
PA|PP755594.1|A/cattle/Texas/24-008749-003/2024(H5N1)	1753	3498
PA|PP755594.1|A/cattle/Texas/24-008749-003/2024(H5N1)	1754	3475
PA|PP755594.1|A/cattle/Texas/24-008749-003/2024(H5N1)	1755	3517
PA|PP755594.1|A/cattle/Texas/24-008749-003/2024(H5N1)	1756	3563
PA|PP755594.1|A/cattle/Texas/24-008749-003/2024(H5N1)	1757	3563
PA|PP755594.1|A/cattle/Texas/24-008749-003/2024(H5N1)	1758	3574
PA|PP755594.1|A/cattle/Texas/24-008749-003/2024(H5N1)	1759	3569
PA|PP755594.1|A/cattle/Texas/24-008749-003/2024(H5N1)	1760	3523
PA|PP755594.1|A/cattle/Texas/24-008749-003/2024(H5N1)	1761	3508
PA|PP755594.1|A/cattle/Texas/24-008749-003/2024(H5N1)	1762	3496
PA|PP755594.1|A/cattle/Texas/24-008749-003/2024(H5N1)	1763	3743
PA|PP755594.1|A/cattle/Texas/24-008749-003/2024(H5N1)	1764	3725
PA|PP755594.1|A/cattle/Texas/24-008749-003/2024(H5N1)	1765	3781
PA|PP755594.1|A/cattle/Texas/24-008749-003/2024(H5N1)	1766	3947
PA|PP755594.1|A/cattle/Texas/24-008749-003/2024(H5N1)	1767	3950
PA|PP755594.1|A/cattle/Texas/24-008749-003/2024(H5N1)	1768	3956
PA|PP755594.1|A/cattle/Texas/24-008749-003/2024(H5N1)	1769	3954
PA|PP755594.1|A/cattle/Texas/24-008749-003/2024(H5N1)	1770	3956
PA|PP755594.1|A/cattle/Texas/24-008749-003/2024(H5N1)	1771	3966
PA|PP755594.1|A/cattle/Texas/24-008749-003/2024(H5N1)	1772	3866
PA|PP755594.1|A/cattle/Texas/24-008749-003/2024(H5N1)	1773	3915
PA|PP755594.1|A/cattle/Texas/24-008749-003/2024(H5N1)	1774	3915
PA|PP755594.1|A/cattle/Texas/24-008749-003/2024(H5N1)	1775	3916
PA|PP755594.1|A/cattle/Texas/24-008749-003/2024(H5N1)	1776	3854
PA|PP755594.1|A/cattle/Texas/24-008749-003/2024(H5N1)	1777	3857
PA|PP755594.1|A/cattle/Texas/24-008749-003/2024(H5N1)	1778	3851
PA|PP755594.1|A/cattle/Texas/24-008749-003/2024(H5N1)	1779	3886
PA|PP755594.1|A/cattle/Texas/24-008749-003/2024(H5N1)	1780	3875
PA|PP755594.1|A/cattle/Texas/24-008749-003/2024(H5N1)	1781	3907
PA|PP755594.1|A/cattle/Texas/24-008749-003/2024(H5N1)	1782	3876
PA|PP755594.1|A/cattle/Texas/24-008749-003/2024(H5N1)	1783	3869
PA|PP755594.1|A/cattle/Texas/24-008749-003/2024(H5N1)	1784	3857
PA|PP755594.1|A/cattle/Texas/24-008749-003/2024(H5N1)	1785	3913
PA|PP755594.1|A/cattle/Texas/24-008749-003/2024(H5N1)	1786	3928
PA|PP755594.1|A/cattle/Texas/24-008749-003/2024(H5N1)	1787	3921
PA|PP755594.1|A/cattle/Texas/24-008749-003/2024(H5N1)	1788	3864
PA|PP755594.1|A/cattle/Texas/24-008749-003/2024(H5N1)	1789	3864
PA|PP755594.1|A/cattle/Texas/24-008749-003/2024(H5N1)	1790	3807
PA|PP755594.1|A/cattle/Texas/24-008749-003/2024(H5N1)	1791	3780
PA|PP755594.1|A/cattle/Texas/24-008749-003/2024(H5N1)	1792	3840
PA|PP755594.1|A/cattle/Texas/24-008749-003/2024(H5N1)	1793	3821
PA|PP755594.1|A/cattle/Texas/24-008749-003/2024(H5N1)	1794	3742
PA|PP755594.1|A/cattle/Texas/24-008749-003/2024(H5N1)	1795	3728
PA|PP755594.1|A/cattle/Texas/24-008749-003/2024(H5N1)	1796	3547
PA|PP755594.1|A/cattle/Texas/24-008749-003/2024(H5N1)	1797	3543
PA|PP755594.1|A/cattle/Texas/24-008749-003/2024(H5N1)	1798	3524
PA|PP755594.1|A/cattle/Texas/24-008749-003/2024(H5N1)	1799	3520
PA|PP755594.1|A/cattle/Texas/24-008749-003/2024(H5N1)	1800	3500
PA|PP755594.1|A/cattle/Texas/24-008749-003/2024(H5N1)	1801	3835
PA|PP755594.1|A/cattle/Texas/24-008749-003/2024(H5N1)	1802	3759
PA|PP755594.1|A/cattle/Texas/24-008749-003/2024(H5N1)	1803	3758
PA|PP755594.1|A/cattle/Texas/24-008749-003/2024(H5N1)	1804	3757
PA|PP755594.1|A/cattle/Texas/24-008749-003/2024(H5N1)	1805	3750
PA|PP755594.1|A/cattle/Texas/24-008749-003/2024(H5N1)	1806	3735
PA|PP755594.1|A/cattle/Texas/24-008749-003/2024(H5N1)	1807	3725
PA|PP755594.1|A/cattle/Texas/24-008749-003/2024(H5N1)	1808	3604
PA|PP755594.1|A/cattle/Texas/24-008749-003/2024(H5N1)	1809	3593
PA|PP755594.1|A/cattle/Texas/24-008749-003/2024(H5N1)	1810	3590
PA|PP755594.1|A/cattle/Texas/24-008749-003/2024(H5N1)	1811	3567
PA|PP755594.1|A/cattle/Texas/24-008749-003/2024(H5N1)	1812	3134
PA|PP755594.1|A/cattle/Texas/24-008749-003/2024(H5N1)	1813	3121
PA|PP755594.1|A/cattle/Texas/24-008749-003/2024(H5N1)	1814	3104
PA|PP755594.1|A/cattle/Texas/24-008749-003/2024(H5N1)	1815	3086
PA|PP755594.1|A/cattle/Texas/24-008749-003/2024(H5N1)	1816	3086
PA|PP755594.1|A/cattle/Texas/24-008749-003/2024(H5N1)	1817	3086
PA|PP755594.1|A/cattle/Texas/24-008749-003/2024(H5N1)	1818	3082
PA|PP755594.1|A/cattle/Texas/24-008749-003/2024(H5N1)	1819	3048
PA|PP755594.1|A/cattle/Texas/24-008749-003/2024(H5N1)	1820	3000
PA|PP755594.1|A/cattle/Texas/24-008749-003/2024(H5N1)	1821	2987
PA|PP755594.1|A/cattle/Texas/24-008749-003/2024(H5N1)	1822	2932
PA|PP755594.1|A/cattle/Texas/24-008749-003/2024(H5N1)	1823	2931
PA|PP755594.1|A/cattle/Texas/24-008749-003/2024(H5N1)	1824	2909
PA|PP755594.1|A/cattle/Texas/24-008749-003/2024(H5N1)	1825	2909
PA|PP755594.1|A/cattle/Texas/24-008749-003/2024(H5N1)	1826	2910
PA|PP755594.1|A/cattle/Texas/24-008749-003/2024(H5N1)	1827	2910
PA|PP755594.1|A/cattle/Texas/24-008749-003/2024(H5N1)	1828	3212
PA|PP755594.1|A/cattle/Texas/24-008749-003/2024(H5N1)	1829	3212
PA|PP755594.1|A/cattle/Texas/24-008749-003/2024(H5N1)	1830	3212
PA|PP755594.1|A/cattle/Texas/24-008749-003/2024(H5N1)	1831	3212
PA|PP755594.1|A/cattle/Texas/24-008749-003/2024(H5N1)	1832	3212
PA|PP755594.1|A/cattle/Texas/24-008749-003/2024(H5N1)	1833	3208
PA|PP755594.1|A/cattle/Texas/24-008749-003/2024(H5N1)	1834	3210
PA|PP755594.1|A/cattle/Texas/24-008749-003/2024(H5N1)	1835	3210
PA|PP755594.1|A/cattle/Texas/24-008749-003/2024(H5N1)	1836	3210
PA|PP755594.1|A/cattle/Texas/24-008749-003/2024(H5N1)	1837	3210
PA|PP755594.1|A/cattle/Texas/24-008749-003/2024(H5N1)	1838	3179
PA|PP755594.1|A/cattle/Texas/24-008749-003/2024(H5N1)	1839	3178
PA|PP755594.1|A/cattle/Texas/24-008749-003/2024(H5N1)	1840	3203
PA|PP755594.1|A/cattle/Texas/24-008749-003/2024(H5N1)	1841	3203
PA|PP755594.1|A/cattle/Texas/24-008749-003/2024(H5N1)	1842	3202
PA|PP755594.1|A/cattle/Texas/24-008749-003/2024(H5N1)	1843	3200
PA|PP755594.1|A/cattle/Texas/24-008749-003/2024(H5N1)	1844	3144
PA|PP755594.1|A/cattle/Texas/24-008749-003/2024(H5N1)	1845	3144
PA|PP755594.1|A/cattle/Texas/24-008749-003/2024(H5N1)	1846	3144
PA|PP755594.1|A/cattle/Texas/24-008749-003/2024(H5N1)	1847	3144
PA|PP755594.1|A/cattle/Texas/24-008749-003/2024(H5N1)	1848	3132
PA|PP755594.1|A/cattle/Texas/24-008749-003/2024(H5N1)	1849	3365
PA|PP755594.1|A/cattle/Texas/24-008749-003/2024(H5N1)	1850	3365
PA|PP755594.1|A/cattle/Texas/24-008749-003/2024(H5N1)	1851	3368
PA|PP755594.1|A/cattle/Texas/24-008749-003/2024(H5N1)	1852	3368
PA|PP755594.1|A/cattle/Texas/24-008749-003/2024(H5N1)	1853	3307
PA|PP755594.1|A/cattle/Texas/24-008749-003/2024(H5N1)	1854	3290
PA|PP755594.1|A/cattle/Texas/24-008749-003/2024(H5N1)	1855	3340
PA|PP755594.1|A/cattle/Texas/24-008749-003/2024(H5N1)	1856	3341
PA|PP755594.1|A/cattle/Texas/24-008749-003/2024(H5N1)	1857	3353
PA|PP755594.1|A/cattle/Texas/24-008749-003/2024(H5N1)	1858	3397
PA|PP755594.1|A/cattle/Texas/24-008749-003/2024(H5N1)	1859	3428
PA|PP755594.1|A/cattle/Texas/24-008749-003/2024(H5N1)	1860	3426
PA|PP755594.1|A/cattle/Texas/24-008749-003/2024(H5N1)	1861	3441
PA|PP755594.1|A/cattle/Texas/24-008749-003/2024(H5N1)	1862	3445
PA|PP755594.1|A/cattle/Texas/24-008749-003/2024(H5N1)	1863	3461
PA|PP755594.1|A/cattle/Texas/24-008749-003/2024(H5N1)	1864	3468
PA|PP755594.1|A/cattle/Texas/24-008749-003/2024(H5N1)	1865	3494
PA|PP755594.1|A/cattle/Texas/24-008749-003/2024(H5N1)	1866	3484
PA|PP755594.1|A/cattle/Texas/24-008749-003/2024(H5N1)	1867	3488
PA|PP755594.1|A/cattle/Texas/24-008749-003/2024(H5N1)	1868	3465
PA|PP755594.1|A/cattle/Texas/24-008749-003/2024(H5N1)	1869	3489
PA|PP755594.1|A/cattle/Texas/24-008749-003/2024(H5N1)	1870	3493
PA|PP755594.1|A/cattle/Texas/24-008749-003/2024(H5N1)	1871	3509
PA|PP755594.1|A/cattle/Texas/24-008749-003/2024(H5N1)	1872	3647
PA|PP755594.1|A/cattle/Texas/24-008749-003/2024(H5N1)	1873	3646
PA|PP755594.1|A/cattle/Texas/24-008749-003/2024(H5N1)	1874	3644
PA|PP755594.1|A/cattle/Texas/24-008749-003/2024(H5N1)	1875	3601
PA|PP755594.1|A/cattle/Texas/24-008749-003/2024(H5N1)	1876	3589
PA|PP755594.1|A/cattle/Texas/24-008749-003/2024(H5N1)	1877	3601
PA|PP755594.1|A/cattle/Texas/24-008749-003/2024(H5N1)	1878	3625
PA|PP755594.1|A/cattle/Texas/24-008749-003/2024(H5N1)	1879	3695
PA|PP755594.1|A/cattle/Texas/24-008749-003/2024(H5N1)	1880	3731
PA|PP755594.1|A/cattle/Texas/24-008749-003/2024(H5N1)	1881	3589
PA|PP755594.1|A/cattle/Texas/24-008749-003/2024(H5N1)	1882	3611
PA|PP755594.1|A/cattle/Texas/24-008749-003/2024(H5N1)	1883	3693
PA|PP755594.1|A/cattle/Texas/24-008749-003/2024(H5N1)	1884	3588
PA|PP755594.1|A/cattle/Texas/24-008749-003/2024(H5N1)	1885	3626
PA|PP755594.1|A/cattle/Texas/24-008749-003/2024(H5N1)	1886	3593
PA|PP755594.1|A/cattle/Texas/24-008749-003/2024(H5N1)	1887	3610
PA|PP755594.1|A/cattle/Texas/24-008749-003/2024(H5N1)	1888	3570
PA|PP755594.1|A/cattle/Texas/24-008749-003/2024(H5N1)	1889	3452
PA|PP755594.1|A/cattle/Texas/24-008749-003/2024(H5N1)	1890	3429
PA|PP755594.1|A/cattle/Texas/24-008749-003/2024(H5N1)	1891	3354
PA|PP755594.1|A/cattle/Texas/24-008749-003/2024(H5N1)	1892	3344
PA|PP755594.1|A/cattle/Texas/24-008749-003/2024(H5N1)	1893	3290
PA|PP755594.1|A/cattle/Texas/24-008749-003/2024(H5N1)	1894	3259
PA|PP755594.1|A/cattle/Texas/24-008749-003/2024(H5N1)	1895	3251
PA|PP755594.1|A/cattle/Texas/24-008749-003/2024(H5N1)	1896	3225
PA|PP755594.1|A/cattle/Texas/24-008749-003/2024(H5N1)	1897	3295
PA|PP755594.1|A/cattle/Texas/24-008749-003/2024(H5N1)	1898	3317
PA|PP755594.1|A/cattle/Texas/24-008749-003/2024(H5N1)	1899	3309
PA|PP755594.1|A/cattle/Texas/24-008749-003/2024(H5N1)	1900	3315
PA|PP755594.1|A/cattle/Texas/24-008749-003/2024(H5N1)	1901	3296
PA|PP755594.1|A/cattle/Texas/24-008749-003/2024(H5N1)	1902	3231
PA|PP755594.1|A/cattle/Texas/24-008749-003/2024(H5N1)	1903	3271
PA|PP755594.1|A/cattle/Texas/24-008749-003/2024(H5N1)	1904	3224
PA|PP755594.1|A/cattle/Texas/24-008749-003/2024(H5N1)	1905	3362
PA|PP755594.1|A/cattle/Texas/24-008749-003/2024(H5N1)	1906	3364
PA|PP755594.1|A/cattle/Texas/24-008749-003/2024(H5N1)	1907	3311
PA|PP755594.1|A/cattle/Texas/24-008749-003/2024(H5N1)	1908	3434
PA|PP755594.1|A/cattle/Texas/24-008749-003/2024(H5N1)	1909	3424
PA|PP755594.1|A/cattle/Texas/24-008749-003/2024(H5N1)	1910	3453
PA|PP755594.1|A/cattle/Texas/24-008749-003/2024(H5N1)	1911	3454
PA|PP755594.1|A/cattle/Texas/24-008749-003/2024(H5N1)	1912	3449
PA|PP755594.1|A/cattle/Texas/24-008749-003/2024(H5N1)	1913	3459
PA|PP755594.1|A/cattle/Texas/24-008749-003/2024(H5N1)	1914	3179
PA|PP755594.1|A/cattle/Texas/24-008749-003/2024(H5N1)	1915	3158
PA|PP755594.1|A/cattle/Texas/24-008749-003/2024(H5N1)	1916	3100
PA|PP755594.1|A/cattle/Texas/24-008749-003/2024(H5N1)	1917	2509
PA|PP755594.1|A/cattle/Texas/24-008749-003/2024(H5N1)	1918	2505
PA|PP755594.1|A/cattle/Texas/24-008749-003/2024(H5N1)	1919	2505
PA|PP755594.1|A/cattle/Texas/24-008749-003/2024(H5N1)	1920	2505
PA|PP755594.1|A/cattle/Texas/24-008749-003/2024(H5N1)	1921	2513
PA|PP755594.1|A/cattle/Texas/24-008749-003/2024(H5N1)	1922	2513
PA|PP755594.1|A/cattle/Texas/24-008749-003/2024(H5N1)	1923	2536
PA|PP755594.1|A/cattle/Texas/24-008749-003/2024(H5N1)	1924	2779
PA|PP755594.1|A/cattle/Texas/24-008749-003/2024(H5N1)	1925	2855
PA|PP755594.1|A/cattle/Texas/24-008749-003/2024(H5N1)	1926	3016
PA|PP755594.1|A/cattle/Texas/24-008749-003/2024(H5N1)	1927	3016
PA|PP755594.1|A/cattle/Texas/24-008749-003/2024(H5N1)	1928	3021
PA|PP755594.1|A/cattle/Texas/24-008749-003/2024(H5N1)	1929	3029
PA|PP755594.1|A/cattle/Texas/24-008749-003/2024(H5N1)	1930	3036
PA|PP755594.1|A/cattle/Texas/24-008749-003/2024(H5N1)	1931	3036
PA|PP755594.1|A/cattle/Texas/24-008749-003/2024(H5N1)	1932	3036
PA|PP755594.1|A/cattle/Texas/24-008749-003/2024(H5N1)	1933	3084
PA|PP755594.1|A/cattle/Texas/24-008749-003/2024(H5N1)	1934	3129
PA|PP755594.1|A/cattle/Texas/24-008749-003/2024(H5N1)	1935	3153
PA|PP755594.1|A/cattle/Texas/24-008749-003/2024(H5N1)	1936	3158
PA|PP755594.1|A/cattle/Texas/24-008749-003/2024(H5N1)	1937	3162
PA|PP755594.1|A/cattle/Texas/24-008749-003/2024(H5N1)	1938	3171
PA|PP755594.1|A/cattle/Texas/24-008749-003/2024(H5N1)	1939	3174
PA|PP755594.1|A/cattle/Texas/24-008749-003/2024(H5N1)	1940	3176
PA|PP755594.1|A/cattle/Texas/24-008749-003/2024(H5N1)	1941	3177
PA|PP755594.1|A/cattle/Texas/24-008749-003/2024(H5N1)	1942	3177
PA|PP755594.1|A/cattle/Texas/24-008749-003/2024(H5N1)	1943	3171
PA|PP755594.1|A/cattle/Texas/24-008749-003/2024(H5N1)	1944	3109
PA|PP755594.1|A/cattle/Texas/24-008749-003/2024(H5N1)	1945	3144
PA|PP755594.1|A/cattle/Texas/24-008749-003/2024(H5N1)	1946	3144
PA|PP755594.1|A/cattle/Texas/24-008749-003/2024(H5N1)	1947	3144
PA|PP755594.1|A/cattle/Texas/24-008749-003/2024(H5N1)	1948	3144
PA|PP755594.1|A/cattle/Texas/24-008749-003/2024(H5N1)	1949	3144
PA|PP755594.1|A/cattle/Texas/24-008749-003/2024(H5N1)	1950	2684
PA|PP755594.1|A/cattle/Texas/24-008749-003/2024(H5N1)	1951	2684
PA|PP755594.1|A/cattle/Texas/24-008749-003/2024(H5N1)	1952	2683
PA|PP755594.1|A/cattle/Texas/24-008749-003/2024(H5N1)	1953	2683
PA|PP755594.1|A/cattle/Texas/24-008749-003/2024(H5N1)	1954	2683
PA|PP755594.1|A/cattle/Texas/24-008749-003/2024(H5N1)	1955	2683
PA|PP755594.1|A/cattle/Texas/24-008749-003/2024(H5N1)	1956	2258
PA|PP755594.1|A/cattle/Texas/24-008749-003/2024(H5N1)	1957	2258
PA|PP755594.1|A/cattle/Texas/24-008749-003/2024(H5N1)	1958	2258
PA|PP755594.1|A/cattle/Texas/24-008749-003/2024(H5N1)	1959	2258
PA|PP755594.1|A/cattle/Texas/24-008749-003/2024(H5N1)	1960	2260
PA|PP755594.1|A/cattle/Texas/24-008749-003/2024(H5N1)	1961	2309
PA|PP755594.1|A/cattle/Texas/24-008749-003/2024(H5N1)	1962	2310
PA|PP755594.1|A/cattle/Texas/24-008749-003/2024(H5N1)	1963	2310
PA|PP755594.1|A/cattle/Texas/24-008749-003/2024(H5N1)	1964	2309
PA|PP755594.1|A/cattle/Texas/24-008749-003/2024(H5N1)	1965	2309
PA|PP755594.1|A/cattle/Texas/24-008749-003/2024(H5N1)	1966	2310
PA|PP755594.1|A/cattle/Texas/24-008749-003/2024(H5N1)	1967	2310
PA|PP755594.1|A/cattle/Texas/24-008749-003/2024(H5N1)	1968	2310
PA|PP755594.1|A/cattle/Texas/24-008749-003/2024(H5N1)	1969	2312
PA|PP755594.1|A/cattle/Texas/24-008749-003/2024(H5N1)	1970	2323
PA|PP755594.1|A/cattle/Texas/24-008749-003/2024(H5N1)	1971	2362
PA|PP755594.1|A/cattle/Texas/24-008749-003/2024(H5N1)	1972	3066
PA|PP755594.1|A/cattle/Texas/24-008749-003/2024(H5N1)	1973	3071
PA|PP755594.1|A/cattle/Texas/24-008749-003/2024(H5N1)	1974	3089
PA|PP755594.1|A/cattle/Texas/24-008749-003/2024(H5N1)	1975	3090
PA|PP755594.1|A/cattle/Texas/24-008749-003/2024(H5N1)	1976	3101
PA|PP755594.1|A/cattle/Texas/24-008749-003/2024(H5N1)	1977	3101
PA|PP755594.1|A/cattle/Texas/24-008749-003/2024(H5N1)	1978	3101
PA|PP755594.1|A/cattle/Texas/24-008749-003/2024(H5N1)	1979	3102
PA|PP755594.1|A/cattle/Texas/24-008749-003/2024(H5N1)	1980	3102
PA|PP755594.1|A/cattle/Texas/24-008749-003/2024(H5N1)	1981	3116
PA|PP755594.1|A/cattle/Texas/24-008749-003/2024(H5N1)	1982	3148
PA|PP755594.1|A/cattle/Texas/24-008749-003/2024(H5N1)	1983	3154
PA|PP755594.1|A/cattle/Texas/24-008749-003/2024(H5N1)	1984	3154
PA|PP755594.1|A/cattle/Texas/24-008749-003/2024(H5N1)	1985	3154
PA|PP755594.1|A/cattle/Texas/24-008749-003/2024(H5N1)	1986	3153
PA|PP755594.1|A/cattle/Texas/24-008749-003/2024(H5N1)	1987	3157
PA|PP755594.1|A/cattle/Texas/24-008749-003/2024(H5N1)	1988	3158
PA|PP755594.1|A/cattle/Texas/24-008749-003/2024(H5N1)	1989	3158
PA|PP755594.1|A/cattle/Texas/24-008749-003/2024(H5N1)	1990	3160
PA|PP755594.1|A/cattle/Texas/24-008749-003/2024(H5N1)	1991	3166
PA|PP755594.1|A/cattle/Texas/24-008749-003/2024(H5N1)	1992	3231
PA|PP755594.1|A/cattle/Texas/24-008749-003/2024(H5N1)	1993	3287
PA|PP755594.1|A/cattle/Texas/24-008749-003/2024(H5N1)	1994	3454
PA|PP755594.1|A/cattle/Texas/24-008749-003/2024(H5N1)	1995	3510
PA|PP755594.1|A/cattle/Texas/24-008749-003/2024(H5N1)	1996	3522
PA|PP755594.1|A/cattle/Texas/24-008749-003/2024(H5N1)	1997	3525
PA|PP755594.1|A/cattle/Texas/24-008749-003/2024(H5N1)	1998	3544
PA|PP755594.1|A/cattle/Texas/24-008749-003/2024(H5N1)	1999	3584
PA|PP755594.1|A/cattle/Texas/24-008749-003/2024(H5N1)	2000	3597
PA|PP755594.1|A/cattle/Texas/24-008749-003/2024(H5N1)	2001	3657
PA|PP755594.1|A/cattle/Texas/24-008749-003/2024(H5N1)	2002	3679
PA|PP755594.1|A/cattle/Texas/24-008749-003/2024(H5N1)	2003	3711
PA|PP755594.1|A/cattle/Texas/24-008749-003/2024(H5N1)	2004	3715
PA|PP755594.1|A/cattle/Texas/24-008749-003/2024(H5N1)	2005	3756
PA|PP755594.1|A/cattle/Texas/24-008749-003/2024(H5N1)	2006	3758
PA|PP755594.1|A/cattle/Texas/24-008749-003/2024(H5N1)	2007	3765
PA|PP755594.1|A/cattle/Texas/24-008749-003/2024(H5N1)	2008	3760
PA|PP755594.1|A/cattle/Texas/24-008749-003/2024(H5N1)	2009	3721
PA|PP755594.1|A/cattle/Texas/24-008749-003/2024(H5N1)	2010	3701
PA|PP755594.1|A/cattle/Texas/24-008749-003/2024(H5N1)	2011	3731
PA|PP755594.1|A/cattle/Texas/24-008749-003/2024(H5N1)	2012	3721
PA|PP755594.1|A/cattle/Texas/24-008749-003/2024(H5N1)	2013	3724
PA|PP755594.1|A/cattle/Texas/24-008749-003/2024(H5N1)	2014	3771
PA|PP755594.1|A/cattle/Texas/24-008749-003/2024(H5N1)	2015	3731
PA|PP755594.1|A/cattle/Texas/24-008749-003/2024(H5N1)	2016	3739
PA|PP755594.1|A/cattle/Texas/24-008749-003/2024(H5N1)	2017	3738
PA|PP755594.1|A/cattle/Texas/24-008749-003/2024(H5N1)	2018	3737
PA|PP755594.1|A/cattle/Texas/24-008749-003/2024(H5N1)	2019	3774
PA|PP755594.1|A/cattle/Texas/24-008749-003/2024(H5N1)	2020	3737
PA|PP755594.1|A/cattle/Texas/24-008749-003/2024(H5N1)	2021	3772
PA|PP755594.1|A/cattle/Texas/24-008749-003/2024(H5N1)	2022	3647
PA|PP755594.1|A/cattle/Texas/24-008749-003/2024(H5N1)	2023	3556
PA|PP755594.1|A/cattle/Texas/24-008749-003/2024(H5N1)	2024	3602
PA|PP755594.1|A/cattle/Texas/24-008749-003/2024(H5N1)	2025	3606
PA|PP755594.1|A/cattle/Texas/24-008749-003/2024(H5N1)	2026	3591
PA|PP755594.1|A/cattle/Texas/24-008749-003/2024(H5N1)	2027	3573
PA|PP755594.1|A/cattle/Texas/24-008749-003/2024(H5N1)	2028	3565
PA|PP755594.1|A/cattle/Texas/24-008749-003/2024(H5N1)	2029	3666
PA|PP755594.1|A/cattle/Texas/24-008749-003/2024(H5N1)	2030	3664
PA|PP755594.1|A/cattle/Texas/24-008749-003/2024(H5N1)	2031	3629
PA|PP755594.1|A/cattle/Texas/24-008749-003/2024(H5N1)	2032	3813
PA|PP755594.1|A/cattle/Texas/24-008749-003/2024(H5N1)	2033	3737
PA|PP755594.1|A/cattle/Texas/24-008749-003/2024(H5N1)	2034	3820
PA|PP755594.1|A/cattle/Texas/24-008749-003/2024(H5N1)	2035	3819
PA|PP755594.1|A/cattle/Texas/24-008749-003/2024(H5N1)	2036	3822
PA|PP755594.1|A/cattle/Texas/24-008749-003/2024(H5N1)	2037	3843
PA|PP755594.1|A/cattle/Texas/24-008749-003/2024(H5N1)	2038	3833
PA|PP755594.1|A/cattle/Texas/24-008749-003/2024(H5N1)	2039	3829
PA|PP755594.1|A/cattle/Texas/24-008749-003/2024(H5N1)	2040	3776
PA|PP755594.1|A/cattle/Texas/24-008749-003/2024(H5N1)	2041	3751
PA|PP755594.1|A/cattle/Texas/24-008749-003/2024(H5N1)	2042	3904
PA|PP755594.1|A/cattle/Texas/24-008749-003/2024(H5N1)	2043	3890
PA|PP755594.1|A/cattle/Texas/24-008749-003/2024(H5N1)	2044	3895
PA|PP755594.1|A/cattle/Texas/24-008749-003/2024(H5N1)	2045	3911
PA|PP755594.1|A/cattle/Texas/24-008749-003/2024(H5N1)	2046	3854
PA|PP755594.1|A/cattle/Texas/24-008749-003/2024(H5N1)	2047	3843
PA|PP755594.1|A/cattle/Texas/24-008749-003/2024(H5N1)	2048	3831
PA|PP755594.1|A/cattle/Texas/24-008749-003/2024(H5N1)	2049	3842
PA|PP755594.1|A/cattle/Texas/24-008749-003/2024(H5N1)	2050	3842
PA|PP755594.1|A/cattle/Texas/24-008749-003/2024(H5N1)	2051	3833
PA|PP755594.1|A/cattle/Texas/24-008749-003/2024(H5N1)	2052	3830
PA|PP755594.1|A/cattle/Texas/24-008749-003/2024(H5N1)	2053	3852
PA|PP755594.1|A/cattle/Texas/24-008749-003/2024(H5N1)	2054	3812
PA|PP755594.1|A/cattle/Texas/24-008749-003/2024(H5N1)	2055	3856
PA|PP755594.1|A/cattle/Texas/24-008749-003/2024(H5N1)	2056	3712
PA|PP755594.1|A/cattle/Texas/24-008749-003/2024(H5N1)	2057	3718
PA|PP755594.1|A/cattle/Texas/24-008749-003/2024(H5N1)	2058	4013
PA|PP755594.1|A/cattle/Texas/24-008749-003/2024(H5N1)	2059	3923
PA|PP755594.1|A/cattle/Texas/24-008749-003/2024(H5N1)	2060	3975
PA|PP755594.1|A/cattle/Texas/24-008749-003/2024(H5N1)	2061	3982
PA|PP755594.1|A/cattle/Texas/24-008749-003/2024(H5N1)	2062	3851
PA|PP755594.1|A/cattle/Texas/24-008749-003/2024(H5N1)	2063	3893
PA|PP755594.1|A/cattle/Texas/24-008749-003/2024(H5N1)	2064	3849
PA|PP755594.1|A/cattle/Texas/24-008749-003/2024(H5N1)	2065	3849
PA|PP755594.1|A/cattle/Texas/24-008749-003/2024(H5N1)	2066	3869
PA|PP755594.1|A/cattle/Texas/24-008749-003/2024(H5N1)	2067	3744
PA|PP755594.1|A/cattle/Texas/24-008749-003/2024(H5N1)	2068	3791
PA|PP755594.1|A/cattle/Texas/24-008749-003/2024(H5N1)	2069	3787
PA|PP755594.1|A/cattle/Texas/24-008749-003/2024(H5N1)	2070	3787
PA|PP755594.1|A/cattle/Texas/24-008749-003/2024(H5N1)	2071	3788
PA|PP755594.1|A/cattle/Texas/24-008749-003/2024(H5N1)	2072	3779
PA|PP755594.1|A/cattle/Texas/24-008749-003/2024(H5N1)	2073	3781
PA|PP755594.1|A/cattle/Texas/24-008749-003/2024(H5N1)	2074	3764
PA|PP755594.1|A/cattle/Texas/24-008749-003/2024(H5N1)	2075	3663
PA|PP755594.1|A/cattle/Texas/24-008749-003/2024(H5N1)	2076	3670
PA|PP755594.1|A/cattle/Texas/24-008749-003/2024(H5N1)	2077	3439
PA|PP755594.1|A/cattle/Texas/24-008749-003/2024(H5N1)	2078	3439
PA|PP755594.1|A/cattle/Texas/24-008749-003/2024(H5N1)	2079	3430
PA|PP755594.1|A/cattle/Texas/24-008749-003/2024(H5N1)	2080	3409
PA|PP755594.1|A/cattle/Texas/24-008749-003/2024(H5N1)	2081	3403
PA|PP755594.1|A/cattle/Texas/24-008749-003/2024(H5N1)	2082	3415
PA|PP755594.1|A/cattle/Texas/24-008749-003/2024(H5N1)	2083	3421
PA|PP755594.1|A/cattle/Texas/24-008749-003/2024(H5N1)	2084	3378
PA|PP755594.1|A/cattle/Texas/24-008749-003/2024(H5N1)	2085	3324
PA|PP755594.1|A/cattle/Texas/24-008749-003/2024(H5N1)	2086	3302
PA|PP755594.1|A/cattle/Texas/24-008749-003/2024(H5N1)	2087	3302
PA|PP755594.1|A/cattle/Texas/24-008749-003/2024(H5N1)	2088	3298
PA|PP755594.1|A/cattle/Texas/24-008749-003/2024(H5N1)	2089	3292
PA|PP755594.1|A/cattle/Texas/24-008749-003/2024(H5N1)	2090	3289
PA|PP755594.1|A/cattle/Texas/24-008749-003/2024(H5N1)	2091	3227
PA|PP755594.1|A/cattle/Texas/24-008749-003/2024(H5N1)	2092	3219
PA|PP755594.1|A/cattle/Texas/24-008749-003/2024(H5N1)	2093	2919
PA|PP755594.1|A/cattle/Texas/24-008749-003/2024(H5N1)	2094	2883
PA|PP755594.1|A/cattle/Texas/24-008749-003/2024(H5N1)	2095	2872
PA|PP755594.1|A/cattle/Texas/24-008749-003/2024(H5N1)	2096	2877
PA|PP755594.1|A/cattle/Texas/24-008749-003/2024(H5N1)	2097	2880
PA|PP755594.1|A/cattle/Texas/24-008749-003/2024(H5N1)	2098	2852
PA|PP755594.1|A/cattle/Texas/24-008749-003/2024(H5N1)	2099	2843
PA|PP755594.1|A/cattle/Texas/24-008749-003/2024(H5N1)	2100	2766
PA|PP755594.1|A/cattle/Texas/24-008749-003/2024(H5N1)	2101	2762
PA|PP755594.1|A/cattle/Texas/24-008749-003/2024(H5N1)	2102	2760
PA|PP755594.1|A/cattle/Texas/24-008749-003/2024(H5N1)	2103	2761
PA|PP755594.1|A/cattle/Texas/24-008749-003/2024(H5N1)	2104	2748
PA|PP755594.1|A/cattle/Texas/24-008749-003/2024(H5N1)	2105	2734
PA|PP755594.1|A/cattle/Texas/24-008749-003/2024(H5N1)	2106	2729
PA|PP755594.1|A/cattle/Texas/24-008749-003/2024(H5N1)	2107	2699
PA|PP755594.1|A/cattle/Texas/24-008749-003/2024(H5N1)	2108	2702
PA|PP755594.1|A/cattle/Texas/24-008749-003/2024(H5N1)	2109	2702
PA|PP755594.1|A/cattle/Texas/24-008749-003/2024(H5N1)	2110	2701
PA|PP755594.1|A/cattle/Texas/24-008749-003/2024(H5N1)	2111	2697
PA|PP755594.1|A/cattle/Texas/24-008749-003/2024(H5N1)	2112	2623
PA|PP755594.1|A/cattle/Texas/24-008749-003/2024(H5N1)	2113	2619
PA|PP755594.1|A/cattle/Texas/24-008749-003/2024(H5N1)	2114	2616
PA|PP755594.1|A/cattle/Texas/24-008749-003/2024(H5N1)	2115	2616
PA|PP755594.1|A/cattle/Texas/24-008749-003/2024(H5N1)	2116	2616
PA|PP755594.1|A/cattle/Texas/24-008749-003/2024(H5N1)	2117	2594
PA|PP755594.1|A/cattle/Texas/24-008749-003/2024(H5N1)	2118	2590
PA|PP755594.1|A/cattle/Texas/24-008749-003/2024(H5N1)	2119	2587
PA|PP755594.1|A/cattle/Texas/24-008749-003/2024(H5N1)	2120	2579
PA|PP755594.1|A/cattle/Texas/24-008749-003/2024(H5N1)	2121	2563
PA|PP755594.1|A/cattle/Texas/24-008749-003/2024(H5N1)	2122	2536
PA|PP755594.1|A/cattle/Texas/24-008749-003/2024(H5N1)	2123	2536
PA|PP755594.1|A/cattle/Texas/24-008749-003/2024(H5N1)	2124	2532
PA|PP755594.1|A/cattle/Texas/24-008749-003/2024(H5N1)	2125	2511
PA|PP755594.1|A/cattle/Texas/24-008749-003/2024(H5N1)	2126	2497
PA|PP755594.1|A/cattle/Texas/24-008749-003/2024(H5N1)	2127	2393
PA|PP755594.1|A/cattle/Texas/24-008749-003/2024(H5N1)	2128	2386
PA|PP755594.1|A/cattle/Texas/24-008749-003/2024(H5N1)	2129	2386
PA|PP755594.1|A/cattle/Texas/24-008749-003/2024(H5N1)	2130	2383
PA|PP755594.1|A/cattle/Texas/24-008749-003/2024(H5N1)	2131	2360
PA|PP755594.1|A/cattle/Texas/24-008749-003/2024(H5N1)	2132	2351
PA|PP755594.1|A/cattle/Texas/24-008749-003/2024(H5N1)	2133	2337
PA|PP755594.1|A/cattle/Texas/24-008749-003/2024(H5N1)	2134	2327
PA|PP755594.1|A/cattle/Texas/24-008749-003/2024(H5N1)	2135	2323
PA|PP755594.1|A/cattle/Texas/24-008749-003/2024(H5N1)	2136	2321
PA|PP755594.1|A/cattle/Texas/24-008749-003/2024(H5N1)	2137	2312
PA|PP755594.1|A/cattle/Texas/24-008749-003/2024(H5N1)	2138	2298
PA|PP755594.1|A/cattle/Texas/24-008749-003/2024(H5N1)	2139	2288
PA|PP755594.1|A/cattle/Texas/24-008749-003/2024(H5N1)	2140	2286
PA|PP755594.1|A/cattle/Texas/24-008749-003/2024(H5N1)	2141	2283
PA|PP755594.1|A/cattle/Texas/24-008749-003/2024(H5N1)	2142	2279
PA|PP755594.1|A/cattle/Texas/24-008749-003/2024(H5N1)	2143	2261
PA|PP755594.1|A/cattle/Texas/24-008749-003/2024(H5N1)	2144	2201
PA|PP755594.1|A/cattle/Texas/24-008749-003/2024(H5N1)	2145	2196
PA|PP755594.1|A/cattle/Texas/24-008749-003/2024(H5N1)	2146	2183
PA|PP755594.1|A/cattle/Texas/24-008749-003/2024(H5N1)	2147	2179
PA|PP755594.1|A/cattle/Texas/24-008749-003/2024(H5N1)	2148	2177
PA|PP755594.1|A/cattle/Texas/24-008749-003/2024(H5N1)	2149	2157
PA|PP755594.1|A/cattle/Texas/24-008749-003/2024(H5N1)	2150	2116
PA|PP755594.1|A/cattle/Texas/24-008749-003/2024(H5N1)	2151	2104
